Cherry_B_timestamp	Cherry_B_symbol	Cherry_B_timeframe	Cherry_B_close	Cherry_B_Base_FL	Cherry_B_UOEDT	Cherry_B_LOEDT	Cherry_B_horiz_high_map	Cherry_B_horiz_low_map	Cherry_B_ssa	Cherry_B_ema_ssa	Cherry_B_crossing
1777477480	XAUUSD	M15	4602.15						4603.99087050	4603.99087050	0
1777478380	XAUUSD	M15	4604.85						4603.32748336	4603.65917693	1
1777479280	XAUUSD	M15	4601.15				4607.77000		4601.66085093	4602.66001393	0
1777480180	XAUUSD	M15	4600.72						4599.54312535	4601.10156964	0
1777481080	XAUUSD	M15	4599.05						4596.84163620	4598.97160292	0
1777481980	XAUUSD	M15	4590.90						4593.60426626	4596.28793459	0
1777482880	XAUUSD	M15	4588.73						4590.30792286	4593.29792873	0
1777483780	XAUUSD	M15	4585.04						4586.97858233	4590.13825553	0
1777484680	XAUUSD	M15	4585.03						4583.71008765	4586.92417159	0
1777485580	XAUUSD	M15	4584.52						4580.45335005	4583.68876082	0
1777486480	XAUUSD	M15	4578.72						4577.25281161	4580.47078621	0
1777487380	XAUUSD	M15	4575.11						4574.38782424	4577.42930523	0
1777488280	XAUUSD	M15	4570.56						4572.02748586	4574.72839554	0
1777489180	XAUUSD	M15	4567.92						4570.30086485	4572.51463019	0
1777490080	XAUUSD	M15	4565.44						4569.17392509	4570.84427764	0
1777490980	XAUUSD	M15	4566.65						4568.51983623	4569.68205693	0
1777491880	XAUUSD	M15	4568.37						4568.08940600	4568.88573147	0
1777492780	XAUUSD	M15	4573.20						4567.64559426	4568.26566287	0
1777493680	XAUUSD	M15	4574.20						4566.98542484	4567.62554385	0
1777494580	XAUUSD	M15	4565.69						4566.12857176	4566.87705781	0
1777495480	XAUUSD	M15	4558.86						4565.37593632	4566.12649706	0
1777496380	XAUUSD	M15	4555.94						4564.99471032	4565.56060369	0
1777497280	XAUUSD	M15	4568.04						4565.12692363	4565.34376366	0
1777498180	XAUUSD	M15	4571.78						4565.58358877	4565.46367621	1
1777499080	XAUUSD	M15	4566.36						4566.25657098	4565.86012360	0
1777499980	XAUUSD	M15	4569.98						4567.10278460	4566.48145410	0
1777500880	XAUUSD	M15	4568.02						4567.81463275	4567.14804342	0
1777501780	XAUUSD	M15	4564.76						4568.10007542	4567.62405942	0
1777502680	XAUUSD	M15	4567.03						4567.64482112	4567.63444027	0
1777503580	XAUUSD	M15	4561.87						4566.10082277	4566.86763152	1
1777504480	XAUUSD	M15	4564.41						4563.27031251	4565.06897201	0
1777505380	XAUUSD	M15	4559.40						4558.96962544	4562.01929873	0
1777506280	XAUUSD	M15	4557.62						4553.41279217	4557.71604545	0
1777507180	XAUUSD	M15	4544.90						4546.95995020	4552.33799782	0
1777508080	XAUUSD	M15	4549.80						4540.44297402	4546.39048592	0
1777508980	XAUUSD	M15	4537.82						4534.31981340	4540.35514966	0
1777509880	XAUUSD	M15	4514.81						4529.49275305	4534.92395135	0
1777510780	XAUUSD	M15	4521.71					4510.28000	4527.00324313	4530.96359724	0
1777511680	XAUUSD	M15	4526.15						4526.82821548	4528.89590636	0
1777512580	XAUUSD	M15	4533.20						4528.72239923	4528.80915279	0
1777513480	XAUUSD	M15	4538.69						4532.16078432	4530.48496856	1
1777514380	XAUUSD	M15	4539.25						4536.54526502	4533.51511679	0
1777515280	XAUUSD	M15	4538.08						4541.37692913	4537.44602296	0
1777516180	XAUUSD	M15	4543.61						4546.21841618	4541.83221957	0
1777517080	XAUUSD	M15	4553.17						4550.49238379	4546.16230168	0
1777517980	XAUUSD	M15	4547.48						4553.60137489	4549.88183828	0
1777518880	XAUUSD	M15	4559.10						4555.46332019	4552.67257924	0
1777519780	XAUUSD	M15	4560.23						4555.66916189	4554.17087056	0
1777520680	XAUUSD	M15	4550.51						4554.25157108	4554.21122082	0
1777521580	XAUUSD	M15	4545.36						4551.68891343	4552.95006712	1
1777522480	XAUUSD	M15	4550.68						4548.42900640	4550.68953676	0
1777523380	XAUUSD	M15	4547.23						4544.69096749	4547.69025213	0
1777524280	XAUUSD	M15	4544.75						4540.94655111	4544.31840162	0
1777525180	XAUUSD	M15	4547.33						4537.63595667	4540.97717914	0
1777526080	XAUUSD	M15	4525.75						4535.02713615	4538.00215765	0
1777526980	XAUUSD	M15	4532.95						4533.91798979	4535.96007372	0
1777527880	XAUUSD	M15	4520.81						4534.14589880	4535.05298626	0
1777528780	XAUUSD	M15	4538.19					4518.41000	4535.83796520	4535.44547573	1
1777529680	XAUUSD	M15	4547.72						4538.16459161	4536.80503367	0
1777530580	XAUUSD	M15	4542.84						4540.44851625	4538.62677496	0
1777531480	XAUUSD	M15	4539.61						4542.47662094	4540.55169795	0
1777532380	XAUUSD	M15	4547.05						4544.12446282	4542.33808039	0
1777533280	XAUUSD	M15	4546.25						4545.14296242	4543.74052140	0
1777534180	XAUUSD	M15	4543.25						4545.65025474	4544.69538807	0
1777535080	XAUUSD	M15	4543.79						4545.93354455	4545.31446631	0
1777535980	XAUUSD	M15	4543.57						4546.20774588	4545.76110609	0
1777540480	XAUUSD	M15	4546.40						4546.68974730	4546.22542670	0
1777541380	XAUUSD	M15	4549.14						4547.45217379	4546.83880024	0
1777542280	XAUUSD	M15	4548.51						4548.49734874	4547.66807449	0
1777543180	XAUUSD	M15	4552.08						4549.87645361	4548.77226405	0
1777544080	XAUUSD	M15	4553.33						4551.51343351	4550.14284878	0
1777544980	XAUUSD	M15	4551.63						4553.40752300	4551.77518589	0
1777545880	XAUUSD	M15	4554.44						4555.65259023	4553.71388806	0
1777546780	XAUUSD	M15	4561.66						4558.22723425	4555.97056116	0
1777547680	XAUUSD	M15	4557.93						4560.98037304	4558.47546710	0
1777548580	XAUUSD	M15	4563.57						4564.02054794	4561.24800752	0
1777549480	XAUUSD	M15	4567.11						4567.15697221	4564.20248987	0
1777550380	XAUUSD	M15	4569.83						4570.17556043	4567.18902515	0
1777551280	XAUUSD	M15	4568.52						4572.84908679	4570.01905597	0
1777552180	XAUUSD	M15	4579.79						4575.03200548	4572.52553072	0
1777553080	XAUUSD	M15	4576.31						4576.24986287	4574.38769679	0
1777553980	XAUUSD	M15	4579.13				4582.32000		4576.46892128	4575.42830904	0
1777554880	XAUUSD	M15	4579.74						4575.57471484	4575.50151194	0
1777555780	XAUUSD	M15	4573.13						4573.60931424	4574.55541309	1
1777556680	XAUUSD	M15	4562.53						4570.88276197	4572.71908753	0
1777557580	XAUUSD	M15	4565.02						4567.84144209	4570.28026481	0
1777558480	XAUUSD	M15	4564.98						4564.54105454	4567.41065968	0
1777559380	XAUUSD	M15	4563.32						4561.09241087	4564.25153527	0
1777560280	XAUUSD	M15	4561.66						4557.64580165	4560.94866846	0
1777561180	XAUUSD	M15	4556.09						4554.39210909	4557.67038878	0
1777562080	XAUUSD	M15	4555.41						4551.66406075	4554.66722477	0
1777562980	XAUUSD	M15	4547.28						4549.68111227	4552.17416852	0
1777563880	XAUUSD	M15	4544.74					4540.82000	4548.83576495	4550.50496673	0
1777564780	XAUUSD	M15	4541.91						4549.30557927	4549.90527300	0
1777565680	XAUUSD	M15	4553.22						4551.18296987	4550.54412144	1
1777566580	XAUUSD	M15	4555.73						4554.09874777	4552.32143460	0
1777567480	XAUUSD	M15	4564.04						4557.87998759	4555.10071109	0
1777568380	XAUUSD	M15	4562.71						4562.21891304	4558.65981207	0
1777569280	XAUUSD	M15	4566.21						4567.11134405	4562.88557806	0
1777570180	XAUUSD	M15	4569.57						4572.46263260	4567.67410533	0
1777571080	XAUUSD	M15	4575.23						4578.19004125	4572.93207329	0
1777571980	XAUUSD	M15	4589.44						4584.11644412	4578.52425870	0
1777572880	XAUUSD	M15	4591.59						4589.81991860	4584.17208865	0
1777573780	XAUUSD	M15	4591.59						4595.20673936	4589.68941401	0
1777574680	XAUUSD	M15	4596.69						4600.26607674	4594.97774537	0
1777575580	XAUUSD	M15	4598.44						4604.88404163	4599.93089350	0
1777576480	XAUUSD	M15	4618.70						4609.06706472	4604.49897911	0
1777577380	XAUUSD	M15	4617.35						4612.40261596	4608.45079754	0
1777578280	XAUUSD	M15	4614.82						4615.14445611	4611.79762682	0
1777579180	XAUUSD	M15	4616.00						4617.64745396	4614.72254039	0
1777580080	XAUUSD	M15	4618.96						4620.15669963	4617.43962001	0
1777580980	XAUUSD	M15	4625.41						4622.79960712	4620.11961356	0
1777581880	XAUUSD	M15	4619.35						4625.50460809	4622.81211083	0
1777582780	XAUUSD	M15	4624.91						4628.41164165	4625.61187624	0
1777583680	XAUUSD	M15	4626.92						4631.24536736	4628.42862180	0
1777584580	XAUUSD	M15	4643.78						4633.76630555	4631.09746368	0
1777585480	XAUUSD	M15	4636.62				4647.10000		4635.36936415	4633.23341391	0
1777586380	XAUUSD	M15	4639.68						4636.19858684	4634.71600038	0
1777587280	XAUUSD	M15	4635.99						4636.25900911	4635.48750474	0
1777588180	XAUUSD	M15	4637.70						4635.83059091	4635.65904783	0
1777589080	XAUUSD	M15	4629.82						4635.09313628	4635.37609205	1
1777589980	XAUUSD	M15	4630.21						4634.44605844	4634.91107524	0
1777590880	XAUUSD	M15	4635.81						4633.96350708	4634.43729116	0
1777591780	XAUUSD	M15	4630.51						4633.44621789	4633.94175453	0
1777592680	XAUUSD	M15	4625.92						4632.89122350	4633.41648902	0
1777593580	XAUUSD	M15	4639.57						4632.22618523	4632.82133712	0
1777594480	XAUUSD	M15	4641.50						4630.92583427	4631.87358570	0
1777595380	XAUUSD	M15	4633.50						4628.89400259	4630.38379415	0
1777596280	XAUUSD	M15	4625.44						4626.45571505	4628.41975460	0
1777597180	XAUUSD	M15	4610.99						4624.03267864	4626.22621662	0
1777598080	XAUUSD	M15	4620.39						4622.20196249	4624.21408955	0
1777598980	XAUUSD	M15	4622.81						4620.80082612	4622.50745784	0
1777599880	XAUUSD	M15	4617.70						4619.72100890	4621.11423337	0
1777600780	XAUUSD	M15	4619.59						4618.95240639	4620.03331988	0
1777601680	XAUUSD	M15	4620.13						4618.22589451	4619.12960719	0
1777602580	XAUUSD	M15	4623.09						4617.30059797	4618.21510258	0
1777603480	XAUUSD	M15	4615.65						4615.96369845	4617.08940052	0
1777604380	XAUUSD	M15	4615.35						4614.41757216	4615.75348634	0
1777605280	XAUUSD	M15	4611.63						4612.82759481	4614.29054057	0
1777606180	XAUUSD	M15	4608.08						4611.54865750	4612.91959903	0
1777607080	XAUUSD	M15	4609.12						4610.95019916	4611.93489910	0
1777607980	XAUUSD	M15	4607.62					4605.56000	4611.21113062	4611.57301486	0
1777608880	XAUUSD	M15	4615.95						4612.43841099	4612.00571292	1
1777609780	XAUUSD	M15	4618.00						4614.31068207	4613.15819750	0
1777610680	XAUUSD	M15	4617.86						4616.52822911	4614.84321330	0
1777611580	XAUUSD	M15	4616.86						4618.76791517	4616.80556423	0
1777612480	XAUUSD	M15	4620.57						4620.71788985	4618.76172704	0
1777613380	XAUUSD	M15	4620.79						4622.01057723	4620.38615214	0
1777614280	XAUUSD	M15	4620.70						4622.49288726	4621.43951970	0
1777615180	XAUUSD	M15	4622.48						4622.17741626	4621.80846798	0
1777616080	XAUUSD	M15	4624.33						4621.18075559	4621.49461178	1
1777616980	XAUUSD	M15	4617.77						4619.75904076	4620.62682627	0
1777617880	XAUUSD	M15	4622.49						4618.46881179	4619.54781903	0
1777618780	XAUUSD	M15	4617.07						4617.57427000	4618.56104452	0
1777619680	XAUUSD	M15	4616.16						4617.53445398	4618.04774925	0
1777620580	XAUUSD	M15	4616.72						4618.53757167	4618.29266046	1
1777621480	XAUUSD	M15	4617.33						4620.53738784	4619.41502415	0
1777622380	XAUUSD	M15	4621.81						4623.30498420	4621.36000417	0
1777626880	XAUUSD	M15	4631.38						4626.37585593	4623.86793005	0
1777627780	XAUUSD	M15	4631.38						4629.09730362	4626.48261683	0
1777628680	XAUUSD	M15	4631.75						4631.11271145	4628.79766414	0
1777629580	XAUUSD	M15	4630.51						4632.15785483	4630.47775949	0
1777630480	XAUUSD	M15	4630.26						4632.15840692	4631.31808320	0
1777631380	XAUUSD	M15	4630.75						4631.16039096	4631.23923708	1
1777632280	XAUUSD	M15	4631.31						4629.31641324	4630.27782516	0
1777633180	XAUUSD	M15	4626.71						4626.88260958	4628.58021737	0
1777634080	XAUUSD	M15	4622.55						4624.31410649	4626.44716193	0
1777634980	XAUUSD	M15	4623.65						4622.05593730	4624.25154962	0
1777635880	XAUUSD	M15	4620.90						4620.34407175	4622.29781068	0
1777636780	XAUUSD	M15	4620.02						4619.40906323	4620.85343695	0
1777637680	XAUUSD	M15	4618.70						4619.30067551	4620.07705623	0
1777638580	XAUUSD	M15	4616.68						4619.94436174	4620.01070898	0
1777639480	XAUUSD	M15	4620.20						4621.18196628	4620.59633763	1
1777640380	XAUUSD	M15	4621.05						4622.65420873	4621.62527318	0
1777641280	XAUUSD	M15	4630.89						4624.07933582	4622.85230450	0
1777642180	XAUUSD	M15	4629.39				4635.83000		4625.00608579	4623.92919515	0
1777643080	XAUUSD	M15	4624.38						4625.39284625	4624.66102070	0
1777643980	XAUUSD	M15	4619.15						4625.38213134	4625.02157602	0
1777644880	XAUUSD	M15	4620.85						4625.15425732	4625.08791667	0
1777645780	XAUUSD	M15	4626.13						4624.68653570	4624.88722619	1
1777646680	XAUUSD	M15	4626.21						4623.82886950	4624.35804784	0
1777647580	XAUUSD	M15	4626.67						4622.55498832	4623.45651808	0
1777648480	XAUUSD	M15	4621.93						4620.83451990	4622.14551899	0
1777649380	XAUUSD	M15	4617.53						4618.79284597	4620.46918248	0
1777650280	XAUUSD	M15	4613.51						4616.56816048	4618.51867148	0
1777651180	XAUUSD	M15	4609.18						4614.28776313	4616.40321731	0
1777652080	XAUUSD	M15	4614.29						4612.05983020	4614.23152375	0
1777652980	XAUUSD	M15	4614.64						4609.72836062	4611.97994219	0
1777653880	XAUUSD	M15	4610.00						4607.25431749	4609.61712984	0
1777654780	XAUUSD	M15	4605.03						4604.72325132	4607.17019058	0
1777655680	XAUUSD	M15	4601.49						4602.20304443	4604.68661750	0
1777656580	XAUUSD	M15	4593.44						4599.66237772	4602.17449761	0
1777657480	XAUUSD	M15	4593.36						4597.13287426	4599.65368594	0
1777658380	XAUUSD	M15	4594.77						4594.40003012	4597.02685803	0
1777659280	XAUUSD	M15	4595.97						4591.25741069	4594.14213436	0
1777660180	XAUUSD	M15	4592.32						4587.60712506	4590.87462971	0
1777661080	XAUUSD	M15	4585.41						4583.59974911	4587.23718941	0
1777661980	XAUUSD	M15	4578.16						4579.55808039	4583.39763490	0
1777662880	XAUUSD	M15	4574.06						4575.83933845	4579.61848667	0
1777663780	XAUUSD	M15	4567.37						4572.67857698	4576.14853183	0
1777664680	XAUUSD	M15	4571.29						4570.29583083	4573.22218133	0
1777665580	XAUUSD	M15	4568.51						4568.54188956	4570.88203545	0
1777666480	XAUUSD	M15	4565.87						4567.38755333	4569.13479439	0
1777667380	XAUUSD	M15	4569.29						4566.77656713	4567.95568076	0
1777668280	XAUUSD	M15	4570.62						4566.50573368	4567.23070722	0
1777669180	XAUUSD	M15	4563.12					4560.44000	4566.47934395	4566.85502558	0
1777670080	XAUUSD	M15	4566.78						4566.89964843	4566.87733700	1
1777670980	XAUUSD	M15	4572.18						4567.69585303	4567.28659502	0
1777671880	XAUUSD	M15	4570.49						4568.74791528	4568.01725515	0
1777672780	XAUUSD	M15	4566.67						4570.12509084	4569.07117299	0
1777673680	XAUUSD	M15	4565.94						4571.93382661	4570.50249980	0
1777674580	XAUUSD	M15	4572.03						4574.18457384	4572.34353682	0
1777675480	XAUUSD	M15	4575.75						4576.71073178	4574.52713430	0
1777676380	XAUUSD	M15	4578.84						4579.46552295	4576.99632862	0
1777677280	XAUUSD	M15	4584.86						4582.50737991	4579.75185427	0
1777678180	XAUUSD	M15	4602.95						4585.91843780	4582.83514604	0
1777679080	XAUUSD	M15	4591.95						4589.54972389	4586.19243496	0
1777679980	XAUUSD	M15	4591.18						4594.05740125	4590.12491811	0
1777680880	XAUUSD	M15	4591.32						4599.74404853	4594.93448332	0
1777681780	XAUUSD	M15	4589.20						4606.67321567	4600.80384950	0
1777682680	XAUUSD	M15	4608.07						4614.69181388	4607.74783169	0
1777683580	XAUUSD	M15	4625.70						4622.84528326	4615.29655747	0
1777684480	XAUUSD	M15	4656.06						4630.12434270	4622.71045009	0
1777685380	XAUUSD	M15	4644.67				4660.32000		4635.31613453	4629.01329231	0
1777686280	XAUUSD	M15	4633.23						4638.62549480	4633.81939355	0
1777687180	XAUUSD	M15	4632.21						4640.55478520	4637.18708938	0
1777688080	XAUUSD	M15	4636.58						4641.49566412	4639.34137675	0
1777688980	XAUUSD	M15	4636.46						4641.73357979	4640.53747827	0
1777689880	XAUUSD	M15	4643.60						4641.60620793	4641.07184310	0
1777690780	XAUUSD	M15	4643.30						4641.13528445	4641.10356377	0
1777691680	XAUUSD	M15	4642.75						4640.41276296	4640.75816337	1
1777692580	XAUUSD	M15	4637.96						4639.43467920	4640.09642128	0
1777693480	XAUUSD	M15	4638.86						4638.24781255	4639.17211692	0
1777694380	XAUUSD	M15	4638.72						4636.73967661	4637.95589676	0
1777695280	XAUUSD	M15	4639.73						4634.85586399	4636.40588038	0
1777696180	XAUUSD	M15	4631.67						4632.57836789	4634.49212413	0
1777697080	XAUUSD	M15	4628.00						4630.19437190	4632.34324801	0
1777697980	XAUUSD	M15	4629.43						4627.89734203	4630.12029502	0
1777698880	XAUUSD	M15	4615.72						4625.72873596	4627.92451549	0
1777699780	XAUUSD	M15	4623.48						4624.05241716	4625.98846633	0
1777700680	XAUUSD	M15	4622.32						4622.56612126	4624.27729379	0
1777701580	XAUUSD	M15	4624.35						4621.14278263	4622.71003821	0
1777702480	XAUUSD	M15	4626.30						4619.59314389	4621.15159105	0
1777703380	XAUUSD	M15	4624.40						4617.82790660	4619.48974882	0
1777704280	XAUUSD	M15	4611.78						4615.98382168	4617.73678525	0
1777705180	XAUUSD	M15	4610.06						4614.59495106	4616.16586816	0
1777706080	XAUUSD	M15	4611.41						4613.92598203	4615.04592509	0
1777706980	XAUUSD	M15	4613.30						4614.09354388	4614.56973448	0
1777707880	XAUUSD	M15	4613.77						4615.05596515	4614.81284982	1
1777708780	XAUUSD	M15	4613.98						4616.63799055	4615.72542018	0
1777886080	XAUUSD	M15	4623.11						4618.51677253	4617.12109636	0
1777886980	XAUUSD	M15	4620.91						4620.04430530	4618.58270083	0
1777887880	XAUUSD	M15	4628.20						4620.90525343	4619.74397713	0
1777888780	XAUUSD	M15	4618.95						4620.67191058	4620.20794385	0
1777889680	XAUUSD	M15	4615.08						4619.55524601	4619.88159493	1
1777890580	XAUUSD	M15	4617.09						4617.77859110	4618.83009302	0
1777891480	XAUUSD	M15	4613.63						4615.49071806	4617.16040554	0
1777892380	XAUUSD	M15	4613.86						4613.00751475	4615.08396014	0
1777893280	XAUUSD	M15	4612.30						4610.52691511	4612.80543763	0
1777894180	XAUUSD	M15	4606.13						4608.23389407	4610.51966585	0
1777895080	XAUUSD	M15	4605.86						4606.36831734	4608.44399159	0
1777895980	XAUUSD	M15	4613.01						4604.93225407	4606.68812283	0
1777896880	XAUUSD	M15	4600.58						4603.68672145	4605.18742214	0
1777897780	XAUUSD	M15	4594.65						4602.90601009	4604.04671611	0
1777898680	XAUUSD	M15	4601.59						4602.70051855	4603.37361733	0
1777899580	XAUUSD	M15	4613.14						4602.83850621	4603.10606177	0
1777900480	XAUUSD	M15	4608.34						4603.01449139	4603.06027658	0
1777901380	XAUUSD	M15	4593.09						4603.41255526	4603.23641592	1
1777902280	XAUUSD	M15	4603.32						4604.48830242	4603.86235917	0
1777903180	XAUUSD	M15	4605.77						4605.95105384	4604.90670651	0
1777904080	XAUUSD	M15	4610.07						4607.58620609	4606.24645630	0
1777904980	XAUUSD	M15	4610.27						4609.05281171	4607.64963401	0
1777905880	XAUUSD	M15	4605.07						4610.09817430	4608.87390415	0
1777906780	XAUUSD	M15	4615.09						4610.65406770	4609.76398593	0
1777907680	XAUUSD	M15	4611.19						4610.34450711	4610.05424652	0
1777908580	XAUUSD	M15	4608.12						4609.29045019	4609.67234835	1
1777909480	XAUUSD	M15	4609.32						4607.68507520	4608.67871178	0
1777910380	XAUUSD	M15	4606.00						4605.65523921	4607.16697549	0
1777911280	XAUUSD	M15	4603.74						4603.44348207	4605.30522878	0
1777912180	XAUUSD	M15	4596.32						4601.21930086	4603.26226482	0
1777913080	XAUUSD	M15	4598.85						4599.20369069	4601.23297776	0
1777913980	XAUUSD	M15	4599.12						4597.26065686	4599.24681731	0
1777914880	XAUUSD	M15	4597.44						4595.26735057	4597.25708394	0
1777915780	XAUUSD	M15	4594.08						4593.15244481	4595.20476438	0
1777916680	XAUUSD	M15	4585.46						4590.94919581	4593.07698009	0
1777917580	XAUUSD	M15	4588.54						4588.88777407	4590.98237708	0
1777918480	XAUUSD	M15	4592.16						4586.92869183	4588.95553446	0
1777919380	XAUUSD	M15	4585.82						4585.05853815	4587.00703631	0
1777920280	XAUUSD	M15	4587.99						4583.54010974	4585.27357302	0
1777921180	XAUUSD	M15	4579.06						4582.36362493	4583.81859898	0
1777922080	XAUUSD	M15	4580.25						4581.69948438	4582.75904168	0
1777922980	XAUUSD	M15	4575.07						4581.29071420	4582.02487794	0
1777923880	XAUUSD	M15	4578.09						4580.91067185	4581.46777489	0
1777924780	XAUUSD	M15	4577.11						4580.05027331	4580.75902410	0
1777925680	XAUUSD	M15	4584.21						4578.33613375	4579.54757892	0
1777926580	XAUUSD	M15	4581.15						4575.35971535	4577.45364714	0
1777927480	XAUUSD	M15	4581.26						4571.27100190	4574.36232452	0
1777928380	XAUUSD	M15	4575.47						4566.43822733	4570.40027592	0
1777929280	XAUUSD	M15	4541.79						4561.60018393	4566.00022993	0
1777930180	XAUUSD	M15	4545.00					4526.40000	4558.23902509	4562.11962751	0
1777931080	XAUUSD	M15	4558.64						4556.64749978	4559.38356365	0
1777931980	XAUUSD	M15	4562.67						4556.51585577	4557.94970971	0
1777932880	XAUUSD	M15	4565.34						4557.50702254	4557.72836612	0
1777933780	XAUUSD	M15	4562.26						4559.13782770	4558.43309691	1
1777934680	XAUUSD	M15	4553.65						4561.00947530	4559.72128611	0
1777935580	XAUUSD	M15	4559.94						4562.92883206	4561.32505908	0
1777936480	XAUUSD	M15	4563.67						4564.44717258	4562.88611583	0
1777937380	XAUUSD	M15	4568.68						4565.38749547	4564.13680565	0
1777938280	XAUUSD	M15	4570.10						4565.75919546	4564.94800055	0
1777939180	XAUUSD	M15	4568.79						4565.81971924	4565.38385990	0
1777940080	XAUUSD	M15	4565.98						4565.92698226	4565.65542108	0
1777940980	XAUUSD	M15	4561.09						4566.35028213	4566.00285161	0
1777941880	XAUUSD	M15	4565.51						4567.15140018	4566.57712589	0
1777942780	XAUUSD	M15	4563.85						4567.84861034	4567.21286811	0
1777943680	XAUUSD	M15	4560.18						4567.88587700	4567.54937256	0
1777944580	XAUUSD	M15	4571.20						4566.66508869	4567.10723062	1
1777945480	XAUUSD	M15	4574.38				4583.16000		4563.29981990	4565.20352526	0
1777946380	XAUUSD	M15	4561.26						4557.43181991	4561.31767259	0
1777947280	XAUUSD	M15	4548.46						4549.58329485	4555.45048372	0
1777948180	XAUUSD	M15	4537.95						4540.67202229	4548.06125300	0
1777949080	XAUUSD	M15	4535.10						4531.79937863	4539.93031582	0
1777949980	XAUUSD	M15	4521.33						4523.89068377	4531.91049979	0
1777950880	XAUUSD	M15	4509.88					4500.86000	4517.99132224	4524.95091101	0
1777951780	XAUUSD	M15	4515.03						4514.71538937	4519.83315019	0
1777952680	XAUUSD	M15	4512.59						4513.79284625	4516.81299822	0
1777953580	XAUUSD	M15	4510.69						4514.76124915	4515.78712369	0
1777954480	XAUUSD	M15	4522.39						4516.91131756	4516.34922062	1
1777955380	XAUUSD	M15	4524.38						4519.12703644	4517.73812853	0
1777956280	XAUUSD	M15	4526.10						4520.70269042	4519.22040947	0
1777957180	XAUUSD	M15	4522.35						4521.23636929	4520.22838938	0
1777958080	XAUUSD	M15	4520.01						4520.77747325	4520.50293132	0
1777958980	XAUUSD	M15	4511.95						4519.60903431	4520.05598281	1
1777959880	XAUUSD	M15	4511.86						4518.32306666	4519.18952474	0
1777960780	XAUUSD	M15	4516.40						4517.30336671	4518.24644573	0
1777961680	XAUUSD	M15	4519.05						4516.70842431	4517.47743502	0
1777962580	XAUUSD	M15	4522.42						4516.59351975	4517.03547738	0
1777963480	XAUUSD	M15	4521.16						4516.84570097	4516.94058918	0
1777964380	XAUUSD	M15	4517.46						4517.37936502	4517.15997710	1
1777965280	XAUUSD	M15	4514.74						4518.12447350	4517.64222530	0
1777966180	XAUUSD	M15	4515.21						4518.97484567	4518.30853548	0
1777967080	XAUUSD	M15	4518.75						4519.76091051	4519.03472300	0
1777967980	XAUUSD	M15	4523.84						4520.27811526	4519.65641913	0
1777972480	XAUUSD	M15	4521.10						4520.35802414	4520.00722163	0
1777973380	XAUUSD	M15	4519.66						4520.12314343	4520.06518253	0
1777974280	XAUUSD	M15	4519.02						4519.72794095	4519.89656174	1
1777975180	XAUUSD	M15	4517.52						4519.33285852	4519.61471013	0
1777976080	XAUUSD	M15	4520.44						4519.11901342	4519.36686177	0
1777976980	XAUUSD	M15	4521.13						4519.14062174	4519.25374175	0
1777977880	XAUUSD	M15	4518.52						4519.50789108	4519.38081642	1
1777978780	XAUUSD	M15	4519.04						4520.40500673	4519.89291157	0
1777979680	XAUUSD	M15	4527.77						4521.91217489	4520.90254323	0
1777980580	XAUUSD	M15	4517.12						4523.85905793	4522.38080058	0
1777981480	XAUUSD	M15	4523.87						4526.54456448	4524.46268253	0
1777982380	XAUUSD	M15	4530.12						4529.71918471	4527.09093362	0
1777983280	XAUUSD	M15	4538.86						4533.05504747	4530.07299054	0
1777984180	XAUUSD	M15	4537.80						4536.12334568	4533.09816811	0
1777985080	XAUUSD	M15	4536.92						4538.75428931	4535.92622871	0
1777985980	XAUUSD	M15	4541.02						4540.80352515	4538.36487693	0
1777986880	XAUUSD	M15	4538.55						4542.05213248	4540.20850470	0
1777987780	XAUUSD	M15	4541.49						4542.52045201	4541.36447836	0
1777988680	XAUUSD	M15	4544.58						4542.16017377	4541.76232606	0
1777989580	XAUUSD	M15	4539.17						4540.99945468	4541.38089037	1
1777990480	XAUUSD	M15	4542.12						4539.36556807	4540.37322922	0
1777991380	XAUUSD	M15	4538.07						4537.41536592	4538.89429757	0
1777992280	XAUUSD	M15	4535.98						4535.51597977	4537.20513867	0
1777993180	XAUUSD	M15	4534.67						4533.97357331	4535.58935599	0
1777994080	XAUUSD	M15	4532.97						4533.03346034	4534.31140817	0
1777994980	XAUUSD	M15	4529.71						4532.88077840	4533.59609329	0
1777995880	XAUUSD	M15	4531.71						4533.64540017	4533.62074673	1
1777996780	XAUUSD	M15	4533.58						4535.19933990	4534.41004331	0
1777997680	XAUUSD	M15	4540.20						4537.30936738	4535.85970535	0
1777998580	XAUUSD	M15	4540.11						4539.56814197	4537.71392366	0
1777999480	XAUUSD	M15	4545.86						4541.75093190	4539.73242778	0
1778000380	XAUUSD	M15	4545.73						4543.53482635	4541.63362707	0
1778001280	XAUUSD	M15	4543.66						4544.84932478	4543.24147592	0
1778002180	XAUUSD	M15	4536.86						4545.78227288	4544.51187440	0
1778003080	XAUUSD	M15	4546.17						4546.61816589	4545.56502014	0
1778003980	XAUUSD	M15	4548.12						4547.25393625	4546.40947820	0
1778004880	XAUUSD	M15	4554.04						4547.79829653	4547.10388736	0
1778005780	XAUUSD	M15	4548.94						4548.27298168	4547.68843452	0
1778006680	XAUUSD	M15	4551.29						4548.97349570	4548.33096511	0
1778007580	XAUUSD	M15	4545.57						4549.93441794	4549.13269152	0
1778008480	XAUUSD	M15	4551.12						4551.29995136	4550.21632144	0
1778009380	XAUUSD	M15	4551.48						4552.78854094	4551.50243119	0
1778010280	XAUUSD	M15	4550.32						4554.16666966	4552.83455043	0
1778011180	XAUUSD	M15	4558.34						4555.20883220	4554.02169131	0
1778012080	XAUUSD	M15	4557.61						4555.49599063	4554.75884097	0
1778012980	XAUUSD	M15	4552.30						4554.96460328	4554.86172212	0
1778013880	XAUUSD	M15	4555.50						4553.83258232	4554.34715222	1
1778014780	XAUUSD	M15	4556.21						4552.25529543	4553.30122383	0
1778015680	XAUUSD	M15	4553.01						4550.57602645	4551.93862514	0
1778016580	XAUUSD	M15	4547.92						4549.30359634	4550.62111074	0
1778017480	XAUUSD	M15	4545.13						4548.96200542	4549.79155808	0
1778018380	XAUUSD	M15	4543.73						4549.86711287	4549.82933547	1
1778019280	XAUUSD	M15	4552.62					4540.00000	4552.08927074	4550.95930311	0
1778020180	XAUUSD	M15	4556.17						4555.21437609	4553.08683960	0
1778021080	XAUUSD	M15	4563.32						4558.82758753	4555.95721356	0
1778021980	XAUUSD	M15	4562.60						4562.38921168	4559.17321262	0
1778022880	XAUUSD	M15	4565.00						4565.63503950	4562.40412606	0
1778023780	XAUUSD	M15	4573.81						4568.35113740	4565.37763173	0
1778024680	XAUUSD	M15	4567.11						4570.32738647	4567.85250910	0
1778025580	XAUUSD	M15	4564.68						4571.92491924	4569.88871417	0
1778026480	XAUUSD	M15	4578.78						4573.47536498	4571.68203958	0
1778027380	XAUUSD	M15	4576.85						4574.86939968	4573.27571963	0
1778028280	XAUUSD	M15	4574.12						4576.35455194	4574.81513578	0
1778029180	XAUUSD	M15	4579.40						4578.07099953	4576.44306766	0
1778030080	XAUUSD	M15	4573.57						4579.76764389	4578.10535578	0
1778030980	XAUUSD	M15	4584.37				4586.56000		4581.31767595	4579.71151586	0
1778031880	XAUUSD	M15	4582.96						4582.06200625	4580.88676106	0
1778032780	XAUUSD	M15	4582.46						4581.69934567	4581.29305336	0
1778033680	XAUUSD	M15	4580.89						4580.06678916	4580.67992126	1
1778034580	XAUUSD	M15	4578.99						4577.23137828	4578.95564977	0
1778035480	XAUUSD	M15	4572.95						4573.47288759	4576.21426868	0
1778036380	XAUUSD	M15	4568.49						4569.32999229	4572.77213048	0
1778037280	XAUUSD	M15	4566.28						4565.34586081	4569.05899565	0
1778038180	XAUUSD	M15	4559.70						4561.95194453	4565.50547009	0
1778039080	XAUUSD	M15	4556.78						4559.56211798	4562.53379403	0
1778039980	XAUUSD	M15	4561.35						4558.32243550	4560.42811477	0
1778040880	XAUUSD	M15	4556.20						4557.99906359	4559.21358918	0
1778041780	XAUUSD	M15	4558.57						4558.48504045	4558.84931481	0
1778042680	XAUUSD	M15	4560.43						4559.40731854	4559.12831668	1
1778043580	XAUUSD	M15	4559.93						4560.40442954	4559.76637311	0
1778044480	XAUUSD	M15	4564.29						4561.23608135	4560.50122723	0
1778045380	XAUUSD	M15	4562.18						4561.61391955	4561.05757339	0
1778046280	XAUUSD	M15	4561.56						4561.51047657	4561.28402498	0
1778047180	XAUUSD	M15	4561.04						4560.93050923	4561.10726710	1
1778048080	XAUUSD	M15	4557.24						4559.93477381	4560.52102046	0
1778048980	XAUUSD	M15	4556.32						4558.69572435	4559.60837240	0
1778049880	XAUUSD	M15	4555.64						4557.32509554	4558.46673397	0
1778050780	XAUUSD	M15	4554.64						4555.92689228	4557.19681313	0
1778051680	XAUUSD	M15	4557.01						4554.63516542	4555.91598928	0
1778052580	XAUUSD	M15	4559.18						4553.55694901	4554.73646914	0
1778053480	XAUUSD	M15	4555.63						4552.87456411	4553.80551662	0
1778054380	XAUUSD	M15	4557.58						4552.98236088	4553.39393875	0
1778058880	XAUUSD	M15	4550.67						4554.15720281	4553.77557078	1
1778059780	XAUUSD	M15	4546.68						4556.84932060	4555.31244569	0
1778060680	XAUUSD	M15	4548.82					4546.31000	4561.27282010	4558.29263289	0
1778061580	XAUUSD	M15	4573.43						4567.27571072	4562.78417181	0
1778062480	XAUUSD	M15	4588.62						4573.93665324	4568.36041252	0
1778063380	XAUUSD	M15	4582.10						4580.55696308	4574.45868780	0
1778064280	XAUUSD	M15	4584.84						4587.08503759	4580.77186269	0
1778065180	XAUUSD	M15	4593.92						4593.32928731	4587.05057500	0
1778066080	XAUUSD	M15	4591.76						4599.02520616	4593.03789058	0
1778066980	XAUUSD	M15	4602.23						4604.30446944	4598.67118001	0
1778067880	XAUUSD	M15	4610.32						4609.03369611	4603.85243806	0
1778068780	XAUUSD	M15	4618.87						4613.20529393	4608.52886599	0
1778069680	XAUUSD	M15	4611.55						4616.85906697	4612.69396648	0
1778070580	XAUUSD	M15	4625.00						4620.46681654	4616.58039151	0
1778071480	XAUUSD	M15	4624.12						4623.90457898	4620.24248525	0
1778072380	XAUUSD	M15	4626.18						4627.37478174	4623.80863349	0
1778073280	XAUUSD	M15	4633.69						4630.92116358	4627.36489854	0
1778074180	XAUUSD	M15	4630.22						4634.36555382	4630.86522618	0
1778075080	XAUUSD	M15	4635.01						4637.75696593	4634.31109605	0
1778075980	XAUUSD	M15	4640.94						4640.88189974	4637.59649790	0
1778076880	XAUUSD	M15	4647.89						4643.49485811	4640.54567800	0
1778077780	XAUUSD	M15	4645.81						4645.37597393	4642.96082597	0
1778078680	XAUUSD	M15	4647.74						4646.64449960	4644.80266278	0
1778079580	XAUUSD	M15	4643.84						4647.41549300	4646.10907789	0
1778080480	XAUUSD	M15	4647.59						4648.02786741	4647.06847265	0
1778081380	XAUUSD	M15	4653.19						4648.62900606	4647.84873936	0
1778082280	XAUUSD	M15	4647.47						4649.29532867	4648.57203401	0
1778083180	XAUUSD	M15	4648.72						4650.35427724	4649.46315563	0
1778084080	XAUUSD	M15	4654.64						4651.85495376	4650.65905469	0
1778084980	XAUUSD	M15	4650.40						4653.63525237	4652.14715353	0
1778085880	XAUUSD	M15	4650.19						4655.74351199	4653.94533276	0
1778086780	XAUUSD	M15	4663.20						4658.08633269	4656.01583273	0
1778087680	XAUUSD	M15	4660.55						4660.22136176	4658.11859724	0
1778088580	XAUUSD	M15	4666.15						4662.17927278	4660.14893501	0
1778089480	XAUUSD	M15	4664.33						4663.87228145	4662.01060823	0
1778090380	XAUUSD	M15	4669.38						4665.50725734	4663.75893278	0
1778091280	XAUUSD	M15	4658.43						4667.18100986	4665.46997132	0
1778092180	XAUUSD	M15	4667.50						4669.39256364	4667.43126748	0
1778093080	XAUUSD	M15	4670.18						4672.04025022	4669.73575885	0
1778093980	XAUUSD	M15	4681.72						4675.10196688	4672.41886287	0
1778094880	XAUUSD	M15	4679.57						4678.26179534	4675.34032911	0
1778095780	XAUUSD	M15	4677.00						4681.57231746	4678.45632328	0
1778096680	XAUUSD	M15	4677.27						4685.12823848	4681.79228088	0
1778097580	XAUUSD	M15	4700.09						4688.97469087	4685.38348588	0
1778098480	XAUUSD	M15	4695.69						4692.57841609	4688.98095098	0
1778099380	XAUUSD	M15	4700.12						4696.17087698	4692.57591398	0
1778100280	XAUUSD	M15	4696.04						4699.73464054	4696.15527726	0
1778101180	XAUUSD	M15	4701.75						4703.36772480	4699.76150103	0
1778102080	XAUUSD	M15	4698.20						4706.74262260	4703.25206181	0
1778102980	XAUUSD	M15	4704.64						4709.58920071	4706.42063126	0
1778103880	XAUUSD	M15	4714.15						4711.24493185	4708.83278156	0
1778104780	XAUUSD	M15	4718.25				4722.76000		4710.98415566	4709.90846861	0
1778105680	XAUUSD	M15	4711.97						4708.43558764	4709.17202812	1
1778106580	XAUUSD	M15	4705.60						4703.84860270	4706.51031541	0
1778107480	XAUUSD	M15	4699.65						4697.85320118	4702.18175830	0
1778108380	XAUUSD	M15	4692.11						4691.36568625	4696.77372227	0
1778109280	XAUUSD	M15	4672.94						4685.50788398	4691.14080313	0
1778110180	XAUUSD	M15	4683.36					4660.71000	4681.65999782	4686.40040047	0
1778111080	XAUUSD	M15	4682.83						4680.15094327	4683.27567187	0
1778111980	XAUUSD	M15	4683.36						4681.20526116	4682.24046652	0
1778112880	XAUUSD	M15	4683.63						4684.60606395	4683.42326523	1
1778113780	XAUUSD	M15	4685.16						4689.75188757	4686.58757640	0
1778114680	XAUUSD	M15	4695.33						4695.72756464	4691.15757052	0
1778115580	XAUUSD	M15	4702.21						4701.29643777	4696.22700414	0
1778116480	XAUUSD	M15	4711.04						4705.43265956	4700.82983185	0
1778117380	XAUUSD	M15	4705.66						4707.36915587	4704.09949386	0
1778118280	XAUUSD	M15	4713.40						4707.11915406	4705.60932396	0
1778119180	XAUUSD	M15	4703.14						4704.73761760	4705.17347078	1
1778120080	XAUUSD	M15	4696.47						4701.03508201	4703.10427640	0
1778120980	XAUUSD	M15	4695.45						4696.84340872	4699.97384256	0
1778121880	XAUUSD	M15	4692.77						4692.77738623	4696.37561440	0
1778122780	XAUUSD	M15	4687.96						4689.31957563	4692.84759501	0
1778123680	XAUUSD	M15	4683.69						4686.77691545	4689.81225523	0
1778124580	XAUUSD	M15	4688.15						4685.21004510	4687.51115017	0
1778125480	XAUUSD	M15	4688.73						4684.28834425	4685.89974721	0
1778126380	XAUUSD	M15	4683.10						4683.74842126	4684.82408424	0
1778127280	XAUUSD	M15	4685.62						4683.55378830	4684.18893627	0
1778128180	XAUUSD	M15	4683.10						4683.55589504	4683.87241565	0
1778129080	XAUUSD	M15	4680.64					4678.99000	4683.84214677	4683.85728121	0
1778129980	XAUUSD	M15	4684.13						4684.56053837	4684.20890979	1
1778130880	XAUUSD	M15	4686.79						4685.68288825	4684.94589902	0
1778131780	XAUUSD	M15	4687.85						4687.14129464	4686.04359683	0
1778132680	XAUUSD	M15	4686.27						4688.83465429	4687.43912556	0
1778133580	XAUUSD	M15	4686.10						4690.66497112	4689.05204834	0
1778134480	XAUUSD	M15	4695.28						4692.45055348	4690.75130091	0
1778135380	XAUUSD	M15	4698.51						4693.77538016	4692.26334054	0
1778136280	XAUUSD	M15	4695.40						4694.46743210	4693.36538632	0
1778137180	XAUUSD	M15	4692.60						4694.65303247	4694.00920940	0
1778138080	XAUUSD	M15	4698.99						4694.54523975	4694.27722457	0
1778138980	XAUUSD	M15	4692.65						4694.18174819	4694.22948638	1
1778139880	XAUUSD	M15	4689.09						4693.94505809	4694.08727224	0
1778140780	XAUUSD	M15	4690.95						4694.07000289	4694.07863757	0
1778145280	XAUUSD	M15	4697.18						4694.51867581	4694.29865669	1
1778146180	XAUUSD	M15	4695.42						4695.01410996	4694.65638333	0
1778147080	XAUUSD	M15	4698.63						4695.44144328	4695.04891330	0
1778147980	XAUUSD	M15	4694.94						4695.56728756	4695.30810043	0
1778148880	XAUUSD	M15	4694.41						4695.41570664	4695.36190353	0
1778149780	XAUUSD	M15	4693.60						4695.02672063	4695.19431208	1
1778150680	XAUUSD	M15	4693.60						4694.57740990	4694.88586099	0
1778151580	XAUUSD	M15	4699.00						4694.30309286	4694.59447693	0
1778152480	XAUUSD	M15	4699.88						4694.33245572	4694.46346632	0
1778153380	XAUUSD	M15	4692.51						4694.88066595	4694.67206613	1
1778154280	XAUUSD	M15	4688.45						4696.27635387	4695.47421000	0
1778155180	XAUUSD	M15	4688.57						4698.58329343	4697.02875171	0
1778156080	XAUUSD	M15	4709.88						4701.55327845	4699.29101508	0
1778156980	XAUUSD	M15	4704.22						4704.26689928	4701.77895718	0
1778157880	XAUUSD	M15	4712.93						4706.53267237	4704.15581477	0
1778158780	XAUUSD	M15	4714.86				4721.44000		4707.89227617	4706.02404547	0
1778159680	XAUUSD	M15	4704.21						4708.23836796	4707.13120672	0
1778160580	XAUUSD	M15	4702.84						4707.95975206	4707.54547939	0
1778161480	XAUUSD	M15	4704.24						4707.27953314	4707.41250627	1
1778162380	XAUUSD	M15	4707.22						4706.33230176	4706.87240401	0
1778163280	XAUUSD	M15	4705.93						4705.14809889	4706.01025145	0
1778164180	XAUUSD	M15	4704.60						4703.79073791	4704.90049468	0
1778165080	XAUUSD	M15	4703.96						4702.26442259	4703.58245864	0
1778165980	XAUUSD	M15	4699.11						4700.54851980	4702.06548922	0
1778166880	XAUUSD	M15	4696.87						4698.78582326	4700.42565624	0
1778167780	XAUUSD	M15	4696.79						4697.14987159	4698.78776391	0
1778168680	XAUUSD	M15	4698.15						4695.87943863	4697.33360127	0
1778169580	XAUUSD	M15	4696.48						4695.30046847	4696.31703487	0
1778170480	XAUUSD	M15	4700.45						4695.90276988	4696.10990238	0
1778171380	XAUUSD	M15	4696.05						4698.00411815	4697.05701026	1
1778172280	XAUUSD	M15	4703.63						4702.00862088	4699.53281557	0
1778173180	XAUUSD	M15	4701.22						4707.77308390	4703.65294973	0
1778174080	XAUUSD	M15	4708.23						4715.11665690	4709.38480332	0
1778174980	XAUUSD	M15	4717.42						4723.32087653	4716.35283992	0
1778175880	XAUUSD	M15	4746.02						4731.42142761	4723.88713377	0
1778176780	XAUUSD	M15	4739.12						4737.94466635	4730.91590006	0
1778177680	XAUUSD	M15	4749.05						4742.56656626	4736.74123316	0
1778178580	XAUUSD	M15	4739.50						4744.84758827	4740.79441072	0
1778179480	XAUUSD	M15	4742.88						4745.19663897	4742.99552484	0
1778180380	XAUUSD	M15	4743.06						4743.96172764	4743.47862624	0
1778181280	XAUUSD	M15	4742.66				4753.47000		4741.72971277	4742.60416951	1
1778182180	XAUUSD	M15	4739.74						4739.10801980	4740.85609465	0
1778183080	XAUUSD	M15	4735.34						4736.66178153	4738.75893809	0
1778183980	XAUUSD	M15	4731.02						4734.80306485	4736.78100147	0
1778184880	XAUUSD	M15	4734.22						4733.72953475	4735.25526811	0
1778185780	XAUUSD	M15	4735.64						4733.25809838	4734.25668324	0
1778186680	XAUUSD	M15	4737.77						4733.15892311	4733.70780318	0
1778187580	XAUUSD	M15	4729.06						4733.19459535	4733.45119926	0
1778188480	XAUUSD	M15	4734.98						4733.48699507	4733.46909717	1
1778189380	XAUUSD	M15	4732.57						4733.84938804	4733.65924260	0
1778190280	XAUUSD	M15	4739.17						4734.37323955	4734.01624108	0
1778191180	XAUUSD	M15	4735.69						4734.95585633	4734.48604870	0
1778192080	XAUUSD	M15	4730.38						4735.75965067	4735.12284968	0
1778192980	XAUUSD	M15	4732.68						4736.94934948	4736.03609958	0
1778193880	XAUUSD	M15	4736.98						4738.40176150	4737.21893054	0
1778194780	XAUUSD	M15	4742.80						4739.87737867	4738.54815460	0
1778195680	XAUUSD	M15	4744.19						4741.10635374	4739.82725417	0
1778196580	XAUUSD	M15	4738.16						4742.02486011	4740.92605714	0
1778197480	XAUUSD	M15	4751.15						4742.88700657	4741.90653186	0
1778198380	XAUUSD	M15	4749.99						4743.54736567	4742.72694876	0
1778199280	XAUUSD	M15	4733.46						4744.31412208	4743.52053542	0
1778200180	XAUUSD	M15	4745.53						4745.87306209	4744.69679876	0
1778201080	XAUUSD	M15	4748.49						4747.98963547	4746.34321712	0
1778201980	XAUUSD	M15	4746.18						4750.42736952	4748.38529332	0
1778202880	XAUUSD	M15	4752.05						4752.86506178	4750.62517755	0
1778203780	XAUUSD	M15	4756.66						4754.60895116	4752.61706436	0
1778204680	XAUUSD	M15	4751.91						4754.98004146	4753.79855291	0
1778205580	XAUUSD	M15	4762.74						4753.64623107	4753.72239199	1
1778206480	XAUUSD	M15	4754.77				4764.70000		4750.09243277	4751.90741238	0
1778207380	XAUUSD	M15	4740.18						4744.60898701	4748.25819969	0
1778208280	XAUUSD	M15	4738.92						4737.94327252	4743.10073611	0
1778209180	XAUUSD	M15	4729.17						4730.66487834	4736.88280722	0
1778210080	XAUUSD	M15	4714.99						4723.61024851	4730.24652787	0
1778210980	XAUUSD	M15	4719.84						4717.62608642	4723.93630715	0
1778211880	XAUUSD	M15	4711.23						4712.84643629	4718.39137172	0
1778212780	XAUUSD	M15	4715.00						4709.52051686	4713.95594429	0
1778213680	XAUUSD	M15	4714.61						4707.38800030	4710.67197229	0
1778214580	XAUUSD	M15	4699.29						4706.19675163	4708.43436196	0
1778215480	XAUUSD	M15	4699.72						4706.05324667	4707.24380431	0
1778216380	XAUUSD	M15	4711.45						4706.64373616	4706.94377024	0
1778217280	XAUUSD	M15	4708.08						4707.39754968	4707.17065996	1
1778218180	XAUUSD	M15	4712.90						4708.22965264	4707.70015630	0
1778219080	XAUUSD	M15	4705.96						4708.91281471	4708.30648550	0
1778219980	XAUUSD	M15	4709.55						4709.54936540	4708.92792545	0
1778220880	XAUUSD	M15	4710.04						4709.93732892	4709.43262719	0
1778221780	XAUUSD	M15	4705.05						4709.91405429	4709.67334074	0
1778222680	XAUUSD	M15	4709.69						4709.43767651	4709.55550862	1
1778223580	XAUUSD	M15	4702.90						4708.22162699	4708.88856781	0
1778224480	XAUUSD	M15	4711.55						4706.34013837	4707.61435309	0
1778225380	XAUUSD	M15	4712.98						4703.57339611	4705.59387460	0
1778226280	XAUUSD	M15	4703.90						4700.06415389	4702.82901424	0
1778227180	XAUUSD	M15	4687.24						4696.38768878	4699.60835151	0
1778231680	XAUUSD	M15	4691.37					4678.10000	4693.36698895	4696.48767023	0
1778232580	XAUUSD	M15	4693.91						4691.21870064	4693.85318544	0
1778233480	XAUUSD	M15	4687.16						4690.08444329	4691.96881436	0
1778234380	XAUUSD	M15	4686.04						4690.20660466	4691.08770951	0
1778235280	XAUUSD	M15	4691.80						4691.50940763	4691.29855857	1
1778236180	XAUUSD	M15	4696.57						4693.61169007	4692.45512432	0
1778237080	XAUUSD	M15	4697.81						4696.11086424	4694.28299428	0
1778237980	XAUUSD	M15	4704.54						4698.74257353	4696.51278391	0
1778238880	XAUUSD	M15	4702.79						4701.18828211	4698.85053301	0
1778239780	XAUUSD	M15	4697.35						4703.45454451	4701.15253876	0
1778240680	XAUUSD	M15	4705.16						4705.73972937	4703.44613407	0
1778241580	XAUUSD	M15	4701.44						4707.93237410	4705.68925408	0
1778242480	XAUUSD	M15	4714.05						4710.22114491	4707.95519949	0
1778243380	XAUUSD	M15	4712.82						4712.34711653	4710.15115801	0
1778244280	XAUUSD	M15	4711.08						4714.38982046	4712.27048923	0
1778245180	XAUUSD	M15	4722.98						4716.40394563	4714.33721743	0
1778246080	XAUUSD	M15	4723.99						4718.03544359	4716.18633051	0
1778246980	XAUUSD	M15	4721.39						4719.18608823	4717.68620937	0
1778247880	XAUUSD	M15	4710.27						4719.85332544	4718.76976741	0
1778248780	XAUUSD	M15	4713.68						4720.26010521	4719.51493631	0
1778249680	XAUUSD	M15	4720.15						4720.24287629	4719.87890630	0
1778250580	XAUUSD	M15	4720.44						4719.60902379	4719.74396504	1
1778251480	XAUUSD	M15	4724.99						4718.43532576	4719.08964540	0
1778252380	XAUUSD	M15	4719.62						4716.82735115	4717.95849828	0
1778253280	XAUUSD	M15	4715.08						4715.27495161	4716.61672494	0
1778254180	XAUUSD	M15	4717.40						4714.28657625	4715.45165059	0
1778255080	XAUUSD	M15	4712.14						4714.13075357	4714.79120208	0
1778255980	XAUUSD	M15	4711.09						4715.11762015	4714.95441112	1
1778256880	XAUUSD	M15	4712.09						4717.21452534	4716.08446823	0
1778257780	XAUUSD	M15	4719.37						4720.08228504	4718.08337664	0
1778258680	XAUUSD	M15	4724.62						4723.02812449	4720.55575056	0
1778259580	XAUUSD	M15	4727.43						4725.35400104	4722.95487580	0
1778260480	XAUUSD	M15	4723.03						4726.51389987	4724.73438783	0
1778261380	XAUUSD	M15	4733.47				4734.65000		4726.35154255	4725.54296519	0
1778262280	XAUUSD	M15	4728.52						4724.58019783	4725.06158151	1
1778263180	XAUUSD	M15	4725.67						4721.61359598	4723.33758874	0
1778264080	XAUUSD	M15	4715.31						4718.03156947	4720.68457911	0
1778264980	XAUUSD	M15	4706.67					4696.83000	4714.67651447	4717.68054679	0
1778265880	XAUUSD	M15	4708.14						4712.24874414	4714.96464546	0
1778266780	XAUUSD	M15	4707.87						4710.96934306	4712.96699426	0
1778267680	XAUUSD	M15	4711.45						4710.85063406	4711.90881416	0
1778268580	XAUUSD	M15	4716.82						4711.59830038	4711.75355727	0
1778269480	XAUUSD	M15	4716.85						4712.77532615	4712.26444171	1
1778270380	XAUUSD	M15	4715.70						4714.10222486	4713.18333328	0
1778271280	XAUUSD	M15	4718.38						4715.43084390	4714.30708859	0
1778272180	XAUUSD	M15	4717.81						4716.62339369	4715.46524114	0
1778273080	XAUUSD	M15	4713.35						4717.70859105	4716.58691609	0
1778273980	XAUUSD	M15	4711.79						4718.83811644	4717.71251627	0
1778274880	XAUUSD	M15	4718.94						4720.02444920	4718.86848274	0
1778275780	XAUUSD	M15	4720.38						4720.95513076	4719.91180675	0
1778276680	XAUUSD	M15	4724.48						4721.40773212	4720.65976944	0
1778277580	XAUUSD	M15	4719.94						4721.11717404	4720.88847174	0
1778278480	XAUUSD	M15	4722.05						4720.17700692	4720.53273933	1
1778279380	XAUUSD	M15	4724.08						4718.68985639	4719.61129786	0
1778280280	XAUUSD	M15	4721.18						4716.96152598	4718.28641192	0
1778281180	XAUUSD	M15	4717.80						4715.56459817	4716.92550504	0
1778282080	XAUUSD	M15	4704.70						4715.10581780	4716.01566142	0
1778282980	XAUUSD	M15	4710.40						4716.29965265	4716.15765704	1
1778283880	XAUUSD	M15	4723.84						4719.05566090	4717.60665897	0
1778284780	XAUUSD	M15	4724.41						4722.73149885	4720.16907891	0
1778285680	XAUUSD	M15	4720.41						4726.74512067	4723.45709979	0
1778286580	XAUUSD	M15	4727.11						4730.47500376	4726.96605177	0
1778287480	XAUUSD	M15	4738.02						4733.00307663	4729.98456420	0
1778288380	XAUUSD	M15	4747.90						4733.48903882	4731.73680151	0
1778289280	XAUUSD	M15	4731.78				4749.22000		4731.46474866	4731.60077509	1
1778290180	XAUUSD	M15	4719.14						4727.58093522	4729.59085515	0
1778291080	XAUUSD	M15	4722.71						4722.72608988	4726.15847252	0
1778291980	XAUUSD	M15	4716.02						4717.53109023	4721.84478137	0
1778292880	XAUUSD	M15	4707.62						4712.90064413	4717.37271275	0
1778293780	XAUUSD	M15	4713.43						4709.62489446	4713.49880361	0
1778294680	XAUUSD	M15	4705.96						4707.85195090	4710.67537725	0
1778295580	XAUUSD	M15	4707.13					4702.00000	4707.78570150	4709.23053937	0
1778296480	XAUUSD	M15	4711.49						4709.13630223	4709.18342080	0
1778297380	XAUUSD	M15	4717.67						4711.34952636	4710.26647358	1
1778298280	XAUUSD	M15	4713.40						4713.78927141	4712.02787250	0
1778299180	XAUUSD	M15	4712.52						4716.17752524	4714.10269887	0
1778300080	XAUUSD	M15	4715.40						4718.30014705	4716.20142296	0
1778300980	XAUUSD	M15	4720.64						4720.01329055	4718.10735675	0
1778301880	XAUUSD	M15	4720.74						4721.26003940	4719.68369807	0
1778302780	XAUUSD	M15	4720.99						4722.20981589	4720.94675698	0
1778303680	XAUUSD	M15	4727.48						4723.04873844	4721.99774771	0
1778304580	XAUUSD	M15	4725.66						4723.74736450	4722.87255611	0
1778305480	XAUUSD	M15	4724.59						4724.40972084	4723.64113848	0
1778306380	XAUUSD	M15	4721.83						4724.99883543	4724.31998696	0
1778307280	XAUUSD	M15	4723.57						4725.40848225	4724.86423460	0
1778308180	XAUUSD	M15	4723.71						4725.33687875	4725.10055668	0
1778309080	XAUUSD	M15	4725.30						4724.51308639	4724.80682153	1
1778309980	XAUUSD	M15	4724.02						4722.67775960	4723.74229056	0
1778310880	XAUUSD	M15	4718.85						4719.75083240	4721.74656148	0
1778311780	XAUUSD	M15	4717.38						4715.89577577	4718.82116862	0
1778312680	XAUUSD	M15	4716.40						4711.31689815	4715.06903339	0
1778313580	XAUUSD	M15	4715.36						4706.30779728	4710.68841533	0
1778490880	XAUUSD	M15	4687.34						4701.22306516	4705.95574025	0
1778491780	XAUUSD	M15	4694.41						4697.10638388	4701.53106206	0
1778492680	XAUUSD	M15	4691.35						4693.94380220	4697.73743213	0
1778493580	XAUUSD	M15	4691.91						4691.81254152	4694.77498683	0
1778494480	XAUUSD	M15	4690.23						4690.54338887	4692.65918785	0
1778495380	XAUUSD	M15	4694.69						4689.92838808	4691.29378796	0
1778496280	XAUUSD	M15	4697.64						4689.58668031	4690.44023414	0
1778497180	XAUUSD	M15	4691.88						4689.24784270	4689.84403842	0
1778498080	XAUUSD	M15	4682.64						4688.97267098	4689.40835470	0
1778498980	XAUUSD	M15	4683.36						4688.98886143	4689.19860806	0
1778499880	XAUUSD	M15	4689.19						4689.26004618	4689.22932712	1
1778500780	XAUUSD	M15	4683.57						4689.58547549	4689.40740130	0
1778501680	XAUUSD	M15	4692.22						4690.04241526	4689.72490828	0
1778502580	XAUUSD	M15	4699.01						4690.31733325	4690.02112077	0
1778503480	XAUUSD	M15	4694.49						4690.16336583	4690.09224330	0
1778504380	XAUUSD	M15	4685.72						4689.69257225	4689.89240778	1
1778505280	XAUUSD	M15	4686.53						4689.17750931	4689.53495854	0
1778506180	XAUUSD	M15	4688.60						4688.62948373	4689.08222113	0
1778507080	XAUUSD	M15	4688.67						4687.99706846	4688.53964480	0
1778507980	XAUUSD	M15	4681.89						4687.23906757	4687.88935618	0
1778508880	XAUUSD	M15	4687.23						4686.45282293	4687.17108955	0
1778509780	XAUUSD	M15	4689.69						4685.36618420	4686.26863687	0
1778510680	XAUUSD	M15	4688.09						4683.77413086	4685.02138387	0
1778511580	XAUUSD	M15	4678.85						4681.61657383	4683.31897885	0
1778512480	XAUUSD	M15	4677.63						4679.10007301	4681.20952593	0
1778513380	XAUUSD	M15	4671.98						4676.28430273	4678.74691433	0
1778514280	XAUUSD	M15	4673.09						4673.41267593	4676.07979513	0
1778515180	XAUUSD	M15	4672.21						4670.61362882	4673.34671198	0
1778516080	XAUUSD	M15	4673.63						4668.10453642	4670.72562420	0
1778516980	XAUUSD	M15	4670.91						4666.07646623	4668.40104521	0
1778517880	XAUUSD	M15	4663.91						4664.82254310	4666.61179415	0
1778518780	XAUUSD	M15	4652.30					4647.85000	4664.67427205	4665.64303310	0
1778519680	XAUUSD	M15	4665.34						4665.91271652	4665.77787481	1
1778520580	XAUUSD	M15	4667.37						4667.97336473	4666.87561977	0
1778521480	XAUUSD	M15	4674.17						4670.44612963	4668.66087470	0
1778522380	XAUUSD	M15	4678.41						4672.74383057	4670.70235264	0
1778523280	XAUUSD	M15	4675.99						4674.38460075	4672.54347669	0
1778524180	XAUUSD	M15	4675.80						4675.16947726	4673.85647697	0
1778525080	XAUUSD	M15	4671.95						4674.98956761	4674.42302229	0
1778525980	XAUUSD	M15	4667.73						4673.96852706	4674.19577468	1
1778526880	XAUUSD	M15	4672.10						4672.34290193	4673.26933830	0
1778527780	XAUUSD	M15	4671.83						4670.20287202	4671.73610516	0
1778528680	XAUUSD	M15	4670.40						4667.81377792	4669.77494154	0
1778529580	XAUUSD	M15	4667.55						4665.49311785	4667.63402969	0
1778530480	XAUUSD	M15	4667.48						4663.56621618	4665.60012293	0
1778531380	XAUUSD	M15	4657.50						4662.20761367	4663.90386830	0
1778532280	XAUUSD	M15	4662.93						4661.71188888	4662.80787859	0
1778533180	XAUUSD	M15	4656.81						4661.81744877	4662.31266368	0
1778534080	XAUUSD	M15	4662.59						4662.46874233	4662.39070300	1
1778534980	XAUUSD	M15	4663.37						4663.27989911	4662.83530106	0
1778535880	XAUUSD	M15	4663.48						4664.08954597	4663.46242352	0
1778536780	XAUUSD	M15	4664.14						4664.92573934	4664.19408143	0
1778537680	XAUUSD	M15	4669.43						4666.01048709	4665.10228426	0
1778538580	XAUUSD	M15	4671.99						4667.62899917	4666.36564171	0
1778539480	XAUUSD	M15	4674.51						4670.24274456	4668.30419314	0
1778540380	XAUUSD	M15	4674.52						4674.29662339	4671.30040826	0
1778541280	XAUUSD	M15	4668.47						4680.14947015	4675.72493921	0
1778542180	XAUUSD	M15	4690.51						4688.03342084	4681.87918002	0
1778543080	XAUUSD	M15	4692.02						4697.10508672	4689.49213337	0
1778543980	XAUUSD	M15	4699.98						4706.80339184	4698.14776261	0
1778544880	XAUUSD	M15	4721.02						4716.25954203	4707.20365232	0
1778545780	XAUUSD	M15	4728.44						4724.27692975	4715.74029103	0
1778546680	XAUUSD	M15	4743.98						4730.21648493	4722.97838798	0
1778547580	XAUUSD	M15	4736.00				4748.44000		4733.54259928	4728.26049363	0
1778548480	XAUUSD	M15	4730.83						4734.69992345	4731.48020854	0
1778549380	XAUUSD	M15	4725.06						4734.31331164	4732.89676009	0
1778550280	XAUUSD	M15	4732.48						4733.11203463	4733.00439736	0
1778551180	XAUUSD	M15	4725.52						4731.41930935	4732.21185335	1
1778552080	XAUUSD	M15	4728.50						4729.78087367	4730.99636351	0
1778552980	XAUUSD	M15	4732.95						4728.27869308	4729.63752829	0
1778553880	XAUUSD	M15	4727.54						4726.77996542	4728.20874686	0
1778554780	XAUUSD	M15	4732.10						4725.33627266	4726.77250976	0
1778555680	XAUUSD	M15	4727.85						4723.74834609	4725.26042792	0
1778556580	XAUUSD	M15	4724.00						4722.12666102	4723.69354447	0
1778557480	XAUUSD	M15	4711.45						4720.66423842	4722.17889145	0
1778558380	XAUUSD	M15	4716.45						4719.82081497	4720.99985321	0
1778559280	XAUUSD	M15	4718.45						4719.56459829	4720.28222575	0
1778560180	XAUUSD	M15	4718.16						4719.86660147	4720.07441361	0
1778561080	XAUUSD	M15	4723.97						4720.68261808	4720.37851584	1
1778561980	XAUUSD	M15	4723.69						4721.73994033	4721.05922809	0
1778562880	XAUUSD	M15	4723.52						4722.91861308	4721.98892058	0
1778563780	XAUUSD	M15	4727.20						4724.11954894	4723.05423476	0
1778564680	XAUUSD	M15	4726.80						4725.19686924	4724.12555200	0
1778565580	XAUUSD	M15	4724.77						4726.17867549	4725.15211374	0
1778566480	XAUUSD	M15	4724.79						4727.19150890	4726.17181132	0
1778567380	XAUUSD	M15	4724.29						4728.31981858	4727.24581495	0
1778568280	XAUUSD	M15	4726.81						4729.63531534	4728.44056514	0
1778569180	XAUUSD	M15	4733.69						4731.08650222	4729.76353368	0
1778570080	XAUUSD	M15	4735.02						4732.47952894	4731.12153131	0
1778570980	XAUUSD	M15	4735.26						4733.81253757	4732.46703444	0
1778571880	XAUUSD	M15	4737.46						4735.18757662	4733.82730553	0
1778572780	XAUUSD	M15	4734.75						4736.73163705	4735.27947129	0
1778577280	XAUUSD	M15	4739.29						4738.75853594	4737.01900361	0
1778578180	XAUUSD	M15	4739.98						4741.38344308	4739.20122335	0
1778579080	XAUUSD	M15	4744.86						4744.74791235	4741.97456785	0
1778579980	XAUUSD	M15	4750.90						4748.72876321	4745.35166553	0
1778580880	XAUUSD	M15	4751.22						4752.97561563	4749.16364058	0
1778581780	XAUUSD	M15	4752.78						4757.09189728	4753.12776893	0
1778582680	XAUUSD	M15	4755.96						4760.52135618	4756.82456255	0
1778583580	XAUUSD	M15	4767.49						4762.62642927	4759.72549591	0
1778584480	XAUUSD	M15	4766.99						4762.66087745	4761.19318668	0
1778585380	XAUUSD	M15	4762.38				4773.58000		4760.45903052	4760.82610860	1
1778586280	XAUUSD	M15	4758.19						4756.29171307	4758.55891084	0
1778587180	XAUUSD	M15	4749.41						4750.72340844	4754.64115964	0
1778588080	XAUUSD	M15	4746.39						4744.62484471	4749.63300217	0
1778588980	XAUUSD	M15	4735.23						4738.74738724	4744.19019470	0
1778589880	XAUUSD	M15	4729.34						4733.91694919	4739.05357195	0
1778590780	XAUUSD	M15	4727.18						4730.56336259	4734.80846727	0
1778591680	XAUUSD	M15	4731.54						4728.69943602	4731.75395165	0
1778592580	XAUUSD	M15	4727.13						4727.89431842	4729.82413503	0
1778593480	XAUUSD	M15	4731.87						4727.79090533	4728.80752018	0
1778594380	XAUUSD	M15	4730.09						4727.76611453	4728.28681735	0
1778595280	XAUUSD	M15	4731.17						4727.47577085	4727.88129410	0
1778596180	XAUUSD	M15	4723.75						4726.68705802	4727.28417606	0
1778597080	XAUUSD	M15	4724.47						4725.56591672	4726.42504639	0
1778597980	XAUUSD	M15	4720.22						4724.17404929	4725.29954784	0
1778598880	XAUUSD	M15	4721.87						4722.73067507	4724.01511145	0
1778599780	XAUUSD	M15	4722.39						4721.25597975	4722.63554560	0
1778600680	XAUUSD	M15	4724.61						4719.72222333	4721.17888447	0
1778601580	XAUUSD	M15	4714.26						4717.98867150	4719.58377798	0
1778602480	XAUUSD	M15	4712.53						4716.20063635	4717.89220717	0
1778603380	XAUUSD	M15	4715.34						4714.24168469	4716.06694593	0
1778604280	XAUUSD	M15	4715.54						4711.89622728	4713.98158660	0
1778605180	XAUUSD	M15	4714.39						4709.11044081	4711.54601371	0
1778606080	XAUUSD	M15	4705.31						4705.99359622	4708.76980497	0
1778606980	XAUUSD	M15	4696.16						4702.97259002	4705.87119749	0
1778607880	XAUUSD	M15	4702.67						4700.52796246	4703.19957998	0
1778608780	XAUUSD	M15	4697.35						4698.68094927	4700.94026463	0
1778609680	XAUUSD	M15	4695.96						4697.68326523	4699.31176493	0
1778610580	XAUUSD	M15	4697.96						4697.55726322	4698.43451408	0
1778611480	XAUUSD	M15	4700.38						4698.11094681	4698.27273044	0
1778612380	XAUUSD	M15	4699.74						4699.05459985	4698.66366515	1
1778613280	XAUUSD	M15	4699.38						4700.13333073	4699.39849794	0
1778614180	XAUUSD	M15	4703.11						4701.07908198	4700.23878996	0
1778615080	XAUUSD	M15	4699.96						4701.57024210	4700.90451603	0
1778615980	XAUUSD	M15	4703.38						4701.56697737	4701.23574670	0
1778616880	XAUUSD	M15	4698.01						4700.97904559	4701.10739615	1
1778617780	XAUUSD	M15	4699.56						4700.05627008	4700.58183311	0
1778618680	XAUUSD	M15	4695.11						4698.93370136	4699.75776724	0
1778619580	XAUUSD	M15	4699.46						4697.92910385	4698.84343554	0
1778620480	XAUUSD	M15	4705.08						4697.11479563	4697.97911559	0
1778621380	XAUUSD	M15	4700.10						4696.50254556	4697.24083057	0
1778622280	XAUUSD	M15	4690.76						4696.34272462	4696.79177760	0
1778623180	XAUUSD	M15	4694.42						4696.91667558	4696.85422659	1
1778624080	XAUUSD	M15	4691.74						4698.04359514	4697.44891086	0
1778624980	XAUUSD	M15	4700.04						4699.59139885	4698.52015486	0
1778625880	XAUUSD	M15	4704.28						4701.07778911	4699.79897198	0
1778626780	XAUUSD	M15	4706.58						4702.13635311	4700.96766255	0
1778627680	XAUUSD	M15	4705.77						4702.52602025	4701.74684140	0
1778628580	XAUUSD	M15	4697.39						4702.19124177	4701.96904158	0
1778629480	XAUUSD	M15	4702.80						4701.34859349	4701.65881753	1
1778630380	XAUUSD	M15	4705.75				4711.51000		4699.87241046	4700.76561400	0
1778631280	XAUUSD	M15	4688.99						4697.70481530	4699.23521465	0
1778632180	XAUUSD	M15	4690.89						4695.28898055	4697.26209760	0
1778633080	XAUUSD	M15	4699.22						4692.52178565	4694.89194162	0
1778633980	XAUUSD	M15	4678.66						4689.10142784	4691.99668473	0
1778634880	XAUUSD	M15	4692.84						4685.50953114	4688.75310794	0
1778635780	XAUUSD	M15	4683.27						4681.36710912	4685.06010853	0
1778636680	XAUUSD	M15	4685.85						4677.03369673	4681.04690263	0
1778637580	XAUUSD	M15	4672.89						4672.67098075	4676.85894169	0
1778638480	XAUUSD	M15	4664.59						4668.92995654	4672.89444912	0
1778639380	XAUUSD	M15	4656.04					4638.57000	4666.31888534	4669.60666723	0
1778640280	XAUUSD	M15	4665.63						4665.22783816	4667.41725269	0
1778641180	XAUUSD	M15	4666.07						4665.37542929	4666.39634099	0
1778642080	XAUUSD	M15	4671.91						4666.55946158	4666.47790128	1
1778642980	XAUUSD	M15	4668.37						4668.34581756	4667.41185942	0
1778643880	XAUUSD	M15	4669.87						4670.53192074	4668.97189008	0
1778644780	XAUUSD	M15	4671.18						4672.84107814	4670.90648411	0
1778645680	XAUUSD	M15	4677.21						4675.10597332	4673.00622872	0
1778646580	XAUUSD	M15	4679.35						4677.17399621	4675.09011246	0
1778647480	XAUUSD	M15	4679.70						4679.14912677	4677.11961962	0
1778648380	XAUUSD	M15	4678.77						4681.29926235	4679.20944099	0
1778649280	XAUUSD	M15	4681.41						4683.96308425	4681.58626262	0
1778650180	XAUUSD	M15	4685.17						4687.32141100	4684.45383681	0
1778651080	XAUUSD	M15	4695.23						4691.37910749	4687.91647215	0
1778651980	XAUUSD	M15	4695.93						4695.81641876	4691.86644546	0
1778652880	XAUUSD	M15	4699.91						4700.42448599	4696.14546572	0
1778653780	XAUUSD	M15	4703.46						4704.84572369	4700.49559471	0
1778654680	XAUUSD	M15	4709.36						4708.74176953	4704.61868212	0
1778655580	XAUUSD	M15	4715.53						4711.78798611	4708.20333411	0
1778656480	XAUUSD	M15	4713.40						4713.78372225	4710.99352818	0
1778657380	XAUUSD	M15	4713.24						4714.90182119	4712.94767469	0
1778658280	XAUUSD	M15	4714.81						4715.38740319	4714.16753894	0
1778659180	XAUUSD	M15	4715.27						4715.50814490	4714.83784192	0
1778663680	XAUUSD	M15	4714.49						4715.55615352	4715.19699772	0
1778664580	XAUUSD	M15	4717.15						4715.79848827	4715.49774299	0
1778665480	XAUUSD	M15	4716.54						4716.31220022	4715.90497161	0
1778666380	XAUUSD	M15	4717.03						4717.13510450	4716.52003805	0
1778667280	XAUUSD	M15	4717.78						4718.18584065	4717.35293935	0
1778668180	XAUUSD	M15	4720.16						4719.29362566	4718.32328251	0
1778669080	XAUUSD	M15	4721.25						4720.20291978	4719.26310114	0
1778669980	XAUUSD	M15	4717.08						4720.67035295	4719.96672705	0
1778670880	XAUUSD	M15	4720.28				4726.76000		4720.59802909	4720.28237807	0
1778671780	XAUUSD	M15	4722.74						4719.73255341	4720.00746574	1
1778672680	XAUUSD	M15	4720.34						4717.92523197	4718.96634885	0
1778673580	XAUUSD	M15	4714.69						4715.26988379	4717.11811632	0
1778674480	XAUUSD	M15	4709.59						4712.05542080	4714.58676856	0
1778675380	XAUUSD	M15	4704.48						4708.61690568	4711.60183712	0
1778676280	XAUUSD	M15	4708.80						4705.30056704	4708.45120208	0
1778677180	XAUUSD	M15	4702.62						4702.19077291	4705.32098749	0
1778678080	XAUUSD	M15	4701.61						4699.61665372	4702.46882061	0
1778678980	XAUUSD	M15	4700.18						4697.70712418	4700.08797239	0
1778679880	XAUUSD	M15	4694.62						4696.51893713	4698.30345476	0
1778680780	XAUUSD	M15	4691.90					4687.60000	4696.13024256	4697.21684866	0
1778681680	XAUUSD	M15	4692.30						4696.46021819	4696.83853342	0
1778682580	XAUUSD	M15	4700.85						4697.27817030	4697.05835186	1
1778683480	XAUUSD	M15	4703.81						4698.12812451	4697.59323819	0
1778684380	XAUUSD	M15	4696.13						4698.75666276	4698.17495047	0
1778685280	XAUUSD	M15	4698.56						4699.29118161	4698.73306604	0
1778686180	XAUUSD	M15	4701.34						4699.68114615	4699.20710609	0
1778687080	XAUUSD	M15	4698.64						4699.94873241	4699.57791925	0
1778687980	XAUUSD	M15	4699.66						4700.31547505	4699.94669715	0
1778688880	XAUUSD	M15	4705.38						4700.90250607	4700.42460161	0
1778689780	XAUUSD	M15	4698.23						4701.65635864	4701.04048013	0
1778690680	XAUUSD	M15	4696.81						4702.78638465	4701.91343239	0
1778691580	XAUUSD	M15	4704.29						4704.24457143	4703.07900191	0
1778692480	XAUUSD	M15	4711.03						4705.65667434	4704.36783812	0
1778693380	XAUUSD	M15	4708.78				4715.35000		4706.64857042	4705.50820427	0
1778694280	XAUUSD	M15	4711.37						4707.11745840	4706.31283134	0
1778695180	XAUUSD	M15	4701.26						4706.90434939	4706.60859037	0
1778696080	XAUUSD	M15	4702.33						4706.25925335	4706.43392186	1
1778696980	XAUUSD	M15	4707.62						4705.19257619	4705.81324902	0
1778697880	XAUUSD	M15	4703.70						4703.64652248	4704.72988575	0
1778698780	XAUUSD	M15	4702.83						4701.84122251	4703.28555413	0
1778699680	XAUUSD	M15	4700.23						4699.94261156	4701.61408285	0
1778700580	XAUUSD	M15	4697.02						4698.16923072	4699.89165678	0
1778701480	XAUUSD	M15	4696.01						4696.74652093	4698.31908886	0
1778702380	XAUUSD	M15	4700.65						4695.79624922	4697.05766904	0
1778703280	XAUUSD	M15	4694.61						4695.23893143	4696.14830023	0
1778704180	XAUUSD	M15	4688.95						4695.23367979	4695.69099001	0
1778705080	XAUUSD	M15	4694.22						4695.86842288	4695.77970645	1
1778705980	XAUUSD	M15	4700.94						4696.86119052	4696.32044848	0
1778706880	XAUUSD	M15	4702.25						4697.84893391	4697.08469120	0
1778707780	XAUUSD	M15	4699.58						4698.62247565	4697.85358343	0
1778708680	XAUUSD	M15	4695.85						4699.10799473	4698.48078908	0
1778709580	XAUUSD	M15	4694.26						4699.28528269	4698.88303589	0
1778710480	XAUUSD	M15	4699.12						4699.09953337	4698.99128463	0
1778711380	XAUUSD	M15	4698.39						4698.36342234	4698.67735348	1
1778712280	XAUUSD	M15	4703.50						4697.08699763	4697.88217555	0
1778713180	XAUUSD	M15	4697.44						4695.17848649	4696.53033102	0
1778714080	XAUUSD	M15	4694.11						4692.89765279	4694.71399191	0
1778714980	XAUUSD	M15	4685.18						4690.46130664	4692.58764927	0
1778715880	XAUUSD	M15	4682.91						4688.21585900	4690.40175414	0
1778716780	XAUUSD	M15	4683.91						4686.27724598	4688.33950006	0
1778717680	XAUUSD	M15	4689.94						4684.62511558	4686.48230782	0
1778718580	XAUUSD	M15	4688.82						4683.09418535	4684.78824659	0
1778719480	XAUUSD	M15	4678.77						4681.75379528	4683.27102093	0
1778720380	XAUUSD	M15	4679.30					4669.65000	4680.97465248	4682.12283671	0
1778721280	XAUUSD	M15	4681.34						4680.88043738	4681.50163704	0
1778722180	XAUUSD	M15	4684.23						4681.54804633	4681.52484169	1
1778723080	XAUUSD	M15	4683.87						4683.00026251	4682.26255210	0
1778723980	XAUUSD	M15	4679.82						4685.27099690	4683.76677450	0
1778724880	XAUUSD	M15	4687.55						4688.38039329	4686.07358389	0
1778725780	XAUUSD	M15	4691.20						4691.90826147	4688.99092268	0
1778726680	XAUUSD	M15	4699.36						4695.43858671	4692.21475469	0
1778727580	XAUUSD	M15	4695.53						4698.40626078	4695.31050774	0
1778728480	XAUUSD	M15	4702.05						4700.60135385	4697.95593079	0
1778729380	XAUUSD	M15	4706.57				4709.71000		4701.64247120	4699.79920100	0
1778730280	XAUUSD	M15	4700.07						4701.35837058	4700.57878579	0
1778731180	XAUUSD	M15	4695.79						4700.05580891	4700.31729735	1
1778732080	XAUUSD	M15	4699.69						4698.09692918	4699.20711327	0
1778732980	XAUUSD	M15	4698.41						4695.67731856	4697.44221591	0
1778733880	XAUUSD	M15	4691.12						4693.13303270	4695.28762431	0
1778734780	XAUUSD	M15	4685.58						4690.91664214	4693.10213322	0
1778735680	XAUUSD	M15	4692.45						4689.32570103	4691.21391713	0
1778736580	XAUUSD	M15	4692.02						4688.20491029	4689.70941371	0
1778737480	XAUUSD	M15	4686.18						4687.50603675	4688.60772523	0
1778738380	XAUUSD	M15	4684.92						4687.27868812	4687.94320667	0
1778739280	XAUUSD	M15	4689.08						4687.43117232	4687.68718950	0
1778740180	XAUUSD	M15	4687.18						4687.74542493	4687.71630721	1
1778741080	XAUUSD	M15	4688.58						4688.21094383	4687.96362552	0
1778741980	XAUUSD	M15	4688.35						4688.77341675	4688.36852113	0
1778742880	XAUUSD	M15	4690.79						4689.45180089	4688.91016101	0
1778743780	XAUUSD	M15	4691.25						4690.22114731	4689.56565416	0
1778744680	XAUUSD	M15	4690.69						4691.12842264	4690.34703840	0
1778745580	XAUUSD	M15	4688.77						4692.24295417	4691.29499629	0
1778750080	XAUUSD	M15	4691.17						4693.63461123	4692.46480376	0
1778750980	XAUUSD	M15	4697.04						4695.19164914	4693.82822645	0
1778751880	XAUUSD	M15	4699.03						4696.65679836	4695.24251240	0
1778752780	XAUUSD	M15	4700.05						4697.86099963	4696.55175602	0
1778753680	XAUUSD	M15	4701.22						4698.68822102	4697.61998852	0
1778754580	XAUUSD	M15	4697.34						4699.07073296	4698.34536074	0
1778755480	XAUUSD	M15	4694.95						4699.13533647	4698.74034860	0
1778756380	XAUUSD	M15	4696.62						4699.00548295	4698.87291578	0
1778757280	XAUUSD	M15	4697.62						4698.69983110	4698.78637344	1
1778758180	XAUUSD	M15	4701.02						4698.23989044	4698.51313194	0
1778759080	XAUUSD	M15	4700.55						4697.56927976	4698.04120585	0
1778759980	XAUUSD	M15	4704.98						4696.70031277	4697.37075931	0
1778760880	XAUUSD	M15	4689.14						4695.49519944	4696.43297937	0
1778761780	XAUUSD	M15	4692.74						4694.33189363	4695.38243650	0
1778762680	XAUUSD	M15	4688.80						4693.03857475	4694.21050563	0
1778763580	XAUUSD	M15	4688.90						4691.63151638	4692.92101100	0
1778764480	XAUUSD	M15	4688.33						4690.06081302	4691.49091201	0
1778765380	XAUUSD	M15	4693.81						4688.36836118	4689.92963660	0
1778766280	XAUUSD	M15	4691.75						4686.54240883	4688.23602271	0
1778767180	XAUUSD	M15	4686.68						4684.88942171	4686.56272221	0
1778768080	XAUUSD	M15	4683.12						4683.86376453	4685.21324337	0
1778768980	XAUUSD	M15	4691.17						4683.84164099	4684.52744218	0
1778769880	XAUUSD	M15	4676.46						4684.74867154	4684.63805686	1
1778770780	XAUUSD	M15	4675.11						4686.90913286	4685.77359486	0
1778771680	XAUUSD	M15	4682.25					4668.77000	4690.05769815	4687.91564651	0
1778772580	XAUUSD	M15	4702.15						4693.49926725	4690.70745688	0
1778773480	XAUUSD	M15	4704.61						4696.15865783	4693.43305735	0
1778774380	XAUUSD	M15	4702.17						4697.57670590	4695.50488163	0
1778775280	XAUUSD	M15	4699.83						4697.71724247	4696.61106205	0
1778776180	XAUUSD	M15	4693.63						4696.84479092	4696.72792649	0
1778777080	XAUUSD	M15	4697.09						4695.54716914	4696.13754781	1
1778777980	XAUUSD	M15	4689.67						4694.25330754	4695.19542767	0
1778778880	XAUUSD	M15	4687.88						4693.63527918	4694.41535342	0
1778779780	XAUUSD	M15	4691.32						4694.02536388	4694.22035865	0
1778780680	XAUUSD	M15	4699.04						4695.34022335	4694.78029100	1
1778781580	XAUUSD	M15	4700.21						4697.12926110	4695.95477605	0
1778782480	XAUUSD	M15	4695.29						4698.97345971	4697.46411788	0
1778783380	XAUUSD	M15	4705.52						4700.58873303	4699.02642546	0
1778784280	XAUUSD	M15	4709.19				4718.75000		4701.37829611	4700.20236079	0
1778785180	XAUUSD	M15	4692.95						4701.10777803	4700.65506941	0
1778786080	XAUUSD	M15	4698.49						4700.28769171	4700.47138056	1
1778786980	XAUUSD	M15	4703.04						4699.00616295	4699.73877175	0
1778787880	XAUUSD	M15	4696.94						4697.44819966	4698.59348571	0
1778788780	XAUUSD	M15	4693.30						4696.08073948	4697.33711259	0
1778789680	XAUUSD	M15	4694.50						4695.19855257	4696.26783258	0
1778790580	XAUUSD	M15	4690.74						4694.81420968	4695.54102113	0
1778791480	XAUUSD	M15	4695.48						4694.92171040	4695.23136577	0
1778792380	XAUUSD	M15	4699.57						4695.20600646	4695.21868611	0
1778793280	XAUUSD	M15	4697.25						4695.38377703	4695.30123157	1
1778794180	XAUUSD	M15	4697.54						4695.44316720	4695.37219938	0
1778795080	XAUUSD	M15	4693.50						4695.43066539	4695.40143239	0
1778795980	XAUUSD	M15	4697.07						4695.59525425	4695.49834332	0
1778796880	XAUUSD	M15	4697.36						4695.99675809	4695.74755070	0
1778797780	XAUUSD	M15	4691.95						4696.72078659	4696.23416865	0
1778798680	XAUUSD	M15	4695.38						4697.85859796	4697.04638330	0
1778799580	XAUUSD	M15	4694.52						4699.10566277	4698.07602304	0
1778800480	XAUUSD	M15	4703.83						4700.14744672	4699.11173488	0
1778801380	XAUUSD	M15	4702.44						4700.38970233	4699.75071860	0
1778802280	XAUUSD	M15	4697.97				4710.02000		4699.62249096	4699.68660478	1
1778803180	XAUUSD	M15	4704.79						4697.89568559	4698.79114519	0
1778804080	XAUUSD	M15	4704.05						4695.16540644	4696.97827581	0
1778804980	XAUUSD	M15	4688.27						4691.77898998	4694.37863289	0
1778805880	XAUUSD	M15	4676.87					4666.82000	4688.59012412	4691.48437851	0
1778806780	XAUUSD	M15	4679.71						4686.27287702	4688.87862776	0
1778807680	XAUUSD	M15	4687.69						4684.92962895	4686.90412836	0
1778808580	XAUUSD	M15	4691.35						4684.30576722	4685.60494779	0
1778809480	XAUUSD	M15	4687.01						4684.09661526	4684.85078152	0
1778810380	XAUUSD	M15	4679.35						4684.12135526	4684.48606839	0
1778811280	XAUUSD	M15	4684.85						4684.25635802	4684.37121321	0
1778812180	XAUUSD	M15	4685.90						4684.07989257	4684.22555289	0
1778813080	XAUUSD	M15	4682.69						4683.40766516	4683.81660902	0
1778813980	XAUUSD	M15	4685.96						4682.31179453	4683.06420178	0
1778814880	XAUUSD	M15	4678.68						4680.84366104	4681.95393141	0
1778815780	XAUUSD	M15	4677.27						4679.42560678	4680.68976909	0
1778816680	XAUUSD	M15	4675.41						4678.31569938	4679.50273424	0
1778817580	XAUUSD	M15	4678.59						4677.70032023	4678.60152723	0
1778818480	XAUUSD	M15	4678.73						4677.49603879	4678.04878301	0
1778819380	XAUUSD	M15	4677.43						4677.55174889	4677.80026595	0
1778820280	XAUUSD	M15	4681.43						4677.65315286	4677.72670940	0
1778821180	XAUUSD	M15	4678.14						4677.39290446	4677.55980693	0
1778822080	XAUUSD	M15	4674.72						4676.56364799	4677.06172746	0
1778822980	XAUUSD	M15	4673.49						4675.01385294	4676.03779020	0
1778823880	XAUUSD	M15	4668.59						4672.62172628	4674.32975824	0
1778824780	XAUUSD	M15	4671.68						4669.48171593	4671.90573709	0
1778825680	XAUUSD	M15	4667.56						4665.61267571	4668.75920640	0
1778826580	XAUUSD	M15	4663.28						4661.35319395	4665.05620018	0
1778827480	XAUUSD	M15	4656.57						4657.15544879	4661.10582448	0
1778828380	XAUUSD	M15	4654.29						4653.58610159	4657.34596304	0
1778829280	XAUUSD	M15	4649.74						4651.07963245	4654.21279774	0
1778830180	XAUUSD	M15	4648.21						4650.02601943	4652.11940859	0
1778831080	XAUUSD	M15	4650.83						4650.55120409	4651.33530634	0
1778831980	XAUUSD	M15	4652.37						4652.45519603	4651.89525118	1
1778836480	XAUUSD	M15	4655.59						4655.33681522	4653.61603320	0
1778837380	XAUUSD	M15	4659.12						4658.56159058	4656.08881189	0
1778838280	XAUUSD	M15	4661.76						4661.36471445	4658.72676317	0
1778839180	XAUUSD	M15	4662.45						4662.99396582	4660.86036450	0
1778840080	XAUUSD	M15	4659.12						4662.87634374	4661.86835412	0
1778840980	XAUUSD	M15	4664.05						4660.77137026	4661.31986219	1
1778841880	XAUUSD	M15	4657.34						4656.49629261	4658.90807740	0
1778842780	XAUUSD	M15	4652.19						4650.45354865	4654.68081303	0
1778843680	XAUUSD	M15	4650.65						4643.24453302	4648.96267302	0
1778844580	XAUUSD	M15	4629.81						4635.51428224	4642.23847763	0
1778845480	XAUUSD	M15	4618.86						4628.41534739	4635.32691251	0
1778846380	XAUUSD	M15	4630.12						4622.67126910	4628.99909080	0
1778847280	XAUUSD	M15	4614.75						4618.16545742	4623.58227411	0
1778848180	XAUUSD	M15	4609.13						4615.25091140	4619.41659276	0
1778849080	XAUUSD	M15	4622.82						4613.84106105	4616.62882690	0
1778849980	XAUUSD	M15	4613.50						4613.24094154	4614.93488422	0
1778850880	XAUUSD	M15	4613.08						4613.37880394	4614.15684408	0
1778851780	XAUUSD	M15	4612.75						4614.02951712	4614.09318060	0
1778852680	XAUUSD	M15	4617.87						4615.03106695	4614.56212378	1
1778853580	XAUUSD	M15	4618.19						4616.10785468	4615.33498923	0
1778854480	XAUUSD	M15	4617.54						4617.10595291	4616.22047107	0
1778855380	XAUUSD	M15	4612.79						4617.82753803	4617.02400455	0
1778856280	XAUUSD	M15	4613.26						4618.07607413	4617.55003934	0
1778857180	XAUUSD	M15	4615.45						4617.42245016	4617.48624475	1
1778858080	XAUUSD	M15	4620.12						4615.36595089	4616.42609782	0
1778858980	XAUUSD	M15	4610.78						4611.45115477	4613.93862629	0
1778859880	XAUUSD	M15	4605.80						4605.81482554	4609.87672592	0
1778860780	XAUUSD	M15	4605.95						4598.77030772	4604.32351682	0
1778861680	XAUUSD	M15	4592.22						4590.78380396	4597.55366039	0
1778862580	XAUUSD	M15	4589.00						4582.92051035	4590.23708537	0
1778863480	XAUUSD	M15	4568.77						4576.04209871	4583.13959204	0
1778864380	XAUUSD	M15	4559.55						4571.32862859	4577.23411031	0
1778865280	XAUUSD	M15	4570.89						4569.32620185	4573.28015608	0
1778866180	XAUUSD	M15	4575.03						4569.58826093	4571.43420851	0
1778867080	XAUUSD	M15	4567.71						4571.42246652	4571.42833751	0
1778867980	XAUUSD	M15	4569.70						4574.13730857	4572.78282304	1
1778868880	XAUUSD	M15	4585.92						4576.65585872	4574.71934088	0
1778869780	XAUUSD	M15	4581.79						4577.63214065	4576.17574077	0
1778870680	XAUUSD	M15	4577.76						4576.59593054	4576.38583565	0
1778871580	XAUUSD	M15	4570.97						4573.51992066	4574.95287816	1
1778872480	XAUUSD	M15	4565.34						4568.87061497	4571.91174657	0
1778873380	XAUUSD	M15	4558.28						4563.38050251	4567.64612454	0
1778874280	XAUUSD	M15	4562.53						4557.94800368	4562.79706411	0
1778875180	XAUUSD	M15	4554.18						4553.15229599	4557.97468005	0
1778876080	XAUUSD	M15	4547.34						4549.73808094	4553.85638050	0
1778876980	XAUUSD	M15	4553.47						4548.15034688	4551.00336369	0
1778877880	XAUUSD	M15	4543.60						4548.22361880	4549.61349125	0
1778878780	XAUUSD	M15	4545.78						4549.95345979	4549.78347552	1
1778879680	XAUUSD	M15	4561.06						4552.81762423	4551.30054988	0
1778880580	XAUUSD	M15	4551.79						4555.83885322	4553.56970155	0
1778881480	XAUUSD	M15	4555.18						4558.70815731	4556.13892943	0
1778882380	XAUUSD	M15	4566.14						4560.85754504	4558.49823724	0
1778883280	XAUUSD	M15	4566.42						4561.64318144	4560.07070934	0
1778884180	XAUUSD	M15	4562.48						4560.88357716	4560.47714325	0
1778885080	XAUUSD	M15	4551.49						4558.71247066	4559.59480695	1
1778885980	XAUUSD	M15	4552.02						4555.62082427	4557.60781561	0
1778886880	XAUUSD	M15	4545.68						4551.91226492	4554.76004027	0
1778887780	XAUUSD	M15	4554.98						4548.13496893	4551.44750460	0
1778888680	XAUUSD	M15	4545.58						4544.46317327	4547.95533893	0
1778889580	XAUUSD	M15	4545.99						4541.58128296	4544.76831095	0
1778890480	XAUUSD	M15	4546.78						4539.83904441	4542.30367768	0
1778891380	XAUUSD	M15	4548.72						4539.42762385	4540.86565076	0
1778892280	XAUUSD	M15	4520.06						4540.29496104	4540.58030590	0
1778893180	XAUUSD	M15	4533.57					4511.92000	4542.92348239	4541.75189414	1
1778894080	XAUUSD	M15	4543.39						4546.39722186	4544.07455800	0
1778894980	XAUUSD	M15	4555.44						4549.71452753	4546.89454277	0
1778895880	XAUUSD	M15	4556.86						4551.85513199	4549.37483738	0
1778896780	XAUUSD	M15	4562.82						4552.32897908	4550.85190823	0
1778897680	XAUUSD	M15	4552.62						4550.91882075	4550.88536449	0
1778898580	XAUUSD	M15	4547.05						4548.24270393	4549.56403421	1
1778899480	XAUUSD	M15	4541.42						4545.09998258	4547.33200840	0
1778900380	XAUUSD	M15	4539.78						4542.41664034	4544.87432437	0
1778901280	XAUUSD	M15	4532.79						4540.93969175	4542.90700806	0
1778902180	XAUUSD	M15	4540.91						4541.31528610	4542.11114708	0
1778903080	XAUUSD	M15	4547.34						4543.41800190	4542.76457449	1
1778903980	XAUUSD	M15	4544.56						4546.83834442	4544.80145946	0
1778904880	XAUUSD	M15	4557.10						4551.14879586	4547.97512766	0
1778905780	XAUUSD	M15	4557.83						4555.39388293	4551.68450530	0
1778906680	XAUUSD	M15	4560.87						4558.95171208	4555.31810869	0
1778907580	XAUUSD	M15	4559.57						4561.28843596	4558.30327233	0
1778908480	XAUUSD	M15	4561.75						4562.21745526	4560.26036379	0
1778909380	XAUUSD	M15	4558.25						4561.66646527	4560.96341453	0
1778910280	XAUUSD	M15	4557.64						4559.88974451	4560.42657952	1
1778911180	XAUUSD	M15	4559.25						4557.16801254	4558.79729603	0
1778912080	XAUUSD	M15	4550.41						4553.77154460	4556.28442032	0
1778912980	XAUUSD	M15	4550.33						4550.24236046	4553.26339039	0
1778913880	XAUUSD	M15	4553.54						4546.86539060	4550.06439050	0
1778914780	XAUUSD	M15	4545.92						4543.81743662	4546.94091356	0
1778915680	XAUUSD	M15	4538.50						4541.55420376	4544.24755866	0
1778916580	XAUUSD	M15	4539.19						4540.46507190	4542.35631528	0
1778917480	XAUUSD	M15	4540.46						4540.59611405	4541.47621467	0
1778918380	XAUUSD	M15	4539.71						4541.79995935	4541.63808701	1
1779095680	XAUUSD	M15	4548.40						4543.76564875	4542.70186788	0
1779096580	XAUUSD	M15	4541.41						4545.74296434	4544.22241611	0
1779097480	XAUUSD	M15	4549.91						4547.24382561	4545.73312086	0
1779098380	XAUUSD	M15	4546.03						4547.33278362	4546.53295224	0
1779099280	XAUUSD	M15	4541.66						4545.52083399	4546.02689312	1
1779100180	XAUUSD	M15	4538.19						4541.59751464	4543.81220388	0
1779101080	XAUUSD	M15	4539.39						4535.68285366	4539.74752877	0
1779101980	XAUUSD	M15	4537.11						4528.17878384	4533.96315631	0
1779102880	XAUUSD	M15	4526.43						4519.92907798	4526.94611714	0
1779103780	XAUUSD	M15	4516.11						4512.22783682	4519.58697698	0
1779104680	XAUUSD	M15	4481.80						4506.35575336	4512.97136517	0
1779105580	XAUUSD	M15	4515.89					4480.72000	4503.94283887	4508.45710202	0
1779106480	XAUUSD	M15	4496.04						4504.32717792	4506.39213997	0
1779107380	XAUUSD	M15	4503.99						4507.78012636	4507.08613316	1
1779108280	XAUUSD	M15	4512.74						4513.42495476	4510.25554396	0
1779109180	XAUUSD	M15	4525.48						4520.10373622	4515.17964009	0
1779110080	XAUUSD	M15	4537.04						4526.54858153	4520.86411081	0
1779110980	XAUUSD	M15	4533.69						4531.75722977	4526.31067029	0
1779111880	XAUUSD	M15	4536.37						4535.48820282	4530.89943655	0
1779112780	XAUUSD	M15	4533.69						4537.71543941	4534.30743798	0
1779113680	XAUUSD	M15	4529.45						4538.83647801	4536.57195799	0
1779114580	XAUUSD	M15	4536.01						4539.40921833	4537.99058816	0
1779115480	XAUUSD	M15	4545.64						4539.68333490	4538.83696153	0
1779116380	XAUUSD	M15	4541.14						4539.71121923	4539.27409038	0
1779117280	XAUUSD	M15	4544.30						4539.77251867	4539.52330452	0
1779118180	XAUUSD	M15	4532.85						4539.80260661	4539.66295557	0
1779119080	XAUUSD	M15	4541.67						4540.03285726	4539.84790641	0
1779119980	XAUUSD	M15	4540.66						4540.11154868	4539.97972755	0
1779120880	XAUUSD	M15	4538.26						4539.98037652	4539.98005203	0
1779121780	XAUUSD	M15	4548.64						4539.69694549	4539.83849876	1
1779122680	XAUUSD	M15	4539.77						4539.10319894	4539.47084885	0
1779123580	XAUUSD	M15	4531.09						4538.65487326	4539.06286105	0
1779124480	XAUUSD	M15	4537.42						4538.82791776	4538.94538941	0
1779125380	XAUUSD	M15	4537.45						4539.61197704	4539.27868323	1
1779126280	XAUUSD	M15	4540.72						4541.02588374	4540.15228348	0
1779127180	XAUUSD	M15	4546.89						4542.87455619	4541.51341984	0
1779128080	XAUUSD	M15	4543.75						4544.78851406	4543.15096695	0
1779128980	XAUUSD	M15	4550.61						4546.61856492	4544.88476593	0
1779129880	XAUUSD	M15	4549.30						4547.98533245	4546.43504919	0
1779130780	XAUUSD	M15	4546.30						4548.81014855	4547.62259887	0
1779131680	XAUUSD	M15	4547.05						4549.14717963	4548.38488925	0
1779132580	XAUUSD	M15	4547.92						4549.01162967	4548.69825946	0
1779133480	XAUUSD	M15	4548.11						4548.43021162	4548.56423554	1
1779134380	XAUUSD	M15	4549.95						4547.48828665	4548.02626110	0
1779135280	XAUUSD	M15	4546.45						4546.23345539	4547.12985825	0
1779136180	XAUUSD	M15	4544.98						4544.85014372	4545.99000098	0
1779137080	XAUUSD	M15	4542.91						4543.45838132	4544.72419115	0
1779137980	XAUUSD	M15	4543.23						4542.19014947	4543.45717031	0
1779138880	XAUUSD	M15	4539.25						4541.12863536	4542.29290284	0
1779139780	XAUUSD	M15	4539.64						4540.49000632	4541.39145458	0
1779140680	XAUUSD	M15	4543.74						4540.38572642	4540.88859050	0
1779141580	XAUUSD	M15	4540.26						4540.83879994	4540.86369522	0
1779142480	XAUUSD	M15	4539.54					4530.01000	4542.08036802	4541.47203162	1
1779143380	XAUUSD	M15	4536.47						4544.25318877	4542.86261020	0
1779144280	XAUUSD	M15	4561.99						4547.50388129	4545.18324574	0
1779145180	XAUUSD	M15	4550.65						4551.12988895	4548.15656735	0
1779146080	XAUUSD	M15	4553.50						4555.34519021	4551.75087878	0
1779146980	XAUUSD	M15	4550.67						4559.88805021	4555.81946449	0
1779147880	XAUUSD	M15	4569.76						4564.52595108	4560.17270778	0
1779148780	XAUUSD	M15	4571.32						4568.34630436	4564.25950607	0
1779149680	XAUUSD	M15	4567.76						4570.88679086	4567.57314847	0
1779150580	XAUUSD	M15	4571.72						4571.89368356	4569.73341601	0
1779151480	XAUUSD	M15	4566.48						4571.03116606	4570.38229103	0
1779152380	XAUUSD	M15	4575.63				4584.14000		4568.37435358	4569.37832231	1
1779153280	XAUUSD	M15	4564.31						4563.84802570	4566.61317401	0
1779154180	XAUUSD	M15	4561.85						4558.16263440	4562.38790420	0
1779155080	XAUUSD	M15	4547.79						4551.98322290	4557.18556355	0
1779155980	XAUUSD	M15	4546.69						4546.35123706	4551.76840030	0
1779156880	XAUUSD	M15	4540.53						4541.89623672	4546.83231851	0
1779157780	XAUUSD	M15	4534.69						4539.19526090	4543.01378971	0
1779158680	XAUUSD	M15	4538.63						4538.53350018	4540.77364495	0
1779159580	XAUUSD	M15	4543.55						4539.61551450	4540.19457972	0
1779160480	XAUUSD	M15	4548.68						4541.85239955	4541.02348963	1
1779161380	XAUUSD	M15	4537.08						4544.50420562	4542.76384763	0
1779162280	XAUUSD	M15	4543.26						4547.25037781	4545.00711272	0
1779163180	XAUUSD	M15	4550.18						4549.37917416	4547.19314344	0
1779164080	XAUUSD	M15	4553.20						4550.34530997	4548.76922671	0
1779164980	XAUUSD	M15	4553.91						4549.98818606	4549.37870638	0
1779165880	XAUUSD	M15	4548.20						4548.51734522	4548.94802580	1
1779166780	XAUUSD	M15	4546.99						4546.55838156	4547.75320368	0
1779167680	XAUUSD	M15	4545.23						4544.71902237	4546.23611303	0
1779168580	XAUUSD	M15	4541.94						4543.58734209	4544.91172756	0
1779169480	XAUUSD	M15	4541.54						4543.63383192	4544.27277974	0
1779170380	XAUUSD	M15	4535.50						4545.00196712	4544.63737343	1
1779171280	XAUUSD	M15	4554.45						4547.72281574	4546.18009458	0
1779172180	XAUUSD	M15	4551.54						4550.97766384	4548.57887921	0
1779173080	XAUUSD	M15	4558.16						4554.49919822	4551.53903872	0
1779173980	XAUUSD	M15	4558.30						4557.84358949	4554.69131410	0
1779174880	XAUUSD	M15	4562.31						4560.88786190	4557.78958800	0
1779175780	XAUUSD	M15	4563.27						4563.57394378	4560.68176589	0
1779176680	XAUUSD	M15	4564.53						4566.07211056	4563.37693823	0
1779177580	XAUUSD	M15	4566.15						4568.60217141	4565.98955482	0
1779182080	XAUUSD	M15	4573.35						4571.33100000	4568.66027741	0
1779182980	XAUUSD	M15	4572.87						4574.15944726	4571.40986234	0
1779183880	XAUUSD	M15	4576.59						4577.03485569	4574.22235901	0
1779184780	XAUUSD	M15	4573.61						4579.66097050	4576.94166475	0
1779185680	XAUUSD	M15	4585.64						4581.81559704	4579.37863090	0
1779186580	XAUUSD	M15	4585.82						4582.87467952	4581.12665521	0
1779187480	XAUUSD	M15	4585.56						4582.62903865	4581.87784693	0
1779188380	XAUUSD	M15	4581.89						4581.06400067	4581.47092380	1
1779189280	XAUUSD	M15	4578.88				4589.36000		4578.44343234	4579.95717807	0
1779190180	XAUUSD	M15	4573.64						4575.15301720	4577.55509764	0
1779191080	XAUUSD	M15	4570.93						4571.68765161	4574.62137462	0
1779191980	XAUUSD	M15	4563.51						4568.44240726	4571.53189094	0
1779192880	XAUUSD	M15	4565.86						4565.80856234	4568.67022664	0
1779193780	XAUUSD	M15	4559.49						4563.72912023	4566.19967343	0
1779194680	XAUUSD	M15	4570.67						4562.20507862	4564.20237603	0
1779195580	XAUUSD	M15	4563.98						4560.67810241	4562.44023922	0
1779196480	XAUUSD	M15	4554.74						4559.06013230	4560.75018576	0
1779197380	XAUUSD	M15	4559.84						4557.38719775	4559.06869176	0
1779198280	XAUUSD	M15	4556.29						4555.38990365	4557.22929770	0
1779199180	XAUUSD	M15	4547.20						4553.12362278	4555.17646024	0
1779200080	XAUUSD	M15	4551.96						4550.86719948	4553.02182986	0
1779200980	XAUUSD	M15	4549.17						4548.56505919	4550.79344452	0
1779201880	XAUUSD	M15	4547.74						4546.35359629	4548.57352041	0
1779202780	XAUUSD	M15	4545.29						4544.32722929	4546.45037485	0
1779203680	XAUUSD	M15	4540.25						4542.59761349	4544.52399417	0
1779204580	XAUUSD	M15	4540.40						4541.32003692	4542.92201554	0
1779205480	XAUUSD	M15	4539.81						4540.49831354	4541.71016454	0
1779206380	XAUUSD	M15	4542.44						4540.13449882	4540.92233168	0
1779207280	XAUUSD	M15	4544.88						4540.15257307	4540.53745238	0
1779208180	XAUUSD	M15	4538.61					4531.31000	4540.50115375	4540.51930307	0
1779209080	XAUUSD	M15	4538.72						4541.35814778	4540.93872542	1
1779209980	XAUUSD	M15	4540.81						4542.69581327	4541.81726935	0
1779210880	XAUUSD	M15	4542.06						4544.37555404	4543.09641169	0
1779211780	XAUUSD	M15	4547.85						4546.19776520	4544.64708845	0
1779212680	XAUUSD	M15	4552.25						4547.77238207	4546.20973526	0
1779213580	XAUUSD	M15	4548.06						4548.76706282	4547.48839904	0
1779214480	XAUUSD	M15	4548.68						4549.16354508	4548.32597206	0
1779215380	XAUUSD	M15	4548.41						4548.92887822	4548.62742514	0
1779216280	XAUUSD	M15	4542.24						4548.16039629	4548.39391071	1
1779217180	XAUUSD	M15	4557.24				4559.38000		4547.17393551	4547.78392311	0
1779218080	XAUUSD	M15	4546.38						4545.75182783	4546.76787547	0
1779218980	XAUUSD	M15	4538.46						4544.35021121	4545.55904334	0
1779219880	XAUUSD	M15	4543.21						4543.27620280	4544.41762307	0
1779220780	XAUUSD	M15	4542.77						4542.38575180	4543.40168744	0
1779221680	XAUUSD	M15	4539.64						4541.58585793	4542.49377268	0
1779222580	XAUUSD	M15	4540.64						4540.82611895	4541.65994582	0
1779223480	XAUUSD	M15	4539.59						4539.98723359	4540.82358970	0
1779224380	XAUUSD	M15	4541.86						4539.09427028	4539.95892999	0
1779225280	XAUUSD	M15	4541.51						4538.19724128	4539.07808564	0
1779226180	XAUUSD	M15	4539.91						4537.51417766	4538.29613165	0
1779227080	XAUUSD	M15	4529.39						4537.32153386	4537.80883276	0
1779227980	XAUUSD	M15	4544.71						4538.02555895	4537.91719585	1
1779228880	XAUUSD	M15	4536.84						4539.15820244	4538.53769915	0
1779229780	XAUUSD	M15	4539.37						4540.63916930	4539.58843422	0
1779230680	XAUUSD	M15	4542.24						4541.90585752	4540.74714587	0
1779231580	XAUUSD	M15	4530.82						4542.23894073	4541.49304330	0
1779232480	XAUUSD	M15	4542.29						4541.27970286	4541.38637308	1
1779233380	XAUUSD	M15	4543.60						4538.19010572	4539.78823940	0
1779234280	XAUUSD	M15	4537.29						4532.69944360	4536.24384150	0
1779235180	XAUUSD	M15	4537.27						4525.14286664	4530.69335407	0
1779236080	XAUUSD	M15	4524.35						4516.08880222	4523.39107814	0
1779236980	XAUUSD	M15	4491.86						4506.73716691	4515.06412252	0
1779237880	XAUUSD	M15	4476.25					4464.78000	4498.86775892	4506.96594072	0
1779238780	XAUUSD	M15	4504.37						4493.57969138	4500.27281605	0
1779239680	XAUUSD	M15	4492.64						4490.42705621	4495.34993613	0
1779240580	XAUUSD	M15	4490.09						4489.65104052	4492.50048832	0
1779241480	XAUUSD	M15	4494.63						4490.94755321	4491.72402077	0
1779242380	XAUUSD	M15	4494.11						4493.60962856	4492.66682466	1
1779243280	XAUUSD	M15	4499.33						4496.99381483	4494.83031975	0
1779244180	XAUUSD	M15	4498.85						4500.37342481	4497.60187228	0
1779245080	XAUUSD	M15	4502.15						4503.33501450	4500.46844339	0
1779245980	XAUUSD	M15	4508.45						4505.57810515	4503.02327427	0
1779246880	XAUUSD	M15	4500.96						4506.90804519	4504.96565973	0
1779247780	XAUUSD	M15	4508.76						4507.63170881	4506.29868427	0
1779248680	XAUUSD	M15	4505.93						4507.72013583	4507.00941005	0
1779249580	XAUUSD	M15	4507.67						4507.41351541	4507.21146273	0
1779250480	XAUUSD	M15	4510.32						4506.77188665	4506.99167469	1
1779251380	XAUUSD	M15	4506.99						4505.75601661	4506.37384565	0
1779252280	XAUUSD	M15	4504.47						4504.41921638	4505.39653102	0
1779253180	XAUUSD	M15	4500.82						4502.77927333	4504.08790217	0
1779254080	XAUUSD	M15	4501.02						4500.89928910	4502.49359564	0
1779254980	XAUUSD	M15	4496.08						4498.78776707	4500.64068135	0
1779255880	XAUUSD	M15	4499.14						4496.61458000	4498.62763067	0
1779256780	XAUUSD	M15	4493.67						4494.36678079	4496.49720573	0
1779257680	XAUUSD	M15	4497.06						4492.24502376	4494.37111475	0
1779258580	XAUUSD	M15	4487.05						4490.18367637	4492.27739556	0
1779259480	XAUUSD	M15	4488.34						4488.42551485	4490.35145520	0
1779260380	XAUUSD	M15	4483.39						4486.85491613	4488.60318566	0
1779261280	XAUUSD	M15	4485.62						4485.50504563	4487.05411565	0
1779262180	XAUUSD	M15	4486.23						4484.23786790	4485.64599177	0
1779263080	XAUUSD	M15	4483.44						4483.02430396	4484.33514787	0
1779263980	XAUUSD	M15	4482.04						4482.01277258	4483.17396022	0
1779268480	XAUUSD	M15	4483.10						4481.38899509	4482.28147766	0
1779269380	XAUUSD	M15	4479.38						4481.29003243	4481.78575504	0
1779270280	XAUUSD	M15	4482.20						4481.95639994	4481.87107749	1
1779271180	XAUUSD	M15	4484.57						4483.40284987	4482.63696368	0
1779272080	XAUUSD	M15	4486.29						4485.54401505	4484.09048937	0
1779272980	XAUUSD	M15	4486.08						4488.19095782	4486.14072359	0
1779273880	XAUUSD	M15	4492.36						4491.08163693	4488.61118026	0
1779274780	XAUUSD	M15	4489.39						4493.68779011	4491.14948519	0
1779275680	XAUUSD	M15	4488.70						4495.69627040	4493.42287779	0
1779276580	XAUUSD	M15	4502.09						4496.76426153	4495.09356966	0
1779277480	XAUUSD	M15	4505.31						4496.28468458	4495.68912712	0
1779278380	XAUUSD	M15	4500.98				4508.81000		4494.11081989	4494.89997351	1
1779279280	XAUUSD	M15	4492.55						4490.50685799	4492.70341575	0
1779280180	XAUUSD	M15	4473.63						4486.01913833	4489.36127704	0
1779281080	XAUUSD	M15	4466.76						4481.51418280	4485.43772992	0
1779281980	XAUUSD	M15	4481.43						4477.46142825	4481.44957909	0
1779282880	XAUUSD	M15	4481.51						4473.62867203	4477.53912556	0
1779283780	XAUUSD	M15	4481.65						4470.07847914	4473.80880235	0
1779284680	XAUUSD	M15	4460.70						4466.84759477	4470.32819856	0
1779285580	XAUUSD	M15	4465.36						4464.51256145	4467.42038001	0
1779286480	XAUUSD	M15	4458.01					4453.69000	4462.93724337	4465.17881169	0
1779287380	XAUUSD	M15	4461.04						4462.25120304	4463.71500737	0
1779288280	XAUUSD	M15	4460.76						4462.26713024	4462.99106881	0
1779289180	XAUUSD	M15	4463.87						4462.84976399	4462.92041640	0
1779290080	XAUUSD	M15	4469.23						4463.75891642	4463.33966641	1
1779290980	XAUUSD	M15	4465.23						4464.71016634	4464.02491637	0
1779291880	XAUUSD	M15	4463.04						4465.70759688	4464.86625663	0
1779292780	XAUUSD	M15	4462.32						4466.74555305	4465.80590484	0
1779293680	XAUUSD	M15	4469.40						4467.80700166	4466.80645325	0
1779294580	XAUUSD	M15	4468.46						4468.70799571	4467.75722448	0
1779295480	XAUUSD	M15	4472.35						4469.53984973	4468.64853710	0
1779296380	XAUUSD	M15	4472.86						4470.31890388	4469.48372049	0
1779297280	XAUUSD	M15	4471.69						4471.19327047	4470.33849548	0
1779298180	XAUUSD	M15	4472.01						4472.34121098	4471.33985323	0
1779299080	XAUUSD	M15	4467.05						4473.84454373	4472.59219848	0
1779299980	XAUUSD	M15	4474.48						4475.81522672	4474.20371260	0
1779300880	XAUUSD	M15	4481.19						4477.90657788	4476.05514524	0
1779301780	XAUUSD	M15	4482.73						4479.72640991	4477.89077757	0
1779302680	XAUUSD	M15	4481.42						4481.04865981	4479.46971869	0
1779303580	XAUUSD	M15	4478.53						4481.81843192	4480.64407531	0
1779304480	XAUUSD	M15	4482.43						4482.12626651	4481.38517091	0
1779305380	XAUUSD	M15	4485.96						4481.98822457	4481.68669774	0
1779306280	XAUUSD	M15	4479.29						4481.52504937	4481.60587355	1
1779307180	XAUUSD	M15	4484.07						4481.16627995	4481.38607675	0
1779308080	XAUUSD	M15	4480.24						4481.02460788	4481.20534232	0
1779308980	XAUUSD	M15	4474.18						4481.36650877	4481.28592554	1
1779309880	XAUUSD	M15	4483.20						4482.43477566	4481.86035060	0
1779310780	XAUUSD	M15	4484.82						4484.00463642	4482.93249351	0
1779311680	XAUUSD	M15	4488.08						4486.00799486	4484.47024419	0
1779312580	XAUUSD	M15	4488.96						4488.32441640	4486.39733029	0
1779313480	XAUUSD	M15	4494.32						4490.87589575	4488.63661302	0
1779314380	XAUUSD	M15	4494.72						4493.44904754	4491.04283028	0
1779315280	XAUUSD	M15	4493.06						4495.92081666	4493.48182347	0
1779316180	XAUUSD	M15	4499.95						4498.17180520	4495.82681434	0
1779317080	XAUUSD	M15	4495.23						4499.80469944	4497.81575689	0
1779317980	XAUUSD	M15	4499.19						4500.72544658	4499.27060174	0
1779318880	XAUUSD	M15	4496.55						4500.66517470	4499.96788822	0
1779319780	XAUUSD	M15	4499.44						4499.64231937	4499.80510379	1
1779320680	XAUUSD	M15	4502.91						4497.70639333	4498.75574856	0
1779321580	XAUUSD	M15	4496.24						4495.11121037	4496.93347947	0
1779322480	XAUUSD	M15	4505.15						4492.59830545	4494.76589246	0
1779323380	XAUUSD	M15	4489.39						4490.63663458	4492.70126352	0
1779324280	XAUUSD	M15	4490.04						4490.34699068	4491.52412710	0
1779325180	XAUUSD	M15	4483.07						4492.23514246	4491.87963478	1
1779326080	XAUUSD	M15	4477.09					4467.07000	4496.66186959	4494.27075219	0
1779326980	XAUUSD	M15	4506.89						4503.52347476	4498.89711347	0
1779327880	XAUUSD	M15	4520.57						4511.38087150	4505.13899249	0
1779328780	XAUUSD	M15	4531.24						4519.04949438	4512.09424343	0
1779329680	XAUUSD	M15	4524.50						4525.50764436	4518.80094390	0
1779330580	XAUUSD	M15	4529.44				4552.71000		4530.43630551	4524.61862470	0
1779331480	XAUUSD	M15	4536.71						4533.51742179	4529.06802325	0
1779332380	XAUUSD	M15	4529.09						4534.69442051	4531.88122188	0
1779333280	XAUUSD	M15	4533.67						4534.56963403	4533.22542795	0
1779334180	XAUUSD	M15	4525.91						4533.56920415	4533.39731605	0
1779335080	XAUUSD	M15	4533.24						4532.44813529	4532.92272567	1
1779335980	XAUUSD	M15	4534.33						4531.45861018	4532.19066793	0
1779336880	XAUUSD	M15	4534.35						4530.87525923	4531.53296358	0
1779337780	XAUUSD	M15	4532.40						4530.85699144	4531.19497751	0
1779338680	XAUUSD	M15	4533.16						4531.50218501	4531.34858126	1
1779339580	XAUUSD	M15	4531.54						4532.74978795	4532.04918460	0
1779340480	XAUUSD	M15	4532.91						4534.54322355	4533.29620408	0
1779341380	XAUUSD	M15	4535.04						4536.70612292	4535.00116350	0
1779342280	XAUUSD	M15	4537.27						4539.02003831	4537.01060090	0
1779343180	XAUUSD	M15	4542.38						4541.26303678	4539.13681884	0
1779344080	XAUUSD	M15	4543.80						4543.16317283	4541.14999583	0
1779344980	XAUUSD	M15	4545.07						4544.59993436	4542.87496510	0
1779345880	XAUUSD	M15	4546.38						4545.50995483	4544.19245996	0
1779346780	XAUUSD	M15	4545.72						4545.87241641	4545.03243819	0
1779347680	XAUUSD	M15	4546.69						4545.75304085	4545.39273952	0
1779348580	XAUUSD	M15	4545.66						4545.20543608	4545.29908780	1
1779349480	XAUUSD	M15	4543.49						4544.35336237	4544.82622508	0
1779350380	XAUUSD	M15	4543.70						4543.34857705	4544.08740107	0
1779354880	XAUUSD	M15	4540.05						4542.27321603	4543.18030855	0
1779355780	XAUUSD	M15	4538.99						4541.28266083	4542.23148469	0
1779356680	XAUUSD	M15	4542.30						4540.44909632	4541.34029051	0
1779357580	XAUUSD	M15	4539.91						4539.73882111	4540.53955581	0
1779358480	XAUUSD	M15	4539.94						4539.31104058	4539.92529820	0
1779359380	XAUUSD	M15	4538.57						4539.34424162	4539.63476991	0
1779360280	XAUUSD	M15	4542.91						4540.09185899	4539.86331445	1
1779361180	XAUUSD	M15	4546.52						4541.63507867	4540.74919656	0
1779362080	XAUUSD	M15	4544.94						4543.97926067	4542.36422861	0
1779362980	XAUUSD	M15	4543.53						4547.10758977	4544.73590919	0
1779363880	XAUUSD	M15	4543.73						4550.79772498	4547.76681709	0
1779364780	XAUUSD	M15	4545.14						4554.57029023	4551.16855366	0
1779365680	XAUUSD	M15	4559.89						4557.78620500	4554.47737933	0
1779366580	XAUUSD	M15	4566.81						4559.46693218	4556.97215575	0
1779367480	XAUUSD	M15	4567.96				4570.99000		4559.04029442	4558.00622508	0
1779368380	XAUUSD	M15	4561.02						4556.42299579	4557.21461044	1
1779369280	XAUUSD	M15	4551.77						4552.11053654	4554.66257349	0
1779370180	XAUUSD	M15	4540.47						4546.93606587	4550.79931968	0
1779371080	XAUUSD	M15	4536.41						4541.88738461	4546.34335214	0
1779371980	XAUUSD	M15	4533.15						4537.67070417	4542.00702816	0
1779372880	XAUUSD	M15	4537.88						4534.75274009	4538.37988413	0
1779373780	XAUUSD	M15	4535.69						4533.10735272	4535.74361842	0
1779374680	XAUUSD	M15	4533.86						4532.63417740	4534.18889791	0
1779375580	XAUUSD	M15	4528.50						4533.03281235	4533.61085513	0
1779376480	XAUUSD	M15	4536.17						4533.99217708	4533.80151611	1
1779377380	XAUUSD	M15	4539.56						4534.85381963	4534.32766787	0
1779378280	XAUUSD	M15	4537.29						4535.17525199	4534.75145993	0
1779379180	XAUUSD	M15	4538.59						4534.82915598	4534.79030795	0
1779380080	XAUUSD	M15	4530.70						4533.76116716	4534.27573756	1
1779380980	XAUUSD	M15	4523.48						4532.26776416	4533.27175086	0
1779381880	XAUUSD	M15	4526.01						4530.65882678	4531.96528882	0
1779382780	XAUUSD	M15	4528.09						4528.94783215	4530.45656049	0
1779383680	XAUUSD	M15	4531.55						4527.11260394	4528.78458221	0
1779384580	XAUUSD	M15	4533.10						4525.10105203	4526.94281712	0
1779385480	XAUUSD	M15	4525.00						4522.97630146	4524.95955929	0
1779386380	XAUUSD	M15	4521.54						4521.16267838	4523.06111884	0
1779387280	XAUUSD	M15	4520.64						4520.02802901	4521.54457392	0
1779388180	XAUUSD	M15	4512.95						4519.86541738	4520.70499565	0
1779389080	XAUUSD	M15	4516.43						4521.04602719	4520.87551142	1
1779389980	XAUUSD	M15	4519.69						4523.45777590	4522.16664366	0
1779390880	XAUUSD	M15	4534.30						4526.76493695	4524.46579030	0
1779391780	XAUUSD	M15	4535.71						4530.14414246	4527.30496638	0
1779392680	XAUUSD	M15	4529.13						4533.03927205	4530.17211921	0
1779393580	XAUUSD	M15	4532.63						4535.13117925	4532.65164923	0
1779394480	XAUUSD	M15	4538.02						4535.95630673	4534.30397798	0
1779395380	XAUUSD	M15	4536.91						4535.20223244	4534.75310521	0
1779396280	XAUUSD	M15	4529.86				4542.70000		4532.98111538	4533.86711029	1
1779397180	XAUUSD	M15	4530.66						4529.77719708	4531.82215369	0
1779398080	XAUUSD	M15	4532.75						4525.99094852	4528.90655110	0
1779398980	XAUUSD	M15	4517.97						4522.02325530	4525.46490320	0
1779399880	XAUUSD	M15	4517.01						4518.65392735	4522.05941527	0
1779400780	XAUUSD	M15	4511.55						4516.12608918	4519.09275223	0
1779401680	XAUUSD	M15	4516.35						4514.56727009	4516.83001116	0
1779402580	XAUUSD	M15	4514.08						4513.62302445	4515.22651781	0
1779403480	XAUUSD	M15	4512.23						4513.00552859	4514.11602320	0
1779404380	XAUUSD	M15	4514.16						4512.38471486	4513.25036903	0
1779405280	XAUUSD	M15	4514.72						4511.41950828	4512.33493865	0
1779406180	XAUUSD	M15	4507.14						4509.97772063	4511.15632964	0
1779407080	XAUUSD	M15	4515.02						4508.33432661	4509.74532813	0
1779407980	XAUUSD	M15	4504.15						4506.50755926	4508.12644370	0
1779408880	XAUUSD	M15	4502.33						4505.06911580	4506.59777975	0
1779409780	XAUUSD	M15	4500.43						4504.29750443	4505.44764209	0
1779410680	XAUUSD	M15	4498.02					4488.72000	4504.32341991	4504.88553100	0
1779411580	XAUUSD	M15	4513.11						4505.10536871	4504.99544986	1
1779412480	XAUUSD	M15	4508.27						4505.99730305	4505.49637645	0
1779413380	XAUUSD	M15	4507.45						4506.84405047	4506.17021346	0
1779414280	XAUUSD	M15	4504.87						4507.44418087	4506.80719717	0
1779415180	XAUUSD	M15	4508.93						4507.77319044	4507.29019380	0
1779416080	XAUUSD	M15	4510.02						4507.80766873	4507.54893127	0
1779416980	XAUUSD	M15	4503.30						4507.78585370	4507.66739248	0
1779417880	XAUUSD	M15	4506.81						4508.28026699	4507.97382973	0
1779418780	XAUUSD	M15	4511.95						4509.62669084	4508.80026029	0
1779419680	XAUUSD	M15	4517.28						4512.05527831	4510.42776930	0
1779420580	XAUUSD	M15	4516.53						4515.64639364	4513.03708147	0
1779421480	XAUUSD	M15	4518.10						4520.43723203	4516.73715675	0
1779422380	XAUUSD	M15	4519.46						4526.16546598	4521.45131137	0
1779423280	XAUUSD	M15	4526.17						4532.35886391	4526.90508764	0
1779424180	XAUUSD	M15	4541.73						4538.27325981	4532.58917373	0
1779425080	XAUUSD	M15	4548.25						4542.93874943	4537.76396158	0
1779425980	XAUUSD	M15	4551.54				4559.28000		4545.80814017	4541.78605088	0
1779426880	XAUUSD	M15	4546.07						4546.72210086	4544.25407587	0
1779427780	XAUUSD	M15	4548.26						4546.05823523	4545.15615555	0
1779428680	XAUUSD	M15	4545.32						4544.23277166	4544.69446361	1
1779429580	XAUUSD	M15	4532.02						4541.92010737	4543.30728549	0
1779430480	XAUUSD	M15	4537.92						4540.04286560	4541.67507555	0
1779431380	XAUUSD	M15	4538.90						4538.84731129	4540.26119342	0
1779432280	XAUUSD	M15	4539.39						4538.48517166	4539.37318254	0
1779433180	XAUUSD	M15	4542.66						4538.91151272	4539.14234763	0
1779434080	XAUUSD	M15	4542.55						4539.84790579	4539.49512671	1
1779434980	XAUUSD	M15	4541.35						4541.01828766	4540.25670718	0
1779435880	XAUUSD	M15	4540.78						4542.17277053	4541.21473886	0
1779436780	XAUUSD	M15	4543.19						4543.08215184	4542.14844535	0
1779441280	XAUUSD	M15	4541.85						4543.51334813	4542.83089674	0
1779442180	XAUUSD	M15	4541.01						4543.42059305	4543.12574489	0
1779443080	XAUUSD	M15	4542.67						4542.84087065	4542.98330777	1
1779443980	XAUUSD	M15	4543.34						4541.81290170	4542.39810474	0
1779444880	XAUUSD	M15	4543.69						4540.43666397	4541.41738435	0
1779445780	XAUUSD	M15	4540.48						4538.83343031	4540.12540733	0
1779446680	XAUUSD	M15	4533.30						4537.20615732	4538.66578232	0
1779447580	XAUUSD	M15	4535.51						4535.81868445	4537.24223339	0
1779448480	XAUUSD	M15	4531.40						4534.60951613	4535.92587476	0
1779449380	XAUUSD	M15	4536.23						4533.60991687	4534.76789581	0
1779450280	XAUUSD	M15	4538.02						4532.56930949	4533.66860265	0
1779451180	XAUUSD	M15	4526.73						4531.32378445	4532.49619355	0
1779452080	XAUUSD	M15	4529.78						4530.09201487	4531.29410421	0
1779452980	XAUUSD	M15	4529.26						4528.75456354	4530.02433388	0
1779453880	XAUUSD	M15	4525.20						4527.32752677	4528.67593032	0
1779454780	XAUUSD	M15	4526.48						4525.96918289	4527.32255661	0
1779455680	XAUUSD	M15	4527.72						4524.73268362	4526.02762011	0
1779456580	XAUUSD	M15	4524.61						4523.70289511	4524.86525761	0
1779457480	XAUUSD	M15	4522.61						4523.09227589	4523.97876675	0
1779458380	XAUUSD	M15	4523.29						4523.05771701	4523.51824188	0
1779459280	XAUUSD	M15	4521.17						4523.61786152	4523.56805170	1
1779460180	XAUUSD	M15	4521.79						4524.76570671	4524.16687921	0
1779461080	XAUUSD	M15	4526.96						4526.29905375	4525.23296648	0
1779461980	XAUUSD	M15	4529.39						4527.80302271	4526.51799459	0
1779462880	XAUUSD	M15	4529.10						4528.92786203	4527.72292831	0
1779463780	XAUUSD	M15	4532.28						4529.45792101	4528.59042466	0
1779464680	XAUUSD	M15	4529.22						4529.21459125	4528.90250796	0
1779465580	XAUUSD	M15	4527.31						4528.33548938	4528.61899867	1
1779466480	XAUUSD	M15	4525.39						4527.06769123	4527.84334495	0
1779467380	XAUUSD	M15	4525.91						4525.72437700	4526.78386097	0
1779468280	XAUUSD	M15	4534.10						4524.54041979	4525.66214038	0
1779469180	XAUUSD	M15	4511.19					4507.44000	4523.49097776	4524.57655907	0
1779470080	XAUUSD	M15	4521.73						4523.26326848	4523.91991378	0
1779470980	XAUUSD	M15	4525.21						4523.50369253	4523.71180315	0
1779471880	XAUUSD	M15	4526.73						4523.91898631	4523.81539473	1
1779472780	XAUUSD	M15	4526.89						4524.24039388	4524.02789430	0
1779473680	XAUUSD	M15	4522.52						4524.27901117	4524.15345274	0
1779474580	XAUUSD	M15	4525.83						4524.05940463	4524.10642869	1
1779475480	XAUUSD	M15	4519.94						4523.52081929	4523.81362399	0
1779476380	XAUUSD	M15	4521.86						4522.95028770	4523.38195584	0
1779477280	XAUUSD	M15	4524.81						4522.48260248	4522.93227916	0
1779478180	XAUUSD	M15	4526.55						4522.22909475	4522.58068695	0
1779479080	XAUUSD	M15	4522.51						4522.27744879	4522.42906787	0
1779479980	XAUUSD	M15	4521.89						4522.75177992	4522.59042390	1
1779480880	XAUUSD	M15	4517.29						4523.53648807	4523.06345599	0
1779481780	XAUUSD	M15	4517.84						4524.48144098	4523.77244848	0
1779482680	XAUUSD	M15	4525.20						4525.21447482	4524.49346165	0
1779483580	XAUUSD	M15	4532.21						4525.21184033	4524.85265099	0
1779484480	XAUUSD	M15	4533.84				4536.83000		4524.12828298	4524.49046698	1
1779485380	XAUUSD	M15	4524.74						4522.04193745	4523.26620221	0
1779486280	XAUUSD	M15	4512.48						4519.59032999	4521.42826610	0
1779487180	XAUUSD	M15	4514.71						4517.63918631	4519.53372621	0
1779488080	XAUUSD	M15	4516.00						4516.62508020	4518.07940321	0
1779488980	XAUUSD	M15	4512.08						4516.81801393	4517.44870857	0
1779489880	XAUUSD	M15	4521.73						4518.33920589	4517.89395723	1
1779490780	XAUUSD	M15	4520.69						4520.64177415	4519.26786569	0
1779491680	XAUUSD	M15	4529.32						4523.21317011	4521.24051790	0
1779492580	XAUUSD	M15	4521.71						4525.17409352	4523.20730571	0
1779493480	XAUUSD	M15	4518.67						4526.11674009	4524.66202290	0
1779494380	XAUUSD	M15	4528.32						4525.68334996	4525.17268643	0
1779495280	XAUUSD	M15	4528.24						4523.45929999	4524.31599321	1
1779496180	XAUUSD	M15	4522.19						4519.64310655	4521.97954988	0
1779497080	XAUUSD	M15	4517.71						4514.92766648	4518.45360818	0
1779497980	XAUUSD	M15	4513.66						4510.13472296	4514.29416557	0
1779498880	XAUUSD	M15	4497.33						4506.12868656	4510.21142607	0
1779499780	XAUUSD	M15	4499.05					4491.93000	4503.94967320	4507.08054963	0
1779500680	XAUUSD	M15	4504.57						4503.84242920	4505.46148942	0
1779501580	XAUUSD	M15	4500.62						4505.56711600	4505.51430271	1
1779502480	XAUUSD	M15	4511.26						4508.79796143	4507.15613207	0
1779503380	XAUUSD	M15	4519.27						4512.61458979	4509.88536093	0
1779504280	XAUUSD	M15	4518.20						4516.14034653	4513.01285373	0
1779505180	XAUUSD	M15	4520.08						4518.88786511	4515.95035942	0
1779506080	XAUUSD	M15	4519.65						4520.54972823	4518.25004382	0
1779506980	XAUUSD	M15	4523.74						4521.16353424	4519.70678903	0
1779507880	XAUUSD	M15	4514.95						4520.87698323	4520.29188613	0
1779508780	XAUUSD	M15	4515.01						4520.30009784	4520.29599199	0
1779509680	XAUUSD	M15	4519.29						4519.77118046	4520.03358622	1
1779510580	XAUUSD	M15	4525.36						4519.38216080	4519.70787351	0
1779511480	XAUUSD	M15	4522.20						4518.99746807	4519.35267079	0
1779512380	XAUUSD	M15	4519.21						4518.57223084	4518.96245081	0
1779513280	XAUUSD	M15	4513.86						4517.94034818	4518.45139950	0
1779514180	XAUUSD	M15	4515.39						4516.94458476	4517.69799213	0
1779515080	XAUUSD	M15	4515.23						4515.30301541	4516.50050377	0
1779515980	XAUUSD	M15	4514.89						4512.94554575	4514.72302476	0
1779516880	XAUUSD	M15	4507.27						4510.05378869	4512.38840673	0
1779517780	XAUUSD	M15	4507.18						4507.25699208	4509.82269940	0
1779518680	XAUUSD	M15	4509.65					4504.39000	4505.18721015	4507.50495478	0
1779519580	XAUUSD	M15	4508.39						4504.49857872	4506.00176675	0
1779520480	XAUUSD	M15	4507.97						4505.90143622	4505.95160148	0
1779521380	XAUUSD	M15	4510.33						4509.88154875	4507.91657512	1
1779522280	XAUUSD	M15	4504.85						4516.52915374	4512.22286443	0
1779523180	XAUUSD	M15	4507.78						4525.76188932	4518.99237688	0
1779700480	XAUUSD	M15	4555.09						4536.88957795	4527.94097741	0
1779701380	XAUUSD	M15	4552.24						4547.80201682	4537.87149712	0
1779702280	XAUUSD	M15	4558.35						4557.72987891	4547.80068801	0
1779703180	XAUUSD	M15	4565.13						4565.86888824	4556.83478813	0
1779704080	XAUUSD	M15	4574.48						4571.68739873	4564.26109343	0
1779704980	XAUUSD	M15	4575.24						4574.93345151	4569.59727247	0
1779705880	XAUUSD	M15	4577.25				4579.98000		4575.91969924	4572.75848586	0
1779706780	XAUUSD	M15	4566.99						4575.16386044	4573.96117315	0
1779707680	XAUUSD	M15	4572.72						4573.60852724	4573.78485020	1
1779708580	XAUUSD	M15	4572.32						4571.70734870	4572.74609945	0
1779709480	XAUUSD	M15	4571.62						4569.90178215	4571.32394080	0
1779710380	XAUUSD	M15	4569.45						4568.43939561	4569.88166820	0
1779711280	XAUUSD	M15	4565.85						4567.40148116	4568.64157468	0
1779712180	XAUUSD	M15	4573.81						4566.74773892	4567.69465680	0
1779713080	XAUUSD	M15	4563.27						4566.05552366	4566.87509023	0
1779713980	XAUUSD	M15	4562.89						4565.41126808	4566.14317916	0
1779714880	XAUUSD	M15	4561.95						4564.70672684	4565.42495300	0
1779715780	XAUUSD	M15	4562.95						4563.94170120	4564.68332710	0
1779716680	XAUUSD	M15	4569.57						4563.15108906	4563.91720808	0
1779717580	XAUUSD	M15	4561.41						4562.28511866	4563.10116337	0
1779718480	XAUUSD	M15	4563.13						4561.69938982	4562.40027660	0
1779719380	XAUUSD	M15	4560.67						4561.43858155	4561.91942907	0
1779720280	XAUUSD	M15	4558.52						4561.55022773	4561.73482840	0
1779721180	XAUUSD	M15	4559.60	4543.18896	4593.75838	4488.80070			4561.95539165	4561.84511003	1
1779722080	XAUUSD	M15	4560.78	4543.09480	4593.66422	4488.70654			4562.39225201	4562.11868102	0
1779722980	XAUUSD	M15	4565.22	4543.00064	4593.57007	4488.61238			4562.56861221	4562.34364661	0
1779723880	XAUUSD	M15	4562.39	4542.90648	4593.47591	4488.51822			4562.17347074	4562.25855868	1
1779724780	XAUUSD	M15	4564.95	4542.81232	4593.38175	4488.42406			4561.22862821	4561.74359344	0
1779725680	XAUUSD	M15	4563.55	4542.71816	4593.28759	4488.32990			4559.76191398	4560.75275371	0
1779726580	XAUUSD	M15	4554.15	4542.62400	4593.19343	4488.23574			4558.03808108	4559.39541740	0
1779727480	XAUUSD	M15	4557.05	4542.52985	4593.09927	4488.14158			4556.59140086	4557.99340913	0
1779728380	XAUUSD	M15	4553.35	4542.43569	4593.00511	4488.04742			4555.60166151	4556.79753532	0
1779729280	XAUUSD	M15	4553.81	4542.34153	4592.91095	4487.95326		4550.48000	4555.34340476	4556.07047004	0
1779730180	XAUUSD	M15	4554.24	4542.24737	4592.81679	4487.85911			4555.82143168	4555.94595086	0
1779731080	XAUUSD	M15	4556.45	4542.15321	4592.72263	4487.76495			4556.87506489	4556.41050787	1
1779731980	XAUUSD	M15	4562.55	4542.05905	4592.62847	4487.67079			4558.16495129	4557.28772958	0
1779732880	XAUUSD	M15	4560.82	4541.96489	4592.53431	4487.57663			4559.21140000	4558.24956479	0
1779733780	XAUUSD	M15	4554.45	4541.87073	4592.44015	4487.48247			4559.79626482	4559.02291480	0
1779734680	XAUUSD	M15	4559.95	4541.77657	4592.34600	4487.38831			4559.94528307	4559.48409894	0
1779735580	XAUUSD	M15	4564.79	4541.68241	4592.25184	4487.29415			4559.51188327	4559.49799110	0
1779736480	XAUUSD	M15	4561.10	4541.58825	4592.15768	4487.19999			4558.53861534	4559.01830322	1
1779737380	XAUUSD	M15	4555.00	4541.49409	4592.06352	4487.10583			4557.45287526	4558.23558924	0
1779738280	XAUUSD	M15	4554.60	4541.39993	4591.96936	4487.01167			4556.81184472	4557.52371698	0
1779739180	XAUUSD	M15	4556.12	4541.30578	4591.87520	4486.91751			4556.97158336	4557.24765017	0
1779740080	XAUUSD	M15	4555.50	4541.21162	4591.78104	4486.82335			4558.09341711	4557.67053364	1
1779740980	XAUUSD	M15	4558.92	4541.11746	4591.68688	4486.72919			4560.20533378	4558.93793371	0
1779741880	XAUUSD	M15	4565.76	4541.02330	4591.59272	4486.63504			4563.02323538	4560.98058455	0
1779742780	XAUUSD	M15	4567.56	4540.92914	4591.49856	4486.54088			4566.02942334	4563.50500394	0
1779743680	XAUUSD	M15	4571.91	4540.83498	4591.40440	4486.44672			4568.79666096	4566.15083245	0
1779744580	XAUUSD	M15	4570.92	4540.74082	4591.31024	4486.35256			4570.88300974	4568.51692110	0
1779745480	XAUUSD	M15	4570.18	4540.64666	4591.21608	4486.25840			4572.10804472	4570.31248291	0
1779746380	XAUUSD	M15	4568.68	4540.55250	4591.12192	4486.16424			4572.41927973	4571.36588132	0
1779747280	XAUUSD	M15	4572.11	4540.45834	4591.02777	4486.07008			4571.91915574	4571.64251853	0
1779748180	XAUUSD	M15	4571.66	4540.36418	4590.93361	4485.97592			4570.68627817	4571.16439835	1
1779749080	XAUUSD	M15	4574.51	4540.27002	4590.83945	4485.88176			4568.97592231	4570.07016033	0
1779749980	XAUUSD	M15	4569.45	4540.17586	4590.74529	4485.78760	4577.02000		4566.99308166	4568.53162100	0
1779750880	XAUUSD	M15	4556.34	4540.08170	4590.65113	4485.69344			4565.14250004	4566.83706052	0
1779751780	XAUUSD	M15	4560.54	4539.98755	4590.55697	4485.59928		4552.93000	4563.96888958	4565.40297505	0
1779752680	XAUUSD	M15	4566.48	4539.89339	4590.46281	4485.50512			4563.43448909	4564.41873207	0
1779753580	XAUUSD	M15	4567.73	4539.79923	4590.36865	4485.41096			4563.34257508	4563.88065357	0
1779754480	XAUUSD	M15	4564.31	4539.70507	4590.27449	4485.31681			4563.55291637	4563.71678497	0
1779755380	XAUUSD	M15	4561.81	4539.61091	4590.18033	4485.22265			4564.02876644	4563.87277571	1
1779756280	XAUUSD	M15	4565.20	4539.51675	4590.08617	4485.12849			4564.71973576	4564.29625573	0
1779757180	XAUUSD	M15	4563.08	4539.42259	4589.99201	4485.03433			4565.44975352	4564.87300463	0
1779758080	XAUUSD	M15	4567.75	4539.32843	4589.89785	4484.94017			4566.23226797	4565.55263630	0
1779758980	XAUUSD	M15	4567.88	4539.23427	4589.80370	4484.84601			4566.94955060	4566.25109345	0
1779759880	XAUUSD	M15	4566.97	4539.14011	4589.70954	4484.75185			4567.64534640	4566.94821992	0
1779760780	XAUUSD	M15	4566.85	4539.04595	4589.61538	4484.65769			4568.40983065	4567.67902529	0
1779761680	XAUUSD	M15	4570.16	4538.95179	4589.52122	4484.56353			4569.27718587	4568.47810558	0
1779762580	XAUUSD	M15	4573.38	4538.85763	4589.42706	4484.46937			4570.13346139	4569.30578348	0
1779763480	XAUUSD	M15	4569.03	4538.76348	4589.33290	4484.37521			4570.82910141	4570.06744245	0
1779764380	XAUUSD	M15	4570.88	4538.66932	4589.23874	4484.28105			4571.39831574	4570.73287910	0
1779765280	XAUUSD	M15	4570.60	4538.57516	4589.14458	4484.18689			4571.70890965	4571.22089437	0
1779766180	XAUUSD	M15	4568.22	4538.48100	4589.05042	4484.09274			4571.70561475	4571.46325456	0
1779767080	XAUUSD	M15	4572.23	4538.38684	4588.95626	4483.99858			4571.44107840	4571.45216648	1
1779767980	XAUUSD	M15	4573.65	4538.29268	4588.86210	4483.90442			4570.87598876	4571.16407762	0
1779768880	XAUUSD	M15	4574.24	4538.19852	4588.76794	4483.81026			4570.12281101	4570.64344432	0
1779769780	XAUUSD	M15	4571.54	4538.10436	4588.67378	4483.71610			4569.38487115	4570.01415773	0
1779770680	XAUUSD	M15	4566.77	4538.01020	4588.57963	4483.62194			4568.96793590	4569.49104681	0
1779771580	XAUUSD	M15	4565.14	4537.91604	4588.48547	4483.52778			4569.16373071	4569.32738876	0
1779772480	XAUUSD	M15	4569.20	4537.82188	4588.39131	4483.43362			4570.03332951	4569.68035914	1
1779773380	XAUUSD	M15	4569.31	4537.72772	4588.29715	4483.33946			4571.30382501	4570.49209208	0
1779786880	XAUUSD	M15	4573.43	4537.63356	4588.20299	4483.24530			4572.65968795	4571.57589001	0
1779787780	XAUUSD	M15	4573.10	4537.53941	4588.10883	4483.15114			4573.60697956	4572.59143479	0
1779788680	XAUUSD	M15	4574.18	4537.44525	4588.01467	4483.05698			4573.79447459	4573.19295469	0
1779789580	XAUUSD	M15	4574.79	4537.35109	4587.92051	4482.96282			4572.93635289	4573.06465379	1
1779790480	XAUUSD	M15	4579.30	4537.25693	4587.82635	4482.86867			4570.91602898	4571.99034138	0
1779791380	XAUUSD	M15	4568.14	4537.16277	4587.73219	4482.77451	4580.28000		4567.68588345	4569.83811242	0
1779792280	XAUUSD	M15	4556.61	4537.06861	4587.63803	4482.68035			4563.75439469	4566.79625356	0
1779793180	XAUUSD	M15	4559.71	4536.97445	4587.54387	4482.58619			4559.69396757	4563.24511056	0
1779794080	XAUUSD	M15	4552.29	4536.88029	4587.44971	4482.49203			4555.64650021	4559.44580539	0
1779794980	XAUUSD	M15	4549.23	4536.78613	4587.35555	4482.39787			4551.93909363	4555.69244951	0
1779795880	XAUUSD	M15	4548.09	4536.69197	4587.26140	4482.30371			4548.66687974	4552.17966462	0
1779796780	XAUUSD	M15	4549.60	4536.59781	4587.16724	4482.20955			4545.79131765	4548.98549113	0
1779797680	XAUUSD	M15	4548.82	4536.50365	4587.07308	4482.11539			4543.17530806	4546.08039960	0
1779798580	XAUUSD	M15	4543.85	4536.40949	4586.97892	4482.02123			4540.77325715	4543.42682837	0
1779799480	XAUUSD	M15	4532.41	4536.31533	4586.88476	4481.92707			4538.71877286	4541.07280062	0
1779800380	XAUUSD	M15	4536.99	4536.22118	4586.79060	4481.83291			4537.35697455	4539.21488759	0
1779801280	XAUUSD	M15	4538.62	4536.12702	4586.69644	4481.73875			4536.59204345	4537.90346552	0
1779802180	XAUUSD	M15	4536.77	4536.03286	4586.60228	4481.64459			4536.36356504	4537.13351528	0
1779803080	XAUUSD	M15	4534.00	4535.93870	4586.50812	4481.55044			4536.63239835	4536.88295682	0
1779803980	XAUUSD	M15	4532.37	4535.84454	4586.41396	4481.45628			4537.29593503	4537.08944593	1
1779804880	XAUUSD	M15	4537.09	4535.75038	4586.31980	4481.36212			4538.13064216	4537.61004404	0
1779805780	XAUUSD	M15	4542.29	4535.65622	4586.22564	4481.26796			4538.70336951	4538.15670677	0
1779806680	XAUUSD	M15	4541.47	4535.56206	4586.13148	4481.17380			4538.60733702	4538.38202189	0
1779807580	XAUUSD	M15	4542.36	4535.46790	4586.03733	4481.07964			4537.71508205	4538.04855197	1
1779808480	XAUUSD	M15	4537.18	4535.37374	4585.94317	4480.98548			4536.02540524	4537.03697861	0
1779809380	XAUUSD	M15	4532.49	4535.27958	4585.84901	4480.89132			4533.86174852	4535.44936356	0
1779810280	XAUUSD	M15	4526.18	4535.18542	4585.75485	4480.79716			4531.63414864	4533.54175610	0
1779811180	XAUUSD	M15	4525.43	4535.09126	4585.66069	4480.70300			4529.79953816	4531.67064713	0
1779812080	XAUUSD	M15	4529.35	4534.99711	4585.56653	4480.60884			4528.59386987	4530.13225850	0
1779812980	XAUUSD	M15	4531.30	4534.90295	4585.47237	4480.51468			4528.01272680	4529.07249265	0
1779813880	XAUUSD	M15	4529.76	4534.80879	4585.37821	4480.42052			4528.00017038	4528.53633151	0
1779814780	XAUUSD	M15	4527.24	4534.71463	4585.28405	4480.32637			4528.51019116	4528.52326134	0
1779815680	XAUUSD	M15	4531.61	4534.62047	4585.18989	4480.23221			4529.45779572	4528.99052853	1
1779816580	XAUUSD	M15	4530.39	4534.52631	4585.09573	4480.13805			4530.52533126	4529.75792989	0
1779817480	XAUUSD	M15	4533.79	4534.43215	4585.00157	4480.04389			4531.53133196	4530.64463093	0
1779818380	XAUUSD	M15	4531.19	4534.33799	4584.90741	4479.94973			4532.17847230	4531.41155161	0
1779819280	XAUUSD	M15	4528.55	4534.24383	4584.81326	4479.85557			4532.35346477	4531.88250819	0
1779820180	XAUUSD	M15	4529.59	4534.14967	4584.71910	4479.76141			4531.98246069	4531.93248444	0
1779821080	XAUUSD	M15	4526.72	4534.05551	4584.62494	4479.66725			4530.96225898	4531.44737171	1
1779821980	XAUUSD	M15	4538.23	4533.96135	4584.53078	4479.57309			4529.39529892	4530.42133531	0
1779822880	XAUUSD	M15	4527.61	4533.86719	4584.43662	4479.47893			4527.13230435	4528.77681983	0
1779823780	XAUUSD	M15	4522.51	4533.77304	4584.34246	4479.38477			4524.74568878	4526.76125431	0
1779824680	XAUUSD	M15	4525.46	4533.67888	4584.24830	4479.29061			4522.74810920	4524.75468176	0
1779825580	XAUUSD	M15	4523.72	4533.58472	4584.15414	4479.19645			4521.43738457	4523.09603316	0
1779826480	XAUUSD	M15	4520.54	4533.49056	4584.05998	4479.10230			4521.13321020	4522.11462168	0
1779827380	XAUUSD	M15	4524.86	4533.39640	4583.96582	4479.00814			4522.01012875	4522.06237522	0
1779828280	XAUUSD	M15	4513.24	4533.30224	4583.87166	4478.91398			4523.80009399	4522.93123460	1
1779829180	XAUUSD	M15	4522.76	4533.20808	4583.77750	4478.81982			4526.41169592	4524.67146526	0
1779830080	XAUUSD	M15	4529.53	4533.11392	4583.68334	4478.72566			4528.99906513	4526.83526520	0
1779830980	XAUUSD	M15	4533.45	4533.01976	4583.58918	4478.63150			4530.72607230	4528.78066875	0
1779831880	XAUUSD	M15	4533.21	4532.92560	4583.49503	4478.53734			4530.95348099	4529.86707487	0
1779832780	XAUUSD	M15	4534.48	4532.83144	4583.40087	4478.44318	4540.53000		4529.42240706	4529.64474096	1
1779833680	XAUUSD	M15	4531.75	4532.73728	4583.30671	4478.34902			4526.18815848	4527.91644972	0
1779834580	XAUUSD	M15	4523.80	4532.64312	4583.21255	4478.25486			4521.77490518	4524.84567745	0
1779835480	XAUUSD	M15	4510.11	4532.54896	4583.11839	4478.16070			4517.10076488	4520.97322117	0
1779836380	XAUUSD	M15	4507.26	4532.45481	4583.02423	4478.06654			4513.29913222	4517.13617669	0
1779837280	XAUUSD	M15	4510.49	4532.36065	4582.93007	4477.97238			4511.05226950	4514.09422310	0
1779838180	XAUUSD	M15	4506.20	4532.26649	4582.83591	4477.87822			4510.55845046	4512.32633678	0
1779839080	XAUUSD	M15	4512.10	4532.17233	4582.74175	4477.78407			4511.83209797	4512.07921737	0
1779839980	XAUUSD	M15	4520.43	4532.07817	4582.64759	4477.68991			4514.27407249	4513.17664493	1
1779840880	XAUUSD	M15	4518.37	4531.98401	4582.55343	4477.59575			4517.01344102	4515.09504298	0
1779841780	XAUUSD	M15	4522.29	4531.88985	4582.45927	4477.50159			4519.42305732	4517.25905015	0
1779842680	XAUUSD	M15	4527.35	4531.79569	4582.36511	4477.40743			4520.84755219	4519.05330117	0
1779843580	XAUUSD	M15	4514.27	4531.70153	4582.27096	4477.31327			4520.84936984	4519.95133550	0
1779844480	XAUUSD	M15	4511.11	4531.60737	4582.17680	4477.21911			4519.76683988	4519.85908769	1
1779845380	XAUUSD	M15	4517.67	4531.51321	4582.08264	4477.12495			4517.90525591	4518.88217180	0
1779846280	XAUUSD	M15	4521.45	4531.41905	4581.98848	4477.03079			4515.44537309	4517.16377245	0
1779847180	XAUUSD	M15	4515.25	4531.32489	4581.89432	4476.93663			4512.69738214	4514.93057729	0
1779848080	XAUUSD	M15	4509.53	4531.23074	4581.80016	4476.84247			4510.20038266	4512.56547998	0
1779848980	XAUUSD	M15	4506.19	4531.13658	4581.70600	4476.74831			4508.34252714	4510.45400356	0
1779849880	XAUUSD	M15	4508.35	4531.04242	4581.61184	4476.65415			4507.25170465	4508.85285410	0
1779850780	XAUUSD	M15	4506.44	4530.94826	4581.51768	4476.56000			4506.71017436	4507.78151423	0
1779851680	XAUUSD	M15	4501.45	4530.85410	4581.42352	4476.46584			4506.45614377	4507.11882900	0
1779852580	XAUUSD	M15	4508.08	4530.75994	4581.32936	4476.37168			4506.23089372	4506.67486136	0
1779853480	XAUUSD	M15	4506.54	4530.66578	4581.23520	4476.27752			4505.49698329	4506.08592233	0
1779854380	XAUUSD	M15	4504.94	4530.57162	4581.14104	4476.18336			4504.06520929	4505.07556581	0
1779855280	XAUUSD	M15	4503.73	4530.47746	4581.04689	4476.08920			4501.95375288	4503.51465934	0
1779856180	XAUUSD	M15	4501.52	4530.38330	4580.95273	4475.99504			4499.38251789	4501.44858862	0
1779857080	XAUUSD	M15	4498.55	4530.28914	4580.85857	4475.90088			4496.74909758	4499.09884310	0
1779857980	XAUUSD	M15	4491.13	4530.19498	4580.76441	4475.80672			4494.55291657	4496.82587984	0
1779858880	XAUUSD	M15	4487.11	4530.10082	4580.67025	4475.71256		4482.74000	4493.37354780	4495.09971382	0
1779859780	XAUUSD	M15	4495.26	4530.00667	4580.57609	4475.61840			4493.55227394	4494.32599388	0
1779860680	XAUUSD	M15	4496.16	4529.91251	4580.48193	4475.52424			4494.88772140	4494.60685764	1
1779861580	XAUUSD	M15	4499.24	4529.81835	4580.38777	4475.43008			4497.16786622	4495.88736193	0
1779862480	XAUUSD	M15	4499.38	4529.72419	4580.29361	4475.33593			4499.97441098	4497.93088645	0
1779863380	XAUUSD	M15	4502.09	4529.63003	4580.19945	4475.24177			4502.88999748	4500.41044196	0
1779864280	XAUUSD	M15	4504.88	4529.53587	4580.10529	4475.14761			4505.43299640	4502.92171918	0
1779865180	XAUUSD	M15	4508.87	4529.44171	4580.01113	4475.05345			4507.20718762	4505.06445340	0
1779866080	XAUUSD	M15	4507.86	4529.34755	4579.91697	4474.95929			4507.96248400	4506.51346870	0
1779866980	XAUUSD	M15	4506.72	4529.25339	4579.82281	4474.86513			4507.79009331	4507.15178101	0
1779867880	XAUUSD	M15	4508.83	4529.15923	4579.72866	4474.77097			4506.99147259	4507.07162680	1
1779868780	XAUUSD	M15	4507.56	4529.06507	4579.63450	4474.67681			4505.93612231	4506.50387455	0
1779873280	XAUUSD	M15	4504.89	4528.97091	4579.54034	4474.58265	4537.84000		4505.14292200	4505.82339828	0
1779874180	XAUUSD	M15	4504.37	4528.87675	4579.44618	4474.48849			4505.12360873	4505.47350350	0
1779875080	XAUUSD	M15	4500.86	4528.78259	4579.35202	4474.39433			4506.16700444	4505.82025397	1
1779875980	XAUUSD	M15	4510.90	4528.68844	4579.25786	4474.30017			4508.39544319	4507.10784858	0
1779876880	XAUUSD	M15	4508.97	4528.59428	4579.16370	4474.20601			4511.33200361	4509.21992609	0
1779877780	XAUUSD	M15	4512.36	4528.50012	4579.06954	4474.11185			4514.64595432	4511.93294021	0
1779878680	XAUUSD	M15	4526.88	4528.40596	4578.97538	4474.01770			4517.79429797	4514.86361909	0
1779879580	XAUUSD	M15	4519.50	4528.31180	4578.88122	4473.92354			4519.98090979	4517.42226444	0
1779880480	XAUUSD	M15	4522.16	4528.21764	4578.78706	4473.82938			4521.13171860	4519.27699152	0
1779881380	XAUUSD	M15	4517.90	4528.12348	4578.69290	4473.73522			4521.09603624	4520.18651388	0
1779882280	XAUUSD	M15	4518.74	4528.02932	4578.59874	4473.64106			4520.07533082	4520.13092235	1
1779883180	XAUUSD	M15	4515.22	4527.93516	4578.50459	4473.54690			4518.25031123	4519.19061679	0
1779884080	XAUUSD	M15	4519.58	4527.84100	4578.41043	4473.45274			4515.96755062	4517.57908370	0
1779884980	XAUUSD	M15	4515.84	4527.74684	4578.31627	4473.35858			4513.36350783	4515.47129577	0
1779885880	XAUUSD	M15	4510.01	4527.65268	4578.22211	4473.26442			4510.75729482	4513.11429530	0
1779886780	XAUUSD	M15	4507.95	4527.55852	4578.12795	4473.17026			4508.46349765	4510.78889647	0
1779887680	XAUUSD	M15	4504.26	4527.46437	4578.03379	4473.07610			4506.61079502	4508.69984575	0
1779888580	XAUUSD	M15	4505.58	4527.37021	4577.93963	4472.98194			4505.28651479	4506.99318027	0
1779889480	XAUUSD	M15	4499.93	4527.27605	4577.84547	4472.88778			4504.38263301	4505.68790664	0
1779890380	XAUUSD	M15	4506.08	4527.18189	4577.75131	4472.79363			4503.94812402	4504.81801533	0
1779891280	XAUUSD	M15	4509.44	4527.08773	4577.65715	4472.69947			4503.72908365	4504.27354949	0
1779892180	XAUUSD	M15	4507.09	4526.99357	4577.56299	4472.60531			4503.59554873	4503.93454911	0
1779893080	XAUUSD	M15	4504.38	4526.89941	4577.46883	4472.51115			4503.62593392	4503.78024151	0
1779893980	XAUUSD	M15	4497.08	4526.80525	4577.37467	4472.41699			4503.90564006	4503.84294078	1
1779894880	XAUUSD	M15	4503.18	4526.71109	4577.28052	4472.32283			4504.58174116	4504.21234097	0
1779895780	XAUUSD	M15	4499.56	4526.61693	4577.18636	4472.22867			4505.33871805	4504.77552951	0
1779896680	XAUUSD	M15	4508.52	4526.52277	4577.09220	4472.13451			4506.02599587	4505.40076269	0
1779897580	XAUUSD	M15	4510.11	4526.42861	4576.99804	4472.04035			4506.10964614	4505.75520441	0
1779898480	XAUUSD	M15	4509.01	4526.33445	4576.90388	4471.94619			4505.26933534	4505.51226988	1
1779899380	XAUUSD	M15	4507.43	4526.24030	4576.80972	4471.85203			4503.37820333	4504.44523660	0
1779900280	XAUUSD	M15	4493.35	4526.14614	4576.71556	4471.75787			4500.48750168	4502.46636914	0
1779901180	XAUUSD	M15	4497.59	4526.05198	4576.62140	4471.66371			4497.12857102	4499.79747008	0
1779902080	XAUUSD	M15	4494.06	4525.95782	4576.52724	4471.56956			4493.42467937	4496.61107473	0
1779902980	XAUUSD	M15	4486.26	4525.86366	4576.43308	4471.47540			4489.73203170	4493.17155321	0
1779903880	XAUUSD	M15	4487.68	4525.76950	4576.33892	4471.38124			4486.51302420	4489.84228871	0
1779904780	XAUUSD	M15	4485.22	4525.67534	4576.24476	4471.28708			4483.95829819	4486.90029345	0
1779905680	XAUUSD	M15	4480.30	4525.58118	4576.15060	4471.19292			4482.32847184	4484.61438264	0
1779906580	XAUUSD	M15	4486.21	4525.48702	4576.05644	4471.09876			4481.89748242	4483.25593253	0
1779907480	XAUUSD	M15	4482.79	4525.39286	4575.96229	4471.00460			4482.57648909	4482.91621081	0
1779908380	XAUUSD	M15	4481.98	4525.29870	4575.86813	4470.91044			4484.39046493	4483.65333787	1
1779909280	XAUUSD	M15	4486.33	4525.20454	4575.77397	4470.81628			4487.13256751	4485.39295269	0
1779910180	XAUUSD	M15	4489.19	4525.11038	4575.67981	4470.72212			4490.28265370	4487.83780319	0
1779911080	XAUUSD	M15	4496.24	4525.01622	4575.58565	4470.62796			4493.22838782	4490.53309551	0
1779911980	XAUUSD	M15	4497.81	4524.92207	4575.49149	4470.53380			4495.20105004	4492.86707278	0
1779912880	XAUUSD	M15	4491.78	4524.82791	4575.39733	4470.43964			4495.63670086	4494.25188682	0
1779913780	XAUUSD	M15	4490.14	4524.73375	4575.30317	4470.34548			4494.32222896	4494.28705789	0
1779914680	XAUUSD	M15	4488.65	4524.63959	4575.20901	4470.25133			4491.12058281	4492.70382035	1
1779915580	XAUUSD	M15	4490.13	4524.54543	4575.11485	4470.15717			4486.11351808	4489.40866921	0
1779916480	XAUUSD	M15	4485.50	4524.45127	4575.02069	4470.06301			4479.51292732	4484.46079827	0
1779917380	XAUUSD	M15	4476.95	4524.35711	4574.92653	4469.96885			4471.86441788	4478.16260807	0
1779918280	XAUUSD	M15	4465.98	4524.26295	4574.83237	4469.87469			4463.90046421	4471.03153614	0
1779919180	XAUUSD	M15	4445.77	4524.16879	4574.73822	4469.78053			4456.38733047	4463.70943331	0
1779920080	XAUUSD	M15	4451.27	4524.07463	4574.64406	4469.68637			4450.17215376	4456.94079353	0
1779920980	XAUUSD	M15	4440.92	4523.98047	4574.54990	4469.59221			4445.17005479	4451.05542416	0
1779921880	XAUUSD	M15	4443.16	4523.88631	4574.45574	4469.49805			4441.46527754	4446.26035085	0
1779922780	XAUUSD	M15	4428.63	4523.79215	4574.36158	4469.40389			4438.63406830	4442.44720957	0
1779923680	XAUUSD	M15	4430.51	4523.69800	4574.26742	4469.30973			4436.62657407	4439.53689182	0
1779924580	XAUUSD	M15	4454.81	4523.60384	4574.17326	4469.21557			4434.98673063	4437.26181123	0
1779925480	XAUUSD	M15	4447.17	4523.50968	4574.07910	4469.12141			4432.84246115	4435.05213619	0
1779926380	XAUUSD	M15	4438.94	4523.41552	4573.98494	4469.02726			4430.44243707	4432.74728663	0
1779927280	XAUUSD	M15	4416.68	4523.32136	4573.89078	4468.93310			4428.29350136	4430.52039399	0
1779928180	XAUUSD	M15	4404.89	4523.22720	4573.79662	4468.83894		4401.50000	4427.33268590	4428.92653995	0
1779929080	XAUUSD	M15	4419.31	4523.13304	4573.70246	4468.74478			4428.05103403	4428.48878699	0
1779929980	XAUUSD	M15	4427.36	4523.03888	4573.60830	4468.65062			4429.96694831	4429.22786765	1
1779930880	XAUUSD	M15	4447.95	4522.94472	4573.51415	4468.55646			4432.52244221	4430.87515493	0
1779931780	XAUUSD	M15	4445.53	4522.85056	4573.41999	4468.46230			4434.73858054	4432.80686773	0
1779932680	XAUUSD	M15	4443.19	4522.75640	4573.32583	4468.36814			4436.33751957	4434.57219365	0
1779933580	XAUUSD	M15	4434.02	4522.66224	4573.23167	4468.27398			4437.24373172	4435.90796269	0
1779934480	XAUUSD	M15	4432.11	4522.56808	4573.13751	4468.17982			4437.77359125	4436.84077697	0
1779935380	XAUUSD	M15	4435.82	4522.47393	4573.04335	4468.08566			4438.19866939	4437.51972318	0
1779936280	XAUUSD	M15	4434.11	4522.37977	4572.94919	4467.99150			4438.70197511	4438.11084915	0
1779937180	XAUUSD	M15	4436.38	4522.28561	4572.85503	4467.89734			4439.59055091	4438.85070003	0
1779938080	XAUUSD	M15	4440.17	4522.19145	4572.76087	4467.80319			4440.97711776	4439.91390890	0
1779938980	XAUUSD	M15	4446.88	4522.09729	4572.66671	4467.70903			4442.80918666	4441.36154778	0
1779939880	XAUUSD	M15	4450.77	4522.00313	4572.57255	4467.61487			4444.84264621	4443.10209700	0
1779940780	XAUUSD	M15	4450.82	4521.90897	4572.47839	4467.52071			4446.85086309	4444.97648004	0
1779941680	XAUUSD	M15	4444.13	4521.81481	4572.38423	4467.42655			4448.68840685	4446.83244345	0
1779942580	XAUUSD	M15	4449.87	4521.72065	4572.29007	4467.33239			4450.38710522	4448.60977433	0
1779943480	XAUUSD	M15	4450.59	4521.62649	4572.19592	4467.23823			4451.67414080	4450.14195757	0
1779944380	XAUUSD	M15	4450.47	4521.53233	4572.10176	4467.14407			4452.47286737	4451.30741247	0
1779945280	XAUUSD	M15	4450.12	4521.43817	4572.00760	4467.04991			4452.81191372	4452.05966310	0
1779946180	XAUUSD	M15	4455.56	4521.34401	4571.91344	4466.95575			4452.80702156	4452.43334233	0
1779947080	XAUUSD	M15	4453.39	4521.24985	4571.81928	4466.86159			4452.48629153	4452.45981693	0
1779947980	XAUUSD	M15	4454.43	4521.15570	4571.72512	4466.76743			4452.10923282	4452.28452488	1
1779948880	XAUUSD	M15	4451.84	4521.06154	4571.63096	4466.67327			4451.85697293	4452.07074890	0
1779949780	XAUUSD	M15	4451.07	4520.96738	4571.53680	4466.57911			4451.95205301	4452.01140096	0
1779950680	XAUUSD	M15	4453.67	4520.87322	4571.44264	4466.48496			4452.47517440	4452.24328768	1
1779951580	XAUUSD	M15	4450.84	4520.77906	4571.34848	4466.39080			4453.30633068	4452.77480918	0
1779952480	XAUUSD	M15	4455.21	4520.68490	4571.25432	4466.29664			4454.39051768	4453.58266343	0
1779953380	XAUUSD	M15	4455.01	4520.59074	4571.16016	4466.20248			4455.45365512	4454.51815927	0
1779954280	XAUUSD	M15	4453.62	4520.49658	4571.06600	4466.10832			4456.34420753	4455.43118340	0
1779955180	XAUUSD	M15	4456.30	4520.40242	4570.97185	4466.01416			4456.97284403	4456.20201372	0
1779959680	XAUUSD	M15	4457.94	4520.30826	4570.87769	4465.92000	4465.92000		4457.18401889	4456.69301630	0
1779960580	XAUUSD	M15	4459.99	4520.21410	4570.78353	4465.82584			4456.91018904	4456.80160267	0
1779961480	XAUUSD	M15	4458.52	4520.11994	4570.68937	4465.73168			4456.16667546	4456.48413907	1
1779962380	XAUUSD	M15	4457.37	4520.02578	4570.59521	4465.63752			4455.13575994	4455.80994950	0
1779963280	XAUUSD	M15	4453.55	4519.93163	4570.50105	4465.54336			4454.01462059	4454.91228505	0
1779964180	XAUUSD	M15	4450.77	4519.83747	4570.40689	4465.44920			4453.01109205	4453.96168855	0
1779965080	XAUUSD	M15	4450.72	4519.74331	4570.31273	4465.35504			4452.17028774	4453.06598814	0
1779965980	XAUUSD	M15	4447.13	4519.64915	4570.21857	4465.26089			4451.29704747	4452.18151781	0
1779966880	XAUUSD	M15	4444.73	4519.55499	4570.12441	4465.16673			4450.14821937	4451.16486859	0
1779967780	XAUUSD	M15	4446.33	4519.46083	4570.03025	4465.07257			4448.37809724	4449.77148292	0
1779968680	XAUUSD	M15	4452.07	4519.36667	4569.93609	4464.97841			4445.55468633	4447.66308462	0
1779969580	XAUUSD	M15	4457.30	4519.27251	4569.84193	4464.88425			4441.26369931	4444.46339197	0
1779970480	XAUUSD	M15	4438.13	4519.17835	4569.74778	4464.79009			4435.33590675	4439.89964936	0
1779971380	XAUUSD	M15	4419.34	4519.08419	4569.65362	4464.69593			4428.48598587	4434.19281762	0
1779972280	XAUUSD	M15	4417.78	4518.99003	4569.55946	4464.60177			4421.53767945	4427.86524853	0
1779973180	XAUUSD	M15	4410.05	4518.89587	4569.46530	4464.50761			4414.81409100	4421.33966977	0
1779974080	XAUUSD	M15	4402.67	4518.80171	4569.37114	4464.41345			4408.65395985	4414.99681481	0
1779974980	XAUUSD	M15	4406.31	4518.70756	4569.27698	4464.31929			4403.21467056	4409.10574268	0
1779975880	XAUUSD	M15	4402.27	4518.61340	4569.18282	4464.22513			4398.20502077	4403.65538173	0
1779976780	XAUUSD	M15	4394.52	4518.51924	4569.08866	4464.13097			4393.47177870	4398.56358021	0
1779977680	XAUUSD	M15	4394.20	4518.42508	4568.99450	4464.03681			4388.99489249	4393.77923635	0
1779978580	XAUUSD	M15	4387.68	4518.33092	4568.90034	4463.94266			4384.66961804	4389.22442720	0
1779979480	XAUUSD	M15	4376.89	4518.23676	4568.80618	4463.84850			4380.68497614	4384.95470167	0
1779980380	XAUUSD	M15	4374.93	4518.14260	4568.71202	4463.75434			4377.43817222	4381.19643694	0
1779981280	XAUUSD	M15	4376.38	4518.04844	4568.61786	4463.66018			4375.11839761	4378.15741728	0
1779982180	XAUUSD	M15	4368.47	4517.95428	4568.52370	4463.56602		4366.32000	4373.78609572	4375.97175650	0
1779983080	XAUUSD	M15	4373.96	4517.86012	4568.42955	4463.47186			4373.66310055	4374.81742853	0
1779983980	XAUUSD	M15	4372.97	4517.76596	4568.33539	4463.37770			4374.49106672	4374.65424763	0
1779984880	XAUUSD	M15	4375.44	4517.67180	4568.24123	4463.28354			4376.08216922	4375.36820842	1
1779985780	XAUUSD	M15	4378.50	4517.57764	4568.14707	4463.18938			4378.08819072	4376.72819957	0
1779986680	XAUUSD	M15	4389.46	4517.48348	4568.05291	4463.09522			4380.13754740	4378.43287348	0
1779987580	XAUUSD	M15	4387.99	4517.38933	4567.95875	4463.00106			4381.74689403	4380.08988376	0
1779988480	XAUUSD	M15	4376.11	4517.29517	4567.86459	4462.90690			4382.90896915	4381.49942645	0
1779989380	XAUUSD	M15	4380.42	4517.20101	4567.77043	4462.81274			4384.01496271	4382.75719458	0
1779990280	XAUUSD	M15	4380.47	4517.10685	4567.67627	4462.71859			4385.05605527	4383.90662493	0
1779991180	XAUUSD	M15	4383.59	4517.01269	4567.58211	4462.62443			4386.09956721	4385.00309607	0
1779992080	XAUUSD	M15	4388.89	4516.91853	4567.48795	4462.53027			4387.09744343	4386.05026975	0
1779992980	XAUUSD	M15	4392.71	4516.82437	4567.39379	4462.43611			4387.91361254	4386.98194114	0
1779993880	XAUUSD	M15	4389.48	4516.73021	4567.29963	4462.34195			4388.46681561	4387.72437838	0
1779994780	XAUUSD	M15	4387.54	4516.63605	4567.20548	4462.24779			4388.89895152	4388.31166495	0
1779995680	XAUUSD	M15	4393.35	4516.54189	4567.11132	4462.15363			4389.34906311	4388.83036403	0
1779996580	XAUUSD	M15	4389.83	4516.44773	4567.01716	4462.05947			4389.77378435	4389.30207419	0
1779997480	XAUUSD	M15	4390.02	4516.35357	4566.92300	4461.96531			4390.38075645	4389.84141532	0
1779998380	XAUUSD	M15	4387.12	4516.25941	4566.82884	4461.87115			4391.24195018	4390.54168275	0
1779999280	XAUUSD	M15	4389.42	4516.16526	4566.73468	4461.77699			4392.40199600	4391.47183937	0
1780000180	XAUUSD	M15	4396.53	4516.07110	4566.64052	4461.68283			4393.64235593	4392.55709765	0
1780001080	XAUUSD	M15	4391.13	4515.97694	4566.54636	4461.58867			4394.52749773	4393.54229769	0
1780001980	XAUUSD	M15	4393.55	4515.88278	4566.45220	4461.49452			4394.93882424	4394.24056097	0
1780002880	XAUUSD	M15	4399.34	4515.78862	4566.35804	4461.40036			4394.59853384	4394.41954740	0
1780003780	XAUUSD	M15	4401.26	4515.69446	4566.26388	4461.30620			4393.27608125	4393.84781432	1
1780004680	XAUUSD	M15	4389.10	4515.60030	4566.16972	4461.21204			4391.05128457	4392.44954945	0
1780005580	XAUUSD	M15	4382.96	4515.50614	4566.07556	4461.11788		4375.47000	4388.59323759	4390.52139352	0
1780006480	XAUUSD	M15	4387.03	4515.41198	4565.98141	4461.02372			4386.55499464	4388.53819408	0
1780007380	XAUUSD	M15	4384.91	4515.31782	4565.88725	4460.92956			4385.36326922	4386.95073165	0
1780008280	XAUUSD	M15	4385.91	4515.22366	4565.79309	4460.83540			4385.57151585	4386.26112375	0
1780009180	XAUUSD	M15	4387.98	4515.12950	4565.69893	4460.74124			4387.53134099	4386.89623237	1
1780010080	XAUUSD	M15	4392.66	4515.03534	4565.60477	4460.64708			4391.38584740	4389.14103989	0
1780010980	XAUUSD	M15	4385.28	4514.94119	4565.51061	4460.55292			4397.00960920	4393.07532454	0
1780011880	XAUUSD	M15	4402.03	4514.84703	4565.41645	4460.45876			4404.41283431	4398.74407943	0
1780012780	XAUUSD	M15	4432.14	4514.75287	4565.32229	4460.36460			4412.82384126	4405.78396034	0
1780013680	XAUUSD	M15	4426.72	4514.65871	4565.22813	4460.27044			4421.10359582	4413.44377808	0
1780014580	XAUUSD	M15	4428.43	4514.56455	4565.13397	4460.17629			4429.17614500	4421.30996154	0
1780015480	XAUUSD	M15	4422.10	4514.47039	4565.03981	4460.08213			4436.93437390	4429.12216772	0
1780016380	XAUUSD	M15	4430.58	4514.37623	4564.94565	4459.98797			4444.57609322	4436.84913047	0
1780017280	XAUUSD	M15	4464.27	4514.28207	4564.85149	4459.89381			4451.92613542	4444.38763295	0
1780018180	XAUUSD	M15	4460.87	4514.18791	4564.75733	4459.79965			4458.18479972	4451.28621633	0
1780019080	XAUUSD	M15	4469.31	4514.09375	4564.66318	4459.70549			4463.63390935	4457.46006284	0
1780019980	XAUUSD	M15	4469.37	4513.99959	4564.56902	4459.61133			4468.34753292	4462.90379788	0
1780020880	XAUUSD	M15	4471.40	4513.90543	4564.47486	4459.51717			4472.69056466	4467.79718127	0
1780021780	XAUUSD	M15	4476.79	4513.81127	4564.38070	4459.42301			4476.98467960	4472.39093043	0
1780022680	XAUUSD	M15	4479.36	4513.71711	4564.28654	4459.32885			4481.39650687	4476.89371865	0
1780023580	XAUUSD	M15	4482.24	4513.62296	4564.19238	4459.23469			4486.04500382	4481.46936124	0
1780024480	XAUUSD	M15	4484.38	4513.52880	4564.09822	4459.14053			4490.90184760	4486.18560442	0
1780025380	XAUUSD	M15	4500.53	4513.43464	4564.00406	4459.04637			4495.81711702	4491.00136072	0
1780026280	XAUUSD	M15	4504.35	4513.34048	4563.90990	4458.95222			4500.17507248	4495.58821660	0
1780027180	XAUUSD	M15	4511.06	4513.24632	4563.81574	4458.85806			4503.66804749	4499.62813204	0
1780028080	XAUUSD	M15	4503.87	4513.15216	4563.72158	4458.76390			4505.98956797	4502.80885001	0
1780028980	XAUUSD	M15	4502.01	4513.05800	4563.62742	4458.66974			4507.31050740	4505.05967870	0
1780029880	XAUUSD	M15	4505.03	4512.96384	4563.53326	4458.57558			4507.75249191	4506.40608531	0
1780030780	XAUUSD	M15	4508.94	4512.86968	4563.43911	4458.48142			4507.37697027	4506.89152779	0
1780031680	XAUUSD	M15	4507.69	4512.77552	4563.34495	4458.38726	4516.57000		4506.28090178	4506.58621478	1
1780032580	XAUUSD	M15	4506.23	4512.68136	4563.25079	4458.29310			4504.73563540	4505.66092509	0
1780033480	XAUUSD	M15	4501.73	4512.58720	4563.15663	4458.19894			4503.01724978	4504.33908743	0
1780034380	XAUUSD	M15	4501.05	4512.49304	4563.06247	4458.10478			4501.44213375	4502.89061059	0
1780035280	XAUUSD	M15	4499.59	4512.39889	4562.96831	4458.01062			4500.15289308	4501.52175184	0
1780036180	XAUUSD	M15	4499.76	4512.30473	4562.87415	4457.91646			4499.22109276	4500.37142230	0
1780037080	XAUUSD	M15	4499.37	4512.21057	4562.77999	4457.82230			4498.58893796	4499.48018013	0
1780037980	XAUUSD	M15	4498.04	4512.11641	4562.68583	4457.72815			4498.15761055	4498.81889534	0
1780038880	XAUUSD	M15	4497.19	4512.02225	4562.59167	4457.63399			4497.82316683	4498.32103109	0
1780039780	XAUUSD	M15	4499.35	4511.92809	4562.49751	4457.53983			4497.46869494	4497.89486302	0
1780040680	XAUUSD	M15	4495.61	4511.83393	4562.40335	4457.44567			4496.93454843	4497.41470572	0
1780041580	XAUUSD	M15	4495.72	4511.73977	4562.30919	4457.35151			4496.28700148	4496.85085360	0
1780046080	XAUUSD	M15	4493.98	4511.64561	4562.21504	4457.25735			4495.52975229	4496.19030294	0
1780046980	XAUUSD	M15	4496.01	4511.55145	4562.12088	4457.16319			4494.73904044	4495.46467169	0
1780047880	XAUUSD	M15	4495.55	4511.45729	4562.02672	4457.06903			4493.90674231	4494.68570700	0
1780048780	XAUUSD	M15	4491.20	4511.36313	4561.93256	4456.97487			4493.12563632	4493.90567166	0
1780049680	XAUUSD	M15	4494.82	4511.26897	4561.83840	4456.88071			4492.64427157	4493.27497161	0
1780050580	XAUUSD	M15	4492.38	4511.17482	4561.74424	4456.78655			4492.51945648	4492.89721405	0
1780051480	XAUUSD	M15	4489.99	4511.08066	4561.65008	4456.69239			4492.96638238	4492.93179821	1
1780052380	XAUUSD	M15	4495.24	4510.98650	4561.55592	4456.59823		4489.19000	4494.15768507	4493.54474164	0
1780053280	XAUUSD	M15	4497.51	4510.89234	4561.46176	4456.50407			4495.97873476	4494.76173820	0
1780054180	XAUUSD	M15	4500.23	4510.79818	4561.36760	4456.40992			4498.28331583	4496.52252702	0
1780055080	XAUUSD	M15	4498.26	4510.70402	4561.27344	4456.31576			4500.82025538	4498.67139120	0
1780055980	XAUUSD	M15	4496.24	4510.60986	4561.17928	4456.22160			4503.38884899	4501.03012009	0
1780056880	XAUUSD	M15	4515.01	4510.51570	4561.08512	4456.12744			4505.73779381	4503.38395695	0
1780057780	XAUUSD	M15	4505.50	4510.42154	4560.99096	4456.03328	4520.75000		4507.09426128	4505.23910912	0
1780058680	XAUUSD	M15	4506.37	4510.32738	4560.89681	4455.93912			4507.54326996	4506.39118954	0
1780059580	XAUUSD	M15	4506.47	4510.23322	4560.80265	4455.84496			4507.04232473	4506.71675713	0
1780060480	XAUUSD	M15	4506.83	4510.13906	4560.70849	4455.75080			4505.72005815	4506.21840764	1
1780061380	XAUUSD	M15	4502.98	4510.04490	4560.61433	4455.65664			4503.83432578	4505.02636671	0
1780062280	XAUUSD	M15	4505.00	4509.95074	4560.52017	4455.56248			4501.85428200	4503.44032436	0
1780063180	XAUUSD	M15	4501.72	4509.85659	4560.42601	4455.46832			4500.11817869	4501.77925152	0
1780064080	XAUUSD	M15	4496.29	4509.76243	4560.33185	4455.37416			4499.04697008	4500.41311080	0
1780064980	XAUUSD	M15	4496.95	4509.66827	4560.23769	4455.28000			4498.98587646	4499.69949363	0
1780065880	XAUUSD	M15	4498.26	4509.57411	4560.14353	4455.18585			4499.93918475	4499.81933919	1
1780066780	XAUUSD	M15	4501.44	4509.47995	4560.04937	4455.09169			4501.72422981	4500.77178450	0
1780067680	XAUUSD	M15	4502.39	4509.38579	4559.95521	4454.99753			4503.98907401	4502.38042925	0
1780068580	XAUUSD	M15	4509.10	4509.29163	4559.86105	4454.90337			4506.40091581	4504.39067253	0
1780069480	XAUUSD	M15	4510.60	4509.19747	4559.76689	4454.80921			4508.52264581	4506.45665917	0
1780070380	XAUUSD	M15	4514.16	4509.10331	4559.67274	4454.71505			4510.18631035	4508.32148476	0
1780071280	XAUUSD	M15	4511.97	4509.00915	4559.57858	4454.62089			4511.32829553	4509.82489014	0
1780072180	XAUUSD	M15	4510.15	4508.91499	4559.48442	4454.52673			4512.17277211	4510.99883113	0
1780073080	XAUUSD	M15	4506.80	4508.82083	4559.39026	4454.43257			4512.97923117	4511.98903115	0
1780073980	XAUUSD	M15	4514.93	4508.72667	4559.29610	4454.33841			4514.01463430	4513.00183272	0
1780074880	XAUUSD	M15	4515.75	4508.63252	4559.20194	4454.24425			4515.14794668	4514.07488970	0
1780075780	XAUUSD	M15	4516.61	4508.53836	4559.10778	4454.15009			4516.34595827	4515.21042399	0
1780076680	XAUUSD	M15	4516.65	4508.44420	4559.01362	4454.05593			4517.50229496	4516.35635947	0
1780077580	XAUUSD	M15	4523.69	4508.35004	4558.91946	4453.96178			4518.49231253	4517.42433600	0
1780078480	XAUUSD	M15	4516.34	4508.25588	4558.82530	4453.86762			4519.03656071	4518.23044836	0
1780079380	XAUUSD	M15	4514.03	4508.16172	4558.73114	4453.77346			4519.29635884	4518.76340360	0
1780080280	XAUUSD	M15	4525.35	4508.06756	4558.63698	4453.67930			4519.36481889	4519.06411124	0
1780081180	XAUUSD	M15	4524.76	4507.97340	4558.54282	4453.58514			4519.06090469	4519.06250797	1
1780082080	XAUUSD	M15	4515.16	4507.87924	4558.44867	4453.49098			4518.64065231	4518.85158014	0
1780082980	XAUUSD	M15	4517.09	4507.78508	4558.35451	4453.39682			4518.66487466	4518.75822740	0
1780083880	XAUUSD	M15	4515.06	4507.69092	4558.26035	4453.30266			4519.34117722	4519.04970231	1
1780084780	XAUUSD	M15	4514.88	4507.59676	4558.16619	4453.20850			4520.85472617	4519.95221424	0
1780085680	XAUUSD	M15	4528.97	4507.50260	4558.07203	4453.11434			4523.18681621	4521.56951523	0
1780086580	XAUUSD	M15	4528.85	4507.40845	4557.97787	4453.02018			4525.79289860	4523.68120691	0
1780087480	XAUUSD	M15	4532.38	4507.31429	4557.88371	4452.92602			4528.43834955	4526.05977823	0
1780088380	XAUUSD	M15	4531.09	4507.22013	4557.78955	4452.83186			4530.79886355	4528.42932089	0
1780089280	XAUUSD	M15	4528.54	4507.12597	4557.69539	4452.73770			4532.73248038	4530.58090064	0
1780090180	XAUUSD	M15	4530.50	4507.03181	4557.60123	4452.64355			4534.19863462	4532.38976763	0
1780091080	XAUUSD	M15	4537.92	4506.93765	4557.50707	4452.54939			4535.08665581	4533.73821172	0
1780091980	XAUUSD	M15	4538.58	4506.84349	4557.41291	4452.45523			4535.17471584	4534.45646378	0
1780092880	XAUUSD	M15	4532.46	4506.74933	4557.31875	4452.36107			4534.46401528	4534.46023953	0
1780093780	XAUUSD	M15	4528.10	4506.65517	4557.22459	4452.26691			4533.17365054	4533.81694503	1
1780094680	XAUUSD	M15	4531.07	4506.56101	4557.13044	4452.17275			4531.49423824	4532.65559164	0
1780095580	XAUUSD	M15	4538.36	4506.46685	4557.03628	4452.07859			4529.43524345	4531.04541754	0
1780096480	XAUUSD	M15	4528.39	4506.37269	4556.94212	4451.98443			4526.94976834	4528.99759294	0
1780097380	XAUUSD	M15	4522.39	4506.27853	4556.84796	4451.89027			4524.55197909	4526.77478602	0
1780098280	XAUUSD	M15	4514.13	4506.18437	4556.75380	4451.79611			4522.73884381	4524.75681491	0
1780099180	XAUUSD	M15	4523.03	4506.09022	4556.65964	4451.70195			4522.08452076	4523.42066784	0
1780100080	XAUUSD	M15	4522.89	4505.99606	4556.56548	4451.60779			4522.67122960	4523.04594872	0
1780100980	XAUUSD	M15	4528.06	4505.90190	4556.47132	4451.51363			4524.75123962	4523.89859417	1
1780101880	XAUUSD	M15	4533.05	4505.80774	4556.37716	4451.41948			4528.34169385	4526.12014401	0
1780102780	XAUUSD	M15	4536.80	4505.71358	4556.28300	4451.32532			4533.34540700	4529.73277551	0
1780103680	XAUUSD	M15	4543.88	4505.61942	4556.18884	4451.23116			4539.55186674	4534.64232112	0
1780104580	XAUUSD	M15	4529.84	4505.52526	4556.09468	4451.13700			4546.51140418	4540.57686265	0
1780105480	XAUUSD	M15	4540.30	4505.43110	4556.00052	4451.04284			4554.17470593	4547.37578429	0
1780106380	XAUUSD	M15	4564.28	4505.33694	4555.90637	4450.94868			4561.70240979	4554.53909704	0
1780107280	XAUUSD	M15	4590.10	4505.24278	4555.81221	4450.85452	4595.19000		4567.86321577	4561.20115641	0
1780108180	XAUUSD	M15	4578.66	4505.14862	4555.71805	4450.76036			4571.56051543	4566.38083592	0
1780109080	XAUUSD	M15	4566.64	4505.05446	4555.62389	4450.66620			4573.01950459	4569.70017026	0
1780109980	XAUUSD	M15	4571.07	4504.96030	4555.52973	4450.57204			4572.78288508	4571.24152767	0
1780110880	XAUUSD	M15	4563.71	4504.86615	4555.43557	4450.47788			4571.13847131	4571.18999949	1
1780111780	XAUUSD	M15	4563.06	4504.77199	4555.34141	4450.38372			4568.76731267	4569.97865608	0
1780112680	XAUUSD	M15	4569.56	4504.67783	4555.24725	4450.28956			4566.14152826	4568.06009217	0
1780113580	XAUUSD	M15	4566.86	4504.58367	4555.15309	4450.19541			4563.45322376	4565.75665796	0
1780114480	XAUUSD	M15	4564.43	4504.48951	4555.05893	4450.10125			4561.03722123	4563.39693960	0
1780115380	XAUUSD	M15	4561.95	4504.39535	4554.96477	4450.00709			4559.10843942	4561.25268951	0
1780116280	XAUUSD	M15	4554.11	4504.30119	4554.87061	4449.91293			4557.77642877	4559.51455914	0
1780117180	XAUUSD	M15	4553.44	4504.20703	4554.77645	4449.81877			4557.16889930	4558.34172922	0
1780118080	XAUUSD	M15	4558.14	4504.11287	4554.68230	4449.72461			4557.11029250	4557.72601086	0
1780118980	XAUUSD	M15	4559.28	4504.01871	4554.58814	4449.63045			4557.20829670	4557.46715378	0
1780119880	XAUUSD	M15	4557.96	4503.92455	4554.49398	4449.53629			4557.15405667	4557.31060523	0
1780120780	XAUUSD	M15	4553.10	4503.83039	4554.39982	4449.44213			4556.73442964	4557.02251743	0
1780121680	XAUUSD	M15	4558.26	4503.73623	4554.30566	4449.34797			4555.87549259	4556.44900501	0
1780122580	XAUUSD	M15	4555.30	4503.64208	4554.21150	4449.25381			4554.31030966	4555.37965734	0
1780123480	XAUUSD	M15	4551.53	4503.54792	4554.11734	4449.15965			4552.07789693	4553.72877713	0
1780124380	XAUUSD	M15	4545.67	4503.45376	4554.02318	4449.06549			4549.34777655	4551.53827684	0
1780125280	XAUUSD	M15	4548.83	4503.35960	4553.92902	4448.97133			4546.41556785	4548.97692235	0
1780126180	XAUUSD	M15	4542.78	4503.26544	4553.83486	4448.87718			4543.38923332	4546.18307784	0
1780127080	XAUUSD	M15	4543.77	4503.17128	4553.74070	4448.78302			4540.64518026	4543.41412905	0
1780127980	XAUUSD	M15	4540.62	4503.07712	4553.64654	4448.68886			4538.37732960	4540.89572932	0
1780305280	XAUUSD	M15	4534.73	4502.98296	4553.55238	4448.59470		4518.31000	4536.84688324	4538.87130628	0
1780306180	XAUUSD	M15	4533.17	4502.88880	4553.45822	4448.50054			4536.30038300	4537.58584464	0
1780307080	XAUUSD	M15	4535.54	4502.79464	4553.36407	4448.40638			4536.73894467	4537.16239466	0
1780307980	XAUUSD	M15	4535.26	4502.70048	4553.26991	4448.31222			4537.91017433	4537.53628450	1
1780308880	XAUUSD	M15	4542.59	4502.60632	4553.17575	4448.21806			4539.50919414	4538.52273932	0
1780309780	XAUUSD	M15	4544.97	4502.51216	4553.08159	4448.12390			4540.96053464	4539.74163698	0
1780310680	XAUUSD	M15	4541.86	4502.41800	4552.98743	4448.02974			4541.85710334	4540.79937016	0
1780311580	XAUUSD	M15	4539.57	4502.32385	4552.89327	4447.93558			4542.06230943	4541.43083979	0
1780312480	XAUUSD	M15	4540.86	4502.22969	4552.79911	4447.84142			4541.57728592	4541.50406286	0
1780313380	XAUUSD	M15	4543.27	4502.13553	4552.70495	4447.74726			4540.43602403	4540.97004344	1
1780314280	XAUUSD	M15	4536.06	4502.04137	4552.61079	4447.65311			4538.72981460	4539.84992902	0
1780315180	XAUUSD	M15	4540.50	4501.94721	4552.51663	4447.55895			4536.84958361	4538.34975631	0
1780316080	XAUUSD	M15	4533.89	4501.85305	4552.42247	4447.46479			4534.84736812	4536.59856222	0
1780316980	XAUUSD	M15	4528.77	4501.75889	4552.32831	4447.37063			4532.99024119	4534.79440170	0
1780317880	XAUUSD	M15	4533.21	4501.66473	4552.23415	4447.27647			4531.40452077	4533.09946124	0
1780318780	XAUUSD	M15	4525.57	4501.57057	4552.14000	4447.18231			4529.85688164	4531.47817144	0
1780319680	XAUUSD	M15	4532.26	4501.47641	4552.04584	4447.08815			4528.36903377	4529.92360260	0
1780320580	XAUUSD	M15	4530.32	4501.38225	4551.95168	4446.99399			4526.57785098	4528.25072679	0
1780321480	XAUUSD	M15	4522.91	4501.28809	4551.85752	4446.89983			4524.41333358	4526.33203019	0
1780322380	XAUUSD	M15	4521.52	4501.19393	4551.76336	4446.80567			4522.06280783	4524.19741901	0
1780323280	XAUUSD	M15	4518.89	4501.09978	4551.66920	4446.71151			4519.66842120	4521.93292010	0
1780324180	XAUUSD	M15	4520.46	4501.00562	4551.57504	4446.61735			4517.48045937	4519.70668974	0
1780325080	XAUUSD	M15	4510.71	4500.91146	4551.48088	4446.52319			4515.67224461	4517.68946717	0
1780325980	XAUUSD	M15	4516.43	4500.81730	4551.38672	4446.42904			4514.67777829	4516.18362273	0
1780326880	XAUUSD	M15	4514.73	4500.72314	4551.29256	4446.33488			4514.41731977	4515.30047125	0
1780327780	XAUUSD	M15	4515.90	4500.62898	4551.19840	4446.24072			4514.87489386	4515.08768255	0
1780328680	XAUUSD	M15	4514.47	4500.53482	4551.10424	4446.14656			4515.82555942	4515.45662099	1
1780329580	XAUUSD	M15	4514.46	4500.44066	4551.01008	4446.05240			4517.00627310	4516.23144704	0
1780330480	XAUUSD	M15	4518.21	4500.34650	4550.91593	4445.95824			4518.05980068	4517.14562386	0
1780331380	XAUUSD	M15	4520.48	4500.25234	4550.82177	4445.86408			4518.54297258	4517.84429822	0
1780332280	XAUUSD	M15	4519.87	4500.15818	4550.72761	4445.76992			4518.15239175	4517.99834498	0
1780333180	XAUUSD	M15	4518.23	4500.06402	4550.63345	4445.67576			4516.81730744	4517.40782621	1
1780334080	XAUUSD	M15	4514.11	4499.96986	4550.53929	4445.58160			4514.65203726	4516.02993174	0
1780334980	XAUUSD	M15	4513.93	4499.87571	4550.44513	4445.48744			4511.94286858	4513.98640016	0
1780335880	XAUUSD	M15	4504.63	4499.78155	4550.35097	4445.39328			4508.93888486	4511.46264251	0
1780336780	XAUUSD	M15	4501.73	4499.68739	4550.25681	4445.29912			4506.11659032	4508.78961641	0
1780337680	XAUUSD	M15	4507.28	4499.59323	4550.16265	4445.20496			4503.72294949	4506.25628295	0
1780338580	XAUUSD	M15	4503.96	4499.49907	4550.06849	4445.11081			4501.69210322	4503.97419308	0
1780339480	XAUUSD	M15	4498.19	4499.40491	4549.97433	4445.01665			4500.11961975	4502.04690642	0
1780340380	XAUUSD	M15	4503.08	4499.31075	4549.88017	4444.92249			4499.10324136	4500.57507389	0
1780341280	XAUUSD	M15	4495.74	4499.21659	4549.78601	4444.82833			4498.41165075	4499.49336232	0
1780342180	XAUUSD	M15	4496.04	4499.12243	4549.69185	4444.73417			4498.11847018	4498.80591625	0
1780343080	XAUUSD	M15	4500.03	4499.02827	4549.59770	4444.64001			4498.08637631	4498.44614628	0
1780343980	XAUUSD	M15	4498.02	4498.93411	4549.50354	4444.54585			4498.10475950	4498.27545289	0
1780344880	XAUUSD	M15	4499.51	4498.83995	4549.40938	4444.45169			4498.16245830	4498.21895559	0
1780345780	XAUUSD	M15	4496.39	4498.74579	4549.31522	4444.35753			4498.21348979	4498.21622269	0
1780346680	XAUUSD	M15	4498.33	4498.65163	4549.22106	4444.26337			4498.39377733	4498.30500001	1
1780347580	XAUUSD	M15	4496.01	4498.55748	4549.12690	4444.16921			4498.76254317	4498.53377159	0
1780348480	XAUUSD	M15	4501.59	4498.46332	4549.03274	4444.07505			4499.52315723	4499.02846441	0
1780349380	XAUUSD	M15	4500.91	4498.36916	4548.93858	4443.98089			4500.66173041	4499.84509741	0
1780350280	XAUUSD	M15	4505.87	4498.27500	4548.84442	4443.88674			4502.27984017	4501.06246879	0
1780351180	XAUUSD	M15	4503.99	4498.18084	4548.75026	4443.79258			4504.23077890	4502.64662385	0
1780352080	XAUUSD	M15	4504.85	4498.08668	4548.65610	4443.69842			4506.41128909	4504.52895647	0
1780352980	XAUUSD	M15	4510.76	4497.99252	4548.56194	4443.60426	4512.95000		4508.48206176	4506.50550912	0
1780353880	XAUUSD	M15	4507.21	4497.89836	4548.46778	4443.51010			4509.82173260	4508.16362086	0
1780354780	XAUUSD	M15	4505.87	4497.80420	4548.37363	4443.41594			4509.99142493	4509.07752289	0
1780355680	XAUUSD	M15	4503.36	4497.71004	4548.27947	4443.32178			4508.51771620	4508.79761955	1
1780356580	XAUUSD	M15	4505.59	4497.61588	4548.18531	4443.22762			4505.09042756	4506.94402356	0
1780357480	XAUUSD	M15	4507.89	4497.52172	4548.09115	4443.13346			4499.51667148	4503.23034752	0
1780358380	XAUUSD	M15	4501.96	4497.42756	4547.99699	4443.03930			4491.93010855	4497.58022803	0
1780359280	XAUUSD	M15	4484.29	4497.33341	4547.90283	4442.94514			4483.03403995	4490.30713399	0
1780360180	XAUUSD	M15	4465.06	4497.23925	4547.80867	4442.85098			4474.09025423	4482.19869411	0
1780361080	XAUUSD	M15	4467.35	4497.14509	4547.71451	4442.75682			4466.43752479	4474.31810945	0
1780361980	XAUUSD	M15	4450.49	4497.05093	4547.62035	4442.66267			4460.66721834	4467.49266390	0
1780362880	XAUUSD	M15	4461.22	4496.95677	4547.52619	4442.56851		4447.78000	4457.54642464	4462.51954427	0
1780363780	XAUUSD	M15	4456.22	4496.86261	4547.43203	4442.47435			4456.71955329	4459.61954878	0
1780364680	XAUUSD	M15	4459.94	4496.76845	4547.33787	4442.38019			4457.89337806	4458.75646342	0
1780365580	XAUUSD	M15	4458.70	4496.67429	4547.24371	4442.28603			4460.32721563	4459.54183953	1
1780366480	XAUUSD	M15	4464.35	4496.58013	4547.14956	4442.19187			4463.36322368	4461.45253160	0
1780367380	XAUUSD	M15	4468.79	4496.48597	4547.05540	4442.09771			4466.27370453	4463.86311807	0
1780368280	XAUUSD	M15	4472.38	4496.39181	4546.96124	4442.00355			4468.59661493	4466.22986650	0
1780369180	XAUUSD	M15	4474.21	4496.29765	4546.86708	4441.90939			4470.19781781	4468.21384215	0
1780370080	XAUUSD	M15	4467.37	4496.20349	4546.77292	4441.81523			4471.25543409	4469.73463812	0
1780370980	XAUUSD	M15	4467.98	4496.10934	4546.67876	4441.72107			4472.35165006	4471.04314409	0
1780371880	XAUUSD	M15	4468.06	4496.01518	4546.58460	4441.62691			4473.87880144	4472.46097276	0
1780372780	XAUUSD	M15	4480.11	4495.92102	4546.49044	4441.53275			4476.09515108	4474.27806192	0
1780373680	XAUUSD	M15	4475.05	4495.82686	4546.39628	4441.43859			4478.73509391	4476.50657791	0
1780374580	XAUUSD	M15	4482.93	4495.73270	4546.30212	4441.34444			4481.77813110	4479.14235451	0
1780375480	XAUUSD	M15	4491.56	4495.63854	4546.20796	4441.25028			4484.71444615	4481.92840033	0
1780376380	XAUUSD	M15	4487.55	4495.54438	4546.11380	4441.15612	4495.39000		4486.96644200	4484.44742116	0
1780377280	XAUUSD	M15	4488.66	4495.45022	4546.01964	4441.06196			4488.37618261	4486.41180189	0
1780378180	XAUUSD	M15	4486.64	4495.35606	4545.92548	4440.96780			4488.80948146	4487.61064167	0
1780379080	XAUUSD	M15	4487.92	4495.26190	4545.83133	4440.87364			4488.38747704	4487.99905936	0
1780379980	XAUUSD	M15	4486.70	4495.16774	4545.73717	4440.77948			4487.29382038	4487.64643987	1
1780380880	XAUUSD	M15	4485.38	4495.07358	4545.64301	4440.68532			4485.86561099	4486.75602543	0
1780381780	XAUUSD	M15	4484.68	4494.97942	4545.54885	4440.59116			4484.45967813	4485.60785178	0
1780382680	XAUUSD	M15	4483.47	4494.88526	4545.45469	4440.49700			4483.34507266	4484.47646222	0
1780383580	XAUUSD	M15	4481.15	4494.79111	4545.36053	4440.40284			4482.67927979	4483.57787100	0
1780384480	XAUUSD	M15	4483.53	4494.69695	4545.26637	4440.30868			4482.51079129	4483.04433115	0
1780385380	XAUUSD	M15	4483.12	4494.60279	4545.17221	4440.21452			4482.65827537	4482.85130326	0
1780386280	XAUUSD	M15	4482.61	4494.50863	4545.07805	4440.12037			4482.96780074	4482.90955200	1
1780387180	XAUUSD	M15	4484.87	4494.41447	4544.98389	4440.02621			4483.30781860	4483.10868530	0
1780391680	XAUUSD	M15	4484.52	4494.32031	4544.88973	4439.93205			4483.53370282	4483.32119406	0
1780392580	XAUUSD	M15	4481.46	4494.22615	4544.79557	4439.83789			4483.64425989	4483.48272698	0
1780393480	XAUUSD	M15	4481.54	4494.13199	4544.70141	4439.74373			4483.79438351	4483.63855524	0
1780394380	XAUUSD	M15	4485.93	4494.03783	4544.60726	4439.64957			4484.07520161	4483.85687843	0
1780395280	XAUUSD	M15	4486.09	4493.94367	4544.51310	4439.55541			4484.45128875	4484.15408359	0
1780396180	XAUUSD	M15	4487.23	4493.84951	4544.41894	4439.46125			4484.95809288	4484.55608823	0
1780397080	XAUUSD	M15	4483.42	4493.75535	4544.32478	4439.36709			4485.54760470	4485.05184647	0
1780397980	XAUUSD	M15	4484.50	4493.66119	4544.23062	4439.27293			4486.23219552	4485.64202099	0
1780398880	XAUUSD	M15	4481.37	4493.56704	4544.13646	4439.17877			4486.83434786	4486.23818443	0
1780399780	XAUUSD	M15	4493.81	4493.47288	4544.04230	4439.08461			4487.24881424	4486.74349933	0
1780400680	XAUUSD	M15	4487.07	4493.37872	4543.94814	4438.99045			4486.97815802	4486.86082867	0
1780401580	XAUUSD	M15	4481.97	4493.28456	4543.85398	4438.89630			4486.12259301	4486.49171084	1
1780402480	XAUUSD	M15	4489.76	4493.19040	4543.75982	4438.80214			4484.85258502	4485.67214793	0
1780403380	XAUUSD	M15	4486.57	4493.09624	4543.66566	4438.70798			4483.11709194	4484.39461994	0
1780404280	XAUUSD	M15	4479.93	4493.00208	4543.57150	4438.61382			4481.27337859	4482.83399926	0
1780405180	XAUUSD	M15	4474.02	4492.90792	4543.47734	4438.51966		4463.08000	4479.84842818	4481.34121372	0
1780406080	XAUUSD	M15	4480.71	4492.81376	4543.38319	4438.42550			4479.33752028	4480.33936700	0
1780406980	XAUUSD	M15	4482.02	4492.71960	4543.28903	4438.33134			4479.82113802	4480.08025251	0
1780407880	XAUUSD	M15	4476.61	4492.62544	4543.19487	4438.23718			4481.40783209	4480.74404230	1
1780408780	XAUUSD	M15	4485.96	4492.53128	4543.10071	4438.14302			4484.24400632	4482.49402431	0
1780409680	XAUUSD	M15	4488.37	4492.43712	4543.00655	4438.04886			4487.94882142	4485.22142286	0
1780410580	XAUUSD	M15	4495.22	4492.34297	4542.91239	4437.95470			4492.22854499	4488.72498393	0
1780411480	XAUUSD	M15	4497.40	4492.24881	4542.81823	4437.86054			4496.64509451	4492.68503922	0
1780412380	XAUUSD	M15	4499.44	4492.15465	4542.72407	4437.76638			4500.92913702	4496.80708812	0
1780413280	XAUUSD	M15	4504.66	4492.06049	4542.62991	4437.67222			4504.89641369	4500.85175090	0
1780414180	XAUUSD	M15	4504.77	4491.96633	4542.53575	4437.57807			4508.38300699	4504.61737895	0
1780415080	XAUUSD	M15	4510.48	4491.87217	4542.44159	4437.48391			4511.46361699	4508.04049797	0
1780415980	XAUUSD	M15	4517.46	4491.77801	4542.34743	4437.38975			4514.14804001	4511.09426899	0
1780416880	XAUUSD	M15	4518.72	4491.68385	4542.25327	4437.29559			4516.47431555	4513.78429227	0
1780417780	XAUUSD	M15	4519.74	4491.58969	4542.15911	4437.20143			4518.66537595	4516.22483411	0
1780418680	XAUUSD	M15	4524.50	4491.49553	4542.06496	4437.10727			4520.93798998	4518.58141205	0
1780419580	XAUUSD	M15	4517.08	4491.40137	4541.97080	4437.01311			4523.33801520	4520.95971362	0
1780420480	XAUUSD	M15	4519.01	4491.30721	4541.87664	4436.91895			4526.12026649	4523.53999006	0
1780421380	XAUUSD	M15	4533.17	4491.21305	4541.78248	4436.82479			4529.14586262	4526.34292634	0
1780422280	XAUUSD	M15	4532.84	4491.11889	4541.68832	4436.73063			4531.84510421	4529.09401528	0
1780423180	XAUUSD	M15	4536.04	4491.02474	4541.59416	4436.63647			4534.00880862	4531.55141195	0
1780424080	XAUUSD	M15	4539.99	4490.93058	4541.50000	4436.54231	4541.50000		4535.38847985	4533.46994590	0
1780424980	XAUUSD	M15	4534.03	4490.83642	4541.40584	4436.44815			4535.81067052	4534.64030821	0
1780425880	XAUUSD	M15	4531.79	4490.74226	4541.31168	4436.35400			4535.48233920	4535.06132371	0
1780426780	XAUUSD	M15	4535.08	4490.64810	4541.21752	4436.25984			4534.60673191	4534.83402781	1
1780427680	XAUUSD	M15	4534.86	4490.55394	4541.12336	4436.16568			4533.29058748	4534.06230764	0
1780428580	XAUUSD	M15	4531.23	4490.45978	4541.02920	4436.07152			4531.76482735	4532.91356750	0
1780429480	XAUUSD	M15	4528.82	4490.36562	4540.93504	4435.97736			4530.33188151	4531.62272450	0
1780430380	XAUUSD	M15	4526.73	4490.27146	4540.84089	4435.88320			4529.20386766	4530.41329608	0
1780431280	XAUUSD	M15	4533.96	4490.17730	4540.74673	4435.78904			4528.50979835	4529.46154722	0
1780432180	XAUUSD	M15	4526.71	4490.08314	4540.65257	4435.69488			4528.05505821	4528.75830271	0
1780433080	XAUUSD	M15	4525.59	4489.98898	4540.55841	4435.60072			4527.97559316	4528.36694794	0
1780433980	XAUUSD	M15	4530.00	4489.89482	4540.46425	4435.50656			4528.21633683	4528.29164238	0
1780434880	XAUUSD	M15	4529.02	4489.80067	4540.37009	4435.41240			4528.56907731	4528.43035985	1
1780435780	XAUUSD	M15	4528.40	4489.70651	4540.27593	4435.31824			4528.98962976	4528.70999480	0
1780436680	XAUUSD	M15	4528.78	4489.61235	4540.18177	4435.22408			4529.43769763	4529.07384622	0
1780437580	XAUUSD	M15	4533.21	4489.51819	4540.08761	4435.12993			4529.84868758	4529.46126690	0
1780438480	XAUUSD	M15	4528.84	4489.42403	4539.99345	4435.03577			4530.03205847	4529.74666268	0
1780439380	XAUUSD	M15	4529.61	4489.32987	4539.89929	4434.94161			4530.00870957	4529.87768613	0
1780440280	XAUUSD	M15	4526.92	4489.23571	4539.80513	4434.84745			4529.61788058	4529.74778335	1
1780441180	XAUUSD	M15	4527.54	4489.14155	4539.71097	4434.75329			4528.75334705	4529.25056520	0
1780442080	XAUUSD	M15	4526.39	4489.04739	4539.61681	4434.65913			4527.21837794	4528.23447157	0
1780442980	XAUUSD	M15	4529.35	4488.95323	4539.52266	4434.56497			4524.91109664	4526.57278410	0
1780443880	XAUUSD	M15	4524.94	4488.85907	4539.42850	4434.47081			4521.72577164	4524.14927787	0
1780444780	XAUUSD	M15	4514.15	4488.76491	4539.33434	4434.37665			4517.89246387	4521.02087087	0
1780445680	XAUUSD	M15	4514.00	4488.67075	4539.24018	4434.28249			4513.93120074	4517.47603580	0
1780446580	XAUUSD	M15	4510.63	4488.57660	4539.14602	4434.18833			4510.13442345	4513.80522962	0
1780447480	XAUUSD	M15	4508.45	4488.48244	4539.05186	4434.09417			4506.86887696	4510.33705329	0
1780448380	XAUUSD	M15	4502.66	4488.38828	4538.95770	4434.00001			4504.38339975	4507.36022652	0
1780449280	XAUUSD	M15	4504.29	4488.29412	4538.86354	4433.90585			4502.88749286	4505.12385969	0
1780450180	XAUUSD	M15	4495.44	4488.19996	4538.76938	4433.81170			4502.24296245	4503.68341107	0
1780451080	XAUUSD	M15	4504.56	4488.10580	4538.67522	4433.71754			4502.43513668	4503.05927388	0
1780451980	XAUUSD	M15	4504.12	4488.01164	4538.58106	4433.62338			4502.86332040	4502.96129714	0
1780452880	XAUUSD	M15	4503.46	4487.91748	4538.48690	4433.52922			4503.14979536	4503.05554625	1
1780453780	XAUUSD	M15	4505.39	4487.82332	4538.39274	4433.43506			4502.96359433	4503.00957029	1
1780454680	XAUUSD	M15	4502.49	4487.72916	4538.29859	4433.34090			4502.02232253	4502.51594641	0
1780455580	XAUUSD	M15	4502.11	4487.63500	4538.20443	4433.24674			4500.33227741	4501.42411191	0
1780456480	XAUUSD	M15	4498.19	4487.54084	4538.11027	4433.15258			4497.99023186	4499.70717189	0
1780457380	XAUUSD	M15	4490.57	4487.44668	4538.01611	4433.05842			4495.29851298	4497.50284244	0
1780458280	XAUUSD	M15	4489.81	4487.35252	4537.92195	4432.96426			4492.71027768	4495.10656006	0
1780459180	XAUUSD	M15	4491.97	4487.25837	4537.82779	4432.87010			4490.46413389	4492.78534697	0
1780460080	XAUUSD	M15	4489.63	4487.16421	4537.73363	4432.77594			4488.63070056	4490.70802377	0
1780460980	XAUUSD	M15	4491.17	4487.07005	4537.63947	4432.68178			4487.28454279	4488.99628328	0
1780461880	XAUUSD	M15	4484.56	4486.97589	4537.54531	4432.58763			4486.30657072	4487.65142700	0
1780462780	XAUUSD	M15	4484.61	4486.88173	4537.45115	4432.49347			4485.74960377	4486.70051538	0
1780463680	XAUUSD	M15	4485.19	4486.78757	4537.35699	4432.39931			4485.48861894	4486.09456716	0
1780464580	XAUUSD	M15	4488.45	4486.69341	4537.26283	4432.30515			4485.42097159	4485.75776937	0
1780465480	XAUUSD	M15	4480.54	4486.59925	4537.16867	4432.21099			4485.43783047	4485.59779992	0
1780466380	XAUUSD	M15	4487.36	4486.50509	4537.07452	4432.11683			4485.78840808	4485.69310400	1
1780467280	XAUUSD	M15	4487.26	4486.41093	4536.98036	4432.02267			4486.34758009	4486.02034205	0
1780468180	XAUUSD	M15	4489.56	4486.31677	4536.88620	4431.92851			4487.15109512	4486.58571858	0
1780469080	XAUUSD	M15	4487.34	4486.22261	4536.79204	4431.83435			4488.11310749	4487.34941304	0
1780469980	XAUUSD	M15	4488.00	4486.12845	4536.69788	4431.74019			4489.18604378	4488.26772841	0
1780470880	XAUUSD	M15	4489.87	4486.03430	4536.60372	4431.64603			4490.16762451	4489.21767646	0
1780471780	XAUUSD	M15	4489.82	4485.94014	4536.50956	4431.55187			4490.77658297	4489.99712972	0
1780472680	XAUUSD	M15	4488.99	4485.84598	4536.41540	4431.45771			4490.78708093	4490.39210532	0
1780473580	XAUUSD	M15	4487.91	4485.75182	4536.32124	4431.36356			4490.05617594	4490.22414063	1
1780478080	XAUUSD	M15	4489.57	4485.65766	4536.22708	4431.26940			4488.57359345	4489.39886704	0
1780478980	XAUUSD	M15	4490.42	4485.56350	4536.13292	4431.17524			4486.40940034	4487.90413369	0
1780479880	XAUUSD	M15	4489.09	4485.46934	4536.03876	4431.08108			4483.80045392	4485.85229381	0
1780480780	XAUUSD	M15	4484.91	4485.37518	4535.94460	4430.98692			4481.12866662	4483.49048021	0
1780481680	XAUUSD	M15	4477.26	4485.28102	4535.85044	4430.89276			4478.86579592	4481.17813807	0
1780482580	XAUUSD	M15	4467.65	4485.18686	4535.75629	4430.79860		4462.26000	4477.47240665	4479.32527236	0
1780483480	XAUUSD	M15	4474.94	4485.09270	4535.66213	4430.70444			4477.25983216	4478.29255226	0
1780484380	XAUUSD	M15	4474.44	4484.99854	4535.56797	4430.61028			4477.84462427	4478.06858826	0
1780485280	XAUUSD	M15	4476.00	4484.90438	4535.47381	4430.51612			4478.86930493	4478.46894660	1
1780486180	XAUUSD	M15	4483.14	4484.81023	4535.37965	4430.42196			4479.84984891	4479.15939775	0
1780487080	XAUUSD	M15	4495.76	4484.71607	4535.28549	4430.32780	4496.54000		4480.21992793	4479.68966284	0
1780487980	XAUUSD	M15	4486.03	4484.62191	4535.19133	4430.23364			4479.47338618	4479.58152451	1
1780488880	XAUUSD	M15	4471.28	4484.52775	4535.09717	4430.13948			4477.98162862	4478.78157656	0
1780489780	XAUUSD	M15	4467.11	4484.43359	4535.00301	4430.04533			4476.47558789	4477.62858223	0
1780490680	XAUUSD	M15	4470.54	4484.33943	4534.90885	4429.95117			4475.48952979	4476.55905601	0
1780491580	XAUUSD	M15	4475.83	4484.24527	4534.81469	4429.85701			4475.29017263	4475.92461432	0
1780492480	XAUUSD	M15	4480.58	4484.15111	4534.72053	4429.76285			4475.94709849	4475.93585640	1
1780493380	XAUUSD	M15	4478.77	4484.05695	4534.62637	4429.66869			4477.35101619	4476.64343630	0
1780494280	XAUUSD	M15	4479.05	4483.96279	4534.53222	4429.57453			4479.37481955	4478.00912792	0
1780495180	XAUUSD	M15	4481.91	4483.86863	4534.43806	4429.48037			4481.67069439	4479.83991116	0
1780496080	XAUUSD	M15	4485.40	4483.77447	4534.34390	4429.38621			4483.73763515	4481.78877315	0
1780496980	XAUUSD	M15	4483.44	4483.68031	4534.24974	4429.29205			4485.07220673	4483.43048994	0
1780497880	XAUUSD	M15	4484.38	4483.58615	4534.15558	4429.19789			4485.40181045	4484.41615020	0
1780498780	XAUUSD	M15	4484.43	4483.49200	4534.06142	4429.10373			4484.53398432	4484.47506726	0
1780499680	XAUUSD	M15	4486.78	4483.39784	4533.96726	4429.00957			4482.47615624	4483.47561175	1
1780500580	XAUUSD	M15	4477.11	4483.30368	4533.87310	4428.91541			4479.35725709	4481.41643442	0
1780501480	XAUUSD	M15	4473.47	4483.20952	4533.77894	4428.82126			4475.74613700	4478.58128571	0
1780502380	XAUUSD	M15	4469.56	4483.11536	4533.68478	4428.72710			4472.09323586	4475.33726079	0
1780503280	XAUUSD	M15	4473.50	4483.02120	4533.59062	4428.63294			4468.80750319	4472.07238199	0
1780504180	XAUUSD	M15	4468.49	4482.92704	4533.49646	4428.53878			4465.99313853	4469.03276026	0
1780505080	XAUUSD	M15	4462.01	4482.83288	4533.40230	4428.44462			4463.88174478	4466.45725252	0
1780505980	XAUUSD	M15	4456.99	4482.73872	4533.30815	4428.35046			4462.62869925	4464.54297589	0
1780506880	XAUUSD	M15	4466.13	4482.64456	4533.21399	4428.25630			4462.23359700	4463.38828644	0
1780507780	XAUUSD	M15	4462.53	4482.55040	4533.11983	4428.16214			4462.22886753	4462.80857699	0
1780508680	XAUUSD	M15	4460.57	4482.45624	4533.02567	4428.06798			4462.42114289	4462.61485994	0
1780509580	XAUUSD	M15	4463.05	4482.36208	4532.93151	4427.97382			4462.55938034	4462.58712014	0
1780510480	XAUUSD	M15	4469.58	4482.26793	4532.83735	4427.87966			4462.30066148	4462.44389081	0
1780511380	XAUUSD	M15	4456.18	4482.17377	4532.74319	4427.78550			4461.27657975	4461.86023528	0
1780512280	XAUUSD	M15	4458.77	4482.07961	4532.64903	4427.69134			4459.76043860	4460.81033694	0
1780513180	XAUUSD	M15	4453.30	4481.98545	4532.55487	4427.59719			4457.71209379	4459.26121536	0
1780514080	XAUUSD	M15	4455.31	4481.89129	4532.46071	4427.50303			4455.38601716	4457.32361626	0
1780514980	XAUUSD	M15	4457.27	4481.79713	4532.36655	4427.40887			4452.91383775	4455.11872701	0
1780515880	XAUUSD	M15	4456.48	4481.70297	4532.27239	4427.31471			4450.49016686	4452.80444693	0
1780516780	XAUUSD	M15	4444.00	4481.60881	4532.17823	4427.22055			4448.41178761	4450.60811727	0
1780517680	XAUUSD	M15	4451.34	4481.51465	4532.08407	4427.12639			4447.25484409	4448.93148068	0
1780518580	XAUUSD	M15	4439.55	4481.42049	4531.98992	4427.03223			4446.98068468	4447.95608268	0
1780519480	XAUUSD	M15	4446.76	4481.32633	4531.89576	4426.93807			4447.93773641	4447.94690954	0
1780520380	XAUUSD	M15	4443.12	4481.23217	4531.80160	4426.84391			4449.84126757	4448.89408856	1
1780521280	XAUUSD	M15	4463.00	4481.13801	4531.70744	4426.74975			4452.57309094	4450.73358975	0
1780522180	XAUUSD	M15	4459.82	4481.04386	4531.61328	4426.65559			4455.32332875	4453.02845925	0
1780523080	XAUUSD	M15	4454.19	4480.94970	4531.51912	4426.56143			4457.90149975	4455.46497950	0
1780523980	XAUUSD	M15	4459.01	4480.85554	4531.42496	4426.46727			4460.22260884	4457.84379417	0
1780524880	XAUUSD	M15	4462.07	4480.76138	4531.33080	4426.37311			4461.95824803	4459.90102110	0
1780525780	XAUUSD	M15	4464.58	4480.66722	4531.23664	4426.27896			4462.87859734	4461.38980922	0
1780526680	XAUUSD	M15	4460.28	4480.57306	4531.14248	4426.18480			4462.85146864	4462.12063893	0
1780527580	XAUUSD	M15	4462.40	4480.47890	4531.04832	4426.09064			4462.01235379	4462.06649636	1
1780528480	XAUUSD	M15	4458.90	4480.38474	4530.95416	4425.99648			4460.41147558	4461.23898597	0
1780529380	XAUUSD	M15	4452.80	4480.29058	4530.86000	4425.90232			4458.31259159	4459.77578878	0
1780530280	XAUUSD	M15	4459.18	4480.19642	4530.76585	4425.80816			4456.08433132	4457.93006005	0
1780531180	XAUUSD	M15	4460.45	4480.10226	4530.67169	4425.71400			4453.77174166	4455.85090085	0
1780532080	XAUUSD	M15	4462.34	4480.00810	4530.57753	4425.61984			4451.54474409	4453.69782247	0
1780532980	XAUUSD	M15	4448.59	4479.91394	4530.48337	4425.52568			4449.53541988	4451.61662117	0
1780533880	XAUUSD	M15	4427.39	4479.81978	4530.38921	4425.43152			4448.22149292	4449.91905705	0
1780534780	XAUUSD	M15	4445.91	4479.72563	4530.29505	4425.33736		4426.50000	4448.12417359	4449.02161532	0
1780535680	XAUUSD	M15	4454.49	4479.63147	4530.20089	4425.24320			4448.52375541	4448.77268536	0
1780536580	XAUUSD	M15	4451.99	4479.53731	4530.10673	4425.14904			4448.86153332	4448.81710934	1
1780537480	XAUUSD	M15	4448.28	4479.44315	4530.01257	4425.05489			4448.88966998	4448.85338966	0
1780538380	XAUUSD	M15	4457.14	4479.34899	4529.91841	4424.96073			4448.49288056	4448.67313511	1
1780539280	XAUUSD	M15	4445.94	4479.25483	4529.82425	4424.86657			4447.36076086	4448.01694799	0
1780540180	XAUUSD	M15	4444.75	4479.16067	4529.73009	4424.77241			4445.85141867	4446.93418333	0
1780541080	XAUUSD	M15	4440.10	4479.06651	4529.63593	4424.67825			4444.14581185	4445.53999759	0
1780541980	XAUUSD	M15	4442.27	4478.97235	4529.54178	4424.58409			4442.53158710	4444.03579234	0
1780542880	XAUUSD	M15	4439.23	4478.87819	4529.44762	4424.48993			4441.08356215	4442.55967725	0
1780543780	XAUUSD	M15	4437.65	4478.78403	4529.35346	4424.39577			4439.95676265	4441.25821995	0
1780544680	XAUUSD	M15	4438.99	4478.68987	4529.25930	4424.30161			4439.20757586	4440.23289791	0
1780545580	XAUUSD	M15	4441.90	4478.59571	4529.16514	4424.20745			4438.75609025	4439.49449408	0
1780546480	XAUUSD	M15	4441.87	4478.50156	4529.07098	4424.11329			4438.48711679	4438.99080543	0
1780547380	XAUUSD	M15	4439.03	4478.40740	4528.97682	4424.01913			4438.40221154	4438.69650848	0
1780548280	XAUUSD	M15	4440.54	4478.31324	4528.88266	4423.92497			4438.62791219	4438.66221034	0
1780549180	XAUUSD	M15	4439.00	4478.21908	4528.78850	4423.83082			4439.19232872	4438.92726953	1
1780550080	XAUUSD	M15	4436.88	4478.12492	4528.69434	4423.73666			4440.18526807	4439.55626880	0
1780550980	XAUUSD	M15	4440.19	4478.03076	4528.60018	4423.64250			4441.62056545	4440.58841712	0
1780551880	XAUUSD	M15	4440.00	4477.93660	4528.50602	4423.54834			4443.23487652	4441.91164682	0
1780552780	XAUUSD	M15	4442.05	4477.84244	4528.41186	4423.45418			4444.75234277	4443.33199480	0
1780553680	XAUUSD	M15	4449.77	4477.74828	4528.31770	4423.36002			4445.79106003	4444.56152741	0
1780554580	XAUUSD	M15	4448.03	4477.65412	4528.22355	4423.26586			4445.86721227	4445.21436984	0
1780555480	XAUUSD	M15	4446.89	4477.55996	4528.12939	4423.17170			4444.88591541	4445.05014262	1
1780556380	XAUUSD	M15	4444.09	4477.46580	4528.03523	4423.07754			4442.93997288	4443.99505775	0
1780557280	XAUUSD	M15	4439.96	4477.37164	4527.94107	4422.98338			4440.38154316	4442.18830045	0
1780558180	XAUUSD	M15	4439.10	4477.27749	4527.84691	4422.88922			4437.75916977	4439.97373511	0
1780559080	XAUUSD	M15	4433.47	4477.18333	4527.75275	4422.79506			4435.62022631	4437.79698071	0
1780559980	XAUUSD	M15	4434.46	4477.08917	4527.65859	4422.70090			4434.59157032	4436.19427552	0
1780564480	XAUUSD	M15	4431.94	4476.99501	4527.56443	4422.60674			4434.95323812	4435.57375682	0
1780565380	XAUUSD	M15	4434.53	4476.90085	4527.47027	4422.51259		4424.01000	4436.80568666	4436.18972174	1
1780566280	XAUUSD	M15	4436.91	4476.80669	4527.37611	4422.41843			4439.82913708	4438.00942941	0
1780567180	XAUUSD	M15	4448.95	4476.71253	4527.28195	4422.32427			4443.50827680	4440.75885311	0
1780568080	XAUUSD	M15	4447.70	4476.61837	4527.18779	4422.23011			4447.01012162	4443.88448737	0
1780568980	XAUUSD	M15	4450.74	4476.52421	4527.09363	4422.13595			4449.94576809	4446.91512773	0
1780569880	XAUUSD	M15	4453.67	4476.43005	4526.99948	4422.04179			4452.01612112	4449.46562443	0
1780570780	XAUUSD	M15	4457.39	4476.33589	4526.90532	4421.94763			4453.18217468	4451.32389955	0
1780571680	XAUUSD	M15	4453.18	4476.24173	4526.81116	4421.85347			4453.61007027	4452.46698491	0
1780572580	XAUUSD	M15	4450.57	4476.14757	4526.71700	4421.75931			4453.82523674	4453.14611083	0
1780573480	XAUUSD	M15	4448.30	4476.05341	4526.62284	4421.66515			4454.31929434	4453.73270258	0
1780574380	XAUUSD	M15	4448.54	4475.95926	4526.52868	4421.57099			4455.45293544	4454.59281901	0
1780575280	XAUUSD	M15	4464.55	4475.86510	4526.43452	4421.47683			4457.30731921	4455.95006911	0
1780576180	XAUUSD	M15	4465.94	4475.77094	4526.34036	4421.38267			4459.34969395	4457.64988153	0
1780577080	XAUUSD	M15	4459.32	4475.67678	4526.24620	4421.28852			4461.33401041	4459.49194597	0
1780577980	XAUUSD	M15	4465.68	4475.58262	4526.15204	4421.19436			4463.21755641	4461.35475119	0
1780578880	XAUUSD	M15	4463.11	4475.48846	4526.05788	4421.10020			4464.66855297	4463.01165208	0
1780579780	XAUUSD	M15	4460.53	4475.39430	4525.96372	4421.00604			4465.69835621	4464.35500415	0
1780580680	XAUUSD	M15	4462.49	4475.30014	4525.86956	4420.91188			4466.44367356	4465.39933885	0
1780581580	XAUUSD	M15	4475.18	4475.20598	4525.77541	4420.81772			4467.01518562	4466.20726224	0
1780582480	XAUUSD	M15	4472.05	4475.11182	4525.68125	4420.72356			4467.30799443	4466.75762833	0
1780583380	XAUUSD	M15	4469.23	4475.01766	4525.58709	4420.62940			4467.66888061	4467.21325447	0
1780584280	XAUUSD	M15	4461.06	4474.92350	4525.49293	4420.53524			4468.40148044	4467.80736746	0
1780585180	XAUUSD	M15	4463.88	4474.82934	4525.39877	4420.44108			4469.82833786	4468.81785266	0
1780586080	XAUUSD	M15	4471.08	4474.73519	4525.30461	4420.34692			4471.80291633	4470.31038450	0
1780586980	XAUUSD	M15	4474.79	4474.64103	4525.21045	4420.25276			4473.91143962	4472.11091206	0
1780587880	XAUUSD	M15	4482.71	4474.54687	4525.11629	4420.15860	4484.08000		4475.75945239	4473.93518222	0
1780588780	XAUUSD	M15	4480.85	4474.45271	4525.02213	4420.06445			4476.88717667	4475.41117945	0
1780589680	XAUUSD	M15	4477.09	4474.35855	4524.92797	4419.97029			4477.19673051	4476.30395498	0
1780590580	XAUUSD	M15	4473.40	4474.26439	4524.83381	4419.87613			4476.76518030	4476.53456764	0
1780591480	XAUUSD	M15	4474.74	4474.17023	4524.73965	4419.78197			4475.75856421	4476.14656592	1
1780592380	XAUUSD	M15	4469.24	4474.07607	4524.64549	4419.68781			4474.25829806	4475.20243199	0
1780593280	XAUUSD	M15	4474.14	4473.98191	4524.55133	4419.59365			4472.53485760	4473.86864480	0
1780594180	XAUUSD	M15	4472.25	4473.88775	4524.45718	4419.49949			4470.56626985	4472.21745732	0
1780595080	XAUUSD	M15	4469.34	4473.79359	4524.36302	4419.40533			4468.51235712	4470.36490722	0
1780595980	XAUUSD	M15	4467.78	4473.69943	4524.26886	4419.31117			4466.56014264	4468.46252493	0
1780596880	XAUUSD	M15	4464.15	4473.60527	4524.17470	4419.21701			4464.84476846	4466.65364670	0
1780597780	XAUUSD	M15	4465.20	4473.51111	4524.08054	4419.12285			4463.53005223	4465.09184947	0
1780598680	XAUUSD	M15	4461.38	4473.41696	4523.98638	4419.02869			4462.62352779	4463.85768863	0
1780599580	XAUUSD	M15	4461.73	4473.32280	4523.89222	4418.93453			4462.21661380	4463.03715122	0
1780600480	XAUUSD	M15	4460.84	4473.22864	4523.79806	4418.84037			4462.24596449	4462.64155785	0
1780601380	XAUUSD	M15	4463.51	4473.13448	4523.70390	4418.74622		4458.51000	4462.64052305	4462.64104045	0
1780602280	XAUUSD	M15	4463.44	4473.04032	4523.60974	4418.65206			4463.21942131	4462.93023088	1
1780603180	XAUUSD	M15	4463.35	4472.94616	4523.51558	4418.55790			4463.89400755	4463.41211922	0
1780604080	XAUUSD	M15	4463.50	4472.85200	4523.42142	4418.46374			4464.62640569	4464.01926245	0
1780604980	XAUUSD	M15	4464.70	4472.75784	4523.32726	4418.36958			4465.43131775	4464.72529010	0
1780605880	XAUUSD	M15	4468.05	4472.66368	4523.23311	4418.27542			4466.34670472	4465.53599741	0
1780606780	XAUUSD	M15	4470.41	4472.56952	4523.13895	4418.18126			4467.41082539	4466.47341140	0
1780607680	XAUUSD	M15	4471.29	4472.47536	4523.04479	4418.08710			4468.73363407	4467.60352274	0
1780608580	XAUUSD	M15	4467.68	4472.38120	4522.95063	4417.99294			4470.49603429	4469.04977851	0
1780609480	XAUUSD	M15	4471.32	4472.28704	4522.85647	4417.89878			4472.99388292	4471.02183072	0
1780610380	XAUUSD	M15	4473.72	4472.19289	4522.76231	4417.80462			4476.29246470	4473.65714771	0
1780611280	XAUUSD	M15	4473.53	4472.09873	4522.66815	4417.71046			4480.40641590	4477.03178181	0
1780612180	XAUUSD	M15	4489.58	4472.00457	4522.57399	4417.61630			4485.30975148	4481.17076664	0
1780613080	XAUUSD	M15	4491.51	4471.91041	4522.47983	4417.52215			4490.42512515	4485.79794590	0
1780613980	XAUUSD	M15	4511.65	4471.81625	4522.38567	4417.42799			4495.47400842	4490.63597716	0
1780614880	XAUUSD	M15	4493.89	4471.72209	4522.29151	4417.33383			4499.68133399	4495.15865557	0
1780615780	XAUUSD	M15	4498.87	4471.62793	4522.19735	4417.23967			4503.28481308	4499.22173433	0
1780616680	XAUUSD	M15	4502.12	4471.53377	4522.10319	4417.14551			4505.91153348	4502.56663391	0
1780617580	XAUUSD	M15	4504.15	4471.43961	4522.00904	4417.05135			4507.21724323	4504.89193857	0
1780618480	XAUUSD	M15	4503.18	4471.34545	4521.91488	4416.95719			4506.91983801	4505.90588829	0
1780619380	XAUUSD	M15	4504.66	4471.25129	4521.82072	4416.86303			4504.90784333	4505.40686581	1
1780620280	XAUUSD	M15	4514.99	4471.15713	4521.72656	4416.76887			4501.15816471	4503.28251526	0
1780621180	XAUUSD	M15	4495.70	4471.06297	4521.63240	4416.67471	4515.45000		4495.63277645	4499.45764585	0
1780622080	XAUUSD	M15	4487.79	4470.96882	4521.53824	4416.58055			4489.31942999	4494.38853792	0
1780622980	XAUUSD	M15	4486.14	4470.87466	4521.44408	4416.48639			4483.05241122	4488.72047457	0
1780623880	XAUUSD	M15	4474.55	4470.78050	4521.34992	4416.39223			4477.51385480	4483.11716469	0
1780624780	XAUUSD	M15	4465.93	4470.68634	4521.25576	4416.29808		4457.31000	4473.52512883	4478.32114676	0
1780625680	XAUUSD	M15	4471.91	4470.59218	4521.16160	4416.20392			4471.58122603	4474.95118640	0
1780626580	XAUUSD	M15	4470.87	4470.49802	4521.06744	4416.10976			4471.47519251	4473.21318945	0
1780627480	XAUUSD	M15	4472.73	4470.40386	4520.97328	4416.01560			4472.89040375	4473.05179660	0
1780628380	XAUUSD	M15	4477.37	4470.30970	4520.87912	4415.92144			4475.23188797	4474.14184229	1
1780629280	XAUUSD	M15	4479.09	4470.21554	4520.78496	4415.82728			4477.74992101	4475.94588165	0
1780630180	XAUUSD	M15	4483.56	4470.12138	4520.69081	4415.73312			4479.83814843	4477.89201504	0
1780631080	XAUUSD	M15	4481.46	4470.02722	4520.59665	4415.63896			4481.00965520	4479.45083512	0
1780631980	XAUUSD	M15	4482.85	4469.93306	4520.50249	4415.54480			4481.20103909	4480.32593710	0
1780632880	XAUUSD	M15	4475.99	4469.83890	4520.40833	4415.45064			4480.50550015	4480.41571862	0
1780633780	XAUUSD	M15	4476.97	4469.74474	4520.31417	4415.35648			4479.40673168	4479.91122515	1
1780634680	XAUUSD	M15	4476.86	4469.65059	4520.22001	4415.26232			4478.23749298	4479.07435907	0
1780635580	XAUUSD	M15	4478.20	4469.55643	4520.12585	4415.16816			4477.30874736	4478.19155321	0
1780636480	XAUUSD	M15	4478.87	4469.46227	4520.03169	4415.07400			4476.77599586	4477.48377453	0
1780637380	XAUUSD	M15	4478.23	4469.36811	4519.93753	4414.97985			4476.67287956	4477.07832705	0
1780638280	XAUUSD	M15	4474.36	4469.27395	4519.84337	4414.88569			4476.94574380	4477.01203542	0
1780639180	XAUUSD	M15	4478.13	4469.17979	4519.74921	4414.79153			4477.53771922	4477.27487732	1
1780640080	XAUUSD	M15	4478.22	4469.08563	4519.65505	4414.69737			4478.15303595	4477.71395664	0
1780640980	XAUUSD	M15	4480.20	4468.99147	4519.56089	4414.60321			4478.62777193	4478.17086428	0
1780641880	XAUUSD	M15	4478.07	4468.89731	4519.46674	4414.50905			4478.82212226	4478.49649327	0
1780642780	XAUUSD	M15	4480.73	4468.80315	4519.37258	4414.41489			4478.79588542	4478.64618935	0
1780643680	XAUUSD	M15	4477.97	4468.70899	4519.27842	4414.32073			4478.52325195	4478.58472065	1
1780644580	XAUUSD	M15	4477.75	4468.61483	4519.18426	4414.22657			4478.13028778	4478.35750421	0
1780645480	XAUUSD	M15	4475.15	4468.52067	4519.09010	4414.13241			4477.63605231	4477.99677826	0
1780646380	XAUUSD	M15	4475.40	4468.42652	4518.99594	4414.03825			4477.05822894	4477.52750360	0
1780650880	XAUUSD	M15	4475.38	4468.33236	4518.90178	4413.94409			4476.28673323	4476.90711842	0
1780651780	XAUUSD	M15	4478.96	4468.23820	4518.80762	4413.84993			4475.19576935	4476.05144388	0
1780652680	XAUUSD	M15	4475.18	4468.14404	4518.71346	4413.75578			4473.60263628	4474.82704008	0
1780653580	XAUUSD	M15	4469.48	4468.04988	4518.61930	4413.66162			4471.58531290	4473.20617649	0
1780654480	XAUUSD	M15	4471.12	4467.95572	4518.52514	4413.56746			4469.34423240	4471.27520445	0
1780655380	XAUUSD	M15	4469.39	4467.86156	4518.43098	4413.47330			4466.94414983	4469.10967714	0
1780656280	XAUUSD	M15	4463.41	4467.76740	4518.33682	4413.37914			4464.56972626	4466.83970170	0
1780657180	XAUUSD	M15	4461.82	4467.67324	4518.24267	4413.28498			4462.50362463	4464.67166317	0
1780658080	XAUUSD	M15	4455.32	4467.57908	4518.14851	4413.19082			4460.85007074	4462.76086695	0
1780658980	XAUUSD	M15	4457.64	4467.48492	4518.05435	4413.09666			4459.73738206	4461.24912450	0
1780659880	XAUUSD	M15	4463.09	4467.39076	4517.96019	4413.00250			4458.94029565	4460.09471008	0
1780660780	XAUUSD	M15	4459.64	4467.29660	4517.86603	4412.90834			4458.06839890	4459.08155449	0
1780661680	XAUUSD	M15	4460.44	4467.20245	4517.77187	4412.81418			4456.94919612	4458.01537531	0
1780662580	XAUUSD	M15	4458.50	4467.10829	4517.67771	4412.72002			4455.35222809	4456.68380170	0
1780663480	XAUUSD	M15	4446.01	4467.01413	4517.58355	4412.62586			4453.21627185	4454.95003677	0
1780664380	XAUUSD	M15	4446.96	4466.91997	4517.48939	4412.53171			4450.87055069	4452.91029373	0
1780665280	XAUUSD	M15	4449.51	4466.82581	4517.39523	4412.43755			4448.37359595	4450.64194484	0
1780666180	XAUUSD	M15	4451.28	4466.73165	4517.30107	4412.34339			4445.80559491	4448.22376987	0
1780667080	XAUUSD	M15	4442.98	4466.63749	4517.20691	4412.24923			4443.32769466	4445.77573227	0
1780667980	XAUUSD	M15	4440.55	4466.54333	4517.11275	4412.15507			4441.37952808	4443.57763017	0
1780668880	XAUUSD	M15	4441.01	4466.44917	4517.01859	4412.06091			4440.18557207	4441.88160112	0
1780669780	XAUUSD	M15	4436.76	4466.35501	4516.92444	4411.96675			4439.77722688	4440.82941400	0
1780670680	XAUUSD	M15	4441.06	4466.26085	4516.83028	4411.87259			4440.16512110	4440.49726755	0
1780671580	XAUUSD	M15	4442.45	4466.16669	4516.73612	4411.77843			4441.01069169	4440.75397962	1
1780672480	XAUUSD	M15	4441.65	4466.07253	4516.64196	4411.68427			4441.98031151	4441.36714556	0
1780673380	XAUUSD	M15	4439.71	4465.97837	4516.54780	4411.59011			4442.80868949	4442.08791752	0
1780674280	XAUUSD	M15	4440.74	4465.88422	4516.45364	4411.49595			4443.33462626	4442.71127189	0
1780675180	XAUUSD	M15	4444.93	4465.79006	4516.35948	4411.40179			4443.44859864	4443.07993527	0
1780676080	XAUUSD	M15	4449.05	4465.69590	4516.26532	4411.30763			4443.11632551	4443.09813039	0
1780676980	XAUUSD	M15	4444.76	4465.60174	4516.17116	4411.21348			4442.47382449	4442.78597744	1
1780677880	XAUUSD	M15	4443.53	4465.50758	4516.07700	4411.11932			4442.00507640	4442.39552692	0
1780678780	XAUUSD	M15	4440.00	4465.41342	4515.98284	4411.02516			4442.11314782	4442.25433737	0
1780679680	XAUUSD	M15	4436.64	4465.31926	4515.88868	4410.93100			4443.17501662	4442.71467699	1
1780680580	XAUUSD	M15	4442.37	4465.22510	4515.79452	4410.83684		4428.84000	4445.39553014	4444.05510357	0
1780681480	XAUUSD	M15	4448.41	4465.13094	4515.70037	4410.74268			4448.54368147	4446.29939252	0
1780682380	XAUUSD	M15	4452.81	4465.03678	4515.60621	4410.64852			4452.20571805	4449.25255528	0
1780683280	XAUUSD	M15	4458.50	4464.94262	4515.51205	4410.55436			4455.93455355	4452.59355442	0
1780684180	XAUUSD	M15	4467.11	4464.84846	4515.41789	4410.46020			4459.27184218	4455.93269830	0
1780685080	XAUUSD	M15	4462.10	4464.75430	4515.32373	4410.36604			4461.77159127	4458.85214478	0
1780685980	XAUUSD	M15	4460.88	4464.66015	4515.22957	4410.27188			4463.50821109	4461.18017794	0
1780686880	XAUUSD	M15	4461.10	4464.56599	4515.13541	4410.17772			4464.57413181	4462.87715488	0
1780687780	XAUUSD	M15	4466.82	4464.47183	4515.04125	4410.08356			4465.09999867	4463.98857677	0
1780688680	XAUUSD	M15	4461.88	4464.37767	4514.94709	4409.98941			4465.09477406	4464.54167542	0
1780689580	XAUUSD	M15	4462.68	4464.28351	4514.85293	4409.89525			4464.84056458	4464.69112000	0
1780690480	XAUUSD	M15	4466.03	4464.18935	4514.75877	4409.80109			4464.44382239	4464.56747119	1
1780691380	XAUUSD	M15	4462.94	4464.09519	4514.66461	4409.70693			4463.92827330	4464.24787225	0
1780692280	XAUUSD	M15	4465.96	4464.00103	4514.57045	4409.61277			4463.48760556	4463.86773890	0
1780693180	XAUUSD	M15	4464.90	4463.90687	4514.47630	4409.51861			4463.19489589	4463.53131740	0
1780694080	XAUUSD	M15	4465.18	4463.81271	4514.38214	4409.42445			4463.26270958	4463.39701349	0
1780694980	XAUUSD	M15	4465.99	4463.71855	4514.28798	4409.33029			4463.85076157	4463.62388753	1
1780695880	XAUUSD	M15	4464.56	4463.62439	4514.19382	4409.23613			4465.00594019	4464.31491386	0
1780696780	XAUUSD	M15	4467.02	4463.53023	4514.09966	4409.14197			4466.65837535	4465.48664460	0
1780697680	XAUUSD	M15	4461.42	4463.43608	4514.00550	4409.04781			4468.38093343	4466.93378902	0
1780698580	XAUUSD	M15	4466.09	4463.34192	4513.91134	4408.95365			4469.69339787	4468.31359344	0
1780699480	XAUUSD	M15	4464.95	4463.24776	4513.81718	4408.85949			4469.64571128	4468.97965236	0
1780700380	XAUUSD	M15	4470.13	4463.15360	4513.72302	4408.76534			4467.40222168	4468.19093702	1
1780701280	XAUUSD	M15	4469.28	4463.05944	4513.62886	4408.67118			4462.11314052	4465.15203877	0
1780702180	XAUUSD	M15	4465.15	4462.96528	4513.53470	4408.57702	4475.64000		4453.43803837	4459.29503857	0
1780703080	XAUUSD	M15	4445.81	4462.87112	4513.44054	4408.48286			4441.59512171	4450.44508014	0
1780703980	XAUUSD	M15	4406.35	4462.77696	4513.34638	4408.38870			4427.65556090	4439.05032052	0
1780704880	XAUUSD	M15	4418.53	4462.68280	4513.25222	4408.29454			4413.47844858	4426.26438455	0
1780705780	XAUUSD	M15	4405.16	4462.58864	4513.15807	4408.20038			4399.55000727	4412.90719591	0
1780706680	XAUUSD	M15	4389.52	4462.49448	4513.06391	4408.10622			4386.86003959	4399.88361775	0
1780707580	XAUUSD	M15	4365.81	4462.40032	4512.96975	4408.01206			4376.15925203	4388.02143489	0
1780708480	XAUUSD	M15	4366.17	4462.30616	4512.87559	4407.91790			4368.01273178	4378.01708334	0
1780709380	XAUUSD	M15	4361.01	4462.21200	4512.78143	4407.82374			4361.94053555	4369.97880944	0
1780710280	XAUUSD	M15	4349.26	4462.11785	4512.68727	4407.72958			4357.35505208	4363.66693076	0
1780711180	XAUUSD	M15	4369.70	4462.02369	4512.59311	4407.63542			4353.76755336	4358.71724206	0
1780712080	XAUUSD	M15	4353.29	4461.92953	4512.49895	4407.54126			4349.98878196	4354.35301201	0
1780712980	XAUUSD	M15	4351.89	4461.83537	4512.40479	4407.44711			4346.12840194	4350.24070697	0
1780713880	XAUUSD	M15	4338.81	4461.74121	4512.31063	4407.35295			4342.24945409	4346.24508053	0
1780714780	XAUUSD	M15	4335.51	4461.64705	4512.21647	4407.25879			4338.96750415	4342.60629234	0
1780715680	XAUUSD	M15	4333.58	4461.55289	4512.12231	4407.16463			4336.68696140	4339.64662687	0
1780716580	XAUUSD	M15	4329.73	4461.45873	4512.02815	4407.07047			4335.64684741	4337.64673714	0
1780717480	XAUUSD	M15	4327.87	4461.36457	4511.93400	4406.97631			4335.86584004	4336.75628859	0
1780718380	XAUUSD	M15	4344.61	4461.27041	4511.83984	4406.88215			4337.00507633	4336.88068246	1
1780719280	XAUUSD	M15	4339.56	4461.17625	4511.74568	4406.78799			4338.00839480	4337.44453863	0
1780720180	XAUUSD	M15	4342.45	4461.08209	4511.65152	4406.69383			4338.34097734	4337.89275798	0
1780721080	XAUUSD	M15	4341.28	4460.98793	4511.55736	4406.59967			4337.41066154	4337.65170976	1
1780721980	XAUUSD	M15	4341.68	4460.89378	4511.46320	4406.50551			4335.03054624	4336.34112800	0
1780722880	XAUUSD	M15	4323.31	4460.79962	4511.36904	4406.41135			4331.33632319	4333.83872560	0
1780723780	XAUUSD	M15	4325.94	4460.70546	4511.27488	4406.31719			4327.26851378	4330.55361969	0
1780724680	XAUUSD	M15	4318.16	4460.61130	4511.18072	4406.22304			4323.34970255	4326.95166112	0
1780725580	XAUUSD	M15	4322.37	4460.51714	4511.08656	4406.12888			4320.33413800	4323.64289956	0
1780726480	XAUUSD	M15	4315.37	4460.42298	4510.99240	4406.03472			4318.45600141	4321.04945048	0
1780727380	XAUUSD	M15	4323.85	4460.32882	4510.89824	4405.94056			4317.96275974	4319.50610511	0
1780728280	XAUUSD	M15	4318.85	4460.23466	4510.80408	4405.84640			4318.40825824	4318.95718168	0
1780729180	XAUUSD	M15	4318.75	4460.14050	4510.70993	4405.75224			4319.52464020	4319.24091094	1
1780730080	XAUUSD	M15	4315.59	4460.04634	4510.61577	4405.65808			4320.86335851	4320.05213472	0
1780730980	XAUUSD	M15	4322.47	4459.95218	4510.52161	4405.56392			4322.13260758	4321.09237115	0
1780731880	XAUUSD	M15	4324.13	4459.85802	4510.42745	4405.46976			4322.94437731	4322.01837423	0
1780732780	XAUUSD	M15	4328.74	4459.76386	4510.33329	4405.37560			4323.27910464	4322.64873944	0
1780910080	XAUUSD	M15	4330.05	4459.66971	4510.23913	4405.28144			4323.30382036	4322.97627990	0
1780910980	XAUUSD	M15	4316.74	4459.57555	4510.14497	4405.18728			4323.45938912	4323.21783451	0
1780911880	XAUUSD	M15	4326.26	4459.48139	4510.05081	4405.09312			4324.58470738	4323.90127095	0
1780912780	XAUUSD	M15	4317.47	4459.38723	4509.95665	4404.99897			4326.73448556	4325.31787825	0
1780913680	XAUUSD	M15	4330.85	4459.29307	4509.86249	4404.90481			4330.17421852	4327.74604838	0
1780914580	XAUUSD	M15	4334.02	4459.19891	4509.76833	4404.81065			4334.28147365	4331.01376102	0
1780915480	XAUUSD	M15	4338.96	4459.10475	4509.67417	4404.71649			4338.45942145	4334.73659124	0
1780916380	XAUUSD	M15	4343.96	4459.01059	4509.58001	4404.62233			4341.96668845	4338.35163984	0
1780917280	XAUUSD	M15	4343.65	4458.91643	4509.48585	4404.52817			4344.09890600	4341.22527292	0
1780918180	XAUUSD	M15	4351.37	4458.82227	4509.39170	4404.43401	4353.21000		4344.46313588	4342.84420440	0
1780919080	XAUUSD	M15	4345.29	4458.72811	4509.29754	4404.33985			4342.71362564	4342.77891502	1
1780919980	XAUUSD	M15	4342.43	4458.63395	4509.20338	4404.24569			4339.14641726	4340.96266614	0
1780920880	XAUUSD	M15	4327.14	4458.53979	4509.10922	4404.15153			4334.21111964	4337.58689289	0
1780921780	XAUUSD	M15	4314.77	4458.44563	4509.01506	4404.05737			4328.81088968	4333.19889128	0
1780922680	XAUUSD	M15	4326.20	4458.35148	4508.92090	4403.96321			4323.76006608	4328.47947868	0
1780923580	XAUUSD	M15	4325.44	4458.25732	4508.82674	4403.86905			4319.14424009	4323.81185939	0
1780924480	XAUUSD	M15	4316.75	4458.16316	4508.73258	4403.77489			4315.25900102	4319.53543020	0
1780925380	XAUUSD	M15	4315.09	4458.06900	4508.63842	4403.68074			4312.49025014	4316.01284017	0
1780926280	XAUUSD	M15	4315.99	4457.97484	4508.54426	4403.58658			4310.91129194	4313.46206605	0
1780927180	XAUUSD	M15	4310.65	4457.88068	4508.45010	4403.49242			4310.39962749	4311.93084677	0
1780928080	XAUUSD	M15	4304.81	4457.78652	4508.35594	4403.39826			4310.86864123	4311.39974400	0
1780928980	XAUUSD	M15	4307.23	4457.69236	4508.26178	4403.30410			4312.11939104	4311.75956752	1
1780929880	XAUUSD	M15	4309.95	4457.59820	4508.16763	4403.20994			4313.63364346	4312.69660549	0
1780930780	XAUUSD	M15	4316.92	4457.50404	4508.07347	4403.11578			4314.85303129	4313.77481839	0
1780931680	XAUUSD	M15	4318.68	4457.40988	4507.97931	4403.02162			4315.17097911	4314.47289875	0
1780932580	XAUUSD	M15	4319.96	4457.31572	4507.88515	4402.92746			4314.30136099	4314.38712987	1
1780933480	XAUUSD	M15	4307.82	4457.22156	4507.79099	4402.83330			4312.19700095	4313.29206541	0
1780934380	XAUUSD	M15	4312.80	4457.12741	4507.69683	4402.73914			4309.39849171	4311.34527856	0
1780935280	XAUUSD	M15	4305.19	4457.03325	4507.60267	4402.64498			4306.14135585	4308.74331721	0
1780936180	XAUUSD	M15	4311.93	4456.93909	4507.50851	4402.55082			4303.06525155	4305.90428438	0
1780937080	XAUUSD	M15	4287.87	4456.84493	4507.41435	4402.45667		4268.66000	4300.41105641	4303.15767040	0
1780937980	XAUUSD	M15	4291.94	4456.75077	4507.32019	4402.36251			4299.10751691	4301.13259365	0
1780938880	XAUUSD	M15	4303.37	4456.65661	4507.22603	4402.26835			4299.08858399	4300.11058882	0
1780939780	XAUUSD	M15	4305.75	4456.56245	4507.13187	4402.17419			4299.81958342	4299.96508612	0
1780940680	XAUUSD	M15	4298.41	4456.46829	4507.03771	4402.08003			4300.84221521	4300.40365067	1
1780941580	XAUUSD	M15	4300.07	4456.37413	4506.94356	4401.98587			4301.87700260	4301.14032663	0
1780942480	XAUUSD	M15	4305.33	4456.27997	4506.84940	4401.89171			4302.41963334	4301.77997998	0
1780943380	XAUUSD	M15	4306.16	4456.18581	4506.75524	4401.79755			4301.97738497	4301.87868248	0
1780944280	XAUUSD	M15	4301.77	4456.09165	4506.66108	4401.70339			4300.37456970	4301.12662609	1
1780945180	XAUUSD	M15	4294.50	4455.99749	4506.56692	4401.60923			4297.81277236	4299.46969922	0
1780946080	XAUUSD	M15	4291.84	4455.90334	4506.47276	4401.51507			4294.75898792	4297.11434357	0
1780946980	XAUUSD	M15	4288.16	4455.80918	4506.37860	4401.42091			4291.66792133	4294.39113245	0
1780947880	XAUUSD	M15	4290.79	4455.71502	4506.28444	4401.32675			4289.04042966	4291.71578105	0
1780948780	XAUUSD	M15	4288.78	4455.62086	4506.19028	4401.23260			4287.15642493	4289.43610299	0
1780949680	XAUUSD	M15	4289.02	4455.52670	4506.09612	4401.13844			4286.31011623	4287.87310961	0
1780950580	XAUUSD	M15	4279.87	4455.43254	4506.00196	4401.04428			4286.61415250	4287.24363105	0
1780951480	XAUUSD	M15	4293.68	4455.33838	4505.90780	4400.95012			4288.32937186	4287.78650146	1
1780952380	XAUUSD	M15	4294.31	4455.24422	4505.81364	4400.85596			4291.02375126	4289.40512636	0
1780953280	XAUUSD	M15	4294.59	4455.15006	4505.71948	4400.76180			4294.58274489	4291.99393563	0
1780954180	XAUUSD	M15	4293.83	4455.05590	4505.62533	4400.66764			4298.90319335	4295.44856449	0
1780955080	XAUUSD	M15	4304.93	4454.96174	4505.53117	4400.57348			4303.90297543	4299.67576996	0
1780955980	XAUUSD	M15	4302.06	4454.86758	4505.43701	4400.47932			4309.16731318	4304.42154157	0
1780956880	XAUUSD	M15	4318.58	4454.77342	4505.34285	4400.38516			4314.63154922	4309.52654539	0
1780957780	XAUUSD	M15	4325.31	4454.67926	4505.24869	4400.29100			4319.70505744	4314.61580142	0
1780958680	XAUUSD	M15	4324.05	4454.58511	4505.15453	4400.19684			4324.06805949	4319.34193045	0
1780959580	XAUUSD	M15	4331.28	4454.49095	4505.06037	4400.10268			4327.65129890	4323.49661468	0
1780960480	XAUUSD	M15	4322.88	4454.39679	4504.96621	4400.00852			4330.20110665	4326.84886066	0
1780961380	XAUUSD	M15	4330.13	4454.30263	4504.87205	4399.91437			4331.91369162	4329.38127614	0
1780962280	XAUUSD	M15	4335.74	4454.20847	4504.77789	4399.82021			4332.59494507	4330.98811061	0
1780963180	XAUUSD	M15	4333.10	4454.11431	4504.68373	4399.72605			4332.15847841	4331.57329451	0
1780964080	XAUUSD	M15	4323.84	4454.02015	4504.58957	4399.63189			4330.83946804	4331.20638127	1
1780964980	XAUUSD	M15	4331.33	4453.92599	4504.49541	4399.53773			4329.15019780	4330.17828954	0
1780965880	XAUUSD	M15	4336.42	4453.83183	4504.40126	4399.44357	4346.65000		4327.20469109	4328.69149031	0
1780966780	XAUUSD	M15	4326.79	4453.73767	4504.30710	4399.34941			4325.23375117	4326.96262074	0
1780967680	XAUUSD	M15	4319.56	4453.64351	4504.21294	4399.25525			4323.87814952	4325.42038513	0
1780968580	XAUUSD	M15	4320.06	4453.54935	4504.11878	4399.16109			4323.63842528	4324.52940520	0
1780969480	XAUUSD	M15	4322.57	4453.45519	4504.02462	4399.06693			4324.63843183	4324.58391852	1
1780970380	XAUUSD	M15	4331.06	4453.36104	4503.93046	4398.97277			4326.75252700	4325.66822276	0
1780971280	XAUUSD	M15	4325.45	4453.26688	4503.83630	4398.87861			4329.53700584	4327.60261430	0
1780972180	XAUUSD	M15	4330.68	4453.17272	4503.74214	4398.78445			4332.81576190	4330.20918810	0
1780973080	XAUUSD	M15	4339.41	4453.07856	4503.64798	4398.69030			4336.07982697	4333.14450754	0
1780973980	XAUUSD	M15	4341.94	4452.98440	4503.55382	4398.59614			4338.76227655	4335.95339204	0
1780974880	XAUUSD	M15	4340.96	4452.89024	4503.45966	4398.50198			4340.59339847	4338.27339526	0
1780975780	XAUUSD	M15	4340.95	4452.79608	4503.36550	4398.40782			4341.56493975	4339.91916750	0
1780976680	XAUUSD	M15	4343.94	4452.70192	4503.27134	4398.31366			4341.79355782	4340.85636266	0
1780977580	XAUUSD	M15	4340.75	4452.60776	4503.17719	4398.21950			4341.41580741	4341.13608504	0
1780978480	XAUUSD	M15	4338.82	4452.51360	4503.08303	4398.12534			4340.76279803	4340.94944153	1
1780979380	XAUUSD	M15	4339.15	4452.41944	4502.98887	4398.03118			4340.08324090	4340.51634122	0
1780980280	XAUUSD	M15	4334.10	4452.32528	4502.89471	4397.93702			4339.46794774	4339.99214448	0
1780981180	XAUUSD	M15	4339.26	4452.23112	4502.80055	4397.84286			4339.01912576	4339.50563512	0
1780982080	XAUUSD	M15	4341.33	4452.13697	4502.70639	4397.74870			4338.45086236	4338.97824874	0
1780982980	XAUUSD	M15	4342.66	4452.04281	4502.61223	4397.65454			4337.50991799	4338.24408336	0
1780983880	XAUUSD	M15	4336.74	4451.94865	4502.51807	4397.56038			4336.01568150	4337.12988243	0
1780984780	XAUUSD	M15	4334.61	4451.85449	4502.42391	4397.46623			4334.08434341	4335.60711292	0
1780985680	XAUUSD	M15	4329.87	4451.76033	4502.32975	4397.37207			4331.86886550	4333.73798921	0
1780986580	XAUUSD	M15	4327.76	4451.66617	4502.23559	4397.27791			4329.69526793	4331.71662857	0
1780987480	XAUUSD	M15	4325.18	4451.57201	4502.14143	4397.18375			4327.85733516	4329.78698187	0
1780988380	XAUUSD	M15	4326.76	4451.47785	4502.04727	4397.08959			4326.62501779	4328.20599983	0
1780989280	XAUUSD	M15	4328.24	4451.38369	4501.95311	4396.99543			4326.04832561	4327.12716272	0
1780990180	XAUUSD	M15	4326.52	4451.28953	4501.85896	4396.90127			4326.05038228	4326.58877250	0
1780991080	XAUUSD	M15	4326.28	4451.19537	4501.76480	4396.80711			4326.51145881	4326.55011565	0
1780991980	XAUUSD	M15	4329.82	4451.10121	4501.67064	4396.71295			4327.17087176	4326.86049371	1
1780996480	XAUUSD	M15	4325.29	4451.00705	4501.57648	4396.61879			4327.61925184	4327.23987277	0
1780997380	XAUUSD	M15	4325.13	4450.91289	4501.48232	4396.52463			4327.69203492	4327.46595385	0
1780998280	XAUUSD	M15	4327.42	4450.81874	4501.38816	4396.43047			4327.21328109	4327.33961747	1
1780999180	XAUUSD	M15	4327.79	4450.72458	4501.29400	4396.33631			4326.07313857	4326.70637802	0
1781000080	XAUUSD	M15	4327.63	4450.63042	4501.19984	4396.24215			4324.36227738	4325.53432770	0
1781000980	XAUUSD	M15	4320.46	4450.53626	4501.10568	4396.14800			4322.32253762	4323.92843266	0
1781001880	XAUUSD	M15	4319.60	4450.44210	4501.01152	4396.05384			4320.46549327	4322.19696297	0
1781002780	XAUUSD	M15	4317.91	4450.34794	4500.91736	4395.95968		4312.92000	4319.14180362	4320.66938329	0
1781003680	XAUUSD	M15	4322.74	4450.25378	4500.82320	4395.86552			4318.64956857	4319.65947593	0
1781004580	XAUUSD	M15	4316.82	4450.15962	4500.72904	4395.77136			4319.01277173	4319.33612383	0
1781005480	XAUUSD	M15	4318.44	4450.06546	4500.63489	4395.67720			4320.42703119	4319.88157751	1
1781006380	XAUUSD	M15	4319.86	4449.97130	4500.54073	4395.58304			4322.76492097	4321.32324924	0
1781007280	XAUUSD	M15	4324.10	4449.87714	4500.44657	4395.48888			4325.79548052	4323.55936488	0
1781008180	XAUUSD	M15	4335.33	4449.78298	4500.35241	4395.39472			4329.14650852	4326.35293670	0
1781009080	XAUUSD	M15	4335.74	4449.68882	4500.25825	4395.30056			4332.25758752	4329.30526211	0
1781009980	XAUUSD	M15	4336.53	4449.59467	4500.16409	4395.20640			4334.89579719	4332.10052965	0
1781010880	XAUUSD	M15	4332.91	4449.50051	4500.06993	4395.11224			4336.88495309	4334.49274137	0
1781011780	XAUUSD	M15	4335.60	4449.40635	4499.97577	4395.01808			4338.22571280	4336.35922709	0
1781012680	XAUUSD	M15	4338.43	4449.31219	4499.88161	4394.92393			4338.79951009	4337.57936859	0
1781013580	XAUUSD	M15	4336.03	4449.21803	4499.78745	4394.82977			4338.55050074	4338.06493467	0
1781014480	XAUUSD	M15	4338.71	4449.12387	4499.69329	4394.73561			4337.64641875	4337.85567671	1
1781015380	XAUUSD	M15	4336.80	4449.02971	4499.59913	4394.64145			4336.21110558	4337.03339114	0
1781016280	XAUUSD	M15	4337.55	4448.93555	4499.50497	4394.54729			4334.56004775	4335.79671945	0
1781017180	XAUUSD	M15	4336.61	4448.84139	4499.41082	4394.45313			4332.98734966	4334.39203455	0
1781018080	XAUUSD	M15	4332.25	4448.74723	4499.31666	4394.35897			4331.82672744	4333.10938099	0
1781018980	XAUUSD	M15	4330.49	4448.65307	4499.22250	4394.26481			4331.43434872	4332.27186486	0
1781019880	XAUUSD	M15	4328.15	4448.55891	4499.12834	4394.17065			4331.95861114	4332.11523800	0
1781020780	XAUUSD	M15	4332.31	4448.46475	4499.03418	4394.07649			4333.38153104	4332.74838452	1
1781021680	XAUUSD	M15	4331.40	4448.37060	4498.94002	4393.98233			4335.33841050	4334.04339751	0
1781022580	XAUUSD	M15	4332.58	4448.27644	4498.84586	4393.88817			4337.46726227	4335.75532989	0
1781023480	XAUUSD	M15	4348.25	4448.18228	4498.75170	4393.79401	4351.53000		4339.30381902	4337.52957445	0
1781024380	XAUUSD	M15	4343.48	4448.08812	4498.65754	4393.69986			4340.07470633	4338.80214039	0
1781025280	XAUUSD	M15	4341.43	4447.99396	4498.56338	4393.60570			4339.73391574	4339.26802807	0
1781026180	XAUUSD	M15	4338.72	4447.89980	4498.46922	4393.51154			4338.38371136	4338.82586971	1
1781027080	XAUUSD	M15	4336.73	4447.80564	4498.37506	4393.41738			4336.33020509	4337.57803740	0
1781027980	XAUUSD	M15	4330.65	4447.71148	4498.28090	4393.32322			4333.97633293	4335.77718517	0
1781028880	XAUUSD	M15	4327.41	4447.61732	4498.18674	4393.22906			4331.84651608	4333.81185062	0
1781029780	XAUUSD	M15	4331.06	4447.52316	4498.09259	4393.13490			4330.30592574	4332.05888818	0
1781030680	XAUUSD	M15	4328.43	4447.42900	4497.99843	4393.04074			4329.36483829	4330.71186324	0
1781031580	XAUUSD	M15	4326.56	4447.33484	4497.90427	4392.94658			4329.04206271	4329.87696297	0
1781032480	XAUUSD	M15	4331.70	4447.24068	4497.81011	4392.85242		4321.27000	4329.22336195	4329.55016246	0
1781033380	XAUUSD	M15	4334.38	4447.14652	4497.71595	4392.75826			4329.54947693	4329.54981970	0
1781034280	XAUUSD	M15	4335.05	4447.05237	4497.62179	4392.66410			4329.76213091	4329.65597530	1
1781035180	XAUUSD	M15	4326.60	4446.95821	4497.52763	4392.56994			4329.76357145	4329.70977338	0
1781036080	XAUUSD	M15	4328.22	4446.86405	4497.43347	4392.47578			4329.81025156	4329.76001247	0
1781036980	XAUUSD	M15	4326.89	4446.76989	4497.33931	4392.38163			4329.97794007	4329.86897627	0
1781037880	XAUUSD	M15	4327.13	4446.67573	4497.24515	4392.28747			4330.42868209	4330.14882918	0
1781038780	XAUUSD	M15	4332.26	4446.58157	4497.15099	4392.19331			4331.24090263	4330.69486591	0
1781039680	XAUUSD	M15	4335.24	4446.48741	4497.05683	4392.09915			4332.30139526	4331.49813058	0
1781040580	XAUUSD	M15	4333.84	4446.39325	4496.96267	4392.00499			4333.50223588	4332.50018323	0
1781041480	XAUUSD	M15	4332.65	4446.29909	4496.86852	4391.91083			4334.82655260	4333.66336792	0
1781042380	XAUUSD	M15	4339.15	4446.20493	4496.77436	4391.81667			4336.23243180	4334.94789986	0
1781043280	XAUUSD	M15	4337.83	4446.11077	4496.68020	4391.72251			4337.47675506	4336.21232746	0
1781044180	XAUUSD	M15	4338.75	4446.01661	4496.58604	4391.62835			4338.55444221	4337.38338483	0
1781045080	XAUUSD	M15	4338.95	4445.92245	4496.49188	4391.53419			4339.42923741	4338.40631112	0
1781045980	XAUUSD	M15	4339.76	4445.82830	4496.39772	4391.44003			4340.09759054	4339.25195083	0
1781046880	XAUUSD	M15	4340.92	4445.73414	4496.30356	4391.34587			4340.51319749	4339.88257416	0
1781047780	XAUUSD	M15	4335.94	4445.63998	4496.20940	4391.25171			4340.57637315	4340.22947365	0
1781048680	XAUUSD	M15	4340.92	4445.54582	4496.11524	4391.15756			4340.28435928	4340.25691647	0
1781049580	XAUUSD	M15	4341.42	4445.45166	4496.02108	4391.06340			4339.30933150	4339.78312398	1
1781050480	XAUUSD	M15	4340.98	4445.35750	4495.92692	4390.96924			4337.41848455	4338.60080427	0
1781051380	XAUUSD	M15	4330.90	4445.26334	4495.83276	4390.87508			4334.42954547	4336.51517487	0
1781052280	XAUUSD	M15	4330.37	4445.16918	4495.73860	4390.78092			4330.47343823	4333.49430655	0
1781053180	XAUUSD	M15	4328.66	4445.07502	4495.64445	4390.68676	4363.43000		4325.47435089	4329.48432872	0
1781054080	XAUUSD	M15	4321.28	4444.98086	4495.55029	4390.59260			4319.42871800	4324.45652336	0
1781054980	XAUUSD	M15	4318.71	4444.88670	4495.45613	4390.49844			4312.52858055	4318.49255195	0
1781055880	XAUUSD	M15	4285.29	4444.79254	4495.36197	4390.40428			4304.88255622	4311.68755409	0
1781056780	XAUUSD	M15	4300.76	4444.69838	4495.26781	4390.31012			4297.40449173	4304.54602291	0
1781057680	XAUUSD	M15	4294.92	4444.60423	4495.17365	4390.21596			4289.68829691	4297.11715991	0
1781058580	XAUUSD	M15	4278.85	4444.51007	4495.07949	4390.12180			4281.91833678	4289.51774835	0
1781059480	XAUUSD	M15	4279.82	4444.41591	4494.98533	4390.02764			4274.62457817	4282.07116326	0
1781060380	XAUUSD	M15	4272.90	4444.32175	4494.89117	4389.93349			4267.96560325	4275.01838326	0
1781061280	XAUUSD	M15	4259.63	4444.22759	4494.79701	4389.83933			4262.37761571	4268.69799948	0
1781062180	XAUUSD	M15	4263.49	4444.13343	4494.70285	4389.74517			4258.47282670	4263.58541309	0
1781063080	XAUUSD	M15	4244.94	4444.03927	4494.60869	4389.65101		4236.62000	4256.29979270	4259.94260289	0
1781063980	XAUUSD	M15	4252.18	4443.94511	4494.51453	4389.55685			4256.29654049	4258.11957169	0
1781064880	XAUUSD	M15	4261.19	4443.85095	4494.42037	4389.46269			4257.95324622	4258.03640896	0
1781065780	XAUUSD	M15	4263.12	4443.75679	4494.32622	4389.36853			4260.48549171	4259.26095033	1
1781066680	XAUUSD	M15	4264.84	4443.66263	4494.23206	4389.27437			4263.18495795	4261.22295414	0
1781067580	XAUUSD	M15	4263.12	4443.56847	4494.13790	4389.18021			4265.38362437	4263.30328925	0
1781068480	XAUUSD	M15	4265.37	4443.47431	4494.04374	4389.08605			4266.65155979	4264.97742452	0
1781069380	XAUUSD	M15	4270.90	4443.38015	4493.94958	4388.99189			4266.70386958	4265.84064705	0
1781070280	XAUUSD	M15	4264.35	4443.28600	4493.85542	4388.89773			4265.46773455	4265.65419080	1
1781071180	XAUUSD	M15	4269.92	4443.19184	4493.76126	4388.80357			4263.45720431	4264.55569755	0
1781072080	XAUUSD	M15	4258.70	4443.09768	4493.66710	4388.70941			4261.03731686	4262.79650721	0
1781072980	XAUUSD	M15	4257.39	4443.00352	4493.57294	4388.61526			4259.02881793	4260.91266257	0
1781073880	XAUUSD	M15	4250.97	4442.90936	4493.47878	4388.52110			4257.84270343	4259.37768300	0
1781074780	XAUUSD	M15	4258.48	4442.81520	4493.38462	4388.42694			4257.74274041	4258.56021170	0
1781075680	XAUUSD	M15	4258.45	4442.72104	4493.29046	4388.33278			4258.30243332	4258.43132251	0
1781076580	XAUUSD	M15	4259.10	4442.62688	4493.19630	4388.23862			4259.02549316	4258.72840783	1
1781077480	XAUUSD	M15	4261.38	4442.53272	4493.10215	4388.14446			4259.27070902	4258.99955843	0
1781078380	XAUUSD	M15	4259.44	4442.43856	4493.00799	4388.05030			4258.38305510	4258.69130677	1
1781082880	XAUUSD	M15	4255.44	4442.34440	4492.91383	4387.95614			4256.00393463	4257.34762070	0
1781083780	XAUUSD	M15	4256.82	4442.25024	4492.81967	4387.86198			4252.10180723	4254.72471397	0
1781084680	XAUUSD	M15	4248.97	4442.15608	4492.72551	4387.76782			4246.80985150	4250.76728273	0
1781085580	XAUUSD	M15	4237.31	4442.06193	4492.63135	4387.67366			4240.74822945	4245.75775609	0
1781086480	XAUUSD	M15	4235.90	4441.96777	4492.53719	4387.57950			4234.73564916	4240.24670263	0
1781087380	XAUUSD	M15	4224.19	4441.87361	4492.44303	4387.48534			4229.23959757	4234.74315010	0
1781088280	XAUUSD	M15	4218.63	4441.77945	4492.34887	4387.39119			4224.75744917	4229.75029964	0
1781089180	XAUUSD	M15	4222.03	4441.68529	4492.25471	4387.29703			4221.32895316	4225.53962640	0
1781090080	XAUUSD	M15	4225.12	4441.59113	4492.16055	4387.20287			4218.47660306	4222.00811473	0
1781090980	XAUUSD	M15	4217.94	4441.49697	4492.06639	4387.10871			4215.57678386	4218.79244929	0
1781091880	XAUUSD	M15	4204.49	4441.40281	4491.97223	4387.01455			4212.30284137	4215.54764533	0
1781092780	XAUUSD	M15	4218.23	4441.30865	4491.87808	4386.92039			4208.64217273	4212.09490903	0
1781093680	XAUUSD	M15	4203.39	4441.21449	4491.78392	4386.82623			4204.06741372	4208.08116138	0
1781094580	XAUUSD	M15	4201.81	4441.12033	4491.68976	4386.73207			4199.06224705	4203.57170421	0
1781095480	XAUUSD	M15	4187.41	4441.02617	4491.59560	4386.63791			4193.94381301	4198.75775861	0
1781096380	XAUUSD	M15	4188.63	4440.93201	4491.50144	4386.54375			4189.43295613	4194.09535737	0
1781097280	XAUUSD	M15	4182.77	4440.83786	4491.40728	4386.44959			4185.76367749	4189.92951743	0
1781098180	XAUUSD	M15	4187.98	4440.74370	4491.31312	4386.35543			4183.17362641	4186.55157192	0
1781099080	XAUUSD	M15	4184.51	4440.64954	4491.21896	4386.26127			4181.40277690	4183.97717441	0
1781099980	XAUUSD	M15	4174.01	4440.55538	4491.12480	4386.16711			4180.25645613	4182.11681527	0
1781100880	XAUUSD	M15	4178.09	4440.46122	4491.03064	4386.07296			4179.63533282	4180.87607404	0
1781101780	XAUUSD	M15	4177.22	4440.36706	4490.93648	4385.97880			4179.06734477	4179.97170941	0
1781102680	XAUUSD	M15	4179.92	4440.27290	4490.84232	4385.88464			4178.34933011	4179.16051976	0
1781103580	XAUUSD	M15	4184.81	4440.17874	4490.74816	4385.79048			4177.42754422	4178.29403199	0
1781104480	XAUUSD	M15	4181.37	4440.08458	4490.65400	4385.69632			4176.45345545	4177.37374372	0
1781105380	XAUUSD	M15	4174.56	4439.99042	4490.55985	4385.60216			4176.01699389	4176.69536880	0
1781106280	XAUUSD	M15	4173.55	4439.89626	4490.46569	4385.50800			4176.85818341	4176.77677610	1
1781107180	XAUUSD	M15	4174.82	4439.80210	4490.37153	4385.41384			4179.43500830	4178.10589220	0
1781108080	XAUUSD	M15	4179.77	4439.70794	4490.27737	4385.31968			4183.84181636	4180.97385428	0
1781108980	XAUUSD	M15	4187.25	4439.61378	4490.18321	4385.22552			4189.69322673	4185.33354051	0
1781109880	XAUUSD	M15	4198.25	4439.51963	4490.08905	4385.13136			4196.20892445	4190.77123248	0
1781110780	XAUUSD	M15	4205.15	4439.42547	4489.99489	4385.03720			4202.30812249	4196.53967748	0
1781111680	XAUUSD	M15	4212.90	4439.33131	4489.90073	4384.94304	4221.80000		4207.00360947	4201.77164348	0
1781112580	XAUUSD	M15	4211.94	4439.23715	4489.80657	4384.84889			4209.43638834	4205.60401591	0
1781113480	XAUUSD	M15	4207.75	4439.14299	4489.71241	4384.75473			4209.28416543	4207.44409067	0
1781114380	XAUUSD	M15	4203.96	4439.04883	4489.61825	4384.66057			4206.65541315	4207.04975191	1
1781115280	XAUUSD	M15	4200.31	4438.95467	4489.52409	4384.56641			4201.95949155	4204.50462173	0
1781116180	XAUUSD	M15	4194.92	4438.86051	4489.42993	4384.47225			4195.80456404	4200.15459288	0
1781117080	XAUUSD	M15	4189.69	4438.76635	4489.33578	4384.37809			4188.93769468	4194.54614378	0
1781117980	XAUUSD	M15	4186.47	4438.67219	4489.24162	4384.28393			4182.07845586	4188.31229982	0
1781118880	XAUUSD	M15	4166.47	4438.57803	4489.14746	4384.18977			4175.79618380	4182.05424181	0
1781119780	XAUUSD	M15	4172.22	4438.48387	4489.05330	4384.09561			4170.95255935	4176.50340058	0
1781120680	XAUUSD	M15	4170.55	4438.38971	4488.95914	4384.00145			4167.53914384	4172.02127221	0
1781121580	XAUUSD	M15	4168.57	4438.29556	4488.86498	4383.90729			4165.59981247	4168.81054234	0
1781122480	XAUUSD	M15	4165.07	4438.20140	4488.77082	4383.81313			4165.05887296	4166.93470765	0
1781123380	XAUUSD	M15	4166.26	4438.10724	4488.67666	4383.71897			4165.76707993	4166.35089379	0
1781124280	XAUUSD	M15	4171.29	4438.01308	4488.58250	4383.62482			4167.31314114	4166.83201747	1
1781125180	XAUUSD	M15	4168.74	4437.91892	4488.48834	4383.53066			4169.07557157	4167.95379452	0
1781126080	XAUUSD	M15	4161.01	4437.82476	4488.39418	4383.43650			4170.56210594	4169.25795023	0
1781126980	XAUUSD	M15	4165.16	4437.73060	4488.30002	4383.34234			4171.40140421	4170.32967722	0
1781127880	XAUUSD	M15	4171.40	4437.63644	4488.20586	4383.24818			4170.95520978	4170.64244350	0
1781128780	XAUUSD	M15	4174.51	4437.54228	4488.11171	4383.15402			4168.71735007	4169.67989678	1
1781129680	XAUUSD	M15	4168.83	4437.44812	4488.01755	4383.05986			4164.61801666	4167.14895672	0
1781130580	XAUUSD	M15	4166.32	4437.35396	4487.92339	4382.96570			4159.24535897	4163.19715785	0
1781131480	XAUUSD	M15	4154.43	4437.25980	4487.82923	4382.87154			4153.46539819	4158.33127802	0
1781132380	XAUUSD	M15	4147.65	4437.16564	4487.73507	4382.77738			4148.58391060	4153.45759431	0
1781133280	XAUUSD	M15	4136.27	4437.07149	4487.64091	4382.68322			4145.69609383	4149.57684407	0
1781134180	XAUUSD	M15	4141.11	4436.97733	4487.54675	4382.58906			4145.65713513	4147.61698960	0
1781135080	XAUUSD	M15	4160.44	4436.88317	4487.45259	4382.49490			4148.35193854	4147.98446407	1
1781135980	XAUUSD	M15	4147.02	4436.78901	4487.35843	4382.40074			4152.72444971	4150.35445689	0
1781136880	XAUUSD	M15	4151.43	4436.69485	4487.26427	4382.30659			4158.14937039	4154.25191364	0
1781137780	XAUUSD	M15	4150.11	4436.60069	4487.17011	4382.21243			4163.28571534	4158.76881449	0
1781138680	XAUUSD	M15	4178.11	4436.50653	4487.07595	4382.11827			4166.94126149	4162.85503799	0
1781139580	XAUUSD	M15	4179.64	4436.41237	4486.98179	4382.02411	4186.31000		4167.45154153	4165.15328976	0
1781140480	XAUUSD	M15	4174.19	4436.31821	4486.88763	4381.92995			4164.42384665	4164.78856821	1
1781141380	XAUUSD	M15	4161.02	4436.22405	4486.79348	4381.83579			4158.29434227	4161.54145524	0
1781142280	XAUUSD	M15	4150.06	4436.12989	4486.69932	4381.74163			4150.25259077	4155.89702301	0
1781143180	XAUUSD	M15	4124.86	4436.03573	4486.60516	4381.64747			4141.70796542	4148.80249421	0
1781144080	XAUUSD	M15	4123.79	4435.94157	4486.51100	4381.55331			4134.36636721	4141.58443071	0
1781144980	XAUUSD	M15	4127.72	4435.84741	4486.41684	4381.45915			4128.93921361	4135.26182216	0
1781145880	XAUUSD	M15	4128.75	4435.75326	4486.32268	4381.36499			4125.50902029	4130.38542122	0
1781146780	XAUUSD	M15	4128.99	4435.65910	4486.22852	4381.27083			4123.77270342	4127.07906232	0
1781147680	XAUUSD	M15	4129.23	4435.56494	4486.13436	4381.17667			4123.11414964	4125.09660598	0
1781148580	XAUUSD	M15	4127.54	4435.47078	4486.04020	4381.08252			4122.80491520	4123.95076059	0
1781149480	XAUUSD	M15	4122.36	4435.37662	4485.94604	4380.98836			4122.24096788	4123.09586424	0
1781150380	XAUUSD	M15	4121.98	4435.28246	4485.85188	4380.89420			4121.11570717	4122.10578570	0
1781151280	XAUUSD	M15	4118.08	4435.18830	4485.75772	4380.80004			4119.24378955	4120.67478763	0
1781152180	XAUUSD	M15	4110.89	4435.09414	4485.66356	4380.70588			4116.75935590	4118.71707176	0
1781153080	XAUUSD	M15	4102.34	4434.99998	4485.56941	4380.61172			4114.02289186	4116.36998181	0
1781153980	XAUUSD	M15	4111.66	4434.90582	4485.47525	4380.51756			4111.41933814	4113.89465998	0
1781154880	XAUUSD	M15	4115.96	4434.81166	4485.38109	4380.42340			4108.73735606	4111.31600802	0
1781155780	XAUUSD	M15	4112.47	4434.71750	4485.28693	4380.32924			4105.78444852	4108.55022827	0
1781156680	XAUUSD	M15	4104.98	4434.62334	4485.19277	4380.23508			4102.49914214	4105.52468521	0
1781157580	XAUUSD	M15	4101.23	4434.52919	4485.09861	4380.14092			4098.91237681	4102.21853101	0
1781158480	XAUUSD	M15	4089.00	4434.43503	4485.00445	4380.04676			4094.98766242	4098.60309671	0
1781159380	XAUUSD	M15	4084.73	4434.34087	4484.91029	4379.95260			4090.96882503	4094.78596087	0
1781160280	XAUUSD	M15	4091.63	4434.24671	4484.81613	4379.85845			4086.91416690	4090.85006389	0
1781161180	XAUUSD	M15	4082.84	4434.15255	4484.72197	4379.76429			4082.60327130	4086.72666759	0
1781162080	XAUUSD	M15	4072.13	4434.05839	4484.62781	4379.67013			4078.24209721	4082.48438240	0
1781162980	XAUUSD	M15	4078.46	4433.96423	4484.53365	4379.57597			4074.05449426	4078.26943833	0
1781163880	XAUUSD	M15	4072.83	4433.87007	4484.43949	4379.48181			4069.76143950	4074.01543891	0
1781164780	XAUUSD	M15	4071.24	4433.77591	4484.34534	4379.38765			4065.35098547	4069.68321219	0
1781169280	XAUUSD	M15	4056.10	4433.68175	4484.25118	4379.29349			4060.72801116	4065.20561168	0
1781170180	XAUUSD	M15	4044.93	4433.58759	4484.15702	4379.19933			4056.22465068	4060.71513118	0
1781171080	XAUUSD	M15	4062.93	4433.49343	4484.06286	4379.10517			4052.21281071	4056.46397094	0
1781171980	XAUUSD	M15	4046.54	4433.39927	4483.96870	4379.01101			4048.47626128	4052.47011611	0
1781172880	XAUUSD	M15	4030.16	4433.30512	4483.87454	4378.91685		4023.88000	4045.90492843	4049.18752227	0
1781173780	XAUUSD	M15	4061.60	4433.21096	4483.78038	4378.82269			4045.46742823	4047.32747525	0
1781174680	XAUUSD	M15	4056.24	4433.11680	4483.68622	4378.72853			4046.80501673	4047.06624599	0
1781175580	XAUUSD	M15	4047.12	4433.02264	4483.59206	4378.63437			4050.38407319	4048.72515959	1
1781176480	XAUUSD	M15	4052.25	4432.92848	4483.49790	4378.54022			4056.51408902	4052.61962431	0
1781177380	XAUUSD	M15	4067.63	4432.83432	4483.40374	4378.44606			4064.74552515	4058.68257473	0
1781178280	XAUUSD	M15	4063.41	4432.74016	4483.30958	4378.35190			4073.96731263	4066.32494368	0
1781179180	XAUUSD	M15	4075.79	4432.64600	4483.21542	4378.25774			4083.29801922	4074.81148145	0
1781180080	XAUUSD	M15	4086.85	4432.55184	4483.12126	4378.16358			4091.29291882	4083.05220014	0
1781180980	XAUUSD	M15	4104.59	4432.45768	4483.02711	4378.06942			4096.64703777	4089.84961895	0
1781181880	XAUUSD	M15	4113.80	4432.36352	4482.93295	4377.97526	4118.22000		4098.24925814	4094.04943855	0
1781182780	XAUUSD	M15	4101.95	4432.26936	4482.83879	4377.88110			4095.79965137	4094.92454496	0
1781183680	XAUUSD	M15	4089.56	4432.17520	4482.74463	4377.78694			4090.20164036	4092.56309266	1
1781184580	XAUUSD	M15	4082.25	4432.08104	4482.65047	4377.69278			4082.86459643	4087.71384454	0
1781185480	XAUUSD	M15	4059.48	4431.98689	4482.55631	4377.59862			4075.29581865	4081.50483159	0
1781186380	XAUUSD	M15	4067.81	4431.89273	4482.46215	4377.50446			4069.33895180	4075.42189170	0
1781187280	XAUUSD	M15	4065.66	4431.79857	4482.36799	4377.41030			4065.66336113	4070.54262642	0
1781188180	XAUUSD	M15	4063.38	4431.70441	4482.27383	4377.31615			4064.69815061	4067.62038851	0
1781189080	XAUUSD	M15	4067.40	4431.61025	4482.17967	4377.22199			4066.33547453	4066.97793152	0
1781189980	XAUUSD	M15	4072.81	4431.51609	4482.08551	4377.12783			4069.85322749	4068.41557951	1
1781190880	XAUUSD	M15	4082.89	4431.42193	4481.99135	4377.03367			4074.23034775	4071.32296363	0
1781191780	XAUUSD	M15	4077.64	4431.32777	4481.89719	4376.93951			4078.33115372	4074.82705867	0
1781192680	XAUUSD	M15	4082.01	4431.23361	4481.80304	4376.84535			4081.66103561	4078.24404714	0
1781193580	XAUUSD	M15	4082.73	4431.13945	4481.70888	4376.75119			4083.82298382	4081.03351548	0
1781194480	XAUUSD	M15	4077.44	4431.04529	4481.61472	4376.65703			4084.89945196	4082.96648372	0
1781195380	XAUUSD	M15	4075.17	4430.95113	4481.52056	4376.56287			4085.44553375	4084.20600873	0
1781196280	XAUUSD	M15	4099.58	4430.85697	4481.42640	4376.46871			4086.08470010	4085.14535442	0
1781197180	XAUUSD	M15	4094.32	4430.76282	4481.33224	4376.37455			4086.73949473	4085.94242457	0
1781198080	XAUUSD	M15	4084.48	4430.66866	4481.23808	4376.28039			4088.00611545	4086.97427001	0
1781198980	XAUUSD	M15	4086.87	4430.57450	4481.14392	4376.18623			4090.37308041	4088.67367521	0
1781199880	XAUUSD	M15	4092.79	4430.48034	4481.04976	4376.09208			4093.69202475	4091.18284998	0
1781200780	XAUUSD	M15	4094.27	4430.38618	4480.95560	4375.99792			4097.42054640	4094.30169819	0
1781201680	XAUUSD	M15	4096.84	4430.29202	4480.86144	4375.90376			4100.92528417	4097.61349118	0
1781202580	XAUUSD	M15	4107.55	4430.19786	4480.76728	4375.80960			4103.52773968	4100.57061543	0
1781203480	XAUUSD	M15	4107.62	4430.10370	4480.67312	4375.71544			4104.47333129	4102.52197336	0
1781204380	XAUUSD	M15	4105.03	4430.00954	4480.57897	4375.62128			4103.56497447	4103.04347392	0
1781205280	XAUUSD	M15	4106.28	4429.91538	4480.48481	4375.52712	4112.70000		4101.02397992	4102.03372692	1
1781206180	XAUUSD	M15	4097.66	4429.82122	4480.39065	4375.43296			4097.27736615	4099.65554654	0
1781207080	XAUUSD	M15	4090.64	4429.72706	4480.29649	4375.33880			4093.19609313	4096.42581983	0
1781207980	XAUUSD	M15	4084.64	4429.63290	4480.20233	4375.24464			4089.62015797	4093.02298890	0
1781208880	XAUUSD	M15	4086.04	4429.53875	4480.10817	4375.15048			4087.22357640	4090.12328265	0
1781209780	XAUUSD	M15	4079.48	4429.44459	4480.01401	4375.05632			4086.20582461	4088.16455363	0
1781210680	XAUUSD	M15	4091.70	4429.35043	4479.91985	4374.96216			4086.65596108	4087.41025735	0
1781211580	XAUUSD	M15	4091.69	4429.25627	4479.82569	4374.86800			4087.87408840	4087.64217288	1
1781212480	XAUUSD	M15	4092.21	4429.16211	4479.73153	4374.77385			4089.30517798	4088.47367543	0
1781213380	XAUUSD	M15	4087.99	4429.06795	4479.63737	4374.67969			4090.35881110	4089.41624326	0
1781214280	XAUUSD	M15	4090.56	4428.97379	4479.54321	4374.58553			4090.71211898	4090.06418112	0
1781215180	XAUUSD	M15	4089.97	4428.87963	4479.44905	4374.49137			4090.09201993	4090.07810053	0
1781216080	XAUUSD	M15	4086.59	4428.78547	4479.35489	4374.39721			4088.53643236	4089.30726645	1
1781216980	XAUUSD	M15	4090.39	4428.69131	4479.26074	4374.30305			4086.32887411	4087.81807028	0
1781217880	XAUUSD	M15	4084.94	4428.59715	4479.16658	4374.20889			4083.65466313	4085.73636670	0
1781218780	XAUUSD	M15	4080.34	4428.50299	4479.07242	4374.11473			4080.94090417	4083.33863544	0
1781219680	XAUUSD	M15	4076.41	4428.40883	4478.97826	4374.02057			4078.52625667	4080.93244606	0
1781220580	XAUUSD	M15	4069.08	4428.31467	4478.88410	4373.92641			4076.60830009	4078.77037307	0
1781221480	XAUUSD	M15	4073.40	4428.22052	4478.78994	4373.83225			4075.35727350	4077.06382329	0
1781222380	XAUUSD	M15	4082.22	4428.12636	4478.69578	4373.73809			4074.55150190	4075.80766259	0
1781223280	XAUUSD	M15	4073.21	4428.03220	4478.60162	4373.64393			4073.84412377	4074.82589318	0
1781224180	XAUUSD	M15	4075.71	4427.93804	4478.50746	4373.54978			4073.43909753	4074.13249536	0
1781225080	XAUUSD	M15	4076.28	4427.84388	4478.41330	4373.45562			4073.32831429	4073.73040483	0
1781225980	XAUUSD	M15	4083.18	4427.74972	4478.31914	4373.36146			4073.59715649	4073.66378066	0
1781226880	XAUUSD	M15	4061.06	4427.65556	4478.22498	4373.26730		4053.03000	4074.14836997	4073.90607532	1
1781227780	XAUUSD	M15	4074.78	4427.56140	4478.13082	4373.17314			4075.57398469	4074.74003000	0
1781228680	XAUUSD	M15	4076.19	4427.46724	4478.03667	4373.07898			4077.36899419	4076.05451210	0
1781229580	XAUUSD	M15	4073.47	4427.37308	4477.94251	4372.98482			4079.25794968	4077.65623089	0
1781230480	XAUUSD	M15	4080.65	4427.27892	4477.84835	4372.89066			4081.05354537	4079.35488813	0
1781231380	XAUUSD	M15	4081.62	4427.18476	4477.75419	4372.79650			4082.37767853	4080.86628333	0
1781232280	XAUUSD	M15	4088.15	4427.09060	4477.66003	4372.70234			4083.18237429	4082.02432881	0
1781233180	XAUUSD	M15	4088.77	4426.99645	4477.56587	4372.60818			4083.53079716	4082.77756298	0
1781234080	XAUUSD	M15	4102.66	4426.90229	4477.47171	4372.51402			4083.92415291	4083.35085795	0
1781234980	XAUUSD	M15	4079.68	4426.80813	4477.37755	4372.41986			4084.75357412	4084.05221604	0
1781235880	XAUUSD	M15	4081.96	4426.71397	4477.28339	4372.32571			4087.46553278	4085.75887441	0
1781236780	XAUUSD	M15	4080.20	4426.61981	4477.18923	4372.23155			4092.69615027	4089.22751234	0
1781237680	XAUUSD	M15	4076.11	4426.52565	4477.09507	4372.13739			4100.85178366	4095.03964800	0
1781238580	XAUUSD	M15	4101.82	4426.43149	4477.00091	4372.04323			4111.95482875	4103.49723837	0
1781239480	XAUUSD	M15	4166.78	4426.33733	4476.90675	4371.94907			4124.83699233	4114.16711535	0
1781240380	XAUUSD	M15	4151.83	4426.24317	4476.81260	4371.85491			4137.14869873	4125.65790704	0
1781241280	XAUUSD	M15	4146.93	4426.14901	4476.71844	4371.76075			4148.83621984	4137.24706344	0
1781242180	XAUUSD	M15	4152.94	4426.05485	4476.62428	4371.66659			4159.84434608	4148.54570476	0
1781243080	XAUUSD	M15	4164.79	4425.96069	4476.53012	4371.57243			4170.02985535	4159.28778006	0
1781243980	XAUUSD	M15	4161.80	4425.86653	4476.43596	4371.47827			4179.22291744	4169.25534875	0
1781244880	XAUUSD	M15	4188.24	4425.77238	4476.34180	4371.38411			4187.69422365	4178.47478620	0
1781245780	XAUUSD	M15	4195.57	4425.67822	4476.24764	4371.28995			4194.92977083	4186.70227851	0
1781246680	XAUUSD	M15	4210.32	4425.58406	4476.15348	4371.19579			4200.91940013	4193.81083932	0
1781247580	XAUUSD	M15	4209.02	4425.48990	4476.05932	4371.10163			4205.48601393	4199.64842662	0
1781248480	XAUUSD	M15	4213.76	4425.39574	4475.96516	4371.00748			4208.93742824	4204.29292743	0
1781249380	XAUUSD	M15	4214.11	4425.30158	4475.87100	4370.91332			4211.47819910	4207.88556326	0
1781250280	XAUUSD	M15	4209.73	4425.20742	4475.77684	4370.81916			4213.46501233	4210.67528780	0
1781251180	XAUUSD	M15	4210.88	4425.11326	4475.68268	4370.72500			4215.37039535	4213.02284158	0
1781255680	XAUUSD	M15	4209.72	4425.01910	4475.58852	4370.63084			4217.43324918	4215.22804538	0
1781256580	XAUUSD	M15	4214.85	4424.92494	4475.49437	4370.53668			4219.81007845	4217.51906192	0
1781257480	XAUUSD	M15	4225.95	4424.83078	4475.40021	4370.44252			4222.30264286	4219.91085239	0
1781258380	XAUUSD	M15	4243.42	4424.73662	4475.30605	4370.34836	4246.77000		4224.38551319	4222.14818279	0
1781259280	XAUUSD	M15	4223.82	4424.64246	4475.21189	4370.25420			4225.27212234	4223.71015256	0
1781260180	XAUUSD	M15	4216.80	4424.54830	4475.11773	4370.16004			4225.17342468	4224.44178862	0
1781261080	XAUUSD	M15	4219.28	4424.45415	4475.02357	4370.06588			4223.99144721	4224.21661792	1
1781261980	XAUUSD	M15	4219.85	4424.35999	4474.92941	4369.97172			4221.43153159	4222.82407476	0
1781262880	XAUUSD	M15	4216.87	4424.26583	4474.83525	4369.87756			4217.37213451	4220.09810463	0
1781263780	XAUUSD	M15	4220.39	4424.17167	4474.74109	4369.78341			4211.98050578	4216.03930520	0
1781264680	XAUUSD	M15	4203.54	4424.07751	4474.64693	4369.68925			4205.48232508	4210.76081514	0
1781265580	XAUUSD	M15	4208.28	4423.98335	4474.55277	4369.59509			4198.84266907	4204.80174210	0
1781266480	XAUUSD	M15	4186.98	4423.88919	4474.45861	4369.50093			4192.56606457	4198.68390334	0
1781267380	XAUUSD	M15	4181.08	4423.79503	4474.36445	4369.40677			4187.79611336	4193.24000835	0
1781268280	XAUUSD	M15	4179.27	4423.70087	4474.27030	4369.31261			4185.06127768	4189.15064301	0
1781269180	XAUUSD	M15	4186.75	4423.60671	4474.17614	4369.21845			4184.45702726	4186.80383514	0
1781270080	XAUUSD	M15	4193.93	4423.51255	4474.08198	4369.12429			4185.52029305	4186.16206409	0
1781270980	XAUUSD	M15	4188.66	4423.41839	4473.98782	4369.03013			4187.60310236	4186.88258323	1
1781271880	XAUUSD	M15	4186.14	4423.32423	4473.89366	4368.93597			4190.34274257	4188.61266290	0
1781272780	XAUUSD	M15	4191.58	4423.23008	4473.79950	4368.84181			4193.29740911	4190.95503600	0
1781273680	XAUUSD	M15	4194.01	4423.13592	4473.70534	4368.74765			4195.87529324	4193.41516462	0
1781274580	XAUUSD	M15	4203.50	4423.04176	4473.61118	4368.65349			4197.67147385	4195.54331924	0
1781275480	XAUUSD	M15	4199.23	4422.94760	4473.51702	4368.55934			4198.26825467	4196.90578695	0
1781276380	XAUUSD	M15	4197.00	4422.85344	4473.42286	4368.46518			4197.78540155	4197.34559425	0
1781277280	XAUUSD	M15	4194.32	4422.75928	4473.32870	4368.37102			4196.44043882	4196.89301654	1
1781278180	XAUUSD	M15	4192.74	4422.66512	4473.23454	4368.27686			4194.52506715	4195.70904184	0
1781279080	XAUUSD	M15	4193.50	4422.57096	4473.14038	4368.18270			4192.30098571	4194.00501377	0
1781279980	XAUUSD	M15	4190.09	4422.47680	4473.04623	4368.08854			4189.90220378	4191.95360878	0
1781280880	XAUUSD	M15	4188.81	4422.38264	4472.95207	4367.99438			4187.50212658	4189.72786768	0
1781281780	XAUUSD	M15	4187.11	4422.28848	4472.85791	4367.90022			4185.14556246	4187.43671507	0
1781282680	XAUUSD	M15	4180.37	4422.19432	4472.76375	4367.80606			4182.84995978	4185.14333742	0
1781283580	XAUUSD	M15	4173.40	4422.10016	4472.66959	4367.71190			4180.77055314	4182.95694528	0
1781284480	XAUUSD	M15	4182.93	4422.00601	4472.57543	4367.61774			4179.11332603	4181.03513566	0
1781285380	XAUUSD	M15	4182.10	4421.91185	4472.48127	4367.52358			4177.75057879	4179.39285722	0
1781286280	XAUUSD	M15	4176.49	4421.81769	4472.38711	4367.42942			4176.96973821	4178.18129772	0
1781287180	XAUUSD	M15	4184.20	4421.72353	4472.29295	4367.33526			4177.29744652	4177.73937212	0
1781288080	XAUUSD	M15	4178.24	4421.62937	4472.19879	4367.24111			4178.91505175	4178.32721193	1
1781288980	XAUUSD	M15	4174.07	4421.53521	4472.10463	4367.14695			4182.27088356	4180.29904775	0
1781289880	XAUUSD	M15	4183.10	4421.44105	4472.01047	4367.05279		4170.27000	4187.55151057	4183.92527916	0
1781290780	XAUUSD	M15	4193.89	4421.34689	4471.91631	4366.95863			4194.31582404	4189.12055160	0
1781291680	XAUUSD	M15	4203.73	4421.25273	4471.82215	4366.86447			4201.82493196	4195.47274178	0
1781292580	XAUUSD	M15	4213.23	4421.15857	4471.72800	4366.77031			4209.24170807	4202.35722492	0
1781293480	XAUUSD	M15	4218.37	4421.06441	4471.63384	4366.67615			4215.71541219	4209.03631856	0
1781294380	XAUUSD	M15	4219.59	4420.97025	4471.53968	4366.58199			4220.62020279	4214.82826067	0
1781295280	XAUUSD	M15	4224.25	4420.87609	4471.44552	4366.48783			4223.62680832	4219.22753450	0
1781296180	XAUUSD	M15	4220.94	4420.78193	4471.35136	4366.39367			4224.55931480	4221.89342465	0
1781297080	XAUUSD	M15	4225.36	4420.68778	4471.25720	4366.29951			4223.70302300	4222.79822382	0
1781297980	XAUUSD	M15	4221.95	4420.59362	4471.16304	4366.20535	4227.90000		4221.34884010	4222.07353196	1
1781298880	XAUUSD	M15	4221.64	4420.49946	4471.06888	4366.11119			4218.13310902	4220.10332049	0
1781299780	XAUUSD	M15	4206.87	4420.40530	4470.97472	4366.01704			4214.64147256	4217.37239652	0
1781300680	XAUUSD	M15	4215.40	4420.31114	4470.88056	4365.92288			4211.74806290	4214.56022971	0
1781301580	XAUUSD	M15	4210.97	4420.21698	4470.78640	4365.82872			4209.51016434	4212.03519703	0
1781302480	XAUUSD	M15	4207.46	4420.12282	4470.69224	4365.73456			4208.09341639	4210.06430671	0
1781303380	XAUUSD	M15	4202.51	4420.02866	4470.59808	4365.64040			4207.41526699	4208.73978685	0
1781304280	XAUUSD	M15	4209.66	4419.93450	4470.50393	4365.54624			4207.24547338	4207.99263011	0
1781305180	XAUUSD	M15	4206.94	4419.84034	4470.40977	4365.45208			4206.92414533	4207.45838772	0
1781306080	XAUUSD	M15	4214.26	4419.74618	4470.31561	4365.35792			4206.07522119	4206.76680445	0
1781306980	XAUUSD	M15	4201.12	4419.65202	4470.22145	4365.26376			4204.20304983	4205.48492714	0
1781307880	XAUUSD	M15	4196.81	4419.55786	4470.12729	4365.16960			4201.57756086	4203.53124400	0
1781308780	XAUUSD	M15	4191.72	4419.46371	4470.03313	4365.07544			4198.46879017	4201.00001709	0
1781309680	XAUUSD	M15	4198.43	4419.36955	4469.93897	4364.98128			4195.34662307	4198.17332008	0
1781310580	XAUUSD	M15	4202.97	4419.27539	4469.84481	4364.88712			4192.48622465	4195.32977236	0
1781311480	XAUUSD	M15	4190.97	4419.18123	4469.75065	4364.79297			4190.27149914	4192.80063575	0
1781312380	XAUUSD	M15	4186.13	4419.08707	4469.65649	4364.69881			4189.68944263	4191.24503919	0
1781313280	XAUUSD	M15	4193.28	4418.99291	4469.56233	4364.60465			4190.74866432	4190.99685175	0
1781314180	XAUUSD	M15	4188.55	4418.89875	4469.46817	4364.51049			4193.36560802	4192.18122989	1
1781315080	XAUUSD	M15	4184.57	4418.80459	4469.37401	4364.41633			4197.37047306	4194.77585147	0
1781315980	XAUUSD	M15	4203.99	4418.71043	4469.27986	4364.32217		4177.33000	4202.38501858	4198.58043502	0
1781316880	XAUUSD	M15	4214.07	4418.61627	4469.18570	4364.22801			4207.51667735	4203.04855619	0
1781317780	XAUUSD	M15	4225.83	4418.52211	4469.09154	4364.13385	4235.46000		4212.00209782	4207.52532700	0
1781318680	XAUUSD	M15	4211.13	4418.42795	4468.99738	4364.03969			4215.20105193	4211.36318947	0
1781319580	XAUUSD	M15	4212.13	4418.33379	4468.90322	4363.94553			4217.21685676	4214.29002311	0
1781320480	XAUUSD	M15	4221.70	4418.23964	4468.80906	4363.85137			4218.16709517	4216.22855914	0
1781321380	XAUUSD	M15	4216.99	4418.14548	4468.71490	4363.75721			4218.20680968	4217.21768441	0
1781322280	XAUUSD	M15	4213.31	4418.05132	4468.62074	4363.66305			4217.90661947	4217.56215194	0
1781323180	XAUUSD	M15	4216.46	4417.95716	4468.52658	4363.56889			4217.83812872	4217.70014033	0
1781324080	XAUUSD	M15	4218.42	4417.86300	4468.43242	4363.47474			4218.28286386	4217.99150209	0
1781324980	XAUUSD	M15	4218.86	4417.76884	4468.33826	4363.38058			4219.32080678	4218.65615444	0
1781325880	XAUUSD	M15	4222.36	4417.67468	4468.24410	4363.28642			4220.83831805	4219.74723625	0
1781326780	XAUUSD	M15	4221.31	4417.58052	4468.14994	4363.19226			4222.42908274	4221.08815949	0
1781327680	XAUUSD	M15	4227.04	4417.48636	4468.05578	4363.09810			4223.70587567	4222.39701758	0
1781328580	XAUUSD	M15	4226.53	4417.39220	4467.96163	4363.00394			4224.04059426	4223.21880592	0
1781329480	XAUUSD	M15	4229.29	4417.29804	4467.86747	4362.90978			4223.12844351	4223.17362471	1
1781330380	XAUUSD	M15	4215.52	4417.20388	4467.77331	4362.81562			4220.74001052	4221.95681761	0
1781331280	XAUUSD	M15	4217.59	4417.10972	4467.67915	4362.72146			4217.63402519	4219.79542140	0
1781332180	XAUUSD	M15	4208.53	4417.01556	4467.58499	4362.62730			4214.10120660	4216.94831400	0
1781333080	XAUUSD	M15	4205.22	4416.92141	4467.49083	4362.53314			4211.14506080	4214.04668740	0
1781333980	XAUUSD	M15	4210.77	4416.82725	4467.39667	4362.43898			4209.55297233	4211.79982986	0
1781334880	XAUUSD	M15	4212.56	4416.73309	4467.30251	4362.34482			4209.35663649	4210.57823317	0
1781335780	XAUUSD	M15	4214.43	4416.63893	4467.20835	4362.25067			4210.44801913	4210.51312615	0
1781336680	XAUUSD	M15	4213.73	4416.54477	4467.11419	4362.15651			4212.38568787	4211.44940701	1
1781337580	XAUUSD	M15	4218.91	4416.45061	4467.02003	4362.06235			4215.20422688	4213.32681695	0
