Cherry_B_timestamp	Cherry_B_symbol	Cherry_B_timeframe	Cherry_B_close	Cherry_B_Base_FL	Cherry_B_UOEDT	Cherry_B_LOEDT	Cherry_B_horiz_high_map	Cherry_B_horiz_low_map	Cherry_B_ssa	Cherry_B_ema_ssa	Cherry_B_crossing
1779870002	XAUUSD	M5	4490.74						4490.65148	4490.65148	0
1779870302	XAUUSD	M5	4489.19						4491.52059	4491.08604	1
1779870602	XAUUSD	M5	4488.55						4492.70096	4491.89350	0
1779870902	XAUUSD	M5	4492.80						4493.92335	4492.90842	0
1779871202	XAUUSD	M5	4496.24						4494.74906	4493.82874	0
1779871502	XAUUSD	M5	4496.54						4495.04364	4494.43619	0
1779871802	XAUUSD	M5	4498.22				4498.67000		4494.95550	4494.69585	0
1779872102	XAUUSD	M5	4497.81						4494.54527	4494.62056	1
1779872402	XAUUSD	M5	4491.93						4493.95042	4494.28549	0
1779872702	XAUUSD	M5	4489.51						4493.43230	4493.85890	0
1779873002	XAUUSD	M5	4491.78						4492.97974	4493.41932	0
1779873302	XAUUSD	M5	4494.69						4492.43172	4492.92552	0
1779873602	XAUUSD	M5	4491.05						4491.70555	4492.31554	0
1779873902	XAUUSD	M5	4490.14						4490.97252	4491.64403	0
1779874202	XAUUSD	M5	4490.58						4490.34164	4490.99283	0
1779874502	XAUUSD	M5	4491.26						4489.85999	4490.42641	0
1779874802	XAUUSD	M5	4488.65						4489.56484	4489.99562	0
1779875102	XAUUSD	M5	4489.58						4489.50442	4489.75002	0
1779875402	XAUUSD	M5	4492.61						4489.52119	4489.63561	0
1779875702	XAUUSD	M5	4490.13						4489.37278	4489.50419	0
1779876002	XAUUSD	M5	4486.50						4488.88138	4489.19279	0
1779876302	XAUUSD	M5	4487.16						4487.86125	4488.52702	0
1779876602	XAUUSD	M5	4485.50						4486.03924	4487.28313	0
1779876902	XAUUSD	M5	4479.73						4483.26465	4485.27389	0
1779877202	XAUUSD	M5	4479.90						4479.55048	4482.41218	0
1779877502	XAUUSD	M5	4476.95						4474.95472	4478.68345	0
1779877802	XAUUSD	M5	4473.89						4469.74790	4474.21567	0
1779878102	XAUUSD	M5	4463.78						4464.32278	4469.26923	0
1779878402	XAUUSD	M5	4465.98						4459.23180	4464.25051	0
1779878702	XAUUSD	M5	4448.63						4454.80962	4459.53006	0
1779879002	XAUUSD	M5	4444.87						4451.26310	4455.39658	0
1779879302	XAUUSD	M5	4445.77						4449.03091	4452.21374	0
1779879602	XAUUSD	M5	4452.48						4447.97575	4450.09475	0
1779879902	XAUUSD	M5	4449.60						4447.59333	4448.84404	0
1779880202	XAUUSD	M5	4451.27						4447.52282	4448.18343	0
1779880502	XAUUSD	M5	4449.57						4447.27215	4447.72779	0
1779880802	XAUUSD	M5	4445.64						4446.50325	4447.11552	0
1779881102	XAUUSD	M5	4440.92						4445.06655	4446.09103	0
1779881402	XAUUSD	M5	4436.93						4443.01082	4444.55092	0
1779881702	XAUUSD	M5	4441.13						4440.53948	4442.54520	0
1779882002	XAUUSD	M5	4443.16						4437.81886	4440.18203	0
1779882302	XAUUSD	M5	4439.14						4435.18969	4437.68586	0
1779882602	XAUUSD	M5	4433.59						4433.20200	4435.44393	0
1779882902	XAUUSD	M5	4428.63						4432.42388	4433.93391	0
1779883202	XAUUSD	M5	4434.51						4433.23880	4433.58635	0
1779883502	XAUUSD	M5	4433.28						4435.53530	4434.56083	1
1779883802	XAUUSD	M5	4430.51						4439.09876	4436.82979	0
1779884102	XAUUSD	M5	4447.69						4443.51787	4440.17383	0
1779884402	XAUUSD	M5	4454.63				4466.28000		4447.74311	4443.95847	0
1779884702	XAUUSD	M5	4454.81						4450.94200	4447.45024	0
1779885002	XAUUSD	M5	4447.40						4452.57931	4450.01477	0
1779885302	XAUUSD	M5	4452.09						4452.48829	4451.25153	0
1779885602	XAUUSD	M5	4447.17						4450.43752	4450.84453	1
1779885902	XAUUSD	M5	4445.18						4446.64036	4448.74244	0
1779886202	XAUUSD	M5	4446.44						4441.44176	4445.09210	0
1779886502	XAUUSD	M5	4438.94						4435.23878	4440.16544	0
1779886802	XAUUSD	M5	4432.24						4428.72379	4434.44462	0
1779887102	XAUUSD	M5	4414.23						4422.58075	4428.51268	0
1779887402	XAUUSD	M5	4416.68						4417.68655	4423.09962	0
1779887702	XAUUSD	M5	4411.39						4414.26313	4418.68137	0
1779888002	XAUUSD	M5	4416.87						4412.55504	4415.61821	0
1779888302	XAUUSD	M5	4404.89					4401.50000	4412.37422	4413.99621	0
1779888602	XAUUSD	M5	4423.99						4413.83123	4413.91372	0
1779888902	XAUUSD	M5	4418.31						4416.23543	4415.07458	1
1779889202	XAUUSD	M5	4419.31						4419.51508	4417.29483	0
1779889502	XAUUSD	M5	4420.35						4423.46437	4420.37960	0
1779889802	XAUUSD	M5	4425.32						4427.90037	4424.13999	0
1779890102	XAUUSD	M5	4427.36						4432.53744	4428.33872	0
1779890402	XAUUSD	M5	4438.16						4437.13021	4432.73446	0
1779890702	XAUUSD	M5	4444.12						4441.19876	4436.96661	0
1779891002	XAUUSD	M5	4447.95				4455.37000		4444.37605	4440.67133	0
1779891302	XAUUSD	M5	4451.14						4446.40918	4443.54025	0
1779891602	XAUUSD	M5	4444.30						4447.16629	4445.35327	0
1779891902	XAUUSD	M5	4445.53						4446.87000	4446.11163	0
1779892202	XAUUSD	M5	4440.93						4445.63828	4445.87496	1
1779892502	XAUUSD	M5	4444.29						4443.78117	4444.82806	0
1779892802	XAUUSD	M5	4443.19						4441.47221	4443.15014	0
1779893102	XAUUSD	M5	4438.50						4439.00224	4441.07619	0
1779893402	XAUUSD	M5	4439.80						4436.71189	4438.89404	0
1779893702	XAUUSD	M5	4434.02						4434.77370	4436.83387	0
1779894002	XAUUSD	M5	4436.27						4433.46645	4435.15016	0
1779894302	XAUUSD	M5	4429.61						4432.79434	4433.97225	0
1779894602	XAUUSD	M5	4432.11						4432.85752	4433.41488	0
1779894902	XAUUSD	M5	4430.97						4433.44559	4433.43024	1
1779895202	XAUUSD	M5	4433.57						4434.35810	4433.89417	0
1779895502	XAUUSD	M5	4435.82						4435.27897	4434.58657	0
1779895802	XAUUSD	M5	4438.72						4435.95668	4435.27162	0
1779896102	XAUUSD	M5	4440.79						4436.21961	4435.74562	0
1779896402	XAUUSD	M5	4434.11						4436.05764	4435.90163	0
1779896702	XAUUSD	M5	4432.77						4435.76260	4435.83212	1
1779897002	XAUUSD	M5	4434.24						4435.58333	4435.70773	0
1779897302	XAUUSD	M5	4436.38						4435.71341	4435.71057	1
1779897602	XAUUSD	M5	4437.59						4436.32876	4436.01967	0
1779897902	XAUUSD	M5	4436.83						4437.52911	4436.77439	0
1779898202	XAUUSD	M5	4440.17						4439.38437	4438.07938	0
1779898502	XAUUSD	M5	4441.85						4441.73676	4439.90807	0
1779898802	XAUUSD	M5	4444.19						4444.35516	4442.13162	0
1779899102	XAUUSD	M5	4446.88						4446.91301	4444.52231	0
1779899402	XAUUSD	M5	4448.39						4449.06096	4446.79164	0
1779899702	XAUUSD	M5	4449.81						4450.52698	4448.65931	0
1779900002	XAUUSD	M5	4450.77						4451.15797	4449.90864	0
1779900302	XAUUSD	M5	4452.13						4450.96257	4450.43560	0
1779900602	XAUUSD	M5	4450.79						4450.08745	4450.26153	1
1779900902	XAUUSD	M5	4450.82						4448.85637	4449.55895	0
1779901202	XAUUSD	M5	4449.24						4447.59828	4448.57861	0
1779901502	XAUUSD	M5	4443.16						4446.64969	4447.61415	0
1779901802	XAUUSD	M5	4444.13						4446.34027	4446.97721	0
1779902102	XAUUSD	M5	4446.80						4446.69237	4446.83479	0
1779902402	XAUUSD	M5	4446.63						4447.54610	4447.19045	1
1779902702	XAUUSD	M5	4449.87						4448.69935	4447.94490	0
1779903002	XAUUSD	M5	4452.09						4449.83818	4448.89154	0
1779903302	XAUUSD	M5	4451.09						4450.69537	4449.79345	0
1779903602	XAUUSD	M5	4450.59						4451.18381	4450.48863	0
1779903902	XAUUSD	M5	4450.81						4451.30379	4450.89621	0
1779904202	XAUUSD	M5	4452.88						4451.14480	4451.02050	0
1779904502	XAUUSD	M5	4450.47						4450.82547	4450.92299	1
1779904802	XAUUSD	M5	4449.60						4450.59698	4450.75998	0
1779905102	XAUUSD	M5	4448.15						4450.63491	4450.69745	0
1779905402	XAUUSD	M5	4450.12						4451.04697	4450.87221	1
1779905702	XAUUSD	M5	4452.60						4451.76170	4451.31695	0
1779906002	XAUUSD	M5	4454.96				4458.37000		4452.60145	4451.95920	0
1779906302	XAUUSD	M5	4455.56						4453.34769	4452.65345	0
1779906602	XAUUSD	M5	4452.73						4453.83934	4453.24639	0
1779906902	XAUUSD	M5	4453.11						4454.05798	4453.65219	0
1779907202	XAUUSD	M5	4453.39						4453.98324	4453.81771	0
1779907502	XAUUSD	M5	4453.41						4453.66608	4453.74190	1
1779907802	XAUUSD	M5	4452.50						4453.21145	4453.47667	0
1779908102	XAUUSD	M5	4454.43						4452.76070	4453.11869	0
1779908402	XAUUSD	M5	4452.16						4452.36825	4452.74347	0
1779908702	XAUUSD	M5	4452.70						4452.14585	4452.44466	0
1779909002	XAUUSD	M5	4451.84						4452.07271	4452.25869	0
1779909302	XAUUSD	M5	4450.07						4452.12132	4452.19001	0
1779909602	XAUUSD	M5	4453.23						4452.25880	4452.22440	1
1779909902	XAUUSD	M5	4451.07						4452.33898	4452.28169	0
1779910202	XAUUSD	M5	4452.67						4452.37370	4452.32770	0
1779910502	XAUUSD	M5	4454.74						4452.33783	4452.33276	0
1779910802	XAUUSD	M5	4453.67						4452.25103	4452.29190	1
1779911102	XAUUSD	M5	4452.02						4452.22202	4452.25696	0
1779911402	XAUUSD	M5	4451.12						4452.36782	4452.31239	1
1779911702	XAUUSD	M5	4450.84					4449.03000	4452.75398	4452.53318	0
1779912002	XAUUSD	M5	4452.60						4453.36087	4452.94703	0
1779912302	XAUUSD	M5	4452.91						4454.06099	4453.50401	0
1779912602	XAUUSD	M5	4455.21						4454.72483	4454.11442	0
1779912902	XAUUSD	M5	4458.20						4455.18675	4454.65059	0
1779913202	XAUUSD	M5	4456.85						4455.31132	4454.98095	0
1779913502	XAUUSD	M5	4455.01						4455.14111	4455.06103	0
1779913802	XAUUSD	M5	4454.53						4454.80908	4454.93506	1
1779914102	XAUUSD	M5	4452.43						4454.46320	4454.69913	0
1779914402	XAUUSD	M5	4453.62						4454.30666	4454.50289	0
1779914702	XAUUSD	M5	4454.27						4454.43669	4454.46979	0
1779915002	XAUUSD	M5	4454.90						4454.89163	4454.68071	1
1779915302	XAUUSD	M5	4456.30						4455.66019	4455.17045	0
1779919202	XAUUSD	M5	4456.72				4465.92000		4456.64171	4455.90608	0
1779919502	XAUUSD	M5	4458.82						4457.71222	4456.80915	0
1779919802	XAUUSD	M5	4457.94						4458.68777	4457.74846	0
1779920102	XAUUSD	M5	4459.57						4459.46769	4458.60807	0
1779920402	XAUUSD	M5	4460.78						4459.92700	4459.26754	0
1779920702	XAUUSD	M5	4459.99						4460.00818	4459.63786	0
1779921002	XAUUSD	M5	4457.26						4459.74378	4459.69082	0
1779921302	XAUUSD	M5	4461.31						4459.27381	4459.48232	1
1779921602	XAUUSD	M5	4458.52						4458.57124	4459.02678	0
1779921902	XAUUSD	M5	4456.57						4457.77172	4458.39925	0
1779922202	XAUUSD	M5	4456.61						4456.96593	4457.68259	0
1779922502	XAUUSD	M5	4457.37						4456.15553	4456.91906	0
1779922802	XAUUSD	M5	4456.56						4455.32062	4456.11984	0
1779923102	XAUUSD	M5	4452.89						4454.44915	4455.28450	0
1779923402	XAUUSD	M5	4453.55						4453.61821	4454.45135	0
1779923702	XAUUSD	M5	4453.91						4452.82053	4453.63594	0
1779924002	XAUUSD	M5	4451.52						4452.06010	4452.84802	0
1779924302	XAUUSD	M5	4450.77						4451.41249	4452.13026	0
1779924602	XAUUSD	M5	4449.71						4450.87991	4451.50508	0
1779924902	XAUUSD	M5	4453.21						4450.44631	4450.97570	0
1779925202	XAUUSD	M5	4450.72						4449.95362	4450.46466	0
1779925502	XAUUSD	M5	4448.33						4449.39835	4449.93150	0
1779925802	XAUUSD	M5	4446.23						4448.79343	4449.36247	0
1779926102	XAUUSD	M5	4447.13						4448.19045	4448.77646	0
1779926402	XAUUSD	M5	4449.41						4447.62169	4448.19907	0
1779926702	XAUUSD	M5	4449.23						4447.13386	4447.66647	0
1779927002	XAUUSD	M5	4444.73						4446.87603	4447.27125	0
1779927302	XAUUSD	M5	4452.32						4447.09195	4447.18160	0
1779927602	XAUUSD	M5	4445.46						4447.68053	4447.43107	1
1779927902	XAUUSD	M5	4446.33						4448.78156	4448.10631	0
1779928202	XAUUSD	M5	4449.50						4450.22469	4449.16550	0
1779928502	XAUUSD	M5	4450.81						4451.66595	4450.41572	0
1779928802	XAUUSD	M5	4452.07						4452.73607	4451.57590	0
1779929102	XAUUSD	M5	4453.84						4453.07894	4452.32742	0
1779929402	XAUUSD	M5	4451.82						4452.40361	4452.36551	0
1779929702	XAUUSD	M5	4457.30						4450.61843	4451.49197	1
1779930002	XAUUSD	M5	4446.01				4458.82000		4447.60525	4449.54861	0
1779930302	XAUUSD	M5	4444.46						4443.79581	4446.67221	0
1779930602	XAUUSD	M5	4438.13						4439.45422	4443.06321	0
1779930902	XAUUSD	M5	4433.46						4434.95717	4439.01019	0
1779931202	XAUUSD	M5	4431.25						4430.59227	4434.80123	0
1779931502	XAUUSD	M5	4419.34						4426.49427	4430.64775	0
1779931802	XAUUSD	M5	4425.52						4422.93177	4426.78976	0
1779932102	XAUUSD	M5	4422.89						4419.66393	4423.22684	0
1779932402	XAUUSD	M5	4417.78						4416.63659	4419.93172	0
1779932702	XAUUSD	M5	4417.55						4413.88933	4416.91052	0
1779933002	XAUUSD	M5	4409.21						4411.39490	4414.15271	0
1779933302	XAUUSD	M5	4410.05						4409.34843	4411.75057	0
1779933602	XAUUSD	M5	4404.02						4407.73484	4409.74270	0
1779933902	XAUUSD	M5	4407.88						4406.66635	4408.20453	0
1779934202	XAUUSD	M5	4402.67						4405.96402	4407.08428	0
1779934502	XAUUSD	M5	4404.46						4405.61761	4406.35095	0
1779934802	XAUUSD	M5	4406.00						4405.41539	4405.88317	0
1779935102	XAUUSD	M5	4406.31						4405.12868	4405.50592	0
1779935402	XAUUSD	M5	4408.93						4404.57855	4405.04224	0
1779935702	XAUUSD	M5	4406.94						4403.59592	4404.31908	0
1779936002	XAUUSD	M5	4402.27						4402.19554	4403.25731	0
1779936302	XAUUSD	M5	4396.21						4400.52058	4401.88895	0
1779936602	XAUUSD	M5	4395.49						4398.75475	4400.32185	0
1779936902	XAUUSD	M5	4394.52						4396.94047	4398.63116	0
1779937202	XAUUSD	M5	4395.39						4395.07198	4396.85157	0
1779937502	XAUUSD	M5	4396.61						4393.04932	4394.95045	0
1779937802	XAUUSD	M5	4394.20						4390.76805	4392.85925	0
1779938102	XAUUSD	M5	4384.70						4388.25117	4390.55521	0
1779938402	XAUUSD	M5	4386.61						4385.73269	4388.14395	0
1779938702	XAUUSD	M5	4387.68						4383.22117	4385.68256	0
1779939002	XAUUSD	M5	4379.97						4380.77647	4383.22952	0
1779939302	XAUUSD	M5	4373.47						4378.69259	4380.96105	0
1779939602	XAUUSD	M5	4376.89						4377.19155	4379.07630	0
1779939902	XAUUSD	M5	4375.13						4376.17667	4377.62649	0
1779940202	XAUUSD	M5	4375.71						4375.58196	4376.60422	0
1779940502	XAUUSD	M5	4374.93						4375.23289	4375.91855	0
1779940802	XAUUSD	M5	4375.34						4374.98947	4375.45401	0
1779941102	XAUUSD	M5	4381.04						4374.68308	4375.06854	0
1779941402	XAUUSD	M5	4376.38						4374.10249	4374.58552	0
1779941702	XAUUSD	M5	4369.20						4373.36950	4373.97751	0
1779942002	XAUUSD	M5	4371.54					4366.32000	4372.70642	4373.34196	0
1779942302	XAUUSD	M5	4368.47						4372.12561	4372.73378	0
1779942602	XAUUSD	M5	4371.66						4371.72522	4372.22950	0
1779942902	XAUUSD	M5	4372.21						4371.41823	4371.82386	0
1779943202	XAUUSD	M5	4373.96						4371.14965	4371.48676	0
1779943502	XAUUSD	M5	4369.49						4370.87502	4371.18089	0
1779943802	XAUUSD	M5	4371.12						4370.73131	4370.95610	0
1779944102	XAUUSD	M5	4372.97						4370.78063	4370.86837	0
1779944402	XAUUSD	M5	4369.85						4371.14141	4371.00489	1
1779944702	XAUUSD	M5	4372.06						4372.07712	4371.54100	0
1779945002	XAUUSD	M5	4375.44						4373.69589	4372.61845	0
1779945302	XAUUSD	M5	4374.57						4375.99089	4374.30467	0
1779945602	XAUUSD	M5	4377.12						4378.92989	4376.61728	0
1779945902	XAUUSD	M5	4378.50						4382.24596	4379.43162	0
1779946202	XAUUSD	M5	4386.77						4385.57134	4382.50148	0
1779946502	XAUUSD	M5	4391.08						4388.32556	4385.41352	0
1779946802	XAUUSD	M5	4389.46						4390.06929	4387.74141	0
1779947102	XAUUSD	M5	4392.27						4390.65804	4389.19973	0
1779947402	XAUUSD	M5	4393.47				4395.73000		4390.03852	4389.61912	0
1779947702	XAUUSD	M5	4387.99						4388.36696	4388.99304	1
1779948002	XAUUSD	M5	4387.72						4386.10695	4387.54999	0
1779948302	XAUUSD	M5	4379.74						4383.66363	4385.60681	0
1779948602	XAUUSD	M5	4376.11						4381.59261	4383.59971	0
1779948902	XAUUSD	M5	4379.67						4380.21575	4381.90773	0
1779949202	XAUUSD	M5	4381.92						4379.53415	4380.72094	0
1779949502	XAUUSD	M5	4380.42						4379.45583	4380.08839	0
1779949802	XAUUSD	M5	4383.41						4379.90955	4379.99897	0
1779950102	XAUUSD	M5	4382.22						4380.69990	4380.34943	1
1779950402	XAUUSD	M5	4380.47						4381.75833	4381.05388	0
1779950702	XAUUSD	M5	4383.32						4383.08739	4382.07064	0
1779951002	XAUUSD	M5	4382.62						4384.60722	4383.33893	0
1779951302	XAUUSD	M5	4383.59						4386.30042	4384.81967	0
1779951602	XAUUSD	M5	4387.56						4388.08779	4386.45373	0
1779951902	XAUUSD	M5	4392.00						4389.76908	4388.11141	0
1779952202	XAUUSD	M5	4388.89						4391.09841	4389.60491	0
1779952502	XAUUSD	M5	4394.42						4392.01211	4390.80851	0
1779952802	XAUUSD	M5	4394.41				4396.22000		4392.28638	4391.54744	0
1779953102	XAUUSD	M5	4392.71						4391.90831	4391.72788	0
1779953402	XAUUSD	M5	4389.56						4391.02156	4391.37472	1
1779953702	XAUUSD	M5	4389.19						4389.90718	4390.64095	0
1779954002	XAUUSD	M5	4389.48						4388.81951	4389.73023	0
1779954302	XAUUSD	M5	4388.06						4388.00835	4388.86929	0
1779954602	XAUUSD	M5	4385.58						4387.70955	4388.28942	0
1779954902	XAUUSD	M5	4387.54						4388.06944	4388.17943	0
1779955202	XAUUSD	M5	4387.46						4388.97314	4388.57628	1
1779955502	XAUUSD	M5	4393.35						4390.22618	4389.40123	0
1779955802	XAUUSD	M5	4393.35						4391.42074	4390.41098	0
1779956102	XAUUSD	M5	4391.87						4392.30789	4391.35944	0
1779956402	XAUUSD	M5	4392.57						4392.73631	4392.04788	0
1779956702	XAUUSD	M5	4389.83						4392.60053	4392.32420	0
1779957002	XAUUSD	M5	4392.13						4392.00787	4392.16604	1
1779957302	XAUUSD	M5	4391.90						4391.04532	4391.60568	0
1779957602	XAUUSD	M5	4390.02						4389.95729	4390.78149	0
1779957902	XAUUSD	M5	4390.92						4389.04264	4389.91206	0
1779958202	XAUUSD	M5	4388.66						4388.48278	4389.19742	0
1779958502	XAUUSD	M5	4387.12						4388.45301	4388.82521	0
1779958802	XAUUSD	M5	4389.16						4388.99466	4388.90994	1
1779959102	XAUUSD	M5	4389.62						4389.93120	4389.42057	0
1779959402	XAUUSD	M5	4389.42						4391.04560	4390.23308	0
1779959702	XAUUSD	M5	4390.00						4392.11826	4391.17567	0
1779960002	XAUUSD	M5	4395.40						4392.94517	4392.06042	0
1779960302	XAUUSD	M5	4396.53						4393.30751	4392.68397	0
1779960602	XAUUSD	M5	4392.94						4393.22223	4392.95310	0
1779960902	XAUUSD	M5	4392.57						4392.95229	4392.95270	1
1779961202	XAUUSD	M5	4391.13						4392.76351	4392.85810	0
1779961502	XAUUSD	M5	4392.92						4392.95471	4392.90640	1
1779961802	XAUUSD	M5	4395.04						4393.65966	4393.28303	0
1779962102	XAUUSD	M5	4393.55						4394.86992	4394.07648	0
1779962402	XAUUSD	M5	4393.78						4396.48289	4395.27968	0
1779962702	XAUUSD	M5	4401.48						4398.20164	4396.74066	0
1779963002	XAUUSD	M5	4399.34				4404.43000		4399.46928	4398.10497	0
1779963302	XAUUSD	M5	4399.45						4399.99261	4399.04879	0
1779963602	XAUUSD	M5	4395.79						4399.53968	4399.29424	0
1779963902	XAUUSD	M5	4401.26						4398.14203	4398.71813	1
1779964202	XAUUSD	M5	4398.79						4395.80062	4397.25938	0
1779964502	XAUUSD	M5	4397.87						4392.89362	4395.07650	0
1779964802	XAUUSD	M5	4389.10						4389.85977	4392.46813	0
1779965102	XAUUSD	M5	4380.79						4387.30582	4389.88698	0
1779965402	XAUUSD	M5	4382.14					4375.47000	4385.68843	4387.78770	0
1779965702	XAUUSD	M5	4382.96						4385.02931	4386.40850	0
1779966002	XAUUSD	M5	4388.57						4385.15746	4385.78298	0
1779966302	XAUUSD	M5	4386.91						4385.66157	4385.72228	0
1779966602	XAUUSD	M5	4387.03						4386.26440	4385.99334	1
1779966902	XAUUSD	M5	4389.51						4386.72934	4386.36134	0
1779967202	XAUUSD	M5	4387.54						4386.88360	4386.62247	0
1779967502	XAUUSD	M5	4384.91						4386.80607	4386.71427	0
1779967802	XAUUSD	M5	4386.63						4386.69495	4386.70461	1
1779968102	XAUUSD	M5	4388.47						4386.66396	4386.68428	0
1779968402	XAUUSD	M5	4385.91						4386.74879	4386.71653	1
1779968702	XAUUSD	M5	4383.30						4386.98733	4386.85193	0
1779969002	XAUUSD	M5	4383.58						4387.35773	4387.10483	0
1779969302	XAUUSD	M5	4387.98						4387.71123	4387.40803	0
1779969602	XAUUSD	M5	4390.09						4387.82097	4387.61450	0
1779969902	XAUUSD	M5	4391.63						4387.63300	4387.62375	0
1779970202	XAUUSD	M5	4392.66						4387.26653	4387.44514	1
1779970502	XAUUSD	M5	4388.31						4387.02982	4387.23748	0
1779970802	XAUUSD	M5	4381.30					4379.58000	4387.50148	4387.36948	1
1779971102	XAUUSD	M5	4385.28						4389.33401	4388.35175	0
1779971402	XAUUSD	M5	4392.37						4392.79883	4390.57529	0
1779971702	XAUUSD	M5	4398.93						4397.85075	4394.21302	0
1779972002	XAUUSD	M5	4402.03						4404.18345	4399.19823	0
1779972302	XAUUSD	M5	4409.92						4411.32253	4405.26038	0
1779972602	XAUUSD	M5	4420.62						4418.47416	4411.86727	0
1779972902	XAUUSD	M5	4432.14						4424.71079	4418.28903	0
1779973202	XAUUSD	M5	4432.73						4429.18099	4423.73501	0
1779973502	XAUUSD	M5	4426.32						4431.54996	4427.64248	0
1779973802	XAUUSD	M5	4426.72						4431.97498	4429.80873	0
1779974102	XAUUSD	M5	4431.52						4430.75744	4430.28309	0
1779974402	XAUUSD	M5	4428.64						4428.33400	4429.30854	1
1779974702	XAUUSD	M5	4428.43						4425.47083	4427.38969	0
1779975002	XAUUSD	M5	4418.70						4422.91550	4425.15259	0
1779975302	XAUUSD	M5	4424.92						4421.55865	4423.35562	0
1779975602	XAUUSD	M5	4422.10						4421.72609	4422.54086	0
1779975902	XAUUSD	M5	4425.77						4423.70771	4423.12428	1
1779976202	XAUUSD	M5	4430.69						4427.36764	4425.24596	0
1779976502	XAUUSD	M5	4430.58						4432.34309	4428.79452	0
1779976802	XAUUSD	M5	4424.74						4438.25945	4433.52699	0
1779977102	XAUUSD	M5	4438.52						4444.78806	4439.15752	0
1779977402	XAUUSD	M5	4464.27						4451.11289	4445.13521	0
1779977702	XAUUSD	M5	4464.91						4456.23606	4450.68564	0
1779978002	XAUUSD	M5	4461.89						4459.98574	4455.33569	0
1779978302	XAUUSD	M5	4460.87						4462.51518	4458.92543	0
1779978602	XAUUSD	M5	4456.71						4464.11289	4461.51916	0
1779978902	XAUUSD	M5	4459.38						4465.24516	4463.38216	0
1779979202	XAUUSD	M5	4469.31						4466.21972	4464.80094	0
1779979502	XAUUSD	M5	4468.10						4467.11719	4465.95907	0
1779979802	XAUUSD	M5	4470.40						4468.19178	4467.07542	0
1779980102	XAUUSD	M5	4469.37						4469.50748	4468.29145	0
1779980402	XAUUSD	M5	4474.98						4471.08411	4469.68778	0
1779980702	XAUUSD	M5	4473.53						4472.68706	4471.18742	0
1779981002	XAUUSD	M5	4471.40						4474.22353	4472.70547	0
1779981302	XAUUSD	M5	4472.50						4475.63301	4474.16924	0
1779981602	XAUUSD	M5	4476.28						4476.80310	4475.48617	0
1779981902	XAUUSD	M5	4476.79						4477.61891	4476.55254	0
1779982202	XAUUSD	M5	4481.00						4478.11801	4477.33528	0
1779982502	XAUUSD	M5	4478.38						4478.33997	4477.83762	0
1779982802	XAUUSD	M5	4479.36						4478.56625	4478.20193	0
1779983102	XAUUSD	M5	4479.66						4478.99976	4478.60085	0
1779983402	XAUUSD	M5	4480.14						4479.82377	4479.21231	0
1779983702	XAUUSD	M5	4482.24						4481.17677	4480.19454	0
1779984002	XAUUSD	M5	4480.87						4483.09027	4481.64241	0
1779984302	XAUUSD	M5	4481.40						4485.62134	4483.63187	0
1779984602	XAUUSD	M5	4484.38						4488.68889	4486.16038	0
1779984902	XAUUSD	M5	4497.10						4492.11136	4489.13587	0
1779985202	XAUUSD	M5	4502.32						4495.45144	4492.29365	0
1779985502	XAUUSD	M5	4500.53						4498.47233	4495.38299	0
1779985802	XAUUSD	M5	4498.92						4501.17096	4498.27697	0
1779986102	XAUUSD	M5	4499.37						4503.57501	4500.92599	0
1779986402	XAUUSD	M5	4504.35						4505.64183	4503.28391	0
1779986702	XAUUSD	M5	4505.16						4507.19406	4505.23899	0
1779987002	XAUUSD	M5	4508.94						4508.19200	4506.71549	0
1779987302	XAUUSD	M5	4511.06						4508.55734	4507.63642	0
1779987602	XAUUSD	M5	4510.29						4508.29852	4507.96747	0
1779987902	XAUUSD	M5	4509.86						4507.55042	4507.75895	1
1779988202	XAUUSD	M5	4503.87						4506.48756	4507.12325	0
1779988502	XAUUSD	M5	4504.52						4505.44571	4506.28448	0
1779988802	XAUUSD	M5	4505.03						4504.61809	4505.45129	0
1779989102	XAUUSD	M5	4502.01						4504.16522	4504.80825	0
1779989402	XAUUSD	M5	4505.18						4504.27348	4504.54087	0
1779989702	XAUUSD	M5	4505.66						4504.88730	4504.71408	1
1779990002	XAUUSD	M5	4505.03						4505.92672	4505.32040	0
1779990302	XAUUSD	M5	4508.48						4507.25582	4506.28811	0
1779990602	XAUUSD	M5	4507.64						4508.58239	4507.43525	0
1779990902	XAUUSD	M5	4508.94						4509.69751	4508.56638	0
1779991202	XAUUSD	M5	4513.18				4516.57000		4510.37168	4509.46903	0
1779991502	XAUUSD	M5	4509.85						4510.37481	4509.92192	0
1779991802	XAUUSD	M5	4507.69						4509.77134	4509.84663	1
1779992102	XAUUSD	M5	4509.66						4508.68249	4509.26456	0
1779992402	XAUUSD	M5	4508.23						4507.19700	4508.23078	0
1779992702	XAUUSD	M5	4506.23						4505.52252	4506.87665	0
1779993002	XAUUSD	M5	4502.14						4503.88108	4505.37887	0
1779993302	XAUUSD	M5	4501.92						4502.51139	4503.94513	0
1779993602	XAUUSD	M5	4501.73						4501.50023	4502.72268	0
1779993902	XAUUSD	M5	4499.31						4500.85880	4501.79074	0
1779994202	XAUUSD	M5	4503.01						4500.58455	4501.18764	0
1779994502	XAUUSD	M5	4501.05						4500.50558	4500.84661	0
1779994802	XAUUSD	M5	4501.79						4500.58499	4500.71580	0
1779995102	XAUUSD	M5	4499.03						4500.73205	4500.72393	1
1779995402	XAUUSD	M5	4499.59						4500.93966	4500.83179	0
1779995702	XAUUSD	M5	4501.05						4501.11581	4500.97380	0
1779996002	XAUUSD	M5	4502.46						4501.16126	4501.06753	0
1779996302	XAUUSD	M5	4499.76						4500.99270	4501.03011	1
1779996602	XAUUSD	M5	4500.97						4500.65552	4500.84282	0
1779996902	XAUUSD	M5	4500.91						4500.12607	4500.48445	0
1779997202	XAUUSD	M5	4499.37						4499.44802	4499.96623	0
1779997502	XAUUSD	M5	4498.71						4498.73233	4499.34928	0
1779997802	XAUUSD	M5	4498.97						4498.07243	4498.71086	0
1779998102	XAUUSD	M5	4498.04						4497.53757	4498.12421	0
1779998402	XAUUSD	M5	4495.84						4497.20846	4497.66634	0
1779998702	XAUUSD	M5	4496.13						4497.14504	4497.40569	0
1779999002	XAUUSD	M5	4497.19						4497.30516	4497.35542	0
1779999302	XAUUSD	M5	4497.55						4497.58511	4497.47027	1
1779999602	XAUUSD	M5	4497.72						4497.86526	4497.66777	0
1779999902	XAUUSD	M5	4499.35						4498.03459	4497.85118	0
1780000202	XAUUSD	M5	4500.23						4497.97186	4497.91152	0
1780000502	XAUUSD	M5	4496.41						4497.62563	4497.76857	1
1780000802	XAUUSD	M5	4495.61						4497.12193	4497.44525	0
1780001102	XAUUSD	M5	4496.04						4496.54582	4496.99554	0
1780001402	XAUUSD	M5	4495.94						4495.96075	4496.47814	0
1780001702	XAUUSD	M5	4495.72						4495.44165	4495.95990	0
1780005602	XAUUSD	M5	4497.15						4495.03741	4495.49866	0
1780005902	XAUUSD	M5	4493.74						4494.73490	4495.11678	0
1780006202	XAUUSD	M5	4493.98						4494.59248	4494.85463	0
1780006502	XAUUSD	M5	4493.86						4494.54704	4494.70083	0
1780006802	XAUUSD	M5	4494.00						4494.54479	4494.62281	0
1780007102	XAUUSD	M5	4496.01						4494.52806	4494.57543	0
1780007402	XAUUSD	M5	4494.07						4494.42767	4494.50155	0
1780007702	XAUUSD	M5	4494.29						4494.30116	4494.40136	0
1780008002	XAUUSD	M5	4495.55						4494.18418	4494.29277	0
1780008302	XAUUSD	M5	4494.64						4494.09685	4494.19481	0
1780008602	XAUUSD	M5	4493.84						4494.10273	4494.14877	0
1780008902	XAUUSD	M5	4491.20						4494.23872	4494.19375	1
1780009202	XAUUSD	M5	4495.38						4494.53361	4494.36368	0
1780009502	XAUUSD	M5	4494.36						4494.78151	4494.57260	0
1780009802	XAUUSD	M5	4494.82						4494.87032	4494.72146	0
1780010102	XAUUSD	M5	4495.92						4494.67899	4494.70023	1
1780010402	XAUUSD	M5	4494.65						4494.14062	4494.42042	0
1780010702	XAUUSD	M5	4492.38						4493.33113	4493.87577	0
1780011002	XAUUSD	M5	4494.18						4492.45584	4493.16580	0
1780011302	XAUUSD	M5	4492.01						4491.68813	4492.42697	0
1780011602	XAUUSD	M5	4489.99						4491.31583	4491.87140	0
1780011902	XAUUSD	M5	4490.56					4489.19000	4491.55554	4491.71347	0
1780012202	XAUUSD	M5	4492.38						4492.44057	4492.07702	1
1780012502	XAUUSD	M5	4495.24						4493.82249	4492.94975	0
1780012802	XAUUSD	M5	4495.21						4495.39620	4494.17298	0
1780013102	XAUUSD	M5	4494.82						4496.85327	4495.51312	0
1780013402	XAUUSD	M5	4497.51						4497.90719	4496.71016	0
1780013702	XAUUSD	M5	4499.15						4498.29478	4497.50247	0
1780014002	XAUUSD	M5	4497.72						4497.94092	4497.72170	0
1780014302	XAUUSD	M5	4500.23						4497.04903	4497.38536	1
1780014602	XAUUSD	M5	4495.41						4495.90222	4496.64379	0
1780014902	XAUUSD	M5	4494.19						4495.05043	4495.84711	0
1780015202	XAUUSD	M5	4498.26						4494.94643	4495.39677	0
1780015502	XAUUSD	M5	4495.29						4495.77706	4495.58691	1
1780015802	XAUUSD	M5	4494.12						4497.68796	4496.63744	0
1780016102	XAUUSD	M5	4496.24						4500.54299	4498.59021	0
1780016402	XAUUSD	M5	4500.90						4503.92111	4501.25566	0
1780016702	XAUUSD	M5	4508.78						4507.22757	4504.24161	0
1780017002	XAUUSD	M5	4515.01						4509.80830	4507.02496	0
1780017302	XAUUSD	M5	4518.56				4520.75000		4511.19756	4509.11126	0
1780017602	XAUUSD	M5	4512.77						4511.24164	4510.17645	0
1780017902	XAUUSD	M5	4505.50						4510.26746	4510.22196	0
1780018202	XAUUSD	M5	4504.25						4508.81067	4509.51631	1
1780018502	XAUUSD	M5	4507.06						4507.30472	4508.41051	0
1780018802	XAUUSD	M5	4506.37						4506.03339	4507.22195	0
1780019102	XAUUSD	M5	4502.10						4505.23378	4506.22787	0
1780019402	XAUUSD	M5	4506.03						4505.05846	4505.64316	0
1780019702	XAUUSD	M5	4506.47						4505.30687	4505.47501	0
1780020002	XAUUSD	M5	4510.81						4505.77558	4505.62530	1
1780020302	XAUUSD	M5	4505.80						4506.14677	4505.88603	0
1780020602	XAUUSD	M5	4506.83						4506.38140	4506.13371	0
1780020902	XAUUSD	M5	4505.83						4506.37798	4506.25585	0
1780021202	XAUUSD	M5	4504.64						4506.16205	4506.20895	1
1780021502	XAUUSD	M5	4502.98						4505.80998	4506.00947	0
1780021802	XAUUSD	M5	4504.00						4505.41023	4505.70985	0
1780022102	XAUUSD	M5	4506.21						4504.97494	4505.34239	0
1780022402	XAUUSD	M5	4505.00						4504.43986	4504.89113	0
1780022702	XAUUSD	M5	4506.39						4503.78281	4504.33697	0
1780023002	XAUUSD	M5	4503.31						4502.91360	4503.62529	0
1780023302	XAUUSD	M5	4501.72						4501.87368	4502.74948	0
1780023602	XAUUSD	M5	4501.64						4500.70123	4501.72535	0
1780023902	XAUUSD	M5	4498.22						4499.45780	4500.59158	0
1780024202	XAUUSD	M5	4496.29						4498.32255	4499.45706	0
1780024502	XAUUSD	M5	4496.51						4497.43443	4498.44575	0
1780024802	XAUUSD	M5	4498.38						4496.87693	4497.66134	0
1780025102	XAUUSD	M5	4496.95						4496.64636	4497.15385	0
1780025402	XAUUSD	M5	4497.40						4496.78722	4496.97053	0
1780025702	XAUUSD	M5	4496.27					4494.93000	4497.25721	4497.11387	1
1780026002	XAUUSD	M5	4498.26						4498.03480	4497.57433	0
1780026302	XAUUSD	M5	4499.93						4499.00957	4498.29195	0
1780026602	XAUUSD	M5	4499.79						4500.09411	4499.19303	0
1780026902	XAUUSD	M5	4501.44						4501.25761	4500.22532	0
1780027202	XAUUSD	M5	4502.66						4502.45389	4501.33961	0
1780027502	XAUUSD	M5	4503.27						4503.64677	4502.49319	0
1780027802	XAUUSD	M5	4502.39						4504.82084	4503.65701	0
1780028102	XAUUSD	M5	4504.67						4505.99876	4504.82789	0
1780028402	XAUUSD	M5	4510.57						4507.13112	4505.97950	0
1780028702	XAUUSD	M5	4509.10						4508.07520	4507.02735	0
1780029002	XAUUSD	M5	4508.89						4508.88927	4507.95831	0
1780029302	XAUUSD	M5	4509.76						4509.61441	4508.78636	0
1780029602	XAUUSD	M5	4510.60						4510.26341	4509.52489	0
1780029902	XAUUSD	M5	4509.31						4510.82193	4510.17341	0
1780030202	XAUUSD	M5	4509.36						4511.29349	4510.73345	0
1780030502	XAUUSD	M5	4514.16						4511.62041	4511.17693	0
1780030802	XAUUSD	M5	4509.71						4511.61400	4511.39547	0
1780031102	XAUUSD	M5	4510.09						4511.32373	4511.35960	1
1780031402	XAUUSD	M5	4511.97						4510.74352	4511.05156	0
1780031702	XAUUSD	M5	4511.84						4509.90837	4510.47997	0
1780032002	XAUUSD	M5	4509.89						4508.97889	4509.72943	0
1780032302	XAUUSD	M5	4510.15						4508.21262	4508.97102	0
1780032602	XAUUSD	M5	4508.44						4507.80369	4508.38735	0
1780032902	XAUUSD	M5	4503.72						4507.93804	4508.16270	0
1780033202	XAUUSD	M5	4506.80						4508.76467	4508.46369	1
1780033502	XAUUSD	M5	4505.97						4510.11032	4509.28701	0
1780033802	XAUUSD	M5	4514.98						4511.78773	4510.53737	0
1780034102	XAUUSD	M5	4514.93						4513.33155	4511.93446	0
1780034402	XAUUSD	M5	4519.16						4514.54834	4513.24140	0
1780034702	XAUUSD	M5	4514.48						4515.26088	4514.25114	0
1780035002	XAUUSD	M5	4515.75						4515.64017	4514.94565	0
1780035302	XAUUSD	M5	4511.42						4515.81405	4515.37985	0
1780035602	XAUUSD	M5	4518.71						4516.08557	4515.73271	0
1780035902	XAUUSD	M5	4516.61						4516.44258	4516.08764	0
1780036202	XAUUSD	M5	4517.76						4517.01480	4516.55122	0
1780036502	XAUUSD	M5	4515.02						4517.74465	4517.14794	0
1780036802	XAUUSD	M5	4516.65						4518.56719	4517.85756	0
1780037102	XAUUSD	M5	4517.66						4519.25689	4518.55723	0
1780037402	XAUUSD	M5	4522.00						4519.61604	4519.08664	0
1780037702	XAUUSD	M5	4523.69						4519.45189	4519.26926	0
1780038002	XAUUSD	M5	4519.41						4518.76648	4519.01787	1
1780038302	XAUUSD	M5	4519.17						4517.85106	4518.43447	0
1780038602	XAUUSD	M5	4516.34						4516.98677	4517.71062	0
1780038902	XAUUSD	M5	4515.66						4516.51953	4517.11507	0
1780039202	XAUUSD	M5	4511.87						4516.66673	4516.89090	0
1780039502	XAUUSD	M5	4514.03						4517.58120	4517.23605	1
1780039802	XAUUSD	M5	4520.74						4519.08531	4518.16068	0
1780040102	XAUUSD	M5	4522.55						4520.75662	4519.45865	0
1780040402	XAUUSD	M5	4525.35						4522.20747	4520.83306	0
1780040702	XAUUSD	M5	4524.22						4523.04970	4521.94138	0
1780041002	XAUUSD	M5	4523.23						4523.10528	4522.52333	0
1780041302	XAUUSD	M5	4524.76						4522.34835	4522.43584	1
1780041602	XAUUSD	M5	4519.18						4520.84865	4521.64225	0
1780041902	XAUUSD	M5	4515.98						4518.96546	4520.30385	0
1780042202	XAUUSD	M5	4515.16						4517.06413	4518.68399	0
1780042502	XAUUSD	M5	4513.11						4515.42548	4517.05474	0
1780042802	XAUUSD	M5	4515.34						4514.27447	4515.66460	0
1780043102	XAUUSD	M5	4517.09						4513.61494	4514.63977	0
1780043402	XAUUSD	M5	4514.92						4513.38290	4514.01134	0
1780043702	XAUUSD	M5	4515.06						4513.56017	4513.78575	0
1780044002	XAUUSD	M5	4515.06						4514.07649	4513.93112	1
1780044302	XAUUSD	M5	4511.28						4514.87750	4514.40431	0
1780044602	XAUUSD	M5	4513.87					4510.03000	4516.04221	4515.22326	0
1780044902	XAUUSD	M5	4514.88						4517.51256	4516.36791	0
1780045202	XAUUSD	M5	4518.89						4519.29746	4517.83268	0
1780045502	XAUUSD	M5	4523.86						4521.31946	4519.57607	0
1780045802	XAUUSD	M5	4528.97						4523.45252	4521.51430	0
1780046102	XAUUSD	M5	4527.92						4525.52684	4523.52057	0
1780046402	XAUUSD	M5	4522.69						4527.49315	4525.50686	0
1780046702	XAUUSD	M5	4528.85						4529.35423	4527.43054	0
1780047002	XAUUSD	M5	4528.60						4530.81847	4529.12451	0
1780047302	XAUUSD	M5	4528.82						4531.78152	4530.45302	0
1780047602	XAUUSD	M5	4532.38						4532.16028	4531.30665	0
1780047902	XAUUSD	M5	4537.20						4531.88112	4531.59388	0
1780048202	XAUUSD	M5	4532.70						4530.94699	4531.27043	1
1780048502	XAUUSD	M5	4531.09						4529.71221	4530.49132	0
1780048802	XAUUSD	M5	4526.02						4528.52132	4529.50632	0
1780049102	XAUUSD	M5	4526.45						4527.80332	4528.65482	0
1780049402	XAUUSD	M5	4528.54						4527.78914	4528.22198	0
1780049702	XAUUSD	M5	4526.76						4528.55362	4528.38780	1
1780050002	XAUUSD	M5	4527.61						4530.11682	4529.25231	0
1780050302	XAUUSD	M5	4530.50						4532.28472	4530.76852	0
1780050602	XAUUSD	M5	4538.80						4534.69386	4532.73119	0
1780050902	XAUUSD	M5	4541.41				4543.31000		4536.81436	4534.77277	0
1780051202	XAUUSD	M5	4537.92						4538.28397	4536.52837	0
1780051502	XAUUSD	M5	4537.13						4538.98287	4537.75562	0
1780051802	XAUUSD	M5	4536.97						4538.84188	4538.29875	0
1780052102	XAUUSD	M5	4538.58						4537.88918	4538.09397	1
1780052402	XAUUSD	M5	4535.93						4536.23097	4537.16247	0
1780052702	XAUUSD	M5	4532.53						4534.18012	4535.67129	0
1780053002	XAUUSD	M5	4532.46						4532.10304	4533.88717	0
1780053302	XAUUSD	M5	4531.67						4530.28918	4532.08817	0
1780053602	XAUUSD	M5	4531.26						4528.99466	4530.54142	0
1780053902	XAUUSD	M5	4528.10						4528.36818	4529.45480	0
1780054202	XAUUSD	M5	4527.14						4528.51438	4528.98459	0
1780054502	XAUUSD	M5	4528.41						4529.33529	4529.15994	1
1780054802	XAUUSD	M5	4531.07						4530.57151	4529.86573	0
1780055102	XAUUSD	M5	4529.28						4531.86480	4530.86526	0
1780055402	XAUUSD	M5	4533.80						4532.93815	4531.90170	0
1780055702	XAUUSD	M5	4538.36						4533.38836	4532.64503	0
1780056002	XAUUSD	M5	4529.43						4532.87328	4532.75915	0
1780056302	XAUUSD	M5	4530.22						4531.50324	4532.13120	1
1780056602	XAUUSD	M5	4528.39						4529.31621	4530.72371	0
1780056902	XAUUSD	M5	4529.83						4526.53586	4528.62978	0
1780057202	XAUUSD	M5	4523.53						4523.43858	4526.03418	0
1780057502	XAUUSD	M5	4522.39						4520.54632	4523.29025	0
1780057802	XAUUSD	M5	4517.10						4518.25313	4520.77169	0
1780058102	XAUUSD	M5	4517.27						4516.94782	4518.85976	0
1780058402	XAUUSD	M5	4514.13					4512.71000	4516.71873	4517.78924	0
1780058702	XAUUSD	M5	4515.41						4517.54236	4517.66580	0
1780059002	XAUUSD	M5	4518.58						4519.11929	4518.39255	1
1780059302	XAUUSD	M5	4523.03						4520.99812	4519.69533	0
1780059602	XAUUSD	M5	4524.27						4522.69909	4521.19721	0
1780059902	XAUUSD	M5	4525.73						4523.92180	4522.55950	0
1780060202	XAUUSD	M5	4522.89						4524.57524	4523.56737	0
1780060502	XAUUSD	M5	4522.68						4524.90271	4524.23504	0
1780060802	XAUUSD	M5	4526.25						4525.25247	4524.74375	0
1780061102	XAUUSD	M5	4528.06						4525.95682	4525.35029	0
1780061402	XAUUSD	M5	4525.27						4527.35516	4526.35273	0
1780061702	XAUUSD	M5	4531.73						4529.75145	4528.05209	0
1780062002	XAUUSD	M5	4533.05						4532.97727	4530.51468	0
1780062302	XAUUSD	M5	4535.99						4536.70004	4533.60736	0
1780062602	XAUUSD	M5	4538.56						4540.32216	4536.96476	0
1780062902	XAUUSD	M5	4536.80						4543.15641	4540.06058	0
1780063202	XAUUSD	M5	4548.02						4544.68404	4542.37231	0
1780063502	XAUUSD	M5	4551.21						4544.30623	4543.33927	0
1780063802	XAUUSD	M5	4543.88						4542.01333	4542.67630	1
1780064102	XAUUSD	M5	4537.72						4538.50526	4540.59078	0
1780064402	XAUUSD	M5	4531.31						4534.83164	4537.71121	0
1780064702	XAUUSD	M5	4529.84						4532.20919	4534.96020	0
1780065002	XAUUSD	M5	4536.21						4531.67141	4533.31581	0
1780065302	XAUUSD	M5	4531.89						4533.80028	4533.55804	1
1780065602	XAUUSD	M5	4540.30						4538.96830	4536.26317	0
1780065902	XAUUSD	M5	4539.79						4546.73519	4541.49918	0
1780066202	XAUUSD	M5	4557.00						4556.38972	4548.94445	0
1780066502	XAUUSD	M5	4564.28						4566.48480	4557.71463	0
1780066802	XAUUSD	M5	4578.41						4575.72144	4566.71803	0
1780067102	XAUUSD	M5	4588.06						4582.80505	4574.76154	0
1780067402	XAUUSD	M5	4590.10				4595.19000		4586.92095	4580.84125	0
1780067702	XAUUSD	M5	4588.60						4587.92992	4584.38559	0
1780068002	XAUUSD	M5	4585.01						4586.23485	4585.31022	0
1780068302	XAUUSD	M5	4578.66						4582.63723	4583.97373	1
1780068602	XAUUSD	M5	4578.28						4578.15600	4581.06486	0
1780068902	XAUUSD	M5	4573.01						4573.62514	4577.34500	0
1780069202	XAUUSD	M5	4566.64						4569.80014	4573.57257	0
1780069502	XAUUSD	M5	4564.98						4567.17333	4570.37295	0
1780069802	XAUUSD	M5	4568.99						4565.80650	4568.08973	0
1780070102	XAUUSD	M5	4571.07						4565.37322	4566.73147	0
1780070402	XAUUSD	M5	4567.98						4565.47039	4566.10093	0
1780070702	XAUUSD	M5	4564.30						4565.82405	4565.96249	0
1780071002	XAUUSD	M5	4563.71						4566.24594	4566.10422	1
1780071302	XAUUSD	M5	4565.39						4566.59350	4566.34886	0
1780071602	XAUUSD	M5	4564.25						4566.78123	4566.56504	0
1780071902	XAUUSD	M5	4563.06						4566.86528	4566.71516	0
1780072202	XAUUSD	M5	4569.01						4566.94604	4566.83060	0
1780072502	XAUUSD	M5	4572.02						4566.93277	4566.88169	0
1780072802	XAUUSD	M5	4569.56						4566.79956	4566.84062	1
1780073102	XAUUSD	M5	4564.81						4566.65245	4566.74654	0
1780073402	XAUUSD	M5	4565.36						4566.61643	4566.68148	0
1780073702	XAUUSD	M5	4566.86						4566.64072	4566.66110	0
1780074002	XAUUSD	M5	4564.42						4566.59788	4566.62949	0
1780074302	XAUUSD	M5	4567.35						4566.41979	4566.52464	0
1780074602	XAUUSD	M5	4564.43						4565.91954	4566.22209	0
1780074902	XAUUSD	M5	4565.60						4565.06087	4565.64148	0
1780075202	XAUUSD	M5	4565.55						4563.77641	4564.70894	0
1780075502	XAUUSD	M5	4561.95						4562.08003	4563.39449	0
1780075802	XAUUSD	M5	4561.36						4560.16138	4561.77793	0
1780076102	XAUUSD	M5	4558.72						4558.19964	4559.98878	0
1780076402	XAUUSD	M5	4554.11						4556.46289	4558.22584	0
1780076702	XAUUSD	M5	4555.94						4555.26223	4556.74403	0
1780077002	XAUUSD	M5	4553.51						4554.70151	4555.72277	0
1780077302	XAUUSD	M5	4553.44						4554.87943	4555.30110	0
1780077602	XAUUSD	M5	4557.28						4555.71373	4555.50742	1
1780077902	XAUUSD	M5	4557.93						4556.90030	4556.20386	0
1780078202	XAUUSD	M5	4558.14						4558.14799	4557.17592	0
1780078502	XAUUSD	M5	4558.65						4559.17047	4558.17320	0
1780078802	XAUUSD	M5	4558.59						4559.73033	4558.95177	0
1780079102	XAUUSD	M5	4559.28						4559.70889	4559.33033	0
1780079402	XAUUSD	M5	4560.86						4559.10845	4559.21939	1
1780079702	XAUUSD	M5	4560.13						4558.07320	4558.64629	0
1780080002	XAUUSD	M5	4557.96						4556.86083	4557.75356	0
1780080302	XAUUSD	M5	4553.06						4555.77532	4556.76444	0
1780080602	XAUUSD	M5	4554.26						4555.13775	4555.95109	0
1780080902	XAUUSD	M5	4553.10						4555.01821	4555.48465	0
1780081202	XAUUSD	M5	4554.50						4555.39852	4555.44159	0
1780081502	XAUUSD	M5	4558.42						4556.05987	4555.75073	1
1780081802	XAUUSD	M5	4558.26						4556.65884	4556.20479	0
1780082102	XAUUSD	M5	4557.74						4556.93927	4556.57203	0
1780082402	XAUUSD	M5	4556.42						4556.71049	4556.64126	0
1780082702	XAUUSD	M5	4555.30						4555.89669	4556.26898	1
1780083002	XAUUSD	M5	4553.57						4554.52277	4555.39587	0
1780083302	XAUUSD	M5	4552.54						4552.73328	4554.06458	0
1780083602	XAUUSD	M5	4551.53						4550.73204	4552.39831	0
1780083902	XAUUSD	M5	4548.69						4548.76780	4550.58305	0
1780084202	XAUUSD	M5	4546.51						4547.11452	4548.84879	0
1780084502	XAUUSD	M5	4545.67						4545.96546	4547.40712	0
1780084802	XAUUSD	M5	4544.51						4545.38166	4546.39439	0
1780085102	XAUUSD	M5	4545.84						4545.32336	4545.85887	0
1780085402	XAUUSD	M5	4548.83						4545.58224	4545.72056	0
1780085702	XAUUSD	M5	4545.92						4545.84817	4545.78436	1
1780086002	XAUUSD	M5	4545.13						4545.93294	4545.85865	0
1780086302	XAUUSD	M5	4542.78						4545.63162	4545.74513	1
1780086602	XAUUSD	M5	4543.36						4544.85351	4545.29932	0
1780086902	XAUUSD	M5	4543.01						4543.51219	4544.40576	0
1780087202	XAUUSD	M5	4543.77						4541.66157	4543.03366	0
1780087502	XAUUSD	M5	4541.99						4539.42038	4541.22702	0
1780087802	XAUUSD	M5	4539.90						4537.03604	4539.13153	0
1780088102	XAUUSD	M5	4540.62						4534.78311	4536.95732	0
1780264802	XAUUSD	M5	4520.88					4518.31000	4532.84666	4534.90199	0
1780265102	XAUUSD	M5	4526.05						4531.83130	4533.36665	0
1780265402	XAUUSD	M5	4534.73						4531.61385	4532.49025	0
1780265702	XAUUSD	M5	4536.50						4531.87271	4532.18148	0
1780266002	XAUUSD	M5	4533.28						4532.39911	4532.29029	1
1780266302	XAUUSD	M5	4533.17						4533.11597	4532.70313	0
1780266602	XAUUSD	M5	4535.66						4533.91182	4533.30748	0
1780266902	XAUUSD	M5	4531.95						4534.67780	4533.99264	0
1780267202	XAUUSD	M5	4535.54						4535.50707	4534.74985	0
1780267502	XAUUSD	M5	4538.24						4536.34421	4535.54703	0
1780267802	XAUUSD	M5	4534.93						4537.17705	4536.36204	0
1780268102	XAUUSD	M5	4535.26						4538.12094	4537.24149	0
1780268402	XAUUSD	M5	4539.79						4539.17333	4538.20741	0
1780268702	XAUUSD	M5	4541.57						4540.17991	4539.19366	0
1780269002	XAUUSD	M5	4542.59						4541.04156	4540.11761	0
1780269302	XAUUSD	M5	4542.13						4541.68181	4540.89971	0
1780269602	XAUUSD	M5	4542.06						4542.09783	4541.49877	0
1780269902	XAUUSD	M5	4544.97						4542.30235	4541.90056	0
1780270202	XAUUSD	M5	4539.25						4542.27077	4542.08566	0
1780270502	XAUUSD	M5	4540.68						4542.19674	4542.14120	0
1780270802	XAUUSD	M5	4541.86						4542.09047	4542.11583	1
1780271102	XAUUSD	M5	4541.03						4541.95101	4542.03342	0
1780271402	XAUUSD	M5	4544.28						4541.81906	4541.92624	0
1780271702	XAUUSD	M5	4539.57						4541.62101	4541.77363	0
1780272002	XAUUSD	M5	4544.93				4546.08000		4541.46725	4541.62044	0
1780272302	XAUUSD	M5	4540.84						4541.22044	4541.42044	0
1780272602	XAUUSD	M5	4540.86						4540.96870	4541.19457	0
1780272902	XAUUSD	M5	4538.46						4540.70885	4540.95171	0
1780273202	XAUUSD	M5	4540.85						4540.48244	4540.71708	0
1780273502	XAUUSD	M5	4543.27						4540.20424	4540.46066	0
1780273802	XAUUSD	M5	4538.13						4539.78063	4540.12064	0
1780274102	XAUUSD	M5	4536.93						4539.31861	4539.71963	0
1780274402	XAUUSD	M5	4536.06						4538.80475	4539.26219	0
1780274702	XAUUSD	M5	4541.43						4538.19818	4538.73018	0
1780275002	XAUUSD	M5	4538.93						4537.33400	4538.03209	0
1780275302	XAUUSD	M5	4540.50						4536.28143	4537.15676	0
1780275602	XAUUSD	M5	4534.25						4535.04684	4536.10180	0
1780275902	XAUUSD	M5	4529.00						4533.84665	4534.97423	0
1780276202	XAUUSD	M5	4533.89						4532.87781	4533.92602	0
1780276502	XAUUSD	M5	4530.35						4532.04449	4532.98525	0
1780276802	XAUUSD	M5	4532.17						4531.40134	4532.19330	0
1780277102	XAUUSD	M5	4528.77						4530.85575	4531.52452	0
1780277402	XAUUSD	M5	4532.78						4530.42447	4530.97449	0
1780277702	XAUUSD	M5	4529.83						4529.96042	4530.46746	0
1780278002	XAUUSD	M5	4533.21						4529.52840	4529.99793	0
1780278302	XAUUSD	M5	4528.67						4529.08438	4529.54116	0
1780278602	XAUUSD	M5	4530.06						4528.80259	4529.17187	0
1780278902	XAUUSD	M5	4525.57						4528.71204	4528.94196	0
1780279202	XAUUSD	M5	4525.13						4528.93565	4528.93880	0
1780279502	XAUUSD	M5	4528.54						4529.43043	4529.18462	1
1780279802	XAUUSD	M5	4532.26						4529.96828	4529.57645	0
1780280102	XAUUSD	M5	4532.01						4530.27462	4529.92553	0
1780280402	XAUUSD	M5	4531.49						4530.18935	4530.05744	0
1780280702	XAUUSD	M5	4530.32						4529.60617	4529.83181	1
1780281002	XAUUSD	M5	4527.43						4528.53703	4529.18442	0
1780281302	XAUUSD	M5	4528.33						4527.11625	4528.15034	0
1780281602	XAUUSD	M5	4522.91						4525.47326	4526.81180	0
1780281902	XAUUSD	M5	4523.58						4523.91341	4525.36261	0
1780282202	XAUUSD	M5	4522.54						4522.57482	4523.96871	0
1780282502	XAUUSD	M5	4521.52						4521.56289	4522.76580	0
1780282802	XAUUSD	M5	4524.63						4520.89374	4521.82977	0
1780283102	XAUUSD	M5	4517.60						4520.41048	4521.12013	0
1780283402	XAUUSD	M5	4518.89						4520.11323	4520.61668	0
1780283702	XAUUSD	M5	4519.41						4519.78324	4520.19996	0
1780284002	XAUUSD	M5	4518.60						4519.23512	4519.71754	0
1780284302	XAUUSD	M5	4520.46						4518.40992	4519.06373	0
1780284602	XAUUSD	M5	4521.55						4517.29374	4518.17874	0
1780284902	XAUUSD	M5	4515.66						4516.00040	4517.08957	0
1780285202	XAUUSD	M5	4510.71						4514.86531	4515.97744	0
1780285502	XAUUSD	M5	4512.70						4514.17872	4515.07808	0
1780285802	XAUUSD	M5	4513.24						4513.99048	4514.53428	0
1780286102	XAUUSD	M5	4516.43						4514.26648	4514.40038	0
1780286402	XAUUSD	M5	4516.42						4514.79767	4514.59902	1
1780286702	XAUUSD	M5	4514.18						4515.39681	4514.99792	0
1780287002	XAUUSD	M5	4514.73						4515.93335	4515.46563	0
1780287302	XAUUSD	M5	4516.90						4516.23220	4515.84891	0
1780287602	XAUUSD	M5	4517.65						4516.16352	4516.00622	0
1780287902	XAUUSD	M5	4515.90						4515.72509	4515.86566	1
1780288202	XAUUSD	M5	4514.31						4515.07626	4515.47096	0
1780288502	XAUUSD	M5	4515.29						4514.41504	4514.94300	0
1780288802	XAUUSD	M5	4514.47						4513.89528	4514.41914	0
1780289102	XAUUSD	M5	4510.51					4508.68000	4513.68169	4514.05042	0
1780289402	XAUUSD	M5	4514.25						4513.95561	4514.00301	0
1780289702	XAUUSD	M5	4514.46						4514.63246	4514.31773	1
1780290002	XAUUSD	M5	4516.03						4515.63715	4514.97744	0
1780290302	XAUUSD	M5	4516.46						4516.81291	4515.89518	0
1780290602	XAUUSD	M5	4518.21						4518.01274	4516.95396	0
1780290902	XAUUSD	M5	4521.40						4519.08834	4518.02115	0
1780291202	XAUUSD	M5	4522.57						4519.89099	4518.95607	0
1780291502	XAUUSD	M5	4520.48						4520.37278	4519.66443	0
1780291802	XAUUSD	M5	4513.88						4520.60132	4520.13287	0
1780292102	XAUUSD	M5	4520.19						4520.77694	4520.45491	0
1780292402	XAUUSD	M5	4519.87						4520.77189	4520.61340	0
1780292702	XAUUSD	M5	4524.26				4525.25000		4520.56624	4520.58982	1
1780293002	XAUUSD	M5	4523.53						4520.00935	4520.29958	0
1780293302	XAUUSD	M5	4518.23						4519.07422	4519.68690	0
1780293602	XAUUSD	M5	4516.28						4517.84670	4518.76680	0
1780293902	XAUUSD	M5	4517.11						4516.35601	4517.56140	0
1780294202	XAUUSD	M5	4514.11						4514.59919	4516.08029	0
1780294502	XAUUSD	M5	4511.10						4512.68801	4514.38415	0
1780294802	XAUUSD	M5	4506.18						4510.76177	4512.57296	0
1780295102	XAUUSD	M5	4513.93						4509.02791	4510.80044	0
1780295402	XAUUSD	M5	4510.69						4507.38352	4509.09198	0
1780295702	XAUUSD	M5	4504.67						4505.99057	4507.54127	0
1780296002	XAUUSD	M5	4504.63						4505.06623	4506.30375	0
1780296302	XAUUSD	M5	4504.57						4504.62977	4505.46676	0
1780296602	XAUUSD	M5	4503.61						4504.62604	4505.04640	0
1780296902	XAUUSD	M5	4501.73						4504.97530	4505.01085	0
1780297202	XAUUSD	M5	4507.76						4505.56619	4505.28852	1
1780297502	XAUUSD	M5	4506.26						4506.06976	4505.67914	0
1780297802	XAUUSD	M5	4507.28						4506.32940	4506.00427	0
1780298102	XAUUSD	M5	4506.80						4506.18693	4506.09560	0
1780298402	XAUUSD	M5	4505.18						4505.59418	4505.84489	1
1780298702	XAUUSD	M5	4503.96						4504.58536	4505.21513	0
1780299002	XAUUSD	M5	4504.72						4503.25829	4504.23671	0
1780299302	XAUUSD	M5	4503.53						4501.69873	4502.96772	0
1780299602	XAUUSD	M5	4498.19						4500.05976	4501.51374	0
1780299902	XAUUSD	M5	4494.58						4498.58295	4500.04834	0
1780300202	XAUUSD	M5	4495.46						4497.42527	4498.73681	0
1780300502	XAUUSD	M5	4503.08						4496.57520	4497.65601	0
1780300802	XAUUSD	M5	4495.80						4495.82394	4496.73997	0
1780301102	XAUUSD	M5	4493.96						4495.31087	4496.02542	0
1780301402	XAUUSD	M5	4495.74						4495.03822	4495.53182	0
1780301702	XAUUSD	M5	4494.96						4494.93729	4495.23455	0
1780302002	XAUUSD	M5	4492.84						4495.01525	4495.12490	0
1780302302	XAUUSD	M5	4496.04						4495.34282	4495.23386	1
1780302602	XAUUSD	M5	4495.84						4495.87286	4495.55336	0
1780302902	XAUUSD	M5	4494.74						4496.61744	4496.08540	0
1780303202	XAUUSD	M5	4500.03						4497.55912	4496.82226	0
1780303502	XAUUSD	M5	4501.32						4498.49915	4497.66070	0
1780303802	XAUUSD	M5	4497.19						4499.30589	4498.48330	0
1780304102	XAUUSD	M5	4498.02						4499.98530	4499.23430	0
1780304402	XAUUSD	M5	4500.50						4500.41763	4499.82596	0
1780304702	XAUUSD	M5	4499.49						4500.49436	4500.16016	0
1780305002	XAUUSD	M5	4499.51						4500.23303	4500.19659	0
1780305302	XAUUSD	M5	4505.66						4499.67739	4499.93699	1
1780305602	XAUUSD	M5	4499.68						4498.76772	4499.35236	0
1780305902	XAUUSD	M5	4496.39						4497.77992	4498.56614	0
1780306202	XAUUSD	M5	4490.65					4489.39000	4496.93452	4497.75033	0
1780306502	XAUUSD	M5	4497.93						4496.46277	4497.10655	0
1780306802	XAUUSD	M5	4498.33						4496.23974	4496.67314	0
1780307102	XAUUSD	M5	4495.45						4496.27156	4496.47235	0
1780307402	XAUUSD	M5	4497.96						4496.61577	4496.54406	1
1780307702	XAUUSD	M5	4496.01						4497.18786	4496.86596	0
1780308002	XAUUSD	M5	4498.16						4497.99618	4497.43107	0
1780308302	XAUUSD	M5	4500.16						4498.95635	4498.19371	0
1780308602	XAUUSD	M5	4501.59						4499.98231	4499.08801	0
1780308902	XAUUSD	M5	4499.96						4501.00780	4500.04791	0
1780309202	XAUUSD	M5	4500.45						4502.04705	4501.04748	0
1780309502	XAUUSD	M5	4500.91						4503.05071	4502.04910	0
1780309802	XAUUSD	M5	4504.91						4503.95829	4503.00369	0
1780310102	XAUUSD	M5	4503.77						4504.64591	4503.82480	0
1780310402	XAUUSD	M5	4505.87						4505.13121	4504.47801	0
1780310702	XAUUSD	M5	4509.50						4505.40193	4504.93997	0
1780311002	XAUUSD	M5	4507.30						4505.43205	4505.18601	0
1780311302	XAUUSD	M5	4503.99						4505.38707	4505.28654	0
1780311602	XAUUSD	M5	4500.22						4505.44285	4505.36469	0
1780311902	XAUUSD	M5	4505.76						4505.76411	4505.56440	0
1780312202	XAUUSD	M5	4504.85						4506.24591	4505.90516	0
1780312502	XAUUSD	M5	4509.85						4506.90415	4506.40465	0
1780312802	XAUUSD	M5	4508.61				4512.95000		4507.58379	4506.99422	0
1780313102	XAUUSD	M5	4510.76						4508.26622	4507.63022	0
1780313402	XAUUSD	M5	4506.76						4508.81482	4508.22252	0
1780313702	XAUUSD	M5	4510.33						4509.20732	4508.71492	0
1780314002	XAUUSD	M5	4507.21						4509.24055	4508.97773	0
1780314302	XAUUSD	M5	4508.66						4508.90262	4508.94018	1
1780314602	XAUUSD	M5	4507.46						4508.12874	4508.53446	0
1780314902	XAUUSD	M5	4505.87						4507.00846	4507.77146	0
1780315202	XAUUSD	M5	4505.97						4505.71516	4506.74331	0
1780315502	XAUUSD	M5	4507.66						4504.44322	4505.59327	0
1780315802	XAUUSD	M5	4503.36						4503.36612	4504.47970	0
1780316102	XAUUSD	M5	4503.39						4502.77880	4503.62925	0
1780316402	XAUUSD	M5	4501.86						4502.80805	4503.21865	0
1780316702	XAUUSD	M5	4505.59						4503.47050	4503.34457	1
1780317002	XAUUSD	M5	4500.84						4504.50518	4503.92488	0
1780317302	XAUUSD	M5	4503.25						4505.70754	4504.81621	0
1780317602	XAUUSD	M5	4507.89						4506.59769	4505.70695	0
1780317902	XAUUSD	M5	4506.83						4506.61574	4506.16134	0
1780318202	XAUUSD	M5	4505.63						4505.41349	4505.78741	1
1780318502	XAUUSD	M5	4501.96						4502.79004	4504.28873	0
1780318802	XAUUSD	M5	4501.78						4498.78987	4501.53930	0
1780319102	XAUUSD	M5	4501.18						4493.55563	4497.54746	0
1780319402	XAUUSD	M5	4484.29						4487.42488	4492.48617	0
1780319702	XAUUSD	M5	4482.30						4481.21600	4486.85108	0
1780320002	XAUUSD	M5	4465.93						4475.36634	4481.10871	0
1780320302	XAUUSD	M5	4465.06						4470.53462	4475.82167	0
1780320602	XAUUSD	M5	4466.12						4466.81841	4471.32004	0
1780320902	XAUUSD	M5	4472.88						4464.08684	4467.70344	0
1780321202	XAUUSD	M5	4467.35						4461.95103	4464.82723	0
1780321502	XAUUSD	M5	4464.61						4460.29816	4462.56269	0
1780321802	XAUUSD	M5	4454.78						4458.98350	4460.77310	0
1780322102	XAUUSD	M5	4450.49						4458.09649	4459.43479	0
1780322402	XAUUSD	M5	4454.50					4447.78000	4457.63695	4458.53587	0
1780322702	XAUUSD	M5	4460.39						4457.43062	4457.98324	0
1780323002	XAUUSD	M5	4461.22						4457.26652	4457.62488	0
1780323302	XAUUSD	M5	4457.21						4457.08620	4457.35554	0
1780323602	XAUUSD	M5	4455.26						4456.95208	4457.15381	0
1780323902	XAUUSD	M5	4456.22						4456.88043	4457.01712	0
1780324202	XAUUSD	M5	4458.65						4456.83817	4456.92764	0
1780324502	XAUUSD	M5	4455.49						4456.78441	4456.85603	0
1780324802	XAUUSD	M5	4459.94						4456.84657	4456.85130	0
1780325102	XAUUSD	M5	4454.72						4457.01199	4456.93164	1
1780325402	XAUUSD	M5	4456.05						4457.52204	4457.22684	0
1780325702	XAUUSD	M5	4458.70						4458.46097	4457.84391	0
1780326002	XAUUSD	M5	4460.24						4459.83192	4458.83791	0
1780326302	XAUUSD	M5	4462.37						4461.63852	4460.23822	0
1780326602	XAUUSD	M5	4464.35						4463.79866	4462.01844	0
1780326902	XAUUSD	M5	4465.36						4466.16013	4464.08929	0
1780327202	XAUUSD	M5	4467.08						4468.56164	4466.32546	0
1780327502	XAUUSD	M5	4468.79						4470.79437	4468.55992	0
1780327802	XAUUSD	M5	4477.14						4472.65145	4470.60568	0
1780328102	XAUUSD	M5	4476.86						4473.79095	4472.19832	0
1780328402	XAUUSD	M5	4472.38						4474.14836	4473.17334	0
1780328702	XAUUSD	M5	4469.80						4473.86999	4473.52166	0
1780329002	XAUUSD	M5	4471.29						4473.10440	4473.31303	1
1780329302	XAUUSD	M5	4474.21						4471.96889	4472.64096	0
1780329602	XAUUSD	M5	4473.38						4470.57132	4471.60614	0
1780329902	XAUUSD	M5	4468.79						4469.13811	4470.37212	0
1780330202	XAUUSD	M5	4467.37						4467.98877	4469.18044	0
1780330502	XAUUSD	M5	4466.78						4467.34775	4468.26410	0
1780330802	XAUUSD	M5	4468.60						4467.34426	4467.80418	0
1780331102	XAUUSD	M5	4467.98						4467.96117	4467.88267	1
1780331402	XAUUSD	M5	4469.44						4469.12767	4468.50517	0
1780331702	XAUUSD	M5	4469.22						4470.62535	4469.56526	0
1780332002	XAUUSD	M5	4468.06						4472.23310	4470.89918	0
1780332302	XAUUSD	M5	4471.96						4473.76219	4472.33069	0
1780332602	XAUUSD	M5	4480.10						4474.96616	4473.64842	0
1780332902	XAUUSD	M5	4480.11						4475.60908	4474.62875	0
1780333202	XAUUSD	M5	4476.29						4475.79642	4475.21259	0
1780333502	XAUUSD	M5	4473.44						4475.85105	4475.53182	0
1780333802	XAUUSD	M5	4475.05						4476.13307	4475.83244	0
1780334102	XAUUSD	M5	4475.82						4476.86118	4476.34681	0
1780334402	XAUUSD	M5	4475.15						4478.18936	4477.26809	0
1780334702	XAUUSD	M5	4482.93						4480.16390	4478.71600	0
1780335002	XAUUSD	M5	4481.31						4482.48045	4480.59823	0
1780335302	XAUUSD	M5	4482.83						4484.95708	4482.77765	0
1780335602	XAUUSD	M5	4491.56						4487.29258	4485.03512	0
1780335902	XAUUSD	M5	4491.51				4495.39000		4489.03939	4487.03725	0
1780336202	XAUUSD	M5	4491.45						4490.05936	4488.54831	0
1780336502	XAUUSD	M5	4487.55						4490.34732	4489.44782	0
1780336802	XAUUSD	M5	4486.86						4490.10785	4489.77783	0
1780337102	XAUUSD	M5	4489.80						4489.53306	4489.65545	1
1780337402	XAUUSD	M5	4488.66						4488.76604	4489.21074	0
1780337702	XAUUSD	M5	4489.22						4488.03330	4488.62202	0
1780338002	XAUUSD	M5	4489.16						4487.45707	4488.03955	0
1780338302	XAUUSD	M5	4486.64						4487.09570	4487.56762	0
1780338602	XAUUSD	M5	4486.10						4486.98685	4487.27724	0
1780338902	XAUUSD	M5	4486.06						4487.07139	4487.17431	0
1780339202	XAUUSD	M5	4487.92						4487.24996	4487.21214	1
1780339502	XAUUSD	M5	4488.60						4487.37230	4487.29222	0
1780339802	XAUUSD	M5	4487.17						4487.35042	4487.32132	0
1780340102	XAUUSD	M5	4486.70						4487.18957	4487.25545	1
1780340402	XAUUSD	M5	4487.83						4486.91087	4487.08316	0
1780340702	XAUUSD	M5	4485.27						4486.51288	4486.79802	0
1780341002	XAUUSD	M5	4485.38						4486.08431	4486.44117	0
1780341302	XAUUSD	M5	4485.87						4485.64207	4486.04162	0
1780341602	XAUUSD	M5	4485.77						4485.16627	4485.60394	0
1780341902	XAUUSD	M5	4484.68						4484.64258	4485.12326	0
1780342202	XAUUSD	M5	4483.89						4484.09600	4484.60963	0
1780342502	XAUUSD	M5	4484.35						4483.56490	4484.08727	0
1780342802	XAUUSD	M5	4483.47						4483.07097	4483.57912	0
1780343102	XAUUSD	M5	4483.59						4482.66758	4483.12335	0
1780343402	XAUUSD	M5	4480.17						4482.38293	4482.75314	0
1780343702	XAUUSD	M5	4481.15					4479.13000	4482.31354	4482.53334	0
1780344002	XAUUSD	M5	4482.97						4482.41500	4482.47417	0
1780344302	XAUUSD	M5	4483.43						4482.61334	4482.54376	1
1780344602	XAUUSD	M5	4483.53						4482.85055	4482.69716	0
1780344902	XAUUSD	M5	4482.96						4483.07393	4482.88554	0
1780345202	XAUUSD	M5	4482.58						4483.27383	4483.07968	0
1780345502	XAUUSD	M5	4483.12						4483.44255	4483.26112	0
1780345802	XAUUSD	M5	4484.64						4483.57501	4483.41807	0
1780346102	XAUUSD	M5	4484.05						4483.64811	4483.53309	0
1780346402	XAUUSD	M5	4482.61						4483.69485	4483.61397	0
1780346702	XAUUSD	M5	4483.92						4483.75566	4483.68482	0
1780347002	XAUUSD	M5	4483.20						4483.78661	4483.73571	0
1780347302	XAUUSD	M5	4484.87						4483.77991	4483.75781	0
1780351202	XAUUSD	M5	4483.02				4488.29000		4483.67180	4483.71481	1
1780351502	XAUUSD	M5	4482.41						4483.49933	4483.60707	0
1780351802	XAUUSD	M5	4484.52						4483.27679	4483.44193	0
1780352102	XAUUSD	M5	4484.15						4482.97208	4483.20701	0
1780352402	XAUUSD	M5	4482.75						4482.64060	4482.92380	0
1780352702	XAUUSD	M5	4481.46						4482.37506	4482.64943	0
1780353002	XAUUSD	M5	4481.24						4482.26809	4482.45876	0
1780353302	XAUUSD	M5	4482.83						4482.37379	4482.41628	0
1780353602	XAUUSD	M5	4481.54						4482.69018	4482.55323	1
1780353902	XAUUSD	M5	4484.15						4483.24112	4482.89717	0
1780354202	XAUUSD	M5	4483.97						4483.94766	4483.42242	0
1780354502	XAUUSD	M5	4485.93						4484.77247	4484.09744	0
1780354802	XAUUSD	M5	4486.37						4485.59533	4484.84638	0
1780355102	XAUUSD	M5	4485.28						4486.31637	4485.58138	0
1780355402	XAUUSD	M5	4486.09						4486.86787	4486.22462	0
1780355702	XAUUSD	M5	4486.57						4487.13517	4486.67990	0
1780356002	XAUUSD	M5	4487.62						4487.03109	4486.85549	0
1780356302	XAUUSD	M5	4487.23						4486.50096	4486.67823	1
1780356602	XAUUSD	M5	4484.81						4485.58495	4486.13159	0
1780356902	XAUUSD	M5	4484.52						4484.44869	4485.29014	0
1780357202	XAUUSD	M5	4483.42						4483.27413	4484.28213	0
1780357502	XAUUSD	M5	4480.11						4482.29781	4483.28997	0
1780357802	XAUUSD	M5	4484.77						4481.80996	4482.54997	0
1780358102	XAUUSD	M5	4484.50						4481.84874	4482.19935	0
1780358402	XAUUSD	M5	4484.56						4482.47964	4482.33950	1
1780358702	XAUUSD	M5	4478.56						4483.63632	4482.98791	0
1780359002	XAUUSD	M5	4481.37						4485.27021	4484.12906	0
1780359302	XAUUSD	M5	4485.31						4487.01132	4485.57019	0
1780359602	XAUUSD	M5	4489.79						4488.41382	4486.99201	0
1780359902	XAUUSD	M5	4493.81						4489.07309	4488.03255	0
1780360202	XAUUSD	M5	4489.19				4497.24000		4488.74708	4488.38982	0
1780360502	XAUUSD	M5	4489.28						4487.62161	4488.00571	1
1780360802	XAUUSD	M5	4487.07						4485.96668	4486.98620	0
1780361102	XAUUSD	M5	4481.45						4484.22206	4485.60413	0
1780361402	XAUUSD	M5	4481.85						4482.92003	4484.26208	0
1780361702	XAUUSD	M5	4481.97						4482.33779	4483.29993	0
1780362002	XAUUSD	M5	4481.84						4482.55367	4482.92680	0
1780362302	XAUUSD	M5	4479.46						4483.43052	4483.17866	1
1780362602	XAUUSD	M5	4489.76						4484.68424	4483.93145	0
1780362902	XAUUSD	M5	4486.18						4485.62943	4484.78044	0
1780363202	XAUUSD	M5	4483.16						4485.94525	4485.36284	0
1780363502	XAUUSD	M5	4486.57						4485.44993	4485.40639	0
1780363802	XAUUSD	M5	4487.29						4484.01403	4484.71021	1
1780364102	XAUUSD	M5	4482.07						4481.80450	4483.25736	0
1780364402	XAUUSD	M5	4479.93						4479.31668	4481.28702	0
1780364702	XAUUSD	M5	4475.58						4477.04770	4479.16736	0
1780365002	XAUUSD	M5	4473.82					4463.08000	4475.49430	4477.33083	0
1780365302	XAUUSD	M5	4474.02						4474.93372	4476.13228	0
1780365602	XAUUSD	M5	4473.35						4475.36934	4475.75081	0
1780365902	XAUUSD	M5	4474.71						4476.59815	4476.17448	1
1780366202	XAUUSD	M5	4480.71						4478.21363	4477.19405	0
1780366502	XAUUSD	M5	4480.96						4479.66277	4478.42841	0
1780366802	XAUUSD	M5	4484.01						4480.62110	4479.52476	0
1780367102	XAUUSD	M5	4482.02						4480.87553	4480.20014	0
1780367402	XAUUSD	M5	4481.28						4480.55557	4480.37786	0
1780367702	XAUUSD	M5	4478.82						4479.95280	4480.16533	1
1780368002	XAUUSD	M5	4476.61						4479.49894	4479.83214	0
1780368302	XAUUSD	M5	4474.78						4479.58352	4479.70783	0
1780368602	XAUUSD	M5	4478.82						4480.46335	4480.08559	1
1780368902	XAUUSD	M5	4485.96						4482.07709	4481.08134	0
1780369202	XAUUSD	M5	4488.07						4484.13176	4482.60655	0
1780369502	XAUUSD	M5	4486.66						4486.36914	4484.48784	0
1780369802	XAUUSD	M5	4488.37						4488.60117	4486.54451	0
1780370102	XAUUSD	M5	4490.03						4490.61263	4488.57857	0
1780370402	XAUUSD	M5	4490.11						4492.28390	4490.43124	0
1780370702	XAUUSD	M5	4495.22						4493.63210	4492.03167	0
1780371002	XAUUSD	M5	4493.68						4494.64204	4493.33686	0
1780371302	XAUUSD	M5	4494.62						4495.50699	4494.42192	0
1780371602	XAUUSD	M5	4497.40						4496.37552	4495.39872	0
1780371902	XAUUSD	M5	4498.19						4497.30806	4496.35339	0
1780372202	XAUUSD	M5	4497.54						4498.37311	4497.36325	0
1780372502	XAUUSD	M5	4499.44						4499.60796	4498.48560	0
1780372802	XAUUSD	M5	4500.34						4500.94467	4499.71514	0
1780373102	XAUUSD	M5	4502.18						4502.32543	4501.02029	0
1780373402	XAUUSD	M5	4504.66						4503.68734	4502.35381	0
1780373702	XAUUSD	M5	4507.76						4504.96993	4503.66187	0
1780374002	XAUUSD	M5	4505.71						4506.12667	4504.89427	0
1780374302	XAUUSD	M5	4504.77						4507.25601	4506.07514	0
1780374602	XAUUSD	M5	4507.79						4508.42651	4507.25083	0
1780374902	XAUUSD	M5	4509.05						4509.60624	4508.42853	0
1780375202	XAUUSD	M5	4510.48						4510.79200	4509.61026	0
1780375502	XAUUSD	M5	4512.66						4511.97420	4510.79223	0
1780375802	XAUUSD	M5	4512.94						4513.14906	4511.97065	0
1780376102	XAUUSD	M5	4517.46						4514.37057	4513.17061	0
1780376402	XAUUSD	M5	4515.87						4515.60100	4514.38580	0
1780376702	XAUUSD	M5	4516.02						4516.92654	4515.65617	0
1780377002	XAUUSD	M5	4518.72						4518.34969	4517.00293	0
1780377302	XAUUSD	M5	4518.63						4519.75351	4518.37822	0
1780377602	XAUUSD	M5	4518.83						4521.03404	4519.70613	0
1780377902	XAUUSD	M5	4519.74						4522.04754	4520.87684	0
1780378202	XAUUSD	M5	4524.86						4522.63859	4521.75771	0
1780378502	XAUUSD	M5	4523.66						4522.63340	4522.19555	0
1780378802	XAUUSD	M5	4524.50						4522.12382	4522.15969	1
1780379102	XAUUSD	M5	4523.48						4521.27090	4521.71529	0
1780379402	XAUUSD	M5	4519.58						4520.37061	4521.04295	0
1780379702	XAUUSD	M5	4517.08						4519.81314	4520.42804	0
1780380002	XAUUSD	M5	4520.52						4519.90731	4520.16768	0
1780380302	XAUUSD	M5	4520.88						4520.71567	4520.44168	1
1780380602	XAUUSD	M5	4519.01						4522.24248	4521.34208	0
1780380902	XAUUSD	M5	4520.32						4524.41515	4522.87861	0
1780381202	XAUUSD	M5	4529.47						4526.98692	4524.93277	0
1780381502	XAUUSD	M5	4533.17						4529.49368	4527.21322	0
1780381802	XAUUSD	M5	4535.55						4531.64469	4529.42896	0
1780382102	XAUUSD	M5	4534.04						4533.28504	4531.35700	0
1780382402	XAUUSD	M5	4532.84						4534.46613	4532.91156	0
1780382702	XAUUSD	M5	4533.70						4535.31378	4534.11267	0
1780383002	XAUUSD	M5	4532.85						4535.94228	4535.02748	0
1780383302	XAUUSD	M5	4536.04						4536.49608	4535.76178	0
1780383602	XAUUSD	M5	4536.05						4536.95311	4536.35745	0
1780383902	XAUUSD	M5	4537.81						4537.28547	4536.82146	0
1780384202	XAUUSD	M5	4539.99				4541.50000		4537.37283	4537.09714	0
1780384502	XAUUSD	M5	4539.36						4537.07653	4537.08683	1
1780384802	XAUUSD	M5	4536.88						4536.37395	4536.73039	0
1780385102	XAUUSD	M5	4534.03						4535.36886	4536.04963	0
1780385402	XAUUSD	M5	4533.68						4534.25991	4535.15477	0
1780385702	XAUUSD	M5	4532.98						4533.24732	4534.20104	0
1780386002	XAUUSD	M5	4531.79						4532.53399	4533.36752	0
1780386302	XAUUSD	M5	4531.72						4532.27494	4532.82123	0
1780386602	XAUUSD	M5	4530.68						4532.49582	4532.65852	0
1780386902	XAUUSD	M5	4535.08						4533.12516	4532.89184	1
1780387202	XAUUSD	M5	4534.26						4533.84797	4533.36991	0
1780387502	XAUUSD	M5	4535.66						4534.42814	4533.89902	0
1780387802	XAUUSD	M5	4534.86						4534.61211	4534.25557	0
1780388102	XAUUSD	M5	4532.60						4534.28080	4534.26818	0
1780388402	XAUUSD	M5	4534.21						4533.47659	4533.87238	1
1780388702	XAUUSD	M5	4531.23						4532.27821	4533.07530	0
1780389002	XAUUSD	M5	4532.02						4530.96459	4532.01994	0
1780389302	XAUUSD	M5	4530.23						4529.75213	4530.88604	0
1780389602	XAUUSD	M5	4528.82						4528.88539	4529.88572	0
1780389902	XAUUSD	M5	4529.56						4528.50753	4529.19663	0
1780390202	XAUUSD	M5	4527.87						4528.58002	4528.88832	0
1780390502	XAUUSD	M5	4526.73						4528.99348	4528.94090	1
1780390802	XAUUSD	M5	4527.29						4529.55694	4529.24892	0
1780391102	XAUUSD	M5	4529.00						4530.02742	4529.63817	0
1780391402	XAUUSD	M5	4533.96						4530.19351	4529.91584	0
1780391702	XAUUSD	M5	4534.61						4529.86893	4529.89238	1
1780392002	XAUUSD	M5	4529.21						4529.09617	4529.49428	0
1780392302	XAUUSD	M5	4526.71						4528.17634	4528.83531	0
1780392602	XAUUSD	M5	4525.65						4527.37816	4528.10673	0
1780392902	XAUUSD	M5	4524.42						4526.90296	4527.50485	0
1780393202	XAUUSD	M5	4525.59					4522.06000	4526.86376	4527.18430	0
1780393502	XAUUSD	M5	4526.33						4527.20344	4527.19387	1
1780393802	XAUUSD	M5	4530.63						4527.77914	4527.48650	0
1780394102	XAUUSD	M5	4530.00						4528.31285	4527.89968	0
1780394402	XAUUSD	M5	4528.38						4528.66945	4528.28457	0
1780394702	XAUUSD	M5	4529.43						4528.79838	4528.54148	0
1780395002	XAUUSD	M5	4529.02						4528.67453	4528.60800	0
1780395302	XAUUSD	M5	4529.09						4528.38895	4528.49848	1
1780395602	XAUUSD	M5	4525.31						4528.08127	4528.28987	0
1780395902	XAUUSD	M5	4528.40						4527.99004	4528.13996	0
1780396202	XAUUSD	M5	4528.00						4528.13173	4528.13584	0
1780396502	XAUUSD	M5	4526.79						4528.53364	4528.33474	1
1780396802	XAUUSD	M5	4528.78						4529.17746	4528.75610	0
1780397102	XAUUSD	M5	4530.66						4529.90913	4529.33261	0
1780397402	XAUUSD	M5	4532.31						4530.54987	4529.94124	0
1780397702	XAUUSD	M5	4533.21						4530.93656	4530.43890	0
1780398002	XAUUSD	M5	4531.18				4534.66000		4530.98555	4530.71222	0
1780398302	XAUUSD	M5	4529.87						4530.74419	4530.72820	0
1780398602	XAUUSD	M5	4528.84						4530.29438	4530.51129	1
1780398902	XAUUSD	M5	4527.94						4529.74708	4530.12919	0
1780399202	XAUUSD	M5	4528.69						4529.20451	4529.66685	0
1780399502	XAUUSD	M5	4529.61						4528.71897	4529.19291	0
1780399802	XAUUSD	M5	4529.97						4528.30710	4528.75000	0
1780400102	XAUUSD	M5	4527.51						4527.97157	4528.36079	0
1780400402	XAUUSD	M5	4526.92						4527.76676	4528.06378	0
1780400702	XAUUSD	M5	4529.16						4527.69120	4527.87749	0
1780401002	XAUUSD	M5	4528.59						4527.69367	4527.78558	0
1780401302	XAUUSD	M5	4527.54						4527.79184	4527.78871	1
1780401602	XAUUSD	M5	4527.77						4527.99269	4527.89070	0
1780401902	XAUUSD	M5	4527.38						4528.24095	4528.06582	0
1780402202	XAUUSD	M5	4526.39						4528.46330	4528.26456	0
1780402502	XAUUSD	M5	4526.83						4528.56971	4528.41714	0
1780402802	XAUUSD	M5	4531.02						4528.42568	4528.42141	0
1780403102	XAUUSD	M5	4529.35						4527.81646	4528.11893	1
1780403402	XAUUSD	M5	4528.14						4526.72264	4527.42079	0
1780403702	XAUUSD	M5	4524.85						4525.18134	4526.30107	0
1780404002	XAUUSD	M5	4524.94						4523.32786	4524.81446	0
1780404302	XAUUSD	M5	4520.36						4521.26838	4523.04142	0
1780404602	XAUUSD	M5	4514.99						4519.23255	4521.13699	0
1780404902	XAUUSD	M5	4514.15						4517.45639	4519.29669	0
1780405202	XAUUSD	M5	4520.30						4516.00530	4517.65099	0
1780405502	XAUUSD	M5	4516.53						4514.72934	4516.19017	0
1780405802	XAUUSD	M5	4514.00						4513.68257	4514.93637	0
1780406102	XAUUSD	M5	4512.77						4512.85500	4513.89568	0
1780406402	XAUUSD	M5	4513.13						4512.17239	4513.03404	0
1780406702	XAUUSD	M5	4510.63						4511.51114	4512.27259	0
1780407002	XAUUSD	M5	4508.20						4510.81267	4511.54263	0
1780407302	XAUUSD	M5	4510.83						4510.02088	4510.78176	0
1780407602	XAUUSD	M5	4508.45						4508.96711	4509.87443	0
1780407902	XAUUSD	M5	4509.75						4507.64294	4508.75869	0
1780408202	XAUUSD	M5	4504.95						4506.00255	4507.38062	0
1780408502	XAUUSD	M5	4502.66						4504.19836	4505.78949	0
1780408802	XAUUSD	M5	4502.34						4502.37953	4504.08451	0
1780409102	XAUUSD	M5	4502.91						4500.68080	4502.38265	0
1780409402	XAUUSD	M5	4504.29						4499.23834	4500.81050	0
1780409702	XAUUSD	M5	4495.96						4498.15992	4499.48521	0
1780410002	XAUUSD	M5	4493.20					4490.40000	4497.74902	4498.61711	0
1780410302	XAUUSD	M5	4495.44						4498.10367	4498.36039	0
1780410602	XAUUSD	M5	4499.49						4499.09365	4498.72702	1
1780410902	XAUUSD	M5	4502.34						4500.45872	4499.59287	0
1780411202	XAUUSD	M5	4504.56						4501.92321	4500.75804	0
1780411502	XAUUSD	M5	4503.83						4503.22368	4501.99086	0
1780411802	XAUUSD	M5	4504.17						4504.22023	4503.10554	0
1780412102	XAUUSD	M5	4504.12						4504.81686	4503.96120	0
1780412402	XAUUSD	M5	4502.75						4505.02003	4504.49062	0
1780412702	XAUUSD	M5	4506.75						4504.95332	4504.72197	0
1780413002	XAUUSD	M5	4503.46						4504.66924	4504.69560	1
1780413302	XAUUSD	M5	4504.37						4504.39394	4504.54477	0
1780413602	XAUUSD	M5	4503.51						4504.22816	4504.38646	0
1780413902	XAUUSD	M5	4505.39						4504.25563	4504.32105	0
1780414202	XAUUSD	M5	4506.30						4504.40545	4504.36325	1
1780414502	XAUUSD	M5	4504.50				4508.54000		4504.55314	4504.45819	0
1780414802	XAUUSD	M5	4502.49						4504.61219	4504.53519	0
1780415102	XAUUSD	M5	4505.30						4504.48692	4504.51106	1
1780415402	XAUUSD	M5	4503.84						4503.97268	4504.24187	0
1780415702	XAUUSD	M5	4502.11						4503.00375	4503.62281	0
1780416002	XAUUSD	M5	4500.82						4501.59054	4502.60668	0
1780416302	XAUUSD	M5	4502.10						4499.80023	4501.20345	0
1780416602	XAUUSD	M5	4498.19						4497.69528	4499.44937	0
1780416902	XAUUSD	M5	4494.83						4495.51418	4497.48177	0
1780417202	XAUUSD	M5	4494.66						4493.47599	4495.47888	0
1780417502	XAUUSD	M5	4490.57						4491.71546	4493.59717	0
1780417802	XAUUSD	M5	4489.69						4490.41550	4492.00634	0
1780418102	XAUUSD	M5	4487.69						4489.61560	4490.81097	0
1780418402	XAUUSD	M5	4489.81						4489.31334	4490.06215	0
1780418702	XAUUSD	M5	4490.93						4489.35072	4489.70644	0
1780419002	XAUUSD	M5	4489.49						4489.56942	4489.63793	0
1780419302	XAUUSD	M5	4491.97						4489.85299	4489.74546	1
1780419602	XAUUSD	M5	4490.45						4489.99310	4489.86928	0
1780419902	XAUUSD	M5	4487.06						4489.91835	4489.89381	0
1780420202	XAUUSD	M5	4489.63						4489.64852	4489.77117	1
1780420502	XAUUSD	M5	4487.21						4489.10480	4489.43798	0
1780420802	XAUUSD	M5	4488.20						4488.38340	4488.91069	0
1780421102	XAUUSD	M5	4491.17						4487.53626	4488.22348	0
1780421402	XAUUSD	M5	4488.53						4486.59231	4487.40789	0
1780421702	XAUUSD	M5	4482.92						4485.73078	4486.56934	0
1780422002	XAUUSD	M5	4484.56						4485.17700	4485.87317	0
1780422302	XAUUSD	M5	4485.95						4484.94141	4485.40729	0
1780422602	XAUUSD	M5	4483.81						4484.97846	4485.19287	0
1780422902	XAUUSD	M5	4484.61						4485.28008	4485.23648	1
1780423202	XAUUSD	M5	4486.52						4485.72420	4485.48034	0
1780423502	XAUUSD	M5	4487.56						4486.14982	4485.81508	0
1780423802	XAUUSD	M5	4485.19						4486.43942	4486.12725	0
1780424102	XAUUSD	M5	4484.93						4486.59744	4486.36234	0
1780424402	XAUUSD	M5	4487.61						4486.61624	4486.48929	0
1780424702	XAUUSD	M5	4488.45						4486.46910	4486.47919	1
1780425002	XAUUSD	M5	4488.20						4486.21220	4486.34569	0
1780425302	XAUUSD	M5	4485.41						4485.94890	4486.14730	0
1780425602	XAUUSD	M5	4480.54					4478.74000	4485.83640	4485.99185	0
1780425902	XAUUSD	M5	4486.63						4486.05264	4486.02225	1
1780426202	XAUUSD	M5	4487.59						4486.44579	4486.23402	0
1780426502	XAUUSD	M5	4487.36						4486.92606	4486.58004	0
1780426802	XAUUSD	M5	4488.74						4487.40399	4486.99201	0
1780427102	XAUUSD	M5	4488.51						4487.74727	4487.36964	0
1780427402	XAUUSD	M5	4487.26						4487.88294	4487.62629	0
1780427702	XAUUSD	M5	4486.72						4487.80298	4487.71463	0
1780428002	XAUUSD	M5	4486.28						4487.53746	4487.62605	1
1780428302	XAUUSD	M5	4489.56						4487.16607	4487.39606	0
1780428602	XAUUSD	M5	4486.46						4486.71144	4487.05375	0
1780428902	XAUUSD	M5	4484.45						4486.36549	4486.70962	0
1780429202	XAUUSD	M5	4487.34						4486.27864	4486.49413	0
1780429502	XAUUSD	M5	4487.00						4486.43183	4486.46298	0
1780429802	XAUUSD	M5	4486.28						4486.83556	4486.64927	1
1780430102	XAUUSD	M5	4488.00						4487.44751	4487.04839	0
1780430402	XAUUSD	M5	4487.44						4488.12574	4487.58706	0
1780430702	XAUUSD	M5	4488.07						4488.78135	4488.18421	0
1780431002	XAUUSD	M5	4489.87						4489.31641	4488.75031	0
1780431302	XAUUSD	M5	4490.42						4489.62347	4489.18689	0
1780431602	XAUUSD	M5	4489.45						4489.69441	4489.44065	0
1780431902	XAUUSD	M5	4489.82						4489.60736	4489.52400	0
1780432202	XAUUSD	M5	4489.64						4489.43392	4489.47896	1
1780432502	XAUUSD	M5	4489.63						4489.25349	4489.36623	0
1780432802	XAUUSD	M5	4488.99						4489.12852	4489.24737	0
1780433102	XAUUSD	M5	4488.79						4489.10138	4489.17438	0
1780433402	XAUUSD	M5	4487.64						4489.15893	4489.16665	0
1780433702	XAUUSD	M5	4487.91						4489.28138	4489.22401	1
1780437602	XAUUSD	M5	4490.22						4489.40923	4489.31662	0
1780437902	XAUUSD	M5	4492.07				4493.14000		4489.45847	4489.38755	0
1780438202	XAUUSD	M5	4489.57						4489.39559	4489.39157	0
1780438502	XAUUSD	M5	4489.23						4489.33535	4489.36346	1
1780438802	XAUUSD	M5	4488.85						4489.34562	4489.35454	0
1780439102	XAUUSD	M5	4490.42						4489.46325	4489.40890	1
1780439402	XAUUSD	M5	4488.46						4489.61302	4489.51096	0
1780439702	XAUUSD	M5	4488.78						4489.72656	4489.61876	0
1780440002	XAUUSD	M5	4489.09						4489.58699	4489.60287	1
1780440302	XAUUSD	M5	4488.83						4488.94414	4489.27351	0
1780440602	XAUUSD	M5	4486.93						4487.58657	4488.43004	0
1780440902	XAUUSD	M5	4484.91						4485.43932	4486.93468	0
1780441202	XAUUSD	M5	4484.96						4482.56624	4484.75046	0
1780441502	XAUUSD	M5	4482.26						4479.14615	4481.94831	0
1780441802	XAUUSD	M5	4477.26						4475.56812	4478.75821	0
1780442102	XAUUSD	M5	4470.28						4472.32158	4475.53990	0
1780442402	XAUUSD	M5	4467.86						4469.90475	4472.72232	0
1780442702	XAUUSD	M5	4467.65					4462.26000	4468.57812	4470.65022	0
1780443002	XAUUSD	M5	4466.43						4468.35093	4469.50058	0
1780443302	XAUUSD	M5	4465.83						4469.07598	4469.28828	0
1780443602	XAUUSD	M5	4474.94						4470.44961	4469.86895	1
1780443902	XAUUSD	M5	4472.00						4471.90914	4470.88904	0
1780444202	XAUUSD	M5	4473.92						4473.27394	4472.08149	0
1780444502	XAUUSD	M5	4474.44						4474.40159	4473.24154	0
1780444802	XAUUSD	M5	4478.76						4475.36259	4474.30206	0
1780445102	XAUUSD	M5	4476.64						4476.28287	4475.29247	0
1780445402	XAUUSD	M5	4476.00						4477.50449	4476.39848	0
1780445702	XAUUSD	M5	4477.55						4479.28728	4477.84288	0
1780446002	XAUUSD	M5	4478.96						4481.67655	4479.75972	0
1780446302	XAUUSD	M5	4483.14						4484.49316	4482.12644	0
1780446602	XAUUSD	M5	4485.33						4487.28443	4484.70543	0
1780446902	XAUUSD	M5	4491.83						4489.51335	4487.10939	0
1780447202	XAUUSD	M5	4495.76				4496.54000		4490.54963	4488.82951	0
1780447502	XAUUSD	M5	4491.04						4489.97403	4489.40177	0
1780447802	XAUUSD	M5	4489.01						4487.81588	4488.60883	1
1780448102	XAUUSD	M5	4486.03						4484.31074	4486.45978	0
1780448402	XAUUSD	M5	4473.70						4479.94606	4483.20292	0
1780448702	XAUUSD	M5	4474.37						4475.55980	4479.38136	0
1780449002	XAUUSD	M5	4471.28						4471.66734	4475.52435	0
1780449302	XAUUSD	M5	4469.53						4468.75443	4472.13939	0
1780449602	XAUUSD	M5	4466.38						4467.08671	4469.61305	0
1780449902	XAUUSD	M5	4467.11					4463.61000	4466.74726	4468.18016	0
1780450202	XAUUSD	M5	4471.32						4467.53399	4467.85707	0
1780450502	XAUUSD	M5	4466.53						4469.03317	4468.44512	1
1780450802	XAUUSD	M5	4470.54						4471.01131	4469.72821	0
1780451102	XAUUSD	M5	4475.77						4473.05687	4471.39254	0
1780451402	XAUUSD	M5	4474.04						4474.82184	4473.10719	0
1780451702	XAUUSD	M5	4475.83						4476.22553	4474.66636	0
1780452002	XAUUSD	M5	4473.86						4477.20555	4475.93596	0
1780452302	XAUUSD	M5	4478.73						4477.85983	4476.89789	0
1780452602	XAUUSD	M5	4480.58						4478.16359	4477.53074	0
1780452902	XAUUSD	M5	4476.27						4478.17280	4477.85177	0
1780453202	XAUUSD	M5	4478.27						4478.12323	4477.98750	0
1780453502	XAUUSD	M5	4478.77						4478.09172	4478.03961	0
1780453802	XAUUSD	M5	4478.98						4478.17994	4478.10977	0
1780454102	XAUUSD	M5	4481.06						4478.47224	4478.29101	0
1780454402	XAUUSD	M5	4479.05						4478.99257	4478.64179	0
1780454702	XAUUSD	M5	4475.65						4479.81659	4479.22919	0
1780455002	XAUUSD	M5	4479.64						4480.99334	4480.11127	0
1780455302	XAUUSD	M5	4481.91						4482.32860	4481.21994	0
1780455602	XAUUSD	M5	4485.94						4483.61217	4482.41605	0
1780455902	XAUUSD	M5	4485.33						4484.59363	4483.50484	0
1780456202	XAUUSD	M5	4485.40						4485.16797	4484.33641	0
1780456502	XAUUSD	M5	4485.29						4485.30512	4484.82076	0
1780456802	XAUUSD	M5	4485.47						4485.07129	4484.94603	0
1780457102	XAUUSD	M5	4483.44						4484.60946	4484.77774	1
1780457402	XAUUSD	M5	4484.07						4484.16216	4484.46995	0
1780457702	XAUUSD	M5	4484.83						4483.88727	4484.17861	0
1780458002	XAUUSD	M5	4484.38						4483.87614	4484.02738	0
1780458302	XAUUSD	M5	4482.99						4484.15551	4484.09145	1
1780458602	XAUUSD	M5	4483.82						4484.66210	4484.37677	0
1780458902	XAUUSD	M5	4484.43						4485.19590	4484.78634	0
1780459202	XAUUSD	M5	4485.94						4485.48856	4485.13745	0
1780459502	XAUUSD	M5	4486.23						4485.25845	4485.19795	0
1780459802	XAUUSD	M5	4486.78						4484.32822	4484.76308	1
1780460102	XAUUSD	M5	4481.39				4488.00000		4482.63458	4483.69883	0
1780460402	XAUUSD	M5	4480.70						4480.39407	4482.04645	0
1780460702	XAUUSD	M5	4477.11						4477.83481	4479.94063	0
1780461002	XAUUSD	M5	4474.76						4475.30935	4477.62499	0
1780461302	XAUUSD	M5	4471.57						4473.14434	4475.38466	0
1780461602	XAUUSD	M5	4473.47						4471.60378	4473.49422	0
1780461902	XAUUSD	M5	4471.43						4470.71639	4472.10531	0
1780462202	XAUUSD	M5	4470.19						4470.48235	4471.29383	0
1780462502	XAUUSD	M5	4469.56						4470.73884	4471.01633	0
1780462802	XAUUSD	M5	4470.84						4471.22537	4471.12085	1
1780463102	XAUUSD	M5	4470.62						4471.59137	4471.35611	0
1780463402	XAUUSD	M5	4473.50						4471.57393	4471.46502	0
1780463702	XAUUSD	M5	4472.34						4470.94717	4471.20609	1
1780464002	XAUUSD	M5	4468.64						4469.73362	4470.46986	0
1780464302	XAUUSD	M5	4468.49						4468.15270	4469.31128	0
1780464602	XAUUSD	M5	4465.02						4466.44638	4467.87883	0
1780464902	XAUUSD	M5	4466.91						4464.94948	4466.41415	0
1780465202	XAUUSD	M5	4462.01						4463.83586	4465.12500	0
1780465502	XAUUSD	M5	4466.04						4463.33087	4464.22794	0
1780465802	XAUUSD	M5	4463.32						4463.31078	4463.76936	0
1780466102	XAUUSD	M5	4456.99						4463.68527	4463.72732	0
1780466402	XAUUSD	M5	4466.98						4464.35031	4464.03881	1
1780466702	XAUUSD	M5	4465.20						4464.78763	4464.41322	0
1780467002	XAUUSD	M5	4466.13						4464.82040	4464.61681	0
1780467302	XAUUSD	M5	4468.28						4464.33518	4464.47599	1
1780467602	XAUUSD	M5	4460.26						4463.34833	4463.91216	0
1780467902	XAUUSD	M5	4462.53						4462.25347	4463.08281	0
1780468202	XAUUSD	M5	4459.48						4461.24917	4462.16599	0
1780468502	XAUUSD	M5	4462.94						4460.63414	4461.40007	0
1780468802	XAUUSD	M5	4460.57						4460.47862	4460.93934	0
1780469102	XAUUSD	M5	4459.13						4460.89364	4460.91649	0
1780469402	XAUUSD	M5	4458.39						4461.83799	4461.37724	1
1780469702	XAUUSD	M5	4463.05						4463.12661	4462.25193	0
1780470002	XAUUSD	M5	4465.23						4464.37991	4463.31592	0
1780470302	XAUUSD	M5	4468.98						4465.26028	4464.28810	0
1780470602	XAUUSD	M5	4469.58				4472.13000		4465.46382	4464.87596	0
1780470902	XAUUSD	M5	4463.59						4464.89345	4464.88470	0
1780471202	XAUUSD	M5	4463.45						4463.75667	4464.32069	1
1780471502	XAUUSD	M5	4456.18						4462.22995	4463.27532	0
1780471802	XAUUSD	M5	4461.50						4460.69830	4461.98681	0
1780472102	XAUUSD	M5	4458.39						4459.22066	4460.60373	0
1780472402	XAUUSD	M5	4458.77						4457.99448	4459.29911	0
1780472702	XAUUSD	M5	4458.91						4457.07334	4458.18622	0
1780473002	XAUUSD	M5	4459.71						4456.45412	4457.32017	0
1780473302	XAUUSD	M5	4453.30						4456.06914	4456.69465	0
1780473602	XAUUSD	M5	4457.67						4455.96735	4456.33100	0
1780473902	XAUUSD	M5	4455.19						4455.92461	4456.12781	0
1780474202	XAUUSD	M5	4455.31						4455.87691	4456.00236	0
1780474502	XAUUSD	M5	4454.03						4455.73407	4455.86821	0
1780474802	XAUUSD	M5	4451.51						4455.45698	4455.66260	0
1780475102	XAUUSD	M5	4457.27						4455.08104	4455.37182	0
1780475402	XAUUSD	M5	4456.67						4454.49239	4454.93211	0
1780475702	XAUUSD	M5	4455.65						4453.74387	4454.33799	0
1780476002	XAUUSD	M5	4456.48						4452.94607	4453.64203	0
1780476302	XAUUSD	M5	4454.30						4452.15691	4452.89947	0
1780476602	XAUUSD	M5	4444.86						4451.46788	4452.18367	0
1780476902	XAUUSD	M5	4444.00						4451.08221	4451.63294	0
1780477202	XAUUSD	M5	4451.17						4450.89304	4451.26299	0
1780477502	XAUUSD	M5	4456.92						4450.54573	4450.90436	0
1780477802	XAUUSD	M5	4451.34						4449.73471	4450.31953	0
1780478102	XAUUSD	M5	4450.16						4448.52593	4449.42273	0
1780478402	XAUUSD	M5	4447.84						4447.00099	4448.21186	0
1780478702	XAUUSD	M5	4439.55						4445.39575	4446.80381	0
1780479002	XAUUSD	M5	4441.97						4444.16894	4445.48637	0
1780479302	XAUUSD	M5	4446.94					4439.04000	4443.54298	4444.51468	0
1780479602	XAUUSD	M5	4446.76						4443.64274	4444.07871	0
1780479902	XAUUSD	M5	4447.02						4444.62182	4444.35026	1
1780480202	XAUUSD	M5	4443.47						4446.50009	4445.42518	0
1780480502	XAUUSD	M5	4443.12						4449.21178	4447.31848	0
1780480802	XAUUSD	M5	4447.95						4452.47184	4449.89516	0
1780481102	XAUUSD	M5	4461.69						4455.75065	4452.82291	0
1780481402	XAUUSD	M5	4463.00						4458.32455	4455.57373	0
1780481702	XAUUSD	M5	4462.56						4459.88476	4457.72924	0
1780482002	XAUUSD	M5	4456.93						4460.38681	4459.05803	0
1780482302	XAUUSD	M5	4459.82						4460.12530	4459.59166	0
1780482602	XAUUSD	M5	4460.12						4459.35211	4459.47189	1
1780482902	XAUUSD	M5	4458.99						4458.43582	4458.95385	0
1780483202	XAUUSD	M5	4454.19						4457.76809	4458.36097	0
1780483502	XAUUSD	M5	4455.90						4457.71025	4458.03561	0
1780483802	XAUUSD	M5	4459.23						4458.30146	4458.16854	1
1780484102	XAUUSD	M5	4459.01						4459.37141	4458.76997	0
1780484402	XAUUSD	M5	4464.48						4460.69854	4459.73426	0
1780484702	XAUUSD	M5	4463.29				4468.06000		4461.90007	4460.81716	0
1780485002	XAUUSD	M5	4462.07						4462.80875	4461.81296	0
1780485302	XAUUSD	M5	4460.99						4463.38471	4462.59883	0
1780485602	XAUUSD	M5	4462.74						4463.65517	4463.12700	0
1780485902	XAUUSD	M5	4464.58						4463.66775	4463.39737	0
1780486202	XAUUSD	M5	4465.99						4463.50362	4463.45050	0
1780486502	XAUUSD	M5	4463.39						4463.23994	4463.34522	1
1780486802	XAUUSD	M5	4460.28						4462.99522	4463.17022	0
1780487102	XAUUSD	M5	4462.18						4462.82929	4462.99976	0
1780487402	XAUUSD	M5	4462.52						4462.59828	4462.79902	0
1780487702	XAUUSD	M5	4462.40						4462.13319	4462.46610	0
1780488002	XAUUSD	M5	4463.76						4461.28940	4461.87775	0
1780488302	XAUUSD	M5	4458.35						4459.95707	4460.91741	0
1780488602	XAUUSD	M5	4458.90						4458.30217	4459.60979	0
1780488902	XAUUSD	M5	4456.25						4456.49669	4458.05324	0
1780489202	XAUUSD	M5	4457.98						4454.88419	4456.46871	0
1780489502	XAUUSD	M5	4452.80						4453.75201	4455.11036	0
1780489802	XAUUSD	M5	4451.50						4453.51012	4454.31024	0
1780490102	XAUUSD	M5	4449.46						4454.32581	4454.31802	1
1780490402	XAUUSD	M5	4459.18						4456.15589	4455.23696	0
1780490702	XAUUSD	M5	4461.29						4458.46819	4456.85257	0
1780491002	XAUUSD	M5	4460.61				4467.19000		4460.75319	4458.80288	0
1780491302	XAUUSD	M5	4460.45						4462.51362	4460.65825	0
1780491602	XAUUSD	M5	4463.32						4463.26461	4461.96143	0
1780491902	XAUUSD	M5	4462.82						4462.60724	4462.28434	0
1780492202	XAUUSD	M5	4462.34						4460.45775	4461.37104	1
1780492502	XAUUSD	M5	4457.41						4456.99896	4459.18500	0
1780492802	XAUUSD	M5	4450.23						4452.74738	4455.96619	0
1780493102	XAUUSD	M5	4448.59						4448.41804	4452.19211	0
1780493402	XAUUSD	M5	4448.37						4444.60939	4448.40075	0
1780493702	XAUUSD	M5	4448.69						4441.77637	4445.08856	0
1780494002	XAUUSD	M5	4427.39						4440.18866	4442.63861	0
1780494302	XAUUSD	M5	4437.22					4426.50000	4440.37948	4441.50905	0
1780494602	XAUUSD	M5	4444.55						4441.86729	4441.68817	1
1780494902	XAUUSD	M5	4445.91						4444.03919	4442.86368	0
1780495202	XAUUSD	M5	4445.97						4446.37364	4444.61866	0
1780495502	XAUUSD	M5	4450.40						4448.46149	4446.54007	0
1780495802	XAUUSD	M5	4454.49						4449.97221	4448.25614	0
1780496102	XAUUSD	M5	4448.98						4450.78542	4449.52078	0
1780496402	XAUUSD	M5	4449.68						4451.19001	4450.35539	0
1780496702	XAUUSD	M5	4451.99						4451.41817	4450.88678	0
1780497002	XAUUSD	M5	4449.22						4451.64990	4451.26834	0
1780497302	XAUUSD	M5	4451.69						4452.09480	4451.68157	0
1780497602	XAUUSD	M5	4448.28						4452.70154	4452.19155	0
1780497902	XAUUSD	M5	4454.11						4453.41153	4452.80154	0
1780498202	XAUUSD	M5	4458.90				4459.61000		4453.83964	4453.32059	0
1780498502	XAUUSD	M5	4457.14						4453.61262	4453.46661	0
1780498802	XAUUSD	M5	4452.95						4452.61457	4453.04059	1
1780499102	XAUUSD	M5	4449.35						4450.92246	4451.98153	0
1780499402	XAUUSD	M5	4445.94						4448.74613	4450.36383	0
1780499702	XAUUSD	M5	4445.71						4446.38640	4448.37511	0
1780500002	XAUUSD	M5	4443.10						4444.13074	4446.25293	0
1780500302	XAUUSD	M5	4444.75						4442.30112	4444.27703	0
1780500602	XAUUSD	M5	4441.05						4441.02553	4442.65128	0
1780500902	XAUUSD	M5	4439.08						4440.42675	4441.53901	0
1780501202	XAUUSD	M5	4440.10						4440.44853	4440.99377	0
1780501502	XAUUSD	M5	4441.77						4440.83963	4440.91670	0
1780501802	XAUUSD	M5	4441.23						4441.27964	4441.09817	1
1780502102	XAUUSD	M5	4442.27						4441.52285	4441.31051	0
1780502402	XAUUSD	M5	4442.79						4441.36351	4441.33701	0
1780502702	XAUUSD	M5	4439.44						4440.73543	4441.03622	1
1780503002	XAUUSD	M5	4439.23						4439.79543	4440.41582	0
1780503302	XAUUSD	M5	4438.66						4438.74708	4439.58145	0
1780503602	XAUUSD	M5	4436.23						4437.80746	4438.69446	0
1780503902	XAUUSD	M5	4437.65					4433.81000	4437.22446	4437.95946	0
1780504202	XAUUSD	M5	4440.19						4437.09804	4437.52875	0
1780504502	XAUUSD	M5	4436.25						4437.41140	4437.47007	0
1780504802	XAUUSD	M5	4438.99						4438.22032	4437.84520	1
1780505102	XAUUSD	M5	4437.94						4439.33984	4438.59252	0
1780505402	XAUUSD	M5	4438.05						4440.63407	4439.61329	0
1780505702	XAUUSD	M5	4441.90						4441.91580	4440.76455	0
1780506002	XAUUSD	M5	4444.63						4442.91347	4441.83901	0
1780506302	XAUUSD	M5	4447.06				4448.42000		4443.43765	4442.63833	0
1780506602	XAUUSD	M5	4441.87						4443.38302	4443.01067	0
1780506902	XAUUSD	M5	4442.48						4442.92090	4442.96579	1
1780507202	XAUUSD	M5	4442.06						4442.13499	4442.55039	0
1780507502	XAUUSD	M5	4439.03						4441.17154	4441.86097	0
1780507802	XAUUSD	M5	4440.01						4440.25288	4441.05692	0
1780508102	XAUUSD	M5	4440.21						4439.47905	4440.26799	0
1780508402	XAUUSD	M5	4440.54						4438.91453	4439.59126	0
1780508702	XAUUSD	M5	4438.23						4438.56419	4439.07772	0
1780509002	XAUUSD	M5	4437.96						4438.44151	4438.75962	0
1780509302	XAUUSD	M5	4439.00						4438.46957	4438.61460	0
1780509602	XAUUSD	M5	4439.46						4438.52528	4438.56994	0
1780509902	XAUUSD	M5	4437.43						4438.52926	4438.54960	0
1780510202	XAUUSD	M5	4436.88					4435.50000	4438.48916	4438.51938	0
1780510502	XAUUSD	M5	4438.04						4438.41832	4438.46885	0
1780510802	XAUUSD	M5	4438.93						4438.33549	4438.40217	0
1780511102	XAUUSD	M5	4440.19						4438.30387	4438.35302	0
1780511402	XAUUSD	M5	4438.78						4438.40721	4438.38011	1
1780511702	XAUUSD	M5	4438.54						4438.80276	4438.59144	0
1780512002	XAUUSD	M5	4440.00						4439.59044	4439.09094	0
1780512302	XAUUSD	M5	4439.95						4440.77647	4439.93370	0
1780512602	XAUUSD	M5	4440.30						4442.33503	4441.13437	0
1780512902	XAUUSD	M5	4442.05						4444.15287	4442.64362	0
1780513202	XAUUSD	M5	4449.17						4446.02351	4444.33356	0
1780513502	XAUUSD	M5	4447.81						4447.60000	4445.96678	0
1780513802	XAUUSD	M5	4449.77						4448.79383	4447.38030	0
1780514102	XAUUSD	M5	4451.51						4449.48582	4448.43306	0
1780514402	XAUUSD	M5	4448.05				4452.26000		4449.63487	4449.03396	0
1780514702	XAUUSD	M5	4448.03						4449.38366	4449.20881	0
1780515002	XAUUSD	M5	4448.45						4448.80977	4449.00929	1
1780515302	XAUUSD	M5	4447.87						4447.99970	4448.50450	0
1780515602	XAUUSD	M5	4446.89						4447.04380	4447.77415	0
1780515902	XAUUSD	M5	4446.85						4446.02365	4446.89890	0
1780516202	XAUUSD	M5	4445.57						4444.95182	4445.92536	0
1780516502	XAUUSD	M5	4444.09						4443.83897	4444.88217	0
1780516802	XAUUSD	M5	4442.16						4442.68724	4443.78470	0
1780517102	XAUUSD	M5	4441.34						4441.50187	4442.64328	0
1780517402	XAUUSD	M5	4439.96						4440.27546	4441.45937	0
1780517702	XAUUSD	M5	4437.65						4439.03031	4440.24484	0
1780518002	XAUUSD	M5	4439.59						4437.83189	4439.03837	0
1780518302	XAUUSD	M5	4439.10						4436.66332	4437.85084	0
1780518602	XAUUSD	M5	4433.84						4435.57223	4436.71154	0
1780518902	XAUUSD	M5	4434.01						4434.70107	4435.70631	0
1780519202	XAUUSD	M5	4433.47						4434.04025	4434.87328	0
1780519502	XAUUSD	M5	4431.63						4433.55619	4434.21473	0
1780519802	XAUUSD	M5	4434.06						4433.21233	4433.71353	0
1780520102	XAUUSD	M5	4434.46						4432.88101	4433.29727	0
1780524002	XAUUSD	M5	4432.38						4432.51068	4432.90397	0
1780524302	XAUUSD	M5	4434.97						4432.17273	4432.53835	0
1780524602	XAUUSD	M5	4431.94						4431.89501	4432.21668	0
1780524902	XAUUSD	M5	4427.63					4424.01000	4431.87747	4432.04707	0
1780525202	XAUUSD	M5	4430.30						4432.35883	4432.20295	1
1780525502	XAUUSD	M5	4434.53						4433.36881	4432.78588	0
1780525802	XAUUSD	M5	4439.90						4434.83514	4433.81051	0
1780526102	XAUUSD	M5	4436.28						4436.57861	4435.19456	0
1780526402	XAUUSD	M5	4436.91						4438.59525	4436.89491	0
1780526702	XAUUSD	M5	4438.78						4440.74058	4438.81774	0
1780527002	XAUUSD	M5	4439.65						4442.83262	4440.82518	0
1780527302	XAUUSD	M5	4448.95						4444.73325	4442.77921	0
1780527602	XAUUSD	M5	4446.51						4446.16819	4444.47370	0
1780527902	XAUUSD	M5	4448.32						4447.22791	4445.85081	0
1780528202	XAUUSD	M5	4447.70						4447.98655	4446.91868	0
1780528502	XAUUSD	M5	4447.93						4448.64884	4447.78376	0
1780528802	XAUUSD	M5	4449.36						4449.39198	4448.58787	0
1780529102	XAUUSD	M5	4450.74						4450.34740	4449.46764	0
1780529402	XAUUSD	M5	4451.21						4451.56985	4450.51874	0
1780529702	XAUUSD	M5	4450.41						4453.05691	4451.78783	0
1780530002	XAUUSD	M5	4453.67						4454.74010	4453.26396	0
1780530302	XAUUSD	M5	4459.31						4456.36152	4454.81274	0
1780530602	XAUUSD	M5	4459.56						4457.57995	4456.19635	0
1780530902	XAUUSD	M5	4457.39						4458.19967	4457.19801	0
1780531202	XAUUSD	M5	4460.15						4458.14830	4457.67316	0
1780531502	XAUUSD	M5	4456.17						4457.32921	4457.50118	1
1780531802	XAUUSD	M5	4453.18						4455.90015	4456.70066	0
1780532102	XAUUSD	M5	4455.41						4454.07237	4455.38652	0
1780532402	XAUUSD	M5	4449.84						4451.99639	4453.69145	0
1780532702	XAUUSD	M5	4450.57						4450.05503	4451.87324	0
1780533002	XAUUSD	M5	4451.02						4448.50049	4450.18686	0
1780533302	XAUUSD	M5	4446.62						4447.57470	4448.88078	0
1780533602	XAUUSD	M5	4448.30						4447.56216	4448.22147	0
1780533902	XAUUSD	M5	4449.95						4448.51438	4448.36793	1
1780534202	XAUUSD	M5	4451.11						4450.36686	4449.36739	0
1780534502	XAUUSD	M5	4448.54						4452.94284	4451.15512	0
1780534802	XAUUSD	M5	4453.77					4443.41000	4456.05584	4453.60548	0
1780535102	XAUUSD	M5	4459.50						4459.28045	4456.44297	0
1780535402	XAUUSD	M5	4464.55						4462.19864	4459.32081	0
1780535702	XAUUSD	M5	4464.58						4464.47573	4461.89827	0
1780536002	XAUUSD	M5	4469.74				4473.57000		4466.00254	4463.95040	0
1780536302	XAUUSD	M5	4465.94						4466.66207	4465.30624	0
1780536602	XAUUSD	M5	4465.89						4466.65076	4465.97850	0
1780536902	XAUUSD	M5	4468.49						4466.15312	4466.06581	0
1780537202	XAUUSD	M5	4459.32						4465.29625	4465.68103	1
1780537502	XAUUSD	M5	4466.20						4464.44955	4465.06529	0
1780537802	XAUUSD	M5	4461.44						4463.54276	4464.30403	0
1780538102	XAUUSD	M5	4465.68						4462.71936	4463.51169	0
1780538402	XAUUSD	M5	4462.32						4461.87766	4462.69468	0
1780538702	XAUUSD	M5	4458.29						4461.10009	4461.89738	0
1780539002	XAUUSD	M5	4463.11						4460.52343	4461.21041	0
1780539302	XAUUSD	M5	4461.81						4460.10996	4460.66018	0
1780539602	XAUUSD	M5	4460.24						4460.01609	4460.33814	0
1780539902	XAUUSD	M5	4460.53						4460.42469	4460.38141	1
1780540202	XAUUSD	M5	4460.98						4461.44559	4460.91350	0
1780540502	XAUUSD	M5	4458.00						4463.10470	4462.00910	0
1780540802	XAUUSD	M5	4462.49						4465.40246	4463.70578	0
1780541102	XAUUSD	M5	4470.31						4468.02562	4465.86570	0
1780541402	XAUUSD	M5	4474.40						4470.49420	4468.17995	0
1780541702	XAUUSD	M5	4475.18						4472.42142	4470.30069	0
1780542002	XAUUSD	M5	4472.77						4473.54965	4471.92517	0
1780542302	XAUUSD	M5	4474.15						4473.80547	4472.86532	0
1780542602	XAUUSD	M5	4472.05						4473.15858	4473.01195	0
1780542902	XAUUSD	M5	4469.72						4471.76491	4472.38843	1
1780543202	XAUUSD	M5	4467.78						4469.88325	4471.13584	0
1780543502	XAUUSD	M5	4469.23						4467.79496	4469.46540	0
1780543802	XAUUSD	M5	4467.70						4465.70820	4467.58680	0
1780544102	XAUUSD	M5	4465.23						4463.86480	4465.72580	0
1780544402	XAUUSD	M5	4461.06						4462.49417	4464.10998	0
1780544702	XAUUSD	M5	4459.79						4461.82433	4462.96716	0
1780545002	XAUUSD	M5	4463.45						4461.96327	4462.46521	0
1780545302	XAUUSD	M5	4463.88						4462.82927	4462.64724	1
1780545602	XAUUSD	M5	4464.03						4464.37182	4463.50953	0
1780545902	XAUUSD	M5	4463.94						4466.50061	4465.00507	0
1780546202	XAUUSD	M5	4471.08						4469.09206	4467.04856	0
1780546502	XAUUSD	M5	4471.71						4471.83256	4469.44056	0
1780546802	XAUUSD	M5	4474.19						4474.52814	4471.98435	0
1780547102	XAUUSD	M5	4474.79						4476.95524	4474.46979	0
1780547402	XAUUSD	M5	4480.57						4478.94958	4476.70969	0
1780547702	XAUUSD	M5	4481.13						4480.27675	4478.49322	0
1780548002	XAUUSD	M5	4482.71				4484.08000		4480.90435	4479.69879	0
1780548302	XAUUSD	M5	4479.51						4480.83780	4480.26829	0
1780548602	XAUUSD	M5	4479.78						4480.25927	4480.26378	1
1780548902	XAUUSD	M5	4480.85						4479.31538	4479.78958	0
1780549202	XAUUSD	M5	4477.51						4478.13403	4478.96181	0
1780549502	XAUUSD	M5	4473.86						4476.92475	4477.94328	0
1780549802	XAUUSD	M5	4477.09						4475.85620	4476.89974	0
1780550102	XAUUSD	M5	4476.38						4474.86935	4475.88455	0
1780550402	XAUUSD	M5	4472.74						4473.95572	4474.92014	0
1780550702	XAUUSD	M5	4473.40						4473.17020	4474.04517	0
1780551002	XAUUSD	M5	4473.65						4472.47570	4473.26043	0
1780551302	XAUUSD	M5	4471.32						4471.86190	4472.56117	0
1780551602	XAUUSD	M5	4474.74						4471.40340	4471.98228	0
1780551902	XAUUSD	M5	4467.50						4471.06063	4471.52146	0
1780552202	XAUUSD	M5	4469.31						4471.02911	4471.27528	0
1780552502	XAUUSD	M5	4469.24						4471.25812	4471.26670	0
1780552802	XAUUSD	M5	4473.63						4471.67769	4471.47219	1
1780553102	XAUUSD	M5	4475.98						4472.08120	4471.77670	0
1780553402	XAUUSD	M5	4474.14						4472.31437	4472.04553	0
1780553702	XAUUSD	M5	4469.32						4472.34177	4472.19365	0
1780554002	XAUUSD	M5	4468.07						4472.23542	4472.21454	0
1780554302	XAUUSD	M5	4472.25						4471.99566	4472.10510	1
1780554602	XAUUSD	M5	4474.97						4471.52998	4471.81754	0
1780554902	XAUUSD	M5	4473.07						4470.81538	4471.31646	0
1780555202	XAUUSD	M5	4469.34						4469.97715	4470.64680	0
1780555502	XAUUSD	M5	4467.05						4469.19073	4469.91877	0
1780555802	XAUUSD	M5	4467.73						4468.56543	4469.24210	0
1780556102	XAUUSD	M5	4467.78						4468.08668	4468.66439	0
1780556402	XAUUSD	M5	4470.21						4467.70483	4468.18461	0
1780556702	XAUUSD	M5	4465.79						4467.27119	4467.72790	0
1780557002	XAUUSD	M5	4464.15						4466.80532	4467.26661	0
1780557302	XAUUSD	M5	4469.31						4466.27745	4466.77203	0
1780557602	XAUUSD	M5	4465.99						4465.53887	4466.15545	0
1780557902	XAUUSD	M5	4465.20						4464.69352	4465.42448	0
1780558202	XAUUSD	M5	4463.76						4463.84404	4464.63426	0
1780558502	XAUUSD	M5	4463.57						4463.12783	4463.88104	0
1780558802	XAUUSD	M5	4461.38						4462.63339	4463.25722	0
1780559102	XAUUSD	M5	4461.34						4462.43746	4462.84734	0
1780559402	XAUUSD	M5	4461.55						4462.51191	4462.67962	0
1780559702	XAUUSD	M5	4461.73						4462.76727	4462.72345	1
1780560002	XAUUSD	M5	4465.84						4463.07430	4462.89887	0
1780560302	XAUUSD	M5	4465.76						4463.21999	4463.05943	0
1780560602	XAUUSD	M5	4460.84						4463.14173	4463.10058	0
1780560902	XAUUSD	M5	4464.09						4462.95302	4463.02680	1
1780561202	XAUUSD	M5	4459.84						4462.64732	4462.83706	0
1780561502	XAUUSD	M5	4463.51					4458.51000	4462.42179	4462.62943	0
1780561802	XAUUSD	M5	4464.65						4462.28667	4462.45805	0
1780562102	XAUUSD	M5	4460.67						4462.29099	4462.37452	0
1780562402	XAUUSD	M5	4463.44						4462.55915	4462.46683	1
1780562702	XAUUSD	M5	4460.17						4463.01520	4462.74102	0
1780563002	XAUUSD	M5	4463.55						4463.66939	4463.20520	0
1780563302	XAUUSD	M5	4463.35						4464.34187	4463.77354	0
1780563602	XAUUSD	M5	4467.27						4464.92914	4464.35134	0
1780563902	XAUUSD	M5	4468.52						4465.30125	4464.82630	0
1780564202	XAUUSD	M5	4463.50						4465.46672	4465.14651	0
1780564502	XAUUSD	M5	4466.08						4465.65019	4465.39835	0
1780564802	XAUUSD	M5	4466.07						4465.91316	4465.65576	0
1780565102	XAUUSD	M5	4464.70						4466.36972	4466.01274	0
1780565402	XAUUSD	M5	4466.70						4467.10928	4466.56101	0
1780565702	XAUUSD	M5	4467.32						4468.08483	4467.32292	0
1780566002	XAUUSD	M5	4468.05						4469.18735	4468.25514	0
1780566302	XAUUSD	M5	4470.82						4470.24390	4469.24952	0
1780566602	XAUUSD	M5	4475.03						4471.00442	4470.12697	0
1780566902	XAUUSD	M5	4470.41						4471.23330	4470.68014	0
1780567202	XAUUSD	M5	4470.13						4471.00532	4470.84273	0
1780567502	XAUUSD	M5	4469.53						4470.40355	4470.62314	1
1780567802	XAUUSD	M5	4471.29						4469.60819	4470.11566	0
1780568102	XAUUSD	M5	4468.84						4468.79252	4469.45409	0
1780568402	XAUUSD	M5	4467.06						4468.22685	4468.84047	0
1780568702	XAUUSD	M5	4467.68						4468.10250	4468.47149	0
1780569002	XAUUSD	M5	4467.86						4468.45722	4468.46435	0
1780569302	XAUUSD	M5	4469.14						4469.21566	4468.84001	1
1780569602	XAUUSD	M5	4471.32						4470.20196	4469.52098	0
1780569902	XAUUSD	M5	4471.40						4471.20506	4470.36302	0
1780570202	XAUUSD	M5	4471.09						4472.09357	4471.22829	0
1780570502	XAUUSD	M5	4473.72						4472.86554	4472.04692	0
1780570802	XAUUSD	M5	4472.25						4473.56269	4472.80480	0
1780571102	XAUUSD	M5	4477.56						4474.44079	4473.62280	0
1780571402	XAUUSD	M5	4473.53						4475.66714	4474.64497	0
1780571702	XAUUSD	M5	4477.91						4477.61325	4476.12911	0
1780572002	XAUUSD	M5	4478.88						4480.37292	4478.25101	0
1780572302	XAUUSD	M5	4489.58						4483.95409	4481.10255	0
1780572602	XAUUSD	M5	4485.26						4487.94040	4484.52148	0
1780572902	XAUUSD	M5	4487.90						4492.11214	4488.31681	0
1780573202	XAUUSD	M5	4491.51						4496.00533	4492.16107	0
1780573502	XAUUSD	M5	4501.28						4499.14055	4495.65081	0
1780573802	XAUUSD	M5	4503.83						4500.99786	4498.32434	0
1780574102	XAUUSD	M5	4511.65				4514.80000		4501.45960	4499.89197	0
1780574402	XAUUSD	M5	4497.24						4500.55055	4500.22126	0
1780574702	XAUUSD	M5	4498.29						4499.05437	4499.63782	1
1780575002	XAUUSD	M5	4493.89						4497.49370	4498.56576	0
1780575302	XAUUSD	M5	4492.47						4496.47653	4497.52114	0
1780575602	XAUUSD	M5	4497.45						4496.36611	4496.94362	0
1780575902	XAUUSD	M5	4498.87						4497.12514	4497.03438	1
1780576202	XAUUSD	M5	4499.19						4498.57986	4497.80712	0
1780576502	XAUUSD	M5	4498.94						4500.41843	4499.11278	0
1780576802	XAUUSD	M5	4502.12						4502.29424	4500.70351	0
1780577102	XAUUSD	M5	4505.07						4503.82780	4502.26565	0
1780577402	XAUUSD	M5	4508.45						4504.79753	4503.53159	0
1780577702	XAUUSD	M5	4504.15						4505.16653	4504.34906	0
1780578002	XAUUSD	M5	4505.12						4505.23539	4504.79223	0
1780578302	XAUUSD	M5	4504.82						4505.25047	4505.02135	0
1780578602	XAUUSD	M5	4503.18						4505.45044	4505.23590	0
1780578902	XAUUSD	M5	4507.86						4505.99833	4505.61711	0
1780579202	XAUUSD	M5	4504.81						4506.73875	4506.17793	0
1780579502	XAUUSD	M5	4504.66						4507.54466	4506.86130	0
1780579802	XAUUSD	M5	4506.46						4508.12148	4507.49139	0
1780580102	XAUUSD	M5	4509.28						4508.11502	4507.80321	0
1780580402	XAUUSD	M5	4514.99						4507.20783	4507.50552	1
1780580702	XAUUSD	M5	4510.02				4515.45000		4505.19880	4506.35216	0
1780581002	XAUUSD	M5	4498.64						4502.31332	4504.33274	0
1780581302	XAUUSD	M5	4495.70						4499.06910	4501.70092	0
1780581602	XAUUSD	M5	4495.51						4495.79721	4498.74907	0
1780581902	XAUUSD	M5	4490.05						4492.70699	4495.72803	0
1780582202	XAUUSD	M5	4487.79						4489.98255	4492.85529	0
1780582502	XAUUSD	M5	4487.57						4487.57735	4490.21632	0
1780582802	XAUUSD	M5	4485.20						4485.27339	4487.74486	0
1780583102	XAUUSD	M5	4486.14						4482.88100	4485.31293	0
1780583402	XAUUSD	M5	4484.21						4480.18815	4482.75054	0
1780583702	XAUUSD	M5	4480.22						4477.21517	4479.98285	0
1780584002	XAUUSD	M5	4474.55						4474.16618	4477.07452	0
1780584302	XAUUSD	M5	4466.53						4471.40447	4474.23950	0
1780584602	XAUUSD	M5	4464.08					4457.31000	4469.36312	4471.80131	0
1780584902	XAUUSD	M5	4465.93						4468.25771	4470.02951	0
1780585202	XAUUSD	M5	4470.34						4468.06676	4469.04813	0
1780585502	XAUUSD	M5	4470.31						4468.56886	4468.80850	0
1780585802	XAUUSD	M5	4471.91						4469.55776	4469.18313	1
1780586102	XAUUSD	M5	4473.55						4470.74482	4469.96398	0
1780586402	XAUUSD	M5	4470.85						4471.86479	4470.91438	0
1780586702	XAUUSD	M5	4470.87						4472.84105	4471.87772	0
1780587002	XAUUSD	M5	4471.87						4473.64377	4472.76074	0
1780587302	XAUUSD	M5	4477.10						4474.30657	4473.53365	0
1780587602	XAUUSD	M5	4472.73						4474.82974	4474.18170	0
1780587902	XAUUSD	M5	4474.41						4475.46859	4474.82515	0
1780588202	XAUUSD	M5	4477.98						4476.30068	4475.56291	0
1780588502	XAUUSD	M5	4477.37						4477.30359	4476.43325	0
1780588802	XAUUSD	M5	4476.36						4478.48529	4477.45927	0
1780589102	XAUUSD	M5	4482.62						4479.79994	4478.62961	0
1780589402	XAUUSD	M5	4479.09						4480.98238	4479.80599	0
1780589702	XAUUSD	M5	4483.30						4481.99884	4480.90241	0
1780590002	XAUUSD	M5	4484.32						4482.67884	4481.79063	0
1780590302	XAUUSD	M5	4483.56				4485.05000		4482.98682	4482.38873	0
1780590602	XAUUSD	M5	4480.67						4482.97319	4482.68096	0
1780590902	XAUUSD	M5	4481.94						4482.76184	4482.72140	0
1780591202	XAUUSD	M5	4481.46						4482.39122	4482.55631	1
1780591502	XAUUSD	M5	4481.68						4481.91384	4482.23508	0
1780591802	XAUUSD	M5	4481.78						4481.33717	4481.78612	0
1780592102	XAUUSD	M5	4482.85						4480.65702	4481.22157	0
1780592402	XAUUSD	M5	4481.47						4479.84419	4480.53288	0
1780592702	XAUUSD	M5	4479.61						4478.95831	4479.74559	0
1780593002	XAUUSD	M5	4475.99						4478.09875	4478.92217	0
1780593302	XAUUSD	M5	4475.57						4477.42495	4478.17356	0
1780593602	XAUUSD	M5	4475.46						4477.01228	4477.59292	0
1780593902	XAUUSD	M5	4476.97						4476.89288	4477.24290	0
1780594202	XAUUSD	M5	4479.86						4477.01552	4477.12921	0
1780594502	XAUUSD	M5	4478.19						4477.26801	4477.19861	1
1780594802	XAUUSD	M5	4476.86						4477.63487	4477.41674	0
1780595102	XAUUSD	M5	4478.70						4478.07754	4477.74714	0
1780595402	XAUUSD	M5	4478.43						4478.46990	4478.10852	0
1780595702	XAUUSD	M5	4478.20						4478.74294	4478.42573	0
1780596002	XAUUSD	M5	4477.22						4478.83714	4478.63143	0
1780596302	XAUUSD	M5	4477.46						4478.73460	4478.68302	0
1780596602	XAUUSD	M5	4478.87						4478.41420	4478.54861	1
1780596902	XAUUSD	M5	4478.73						4477.88158	4478.21510	0
1780597202	XAUUSD	M5	4480.25						4477.21488	4477.71499	0
1780597502	XAUUSD	M5	4478.23						4476.48486	4477.09992	0
1780597802	XAUUSD	M5	4473.76						4475.87184	4476.48588	0
1780598102	XAUUSD	M5	4473.70					4472.81000	4475.59911	4476.04250	0
1780598402	XAUUSD	M5	4474.36						4475.71827	4475.88038	0
1780598702	XAUUSD	M5	4475.47						4476.20426	4476.04232	1
1780599002	XAUUSD	M5	4477.99						4476.94505	4476.49369	0
1780599302	XAUUSD	M5	4478.13						4477.76008	4477.12688	0
1780599602	XAUUSD	M5	4481.46				4483.38000		4478.52403	4477.82546	0
1780599902	XAUUSD	M5	4478.50						4479.06309	4478.44427	0
1780600202	XAUUSD	M5	4478.22						4479.39299	4478.91863	0
1780600502	XAUUSD	M5	4478.80						4479.52193	4479.22028	0
1780600802	XAUUSD	M5	4479.32						4479.47453	4479.34741	0
1780601102	XAUUSD	M5	4480.20						4479.30692	4479.32717	1
1780601402	XAUUSD	M5	4478.78						4479.07350	4479.20033	0
1780601702	XAUUSD	M5	4479.14						4478.88077	4479.04055	0
1780602002	XAUUSD	M5	4478.07						4478.77073	4478.90564	0
1780602302	XAUUSD	M5	4478.48						4478.79143	4478.84853	0
1780602602	XAUUSD	M5	4478.48						4478.91455	4478.88154	1
1780602902	XAUUSD	M5	4480.73						4479.08497	4478.98326	0
1780603202	XAUUSD	M5	4479.76						4479.17868	4479.08097	0
1780603502	XAUUSD	M5	4479.50						4479.14930	4479.11513	0
1780603802	XAUUSD	M5	4477.97						4478.95057	4479.03285	1
1780604102	XAUUSD	M5	4477.76						4478.58343	4478.80814	0
1780604402	XAUUSD	M5	4477.75						4478.03601	4478.42208	0
1780604702	XAUUSD	M5	4477.75						4477.32546	4477.87377	0
1780605002	XAUUSD	M5	4475.97						4476.50713	4477.19045	0
1780605302	XAUUSD	M5	4476.20						4475.70719	4476.44882	0
1780605602	XAUUSD	M5	4475.15						4475.02247	4475.73564	0
1780605902	XAUUSD	M5	4474.79						4474.58456	4475.16010	0
1780606202	XAUUSD	M5	4475.81						4474.48195	4474.82103	0
1780606502	XAUUSD	M5	4475.40						4474.71581	4474.76842	0
1780610402	XAUUSD	M5	4473.89						4475.26627	4475.01734	1
1780610702	XAUUSD	M5	4474.90						4476.08056	4475.54895	0
1780611002	XAUUSD	M5	4475.38						4476.98401	4476.26648	0
1780611302	XAUUSD	M5	4477.89						4477.78962	4477.02805	0
1780611602	XAUUSD	M5	4479.46						4478.26981	4477.64893	0
1780611902	XAUUSD	M5	4478.96						4478.25987	4477.95440	0
1780612202	XAUUSD	M5	4478.22				4481.62000		4477.73475	4477.84457	1
1780612502	XAUUSD	M5	4479.09						4476.74115	4477.29286	0
1780612802	XAUUSD	M5	4475.18						4475.37780	4476.33533	0
1780613102	XAUUSD	M5	4473.55						4473.90075	4475.11804	0
1780613402	XAUUSD	M5	4469.73						4472.50291	4473.81048	0
1780613702	XAUUSD	M5	4469.48						4471.39838	4472.60443	0
1780614002	XAUUSD	M5	4470.09						4470.62823	4471.61633	0
1780614302	XAUUSD	M5	4471.77						4470.14483	4470.88058	0
1780614602	XAUUSD	M5	4471.12						4469.81047	4470.34553	0
1780614902	XAUUSD	M5	4470.00						4469.51096	4469.92824	0
1780615202	XAUUSD	M5	4471.61						4469.13393	4469.53109	0
1780615502	XAUUSD	M5	4469.39						4468.52131	4469.02620	0
1780615802	XAUUSD	M5	4465.76						4467.65555	4468.34088	0
1780616102	XAUUSD	M5	4463.75						4466.59152	4467.46620	0
1780616402	XAUUSD	M5	4463.41						4465.37875	4466.42248	0
1780616702	XAUUSD	M5	4464.04						4464.03965	4465.23106	0
1780617002	XAUUSD	M5	4464.38						4462.59068	4463.91087	0
1780617302	XAUUSD	M5	4461.82						4461.06747	4462.48917	0
1780617602	XAUUSD	M5	4462.22						4459.60819	4461.04868	0
1780617902	XAUUSD	M5	4461.45						4458.31043	4459.67956	0
1780618202	XAUUSD	M5	4455.32						4457.30107	4458.49031	0
1780618502	XAUUSD	M5	4452.31						4456.82781	4457.65906	0
1780618802	XAUUSD	M5	4454.52						4457.01229	4457.33567	0
1780619102	XAUUSD	M5	4457.64						4457.78654	4457.56111	1
1780619402	XAUUSD	M5	4460.48						4458.99277	4458.27694	0
1780619702	XAUUSD	M5	4464.33						4460.42906	4459.35300	0
1780620002	XAUUSD	M5	4463.09						4461.83558	4460.59429	0
1780620302	XAUUSD	M5	4461.51						4463.07151	4461.83290	0
1780620602	XAUUSD	M5	4465.17						4464.01779	4462.92534	0
1780620902	XAUUSD	M5	4459.64						4464.44874	4463.68704	0
1780621202	XAUUSD	M5	4466.08						4464.39025	4464.03865	0
1780621502	XAUUSD	M5	4464.37				4469.91000		4463.62147	4463.83006	1
1780621802	XAUUSD	M5	4460.44						4462.17858	4463.00432	0
1780622102	XAUUSD	M5	4462.94						4460.22426	4461.61429	0
1780622402	XAUUSD	M5	4455.37						4457.82424	4459.71927	0
1780622702	XAUUSD	M5	4458.50						4455.32985	4457.52456	0
1780623002	XAUUSD	M5	4453.99						4452.84585	4455.18520	0
1780623302	XAUUSD	M5	4449.70						4450.65393	4452.91957	0
1780623602	XAUUSD	M5	4446.01						4448.99391	4450.95674	0
1780623902	XAUUSD	M5	4446.61						4448.01760	4449.48717	0
1780624202	XAUUSD	M5	4450.60						4447.68617	4448.58667	0
1780624502	XAUUSD	M5	4446.96						4447.79036	4448.18852	0
1780624802	XAUUSD	M5	4449.43						4448.25187	4448.22019	1
1780625102	XAUUSD	M5	4447.48						4448.81706	4448.51862	0
1780625402	XAUUSD	M5	4449.51						4449.33079	4448.92470	0
1780625702	XAUUSD	M5	4447.57						4449.57128	4449.24799	0
1780626002	XAUUSD	M5	4452.98						4449.46049	4449.35424	0
1780626302	XAUUSD	M5	4451.28						4448.81426	4449.08425	1
1780626602	XAUUSD	M5	4445.03						4447.70625	4448.39525	0
1780626902	XAUUSD	M5	4445.12						4446.37431	4447.38478	0
1780627202	XAUUSD	M5	4442.98						4444.93054	4446.15766	0
1780627502	XAUUSD	M5	4445.66						4443.53108	4444.84437	0
1780627802	XAUUSD	M5	4443.25						4442.18980	4443.51708	0
1780628102	XAUUSD	M5	4440.55						4441.00167	4442.25938	0
1780628402	XAUUSD	M5	4438.40						4440.03931	4441.14934	0
1780628702	XAUUSD	M5	4439.94						4439.34546	4440.24740	0
1780629002	XAUUSD	M5	4441.01						4438.86013	4439.55376	0
1780629302	XAUUSD	M5	4438.58						4438.55591	4439.05484	0
1780629602	XAUUSD	M5	4437.45					4435.20000	4438.49682	4438.77583	0
1780629902	XAUUSD	M5	4436.76						4438.71805	4438.74694	0
1780630202	XAUUSD	M5	4439.81						4439.23048	4438.98871	1
1780630502	XAUUSD	M5	4440.49						4439.89969	4439.44420	0
1780630802	XAUUSD	M5	4441.06						4440.61625	4440.03023	0
1780631102	XAUUSD	M5	4441.27						4441.26261	4440.64642	0
1780631402	XAUUSD	M5	4440.77						4441.71881	4441.18262	0
1780631702	XAUUSD	M5	4442.45						4441.91087	4441.54674	0
1780632002	XAUUSD	M5	4442.57						4441.76278	4441.65476	0
1780632302	XAUUSD	M5	4440.59						4441.30840	4441.48158	1
1780632602	XAUUSD	M5	4441.65						4440.70451	4441.09305	0
1780632902	XAUUSD	M5	4439.35						4440.08436	4440.58870	0
1780633202	XAUUSD	M5	4439.71						4439.66137	4440.12504	0
1780633502	XAUUSD	M5	4439.71						4439.56464	4439.84484	0
1780633802	XAUUSD	M5	4439.53						4439.87726	4439.86105	1
1780634102	XAUUSD	M5	4441.69						4440.60390	4440.23248	0
1780634402	XAUUSD	M5	4440.74						4441.62600	4440.92924	0
1780634702	XAUUSD	M5	4441.21						4442.84523	4441.88724	0
1780635002	XAUUSD	M5	4444.19						4444.10902	4442.99813	0
1780635302	XAUUSD	M5	4444.93						4445.20849	4444.10331	0
1780635602	XAUUSD	M5	4447.66				4450.02000		4446.04105	4445.07218	0
1780635902	XAUUSD	M5	4447.39						4446.52561	4445.79889	0
1780636202	XAUUSD	M5	4449.05						4446.70110	4446.25000	0
1780636502	XAUUSD	M5	4445.49						4446.58585	4446.41792	0
1780636802	XAUUSD	M5	4445.01						4446.31584	4446.36688	1
1780637102	XAUUSD	M5	4444.76						4445.93355	4446.15021	0
1780637402	XAUUSD	M5	4442.76						4445.43599	4445.79310	0
1780637702	XAUUSD	M5	4445.49						4444.83001	4445.31155	0
1780638002	XAUUSD	M5	4443.53						4444.00558	4444.65856	0
1780638302	XAUUSD	M5	4447.53						4442.99851	4443.82854	0
1780638602	XAUUSD	M5	4443.57						4441.76979	4442.79916	0
1780638902	XAUUSD	M5	4440.00						4440.54545	4441.67230	0
1780639202	XAUUSD	M5	4437.56						4439.58595	4440.62913	0
1780639502	XAUUSD	M5	4440.30						4439.12534	4439.87724	0
1780639802	XAUUSD	M5	4436.64						4439.22492	4439.55108	0
1780640102	XAUUSD	M5	4436.70					4428.84000	4440.01561	4439.78335	1
1780640402	XAUUSD	M5	4444.14						4441.44299	4440.61317	0
1780640702	XAUUSD	M5	4442.37						4443.20281	4441.90799	0
1780641002	XAUUSD	M5	4446.67						4445.18363	4443.54581	0
1780641302	XAUUSD	M5	4448.40						4447.15609	4445.35095	0
1780641602	XAUUSD	M5	4448.41						4449.01651	4447.18373	0
1780641902	XAUUSD	M5	4453.60						4450.77284	4448.97828	0
1780642202	XAUUSD	M5	4451.17						4452.39145	4450.68486	0
1780642502	XAUUSD	M5	4452.81						4454.06024	4452.37255	0
1780642802	XAUUSD	M5	4454.69						4455.85940	4454.11598	0
1780643102	XAUUSD	M5	4457.38						4457.79562	4455.95580	0
1780643402	XAUUSD	M5	4458.50						4459.76784	4457.86182	0
1780643702	XAUUSD	M5	4461.71						4461.63471	4459.74827	0
1780644002	XAUUSD	M5	4464.13						4463.16366	4461.45596	0
1780644302	XAUUSD	M5	4467.11						4464.14896	4462.80246	0
1780644602	XAUUSD	M5	4466.12						4464.44765	4463.62506	0
1780644902	XAUUSD	M5	4461.99						4464.12231	4463.87368	0
1780645202	XAUUSD	M5	4462.10						4463.41951	4463.64660	1
1780645502	XAUUSD	M5	4462.71						4462.55334	4463.09997	0
1780645802	XAUUSD	M5	4461.81						4461.74878	4462.42437	0
1780646102	XAUUSD	M5	4460.88						4461.22170	4461.82304	0
1780646402	XAUUSD	M5	4461.56						4461.10718	4461.46511	0
1780646702	XAUUSD	M5	4460.75						4461.39618	4461.43065	0
1780647002	XAUUSD	M5	4461.10						4462.00267	4461.71666	1
1780647302	XAUUSD	M5	4463.00						4462.74723	4462.23194	0
1780647602	XAUUSD	M5	4463.73						4463.38906	4462.81050	0
1780647902	XAUUSD	M5	4466.82						4463.77189	4463.29120	0
1780648202	XAUUSD	M5	4463.42						4463.76887	4463.53003	0
1780648502	XAUUSD	M5	4461.94						4463.51095	4463.52049	1
1780648802	XAUUSD	M5	4461.88						4463.14318	4463.33183	0
1780649102	XAUUSD	M5	4463.55						4462.82273	4463.07728	0
1780649402	XAUUSD	M5	4463.84						4462.63745	4462.85736	0
1780649702	XAUUSD	M5	4462.68						4462.65223	4462.75480	0
1780650002	XAUUSD	M5	4461.01						4462.91016	4462.83248	1
1780650302	XAUUSD	M5	4460.79						4463.40182	4463.11715	0
1780650602	XAUUSD	M5	4466.03						4464.03913	4463.57814	0
1780650902	XAUUSD	M5	4467.68				4469.44000		4464.58570	4464.08192	0
1780651202	XAUUSD	M5	4466.70						4464.91359	4464.49775	0
1780651502	XAUUSD	M5	4462.94						4465.02124	4464.75950	0
1780651802	XAUUSD	M5	4463.74						4465.03084	4464.89517	0
1780652102	XAUUSD	M5	4463.36						4464.98552	4464.94034	0
1780652402	XAUUSD	M5	4465.96						4464.94698	4464.94366	0
1780652702	XAUUSD	M5	4465.32						4464.89336	4464.91851	1
1780653002	XAUUSD	M5	4465.55						4464.85557	4464.88704	0
1780653302	XAUUSD	M5	4464.90						4464.83720	4464.86212	0
1780653602	XAUUSD	M5	4463.51						4464.84806	4464.85509	0
1780653902	XAUUSD	M5	4464.84						4464.92069	4464.88789	1
1780654202	XAUUSD	M5	4465.18						4465.01654	4464.95222	0
1780654502	XAUUSD	M5	4465.41						4465.10214	4465.02718	0
1780654802	XAUUSD	M5	4467.20						4465.16410	4465.09564	0
1780655102	XAUUSD	M5	4465.99						4465.18479	4465.14021	0
1780655402	XAUUSD	M5	4462.95						4465.20428	4465.17225	0
1780655702	XAUUSD	M5	4463.25						4465.27354	4465.22290	0
1780656002	XAUUSD	M5	4464.56						4465.35343	4465.28816	0
1780656302	XAUUSD	M5	4466.78						4465.37681	4465.33249	0
1780656602	XAUUSD	M5	4466.26						4465.26622	4465.29935	1
1780656902	XAUUSD	M5	4467.02						4465.04110	4465.17023	0
1780657202	XAUUSD	M5	4463.90						4464.70689	4464.93856	0
1780657502	XAUUSD	M5	4466.84						4464.37665	4464.65760	0
1780657802	XAUUSD	M5	4461.42						4464.03177	4464.34469	0
1780658102	XAUUSD	M5	4461.79						4463.83034	4464.08751	0
1780658402	XAUUSD	M5	4461.59						4463.77801	4463.93276	0
1780658702	XAUUSD	M5	4466.09						4463.88352	4463.90814	0
1780659002	XAUUSD	M5	4465.32						4464.08918	4463.99866	1
1780659302	XAUUSD	M5	4463.40						4464.46725	4464.23295	0
1780659602	XAUUSD	M5	4464.95						4465.14280	4464.68788	0
1780659902	XAUUSD	M5	4466.95						4466.15190	4465.41989	0
1780660202	XAUUSD	M5	4471.96						4467.45022	4466.43505	0
1780660502	XAUUSD	M5	4470.13						4468.84426	4467.63966	0
1780660802	XAUUSD	M5	4465.28						4470.16269	4468.90118	0
1780661102	XAUUSD	M5	4467.73						4471.17317	4470.03717	0
1780661402	XAUUSD	M5	4469.28						4471.34650	4470.69184	0
1780661702	XAUUSD	M5	4472.87						4470.13241	4470.41212	1
1780662002	XAUUSD	M5	4468.57				4475.64000		4467.02871	4468.72042	0
1780662302	XAUUSD	M5	4465.15						4461.94589	4465.33315	0
1780662602	XAUUSD	M5	4453.22						4455.07412	4460.20364	0
1780662902	XAUUSD	M5	4443.95						4447.10703	4453.65533	0
1780663202	XAUUSD	M5	4445.81						4438.86584	4446.26059	0
1780663502	XAUUSD	M5	4440.16						4430.95391	4438.60725	0
1780663802	XAUUSD	M5	4417.00						4424.04084	4431.32404	0
1780664102	XAUUSD	M5	4406.35						4418.96833	4425.14619	0
1780664402	XAUUSD	M5	4411.96						4415.90442	4420.52530	0
1780664702	XAUUSD	M5	4416.50						4414.24727	4417.38629	0
1780665002	XAUUSD	M5	4418.53						4413.15984	4415.27307	0
1780665302	XAUUSD	M5	4417.53						4411.80088	4413.53697	0
1780665602	XAUUSD	M5	4409.93						4409.53901	4411.53799	0
1780665902	XAUUSD	M5	4405.16						4406.17168	4408.85484	0
1780666202	XAUUSD	M5	4404.97						4401.73877	4405.29680	0
1780666502	XAUUSD	M5	4392.30						4396.42488	4400.86084	0
1780666802	XAUUSD	M5	4389.52						4390.85201	4395.85643	0
1780667102	XAUUSD	M5	4383.77						4385.41694	4390.63668	0
1780667402	XAUUSD	M5	4385.08						4380.46666	4385.55167	0
1780667702	XAUUSD	M5	4365.81						4376.00086	4380.77627	0
1780668002	XAUUSD	M5	4372.32						4372.32785	4376.55206	0
1780668302	XAUUSD	M5	4374.74						4369.03379	4372.79293	0
1780668602	XAUUSD	M5	4366.17						4365.80413	4369.29853	0
1780668902	XAUUSD	M5	4369.46						4362.71605	4366.00729	0
1780669202	XAUUSD	M5	4357.52						4359.72577	4362.86653	0
1780669502	XAUUSD	M5	4361.01						4357.30365	4360.08509	0
1780669802	XAUUSD	M5	4353.06						4355.62753	4357.85631	0
1780670102	XAUUSD	M5	4348.61						4355.11072	4356.48352	0
1780670402	XAUUSD	M5	4349.26						4355.89818	4356.19085	0
1780670702	XAUUSD	M5	4356.58						4357.74486	4356.96786	1
1780671002	XAUUSD	M5	4362.96						4360.00075	4358.48430	0
1780671302	XAUUSD	M5	4369.70						4361.90929	4360.19680	0
1780671602	XAUUSD	M5	4368.46						4362.73244	4361.46462	0
1780671902	XAUUSD	M5	4362.16						4362.12446	4361.79454	0
1780672202	XAUUSD	M5	4353.29						4360.12855	4360.96154	1
1780672502	XAUUSD	M5	4355.34						4357.10960	4359.03557	0
1780672802	XAUUSD	M5	4352.82						4353.37164	4356.20361	0
1780673102	XAUUSD	M5	4351.89						4349.42993	4352.81677	0
1780673402	XAUUSD	M5	4346.92						4345.71959	4349.26818	0
1780673702	XAUUSD	M5	4340.15						4342.61870	4345.94344	0
1780674002	XAUUSD	M5	4338.81						4340.33684	4343.14014	0
1780674302	XAUUSD	M5	4339.23						4338.74892	4340.94453	0
1780674602	XAUUSD	M5	4340.99						4337.53543	4339.23998	0
1780674902	XAUUSD	M5	4335.51						4336.32483	4337.78241	0
1780675202	XAUUSD	M5	4334.14						4334.99721	4336.38981	0
1780675502	XAUUSD	M5	4332.83						4333.47857	4334.93419	0
1780675802	XAUUSD	M5	4333.58						4331.88152	4333.40786	0
1780676102	XAUUSD	M5	4330.50						4330.39208	4331.89997	0
1780676402	XAUUSD	M5	4328.59						4329.34995	4330.62496	0
1780676702	XAUUSD	M5	4329.73						4329.03481	4329.82988	0
1780677002	XAUUSD	M5	4328.76					4323.64000	4329.56158	4329.69573	0
1780677302	XAUUSD	M5	4331.87						4330.90919	4330.30246	1
1780677602	XAUUSD	M5	4327.87						4332.81404	4331.55825	0
1780677902	XAUUSD	M5	4333.99						4335.10282	4333.33053	0
1780678202	XAUUSD	M5	4338.16						4337.31485	4335.32269	0
1780678502	XAUUSD	M5	4344.61						4339.12145	4337.22207	0
1780678802	XAUUSD	M5	4344.23						4340.25484	4338.73846	0
1780679102	XAUUSD	M5	4339.10						4340.79589	4339.76717	0
1780679402	XAUUSD	M5	4339.56						4341.05921	4340.41319	0
1780679702	XAUUSD	M5	4338.42						4341.25741	4340.83530	0
1780680002	XAUUSD	M5	4339.17						4341.57315	4341.20423	0
1780680302	XAUUSD	M5	4342.45						4342.03441	4341.61932	0
1780680602	XAUUSD	M5	4343.12						4342.47293	4342.04612	0
1780680902	XAUUSD	M5	4345.12						4342.69573	4342.37093	0
1780681202	XAUUSD	M5	4341.28				4347.32000		4342.43501	4342.40297	0
1780681502	XAUUSD	M5	4339.94						4341.58600	4341.99448	1
1780681802	XAUUSD	M5	4343.45						4340.05197	4341.02323	0
1780682102	XAUUSD	M5	4341.68						4337.74307	4339.38315	0
1780682402	XAUUSD	M5	4333.58						4334.83615	4337.10965	0
1780682702	XAUUSD	M5	4329.99						4331.77311	4334.44138	0
1780683002	XAUUSD	M5	4323.31						4328.91236	4331.67687	0
1780683302	XAUUSD	M5	4326.24						4326.61268	4329.14477	0
1780683602	XAUUSD	M5	4327.31						4324.87534	4327.01006	0
1780683902	XAUUSD	M5	4325.94						4323.62074	4325.31540	0
1780684202	XAUUSD	M5	4325.10						4322.74071	4324.02805	0
1780684502	XAUUSD	M5	4320.38						4322.07644	4323.05225	0
1780684802	XAUUSD	M5	4318.16						4321.56086	4322.30656	0
1780685102	XAUUSD	M5	4321.70						4321.09652	4321.70154	0
1780685402	XAUUSD	M5	4320.66						4320.55176	4321.12665	0
1780685702	XAUUSD	M5	4322.37						4319.99778	4320.56221	0
1780686002	XAUUSD	M5	4320.86						4319.50663	4320.03442	0
1780686302	XAUUSD	M5	4319.85						4319.23260	4319.63351	0
1780686602	XAUUSD	M5	4315.37						4319.27930	4319.45640	0
1780686902	XAUUSD	M5	4318.53						4319.75550	4319.60595	1
1780687202	XAUUSD	M5	4319.19						4320.46721	4320.03658	0
1780687502	XAUUSD	M5	4323.85						4321.18878	4320.61268	0
1780687802	XAUUSD	M5	4322.93						4321.57777	4321.09522	0
1780688102	XAUUSD	M5	4322.24						4321.46342	4321.27932	0
1780688402	XAUUSD	M5	4318.85						4320.78993	4321.03463	1
1780688702	XAUUSD	M5	4320.78						4319.68650	4320.36056	0
1780689002	XAUUSD	M5	4318.33						4318.28246	4319.32151	0
1780689302	XAUUSD	M5	4318.75						4316.89796	4318.10974	0
1780689602	XAUUSD	M5	4313.73						4315.80483	4316.95728	0
1780689902	XAUUSD	M5	4314.04						4315.37057	4316.16392	0
1780690202	XAUUSD	M5	4315.59						4315.72228	4315.94310	0
1780690502	XAUUSD	M5	4315.45						4316.82371	4316.38340	1
1780690802	XAUUSD	M5	4319.86						4318.53966	4317.46153	0
1780691102	XAUUSD	M5	4322.47						4320.52773	4318.99463	0
1780691402	XAUUSD	M5	4322.48						4322.46867	4320.73165	0
1780691702	XAUUSD	M5	4323.10						4324.14487	4322.43826	0
1780692002	XAUUSD	M5	4324.13						4325.39040	4323.91433	0
1780692302	XAUUSD	M5	4327.47						4326.12542	4325.01988	0
1780692602	XAUUSD	M5	4327.66						4326.28936	4325.65462	0
1780692902	XAUUSD	M5	4328.74						4325.98262	4325.81862	0
1780869602	XAUUSD	M5	4320.90				4336.07000		4325.34483	4325.58173	1
1780869902	XAUUSD	M5	4319.03					4310.29000	4324.73394	4325.15783	0
1780870202	XAUUSD	M5	4330.05						4324.31507	4324.73645	0
1780870502	XAUUSD	M5	4327.66						4323.87092	4324.30368	0
1780870802	XAUUSD	M5	4323.06						4323.45407	4323.87888	0
1780871102	XAUUSD	M5	4316.74						4323.15380	4323.51634	0
1780871402	XAUUSD	M5	4323.38						4323.08252	4323.29943	0
1780871702	XAUUSD	M5	4325.88						4323.05462	4323.17703	0
1780872002	XAUUSD	M5	4326.26						4323.01768	4323.09736	0
1780872302	XAUUSD	M5	4322.59						4323.03470	4323.06603	0
1780872602	XAUUSD	M5	4323.37						4323.29225	4323.17914	1
1780872902	XAUUSD	M5	4317.47						4323.86041	4323.51978	0
1780873202	XAUUSD	M5	4325.96						4324.94383	4324.23180	0
1780873502	XAUUSD	M5	4326.78						4326.34745	4325.28962	0
1780873802	XAUUSD	M5	4330.85						4328.01623	4326.65293	0
1780874102	XAUUSD	M5	4331.38						4329.79936	4328.22614	0
1780874402	XAUUSD	M5	4330.21						4331.64826	4329.93720	0
1780874702	XAUUSD	M5	4334.02						4333.57328	4331.75524	0
1780875002	XAUUSD	M5	4333.84						4335.47521	4333.61522	0
1780875302	XAUUSD	M5	4336.73						4337.37177	4335.49350	0
1780875602	XAUUSD	M5	4338.96						4339.20357	4337.34854	0
1780875902	XAUUSD	M5	4341.97						4340.92059	4339.13456	0
1780876202	XAUUSD	M5	4343.42						4342.45906	4340.79681	0
1780876502	XAUUSD	M5	4343.96						4343.78627	4342.29154	0
1780876802	XAUUSD	M5	4344.88						4344.91948	4343.60551	0
1780877102	XAUUSD	M5	4345.37						4345.89365	4344.74958	0
1780877402	XAUUSD	M5	4343.65						4346.75186	4345.75072	0
1780877702	XAUUSD	M5	4347.71						4347.57343	4346.66207	0
1780878002	XAUUSD	M5	4351.27						4348.26337	4347.46272	0
1780878302	XAUUSD	M5	4351.37				4353.21000		4348.70265	4348.08269	0
1780878602	XAUUSD	M5	4349.14						4348.79723	4348.43996	0
1780878902	XAUUSD	M5	4347.66						4348.46449	4348.45222	0
1780879202	XAUUSD	M5	4345.29						4347.55759	4348.00490	1
1780879502	XAUUSD	M5	4342.42						4345.92314	4346.96402	0
1780879802	XAUUSD	M5	4341.58						4343.46697	4345.21550	0
1780880102	XAUUSD	M5	4342.43						4340.14739	4342.68144	0
1780880402	XAUUSD	M5	4339.22						4336.03671	4339.35907	0
1780880702	XAUUSD	M5	4336.65						4331.44886	4335.40397	0
1780881002	XAUUSD	M5	4327.14						4326.82244	4331.11321	0
1780881302	XAUUSD	M5	4318.23						4322.81788	4326.96554	0
1780881602	XAUUSD	M5	4321.86						4320.01712	4323.49133	0
1780881902	XAUUSD	M5	4314.77						4318.51821	4321.00477	0
1780882202	XAUUSD	M5	4315.21					4299.83000	4318.44594	4319.72535	0
1780882502	XAUUSD	M5	4317.13						4319.48705	4319.60620	0
1780882802	XAUUSD	M5	4326.20						4321.10926	4320.35773	1
1780883102	XAUUSD	M5	4323.55						4322.54243	4321.45008	0
1780883402	XAUUSD	M5	4324.37						4323.37639	4322.41323	0
1780883702	XAUUSD	M5	4325.44						4323.29980	4322.85652	0
1780884002	XAUUSD	M5	4322.83						4322.21714	4322.53683	1
1780884302	XAUUSD	M5	4319.05						4320.36309	4321.44996	0
1780884602	XAUUSD	M5	4316.75						4318.15158	4319.80077	0
1780884902	XAUUSD	M5	4312.15						4316.01299	4317.90688	0
1780885202	XAUUSD	M5	4316.43						4314.36385	4316.13537	0
1780885502	XAUUSD	M5	4315.09						4313.27068	4314.70302	0
1780885802	XAUUSD	M5	4309.55						4312.76598	4313.73450	0
1780886102	XAUUSD	M5	4311.83						4312.82216	4313.27833	0
1780886402	XAUUSD	M5	4315.99						4313.11948	4313.19891	0
1780886702	XAUUSD	M5	4317.38						4313.26055	4313.22973	1
1780887002	XAUUSD	M5	4312.04						4312.95460	4313.09216	1
1780887302	XAUUSD	M5	4310.65						4312.20051	4312.64634	0
1780887602	XAUUSD	M5	4311.21						4311.04956	4311.84795	0
1780887902	XAUUSD	M5	4308.35						4309.65887	4310.75341	0
1780888202	XAUUSD	M5	4304.81						4308.30286	4309.52814	0
1780888502	XAUUSD	M5	4307.51					4303.52000	4307.29041	4308.40927	0
1780888802	XAUUSD	M5	4310.42						4306.73664	4307.57296	0
1780889102	XAUUSD	M5	4307.23						4306.68102	4307.12699	0
1780889402	XAUUSD	M5	4307.04						4307.24329	4307.18514	1
1780889702	XAUUSD	M5	4307.62						4308.40066	4307.79290	0
1780890002	XAUUSD	M5	4309.95						4310.06866	4308.93078	0
1780890302	XAUUSD	M5	4312.35						4312.07599	4310.50339	0
1780890602	XAUUSD	M5	4314.95						4314.20468	4312.35403	0
1780890902	XAUUSD	M5	4316.92						4316.17881	4314.26642	0
1780891202	XAUUSD	M5	4315.19						4317.75135	4316.00889	0
1780891502	XAUUSD	M5	4318.09						4318.77999	4317.39444	0
1780891802	XAUUSD	M5	4318.68						4319.05881	4318.22663	0
1780892102	XAUUSD	M5	4318.62				4321.74000		4318.52124	4318.37393	0
1780892402	XAUUSD	M5	4317.90						4317.26351	4317.81872	1
1780892702	XAUUSD	M5	4319.96						4315.52338	4316.67105	0
1780893002	XAUUSD	M5	4313.46						4313.56932	4315.12018	0
1780893302	XAUUSD	M5	4311.12						4311.91436	4313.51727	0
1780893602	XAUUSD	M5	4307.82						4310.90199	4312.20963	0
1780893902	XAUUSD	M5	4310.11						4310.72353	4311.46658	0
1780894202	XAUUSD	M5	4311.65						4311.21892	4311.34275	0
1780894502	XAUUSD	M5	4312.80						4312.01142	4311.67708	1
1780894802	XAUUSD	M5	4315.21						4312.61337	4312.14523	0
1780895102	XAUUSD	M5	4310.36						4312.46469	4312.30496	0
1780895402	XAUUSD	M5	4305.19						4311.26482	4311.78489	1
1780895702	XAUUSD	M5	4309.41						4308.92049	4310.35269	0
1780896002	XAUUSD	M5	4311.31						4305.37464	4307.86366	0
1780896302	XAUUSD	M5	4311.93						4300.92102	4304.39234	0
1780896602	XAUUSD	M5	4287.02						4296.12572	4300.25903	0
1780896902	XAUUSD	M5	4291.39					4268.66000	4292.27053	4296.26478	0
1780897202	XAUUSD	M5	4287.87						4289.85090	4293.05784	0
1780897502	XAUUSD	M5	4286.72						4289.31065	4291.18425	0
1780897802	XAUUSD	M5	4289.61						4290.69128	4290.93776	0
1780898102	XAUUSD	M5	4291.94						4293.59753	4292.26765	1
1780898402	XAUUSD	M5	4303.65						4297.37818	4294.82291	0
1780898702	XAUUSD	M5	4302.48						4301.02392	4297.92342	0
1780899002	XAUUSD	M5	4303.37						4303.89530	4300.90936	0
1780899302	XAUUSD	M5	4303.18						4305.49352	4303.20144	0
1780899602	XAUUSD	M5	4308.41						4305.64109	4304.42127	0
1780899902	XAUUSD	M5	4305.75						4304.35700	4304.38913	1
1780900202	XAUUSD	M5	4299.29						4302.12737	4303.25825	0
1780900502	XAUUSD	M5	4296.56						4299.69749	4301.47787	0
1780900802	XAUUSD	M5	4298.41						4297.73737	4299.60762	0
1780901102	XAUUSD	M5	4297.44						4296.67069	4298.13916	0
1780901402	XAUUSD	M5	4297.89						4296.77774	4297.45845	0
1780901702	XAUUSD	M5	4300.07						4298.05346	4297.75595	1
1780902002	XAUUSD	M5	4299.24						4300.21789	4298.98692	0
1780902302	XAUUSD	M5	4300.61						4302.90123	4300.94407	0
1780902602	XAUUSD	M5	4305.33						4305.56701	4303.25554	0
1780902902	XAUUSD	M5	4306.26						4307.65234	4305.45394	0
1780903202	XAUUSD	M5	4314.11						4308.79553	4307.12473	0
1780903502	XAUUSD	M5	4306.16				4316.96000		4308.67786	4307.90130	0
1780903802	XAUUSD	M5	4308.17						4307.54462	4307.72296	1
1780904102	XAUUSD	M5	4307.81						4305.54946	4306.63621	0
1780904402	XAUUSD	M5	4301.77						4302.97738	4304.80679	0
1780904702	XAUUSD	M5	4298.57						4300.25701	4302.53190	0
1780905002	XAUUSD	M5	4296.56						4297.68537	4300.10863	0
1780905302	XAUUSD	M5	4294.50						4295.43417	4297.77140	0
1780905602	XAUUSD	M5	4293.29						4293.59003	4295.68072	0
1780905902	XAUUSD	M5	4294.65						4292.18140	4293.93106	0
1780906202	XAUUSD	M5	4291.84						4291.12566	4292.52836	0
1780906502	XAUUSD	M5	4292.80						4290.43322	4291.48079	0
1780906802	XAUUSD	M5	4288.89						4290.03537	4290.75808	0
1780907102	XAUUSD	M5	4288.16						4289.96361	4290.36084	0
1780907402	XAUUSD	M5	4291.37						4290.13726	4290.24905	0
1780907702	XAUUSD	M5	4287.55						4290.34215	4290.29560	1
1780908002	XAUUSD	M5	4290.79						4290.51337	4290.40449	0
1780908302	XAUUSD	M5	4291.17						4290.41068	4290.40759	0
1780908602	XAUUSD	M5	4288.45						4289.91518	4290.16139	1
1780908902	XAUUSD	M5	4288.78						4289.07457	4289.61798	0
1780909202	XAUUSD	M5	4290.83						4287.97152	4288.79475	0
1780909502	XAUUSD	M5	4285.28						4286.73556	4287.76515	0
1780909802	XAUUSD	M5	4289.02						4285.73794	4286.75155	0
1780910102	XAUUSD	M5	4287.97						4285.11173	4285.93164	0
1780910402	XAUUSD	M5	4286.53						4285.04500	4285.48832	0
1780910702	XAUUSD	M5	4279.87						4285.63160	4285.55996	1
1780911002	XAUUSD	M5	4273.98					4273.02000	4286.95935	4286.25966	0
1780911302	XAUUSD	M5	4293.84						4288.97373	4287.61669	0
1780911602	XAUUSD	M5	4293.68						4290.91972	4289.26821	0
1780911902	XAUUSD	M5	4301.13						4292.54976	4290.90898	0
1780912202	XAUUSD	M5	4293.67						4293.53634	4292.22266	0
1780912502	XAUUSD	M5	4294.31						4294.04310	4293.13288	0
1780912802	XAUUSD	M5	4290.57						4294.18669	4293.65979	0
1780913102	XAUUSD	M5	4294.92						4294.24522	4293.95250	0
1780913402	XAUUSD	M5	4294.59						4294.30314	4294.12782	0
1780913702	XAUUSD	M5	4290.16						4294.51581	4294.32182	0
1780914002	XAUUSD	M5	4291.39						4295.07359	4294.69771	0
1780914302	XAUUSD	M5	4293.83						4295.94804	4295.32287	0
1780914602	XAUUSD	M5	4304.01						4297.02569	4296.17428	0
1780914902	XAUUSD	M5	4299.93						4298.03325	4297.10376	0
1780915202	XAUUSD	M5	4304.93						4299.11309	4298.10843	0
1780915502	XAUUSD	M5	4300.61						4300.28816	4299.19829	0
1780915802	XAUUSD	M5	4298.55						4301.86754	4300.53292	0
1780916102	XAUUSD	M5	4302.06						4304.10926	4302.32109	0
1780916402	XAUUSD	M5	4300.05						4307.06905	4304.69507	0
1780916702	XAUUSD	M5	4306.20						4310.79747	4307.74627	0
1780917002	XAUUSD	M5	4318.58						4315.00121	4311.37374	0
1780917302	XAUUSD	M5	4326.93						4319.13045	4315.25209	0
1780917602	XAUUSD	M5	4324.92						4322.70051	4318.97630	0
1780917902	XAUUSD	M5	4325.31						4325.52130	4322.24880	0
1780918202	XAUUSD	M5	4330.01						4327.45178	4324.85029	0
1780918502	XAUUSD	M5	4325.51						4328.37140	4326.61084	0
1780918802	XAUUSD	M5	4324.05						4328.52240	4327.56662	0
1780919102	XAUUSD	M5	4323.95						4328.16506	4327.86584	0
1780919402	XAUUSD	M5	4326.76						4327.58038	4327.72311	1
1780919702	XAUUSD	M5	4331.28						4326.99034	4327.35672	0
1780920002	XAUUSD	M5	4330.85						4326.54322	4326.94997	0
1780920302	XAUUSD	M5	4330.66						4326.43609	4326.69303	0
1780920602	XAUUSD	M5	4322.88						4326.74384	4326.71843	1
1780920902	XAUUSD	M5	4325.20						4327.62976	4327.17410	0
1780921202	XAUUSD	M5	4329.15						4328.89589	4328.03499	0
1780921502	XAUUSD	M5	4330.13						4330.21603	4329.12551	0
1780921802	XAUUSD	M5	4328.27						4331.30242	4330.21396	0
1780922102	XAUUSD	M5	4330.10						4331.98375	4331.09886	0
1780922402	XAUUSD	M5	4335.74						4332.07505	4331.58695	0
1780922702	XAUUSD	M5	4332.68						4331.44201	4331.51448	1
1780923002	XAUUSD	M5	4330.01						4330.30355	4330.90901	0
1780923302	XAUUSD	M5	4333.10						4328.99229	4329.95065	0
1780923602	XAUUSD	M5	4328.74						4327.77726	4328.86396	0
1780923902	XAUUSD	M5	4324.46						4327.07911	4327.97153	0
1780924202	XAUUSD	M5	4323.84						4327.23342	4327.60248	0
1780924502	XAUUSD	M5	4325.41						4328.30307	4327.95277	1
1780924802	XAUUSD	M5	4331.79						4330.11038	4329.03157	0
1780925102	XAUUSD	M5	4331.33						4332.16759	4330.59958	0
1780925402	XAUUSD	M5	4333.45						4334.05021	4332.32490	0
1780925702	XAUUSD	M5	4341.20				4346.65000		4335.27408	4333.79949	0
1780926002	XAUUSD	M5	4336.42						4335.31460	4334.55704	0
1780926302	XAUUSD	M5	4332.54						4334.12938	4334.34321	1
1780926602	XAUUSD	M5	4334.15						4331.88405	4333.11363	0
1780926902	XAUUSD	M5	4326.79						4328.82769	4330.97066	0
1780927202	XAUUSD	M5	4322.59						4325.54272	4328.25669	0
1780927502	XAUUSD	M5	4320.64						4322.55063	4325.40366	0
1780927802	XAUUSD	M5	4319.56						4320.25440	4322.82903	0
1780928102	XAUUSD	M5	4321.81						4318.87920	4320.85411	0
1780928402	XAUUSD	M5	4318.69						4318.40423	4319.62917	0
1780928702	XAUUSD	M5	4320.06						4318.79860	4319.21389	0
1780929002	XAUUSD	M5	4322.14						4319.81197	4319.51293	1
1780929302	XAUUSD	M5	4319.87					4315.15000	4321.15489	4320.33391	0
1780929602	XAUUSD	M5	4322.57						4322.66382	4321.49886	0
1780929902	XAUUSD	M5	4317.76						4324.12820	4322.81353	0
1780930202	XAUUSD	M5	4326.33						4325.57914	4324.19633	0
1780930502	XAUUSD	M5	4331.06						4326.79980	4325.49807	0
1780930802	XAUUSD	M5	4329.00						4327.73323	4326.61565	0
1780931102	XAUUSD	M5	4328.58						4328.55524	4327.58545	0
1780931402	XAUUSD	M5	4325.45						4329.41522	4328.50033	0
1780931702	XAUUSD	M5	4331.78						4330.49792	4329.49912	0
1780932002	XAUUSD	M5	4335.38						4331.71797	4330.60855	0
1780932302	XAUUSD	M5	4330.68						4333.01483	4331.81169	0
1780932602	XAUUSD	M5	4332.26						4334.48041	4333.14605	0
1780932902	XAUUSD	M5	4336.68						4336.03079	4334.58842	0
1780933202	XAUUSD	M5	4339.41						4337.50314	4336.04578	0
1780933502	XAUUSD	M5	4335.43						4338.77840	4337.41209	0
1780933802	XAUUSD	M5	4342.82						4339.91081	4338.66145	0
1780934102	XAUUSD	M5	4341.94						4340.70365	4339.68255	0
1780934402	XAUUSD	M5	4341.30						4341.20725	4340.44490	0
1780934702	XAUUSD	M5	4339.79						4341.49769	4340.97129	0
1780935002	XAUUSD	M5	4340.96						4341.67827	4341.32478	0
1780935302	XAUUSD	M5	4342.79						4341.79251	4341.55865	0
1780935602	XAUUSD	M5	4341.13						4341.85173	4341.70519	0
1780935902	XAUUSD	M5	4340.95						4341.91592	4341.81055	0
1780936202	XAUUSD	M5	4342.62						4341.98996	4341.90026	0
1780936502	XAUUSD	M5	4341.23				4346.42000		4342.00217	4341.95121	0
1780936802	XAUUSD	M5	4343.94						4341.94399	4341.94760	1
1780937102	XAUUSD	M5	4345.20						4341.70553	4341.82657	0
1780937402	XAUUSD	M5	4338.13						4341.22099	4341.52378	0
1780937702	XAUUSD	M5	4340.75						4340.65186	4341.08782	0
1780938002	XAUUSD	M5	4337.90						4339.93130	4340.50956	0
1780938302	XAUUSD	M5	4338.51						4339.13440	4339.82198	0
1780938602	XAUUSD	M5	4338.82						4338.27448	4339.04823	0
1780938902	XAUUSD	M5	4338.32						4337.38692	4338.21757	0
1780939202	XAUUSD	M5	4335.62						4336.55830	4337.38794	0
1780939502	XAUUSD	M5	4339.15						4335.93419	4336.66107	0
1780939802	XAUUSD	M5	4335.57						4335.53065	4336.09586	0
1780940102	XAUUSD	M5	4335.02					4332.03000	4335.52984	4335.81285	0
1780940402	XAUUSD	M5	4334.10						4336.01021	4335.91153	1
1780940702	XAUUSD	M5	4337.05						4336.99316	4336.45234	0
1780941002	XAUUSD	M5	4336.76						4338.31837	4337.38535	0
1780941302	XAUUSD	M5	4339.26						4339.83291	4338.60913	0
1780941602	XAUUSD	M5	4343.87						4341.28695	4339.94804	0
1780941902	XAUUSD	M5	4343.53						4342.37118	4341.15961	0
1780942202	XAUUSD	M5	4341.33						4342.94181	4342.05071	0
1780942502	XAUUSD	M5	4342.33						4342.98215	4342.51643	0
1780942802	XAUUSD	M5	4343.89						4342.48648	4342.50145	1
1780943102	XAUUSD	M5	4342.66				4345.87000		4341.49441	4341.99793	0
1780943402	XAUUSD	M5	4340.71						4340.17684	4341.08738	0
1780943702	XAUUSD	M5	4337.20						4338.74004	4339.91371	0
1780944002	XAUUSD	M5	4336.74						4337.38915	4338.65143	0
1780944302	XAUUSD	M5	4334.57						4336.18533	4337.41838	0
1780944602	XAUUSD	M5	4334.32						4335.14979	4336.28409	0
1780944902	XAUUSD	M5	4334.61						4334.19602	4335.24005	0
1780945202	XAUUSD	M5	4337.00						4333.20187	4334.22096	0
1780945502	XAUUSD	M5	4332.50						4332.01713	4333.11905	0
1780945802	XAUUSD	M5	4329.87						4330.72266	4331.92085	0
1780946102	XAUUSD	M5	4328.82						4329.41663	4330.66874	0
1780946402	XAUUSD	M5	4326.76						4328.21334	4329.44104	0
1780946702	XAUUSD	M5	4327.76						4327.27444	4328.35774	0
1780947002	XAUUSD	M5	4327.32						4326.65481	4327.50627	0
1780947302	XAUUSD	M5	4325.92						4326.39753	4326.95190	0
1780947602	XAUUSD	M5	4325.18						4326.49752	4326.72471	0
1780947902	XAUUSD	M5	4327.19						4326.86707	4326.79589	1
1780948202	XAUUSD	M5	4328.39						4327.31618	4327.05603	0
1780948502	XAUUSD	M5	4326.76						4327.68101	4327.36852	0
1780948802	XAUUSD	M5	4329.64						4327.90032	4327.63442	0
1780949102	XAUUSD	M5	4327.83						4327.87359	4327.75401	0
1780949402	XAUUSD	M5	4328.24						4327.67070	4327.71235	1
1780949702	XAUUSD	M5	4325.89						4327.37060	4327.54148	0
1780950002	XAUUSD	M5	4326.99						4327.13905	4327.34026	0
1780950302	XAUUSD	M5	4326.52						4327.03445	4327.18736	0
1780950602	XAUUSD	M5	4327.86						4327.10737	4327.14736	0
1780950902	XAUUSD	M5	4327.63						4327.30796	4327.22766	1
1780951202	XAUUSD	M5	4326.28						4327.57719	4327.40242	0
1780951502	XAUUSD	M5	4327.40						4327.84846	4327.62544	0
1780951802	XAUUSD	M5	4329.21						4327.99308	4327.80926	0
1780952102	XAUUSD	M5	4329.82						4327.88941	4327.84933	0
1780956002	XAUUSD	M5	4326.71				4332.69000		4327.50167	4327.67550	1
1780956302	XAUUSD	M5	4326.95						4326.94213	4327.30882	0
1780956602	XAUUSD	M5	4325.29						4326.29655	4326.80268	0
1780956902	XAUUSD	M5	4324.60						4325.71857	4326.26063	0
1780957202	XAUUSD	M5	4326.06						4325.33825	4325.79944	0
1780957502	XAUUSD	M5	4325.13						4325.20390	4325.50167	0
1780957802	XAUUSD	M5	4325.58						4325.37008	4325.43587	0
1780958102	XAUUSD	M5	4325.84						4325.80795	4325.62191	1
1780958402	XAUUSD	M5	4327.42						4326.44790	4326.03491	0
1780958702	XAUUSD	M5	4326.94						4327.14970	4326.59231	0
1780959002	XAUUSD	M5	4328.08						4327.79211	4327.19221	0
1780959302	XAUUSD	M5	4327.79						4328.20372	4327.69796	0
1780959602	XAUUSD	M5	4327.61						4328.25284	4327.97540	0
1780959902	XAUUSD	M5	4326.60						4327.85097	4327.91319	1
1780960202	XAUUSD	M5	4327.63						4326.98875	4327.45097	0
1780960502	XAUUSD	M5	4327.40						4325.66595	4326.55846	0
1780960802	XAUUSD	M5	4325.15						4323.97433	4325.26639	0
1780961102	XAUUSD	M5	4320.46						4322.10588	4323.68614	0
1780961402	XAUUSD	M5	4317.98						4320.34445	4322.01530	0
1780961702	XAUUSD	M5	4321.80						4318.90656	4320.46093	0
1780962002	XAUUSD	M5	4319.60						4317.81907	4319.14000	0
1780962302	XAUUSD	M5	4313.69						4317.19062	4318.16531	0
1780962602	XAUUSD	M5	4317.07					4312.92000	4317.15404	4317.65968	0
1780962902	XAUUSD	M5	4317.91						4317.53600	4317.59784	0
1780963202	XAUUSD	M5	4317.39						4318.16671	4317.88227	1
1780963502	XAUUSD	M5	4318.58						4318.88001	4318.38114	0
1780963802	XAUUSD	M5	4322.74						4319.47687	4318.92901	0
1780964102	XAUUSD	M5	4320.18						4319.72662	4319.32781	0
1780964402	XAUUSD	M5	4318.80						4319.63449	4319.48115	0
1780964702	XAUUSD	M5	4316.82						4319.25466	4319.36791	1
1780965002	XAUUSD	M5	4318.92						4318.72733	4319.04762	0
1780965302	XAUUSD	M5	4319.03						4318.14841	4318.59802	0
1780965602	XAUUSD	M5	4318.44						4317.67555	4318.13678	0
1780965902	XAUUSD	M5	4317.00						4317.50344	4317.82011	0
1780966202	XAUUSD	M5	4315.79						4317.82755	4317.82383	1
1780966502	XAUUSD	M5	4319.86						4318.79463	4318.30923	0
1780966802	XAUUSD	M5	4321.26						4320.35186	4319.33054	0
1780967102	XAUUSD	M5	4325.19						4322.44274	4320.88664	0
1780967402	XAUUSD	M5	4324.10						4324.88097	4322.88381	0
1780967702	XAUUSD	M5	4324.04						4327.54560	4325.21470	0
1780968002	XAUUSD	M5	4327.56						4330.25508	4327.73489	0
1780968302	XAUUSD	M5	4335.33						4332.72379	4330.22934	0
1780968602	XAUUSD	M5	4337.31						4334.59679	4332.41307	0
1780968902	XAUUSD	M5	4335.61						4335.72853	4334.07080	0
1780969202	XAUUSD	M5	4335.74						4336.15872	4335.11476	0
1780969502	XAUUSD	M5	4334.08						4335.98317	4335.54897	0
1780969802	XAUUSD	M5	4336.70	4371.44523	4405.83743	4341.89162			4335.40743	4335.47820	1
1780970102	XAUUSD	M5	4336.53	4370.85382	4405.24602	4341.30021			4334.57415	4335.02617	0
1780970402	XAUUSD	M5	4332.86	4370.26241	4404.65460	4340.70879			4333.71044	4334.36831	0
1780970702	XAUUSD	M5	4331.07	4369.67099	4404.06319	4340.11738			4333.10396	4333.73613	0
1780971002	XAUUSD	M5	4332.91	4369.07958	4403.47177	4339.52597			4332.91385	4333.32499	0
1780971302	XAUUSD	M5	4332.68	4368.48817	4402.88036	4338.93455			4333.14209	4333.23354	0
1780971602	XAUUSD	M5	4334.61	4367.89675	4402.28895	4338.34314			4333.75826	4333.49590	1
1780971902	XAUUSD	M5	4335.60	4367.30534	4401.69753	4337.75173			4334.60952	4334.05271	0
1780972202	XAUUSD	M5	4335.53	4366.71393	4401.10612	4337.16031			4335.52942	4334.79107	0
1780972502	XAUUSD	M5	4335.22	4366.12251	4400.51471	4336.56890			4336.38210	4335.58658	0
1780972802	XAUUSD	M5	4338.43	4365.53110	4399.92329	4335.97748			4337.07228	4336.32943	0
1780973102	XAUUSD	M5	4337.70	4364.93969	4399.33188	4335.38607			4337.45704	4336.89323	0
1780973402	XAUUSD	M5	4338.75	4364.34827	4398.74047	4334.79466			4337.54569	4337.21946	0
1780973702	XAUUSD	M5	4336.03	4363.75686	4398.14905	4334.20324			4337.35968	4337.28957	0
1780974002	XAUUSD	M5	4331.95	4363.16544	4397.55764	4333.61183			4337.04790	4337.16874	1
1780974302	XAUUSD	M5	4338.41	4362.57403	4396.96622	4333.02042			4336.78210	4336.97542	0
1780974602	XAUUSD	M5	4338.71	4361.98262	4396.37481	4332.42900			4336.48990	4336.73266	0
1780974902	XAUUSD	M5	4339.72	4361.39120	4395.78340	4331.83759	4342.35000		4336.23694	4336.48480	0
1780975202	XAUUSD	M5	4334.90	4360.79979	4395.19198	4331.24618			4336.07398	4336.27939	0
1780975502	XAUUSD	M5	4336.80	4360.20838	4394.60057	4330.65476			4336.16511	4336.22225	0
1780975802	XAUUSD	M5	4333.67	4359.61696	4394.00916	4330.06335			4336.45738	4336.33981	1
1780976102	XAUUSD	M5	4335.36	4359.02555	4393.41774	4329.47194			4336.95251	4336.64616	0
1780976402	XAUUSD	M5	4337.55	4358.43414	4392.82633	4328.88052			4337.47547	4337.06081	0
1780976702	XAUUSD	M5	4338.62	4357.84272	4392.23492	4328.28911			4337.81274	4337.43678	0
1780977002	XAUUSD	M5	4339.51	4357.25131	4391.64350	4327.69769			4337.77805	4337.60741	0
1780977302	XAUUSD	M5	4336.61	4356.65989	4391.05209	4327.10628			4337.23700	4337.42221	1
1780977602	XAUUSD	M5	4335.52	4356.06848	4390.46068	4326.51487			4336.23165	4336.82693	0
1780977902	XAUUSD	M5	4337.36	4355.47707	4389.86926	4325.92345			4334.85244	4335.83968	0
1780978202	XAUUSD	M5	4332.25	4354.88565	4389.27785	4325.33204			4333.18905	4334.51437	0
1780978502	XAUUSD	M5	4329.97	4354.29424	4388.68643	4324.74063			4331.54732	4333.03084	0
1780978802	XAUUSD	M5	4331.23	4353.70283	4388.09502	4324.14921			4330.16121	4331.59603	0
1780979102	XAUUSD	M5	4330.49	4353.11141	4387.50361	4323.55780			4329.13549	4330.36576	0
1780979402	XAUUSD	M5	4325.42	4352.52000	4386.91219	4322.96639		4324.38000	4328.55466	4329.46021	0
1780979702	XAUUSD	M5	4329.96	4351.92859	4386.32078	4322.37497			4328.52149	4328.99085	0
1780980002	XAUUSD	M5	4328.15	4351.33717	4385.72937	4321.78356			4328.83176	4328.91131	0
1780980302	XAUUSD	M5	4329.25	4350.74576	4385.13795	4321.19214			4329.39720	4329.15425	1
1780980602	XAUUSD	M5	4327.53	4350.15435	4384.54654	4320.60073			4330.06418	4329.60921	0
1780980902	XAUUSD	M5	4332.31	4349.56293	4383.95513	4320.00932			4330.79149	4330.20035	0
1780981202	XAUUSD	M5	4336.16	4348.97152	4383.36371	4319.41790			4331.45916	4330.82976	0
1780981502	XAUUSD	M5	4332.51	4348.38010	4382.77230	4318.82649			4332.06745	4331.44860	0
1780981802	XAUUSD	M5	4331.40	4347.78869	4382.18088	4318.23508			4332.85902	4332.15381	0
1780982102	XAUUSD	M5	4333.51	4347.19728	4381.58947	4317.64366			4334.01474	4333.08428	0
1780982402	XAUUSD	M5	4333.41	4346.60586	4380.99806	4317.05225			4335.59487	4334.33957	0
1780982702	XAUUSD	M5	4332.58	4346.01445	4380.40664	4316.46084			4337.60655	4335.97306	0
1780983002	XAUUSD	M5	4342.78	4345.42304	4379.81523	4315.86942			4339.96868	4337.97087	0
1780983302	XAUUSD	M5	4343.14	4344.83162	4379.22382	4315.27801			4342.24580	4340.10834	0
1780983602	XAUUSD	M5	4348.25	4344.24021	4378.63240	4314.68660	4351.53000		4344.18477	4342.14655	0
1780983902	XAUUSD	M5	4346.59	4343.64880	4378.04099	4314.09518			4345.46353	4343.80504	0
1780984202	XAUUSD	M5	4345.52	4343.05738	4377.44958	4313.50377			4346.02107	4344.91305	0
1780984502	XAUUSD	M5	4343.48	4342.46597	4376.85816	4312.91235			4345.90409	4345.40857	0
1780984802	XAUUSD	M5	4344.55	4341.87455	4376.26675	4312.32094			4345.26471	4345.33664	1
1780985102	XAUUSD	M5	4344.10	4341.28314	4375.67534	4311.72953			4344.24808	4344.79236	0
1780985402	XAUUSD	M5	4341.43	4340.69173	4375.08392	4311.13811			4343.03237	4343.91236	0
1780985702	XAUUSD	M5	4343.03	4340.10031	4374.49251	4310.54670			4341.81781	4342.86509	0
1780986002	XAUUSD	M5	4344.78	4339.50890	4373.90109	4309.95529			4340.64989	4341.75749	0
1780986302	XAUUSD	M5	4338.72	4338.91749	4373.30968	4309.36387			4339.49466	4340.62608	0
1780986602	XAUUSD	M5	4333.88	4338.32607	4372.71827	4308.77246			4338.46182	4339.54395	0
1780986902	XAUUSD	M5	4337.90	4337.73466	4372.12685	4308.18105			4337.58112	4338.56253	0
1780987202	XAUUSD	M5	4336.73	4337.14325	4371.53544	4307.58963			4336.65175	4337.60714	0
1780987502	XAUUSD	M5	4339.42	4336.55183	4370.94403	4306.99822			4335.63146	4336.61930	0
1780987802	XAUUSD	M5	4335.32	4335.96042	4370.35261	4306.40680			4334.42943	4335.52436	0
1780988102	XAUUSD	M5	4330.65	4335.36901	4369.76120	4305.81539			4333.16710	4334.34573	0
1780988402	XAUUSD	M5	4331.73	4334.77759	4369.16979	4305.22398			4332.02444	4333.18509	0
1780988702	XAUUSD	M5	4332.51	4334.18618	4368.57837	4304.63256			4331.03244	4332.10876	0
1780989002	XAUUSD	M5	4327.41	4333.59476	4367.98696	4304.04115			4330.17745	4331.14311	0
1780989302	XAUUSD	M5	4328.84	4333.00335	4367.39554	4303.44974			4329.55276	4330.34793	0
1780989602	XAUUSD	M5	4330.11	4332.41194	4366.80413	4302.85832			4329.04396	4329.69595	0
1780989902	XAUUSD	M5	4331.06	4331.82052	4366.21272	4302.26691			4328.52836	4329.11216	0
1780990202	XAUUSD	M5	4326.64	4331.22911	4365.62130	4301.67550			4327.91840	4328.51528	0
1780990502	XAUUSD	M5	4325.67	4330.63770	4365.02989	4301.08408			4327.31628	4327.91578	0
1780990802	XAUUSD	M5	4328.43	4330.04628	4364.43848	4300.49267			4326.81165	4327.36372	0
1780991102	XAUUSD	M5	4326.47	4329.45487	4363.84706	4299.90126			4326.43130	4326.89751	0
1780991402	XAUUSD	M5	4328.70	4328.86346	4363.25565	4299.30984			4326.33971	4326.61861	0
1780991702	XAUUSD	M5	4326.56	4328.27204	4362.66424	4298.71843			4326.58909	4326.60385	0
1780992002	XAUUSD	M5	4323.18	4327.68063	4362.07282	4298.12701			4327.27656	4326.94020	1
1780992302	XAUUSD	M5	4326.61	4327.08921	4361.48141	4297.53560		4321.27000	4328.43210	4327.68615	0
1780992602	XAUUSD	M5	4331.70	4326.49780	4360.89000	4296.94419			4329.84661	4328.76638	0
1780992902	XAUUSD	M5	4332.46	4325.90639	4360.29858	4296.35277			4331.20296	4329.98467	0
1780993202	XAUUSD	M5	4331.98	4325.31497	4359.70717	4295.76136			4332.29218	4331.13842	0
1780993502	XAUUSD	M5	4334.38	4324.72356	4359.11575	4295.16995			4332.97113	4332.05478	0
1780993802	XAUUSD	M5	4331.19	4324.13215	4358.52434	4294.57853			4333.10613	4332.58045	0
1780994102	XAUUSD	M5	4334.45	4323.54073	4357.93293	4293.98712			4332.79493	4332.68769	0
1780994402	XAUUSD	M5	4335.05	4322.94932	4357.34151	4293.39571	4336.82000		4332.06427	4332.37598	1
1780994702	XAUUSD	M5	4328.20	4322.35791	4356.75010	4292.80429			4331.06727	4331.72163	0
1780995002	XAUUSD	M5	4330.00	4321.76649	4356.15869	4292.21288			4330.14507	4330.93335	0
1780995302	XAUUSD	M5	4326.60	4321.17508	4355.56727	4291.62146			4329.39946	4330.16640	0
1780995602	XAUUSD	M5	4328.93	4320.58367	4354.97586	4291.03005			4328.98500	4329.57570	0
1780995902	XAUUSD	M5	4330.22	4319.99225	4354.38445	4290.43864			4328.83556	4329.20563	0
1780996202	XAUUSD	M5	4328.22	4319.40084	4353.79303	4289.84722			4328.83796	4329.02179	0
1780996502	XAUUSD	M5	4330.01	4318.80942	4353.20162	4289.25581			4328.93717	4328.97948	0
1780996802	XAUUSD	M5	4333.35	4318.21801	4352.61020	4288.66440			4329.00105	4328.99027	1
1780997102	XAUUSD	M5	4326.89	4317.62660	4352.01879	4288.07298			4328.92236	4328.95631	1
1780997402	XAUUSD	M5	4326.62	4317.03518	4351.42738	4287.48157			4328.89402	4328.92517	0
1780997702	XAUUSD	M5	4329.23	4316.44377	4350.83596	4286.89016			4328.98510	4328.95513	1
1780998002	XAUUSD	M5	4327.13	4315.85236	4350.24455	4286.29874			4329.20212	4329.07863	0
1780998302	XAUUSD	M5	4329.78	4315.26094	4349.65314	4285.70733			4329.65410	4329.36636	0
1780998602	XAUUSD	M5	4333.15	4314.66953	4349.06172	4285.11592			4330.27668	4329.82152	0
1780998902	XAUUSD	M5	4332.26	4314.07812	4348.47031	4284.52450			4330.94731	4330.38441	0
1780999202	XAUUSD	M5	4330.80	4313.48670	4347.87890	4283.93309			4331.61311	4330.99876	0
1780999502	XAUUSD	M5	4327.26	4312.89529	4347.28748	4283.34167			4332.22678	4331.61277	0
1780999802	XAUUSD	M5	4335.24	4312.30387	4346.69607	4282.75026			4332.78891	4332.20084	0
1781000102	XAUUSD	M5	4334.87	4311.71246	4346.10466	4282.15885			4333.06036	4332.63060	0
1781000402	XAUUSD	M5	4332.60	4311.12105	4345.51324	4281.56743			4333.07463	4332.85261	0
1781000702	XAUUSD	M5	4333.84	4310.52963	4344.92183	4280.97602			4332.98084	4332.91672	0
1781001002	XAUUSD	M5	4333.85	4309.93822	4344.33041	4280.38461			4332.88461	4332.90067	1
1781001302	XAUUSD	M5	4331.97	4309.34681	4343.73900	4279.79319			4332.93307	4332.91687	1
1781001602	XAUUSD	M5	4332.65	4308.75539	4343.14759	4279.20178			4333.26866	4333.09276	0
1781001902	XAUUSD	M5	4330.74	4308.16398	4342.55617	4278.61037			4333.90339	4333.49808	0
1781002202	XAUUSD	M5	4335.14	4307.57257	4341.96476	4278.01895			4334.84188	4334.16998	0
1781002502	XAUUSD	M5	4339.15	4306.98115	4341.37335	4277.42754			4335.86485	4335.01741	0
1781002802	XAUUSD	M5	4335.92	4306.38974	4340.78193	4276.83612			4336.73813	4335.87777	0
1781003102	XAUUSD	M5	4337.21	4305.79833	4340.19052	4276.24471			4337.43291	4336.65534	0
1781003402	XAUUSD	M5	4337.83	4305.20691	4339.59911	4275.65330			4337.86141	4337.25838	0
1781003702	XAUUSD	M5	4339.31	4304.61550	4339.00769	4275.06188			4338.03661	4337.64749	0
1781004002	XAUUSD	M5	4337.27	4304.02408	4338.41628	4274.47047			4338.01024	4337.82887	0
1781004302	XAUUSD	M5	4338.75	4303.43267	4337.82486	4273.87906			4338.00582	4337.91734	0
1781004602	XAUUSD	M5	4337.87	4302.84126	4337.23345	4273.28764			4338.15219	4338.03477	0
1781004902	XAUUSD	M5	4337.41	4302.24984	4336.64204	4272.69623			4338.56349	4338.29913	0
1781005202	XAUUSD	M5	4338.95	4301.65843	4336.05062	4272.10482			4339.25758	4338.77835	0
1781005502	XAUUSD	M5	4340.14	4301.06702	4335.45921	4271.51340			4340.11675	4339.44755	0
1781005802	XAUUSD	M5	4341.36	4300.47560	4334.86780	4270.92199			4340.95682	4340.20219	0
1781006102	XAUUSD	M5	4339.76	4299.88419	4334.27638	4270.33058			4341.54992	4340.87605	0
1781006402	XAUUSD	M5	4342.37	4299.29278	4333.68497	4269.73916			4341.79918	4341.33761	0
1781006702	XAUUSD	M5	4343.71	4298.70136	4333.09356	4269.14775			4341.59513	4341.46637	0
1781007002	XAUUSD	M5	4340.92	4298.10995	4332.50214	4268.55633			4340.97677	4341.22157	1
1781007302	XAUUSD	M5	4342.98	4297.51853	4331.91073	4267.96492			4340.20063	4340.71110	0
1781007602	XAUUSD	M5	4338.60	4296.92712	4331.31932	4267.37351			4339.42404	4340.06757	0
1781007902	XAUUSD	M5	4335.94	4296.33571	4330.72790	4266.78209			4338.91945	4339.49351	0
1781008202	XAUUSD	M5	4336.67	4295.74429	4330.13649	4266.19068			4338.85701	4339.17526	0
1781008502	XAUUSD	M5	4340.71	4295.15288	4329.54507	4265.59927			4339.21803	4339.19664	1
1781008802	XAUUSD	M5	4340.92	4294.56147	4328.95366	4265.00785			4339.77367	4339.48516	0
1781009102	XAUUSD	M5	4341.28	4293.97005	4328.36225	4264.41644			4340.29952	4339.89234	0
1781009402	XAUUSD	M5	4337.55	4293.37864	4327.77083	4263.82503			4340.56699	4340.22966	0
1781009702	XAUUSD	M5	4341.42	4292.78723	4327.17942	4263.23361			4340.49204	4340.36085	0
1781010002	XAUUSD	M5	4339.49	4292.19581	4326.58801	4262.64220			4339.88846	4340.12466	1
1781010302	XAUUSD	M5	4341.28	4291.60440	4325.99659	4262.05078			4338.81902	4339.47184	0
1781010602	XAUUSD	M5	4340.98	4291.01299	4325.40518	4261.45937			4337.37177	4338.42180	0
1781010902	XAUUSD	M5	4334.13	4290.42157	4324.81377	4260.86796			4335.75185	4337.08683	0
1781011202	XAUUSD	M5	4333.35	4289.83016	4324.22235	4260.27654			4334.37215	4335.72949	0
1781011502	XAUUSD	M5	4330.90	4289.23874	4323.63094	4259.68513			4333.45410	4334.59179	0
1781011802	XAUUSD	M5	4329.88	4288.64733	4323.03952	4259.09372			4333.15271	4333.87225	0
1781012102	XAUUSD	M5	4331.95	4288.05592	4322.44811	4258.50230			4333.43276	4333.65250	0
1781012402	XAUUSD	M5	4330.37	4287.46450	4321.85670	4257.91089			4334.03185	4333.84218	1
1781012702	XAUUSD	M5	4351.36	4286.87309	4321.26528	4257.31948	4363.43000		4334.64016	4334.24117	0
1781013002	XAUUSD	M5	4334.10	4286.28168	4320.67387	4256.72806			4334.36525	4334.30321	0
1781013302	XAUUSD	M5	4328.66	4285.69026	4320.08246	4256.13665			4333.27745	4333.79033	1
1781013602	XAUUSD	M5	4329.39	4285.09885	4319.49104	4255.54524			4331.27457	4332.53245	0
1781013902	XAUUSD	M5	4328.53	4284.50744	4318.89963	4254.95382			4328.24231	4330.38738	0
1781014202	XAUUSD	M5	4321.28	4283.91602	4318.30822	4254.36241			4324.27227	4327.32983	0
1781014502	XAUUSD	M5	4311.45	4283.32461	4317.71680	4253.77099			4319.70345	4323.51664	0
1781014802	XAUUSD	M5	4318.53	4282.73319	4317.12539	4253.17958			4315.00503	4319.26083	0
1781015102	XAUUSD	M5	4318.71	4282.14178	4316.53398	4252.58817			4310.27454	4314.76769	0
1781015402	XAUUSD	M5	4315.01	4281.55037	4315.94256	4251.99675			4305.73688	4310.25228	0
1781015702	XAUUSD	M5	4305.34	4280.95895	4315.35115	4251.40534			4301.66654	4305.95941	0
1781016002	XAUUSD	M5	4285.29	4280.36754	4314.75973	4250.81393			4298.41152	4302.18547	0
1781016302	XAUUSD	M5	4284.21	4279.77613	4314.16832	4250.22251			4296.42489	4299.30518	0
1781016602	XAUUSD	M5	4298.21	4279.18471	4313.57691	4249.63110			4295.49292	4297.39905	0
1781016902	XAUUSD	M5	4300.76	4278.59330	4312.98549	4249.03969			4294.88771	4296.14338	0
1781017202	XAUUSD	M5	4293.26	4278.00189	4312.39408	4248.44827			4294.11928	4295.13133	0
1781017502	XAUUSD	M5	4295.65	4277.41047	4311.80267	4247.85686			4292.99292	4294.06213	0
1781017802	XAUUSD	M5	4294.92	4276.81906	4311.21125	4247.26544			4291.21479	4292.63846	0
1781018102	XAUUSD	M5	4291.97	4276.22765	4310.61984	4246.67403			4288.74402	4290.69124	0
1781018402	XAUUSD	M5	4285.55	4275.63623	4310.02843	4246.08262			4285.78101	4288.23613	0
1781018702	XAUUSD	M5	4278.85	4275.04482	4309.43701	4245.49120			4282.71776	4285.47694	0
1781019002	XAUUSD	M5	4274.54	4274.45340	4308.84560	4244.89979			4279.95719	4282.71707	0
1781019302	XAUUSD	M5	4270.25	4273.86199	4308.25418	4244.30838			4277.78158	4280.24932	0
1781019602	XAUUSD	M5	4279.82	4273.27058	4307.66277	4243.71696			4276.30760	4278.27846	0
1781019902	XAUUSD	M5	4280.97	4272.67916	4307.07136	4243.12555			4275.16016	4276.71931	0
1781020202	XAUUSD	M5	4279.93	4272.08775	4306.47994	4242.53414			4274.04958	4275.38444	0
1781020502	XAUUSD	M5	4272.90	4271.49634	4305.88853	4241.94272			4272.68252	4274.03348	0
1781020802	XAUUSD	M5	4273.90	4270.90492	4305.29712	4241.35131			4270.93389	4272.48369	0
1781021102	XAUUSD	M5	4263.62	4270.31351	4304.70570	4240.75990			4268.54882	4270.51625	0
1781021402	XAUUSD	M5	4259.63	4269.72210	4304.11429	4240.16848			4265.64768	4268.08197	0
1781021702	XAUUSD	M5	4254.57	4269.13068	4303.52288	4239.57707			4262.33308	4265.20752	0
1781022002	XAUUSD	M5	4261.99	4268.53927	4302.93146	4238.98565			4258.82345	4262.01549	0
1781022302	XAUUSD	M5	4263.49	4267.94785	4302.34005	4238.39424			4255.20100	4258.60824	0
1781022602	XAUUSD	M5	4262.13	4267.35644	4301.74864	4237.80283			4251.77206	4255.19015	0
1781022902	XAUUSD	M5	4241.26	4266.76503	4301.15722	4237.21141			4248.96320	4252.07668	0
1781023202	XAUUSD	M5	4244.94	4266.17361	4300.56581	4236.62000		4236.62000	4247.62634	4249.85151	0
1781023502	XAUUSD	M5	4249.87	4265.58220	4299.97439	4236.02859			4247.87027	4248.86089	0
1781023802	XAUUSD	M5	4240.07	4264.99079	4299.38298	4235.43717			4249.54358	4249.20223	1
1781024102	XAUUSD	M5	4252.18	4264.39937	4298.79157	4234.84576			4252.59128	4250.89676	0
1781024402	XAUUSD	M5	4262.43	4263.80796	4298.20015	4234.25435			4256.25685	4253.57680	0
1781024702	XAUUSD	M5	4262.93	4263.21655	4297.60874	4233.66293			4259.75969	4256.66825	0
1781025002	XAUUSD	M5	4261.19	4262.62513	4297.01733	4233.07152			4262.63113	4259.64969	0
1781025302	XAUUSD	M5	4263.95	4262.03372	4296.42591	4232.48010			4264.61466	4262.13218	0
1781025602	XAUUSD	M5	4266.48	4261.44231	4295.83450	4231.88869			4265.50653	4263.81935	0
1781025902	XAUUSD	M5	4263.12	4260.85089	4295.24309	4231.29728			4265.28954	4264.55444	0
1781026202	XAUUSD	M5	4265.58	4260.25948	4294.65167	4230.70586			4264.30890	4264.43167	1
1781026502	XAUUSD	M5	4262.89	4259.66806	4294.06026	4230.11445			4262.91093	4263.67130	0
1781026802	XAUUSD	M5	4264.84	4259.07665	4293.46884	4229.52304			4261.60121	4262.63625	0
1781027102	XAUUSD	M5	4257.15	4258.48524	4292.87743	4228.93162			4260.72438	4261.68032	0
1781027402	XAUUSD	M5	4258.42	4257.89382	4292.28602	4228.34021			4260.72329	4261.20180	0
1781027702	XAUUSD	M5	4263.12	4257.30241	4291.69460	4227.74880			4261.63695	4261.41938	1
1781028002	XAUUSD	M5	4262.50	4256.71100	4291.10319	4227.15738			4263.22411	4262.32175	0
1781028302	XAUUSD	M5	4266.77	4256.11958	4290.51178	4226.56597			4265.22828	4263.77502	0
1781028602	XAUUSD	M5	4265.37	4255.52817	4289.92036	4225.97456			4267.21361	4265.49431	0
1781028902	XAUUSD	M5	4269.31	4254.93676	4289.32895	4225.38314			4268.89884	4267.19658	0
1781029202	XAUUSD	M5	4273.44	4254.34534	4288.73754	4224.79173	4274.20000		4269.99345	4268.59501	0
1781029502	XAUUSD	M5	4270.90	4253.75393	4288.14612	4224.20031			4270.35444	4269.47473	0
1781029802	XAUUSD	M5	4270.71	4253.16251	4287.55471	4223.60890			4270.13921	4269.80697	0
1781030102	XAUUSD	M5	4269.20	4252.57110	4286.96330	4223.01749			4269.51883	4269.66290	1
1781030402	XAUUSD	M5	4264.35	4251.97969	4286.37188	4222.42607			4268.70526	4269.18408	0
1781030702	XAUUSD	M5	4265.26	4251.38827	4285.78047	4221.83466			4267.90779	4268.54593	0
1781031002	XAUUSD	M5	4265.91	4250.79686	4285.18905	4221.24325			4267.10003	4267.82298	0
1781031302	XAUUSD	M5	4269.92	4250.20545	4284.59764	4220.65183			4266.15598	4266.98948	0
1781031602	XAUUSD	M5	4269.71	4249.61403	4284.00623	4220.06042			4264.85184	4265.92066	0
1781031902	XAUUSD	M5	4265.17	4249.02262	4283.41481	4219.46901			4263.12936	4264.52501	0
1781032202	XAUUSD	M5	4258.70	4248.43121	4282.82340	4218.87759			4261.14456	4262.83479	0
1781032502	XAUUSD	M5	4255.35	4247.83979	4282.23199	4218.28618			4259.15634	4260.99556	0
1781032802	XAUUSD	M5	4255.71	4247.24838	4281.64057	4217.69476			4257.39598	4259.19577	0
1781033102	XAUUSD	M5	4257.39	4246.65697	4281.04916	4217.10335			4256.01038	4257.60307	0
1781033402	XAUUSD	M5	4259.52	4246.06555	4280.45775	4216.51194			4255.04041	4256.32174	0
1781033702	XAUUSD	M5	4253.68	4245.47414	4279.86633	4215.92052			4254.46118	4255.39146	0
1781034002	XAUUSD	M5	4250.97	4244.88272	4279.27492	4215.32911			4254.41543	4254.90345	0
1781034302	XAUUSD	M5	4250.98	4244.29131	4278.68350	4214.73770		4250.02000	4254.91265	4254.90805	1
1781034602	XAUUSD	M5	4258.91	4243.69990	4278.09209	4214.14628			4255.82407	4255.36606	0
1781034902	XAUUSD	M5	4258.48	4243.10848	4277.50068	4213.55487			4256.80441	4256.08523	0
1781035202	XAUUSD	M5	4260.77	4242.51707	4276.90926	4212.96346			4257.72891	4256.90707	0
1781035502	XAUUSD	M5	4257.61	4241.92566	4276.31785	4212.37204			4258.44302	4257.67505	0
1781035802	XAUUSD	M5	4258.45	4241.33424	4275.72644	4211.78063			4258.99150	4258.33327	0
1781036102	XAUUSD	M5	4258.71	4240.74283	4275.13502	4211.18922			4259.36353	4258.84840	0
1781036402	XAUUSD	M5	4258.31	4240.15142	4274.54361	4210.59780			4259.60144	4259.22492	0
1781036702	XAUUSD	M5	4259.10	4239.56000	4273.95220	4210.00639			4259.74189	4259.48341	0
1781037002	XAUUSD	M5	4257.94	4238.96859	4273.36078	4209.41497			4259.78968	4259.63654	0
1781037302	XAUUSD	M5	4260.44	4238.37717	4272.76937	4208.82356			4259.79122	4259.71388	0
1781037602	XAUUSD	M5	4261.38	4237.78576	4272.17796	4208.23215			4259.67551	4259.69470	1
1781037902	XAUUSD	M5	4261.83	4237.19435	4271.58654	4207.64073	4262.11000		4259.41737	4259.55604	0
1781038202	XAUUSD	M5	4260.26	4236.60293	4270.99513	4207.04932			4258.99917	4259.27760	0
1781038502	XAUUSD	M5	4259.44	4236.01152	4270.40371	4206.45791			4258.46079	4258.86919	0
1781042402	XAUUSD	M5	4256.02	4235.42011	4269.81230	4205.86649			4257.83144	4258.35032	0
1781042702	XAUUSD	M5	4253.49	4234.82869	4269.22089	4205.27508			4257.17497	4257.76264	0
1781043002	XAUUSD	M5	4255.44	4234.23728	4268.62947	4204.68367			4256.47652	4257.11958	0
1781043302	XAUUSD	M5	4253.66	4233.64587	4268.03806	4204.09225			4255.58939	4256.35448	0
1781043602	XAUUSD	M5	4254.71	4233.05445	4267.44665	4203.50084			4254.44597	4255.40023	0
1781043902	XAUUSD	M5	4256.82	4232.46304	4266.85523	4202.90942			4252.94359	4254.17191	0
1781044202	XAUUSD	M5	4252.83	4231.87163	4266.26382	4202.31801			4251.01393	4252.59292	0
1781044502	XAUUSD	M5	4253.13	4231.28021	4265.67241	4201.72660			4248.86029	4250.72661	0
1781044802	XAUUSD	M5	4248.97	4230.68880	4265.08099	4201.13518			4246.60213	4248.66437	0
1781045102	XAUUSD	M5	4239.08	4230.09738	4264.48958	4200.54377			4244.44156	4246.55296	0
1781045402	XAUUSD	M5	4235.11	4229.50597	4263.89816	4199.95236			4242.63397	4244.59346	0
1781045702	XAUUSD	M5	4237.31	4228.91456	4263.30675	4199.36094			4241.18513	4242.88930	0
1781046002	XAUUSD	M5	4246.34	4228.32314	4262.71534	4198.76953			4239.80361	4241.34645	0
1781046302	XAUUSD	M5	4241.68	4227.73173	4262.12392	4198.17812			4237.97900	4239.66273	0
1781046602	XAUUSD	M5	4235.90	4227.14032	4261.53251	4197.58670			4235.59693	4237.62983	0
1781046902	XAUUSD	M5	4233.21	4226.54890	4260.94110	4196.99529			4232.70584	4235.16783	0
1781047202	XAUUSD	M5	4227.64	4225.95749	4260.34968	4196.40388			4229.40825	4232.28804	0
1781047502	XAUUSD	M5	4224.19	4225.36608	4259.75827	4195.81246			4226.02649	4229.15727	0
1781047802	XAUUSD	M5	4225.70	4224.77466	4259.16686	4195.22105			4222.95331	4226.05529	0
1781048102	XAUUSD	M5	4221.92	4224.18325	4258.57544	4194.62963			4220.48626	4223.27078	0
1781048402	XAUUSD	M5	4218.63	4223.59183	4257.98403	4194.03822			4219.00134	4221.13606	0
1781048702	XAUUSD	M5	4213.05	4223.00042	4257.39262	4193.44681			4218.69467	4219.91536	0
1781049002	XAUUSD	M5	4220.72	4222.40901	4256.80120	4192.85539			4219.59233	4219.75385	0
1781049302	XAUUSD	M5	4222.03	4221.81759	4256.20979	4192.26398			4221.16190	4220.45788	1
1781049602	XAUUSD	M5	4220.58	4221.22618	4255.61837	4191.67257			4222.85639	4221.65713	0
1781049902	XAUUSD	M5	4225.57	4220.63477	4255.02696	4191.08115			4224.16344	4222.91029	0
1781050202	XAUUSD	M5	4225.12	4220.04335	4254.43555	4190.48974			4224.46873	4223.68951	0
1781050502	XAUUSD	M5	4226.93	4219.45194	4253.84413	4189.89833			4223.48290	4223.58620	1
1781050802	XAUUSD	M5	4225.23	4218.86053	4253.25272	4189.30691			4221.11670	4222.35145	0
1781051102	XAUUSD	M5	4217.94	4218.26911	4252.66131	4188.71550			4217.65026	4220.00086	0
1781051402	XAUUSD	M5	4206.52	4217.67770	4252.06989	4188.12408			4213.67930	4216.84008	0
1781051702	XAUUSD	M5	4207.77	4217.08629	4251.47848	4187.53267			4209.95965	4213.39987	0
1781052002	XAUUSD	M5	4204.49	4216.49487	4250.88707	4186.94126			4206.87539	4210.13763	0
1781052302	XAUUSD	M5	4203.72	4215.90346	4250.29565	4186.34984			4204.74311	4207.44037	0
1781052602	XAUUSD	M5	4207.39	4215.31204	4249.70424	4185.75843			4203.62777	4205.53407	0
1781052902	XAUUSD	M5	4218.23	4214.72063	4249.11282	4185.16702			4203.29575	4204.41491	0
1781053202	XAUUSD	M5	4194.50	4214.12922	4248.52141	4184.57560			4203.22170	4203.81831	0
1781053502	XAUUSD	M5	4195.15	4213.53780	4247.93000	4183.98419			4203.66449	4203.74140	0
1781053802	XAUUSD	M5	4203.39	4212.94639	4247.33858	4183.39278			4204.26952	4204.00546	1
1781054102	XAUUSD	M5	4213.33	4212.35498	4246.74717	4182.80136			4204.51235	4204.25890	0
1781054402	XAUUSD	M5	4200.92	4211.76356	4246.15576	4182.20995			4203.90958	4204.08424	1
1781054702	XAUUSD	M5	4201.81	4211.17215	4245.56434	4181.61854			4202.63975	4203.36200	0
1781055002	XAUUSD	M5	4202.58	4210.58074	4244.97293	4181.02712			4200.67013	4202.01606	0
1781055302	XAUUSD	M5	4200.71	4209.98932	4244.38152	4180.43571			4198.05746	4200.03676	0
1781055602	XAUUSD	M5	4187.41	4209.39791	4243.79010	4179.84429			4195.02543	4197.53110	0
1781055902	XAUUSD	M5	4192.94	4208.80649	4243.19869	4179.25288			4192.10866	4194.81988	0
1781056202	XAUUSD	M5	4192.05	4208.21508	4242.60728	4178.66147			4189.36398	4192.09193	0
1781056502	XAUUSD	M5	4188.63	4207.62367	4242.01586	4178.07005			4186.96885	4189.53039	0
1781056802	XAUUSD	M5	4187.00	4207.03225	4241.42445	4177.47864			4185.10857	4187.31948	0
1781057102	XAUUSD	M5	4181.14	4206.44084	4240.83303	4176.88723			4183.84489	4185.58219	0
1781057402	XAUUSD	M5	4182.77	4205.84943	4240.24162	4176.29581			4183.26423	4184.42321	0
1781057702	XAUUSD	M5	4180.91	4205.25801	4239.65021	4175.70440			4183.19386	4183.80854	0
1781058002	XAUUSD	M5	4183.35	4204.66660	4239.05879	4175.11299			4183.47708	4183.64281	0
1781058302	XAUUSD	M5	4187.98	4204.07519	4238.46738	4174.52157			4183.79845	4183.72063	1
1781058602	XAUUSD	M5	4179.39	4203.48377	4237.87597	4173.93016			4183.81234	4183.76648	0
1781058902	XAUUSD	M5	4184.54	4202.89236	4237.28455	4173.33874			4183.54775	4183.65712	1
1781059202	XAUUSD	M5	4184.51	4202.30095	4236.69314	4172.74733			4182.77370	4183.21541	0
1781059502	XAUUSD	M5	4187.62	4201.70953	4236.10173	4172.15592			4181.49136	4182.35338	0
1781059802	XAUUSD	M5	4175.03	4201.11812	4235.51031	4171.56450			4179.74407	4181.04872	0
1781060102	XAUUSD	M5	4174.01	4200.52670	4234.91890	4170.97309			4178.03006	4179.53939	0
1781060402	XAUUSD	M5	4176.78	4199.93529	4234.32748	4170.38168		4172.93000	4176.59753	4178.06846	0
1781060702	XAUUSD	M5	4175.32	4199.34388	4233.73607	4169.79026			4175.58235	4176.82541	0
1781061002	XAUUSD	M5	4178.09	4198.75246	4233.14466	4169.19885			4175.15018	4175.98779	0
1781061302	XAUUSD	M5	4175.94	4198.16105	4232.55324	4168.60744			4175.30171	4175.64475	0
1781061602	XAUUSD	M5	4175.18	4197.56964	4231.96183	4168.01602			4176.08202	4175.86338	1
1781061902	XAUUSD	M5	4177.22	4196.97822	4231.37042	4167.42461			4177.42897	4176.64618	0
1781062202	XAUUSD	M5	4180.51	4196.38681	4230.77900	4166.83320			4179.14037	4177.89327	0
1781062502	XAUUSD	M5	4180.41	4195.79540	4230.18759	4166.24178			4180.97552	4179.43440	0
1781062802	XAUUSD	M5	4179.92	4195.20398	4229.59618	4165.65037			4182.72865	4181.08152	0
1781063102	XAUUSD	M5	4185.44	4194.61257	4229.00476	4165.05895			4184.19982	4182.64067	0
1781063402	XAUUSD	M5	4184.95	4194.02115	4228.41335	4164.46754			4185.07570	4183.85818	0
1781063702	XAUUSD	M5	4184.81	4193.42974	4227.82194	4163.87613			4185.28828	4184.57323	0
1781064002	XAUUSD	M5	4186.35	4192.83833	4227.23052	4163.28471			4184.81537	4184.69430	0
1781064302	XAUUSD	M5	4184.40	4192.24691	4226.63911	4162.69330			4183.67850	4184.18640	1
1781064602	XAUUSD	M5	4181.37	4191.65550	4226.04769	4162.10189			4182.05618	4183.12129	0
1781064902	XAUUSD	M5	4181.64	4191.06409	4225.45628	4161.51047			4180.20904	4181.66517	0
1781065202	XAUUSD	M5	4178.24	4190.47267	4224.86487	4160.91906			4178.30465	4179.98491	0
1781065502	XAUUSD	M5	4174.56	4189.88126	4224.27345	4160.32765			4176.57762	4178.28127	0
1781065802	XAUUSD	M5	4174.39	4189.28985	4223.68204	4159.73623			4175.22305	4176.75216	0
1781066102	XAUUSD	M5	4174.83	4188.69843	4223.09063	4159.14482			4174.29114	4175.52165	0
1781066402	XAUUSD	M5	4173.55	4188.10702	4222.49921	4158.55340			4173.76460	4174.64312	0
1781066702	XAUUSD	M5	4173.81	4187.51561	4221.90780	4157.96199		4172.55000	4173.63981	4174.14147	0
1781067002	XAUUSD	M5	4175.06	4186.92419	4221.31639	4157.37058			4173.86747	4174.00447	0
1781067302	XAUUSD	M5	4174.82	4186.33278	4220.72497	4156.77916			4174.38428	4174.19438	1
1781067602	XAUUSD	M5	4174.58	4185.74136	4220.13356	4156.18775			4175.20711	4174.70075	0
1781067902	XAUUSD	M5	4176.57	4185.14995	4219.54214	4155.59634			4176.40728	4175.55401	0
1781068202	XAUUSD	M5	4179.77	4184.55854	4218.95073	4155.00492			4178.02182	4176.78792	0
1781068502	XAUUSD	M5	4176.80	4183.96712	4218.35932	4154.41351			4180.07694	4178.43243	0
1781068802	XAUUSD	M5	4180.53	4183.37571	4217.76790	4153.82210			4182.73374	4180.58308	0
1781069102	XAUUSD	M5	4187.25	4182.78430	4217.17649	4153.23068			4185.98184	4183.28246	0
1781069402	XAUUSD	M5	4191.09	4182.19288	4216.58508	4152.63927			4189.64986	4186.46616	0
1781069702	XAUUSD	M5	4194.32	4181.60147	4215.99366	4152.04786			4193.60616	4190.03616	0
1781070002	XAUUSD	M5	4198.25	4181.01006	4215.40225	4151.45644			4197.66126	4193.84871	0
1781070302	XAUUSD	M5	4202.72	4180.41864	4214.81084	4150.86503			4201.57818	4197.71345	0
1781070602	XAUUSD	M5	4203.72	4179.82723	4214.21942	4150.27361			4205.10441	4201.40893	0
1781070902	XAUUSD	M5	4205.15	4179.23581	4213.62801	4149.68220			4208.10580	4204.75736	0
1781071202	XAUUSD	M5	4211.17	4178.64440	4213.03660	4149.09079			4210.47088	4207.61412	0
1781071502	XAUUSD	M5	4213.99	4178.05299	4212.44518	4148.49937	4221.80000		4212.03230	4209.82321	0
1781071802	XAUUSD	M5	4212.90	4177.46157	4211.85377	4147.90796			4212.75448	4211.28884	0
1781072102	XAUUSD	M5	4214.42	4176.87016	4211.26235	4147.31655			4212.76021	4212.02453	0
1781072402	XAUUSD	M5	4209.10	4176.27875	4210.67094	4146.72513			4212.13321	4212.07887	0
1781072702	XAUUSD	M5	4211.94	4175.68733	4210.07953	4146.13372			4211.14881	4211.61384	1
1781073002	XAUUSD	M5	4210.60	4175.09592	4209.48811	4145.54231			4209.87496	4210.74440	0
1781073302	XAUUSD	M5	4209.10	4174.50451	4208.89670	4144.95089			4208.45416	4209.59928	0
1781073602	XAUUSD	M5	4207.75	4173.91309	4208.30529	4144.35948			4207.00886	4208.30407	0
1781073902	XAUUSD	M5	4203.22	4173.32168	4207.71387	4143.76806			4205.64451	4206.97429	0
1781074202	XAUUSD	M5	4202.31	4172.73027	4207.12246	4143.17665			4204.49214	4205.73322	0
1781074502	XAUUSD	M5	4203.96	4172.13885	4206.53105	4142.58524			4203.56983	4204.65152	0
1781074802	XAUUSD	M5	4203.70	4171.54744	4205.93963	4141.99382			4202.79251	4203.72202	0
1781075102	XAUUSD	M5	4207.16	4170.95602	4205.34822	4141.40241			4202.06534	4202.89368	0
1781075402	XAUUSD	M5	4200.31	4170.36461	4204.75680	4140.81100			4201.19951	4202.04659	0
1781075702	XAUUSD	M5	4198.74	4169.77320	4204.16539	4140.21958			4200.23191	4201.13925	0
1781076002	XAUUSD	M5	4199.24	4169.18178	4203.57398	4139.62817			4199.04504	4200.09214	0
1781076302	XAUUSD	M5	4194.92	4168.59037	4202.98256	4139.03676			4197.44796	4198.77005	0
1781076602	XAUUSD	M5	4194.78	4167.99896	4202.39115	4138.44534			4195.36857	4197.06931	0
1781076902	XAUUSD	M5	4190.73	4167.40754	4201.79974	4137.85393			4192.67914	4194.87423	0
1781077202	XAUUSD	M5	4189.69	4166.81613	4201.20832	4137.26252			4189.43016	4192.15219	0
1781077502	XAUUSD	M5	4190.46	4166.22472	4200.61691	4136.67110			4185.68653	4188.91936	0
1781077802	XAUUSD	M5	4182.11	4165.63330	4200.02550	4136.07969			4181.58654	4185.25295	0
1781078102	XAUUSD	M5	4186.47	4165.04189	4199.43408	4135.48827			4177.57586	4181.41440	0
1781078402	XAUUSD	M5	4164.31	4164.45047	4198.84267	4134.89686			4173.84617	4177.63029	0
1781078702	XAUUSD	M5	4167.38	4163.85906	4198.25126	4134.30545			4171.19227	4174.41128	0
1781079002	XAUUSD	M5	4166.47	4163.26765	4197.65984	4133.71403		4161.41000	4169.67352	4172.04240	0
1781079302	XAUUSD	M5	4173.53	4162.67623	4197.06843	4133.12262			4169.25597	4170.64918	0
1781079602	XAUUSD	M5	4171.20	4162.08482	4196.47701	4132.53121			4169.54859	4170.09889	0
1781079902	XAUUSD	M5	4172.22	4161.49341	4195.88560	4131.93979			4170.29750	4170.19819	1
1781080202	XAUUSD	M5	4168.10	4160.90199	4195.29419	4131.34838			4171.12242	4170.66031	0
1781080502	XAUUSD	M5	4172.85	4160.31058	4194.70277	4130.75697			4171.80943	4171.23487	0
1781080802	XAUUSD	M5	4170.55	4159.71917	4194.11136	4130.16555			4172.01384	4171.62435	0
1781081102	XAUUSD	M5	4174.29	4159.12775	4193.51995	4129.57414			4171.69415	4171.65925	0
1781081402	XAUUSD	M5	4171.18	4158.53634	4192.92853	4128.98272			4170.83691	4171.24808	1
1781081702	XAUUSD	M5	4168.57	4157.94493	4192.33712	4128.39131			4169.73394	4170.49101	0
1781082002	XAUUSD	M5	4167.03	4157.35351	4191.74571	4127.79990			4168.71995	4169.60548	0
1781082302	XAUUSD	M5	4170.47	4156.76210	4191.15429	4127.20848			4168.09820	4168.85184	0
1781082602	XAUUSD	M5	4165.07	4156.17068	4190.56288	4126.61707			4167.97076	4168.41130	0
1781082902	XAUUSD	M5	4171.07	4155.57927	4189.97146	4126.02566			4168.49767	4168.45448	1
1781083202	XAUUSD	M5	4168.52	4154.98786	4189.38005	4125.43424			4169.40531	4168.92990	0
1781083502	XAUUSD	M5	4166.26	4154.39644	4188.78864	4124.84283			4170.49254	4169.71122	0
1781083802	XAUUSD	M5	4176.86	4153.80503	4188.19722	4124.25142			4171.48514	4170.59818	0
1781084102	XAUUSD	M5	4172.48	4153.21362	4187.60581	4123.66000	4179.53000		4171.81787	4171.20803	0
1781084402	XAUUSD	M5	4171.29	4152.62220	4187.01440	4123.06859			4171.39738	4171.30270	0
1781084702	XAUUSD	M5	4168.47	4152.03079	4186.42298	4122.47718			4170.24706	4170.77488	1
1781085002	XAUUSD	M5	4166.17	4151.43938	4185.83157	4121.88576			4168.57789	4169.67639	0
1781085302	XAUUSD	M5	4168.74	4150.84796	4185.24016	4121.29435			4166.70882	4168.19260	0
1781085602	XAUUSD	M5	4169.30	4150.25655	4184.64874	4120.70293			4164.90264	4166.54762	0
1781085902	XAUUSD	M5	4159.67	4149.66513	4184.05733	4120.11152			4163.44806	4164.99784	0
1781086202	XAUUSD	M5	4161.01	4149.07372	4183.46592	4119.52011			4162.83990	4163.91887	0
1781086502	XAUUSD	M5	4164.46	4148.48231	4182.87450	4118.92869			4163.16521	4163.54204	0
1781086802	XAUUSD	M5	4166.71	4147.89089	4182.28309	4118.33728			4164.28666	4163.91435	1
1781087102	XAUUSD	M5	4165.16	4147.29948	4181.69167	4117.74587			4165.95075	4164.93255	0
1781087402	XAUUSD	M5	4165.19	4146.70807	4181.10026	4117.15445			4167.86992	4166.40124	0
1781087702	XAUUSD	M5	4166.72	4146.11665	4180.50885	4116.56304			4169.68863	4168.04494	0
1781088002	XAUUSD	M5	4171.40	4145.52524	4179.91743	4115.97163			4171.02003	4169.53248	0
1781088302	XAUUSD	M5	4177.27	4144.93383	4179.32602	4115.38021			4171.52884	4170.53066	0
1781088602	XAUUSD	M5	4171.88	4144.34241	4178.73461	4114.78880			4171.03916	4170.78491	0
1781088902	XAUUSD	M5	4174.51	4143.75100	4178.14319	4114.19738			4169.82146	4170.30319	1
1781089202	XAUUSD	M5	4161.48	4143.15959	4177.55178	4113.60597			4168.10195	4169.20257	0
1781089502	XAUUSD	M5	4161.33	4142.56817	4176.96037	4113.01456			4166.54424	4167.87341	0
1781089802	XAUUSD	M5	4168.83	4141.97676	4176.36895	4112.42314			4165.36949	4166.62145	0
1781090102	XAUUSD	M5	4164.92	4141.38534	4175.77754	4111.83173			4164.47408	4165.54777	0
1781090402	XAUUSD	M5	4163.74	4140.79393	4175.18612	4111.24032			4163.85175	4164.69976	0
1781090702	XAUUSD	M5	4166.32	4140.20252	4174.59471	4110.64890			4163.29716	4163.99846	0
1781091002	XAUUSD	M5	4164.92	4139.61110	4174.00330	4110.05749			4162.40237	4163.20041	0
1781091302	XAUUSD	M5	4156.49	4139.01969	4173.41188	4109.46608			4160.84796	4162.02419	0
1781091602	XAUUSD	M5	4154.43	4138.42828	4172.82047	4108.87466			4158.54867	4160.28643	0
1781091902	XAUUSD	M5	4155.78	4137.83686	4172.22906	4108.28325			4155.43783	4157.86213	0
1781092202	XAUUSD	M5	4154.21	4137.24545	4171.63764	4107.69184			4151.58446	4154.72330	0
1781092502	XAUUSD	M5	4147.65	4136.65404	4171.04623	4107.10042			4147.37295	4151.04812	0
1781092802	XAUUSD	M5	4146.96	4136.06262	4170.45482	4106.50901			4143.50973	4147.27893	0
1781093102	XAUUSD	M5	4145.04	4135.47121	4169.86340	4105.91759			4140.60450	4143.94172	0
1781093402	XAUUSD	M5	4136.27	4134.87979	4169.27199	4105.32618			4139.23594	4141.58883	0
1781093702	XAUUSD	M5	4136.51	4134.28838	4168.68058	4104.73477			4139.91444	4140.75164	0
1781094002	XAUUSD	M5	4134.72	4133.69697	4168.08916	4104.14335			4142.57693	4141.66429	1
1781094302	XAUUSD	M5	4141.11	4133.10555	4167.49775	4103.55194		4130.66000	4146.79967	4144.23198	0
1781094602	XAUUSD	M5	4162.44	4132.51414	4166.90633	4102.96053			4151.64416	4147.93807	0
1781094902	XAUUSD	M5	4160.87	4131.92273	4166.31492	4102.36911			4155.66803	4151.80305	0
1781095202	XAUUSD	M5	4160.44	4131.33131	4165.72351	4101.77770			4158.12142	4154.96223	0
1781095502	XAUUSD	M5	4157.68	4130.73990	4165.13209	4101.18629			4158.54292	4156.75258	0
1781095802	XAUUSD	M5	4151.86	4130.14849	4164.54068	4100.59487			4156.96247	4156.85752	0
1781096102	XAUUSD	M5	4147.02	4129.55707	4163.94927	4100.00346			4153.89890	4155.37821	1
1781096402	XAUUSD	M5	4153.16	4128.96566	4163.35785	4099.41204			4150.22288	4152.80055	0
1781096702	XAUUSD	M5	4154.07	4128.37425	4162.76644	4098.82063			4146.72076	4149.76065	0
1781097002	XAUUSD	M5	4151.43	4127.78283	4162.17503	4098.22922			4144.30533	4147.03299	0
1781097302	XAUUSD	M5	4135.67	4127.19142	4161.58361	4097.63780			4143.77437	4145.40368	0
1781097602	XAUUSD	M5	4144.25	4126.60000	4160.99220	4097.04639			4145.88887	4145.64627	1
1781097902	XAUUSD	M5	4150.11	4126.00859	4160.40078	4096.45498			4150.35732	4148.00180	0
1781098202	XAUUSD	M5	4142.97	4125.41718	4159.80937	4095.86356			4156.50248	4152.25214	0
1781098502	XAUUSD	M5	4166.17	4124.82576	4159.21796	4095.27215			4163.69304	4157.97259	0
1781098802	XAUUSD	M5	4178.11	4124.23435	4158.62654	4094.68074			4170.44495	4164.20877	0
1781099102	XAUUSD	M5	4185.58	4123.64294	4158.03513	4094.08932			4175.67429	4169.94153	0
1781099402	XAUUSD	M5	4180.09	4123.05152	4157.44372	4093.49791	4186.31000		4178.74615	4174.34384	0
1781099702	XAUUSD	M5	4179.64	4122.46011	4156.85230	4092.90650			4179.73754	4177.04069	0
1781100002	XAUUSD	M5	4171.61	4121.86870	4156.26089	4092.31508			4178.91921	4177.97995	0
1781100302	XAUUSD	M5	4173.49	4121.27728	4155.66948	4091.72367			4176.90879	4177.44437	1
1781100602	XAUUSD	M5	4174.19	4120.68587	4155.07806	4091.13225			4174.09415	4175.76926	0
1781100902	XAUUSD	M5	4168.59	4120.09445	4154.48665	4090.54084			4170.74786	4173.25856	0
1781101202	XAUUSD	M5	4170.71	4119.50304	4153.89524	4089.94943			4167.09181	4170.17519	0
1781101502	XAUUSD	M5	4161.02	4118.91163	4153.30382	4089.35801			4162.99578	4166.58549	0
1781101802	XAUUSD	M5	4160.28	4118.32021	4152.71241	4088.76660			4158.52240	4162.55394	0
1781102102	XAUUSD	M5	4158.02	4117.72880	4152.12099	4088.17519			4153.51580	4158.03487	0
1781102402	XAUUSD	M5	4150.06	4117.13739	4151.52958	4087.58377			4147.99648	4153.01568	0
1781102702	XAUUSD	M5	4140.72	4116.54597	4150.93817	4086.99236			4142.27454	4147.64511	0
1781103002	XAUUSD	M5	4138.16	4115.95456	4150.34675	4086.40095			4136.81288	4142.22899	0
1781103302	XAUUSD	M5	4124.86	4115.36315	4149.75534	4085.80953			4131.96222	4137.09561	0
1781103602	XAUUSD	M5	4129.11	4114.77173	4149.16393	4085.21812			4128.26370	4132.67965	0
1781103902	XAUUSD	M5	4126.63	4114.18032	4148.57251	4084.62670			4125.68351	4129.18158	0
1781104202	XAUUSD	M5	4123.79	4113.58891	4147.98110	4084.03529			4124.22110	4126.70134	0
1781104502	XAUUSD	M5	4115.89	4112.99749	4147.38969	4083.44388			4123.73213	4125.21673	0
1781104802	XAUUSD	M5	4130.25	4112.40608	4146.79827	4082.85246			4124.06950	4124.64311	0
1781105102	XAUUSD	M5	4127.72	4111.81466	4146.20686	4082.26105			4124.54297	4124.59304	0
1781105402	XAUUSD	M5	4128.18	4111.22325	4145.61544	4081.66964			4124.94170	4124.76737	1
1781105702	XAUUSD	M5	4124.65	4110.63184	4145.02403	4081.07822			4125.11379	4124.94058	0
1781106002	XAUUSD	M5	4128.75	4110.04042	4144.43262	4080.48681			4125.18332	4125.06195	0
1781106302	XAUUSD	M5	4118.32	4109.44901	4143.84120	4079.89540			4125.20047	4125.13121	0
1781106602	XAUUSD	M5	4120.30	4108.85760	4143.24979	4079.30398		4106.86000	4125.60651	4125.36886	0
1781106902	XAUUSD	M5	4128.99	4108.26618	4142.65838	4078.71257			4126.42978	4125.89932	0
1781107202	XAUUSD	M5	4126.73	4107.67477	4142.06696	4078.12116			4127.41218	4126.65575	0
1781107502	XAUUSD	M5	4130.25	4107.08336	4141.47555	4077.52974			4128.46706	4127.56141	0
1781107802	XAUUSD	M5	4129.23	4106.49194	4140.88414	4076.93833			4129.27391	4128.41766	0
1781108102	XAUUSD	M5	4132.52	4105.90053	4140.29272	4076.34691			4129.65260	4129.03513	0
1781108402	XAUUSD	M5	4129.82	4105.30911	4139.70131	4075.75550			4129.41543	4129.22528	0
1781108702	XAUUSD	M5	4127.54	4104.71770	4139.10990	4075.16409			4128.66567	4128.94548	1
1781109002	XAUUSD	M5	4129.31	4104.12629	4138.51848	4074.57267			4127.59587	4128.27067	0
1781109302	XAUUSD	M5	4127.92	4103.53487	4137.92707	4073.98126			4126.36901	4127.31984	0
1781109602	XAUUSD	M5	4122.36	4102.94346	4137.33565	4073.38985			4125.18720	4126.25352	0
1781109902	XAUUSD	M5	4120.51	4102.35205	4136.74424	4072.79843			4124.26687	4125.26020	0
1781110202	XAUUSD	M5	4120.31	4101.76063	4136.15283	4072.20702			4123.59494	4124.42757	0
1781110502	XAUUSD	M5	4121.98	4101.16922	4135.56141	4071.61561			4122.97759	4123.70258	0
1781110802	XAUUSD	M5	4132.17	4100.57781	4134.97000	4071.02419	4134.97000		4122.10768	4122.90513	0
1781111102	XAUUSD	M5	4120.20	4099.98639	4134.37859	4070.43278			4120.49280	4121.69896	0
1781111402	XAUUSD	M5	4118.08	4099.39498	4133.78717	4069.84136			4118.30692	4120.00294	0
1781111702	XAUUSD	M5	4113.91	4098.80357	4133.19576	4069.24995			4115.66454	4117.83374	0
1781112002	XAUUSD	M5	4111.84	4098.21215	4132.60435	4068.65854			4112.90026	4115.36700	0
1781112302	XAUUSD	M5	4110.89	4097.62074	4132.01293	4068.06712			4110.38823	4112.87762	0
1781112602	XAUUSD	M5	4111.19	4097.02932	4131.42152	4067.47571			4108.50457	4110.69109	0
1781112902	XAUUSD	M5	4105.31	4096.43791	4130.83010	4066.88430			4107.49478	4109.09294	0
1781113202	XAUUSD	M5	4102.34	4095.84650	4130.23869	4066.29288			4107.59943	4108.34619	0
1781113502	XAUUSD	M5	4111.41	4095.25508	4129.64728	4065.70147			4108.77741	4108.56180	1
1781113802	XAUUSD	M5	4109.83	4094.66367	4129.05586	4065.11006			4110.51669	4109.53925	0
1781114102	XAUUSD	M5	4111.66	4094.07226	4128.46445	4064.51864			4112.43255	4110.98590	0
1781114402	XAUUSD	M5	4119.80	4093.48084	4127.87304	4063.92723			4114.08877	4112.53733	0
1781114702	XAUUSD	M5	4114.49	4092.88943	4127.28162	4063.33582			4115.00372	4113.77053	0
1781115002	XAUUSD	M5	4115.96	4092.29802	4126.69021	4062.74440			4115.17789	4114.47421	0
1781115302	XAUUSD	M5	4112.66	4091.70660	4126.09880	4062.15299			4114.59978	4114.53699	0
1781115602	XAUUSD	M5	4112.79	4091.11519	4125.50738	4061.56157			4113.48899	4114.01299	1
1781115902	XAUUSD	M5	4112.47	4090.52377	4124.91597	4060.97016			4111.98317	4112.99808	0
1781116202	XAUUSD	M5	4109.23	4089.93236	4124.32456	4060.37875			4110.18635	4111.59221	0
1781116502	XAUUSD	M5	4107.46	4089.34095	4123.73314	4059.78733			4108.22767	4109.90994	0
1781116802	XAUUSD	M5	4104.98	4088.74953	4123.14173	4059.19592			4106.12286	4108.01640	0
1781117102	XAUUSD	M5	4104.41	4088.15812	4122.55031	4058.60451			4103.83939	4105.92790	0
1781117402	XAUUSD	M5	4101.49	4087.56671	4121.95890	4058.01309			4101.31450	4103.62120	0
1781117702	XAUUSD	M5	4101.23	4086.97529	4121.36749	4057.42168			4098.60544	4101.11332	0
1781118002	XAUUSD	M5	4096.25	4086.38388	4120.77607	4056.83027			4095.77096	4098.44214	0
1781118302	XAUUSD	M5	4095.13	4085.79247	4120.18466	4056.23885			4093.06125	4095.75169	0
1781118602	XAUUSD	M5	4089.00	4085.20105	4119.59325	4055.64744			4090.67079	4093.21124	0
1781118902	XAUUSD	M5	4089.85	4084.60964	4119.00183	4055.05602			4088.91691	4091.06407	0
1781119202	XAUUSD	M5	4084.95	4084.01823	4118.41042	4054.46461			4087.84244	4089.45326	0
1781119502	XAUUSD	M5	4084.73	4083.42681	4117.81901	4053.87320			4087.47871	4088.46599	0
1781119802	XAUUSD	M5	4086.30	4082.83540	4117.22759	4053.28178			4087.57205	4088.01902	0
1781120102	XAUUSD	M5	4086.38	4082.24398	4116.63618	4052.69037			4087.67922	4087.84912	0
1781120402	XAUUSD	M5	4091.63	4081.65257	4116.04476	4052.09896			4087.40981	4087.62946	0
1781120702	XAUUSD	M5	4088.42	4081.06116	4115.45335	4051.50754			4086.33301	4086.98124	0
1781121002	XAUUSD	M5	4087.29	4080.46974	4114.86194	4050.91613			4084.39523	4085.68823	0
1781121302	XAUUSD	M5	4082.84	4079.87833	4114.27052	4050.32472			4081.74023	4083.71423	0
1781121602	XAUUSD	M5	4077.59	4079.28692	4113.67911	4049.73330			4078.79621	4081.25522	0
1781121902	XAUUSD	M5	4071.12	4078.69550	4113.08770	4049.14189			4076.15822	4078.70672	0
1781122202	XAUUSD	M5	4072.13	4078.10409	4112.49628	4048.55048			4074.41753	4076.56213	0
1781122502	XAUUSD	M5	4073.98	4077.51268	4111.90487	4047.95906			4073.79988	4075.18100	0
1781122802	XAUUSD	M5	4076.46	4076.92126	4111.31346	4047.36765			4074.20326	4074.69213	0
1781123102	XAUUSD	M5	4078.46	4076.32985	4110.72204	4046.77623			4075.20788	4074.95001	1
1781123402	XAUUSD	M5	4076.13	4075.73843	4110.13063	4046.18482			4076.17775	4075.56388	0
1781123702	XAUUSD	M5	4076.47	4075.14702	4109.53922	4045.59341			4076.48258	4076.02323	0
1781124002	XAUUSD	M5	4072.83	4074.55561	4108.94780	4045.00199			4075.52527	4075.77425	1
1781124302	XAUUSD	M5	4067.94	4073.96419	4108.35639	4044.41058			4073.03402	4074.40414	0
1781124602	XAUUSD	M5	4069.09	4073.37278	4107.76497	4043.81917			4069.12237	4071.76325	0
1781124902	XAUUSD	M5	4071.24	4072.78137	4107.17356	4043.22775			4064.14626	4067.95476	0
1781128802	XAUUSD	M5	4063.41	4072.18995	4106.58215	4042.63634			4058.72218	4063.33847	0
1781129102	XAUUSD	M5	4050.98	4071.59854	4105.99073	4042.04493			4053.85015	4058.59431	0
1781129402	XAUUSD	M5	4056.10	4071.00713	4105.39932	4041.45351			4050.53061	4054.56246	0
1781129702	XAUUSD	M5	4047.61	4070.41571	4104.80791	4040.86210			4049.02023	4051.79135	0
1781130002	XAUUSD	M5	4038.36	4069.82430	4104.21649	4040.27068			4049.44804	4050.61969	0
1781130302	XAUUSD	M5	4044.93	4069.23289	4103.62508	4039.67927			4051.52363	4051.07166	1
1781130602	XAUUSD	M5	4050.73	4068.64147	4103.03367	4039.08786			4054.22501	4052.64833	0
1781130902	XAUUSD	M5	4065.45	4068.05006	4102.44225	4038.49644			4056.45685	4054.55259	0
1781131202	XAUUSD	M5	4062.93	4067.45864	4101.85084	4037.90503			4057.10737	4055.82998	0
1781131502	XAUUSD	M5	4062.10	4066.86723	4101.25942	4037.31362			4055.90444	4055.86721	0
1781131802	XAUUSD	M5	4053.82	4066.27582	4100.66801	4036.72220			4053.04971	4054.45846	1
1781132102	XAUUSD	M5	4046.54	4065.68440	4100.07660	4036.13079			4049.37408	4051.91627	0
1781132402	XAUUSD	M5	4049.66	4065.09299	4099.48518	4035.53938			4045.91919	4048.91773	0
1781132702	XAUUSD	M5	4040.57	4064.50158	4098.89377	4034.94796			4043.43429	4046.17601	0
1781133002	XAUUSD	M5	4030.16	4063.91016	4098.30236	4034.35655		4023.88000	4042.68810	4044.43206	0
1781133302	XAUUSD	M5	4039.13	4063.31875	4097.71094	4033.76514			4044.03081	4044.23143	0
1781133602	XAUUSD	M5	4043.53	4062.72734	4097.11953	4033.17372			4046.86654	4045.54899	1
1781133902	XAUUSD	M5	4061.60	4062.13592	4096.52812	4032.58231			4050.34696	4047.94797	0
1781134202	XAUUSD	M5	4058.03	4061.54451	4095.93670	4031.99089			4053.19032	4050.56915	0
1781134502	XAUUSD	M5	4060.76	4060.95309	4095.34529	4031.39948			4054.81067	4052.68991	0
1781134802	XAUUSD	M5	4056.24	4060.36168	4094.75388	4030.80807			4054.86002	4053.77496	0
1781135102	XAUUSD	M5	4050.19	4059.77027	4094.16246	4030.21665			4053.60663	4053.69080	1
1781135402	XAUUSD	M5	4051.02	4059.17885	4093.57105	4029.62524			4051.72707	4052.70893	0
1781135702	XAUUSD	M5	4047.12	4058.58744	4092.97963	4029.03383			4049.94806	4051.32850	0
1781136002	XAUUSD	M5	4043.72	4057.99603	4092.38822	4028.44241			4049.09979	4050.21414	0
1781136302	XAUUSD	M5	4043.09	4057.40461	4091.79681	4027.85100			4049.77030	4049.99222	0
1781136602	XAUUSD	M5	4052.25	4056.81320	4091.20539	4027.25959			4052.08564	4051.03893	1
1781136902	XAUUSD	M5	4065.20	4056.22179	4090.61398	4026.66817			4055.54259	4053.29076	0
1781137202	XAUUSD	M5	4061.46	4055.63037	4090.02257	4026.07676			4059.27955	4056.28516	0
1781137502	XAUUSD	M5	4067.63	4055.03896	4089.43115	4025.48534			4062.76260	4059.52388	0
1781137802	XAUUSD	M5	4064.22	4054.44755	4088.83974	4024.89393			4065.39139	4062.45763	0
1781138102	XAUUSD	M5	4063.45	4053.85613	4088.24833	4024.30252			4067.12641	4064.79202	0
1781138402	XAUUSD	M5	4063.41	4053.26472	4087.65691	4023.71110			4068.23942	4066.51572	0
1781138702	XAUUSD	M5	4071.43	4052.67330	4087.06550	4023.11969			4069.26552	4067.89062	0
1781139002	XAUUSD	M5	4069.26	4052.08189	4086.47408	4022.52828			4070.68838	4069.28950	0
1781139302	XAUUSD	M5	4075.79	4051.49048	4085.88267	4021.93686			4073.19194	4071.24072	0
1781139602	XAUUSD	M5	4079.27	4050.89906	4085.29126	4021.34545			4077.00968	4074.12520	0
1781139902	XAUUSD	M5	4078.72	4050.30765	4084.69984	4020.75404			4082.12663	4078.12592	0
1781140202	XAUUSD	M5	4086.85	4049.71624	4084.10843	4020.16262			4088.29170	4083.20881	0
1781140502	XAUUSD	M5	4094.24	4049.12482	4083.51702	4019.57121			4094.83102	4089.01991	0
1781140802	XAUUSD	M5	4102.65	4048.53341	4082.92560	4018.97980			4100.98460	4095.00226	0
1781141102	XAUUSD	M5	4104.59	4047.94200	4082.33419	4018.38838			4106.02569	4100.51397	0
1781141402	XAUUSD	M5	4111.11	4047.35058	4081.74278	4017.79697			4109.57610	4105.04504	0
1781141702	XAUUSD	M5	4114.95	4046.75917	4081.15136	4017.20555			4111.37382	4108.20943	0
1781142002	XAUUSD	M5	4113.80	4046.16775	4080.55995	4016.61414	4118.22000		4111.45380	4109.83161	0
1781142302	XAUUSD	M5	4111.01	4045.57634	4079.96854	4016.02273			4110.13161	4109.98161	0
1781142602	XAUUSD	M5	4103.99	4044.98493	4079.37712	4015.43131			4107.78540	4108.88351	1
1781142902	XAUUSD	M5	4101.95	4044.39351	4078.78571	4014.83990			4104.82788	4106.85569	0
1781143202	XAUUSD	M5	4100.85	4043.80210	4078.19429	4014.24849			4101.40138	4104.12854	0
1781143502	XAUUSD	M5	4094.68	4043.21069	4077.60288	4013.65707			4097.51298	4100.82076	0
1781143802	XAUUSD	M5	4089.56	4042.61927	4077.01147	4013.06566			4093.20674	4097.01375	0
1781144102	XAUUSD	M5	4093.93	4042.02786	4076.42005	4012.47425			4088.51459	4092.76417	0
1781144402	XAUUSD	M5	4090.07	4041.43645	4075.82864	4011.88283			4083.34026	4088.05222	0
1781144702	XAUUSD	M5	4082.25	4040.84503	4075.23723	4011.29142			4077.93412	4082.99317	0
1781145002	XAUUSD	M5	4073.00	4040.25362	4074.64581	4010.70000			4072.79629	4077.89473	0
1781145302	XAUUSD	M5	4066.73	4039.66221	4074.05440	4010.10859			4068.52379	4073.20926	0
1781145602	XAUUSD	M5	4059.48	4039.07079	4073.46299	4009.51718			4065.56057	4069.38491	0
1781145902	XAUUSD	M5	4054.88	4038.47938	4072.87157	4008.92576		4052.60000	4064.17780	4066.78136	0
1781146202	XAUUSD	M5	4062.64	4037.88796	4072.28016	4008.33435			4064.31984	4065.55060	0
1781146502	XAUUSD	M5	4067.81	4037.29655	4071.68874	4007.74294			4065.17292	4065.36176	0
1781146802	XAUUSD	M5	4075.02	4036.70514	4071.09733	4007.15152			4066.44876	4065.90526	1
1781147102	XAUUSD	M5	4076.54	4036.11372	4070.50592	4006.56011			4067.61074	4066.75800	0
1781147402	XAUUSD	M5	4065.66	4035.52231	4069.91450	4005.96870			4068.26855	4067.51328	0
1781147702	XAUUSD	M5	4065.61	4034.93090	4069.32309	4005.37728			4068.37617	4067.94472	0
1781148002	XAUUSD	M5	4062.83	4034.33948	4068.73168	4004.78587			4067.94809	4067.94641	0
1781148302	XAUUSD	M5	4063.38	4033.74807	4068.14026	4004.19446			4067.25029	4067.59835	1
1781148602	XAUUSD	M5	4067.28	4033.15666	4067.54885	4003.60304			4066.61756	4067.10795	0
1781148902	XAUUSD	M5	4070.49	4032.56524	4066.95744	4003.01163			4066.37076	4066.73936	0
1781149202	XAUUSD	M5	4067.40	4031.97383	4066.36602	4002.42021			4066.77953	4066.75944	1
1781149502	XAUUSD	M5	4065.66	4031.38241	4065.77461	4001.82880			4068.06241	4067.41093	0
1781149802	XAUUSD	M5	4073.08	4030.79100	4065.18320	4001.23739			4070.22912	4068.82002	0
1781150102	XAUUSD	M5	4072.81	4030.19959	4064.59178	4000.64597			4072.91302	4070.86652	0
1781150402	XAUUSD	M5	4072.71	4029.60817	4064.00037	4000.05456			4075.77206	4073.31929	0
1781150702	XAUUSD	M5	4080.02	4029.01676	4063.40895	3999.46315			4078.42159	4075.87044	0
1781151002	XAUUSD	M5	4082.89	4028.42535	4062.81754	3998.87173			4080.36606	4078.11825	0
1781151302	XAUUSD	M5	4081.75	4027.83393	4062.22613	3998.28032			4081.35996	4079.73910	0
1781151602	XAUUSD	M5	4081.29	4027.24252	4061.63471	3997.68891			4081.47490	4080.60700	0
1781151902	XAUUSD	M5	4077.64	4026.65111	4061.04330	3997.09749			4080.97415	4080.79058	0
1781152202	XAUUSD	M5	4077.79	4026.05969	4060.45189	3996.50608			4080.32840	4080.55949	1
1781152502	XAUUSD	M5	4078.71	4025.46828	4059.86047	3995.91466			4079.89313	4080.22631	0
1781152802	XAUUSD	M5	4082.01	4024.87687	4059.26906	3995.32325			4079.90603	4080.06617	0
1781153102	XAUUSD	M5	4083.50	4024.28545	4058.67765	3994.73184			4080.30387	4080.18502	1
1781153402	XAUUSD	M5	4083.79	4023.69404	4058.08623	3994.14042			4080.83054	4080.50778	0
1781153702	XAUUSD	M5	4082.73	4023.10262	4057.49482	3993.54901			4081.17864	4080.84321	0
1781154002	XAUUSD	M5	4077.83	4022.51121	4056.90340	3992.95760			4081.09740	4080.97031	0
1781154302	XAUUSD	M5	4079.61	4021.91980	4056.31199	3992.36618			4080.81941	4080.89486	1
1781154602	XAUUSD	M5	4077.44	4021.32838	4055.72058	3991.77477			4080.12418	4080.50952	0
1781154902	XAUUSD	M5	4079.68	4020.73697	4055.12916	3991.18336			4079.51080	4080.01016	0
