timestamp	symbol	timeframe	close	ssa	ema_ssa	ssa_high	ssa_low	SSA Crossing
1775134802	XAUUSD	M15	4587.61	4587.04638	4587.04638	4599.98265	4572.44291	0
1775135702	XAUUSD	M15	4597.48	4601.53698	4594.29168	4610.38440	4582.02159	1
1775136602	XAUUSD	M15	4602.13	4619.08362	4606.68765	4627.26871	4596.20047	0
1775137502	XAUUSD	M15	4645.33	4638.66207	4622.67486	4646.73841	4613.19238	0
1775138402	XAUUSD	M15	4647.77	4654.68388	4638.67937	4663.13510	4630.47085	0
1775139302	XAUUSD	M15	4665.41	4667.26349	4652.97143	4675.99584	4644.82294	0
1775140202	XAUUSD	M15	4693.91	4675.08467	4664.02805	4684.16453	4655.29583	0
1775141102	XAUUSD	M15	4681.32	4677.18313	4670.60559	4686.86262	4661.44437	0
1775142002	XAUUSD	M15	4672.36	4675.70128	4673.15343	4685.65841	4663.34802	0
1775142902	XAUUSD	M15	4672.50	4672.29459	4672.72401	4682.30582	4662.35093	1
1775143802	XAUUSD	M15	4666.00	4667.96341	4670.34371	4677.95232	4659.89973	0
1775144702	XAUUSD	M15	4661.06	4663.69669	4667.02020	4673.59063	4656.76869	0
1775145602	XAUUSD	M15	4654.93	4660.15725	4663.58873	4669.95956	4653.95178	0
1775146502	XAUUSD	M15	4650.75	4657.61269	4660.60071	4667.09049	4651.87996	0
1775147402	XAUUSD	M15	4658.90	4656.01438	4658.30754	4665.19198	4650.64036	0
1775148302	XAUUSD	M15	4659.31	4654.87625	4656.59189	4663.63549	4649.79860	0
1775149202	XAUUSD	M15	4663.98	4654.12213	4655.35701	4662.31674	4649.03185	0
1775150102	XAUUSD	M15	4651.84	4653.70474	4654.53088	4661.33380	4648.36053	0
1775151002	XAUUSD	M15	4658.13	4654.01107	4654.27097	4660.87637	4648.03577	0
1775151902	XAUUSD	M15	4648.81	4654.88386	4654.57742	4661.17888	4648.37487	1
1775152802	XAUUSD	M15	4653.49	4656.45972	4655.51857	4662.18925	4649.58827	0
1775153702	XAUUSD	M15	4651.44	4658.56868	4657.04362	4663.87379	4651.77712	0
1775154602	XAUUSD	M15	4662.73	4661.17419	4659.10891	4666.19849	4654.88250	0
1775155502	XAUUSD	M15	4668.54	4663.97645	4661.54268	4668.90745	4658.67927	0
1775156402	XAUUSD	M15	4674.50	4666.72048	4664.13158	4671.66777	4662.60238	0
1775157302	XAUUSD	M15	4665.04	4669.08601	4666.60880	4674.08525	4666.02299	0
1775158202	XAUUSD	M15	4665.91	4670.93336	4668.77108	4675.96382	4668.40956	0
1775159102	XAUUSD	M15	4671.99	4671.88431	4670.32770	4677.14771	4669.23841	0
1775160002	XAUUSD	M15	4674.03	4671.48539	4670.90654	4677.21286	4668.02561	0
1775160902	XAUUSD	M15	4667.90	4669.46019	4670.18336	4675.95362	4664.51766	1
1775161802	XAUUSD	M15	4669.05	4665.56866	4667.87601	4673.15909	4658.65420	0
1775162702	XAUUSD	M15	4676.09	4659.91691	4663.89646	4668.95331	4650.75960	0
1775426402	XAUUSD	M15	4629.97	4652.61021	4658.25333	4663.42271	4641.49847	0
1775427302	XAUUSD	M15	4635.96	4645.37346	4651.81340	4657.19840	4632.91622	0
1775428202	XAUUSD	M15	4642.72	4638.31254	4645.06297	4651.14103	4625.15834	0
1775429102	XAUUSD	M15	4645.81	4631.39194	4638.22746	4645.24662	4618.43839	0
1775430002	XAUUSD	M15	4632.63	4624.67644	4631.45195	4639.29363	4613.40648	0
1775430902	XAUUSD	M15	4609.48	4618.79314	4625.12254	4633.42383	4609.43605	0
1775431802	XAUUSD	M15	4607.25	4614.73269	4619.92762	4628.35012	4606.81115	0
1775432702	XAUUSD	M15	4610.53	4612.82379	4616.37571	4624.85292	4605.49590	0
1775433602	XAUUSD	M15	4626.16	4613.05945	4614.71758	4623.15241	4605.33951	0
1775434502	XAUUSD	M15	4603.52	4614.91059	4614.81408	4623.21464	4606.31311	1
1775435402	XAUUSD	M15	4619.16	4618.77648	4616.79528	4625.01203	4608.57234	0
1775436302	XAUUSD	M15	4622.52	4623.79776	4620.29652	4628.60943	4611.99023	0
1775437202	XAUUSD	M15	4641.83	4629.34031	4624.81841	4633.55388	4616.07208	0
1775438102	XAUUSD	M15	4641.02	4634.30323	4629.56082	4638.87779	4620.39197	0
1775439002	XAUUSD	M15	4628.21	4638.28824	4633.92453	4644.01284	4624.69866	0
1775439902	XAUUSD	M15	4625.98	4641.39620	4637.66037	4648.46975	4628.59804	0
1775440802	XAUUSD	M15	4636.27	4643.54316	4640.60176	4652.09293	4631.83040	0
1775441702	XAUUSD	M15	4661.16	4644.35304	4642.47740	4654.16515	4634.09134	0
1775442602	XAUUSD	M15	4651.07	4643.25839	4642.86790	4653.66786	4634.97523	0
1775443502	XAUUSD	M15	4648.06	4641.00633	4641.93711	4651.07190	4634.46389	1
1775444402	XAUUSD	M15	4632.38	4638.42902	4640.18307	4647.43759	4632.98121	0
1775445302	XAUUSD	M15	4630.59	4636.80451	4638.49379	4644.00292	4631.72922	0
1775446202	XAUUSD	M15	4632.92	4636.88750	4637.69064	4642.09251	4631.54937	0
1775447102	XAUUSD	M15	4640.55	4638.98320	4638.33692	4642.49148	4632.98391	1
1775448002	XAUUSD	M15	4643.54	4642.84080	4640.58886	4645.21233	4636.10842	0
1775448902	XAUUSD	M15	4646.80	4647.95653	4644.27270	4649.82319	4640.51580	0
1775449802	XAUUSD	M15	4649.00	4653.54870	4648.91070	4655.71450	4645.67896	0
1775450702	XAUUSD	M15	4659.13	4658.75736	4653.83403	4661.85426	4650.85431	0
1775451602	XAUUSD	M15	4673.69	4662.58531	4658.20967	4667.07054	4655.18723	0
1775452502	XAUUSD	M15	4667.30	4664.17509	4661.19238	4670.16910	4657.78602	0
1775453402	XAUUSD	M15	4661.57	4663.70554	4662.44896	4670.81029	4658.12595	0
1775454302	XAUUSD	M15	4652.57	4661.78227	4662.11562	4669.48891	4656.48360	1
1775455202	XAUUSD	M15	4660.93	4659.30849	4660.71205	4666.89149	4653.65801	0
1775456102	XAUUSD	M15	4657.25	4656.82677	4658.76941	4664.04266	4650.66226	0
1775457002	XAUUSD	M15	4655.58	4655.24690	4657.00816	4661.88388	4648.16026	0
1775457902	XAUUSD	M15	4665.94	4655.34797	4656.17806	4661.32070	4647.04419	0
1775458802	XAUUSD	M15	4651.91	4657.32872	4656.75339	4662.74717	4647.94578	1
1775459702	XAUUSD	M15	4650.79	4661.74897	4659.25118	4666.40527	4651.35607	0
1775460602	XAUUSD	M15	4664.44	4668.39646	4663.82382	4672.40868	4657.28952	0
1775461502	XAUUSD	M15	4684.83	4676.27184	4670.04783	4679.86837	4665.12815	0
1775462402	XAUUSD	M15	4689.70	4684.00312	4677.02548	4687.33762	4673.77315	0
1775463302	XAUUSD	M15	4691.36	4690.69570	4683.86059	4693.87336	4681.87120	0
1775464202	XAUUSD	M15	4693.15	4695.77062	4689.81560	4698.89772	4688.58345	0
1775465102	XAUUSD	M15	4695.84	4698.95092	4694.38326	4702.18700	4693.31726	0
1775466002	XAUUSD	M15	4701.22	4700.27956	4697.33141	4703.77603	4695.91674	0
1775466902	XAUUSD	M15	4702.70	4699.99690	4698.66416	4703.88664	4696.49327	0
1775467802	XAUUSD	M15	4703.45	4698.58558	4698.62487	4703.01322	4695.49302	1
1775468702	XAUUSD	M15	4693.71	4696.54086	4697.58287	4701.55445	4693.43705	0
1775469602	XAUUSD	M15	4686.83	4694.50943	4696.04615	4699.89940	4691.16263	0
1775470502	XAUUSD	M15	4689.87	4692.85968	4694.45291	4698.45388	4689.18615	0
1775471402	XAUUSD	M15	4695.61	4691.42027	4692.93659	4697.31930	4687.61531	0
1775472302	XAUUSD	M15	4689.82	4689.78215	4691.35937	4696.15583	4686.25088	0
1775473202	XAUUSD	M15	4689.57	4687.83287	4689.59612	4694.68428	4684.84423	0
1775474102	XAUUSD	M15	4688.50	4685.38338	4687.48975	4692.61782	4682.90204	0
1775475002	XAUUSD	M15	4685.34	4682.38896	4684.93936	4689.95929	4680.25374	0
1775475902	XAUUSD	M15	4678.09	4679.04638	4681.99287	4686.71720	4676.84182	0
1775476802	XAUUSD	M15	4672.52	4675.80596	4678.89941	4683.39866	4673.04379	0
1775477702	XAUUSD	M15	4666.07	4673.11758	4676.00850	4680.34227	4669.32570	0
1775478602	XAUUSD	M15	4676.87	4671.39797	4673.70324	4678.26704	4666.34813	0
1775479502	XAUUSD	M15	4675.88	4670.47573	4672.08948	4677.30363	4664.22158	0
1775480402	XAUUSD	M15	4668.59	4670.43765	4671.26357	4677.49541	4662.87129	0
1775481302	XAUUSD	M15	4668.58	4671.43079	4671.34718	4678.88909	4662.61551	1
1775482202	XAUUSD	M15	4665.55	4673.22189	4672.28454	4681.31861	4663.33160	0
1775483102	XAUUSD	M15	4680.15	4675.46382	4673.87418	4684.13006	4664.65335	0
1775484002	XAUUSD	M15	4672.80	4677.24602	4675.56010	4686.65969	4666.14649	0
1775484902	XAUUSD	M15	4686.29	4678.33302	4676.94656	4688.10382	4667.41775	0
1775485802	XAUUSD	M15	4684.65	4678.05493	4677.50075	4688.14589	4667.86381	0
1775486702	XAUUSD	M15	4682.66	4676.44831	4676.97453	4686.41018	4667.16088	1
1775487602	XAUUSD	M15	4662.40	4673.80779	4675.39116	4683.34790	4665.51372	0
1775488502	XAUUSD	M15	4667.39	4671.05872	4673.22494	4679.48044	4663.55813	0
1775489402	XAUUSD	M15	4660.82	4668.37160	4670.79827	4675.63381	4661.74019	0
1775490302	XAUUSD	M15	4668.12	4666.13784	4668.46806	4672.17215	4660.33416	0
1775491202	XAUUSD	M15	4670.31	4664.20433	4666.33619	4669.35712	4659.17787	0
1775492102	XAUUSD	M15	4665.73	4662.45468	4664.39544	4667.19548	4658.11247	0
1775493002	XAUUSD	M15	4663.16	4660.93461	4662.66502	4665.57835	4656.95497	0
1775493902	XAUUSD	M15	4660.56	4659.64158	4661.15330	4664.40476	4655.69109	0
1775494802	XAUUSD	M15	4654.00	4658.56547	4659.85938	4663.63301	4654.44414	0
1775495702	XAUUSD	M15	4656.26	4657.82074	4658.84006	4663.23622	4653.53830	0
1775496602	XAUUSD	M15	4656.31	4657.25357	4658.04682	4663.04851	4652.84378	0
1775497502	XAUUSD	M15	4653.52	4656.73630	4657.39156	4662.87319	4652.25065	0
1775498402	XAUUSD	M15	4659.40	4656.21794	4656.80475	4662.59388	4651.72357	0
1775499302	XAUUSD	M15	4660.36	4655.45375	4656.12925	4661.78337	4651.21997	0
1775500202	XAUUSD	M15	4650.55	4654.46613	4655.29769	4660.48913	4650.51648	0
1775501102	XAUUSD	M15	4658.35	4653.68692	4654.49230	4658.88484	4649.93096	0
1775502002	XAUUSD	M15	4650.85	4653.06369	4653.77800	4657.36120	4649.57170	0
1775502902	XAUUSD	M15	4650.38	4652.92317	4653.35058	4656.18732	4649.48890	0
1775503802	XAUUSD	M15	4651.86	4653.29483	4653.32271	4655.79022	4649.82774	0
1775504702	XAUUSD	M15	4655.60	4654.04177	4653.68224	4656.15389	4650.46737	1
1775505602	XAUUSD	M15	4657.23	4654.89486	4654.28855	4657.07189	4651.23118	0
1775506502	XAUUSD	M15	4655.98	4655.64857	4654.96856	4658.34349	4651.99366	0
1775507402	XAUUSD	M15	4653.28	4656.28123	4655.62490	4659.71475	4652.60152	0
1775508302	XAUUSD	M15	4650.67	4656.89529	4656.26009	4660.97349	4653.15597	0
1775512802	XAUUSD	M15	4663.66	4657.62304	4656.94157	4662.07009	4653.75185	0
1775513702	XAUUSD	M15	4662.25	4658.12432	4657.53294	4662.55272	4654.42657	0
1775514602	XAUUSD	M15	4659.13	4658.43576	4657.98435	4662.47131	4654.99004	0
1775515502	XAUUSD	M15	4658.29	4658.66670	4658.32553	4662.01932	4655.46255	0
1775516402	XAUUSD	M15	4660.17	4658.84927	4658.58740	4661.39984	4655.89418	0
1775517302	XAUUSD	M15	4654.49	4658.92661	4658.75700	4660.83092	4656.20295	0
1775518202	XAUUSD	M15	4655.38	4659.03537	4658.89618	4660.50428	4656.32222	0
1775519102	XAUUSD	M15	4658.88	4659.05424	4658.97521	4660.63484	4656.03596	0
1775520002	XAUUSD	M15	4657.66	4658.66995	4658.82258	4661.05896	4654.94492	1
1775520902	XAUUSD	M15	4659.25	4657.63856	4658.23057	4661.53978	4652.87511	0
1775521802	XAUUSD	M15	4660.87	4655.64529	4656.93793	4661.70765	4649.44592	0
1775522702	XAUUSD	M15	4655.20	4652.50869	4654.72331	4661.15603	4644.66995	0
1775523602	XAUUSD	M15	4641.13	4648.50382	4651.61356	4659.58352	4638.94479	0
1775524502	XAUUSD	M15	4654.86	4644.38905	4648.00131	4656.87325	4633.52188	0
1775525402	XAUUSD	M15	4642.03	4640.29794	4644.14962	4653.45144	4628.78856	0
1775526302	XAUUSD	M15	4627.14	4637.16943	4640.65953	4649.64953	4625.59949	0
1775527202	XAUUSD	M15	4626.94	4635.85240	4638.25596	4646.43244	4624.70634	0
1775528102	XAUUSD	M15	4634.87	4636.48035	4637.36816	4644.61277	4626.11636	0
1775529002	XAUUSD	M15	4646.32	4638.59041	4637.97928	4644.36084	4629.49514	1
1775529902	XAUUSD	M15	4650.53	4641.39168	4639.68548	4645.23162	4634.02046	0
1775530802	XAUUSD	M15	4645.23	4644.28667	4641.98607	4646.75496	4638.72269	0
1775531702	XAUUSD	M15	4642.84	4647.05298	4644.51953	4648.63196	4643.05875	0
1775532602	XAUUSD	M15	4648.10	4649.49438	4647.00696	4650.78386	4646.55407	0
1775533502	XAUUSD	M15	4649.44	4651.31126	4649.15911	4652.98856	4648.82970	0
1775534402	XAUUSD	M15	4646.25	4652.36114	4650.76013	4654.98528	4649.65777	0
1775535302	XAUUSD	M15	4650.08	4652.68224	4651.72119	4656.58754	4649.17811	0
1775536202	XAUUSD	M15	4661.81	4652.18735	4651.95427	4657.63383	4647.65693	0
1775537102	XAUUSD	M15	4659.35	4650.67192	4651.31309	4657.68102	4645.36539	1
1775538002	XAUUSD	M15	4655.64	4648.46458	4649.88883	4656.75871	4642.48435	0
1775538902	XAUUSD	M15	4633.25	4646.04615	4647.96749	4655.08807	4639.56169	0
1775539802	XAUUSD	M15	4631.75	4644.38626	4646.17688	4653.03346	4637.52714	0
1775540702	XAUUSD	M15	4642.99	4643.64373	4644.91030	4651.31817	4636.67595	0
1775541602	XAUUSD	M15	4647.34	4643.42193	4644.16612	4649.99490	4636.70698	0
1775542502	XAUUSD	M15	4641.30	4643.46812	4643.81712	4649.12481	4637.14742	0
1775543402	XAUUSD	M15	4652.47	4643.88554	4643.85133	4648.79855	4637.79327	1
1775544302	XAUUSD	M15	4653.55	4644.48742	4644.16937	4649.07019	4638.53633	0
1775545202	XAUUSD	M15	4651.56	4645.56026	4644.86482	4650.15407	4639.39842	0
1775546102	XAUUSD	M15	4639.75	4647.63125	4646.24803	4652.39736	4640.77439	0
1775547002	XAUUSD	M15	4643.76	4651.45757	4648.85280	4656.21777	4643.40597	0
1775547902	XAUUSD	M15	4646.10	4657.03377	4652.94329	4661.94179	4647.68999	0
1775548802	XAUUSD	M15	4663.43	4663.98200	4658.46264	4669.27995	4653.58326	0
1775549702	XAUUSD	M15	4678.26	4671.15999	4664.81132	4677.06938	4660.54531	0
1775550602	XAUUSD	M15	4683.16	4677.32647	4671.06889	4683.77405	4667.49320	0
1775551502	XAUUSD	M15	4683.07	4681.61244	4676.34067	4688.72854	4673.00785	0
1775552402	XAUUSD	M15	4685.16	4683.51693	4679.92880	4691.42931	4676.18368	0
1775553302	XAUUSD	M15	4686.92	4682.82819	4681.37849	4691.51197	4676.44427	0
1775554202	XAUUSD	M15	4667.28	4679.67466	4680.52658	4689.09124	4673.64131	1
1775555102	XAUUSD	M15	4670.88	4675.03144	4677.77901	4684.78952	4668.56136	0
1775556002	XAUUSD	M15	4676.73	4669.38557	4673.58229	4679.50124	4662.10266	0
1775556902	XAUUSD	M15	4668.12	4663.24828	4668.41528	4673.72559	4655.10256	0
1775557802	XAUUSD	M15	4662.30	4657.60389	4663.00959	4668.09148	4648.70573	0
1775558702	XAUUSD	M15	4652.06	4653.29566	4658.15263	4663.42745	4643.86627	0
1775559602	XAUUSD	M15	4635.79	4651.07025	4654.61144	4660.44073	4641.29623	0
1775560502	XAUUSD	M15	4648.16	4651.42834	4653.01989	4659.43298	4641.61802	0
1775561402	XAUUSD	M15	4663.10	4653.57671	4653.29830	4660.28115	4644.27950	1
1775562302	XAUUSD	M15	4659.81	4656.25808	4654.77819	4662.13381	4648.01115	0
1775563202	XAUUSD	M15	4655.16	4658.60830	4656.69324	4664.22462	4651.46973	0
1775564102	XAUUSD	M15	4665.69	4659.93371	4658.31348	4665.83018	4653.72069	0
1775565002	XAUUSD	M15	4656.89	4659.42147	4658.86748	4666.24921	4654.00369	0
1775565902	XAUUSD	M15	4651.48	4657.23582	4658.05165	4665.40698	4651.87221	1
1775566802	XAUUSD	M15	4656.78	4653.83741	4655.94453	4663.57097	4647.72489	0
1775567702	XAUUSD	M15	4658.23	4649.59794	4652.77124	4661.12401	4642.08141	0
1775568602	XAUUSD	M15	4639.92	4645.09299	4648.93211	4658.34788	4635.72667	0
1775569502	XAUUSD	M15	4644.34	4641.40725	4645.16968	4655.54400	4629.98475	0
1775570402	XAUUSD	M15	4622.28	4638.84354	4642.00661	4653.27092	4625.63929	0
1775571302	XAUUSD	M15	4645.16	4638.18576	4640.09619	4651.91983	4623.98277	0
1775572202	XAUUSD	M15	4647.16	4638.72164	4639.40892	4651.40541	4625.01812	0
1775573102	XAUUSD	M15	4633.43	4640.28887	4639.84889	4651.43828	4627.58798	1
1775574002	XAUUSD	M15	4643.05	4643.13794	4641.49342	4652.19183	4631.50934	0
1775574902	XAUUSD	M15	4653.13	4646.74306	4644.11824	4654.06288	4636.37083	0
1775575802	XAUUSD	M15	4645.62	4650.47445	4647.29635	4656.62410	4641.26528	0
1775576702	XAUUSD	M15	4655.55	4654.22621	4650.76128	4659.52572	4645.84745	0
1775577602	XAUUSD	M15	4658.84	4657.50124	4654.13126	4662.47138	4649.84082	0
1775578502	XAUUSD	M15	4662.99	4660.14415	4657.13770	4665.09861	4653.09644	0
1775579402	XAUUSD	M15	4660.90	4662.15428	4659.64599	4667.44113	4655.73510	0
1775580302	XAUUSD	M15	4657.09	4663.85814	4661.75207	4669.69877	4657.93772	0
1775581202	XAUUSD	M15	4668.14	4665.69843	4663.72525	4672.06154	4659.90985	0
1775582102	XAUUSD	M15	4660.50	4667.61148	4665.66836	4674.39252	4661.79537	0
1775583002	XAUUSD	M15	4672.34	4669.90205	4667.78521	4676.90081	4663.72972	0
1775583902	XAUUSD	M15	4675.87	4672.19396	4669.98958	4679.07098	4665.55723	0
1775584802	XAUUSD	M15	4684.03	4674.30537	4672.14748	4681.14001	4667.02796	0
1775585702	XAUUSD	M15	4680.31	4675.97427	4674.06087	4683.07534	4668.15511	0
1775586602	XAUUSD	M15	4679.67	4677.41450	4675.73769	4684.98713	4669.15005	0
1775587502	XAUUSD	M15	4662.06	4678.87148	4677.30459	4687.03495	4670.33874	0
1775588402	XAUUSD	M15	4667.85	4681.04997	4679.17728	4689.53631	4672.51813	0
1775589302	XAUUSD	M15	4687.46	4683.93171	4681.55449	4692.88692	4675.73680	0
1775590202	XAUUSD	M15	4687.08	4687.13517	4684.34483	4696.24055	4679.79077	0
1775591102	XAUUSD	M15	4700.61	4690.99919	4687.67201	4700.19659	4684.21499	0
1775592002	XAUUSD	M15	4708.65	4695.67670	4691.67436	4704.52422	4688.95399	0
1775592902	XAUUSD	M15	4710.21	4701.73151	4696.70294	4710.26881	4694.02599	0
1775593802	XAUUSD	M15	4708.21	4710.03809	4703.37051	4718.33229	4699.88253	0
1775594702	XAUUSD	M15	4705.56	4721.43995	4712.40523	4729.41507	4707.38449	0
1775599202	XAUUSD	M15	4731.87	4736.37743	4724.39133	4743.97986	4717.34814	0
1775600102	XAUUSD	M15	4735.63	4753.88168	4739.13651	4760.80579	4729.96589	0
1775601002	XAUUSD	M15	4770.02	4773.02422	4756.08036	4779.64616	4745.21275	0
1775601902	XAUUSD	M15	4818.50	4791.63753	4773.85894	4798.23165	4762.89694	0
1775602802	XAUUSD	M15	4817.94	4807.09243	4790.47569	4814.30391	4780.70749	0
1775603702	XAUUSD	M15	4814.83	4818.58702	4804.53135	4826.84326	4796.29319	0
1775604602	XAUUSD	M15	4813.25	4825.96409	4815.24772	4835.32971	4808.36156	0
1775605502	XAUUSD	M15	4833.20	4829.45261	4822.35017	4840.11122	4816.31321	0
1775606402	XAUUSD	M15	4834.27	4829.03061	4825.69039	4841.01952	4819.86095	0
1775607302	XAUUSD	M15	4822.75	4825.57319	4825.63179	4838.19648	4818.98165	1
1775608202	XAUUSD	M15	4813.83	4820.50652	4823.06915	4833.21039	4815.04589	0
1775609102	XAUUSD	M15	4817.79	4815.19567	4819.13241	4827.62671	4809.62901	0
1775610002	XAUUSD	M15	4820.10	4810.46580	4814.79911	4822.40940	4804.22368	0
1775610902	XAUUSD	M15	4794.28	4806.91243	4810.85577	4818.33562	4800.01854	0
1775611802	XAUUSD	M15	4800.22	4805.50422	4808.17999	4815.77554	4797.98126	0
1775612702	XAUUSD	M15	4810.29	4805.77314	4806.97657	4815.03515	4798.18394	0
1775613602	XAUUSD	M15	4813.86	4806.75288	4806.86472	4815.22375	4799.76601	0
1775614502	XAUUSD	M15	4811.55	4807.53138	4807.19805	4815.23785	4801.52979	1
1775615402	XAUUSD	M15	4806.53	4807.49140	4807.34472	4814.72046	4802.67394	0
1775616302	XAUUSD	M15	4804.17	4806.41403	4806.87938	4813.06052	4802.63628	1
1775617202	XAUUSD	M15	4799.11	4804.41943	4805.64940	4810.53996	4801.41582	0
1775618102	XAUUSD	M15	4803.29	4802.03777	4803.84359	4807.53665	4799.24488	0
1775619002	XAUUSD	M15	4800.70	4799.74823	4801.79591	4804.58470	4796.68428	0
1775619902	XAUUSD	M15	4797.83	4798.21297	4800.00444	4802.29776	4794.43768	0
1775620802	XAUUSD	M15	4797.69	4797.99129	4798.99787	4801.21507	4793.12545	0
1775621702	XAUUSD	M15	4802.54	4799.37974	4799.18881	4801.86115	4793.31961	1
1775622602	XAUUSD	M15	4803.01	4802.27337	4800.73109	4804.34217	4795.34774	0
1775623502	XAUUSD	M15	4804.01	4806.48870	4803.60989	4808.55409	4798.87100	0
1775624402	XAUUSD	M15	4809.58	4811.68773	4807.64881	4814.27416	4803.64508	0
1775625302	XAUUSD	M15	4815.91	4817.23418	4812.44149	4820.79422	4809.09224	0
1775626202	XAUUSD	M15	4822.54	4822.38628	4817.41389	4827.24790	4814.41673	0
1775627102	XAUUSD	M15	4827.79	4826.41773	4821.91581	4832.65298	4818.82996	0
1775628002	XAUUSD	M15	4826.44	4828.81408	4825.36495	4835.95962	4821.70592	0
1775628902	XAUUSD	M15	4836.63	4829.45313	4827.40904	4837.15484	4822.81912	0
1775629802	XAUUSD	M15	4835.71	4828.10966	4827.75935	4836.27709	4822.11812	0
1775630702	XAUUSD	M15	4820.45	4825.16084	4826.46010	4833.62459	4819.75118	1
1775631602	XAUUSD	M15	4812.59	4821.54187	4824.00098	4829.76971	4816.38035	0
1775632502	XAUUSD	M15	4818.65	4817.90541	4820.95320	4825.83132	4812.69925	0
1775633402	XAUUSD	M15	4809.03	4814.31983	4817.63651	4822.16737	4809.01392	0
1775634302	XAUUSD	M15	4813.53	4811.08516	4814.36084	4818.97920	4805.55550	0
1775635202	XAUUSD	M15	4815.16	4807.93296	4811.14690	4816.12134	4802.20289	0
1775636102	XAUUSD	M15	4808.60	4804.60756	4807.87723	4813.38420	4798.82663	0
1775637002	XAUUSD	M15	4793.58	4801.12975	4804.50349	4810.46496	4795.52577	0
1775637902	XAUUSD	M15	4794.23	4797.85131	4801.17740	4807.44316	4792.39730	0
1775638802	XAUUSD	M15	4801.01	4794.73572	4797.95656	4804.31711	4789.35108	0
1775639702	XAUUSD	M15	4798.49	4791.56955	4794.76305	4801.10966	4786.29000	0
1775640602	XAUUSD	M15	4781.90	4788.49966	4791.63136	4797.71252	4783.23668	0
1775641502	XAUUSD	M15	4783.06	4786.15417	4788.89277	4794.39720	4780.80851	0
1775642402	XAUUSD	M15	4782.77	4784.65650	4786.77463	4791.86240	4779.14307	0
1775643302	XAUUSD	M15	4782.61	4784.10733	4785.44098	4790.29540	4778.15488	0
1775644202	XAUUSD	M15	4791.74	4784.52237	4784.98167	4790.04075	4778.10050	0
1775645102	XAUUSD	M15	4782.71	4785.57803	4785.27985	4790.83976	4778.66072	1
1775646002	XAUUSD	M15	4787.46	4787.43254	4786.35620	4792.44769	4779.66715	0
1775646902	XAUUSD	M15	4789.76	4789.77941	4788.06780	4794.80443	4781.09651	0
1775647802	XAUUSD	M15	4790.34	4792.29908	4790.18344	4797.46896	4782.78747	0
1775648702	XAUUSD	M15	4798.30	4794.65637	4792.41991	4800.27017	4784.75158	0
1775649602	XAUUSD	M15	4805.31	4796.32809	4794.37400	4802.61923	4786.54072	0
1775650502	XAUUSD	M15	4784.36	4796.88602	4795.63001	4804.15361	4787.73143	0
1775651402	XAUUSD	M15	4794.86	4796.76637	4796.19819	4804.77037	4788.81288	0
1775652302	XAUUSD	M15	4799.53	4795.50937	4795.85378	4804.55578	4789.01013	1
1775653202	XAUUSD	M15	4793.27	4792.81794	4794.33586	4803.24422	4787.60057	0
1775654102	XAUUSD	M15	4790.44	4788.76147	4791.54867	4800.57915	4784.35339	0
1775655002	XAUUSD	M15	4774.70	4783.40784	4787.47825	4796.65079	4779.19850	0
1775655902	XAUUSD	M15	4778.14	4777.29631	4782.38728	4791.55836	4772.69610	0
1775656802	XAUUSD	M15	4780.25	4770.51537	4776.45133	4785.55661	4765.36720	0
1775657702	XAUUSD	M15	4767.49	4763.36037	4769.90585	4778.77969	4757.59092	0
1775658602	XAUUSD	M15	4760.27	4756.72700	4763.31643	4771.81035	4750.47515	0
1775659502	XAUUSD	M15	4736.57	4751.42595	4757.37119	4765.60594	4744.98484	0
1775660402	XAUUSD	M15	4743.45	4748.57456	4752.97287	4760.79623	4742.09107	0
1775661302	XAUUSD	M15	4751.04	4748.09545	4750.53416	4758.11073	4741.85160	0
1775662202	XAUUSD	M15	4755.85	4749.49516	4750.01466	4757.32470	4743.73014	0
1775663102	XAUUSD	M15	4756.69	4752.08027	4751.04746	4758.04434	4746.87807	1
1775664002	XAUUSD	M15	4753.96	4755.07892	4753.06319	4759.70503	4750.34059	0
1775664902	XAUUSD	M15	4750.19	4757.73903	4755.40111	4761.66100	4753.23004	0
1775665802	XAUUSD	M15	4758.58	4759.36892	4757.38502	4763.39498	4754.90499	0
1775666702	XAUUSD	M15	4760.53	4759.05040	4758.21771	4764.04753	4754.62148	0
1775667602	XAUUSD	M15	4760.81	4756.36223	4757.28997	4762.90031	4751.77391	1
1775668502	XAUUSD	M15	4751.07	4751.28750	4754.28874	4759.69602	4746.36872	0
1775669402	XAUUSD	M15	4740.70	4744.43873	4749.36373	4754.52971	4739.08083	0
1775670302	XAUUSD	M15	4733.81	4736.73110	4743.04742	4747.98706	4730.84531	0
1775671202	XAUUSD	M15	4743.77	4729.10756	4736.07749	4740.99821	4722.62466	0
1775672102	XAUUSD	M15	4722.56	4722.03803	4729.05776	4734.13518	4715.35381	0
1775673002	XAUUSD	M15	4709.61	4716.81709	4722.93743	4728.04248	4710.01944	0
1775673902	XAUUSD	M15	4705.56	4714.17567	4718.55655	4723.78433	4707.23160	0
1775674802	XAUUSD	M15	4715.71	4714.12146	4716.33900	4721.78746	4707.05708	0
1775675702	XAUUSD	M15	4708.81	4715.82696	4716.08298	4721.86683	4709.11112	0
1775676602	XAUUSD	M15	4722.03	4718.68275	4717.38287	4723.42654	4712.39003	1
1775677502	XAUUSD	M15	4730.94	4721.43702	4719.40994	4725.57386	4715.93615	0
1775678402	XAUUSD	M15	4728.02	4723.15591	4721.28292	4727.42285	4718.55015	0
1775679302	XAUUSD	M15	4723.30	4723.53530	4722.40911	4728.45875	4719.55396	0
1775680202	XAUUSD	M15	4722.43	4722.68021	4722.54466	4728.48441	4718.93043	0
1775681102	XAUUSD	M15	4719.30	4720.85585	4721.70026	4727.64865	4716.94179	1
1775685602	XAUUSD	M15	4711.97	4718.50142	4720.10084	4726.08564	4714.17509	0
1775686502	XAUUSD	M15	4713.31	4716.18924	4718.14504	4723.80525	4711.38486	0
1775687402	XAUUSD	M15	4712.92	4714.12493	4716.13499	4721.51611	4709.11224	0
1775688302	XAUUSD	M15	4717.70	4712.41466	4714.27482	4719.37130	4707.50516	0
1775689202	XAUUSD	M15	4708.65	4710.94704	4712.61093	4717.51235	4706.35367	0
1775690102	XAUUSD	M15	4710.15	4709.97815	4711.29454	4716.12100	4705.60826	0
1775691002	XAUUSD	M15	4713.59	4709.44547	4710.37000	4715.30774	4705.01179	0
1775691902	XAUUSD	M15	4715.66	4709.18440	4709.77720	4715.08708	4704.34565	0
1775692802	XAUUSD	M15	4702.29	4709.14745	4709.46233	4715.32430	4703.44861	0
1775693702	XAUUSD	M15	4706.45	4709.76089	4709.61161	4716.12953	4702.86196	1
1775694602	XAUUSD	M15	4718.38	4710.96355	4710.28758	4717.59463	4702.80612	0
1775695502	XAUUSD	M15	4706.83	4712.45721	4711.37240	4719.49823	4703.44237	0
1775696402	XAUUSD	M15	4720.74	4714.57978	4712.97609	4721.72203	4704.95797	0
1775697302	XAUUSD	M15	4704.93	4716.84059	4714.90834	4724.01902	4707.50914	0
1775698202	XAUUSD	M15	4717.71	4719.48613	4717.19723	4726.12041	4710.76433	0
1775699102	XAUUSD	M15	4727.47	4721.82196	4719.50960	4727.81745	4714.23684	0
1775700002	XAUUSD	M15	4723.05	4723.23379	4721.37169	4728.67363	4717.02788	0
1775700902	XAUUSD	M15	4725.67	4723.61823	4722.49496	4728.52304	4718.59731	0
1775701802	XAUUSD	M15	4732.60	4722.85100	4722.67298	4727.39615	4718.69067	0
1775702702	XAUUSD	M15	4719.30	4720.91768	4721.79533	4725.33456	4717.34849	1
1775703602	XAUUSD	M15	4712.79	4718.62656	4720.21094	4722.69755	4715.18348	0
1775704502	XAUUSD	M15	4712.81	4716.67071	4718.44083	4720.32976	4712.92629	0
1775705402	XAUUSD	M15	4715.03	4715.46469	4716.95276	4718.85965	4711.28746	0
1775706302	XAUUSD	M15	4711.49	4715.17028	4716.06152	4718.48675	4710.45724	0
1775707202	XAUUSD	M15	4721.74	4715.88479	4715.97315	4719.22003	4710.68658	0
1775708102	XAUUSD	M15	4716.94	4717.08442	4716.52879	4720.63458	4711.73808	1
1775709002	XAUUSD	M15	4720.82	4718.55651	4717.54265	4722.36078	4713.06379	0
1775709902	XAUUSD	M15	4720.77	4719.85171	4718.69718	4724.01367	4714.29662	0
1775710802	XAUUSD	M15	4713.98	4720.67946	4719.68832	4725.24362	4714.91309	0
1775711702	XAUUSD	M15	4726.21	4721.02667	4720.35749	4725.90522	4714.89760	0
1775712602	XAUUSD	M15	4723.83	4720.47815	4720.41782	4725.85995	4714.10169	0
1775713502	XAUUSD	M15	4713.20	4719.21805	4719.81794	4725.20763	4712.55381	1
1775714402	XAUUSD	M15	4719.17	4717.82785	4718.82289	4724.25433	4710.76972	0
1775715302	XAUUSD	M15	4718.33	4716.47044	4717.64667	4723.26532	4708.95349	0
1775716202	XAUUSD	M15	4713.69	4715.53080	4716.58873	4722.65227	4707.45311	0
1775717102	XAUUSD	M15	4712.50	4715.42375	4716.00624	4722.62314	4706.64020	0
1775718002	XAUUSD	M15	4724.56	4716.29589	4716.15107	4723.50034	4706.95990	1
1775718902	XAUUSD	M15	4708.39	4717.72695	4716.93901	4724.77735	4708.33554	0
1775719802	XAUUSD	M15	4722.59	4719.92935	4718.43418	4726.40061	4710.72135	0
1775720702	XAUUSD	M15	4724.43	4722.16847	4720.30132	4727.93230	4713.74462	0
1775721602	XAUUSD	M15	4724.09	4724.06420	4722.18276	4729.30501	4716.93569	0
1775722502	XAUUSD	M15	4721.49	4725.44328	4723.81302	4730.31963	4719.72042	0
1775723402	XAUUSD	M15	4729.75	4726.42172	4725.11737	4730.94450	4721.85517	0
1775724302	XAUUSD	M15	4726.40	4726.95714	4726.03725	4731.18841	4723.34285	0
1775725202	XAUUSD	M15	4730.83	4727.45269	4726.74497	4731.32511	4724.21212	0
1775726102	XAUUSD	M15	4729.69	4728.08984	4727.41740	4731.67997	4724.86115	0
1775727002	XAUUSD	M15	4726.74	4729.14874	4728.28307	4732.51793	4725.51771	0
1775727902	XAUUSD	M15	4729.26	4730.85386	4729.56847	4734.00572	4726.58137	0
1775728802	XAUUSD	M15	4727.35	4733.12581	4731.34714	4736.19306	4728.33523	0
1775729702	XAUUSD	M15	4738.11	4735.87965	4733.61340	4738.88025	4730.73855	0
1775730602	XAUUSD	M15	4740.83	4738.61480	4736.11410	4741.66405	4733.65266	0
1775731502	XAUUSD	M15	4741.15	4741.07060	4738.59235	4744.30997	4736.44006	0
1775732402	XAUUSD	M15	4739.24	4743.09616	4740.84425	4746.53688	4738.71296	0
1775733302	XAUUSD	M15	4745.86	4744.69378	4742.76902	4748.36506	4740.28965	0
1775734202	XAUUSD	M15	4751.06	4745.70529	4744.23715	4749.74769	4741.11889	0
1775735102	XAUUSD	M15	4756.57	4746.13100	4745.18408	4750.70580	4741.22910	0
1775736002	XAUUSD	M15	4742.50	4746.15125	4745.66767	4751.31485	4740.74801	0
1775736902	XAUUSD	M15	4738.09	4746.59203	4746.12985	4751.87128	4740.33070	0
1775737802	XAUUSD	M15	4743.77	4747.94830	4747.03907	4753.16341	4740.59105	0
1775738702	XAUUSD	M15	4745.59	4750.22831	4748.63369	4755.32547	4741.77561	0
1775739602	XAUUSD	M15	4754.65	4753.31129	4750.97249	4758.39031	4743.86919	0
1775740502	XAUUSD	M15	4752.55	4756.71592	4753.84421	4761.93783	4746.67530	0
1775741402	XAUUSD	M15	4775.80	4760.20931	4757.02676	4765.63601	4749.59757	0
1775742302	XAUUSD	M15	4764.34	4762.89436	4759.96056	4768.70836	4752.42256	0
1775743202	XAUUSD	M15	4770.96	4765.09015	4762.52535	4771.11706	4754.81316	0
1775744102	XAUUSD	M15	4765.76	4766.83641	4764.68088	4773.05168	4756.84322	0
1775745002	XAUUSD	M15	4755.83	4768.65546	4766.66817	4774.94627	4758.86293	0
1775745902	XAUUSD	M15	4768.77	4771.20423	4768.93620	4777.31432	4761.59592	0
1775746802	XAUUSD	M15	4769.21	4774.36513	4771.65067	4780.37808	4765.13938	0
1775747702	XAUUSD	M15	4778.98	4778.14376	4774.89721	4784.13740	4769.44958	0
1775748602	XAUUSD	M15	4790.42	4782.12437	4778.51079	4788.01888	4774.22512	0
1775749502	XAUUSD	M15	4792.84	4785.78887	4782.14983	4791.47677	4778.99379	0
1775750402	XAUUSD	M15	4788.25	4788.89288	4785.52135	4794.44007	4783.29509	0
1775751302	XAUUSD	M15	4792.81	4791.42974	4788.47555	4796.62119	4786.74539	0
1775752202	XAUUSD	M15	4787.37	4793.16609	4790.82082	4798.08531	4789.12829	0
1775753102	XAUUSD	M15	4788.84	4794.17600	4792.49841	4798.90079	4790.37560	0
1775754002	XAUUSD	M15	4793.43	4794.34711	4793.42276	4799.19226	4790.50516	0
1775754902	XAUUSD	M15	4792.78	4793.49592	4793.45934	4798.82409	4789.52402	0
1775755802	XAUUSD	M15	4795.37	4791.66724	4792.56329	4797.62976	4787.48851	1
1775756702	XAUUSD	M15	4797.82	4788.93001	4790.74665	4795.54043	4784.67956	0
1775757602	XAUUSD	M15	4783.78	4785.44692	4788.09679	4792.66308	4781.16755	0
1775758502	XAUUSD	M15	4782.12	4781.90124	4784.99902	4789.25303	4777.62377	0
1775759402	XAUUSD	M15	4770.42	4778.58668	4781.79285	4785.78855	4774.36643	0
1775760302	XAUUSD	M15	4772.07	4775.95922	4778.87604	4782.60258	4771.76904	0
1775761202	XAUUSD	M15	4779.58	4773.95356	4776.41480	4779.97595	4769.85441	0
1775762102	XAUUSD	M15	4773.66	4772.23959	4774.32719	4777.69746	4768.49698	0
1775763002	XAUUSD	M15	4772.24	4770.88164	4772.60442	4775.80691	4767.47329	0
1775763902	XAUUSD	M15	4768.81	4769.85468	4771.22955	4774.37741	4766.72492	0
1775764802	XAUUSD	M15	4769.92	4769.17188	4770.20071	4773.50151	4766.18579	0
1775765702	XAUUSD	M15	4769.87	4768.66672	4769.43371	4773.13065	4765.72778	0
1775766602	XAUUSD	M15	4764.82	4768.16715	4768.80043	4772.97733	4765.23178	0
1775767502	XAUUSD	M15	4765.58	4767.60266	4768.20155	4772.77738	4764.68517	0
1775772002	XAUUSD	M15	4770.23	4766.75404	4767.47780	4772.27052	4763.86103	0
1775772902	XAUUSD	M15	4764.62	4765.35328	4766.41554	4770.91042	4762.61329	0
1775773802	XAUUSD	M15	4761.26	4763.60850	4765.01202	4768.91978	4760.99543	0
1775774702	XAUUSD	M15	4764.39	4761.78808	4763.40005	4766.59931	4759.23892	0
1775775602	XAUUSD	M15	4759.75	4760.04263	4761.72134	4764.34888	4757.54582	0
1775776502	XAUUSD	M15	4758.37	4758.74395	4760.23265	4762.52731	4756.15103	0
1775777402	XAUUSD	M15	4760.22	4758.07045	4759.15155	4761.47292	4755.21608	0
1775778302	XAUUSD	M15	4763.71	4757.99031	4758.57093	4761.26588	4754.78124	0
1775779202	XAUUSD	M15	4754.03	4758.30440	4758.43767	4761.80932	4754.80364	0
1775780102	XAUUSD	M15	4753.87	4759.11908	4758.77838	4762.92534	4755.33985	1
1775781002	XAUUSD	M15	4755.78	4760.21242	4759.49540	4764.50264	4756.12423	0
1775781902	XAUUSD	M15	4763.04	4761.24919	4760.37229	4766.11514	4756.75192	0
1775782802	XAUUSD	M15	4760.89	4761.74381	4761.05805	4767.35426	4756.88758	0
1775783702	XAUUSD	M15	4762.57	4761.57866	4761.31835	4767.80324	4756.24657	0
1775784602	XAUUSD	M15	4771.97	4760.64820	4760.98328	4767.37247	4754.80110	1
1775785502	XAUUSD	M15	4764.64	4758.80143	4759.89235	4765.76566	4752.68409	0
1775786402	XAUUSD	M15	4752.62	4756.58154	4758.23695	4763.36234	4750.27414	0
1775787302	XAUUSD	M15	4744.91	4754.79196	4756.51445	4760.86998	4748.36505	0
1775788202	XAUUSD	M15	4749.68	4754.07218	4755.29332	4759.13178	4747.56984	0
1775789102	XAUUSD	M15	4753.28	4754.52902	4754.91117	4758.64890	4748.27064	0
1775790002	XAUUSD	M15	4760.12	4756.03384	4755.47250	4759.43570	4750.22474	1
1775790902	XAUUSD	M15	4755.87	4758.17112	4756.82181	4761.11992	4753.03625	0
1775791802	XAUUSD	M15	4765.20	4760.68500	4758.75341	4763.36213	4756.25761	0
1775792702	XAUUSD	M15	4766.52	4762.89352	4760.82346	4765.55665	4759.39943	0
1775793602	XAUUSD	M15	4767.21	4764.43163	4762.62755	4767.30651	4761.83390	0
1775794502	XAUUSD	M15	4765.40	4765.10492	4763.86623	4768.41411	4763.26958	0
1775795402	XAUUSD	M15	4762.38	4764.95831	4764.41227	4768.73056	4763.59433	0
1775796302	XAUUSD	M15	4758.46	4764.19139	4764.30183	4768.44530	4762.98562	1
1775797202	XAUUSD	M15	4760.01	4763.08028	4763.69106	4767.67460	4761.73418	0
1775798102	XAUUSD	M15	4759.46	4761.71614	4762.70360	4766.60751	4760.07437	0
1775799002	XAUUSD	M15	4765.05	4760.20554	4761.45457	4765.33624	4758.15534	0
1775799902	XAUUSD	M15	4765.79	4758.45707	4759.95582	4763.81522	4756.09440	0
1775800802	XAUUSD	M15	4756.24	4756.53251	4758.24416	4762.10047	4753.85625	0
1775801702	XAUUSD	M15	4755.49	4754.79102	4756.51759	4760.35379	4751.75803	0
1775802602	XAUUSD	M15	4750.98	4753.27633	4754.89696	4758.83334	4749.93722	0
1775803502	XAUUSD	M15	4746.67	4752.07475	4753.48585	4757.47334	4748.42908	0
1775804402	XAUUSD	M15	4747.04	4751.19632	4752.34108	4756.30252	4747.32430	0
1775805302	XAUUSD	M15	4753.65	4750.49053	4751.41581	4755.26329	4746.53377	0
1775806202	XAUUSD	M15	4754.06	4749.64046	4750.52814	4754.19610	4745.78323	0
1775807102	XAUUSD	M15	4749.60	4748.58251	4749.55532	4753.05374	4744.82566	0
1775808002	XAUUSD	M15	4749.88	4747.49256	4748.52394	4751.97475	4743.71486	0
1775808902	XAUUSD	M15	4747.10	4746.48632	4747.50513	4751.11080	4742.54316	0
1775809802	XAUUSD	M15	4741.45	4745.78199	4746.64356	4750.64310	4741.57383	0
1775810702	XAUUSD	M15	4741.04	4745.64988	4746.14672	4750.54995	4740.99043	0
1775811602	XAUUSD	M15	4746.80	4746.13573	4746.14123	4751.03783	4741.16783	0
1775812502	XAUUSD	M15	4748.90	4747.03799	4746.58961	4751.93686	4741.88059	1
1775813402	XAUUSD	M15	4750.54	4748.26028	4747.42495	4752.78991	4743.02006	0
1775814302	XAUUSD	M15	4751.73	4749.75967	4748.59231	4753.86495	4744.51645	0
1775815202	XAUUSD	M15	4747.10	4751.53274	4750.06252	4755.16664	4746.30449	0
1775816102	XAUUSD	M15	4758.18	4753.71806	4751.89029	4756.75587	4748.49521	0
1775817002	XAUUSD	M15	4755.64	4755.95727	4753.92378	4758.46947	4750.90702	0
1775817902	XAUUSD	M15	4757.38	4758.24447	4756.08412	4760.34935	4753.24996	0
1775818802	XAUUSD	M15	4755.88	4760.45085	4758.26749	4762.39303	4755.42493	0
1775819702	XAUUSD	M15	4761.70	4762.52956	4760.39853	4764.56486	4757.37356	0
1775820602	XAUUSD	M15	4767.09	4764.27482	4762.33667	4766.74590	4759.02387	0
1775821502	XAUUSD	M15	4768.19	4765.57882	4763.95775	4768.78795	4760.29037	0
1775822402	XAUUSD	M15	4766.94	4766.57425	4765.26600	4770.66887	4761.16045	0
1775823302	XAUUSD	M15	4762.83	4767.53454	4766.40027	4772.43854	4761.79659	0
1775824202	XAUUSD	M15	4772.65	4768.81256	4767.60642	4774.17760	4762.51919	0
1775825102	XAUUSD	M15	4771.70	4770.29449	4768.95045	4775.70362	4763.47144	0
1775826002	XAUUSD	M15	4772.35	4772.08760	4770.51903	4777.40226	4764.75062	0
1775826902	XAUUSD	M15	4775.91	4774.14262	4772.33082	4779.28169	4766.29041	0
1775827802	XAUUSD	M15	4769.04	4776.25274	4774.29178	4781.29488	4768.08245	0
1775828702	XAUUSD	M15	4774.86	4778.49258	4776.39218	4783.43130	4769.98740	0
1775829602	XAUUSD	M15	4780.18	4780.42326	4778.40772	4785.55105	4771.72816	0
1775830502	XAUUSD	M15	4790.75	4781.50590	4779.95681	4787.25782	4772.90424	0
1775831402	XAUUSD	M15	4780.79	4781.11895	4780.53788	4787.81108	4772.87153	0
1775832302	XAUUSD	M15	4774.77	4779.41708	4779.97748	4786.86392	4771.56486	1
1775833202	XAUUSD	M15	4781.87	4776.67143	4778.32446	4784.66127	4769.11326	0
1775834102	XAUUSD	M15	4776.14	4772.98578	4775.65512	4781.33880	4765.83041	0
1775835002	XAUUSD	M15	4766.11	4768.97416	4772.31464	4777.15596	4762.00634	0
1775835902	XAUUSD	M15	4762.27	4765.41765	4768.86614	4772.87417	4758.69375	0
1775836802	XAUUSD	M15	4763.36	4762.78574	4765.82594	4769.24213	4756.23461	0
1775837702	XAUUSD	M15	4758.17	4761.16216	4763.49405	4766.75944	4755.10108	0
1775838602	XAUUSD	M15	4756.84	4760.54953	4762.02179	4765.42244	4755.00471	0
1775839502	XAUUSD	M15	4763.85	4760.65646	4761.33913	4765.01975	4755.54852	0
1775840402	XAUUSD	M15	4764.74	4760.93833	4761.13873	4765.19465	4756.33754	0
1775841302	XAUUSD	M15	4763.00	4761.16375	4761.15124	4765.61780	4757.02251	1
1775842202	XAUUSD	M15	4759.10	4761.36978	4761.26051	4765.98842	4757.44491	0
1775843102	XAUUSD	M15	4760.32	4761.79899	4761.52975	4766.31487	4757.83639	0
1775844002	XAUUSD	M15	4763.65	4762.56493	4762.04734	4766.67903	4758.48213	0
1775844902	XAUUSD	M15	4765.95	4763.68737	4762.86735	4767.23614	4759.87453	0
1775845802	XAUUSD	M15	4768.22	4765.10394	4763.98565	4767.95760	4761.82557	0
1775846702	XAUUSD	M15	4765.29	4766.59843	4765.29204	4768.77574	4764.06583	0
1775847602	XAUUSD	M15	4766.99	4767.87348	4766.58276	4769.70393	4766.11231	0
1775848502	XAUUSD	M15	4763.51	4768.27407	4767.42841	4770.38620	4767.03106	0
1775849402	XAUUSD	M15	4763.81	4767.11071	4767.26956	4770.15698	4765.74953	1
1775850302	XAUUSD	M15	4759.61	4763.48614	4765.37785	4768.34265	4761.22389	0
1775851202	XAUUSD	M15	4753.48	4756.68056	4761.02921	4764.04614	4752.68199	0
1775852102	XAUUSD	M15	4745.52	4746.27031	4753.64976	4756.55634	4739.95003	0
1775853002	XAUUSD	M15	4751.12	4732.34032	4742.99504	4745.54012	4723.55997	0
1775853902	XAUUSD	M15	4749.39	4715.19862	4729.09683	4731.01526	4704.33482	0
1776031202	XAUUSD	M15	4676.52	4696.02853	4712.56268	4713.62716	4683.74720	0
1776032102	XAUUSD	M15	4647.84	4678.46893	4695.51581	4695.39213	4666.29609	0
1776033002	XAUUSD	M15	4657.91	4664.75291	4680.13436	4678.95294	4653.15577	0
1776033902	XAUUSD	M15	4658.97	4655.47381	4667.80408	4666.30612	4644.93720	0
1776034802	XAUUSD	M15	4659.47	4650.86380	4659.33394	4658.27299	4641.45771	0
1776035702	XAUUSD	M15	4653.54	4650.69475	4655.01434	4655.13213	4642.16426	0
1776036602	XAUUSD	M15	4655.51	4654.53352	4654.77393	4656.69205	4646.41429	0
1776037502	XAUUSD	M15	4671.61	4661.47474	4658.12434	4662.28255	4653.10824	1
1776038402	XAUUSD	M15	4672.36	4670.16529	4664.14482	4670.67276	4661.24358	0
1776039302	XAUUSD	M15	4673.05	4679.79213	4671.96847	4680.85558	4669.94078	0
1776040202	XAUUSD	M15	4678.50	4689.68461	4680.82654	4691.82808	4678.69027	0
1776041102	XAUUSD	M15	4695.48	4699.15237	4689.98946	4702.57176	4687.24983	0
1776042002	XAUUSD	M15	4715.31	4707.30963	4698.64955	4711.99614	4695.33718	0
1776042902	XAUUSD	M15	4717.74	4713.39755	4706.02355	4719.12366	4702.47922	0
1776043802	XAUUSD	M15	4714.50	4717.40623	4711.71489	4723.86072	4708.16195	0
1776044702	XAUUSD	M15	4721.37	4719.74039	4715.72764	4726.47819	4712.42376	0
1776045602	XAUUSD	M15	4722.77	4720.64666	4718.18715	4727.24932	4715.35213	0
1776046502	XAUUSD	M15	4720.02	4720.53432	4719.36074	4726.78268	4716.81822	0
1776047402	XAUUSD	M15	4715.49	4719.85852	4719.60963	4725.62129	4716.98913	0
1776048302	XAUUSD	M15	4720.63	4719.02128	4719.31545	4724.06392	4716.24332	1
1776049202	XAUUSD	M15	4713.77	4718.07543	4718.69544	4722.55306	4715.03412	0
1776050102	XAUUSD	M15	4719.08	4717.35189	4718.02367	4721.25239	4713.70681	0
1776051002	XAUUSD	M15	4722.18	4716.80502	4717.41434	4720.28914	4712.56734	0
1776051902	XAUUSD	M15	4717.94	4716.44793	4716.93114	4719.65635	4711.75050	0
1776052802	XAUUSD	M15	4714.72	4716.50381	4716.71747	4719.46972	4711.41689	0
1776053702	XAUUSD	M15	4712.53	4717.12383	4716.92065	4719.88355	4711.83945	1
1776054602	XAUUSD	M15	4718.66	4718.31124	4717.61594	4720.92773	4712.90995	0
1776055502	XAUUSD	M15	4723.07	4719.71905	4718.66750	4722.35450	4714.46904	0
1776056402	XAUUSD	M15	4719.23	4721.05402	4719.86076	4723.83004	4716.11676	0
1776057302	XAUUSD	M15	4720.87	4722.31567	4721.08821	4725.16954	4717.63684	0
1776058202	XAUUSD	M15	4721.25	4723.46607	4722.27714	4726.44995	4719.05228	0
1776059102	XAUUSD	M15	4729.45	4724.64032	4723.45873	4727.64612	4720.36472	0
1776060002	XAUUSD	M15	4725.97	4725.74728	4724.60301	4728.74547	4721.59004	0
1776060902	XAUUSD	M15	4731.58	4726.98461	4725.79381	4729.94369	4722.76566	0
1776061802	XAUUSD	M15	4726.39	4728.23247	4727.01314	4731.28614	4723.95487	0
1776062702	XAUUSD	M15	4725.61	4729.59178	4728.30246	4732.78794	4725.21691	0
1776063602	XAUUSD	M15	4728.23	4730.94129	4729.62188	4734.54258	4726.61944	0
1776064502	XAUUSD	M15	4730.80	4731.94635	4730.78411	4736.01045	4727.87831	0
1776065402	XAUUSD	M15	4732.25	4732.26076	4731.52244	4737.08472	4728.67690	0
1776066302	XAUUSD	M15	4733.67	4731.68234	4731.60239	4737.48312	4728.72078	0
1776067202	XAUUSD	M15	4733.02	4730.14216	4730.87227	4736.85070	4727.80637	1
1776068102	XAUUSD	M15	4732.21	4727.76439	4729.31833	4735.17137	4725.80054	0
1776069002	XAUUSD	M15	4721.37	4724.81079	4727.06456	4732.67278	4722.93472	0
1776069902	XAUUSD	M15	4723.50	4721.91215	4724.48836	4729.55166	4719.79163	0
1776070802	XAUUSD	M15	4719.16	4719.33515	4721.91175	4726.34196	4716.81181	0
1776071702	XAUUSD	M15	4715.06	4717.44116	4719.67646	4723.44242	4714.47584	0
1776072602	XAUUSD	M15	4714.31	4716.44043	4718.05844	4721.33523	4713.03641	0
1776073502	XAUUSD	M15	4714.74	4716.26283	4717.16064	4720.18344	4712.57966	0
1776074402	XAUUSD	M15	4717.93	4716.62038	4716.89051	4719.97551	4712.84844	0
1776075302	XAUUSD	M15	4712.42	4717.05919	4716.97485	4720.35934	4713.35315	1
1776076202	XAUUSD	M15	4718.21	4717.38614	4717.18049	4720.98275	4713.75947	0
1776077102	XAUUSD	M15	4721.95	4717.18632	4717.18340	4721.45912	4713.61025	0
1776078002	XAUUSD	M15	4721.55	4716.29209	4716.73775	4721.39171	4712.59399	1
1776078902	XAUUSD	M15	4721.05	4714.91530	4715.82653	4720.61866	4710.80032	0
1776079802	XAUUSD	M15	4707.58	4713.52338	4714.67495	4719.57853	4708.71998	0
1776080702	XAUUSD	M15	4706.83	4713.05438	4713.86467	4718.79081	4707.34783	0
1776081602	XAUUSD	M15	4717.31	4713.95345	4713.90906	4719.06545	4707.25306	1
1776082502	XAUUSD	M15	4710.74	4716.08596	4714.99751	4720.54656	4708.73184	0
1776083402	XAUUSD	M15	4715.92	4719.48605	4717.24178	4723.38260	4711.71040	0
1776084302	XAUUSD	M15	4723.62	4723.53340	4720.38759	4727.34876	4715.58955	0
1776085202	XAUUSD	M15	4734.39	4727.30682	4723.84721	4731.60025	4719.46268	0
1776086102	XAUUSD	M15	4733.27	4729.77245	4726.80983	4735.05236	4722.31422	0
1776087002	XAUUSD	M15	4727.08	4730.41373	4728.61178	4736.93553	4723.32117	0
1776087902	XAUUSD	M15	4730.56	4729.17458	4728.89318	4736.77224	4722.25345	0
1776088802	XAUUSD	M15	4727.35	4726.09547	4727.49432	4734.27516	4719.27574	1
1776089702	XAUUSD	M15	4715.37	4721.78247	4724.63840	4730.19035	4714.90760	0
1776090602	XAUUSD	M15	4721.75	4717.32736	4720.98288	4725.32195	4710.22176	0
1776091502	XAUUSD	M15	4719.08	4713.37289	4717.17788	4720.70845	4706.12380	0
1776092402	XAUUSD	M15	4707.72	4710.76012	4713.96900	4717.23459	4703.37675	0
1776093302	XAUUSD	M15	4703.88	4710.34603	4712.15752	4715.71814	4702.79302	0
1776094202	XAUUSD	M15	4712.57	4712.39522	4712.27637	4716.74806	4704.49206	1
1776095102	XAUUSD	M15	4714.50	4716.38164	4714.32901	4720.06750	4708.27386	0
1776096002	XAUUSD	M15	4719.81	4721.63668	4717.98284	4725.24734	4713.37060	0
1776096902	XAUUSD	M15	4730.46	4727.22663	4722.60474	4731.34601	4719.08037	0
1776097802	XAUUSD	M15	4740.37	4732.08545	4727.34509	4737.10479	4724.39808	0
1776098702	XAUUSD	M15	4733.10	4735.39938	4731.37224	4741.57042	4728.47831	0
1776099602	XAUUSD	M15	4730.91	4737.20629	4734.28926	4744.14854	4730.95230	0
1776100502	XAUUSD	M15	4743.20	4737.71233	4736.00080	4745.00864	4732.05107	0
1776101402	XAUUSD	M15	4744.07	4736.95502	4736.47791	4744.13934	4731.99342	0
1776102302	XAUUSD	M15	4729.96	4735.44710	4735.96251	4742.17985	4730.94847	1
1776103202	XAUUSD	M15	4730.23	4734.16362	4735.06306	4739.91431	4729.86983	0
1776104102	XAUUSD	M15	4727.33	4733.51584	4734.28945	4738.27058	4729.20382	0
1776105002	XAUUSD	M15	4733.60	4733.77512	4734.03229	4737.66137	4729.37689	0
1776105902	XAUUSD	M15	4738.50	4734.74390	4734.38809	4738.05083	4730.36082	1
1776106802	XAUUSD	M15	4734.87	4736.11544	4735.25176	4739.13631	4731.86885	0
1776107702	XAUUSD	M15	4743.24	4737.76900	4736.51038	4740.67221	4733.76056	0
1776108602	XAUUSD	M15	4741.75	4739.24479	4737.87758	4742.24097	4735.69288	0
1776109502	XAUUSD	M15	4741.04	4740.45391	4739.16575	4743.53109	4737.38440	0
1776110402	XAUUSD	M15	4742.45	4741.43412	4740.29993	4744.53534	4738.77256	0
1776111302	XAUUSD	M15	4739.34	4742.28603	4741.29298	4745.40749	4739.92004	0
1776112202	XAUUSD	M15	4739.88	4743.31283	4742.30290	4746.35326	4741.02070	0
1776113102	XAUUSD	M15	4740.28	4744.72184	4743.51237	4747.68118	4742.26667	0
1776117602	XAUUSD	M15	4748.35	4746.64207	4745.07722	4749.53065	4743.82326	0
1776118502	XAUUSD	M15	4748.91	4748.87045	4746.97384	4751.54576	4745.58410	0
1776119402	XAUUSD	M15	4750.52	4751.31798	4749.14591	4753.91153	4747.54827	0
1776120302	XAUUSD	M15	4758.08	4753.82157	4751.48374	4756.53729	4749.65742	0
1776121202	XAUUSD	M15	4763.00	4756.07395	4753.77884	4759.05873	4751.76878	0
1776122102	XAUUSD	M15	4755.45	4757.92050	4755.84967	4761.24621	4753.60714	0
1776123002	XAUUSD	M15	4759.63	4759.67633	4757.76300	4763.17923	4755.27656	0
1776123902	XAUUSD	M15	4757.64	4761.39403	4759.57852	4765.01733	4756.86101	0
1776124802	XAUUSD	M15	4759.54	4763.29773	4761.43812	4766.90326	4758.40013	0
1776125702	XAUUSD	M15	4762.47	4765.38292	4763.41052	4768.96207	4760.09900	0
1776126602	XAUUSD	M15	4770.56	4767.50537	4765.45795	4771.00084	4761.75359	0
1776127502	XAUUSD	M15	4769.92	4769.28357	4767.37076	4772.69451	4763.24423	0
1776128402	XAUUSD	M15	4776.16	4770.57879	4768.97477	4774.03373	4764.32639	0
1776129302	XAUUSD	M15	4770.85	4771.14166	4770.05822	4774.78409	4765.10846	0
1776130202	XAUUSD	M15	4773.34	4771.18017	4770.61919	4774.94618	4765.41801	0
1776131102	XAUUSD	M15	4765.26	4770.77342	4770.69630	4774.68609	4765.47666	0
1776132002	XAUUSD	M15	4768.04	4770.34439	4770.52035	4774.12812	4765.50060	1
1776132902	XAUUSD	M15	4768.87	4769.99875	4770.25955	4773.54982	4765.61429	0
1776133802	XAUUSD	M15	4772.54	4769.84893	4770.05424	4773.09221	4765.83678	0
1776134702	XAUUSD	M15	4775.32	4769.84398	4769.94911	4772.87631	4766.38411	0
1776135602	XAUUSD	M15	4769.26	4769.91544	4769.93227	4772.83379	4766.98300	0
1776136502	XAUUSD	M15	4768.55	4770.21309	4770.07268	4772.99211	4767.66415	1
1776137402	XAUUSD	M15	4767.74	4770.66143	4770.36705	4773.38895	4768.37231	0
1776138302	XAUUSD	M15	4767.82	4771.11619	4770.74162	4773.91062	4768.93726	0
1776139202	XAUUSD	M15	4768.78	4771.35756	4771.04959	4774.27396	4769.11757	0
1776140102	XAUUSD	M15	4776.00	4771.16349	4771.10654	4774.31629	4768.77810	0
1776141002	XAUUSD	M15	4773.44	4770.23434	4770.67044	4773.73495	4767.83267	1
1776141902	XAUUSD	M15	4774.00	4768.72812	4769.69928	4772.59200	4766.30346	0
1776142802	XAUUSD	M15	4765.42	4766.90272	4768.30100	4771.12231	4764.39142	0
1776143702	XAUUSD	M15	4764.67	4765.39178	4766.84639	4769.72968	4762.65981	0
1776144602	XAUUSD	M15	4761.19	4764.60359	4765.72499	4768.98307	4761.46706	0
1776145502	XAUUSD	M15	4760.11	4764.89485	4765.30992	4769.21106	4761.13579	0
1776146402	XAUUSD	M15	4766.02	4766.37400	4765.84196	4770.57562	4761.71415	1
1776147302	XAUUSD	M15	4767.78	4768.73766	4767.28981	4772.93648	4763.11923	0
1776148202	XAUUSD	M15	4769.60	4771.66856	4769.47919	4776.10987	4765.10601	0
1776149102	XAUUSD	M15	4782.04	4774.80622	4772.14270	4779.65970	4767.45995	0
1776150002	XAUUSD	M15	4790.20	4777.52882	4774.83576	4782.84352	4769.88662	0
1776150902	XAUUSD	M15	4772.44	4779.47390	4777.15483	4785.01149	4771.95549	0
1776151802	XAUUSD	M15	4778.00	4781.13952	4779.14718	4786.22124	4773.96349	0
1776152702	XAUUSD	M15	4777.20	4782.41019	4780.77868	4786.89822	4775.78955	0
1776153602	XAUUSD	M15	4780.40	4783.32773	4782.05320	4787.16163	4777.34456	0
1776154502	XAUUSD	M15	4786.06	4783.80739	4782.93030	4787.10316	4778.55117	0
1776155402	XAUUSD	M15	4784.86	4783.73226	4783.33128	4786.75490	4779.28516	0
1776156302	XAUUSD	M15	4786.45	4783.22085	4783.27606	4786.17036	4779.30678	1
1776157202	XAUUSD	M15	4785.75	4782.35519	4782.81563	4785.58021	4778.64933	0
1776158102	XAUUSD	M15	4778.70	4781.29709	4782.05636	4785.03478	4777.43136	0
1776159002	XAUUSD	M15	4778.40	4780.36357	4781.20996	4784.53807	4775.84957	0
1776159902	XAUUSD	M15	4778.11	4779.56516	4780.38756	4784.30645	4774.25368	0
1776160802	XAUUSD	M15	4782.35	4778.83562	4779.61159	4784.13459	4772.76013	0
1776161702	XAUUSD	M15	4783.96	4777.92995	4778.77077	4783.76181	4771.32355	0
1776162602	XAUUSD	M15	4767.71	4776.72375	4777.74726	4782.94156	4769.94144	0
1776163502	XAUUSD	M15	4768.36	4775.65968	4776.70347	4781.70911	4769.31947	0
1776164402	XAUUSD	M15	4776.62	4774.71825	4775.71086	4780.43982	4768.97200	0
1776165302	XAUUSD	M15	4778.25	4773.68443	4774.69765	4779.09940	4768.73462	0
1776166202	XAUUSD	M15	4778.15	4772.58646	4773.64205	4777.67691	4768.28656	0
1776167102	XAUUSD	M15	4774.87	4771.58366	4772.61285	4776.49029	4767.69819	0
1776168002	XAUUSD	M15	4769.82	4771.01503	4771.81394	4775.75977	4767.21178	0
1776168902	XAUUSD	M15	4768.43	4771.32088	4771.56741	4775.95215	4767.16106	0
1776169802	XAUUSD	M15	4768.84	4772.79658	4772.18199	4777.48151	4768.02942	1
1776170702	XAUUSD	M15	4771.43	4775.57717	4773.87958	4780.40222	4769.92847	0
1776171602	XAUUSD	M15	4781.91	4779.55352	4776.71655	4784.75608	4773.10223	0
1776172502	XAUUSD	M15	4782.96	4784.20548	4780.46101	4790.05124	4777.20501	0
1776173402	XAUUSD	M15	4793.25	4789.14796	4784.80449	4795.57720	4781.69866	0
1776174302	XAUUSD	M15	4794.36	4793.68801	4789.24625	4800.57023	4786.23313	0
1776175202	XAUUSD	M15	4794.80	4797.48085	4793.36355	4804.84752	4790.23259	0
1776176102	XAUUSD	M15	4809.29	4800.35626	4796.85990	4807.98554	4793.37389	0
1776177002	XAUUSD	M15	4798.51	4801.94779	4799.40384	4809.77224	4795.56759	0
1776177902	XAUUSD	M15	4803.70	4802.82370	4801.11377	4810.23881	4796.88663	0
1776178802	XAUUSD	M15	4794.68	4803.26188	4802.18783	4810.18594	4797.73972	0
1776179702	XAUUSD	M15	4802.59	4803.94675	4803.06729	4810.24284	4798.63452	0
1776180602	XAUUSD	M15	4809.11	4805.03605	4804.05167	4810.84620	4799.89166	0
1776181502	XAUUSD	M15	4808.12	4806.63237	4805.34202	4812.14363	4801.55507	0
1776182402	XAUUSD	M15	4809.59	4808.95014	4807.14608	4814.28737	4803.71086	0
1776183302	XAUUSD	M15	4816.43	4812.02745	4809.58677	4817.39503	4806.50089	0
1776184202	XAUUSD	M15	4815.28	4815.62572	4812.60625	4821.22931	4809.87262	0
1776185102	XAUUSD	M15	4810.03	4819.64155	4816.12390	4825.52069	4813.58633	0
1776186002	XAUUSD	M15	4827.03	4824.03501	4820.07946	4829.98126	4817.62794	0
1776186902	XAUUSD	M15	4825.34	4828.09617	4824.08781	4833.91074	4821.81565	0
1776187802	XAUUSD	M15	4836.96	4831.68182	4827.88482	4837.13747	4825.59343	0
1776188702	XAUUSD	M15	4835.11	4834.38176	4831.13329	4839.31360	4828.85232	0
1776189602	XAUUSD	M15	4838.83	4836.31662	4833.72495	4840.57575	4831.36158	0
1776190502	XAUUSD	M15	4837.92	4837.56948	4835.64721	4841.06171	4833.22950	0
1776191402	XAUUSD	M15	4834.48	4838.39116	4837.01919	4841.16447	4834.65902	0
1776192302	XAUUSD	M15	4835.60	4839.08568	4838.05244	4841.18485	4835.79832	0
1776193202	XAUUSD	M15	4841.00	4839.76678	4838.90961	4841.39939	4836.86426	0
1776194102	XAUUSD	M15	4840.77	4840.36932	4839.63946	4841.76427	4837.80156	0
1776195002	XAUUSD	M15	4841.10	4840.96387	4840.30167	4842.34684	4838.55703	0
1776195902	XAUUSD	M15	4845.20	4841.57323	4840.93745	4843.13490	4839.14170	0
1776196802	XAUUSD	M15	4842.80	4842.07394	4841.50569	4844.02442	4839.53212	0
1776197702	XAUUSD	M15	4840.43	4842.49095	4841.99832	4844.93843	4839.68613	0
1776198602	XAUUSD	M15	4842.23	4842.79869	4842.39851	4845.83198	4839.66657	0
1776199502	XAUUSD	M15	4841.72	4842.81424	4842.60637	4846.52561	4839.44595	0
1776204002	XAUUSD	M15	4844.74	4842.43022	4842.51830	4846.81107	4838.97158	1
1776204902	XAUUSD	M15	4840.11	4841.49226	4842.00528	4846.33206	4838.25726	0
1776205802	XAUUSD	M15	4840.30	4840.15397	4841.07963	4845.18202	4837.31722	0
1776206702	XAUUSD	M15	4835.00	4838.53201	4839.80582	4843.57767	4836.09885	0
1776207602	XAUUSD	M15	4837.05	4836.96970	4838.38776	4841.81925	4834.75956	0
1776208502	XAUUSD	M15	4835.96	4835.65396	4837.02086	4840.09721	4833.38783	0
1776209402	XAUUSD	M15	4842.36	4834.84422	4835.93254	4838.90184	4832.10344	0
1776210302	XAUUSD	M15	4837.22	4834.55307	4835.24280	4838.45315	4831.09463	0
1776211202	XAUUSD	M15	4833.83	4835.05062	4835.14671	4838.93906	4830.52851	0
1776212102	XAUUSD	M15	4833.65	4836.44691	4835.79681	4840.54860	4830.68242	1
1776213002	XAUUSD	M15	4830.11	4838.59753	4837.19717	4843.26042	4831.65824	0
1776213902	XAUUSD	M15	4835.55	4841.25950	4839.22834	4846.78242	4833.34334	0
1776214802	XAUUSD	M15	4850.25	4843.77672	4841.50253	4850.39429	4835.33746	0
1776215702	XAUUSD	M15	4850.79	4845.20152	4843.35202	4852.98638	4837.17939	0
1776216602	XAUUSD	M15	4843.62	4845.12075	4844.23639	4853.46109	4838.01684	0
1776217502	XAUUSD	M15	4847.20	4843.58381	4843.91010	4852.10873	4837.48848	1
1776218402	XAUUSD	M15	4845.21	4840.60734	4842.25872	4849.06307	4835.57382	0
1776219302	XAUUSD	M15	4834.71	4836.58855	4839.42364	4844.54599	4832.34134	0
1776220202	XAUUSD	M15	4828.50	4832.32820	4835.87592	4839.31748	4828.55074	0
1776221102	XAUUSD	M15	4823.98	4828.51053	4832.19323	4834.29991	4825.02757	0
1776222002	XAUUSD	M15	4820.86	4825.65728	4828.92525	4830.14847	4822.27160	0
1776222902	XAUUSD	M15	4826.74	4824.02980	4826.47752	4827.32672	4820.66804	0
1776223802	XAUUSD	M15	4828.56	4823.40943	4824.94348	4825.81788	4820.15366	0
1776224702	XAUUSD	M15	4824.01	4823.52676	4824.23512	4825.45495	4820.41407	0
1776225602	XAUUSD	M15	4825.50	4824.20046	4824.21779	4825.92019	4821.16506	0
1776226502	XAUUSD	M15	4824.83	4825.02445	4824.62112	4826.93625	4822.10007	1
1776227402	XAUUSD	M15	4823.51	4825.64800	4825.13456	4828.08324	4822.80667	0
1776228302	XAUUSD	M15	4824.85	4825.80586	4825.47021	4828.94960	4822.91783	0
1776229202	XAUUSD	M15	4826.91	4825.26483	4825.36752	4829.29536	4822.29014	1
1776230102	XAUUSD	M15	4826.34	4823.91780	4824.64266	4828.87731	4820.86691	0
1776231002	XAUUSD	M15	4816.92	4821.90178	4823.27222	4827.61861	4818.72674	0
1776231902	XAUUSD	M15	4819.80	4819.71311	4821.49267	4825.71200	4816.39919	0
1776232802	XAUUSD	M15	4819.09	4817.52524	4819.50895	4823.50738	4814.08320	0
1776233702	XAUUSD	M15	4814.87	4815.58342	4817.54619	4821.21578	4811.91275	0
1776234602	XAUUSD	M15	4816.09	4814.15261	4815.84940	4819.19549	4810.09706	0
1776235502	XAUUSD	M15	4811.78	4813.23409	4814.54174	4817.62658	4808.74462	0
1776236402	XAUUSD	M15	4815.79	4812.87668	4813.70921	4816.43921	4807.82001	0
1776237302	XAUUSD	M15	4812.95	4812.79631	4813.25276	4815.75446	4807.39344	0
1776238202	XAUUSD	M15	4810.48	4812.85858	4813.05567	4815.50659	4807.22974	0
1776239102	XAUUSD	M15	4811.17	4812.88968	4812.97268	4815.54352	4807.00901	0
1776240002	XAUUSD	M15	4811.53	4812.61906	4812.79587	4815.70975	4806.55046	0
1776240902	XAUUSD	M15	4810.13	4811.80667	4812.30127	4815.73392	4805.66040	0
1776241802	XAUUSD	M15	4810.57	4810.34399	4811.32263	4815.28346	4804.14419	0
1776242702	XAUUSD	M15	4818.56	4808.18890	4809.75577	4814.17270	4801.97867	0
1776243602	XAUUSD	M15	4805.09	4805.27566	4807.51571	4812.12338	4799.17553	0
1776244502	XAUUSD	M15	4798.04	4802.32551	4804.92061	4809.34936	4796.46134	0
1776245402	XAUUSD	M15	4796.13	4799.90912	4802.41486	4806.53635	4794.06950	0
1776246302	XAUUSD	M15	4798.21	4798.36915	4800.39201	4804.14960	4792.38563	0
1776247202	XAUUSD	M15	4801.39	4797.78002	4799.08601	4802.58890	4791.87311	0
1776248102	XAUUSD	M15	4795.00	4798.03873	4798.56237	4801.94846	4792.34254	0
1776249002	XAUUSD	M15	4800.07	4799.18693	4798.87465	4802.28094	4793.79143	1
1776249902	XAUUSD	M15	4799.98	4800.85621	4799.86543	4803.46452	4795.89316	0
1776250802	XAUUSD	M15	4802.52	4802.81757	4801.34150	4805.14307	4798.15657	0
1776251702	XAUUSD	M15	4804.97	4804.83356	4803.08753	4807.11738	4800.42691	0
1776252602	XAUUSD	M15	4805.99	4806.77339	4804.93046	4809.15447	4802.44656	0
1776253502	XAUUSD	M15	4812.76	4808.64619	4806.78833	4811.15309	4804.15227	0
1776254402	XAUUSD	M15	4813.97	4810.37621	4808.58227	4812.98049	4805.65021	0
1776255302	XAUUSD	M15	4812.80	4812.10595	4810.34411	4814.79034	4807.11181	0
1776256202	XAUUSD	M15	4811.70	4814.03402	4812.18907	4816.69504	4808.69542	0
1776257102	XAUUSD	M15	4811.70	4816.27614	4814.23261	4818.81904	4810.55925	0
1776258002	XAUUSD	M15	4814.07	4818.77610	4816.50435	4821.19283	4812.75157	0
1776258902	XAUUSD	M15	4821.88	4821.25212	4818.87824	4823.65312	4815.06229	0
1776259802	XAUUSD	M15	4820.54	4823.12982	4821.00403	4825.76494	4817.06938	0
1776260702	XAUUSD	M15	4828.80	4824.08203	4822.54303	4827.09255	4818.18054	0
1776261602	XAUUSD	M15	4828.66	4823.61164	4823.07734	4827.22434	4817.93377	0
1776262502	XAUUSD	M15	4825.22	4821.67935	4822.37834	4826.05193	4816.17824	1
1776263402	XAUUSD	M15	4819.29	4818.59257	4820.48546	4823.64707	4813.02433	0
1776264302	XAUUSD	M15	4815.39	4814.91666	4817.70106	4820.45100	4809.06537	0
1776265202	XAUUSD	M15	4810.30	4811.24085	4814.47096	4817.05667	4804.92446	0
1776266102	XAUUSD	M15	4798.34	4808.11533	4811.29314	4813.95731	4801.50860	0
1776267002	XAUUSD	M15	4803.64	4806.08790	4808.69052	4811.57299	4799.24885	0
1776267902	XAUUSD	M15	4801.73	4804.94354	4806.81703	4810.09146	4798.46738	0
1776268802	XAUUSD	M15	4808.53	4804.45563	4805.63633	4809.31650	4798.57929	0
1776269702	XAUUSD	M15	4811.22	4804.03050	4804.83342	4808.85094	4799.07875	0
1776270602	XAUUSD	M15	4804.60	4803.23739	4804.03540	4808.28550	4799.34249	0
1776271502	XAUUSD	M15	4803.96	4802.08665	4803.06103	4807.38218	4799.05612	0
1776272402	XAUUSD	M15	4798.18	4800.59332	4801.82718	4806.16674	4798.14231	0
1776273302	XAUUSD	M15	4801.94	4799.05137	4800.43927	4804.72730	4796.74976	0
1776274202	XAUUSD	M15	4793.44	4797.55317	4798.99622	4803.09133	4795.15114	0
1776275102	XAUUSD	M15	4792.52	4796.54600	4797.77111	4801.62621	4793.85029	0
1776276002	XAUUSD	M15	4797.11	4796.19928	4796.98520	4800.71247	4793.17818	0
1776276902	XAUUSD	M15	4794.78	4796.38650	4796.68585	4800.30352	4793.27855	0
1776277802	XAUUSD	M15	4797.02	4797.03999	4796.86292	4800.40738	4794.00465	1
1776278702	XAUUSD	M15	4799.84	4797.84195	4797.35244	4800.85746	4795.04158	0
1776279602	XAUUSD	M15	4798.79	4798.40991	4797.88117	4801.28451	4795.96079	0
1776280502	XAUUSD	M15	4803.04	4798.50081	4798.19099	4801.37569	4796.37649	0
1776281402	XAUUSD	M15	4796.98	4797.82355	4798.00727	4800.94218	4796.06532	1
1776282302	XAUUSD	M15	4795.85	4796.56458	4797.28592	4799.94769	4795.05443	0
1776283202	XAUUSD	M15	4793.89	4794.96771	4796.12682	4798.57182	4793.53894	0
1776284102	XAUUSD	M15	4793.93	4793.45557	4794.79119	4797.25095	4791.91506	0
1776285002	XAUUSD	M15	4790.78	4792.48544	4793.63831	4796.39057	4790.62280	0
1776285902	XAUUSD	M15	4790.77	4792.59801	4793.11816	4796.43282	4790.20384	0
1776290402	XAUUSD	M15	4791.93	4794.12064	4793.61940	4797.69985	4791.07304	1
1776291302	XAUUSD	M15	4801.33	4797.15735	4795.38837	4800.17434	4793.33031	0
1776292202	XAUUSD	M15	4801.64	4801.35251	4798.37044	4803.77698	4796.92672	0
1776293102	XAUUSD	M15	4807.49	4806.44159	4802.40602	4808.34448	4801.46917	0
1776294002	XAUUSD	M15	4812.82	4811.91112	4807.15857	4813.41615	4806.58230	0
1776294902	XAUUSD	M15	4815.05	4817.22332	4812.19095	4818.67303	4811.74991	0
1776295802	XAUUSD	M15	4823.12	4821.97876	4817.08485	4823.74566	4816.48712	0
1776296702	XAUUSD	M15	4823.50	4825.71705	4821.40095	4828.13512	4820.46052	0
1776297602	XAUUSD	M15	4829.71	4828.31591	4824.85843	4831.57234	4823.30191	0
1776298502	XAUUSD	M15	4824.74	4829.59268	4827.22555	4833.81700	4824.92168	0
1776299402	XAUUSD	M15	4832.51	4829.78716	4828.50636	4834.85410	4825.40845	0
1776300302	XAUUSD	M15	4833.15	4828.84027	4828.67331	4834.58062	4824.96338	0
1776301202	XAUUSD	M15	4829.77	4826.96224	4827.81778	4833.18514	4823.54675	1
1776302102	XAUUSD	M15	4823.45	4824.54863	4826.18321	4830.96718	4821.49345	0
1776303002	XAUUSD	M15	4816.12	4822.10714	4824.14517	4828.40409	4819.26321	0
1776303902	XAUUSD	M15	4817.96	4820.14675	4822.14596	4825.94187	4817.43403	0
1776304802	XAUUSD	M15	4821.33	4818.83051	4820.48823	4823.94585	4816.09097	0
1776305702	XAUUSD	M15	4819.08	4818.19501	4819.34162	4822.54204	4815.30865	0
1776306602	XAUUSD	M15	4817.24	4818.35048	4818.84605	4821.90161	4815.11781	0
1776307502	XAUUSD	M15	4819.78	4819.31034	4819.07820	4822.10617	4815.71100	1
1776308402	XAUUSD	M15	4826.55	4820.87521	4819.97671	4823.10763	4816.96653	0
1776309302	XAUUSD	M15	4823.78	4822.67020	4821.32345	4824.58715	4818.69173	0
1776310202	XAUUSD	M15	4820.71	4824.58447	4822.95396	4826.36538	4820.66583	0
1776311102	XAUUSD	M15	4824.14	4826.53488	4824.74442	4828.26766	4822.80522	0
1776312002	XAUUSD	M15	4827.02	4828.25792	4826.50117	4830.09933	4824.87480	0
1776312902	XAUUSD	M15	4826.46	4829.53413	4828.01765	4831.68824	4826.62139	0
1776313802	XAUUSD	M15	4830.55	4830.27325	4829.14545	4832.84706	4827.78732	0
1776314702	XAUUSD	M15	4833.18	4830.31927	4829.73236	4833.48995	4828.28528	0
1776315602	XAUUSD	M15	4834.26	4829.63869	4829.68553	4833.56975	4827.96626	1
1776316502	XAUUSD	M15	4833.00	4828.34420	4829.01486	4833.03016	4826.83425	0
1776317402	XAUUSD	M15	4825.21	4826.70435	4827.85961	4832.08538	4825.12797	0
1776318302	XAUUSD	M15	4821.38	4825.19829	4826.52895	4830.99007	4823.28733	0
1776319202	XAUUSD	M15	4822.83	4824.13376	4825.33136	4830.03978	4821.64530	0
1776320102	XAUUSD	M15	4816.23	4823.55286	4824.44211	4829.36918	4820.35731	0
1776321002	XAUUSD	M15	4824.22	4823.58568	4824.01389	4829.04015	4819.62535	0
1776321902	XAUUSD	M15	4826.10	4823.77471	4823.89430	4828.93991	4819.32229	0
1776322802	XAUUSD	M15	4825.00	4823.76901	4823.83166	4828.68893	4819.01872	0
1776323702	XAUUSD	M15	4828.23	4823.34062	4823.58614	4828.03188	4818.43643	0
1776324602	XAUUSD	M15	4827.55	4822.24040	4822.91327	4826.82875	4817.53703	0
1776325502	XAUUSD	M15	4821.00	4820.46091	4821.68709	4824.98271	4816.04589	0
1776326402	XAUUSD	M15	4811.95	4818.33690	4820.01199	4822.62711	4814.14351	0
1776327302	XAUUSD	M15	4811.24	4816.32643	4818.16921	4820.12417	4812.28930	0
1776328202	XAUUSD	M15	4812.06	4814.62417	4816.39669	4817.90596	4810.60722	0
1776329102	XAUUSD	M15	4813.77	4813.30302	4814.84986	4816.18851	4809.31958	0
1776330002	XAUUSD	M15	4816.21	4812.32931	4813.58958	4815.02430	4808.44050	0
1776330902	XAUUSD	M15	4813.14	4811.59809	4812.59384	4814.30899	4807.87488	0
1776331802	XAUUSD	M15	4814.70	4811.12806	4811.86095	4813.99410	4807.56474	0
1776332702	XAUUSD	M15	4812.88	4810.82877	4811.34486	4814.01895	4807.53485	0
1776333602	XAUUSD	M15	4807.11	4810.76812	4811.05649	4814.27845	4807.63587	0
1776334502	XAUUSD	M15	4807.05	4811.15383	4811.10516	4814.71215	4807.93743	1
1776335402	XAUUSD	M15	4808.40	4812.01412	4811.55964	4815.45551	4808.52365	0
1776336302	XAUUSD	M15	4817.22	4813.29779	4812.42871	4816.44883	4809.46633	0
1776337202	XAUUSD	M15	4817.64	4814.72069	4813.57470	4817.55999	4810.79318	0
1776338102	XAUUSD	M15	4816.18	4816.20844	4814.89157	4818.71003	4812.27109	0
1776339002	XAUUSD	M15	4817.87	4817.69962	4816.29560	4819.91730	4813.86423	0
1776339902	XAUUSD	M15	4822.24	4818.99206	4817.64383	4821.14653	4815.40287	0
1776340802	XAUUSD	M15	4817.50	4819.75977	4818.70180	4822.21818	4816.60084	0
1776341702	XAUUSD	M15	4815.14	4819.89714	4819.29947	4822.94721	4817.18920	0
1776342602	XAUUSD	M15	4817.11	4819.24589	4819.27268	4823.25244	4816.69749	1
1776343502	XAUUSD	M15	4816.11	4817.58009	4818.42639	4822.85122	4814.83799	0
1776344402	XAUUSD	M15	4817.42	4814.88250	4816.65444	4821.62635	4811.41906	0
1776345302	XAUUSD	M15	4815.69	4811.24566	4813.95005	4819.42529	4806.56558	0
1776346202	XAUUSD	M15	4816.26	4807.03121	4810.49063	4816.42333	4800.69300	0
1776347102	XAUUSD	M15	4794.86	4802.68839	4806.58951	4812.85453	4794.56095	0
1776348002	XAUUSD	M15	4800.62	4799.33672	4802.96312	4809.28270	4789.66671	0
1776348902	XAUUSD	M15	4799.33	4797.17237	4800.06774	4806.55353	4786.64121	0
1776349802	XAUUSD	M15	4787.73	4796.37100	4798.21937	4805.02405	4785.64119	0
1776350702	XAUUSD	M15	4788.70	4797.13100	4797.67519	4804.79285	4787.03672	0
1776351602	XAUUSD	M15	4806.71	4798.99538	4798.33528	4805.79102	4789.97214	1
1776352502	XAUUSD	M15	4802.10	4800.83907	4799.58718	4806.97361	4793.56755	0
1776353402	XAUUSD	M15	4802.98	4802.19465	4800.89091	4807.86410	4796.58530	0
1776354302	XAUUSD	M15	4807.09	4802.57923	4801.73507	4807.94710	4798.38904	0
1776355202	XAUUSD	M15	4805.02	4801.62961	4801.68234	4806.99528	4798.48379	1
1776356102	XAUUSD	M15	4799.31	4799.43139	4800.55687	4804.88902	4796.75842	0
1776357002	XAUUSD	M15	4790.11	4796.42990	4798.49338	4801.91039	4793.71296	0
1776357902	XAUUSD	M15	4791.99	4793.31744	4795.90541	4798.57758	4790.19697	0
1776358802	XAUUSD	M15	4791.41	4790.47132	4793.18836	4795.48859	4786.90572	0
1776359702	XAUUSD	M15	4785.04	4788.23082	4790.70959	4792.95719	4784.27170	0
1776360602	XAUUSD	M15	4787.16	4786.96502	4788.83731	4791.25052	4782.77843	0
1776361502	XAUUSD	M15	4789.22	4786.65075	4787.74403	4790.57694	4782.60304	0
1776362402	XAUUSD	M15	4790.10	4787.11647	4787.43025	4790.81639	4783.54550	0
1776363302	XAUUSD	M15	4786.98	4788.12315	4787.77670	4791.64909	4785.17033	1
1776364202	XAUUSD	M15	4790.43	4789.49458	4788.63564	4792.81098	4787.02569	0
1776365102	XAUUSD	M15	4789.64	4790.84032	4789.73798	4794.04567	4788.74017	0
1776366002	XAUUSD	M15	4790.03	4791.93807	4790.83803	4795.05539	4790.00691	0
1776366902	XAUUSD	M15	4790.76	4792.61725	4791.72764	4795.60821	4790.67957	0
1776367802	XAUUSD	M15	4797.59	4792.81279	4792.27022	4795.69081	4790.77762	0
1776368702	XAUUSD	M15	4793.52	4792.41780	4792.34401	4795.27315	4790.42785	0
1776369602	XAUUSD	M15	4790.59	4791.75898	4792.05149	4794.52448	4789.79646	1
1776370502	XAUUSD	M15	4789.04	4791.18650	4791.61900	4793.80628	4789.18345	0
1776371402	XAUUSD	M15	4788.68	4790.98575	4791.30238	4793.39712	4788.84534	0
1776372302	XAUUSD	M15	4790.84	4791.29403	4791.29820	4793.45338	4788.97737	0
1776376802	XAUUSD	M15	4795.24	4792.04409	4791.67115	4793.97284	4789.58540	1
1776377702	XAUUSD	M15	4794.00	4793.00060	4792.33588	4794.67108	4790.52841	0
1776378602	XAUUSD	M15	4795.50	4794.04612	4793.19100	4795.47960	4791.65138	0
1776379502	XAUUSD	M15	4795.41	4794.95170	4794.07135	4796.26554	4792.79579	0
1776380402	XAUUSD	M15	4793.16	4795.55714	4794.81425	4796.88980	4793.62629	0
1776381302	XAUUSD	M15	4794.46	4795.79316	4795.30371	4797.28487	4793.96228	0
1776382202	XAUUSD	M15	4795.82	4795.50282	4795.40326	4797.31514	4793.56908	0
1776383102	XAUUSD	M15	4792.13	4794.56326	4794.98326	4796.96806	4792.30047	1
1776384002	XAUUSD	M15	4790.40	4793.09027	4794.03677	4796.23758	4790.15285	0
1776384902	XAUUSD	M15	4792.86	4791.22566	4792.63121	4795.30016	4787.40551	0
1776385802	XAUUSD	M15	4798.40	4789.05724	4790.84422	4794.22007	4784.28025	0
1776386702	XAUUSD	M15	4794.90	4786.66926	4788.75674	4792.94493	4781.03047	0
1776387602	XAUUSD	M15	4779.32	4784.46978	4786.61326	4791.55671	4778.06286	0
1776388502	XAUUSD	M15	4769.01	4783.17932	4784.89629	4790.38187	4776.41154	0
1776389402	XAUUSD	M15	4777.87	4783.21288	4784.05458	4789.85905	4776.30577	0
1776390302	XAUUSD	M15	4789.48	4784.22833	4784.14145	4790.21358	4777.66834	1
1776391202	XAUUSD	M15	4791.35	4785.66504	4784.90325	4790.96684	4780.00329	0
1776392102	XAUUSD	M15	4788.86	4787.22646	4786.06485	4791.88639	4782.57526	0
1776393002	XAUUSD	M15	4791.57	4788.81783	4787.44134	4792.90857	4785.03030	0
1776393902	XAUUSD	M15	4784.81	4790.29058	4788.86596	4793.87190	4787.14966	0
1776394802	XAUUSD	M15	4795.86	4791.85215	4790.35906	4794.79245	4788.98027	0
1776395702	XAUUSD	M15	4793.93	4793.24886	4791.80396	4795.61852	4790.58395	0
1776396602	XAUUSD	M15	4794.26	4794.62181	4793.21288	4796.44970	4791.89324	0
1776397502	XAUUSD	M15	4793.09	4796.03982	4794.62635	4797.47846	4793.08863	0
1776398402	XAUUSD	M15	4795.16	4797.54664	4796.08649	4798.72282	4794.27078	0
1776399302	XAUUSD	M15	4795.87	4798.99900	4797.54275	4800.16341	4795.47069	0
1776400202	XAUUSD	M15	4801.05	4800.22316	4798.88295	4801.66145	4796.57220	0
1776401102	XAUUSD	M15	4803.04	4800.86625	4799.87460	4802.86491	4797.34924	0
1776402002	XAUUSD	M15	4804.78	4800.67027	4800.27244	4803.43085	4797.50550	0
1776402902	XAUUSD	M15	4803.25	4799.46877	4799.87060	4803.11682	4796.82316	1
1776403802	XAUUSD	M15	4796.48	4797.30204	4798.58632	4801.83661	4795.17824	0
1776404702	XAUUSD	M15	4794.41	4794.49639	4796.54136	4799.61199	4792.77730	0
1776405602	XAUUSD	M15	4787.73	4791.43458	4793.98797	4796.79942	4789.86009	0
1776406502	XAUUSD	M15	4783.78	4788.63813	4791.31305	4793.89267	4786.88700	0
1776407402	XAUUSD	M15	4785.67	4786.48582	4788.89943	4791.38583	4784.24829	0
1776408302	XAUUSD	M15	4785.07	4785.09934	4786.99939	4789.60787	4782.27496	0
1776409202	XAUUSD	M15	4787.12	4784.52650	4785.76294	4788.68730	4780.98421	0
1776410102	XAUUSD	M15	4791.72	4784.64169	4785.20231	4788.52467	4780.41759	0
1776411002	XAUUSD	M15	4785.87	4785.22339	4785.21285	4788.98066	4780.55435	1
1776411902	XAUUSD	M15	4784.38	4786.34513	4785.77899	4789.89830	4781.39680	0
1776412802	XAUUSD	M15	4783.70	4787.94385	4786.86142	4791.40085	4782.93643	0
1776413702	XAUUSD	M15	4784.58	4789.89688	4788.37915	4793.20002	4784.95245	0
1776414602	XAUUSD	M15	4797.03	4791.97300	4790.17607	4795.21525	4787.17656	0
1776415502	XAUUSD	M15	4796.09	4793.58968	4791.88288	4796.94922	4789.29955	0
1776416402	XAUUSD	M15	4793.10	4794.56759	4793.22523	4798.17163	4790.86827	0
1776417302	XAUUSD	M15	4795.93	4794.82572	4794.02547	4798.56920	4791.62157	0
1776418202	XAUUSD	M15	4794.67	4794.21408	4794.11978	4798.08609	4791.47142	0
1776419102	XAUUSD	M15	4790.39	4792.84210	4793.48094	4796.71118	4790.41122	1
1776420002	XAUUSD	M15	4791.33	4791.03019	4792.25556	4794.72183	4788.74742	0
1776420902	XAUUSD	M15	4789.59	4789.04255	4790.64906	4792.50772	4786.86414	0
1776421802	XAUUSD	M15	4784.95	4787.31302	4788.98104	4790.44710	4785.09825	0
1776422702	XAUUSD	M15	4787.41	4786.43826	4787.70965	4789.18283	4784.01224	0
1776423602	XAUUSD	M15	4786.45	4786.87926	4787.29445	4789.35672	4783.98880	0
1776424502	XAUUSD	M15	4793.07	4789.20231	4788.24838	4791.54086	4785.34283	1
1776425402	XAUUSD	M15	4798.64	4793.69610	4790.97224	4796.16870	4788.31622	0
1776426302	XAUUSD	M15	4799.19	4800.51466	4795.74345	4803.45645	4792.95216	0
1776427202	XAUUSD	M15	4803.86	4809.69537	4802.71941	4813.13785	4799.09358	0
1776428102	XAUUSD	M15	4816.87	4820.82316	4811.77129	4825.15509	4806.72936	0
1776429002	XAUUSD	M15	4823.45	4832.95913	4822.36521	4838.56475	4815.55255	0
1776429902	XAUUSD	M15	4846.75	4845.16375	4833.76448	4852.38257	4824.96805	0
1776430802	XAUUSD	M15	4883.60	4856.00361	4844.88405	4865.05327	4834.45289	0
1776431702	XAUUSD	M15	4851.59	4863.91446	4854.39926	4874.67446	4843.29346	0
1776432602	XAUUSD	M15	4864.42	4869.67114	4862.03520	4881.10349	4850.79830	0
1776433502	XAUUSD	M15	4880.26	4873.11623	4867.57572	4884.80612	4856.86202	0
1776434402	XAUUSD	M15	4867.03	4874.18057	4870.87814	4885.98474	4861.37546	0
1776435302	XAUUSD	M15	4871.43	4873.76780	4872.32297	4885.15402	4864.20539	0
1776436202	XAUUSD	M15	4877.31	4872.33638	4872.32968	4883.13275	4865.45421	0
1776437102	XAUUSD	M15	4873.15	4870.28217	4871.30592	4880.48951	4865.40703	1
1776438002	XAUUSD	M15	4867.01	4868.22783	4869.76687	4877.79880	4864.53085	0
1776438902	XAUUSD	M15	4865.86	4866.75005	4868.25846	4875.44779	4863.49093	0
1776439802	XAUUSD	M15	4858.58	4866.04543	4867.15194	4873.80769	4862.64684	0
1776440702	XAUUSD	M15	4867.57	4866.22602	4866.68898	4872.85721	4862.37533	0
1776441602	XAUUSD	M15	4871.66	4866.69236	4866.69067	4872.41481	4862.52076	1
1776442502	XAUUSD	M15	4867.71	4866.90082	4866.79575	4872.07833	4862.67928	0
1776443402	XAUUSD	M15	4868.37	4866.60893	4866.70234	4871.49465	4862.44707	1
1776444302	XAUUSD	M15	4867.12	4865.60253	4866.15243	4870.43003	4861.61854	0
1776445202	XAUUSD	M15	4862.89	4863.96054	4865.05649	4868.95356	4860.23442	0
1776446102	XAUUSD	M15	4858.63	4862.07554	4863.56601	4867.20045	4858.64933	0
1776447002	XAUUSD	M15	4855.01	4860.43458	4862.00030	4865.57014	4857.26107	0
1776447902	XAUUSD	M15	4862.60	4859.43797	4860.71914	4864.38359	4856.36509	0
1776448802	XAUUSD	M15	4861.17	4858.99661	4859.85787	4863.77563	4856.14035	0
1776449702	XAUUSD	M15	4860.87	4859.10131	4859.47959	4863.64274	4856.47702	0
1776450602	XAUUSD	M15	4862.40	4859.54739	4859.51349	4863.77267	4857.24574	1
1776451502	XAUUSD	M15	4858.16	4859.97603	4859.74476	4863.91677	4858.04244	0
1776452402	XAUUSD	M15	4856.59	4860.11752	4859.93114	4863.83935	4858.46330	0
1776453302	XAUUSD	M15	4856.91	4859.57215	4859.75164	4863.26674	4857.93870	1
1776454202	XAUUSD	M15	4860.34	4857.84845	4858.80005	4861.78019	4855.83631	0
1776455102	XAUUSD	M15	4854.73	4854.36135	4856.58070	4858.84173	4851.59409	0
1776456002	XAUUSD	M15	4845.91	4848.85293	4852.71682	4854.05688	4844.99803	0
1776456902	XAUUSD	M15	4845.96	4841.30242	4847.00962	4847.26044	4836.21792	0
1776457802	XAUUSD	M15	4835.81	4831.58470	4839.29716	4838.38635	4825.46073	0
1776458702	XAUUSD	M15	4833.02	4820.09067	4829.69392	4827.63319	4813.39318	0
1776636002	XAUUSD	M15	4790.21	4807.29906	4818.49649	4815.59632	4800.58894	0
1776636902	XAUUSD	M15	4784.84	4794.92148	4806.70898	4803.90812	4789.28357	0
1776637802	XAUUSD	M15	4780.29	4783.53739	4795.12319	4792.91883	4779.01856	0
1776638702	XAUUSD	M15	4779.23	4773.61233	4784.36776	4783.00006	4769.85457	0
1776639602	XAUUSD	M15	4772.65	4765.42641	4774.89709	4774.48859	4761.76779	0
1776640502	XAUUSD	M15	4769.43	4759.40102	4767.14905	4767.80749	4754.98309	0
1776641402	XAUUSD	M15	4752.06	4755.87067	4761.50986	4763.30878	4749.87238	0
1776642302	XAUUSD	M15	4755.07	4755.51574	4758.51280	4761.32574	4747.41318	0
1776643202	XAUUSD	M15	4752.17	4758.24925	4758.38102	4762.54768	4748.17476	0
1776644102	XAUUSD	M15	4765.66	4763.87545	4761.12824	4766.91652	4752.03930	1
1776645002	XAUUSD	M15	4764.30	4771.43674	4766.28249	4773.72127	4758.58149	0
1776645902	XAUUSD	M15	4772.93	4780.17381	4773.22815	4782.19344	4766.97893	0
1776646802	XAUUSD	M15	4793.92	4788.93159	4781.07987	4791.22414	4776.44777	0
1776647702	XAUUSD	M15	4802.69	4796.25886	4788.66936	4799.27583	4785.69402	0
1776648602	XAUUSD	M15	4807.20	4801.32880	4794.99908	4805.31538	4793.35370	0
1776649502	XAUUSD	M15	4807.60	4803.85721	4799.42814	4808.69447	4798.46390	0
1776650402	XAUUSD	M15	4800.99	4804.08319	4801.75567	4809.39839	4800.72190	0
1776651302	XAUUSD	M15	4800.46	4802.71278	4802.23422	4807.99089	4800.53568	0
1776652202	XAUUSD	M15	4796.33	4800.38002	4801.30712	4805.26701	4798.59272	1
1776653102	XAUUSD	M15	4797.41	4797.78739	4799.54726	4801.98615	4795.78319	0
1776654002	XAUUSD	M15	4791.47	4795.35232	4797.44979	4798.90439	4792.92177	0
1776654902	XAUUSD	M15	4795.10	4793.50024	4795.47501	4796.43160	4790.63874	0
1776655802	XAUUSD	M15	4793.76	4792.18158	4793.82830	4794.84121	4789.22384	0
1776656702	XAUUSD	M15	4790.91	4791.32894	4792.57862	4794.07216	4788.57378	0
1776657602	XAUUSD	M15	4793.12	4790.80620	4791.69241	4793.95165	4788.38578	0
1776658502	XAUUSD	M15	4794.79	4790.29869	4790.99555	4794.11762	4788.21223	0
1776659402	XAUUSD	M15	4787.34	4789.56603	4790.28079	4794.22776	4787.69791	0
1776660302	XAUUSD	M15	4789.02	4788.76372	4789.52226	4794.09469	4786.80172	0
1776661202	XAUUSD	M15	4786.62	4787.91614	4788.71920	4793.70626	4785.57419	0
1776662102	XAUUSD	M15	4788.05	4787.27282	4787.99601	4793.19904	4784.32450	0
1776663002	XAUUSD	M15	4780.97	4787.01904	4787.50752	4792.90084	4783.35495	0
1776663902	XAUUSD	M15	4790.87	4787.54476	4787.52614	4792.87225	4783.08074	1
1776664802	XAUUSD	M15	4790.56	4788.58117	4788.05365	4793.32571	4783.58263	0
1776665702	XAUUSD	M15	4786.12	4790.01888	4789.03627	4794.23122	4784.67324	0
1776666602	XAUUSD	M15	4790.24	4791.75908	4790.39767	4795.53900	4786.17886	0
1776667502	XAUUSD	M15	4795.46	4793.40456	4791.90112	4796.94586	4787.76700	0
1776668402	XAUUSD	M15	4797.47	4794.54960	4793.22536	4798.04841	4789.15604	0
1776669302	XAUUSD	M15	4797.92	4795.02627	4794.12582	4798.46540	4789.93557	0
1776670202	XAUUSD	M15	4797.69	4794.85844	4794.49213	4798.06018	4790.05756	0
1776671102	XAUUSD	M15	4789.70	4794.22858	4794.36035	4797.18038	4789.74854	1
1776672002	XAUUSD	M15	4789.48	4793.57536	4793.96786	4796.10597	4789.30742	0
1776672902	XAUUSD	M15	4792.11	4793.12232	4793.54509	4795.27546	4788.97260	0
1776673802	XAUUSD	M15	4792.48	4792.92188	4793.23348	4794.87153	4788.89047	0
1776674702	XAUUSD	M15	4796.19	4792.99341	4793.11345	4794.95717	4789.06995	0
1776675602	XAUUSD	M15	4796.07	4793.19387	4793.15366	4795.38029	4789.40759	1
1776676502	XAUUSD	M15	4792.33	4793.45050	4793.30208	4795.95876	4789.81220	0
1776677402	XAUUSD	M15	4791.96	4793.77295	4793.53752	4796.59839	4790.24959	0
1776678302	XAUUSD	M15	4791.60	4794.07905	4793.80828	4797.20899	4790.83164	0
1776679202	XAUUSD	M15	4795.76	4794.31187	4794.06007	4797.62166	4791.30153	0
1776680102	XAUUSD	M15	4798.24	4794.35666	4794.20837	4797.76670	4791.56652	0
1776681002	XAUUSD	M15	4795.08	4794.23407	4794.22122	4797.71938	4791.48774	0
1776681902	XAUUSD	M15	4795.91	4794.21358	4794.21740	4797.71603	4791.17699	1
1776682802	XAUUSD	M15	4789.77	4794.51191	4794.36466	4798.10832	4790.85665	1
1776683702	XAUUSD	M15	4788.34	4795.54436	4794.95451	4799.18009	4790.98451	0
1776684602	XAUUSD	M15	4794.36	4797.50382	4796.22917	4801.23069	4791.81439	0
1776685502	XAUUSD	M15	4810.44	4800.22627	4798.22772	4804.17400	4793.46887	0
1776686402	XAUUSD	M15	4811.06	4803.18251	4800.70511	4807.44595	4795.81089	0
1776687302	XAUUSD	M15	4805.51	4806.28001	4803.49256	4810.83557	4798.57370	0
1776688202	XAUUSD	M15	4806.11	4809.58225	4806.53741	4813.97328	4801.61040	0
1776689102	XAUUSD	M15	4803.49	4812.93306	4809.73523	4817.11065	4804.84976	0
1776690002	XAUUSD	M15	4815.51	4816.18159	4812.95841	4820.16214	4807.97072	0
1776690902	XAUUSD	M15	4824.19	4818.70094	4815.82968	4822.71203	4810.66426	0
1776691802	XAUUSD	M15	4822.18	4819.96485	4817.89726	4824.31603	4812.26113	0
1776692702	XAUUSD	M15	4817.90	4819.87530	4818.88628	4824.81196	4812.40834	0
1776693602	XAUUSD	M15	4816.39	4818.56061	4818.72345	4824.19328	4811.02081	1
1776694502	XAUUSD	M15	4823.40	4816.19305	4817.45825	4822.65181	4808.52167	0
1776695402	XAUUSD	M15	4814.18	4812.82764	4815.14294	4820.04123	4805.05638	0
1776696302	XAUUSD	M15	4805.31	4809.09069	4812.11682	4816.53499	4801.19705	0
1776697202	XAUUSD	M15	4798.20	4805.61976	4808.86829	4812.78981	4797.90760	0
1776698102	XAUUSD	M15	4808.64	4802.91675	4805.89252	4809.33788	4795.55482	0
1776699002	XAUUSD	M15	4800.36	4800.86579	4803.37915	4806.38481	4794.29272	0
1776699902	XAUUSD	M15	4799.80	4799.77754	4801.57834	4804.13551	4793.98686	0
1776700802	XAUUSD	M15	4798.42	4799.68128	4800.62981	4802.93412	4794.62634	0
1776701702	XAUUSD	M15	4801.22	4800.54348	4800.58665	4802.83296	4796.04711	0
1776702602	XAUUSD	M15	4801.79	4802.13717	4801.36191	4803.75457	4798.06067	1
1776703502	XAUUSD	M15	4805.59	4804.26153	4802.81172	4805.46121	4800.29952	0
1776704402	XAUUSD	M15	4808.86	4806.58779	4804.69975	4807.68233	4802.53027	0
1776705302	XAUUSD	M15	4810.07	4808.81729	4806.75852	4810.03680	4804.60574	0
1776706202	XAUUSD	M15	4809.55	4810.76440	4808.76146	4812.25576	4806.43598	0
1776707102	XAUUSD	M15	4806.62	4812.35603	4810.55875	4814.13447	4808.07018	0
1776708002	XAUUSD	M15	4815.51	4813.64219	4812.10047	4815.63396	4809.51158	0
1776708902	XAUUSD	M15	4813.50	4814.38866	4813.24457	4816.56054	4810.73272	0
1776709802	XAUUSD	M15	4814.44	4814.72745	4813.98601	4816.98879	4811.58861	0
1776710702	XAUUSD	M15	4814.05	4814.76644	4814.37622	4817.05725	4812.10887	0
1776711602	XAUUSD	M15	4820.26	4814.66291	4814.51956	4816.92745	4812.28678	0
1776712502	XAUUSD	M15	4817.26	4814.40465	4814.46211	4816.66968	4812.21812	1
1776713402	XAUUSD	M15	4811.66	4814.27199	4814.36705	4816.53009	4812.03551	0
1776714302	XAUUSD	M15	4814.24	4814.64846	4814.50775	4816.81915	4812.12815	1
1776715202	XAUUSD	M15	4813.42	4815.63015	4815.06895	4817.78819	4812.70471	0
1776716102	XAUUSD	M15	4815.85	4817.29502	4816.18198	4819.43097	4813.87057	0
1776717002	XAUUSD	M15	4816.71	4819.50418	4817.84308	4821.66952	4815.65881	0
1776717902	XAUUSD	M15	4820.81	4822.03099	4819.93704	4824.29443	4817.93171	0
1776722402	XAUUSD	M15	4829.14	4824.48934	4822.21319	4826.89395	4820.36709	0
1776723302	XAUUSD	M15	4828.53	4826.38750	4824.30035	4828.91479	4822.57508	0
1776724202	XAUUSD	M15	4830.44	4827.59290	4825.94662	4830.17619	4824.11384	0
1776725102	XAUUSD	M15	4827.62	4828.00667	4826.97665	4830.73561	4824.93322	0
1776726002	XAUUSD	M15	4825.77	4827.77056	4827.37360	4830.65286	4825.01249	0
1776726902	XAUUSD	M15	4825.84	4827.07501	4827.22430	4830.07749	4824.46590	1
1776727802	XAUUSD	M15	4824.16	4826.07468	4826.64949	4829.32330	4823.44546	0
1776728702	XAUUSD	M15	4821.76	4824.93309	4825.79129	4828.53577	4822.13358	0
1776729602	XAUUSD	M15	4828.53	4823.76782	4824.77956	4827.75956	4820.73441	0
1776730502	XAUUSD	M15	4819.92	4822.40133	4823.59044	4826.77629	4819.29156	0
1776731402	XAUUSD	M15	4822.66	4821.05853	4822.32448	4825.53768	4817.81318	0
1776732302	XAUUSD	M15	4823.76	4819.61462	4820.96955	4824.09498	4816.30562	0
1776733202	XAUUSD	M15	4814.78	4817.94913	4819.45934	4822.33245	4814.55965	0
1776734102	XAUUSD	M15	4818.70	4816.23056	4817.84495	4820.23999	4812.70966	0
1776735002	XAUUSD	M15	4813.59	4814.27352	4816.05924	4817.96535	4810.65464	0
1776735902	XAUUSD	M15	4810.06	4812.16473	4814.11198	4815.51314	4808.50251	0
1776736802	XAUUSD	M15	4807.30	4809.97533	4812.04366	4813.02994	4806.33614	0
1776737702	XAUUSD	M15	4807.73	4807.76769	4809.90567	4810.63716	4804.14779	0
1776738602	XAUUSD	M15	4806.61	4805.52753	4807.71660	4808.37623	4802.01149	0
1776739502	XAUUSD	M15	4806.90	4803.28407	4805.50034	4806.25193	4799.97013	0
1776740402	XAUUSD	M15	4800.74	4801.04171	4803.27102	4804.21980	4798.03037	0
1776741302	XAUUSD	M15	4798.75	4798.98658	4801.12880	4802.25319	4796.25215	0
1776742202	XAUUSD	M15	4795.20	4797.16763	4799.14822	4800.48226	4794.79231	0
1776743102	XAUUSD	M15	4797.36	4795.65107	4797.39964	4798.94744	4793.60045	0
1776744002	XAUUSD	M15	4794.24	4794.31411	4795.85688	4797.68217	4792.53271	0
1776744902	XAUUSD	M15	4792.33	4793.15777	4794.50732	4796.63263	4791.44607	0
1776745802	XAUUSD	M15	4791.74	4792.13047	4793.31890	4795.76412	4790.24995	0
1776746702	XAUUSD	M15	4789.16	4791.13313	4792.22601	4795.04040	4788.85318	0
1776747602	XAUUSD	M15	4789.51	4790.12270	4791.17436	4794.36429	4787.19158	0
1776748502	XAUUSD	M15	4787.58	4788.97845	4790.07640	4793.60377	4785.30551	0
1776749402	XAUUSD	M15	4796.37	4787.67062	4788.87351	4792.68139	4783.22001	0
1776750302	XAUUSD	M15	4784.33	4785.94596	4787.40974	4791.35379	4781.00562	0
1776751202	XAUUSD	M15	4785.01	4784.23241	4785.82108	4789.67027	4778.89684	0
1776752102	XAUUSD	M15	4778.93	4782.65637	4784.23872	4787.93614	4777.24841	0
1776753002	XAUUSD	M15	4780.60	4781.58227	4782.91049	4786.50699	4776.17528	0
1776753902	XAUUSD	M15	4778.73	4781.10617	4782.00833	4785.70439	4775.73127	0
1776754802	XAUUSD	M15	4782.82	4781.33452	4781.67143	4785.63250	4775.94895	0
1776755702	XAUUSD	M15	4783.35	4782.11318	4781.89230	4786.24172	4776.80318	1
1776756602	XAUUSD	M15	4786.75	4783.25199	4782.57215	4787.36656	4777.96306	0
1776757502	XAUUSD	M15	4785.87	4784.38528	4783.47871	4788.74405	4779.23130	0
1776758402	XAUUSD	M15	4776.03	4785.29686	4784.38779	4789.90305	4780.32298	0
1776759302	XAUUSD	M15	4787.20	4786.06542	4785.22660	4790.71872	4781.33399	0
1776760202	XAUUSD	M15	4791.78	4786.27464	4785.75062	4790.96868	4782.14091	0
1776761102	XAUUSD	M15	4786.04	4785.85269	4785.80166	4790.53571	4782.46448	0
1776762002	XAUUSD	M15	4784.20	4785.14926	4785.47546	4789.56029	4782.33774	1
1776762902	XAUUSD	M15	4782.14	4784.46408	4784.96977	4788.46300	4782.03931	0
1776763802	XAUUSD	M15	4787.20	4784.07340	4784.52158	4787.49328	4781.76540	0
1776764702	XAUUSD	M15	4783.80	4783.96095	4784.24127	4786.88044	4781.65597	0
1776765602	XAUUSD	M15	4783.02	4784.25474	4784.24800	4786.70524	4781.75857	1
1776766502	XAUUSD	M15	4783.07	4784.90449	4784.57625	4787.07861	4782.09124	0
1776767402	XAUUSD	M15	4786.25	4785.78984	4785.18305	4787.95048	4782.60134	0
1776768302	XAUUSD	M15	4789.79	4786.67633	4785.92969	4789.09243	4783.09347	0
1776769202	XAUUSD	M15	4781.77	4787.32105	4786.62537	4790.27331	4783.32819	0
1776770102	XAUUSD	M15	4783.57	4787.80230	4787.21383	4791.33114	4783.44545	0
1776771002	XAUUSD	M15	4793.10	4787.91622	4787.56502	4792.25943	4783.24147	0
1776771902	XAUUSD	M15	4794.61	4787.30070	4787.43286	4792.63721	4782.53995	1
1776772802	XAUUSD	M15	4791.06	4785.93666	4786.68476	4792.34915	4781.12429	0
1776773702	XAUUSD	M15	4780.61	4784.11750	4785.40113	4791.50521	4779.11773	0
1776774602	XAUUSD	M15	4778.89	4782.32950	4783.86532	4790.41629	4776.96874	0
1776775502	XAUUSD	M15	4778.78	4780.70418	4782.28475	4789.22481	4775.04863	0
1776776402	XAUUSD	M15	4765.33	4779.18551	4780.73513	4788.13134	4773.02975	0
1776777302	XAUUSD	M15	4774.96	4777.92640	4779.33076	4786.94920	4770.98041	0
1776778202	XAUUSD	M15	4789.04	4776.30292	4777.81684	4785.61788	4768.69687	0
1776779102	XAUUSD	M15	4779.16	4773.56325	4775.69005	4783.31473	4765.63814	0
1776780002	XAUUSD	M15	4778.53	4769.78857	4772.73931	4779.76622	4761.44817	0
1776780902	XAUUSD	M15	4774.24	4764.97962	4768.85947	4775.25672	4756.27492	0
1776781802	XAUUSD	M15	4744.70	4759.38595	4764.12271	4769.95052	4750.46390	0
1776782702	XAUUSD	M15	4738.97	4753.99625	4759.05948	4764.17827	4744.99251	0
1776783602	XAUUSD	M15	4748.21	4748.99762	4754.02855	4758.90494	4740.52087	0
1776784502	XAUUSD	M15	4742.57	4743.98143	4749.00499	4753.96862	4736.79239	0
1776785402	XAUUSD	M15	4745.93	4738.90648	4743.95573	4749.01056	4733.08190	0
1776786302	XAUUSD	M15	4741.81	4733.54892	4738.75233	4744.10018	4729.12378	0
1776787202	XAUUSD	M15	4730.44	4728.02522	4733.38877	4739.02977	4724.58665	0
1776788102	XAUUSD	M15	4720.86	4722.78431	4728.08654	4733.84855	4719.72251	0
1776789002	XAUUSD	M15	4721.05	4718.25073	4723.16864	4728.95027	4714.84667	0
1776789902	XAUUSD	M15	4711.56	4714.49232	4718.83048	4724.59221	4710.22484	0
1776790802	XAUUSD	M15	4706.50	4711.72317	4715.27682	4720.91525	4706.40642	0
1776791702	XAUUSD	M15	4700.29	4709.88003	4712.57843	4717.97517	4703.70626	0
1776792602	XAUUSD	M15	4717.89	4708.81300	4710.69571	4715.88630	4702.10792	0
1776793502	XAUUSD	M15	4711.38	4707.64856	4709.17214	4714.06636	4701.28476	0
1776794402	XAUUSD	M15	4704.63	4706.27836	4707.72525	4712.43514	4700.49140	0
1776795302	XAUUSD	M15	4696.62	4704.72343	4706.22434	4711.00165	4699.27526	0
1776796202	XAUUSD	M15	4703.21	4703.11920	4704.67177	4709.95991	4697.56309	0
1776797102	XAUUSD	M15	4709.51	4701.27141	4702.97159	4709.25974	4695.09703	0
1776798002	XAUUSD	M15	4707.33	4699.10353	4701.03756	4708.54097	4691.96852	0
1776798902	XAUUSD	M15	4714.21	4696.96764	4699.00260	4707.81009	4688.50364	0
1776799802	XAUUSD	M15	4671.47	4695.14805	4697.07533	4707.12718	4685.42094	0
1776800702	XAUUSD	M15	4679.23	4695.36892	4696.22212	4706.74945	4684.45645	0
1776801602	XAUUSD	M15	4696.98	4697.68074	4696.95143	4707.73940	4686.05523	1
1776802502	XAUUSD	M15	4705.65	4701.48756	4699.21950	4709.73533	4690.30547	0
1776803402	XAUUSD	M15	4711.42	4706.19333	4702.70641	4712.41276	4696.12334	0
1776804302	XAUUSD	M15	4720.16	4711.18376	4706.94508	4715.51637	4702.56371	0
1776808802	XAUUSD	M15	4721.88	4715.76965	4711.35737	4718.66277	4708.82823	0
1776809702	XAUUSD	M15	4719.05	4719.64867	4715.50302	4721.46208	4714.20502	0
1776810602	XAUUSD	M15	4716.95	4722.90977	4719.20640	4724.15595	4718.49849	0
1776811502	XAUUSD	M15	4719.51	4725.79897	4722.50268	4726.96611	4721.83065	0
1776812402	XAUUSD	M15	4727.47	4728.49481	4725.49874	4730.03195	4724.55297	0
1776813302	XAUUSD	M15	4730.00	4731.00951	4728.25412	4733.16817	4727.00381	0
1776814202	XAUUSD	M15	4731.94	4733.40357	4730.82885	4736.31195	4729.30654	0
1776815102	XAUUSD	M15	4737.96	4735.67811	4733.25348	4739.37891	4731.59519	0
1776816002	XAUUSD	M15	4742.93	4737.70653	4735.48000	4742.10373	4733.88260	0
1776816902	XAUUSD	M15	4742.51	4739.42389	4737.45195	4744.28550	4736.00166	0
1776817802	XAUUSD	M15	4742.11	4740.98554	4739.21875	4746.05046	4737.87992	0
1776818702	XAUUSD	M15	4739.77	4742.56864	4740.89369	4747.53970	4739.52066	0
1776819602	XAUUSD	M15	4738.28	4744.37197	4742.63283	4748.97026	4741.08538	0
1776820502	XAUUSD	M15	4746.52	4746.49021	4744.56152	4750.55943	4742.76776	0
1776821402	XAUUSD	M15	4749.74	4748.68388	4746.62270	4752.29366	4744.63641	0
1776822302	XAUUSD	M15	4752.31	4750.82214	4748.72242	4754.06228	4746.55436	0
1776823202	XAUUSD	M15	4755.68	4752.80805	4750.76523	4755.83529	4748.51983	0
1776824102	XAUUSD	M15	4755.59	4754.52453	4752.64488	4757.52169	4750.46609	0
1776825002	XAUUSD	M15	4751.37	4755.98325	4754.31406	4759.00934	4752.23930	0
1776825902	XAUUSD	M15	4755.81	4757.28810	4755.80108	4760.20789	4753.79999	0
1776826802	XAUUSD	M15	4757.61	4758.23397	4757.01752	4761.08458	4755.03371	0
1776827702	XAUUSD	M15	4763.12	4758.67674	4757.84713	4761.45792	4755.78994	0
1776828602	XAUUSD	M15	4759.16	4758.45564	4758.15139	4761.26342	4755.94037	0
1776829502	XAUUSD	M15	4758.09	4757.83759	4757.99449	4760.59804	4755.58494	1
1776830402	XAUUSD	M15	4757.32	4757.13944	4757.56696	4759.85512	4754.93770	0
1776831302	XAUUSD	M15	4755.87	4756.76650	4757.16673	4759.40632	4754.29614	0
1776832202	XAUUSD	M15	4756.36	4757.02597	4757.09635	4759.62362	4754.00067	0
1776833102	XAUUSD	M15	4754.62	4758.01424	4757.55530	4760.64737	4754.28816	1
1776834002	XAUUSD	M15	4756.80	4759.71926	4758.63728	4762.37298	4755.24519	0
1776834902	XAUUSD	M15	4766.19	4761.86575	4760.25151	4764.66364	4756.80514	0
1776835802	XAUUSD	M15	4767.48	4763.89186	4762.07169	4766.80649	4758.68530	0
1776836702	XAUUSD	M15	4767.64	4765.50757	4763.78963	4768.56926	4760.46003	0
1776837602	XAUUSD	M15	4762.84	4766.55097	4765.17030	4769.70053	4761.92201	0
1776838502	XAUUSD	M15	4767.37	4767.10200	4766.13615	4770.24473	4763.06693	0
1776839402	XAUUSD	M15	4763.80	4767.04508	4766.59062	4770.21800	4763.75330	0
1776840302	XAUUSD	M15	4767.69	4766.53194	4766.56128	4769.66646	4763.85198	1
1776841202	XAUUSD	M15	4765.67	4765.51758	4766.03943	4768.68202	4763.38967	0
1776842102	XAUUSD	M15	4766.08	4764.14818	4765.09380	4767.25848	4762.39164	0
1776843002	XAUUSD	M15	4763.82	4762.50319	4763.79850	4765.63075	4761.04039	0
1776843902	XAUUSD	M15	4760.46	4760.75852	4762.27851	4763.95808	4759.47622	0
1776844802	XAUUSD	M15	4758.02	4759.13705	4760.70778	4762.41644	4757.88012	0
1776845702	XAUUSD	M15	4754.37	4757.81500	4759.26139	4761.13862	4756.39015	0
1776846602	XAUUSD	M15	4756.15	4756.93947	4758.10043	4760.22290	4755.14508	0
1776847502	XAUUSD	M15	4757.14	4756.42860	4757.26451	4759.73021	4754.20553	0
1776848402	XAUUSD	M15	4760.72	4756.17183	4756.71817	4759.55298	4753.48958	0
1776849302	XAUUSD	M15	4756.45	4755.98167	4756.34992	4759.50812	4752.89680	0
1776850202	XAUUSD	M15	4758.47	4755.91486	4756.13239	4759.53174	4752.44199	0
1776851102	XAUUSD	M15	4755.32	4755.86365	4755.99802	4759.55931	4752.18494	0
1776852002	XAUUSD	M15	4748.72	4755.88300	4755.94051	4759.65688	4752.20127	0
1776852902	XAUUSD	M15	4754.63	4756.09892	4756.01971	4759.81913	4752.60989	1
1776853802	XAUUSD	M15	4756.53	4756.22061	4756.12016	4760.01083	4753.19360	0
1776854702	XAUUSD	M15	4759.21	4756.05186	4756.08601	4760.02014	4753.60076	1
1776855602	XAUUSD	M15	4757.27	4755.41309	4755.74955	4759.72560	4753.57167	0
1776856502	XAUUSD	M15	4757.36	4754.33191	4755.04073	4759.05619	4752.91823	0
1776857402	XAUUSD	M15	4748.68	4752.88200	4753.96136	4758.01780	4751.60420	0
1776858302	XAUUSD	M15	4750.31	4751.47492	4752.71814	4756.75635	4749.91716	0
1776859202	XAUUSD	M15	4752.51	4750.24089	4751.47951	4755.62487	4748.04236	0
1776860102	XAUUSD	M15	4753.20	4749.26566	4750.37259	4754.67560	4746.14281	0
1776861002	XAUUSD	M15	4746.73	4748.60793	4749.49026	4753.97588	4744.47567	0
1776861902	XAUUSD	M15	4744.23	4748.42997	4748.96011	4753.71705	4743.22578	0
1776862802	XAUUSD	M15	4742.39	4748.63916	4748.79964	4753.95677	4742.49189	0
1776863702	XAUUSD	M15	4750.20	4749.00074	4748.90019	4754.39551	4742.25161	1
1776864602	XAUUSD	M15	4755.33	4748.94105	4748.92062	4754.69809	4742.31900	0
1776865502	XAUUSD	M15	4752.94	4748.02619	4748.47341	4754.33145	4742.19376	1
1776866402	XAUUSD	M15	4745.59	4746.17399	4747.32370	4752.92998	4741.32031	0
1776867302	XAUUSD	M15	4743.96	4743.61311	4745.46840	4750.50630	4739.71883	0
1776868202	XAUUSD	M15	4733.08	4740.53255	4743.00048	4747.35118	4737.34001	0
1776869102	XAUUSD	M15	4736.03	4737.45281	4740.22665	4743.84673	4734.64949	0
1776870002	XAUUSD	M15	4737.74	4734.49904	4737.36284	4740.40040	4731.80767	0
1776870902	XAUUSD	M15	4735.09	4731.82142	4734.59213	4737.24757	4729.03382	0
1776871802	XAUUSD	M15	4727.20	4729.67270	4732.13242	4734.66216	4726.72121	0
1776872702	XAUUSD	M15	4727.69	4728.42426	4730.27834	4732.84230	4725.18511	0
1776873602	XAUUSD	M15	4730.22	4728.04530	4729.16182	4731.93313	4724.55388	0
1776874502	XAUUSD	M15	4727.08	4728.37606	4728.76894	4731.78874	4724.76463	0
1776875402	XAUUSD	M15	4728.30	4729.36407	4729.06650	4732.41518	4725.70344	1
1776876302	XAUUSD	M15	4728.79	4730.80088	4729.93369	4733.59579	4727.16532	0
1776877202	XAUUSD	M15	4735.49	4732.47617	4731.20493	4735.16506	4728.87213	0
1776878102	XAUUSD	M15	4735.05	4733.99998	4732.60246	4736.67711	4730.57351	0
1776879002	XAUUSD	M15	4736.17	4735.27072	4733.93659	4738.04110	4732.02608	0
1776879902	XAUUSD	M15	4737.15	4736.24325	4735.08992	4739.18338	4733.13773	0
1776880802	XAUUSD	M15	4735.94	4736.91918	4736.00455	4740.11131	4733.95254	0
1776881702	XAUUSD	M15	4730.43	4737.43753	4736.72104	4740.87450	4734.49508	0
1776882602	XAUUSD	M15	4739.45	4738.05774	4737.38939	4741.63005	4734.97475	0
1776883502	XAUUSD	M15	4741.69	4738.59130	4737.99035	4742.33175	4735.45413	0
1776884402	XAUUSD	M15	4738.64	4739.02456	4738.50745	4742.73742	4735.77370	0
1776885302	XAUUSD	M15	4744.32	4739.48628	4738.99686	4743.04183	4736.04897	0
1776886202	XAUUSD	M15	4739.38	4739.80718	4739.40202	4743.20309	4736.32383	0
1776887102	XAUUSD	M15	4740.36	4740.05483	4739.72843	4743.21759	4736.62654	0
1776888002	XAUUSD	M15	4736.16	4740.07212	4739.90027	4743.09613	4736.95720	0
1776888902	XAUUSD	M15	4736.99	4739.81682	4739.85855	4742.76916	4737.24913	1
1776889802	XAUUSD	M15	4737.48	4739.06782	4739.46318	4742.14976	4737.29143	0
1776890702	XAUUSD	M15	4740.38	4737.62920	4738.54619	4741.01271	4736.76053	0
1776895202	XAUUSD	M15	4736.69	4735.34022	4736.94321	4739.21798	4735.36725	0
1776896102	XAUUSD	M15	4732.96	4732.41183	4734.67752	4736.66617	4733.00128	0
1776897002	XAUUSD	M15	4729.94	4729.23687	4731.95719	4733.82555	4729.81977	0
1776897902	XAUUSD	M15	4725.92	4726.33448	4729.14584	4731.21378	4726.16126	0
1776898802	XAUUSD	M15	4725.95	4724.28524	4726.71554	4729.43338	4722.58295	0
1776899702	XAUUSD	M15	4728.14	4723.47845	4725.09699	4729.02526	4719.66736	0
1776900602	XAUUSD	M15	4724.57	4724.04260	4724.56980	4730.17359	4717.84730	0
1776901502	XAUUSD	M15	4727.72	4726.02444	4725.29712	4732.86674	4717.48737	1
1776902402	XAUUSD	M15	4699.48	4729.01509	4727.15611	4736.70328	4718.62676	0
1776903302	XAUUSD	M15	4741.59	4733.18244	4730.16927	4741.06266	4721.60559	0
1776904202	XAUUSD	M15	4744.84	4736.45573	4733.31250	4744.73293	4725.78764	0
1776905102	XAUUSD	M15	4748.05	4737.91960	4735.61605	4746.69272	4728.93479	0
1776906002	XAUUSD	M15	4737.00	4736.97634	4736.29620	4746.39051	4730.05975	0
1776906902	XAUUSD	M15	4728.26	4733.83298	4735.06459	4743.76970	4728.82038	1
1776907802	XAUUSD	M15	4733.91	4728.97027	4732.01743	4739.32374	4725.36996	0
1776908702	XAUUSD	M15	4723.33	4722.73179	4727.37461	4733.53750	4720.10829	0
1776909602	XAUUSD	M15	4707.19	4716.08982	4721.73221	4726.94131	4713.83069	0
1776910502	XAUUSD	M15	4714.10	4710.17889	4715.95555	4720.46388	4707.78762	0
1776911402	XAUUSD	M15	4701.42	4705.32652	4710.64104	4714.78871	4702.75408	0
1776912302	XAUUSD	M15	4699.23	4702.18334	4706.41219	4710.30806	4699.31803	0
1776913202	XAUUSD	M15	4702.06	4700.81209	4703.61214	4707.35028	4697.64251	0
1776914102	XAUUSD	M15	4703.22	4700.83987	4702.22600	4705.74382	4697.50289	0
1776915002	XAUUSD	M15	4704.99	4701.77979	4702.00290	4705.26432	4698.43432	0
1776915902	XAUUSD	M15	4704.10	4703.09940	4702.55115	4705.50315	4699.80578	1
1776916802	XAUUSD	M15	4706.25	4704.39803	4703.47459	4706.09779	4701.07843	0
1776917702	XAUUSD	M15	4705.73	4705.33884	4704.40671	4706.81927	4701.97139	0
1776918602	XAUUSD	M15	4701.88	4705.85147	4705.12909	4707.51698	4702.32391	0
1776919502	XAUUSD	M15	4704.35	4706.16020	4705.64465	4708.19216	4702.27311	0
1776920402	XAUUSD	M15	4707.71	4706.41673	4706.03069	4709.02882	4702.14048	0
1776921302	XAUUSD	M15	4705.92	4706.75847	4706.39458	4709.98787	4702.08920	0
1776922202	XAUUSD	M15	4701.58	4707.41589	4706.90523	4711.17568	4702.30625	0
1776923102	XAUUSD	M15	4713.60	4708.59342	4707.74933	4712.66118	4703.22824	0
1776924002	XAUUSD	M15	4711.99	4709.88001	4708.81467	4714.16723	4704.59616	0
1776924902	XAUUSD	M15	4712.13	4711.18043	4709.99755	4715.50441	4706.02296	0
1776925802	XAUUSD	M15	4714.98	4712.36449	4711.18102	4716.69879	4707.39469	0
1776926702	XAUUSD	M15	4713.02	4713.25254	4712.21678	4717.64584	4708.56277	0
1776927602	XAUUSD	M15	4712.47	4713.84732	4713.03205	4718.23764	4709.38566	0
1776928502	XAUUSD	M15	4706.12	4714.16473	4713.59839	4718.63467	4709.95936	0
1776929402	XAUUSD	M15	4713.77	4714.37039	4713.98439	4718.91632	4710.39304	0
1776930302	XAUUSD	M15	4719.22	4714.19159	4714.08799	4719.01593	4710.61057	0
1776931202	XAUUSD	M15	4718.21	4713.30192	4713.69496	4718.57334	4710.21715	1
1776932102	XAUUSD	M15	4715.43	4711.61505	4712.65500	4717.29204	4708.96100	0
1776933002	XAUUSD	M15	4703.76	4709.15387	4710.90444	4715.15115	4706.82765	0
1776933902	XAUUSD	M15	4703.28	4706.24987	4708.57716	4712.29104	4704.10525	0
1776934802	XAUUSD	M15	4696.92	4702.94767	4705.76241	4709.01214	4700.86674	0
1776935702	XAUUSD	M15	4700.94	4699.50390	4702.63316	4705.52214	4697.38599	0
1776936602	XAUUSD	M15	4700.99	4696.00240	4699.31778	4702.01557	4693.81105	0
1776937502	XAUUSD	M15	4697.62	4692.78250	4696.05014	4698.77092	4690.33216	0
1776938402	XAUUSD	M15	4689.14	4690.36971	4693.20992	4696.19929	4687.44071	0
1776939302	XAUUSD	M15	4686.70	4689.49665	4691.35329	4694.73188	4685.83678	0
1776940202	XAUUSD	M15	4690.77	4690.55265	4690.95297	4695.02440	4685.92076	0
1776941102	XAUUSD	M15	4696.61	4693.56012	4692.25654	4697.21025	4687.93407	1
1776942002	XAUUSD	M15	4697.96	4698.29495	4695.27575	4701.34118	4691.74919	0
1776942902	XAUUSD	M15	4699.27	4704.47744	4699.87659	4707.16056	4697.01928	0
1776943802	XAUUSD	M15	4705.48	4711.65345	4705.76502	4714.19129	4703.36575	0
1776944702	XAUUSD	M15	4720.71	4719.07664	4712.42083	4721.79580	4710.28759	0
1776945602	XAUUSD	M15	4729.21	4725.69248	4719.05666	4728.91289	4717.00060	0
1776946502	XAUUSD	M15	4733.39	4730.76071	4724.90868	4734.51309	4722.57847	0
1776947402	XAUUSD	M15	4739.41	4733.87255	4729.39062	4738.37824	4726.48725	0
1776948302	XAUUSD	M15	4740.04	4734.87056	4732.13059	4740.26549	4728.40090	0
1776949202	XAUUSD	M15	4725.95	4734.07337	4733.10198	4740.40075	4728.52578	0
1776950102	XAUUSD	M15	4727.53	4732.44958	4732.77578	4739.32054	4727.46470	1
1776951002	XAUUSD	M15	4734.55	4730.58319	4731.67949	4737.82973	4725.74412	0
1776951902	XAUUSD	M15	4724.46	4728.85216	4730.26582	4736.27706	4723.99477	0
1776952802	XAUUSD	M15	4724.31	4727.94846	4729.10714	4734.88061	4722.75475	0
1776953702	XAUUSD	M15	4731.54	4727.99721	4728.55218	4734.18222	4722.52903	0
1776954602	XAUUSD	M15	4730.97	4728.63848	4728.59533	4733.97603	4723.20240	1
1776955502	XAUUSD	M15	4733.72	4729.56841	4729.08187	4734.13204	4724.48936	0
1776956402	XAUUSD	M15	4730.76	4730.33033	4729.70610	4734.33559	4725.92736	0
1776957302	XAUUSD	M15	4733.60	4730.64435	4730.17522	4734.36828	4727.03799	0
1776958202	XAUUSD	M15	4728.34	4730.16383	4730.16953	4733.86371	4727.22618	1
1776959102	XAUUSD	M15	4720.42	4728.89359	4729.53156	4732.91397	4726.13774	0
1776960002	XAUUSD	M15	4719.39	4727.02213	4728.27684	4731.71567	4723.86271	0
1776960902	XAUUSD	M15	4723.22	4724.62553	4726.45119	4730.49754	4720.38514	0
1776961802	XAUUSD	M15	4734.05	4721.67756	4724.06437	4729.22710	4715.78489	0
1776962702	XAUUSD	M15	4733.09	4718.04670	4721.05554	4727.62976	4710.33981	0
1776963602	XAUUSD	M15	4716.04	4714.05367	4717.55460	4725.63829	4704.39556	0
1776964502	XAUUSD	M15	4706.47	4710.52350	4714.03905	4723.35935	4699.22990	0
1776965402	XAUUSD	M15	4677.41	4707.94903	4710.99404	4721.27527	4695.40873	0
1776966302	XAUUSD	M15	4709.41	4707.11207	4709.05306	4719.43271	4693.93505	0
1776967202	XAUUSD	M15	4713.84	4706.73701	4707.89503	4717.76142	4694.78652	0
1776968102	XAUUSD	M15	4716.58	4706.18656	4707.04080	4715.73957	4696.18496	0
1776969002	XAUUSD	M15	4711.31	4704.97973	4706.01026	4713.33790	4697.31093	0
1776969902	XAUUSD	M15	4700.90	4703.09370	4704.55198	4710.39049	4697.68670	0
1776970802	XAUUSD	M15	4696.41	4700.85796	4702.70497	4707.19361	4697.21505	0
1776971702	XAUUSD	M15	4700.16	4698.56842	4700.63670	4704.10386	4696.04890	0
1776972602	XAUUSD	M15	4692.49	4696.32503	4698.48086	4701.32659	4694.30827	0
1776973502	XAUUSD	M15	4696.10	4694.52642	4696.50364	4699.01731	4692.46678	0
1776974402	XAUUSD	M15	4690.84	4693.17313	4694.83838	4697.26918	4690.79174	0
1776975302	XAUUSD	M15	4689.41	4692.38892	4693.61365	4696.10132	4689.58097	0
1776976202	XAUUSD	M15	4691.39	4692.11472	4692.86419	4695.56437	4689.04553	0
1776977102	XAUUSD	M15	4694.41	4692.17547	4692.51983	4695.52856	4689.07790	0
1776981602	XAUUSD	M15	4697.43	4692.36226	4692.44105	4695.74623	4689.48524	0
1776982502	XAUUSD	M15	4692.90	4692.51982	4692.48043	4695.84236	4689.89432	1
1776983402	XAUUSD	M15	4693.76	4692.79240	4692.63641	4695.93903	4690.20977	0
1776984302	XAUUSD	M15	4693.35	4693.21503	4692.92572	4696.13683	4690.42685	0
1776985202	XAUUSD	M15	4689.74	4693.88849	4693.40711	4696.61297	4690.63210	0
1776986102	XAUUSD	M15	4694.54	4694.99595	4694.20153	4697.46646	4690.99131	0
1776987002	XAUUSD	M15	4697.37	4696.43899	4695.32026	4698.80416	4691.73983	0
1776987902	XAUUSD	M15	4695.41	4698.10417	4696.71221	4700.46416	4692.80184	0
1776988802	XAUUSD	M15	4698.34	4699.93924	4698.32573	4702.40659	4694.16558	0
1776989702	XAUUSD	M15	4705.83	4701.68685	4700.00629	4704.47971	4695.69316	0
1776990602	XAUUSD	M15	4701.80	4702.89810	4701.45219	4706.30161	4696.95204	0
1776991502	XAUUSD	M15	4704.71	4703.44888	4702.45054	4707.58206	4697.50676	0
1776992402	XAUUSD	M15	4709.47	4703.02517	4702.73785	4708.12843	4697.21872	0
1776993302	XAUUSD	M15	4698.41	4701.33357	4702.03571	4707.61676	4695.99443	1
1776994202	XAUUSD	M15	4690.81	4698.66595	4700.35083	4705.88352	4693.77768	0
1776995102	XAUUSD	M15	4699.09	4695.31877	4697.83480	4703.15112	4690.87205	0
1776996002	XAUUSD	M15	4693.29	4691.20378	4694.51929	4699.53600	4687.42721	0
1776996902	XAUUSD	M15	4684.14	4686.69265	4690.60597	4695.18436	4683.59401	0
1776997802	XAUUSD	M15	4683.54	4682.23433	4686.42015	4690.41750	4679.70675	0
1776998702	XAUUSD	M15	4676.83	4678.04741	4682.23378	4685.63193	4675.92550	0
1776999602	XAUUSD	M15	4670.50	4674.48601	4678.35990	4681.28064	4672.53202	0
1777000502	XAUUSD	M15	4674.62	4671.83685	4675.09837	4677.73908	4669.73614	0
1777001402	XAUUSD	M15	4675.32	4670.01679	4672.55758	4675.14851	4667.56528	0
1777002302	XAUUSD	M15	4672.16	4668.96994	4670.76376	4673.54584	4666.01564	0
1777003202	XAUUSD	M15	4670.01	4668.73508	4669.74942	4672.93578	4665.19087	0
1777004102	XAUUSD	M15	4659.65	4669.34291	4669.54616	4673.31296	4665.22150	0
1777005002	XAUUSD	M15	4668.58	4670.97007	4670.25812	4674.64573	4666.26092	1
1777005902	XAUUSD	M15	4674.53	4673.12449	4671.69130	4676.74136	4668.15205	0
1777006802	XAUUSD	M15	4673.44	4675.30127	4673.49629	4679.01987	4670.30457	0
1777007702	XAUUSD	M15	4676.49	4677.20051	4675.34840	4681.09915	4672.31704	0
1777008602	XAUUSD	M15	4682.65	4678.47082	4676.90961	4682.61185	4673.81282	0
1777009502	XAUUSD	M15	4686.43	4678.83892	4677.87427	4683.13504	4674.50762	0
1777010402	XAUUSD	M15	4681.83	4678.36357	4678.11892	4682.77250	4674.35526	0
1777011302	XAUUSD	M15	4671.45	4677.56339	4677.84115	4681.83270	4673.62649	1
1777012202	XAUUSD	M15	4673.71	4677.23836	4677.53976	4681.00425	4673.04274	0
1777013102	XAUUSD	M15	4671.98	4677.75358	4677.64667	4680.96127	4673.08273	1
1777014002	XAUUSD	M15	4680.61	4679.39993	4678.52330	4682.07517	4674.16865	0
1777014902	XAUUSD	M15	4684.49	4681.90395	4680.21363	4684.30720	4676.31750	0
1777015802	XAUUSD	M15	4685.61	4684.88940	4682.55151	4687.36739	4679.21195	0
1777016702	XAUUSD	M15	4694.57	4687.89382	4685.22267	4690.78128	4682.40758	0
1777017602	XAUUSD	M15	4687.45	4690.18514	4687.70390	4693.72633	4685.35642	0
1777018502	XAUUSD	M15	4687.83	4691.56014	4689.63202	4695.68380	4687.54098	0
1777019402	XAUUSD	M15	4688.13	4691.75165	4690.69184	4696.20998	4688.55217	0
1777020302	XAUUSD	M15	4690.84	4690.70708	4690.69946	4695.40758	4688.21612	0
1777021202	XAUUSD	M15	4695.33	4688.56355	4689.63150	4693.39532	4686.51443	1
1777022102	XAUUSD	M15	4683.30	4685.65680	4687.64415	4690.56760	4683.73403	0
1777023002	XAUUSD	M15	4685.99	4682.96017	4685.30216	4687.57518	4680.65297	0
1777023902	XAUUSD	M15	4682.04	4681.09372	4683.19794	4685.40854	4678.05034	0
1777024802	XAUUSD	M15	4682.45	4680.76137	4681.97965	4684.78946	4676.59159	0
1777025702	XAUUSD	M15	4682.25	4682.26997	4682.12481	4686.15678	4676.70970	1
1777026602	XAUUSD	M15	4679.01	4685.59735	4683.86108	4689.46140	4678.59995	0
1777027502	XAUUSD	M15	4678.04	4690.44174	4687.15141	4694.41291	4682.23087	0
1777028402	XAUUSD	M15	4696.78	4696.12978	4691.64059	4700.31412	4687.03339	0
1777029302	XAUUSD	M15	4715.30	4701.29718	4696.46888	4705.65363	4692.22398	0
1777030202	XAUUSD	M15	4705.40	4704.74396	4700.60642	4709.30870	4696.63441	0
1777031102	XAUUSD	M15	4706.76	4706.47123	4703.53883	4710.95535	4699.35390	0
1777032002	XAUUSD	M15	4708.70	4706.59577	4705.06730	4711.00460	4700.23801	0
1777032902	XAUUSD	M15	4710.63	4705.56239	4705.31484	4709.95369	4699.51661	0
1777033802	XAUUSD	M15	4698.83	4704.06391	4704.68938	4708.55079	4697.84651	1
1777034702	XAUUSD	M15	4700.67	4703.25038	4703.96988	4707.65642	4696.13857	0
1777035602	XAUUSD	M15	4702.99	4703.70286	4703.83637	4708.25659	4695.43430	0
1777036502	XAUUSD	M15	4697.13	4705.67611	4704.75624	4710.55303	4696.19502	1
1777037402	XAUUSD	M15	4708.23	4709.30173	4707.02898	4714.48457	4698.73859	0
1777038302	XAUUSD	M15	4711.20	4713.92574	4710.47736	4719.48758	4703.01702	0
1777039202	XAUUSD	M15	4731.95	4718.88755	4714.68246	4724.70954	4708.14728	0
1777040102	XAUUSD	M15	4725.46	4722.98348	4718.83297	4728.83342	4713.38381	0
1777041002	XAUUSD	M15	4730.38	4725.95058	4722.39177	4731.58044	4717.69155	0
1777041902	XAUUSD	M15	4726.41	4727.45531	4724.92354	4732.83130	4720.58893	0
1777042802	XAUUSD	M15	4721.97	4727.70060	4726.31207	4732.77196	4721.97148	0
1777043702	XAUUSD	M15	4721.74	4727.11684	4726.71446	4731.87750	4722.19794	0
1777044602	XAUUSD	M15	4728.12	4726.11366	4726.41406	4730.61384	4721.68858	1
1777045502	XAUUSD	M15	4727.24	4724.92611	4725.67009	4729.32383	4721.01687	0
1777046402	XAUUSD	M15	4720.65	4723.90678	4724.78843	4728.20622	4720.34492	0
1777047302	XAUUSD	M15	4723.32	4723.42759	4724.10801	4727.53077	4720.00709	0
1777048202	XAUUSD	M15	4722.58	4723.39593	4723.75197	4727.36696	4720.08781	0
1777049102	XAUUSD	M15	4726.84	4723.67893	4723.71545	4727.49593	4720.46484	0
1777050002	XAUUSD	M15	4727.78	4723.93683	4723.82614	4727.67447	4720.89685	1
1777050902	XAUUSD	M15	4723.06	4723.94412	4723.88513	4727.63126	4721.04187	0
1777051802	XAUUSD	M15	4722.48	4723.72510	4723.80512	4727.25796	4720.87777	1
1777052702	XAUUSD	M15	4723.38	4723.27840	4723.54176	4726.64508	4720.50076	0
1777053602	XAUUSD	M15	4723.94	4722.62295	4723.08236	4725.80691	4719.95874	0
1777054502	XAUUSD	M15	4717.26	4721.83380	4722.45808	4724.93663	4719.37661	0
1777055402	XAUUSD	M15	4718.98	4721.17453	4721.81630	4724.14035	4718.89198	0
1777056302	XAUUSD	M15	4722.91	4720.57788	4721.19709	4723.53296	4718.46662	0
1777057202	XAUUSD	M15	4722.47	4719.81991	4720.50850	4722.94357	4717.92356	0
1777058102	XAUUSD	M15	4719.08	4718.73713	4719.62282	4722.10711	4716.95090	0
1777059002	XAUUSD	M15	4716.82	4717.21232	4718.41757	4720.87685	4715.38499	0
1777059902	XAUUSD	M15	4717.02	4715.08151	4716.74954	4719.06874	4713.04459	0
1777060802	XAUUSD	M15	4706.56	4712.15295	4714.45125	4716.50907	4709.85113	0
1777061702	XAUUSD	M15	4708.18	4708.61861	4711.53493	4713.08539	4705.98634	0
1777062602	XAUUSD	M15	4707.61	4704.39659	4707.96576	4708.97802	4701.50026	0
1777063502	XAUUSD	M15	4708.24	4699.57340	4703.76958	4704.26129	4696.52628	0
1777240802	XAUUSD	M15	4685.50	4694.32218	4699.04588	4699.06031	4691.23264	0
1777241702	XAUUSD	M15	4686.88	4689.53779	4694.29184	4693.86288	4686.53608	0
1777242602	XAUUSD	M15	4684.48	4685.39848	4689.84516	4689.23794	4682.53007	0
1777243502	XAUUSD	M15	4684.52	4682.09015	4685.96765	4685.42923	4679.30565	0
1777244402	XAUUSD	M15	4683.71	4679.69697	4682.83231	4682.62203	4676.87235	0
1777245302	XAUUSD	M15	4677.41	4678.28697	4680.55964	4680.93454	4675.31988	0
1777246202	XAUUSD	M15	4676.93	4678.04588	4679.30276	4680.42741	4674.63810	0
1777247102	XAUUSD	M15	4680.04	4678.92946	4679.11611	4681.21351	4674.86303	0
1777248002	XAUUSD	M15	4679.86	4680.72639	4679.92125	4683.13693	4675.91187	1
1777248902	XAUUSD	M15	4680.65	4683.27523	4681.59824	4686.05798	4677.84475	0
1777249802	XAUUSD	M15	4680.47	4686.37124	4683.98474	4689.71012	4680.42199	0
1777250702	XAUUSD	M15	4697.98	4689.83020	4686.90747	4693.84099	4683.53735	0
1777251602	XAUUSD	M15	4692.94	4692.99972	4689.95360	4697.71585	4686.95106	0
1777252502	XAUUSD	M15	4697.97	4695.98676	4692.97018	4700.88719	4690.23513	0
1777253402	XAUUSD	M15	4697.87	4698.74652	4695.85835	4703.72462	4693.38550	0
1777254302	XAUUSD	M15	4702.74	4701.48348	4698.67091	4706.37711	4696.35061	0
1777255202	XAUUSD	M15	4699.73	4704.31030	4701.49060	4708.94189	4699.24355	0
1777256102	XAUUSD	M15	4705.71	4707.52041	4704.50551	4711.67399	4702.30584	0
1777257002	XAUUSD	M15	4713.51	4711.04920	4707.77736	4714.70445	4705.64738	0
1777257902	XAUUSD	M15	4718.18	4714.66881	4711.22308	4717.90994	4709.21817	0
1777258802	XAUUSD	M15	4717.72	4718.16091	4714.69200	4720.99254	4712.81313	0
1777259702	XAUUSD	M15	4715.68	4721.38449	4718.03824	4723.86746	4716.22836	0
1777260602	XAUUSD	M15	4728.40	4724.19622	4721.11723	4726.47091	4719.34312	0
1777261502	XAUUSD	M15	4724.10	4726.03057	4723.57390	4728.30836	4721.90723	0
1777262402	XAUUSD	M15	4727.47	4726.85639	4725.21515	4729.24011	4723.50605	0
1777263302	XAUUSD	M15	4726.85	4726.51884	4725.86699	4729.19251	4723.94123	0
1777264202	XAUUSD	M15	4726.18	4725.08311	4725.47505	4728.16968	4723.13939	1
1777265102	XAUUSD	M15	4724.74	4722.75175	4724.11340	4726.21907	4721.20617	0
1777266002	XAUUSD	M15	4718.21	4719.86821	4721.99080	4723.65968	4718.48467	0
1777266902	XAUUSD	M15	4718.25	4717.00062	4719.49571	4720.84394	4715.47988	0
1777267802	XAUUSD	M15	4711.84	4714.51299	4717.00435	4718.26691	4712.66088	0
1777268702	XAUUSD	M15	4710.13	4712.87148	4714.93791	4716.27532	4710.55765	0
1777269602	XAUUSD	M15	4714.43	4712.20530	4713.57161	4715.16027	4709.36158	0
1777270502	XAUUSD	M15	4714.53	4712.29846	4712.93503	4714.85645	4709.06806	0
1777271402	XAUUSD	M15	4710.77	4712.90951	4712.92227	4715.20917	4709.46343	0
1777272302	XAUUSD	M15	4712.84	4713.84501	4713.38364	4715.97539	4710.32185	1
1777273202	XAUUSD	M15	4717.20	4714.72995	4714.05679	4716.81759	4711.27898	0
1777274102	XAUUSD	M15	4716.12	4715.15491	4714.60585	4717.38060	4711.97993	0
1777275002	XAUUSD	M15	4714.85	4714.97750	4714.79167	4717.45889	4712.12736	0
1777275902	XAUUSD	M15	4713.36	4714.17103	4714.48135	4716.98355	4711.54908	1
1777276802	XAUUSD	M15	4710.86	4712.80100	4713.64117	4715.95191	4710.32374	0
1777277702	XAUUSD	M15	4710.86	4711.04515	4712.34316	4714.48487	4708.55353	0
1777278602	XAUUSD	M15	4711.89	4709.05864	4710.70090	4712.69301	4706.45236	0
1777279502	XAUUSD	M15	4706.71	4707.01967	4708.86029	4710.79241	4704.37081	0
1777280402	XAUUSD	M15	4705.12	4705.28904	4707.07466	4708.90278	4702.54365	0
1777281302	XAUUSD	M15	4702.32	4704.08641	4705.58054	4707.39039	4701.22838	0
1777282202	XAUUSD	M15	4704.64	4703.56582	4704.57318	4706.43592	4700.54321	0
1777283102	XAUUSD	M15	4703.64	4703.62882	4704.10100	4706.11814	4700.52111	0
1777284002	XAUUSD	M15	4701.91	4704.15789	4704.12945	4706.39340	4701.02523	1
1777284902	XAUUSD	M15	4705.08	4704.99405	4704.56175	4707.03438	4701.79464	0
1777285802	XAUUSD	M15	4709.07	4705.82878	4705.19527	4707.87052	4702.64143	0
1777286702	XAUUSD	M15	4708.79	4706.36926	4705.78226	4708.58229	4703.22656	0
1777287602	XAUUSD	M15	4704.04	4706.52017	4706.15122	4709.03407	4703.35106	0
1777288502	XAUUSD	M15	4705.21	4706.38385	4706.26753	4709.19775	4703.06131	0
1777289402	XAUUSD	M15	4702.72	4705.94999	4706.10876	4709.12885	4702.48768	1
1777290302	XAUUSD	M15	4704.89	4705.31149	4705.71013	4708.80205	4701.69894	0
1777291202	XAUUSD	M15	4708.83	4704.42366	4705.06690	4708.32191	4700.73787	0
1777292102	XAUUSD	M15	4707.09	4703.20135	4704.13412	4707.59115	4699.60260	0
1777293002	XAUUSD	M15	4698.81	4701.73830	4702.93621	4706.53194	4698.31237	0
1777293902	XAUUSD	M15	4699.24	4700.31928	4701.62774	4705.30725	4696.96073	0
1777294802	XAUUSD	M15	4695.99	4698.92541	4700.27658	4704.03699	4695.46486	0
1777295702	XAUUSD	M15	4699.95	4697.57322	4698.92490	4702.79399	4693.80267	0
1777296602	XAUUSD	M15	4693.29	4696.00654	4697.46572	4701.40345	4691.78683	0
1777297502	XAUUSD	M15	4696.10	4694.23484	4695.85028	4699.74136	4689.47452	0
1777298402	XAUUSD	M15	4692.58	4692.02816	4693.93922	4697.80231	4686.80113	0
1777299302	XAUUSD	M15	4689.03	4689.40486	4691.67204	4695.48853	4683.81105	0
1777300202	XAUUSD	M15	4693.62	4686.46303	4689.06753	4692.71524	4680.63072	0
1777301102	XAUUSD	M15	4678.21	4683.16575	4686.11664	4689.49588	4677.47613	0
1777302002	XAUUSD	M15	4674.65	4680.12734	4683.12199	4686.03301	4674.69578	0
1777302902	XAUUSD	M15	4681.21	4677.61899	4680.37049	4682.93484	4672.65651	0
1777303802	XAUUSD	M15	4677.60	4675.57920	4677.97485	4680.33275	4671.27935	0
1777304702	XAUUSD	M15	4670.04	4674.18745	4676.08115	4678.32732	4670.41837	0
1777305602	XAUUSD	M15	4674.71	4673.69422	4674.88769	4677.13174	4670.25389	0
1777306502	XAUUSD	M15	4676.38	4673.93292	4674.41030	4676.85434	4670.72261	0
1777307402	XAUUSD	M15	4674.98	4674.77099	4674.59065	4677.34751	4671.56406	1
1777308302	XAUUSD	M15	4676.82	4676.11610	4675.35337	4678.42570	4672.67304	0
1777309202	XAUUSD	M15	4673.86	4677.74303	4676.54820	4679.93154	4673.97445	0
1777310102	XAUUSD	M15	4679.82	4679.52793	4678.03807	4681.62034	4675.48323	0
1777311002	XAUUSD	M15	4683.29	4681.10630	4679.57218	4683.21361	4677.19483	0
1777311902	XAUUSD	M15	4682.10	4682.20914	4680.89066	4684.34566	4678.69375	0
1777312802	XAUUSD	M15	4681.62	4682.78821	4681.83944	4684.94902	4679.80928	0
1777313702	XAUUSD	M15	4684.05	4682.87027	4682.35486	4685.04931	4680.50298	0
1777314602	XAUUSD	M15	4682.77	4682.48125	4682.41805	4684.65335	4680.70047	0
1777315502	XAUUSD	M15	4680.74	4681.81107	4682.11456	4683.89541	4680.40186	1
1777316402	XAUUSD	M15	4680.36	4681.08533	4681.59994	4682.96140	4679.76543	0
1777317302	XAUUSD	M15	4682.18	4680.47171	4681.03583	4682.13069	4679.00990	0
1777318202	XAUUSD	M15	4679.98	4680.03967	4680.53775	4681.51773	4678.28887	0
1777319102	XAUUSD	M15	4680.71	4679.93923	4680.23849	4681.24032	4677.86104	0
1777320002	XAUUSD	M15	4679.22	4680.20599	4680.22224	4681.38293	4677.81011	0
1777320902	XAUUSD	M15	4679.83	4680.89693	4680.55959	4681.96111	4678.22596	1
1777321802	XAUUSD	M15	4680.18	4681.96619	4681.26289	4682.95855	4679.08061	0
1777322702	XAUUSD	M15	4681.84	4683.35862	4682.31076	4684.31502	4680.32718	0
1777327202	XAUUSD	M15	4689.32	4684.94195	4683.62635	4685.90239	4681.89483	0
1777328102	XAUUSD	M15	4689.07	4686.47272	4685.04953	4687.38998	4683.60819	0
1777329002	XAUUSD	M15	4687.28	4687.92369	4686.48661	4688.82583	4685.27041	0
1777329902	XAUUSD	M15	4687.93	4689.34907	4687.91784	4690.24602	4686.86672	0
1777330802	XAUUSD	M15	4689.83	4690.76330	4689.34057	4691.73739	4688.39260	0
1777331702	XAUUSD	M15	4690.82	4692.11669	4690.72863	4693.27032	4689.81475	0
1777332602	XAUUSD	M15	4694.41	4693.35644	4692.04253	4694.76557	4691.04018	0
1777333502	XAUUSD	M15	4691.85	4694.28644	4693.16449	4696.05447	4691.95503	0
1777334402	XAUUSD	M15	4697.91	4694.83111	4693.99780	4696.98662	4692.39799	0
1777335302	XAUUSD	M15	4695.01	4694.65352	4694.32566	4697.25291	4692.21778	0
1777336202	XAUUSD	M15	4693.71	4693.68388	4694.00477	4696.79143	4691.24722	1
1777337102	XAUUSD	M15	4690.53	4691.86566	4692.93521	4695.64973	4689.38042	0
1777338002	XAUUSD	M15	4688.24	4689.26860	4691.10191	4693.80922	4686.62235	0
1777338902	XAUUSD	M15	4687.70	4686.04164	4688.57177	4691.36610	4683.20476	0
1777339802	XAUUSD	M15	4687.37	4682.39485	4685.48331	4688.38894	4679.31244	0
1777340702	XAUUSD	M15	4670.88	4678.64023	4682.06177	4684.99603	4675.31834	0
1777341602	XAUUSD	M15	4677.52	4675.57257	4678.81717	4681.50707	4671.97619	0
1777342502	XAUUSD	M15	4675.58	4673.25002	4676.03359	4678.44507	4669.67693	0
1777343402	XAUUSD	M15	4671.15	4671.84258	4673.93809	4675.96970	4668.37741	0
1777344302	XAUUSD	M15	4669.14	4671.42145	4672.67977	4674.31372	4668.16509	0
1777345202	XAUUSD	M15	4672.91	4671.81587	4672.24782	4673.55692	4668.92332	0
1777346102	XAUUSD	M15	4674.86	4672.53544	4672.39163	4673.44385	4670.18214	1
1777347002	XAUUSD	M15	4672.11	4673.07203	4672.73183	4673.61991	4671.30146	0
1777347902	XAUUSD	M15	4671.02	4673.03486	4672.88335	4673.74987	4671.66554	0
1777348802	XAUUSD	M15	4669.93	4672.02424	4672.45379	4673.53364	4670.78723	1
1777349702	XAUUSD	M15	4667.66	4669.76653	4671.11016	4672.65305	4668.34015	0
1777350602	XAUUSD	M15	4669.92	4666.14551	4668.62784	4670.85488	4664.13833	0
1777351502	XAUUSD	M15	4667.71	4661.07583	4664.85184	4667.91225	4658.23468	0
1777352402	XAUUSD	M15	4652.57	4654.83373	4659.84278	4663.73355	4650.94146	0
1777353302	XAUUSD	M15	4658.38	4648.26102	4654.05190	4658.49250	4643.26405	0
1777354202	XAUUSD	M15	4624.58	4641.72069	4647.88630	4652.72310	4635.77949	0
1777355102	XAUUSD	M15	4632.23	4636.68041	4642.28335	4646.89796	4629.77339	0
1777356002	XAUUSD	M15	4640.69	4633.18460	4637.73398	4642.14183	4625.61166	0
1777356902	XAUUSD	M15	4631.64	4630.96395	4634.34896	4638.48798	4623.27730	0
1777357802	XAUUSD	M15	4629.83	4630.01706	4632.18301	4636.04492	4622.57541	0
1777358702	XAUUSD	M15	4628.99	4629.98000	4631.08151	4634.83380	4622.96741	0
1777359602	XAUUSD	M15	4634.30	4630.36980	4630.72565	4634.58565	4623.90709	0
1777360502	XAUUSD	M15	4629.79	4630.58500	4630.65533	4634.63519	4624.70301	0
1777361402	XAUUSD	M15	4629.38	4630.43668	4630.54600	4634.68050	4624.91250	0
1777362302	XAUUSD	M15	4633.24	4629.79515	4630.17057	4634.38688	4624.34701	0
1777363202	XAUUSD	M15	4620.29	4628.56872	4629.36965	4633.63575	4623.15614	0
1777364102	XAUUSD	M15	4626.98	4627.22524	4628.29744	4632.39393	4621.67039	0
1777365002	XAUUSD	M15	4628.21	4625.66099	4626.97922	4630.88403	4620.01620	0
1777365902	XAUUSD	M15	4629.62	4623.89481	4625.43701	4628.95857	4618.23059	0
1777366802	XAUUSD	M15	4625.52	4621.90642	4623.67172	4626.84927	4616.52464	0
1777367702	XAUUSD	M15	4618.31	4619.78485	4621.72828	4624.63820	4615.03194	0
1777368602	XAUUSD	M15	4613.05	4617.63079	4619.67954	4622.44752	4613.81714	0
1777369502	XAUUSD	M15	4604.84	4615.35771	4617.51863	4620.36894	4612.62137	0
1777370402	XAUUSD	M15	4612.70	4612.87132	4615.19497	4618.28990	4610.98676	0
1777371302	XAUUSD	M15	4611.77	4609.60613	4612.40055	4615.95454	4608.33972	0
1777372202	XAUUSD	M15	4613.29	4605.37629	4608.88842	4612.99627	4604.09577	0
1777373102	XAUUSD	M15	4603.30	4600.15212	4604.52027	4609.28074	4598.15406	0
1777374002	XAUUSD	M15	4598.69	4594.49194	4599.50611	4604.87384	4591.00858	0
1777374902	XAUUSD	M15	4599.45	4588.99019	4594.24815	4600.23937	4583.42226	0
1777375802	XAUUSD	M15	4572.22	4584.14203	4589.19509	4595.90822	4576.28870	0
1777376702	XAUUSD	M15	4562.88	4581.10737	4585.15123	4592.39524	4571.00507	0
1777377602	XAUUSD	M15	4581.73	4580.19270	4582.67196	4590.63554	4568.28236	0
1777378502	XAUUSD	M15	4580.32	4580.49319	4581.58257	4590.30226	4568.01316	0
1777379402	XAUUSD	M15	4586.96	4581.44124	4581.51191	4590.54613	4569.13936	0
1777380302	XAUUSD	M15	4593.98	4582.19954	4581.85572	4591.10115	4570.92554	1
1777381202	XAUUSD	M15	4576.38	4582.04785	4581.95179	4591.14563	4572.19604	0
1777382102	XAUUSD	M15	4581.88	4581.23666	4581.59423	4590.46394	4572.67049	1
1777383002	XAUUSD	M15	4581.73	4579.56043	4580.57733	4589.17833	4572.01443	0
1777383902	XAUUSD	M15	4580.32	4577.20096	4578.88914	4587.09018	4570.30477	0
1777384802	XAUUSD	M15	4568.29	4574.57650	4576.73282	4584.36719	4567.81106	0
1777385702	XAUUSD	M15	4571.47	4572.48568	4574.60925	4581.68094	4565.35645	0
1777386602	XAUUSD	M15	4564.18	4571.24154	4572.92540	4579.49052	4563.59599	0
1777387502	XAUUSD	M15	4574.60	4571.31025	4572.11782	4578.10244	4563.19785	0
1777388402	XAUUSD	M15	4572.73	4572.47188	4572.29485	4577.81293	4564.38122	1
1777389302	XAUUSD	M15	4577.09	4574.68899	4573.49192	4578.48437	4566.73178	0
1777390202	XAUUSD	M15	4577.82	4577.61027	4575.55110	4580.17019	4570.05239	0
1777391102	XAUUSD	M15	4586.48	4580.91451	4578.23280	4582.56323	4573.82815	0
1777392002	XAUUSD	M15	4585.40	4584.06249	4581.14765	4585.29052	4577.51864	0
1777392902	XAUUSD	M15	4582.74	4586.88781	4584.01773	4588.12298	4580.71546	0
1777393802	XAUUSD	M15	4585.06	4589.40109	4586.70941	4590.93632	4583.47817	0
1777394702	XAUUSD	M15	4592.20	4591.57879	4589.14410	4593.59776	4585.82239	0
1777395602	XAUUSD	M15	4593.67	4593.29561	4591.21985	4595.83111	4587.83145	0
1777396502	XAUUSD	M15	4593.49	4594.59086	4592.90536	4597.61496	4589.54443	0
1777397402	XAUUSD	M15	4599.02	4595.56177	4594.23357	4598.88872	4591.09048	0
1777398302	XAUUSD	M15	4594.77	4596.10782	4595.17069	4599.56367	4592.33700	0
1777399202	XAUUSD	M15	4596.10	4596.43893	4595.80481	4599.75130	4593.24638	0
1777400102	XAUUSD	M15	4598.91	4596.60571	4596.20526	4599.64905	4593.86559	0
1777401002	XAUUSD	M15	4597.74	4596.61866	4596.41196	4599.36354	4594.11916	0
1777401902	XAUUSD	M15	4594.20	4596.57321	4596.49259	4599.06511	4594.15199	0
1777402802	XAUUSD	M15	4595.75	4596.60867	4596.55063	4598.87295	4594.08461	0
1777403702	XAUUSD	M15	4596.22	4596.68993	4596.62028	4598.82206	4594.00018	0
1777404602	XAUUSD	M15	4598.52	4596.73742	4596.67885	4598.91994	4593.94987	0
1777405502	XAUUSD	M15	4595.70	4596.58106	4596.62995	4598.96216	4593.89219	1
1777406402	XAUUSD	M15	4597.28	4596.25306	4596.44151	4598.83482	4593.80650	0
1777407302	XAUUSD	M15	4592.85	4595.71056	4596.07603	4598.48271	4593.59198	0
1777408202	XAUUSD	M15	4593.44	4595.12741	4595.60172	4597.90012	4593.30518	0
1777409102	XAUUSD	M15	4597.18	4594.57825	4595.08999	4597.22019	4592.91576	0
1777413602	XAUUSD	M15	4596.42	4594.02806	4594.55902	4596.50100	4592.46272	0
1777414502	XAUUSD	M15	4595.82	4593.59222	4594.07562	4595.80925	4592.01411	0
1777415402	XAUUSD	M15	4593.71	4593.39842	4593.73702	4595.38875	4591.66195	0
1777416302	XAUUSD	M15	4594.16	4593.59881	4593.66792	4595.40859	4591.55790	0
1777417202	XAUUSD	M15	4590.84	4594.19582	4593.93187	4596.01040	4591.74974	1
1777418102	XAUUSD	M15	4592.20	4595.20171	4594.56679	4597.18094	4592.23905	0
1777419002	XAUUSD	M15	4589.91	4596.36935	4595.46807	4598.79177	4592.79888	0
1777419902	XAUUSD	M15	4595.51	4597.49067	4596.47937	4600.51671	4593.21649	0
1777420802	XAUUSD	M15	4607.37	4598.10952	4597.29444	4601.94293	4593.20260	0
1777421702	XAUUSD	M15	4600.13	4597.69553	4597.49499	4602.40208	4592.42058	0
1777422602	XAUUSD	M15	4603.88	4596.45674	4596.97587	4601.88440	4590.77554	1
1777423502	XAUUSD	M15	4600.27	4594.51609	4595.74598	4600.61717	4588.47487	0
1777424402	XAUUSD	M15	4582.65	4592.36980	4594.05789	4598.94562	4586.03479	0
1777425302	XAUUSD	M15	4580.48	4590.93743	4592.49766	4597.37173	4584.43143	0
1777426202	XAUUSD	M15	4590.56	4590.55252	4591.52509	4596.61088	4583.90508	0
1777427102	XAUUSD	M15	4584.98	4590.99011	4591.25760	4596.67807	4584.55943	0
1777428002	XAUUSD	M15	4600.87	4592.29052	4591.77406	4597.51586	4586.22845	1
1777428902	XAUUSD	M15	4598.93	4593.76287	4592.76847	4598.62581	4588.49383	0
1777429802	XAUUSD	M15	4596.92	4595.22018	4593.99432	4599.72301	4590.66557	0
1777430702	XAUUSD	M15	4593.75	4596.52817	4595.26125	4600.67918	4592.53262	0
1777431602	XAUUSD	M15	4601.89	4597.68078	4596.47101	4601.38640	4594.03837	0
1777432502	XAUUSD	M15	4598.67	4598.45871	4597.46486	4601.78889	4595.17244	0
1777433402	XAUUSD	M15	4593.91	4599.04745	4598.25616	4601.97384	4595.94826	0
1777434302	XAUUSD	M15	4595.48	4599.69915	4598.97765	4602.21440	4596.65480	0
1777435202	XAUUSD	M15	4600.68	4600.43338	4599.70552	4602.69457	4597.43242	0
1777436102	XAUUSD	M15	4601.86	4601.07199	4600.38875	4603.25817	4598.22720	0
1777437002	XAUUSD	M15	4602.15	4601.48251	4600.93563	4603.91002	4598.89083	0
1777437902	XAUUSD	M15	4604.85	4601.49424	4601.21494	4604.40961	4599.11966	0
1777438802	XAUUSD	M15	4601.15	4600.85612	4601.03553	4604.53881	4598.66703	1
1777439702	XAUUSD	M15	4600.72	4599.51222	4600.27387	4604.01116	4597.36925	0
1777440602	XAUUSD	M15	4599.05	4597.37735	4598.82561	4602.76353	4595.15592	0
1777441502	XAUUSD	M15	4590.90	4594.47940	4596.65251	4600.70562	4592.14873	0
1777442402	XAUUSD	M15	4588.73	4591.13054	4593.89152	4597.77641	4588.55781	0
1777443302	XAUUSD	M15	4585.04	4587.53098	4590.71125	4594.21467	4584.67679	0
1777444202	XAUUSD	M15	4585.03	4583.90259	4587.30692	4590.47312	4580.87527	0
1777445102	XAUUSD	M15	4584.52	4580.35316	4583.83004	4586.79552	4577.33072	0
1777446002	XAUUSD	M15	4578.72	4576.99285	4580.41144	4583.34297	4574.12103	0
1777446902	XAUUSD	M15	4575.11	4574.07520	4577.24332	4580.16470	4571.38004	0
1777447802	XAUUSD	M15	4570.56	4571.74786	4574.49559	4577.54300	4569.23541	0
1777448702	XAUUSD	M15	4567.92	4570.10295	4572.29927	4575.54603	4567.57685	0
1777449602	XAUUSD	M15	4565.44	4569.09098	4570.69513	4574.28260	4566.30509	0
1777450502	XAUUSD	M15	4566.65	4568.55799	4569.62656	4573.58413	4565.33294	0
1777451402	XAUUSD	M15	4568.37	4568.22566	4568.92611	4573.30273	4564.49176	0
1777452302	XAUUSD	M15	4573.20	4567.82707	4568.37659	4573.27903	4563.86037	0
1777453202	XAUUSD	M15	4574.20	4567.10530	4567.74095	4573.10280	4563.06284	0
1777454102	XAUUSD	M15	4565.69	4566.07242	4566.90668	4572.68962	4562.04636	0
1777455002	XAUUSD	M15	4558.86	4565.15730	4566.03199	4571.91098	4561.04997	0
1777455902	XAUUSD	M15	4555.94	4564.74809	4565.39004	4571.18272	4560.43398	0
1777456802	XAUUSD	M15	4568.04	4565.05477	4565.22241	4570.84961	4560.53722	0
1777457702	XAUUSD	M15	4571.78	4565.71422	4565.46832	4570.82086	4561.32298	1
1777458602	XAUUSD	M15	4566.36	4566.48993	4565.97912	4570.96102	4562.37750	0
1777459502	XAUUSD	M15	4569.98	4567.35882	4566.66897	4571.11875	4563.57390	0
1777460402	XAUUSD	M15	4568.02	4567.97896	4567.32397	4571.37647	4564.69668	0
1777461302	XAUUSD	M15	4564.76	4568.14161	4567.73279	4571.54122	4565.34801	0
1777462202	XAUUSD	M15	4567.03	4567.61402	4567.67340	4571.42162	4565.14833	1
1777463102	XAUUSD	M15	4561.87	4565.99813	4566.83577	4570.66916	4563.71477	0
1777464002	XAUUSD	M15	4564.41	4563.17684	4565.00630	4569.10581	4560.82787	0
1777464902	XAUUSD	M15	4559.40	4558.93362	4561.96996	4566.41902	4556.30102	0
1777465802	XAUUSD	M15	4557.62	4553.43975	4557.70486	4562.43013	4550.25778	0
1777466702	XAUUSD	M15	4544.90	4547.01844	4552.36165	4557.43298	4543.24899	0
1777467602	XAUUSD	M15	4549.80	4540.50054	4546.43109	4551.68691	4536.05180	0
1777468502	XAUUSD	M15	4537.82	4534.33222	4540.38166	4545.82784	4529.24603	0
1777469402	XAUUSD	M15	4514.81	4529.45382	4534.91774	4540.46527	4523.74110	0
1777470302	XAUUSD	M15	4521.71	4526.95819	4530.93797	4536.50154	4520.55171	0
1777471202	XAUUSD	M15	4526.15	4526.79360	4528.86579	4534.61678	4519.93363	0
1777472102	XAUUSD	M15	4533.20	4528.68816	4528.77697	4535.01182	4521.52428	0
1777473002	XAUUSD	M15	4538.69	4532.10273	4530.43985	4537.29763	4524.75424	1
1777473902	XAUUSD	M15	4539.25	4536.45708	4533.44847	4541.00603	4528.96445	0
1777474802	XAUUSD	M15	4538.08	4541.28763	4537.36805	4545.72035	4533.64262	0
1777475702	XAUUSD	M15	4543.61	4546.17703	4541.77254	4550.70318	4538.25213	0
1777476602	XAUUSD	M15	4553.17	4550.52916	4546.15085	4555.39321	4542.46853	0
1777477502	XAUUSD	M15	4547.48	4553.71052	4549.93069	4559.00886	4545.93143	0
1777478402	XAUUSD	M15	4559.10	4555.62357	4552.77713	4561.13384	4548.41421	0
1777479302	XAUUSD	M15	4560.23	4555.81532	4554.29622	4561.48306	4549.65654	0
1777480202	XAUUSD	M15	4550.51	4554.31733	4554.30677	4560.18939	4549.33125	0
1777481102	XAUUSD	M15	4545.36	4551.65947	4552.98312	4557.71028	4547.77722	1
1777482002	XAUUSD	M15	4550.68	4548.33700	4550.66006	4554.71672	4545.19328	0
1777482902	XAUUSD	M15	4547.23	4544.58778	4547.62392	4551.63786	4541.80300	0
1777483802	XAUUSD	M15	4544.75	4540.88613	4544.25502	4548.77281	4537.82073	0
1777484702	XAUUSD	M15	4547.33	4537.63615	4540.94559	4546.52920	4533.72556	0
1777485602	XAUUSD	M15	4525.75	4535.06044	4538.00302	4545.04507	4530.01038	0
1777486502	XAUUSD	M15	4532.95	4533.98041	4535.99171	4544.18695	4527.54529	0
1777487402	XAUUSD	M15	4520.81	4534.20481	4535.09826	4544.24533	4526.63495	0
1777488302	XAUUSD	M15	4538.19	4535.88683	4535.49255	4545.00509	4527.45007	1
1777489202	XAUUSD	M15	4547.72	4538.17013	4536.83134	4546.19329	4529.82821	0
1777490102	XAUUSD	M15	4542.84	4540.37996	4538.60565	4547.33019	4532.94415	0
1777491002	XAUUSD	M15	4539.61	4542.35420	4540.47992	4548.16976	4536.08193	0
1777491902	XAUUSD	M15	4547.05	4544.00402	4542.24197	4548.77454	4538.90618	0
1777492802	XAUUSD	M15	4546.25	4545.07272	4543.65735	4549.00354	4541.10792	0
1777493702	XAUUSD	M15	4543.25	4545.66388	4544.66061	4548.86128	4542.54382	0
1777494602	XAUUSD	M15	4543.79	4546.04327	4545.35194	4548.67091	4543.37285	0
1777495502	XAUUSD	M15	4543.57	4546.37152	4545.86173	4548.64421	4543.81988	0
1777500002	XAUUSD	M15	4546.40	4546.83837	4546.35005	4548.96616	4544.20813	0
1777500902	XAUUSD	M15	4549.14	4547.51648	4546.93327	4549.60505	4544.84088	0
1777501802	XAUUSD	M15	4548.51	4548.43896	4547.68611	4550.55815	4545.69835	0
1777502702	XAUUSD	M15	4552.08	4549.71603	4548.70107	4551.83793	4546.84299	0
1777503602	XAUUSD	M15	4553.33	4551.31998	4550.01052	4553.48104	4548.31099	0
1777504502	XAUUSD	M15	4551.63	4553.26561	4551.63807	4555.49614	4550.04477	0
1777505402	XAUUSD	M15	4554.44	4555.62174	4553.62991	4557.89200	4552.06746	0
1777506302	XAUUSD	M15	4561.66	4558.30936	4555.96963	4560.70517	4554.32869	0
1777507202	XAUUSD	M15	4557.93	4561.11687	4558.54325	4563.73506	4556.75856	0
1777508102	XAUUSD	M15	4563.57	4564.14335	4561.34330	4566.77868	4559.26389	0
1777509002	XAUUSD	M15	4567.11	4567.21464	4564.27897	4569.92796	4561.87725	0
1777509902	XAUUSD	M15	4569.83	4570.14440	4567.21169	4573.04703	4564.40734	0
1777510802	XAUUSD	M15	4568.52	4572.75477	4569.98323	4575.85595	4566.67360	0
1777511702	XAUUSD	M15	4579.79	4574.94889	4572.46606	4578.30758	4568.63264	0
1777512602	XAUUSD	M15	4576.31	4576.22520	4574.34563	4579.96138	4570.13211	0
1777513502	XAUUSD	M15	4579.13	4576.51851	4575.43207	4580.63304	4570.91418	0
1777514402	XAUUSD	M15	4579.74	4575.66747	4575.54977	4580.16199	4570.79616	0
1777515302	XAUUSD	M15	4573.13	4573.69498	4574.62238	4578.53454	4569.72862	1
1777516202	XAUUSD	M15	4562.53	4570.92540	4572.77389	4575.86870	4567.82103	0
1777517102	XAUUSD	M15	4565.02	4567.85233	4570.31311	4572.53954	4565.44256	0
1777518002	XAUUSD	M15	4564.98	4564.52596	4567.41953	4568.99515	4562.65344	0
1777518902	XAUUSD	M15	4563.32	4561.06805	4564.24379	4565.32576	4559.43946	0
1777519802	XAUUSD	M15	4561.66	4557.61708	4560.93044	4561.77799	4555.88876	0
1777520702	XAUUSD	M15	4556.09	4554.35976	4557.64510	4558.58747	4552.30468	0
1777521602	XAUUSD	M15	4555.41	4551.63752	4554.64131	4555.97128	4548.99867	0
1777522502	XAUUSD	M15	4547.28	4549.66692	4552.15412	4554.21328	4546.39292	0
1777523402	XAUUSD	M15	4544.74	4548.83624	4550.49518	4553.39437	4544.89775	0
1777524302	XAUUSD	M15	4541.91	4549.31526	4549.90522	4553.81809	4544.81796	0
1777525202	XAUUSD	M15	4553.22	4551.19959	4550.55240	4555.42277	4546.16819	1
1777526102	XAUUSD	M15	4555.73	4554.09979	4552.32610	4558.02999	4548.85182	0
1777527002	XAUUSD	M15	4564.04	4557.83903	4555.08256	4561.41968	4552.41805	0
1777527902	XAUUSD	M15	4562.71	4562.12270	4558.60263	4565.34570	4556.61101	0
1777528802	XAUUSD	M15	4566.21	4566.99767	4562.80015	4569.78008	4561.06946	0
1777529702	XAUUSD	M15	4569.57	4572.39944	4567.59980	4574.87741	4565.80446	0
1777530602	XAUUSD	M15	4575.23	4578.23467	4572.91723	4580.63671	4570.77308	0
1777531502	XAUUSD	M15	4589.44	4584.26495	4578.59109	4586.83815	4575.89701	0
1777532402	XAUUSD	M15	4591.59	4589.99441	4584.29275	4593.02815	4581.11848	0
1777533302	XAUUSD	M15	4591.59	4595.32079	4589.80677	4598.98562	4586.21468	0
1777534202	XAUUSD	M15	4596.69	4600.26682	4595.03680	4604.65253	4591.28078	0
1777535102	XAUUSD	M15	4598.44	4604.77619	4599.90650	4609.82779	4596.26538	0
1777536002	XAUUSD	M15	4618.70	4608.91124	4604.40887	4614.29500	4601.03138	0
1777536902	XAUUSD	M15	4617.35	4612.25843	4608.33365	4617.49592	4605.46352	0
1777537802	XAUUSD	M15	4614.82	4615.08001	4611.70683	4619.96943	4609.21219	0
1777538702	XAUUSD	M15	4616.00	4617.71021	4614.70852	4622.09372	4612.34694	0
1777539602	XAUUSD	M15	4618.96	4620.33061	4617.51956	4624.27262	4615.04459	0
1777540502	XAUUSD	M15	4625.41	4623.00661	4620.26309	4626.75516	4617.52882	0
1777541402	XAUUSD	M15	4619.35	4625.63580	4622.94944	4629.47976	4619.96571	0
1777542302	XAUUSD	M15	4624.91	4628.40817	4625.67881	4632.30393	4622.40515	0
1777543202	XAUUSD	M15	4626.92	4631.11708	4628.39795	4635.25785	4624.89716	0
1777544102	XAUUSD	M15	4643.78	4633.58781	4630.99288	4638.10997	4627.24537	0
1777545002	XAUUSD	M15	4636.62	4635.20307	4633.09797	4640.23680	4629.26901	0
1777545902	XAUUSD	M15	4639.68	4636.10744	4634.60271	4641.42367	4630.65563	0
1777546802	XAUUSD	M15	4635.99	4636.26999	4635.43635	4641.88642	4631.39014	0
1777547702	XAUUSD	M15	4637.70	4635.93809	4635.68722	4641.60660	4631.48400	0
1777548602	XAUUSD	M15	4629.82	4635.25034	4635.46878	4640.86566	4631.20507	1
1777549502	XAUUSD	M15	4630.21	4634.59469	4635.03173	4640.07583	4630.77095	0
1777550402	XAUUSD	M15	4635.81	4634.05115	4634.54144	4639.49827	4630.20996	0
1777551302	XAUUSD	M15	4630.51	4633.43507	4633.98826	4639.13633	4629.46188	0
1777552202	XAUUSD	M15	4625.92	4632.80140	4633.39483	4638.91632	4628.46841	0
1777553102	XAUUSD	M15	4639.57	4632.11185	4632.75334	4638.66853	4627.19618	0
1777554002	XAUUSD	M15	4641.50	4630.81542	4631.78438	4638.04303	4625.57853	0
1777554902	XAUUSD	M15	4633.50	4628.79890	4630.29164	4636.72610	4623.34862	0
1777555802	XAUUSD	M15	4625.44	4626.39851	4628.34508	4634.59242	4620.67536	0
1777556702	XAUUSD	M15	4610.99	4624.03645	4626.19076	4632.05459	4618.11938	0
1777557602	XAUUSD	M15	4620.39	4622.29657	4624.24367	4629.55753	4616.14721	0
1777558502	XAUUSD	M15	4622.81	4620.95832	4622.60100	4627.27408	4614.89421	0
1777559402	XAUUSD	M15	4617.70	4619.87714	4621.23907	4625.28881	4614.14064	0
1777560302	XAUUSD	M15	4619.59	4619.05285	4620.14596	4623.70483	4613.84644	0
1777561202	XAUUSD	M15	4620.13	4618.23383	4619.18990	4622.41429	4613.58931	0
1777562102	XAUUSD	M15	4623.09	4617.21050	4618.20020	4621.26219	4613.15532	0
1777563002	XAUUSD	M15	4615.65	4615.80067	4617.00044	4620.09344	4612.33550	0
1777563902	XAUUSD	M15	4615.35	4614.23834	4615.61939	4618.80710	4611.15246	0
1777564802	XAUUSD	M15	4611.63	4612.69287	4614.15613	4617.68736	4609.77660	0
1777565702	XAUUSD	M15	4608.08	4611.51185	4612.83399	4616.84586	4608.50862	0
1777566602	XAUUSD	M15	4609.12	4611.03050	4611.93224	4616.57169	4607.77597	0
1777567502	XAUUSD	M15	4607.62	4611.37626	4611.65425	4616.90058	4607.81087	0
1777568402	XAUUSD	M15	4615.95	4612.62164	4612.13794	4617.74378	4608.79834	1
1777569302	XAUUSD	M15	4618.00	4614.43268	4613.28531	4618.98481	4610.65162	0
1777570202	XAUUSD	M15	4617.86	4616.54200	4614.91366	4620.50912	4613.02870	0
1777571102	XAUUSD	M15	4616.86	4618.67781	4616.79573	4622.13138	4615.54119	0
1777572002	XAUUSD	M15	4620.57	4620.57193	4618.68383	4623.69221	4617.81694	0
1777572902	XAUUSD	M15	4620.79	4621.88020	4620.28201	4624.87786	4619.48711	0
1777573802	XAUUSD	M15	4620.70	4622.43967	4621.36084	4625.52920	4620.26585	0
1777574702	XAUUSD	M15	4622.48	4622.22187	4621.79135	4625.62576	4620.14005	0
1777575602	XAUUSD	M15	4624.33	4621.28661	4621.53898	4625.11583	4619.22721	1
1777576502	XAUUSD	M15	4617.77	4619.86140	4620.70019	4624.05950	4617.76861	0
1777577402	XAUUSD	M15	4622.49	4618.52046	4619.61032	4622.76668	4616.28378	0
1777578302	XAUUSD	M15	4617.07	4617.54492	4618.57762	4621.63475	4615.22043	0
1777579202	XAUUSD	M15	4616.16	4617.44952	4618.01357	4620.99044	4614.92689	0
1777580102	XAUUSD	M15	4616.72	4618.45612	4618.23485	4621.17025	4615.56077	1
1777581002	XAUUSD	M15	4617.33	4620.51077	4619.37281	4622.31012	4617.15038	0
1777581902	XAUUSD	M15	4621.81	4623.34953	4621.36117	4624.35202	4619.56678	0
1777586402	XAUUSD	M15	4631.38	4626.46221	4623.91169	4626.95666	4622.49346	0
1777587302	XAUUSD	M15	4631.38	4629.16303	4626.53736	4629.50253	4625.37031	0
1777588202	XAUUSD	M15	4631.75	4631.11720	4628.82728	4631.71548	4627.71786	0
1777589102	XAUUSD	M15	4630.51	4632.09521	4630.46124	4633.33375	4629.28945	0
1777590002	XAUUSD	M15	4630.26	4632.06953	4631.26539	4634.18974	4629.87852	0
1777590902	XAUUSD	M15	4630.75	4631.10634	4631.18586	4634.23613	4629.45475	1
1777591802	XAUUSD	M15	4631.31	4629.33482	4630.26034	4633.46957	4628.08749	0
1777592702	XAUUSD	M15	4626.71	4626.96300	4628.61167	4631.92596	4625.94146	0
1777593602	XAUUSD	M15	4622.55	4624.41435	4626.51301	4629.81398	4623.41116	0
1777594502	XAUUSD	M15	4623.65	4622.12987	4624.32144	4627.46479	4620.96101	0
1777595402	XAUUSD	M15	4620.90	4620.35456	4622.33800	4625.28920	4618.87356	0
1777596302	XAUUSD	M15	4620.02	4619.35382	4620.84591	4623.69270	4617.41539	0
1777597202	XAUUSD	M15	4618.70	4619.21245	4620.02918	4622.89048	4616.65679	0
1777598102	XAUUSD	M15	4616.68	4619.86608	4619.94763	4623.05311	4616.69349	0
1777599002	XAUUSD	M15	4620.20	4621.14923	4620.54843	4624.10470	4617.44784	1
1777599902	XAUUSD	M15	4621.05	4622.66406	4621.60624	4625.69301	4618.66214	0
1777600802	XAUUSD	M15	4630.89	4624.10340	4622.85482	4627.45843	4620.02850	0
1777601702	XAUUSD	M15	4629.39	4624.99971	4623.92727	4628.74583	4621.30361	0
1777602602	XAUUSD	M15	4624.38	4625.35131	4624.63929	4629.34696	4622.11044	0
1777603502	XAUUSD	M15	4619.15	4625.34063	4624.98996	4629.37473	4622.50006	0
1777604402	XAUUSD	M15	4620.85	4625.16463	4625.07729	4629.07319	4622.64642	0
1777605302	XAUUSD	M15	4626.13	4624.77044	4624.92387	4628.59189	4622.49763	1
1777606202	XAUUSD	M15	4626.21	4623.95427	4624.43907	4627.79549	4621.94380	0
1777607102	XAUUSD	M15	4626.67	4622.65854	4623.54880	4626.51806	4620.83565	0
1777608002	XAUUSD	M15	4621.93	4620.85554	4622.20217	4624.85975	4619.16644	0
1777608902	XAUUSD	M15	4617.53	4618.70964	4620.45590	4622.83094	4617.12404	0
1777609802	XAUUSD	M15	4613.51	4616.41641	4618.43616	4620.63215	4614.83740	0
1777610702	XAUUSD	M15	4609.18	4614.14026	4616.28821	4618.45838	4612.48415	0
1777611602	XAUUSD	M15	4614.29	4611.98746	4614.13783	4616.39571	4610.15604	0
1777612502	XAUUSD	M15	4614.64	4609.76427	4611.95105	4614.38018	4607.85385	0
1777613402	XAUUSD	M15	4610.00	4607.37886	4609.66495	4612.27398	4605.39491	0
1777614302	XAUUSD	M15	4605.03	4604.87689	4607.27092	4609.97737	4602.75610	0
1777615202	XAUUSD	M15	4601.49	4602.32070	4604.79581	4607.45044	4600.02642	0
1777616102	XAUUSD	M15	4593.44	4599.69458	4602.24519	4604.75943	4597.16526	0
1777617002	XAUUSD	M15	4593.36	4597.07627	4599.66073	4601.98595	4594.25334	0
1777617902	XAUUSD	M15	4594.77	4594.27646	4596.96859	4599.14017	4591.21213	0
1777618802	XAUUSD	M15	4595.97	4591.11624	4594.04242	4596.16830	4587.88406	0
1777619702	XAUUSD	M15	4592.32	4587.50543	4590.77392	4592.98127	4584.22974	0
1777620602	XAUUSD	M15	4585.41	4583.58249	4587.17821	4589.48858	4580.39447	0
1777621502	XAUUSD	M15	4578.16	4579.63936	4583.40878	4585.84152	4576.52190	0
1777622402	XAUUSD	M15	4574.06	4575.99633	4579.70256	4582.25082	4572.95989	0
1777623302	XAUUSD	M15	4567.37	4572.84767	4576.27511	4578.85308	4569.88226	0
1777624202	XAUUSD	M15	4571.29	4570.40587	4573.34049	4575.83306	4567.51368	0
1777625102	XAUUSD	M15	4568.51	4568.52613	4570.93331	4573.36631	4565.81298	0
1777626002	XAUUSD	M15	4565.87	4567.23884	4569.08607	4571.46068	4564.67915	0
1777626902	XAUUSD	M15	4569.29	4566.55556	4567.82082	4570.23620	4563.97755	0
1777627802	XAUUSD	M15	4570.62	4566.31091	4567.06586	4569.62249	4563.57286	0
1777628702	XAUUSD	M15	4563.12	4566.40001	4566.73294	4569.53257	4563.32610	0
1777629602	XAUUSD	M15	4566.78	4566.99317	4566.86305	4569.97862	4563.42874	1
1777630502	XAUUSD	M15	4572.18	4567.92783	4567.39544	4570.97998	4563.88673	0
1777631402	XAUUSD	M15	4570.49	4569.00106	4568.19825	4572.32538	4564.59660	0
1777632302	XAUUSD	M15	4566.67	4570.28005	4569.23915	4573.87598	4565.56750	0
1777633202	XAUUSD	M15	4565.94	4571.92658	4570.58287	4575.74135	4566.87328	0
1777634102	XAUUSD	M15	4572.03	4574.03283	4572.30785	4578.04943	4568.63302	0
1777635002	XAUUSD	M15	4575.75	4576.48533	4574.39659	4580.64779	4570.78186	0
1777635902	XAUUSD	M15	4578.84	4579.26181	4576.82920	4583.58875	4573.15924	0
1777636802	XAUUSD	M15	4584.86	4582.40525	4579.61723	4586.96499	4575.75283	0
1777637702	XAUUSD	M15	4602.95	4585.94741	4582.78232	4590.67980	4578.63250	0
1777638602	XAUUSD	M15	4591.95	4589.65475	4586.21853	4594.56473	4581.80767	0
1777639502	XAUUSD	M15	4591.18	4594.18053	4590.19953	4599.13494	4585.40045	0
1777640402	XAUUSD	M15	4591.32	4599.83718	4595.01835	4604.93810	4589.69155	0
1777641302	XAUUSD	M15	4589.20	4606.72070	4600.86953	4612.04540	4594.92122	0
1777642202	XAUUSD	M15	4608.07	4614.71731	4607.79342	4620.36707	4601.21453	0
1777643102	XAUUSD	M15	4625.70	4622.85193	4615.32267	4628.94989	4608.39291	0
1777644002	XAUUSD	M15	4656.06	4630.09535	4622.70901	4636.60412	4615.74416	0
1777644902	XAUUSD	M15	4644.67	4635.19751	4628.95326	4641.95659	4622.12963	0
1777645802	XAUUSD	M15	4633.23	4638.44721	4633.70024	4644.87489	4626.79859	0
1777646702	XAUUSD	M15	4632.21	4640.41920	4637.05972	4646.05018	4630.11036	0
1777647602	XAUUSD	M15	4636.58	4641.49991	4639.27982	4646.29267	4632.38032	0
1777648502	XAUUSD	M15	4636.46	4641.90483	4640.59232	4646.08334	4634.14215	0
1777649402	XAUUSD	M15	4643.60	4641.89157	4641.24194	4645.69208	4635.29442	0
1777650302	XAUUSD	M15	4643.30	4641.40675	4641.32435	4645.21030	4635.99364	0
1777651202	XAUUSD	M15	4642.75	4640.54452	4640.93444	4644.60240	4636.38287	1
1777652102	XAUUSD	M15	4637.96	4639.35547	4640.14495	4643.90361	4636.31741	0
1777653002	XAUUSD	M15	4638.86	4637.98814	4639.06655	4642.90322	4635.71878	0
1777653902	XAUUSD	M15	4638.72	4636.42075	4637.74365	4641.75603	4634.58247	0
1777654802	XAUUSD	M15	4639.73	4634.62763	4636.18564	4640.32311	4632.78695	0
1777655702	XAUUSD	M15	4631.67	4632.53853	4634.36208	4638.51442	4630.34388	0
1777656602	XAUUSD	M15	4628.00	4630.35345	4632.35777	4636.32777	4627.55474	0
1777657502	XAUUSD	M15	4629.43	4628.16777	4630.26277	4633.96326	4624.70818	0
1777658402	XAUUSD	M15	4615.72	4625.96908	4628.11593	4631.39026	4621.97654	0
1777659302	XAUUSD	M15	4623.48	4624.16830	4626.14211	4628.82879	4619.78993	0
1777660202	XAUUSD	M15	4622.32	4622.51999	4624.33105	4626.57183	4618.20687	0
1777661102	XAUUSD	M15	4624.35	4620.97486	4622.65296	4624.63689	4617.03674	0
1777662002	XAUUSD	M15	4626.30	4619.37915	4621.01605	4622.93617	4615.97560	0
1777662902	XAUUSD	M15	4624.40	4617.64356	4619.32980	4621.38621	4614.83349	0
1777663802	XAUUSD	M15	4611.78	4615.87995	4617.60488	4619.92270	4613.45482	0
1777664702	XAUUSD	M15	4610.06	4614.60490	4616.10489	4618.68522	4612.25191	0
1777665602	XAUUSD	M15	4611.41	4614.03502	4615.06995	4618.06670	4611.43822	0
1777666502	XAUUSD	M15	4613.30	4614.25205	4614.66100	4618.27702	4611.21530	0
1777667402	XAUUSD	M15	4613.77	4615.20439	4614.93269	4619.26350	4611.59235	1
1777668302	XAUUSD	M15	4613.98	4616.73243	4615.83256	4620.93113	4612.52489	0
1777845602	XAUUSD	M15	4623.11	4618.54342	4617.18799	4622.92609	4613.78142	0
1777846502	XAUUSD	M15	4620.91	4619.98901	4618.58850	4624.43357	4614.96692	0
1777847402	XAUUSD	M15	4628.20	4620.78527	4619.68688	4625.32318	4615.89478	0
1777848302	XAUUSD	M15	4618.95	4620.51350	4620.10019	4625.17480	4616.11909	0
1777849202	XAUUSD	M15	4615.08	4619.43312	4619.76666	4623.96804	4615.52622	1
1777850102	XAUUSD	M15	4617.09	4617.76790	4618.76728	4622.09218	4614.26464	0
1777851002	XAUUSD	M15	4613.63	4615.60744	4617.18736	4619.88012	4612.36095	0
1777851902	XAUUSD	M15	4613.86	4613.20643	4615.19690	4617.54574	4609.96409	0
1777852802	XAUUSD	M15	4612.30	4610.72442	4612.96066	4615.31658	4607.28591	0
1777853702	XAUUSD	M15	4606.13	4608.34304	4610.65185	4613.34541	4604.68517	0
1777854602	XAUUSD	M15	4605.86	4606.35325	4608.50255	4611.74423	4602.35878	0
1777855502	XAUUSD	M15	4613.01	4604.80567	4606.65411	4610.65126	4600.28472	0
1777856402	XAUUSD	M15	4600.58	4603.49070	4605.07241	4609.89723	4598.49147	0
1777857302	XAUUSD	M15	4594.65	4602.72737	4603.89989	4609.37139	4597.19995	0
1777858202	XAUUSD	M15	4601.59	4602.62203	4603.26096	4609.23465	4596.43501	0
1777859102	XAUUSD	M15	4613.14	4602.87278	4603.06687	4609.44516	4596.21121	0
1777860002	XAUUSD	M15	4608.34	4603.10232	4603.08460	4609.57899	4596.31391	1
1777860902	XAUUSD	M15	4593.09	4603.48749	4603.28604	4609.51880	4596.71422	0
1777861802	XAUUSD	M15	4603.32	4604.53714	4603.91159	4609.66585	4597.77399	0
1777862702	XAUUSD	M15	4605.77	4605.98946	4604.95053	4610.26751	4599.49596	0
1777863602	XAUUSD	M15	4610.07	4607.62574	4606.28814	4611.15223	4601.49871	0
1777864502	XAUUSD	M15	4610.27	4609.07937	4607.68375	4612.19201	4603.48768	0
1777865402	XAUUSD	M15	4605.07	4610.08928	4608.88651	4613.21807	4605.11083	0
1777866302	XAUUSD	M15	4615.09	4610.60008	4609.74329	4613.98822	4606.37499	0
1777867202	XAUUSD	M15	4611.19	4610.23996	4609.99163	4614.13546	4606.92413	0
1777868102	XAUUSD	M15	4608.12	4609.17661	4609.58412	4613.61751	4606.58640	1
1777869002	XAUUSD	M15	4609.32	4607.62196	4608.60304	4612.51477	4605.38799	0
1777869902	XAUUSD	M15	4606.00	4605.68592	4607.14448	4610.92304	4603.43474	0
1777870802	XAUUSD	M15	4603.74	4603.57652	4605.36050	4608.99584	4600.94165	0
1777871702	XAUUSD	M15	4596.32	4601.41555	4603.38802	4606.92391	4598.16674	0
1777872602	XAUUSD	M15	4598.85	4599.39089	4601.38946	4604.57836	4595.39454	0
1777873502	XAUUSD	M15	4599.12	4597.34381	4599.36663	4602.35162	4592.76083	0
1777874402	XAUUSD	M15	4597.44	4595.19018	4597.27841	4600.15176	4590.19782	0
1777875302	XAUUSD	M15	4594.08	4592.93188	4595.10514	4597.95485	4587.84446	0
1777876202	XAUUSD	M15	4585.46	4590.68296	4592.89405	4595.80120	4585.64321	0
1777877102	XAUUSD	M15	4588.54	4588.70934	4590.80170	4593.72058	4583.71289	0
1777878002	XAUUSD	M15	4592.16	4586.90599	4588.85384	4591.75416	4582.08635	0
1777878902	XAUUSD	M15	4585.82	4585.17142	4587.01263	4589.85918	4580.74931	0
1777879802	XAUUSD	M15	4587.99	4583.72601	4585.36932	4588.08684	4579.78995	0
1777880702	XAUUSD	M15	4579.06	4582.53984	4583.95458	4586.61765	4579.20661	0
1777881602	XAUUSD	M15	4580.25	4581.82271	4582.88865	4585.41169	4578.98488	0
1777882502	XAUUSD	M15	4575.07	4581.34064	4582.11464	4584.68864	4578.92726	0
1777883402	XAUUSD	M15	4578.09	4580.89828	4581.50646	4584.24145	4578.58842	0
1777884302	XAUUSD	M15	4577.11	4579.99652	4580.75149	4583.72665	4577.47974	0
1777885202	XAUUSD	M15	4584.21	4578.25967	4579.50558	4582.82378	4575.12196	0
1777886102	XAUUSD	M15	4581.15	4575.25660	4577.38109	4581.10006	4571.30757	0
1777887002	XAUUSD	M15	4581.26	4571.13919	4574.26014	4578.42398	4566.08399	0
1777887902	XAUUSD	M15	4575.47	4566.28713	4570.27363	4574.92677	4559.98391	0
1777888802	XAUUSD	M15	4541.79	4561.48344	4565.87854	4571.04258	4554.02209	0
1777889702	XAUUSD	M15	4545.00	4558.27397	4562.07625	4567.45148	4549.89428	0
1777890602	XAUUSD	M15	4558.64	4556.88272	4559.47948	4565.41864	4548.38389	0
1777891502	XAUUSD	M15	4562.67	4556.86476	4558.17212	4564.57380	4549.05551	0
1777892402	XAUUSD	M15	4565.34	4557.80311	4557.98762	4564.73790	4551.08814	0
1777893302	XAUUSD	M15	4562.26	4559.22120	4558.60441	4565.54639	4553.75069	1
1777894202	XAUUSD	M15	4553.65	4560.81139	4559.70790	4566.69249	4556.36002	0
1777895102	XAUUSD	M15	4559.94	4562.52311	4561.11550	4568.07176	4558.64037	0
1777896002	XAUUSD	M15	4563.67	4563.99242	4562.55396	4569.43327	4560.23460	0
1777896902	XAUUSD	M15	4568.68	4565.06480	4563.80938	4570.57781	4560.94203	0
1777897802	XAUUSD	M15	4570.10	4565.69529	4564.75234	4571.15490	4560.89334	0
1777898702	XAUUSD	M15	4568.79	4566.03610	4565.39422	4571.56257	4560.55033	0
1777899602	XAUUSD	M15	4565.98	4566.33668	4565.86545	4571.91411	4560.20457	0
1777900502	XAUUSD	M15	4561.09	4566.79074	4566.32810	4572.44503	4560.35207	0
1777901402	XAUUSD	M15	4565.51	4567.46255	4566.89532	4573.43489	4560.86386	0
1777902302	XAUUSD	M15	4563.85	4567.93059	4567.41295	4574.60557	4561.48683	0
1777903202	XAUUSD	M15	4560.18	4567.74978	4567.58137	4575.62704	4561.49219	0
1777904102	XAUUSD	M15	4571.20	4566.41368	4566.99752	4575.88574	4560.17661	1
1777905002	XAUUSD	M15	4574.38	4563.03387	4565.01570	4574.22026	4556.69361	0
1777905902	XAUUSD	M15	4561.26	4557.21819	4561.11694	4570.11179	4550.45342	0
1777906802	XAUUSD	M15	4548.46	4549.47625	4555.29660	4563.63427	4541.94348	0
1777907702	XAUUSD	M15	4537.95	4540.69733	4547.99697	4555.41942	4532.22200	0
1777908602	XAUUSD	M15	4535.10	4531.94279	4539.96988	4546.41980	4523.17335	0
1777909502	XAUUSD	M15	4521.33	4524.08418	4532.02703	4537.79319	4515.42521	0
1777910402	XAUUSD	M15	4509.88	4518.17417	4525.10060	4530.49681	4510.02636	0
1777911302	XAUUSD	M15	4515.03	4514.84304	4519.97182	4525.27798	4507.57954	0
1777912202	XAUUSD	M15	4512.59	4513.82142	4516.89662	4522.21677	4507.64295	0
1777913102	XAUUSD	M15	4510.69	4514.67541	4515.78602	4521.27056	4509.51086	0
1777914002	XAUUSD	M15	4522.39	4516.74050	4516.26326	4521.96396	4512.43458	1
1777914902	XAUUSD	M15	4524.38	4518.90691	4517.58508	4523.29008	4515.45259	0
1777915802	XAUUSD	M15	4526.10	4520.48764	4519.03636	4524.42361	4517.58990	0
1777916702	XAUUSD	M15	4522.35	4521.10189	4520.06913	4525.00803	4518.47369	0
1777917602	XAUUSD	M15	4520.01	4520.77836	4520.42375	4524.87600	4518.08520	0
1777918502	XAUUSD	M15	4511.95	4519.74198	4520.08286	4524.07743	4516.78005	1
1777919402	XAUUSD	M15	4511.86	4518.54779	4519.31533	4522.96221	4515.23302	0
1777920302	XAUUSD	M15	4516.40	4517.54331	4518.42932	4521.96457	4513.88541	0
1777921202	XAUUSD	M15	4519.05	4516.87889	4517.65410	4521.29716	4513.06461	0
1777922102	XAUUSD	M15	4522.42	4516.63699	4517.14555	4520.91079	4512.89744	0
1777923002	XAUUSD	M15	4521.16	4516.74707	4516.94631	4520.76288	4513.18948	0
1777923902	XAUUSD	M15	4517.46	4517.18476	4517.06553	4520.76881	4513.73040	1
1777924802	XAUUSD	M15	4514.74	4517.92436	4517.49495	4520.93325	4514.49918	0
1777925702	XAUUSD	M15	4515.21	4518.85776	4518.17635	4521.28949	4515.44495	0
1777926602	XAUUSD	M15	4518.75	4519.77070	4518.97353	4521.76173	4516.44175	0
1777927502	XAUUSD	M15	4523.84	4520.39375	4519.68364	4522.12752	4517.31648	0
1777932002	XAUUSD	M15	4521.10	4520.51097	4520.09731	4522.18388	4517.89605	0
1777932902	XAUUSD	M15	4519.66	4520.23844	4520.16787	4521.91538	4518.16779	0
1777933802	XAUUSD	M15	4519.02	4519.76380	4519.96584	4521.49784	4518.10333	1
1777934702	XAUUSD	M15	4517.52	4519.29608	4519.63096	4521.11220	4517.75757	0
1777935602	XAUUSD	M15	4520.44	4519.04973	4519.34034	4520.99003	4517.29515	0
1777936502	XAUUSD	M15	4521.13	4519.07230	4519.20632	4521.21035	4516.82358	0
1777937402	XAUUSD	M15	4518.52	4519.46323	4519.33477	4521.84939	4516.42098	1
1777938302	XAUUSD	M15	4519.04	4520.38837	4519.86157	4522.97627	4516.30793	0
1777939202	XAUUSD	M15	4527.77	4521.91041	4520.88599	4524.64694	4516.71833	0
1777940102	XAUUSD	M15	4517.12	4523.83504	4522.36051	4526.66801	4517.83164	0
1777941002	XAUUSD	M15	4523.87	4526.51277	4524.43664	4529.10562	4519.88134	0
1777941902	XAUUSD	M15	4530.12	4529.70461	4527.07063	4532.04101	4522.79530	0
1777942802	XAUUSD	M15	4538.86	4533.07386	4530.07224	4535.21918	4526.22530	0
1777943702	XAUUSD	M15	4537.80	4536.16766	4533.11995	4538.24231	4529.87800	0
1777944602	XAUUSD	M15	4536.92	4538.80791	4535.96393	4540.91823	4533.21481	0
1777945502	XAUUSD	M15	4541.02	4540.84516	4538.40454	4543.01897	4536.00038	0
1777946402	XAUUSD	M15	4538.55	4542.06541	4540.23498	4544.43517	4537.99148	0
1777947302	XAUUSD	M15	4541.49	4542.50884	4541.37191	4545.07728	4539.07647	0
1777948202	XAUUSD	M15	4544.58	4542.13928	4541.75559	4544.97122	4539.34900	0
1777949102	XAUUSD	M15	4539.17	4540.98588	4541.37074	4544.07577	4538.76998	1
1777950002	XAUUSD	M15	4542.12	4539.38074	4540.37574	4542.51947	4537.54481	0
1777950902	XAUUSD	M15	4538.07	4537.45143	4538.91358	4540.64557	4535.92597	0
1777951802	XAUUSD	M15	4535.98	4535.54898	4537.23128	4538.70580	4534.16003	0
1777952702	XAUUSD	M15	4534.67	4533.97344	4535.60236	4537.06622	4532.52823	0
1777953602	XAUUSD	M15	4532.97	4532.98573	4534.29404	4536.03873	4531.31817	0
1777954502	XAUUSD	M15	4529.71	4532.79988	4533.54696	4535.84679	4530.67207	0
1777955402	XAUUSD	M15	4531.71	4533.57517	4533.56107	4536.64166	4530.75170	1
1777956302	XAUUSD	M15	4533.58	4535.17810	4534.36958	4538.37882	4531.58783	0
1777957202	XAUUSD	M15	4540.20	4537.34808	4535.85883	4540.79817	4533.00047	0
1777958102	XAUUSD	M15	4540.11	4539.64323	4537.75103	4543.38995	4534.83200	0
1777959002	XAUUSD	M15	4545.86	4541.82647	4539.78875	4546.03356	4536.78967	0
1777959902	XAUUSD	M15	4545.73	4543.56122	4541.67499	4548.19964	4538.61024	0
1777960802	XAUUSD	M15	4543.66	4544.80568	4543.24033	4549.85484	4540.09906	0
1777961702	XAUUSD	M15	4536.86	4545.68808	4544.46421	4550.93426	4541.29012	0
1777962602	XAUUSD	M15	4546.17	4546.53044	4545.49732	4551.75467	4542.42883	0
1777963502	XAUUSD	M15	4548.12	4547.21319	4546.35526	4552.33839	4543.51614	0
1777964402	XAUUSD	M15	4554.04	4547.81793	4547.08659	4552.80712	4544.39083	0
1777965302	XAUUSD	M15	4548.94	4548.33411	4547.71035	4553.20131	4545.10105	0
1777966202	XAUUSD	M15	4551.29	4549.05239	4548.38137	4553.64862	4545.74754	0
1777967102	XAUUSD	M15	4545.57	4549.99685	4549.18911	4554.17219	4546.44664	0
1777968002	XAUUSD	M15	4551.12	4551.34161	4550.26536	4554.99303	4547.42351	0
1777968902	XAUUSD	M15	4551.48	4552.80981	4551.53758	4556.02018	4548.61351	0
1777969802	XAUUSD	M15	4550.32	4554.17377	4552.85568	4557.07788	4549.81726	0
1777970702	XAUUSD	M15	4558.34	4555.20702	4554.03135	4558.01769	4550.88892	0
1777971602	XAUUSD	M15	4557.61	4555.47598	4554.75366	4558.47141	4551.61615	0
1777972502	XAUUSD	M15	4552.30	4554.92200	4554.83783	4558.29691	4551.68773	0
1777973402	XAUUSD	M15	4555.50	4553.77413	4554.30598	4557.56777	4551.06257	1
1777974302	XAUUSD	M15	4556.21	4552.19328	4553.24963	4556.40307	4549.83434	0
1777975202	XAUUSD	M15	4553.01	4550.52734	4551.88848	4555.07379	4548.17211	0
1777976102	XAUUSD	M15	4547.92	4549.29078	4550.58963	4553.90291	4546.47646	0
1777977002	XAUUSD	M15	4545.13	4549.00677	4549.79820	4553.27612	4545.24863	0
1777977902	XAUUSD	M15	4543.73	4549.96422	4549.88121	4553.49416	4544.92163	1
1777978802	XAUUSD	M15	4552.62	4552.21088	4551.04604	4554.93726	4545.82866	0
1777979702	XAUUSD	M15	4556.17	4555.30278	4553.17441	4557.37865	4548.00364	0
1777980602	XAUUSD	M15	4563.32	4558.83281	4556.00361	4560.52956	4551.02471	0
1777981502	XAUUSD	M15	4562.60	4562.28941	4559.14651	4563.97658	4554.45894	0
1777982402	XAUUSD	M15	4565.00	4565.46336	4562.30493	4567.51181	4557.88688	0
1777983302	XAUUSD	M15	4573.81	4568.17165	4565.23829	4570.91765	4561.17080	0
1777984202	XAUUSD	M15	4567.11	4570.19854	4567.71842	4573.90924	4563.97512	0
1777985102	XAUUSD	M15	4564.68	4571.90019	4569.80931	4576.49346	4566.14089	0
1777986002	XAUUSD	M15	4578.78	4573.57790	4571.69360	4578.93338	4567.91306	0
1777986902	XAUUSD	M15	4576.85	4575.04838	4573.37099	4580.96018	4569.42381	0
1777987802	XAUUSD	M15	4574.12	4576.53702	4574.95401	4582.56556	4570.59007	0
1777988702	XAUUSD	M15	4579.40	4578.20128	4576.57764	4583.91345	4571.72643	0
1777989602	XAUUSD	M15	4573.57	4579.81644	4578.19704	4584.98953	4572.89376	0
1777990502	XAUUSD	M15	4584.37	4581.29680	4579.74692	4585.67900	4574.09106	0
1777991402	XAUUSD	M15	4582.96	4581.97564	4580.86128	4585.73530	4575.22029	0
1777992302	XAUUSD	M15	4582.46	4581.56680	4581.21404	4584.99786	4575.65549	0
1777993202	XAUUSD	M15	4580.89	4579.93002	4580.57203	4583.42800	4575.12911	1
1777994102	XAUUSD	M15	4578.99	4577.13577	4578.85390	4580.97633	4573.40791	0
1777995002	XAUUSD	M15	4572.95	4573.45193	4576.15291	4577.80028	4570.57812	0
1777995902	XAUUSD	M15	4568.49	4569.39972	4572.77631	4574.11738	4566.95836	0
1777996802	XAUUSD	M15	4566.28	4565.48652	4569.13141	4570.34699	4563.05776	0
1777997702	XAUUSD	M15	4559.70	4562.10977	4565.62059	4566.95955	4559.47406	0
1777998602	XAUUSD	M15	4556.78	4559.67285	4562.64672	4564.24116	4556.72697	0
1777999502	XAUUSD	M15	4561.35	4558.34035	4560.49354	4562.47998	4555.07989	0
1778000402	XAUUSD	M15	4556.20	4557.89776	4559.19565	4561.59012	4554.47765	0
1778001302	XAUUSD	M15	4558.57	4558.29678	4558.74621	4561.46173	4554.81081	0
1778002202	XAUUSD	M15	4560.43	4559.20654	4558.97638	4561.93219	4555.72040	1
1778003102	XAUUSD	M15	4559.93	4560.27674	4559.62656	4562.71713	4556.88833	0
1778004002	XAUUSD	M15	4564.29	4561.24159	4560.43407	4563.55943	4557.97596	0
1778004902	XAUUSD	M15	4562.18	4561.74240	4561.08823	4564.14120	4558.75766	0
1778005802	XAUUSD	M15	4561.56	4561.69826	4561.39325	4564.25946	4559.05414	0
1778006702	XAUUSD	M15	4561.04	4561.09324	4561.24324	4563.88054	4558.91910	1
1778007602	XAUUSD	M15	4557.24	4560.01357	4560.62841	4562.90488	4558.32658	0
1778008502	XAUUSD	M15	4556.32	4558.68154	4559.65498	4561.53757	4557.40291	0
1778009402	XAUUSD	M15	4555.64	4557.25444	4558.45471	4559.99852	4556.24841	0
1778010302	XAUUSD	M15	4554.64	4555.85067	4557.15269	4558.47421	4554.89006	0
1778011202	XAUUSD	M15	4557.01	4554.58549	4555.86909	4557.11384	4553.47214	0
1778012102	XAUUSD	M15	4559.18	4553.54194	4554.70551	4556.16181	4552.01638	0
1778013002	XAUUSD	M15	4555.63	4552.87485	4553.79018	4555.78669	4550.65439	0
1778013902	XAUUSD	M15	4557.58	4552.96685	4553.37852	4556.23401	4549.67653	0
1778018402	XAUUSD	M15	4550.67	4554.10924	4553.74388	4557.83971	4549.46101	1
1778019302	XAUUSD	M15	4546.68	4556.79606	4555.26997	4560.76882	4550.53580	0
1778020202	XAUUSD	M15	4548.82	4561.26057	4558.26527	4565.34392	4553.27397	0
1778021102	XAUUSD	M15	4573.43	4567.34287	4562.80407	4571.45967	4557.77988	0
1778022002	XAUUSD	M15	4588.62	4574.03704	4568.42056	4578.10435	4563.89422	0
1778022902	XAUUSD	M15	4582.10	4580.60862	4574.51459	4584.62439	4570.71705	0
1778023802	XAUUSD	M15	4584.84	4587.05120	4580.78289	4590.87357	4577.56729	0
1778024702	XAUUSD	M15	4593.92	4593.23163	4587.00726	4596.83074	4584.23879	0
1778025602	XAUUSD	M15	4591.76	4598.91089	4592.95907	4602.34416	4590.46035	0
1778026502	XAUUSD	M15	4602.23	4604.24631	4598.60269	4607.46768	4596.11042	0
1778027402	XAUUSD	M15	4610.32	4609.06190	4603.83230	4612.16796	4601.32767	0
1778028302	XAUUSD	M15	4618.87	4613.30139	4608.56684	4616.42678	4605.94266	0
1778029202	XAUUSD	M15	4611.55	4616.96766	4612.76725	4620.19373	4610.01341	0
1778030102	XAUUSD	M15	4625.00	4620.55055	4616.65890	4623.63093	4613.82368	0
1778031002	XAUUSD	M15	4624.12	4623.91166	4620.28528	4626.89115	4617.62551	0
1778031902	XAUUSD	M15	4626.18	4627.31171	4623.79850	4630.18541	4621.33629	0
1778032802	XAUUSD	M15	4633.69	4630.83597	4627.31723	4633.60556	4624.98727	0
1778033702	XAUUSD	M15	4630.22	4634.31349	4630.81536	4637.05494	4628.58821	0
1778034602	XAUUSD	M15	4635.01	4637.77755	4634.29646	4640.44254	4632.02684	0
1778035502	XAUUSD	M15	4640.94	4640.96397	4637.63022	4643.69584	4635.33728	0
1778036402	XAUUSD	M15	4647.89	4643.58141	4640.60581	4646.48653	4638.26837	0
1778037302	XAUUSD	M15	4645.81	4645.39975	4643.00278	4648.48328	4640.65885	0
1778038202	XAUUSD	M15	4647.74	4646.58382	4644.79330	4649.70430	4642.38252	0
1778039102	XAUUSD	M15	4643.84	4647.30454	4646.04892	4650.32504	4643.58456	0
1778040002	XAUUSD	M15	4647.59	4647.93753	4646.99322	4650.72991	4644.41574	0
1778040902	XAUUSD	M15	4653.19	4648.61388	4647.80355	4651.23146	4645.05920	0
1778041802	XAUUSD	M15	4647.47	4649.36469	4648.58412	4651.92528	4645.65482	0
1778042702	XAUUSD	M15	4648.72	4650.49357	4649.53885	4653.01598	4646.37429	0
1778043602	XAUUSD	M15	4654.64	4652.00095	4650.76990	4654.58136	4647.32900	0
1778044502	XAUUSD	M15	4650.40	4653.70260	4652.23625	4656.48921	4648.55391	0
1778045402	XAUUSD	M15	4650.19	4655.68620	4653.96123	4658.69236	4650.04680	0
1778046302	XAUUSD	M15	4663.20	4657.92647	4655.94385	4661.16954	4651.90663	0
1778047202	XAUUSD	M15	4660.55	4660.01936	4657.98160	4663.47955	4653.94615	0
1778048102	XAUUSD	M15	4666.15	4662.03242	4660.00701	4665.50465	4655.90700	0
1778049002	XAUUSD	M15	4664.33	4663.84008	4661.92355	4667.25028	4657.75465	0
1778049902	XAUUSD	M15	4669.38	4665.59958	4663.76157	4668.81456	4659.50110	0
1778050802	XAUUSD	M15	4658.43	4667.35276	4665.55716	4670.40413	4661.21002	0
1778051702	XAUUSD	M15	4667.50	4669.58751	4667.57233	4672.28012	4663.16266	0
1778052602	XAUUSD	M15	4670.18	4672.18269	4669.87751	4674.69165	4665.52084	0
1778053502	XAUUSD	M15	4681.72	4675.13991	4672.50871	4677.79343	4668.21263	0
1778054402	XAUUSD	M15	4679.57	4678.16168	4675.33519	4681.29811	4671.07762	0
1778055302	XAUUSD	M15	4677.00	4681.36440	4678.34980	4685.16292	4674.02060	0
1778056202	XAUUSD	M15	4677.27	4684.90040	4681.62510	4689.38281	4677.08396	0
1778057102	XAUUSD	M15	4700.09	4688.82861	4685.22685	4693.92503	4680.52233	0
1778058002	XAUUSD	M15	4695.69	4692.53460	4688.88073	4698.06584	4684.30399	0
1778058902	XAUUSD	M15	4700.12	4696.22920	4692.55496	4701.66776	4688.20916	0
1778059802	XAUUSD	M15	4696.04	4699.87331	4696.21413	4704.96862	4692.24205	0
1778060702	XAUUSD	M15	4701.75	4703.55767	4699.88590	4708.11765	4696.25112	0
1778061602	XAUUSD	M15	4698.20	4706.94201	4703.41395	4711.25783	4700.09792	0
1778062502	XAUUSD	M15	4704.64	4709.76477	4706.58936	4714.17048	4703.39140	0
1778063402	XAUUSD	M15	4714.15	4711.35284	4708.97110	4716.51243	4705.64793	0
1778064302	XAUUSD	M15	4718.25	4710.97667	4709.97388	4717.47861	4706.10738	0
1778065202	XAUUSD	M15	4711.97	4708.29518	4709.13453	4716.45845	4704.30821	1
1778066102	XAUUSD	M15	4705.60	4703.61540	4706.37496	4713.32314	4700.12884	0
1778067002	XAUUSD	M15	4699.65	4697.60838	4701.99167	4708.47387	4693.98070	0
1778067902	XAUUSD	M15	4692.11	4691.19181	4696.59174	4702.39000	4686.75997	0
1778068802	XAUUSD	M15	4672.94	4685.46574	4691.02874	4696.22726	4679.62818	0
1778069702	XAUUSD	M15	4683.36	4681.79540	4686.41207	4691.16499	4674.11857	0
1778070602	XAUUSD	M15	4682.83	4680.40639	4683.40923	4688.11365	4671.29784	0
1778071502	XAUUSD	M15	4683.36	4681.45676	4682.43300	4687.63094	4671.11200	0
1778072402	XAUUSD	M15	4683.63	4684.73561	4683.58430	4689.79966	4673.55847	1
1778073302	XAUUSD	M15	4685.16	4689.70796	4686.64613	4694.04058	4678.38841	0
1778074202	XAUUSD	M15	4695.33	4695.53561	4691.09087	4699.66383	4684.54182	0
1778075102	XAUUSD	M15	4702.21	4701.03646	4696.06366	4705.51598	4691.03058	0
1778076002	XAUUSD	M15	4711.04	4705.20722	4700.63544	4710.41312	4696.59002	0
1778076902	XAUUSD	M15	4705.66	4707.25355	4703.94449	4713.48151	4700.35811	0
1778077802	XAUUSD	M15	4713.40	4707.15210	4705.54830	4714.18067	4701.79899	0
1778078702	XAUUSD	M15	4703.14	4704.89424	4705.22127	4712.59817	4700.97120	1
1778079602	XAUUSD	M15	4696.47	4701.26510	4703.24319	4709.12508	4698.38092	0
1778080502	XAUUSD	M15	4695.45	4697.08461	4700.16390	4704.60269	4694.81604	0
1778081402	XAUUSD	M15	4692.77	4692.95415	4696.55902	4699.75828	4690.87554	0
1778082302	XAUUSD	M15	4687.96	4689.38153	4692.97028	4695.30681	4687.20065	0
1778083202	XAUUSD	M15	4683.69	4686.72511	4689.84770	4691.69135	4684.15172	0
1778084102	XAUUSD	M15	4688.15	4685.08281	4687.46525	4689.19072	4682.00088	0
1778085002	XAUUSD	M15	4688.73	4684.11422	4685.78973	4687.65359	4680.63150	0
1778085902	XAUUSD	M15	4683.10	4683.55678	4684.67326	4686.71508	4679.80893	0
1778086802	XAUUSD	M15	4685.62	4683.39739	4684.03532	4686.19312	4679.53183	0
1778087702	XAUUSD	M15	4683.10	4683.47734	4683.75633	4685.99297	4679.69061	0
1778088602	XAUUSD	M15	4680.64	4683.86222	4683.80927	4686.13294	4680.22954	1
1778089502	XAUUSD	M15	4684.13	4684.68339	4684.24633	4686.72924	4681.18845	0
1778090402	XAUUSD	M15	4686.79	4685.87077	4685.05855	4687.81244	4682.54048	0
1778091302	XAUUSD	M15	4687.85	4687.32384	4686.19120	4689.29830	4684.22135	0
1778092202	XAUUSD	M15	4686.27	4688.94195	4687.56657	4691.03306	4686.02587	0
1778093102	XAUUSD	M15	4686.10	4690.66542	4689.11600	4692.89787	4687.84779	0
1778094002	XAUUSD	M15	4695.28	4692.35579	4690.73589	4694.79456	4689.52795	0
1778094902	XAUUSD	M15	4698.51	4693.60993	4692.17291	4696.33689	4690.86983	0
1778095802	XAUUSD	M15	4695.40	4694.28133	4693.22712	4697.31079	4691.54765	0
1778096702	XAUUSD	M15	4692.60	4694.52577	4693.87644	4697.77431	4691.62360	0
1778097602	XAUUSD	M15	4698.99	4694.53764	4694.20704	4697.86457	4691.28852	0
1778098502	XAUUSD	M15	4692.65	4694.29032	4694.24868	4697.70717	4690.79659	0
1778099402	XAUUSD	M15	4689.09	4694.12851	4694.18860	4697.47446	4690.42360	1
1778100302	XAUUSD	M15	4690.95	4694.26204	4694.22532	4697.46013	4690.43668	1
1778104802	XAUUSD	M15	4697.18	4694.65210	4694.43871	4697.72733	4690.98246	0
1778105702	XAUUSD	M15	4695.42	4695.03246	4694.73558	4698.01040	4691.83692	0
1778106602	XAUUSD	M15	4698.63	4695.34312	4695.03935	4698.15164	4692.66542	0
1778107502	XAUUSD	M15	4694.94	4695.39011	4695.21473	4698.07229	4693.18025	0
1778108402	XAUUSD	M15	4694.41	4695.23295	4695.22384	4697.77528	4693.18335	0
1778109302	XAUUSD	M15	4693.60	4694.89526	4695.05955	4697.31373	4692.62536	1
1778110202	XAUUSD	M15	4693.60	4694.54441	4694.80198	4696.89746	4691.69083	0
1778111102	XAUUSD	M15	4699.00	4694.37370	4694.58784	4696.89181	4690.57887	0
1778112002	XAUUSD	M15	4699.88	4694.46489	4694.52637	4697.43237	4689.58001	0
1778112902	XAUUSD	M15	4692.51	4695.01060	4694.76849	4698.71061	4689.15118	1
1778113802	XAUUSD	M15	4688.45	4696.36706	4695.56777	4700.82067	4689.53435	0
1778114702	XAUUSD	M15	4688.57	4698.62639	4697.09708	4703.89220	4691.03010	0
1778115602	XAUUSD	M15	4709.88	4701.55324	4699.32516	4707.67447	4693.58083	0
1778116502	XAUUSD	M15	4704.22	4704.19880	4701.76198	4711.16243	4696.90582	0
1778117402	XAUUSD	M15	4712.93	4706.41321	4704.08759	4713.77166	4700.11231	0
1778118302	XAUUSD	M15	4714.86	4707.74209	4705.91484	4715.17864	4702.82731	0
1778119202	XAUUSD	M15	4704.21	4708.09981	4707.00732	4715.24397	4704.51271	0
1778120102	XAUUSD	M15	4702.84	4707.90707	4707.45720	4714.20725	4705.32137	0
1778121002	XAUUSD	M15	4704.24	4707.37093	4707.41407	4712.66073	4705.38186	1
1778121902	XAUUSD	M15	4707.22	4706.55858	4706.98632	4710.93947	4704.89694	0
1778122802	XAUUSD	M15	4705.93	4705.42983	4706.20808	4709.07631	4703.92329	0
1778123702	XAUUSD	M15	4704.60	4704.01606	4705.11207	4707.13477	4702.58941	0
1778124602	XAUUSD	M15	4703.96	4702.34291	4703.72749	4705.13284	4700.98224	0
1778125502	XAUUSD	M15	4699.11	4700.44332	4702.08540	4703.14186	4699.20231	0
1778126402	XAUUSD	M15	4696.87	4698.53754	4700.31147	4701.17767	4697.37574	0
1778127302	XAUUSD	M15	4696.79	4696.85752	4698.58450	4699.45506	4695.62445	0
1778128202	XAUUSD	M15	4698.15	4695.65269	4697.11859	4698.24127	4694.11884	0
1778129102	XAUUSD	M15	4696.48	4695.20490	4696.16174	4697.82695	4693.14204	0
1778130002	XAUUSD	M15	4700.45	4695.95405	4696.05790	4698.59614	4692.94300	0
1778130902	XAUUSD	M15	4696.05	4698.14875	4697.10332	4700.88492	4693.79863	1
1778131802	XAUUSD	M15	4703.63	4702.17583	4699.63958	4704.99015	4696.06330	0
1778132702	XAUUSD	M15	4701.22	4707.89575	4703.76766	4710.84420	4699.93509	0
1778133602	XAUUSD	M15	4708.23	4715.17194	4709.46980	4718.26620	4705.28154	0
1778134502	XAUUSD	M15	4717.42	4723.31716	4716.39348	4726.68234	4711.88263	0
1778135402	XAUUSD	M15	4746.02	4731.38474	4723.88911	4735.20678	4719.13792	0
1778136302	XAUUSD	M15	4739.12	4737.85559	4730.87235	4742.20277	4726.23489	0
1778137202	XAUUSD	M15	4749.05	4742.44311	4736.65773	4747.19416	4732.08423	0
1778138102	XAUUSD	M15	4739.50	4744.72168	4740.68971	4749.88574	4736.36993	0
1778139002	XAUUSD	M15	4742.88	4745.13142	4742.91056	4750.39633	4738.75095	0
1778139902	XAUUSD	M15	4743.06	4744.00617	4743.45836	4749.32205	4739.30407	0
1778140802	XAUUSD	M15	4742.66	4741.89792	4742.67814	4747.22721	4738.37831	1
1778141702	XAUUSD	M15	4739.74	4739.35713	4741.01764	4744.45268	4736.30494	0
1778142602	XAUUSD	M15	4735.34	4736.90937	4738.96350	4741.79027	4733.81888	0
1778143502	XAUUSD	M15	4731.02	4734.95487	4736.95919	4739.58641	4731.36916	0
1778144402	XAUUSD	M15	4734.22	4733.72109	4735.34014	4738.10087	4729.35441	0
1778145302	XAUUSD	M15	4735.64	4733.07461	4734.20737	4737.30109	4728.15485	0
1778146202	XAUUSD	M15	4737.77	4732.85290	4733.53014	4736.95865	4727.50282	0
1778147102	XAUUSD	M15	4729.06	4732.87804	4733.20409	4736.87041	4727.26080	0
1778148002	XAUUSD	M15	4734.98	4733.30351	4733.25380	4736.92047	4727.51062	1
1778148902	XAUUSD	M15	4732.57	4733.87055	4733.56218	4737.17035	4728.13815	0
1778149802	XAUUSD	M15	4739.17	4734.57632	4734.06925	4737.58770	4729.00773	0
1778150702	XAUUSD	M15	4735.69	4735.23457	4734.65191	4738.12362	4730.06384	0
1778151602	XAUUSD	M15	4730.38	4735.99132	4735.32161	4738.86493	4731.08325	0
1778152502	XAUUSD	M15	4732.68	4737.05444	4736.18803	4739.96034	4732.21625	0
1778153402	XAUUSD	M15	4736.98	4738.35638	4737.27221	4741.43745	4733.42247	0
1778154302	XAUUSD	M15	4742.80	4739.71015	4738.49118	4743.18458	4734.48949	0
1778155202	XAUUSD	M15	4744.19	4740.88403	4739.68761	4744.94211	4735.28030	0
1778156102	XAUUSD	M15	4738.16	4741.82477	4740.75619	4746.54428	4735.64580	0
1778157002	XAUUSD	M15	4751.15	4742.78647	4741.77133	4747.95314	4735.85396	0
1778157902	XAUUSD	M15	4749.99	4743.54838	4742.65985	4749.11702	4736.01074	0
1778158802	XAUUSD	M15	4733.46	4744.38417	4743.52201	4750.20660	4736.20580	0
1778159702	XAUUSD	M15	4745.53	4745.99608	4744.75904	4751.51574	4737.07624	0
1778160602	XAUUSD	M15	4748.49	4748.13555	4746.44730	4753.31822	4738.79125	0
1778161502	XAUUSD	M15	4746.18	4750.56439	4748.50585	4755.31245	4740.99942	0
1778162402	XAUUSD	M15	4752.05	4752.97302	4750.73943	4757.55122	4743.57397	0
1778163302	XAUUSD	M15	4756.66	4754.65499	4752.69721	4759.51027	4745.89267	0
1778164202	XAUUSD	M15	4751.91	4754.94438	4753.82080	4760.53732	4747.38497	0
1778165102	XAUUSD	M15	4762.74	4753.53924	4753.68002	4760.15134	4747.30159	1
1778166002	XAUUSD	M15	4754.77	4749.93835	4751.80919	4757.87112	4745.14668	0
1778166902	XAUUSD	M15	4740.18	4744.46410	4748.13664	4753.57069	4740.72411	0
1778167802	XAUUSD	M15	4738.92	4737.88152	4743.00908	4747.67495	4734.72197	0
1778168702	XAUUSD	M15	4729.17	4730.72117	4736.86512	4740.85564	4727.55379	0
1778169602	XAUUSD	M15	4714.99	4723.78119	4730.32315	4733.85942	4720.14773	0
1778170502	XAUUSD	M15	4719.84	4717.86341	4724.09328	4727.45287	4713.41208	0
1778171402	XAUUSD	M15	4711.23	4713.04409	4718.56868	4722.14534	4707.96383	0
1778172302	XAUUSD	M15	4715.00	4709.57810	4714.07339	4718.08486	4703.79004	0
1778173202	XAUUSD	M15	4714.61	4707.24940	4710.66139	4715.23857	4700.82613	0
1778174102	XAUUSD	M15	4699.29	4705.89274	4708.27706	4713.34749	4698.87165	0
1778175002	XAUUSD	M15	4699.72	4705.71477	4706.99592	4712.15626	4698.30913	0
1778175902	XAUUSD	M15	4711.45	4706.41385	4706.70488	4711.78074	4698.71756	0
1778176802	XAUUSD	M15	4708.08	4707.35704	4707.03096	4711.84294	4699.68256	1
1778177702	XAUUSD	M15	4712.90	4708.38809	4707.70953	4712.17289	4700.77091	0
1778178602	XAUUSD	M15	4705.96	4709.19070	4708.45011	4712.64719	4701.80841	0
1778179502	XAUUSD	M15	4709.55	4709.83440	4709.14226	4713.12179	4702.74110	0
1778180402	XAUUSD	M15	4710.04	4710.11614	4709.62920	4713.66554	4703.62721	0
1778181302	XAUUSD	M15	4705.05	4709.92452	4709.77686	4714.13762	4704.03063	0
1778182202	XAUUSD	M15	4709.69	4709.30533	4709.54110	4714.44275	4703.91376	1
1778183102	XAUUSD	M15	4702.90	4708.03001	4708.78555	4714.33819	4702.93889	0
1778184002	XAUUSD	M15	4711.55	4706.20226	4707.49390	4713.63044	4701.02257	0
1778184902	XAUUSD	M15	4712.98	4703.53745	4705.51568	4711.89345	4698.20820	0
1778185802	XAUUSD	M15	4703.90	4700.11029	4702.81299	4709.21088	4694.57536	0
1778186702	XAUUSD	M15	4687.24	4696.47713	4699.64506	4705.68500	4690.85572	0
1778191202	XAUUSD	M15	4691.37	4693.46692	4696.55599	4701.96042	4687.78532	0
1778192102	XAUUSD	M15	4693.91	4691.28421	4693.92010	4698.60444	4685.94159	0
1778193002	XAUUSD	M15	4687.16	4690.08326	4692.00168	4696.00449	4685.20859	0
1778193902	XAUUSD	M15	4686.04	4690.15222	4691.07695	4694.60576	4685.65437	0
1778194802	XAUUSD	M15	4691.80	4691.43967	4691.25831	4694.72472	4687.21035	1
1778195702	XAUUSD	M15	4696.57	4693.56557	4692.41194	4696.15505	4689.50408	0
1778196602	XAUUSD	M15	4697.81	4696.09529	4694.25362	4698.53239	4692.01229	0
1778197502	XAUUSD	M15	4704.54	4698.74798	4696.50080	4701.53116	4694.39618	0
1778198402	XAUUSD	M15	4702.79	4701.19014	4698.84547	4704.68418	4696.46489	0
1778199302	XAUUSD	M15	4697.35	4703.43654	4701.14101	4707.68689	4698.15918	0
1778200202	XAUUSD	M15	4705.16	4705.71435	4703.42768	4710.56485	4699.83168	0
1778201102	XAUUSD	M15	4701.44	4707.91057	4705.66913	4713.26073	4701.61124	0
1778202002	XAUUSD	M15	4714.05	4710.21436	4707.94174	4715.89503	4703.62635	0
1778202902	XAUUSD	M15	4712.82	4712.35191	4710.14683	4718.16005	4705.85632	0
1778203802	XAUUSD	M15	4711.08	4714.41266	4712.27974	4720.15204	4708.02393	0
1778204702	XAUUSD	M15	4722.98	4716.45586	4714.36780	4722.04206	4710.24754	0
1778205602	XAUUSD	M15	4723.99	4718.10296	4716.23538	4723.54773	4712.27917	0
1778206502	XAUUSD	M15	4721.39	4719.24762	4717.74150	4724.46117	4713.75166	0
1778207402	XAUUSD	M15	4710.27	4719.89115	4718.81633	4724.99000	4714.69769	0
1778208302	XAUUSD	M15	4713.68	4720.27875	4719.54754	4725.11559	4715.38514	0
1778209202	XAUUSD	M15	4720.15	4720.23492	4719.89123	4724.93890	4715.74904	0
1778210102	XAUUSD	M15	4720.44	4719.55715	4719.72419	4724.34490	4715.70193	1
1778211002	XAUUSD	M15	4724.99	4718.33932	4719.03176	4723.30650	4715.13072	0
1778211902	XAUUSD	M15	4719.62	4716.70255	4717.86716	4721.75314	4714.09233	0
1778212802	XAUUSD	M15	4715.08	4715.16928	4716.51822	4720.14928	4712.88171	0
1778213702	XAUUSD	M15	4717.40	4714.25408	4715.38615	4718.92364	4711.88174	0
1778214602	XAUUSD	M15	4712.14	4714.19552	4714.79084	4718.54662	4711.41921	0
1778215502	XAUUSD	M15	4711.09	4715.26839	4715.02961	4719.20818	4711.80259	1
1778216402	XAUUSD	M15	4712.09	4717.39601	4716.21281	4720.95465	4713.02876	0
1778217302	XAUUSD	M15	4719.37	4720.21791	4718.21536	4723.53905	4714.90850	0
1778218202	XAUUSD	M15	4724.62	4723.05342	4720.63439	4726.44456	4717.03948	0
1778219102	XAUUSD	M15	4727.43	4725.24348	4722.93894	4728.98101	4718.71056	0
1778220002	XAUUSD	M15	4723.03	4726.30060	4724.61977	4730.60493	4719.42406	0
1778220902	XAUUSD	M15	4733.47	4726.13354	4725.37665	4731.03566	4719.22112	0
1778221802	XAUUSD	M15	4728.52	4724.44453	4724.91059	4730.07679	4717.83835	1
1778222702	XAUUSD	M15	4725.67	4721.62447	4723.26753	4727.88538	4715.38735	0
1778223602	XAUUSD	M15	4715.31	4718.19277	4720.73015	4724.94974	4712.40811	0
1778224502	XAUUSD	M15	4706.67	4714.93421	4717.83218	4721.80628	4709.58186	0
1778225402	XAUUSD	M15	4708.14	4712.51132	4715.17175	4719.10348	4707.83168	0
1778226302	XAUUSD	M15	4707.87	4711.13236	4713.15205	4717.32650	4707.26108	0
1778227202	XAUUSD	M15	4711.45	4710.83933	4711.99569	4716.54471	4707.66921	0
1778228102	XAUUSD	M15	4716.82	4711.40434	4711.70002	4716.67975	4708.80868	0
1778229002	XAUUSD	M15	4716.85	4712.46480	4712.08241	4717.27364	4710.22004	1
1778229902	XAUUSD	M15	4715.70	4713.78870	4712.93556	4718.06448	4711.47665	0
1778230802	XAUUSD	M15	4718.38	4715.23439	4714.08497	4718.98628	4712.45878	0
1778231702	XAUUSD	M15	4717.81	4716.62077	4715.35287	4719.95292	4713.21022	0
1778232602	XAUUSD	M15	4713.35	4717.90475	4716.62881	4720.86513	4713.74841	0
1778233502	XAUUSD	M15	4711.79	4719.17035	4717.89958	4721.83962	4714.45298	0
1778234402	XAUUSD	M15	4718.94	4720.37316	4719.13637	4722.97492	4715.44516	0
1778235302	XAUUSD	M15	4720.38	4721.18171	4720.15904	4724.01881	4716.54059	0
1778236202	XAUUSD	M15	4724.48	4721.41964	4720.78934	4724.68638	4717.34131	0
1778237102	XAUUSD	M15	4719.94	4720.90442	4720.84688	4724.73701	4717.50793	0
1778238002	XAUUSD	M15	4722.05	4719.83378	4720.34033	4724.25162	4716.97597	1
1778238902	XAUUSD	M15	4724.08	4718.35336	4719.34684	4723.28844	4715.64540	0
1778239802	XAUUSD	M15	4721.18	4716.75376	4718.05030	4722.18948	4713.69587	0
1778240702	XAUUSD	M15	4717.80	4715.55167	4716.80099	4721.35671	4711.54192	0
1778241602	XAUUSD	M15	4704.70	4715.27563	4716.03831	4721.34470	4709.94132	0
1778242502	XAUUSD	M15	4710.40	4716.59535	4716.31683	4722.52281	4709.65954	1
1778243402	XAUUSD	M15	4723.84	4719.36434	4717.84059	4725.24575	4710.98084	0
1778244302	XAUUSD	M15	4724.41	4722.92106	4720.38082	4728.78977	4713.79160	0
1778245202	XAUUSD	M15	4720.41	4726.74645	4723.56364	4732.71404	4717.22282	0
1778246102	XAUUSD	M15	4727.11	4730.32072	4726.94218	4736.52851	4720.66396	0
1778247002	XAUUSD	M15	4738.02	4732.78335	4729.86276	4739.60979	4723.31246	0
1778247902	XAUUSD	M15	4747.90	4733.30347	4731.58312	4740.90046	4724.37462	0
1778248802	XAUUSD	M15	4731.78	4731.35448	4731.46880	4739.92663	4723.34236	1
1778249702	XAUUSD	M15	4719.14	4727.57593	4729.52237	4736.64928	4720.70443	0
1778250602	XAUUSD	M15	4722.71	4722.82949	4726.17593	4731.86989	4716.86676	0
1778251502	XAUUSD	M15	4716.02	4717.69374	4721.93483	4726.43858	4712.56785	0
1778252402	XAUUSD	M15	4707.62	4713.05801	4717.49642	4721.09846	4708.51510	0
1778253302	XAUUSD	M15	4713.43	4709.72793	4713.61218	4716.60422	4705.48539	0
1778254202	XAUUSD	M15	4705.96	4707.86665	4710.73941	4713.60935	4703.90211	0
1778255102	XAUUSD	M15	4707.13	4707.73153	4709.23547	4712.24125	4703.86759	0
1778256002	XAUUSD	M15	4711.49	4709.04650	4709.14098	4712.48214	4705.27454	0
1778256902	XAUUSD	M15	4717.67	4711.24596	4710.19347	4713.93491	4707.64783	1
1778257802	XAUUSD	M15	4713.40	4713.67934	4711.93641	4715.98692	4710.36033	0
1778258702	XAUUSD	M15	4712.52	4716.07352	4714.00496	4718.11902	4712.94309	0
1778259602	XAUUSD	M15	4715.40	4718.21955	4716.11225	4720.13300	4715.17689	0
1778260502	XAUUSD	M15	4720.64	4719.97696	4718.04461	4721.89227	4716.95920	0
1778261402	XAUUSD	M15	4720.74	4721.28153	4719.66307	4723.25139	4718.30491	0
1778262302	XAUUSD	M15	4720.99	4722.29236	4720.97771	4724.32195	4719.31289	0
1778263202	XAUUSD	M15	4727.48	4723.18074	4722.07922	4725.22172	4720.23159	0
1778264102	XAUUSD	M15	4725.66	4723.88631	4722.98277	4725.89749	4721.21301	0
1778265002	XAUUSD	M15	4724.59	4724.51528	4723.74903	4726.41960	4722.23440	0
1778265902	XAUUSD	M15	4721.83	4725.03449	4724.39176	4726.85758	4723.20141	0
1778266802	XAUUSD	M15	4723.57	4725.36371	4724.87774	4727.17051	4723.96817	0
1778267702	XAUUSD	M15	4723.71	4725.23208	4725.05491	4727.15182	4724.16073	0
1778268602	XAUUSD	M15	4725.30	4724.39930	4724.72710	4726.59213	4723.34561	1
1778269502	XAUUSD	M15	4724.02	4722.61077	4723.66894	4725.22372	4721.27478	0
1778270402	XAUUSD	M15	4718.85	4719.76185	4721.71539	4722.90183	4717.79799	0
1778271302	XAUUSD	M15	4717.38	4715.97651	4718.84595	4719.59386	4713.15626	0
1778272202	XAUUSD	M15	4716.40	4711.42274	4715.13435	4715.50772	4707.69184	0
1778273102	XAUUSD	M15	4715.36	4706.37924	4710.75679	4710.84530	4701.83181	0
1778450402	XAUUSD	M15	4687.34	4701.21618	4705.98649	4705.97424	4696.11476	0
1778451302	XAUUSD	M15	4694.41	4697.06258	4701.52454	4701.63549	4691.88671	0
1778452202	XAUUSD	M15	4691.35	4693.89988	4697.71221	4698.22754	4689.22744	0
1778453102	XAUUSD	M15	4691.91	4691.79428	4694.75324	4695.88858	4687.83107	0
1778454002	XAUUSD	M15	4690.23	4690.55170	4692.65247	4694.53772	4687.20369	0
1778454902	XAUUSD	M15	4694.69	4689.93938	4691.29593	4693.89781	4686.86454	0
1778455802	XAUUSD	M15	4697.64	4689.56135	4690.42864	4693.72645	4686.35979	0
1778456702	XAUUSD	M15	4691.88	4689.16324	4689.79594	4693.80301	4685.28028	0
1778457602	XAUUSD	M15	4682.64	4688.85065	4689.32330	4694.02572	4683.73120	0
1778458502	XAUUSD	M15	4683.36	4688.90339	4689.11334	4694.54285	4682.15787	0
1778459402	XAUUSD	M15	4689.19	4689.27810	4689.19572	4695.45959	4680.95992	1
1778460302	XAUUSD	M15	4683.57	4689.71125	4689.45349	4696.47563	4680.18174	0
1778461202	XAUUSD	M15	4692.22	4690.23150	4689.84249	4697.44166	4680.25549	0
1778462102	XAUUSD	M15	4699.01	4690.46984	4690.15617	4698.01473	4680.99058	0
1778463002	XAUUSD	M15	4694.49	4690.17862	4690.16740	4697.96409	4681.76200	0
1778463902	XAUUSD	M15	4685.72	4689.54771	4689.85755	4697.40342	4682.28534	1
1778464802	XAUUSD	M15	4686.53	4688.95849	4689.40802	4696.57420	4682.65901	0
1778465702	XAUUSD	M15	4688.60	4688.46104	4688.93453	4695.63785	4682.80850	0
1778466602	XAUUSD	M15	4688.67	4687.97560	4688.45506	4694.71199	4682.57022	0
1778467502	XAUUSD	M15	4681.89	4687.37900	4687.91703	4693.40291	4681.84150	0
1778468402	XAUUSD	M15	4687.23	4686.69790	4687.30747	4691.80179	4680.98411	0
1778469302	XAUUSD	M15	4689.69	4685.59554	4686.45151	4689.94911	4680.08457	0
1778470202	XAUUSD	M15	4688.09	4683.86889	4685.16020	4687.78995	4678.90621	0
1778471102	XAUUSD	M15	4678.85	4681.52796	4683.34408	4685.33667	4677.42377	0
1778472002	XAUUSD	M15	4677.63	4678.88685	4681.11547	4682.71985	4675.67620	0
1778472902	XAUUSD	M15	4671.98	4676.06096	4678.58821	4680.24195	4673.65076	0
1778473802	XAUUSD	M15	4673.09	4673.29517	4675.94169	4677.98300	4671.34100	0
1778474702	XAUUSD	M15	4672.21	4670.65236	4673.29703	4676.06310	4668.78747	0
1778475602	XAUUSD	M15	4673.63	4668.25084	4670.77393	4674.42928	4666.00794	0
1778476502	XAUUSD	M15	4670.91	4666.21857	4668.49625	4673.09366	4663.26239	0
1778477402	XAUUSD	M15	4663.91	4664.86085	4666.67855	4672.14965	4660.90762	0
1778478302	XAUUSD	M15	4652.30	4664.59172	4665.63513	4671.55064	4659.53564	0
1778479202	XAUUSD	M15	4665.34	4665.77916	4665.70715	4671.83652	4659.74269	1
1778480102	XAUUSD	M15	4667.37	4667.86209	4666.78462	4672.89655	4661.45159	0
1778481002	XAUUSD	M15	4674.17	4670.42233	4668.60347	4674.45951	4663.97988	0
1778481902	XAUUSD	M15	4678.41	4672.82382	4670.71365	4676.12335	4666.81685	0
1778482802	XAUUSD	M15	4675.99	4674.52424	4672.61894	4677.46056	4669.38687	0
1778483702	XAUUSD	M15	4675.80	4675.29124	4673.95509	4678.22266	4671.18631	0
1778484602	XAUUSD	M15	4671.95	4675.02613	4674.49061	4678.31549	4671.99330	0
1778485502	XAUUSD	M15	4667.73	4673.92839	4674.20950	4677.70454	4671.74188	1
1778486402	XAUUSD	M15	4672.10	4672.20449	4673.20700	4676.53499	4670.53214	0
1778487302	XAUUSD	M15	4671.83	4670.05830	4671.63265	4674.93882	4668.55498	0
1778488202	XAUUSD	M15	4670.40	4667.77395	4669.70330	4673.01171	4665.99295	0
1778489102	XAUUSD	M15	4667.55	4665.60343	4667.65337	4670.98038	4663.22543	0
1778490002	XAUUSD	M15	4667.48	4663.77099	4665.71218	4669.07300	4660.64269	0
1778490902	XAUUSD	M15	4657.50	4662.39727	4664.05472	4667.45066	4658.57289	0
1778491802	XAUUSD	M15	4662.93	4661.72003	4662.88737	4666.24047	4657.35188	0
1778492702	XAUUSD	M15	4656.81	4661.59306	4662.24022	4665.54967	4657.12955	0
1778493602	XAUUSD	M15	4662.59	4662.03370	4662.13696	4665.34535	4657.68262	0
1778494502	XAUUSD	M15	4663.37	4662.80145	4662.46921	4665.61513	4658.78559	1
1778495402	XAUUSD	M15	4663.48	4663.79710	4663.13315	4666.27470	4660.12449	0
1778496302	XAUUSD	M15	4664.14	4665.00889	4664.07102	4667.32845	4661.54038	0
1778497202	XAUUSD	M15	4669.43	4666.52977	4665.30040	4668.85697	4662.99028	0
1778498102	XAUUSD	M15	4671.99	4668.45372	4666.87706	4670.93238	4664.54922	0
1778499002	XAUUSD	M15	4674.51	4671.06625	4668.97166	4673.86526	4666.40084	0
1778499902	XAUUSD	M15	4674.52	4674.72500	4671.84833	4677.89398	4668.86082	0
1778500802	XAUUSD	M15	4668.47	4679.88365	4675.86599	4683.48959	4672.37116	0
1778501702	XAUUSD	M15	4690.51	4687.10398	4681.48498	4690.95271	4677.43188	0
1778502602	XAUUSD	M15	4692.02	4695.66970	4688.57734	4699.67629	4684.36172	0
1778503502	XAUUSD	M15	4699.98	4705.35902	4696.96818	4709.41852	4692.43509	0
1778504402	XAUUSD	M15	4721.02	4715.53559	4706.25189	4719.84560	4701.64146	0
1778505302	XAUUSD	M15	4728.44	4724.70733	4715.47961	4729.57044	4711.17486	0
1778506202	XAUUSD	M15	4743.98	4731.97053	4723.72507	4737.36418	4719.44243	0
1778507102	XAUUSD	M15	4736.00	4735.73843	4729.73175	4742.11266	4725.32232	0
1778508002	XAUUSD	M15	4730.83	4736.35752	4733.04464	4743.19981	4727.77547	0
1778508902	XAUUSD	M15	4725.06	4734.63967	4733.84215	4741.58529	4728.15327	0
1778509802	XAUUSD	M15	4732.48	4732.36246	4733.10231	4738.46203	4726.30724	1
1778510702	XAUUSD	M15	4729.58	4729.33322	4731.21776	4734.91053	4725.11063	0
