Non_B_timestamp	Non_B_symbol	Non_B_timeframe	Non_B_close	Non_B_Base_FL	Non_B_UOEDT	Non_B_LOEDT	Non_B_horiz_high_map	Non_B_horiz_low_map	Non_B_ssa	Non_B_ema_ssa	Non_B_crossing
1786600800	XAUUSD	M15	4375.96						4378.67981502	4379.53807040	0
1786601700	XAUUSD	M15	4375.87						4378.62414092	4379.08110566	0
1786602600	XAUUSD	M15	4374.23						4378.61966055	4378.85038310	0
1786603500	XAUUSD	M15	4380.98						4378.31104158	4378.58071234	0
1786604400	XAUUSD	M15	4376.95						4377.10130295	4377.84100765	0
1786605300	XAUUSD	M15	4376.51						4375.32287606	4376.58194185	0
1786606200	XAUUSD	M15	4378.46						4373.35596868	4374.96895527	0
1786607100	XAUUSD	M15	4370.01						4371.64875309	4373.30885418	0
1786608000	XAUUSD	M15	4366.14					4364.16000	4370.90747636	4372.10816527	0
1786608900	XAUUSD	M15	4372.52						4371.35968872	4371.73392700	0
1786609800	XAUUSD	M15	4373.63						4372.72592271	4372.22992485	1
1786610700	XAUUSD	M15	4375.86						4374.81287574	4373.52140030	0
1786611600	XAUUSD	M15	4377.04						4377.24721746	4375.38430888	0
1786612500	XAUUSD	M15	4380.03						4379.72660624	4377.55545756	0
1786613400	XAUUSD	M15	4379.93						4381.98098392	4379.76822074	0
1786614300	XAUUSD	M15	4384.45						4383.90873142	4381.83847608	0
1786615200	XAUUSD	M15	4381.50						4385.43800618	4383.63824113	0
1786616100	XAUUSD	M15	4387.10						4386.71257265	4385.17540689	0
1786617000	XAUUSD	M15	4390.55						4387.71171044	4386.44355866	0
1786617900	XAUUSD	M15	4392.15						4388.46998737	4387.45677302	0
1786618800	XAUUSD	M15	4394.31						4389.09795950	4388.27736626	0
1786619700	XAUUSD	M15	4387.97						4389.66437789	4388.97087207	0
1786620600	XAUUSD	M15	4384.21						4390.32577851	4389.64832529	0
1786621500	XAUUSD	M15	4387.75						4391.10554626	4390.37693578	0
1786622400	XAUUSD	M15	4389.06						4391.77569791	4391.07631684	0
1786623300	XAUUSD	M15	4390.91						4392.10069740	4391.58850712	0
1786624200	XAUUSD	M15	4392.17						4391.84565769	4391.71708241	0
1786625100	XAUUSD	M15	4401.82						4390.85340289	4391.28524265	1
1786626000	XAUUSD	M15	4393.74				4401.94000		4388.80808615	4390.04666440	0
1786626900	XAUUSD	M15	4385.17						4385.92123660	4387.98395050	0
1786627800	XAUUSD	M15	4379.63						4382.66675349	4385.32535199	0
1786628700	XAUUSD	M15	4372.77						4379.48376628	4382.40455914	0
1786629600	XAUUSD	M15	4371.01						4376.76588866	4379.58522390	0
1786630500	XAUUSD	M15	4367.77						4374.63111326	4377.10816858	0
1786631400	XAUUSD	M15	4381.06						4373.07585891	4375.09201374	0
1786632300	XAUUSD	M15	4383.59						4371.55603187	4373.32402281	0
1786633200	XAUUSD	M15	4369.74						4369.83927805	4371.58165043	0
1786634100	XAUUSD	M15	4365.36						4368.22580834	4369.90372939	0
1786635000	XAUUSD	M15	4368.44						4366.85087804	4368.37730371	0
1786635900	XAUUSD	M15	4365.04						4365.66723382	4367.02226877	0
1786636800	XAUUSD	M15	4355.28						4364.78502843	4365.90364860	0
1786637700	XAUUSD	M15	4362.82						4364.41565551	4365.15965205	0
1786638600	XAUUSD	M15	4365.71						4364.23459292	4364.69712249	0
1786639500	XAUUSD	M15	4367.07						4364.03792421	4364.36752335	0
1786640400	XAUUSD	M15	4371.51						4363.63924144	4364.00338240	0
1786641300	XAUUSD	M15	4363.08						4362.81525580	4363.40931910	0
1786642200	XAUUSD	M15	4357.19						4361.74401027	4362.57666469	0
1786643100	XAUUSD	M15	4355.93						4360.58813180	4361.58239824	0
1786644000	XAUUSD	M15	4362.04						4359.34898187	4360.46569006	0
1786644900	XAUUSD	M15	4357.58						4357.82071912	4359.14320459	0
1786645800	XAUUSD	M15	4357.97						4356.14255631	4357.64288045	0
1786646700	XAUUSD	M15	4356.90						4354.34837513	4355.99562779	0
1786647600	XAUUSD	M15	4347.06						4352.57270084	4354.28416431	0
1786648500	XAUUSD	M15	4351.40						4351.21082137	4352.74749284	0
1786649400	XAUUSD	M15	4351.36						4350.24234598	4351.49491941	0
1786650300	XAUUSD	M15	4350.35						4349.71970200	4350.60731071	0
1786651200	XAUUSD	M15	4350.26						4349.69604602	4350.15167836	0
1786652100	XAUUSD	M15	4351.70						4350.17457386	4350.16312611	1
1786653000	XAUUSD	M15	4349.57						4351.07941882	4350.62127247	0
1786653900	XAUUSD	M15	4351.07						4352.46410631	4351.54268939	0
1786658400	XAUUSD	M15	4354.08						4354.24329629	4352.89299284	0
1786659300	XAUUSD	M15	4357.24						4356.22211662	4354.55755473	0
1786660200	XAUUSD	M15	4360.37						4358.10892415	4356.33323944	0
1786661100	XAUUSD	M15	4354.84						4359.58291233	4357.95807589	0
1786662000	XAUUSD	M15	4360.64						4360.51205766	4359.23506678	0
1786662900	XAUUSD	M15	4362.92						4360.38833777	4359.81170227	0
1786663800	XAUUSD	M15	4360.24						4358.86004342	4359.33587284	1
1786664700	XAUUSD	M15	4356.74				4364.17000		4355.86583002	4357.60085143	0
1786665600	XAUUSD	M15	4352.21						4351.48332587	4354.54208865	0
1786666500	XAUUSD	M15	4339.36						4345.94312928	4350.24260897	0
1786667400	XAUUSD	M15	4340.16						4339.84731858	4345.04496377	0
1786668300	XAUUSD	M15	4341.22						4333.52757586	4339.28626982	0
1786669200	XAUUSD	M15	4323.79						4327.32914262	4333.30770622	0
1786670100	XAUUSD	M15	4319.55						4322.08864212	4327.69817417	0
1786671000	XAUUSD	M15	4319.66						4318.18780791	4322.94299104	0
1786671900	XAUUSD	M15	4318.21						4315.74103024	4319.34201064	0
1786672800	XAUUSD	M15	4312.43					4311.05000	4314.77653856	4317.05927460	0
1786673700	XAUUSD	M15	4312.92						4315.27843607	4316.16885534	0
1786674600	XAUUSD	M15	4321.26						4316.90511721	4316.53698627	1
1786675500	XAUUSD	M15	4315.78						4319.01519460	4317.77609043	0
1786676400	XAUUSD	M15	4320.15						4321.34620974	4319.56115009	0
1786677300	XAUUSD	M15	4325.74						4323.40897155	4321.48506082	0
1786678200	XAUUSD	M15	4325.66						4324.80127294	4323.14316688	0
1786679100	XAUUSD	M15	4323.67						4325.44076910	4324.29196799	0
1786680000	XAUUSD	M15	4326.15						4325.42168498	4324.85682649	0
1786680900	XAUUSD	M15	4325.29						4324.86051372	4324.85867010	0
1786681800	XAUUSD	M15	4325.35						4324.06086157	4324.45976584	1
1786682700	XAUUSD	M15	4327.03						4323.34650580	4323.90313582	0
1786683600	XAUUSD	M15	4320.23						4322.95696102	4323.43004842	0
1786684500	XAUUSD	M15	4318.46						4323.30080294	4323.36542568	0
1786685400	XAUUSD	M15	4317.74						4324.47465957	4323.92004263	1
1786686300	XAUUSD	M15	4333.73						4326.37454899	4325.14729581	0
1786687200	XAUUSD	M15	4332.38						4328.34131186	4326.74430383	0
1786688100	XAUUSD	M15	4329.33						4330.21044520	4328.47737452	0
1786689000	XAUUSD	M15	4333.00						4332.01239701	4330.24488576	0
1786689900	XAUUSD	M15	4335.57						4333.65122121	4331.94805349	0
1786690800	XAUUSD	M15	4331.25						4335.17289763	4333.56047556	0
1786691700	XAUUSD	M15	4331.97						4336.87754239	4335.21900898	0
1786692600	XAUUSD	M15	4339.59						4338.89931491	4337.05916194	0
1786693500	XAUUSD	M15	4343.74						4341.09323899	4339.07620047	0
1786694400	XAUUSD	M15	4347.84						4343.38790750	4341.23205398	0
1786695300	XAUUSD	M15	4345.75						4345.60899303	4343.42052351	0
1786696200	XAUUSD	M15	4343.85						4347.71572511	4345.56812431	0
1786697100	XAUUSD	M15	4348.54						4349.68536748	4347.62674589	0
1786698000	XAUUSD	M15	4350.79						4351.28557257	4349.45615923	0
1786698900	XAUUSD	M15	4351.71						4352.36502190	4350.91059057	0
1786699800	XAUUSD	M15	4353.36						4352.88114246	4351.89586652	0
1786700700	XAUUSD	M15	4357.21						4352.89525082	4352.39555867	0
1786701600	XAUUSD	M15	4354.46						4352.51734686	4352.45645276	0
1786702500	XAUUSD	M15	4351.45						4352.12113446	4352.28879361	1
1786703400	XAUUSD	M15	4351.97						4352.15813701	4352.22346531	0
1786704300	XAUUSD	M15	4349.38						4352.93741566	4352.58044048	1
1786705200	XAUUSD	M15	4350.61						4354.73381631	4353.65712840	0
1786706100	XAUUSD	M15	4356.67						4357.58294012	4355.62003426	0
1786707000	XAUUSD	M15	4362.56						4361.23263151	4358.42633288	0
1786707900	XAUUSD	M15	4369.15						4365.30373307	4361.86503298	0
1786708800	XAUUSD	M15	4371.73						4369.37787120	4365.62145209	0
1786709700	XAUUSD	M15	4379.83						4373.19404692	4369.40774950	0
1786710600	XAUUSD	M15	4372.70						4376.43132614	4372.91953782	0
1786711500	XAUUSD	M15	4373.61						4379.29768494	4376.10861138	0
1786712400	XAUUSD	M15	4375.12						4381.81933824	4378.96397481	0
1786713300	XAUUSD	M15	4384.47						4384.00816959	4381.48607220	0
1786714200	XAUUSD	M15	4393.85				4396.94000		4385.63094817	4383.55851019	0
1786715100	XAUUSD	M15	4384.45						4386.52431384	4385.04141201	0
1786716000	XAUUSD	M15	4390.49						4387.09151700	4386.06646451	0
1786716900	XAUUSD	M15	4390.68						4387.33257659	4386.69952055	0
1786717800	XAUUSD	M15	4384.41						4387.40072600	4387.05012328	0
1786718700	XAUUSD	M15	4381.24						4387.62626237	4387.33819282	0
1786719600	XAUUSD	M15	4392.22						4388.14651256	4387.74235269	0
1786720500	XAUUSD	M15	4384.73						4388.59232404	4388.16733836	0
1786721400	XAUUSD	M15	4389.55						4389.00379950	4388.58556893	0
1786722300	XAUUSD	M15	4391.69						4389.06096242	4388.82326568	0
1786723200	XAUUSD	M15	4389.73						4388.57036413	4388.69681491	1
1786724100	XAUUSD	M15	4387.55						4387.55525361	4388.12603426	0
1786725000	XAUUSD	M15	4385.82						4386.12901031	4387.12752228	0
1786725900	XAUUSD	M15	4385.86						4384.45334899	4385.79043564	0
1786726800	XAUUSD	M15	4382.44						4382.68450253	4384.23746908	0
1786727700	XAUUSD	M15	4379.54						4381.04507459	4382.64127184	0
1786728600	XAUUSD	M15	4377.80						4379.68030178	4381.16078681	0
1786729500	XAUUSD	M15	4378.52						4378.62145488	4379.89112084	0
1786730400	XAUUSD	M15	4377.30						4377.77060410	4378.83086247	0
1786731300	XAUUSD	M15	4379.45						4377.06156571	4377.94621409	0
1786732200	XAUUSD	M15	4376.53						4376.36451578	4377.15536494	0
1786733100	XAUUSD	M15	4373.56						4375.73882274	4376.44709384	0
1786734000	XAUUSD	M15	4376.01						4375.27543638	4375.86126511	0
1786734900	XAUUSD	M15	4377.31						4374.95166220	4375.40646366	0
1786735800	XAUUSD	M15	4375.68						4374.78780429	4375.09713397	0
1786736700	XAUUSD	M15	4376.20						4374.88091771	4374.98902584	0
1786737600	XAUUSD	M15	4372.83						4375.22723263	4375.10812923	1
1786738500	XAUUSD	M15	4374.77						4375.85784062	4375.48298493	0
1786739400	XAUUSD	M15	4375.57						4376.58317452	4376.03307972	0
1786740300	XAUUSD	M15	4375.65						4377.18138322	4376.60723147	0
1786917600	XAUUSD	M15	4375.77						4377.41846209	4377.01284678	0
1786918500	XAUUSD	M15	4374.77						4377.17867440	4377.09576059	0
1786919400	XAUUSD	M15	4377.95						4376.56061403	4376.82818731	1
1786920300	XAUUSD	M15	4385.99						4375.69735883	4376.26277307	0
1786921200	XAUUSD	M15	4379.63						4374.78249437	4375.52263372	0
1786922100	XAUUSD	M15	4374.77						4374.53365082	4375.02814227	0
1786923000	XAUUSD	M15	4368.54					4367.24000	4375.57791780	4375.30303003	1
1786923900	XAUUSD	M15	4370.26						4378.36905813	4376.83604408	0
1786924800	XAUUSD	M15	4378.91						4382.82158355	4379.82881381	0
1786925700	XAUUSD	M15	4389.73						4388.30377443	4384.06629412	0
1786926600	XAUUSD	M15	4395.89						4393.90117575	4388.98373493	0
1786927500	XAUUSD	M15	4400.87						4398.75872866	4393.87123180	0
1786928400	XAUUSD	M15	4409.21						4402.16153984	4398.01638582	0
1786929300	XAUUSD	M15	4407.05				4416.41000		4403.57356636	4400.79497609	0
1786930200	XAUUSD	M15	4403.49						4403.07120579	4401.93309094	0
1786931100	XAUUSD	M15	4395.54						4401.09378434	4401.51343764	1
1786932000	XAUUSD	M15	4394.33						4398.42325364	4399.96834564	0
1786932900	XAUUSD	M15	4395.50						4395.71504114	4397.84169339	0
1786933800	XAUUSD	M15	4392.86						4393.46037266	4395.65103303	0
1786934700	XAUUSD	M15	4393.10						4392.07235224	4393.86169263	0
1786935600	XAUUSD	M15	4390.28						4391.63061536	4392.74615400	0
1786936500	XAUUSD	M15	4392.88						4392.10443869	4392.42529634	0
1786937400	XAUUSD	M15	4395.17						4393.11958370	4392.77244002	1
1786938300	XAUUSD	M15	4396.95						4394.21612188	4393.49428095	0
1786939200	XAUUSD	M15	4398.19						4394.98367922	4394.23898008	0
1786940100	XAUUSD	M15	4391.12						4395.19067603	4394.71482806	0
1786941000	XAUUSD	M15	4395.67						4395.00234299	4394.85858553	0
1786941900	XAUUSD	M15	4390.87						4394.44509278	4394.65183915	1
1786942800	XAUUSD	M15	4387.89						4393.90273857	4394.27728886	0
1786943700	XAUUSD	M15	4399.31					4386.84000	4393.72918247	4394.00323566	0
1786944600	XAUUSD	M15	4395.76						4393.82453126	4393.91388346	0
1786945500	XAUUSD	M15	4394.75						4394.43047835	4394.17218091	1
1786946400	XAUUSD	M15	4396.95						4395.63003296	4394.90110693	0
1786947300	XAUUSD	M15	4398.54						4397.29742605	4396.09926649	0
1786948200	XAUUSD	M15	4396.19						4399.18083317	4397.64004983	0
1786949100	XAUUSD	M15	4403.07						4401.15089525	4399.39547254	0
1786950000	XAUUSD	M15	4396.45						4402.80984120	4401.10265687	0
1786950900	XAUUSD	M15	4404.98						4404.14934678	4402.62600183	0
1786951800	XAUUSD	M15	4409.33				4411.36000		4404.77134544	4403.69867363	0
1786952700	XAUUSD	M15	4405.29						4404.44739430	4404.07303397	0
1786953600	XAUUSD	M15	4402.88						4403.29199551	4403.68251474	1
1786954500	XAUUSD	M15	4402.14						4401.53074121	4402.60662797	0
1786955400	XAUUSD	M15	4396.37						4399.42361163	4401.01511980	0
1786956300	XAUUSD	M15	4395.12						4397.43831032	4399.22671506	0
1786957200	XAUUSD	M15	4399.00						4395.93662297	4397.58166902	0
1786958100	XAUUSD	M15	4396.84						4395.08250603	4396.33208752	0
1786959000	XAUUSD	M15	4394.20						4395.09893633	4395.71551192	0
1786959900	XAUUSD	M15	4395.48						4396.05373286	4395.88462239	1
1786960800	XAUUSD	M15	4395.90						4397.72162543	4396.80312391	0
1786961700	XAUUSD	M15	4405.42						4399.72339945	4398.26326168	0
1786962600	XAUUSD	M15	4398.28						4401.34018177	4399.80172173	0
1786963500	XAUUSD	M15	4398.96						4402.29864542	4401.05018357	0
1786964400	XAUUSD	M15	4399.79						4402.20373402	4401.62695880	0
1786965300	XAUUSD	M15	4403.51						4400.81166247	4401.21931063	1
1786966200	XAUUSD	M15	4399.50						4398.02630930	4399.62280996	0
1786967100	XAUUSD	M15	4396.80						4394.25131368	4396.93706182	0
1786968000	XAUUSD	M15	4393.88						4390.11471929	4393.52589056	0
1786968900	XAUUSD	M15	4385.61						4386.38482437	4389.95535747	0
1786969800	XAUUSD	M15	4378.34						4384.00221677	4386.97878712	0
1786970700	XAUUSD	M15	4384.92					4377.30000	4383.71263107	4385.34570909	0
1786971600	XAUUSD	M15	4386.28						4385.56135107	4385.45353008	1
1786972500	XAUUSD	M15	4386.17						4389.42548799	4387.43950904	0
1786973400	XAUUSD	M15	4386.07						4394.92728644	4391.18339774	0
1786974300	XAUUSD	M15	4408.59						4401.47869232	4396.33104503	0
1786975200	XAUUSD	M15	4412.20						4407.83572847	4402.08338675	0
1786976100	XAUUSD	M15	4418.20						4413.38200779	4407.73269727	0
1786977000	XAUUSD	M15	4417.32						4417.67866082	4412.70567904	0
1786977900	XAUUSD	M15	4417.35						4420.75755729	4416.73161817	0
1786978800	XAUUSD	M15	4421.25						4422.80503353	4419.76832585	0
1786979700	XAUUSD	M15	4425.58						4424.03008503	4421.89920544	0
1786980600	XAUUSD	M15	4419.26						4424.65670068	4423.27795306	0
1786981500	XAUUSD	M15	4427.62						4425.11887250	4424.19841278	0
1786982400	XAUUSD	M15	4426.00				4428.83000		4425.27768403	4424.73804841	0
1786983300	XAUUSD	M15	4424.79						4425.14262067	4424.94033454	0
1786984200	XAUUSD	M15	4424.66						4424.58681340	4424.76357397	1
1786985100	XAUUSD	M15	4424.21						4423.42737942	4424.09547669	0
1786986000	XAUUSD	M15	4422.90						4421.54486526	4422.82017098	0
1786986900	XAUUSD	M15	4416.89						4418.97998836	4420.90007967	0
1786987800	XAUUSD	M15	4417.56						4416.02434317	4418.46221142	0
1786988700	XAUUSD	M15	4413.68						4412.93852514	4415.70036828	0
1786989600	XAUUSD	M15	4413.64						4410.16995730	4412.93516279	0
1786990500	XAUUSD	M15	4406.32						4408.13474389	4410.53495334	0
1786991400	XAUUSD	M15	4401.61					4398.13000	4407.32309542	4408.92902438	0
1786992300	XAUUSD	M15	4406.76						4407.96584422	4408.44743430	0
1786993200	XAUUSD	M15	4408.55						4409.77943392	4409.11343411	1
1786994100	XAUUSD	M15	4414.47						4412.35101164	4410.73222288	0
1786995000	XAUUSD	M15	4419.46						4415.01797998	4412.87510143	0
1786995900	XAUUSD	M15	4419.84						4417.13418941	4415.00464542	0
1786996800	XAUUSD	M15	4417.72						4418.31805259	4416.66134900	0
1786997700	XAUUSD	M15	4415.13						4418.46937000	4417.56535950	0
1786998600	XAUUSD	M15	4415.44						4417.71422122	4417.63979036	0
1786999500	XAUUSD	M15	4416.79						4416.32841458	4416.98410247	1
1787004000	XAUUSD	M15	4416.70						4414.71339359	4415.84874803	0
1787004900	XAUUSD	M15	4412.46						4413.37614353	4414.61244578	0
1787005800	XAUUSD	M15	4414.70						4412.85856391	4413.73550484	0
1787006700	XAUUSD	M15	4411.71						4413.42905805	4413.58228145	0
1787007600	XAUUSD	M15	4414.78						4415.28141546	4414.43184846	1
1787008500	XAUUSD	M15	4420.28						4418.23439640	4416.33312243	0
1787009400	XAUUSD	M15	4422.54						4421.80658916	4419.06985579	0
1787010300	XAUUSD	M15	4425.86						4425.44255220	4422.25620400	0
1787011200	XAUUSD	M15	4421.90						4428.48088417	4425.36854409	0
1787012100	XAUUSD	M15	4431.46						4430.52119775	4427.94487092	0
1787013000	XAUUSD	M15	4429.48						4430.89767628	4429.42127360	0
1787013900	XAUUSD	M15	4434.57						4429.46580093	4429.44353726	0
1787014800	XAUUSD	M15	4429.16				4436.11000		4426.14404707	4427.79379217	1
1787015700	XAUUSD	M15	4424.86						4421.36420464	4424.57899840	0
1787016600	XAUUSD	M15	4412.20						4415.73755563	4420.15827702	0
1787017500	XAUUSD	M15	4407.99						4410.15922052	4415.15874877	0
1787018400	XAUUSD	M15	4401.14						4405.23119501	4410.19497189	0
1787019300	XAUUSD	M15	4402.27						4401.41346934	4405.80422062	0
1787020200	XAUUSD	M15	4395.00						4398.71549137	4402.25985599	0
1787021100	XAUUSD	M15	4400.07						4397.15713429	4399.70849514	0
1787022000	XAUUSD	M15	4401.61						4396.30185047	4398.00517281	0
1787022900	XAUUSD	M15	4397.24						4395.74347146	4396.87432213	0
1787023800	XAUUSD	M15	4394.83						4395.27911014	4396.07671614	0
1787024700	XAUUSD	M15	4392.02						4394.76445079	4395.42058346	0
1787025600	XAUUSD	M15	4392.44						4394.16663013	4394.79360680	0
1787026500	XAUUSD	M15	4392.51						4393.46751733	4394.13056206	0
1787027400	XAUUSD	M15	4393.68						4392.75322209	4393.44189208	0
1787028300	XAUUSD	M15	4393.70						4392.16441304	4392.80315256	0
1787029200	XAUUSD	M15	4391.33						4391.88416998	4392.34366127	0
1787030100	XAUUSD	M15	4391.45						4392.12588406	4392.23477266	0
1787031000	XAUUSD	M15	4393.74					4386.07000	4392.93672934	4392.58575100	1
1787031900	XAUUSD	M15	4394.34						4394.20342390	4393.39458745	0
1787032800	XAUUSD	M15	4395.14						4395.78164953	4394.58811849	0
1787033700	XAUUSD	M15	4399.52						4397.40704555	4395.99758202	0
1787034600	XAUUSD	M15	4397.11						4398.74711471	4397.37234837	0
1787035500	XAUUSD	M15	4398.71						4399.66099510	4398.51667174	0
1787036400	XAUUSD	M15	4397.66						4399.95801246	4399.23734210	0
1787037300	XAUUSD	M15	4403.27						4399.63802001	4399.43768105	0
1787038200	XAUUSD	M15	4401.45				4403.66000		4398.61080804	4399.02424455	1
1787039100	XAUUSD	M15	4395.76						4397.07229534	4398.04826995	0
1787040000	XAUUSD	M15	4392.66						4395.35099721	4396.69963358	0
1787040900	XAUUSD	M15	4389.56						4393.72394723	4395.21179041	0
1787041800	XAUUSD	M15	4396.67						4392.42656842	4393.81917941	0
1787042700	XAUUSD	M15	4393.37						4391.41381519	4392.61649730	0
1787043600	XAUUSD	M15	4392.77						4390.88912823	4391.75281277	0
1787044500	XAUUSD	M15	4389.25						4390.92583005	4391.33932141	0
1787045400	XAUUSD	M15	4388.54						4391.57541667	4391.45736904	1
1787046300	XAUUSD	M15	4393.28						4392.68941669	4392.07339286	0
1787047200	XAUUSD	M15	4394.48						4393.87824749	4392.97582018	0
1787048100	XAUUSD	M15	4392.04						4394.84611078	4393.91096548	0
1787049000	XAUUSD	M15	4398.65						4395.40878811	4394.65987679	0
1787049900	XAUUSD	M15	4397.63						4395.26356596	4394.96172138	0
1787050800	XAUUSD	M15	4393.57						4394.49503249	4394.72837694	1
1787051700	XAUUSD	M15	4390.07						4393.45274537	4394.09056115	0
1787052600	XAUUSD	M15	4390.97						4392.55209208	4393.32132662	0
1787053500	XAUUSD	M15	4395.94						4392.07432739	4392.69782701	0
1787054400	XAUUSD	M15	4393.30						4392.11513636	4392.40648168	0
1787055300	XAUUSD	M15	4395.25						4392.82891721	4392.61769945	1
1787056200	XAUUSD	M15	4392.23						4394.06146675	4393.33958310	0
1787057100	XAUUSD	M15	4394.46						4395.59684835	4394.46821573	0
1787058000	XAUUSD	M15	4395.78						4396.91420505	4395.69121039	0
1787058900	XAUUSD	M15	4388.74						4397.43408678	4396.56264858	0
1787059800	XAUUSD	M15	4401.16				4406.49000		4396.81871588	4396.69068223	0
1787060700	XAUUSD	M15	4394.65						4394.36297143	4395.52682683	1
1787061600	XAUUSD	M15	4393.24						4390.15980411	4392.84331547	0
1787062500	XAUUSD	M15	4394.47						4384.49774573	4388.67053060	0
1787063400	XAUUSD	M15	4380.09						4377.86862012	4383.26957536	0
1787064300	XAUUSD	M15	4366.63						4371.35897035	4377.31427285	0
1787065200	XAUUSD	M15	4360.07						4366.00344829	4371.65886057	0
1787066100	XAUUSD	M15	4354.91						4362.43352744	4367.04619401	0
1787067000	XAUUSD	M15	4358.68						4360.89693297	4363.97156349	0
1787067900	XAUUSD	M15	4364.97						4361.02695405	4362.49925877	0
1787068800	XAUUSD	M15	4367.69						4362.14808656	4362.32367267	0
1787069700	XAUUSD	M15	4364.14						4363.56077321	4362.94222294	1
1787070600	XAUUSD	M15	4367.41						4364.81383121	4363.87802707	0
1787071500	XAUUSD	M15	4363.85						4365.40333979	4364.64068343	0
1787072400	XAUUSD	M15	4366.94						4365.23948940	4364.94008641	0
1787073300	XAUUSD	M15	4365.38						4364.23448519	4364.58728580	1
1787074200	XAUUSD	M15	4358.60						4362.60866736	4363.59797658	0
1787075100	XAUUSD	M15	4357.71						4360.81168943	4362.20483301	0
1787076000	XAUUSD	M15	4357.73						4359.09274575	4360.64878938	0
1787076900	XAUUSD	M15	4360.24						4357.56060951	4359.10469944	0
1787077800	XAUUSD	M15	4354.28						4356.12184566	4357.61327255	0
1787078700	XAUUSD	M15	4354.27						4354.79194068	4356.20260662	0
1787079600	XAUUSD	M15	4356.98						4353.33905988	4354.77083325	0
1787080500	XAUUSD	M15	4354.87						4351.44955580	4353.11019452	0
1787081400	XAUUSD	M15	4349.77						4349.02246081	4351.06632767	0
1787082300	XAUUSD	M15	4345.54						4346.18060606	4348.62346686	0
1787083200	XAUUSD	M15	4341.94						4343.14956016	4345.88651351	0
1787084100	XAUUSD	M15	4337.77						4340.22305595	4343.05478473	0
1787085000	XAUUSD	M15	4332.29						4337.69592042	4340.37535258	0
1787085900	XAUUSD	M15	4334.40						4335.84840151	4338.11187705	0
1787090400	XAUUSD	M15	4340.73						4334.63368176	4336.37277940	0
1787091300	XAUUSD	M15	4336.21						4333.78077192	4335.07677566	0
1787092200	XAUUSD	M15	4333.69						4333.31182806	4334.19430186	0
1787093100	XAUUSD	M15	4333.84						4333.17673684	4333.68551935	0
1787094000	XAUUSD	M15	4334.14						4333.27636199	4333.48094067	0
1787094900	XAUUSD	M15	4330.49						4333.61347036	4333.54720552	1
1787095800	XAUUSD	M15	4329.90						4334.33621755	4333.94171153	0
1787096700	XAUUSD	M15	4332.99						4335.52719322	4334.73445238	0
1787097600	XAUUSD	M15	4342.94						4337.14587042	4335.94016140	0
1787098500	XAUUSD	M15	4343.03						4338.94851943	4337.44434042	0
1787099400	XAUUSD	M15	4343.59						4340.94289166	4339.19361604	0
1787100300	XAUUSD	M15	4337.78						4343.11610837	4341.15486220	0
1787101200	XAUUSD	M15	4343.87					4324.63000	4345.62466070	4343.38976145	0
1787102100	XAUUSD	M15	4342.32						4348.23685249	4345.81330697	0
1787103000	XAUUSD	M15	4355.66						4350.90266846	4348.35798772	0
1787103900	XAUUSD	M15	4356.62						4353.13489278	4350.74644025	0
1787104800	XAUUSD	M15	4353.64						4354.83354932	4352.78999478	0
1787105700	XAUUSD	M15	4359.67				4361.90000		4356.08464162	4354.43731820	0
1787106600	XAUUSD	M15	4355.41						4356.77970681	4355.60851251	0
1787107500	XAUUSD	M15	4355.03						4357.11260412	4356.36055831	0
1787108400	XAUUSD	M15	4354.60						4357.14618923	4356.75337377	0
1787109300	XAUUSD	M15	4357.07						4356.91418516	4356.83377947	0
1787110200	XAUUSD	M15	4358.41						4356.29478471	4356.56428209	1
1787111100	XAUUSD	M15	4355.05						4355.14210708	4355.85319458	0
1787112000	XAUUSD	M15	4354.64						4353.46939403	4354.66129431	0
1787112900	XAUUSD	M15	4351.13						4351.27469265	4352.96799348	0
1787113800	XAUUSD	M15	4346.68						4348.69498118	4350.83148733	0
1787114700	XAUUSD	M15	4348.39						4345.96931679	4348.40040206	0
1787115600	XAUUSD	M15	4338.96						4343.26068893	4345.83054550	0
1787116500	XAUUSD	M15	4345.13						4341.01770472	4343.42412511	0
1787117400	XAUUSD	M15	4342.11						4339.35709253	4341.39060882	0
1787118300	XAUUSD	M15	4335.70					4335.08000	4338.63964589	4340.01512736	0
1787119200	XAUUSD	M15	4337.51						4339.27751709	4339.64632223	0
1787120100	XAUUSD	M15	4343.25						4341.26903892	4340.45768057	1
1787121000	XAUUSD	M15	4341.83						4344.27830663	4342.36799360	0
1787121900	XAUUSD	M15	4348.93						4347.93875467	4345.15337414	0
1787122800	XAUUSD	M15	4350.51						4351.57145888	4348.36241651	0
1787123700	XAUUSD	M15	4356.62						4354.68710849	4351.52476250	0
1787124600	XAUUSD	M15	4354.60						4356.82853840	4354.17665045	0
1787125500	XAUUSD	M15	4354.88						4357.97038685	4356.07351865	0
1787126400	XAUUSD	M15	4361.66						4358.28126950	4357.17739408	0
1787127300	XAUUSD	M15	4360.73						4357.94004038	4357.55871723	0
1787128200	XAUUSD	M15	4362.53						4357.46934809	4357.51403266	1
1787129100	XAUUSD	M15	4355.54						4357.29130505	4357.40266885	0
1787130000	XAUUSD	M15	4356.30						4357.94601046	4357.67433966	1
1787130900	XAUUSD	M15	4356.62						4359.45556202	4358.56495084	0
1787131800	XAUUSD	M15	4358.72						4361.59970464	4360.08232774	0
1787132700	XAUUSD	M15	4361.91						4363.90146670	4361.99189722	0
1787133600	XAUUSD	M15	4363.71						4365.76812198	4363.88000960	0
1787134500	XAUUSD	M15	4368.69						4366.75400311	4365.31700635	0
1787135400	XAUUSD	M15	4368.03						4366.60502980	4365.96101808	0
1787136300	XAUUSD	M15	4367.24						4365.61192802	4365.78647305	1
1787137200	XAUUSD	M15	4373.27						4364.50192052	4365.14419679	0
1787138100	XAUUSD	M15	4370.94						4364.10380876	4364.62400277	0
1787139000	XAUUSD	M15	4363.60						4365.66730886	4365.14565582	1
1787139900	XAUUSD	M15	4364.63						4370.46639250	4367.80602416	0
1787140800	XAUUSD	M15	4368.38						4379.17505921	4373.49054169	0
1787141700	XAUUSD	M15	4369.37						4391.80111066	4382.64582617	0
1787142600	XAUUSD	M15	4417.09						4407.73937556	4395.19260086	0
1787143500	XAUUSD	M15	4438.78						4424.65915681	4409.92587884	0
1787144400	XAUUSD	M15	4456.01						4440.72300103	4425.32443993	0
1787145300	XAUUSD	M15	4458.07						4454.49240105	4439.90842049	0
1787146200	XAUUSD	M15	4460.92						4465.40977787	4452.65909918	0
1787147100	XAUUSD	M15	4459.49						4473.41673828	4463.03791873	0
1787148000	XAUUSD	M15	4473.72						4478.98426249	4471.01109061	0
1787148900	XAUUSD	M15	4485.93						4482.46133455	4476.73621258	0
1787149800	XAUUSD	M15	4489.51						4484.36393561	4480.55007409	0
1787150700	XAUUSD	M15	4488.14						4485.44738783	4482.99873096	0
1787151600	XAUUSD	M15	4485.28						4486.45068346	4484.72470721	0
1787152500	XAUUSD	M15	4483.61						4487.89193083	4486.30831902	0
1787153400	XAUUSD	M15	4490.24						4489.90624021	4488.10727962	0
1787154300	XAUUSD	M15	4493.86						4492.06545088	4490.08636525	0
1787155200	XAUUSD	M15	4497.63						4493.87380638	4491.98008581	0
1787156100	XAUUSD	M15	4491.14						4494.81586369	4493.39797475	0
1787157000	XAUUSD	M15	4494.99						4494.80221122	4494.10009299	0
1787157900	XAUUSD	M15	4493.81						4493.69138956	4493.89574127	1
1787158800	XAUUSD	M15	4492.76						4491.69517730	4492.79545929	0
1787159700	XAUUSD	M15	4488.00						4489.26690879	4491.03118404	0
1787160600	XAUUSD	M15	4488.70						4487.07733257	4489.05425831	0
1787161500	XAUUSD	M15	4486.98						4485.63287850	4487.34356840	0
1787162400	XAUUSD	M15	4487.89						4485.41361780	4486.37859310	0
1787163300	XAUUSD	M15	4475.33						4486.64313477	4486.51086393	1
1787164200	XAUUSD	M15	4490.38						4489.65153647	4488.08120020	0
1787165100	XAUUSD	M15	4495.14						4493.77427839	4490.92773929	0
1787166000	XAUUSD	M15	4503.27						4498.50645210	4494.71709570	0
1787166900	XAUUSD	M15	4507.34						4503.25719007	4498.98714289	0
1787167800	XAUUSD	M15	4507.00						4507.63521856	4503.31118072	0
1787168700	XAUUSD	M15	4511.44						4511.50110332	4507.40614202	0
1787169600	XAUUSD	M15	4506.92						4514.71412931	4511.06013567	0
1787170500	XAUUSD	M15	4518.62						4517.33838490	4514.19926028	0
1787171400	XAUUSD	M15	4519.36						4519.08845412	4516.64385720	0
1787172300	XAUUSD	M15	4523.05						4520.04758793	4518.34572257	0
1787176800	XAUUSD	M15	4520.10				4527.47000		4520.30170990	4519.32371623	0
1787177700	XAUUSD	M15	4520.91						4520.13332798	4519.72852211	0
1787178600	XAUUSD	M15	4518.46						4519.69255141	4519.71053676	1
1787179500	XAUUSD	M15	4518.85						4519.09346776	4519.40200226	0
1787180400	XAUUSD	M15	4519.33						4518.31249194	4518.85724710	0
1787181300	XAUUSD	M15	4517.58						4517.27357786	4518.06541248	0
1787182200	XAUUSD	M15	4514.27						4515.92328884	4516.99435066	0
1787183100	XAUUSD	M15	4511.63						4514.24366399	4515.61900732	0
1787184000	XAUUSD	M15	4515.86						4512.18972012	4513.90436372	0
1787184900	XAUUSD	M15	4510.37						4509.53414635	4511.71925504	0
1787185800	XAUUSD	M15	4506.22						4506.41409890	4509.06667697	0
1787186700	XAUUSD	M15	4504.61						4503.02691891	4506.04679794	0
1787187600	XAUUSD	M15	4493.30						4499.61610599	4502.83145197	0
1787188500	XAUUSD	M15	4500.41						4496.69155338	4499.76150268	0
1787189400	XAUUSD	M15	4493.80						4494.25415447	4497.00782857	0
1787190300	XAUUSD	M15	4489.77						4492.60473270	4494.80628064	0
1787191200	XAUUSD	M15	4497.71						4491.90052938	4493.35340501	0
1787192100	XAUUSD	M15	4492.95						4491.85446029	4492.60393265	0
1787193000	XAUUSD	M15	4490.55						4492.43670932	4492.52032098	0
1787193900	XAUUSD	M15	4490.68						4493.44226662	4492.98129380	1
1787194800	XAUUSD	M15	4492.80						4494.57508682	4493.77819031	0
1787195700	XAUUSD	M15	4493.42						4495.42877096	4494.60348064	0
1787196600	XAUUSD	M15	4497.82						4495.69876757	4495.15112410	0
1787197500	XAUUSD	M15	4498.80						4495.09495871	4495.12304140	1
1787198400	XAUUSD	M15	4496.38						4493.58701747	4494.35502944	0
1787199300	XAUUSD	M15	4489.79						4491.43723752	4492.89613348	0
1787200200	XAUUSD	M15	4487.19						4489.12779317	4491.01196332	0
1787201100	XAUUSD	M15	4488.46						4487.07810754	4489.04503543	0
1787202000	XAUUSD	M15	4485.39						4485.52300705	4487.28402124	0
1787202900	XAUUSD	M15	4483.32						4484.71916046	4486.00159085	0
1787203800	XAUUSD	M15	4480.77						4484.76915539	4485.38537312	0
1787204700	XAUUSD	M15	4481.29					4477.88000	4485.68190099	4485.53363706	1
1787205600	XAUUSD	M15	4492.75						4487.24401182	4486.38882444	0
1787206500	XAUUSD	M15	4494.04						4488.85246981	4487.62064713	0
1787207400	XAUUSD	M15	4492.56						4490.22558838	4488.92311775	0
1787208300	XAUUSD	M15	4493.86						4491.21336377	4490.06824076	0
1787209200	XAUUSD	M15	4487.92						4491.68831222	4490.87827649	0
1787210100	XAUUSD	M15	4484.05						4491.80885142	4491.34356396	0
1787211000	XAUUSD	M15	4491.22						4491.72139025	4491.53247710	0
1787211900	XAUUSD	M15	4490.92						4491.30194946	4491.41721328	1
1787212800	XAUUSD	M15	4494.47						4490.72075937	4491.06898632	0
1787213700	XAUUSD	M15	4491.51						4490.09414059	4490.58156345	0
1787214600	XAUUSD	M15	4490.64						4489.62890831	4490.10523588	0
1787215500	XAUUSD	M15	4489.37						4489.47752337	4489.79137963	0
1787216400	XAUUSD	M15	4492.37						4489.66630833	4489.72884398	0
1787217300	XAUUSD	M15	4490.09						4490.04166892	4489.88525645	1
1787218200	XAUUSD	M15	4489.24						4490.51706942	4490.20116294	0
1787219100	XAUUSD	M15	4482.68						4490.89610716	4490.54863505	0
1787220000	XAUUSD	M15	4490.44						4491.11278960	4490.83071232	0
1787220900	XAUUSD	M15	4493.88						4490.70029006	4490.76550119	1
1787221800	XAUUSD	M15	4491.14						4489.35653043	4490.06101581	0
1787222700	XAUUSD	M15	4490.00						4487.05423651	4488.55762616	0
1787223600	XAUUSD	M15	4484.99						4483.81226760	4486.18494688	0
1787224500	XAUUSD	M15	4484.20						4479.88443487	4483.03469087	0
1787225400	XAUUSD	M15	4474.72						4475.54049587	4479.28759337	0
1787226300	XAUUSD	M15	4467.02						4471.37942882	4475.33351109	0
1787227200	XAUUSD	M15	4462.42					4450.57000	4468.01254117	4471.67302613	0
1787228100	XAUUSD	M15	4459.28						4465.90521703	4468.78912158	0
1787229000	XAUUSD	M15	4466.69						4465.38577133	4467.08744646	0
1787229900	XAUUSD	M15	4474.77						4466.42135782	4466.75440214	0
1787230800	XAUUSD	M15	4473.03						4468.88018285	4467.81729249	1
1787231700	XAUUSD	M15	4471.90						4472.84891736	4470.33310493	0
1787232600	XAUUSD	M15	4486.58						4478.31821103	4474.32565798	0
1787233500	XAUUSD	M15	4481.60						4484.74747810	4479.53656804	0
1787234400	XAUUSD	M15	4485.03						4492.04094939	4485.78875872	0
1787235300	XAUUSD	M15	4491.64						4499.76437596	4492.77656734	0
1787236200	XAUUSD	M15	4499.18						4507.28023259	4500.02839996	0
1787237100	XAUUSD	M15	4516.02						4513.87690892	4506.95265444	0
1787238000	XAUUSD	M15	4534.50						4518.67373148	4512.81319296	0
1787238900	XAUUSD	M15	4532.44				4540.83000		4520.93389966	4516.87354631	0
1787239800	XAUUSD	M15	4511.54						4520.80825456	4518.84090044	0
1787240700	XAUUSD	M15	4521.56						4519.26458544	4519.05274294	0
1787241600	XAUUSD	M15	4511.21						4516.62462380	4517.83868337	1
1787242500	XAUUSD	M15	4509.39						4513.80500397	4515.82184367	0
1787243400	XAUUSD	M15	4509.24						4511.44475401	4513.63329884	0
1787244300	XAUUSD	M15	4510.04						4509.96113626	4511.79721755	0
1787245200	XAUUSD	M15	4509.51						4509.58036510	4510.68879132	0
1787246100	XAUUSD	M15	4513.01						4510.40037909	4510.54458521	0
1787247000	XAUUSD	M15	4518.26						4512.23123380	4511.38790950	1
1787247900	XAUUSD	M15	4519.86						4514.69764381	4513.04277666	0
1787248800	XAUUSD	M15	4510.96						4517.42088234	4515.23182950	0
1787249700	XAUUSD	M15	4518.94						4520.28067732	4517.75625341	0
1787250600	XAUUSD	M15	4520.21						4522.74220436	4520.24922888	0
1787251500	XAUUSD	M15	4521.99						4524.51822858	4522.38372873	0
1787252400	XAUUSD	M15	4527.52						4525.42248019	4523.90310446	0
1787253300	XAUUSD	M15	4522.80						4525.33260252	4524.61785349	0
1787254200	XAUUSD	M15	4526.40						4524.53876261	4524.57830805	1
1787255100	XAUUSD	M15	4528.79						4523.22931614	4523.90381209	0
1787256000	XAUUSD	M15	4522.42						4521.68993621	4522.79687415	0
1787256900	XAUUSD	M15	4520.79						4520.44811227	4521.62249321	0
1787257800	XAUUSD	M15	4518.31						4519.81259274	4520.71754298	0
1787258700	XAUUSD	M15	4519.31						4519.98533596	4520.35143947	0
1787263200	XAUUSD	M15	4518.46						4520.89885187	4520.62514567	1
1787264100	XAUUSD	M15	4519.41						4522.30537032	4521.46525799	0
1787265000	XAUUSD	M15	4522.65						4523.85147658	4522.65836729	0
1787265900	XAUUSD	M15	4524.20						4525.11178482	4523.88507605	0
1787266800	XAUUSD	M15	4531.78						4525.73332184	4524.80919894	0
1787267700	XAUUSD	M15	4527.01						4525.34015054	4525.07467474	0
1787268600	XAUUSD	M15	4524.64						4524.07843741	4524.57655607	1
1787269500	XAUUSD	M15	4526.30						4522.21118225	4523.39386916	0
1787270400	XAUUSD	M15	4518.46						4520.07625186	4521.73506051	0
1787271300	XAUUSD	M15	4514.95						4518.35671993	4520.04589022	0
1787272200	XAUUSD	M15	4513.73						4517.50053707	4518.77321364	0
1787273100	XAUUSD	M15	4510.56						4517.76191657	4518.26756511	0
1787274000	XAUUSD	M15	4520.74					4508.89000	4519.20130641	4518.73443576	1
1787274900	XAUUSD	M15	4529.36						4521.35902087	4520.04672831	0
1787275800	XAUUSD	M15	4525.94						4523.72800299	4521.88736565	0
1787276700	XAUUSD	M15	4530.72						4526.11673344	4524.00204954	0
1787277600	XAUUSD	M15	4521.01						4528.23655036	4526.11929995	0
1787278500	XAUUSD	M15	4527.35						4530.22528991	4528.17229493	0
1787279400	XAUUSD	M15	4537.89						4531.86942641	4530.02086067	0
1787280300	XAUUSD	M15	4533.78						4532.94587034	4531.48336551	0
1787281200	XAUUSD	M15	4532.50						4533.65475006	4532.56905778	0
1787282100	XAUUSD	M15	4529.60						4534.19879948	4533.38392863	0
1787283000	XAUUSD	M15	4529.25						4534.83741532	4534.11067197	0
1787283900	XAUUSD	M15	4535.52						4535.68866613	4534.89966905	0
1787284800	XAUUSD	M15	4539.92						4536.64079479	4535.77023192	0
1787285700	XAUUSD	M15	4546.76						4537.60766940	4536.68895066	0
1787286600	XAUUSD	M15	4541.65						4538.46213659	4537.57554362	0
1787287500	XAUUSD	M15	4540.56						4539.46880300	4538.52217331	0
1787288400	XAUUSD	M15	4537.27						4540.80366195	4539.66291763	0
1787289300	XAUUSD	M15	4530.60						4542.67402976	4541.16847369	0
1787290200	XAUUSD	M15	4543.39						4545.25515886	4543.21181628	0
1787291100	XAUUSD	M15	4553.45						4548.11293075	4545.66237351	0
1787292000	XAUUSD	M15	4548.86						4550.87816157	4548.27026754	0
1787292900	XAUUSD	M15	4555.43						4553.61308583	4550.94167669	0
1787293800	XAUUSD	M15	4562.56						4556.17890774	4553.56029222	0
1787294700	XAUUSD	M15	4560.86						4558.47209207	4556.01619214	0
1787295600	XAUUSD	M15	4561.45						4560.73281245	4558.37450230	0
1787296500	XAUUSD	M15	4561.77						4563.23078061	4560.80264145	0
1787297400	XAUUSD	M15	4564.27						4566.12371472	4563.46317809	0
1787298300	XAUUSD	M15	4564.27						4569.43165402	4566.44741605	0
1787299200	XAUUSD	M15	4565.54						4573.09371198	4569.77056402	0
1787300100	XAUUSD	M15	4579.29						4576.89106513	4573.33081457	0
1787301000	XAUUSD	M15	4582.53						4580.22320146	4576.77700801	0
1787301900	XAUUSD	M15	4584.24						4582.80853772	4579.79277287	0
1787302800	XAUUSD	M15	4599.19						4584.54582045	4582.16929666	0
1787303700	XAUUSD	M15	4582.24						4585.18004013	4583.67466839	0
1787304600	XAUUSD	M15	4583.21						4585.47626557	4584.57546698	0
1787305500	XAUUSD	M15	4582.72						4585.83828746	4585.20687722	0
1787306400	XAUUSD	M15	4578.79						4586.59693048	4585.90190385	0
1787307300	XAUUSD	M15	4588.57						4587.99317222	4586.94753803	0
1787308200	XAUUSD	M15	4593.26						4589.71372738	4588.33063271	0
1787309100	XAUUSD	M15	4588.42						4591.40735716	4589.86899493	0
1787310000	XAUUSD	M15	4590.58						4592.89516197	4591.38207845	0
1787310900	XAUUSD	M15	4598.52						4593.79721312	4592.58964579	0
1787311800	XAUUSD	M15	4597.30						4593.62221498	4593.10593039	0
1787312700	XAUUSD	M15	4597.00						4592.31257936	4592.70925488	1
1787313600	XAUUSD	M15	4592.83						4590.01016991	4591.35971239	0
1787314500	XAUUSD	M15	4584.82						4587.17666710	4589.26818975	0
1787315400	XAUUSD	M15	4573.67					4563.58000	4584.48522335	4586.87670655	0
1787316300	XAUUSD	M15	4578.03						4582.66641302	4584.77155978	0
1787317200	XAUUSD	M15	4584.71						4581.90203143	4583.33679560	0
1787318100	XAUUSD	M15	4584.13						4582.07629847	4582.70654704	0
1787319000	XAUUSD	M15	4587.54						4583.12361983	4582.91508343	1
1787319900	XAUUSD	M15	4581.04						4584.79670631	4583.85589487	0
1787320800	XAUUSD	M15	4589.57						4587.11710094	4585.48649791	0
1787321700	XAUUSD	M15	4603.14						4589.74286619	4587.61468205	0
1787322600	XAUUSD	M15	4582.40						4592.31259028	4589.96363616	0
1787323500	XAUUSD	M15	4591.56						4595.46230578	4592.71297097	0
1787324400	XAUUSD	M15	4595.16						4599.03450042	4595.87373570	0
1787325300	XAUUSD	M15	4602.90						4602.99467201	4599.43420385	0
1787326200	XAUUSD	M15	4609.52						4607.09838724	4603.26629555	0
1787327100	XAUUSD	M15	4614.54						4611.08823730	4607.17726642	0
1787328000	XAUUSD	M15	4614.50						4614.77089239	4610.97407940	0
1787328900	XAUUSD	M15	4614.05						4618.01671943	4614.49539941	0
1787329800	XAUUSD	M15	4621.57						4620.69270834	4617.59405388	0
1787330700	XAUUSD	M15	4628.85						4622.50733831	4620.05069609	0
1787331600	XAUUSD	M15	4623.34				4631.98000		4623.36007667	4621.70538638	0
1787332500	XAUUSD	M15	4622.16						4623.55799173	4622.63168905	0
1787333400	XAUUSD	M15	4619.52						4623.35426502	4622.99297704	0
1787334300	XAUUSD	M15	4620.54						4623.05002179	4623.02149941	0
1787335200	XAUUSD	M15	4624.13						4622.78846955	4622.90498448	1
1787336100	XAUUSD	M15	4625.17						4622.58570600	4622.74534524	0
1787337000	XAUUSD	M15	4620.88						4622.37539766	4622.56037145	0
1787337900	XAUUSD	M15	4624.34						4622.13422966	4622.34730055	0
1787338800	XAUUSD	M15	4622.74						4621.52428652	4621.93579354	0
1787339700	XAUUSD	M15	4618.10						4620.39387145	4621.16483249	0
1787340600	XAUUSD	M15	4618.06						4618.76675336	4619.96579293	0
1787341500	XAUUSD	M15	4616.92						4616.68554554	4618.32566923	0
1787342400	XAUUSD	M15	4616.85						4614.35557237	4616.34062080	0
1787343300	XAUUSD	M15	4610.87						4612.06635822	4614.20348951	0
1787344200	XAUUSD	M15	4607.97						4610.25870129	4612.23109540	0
1787345100	XAUUSD	M15	4603.89						4609.21658538	4610.72384039	0
1787522400	XAUUSD	M15	4617.50						4609.15673945	4609.94028992	0
1787523300	XAUUSD	M15	4614.29						4609.65433042	4609.79731017	0
1787524200	XAUUSD	M15	4611.00						4610.62598254	4610.21164636	1
1787525100	XAUUSD	M15	4606.20						4611.90116206	4611.05640421	0
1787526000	XAUUSD	M15	4607.53						4613.35266655	4612.20453538	0
1787526900	XAUUSD	M15	4615.15						4614.74665824	4613.47559681	0
1787527800	XAUUSD	M15	4608.37						4615.68441556	4614.58000619	0
1787528700	XAUUSD	M15	4624.17						4616.30519466	4615.44260042	0
1787529600	XAUUSD	M15	4637.28						4616.31244869	4615.87752456	0
1787530500	XAUUSD	M15	4604.95					4594.67000	4615.69850138	4615.78801297	1
1787531400	XAUUSD	M15	4607.16						4615.80469029	4615.79635163	1
1787532300	XAUUSD	M15	4621.65						4617.05401022	4616.42518092	0
1787533200	XAUUSD	M15	4622.13						4619.37531458	4617.90024775	0
1787534100	XAUUSD	M15	4614.73						4622.80326218	4620.35175497	0
1787535000	XAUUSD	M15	4618.37						4627.39659521	4623.87417509	0
1787535900	XAUUSD	M15	4632.11						4632.68986592	4628.28202050	0
1787536800	XAUUSD	M15	4650.28						4637.80937505	4633.04569778	0
1787537700	XAUUSD	M15	4655.38						4641.76540639	4637.40555208	0
1787538600	XAUUSD	M15	4637.58						4644.09836127	4640.75195668	0
1787539500	XAUUSD	M15	4643.66						4645.21560741	4642.98378204	0
1787540400	XAUUSD	M15	4637.15						4645.10521489	4644.04449847	0
1787541300	XAUUSD	M15	4643.82						4644.21962548	4644.13206198	0
1787542200	XAUUSD	M15	4642.94						4642.71057631	4643.42131914	1
1787543100	XAUUSD	M15	4641.66						4640.95600650	4642.18866282	0
1787544000	XAUUSD	M15	4638.64						4639.31472678	4640.75169480	0
1787544900	XAUUSD	M15	4640.62						4638.10756799	4639.42963140	0
1787545800	XAUUSD	M15	4638.18						4637.46459352	4638.44711246	0
1787546700	XAUUSD	M15	4638.97						4637.53169403	4637.98940324	0
1787547600	XAUUSD	M15	4643.54						4638.26916956	4638.12928640	1
1787548500	XAUUSD	M15	4636.12						4639.45411067	4638.79169854	0
1787549400	XAUUSD	M15	4633.57						4641.09487261	4639.94328557	0
1787550300	XAUUSD	M15	4640.67						4642.95505457	4641.44917007	0
1787551200	XAUUSD	M15	4652.19						4644.58236522	4643.01576765	0
1787552100	XAUUSD	M15	4642.63				4659.72000		4645.47220083	4644.24398424	0
1787553000	XAUUSD	M15	4642.82						4645.74874335	4644.99636379	0
1787553900	XAUUSD	M15	4649.95						4645.37386538	4645.18511459	0
1787554800	XAUUSD	M15	4648.14						4644.20325871	4644.69418665	1
1787555700	XAUUSD	M15	4642.73						4642.48384004	4643.58901335	0
1787556600	XAUUSD	M15	4634.85						4640.60275085	4642.09588210	0
1787557500	XAUUSD	M15	4641.51						4639.01927086	4640.55757648	0
1787558400	XAUUSD	M15	4637.63						4637.84645278	4639.20201463	0
1787559300	XAUUSD	M15	4629.65						4637.35446952	4638.27824207	0
1787560200	XAUUSD	M15	4645.24					4628.93000	4637.74748870	4638.01286539	0
1787561100	XAUUSD	M15	4638.13						4638.45944724	4638.23615631	1
1787562000	XAUUSD	M15	4641.88						4639.50382373	4638.86999002	0
1787562900	XAUUSD	M15	4635.87						4640.58657391	4639.72828197	0
1787563800	XAUUSD	M15	4639.21						4641.71390680	4640.72109438	0
1787564700	XAUUSD	M15	4645.83						4642.65773862	4641.68941650	0
1787565600	XAUUSD	M15	4648.11						4643.27597010	4642.48269330	0
1787566500	XAUUSD	M15	4643.23						4643.69538431	4643.08903881	0
1787567400	XAUUSD	M15	4644.17						4644.29086502	4643.68995191	0
1787568300	XAUUSD	M15	4643.31						4645.32008893	4644.50502042	0
1787569200	XAUUSD	M15	4642.16						4646.97320314	4645.73911178	0
1787570100	XAUUSD	M15	4646.32						4649.36669276	4647.55290227	0
1787571000	XAUUSD	M15	4658.83						4652.32071858	4649.93681042	0
1787571900	XAUUSD	M15	4657.93						4655.34257388	4652.63969215	0
1787572800	XAUUSD	M15	4657.26						4658.25954081	4655.44961648	0
1787573700	XAUUSD	M15	4661.74						4660.93413314	4658.19187481	0
1787574600	XAUUSD	M15	4657.41						4663.16696068	4660.67941775	0
1787575500	XAUUSD	M15	4662.86						4665.06441337	4662.87191556	0
1787576400	XAUUSD	M15	4677.27						4666.55598749	4664.71395153	0
1787577300	XAUUSD	M15	4672.27						4667.38104833	4666.04749993	0
1787578200	XAUUSD	M15	4658.95				4680.85000		4667.82764381	4666.93757187	0
1787579100	XAUUSD	M15	4664.69						4668.38311824	4667.66034506	0
1787580000	XAUUSD	M15	4665.66						4668.99427412	4668.32730959	0
1787580900	XAUUSD	M15	4671.60						4669.59170981	4668.95950970	0
1787581800	XAUUSD	M15	4672.03						4669.86215244	4669.41083107	0
1787582700	XAUUSD	M15	4670.31						4669.62847743	4669.51965425	0
1787583600	XAUUSD	M15	4672.82						4668.81161540	4669.16563482	1
1787584500	XAUUSD	M15	4675.87						4667.25785916	4668.21174699	0
1787585400	XAUUSD	M15	4660.86						4664.85635429	4666.53405064	0
1787586300	XAUUSD	M15	4649.27						4662.05251999	4664.29328531	0
1787587200	XAUUSD	M15	4657.31						4659.23993199	4661.76660865	0
1787588100	XAUUSD	M15	4658.82						4656.14738397	4658.95699631	0
1787589000	XAUUSD	M15	4659.78						4652.73983314	4655.84841473	0
1787589900	XAUUSD	M15	4645.02						4649.00868882	4652.42855177	0
1787590800	XAUUSD	M15	4651.74						4645.44140876	4648.93498027	0
1787591700	XAUUSD	M15	4638.53						4641.95802088	4645.44650057	0
1787592600	XAUUSD	M15	4638.66						4639.05883781	4642.25266919	0
1787593500	XAUUSD	M15	4636.86						4636.89737669	4639.57502294	0
1787594400	XAUUSD	M15	4632.03					4625.26000	4635.60770186	4637.59136240	0
1787595300	XAUUSD	M15	4640.31						4635.41634762	4636.50385501	0
1787596200	XAUUSD	M15	4634.95						4636.08375795	4636.29380648	0
1787597100	XAUUSD	M15	4636.55						4637.65006866	4636.97193757	1
1787598000	XAUUSD	M15	4636.33						4639.89019188	4638.43106473	0
1787598900	XAUUSD	M15	4641.44						4642.57020103	4640.50063288	0
1787599800	XAUUSD	M15	4650.01						4645.31526939	4642.90795113	0
1787600700	XAUUSD	M15	4651.74						4647.69991396	4645.30393255	0
1787601600	XAUUSD	M15	4650.39						4649.60588496	4647.45490875	0
1787602500	XAUUSD	M15	4649.24						4651.14556371	4649.30023623	0
1787603400	XAUUSD	M15	4647.76						4652.51811809	4650.90917716	0
1787604300	XAUUSD	M15	4651.30						4653.97365356	4652.44141536	0
1787608800	XAUUSD	M15	4658.78						4655.72398766	4654.08270151	0
1787609700	XAUUSD	M15	4657.83						4657.93008858	4656.00639504	0
1787610600	XAUUSD	M15	4661.57						4660.87383175	4658.44011340	0
1787611500	XAUUSD	M15	4667.79						4664.60742351	4661.52376846	0
1787612400	XAUUSD	M15	4672.12						4668.96513983	4665.24445414	0
1787613300	XAUUSD	M15	4669.22						4673.68432391	4669.46438903	0
1787614200	XAUUSD	M15	4676.43						4678.54788569	4674.00613736	0
1787615100	XAUUSD	M15	4679.89						4682.89632614	4678.45123175	0
1787616000	XAUUSD	M15	4690.46						4686.11398000	4682.28260587	0
1787616900	XAUUSD	M15	4682.28						4687.46277844	4684.87269216	0
1787617800	XAUUSD	M15	4693.41				4696.53000		4686.87721409	4685.87495312	0
1787618700	XAUUSD	M15	4684.21						4683.92810255	4684.90152784	1
1787619600	XAUUSD	M15	4678.36						4678.96175152	4681.93163968	0
1787620500	XAUUSD	M15	4669.64						4672.46724196	4677.19944082	0
1787621400	XAUUSD	M15	4670.72						4665.17394903	4671.18669492	0
1787622300	XAUUSD	M15	4658.07						4657.54499729	4664.36584611	0
1787623200	XAUUSD	M15	4641.96						4650.40721444	4657.38653027	0
1787624100	XAUUSD	M15	4656.55						4644.48213110	4650.93433069	0
1787625000	XAUUSD	M15	4631.50						4639.50035118	4645.21734093	0
1787625900	XAUUSD	M15	4629.55					4618.34000	4636.07578171	4640.64656132	0
1787626800	XAUUSD	M15	4633.67						4634.01024975	4637.32840553	0
1787627700	XAUUSD	M15	4637.85						4632.84428773	4635.08634663	0
1787628600	XAUUSD	M15	4634.46						4632.12409019	4633.60521841	0
1787629500	XAUUSD	M15	4633.72						4631.71846156	4632.66183999	0
1787630400	XAUUSD	M15	4637.16						4631.58380596	4632.12282298	0
1787631300	XAUUSD	M15	4630.78						4631.70332961	4631.91307629	0
1787632200	XAUUSD	M15	4625.98						4632.41754134	4632.16530882	1
1787633100	XAUUSD	M15	4625.94						4634.01181064	4633.08855973	0
1787634000	XAUUSD	M15	4637.91						4636.49823355	4634.79339664	0
1787634900	XAUUSD	M15	4646.47						4639.37876442	4637.08608053	0
1787635800	XAUUSD	M15	4639.11						4642.10350073	4639.59479063	0
1787636700	XAUUSD	M15	4643.04						4644.51677457	4642.05578260	0
1787637600	XAUUSD	M15	4649.55						4646.16599488	4644.11088874	0
1787638500	XAUUSD	M15	4650.02						4646.57211367	4645.34150120	0
1787639400	XAUUSD	M15	4648.10						4645.59298062	4645.46724091	0
1787640300	XAUUSD	M15	4638.24						4643.38039611	4644.42381851	1
1787641200	XAUUSD	M15	4639.60						4640.51810706	4642.47096279	0
1787642100	XAUUSD	M15	4634.54						4637.35278542	4639.91187410	0
1787643000	XAUUSD	M15	4639.22						4634.44233169	4637.17710290	0
1787643900	XAUUSD	M15	4630.16						4631.98574684	4634.58142487	0
1787644800	XAUUSD	M15	4626.50					4620.12000	4630.42298522	4632.50220504	0
1787645700	XAUUSD	M15	4633.12						4629.81398016	4631.15809260	0
1787646600	XAUUSD	M15	4632.13						4629.86214036	4630.51011648	0
1787647500	XAUUSD	M15	4630.31						4630.38682576	4630.44847112	0
1787648400	XAUUSD	M15	4630.59						4631.21078264	4630.82962688	1
1787649300	XAUUSD	M15	4626.31						4632.11814438	4631.47388563	0
1787650200	XAUUSD	M15	4637.06						4633.14175795	4632.30782179	0
1787651100	XAUUSD	M15	4636.33						4634.04080763	4633.17431471	0
1787652000	XAUUSD	M15	4635.45						4634.91541654	4634.04486562	0
1787652900	XAUUSD	M15	4633.72						4635.98987708	4635.01737135	0
1787653800	XAUUSD	M15	4637.59						4637.43777336	4636.22757236	0
1787654700	XAUUSD	M15	4639.46						4639.15761212	4637.69259224	0
1787655600	XAUUSD	M15	4642.83						4640.93486865	4639.31373044	0
1787656500	XAUUSD	M15	4641.53						4642.39304176	4640.85338610	0
1787657400	XAUUSD	M15	4640.57						4643.18146135	4642.01742372	0
1787658300	XAUUSD	M15	4642.37						4642.92498774	4642.47120573	0
1787659200	XAUUSD	M15	4639.28						4641.30634976	4641.88877775	1
1787660100	XAUUSD	M15	4637.38						4638.32182410	4640.10530092	0
1787661000	XAUUSD	M15	4638.41						4634.16508583	4637.13519338	0
1787661900	XAUUSD	M15	4640.77						4629.19633227	4633.16576282	0
1787662800	XAUUSD	M15	4623.31						4623.97973090	4628.57274686	0
1787663700	XAUUSD	M15	4609.59						4619.75289302	4624.16281994	0
1787664600	XAUUSD	M15	4612.82						4617.54937170	4620.85609582	0
1787665500	XAUUSD	M15	4616.50					4605.22000	4617.65021065	4619.25315324	0
1787666400	XAUUSD	M15	4622.76						4619.99341287	4619.62328305	1
1787667300	XAUUSD	M15	4623.72						4624.12521328	4621.87424817	0
1787668200	XAUUSD	M15	4637.27						4629.50295156	4625.68859987	0
1787669100	XAUUSD	M15	4635.54						4635.10505343	4630.39682665	0
1787670000	XAUUSD	M15	4633.24						4640.33055054	4635.36368859	0
1787670900	XAUUSD	M15	4639.83						4644.66471707	4640.01420283	0
1787671800	XAUUSD	M15	4656.11						4647.54351732	4643.77886008	0
1787672700	XAUUSD	M15	4652.66						4648.40056780	4646.08971394	0
1787673600	XAUUSD	M15	4644.79						4647.50320535	4646.79645965	0
1787674500	XAUUSD	M15	4640.66						4645.54034104	4646.16840034	1
1787675400	XAUUSD	M15	4643.96						4643.23670218	4644.70255126	0
1787676300	XAUUSD	M15	4643.28						4641.12529242	4642.91392184	0
1787677200	XAUUSD	M15	4637.85						4639.78366023	4641.34879103	0
1787678100	XAUUSD	M15	4637.09						4639.70589267	4640.52734185	0
1787679000	XAUUSD	M15	4642.90						4641.02599827	4640.77667006	1
1787679900	XAUUSD	M15	4648.39						4643.49029615	4642.13348311	0
1787680800	XAUUSD	M15	4647.15						4646.69767065	4644.41557688	0
1787681700	XAUUSD	M15	4649.95						4650.31418454	4647.36488071	0
1787682600	XAUUSD	M15	4649.33						4653.92097809	4650.64292940	0
1787683500	XAUUSD	M15	4654.55						4657.22956470	4653.93624705	0
1787684400	XAUUSD	M15	4662.11						4659.87333231	4656.90478968	0
1787685300	XAUUSD	M15	4660.93						4661.58176226	4659.24327597	0
1787686200	XAUUSD	M15	4662.15						4662.48084095	4660.86205846	0
1787687100	XAUUSD	M15	4666.93						4662.78989475	4661.82597661	0
1787688000	XAUUSD	M15	4666.01						4662.73015253	4662.27806457	0
1787688900	XAUUSD	M15	4662.49						4662.69686605	4662.48746531	0
1787689800	XAUUSD	M15	4661.49						4663.07618375	4662.78182453	0
1787690700	XAUUSD	M15	4658.74						4664.04843512	4663.41512983	0
1787695200	XAUUSD	M15	4664.52						4665.60155805	4664.50834394	0
1787696100	XAUUSD	M15	4666.76						4667.22544444	4665.86689419	0
1787697000	XAUUSD	M15	4669.96						4668.32723159	4667.09706289	0
1787697900	XAUUSD	M15	4672.46				4673.68000		4668.27840699	4667.68773494	0
1787698800	XAUUSD	M15	4668.05						4666.63999780	4667.16386637	1
1787699700	XAUUSD	M15	4661.07						4663.36604346	4665.26495491	0
1787700600	XAUUSD	M15	4656.17						4658.83350531	4662.04923011	0
1787701500	XAUUSD	M15	4654.92						4653.64158713	4657.84540862	0
1787702400	XAUUSD	M15	4651.38						4648.46753318	4653.15647090	0
1787703300	XAUUSD	M15	4646.71						4644.07313704	4648.61480397	0
1787704200	XAUUSD	M15	4637.07						4641.21010288	4644.91245342	0
1787705100	XAUUSD	M15	4637.66						4640.53813552	4642.72529447	0
1787706000	XAUUSD	M15	4644.32					4629.80000	4642.06882858	4642.39706153	0
1787706900	XAUUSD	M15	4643.60						4645.27159184	4643.83432668	1
1787707800	XAUUSD	M15	4644.78						4649.52893915	4646.68163292	0
1787708700	XAUUSD	M15	4656.96						4654.01810076	4650.34986684	0
1787709600	XAUUSD	M15	4660.18						4657.61850682	4653.98418683	0
1787710500	XAUUSD	M15	4658.99						4659.60002864	4656.79210774	0
1787711400	XAUUSD	M15	4667.23						4659.68675838	4658.23943306	0
1787712300	XAUUSD	M15	4658.35						4657.75482442	4657.99712874	1
1787713200	XAUUSD	M15	4648.26						4654.47010312	4656.23361593	0
1787714100	XAUUSD	M15	4650.42						4650.70948954	4653.47155274	0
1787715000	XAUUSD	M15	4645.25						4647.03571261	4650.25363267	0
1787715900	XAUUSD	M15	4642.72						4644.05887074	4647.15625171	0
1787716800	XAUUSD	M15	4642.54						4642.09048787	4644.62336979	0
1787717700	XAUUSD	M15	4642.27						4641.11118308	4642.86727643	0
1787718600	XAUUSD	M15	4640.86						4640.85655739	4641.86191691	0
1787719500	XAUUSD	M15	4640.70						4640.97942807	4641.42067249	0
1787720400	XAUUSD	M15	4643.42						4641.07764833	4641.24916041	0
1787721300	XAUUSD	M15	4643.37						4640.77137824	4641.01026933	0
1787722200	XAUUSD	M15	4638.12						4639.90631681	4640.45829307	0
1787723100	XAUUSD	M15	4639.80						4638.60210677	4639.53019992	0
1787724000	XAUUSD	M15	4637.59						4636.92249571	4638.22634781	0
1787724900	XAUUSD	M15	4626.65						4635.10204879	4636.66419830	0
1787725800	XAUUSD	M15	4633.43						4633.61784108	4635.14101969	0
1787726700	XAUUSD	M15	4634.38						4632.45971776	4633.80036873	0
1787727600	XAUUSD	M15	4636.38						4631.65432823	4632.72734848	0
1787728500	XAUUSD	M15	4631.33						4631.07591309	4631.90163078	0
1787729400	XAUUSD	M15	4631.87						4630.73303509	4631.31733294	0
1787730300	XAUUSD	M15	4629.04						4630.40803814	4630.86268554	0
1787731200	XAUUSD	M15	4625.82						4629.91916567	4630.39092560	0
1787732100	XAUUSD	M15	4629.57						4629.14264128	4629.76678344	0
1787733000	XAUUSD	M15	4629.43						4627.87990839	4628.82334592	0
1787733900	XAUUSD	M15	4628.29						4626.13126659	4627.47730625	0
1787734800	XAUUSD	M15	4624.82						4624.09110287	4625.78420456	0
1787735700	XAUUSD	M15	4616.81						4622.09734897	4623.94077677	0
1787736600	XAUUSD	M15	4622.01						4620.56499932	4622.25288804	0
1787737500	XAUUSD	M15	4623.20						4619.49737211	4620.87513008	0
1787738400	XAUUSD	M15	4619.01						4618.92166494	4619.89839751	0
1787739300	XAUUSD	M15	4615.06						4618.90730540	4619.40285146	0
1787740200	XAUUSD	M15	4622.20						4619.45687093	4619.42986119	1
1787741100	XAUUSD	M15	4620.28						4620.21172273	4619.82079196	0
1787742000	XAUUSD	M15	4618.46						4621.02779495	4620.42429345	0
1787742900	XAUUSD	M15	4620.59						4621.77659239	4621.10044292	0
1787743800	XAUUSD	M15	4619.12						4622.27284434	4621.68664363	0
1787744700	XAUUSD	M15	4624.52						4622.47996111	4622.08330237	0
1787745600	XAUUSD	M15	4625.85						4622.25494902	4622.16912569	0
1787746500	XAUUSD	M15	4630.21						4621.66806244	4621.91859407	1
1787747400	XAUUSD	M15	4622.49						4620.77673270	4621.34766339	0
1787748300	XAUUSD	M15	4614.64						4619.97149764	4620.65958051	0
1787749200	XAUUSD	M15	4611.11						4619.56108610	4620.11033330	0
1787750100	XAUUSD	M15	4611.30						4619.57412111	4619.84222721	0
1787751000	XAUUSD	M15	4619.59						4619.72958327	4619.78590524	0
1787751900	XAUUSD	M15	4631.52						4619.40950691	4619.59770607	0
1787752800	XAUUSD	M15	4620.38				4633.31000		4617.95174080	4618.77472344	0
1787753700	XAUUSD	M15	4616.66						4615.46102093	4617.11787218	0
1787754600	XAUUSD	M15	4621.95						4612.05919283	4614.58853251	0
1787755500	XAUUSD	M15	4602.92						4607.80239139	4611.19546195	0
1787756400	XAUUSD	M15	4588.91						4603.55031001	4607.37288598	0
1787757300	XAUUSD	M15	4594.71					4582.97000	4600.01911017	4603.69599808	0
1787758200	XAUUSD	M15	4604.77						4597.27698270	4600.48649039	0
1787759100	XAUUSD	M15	4596.13						4595.15339930	4597.81994485	0
1787760000	XAUUSD	M15	4600.30						4593.85338114	4595.83666300	0
1787760900	XAUUSD	M15	4594.79						4593.19962735	4594.51814517	0
1787761800	XAUUSD	M15	4588.26						4593.20205281	4593.86009899	0
1787762700	XAUUSD	M15	4591.58						4593.83568901	4593.84789400	0
1787763600	XAUUSD	M15	4594.80						4594.84474136	4594.34631768	1
1787764500	XAUUSD	M15	4597.80						4595.92491709	4595.13561738	0
1787765400	XAUUSD	M15	4597.17						4596.80667675	4595.97114707	0
1787766300	XAUUSD	M15	4597.76						4597.42300815	4596.69707761	0
1787767200	XAUUSD	M15	4600.16						4597.74035561	4597.21871661	0
1787768100	XAUUSD	M15	4594.83						4597.67427987	4597.44649824	0
1787769000	XAUUSD	M15	4596.77						4597.35419328	4597.40034576	1
1787769900	XAUUSD	M15	4593.84						4596.71472957	4597.05753766	0
1787770800	XAUUSD	M15	4594.47						4595.83707888	4596.44730827	0
1787771700	XAUUSD	M15	4598.53						4594.77453032	4595.61091930	0
1787772600	XAUUSD	M15	4595.77						4593.55647733	4594.58369831	0
1787773500	XAUUSD	M15	4594.30						4592.50568065	4593.54468948	0
1787774400	XAUUSD	M15	4591.59						4592.00145071	4592.77307010	0
1787775300	XAUUSD	M15	4591.26					4584.20000	4592.48463436	4592.62885223	0
1787776200	XAUUSD	M15	4591.94						4594.24264066	4593.43574645	1
1787777100	XAUUSD	M15	4594.62						4597.34329777	4595.38952211	0
1787781600	XAUUSD	M15	4602.44						4601.56822871	4598.47887541	0
1787782500	XAUUSD	M15	4611.24						4606.34033553	4602.40960547	0
1787783400	XAUUSD	M15	4610.94						4610.89788519	4606.65374533	0
1787784300	XAUUSD	M15	4609.43						4614.78111850	4610.71743192	0
1787785200	XAUUSD	M15	4615.53						4617.65360827	4614.18552009	0
1787786100	XAUUSD	M15	4620.18						4619.16044632	4616.67298320	0
1787787000	XAUUSD	M15	4622.68						4619.28890433	4617.98094377	0
1787787900	XAUUSD	M15	4623.61						4618.31729334	4618.14911855	0
1787788800	XAUUSD	M15	4618.01						4616.75165830	4617.45038843	1
1787789700	XAUUSD	M15	4619.01						4615.35758178	4616.40398510	0
1787790600	XAUUSD	M15	4606.09						4614.72079309	4615.56238910	0
1787791500	XAUUSD	M15	4605.26						4615.59474180	4615.57856545	1
1787792400	XAUUSD	M15	4624.58						4618.13022629	4616.85439587	0
1787793300	XAUUSD	M15	4618.50						4621.61997616	4619.23718602	0
1787794200	XAUUSD	M15	4623.88						4625.76660313	4622.50189458	0
1787795100	XAUUSD	M15	4640.03						4629.86279063	4626.18234260	0
1787796000	XAUUSD	M15	4640.49				4642.96000		4632.94208839	4629.56221550	0
1787796900	XAUUSD	M15	4632.97						4634.68273789	4632.12247669	0
1787797800	XAUUSD	M15	4627.41						4635.18903231	4633.65575450	0
1787798700	XAUUSD	M15	4629.73						4634.69605878	4634.17590664	0
1787799600	XAUUSD	M15	4634.20						4633.36486474	4633.77038569	1
1787800500	XAUUSD	M15	4635.20						4631.33196288	4632.55117429	0
1787801400	XAUUSD	M15	4629.29						4628.85444861	4630.70281145	0
1787802300	XAUUSD	M15	4625.56						4626.33614381	4628.51947763	0
1787803200	XAUUSD	M15	4625.45						4624.01976435	4626.26962099	0
1787804100	XAUUSD	M15	4620.75						4621.93182987	4624.10072543	0
1787805000	XAUUSD	M15	4619.17						4620.10456196	4622.10264370	0
1787805900	XAUUSD	M15	4618.77						4618.40994355	4620.25629362	0
1787806800	XAUUSD	M15	4620.23						4616.63285525	4618.44457443	0
1787807700	XAUUSD	M15	4617.28						4614.56448711	4616.50453077	0
1787808600	XAUUSD	M15	4605.43						4612.19491955	4614.34972516	0
1787809500	XAUUSD	M15	4607.06						4609.84600262	4612.09786389	0
1787810400	XAUUSD	M15	4606.10						4607.54306201	4609.82046295	0
1787811300	XAUUSD	M15	4610.39						4605.46769327	4607.64407811	0
1787812200	XAUUSD	M15	4607.68						4603.65899012	4605.65153412	0
1787813100	XAUUSD	M15	4600.20						4602.28096820	4603.96625116	0
1787814000	XAUUSD	M15	4603.82						4601.53575073	4602.75100094	0
1787814900	XAUUSD	M15	4599.44						4601.21813555	4601.98456825	0
1787815800	XAUUSD	M15	4597.72						4601.26749354	4601.62603089	0
1787816700	XAUUSD	M15	4600.15						4601.46051756	4601.54327422	0
1787817600	XAUUSD	M15	4603.29						4601.39523387	4601.46925405	0
1787818500	XAUUSD	M15	4601.02						4600.68044352	4601.07484879	0
1787819400	XAUUSD	M15	4596.27						4599.14653655	4600.11069267	0
1787820300	XAUUSD	M15	4599.05						4596.82796204	4598.46932736	0
1787821200	XAUUSD	M15	4596.08						4593.76446331	4596.11689533	0
1787822100	XAUUSD	M15	4597.49						4590.31154656	4593.21422094	0
1787823000	XAUUSD	M15	4582.44						4586.83347930	4590.02385012	0
1787823900	XAUUSD	M15	4580.44						4584.23548405	4587.12966709	0
1787824800	XAUUSD	M15	4581.72						4582.99396315	4585.06181512	0
1787825700	XAUUSD	M15	4580.32						4583.28769812	4584.17475662	0
1787826600	XAUUSD	M15	4585.60						4585.09100805	4584.63288233	1
1787827500	XAUUSD	M15	4590.05						4587.92008782	4586.27648508	0
1787828400	XAUUSD	M15	4592.58						4591.13499999	4588.70574253	0
1787829300	XAUUSD	M15	4594.46						4594.08001589	4591.39287921	0
1787830200	XAUUSD	M15	4597.90						4596.16418079	4593.77853000	0
1787831100	XAUUSD	M15	4598.30						4596.90795137	4595.34324068	0
1787832000	XAUUSD	M15	4592.79						4596.17327292	4595.75825680	0
1787832900	XAUUSD	M15	4595.60						4594.17865844	4594.96845762	1
1787833800	XAUUSD	M15	4587.70						4591.11969450	4593.04407606	0
1787834700	XAUUSD	M15	4586.07						4587.61748101	4590.33077853	0
1787835600	XAUUSD	M15	4585.37						4584.18134695	4587.25606274	0
1787836500	XAUUSD	M15	4589.53						4581.29341006	4584.27473640	0
1787837400	XAUUSD	M15	4578.54						4579.21761418	4581.74617529	0
1787838300	XAUUSD	M15	4572.50					4565.69000	4578.51027946	4580.12822737	0
1787839200	XAUUSD	M15	4573.64						4579.42686832	4579.77754785	0
1787840100	XAUUSD	M15	4581.41						4581.86482047	4580.82118416	1
1787841000	XAUUSD	M15	4595.24						4585.40331599	4583.11225008	0
1787841900	XAUUSD	M15	4591.34						4589.39363018	4586.25294013	0
1787842800	XAUUSD	M15	4592.52						4593.67663241	4589.96478627	0
1787843700	XAUUSD	M15	4592.95						4597.98879537	4593.97679082	0
1787844600	XAUUSD	M15	4601.12						4602.11149402	4598.04414242	0
1787845500	XAUUSD	M15	4610.34						4605.63018975	4601.83716609	0
1787846400	XAUUSD	M15	4604.51						4608.20306315	4605.02011462	0
1787847300	XAUUSD	M15	4607.73						4609.97434556	4607.49723009	0
1787848200	XAUUSD	M15	4611.48						4610.90166975	4609.19944992	0
1787849100	XAUUSD	M15	4614.92						4610.99359336	4610.09652164	0
1787850000	XAUUSD	M15	4610.17						4610.36072137	4610.22862150	0
1787850900	XAUUSD	M15	4610.30	4554.88561	4648.60531	4444.33508			4609.41328647	4609.82095399	1
1787851800	XAUUSD	M15	4611.07	4554.71794	4648.43764	4444.16740			4608.41742806	4609.11919103	0
1787852700	XAUUSD	M15	4606.54	4554.55026	4648.26996	4443.99972			4607.54997592	4608.33458347	0
1787853600	XAUUSD	M15	4605.62	4554.38258	4648.10228	4443.83205			4607.06635304	4607.70046826	0
1787854500	XAUUSD	M15	4601.73	4554.21490	4647.93461	4443.66437			4607.01043712	4607.35545269	0
1787855400	XAUUSD	M15	4604.43	4554.04723	4647.76693	4443.49669			4607.39784430	4607.37664850	1
1787856300	XAUUSD	M15	4610.28	4553.87955	4647.59925	4443.32902			4607.98632473	4607.68148661	0
1787857200	XAUUSD	M15	4615.51	4553.71187	4647.43158	4443.16134	4617.97000		4608.40634444	4608.04391553	0
1787858100	XAUUSD	M15	4605.89	4553.54420	4647.26390	4442.99366			4608.36702280	4608.20546916	0
1787859000	XAUUSD	M15	4609.88	4553.37652	4647.09622	4442.82599			4608.06666318	4608.13606617	1
1787859900	XAUUSD	M15	4609.34	4553.20884	4646.92855	4442.65831			4607.44092948	4607.78849782	0
1787860800	XAUUSD	M15	4604.92	4553.04117	4646.76087	4442.49063			4606.59683337	4607.19266560	0
1787861700	XAUUSD	M15	4603.74	4552.87349	4646.59319	4442.32295			4605.82588021	4606.50927290	0
1787862600	XAUUSD	M15	4603.87	4552.70581	4646.42551	4442.15528			4605.28601547	4605.89764419	0
1787863500	XAUUSD	M15	4601.92	4552.53814	4646.25784	4441.98760			4605.04693234	4605.47228826	0
1787868000	XAUUSD	M15	4604.80	4552.37046	4646.09016	4441.81992			4605.11779359	4605.29504092	0
1787868900	XAUUSD	M15	4607.61	4552.20278	4645.92248	4441.65225			4605.34399616	4605.31951854	1
1787869800	XAUUSD	M15	4607.91	4552.03510	4645.75481	4441.48457			4605.47410721	4605.39681288	0
1787870700	XAUUSD	M15	4610.74	4551.86743	4645.58713	4441.31689			4605.27728444	4605.33704866	1
1787871600	XAUUSD	M15	4603.01	4551.69975	4645.41945	4441.14922			4604.49236669	4604.91470768	0
1787872500	XAUUSD	M15	4601.09	4551.53207	4645.25178	4440.98154			4603.20256542	4604.05863655	0
1787873400	XAUUSD	M15	4599.71	4551.36440	4645.08410	4440.81386			4601.41703120	4602.73783387	0
1787874300	XAUUSD	M15	4594.62	4551.19672	4644.91642	4440.64619			4599.25702456	4600.99742922	0
1787875200	XAUUSD	M15	4600.65	4551.02904	4644.74875	4440.47851			4596.93563107	4598.96653014	0
1787876100	XAUUSD	M15	4594.06	4550.86137	4644.58107	4440.31083			4594.36309321	4596.66481168	0
1787877000	XAUUSD	M15	4591.10	4550.69369	4644.41339	4440.14315			4591.77791274	4594.22136221	0
1787877900	XAUUSD	M15	4588.78	4550.52601	4644.24571	4439.97548			4589.34568066	4591.78352143	0
1787878800	XAUUSD	M15	4593.56	4550.35834	4644.07804	4439.80780			4587.17886540	4589.48119342	0
1787879700	XAUUSD	M15	4585.53	4550.19066	4643.91036	4439.64012			4585.18821188	4587.33470265	0
1787880600	XAUUSD	M15	4582.28	4550.02298	4643.74268	4439.47245			4583.61990340	4585.47730302	0
1787881500	XAUUSD	M15	4575.90	4549.85530	4643.57501	4439.30477			4582.59797422	4584.03763862	0
1787882400	XAUUSD	M15	4581.41	4549.68763	4643.40733	4439.13709			4582.27669261	4583.15716562	0
1787883300	XAUUSD	M15	4583.44	4549.51995	4643.23965	4438.96942			4582.43166646	4582.79441604	0
1787884200	XAUUSD	M15	4585.22	4549.35227	4643.07198	4438.80174			4582.90211847	4582.84826726	1
1787885100	XAUUSD	M15	4586.41	4549.18460	4642.90430	4438.63406			4583.50378869	4583.17602797	0
1787886000	XAUUSD	M15	4584.20	4549.01692	4642.73662	4438.46639			4584.07696568	4583.62649683	0
1787886900	XAUUSD	M15	4588.01	4548.84924	4642.56895	4438.29871			4584.53059023	4584.07854353	0
1787887800	XAUUSD	M15	4581.98	4548.68157	4642.40127	4438.13103			4584.60436821	4584.34145587	0
1787888700	XAUUSD	M15	4579.95	4548.51389	4642.23359	4437.96335			4584.32032681	4584.33089134	1
1787889600	XAUUSD	M15	4579.51	4548.34621	4642.06591	4437.79568			4583.65838462	4583.99463798	0
1787890500	XAUUSD	M15	4584.76	4548.17854	4641.89824	4437.62800			4582.60040770	4583.29752284	0
1787891400	XAUUSD	M15	4579.95	4548.01086	4641.73056	4437.46032			4581.08098943	4582.18925614	0
1787892300	XAUUSD	M15	4584.31	4547.84318	4641.56288	4437.29265			4579.44884916	4580.81905265	0
1787893200	XAUUSD	M15	4579.90	4547.67550	4641.39521	4437.12497			4577.93148373	4579.37526819	0
1787894100	XAUUSD	M15	4584.08	4547.50783	4641.22753	4436.95729			4577.10777473	4578.24152146	0
1787895000	XAUUSD	M15	4572.75	4547.34015	4641.05985	4436.78962		4571.78000	4577.29876678	4577.77014412	0
1787895900	XAUUSD	M15	4573.39	4547.17247	4640.89218	4436.62194			4579.14382655	4578.45698534	1
1787896800	XAUUSD	M15	4581.86	4547.00480	4640.72450	4436.45426			4582.71375932	4580.58537233	0
1787897700	XAUUSD	M15	4584.98	4546.83712	4640.55682	4436.28659			4587.60432658	4584.09484945	0
1787898600	XAUUSD	M15	4588.22	4546.66944	4640.38915	4436.11891			4593.30501360	4588.69993153	0
1787899500	XAUUSD	M15	4612.65	4546.50177	4640.22147	4435.95123			4599.27363854	4593.98678503	0
1787900400	XAUUSD	M15	4600.76	4546.33409	4640.05379	4435.78355			4604.21331459	4599.10004981	0
1787901300	XAUUSD	M15	4607.44	4546.16641	4639.88611	4435.61588			4607.92807817	4603.51406399	0
1787902200	XAUUSD	M15	4609.17	4545.99874	4639.71844	4435.44820			4609.97656233	4606.74531316	0
1787903100	XAUUSD	M15	4611.72	4545.83106	4639.55076	4435.28052			4610.38651200	4608.56591258	0
1787904000	XAUUSD	M15	4611.72	4545.66338	4639.38308	4435.11285	4614.53000		4609.42056856	4608.99324057	0
1787904900	XAUUSD	M15	4608.92	4545.49570	4639.21541	4434.94517			4607.66391713	4608.32857885	1
1787905800	XAUUSD	M15	4603.66	4545.32803	4639.04773	4434.77749			4605.78460935	4607.05659410	0
1787906700	XAUUSD	M15	4602.95	4545.16035	4638.88005	4434.60982			4604.40154942	4605.72907176	0
1787907600	XAUUSD	M15	4601.69	4544.99267	4638.71238	4434.44214			4603.76949387	4604.74928281	0
1787908500	XAUUSD	M15	4601.85	4544.82500	4638.54470	4434.27446			4603.86119815	4604.30524048	0
1787909400	XAUUSD	M15	4604.08	4544.65732	4638.37702	4434.10679			4604.34949373	4604.32736711	1
1787910300	XAUUSD	M15	4605.21	4544.48964	4638.20935	4433.93911			4604.74732458	4604.53734584	0
1787911200	XAUUSD	M15	4608.65	4544.32197	4638.04167	4433.77143			4604.65715655	4604.59725120	0
1787912100	XAUUSD	M15	4605.41	4544.15429	4637.87399	4433.60375			4603.80665480	4604.20195300	1
1787913000	XAUUSD	M15	4602.88	4543.98661	4637.70631	4433.43608			4602.30443868	4603.25319584	0
1787913900	XAUUSD	M15	4600.18	4543.81894	4637.53864	4433.26840			4600.46811133	4601.86065358	0
1787914800	XAUUSD	M15	4598.84	4543.65126	4637.37096	4433.10072			4598.70160756	4600.28113057	0
1787915700	XAUUSD	M15	4599.00	4543.48358	4637.20328	4432.93305			4597.38140917	4598.83126987	0
1787916600	XAUUSD	M15	4594.70	4543.31590	4637.03561	4432.76537			4596.70381680	4597.76754333	0
1787917500	XAUUSD	M15	4593.45	4543.14823	4636.86793	4432.59769			4596.81830648	4597.29292491	0
1787918400	XAUUSD	M15	4594.45	4542.98055	4636.70025	4432.43002			4597.56455405	4597.42873948	1
1787919300	XAUUSD	M15	4601.41	4542.81287	4636.53258	4432.26234			4598.57081039	4597.99977494	0
1787920200	XAUUSD	M15	4591.99	4542.64520	4636.36490	4432.09466			4599.20882077	4598.60429785	0
1787921100	XAUUSD	M15	4601.74	4542.47752	4636.19722	4431.92699			4599.28885825	4598.94657805	0
1787922000	XAUUSD	M15	4598.94	4542.30984	4636.02955	4431.75931			4598.17063210	4598.55860507	1
1787922900	XAUUSD	M15	4603.93	4542.14217	4635.86187	4431.59163			4595.74203988	4597.15032248	0
1787923800	XAUUSD	M15	4604.77	4541.97449	4635.69419	4431.42395			4591.85307549	4594.50169898	0
1787924700	XAUUSD	M15	4608.55	4541.80681	4635.52651	4431.25628			4586.61557265	4590.55863582	0
1787925600	XAUUSD	M15	4545.51	4541.63914	4635.35884	4431.08860	4631.95000		4580.17775738	4585.36819660	0
1787926500	XAUUSD	M15	4552.04	4541.47146	4635.19116	4430.92092			4574.38453685	4579.87636673	0
1787927400	XAUUSD	M15	4561.28	4541.30378	4635.02348	4430.75325			4568.82033356	4574.34835014	0
1787928300	XAUUSD	M15	4576.61	4541.13610	4634.85581	4430.58557			4562.71054455	4568.52944735	0
1787929200	XAUUSD	M15	4559.45	4540.96843	4634.68813	4430.41789			4554.95091623	4561.74018179	0
1787930100	XAUUSD	M15	4566.93	4540.80075	4634.52045	4430.25022			4545.45386674	4553.59702427	0
1787931000	XAUUSD	M15	4538.71	4540.63307	4634.35278	4430.08254			4533.75744627	4543.67723527	0
1787931900	XAUUSD	M15	4524.71	4540.46540	4634.18510	4429.91486			4520.80042314	4532.23882920	0
1787932800	XAUUSD	M15	4497.85	4540.29772	4634.01742	4429.74718			4507.50671775	4519.87277348	0
1787933700	XAUUSD	M15	4481.08	4540.13004	4633.84975	4429.57951			4495.25793549	4507.56535448	0
1787934600	XAUUSD	M15	4469.05	4539.96237	4633.68207	4429.41183			4485.06267054	4496.31401251	0
1787935500	XAUUSD	M15	4479.50	4539.79469	4633.51439	4429.24415			4477.47205620	4486.89303436	0
1787936400	XAUUSD	M15	4480.71	4539.62701	4633.34671	4429.07648			4472.01350038	4479.45326737	0
1787937300	XAUUSD	M15	4477.97	4539.45934	4633.17904	4428.90880			4468.16643121	4473.80984929	0
1787938200	XAUUSD	M15	4467.41	4539.29166	4633.01136	4428.74112			4465.44106355	4469.62545642	0
1787939100	XAUUSD	M15	4469.30	4539.12398	4632.84368	4428.57345			4463.57759722	4466.60152682	0
1787940000	XAUUSD	M15	4461.15	4538.95630	4632.67601	4428.40577			4462.06380825	4464.33266753	0
1787940900	XAUUSD	M15	4456.32	4538.78863	4632.50833	4428.23809			4460.83954798	4462.58610776	0
1787941800	XAUUSD	M15	4451.32	4538.62095	4632.34065	4428.07042			4459.82994944	4461.20802860	0
1787942700	XAUUSD	M15	4457.08	4538.45327	4632.17298	4427.90274			4459.11413416	4460.16108138	0
1787943600	XAUUSD	M15	4457.10	4538.28560	4632.00530	4427.73506			4458.56828071	4459.36468104	0
1787944500	XAUUSD	M15	4462.29	4538.11792	4631.83762	4427.56738			4458.27850785	4458.82159445	0
1787945400	XAUUSD	M15	4465.06	4537.95024	4631.66995	4427.39971			4458.16474351	4458.49316898	0
1787946300	XAUUSD	M15	4458.25	4537.78257	4631.50227	4427.23203			4458.17171563	4458.33244230	0
1787947200	XAUUSD	M15	4457.82	4537.61489	4631.33459	4427.06435			4458.43267097	4458.38255664	1
1787948100	XAUUSD	M15	4457.94	4537.44721	4631.16691	4426.89668			4458.84234210	4458.61244937	0
1787949000	XAUUSD	M15	4457.37	4537.27954	4630.99924	4426.72900			4459.18579774	4458.89912355	0
1787949900	XAUUSD	M15	4456.30	4537.11186	4630.83156	4426.56132			4459.30757955	4459.10335155	0
1788127200	XAUUSD	M15	4458.84	4536.94418	4630.66388	4426.39365			4459.09362791	4459.09848973	1
1788128100	XAUUSD	M15	4459.57	4536.77650	4630.49621	4426.22597			4458.51429852	4458.80639412	0
1788129000	XAUUSD	M15	4457.71	4536.60883	4630.32853	4426.05829			4457.71580655	4458.26110034	0
1788129900	XAUUSD	M15	4461.43	4536.44115	4630.16085	4425.89062			4457.16438929	4457.71274481	0
1788130800	XAUUSD	M15	4460.69	4536.27347	4629.99318	4425.72294			4456.97926348	4457.34600415	0
1788131700	XAUUSD	M15	4457.65	4536.10580	4629.82550	4425.55526			4457.24862976	4457.29731695	0
1788132600	XAUUSD	M15	4447.50	4535.93812	4629.65782	4425.38758			4457.92011132	4457.60871414	1
1788133500	XAUUSD	M15	4458.52	4535.77044	4629.49015	4425.21991			4458.98987398	4458.29929406	0
1788134400	XAUUSD	M15	4462.00	4535.60277	4629.32247	4425.05223			4459.66144812	4458.98037109	0
1788135300	XAUUSD	M15	4456.90	4535.43509	4629.15479	4424.88455			4459.39434436	4459.18735773	0
1788136200	XAUUSD	M15	4465.16	4535.26741	4628.98711	4424.71688	4472.10000		4457.96862617	4458.57799195	1
1788137100	XAUUSD	M15	4456.14	4535.09974	4628.81944	4424.54920			4455.01331935	4456.79565565	0
1788138000	XAUUSD	M15	4443.85	4534.93206	4628.65176	4424.38152			4450.80391457	4453.79978511	0
1788138900	XAUUSD	M15	4443.94	4534.76438	4628.48408	4424.21385			4445.87598887	4449.83788699	0
1788139800	XAUUSD	M15	4450.86	4534.59670	4628.31641	4424.04617			4440.46640211	4445.15214455	0
1788140700	XAUUSD	M15	4440.27	4534.42903	4628.14873	4423.87849			4434.69546849	4439.92380652	0
1788141600	XAUUSD	M15	4424.37	4534.26135	4627.98105	4423.71082			4429.22446565	4434.57413608	0
1788142500	XAUUSD	M15	4423.12	4534.09367	4627.81338	4423.54314			4424.81932185	4429.69672897	0
1788143400	XAUUSD	M15	4403.04	4533.92600	4627.64570	4423.37546			4421.68601305	4425.69137101	0
1788144300	XAUUSD	M15	4422.93	4533.75832	4627.47802	4423.20778		4396.53000	4420.32937610	4423.01037356	0
1788145200	XAUUSD	M15	4428.10	4533.59064	4627.31035	4423.04011			4419.98529519	4421.49783438	0
1788146100	XAUUSD	M15	4427.85	4533.42297	4627.14267	4422.87243			4420.17294041	4420.83538739	0
1788147000	XAUUSD	M15	4422.81	4533.25529	4626.97499	4422.70475			4420.57900230	4420.70719485	0
1788147900	XAUUSD	M15	4422.64	4533.08761	4626.80731	4422.53708			4421.15710818	4420.93215151	1
1788148800	XAUUSD	M15	4421.17	4532.91994	4626.63964	4422.36940			4421.84306579	4421.38760865	0
1788149700	XAUUSD	M15	4415.94	4532.75226	4626.47196	4422.20172			4422.76405903	4422.07583384	0
1788150600	XAUUSD	M15	4420.19	4532.58458	4626.30428	4422.03405			4424.19565567	4423.13574475	0
1788151500	XAUUSD	M15	4424.61	4532.41690	4626.13661	4421.86637			4426.11415965	4424.62495220	0
1788152400	XAUUSD	M15	4422.64	4532.24923	4625.96893	4421.69869			4428.42957534	4426.52726377	0
1788153300	XAUUSD	M15	4440.24	4532.08155	4625.80125	4421.53102			4431.12589100	4428.82657739	0
1788154200	XAUUSD	M15	4437.68	4531.91387	4625.63358	4421.36334			4433.59890705	4431.21274222	0
1788155100	XAUUSD	M15	4442.92	4531.74620	4625.46590	4421.19566			4435.76241801	4433.48758011	0
1788156000	XAUUSD	M15	4432.07	4531.57852	4625.29822	4421.02798			4437.41572383	4435.45165197	0
1788156900	XAUUSD	M15	4435.78	4531.41084	4625.13055	4420.86031			4438.87614445	4437.16389821	0
1788157800	XAUUSD	M15	4439.51	4531.24317	4624.96287	4420.69263			4440.07630458	4438.62010139	0
1788158700	XAUUSD	M15	4439.47	4531.07549	4624.79519	4420.52495			4440.90676633	4439.76343386	0
1788159600	XAUUSD	M15	4436.16	4530.90781	4624.62751	4420.35728			4441.39834065	4440.58088725	0
1788160500	XAUUSD	M15	4444.01	4530.74013	4624.45984	4420.18960			4441.65166311	4441.11627518	0
1788161400	XAUUSD	M15	4446.52	4530.57246	4624.29216	4420.02192			4441.46869554	4441.29248536	0
1788162300	XAUUSD	M15	4443.37	4530.40478	4624.12448	4419.85425			4440.84682018	4441.06965277	1
1788163200	XAUUSD	M15	4438.89	4530.23710	4623.95681	4419.68657			4440.03109005	4440.55037141	0
1788164100	XAUUSD	M15	4440.43	4530.06943	4623.78913	4419.51889			4439.31803132	4439.93420137	0
1788165000	XAUUSD	M15	4435.48	4529.90175	4623.62145	4419.35122			4438.86430389	4439.39925263	0
1788165900	XAUUSD	M15	4435.64	4529.73407	4623.45378	4419.18354			4438.95641052	4439.17783157	0
1788166800	XAUUSD	M15	4442.90	4529.56640	4623.28610	4419.01586			4439.67160931	4439.42472044	1
1788167700	XAUUSD	M15	4439.09	4529.39872	4623.11842	4418.84818			4440.84113205	4440.13292625	0
1788168600	XAUUSD	M15	4442.98	4529.23104	4622.95074	4418.68051			4442.58941810	4441.36117217	0
1788169500	XAUUSD	M15	4445.16	4529.06337	4622.78307	4418.51283			4444.80960726	4443.08538972	0
1788170400	XAUUSD	M15	4451.55	4528.89569	4622.61539	4418.34515			4447.37333971	4445.22936471	0
1788171300	XAUUSD	M15	4448.42	4528.72801	4622.44771	4418.17748			4450.01258437	4447.62097454	0
1788172200	XAUUSD	M15	4450.93	4528.56033	4622.28004	4418.00980			4452.60305220	4450.11201337	0
1788173100	XAUUSD	M15	4453.90	4528.39266	4622.11236	4417.84212			4454.85694746	4452.48448041	0
1788174000	XAUUSD	M15	4453.69	4528.22498	4621.94468	4417.67445			4456.47254842	4454.47851442	0
1788174900	XAUUSD	M15	4463.25	4528.05730	4621.77701	4417.50677	4464.03000		4457.25741762	4455.86796602	0
1788175800	XAUUSD	M15	4454.77	4527.88963	4621.60933	4417.33909			4456.81739749	4456.34268175	0
1788176700	XAUUSD	M15	4455.42	4527.72195	4621.44165	4417.17142			4455.34951395	4455.84609785	1
1788177600	XAUUSD	M15	4457.32	4527.55427	4621.27398	4417.00374			4452.91391656	4454.38000721	0
1788178500	XAUUSD	M15	4447.62	4527.38660	4621.10630	4416.83606			4449.61151833	4451.99576277	0
1788179400	XAUUSD	M15	4440.51	4527.21892	4620.93862	4416.66838			4445.89104056	4448.94340166	0
1788180300	XAUUSD	M15	4435.85	4527.05124	4620.77094	4416.50071			4442.16729439	4445.55534803	0
1788181200	XAUUSD	M15	4445.99	4526.88357	4620.60327	4416.33303			4438.69138174	4442.12336488	0
1788182100	XAUUSD	M15	4445.62	4526.71589	4620.43559	4416.16535			4435.29788872	4438.71062680	0
1788183000	XAUUSD	M15	4433.66	4526.54821	4620.26791	4415.99768			4432.09519161	4435.40290920	0
1788183900	XAUUSD	M15	4418.48	4526.38053	4620.10024	4415.83000		4415.83000	4429.54616159	4432.47453540	0
1788184800	XAUUSD	M15	4427.64	4526.21286	4619.93256	4415.66232			4428.13541349	4430.30497445	0
1788185700	XAUUSD	M15	4420.20	4526.04518	4619.76488	4415.49465			4427.58630659	4428.94564052	0
1788186600	XAUUSD	M15	4433.00	4525.87750	4619.59721	4415.32697			4427.96716674	4428.45640363	0
1788187500	XAUUSD	M15	4431.60	4525.70983	4619.42953	4415.15929			4428.75172509	4428.60406436	1
1788188400	XAUUSD	M15	4435.25	4525.54215	4619.26185	4414.99162			4429.76398947	4429.18402692	0
1788189300	XAUUSD	M15	4433.04	4525.37447	4619.09418	4414.82394			4430.74881889	4429.96642290	0
1788190200	XAUUSD	M15	4427.40	4525.20680	4618.92650	4414.65626			4431.68271521	4430.82456906	0
1788191100	XAUUSD	M15	4426.26	4525.03912	4618.75882	4414.48858			4432.68999848	4431.75728377	0
1788192000	XAUUSD	M15	4434.81	4524.87144	4618.59114	4414.32091			4433.75289754	4432.75509065	0
1788192900	XAUUSD	M15	4438.40	4524.70377	4618.42347	4414.15323			4434.59484626	4433.67496846	0
1788193800	XAUUSD	M15	4435.75	4524.53609	4618.25579	4413.98555			4435.03795153	4434.35646000	0
1788194700	XAUUSD	M15	4433.32	4524.36841	4618.08811	4413.81788			4435.08810705	4434.72228352	0
1788195600	XAUUSD	M15	4433.91	4524.20073	4617.92044	4413.65020			4434.79793574	4434.76010963	0
1788196500	XAUUSD	M15	4430.49	4524.03306	4617.75276	4413.48252			4434.15383995	4434.45697479	1
1788197400	XAUUSD	M15	4436.51	4523.86538	4617.58508	4413.31485			4433.34059520	4433.89878500	0
1788198300	XAUUSD	M15	4436.57	4523.69770	4617.41741	4413.14717			4432.36745511	4433.13312005	0
1788199200	XAUUSD	M15	4433.72	4523.53003	4617.24973	4412.97949			4431.52209629	4432.32760817	0
1788200100	XAUUSD	M15	4429.93	4523.36235	4617.08205	4412.81182			4431.21476936	4431.77118877	0
1788201000	XAUUSD	M15	4429.22	4523.19467	4616.91438	4412.64414			4431.80921921	4431.79020399	1
1788201900	XAUUSD	M15	4430.87	4523.02700	4616.74670	4412.47646			4433.49681942	4432.64351170	0
1788202800	XAUUSD	M15	4433.73	4522.85932	4616.57902	4412.30878			4436.20402855	4434.42377013	0
1788203700	XAUUSD	M15	4440.40	4522.69164	4616.41134	4412.14111			4439.64451788	4437.03414401	0
1788204600	XAUUSD	M15	4443.04	4522.52397	4616.24367	4411.97343			4443.28032176	4440.15723288	0
1788205500	XAUUSD	M15	4453.26	4522.35629	4616.07599	4411.80575			4446.62731178	4443.39227233	0
1788206400	XAUUSD	M15	4450.05	4522.18861	4615.90831	4411.63808			4449.06427959	4446.22827596	0
1788207300	XAUUSD	M15	4447.34	4522.02093	4615.74064	4411.47040			4450.47171124	4448.34999360	0
1788208200	XAUUSD	M15	4448.23	4521.85326	4615.57296	4411.30272			4450.89157908	4449.62078634	0
1788209100	XAUUSD	M15	4449.12	4521.68558	4615.40528	4411.13505			4450.40484696	4450.01281665	0
1788213600	XAUUSD	M15	4451.82	4521.51790	4615.23761	4410.96737			4449.27296672	4449.64289168	1
1788214500	XAUUSD	M15	4449.83	4521.35023	4615.06993	4410.79969			4447.81519174	4448.72904171	0
1788215400	XAUUSD	M15	4447.93	4521.18255	4614.90225	4410.63202			4446.56723347	4447.64813759	0
1788216300	XAUUSD	M15	4447.09	4521.01487	4614.73458	4410.46434			4445.95698386	4446.80256072	0
1788217200	XAUUSD	M15	4444.13	4520.84720	4614.56690	4410.29666			4446.23593009	4446.51924540	0
1788218100	XAUUSD	M15	4443.32	4520.67952	4614.39922	4410.12898			4447.42591310	4446.97257925	1
1788219000	XAUUSD	M15	4445.60	4520.51184	4614.23154	4409.96131			4449.30515952	4448.13886938	0
1788219900	XAUUSD	M15	4452.31	4520.34417	4614.06387	4409.79363			4451.37333088	4449.75610013	0
1788220800	XAUUSD	M15	4455.24	4520.17649	4613.89619	4409.62595			4452.99018648	4451.37314331	0
1788221700	XAUUSD	M15	4460.10	4520.00881	4613.72851	4409.45828	4461.41000		4453.70991969	4452.54153150	0
1788222600	XAUUSD	M15	4453.36	4519.84113	4613.56084	4409.29060			4453.20195883	4452.87174516	0
1788223500	XAUUSD	M15	4453.60	4519.67346	4613.39316	4409.12292			4451.68939759	4452.28057138	1
1788224400	XAUUSD	M15	4446.39	4519.50578	4613.22548	4408.95525			4449.42010855	4450.85033996	0
1788225300	XAUUSD	M15	4439.82	4519.33810	4613.05781	4408.78757			4446.92077971	4448.88555983	0
1788226200	XAUUSD	M15	4445.69	4519.17043	4612.89013	4408.61989			4444.67920877	4446.78238430	0
1788227100	XAUUSD	M15	4444.42	4519.00275	4612.72245	4408.45222			4442.72791989	4444.75515210	0
1788228000	XAUUSD	M15	4445.07	4518.83507	4612.55478	4408.28454			4441.19171915	4442.97343562	0
1788228900	XAUUSD	M15	4440.60	4518.66740	4612.38710	4408.11686			4440.00895477	4441.49119520	0
1788229800	XAUUSD	M15	4431.86	4518.49972	4612.21942	4407.94918			4439.18037024	4440.33578272	0
1788230700	XAUUSD	M15	4443.09	4518.33204	4612.05174	4407.78151			4438.71082418	4439.52330345	0
1788231600	XAUUSD	M15	4439.93	4518.16437	4611.88407	4407.61383			4438.05729266	4438.79029806	0
1788232500	XAUUSD	M15	4434.07	4517.99669	4611.71639	4407.44615			4437.11651105	4437.95340455	0
1788233400	XAUUSD	M15	4438.59	4517.82901	4611.54871	4407.27848			4435.93946405	4436.94643430	0
1788234300	XAUUSD	M15	4436.70	4517.66133	4611.38104	4407.11080			4434.39414680	4435.67029055	0
1788235200	XAUUSD	M15	4431.17	4517.49366	4611.21336	4406.94312			4432.62060054	4434.14544554	0
1788236100	XAUUSD	M15	4429.68	4517.32598	4611.04568	4406.77545			4430.96711294	4432.55627924	0
1788237000	XAUUSD	M15	4427.83	4517.15830	4610.87801	4406.60777			4429.72576526	4431.14102225	0
1788237900	XAUUSD	M15	4426.69	4516.99063	4610.71033	4406.44009			4429.18075508	4430.16088867	0
1788238800	XAUUSD	M15	4429.35	4516.82295	4610.54265	4406.27242			4429.49624815	4429.82856841	0
1788239700	XAUUSD	M15	4426.69	4516.65527	4610.37498	4406.10474			4430.58179443	4430.20518142	1
1788240600	XAUUSD	M15	4442.75	4516.48760	4610.20730	4405.93706			4432.33458067	4431.26988104	0
1788241500	XAUUSD	M15	4440.15	4516.31992	4610.03962	4405.76938			4434.04020445	4432.65504275	0
1788242400	XAUUSD	M15	4432.86	4516.15224	4609.87194	4405.60171			4435.35154357	4434.00329316	0
1788243300	XAUUSD	M15	4429.02	4515.98457	4609.70427	4405.43403			4436.03096011	4435.01712663	0
1788244200	XAUUSD	M15	4434.93	4515.81689	4609.53659	4405.26635			4435.78054735	4435.39883699	0
1788245100	XAUUSD	M15	4429.64	4515.64921	4609.36891	4405.09868			4434.07183810	4434.73533755	1
1788246000	XAUUSD	M15	4433.20	4515.48153	4609.20124	4404.93100			4430.75292921	4432.74413338	0
1788246900	XAUUSD	M15	4426.20	4515.31386	4609.03356	4404.76332			4425.53059183	4429.13736261	0
1788247800	XAUUSD	M15	4418.33	4515.14618	4608.86588	4404.59565			4418.55601097	4423.84668679	0
1788248700	XAUUSD	M15	4420.21	4514.97850	4608.69821	4404.42797			4410.18764203	4417.01716441	0
1788249600	XAUUSD	M15	4405.52	4514.81083	4608.53053	4404.26029			4400.70554300	4408.86135370	0
1788250500	XAUUSD	M15	4383.03	4514.64315	4608.36285	4404.09262			4391.05886025	4399.96010698	0
1788251400	XAUUSD	M15	4375.72	4514.47547	4608.19518	4403.92494			4382.49089356	4391.22550027	0
1788252300	XAUUSD	M15	4370.94	4514.30780	4608.02750	4403.75726			4375.79235825	4383.50892926	0
1788253200	XAUUSD	M15	4376.08	4514.14012	4607.85982	4403.58958			4371.46496302	4377.48694614	0
1788254100	XAUUSD	M15	4372.95	4513.97244	4607.69214	4403.42191			4369.42604747	4373.45649680	0
1788255000	XAUUSD	M15	4371.67	4513.80477	4607.52447	4403.25423			4369.57195676	4371.51422678	0
1788255900	XAUUSD	M15	4364.91	4513.63709	4607.35679	4403.08655			4371.51797194	4371.51609936	1
1788256800	XAUUSD	M15	4378.33	4513.46941	4607.18911	4402.91888			4374.82877801	4373.17243868	0
1788257700	XAUUSD	M15	4384.98	4513.30173	4607.02144	4402.75120			4378.43657461	4375.80450664	0
1788258600	XAUUSD	M15	4381.61	4513.13406	4606.85376	4402.58352			4381.41309174	4378.60879919	0
1788259500	XAUUSD	M15	4378.18	4512.96638	4606.68608	4402.41585			4383.25436845	4380.93158382	0
1788260400	XAUUSD	M15	4377.25	4512.79870	4606.51841	4402.24817			4383.63208194	4382.28183288	0
1788261300	XAUUSD	M15	4380.61	4512.63103	4606.35073	4402.08049			4382.34660452	4382.31421870	0
1788262200	XAUUSD	M15	4384.31	4512.46335	4606.18305	4401.91282			4379.29569648	4380.80495759	1
1788263100	XAUUSD	M15	4374.77	4512.29567	4606.01538	4401.74514			4374.61725561	4377.71110660	0
1788264000	XAUUSD	M15	4370.97	4512.12800	4605.84770	4401.57746			4369.04141400	4373.37626030	0
1788264900	XAUUSD	M15	4368.53	4511.96032	4605.68002	4401.40978			4363.30083378	4368.33854704	0
1788265800	XAUUSD	M15	4364.88	4511.79264	4605.51234	4401.24211			4358.10511293	4363.22182999	0
1788266700	XAUUSD	M15	4356.39	4511.62497	4605.34467	4401.07443			4354.11622007	4358.66902503	0
1788267600	XAUUSD	M15	4329.61	4511.45729	4605.17699	4400.90675		4326.21000	4351.94759724	4355.30831113	0
1788268500	XAUUSD	M15	4342.99	4511.28961	4605.00931	4400.73908			4352.35019004	4353.82925059	0
1788269400	XAUUSD	M15	4361.82	4511.12193	4604.84164	4400.57140			4354.66817647	4354.24871353	1
1788270300	XAUUSD	M15	4365.84	4510.95426	4604.67396	4400.40372			4357.84772212	4356.04821782	0
1788271200	XAUUSD	M15	4370.22	4510.78658	4604.50628	4400.23605			4361.17046644	4358.60934213	0
1788272100	XAUUSD	M15	4365.94	4510.61890	4604.33861	4400.06837			4363.98490408	4361.29712311	0
1788273000	XAUUSD	M15	4367.01	4510.45123	4604.17093	4399.90069			4366.06512323	4363.68112317	0
1788273900	XAUUSD	M15	4360.28	4510.28355	4604.00325	4399.73301			4367.20794971	4365.44453644	0
1788274800	XAUUSD	M15	4357.07	4510.11587	4603.83558	4399.56534			4367.57013797	4366.50733720	0
1788275700	XAUUSD	M15	4365.70	4509.94820	4603.66790	4399.39766			4367.26951041	4366.88842381	0
1788276600	XAUUSD	M15	4370.79	4509.78052	4603.50022	4399.22998			4366.12380852	4366.50611616	1
1788277500	XAUUSD	M15	4372.90	4509.61284	4603.33254	4399.06231			4364.07744328	4365.29177972	0
1788278400	XAUUSD	M15	4362.56	4509.44517	4603.16487	4398.89463			4361.23964103	4363.26571038	0
1788279300	XAUUSD	M15	4352.90	4509.27749	4602.99719	4398.72695			4358.05291929	4360.65931484	0
1788280200	XAUUSD	M15	4354.87	4509.10981	4602.82951	4398.55928			4354.94448949	4357.80190216	0
1788281100	XAUUSD	M15	4351.28	4508.94213	4602.66184	4398.39160			4351.90219230	4354.85204723	0
1788282000	XAUUSD	M15	4346.39	4508.77446	4602.49416	4398.22392			4349.00748974	4351.92976849	0
1788282900	XAUUSD	M15	4349.96	4508.60678	4602.32648	4398.05625			4346.33764357	4349.13370603	0
1788283800	XAUUSD	M15	4344.18	4508.43910	4602.15881	4397.88857			4343.74269002	4346.43819802	0
1788284700	XAUUSD	M15	4342.96	4508.27143	4601.99113	4397.72089			4341.24786995	4343.84303398	0
1788285600	XAUUSD	M15	4336.43	4508.10375	4601.82345	4397.55321			4338.80548099	4341.32425749	0
1788286500	XAUUSD	M15	4337.51	4507.93607	4601.65578	4397.38554			4336.58139880	4338.95282815	0
1788287400	XAUUSD	M15	4329.66	4507.76840	4601.48810	4397.21786			4334.57914543	4336.76598679	0
1788288300	XAUUSD	M15	4331.76	4507.60072	4601.32042	4397.05018			4333.00400062	4334.88499371	0
1788289200	XAUUSD	M15	4337.34	4507.43304	4601.15274	4396.88251			4331.74159688	4333.31329529	0
1788290100	XAUUSD	M15	4334.52	4507.26537	4600.98507	4396.71483			4330.53725877	4331.92527703	0
1788291000	XAUUSD	M15	4326.44	4507.09769	4600.81739	4396.54715			4329.36427226	4330.64477465	0
1788291900	XAUUSD	M15	4327.17	4506.93001	4600.64971	4396.37948			4328.39863414	4329.52170440	0
1788292800	XAUUSD	M15	4325.74	4506.76233	4600.48204	4396.21180			4327.62085553	4328.57127996	0
1788293700	XAUUSD	M15	4326.09	4506.59466	4600.31436	4396.04412			4327.09544848	4327.83336422	0
1788294600	XAUUSD	M15	4327.64	4506.42698	4600.14668	4395.87645			4326.86993056	4327.35164739	0
1788295500	XAUUSD	M15	4328.20	4506.25930	4599.97901	4395.70877			4326.99510955	4327.17337847	0
1788300000	XAUUSD	M15	4329.19	4506.09163	4599.81133	4395.54109			4327.44196619	4327.30767233	1
1788300900	XAUUSD	M15	4327.79	4505.92395	4599.64365	4395.37341			4328.09940021	4327.70353627	0
1788301800	XAUUSD	M15	4328.31	4505.75627	4599.47598	4395.20574			4328.93260862	4328.31807244	0
1788302700	XAUUSD	M15	4329.37	4505.58860	4599.30830	4395.03806			4329.79755424	4329.05781334	0
1788303600	XAUUSD	M15	4330.63	4505.42092	4599.14062	4394.87038			4330.53833070	4329.79807202	0
1788304500	XAUUSD	M15	4330.87	4505.25324	4598.97294	4394.70271			4330.95014621	4330.37410912	0
1788305400	XAUUSD	M15	4333.78	4505.08557	4598.80527	4394.53503			4330.87000310	4330.62205611	0
1788306300	XAUUSD	M15	4324.40	4504.91789	4598.63759	4394.36735			4330.05750817	4330.33978214	1
1788307200	XAUUSD	M15	4328.07	4504.75021	4598.46991	4394.19968			4328.61894460	4329.47936337	0
1788308100	XAUUSD	M15	4325.85	4504.58253	4598.30224	4394.03200			4326.36753771	4327.92345054	0
1788309000	XAUUSD	M15	4330.12	4504.41486	4598.13456	4393.86432			4323.34134581	4325.63239817	0
1788309900	XAUUSD	M15	4315.81	4504.24718	4597.96688	4393.69665			4319.53068119	4322.58153968	0
1788310800	XAUUSD	M15	4317.63	4504.07950	4597.79921	4393.52897			4315.52580573	4319.05367271	0
1788311700	XAUUSD	M15	4317.22	4503.91183	4597.63153	4393.36129			4311.49519719	4315.27443495	0
1788312600	XAUUSD	M15	4309.12	4503.74415	4597.46385	4393.19361			4307.67691389	4311.47567442	0
1788313500	XAUUSD	M15	4291.00	4503.57647	4597.29618	4393.02594			4304.44215751	4307.95891596	0
1788314400	XAUUSD	M15	4296.13	4503.40880	4597.12850	4392.85826			4302.30404462	4305.13148029	0
1788315300	XAUUSD	M15	4304.41	4503.24112	4596.96082	4392.69058			4301.00083967	4303.06615998	0
1788316200	XAUUSD	M15	4309.32	4503.07344	4596.79314	4392.52291			4300.09095439	4301.57855719	0
1788317100	XAUUSD	M15	4302.90	4502.90577	4596.62547	4392.35523			4299.26140460	4300.41998089	0
1788318000	XAUUSD	M15	4300.87	4502.73809	4596.45779	4392.18755			4298.59154840	4299.50576465	0
1788318900	XAUUSD	M15	4293.78	4502.57041	4596.29011	4392.01988			4298.18883364	4298.84729914	0
1788319800	XAUUSD	M15	4288.84	4502.40273	4596.12244	4391.85220		4282.53000	4298.35327538	4298.60028726	0
1788320700	XAUUSD	M15	4303.33	4502.23506	4595.95476	4391.68452			4299.30130620	4298.95079673	1
1788321600	XAUUSD	M15	4304.30	4502.06738	4595.78708	4391.51685			4300.74257550	4299.84668612	0
1788322500	XAUUSD	M15	4302.76	4501.89970	4595.61941	4391.34917			4302.72125935	4301.28397273	0
1788323400	XAUUSD	M15	4304.75	4501.73203	4595.45173	4391.18149			4305.28601568	4303.28499421	0
1788324300	XAUUSD	M15	4307.28	4501.56435	4595.28405	4391.01381			4308.34075930	4305.81287675	0
1788325200	XAUUSD	M15	4310.00	4501.39667	4595.11638	4390.84614			4311.69832403	4308.75560039	0
1788326100	XAUUSD	M15	4313.06	4501.22900	4594.94870	4390.67846			4315.11884688	4311.93722363	0
1788327000	XAUUSD	M15	4323.14	4501.06132	4594.78102	4390.51078			4318.33572525	4315.13647444	0
1788327900	XAUUSD	M15	4319.83	4500.89364	4594.61334	4390.34311			4320.91247830	4318.02447637	0
1788328800	XAUUSD	M15	4326.55	4500.72596	4594.44567	4390.17543			4322.85624071	4320.44035854	0
1788329700	XAUUSD	M15	4322.83	4500.55829	4594.27799	4390.00775			4324.02835880	4322.23435867	0
1788330600	XAUUSD	M15	4324.22	4500.39061	4594.11031	4389.84008			4324.69948973	4323.46692420	0
1788331500	XAUUSD	M15	4321.76	4500.22293	4593.94264	4389.67240			4325.04954361	4324.25823391	0
1788332400	XAUUSD	M15	4326.71	4500.05526	4593.77496	4389.50472			4325.31331439	4324.78577415	0
1788333300	XAUUSD	M15	4326.82	4499.88758	4593.60728	4389.33705			4325.40435769	4325.09506592	0
1788334200	XAUUSD	M15	4322.68	4499.71990	4593.43961	4389.16937			4325.26796658	4325.18151625	0
1788335100	XAUUSD	M15	4323.17	4499.55223	4593.27193	4389.00169			4324.81893464	4325.00022544	1
1788336000	XAUUSD	M15	4325.69	4499.38455	4593.10425	4388.83401			4323.80153081	4324.40087813	0
1788336900	XAUUSD	M15	4323.02	4499.21687	4592.93657	4388.66634			4321.95375943	4323.17731878	0
1788337800	XAUUSD	M15	4322.02	4499.04920	4592.76890	4388.49866			4319.31595389	4321.24663634	0
1788338700	XAUUSD	M15	4312.87	4498.88152	4592.60122	4388.33098			4316.07102021	4318.65882827	0
1788339600	XAUUSD	M15	4313.92	4498.71384	4592.43354	4388.16331			4312.80636917	4315.73259872	0
1788340500	XAUUSD	M15	4309.07	4498.54616	4592.26587	4387.99563			4309.94394978	4312.83827425	0
1788341400	XAUUSD	M15	4310.05	4498.37849	4592.09819	4387.82795			4308.04968718	4310.44398072	0
1788342300	XAUUSD	M15	4308.58	4498.21081	4591.93051	4387.66028			4307.36288939	4308.90343505	0
1788343200	XAUUSD	M15	4306.87	4498.04313	4591.76284	4387.49260		4301.79000	4307.98224197	4308.44283851	0
1788344100	XAUUSD	M15	4309.91	4497.87546	4591.59516	4387.32492			4309.80071538	4309.12177695	1
1788345000	XAUUSD	M15	4309.43	4497.70778	4591.42748	4387.15725			4312.45938677	4310.79058186	0
1788345900	XAUUSD	M15	4309.32	4497.54010	4591.25981	4386.98957			4315.61859167	4313.20458676	0
1788346800	XAUUSD	M15	4322.84	4497.37243	4591.09213	4386.82189			4318.93450404	4316.06954540	0
1788347700	XAUUSD	M15	4321.84	4497.20475	4590.92445	4386.65421			4321.82888273	4318.94921406	0
1788348600	XAUUSD	M15	4324.75	4497.03707	4590.75677	4386.48654			4324.30615214	4321.62768310	0
1788349500	XAUUSD	M15	4332.34	4496.86940	4590.58910	4386.31886			4326.56457688	4324.09612999	0
1788350400	XAUUSD	M15	4333.28	4496.70172	4590.42142	4386.15118			4328.93761138	4326.51687069	0
1788351300	XAUUSD	M15	4336.46	4496.53404	4590.25374	4385.98351			4332.06739414	4329.29213241	0
1788352200	XAUUSD	M15	4334.35	4496.36636	4590.08607	4385.81583			4336.52114184	4332.90663713	0
1788353100	XAUUSD	M15	4331.70	4496.19869	4589.91839	4385.64815			4342.79398765	4337.85031239	0
1788354000	XAUUSD	M15	4339.54	4496.03101	4589.75071	4385.48048			4350.98281183	4344.41656211	0
1788354900	XAUUSD	M15	4358.32	4495.86333	4589.58304	4385.31280			4360.41405478	4352.41530845	0
1788355800	XAUUSD	M15	4378.21	4495.69566	4589.41536	4385.14512			4369.77877132	4361.09703988	0
1788356700	XAUUSD	M15	4385.52	4495.52798	4589.24768	4384.97745			4377.59923516	4369.34813752	0
1788357600	XAUUSD	M15	4387.85	4495.36030	4589.08001	4384.80977	4397.55000		4382.93218252	4376.14016002	0
1788358500	XAUUSD	M15	4387.78	4495.19263	4588.91233	4384.64209			4385.35040281	4380.74528141	0
1788359400	XAUUSD	M15	4385.65	4495.02495	4588.74465	4384.47441			4384.95148449	4382.84838295	0
1788360300	XAUUSD	M15	4377.01	4494.85727	4588.57697	4384.30674			4382.29808094	4382.57323194	1
1788361200	XAUUSD	M15	4372.64	4494.68960	4588.40930	4384.13906			4378.41734281	4380.49528738	0
1788362100	XAUUSD	M15	4372.51	4494.52192	4588.24162	4383.97138			4374.29617988	4377.39573363	0
1788363000	XAUUSD	M15	4366.29	4494.35424	4588.07394	4383.80371			4370.68769288	4374.04171326	0
1788363900	XAUUSD	M15	4372.99	4494.18656	4587.90627	4383.63603			4368.24327743	4371.14249534	0
1788364800	XAUUSD	M15	4372.45	4494.01889	4587.73859	4383.46835			4366.98519699	4369.06384617	0
1788365700	XAUUSD	M15	4368.72	4493.85121	4587.57091	4383.30068			4366.84018523	4367.95201570	0
1788366600	XAUUSD	M15	4365.07	4493.68353	4587.40324	4383.13300			4367.62296591	4367.78749080	0
1788367500	XAUUSD	M15	4368.37	4493.51586	4587.23556	4382.96532			4369.01941112	4368.40345096	1
1788368400	XAUUSD	M15	4368.92	4493.34818	4587.06788	4382.79765			4370.53893301	4369.47119198	0
1788369300	XAUUSD	M15	4369.81	4493.18050	4586.90021	4382.62997			4371.85076103	4370.66097651	0
1788370200	XAUUSD	M15	4376.47	4493.01283	4586.73253	4382.46229			4372.77340340	4371.71718996	0
1788371100	XAUUSD	M15	4377.03	4492.84515	4586.56485	4382.29461			4373.19767969	4372.45743482	0
1788372000	XAUUSD	M15	4370.27	4492.67747	4586.39717	4382.12694			4373.36035121	4372.90889302	0
1788372900	XAUUSD	M15	4373.14	4492.50980	4586.22950	4381.95926			4373.79834680	4373.35361991	0
1788373800	XAUUSD	M15	4373.03	4492.34212	4586.06182	4381.79158			4374.75539628	4374.05450809	0
1788374700	XAUUSD	M15	4374.10	4492.17444	4585.89414	4381.62391			4376.39910786	4375.22680798	0
1788375600	XAUUSD	M15	4379.24	4492.00676	4585.72647	4381.45623			4378.72883006	4376.97781902	0
1788376500	XAUUSD	M15	4381.15	4491.83909	4585.55879	4381.28855			4381.45730783	4379.21756343	0
1788377400	XAUUSD	M15	4388.14	4491.67141	4585.39111	4381.12088			4384.24121973	4381.72939158	0
1788378300	XAUUSD	M15	4390.96	4491.50373	4585.22344	4380.95320			4386.60240447	4384.16589802	0
1788379200	XAUUSD	M15	4386.03	4491.33606	4585.05576	4380.78552			4388.23630470	4386.20110136	0
1788380100	XAUUSD	M15	4386.38	4491.16838	4584.88808	4380.61785			4389.19153242	4387.69631689	0
1788381000	XAUUSD	M15	4387.94	4491.00070	4584.72041	4380.45017			4389.49752364	4388.59692026	0
1788381900	XAUUSD	M15	4388.10	4490.83303	4584.55273	4380.28249			4389.22099004	4388.90895515	0
1788386400	XAUUSD	M15	4390.03	4490.66535	4584.38505	4380.11481			4388.47773710	4388.69334612	1
1788387300	XAUUSD	M15	4389.90	4490.49767	4584.21737	4379.94714			4387.33994340	4388.01664476	0
1788388200	XAUUSD	M15	4384.96	4490.33000	4584.04970	4379.77946			4386.00633475	4387.01148976	0
1788389100	XAUUSD	M15	4384.53	4490.16232	4583.88202	4379.61178			4384.83507394	4385.92328185	0
1788390000	XAUUSD	M15	4384.04	4489.99464	4583.71434	4379.44411			4384.04943352	4384.98635768	0
1788390900	XAUUSD	M15	4382.18	4489.82696	4583.54667	4379.27643			4383.81234786	4384.39935277	0
1788391800	XAUUSD	M15	4385.28	4489.65929	4583.37899	4379.10875			4384.28886587	4384.34410932	0
1788392700	XAUUSD	M15	4385.66	4489.49161	4583.21131	4378.94108			4385.42129815	4384.88270374	1
1788393600	XAUUSD	M15	4390.26	4489.32393	4583.04364	4378.77340			4387.15696462	4386.01983418	0
1788394500	XAUUSD	M15	4387.20	4489.15626	4582.87596	4378.60572			4389.32601515	4387.67292467	0
1788395400	XAUUSD	M15	4387.77	4488.98858	4582.70828	4378.43805			4391.93213450	4389.80252958	0
1788396300	XAUUSD	M15	4395.64	4488.82090	4582.54061	4378.27037			4394.89870740	4392.35061849	0
1788397200	XAUUSD	M15	4401.52	4488.65323	4582.37293	4378.10269			4397.97196754	4395.16129302	0
1788398100	XAUUSD	M15	4401.80	4488.48555	4582.20525	4377.93501			4401.01950894	4398.09040098	0
1788399000	XAUUSD	M15	4400.86	4488.31787	4582.03757	4377.76734			4404.08797985	4401.08919041	0
1788399900	XAUUSD	M15	4410.27	4488.15020	4581.86990	4377.59966			4407.28821865	4404.18870453	0
1788400800	XAUUSD	M15	4411.14	4487.98252	4581.70222	4377.43198			4410.47353995	4407.33112224	0
1788401700	XAUUSD	M15	4411.58	4487.81484	4581.53454	4377.26431			4413.71512793	4410.52312508	0
1788402600	XAUUSD	M15	4413.50	4487.64716	4581.36687	4377.09663			4417.08111006	4413.80211757	0
1788403500	XAUUSD	M15	4420.37	4487.47949	4581.19919	4376.92895			4420.57174590	4417.18693173	0
1788404400	XAUUSD	M15	4428.80	4487.31181	4581.03151	4376.76128			4423.98475498	4420.58584336	0
1788405300	XAUUSD	M15	4429.39	4487.14413	4580.86384	4376.59360			4427.04627084	4423.81605710	0
1788406200	XAUUSD	M15	4426.62	4486.97646	4580.69616	4376.42592			4429.69795544	4426.75700627	0
1788407100	XAUUSD	M15	4431.47	4486.80878	4580.52848	4376.25825			4431.96381775	4429.36041201	0
1788408000	XAUUSD	M15	4431.20	4486.64110	4580.36081	4376.09057			4433.67103836	4431.51572519	0
1788408900	XAUUSD	M15	4436.50	4486.47343	4580.19313	4375.92289			4434.76481981	4433.14027250	0
1788409800	XAUUSD	M15	4437.99	4486.30575	4580.02545	4375.75521			4435.06332982	4434.10180116	0
1788410700	XAUUSD	M15	4437.42	4486.13807	4579.85777	4375.58754			4434.55199750	4434.32689933	0
1788411600	XAUUSD	M15	4429.66	4485.97040	4579.69010	4375.41986			4433.30894156	4433.81792044	1
1788412500	XAUUSD	M15	4425.09	4485.80272	4579.52242	4375.25218			4431.61802593	4432.71797319	0
1788413400	XAUUSD	M15	4432.27	4485.63504	4579.35474	4375.08451			4429.71197821	4431.21497570	0
1788414300	XAUUSD	M15	4431.08	4485.46736	4579.18707	4374.91683			4427.59853004	4429.40675287	0
1788415200	XAUUSD	M15	4427.04	4485.29969	4579.01939	4374.74915			4425.53852347	4427.47263817	0
1788416100	XAUUSD	M15	4421.66	4485.13201	4578.85171	4374.58148			4423.89546199	4425.68405008	0
1788417000	XAUUSD	M15	4425.63	4484.96433	4578.68404	4374.41380			4423.00048198	4424.34226603	0
1788417900	XAUUSD	M15	4420.58	4484.79666	4578.51636	4374.24612			4422.86356359	4423.60291481	0
1788418800	XAUUSD	M15	4421.98	4484.62898	4578.34868	4374.07845			4423.63369492	4423.61830487	1
1788419700	XAUUSD	M15	4426.49	4484.46130	4578.18101	4373.91077			4425.21238828	4424.41534657	0
1788420600	XAUUSD	M15	4426.83	4484.29363	4578.01333	4373.74309			4427.31071806	4425.86303232	0
1788421500	XAUUSD	M15	4428.83	4484.12595	4577.84565	4373.57541			4429.68605526	4427.77454379	0
1788422400	XAUUSD	M15	4431.23	4483.95827	4577.67797	4373.40774			4432.06945972	4429.92200175	0
1788423300	XAUUSD	M15	4438.33	4483.79060	4577.51030	4373.24006			4434.18199266	4432.05199721	0
1788424200	XAUUSD	M15	4434.13	4483.62292	4577.34262	4373.07238			4435.58052498	4433.81626109	0
1788425100	XAUUSD	M15	4434.98	4483.45524	4577.17494	4372.90471			4436.15539121	4434.98582615	0
1788426000	XAUUSD	M15	4438.25	4483.28756	4577.00727	4372.73703			4435.74673487	4435.36628051	0
1788426900	XAUUSD	M15	4435.29	4483.11989	4576.83959	4372.56935			4434.25918113	4434.81273082	1
1788427800	XAUUSD	M15	4430.03	4482.95221	4576.67191	4372.40168			4431.90128640	4433.35700861	0
1788428700	XAUUSD	M15	4427.52	4482.78453	4576.50424	4372.23400			4429.12994189	4431.24347525	0
1788429600	XAUUSD	M15	4424.45	4482.61686	4576.33656	4372.06632			4426.46767468	4428.85557497	0
1788430500	XAUUSD	M15	4422.51	4482.44918	4576.16888	4371.89865			4424.53535113	4426.69546305	0
1788431400	XAUUSD	M15	4425.63	4482.28150	4576.00121	4371.73097			4423.90496481	4425.30021393	0
1788432300	XAUUSD	M15	4427.51	4482.11383	4575.83353	4371.56329			4424.90302058	4425.10161725	0
1788433200	XAUUSD	M15	4432.72	4481.94615	4575.66585	4371.39561			4427.74345851	4426.42253788	1
1788434100	XAUUSD	M15	4434.33	4481.77847	4575.49817	4371.22794			4432.34958443	4429.38606116	0
1788435000	XAUUSD	M15	4438.77	4481.61080	4575.33050	4371.06026			4438.52691649	4433.95648882	0
1788435900	XAUUSD	M15	4444.13	4481.44312	4575.16282	4370.89258			4445.80253170	4439.87951026	0
1788436800	XAUUSD	M15	4443.86	4481.27544	4574.99514	4370.72491			4453.51260666	4446.69605846	0
1788437700	XAUUSD	M15	4446.55	4481.10776	4574.82747	4370.55723			4461.08074618	4453.88840232	0
1788438600	XAUUSD	M15	4468.01	4480.94009	4574.65979	4370.38955			4467.88680989	4460.88760610	0
1788439500	XAUUSD	M15	4493.36	4480.77241	4574.49211	4370.22188			4472.97703249	4466.93231930	0
1788440400	XAUUSD	M15	4485.60	4480.60473	4574.32444	4370.05420			4475.61617331	4471.27424630	0
1788441300	XAUUSD	M15	4479.96	4480.43706	4574.15676	4369.88652			4476.36592959	4473.82008794	0
1788442200	XAUUSD	M15	4470.14	4480.26938	4573.98908	4369.71884			4476.10236675	4474.96122735	0
1788443100	XAUUSD	M15	4470.93	4480.10170	4573.82141	4369.55117			4475.95342182	4475.45732458	0
1788444000	XAUUSD	M15	4469.12	4479.93403	4573.65373	4369.38349			4476.67550514	4476.06641486	0
1788444900	XAUUSD	M15	4477.70	4479.76635	4573.48605	4369.21581			4478.76924477	4477.41782982	0
1788445800	XAUUSD	M15	4473.04	4479.59867	4573.31837	4369.04814			4482.07665442	4479.74724212	0
1788446700	XAUUSD	M15	4485.38	4479.43100	4573.15070	4368.88046			4486.40957696	4483.07840954	0
1788447600	XAUUSD	M15	4503.50	4479.26332	4572.98302	4368.71278			4490.85772476	4486.96806715	0
1788448500	XAUUSD	M15	4506.78	4479.09564	4572.81534	4368.54511	4510.78000		4494.30989195	4490.63897955	0
1788449400	XAUUSD	M15	4495.01	4478.92796	4572.64767	4368.37743			4496.23525326	4493.43711640	0
1788450300	XAUUSD	M15	4493.24	4478.76029	4572.47999	4368.20975			4496.80336516	4495.12024078	0
1788451200	XAUUSD	M15	4493.97	4478.59261	4572.31231	4368.04208			4496.18489870	4495.65256974	0
1788452100	XAUUSD	M15	4493.23	4478.42493	4572.14464	4367.87440			4494.66336279	4495.15796627	1
1788453000	XAUUSD	M15	4487.95	4478.25726	4571.97696	4367.70672			4492.64867590	4493.90332108	0
1788453900	XAUUSD	M15	4486.24	4478.08958	4571.80928	4367.53904			4490.66798468	4492.28565288	0
1788454800	XAUUSD	M15	4487.93	4477.92190	4571.64161	4367.37137			4489.01210699	4490.64887994	0
1788455700	XAUUSD	M15	4492.91	4477.75423	4571.47393	4367.20369			4487.68854455	4489.16871224	0
1788456600	XAUUSD	M15	4491.91	4477.58655	4571.30625	4367.03601			4486.45514840	4487.81193032	0
1788457500	XAUUSD	M15	4486.61	4477.41887	4571.13857	4366.86834			4485.16317065	4486.48755049	0
1788458400	XAUUSD	M15	4483.95	4477.25120	4570.97090	4366.70066			4483.78190386	4485.13472717	0
1788459300	XAUUSD	M15	4479.87	4477.08352	4570.80322	4366.53298			4482.23607111	4483.68539914	0
1788460200	XAUUSD	M15	4481.49	4476.91584	4570.63554	4366.36531			4480.54391764	4482.11465839	0
1788461100	XAUUSD	M15	4475.21	4476.74816	4570.46787	4366.19763			4478.67510650	4480.39488245	0
1788462000	XAUUSD	M15	4474.42	4476.58049	4570.30019	4366.02995			4476.89488101	4478.64488173	0
1788462900	XAUUSD	M15	4475.85	4476.41281	4570.13251	4365.86228			4475.36244417	4477.00366295	0
1788463800	XAUUSD	M15	4477.53	4476.24513	4569.96484	4365.69460			4474.16388409	4475.58377352	0
1788464700	XAUUSD	M15	4474.49	4476.07746	4569.79716	4365.52692			4473.33710381	4474.46043867	0
1788465600	XAUUSD	M15	4471.85	4475.90978	4569.62948	4365.35924			4472.97184291	4473.71614079	0
1788466500	XAUUSD	M15	4471.65	4475.74210	4569.46181	4365.19157			4473.02732348	4473.37173213	0
1788467400	XAUUSD	M15	4472.41	4475.57443	4569.29413	4365.02389			4473.33100492	4473.35136853	0
1788468300	XAUUSD	M15	4473.19	4475.40675	4569.12645	4364.85621			4473.74338602	4473.54737727	1
1788472800	XAUUSD	M15	4478.06	4475.23907	4568.95877	4364.68854			4474.15298215	4473.85017971	0
1788473700	XAUUSD	M15	4475.10	4475.07140	4568.79110	4364.52086			4474.41065470	4474.13041721	0
1788474600	XAUUSD	M15	4473.85	4474.90372	4568.62342	4364.35318			4474.64379107	4474.38710414	0
1788475500	XAUUSD	M15	4474.53	4474.73604	4568.45574	4364.18551			4474.99498776	4474.69104595	0
1788476400	XAUUSD	M15	4474.19	4474.56836	4568.28807	4364.01783			4475.52366574	4475.10735584	0
1788477300	XAUUSD	M15	4473.86	4474.40069	4568.12039	4363.85015			4476.29761924	4475.70248754	0
1788478200	XAUUSD	M15	4477.33	4474.23301	4567.95271	4363.68248			4477.26534255	4476.48391505	0
1788479100	XAUUSD	M15	4480.02	4474.06533	4567.78504	4363.51480			4478.17938450	4477.33164977	0
1788480000	XAUUSD	M15	4480.86	4473.89766	4567.61736	4363.34712			4478.82607916	4478.07886447	0
1788480900	XAUUSD	M15	4474.62	4473.72998	4567.44968	4363.17944			4479.10445422	4478.59165934	0
1788481800	XAUUSD	M15	4482.24	4473.56230	4567.28201	4363.01177			4479.17418712	4478.88292323	0
1788482700	XAUUSD	M15	4486.54	4473.39463	4567.11433	4362.84409	4487.09000		4478.86335392	4478.87313858	1
1788483600	XAUUSD	M15	4474.91	4473.22695	4566.94665	4362.67641			4478.13645806	4478.50479832	0
1788484500	XAUUSD	M15	4470.87	4473.05927	4566.77897	4362.50874			4477.41893828	4477.96186830	0
1788485400	XAUUSD	M15	4473.98	4472.89160	4566.61130	4362.34106			4476.87582139	4477.41884484	0
1788486300	XAUUSD	M15	4478.86	4472.72392	4566.44362	4362.17338			4476.40442715	4476.91163600	0
1788487200	XAUUSD	M15	4479.32	4472.55624	4566.27594	4362.00571			4475.78560452	4476.34862026	0
1788488100	XAUUSD	M15	4473.95	4472.38856	4566.10827	4361.83803			4474.93255669	4475.64058847	0
1788489000	XAUUSD	M15	4470.92	4472.22089	4565.94059	4361.67035			4473.98085119	4474.81071983	0
1788489900	XAUUSD	M15	4477.37	4472.05321	4565.77291	4361.50268			4473.04163650	4473.92617817	0
1788490800	XAUUSD	M15	4473.44	4471.88553	4565.60524	4361.33500			4472.04256015	4472.98436916	0
1788491700	XAUUSD	M15	4472.49	4471.71786	4565.43756	4361.16732			4471.20472422	4472.09454669	0
1788492600	XAUUSD	M15	4469.21	4471.55018	4565.26988	4360.99964			4470.68092734	4471.38773701	0
1788493500	XAUUSD	M15	4467.04	4471.38250	4565.10221	4360.83197			4470.60721370	4470.99747536	0
1788494400	XAUUSD	M15	4469.34	4471.21483	4564.93453	4360.66429			4470.97247599	4470.98497568	0
1788495300	XAUUSD	M15	4471.69	4471.04715	4564.76685	4360.49661			4471.51637064	4471.25067316	1
1788496200	XAUUSD	M15	4474.18	4470.87947	4564.59917	4360.32894			4471.93380980	4471.59224148	0
1788497100	XAUUSD	M15	4473.75	4470.71179	4564.43150	4360.16126			4471.93709704	4471.76466926	0
1788498000	XAUUSD	M15	4469.31	4470.54412	4564.26382	4359.99358			4471.39061891	4471.57764408	1
1788498900	XAUUSD	M15	4467.58	4470.37644	4564.09614	4359.82591			4470.53448622	4471.05606515	0
1788499800	XAUUSD	M15	4471.00	4470.20876	4563.92847	4359.65823			4469.47401813	4470.26504164	0
1788500700	XAUUSD	M15	4472.11	4470.04109	4563.76079	4359.49055			4468.26679440	4469.26591802	0
1788501600	XAUUSD	M15	4468.96	4469.87341	4563.59311	4359.32288			4467.13176944	4468.19884373	0
1788502500	XAUUSD	M15	4468.84	4469.70573	4563.42544	4359.15520			4466.51060429	4467.35472401	0
1788503400	XAUUSD	M15	4464.14	4469.53806	4563.25776	4358.98752			4466.79437769	4467.07455085	0
1788504300	XAUUSD	M15	4462.94	4469.37038	4563.09008	4358.81984		4460.05000	4468.30926725	4467.69190905	1
1788505200	XAUUSD	M15	4467.75	4469.20270	4562.92240	4358.65217			4471.08705055	4469.38947980	0
1788506100	XAUUSD	M15	4472.82	4469.03503	4562.75473	4358.48449			4474.66885843	4472.02916911	0
1788507000	XAUUSD	M15	4485.68	4468.86735	4562.58705	4358.31681			4478.33046157	4475.17981534	0
1788507900	XAUUSD	M15	4483.44	4468.69967	4562.41937	4358.14914	4490.71000		4481.01373740	4478.09677637	0
1788508800	XAUUSD	M15	4482.00	4468.53199	4562.25170	4357.98146			4482.22342286	4480.16009962	0
1788509700	XAUUSD	M15	4481.13	4468.36432	4562.08402	4357.81378			4481.66710546	4480.91360254	0
1788510600	XAUUSD	M15	4477.56	4468.19664	4561.91634	4357.64611			4479.41149673	4480.16254964	1
1788511500	XAUUSD	M15	4477.75	4468.02896	4561.74867	4357.47843			4475.97630659	4478.06942811	0
1788512400	XAUUSD	M15	4470.17	4467.86129	4561.58099	4357.31075			4472.05784401	4475.06363606	0
1788513300	XAUUSD	M15	4466.65	4467.69361	4561.41331	4357.14308			4468.64674677	4471.85519142	0
1788514200	XAUUSD	M15	4467.30	4467.52593	4561.24564	4356.97540			4466.53752409	4469.19635776	0
1788515100	XAUUSD	M15	4465.58	4467.35826	4561.07796	4356.80772			4466.14429782	4467.67032779	0
1788516000	XAUUSD	M15	4472.75	4467.19058	4560.91028	4356.64004			4467.55424808	4467.61228793	0
1788516900	XAUUSD	M15	4471.24	4467.02290	4560.74260	4356.47237			4470.17578609	4468.89403701	1
1788517800	XAUUSD	M15	4473.62	4466.85523	4560.57493	4356.30469			4473.22461747	4471.05932724	0
1788518700	XAUUSD	M15	4472.88	4466.68755	4560.40725	4356.13701			4475.58389924	4473.32161324	0
1788519600	XAUUSD	M15	4470.25	4466.51987	4560.23957	4355.96934			4476.17295591	4474.74728458	0
1788520500	XAUUSD	M15	4465.68	4466.35219	4560.07190	4355.80166			4474.14941023	4474.44834740	1
1788521400	XAUUSD	M15	4468.25	4466.18452	4559.90422	4355.63398			4469.06601839	4471.75718290	0
1788522300	XAUUSD	M15	4466.95	4466.01684	4559.73654	4355.46631			4460.76511043	4466.26114666	0
1788523200	XAUUSD	M15	4464.73	4465.84916	4559.56887	4355.29863			4449.76286469	4458.01200568	0
1788524100	XAUUSD	M15	4472.68	4465.68149	4559.40119	4355.13095			4437.15406963	4447.58303765	0
1788525000	XAUUSD	M15	4394.06	4465.51381	4559.23351	4354.96328			4424.16670962	4435.87487364	0
1788525900	XAUUSD	M15	4393.75	4465.34613	4559.06584	4354.79560			4414.38270691	4425.12879028	0
1788526800	XAUUSD	M15	4394.19	4465.17846	4558.89816	4354.62792		4365.49000	4408.81765523	4416.97322276	0
1788527700	XAUUSD	M15	4412.62	4465.01078	4558.73048	4354.46024			4407.69884103	4412.33603189	0
1788528600	XAUUSD	M15	4423.85	4464.84310	4558.56280	4354.29257			4410.07623976	4411.20613583	0
1788529500	XAUUSD	M15	4413.48	4464.67543	4558.39513	4354.12489			4414.74876678	4412.97745130	1
1788530400	XAUUSD	M15	4433.99	4464.50775	4558.22745	4353.95721			4420.91318328	4416.94531729	0
1788531300	XAUUSD	M15	4429.04	4464.34007	4558.05977	4353.78954			4427.01844431	4421.98188080	0
1788532200	XAUUSD	M15	4428.51	4464.17239	4557.89210	4353.62186			4432.45060912	4427.21624496	0
1788533100	XAUUSD	M15	4427.56	4464.00472	4557.72442	4353.45418			4436.78443771	4432.00034133	0
1788534000	XAUUSD	M15	4443.44	4463.83704	4557.55674	4353.28651			4439.89081193	4435.94557663	0
1788534900	XAUUSD	M15	4439.78	4463.66936	4557.38907	4353.11883			4441.37913042	4438.66235353	0
1788535800	XAUUSD	M15	4442.97	4463.50169	4557.22139	4352.95115			4441.57897520	4440.12066436	0
1788536700	XAUUSD	M15	4436.70	4463.33401	4557.05371	4352.78348			4440.68906605	4440.40486521	0
1788537600	XAUUSD	M15	4438.77	4463.16633	4556.88604	4352.61580			4439.14383984	4439.77435252	1
1788538500	XAUUSD	M15	4434.24	4462.99866	4556.71836	4352.44812			4437.07207836	4438.42321544	0
1788539400	XAUUSD	M15	4438.02	4462.83098	4556.55068	4352.28044			4434.70057180	4436.56189362	0
1788540300	XAUUSD	M15	4436.50	4462.66330	4556.38300	4352.11277			4431.99522881	4434.27856121	0
1788541200	XAUUSD	M15	4434.18	4462.49563	4556.21533	4351.94509			4429.04155674	4431.66005898	0
1788542100	XAUUSD	M15	4428.65	4462.32795	4556.04765	4351.77741			4426.02481781	4428.84243839	0
1788543000	XAUUSD	M15	4417.09	4462.16027	4555.87997	4351.60974			4423.35025382	4426.09634610	0
1788543900	XAUUSD	M15	4416.56	4461.99259	4555.71230	4351.44206			4421.62635660	4423.86135135	0
1788544800	XAUUSD	M15	4419.51	4461.82492	4555.54462	4351.27438		4412.00000	4421.11295938	4422.48715537	0
1788545700	XAUUSD	M15	4424.75	4461.65724	4555.37694	4351.10671			4421.82563970	4422.15639753	0
1788546600	XAUUSD	M15	4422.97	4461.48956	4555.20927	4350.93903			4423.57528298	4422.86584026	1
1788547500	XAUUSD	M15	4423.99	4461.32189	4555.04159	4350.77135			4426.16396337	4424.51490181	0
1788548400	XAUUSD	M15	4429.14	4461.15421	4554.87391	4350.60368			4429.15083228	4426.83286705	0
1788549300	XAUUSD	M15	4435.65	4460.98653	4554.70624	4350.43600			4431.89377244	4429.36331974	0
1788550200	XAUUSD	M15	4437.01	4460.81886	4554.53856	4350.26832			4433.74467427	4431.55399701	0
1788551100	XAUUSD	M15	4434.93	4460.65118	4554.37088	4350.10064			4434.38284058	4432.96841879	0
1788552000	XAUUSD	M15	4431.68	4460.48350	4554.20320	4349.93297			4433.84511018	4433.40676449	0
1788552900	XAUUSD	M15	4430.12	4460.31583	4554.03553	4349.76529			4432.62825314	4433.01750881	1
1788553800	XAUUSD	M15	4430.55	4460.14815	4553.86785	4349.59761			4431.17163145	4432.09457013	0
1788554700	XAUUSD	M15	4430.12	4459.98047	4553.70017	4349.42994			4429.85186748	4430.97321881	0
1788732000	XAUUSD	M15	4429.18	4459.81279	4553.53250	4349.26226			4428.93148197	4429.95235039	0
1788732900	XAUUSD	M15	4428.77	4459.64512	4553.36482	4349.09458			4428.56825021	4429.26030030	0
1788733800	XAUUSD	M15	4430.60	4459.47744	4553.19714	4348.92691			4428.75975133	4429.01002581	0
1788734700	XAUUSD	M15	4429.27	4459.30976	4553.02947	4348.75923			4429.18605120	4429.09803851	1
1788735600	XAUUSD	M15	4429.85	4459.14209	4552.86179	4348.59155			4429.52996222	4429.31400036	0
1788736500	XAUUSD	M15	4426.90	4458.97441	4552.69411	4348.42388			4429.38581566	4429.34990801	0
1788737400	XAUUSD	M15	4429.00	4458.80673	4552.52644	4348.25620			4428.50763509	4428.92877155	1
1788738300	XAUUSD	M15	4423.31	4458.63906	4552.35876	4348.08852			4426.59052032	4427.75964594	0
1788739200	XAUUSD	M15	4425.20	4458.47138	4552.19108	4347.92084			4423.78796842	4425.77380718	0
1788740100	XAUUSD	M15	4422.29	4458.30370	4552.02340	4347.75317			4420.21470799	4422.99425758	0
1788741000	XAUUSD	M15	4423.95	4458.13603	4551.85573	4347.58549			4416.27293277	4419.63359518	0
1788741900	XAUUSD	M15	4412.58	4457.96835	4551.68805	4347.41781			4412.32326684	4415.97843101	0
1788742800	XAUUSD	M15	4399.82	4457.80067	4551.52037	4347.25014			4409.09522972	4412.53683036	0
1788743700	XAUUSD	M15	4403.36	4457.63299	4551.35270	4347.08246		4389.69000	4407.20118433	4409.86900735	0
1788744600	XAUUSD	M15	4410.35	4457.46532	4551.18502	4346.91478			4406.56432415	4408.21666575	0
1788745500	XAUUSD	M15	4409.14	4457.29764	4551.01734	4346.74711			4406.76496660	4407.49081617	0
1788746400	XAUUSD	M15	4403.59	4457.12996	4550.84967	4346.57943			4407.46850657	4407.47966137	0
1788747300	XAUUSD	M15	4407.68	4456.96229	4550.68199	4346.41175			4408.39951780	4407.93958959	1
1788748200	XAUUSD	M15	4414.91	4456.79461	4550.51431	4346.24408			4409.05838469	4408.49898714	0
1788749100	XAUUSD	M15	4408.93	4456.62693	4550.34664	4346.07640			4408.98786600	4408.74342657	0
1788750000	XAUUSD	M15	4407.94	4456.45926	4550.17896	4345.90872			4408.28438744	4408.51390700	1
1788750900	XAUUSD	M15	4408.75	4456.29158	4550.01128	4345.74104			4407.08725814	4407.80058257	0
1788751800	XAUUSD	M15	4401.84	4456.12390	4549.84360	4345.57337			4405.61831262	4406.70944760	0
1788752700	XAUUSD	M15	4404.10	4455.95623	4549.67593	4345.40569			4404.30516976	4405.50730868	0
1788753600	XAUUSD	M15	4406.56	4455.78855	4549.50825	4345.23801			4403.27145272	4404.38938070	0
1788754500	XAUUSD	M15	4402.22	4455.62087	4549.34057	4345.07034			4402.52008791	4403.45473431	0
1788755400	XAUUSD	M15	4396.71	4455.45319	4549.17290	4344.90266			4402.10555222	4402.78014326	0
1788756300	XAUUSD	M15	4398.02	4455.28552	4549.00522	4344.73498			4401.97678301	4402.37846313	0
1788757200	XAUUSD	M15	4402.56	4455.11784	4548.83754	4344.56731			4401.81741965	4402.09794139	0
1788758100	XAUUSD	M15	4411.05	4454.95016	4548.66987	4344.39963			4401.24081757	4401.66937948	0
1788759000	XAUUSD	M15	4403.96	4454.78249	4548.50219	4344.23195			4399.89364439	4400.78151193	0
1788759900	XAUUSD	M15	4393.98	4454.61481	4548.33451	4344.06428			4398.04103910	4399.41127552	0
1788760800	XAUUSD	M15	4392.03	4454.44713	4548.16684	4343.89660		4385.31000	4396.23390309	4397.82258930	0
1788761700	XAUUSD	M15	4394.36	4454.27946	4547.99916	4343.72892			4394.89731687	4396.35995309	0
1788762600	XAUUSD	M15	4396.32	4454.11178	4547.83148	4343.56124			4394.34308936	4395.35152123	0
1788763500	XAUUSD	M15	4392.77	4453.94410	4547.66380	4343.39357			4394.79708627	4395.07430375	0
1788764400	XAUUSD	M15	4401.51	4453.77643	4547.49613	4343.22589			4396.50005115	4395.78717745	1
1788765300	XAUUSD	M15	4395.11	4453.60875	4547.32845	4343.05821			4399.15536216	4397.47126980	0
1788766200	XAUUSD	M15	4396.02	4453.44107	4547.16077	4342.89054			4402.70130709	4400.08628845	0
1788767100	XAUUSD	M15	4406.36	4453.27339	4546.99310	4342.72286			4406.71360382	4403.39994613	0
1788768000	XAUUSD	M15	4417.18	4453.10572	4546.82542	4342.55518			4410.42968358	4406.91481486	0
1788768900	XAUUSD	M15	4419.82	4452.93804	4546.65774	4342.38751			4413.09708188	4410.00594837	0
1788769800	XAUUSD	M15	4414.61	4452.77036	4546.49007	4342.21983	4423.95000		4414.36109652	4412.18352244	0
1788770700	XAUUSD	M15	4411.00	4452.60269	4546.32239	4342.05215			4414.29303286	4413.23827765	0
1788771600	XAUUSD	M15	4411.07	4452.43501	4546.15471	4341.88448			4413.06749996	4413.15288880	1
1788772500	XAUUSD	M15	4405.56	4452.26733	4545.98704	4341.71680			4410.85730548	4412.00509714	0
1788773400	XAUUSD	M15	4409.67	4452.09966	4545.81936	4341.54912			4408.04961664	4410.02735689	0
1788774300	XAUUSD	M15	4405.74	4451.93198	4545.65168	4341.38144			4404.78581816	4407.40658753	0
1788775200	XAUUSD	M15	4403.14	4451.76430	4545.48400	4341.21377			4401.37023969	4404.38841361	0
1788776100	XAUUSD	M15	4396.03	4451.59663	4545.31633	4341.04609			4398.02976091	4401.20908726	0
1788777000	XAUUSD	M15	4398.53	4451.42895	4545.14865	4340.87841			4395.09892285	4398.15400505	0
1788777900	XAUUSD	M15	4391.70	4451.26127	4544.98097	4340.71074			4392.60220598	4395.37810552	0
1788778800	XAUUSD	M15	4393.74	4451.09359	4544.81330	4340.54306			4390.77876011	4393.07843282	0
1788779700	XAUUSD	M15	4389.64	4450.92592	4544.64562	4340.37538			4389.61551979	4391.34697630	0
1788780600	XAUUSD	M15	4386.63	4450.75824	4544.47794	4340.20771		4381.13000	4389.25614495	4390.30156063	0
1788781500	XAUUSD	M15	4385.28	4450.59056	4544.31027	4340.04003			4389.78181098	4390.04168580	0
1788782400	XAUUSD	M15	4390.84	4450.42289	4544.14259	4339.87235			4391.18435629	4390.61302105	1
1788783300	XAUUSD	M15	4395.39	4450.25521	4543.97491	4339.70467			4393.20156573	4391.90729339	0
1788784200	XAUUSD	M15	4396.98	4450.08753	4543.80724	4339.53700			4395.55138852	4393.72934096	0
1788785100	XAUUSD	M15	4396.78	4449.91986	4543.63956	4339.36932			4397.99462792	4395.86198444	0
1788786000	XAUUSD	M15	4404.27	4449.75218	4543.47188	4339.20164			4400.40793542	4398.13495993	0
1788786900	XAUUSD	M15	4403.87	4449.58450	4543.30420	4339.03397			4402.55179476	4400.34337734	0
1788787800	XAUUSD	M15	4403.32	4449.41683	4543.13653	4338.86629			4404.45536700	4402.39937217	0
1788788700	XAUUSD	M15	4402.57	4449.24915	4542.96885	4338.69861			4406.19351715	4404.29644466	0
1788789600	XAUUSD	M15	4407.12	4449.08147	4542.80117	4338.53094			4407.84518834	4406.07081650	0
1788790500	XAUUSD	M15	4407.06	4448.91379	4542.63350	4338.36326			4409.34576123	4407.70828887	0
1788791400	XAUUSD	M15	4412.00	4448.74612	4542.46582	4338.19558			4410.74897804	4409.22863345	0
1788792300	XAUUSD	M15	4416.10	4448.57844	4542.29814	4338.02791	4419.58000		4411.95426475	4410.59144910	0
1788793200	XAUUSD	M15	4414.70	4448.41076	4542.13047	4337.86023			4412.90130488	4411.74637699	0
1788794100	XAUUSD	M15	4412.96	4448.24309	4541.96279	4337.69255			4413.68000259	4412.71318979	0
1788795000	XAUUSD	M15	4411.78	4448.07541	4541.79511	4337.52487			4414.32932511	4413.52125745	0
1788795900	XAUUSD	M15	4414.41	4447.90773	4541.62744	4337.35720			4414.81793894	4414.16959819	0
1788796800	XAUUSD	M15	4415.35	4447.74006	4541.45976	4337.18952			4415.00716676	4414.58838248	0
1788797700	XAUUSD	M15	4413.64	4447.57238	4541.29208	4337.02184			4414.81027330	4414.69932789	0
1788798600	XAUUSD	M15	4414.13	4447.40470	4541.12440	4336.85417			4414.25057518	4414.47495153	1
1788799500	XAUUSD	M15	4414.47	4447.23703	4540.95673	4336.68649			4413.33415869	4413.90455511	0
1788800400	XAUUSD	M15	4412.12	4447.06935	4540.78905	4336.51881			4412.12491816	4413.01473664	0
1788801300	XAUUSD	M15	4412.43	4446.90167	4540.62137	4336.35114			4410.78936519	4411.90205091	0
1788802200	XAUUSD	M15	4410.93	4446.73399	4540.45370	4336.18346			4409.47247595	4410.68726343	0
1788803100	XAUUSD	M15	4407.09	4446.56632	4540.28602	4336.01578			4408.33986616	4409.51356480	0
1788804000	XAUUSD	M15	4404.86	4446.39864	4540.11834	4335.84811			4407.60798153	4408.56077316	0
1788804900	XAUUSD	M15	4404.63	4446.23096	4539.95067	4335.68043			4407.39376010	4407.97726663	0
1788818400	XAUUSD	M15	4412.54	4446.06329	4539.78299	4335.51275			4407.71290299	4407.84508481	0
1788819300	XAUUSD	M15	4409.67	4445.89561	4539.61531	4335.34507			4408.30000397	4408.07254439	1
1788820200	XAUUSD	M15	4408.22	4445.72793	4539.44764	4335.17740			4409.23091818	4408.65173129	0
1788821100	XAUUSD	M15	4407.62	4445.56026	4539.27996	4335.00972			4410.56896885	4409.61035007	0
1788822000	XAUUSD	M15	4411.03	4445.39258	4539.11228	4334.84204			4412.35792498	4410.98413752	0
1788822900	XAUUSD	M15	4410.76	4445.22490	4538.94460	4334.67437			4414.46972860	4412.72693306	0
1788823800	XAUUSD	M15	4427.32	4445.05723	4538.77693	4334.50669			4416.88087304	4414.80390305	0
1788824700	XAUUSD	M15	4423.03	4444.88955	4538.60925	4334.33901			4419.12293864	4416.96342085	0
1788825600	XAUUSD	M15	4417.19	4444.72187	4538.44157	4334.17134			4421.32056829	4419.14199457	0
1788826500	XAUUSD	M15	4421.53	4444.55419	4538.27390	4334.00366			4423.63242990	4421.38721223	0
1788827400	XAUUSD	M15	4421.70	4444.38652	4538.10622	4333.83598			4425.90231965	4423.64476594	0
1788828300	XAUUSD	M15	4426.19	4444.21884	4537.93854	4333.66831			4428.01807752	4425.83142173	0
1788829200	XAUUSD	M15	4428.47	4444.05116	4537.77087	4333.50063			4429.70421807	4427.76781990	0
1788830100	XAUUSD	M15	4434.31	4443.88349	4537.60319	4333.33295			4430.76376191	4429.26579090	0
1788831000	XAUUSD	M15	4433.47	4443.71581	4537.43551	4333.16527			4430.99521860	4430.13050475	0
1788831900	XAUUSD	M15	4437.05	4443.54813	4537.26784	4332.99760			4430.50754197	4430.31902336	0
1788832800	XAUUSD	M15	4428.29	4443.38046	4537.10016	4332.82992			4429.46563629	4429.89232983	1
1788833700	XAUUSD	M15	4425.01	4443.21278	4536.93248	4332.66224			4428.46268234	4429.17750608	0
1788834600	XAUUSD	M15	4426.65	4443.04510	4536.76480	4332.49457			4427.97005477	4428.57378043	0
1788835500	XAUUSD	M15	4424.31	4442.87743	4536.59713	4332.32689			4428.23401359	4428.40389701	0
1788836400	XAUUSD	M15	4429.72	4442.70975	4536.42945	4332.15921			4429.39315272	4428.89852487	1
1788837300	XAUUSD	M15	4432.05	4442.54207	4536.26177	4331.99154			4431.17904303	4430.03878395	0
1788838200	XAUUSD	M15	4432.68	4442.37439	4536.09410	4331.82386			4433.23252978	4431.63565686	0
1788839100	XAUUSD	M15	4437.80	4442.20672	4535.92642	4331.65618			4435.12568403	4433.38067045	0
1788840000	XAUUSD	M15	4439.23	4442.03904	4535.75874	4331.48851	4442.97000		4436.28474604	4434.83270824	0
1788840900	XAUUSD	M15	4432.62	4441.87136	4535.59107	4331.32083			4436.33762895	4435.58516860	0
1788841800	XAUUSD	M15	4436.53	4441.70369	4535.42339	4331.15315			4435.26546309	4435.42531584	1
1788842700	XAUUSD	M15	4436.01	4441.53601	4535.25571	4330.98547			4432.95613298	4434.19072441	0
1788843600	XAUUSD	M15	4427.07	4441.36833	4535.08804	4330.81780			4429.51952371	4431.85512406	0
1788844500	XAUUSD	M15	4420.59	4441.20066	4534.92036	4330.65012			4425.42596172	4428.64054289	0
1788845400	XAUUSD	M15	4425.67	4441.03298	4534.75268	4330.48244			4421.07211518	4424.85632904	0
1788846300	XAUUSD	M15	4419.11	4440.86530	4534.58500	4330.31477			4416.54178883	4420.69905893	0
1788847200	XAUUSD	M15	4411.57	4440.69762	4534.41733	4330.14709			4412.20827544	4416.45366719	0
1788848100	XAUUSD	M15	4400.18	4440.52995	4534.24965	4329.97941			4408.37335589	4412.41351154	0
1788849000	XAUUSD	M15	4407.29	4440.36227	4534.08197	4329.81174			4405.30831644	4408.86091399	0
1788849900	XAUUSD	M15	4403.91	4440.19459	4533.91430	4329.64406			4402.66872685	4405.76482042	0
1788850800	XAUUSD	M15	4403.40	4440.02692	4533.74662	4329.47638			4400.35380939	4403.05931491	0
1788851700	XAUUSD	M15	4401.68	4439.85924	4533.57894	4329.30871			4398.20332420	4400.63131955	0
1788852600	XAUUSD	M15	4395.67	4439.69156	4533.41127	4329.14103			4396.22777754	4398.42954855	0
1788853500	XAUUSD	M15	4392.38	4439.52389	4533.24359	4328.97335			4394.65203057	4396.54078956	0
1788854400	XAUUSD	M15	4390.51	4439.35621	4533.07591	4328.80567			4393.67611258	4395.10845107	0
1788855300	XAUUSD	M15	4394.70	4439.18853	4532.90823	4328.63800			4393.42430857	4394.26637982	0
1788856200	XAUUSD	M15	4392.80	4439.02086	4532.74056	4328.47032			4393.77609463	4394.02123722	0
1788857100	XAUUSD	M15	4394.18	4438.85318	4532.57288	4328.30264			4394.67726935	4394.34925329	1
1788858000	XAUUSD	M15	4397.63	4438.68550	4532.40520	4328.13497			4395.85706895	4395.10316112	0
1788858900	XAUUSD	M15	4393.04	4438.51782	4532.23753	4327.96729			4396.98390560	4396.04353336	0
1788859800	XAUUSD	M15	4401.41	4438.35015	4532.06985	4327.79961			4397.96397614	4397.00375475	0
1788860700	XAUUSD	M15	4402.89	4438.18247	4531.90217	4327.63194			4398.46533407	4397.73454441	0
1788861600	XAUUSD	M15	4395.82	4438.01479	4531.73450	4327.46426			4398.46931942	4398.10193191	0
1788862500	XAUUSD	M15	4399.39	4437.84712	4531.56682	4327.29658			4398.30943501	4398.20568346	0
1788863400	XAUUSD	M15	4397.14	4437.67944	4531.39914	4327.12891			4398.08003651	4398.14285998	1
1788864300	XAUUSD	M15	4395.31	4437.51176	4531.23147	4326.96123			4398.03100632	4398.08693315	0
1788865200	XAUUSD	M15	4395.10	4437.34409	4531.06379	4326.79355			4398.35113894	4398.21903605	1
1788866100	XAUUSD	M15	4401.96	4437.17641	4530.89611	4326.62587			4399.08819431	4398.65361518	0
1788867000	XAUUSD	M15	4403.54	4437.00873	4530.72843	4326.45820			4400.00208623	4399.32785070	0
1788867900	XAUUSD	M15	4406.41	4436.84106	4530.56076	4326.29052			4400.92219542	4400.12502306	0
1788868800	XAUUSD	M15	4391.81	4436.67338	4530.39308	4326.12284			4401.63106372	4400.87804339	0
1788869700	XAUUSD	M15	4401.87	4436.50570	4530.22540	4325.95517			4402.35606652	4401.61705496	0
1788870600	XAUUSD	M15	4396.54	4436.33802	4530.05773	4325.78749			4402.69904947	4402.15805221	0
1788871500	XAUUSD	M15	4411.60	4436.17035	4529.89005	4325.61981			4402.71251157	4402.43528189	0
1788872400	XAUUSD	M15	4408.48	4436.00267	4529.72237	4325.45214	4412.55000		4402.00052811	4402.21790500	1
1788873300	XAUUSD	M15	4400.43	4435.83499	4529.55470	4325.28446			4400.75151901	4401.48471201	0
1788874200	XAUUSD	M15	4396.67	4435.66732	4529.38702	4325.11678			4399.42023205	4400.45247203	0
1788875100	XAUUSD	M15	4395.65	4435.49964	4529.21934	4324.94911			4398.35860945	4399.40554074	0
1788876000	XAUUSD	M15	4394.41	4435.33196	4529.05167	4324.78143			4397.77390601	4398.58972338	0
1788876900	XAUUSD	M15	4396.72	4435.16429	4528.88399	4324.61375			4397.70340362	4398.14656350	0
1788877800	XAUUSD	M15	4397.33	4434.99661	4528.71631	4324.44607			4397.95133855	4398.04895102	0
1788878700	XAUUSD	M15	4398.64	4434.82893	4528.54863	4324.27840			4398.27602622	4398.16248862	1
1788879600	XAUUSD	M15	4404.76	4434.66126	4528.38096	4324.11072			4398.39357435	4398.27803149	0
1788880500	XAUUSD	M15	4399.13	4434.49358	4528.21328	4323.94304			4397.98590321	4398.13196735	1
1788881400	XAUUSD	M15	4399.94	4434.32590	4528.04560	4323.77537			4397.18822751	4397.66009743	0
1788882300	XAUUSD	M15	4394.76	4434.15822	4527.87793	4323.60769			4396.06412219	4396.86210981	0
1788883200	XAUUSD	M15	4386.46	4433.99055	4527.71025	4323.44001			4394.89747543	4395.87979262	0
1788884100	XAUUSD	M15	4394.30	4433.82287	4527.54257	4323.27234			4394.04032232	4394.96005747	0
1788885000	XAUUSD	M15	4394.21	4433.65519	4527.37490	4323.10466			4393.33764762	4394.14885254	0
1788885900	XAUUSD	M15	4393.71	4433.48752	4527.20722	4322.93698			4392.77570817	4393.46228036	0
1788886800	XAUUSD	M15	4395.54	4433.31984	4527.03954	4322.76931			4392.29155105	4392.87691570	0
1788887700	XAUUSD	M15	4394.02	4433.15216	4526.87187	4322.60163			4391.66468002	4392.27079786	0
1788888600	XAUUSD	M15	4385.53	4432.98449	4526.70419	4322.43395			4390.74460680	4391.50770233	0
1788889500	XAUUSD	M15	4390.00	4432.81681	4526.53651	4322.26627			4389.55092294	4390.52931263	0
1788890400	XAUUSD	M15	4387.47	4432.64913	4526.36883	4322.09860			4387.73080298	4389.13005781	0
1788891300	XAUUSD	M15	4385.81	4432.48146	4526.20116	4321.93092			4385.16987550	4387.14996665	0
1788892200	XAUUSD	M15	4385.59	4432.31378	4526.03348	4321.76324			4381.81881774	4384.48439220	0
1788893100	XAUUSD	M15	4375.66	4432.14610	4525.86580	4321.59557			4377.73961670	4381.11200445	0
1788894000	XAUUSD	M15	4370.50	4431.97842	4525.69813	4321.42789			4373.35761544	4377.23480994	0
1788894900	XAUUSD	M15	4368.79	4431.81075	4525.53045	4321.26021			4369.04718073	4373.14099534	0
1788895800	XAUUSD	M15	4368.72	4431.64307	4525.36277	4321.09254			4365.09566674	4369.11833104	0
1788896700	XAUUSD	M15	4359.38	4431.47539	4525.19510	4320.92486			4361.72137873	4365.41985489	0
1788897600	XAUUSD	M15	4360.25	4431.30772	4525.02742	4320.75718			4359.22445560	4362.32215524	0
1788898500	XAUUSD	M15	4356.74	4431.14004	4524.85974	4320.58951			4357.54062328	4359.93138926	0
1788899400	XAUUSD	M15	4357.92	4430.97236	4524.69207	4320.42183			4356.54948311	4358.24043619	0
1788900300	XAUUSD	M15	4355.45	4430.80469	4524.52439	4320.25415			4355.96390695	4357.10217157	0
1788904800	XAUUSD	M15	4356.04	4430.63701	4524.35671	4320.08647			4355.60981653	4356.35599405	0
1788905700	XAUUSD	M15	4354.60	4430.46933	4524.18903	4319.91880			4355.23953376	4355.79776390	0
1788906600	XAUUSD	M15	4351.79	4430.30166	4524.02136	4319.75112			4354.74561962	4355.27169176	0
1788907500	XAUUSD	M15	4354.16	4430.13398	4523.85368	4319.58344			4354.15248730	4354.71208953	0
1788908400	XAUUSD	M15	4352.40	4429.96630	4523.68600	4319.41577			4353.44394536	4354.07801745	0
1788909300	XAUUSD	M15	4357.59	4429.79862	4523.51833	4319.24809			4352.79208361	4353.43505053	0
1788910200	XAUUSD	M15	4358.59	4429.63095	4523.35065	4319.08041			4352.26282629	4352.84893841	0
1788911100	XAUUSD	M15	4349.94	4429.46327	4523.18297	4318.91274			4352.07352525	4352.46123183	0
1788912000	XAUUSD	M15	4349.62	4429.29559	4523.01530	4318.74506			4352.73920128	4352.60021655	1
1788912900	XAUUSD	M15	4346.97	4429.12792	4522.84762	4318.57738		4341.25000	4354.45842893	4353.52932274	0
1788913800	XAUUSD	M15	4354.84	4428.96024	4522.67994	4318.40971			4357.35341029	4355.44136652	0
1788914700	XAUUSD	M15	4364.76	4428.79256	4522.51227	4318.24203			4361.09424029	4358.26780340	0
1788915600	XAUUSD	M15	4368.26	4428.62489	4522.34459	4318.07435			4365.12015164	4361.69397752	0
1788916500	XAUUSD	M15	4371.65	4428.45721	4522.17691	4317.90667			4368.99836735	4365.34617244	0
1788917400	XAUUSD	M15	4376.50	4428.28953	4522.00923	4317.73900			4372.34466811	4368.84542027	0
1788918300	XAUUSD	M15	4373.70	4428.12186	4521.84156	4317.57132			4374.84634821	4371.84588424	0
1788919200	XAUUSD	M15	4373.55	4427.95418	4521.67388	4317.40364			4376.53439385	4374.19013904	0
1788920100	XAUUSD	M15	4372.96	4427.78650	4521.50620	4317.23597			4377.50231587	4375.84622746	0
1788921000	XAUUSD	M15	4374.27	4427.61882	4521.33853	4317.06829			4377.90424120	4376.87523433	0
1788921900	XAUUSD	M15	4382.33	4427.45115	4521.17085	4316.90061			4377.87532798	4377.37528115	0
1788922800	XAUUSD	M15	4379.05	4427.28347	4521.00317	4316.73294			4377.39001413	4377.38264764	0
1788923700	XAUUSD	M15	4378.09	4427.11579	4520.83550	4316.56526			4376.76198680	4377.07231722	1
1788924600	XAUUSD	M15	4378.63	4426.94812	4520.66782	4316.39758			4376.27449293	4376.67340508	0
1788925500	XAUUSD	M15	4375.16	4426.78044	4520.50014	4316.22991			4376.15348174	4376.41344341	0
1788926400	XAUUSD	M15	4373.43	4426.61276	4520.33247	4316.06223			4376.68112211	4376.54728276	1
1788927300	XAUUSD	M15	4380.02	4426.44509	4520.16479	4315.89455			4378.02371179	4377.28549728	0
1788928200	XAUUSD	M15	4377.99	4426.27741	4519.99711	4315.72687			4380.04206470	4378.66378099	0
1788929100	XAUUSD	M15	4381.68	4426.10973	4519.82943	4315.55920			4382.74232689	4380.70305394	0
1788930000	XAUUSD	M15	4387.67	4425.94206	4519.66176	4315.39152			4385.91319264	4383.30812329	0
1788930900	XAUUSD	M15	4385.11	4425.77438	4519.49408	4315.22384			4389.22869236	4386.26840783	0
1788931800	XAUUSD	M15	4395.59	4425.60670	4519.32640	4315.05617			4392.60843748	4389.43842265	0
1788932700	XAUUSD	M15	4398.81	4425.43902	4519.15873	4314.88849			4395.65962518	4392.54902392	0
1788933600	XAUUSD	M15	4401.34	4425.27135	4518.99105	4314.72081			4398.27418201	4395.41160297	0
1788934500	XAUUSD	M15	4398.19	4425.10367	4518.82337	4314.55314			4400.50166632	4397.95663464	0
1788935400	XAUUSD	M15	4400.41	4424.93599	4518.65570	4314.38546			4402.52989837	4400.24326651	0
1788936300	XAUUSD	M15	4400.54	4424.76832	4518.48802	4314.21778			4404.34016783	4402.29171717	0
1788937200	XAUUSD	M15	4406.55	4424.60064	4518.32034	4314.05011			4405.88346614	4404.08759166	0
1788938100	XAUUSD	M15	4407.70	4424.43296	4518.15267	4313.88243			4406.90365186	4405.49562176	0
1788939000	XAUUSD	M15	4410.33	4424.26529	4517.98499	4313.71475			4407.25301247	4406.37431711	0
1788939900	XAUUSD	M15	4409.22	4424.09761	4517.81731	4313.54707			4406.80389336	4406.58910524	0
1788940800	XAUUSD	M15	4403.78	4423.92993	4517.64963	4313.37940			4405.53506578	4406.06208551	1
1788941700	XAUUSD	M15	4399.55	4423.76226	4517.48196	4313.21172			4403.61802829	4404.84005690	0
1788942600	XAUUSD	M15	4399.96	4423.59458	4517.31428	4313.04404			4401.31747013	4403.07876352	0
1788943500	XAUUSD	M15	4400.63	4423.42690	4517.14660	4312.87637			4398.86683934	4400.97280143	0
1788944400	XAUUSD	M15	4398.49	4423.25922	4516.97893	4312.70869			4396.54591627	4398.75935885	0
1788945300	XAUUSD	M15	4398.43	4423.09155	4516.81125	4312.54101			4394.71830100	4396.73882993	0
1788946200	XAUUSD	M15	4396.16	4422.92387	4516.64357	4312.37334			4393.66284017	4395.20083505	0
1788947100	XAUUSD	M15	4390.75	4422.75619	4516.47590	4312.20566			4393.58251092	4394.39167298	0
1788948000	XAUUSD	M15	4391.14	4422.58852	4516.30822	4312.03798		4386.20000	4394.59828027	4394.49497663	1
1788948900	XAUUSD	M15	4394.35	4422.42084	4516.14054	4311.87030			4396.45527739	4395.47512701	0
1788949800	XAUUSD	M15	4394.86	4422.25316	4515.97287	4311.70263			4398.63154236	4397.05333468	0
1788950700	XAUUSD	M15	4399.59	4422.08549	4515.80519	4311.53495			4400.64069222	4398.84701345	0
1788951600	XAUUSD	M15	4403.49	4421.91781	4515.63751	4311.36727			4401.98016904	4400.41359125	0
1788952500	XAUUSD	M15	4408.26	4421.75013	4515.46983	4311.19960			4402.39567234	4401.40463179	0
1788953400	XAUUSD	M15	4405.53	4421.58246	4515.30216	4311.03192			4401.91130977	4401.65797078	0
1788954300	XAUUSD	M15	4407.19	4421.41478	4515.13448	4310.86424			4401.03330162	4401.34563620	1
1788955200	XAUUSD	M15	4399.22	4421.24710	4514.96680	4310.69657			4400.32015146	4400.83289383	0
1788956100	XAUUSD	M15	4393.66	4421.07942	4514.79913	4310.52889			4400.62120920	4400.72705152	0
1788957000	XAUUSD	M15	4395.35	4420.91175	4514.63145	4310.36121			4402.52327711	4401.62516432	1
1788957900	XAUUSD	M15	4400.11	4420.74407	4514.46377	4310.19354			4406.05914360	4403.84215396	0
1788958800	XAUUSD	M15	4413.28	4420.57639	4514.29610	4310.02586			4410.78313519	4407.31264457	0
1788959700	XAUUSD	M15	4429.58	4420.40872	4514.12842	4309.85818			4415.65260054	4411.48262256	0
1788960600	XAUUSD	M15	4417.01	4420.24104	4513.96074	4309.69050	4434.07000		4419.43474582	4415.45868419	0
1788961500	XAUUSD	M15	4415.09	4420.07336	4513.79307	4309.52283			4421.75839264	4418.60853841	0
1788962400	XAUUSD	M15	4423.31	4419.90569	4513.62539	4309.35515			4422.20075765	4420.40464803	0
1788963300	XAUUSD	M15	4425.66	4419.73801	4513.45771	4309.18747			4420.36981931	4420.38723367	1
1788964200	XAUUSD	M15	4418.89	4419.57033	4513.29003	4309.01980			4416.41751046	4418.40237207	0
1788965100	XAUUSD	M15	4418.72	4419.40266	4513.12236	4308.85212			4411.09577129	4414.74907168	0
1788966000	XAUUSD	M15	4389.91	4419.23498	4512.95468	4308.68444			4405.25906465	4410.00406817	0
1788966900	XAUUSD	M15	4394.63	4419.06730	4512.78700	4308.51677		4375.04000	4400.58415712	4405.29411264	0
1788967800	XAUUSD	M15	4403.07	4418.89962	4512.61933	4308.34909			4397.67313673	4401.48362469	0
1788968700	XAUUSD	M15	4398.45	4418.73195	4512.45165	4308.18141			4396.71762553	4399.10062511	0
1788969600	XAUUSD	M15	4397.90	4418.56427	4512.28397	4308.01374			4397.90995824	4398.50529167	0
1788970500	XAUUSD	M15	4401.65	4418.39659	4512.11630	4307.84606			4400.96384463	4399.73456815	1
1788971400	XAUUSD	M15	4407.30	4418.22892	4511.94862	4307.67838			4405.21597410	4402.47527113	0
1788972300	XAUUSD	M15	4409.61	4418.06124	4511.78094	4307.51070			4409.79500572	4406.13513842	0
1788973200	XAUUSD	M15	4416.89	4417.89356	4511.61327	4307.34303			4413.94809802	4410.04161822	0
1788974100	XAUUSD	M15	4414.87	4417.72589	4511.44559	4307.17535			4416.92039839	4413.48100830	0
1788975000	XAUUSD	M15	4413.66	4417.55821	4511.27791	4307.00767			4418.42037468	4415.95069149	0
1788975900	XAUUSD	M15	4416.14	4417.39053	4511.11023	4306.84000			4418.35864549	4417.15466849	0
1788976800	XAUUSD	M15	4420.38	4417.22286	4510.94256	4306.67232			4416.75400966	4416.95433908	1
1788977700	XAUUSD	M15	4417.91	4417.05518	4510.77488	4306.50464			4413.77608892	4415.36521400	0
1788978600	XAUUSD	M15	4409.85	4416.88750	4510.60720	4306.33697			4409.91143344	4412.63832372	0
1788979500	XAUUSD	M15	4403.25	4416.71982	4510.43953	4306.16929			4405.87579663	4409.25706017	0
1788980400	XAUUSD	M15	4400.35	4416.55215	4510.27185	4306.00161			4402.28949069	4405.77327543	0
1788981300	XAUUSD	M15	4399.57	4416.38447	4510.10417	4305.83394			4399.56075121	4402.66701332	0
1788982200	XAUUSD	M15	4399.87	4416.21679	4509.93650	4305.66626			4397.86399114	4400.26550223	0
1788983100	XAUUSD	M15	4399.19	4416.04912	4509.76882	4305.49858			4397.19968078	4398.73259151	0
1788984000	XAUUSD	M15	4397.32	4415.88144	4509.60114	4305.33090			4397.47003283	4398.10131217	0
1788984900	XAUUSD	M15	4394.71	4415.71376	4509.43347	4305.16323			4398.48454947	4398.29293082	1
1788985800	XAUUSD	M15	4400.29	4415.54609	4509.26579	4304.99555			4399.96340246	4399.12816664	0
1788986700	XAUUSD	M15	4401.82	4415.37841	4509.09811	4304.82787			4401.33904784	4400.23360724	0
1788991200	XAUUSD	M15	4403.06	4415.21073	4508.93043	4304.66020			4402.21105065	4401.22232894	0
1788992100	XAUUSD	M15	4402.56	4415.04306	4508.76276	4304.49252			4402.35082116	4401.78657505	0
1788993000	XAUUSD	M15	4401.50	4414.87538	4508.59508	4304.32484			4401.71856125	4401.75256815	1
1788993900	XAUUSD	M15	4399.69	4414.70770	4508.42740	4304.15717			4400.44457196	4401.09857005	0
1788994800	XAUUSD	M15	4400.68	4414.54002	4508.25973	4303.98949			4398.77365149	4399.93611077	0
1788995700	XAUUSD	M15	4397.61	4414.37235	4508.09205	4303.82181			4396.97175189	4398.45393133	0
1788996600	XAUUSD	M15	4394.38	4414.20467	4507.92437	4303.65414			4395.47697942	4396.96545538	0
1788997500	XAUUSD	M15	4394.15	4414.03699	4507.75670	4303.48646			4394.78981779	4395.87763658	0
1788998400	XAUUSD	M15	4394.96	4413.86932	4507.58902	4303.31878		4389.66000	4395.15383984	4395.51573821	0
1788999300	XAUUSD	M15	4392.95	4413.70164	4507.42134	4303.15110			4396.61477557	4396.06525689	1
1789000200	XAUUSD	M15	4400.98	4413.53396	4507.25367	4302.98343			4399.16611464	4397.61568576	0
1789001100	XAUUSD	M15	4401.15	4413.36629	4507.08599	4302.81575			4402.40942368	4400.01255472	0
1789002000	XAUUSD	M15	4412.80	4413.19861	4506.91831	4302.64807			4406.05124248	4403.03189860	0
1789002900	XAUUSD	M15	4410.48	4413.03093	4506.75063	4302.48040			4409.48144620	4406.25667240	0
1789003800	XAUUSD	M15	4409.86	4412.86326	4506.58296	4302.31272			4412.48667838	4409.37167539	0
1789004700	XAUUSD	M15	4412.21	4412.69558	4506.41528	4302.14504			4414.85775774	4412.11471657	0
1789005600	XAUUSD	M15	4414.10	4412.52790	4506.24760	4301.97737			4416.39769926	4414.25620791	0
1789006500	XAUUSD	M15	4417.05	4412.36022	4506.07993	4301.80969			4417.00026251	4415.62823521	0
1789007400	XAUUSD	M15	4418.11	4412.19255	4505.91225	4301.64201			4416.62012785	4416.12418153	0
1789008300	XAUUSD	M15	4419.40	4412.02487	4505.74457	4301.47434			4415.37197863	4415.74808008	1
1789009200	XAUUSD	M15	4412.68	4411.85719	4505.57690	4301.30666			4413.49661211	4414.62234610	0
1789010100	XAUUSD	M15	4410.20	4411.68952	4505.40922	4301.13898			4411.55466213	4413.08850411	0
1789011000	XAUUSD	M15	4407.86	4411.52184	4505.24154	4300.97130			4409.98431697	4411.53641054	0
1789011900	XAUUSD	M15	4409.13	4411.35416	4505.07387	4300.80363			4409.13130312	4410.33385683	0
1789012800	XAUUSD	M15	4414.08	4411.18649	4504.90619	4300.63595			4409.14303601	4409.73844642	0
1789013700	XAUUSD	M15	4411.79	4411.01881	4504.73851	4300.46827			4409.96459269	4409.85151956	1
1789014600	XAUUSD	M15	4406.62	4410.85113	4504.57083	4300.30060			4411.64731742	4410.74941849	0
1789015500	XAUUSD	M15	4408.46	4410.68345	4504.40316	4300.13292			4414.18467842	4412.46704845	0
1789016400	XAUUSD	M15	4418.93	4410.51578	4504.23548	4299.96524			4417.27562000	4414.87133423	0
1789017300	XAUUSD	M15	4420.66	4410.34810	4504.06780	4299.79757			4420.29136907	4417.58135165	0
1789018200	XAUUSD	M15	4428.27	4410.18042	4503.90013	4299.62989			4422.78179856	4420.18157511	0
1789019100	XAUUSD	M15	4431.14	4410.01275	4503.73245	4299.46221			4424.21270126	4422.19713818	0
1789020000	XAUUSD	M15	4416.22	4409.84507	4503.56477	4299.29454	4434.72000		4424.32708766	4423.26211292	0
1789020900	XAUUSD	M15	4417.58	4409.67739	4503.39710	4299.12686			4423.53826909	4423.40019101	0
1789021800	XAUUSD	M15	4426.81	4409.50972	4503.22942	4298.95918			4421.94955017	4422.67487059	1
1789022700	XAUUSD	M15	4425.20	4409.34204	4503.06174	4298.79150			4419.51922605	4421.09704832	0
1789023600	XAUUSD	M15	4413.35	4409.17436	4502.89406	4298.62383			4416.50955501	4418.80330167	0
1789024500	XAUUSD	M15	4408.38	4409.00669	4502.72639	4298.45615			4413.44892998	4416.12611582	0
1789025400	XAUUSD	M15	4409.66	4408.83901	4502.55871	4298.28847			4410.55754103	4413.34182842	0
1789026300	XAUUSD	M15	4411.75	4408.67133	4502.39103	4298.12080			4407.77210191	4410.55696517	0
1789027200	XAUUSD	M15	4405.75	4408.50365	4502.22336	4297.95312			4404.94847410	4407.75271964	0
1789028100	XAUUSD	M15	4405.68	4408.33598	4502.05568	4297.78544			4402.16134771	4404.95703367	0
1789029000	XAUUSD	M15	4395.89	4408.16830	4501.88800	4297.61777			4399.40035074	4402.17869220	0
1789029900	XAUUSD	M15	4394.93	4408.00062	4501.72033	4297.45009			4396.96480782	4399.57175001	0
1789030800	XAUUSD	M15	4394.92	4407.83295	4501.55265	4297.28241			4394.95018769	4397.26096885	0
1789031700	XAUUSD	M15	4392.82	4407.66527	4501.38497	4297.11474			4393.42510494	4395.34303689	0
1789032600	XAUUSD	M15	4392.80	4407.49759	4501.21730	4296.94706			4392.41811398	4393.88057544	0
1789033500	XAUUSD	M15	4394.07	4407.32992	4501.04962	4296.77938			4391.82769704	4392.85413624	0
1789034400	XAUUSD	M15	4395.24	4407.16224	4500.88194	4296.61170			4391.40139977	4392.12776800	0
1789035300	XAUUSD	M15	4394.11	4406.99456	4500.71426	4296.44403			4390.82889319	4391.47833060	0
1789036200	XAUUSD	M15	4383.85	4406.82689	4500.54659	4296.27635			4389.80948452	4390.64390756	0
1789037100	XAUUSD	M15	4378.94	4406.65921	4500.37891	4296.10867			4388.28496317	4389.46443537	0
1789038000	XAUUSD	M15	4383.47	4406.49153	4500.21123	4295.94100			4386.02540307	4387.74491922	0
1789038900	XAUUSD	M15	4385.91	4406.32385	4500.04356	4295.77332			4382.61858161	4385.18175041	0
1789039800	XAUUSD	M15	4384.58	4406.15618	4499.87588	4295.60564			4377.87061579	4381.52618310	0
1789040700	XAUUSD	M15	4374.69	4405.98850	4499.70820	4295.43797			4371.97251473	4376.74934892	0
1789041600	XAUUSD	M15	4375.08	4405.82082	4499.54053	4295.27029			4365.61115323	4371.18025107	0
1789042500	XAUUSD	M15	4363.69	4405.65315	4499.37285	4295.10261			4359.41991951	4365.30008529	0
1789043400	XAUUSD	M15	4340.92	4405.48547	4499.20517	4294.93494		4324.10000	4354.37137827	4359.83573178	0
1789044300	XAUUSD	M15	4340.55	4405.31779	4499.03750	4294.76726			4351.55601246	4355.69587212	0
1789045200	XAUUSD	M15	4344.04	4405.15012	4498.86982	4294.59958			4351.11835573	4353.40711392	0
1789046100	XAUUSD	M15	4357.51	4404.98244	4498.70214	4294.43190			4352.66156011	4353.03433702	0
1789047000	XAUUSD	M15	4364.31	4404.81476	4498.53446	4294.26423			4355.22501042	4354.12967372	1
1789047900	XAUUSD	M15	4365.88	4404.64709	4498.36679	4294.09655			4357.95444305	4356.04205838	0
1789048800	XAUUSD	M15	4359.39	4404.47941	4498.19911	4293.92887			4360.22068359	4358.13137099	0
1789049700	XAUUSD	M15	4363.38	4404.31173	4498.03143	4293.76120			4361.81724786	4359.97430942	0
1789050600	XAUUSD	M15	4356.33	4404.14405	4497.86376	4293.59352			4362.52373450	4361.24902196	0
1789051500	XAUUSD	M15	4358.03	4403.97638	4497.69608	4293.42584			4362.66969328	4361.95935762	0
1789052400	XAUUSD	M15	4359.65	4403.80870	4497.52840	4293.25817			4362.48327756	4362.22131759	0
1789053300	XAUUSD	M15	4365.29	4403.64102	4497.36073	4293.09049			4362.22042268	4362.22087014	1
1789054200	XAUUSD	M15	4365.91	4403.47335	4497.19305	4292.92281			4361.98457017	4362.10272015	0
1789055100	XAUUSD	M15	4365.83	4403.30567	4497.02537	4292.75514			4361.93445184	4362.01858599	0
1789056000	XAUUSD	M15	4359.01	4403.13799	4496.85770	4292.58746			4362.10920743	4362.06389671	1
1789056900	XAUUSD	M15	4363.01	4402.97032	4496.69002	4292.41978			4362.59257428	4362.32823550	0
1789057800	XAUUSD	M15	4356.25	4402.80264	4496.52234	4292.25210			4362.99801567	4362.66312558	0
1789058700	XAUUSD	M15	4364.05	4402.63496	4496.35466	4292.08443			4363.10834827	4362.88573693	0
1789059600	XAUUSD	M15	4362.43	4402.46729	4496.18699	4291.91675			4362.29018155	4362.58795924	1
1789060500	XAUUSD	M15	4365.84	4402.29961	4496.01931	4291.74907			4360.22598852	4361.40697388	0
1789061400	XAUUSD	M15	4359.41	4402.13193	4495.85163	4291.58140			4356.63961539	4359.02329464	0
1789062300	XAUUSD	M15	4352.62	4401.96425	4495.68396	4291.41372			4351.76802451	4355.39565958	0
1789063200	XAUUSD	M15	4340.88	4401.79658	4495.51628	4291.24604			4346.09543796	4350.74554877	0
1789064100	XAUUSD	M15	4339.00	4401.62890	4495.34860	4291.07837			4340.37399522	4345.55977199	0
1789065000	XAUUSD	M15	4333.80	4401.46122	4495.18093	4290.91069			4335.04685431	4340.30331315	0
1789065900	XAUUSD	M15	4332.98	4401.29355	4495.01325	4290.74301			4330.52391158	4335.41361236	0
1789066800	XAUUSD	M15	4322.41	4401.12587	4494.84557	4290.57534			4326.94390585	4331.17875911	0
1789067700	XAUUSD	M15	4327.19	4400.95819	4494.67790	4290.40766			4324.51486451	4327.84681181	0
1789068600	XAUUSD	M15	4324.42	4400.79052	4494.51022	4290.23998			4322.90827640	4325.37754411	0
1789069500	XAUUSD	M15	4324.24	4400.62284	4494.34254	4290.07230			4321.86876632	4323.62315521	0
1789070400	XAUUSD	M15	4323.01	4400.45516	4494.17486	4289.90463			4321.13356855	4322.37836188	0
1789071300	XAUUSD	M15	4318.54	4400.28749	4494.00719	4289.73695			4320.56775196	4321.47305692	0
1789072200	XAUUSD	M15	4318.07	4400.11981	4493.83951	4289.56927			4320.14635516	4320.80970604	0
1789073100	XAUUSD	M15	4316.65	4399.95213	4493.67183	4289.40160			4319.76271853	4320.28621228	0
1789077600	XAUUSD	M15	4321.41	4399.78445	4493.50416	4289.23392			4319.36114238	4319.82367733	0
1789078500	XAUUSD	M15	4319.77	4399.61678	4493.33648	4289.06624			4318.75546688	4319.28957210	0
1789079400	XAUUSD	M15	4316.07	4399.44910	4493.16880	4288.89857			4318.02406301	4318.65681756	0
1789080300	XAUUSD	M15	4318.58	4399.28142	4493.00113	4288.73089			4317.37780510	4318.01731133	0
1789081200	XAUUSD	M15	4319.69	4399.11375	4492.83345	4288.56321			4316.93579792	4317.47655462	0
1789082100	XAUUSD	M15	4318.21	4398.94607	4492.66577	4288.39554			4316.88294165	4317.17974813	0
1789083000	XAUUSD	M15	4316.12	4398.77839	4492.49810	4288.22786			4317.43133753	4317.30554283	1
1789083900	XAUUSD	M15	4315.19	4398.61072	4492.33042	4288.06018			4318.74447650	4318.02500967	0
1789084800	XAUUSD	M15	4319.07	4398.44304	4492.16274	4287.89250			4320.83136041	4319.42818504	0
1789085700	XAUUSD	M15	4323.95	4398.27536	4491.99506	4287.72483			4323.43677921	4321.43248213	0
1789086600	XAUUSD	M15	4327.55	4398.10769	4491.82739	4287.55715			4326.17166766	4323.80207489	0
1789087500	XAUUSD	M15	4332.12	4397.94001	4491.65971	4287.38947			4328.64036650	4326.22122070	0
1789088400	XAUUSD	M15	4333.07	4397.77233	4491.49203	4287.22180	4340.49000		4330.41072357	4328.31597214	0
1789089300	XAUUSD	M15	4328.15	4397.60465	4491.32436	4287.05412			4331.23884743	4329.77740978	0
1789090200	XAUUSD	M15	4326.71	4397.43698	4491.15668	4286.88644			4331.10712414	4330.44226696	0
1789091100	XAUUSD	M15	4329.32	4397.26930	4490.98900	4286.71877			4329.99787377	4330.22007037	1
1789092000	XAUUSD	M15	4330.80	4397.10162	4490.82133	4286.55109			4327.85545049	4329.03776043	0
1789092900	XAUUSD	M15	4325.22	4396.93395	4490.65365	4286.38341			4324.79722829	4326.91749436	0
1789093800	XAUUSD	M15	4318.88	4396.76627	4490.48597	4286.21574			4321.26443125	4324.09096281	0
1789094700	XAUUSD	M15	4322.78	4396.59859	4490.31830	4286.04806			4317.83976750	4320.96536515	0
1789095600	XAUUSD	M15	4319.69	4396.43092	4490.15062	4285.88038			4314.86111438	4317.91323976	0
1789096500	XAUUSD	M15	4309.28	4396.26324	4489.98294	4285.71270			4312.86856497	4315.39090236	0
1789097400	XAUUSD	M15	4308.31	4396.09556	4489.81526	4285.54503			4312.50505297	4313.94797767	0
1789098300	XAUUSD	M15	4303.83	4395.92789	4489.64759	4285.37735		4300.88000	4313.97575628	4313.96186698	1
1789099200	XAUUSD	M15	4321.59	4395.76021	4489.47991	4285.20967			4317.31521649	4315.63854173	0
1789100100	XAUUSD	M15	4328.62	4395.59253	4489.31223	4285.04200			4321.77167883	4318.70511028	0
1789101000	XAUUSD	M15	4330.48	4395.42485	4489.14456	4284.87432			4326.78405693	4322.74458361	0
1789101900	XAUUSD	M15	4331.80	4395.25718	4488.97688	4284.70664			4331.95545883	4327.35002122	0
1789102800	XAUUSD	M15	4337.99	4395.08950	4488.80920	4284.53897			4336.95037655	4332.15019889	0
1789103700	XAUUSD	M15	4334.66	4394.92182	4488.64153	4284.37129			4341.39674331	4336.77347110	0
1789104600	XAUUSD	M15	4342.85	4394.75415	4488.47385	4284.20361			4345.24605117	4341.00976113	0
1789105500	XAUUSD	M15	4345.71	4394.58647	4488.30617	4284.03594			4348.27456350	4344.64216232	0
1789106400	XAUUSD	M15	4359.03	4394.41879	4488.13850	4283.86826	4360.76000		4350.46160032	4347.55188132	0
1789107300	XAUUSD	M15	4351.62	4394.25112	4487.97082	4283.70058			4351.54606279	4349.54897205	0
1789108200	XAUUSD	M15	4350.65	4394.08344	4487.80314	4283.53290			4351.84640755	4350.69768980	0
1789109100	XAUUSD	M15	4353.25	4393.91576	4487.63546	4283.36523			4351.57020848	4351.13394914	0
1789110000	XAUUSD	M15	4351.58	4393.74809	4487.46779	4283.19755			4350.79872807	4350.96633860	1
1789110900	XAUUSD	M15	4346.35	4393.58041	4487.30011	4283.02987			4349.71328690	4350.33981275	0
1789111800	XAUUSD	M15	4345.20	4393.41273	4487.13243	4282.86220			4348.58375885	4349.46178580	0
1789112700	XAUUSD	M15	4344.91	4393.24505	4486.96476	4282.69452			4347.56841473	4348.51510027	0
1789113600	XAUUSD	M15	4347.42	4393.07738	4486.79708	4282.52684			4346.76480975	4347.63995501	0
1789114500	XAUUSD	M15	4351.79	4392.90970	4486.62940	4282.35917			4346.21377003	4346.92686252	0
1789115400	XAUUSD	M15	4352.64	4392.74202	4486.46173	4282.19149			4345.91418588	4346.42052420	0
1789116300	XAUUSD	M15	4346.99	4392.57435	4486.29405	4282.02381			4345.92398635	4346.17225527	0
1789117200	XAUUSD	M15	4342.64	4392.40667	4486.12637	4281.85613			4346.38156178	4346.27690853	1
1789118100	XAUUSD	M15	4343.73	4392.23899	4485.95870	4281.68846			4347.19170882	4346.73430867	0
1789119000	XAUUSD	M15	4343.48	4392.07132	4485.79102	4281.52078			4347.95135422	4347.34283144	0
1789119900	XAUUSD	M15	4346.33	4391.90364	4485.62334	4281.35310			4348.18346143	4347.76314644	0
1789120800	XAUUSD	M15	4346.20	4391.73596	4485.45566	4281.18543			4347.38594236	4347.57454440	1
1789121700	XAUUSD	M15	4349.22	4391.56829	4485.28799	4281.01775			4345.33842610	4346.45648525	0
1789122600	XAUUSD	M15	4345.08	4391.40061	4485.12031	4280.85007			4342.03123812	4344.24386169	0
1789123500	XAUUSD	M15	4337.27	4391.23293	4484.95263	4280.68240			4338.04621096	4341.14503632	0
1789124400	XAUUSD	M15	4338.06	4391.06525	4484.78496	4280.51472			4334.37542802	4337.76023217	0
1789125300	XAUUSD	M15	4336.43	4390.89758	4484.61728	4280.34704			4331.96071558	4334.86047387	0
1789126200	XAUUSD	M15	4334.61	4390.72990	4484.44960	4280.17937			4331.79187969	4333.32617678	0
1789127100	XAUUSD	M15	4333.35	4390.56222	4484.28193	4280.01169			4334.58927634	4333.95772656	1
1789128000	XAUUSD	M15	4327.76	4390.39455	4484.11425	4279.84401			4340.67884925	4337.31828791	0
1789128900	XAUUSD	M15	4341.27	4390.22687	4483.94657	4279.67633			4349.95960863	4343.63894827	0
1789129800	XAUUSD	M15	4354.26	4390.05919	4483.77890	4279.50866		4292.06000	4361.25163959	4352.44529393	0
1789130700	XAUUSD	M15	4388.66	4389.89152	4483.61122	4279.34098			4372.97028452	4362.70778922	0
1789131600	XAUUSD	M15	4389.65	4389.72384	4483.44354	4279.17330			4382.86948080	4372.78863501	0
1789132500	XAUUSD	M15	4389.94	4389.55616	4483.27586	4279.00563			4389.81971457	4381.30417479	0
1789133400	XAUUSD	M15	4394.70	4389.38849	4483.10819	4278.83795			4393.18690467	4387.24553973	0
1789134300	XAUUSD	M15	4401.66	4389.22081	4482.94051	4278.67027			4392.80538362	4390.02546168	0
1789135200	XAUUSD	M15	4383.05	4389.05313	4482.77283	4278.50260	4402.51000		4389.01124084	4389.51835126	1
1789136100	XAUUSD	M15	4375.09	4388.88545	4482.60516	4278.33492			4383.26260820	4386.39047973	0
1789137000	XAUUSD	M15	4371.24	4388.71778	4482.43748	4278.16724			4376.90129607	4381.64588790	0
1789137900	XAUUSD	M15	4370.80	4388.55010	4482.26980	4277.99957			4371.06911787	4376.35750288	0
1789138800	XAUUSD	M15	4362.20	4388.38242	4482.10213	4277.83189			4366.53333074	4371.44541681	0
1789139700	XAUUSD	M15	4370.53	4388.21475	4481.93445	4277.66421			4363.86709439	4367.65625560	0
1789140600	XAUUSD	M15	4372.95	4388.04707	4481.76677	4277.49653			4362.77474616	4365.21550088	0
1789141500	XAUUSD	M15	4367.05	4387.87939	4481.59910	4277.32886			4362.76842832	4363.99196460	0
1789142400	XAUUSD	M15	4361.27	4387.71172	4481.43142	4277.16118			4363.44246185	4363.71721322	0
1789143300	XAUUSD	M15	4354.89	4387.54404	4481.26374	4276.99350			4364.34415111	4364.03068217	1
1789144200	XAUUSD	M15	4363.54	4387.37636	4481.09606	4276.82583			4365.09966605	4364.56517411	0
1789145100	XAUUSD	M15	4361.67	4387.20869	4480.92839	4276.65815			4365.07574634	4364.82046023	0
1789146000	XAUUSD	M15	4365.89	4387.04101	4480.76071	4276.49047			4364.08669721	4364.45357872	1
1789146900	XAUUSD	M15	4366.98	4386.87333	4480.59303	4276.32280			4362.01811513	4363.23584692	0
1789147800	XAUUSD	M15	4362.04	4386.70565	4480.42536	4276.15512			4359.05110780	4361.14347736	0
1789148700	XAUUSD	M15	4358.22	4386.53798	4480.25768	4275.98744			4355.72311302	4358.43329519	0
1789149600	XAUUSD	M15	4346.82	4386.37030	4480.09000	4275.81977			4352.56119355	4355.49724437	0
1789150500	XAUUSD	M15	4350.60	4386.20262	4479.92233	4275.65209			4350.22561968	4352.86143202	0
1789151400	XAUUSD	M15	4346.97	4386.03495	4479.75465	4275.48441			4348.78451655	4350.82297429	0
1789152300	XAUUSD	M15	4346.94	4385.86727	4479.58697	4275.31673			4348.22349267	4349.52323348	0
1789153200	XAUUSD	M15	4351.96	4385.69959	4479.41930	4275.14906			4348.26245825	4348.89284586	0
1789154100	XAUUSD	M15	4347.34	4385.53192	4479.25162	4274.98138			4348.42497872	4348.65891229	0
1789155000	XAUUSD	M15	4346.19	4385.36424	4479.08394	4274.81370			4348.50328152	4348.58109691	0
1789155900	XAUUSD	M15	4348.79	4385.19656	4478.91626	4274.64603			4348.29917367	4348.44013529	0
1789156800	XAUUSD	M15	4348.34	4385.02889	4478.74859	4274.47835			4347.58656000	4348.01334764	0
1789157700	XAUUSD	M15	4348.79	4384.86121	4478.58091	4274.31067			4346.36235809	4347.18785287	0
1789158600	XAUUSD	M15	4346.47	4384.69353	4478.41323	4274.14300			4344.64100537	4345.91442912	0
1789159500	XAUUSD	M15	4349.02	4384.52585	4478.24556	4273.97532			4342.66949061	4344.29195986	0
1789336800	XAUUSD	M15	4330.85	4384.35818	4478.07788	4273.80764			4340.61647671	4342.45421828	0
1789337700	XAUUSD	M15	4336.17	4384.19050	4477.91020	4273.63997			4339.13935140	4340.79678484	0
1789338600	XAUUSD	M15	4337.23	4384.02282	4477.74253	4273.47229			4338.14248280	4339.46963382	0
1789339500	XAUUSD	M15	4337.87	4383.85515	4477.57485	4273.30461			4337.59762320	4338.53362851	0
1789340400	XAUUSD	M15	4339.60	4383.68747	4477.40717	4273.13693			4337.36937320	4337.95150086	0
1789341300	XAUUSD	M15	4339.42	4383.51979	4477.23950	4272.96926			4337.25762527	4337.60456306	0
1789342200	XAUUSD	M15	4337.90	4383.35212	4477.07182	4272.80158			4337.13772792	4337.37114549	0
1789343100	XAUUSD	M15	4332.81	4383.18444	4476.90414	4272.63390			4337.00214202	4337.18664376	0
1789344000	XAUUSD	M15	4342.68	4383.01676	4476.73646	4272.46623			4337.01079615	4337.09871995	0
1789344900	XAUUSD	M15	4337.92	4382.84909	4476.56879	4272.29855			4336.99989786	4337.04930891	0
1789345800	XAUUSD	M15	4338.25	4382.68141	4476.40111	4272.13087			4337.29820652	4337.17375771	1
1789346700	XAUUSD	M15	4338.54	4382.51373	4476.23343	4271.96320			4338.07473880	4337.62424826	0
1789347600	XAUUSD	M15	4331.66	4382.34605	4476.06576	4271.79552			4339.41626967	4338.52025896	0
1789348500	XAUUSD	M15	4335.52	4382.17838	4475.89808	4271.62784			4341.39494362	4339.95760129	0
1789349400	XAUUSD	M15	4342.34	4382.01070	4475.73040	4271.46017			4343.62457101	4341.79108615	0
1789350300	XAUUSD	M15	4353.38	4381.84302	4475.56273	4271.29249			4345.47412269	4343.63260442	0
1789351200	XAUUSD	M15	4349.35	4381.67535	4475.39505	4271.12481			4346.22391562	4344.92826002	0
1789352100	XAUUSD	M15	4352.17	4381.50767	4475.22737	4270.95713			4345.67909816	4345.30367909	0
1789353000	XAUUSD	M15	4345.68	4381.33999	4475.05970	4270.78946	4355.34000		4343.66756879	4344.48562394	1
1789353900	XAUUSD	M15	4330.93	4381.17232	4474.89202	4270.62178			4340.54468079	4342.51515237	0
1789354800	XAUUSD	M15	4333.46	4381.00464	4474.72434	4270.45410			4337.05746721	4339.78630979	0
1789355700	XAUUSD	M15	4334.82	4380.83696	4474.55666	4270.28643			4333.58498468	4336.68564723	0
1789356600	XAUUSD	M15	4329.00	4380.66928	4474.38899	4270.11875			4330.51840041	4333.60202382	0
1789357500	XAUUSD	M15	4330.45	4380.50161	4474.22131	4269.95107			4328.34182416	4330.97192399	0
1789358400	XAUUSD	M15	4329.15	4380.33393	4474.05363	4269.78340			4327.18957526	4329.08074963	0
1789359300	XAUUSD	M15	4331.47	4380.16625	4473.88596	4269.61572			4327.08370965	4328.08222964	0
1789360200	XAUUSD	M15	4323.42	4379.99858	4473.71828	4269.44804			4327.76455608	4327.92339286	0
1789361100	XAUUSD	M15	4329.53	4379.83090	4473.55060	4269.28037			4329.09152586	4328.50745936	1
1789362000	XAUUSD	M15	4330.74	4379.66322	4473.38293	4269.11269			4330.49649317	4329.50197626	0
1789362900	XAUUSD	M15	4326.93	4379.49555	4473.21525	4268.94501			4331.55200989	4330.52699308	0
1789363800	XAUUSD	M15	4331.04	4379.32787	4473.04757	4268.77733			4332.06798197	4331.29748752	0
1789364700	XAUUSD	M15	4337.34	4379.16019	4472.87989	4268.60966			4331.80428378	4331.55088565	0
1789365600	XAUUSD	M15	4329.93	4378.99252	4472.71222	4268.44198			4330.56326781	4331.05707673	1
1789366500	XAUUSD	M15	4330.20	4378.82484	4472.54454	4268.27430			4328.68814754	4329.87261213	0
1789367400	XAUUSD	M15	4327.26	4378.65716	4472.37686	4268.10663			4326.41541344	4328.14401279	0
1789368300	XAUUSD	M15	4322.20	4378.48948	4472.20919	4267.93895			4324.04336294	4326.09368786	0
1789369200	XAUUSD	M15	4323.96	4378.32181	4472.04151	4267.77127			4321.88257888	4323.98813337	0
1789370100	XAUUSD	M15	4316.89	4378.15413	4471.87383	4267.60360			4319.87667828	4321.93240583	0
1789371000	XAUUSD	M15	4319.23	4377.98645	4471.70616	4267.43592			4318.05691479	4319.99466031	0
1789371900	XAUUSD	M15	4310.86	4377.81878	4471.53848	4267.26824			4316.05701215	4318.02583623	0
1789372800	XAUUSD	M15	4313.29	4377.65110	4471.37080	4267.10057			4313.75883832	4315.89233727	0
1789373700	XAUUSD	M15	4310.62	4377.48342	4471.20313	4266.93289			4310.79102166	4313.34167947	0
1789374600	XAUUSD	M15	4311.82	4377.31575	4471.03545	4266.76521			4307.09761356	4310.21964652	0
1789375500	XAUUSD	M15	4306.62	4377.14807	4470.86777	4266.59753			4302.72075785	4306.47020218	0
1789376400	XAUUSD	M15	4305.87	4376.98039	4470.70009	4266.42986			4298.06845129	4302.26932673	0
1789377300	XAUUSD	M15	4288.06	4376.81272	4470.53242	4266.26218			4293.57702090	4297.92317382	0
1789378200	XAUUSD	M15	4281.41	4376.64504	4470.36474	4266.09450			4290.15631564	4294.03974473	0
1789379100	XAUUSD	M15	4285.49	4376.47736	4470.19706	4265.92683			4288.33365681	4291.18670077	0
1789380000	XAUUSD	M15	4288.55	4376.30968	4470.02939	4265.75915			4288.06381167	4289.62525622	0
1789380900	XAUUSD	M15	4291.16	4376.14201	4469.86171	4265.59147			4289.06465466	4289.34495544	0
1789381800	XAUUSD	M15	4293.91	4375.97433	4469.69403	4265.42380			4290.84511929	4290.09503736	1
1789382700	XAUUSD	M15	4294.75	4375.80665	4469.52636	4265.25612			4292.74057402	4291.41780569	0
1789383600	XAUUSD	M15	4292.11	4375.63898	4469.35868	4265.08844			4294.13527029	4292.77653799	0
1789384500	XAUUSD	M15	4296.10	4375.47130	4469.19100	4264.92077			4294.61581866	4293.69617832	0
1789385400	XAUUSD	M15	4292.36	4375.30362	4469.02333	4264.75309			4293.76873341	4293.73245586	0
1789386300	XAUUSD	M15	4287.08	4375.13595	4468.85565	4264.58541			4291.62498535	4292.67872061	1
1789387200	XAUUSD	M15	4294.61	4374.96827	4468.68797	4264.41773			4288.49257929	4290.58564995	0
1789388100	XAUUSD	M15	4286.12	4374.80059	4468.52029	4264.25006			4284.52317792	4287.55441393	0
1789389000	XAUUSD	M15	4283.66	4374.63292	4468.35262	4264.08238			4280.38545891	4283.96993642	0
1789389900	XAUUSD	M15	4271.04	4374.46524	4468.18494	4263.91470			4276.58266307	4280.27629975	0
1789390800	XAUUSD	M15	4266.38	4374.29756	4468.01726	4263.74703		4253.61000	4273.79573905	4277.03601940	0
1789391700	XAUUSD	M15	4273.21	4374.12988	4467.84959	4263.57935			4272.30923927	4274.67262933	0
1789392600	XAUUSD	M15	4274.88	4373.96221	4467.68191	4263.41167			4271.88230934	4273.27746934	0
1789393500	XAUUSD	M15	4272.69	4373.79453	4467.51423	4263.24400			4272.31393572	4272.79570253	0
1789394400	XAUUSD	M15	4281.84	4373.62685	4467.34656	4263.07632			4273.44538618	4273.12054435	1
1789395300	XAUUSD	M15	4270.03	4373.45918	4467.17888	4262.90864			4274.85472922	4273.98763679	0
1789396200	XAUUSD	M15	4276.81	4373.29150	4467.01120	4262.74097			4276.77447913	4275.38105796	0
1789397100	XAUUSD	M15	4279.49	4373.12382	4466.84353	4262.57329			4279.02225045	4277.20165420	0
1789398000	XAUUSD	M15	4277.11	4372.95615	4466.67585	4262.40561			4281.61298609	4279.40732015	0
1789398900	XAUUSD	M15	4283.63	4372.78847	4466.50817	4262.23793			4284.71629655	4282.06180835	0
1789399800	XAUUSD	M15	4294.32	4372.62079	4466.34049	4262.07026			4288.27648416	4285.16914625	0
1789400700	XAUUSD	M15	4288.22	4372.45312	4466.17282	4261.90258			4292.06613441	4288.61764033	0
1789401600	XAUUSD	M15	4294.35	4372.28544	4466.00514	4261.73490			4296.25674693	4292.43719363	0
1789402500	XAUUSD	M15	4300.13	4372.11776	4465.83746	4261.56723			4300.59874779	4296.51797071	0
1789403400	XAUUSD	M15	4306.11	4371.95008	4465.66979	4261.39955			4304.79519618	4300.65658344	0
1789404300	XAUUSD	M15	4315.78	4371.78241	4465.50211	4261.23187	4317.63000		4308.48775198	4304.57216771	0
1789405200	XAUUSD	M15	4311.49	4371.61473	4465.33443	4261.06420			4311.27908620	4307.92562695	0
1789406100	XAUUSD	M15	4311.80	4371.44705	4465.16676	4260.89652			4313.18123421	4310.55343058	0
1789407000	XAUUSD	M15	4309.96	4371.27938	4464.99908	4260.72884			4314.08640113	4312.31991586	0
1789407900	XAUUSD	M15	4311.00	4371.11170	4464.83140	4260.56117			4313.98319102	4313.15155344	0
1789408800	XAUUSD	M15	4312.62	4370.94402	4464.66373	4260.39349			4312.82544446	4312.98849895	1
1789409700	XAUUSD	M15	4309.73	4370.77635	4464.49605	4260.22581			4310.61699379	4311.80274637	0
1789410600	XAUUSD	M15	4309.47	4370.60867	4464.32837	4260.05813			4307.57333010	4309.68803824	0
1789411500	XAUUSD	M15	4307.40	4370.44099	4464.16069	4259.89046			4303.95276860	4306.82040342	0
1789412400	XAUUSD	M15	4306.03	4370.27332	4463.99302	4259.72278			4300.12343524	4303.47191933	0
1789413300	XAUUSD	M15	4296.33	4370.10564	4463.82534	4259.55510			4296.49549218	4299.98370575	0
1789414200	XAUUSD	M15	4291.89	4369.93796	4463.65766	4259.38743			4293.68287161	4296.83328868	0
1789415100	XAUUSD	M15	4283.57	4369.77028	4463.48999	4259.21975			4291.99703950	4294.41516409	0
1789416000	XAUUSD	M15	4287.78	4369.60261	4463.32231	4259.05207		4282.31000	4291.70177031	4293.05846720	0
1789416900	XAUUSD	M15	4296.67	4369.43493	4463.15463	4258.88440			4292.48564858	4292.77205789	0
1789417800	XAUUSD	M15	4294.93	4369.26725	4462.98696	4258.71672			4293.76928786	4293.27067288	1
1789418700	XAUUSD	M15	4298.71	4369.09958	4462.81928	4258.54904			4295.17853169	4294.22460228	0
1789423200	XAUUSD	M15	4296.98	4368.93190	4462.65160	4258.38137			4296.19248122	4295.20854175	0
1789424100	XAUUSD	M15	4295.73	4368.76422	4462.48393	4258.21369			4296.54008125	4295.87431150	0
1789425000	XAUUSD	M15	4295.73	4368.59655	4462.31625	4258.04601			4296.10609696	4295.99020423	0
1789425900	XAUUSD	M15	4295.46	4368.42887	4462.14857	4257.87833			4294.88671755	4295.43846089	1
1789426800	XAUUSD	M15	4292.18	4368.26119	4461.98089	4257.71066			4293.09130607	4294.26488348	0
1789427700	XAUUSD	M15	4290.00	4368.09352	4461.81322	4257.54298			4291.10402829	4292.68445589	0
1789428600	XAUUSD	M15	4289.53	4367.92584	4461.64554	4257.37530			4289.34859478	4291.01652534	0
1789429500	XAUUSD	M15	4288.24	4367.75816	4461.47786	4257.20763			4288.21552150	4289.61602342	0
1789430400	XAUUSD	M15	4286.89	4367.59048	4461.31019	4257.03995			4288.00252694	4288.80927518	0
1789431300	XAUUSD	M15	4288.17	4367.42281	4461.14251	4256.87227			4288.88637053	4288.84782285	1
1789432200	XAUUSD	M15	4292.68	4367.25513	4460.97483	4256.70460			4290.83597469	4289.84189877	0
1789433100	XAUUSD	M15	4293.04	4367.08745	4460.80716	4256.53692			4293.58000613	4291.71095245	0
1789434000	XAUUSD	M15	4299.78	4366.91978	4460.63948	4256.36924			4296.82576185	4294.26835715	0
1789434900	XAUUSD	M15	4301.87	4366.75210	4460.47180	4256.20157			4300.10830001	4297.18832858	0
1789435800	XAUUSD	M15	4298.68	4366.58442	4460.30413	4256.03389			4303.12633557	4300.15733208	0
1789436700	XAUUSD	M15	4304.44	4366.41675	4460.13645	4255.86621			4305.81938728	4302.98835968	0
1789437600	XAUUSD	M15	4307.38	4366.24907	4459.96877	4255.69853			4307.97239892	4305.48037930	0
1789438500	XAUUSD	M15	4309.91	4366.08139	4459.80109	4255.53086			4309.52371858	4307.50204894	0
1789439400	XAUUSD	M15	4311.45	4365.91372	4459.63342	4255.36318			4310.47849681	4308.99027287	0
1789440300	XAUUSD	M15	4314.17	4365.74604	4459.46574	4255.19550	4317.41000		4310.87739600	4309.93383444	0
1789441200	XAUUSD	M15	4310.86	4365.57836	4459.29806	4255.02783			4310.74416595	4310.33900020	0
1789442100	XAUUSD	M15	4310.82	4365.41068	4459.13039	4254.86015			4310.23771262	4310.28835641	1
1789443000	XAUUSD	M15	4308.71	4365.24301	4458.96271	4254.69247			4309.38588635	4309.83712138	0
1789443900	XAUUSD	M15	4303.56	4365.07533	4458.79503	4254.52480			4308.24605282	4309.04158710	0
1789444800	XAUUSD	M15	4307.36	4364.90765	4458.62736	4254.35712			4306.95053352	4307.99606031	0
1789445700	XAUUSD	M15	4303.61	4364.73998	4458.45968	4254.18944			4305.37081735	4306.68343883	0
1789446600	XAUUSD	M15	4305.04	4364.57230	4458.29200	4254.02177			4303.59365149	4305.13854516	0
1789447500	XAUUSD	M15	4304.79	4364.40462	4458.12433	4253.85409			4301.59281327	4303.36567922	0
1789448400	XAUUSD	M15	4301.67	4364.23695	4457.95665	4253.68641			4299.41387068	4301.38977495	0
1789449300	XAUUSD	M15	4297.38	4364.06927	4457.78897	4253.51873			4297.24158804	4299.31568149	0
1789450200	XAUUSD	M15	4296.27	4363.90159	4457.62129	4253.35106			4295.29281146	4297.30424648	0
1789451100	XAUUSD	M15	4291.06	4363.73392	4457.45362	4253.18338			4293.70141610	4295.50283129	0
1789452000	XAUUSD	M15	4289.75	4363.56624	4457.28594	4253.01570			4292.60793261	4294.05538195	0
1789452900	XAUUSD	M15	4289.53	4363.39856	4457.11826	4252.84803			4291.90687355	4292.98112775	0
1789453800	XAUUSD	M15	4290.80	4363.23088	4456.95059	4252.68035			4291.32417993	4292.15265384	0
1789454700	XAUUSD	M15	4293.49	4363.06321	4456.78291	4252.51267			4290.47935486	4291.31600435	0
1789455600	XAUUSD	M15	4288.07	4362.89553	4456.61523	4252.34500			4288.96810997	4290.14205716	0
1789456500	XAUUSD	M15	4291.97	4362.72785	4456.44756	4252.17732			4286.67323690	4288.40764703	0
1789457400	XAUUSD	M15	4283.91	4362.56018	4456.27988	4252.00964			4283.37458439	4285.89111571	0
1789458300	XAUUSD	M15	4280.55	4362.39250	4456.11220	4251.84196			4279.35565642	4282.62338606	0
1789459200	XAUUSD	M15	4267.94	4362.22482	4455.94453	4251.67429			4274.98069424	4278.80204015	0
1789460100	XAUUSD	M15	4273.29	4362.05715	4455.77685	4251.50661			4270.96454290	4274.88329152	0
1789461000	XAUUSD	M15	4267.56	4361.88947	4455.60917	4251.33893			4267.58156144	4271.23242648	0
1789461900	XAUUSD	M15	4262.39	4361.72179	4455.44149	4251.17126		4261.38000	4265.34046359	4268.28644504	0
1789462800	XAUUSD	M15	4265.74	4361.55412	4455.27382	4251.00358			4264.58256354	4266.43450429	0
1789463700	XAUUSD	M15	4267.00	4361.38644	4455.10614	4250.83590			4265.25484801	4265.84467615	0
1789464600	XAUUSD	M15	4269.59	4361.21876	4454.93846	4250.66823			4267.14749628	4266.49608621	1
1789465500	XAUUSD	M15	4268.25	4361.05108	4454.77079	4250.50055			4269.86229257	4268.17918939	0
1789466400	XAUUSD	M15	4273.12	4360.88341	4454.60311	4250.33287			4273.01741080	4270.59830009	0
1789467300	XAUUSD	M15	4274.56	4360.71573	4454.43543	4250.16520			4276.05353090	4273.32591550	0
1789468200	XAUUSD	M15	4274.98	4360.54805	4454.26776	4249.99752			4278.58159817	4275.95375683	0
1789469100	XAUUSD	M15	4281.56	4360.38038	4454.10008	4249.82984			4280.39797002	4278.17586343	0
1789470000	XAUUSD	M15	4283.67	4360.21270	4453.93240	4249.66216			4281.33626211	4279.75606277	0
1789470900	XAUUSD	M15	4283.34	4360.04502	4453.76473	4249.49449			4281.55591675	4280.65598976	0
1789471800	XAUUSD	M15	4282.65	4359.87735	4453.59705	4249.32681			4281.42436492	4281.04017734	0
1789472700	XAUUSD	M15	4284.62	4359.70967	4453.42937	4249.15913			4281.36484510	4281.20251122	0
1789473600	XAUUSD	M15	4278.55	4359.54199	4453.26169	4248.99146			4281.65604982	4281.42928052	0
1789474500	XAUUSD	M15	4277.83	4359.37432	4453.09402	4248.82378			4282.63379808	4282.03153930	0
1789475400	XAUUSD	M15	4281.22	4359.20664	4452.92634	4248.65610			4284.26735900	4283.14944915	0
1789476300	XAUUSD	M15	4290.66	4359.03896	4452.75866	4248.48843			4286.22650678	4284.68797796	0
1789477200	XAUUSD	M15	4286.78	4358.87128	4452.59099	4248.32075			4287.91443289	4286.30120543	0
1789478100	XAUUSD	M15	4287.32	4358.70361	4452.42331	4248.15307			4289.09750121	4287.69935332	0
1789479000	XAUUSD	M15	4289.72	4358.53593	4452.25563	4247.98540			4289.53649976	4288.61792654	0
1789479900	XAUUSD	M15	4294.80	4358.36825	4452.08796	4247.81772			4289.10734478	4288.86263566	0
1789480800	XAUUSD	M15	4294.60	4358.20058	4451.92028	4247.65004			4287.80321407	4288.33292487	1
1789481700	XAUUSD	M15	4284.13	4358.03290	4451.75260	4247.48236			4285.96293111	4287.14792799	0
1789482600	XAUUSD	M15	4278.21	4357.86522	4451.58493	4247.31469			4284.29892346	4285.72342573	0
1789483500	XAUUSD	M15	4277.16	4357.69755	4451.41725	4247.14701			4283.36882822	4284.54612697	0
1789484400	XAUUSD	M15	4285.37	4357.52987	4451.24957	4246.97933			4283.41535180	4283.98073939	0
1789485300	XAUUSD	M15	4283.83	4357.36219	4451.08189	4246.81166			4284.25538367	4284.11806153	1
1789486200	XAUUSD	M15	4287.75	4357.19452	4450.91422	4246.64398			4285.79771410	4284.95788781	0
1789487100	XAUUSD	M15	4289.31	4357.02684	4450.74654	4246.47630			4287.72498044	4286.34143413	0
1789488000	XAUUSD	M15	4286.30	4356.85916	4450.57886	4246.30863			4289.72388237	4288.03265825	0
1789488900	XAUUSD	M15	4295.67	4356.69148	4450.41119	4246.14095			4291.67800284	4289.85533054	0
1789489800	XAUUSD	M15	4296.59	4356.52381	4450.24351	4245.97327			4293.25110394	4291.55321724	0
1789490700	XAUUSD	M15	4295.52	4356.35613	4450.07583	4245.80560			4294.42126978	4292.98724351	0
1789491600	XAUUSD	M15	4295.32	4356.18845	4449.90816	4245.63792			4295.36292202	4294.17508276	0
1789492500	XAUUSD	M15	4293.07	4356.02078	4449.74048	4245.47024			4296.29654262	4295.23581269	0
1789493400	XAUUSD	M15	4293.28	4355.85310	4449.57280	4245.30256			4297.47933208	4296.35757238	0
1789494300	XAUUSD	M15	4294.80	4355.68542	4449.40513	4245.13489			4298.95138636	4297.65447937	0
1789495200	XAUUSD	M15	4302.30	4355.51775	4449.23745	4244.96721			4300.58973150	4299.12210544	0
1789496100	XAUUSD	M15	4304.91	4355.35007	4449.06977	4244.79953			4301.99684838	4300.55947691	0
1789497000	XAUUSD	M15	4304.83	4355.18239	4448.90209	4244.63186			4302.87048685	4301.71498188	0
1789497900	XAUUSD	M15	4308.64	4355.01472	4448.73442	4244.46418			4303.04011453	4302.37754821	0
1789498800	XAUUSD	M15	4300.30	4354.84704	4448.56674	4244.29650	4310.70000		4302.39138144	4302.38446482	0
1789499700	XAUUSD	M15	4301.19	4354.67936	4448.39906	4244.12883			4301.25126877	4301.81786680	1
1789500600	XAUUSD	M15	4296.83	4354.51168	4448.23139	4243.96115			4299.75995255	4300.78890967	0
1789501500	XAUUSD	M15	4297.83	4354.34401	4448.06371	4243.79347			4298.23277342	4299.51084155	0
1789502400	XAUUSD	M15	4296.29	4354.17633	4447.89603	4243.62580			4296.80171332	4298.15627744	0
1789503300	XAUUSD	M15	4294.38	4354.00865	4447.72836	4243.45812			4295.59374540	4296.87501142	0
1789504200	XAUUSD	M15	4293.02	4353.84098	4447.56068	4243.29044			4294.64566229	4295.76033686	0
1789505100	XAUUSD	M15	4293.93	4353.67330	4447.39300	4243.12276			4293.92540985	4294.84287336	0
1789509600	XAUUSD	M15	4292.98	4353.50562	4447.22533	4242.95509			4293.27062778	4294.05675057	0
1789510500	XAUUSD	M15	4298.77	4353.33795	4447.05765	4242.78741			4292.54139552	4293.29907305	0
1789511400	XAUUSD	M15	4294.72	4353.17027	4446.88997	4242.61973			4291.47124267	4292.38515786	0
1789512300	XAUUSD	M15	4288.98	4353.00259	4446.72229	4242.45206			4290.11964048	4291.25239917	0
1789513200	XAUUSD	M15	4286.20	4352.83491	4446.55462	4242.28438			4288.66788465	4289.96014191	0
1789514100	XAUUSD	M15	4284.46	4352.66724	4446.38694	4242.11670			4287.22903383	4288.59458787	0
1789515000	XAUUSD	M15	4284.67	4352.49956	4446.21926	4241.94903			4285.86236443	4287.22847615	0
1789515900	XAUUSD	M15	4283.48	4352.33188	4446.05159	4241.78135			4284.55222505	4285.89035060	0
1789516800	XAUUSD	M15	4282.60	4352.16421	4445.88391	4241.61367			4283.35690510	4284.62362785	0
1789517700	XAUUSD	M15	4284.11	4351.99653	4445.71623	4241.44600			4282.35840956	4283.49101871	0
1789518600	XAUUSD	M15	4283.70	4351.82885	4445.54856	4241.27832			4281.65625437	4282.57363654	0
1789519500	XAUUSD	M15	4277.53	4351.66118	4445.38088	4241.11064		4275.58000	4281.47726664	4282.02545159	0
1789520400	XAUUSD	M15	4287.26	4351.49350	4445.21320	4240.94296			4282.22452166	4282.12498663	1
1789521300	XAUUSD	M15	4290.60	4351.32582	4445.04552	4240.77529			4283.94091148	4283.03294905	0
1789522200	XAUUSD	M15	4288.52	4351.15815	4444.87785	4240.60761			4286.82265692	4284.92780299	0
1789523100	XAUUSD	M15	4282.52	4350.99047	4444.71017	4240.43993			4291.13859996	4288.03320147	0
1789524000	XAUUSD	M15	4292.43	4350.82279	4444.54249	4240.27226			4297.09785936	4292.56553042	0
1789524900	XAUUSD	M15	4298.93	4350.65511	4444.37482	4240.10458			4304.20834530	4298.38693786	0
1789525800	XAUUSD	M15	4311.02	4350.48744	4444.20714	4239.93690			4311.82791451	4305.10742618	0
1789526700	XAUUSD	M15	4321.68	4350.31976	4444.03946	4239.76923			4319.00829223	4312.05785921	0
1789527600	XAUUSD	M15	4337.03	4350.15208	4443.87179	4239.60155			4324.86349620	4318.46067770	0
1789528500	XAUUSD	M15	4331.94	4349.98441	4443.70411	4239.43387	4341.00000		4328.58788881	4323.52428326	0
1789529400	XAUUSD	M15	4327.11	4349.81673	4443.53643	4239.26620			4330.22606304	4326.87517315	0
1789530300	XAUUSD	M15	4327.12	4349.64905	4443.36876	4239.09852			4330.15934585	4328.51725950	0
1789531200	XAUUSD	M15	4326.89	4349.48138	4443.20108	4238.93084			4328.83694242	4328.67710096	0
1789532100	XAUUSD	M15	4325.72	4349.31370	4443.03340	4238.76316			4326.85341064	4327.76525580	1
1789533000	XAUUSD	M15	4322.92	4349.14602	4442.86572	4238.59549			4324.83892628	4326.30209104	0
1789533900	XAUUSD	M15	4321.92	4348.97835	4442.69805	4238.42781			4323.35485858	4324.82847481	0
1789534800	XAUUSD	M15	4321.62	4348.81067	4442.53037	4238.26013			4322.75180572	4323.79014026	0
1789535700	XAUUSD	M15	4325.02	4348.64299	4442.36269	4238.09246			4323.14019656	4323.46516841	0
1789536600	XAUUSD	M15	4332.86	4348.47531	4442.19502	4237.92478			4324.34352782	4323.90434812	1
1789537500	XAUUSD	M15	4326.45	4348.30764	4442.02734	4237.75710			4325.94586835	4324.92510823	0
1789538400	XAUUSD	M15	4325.82	4348.13996	4441.85966	4237.58943			4327.87903096	4326.40206959	0
1789539300	XAUUSD	M15	4326.99	4347.97228	4441.69199	4237.42175			4329.93084914	4328.16645937	0
1789540200	XAUUSD	M15	4328.03	4347.80461	4441.52431	4237.25407			4331.82286491	4329.99466214	0
1789541100	XAUUSD	M15	4332.93	4347.63693	4441.35663	4237.08640			4333.29491426	4331.64478820	0
1789542000	XAUUSD	M15	4335.48	4347.46925	4441.18896	4236.91872			4334.05713012	4332.85095916	0
1789542900	XAUUSD	M15	4335.65	4347.30158	4441.02128	4236.75104			4333.97827186	4333.41461551	0
1789543800	XAUUSD	M15	4336.21	4347.13390	4440.85360	4236.58336			4333.14328732	4333.27895142	1
1789544700	XAUUSD	M15	4329.36	4346.96622	4440.68592	4236.41569			4331.79389150	4332.53642146	0
1789545600	XAUUSD	M15	4327.54	4346.79855	4440.51825	4236.24801			4330.46473396	4331.50057771	0
1789546500	XAUUSD	M15	4334.12	4346.63087	4440.35057	4236.08033			4329.53589515	4330.51823643	0
1789547400	XAUUSD	M15	4328.37	4346.46319	4440.18289	4235.91266			4329.13375918	4329.82599780	0
1789548300	XAUUSD	M15	4330.24	4346.29551	4440.01522	4235.74498			4329.60641205	4329.71620493	0
1789549200	XAUUSD	M15	4332.09	4346.12784	4439.84754	4235.57730			4330.99687966	4330.35654230	1
1789550100	XAUUSD	M15	4329.70	4345.96016	4439.67986	4235.40963			4333.22505455	4331.79079842	0
1789551000	XAUUSD	M15	4335.02	4345.79248	4439.51219	4235.24195			4336.22182429	4334.00631135	0
1789551900	XAUUSD	M15	4338.21	4345.62481	4439.34451	4235.07427			4339.58248154	4336.79439645	0
1789552800	XAUUSD	M15	4342.86	4345.45713	4439.17683	4234.90660			4342.89549501	4339.84494573	0
1789553700	XAUUSD	M15	4348.05	4345.28945	4439.00916	4234.73892			4345.72478904	4342.78486738	0
1789554600	XAUUSD	M15	4349.15	4345.12178	4438.84148	4234.57124			4347.67599341	4345.23043040	0
1789555500	XAUUSD	M15	4350.54	4344.95410	4438.67380	4234.40356			4348.71284867	4346.97163954	0
1789556400	XAUUSD	M15	4347.14	4344.78642	4438.50612	4234.23589			4348.84749973	4347.90956963	0
1789557300	XAUUSD	M15	4350.73	4344.61875	4438.33845	4234.06821			4348.39366923	4348.15161943	0
1789558200	XAUUSD	M15	4349.70	4344.45107	4438.17077	4233.90053			4347.54422574	4347.84792259	1
1789559100	XAUUSD	M15	4341.74	4344.28339	4438.00309	4233.73286			4346.54152291	4347.19472275	0
1789560000	XAUUSD	M15	4343.42	4344.11571	4437.83542	4233.56518			4345.74806918	4346.47139597	0
1789560900	XAUUSD	M15	4339.63	4343.94804	4437.66774	4233.39750			4345.18176027	4345.82657812	0
1789561800	XAUUSD	M15	4343.84	4343.78036	4437.50006	4233.22983			4344.95000683	4345.38829247	0
1789562700	XAUUSD	M15	4347.74	4343.61268	4437.33239	4233.06215			4344.92343230	4345.15586238	0
1789563600	XAUUSD	M15	4356.52	4343.44501	4437.16471	4232.89447			4344.95170776	4345.05378507	0
1789564500	XAUUSD	M15	4352.06	4343.27733	4436.99703	4232.72680			4344.76266916	4344.90822712	0
1789565400	XAUUSD	M15	4340.52	4343.10965	4436.82936	4232.55912			4344.52616267	4344.71719489	0
1789566300	XAUUSD	M15	4338.65	4342.94198	4436.66168	4232.39144			4344.62165386	4344.66942437	0
1789567200	XAUUSD	M15	4340.02	4342.77430	4436.49400	4232.22376			4345.09374745	4344.88158591	1
1789568100	XAUUSD	M15	4338.08	4342.60662	4436.32632	4232.05609			4345.80744323	4345.34451457	0
1789569000	XAUUSD	M15	4345.80	4342.43895	4436.15865	4231.88841			4346.68596925	4346.01524191	0
1789569900	XAUUSD	M15	4355.12	4342.27127	4435.99097	4231.72073			4347.39724432	4346.70624312	0
1789570800	XAUUSD	M15	4353.26	4342.10359	4435.82329	4231.55306			4347.63595560	4347.17109936	0
1789571700	XAUUSD	M15	4344.21	4341.93591	4435.65562	4231.38538			4347.56556415	4347.36833175	0
1789572600	XAUUSD	M15	4350.68	4341.76824	4435.48794	4231.21770			4347.67657154	4347.52245165	0
1789573500	XAUUSD	M15	4352.62	4341.60056	4435.32026	4231.05003			4348.01358228	4347.76801696	0
1789574400	XAUUSD	M15	4350.04	4341.43288	4435.15259	4230.88235			4348.66451352	4348.21626524	0
1789575300	XAUUSD	M15	4346.01	4341.26521	4434.98491	4230.71467			4349.67524085	4348.94575304	0
1789576200	XAUUSD	M15	4347.45	4341.09753	4434.81723	4230.54700			4350.87923650	4349.91249477	0
1789577100	XAUUSD	M15	4346.70	4340.92985	4434.64956	4230.37932			4351.62909054	4350.77079266	0
1789578000	XAUUSD	M15	4343.63	4340.76218	4434.48188	4230.21164			4351.14831363	4350.95955314	0
1789578900	XAUUSD	M15	4346.88	4340.59450	4434.31420	4230.04396			4348.66016639	4349.80985977	1
1789579800	XAUUSD	M15	4344.07	4340.42682	4434.14652	4229.87629			4343.34018809	4346.57502393	0
1789580700	XAUUSD	M15	4361.38	4340.25915	4433.97885	4229.70861			4334.83077146	4340.70289769	0
1789581600	XAUUSD	M15	4310.46	4340.09147	4433.81117	4229.54093	4367.58000		4322.69812724	4331.70051246	0
1789582500	XAUUSD	M15	4322.41	4339.92379	4433.64349	4229.37326			4308.89887094	4320.29969170	0
1789583400	XAUUSD	M15	4301.28	4339.75611	4433.47582	4229.20558			4294.12466768	4307.21217969	0
1789584300	XAUUSD	M15	4261.02	4339.58844	4433.30814	4229.03790			4280.11416052	4293.66317011	0
1789585200	XAUUSD	M15	4252.97	4339.42076	4433.14046	4228.87023		4235.22000	4269.01145051	4281.33731031	0
1789586100	XAUUSD	M15	4253.43	4339.25308	4432.97279	4228.70255			4261.65379107	4271.49555069	0
1789587000	XAUUSD	M15	4265.54	4339.08541	4432.80511	4228.53487			4258.07537227	4264.78546148	0
1789587900	XAUUSD	M15	4272.57	4338.91773	4432.63743	4228.36720			4257.43043814	4261.10794981	0
1789588800	XAUUSD	M15	4264.83	4338.75005	4432.46976	4228.19952			4258.66243846	4259.88519413	0
1789589700	XAUUSD	M15	4260.34	4338.58238	4432.30208	4228.03184			4260.95919586	4260.42219500	1
1789590600	XAUUSD	M15	4262.35	4338.41470	4432.13440	4227.86416			4263.50006375	4261.96112937	0
1789591500	XAUUSD	M15	4264.07	4338.24702	4431.96672	4227.69649			4265.51437174	4263.73775056	0
1789596000	XAUUSD	M15	4259.18	4338.07935	4431.79905	4227.52881			4266.61224991	4265.17500023	0
1789596900	XAUUSD	M15	4262.09	4337.91167	4431.63137	4227.36113			4266.93807286	4266.05653655	0
1789597800	XAUUSD	M15	4273.21	4337.74399	4431.46369	4227.19346			4266.73561343	4266.39607499	0
1789598700	XAUUSD	M15	4266.64	4337.57631	4431.29602	4227.02578			4266.25679907	4266.32643703	1
1789599600	XAUUSD	M15	4262.64	4337.40864	4431.12834	4226.85810			4266.34913944	4266.33778823	1
1789600500	XAUUSD	M15	4271.82	4337.24096	4430.96066	4226.69043			4267.70066270	4267.01922547	0
1789601400	XAUUSD	M15	4273.57	4337.07328	4430.79299	4226.52275			4270.40010104	4268.70966326	0
1789602300	XAUUSD	M15	4271.56	4336.90561	4430.62531	4226.35507			4274.44328620	4271.57647473	0
1789603200	XAUUSD	M15	4284.95	4336.73793	4430.45763	4226.18740			4279.66971823	4275.62309648	0
1789604100	XAUUSD	M15	4284.53	4336.57025	4430.28996	4226.01972			4285.25451910	4280.43880779	0
1789605000	XAUUSD	M15	4288.72	4336.40258	4430.12228	4225.85204			4290.65020180	4285.54450479	0
1789605900	XAUUSD	M15	4280.17	4336.23490	4429.95460	4225.68436			4295.20756743	4290.37603611	0
1789606800	XAUUSD	M15	4298.70	4336.06722	4429.78692	4225.51669			4298.70852839	4294.54228225	0
1789607700	XAUUSD	M15	4309.90	4335.89955	4429.61925	4225.34901			4300.36647035	4297.45437630	0
1789608600	XAUUSD	M15	4309.30	4335.73187	4429.45157	4225.18133	4318.19000		4299.86895118	4298.66166374	0
1789609500	XAUUSD	M15	4300.23	4335.56419	4429.28389	4225.01366			4297.55021572	4298.10593973	1
1789610400	XAUUSD	M15	4287.55	4335.39651	4429.11622	4224.84598			4294.25030525	4296.17812249	0
1789611300	XAUUSD	M15	4291.77	4335.22884	4428.94854	4224.67830			4290.98796697	4293.58304473	0
1789612200	XAUUSD	M15	4288.54	4335.06116	4428.78086	4224.51063			4288.22514915	4290.90409694	0
1789613100	XAUUSD	M15	4277.27	4334.89348	4428.61319	4224.34295			4286.55065579	4288.72737637	0
1789614000	XAUUSD	M15	4285.20	4334.72581	4428.44551	4224.17527			4286.38481499	4287.55609568	0
1789614900	XAUUSD	M15	4286.06	4334.55813	4428.27783	4224.00760			4287.39953823	4287.47781695	0
1789615800	XAUUSD	M15	4295.89	4334.39045	4428.11016	4223.83992			4289.26485555	4288.37133625	1
1789616700	XAUUSD	M15	4296.06	4334.22278	4427.94248	4223.67224			4291.25833046	4289.81483336	0
1789617600	XAUUSD	M15	4293.78	4334.05510	4427.77480	4223.50456			4292.96504527	4291.38993932	0
1789618500	XAUUSD	M15	4291.35	4333.88742	4427.60712	4223.33689			4294.16753996	4292.77873964	0
1789619400	XAUUSD	M15	4295.34	4333.71975	4427.43945	4223.16921			4294.83434834	4293.80654399	0
1789620300	XAUUSD	M15	4297.42	4333.55207	4427.27177	4223.00153			4295.07464987	4294.44059693	0
1789621200	XAUUSD	M15	4294.17	4333.38439	4427.10409	4222.83386			4295.21664414	4294.82862053	0
1789622100	XAUUSD	M15	4286.48	4333.21671	4426.93642	4222.66618			4295.90603899	4295.36732976	0
1789623000	XAUUSD	M15	4297.05	4333.04904	4426.76874	4222.49850			4297.78018064	4296.57375520	0
1789623900	XAUUSD	M15	4304.51	4332.88136	4426.60106	4222.33083			4300.83728542	4298.70552031	0
1789624800	XAUUSD	M15	4312.07	4332.71368	4426.43339	4222.16315			4304.87478087	4301.79015059	0
1789625700	XAUUSD	M15	4312.20	4332.54601	4426.26571	4221.99547			4309.46716450	4305.62865754	0
1789626600	XAUUSD	M15	4309.47	4332.37833	4426.09803	4221.82779			4314.23833728	4309.93349741	0
1789627500	XAUUSD	M15	4310.72	4332.21065	4425.93036	4221.66012			4318.81672439	4314.37511090	0
1789628400	XAUUSD	M15	4322.92	4332.04298	4425.76268	4221.49244			4322.70593098	4318.54052094	0
1789629300	XAUUSD	M15	4329.30	4331.87530	4425.59500	4221.32476			4325.20510762	4321.87281428	0
1789630200	XAUUSD	M15	4331.42	4331.70762	4425.42732	4221.15709			4325.96631119	4323.91956273	0
1789631100	XAUUSD	M15	4327.19	4331.53995	4425.25965	4220.98941			4324.95023083	4324.43489678	0
1789632000	XAUUSD	M15	4320.36	4331.37227	4425.09197	4220.82173			4322.57498152	4323.50493915	1
1789632900	XAUUSD	M15	4316.05	4331.20459	4424.92429	4220.65406			4319.44814362	4321.47654138	0
1789633800	XAUUSD	M15	4313.93	4331.03691	4424.75662	4220.48638			4316.16921872	4318.82288005	0
1789634700	XAUUSD	M15	4311.57	4330.86924	4424.58894	4220.31870			4313.16388422	4315.99338213	0
1789635600	XAUUSD	M15	4315.91	4330.70156	4424.42126	4220.15103			4310.74562731	4313.36950472	0
1789636500	XAUUSD	M15	4306.59	4330.53388	4424.25359	4219.98335			4308.97666030	4311.17308251	0
1789637400	XAUUSD	M15	4309.20	4330.36621	4424.08591	4219.81567			4308.21126902	4309.69217576	0
1789638300	XAUUSD	M15	4306.21	4330.19853	4423.91823	4219.64799			4308.46336647	4309.07777112	0
1789639200	XAUUSD	M15	4310.19	4330.03085	4423.75056	4219.48032			4309.85692555	4309.46734834	1
1789640100	XAUUSD	M15	4313.68	4329.86318	4423.58288	4219.31264			4312.35647118	4310.91190976	0
1789641000	XAUUSD	M15	4316.46	4329.69550	4423.41520	4219.14496			4315.98136961	4313.44663968	0
1789641900	XAUUSD	M15	4324.30	4329.52782	4423.24752	4218.97729			4320.73942672	4317.09303320	0
1789642800	XAUUSD	M15	4332.02	4329.36015	4423.07985	4218.80961			4326.50996434	4321.80149877	0
1789643700	XAUUSD	M15	4328.45	4329.19247	4422.91217	4218.64193			4333.08200683	4327.44175280	0
1789644600	XAUUSD	M15	4324.96	4329.02479	4422.74449	4218.47426			4340.43997684	4333.94086482	0
1789645500	XAUUSD	M15	4350.10	4328.85711	4422.57682	4218.30658			4348.39458977	4341.16772730	0
1789646400	XAUUSD	M15	4354.67	4328.68944	4422.40914	4218.13890			4355.85930832	4348.51351781	0
1789647300	XAUUSD	M15	4381.09	4328.52176	4422.24146	4217.97123	4381.24000		4362.22310795	4355.36831288	0
1789648200	XAUUSD	M15	4360.63	4328.35408	4422.07379	4217.80355			4366.43233936	4360.90032612	0
1789649100	XAUUSD	M15	4373.34	4328.18641	4421.90611	4217.63587			4368.95279579	4364.92656095	0
1789650000	XAUUSD	M15	4366.23	4328.01873	4421.73843	4217.46819			4369.61671663	4367.27163879	0
1789650900	XAUUSD	M15	4366.94	4327.85105	4421.57076	4217.30052			4368.94567478	4368.10865678	0
1789651800	XAUUSD	M15	4358.10	4327.68338	4421.40308	4217.13284			4367.37312416	4367.74089047	1
1789652700	XAUUSD	M15	4366.75	4327.51570	4421.23540	4216.96516			4365.60403510	4366.67246279	0
1789653600	XAUUSD	M15	4371.77	4327.34802	4421.06772	4216.79749			4363.83307732	4365.25277005	0
1789654500	XAUUSD	M15	4366.62	4327.18035	4420.90005	4216.62981			4362.26905014	4363.76091010	0
1789655400	XAUUSD	M15	4361.10	4327.01267	4420.73237	4216.46213			4361.27657069	4362.51874040	0
1789656300	XAUUSD	M15	4354.09	4326.84499	4420.56469	4216.29446			4361.06285231	4361.79079635	0
1789657200	XAUUSD	M15	4361.91	4326.67731	4420.39702	4216.12678			4361.71533931	4361.75306783	0
1789658100	XAUUSD	M15	4358.16	4326.50964	4420.22934	4215.95910			4362.78375606	4362.26841195	1
1789659000	XAUUSD	M15	4365.77	4326.34196	4420.06166	4215.79143			4364.06038612	4363.16439904	0
1789659900	XAUUSD	M15	4369.99	4326.17428	4419.89399	4215.62375			4365.04520838	4364.10480371	0
1789660800	XAUUSD	M15	4368.04	4326.00661	4419.72631	4215.45607			4365.44220550	4364.77350460	0
1789661700	XAUUSD	M15	4367.76	4325.83893	4419.55863	4215.28839			4365.25507712	4365.01429086	0
1789662600	XAUUSD	M15	4359.97	4325.67125	4419.39096	4215.12072			4364.58818312	4364.80123699	1
1789663500	XAUUSD	M15	4362.37	4325.50358	4419.22328	4214.95304			4363.78732362	4364.29428031	0
1789664400	XAUUSD	M15	4361.92	4325.33590	4419.05560	4214.78536			4362.92935429	4363.61181730	0
1789665300	XAUUSD	M15	4360.55	4325.16822	4418.88792	4214.61769			4362.08939199	4362.85060464	0
1789666200	XAUUSD	M15	4360.49	4325.00055	4418.72025	4214.45001			4361.24854052	4362.04957258	0
1789667100	XAUUSD	M15	4361.29	4324.83287	4418.55257	4214.28233			4360.25679454	4361.15318356	0
1789668000	XAUUSD	M15	4364.71	4324.66519	4418.38489	4214.11466			4358.91866054	4360.03592205	0
1789668900	XAUUSD	M15	4356.32	4324.49751	4418.21722	4213.94698			4357.03100026	4358.53346115	0
1789669800	XAUUSD	M15	4352.17	4324.32984	4418.04954	4213.77930			4354.80347359	4356.66846737	0
1789670700	XAUUSD	M15	4351.65	4324.16216	4417.88186	4213.61163			4352.41627248	4354.54236993	0
1789671600	XAUUSD	M15	4354.64	4323.99448	4417.71419	4213.44395			4350.02935606	4352.28586299	0
1789672500	XAUUSD	M15	4343.35	4323.82681	4417.54651	4213.27627			4347.69643590	4349.99114945	0
1789673400	XAUUSD	M15	4345.25	4323.65913	4417.37883	4213.10859			4345.81187853	4347.90151399	0
1789674300	XAUUSD	M15	4346.22	4323.49145	4417.21116	4212.94092			4344.39993998	4346.15072698	0
1789675200	XAUUSD	M15	4343.06	4323.32378	4417.04348	4212.77324			4343.38684079	4344.76878388	0
1789676100	XAUUSD	M15	4342.17	4323.15610	4416.87580	4212.60556			4342.83179480	4343.80028934	0
1789677000	XAUUSD	M15	4341.37	4322.98842	4416.70812	4212.43789			4342.63928153	4343.21978544	0
1789677900	XAUUSD	M15	4341.70	4322.82074	4416.54045	4212.27021			4342.72955893	4342.97467219	0
1789682400	XAUUSD	M15	4344.46	4322.65307	4416.37277	4212.10253			4342.98134256	4342.97800737	1
1789683300	XAUUSD	M15	4344.92	4322.48539	4416.20509	4211.93486			4343.24776987	4343.11288862	0
1789684200	XAUUSD	M15	4344.46	4322.31771	4416.03742	4211.76718			4343.51187978	4343.31238420	0
1789685100	XAUUSD	M15	4344.45	4322.15004	4415.86974	4211.59950			4343.85558822	4343.58398621	0
1789686000	XAUUSD	M15	4345.04	4321.98236	4415.70206	4211.43183			4344.45564443	4344.01981532	0
1789686900	XAUUSD	M15	4344.24	4321.81468	4415.53439	4211.26415			4345.48650813	4344.75316173	0
1789687800	XAUUSD	M15	4344.33	4321.64701	4415.36671	4211.09647			4347.11115167	4345.93215670	0
1789688700	XAUUSD	M15	4346.35	4321.47933	4415.19903	4210.92879			4349.29884459	4347.61550065	0
1789689600	XAUUSD	M15	4354.38	4321.31165	4415.03135	4210.76112			4351.81127476	4349.71338770	0
1789690500	XAUUSD	M15	4353.45	4321.14398	4414.86368	4210.59344			4354.12196428	4351.91767599	0
1789691400	XAUUSD	M15	4358.76	4320.97630	4414.69600	4210.42576			4355.91552823	4353.91660211	0
1789692300	XAUUSD	M15	4356.44	4320.80862	4414.52832	4210.25809			4356.79278730	4355.35469471	0
1789693200	XAUUSD	M15	4358.20	4320.64094	4414.36065	4210.09041			4356.69370588	4356.02420029	0
1789694100	XAUUSD	M15	4359.84	4320.47327	4414.19297	4209.92273			4355.63542930	4355.82981480	1
1789695000	XAUUSD	M15	4347.39	4320.30559	4414.02529	4209.75506			4353.77702812	4354.80342146	0
1789695900	XAUUSD	M15	4348.36	4320.13791	4413.85762	4209.58738			4351.78041313	4353.29191729	0
1789696800	XAUUSD	M15	4350.45	4319.97024	4413.68994	4209.41970			4349.98546108	4351.63868919	0
1789697700	XAUUSD	M15	4352.99	4319.80256	4413.52226	4209.25203			4348.64088543	4350.13978731	0
1789698600	XAUUSD	M15	4351.67	4319.63488	4413.35459	4209.08435			4347.86354973	4349.00166852	0
1789699500	XAUUSD	M15	4346.86	4319.46721	4413.18691	4208.91667			4347.76327963	4348.38247407	0
1789700400	XAUUSD	M15	4344.81	4319.29953	4413.01923	4208.74899			4348.47492407	4348.42869907	1
1789701300	XAUUSD	M15	4340.96	4319.13185	4412.85155	4208.58132		4334.45000	4349.97000891	4349.19935399	0
1789702200	XAUUSD	M15	4357.51	4318.96418	4412.68388	4208.41364			4352.18879703	4350.69407551	0
1789703100	XAUUSD	M15	4359.31	4318.79650	4412.51620	4208.24596			4354.50093587	4352.59750569	0
1789704000	XAUUSD	M15	4356.96	4318.62882	4412.34852	4208.07829			4356.81343707	4354.70547138	0
1789704900	XAUUSD	M15	4357.91	4318.46114	4412.18085	4207.91061			4359.22590707	4356.96568923	0
1789705800	XAUUSD	M15	4364.59	4318.29347	4412.01317	4207.74293			4361.83899988	4359.40234455	0
1789706700	XAUUSD	M15	4366.99	4318.12579	4411.84549	4207.57526			4364.69021860	4362.04628158	0
1789707600	XAUUSD	M15	4365.46	4317.95811	4411.67782	4207.40758			4367.94265486	4364.99446822	0
1789708500	XAUUSD	M15	4364.66	4317.79044	4411.51014	4207.23990			4371.75034644	4368.37240733	0
1789709400	XAUUSD	M15	4377.09	4317.62276	4411.34246	4207.07223			4376.14557210	4372.25898971	0
1789710300	XAUUSD	M15	4377.38	4317.45508	4411.17479	4206.90455			4380.66660722	4376.46279846	0
1789711200	XAUUSD	M15	4389.04	4317.28741	4411.00711	4206.73687			4385.10503374	4380.78391610	0
1789712100	XAUUSD	M15	4392.43	4317.11973	4410.83943	4206.56919			4388.94306582	4384.86349096	0
1789713000	XAUUSD	M15	4396.12	4316.95205	4410.67175	4206.40152			4391.90932457	4388.38640777	0
1789713900	XAUUSD	M15	4393.43	4316.78438	4410.50408	4206.23384			4393.81316005	4391.09978391	0
1789714800	XAUUSD	M15	4390.48	4316.61670	4410.33640	4206.06616			4394.77230098	4392.93604245	0
1789715700	XAUUSD	M15	4395.67	4316.44902	4410.16872	4205.89849			4394.96240438	4393.94922341	0
1789716600	XAUUSD	M15	4393.72	4316.28134	4410.00105	4205.73081			4394.41536857	4394.18229599	0
1789717500	XAUUSD	M15	4393.36	4316.11367	4409.83337	4205.56313	4399.56000		4393.36359592	4393.77294596	1
1789718400	XAUUSD	M15	4390.44	4315.94599	4409.66569	4205.39546			4391.99505956	4392.88400276	0
1789719300	XAUUSD	M15	4387.88	4315.77831	4409.49802	4205.22778			4390.52108833	4391.70254554	0
1789720200	XAUUSD	M15	4386.82	4315.61064	4409.33034	4205.06010			4389.08695041	4390.39474798	0
1789721100	XAUUSD	M15	4392.24	4315.44296	4409.16266	4204.89243			4387.72179492	4389.05827145	0
1789722000	XAUUSD	M15	4394.49	4315.27528	4408.99499	4204.72475			4386.23844953	4387.64836049	0
1789722900	XAUUSD	M15	4387.97	4315.10761	4408.82731	4204.55707			4384.62326861	4386.13581455	0
1789723800	XAUUSD	M15	4376.75	4314.93993	4408.65963	4204.38939			4383.11044983	4384.62313219	0
1789724700	XAUUSD	M15	4376.55	4314.77225	4408.49195	4204.22172			4382.06050465	4383.34181842	0
1789725600	XAUUSD	M15	4379.07	4314.60458	4408.32428	4204.05404			4381.47957788	4382.41069815	0
1789726500	XAUUSD	M15	4381.46	4314.43690	4408.15660	4203.88636			4381.21446442	4381.81258129	0
1789727400	XAUUSD	M15	4381.39	4314.26922	4407.98892	4203.71869			4381.06972751	4381.44115440	0
1789728300	XAUUSD	M15	4381.79	4314.10154	4407.82125	4203.55101			4380.87578554	4381.15846997	0
1789729200	XAUUSD	M15	4388.22	4313.93387	4407.65357	4203.38333			4380.44895657	4380.80371327	0
1789730100	XAUUSD	M15	4377.72	4313.76619	4407.48589	4203.21566			4379.45035804	4380.12703565	0
1789731000	XAUUSD	M15	4375.88	4313.59851	4407.31822	4203.04798			4378.06184301	4379.09443933	0
1789731900	XAUUSD	M15	4381.32	4313.43084	4407.15054	4202.88030			4376.29760148	4377.69602041	0
1789732800	XAUUSD	M15	4373.44	4313.26316	4406.98286	4202.71263			4374.02385434	4375.85993737	0
1789733700	XAUUSD	M15	4358.33	4313.09548	4406.81519	4202.54495			4371.47281787	4373.66637762	0
1789734600	XAUUSD	M15	4369.17	4312.92781	4406.64751	4202.37727			4369.06960104	4371.36798933	0
1789735500	XAUUSD	M15	4368.91	4312.76013	4406.47983	4202.20959			4366.48441340	4368.92620137	0
1789736400	XAUUSD	M15	4371.41	4312.59245	4406.31215	4202.04192			4363.67645839	4366.30132988	0
1789737300	XAUUSD	M15	4367.15	4312.42478	4406.14448	4201.87424			4360.54539599	4363.42336294	0
1789738200	XAUUSD	M15	4353.50	4312.25710	4405.97680	4201.70656			4357.27600567	4360.34968431	0
1789739100	XAUUSD	M15	4349.44	4312.08942	4405.80912	4201.53889			4354.33747733	4357.34358082	0
1789740000	XAUUSD	M15	4351.54	4311.92174	4405.64145	4201.37121			4351.98444706	4354.66401394	0
1789740900	XAUUSD	M15	4343.01	4311.75407	4405.47377	4201.20353			4350.29143333	4352.47772363	0
1789741800	XAUUSD	M15	4353.60	4311.58639	4405.30609	4201.03586		4342.77000	4349.61209199	4351.04490781	0
1789742700	XAUUSD	M15	4353.07	4311.41871	4405.13842	4200.86818			4349.77557783	4350.41024282	0
1789743600	XAUUSD	M15	4352.18	4311.25104	4404.97074	4200.70050			4350.89178051	4350.65101166	1
1789744500	XAUUSD	M15	4356.24	4311.08336	4404.80306	4200.53283			4353.10442125	4351.87771646	0
1789745400	XAUUSD	M15	4354.88	4310.91568	4404.63539	4200.36515			4356.38130979	4354.12951313	0
1789746300	XAUUSD	M15	4356.71	4310.74801	4404.46771	4200.19747			4360.77924844	4357.45438078	0
1789747200	XAUUSD	M15	4361.85	4310.58033	4404.30003	4200.02979			4366.12167697	4361.78802888	0
1789748100	XAUUSD	M15	4377.67	4310.41265	4404.13235	4199.86212			4372.00636595	4366.89719741	0
1789749000	XAUUSD	M15	4378.06	4310.24498	4403.96468	4199.69444			4377.65317636	4372.27518689	0
1789749900	XAUUSD	M15	4382.85	4310.07730	4403.79700	4199.52676			4382.67706832	4377.47612761	0
1789750800	XAUUSD	M15	4385.46	4309.90962	4403.62932	4199.35909			4386.70986548	4382.09299654	0
1789751700	XAUUSD	M15	4386.93	4309.74194	4403.46165	4199.19141			4389.54469008	4385.81884331	0
1789752600	XAUUSD	M15	4393.18	4309.57427	4403.29397	4199.02373			4391.11423142	4388.46653736	0
1789753500	XAUUSD	M15	4393.15	4309.40659	4403.12629	4198.85606	4396.81000		4391.33961283	4389.90307510	0
1789754400	XAUUSD	M15	4392.15	4309.23891	4402.95862	4198.68838			4390.40076323	4390.15191917	0
1789755300	XAUUSD	M15	4390.64	4309.07124	4402.79094	4198.52070			4388.60500557	4389.37846237	1
1789756200	XAUUSD	M15	4380.94	4308.90356	4402.62326	4198.35303			4386.32245861	4387.85046049	0
1789757100	XAUUSD	M15	4382.17	4308.73588	4402.45559	4198.18535			4384.11951766	4385.98498908	0
1789758000	XAUUSD	M15	4384.31	4308.56821	4402.28791	4198.01767			4382.24005113	4384.11252010	0
1789758900	XAUUSD	M15	4380.55	4308.40053	4402.12023	4197.84999			4380.77421513	4382.44336762	0
1789759800	XAUUSD	M15	4381.45	4308.23285	4401.95255	4197.68232			4379.88030658	4381.16183710	0
1789760700	XAUUSD	M15	4376.88	4308.06518	4401.78488	4197.51464			4379.49222149	4380.32702930	0
1789761600	XAUUSD	M15	4381.57	4307.89750	4401.61720	4197.34696			4379.60167593	4379.96435261	0
1789762500	XAUUSD	M15	4381.08	4307.72982	4401.44952	4197.17929			4379.82553904	4379.89494582	0
1789763400	XAUUSD	M15	4380.93	4307.56214	4401.28185	4197.01161			4379.92029813	4379.90762198	1
1789764300	XAUUSD	M15	4377.99	4307.39447	4401.11417	4196.84393			4379.64749021	4379.77755609	1
1789941600	XAUUSD	M15	4379.50	4307.22679	4400.94649	4196.67626			4378.93211436	4379.35483523	0
1789942500	XAUUSD	M15	4375.90	4307.05911	4400.77882	4196.50858			4377.70773085	4378.53128304	0
1789943400	XAUUSD	M15	4374.50	4306.89144	4400.61114	4196.34090			4376.12636623	4377.32882463	0
1789944300	XAUUSD	M15	4373.70	4306.72376	4400.44346	4196.17323			4374.33458564	4375.83170514	0
1789945200	XAUUSD	M15	4373.00	4306.55608	4400.27579	4196.00555			4372.54418569	4374.18794542	0
1789946100	XAUUSD	M15	4374.31	4306.38841	4400.10811	4195.83787			4370.92944188	4372.55869365	0
1789947000	XAUUSD	M15	4371.13	4306.22073	4399.94043	4195.67019			4369.63875672	4371.09872518	0
1789947900	XAUUSD	M15	4372.75	4306.05305	4399.77275	4195.50252			4368.92276327	4370.01074423	0
1789948800	XAUUSD	M15	4364.32	4305.88538	4399.60508	4195.33484			4368.83975434	4369.42524929	0
1789949700	XAUUSD	M15	4368.00	4305.71770	4399.43740	4195.16716			4369.61971388	4369.52248158	1
1789950600	XAUUSD	M15	4369.16	4305.55002	4399.26972	4194.99949			4371.01735643	4370.26991901	0
1789951500	XAUUSD	M15	4366.69	4305.38234	4399.10205	4194.83181			4372.69898402	4371.48445151	0
1789952400	XAUUSD	M15	4380.62	4305.21467	4398.93437	4194.66413			4374.33867740	4372.91156446	0
1789953300	XAUUSD	M15	4374.94	4305.04699	4398.76669	4194.49646	4383.39000		4375.21562820	4374.06359633	0
1789954200	XAUUSD	M15	4379.34	4304.87931	4398.59902	4194.32878			4375.25637058	4374.65998345	0
1789955100	XAUUSD	M15	4377.41	4304.71164	4398.43134	4194.16110			4374.27634498	4374.46816422	1
1789956000	XAUUSD	M15	4368.92	4304.54396	4398.26366	4193.99343			4372.44139710	4373.45478066	0
1789956900	XAUUSD	M15	4369.61	4304.37628	4398.09599	4193.82575			4370.18624501	4371.82051283	0
1789957800	XAUUSD	M15	4366.45	4304.20861	4397.92831	4193.65807			4367.76362955	4369.79207119	0
1789958700	XAUUSD	M15	4363.89	4304.04093	4397.76063	4193.49039			4365.49238409	4367.64222764	0
1789959600	XAUUSD	M15	4363.18	4303.87325	4397.59295	4193.32272			4363.62795243	4365.63509004	0
1789960500	XAUUSD	M15	4360.26	4303.70558	4397.42528	4193.15504			4362.28292135	4363.95900569	0
1789961400	XAUUSD	M15	4367.37	4303.53790	4397.25760	4192.98736			4361.48915849	4362.72408209	0
1789962300	XAUUSD	M15	4358.97	4303.37022	4397.08992	4192.81969			4360.88895159	4361.80651684	0
1789963200	XAUUSD	M15	4360.01	4303.20254	4396.92225	4192.65201			4360.50643861	4361.15647772	0
1789964100	XAUUSD	M15	4361.54	4303.03487	4396.75457	4192.48433			4360.09114550	4360.62381161	0
1789965000	XAUUSD	M15	4361.78	4302.86719	4396.58689	4192.31666			4359.44814338	4360.03597750	0
1789965900	XAUUSD	M15	4355.85	4302.69951	4396.41922	4192.14898			4358.47400039	4359.25498895	0
1789966800	XAUUSD	M15	4355.89	4302.53184	4396.25154	4191.98130			4357.33436589	4358.29467742	0
1789967700	XAUUSD	M15	4357.57	4302.36416	4396.08386	4191.81362			4356.03535278	4357.16501510	0
1789968600	XAUUSD	M15	4354.55	4302.19648	4395.91619	4191.64595			4354.59666997	4355.88084253	0
1789969500	XAUUSD	M15	4351.03	4302.02881	4395.74851	4191.47827			4353.16295783	4354.52190018	0
1789970400	XAUUSD	M15	4353.05	4301.86113	4395.58083	4191.31059			4351.90991140	4353.21590579	0
1789971300	XAUUSD	M15	4347.16	4301.69345	4395.41315	4191.14292			4350.86356065	4352.03973322	0
1789972200	XAUUSD	M15	4351.83	4301.52578	4395.24548	4190.97524			4350.21651077	4351.12812199	0
1789973100	XAUUSD	M15	4353.17	4301.35810	4395.07780	4190.80756			4349.83909780	4350.48360990	0
1789974000	XAUUSD	M15	4353.04	4301.19042	4394.91012	4190.63989			4349.65893741	4350.07127365	0
1789974900	XAUUSD	M15	4350.65	4301.02274	4394.74245	4190.47221			4349.68022388	4349.87574877	0
1789975800	XAUUSD	M15	4346.91	4300.85507	4394.57477	4190.30453			4349.93438748	4349.90506812	1
1789976700	XAUUSD	M15	4344.40	4300.68739	4394.40709	4190.13686			4350.48276421	4350.19391616	0
1789977600	XAUUSD	M15	4350.57	4300.51971	4394.23942	4189.96918			4351.29986382	4350.74688999	0
1789978500	XAUUSD	M15	4353.16	4300.35204	4394.07174	4189.80150			4352.07312863	4351.41000931	0
1789979400	XAUUSD	M15	4357.50	4300.18436	4393.90406	4189.63382			4352.56605909	4351.98803420	0
1789980300	XAUUSD	M15	4353.18	4300.01668	4393.73639	4189.46615			4352.48158677	4352.23481049	0
1789981200	XAUUSD	M15	4353.81	4299.84901	4393.56871	4189.29847			4351.88273994	4352.05877521	1
1789982100	XAUUSD	M15	4346.56	4299.68133	4393.40103	4189.13079			4350.79659657	4351.42768589	0
1789983000	XAUUSD	M15	4347.61	4299.51365	4393.23335	4188.96312		4340.11000	4349.56153816	4350.49461202	0
1789983900	XAUUSD	M15	4345.61	4299.34598	4393.06568	4188.79544			4348.38214489	4349.43837846	0
1789984800	XAUUSD	M15	4353.41	4299.17830	4392.89800	4188.62776			4347.58395984	4348.51116915	0
1789985700	XAUUSD	M15	4350.89	4299.01062	4392.73032	4188.46009			4347.26343192	4347.88730053	0
1789986600	XAUUSD	M15	4348.39	4298.84294	4392.56265	4188.29241			4347.75722746	4347.82226399	0
1789987500	XAUUSD	M15	4342.71	4298.67527	4392.39497	4188.12473			4349.31115729	4348.56671064	1
1789988400	XAUUSD	M15	4348.27	4298.50759	4392.22729	4187.95706			4352.09840397	4350.33255730	0
1789989300	XAUUSD	M15	4353.70	4298.33991	4392.05962	4187.78938			4355.74903856	4353.04079793	0
1789990200	XAUUSD	M15	4366.53	4298.17224	4391.89194	4187.62170			4359.71455741	4356.37767767	0
1789991100	XAUUSD	M15	4369.13	4298.00456	4391.72426	4187.45402			4363.12098408	4359.74933087	0
1789992000	XAUUSD	M15	4369.28	4297.83688	4391.55659	4187.28635	4374.81000		4365.38624193	4362.56778640	0
1789992900	XAUUSD	M15	4355.48	4297.66921	4391.38891	4187.11867			4366.14230686	4364.35504663	0
1789993800	XAUUSD	M15	4362.95	4297.50153	4391.22123	4186.95099			4365.58812229	4364.97158446	0
1789994700	XAUUSD	M15	4359.75	4297.33385	4391.05355	4186.78332			4363.51747136	4364.24452791	1
1789995600	XAUUSD	M15	4363.10	4297.16618	4390.88588	4186.61564			4360.17807137	4362.21129964	0
1789996500	XAUUSD	M15	4364.14	4296.99850	4390.71820	4186.44796			4355.82564412	4359.01847188	0
1789997400	XAUUSD	M15	4353.08	4296.83082	4390.55052	4186.28029			4350.93457347	4354.97652268	0
1789998300	XAUUSD	M15	4346.05	4296.66314	4390.38285	4186.11261			4346.36913133	4350.67282700	0
1789999200	XAUUSD	M15	4340.16	4296.49547	4390.21517	4185.94493		4322.79000	4342.86381874	4346.76832287	0
1790000100	XAUUSD	M15	4341.46	4296.32779	4390.04749	4185.77726			4340.92184100	4343.84508193	0
1790001000	XAUUSD	M15	4332.07	4296.16011	4389.87982	4185.60958			4340.57741546	4342.21124870	0
1790001900	XAUUSD	M15	4338.79	4295.99244	4389.71214	4185.44190			4341.87705263	4342.04415067	0
1790002800	XAUUSD	M15	4349.32	4295.82476	4389.54446	4185.27422			4344.18062083	4343.11238575	1
1790003700	XAUUSD	M15	4350.84	4295.65708	4389.37679	4185.10655			4346.60403225	4344.85820900	0
1790004600	XAUUSD	M15	4349.86	4295.48941	4389.20911	4184.93887			4348.55835735	4346.70828317	0
1790005500	XAUUSD	M15	4347.94	4295.32173	4389.04143	4184.77119			4349.66983160	4348.18905739	0
1790006400	XAUUSD	M15	4351.61	4295.15405	4388.87375	4184.60352			4349.84356576	4349.01631157	0
1790007300	XAUUSD	M15	4350.74	4294.98638	4388.70608	4184.43584			4349.04470504	4349.03050831	0
1790008200	XAUUSD	M15	4343.86	4294.81870	4388.53840	4184.26816			4347.56753756	4348.29902293	1
1790009100	XAUUSD	M15	4343.31	4294.65102	4388.37072	4184.10049			4345.99910751	4347.14906522	0
1790010000	XAUUSD	M15	4346.01	4294.48334	4388.20305	4183.93281			4344.75679121	4345.95292822	0
1790010900	XAUUSD	M15	4345.71	4294.31567	4388.03537	4183.76513			4344.07024293	4345.01158557	0
1790011800	XAUUSD	M15	4340.66	4294.14799	4387.86769	4183.59746			4344.08353954	4344.54756255	0
1790012700	XAUUSD	M15	4344.47	4293.98031	4387.70002	4183.42978			4344.87116986	4344.70936621	1
1790013600	XAUUSD	M15	4349.94	4293.81264	4387.53234	4183.26210			4346.09042646	4345.39989633	0
1790014500	XAUUSD	M15	4350.26	4293.64496	4387.36466	4183.09442			4347.28802849	4346.34396241	0
1790015400	XAUUSD	M15	4346.96	4293.47728	4387.19699	4182.92675			4348.14829710	4347.24612976	0
1790016300	XAUUSD	M15	4346.06	4293.30961	4387.02931	4182.75907			4348.49587930	4347.87100453	0
1790017200	XAUUSD	M15	4345.56	4293.14193	4386.86163	4182.59139			4348.20675704	4348.03888078	0
1790018100	XAUUSD	M15	4348.94	4292.97425	4386.69395	4182.42372			4347.28487784	4347.66187931	1
1790019000	XAUUSD	M15	4347.98	4292.80657	4386.52628	4182.25604			4345.80961314	4346.73574623	0
1790019900	XAUUSD	M15	4345.11	4292.63890	4386.35860	4182.08836			4344.13396710	4345.43485666	0
1790020800	XAUUSD	M15	4341.50	4292.47122	4386.19092	4181.92069			4342.77190148	4344.10337907	0
1790021700	XAUUSD	M15	4340.59	4292.30354	4386.02325	4181.75301			4342.19758521	4343.15048214	0
1790022600	XAUUSD	M15	4341.95	4292.13587	4385.85557	4181.58533			4342.72516471	4342.93782343	0
1790023500	XAUUSD	M15	4343.67	4291.96819	4385.68789	4181.41766			4344.43282422	4343.68532382	1
1790028000	XAUUSD	M15	4349.58	4291.80051	4385.52022	4181.24998			4347.24093943	4345.46313163	0
1790028900	XAUUSD	M15	4352.24	4291.63284	4385.35254	4181.08230			4350.81171200	4348.13742181	0
1790029800	XAUUSD	M15	4352.86	4291.46516	4385.18486	4180.91462			4354.74802358	4351.44272269	0
1790030700	XAUUSD	M15	4361.02	4291.29748	4385.01718	4180.74695			4358.66886318	4355.05579294	0
1790031600	XAUUSD	M15	4359.84	4291.12981	4384.84951	4180.57927			4361.98767665	4358.52173480	0
1790032500	XAUUSD	M15	4360.10	4290.96213	4384.68183	4180.41159			4364.46031510	4361.49102495	0
1790033400	XAUUSD	M15	4368.51	4290.79445	4384.51415	4180.24392			4365.89312967	4363.69207731	0
1790034300	XAUUSD	M15	4368.75	4290.62677	4384.34648	4180.07624			4365.99109802	4364.84158766	0
1790035200	XAUUSD	M15	4370.18	4290.45910	4384.17880	4179.90856	4376.09000		4364.85411072	4364.84784919	0
1790036100	XAUUSD	M15	4358.36	4290.29142	4384.01112	4179.74089			4362.68839145	4363.76812032	1
1790037000	XAUUSD	M15	4355.36	4290.12374	4383.84345	4179.57321			4360.12639188	4361.94725610	0
1790037900	XAUUSD	M15	4360.16	4289.95607	4383.67577	4179.40553			4357.49915781	4359.72320695	0
1790038800	XAUUSD	M15	4353.64	4289.78839	4383.50809	4179.23786			4354.86691147	4357.29505921	0
1790039700	XAUUSD	M15	4355.86	4289.62071	4383.34042	4179.07018			4352.49127402	4354.89316661	0
1790040600	XAUUSD	M15	4349.32	4289.45304	4383.17274	4178.90250			4350.35620807	4352.62468734	0
1790041500	XAUUSD	M15	4348.43	4289.28536	4383.00506	4178.73482			4348.66715716	4350.64592225	0
1790042400	XAUUSD	M15	4342.41	4289.11768	4382.83738	4178.56715			4347.41650348	4349.03121287	0
1790043300	XAUUSD	M15	4351.53	4288.95001	4382.66971	4178.39947			4346.66840659	4347.84980973	0
1790044200	XAUUSD	M15	4347.02	4288.78233	4382.50203	4178.23179			4346.01296272	4346.93138622	0
1790045100	XAUUSD	M15	4344.67	4288.61465	4382.33435	4178.06412			4345.45159457	4346.19149040	0
1790046000	XAUUSD	M15	4345.40	4288.44697	4382.16668	4177.89644			4344.94870283	4345.57009661	0
1790046900	XAUUSD	M15	4346.15	4288.27930	4381.99900	4177.72876			4344.40743053	4344.98876357	0
1790047800	XAUUSD	M15	4342.84	4288.11162	4381.83132	4177.56109			4343.75326294	4344.37101326	0
1790048700	XAUUSD	M15	4341.67	4287.94394	4381.66365	4177.39341			4343.00719042	4343.68910184	0
1790049600	XAUUSD	M15	4338.24	4287.77627	4381.49597	4177.22573			4342.08874177	4342.88892181	0
1790050500	XAUUSD	M15	4337.53	4287.60859	4381.32829	4177.05806			4340.97189028	4341.93040604	0
1790051400	XAUUSD	M15	4340.25	4287.44091	4381.16062	4176.89038			4339.55014281	4340.74027442	0
1790052300	XAUUSD	M15	4342.85	4287.27324	4380.99294	4176.72270			4337.65738748	4339.19883095	0
1790053200	XAUUSD	M15	4346.25	4287.10556	4380.82526	4176.55502			4335.17222572	4337.18552834	0
1790054100	XAUUSD	M15	4332.04	4286.93788	4380.65758	4176.38735			4332.08070262	4334.63311548	0
1790055000	XAUUSD	M15	4320.63	4286.77021	4380.48991	4176.21967			4328.89294782	4331.76303165	0
1790055900	XAUUSD	M15	4323.61	4286.60253	4380.32223	4176.05199			4326.00710877	4328.88507021	0
1790056800	XAUUSD	M15	4319.60	4286.43485	4380.15455	4175.88432			4323.37059007	4326.12783014	0
1790057700	XAUUSD	M15	4318.23	4286.26717	4379.98688	4175.71664			4320.97892749	4323.55337881	0
1790058600	XAUUSD	M15	4320.27	4286.09950	4379.81920	4175.54896			4318.71113054	4321.13225468	0
1790059500	XAUUSD	M15	4318.72	4285.93182	4379.65152	4175.38129			4316.36689319	4318.74957393	0
1790060400	XAUUSD	M15	4320.34	4285.76414	4379.48385	4175.21361			4313.94689367	4316.34823380	0
1790061300	XAUUSD	M15	4315.42	4285.59647	4379.31617	4175.04593			4311.50104832	4313.92464106	0
1790062200	XAUUSD	M15	4310.80	4285.42879	4379.14849	4174.87826			4309.39614525	4311.66039316	0
1790063100	XAUUSD	M15	4301.14	4285.26111	4378.98082	4174.71058			4308.09040166	4309.87539741	0
1790064000	XAUUSD	M15	4303.66	4285.09344	4378.81314	4174.54290			4308.19984543	4309.03762142	0
1790064900	XAUUSD	M15	4300.90	4284.92576	4378.64546	4174.37522			4309.83439907	4309.43601024	1
1790065800	XAUUSD	M15	4320.24	4284.75808	4378.47778	4174.20755		4291.56000	4312.96184646	4311.19892835	0
1790066700	XAUUSD	M15	4330.18	4284.59041	4378.31011	4174.03987			4316.76283422	4313.98088129	0
1790067600	XAUUSD	M15	4318.34	4284.42273	4378.14243	4173.87219			4320.50145502	4317.24116815	0
1790068500	XAUUSD	M15	4314.55	4284.25505	4377.97475	4173.70452			4324.01802755	4320.62959785	0
1790069400	XAUUSD	M15	4320.19	4284.08737	4377.80708	4173.53684			4326.96227645	4323.79593715	0
1790070300	XAUUSD	M15	4336.39	4283.91970	4377.63940	4173.36916			4328.82912472	4326.31253094	0
1790071200	XAUUSD	M15	4330.57	4283.75202	4377.47172	4173.20149			4328.99394357	4327.65323725	0
1790072100	XAUUSD	M15	4329.67	4283.58434	4377.30405	4173.03381			4327.73631970	4327.69477848	0
1790073000	XAUUSD	M15	4330.84	4283.41667	4377.13637	4172.86613			4325.46782087	4326.58129967	1
1790073900	XAUUSD	M15	4321.81	4283.24899	4376.96869	4172.69846			4322.76309899	4324.67219933	0
1790074800	XAUUSD	M15	4315.12	4283.08131	4376.80102	4172.53078			4320.56596732	4322.61908333	0
1790075700	XAUUSD	M15	4317.75	4282.91364	4376.63334	4172.36310			4319.66533635	4321.14220984	0
1790076600	XAUUSD	M15	4317.62	4282.74596	4376.46566	4172.19542			4320.30851285	4320.72536134	0
1790077500	XAUUSD	M15	4322.63	4282.57828	4376.29798	4172.02775			4322.48007611	4321.60271873	1
1790078400	XAUUSD	M15	4323.98	4282.41061	4376.13031	4171.86007			4325.71751928	4323.66011900	0
1790079300	XAUUSD	M15	4336.96	4282.24293	4375.96263	4171.69239			4329.42769497	4326.54390699	0
1790080200	XAUUSD	M15	4332.06	4282.07525	4375.79495	4171.52472	4343.98000		4332.68733978	4329.61562338	0
1790081100	XAUUSD	M15	4333.90	4281.90757	4375.62728	4171.35704			4335.15376152	4332.38469245	0
1790082000	XAUUSD	M15	4340.38	4281.73990	4375.45960	4171.18936			4336.52508179	4334.45488712	0
1790082900	XAUUSD	M15	4330.55	4281.57222	4375.29192	4171.02169			4336.60384199	4335.52936456	0
1790083800	XAUUSD	M15	4340.72	4281.40454	4375.12425	4170.85401			4335.80502395	4335.66719425	0
1790084700	XAUUSD	M15	4333.41	4281.23687	4374.95657	4170.68633			4334.15593228	4334.91156327	1
1790085600	XAUUSD	M15	4333.65	4281.06919	4374.78889	4170.51866			4332.22480921	4333.56818624	0
1790086500	XAUUSD	M15	4327.91	4280.90151	4374.62122	4170.35098			4330.35467873	4331.96143248	0
1790087400	XAUUSD	M15	4319.99	4280.73384	4374.45354	4170.18330			4328.94686857	4330.45415053	0
1790088300	XAUUSD	M15	4328.09	4280.56616	4374.28586	4170.01562			4328.29306305	4329.37360679	0
1790089200	XAUUSD	M15	4336.11	4280.39848	4374.11818	4169.84795			4328.11353409	4328.74357044	0
1790090100	XAUUSD	M15	4332.20	4280.23081	4373.95051	4169.68027			4328.07044934	4328.40700989	0
1790091000	XAUUSD	M15	4327.87	4280.06313	4373.78283	4169.51259			4328.19086034	4328.29893511	0
1790091900	XAUUSD	M15	4331.14	4279.89545	4373.61515	4169.34492			4328.56639964	4328.43266738	1
1790092800	XAUUSD	M15	4323.77	4279.72777	4373.44748	4169.17724			4329.18949980	4328.81108359	0
1790093700	XAUUSD	M15	4326.75	4279.56010	4373.27980	4169.00956			4330.33686673	4329.57397516	0
1790094600	XAUUSD	M15	4332.12	4279.39242	4373.11212	4168.84189			4332.04083116	4330.80740316	0
1790095500	XAUUSD	M15	4336.29	4279.22474	4372.94445	4168.67421			4334.30436799	4332.55588558	0
1790096400	XAUUSD	M15	4338.03	4279.05707	4372.77677	4168.50653			4337.09555867	4334.82572212	0
1790097300	XAUUSD	M15	4339.68	4278.88939	4372.60909	4168.33886			4340.34270514	4337.58421363	0
1790098200	XAUUSD	M15	4338.69	4278.72171	4372.44142	4168.17118			4343.88989673	4340.73705518	0
1790099100	XAUUSD	M15	4350.85	4278.55404	4372.27374	4168.00350			4347.63388640	4344.18547079	0
1790100000	XAUUSD	M15	4358.37	4278.38636	4372.10606	4167.83582			4351.08283900	4347.63415489	0
1790100900	XAUUSD	M15	4356.39	4278.21868	4371.93838	4167.66815			4353.91788887	4350.77602188	0
1790101800	XAUUSD	M15	4350.41	4278.05101	4371.77071	4167.50047			4356.19198179	4353.48400184	0
1790102700	XAUUSD	M15	4353.49	4277.88333	4371.60303	4167.33279			4358.11829240	4355.80114712	0
1790103600	XAUUSD	M15	4358.19	4277.71565	4371.43535	4167.16512			4359.67866187	4357.73990449	0
1790104500	XAUUSD	M15	4359.89	4277.54797	4371.26768	4166.99744			4360.80690438	4359.27340443	0
1790105400	XAUUSD	M15	4369.16	4277.38030	4371.10000	4166.82976	4371.10000		4361.51403398	4360.39371921	0
1790106300	XAUUSD	M15	4364.10	4277.21262	4370.93232	4166.66209			4361.63699441	4361.01535681	0
1790107200	XAUUSD	M15	4359.33	4277.04494	4370.76465	4166.49441			4361.42511247	4361.22023464	0
1790108100	XAUUSD	M15	4359.60	4276.87727	4370.59697	4166.32673			4361.17865083	4361.19944273	1
1790109000	XAUUSD	M15	4358.56	4276.70959	4370.42929	4166.15906			4361.03156629	4361.11550451	0
1790109900	XAUUSD	M15	4358.42	4276.54191	4370.26162	4165.99138			4361.09735799	4361.10643125	0
1790114400	XAUUSD	M15	4364.37	4276.37424	4370.09394	4165.82370			4361.43842376	4361.27242751	1
1790115300	XAUUSD	M15	4364.70	4276.20656	4369.92626	4165.65602			4361.88410902	4361.57826827	0
1790116200	XAUUSD	M15	4362.99	4276.03888	4369.75858	4165.48835			4362.38832526	4361.98329676	0
1790117100	XAUUSD	M15	4362.21	4275.87121	4369.59091	4165.32067			4362.95313728	4362.46821702	0
1790118000	XAUUSD	M15	4361.61	4275.70353	4369.42323	4165.15299			4363.53799227	4363.00310464	0
1790118900	XAUUSD	M15	4363.71	4275.53585	4369.25555	4164.98532			4364.04661079	4363.52485772	0
1790119800	XAUUSD	M15	4363.79	4275.36817	4369.08788	4164.81764			4364.24760744	4363.88623258	0
1790120700	XAUUSD	M15	4363.96	4275.20050	4368.92020	4164.64996			4363.93812497	4363.91217877	0
1790121600	XAUUSD	M15	4365.79	4275.03282	4368.75252	4164.48229			4362.93100608	4363.42159243	1
1790122500	XAUUSD	M15	4359.00	4274.86514	4368.58485	4164.31461			4361.04857534	4362.23508388	0
1790123400	XAUUSD	M15	4359.24	4274.69747	4368.41717	4164.14693			4358.41513380	4360.32510884	0
1790124300	XAUUSD	M15	4357.72	4274.52979	4368.24949	4163.97926			4355.07457000	4357.69983942	0
1790125200	XAUUSD	M15	4349.57	4274.36211	4368.08182	4163.81158			4351.19595607	4354.44789774	0
1790126100	XAUUSD	M15	4343.57	4274.19444	4367.91414	4163.64390			4347.20413531	4350.82601653	0
1790127000	XAUUSD	M15	4344.78	4274.02676	4367.74646	4163.47622			4343.49463344	4347.16032498	0
1790127900	XAUUSD	M15	4341.35	4273.85908	4367.57878	4163.30855			4340.26760002	4343.71396250	0
1790128800	XAUUSD	M15	4337.18	4273.69141	4367.41111	4163.14087			4337.82006779	4340.76701515	0
1790129700	XAUUSD	M15	4338.24	4273.52373	4367.24343	4162.97319			4336.39755502	4338.58228508	0
1790130600	XAUUSD	M15	4336.99	4273.35605	4367.07575	4162.80552			4335.97916397	4337.28072453	0
1790131500	XAUUSD	M15	4333.98	4273.18837	4366.90808	4162.63784			4336.49768961	4336.88920707	0
1790132400	XAUUSD	M15	4338.84	4273.02070	4366.74040	4162.47016			4337.85760836	4337.37340772	1
1790133300	XAUUSD	M15	4337.99	4272.85302	4366.57272	4162.30249			4339.68335973	4338.52838372	0
1790134200	XAUUSD	M15	4341.38	4272.68534	4366.40505	4162.13481			4341.67954669	4340.10396521	0
1790135100	XAUUSD	M15	4342.61	4272.51767	4366.23737	4161.96713			4343.42478738	4341.76437629	0
1790136000	XAUUSD	M15	4345.91	4272.34999	4366.06969	4161.79945			4344.61393131	4343.18915380	0
1790136900	XAUUSD	M15	4345.59	4272.18231	4365.90202	4161.63178			4344.94464092	4344.06689736	0
1790137800	XAUUSD	M15	4344.44	4272.01464	4365.73434	4161.46410			4344.35651437	4344.21170586	0
1790138700	XAUUSD	M15	4344.14	4271.84696	4365.56666	4161.29642			4342.94542378	4343.57856482	1
1790139600	XAUUSD	M15	4342.29	4271.67928	4365.39898	4161.12875			4340.91595791	4342.24726137	0
1790140500	XAUUSD	M15	4341.03	4271.51161	4365.23131	4160.96107			4338.56502574	4340.40614355	0
1790141400	XAUUSD	M15	4329.40	4271.34393	4365.06363	4160.79339			4336.13629705	4338.27122030	0
1790142300	XAUUSD	M15	4334.61	4271.17625	4364.89595	4160.62572			4334.08613247	4336.17867638	0
1790143200	XAUUSD	M15	4330.77	4271.00857	4364.72828	4160.45804			4332.28008750	4334.22938194	0
1790144100	XAUUSD	M15	4328.82	4270.84090	4364.56060	4160.29036			4330.77326004	4332.50132099	0
1790145000	XAUUSD	M15	4334.18	4270.67322	4364.39292	4160.12269			4329.46270098	4330.98201099	0
1790145900	XAUUSD	M15	4331.38	4270.50554	4364.22525	4159.95501			4328.00740551	4329.49470825	0
1790146800	XAUUSD	M15	4324.73	4270.33787	4364.05757	4159.78733			4326.33239906	4327.91355366	0
1790147700	XAUUSD	M15	4323.83	4270.17019	4363.88989	4159.61965			4324.54638010	4326.22996688	0
1790148600	XAUUSD	M15	4322.29	4270.00251	4363.72222	4159.45198			4322.69627927	4324.46312307	0
1790149500	XAUUSD	M15	4319.59	4269.83484	4363.55454	4159.28430			4320.92836453	4322.69574380	0
1790150400	XAUUSD	M15	4319.64	4269.66716	4363.38686	4159.11662			4319.47723271	4321.08648826	0
1790151300	XAUUSD	M15	4319.07	4269.49948	4363.21918	4158.94895			4318.42481758	4319.75565292	0
1790152200	XAUUSD	M15	4316.36	4269.33181	4363.05151	4158.78127			4317.79856962	4318.77711127	0
1790153100	XAUUSD	M15	4318.13	4269.16413	4362.88383	4158.61359			4317.59712569	4318.18711848	0
1790154000	XAUUSD	M15	4319.97	4268.99645	4362.71615	4158.44592			4317.61161465	4317.89936656	0
1790154900	XAUUSD	M15	4316.95	4268.82877	4362.54848	4158.27824			4317.58404935	4317.74170796	0
1790155800	XAUUSD	M15	4316.41	4268.66110	4362.38080	4158.11056			4317.41347560	4317.57759178	0
1790156700	XAUUSD	M15	4314.13	4268.49342	4362.21312	4157.94289			4316.99817964	4317.28788571	0
1790157600	XAUUSD	M15	4316.63	4268.32574	4362.04545	4157.77521			4316.32902367	4316.80845469	0
1790158500	XAUUSD	M15	4317.65	4268.15807	4361.87777	4157.60753			4315.36062514	4316.08453991	0
1790159400	XAUUSD	M15	4315.74	4267.99039	4361.71009	4157.43985			4314.18528507	4315.13491249	0
1790160300	XAUUSD	M15	4315.59	4267.82271	4361.54242	4157.27218			4313.03015268	4314.08253258	0
1790161200	XAUUSD	M15	4315.02	4267.65504	4361.37474	4157.10450			4312.07684345	4313.07968802	0
1790162100	XAUUSD	M15	4306.23	4267.48736	4361.20706	4156.93682			4311.43106952	4312.25537877	0
1790163000	XAUUSD	M15	4304.86	4267.31968	4361.03938	4156.76915			4311.27446938	4311.76492407	0
1790163900	XAUUSD	M15	4309.56	4267.15201	4360.87171	4156.60147			4311.43947932	4311.60220170	0
1790164800	XAUUSD	M15	4318.81	4266.98433	4360.70403	4156.43379			4311.44738766	4311.52479468	0
1790165700	XAUUSD	M15	4311.14	4266.81665	4360.53635	4156.26612			4310.68119098	4311.10299283	0
1790166600	XAUUSD	M15	4303.80	4266.64897	4360.36868	4156.09844			4309.04815874	4310.07557578	0
1790167500	XAUUSD	M15	4309.90	4266.48130	4360.20100	4155.93076			4306.60167966	4308.33862772	0
1790168400	XAUUSD	M15	4302.26	4266.31362	4360.03332	4155.76309			4303.21092782	4305.77477777	0
1790169300	XAUUSD	M15	4312.17	4266.14594	4359.86565	4155.59541			4299.31090145	4302.54283961	0
1790170200	XAUUSD	M15	4292.62	4265.97827	4359.69797	4155.42773			4294.97418779	4298.75851370	0
1790171100	XAUUSD	M15	4283.87	4265.81059	4359.53029	4155.26005			4291.13272358	4294.94561864	0
1790172000	XAUUSD	M15	4283.55	4265.64291	4359.36262	4155.09238			4288.33707210	4291.64134537	0
1790172900	XAUUSD	M15	4280.62	4265.47524	4359.19494	4154.92470			4286.68618127	4289.16376332	0
1790173800	XAUUSD	M15	4286.69	4265.30756	4359.02726	4154.75702			4286.12736868	4287.64556600	0
1790174700	XAUUSD	M15	4294.31	4265.13988	4358.85958	4154.58935			4286.19156529	4286.91856565	0
1790175600	XAUUSD	M15	4294.17	4264.97221	4358.69191	4154.42167			4286.30123809	4286.60990187	0
1790176500	XAUUSD	M15	4283.28	4264.80453	4358.52423	4154.25399			4286.15275198	4286.38132692	0
1790177400	XAUUSD	M15	4284.25	4264.63685	4358.35655	4154.08632			4285.85753730	4286.11943211	0
1790178300	XAUUSD	M15	4282.16	4264.46917	4358.18888	4153.91864			4285.34952516	4285.73447864	0
1790179200	XAUUSD	M15	4283.13	4264.30150	4358.02120	4153.75096			4284.75787590	4285.24617727	0
1790180100	XAUUSD	M15	4285.72	4264.13382	4357.85352	4153.58329			4284.21460421	4284.73039074	0
1790181000	XAUUSD	M15	4286.22	4263.96614	4357.68585	4153.41561			4283.82728717	4284.27883895	0
1790181900	XAUUSD	M15	4284.93	4263.79847	4357.51817	4153.24793			4283.74124954	4284.01004424	0
1790182800	XAUUSD	M15	4279.00	4263.63079	4357.35049	4153.08025			4284.10375776	4284.05690100	1
1790183700	XAUUSD	M15	4282.31	4263.46311	4357.18282	4152.91258			4285.06615277	4284.56152688	0
1790184600	XAUUSD	M15	4288.23	4263.29544	4357.01514	4152.74490		4274.94000	4286.37997201	4285.47074945	0
1790185500	XAUUSD	M15	4292.92	4263.12776	4356.84746	4152.57722			4287.58337809	4286.52706377	0
1790186400	XAUUSD	M15	4289.38	4262.96008	4356.67978	4152.40955			4288.25389743	4287.39048060	0
1790187300	XAUUSD	M15	4286.21	4262.79240	4356.51211	4152.24187			4288.29780280	4287.84414170	0
1790188200	XAUUSD	M15	4284.23	4262.62473	4356.34443	4152.07419			4287.79614384	4287.82014277	1
1790189100	XAUUSD	M15	4290.44	4262.45705	4356.17675	4151.90652			4286.94079129	4287.38046703	0
1790190000	XAUUSD	M15	4284.44	4262.28937	4356.00908	4151.73884			4285.81948291	4286.59997497	0
1790190900	XAUUSD	M15	4286.59	4262.12170	4355.84140	4151.57116			4284.87409951	4285.73703724	0
1790191800	XAUUSD	M15	4282.46	4261.95402	4355.67372	4151.40349			4284.26083644	4284.99893684	0
1790192700	XAUUSD	M15	4284.05	4261.78634	4355.50605	4151.23581			4284.19817993	4284.59855838	0
1790193600	XAUUSD	M15	4284.92	4261.61867	4355.33837	4151.06813			4284.65053720	4284.62454779	1
1790194500	XAUUSD	M15	4285.44	4261.45099	4355.17069	4150.90045			4285.48602542	4285.05528661	0
1790195400	XAUUSD	M15	4285.50	4261.28331	4355.00301	4150.73278			4286.47207807	4285.76368234	0
1790196300	XAUUSD	M15	4287.40	4261.11564	4354.83534	4150.56510			4287.40407151	4286.58387693	0
1790200800	XAUUSD	M15	4288.14	4260.94796	4354.66766	4150.39742			4288.04813041	4287.31600367	0
1790201700	XAUUSD	M15	4288.52	4260.78028	4354.49998	4150.22975			4288.37528527	4287.84564447	0
1790202600	XAUUSD	M15	4289.32	4260.61260	4354.33231	4150.06207			4288.44387324	4288.14475886	0
1790203500	XAUUSD	M15	4289.53	4260.44493	4354.16463	4149.89439			4288.36402507	4288.25439196	0
1790204400	XAUUSD	M15	4291.31	4260.27725	4353.99695	4149.72672			4288.32498964	4288.28969080	0
1790205300	XAUUSD	M15	4288.13	4260.10957	4353.82928	4149.55904			4288.46911285	4288.37940183	0
1790206200	XAUUSD	M15	4285.29	4259.94190	4353.66160	4149.39136			4289.01250458	4288.69595320	0
1790207100	XAUUSD	M15	4288.54	4259.77422	4353.49392	4149.22369			4290.06401657	4289.37998489	0
1790208000	XAUUSD	M15	4289.04	4259.60654	4353.32625	4149.05601			4291.47989079	4290.42993784	0
1790208900	XAUUSD	M15	4291.95	4259.43887	4353.15857	4148.88833			4293.05308022	4291.74150903	0
1790209800	XAUUSD	M15	4294.51	4259.27119	4352.99089	4148.72065			4294.44020803	4293.09085853	0
1790210700	XAUUSD	M15	4298.48	4259.10351	4352.82321	4148.55298			4295.28753295	4294.18919574	0
1790211600	XAUUSD	M15	4302.91	4258.93584	4352.65554	4148.38530			4295.29675558	4294.74297566	0
1790212500	XAUUSD	M15	4299.28	4258.76816	4352.48786	4148.21762	4303.22000		4294.28199685	4294.51248625	1
1790213400	XAUUSD	M15	4289.83	4258.60048	4352.32018	4148.04995			4292.48219691	4293.49734158	0
1790214300	XAUUSD	M15	4279.22	4258.43280	4352.15251	4147.88227			4290.42356413	4291.96045285	0
1790215200	XAUUSD	M15	4282.64	4258.26513	4351.98483	4147.71459		4273.69000	4288.68574564	4290.32309925	0
1790216100	XAUUSD	M15	4286.02	4258.09745	4351.81715	4147.54692			4287.37649025	4288.84979475	0
1790217000	XAUUSD	M15	4295.45	4257.92977	4351.64948	4147.37924			4286.48429175	4287.66704325	0
1790217900	XAUUSD	M15	4290.76	4257.76210	4351.48180	4147.21156			4285.79172651	4286.72938488	0
1790218800	XAUUSD	M15	4287.08	4257.59442	4351.31412	4147.04389			4285.42971016	4286.07954752	0
1790219700	XAUUSD	M15	4285.77	4257.42674	4351.14645	4146.87621			4285.43818048	4285.75886400	0
1790220600	XAUUSD	M15	4281.75	4257.25907	4350.97877	4146.70853			4285.76477786	4285.76182093	1
1790221500	XAUUSD	M15	4285.10	4257.09139	4350.81109	4146.54085			4286.40345096	4286.08263594	0
1790222400	XAUUSD	M15	4284.94	4256.92371	4350.64341	4146.37318			4287.08399609	4286.58331602	0
1790223300	XAUUSD	M15	4286.26	4256.75604	4350.47574	4146.20550			4287.63713450	4287.11022526	0
1790224200	XAUUSD	M15	4286.57	4256.58836	4350.30806	4146.03782			4287.84786855	4287.47904690	0
1790225100	XAUUSD	M15	4289.49	4256.42068	4350.14038	4145.87015			4287.59323453	4287.53614071	0
1790226000	XAUUSD	M15	4290.34	4256.25300	4349.97271	4145.70247			4286.77767715	4287.15690893	1
1790226900	XAUUSD	M15	4290.62	4256.08533	4349.80503	4145.53479			4285.47960378	4286.31825636	0
1790227800	XAUUSD	M15	4281.19	4255.91765	4349.63735	4145.36712			4283.87579476	4285.09702556	0
1790228700	XAUUSD	M15	4279.23	4255.74997	4349.46968	4145.19944			4282.47028970	4283.78365763	0
1790229600	XAUUSD	M15	4282.19	4255.58230	4349.30200	4145.03176			4281.51772348	4282.65069055	0
1790230500	XAUUSD	M15	4282.12	4255.41462	4349.13432	4144.86409			4281.02286129	4281.83677592	0
1790231400	XAUUSD	M15	4277.61	4255.24694	4348.96665	4144.69641			4280.93673430	4281.38675511	0
1790232300	XAUUSD	M15	4276.33	4255.07927	4348.79897	4144.52873			4281.17415817	4281.28045664	0
1790233200	XAUUSD	M15	4284.13	4254.91159	4348.63129	4144.36105			4281.46754514	4281.37400089	1
1790234100	XAUUSD	M15	4284.91	4254.74391	4348.46361	4144.19338			4281.26595680	4281.31997885	1
1790235000	XAUUSD	M15	4282.96	4254.57624	4348.29594	4144.02570			4280.21966958	4280.76982421	0
1790235900	XAUUSD	M15	4278.65	4254.40856	4348.12826	4143.85802			4278.17856850	4279.47419636	0
1790236800	XAUUSD	M15	4277.34	4254.24088	4347.96058	4143.69035			4275.18623547	4277.33021591	0
1790237700	XAUUSD	M15	4264.36	4254.07320	4347.79291	4143.52267			4271.36142310	4274.34581951	0
1790238600	XAUUSD	M15	4268.02	4253.90553	4347.62523	4143.35499			4267.25970578	4270.80276265	0
1790239500	XAUUSD	M15	4261.35	4253.73785	4347.45755	4143.18732			4263.05296225	4266.92786245	0
1790240400	XAUUSD	M15	4262.97	4253.57017	4347.28988	4143.01964			4259.19120962	4263.05953603	0
1790241300	XAUUSD	M15	4255.57	4253.40250	4347.12220	4142.85196			4255.92302502	4259.49128053	0
1790242200	XAUUSD	M15	4252.11	4253.23482	4346.95452	4142.68429			4253.65780075	4256.57454064	0
1790243100	XAUUSD	M15	4255.42	4253.06714	4346.78685	4142.51661			4252.53896998	4254.55675531	0
1790244000	XAUUSD	M15	4252.16	4252.89947	4346.61917	4142.34893			4252.39769373	4253.47722452	0
1790244900	XAUUSD	M15	4245.71	4252.73179	4346.45149	4142.18125			4253.12354982	4253.30038717	0
1790245800	XAUUSD	M15	4258.38	4252.56411	4346.28381	4142.01358		4244.41000	4254.66225297	4253.98132007	1
1790246700	XAUUSD	M15	4258.29	4252.39644	4346.11614	4141.84590			4256.48374624	4255.23253316	0
1790247600	XAUUSD	M15	4258.83	4252.22876	4345.94846	4141.67822			4258.50195668	4256.86724492	0
1790248500	XAUUSD	M15	4263.80	4252.06108	4345.78078	4141.51055			4260.75701907	4258.81213199	0
1790249400	XAUUSD	M15	4260.69	4251.89340	4345.61311	4141.34287			4263.22117042	4261.01665121	0
1790250300	XAUUSD	M15	4265.91	4251.72573	4345.44543	4141.17519			4266.08583947	4263.55124534	0
1790251200	XAUUSD	M15	4268.82	4251.55805	4345.27775	4141.00752			4269.20042923	4266.37583728	0
1790252100	XAUUSD	M15	4271.41	4251.39037	4345.11008	4140.83984			4272.33341775	4269.35462752	0
1790253000	XAUUSD	M15	4271.87	4251.22270	4344.94240	4140.67216			4275.11825497	4272.23644125	0
1790253900	XAUUSD	M15	4281.09	4251.05502	4344.77472	4140.50449			4277.15846789	4274.69745457	0
1790254800	XAUUSD	M15	4278.37	4250.88734	4344.60705	4140.33681			4277.82243471	4276.25994464	0
1790255700	XAUUSD	M15	4276.38	4250.71967	4344.43937	4140.16913			4276.91786863	4276.58890663	0
1790256600	XAUUSD	M15	4273.36	4250.55199	4344.27169	4140.00145			4274.43271159	4275.51080911	1
1790257500	XAUUSD	M15	4267.63	4250.38431	4344.10401	4139.83378			4270.62423195	4273.06752053	0
1790258400	XAUUSD	M15	4269.66	4250.21664	4343.93634	4139.66610			4266.03960299	4269.55356176	0
1790259300	XAUUSD	M15	4267.12	4250.04896	4343.76866	4139.49842			4261.19049493	4265.37202834	0
1790260200	XAUUSD	M15	4256.48	4249.88128	4343.60098	4139.33075			4256.77470239	4261.07336537	0
1790261100	XAUUSD	M15	4253.25	4249.71360	4343.43331	4139.16307			4253.64043069	4257.35689803	0
1790262000	XAUUSD	M15	4246.96	4249.54593	4343.26563	4138.99539		4244.82000	4252.26760450	4254.81225126	0
1790262900	XAUUSD	M15	4250.32	4249.37825	4343.09795	4138.82772			4252.92612933	4253.86919030	0
1790263800	XAUUSD	M15	4255.22	4249.21057	4342.93028	4138.66004			4255.32413155	4254.59666092	1
1790264700	XAUUSD	M15	4256.67	4249.04290	4342.76260	4138.49236			4258.82343717	4256.71004904	0
1790265600	XAUUSD	M15	4258.23	4248.87522	4342.59492	4138.32469			4262.74512601	4259.72758753	0
1790266500	XAUUSD	M15	4275.49	4248.70754	4342.42725	4138.15701	4288.47000		4266.38381196	4263.05569975	0
1790267400	XAUUSD	M15	4274.27	4248.53987	4342.25957	4137.98933			4268.79001050	4265.92285512	0
1790268300	XAUUSD	M15	4273.16	4248.37219	4342.09189	4137.82165			4269.79971019	4267.86128266	0
1790269200	XAUUSD	M15	4271.14	4248.20451	4341.92421	4137.65398			4269.62392799	4268.74260532	0
1790270100	XAUUSD	M15	4262.96	4248.03684	4341.75654	4137.48630			4268.75275646	4268.74768089	0
1790271000	XAUUSD	M15	4258.95	4247.86916	4341.58886	4137.31862			4267.91906393	4268.33337241	1
1790271900	XAUUSD	M15	4264.89	4247.70148	4341.42118	4137.15095			4267.64726032	4267.99031636	0
1790272800	XAUUSD	M15	4269.71	4247.53380	4341.25351	4136.98327			4267.99635786	4267.99333711	1
1790273700	XAUUSD	M15	4274.70	4247.36613	4341.08583	4136.81559			4268.79237389	4268.39285550	0
1790274600	XAUUSD	M15	4271.52	4247.19845	4340.91815	4136.64792			4269.72574551	4269.05930050	0
1790275500	XAUUSD	M15	4271.91	4247.03077	4340.75048	4136.48024			4270.64878308	4269.85404179	0
1790276400	XAUUSD	M15	4267.60	4246.86310	4340.58280	4136.31256			4271.34385717	4270.59894948	0
1790277300	XAUUSD	M15	4272.16	4246.69542	4340.41512	4136.14489			4271.81255513	4271.20575231	0
1790278200	XAUUSD	M15	4274.43	4246.52774	4340.24745	4135.97721			4271.90401187	4271.55488209	0
1790279100	XAUUSD	M15	4273.86	4246.36007	4340.07977	4135.80953			4271.63814909	4271.59651559	0
1790280000	XAUUSD	M15	4269.85	4246.19239	4339.91209	4135.64185			4271.18945061	4271.39298310	1
1790280900	XAUUSD	M15	4265.41	4246.02471	4339.74441	4135.47418			4270.85960334	4271.12629322	0
1790281800	XAUUSD	M15	4270.88	4245.85704	4339.57674	4135.30650			4270.89838621	4271.01233971	0
1790282700	XAUUSD	M15	4273.93	4245.68936	4339.40906	4135.13882			4271.18329662	4271.09781817	1
1790287200	XAUUSD	M15	4270.43	4245.52168	4339.24138	4134.97115			4271.51540287	4271.30661052	0
1790288100	XAUUSD	M15	4271.14	4245.35400	4339.07371	4134.80347			4271.80259964	4271.55460508	0
1790289000	XAUUSD	M15	4270.87	4245.18633	4338.90603	4134.63579			4271.87266325	4271.71363417	0
1790289900	XAUUSD	M15	4272.48	4245.01865	4338.73835	4134.46812			4271.59350210	4271.65356813	1
1790290800	XAUUSD	M15	4273.38	4244.85097	4338.57068	4134.30044			4270.93533458	4271.29445136	0
1790291700	XAUUSD	M15	4271.95	4244.68330	4338.40300	4134.13276			4270.06761951	4270.68103543	0
1790292600	XAUUSD	M15	4274.49	4244.51562	4338.23532	4133.96508			4269.36401139	4270.02252341	0
1790293500	XAUUSD	M15	4264.93	4244.34794	4338.06765	4133.79741			4269.17452182	4269.59852261	0
1790294400	XAUUSD	M15	4266.33	4244.18027	4337.89997	4133.62973		4264.38000	4270.11776329	4269.85814295	1
1790295300	XAUUSD	M15	4270.50	4244.01259	4337.73229	4133.46205			4272.34344132	4271.10079214	0
1790296200	XAUUSD	M15	4271.42	4243.84491	4337.56461	4133.29438			4275.69485616	4273.39782415	0
1790297100	XAUUSD	M15	4278.48	4243.67724	4337.39694	4133.12670			4279.86510847	4276.63146631	0
1790298000	XAUUSD	M15	4289.96	4243.50956	4337.22926	4132.95902			4284.17598006	4280.40372318	0
1790298900	XAUUSD	M15	4293.70	4243.34188	4337.06158	4132.79135			4287.80786225	4284.10579272	0
1790299800	XAUUSD	M15	4292.65	4243.17420	4336.89391	4132.62367	4295.68000		4290.26160670	4287.18369971	0
1790300700	XAUUSD	M15	4287.83	4243.00653	4336.72623	4132.45599			4291.35119188	4289.26744579	0
1790301600	XAUUSD	M15	4290.20	4242.83885	4336.55855	4132.28832			4291.19340587	4290.23042583	0
1790302500	XAUUSD	M15	4288.09	4242.67117	4336.39088	4132.12064			4289.82879347	4290.02960965	1
1790303400	XAUUSD	M15	4285.95	4242.50350	4336.22320	4131.95296			4287.49405688	4288.76183326	0
1790304300	XAUUSD	M15	4283.79	4242.33582	4336.05552	4131.78528			4284.45371638	4286.60777482	0
1790305200	XAUUSD	M15	4282.66	4242.16814	4335.88785	4131.61761			4281.00840127	4283.80808805	0
1790306100	XAUUSD	M15	4278.12	4242.00047	4335.72017	4131.44993			4277.43914772	4280.62361788	0
1790307000	XAUUSD	M15	4273.57	4241.83279	4335.55249	4131.28225			4274.05939319	4277.34150554	0
1790307900	XAUUSD	M15	4270.03	4241.66511	4335.38481	4131.11458			4271.14147543	4274.24149048	0
1790308800	XAUUSD	M15	4268.22	4241.49744	4335.21714	4130.94690			4268.85802264	4271.54975656	0
1790309700	XAUUSD	M15	4271.35	4241.32976	4335.04946	4130.77922			4267.25864277	4269.40419967	0
1790310600	XAUUSD	M15	4272.03	4241.16208	4334.88178	4130.61155			4266.21876831	4267.81148399	0
1790311500	XAUUSD	M15	4263.06	4240.99440	4334.71411	4130.44387			4265.69489548	4266.75318974	0
1790312400	XAUUSD	M15	4256.96	4240.82673	4334.54643	4130.27619		4256.44000	4265.89199105	4266.32259039	0
1790313300	XAUUSD	M15	4264.09	4240.65905	4334.37875	4130.10852			4266.90603149	4266.61431094	1
1790314200	XAUUSD	M15	4274.58	4240.49137	4334.21108	4129.94084			4268.41742537	4267.51586816	0
1790315100	XAUUSD	M15	4266.75	4240.32370	4334.04340	4129.77316			4270.00126774	4268.75856795	0
1790316000	XAUUSD	M15	4274.67	4240.15602	4333.87572	4129.60548			4271.73665839	4270.24761317	0
1790316900	XAUUSD	M15	4274.98	4239.98834	4333.70805	4129.43781			4273.27819003	4271.76290160	0
1790317800	XAUUSD	M15	4277.02	4239.82067	4333.54037	4129.27013			4274.54913476	4273.15601818	0
1790318700	XAUUSD	M15	4275.81	4239.65299	4333.37269	4129.10245			4275.52629359	4274.34115589	0
1790319600	XAUUSD	M15	4275.20	4239.48531	4333.20501	4128.93478			4276.35831489	4275.34973539	0
1790320500	XAUUSD	M15	4273.79	4239.31764	4333.03734	4128.76710			4277.22539030	4276.28756284	0
1790321400	XAUUSD	M15	4276.74	4239.14996	4332.86966	4128.59942			4278.38847119	4277.33801702	0
1790322300	XAUUSD	M15	4279.72	4238.98228	4332.70198	4128.43175			4279.96007797	4278.64904749	0
1790323200	XAUUSD	M15	4281.79	4238.81460	4332.53431	4128.26407			4281.98639448	4280.31772099	0
1790324100	XAUUSD	M15	4284.25	4238.64693	4332.36663	4128.09639			4284.47030054	4282.39401076	0
1790325000	XAUUSD	M15	4292.25	4238.47925	4332.19895	4127.92872			4287.27833378	4284.83617227	0
1790325900	XAUUSD	M15	4293.45	4238.31157	4332.03128	4127.76104			4290.11023361	4287.47320294	0
1790326800	XAUUSD	M15	4293.99	4238.14390	4331.86360	4127.59336			4292.86788235	4290.17054264	0
1790327700	XAUUSD	M15	4290.54	4237.97622	4331.69592	4127.42568			4295.52603311	4292.84828788	0
1790328600	XAUUSD	M15	4294.66	4237.80854	4331.52825	4127.25801			4298.18341172	4295.51584980	0
1790329500	XAUUSD	M15	4295.13	4237.64087	4331.36057	4127.09033			4300.70659465	4298.11122222	0
1790330400	XAUUSD	M15	4307.29	4237.47319	4331.19289	4126.92265			4303.07114435	4300.59118329	0
1790331300	XAUUSD	M15	4308.28	4237.30551	4331.02521	4126.75498			4304.93057490	4302.76087910	0
1790332200	XAUUSD	M15	4305.38	4237.13784	4330.85754	4126.58730			4306.26808671	4304.51448290	0
1790333100	XAUUSD	M15	4311.07	4236.97016	4330.68986	4126.41962			4307.18812682	4305.85130486	0
1790334000	XAUUSD	M15	4312.51	4236.80248	4330.52218	4126.25195	4315.73000		4307.57449604	4306.71290045	0
1790334900	XAUUSD	M15	4304.69	4236.63480	4330.35451	4126.08427			4307.40957840	4307.06123942	0
1790335800	XAUUSD	M15	4301.67	4236.46713	4330.18683	4125.91659			4306.88362002	4306.97242972	1
1790336700	XAUUSD	M15	4303.00	4236.29945	4330.01915	4125.74892			4305.97709051	4306.47476012	0
1790337600	XAUUSD	M15	4299.88	4236.13177	4329.85148	4125.58124			4304.47091189	4305.47283600	0
1790338500	XAUUSD	M15	4306.66	4235.96410	4329.68380	4125.41356			4302.20538120	4303.83910860	0
1790339400	XAUUSD	M15	4301.70	4235.79642	4329.51612	4125.24588			4298.82934285	4301.33422572	0
1790340300	XAUUSD	M15	4298.13	4235.62874	4329.34845	4125.07821			4294.43591741	4297.88507157	0
1790341200	XAUUSD	M15	4292.77	4235.46107	4329.18077	4124.91053			4289.24493510	4293.56500334	0
1790342100	XAUUSD	M15	4278.22	4235.29339	4329.01309	4124.74285			4283.69401037	4288.62950685	0
1790343000	XAUUSD	M15	4278.93	4235.12571	4328.84541	4124.57518			4278.61547814	4283.62249250	0
1790343900	XAUUSD	M15	4275.61	4234.95804	4328.67774	4124.40750			4274.45447219	4279.03848235	0
1790344800	XAUUSD	M15	4267.51	4234.79036	4328.51006	4124.23982		4254.76000	4271.65327223	4275.34587729	0
1790345700	XAUUSD	M15	4265.99	4234.62268	4328.34238	4124.07215			4270.64220899	4272.99404314	0
1790346600	XAUUSD	M15	4273.19	4234.45500	4328.17471	4123.90447			4271.45536584	4272.22470449	0
1790347500	XAUUSD	M15	4279.08	4234.28733	4328.00703	4123.73679			4273.66813960	4272.94642204	1
1790348400	XAUUSD	M15	4280.10	4234.11965	4327.83935	4123.56912			4276.75645987	4274.85144096	0
1790349300	XAUUSD	M15	4279.74	4233.95197	4327.67168	4123.40144			4280.25514417	4277.55329256	0
1790350200	XAUUSD	M15	4275.01	4233.78430	4327.50400	4123.23376			4283.72658669	4280.63993963	0
1790351100	XAUUSD	M15	4290.71	4233.61662	4327.33632	4123.06608			4286.89767412	4283.76880687	0
1790352000	XAUUSD	M15	4290.48	4233.44894	4327.16865	4122.89841			4289.04442026	4286.40661357	0
1790352900	XAUUSD	M15	4292.12	4233.28127	4327.00097	4122.73073			4290.03241532	4288.21951445	0
1790353800	XAUUSD	M15	4287.15	4233.11359	4326.83329	4122.56305			4289.88123283	4289.05037364	0
1790354700	XAUUSD	M15	4286.47	4232.94591	4326.66561	4122.39538			4288.97946418	4289.01491891	1
1790355600	XAUUSD	M15	4291.41	4232.77823	4326.49794	4122.22770			4287.71213366	4288.36352628	0
1790356500	XAUUSD	M15	4286.66	4232.61056	4326.33026	4122.06002			4286.37216468	4287.36784548	0
1790357400	XAUUSD	M15	4285.68	4232.44288	4326.16258	4121.89235			4285.46669839	4286.41727194	0
1790358300	XAUUSD	M15	4283.19	4232.27520	4325.99491	4121.72467			4285.30100242	4285.85913718	0
1790359200	XAUUSD	M15	4284.78	4232.10753	4325.82723	4121.55699			4286.08079785	4285.96996751	1
1790360100	XAUUSD	M15	4287.52	4231.93985	4325.65955	4121.38932			4287.72465633	4286.84731192	0
1790361000	XAUUSD	M15	4291.77	4231.77217	4325.49188	4121.22164			4289.91129160	4288.37930176	0
1790361900	XAUUSD	M15	4294.88	4231.60450	4325.32420	4121.05396			4292.12087458	4290.25008817	0
1790362800	XAUUSD	M15	4296.77	4231.43682	4325.15652	4120.88628			4293.84998472	4292.05003644	0
1790363700	XAUUSD	M15	4289.00	4231.26914	4324.98884	4120.71861			4294.65684837	4293.35344241	0
1790364600	XAUUSD	M15	4292.38	4231.10147	4324.82117	4120.55093			4294.43552571	4293.89448406	0
1790365500	XAUUSD	M15	4291.36	4230.93379	4324.65349	4120.38325			4292.92807733	4293.41128070	1
1790366400	XAUUSD	M15	4290.72	4230.76611	4324.48581	4120.21558			4290.14214661	4291.77671365	0
1790367300	XAUUSD	M15	4287.39	4230.59843	4324.31814	4120.04790			4286.27445947	4289.02558656	0
1790368200	XAUUSD	M15	4284.81	4230.43076	4324.15046	4119.88022			4281.73611769	4285.38085213	0
1790369100	XAUUSD	M15	4285.96	4230.26308	4323.98278	4119.71255			4276.99581846	4281.18833529	0
1790546400	XAUUSD	M15	4266.18	4230.09540	4323.81511	4119.54487			4272.43559491	4276.81196510	0
1790547300	XAUUSD	M15	4268.66	4229.92773	4323.64743	4119.37719			4268.86183306	4272.83689908	0
1790548200	XAUUSD	M15	4261.58	4229.76005	4323.47975	4119.20952			4266.26074946	4269.54882427	0
1790549100	XAUUSD	M15	4260.09	4229.59237	4323.31208	4119.04184			4264.60966851	4267.07924639	0
1790550000	XAUUSD	M15	4264.92	4229.42470	4323.14440	4118.87416			4263.50097446	4265.29011043	0
1790550900	XAUUSD	M15	4263.33	4229.25702	4322.97672	4118.70648			4262.17904095	4263.73457569	0
1790551800	XAUUSD	M15	4260.36	4229.08934	4322.80904	4118.53881			4260.08617138	4261.91037353	0
1790552700	XAUUSD	M15	4260.45	4228.92167	4322.64137	4118.37113			4256.84541507	4259.37789430	0
1790553600	XAUUSD	M15	4256.26	4228.75399	4322.47369	4118.20345			4252.22924968	4255.80357199	0
1790554500	XAUUSD	M15	4249.91	4228.58631	4322.30601	4118.03578			4246.39423079	4251.09890139	0
1790555400	XAUUSD	M15	4236.97	4228.41863	4322.13834	4117.86810			4239.72467507	4245.41178823	0
1790556300	XAUUSD	M15	4230.95	4228.25096	4321.97066	4117.70042			4232.93238316	4239.17208570	0
1790557200	XAUUSD	M15	4220.77	4228.08328	4321.80298	4117.53275			4226.55130052	4232.86169311	0
1790558100	XAUUSD	M15	4220.60	4227.91560	4321.63531	4117.36507			4221.07459707	4226.96814509	0
1790559000	XAUUSD	M15	4209.67	4227.74793	4321.46763	4117.19739			4216.53834457	4221.75324483	0
1790559900	XAUUSD	M15	4216.10	4227.58025	4321.29995	4117.02972			4213.04857393	4217.40090938	0
1790560800	XAUUSD	M15	4215.85	4227.41257	4321.13228	4116.86204			4210.13091212	4213.76591075	0
1790561700	XAUUSD	M15	4215.01	4227.24490	4320.96460	4116.69436			4207.46881182	4210.61736128	0
1790562600	XAUUSD	M15	4207.12	4227.07722	4320.79692	4116.52668			4204.85877213	4207.73806671	0
1790563500	XAUUSD	M15	4196.75	4226.90954	4320.62924	4116.35901			4202.43120481	4205.08463576	0
1790564400	XAUUSD	M15	4200.30	4226.74187	4320.46157	4116.19133			4200.47451567	4202.77957572	0
1790565300	XAUUSD	M15	4196.05	4226.57419	4320.29389	4116.02365			4198.93809166	4200.85883369	0
1790566200	XAUUSD	M15	4193.15	4226.40651	4320.12621	4115.85598			4197.93924576	4199.39903972	0
1790567100	XAUUSD	M15	4196.84	4226.23883	4319.95854	4115.68830			4197.47670707	4198.43787340	0
1790568000	XAUUSD	M15	4199.43	4226.07116	4319.79086	4115.52062			4197.25401360	4197.84594350	0
1790568900	XAUUSD	M15	4199.61	4225.90348	4319.62318	4115.35295			4196.91219909	4197.37907129	0
1790569800	XAUUSD	M15	4198.20	4225.73580	4319.45551	4115.18527			4196.13117059	4196.75512094	0
1790570700	XAUUSD	M15	4194.67	4225.56813	4319.28783	4115.01759			4194.63812276	4195.69662185	0
1790571600	XAUUSD	M15	4192.54	4225.40045	4319.12015	4114.84992			4192.36616527	4194.03139356	0
1790572500	XAUUSD	M15	4190.52	4225.23277	4318.95248	4114.68224			4189.31067641	4191.67103498	0
1790573400	XAUUSD	M15	4183.42	4225.06510	4318.78480	4114.51456			4185.52989868	4188.60046683	0
1790574300	XAUUSD	M15	4179.37	4224.89742	4318.61712	4114.34688			4181.37207839	4184.98627261	0
1790575200	XAUUSD	M15	4178.85	4224.72974	4318.44944	4114.17921			4177.08578316	4181.03602789	0
1790576100	XAUUSD	M15	4169.92	4224.56207	4318.28177	4114.01153			4172.79351967	4176.91477378	0
1790577000	XAUUSD	M15	4171.83	4224.39439	4318.11409	4113.84385			4168.78824568	4172.85150973	0
1790577900	XAUUSD	M15	4164.17	4224.22671	4317.94641	4113.67618			4165.03326043	4168.94238508	0
1790578800	XAUUSD	M15	4161.08	4224.05903	4317.77874	4113.50850			4161.64416652	4165.29327580	0
1790579700	XAUUSD	M15	4158.22	4223.89136	4317.61106	4113.34082			4158.60501605	4161.94914593	0
1790580600	XAUUSD	M15	4153.86	4223.72368	4317.44338	4113.17315			4155.83750884	4158.89332738	0
1790581500	XAUUSD	M15	4155.57	4223.55600	4317.27571	4113.00547			4153.32684194	4156.11008466	0
1790582400	XAUUSD	M15	4156.80	4223.38833	4317.10803	4112.83779			4150.97655999	4153.54332233	0
1790583300	XAUUSD	M15	4144.98	4223.22065	4316.94035	4112.67012			4148.85312798	4151.19822515	0
1790584200	XAUUSD	M15	4149.28	4223.05297	4316.77268	4112.50244			4147.43012413	4149.31417464	0
1790585100	XAUUSD	M15	4144.46	4222.88530	4316.60500	4112.33476			4146.78309582	4148.04863523	0
1790586000	XAUUSD	M15	4144.44	4222.71762	4316.43732	4112.16708		4140.68000	4147.08130137	4147.56496830	0
1790586900	XAUUSD	M15	4146.47	4222.54994	4316.26964	4111.99941			4148.32679116	4147.94587973	1
1790587800	XAUUSD	M15	4149.90	4222.38227	4316.10197	4111.83173			4150.25079600	4149.09833787	0
1790588700	XAUUSD	M15	4155.84	4222.21459	4315.93429	4111.66405			4152.40493276	4150.75163532	0
1790589600	XAUUSD	M15	4155.37	4222.04691	4315.76661	4111.49638			4154.27513261	4152.51338396	0
1790590500	XAUUSD	M15	4158.45	4221.87923	4315.59894	4111.32870			4155.58306260	4154.04822328	0
1790591400	XAUUSD	M15	4155.90	4221.71156	4315.43126	4111.16102			4156.10815895	4155.07819112	0
1790592300	XAUUSD	M15	4155.44	4221.54388	4315.26358	4110.99335			4155.91566629	4155.49692870	0
1790593200	XAUUSD	M15	4150.02	4221.37620	4315.09591	4110.82567			4155.18687454	4155.34190162	1
1790594100	XAUUSD	M15	4155.58	4221.20853	4314.92823	4110.65799			4154.31425368	4154.82807765	0
1790595000	XAUUSD	M15	4151.54	4221.04085	4314.76055	4110.49032			4153.40351002	4154.11579384	0
1790595900	XAUUSD	M15	4148.78	4220.87317	4314.59288	4110.32264			4152.77734389	4153.44656886	0
1790596800	XAUUSD	M15	4165.69	4220.70550	4314.42520	4110.15496			4152.59560751	4153.02108818	0
1790597700	XAUUSD	M15	4154.14	4220.53782	4314.25752	4109.98728	4171.06000		4152.37230965	4152.69669892	0
1790598600	XAUUSD	M15	4145.01	4220.37014	4314.08984	4109.81961			4152.27576423	4152.48623157	0
1790599500	XAUUSD	M15	4154.24	4220.20247	4313.92217	4109.65193			4152.28171716	4152.38397437	0
1790600400	XAUUSD	M15	4147.45	4220.03479	4313.75449	4109.48425			4151.77555215	4152.07976326	0
1790601300	XAUUSD	M15	4142.22	4219.86711	4313.58681	4109.31658			4150.56141478	4151.32058902	0
1790602200	XAUUSD	M15	4150.95	4219.69943	4313.41914	4109.14890			4148.45022838	4149.88540870	0
1790603100	XAUUSD	M15	4157.02	4219.53176	4313.25146	4108.98122			4145.01451895	4147.44996383	0
1790604000	XAUUSD	M15	4138.78	4219.36408	4313.08378	4108.81355			4140.18451237	4143.81723810	0
1790604900	XAUUSD	M15	4142.59	4219.19640	4312.91611	4108.64587			4134.81043475	4139.31383642	0
1790605800	XAUUSD	M15	4123.30	4219.02873	4312.74843	4108.47819			4129.35170849	4134.33277246	0
1790606700	XAUUSD	M15	4118.24	4218.86105	4312.58075	4108.31052		4110.92000	4125.16375378	4129.74826312	0
1790607600	XAUUSD	M15	4120.00	4218.69337	4312.41308	4108.14284			4122.28461634	4126.01643973	0
1790608500	XAUUSD	M15	4125.14	4218.52570	4312.24540	4107.97516			4120.98750922	4123.50197448	0
1790609400	XAUUSD	M15	4119.81	4218.35802	4312.07772	4107.80748			4121.23046195	4122.36621821	0
1790610300	XAUUSD	M15	4124.07	4218.19034	4311.91004	4107.63981			4122.90302618	4122.63462220	1
1790611200	XAUUSD	M15	4117.34	4218.02267	4311.74237	4107.47213			4125.60352188	4124.11907204	0
1790612100	XAUUSD	M15	4143.16	4217.85499	4311.57469	4107.30445			4128.97466054	4126.54686629	0
1790613000	XAUUSD	M15	4131.88	4217.68731	4311.40701	4107.13678			4132.10397270	4129.32541949	0
1790613900	XAUUSD	M15	4129.70	4217.51963	4311.23934	4106.96910			4134.79872010	4132.06206980	0
1790614800	XAUUSD	M15	4141.78	4217.35196	4311.07166	4106.80142			4136.86767145	4134.46487063	0
1790615700	XAUUSD	M15	4135.40	4217.18428	4310.90398	4106.63375			4137.98318216	4136.22402639	0
1790616600	XAUUSD	M15	4137.31	4217.01660	4310.73631	4106.46607			4138.32297187	4137.27349913	0
1790617500	XAUUSD	M15	4134.51	4216.84893	4310.56863	4106.29839			4138.03015384	4137.65182649	0
1790618400	XAUUSD	M15	4135.85	4216.68125	4310.40095	4106.13072			4137.37872914	4137.51527781	1
1790619300	XAUUSD	M15	4135.04	4216.51357	4310.23328	4105.96304			4136.53645232	4137.02586507	0
1790620200	XAUUSD	M15	4138.66	4216.34590	4310.06560	4105.79536			4135.61893595	4136.32240051	0
1790621100	XAUUSD	M15	4139.17	4216.17822	4309.89792	4105.62768			4134.51176096	4135.41708074	0
1790622000	XAUUSD	M15	4132.64	4216.01054	4309.73024	4105.46001			4133.02190967	4134.21949520	0
1790622900	XAUUSD	M15	4133.70	4215.84287	4309.56257	4105.29233			4131.18983941	4132.70466731	0
1790623800	XAUUSD	M15	4129.32	4215.67519	4309.39489	4105.12465			4128.82708260	4130.76587495	0
1790624700	XAUUSD	M15	4123.15	4215.50751	4309.22721	4104.95698			4125.90490187	4128.33538841	0
1790625600	XAUUSD	M15	4121.54	4215.33983	4309.05954	4104.78930			4122.81163426	4125.57351134	0
1790626500	XAUUSD	M15	4117.69	4215.17216	4308.89186	4104.62162			4119.93268685	4122.75309909	0
1790627400	XAUUSD	M15	4113.75	4215.00448	4308.72418	4104.45395			4117.74649894	4120.24979902	0
1790628300	XAUUSD	M15	4114.89	4214.83680	4308.55651	4104.28627			4116.96487157	4118.60733529	0
1790632800	XAUUSD	M15	4122.39	4214.66913	4308.38883	4104.11859			4117.97747266	4118.29240398	0
1790633700	XAUUSD	M15	4125.43	4214.50145	4308.22115	4103.95091			4120.12345020	4119.20792709	1
1790634600	XAUUSD	M15	4123.94	4214.33377	4308.05348	4103.78324			4122.45346135	4120.83069422	0
1790635500	XAUUSD	M15	4121.55	4214.16610	4307.88580	4103.61556			4123.69685712	4122.26377567	0
1790636400	XAUUSD	M15	4125.32	4213.99842	4307.71812	4103.44788			4126.25012250	4124.25694908	0
1790637300	XAUUSD	M15	4124.46	4213.83074	4307.55044	4103.28021			4127.15897277	4125.70796093	0
