Cherry_A_timestamp	Cherry_A_symbol	Cherry_A_timeframe	Cherry_A_close	Cherry_A_Base_FL	Cherry_A_UOEDT	Cherry_A_LOEDT	Cherry_A_horiz_high_map	Cherry_A_horiz_low_map	Cherry_A_ssa	Cherry_A_ema_ssa	Cherry_A_crossing
1789147200	XAUUSD	M5	4369.07						4368.26827651	4368.43016847	1
1789147500	XAUUSD	M5	4366.98						4367.41488197	4367.92252522	0
1789147800	XAUUSD	M5	4369.06						4366.34294217	4367.13273369	0
1789148100	XAUUSD	M5	4362.36						4364.81462548	4365.97367959	0
1789148400	XAUUSD	M5	4362.04						4363.35407527	4364.66387743	0
1789148700	XAUUSD	M5	4361.53						4361.83489549	4363.24938646	0
1789149000	XAUUSD	M5	4362.68						4360.18409087	4361.71673867	0
1789149300	XAUUSD	M5	4358.22						4358.29604014	4360.00638941	0
1789149600	XAUUSD	M5	4359.69						4356.34982383	4358.17810662	0
1789149900	XAUUSD	M5	4353.76						4354.27461584	4356.22636123	0
1789150200	XAUUSD	M5	4346.82						4352.29706279	4354.26171201	0
1789150500	XAUUSD	M5	4349.86						4350.62996277	4352.44583739	0
1789150800	XAUUSD	M5	4349.04						4349.15505555	4350.80044647	0
1789151100	XAUUSD	M5	4350.60						4347.91423786	4349.35734216	0
1789151400	XAUUSD	M5	4348.15						4346.91431523	4348.13582870	0
1789151700	XAUUSD	M5	4347.11						4346.28810644	4347.21196757	0
1789152000	XAUUSD	M5	4346.97						4346.09509550	4346.65353153	0
1789152300	XAUUSD	M5	4345.12						4346.30962960	4346.48158057	0
1789152600	XAUUSD	M5	4345.25						4346.87327313	4346.67742685	1
1789152900	XAUUSD	M5	4346.94						4347.64032065	4347.15887375	0
1789153200	XAUUSD	M5	4347.71						4348.40494642	4347.78191008	0
1789153500	XAUUSD	M5	4347.53						4349.00019050	4348.39105029	0
1789153800	XAUUSD	M5	4351.96						4349.32113557	4348.85609293	0
1789154100	XAUUSD	M5	4349.50						4349.25462370	4349.05535832	0
1789154400	XAUUSD	M5	4351.53						4348.87708969	4348.96622401	1
1789154700	XAUUSD	M5	4347.34						4348.24853221	4348.60737811	0
1789155000	XAUUSD	M5	4347.18						4347.55614452	4348.08176132	0
1789155300	XAUUSD	M5	4346.86						4346.92220348	4347.50198240	0
1789155600	XAUUSD	M5	4346.19						4346.45224271	4346.97711256	0
1789155900	XAUUSD	M5	4342.97						4346.21489861	4346.59600559	0
1789156200	XAUUSD	M5	4345.23						4346.35501209	4346.47550884	0
1789156500	XAUUSD	M5	4348.79						4346.78464544	4346.63007714	1
1789156800	XAUUSD	M5	4348.82						4347.34900316	4346.98954015	0
1789157100	XAUUSD	M5	4350.13						4347.97546792	4347.48250404	0
1789157400	XAUUSD	M5	4348.34						4348.57340883	4348.02795643	0
1789157700	XAUUSD	M5	4349.27						4349.13817835	4348.58306739	0
1789158000	XAUUSD	M5	4349.46						4349.58895776	4349.08601257	0
1789158300	XAUUSD	M5	4348.79						4349.83952792	4349.46277025	0
1789158600	XAUUSD	M5	4347.67						4349.80568292	4349.63422659	0
1789158900	XAUUSD	M5	4348.59						4349.39468984	4349.51445821	1
1789159200	XAUUSD	M5	4346.47						4348.45878738	4348.98662280	0
1789159500	XAUUSD	M5	4347.62						4346.97329815	4347.97996047	0
1789159800	XAUUSD	M5	4348.54						4344.88975212	4346.43485629	0
1789160100	XAUUSD	M5	4349.02						4342.27109743	4344.35297686	0
1789336800	XAUUSD	M5	4338.85						4339.29859793	4341.82578740	0
1789337100	XAUUSD	M5	4331.32						4336.51315640	4339.16947190	0
1789337400	XAUUSD	M5	4330.85						4334.38284064	4336.77615627	0
1789337700	XAUUSD	M5	4333.84						4333.09526114	4334.93570870	0
1789338000	XAUUSD	M5	4329.14					4328.31000	4332.62556347	4333.78063609	0
1789338300	XAUUSD	M5	4336.17						4333.02860057	4333.40461833	0
1789338600	XAUUSD	M5	4336.55						4333.96137387	4333.68299610	1
1789338900	XAUUSD	M5	4335.98						4335.21400408	4334.44850009	0
1789339200	XAUUSD	M5	4337.23						4336.59766158	4335.52308083	0
1789339500	XAUUSD	M5	4336.46						4337.90915300	4336.71611692	0
1789339800	XAUUSD	M5	4339.50						4339.05170249	4337.88390970	0
1789340100	XAUUSD	M5	4337.87						4339.87231444	4338.87811207	0
1789340400	XAUUSD	M5	4341.27						4340.39304492	4339.63557850	0
1789340700	XAUUSD	M5	4341.63						4340.54011233	4340.08784541	0
1789341000	XAUUSD	M5	4339.60						4340.34189386	4340.21486964	0
1789341300	XAUUSD	M5	4337.70						4339.91471963	4340.06479463	1
1789341600	XAUUSD	M5	4338.19						4339.37316179	4339.71897821	0
1789341900	XAUUSD	M5	4339.42						4338.75568993	4339.23733407	0
1789342200	XAUUSD	M5	4341.48						4338.07542462	4338.65637934	0
1789342500	XAUUSD	M5	4340.76						4337.34295563	4337.99966749	0
1789342800	XAUUSD	M5	4337.90						4336.65895253	4337.32931001	0
1789343100	XAUUSD	M5	4332.05						4336.19568807	4336.76249904	0
1789343400	XAUUSD	M5	4333.75						4336.17315815	4336.46782859	0
1789343700	XAUUSD	M5	4332.81						4336.55192499	4336.50987679	1
1789344000	XAUUSD	M5	4333.74						4337.29322031	4336.90154855	0
1789344300	XAUUSD	M5	4345.70						4338.25124946	4337.57639901	0
1789344600	XAUUSD	M5	4342.68				4347.51000		4338.98159013	4338.27899457	0
1789344900	XAUUSD	M5	4341.26						4339.46845607	4338.87372532	0
1789345200	XAUUSD	M5	4338.76						4339.70539431	4339.28955982	0
1789345500	XAUUSD	M5	4337.92						4339.75168290	4339.52062136	0
1789345800	XAUUSD	M5	4339.42						4339.63592131	4339.57827133	0
1789346100	XAUUSD	M5	4332.98						4339.31532159	4339.44679646	1
1789346400	XAUUSD	M5	4338.25						4338.92626151	4339.18652899	0
1789346700	XAUUSD	M5	4339.67						4338.28055740	4338.73354319	0
1789347000	XAUUSD	M5	4342.70						4337.31061564	4338.02207942	0
1789347300	XAUUSD	M5	4338.54						4335.98232654	4337.00220298	0
1789347600	XAUUSD	M5	4331.07						4334.53891574	4335.77055936	0
1789347900	XAUUSD	M5	4336.46						4333.38274893	4334.57665415	0
1789348200	XAUUSD	M5	4331.66						4332.59352116	4333.58508765	0
1789348500	XAUUSD	M5	4327.29						4332.49302120	4333.03905443	0
1789348800	XAUUSD	M5	4335.07					4326.31000	4333.31340397	4333.17622920	1
1789349100	XAUUSD	M5	4335.52						4334.86278663	4334.01950792	0
1789349400	XAUUSD	M5	4332.04						4337.04753543	4335.53352167	0
1789349700	XAUUSD	M5	4344.60						4339.80165413	4337.66758790	0
1789350000	XAUUSD	M5	4342.34						4342.59744702	4340.13251746	0
1789350300	XAUUSD	M5	4345.89						4345.31610725	4342.72431235	0
1789350600	XAUUSD	M5	4348.05						4347.73306684	4345.22868959	0
1789350900	XAUUSD	M5	4353.38						4349.71857921	4347.47363440	0
1789351200	XAUUSD	M5	4349.12						4351.12104945	4349.29734193	0
1789351500	XAUUSD	M5	4352.43						4352.09024175	4350.69379184	0
1789351800	XAUUSD	M5	4349.35						4352.58514981	4351.63947083	0
1789352100	XAUUSD	M5	4349.25						4352.70555715	4352.17251399	0
1789352400	XAUUSD	M5	4353.31						4352.41950186	4352.29600792	0
1789352700	XAUUSD	M5	4352.17						4351.54146172	4351.91873482	1
1789353000	XAUUSD	M5	4354.39				4355.34000		4350.03182159	4350.97527821	0
1789353300	XAUUSD	M5	4347.91						4347.81894093	4349.39710957	0
1789353600	XAUUSD	M5	4345.68						4345.15017892	4347.27364424	0
1789353900	XAUUSD	M5	4345.04						4342.24957242	4344.76160833	0
1789354200	XAUUSD	M5	4338.45						4339.35061422	4342.05611128	0
1789354500	XAUUSD	M5	4330.93						4336.84091272	4339.44851200	0
1789354800	XAUUSD	M5	4332.45						4335.05944794	4337.25397997	0
1789355100	XAUUSD	M5	4335.85						4333.97331484	4335.61364740	0
1789355400	XAUUSD	M5	4333.46						4333.38554888	4334.49959814	0
1789355700	XAUUSD	M5	4335.63						4333.17255017	4333.83607416	0
1789356000	XAUUSD	M5	4334.83						4333.07476284	4333.45541850	0
1789356300	XAUUSD	M5	4334.82						4332.93747873	4333.19644861	0
1789356600	XAUUSD	M5	4330.48						4332.66066609	4332.92855735	0
1789356900	XAUUSD	M5	4332.01						4332.33782333	4332.63319034	0
1789357200	XAUUSD	M5	4329.00						4331.95680015	4332.29499524	0
1789357500	XAUUSD	M5	4332.96						4331.64790655	4331.97145090	0
1789357800	XAUUSD	M5	4331.98						4331.34084293	4331.65614692	0
1789358100	XAUUSD	M5	4330.45						4331.06281154	4331.35947923	0
1789358400	XAUUSD	M5	4331.13						4330.82384872	4331.09166397	0
1789358700	XAUUSD	M5	4330.80						4330.55142311	4330.82154354	0
1789359000	XAUUSD	M5	4329.15						4330.18456620	4330.50305487	0
1789359300	XAUUSD	M5	4329.66						4329.72483045	4330.11394266	0
1789359600	XAUUSD	M5	4330.12						4329.15013650	4329.63203958	0
1789359900	XAUUSD	M5	4331.47						4328.48685907	4329.05944932	0
1789360200	XAUUSD	M5	4327.75						4327.78252352	4328.42098642	0
1789360500	XAUUSD	M5	4326.72						4327.24616023	4327.83357333	0
1789360800	XAUUSD	M5	4323.42						4326.99611750	4327.41484541	0
1789361100	XAUUSD	M5	4324.93					4322.17000	4327.14990600	4327.28237571	0
1789361400	XAUUSD	M5	4328.19						4327.62482162	4327.45359866	1
1789361700	XAUUSD	M5	4329.53						4328.23611663	4327.84485765	0
1789362000	XAUUSD	M5	4332.08						4328.83852489	4328.34169127	0
1789362300	XAUUSD	M5	4328.97						4329.27856061	4328.81012594	0
1789362600	XAUUSD	M5	4330.74						4329.60837010	4329.20924802	0
1789362900	XAUUSD	M5	4329.81						4329.80349528	4329.50637165	0
1789363200	XAUUSD	M5	4327.33						4329.95819497	4329.73228331	0
1789363500	XAUUSD	M5	4326.93						4330.22812251	4329.98020291	0
1789363800	XAUUSD	M5	4332.55						4330.68485591	4330.33252941	0
1789364100	XAUUSD	M5	4335.15						4331.18655329	4330.75954135	0
1789364400	XAUUSD	M5	4331.04						4331.64104230	4331.20029183	0
1789364700	XAUUSD	M5	4326.20						4332.12114784	4331.66071983	0
1789365000	XAUUSD	M5	4334.61						4332.68941444	4332.17506713	0
1789365300	XAUUSD	M5	4337.34						4333.03611091	4332.60558902	0
1789365600	XAUUSD	M5	4334.47				4338.75000		4333.01604185	4332.81081543	0
1789365900	XAUUSD	M5	4331.12						4332.67577538	4332.74329541	1
1789366200	XAUUSD	M5	4329.93						4332.10940990	4332.42635265	0
1789366500	XAUUSD	M5	4330.34						4331.37458190	4331.90046727	0
1789366800	XAUUSD	M5	4329.49						4330.48541385	4331.19294056	0
1789367100	XAUUSD	M5	4330.20						4329.48694645	4330.33994351	0
1789367400	XAUUSD	M5	4330.22						4328.37715254	4329.35854802	0
1789367700	XAUUSD	M5	4327.70						4327.17205132	4328.26529967	0
1789368000	XAUUSD	M5	4327.26						4325.96188354	4327.11359161	0
1789368300	XAUUSD	M5	4323.87						4324.79001293	4325.95180227	0
1789368600	XAUUSD	M5	4323.24						4323.77514967	4324.86347597	0
1789368900	XAUUSD	M5	4322.20						4322.93814006	4323.90080801	0
1789369200	XAUUSD	M5	4321.53						4322.27427608	4323.08754205	0
1789369500	XAUUSD	M5	4319.17						4321.73968734	4322.41361469	0
1789369800	XAUUSD	M5	4323.96						4321.31089100	4321.86225284	0
1789370100	XAUUSD	M5	4323.90						4320.76619104	4321.31422194	0
1789370400	XAUUSD	M5	4319.77						4320.03166811	4320.67294503	0
1789370700	XAUUSD	M5	4316.89						4319.17994598	4319.92644550	0
1789371000	XAUUSD	M5	4317.42						4318.29309284	4319.10976917	0
1789371300	XAUUSD	M5	4316.95						4317.38384800	4318.24680859	0
1789371600	XAUUSD	M5	4319.23						4316.49440861	4317.37060860	0
1789371900	XAUUSD	M5	4317.91						4315.58997458	4316.48029159	0
1789372200	XAUUSD	M5	4311.31						4314.72866598	4315.60447879	0
1789372500	XAUUSD	M5	4310.86						4314.09288158	4314.84868019	0
1789372800	XAUUSD	M5	4314.61						4313.66411100	4314.25639559	0
1789373100	XAUUSD	M5	4315.95						4313.28560819	4313.77100189	0
1789373400	XAUUSD	M5	4313.29						4312.87508131	4313.32304160	0
1789373700	XAUUSD	M5	4311.34						4312.48989981	4312.90647071	0
1789374000	XAUUSD	M5	4313.28						4312.18942461	4312.54794766	0
1789374300	XAUUSD	M5	4310.62						4311.92920181	4312.23857473	0
1789374600	XAUUSD	M5	4312.49						4311.77168284	4312.00512879	0
1789374900	XAUUSD	M5	4313.30						4311.62757450	4311.81635164	0
1789375200	XAUUSD	M5	4311.82						4311.38658069	4311.60146616	0
1789375500	XAUUSD	M5	4309.23						4310.94716454	4311.27431535	0
1789375800	XAUUSD	M5	4306.32						4310.18812538	4310.73122037	0
1789376100	XAUUSD	M5	4306.62						4308.97269212	4309.85195625	0
1789376400	XAUUSD	M5	4309.15						4307.09660579	4308.47428102	0
1789376700	XAUUSD	M5	4310.41						4304.37203641	4306.42315871	0
1789377000	XAUUSD	M5	4305.87						4300.77828493	4303.60072182	0
1789377300	XAUUSD	M5	4292.57						4296.59743035	4300.09907608	0
1789377600	XAUUSD	M5	4287.73						4292.45116387	4296.27511997	0
1789377900	XAUUSD	M5	4288.06						4288.76025703	4292.51768850	0
1789378200	XAUUSD	M5	4287.79						4285.75513821	4289.13641336	0
1789378500	XAUUSD	M5	4282.16						4283.59117255	4286.36379295	0
1789378800	XAUUSD	M5	4281.41						4282.45140100	4284.40759698	0
1789379100	XAUUSD	M5	4281.83						4282.27439377	4283.34099537	0
1789379400	XAUUSD	M5	4287.56						4282.88161816	4283.11130677	0
1789379700	XAUUSD	M5	4285.49						4283.91306828	4283.51218753	1
1789380000	XAUUSD	M5	4281.62					4278.28000	4285.21675500	4284.36447126	0
1789380300	XAUUSD	M5	4286.07						4286.71447456	4285.53947291	0
1789380600	XAUUSD	M5	4288.55						4288.15455819	4286.84701555	0
1789380900	XAUUSD	M5	4290.06						4289.38225410	4288.11463483	0
1789381200	XAUUSD	M5	4289.19						4290.34355191	4289.22909337	0
1789381500	XAUUSD	M5	4291.16						4291.10910369	4290.16909853	0
1789381800	XAUUSD	M5	4291.18						4291.69942925	4290.93426389	0
1789382100	XAUUSD	M5	4293.42						4292.19750507	4291.56588448	0
1789382400	XAUUSD	M5	4293.91						4292.62954080	4292.09771264	0
1789382700	XAUUSD	M5	4292.70						4293.05068747	4292.57420005	0
1789383000	XAUUSD	M5	4291.63						4293.53409758	4293.05414881	0
1789383300	XAUUSD	M5	4294.75						4294.11421987	4293.58418434	0
1789383600	XAUUSD	M5	4296.79						4294.68583435	4294.13500934	0
1789383900	XAUUSD	M5	4294.88						4295.14395054	4294.63947994	0
1789384200	XAUUSD	M5	4292.11						4295.47648798	4295.05798396	0
1789384500	XAUUSD	M5	4295.52						4295.67792995	4295.36795696	0
1789384800	XAUUSD	M5	4296.69						4295.57878272	4295.47336984	0
1789385100	XAUUSD	M5	4296.10						4295.09990015	4295.28663499	1
1789385400	XAUUSD	M5	4294.82						4294.26260263	4294.77461881	0
1789385700	XAUUSD	M5	4293.09						4293.17556049	4293.97508965	0
1789386000	XAUUSD	M5	4292.36						4292.01161724	4292.99335344	0
1789386300	XAUUSD	M5	4293.39						4290.94625600	4291.96980472	0
1789386600	XAUUSD	M5	4287.49						4290.10895306	4291.03937889	0
1789386900	XAUUSD	M5	4287.08						4289.74961949	4290.39449919	0
1789387200	XAUUSD	M5	4287.16						4289.84649697	4290.12049808	0
1789387500	XAUUSD	M5	4293.68						4290.22932537	4290.17491173	1
1789387800	XAUUSD	M5	4294.61						4290.46197209	4290.31844191	0
1789388100	XAUUSD	M5	4290.28				4297.60000		4290.22096785	4290.26970488	1
1789388400	XAUUSD	M5	4286.05						4289.36193407	4289.81581947	0
1789388700	XAUUSD	M5	4286.12						4287.81925968	4288.81753958	0
1789389000	XAUUSD	M5	4288.08						4285.52177653	4287.16965805	0
1789389300	XAUUSD	M5	4278.27						4282.48208536	4284.82587171	0
1789389600	XAUUSD	M5	4283.66						4279.13119270	4281.97853220	0
1789389900	XAUUSD	M5	4278.62						4275.59232735	4278.78542978	0
1789390200	XAUUSD	M5	4269.82						4272.30087634	4275.54315306	0
1789390500	XAUUSD	M5	4271.04						4269.76002600	4272.65158953	0
1789390800	XAUUSD	M5	4267.87						4268.11073273	4270.38116113	0
1789391100	XAUUSD	M5	4260.24					4253.61000	4267.47422637	4268.92769375	0
1789391400	XAUUSD	M5	4266.38						4267.95282050	4268.44025712	0
1789391700	XAUUSD	M5	4272.91						4269.15846282	4268.79935997	1
1789392000	XAUUSD	M5	4276.05						4270.62561605	4269.71248801	0
1789392300	XAUUSD	M5	4273.21						4271.98429212	4270.84839007	0
1789392600	XAUUSD	M5	4272.24						4273.08969307	4271.96904157	0
1789392900	XAUUSD	M5	4268.70						4273.83824089	4272.90364123	0
1789393200	XAUUSD	M5	4274.88						4274.26897818	4273.58630970	0
1789393500	XAUUSD	M5	4276.73						4274.23602004	4273.91116487	0
1789393800	XAUUSD	M5	4273.16						4273.77370749	4273.84243618	1
1789394100	XAUUSD	M5	4272.69						4273.12178202	4273.48210910	0
1789394400	XAUUSD	M5	4267.68						4272.47012301	4272.97611606	0
1789394700	XAUUSD	M5	4271.21						4272.10015077	4272.53813341	0
1789395000	XAUUSD	M5	4281.84						4272.00229914	4272.27021628	0
1789395300	XAUUSD	M5	4276.24						4271.92049796	4272.09535712	0
1789395600	XAUUSD	M5	4264.84						4271.99517204	4272.04526458	0
1789395900	XAUUSD	M5	4270.03						4272.49213145	4272.26869801	1
1789396200	XAUUSD	M5	4271.48						4273.18787425	4272.72828613	0
1789396500	XAUUSD	M5	4271.46						4273.93690847	4273.33259730	0
1789396800	XAUUSD	M5	4276.81						4274.65055541	4273.99157636	0
1789397100	XAUUSD	M5	4278.41						4275.16772694	4274.57965165	0
1789397400	XAUUSD	M5	4276.37						4275.51417139	4275.04691152	0
1789397700	XAUUSD	M5	4279.49						4275.88781707	4275.46736430	0
1789398000	XAUUSD	M5	4273.01						4276.39286617	4275.93011523	0
1789398300	XAUUSD	M5	4280.09						4277.38156760	4276.65584142	0
1789398600	XAUUSD	M5	4277.11						4278.79446895	4277.72515518	0
1789398900	XAUUSD	M5	4275.97						4280.73801063	4279.23158290	0
1789399200	XAUUSD	M5	4279.43						4283.16504851	4281.19831571	0
1789399500	XAUUSD	M5	4283.63						4285.79751029	4283.49791300	0
1789399800	XAUUSD	M5	4293.89						4288.27714364	4285.88752832	0
1789400100	XAUUSD	M5	4297.28						4290.11969551	4288.00361191	0
1789400400	XAUUSD	M5	4294.32						4291.13965553	4289.57163372	0
1789400700	XAUUSD	M5	4288.23						4291.47472597	4290.52317984	0
1789401000	XAUUSD	M5	4289.45						4291.49079296	4291.00698640	0
1789401300	XAUUSD	M5	4288.22						4291.44955193	4291.22826916	0
1789401600	XAUUSD	M5	4286.49						4291.69797735	4291.46312326	0
1789401900	XAUUSD	M5	4294.79						4292.54082951	4292.00197639	0
1789402200	XAUUSD	M5	4294.35						4293.92671968	4292.96434803	0
1789402500	XAUUSD	M5	4298.87						4295.92418763	4294.44426783	0
1789402800	XAUUSD	M5	4304.55						4298.38192460	4296.41309622	0
1789403100	XAUUSD	M5	4300.13						4301.05769873	4298.73539747	0
1789403400	XAUUSD	M5	4301.08						4303.93808924	4301.33674336	0
1789403700	XAUUSD	M5	4303.11						4306.84586714	4304.09130525	0
1789404000	XAUUSD	M5	4306.11						4309.55793644	4306.82462084	0
1789404300	XAUUSD	M5	4313.96						4311.83839164	4309.33150624	0
1789404600	XAUUSD	M5	4316.65				4317.63000		4313.38993981	4311.36072302	0
1789404900	XAUUSD	M5	4315.78						4314.13792245	4312.74932274	0
1789405200	XAUUSD	M5	4314.62						4314.18027188	4313.46479731	0
1789405500	XAUUSD	M5	4313.61						4313.69163263	4313.57821497	0
1789405800	XAUUSD	M5	4311.49						4312.87522412	4313.22671954	1
1789406100	XAUUSD	M5	4309.86						4311.96204037	4312.59437996	0
1789406400	XAUUSD	M5	4311.35						4311.14642274	4311.87040135	0
1789406700	XAUUSD	M5	4311.80						4310.49856973	4311.18448554	0
1789407000	XAUUSD	M5	4309.02						4310.06670470	4310.62559512	0
1789407300	XAUUSD	M5	4311.28						4309.93833954	4310.28196733	0
1789407600	XAUUSD	M5	4309.96						4310.01716489	4310.14956611	0
1789407900	XAUUSD	M5	4309.13						4310.27241308	4310.21098960	1
1789408200	XAUUSD	M5	4312.35						4310.63688210	4310.42393585	0
1789408500	XAUUSD	M5	4311.00						4310.93385186	4310.67889386	0
1789408800	XAUUSD	M5	4310.15						4311.12818519	4310.90353952	0
1789409100	XAUUSD	M5	4310.35						4311.20259392	4311.05306672	0
1789409400	XAUUSD	M5	4312.62						4311.15249135	4311.10277904	0
1789409700	XAUUSD	M5	4311.64						4310.94565985	4311.02421944	1
1789410000	XAUUSD	M5	4308.11						4310.64562225	4310.83492085	0
1789410300	XAUUSD	M5	4309.73						4310.36888764	4310.60190424	0
1789410600	XAUUSD	M5	4311.66						4310.07094372	4310.33642398	0
1789410900	XAUUSD	M5	4310.98						4309.67813724	4310.00728061	0
1789411200	XAUUSD	M5	4309.47						4309.17721387	4309.59224724	0
1789411500	XAUUSD	M5	4308.04						4308.58207234	4309.08715979	0
1789411800	XAUUSD	M5	4306.54						4307.89788496	4308.49252238	0
1789412100	XAUUSD	M5	4307.40						4307.11668954	4307.80460596	0
1789412400	XAUUSD	M5	4306.47						4306.15204436	4306.97832516	0
1789412700	XAUUSD	M5	4303.79						4304.94182223	4305.96007370	0
1789413000	XAUUSD	M5	4306.03						4303.45938882	4304.70973126	0
1789413300	XAUUSD	M5	4301.78						4301.55690683	4303.13331904	0
1789413600	XAUUSD	M5	4297.33						4299.29275488	4301.21303696	0
1789413900	XAUUSD	M5	4296.33						4296.78724833	4299.00014265	0
1789414200	XAUUSD	M5	4293.12						4294.13015511	4296.56514888	0
1789414500	XAUUSD	M5	4292.06						4291.52286131	4294.04400510	0
1789414800	XAUUSD	M5	4291.89						4289.15046934	4291.59723722	0
1789415100	XAUUSD	M5	4287.86						4287.19339060	4289.39531391	0
1789415400	XAUUSD	M5	4286.40						4285.92213862	4287.65872626	0
1789415700	XAUUSD	M5	4283.57						4285.48489492	4286.57181059	0
1789416000	XAUUSD	M5	4284.61					4282.31000	4285.97917968	4286.27549514	0
1789416300	XAUUSD	M5	4285.76						4287.29681473	4286.78615493	1
1789416600	XAUUSD	M5	4287.78						4289.23034425	4288.00824959	0
1789416900	XAUUSD	M5	4293.24						4291.48832584	4289.74828772	0
1789417200	XAUUSD	M5	4295.81						4293.67826503	4291.71327637	0
1789417500	XAUUSD	M5	4296.67						4295.52816965	4293.62072301	0
1789417800	XAUUSD	M5	4299.41						4296.89889637	4295.25980969	0
1789418100	XAUUSD	M5	4296.29						4297.70024048	4296.48002508	0
1789418400	XAUUSD	M5	4294.93						4298.07792574	4297.27897541	0
1789418700	XAUUSD	M5	4296.76						4298.17801841	4297.72849691	0
1789419000	XAUUSD	M5	4297.73						4298.07288731	4297.90069211	0
1789419300	XAUUSD	M5	4298.71						4297.84140789	4297.87105000	1
1789423200	XAUUSD	M5	4299.55				4302.35000		4297.53626523	4297.70365761	0
1789423500	XAUUSD	M5	4297.78						4297.19311765	4297.44838763	0
1789423800	XAUUSD	M5	4296.98						4296.89156636	4297.16997700	0
1789424100	XAUUSD	M5	4296.34						4296.66513630	4296.91755665	0
1789424400	XAUUSD	M5	4296.01						4296.52073972	4296.71914818	0
1789424700	XAUUSD	M5	4295.73						4296.44002077	4296.57958448	0
1789425000	XAUUSD	M5	4296.96						4296.38764070	4296.48361259	0
1789425300	XAUUSD	M5	4295.81						4296.27770292	4296.38065776	0
1789425600	XAUUSD	M5	4295.73						4296.08928186	4296.23496981	0
1789425900	XAUUSD	M5	4295.29						4295.77203305	4296.00350143	0
1789426200	XAUUSD	M5	4296.19						4295.30220667	4295.65285405	0
1789426500	XAUUSD	M5	4295.46						4294.64583099	4295.14934252	0
1789426800	XAUUSD	M5	4294.09						4293.83770200	4294.49352226	0
1789427100	XAUUSD	M5	4293.23						4292.95397237	4293.72374732	0
1789427400	XAUUSD	M5	4292.18						4292.07298215	4292.89836473	0
1789427700	XAUUSD	M5	4289.50						4291.27068941	4292.08452707	0
1789428000	XAUUSD	M5	4290.36						4290.64598448	4291.36525578	0
1789428300	XAUUSD	M5	4290.00						4290.16714939	4290.76620258	0
1789428600	XAUUSD	M5	4290.83						4289.79647572	4290.28133915	0
1789428900	XAUUSD	M5	4289.27						4289.44419615	4289.86276765	0
1789429200	XAUUSD	M5	4289.53						4289.08390817	4289.47333791	0
1789429500	XAUUSD	M5	4288.88						4288.65963681	4289.06648736	0
1789429800	XAUUSD	M5	4287.77						4288.16749125	4288.61698930	0
1789430100	XAUUSD	M5	4288.24						4287.64672878	4288.13185904	0
1789430400	XAUUSD	M5	4286.52						4287.12412869	4287.62799387	0
1789430700	XAUUSD	M5	4286.61						4286.70274479	4287.16536933	0
1789431000	XAUUSD	M5	4286.89						4286.44549598	4286.80543265	0
1789431300	XAUUSD	M5	4285.17						4286.40962276	4286.60752770	0
1789431600	XAUUSD	M5	4287.54					4283.71000	4286.68330535	4286.64541653	1
1789431900	XAUUSD	M5	4288.17						4287.23691636	4286.94116645	0
1789432200	XAUUSD	M5	4284.44						4288.06865244	4287.50490944	0
1789432500	XAUUSD	M5	4290.20						4289.27683897	4288.39087421	0
1789432800	XAUUSD	M5	4292.68						4290.68739482	4289.53913451	0
1789433100	XAUUSD	M5	4294.30						4292.20210332	4290.87061892	0
1789433400	XAUUSD	M5	4294.36						4293.74427060	4292.30744476	0
1789433700	XAUUSD	M5	4293.04						4295.28041344	4293.79392910	0
1789434000	XAUUSD	M5	4296.04						4296.80547029	4295.29969969	0
1789434300	XAUUSD	M5	4293.87						4298.18818757	4296.74394363	0
1789434600	XAUUSD	M5	4299.78						4299.43140863	4298.08767613	0
1789434900	XAUUSD	M5	4304.17						4300.33265540	4299.21016577	0
1789435200	XAUUSD	M5	4302.25						4300.77359937	4299.99188257	0
1789435500	XAUUSD	M5	4301.87						4300.86549703	4300.42868980	0
1789435800	XAUUSD	M5	4302.53						4300.74228039	4300.58548509	0
1789436100	XAUUSD	M5	4297.32						4300.54810570	4300.56679540	1
1789436400	XAUUSD	M5	4298.68						4300.58628115	4300.57653827	1
1789436700	XAUUSD	M5	4300.35						4300.95214546	4300.76434187	0
1789437000	XAUUSD	M5	4299.42						4301.68025389	4301.22229788	0
1789437300	XAUUSD	M5	4304.44						4302.80649588	4302.01439688	0
1789437600	XAUUSD	M5	4306.93						4304.15719758	4303.08579723	0
1789437900	XAUUSD	M5	4307.69						4305.59668540	4304.34124131	0
1789438200	XAUUSD	M5	4307.38						4307.03694667	4305.68909399	0
1789438500	XAUUSD	M5	4306.31						4308.43295706	4307.06102552	0
1789438800	XAUUSD	M5	4308.18						4309.77331703	4308.41717128	0
1789439100	XAUUSD	M5	4309.91						4310.98300696	4309.70008912	0
1789439400	XAUUSD	M5	4311.82						4312.00071985	4310.85040448	0
1789439700	XAUUSD	M5	4315.14						4312.78056391	4311.81548419	0
1789440000	XAUUSD	M5	4311.45						4313.25600776	4312.53574597	0
1789440300	XAUUSD	M5	4316.82				4317.41000		4313.56005628	4313.04790113	0
1789440600	XAUUSD	M5	4312.14						4313.59215423	4313.32002768	0
1789440900	XAUUSD	M5	4314.17						4313.51332521	4313.41667644	0
1789441200	XAUUSD	M5	4312.47						4313.29646626	4313.35657135	1
1789441500	XAUUSD	M5	4313.85						4313.00017551	4313.17837343	0
1789441800	XAUUSD	M5	4310.86						4312.57744293	4312.87790818	0
1789442100	XAUUSD	M5	4311.81						4312.08778247	4312.48284532	0
1789442400	XAUUSD	M5	4310.80						4311.48332743	4311.98308638	0
1789442700	XAUUSD	M5	4310.82						4310.76907017	4311.37607827	0
1789443000	XAUUSD	M5	4312.83						4309.93348740	4310.65478284	0
1789443300	XAUUSD	M5	4309.12						4308.92296391	4309.78887337	0
1789443600	XAUUSD	M5	4308.71						4307.85886460	4308.82386899	0
1789443900	XAUUSD	M5	4305.68						4306.78357358	4307.80372128	0
1789444200	XAUUSD	M5	4304.24						4305.81699695	4306.81035912	0
1789444500	XAUUSD	M5	4303.56						4305.03332267	4305.92184089	0
1789444800	XAUUSD	M5	4303.18						4304.47161353	4305.19672721	0
1789445100	XAUUSD	M5	4305.72						4304.14204967	4304.66938844	0
1789445400	XAUUSD	M5	4307.36						4303.96325333	4304.31632088	0
1789445700	XAUUSD	M5	4304.13						4303.87187766	4304.09409927	0
1789446000	XAUUSD	M5	4303.09						4303.93507335	4304.01458631	0
1789446300	XAUUSD	M5	4303.61						4304.15441744	4304.08450188	1
1789446600	XAUUSD	M5	4302.80						4304.46583424	4304.27516806	0
1789446900	XAUUSD	M5	4304.76						4304.82056344	4304.54786575	0
1789447200	XAUUSD	M5	4305.04						4305.07953693	4304.81370134	0
1789447500	XAUUSD	M5	4305.60						4305.14457438	4304.97913786	0
1789447800	XAUUSD	M5	4305.59						4304.91756974	4304.94835380	1
1789448100	XAUUSD	M5	4304.79						4304.34551230	4304.64693305	0
1789448400	XAUUSD	M5	4302.79						4303.43250339	4304.03971822	0
1789448700	XAUUSD	M5	4302.20						4302.26244921	4303.15108372	0
1789449000	XAUUSD	M5	4301.67						4300.91623848	4302.03366110	0
1789449300	XAUUSD	M5	4300.20						4299.49523457	4300.76444783	0
1789449600	XAUUSD	M5	4297.69						4298.11618319	4299.44031551	0
1789449900	XAUUSD	M5	4297.38						4296.90764103	4298.17397827	0
1789450200	XAUUSD	M5	4292.83						4295.88639485	4297.03018656	0
1789450500	XAUUSD	M5	4294.10						4295.13569448	4296.08294052	0
1789450800	XAUUSD	M5	4296.27						4294.52620223	4295.30457138	0
1789451100	XAUUSD	M5	4294.88						4293.88033301	4294.59245219	0
1789451400	XAUUSD	M5	4295.05						4293.13144094	4293.86194657	0
1789451700	XAUUSD	M5	4291.06						4292.23372860	4293.04783758	0
1789452000	XAUUSD	M5	4291.82						4291.31582155	4292.18182956	0
1789452300	XAUUSD	M5	4288.72						4290.43226312	4291.30704634	0
1789452600	XAUUSD	M5	4289.75						4289.76436028	4290.53570331	0
1789452900	XAUUSD	M5	4289.99						4289.36857503	4289.95213917	0
1789453200	XAUUSD	M5	4289.87						4289.27844850	4289.61529383	0
1789453500	XAUUSD	M5	4289.53						4289.47609868	4289.54569626	0
1789453800	XAUUSD	M5	4287.14						4289.89916406	4289.72243016	1
1789454100	XAUUSD	M5	4291.10						4290.49305019	4290.10774017	0
1789454400	XAUUSD	M5	4290.80						4291.03169979	4290.56971998	0
1789454700	XAUUSD	M5	4292.43						4291.43551951	4291.00261975	0
1789455000	XAUUSD	M5	4292.89						4291.63880859	4291.32071417	0
1789455300	XAUUSD	M5	4293.49						4291.66024456	4291.49047936	0
1789455600	XAUUSD	M5	4291.56						4291.54885152	4291.51966544	0
1789455900	XAUUSD	M5	4290.81						4291.41839783	4291.46903164	1
1789456200	XAUUSD	M5	4288.07						4291.30128855	4291.38516009	0
1789456500	XAUUSD	M5	4291.64						4291.20281276	4291.29398643	0
1789456800	XAUUSD	M5	4288.83						4290.87881050	4291.08639846	0
1789457100	XAUUSD	M5	4291.97						4290.20513532	4290.64576689	0
1789457400	XAUUSD	M5	4290.44						4288.90922275	4289.77749482	0
1789457700	XAUUSD	M5	4285.73						4286.91127019	4288.34438250	0
1789458000	XAUUSD	M5	4283.91						4284.32504539	4286.33471395	0
1789458300	XAUUSD	M5	4284.82						4281.31170635	4283.82321015	0
1789458600	XAUUSD	M5	4277.67						4278.06271980	4280.94296497	0
1789458900	XAUUSD	M5	4280.55						4275.03893498	4277.99094997	0
1789459200	XAUUSD	M5	4266.84						4272.42660001	4275.20877499	0
1789459500	XAUUSD	M5	4265.13						4270.76194114	4272.98535807	0
1789459800	XAUUSD	M5	4267.94						4270.09811838	4271.54173822	0
1789460100	XAUUSD	M5	4273.72						4270.18200256	4270.86187039	0
1789460400	XAUUSD	M5	4271.53						4270.55417484	4270.70802262	0
1789460700	XAUUSD	M5	4273.29						4270.92634965	4270.81718613	1
1789461000	XAUUSD	M5	4273.10						4270.95839312	4270.88778963	0
1789461300	XAUUSD	M5	4270.90						4270.47325622	4270.68052293	1
1789461600	XAUUSD	M5	4267.56						4269.49263244	4270.08657768	0
1789461900	XAUUSD	M5	4266.43						4268.19677186	4269.14167477	0
1789462200	XAUUSD	M5	4267.17						4266.79785176	4267.96976326	0
1789462500	XAUUSD	M5	4262.39					4261.38000	4265.48909384	4266.72942855	0
1789462800	XAUUSD	M5	4266.05						4264.58324501	4265.65633678	0
1789463100	XAUUSD	M5	4265.60						4264.09875266	4264.87754472	0
1789463400	XAUUSD	M5	4265.74						4264.07834134	4264.47794303	0
1789463700	XAUUSD	M5	4262.66						4264.47654675	4264.47724489	0
1789464000	XAUUSD	M5	4264.97						4265.27734413	4264.87729451	1
1789464300	XAUUSD	M5	4267.00						4266.29276725	4265.58503088	0
1789464600	XAUUSD	M5	4266.73						4267.34806274	4266.46654681	0
1789464900	XAUUSD	M5	4268.87						4268.36453355	4267.41554018	0
1789465200	XAUUSD	M5	4269.59						4269.25027576	4268.33290797	0
1789465500	XAUUSD	M5	4270.57						4269.99051833	4269.16171315	0
1789465800	XAUUSD	M5	4270.63						4270.59232363	4269.87701839	0
1789466100	XAUUSD	M5	4268.25						4271.10017403	4270.48859621	0
1789466400	XAUUSD	M5	4271.41						4271.61213832	4271.05036726	0
1789466700	XAUUSD	M5	4274.03						4272.07334206	4271.56185466	0
1789467000	XAUUSD	M5	4273.12						4272.45310731	4272.00748099	0
1789467300	XAUUSD	M5	4271.48						4272.83036712	4272.41892405	0
1789467600	XAUUSD	M5	4274.58						4273.31202657	4272.86547531	0
1789467900	XAUUSD	M5	4274.56						4273.89385155	4273.37966343	0
1789468200	XAUUSD	M5	4275.10						4274.64914800	4274.01440572	0
1789468500	XAUUSD	M5	4274.09						4275.61986829	4274.81713700	0
1789468800	XAUUSD	M5	4274.98						4276.83811077	4275.82762388	0
1789469100	XAUUSD	M5	4277.52						4278.22216272	4277.02489330	0
1789469400	XAUUSD	M5	4282.03						4279.60451797	4278.31470564	0
1789469700	XAUUSD	M5	4281.56						4280.76693804	4279.54082184	0
1789470000	XAUUSD	M5	4280.38						4281.66767139	4280.60424661	0
1789470300	XAUUSD	M5	4282.22						4282.34131833	4281.47278247	0
1789470600	XAUUSD	M5	4283.67						4282.79399593	4282.13338920	0
1789470900	XAUUSD	M5	4283.56						4283.07433556	4282.60386238	0
1789471200	XAUUSD	M5	4283.85						4283.28005833	4282.94196036	0
1789471500	XAUUSD	M5	4283.34						4283.47816022	4283.21006029	0
1789471800	XAUUSD	M5	4284.25						4283.70636466	4283.45821248	0
1789472100	XAUUSD	M5	4281.14						4283.89076363	4283.67448806	0
1789472400	XAUUSD	M5	4282.65						4283.99950146	4283.83699476	0
1789472700	XAUUSD	M5	4283.74						4283.84830511	4283.84264994	0
1789473000	XAUUSD	M5	4283.05						4283.28123190	4283.56194092	1
1789473300	XAUUSD	M5	4284.62						4282.26146092	4282.91170092	0
1789473600	XAUUSD	M5	4284.70						4280.80505691	4281.85837891	0
1789473900	XAUUSD	M5	4277.85						4279.09633021	4280.47735456	0
1789474200	XAUUSD	M5	4278.55						4277.60435846	4279.04085651	0
1789474500	XAUUSD	M5	4274.23						4276.63044354	4277.83565002	0
1789474800	XAUUSD	M5	4273.38					4271.40000	4276.55535213	4277.19550107	0
1789475100	XAUUSD	M5	4277.83						4277.53852260	4277.36701184	1
1789475400	XAUUSD	M5	4282.80						4279.42864457	4278.39782820	0
1789475700	XAUUSD	M5	4279.38						4281.89208292	4280.14495556	0
1789476000	XAUUSD	M5	4281.22						4284.70660191	4282.42577874	0
1789476300	XAUUSD	M5	4290.53						4287.45104676	4284.93841275	0
1789476600	XAUUSD	M5	4293.54						4289.53316185	4287.23578730	0
1789476900	XAUUSD	M5	4290.66						4290.64478082	4288.94028406	0
1789477200	XAUUSD	M5	4292.83						4290.82012373	4289.88020390	0
1789477500	XAUUSD	M5	4285.22						4290.14636342	4290.01328366	0
1789477800	XAUUSD	M5	4286.78						4289.11280280	4289.56304323	1
1789478100	XAUUSD	M5	4287.45						4288.03622507	4288.79963415	0
1789478400	XAUUSD	M5	4292.13						4287.25025201	4288.02494308	0
1789478700	XAUUSD	M5	4287.32						4286.91867042	4287.47180675	0
1789479000	XAUUSD	M5	4286.52						4287.35156785	4287.41168730	0
1789479300	XAUUSD	M5	4286.53						4288.59853221	4288.00510976	1
1789479600	XAUUSD	M5	4289.72						4290.51473382	4289.25992179	0
1789479900	XAUUSD	M5	4294.82						4292.72929756	4290.99460967	0
1789480200	XAUUSD	M5	4295.58						4294.73729946	4292.86595457	0
1789480500	XAUUSD	M5	4294.80						4296.14605208	4294.50600333	0
1789480800	XAUUSD	M5	4294.90						4296.68078985	4295.59339659	0
1789481100	XAUUSD	M5	4297.93				4300.36000		4296.16867673	4295.88103666	0
1789481400	XAUUSD	M5	4294.60						4294.51141167	4295.19622417	1
1789481700	XAUUSD	M5	4293.99						4291.93638440	4293.56630428	0
1789482000	XAUUSD	M5	4288.55						4288.73373839	4291.15002134	0
1789482300	XAUUSD	M5	4284.13						4285.39608899	4288.27305516	0
1789482600	XAUUSD	M5	4283.26						4282.39110549	4285.33208032	0
1789482900	XAUUSD	M5	4277.96						4280.02918717	4282.68063375	0
1789483200	XAUUSD	M5	4278.21						4278.62016670	4280.65040022	0
1789483500	XAUUSD	M5	4278.33						4278.17953346	4279.41496684	0
1789483800	XAUUSD	M5	4280.00					4274.14000	4278.59644716	4279.00570700	0
1789484100	XAUUSD	M5	4277.16						4279.62590352	4279.31580526	1
1789484400	XAUUSD	M5	4282.95						4281.09329162	4280.20454844	0
1789484700	XAUUSD	M5	4282.56						4282.60224035	4281.40339440	0
1789485000	XAUUSD	M5	4285.37						4283.98272072	4282.69305756	0
1789485300	XAUUSD	M5	4286.35						4285.06150181	4283.87727968	0
1789485600	XAUUSD	M5	4285.43						4285.79946253	4284.83837110	0
1789485900	XAUUSD	M5	4283.83						4286.28446748	4285.56141929	0
1789486200	XAUUSD	M5	4285.08						4286.66375779	4286.11258854	0
1789486500	XAUUSD	M5	4287.73						4287.00490788	4286.55874821	0
1789486800	XAUUSD	M5	4287.75						4287.32431416	4286.94153119	0
1789487100	XAUUSD	M5	4286.67						4287.67765166	4287.30959142	0
1789487400	XAUUSD	M5	4290.04						4288.13355879	4287.72157511	0
1789487700	XAUUSD	M5	4289.31						4288.63524025	4288.17840768	0
1789488000	XAUUSD	M5	4291.25						4289.23881664	4288.70861216	0
1789488300	XAUUSD	M5	4290.68						4289.93003487	4289.31932351	0
1789488600	XAUUSD	M5	4286.30						4290.74790440	4290.03361396	0
1789488900	XAUUSD	M5	4288.60						4291.79957119	4290.91659257	0
1789489200	XAUUSD	M5	4296.47						4292.96760198	4291.94209727	0
1789489500	XAUUSD	M5	4295.67						4293.96019849	4292.95114788	0
1789489800	XAUUSD	M5	4292.98						4294.72422837	4293.83768813	0
1789490100	XAUUSD	M5	4295.08						4295.28676360	4294.56222586	0
1789490400	XAUUSD	M5	4296.59						4295.57584469	4295.06903528	0
1789490700	XAUUSD	M5	4295.39						4295.57690282	4295.32296905	0
1789491000	XAUUSD	M5	4297.64						4295.37902697	4295.35099801	0
1789491300	XAUUSD	M5	4295.52						4295.00799870	4295.17949836	1
1789491600	XAUUSD	M5	4291.36						4294.61243692	4294.89596764	0
1789491900	XAUUSD	M5	4292.66						4294.37402682	4294.63499723	0
1789492200	XAUUSD	M5	4295.32						4294.28803649	4294.46151686	0
1789492500	XAUUSD	M5	4295.97						4294.26936772	4294.36544229	0
1789492800	XAUUSD	M5	4293.08						4294.26634917	4294.31589573	0
1789493100	XAUUSD	M5	4293.07						4294.32420538	4294.32005056	1
1789493400	XAUUSD	M5	4297.26						4294.42412114	4294.37208585	0
1789493700	XAUUSD	M5	4295.66						4294.46145813	4294.41677199	0
1789494000	XAUUSD	M5	4293.28						4294.52964533	4294.47320866	0
1789494300	XAUUSD	M5	4295.05						4294.77709273	4294.62515069	0
1789494600	XAUUSD	M5	4295.19						4295.25257427	4294.93886248	0
1789494900	XAUUSD	M5	4294.80						4296.03250239	4295.48568244	0
1789495200	XAUUSD	M5	4295.26						4297.16670661	4296.32619453	0
1789495500	XAUUSD	M5	4296.72						4298.62582628	4297.47601041	0
1789495800	XAUUSD	M5	4302.30						4300.29909196	4298.88755118	0
1789496100	XAUUSD	M5	4305.45						4301.93736018	4300.41245568	0
1789496400	XAUUSD	M5	4304.90						4303.36320778	4301.88783173	0
1789496700	XAUUSD	M5	4304.91						4304.52911260	4303.20847217	0
1789497000	XAUUSD	M5	4303.04						4305.41421809	4304.31134513	0
1789497300	XAUUSD	M5	4303.57						4306.07143382	4305.19138947	0
1789497600	XAUUSD	M5	4304.83						4306.49934877	4305.84536912	0
1789497900	XAUUSD	M5	4307.02						4306.67088336	4306.25812624	0
1789498200	XAUUSD	M5	4308.77						4306.52052212	4306.38932418	0
1789498500	XAUUSD	M5	4308.64						4305.99565314	4306.19248866	1
1789498800	XAUUSD	M5	4305.03				4310.70000		4305.12017905	4305.65633385	0
1789499100	XAUUSD	M5	4304.23						4304.04129910	4304.84881648	0
1789499400	XAUUSD	M5	4300.30						4302.84837498	4303.84859573	0
1789499700	XAUUSD	M5	4300.20						4301.71838508	4302.78349041	0
1789500000	XAUUSD	M5	4301.30						4300.71270077	4301.74809559	0
1789500300	XAUUSD	M5	4301.19						4299.83751728	4300.79280644	0
1789500600	XAUUSD	M5	4299.54						4299.11307181	4299.95293912	0
1789500900	XAUUSD	M5	4299.04						4298.57744944	4299.26519428	0
1789501200	XAUUSD	M5	4296.83						4298.20261862	4298.73390645	0
1789501500	XAUUSD	M5	4299.01						4297.97869200	4298.35629923	0
1789501800	XAUUSD	M5	4296.72						4297.76666565	4298.06148244	0
1789502100	XAUUSD	M5	4297.83						4297.55093993	4297.80621119	0
1789502400	XAUUSD	M5	4296.52						4297.23971444	4297.52296282	0
1789502700	XAUUSD	M5	4297.83						4296.82607853	4297.17452067	0
1789503000	XAUUSD	M5	4296.29						4296.26951537	4296.72201802	0
1789503300	XAUUSD	M5	4296.07						4295.63009799	4296.17605800	0
1789503600	XAUUSD	M5	4295.00						4294.94719411	4295.56162606	0
1789503900	XAUUSD	M5	4294.38						4294.28725479	4294.92444042	0
1789504200	XAUUSD	M5	4292.63						4293.70045158	4294.31244600	0
1789504500	XAUUSD	M5	4292.80						4293.25692899	4293.78468750	0
1789504800	XAUUSD	M5	4293.02						4292.96472058	4293.37470404	0
1789505100	XAUUSD	M5	4292.67						4292.82616807	4293.10043605	0
1789505400	XAUUSD	M5	4292.86						4292.86529361	4292.98286483	0
1789505700	XAUUSD	M5	4293.93						4293.09907957	4293.04097220	1
1789509600	XAUUSD	M5	4295.33						4293.51575905	4293.27836563	0
1789509900	XAUUSD	M5	4295.51						4294.07845940	4293.67841251	0
1789510200	XAUUSD	M5	4292.98						4294.74924624	4294.21382938	0
1789510500	XAUUSD	M5	4292.29						4295.51527680	4294.86455309	0
1789510800	XAUUSD	M5	4294.65						4296.26568885	4295.56512097	0
1789511100	XAUUSD	M5	4298.77						4296.77721110	4296.17116603	0
1789511400	XAUUSD	M5	4297.45						4296.78676155	4296.47896379	0
1789511700	XAUUSD	M5	4297.83						4296.22845583	4296.35370981	1
1789512000	XAUUSD	M5	4294.72						4295.07474482	4295.71422732	0
1789512300	XAUUSD	M5	4294.13						4293.47945726	4294.59684229	0
1789512600	XAUUSD	M5	4293.09						4291.60438315	4293.10061272	0
1789512900	XAUUSD	M5	4288.98						4289.66396591	4291.38228932	0
1789513200	XAUUSD	M5	4285.10						4287.95263265	4289.66746098	0
1789513500	XAUUSD	M5	4285.91						4286.70207053	4288.18476576	0
1789513800	XAUUSD	M5	4286.20						4285.92279722	4287.05378149	0
1789514100	XAUUSD	M5	4286.99						4285.53490867	4286.29434508	0
1789514400	XAUUSD	M5	4284.91						4285.37227315	4285.83330911	0
1789514700	XAUUSD	M5	4284.46						4285.31848241	4285.57589576	0
1789515000	XAUUSD	M5	4287.05						4285.22749162	4285.40169369	0
1789515300	XAUUSD	M5	4284.97						4284.92561128	4285.16365249	0
1789515600	XAUUSD	M5	4284.67						4284.44824901	4284.80595075	0
1789515900	XAUUSD	M5	4283.89						4283.86975707	4284.33785391	0
1789516200	XAUUSD	M5	4283.67						4283.33066234	4283.83425812	0
1789516500	XAUUSD	M5	4283.48						4282.95877867	4283.39651840	0
1789516800	XAUUSD	M5	4280.82						4282.83636132	4283.11643986	0
1789517100	XAUUSD	M5	4281.60						4283.02456087	4283.07050037	0
1789517400	XAUUSD	M5	4282.60						4283.40634651	4283.23842344	1
1789517700	XAUUSD	M5	4285.63						4283.79080104	4283.51461224	0
1789518000	XAUUSD	M5	4285.25						4283.91584039	4283.71522631	0
1789518300	XAUUSD	M5	4284.11						4283.65934047	4283.68728339	1
1789518600	XAUUSD	M5	4281.55						4283.01391108	4283.35059723	0
1789518900	XAUUSD	M5	4281.20						4282.12474974	4282.73767349	0
1789519200	XAUUSD	M5	4283.70						4281.18254165	4281.96010757	0
1789519500	XAUUSD	M5	4282.97						4280.36080160	4281.16045458	0
1789519800	XAUUSD	M5	4278.22						4279.93245531	4280.54645495	0
1789520100	XAUUSD	M5	4277.53					4275.58000	4280.21500272	4280.38072883	0
1789520400	XAUUSD	M5	4279.96						4281.29379661	4280.83726272	1
1789520700	XAUUSD	M5	4281.42						4283.01240849	4281.92483560	0
1789521000	XAUUSD	M5	4287.26						4285.09327749	4283.50905655	0
1789521300	XAUUSD	M5	4287.38						4287.06168769	4285.28537212	0
1789521600	XAUUSD	M5	4290.39						4288.59930160	4286.94233686	0
1789521900	XAUUSD	M5	4290.60						4289.40031700	4288.17132693	0
1789522200	XAUUSD	M5	4289.25						4289.38986456	4288.78059575	0
1789522500	XAUUSD	M5	4286.23						4288.70808954	4288.74434264	1
1789522800	XAUUSD	M5	4288.52						4287.68464195	4288.21449230	0
1789523100	XAUUSD	M5	4287.95						4286.59568132	4287.40508681	0
1789523400	XAUUSD	M5	4285.31						4285.81455133	4286.60981907	0
1789523700	XAUUSD	M5	4282.52						4285.71437746	4286.16209826	0
1789524000	XAUUSD	M5	4287.55						4286.55838249	4286.36024038	1
1789524300	XAUUSD	M5	4289.12						4288.26319377	4287.31171707	0
1789524600	XAUUSD	M5	4292.43						4290.72736084	4289.01953896	0
1789524900	XAUUSD	M5	4291.72						4293.74682241	4291.38318069	0
1789525200	XAUUSD	M5	4295.66						4297.21557846	4294.29937957	0
1789525500	XAUUSD	M5	4298.93						4300.93814270	4297.61876114	0
1789525800	XAUUSD	M5	4310.28						4304.79347291	4301.20611702	0
1789526100	XAUUSD	M5	4311.22						4308.52453005	4304.86532354	0
1789526400	XAUUSD	M5	4311.02						4312.21468903	4308.54000628	0
1789526700	XAUUSD	M5	4315.32						4315.99791294	4312.26895961	0
1789527000	XAUUSD	M5	4316.72						4319.83856747	4316.05376354	0
1789527300	XAUUSD	M5	4321.68						4323.69029556	4319.87202955	0
1789527600	XAUUSD	M5	4328.27						4327.31071482	4323.59137219	0
1789527900	XAUUSD	M5	4327.08						4330.34382312	4326.96759766	0
1789528200	XAUUSD	M5	4337.03						4332.62612893	4329.79686329	0
1789528500	XAUUSD	M5	4335.97						4333.75768242	4331.77727286	0
1789528800	XAUUSD	M5	4336.62				4341.00000		4333.76007716	4332.76867501	0
1789529100	XAUUSD	M5	4331.94						4332.76349464	4332.76608483	1
1789529400	XAUUSD	M5	4329.62						4331.16376614	4331.96492549	0
1789529700	XAUUSD	M5	4327.54						4329.35252610	4330.65872579	0
1789530000	XAUUSD	M5	4327.11						4327.69517997	4329.17695288	0
1789530300	XAUUSD	M5	4323.66						4326.42883713	4327.80289501	0
1789530600	XAUUSD	M5	4326.78						4325.75412795	4326.77851148	0
1789530900	XAUUSD	M5	4327.12						4325.56668591	4326.17259870	0
1789531200	XAUUSD	M5	4327.80						4325.73565522	4325.95412696	0
1789531500	XAUUSD	M5	4326.50						4326.06396531	4326.00904613	1
1789531800	XAUUSD	M5	4326.89						4326.39107738	4326.20006176	0
1789532100	XAUUSD	M5	4323.80						4326.53398641	4326.36702408	0
1789532400	XAUUSD	M5	4326.74						4326.45724367	4326.41213388	0
1789532700	XAUUSD	M5	4325.72						4326.03352998	4326.22283193	1
1789533000	XAUUSD	M5	4325.25						4325.30635090	4325.76459141	0
1789533300	XAUUSD	M5	4325.97						4324.36581006	4325.06520074	0
1789533600	XAUUSD	M5	4322.92						4323.32131601	4324.19325837	0
1789533900	XAUUSD	M5	4321.16						4322.40146182	4323.29736010	0
1789534200	XAUUSD	M5	4321.48					4320.65000	4321.79061205	4322.54398607	0
1789534500	XAUUSD	M5	4321.92						4321.57167767	4322.05783187	0
1789534800	XAUUSD	M5	4322.93						4321.77064685	4321.91423936	0
1789535100	XAUUSD	M5	4323.61						4322.34886417	4322.13155177	1
1789535400	XAUUSD	M5	4321.62						4323.24295309	4322.68725243	0
1789535700	XAUUSD	M5	4325.84						4324.42987181	4323.55856212	0
1789536000	XAUUSD	M5	4323.63						4325.69261975	4324.62559093	0
1789536300	XAUUSD	M5	4325.02						4326.96838000	4325.79698547	0
1789536600	XAUUSD	M5	4328.54						4328.08935473	4326.94317010	0
1789536900	XAUUSD	M5	4328.85						4328.84624942	4327.89470976	0
1789537200	XAUUSD	M5	4332.86						4329.15968342	4328.52719659	0
1789537500	XAUUSD	M5	4329.00						4328.91445376	4328.72082517	0
1789537800	XAUUSD	M5	4329.78						4328.28444741	4328.50263629	1
1789538100	XAUUSD	M5	4326.45						4327.38749541	4327.94506585	0
1789538400	XAUUSD	M5	4322.49						4326.48461722	4327.21484154	0
1789538700	XAUUSD	M5	4324.45						4325.83681143	4326.52582648	0
1789539000	XAUUSD	M5	4325.82						4325.49060768	4326.00821708	0
1789539300	XAUUSD	M5	4327.17						4325.43193301	4325.72007504	0
1789539600	XAUUSD	M5	4328.06						4325.60018032	4325.66012768	0
1789539900	XAUUSD	M5	4326.99						4325.92007542	4325.79010155	1
1789540200	XAUUSD	M5	4324.82						4326.37862521	4326.08436338	0
1789540500	XAUUSD	M5	4325.67						4327.01463863	4326.54950100	0
1789540800	XAUUSD	M5	4328.03						4327.81222224	4327.18086162	0
1789541100	XAUUSD	M5	4328.00						4328.73475428	4327.95780795	0
1789541400	XAUUSD	M5	4328.21						4329.82094575	4328.88937685	0
1789541700	XAUUSD	M5	4332.93						4331.08511486	4329.98724586	0
1789542000	XAUUSD	M5	4334.73						4332.38847403	4331.18785994	0
1789542300	XAUUSD	M5	4333.44						4333.63039384	4332.40912689	0
1789542600	XAUUSD	M5	4335.48						4334.76309436	4333.58611063	0
1789542900	XAUUSD	M5	4333.14						4335.63459998	4334.61035531	0
1789543200	XAUUSD	M5	4334.46						4336.20281104	4335.40658317	0
1789543500	XAUUSD	M5	4335.65						4336.34423664	4335.87540991	0
1789543800	XAUUSD	M5	4335.67						4335.97998938	4335.92769964	0
1789544100	XAUUSD	M5	4338.15						4335.13165696	4335.52967830	1
1789544400	XAUUSD	M5	4336.21				4339.08000		4333.83243026	4334.68105428	0
1789544700	XAUUSD	M5	4334.02						4332.30725431	4333.49415430	0
1789545000	XAUUSD	M5	4329.26						4330.81519734	4332.15467582	0
1789545300	XAUUSD	M5	4329.36						4329.66267886	4330.90867734	0
1789545600	XAUUSD	M5	4325.96						4328.94648192	4329.92757963	0
1789545900	XAUUSD	M5	4325.00						4328.75784638	4329.34271301	0
1789546200	XAUUSD	M5	4327.54					4323.08000	4329.02455646	4329.18363473	0
1789546500	XAUUSD	M5	4332.47						4329.50702618	4329.34533046	1
1789546800	XAUUSD	M5	4334.75						4329.89302093	4329.61917569	0
1789547100	XAUUSD	M5	4334.12						4329.99257108	4329.80587339	0
1789547400	XAUUSD	M5	4328.56						4329.78458724	4329.79523031	1
1789547700	XAUUSD	M5	4324.93						4329.46654016	4329.63088524	0
1789548000	XAUUSD	M5	4328.37						4329.22459916	4329.42774220	0
1789548300	XAUUSD	M5	4327.01						4329.05931538	4329.24352879	0
1789548600	XAUUSD	M5	4329.04						4329.06987316	4329.15670098	0
1789548900	XAUUSD	M5	4330.24						4329.22956933	4329.19313515	1
1789549200	XAUUSD	M5	4330.57						4329.50097641	4329.34705578	0
1789549500	XAUUSD	M5	4331.53						4329.84947236	4329.59826407	0
1789549800	XAUUSD	M5	4332.09						4330.22272603	4329.91049505	0
1789550100	XAUUSD	M5	4330.32						4330.59610232	4330.25329868	0
1789550400	XAUUSD	M5	4327.79						4331.03758376	4330.64544122	0
1789550700	XAUUSD	M5	4329.70						4331.65051938	4331.14798030	0
1789551000	XAUUSD	M5	4333.83						4332.42726071	4331.78762051	0
1789551300	XAUUSD	M5	4334.82						4333.29923148	4332.54342599	0
1789551600	XAUUSD	M5	4335.02						4334.28303105	4333.41322852	0
1789551900	XAUUSD	M5	4334.65						4335.41896802	4334.41609827	0
1789552200	XAUUSD	M5	4335.56						4336.74812647	4335.58211237	0
1789552500	XAUUSD	M5	4338.21						4338.25068323	4336.91639780	0
1789552800	XAUUSD	M5	4338.90						4339.83048409	4338.37344095	0
1789553100	XAUUSD	M5	4345.21						4341.42884125	4339.90114110	0
1789553400	XAUUSD	M5	4342.86						4342.84448531	4341.37281320	0
1789553700	XAUUSD	M5	4342.89						4344.13218633	4342.75249977	0
1789554000	XAUUSD	M5	4342.20						4345.30155125	4344.02702551	0
1789554300	XAUUSD	M5	4348.05						4346.38600568	4345.20651559	0
1789554600	XAUUSD	M5	4347.88						4347.23826144	4346.22238852	0
1789554900	XAUUSD	M5	4347.76						4347.88056382	4347.05147617	0
1789555200	XAUUSD	M5	4349.15						4348.33831107	4347.69489362	0
1789555500	XAUUSD	M5	4348.80						4348.60264553	4348.14876958	0
1789555800	XAUUSD	M5	4346.11						4348.72895305	4348.43886131	0
1789556100	XAUUSD	M5	4350.54						4348.84676753	4348.64281442	0
1789556400	XAUUSD	M5	4350.25						4348.90218338	4348.77249890	0
1789556700	XAUUSD	M5	4349.86						4348.96216453	4348.86733172	0
1789557000	XAUUSD	M5	4347.14						4349.07600020	4348.97166596	0
1789557300	XAUUSD	M5	4347.80						4349.31231100	4349.14198848	0
1789557600	XAUUSD	M5	4348.76						4349.60059929	4349.37129388	0
1789557900	XAUUSD	M5	4350.73				4353.59000		4349.82432954	4349.59781171	0
1789558200	XAUUSD	M5	4350.98						4349.83025200	4349.71403186	0
1789558500	XAUUSD	M5	4350.77						4349.53641526	4349.62522356	1
1789558800	XAUUSD	M5	4349.70						4348.90852686	4349.26687521	0
1789559100	XAUUSD	M5	4347.31						4347.97707866	4348.62197693	0
1789559400	XAUUSD	M5	4347.30						4346.85992992	4347.74095343	0
1789559700	XAUUSD	M5	4341.74						4345.63445133	4346.68770238	0
1789560000	XAUUSD	M5	4343.10						4344.51694609	4345.60232423	0
1789560300	XAUUSD	M5	4347.95						4343.52084438	4344.56158431	0
1789560600	XAUUSD	M5	4343.42						4342.55321615	4343.55740023	0
1789560900	XAUUSD	M5	4342.36						4341.77306915	4342.66523469	0
1789561200	XAUUSD	M5	4338.72						4341.25521851	4341.96022660	0
1789561500	XAUUSD	M5	4339.63						4341.14292122	4341.55157391	0
1789561800	XAUUSD	M5	4341.41						4341.44085037	4341.49621214	0
1789562100	XAUUSD	M5	4343.74						4342.12288681	4341.80954947	1
1789562400	XAUUSD	M5	4343.84						4343.13021942	4342.46988445	0
1789562700	XAUUSD	M5	4346.14						4344.46276365	4343.46632405	0
1789563000	XAUUSD	M5	4345.11						4346.03218882	4344.74925643	0
1789563300	XAUUSD	M5	4347.74						4347.79830053	4346.27377848	0
1789563600	XAUUSD	M5	4346.58						4349.57090307	4347.92234078	0
1789563900	XAUUSD	M5	4348.48						4351.20698790	4349.56466434	0
1789564200	XAUUSD	M5	4356.52						4352.45199225	4351.00832830	0
1789564500	XAUUSD	M5	4353.64				4360.24000		4352.90281177	4351.95557003	0
1789564800	XAUUSD	M5	4353.50						4352.50730020	4352.23143512	0
1789565100	XAUUSD	M5	4352.06						4351.23642030	4351.73392771	1
1789565400	XAUUSD	M5	4348.65						4349.18158161	4350.45775466	0
1789565700	XAUUSD	M5	4345.77						4346.57036166	4348.51405816	0
1789566000	XAUUSD	M5	4340.52						4343.65820768	4346.08613292	0
1789566300	XAUUSD	M5	4342.70						4340.76636679	4343.42624985	0
1789566600	XAUUSD	M5	4338.55						4338.00288331	4340.71456658	0
1789566900	XAUUSD	M5	4338.65						4335.61841520	4338.16649089	0
1789567200	XAUUSD	M5	4328.65						4333.73490556	4335.95069823	0
1789567500	XAUUSD	M5	4329.56					4324.16000	4332.71115069	4334.33092446	0
1789567800	XAUUSD	M5	4340.02						4332.57657227	4333.45374836	0
1789568100	XAUUSD	M5	4332.71						4333.07515194	4333.26445015	0
1789568400	XAUUSD	M5	4332.90						4334.40262995	4333.83354005	1
1789568700	XAUUSD	M5	4338.08						4336.52089729	4335.17721867	0
1789569000	XAUUSD	M5	4336.70						4339.20121366	4337.18921617	0
1789569300	XAUUSD	M5	4341.09						4342.32346608	4339.75634112	0
1789569600	XAUUSD	M5	4345.80						4345.55877309	4342.65755711	0
1789569900	XAUUSD	M5	4350.35						4348.54799603	4345.60277657	0
1789570200	XAUUSD	M5	4348.36						4350.95386893	4348.27832275	0
1789570500	XAUUSD	M5	4355.12						4352.67586480	4350.47709378	0
1789570800	XAUUSD	M5	4350.77						4353.47631642	4351.97670510	0
1789571100	XAUUSD	M5	4357.38						4353.52627083	4352.75148796	0
1789571400	XAUUSD	M5	4353.26						4352.82818961	4352.78983879	0
1789571700	XAUUSD	M5	4353.79						4351.75297433	4352.27140656	1
1789572000	XAUUSD	M5	4350.13						4350.57829336	4351.42484996	0
1789572300	XAUUSD	M5	4344.21						4349.65679227	4350.54082111	0
1789572600	XAUUSD	M5	4347.87						4349.29070242	4349.91576177	0
1789572900	XAUUSD	M5	4350.11						4349.42418041	4349.66997109	0
1789573200	XAUUSD	M5	4350.68						4349.88367494	4349.77682301	1
1789573500	XAUUSD	M5	4353.10				4361.34000		4350.46990524	4350.12336413	0
1789573800	XAUUSD	M5	4351.63						4350.90081915	4350.51209164	0
1789574100	XAUUSD	M5	4352.62						4351.04594418	4350.77901791	0
1789574400	XAUUSD	M5	4348.03						4350.79421569	4350.78661680	0
1789574700	XAUUSD	M5	4349.68						4350.30578094	4350.54619887	1
1789575000	XAUUSD	M5	4350.04						4349.62475894	4350.08547891	0
1789575300	XAUUSD	M5	4349.61						4348.85531428	4349.47039660	0
1789575600	XAUUSD	M5	4347.67						4348.12358812	4348.79699236	0
1789575900	XAUUSD	M5	4346.01						4347.57872752	4348.18785994	0
1789576200	XAUUSD	M5	4347.85						4347.27332106	4347.73059050	0
1789576500	XAUUSD	M5	4347.29						4347.07099584	4347.40079317	0
1789576800	XAUUSD	M5	4347.45						4346.86331081	4347.13205199	0
1789577100	XAUUSD	M5	4346.05						4346.51372981	4346.82289090	0
1789577400	XAUUSD	M5	4345.80						4346.00055178	4346.41172134	0
1789577700	XAUUSD	M5	4346.70						4345.34371747	4345.87771940	0
1789578000	XAUUSD	M5	4344.92						4344.62838475	4345.25305208	0
1789578300	XAUUSD	M5	4343.36						4344.06797228	4344.66051218	0
1789578600	XAUUSD	M5	4343.63						4343.89033913	4344.27542565	0
1789578900	XAUUSD	M5	4344.76						4344.21135239	4344.24338902	0
1789579200	XAUUSD	M5	4344.51						4345.01133754	4344.62736328	1
1789579500	XAUUSD	M5	4346.88						4346.15381879	4345.39059103	0
1789579800	XAUUSD	M5	4348.96						4347.29040333	4346.34049718	0
1789580100	XAUUSD	M5	4343.93						4347.99695572	4347.16872645	0
1789580400	XAUUSD	M5	4344.07						4348.00933020	4347.58902832	0
1789580700	XAUUSD	M5	4344.62						4346.98460341	4347.28681587	1
1789581000	XAUUSD	M5	4347.95						4344.66923500	4345.97802543	0
1789581300	XAUUSD	M5	4361.38						4340.91520290	4343.44661417	0
1789581600	XAUUSD	M5	4324.75				4367.58000		4335.51342844	4339.48002130	0
1789581900	XAUUSD	M5	4331.23						4329.73117498	4334.60559814	0
1789582200	XAUUSD	M5	4310.46						4323.70104567	4329.15332190	0
1789582500	XAUUSD	M5	4319.10						4318.14387891	4323.64860041	0
1789582800	XAUUSD	M5	4314.98						4312.78539443	4318.21699742	0
1789583100	XAUUSD	M5	4322.41						4307.50282947	4312.85991344	0
1789583400	XAUUSD	M5	4285.28						4301.75034426	4307.30512885	0
1789583700	XAUUSD	M5	4291.04						4296.12858066	4301.71685475	0
1789584000	XAUUSD	M5	4301.28						4290.10483415	4295.91084445	0
1789584300	XAUUSD	M5	4293.64						4283.15928666	4289.53506555	0
1789584600	XAUUSD	M5	4265.49						4275.50735233	4282.52120894	0
1789584900	XAUUSD	M5	4261.02						4268.16819107	4275.34470001	0
1789585200	XAUUSD	M5	4273.28						4261.68267654	4268.51368828	0
1789585500	XAUUSD	M5	4250.71						4256.18445035	4262.34906931	0
1789585800	XAUUSD	M5	4252.97					4235.22000	4252.68202193	4257.51554562	0
1789586100	XAUUSD	M5	4248.37						4251.35796903	4254.43675733	0
1789586400	XAUUSD	M5	4252.77						4252.30901924	4253.37288829	0
1789586700	XAUUSD	M5	4253.43						4255.08863810	4254.23076319	1
1789587000	XAUUSD	M5	4263.02						4259.10464190	4256.66770255	0
1789587300	XAUUSD	M5	4263.67						4263.39318960	4260.03044607	0
1789587600	XAUUSD	M5	4265.54						4267.25845473	4263.64445040	0
1789587900	XAUUSD	M5	4269.81						4270.11833804	4266.88139422	0
1789588200	XAUUSD	M5	4273.18						4271.56683399	4269.22411410	0
1789588500	XAUUSD	M5	4272.57						4271.50573303	4270.36492357	0
1789588800	XAUUSD	M5	4270.65						4270.21497700	4270.28995028	1
1789589100	XAUUSD	M5	4267.35						4268.19535754	4269.24265391	0
1789589400	XAUUSD	M5	4264.83						4266.04018954	4267.64142173	0
1789589700	XAUUSD	M5	4266.47						4264.23542158	4265.93842165	0
1789590000	XAUUSD	M5	4260.82						4262.97605649	4264.45723907	0
1789590300	XAUUSD	M5	4260.34						4262.44380484	4263.45052195	0
1789590600	XAUUSD	M5	4261.42						4262.48786197	4262.96919196	0
1789590900	XAUUSD	M5	4264.84						4262.82187952	4262.89553574	0
1789591200	XAUUSD	M5	4262.35						4263.03751049	4262.96652312	1
1789591500	XAUUSD	M5	4265.71						4262.98125257	4262.97388784	0
1789591800	XAUUSD	M5	4262.61						4262.48616623	4262.73002704	1
1789592100	XAUUSD	M5	4264.07						4261.74778076	4262.23890390	0
1789596000	XAUUSD	M5	4260.01						4260.98236944	4261.61063667	0
1789596300	XAUUSD	M5	4261.34						4260.62010757	4261.11537212	0
1789596600	XAUUSD	M5	4259.18						4260.86027768	4260.98782490	0
1789596900	XAUUSD	M5	4259.49						4261.85742728	4261.42262609	1
1789597200	XAUUSD	M5	4261.12						4263.53893994	4262.48078301	0
1789597500	XAUUSD	M5	4262.09						4265.63255983	4264.05667142	0
1789597800	XAUUSD	M5	4269.83						4267.75277144	4265.90472143	0
1789598100	XAUUSD	M5	4275.14				4276.28000		4269.31668561	4267.61070352	0
1789598400	XAUUSD	M5	4273.21						4269.96144776	4268.78607564	0
1789598700	XAUUSD	M5	4270.32						4269.72132943	4269.25370254	0
1789599000	XAUUSD	M5	4267.59						4268.86712956	4269.06041605	1
1789599300	XAUUSD	M5	4266.64						4267.79001641	4268.42521623	0
1789599600	XAUUSD	M5	4265.30						4266.87085034	4267.64803329	0
1789599900	XAUUSD	M5	4264.44						4266.42428619	4267.03615974	0
1789600200	XAUUSD	M5	4262.64						4266.61590786	4266.82603380	0
1789600500	XAUUSD	M5	4268.48						4267.45428661	4267.14016020	1
1789600800	XAUUSD	M5	4271.23						4268.59485490	4267.86750755	0
1789601100	XAUUSD	M5	4271.82						4269.72252031	4268.79501393	0
1789601400	XAUUSD	M5	4271.02						4270.63314960	4269.71408177	0
1789601700	XAUUSD	M5	4271.05						4271.28385746	4270.49896961	0
1789602000	XAUUSD	M5	4273.57						4271.75782889	4271.12839925	0
1789602300	XAUUSD	M5	4273.53						4272.18725893	4271.65782909	0
1789602600	XAUUSD	M5	4272.29						4272.82810769	4272.24296839	0
1789602900	XAUUSD	M5	4271.56						4273.95408843	4273.09852841	0
1789603200	XAUUSD	M5	4269.27						4275.71140907	4274.40496874	0
1789603500	XAUUSD	M5	4278.02						4278.11820128	4276.26158501	0
1789603800	XAUUSD	M5	4284.95						4280.72429533	4278.49294017	0
1789604100	XAUUSD	M5	4284.41						4283.03314015	4280.76304016	0
1789604400	XAUUSD	M5	4286.49						4284.77250261	4282.76777139	0
1789604700	XAUUSD	M5	4284.53						4285.73246250	4284.25011695	0
1789605000	XAUUSD	M5	4284.94						4285.98681623	4285.11846659	0
1789605300	XAUUSD	M5	4287.72						4285.74306129	4285.43076394	0
1789605600	XAUUSD	M5	4288.72						4285.31469737	4285.37273066	1
1789605900	XAUUSD	M5	4284.59						4285.17252283	4285.27262674	0
1789606200	XAUUSD	M5	4280.04						4285.91746948	4285.59504811	1
1789606500	XAUUSD	M5	4280.17						4288.01831727	4286.80668269	0
1789606800	XAUUSD	M5	4297.42						4291.56600604	4289.18634436	0
1789607100	XAUUSD	M5	4303.45						4295.92265067	4292.55449752	0
1789607400	XAUUSD	M5	4298.70						4300.56000778	4296.55725265	0
1789607700	XAUUSD	M5	4302.88						4305.14306209	4300.85015737	0
1789608000	XAUUSD	M5	4310.02						4309.08410947	4304.96713342	0
1789608300	XAUUSD	M5	4309.90						4311.78460803	4308.37587073	0
1789608600	XAUUSD	M5	4314.02						4312.99284247	4310.68435660	0
1789608900	XAUUSD	M5	4312.01				4318.19000		4312.55026775	4311.61731217	0
1789609200	XAUUSD	M5	4309.30						4310.66177985	4311.13954601	1
1789609500	XAUUSD	M5	4310.89						4307.70756859	4309.42355730	0
1789609800	XAUUSD	M5	4305.31						4304.03107137	4306.72731434	0
1789610100	XAUUSD	M5	4300.23						4300.17585042	4303.45158238	0
1789610400	XAUUSD	M5	4298.56						4296.60819092	4300.02988665	0
1789610700	XAUUSD	M5	4287.68						4293.57537921	4296.80263293	0
1789611000	XAUUSD	M5	4287.55						4291.39593162	4294.09928228	0
1789611300	XAUUSD	M5	4292.32						4289.93556632	4292.01742430	0
1789611600	XAUUSD	M5	4290.31						4288.81773148	4290.41757789	0
1789611900	XAUUSD	M5	4291.77						4287.82653080	4289.12205434	0
1789612200	XAUUSD	M5	4285.83						4286.71084075	4287.91644755	0
1789612500	XAUUSD	M5	4283.53						4285.51185519	4286.71415137	0
1789612800	XAUUSD	M5	4288.54						4284.27257105	4285.49336121	0
1789613100	XAUUSD	M5	4283.53						4282.94121358	4284.21728739	0
1789613400	XAUUSD	M5	4276.10						4281.81095714	4283.01412227	0
1789613700	XAUUSD	M5	4277.27					4274.01000	4281.25247791	4282.13330009	0
1789614000	XAUUSD	M5	4282.67						4281.35702767	4281.74516388	0
1789614300	XAUUSD	M5	4285.11						4282.02102298	4281.88309343	1
1789614600	XAUUSD	M5	4285.20						4283.16268604	4282.52288974	0
1789614900	XAUUSD	M5	4286.57						4284.72913674	4283.62601324	0
1789615200	XAUUSD	M5	4285.90						4286.61368418	4285.11984871	0
1789615500	XAUUSD	M5	4286.06						4288.72930813	4286.92457842	0
1789615800	XAUUSD	M5	4290.27						4290.93513297	4288.92985570	0
1789616100	XAUUSD	M5	4292.36						4292.95955805	4290.94470687	0
1789616400	XAUUSD	M5	4295.89						4294.60467646	4292.77469167	0
1789616700	XAUUSD	M5	4295.68						4295.67989355	4294.22729261	0
1789617000	XAUUSD	M5	4296.45						4296.15149240	4295.18939251	0
1789617300	XAUUSD	M5	4296.06						4296.02872769	4295.60906010	0
1789617600	XAUUSD	M5	4294.14						4295.42923840	4295.51914925	1
1789617900	XAUUSD	M5	4296.31						4294.57726982	4295.04820953	0
1789618200	XAUUSD	M5	4293.78						4293.63970264	4294.34395609	0
1789618500	XAUUSD	M5	4293.29						4292.90903448	4293.62649528	0
1789618800	XAUUSD	M5	4293.70						4292.58258195	4293.10453862	0
1789619100	XAUUSD	M5	4291.35						4292.75719556	4292.93086709	0
1789619400	XAUUSD	M5	4291.37						4293.48965314	4293.21026011	1
1789619700	XAUUSD	M5	4295.10						4294.64665721	4293.92845866	0
1789620000	XAUUSD	M5	4295.34						4295.89032037	4294.90938952	0
1789620300	XAUUSD	M5	4297.19						4296.91558996	4295.91248974	0
1789620600	XAUUSD	M5	4297.44						4297.40298622	4296.65773798	0
1789620900	XAUUSD	M5	4297.42						4297.18195267	4296.91984533	0
1789621200	XAUUSD	M5	4297.97						4296.23713390	4296.57848961	1
1789621500	XAUUSD	M5	4297.31						4294.70487233	4295.64168097	0
1789621800	XAUUSD	M5	4294.17						4292.89349597	4294.26758847	0
1789622100	XAUUSD	M5	4288.26						4291.26089746	4292.76424297	0
1789622400	XAUUSD	M5	4286.89					4285.47000	4290.33423968	4291.54924132	0
1789622700	XAUUSD	M5	4286.48						4290.42012066	4290.98468099	0
1789623000	XAUUSD	M5	4294.78						4291.62630654	4291.30549377	1
1789623300	XAUUSD	M5	4296.91						4293.66270806	4292.48410091	0
1789623600	XAUUSD	M5	4297.05						4296.28929243	4294.38669667	0
1789623900	XAUUSD	M5	4297.74						4299.26714178	4296.82691923	0
1789624200	XAUUSD	M5	4303.37						4302.32918121	4299.57805022	0
1789624500	XAUUSD	M5	4304.51						4305.10458153	4302.34131587	0
1789624800	XAUUSD	M5	4306.43						4307.40335172	4304.87233380	0
1789625100	XAUUSD	M5	4310.13						4309.09369642	4306.98301511	0
1789625400	XAUUSD	M5	4312.07						4310.08442665	4308.53372088	0
1789625700	XAUUSD	M5	4307.47						4310.41216550	4309.47294319	0
1789626000	XAUUSD	M5	4307.40						4310.34195096	4309.90744707	0
1789626300	XAUUSD	M5	4312.20						4310.03604901	4309.97174804	0
1789626600	XAUUSD	M5	4312.80						4309.53567921	4309.75371363	1
1789626900	XAUUSD	M5	4306.35						4309.00567383	4309.37969373	0
1789627200	XAUUSD	M5	4309.47						4308.80503980	4309.09236676	0
1789627500	XAUUSD	M5	4310.29						4309.03494642	4309.06365659	0
1789627800	XAUUSD	M5	4310.03						4309.83744739	4309.45055199	1
1789628100	XAUUSD	M5	4310.72						4311.34392985	4310.39724092	0
1789628400	XAUUSD	M5	4311.72						4313.60024120	4311.99874106	0
1789628700	XAUUSD	M5	4314.88						4316.54756288	4314.27315197	0
1789629000	XAUUSD	M5	4322.92						4319.96735731	4317.12025464	0
1789629300	XAUUSD	M5	4323.96						4323.43743860	4320.27884662	0
1789629600	XAUUSD	M5	4324.91						4326.68924232	4323.48404447	0
1789629900	XAUUSD	M5	4329.30						4329.46828712	4326.47616580	0
1789630200	XAUUSD	M5	4332.69						4331.47503218	4328.97559899	0
1789630500	XAUUSD	M5	4334.35						4332.50990778	4330.74275339	0
1789630800	XAUUSD	M5	4331.42						4332.51810453	4331.63042896	0
1789631100	XAUUSD	M5	4332.26				4335.30000		4331.66189049	4331.64615972	0
1789631400	XAUUSD	M5	4327.66						4330.07587876	4330.86101924	1
1789631700	XAUUSD	M5	4327.19						4328.05841669	4329.45971797	0
1789632000	XAUUSD	M5	4327.22						4325.79422558	4327.62697177	0
1789632300	XAUUSD	M5	4326.49						4323.42914693	4325.52805935	0
1789632600	XAUUSD	M5	4320.36						4321.10791453	4323.31798694	0
1789632900	XAUUSD	M5	4316.78						4319.08878883	4321.20338789	0
1789633200	XAUUSD	M5	4316.13						4317.50842605	4319.35590697	0
1789633500	XAUUSD	M5	4316.05						4316.36435169	4317.86012933	0
1789633800	XAUUSD	M5	4317.55						4315.59251971	4316.72632452	0
1789634100	XAUUSD	M5	4318.96						4315.05961704	4315.89297078	0
1789634400	XAUUSD	M5	4313.93						4314.63490592	4315.26393835	0
1789634700	XAUUSD	M5	4311.75						4314.37644374	4314.82019104	0
1789635000	XAUUSD	M5	4313.00						4314.26953650	4314.54486377	0
1789635300	XAUUSD	M5	4311.57						4314.18680743	4314.36583560	0
1789635600	XAUUSD	M5	4314.67						4314.06193614	4314.21388587	0
1789635900	XAUUSD	M5	4316.61						4313.72486220	4313.96937403	0
1789636200	XAUUSD	M5	4315.91						4313.07678034	4313.52307719	0
1789636500	XAUUSD	M5	4311.83						4312.14191803	4312.83249761	0
1789636800	XAUUSD	M5	4311.44						4311.08802685	4311.96026223	0
1789637100	XAUUSD	M5	4306.59						4310.02324475	4310.99175349	0
1789637400	XAUUSD	M5	4307.66					4305.16000	4309.17829768	4310.08502559	0
1789637700	XAUUSD	M5	4308.96						4308.60730965	4309.34616762	0
1789638000	XAUUSD	M5	4309.20						4308.30221641	4308.82419201	0
1789638300	XAUUSD	M5	4309.52						4308.23343247	4308.52881224	0
1789638600	XAUUSD	M5	4310.87						4308.33238619	4308.43059922	0
1789638900	XAUUSD	M5	4306.21						4308.49433572	4308.46246747	1
1789639200	XAUUSD	M5	4307.67						4308.77746798	4308.61996773	0
1789639500	XAUUSD	M5	4309.04						4309.12246065	4308.87121419	0
1789639800	XAUUSD	M5	4310.19						4309.51552151	4309.19336785	0
1789640100	XAUUSD	M5	4306.66						4310.01308085	4309.60322435	0
1789640400	XAUUSD	M5	4313.11						4310.82795529	4310.21558982	0
1789640700	XAUUSD	M5	4313.68						4311.93168667	4311.07363825	0
1789641000	XAUUSD	M5	4314.59						4313.44849307	4312.26106566	0
1789641300	XAUUSD	M5	4316.75						4315.46117385	4313.86111975	0
1789641600	XAUUSD	M5	4316.46						4317.94083955	4315.90097965	0
1789641900	XAUUSD	M5	4318.54						4320.81843190	4318.35970578	0
1789642200	XAUUSD	M5	4321.71						4323.84873688	4321.10422133	0
1789642500	XAUUSD	M5	4324.30						4326.68317981	4323.89370057	0
1789642800	XAUUSD	M5	4330.39						4328.96831372	4326.43100714	0
1789643100	XAUUSD	M5	4336.09						4330.31803067	4328.37451891	0
1789643400	XAUUSD	M5	4332.02						4330.52158557	4329.44805224	0
1789643700	XAUUSD	M5	4327.12						4329.83200429	4329.64002826	0
1789644000	XAUUSD	M5	4328.82						4328.70579706	4329.17291266	1
1789644300	XAUUSD	M5	4328.45						4327.55716291	4328.36503779	0
1789644600	XAUUSD	M5	4326.18						4326.91350962	4327.63927370	0
1789644900	XAUUSD	M5	4325.84						4327.31871608	4327.47899489	0
1789645200	XAUUSD	M5	4324.96						4329.14194381	4328.31046935	1
1789645500	XAUUSD	M5	4332.67						4332.58224459	4330.44635697	0
1789645800	XAUUSD	M5	4340.75						4337.39064095	4333.91849896	0
1789646100	XAUUSD	M5	4350.10						4343.10886157	4338.51368026	0
1789646400	XAUUSD	M5	4345.64						4349.12788239	4343.82078133	0
1789646700	XAUUSD	M5	4353.36						4355.15831164	4349.48954649	0
1789647000	XAUUSD	M5	4354.67						4360.61679437	4355.05317043	0
1789647300	XAUUSD	M5	4365.59						4365.17608709	4360.11462876	0
1789647600	XAUUSD	M5	4368.66						4368.40271929	4364.25867402	0
1789647900	XAUUSD	M5	4381.09				4381.24000		4370.26169212	4367.26018307	0
1789648200	XAUUSD	M5	4370.39						4370.67025567	4368.96521937	0
1789648500	XAUUSD	M5	4369.57						4370.29634037	4369.63077987	0
1789648800	XAUUSD	M5	4360.63						4369.58626604	4369.60852296	1
1789649100	XAUUSD	M5	4366.46						4369.11424008	4369.36138152	0
1789649400	XAUUSD	M5	4374.33						4368.90735766	4369.13436959	0
1789649700	XAUUSD	M5	4373.34						4368.77928659	4368.95682809	0
1789650000	XAUUSD	M5	4366.19						4368.67459266	4368.81571038	0
1789650300	XAUUSD	M5	4366.13						4368.64331319	4368.72951178	0
1789650600	XAUUSD	M5	4366.23						4368.52978656	4368.62964917	0
1789650900	XAUUSD	M5	4372.49						4368.20730489	4368.41847703	0
1789651200	XAUUSD	M5	4366.84						4367.48001824	4367.94924763	0
1789651500	XAUUSD	M5	4366.94						4366.58177632	4367.26551198	0
1789651800	XAUUSD	M5	4371.88						4365.69131786	4366.47841492	0
1789652100	XAUUSD	M5	4361.51						4364.91120138	4365.69480815	0
1789652400	XAUUSD	M5	4358.10						4364.73835576	4365.21658196	0
1789652700	XAUUSD	M5	4367.54						4365.39180362	4365.30419279	1
1789653000	XAUUSD	M5	4366.48						4366.58889564	4365.94654421	0
1789653300	XAUUSD	M5	4366.75						4368.16414631	4367.05534526	0
1789653600	XAUUSD	M5	4369.45						4369.80806315	4368.43170421	0
1789653900	XAUUSD	M5	4377.16				4379.91000		4371.10594695	4369.76882558	0
1789654200	XAUUSD	M5	4371.77						4371.55490472	4370.66186515	0
1789654500	XAUUSD	M5	4368.88						4371.12321063	4370.89253789	0
1789654800	XAUUSD	M5	4369.72						4369.86311317	4370.37782553	1
1789655100	XAUUSD	M5	4366.62						4367.87128624	4369.12455589	0
1789655400	XAUUSD	M5	4366.96						4365.45698801	4367.29077195	0
1789655700	XAUUSD	M5	4361.15						4362.90335427	4365.09706311	0
1789656000	XAUUSD	M5	4361.10						4360.63503775	4362.86605043	0
1789656300	XAUUSD	M5	4361.43						4358.85443756	4360.86024399	0
1789656600	XAUUSD	M5	4357.15						4357.64061034	4359.25042717	0
1789656900	XAUUSD	M5	4354.09						4357.08866794	4358.16954755	0
1789657200	XAUUSD	M5	4355.88					4351.41000	4357.16503323	4357.66729039	0
1789657500	XAUUSD	M5	4356.42						4357.66343487	4357.66536263	0
1789657800	XAUUSD	M5	4361.91						4358.40499732	4358.03517998	1
1789658100	XAUUSD	M5	4363.21						4359.13052483	4358.58285240	0
1789658400	XAUUSD	M5	4359.58						4359.77850931	4359.18068085	0
1789658700	XAUUSD	M5	4358.16						4360.50906164	4359.84487125	0
1789659000	XAUUSD	M5	4358.86						4361.47425684	4360.65956404	0
1789659300	XAUUSD	M5	4362.56						4362.74985060	4361.70470732	0
1789659600	XAUUSD	M5	4365.77						4364.26016766	4362.98243749	0
1789659900	XAUUSD	M5	4365.55						4365.85608675	4364.41926212	0
1789660200	XAUUSD	M5	4366.49						4367.40637089	4365.91281651	0
1789660500	XAUUSD	M5	4369.99						4368.70551989	4367.30916820	0
1789660800	XAUUSD	M5	4369.77				4372.44000		4369.46939432	4368.38928126	0
1789661100	XAUUSD	M5	4369.69						4369.56416072	4368.97672099	0
1789661400	XAUUSD	M5	4368.04						4368.94390774	4368.96031437	1
1789661700	XAUUSD	M5	4367.17						4367.70571931	4368.33301684	0
1789662000	XAUUSD	M5	4367.63						4366.01917769	4367.17609726	0
1789662300	XAUUSD	M5	4367.76						4364.10397525	4365.64003626	0
1789662600	XAUUSD	M5	4358.70						4362.22172799	4363.93088213	0
1789662900	XAUUSD	M5	4360.10						4360.84719142	4362.38903677	0
1789663200	XAUUSD	M5	4359.97						4360.08225709	4361.23564693	0
1789663500	XAUUSD	M5	4358.04						4359.94504934	4360.59034814	0
1789663800	XAUUSD	M5	4360.37						4360.36650160	4360.47842487	0
1789664100	XAUUSD	M5	4362.37						4361.06332115	4360.77087301	1
1789664400	XAUUSD	M5	4362.42						4361.72381701	4361.24734501	0
1789664700	XAUUSD	M5	4363.84						4362.11870438	4361.68302470	0
1789665000	XAUUSD	M5	4361.92						4362.08096141	4361.88199305	0
1789665300	XAUUSD	M5	4360.33						4361.65536908	4361.76868106	1
1789665600	XAUUSD	M5	4360.01						4361.00052267	4361.38460187	0
1789665900	XAUUSD	M5	4360.55						4360.31935658	4360.85197922	0
1789666200	XAUUSD	M5	4362.22						4359.81382548	4360.33290235	0
1789666500	XAUUSD	M5	4358.17						4359.61237903	4359.97264069	0
1789666800	XAUUSD	M5	4360.49						4359.90011099	4359.93637584	0
1789667100	XAUUSD	M5	4359.51						4360.56340970	4360.24989277	1
1789667400	XAUUSD	M5	4360.45						4361.45148858	4360.85069068	0
1789667700	XAUUSD	M5	4361.29						4362.27618787	4361.56343927	0
1789668000	XAUUSD	M5	4363.31						4362.72904621	4362.14624274	0
1789668300	XAUUSD	M5	4362.15						4362.52312364	4362.33468319	0
1789668600	XAUUSD	M5	4364.71						4361.57598525	4361.95533422	1
1789668900	XAUUSD	M5	4360.97						4359.86912309	4360.91222865	0
1789669200	XAUUSD	M5	4357.74						4357.70443214	4359.30833039	0
1789669500	XAUUSD	M5	4356.32						4355.46836960	4357.38835000	0
1789669800	XAUUSD	M5	4349.64						4353.50890607	4355.44862803	0
1789670100	XAUUSD	M5	4351.60						4352.23342751	4353.84102777	0
1789670400	XAUUSD	M5	4352.17						4351.67217353	4352.75660065	0
1789670700	XAUUSD	M5	4352.16						4351.72212143	4352.23936104	0
1789671000	XAUUSD	M5	4350.82						4352.15837511	4352.19886807	0
1789671300	XAUUSD	M5	4351.65						4352.70994003	4352.45440405	1
1789671600	XAUUSD	M5	4354.23						4353.04017895	4352.74729150	0
1789671900	XAUUSD	M5	4354.70						4352.84305502	4352.79517326	0
1789672200	XAUUSD	M5	4354.64						4351.99694419	4352.39605873	1
1789672500	XAUUSD	M5	4352.05						4350.56093487	4351.47849680	0
1789672800	XAUUSD	M5	4347.54						4348.79641847	4350.13745764	0
1789673100	XAUUSD	M5	4343.35						4347.07618260	4348.60682012	0
1789673400	XAUUSD	M5	4343.95						4345.74416136	4347.17549074	0
1789673700	XAUUSD	M5	4344.36						4344.92444491	4346.04996782	0
1789674000	XAUUSD	M5	4345.25						4344.61899527	4345.33448155	0
1789674300	XAUUSD	M5	4345.31						4344.70144904	4345.01796529	0
1789674600	XAUUSD	M5	4347.85						4344.98831694	4345.00314112	0
1789674900	XAUUSD	M5	4346.22						4345.20798886	4345.10556499	1
1789675200	XAUUSD	M5	4344.36						4345.23911832	4345.17234165	0
1789675500	XAUUSD	M5	4345.09						4345.03630641	4345.10432403	1
1789675800	XAUUSD	M5	4343.06						4344.56857358	4344.83644880	0
1789676100	XAUUSD	M5	4343.28						4343.93784869	4344.38714875	0
1789676400	XAUUSD	M5	4344.04						4343.22694404	4343.80704640	0
1789676700	XAUUSD	M5	4342.17						4342.51343610	4343.16024125	0
1789677000	XAUUSD	M5	4341.34						4341.93437265	4342.54730695	0
1789677300	XAUUSD	M5	4342.15						4341.56743866	4342.05737281	0
1789677600	XAUUSD	M5	4341.37						4341.40643634	4341.73190457	0
1789677900	XAUUSD	M5	4342.09						4341.44969790	4341.59080124	0
1789678200	XAUUSD	M5	4341.80						4341.64953928	4341.62017026	1
1789678500	XAUUSD	M5	4341.70						4341.98254217	4341.80135622	0
1789682400	XAUUSD	M5	4342.97						4342.42774670	4342.11455146	0
1789682700	XAUUSD	M5	4342.68						4342.92983892	4342.52219519	0
1789683000	XAUUSD	M5	4344.46						4343.47210608	4342.99715063	0
1789683300	XAUUSD	M5	4341.96						4343.98392012	4343.49053538	0
1789683600	XAUUSD	M5	4342.75						4344.50491131	4343.99772334	0
1789683900	XAUUSD	M5	4344.92						4344.97403642	4344.48587988	0
1789684200	XAUUSD	M5	4347.11						4345.28575350	4344.88581669	0
1789684500	XAUUSD	M5	4348.82				4349.48000		4345.35145024	4345.11863347	0
1789684800	XAUUSD	M5	4344.46						4345.14821110	4345.13342228	0
1789685100	XAUUSD	M5	4342.43						4344.86284465	4344.99813347	1
1789685400	XAUUSD	M5	4344.86						4344.63675448	4344.81744398	0
1789685700	XAUUSD	M5	4344.45						4344.47838899	4344.64791649	0
1789686000	XAUUSD	M5	4343.77						4344.43827788	4344.54309718	0
1789686300	XAUUSD	M5	4344.39					4339.75000	4344.53345731	4344.53827725	0
1789686600	XAUUSD	M5	4345.04						4344.70011549	4344.61919637	1
1789686900	XAUUSD	M5	4344.75						4344.84778808	4344.73349222	0
1789687200	XAUUSD	M5	4346.35						4344.91081670	4344.82215446	0
1789687500	XAUUSD	M5	4344.24						4344.81116457	4344.81665952	1
1789687800	XAUUSD	M5	4344.76						4344.63296805	4344.72481379	0
1789688100	XAUUSD	M5	4343.77						4344.45493773	4344.58987576	0
1789688400	XAUUSD	M5	4344.33						4344.43569278	4344.51278427	0
1789688700	XAUUSD	M5	4344.99						4344.70373304	4344.60825866	1
1789689000	XAUUSD	M5	4347.57						4345.35905038	4344.98365452	0
1789689300	XAUUSD	M5	4346.35						4346.39364664	4345.68865058	0
1789689600	XAUUSD	M5	4344.93						4347.83057123	4346.75961090	0
1789689900	XAUUSD	M5	4346.95						4349.61388902	4348.18674996	0
1789690200	XAUUSD	M5	4354.38						4351.53403648	4349.86039322	0
1789690500	XAUUSD	M5	4352.98						4353.22074422	4351.54056872	0
1789690800	XAUUSD	M5	4355.86						4354.58205125	4353.06130998	0
1789691100	XAUUSD	M5	4353.45						4355.50697349	4354.28414174	0
1789691400	XAUUSD	M5	4358.23						4356.11863677	4355.20138925	0
1789691700	XAUUSD	M5	4358.46						4356.42569369	4355.81354147	0
1789692000	XAUUSD	M5	4358.76						4356.61002158	4356.21178153	0
1789692300	XAUUSD	M5	4353.61						4356.85120004	4356.53149078	0
1789692600	XAUUSD	M5	4353.71						4357.41603288	4356.97376183	0
1789692900	XAUUSD	M5	4356.44						4358.30402271	4357.63889227	0
1789693200	XAUUSD	M5	4362.42						4359.30426996	4358.47158112	0
1789693500	XAUUSD	M5	4361.40				4365.57000		4360.02996355	4359.25077233	0
1789693800	XAUUSD	M5	4358.20						4360.27327816	4359.76202525	0
1789694100	XAUUSD	M5	4360.62						4359.93937420	4359.85069972	0
1789694400	XAUUSD	M5	4362.24						4358.87620261	4359.36345117	1
1789694700	XAUUSD	M5	4359.84						4357.07549728	4358.21947422	0
1789695000	XAUUSD	M5	4351.96						4354.76465374	4356.49206398	0
1789695300	XAUUSD	M5	4350.60						4352.40025513	4354.44615956	0
1789695600	XAUUSD	M5	4347.39						4350.27825764	4352.36220860	0
1789695900	XAUUSD	M5	4348.25						4348.69276044	4350.52748452	0
1789696200	XAUUSD	M5	4349.17						4347.74156627	4349.13452539	0
1789696500	XAUUSD	M5	4348.36						4347.42472618	4348.27962579	0
1789696800	XAUUSD	M5	4348.64						4347.71365046	4347.99663813	0
1789697100	XAUUSD	M5	4349.38						4348.49789534	4348.24726673	1
1789697400	XAUUSD	M5	4350.45						4349.62258481	4348.93492577	0
1789697700	XAUUSD	M5	4348.94						4350.90567952	4349.92030265	0
1789698000	XAUUSD	M5	4352.10						4352.22530008	4351.07280137	0
1789698300	XAUUSD	M5	4352.99						4353.33322978	4352.20301557	0
1789698600	XAUUSD	M5	4355.92						4354.03759899	4353.12030728	0
1789698900	XAUUSD	M5	4352.15						4354.11125521	4353.61578124	0
1789699200	XAUUSD	M5	4351.67						4353.53844901	4353.57711513	1
1789699500	XAUUSD	M5	4354.47						4352.27857702	4352.92784607	0
1789699800	XAUUSD	M5	4348.81						4350.30169920	4351.61477264	0
1789700100	XAUUSD	M5	4346.86						4347.91813751	4349.76645507	0
1789700400	XAUUSD	M5	4349.06						4345.45343896	4347.60994701	0
1789700700	XAUUSD	M5	4345.67						4343.19632105	4345.40313403	0
1789701000	XAUUSD	M5	4344.81						4341.60854509	4343.50583956	0
1789701300	XAUUSD	M5	4337.46						4341.04447055	4342.27515506	0
1789701600	XAUUSD	M5	4336.10						4341.90505143	4342.09010324	0
1789701900	XAUUSD	M5	4340.96					4334.45000	4344.21070305	4343.15040315	1
1789702200	XAUUSD	M5	4350.36						4347.57449080	4345.36244698	0
1789702500	XAUUSD	M5	4352.73						4351.31122638	4348.33683668	0
1789702800	XAUUSD	M5	4357.51						4354.86723619	4351.60203644	0
1789703100	XAUUSD	M5	4358.73						4357.68678673	4354.64441159	0
1789703400	XAUUSD	M5	4358.62						4359.46439444	4357.05440301	0
1789703700	XAUUSD	M5	4359.31						4360.13327130	4358.59383716	0
1789704000	XAUUSD	M5	4360.89						4359.82529798	4359.20956757	0
1789704300	XAUUSD	M5	4359.64						4358.82664810	4359.01810783	1
1789704600	XAUUSD	M5	4356.96						4357.59757874	4358.30784329	0
1789704900	XAUUSD	M5	4353.57						4356.63722229	4357.47253279	0
1789705200	XAUUSD	M5	4355.60						4356.36476649	4356.91864964	0
1789705500	XAUUSD	M5	4357.91						4356.89277039	4356.90571002	0
1789705800	XAUUSD	M5	4358.54						4358.14217188	4357.52394095	1
1789706100	XAUUSD	M5	4359.77						4359.93059810	4358.72726953	0
1789706400	XAUUSD	M5	4364.59						4361.96329941	4360.34528447	0
1789706700	XAUUSD	M5	4365.30						4363.83732992	4362.09130720	0
1789707000	XAUUSD	M5	4361.57						4365.31241647	4363.70186183	0
1789707300	XAUUSD	M5	4366.99						4366.36734017	4365.03460100	0
1789707600	XAUUSD	M5	4366.22						4366.85564047	4365.94512074	0
1789707900	XAUUSD	M5	4368.09						4366.90898749	4366.42705411	0
1789708200	XAUUSD	M5	4365.46						4366.67266653	4366.54986032	0
1789708500	XAUUSD	M5	4368.74						4366.44703800	4366.49844916	1
1789708800	XAUUSD	M5	4366.76						4366.36764940	4366.43304928	0
1789709100	XAUUSD	M5	4364.66						4366.68084679	4366.55694803	1
1789709400	XAUUSD	M5	4362.79						4367.57373106	4367.06533955	0
1789709700	XAUUSD	M5	4372.28						4369.14021849	4368.10277902	0
1789710000	XAUUSD	M5	4377.09						4371.11417489	4369.60847695	0
1789710300	XAUUSD	M5	4370.79						4373.33196857	4371.47022276	0
1789710600	XAUUSD	M5	4373.43						4375.92593250	4373.69807763	0
1789710900	XAUUSD	M5	4377.38						4378.77790492	4376.23799127	0
1789711200	XAUUSD	M5	4382.37						4381.71683602	4378.97741365	0
1789711500	XAUUSD	M5	4387.42						4384.53736385	4381.75738875	0
1789711800	XAUUSD	M5	4389.04						4387.05630954	4384.40684914	0
1789712100	XAUUSD	M5	4384.81						4389.20659359	4386.80672137	0
1789712400	XAUUSD	M5	4391.53						4391.09880744	4388.95276441	0
1789712700	XAUUSD	M5	4392.43						4392.55410856	4390.75343648	0
1789713000	XAUUSD	M5	4393.17						4393.55937760	4392.15640704	0
1789713300	XAUUSD	M5	4394.51						4394.12440331	4393.14040518	0
1789713600	XAUUSD	M5	4396.12						4394.27066642	4393.70553580	0
1789713900	XAUUSD	M5	4395.31						4394.04174336	4393.87363958	0
1789714200	XAUUSD	M5	4391.20						4393.56943764	4393.72153861	1
1789714500	XAUUSD	M5	4393.43						4393.07797480	4393.39975671	0
1789714800	XAUUSD	M5	4391.39						4392.61620181	4393.00797926	0
1789715100	XAUUSD	M5	4393.69						4392.32559797	4392.66678861	0
1789715400	XAUUSD	M5	4390.48						4392.20728467	4392.43703664	0
1789715700	XAUUSD	M5	4392.77						4392.37854471	4392.40779068	0
1789716000	XAUUSD	M5	4393.40						4392.77911808	4392.59345438	1
1789716300	XAUUSD	M5	4395.67						4393.36438133	4392.97891786	0
1789716600	XAUUSD	M5	4393.28						4394.02333756	4393.50112771	0
1789716900	XAUUSD	M5	4393.81						4394.75523392	4394.12818081	0
1789717200	XAUUSD	M5	4393.72						4395.45713433	4394.79265757	0
1789717500	XAUUSD	M5	4397.32						4396.02192304	4395.40729031	0
1789717800	XAUUSD	M5	4397.16				4399.56000		4396.23296954	4395.82012992	0
1789718100	XAUUSD	M5	4393.36						4395.99668312	4395.90840652	0
1789718400	XAUUSD	M5	4397.56						4395.35060111	4395.62950382	1
1789718700	XAUUSD	M5	4394.92						4394.17482912	4394.90216647	0
1789719000	XAUUSD	M5	4390.44						4392.59963173	4393.75089910	0
1789719300	XAUUSD	M5	4391.69						4390.88500772	4392.31795341	0
1789719600	XAUUSD	M5	4390.00						4389.20547669	4390.76171505	0
1789719900	XAUUSD	M5	4387.88						4387.83169150	4389.29670328	0
1789720200	XAUUSD	M5	4387.75						4387.02687764	4388.16179046	0
1789720500	XAUUSD	M5	4386.72						4386.93579098	4387.54879072	0
1789720800	XAUUSD	M5	4386.82						4387.62827330	4387.58853201	1
1789721100	XAUUSD	M5	4386.84						4389.01659652	4388.30256426	0
1789721400	XAUUSD	M5	4392.03						4390.88764792	4389.59510609	0
1789721700	XAUUSD	M5	4392.24						4392.77624886	4391.18567748	0
1789722000	XAUUSD	M5	4395.02						4394.30730503	4392.74649125	0
1789722300	XAUUSD	M5	4396.18						4395.06031357	4393.90340241	0
1789722600	XAUUSD	M5	4394.49						4394.75899550	4394.33119895	0
1789722900	XAUUSD	M5	4393.13						4393.35744071	4393.84431983	1
1789723200	XAUUSD	M5	4391.37						4390.97225142	4392.40828562	0
1789723500	XAUUSD	M5	4387.97						4387.88574739	4390.14701651	0
1789723800	XAUUSD	M5	4385.75						4384.51768829	4387.33235240	0
1789724100	XAUUSD	M5	4381.36						4381.29923022	4384.31579131	0
1789724400	XAUUSD	M5	4376.75						4378.67748870	4381.49664001	0
1789724700	XAUUSD	M5	4374.73					4373.38000	4376.98741389	4379.24202695	0
1789725000	XAUUSD	M5	4378.18						4376.32054799	4377.78128747	0
1789725300	XAUUSD	M5	4376.55						4376.46429265	4377.12279006	0
1789725600	XAUUSD	M5	4377.02						4377.20830937	4377.16554972	1
1789725900	XAUUSD	M5	4378.96						4378.22861085	4377.69708028	0
1789726200	XAUUSD	M5	4379.07						4379.18979658	4378.44343843	0
1789726500	XAUUSD	M5	4379.65						4379.89892713	4379.17118278	0
1789726800	XAUUSD	M5	4379.96						4380.28028480	4379.72573379	0
1789727100	XAUUSD	M5	4381.46						4380.39359881	4380.05966630	0
1789727400	XAUUSD	M5	4381.22						4380.35747749	4380.20857190	0
1789727700	XAUUSD	M5	4380.84						4380.36240919	4380.28549054	0
1789728000	XAUUSD	M5	4381.39						4380.57092719	4380.42820887	0
1789728300	XAUUSD	M5	4378.86						4381.03764667	4380.73292777	0
1789728600	XAUUSD	M5	4377.51						4381.78455827	4381.25874302	0
1789728900	XAUUSD	M5	4381.79						4382.70328802	4381.98101552	0
1789729200	XAUUSD	M5	4385.43						4383.47357189	4382.72729370	0
1789729500	XAUUSD	M5	4385.85						4383.81028693	4383.26879032	0
1789729800	XAUUSD	M5	4388.22				4388.49000		4383.59676513	4383.43277773	0
1789730100	XAUUSD	M5	4381.62						4382.79309184	4383.11293478	1
1789730400	XAUUSD	M5	4381.64						4381.70552043	4382.40922760	0
1789730700	XAUUSD	M5	4377.72						4380.52599483	4381.46761122	0
1789731000	XAUUSD	M5	4380.38						4379.53495290	4380.50128206	0
1789731300	XAUUSD	M5	4379.43						4378.75891342	4379.63009774	0
1789731600	XAUUSD	M5	4375.88						4378.21762540	4378.92386157	0
1789731900	XAUUSD	M5	4376.35						4377.88475962	4378.40431059	0
1789732200	XAUUSD	M5	4373.09						4377.53574436	4377.97002748	0
1789732500	XAUUSD	M5	4381.32						4376.99662202	4377.48332475	0
1789732800	XAUUSD	M5	4381.07						4375.83964798	4376.66148637	0
1789733100	XAUUSD	M5	4374.96						4373.98042357	4375.32095497	0
1789733400	XAUUSD	M5	4373.44						4371.66027375	4373.49061436	0
1789733700	XAUUSD	M5	4371.39						4369.15300260	4371.32180848	0
1789734000	XAUUSD	M5	4357.08						4366.83949925	4369.08065386	0
1789734300	XAUUSD	M5	4358.33						4365.41481575	4367.24773481	0
1789734600	XAUUSD	M5	4370.75						4365.05310411	4366.15041946	0
1789734900	XAUUSD	M5	4368.70						4365.45934432	4365.80488189	0
1789735200	XAUUSD	M5	4369.17						4366.56681418	4366.18584803	1
1789735500	XAUUSD	M5	4369.00						4368.11601528	4367.15093166	0
1789735800	XAUUSD	M5	4368.30						4369.77948558	4368.46520862	0
1789736100	XAUUSD	M5	4368.91						4371.22167818	4369.84344340	0
1789736400	XAUUSD	M5	4370.75						4372.10578701	4370.97461521	0
1789736700	XAUUSD	M5	4372.64						4372.15831393	4371.56646457	0
1789737000	XAUUSD	M5	4371.41						4371.23781375	4371.40213916	1
1789737300	XAUUSD	M5	4372.13						4369.42295750	4370.41254833	0
1789737600	XAUUSD	M5	4365.30						4366.86012108	4368.63633471	0
1789737900	XAUUSD	M5	4367.15						4363.96592573	4366.30113022	0
1789738200	XAUUSD	M5	4358.60						4360.92811479	4363.61462250	0
1789738500	XAUUSD	M5	4359.14						4358.16525107	4360.88993679	0
1789738800	XAUUSD	M5	4353.50						4355.77216448	4358.33105063	0
1789739100	XAUUSD	M5	4354.44						4353.91402329	4356.12253696	0
1789739400	XAUUSD	M5	4349.84						4352.50709690	4354.31481693	0
1789739700	XAUUSD	M5	4349.44						4351.55950560	4352.93716127	0
1789740000	XAUUSD	M5	4356.02						4350.94987215	4351.94351671	0
1789740300	XAUUSD	M5	4352.23						4350.39789976	4351.17070823	0
1789740600	XAUUSD	M5	4351.54						4349.95802598	4350.56436711	0
1789740900	XAUUSD	M5	4348.19						4349.66619421	4350.11528066	0
1789741200	XAUUSD	M5	4352.33						4349.64856511	4349.88192288	0
1789741500	XAUUSD	M5	4343.01						4349.82640094	4349.85416191	0
1789741800	XAUUSD	M5	4346.94					4342.77000	4350.43831604	4350.14623898	1
1789742100	XAUUSD	M5	4353.19						4351.32122684	4350.73373291	0
1789742400	XAUUSD	M5	4353.60						4352.21446689	4351.47409990	0
1789742700	XAUUSD	M5	4354.91						4353.00883207	4352.24146599	0
1789743000	XAUUSD	M5	4358.16						4353.60765546	4352.92456073	0
1789743300	XAUUSD	M5	4353.07						4353.91560248	4353.42008160	0
1789743600	XAUUSD	M5	4353.78						4354.09135475	4353.75571818	0
1789743900	XAUUSD	M5	4350.35						4354.15682013	4353.95626915	0
1789744200	XAUUSD	M5	4352.18						4354.25223407	4354.10425161	0
1789744500	XAUUSD	M5	4355.50						4354.35592625	4354.23008893	0
1789744800	XAUUSD	M5	4354.25						4354.38386723	4354.30697808	0
1789745100	XAUUSD	M5	4356.24						4354.36853531	4354.33775669	0
1789745400	XAUUSD	M5	4355.84						4354.26917936	4354.30346803	1
1789745700	XAUUSD	M5	4351.33						4354.14200045	4354.22273424	0
1789746000	XAUUSD	M5	4354.88						4354.19124265	4354.20698844	0
1789746300	XAUUSD	M5	4357.10						4354.44544584	4354.32621714	1
1789746600	XAUUSD	M5	4353.40						4355.00022430	4354.66322072	0
1789746900	XAUUSD	M5	4356.71						4356.12638865	4355.39480468	0
1789747200	XAUUSD	M5	4356.82						4357.87704102	4356.63592285	0
1789747500	XAUUSD	M5	4360.12						4360.33339661	4358.48465973	0
1789747800	XAUUSD	M5	4361.85						4363.39628431	4360.94047202	0
1789748100	XAUUSD	M5	4366.19						4366.91425475	4363.92736339	0
1789748400	XAUUSD	M5	4369.29						4370.57959939	4367.25348139	0
1789748700	XAUUSD	M5	4377.67						4374.08644301	4370.66996220	0
1789749000	XAUUSD	M5	4379.81						4377.01322880	4373.84159550	0
1789749300	XAUUSD	M5	4380.32						4379.19833130	4376.51996340	0
1789749600	XAUUSD	M5	4378.06						4380.65890679	4378.58943510	0
1789749900	XAUUSD	M5	4378.96						4381.60266062	4380.09604786	0
1789750200	XAUUSD	M5	4381.45						4382.22989718	4381.16297252	0
1789750500	XAUUSD	M5	4382.85						4382.71636813	4381.93967032	0
1789750800	XAUUSD	M5	4384.40						4383.25226854	4382.59596943	0
1789751100	XAUUSD	M5	4386.46						4383.96038647	4383.27817795	0
1789751400	XAUUSD	M5	4385.46						4384.87924636	4384.07871216	0
1789751700	XAUUSD	M5	4386.07						4386.06304974	4385.07088095	0
1789752000	XAUUSD	M5	4383.86						4387.46334605	4386.26711350	0
1789752300	XAUUSD	M5	4386.93						4389.05930417	4387.66320884	0
1789752600	XAUUSD	M5	4392.85						4390.66267445	4389.16294164	0
1789752900	XAUUSD	M5	4393.56						4392.00493131	4390.58393648	0
1789753200	XAUUSD	M5	4393.18						4392.99126292	4391.78759970	0
1789753500	XAUUSD	M5	4395.28						4393.59903730	4392.69331850	0
1789753800	XAUUSD	M5	4393.28				4396.81000		4393.78622408	4393.23977129	0
1789754100	XAUUSD	M5	4393.15						4393.64463037	4393.44220083	0
1789754400	XAUUSD	M5	4392.42						4393.22396740	4393.33308411	1
1789754700	XAUUSD	M5	4390.38						4392.57505286	4392.95406849	0
1789755000	XAUUSD	M5	4392.15						4391.76332782	4392.35869815	0
1789755300	XAUUSD	M5	4390.59						4390.72923014	4391.54396415	0
1789755600	XAUUSD	M5	4390.01						4389.50423438	4390.52409927	0
1789755900	XAUUSD	M5	4390.64						4388.11594708	4389.32002317	0
1789756200	XAUUSD	M5	4387.87						4386.58983884	4387.95493100	0
1789756500	XAUUSD	M5	4385.11						4385.07931888	4386.51712494	0
1789756800	XAUUSD	M5	4380.94						4383.75877144	4385.13794819	0
1789757100	XAUUSD	M5	4383.13						4382.82288674	4383.98041746	0
1789757400	XAUUSD	M5	4380.45						4382.25444362	4383.11743054	0
1789757700	XAUUSD	M5	4382.17						4382.10441589	4382.61092321	0
1789758000	XAUUSD	M5	4382.11						4382.24086247	4382.42589284	0
1789758300	XAUUSD	M5	4384.66						4382.53434212	4382.48011748	1
1789758600	XAUUSD	M5	4384.31						4382.76704332	4382.62358040	0
1789758900	XAUUSD	M5	4381.95						4382.81646811	4382.72002426	0
1789759200	XAUUSD	M5	4382.59						4382.64913957	4382.68458192	1
1789759500	XAUUSD	M5	4380.55						4382.20742563	4382.44600377	0
1789759800	XAUUSD	M5	4380.12						4381.56449326	4382.00524852	0
1789760100	XAUUSD	M5	4381.59						4380.80310132	4381.40417492	0
1789760400	XAUUSD	M5	4381.45						4379.99086943	4380.69752218	0
1789760700	XAUUSD	M5	4382.16						4379.25647417	4379.97699817	0
1789761000	XAUUSD	M5	4377.11						4378.69771626	4379.33735722	0
1789761300	XAUUSD	M5	4376.88						4378.52472498	4378.93104110	0
1789761600	XAUUSD	M5	4377.80						4378.74791010	4378.83947560	0
1789761900	XAUUSD	M5	4378.53						4379.27075712	4379.05511636	1
1789762200	XAUUSD	M5	4381.57						4379.95204499	4379.50358067	0
1789762500	XAUUSD	M5	4379.73						4380.57362147	4380.03860107	0
1789762800	XAUUSD	M5	4382.71						4381.05761839	4380.54810973	0
1789763100	XAUUSD	M5	4381.08						4381.24265371	4380.89538172	0
1789763400	XAUUSD	M5	4381.98						4381.14144564	4381.01841368	0
1789763700	XAUUSD	M5	4380.04						4380.75877599	4380.88859483	1
1789764000	XAUUSD	M5	4380.93						4380.21384297	4380.55121890	0
1789764300	XAUUSD	M5	4377.94						4379.56529450	4380.05825670	0
1789764600	XAUUSD	M5	4378.31						4378.96966043	4379.51395857	0
1789764900	XAUUSD	M5	4377.99						4378.46064190	4378.98730023	0
1789941600	XAUUSD	M5	4379.57						4378.05633344	4378.52181684	0
1789941900	XAUUSD	M5	4376.73						4377.69933051	4378.11057367	0
1789942200	XAUUSD	M5	4379.50						4377.42870899	4377.76964133	0
1789942500	XAUUSD	M5	4378.04						4377.13215446	4377.45089789	0
1789942800	XAUUSD	M5	4374.96						4376.80804307	4377.12947048	0
1789943100	XAUUSD	M5	4375.90						4376.50250671	4376.81598860	0
1789943400	XAUUSD	M5	4376.00						4376.15500181	4376.48549520	0
1789943700	XAUUSD	M5	4376.50						4375.73431180	4376.10990350	0
1789944000	XAUUSD	M5	4374.50						4375.21793253	4375.66391802	0
1789944300	XAUUSD	M5	4374.35						4374.68325884	4375.17358843	0
1789944600	XAUUSD	M5	4375.43						4374.18544362	4374.67951602	0
1789944900	XAUUSD	M5	4373.70						4373.75625091	4374.21788347	0
1789945200	XAUUSD	M5	4374.02						4373.49690130	4373.85739238	0
1789945500	XAUUSD	M5	4373.35						4373.42404156	4373.64071697	0
1789945800	XAUUSD	M5	4373.00						4373.53907602	4373.58989650	0
1789946100	XAUUSD	M5	4373.57						4373.78846727	4373.68918188	1
1789946400	XAUUSD	M5	4372.91						4374.05576295	4373.87247242	0
1789946700	XAUUSD	M5	4374.31						4374.23933784	4374.05590513	0
1789947000	XAUUSD	M5	4375.28						4374.18371365	4374.11980939	0
1789947300	XAUUSD	M5	4374.84						4373.77729621	4373.94855280	1
1789947600	XAUUSD	M5	4371.13						4373.00035000	4373.47445140	0
1789947900	XAUUSD	M5	4371.83						4371.97873142	4372.72659141	0
1789948200	XAUUSD	M5	4370.92						4370.76502193	4371.74580667	0
1789948500	XAUUSD	M5	4372.75						4369.47671337	4370.61126002	0
1789948800	XAUUSD	M5	4368.26						4368.17043977	4369.39084989	0
1789949100	XAUUSD	M5	4366.89						4367.07041478	4368.23063233	0
1789949400	XAUUSD	M5	4364.32						4366.29337761	4367.26200497	0
1789949700	XAUUSD	M5	4361.11						4365.94191183	4366.60195840	0
1789950000	XAUUSD	M5	4366.00					4358.78000	4366.07548339	4366.33872090	0
1789950300	XAUUSD	M5	4368.00						4366.49486006	4366.41679048	1
1789950600	XAUUSD	M5	4369.69						4367.06499466	4366.74089257	0
1789950900	XAUUSD	M5	4373.72						4367.68319842	4367.21204549	0
1789951200	XAUUSD	M5	4369.16						4368.24424340	4367.72814445	0
1789951500	XAUUSD	M5	4364.94						4368.91562154	4368.32188299	0
1789951800	XAUUSD	M5	4365.68						4369.87917961	4369.10053130	0
1789952100	XAUUSD	M5	4366.69						4371.16063696	4370.13058413	0
1789952400	XAUUSD	M5	4371.57						4372.72572497	4371.42815455	0
1789952700	XAUUSD	M5	4380.24						4374.38327067	4372.90571261	0
1789953000	XAUUSD	M5	4380.62						4375.82807695	4374.36689478	0
1789953300	XAUUSD	M5	4377.71				4383.39000		4376.99539811	4375.68114645	0
1789953600	XAUUSD	M5	4377.70						4377.94346377	4376.81230511	0
1789953900	XAUUSD	M5	4374.94						4378.66473658	4377.73852084	0
1789954200	XAUUSD	M5	4378.48						4379.21311906	4378.47581995	0
1789954500	XAUUSD	M5	4377.59						4379.45061740	4378.96321867	0
1789954800	XAUUSD	M5	4379.34						4379.34066766	4379.15194317	0
1789955100	XAUUSD	M5	4379.34						4378.78293990	4378.96744153	1
1789955400	XAUUSD	M5	4378.53						4377.75236429	4378.35990291	0
1789955700	XAUUSD	M5	4377.41						4376.30033302	4377.33011797	0
1789956000	XAUUSD	M5	4376.36						4374.54372506	4375.93692151	0
1789956300	XAUUSD	M5	4375.66						4372.64262724	4374.28977437	0
1789956600	XAUUSD	M5	4368.92						4370.76782664	4372.52880051	0
1789956900	XAUUSD	M5	4366.46						4369.23018959	4370.87949505	0
1789957200	XAUUSD	M5	4363.70						4368.15569438	4369.51759471	0
1789957500	XAUUSD	M5	4369.61						4367.58518721	4368.55139096	0
1789957800	XAUUSD	M5	4367.76						4367.24272579	4367.89705837	0
1789958100	XAUUSD	M5	4368.45						4367.01911142	4367.45808490	0
1789958400	XAUUSD	M5	4366.45						4366.74239104	4367.10023797	0
1789958700	XAUUSD	M5	4368.65						4366.35293716	4366.72658756	0
1789959000	XAUUSD	M5	4365.35						4365.74836138	4366.23747447	0
1789959300	XAUUSD	M5	4363.89						4365.04011786	4365.63879617	0
1789959600	XAUUSD	M5	4366.89						4364.35260011	4364.99569814	0
1789959900	XAUUSD	M5	4360.80						4363.71577560	4364.35573687	0
1789960200	XAUUSD	M5	4363.18						4363.37560837	4363.86567262	0
1789960500	XAUUSD	M5	4364.01						4363.29651293	4363.58109277	0
1789960800	XAUUSD	M5	4362.09						4363.40413295	4363.49261286	0
1789961100	XAUUSD	M5	4360.26						4363.61941821	4363.55601553	1
1789961400	XAUUSD	M5	4365.43						4363.82488259	4363.69044906	0
1789961700	XAUUSD	M5	4365.78						4363.72505463	4363.70775184	0
1789962000	XAUUSD	M5	4367.37						4363.22941469	4363.46858327	1
1789962300	XAUUSD	M5	4363.16						4362.34118218	4362.90488272	0
1789962600	XAUUSD	M5	4359.35						4361.33259814	4362.11874043	0
1789962900	XAUUSD	M5	4358.97						4360.51263932	4361.31568988	0
1789963200	XAUUSD	M5	4358.12						4360.07048190	4360.69308589	0
1789963500	XAUUSD	M5	4358.34						4360.10913111	4360.40110850	0
1789963800	XAUUSD	M5	4360.01						4360.58322451	4360.49216650	1
1789964100	XAUUSD	M5	4364.20						4361.29328299	4360.89272475	0
1789964400	XAUUSD	M5	4363.93						4361.90810535	4361.40041505	0
1789964700	XAUUSD	M5	4361.54						4362.22185603	4361.81113554	0
1789965000	XAUUSD	M5	4361.53						4362.14210248	4361.97661901	0
1789965300	XAUUSD	M5	4361.27						4361.60697345	4361.79179623	1
1789965600	XAUUSD	M5	4361.78						4360.66361350	4361.22770487	0
1789965900	XAUUSD	M5	4360.43						4359.42982697	4360.32876592	0
1789966200	XAUUSD	M5	4357.24						4358.12040023	4359.22458307	0
1789966500	XAUUSD	M5	4355.85						4356.99975036	4358.11216671	0
1789966800	XAUUSD	M5	4355.60						4356.22780823	4357.16998747	0
1789967100	XAUUSD	M5	4354.94						4355.85261387	4356.51130067	0
1789967400	XAUUSD	M5	4355.89						4355.84077778	4356.17603923	0
1789967700	XAUUSD	M5	4355.08						4356.04521148	4356.11062535	0
1789968000	XAUUSD	M5	4359.90						4356.32237745	4356.21650140	1
1789968300	XAUUSD	M5	4357.57						4356.38808517	4356.30229328	0
1789968600	XAUUSD	M5	4355.31						4356.19955092	4356.25092210	1
1789968900	XAUUSD	M5	4356.66						4355.77012343	4356.01052277	0
1789969200	XAUUSD	M5	4354.55						4355.08210618	4355.54631447	0
1789969500	XAUUSD	M5	4350.48						4354.23833056	4354.89232252	0
1789969800	XAUUSD	M5	4354.26						4353.40701568	4354.14966910	0
1789970100	XAUUSD	M5	4351.03						4352.53984711	4353.34475811	0
1789970400	XAUUSD	M5	4352.11						4351.75838572	4352.55157191	0
1789970700	XAUUSD	M5	4354.60						4351.05076254	4351.80116723	0
1789971000	XAUUSD	M5	4353.05						4350.37035707	4351.08576215	0
1789971300	XAUUSD	M5	4348.64						4349.79282080	4350.43929147	0
1789971600	XAUUSD	M5	4347.30						4349.48661876	4349.96295512	0
1789971900	XAUUSD	M5	4347.16						4349.52818319	4349.74556915	0
1789972200	XAUUSD	M5	4349.73						4349.92244690	4349.83400803	1
1789972500	XAUUSD	M5	4351.36						4350.56760958	4350.20080880	0
1789972800	XAUUSD	M5	4351.83						4351.35258159	4350.77669519	0
1789973100	XAUUSD	M5	4354.17						4352.18310020	4351.47989770	0
1789973400	XAUUSD	M5	4352.42						4352.91457692	4352.19723731	0
1789973700	XAUUSD	M5	4353.17						4353.52100691	4352.85912211	0
1789974000	XAUUSD	M5	4355.13						4353.92015577	4353.38963894	0
1789974300	XAUUSD	M5	4352.56						4354.00766880	4353.69865387	0
1789974600	XAUUSD	M5	4353.04						4353.80981000	4353.75423193	0
1789974900	XAUUSD	M5	4353.77						4353.29123265	4353.52273229	1
1789975200	XAUUSD	M5	4351.52						4352.44153274	4352.98213252	0
1789975500	XAUUSD	M5	4350.65						4351.36360466	4352.17286859	0
1789975800	XAUUSD	M5	4352.39						4350.16043594	4351.16665226	0
1789976100	XAUUSD	M5	4350.07						4348.89476979	4350.03071103	0
1789976400	XAUUSD	M5	4346.91					4341.97000	4347.76739578	4348.89905340	0
1789976700	XAUUSD	M5	4346.69						4347.00083728	4347.94994534	0
1789977000	XAUUSD	M5	4348.13						4346.71469772	4347.33232153	0
1789977300	XAUUSD	M5	4344.40						4346.93151762	4347.13191958	0
1789977600	XAUUSD	M5	4348.63						4347.74676664	4347.43934311	1
1789977900	XAUUSD	M5	4346.70						4348.97123642	4348.20528977	0
1789978200	XAUUSD	M5	4350.57						4350.51694858	4349.36111917	0
1789978500	XAUUSD	M5	4353.96						4352.10840501	4350.73476209	0
1789978800	XAUUSD	M5	4354.96						4353.49022465	4352.11249337	0
1789979100	XAUUSD	M5	4353.16						4354.51380619	4353.31314978	0
1789979400	XAUUSD	M5	4354.94						4355.17786054	4354.24550516	0
1789979700	XAUUSD	M5	4355.53						4355.44307468	4354.84428992	0
1789980000	XAUUSD	M5	4357.50				4357.68000		4355.34875645	4355.09652319	0
1789980300	XAUUSD	M5	4355.95						4354.92948380	4355.01300349	1
1789980600	XAUUSD	M5	4351.20						4354.31325293	4354.66312821	0
1789980900	XAUUSD	M5	4353.18						4353.68402359	4354.17357590	0
1789981200	XAUUSD	M5	4350.20						4352.98942204	4353.58149897	0
1789981500	XAUUSD	M5	4353.02						4352.25383362	4352.91766630	0
1789981800	XAUUSD	M5	4353.81						4351.32621287	4352.12193958	0
1789982100	XAUUSD	M5	4351.74						4350.13430987	4351.12812472	0
1789982400	XAUUSD	M5	4350.80						4348.74785612	4349.93799042	0
1789982700	XAUUSD	M5	4346.56						4347.28501868	4348.61150455	0
1789983000	XAUUSD	M5	4342.24						4346.01103131	4347.31126793	0
1789983300	XAUUSD	M5	4344.23					4340.11000	4345.20614144	4346.25870469	0
1789983600	XAUUSD	M5	4347.61						4344.95139192	4345.60504830	0
1789983900	XAUUSD	M5	4343.99						4345.21927559	4345.41216195	0
1789984200	XAUUSD	M5	4347.11						4346.08735164	4345.74975679	1
1789984500	XAUUSD	M5	4345.61						4347.37283741	4346.56129710	0
1789984800	XAUUSD	M5	4349.29						4348.92845171	4347.74487440	0
1789985100	XAUUSD	M5	4350.50						4350.42281121	4349.08384281	0
1789985400	XAUUSD	M5	4353.41						4351.59943838	4350.34164060	0
1789985700	XAUUSD	M5	4352.92						4352.21202024	4351.27683042	0
1789986000	XAUUSD	M5	4351.26						4352.20305006	4351.73994024	0
1789986300	XAUUSD	M5	4350.89						4351.64027595	4351.69010809	1
1789986600	XAUUSD	M5	4350.69						4350.64045863	4351.16528336	0
1789986900	XAUUSD	M5	4348.50						4349.36527481	4350.26527908	0
1789987200	XAUUSD	M5	4348.39						4348.05061053	4349.15794481	0
1789987500	XAUUSD	M5	4348.06						4346.86948644	4348.01371562	0
1789987800	XAUUSD	M5	4347.55						4345.97873820	4346.99622691	0
1789988100	XAUUSD	M5	4342.71						4345.51760056	4346.25691374	0
1789988400	XAUUSD	M5	4344.89						4345.71327071	4345.98509223	0
1789988700	XAUUSD	M5	4345.84						4346.57750180	4346.28129701	1
1789989000	XAUUSD	M5	4348.27						4348.11284930	4347.19707316	0
1789989300	XAUUSD	M5	4355.06						4350.25139857	4348.72423587	0
1789989600	XAUUSD	M5	4352.56						4352.78467792	4350.75445689	0
1789989900	XAUUSD	M5	4353.70						4355.73319661	4353.24382675	0
1789990200	XAUUSD	M5	4357.86						4358.97429699	4356.10906187	0
1789990500	XAUUSD	M5	4360.90						4362.25888683	4359.18397435	0
1789990800	XAUUSD	M5	4366.53						4365.29820415	4362.24108925	0
1789991100	XAUUSD	M5	4367.04						4367.72197169	4364.98153047	0
1789991400	XAUUSD	M5	4370.70						4369.32865183	4367.15509115	0
1789991700	XAUUSD	M5	4369.13						4369.91013636	4368.53261376	0
1789992000	XAUUSD	M5	4370.40						4369.49389924	4369.01325650	0
1789992300	XAUUSD	M5	4367.33				4374.81000		4368.14585109	4368.57955380	1
1789992600	XAUUSD	M5	4369.28						4366.13917415	4367.35936397	0
1789992900	XAUUSD	M5	4367.34						4363.68438599	4365.52187498	0
1789993200	XAUUSD	M5	4355.07						4361.13028027	4363.32607762	0
1789993500	XAUUSD	M5	4355.48						4359.06664494	4361.19636128	0
1789993800	XAUUSD	M5	4357.57						4357.67047450	4359.43341789	0
1789994100	XAUUSD	M5	4356.98						4356.95381112	4358.19361451	0
1789994400	XAUUSD	M5	4362.95						4356.91199256	4357.55280353	0
1789994700	XAUUSD	M5	4357.68						4357.30996341	4357.43138347	0
1789995000	XAUUSD	M5	4356.86						4358.17785381	4357.80461864	1
1789995300	XAUUSD	M5	4359.75						4359.39419605	4358.59940735	0
1789995600	XAUUSD	M5	4357.49						4360.70391288	4359.65166011	0
1789995900	XAUUSD	M5	4361.92						4361.95818797	4360.80492404	0
1789996200	XAUUSD	M5	4363.10						4362.82805065	4361.81648734	0
1789996500	XAUUSD	M5	4362.56						4363.08010261	4362.44829497	0
1789996800	XAUUSD	M5	4365.37						4362.57270966	4362.51050232	0
1789997100	XAUUSD	M5	4364.14						4361.14660671	4361.82855451	1
1789997400	XAUUSD	M5	4353.30						4358.84411659	4360.33633555	0
1789997700	XAUUSD	M5	4354.02						4356.04297061	4358.18965308	0
1789998000	XAUUSD	M5	4353.08						4352.86033507	4355.52499407	0
1789998300	XAUUSD	M5	4355.65						4349.48548312	4352.50523860	0
1789998600	XAUUSD	M5	4348.51						4346.02360399	4349.26442129	0
1789998900	XAUUSD	M5	4346.05						4342.84318688	4346.05380409	0
1789999200	XAUUSD	M5	4327.07						4340.13964611	4343.09672510	0
1789999500	XAUUSD	M5	4336.94					4322.79000	4338.44150315	4340.76911413	0
1789999800	XAUUSD	M5	4340.16						4337.38689957	4339.07800685	0
1790000100	XAUUSD	M5	4337.60						4336.71415662	4337.89608173	0
1790000400	XAUUSD	M5	4337.41						4336.31484429	4337.10546301	0
1790000700	XAUUSD	M5	4341.46						4336.08220445	4336.59383373	0
1790001000	XAUUSD	M5	4336.11						4335.89948792	4336.24666083	0
1790001300	XAUUSD	M5	4335.04						4335.99995325	4336.12330704	0
1790001600	XAUUSD	M5	4332.07						4336.56358107	4336.34344406	1
1790001900	XAUUSD	M5	4336.37						4337.80536884	4337.07440645	0
1790002200	XAUUSD	M5	4341.91						4339.67657675	4338.37549160	0
1790002500	XAUUSD	M5	4338.79						4341.98571102	4340.18060131	0
1790002800	XAUUSD	M5	4346.33						4344.65014046	4342.41537088	0
1790003100	XAUUSD	M5	4350.09						4347.22840915	4344.82189002	0
1790003400	XAUUSD	M5	4349.32						4349.36582159	4347.09385581	0
1790003700	XAUUSD	M5	4349.92						4350.87878974	4348.98632277	0
1790004000	XAUUSD	M5	4351.27						4351.66246266	4350.32439272	0
1790004300	XAUUSD	M5	4350.84						4351.71964607	4351.02201939	0
1790004600	XAUUSD	M5	4354.00						4351.23277011	4351.12739475	0
1790004900	XAUUSD	M5	4350.18						4350.38767797	4350.75753636	1
1790005200	XAUUSD	M5	4349.86						4349.59043002	4350.17398319	0
1790005500	XAUUSD	M5	4348.23						4349.12081716	4349.64740017	0
1790005800	XAUUSD	M5	4347.95						4349.18058508	4349.41399263	0
1790006100	XAUUSD	M5	4347.94						4349.78374628	4349.59886945	1
1790006400	XAUUSD	M5	4350.42						4350.78499577	4350.19193261	0
1790006700	XAUUSD	M5	4354.27						4351.86595054	4351.02894157	0
1790007000	XAUUSD	M5	4351.61						4352.63246823	4351.83070490	0
1790007300	XAUUSD	M5	4356.60				4356.95000		4352.91296739	4352.37183615	0
1790007600	XAUUSD	M5	4350.75						4352.44851840	4352.41017727	0
1790007900	XAUUSD	M5	4350.74						4351.42072992	4351.91545360	1
1790008200	XAUUSD	M5	4351.28						4349.97817899	4350.94681629	0
1790008500	XAUUSD	M5	4349.39						4348.33404506	4349.64043067	0
1790008800	XAUUSD	M5	4343.86						4346.75484727	4348.19763897	0
1790009100	XAUUSD	M5	4345.96						4345.55518577	4346.87641237	0
1790009400	XAUUSD	M5	4344.14						4344.74788260	4345.81214749	0
1790009700	XAUUSD	M5	4343.31						4344.33227282	4345.07221015	0
1790010000	XAUUSD	M5	4343.92						4344.18466477	4344.62843746	0
1790010300	XAUUSD	M5	4345.56						4344.10250658	4344.36547202	0
1790010600	XAUUSD	M5	4346.01						4343.86977608	4344.11762405	0
1790010900	XAUUSD	M5	4342.15						4343.37858118	4343.74810261	0
1790011200	XAUUSD	M5	4342.33						4342.73061858	4343.23936060	0
1790011500	XAUUSD	M5	4345.71						4342.01297468	4342.62616764	0
1790011800	XAUUSD	M5	4338.78						4341.30455831	4341.96536297	0
1790012100	XAUUSD	M5	4338.57					4337.53000	4340.97837114	4341.47186706	0
1790012400	XAUUSD	M5	4340.66						4341.19749071	4341.33467888	0
1790012700	XAUUSD	M5	4343.01						4341.98298567	4341.65883228	1
1790013000	XAUUSD	M5	4343.92						4343.25086349	4342.45484788	0
1790013300	XAUUSD	M5	4344.47						4344.86710029	4343.66097409	0
1790013600	XAUUSD	M5	4345.68						4346.64530494	4345.15313951	0
1790013900	XAUUSD	M5	4350.52						4348.35208743	4346.75261347	0
1790014200	XAUUSD	M5	4349.94						4349.67539675	4348.21400511	0
1790014500	XAUUSD	M5	4350.65						4350.49794736	4349.35597623	0
1790014800	XAUUSD	M5	4350.31						4350.74635894	4350.05116759	0
1790015100	XAUUSD	M5	4350.26						4350.44928589	4350.25022674	0
1790015400	XAUUSD	M5	4349.29						4349.69483872	4349.97253273	1
1790015700	XAUUSD	M5	4347.18						4348.63983188	4349.30618230	0
1790016000	XAUUSD	M5	4346.96						4347.49480760	4348.40049495	0
1790016300	XAUUSD	M5	4347.62						4346.42390853	4347.41220174	0
1790016600	XAUUSD	M5	4347.27						4345.54448055	4346.47834114	0
1790016900	XAUUSD	M5	4346.06						4344.97821795	4345.72827955	0
1790017200	XAUUSD	M5	4343.32						4344.82406619	4345.27617287	0
1790017500	XAUUSD	M5	4345.62						4345.16312011	4345.21964649	0
1790017800	XAUUSD	M5	4345.56						4345.87738199	4345.54851424	1
1790018100	XAUUSD	M5	4345.04						4346.85078610	4346.19965017	0
1790018400	XAUUSD	M5	4346.10						4347.92695533	4347.06330275	0
1790018700	XAUUSD	M5	4348.94						4348.89172935	4347.97751605	0
1790019000	XAUUSD	M5	4352.33						4349.50017320	4348.73884462	0
1790019300	XAUUSD	M5	4353.01				4353.75000		4349.54405688	4349.14145075	0
1790019600	XAUUSD	M5	4347.98						4348.97433508	4349.05789292	1
1790019900	XAUUSD	M5	4345.93						4347.97981984	4348.51885638	0
1790020200	XAUUSD	M5	4346.25						4346.71928636	4347.61907137	0
1790020500	XAUUSD	M5	4345.11						4345.30297067	4346.46102102	0
1790020800	XAUUSD	M5	4342.82						4343.87258888	4345.16680495	0
1790021100	XAUUSD	M5	4343.51						4342.58714616	4343.87697556	0
1790021400	XAUUSD	M5	4341.50						4341.49305542	4342.68501549	0
1790021700	XAUUSD	M5	4340.68						4340.68529599	4341.68515574	0
1790022000	XAUUSD	M5	4340.61						4340.21593601	4340.95054588	0
1790022300	XAUUSD	M5	4340.59						4340.10746005	4340.52900297	0
1790022600	XAUUSD	M5	4340.52					4339.26000	4340.36575087	4340.44737692	0
1790022900	XAUUSD	M5	4341.81						4340.97921986	4340.71329839	1
1790023200	XAUUSD	M5	4341.95						4341.88146389	4341.29738114	0
1790023500	XAUUSD	M5	4341.52						4343.02469465	4342.16103789	0
1790023800	XAUUSD	M5	4343.64						4344.36066234	4343.26085012	0
1790024100	XAUUSD	M5	4343.67						4345.75446710	4344.50765861	0
1790028000	XAUUSD	M5	4347.97						4347.12908320	4345.81837091	0
1790028300	XAUUSD	M5	4349.37						4348.32397784	4347.07117437	0
1790028600	XAUUSD	M5	4349.58						4349.31776452	4348.19446945	0
1790028900	XAUUSD	M5	4352.42						4350.17927274	4349.18687110	0
1790029200	XAUUSD	M5	4352.08						4350.96874495	4350.07780802	0
1790029500	XAUUSD	M5	4352.24						4351.86251563	4350.97016182	0
1790029800	XAUUSD	M5	4351.55						4353.01388642	4351.99202412	0
1790030100	XAUUSD	M5	4352.15						4354.53223689	4353.26213051	0
1790030400	XAUUSD	M5	4352.86						4356.38713410	4354.82463231	0
1790030700	XAUUSD	M5	4359.65						4358.43459384	4356.62961307	0
1790031000	XAUUSD	M5	4362.48						4360.28580248	4358.45770778	0
1790031300	XAUUSD	M5	4361.02						4361.64987777	4360.05379277	0
1790031600	XAUUSD	M5	4365.46						4362.42150659	4361.23764968	0
1790031900	XAUUSD	M5	4364.27						4362.47612383	4361.85688676	0
1790032200	XAUUSD	M5	4359.84						4361.99954689	4361.92821683	0
1790032500	XAUUSD	M5	4361.48						4361.40322095	4361.66571889	1
1790032800	XAUUSD	M5	4360.03						4360.99250863	4361.32911376	0
1790033100	XAUUSD	M5	4360.10						4361.11961155	4361.22436265	0
1790033400	XAUUSD	M5	4360.21						4361.98057951	4361.60247108	1
1790033700	XAUUSD	M5	4365.08						4363.59092520	4362.59669814	0
1790034000	XAUUSD	M5	4368.51						4365.65595490	4364.12632652	0
1790034300	XAUUSD	M5	4367.77						4367.77016418	4365.94824535	0
1790034600	XAUUSD	M5	4365.69						4369.56393888	4367.75609211	0
1790034900	XAUUSD	M5	4368.75						4370.70932485	4369.23270848	0
1790035200	XAUUSD	M5	4372.59				4376.09000		4370.83490422	4370.03380635	0
1790035500	XAUUSD	M5	4374.01						4369.72063337	4369.87721986	1
1790035800	XAUUSD	M5	4370.18						4367.43479967	4368.65600976	0
1790036100	XAUUSD	M5	4360.86						4364.39147622	4366.52374299	0
1790036400	XAUUSD	M5	4361.16						4361.26551474	4363.89462887	0
1790036700	XAUUSD	M5	4358.36						4358.47283834	4361.18373361	0
1790037000	XAUUSD	M5	4357.39						4356.40563566	4358.79468463	0
1790037300	XAUUSD	M5	4349.45						4355.24506748	4357.01987605	0
1790037600	XAUUSD	M5	4355.36						4355.16409912	4356.09198759	0
1790037900	XAUUSD	M5	4356.23						4355.79025719	4355.94112239	0
1790038200	XAUUSD	M5	4358.56						4356.78159149	4356.36135694	1
1790038500	XAUUSD	M5	4360.16						4357.75040154	4357.05587924	0
1790038800	XAUUSD	M5	4361.38						4358.39189306	4357.72388615	0
1790039100	XAUUSD	M5	4360.34						4358.52185211	4358.12286913	0
1790039400	XAUUSD	M5	4353.64						4358.12791475	4358.12539194	0
1790039700	XAUUSD	M5	4353.93						4357.42645505	4357.77592349	1
1790040000	XAUUSD	M5	4355.36						4356.46658557	4357.12125453	0
1790040300	XAUUSD	M5	4355.86						4355.26205824	4356.19165639	0
1790040600	XAUUSD	M5	4355.65						4353.83752401	4355.01459020	0
1790040900	XAUUSD	M5	4355.23						4352.23622562	4353.62540791	0
1790041200	XAUUSD	M5	4349.32						4350.52563135	4352.07551963	0
1790041500	XAUUSD	M5	4346.12						4348.94418911	4350.50985437	0
1790041800	XAUUSD	M5	4348.15						4347.67005537	4349.08995487	0
1790042100	XAUUSD	M5	4348.43						4346.74090794	4347.91543141	0
1790042400	XAUUSD	M5	4352.42						4346.22579081	4347.07061111	0
1790042700	XAUUSD	M5	4343.27						4346.06474961	4346.56768036	0
1790043000	XAUUSD	M5	4342.41						4346.47935587	4346.52351811	0
1790043300	XAUUSD	M5	4343.15						4347.37990079	4346.95170945	1
1790043600	XAUUSD	M5	4347.36						4348.52901724	4347.74036335	0
1790043900	XAUUSD	M5	4351.53						4349.52925422	4348.63480878	0
1790044200	XAUUSD	M5	4354.87						4349.99426225	4349.31453551	0
1790044500	XAUUSD	M5	4353.13						4349.66010227	4349.48731889	0
1790044800	XAUUSD	M5	4347.02						4348.56257065	4349.02494477	1
1790045100	XAUUSD	M5	4346.33						4347.01882569	4348.02188523	0
1790045400	XAUUSD	M5	4342.23						4345.32250416	4346.67219469	0
1790045700	XAUUSD	M5	4344.67						4343.88300188	4345.27759829	0
1790046000	XAUUSD	M5	4342.24						4342.88299573	4344.08029701	0
1790046300	XAUUSD	M5	4340.04						4342.52457962	4343.30243831	0
1790046600	XAUUSD	M5	4345.40						4342.85629442	4343.07936637	0
1790046900	XAUUSD	M5	4344.45						4343.57863707	4343.32900172	1
1790047200	XAUUSD	M5	4342.84						4344.46174124	4343.89537148	0
1790047500	XAUUSD	M5	4346.15						4345.27449180	4344.58493164	0
1790047800	XAUUSD	M5	4346.97						4345.69166683	4345.13829924	0
1790048100	XAUUSD	M5	4347.27						4345.54440287	4345.34135105	0
1790048400	XAUUSD	M5	4342.84						4344.78890292	4345.06512699	1
1790048700	XAUUSD	M5	4343.55						4343.60895429	4344.33704064	0
1790049000	XAUUSD	M5	4341.25						4342.11672257	4343.22688160	0
1790049300	XAUUSD	M5	4341.67						4340.52885968	4341.87787064	0
1790049600	XAUUSD	M5	4336.81						4338.98965759	4340.43376411	0
1790049900	XAUUSD	M5	4336.73						4337.75906819	4339.09641615	0
1790050200	XAUUSD	M5	4338.24						4336.93517158	4338.01579387	0
1790050500	XAUUSD	M5	4336.75						4336.53657739	4337.27618563	0
1790050800	XAUUSD	M5	4339.00						4336.63088406	4336.95353484	0
1790051100	XAUUSD	M5	4337.53						4337.15997748	4337.05675616	1
1790051400	XAUUSD	M5	4336.77						4338.13210102	4337.59442859	0
1790051700	XAUUSD	M5	4340.84						4339.48650779	4338.54046819	0
1790052000	XAUUSD	M5	4340.25						4340.98046092	4339.76046455	0
1790052300	XAUUSD	M5	4340.16						4342.43183718	4341.09615087	0
1790052600	XAUUSD	M5	4342.74						4343.60473197	4342.35044142	0
1790052900	XAUUSD	M5	4342.85						4344.18342685	4343.26693413	0
1790053200	XAUUSD	M5	4343.24						4343.96302599	4343.61498006	0
1790053500	XAUUSD	M5	4346.01						4342.82060063	4343.21779035	1
1790053800	XAUUSD	M5	4346.25				4347.32000		4340.69395753	4341.95587394	0
1790054100	XAUUSD	M5	4338.89						4337.73224736	4339.84406065	0
1790054400	XAUUSD	M5	4329.96						4334.39005300	4337.11705682	0
1790054700	XAUUSD	M5	4332.04						4331.20050870	4334.15878276	0
1790055000	XAUUSD	M5	4325.61						4328.34668080	4331.25273178	0
1790055300	XAUUSD	M5	4322.71						4326.12820849	4328.69047014	0
1790055600	XAUUSD	M5	4320.63						4324.61359114	4326.65203064	0
1790055900	XAUUSD	M5	4329.95						4323.72162460	4325.18682762	0
1790056200	XAUUSD	M5	4328.09						4322.99048660	4324.08865711	0
1790056500	XAUUSD	M5	4323.61						4322.25304421	4323.17085066	0
1790056800	XAUUSD	M5	4318.77						4321.46555811	4322.31820439	0
1790057100	XAUUSD	M5	4319.01						4320.67000560	4321.49410499	0
1790057400	XAUUSD	M5	4319.60						4319.83167059	4320.66288779	0
1790057700	XAUUSD	M5	4317.32						4318.96915214	4319.81601997	0
1790058000	XAUUSD	M5	4317.71						4318.22263221	4319.01932609	0
1790058300	XAUUSD	M5	4318.23						4317.68346476	4318.35139542	0
1790058600	XAUUSD	M5	4318.56						4317.43162398	4317.89150970	0
1790058900	XAUUSD	M5	4316.68						4317.52137597	4317.70644284	0
1790059200	XAUUSD	M5	4320.27						4317.99158897	4317.84901591	1
1790059500	XAUUSD	M5	4320.92						4318.66212597	4318.25557094	0
1790059800	XAUUSD	M5	4317.25						4319.37973788	4318.81765441	0
1790060100	XAUUSD	M5	4318.72						4320.07568571	4319.44667006	0
1790060400	XAUUSD	M5	4318.24						4320.55184657	4319.99925832	0
1790060700	XAUUSD	M5	4320.23						4320.68491745	4320.34208788	0
1790061000	XAUUSD	M5	4320.34						4320.33761738	4320.33985263	1
1790061300	XAUUSD	M5	4322.61						4319.48563290	4319.91274276	0
1790061600	XAUUSD	M5	4321.75						4318.11133373	4319.01203824	0
1790061900	XAUUSD	M5	4315.42						4316.32048160	4317.66625992	0
1790062200	XAUUSD	M5	4311.47						4314.37772002	4316.02198997	0
1790062500	XAUUSD	M5	4312.99						4312.45432581	4314.23815789	0
1790062800	XAUUSD	M5	4310.80						4310.52626436	4312.38221113	0
1790063100	XAUUSD	M5	4309.33						4308.63011736	4310.50616424	0
1790063400	XAUUSD	M5	4302.00						4306.77530144	4308.64073284	0
1790063700	XAUUSD	M5	4301.14						4305.14027018	4306.89050151	0
1790064000	XAUUSD	M5	4305.20						4303.76510505	4305.32780328	0
1790064300	XAUUSD	M5	4310.98						4302.63707224	4303.98243776	0
1790064600	XAUUSD	M5	4303.66						4301.79323367	4302.88783572	0
1790064900	XAUUSD	M5	4303.83						4301.70117146	4302.29450359	0
1790065200	XAUUSD	M5	4303.32						4302.63210842	4302.46330601	1
1790065500	XAUUSD	M5	4300.90						4304.78200875	4303.62265738	0
1790065800	XAUUSD	M5	4297.30					4291.56000	4308.20775200	4305.91520469	0
1790066100	XAUUSD	M5	4310.65						4312.73678060	4309.32599264	0
1790066400	XAUUSD	M5	4320.24						4317.50698122	4313.41648693	0
1790066700	XAUUSD	M5	4325.17						4321.63147088	4317.52397891	0
1790067000	XAUUSD	M5	4331.75						4324.41195677	4320.96796784	0
1790067300	XAUUSD	M5	4330.18						4325.33208895	4323.15002840	0
1790067600	XAUUSD	M5	4318.24						4324.43105437	4323.79054138	0
1790067900	XAUUSD	M5	4319.37						4322.36289314	4323.07671726	1
1790068200	XAUUSD	M5	4318.34						4319.67613201	4321.37642464	0
1790068500	XAUUSD	M5	4317.27						4317.07950117	4319.22796290	0
1790068800	XAUUSD	M5	4318.20						4315.24993206	4317.23894748	0
1790069100	XAUUSD	M5	4314.55						4314.64745383	4315.94320066	0
1790069400	XAUUSD	M5	4314.39						4315.58041896	4315.76180981	0
1790069700	XAUUSD	M5	4315.97						4317.96163664	4316.86172322	1
1790070000	XAUUSD	M5	4320.19						4321.39070169	4319.12621246	0
1790070300	XAUUSD	M5	4322.34						4325.22936539	4322.17778892	0
1790070600	XAUUSD	M5	4332.30						4328.86734908	4325.52256900	0
1790070900	XAUUSD	M5	4336.39						4331.60488969	4328.56372935	0
1790071200	XAUUSD	M5	4336.35				4338.01000		4333.13824058	4330.85098496	0
1790071500	XAUUSD	M5	4332.78						4333.53147567	4332.19123032	0
1790071800	XAUUSD	M5	4330.57						4333.14140941	4332.66631986	0
1790072100	XAUUSD	M5	4329.85						4332.37231076	4332.51931531	1
1790072400	XAUUSD	M5	4329.74						4331.53243878	4332.02587705	0
1790072700	XAUUSD	M5	4329.67						4330.77179701	4331.39883703	0
1790073000	XAUUSD	M5	4328.57						4330.06518778	4330.73201240	0
1790073300	XAUUSD	M5	4331.19						4329.27508890	4330.00355065	0
1790073600	XAUUSD	M5	4330.84						4328.11564244	4329.05959655	0
1790073900	XAUUSD	M5	4327.39						4326.43416243	4327.74687949	0
1790074200	XAUUSD	M5	4327.88						4324.27765303	4326.01226626	0
1790074500	XAUUSD	M5	4321.81						4321.73389501	4323.87308064	0
1790074800	XAUUSD	M5	4318.96						4319.17326775	4321.52317419	0
1790075100	XAUUSD	M5	4310.33					4309.09000	4316.91605893	4319.21961656	0
1790075400	XAUUSD	M5	4315.12						4315.37871341	4317.29916499	0
1790075700	XAUUSD	M5	4312.77						4314.51318896	4315.90617697	0
1790076000	XAUUSD	M5	4316.46						4314.35033512	4315.12825605	0
1790076300	XAUUSD	M5	4317.75						4314.68359141	4314.90592373	0
1790076600	XAUUSD	M5	4314.00						4315.33648189	4315.12120281	1
1790076900	XAUUSD	M5	4316.70						4316.28639684	4315.70379983	0
1790077200	XAUUSD	M5	4317.62						4317.37677040	4316.54028511	0
1790077500	XAUUSD	M5	4320.29						4318.56602540	4317.55315526	0
1790077800	XAUUSD	M5	4318.08						4319.84809048	4318.70062287	0
1790078100	XAUUSD	M5	4322.63						4321.38813616	4320.04437952	0
1790078400	XAUUSD	M5	4325.17						4323.18261290	4321.61349621	0
1790078700	XAUUSD	M5	4321.01						4325.23836205	4323.42592913	0
1790079000	XAUUSD	M5	4323.98						4327.66108901	4325.54350907	0
1790079300	XAUUSD	M5	4327.13						4330.27273691	4327.90812299	0
1790079600	XAUUSD	M5	4338.98						4332.80364051	4330.35588175	0
1790079900	XAUUSD	M5	4336.96						4334.74166952	4332.54877563	0
1790080200	XAUUSD	M5	4339.60				4343.98000		4336.01735970	4334.28306767	0
1790080500	XAUUSD	M5	4338.77						4336.56438328	4335.42372547	0
1790080800	XAUUSD	M5	4332.06						4336.52989444	4335.97680996	0
1790081100	XAUUSD	M5	4332.83						4336.29591259	4336.13636128	0
1790081400	XAUUSD	M5	4334.76						4336.04727804	4336.09181966	1
1790081700	XAUUSD	M5	4333.90						4335.88168505	4335.98675236	0
1790082000	XAUUSD	M5	4336.11						4335.88833947	4335.93754591	0
1790082300	XAUUSD	M5	4339.62						4335.98775188	4335.96264890	1
1790082600	XAUUSD	M5	4340.38						4336.00991441	4335.98628165	0
1790082900	XAUUSD	M5	4337.75						4335.85647559	4335.92137862	1
1790083200	XAUUSD	M5	4332.86						4335.55942482	4335.74040172	0
1790083500	XAUUSD	M5	4330.55						4335.25206742	4335.49623457	0
1790083800	XAUUSD	M5	4334.13						4335.02785171	4335.26204314	0
1790084100	XAUUSD	M5	4331.31						4334.82954880	4335.04579597	0
1790084400	XAUUSD	M5	4340.72						4334.74950244	4334.89764921	0
1790084700	XAUUSD	M5	4339.95						4334.51944152	4334.70854537	0
1790085000	XAUUSD	M5	4332.16						4334.11791345	4334.41322941	0
1790085300	XAUUSD	M5	4333.41						4333.68090680	4334.04706811	0
1790085600	XAUUSD	M5	4328.59						4333.07479694	4333.56093252	0
1790085900	XAUUSD	M5	4329.42						4332.30615655	4332.93354454	0
1790086200	XAUUSD	M5	4333.65						4331.24807395	4332.09080924	0
1790086500	XAUUSD	M5	4328.80						4329.75177234	4330.92129079	0
1790086800	XAUUSD	M5	4332.02						4328.01635081	4329.46882080	0
1790087100	XAUUSD	M5	4327.91						4326.15566311	4327.81224195	0
1790087400	XAUUSD	M5	4325.10						4324.55710059	4326.18467127	0
1790087700	XAUUSD	M5	4324.55						4323.59226313	4324.88846720	0
1790088000	XAUUSD	M5	4319.99					4315.05000	4323.50472317	4324.19659519	0
1790088300	XAUUSD	M5	4322.09						4324.49365303	4324.34512411	1
1790088600	XAUUSD	M5	4325.13						4326.39961007	4325.37236709	0
1790088900	XAUUSD	M5	4328.09						4328.86782052	4327.12009380	0
1790089200	XAUUSD	M5	4330.77						4331.45223276	4329.28616328	0
1790089500	XAUUSD	M5	4338.24						4333.70374129	4331.49495229	0
1790089800	XAUUSD	M5	4336.11						4335.12707373	4333.31101301	0
1790090100	XAUUSD	M5	4337.27						4335.62963099	4334.47032200	0
1790090400	XAUUSD	M5	4337.04						4335.19449831	4334.83241016	0
1790090700	XAUUSD	M5	4332.20						4333.98150158	4334.40695587	1
1790091000	XAUUSD	M5	4329.91						4332.37053134	4333.38874361	0
1790091300	XAUUSD	M5	4328.83						4330.68819370	4332.03846865	0
1790091600	XAUUSD	M5	4327.87						4329.17106429	4330.60476647	0
1790091900	XAUUSD	M5	4326.36						4327.96407642	4329.28442145	0
1790092200	XAUUSD	M5	4328.86						4327.12649662	4328.20545903	0
1790092500	XAUUSD	M5	4331.14						4326.53669018	4327.37107461	0
1790092800	XAUUSD	M5	4327.12						4326.05254299	4326.71180880	0
1790093100	XAUUSD	M5	4324.71						4325.72592912	4326.21886896	0
1790093400	XAUUSD	M5	4323.77						4325.62450207	4325.92168551	0
1790093700	XAUUSD	M5	4326.47						4325.82379047	4325.87273799	0
1790094000	XAUUSD	M5	4325.65						4326.34421184	4326.10847492	1
1790094300	XAUUSD	M5	4326.75						4327.31119916	4326.70983704	0
1790094600	XAUUSD	M5	4328.69						4328.75433032	4327.73208368	0
1790094900	XAUUSD	M5	4328.75						4330.60691597	4329.16949983	0
1790095200	XAUUSD	M5	4332.12						4332.75342130	4330.96146056	0
1790095500	XAUUSD	M5	4339.75						4334.90979848	4332.93562952	0
1790095800	XAUUSD	M5	4337.38						4336.65731126	4334.79647039	0
1790096100	XAUUSD	M5	4336.29						4337.87494838	4336.33570939	0
1790096400	XAUUSD	M5	4337.15						4338.49462661	4337.41516800	0
1790096700	XAUUSD	M5	4337.67						4338.49874748	4337.95695774	0
1790097000	XAUUSD	M5	4338.03						4338.00527564	4337.98111669	0
1790097300	XAUUSD	M5	4337.66						4337.25144534	4337.61628102	1
1790097600	XAUUSD	M5	4336.58						4336.56525097	4337.09076599	0
1790097900	XAUUSD	M5	4339.68						4336.30936069	4336.70006334	0
1790098200	XAUUSD	M5	4336.56						4336.69224098	4336.69615216	0
1790098500	XAUUSD	M5	4336.54						4337.98485567	4337.34050392	1
1790098800	XAUUSD	M5	4338.69						4340.23197331	4338.78623861	0
1790099100	XAUUSD	M5	4339.92						4343.26833875	4341.02728868	0
1790099400	XAUUSD	M5	4349.68						4346.81218530	4343.91973699	0
1790099700	XAUUSD	M5	4350.85						4350.27973623	4347.09973661	0
1790100000	XAUUSD	M5	4351.86						4353.32098845	4350.21036253	0
1790100300	XAUUSD	M5	4357.65						4355.66104879	4352.93570566	0
1790100600	XAUUSD	M5	4358.37						4357.01287971	4354.97429268	0
1790100900	XAUUSD	M5	4358.17						4357.36160980	4356.16795124	0
1790101200	XAUUSD	M5	4355.50						4356.85214261	4356.51004692	0
1790101500	XAUUSD	M5	4356.39						4355.78786837	4356.14895765	1
1790101800	XAUUSD	M5	4352.90						4354.42736655	4355.28816210	0
1790102100	XAUUSD	M5	4352.18						4353.14397117	4354.21606663	0
1790102400	XAUUSD	M5	4350.41						4352.19236154	4353.20421409	0
1790102700	XAUUSD	M5	4353.17						4351.77957416	4352.49189413	0
1790103000	XAUUSD	M5	4352.37						4351.91569628	4352.20379520	0
1790103300	XAUUSD	M5	4353.49						4352.64409755	4352.42394638	1
1790103600	XAUUSD	M5	4354.79						4353.91028748	4353.16711693	0
1790103900	XAUUSD	M5	4357.40						4355.62270055	4354.39490874	0
1790104200	XAUUSD	M5	4358.19						4357.63601976	4356.01546425	0
1790104500	XAUUSD	M5	4358.08						4359.83686846	4357.92616635	0
1790104800	XAUUSD	M5	4359.12						4362.11689606	4360.02153121	0
1790105100	XAUUSD	M5	4359.89						4364.31828270	4362.16990695	0
1790105400	XAUUSD	M5	4370.28						4366.26651427	4364.21821061	0
1790105700	XAUUSD	M5	4369.48				4371.10000		4367.53850485	4365.87835773	0
1790106000	XAUUSD	M5	4369.16						4368.06237368	4366.97036570	0
1790106300	XAUUSD	M5	4369.42						4367.83734562	4367.40385566	0
1790106600	XAUUSD	M5	4366.85	4332.95149	4376.20722	4281.16411			4366.92777284	4367.16581425	1
1790106900	XAUUSD	M5	4364.10	4332.86796	4376.12369	4281.08058			4365.54326548	4366.35453987	0
1790107200	XAUUSD	M5	4362.65	4332.78443	4376.04016	4280.99705			4363.93364212	4365.14409099	0
1790107500	XAUUSD	M5	4362.14	4332.70089	4375.95662	4280.91352			4362.31493348	4363.72951224	0
1790107800	XAUUSD	M5	4359.33	4332.61736	4375.87309	4280.82998			4360.84199653	4362.28575438	0
1790108100	XAUUSD	M5	4359.31	4332.53383	4375.78956	4280.74645			4359.67288161	4360.97931800	0
1790108400	XAUUSD	M5	4360.35	4332.45030	4375.70603	4280.66292			4358.83504330	4359.90718065	0
1790108700	XAUUSD	M5	4359.60	4332.36677	4375.62249	4280.57939			4358.27652961	4359.09185513	0
1790109000	XAUUSD	M5	4358.86	4332.28323	4375.53896	4280.49585			4357.98249893	4358.53717703	0
1790109300	XAUUSD	M5	4357.65	4332.19970	4375.45543	4280.41232			4357.94076762	4358.23897232	0
1790109600	XAUUSD	M5	4358.56	4332.11617	4375.37190	4280.32879			4358.16618176	4358.20257704	0
1790109900	XAUUSD	M5	4357.58	4332.03264	4375.28837	4280.24526			4358.62781305	4358.41519505	1
1790110200	XAUUSD	M5	4358.35	4331.94911	4375.20483	4280.16173			4359.34707325	4358.88113415	0
1790110500	XAUUSD	M5	4358.42	4331.86557	4375.12130	4280.07819			4360.28306358	4359.58209886	0
1790114400	XAUUSD	M5	4363.30	4331.78204	4375.03777	4279.99466			4361.37906044	4360.48057965	0
1790114700	XAUUSD	M5	4362.09	4331.69851	4374.95424	4279.91113			4362.42244580	4361.45151273	0
1790115000	XAUUSD	M5	4364.37	4331.61498	4374.87071	4279.82760			4363.34696521	4362.39923897	0
1790115300	XAUUSD	M5	4363.96	4331.53145	4374.78717	4279.74407			4364.00280080	4363.20101988	0
1790115600	XAUUSD	M5	4364.01	4331.44791	4374.70364	4279.66053			4364.34559677	4363.77330833	0
1790115900	XAUUSD	M5	4364.70	4331.36438	4374.62011	4279.57700			4364.37082808	4364.07206820	0
1790116200	XAUUSD	M5	4364.37	4331.28085	4374.53658	4279.49347			4364.11139474	4364.09173147	0
1790116500	XAUUSD	M5	4364.05	4331.19732	4374.45305	4279.40994			4363.67707381	4363.88440264	1
1790116800	XAUUSD	M5	4362.99	4331.11379	4374.36951	4279.32641			4363.19728019	4363.54084142	0
1790117100	XAUUSD	M5	4361.96	4331.03025	4374.28598	4279.24287			4362.81301138	4363.17692640	0
1790117400	XAUUSD	M5	4362.38	4330.94672	4374.20245	4279.15934			4362.62349106	4362.90020873	0
1790117700	XAUUSD	M5	4362.21	4330.86319	4374.11892	4279.07581			4362.63114269	4362.76567571	0
1790118000	XAUUSD	M5	4363.62	4330.77966	4374.03539	4278.99228			4362.79869419	4362.78218495	1
1790118300	XAUUSD	M5	4363.07	4330.69612	4373.95185	4278.90875			4363.00932977	4362.89575736	0
1790118600	XAUUSD	M5	4361.61	4330.61259	4373.86832	4278.82521			4363.19920910	4363.04748323	0
1790118900	XAUUSD	M5	4365.05	4330.52906	4373.78479	4278.74168			4363.35305095	4363.20026709	0
1790119200	XAUUSD	M5	4363.76	4330.44553	4373.70126	4278.65815			4363.36417348	4363.28222029	0
1790119500	XAUUSD	M5	4363.71	4330.36200	4373.61773	4278.57462			4363.30109826	4363.29165927	0
1790119800	XAUUSD	M5	4363.35	4330.27846	4373.53419	4278.49109			4363.22720488	4363.25943208	1
1790120100	XAUUSD	M5	4363.29	4330.19493	4373.45066	4278.40755			4363.21725385	4363.23834296	0
1790120400	XAUUSD	M5	4363.79	4330.11140	4373.36713	4278.32402			4363.31301639	4363.27567968	1
1790120700	XAUUSD	M5	4359.80	4330.02787	4373.28360	4278.24049			4363.50121844	4363.38844906	0
1790121000	XAUUSD	M5	4363.59	4329.94434	4373.20006	4278.15696			4363.83534616	4363.61189761	0
1790121300	XAUUSD	M5	4363.96	4329.86080	4373.11653	4278.07342			4364.11924560	4363.86557160	0
1790121600	XAUUSD	M5	4367.23	4329.77727	4373.03300	4277.98989	4369.25000		4364.23657896	4364.05107528	0
1790121900	XAUUSD	M5	4363.25	4329.69374	4372.94947	4277.90636			4364.02198403	4364.03652966	1
1790122200	XAUUSD	M5	4365.79	4329.61021	4372.86594	4277.82283			4363.55548715	4363.79600840	0
1790122500	XAUUSD	M5	4363.66	4329.52668	4372.78240	4277.73930			4362.79003292	4363.29302066	0
1790122800	XAUUSD	M5	4360.75	4329.44314	4372.69887	4277.65576			4361.84376662	4362.56839364	0
1790123100	XAUUSD	M5	4359.00	4329.35961	4372.61534	4277.57223			4360.85870041	4361.71354703	0
1790123400	XAUUSD	M5	4359.24	4329.27608	4372.53181	4277.48870			4359.92198333	4360.81776518	0
1790123700	XAUUSD	M5	4357.37	4329.19255	4372.44828	4277.40517			4359.01434343	4359.91605431	0
1790124000	XAUUSD	M5	4359.24	4329.10902	4372.36474	4277.32164			4358.12658698	4359.02132064	0
1790124300	XAUUSD	M5	4357.22	4329.02548	4372.28121	4277.23810			4357.11641786	4358.06886925	0
1790124600	XAUUSD	M5	4356.99	4328.94195	4372.19768	4277.15457			4355.94863823	4357.00875374	0
1790124900	XAUUSD	M5	4357.72	4328.85842	4372.11415	4277.07104			4354.56614750	4355.78745062	0
1790125200	XAUUSD	M5	4351.15	4328.77489	4372.03062	4276.98751			4352.93820395	4354.36282729	0
1790125500	XAUUSD	M5	4350.62	4328.69136	4371.94708	4276.90398			4351.27442417	4352.81862573	0
1790125800	XAUUSD	M5	4349.57	4328.60782	4371.86355	4276.82044			4349.65080651	4351.23471612	0
1790126100	XAUUSD	M5	4347.99	4328.52429	4371.78002	4276.73691			4348.15401800	4349.69436706	0
1790126400	XAUUSD	M5	4347.70	4328.44076	4371.69649	4276.65338			4346.85976382	4348.27706544	0
1790126700	XAUUSD	M5	4343.57	4328.35723	4371.61296	4276.56985			4345.77029448	4347.02367996	0
1790127000	XAUUSD	M5	4343.26	4328.27369	4371.52942	4276.48632			4344.94128165	4345.98248080	0
1790127300	XAUUSD	M5	4345.44	4328.19016	4371.44589	4276.40278			4344.28147661	4345.13197871	0
1790127600	XAUUSD	M5	4344.78	4328.10663	4371.36236	4276.31925			4343.61025800	4344.37111836	0
1790127900	XAUUSD	M5	4345.71	4328.02310	4371.27883	4276.23572			4342.83759008	4343.60435422	0
1790128200	XAUUSD	M5	4340.75	4327.93957	4371.19530	4276.15219			4341.87494024	4342.73964723	0
1790128500	XAUUSD	M5	4341.35	4327.85603	4371.11176	4276.06865			4340.84911405	4341.79438064	0
1790128800	XAUUSD	M5	4338.66	4327.77250	4371.02823	4275.98512			4339.78041868	4340.78739966	0
1790129100	XAUUSD	M5	4338.04	4327.68897	4370.94470	4275.90159			4338.79592929	4339.79166448	0
1790129400	XAUUSD	M5	4337.18	4327.60544	4370.86117	4275.81806			4337.96316112	4338.87741280	0
1790129700	XAUUSD	M5	4335.79	4327.52191	4370.77763	4275.73453			4337.32853548	4338.10297414	0
1790130000	XAUUSD	M5	4337.86	4327.43837	4370.69410	4275.65099			4336.91246045	4337.50771730	0
1790130300	XAUUSD	M5	4338.24	4327.35484	4370.61057	4275.56746			4336.60677833	4337.05724781	0
1790130600	XAUUSD	M5	4338.14	4327.27131	4370.52704	4275.48393			4336.33852215	4336.69788498	0
1790130900	XAUUSD	M5	4333.92	4327.18778	4370.44351	4275.40040			4336.06039703	4336.37914100	0
1790131200	XAUUSD	M5	4336.99	4327.10425	4370.35997	4275.31687			4335.86258088	4336.12086094	0
1790131500	XAUUSD	M5	4335.15	4327.02071	4370.27644	4275.23333			4335.66515565	4335.89300830	0
1790131800	XAUUSD	M5	4336.05	4326.93718	4370.19291	4275.14980			4335.54345658	4335.71823244	0
1790132100	XAUUSD	M5	4333.98	4326.85365	4370.10938	4275.06627			4335.51509600	4335.61666422	0
1790132400	XAUUSD	M5	4334.89	4326.77012	4370.02585	4274.98274		4333.28000	4335.67636985	4335.64651703	1
1790132700	XAUUSD	M5	4335.63	4326.68659	4369.94231	4274.89921			4336.02852302	4335.83752003	0
1790133000	XAUUSD	M5	4338.84	4326.60305	4369.85878	4274.81567			4336.55754743	4336.19753373	0
1790133300	XAUUSD	M5	4336.36	4326.51952	4369.77525	4274.73214			4337.16729687	4336.68241530	0
1790133600	XAUUSD	M5	4339.42	4326.43599	4369.69172	4274.64861			4337.90580836	4337.29411183	0
1790133900	XAUUSD	M5	4337.99	4326.35246	4369.60819	4274.56508			4338.67327881	4337.98369532	0
1790134200	XAUUSD	M5	4339.11	4326.26892	4369.52465	4274.48155			4339.49925201	4338.74147367	0
1790134500	XAUUSD	M5	4339.70	4326.18539	4369.44112	4274.39801			4340.36164516	4339.55155941	0
1790134800	XAUUSD	M5	4341.38	4326.10186	4369.35759	4274.31448			4341.25759231	4340.40457586	0
1790135100	XAUUSD	M5	4342.04	4326.01833	4369.27406	4274.23095			4342.15227733	4341.27842659	0
1790135400	XAUUSD	M5	4344.36	4325.93480	4369.19053	4274.14742			4343.03014111	4342.15428385	0
1790135700	XAUUSD	M5	4342.61	4325.85126	4369.10699	4274.06389			4343.81779070	4342.98603728	0
1790136000	XAUUSD	M5	4344.57	4325.76773	4369.02346	4273.98035			4344.53891813	4343.76247770	0
1790136300	XAUUSD	M5	4344.84	4325.68420	4368.93993	4273.89682			4345.10625044	4344.43436407	0
1790136600	XAUUSD	M5	4345.91	4325.60067	4368.85640	4273.81329			4345.48028434	4344.95732421	0
1790136900	XAUUSD	M5	4346.58	4325.51714	4368.77287	4273.72976			4345.62750575	4345.29241498	0
1790137200	XAUUSD	M5	4344.75	4325.43360	4368.68933	4273.64622	4347.19000		4345.56033174	4345.42637336	0
1790137500	XAUUSD	M5	4345.59	4325.35007	4368.60580	4273.56269			4345.39665663	4345.41151499	1
1790137800	XAUUSD	M5	4345.36	4325.26654	4368.52227	4273.47916			4345.19539798	4345.30345648	0
1790138100	XAUUSD	M5	4344.52	4325.18301	4368.43874	4273.39563			4345.03456275	4345.16900962	0
1790138400	XAUUSD	M5	4344.44	4325.09948	4368.35520	4273.31210			4344.97406308	4345.07153635	0
1790138700	XAUUSD	M5	4346.45	4325.01594	4368.27167	4273.22856			4345.00402644	4345.03778139	0
1790139000	XAUUSD	M5	4345.04	4324.93241	4368.18814	4273.14503			4345.00446195	4345.02112167	0
1790139300	XAUUSD	M5	4344.14	4324.84888	4368.10461	4273.06150			4344.91001244	4344.96556705	0
1790139600	XAUUSD	M5	4344.24	4324.76535	4368.02108	4272.97797			4344.63197886	4344.79877296	0
1790139900	XAUUSD	M5	4343.78	4324.68182	4367.93754	4272.89444			4344.06882055	4344.43379675	0
1790140200	XAUUSD	M5	4342.29	4324.59828	4367.85401	4272.81090			4343.16533392	4343.79956534	0
1790140500	XAUUSD	M5	4342.34	4324.51475	4367.77048	4272.72737			4341.93801253	4342.86878893	0
1790140800	XAUUSD	M5	4341.94	4324.43122	4367.68695	4272.64384			4340.41577143	4341.64228018	0
1790141100	XAUUSD	M5	4341.03	4324.34769	4367.60342	4272.56031			4338.68406548	4340.16317283	0
1790141400	XAUUSD	M5	4337.71	4324.26416	4367.51988	4272.47678			4336.87286901	4338.51802092	0
1790141700	XAUUSD	M5	4334.63	4324.18062	4367.43635	4272.39324			4335.17432477	4336.84617284	0
1790142000	XAUUSD	M5	4329.40	4324.09709	4367.35282	4272.30971			4333.74653870	4335.29635577	0
1790142300	XAUUSD	M5	4329.16	4324.01356	4367.26929	4272.22618			4332.74432497	4334.02034037	0
1790142600	XAUUSD	M5	4332.76	4323.93003	4367.18576	4272.14265			4332.13001609	4333.07517823	0
1790142900	XAUUSD	M5	4334.61	4323.84649	4367.10222	4272.05912			4331.71524895	4332.39521359	0
1790143200	XAUUSD	M5	4335.25	4323.76296	4367.01869	4271.97558			4331.36868250	4331.88194805	0
1790143500	XAUUSD	M5	4331.61	4323.67943	4366.93516	4271.89205			4331.03222257	4331.45708531	0
1790143800	XAUUSD	M5	4330.77	4323.59590	4366.85163	4271.80852			4330.81426155	4331.13567343	0
1790144100	XAUUSD	M5	4329.24	4323.51237	4366.76810	4271.72499			4330.77747994	4330.95657668	0
1790144400	XAUUSD	M5	4329.92	4323.42883	4366.68456	4271.64146			4330.99651847	4330.97654758	1
1790144700	XAUUSD	M5	4328.82	4323.34530	4366.60103	4271.55792			4331.45098284	4331.21376521	0
1790145000	XAUUSD	M5	4331.68	4323.26177	4366.51750	4271.47439			4332.10907915	4331.66142218	0
1790145300	XAUUSD	M5	4333.32	4323.17824	4366.43397	4271.39086			4332.77233676	4332.21687947	0
1790145600	XAUUSD	M5	4334.18	4323.09471	4366.35044	4271.30733			4333.23984150	4332.72836049	0
1790145900	XAUUSD	M5	4335.76	4323.01117	4366.26690	4271.22379			4333.33603328	4333.03219688	0
1790146200	XAUUSD	M5	4333.44	4322.92764	4366.18337	4271.14026			4332.91452903	4332.97336296	1
1790146500	XAUUSD	M5	4331.38	4322.84411	4366.09984	4271.05673			4332.00143322	4332.48739809	0
1790146800	XAUUSD	M5	4331.18	4322.76058	4366.01631	4270.97320			4330.68951824	4331.58845816	0
1790147100	XAUUSD	M5	4328.47	4322.67705	4365.93277	4270.88967			4329.08330175	4330.33587996	0
1790147400	XAUUSD	M5	4324.73	4322.59351	4365.84924	4270.80613			4327.38429995	4328.86008996	0
1790147700	XAUUSD	M5	4326.00	4322.50998	4365.76571	4270.72260			4325.81831926	4327.33920461	0
1790148000	XAUUSD	M5	4326.21	4322.42645	4365.68218	4270.63907			4324.44834892	4325.89377677	0
1790148300	XAUUSD	M5	4323.83	4322.34292	4365.59865	4270.55554			4323.31420307	4324.60398992	0
1790148600	XAUUSD	M5	4320.53	4322.25939	4365.51511	4270.47201			4322.47238630	4323.53818811	0
1790148900	XAUUSD	M5	4322.01	4322.17585	4365.43158	4270.38847			4321.95221821	4322.74520316	0
1790149200	XAUUSD	M5	4322.29	4322.09232	4365.34805	4270.30494			4321.62390372	4322.18455344	0
1790149500	XAUUSD	M5	4322.84	4322.00879	4365.26452	4270.22141			4321.37715266	4321.78085305	0
1790149800	XAUUSD	M5	4322.19	4321.92526	4365.18099	4270.13788			4321.10942058	4321.44513682	0
1790150100	XAUUSD	M5	4319.59	4321.84173	4365.09745	4270.05435			4320.78166798	4321.11340240	0
1790150400	XAUUSD	M5	4319.86	4321.75819	4365.01392	4269.97081			4320.43567453	4320.77453846	0
1790150700	XAUUSD	M5	4318.33	4321.67466	4364.93039	4269.88728			4320.05977706	4320.41715776	0
1790151000	XAUUSD	M5	4319.64	4321.59113	4364.84686	4269.80375			4319.69559186	4320.05637481	0
1790151300	XAUUSD	M5	4318.39	4321.50760	4364.76333	4269.72022			4319.31128387	4319.68382934	0
1790151600	XAUUSD	M5	4321.68	4321.42406	4364.67979	4269.63669			4318.94055521	4319.31219228	0
1790151900	XAUUSD	M5	4319.07	4321.34053	4364.59626	4269.55315			4318.50483883	4318.90851555	0
1790152200	XAUUSD	M5	4318.69	4321.25700	4364.51273	4269.46962			4318.10358180	4318.50604868	0
1790152500	XAUUSD	M5	4317.14	4321.17347	4364.42920	4269.38609			4317.79620845	4318.15112857	0
1790152800	XAUUSD	M5	4316.36	4321.08994	4364.34567	4269.30256			4317.67187558	4317.91150207	0
1790153100	XAUUSD	M5	4318.81	4321.00640	4364.26213	4269.21903			4317.77077414	4317.84113810	0
1790153400	XAUUSD	M5	4317.04	4320.92287	4364.17860	4269.13549			4318.00831757	4317.92472784	1
1790153700	XAUUSD	M5	4318.13	4320.83934	4364.09507	4269.05196			4318.36473317	4318.14473050	0
1790154000	XAUUSD	M5	4318.08	4320.75581	4364.01154	4268.96843			4318.70210443	4318.42341747	0
1790154300	XAUUSD	M5	4319.14	4320.67228	4363.92801	4268.88490			4318.89217216	4318.65779481	0
1790154600	XAUUSD	M5	4319.97	4320.58874	4363.84447	4268.80136			4318.78913819	4318.72346650	0
1790154900	XAUUSD	M5	4317.31	4320.50521	4363.76094	4268.71783			4318.29858133	4318.51102391	1
1790155200	XAUUSD	M5	4319.18	4320.42168	4363.67741	4268.63430			4317.49224432	4318.00163412	0
1790155500	XAUUSD	M5	4316.95	4320.33815	4363.59388	4268.55077			4316.40601126	4317.20382269	0
1790155800	XAUUSD	M5	4313.90	4320.25462	4363.51034	4268.46724			4315.25061235	4316.22721752	0
1790156100	XAUUSD	M5	4314.58	4320.17108	4363.42681	4268.38370			4314.28202461	4315.25462106	0
1790156400	XAUUSD	M5	4316.41	4320.08755	4363.34328	4268.30017			4313.63727900	4314.44595003	0
1790156700	XAUUSD	M5	4308.90	4320.00402	4363.25975	4268.21664		4308.38000	4313.35896255	4313.90245629	0
1790157000	XAUUSD	M5	4312.39	4319.92049	4363.17622	4268.13311			4313.65061848	4313.77653739	0
1790157300	XAUUSD	M5	4314.13	4319.83696	4363.09268	4268.04958			4314.32484996	4314.05069367	1
1790157600	XAUUSD	M5	4317.92	4319.75342	4363.00915	4267.96604			4315.16832795	4314.60951081	0
1790157900	XAUUSD	M5	4316.36	4319.66989	4362.92562	4267.88251			4315.89635499	4315.25293290	0
1790158200	XAUUSD	M5	4316.63	4319.58636	4362.84209	4267.79898			4316.40646471	4315.82969881	0
1790158500	XAUUSD	M5	4316.55	4319.50283	4362.75856	4267.71545			4316.62373633	4316.22671757	0
1790158800	XAUUSD	M5	4315.41	4319.41930	4362.67502	4267.63192			4316.57100473	4316.39886115	0
1790159100	XAUUSD	M5	4317.65	4319.33576	4362.59149	4267.54838			4316.37089781	4316.38487948	1
1790159400	XAUUSD	M5	4315.99	4319.25223	4362.50796	4267.46485			4316.09100436	4316.23794192	0
1790159700	XAUUSD	M5	4316.60	4319.16870	4362.42443	4267.38132			4315.89515933	4316.06655062	0
1790160000	XAUUSD	M5	4315.74	4319.08517	4362.34090	4267.29779			4315.83098924	4315.94876993	0
1790160300	XAUUSD	M5	4313.47	4319.00163	4362.25736	4267.21426			4315.88774330	4315.91825662	0
1790160600	XAUUSD	M5	4315.55	4318.91810	4362.17383	4267.13072			4315.98713688	4315.95269675	1
1790160900	XAUUSD	M5	4315.59	4318.83457	4362.09030	4267.04719			4315.85889098	4315.90579386	1
1790161200	XAUUSD	M5	4314.91	4318.75104	4362.00677	4266.96366			4315.27074733	4315.58827060	0
1790161500	XAUUSD	M5	4315.38	4318.66751	4361.92324	4266.88013			4314.08298812	4314.83562936	0
1790161800	XAUUSD	M5	4315.02	4318.58397	4361.83970	4266.79660			4312.24180636	4313.53871786	0
1790162100	XAUUSD	M5	4311.02	4318.50044	4361.75617	4266.71306			4309.88162208	4311.71016997	0
1790162400	XAUUSD	M5	4305.62	4318.41691	4361.67264	4266.62953			4307.37527927	4309.54272462	0
1790162700	XAUUSD	M5	4306.23	4318.33338	4361.58911	4266.54600			4305.21660781	4307.37966621	0
1790163000	XAUUSD	M5	4302.09	4318.24985	4361.50557	4266.46247			4303.73223515	4305.55595068	0
1790163300	XAUUSD	M5	4299.66	4318.16631	4361.42204	4266.37893		4294.87000	4303.28061311	4304.41828190	0
1790163600	XAUUSD	M5	4304.86	4318.08278	4361.33851	4266.29540			4304.01946295	4304.21887242	0
1790163900	XAUUSD	M5	4307.45	4317.99925	4361.25498	4266.21187			4305.72349500	4304.97118371	1
1790164200	XAUUSD	M5	4309.33	4317.91572	4361.17145	4266.12834			4308.07233128	4306.52175749	0
1790164500	XAUUSD	M5	4309.56	4317.83219	4361.08791	4266.04481			4310.64444490	4308.58310120	0
1790164800	XAUUSD	M5	4312.46	4317.74865	4361.00438	4265.96127			4313.02673872	4310.80491996	0
1790165100	XAUUSD	M5	4313.50	4317.66512	4360.92085	4265.87774			4314.75856211	4312.78174104	0
1790165400	XAUUSD	M5	4318.81	4317.58159	4360.83732	4265.79421	4319.05000		4315.54229789	4314.16201947	0
1790165700	XAUUSD	M5	4314.97	4317.49806	4360.75379	4265.71068			4315.12382974	4314.64292461	0
1790166000	XAUUSD	M5	4314.48	4317.41453	4360.67025	4265.62715			4313.68977192	4314.16634826	1
1790166300	XAUUSD	M5	4311.14	4317.33099	4360.58672	4265.54361			4311.49049872	4312.82842349	0
1790166600	XAUUSD	M5	4308.93	4317.24746	4360.50319	4265.46008			4308.97128392	4310.89985371	0
1790166900	XAUUSD	M5	4303.64	4317.16393	4360.41966	4265.37655			4306.57690309	4308.73837840	0
1790167200	XAUUSD	M5	4303.80	4317.08040	4360.33613	4265.29302			4304.77174800	4306.75506320	0
1790167500	XAUUSD	M5	4304.03	4316.99687	4360.25259	4265.20949			4303.73806696	4305.24656508	0
1790167800	XAUUSD	M5	4303.47	4316.91333	4360.16906	4265.12595			4303.48910176	4304.36783342	0
1790168100	XAUUSD	M5	4309.90	4316.82980	4360.08553	4265.04242			4303.89868214	4304.13325778	0
1790168400	XAUUSD	M5	4305.68	4316.74627	4360.00200	4264.95889			4304.54391577	4304.33858678	1
1790168700	XAUUSD	M5	4301.75	4316.66274	4359.91847	4264.87536			4305.22883158	4304.78370918	0
1790169000	XAUUSD	M5	4302.26	4316.57920	4359.83493	4264.79183			4305.74124695	4305.26247806	0
1790169300	XAUUSD	M5	4302.57	4316.49567	4359.75140	4264.70829			4305.77958326	4305.52103066	0
1790169600	XAUUSD	M5	4304.04	4316.41214	4359.66787	4264.62476			4305.12074520	4305.32088793	1
1790169900	XAUUSD	M5	4312.17	4316.32861	4359.58434	4264.54123			4303.61567863	4304.46828328	0
1790170200	XAUUSD	M5	4301.16	4316.24508	4359.50081	4264.45770			4301.07771344	4302.77299836	0
1790170500	XAUUSD	M5	4303.41	4316.16154	4359.41727	4264.37416			4297.96555647	4300.36927741	0
1790170800	XAUUSD	M5	4292.62	4316.07801	4359.33374	4264.29063			4294.47078198	4297.42002970	0
1790171100	XAUUSD	M5	4284.83	4315.99448	4359.25021	4264.20710			4291.14912526	4294.28457748	0
1790171400	XAUUSD	M5	4283.14	4315.91095	4359.16668	4264.12357			4288.41197611	4291.34827679	0
1790171700	XAUUSD	M5	4283.87	4315.82742	4359.08314	4264.04004			4286.38847507	4288.86837593	0
1790172000	XAUUSD	M5	4289.99	4315.74388	4358.99961	4263.95650			4285.00847773	4286.93842683	0
1790172300	XAUUSD	M5	4291.60	4315.66035	4358.91608	4263.87297			4283.99397948	4285.46620316	0
1790172600	XAUUSD	M5	4283.55	4315.57682	4358.83255	4263.78944			4283.19617640	4284.33118978	0
1790172900	XAUUSD	M5	4278.03	4315.49329	4358.74902	4263.70591			4282.77908254	4283.55513616	0
1790173200	XAUUSD	M5	4284.04	4315.40976	4358.66548	4263.62238			4282.89605788	4283.22559702	0
1790173500	XAUUSD	M5	4280.62	4315.32622	4358.58195	4263.53884			4283.41469215	4283.32014458	1
1790173800	XAUUSD	M5	4289.16	4315.24269	4358.49842	4263.45531			4284.45119211	4283.88566835	0
1790174100	XAUUSD	M5	4282.26	4315.15916	4358.41489	4263.37178			4285.78502217	4284.83534526	0
1790174400	XAUUSD	M5	4286.69	4315.07563	4358.33136	4263.28825			4287.54903630	4286.19219078	0
1790174700	XAUUSD	M5	4285.89	4314.99210	4358.24782	4263.20472			4289.50758256	4287.84988667	0
1790175000	XAUUSD	M5	4297.32	4314.90856	4358.16429	4263.12118			4291.48715477	4289.66852072	0
1790175300	XAUUSD	M5	4294.31	4314.82503	4358.08076	4263.03765			4292.95055839	4291.30953955	0
1790175600	XAUUSD	M5	4290.26	4314.74150	4357.99723	4262.95412			4293.76991883	4292.53972919	0
1790175900	XAUUSD	M5	4294.22	4314.65797	4357.91370	4262.87059			4293.90286503	4293.22129711	0
1790176200	XAUUSD	M5	4294.17	4314.57444	4357.83016	4262.78706			4293.18341506	4293.20235609	1
1790176500	XAUUSD	M5	4292.90	4314.49090	4357.74663	4262.70352			4291.63750441	4292.41993025	0
1790176800	XAUUSD	M5	4291.90	4314.40737	4357.66310	4262.61999			4289.44285623	4290.93139324	0
1790177100	XAUUSD	M5	4283.28	4314.32384	4357.57957	4262.53646			4286.86558590	4288.89848957	0
1790177400	XAUUSD	M5	4283.91	4314.24031	4357.49604	4262.45293			4284.41122423	4286.65485690	0
1790177700	XAUUSD	M5	4279.71	4314.15677	4357.41250	4262.36940			4282.32030195	4284.48757943	0
1790178000	XAUUSD	M5	4284.25	4314.07324	4357.32897	4262.28586			4280.87200198	4282.67979071	0
1790178300	XAUUSD	M5	4278.16	4313.98971	4357.24544	4262.20233			4280.01061412	4281.34520242	0
1790178600	XAUUSD	M5	4280.94	4313.90618	4357.16191	4262.11880			4279.86000629	4280.60260435	0
1790178900	XAUUSD	M5	4282.16	4313.82265	4357.07838	4262.03527			4280.23815901	4280.42038168	0
1790179200	XAUUSD	M5	4279.13	4313.73911	4356.99484	4261.95173			4280.96082637	4280.69060403	1
1790179500	XAUUSD	M5	4282.80	4313.65558	4356.91131	4261.86820			4281.96094117	4281.32577260	0
1790179800	XAUUSD	M5	4283.13	4313.57205	4356.82778	4261.78467			4283.00839338	4282.16708299	0
1790180100	XAUUSD	M5	4284.09	4313.48852	4356.74425	4261.70114			4284.00007246	4283.08357773	0
1790180400	XAUUSD	M5	4282.31	4313.40499	4356.66071	4261.61761			4284.84401998	4283.96379885	0
1790180700	XAUUSD	M5	4285.72	4313.32145	4356.57718	4261.53407			4285.53323407	4284.74851646	0
1790181000	XAUUSD	M5	4286.91	4313.23792	4356.49365	4261.45054			4285.92553541	4285.33702594	0
1790181300	XAUUSD	M5	4287.77	4313.15439	4356.41012	4261.36701			4285.95181384	4285.64441989	0
1790181600	XAUUSD	M5	4286.22	4313.07086	4356.32659	4261.28348			4285.57746179	4285.61094084	1
1790181900	XAUUSD	M5	4282.89	4312.98733	4356.24305	4261.19995			4284.87342994	4285.24218539	0
1790182200	XAUUSD	M5	4282.98	4312.90379	4356.15952	4261.11641			4283.97273125	4284.60745832	0
1790182500	XAUUSD	M5	4284.93	4312.82026	4356.07599	4261.03288			4282.92995321	4283.76870577	0
1790182800	XAUUSD	M5	4278.35	4312.73673	4355.99246	4260.94935			4281.78231747	4282.77551162	0
1790183100	XAUUSD	M5	4283.75	4312.65320	4355.90893	4260.86582			4280.81969452	4281.79760307	0
1790183400	XAUUSD	M5	4279.00	4312.56967	4355.82539	4260.78229			4280.05016257	4280.92388282	0
1790183700	XAUUSD	M5	4279.92	4312.48613	4355.74186	4260.69875			4279.73968692	4280.33178487	0
1790184000	XAUUSD	M5	4282.47	4312.40260	4355.65833	4260.61522			4279.97953464	4280.15565975	0
1790184300	XAUUSD	M5	4282.31	4312.31907	4355.57480	4260.53169			4280.76517572	4280.46041774	1
1790184600	XAUUSD	M5	4280.88	4312.23554	4355.49127	4260.44816			4282.10452640	4281.28247207	0
1790184900	XAUUSD	M5	4276.33	4312.15200	4355.40773	4260.36463			4283.95479438	4282.61863323	0
1790185200	XAUUSD	M5	4288.23	4312.06847	4355.32420	4260.28109		4274.94000	4286.24944743	4284.43404033	0
1790185500	XAUUSD	M5	4290.73	4311.98494	4355.24067	4260.19756			4288.42029904	4286.42716968	0
1790185800	XAUUSD	M5	4291.35	4311.90141	4355.15714	4260.11403			4290.14500663	4288.28608816	0
1790186100	XAUUSD	M5	4292.92	4311.81788	4355.07361	4260.03050			4291.21597133	4289.75102974	0
1790186400	XAUUSD	M5	4290.57	4311.73434	4354.99007	4259.94697	4294.88000		4291.51268590	4290.63185782	0
1790186700	XAUUSD	M5	4290.32	4311.65081	4354.90654	4259.86343			4291.13130626	4290.88158204	0
1790187000	XAUUSD	M5	4289.38	4311.56728	4354.82301	4259.77990			4290.22150765	4290.55154484	1
1790187300	XAUUSD	M5	4290.14	4311.48375	4354.73948	4259.69637			4289.01806716	4289.78480600	0
1790187600	XAUUSD	M5	4288.01	4311.40022	4354.65595	4259.61284			4287.74995259	4288.76737930	0
1790187900	XAUUSD	M5	4286.21	4311.31668	4354.57241	4259.52930			4286.69855248	4287.73296589	0
1790188200	XAUUSD	M5	4286.63	4311.23315	4354.48888	4259.44577			4286.07431542	4286.90364066	0
1790188500	XAUUSD	M5	4285.15	4311.14962	4354.40535	4259.36224			4285.92551348	4286.41457707	0
1790188800	XAUUSD	M5	4284.23	4311.06609	4354.32182	4259.27871			4286.23871540	4286.32664623	0
1790189100	XAUUSD	M5	4286.93	4310.98256	4354.23828	4259.19518			4286.89502001	4286.61083312	1
1790189400	XAUUSD	M5	4288.32	4310.89902	4354.15475	4259.11164			4287.61480303	4287.11281807	0
1790189700	XAUUSD	M5	4290.44	4310.81549	4354.07122	4259.02811			4288.14406103	4287.62843955	0
1790190000	XAUUSD	M5	4288.68	4310.73196	4353.98769	4258.94458			4288.26287936	4287.94565946	0
1790190300	XAUUSD	M5	4289.52	4310.64843	4353.90416	4258.86105			4287.94904591	4287.94735268	0
1790190600	XAUUSD	M5	4284.44	4310.56490	4353.82062	4258.77752			4287.21958578	4287.58346923	1
1790190900	XAUUSD	M5	4284.04	4310.48136	4353.73709	4258.69398			4286.33170283	4286.95758603	0
1790191200	XAUUSD	M5	4285.90	4310.39783	4353.65356	4258.61045			4285.45403050	4286.20580827	0
1790191500	XAUUSD	M5	4286.59	4310.31430	4353.57003	4258.52692			4284.68599910	4285.44590369	0
1790191800	XAUUSD	M5	4285.61	4310.23077	4353.48650	4258.44339			4284.11709679	4284.78150024	0
1790192100	XAUUSD	M5	4281.98	4310.14724	4353.40296	4258.35986		4281.13000	4283.83079142	4284.30614583	0
1790192400	XAUUSD	M5	4282.46	4310.06370	4353.31943	4258.27632			4283.90251236	4284.10432909	0
1790192700	XAUUSD	M5	4286.80	4309.98017	4353.23590	4258.19279			4284.23477657	4284.16955283	1
1790193000	XAUUSD	M5	4283.24	4309.89664	4353.15237	4258.10926			4284.58296884	4284.37626083	0
1790193300	XAUUSD	M5	4284.05	4309.81311	4353.06884	4258.02573			4284.90916465	4284.64271274	0
1790193600	XAUUSD	M5	4285.02	4309.72957	4352.98530	4257.94220			4285.09554599	4284.86912937	0
1790193900	XAUUSD	M5	4287.24	4309.64604	4352.90177	4257.85866			4285.07366411	4284.97139674	0
1790194200	XAUUSD	M5	4284.92	4309.56251	4352.81824	4257.77513			4284.80865446	4284.89002560	1
1790194500	XAUUSD	M5	4283.36	4309.47898	4352.73471	4257.69160			4284.44541807	4284.66772184	0
1790194800	XAUUSD	M5	4284.16	4309.39545	4352.65118	4257.60807			4284.15506402	4284.41139293	0
1790195100	XAUUSD	M5	4285.44	4309.31191	4352.56764	4257.52454			4284.05734848	4284.23437070	0
1790195400	XAUUSD	M5	4282.79	4309.22838	4352.48411	4257.44100			4284.23562191	4284.23499630	1
1790195700	XAUUSD	M5	4284.61	4309.14485	4352.40058	4257.35747			4284.82202184	4284.52850907	0
1790196000	XAUUSD	M5	4285.50	4309.06132	4352.31705	4257.27394			4285.75441533	4285.14146220	0
1790196300	XAUUSD	M5	4285.87	4308.97779	4352.23352	4257.19041			4286.92368902	4286.03257561	0
1790196600	XAUUSD	M5	4289.48	4308.89425	4352.14998	4257.10687			4288.18095010	4287.10676286	0
1790196900	XAUUSD	M5	4287.40	4308.81072	4352.06645	4257.02334			4289.27516363	4288.19096324	0
1790200800	XAUUSD	M5	4293.11	4308.72719	4351.98292	4256.93981			4290.12249729	4289.15673027	0
1790201100	XAUUSD	M5	4292.80	4308.64366	4351.89939	4256.85628	4294.52000		4290.49361043	4289.82517035	0
1790201400	XAUUSD	M5	4288.14	4308.56013	4351.81585	4256.77275			4290.40680713	4290.11598874	0
1790201700	XAUUSD	M5	4287.73	4308.47659	4351.73232	4256.68921			4290.07531080	4290.09564977	1
1790202000	XAUUSD	M5	4291.39	4308.39306	4351.64879	4256.60568			4289.64896889	4289.87230933	0
1790202300	XAUUSD	M5	4288.52	4308.30953	4351.56526	4256.52215			4289.17923290	4289.52577112	0
1790202600	XAUUSD	M5	4288.66	4308.22600	4351.48173	4256.43862			4288.87216761	4289.19896936	0
1790202900	XAUUSD	M5	4289.53	4308.14247	4351.39819	4256.35509			4288.81330690	4289.00613813	0
1790203200	XAUUSD	M5	4289.32	4308.05893	4351.31466	4256.27155			4288.99361505	4288.99987659	0
1790203500	XAUUSD	M5	4289.95	4307.97540	4351.23113	4256.18802			4289.36322819	4289.18155239	1
1790203800	XAUUSD	M5	4288.38	4307.89187	4351.14760	4256.10449			4289.80145468	4289.49150353	0
1790204100	XAUUSD	M5	4289.53	4307.80834	4351.06407	4256.02096			4290.22221829	4289.85686091	0
1790204400	XAUUSD	M5	4290.41	4307.72481	4350.98053	4255.93743			4290.47582536	4290.16634314	0
1790204700	XAUUSD	M5	4290.85	4307.64127	4350.89700	4255.85389			4290.45995894	4290.31315104	0
1790205000	XAUUSD	M5	4291.31	4307.55774	4350.81347	4255.77036			4290.14697251	4290.23006177	1
1790205300	XAUUSD	M5	4290.02	4307.47421	4350.72994	4255.68683			4289.57333243	4289.90169710	0
1790205600	XAUUSD	M5	4289.92	4307.39068	4350.64641	4255.60330			4288.87357762	4289.38763736	0
1790205900	XAUUSD	M5	4288.13	4307.30714	4350.56287	4255.51977			4288.18080268	4288.78422002	0
1790206200	XAUUSD	M5	4285.89	4307.22361	4350.47934	4255.43623			4287.66171408	4288.22296705	0
1790206500	XAUUSD	M5	4286.40	4307.14008	4350.39581	4255.35270			4287.45484877	4287.83890791	0
1790206800	XAUUSD	M5	4285.29	4307.05655	4350.31228	4255.26917			4287.56387893	4287.70139342	0
1790207100	XAUUSD	M5	4289.75	4306.97302	4350.22875	4255.18564			4287.97255079	4287.83697210	1
1790207400	XAUUSD	M5	4290.67	4306.88948	4350.14521	4255.10211			4288.47976740	4288.15836975	0
1790207700	XAUUSD	M5	4288.54	4306.80595	4350.06168	4255.01857			4288.97561481	4288.56699228	0
1790208000	XAUUSD	M5	4289.96	4306.72242	4349.97815	4254.93504			4289.45188125	4289.00943676	0
1790208300	XAUUSD	M5	4291.50	4306.63889	4349.89462	4254.85151			4289.83485960	4289.42214818	0
1790208600	XAUUSD	M5	4289.04	4306.55536	4349.81109	4254.76798			4290.08221448	4289.75218133	0
1790208900	XAUUSD	M5	4288.99	4306.47182	4349.72755	4254.68444			4290.29249891	4290.02234012	0
1790209200	XAUUSD	M5	4287.86	4306.38829	4349.64402	4254.60091			4290.52311217	4290.27272615	0
1790209500	XAUUSD	M5	4291.95	4306.30476	4349.56049	4254.51738			4290.85952549	4290.56612582	0
1790209800	XAUUSD	M5	4291.87	4306.22123	4349.47696	4254.43385			4291.24801164	4290.90706873	0
1790210100	XAUUSD	M5	4291.55	4306.13770	4349.39342	4254.35032			4291.74654883	4291.32680878	0
1790210400	XAUUSD	M5	4294.51	4306.05416	4349.30989	4254.26678			4292.43083404	4291.87882141	0
1790210700	XAUUSD	M5	4292.49	4305.97063	4349.22636	4254.18325			4293.28593927	4292.58238034	0
1790211000	XAUUSD	M5	4295.28	4305.88710	4349.14283	4254.09972			4294.40204946	4293.49221490	0
1790211300	XAUUSD	M5	4298.48	4305.80357	4349.05930	4254.01619			4295.69894538	4294.59558014	0
1790211600	XAUUSD	M5	4292.32	4305.72004	4348.97576	4253.93266			4297.03379849	4295.81468932	0
1790211900	XAUUSD	M5	4296.08	4305.63650	4348.89223	4253.84912			4298.43822317	4297.12645624	0
1790212200	XAUUSD	M5	4302.91	4305.55297	4348.80870	4253.76559			4299.60226618	4298.36436121	0
1790212500	XAUUSD	M5	4300.04	4305.46944	4348.72517	4253.68206	4303.22000		4300.09091917	4299.22764019	0
1790212800	XAUUSD	M5	4297.77	4305.38591	4348.64164	4253.59853			4299.73735487	4299.48249753	0
1790213100	XAUUSD	M5	4299.28	4305.30238	4348.55810	4253.51500			4298.42833921	4298.95541837	1
1790213400	XAUUSD	M5	4297.57	4305.21884	4348.47457	4253.43146			4296.06221699	4297.50881768	0
1790213700	XAUUSD	M5	4293.39	4305.13531	4348.39104	4253.34793			4292.77958273	4295.14420021	0
1790214000	XAUUSD	M5	4289.83	4305.05178	4348.30751	4253.26440			4288.94780740	4292.04600380	0
1790214300	XAUUSD	M5	4284.01	4304.96825	4348.22398	4253.18087			4285.04215981	4288.54408181	0
1790214600	XAUUSD	M5	4282.37	4304.88471	4348.14044	4253.09734			4281.65052570	4285.09730375	0
1790214900	XAUUSD	M5	4279.22	4304.80118	4348.05691	4253.01380			4279.21529291	4282.15629833	0
1790215200	XAUUSD	M5	4275.25	4304.71765	4347.97338	4252.93027			4278.09721485	4280.12675659	0
1790215500	XAUUSD	M5	4276.16	4304.63412	4347.88985	4252.84674		4273.69000	4278.48955767	4279.30815713	0
1790215800	XAUUSD	M5	4282.64	4304.55059	4347.80632	4252.76321			4280.24030935	4279.77423324	1
1790216100	XAUUSD	M5	4284.79	4304.46705	4347.72278	4252.67968			4282.86408221	4281.31915772	0
1790216400	XAUUSD	M5	4285.44	4304.38352	4347.63925	4252.59614			4285.88061045	4283.59988409	0
1790216700	XAUUSD	M5	4286.02	4304.29999	4347.55572	4252.51261			4288.83690538	4286.21839473	0
1790217000	XAUUSD	M5	4292.81	4304.21646	4347.47219	4252.42908			4291.34584406	4288.78211940	0
1790217300	XAUUSD	M5	4295.07	4304.13293	4347.38865	4252.34555			4292.97470676	4290.87841308	0
1790217600	XAUUSD	M5	4295.45	4304.04939	4347.30512	4252.26201			4293.58384838	4292.23113073	0
1790217900	XAUUSD	M5	4292.41	4303.96586	4347.22159	4252.17848			4293.25936939	4292.74525006	0
1790218200	XAUUSD	M5	4289.80	4303.88233	4347.13806	4252.09495			4292.29806485	4292.52165746	1
1790218500	XAUUSD	M5	4290.76	4303.79880	4347.05453	4252.01142			4291.02838085	4291.77501915	0
1790218800	XAUUSD	M5	4290.20	4303.71527	4346.97099	4251.92789			4289.65596411	4290.71549163	0
1790219100	XAUUSD	M5	4286.71	4303.63173	4346.88746	4251.84435			4288.36364982	4289.53957073	0
1790219400	XAUUSD	M5	4287.08	4303.54820	4346.80393	4251.76082			4287.32181251	4288.43069162	0
1790219700	XAUUSD	M5	4287.74	4303.46467	4346.72040	4251.67729			4286.51293469	4287.47181315	0
1790220000	XAUUSD	M5	4287.45	4303.38114	4346.63687	4251.59376			4285.85252555	4286.66216935	0
1790220300	XAUUSD	M5	4285.77	4303.29761	4346.55333	4251.51023			4285.26970019	4285.96593477	0
1790220600	XAUUSD	M5	4284.53	4303.21407	4346.46980	4251.42669			4284.75263296	4285.35928387	0
1790220900	XAUUSD	M5	4285.18	4303.13054	4346.38627	4251.34316			4284.31699238	4284.83813813	0
1790221200	XAUUSD	M5	4281.75	4303.04701	4346.30274	4251.25963			4283.94967942	4284.39390877	0
1790221500	XAUUSD	M5	4283.22	4302.96348	4346.21921	4251.17610		4280.59000	4283.76776328	4284.08083602	0
1790221800	XAUUSD	M5	4283.32	4302.87995	4346.13567	4251.09257			4283.75742328	4283.91912965	0
1790222100	XAUUSD	M5	4285.10	4302.79641	4346.05214	4251.00903			4283.91947067	4283.91930016	1
1790222400	XAUUSD	M5	4284.16	4302.71288	4345.96861	4250.92550			4284.18606357	4284.05268186	0
1790222700	XAUUSD	M5	4284.00	4302.62935	4345.88508	4250.84197			4284.54824429	4284.30046308	0
1790223000	XAUUSD	M5	4284.94	4302.54582	4345.80155	4250.75844			4284.97240440	4284.63643374	0
1790223300	XAUUSD	M5	4286.58	4302.46228	4345.71801	4250.67491			4285.40608679	4285.02126026	0
1790223600	XAUUSD	M5	4284.85	4302.37875	4345.63448	4250.59137			4285.80668138	4285.41397082	0
1790223900	XAUUSD	M5	4286.26	4302.29522	4345.55095	4250.50784			4286.25177261	4285.83287172	0
1790224200	XAUUSD	M5	4288.82	4302.21169	4345.46742	4250.42431			4286.76582001	4286.29934586	0
1790224500	XAUUSD	M5	4287.06	4302.12816	4345.38389	4250.34078			4287.35086869	4286.82510728	0
1790224800	XAUUSD	M5	4286.57	4302.04462	4345.30035	4250.25724			4288.10990782	4287.46750755	0
1790225100	XAUUSD	M5	4288.68	4301.96109	4345.21682	4250.17371			4289.06959271	4288.26855013	0
1790225400	XAUUSD	M5	4289.91	4301.87756	4345.13329	4250.09018			4290.12948329	4289.19901671	0
1790225700	XAUUSD	M5	4289.49	4301.79403	4345.04976	4250.00665			4291.15079991	4290.17490831	0
1790226000	XAUUSD	M5	4295.08	4301.71050	4344.96622	4249.92312			4291.98291029	4291.07890930	0
1790226300	XAUUSD	M5	4293.66	4301.62696	4344.88269	4249.83958	4296.29000		4292.30291759	4291.69091345	0
1790226600	XAUUSD	M5	4290.34	4301.54343	4344.79916	4249.75605			4292.01292800	4291.85192072	0
1790226900	XAUUSD	M5	4289.60	4301.45990	4344.71563	4249.67252			4291.14315329	4291.49753701	1
1790227200	XAUUSD	M5	4289.52	4301.37637	4344.63210	4249.58899			4289.74414382	4290.62084041	0
1790227500	XAUUSD	M5	4290.62	4301.29284	4344.54856	4249.50546			4287.93011923	4289.27547982	0
1790227800	XAUUSD	M5	4285.19	4301.20930	4344.46503	4249.42192			4285.86365845	4287.56956913	0
1790228100	XAUUSD	M5	4284.29	4301.12577	4344.38150	4249.33839			4283.91914979	4285.74435946	0
1790228400	XAUUSD	M5	4281.19	4301.04224	4344.29797	4249.25486			4282.34531438	4284.04483692	0
1790228700	XAUUSD	M5	4283.00	4300.95871	4344.21444	4249.17133			4281.37942714	4282.71213203	0
1790229000	XAUUSD	M5	4280.57	4300.87518	4344.13090	4249.08780			4281.02033309	4281.86623256	0
1790229300	XAUUSD	M5	4279.23	4300.79164	4344.04737	4249.00426			4281.25446349	4281.56034803	0
1790229600	XAUUSD	M5	4279.94	4300.70811	4343.96384	4248.92073			4281.91983607	4281.74009205	1
1790229900	XAUUSD	M5	4286.08	4300.62458	4343.88031	4248.83720			4282.71823554	4282.22916379	0
1790230200	XAUUSD	M5	4282.19	4300.54105	4343.79678	4248.75367			4283.20040730	4282.71478555	0
1790230500	XAUUSD	M5	4283.15	4300.45752	4343.71324	4248.67014			4283.25640273	4282.98559414	0
1790230800	XAUUSD	M5	4284.02	4300.37398	4343.62971	4248.58660			4282.76796367	4282.87677890	1
1790231100	XAUUSD	M5	4282.12	4300.29045	4343.54618	4248.50307			4281.76243673	4282.31960782	0
1790231400	XAUUSD	M5	4281.04	4300.20692	4343.46265	4248.41954			4280.46340916	4281.39150849	0
1790231700	XAUUSD	M5	4279.95	4300.12339	4343.37912	4248.33601			4279.15084943	4280.27117896	0
1790232000	XAUUSD	M5	4277.61	4300.03985	4343.29558	4248.25248			4278.10876613	4279.18997254	0
1790232300	XAUUSD	M5	4275.71	4299.95632	4343.21205	4248.16894			4277.59832014	4278.39414634	0
1790232600	XAUUSD	M5	4276.91	4299.87279	4343.12852	4248.08541			4277.76104925	4278.07759780	0
1790232900	XAUUSD	M5	4276.33	4299.78926	4343.04499	4248.00188			4278.53146722	4278.30453251	1
1790233200	XAUUSD	M5	4279.80	4299.70573	4342.96146	4247.91835			4279.78308612	4279.04380932	0
1790233500	XAUUSD	M5	4283.30	4299.62219	4342.87792	4247.83481			4281.21348424	4280.12864678	0
1790233800	XAUUSD	M5	4284.13	4299.53866	4342.79439	4247.75128			4282.51906344	4281.32385511	0
1790234100	XAUUSD	M5	4286.67	4299.45513	4342.71086	4247.66775	4287.94000		4283.52376628	4282.42381070	0
1790234400	XAUUSD	M5	4281.70	4299.37160	4342.62733	4247.58422			4284.08989593	4283.25685331	0
1790234700	XAUUSD	M5	4284.91	4299.28807	4342.54379	4247.50069			4284.35820198	4283.80752765	0
1790235000	XAUUSD	M5	4282.78	4299.20453	4342.46026	4247.41715			4284.30491894	4284.05622329	0
1790235300	XAUUSD	M5	4284.46	4299.12100	4342.37673	4247.33362			4284.05633267	4284.05627798	0
1790235600	XAUUSD	M5	4282.96	4299.03747	4342.29320	4247.25009			4283.62046692	4283.83837245	1
1790235900	XAUUSD	M5	4280.11	4298.95394	4342.20967	4247.16656			4283.03857254	4283.43847249	0
1790236200	XAUUSD	M5	4283.25	4298.87041	4342.12613	4247.08303			4282.32416871	4282.88132060	0
1790236500	XAUUSD	M5	4278.65	4298.78687	4342.04260	4246.99949			4281.29061296	4282.08596678	0
1790236800	XAUUSD	M5	4284.40	4298.70334	4341.95907	4246.91596			4279.94390622	4281.01493650	0
1790237100	XAUUSD	M5	4282.57	4298.61981	4341.87554	4246.83243			4278.05472344	4279.53482997	0
1790237400	XAUUSD	M5	4277.34	4298.53628	4341.79201	4246.74890			4275.67608989	4277.60545993	0
1790237700	XAUUSD	M5	4271.03	4298.45275	4341.70847	4246.66537			4273.05616074	4275.33081034	0
1790238000	XAUUSD	M5	4265.74	4298.36921	4341.62494	4246.58183			4270.53082842	4272.93081938	0
1790238300	XAUUSD	M5	4264.36	4298.28568	4341.54141	4246.49830			4268.41200017	4270.67140977	0
1790238600	XAUUSD	M5	4267.30	4298.20215	4341.45788	4246.41477			4266.83696127	4268.75418552	0
1790238900	XAUUSD	M5	4268.27	4298.11862	4341.37435	4246.33124			4265.73264120	4267.24341336	0
1790239200	XAUUSD	M5	4268.02	4298.03508	4341.29081	4246.24771			4264.98655953	4266.11498645	0
1790239500	XAUUSD	M5	4267.86	4297.95155	4341.20728	4246.16417			4264.46358678	4265.28928661	0
1790239800	XAUUSD	M5	4262.42	4297.86802	4341.12375	4246.08064			4264.00333528	4264.64631095	0
1790240100	XAUUSD	M5	4261.35	4297.78449	4341.04022	4245.99711			4263.59623166	4264.12127131	0
1790240400	XAUUSD	M5	4259.42	4297.70096	4340.95669	4245.91358			4263.15446376	4263.63786754	0
1790240700	XAUUSD	M5	4263.09	4297.61742	4340.87315	4245.83005			4262.64854368	4263.14320561	0
1790241000	XAUUSD	M5	4262.97	4297.53389	4340.78962	4245.74651			4261.94101704	4262.54211133	0
1790241300	XAUUSD	M5	4262.92	4297.45036	4340.70609	4245.66298			4261.03252585	4261.78731859	0
1790241600	XAUUSD	M5	4263.35	4297.36683	4340.62256	4245.57945			4259.95204822	4260.86968340	0
1790241900	XAUUSD	M5	4255.57	4297.28330	4340.53903	4245.49592			4258.72953800	4259.79961070	0
1790242200	XAUUSD	M5	4257.74	4297.19976	4340.45549	4245.41238			4257.59858998	4258.69910034	0
1790242500	XAUUSD	M5	4257.67	4297.11623	4340.37196	4245.32885			4256.50593782	4257.60251908	0
1790242800	XAUUSD	M5	4252.11	4297.03270	4340.28843	4245.24532			4255.42969603	4256.51610756	0
1790243100	XAUUSD	M5	4252.86	4296.94917	4340.20490	4245.16179			4254.48617179	4255.50113967	0
1790243400	XAUUSD	M5	4253.70	4296.86564	4340.12136	4245.07826			4253.63063574	4254.56588771	0
1790243700	XAUUSD	M5	4255.42	4296.78210	4340.03783	4244.99472			4252.83868658	4253.70228715	0
1790244000	XAUUSD	M5	4253.79	4296.69857	4339.95430	4244.91119			4252.09569223	4252.89898969	0
1790244300	XAUUSD	M5	4252.78	4296.61504	4339.87077	4244.82766			4251.51635049	4252.20767009	0
1790244600	XAUUSD	M5	4252.16	4296.53151	4339.78724	4244.74413			4251.21019788	4251.70893398	0
1790244900	XAUUSD	M5	4252.07	4296.44798	4339.70370	4244.66060			4251.26272398	4251.48582898	0
1790245200	XAUUSD	M5	4247.71	4296.36444	4339.62017	4244.57706			4251.70729914	4251.59656406	1
1790245500	XAUUSD	M5	4245.71	4296.28091	4339.53664	4244.49353			4252.63013363	4252.11334885	0
1790245800	XAUUSD	M5	4253.97	4296.19738	4339.45311	4244.41000		4244.41000	4253.99232074	4253.05283479	0
1790246100	XAUUSD	M5	4260.52	4296.11385	4339.36958	4244.32647			4255.43362815	4254.24323147	0
1790246400	XAUUSD	M5	4258.38	4296.03032	4339.28604	4244.24294			4256.65379688	4255.44851417	0
1790246700	XAUUSD	M5	4262.76	4295.94678	4339.20251	4244.15940			4257.64147264	4256.54499341	0
1790247000	XAUUSD	M5	4257.24	4295.86325	4339.11898	4244.07587			4258.28445166	4257.41472253	0
1790247300	XAUUSD	M5	4258.29	4295.77972	4339.03545	4243.99234			4258.78451156	4258.09961705	0
1790247600	XAUUSD	M5	4256.01	4295.69619	4338.95192	4243.90881			4259.18998295	4258.64480000	0
1790247900	XAUUSD	M5	4254.89	4295.61265	4338.86838	4243.82528			4259.62376371	4259.13428185	0
1790248200	XAUUSD	M5	4258.83	4295.52912	4338.78485	4243.74174			4260.14595049	4259.64011617	0
1790248500	XAUUSD	M5	4261.72	4295.44559	4338.70132	4243.65821			4260.64611279	4260.14311448	0
1790248800	XAUUSD	M5	4266.20	4295.36206	4338.61779	4243.57468			4261.03089504	4260.58700476	0
1790249100	XAUUSD	M5	4263.80	4295.27853	4338.53426	4243.49115			4261.19319293	4260.89009884	0
1790249400	XAUUSD	M5	4261.35	4295.19499	4338.45072	4243.40762			4261.24048728	4261.06529306	0
1790249700	XAUUSD	M5	4259.63	4295.11146	4338.36719	4243.32408			4261.31267441	4261.18898373	0
1790250000	XAUUSD	M5	4260.69	4295.02793	4338.28366	4243.24055			4261.53545258	4261.36221816	0
1790250300	XAUUSD	M5	4260.59	4294.94440	4338.20013	4243.15702			4261.94687591	4261.65454704	0
1790250600	XAUUSD	M5	4260.62	4294.86087	4338.11660	4243.07349			4262.58961641	4262.12208172	0
1790250900	XAUUSD	M5	4265.91	4294.77733	4338.03306	4242.98995			4263.46219643	4262.79213907	0
1790251200	XAUUSD	M5	4261.78	4294.69380	4337.94953	4242.90642			4264.39594881	4263.59404394	0
1790251500	XAUUSD	M5	4265.11	4294.61027	4337.86600	4242.82289			4265.45780480	4264.52592437	0
1790251800	XAUUSD	M5	4268.82	4294.52674	4337.78247	4242.73936			4266.52635862	4265.52614149	0
1790252100	XAUUSD	M5	4269.13	4294.44321	4337.69893	4242.65583			4267.49817899	4266.51216024	0
1790252400	XAUUSD	M5	4270.08	4294.35967	4337.61540	4242.57229			4268.40303252	4267.45759638	0
1790252700	XAUUSD	M5	4271.41	4294.27614	4337.53187	4242.48876			4269.30516235	4268.38137937	0
1790253000	XAUUSD	M5	4266.87	4294.19261	4337.44834	4242.40523			4270.29851727	4269.33994832	0
1790253300	XAUUSD	M5	4268.43	4294.10908	4337.36481	4242.32170			4271.62403683	4270.48199258	0
1790253600	XAUUSD	M5	4271.87	4294.02555	4337.28127	4242.23817			4273.29558844	4271.88879051	0
1790253900	XAUUSD	M5	4274.19	4293.94201	4337.19774	4242.15463			4275.18095295	4273.53487173	0
1790254200	XAUUSD	M5	4280.19	4293.85848	4337.11421	4242.07110			4277.08173499	4275.30830336	0
1790254500	XAUUSD	M5	4281.09	4293.77495	4337.03068	4241.98757			4278.64794228	4276.97812282	0
1790254800	XAUUSD	M5	4280.44	4293.69142	4336.94715	4241.90404	4284.96000		4279.66846648	4278.32329465	0
1790255100	XAUUSD	M5	4279.63	4293.60789	4336.86361	4241.82051			4280.02126507	4279.17227986	0
1790255400	XAUUSD	M5	4278.37	4293.52435	4336.78008	4241.73697			4279.67153604	4279.42190795	0
1790255700	XAUUSD	M5	4277.94	4293.44082	4336.69655	4241.65344			4278.69965856	4279.06078325	1
1790256000	XAUUSD	M5	4277.15	4293.35729	4336.61302	4241.56991			4277.25007377	4278.15542851	0
1790256300	XAUUSD	M5	4276.38	4293.27376	4336.52949	4241.48638			4275.53720653	4276.84631752	0
1790256600	XAUUSD	M5	4272.86	4293.19022	4336.44595	4241.40285			4273.78683608	4275.31657680	0
1790256900	XAUUSD	M5	4271.71	4293.10669	4336.36242	4241.31931			4272.26135734	4273.78896707	0
1790257200	XAUUSD	M5	4273.36	4293.02316	4336.27889	4241.23578			4271.08761788	4272.43829248	0
1790257500	XAUUSD	M5	4271.36	4292.93963	4336.19536	4241.15225			4270.21911578	4271.32870413	0
1790257800	XAUUSD	M5	4266.29	4292.85610	4336.11183	4241.06872			4269.62269858	4270.47570136	0
1790258100	XAUUSD	M5	4267.63	4292.77256	4336.02829	4240.98519			4269.29721740	4269.88645938	0
1790258400	XAUUSD	M5	4270.79	4292.68903	4335.94476	4240.90165			4269.04482989	4269.46564463	0
1790258700	XAUUSD	M5	4270.32	4292.60550	4335.86123	4240.81812			4268.62180725	4269.04372594	0
1790259000	XAUUSD	M5	4269.66	4292.52197	4335.77770	4240.73459			4267.91164621	4268.47768608	0
1790259300	XAUUSD	M5	4264.91	4292.43844	4335.69416	4240.65106			4266.85829724	4267.66799166	0
1790259600	XAUUSD	M5	4263.73	4292.35490	4335.61063	4240.56752			4265.55493706	4266.61146436	0
1790259900	XAUUSD	M5	4267.12	4292.27137	4335.52710	4240.48399			4264.02421275	4265.31783856	0
1790260200	XAUUSD	M5	4261.90	4292.18784	4335.44357	4240.40046			4262.18008136	4263.74895996	0
1790260500	XAUUSD	M5	4256.88	4292.10431	4335.36004	4240.31693			4260.19017236	4261.96956616	0
1790260800	XAUUSD	M5	4256.48	4292.02078	4335.27650	4240.23340			4258.22735294	4260.09845955	0
1790261100	XAUUSD	M5	4257.34	4291.93724	4335.19297	4240.14986			4256.34552200	4258.22199077	0
1790261400	XAUUSD	M5	4259.85	4291.85371	4335.10944	4240.06633			4254.57695531	4256.39947304	0
1790261700	XAUUSD	M5	4253.25	4291.77018	4335.02591	4239.98280			4252.92035398	4254.65991351	0
1790262000	XAUUSD	M5	4250.68	4291.68665	4334.94238	4239.89927			4251.61834111	4253.13912731	0
1790262300	XAUUSD	M5	4249.65	4291.60312	4334.85884	4239.81574			4250.78565309	4251.96239020	0
1790262600	XAUUSD	M5	4246.96	4291.51958	4334.77531	4239.73220		4244.82000	4250.43935704	4251.20087362	0
1790262900	XAUUSD	M5	4250.53	4291.43605	4334.69178	4239.64867			4250.57856708	4250.88972035	0
1790263200	XAUUSD	M5	4255.24	4291.35252	4334.60825	4239.56514			4250.99030928	4250.94001482	1
1790263500	XAUUSD	M5	4250.32	4291.26899	4334.52472	4239.48161			4251.42535820	4251.18268651	0
1790263800	XAUUSD	M5	4248.21	4291.18546	4334.44118	4239.39808			4251.93514446	4251.55891548	0
1790264100	XAUUSD	M5	4253.74	4291.10192	4334.35765	4239.31454			4252.56196162	4252.06043855	0
1790264400	XAUUSD	M5	4255.22	4291.01839	4334.27412	4239.23101			4253.20516484	4252.63280169	0
1790264700	XAUUSD	M5	4254.66	4290.93486	4334.19059	4239.14748			4253.93745869	4253.28513019	0
1790265000	XAUUSD	M5	4257.55	4290.85133	4334.10706	4239.06395			4254.94435772	4254.11474396	0
1790265300	XAUUSD	M5	4256.67	4290.76779	4334.02352	4238.98042			4256.34018946	4255.22746671	0
1790265600	XAUUSD	M5	4258.38	4290.68426	4333.93999	4238.89688			4258.30439598	4256.76593135	0
1790265900	XAUUSD	M5	4253.21	4290.60073	4333.85646	4238.81335			4260.87315582	4258.81954358	0
1790266200	XAUUSD	M5	4258.23	4290.51720	4333.77293	4238.72982			4264.12920041	4261.47437199	0
1790266500	XAUUSD	M5	4274.19	4290.43367	4333.68940	4238.64629	4288.47000		4267.75412802	4264.61425001	0
1790266800	XAUUSD	M5	4276.09	4290.35013	4333.60586	4238.56276			4271.05046561	4267.83235781	0
1790267100	XAUUSD	M5	4275.49	4290.26660	4333.52233	4238.47922			4273.70212105	4270.76723943	0
1790267400	XAUUSD	M5	4273.91	4290.18307	4333.43880	4238.39569			4275.53521348	4273.15122645	0
1790267700	XAUUSD	M5	4277.19	4290.09954	4333.35527	4238.31216			4276.50763522	4274.82943084	0
1790268000	XAUUSD	M5	4274.27	4290.01601	4333.27173	4238.22863			4276.55793654	4275.69368369	0
1790268300	XAUUSD	M5	4275.19	4289.93247	4333.18820	4238.14509			4275.88054869	4275.78711619	0
1790268600	XAUUSD	M5	4272.93	4289.84894	4333.10467	4238.06156			4274.62131490	4275.20421554	1
1790268900	XAUUSD	M5	4273.16	4289.76541	4333.02114	4237.97803			4273.01768114	4274.11094834	0
1790269200	XAUUSD	M5	4271.99	4289.68188	4332.93761	4237.89450			4271.21550064	4272.66322449	0
1790269500	XAUUSD	M5	4271.01	4289.59835	4332.85407	4237.81097			4269.35300266	4271.00811357	0
1790269800	XAUUSD	M5	4271.14	4289.51481	4332.77054	4237.72743			4267.51069577	4269.25940467	0
1790270100	XAUUSD	M5	4262.55	4289.43128	4332.68701	4237.64390			4265.69898976	4267.47919721	0
1790270400	XAUUSD	M5	4261.28	4289.34775	4332.60348	4237.56037			4264.13370382	4265.80645052	0
1790270700	XAUUSD	M5	4262.96	4289.26422	4332.51995	4237.47684			4262.81886349	4264.31265701	0
1790271000	XAUUSD	M5	4263.09	4289.18069	4332.43641	4237.39331			4261.68920699	4263.00093200	0
1790271300	XAUUSD	M5	4262.49	4289.09715	4332.35288	4237.30977			4260.75240139	4261.87666669	0
1790271600	XAUUSD	M5	4258.95	4289.01362	4332.26935	4237.22624			4260.08456520	4260.98061595	0
1790271900	XAUUSD	M5	4258.80	4288.93009	4332.18582	4237.14271			4259.86924501	4260.42493048	0
1790272200	XAUUSD	M5	4260.75	4288.84656	4332.10229	4237.05918			4260.20155864	4260.31324456	0
1790272500	XAUUSD	M5	4264.89	4288.76303	4332.01875	4236.97565			4261.08531539	4260.69927998	1
1790272800	XAUUSD	M5	4257.85	4288.67949	4331.93522	4236.89211		4256.33000	4262.42559164	4261.56243581	0
1790273100	XAUUSD	M5	4262.53	4288.59596	4331.85169	4236.80858			4264.35521485	4262.95882533	0
1790273400	XAUUSD	M5	4269.71	4288.51243	4331.76816	4236.72505			4266.61684047	4264.78783290	0
1790273700	XAUUSD	M5	4269.02	4288.42890	4331.68463	4236.64152			4268.83819157	4266.81301223	0
1790274000	XAUUSD	M5	4269.28	4288.34536	4331.60109	4236.55799			4270.84849115	4268.83075169	0
1790274300	XAUUSD	M5	4274.70	4288.26183	4331.51756	4236.47445			4272.47796526	4270.65435848	0
1790274600	XAUUSD	M5	4270.50	4288.17830	4331.43403	4236.39092			4273.47527405	4272.06481627	0
1790274900	XAUUSD	M5	4277.65	4288.09477	4331.35050	4236.30739	4281.37000		4273.91571477	4272.99026552	0
1790275200	XAUUSD	M5	4271.52	4288.01124	4331.26697	4236.22386			4273.65905482	4273.32466017	0
1790275500	XAUUSD	M5	4272.66	4287.92770	4331.18343	4236.14032			4272.98420658	4273.15443338	1
1790275800	XAUUSD	M5	4273.41	4287.84417	4331.09990	4236.05679			4272.03130407	4272.59286872	0
1790276100	XAUUSD	M5	4271.91	4287.76064	4331.01637	4235.97326			4270.99071509	4271.79179191	0
1790276400	XAUUSD	M5	4268.37	4287.67711	4330.93284	4235.88973			4270.11688455	4270.95433823	0
1790276700	XAUUSD	M5	4269.73	4287.59358	4330.84930	4235.80620			4269.68350692	4270.31892257	0
1790277000	XAUUSD	M5	4267.60	4287.51004	4330.76577	4235.72266			4269.75947166	4270.03919712	0
1790277300	XAUUSD	M5	4271.00	4287.42651	4330.68224	4235.63913			4270.41158875	4270.22539293	1
1790277600	XAUUSD	M5	4274.47	4287.34298	4330.59871	4235.55560			4271.45908238	4270.84223766	0
1790277900	XAUUSD	M5	4272.16	4287.25945	4330.51518	4235.47207			4272.64658842	4271.74441304	0
1790278200	XAUUSD	M5	4272.99	4287.17592	4330.43164	4235.38854			4273.83249879	4272.78845591	0
1790278500	XAUUSD	M5	4275.55	4287.09238	4330.34811	4235.30500			4274.78343346	4273.78594469	0
1790278800	XAUUSD	M5	4274.43	4287.00885	4330.26458	4235.22147			4275.24988282	4274.51791375	0
1790279100	XAUUSD	M5	4273.65	4286.92532	4330.18105	4235.13794			4275.14268529	4274.83029952	0
1790279400	XAUUSD	M5	4274.83	4286.84179	4330.09752	4235.05441			4274.45255439	4274.64142696	1
1790279700	XAUUSD	M5	4273.86	4286.75826	4330.01398	4234.97088			4273.20357293	4273.92249994	0
1790280000	XAUUSD	M5	4272.11	4286.67472	4329.93045	4234.88734			4271.56503357	4272.74376675	0
1790280300	XAUUSD	M5	4270.46	4286.59119	4329.84692	4234.80381			4269.79335583	4271.26856129	0
1790280600	XAUUSD	M5	4269.85	4286.50766	4329.76339	4234.72028			4268.17315006	4269.72085567	0
1790280900	XAUUSD	M5	4265.30	4286.42413	4329.67986	4234.63675			4266.94801982	4268.33443775	0
1790281200	XAUUSD	M5	4265.87	4286.34060	4329.59632	4234.55322			4266.40047679	4267.36745727	0
1790281500	XAUUSD	M5	4265.41	4286.25706	4329.51279	4234.46968		4264.43000	4266.57454593	4266.97100160	0
1790281800	XAUUSD	M5	4266.84	4286.17353	4329.42926	4234.38615			4267.41890817	4267.19495489	1
1790282100	XAUUSD	M5	4268.79	4286.09000	4329.34573	4234.30262			4268.72447998	4267.95971743	0
1790282400	XAUUSD	M5	4270.88	4286.00647	4329.26220	4234.21909			4270.19705247	4269.07838495	0
1790282700	XAUUSD	M5	4271.72	4285.92293	4329.17866	4234.13556			4271.53036727	4270.30437611	0
1790283000	XAUUSD	M5	4272.89	4285.83940	4329.09513	4234.05202			4272.50166155	4271.40301883	0
1790283300	XAUUSD	M5	4273.93	4285.75587	4329.01160	4233.96849			4272.96572856	4272.18437370	0
1790287200	XAUUSD	M5	4274.40	4285.67234	4328.92807	4233.88496			4272.88557273	4272.53497321	0
1790287500	XAUUSD	M5	4271.81	4285.58881	4328.84454	4233.80143			4272.35141497	4272.44319409	1
1790287800	XAUUSD	M5	4270.43	4285.50527	4328.76100	4233.71789			4271.60174326	4272.02246868	0
1790288100	XAUUSD	M5	4268.45	4285.42174	4328.67747	4233.63436			4270.87004366	4271.44625617	0
1790288400	XAUUSD	M5	4270.09	4285.33821	4328.59394	4233.55083			4270.36731730	4270.90678673	0
1790288700	XAUUSD	M5	4271.14	4285.25468	4328.51041	4233.46730			4270.14488633	4270.52583653	0
1790289000	XAUUSD	M5	4272.01	4285.17115	4328.42687	4233.38377			4270.19660028	4270.36121840	0
1790289300	XAUUSD	M5	4270.00	4285.08761	4328.34334	4233.30023			4270.46870583	4270.41496212	1
1790289600	XAUUSD	M5	4270.87	4285.00408	4328.25981	4233.21670			4270.94732358	4270.68114285	0
1790289900	XAUUSD	M5	4271.37	4284.92055	4328.17628	4233.13317			4271.52934309	4271.10524297	0
1790290200	XAUUSD	M5	4272.14	4284.83702	4328.09275	4233.04964			4272.12832666	4271.61678482	0
1790290500	XAUUSD	M5	4272.48	4284.75349	4328.00921	4232.96611			4272.67228829	4272.14453655	0
1790290800	XAUUSD	M5	4273.87	4284.66995	4327.92568	4232.88257			4273.13022909	4272.63738282	0
1790291100	XAUUSD	M5	4273.60	4284.58642	4327.84215	4232.79904			4273.45957984	4273.04848133	0
1790291400	XAUUSD	M5	4273.38	4284.50289	4327.75862	4232.71551			4273.66366576	4273.35607355	0
1790291700	XAUUSD	M5	4273.41	4284.41936	4327.67509	4232.63198			4273.74185238	4273.54896296	0
1790292000	XAUUSD	M5	4273.04	4284.33583	4327.59155	4232.54845			4273.67444406	4273.61170351	0
1790292300	XAUUSD	M5	4271.95	4284.25229	4327.50802	4232.46491			4273.43973848	4273.52572099	1
1790292600	XAUUSD	M5	4272.60	4284.16876	4327.42449	4232.38138			4273.03469393	4273.28020746	0
1790292900	XAUUSD	M5	4274.46	4284.08523	4327.34096	4232.29785			4272.42162213	4272.85091479	0
1790293200	XAUUSD	M5	4274.49	4284.00170	4327.25743	4232.21432			4271.56570938	4272.20831209	0
1790293500	XAUUSD	M5	4271.59	4283.91816	4327.17389	4232.13079			4270.53320794	4271.37076001	0
1790293800	XAUUSD	M5	4267.52	4283.83463	4327.09036	4232.04725			4269.50491703	4270.43783852	0
1790294100	XAUUSD	M5	4264.93	4283.75110	4327.00683	4231.96372			4268.69014331	4269.56399092	0
1790294400	XAUUSD	M5	4269.76	4283.66757	4326.92330	4231.88019		4264.38000	4268.21860558	4268.89129825	0
1790294700	XAUUSD	M5	4268.73	4283.58404	4326.83977	4231.79666			4267.96611477	4268.42870651	0
1790295000	XAUUSD	M5	4266.33	4283.50050	4326.75623	4231.71313			4267.92330918	4268.17600785	0
1790295300	XAUUSD	M5	4267.79	4283.41697	4326.67270	4231.62959			4268.09861825	4268.13731305	0
1790295600	XAUUSD	M5	4269.39	4283.33344	4326.58917	4231.54606			4268.41107430	4268.27419367	1
1790295900	XAUUSD	M5	4270.50	4283.24991	4326.50564	4231.46253			4268.81213991	4268.54316679	0
1790296200	XAUUSD	M5	4269.71	4283.16638	4326.42211	4231.37900			4269.33246446	4268.93781562	0
1790296500	XAUUSD	M5	4269.74	4283.08284	4326.33857	4231.29546			4270.12167594	4269.52974578	0
1790296800	XAUUSD	M5	4271.42	4282.99931	4326.25504	4231.21193			4271.34643060	4270.43808819	0
1790297100	XAUUSD	M5	4273.33	4282.91578	4326.17151	4231.12840			4273.11845540	4271.77827179	0
1790297400	XAUUSD	M5	4273.19	4282.83225	4326.08798	4231.04487			4275.48210861	4273.63019020	0
1790297700	XAUUSD	M5	4278.48	4282.74872	4326.00444	4230.96134			4278.43720500	4276.03369760	0
1790298000	XAUUSD	M5	4281.66	4282.66518	4325.92091	4230.87780			4281.73285415	4278.88327588	0
1790298300	XAUUSD	M5	4284.41	4282.58165	4325.83738	4230.79427			4285.08254835	4281.98291211	0
1790298600	XAUUSD	M5	4289.96	4282.49812	4325.75385	4230.71074			4288.16723137	4285.07507174	0
1790298900	XAUUSD	M5	4289.70	4282.41459	4325.67032	4230.62721			4290.61013740	4287.84260457	0
1790299200	XAUUSD	M5	4293.00	4282.33106	4325.58678	4230.54368			4292.27016787	4290.05638622	0
1790299500	XAUUSD	M5	4293.70	4282.24752	4325.50325	4230.46014			4293.03690681	4291.54664651	0
1790299800	XAUUSD	M5	4292.48	4282.16399	4325.41972	4230.37661			4293.00658925	4292.27661788	0
1790300100	XAUUSD	M5	4294.79	4282.08046	4325.33619	4230.29308			4292.43783026	4292.35722407	0
1790300400	XAUUSD	M5	4292.65	4281.99693	4325.25266	4230.20955	4295.68000		4291.55848258	4291.95785333	1
1790300700	XAUUSD	M5	4288.37	4281.91340	4325.16912	4230.12602			4290.70874934	4291.33330133	0
1790301000	XAUUSD	M5	4287.61	4281.82986	4325.08559	4230.04248			4290.20475952	4290.76903042	0
1790301300	XAUUSD	M5	4287.83	4281.74633	4325.00206	4229.95895			4290.13093265	4290.44998154	0
1790301600	XAUUSD	M5	4291.20	4281.66280	4324.91853	4229.87542			4290.39485825	4290.42241989	0
1790301900	XAUUSD	M5	4294.74	4281.57927	4324.83500	4229.79189			4290.71001057	4290.56621523	1
1790302200	XAUUSD	M5	4290.20	4281.49573	4324.75146	4229.70836			4290.75318385	4290.65969954	0
1790302500	XAUUSD	M5	4290.49	4281.41220	4324.66793	4229.62482			4290.45898412	4290.55934183	1
1790302800	XAUUSD	M5	4290.47	4281.32867	4324.58440	4229.54129			4289.73106469	4290.14520326	0
1790303100	XAUUSD	M5	4288.09	4281.24514	4324.50087	4229.45776			4288.58954935	4289.36737631	0
1790303400	XAUUSD	M5	4287.62	4281.16161	4324.41734	4229.37423			4287.21689632	4288.29213631	0
1790303700	XAUUSD	M5	4285.07	4281.07807	4324.33380	4229.29070			4285.80017793	4287.04615712	0
1790304000	XAUUSD	M5	4285.95	4280.99454	4324.25027	4229.20716			4284.58575030	4285.81595371	0
1790304300	XAUUSD	M5	4280.73	4280.91101	4324.16674	4229.12363			4283.68170769	4284.74883070	0
1790304600	XAUUSD	M5	4282.47	4280.82748	4324.08321	4229.04010			4283.25664961	4284.00274016	0
1790304900	XAUUSD	M5	4283.79	4280.74395	4323.99968	4228.95657			4283.18900776	4283.59587396	0
1790305200	XAUUSD	M5	4283.68	4280.66041	4323.91614	4228.87303			4283.27516944	4283.43552170	0
1790305500	XAUUSD	M5	4284.66	4280.57688	4323.83261	4228.78950			4283.30427232	4283.36989701	0
1790305800	XAUUSD	M5	4282.66	4280.49335	4323.74908	4228.70597			4283.04368405	4283.20679053	0
1790306100	XAUUSD	M5	4283.74	4280.40982	4323.66555	4228.62244			4282.38970116	4282.79824585	0
1790306400	XAUUSD	M5	4282.50	4280.32629	4323.58201	4228.53891			4281.23871360	4282.01847972	0
1790306700	XAUUSD	M5	4278.12	4280.24275	4323.49848	4228.45537			4279.63319456	4280.82583714	0
1790307000	XAUUSD	M5	4276.62	4280.15922	4323.41495	4228.37184			4277.76311945	4279.29447830	0
1790307300	XAUUSD	M5	4274.80	4280.07569	4323.33142	4228.28831			4275.77629573	4277.53538701	0
1790307600	XAUUSD	M5	4273.57	4279.99216	4323.24789	4228.20478			4273.84358688	4275.68948695	0
1790307900	XAUUSD	M5	4271.71	4279.90863	4323.16435	4228.12125			4272.10706804	4273.89827750	0
1790308200	XAUUSD	M5	4271.83	4279.82509	4323.08082	4228.03771			4270.71206199	4272.30516974	0
1790308500	XAUUSD	M5	4270.03	4279.74156	4322.99729	4227.95418			4269.72719388	4271.01618181	0
1790308800	XAUUSD	M5	4271.05	4279.65803	4322.91376	4227.87065			4269.24271828	4270.12945004	0
1790309100	XAUUSD	M5	4270.67	4279.57450	4322.83023	4227.78712			4269.22532485	4269.67738745	0
1790309400	XAUUSD	M5	4268.22	4279.49097	4322.74669	4227.70359			4269.61789357	4269.64764051	0
1790309700	XAUUSD	M5	4268.45	4279.40743	4322.66316	4227.62005			4270.34898769	4269.99831410	1
1790310000	XAUUSD	M5	4270.71	4279.32390	4322.57963	4227.53652			4271.20391449	4270.60111429	0
1790310300	XAUUSD	M5	4271.35	4279.24037	4322.49610	4227.45299			4271.85938211	4271.23024820	0
1790310600	XAUUSD	M5	4271.49	4279.15684	4322.41257	4227.36946			4272.03455519	4271.63240170	0
1790310900	XAUUSD	M5	4270.72	4279.07330	4322.32903	4227.28593			4271.52291933	4271.57766051	1
1790311200	XAUUSD	M5	4272.03	4278.98977	4322.24550	4227.20239			4270.25469416	4270.91617734	0
1790311500	XAUUSD	M5	4270.06	4278.90624	4322.16197	4227.11886			4268.26277657	4269.58947696	0
1790311800	XAUUSD	M5	4268.19	4278.82271	4322.07844	4227.03533			4265.81614378	4267.70281037	0
1790312100	XAUUSD	M5	4263.06	4278.73918	4321.99491	4226.95180			4263.29731775	4265.50006406	0
1790312400	XAUUSD	M5	4259.94	4278.65564	4321.91137	4226.86827			4261.21645071	4263.35825739	0
1790312700	XAUUSD	M5	4259.86	4278.57211	4321.82784	4226.78473			4259.97649440	4261.66737589	0
1790313000	XAUUSD	M5	4256.96	4278.48858	4321.74431	4226.70120		4256.44000	4259.76752838	4260.71745214	0
1790313300	XAUUSD	M5	4260.57	4278.40505	4321.66078	4226.61767			4260.67314347	4260.69529781	0
1790313600	XAUUSD	M5	4259.63	4278.32152	4321.57724	4226.53414			4262.42586281	4261.56058031	1
1790313900	XAUUSD	M5	4264.09	4278.23798	4321.49371	4226.45060			4264.73939419	4263.14998725	0
1790314200	XAUUSD	M5	4269.11	4278.15445	4321.41018	4226.36707			4267.12715429	4265.13857077	0
1790314500	XAUUSD	M5	4273.26	4278.07092	4321.32665	4226.28354			4269.13532890	4267.13694984	0
1790314800	XAUUSD	M5	4274.58	4277.98739	4321.24312	4226.20001			4270.46413783	4268.80054383	0
1790315100	XAUUSD	M5	4270.95	4277.90386	4321.15958	4226.11648			4271.07437649	4269.93746016	0
1790315400	XAUUSD	M5	4268.48	4277.82032	4321.07605	4226.03294			4271.23063845	4270.58404931	0
1790315700	XAUUSD	M5	4266.75	4277.73679	4320.99252	4225.94941			4271.27028666	4270.92716798	0
1790316000	XAUUSD	M5	4271.97	4277.65326	4320.90899	4225.86588			4271.51582542	4271.22149670	0
1790316300	XAUUSD	M5	4268.14	4277.56973	4320.82546	4225.78235			4272.03003796	4271.62576733	0
1790316600	XAUUSD	M5	4274.67	4277.48620	4320.74192	4225.69882			4272.99845133	4272.31210933	0
1790316900	XAUUSD	M5	4278.02	4277.40266	4320.65839	4225.61528	4281.54000		4274.20014690	4273.25612811	0
1790317200	XAUUSD	M5	4278.43	4277.31913	4320.57486	4225.53175			4275.40913913	4274.33263362	0
1790317500	XAUUSD	M5	4274.98	4277.23560	4320.49133	4225.44822			4276.44122890	4275.38693126	0
1790317800	XAUUSD	M5	4276.54	4277.15207	4320.40780	4225.36469			4277.23232457	4276.30962791	0
1790318100	XAUUSD	M5	4276.98	4277.06854	4320.32426	4225.28116			4277.63200281	4276.97081536	0
1790318400	XAUUSD	M5	4277.02	4276.98500	4320.24073	4225.19762			4277.59482094	4277.28281815	0
1790318700	XAUUSD	M5	4276.83	4276.90147	4320.15720	4225.11409			4277.17030740	4277.22656277	1
1790319000	XAUUSD	M5	4276.35	4276.81794	4320.07367	4225.03056			4276.47732763	4276.85194520	0
1790319300	XAUUSD	M5	4275.81	4276.73441	4319.99014	4224.94703			4275.67474327	4276.26334424	0
1790319600	XAUUSD	M5	4273.81	4276.65087	4319.90660	4224.86350			4274.93031763	4275.59683094	0
1790319900	XAUUSD	M5	4276.97	4276.56734	4319.82307	4224.77996			4274.41189939	4275.00436516	0
1790320200	XAUUSD	M5	4275.20	4276.48381	4319.73954	4224.69643			4274.10699795	4274.55568156	0
1790320500	XAUUSD	M5	4272.57	4276.40028	4319.65601	4224.61290			4274.08136566	4274.31852361	0
1790320800	XAUUSD	M5	4274.13	4276.31675	4319.57248	4224.52937			4274.38130631	4274.34991496	1
1790321100	XAUUSD	M5	4273.79	4276.23321	4319.48894	4224.44584			4274.90369833	4274.62680664	0
1790321400	XAUUSD	M5	4275.54	4276.14968	4319.40541	4224.36230			4275.57310206	4275.09995435	0
1790321700	XAUUSD	M5	4276.34	4276.06615	4319.32188	4224.27877			4276.26342369	4275.68168902	0
1790322000	XAUUSD	M5	4276.74	4275.98262	4319.23835	4224.19524			4276.88896647	4276.28532775	0
1790322300	XAUUSD	M5	4278.94	4275.89909	4319.15481	4224.11171			4277.41566406	4276.85049590	0
1790322600	XAUUSD	M5	4278.16	4275.81555	4319.07128	4224.02817			4277.81010834	4277.33030212	0
1790322900	XAUUSD	M5	4279.72	4275.73202	4318.98775	4223.94464			4278.16512197	4277.74771205	0
1790323200	XAUUSD	M5	4275.49	4275.64849	4318.90422	4223.86111			4278.54239258	4278.14505231	0
1790323500	XAUUSD	M5	4278.31	4275.56496	4318.82069	4223.77758			4279.16852361	4278.65678796	0
1790323800	XAUUSD	M5	4281.79	4275.48143	4318.73715	4223.69405			4280.06730965	4279.36204880	0
1790324100	XAUUSD	M5	4281.21	4275.39789	4318.65362	4223.61051			4281.21339227	4280.28772054	0
1790324400	XAUUSD	M5	4281.47	4275.31436	4318.57009	4223.52698			4282.65777735	4281.47274894	0
1790324700	XAUUSD	M5	4284.25	4275.23083	4318.48656	4223.44345			4284.38835984	4282.93055439	0
1790325000	XAUUSD	M5	4287.69	4275.14730	4318.40303	4223.35992			4286.29038774	4284.61047106	0
1790325300	XAUUSD	M5	4286.99	4275.06377	4318.31949	4223.27639			4288.21079599	4286.41063352	0
1790325600	XAUUSD	M5	4292.25	4274.98023	4318.23596	4223.19285			4290.10292102	4288.25677727	0
1790325900	XAUUSD	M5	4291.32	4274.89670	4318.15243	4223.10932			4291.76823138	4290.01250433	0
1790326200	XAUUSD	M5	4292.42	4274.81317	4318.06890	4223.02579			4293.18873668	4291.60062050	0
1790326500	XAUUSD	M5	4293.45	4274.72964	4317.98537	4222.94226			4294.30840495	4292.95451273	0
1790326800	XAUUSD	M5	4295.40	4274.64611	4317.90183	4222.85873			4295.08447711	4294.01949492	0
1790327100	XAUUSD	M5	4297.45	4274.56257	4317.81830	4222.77519			4295.45226931	4294.73588211	0
1790327400	XAUUSD	M5	4293.99	4274.47904	4317.73477	4222.69166			4295.37494288	4295.05541250	0
1790327700	XAUUSD	M5	4293.27	4274.39551	4317.65124	4222.60813			4294.99230293	4295.02385771	1
1790328000	XAUUSD	M5	4296.13	4274.31198	4317.56771	4222.52460			4294.41273740	4294.71829756	0
1790328300	XAUUSD	M5	4290.54	4274.22844	4317.48417	4222.44107			4293.69203869	4294.20516812	0
1790328600	XAUUSD	M5	4296.63	4274.14491	4317.40064	4222.35753			4293.14466983	4293.67491897	0
1790328900	XAUUSD	M5	4293.82	4274.06138	4317.31711	4222.27400			4292.79273601	4293.23382749	0
1790329200	XAUUSD	M5	4294.66	4273.97785	4317.23358	4222.19047			4292.87971556	4293.05677153	0
1790329500	XAUUSD	M5	4292.60	4273.89432	4317.15005	4222.10694			4293.51350763	4293.28513958	1
1790329800	XAUUSD	M5	4292.92	4273.81078	4317.06651	4222.02340			4294.79177172	4294.03845565	0
1790330100	XAUUSD	M5	4295.13	4273.72725	4316.98298	4221.93987			4296.63456537	4295.33651051	0
1790330400	XAUUSD	M5	4295.24	4273.64372	4316.89945	4221.85634			4298.81456649	4297.07553850	0
1790330700	XAUUSD	M5	4301.52	4273.56019	4316.81592	4221.77281			4301.10337521	4299.08945686	0
1790331000	XAUUSD	M5	4307.29	4273.47666	4316.73238	4221.68928			4303.11254552	4301.10100119	0
1790331300	XAUUSD	M5	4305.02	4273.39312	4316.64885	4221.60574			4304.54581587	4302.82340853	0
1790331600	XAUUSD	M5	4306.28	4273.30959	4316.56532	4221.52221			4305.44682122	4304.13511487	0
1790331900	XAUUSD	M5	4308.28	4273.22606	4316.48179	4221.43868			4305.90345471	4305.01928479	0
1790332200	XAUUSD	M5	4305.69	4273.14253	4316.39826	4221.35515			4306.07805407	4305.54866943	0
1790332500	XAUUSD	M5	4303.78	4273.05900	4316.31472	4221.27162			4306.29595332	4305.92231137	0
1790332800	XAUUSD	M5	4305.38	4272.97546	4316.23119	4221.18808			4306.80582410	4306.36406774	0
1790333100	XAUUSD	M5	4305.45	4272.89193	4316.14766	4221.10455			4307.66093753	4307.01250264	0
1790333400	XAUUSD	M5	4309.06	4272.80840	4316.06413	4221.02102			4308.81864343	4307.91557303	0
1790333700	XAUUSD	M5	4311.07	4272.72487	4315.98060	4220.93749			4310.02358652	4308.96957978	0
1790334000	XAUUSD	M5	4310.34	4272.64134	4315.89706	4220.85396			4310.99221376	4309.98089677	0
1790334300	XAUUSD	M5	4314.29	4272.55780	4315.81353	4220.77042			4311.50563878	4310.74326777	0
1790334600	XAUUSD	M5	4312.51	4272.47427	4315.73000	4220.68689	4315.73000		4311.29093870	4311.01710323	0
1790334900	XAUUSD	M5	4310.90	4272.39074	4315.64647	4220.60336			4310.34475174	4310.68092749	1
1790335200	XAUUSD	M5	4309.98	4272.30721	4315.56294	4220.51983			4308.80211974	4309.74152361	0
1790335500	XAUUSD	M5	4304.69	4272.22368	4315.47940	4220.43630			4306.88862787	4308.31507574	0
1790335800	XAUUSD	M5	4304.40	4272.14014	4315.39587	4220.35276			4305.00394309	4306.65950942	0
1790336100	XAUUSD	M5	4300.04	4272.05661	4315.31234	4220.26923			4303.40526952	4305.03238947	0
1790336400	XAUUSD	M5	4301.67	4271.97308	4315.22881	4220.18570			4302.35868165	4303.69553556	0
1790336700	XAUUSD	M5	4302.95	4271.88955	4315.14528	4220.10217			4301.85514679	4302.77534118	0
1790337000	XAUUSD	M5	4303.63	4271.80601	4315.06174	4220.01864			4301.78420676	4302.27977397	0
1790337300	XAUUSD	M5	4303.00	4271.72248	4314.97821	4219.93510			4301.98036816	4302.13007106	0
1790337600	XAUUSD	M5	4304.20	4271.63895	4314.89468	4219.85157			4302.30513483	4302.21760295	1
1790337900	XAUUSD	M5	4303.68	4271.55542	4314.81115	4219.76804			4302.59384980	4302.40572637	0
1790338200	XAUUSD	M5	4299.88	4271.47189	4314.72762	4219.68451			4302.78757127	4302.59664882	0
1790338500	XAUUSD	M5	4299.63	4271.38835	4314.64408	4219.60097			4302.96587962	4302.78126422	0
1790338800	XAUUSD	M5	4303.52	4271.30482	4314.56055	4219.51744			4303.13453676	4302.95790049	0
1790339100	XAUUSD	M5	4306.66	4271.22129	4314.47702	4219.43391			4303.18316105	4303.07053077	0
1790339400	XAUUSD	M5	4302.17	4271.13776	4314.39349	4219.35038			4302.99796870	4303.03424974	1
1790339700	XAUUSD	M5	4302.35	4271.05423	4314.30995	4219.26685			4302.64280244	4302.83852609	0
1790340000	XAUUSD	M5	4301.70	4270.97069	4314.22642	4219.18331			4302.03236263	4302.43544436	0
1790340300	XAUUSD	M5	4301.86	4270.88716	4314.14289	4219.09978			4301.08361609	4301.75953023	0
1790340600	XAUUSD	M5	4299.23	4270.80363	4314.05936	4219.01625			4299.71156770	4300.73554896	0
1790340900	XAUUSD	M5	4298.13	4270.72010	4313.97583	4218.93272			4297.93736603	4299.33645750	0
1790341200	XAUUSD	M5	4291.67	4270.63657	4313.89229	4218.84919			4295.79066472	4297.56356111	0
1790341500	XAUUSD	M5	4297.75	4270.55303	4313.80876	4218.76565			4293.48926056	4295.52641084	0
1790341800	XAUUSD	M5	4292.77	4270.46950	4313.72523	4218.68212			4290.95778535	4293.24209809	0
1790342100	XAUUSD	M5	4290.35	4270.38597	4313.64170	4218.59859			4288.41968430	4290.83089120	0
1790342400	XAUUSD	M5	4285.82	4270.30244	4313.55817	4218.51506			4286.01183899	4288.42136510	0
1790342700	XAUUSD	M5	4278.22	4270.21891	4313.47463	4218.43153			4283.85515469	4286.13825989	0
1790343000	XAUUSD	M5	4280.05	4270.13537	4313.39110	4218.34799			4282.05597183	4284.09711586	0
1790343300	XAUUSD	M5	4281.11	4270.05184	4313.30757	4218.26446			4280.39430484	4282.24571035	0
1790343600	XAUUSD	M5	4278.93	4269.96831	4313.22404	4218.18093			4278.63524131	4280.44047583	0
1790343900	XAUUSD	M5	4278.10	4269.88478	4313.14051	4218.09740			4276.66811117	4278.55429350	0
1790344200	XAUUSD	M5	4280.53	4269.80124	4313.05697	4218.01387			4274.42566126	4276.48997738	0
1790344500	XAUUSD	M5	4275.61	4269.71771	4312.97344	4217.93033			4271.86862152	4274.17929945	0
1790344800	XAUUSD	M5	4258.47	4269.63418	4312.88991	4217.84680			4269.27439700	4271.72684823	0
1790345100	XAUUSD	M5	4266.32	4269.55065	4312.80638	4217.76327		4254.76000	4267.30927389	4269.51806106	0
1790345400	XAUUSD	M5	4267.51	4269.46712	4312.72285	4217.67974			4265.96117372	4267.73961739	0
1790345700	XAUUSD	M5	4266.09	4269.38358	4312.63931	4217.59621			4265.33778431	4266.53870085	0
1790346000	XAUUSD	M5	4268.36	4269.30005	4312.55578	4217.51267			4265.55337666	4266.04603876	0
1790346300	XAUUSD	M5	4265.99	4269.21652	4312.47225	4217.42914			4266.55098924	4266.29851400	1
1790346600	XAUUSD	M5	4264.98	4269.13299	4312.38872	4217.34561			4268.31127780	4267.30489590	0
1790346900	XAUUSD	M5	4271.78	4269.04946	4312.30519	4217.26208			4270.69052295	4268.99770942	0
1790347200	XAUUSD	M5	4273.19	4268.96592	4312.22165	4217.17854			4273.27089199	4271.13430071	0
1790347500	XAUUSD	M5	4277.90	4268.88239	4312.13812	4217.09501			4275.75178193	4273.44304132	0
1790347800	XAUUSD	M5	4277.10	4268.79886	4312.05459	4217.01148			4277.76709462	4275.60506797	0
1790348100	XAUUSD	M5	4279.08	4268.71533	4311.97106	4216.92795			4279.15748981	4277.38127889	0
1790348400	XAUUSD	M5	4281.98	4268.63180	4311.88752	4216.84442			4279.79180471	4278.58654180	0
1790348700	XAUUSD	M5	4275.67	4268.54826	4311.80399	4216.76088			4279.62755854	4279.10705017	0
1790349000	XAUUSD	M5	4280.10	4268.46473	4311.72046	4216.67735			4278.97133543	4279.03919280	1
1790349300	XAUUSD	M5	4274.98	4268.38120	4311.63693	4216.59382			4277.92901794	4278.48410537	0
1790349600	XAUUSD	M5	4275.96	4268.29767	4311.55340	4216.51029			4276.91455766	4277.69933152	0
1790349900	XAUUSD	M5	4279.74	4268.21414	4311.46986	4216.42676			4276.19633514	4276.94783333	0
1790350200	XAUUSD	M5	4282.80	4268.13060	4311.38633	4216.34322			4275.94456951	4276.44620142	0
1790350500	XAUUSD	M5	4276.48	4268.04707	4311.30280	4216.25969			4276.29716435	4276.37168288	0
1790350800	XAUUSD	M5	4275.01	4267.96354	4311.21927	4216.17616			4277.54505936	4276.95837112	1
1790351100	XAUUSD	M5	4271.62	4267.88001	4311.13574	4216.09263			4279.71490038	4278.33663575	0
1790351400	XAUUSD	M5	4277.52	4267.79648	4311.05220	4216.00910			4282.70279576	4280.51971576	0
1790351700	XAUUSD	M5	4290.71	4267.71294	4310.96867	4215.92556			4286.00121307	4283.26046441	0
1790352000	XAUUSD	M5	4294.65	4267.62941	4310.88514	4215.84203			4288.84038116	4286.05042279	0
1790352300	XAUUSD	M5	4293.77	4267.54588	4310.80161	4215.75850	4300.24000		4290.74726251	4288.39884265	0
1790352600	XAUUSD	M5	4290.48	4267.46235	4310.71808	4215.67497			4291.54352232	4289.97118249	0
1790352900	XAUUSD	M5	4288.74	4267.37881	4310.63454	4215.59144			4291.31193997	4290.64156123	0
1790353200	XAUUSD	M5	4288.22	4267.29528	4310.55101	4215.50790			4290.27703885	4290.45930004	1
1790353500	XAUUSD	M5	4292.12	4267.21175	4310.46748	4215.42437			4288.77249691	4289.61589848	0
1790353800	XAUUSD	M5	4284.00	4267.12822	4310.38395	4215.34084			4287.09328023	4288.35458935	0
1790354100	XAUUSD	M5	4287.28	4267.04469	4310.30042	4215.25731			4285.84708707	4287.10083821	0
1790354400	XAUUSD	M5	4287.15	4266.96115	4310.21688	4215.17378			4285.21584110	4286.15833966	0
1790354700	XAUUSD	M5	4282.82	4266.87762	4310.13335	4215.09024			4285.31942691	4285.73888329	0
1790355000	XAUUSD	M5	4284.65	4266.79409	4310.04982	4215.00671			4286.21918022	4285.97903176	1
1790355300	XAUUSD	M5	4286.47	4266.71056	4309.96629	4214.92318			4287.65156547	4286.81529861	0
1790355600	XAUUSD	M5	4291.13	4266.62703	4309.88276	4214.83965			4289.24285796	4288.02907829	0
1790355900	XAUUSD	M5	4292.83	4266.54349	4309.79922	4214.75611			4290.51798093	4289.27352961	0
1790356200	XAUUSD	M5	4291.41	4266.45996	4309.71569	4214.67258			4291.14225358	4290.20789160	0
1790356500	XAUUSD	M5	4290.74	4266.37643	4309.63216	4214.58905			4291.01013078	4290.60901119	0
1790356800	XAUUSD	M5	4292.18	4266.29290	4309.54863	4214.50552			4290.15707704	4290.38304411	1
1790357100	XAUUSD	M5	4286.66	4266.20937	4309.46509	4214.42199			4288.70841258	4289.54572835	0
1790357400	XAUUSD	M5	4285.12	4266.12583	4309.38156	4214.33845			4287.06038323	4288.30305579	0
1790357700	XAUUSD	M5	4284.18	4266.04230	4309.29803	4214.25492			4285.51565176	4286.90935377	0
1790358000	XAUUSD	M5	4285.68	4265.95877	4309.21450	4214.17139			4284.31273107	4285.61104242	0
1790358300	XAUUSD	M5	4284.23	4265.87524	4309.13097	4214.08786			4283.53444691	4284.57274467	0
1790358600	XAUUSD	M5	4283.94	4265.79171	4309.04743	4214.00433			4283.25508818	4283.91391642	0
1790358900	XAUUSD	M5	4283.19	4265.70817	4308.96390	4213.92079			4283.43883923	4283.67637783	0
1790359200	XAUUSD	M5	4283.33	4265.62464	4308.88037	4213.83726			4284.01433578	4283.84535680	1
1790359500	XAUUSD	M5	4285.50	4265.54111	4308.79684	4213.75373			4284.87286806	4284.35911243	0
1790359800	XAUUSD	M5	4284.78	4265.45758	4308.71331	4213.67020			4285.87563957	4285.11737600	0
1790360100	XAUUSD	M5	4288.47	4265.37405	4308.62977	4213.58667			4286.98726424	4286.05232012	0
1790360400	XAUUSD	M5	4288.96	4265.29051	4308.54624	4213.50313			4288.08761801	4287.06996907	0
1790360700	XAUUSD	M5	4287.52	4265.20698	4308.46271	4213.41960			4289.16016850	4288.11506878	0
1790361000	XAUUSD	M5	4292.26	4265.12345	4308.37918	4213.33607			4290.24605998	4289.18056438	0
1790361300	XAUUSD	M5	4287.74	4265.03992	4308.29565	4213.25254			4291.23356944	4290.20706691	0
1790361600	XAUUSD	M5	4291.77	4264.95638	4308.21211	4213.16901			4292.22640923	4291.21673807	0
1790361900	XAUUSD	M5	4294.78	4264.87285	4308.12858	4213.08547			4293.07534142	4292.14603974	0
1790362200	XAUUSD	M5	4294.68	4264.78932	4308.04505	4213.00194			4293.63072964	4292.88838469	0
1790362500	XAUUSD	M5	4294.88	4264.70579	4307.96152	4212.91841			4293.84197346	4293.36517908	0
1790362800	XAUUSD	M5	4289.76	4264.62226	4307.87799	4212.83488			4293.69354582	4293.52936245	0
1790363100	XAUUSD	M5	4293.86	4264.53872	4307.79445	4212.75135			4293.36803957	4293.44870101	1
1790363400	XAUUSD	M5	4296.77	4264.45519	4307.71092	4212.66781	4297.25000		4292.83680980	4293.14275541	0
1790363700	XAUUSD	M5	4292.87	4264.37166	4307.62739	4212.58428			4292.13888388	4292.64081964	0
1790364000	XAUUSD	M5	4290.08	4264.28813	4307.54386	4212.50075			4291.51187594	4292.07634779	0
1790364300	XAUUSD	M5	4289.00	4264.20460	4307.46032	4212.41722			4291.13561030	4291.60597905	0
1790364600	XAUUSD	M5	4288.78	4264.12106	4307.37679	4212.33368			4291.07482482	4291.34040194	0
1790364900	XAUUSD	M5	4293.30	4264.03753	4307.29326	4212.25015			4291.28754942	4291.31397568	0
1790365200	XAUUSD	M5	4292.38	4263.95400	4307.20973	4212.16662			4291.55147158	4291.43272363	1
1790365500	XAUUSD	M5	4292.90	4263.87047	4307.12620	4212.08309			4291.77018600	4291.60145481	0
1790365800	XAUUSD	M5	4290.93	4263.78694	4307.04266	4211.99956			4291.82846597	4291.71496039	0
1790366100	XAUUSD	M5	4291.36	4263.70340	4306.95913	4211.91602			4291.71231593	4291.71363816	1
1790366400	XAUUSD	M5	4291.32	4263.61987	4306.87560	4211.83249			4291.39473645	4291.55418731	0
1790366700	XAUUSD	M5	4291.55	4263.53634	4306.79207	4211.74896			4290.89766804	4291.22592767	0
1790367000	XAUUSD	M5	4290.72	4263.45281	4306.70854	4211.66543			4290.26209537	4290.74401152	0
1790367300	XAUUSD	M5	4289.97	4263.36928	4306.62500	4211.58190			4289.55948021	4290.15174586	0
1790367600	XAUUSD	M5	4288.57	4263.28574	4306.54147	4211.49836			4288.84170138	4289.49672362	0
1790367900	XAUUSD	M5	4287.39	4263.20221	4306.45794	4211.41483			4288.13771365	4288.81721864	0
1790368200	XAUUSD	M5	4286.27	4263.11868	4306.37441	4211.33130			4287.42010387	4288.11866125	0
1790368500	XAUUSD	M5	4285.78	4263.03515	4306.29088	4211.24777			4286.61322273	4287.36594199	0
1790368800	XAUUSD	M5	4284.81	4262.95162	4306.20734	4211.16424			4285.59169930	4286.47882065	0
1790369100	XAUUSD	M5	4285.16	4262.86808	4306.12381	4211.08070			4284.23831748	4285.35856906	0
1790369400	XAUUSD	M5	4285.10	4262.78455	4306.04028	4210.99717			4282.42570699	4283.89213803	0
1790369700	XAUUSD	M5	4285.96	4262.70102	4305.95675	4210.91364			4280.10037830	4281.99625817	0
1790546400	XAUUSD	M5	4272.70	4262.61749	4305.87322	4210.83011			4277.26774245	4279.63200031	0
1790546700	XAUUSD	M5	4273.68	4262.53395	4305.78968	4210.74658			4274.37403319	4277.00301675	0
1790547000	XAUUSD	M5	4266.18	4262.45042	4305.70615	4210.66304			4271.50390013	4274.25345844	0
1790547300	XAUUSD	M5	4268.21	4262.36689	4305.62262	4210.57951			4268.93726334	4271.59536089	0
1790547600	XAUUSD	M5	4268.58	4262.28336	4305.53909	4210.49598			4266.66813870	4269.13174980	0
1790547900	XAUUSD	M5	4268.66	4262.19983	4305.45556	4210.41245			4264.71405947	4266.92290463	0
1790548200	XAUUSD	M5	4263.19	4262.11629	4305.37202	4210.32891			4263.08932836	4265.00611650	0
1790548500	XAUUSD	M5	4263.09	4262.03276	4305.28849	4210.24538			4261.95469399	4263.48040524	0
1790548800	XAUUSD	M5	4261.58	4261.94923	4305.20496	4210.16185			4261.30622243	4262.39331383	0
1790549100	XAUUSD	M5	4259.37	4261.86570	4305.12143	4210.07832			4261.15068577	4261.77199980	0
1790549400	XAUUSD	M5	4258.85	4261.78217	4305.03789	4209.99479			4261.47404557	4261.62302269	0
1790549700	XAUUSD	M5	4260.09	4261.69863	4304.95436	4209.91125			4262.16390810	4261.89346539	1
1790550000	XAUUSD	M5	4264.72	4261.61510	4304.87083	4209.82772			4263.01574731	4262.45460635	0
1790550300	XAUUSD	M5	4264.96	4261.53157	4304.78730	4209.74419			4263.72413988	4263.08937312	0
1790550600	XAUUSD	M5	4264.92	4261.44804	4304.70377	4209.66066			4264.13972074	4263.61454693	0
1790550900	XAUUSD	M5	4264.55	4261.36451	4304.62023	4209.57713			4264.18634274	4263.90044483	0
1790551200	XAUUSD	M5	4265.28	4261.28097	4304.53670	4209.49359			4263.87197159	4263.88620821	1
1790551500	XAUUSD	M5	4263.33	4261.19744	4304.45317	4209.41006			4263.24485968	4263.56553395	0
1790551800	XAUUSD	M5	4261.07	4261.11391	4304.36964	4209.32653			4262.46823081	4263.01688238	0
1790552100	XAUUSD	M5	4260.32	4261.03038	4304.28611	4209.24300			4261.72284744	4262.36986491	0
1790552400	XAUUSD	M5	4260.36	4260.94685	4304.20257	4209.15947			4261.11326158	4261.74156324	0
1790552700	XAUUSD	M5	4261.89	4260.86331	4304.11904	4209.07593			4260.64919825	4261.19538075	0
1790553000	XAUUSD	M5	4260.58	4260.77978	4304.03551	4208.99240			4260.21673447	4260.70605761	0
1790553300	XAUUSD	M5	4260.45	4260.69625	4303.95198	4208.90887			4259.70115947	4260.20360854	0
1790553600	XAUUSD	M5	4258.19	4260.61272	4303.86845	4208.82534			4258.90680705	4259.55520780	0
1790553900	XAUUSD	M5	4255.49	4260.52919	4303.78491	4208.74181			4257.68287765	4258.61904272	0
1790554200	XAUUSD	M5	4256.26	4260.44565	4303.70138	4208.65827			4255.91157673	4257.26530973	0
1790554500	XAUUSD	M5	4255.21	4260.36212	4303.61785	4208.57474			4253.44749330	4255.35640152	0
1790554800	XAUUSD	M5	4253.07	4260.27859	4303.53432	4208.49121			4250.29354613	4252.82497382	0
1790555100	XAUUSD	M5	4249.91	4260.19506	4303.45079	4208.40768			4246.59948637	4249.71223009	0
1790555400	XAUUSD	M5	4235.79	4260.11152	4303.36725	4208.32415			4242.63352077	4246.17287543	0
1790555700	XAUUSD	M5	4236.69	4260.02799	4303.28372	4208.24061			4238.97561574	4242.57424559	0
1790556000	XAUUSD	M5	4236.97	4259.94446	4303.20019	4208.15708			4235.73688525	4239.15556542	0
1790556300	XAUUSD	M5	4234.54	4259.86093	4303.11666	4208.07355			4232.94826384	4236.05191463	0
1790556600	XAUUSD	M5	4230.36	4259.77740	4303.03313	4207.99002			4230.60382483	4233.32786973	0
1790556900	XAUUSD	M5	4230.95	4259.69386	4302.94959	4207.90648			4228.65856718	4230.99321846	0
1790557200	XAUUSD	M5	4227.10	4259.61033	4302.86606	4207.82295			4226.88085339	4228.93703592	0
1790557500	XAUUSD	M5	4223.98	4259.52680	4302.78253	4207.73942			4225.14965452	4227.04334522	0
1790557800	XAUUSD	M5	4220.77	4259.44327	4302.69900	4207.65589			4223.35172627	4225.19753574	0
1790558100	XAUUSD	M5	4220.15	4259.35974	4302.61546	4207.57236			4221.44522216	4223.32137895	0
1790558400	XAUUSD	M5	4220.41	4259.27620	4302.53193	4207.48882			4219.40412493	4221.36275194	0
1790558700	XAUUSD	M5	4220.60	4259.19267	4302.44840	4207.40529			4217.27094700	4219.31684947	0
1790559000	XAUUSD	M5	4219.05	4259.10914	4302.36487	4207.32176			4215.17938800	4217.24811873	0
1790559300	XAUUSD	M5	4210.10	4259.02561	4302.28134	4207.23823			4213.36511763	4215.30661818	0
1790559600	XAUUSD	M5	4209.67	4258.94208	4302.19780	4207.15470			4212.25077944	4213.77869881	0
1790559900	XAUUSD	M5	4211.08	4258.85854	4302.11427	4207.07116			4211.94465534	4212.86167708	0
1790560200	XAUUSD	M5	4211.36	4258.77501	4302.03074	4206.98763			4212.36983772	4212.61575740	0
1790560500	XAUUSD	M5	4216.10	4258.69148	4301.94721	4206.90410			4213.33742042	4212.97658891	1
1790560800	XAUUSD	M5	4214.09	4258.60795	4301.86368	4206.82057			4214.44041031	4213.70849961	0
1790561100	XAUUSD	M5	4214.58	4258.52442	4301.78014	4206.73704			4215.41287499	4214.56068730	0
1790561400	XAUUSD	M5	4215.85	4258.44088	4301.69661	4206.65350			4215.94468707	4215.25268719	0
1790561700	XAUUSD	M5	4216.55	4258.35735	4301.61308	4206.56997			4215.77962813	4215.51615766	0
1790562000	XAUUSD	M5	4215.96	4258.27382	4301.52955	4206.48644			4214.79881539	4215.15748652	1
1790562300	XAUUSD	M5	4215.01	4258.19029	4301.44602	4206.40291			4213.05788546	4214.10768599	0
1790562600	XAUUSD	M5	4209.01	4258.10675	4301.36248	4206.31938			4210.74234473	4212.42501536	0
1790562900	XAUUSD	M5	4206.28	4258.02322	4301.27895	4206.23584			4208.23618020	4210.33059778	0
1790563200	XAUUSD	M5	4207.12	4257.93969	4301.19542	4206.15231			4205.83437214	4208.08248496	0
1790563500	XAUUSD	M5	4204.15	4257.85616	4301.11189	4206.06878			4203.67259557	4205.87754027	0
1790563800	XAUUSD	M5	4201.53	4257.77263	4301.02836	4205.98525			4201.90109611	4203.88931819	0
1790564100	XAUUSD	M5	4196.75	4257.68909	4300.94482	4205.90172			4200.56612558	4202.22772188	0
1790564400	XAUUSD	M5	4199.24	4257.60556	4300.86129	4205.81818			4199.67816280	4200.95294234	0
1790564700	XAUUSD	M5	4202.38	4257.52203	4300.77776	4205.73465			4199.00858660	4199.98076447	0
1790565000	XAUUSD	M5	4200.30	4257.43850	4300.69423	4205.65112			4198.30324365	4199.14200406	0
1790565300	XAUUSD	M5	4198.70	4257.35497	4300.61070	4205.56759			4197.50826452	4198.32513429	0
1790565600	XAUUSD	M5	4195.47	4257.27143	4300.52716	4205.48405			4196.64930144	4197.48721786	0
1790565900	XAUUSD	M5	4196.05	4257.18790	4300.44363	4205.40052			4195.86758774	4196.67740280	0
1790566200	XAUUSD	M5	4192.45	4257.10437	4300.36010	4205.31699			4195.24599327	4195.96169803	0
1790566500	XAUUSD	M5	4195.16	4257.02084	4300.27657	4205.23346			4194.97541465	4195.46855634	0
1790566800	XAUUSD	M5	4193.15	4256.93731	4300.19303	4205.14993			4195.03306887	4195.25081261	0
1790567100	XAUUSD	M5	4195.96	4256.85377	4300.10950	4205.06639			4195.45671978	4195.35376619	1
1790567400	XAUUSD	M5	4199.11	4256.77024	4300.02597	4204.98286			4196.09345001	4195.72360810	0
1790567700	XAUUSD	M5	4196.84	4256.68671	4299.94244	4204.89933			4196.74388971	4196.23374890	0
1790568000	XAUUSD	M5	4196.03	4256.60318	4299.85891	4204.81580			4197.35318009	4196.79346449	0
1790568300	XAUUSD	M5	4198.28	4256.51965	4299.77537	4204.73227			4197.84965123	4197.32155786	0
1790568600	XAUUSD	M5	4199.43	4256.43611	4299.69184	4204.64873			4198.12499946	4197.72327866	0
1790568900	XAUUSD	M5	4197.06	4256.35258	4299.60831	4204.56520			4198.15065948	4197.93696907	0
1790569200	XAUUSD	M5	4196.83	4256.26905	4299.52478	4204.48167			4198.02950724	4197.98323816	0
1790569500	XAUUSD	M5	4199.61	4256.18552	4299.44125	4204.39814			4197.83457766	4197.90890791	1
1790569800	XAUUSD	M5	4196.39	4256.10199	4299.35771	4204.31461			4197.54852559	4197.72871675	0
1790570100	XAUUSD	M5	4196.17	4256.01845	4299.27418	4204.23107			4197.28387894	4197.50629784	0
1790570400	XAUUSD	M5	4198.20	4255.93492	4299.19065	4204.14754			4197.02809448	4197.26719616	0
1790570700	XAUUSD	M5	4197.24	4255.85139	4299.10712	4204.06401			4196.66647004	4196.96683310	0
1790571000	XAUUSD	M5	4196.06	4255.76786	4299.02359	4203.98048			4196.13942889	4196.55313100	0
1790571300	XAUUSD	M5	4194.67	4255.68432	4298.94005	4203.89695			4195.39866207	4195.97589653	0
1790571600	XAUUSD	M5	4195.40	4255.60079	4298.85652	4203.81341			4194.42139950	4195.19864802	0
1790571900	XAUUSD	M5	4192.46	4255.51726	4298.77299	4203.72988			4193.16648145	4194.18256473	0
1790572200	XAUUSD	M5	4192.54	4255.43373	4298.68946	4203.64635			4191.72492361	4192.95374417	0
1790572500	XAUUSD	M5	4189.55	4255.35020	4298.60593	4203.56282			4190.13018119	4191.54196268	0
1790572800	XAUUSD	M5	4187.20	4255.26666	4298.52239	4203.47929			4188.50562078	4190.02379173	0
1790573100	XAUUSD	M5	4190.52	4255.18313	4298.43886	4203.39575			4186.94307686	4188.48343430	0
1790573400	XAUUSD	M5	4184.03	4255.09960	4298.35533	4203.31222			4185.36737155	4186.92540292	0
1790573700	XAUUSD	M5	4181.47	4255.01607	4298.27180	4203.22869			4183.93518338	4185.43029315	0
1790574000	XAUUSD	M5	4183.42	4254.93254	4298.18827	4203.14516			4182.67931572	4184.05480444	0
1790574300	XAUUSD	M5	4180.61	4254.84900	4298.10473	4203.06162			4181.49593920	4182.77537182	0
1790574600	XAUUSD	M5	4182.82	4254.76547	4298.02120	4202.97809			4180.40608214	4181.59072698	0
1790574900	XAUUSD	M5	4179.37	4254.68194	4297.93767	4202.89456			4179.30998481	4180.45035590	0
1790575200	XAUUSD	M5	4176.12	4254.59841	4297.85414	4202.81103			4178.27423411	4179.36229500	0
1790575500	XAUUSD	M5	4179.18	4254.51488	4297.77060	4202.72750			4177.36761313	4178.36495407	0
1790575800	XAUUSD	M5	4178.85	4254.43134	4297.68707	4202.64396			4176.49447982	4177.42971694	0
1790576100	XAUUSD	M5	4174.44	4254.34781	4297.60354	4202.56043			4175.64759971	4176.53865833	0
1790576400	XAUUSD	M5	4173.42	4254.26428	4297.52001	4202.47690			4174.92367169	4175.73116501	0
1790576700	XAUUSD	M5	4169.92	4254.18075	4297.43648	4202.39337			4174.31103217	4175.02109859	0
1790577000	XAUUSD	M5	4175.10	4254.09722	4297.35294	4202.30984			4173.82817429	4174.42463644	0
1790577300	XAUUSD	M5	4176.81	4254.01368	4297.26941	4202.22630			4173.22857539	4173.82660592	0
1790577600	XAUUSD	M5	4171.83	4253.93015	4297.18588	4202.14277			4172.34546397	4173.08603494	0
1790577900	XAUUSD	M5	4175.81	4253.84662	4297.10235	4202.05924			4171.21081867	4172.14842681	0
1790578200	XAUUSD	M5	4167.34	4253.76309	4297.01882	4201.97571			4169.66251980	4170.90547330	0
1790578500	XAUUSD	M5	4164.17	4253.67956	4296.93528	4201.89218			4167.91123545	4169.40835438	0
1790578800	XAUUSD	M5	4165.51	4253.59602	4296.85175	4201.80864			4166.06470224	4167.73652831	0
1790579100	XAUUSD	M5	4165.16	4253.51249	4296.76822	4201.72511			4164.13890831	4165.93771831	0
1790579400	XAUUSD	M5	4161.08	4253.42896	4296.68469	4201.64158			4162.20771464	4164.07271647	0
1790579700	XAUUSD	M5	4162.59	4253.34543	4296.60116	4201.55805			4160.45397799	4162.26334723	0
1790580000	XAUUSD	M5	4159.76	4253.26189	4296.51762	4201.47452			4158.90736426	4160.58535575	0
1790580300	XAUUSD	M5	4158.22	4253.17836	4296.43409	4201.39098			4157.69478419	4159.14006997	0
1790580600	XAUUSD	M5	4158.50	4253.09483	4296.35056	4201.30745			4156.87523889	4158.00765443	0
1790580900	XAUUSD	M5	4154.35	4253.01130	4296.26703	4201.22392			4156.40622803	4157.20694123	0
1790581200	XAUUSD	M5	4153.86	4252.92777	4296.18350	4201.14039			4156.30914084	4156.75804103	0
1790581500	XAUUSD	M5	4155.76	4252.84423	4296.09996	4201.05686			4156.44898208	4156.60351156	0
1790581800	XAUUSD	M5	4156.84	4252.76070	4296.01643	4200.97332			4156.58904113	4156.59627635	0
1790582100	XAUUSD	M5	4155.57	4252.67717	4295.93290	4200.88979			4156.50956347	4156.55291991	0
1790582400	XAUUSD	M5	4158.41	4252.59364	4295.84937	4200.80626			4156.09010440	4156.32151215	0
1790582700	XAUUSD	M5	4156.70	4252.51011	4295.76584	4200.72273			4155.18408776	4155.75279996	0
1790583000	XAUUSD	M5	4156.80	4252.42657	4295.68230	4200.63919			4153.85575689	4154.80427842	0
1790583300	XAUUSD	M5	4151.79	4252.34304	4295.59877	4200.55566			4152.20410743	4153.50419293	0
1790583600	XAUUSD	M5	4148.50	4252.25951	4295.51524	4200.47213			4150.51572257	4152.00995775	0
1790583900	XAUUSD	M5	4144.98	4252.17598	4295.43171	4200.38860			4149.02213692	4150.51604734	0
1790584200	XAUUSD	M5	4148.53	4252.09245	4295.34817	4200.30507			4147.90445848	4149.21025291	0
1790584500	XAUUSD	M5	4144.58	4252.00891	4295.26464	4200.22153			4147.07105870	4148.14065580	0
1790584800	XAUUSD	M5	4149.28	4251.92538	4295.18111	4200.13800			4146.53857144	4147.33961362	0
1790585100	XAUUSD	M5	4149.44	4251.84185	4295.09758	4200.05447			4146.05483258	4146.69722310	0
1790585400	XAUUSD	M5	4146.81	4251.75832	4295.01405	4199.97094			4145.49642289	4146.09682300	0
1790585700	XAUUSD	M5	4144.46	4251.67479	4294.93051	4199.88741			4144.86395629	4145.48038964	0
1790586000	XAUUSD	M5	4141.20	4251.59125	4294.84698	4199.80387			4144.22527684	4144.85283324	0
1790586300	XAUUSD	M5	4141.22	4251.50772	4294.76345	4199.72034			4143.74050070	4144.29666697	0
1790586600	XAUUSD	M5	4144.44	4251.42419	4294.67992	4199.63681		4140.68000	4143.52954441	4143.91310569	0
1790586900	XAUUSD	M5	4144.95	4251.34066	4294.59639	4199.55328			4143.64021064	4143.77665816	0
1790587200	XAUUSD	M5	4147.55	4251.25713	4294.51285	4199.46975			4144.17313607	4143.97489712	1
1790587500	XAUUSD	M5	4146.47	4251.17359	4294.42932	4199.38621			4145.13910771	4144.55700241	0
1790587800	XAUUSD	M5	4142.63	4251.09006	4294.34579	4199.30268			4146.57343496	4145.56521869	0
1790588100	XAUUSD	M5	4145.24	4251.00653	4294.26226	4199.21915			4148.49191186	4147.02856527	0
1790588400	XAUUSD	M5	4149.90	4250.92300	4294.17873	4199.13562			4150.65901750	4148.84379139	0
1790588700	XAUUSD	M5	4154.11	4250.83946	4294.09519	4199.05209			4152.75234020	4150.79806580	0
1790589000	XAUUSD	M5	4157.47	4250.75593	4294.01166	4198.96855			4154.48643162	4152.64224871	0
1790589300	XAUUSD	M5	4155.84	4250.67240	4293.92813	4198.88502			4155.68542646	4154.16383759	0
1790589600	XAUUSD	M5	4158.81	4250.58887	4293.84460	4198.80149			4156.40280934	4155.28332346	0
1790589900	XAUUSD	M5	4157.02	4250.50534	4293.76107	4198.71796			4156.65023725	4155.96678035	0
1790590200	XAUUSD	M5	4155.37	4250.42180	4293.67753	4198.63443			4156.61592224	4156.29135130	0
1790590500	XAUUSD	M5	4152.44	4250.33827	4293.59400	4198.55089			4156.48380146	4156.38757638	0
1790590800	XAUUSD	M5	4154.41	4250.25474	4293.51047	4198.46736			4156.42525895	4156.40641766	0
1790591100	XAUUSD	M5	4158.45	4250.17121	4293.42694	4198.38383			4156.41664668	4156.41153217	0
1790591400	XAUUSD	M5	4156.82	4250.08768	4293.34340	4198.30030			4156.33635426	4156.37394321	1
1790591700	XAUUSD	M5	4158.00	4250.00414	4293.25987	4198.21676			4156.20110599	4156.28752460	0
1790592000	XAUUSD	M5	4155.90	4249.92061	4293.17634	4198.13323			4155.96117549	4156.12435004	0
1790592300	XAUUSD	M5	4156.22	4249.83708	4293.09281	4198.04970			4155.66141799	4155.89288402	0
1790592600	XAUUSD	M5	4157.41	4249.75355	4293.00928	4197.96617			4155.28294425	4155.58791414	0
1790592900	XAUUSD	M5	4155.44	4249.67002	4292.92574	4197.88264			4154.77575147	4155.18183280	0
1790593200	XAUUSD	M5	4150.05	4249.58648	4292.84221	4197.79910			4154.16727205	4154.67455242	0
1790593500	XAUUSD	M5	4153.54	4249.50295	4292.75868	4197.71557			4153.56351483	4154.11903362	0
1790593800	XAUUSD	M5	4150.02	4249.41942	4292.67515	4197.63204			4152.82954750	4153.47429056	0
1790594100	XAUUSD	M5	4149.99	4249.33589	4292.59162	4197.54851			4152.03718021	4152.75573539	0
1790594400	XAUUSD	M5	4152.86	4249.25236	4292.50808	4197.46498			4151.22166128	4151.98869833	0
1790594700	XAUUSD	M5	4155.58	4249.16882	4292.42455	4197.38144			4150.42069731	4151.20469782	0
1790595000	XAUUSD	M5	4152.54	4249.08529	4292.34102	4197.29791			4149.74925934	4150.47697858	0
1790595300	XAUUSD	M5	4148.73	4249.00176	4292.25749	4197.21438			4149.52055889	4149.99876874	0
1790595600	XAUUSD	M5	4151.54	4248.91823	4292.17396	4197.13085			4150.02476951	4150.01176913	1
1790595900	XAUUSD	M5	4149.98	4248.83470	4292.09042	4197.04732			4151.26009642	4150.63593277	0
1790596200	XAUUSD	M5	4148.66	4248.75116	4292.00689	4196.96378			4153.12310678	4151.87951977	0
1790596500	XAUUSD	M5	4148.78	4248.66763	4291.92336	4196.88025			4155.42075094	4153.65013536	0
1790596800	XAUUSD	M5	4156.30	4248.58410	4291.83983	4196.79672			4157.82572975	4155.73793255	0
1790597100	XAUUSD	M5	4164.75	4248.50057	4291.75630	4196.71319			4159.84242682	4157.79017969	0
1790597400	XAUUSD	M5	4165.69	4248.41703	4291.67276	4196.62966			4160.97600303	4159.38309136	0
1790597700	XAUUSD	M5	4167.42	4248.33350	4291.58923	4196.54612			4160.96237877	4160.17273506	0
1790598000	XAUUSD	M5	4160.80	4248.24997	4291.50570	4196.46259	4171.06000		4159.72649041	4159.94961274	1
1790598300	XAUUSD	M5	4154.14	4248.16644	4291.42217	4196.37906			4157.54772096	4158.74866685	0
1790598600	XAUUSD	M5	4152.98	4248.08291	4291.33864	4196.29553			4154.89199512	4156.82033098	0
1790598900	XAUUSD	M5	4147.80	4247.99937	4291.25510	4196.21199			4152.19973849	4154.51003474	0
1790599200	XAUUSD	M5	4145.01	4247.91584	4291.17157	4196.12846			4149.96263618	4152.23633546	0
1790599500	XAUUSD	M5	4146.74	4247.83231	4291.08804	4196.04493			4148.50454193	4150.37043870	0
1790599800	XAUUSD	M5	4151.47	4247.74878	4291.00451	4195.96140			4147.85502464	4149.11273167	0
1790600100	XAUUSD	M5	4154.24	4247.66525	4290.92097	4195.87787			4147.76058713	4148.43665940	0
1790600400	XAUUSD	M5	4149.58	4247.58171	4290.83744	4195.79433			4147.85968046	4148.14816993	0
1790600700	XAUUSD	M5	4148.70	4247.49818	4290.75391	4195.71080			4147.95444523	4148.05130758	0
1790601000	XAUUSD	M5	4147.45	4247.41465	4290.67038	4195.62727			4147.82270065	4147.93700412	0
1790601300	XAUUSD	M5	4147.28	4247.33112	4290.58685	4195.54374			4147.39530966	4147.66615689	0
1790601600	XAUUSD	M5	4146.53	4247.24759	4290.50331	4195.46021			4146.73222990	4147.19919340	0
1790601900	XAUUSD	M5	4142.22	4247.16405	4290.41978	4195.37667			4146.06511384	4146.63215362	0
1790602200	XAUUSD	M5	4137.61	4247.08052	4290.33625	4195.29314			4145.86955455	4146.25085408	0
1790602500	XAUUSD	M5	4146.57	4246.99699	4290.25272	4195.20961			4146.68298418	4146.46691913	1
1790602800	XAUUSD	M5	4150.95	4246.91346	4290.16919	4195.12608			4148.25709610	4147.36200762	0
1790603100	XAUUSD	M5	4158.18	4246.82993	4290.08565	4195.04255			4150.26100353	4148.81150557	0
1790603400	XAUUSD	M5	4157.10	4246.74639	4290.00212	4194.95901			4151.84326842	4150.32738699	0
1790603700	XAUUSD	M5	4157.02	4246.66286	4289.91859	4194.87548			4152.44060988	4151.38399844	0
1790604000	XAUUSD	M5	4144.55	4246.57933	4289.83506	4194.79195			4151.23857036	4151.31128440	1
1790604300	XAUUSD	M5	4140.28	4246.49580	4289.75153	4194.70842			4149.02793622	4150.16961031	0
1790604600	XAUUSD	M5	4138.78	4246.41227	4289.66799	4194.62489			4145.59264765	4147.88112898	0
1790604900	XAUUSD	M5	4140.09	4246.32873	4289.58446	4194.54135			4141.02618019	4144.45365459	0
