No	TimeStamp	Symbol	Timeframe	Close	Tema	Hrma	Smma
0	2025.01.02 00:00	GBPJPY.i	H1	196.634			
1	2025.01.02 01:00	GBPJPY.i	H1	197.420			
2	2025.01.02 02:00	GBPJPY.i	H1	197.041			
3	2025.01.02 03:00	GBPJPY.i	H1	197.192			
4	2025.01.02 04:00	GBPJPY.i	H1	197.128			
5	2025.01.02 05:00	GBPJPY.i	H1	197.012			
6	2025.01.02 06:00	GBPJPY.i	H1	196.810			
7	2025.01.02 07:00	GBPJPY.i	H1	197.013			
8	2025.01.02 08:00	GBPJPY.i	H1	196.280			
9	2025.01.02 09:00	GBPJPY.i	H1	196.171			
10	2025.01.02 10:00	GBPJPY.i	H1	195.940			
11	2025.01.02 11:00	GBPJPY.i	H1	195.712			
12	2025.01.02 12:00	GBPJPY.i	H1	195.577			
13	2025.01.02 13:00	GBPJPY.i	H1	195.771			
14	2025.01.02 14:00	GBPJPY.i	H1	195.092			
15	2025.01.02 15:00	GBPJPY.i	H1	194.527			
16	2025.01.02 16:00	GBPJPY.i	H1	194.703			
17	2025.01.02 17:00	GBPJPY.i	H1	194.465		195.210	
18	2025.01.02 18:00	GBPJPY.i	H1	195.092		195.021	
19	2025.01.02 19:00	GBPJPY.i	H1	194.932		194.899	
20	2025.01.02 20:00	GBPJPY.i	H1	194.810		194.811	
21	2025.01.02 21:00	GBPJPY.i	H1	194.953		194.756	
22	2025.01.02 22:00	GBPJPY.i	H1	195.112		194.739	
23	2025.01.02 23:00	GBPJPY.i	H1	194.786		194.722	
24	2025.01.03 00:00	GBPJPY.i	H1	194.882	194.800	194.704	
25	2025.01.03 01:00	GBPJPY.i	H1	194.796	194.814	194.690	
26	2025.01.03 02:00	GBPJPY.i	H1	194.728	194.782	194.671	
27	2025.01.03 03:00	GBPJPY.i	H1	194.794	194.784	194.657	
28	2025.01.03 04:00	GBPJPY.i	H1	194.922	194.824	194.655	
29	2025.01.03 05:00	GBPJPY.i	H1	194.964	194.900	194.672	
30	2025.01.03 06:00	GBPJPY.i	H1	194.933	194.944	194.697	
31	2025.01.03 07:00	GBPJPY.i	H1	194.976	194.964	194.722	
32	2025.01.03 08:00	GBPJPY.i	H1	194.951	194.982	194.747	
33	2025.01.03 09:00	GBPJPY.i	H1	194.840	194.921	194.755	
34	2025.01.03 10:00	GBPJPY.i	H1	194.990	194.964	194.774	
35	2025.01.03 11:00	GBPJPY.i	H1	195.080	195.025	194.805	
36	2025.01.03 12:00	GBPJPY.i	H1	195.019	195.009	194.828	
37	2025.01.03 13:00	GBPJPY.i	H1	195.090	195.081	194.864	200.938
38	2025.01.03 14:00	GBPJPY.i	H1	194.984	195.066	194.891	200.775
39	2025.01.03 15:00	GBPJPY.i	H1	194.928	195.025	194.905	200.614
40	2025.01.03 16:00	GBPJPY.i	H1	195.003	195.038	194.921	200.457
41	2025.01.03 17:00	GBPJPY.i	H1	195.242	195.119	194.954	200.309
42	2025.01.03 18:00	GBPJPY.i	H1	195.205	195.194	194.998	200.167
43	2025.01.03 19:00	GBPJPY.i	H1	195.170	195.179	195.030	200.028
44	2025.01.03 20:00	GBPJPY.i	H1	195.197	195.211	195.064	199.893
45	2025.01.03 21:00	GBPJPY.i	H1	195.360	195.277	195.107	199.764
46	2025.01.03 22:00	GBPJPY.i	H1	195.510	195.385	195.167	199.642
47	2025.01.03 23:00	GBPJPY.i	H1	195.219	195.376	195.212	199.524
48	2025.01.06 00:00	GBPJPY.i	H1	195.301	195.340	195.240	199.405
49	2025.01.06 01:00	GBPJPY.i	H1	195.685	195.480	195.296	199.295
50	2025.01.06 02:00	GBPJPY.i	H1	195.874	195.694	195.390	199.196
51	2025.01.06 03:00	GBPJPY.i	H1	195.995	195.867	195.503	199.104
52	2025.01.06 04:00	GBPJPY.i	H1	196.186	196.056	195.634	199.019
53	2025.01.06 05:00	GBPJPY.i	H1	196.126	196.161	195.761	198.938
54	2025.01.06 06:00	GBPJPY.i	H1	196.158	196.218	195.875	198.860
55	2025.01.06 07:00	GBPJPY.i	H1	196.218	196.289	195.981	198.786
56	2025.01.06 08:00	GBPJPY.i	H1	196.162	196.301	196.069	198.714
57	2025.01.06 09:00	GBPJPY.i	H1	196.330	196.331	196.147	198.645
58	2025.01.06 10:00	GBPJPY.i	H1	196.769	196.524	196.255	198.584
59	2025.01.06 11:00	GBPJPY.i	H1	196.787	196.716	196.384	198.532
60	2025.01.06 12:00	GBPJPY.i	H1	196.799	196.821	196.509	198.484
61	2025.01.06 13:00	GBPJPY.i	H1	197.182	197.024	196.654	198.441
62	2025.01.06 14:00	GBPJPY.i	H1	196.530	196.947	196.749	198.398
63	2025.01.06 15:00	GBPJPY.i	H1	196.299	196.674	196.763	198.345
64	2025.01.06 16:00	GBPJPY.i	H1	196.798	196.601	196.760	198.291
65	2025.01.06 17:00	GBPJPY.i	H1	197.040	196.774	196.800	198.247
66	2025.01.06 18:00	GBPJPY.i	H1	197.346	197.010	196.885	198.215
67	2025.01.06 19:00	GBPJPY.i	H1	197.158	197.121	196.975	198.187
68	2025.01.06 20:00	GBPJPY.i	H1	197.039	197.154	197.051	198.158
69	2025.01.06 21:00	GBPJPY.i	H1	197.124	197.157	197.111	198.128
70	2025.01.06 22:00	GBPJPY.i	H1	197.327	197.233	197.174	198.101
71	2025.01.06 23:00	GBPJPY.i	H1	197.191	197.268	197.231	198.078
72	2025.01.07 00:00	GBPJPY.i	H1	197.192	197.252	197.271	198.054
73	2025.01.07 01:00	GBPJPY.i	H1	197.324	197.304	197.314	198.031
74	2025.01.07 02:00	GBPJPY.i	H1	197.827	197.512	197.394	198.017
75	2025.01.07 03:00	GBPJPY.i	H1	198.190	197.810	197.524	198.012
76	2025.01.07 04:00	GBPJPY.i	H1	198.162	198.033	197.674	198.015
77	2025.01.07 05:00	GBPJPY.i	H1	198.169	198.174	197.822	198.018
78	2025.01.07 06:00	GBPJPY.i	H1	198.091	198.221	197.946	198.022
79	2025.01.07 07:00	GBPJPY.i	H1	197.921	198.178	198.034	198.022
80	2025.01.07 08:00	GBPJPY.i	H1	197.782	198.050	198.075	198.019
81	2025.01.07 09:00	GBPJPY.i	H1	197.688	197.931	198.081	198.012
82	2025.01.07 10:00	GBPJPY.i	H1	197.743	197.789	198.055	198.003
83	2025.01.07 11:00	GBPJPY.i	H1	198.002	197.858	198.051	197.998
84	2025.01.07 12:00	GBPJPY.i	H1	198.110	197.938	198.066	197.998
85	2025.01.07 13:00	GBPJPY.i	H1	197.763	197.905	198.068	197.997
86	2025.01.07 14:00	GBPJPY.i	H1	197.599	197.797	198.043	197.991
87	2025.01.07 15:00	GBPJPY.i	H1	197.751	197.730	198.007	197.983
88	2025.01.07 16:00	GBPJPY.i	H1	197.633	197.677	197.965	197.975
89	2025.01.07 17:00	GBPJPY.i	H1	197.374	197.566	197.905	197.964
90	2025.01.07 18:00	GBPJPY.i	H1	197.232	197.360	197.808	197.947
91	2025.01.07 19:00	GBPJPY.i	H1	197.119	197.192	197.693	197.926
92	2025.01.07 20:00	GBPJPY.i	H1	197.117	197.079	197.575	197.904
93	2025.01.07 21:00	GBPJPY.i	H1	197.071	197.016	197.466	197.882
94	2025.01.07 22:00	GBPJPY.i	H1	197.021	196.932	197.358	197.858
95	2025.01.07 23:00	GBPJPY.i	H1	197.106	196.957	197.277	197.836
96	2025.01.08 00:00	GBPJPY.i	H1	197.148	196.982	197.215	197.816
97	2025.01.08 01:00	GBPJPY.i	H1	197.396	197.106	197.192	197.800
98	2025.01.08 02:00	GBPJPY.i	H1	197.356	197.167	197.183	197.786
99	2025.01.08 03:00	GBPJPY.i	H1	197.222	197.192	197.179	197.771
100	2025.01.08 04:00	GBPJPY.i	H1	197.407	197.269	197.192	197.758
101	2025.01.08 05:00	GBPJPY.i	H1	197.401	197.357	197.220	197.747
102	2025.01.08 06:00	GBPJPY.i	H1	197.495	197.431	197.257	197.739
103	2025.01.08 07:00	GBPJPY.i	H1	197.527	197.480	197.298	197.732
104	2025.01.08 08:00	GBPJPY.i	H1	197.398	197.481	197.329	197.724
105	2025.01.08 09:00	GBPJPY.i	H1	197.138	197.347	197.324	197.712
106	2025.01.08 10:00	GBPJPY.i	H1	196.880	197.178	197.283	197.694
107	2025.01.08 11:00	GBPJPY.i	H1	196.911	197.008	197.214	197.673
108	2025.01.08 12:00	GBPJPY.i	H1	197.069	196.967	197.153	197.652
109	2025.01.08 13:00	GBPJPY.i	H1	195.951	196.531	197.006	197.622
110	2025.01.08 14:00	GBPJPY.i	H1	195.537	195.991	196.769	197.573
111	2025.01.08 15:00	GBPJPY.i	H1	195.497	195.578	196.491	197.515
112	2025.01.08 16:00	GBPJPY.i	H1	195.199	195.288	196.210	197.455
113	2025.01.08 17:00	GBPJPY.i	H1	195.475	195.170	195.962	197.397
114	2025.01.08 18:00	GBPJPY.i	H1	195.770	195.260	195.785	197.345
115	2025.01.08 19:00	GBPJPY.i	H1	195.549	195.320	195.656	197.297
116	2025.01.08 20:00	GBPJPY.i	H1	195.774	195.441	195.577	197.252
117	2025.01.08 21:00	GBPJPY.i	H1	195.815	195.593	195.545	197.212
118	2025.01.08 22:00	GBPJPY.i	H1	195.769	195.650	195.528	197.173
119	2025.01.08 23:00	GBPJPY.i	H1	195.635	195.673	195.517	197.133
120	2025.01.09 00:00	GBPJPY.i	H1	195.698	195.664	195.505	197.093
121	2025.01.09 01:00	GBPJPY.i	H1	195.492	195.630	195.488	197.052
122	2025.01.09 02:00	GBPJPY.i	H1	195.548	195.569	195.462	197.010
123	2025.01.09 03:00	GBPJPY.i	H1	195.400	195.507	195.429	196.967
124	2025.01.09 04:00	GBPJPY.i	H1	195.392	195.441	195.390	196.924
125	2025.01.09 05:00	GBPJPY.i	H1	194.994	195.273	195.324	196.878
126	2025.01.09 06:00	GBPJPY.i	H1	194.788	195.011	195.214	196.825
127	2025.01.09 07:00	GBPJPY.i	H1	194.903	194.908	195.108	196.770
128	2025.01.09 08:00	GBPJPY.i	H1	194.427	194.694	194.979	196.713
129	2025.01.09 09:00	GBPJPY.i	H1	193.917	194.347	194.799	196.648
130	2025.01.09 10:00	GBPJPY.i	H1	194.303	194.149	194.617	196.578
131	2025.01.09 11:00	GBPJPY.i	H1	194.149	194.094	194.462	196.511
132	2025.01.09 12:00	GBPJPY.i	H1	194.089	193.945	194.307	196.444
133	2025.01.09 13:00	GBPJPY.i	H1	194.044	193.904	194.175	196.377
134	2025.01.09 14:00	GBPJPY.i	H1	193.917	193.788	194.044	196.309
135	2025.01.09 15:00	GBPJPY.i	H1	193.924	193.819	193.948	196.242
136	2025.01.09 16:00	GBPJPY.i	H1	194.326	193.948	193.901	196.183
137	2025.01.09 17:00	GBPJPY.i	H1	194.349	194.098	193.897	196.129
138	2025.01.09 18:00	GBPJPY.i	H1	194.365	194.182	193.911	196.078
139	2025.01.09 19:00	GBPJPY.i	H1	194.486	194.341	193.958	196.031
140	2025.01.09 20:00	GBPJPY.i	H1	194.523	194.459	194.023	195.988
141	2025.01.09 21:00	GBPJPY.i	H1	194.613	194.570	194.099	195.948
142	2025.01.09 22:00	GBPJPY.i	H1	194.653	194.659	194.181	195.911
143	2025.01.09 23:00	GBPJPY.i	H1	194.575	194.684	194.254	195.876
144	2025.01.10 00:00	GBPJPY.i	H1	194.654	194.694	194.317	195.840
145	2025.01.10 01:00	GBPJPY.i	H1	194.361	194.624	194.353	195.803
146	2025.01.10 02:00	GBPJPY.i	H1	194.289	194.541	194.368	195.765
147	2025.01.10 03:00	GBPJPY.i	H1	194.545	194.525	194.380	195.728
148	2025.01.10 04:00	GBPJPY.i	H1	194.738	194.613	194.413	195.696
149	2025.01.10 05:00	GBPJPY.i	H1	194.635	194.662	194.453	195.667
150	2025.01.10 06:00	GBPJPY.i	H1	194.704	194.705	194.497	195.640
151	2025.01.10 07:00	GBPJPY.i	H1	194.458	194.655	194.521	195.612
152	2025.01.10 08:00	GBPJPY.i	H1	194.232	194.514	194.510	195.579
153	2025.01.10 09:00	GBPJPY.i	H1	194.661	194.522	194.506	195.547
154	2025.01.10 10:00	GBPJPY.i	H1	193.933	194.347	194.464	195.514
155	2025.01.10 11:00	GBPJPY.i	H1	194.288	194.205	194.401	195.476
156	2025.01.10 12:00	GBPJPY.i	H1	194.354	194.204	194.354	195.440
157	2025.01.10 13:00	GBPJPY.i	H1	194.368	194.269	194.332	195.409
158	2025.01.10 14:00	GBPJPY.i	H1	194.574	194.361	194.335	195.382
159	2025.01.10 15:00	GBPJPY.i	H1	193.923	194.227	194.306	195.352
160	2025.01.10 16:00	GBPJPY.i	H1	193.406	193.867	194.200	195.309
161	2025.01.10 17:00	GBPJPY.i	H1	192.681	193.370	194.004	195.252
162	2025.01.10 18:00	GBPJPY.i	H1	192.562	192.842	193.733	195.182
163	2025.01.10 19:00	GBPJPY.i	H1	192.698	192.603	193.469	195.110
164	2025.01.10 20:00	GBPJPY.i	H1	192.837	192.538	193.247	195.044
165	2025.01.10 21:00	GBPJPY.i	H1	192.758	192.522	193.067	194.981
166	2025.01.10 22:00	GBPJPY.i	H1	192.662	192.485	192.914	194.918
167	2025.01.10 23:00	GBPJPY.i	H1	192.440	192.377	192.764	194.853
168	2025.01.13 00:00	GBPJPY.i	H1	192.517	192.317	192.630	194.786
169	2025.01.13 01:00	GBPJPY.i	H1	192.706	192.388	192.538	194.724
170	2025.01.13 02:00	GBPJPY.i	H1	192.519	192.433	192.473	194.665
171	2025.01.13 03:00	GBPJPY.i	H1	191.938	192.226	192.371	194.600
172	2025.01.13 04:00	GBPJPY.i	H1	191.868	192.043	192.249	194.529
173	2025.01.13 05:00	GBPJPY.i	H1	191.139	191.661	192.066	194.449
174	2025.01.13 06:00	GBPJPY.i	H1	191.234	191.350	191.854	194.362
175	2025.01.13 07:00	GBPJPY.i	H1	191.195	191.116	191.636	194.273
176	2025.01.13 08:00	GBPJPY.i	H1	191.292	191.086	191.460	194.187
177	2025.01.13 09:00	GBPJPY.i	H1	191.124	191.007	191.303	194.105
178	2025.01.13 10:00	GBPJPY.i	H1	191.261	191.096	191.200	194.025
179	2025.01.13 11:00	GBPJPY.i	H1	190.198	190.757	191.039	193.939
180	2025.01.13 12:00	GBPJPY.i	H1	190.983	190.652	190.890	193.847
181	2025.01.13 13:00	GBPJPY.i	H1	190.502	190.598	190.761	193.760
182	2025.01.13 14:00	GBPJPY.i	H1	190.363	190.472	190.631	193.672
183	2025.01.13 15:00	GBPJPY.i	H1	190.863	190.515	190.540	193.586
184	2025.01.13 16:00	GBPJPY.i	H1	191.187	190.724	190.517	193.511
185	2025.01.13 17:00	GBPJPY.i	H1	191.403	191.012	190.564	193.446
186	2025.01.13 18:00	GBPJPY.i	H1	191.461	191.285	190.662	193.390
187	2025.01.13 19:00	GBPJPY.i	H1	191.521	191.464	190.780	193.338
188	2025.01.13 20:00	GBPJPY.i	H1	191.799	191.653	190.916	193.289
189	2025.01.13 21:00	GBPJPY.i	H1	192.008	191.861	191.074	193.248
190	2025.01.13 22:00	GBPJPY.i	H1	191.950	192.007	191.234	193.211
191	2025.01.13 23:00	GBPJPY.i	H1	192.016	192.119	191.390	193.177
192	2025.01.14 00:00	GBPJPY.i	H1	192.408	192.317	191.562	193.149
193	2025.01.14 01:00	GBPJPY.i	H1	192.417	192.483	191.741	193.127
194	2025.01.14 02:00	GBPJPY.i	H1	192.359	192.506	191.891	193.106
195	2025.01.14 03:00	GBPJPY.i	H1	192.246	192.508	192.015	193.083
196	2025.01.14 04:00	GBPJPY.i	H1	192.413	192.499	192.116	193.062
197	2025.01.14 05:00	GBPJPY.i	H1	192.358	192.542	192.211	193.043
198	2025.01.14 06:00	GBPJPY.i	H1	192.284	192.486	192.277	193.025
199	2025.01.14 07:00	GBPJPY.i	H1	192.283	192.422	192.319	193.004
200	2025.01.14 08:00	GBPJPY.i	H1	192.334	192.419	192.355	192.985
201	2025.01.14 09:00	GBPJPY.i	H1	192.338	192.388	192.379	192.967
202	2025.01.14 10:00	GBPJPY.i	H1	192.592	192.462	192.416	192.952
203	2025.01.14 11:00	GBPJPY.i	H1	192.337	192.478	192.450	192.939
204	2025.01.14 12:00	GBPJPY.i	H1	192.351	192.439	192.468	192.925
205	2025.01.14 13:00	GBPJPY.i	H1	192.310	192.399	192.474	192.909
206	2025.01.14 14:00	GBPJPY.i	H1	192.011	192.279	192.450	192.891
207	2025.01.14 15:00	GBPJPY.i	H1	191.731	191.998	192.368	192.865
208	2025.01.14 16:00	GBPJPY.i	H1	191.833	191.874	192.276	192.835
209	2025.01.14 17:00	GBPJPY.i	H1	192.717	192.100	192.256	192.816
210	2025.01.14 18:00	GBPJPY.i	H1	192.465	192.294	192.283	192.807
211	2025.01.14 19:00	GBPJPY.i	H1	192.684	192.429	192.331	192.800
212	2025.01.14 20:00	GBPJPY.i	H1	192.865	192.637	192.412	192.797
213	2025.01.14 21:00	GBPJPY.i	H1	192.675	192.737	192.497	192.797
214	2025.01.14 22:00	GBPJPY.i	H1	192.805	192.778	192.570	192.796
215	2025.01.14 23:00	GBPJPY.i	H1	192.832	192.860	192.646	192.796
216	2025.01.15 00:00	GBPJPY.i	H1	192.867	192.894	192.712	192.797
217	2025.01.15 01:00	GBPJPY.i	H1	192.981	192.948	192.778	192.800
218	2025.01.15 02:00	GBPJPY.i	H1	192.760	192.921	192.823	192.802
219	2025.01.15 03:00	GBPJPY.i	H1	192.621	192.848	192.843	192.801
220	2025.01.15 04:00	GBPJPY.i	H1	192.632	192.750	192.837	192.797
221	2025.01.15 05:00	GBPJPY.i	H1	192.677	192.699	192.823	192.792
222	2025.01.15 06:00	GBPJPY.i	H1	192.335	192.562	192.781	192.785
223	2025.01.15 07:00	GBPJPY.i	H1	191.916	192.279	192.683	192.770
224	2025.01.15 08:00	GBPJPY.i	H1	191.894	192.065	192.559	192.749
225	2025.01.15 09:00	GBPJPY.i	H1	191.919	191.838	192.410	192.724
226	2025.01.15 10:00	GBPJPY.i	H1	191.768	191.724	192.268	192.697
227	2025.01.15 11:00	GBPJPY.i	H1	191.660	191.578	192.121	192.669
228	2025.01.15 12:00	GBPJPY.i	H1	191.704	191.559	191.999	192.641
229	2025.01.15 13:00	GBPJPY.i	H1	191.935	191.627	191.916	192.618
230	2025.01.15 14:00	GBPJPY.i	H1	191.718	191.625	191.847	192.595
231	2025.01.15 15:00	GBPJPY.i	H1	192.325	191.827	191.835	192.577
232	2025.01.15 16:00	GBPJPY.i	H1	191.715	191.863	191.830	192.562
233	2025.01.15 17:00	GBPJPY.i	H1	191.577	191.741	191.795	192.540
234	2025.01.15 18:00	GBPJPY.i	H1	191.229	191.536	191.719	192.511
235	2025.01.15 19:00	GBPJPY.i	H1	191.213	191.357	191.619	192.477
236	2025.01.15 20:00	GBPJPY.i	H1	191.366	191.286	191.526	192.444
237	2025.01.15 21:00	GBPJPY.i	H1	191.360	191.280	191.451	192.413
238	2025.01.15 22:00	GBPJPY.i	H1	191.558	191.346	191.408	192.386
239	2025.01.15 23:00	GBPJPY.i	H1	191.360	191.362	191.376	192.360
240	2025.01.16 00:00	GBPJPY.i	H1	191.263	191.306	191.337	192.333
241	2025.01.16 01:00	GBPJPY.i	H1	191.242	191.277	191.300	192.303
242	2025.01.16 02:00	GBPJPY.i	H1	191.253	191.290	191.274	192.276
243	2025.01.16 03:00	GBPJPY.i	H1	190.213	190.910	191.166	192.239
244	2025.01.16 04:00	GBPJPY.i	H1	190.348	190.507	190.991	192.187
245	2025.01.16 05:00	GBPJPY.i	H1	190.446	190.383	190.829	192.134
246	2025.01.16 06:00	GBPJPY.i	H1	190.534	190.334	190.692	192.088
247	2025.01.16 07:00	GBPJPY.i	H1	190.593	190.371	190.593	192.044
248	2025.01.16 08:00	GBPJPY.i	H1	190.751	190.490	190.542	192.005
249	2025.01.16 09:00	GBPJPY.i	H1	190.834	190.572	190.518	191.970
250	2025.01.16 10:00	GBPJPY.i	H1	190.271	190.511	190.482	191.932
251	2025.01.16 11:00	GBPJPY.i	H1	189.891	190.253	190.395	191.885
252	2025.01.16 12:00	GBPJPY.i	H1	189.944	190.063	190.284	191.832
253	2025.01.16 13:00	GBPJPY.i	H1	190.200	190.053	190.197	191.783
254	2025.01.16 14:00	GBPJPY.i	H1	190.404	190.162	190.155	191.741
255	2025.01.16 15:00	GBPJPY.i	H1	190.151	190.176	190.124	191.701
256	2025.01.16 16:00	GBPJPY.i	H1	190.435	190.227	190.112	191.661
257	2025.01.16 17:00	GBPJPY.i	H1	190.151	190.213	190.099	191.622
258	2025.01.16 18:00	GBPJPY.i	H1	190.295	190.188	190.083	191.582
259	2025.01.16 19:00	GBPJPY.i	H1	189.993	190.165	190.067	191.543
260	2025.01.16 20:00	GBPJPY.i	H1	190.031	190.082	190.037	191.502
261	2025.01.16 21:00	GBPJPY.i	H1	190.000	190.016	190.000	191.459
262	2025.01.16 22:00	GBPJPY.i	H1	189.822	189.931	189.953	191.417
263	2025.01.16 23:00	GBPJPY.i	H1	189.751	189.841	189.898	191.373
264	2025.01.17 00:00	GBPJPY.i	H1	189.847	189.809	189.850	191.329
265	2025.01.17 01:00	GBPJPY.i	H1	190.075	189.885	189.831	191.290
266	2025.01.17 02:00	GBPJPY.i	H1	189.876	189.880	189.815	191.253
267	2025.01.17 03:00	GBPJPY.i	H1	189.863	189.887	189.805	191.215
268	2025.01.17 04:00	GBPJPY.i	H1	190.144	189.973	189.818	191.181
269	2025.01.17 05:00	GBPJPY.i	H1	190.153	190.055	189.847	191.151
270	2025.01.17 06:00	GBPJPY.i	H1	189.882	190.037	189.866	191.120
271	2025.01.17 07:00	GBPJPY.i	H1	190.051	190.047	189.884	191.089
272	2025.01.17 08:00	GBPJPY.i	H1	190.126	190.069	189.905	191.060
273	2025.01.17 09:00	GBPJPY.i	H1	189.440	189.863	189.876	191.026
274	2025.01.17 10:00	GBPJPY.i	H1	189.797	189.751	189.830	190.988
275	2025.01.17 11:00	GBPJPY.i	H1	189.926	189.780	189.803	190.953
276	2025.01.17 12:00	GBPJPY.i	H1	190.028	189.879	189.807	190.925
277	2025.01.17 13:00	GBPJPY.i	H1	189.882	189.924	189.820	190.899
278	2025.01.17 14:00	GBPJPY.i	H1	189.772	189.858	189.815	190.871
279	2025.01.17 15:00	GBPJPY.i	H1	189.649	189.756	189.789	190.838
280	2025.01.17 16:00	GBPJPY.i	H1	190.270	189.869	189.796	190.810
281	2025.01.17 17:00	GBPJPY.i	H1	190.413	190.131	189.861	190.794
282	2025.01.17 18:00	GBPJPY.i	H1	190.349	190.298	189.950	190.783
283	2025.01.17 19:00	GBPJPY.i	H1	190.212	190.318	190.023	190.770
284	2025.01.17 20:00	GBPJPY.i	H1	190.141	190.280	190.073	190.754
285	2025.01.17 21:00	GBPJPY.i	H1	189.996	190.202	190.095	190.736
286	2025.01.17 22:00	GBPJPY.i	H1	190.032	190.133	190.099	190.716
287	2025.01.17 23:00	GBPJPY.i	H1	190.022	190.106	190.099	190.698
288	2025.01.20 00:00	GBPJPY.i	H1	190.156	190.145	190.109	190.682
289	2025.01.20 01:00	GBPJPY.i	H1	190.296	190.215	190.134	190.669
290	2025.01.20 02:00	GBPJPY.i	H1	190.064	190.214	190.154	190.657
291	2025.01.20 03:00	GBPJPY.i	H1	190.097	190.143	190.154	190.642
292	2025.01.20 04:00	GBPJPY.i	H1	190.129	190.141	190.154	190.627
293	2025.01.20 05:00	GBPJPY.i	H1	190.073	190.110	190.147	190.612
294	2025.01.20 06:00	GBPJPY.i	H1	190.389	190.192	190.162	190.600
295	2025.01.20 07:00	GBPJPY.i	H1	190.547	190.332	190.205	190.594
296	2025.01.20 08:00	GBPJPY.i	H1	190.799	190.532	190.284	190.594
297	2025.01.20 09:00	GBPJPY.i	H1	190.553	190.624	190.365	190.596
298	2025.01.20 10:00	GBPJPY.i	H1	190.402	190.590	190.420	190.595
299	2025.01.20 11:00	GBPJPY.i	H1	190.315	190.486	190.440	190.589
300	2025.01.20 12:00	GBPJPY.i	H1	190.615	190.523	190.466	190.584
301	2025.01.20 13:00	GBPJPY.i	H1	190.827	190.663	190.519	190.586
302	2025.01.20 14:00	GBPJPY.i	H1	190.742	190.721	190.574	190.591
303	2025.01.20 15:00	GBPJPY.i	H1	191.507	190.990	190.680	190.601
304	2025.01.20 16:00	GBPJPY.i	H1	191.421	191.244	190.819	190.621
305	2025.01.20 17:00	GBPJPY.i	H1	191.375	191.415	190.967	190.643
306	2025.01.20 18:00	GBPJPY.i	H1	191.409	191.486	191.098	190.664
307	2025.01.20 19:00	GBPJPY.i	H1	191.388	191.495	191.204	190.684
308	2025.01.20 20:00	GBPJPY.i	H1	191.578	191.563	191.305	190.705
309	2025.01.20 21:00	GBPJPY.i	H1	191.980	191.760	191.430	190.731
310	2025.01.20 22:00	GBPJPY.i	H1	191.834	191.887	191.559	190.763
311	2025.01.20 23:00	GBPJPY.i	H1	191.687	191.888	191.660	190.792
312	2025.01.21 00:00	GBPJPY.i	H1	191.714	191.844	191.731	190.817
313	2025.01.21 01:00	GBPJPY.i	H1	191.465	191.747	191.766	190.840
314	2025.01.21 02:00	GBPJPY.i	H1	191.262	191.534	191.747	190.856
315	2025.01.21 03:00	GBPJPY.i	H1	190.928	191.327	191.686	190.865
316	2025.01.21 04:00	GBPJPY.i	H1	190.658	190.987	191.562	190.867
317	2025.01.21 05:00	GBPJPY.i	H1	190.793	190.777	191.419	190.862
318	2025.01.21 06:00	GBPJPY.i	H1	190.702	190.659	191.279	190.858
319	2025.01.21 07:00	GBPJPY.i	H1	190.660	190.576	191.149	190.854
320	2025.01.21 08:00	GBPJPY.i	H1	190.693	190.562	191.041	190.849
321	2025.01.21 09:00	GBPJPY.i	H1	190.967	190.647	190.972	190.848
322	2025.01.21 10:00	GBPJPY.i	H1	190.894	190.694	190.923	190.849
323	2025.01.21 11:00	GBPJPY.i	H1	190.943	190.760	190.896	190.850
324	2025.01.21 12:00	GBPJPY.i	H1	191.049	190.849	190.890	190.852
325	2025.01.21 13:00	GBPJPY.i	H1	190.766	190.839	190.879	190.854
326	2025.01.21 14:00	GBPJPY.i	H1	190.795	190.809	190.862	190.853
327	2025.01.21 15:00	GBPJPY.i	H1	190.917	190.816	190.848	190.852
328	2025.01.21 16:00	GBPJPY.i	H1	191.068	190.921	190.860	190.855
329	2025.01.21 17:00	GBPJPY.i	H1	191.041	191.017	190.890	190.861
330	2025.01.21 18:00	GBPJPY.i	H1	191.723	191.269	190.971	190.873
331	2025.01.21 19:00	GBPJPY.i	H1	191.757	191.550	191.097	190.894
332	2025.01.21 20:00	GBPJPY.i	H1	191.832	191.750	191.240	190.919
333	2025.01.21 21:00	GBPJPY.i	H1	191.761	191.841	191.372	190.943
334	2025.01.21 22:00	GBPJPY.i	H1	191.894	191.927	191.496	190.967
335	2025.01.21 23:00	GBPJPY.i	H1	191.951	192.044	191.622	190.994
336	2025.01.22 00:00	GBPJPY.i	H1	191.967	192.072	191.729	191.021
337	2025.01.22 01:00	GBPJPY.i	H1	192.152	192.157	191.835	191.049
338	2025.01.22 02:00	GBPJPY.i	H1	191.960	192.154	191.920	191.077
339	2025.01.22 03:00	GBPJPY.i	H1	191.993	192.127	191.983	191.103
340	2025.01.22 04:00	GBPJPY.i	H1	192.127	192.142	192.038	191.128
341	2025.01.22 05:00	GBPJPY.i	H1	192.282	192.206	192.098	191.156
342	2025.01.22 06:00	GBPJPY.i	H1	192.306	192.269	192.161	191.186
343	2025.01.22 07:00	GBPJPY.i	H1	192.347	192.338	192.227	191.218
344	2025.01.22 08:00	GBPJPY.i	H1	192.069	192.271	192.263	191.246
345	2025.01.22 09:00	GBPJPY.i	H1	192.225	192.220	192.280	191.270
346	2025.01.22 10:00	GBPJPY.i	H1	192.138	192.144	192.277	191.293
347	2025.01.22 11:00	GBPJPY.i	H1	192.475	192.243	192.298	191.318
348	2025.01.22 12:00	GBPJPY.i	H1	192.645	192.423	192.355	191.351
349	2025.01.22 13:00	GBPJPY.i	H1	192.597	192.539	192.424	191.386
350	2025.01.22 14:00	GBPJPY.i	H1	192.516	192.593	192.488	191.419
351	2025.01.22 15:00	GBPJPY.i	H1	192.449	192.593	192.537	191.451
352	2025.01.22 16:00	GBPJPY.i	H1	192.631	192.584	192.573	191.481
353	2025.01.22 17:00	GBPJPY.i	H1	192.658	192.602	192.605	191.511
354	2025.01.22 18:00	GBPJPY.i	H1	192.981	192.738	192.661	191.544
355	2025.01.22 19:00	GBPJPY.i	H1	192.971	192.861	192.732	191.581
356	2025.01.22 20:00	GBPJPY.i	H1	192.961	192.932	192.802	191.619
357	2025.01.22 21:00	GBPJPY.i	H1	192.916	192.961	192.863	191.655
358	2025.01.22 22:00	GBPJPY.i	H1	192.813	192.935	192.904	191.689
359	2025.01.22 23:00	GBPJPY.i	H1	192.612	192.837	192.914	191.719
360	2025.01.23 00:00	GBPJPY.i	H1	192.503	192.707	192.893	191.744
361	2025.01.23 01:00	GBPJPY.i	H1	192.616	192.638	192.860	191.767
362	2025.01.23 02:00	GBPJPY.i	H1	192.597	192.596	192.826	191.790
363	2025.01.23 03:00	GBPJPY.i	H1	192.718	192.604	192.800	191.814
364	2025.01.23 04:00	GBPJPY.i	H1	192.630	192.598	192.777	191.837
365	2025.01.23 05:00	GBPJPY.i	H1	192.728	192.627	192.764	191.860
366	2025.01.23 06:00	GBPJPY.i	H1	192.912	192.723	192.774	191.885
367	2025.01.23 07:00	GBPJPY.i	H1	192.928	192.831	192.804	191.913
368	2025.01.23 08:00	GBPJPY.i	H1	192.766	192.836	192.826	191.940
369	2025.01.23 09:00	GBPJPY.i	H1	192.707	192.775	192.827	191.963
370	2025.01.23 10:00	GBPJPY.i	H1	192.413	192.645	192.798	191.981
371	2025.01.23 11:00	GBPJPY.i	H1	192.606	192.589	192.762	191.996
372	2025.01.23 12:00	GBPJPY.i	H1	192.688	192.577	192.731	192.012
373	2025.01.23 13:00	GBPJPY.i	H1	192.680	192.627	192.718	192.030
374	2025.01.23 14:00	GBPJPY.i	H1	192.610	192.605	192.701	192.048
375	2025.01.23 15:00	GBPJPY.i	H1	192.490	192.541	192.672	192.062
376	2025.01.23 16:00	GBPJPY.i	H1	192.639	192.556	192.652	192.076
377	2025.01.23 17:00	GBPJPY.i	H1	192.441	192.524	192.628	192.089
378	2025.01.23 18:00	GBPJPY.i	H1	192.606	192.505	192.604	192.101
379	2025.01.23 19:00	GBPJPY.i	H1	192.898	192.639	192.615	192.116
380	2025.01.23 20:00	GBPJPY.i	H1	192.788	192.720	192.641	192.136
381	2025.01.23 21:00	GBPJPY.i	H1	192.563	192.693	192.653	192.152
382	2025.01.23 22:00	GBPJPY.i	H1	192.684	192.676	192.658	192.165
383	2025.01.23 23:00	GBPJPY.i	H1	192.689	192.693	192.666	192.179
384	2025.01.24 00:00	GBPJPY.i	H1	192.682	192.687	192.671	192.193
385	2025.01.24 01:00	GBPJPY.i	H1	192.887	192.746	192.689	192.208
386	2025.01.24 02:00	GBPJPY.i	H1	193.053	192.855	192.727	192.227
387	2025.01.24 03:00	GBPJPY.i	H1	193.113	192.972	192.783	192.248
388	2025.01.24 04:00	GBPJPY.i	H1	193.385	193.180	192.875	192.275
389	2025.01.24 05:00	GBPJPY.i	H1	192.686	193.128	192.934	192.299
390	2025.01.24 06:00	GBPJPY.i	H1	192.364	192.798	192.904	192.309
391	2025.01.24 07:00	GBPJPY.i	H1	192.631	192.657	192.852	192.313
392	2025.01.24 08:00	GBPJPY.i	H1	192.622	192.660	192.815	192.322
393	2025.01.24 09:00	GBPJPY.i	H1	192.469	192.571	192.766	192.330
394	2025.01.24 10:00	GBPJPY.i	H1	192.735	192.530	192.719	192.336
395	2025.01.24 11:00	GBPJPY.i	H1	193.352	192.777	192.738	192.349
396	2025.01.24 12:00	GBPJPY.i	H1	193.790	193.210	192.851	192.378
397	2025.01.24 13:00	GBPJPY.i	H1	193.792	193.538	193.011	192.415
398	2025.01.24 14:00	GBPJPY.i	H1	194.145	193.859	193.207	192.456
399	2025.01.24 15:00	GBPJPY.i	H1	194.061	194.079	193.408	192.500
400	2025.01.24 16:00	GBPJPY.i	H1	194.405	194.296	193.615	192.547
401	2025.01.24 17:00	GBPJPY.i	H1	194.399	194.439	193.811	192.596
402	2025.01.24 18:00	GBPJPY.i	H1	194.387	194.553	193.993	192.646
403	2025.01.24 19:00	GBPJPY.i	H1	194.485	194.624	194.155	192.696
404	2025.01.24 20:00	GBPJPY.i	H1	194.617	194.717	194.306	192.747
405	2025.01.24 21:00	GBPJPY.i	H1	194.504	194.718	194.428	192.798
406	2025.01.24 22:00	GBPJPY.i	H1	194.651	194.729	194.530	192.847
407	2025.01.24 23:00	GBPJPY.i	H1	194.482	194.703	194.606	192.895
408	2025.01.27 00:00	GBPJPY.i	H1	194.214	194.459	194.612	192.935
409	2025.01.27 01:00	GBPJPY.i	H1	193.992	194.263	194.576	192.967
410	2025.01.27 02:00	GBPJPY.i	H1	193.722	194.019	194.493	192.993
411	2025.01.27 03:00	GBPJPY.i	H1	193.555	193.766	194.372	193.013
412	2025.01.27 04:00	GBPJPY.i	H1	193.775	193.650	194.251	193.031
413	2025.01.27 05:00	GBPJPY.i	H1	194.048	193.719	194.171	193.053
414	2025.01.27 06:00	GBPJPY.i	H1	194.248	193.892	194.144	193.081
415	2025.01.27 07:00	GBPJPY.i	H1	194.247	194.006	194.144	193.112
416	2025.01.27 08:00	GBPJPY.i	H1	194.233	194.167	194.176	193.145
417	2025.01.27 09:00	GBPJPY.i	H1	193.748	194.045	194.167	193.172
418	2025.01.27 10:00	GBPJPY.i	H1	193.255	193.717	194.083	193.186
419	2025.01.27 11:00	GBPJPY.i	H1	193.036	193.312	193.923	193.186
420	2025.01.27 12:00	GBPJPY.i	H1	192.395	192.840	193.690	193.174
421	2025.01.27 13:00	GBPJPY.i	H1	192.401	192.510	193.433	193.154
422	2025.01.27 14:00	GBPJPY.i	H1	192.749	192.434	193.214	193.137
423	2025.01.27 15:00	GBPJPY.i	H1	192.790	192.502	193.056	193.127
424	2025.01.27 16:00	GBPJPY.i	H1	192.963	192.562	192.940	193.119
425	2025.01.27 17:00	GBPJPY.i	H1	192.516	192.546	192.840	193.109
426	2025.01.27 18:00	GBPJPY.i	H1	192.413	192.411	192.725	193.093
427	2025.01.27 19:00	GBPJPY.i	H1	192.468	192.386	192.626	193.075
428	2025.01.27 20:00	GBPJPY.i	H1	192.691	192.454	192.562	193.061
429	2025.01.27 21:00	GBPJPY.i	H1	193.021	192.662	192.556	193.054
430	2025.01.27 22:00	GBPJPY.i	H1	193.081	192.878	192.598	193.053
431	2025.01.27 23:00	GBPJPY.i	H1	193.046	193.014	192.659	193.055
432	2025.01.28 00:00	GBPJPY.i	H1	193.021	193.046	192.713	193.055
433	2025.01.28 01:00	GBPJPY.i	H1	192.884	193.017	192.749	193.052
434	2025.01.28 02:00	GBPJPY.i	H1	193.255	193.095	192.797	193.051
435	2025.01.28 03:00	GBPJPY.i	H1	193.582	193.346	192.894	193.058
436	2025.01.28 04:00	GBPJPY.i	H1	193.582	193.537	193.015	193.072
437	2025.01.28 05:00	GBPJPY.i	H1	193.739	193.693	193.147	193.088
438	2025.01.28 06:00	GBPJPY.i	H1	193.871	193.856	193.289	193.108
439	2025.01.28 07:00	GBPJPY.i	H1	193.765	193.924	193.419	193.128
440	2025.01.28 08:00	GBPJPY.i	H1	193.794	193.922	193.524	193.146
441	2025.01.28 09:00	GBPJPY.i	H1	193.848	193.928	193.611	193.163
442	2025.01.28 10:00	GBPJPY.i	H1	193.613	193.863	193.668	193.179
443	2025.01.28 11:00	GBPJPY.i	H1	193.500	193.783	193.699	193.192
444	2025.01.28 12:00	GBPJPY.i	H1	193.340	193.600	193.684	193.200
445	2025.01.28 13:00	GBPJPY.i	H1	193.139	193.391	193.629	193.202
446	2025.01.28 14:00	GBPJPY.i	H1	192.956	193.182	193.541	193.199
447	2025.01.28 15:00	GBPJPY.i	H1	193.175	193.087	193.452	193.195
448	2025.01.28 16:00	GBPJPY.i	H1	192.991	193.016	193.367	193.192
449	2025.01.28 17:00	GBPJPY.i	H1	193.586	193.133	193.327	193.193
450	2025.01.28 18:00	GBPJPY.i	H1	193.471	193.292	193.330	193.200
451	2025.01.28 19:00	GBPJPY.i	H1	193.392	193.356	193.343	193.208
452	2025.01.28 20:00	GBPJPY.i	H1	193.508	193.396	193.360	193.214
453	2025.01.28 21:00	GBPJPY.i	H1	193.543	193.453	193.384	193.221
454	2025.01.28 22:00	GBPJPY.i	H1	193.481	193.483	193.409	193.229
455	2025.01.28 23:00	GBPJPY.i	H1	193.405	193.475	193.425	193.236
456	2025.01.29 00:00	GBPJPY.i	H1	193.327	193.442	193.430	193.241
457	2025.01.29 01:00	GBPJPY.i	H1	193.523	193.467	193.440	193.246
458	2025.01.29 02:00	GBPJPY.i	H1	193.558	193.509	193.458	193.253
459	2025.01.29 03:00	GBPJPY.i	H1	193.642	193.578	193.487	193.263
460	2025.01.29 04:00	GBPJPY.i	H1	193.683	193.640	193.524	193.273
461	2025.01.29 05:00	GBPJPY.i	H1	193.468	193.594	193.542	193.282
462	2025.01.29 06:00	GBPJPY.i	H1	193.390	193.508	193.537	193.287
463	2025.01.29 07:00	GBPJPY.i	H1	193.049	193.337	193.494	193.287
464	2025.01.29 08:00	GBPJPY.i	H1	193.348	193.302	193.455	193.285
465	2025.01.29 09:00	GBPJPY.i	H1	193.305	193.304	193.425	193.286
466	2025.01.29 10:00	GBPJPY.i	H1	192.981	193.199	193.377	193.285
467	2025.01.29 11:00	GBPJPY.i	H1	192.942	193.056	193.307	193.278
468	2025.01.29 12:00	GBPJPY.i	H1	192.915	192.949	193.227	193.269
469	2025.01.29 13:00	GBPJPY.i	H1	193.014	192.924	193.160	193.260
470	2025.01.29 14:00	GBPJPY.i	H1	193.037	192.921	193.105	193.253
471	2025.01.29 15:00	GBPJPY.i	H1	192.694	192.798	193.032	193.242
472	2025.01.29 16:00	GBPJPY.i	H1	192.548	192.683	192.948	193.227
473	2025.01.29 17:00	GBPJPY.i	H1	192.732	192.667	192.877	193.213
474	2025.01.29 18:00	GBPJPY.i	H1	192.962	192.731	192.836	193.202
475	2025.01.29 19:00	GBPJPY.i	H1	192.918	192.837	192.826	193.194
476	2025.01.29 20:00	GBPJPY.i	H1	193.070	192.920	192.835	193.189
477	2025.01.29 21:00	GBPJPY.i	H1	193.198	193.033	192.866	193.187
478	2025.01.29 22:00	GBPJPY.i	H1	193.247	193.146	192.915	193.187
479	2025.01.29 23:00	GBPJPY.i	H1	193.144	193.199	192.965	193.187
480	2025.01.30 00:00	GBPJPY.i	H1	193.174	193.172	192.997	193.186
481	2025.01.30 01:00	GBPJPY.i	H1	193.266	193.216	193.034	193.185
482	2025.01.30 02:00	GBPJPY.i	H1	192.685	193.068	193.030	193.181
483	2025.01.30 03:00	GBPJPY.i	H1	192.517	192.796	192.967	193.167
484	2025.01.30 04:00	GBPJPY.i	H1	192.175	192.516	192.856	193.145
485	2025.01.30 05:00	GBPJPY.i	H1	192.411	192.365	192.738	193.122
486	2025.01.30 06:00	GBPJPY.i	H1	192.404	192.334	192.640	193.101
487	2025.01.30 07:00	GBPJPY.i	H1	192.296	192.260	192.547	193.080
488	2025.01.30 08:00	GBPJPY.i	H1	192.117	192.170	192.453	193.057
489	2025.01.30 09:00	GBPJPY.i	H1	192.372	192.166	192.377	193.034
490	2025.01.30 10:00	GBPJPY.i	H1	192.403	192.251	192.336	193.016
491	2025.01.30 11:00	GBPJPY.i	H1	192.177	192.206	192.291	192.996
492	2025.01.30 12:00	GBPJPY.i	H1	192.045	192.117	192.234	192.973
493	2025.01.30 13:00	GBPJPY.i	H1	192.116	192.074	192.178	192.948
494	2025.01.30 14:00	GBPJPY.i	H1	191.728	191.928	192.101	192.921
495	2025.01.30 15:00	GBPJPY.i	H1	191.882	191.791	192.010	192.889
496	2025.01.30 16:00	GBPJPY.i	H1	192.005	191.860	191.954	192.861
497	2025.01.30 17:00	GBPJPY.i	H1	192.156	191.910	191.922	192.838
498	2025.01.30 18:00	GBPJPY.i	H1	192.259	192.053	191.929	192.819
499	2025.01.30 19:00	GBPJPY.i	H1	192.011	192.067	191.936	192.800
500	2025.01.30 20:00	GBPJPY.i	H1	192.282	192.146	191.959	192.782
501	2025.01.30 21:00	GBPJPY.i	H1	192.004	192.136	191.974	192.765
502	2025.01.30 22:00	GBPJPY.i	H1	191.812	191.988	191.953	192.742
503	2025.01.30 23:00	GBPJPY.i	H1	191.506	191.805	191.897	192.713
504	2025.01.31 00:00	GBPJPY.i	H1	191.418	191.593	191.807	192.680
505	2025.01.31 01:00	GBPJPY.i	H1	191.401	191.520	191.722	192.647
506	2025.01.31 02:00	GBPJPY.i	H1	191.599	191.496	191.652	192.616
507	2025.01.31 03:00	GBPJPY.i	H1	191.360	191.402	191.576	192.584
508	2025.01.31 04:00	GBPJPY.i	H1	191.509	191.376	191.511	192.552
509	2025.01.31 05:00	GBPJPY.i	H1	191.666	191.461	191.480	192.523
510	2025.01.31 06:00	GBPJPY.i	H1	191.817	191.586	191.483	192.500
511	2025.01.31 07:00	GBPJPY.i	H1	192.162	191.836	191.541	192.484
512	2025.01.31 08:00	GBPJPY.i	H1	192.276	192.077	191.641	192.476
513	2025.01.31 09:00	GBPJPY.i	H1	192.309	192.233	191.753	192.470
514	2025.01.31 10:00	GBPJPY.i	H1	191.907	192.226	191.839	192.462
515	2025.01.31 11:00	GBPJPY.i	H1	192.175	192.166	191.894	192.450
516	2025.01.31 12:00	GBPJPY.i	H1	192.046	192.183	191.945	192.439
517	2025.01.31 13:00	GBPJPY.i	H1	192.143	192.156	191.981	192.429
518	2025.01.31 14:00	GBPJPY.i	H1	192.303	192.234	192.030	192.422
519	2025.01.31 15:00	GBPJPY.i	H1	192.151	192.280	192.081	192.417
520	2025.01.31 16:00	GBPJPY.i	H1	191.637	192.080	192.077	192.407
521	2025.01.31 17:00	GBPJPY.i	H1	192.378	192.111	192.084	192.395
522	2025.01.31 18:00	GBPJPY.i	H1	192.805	192.405	192.160	192.395
523	2025.01.31 19:00	GBPJPY.i	H1	192.744	192.639	192.272	192.405
524	2025.01.31 20:00	GBPJPY.i	H1	192.318	192.624	192.355	192.412
525	2025.01.31 21:00	GBPJPY.i	H1	192.373	192.519	192.397	192.412
526	2025.01.31 22:00	GBPJPY.i	H1	192.303	192.468	192.420	192.409
527	2025.01.31 23:00	GBPJPY.i	H1	192.239	192.368	192.417	192.406
528	2025.02.03 00:00	GBPJPY.i	H1	190.677	191.462	192.208	192.377
529	2025.02.03 01:00	GBPJPY.i	H1	190.918	191.091	191.966	192.331
530	2025.02.03 02:00	GBPJPY.i	H1	191.147	190.986	191.756	192.295
531	2025.02.03 03:00	GBPJPY.i	H1	191.325	191.033	191.602	192.266
532	2025.02.03 04:00	GBPJPY.i	H1	190.719	190.877	191.442	192.235
533	2025.02.03 05:00	GBPJPY.i	H1	190.865	190.733	191.281	192.196
534	2025.02.03 06:00	GBPJPY.i	H1	190.868	190.708	191.145	192.159
535	2025.02.03 07:00	GBPJPY.i	H1	190.995	190.727	191.039	192.124
536	2025.02.03 08:00	GBPJPY.i	H1	190.924	190.760	190.960	192.091
537	2025.02.03 09:00	GBPJPY.i	H1	191.167	190.909	190.928	192.062
538	2025.02.03 10:00	GBPJPY.i	H1	191.299	191.078	190.938	192.039
539	2025.02.03 11:00	GBPJPY.i	H1	190.535	190.945	190.911	192.012
540	2025.02.03 12:00	GBPJPY.i	H1	190.762	190.835	190.864	191.977
541	2025.02.03 13:00	GBPJPY.i	H1	190.463	190.655	190.787	191.940
542	2025.02.03 14:00	GBPJPY.i	H1	190.804	190.630	190.721	191.902
543	2025.02.03 15:00	GBPJPY.i	H1	191.218	190.835	190.719	191.874
544	2025.02.03 16:00	GBPJPY.i	H1	190.867	190.885	190.727	191.851
545	2025.02.03 17:00	GBPJPY.i	H1	192.045	191.166	190.798	191.832
546	2025.02.03 18:00	GBPJPY.i	H1	191.588	191.528	190.936	191.827
547	2025.02.03 19:00	GBPJPY.i	H1	191.673	191.661	191.073	191.824
548	2025.02.03 20:00	GBPJPY.i	H1	192.021	191.842	191.222	191.822
549	2025.02.03 21:00	GBPJPY.i	H1	191.986	192.036	191.386	191.825
550	2025.02.03 22:00	GBPJPY.i	H1	191.878	192.072	191.524	191.830
551	2025.02.03 23:00	GBPJPY.i	H1	192.641	192.333	191.696	191.839
552	2025.02.04 00:00	GBPJPY.i	H1	192.436	192.498	191.872	191.855
553	2025.02.04 01:00	GBPJPY.i	H1	193.046	192.793	192.080	191.878
554	2025.02.04 02:00	GBPJPY.i	H1	192.949	192.999	192.294	191.907
555	2025.02.04 03:00	GBPJPY.i	H1	192.662	192.998	192.463	191.933
556	2025.02.04 04:00	GBPJPY.i	H1	192.777	192.981	192.596	191.956
557	2025.02.04 05:00	GBPJPY.i	H1	192.676	192.928	192.693	191.977
558	2025.02.04 06:00	GBPJPY.i	H1	192.665	192.861	192.759	191.997
559	2025.02.04 07:00	GBPJPY.i	H1	192.474	192.628	192.760	192.010
560	2025.02.04 08:00	GBPJPY.i	H1	192.623	192.592	192.757	192.022
561	2025.02.04 09:00	GBPJPY.i	H1	192.837	192.666	192.774	192.039
562	2025.02.04 10:00	GBPJPY.i	H1	192.815	192.741	192.805	192.060
563	2025.02.04 11:00	GBPJPY.i	H1	193.012	192.845	192.852	192.083
564	2025.02.04 12:00	GBPJPY.i	H1	192.935	192.916	192.903	192.107
565	2025.02.04 13:00	GBPJPY.i	H1	192.654	192.849	192.926	192.128
566	2025.02.04 14:00	GBPJPY.i	H1	192.765	192.782	192.927	192.144
567	2025.02.04 15:00	GBPJPY.i	H1	192.959	192.849	192.943	192.163
568	2025.02.04 16:00	GBPJPY.i	H1	192.957	192.899	192.966	192.184
569	2025.02.04 17:00	GBPJPY.i	H1	192.975	192.898	192.981	192.205
570	2025.02.04 18:00	GBPJPY.i	H1	192.939	192.915	192.995	192.224
571	2025.02.04 19:00	GBPJPY.i	H1	192.563	192.800	192.979	192.240
572	2025.02.04 20:00	GBPJPY.i	H1	192.614	192.680	192.937	192.251
573	2025.02.04 21:00	GBPJPY.i	H1	192.583	192.596	192.885	192.260
574	2025.02.04 22:00	GBPJPY.i	H1	192.644	192.564	192.835	192.269
575	2025.02.04 23:00	GBPJPY.i	H1	192.568	192.549	192.792	192.278
576	2025.02.05 00:00	GBPJPY.i	H1	192.550	192.524	192.750	192.287
577	2025.02.05 01:00	GBPJPY.i	H1	192.281	192.448	192.697	192.292
578	2025.02.05 02:00	GBPJPY.i	H1	192.033	192.293	192.619	192.293
579	2025.02.05 03:00	GBPJPY.i	H1	191.550	191.951	192.477	192.283
580	2025.02.05 04:00	GBPJPY.i	H1	191.415	191.589	192.283	192.263
581	2025.02.05 05:00	GBPJPY.i	H1	191.130	191.294	192.064	192.236
582	2025.02.05 06:00	GBPJPY.i	H1	191.270	191.113	191.850	192.207
583	2025.02.05 07:00	GBPJPY.i	H1	191.283	191.088	191.675	192.180
584	2025.02.05 08:00	GBPJPY.i	H1	191.118	191.044	191.524	192.155
585	2025.02.05 09:00	GBPJPY.i	H1	191.646	191.145	191.424	192.132
586	2025.02.05 10:00	GBPJPY.i	H1	191.402	191.230	191.361	192.113
587	2025.02.05 11:00	GBPJPY.i	H1	191.315	191.236	191.308	192.093
588	2025.02.05 12:00	GBPJPY.i	H1	191.416	191.265	191.270	192.072
589	2025.02.05 13:00	GBPJPY.i	H1	191.570	191.373	191.262	192.055
590	2025.02.05 14:00	GBPJPY.i	H1	191.639	191.469	191.277	192.041
591	2025.02.05 15:00	GBPJPY.i	H1	191.529	191.551	191.306	192.028
592	2025.02.05 16:00	GBPJPY.i	H1	191.249	191.507	191.318	192.014
593	2025.02.05 17:00	GBPJPY.i	H1	190.441	191.108	191.236	191.987
594	2025.02.05 18:00	GBPJPY.i	H1	190.604	190.803	191.107	191.948
595	2025.02.05 19:00	GBPJPY.i	H1	190.495	190.618	190.967	191.909
596	2025.02.05 20:00	GBPJPY.i	H1	190.555	190.510	190.835	191.871
597	2025.02.05 21:00	GBPJPY.i	H1	190.735	190.524	190.737	191.836
598	2025.02.05 22:00	GBPJPY.i	H1	190.896	190.637	190.686	191.807
599	2025.02.05 23:00	GBPJPY.i	H1	190.813	190.706	190.660	191.780
600	2025.02.06 00:00	GBPJPY.i	H1	190.709	190.695	190.636	191.752
601	2025.02.06 01:00	GBPJPY.i	H1	190.831	190.730	190.625	191.725
602	2025.02.06 02:00	GBPJPY.i	H1	190.491	190.670	190.602	191.696
603	2025.02.06 03:00	GBPJPY.i	H1	190.149	190.427	190.530	191.660
604	2025.02.06 04:00	GBPJPY.i	H1	190.224	190.273	190.439	191.619
605	2025.02.06 05:00	GBPJPY.i	H1	190.202	190.165	190.346	191.579
606	2025.02.06 06:00	GBPJPY.i	H1	190.259	190.138	190.269	191.539
607	2025.02.06 07:00	GBPJPY.i	H1	190.273	190.160	190.215	191.503
608	2025.02.06 08:00	GBPJPY.i	H1	190.482	190.254	190.193	191.471
609	2025.02.06 09:00	GBPJPY.i	H1	190.321	190.301	190.187	191.441
610	2025.02.06 10:00	GBPJPY.i	H1	189.987	190.187	190.156	191.407
611	2025.02.06 11:00	GBPJPY.i	H1	189.682	190.010	190.091	191.367
612	2025.02.06 12:00	GBPJPY.i	H1	189.401	189.714	189.975	191.320
613	2025.02.06 13:00	GBPJPY.i	H1	189.348	189.482	189.833	191.266
614	2025.02.06 14:00	GBPJPY.i	H1	188.556	189.071	189.630	191.206
615	2025.02.06 15:00	GBPJPY.i	H1	188.322	188.667	189.382	191.134
616	2025.02.06 16:00	GBPJPY.i	H1	188.498	188.439	189.137	191.060
617	2025.02.06 17:00	GBPJPY.i	H1	188.297	188.297	188.913	190.988
618	2025.02.06 18:00	GBPJPY.i	H1	189.009	188.406	188.762	190.922
619	2025.02.06 19:00	GBPJPY.i	H1	188.950	188.585	188.681	190.865
620	2025.02.06 20:00	GBPJPY.i	H1	188.388	188.538	188.603	190.807
621	2025.02.06 21:00	GBPJPY.i	H1	188.265	188.352	188.496	190.741
622	2025.02.06 22:00	GBPJPY.i	H1	188.506	188.329	188.406	190.674
623	2025.02.06 23:00	GBPJPY.i	H1	188.147	188.252	188.318	190.609
624	2025.02.07 00:00	GBPJPY.i	H1	188.257	188.196	188.236	190.544
625	2025.02.07 01:00	GBPJPY.i	H1	187.961	188.091	188.148	190.477
626	2025.02.07 02:00	GBPJPY.i	H1	187.876	187.952	188.049	190.407
627	2025.02.07 03:00	GBPJPY.i	H1	188.421	188.052	187.996	190.343
628	2025.02.07 04:00	GBPJPY.i	H1	188.580	188.274	188.006	190.289
629	2025.02.07 05:00	GBPJPY.i	H1	188.382	188.364	188.034	190.239
630	2025.02.07 06:00	GBPJPY.i	H1	188.501	188.428	188.070	190.189
631	2025.02.07 07:00	GBPJPY.i	H1	188.454	188.476	188.112	190.141
632	2025.02.07 08:00	GBPJPY.i	H1	188.670	188.546	188.162	190.096
633	2025.02.07 09:00	GBPJPY.i	H1	188.886	188.716	188.243	190.056
634	2025.02.07 10:00	GBPJPY.i	H1	189.149	188.937	188.360	190.025
635	2025.02.07 11:00	GBPJPY.i	H1	189.155	189.120	188.496	190.000
636	2025.02.07 12:00	GBPJPY.i	H1	189.395	189.328	188.652	189.979
637	2025.02.07 13:00	GBPJPY.i	H1	189.483	189.487	188.814	189.964
638	2025.02.07 14:00	GBPJPY.i	H1	189.199	189.495	188.946	189.947
639	2025.02.07 15:00	GBPJPY.i	H1	188.877	189.351	189.021	189.925
640	2025.02.07 16:00	GBPJPY.i	H1	188.804	189.187	189.048	189.899
641	2025.02.07 17:00	GBPJPY.i	H1	188.087	188.742	188.973	189.862
642	2025.02.07 18:00	GBPJPY.i	H1	187.501	188.129	188.780	189.807
643	2025.02.07 19:00	GBPJPY.i	H1	188.099	187.914	188.587	189.749
644	2025.02.07 20:00	GBPJPY.i	H1	187.780	187.809	188.415	189.698
645	2025.02.07 21:00	GBPJPY.i	H1	187.913	187.747	188.267	189.648
646	2025.02.07 22:00	GBPJPY.i	H1	187.720	187.668	188.131	189.598
647	2025.02.07 23:00	GBPJPY.i	H1	187.639	187.587	188.004	189.546
648	2025.02.10 00:00	GBPJPY.i	H1	187.506	187.417	187.862	189.490
649	2025.02.10 01:00	GBPJPY.i	H1	188.158	187.593	187.789	189.440
650	2025.02.10 02:00	GBPJPY.i	H1	188.190	187.810	187.778	189.402
651	2025.02.10 03:00	GBPJPY.i	H1	188.229	188.027	187.814	189.369
652	2025.02.10 04:00	GBPJPY.i	H1	188.374	188.192	187.877	189.339
653	2025.02.10 05:00	GBPJPY.i	H1	188.323	188.289	187.945	189.311
654	2025.02.10 06:00	GBPJPY.i	H1	188.321	188.346	188.010	189.284
655	2025.02.10 07:00	GBPJPY.i	H1	188.424	188.446	188.085	189.259
656	2025.02.10 08:00	GBPJPY.i	H1	188.485	188.477	188.152	189.236
657	2025.02.10 09:00	GBPJPY.i	H1	188.750	188.617	188.238	189.217
658	2025.02.10 10:00	GBPJPY.i	H1	188.924	188.818	188.354	189.205
659	2025.02.10 11:00	GBPJPY.i	H1	188.852	188.942	188.475	189.197
660	2025.02.10 12:00	GBPJPY.i	H1	188.772	188.968	188.577	189.188
661	2025.02.10 13:00	GBPJPY.i	H1	188.655	188.914	188.647	189.177
662	2025.02.10 14:00	GBPJPY.i	H1	188.383	188.745	188.667	189.161
663	2025.02.10 15:00	GBPJPY.i	H1	188.167	188.520	188.635	189.139
664	2025.02.10 16:00	GBPJPY.i	H1	187.713	188.174	188.534	189.108
665	2025.02.10 17:00	GBPJPY.i	H1	187.826	187.955	188.410	189.073
666	2025.02.10 18:00	GBPJPY.i	H1	187.851	187.837	188.288	189.038
667	2025.02.10 19:00	GBPJPY.i	H1	188.010	187.822	188.191	189.007
668	2025.02.10 20:00	GBPJPY.i	H1	188.007	187.849	188.119	188.978
669	2025.02.10 21:00	GBPJPY.i	H1	187.935	187.865	188.064	188.951
670	2025.02.10 22:00	GBPJPY.i	H1	187.899	187.863	188.018	188.924
671	2025.02.10 23:00	GBPJPY.i	H1	187.949	187.861	187.980	188.896
672	2025.02.11 00:00	GBPJPY.i	H1	187.859	187.833	187.941	188.868
673	2025.02.11 01:00	GBPJPY.i	H1	187.604	187.735	187.886	188.838
674	2025.02.11 02:00	GBPJPY.i	H1	187.653	187.631	187.818	188.805
675	2025.02.11 03:00	GBPJPY.i	H1	187.880	187.682	187.777	188.774
676	2025.02.11 04:00	GBPJPY.i	H1	187.637	187.669	187.740	188.746
677	2025.02.11 05:00	GBPJPY.i	H1	187.748	187.666	187.710	188.717
678	2025.02.11 06:00	GBPJPY.i	H1	187.851	187.725	187.699	188.690
679	2025.02.11 07:00	GBPJPY.i	H1	187.832	187.776	187.701	188.666
680	2025.02.11 08:00	GBPJPY.i	H1	187.739	187.782	187.704	188.643
681	2025.02.11 09:00	GBPJPY.i	H1	187.498	187.690	187.684	188.616
682	2025.02.11 10:00	GBPJPY.i	H1	187.665	187.622	187.654	188.587
683	2025.02.11 11:00	GBPJPY.i	H1	187.885	187.723	187.655	188.563
684	2025.02.11 12:00	GBPJPY.i	H1	188.040	187.861	187.688	188.545
685	2025.02.11 13:00	GBPJPY.i	H1	188.383	188.088	187.765	188.534
686	2025.02.11 14:00	GBPJPY.i	H1	188.653	188.334	187.881	188.530
687	2025.02.11 15:00	GBPJPY.i	H1	188.823	188.614	188.036	188.533
688	2025.02.11 16:00	GBPJPY.i	H1	188.944	188.864	188.214	188.542
689	2025.02.11 17:00	GBPJPY.i	H1	189.169	189.115	188.411	188.556
690	2025.02.11 18:00	GBPJPY.i	H1	189.260	189.278	188.604	188.574
691	2025.02.11 19:00	GBPJPY.i	H1	189.291	189.393	188.784	188.592
692	2025.02.11 20:00	GBPJPY.i	H1	189.391	189.486	188.949	188.612
693	2025.02.11 21:00	GBPJPY.i	H1	189.668	189.638	189.118	188.636
694	2025.02.11 22:00	GBPJPY.i	H1	189.851	189.819	189.294	188.666
695	2025.02.11 23:00	GBPJPY.i	H1	189.761	189.904	189.455	188.697
696	2025.02.12 00:00	GBPJPY.i	H1	189.666	189.851	189.572	188.725
697	2025.02.12 01:00	GBPJPY.i	H1	190.215	190.006	189.703	188.755
698	2025.02.12 02:00	GBPJPY.i	H1	190.643	190.313	189.878	188.796
699	2025.02.12 03:00	GBPJPY.i	H1	191.072	190.669	190.098	188.848
700	2025.02.12 04:00	GBPJPY.i	H1	191.067	190.992	190.344	188.907
701	2025.02.12 05:00	GBPJPY.i	H1	191.284	191.241	190.593	188.970
702	2025.02.12 06:00	GBPJPY.i	H1	191.207	191.379	190.821	189.033
703	2025.02.12 07:00	GBPJPY.i	H1	191.079	191.385	191.001	189.093
704	2025.02.12 08:00	GBPJPY.i	H1	191.098	191.367	191.141	189.149
705	2025.02.12 09:00	GBPJPY.i	H1	191.439	191.397	191.260	189.206
706	2025.02.12 10:00	GBPJPY.i	H1	191.053	191.393	191.355	189.264
707	2025.02.12 11:00	GBPJPY.i	H1	191.070	191.258	191.399	189.316
708	2025.02.12 12:00	GBPJPY.i	H1	191.079	191.205	191.424	189.364
709	2025.02.12 13:00	GBPJPY.i	H1	191.269	191.210	191.444	189.414
710	2025.02.12 14:00	GBPJPY.i	H1	191.202	191.208	191.459	189.464
711	2025.02.12 15:00	GBPJPY.i	H1	191.304	191.146	191.454	189.511
712	2025.02.12 16:00	GBPJPY.i	H1	191.548	191.248	191.472	189.559
713	2025.02.12 17:00	GBPJPY.i	H1	192.031	191.567	191.555	189.617
714	2025.02.12 18:00	GBPJPY.i	H1	192.401	191.904	191.693	189.684
715	2025.02.12 19:00	GBPJPY.i	H1	192.597	192.276	191.881	189.759
716	2025.02.12 20:00	GBPJPY.i	H1	192.099	192.365	192.043	189.833
717	2025.02.12 21:00	GBPJPY.i	H1	192.201	192.356	192.164	189.899
718	2025.02.12 22:00	GBPJPY.i	H1	192.190	192.340	192.255	189.962
719	2025.02.12 23:00	GBPJPY.i	H1	192.127	192.286	192.314	190.023
720	2025.02.13 00:00	GBPJPY.i	H1	192.060	192.184	192.336	190.080
721	2025.02.13 01:00	GBPJPY.i	H1	192.024	192.141	192.345	190.135
722	2025.02.13 02:00	GBPJPY.i	H1	192.315	192.166	192.357	190.190
723	2025.02.13 03:00	GBPJPY.i	H1	192.145	192.198	192.373	190.246
724	2025.02.13 04:00	GBPJPY.i	H1	192.190	192.182	192.379	190.300
725	2025.02.13 05:00	GBPJPY.i	H1	192.443	192.266	192.402	190.355
726	2025.02.13 06:00	GBPJPY.i	H1	192.762	192.488	192.467	190.416
727	2025.02.13 07:00	GBPJPY.i	H1	192.569	192.601	192.541	190.479
728	2025.02.13 08:00	GBPJPY.i	H1	192.362	192.568	192.588	190.537
729	2025.02.13 09:00	GBPJPY.i	H1	192.991	192.702	192.653	190.595
730	2025.02.13 10:00	GBPJPY.i	H1	192.159	192.603	192.679	190.651
731	2025.02.13 11:00	GBPJPY.i	H1	192.335	192.456	192.665	190.698
732	2025.02.13 12:00	GBPJPY.i	H1	192.136	192.350	192.629	190.742
733	2025.02.13 13:00	GBPJPY.i	H1	191.924	192.153	192.555	190.780
734	2025.02.13 14:00	GBPJPY.i	H1	191.798	191.926	192.445	190.811
735	2025.02.13 15:00	GBPJPY.i	H1	191.448	191.667	192.299	190.834
736	2025.02.13 16:00	GBPJPY.i	H1	191.622	191.486	192.142	190.853
737	2025.02.13 17:00	GBPJPY.i	H1	191.772	191.564	192.036	190.875
738	2025.02.13 18:00	GBPJPY.i	H1	191.867	191.619	191.961	190.902
739	2025.02.13 19:00	GBPJPY.i	H1	191.790	191.681	191.912	190.928
740	2025.02.13 20:00	GBPJPY.i	H1	191.709	191.625	191.855	190.951
741	2025.02.13 21:00	GBPJPY.i	H1	191.728	191.628	191.808	190.971
742	2025.02.13 22:00	GBPJPY.i	H1	191.848	191.692	191.783	190.993
743	2025.02.13 23:00	GBPJPY.i	H1	191.984	191.797	191.785	191.018
744	2025.02.14 00:00	GBPJPY.i	H1	191.964	191.842	191.793	191.043
745	2025.02.14 01:00	GBPJPY.i	H1	192.212	192.006	191.836	191.070
746	2025.02.14 02:00	GBPJPY.i	H1	191.728	191.966	191.858	191.096
747	2025.02.14 03:00	GBPJPY.i	H1	191.679	191.836	191.845	191.115
748	2025.02.14 04:00	GBPJPY.i	H1	191.944	191.852	191.839	191.133
749	2025.02.14 05:00	GBPJPY.i	H1	191.938	191.921	191.851	191.155
750	2025.02.14 06:00	GBPJPY.i	H1	191.635	191.854	191.845	191.175
751	2025.02.14 07:00	GBPJPY.i	H1	191.585	191.725	191.812	191.189
752	2025.02.14 08:00	GBPJPY.i	H1	191.540	191.649	191.770	191.200
753	2025.02.14 09:00	GBPJPY.i	H1	191.871	191.692	191.748	191.214
754	2025.02.14 10:00	GBPJPY.i	H1	192.229	191.893	191.777	191.235
755	2025.02.14 11:00	GBPJPY.i	H1	191.975	192.012	191.825	191.259
756	2025.02.14 12:00	GBPJPY.i	H1	191.851	191.977	191.854	191.279
757	2025.02.14 13:00	GBPJPY.i	H1	192.125	192.018	191.886	191.298
758	2025.02.14 14:00	GBPJPY.i	H1	192.219	192.098	191.930	191.320
759	2025.02.14 15:00	GBPJPY.i	H1	191.788	192.073	191.959	191.341
760	2025.02.14 16:00	GBPJPY.i	H1	192.231	192.092	191.987	191.360
761	2025.02.14 17:00	GBPJPY.i	H1	191.963	192.076	192.006	191.379
762	2025.02.14 18:00	GBPJPY.i	H1	191.919	191.984	192.001	191.395
763	2025.02.14 19:00	GBPJPY.i	H1	192.026	191.987	192.000	191.409
764	2025.02.14 20:00	GBPJPY.i	H1	191.928	191.972	191.996	191.425
765	2025.02.14 21:00	GBPJPY.i	H1	191.708	191.874	191.971	191.437
766	2025.02.14 22:00	GBPJPY.i	H1	191.720	191.792	191.933	191.446
767	2025.02.14 23:00	GBPJPY.i	H1	191.643	191.699	191.883	191.453
768	2025.02.17 00:00	GBPJPY.i	H1	191.660	191.616	191.825	191.457
769	2025.02.17 01:00	GBPJPY.i	H1	191.280	191.485	191.750	191.459
770	2025.02.17 02:00	GBPJPY.i	H1	191.149	191.300	191.648	191.454
771	2025.02.17 03:00	GBPJPY.i	H1	191.384	191.213	191.549	191.448
772	2025.02.17 04:00	GBPJPY.i	H1	190.875	191.061	191.436	191.439
773	2025.02.17 05:00	GBPJPY.i	H1	190.910	190.926	191.315	191.426
774	2025.02.17 06:00	GBPJPY.i	H1	191.052	190.902	191.214	191.413
775	2025.02.17 07:00	GBPJPY.i	H1	190.740	190.808	191.112	191.400
776	2025.02.17 08:00	GBPJPY.i	H1	191.111	190.842	191.038	191.387
777	2025.02.17 09:00	GBPJPY.i	H1	191.276	190.946	191.001	191.378
778	2025.02.17 10:00	GBPJPY.i	H1	191.078	191.027	190.989	191.372
779	2025.02.17 11:00	GBPJPY.i	H1	191.138	191.081	190.989	191.366
780	2025.02.17 12:00	GBPJPY.i	H1	191.065	191.076	190.986	191.359
781	2025.02.17 13:00	GBPJPY.i	H1	190.923	191.035	190.974	191.350
782	2025.02.17 14:00	GBPJPY.i	H1	190.801	190.931	190.941	191.337
783	2025.02.17 15:00	GBPJPY.i	H1	190.748	190.850	190.898	191.323
784	2025.02.17 16:00	GBPJPY.i	H1	190.787	190.776	190.848	191.307
785	2025.02.17 17:00	GBPJPY.i	H1	190.815	190.759	190.807	191.292
786	2025.02.17 18:00	GBPJPY.i	H1	190.954	190.811	190.788	191.280
787	2025.02.17 19:00	GBPJPY.i	H1	191.081	190.929	190.800	191.271
788	2025.02.17 20:00	GBPJPY.i	H1	191.141	191.026	190.831	191.266
789	2025.02.17 21:00	GBPJPY.i	H1	191.178	191.126	190.878	191.263
790	2025.02.17 22:00	GBPJPY.i	H1	191.180	191.180	190.928	191.261
791	2025.02.17 23:00	GBPJPY.i	H1	191.233	191.238	190.981	191.259
792	2025.02.18 00:00	GBPJPY.i	H1	191.208	191.236	191.023	191.258
793	2025.02.18 01:00	GBPJPY.i	H1	191.124	191.197	191.048	191.254
794	2025.02.18 02:00	GBPJPY.i	H1	191.273	191.242	191.081	191.252
795	2025.02.18 03:00	GBPJPY.i	H1	191.261	191.266	191.114	191.252
796	2025.02.18 04:00	GBPJPY.i	H1	191.407	191.334	191.157	191.253
797	2025.02.18 05:00	GBPJPY.i	H1	191.662	191.477	191.224	191.259
798	2025.02.18 06:00	GBPJPY.i	H1	191.663	191.599	191.306	191.269
799	2025.02.18 07:00	GBPJPY.i	H1	191.490	191.625	191.377	191.278
800	2025.02.18 08:00	GBPJPY.i	H1	191.450	191.585	191.424	191.284
801	2025.02.18 09:00	GBPJPY.i	H1	191.805	191.653	191.478	191.292
802	2025.02.18 10:00	GBPJPY.i	H1	191.597	191.711	191.536	191.303
803	2025.02.18 11:00	GBPJPY.i	H1	191.426	191.635	191.565	191.311
804	2025.02.18 12:00	GBPJPY.i	H1	191.153	191.450	191.546	191.312
805	2025.02.18 13:00	GBPJPY.i	H1	191.250	191.337	191.508	191.310
806	2025.02.18 14:00	GBPJPY.i	H1	190.995	191.213	191.452	191.306
807	2025.02.18 15:00	GBPJPY.i	H1	191.018	191.088	191.380	191.300
808	2025.02.18 16:00	GBPJPY.i	H1	191.373	191.117	191.332	191.295
809	2025.02.18 17:00	GBPJPY.i	H1	191.316	191.167	191.304	191.294
810	2025.02.18 18:00	GBPJPY.i	H1	191.426	191.261	191.302	191.296
811	2025.02.18 19:00	GBPJPY.i	H1	191.438	191.336	191.316	191.299
812	2025.02.18 20:00	GBPJPY.i	H1	191.509	191.394	191.338	191.303
813	2025.02.18 21:00	GBPJPY.i	H1	191.386	191.418	191.359	191.307
814	2025.02.18 22:00	GBPJPY.i	H1	191.640	191.495	191.392	191.312
815	2025.02.18 23:00	GBPJPY.i	H1	191.762	191.630	191.448	191.321
816	2025.02.19 00:00	GBPJPY.i	H1	192.058	191.798	191.529	191.335
817	2025.02.19 01:00	GBPJPY.i	H1	191.788	191.887	191.613	191.351
818	2025.02.19 02:00	GBPJPY.i	H1	191.864	191.895	191.679	191.365
819	2025.02.19 03:00	GBPJPY.i	H1	191.894	191.847	191.721	191.375
820	2025.02.19 04:00	GBPJPY.i	H1	191.795	191.885	191.765	191.387
821	2025.02.19 05:00	GBPJPY.i	H1	191.626	191.815	191.784	191.398
822	2025.02.19 06:00	GBPJPY.i	H1	191.466	191.682	191.769	191.403
823	2025.02.19 07:00	GBPJPY.i	H1	191.578	191.601	191.742	191.407
824	2025.02.19 08:00	GBPJPY.i	H1	191.304	191.484	191.694	191.408
825	2025.02.19 09:00	GBPJPY.i	H1	191.367	191.420	191.644	191.408
826	2025.02.19 10:00	GBPJPY.i	H1	191.360	191.404	191.600	191.409
827	2025.02.19 11:00	GBPJPY.i	H1	191.154	191.296	191.541	191.407
828	2025.02.19 12:00	GBPJPY.i	H1	191.061	191.162	191.463	191.400
829	2025.02.19 13:00	GBPJPY.i	H1	191.081	191.098	191.387	191.392
830	2025.02.19 14:00	GBPJPY.i	H1	191.196	191.064	191.318	191.385
831	2025.02.19 15:00	GBPJPY.i	H1	190.993	191.024	191.254	191.377
832	2025.02.19 16:00	GBPJPY.i	H1	190.555	190.826	191.156	191.363
833	2025.02.19 17:00	GBPJPY.i	H1	190.623	190.686	191.047	191.344
834	2025.02.19 18:00	GBPJPY.i	H1	190.666	190.615	190.944	191.325
835	2025.02.19 19:00	GBPJPY.i	H1	190.739	190.594	190.857	191.308
836	2025.02.19 20:00	GBPJPY.i	H1	190.678	190.603	190.790	191.291
837	2025.02.19 21:00	GBPJPY.i	H1	190.675	190.577	190.728	191.274
838	2025.02.19 22:00	GBPJPY.i	H1	190.674	190.578	190.679	191.256
839	2025.02.19 23:00	GBPJPY.i	H1	190.616	190.581	190.639	191.240
840	2025.02.20 00:00	GBPJPY.i	H1	190.419	190.502	190.588	191.220
841	2025.02.20 01:00	GBPJPY.i	H1	190.276	190.378	190.520	191.197
842	2025.02.20 02:00	GBPJPY.i	H1	190.118	190.217	190.429	191.170
843	2025.02.20 03:00	GBPJPY.i	H1	189.546	189.930	190.293	191.135
844	2025.02.20 04:00	GBPJPY.i	H1	189.793	189.735	190.143	191.095
845	2025.02.20 05:00	GBPJPY.i	H1	189.425	189.561	189.987	191.054
846	2025.02.20 06:00	GBPJPY.i	H1	189.227	189.342	189.814	191.008
847	2025.02.20 07:00	GBPJPY.i	H1	189.409	189.239	189.656	190.961
848	2025.02.20 08:00	GBPJPY.i	H1	188.907	189.064	189.491	190.912
849	2025.02.20 09:00	GBPJPY.i	H1	189.144	188.968	189.339	190.861
850	2025.02.20 10:00	GBPJPY.i	H1	189.547	189.115	189.252	190.816
851	2025.02.20 11:00	GBPJPY.i	H1	189.600	189.287	189.221	190.780
852	2025.02.20 12:00	GBPJPY.i	H1	189.346	189.332	189.204	190.744
853	2025.02.20 13:00	GBPJPY.i	H1	189.406	189.326	189.187	190.706
854	2025.02.20 14:00	GBPJPY.i	H1	189.103	189.264	189.159	190.666
855	2025.02.20 15:00	GBPJPY.i	H1	189.297	189.224	189.129	190.626
856	2025.02.20 16:00	GBPJPY.i	H1	188.967	189.168	189.094	190.585
857	2025.02.20 17:00	GBPJPY.i	H1	188.980	189.059	189.043	190.542
858	2025.02.20 18:00	GBPJPY.i	H1	189.160	189.068	189.008	190.501
859	2025.02.20 19:00	GBPJPY.i	H1	189.114	189.091	188.988	190.462
860	2025.02.20 20:00	GBPJPY.i	H1	189.442	189.206	189.000	190.428
861	2025.02.20 21:00	GBPJPY.i	H1	189.759	189.440	189.064	190.403
862	2025.02.20 22:00	GBPJPY.i	H1	189.611	189.584	189.147	190.382
863	2025.02.20 23:00	GBPJPY.i	H1	189.534	189.622	189.222	190.360
864	2025.02.21 00:00	GBPJPY.i	H1	189.388	189.546	189.264	190.335
865	2025.02.21 01:00	GBPJPY.i	H1	189.369	189.501	189.291	190.309
866	2025.02.21 02:00	GBPJPY.i	H1	189.669	189.580	189.334	190.286
867	2025.02.21 03:00	GBPJPY.i	H1	190.268	189.862	189.435	190.274
868	2025.02.21 04:00	GBPJPY.i	H1	190.698	190.278	189.611	190.276
869	2025.02.21 05:00	GBPJPY.i	H1	190.441	190.482	189.795	190.283
870	2025.02.21 06:00	GBPJPY.i	H1	190.381	190.520	189.949	190.287
871	2025.02.21 07:00	GBPJPY.i	H1	190.350	190.545	190.079	190.289
872	2025.02.21 08:00	GBPJPY.i	H1	190.548	190.597	190.196	190.293
873	2025.02.21 09:00	GBPJPY.i	H1	190.731	190.739	190.324	190.302
874	2025.02.21 10:00	GBPJPY.i	H1	190.430	190.700	190.419	190.311
875	2025.02.21 11:00	GBPJPY.i	H1	190.345	190.553	190.462	190.313
876	2025.02.21 12:00	GBPJPY.i	H1	190.171	190.432	190.473	190.311
877	2025.02.21 13:00	GBPJPY.i	H1	190.019	190.262	190.446	190.307
878	2025.02.21 14:00	GBPJPY.i	H1	190.192	190.184	190.409	190.301
879	2025.02.21 15:00	GBPJPY.i	H1	190.230	190.175	190.381	190.298
880	2025.02.21 16:00	GBPJPY.i	H1	189.574	189.963	190.310	190.290
881	2025.02.21 17:00	GBPJPY.i	H1	189.002	189.528	190.154	190.267
882	2025.02.21 18:00	GBPJPY.i	H1	189.022	189.190	189.956	190.235
883	2025.02.21 19:00	GBPJPY.i	H1	188.674	188.880	189.730	190.198
884	2025.02.21 20:00	GBPJPY.i	H1	188.406	188.528	189.472	190.154
885	2025.02.21 21:00	GBPJPY.i	H1	188.298	188.254	189.205	190.104
886	2025.02.21 22:00	GBPJPY.i	H1	188.356	188.139	188.967	190.055
887	2025.02.21 23:00	GBPJPY.i	H1	188.448	188.149	188.778	190.009
888	2025.02.24 00:00	GBPJPY.i	H1	188.577	188.218	188.640	189.967
889	2025.02.24 01:00	GBPJPY.i	H1	188.975	188.432	188.574	189.932
890	2025.02.24 02:00	GBPJPY.i	H1	188.637	188.532	188.539	189.900
891	2025.02.24 03:00	GBPJPY.i	H1	189.203	188.747	188.556	189.872
892	2025.02.24 04:00	GBPJPY.i	H1	189.294	189.052	188.634	189.853
893	2025.02.24 05:00	GBPJPY.i	H1	189.148	189.182	188.722	189.837
894	2025.02.24 06:00	GBPJPY.i	H1	189.152	189.235	188.801	189.819
895	2025.02.24 07:00	GBPJPY.i	H1	189.355	189.319	188.882	189.803
896	2025.02.24 08:00	GBPJPY.i	H1	189.298	189.375	188.961	189.789
897	2025.02.24 09:00	GBPJPY.i	H1	188.974	189.264	189.000	189.772
898	2025.02.24 10:00	GBPJPY.i	H1	188.989	189.095	188.995	189.749
899	2025.02.24 11:00	GBPJPY.i	H1	189.017	189.075	188.992	189.726
900	2025.02.24 12:00	GBPJPY.i	H1	189.171	189.085	188.996	189.708
901	2025.02.24 13:00	GBPJPY.i	H1	189.253	189.166	189.020	189.692
902	2025.02.24 14:00	GBPJPY.i	H1	189.271	189.217	189.052	189.679
903	2025.02.24 15:00	GBPJPY.i	H1	189.374	189.295	189.096	189.668
904	2025.02.24 16:00	GBPJPY.i	H1	188.411	189.053	189.076	189.651
905	2025.02.24 17:00	GBPJPY.i	H1	188.414	188.755	188.995	189.622
906	2025.02.24 18:00	GBPJPY.i	H1	189.043	188.780	188.941	189.595
907	2025.02.24 19:00	GBPJPY.i	H1	189.070	188.920	188.932	189.579
908	2025.02.24 20:00	GBPJPY.i	H1	189.126	188.987	188.940	189.566
909	2025.02.24 21:00	GBPJPY.i	H1	189.080	189.063	188.963	189.553
910	2025.02.24 22:00	GBPJPY.i	H1	188.983	189.055	188.978	189.540
911	2025.02.24 23:00	GBPJPY.i	H1	188.975	189.037	188.986	189.525
912	2025.02.25 00:00	GBPJPY.i	H1	189.064	189.012	188.986	189.510
913	2025.02.25 01:00	GBPJPY.i	H1	189.137	189.050	188.996	189.497
914	2025.02.25 02:00	GBPJPY.i	H1	189.473	189.214	189.041	189.490
915	2025.02.25 03:00	GBPJPY.i	H1	189.406	189.370	189.112	189.488
916	2025.02.25 04:00	GBPJPY.i	H1	189.296	189.396	189.173	189.486
917	2025.02.25 05:00	GBPJPY.i	H1	189.058	189.307	189.201	189.479
918	2025.02.25 06:00	GBPJPY.i	H1	188.942	189.161	189.190	189.467
919	2025.02.25 07:00	GBPJPY.i	H1	189.189	189.137	189.179	189.456
920	2025.02.25 08:00	GBPJPY.i	H1	189.163	189.151	189.175	189.447
921	2025.02.25 09:00	GBPJPY.i	H1	188.283	188.867	189.107	189.431
922	2025.02.25 10:00	GBPJPY.i	H1	188.606	188.672	189.011	189.407
923	2025.02.25 11:00	GBPJPY.i	H1	188.850	188.695	188.943	189.387
924	2025.02.25 12:00	GBPJPY.i	H1	189.091	188.811	188.916	189.374
925	2025.02.25 13:00	GBPJPY.i	H1	189.555	189.070	188.952	189.369
926	2025.02.25 14:00	GBPJPY.i	H1	189.457	189.243	189.018	189.370
927	2025.02.25 15:00	GBPJPY.i	H1	189.338	189.374	189.096	189.371
928	2025.02.25 16:00	GBPJPY.i	H1	188.904	189.254	189.128	189.368
929	2025.02.25 17:00	GBPJPY.i	H1	188.642	188.959	189.086	189.353
930	2025.02.25 18:00	GBPJPY.i	H1	188.607	188.715	188.999	189.330
931	2025.02.25 19:00	GBPJPY.i	H1	188.771	188.634	188.916	189.309
932	2025.02.25 20:00	GBPJPY.i	H1	188.922	188.730	188.874	189.294
933	2025.02.25 21:00	GBPJPY.i	H1	188.866	188.752	188.846	189.283
934	2025.02.25 22:00	GBPJPY.i	H1	188.721	188.750	188.821	189.270
935	2025.02.25 23:00	GBPJPY.i	H1	188.691	188.732	188.797	189.256
936	2025.02.26 00:00	GBPJPY.i	H1	188.874	188.727	188.777	189.242
937	2025.02.26 01:00	GBPJPY.i	H1	188.882	188.777	188.771	189.229
938	2025.02.26 02:00	GBPJPY.i	H1	188.749	188.726	188.754	189.217
939	2025.02.26 03:00	GBPJPY.i	H1	188.981	188.761	188.749	189.204
940	2025.02.26 04:00	GBPJPY.i	H1	189.145	188.910	188.778	189.196
941	2025.02.26 05:00	GBPJPY.i	H1	188.977	188.983	188.817	189.192
942	2025.02.26 06:00	GBPJPY.i	H1	188.904	188.988	188.848	189.187
943	2025.02.26 07:00	GBPJPY.i	H1	188.860	188.979	188.871	189.180
944	2025.02.26 08:00	GBPJPY.i	H1	189.185	189.044	188.904	189.175
945	2025.02.26 09:00	GBPJPY.i	H1	189.127	189.094	188.942	189.173
946	2025.02.26 10:00	GBPJPY.i	H1	188.870	189.046	188.961	189.168
947	2025.02.26 11:00	GBPJPY.i	H1	188.993	189.023	188.972	189.163
948	2025.02.26 12:00	GBPJPY.i	H1	189.062	189.007	188.979	189.157
949	2025.02.26 13:00	GBPJPY.i	H1	189.146	189.063	188.998	189.154
950	2025.02.26 14:00	GBPJPY.i	H1	189.155	189.110	189.024	189.153
951	2025.02.26 15:00	GBPJPY.i	H1	189.216	189.166	189.057	189.153
952	2025.02.26 16:00	GBPJPY.i	H1	189.553	189.304	189.115	189.158
953	2025.02.26 17:00	GBPJPY.i	H1	189.767	189.533	189.213	189.169
954	2025.02.26 18:00	GBPJPY.i	H1	189.298	189.555	189.294	189.180
955	2025.02.26 19:00	GBPJPY.i	H1	189.185	189.461	189.336	189.186
956	2025.02.26 20:00	GBPJPY.i	H1	188.852	189.238	189.319	189.183
957	2025.02.26 21:00	GBPJPY.i	H1	188.785	189.009	189.256	189.174
958	2025.02.26 22:00	GBPJPY.i	H1	188.890	188.897	189.184	189.164
959	2025.02.26 23:00	GBPJPY.i	H1	188.907	188.888	189.127	189.157
960	2025.02.27 00:00	GBPJPY.i	H1	188.831	188.826	189.068	189.150
961	2025.02.27 01:00	GBPJPY.i	H1	188.780	188.760	189.007	189.140
962	2025.02.27 02:00	GBPJPY.i	H1	188.891	188.743	188.953	189.130
963	2025.02.27 03:00	GBPJPY.i	H1	189.151	188.856	188.936	189.125
964	2025.02.27 04:00	GBPJPY.i	H1	188.972	188.919	188.935	189.122
965	2025.02.27 05:00	GBPJPY.i	H1	188.860	188.929	188.934	189.118
966	2025.02.27 06:00	GBPJPY.i	H1	188.671	188.831	188.909	189.111
967	2025.02.27 07:00	GBPJPY.i	H1	188.984	188.842	188.891	189.102
968	2025.02.27 08:00	GBPJPY.i	H1	188.998	188.917	188.895	189.098
969	2025.02.27 09:00	GBPJPY.i	H1	189.068	188.968	188.908	189.096
970	2025.02.27 10:00	GBPJPY.i	H1	189.714	189.219	188.975	189.100
971	2025.02.27 11:00	GBPJPY.i	H1	189.973	189.588	189.111	189.116
972	2025.02.27 12:00	GBPJPY.i	H1	189.993	189.845	189.274	189.139
973	2025.02.27 13:00	GBPJPY.i	H1	189.829	189.953	189.425	189.161
974	2025.02.27 14:00	GBPJPY.i	H1	189.561	189.896	189.530	189.177
975	2025.02.27 15:00	GBPJPY.i	H1	189.130	189.671	189.564	189.186
976	2025.02.27 16:00	GBPJPY.i	H1	189.078	189.496	189.554	189.188
977	2025.02.27 17:00	GBPJPY.i	H1	189.342	189.385	189.525	189.190
978	2025.02.27 18:00	GBPJPY.i	H1	189.157	189.312	189.489	189.192
979	2025.02.27 19:00	GBPJPY.i	H1	189.146	189.214	189.440	189.192
980	2025.02.27 20:00	GBPJPY.i	H1	189.564	189.289	189.420	189.195
981	2025.02.27 21:00	GBPJPY.i	H1	188.942	189.188	189.381	189.197
982	2025.02.27 22:00	GBPJPY.i	H1	188.794	188.966	189.298	189.190
983	2025.02.27 23:00	GBPJPY.i	H1	188.739	188.801	189.196	189.178
984	2025.02.28 00:00	GBPJPY.i	H1	188.672	188.678	189.088	189.165
985	2025.02.28 01:00	GBPJPY.i	H1	189.059	188.703	189.008	189.154
986	2025.02.28 02:00	GBPJPY.i	H1	188.296	188.584	188.916	189.142
987	2025.02.28 03:00	GBPJPY.i	H1	188.030	188.328	188.783	189.121
988	2025.02.28 04:00	GBPJPY.i	H1	188.157	188.098	188.625	189.092
989	2025.02.28 05:00	GBPJPY.i	H1	188.268	188.067	188.493	189.065
990	2025.02.28 06:00	GBPJPY.i	H1	188.241	188.080	188.391	189.042
991	2025.02.28 07:00	GBPJPY.i	H1	188.571	188.205	188.337	189.023
992	2025.02.28 08:00	GBPJPY.i	H1	188.745	188.402	188.336	189.011
993	2025.02.28 09:00	GBPJPY.i	H1	189.365	188.768	188.415	189.008
994	2025.02.28 10:00	GBPJPY.i	H1	189.710	189.230	188.580	189.019
995	2025.02.28 11:00	GBPJPY.i	H1	189.234	189.410	188.745	189.033
996	2025.02.28 12:00	GBPJPY.i	H1	189.363	189.482	188.890	189.043
997	2025.02.28 13:00	GBPJPY.i	H1	189.417	189.526	189.015	189.052
998	2025.02.28 14:00	GBPJPY.i	H1	189.850	189.706	189.157	189.066
999	2025.02.28 15:00	GBPJPY.i	H1	189.853	189.922	189.321	189.088
1000	2025.02.28 16:00	GBPJPY.i	H1	189.908	189.974	189.464	189.110
1001	2025.02.28 17:00	GBPJPY.i	H1	189.725	190.021	189.590	189.130
1002	2025.02.28 18:00	GBPJPY.i	H1	189.635	189.862	189.656	189.146
1003	2025.02.28 19:00	GBPJPY.i	H1	189.306	189.702	189.675	189.156
1004	2025.02.28 20:00	GBPJPY.i	H1	188.839	189.389	189.624	189.158
1005	2025.02.28 21:00	GBPJPY.i	H1	189.252	189.242	189.555	189.156
1006	2025.02.28 22:00	GBPJPY.i	H1	189.343	189.234	189.502	189.157
1007	2025.02.28 23:00	GBPJPY.i	H1	189.297	189.247	189.465	189.162
1008	2025.03.03 00:00	GBPJPY.i	H1	189.643	189.405	189.471	189.171
1009	2025.03.03 01:00	GBPJPY.i	H1	190.048	189.692	189.540	189.189
1010	2025.03.03 02:00	GBPJPY.i	H1	189.718	189.800	189.615	189.209
1011	2025.03.03 03:00	GBPJPY.i	H1	189.640	189.805	189.672	189.226
1012	2025.03.03 04:00	GBPJPY.i	H1	189.622	189.745	189.702	189.238
1013	2025.03.03 05:00	GBPJPY.i	H1	189.604	189.653	189.704	189.248
1014	2025.03.03 06:00	GBPJPY.i	H1	189.472	189.604	189.695	189.256
1015	2025.03.03 07:00	GBPJPY.i	H1	189.592	189.597	189.687	189.265
1016	2025.03.03 08:00	GBPJPY.i	H1	189.540	189.554	189.671	189.273
1017	2025.03.03 09:00	GBPJPY.i	H1	189.227	189.438	189.631	189.277
1018	2025.03.03 10:00	GBPJPY.i	H1	189.004	189.228	189.552	189.275
1019	2025.03.03 11:00	GBPJPY.i	H1	189.871	189.349	189.518	189.276
1020	2025.03.03 12:00	GBPJPY.i	H1	190.759	189.874	189.612	189.297
1021	2025.03.03 13:00	GBPJPY.i	H1	191.435	190.562	189.838	189.340
1022	2025.03.03 14:00	GBPJPY.i	H1	191.881	191.247	190.166	189.399
1023	2025.03.03 15:00	GBPJPY.i	H1	191.422	191.578	190.493	189.461
1024	2025.03.03 16:00	GBPJPY.i	H1	191.116	191.601	190.753	189.515
1025	2025.03.03 17:00	GBPJPY.i	H1	190.778	191.375	190.907	189.557
1026	2025.03.03 18:00	GBPJPY.i	H1	190.848	191.215	190.997	189.592
1027	2025.03.03 19:00	GBPJPY.i	H1	190.973	191.157	191.060	189.629
1028	2025.03.03 20:00	GBPJPY.i	H1	190.818	191.057	191.092	189.664
1029	2025.03.03 21:00	GBPJPY.i	H1	190.675	190.924	191.091	189.696
1030	2025.03.03 22:00	GBPJPY.i	H1	189.719	190.390	190.970	189.712
1031	2025.03.03 23:00	GBPJPY.i	H1	189.854	190.071	190.807	189.716
1032	2025.03.04 00:00	GBPJPY.i	H1	189.939	189.889	190.639	189.720
1033	2025.03.04 01:00	GBPJPY.i	H1	189.641	189.695	190.463	189.723
1034	2025.03.04 02:00	GBPJPY.i	H1	189.414	189.477	190.273	189.719
1035	2025.03.04 03:00	GBPJPY.i	H1	189.100	189.193	190.056	189.708
1036	2025.03.04 04:00	GBPJPY.i	H1	189.435	189.130	189.869	189.695
1037	2025.03.04 05:00	GBPJPY.i	H1	189.246	189.087	189.707	189.685
1038	2025.03.04 06:00	GBPJPY.i	H1	189.317	189.042	189.564	189.673
1039	2025.03.04 07:00	GBPJPY.i	H1	189.645	189.166	189.475	189.664
1040	2025.03.04 08:00	GBPJPY.i	H1	189.872	189.380	189.448	189.662
1041	2025.03.04 09:00	GBPJPY.i	H1	189.730	189.478	189.443	189.663
1042	2025.03.04 10:00	GBPJPY.i	H1	189.631	189.542	189.449	189.662
1043	2025.03.04 11:00	GBPJPY.i	H1	189.655	189.545	189.451	189.660
1044	2025.03.04 12:00	GBPJPY.i	H1	189.309	189.457	189.431	189.654
1045	2025.03.04 13:00	GBPJPY.i	H1	189.020	189.252	189.367	189.641
1046	2025.03.04 14:00	GBPJPY.i	H1	188.941	189.052	189.273	189.623
1047	2025.03.04 15:00	GBPJPY.i	H1	188.550	188.866	189.159	189.600
1048	2025.03.04 16:00	GBPJPY.i	H1	188.648	188.756	189.046	189.577
1049	2025.03.04 17:00	GBPJPY.i	H1	188.645	188.632	188.930	189.552
1050	2025.03.04 18:00	GBPJPY.i	H1	189.364	188.797	188.877	189.533
1051	2025.03.04 19:00	GBPJPY.i	H1	189.552	189.127	188.911	189.527
1052	2025.03.04 20:00	GBPJPY.i	H1	190.468	189.649	189.053	189.536
1053	2025.03.04 21:00	GBPJPY.i	H1	190.939	190.287	189.308	189.562
1054	2025.03.04 22:00	GBPJPY.i	H1	190.603	190.691	189.595	189.597
1055	2025.03.04 23:00	GBPJPY.i	H1	191.551	191.153	189.925	189.638
1056	2025.03.05 00:00	GBPJPY.i	H1	191.475	191.501	190.264	189.686
1057	2025.03.05 01:00	GBPJPY.i	H1	191.712	191.785	190.597	189.738
1058	2025.03.05 02:00	GBPJPY.i	H1	191.717	191.884	190.886	189.790
1059	2025.03.05 03:00	GBPJPY.i	H1	191.621	191.999	191.145	189.842
1060	2025.03.05 04:00	GBPJPY.i	H1	191.336	191.875	191.326	189.890
1061	2025.03.05 05:00	GBPJPY.i	H1	191.759	191.855	191.472	189.935
1062	2025.03.05 06:00	GBPJPY.i	H1	191.583	191.824	191.587	189.981
1063	2025.03.05 07:00	GBPJPY.i	H1	191.568	191.784	191.674	190.026
1064	2025.03.05 08:00	GBPJPY.i	H1	191.547	191.690	191.725	190.068
1065	2025.03.05 09:00	GBPJPY.i	H1	191.602	191.684	191.767	190.109
1066	2025.03.05 10:00	GBPJPY.i	H1	191.649	191.751	191.818	190.154
1067	2025.03.05 11:00	GBPJPY.i	H1	191.731	191.750	191.857	190.198
1068	2025.03.05 12:00	GBPJPY.i	H1	191.629	191.739	191.885	190.240
1069	2025.03.05 13:00	GBPJPY.i	H1	191.571	191.680	191.892	190.279
1070	2025.03.05 14:00	GBPJPY.i	H1	191.557	191.642	191.888	190.317
1071	2025.03.05 15:00	GBPJPY.i	H1	191.062	191.443	191.837	190.348
1072	2025.03.05 16:00	GBPJPY.i	H1	190.994	191.216	191.744	190.370
1073	2025.03.05 17:00	GBPJPY.i	H1	191.606	191.279	191.685	190.395
1074	2025.03.05 18:00	GBPJPY.i	H1	191.404	191.246	191.628	190.423
1075	2025.03.05 19:00	GBPJPY.i	H1	191.722	191.357	191.605	190.451
1076	2025.03.05 20:00	GBPJPY.i	H1	191.979	191.553	191.628	190.486
1077	2025.03.05 21:00	GBPJPY.i	H1	191.887	191.769	191.690	190.525
1078	2025.03.05 22:00	GBPJPY.i	H1	192.058	191.895	191.762	190.566
1079	2025.03.05 23:00	GBPJPY.i	H1	191.946	191.972	191.833	190.605
1080	2025.03.06 00:00	GBPJPY.i	H1	191.839	191.939	191.878	190.641
1081	2025.03.06 01:00	GBPJPY.i	H1	191.905	191.934	191.911	190.675
1082	2025.03.06 02:00	GBPJPY.i	H1	192.287	192.096	191.974	190.713
1083	2025.03.06 03:00	GBPJPY.i	H1	192.271	192.242	192.055	190.757
1084	2025.03.06 04:00	GBPJPY.i	H1	192.419	192.328	192.137	190.800
1085	2025.03.06 05:00	GBPJPY.i	H1	192.309	192.363	192.209	190.842
1086	2025.03.06 06:00	GBPJPY.i	H1	192.463	192.418	192.277	190.884
1087	2025.03.06 07:00	GBPJPY.i	H1	192.156	192.383	192.323	190.924
1088	2025.03.06 08:00	GBPJPY.i	H1	191.913	192.220	192.322	190.958
1089	2025.03.06 09:00	GBPJPY.i	H1	191.529	191.936	192.257	190.981
1090	2025.03.06 10:00	GBPJPY.i	H1	191.050	191.539	192.118	190.993
1091	2025.03.06 11:00	GBPJPY.i	H1	190.423	190.995	191.885	190.990
1092	2025.03.06 12:00	GBPJPY.i	H1	190.354	190.573	191.609	190.976
1093	2025.03.06 13:00	GBPJPY.i	H1	190.395	190.331	191.339	190.960
1094	2025.03.06 14:00	GBPJPY.i	H1	190.211	190.162	191.086	190.944
1095	2025.03.06 15:00	GBPJPY.i	H1	190.128	189.983	190.843	190.924
1096	2025.03.06 16:00	GBPJPY.i	H1	190.393	189.983	190.648	190.904
1097	2025.03.06 17:00	GBPJPY.i	H1	191.079	190.284	190.559	190.894
1098	2025.03.06 18:00	GBPJPY.i	H1	190.709	190.548	190.541	190.895
1099	2025.03.06 19:00	GBPJPY.i	H1	190.626	190.563	190.522	190.892
1100	2025.03.06 20:00	GBPJPY.i	H1	190.444	190.526	190.494	190.883
1101	2025.03.06 21:00	GBPJPY.i	H1	190.435	190.476	190.459	190.872
1102	2025.03.06 22:00	GBPJPY.i	H1	190.346	190.433	190.420	190.860
1103	2025.03.06 23:00	GBPJPY.i	H1	190.538	190.458	190.395	190.849
1104	2025.03.07 00:00	GBPJPY.i	H1	190.552	190.406	190.363	190.837
1105	2025.03.07 01:00	GBPJPY.i	H1	190.859	190.555	190.374	190.829
1106	2025.03.07 02:00	GBPJPY.i	H1	190.597	190.572	190.386	190.824
1107	2025.03.07 03:00	GBPJPY.i	H1	190.547	190.599	190.403	190.817
1108	2025.03.07 04:00	GBPJPY.i	H1	190.180	190.481	190.390	190.807
1109	2025.03.07 05:00	GBPJPY.i	H1	190.219	190.327	190.346	190.792
1110	2025.03.07 06:00	GBPJPY.i	H1	190.284	190.256	190.299	190.775
1111	2025.03.07 07:00	GBPJPY.i	H1	189.984	190.170	190.245	190.758
1112	2025.03.07 08:00	GBPJPY.i	H1	190.230	190.139	190.198	190.741
1113	2025.03.07 09:00	GBPJPY.i	H1	190.533	190.276	190.193	190.729
1114	2025.03.07 10:00	GBPJPY.i	H1	190.371	190.373	190.212	190.722
1115	2025.03.07 11:00	GBPJPY.i	H1	190.767	190.517	190.260	190.717
1116	2025.03.07 12:00	GBPJPY.i	H1	190.642	190.618	190.320	190.715
1117	2025.03.07 13:00	GBPJPY.i	H1	190.819	190.708	190.389	190.715
1118	2025.03.07 14:00	GBPJPY.i	H1	190.751	190.765	190.456	190.715
1119	2025.03.07 15:00	GBPJPY.i	H1	189.954	190.575	190.466	190.710
1120	2025.03.07 16:00	GBPJPY.i	H1	190.577	190.508	190.462	190.700
1121	2025.03.07 17:00	GBPJPY.i	H1	190.630	190.522	190.465	190.693
1122	2025.03.07 18:00	GBPJPY.i	H1	190.024	190.371	190.435	190.684
1123	2025.03.07 19:00	GBPJPY.i	H1	190.364	190.282	190.393	190.671
1124	2025.03.07 20:00	GBPJPY.i	H1	191.053	190.523	190.418	190.667
1125	2025.03.07 21:00	GBPJPY.i	H1	191.258	190.857	190.514	190.676
1126	2025.03.07 22:00	GBPJPY.i	H1	191.221	191.097	190.642	190.691
1127	2025.03.07 23:00	GBPJPY.i	H1	191.162	191.200	190.764	190.705
1128	2025.03.10 00:00	GBPJPY.i	H1	190.554	191.037	190.822	190.712
1129	2025.03.10 01:00	GBPJPY.i	H1	190.699	190.935	190.847	190.713
1130	2025.03.10 02:00	GBPJPY.i	H1	190.854	190.897	190.861	190.714
1131	2025.03.10 03:00	GBPJPY.i	H1	190.569	190.801	190.852	190.715
1132	2025.03.10 04:00	GBPJPY.i	H1	190.590	190.678	190.819	190.713
1133	2025.03.10 05:00	GBPJPY.i	H1	190.589	190.610	190.780	190.708
1134	2025.03.10 06:00	GBPJPY.i	H1	190.621	190.600	190.748	190.706
1135	2025.03.10 07:00	GBPJPY.i	H1	190.555	190.573	190.717	190.703
1136	2025.03.10 08:00	GBPJPY.i	H1	190.484	190.556	190.688	190.700
1137	2025.03.10 09:00	GBPJPY.i	H1	190.746	190.592	190.673	190.698
1138	2025.03.10 10:00	GBPJPY.i	H1	190.291	190.518	190.643	190.694
1139	2025.03.10 11:00	GBPJPY.i	H1	189.544	190.147	190.534	190.679
1140	2025.03.10 12:00	GBPJPY.i	H1	190.059	189.977	190.410	190.656
1141	2025.03.10 13:00	GBPJPY.i	H1	189.826	189.889	190.294	190.636
1142	2025.03.10 14:00	GBPJPY.i	H1	190.125	189.851	190.193	190.617
1143	2025.03.10 15:00	GBPJPY.i	H1	190.142	189.884	190.120	190.600
1144	2025.03.10 16:00	GBPJPY.i	H1	190.101	189.960	190.078	190.586
1145	2025.03.10 17:00	GBPJPY.i	H1	189.578	189.783	190.001	190.567
1146	2025.03.10 18:00	GBPJPY.i	H1	189.893	189.773	189.938	190.544
1147	2025.03.10 19:00	GBPJPY.i	H1	189.887	189.775	189.887	190.525
1148	2025.03.10 20:00	GBPJPY.i	H1	189.535	189.695	189.827	190.504
1149	2025.03.10 21:00	GBPJPY.i	H1	189.489	189.587	189.755	190.479
1150	2025.03.10 22:00	GBPJPY.i	H1	189.669	189.539	189.687	190.453
1151	2025.03.10 23:00	GBPJPY.i	H1	189.584	189.535	189.633	190.429
1152	2025.03.11 00:00	GBPJPY.i	H1	189.462	189.484	189.578	190.405
1153	2025.03.11 01:00	GBPJPY.i	H1	189.224	189.368	189.508	190.377
1154	2025.03.11 02:00	GBPJPY.i	H1	189.358	189.275	189.432	190.346
1155	2025.03.11 03:00	GBPJPY.i	H1	189.095	189.146	189.343	190.313
1156	2025.03.11 04:00	GBPJPY.i	H1	189.223	189.081	189.259	190.280
1157	2025.03.11 05:00	GBPJPY.i	H1	189.362	189.204	189.222	190.252
1158	2025.03.11 06:00	GBPJPY.i	H1	189.633	189.358	189.227	190.230
1159	2025.03.11 07:00	GBPJPY.i	H1	189.512	189.475	189.257	190.212
1160	2025.03.11 08:00	GBPJPY.i	H1	189.571	189.521	189.290	190.194
1161	2025.03.11 09:00	GBPJPY.i	H1	189.843	189.690	189.354	190.180
1162	2025.03.11 10:00	GBPJPY.i	H1	189.681	189.748	189.418	190.169
1163	2025.03.11 11:00	GBPJPY.i	H1	190.443	190.002	189.527	190.163
1164	2025.03.11 12:00	GBPJPY.i	H1	190.621	190.338	189.690	190.168
1165	2025.03.11 13:00	GBPJPY.i	H1	190.742	190.633	189.886	190.182
1166	2025.03.11 14:00	GBPJPY.i	H1	190.765	190.828	190.085	190.198
1167	2025.03.11 15:00	GBPJPY.i	H1	191.275	191.092	190.303	190.219
1168	2025.03.11 16:00	GBPJPY.i	H1	191.074	191.276	190.520	190.245
1169	2025.03.11 17:00	GBPJPY.i	H1	190.545	191.162	190.666	190.266
1170	2025.03.11 18:00	GBPJPY.i	H1	190.942	191.131	190.779	190.282
1171	2025.03.11 19:00	GBPJPY.i	H1	190.552	190.983	190.839	190.296
1172	2025.03.11 20:00	GBPJPY.i	H1	190.600	190.782	190.845	190.304
1173	2025.03.11 21:00	GBPJPY.i	H1	191.583	191.031	190.913	190.320
1174	2025.03.11 22:00	GBPJPY.i	H1	191.368	191.264	191.021	190.348
1175	2025.03.11 23:00	GBPJPY.i	H1	191.238	191.340	191.123	190.377
1176	2025.03.12 00:00	GBPJPY.i	H1	191.143	191.316	191.197	190.401
1177	2025.03.12 01:00	GBPJPY.i	H1	191.494	191.399	191.275	190.426
1178	2025.03.12 02:00	GBPJPY.i	H1	191.634	191.521	191.364	190.455
1179	2025.03.12 03:00	GBPJPY.i	H1	191.621	191.593	191.450	190.487
1180	2025.03.12 04:00	GBPJPY.i	H1	191.515	191.575	191.513	190.515
1181	2025.03.12 05:00	GBPJPY.i	H1	191.462	191.547	191.556	190.542
1182	2025.03.12 06:00	GBPJPY.i	H1	191.347	191.486	191.576	190.566
1183	2025.03.12 07:00	GBPJPY.i	H1	191.463	191.483	191.592	190.590
1184	2025.03.12 08:00	GBPJPY.i	H1	191.445	191.491	191.605	190.614
1185	2025.03.12 09:00	GBPJPY.i	H1	191.625	191.510	191.619	190.639
1186	2025.03.12 10:00	GBPJPY.i	H1	192.113	191.724	191.678	190.670
1187	2025.03.12 11:00	GBPJPY.i	H1	191.978	191.847	191.750	190.705
1188	2025.03.12 12:00	GBPJPY.i	H1	192.206	192.036	191.847	190.742
1189	2025.03.12 13:00	GBPJPY.i	H1	192.293	192.228	191.965	190.784
1190	2025.03.12 14:00	GBPJPY.i	H1	192.525	192.426	192.100	190.830
1191	2025.03.12 15:00	GBPJPY.i	H1	193.015	192.680	192.263	190.881
1192	2025.03.12 16:00	GBPJPY.i	H1	192.347	192.693	192.391	190.930
1193	2025.03.12 17:00	GBPJPY.i	H1	192.013	192.463	192.439	190.968
1194	2025.03.12 18:00	GBPJPY.i	H1	192.339	192.366	192.456	191.000
1195	2025.03.12 19:00	GBPJPY.i	H1	192.361	192.405	192.481	191.037
1196	2025.03.12 20:00	GBPJPY.i	H1	192.073	192.315	192.480	191.072
1197	2025.03.12 21:00	GBPJPY.i	H1	192.362	192.298	192.476	191.105
1198	2025.03.12 22:00	GBPJPY.i	H1	192.366	192.318	192.478	191.138
1199	2025.03.12 23:00	GBPJPY.i	H1	192.055	192.238	192.459	191.170
1200	2025.03.13 00:00	GBPJPY.i	H1	192.068	192.137	192.420	191.196
1201	2025.03.13 01:00	GBPJPY.i	H1	192.177	192.112	192.382	191.221
1202	2025.03.13 02:00	GBPJPY.i	H1	192.247	192.107	192.350	191.247
1203	2025.03.13 03:00	GBPJPY.i	H1	192.050	192.098	192.320	191.272
1204	2025.03.13 04:00	GBPJPY.i	H1	192.053	192.088	192.293	191.296
1205	2025.03.13 05:00	GBPJPY.i	H1	192.184	192.101	192.271	191.319
1206	2025.03.13 06:00	GBPJPY.i	H1	191.830	192.009	192.231	191.340
1207	2025.03.13 07:00	GBPJPY.i	H1	191.636	191.830	192.156	191.353
1208	2025.03.13 08:00	GBPJPY.i	H1	191.421	191.620	192.049	191.360
1209	2025.03.13 09:00	GBPJPY.i	H1	191.402	191.433	191.921	191.362
1210	2025.03.13 10:00	GBPJPY.i	H1	191.425	191.361	191.804	191.363
1211	2025.03.13 11:00	GBPJPY.i	H1	191.525	191.336	191.704	191.365
1212	2025.03.13 12:00	GBPJPY.i	H1	191.993	191.496	191.660	191.372
1213	2025.03.13 13:00	GBPJPY.i	H1	191.949	191.682	191.665	191.386
1214	2025.03.13 14:00	GBPJPY.i	H1	191.391	191.614	191.648	191.396
1215	2025.03.13 15:00	GBPJPY.i	H1	191.670	191.581	191.625	191.401
1216	2025.03.13 16:00	GBPJPY.i	H1	191.609	191.595	191.609	191.406
1217	2025.03.13 17:00	GBPJPY.i	H1	191.598	191.624	191.602	191.413
1218	2025.03.13 18:00	GBPJPY.i	H1	191.179	191.457	191.558	191.415
1219	2025.03.13 19:00	GBPJPY.i	H1	191.075	191.281	191.483	191.409
1220	2025.03.13 20:00	GBPJPY.i	H1	191.034	191.096	191.383	191.399
1221	2025.03.13 21:00	GBPJPY.i	H1	191.356	191.124	191.313	191.392
1222	2025.03.13 22:00	GBPJPY.i	H1	191.181	191.135	191.260	191.387
1223	2025.03.13 23:00	GBPJPY.i	H1	191.275	191.195	191.232	191.384
1224	2025.03.14 00:00	GBPJPY.i	H1	191.270	191.211	191.212	191.382
1225	2025.03.14 01:00	GBPJPY.i	H1	191.602	191.325	191.222	191.381
1226	2025.03.14 02:00	GBPJPY.i	H1	191.681	191.481	191.264	191.386
1227	2025.03.14 03:00	GBPJPY.i	H1	191.963	191.701	191.346	191.396
1228	2025.03.14 04:00	GBPJPY.i	H1	191.764	191.832	191.440	191.410
1229	2025.03.14 05:00	GBPJPY.i	H1	191.829	191.885	191.525	191.422
1230	2025.03.14 06:00	GBPJPY.i	H1	192.006	191.972	191.612	191.435
1231	2025.03.14 07:00	GBPJPY.i	H1	192.170	192.101	191.713	191.451
1232	2025.03.14 08:00	GBPJPY.i	H1	192.249	192.246	191.826	191.472
1233	2025.03.14 09:00	GBPJPY.i	H1	192.406	192.371	191.945	191.495
1234	2025.03.14 10:00	GBPJPY.i	H1	192.259	192.422	192.052	191.519
1235	2025.03.14 11:00	GBPJPY.i	H1	192.543	192.489	192.153	191.543
1236	2025.03.14 12:00	GBPJPY.i	H1	192.592	192.573	192.255	191.569
1237	2025.03.14 13:00	GBPJPY.i	H1	192.572	192.598	192.342	191.595
1238	2025.03.14 14:00	GBPJPY.i	H1	192.441	192.578	192.408	191.619
1239	2025.03.14 15:00	GBPJPY.i	H1	192.391	192.563	192.459	191.643
1240	2025.03.14 16:00	GBPJPY.i	H1	192.346	192.480	192.482	191.664
1241	2025.03.14 17:00	GBPJPY.i	H1	191.896	192.322	192.466	191.679
1242	2025.03.14 18:00	GBPJPY.i	H1	191.801	192.080	192.399	191.688
1243	2025.03.14 19:00	GBPJPY.i	H1	191.752	191.848	192.296	191.690
1244	2025.03.14 20:00	GBPJPY.i	H1	191.903	191.797	192.206	191.692
1245	2025.03.14 21:00	GBPJPY.i	H1	192.088	191.857	192.148	191.700
1246	2025.03.14 22:00	GBPJPY.i	H1	192.277	191.982	192.130	191.711
1247	2025.03.14 23:00	GBPJPY.i	H1	192.115	192.042	192.125	191.724
1248	2025.03.17 00:00	GBPJPY.i	H1	192.283	192.134	192.140	191.738
1249	2025.03.17 01:00	GBPJPY.i	H1	192.108	192.167	192.156	191.751
1250	2025.03.17 02:00	GBPJPY.i	H1	192.093	192.146	192.161	191.763
1251	2025.03.17 03:00	GBPJPY.i	H1	192.379	192.216	192.180	191.775
1252	2025.03.17 04:00	GBPJPY.i	H1	192.280	192.289	192.211	191.790
1253	2025.03.17 05:00	GBPJPY.i	H1	192.276	192.292	192.234	191.804
1254	2025.03.17 06:00	GBPJPY.i	H1	192.387	192.332	192.261	191.818
1255	2025.03.17 07:00	GBPJPY.i	H1	192.780	192.506	192.322	191.837
1256	2025.03.17 08:00	GBPJPY.i	H1	192.707	192.625	192.395	191.860
1257	2025.03.17 09:00	GBPJPY.i	H1	192.596	192.675	192.464	191.882
1258	2025.03.17 10:00	GBPJPY.i	H1	192.534	192.666	192.516	191.903
1259	2025.03.17 11:00	GBPJPY.i	H1	192.754	192.688	192.562	191.922
1260	2025.03.17 12:00	GBPJPY.i	H1	192.561	192.677	192.597	191.942
1261	2025.03.17 13:00	GBPJPY.i	H1	192.621	192.662	192.621	191.960
1262	2025.03.17 14:00	GBPJPY.i	H1	192.562	192.642	192.637	191.978
1263	2025.03.17 15:00	GBPJPY.i	H1	193.044	192.745	192.674	191.998
1264	2025.03.17 16:00	GBPJPY.i	H1	193.178	192.988	192.759	192.026
1265	2025.03.17 17:00	GBPJPY.i	H1	192.915	193.021	192.832	192.056
1266	2025.03.17 18:00	GBPJPY.i	H1	192.895	192.999	192.883	192.080
1267	2025.03.17 19:00	GBPJPY.i	H1	193.206	193.072	192.941	192.105
1268	2025.03.17 20:00	GBPJPY.i	H1	193.552	193.274	193.033	192.137
1269	2025.03.17 21:00	GBPJPY.i	H1	193.881	193.568	193.172	192.178
1270	2025.03.17 22:00	GBPJPY.i	H1	193.775	193.773	193.326	192.223
1271	2025.03.17 23:00	GBPJPY.i	H1	193.792	193.857	193.465	192.267
1272	2025.03.18 00:00	GBPJPY.i	H1	193.684	193.862	193.576	192.308
1273	2025.03.18 01:00	GBPJPY.i	H1	193.935	193.904	193.674	192.348
1274	2025.03.18 02:00	GBPJPY.i	H1	193.969	193.989	193.772	192.391
1275	2025.03.18 03:00	GBPJPY.i	H1	194.048	194.043	193.863	192.435
1276	2025.03.18 04:00	GBPJPY.i	H1	193.978	194.087	193.945	192.478
1277	2025.03.18 05:00	GBPJPY.i	H1	194.186	194.154	194.025	192.523
1278	2025.03.18 06:00	GBPJPY.i	H1	194.201	194.211	194.102	192.568
1279	2025.03.18 07:00	GBPJPY.i	H1	194.084	194.215	194.163	192.613
1280	2025.03.18 08:00	GBPJPY.i	H1	194.271	194.234	194.216	192.656
1281	2025.03.18 09:00	GBPJPY.i	H1	194.354	194.315	194.276	192.700
1282	2025.03.18 10:00	GBPJPY.i	H1	194.586	194.437	194.350	192.748
1283	2025.03.18 11:00	GBPJPY.i	H1	194.641	194.599	194.445	192.800
1284	2025.03.18 12:00	GBPJPY.i	H1	194.742	194.672	194.534	192.852
1285	2025.03.18 13:00	GBPJPY.i	H1	194.395	194.634	194.593	192.900
1286	2025.03.18 14:00	GBPJPY.i	H1	194.144	194.470	194.602	192.941
1287	2025.03.18 15:00	GBPJPY.i	H1	194.337	194.367	194.586	192.977
1288	2025.03.18 16:00	GBPJPY.i	H1	193.989	194.226	194.542	193.010
1289	2025.03.18 17:00	GBPJPY.i	H1	194.107	194.118	194.482	193.040
1290	2025.03.18 18:00	GBPJPY.i	H1	194.106	194.037	194.416	193.068
1291	2025.03.18 19:00	GBPJPY.i	H1	194.222	194.075	194.372	193.097
1292	2025.03.18 20:00	GBPJPY.i	H1	194.095	194.057	194.331	193.127
1293	2025.03.18 21:00	GBPJPY.i	H1	194.071	194.005	194.284	193.153
1294	2025.03.18 22:00	GBPJPY.i	H1	194.139	194.012	194.245	193.178
1295	2025.03.18 23:00	GBPJPY.i	H1	194.027	194.022	194.215	193.203
1296	2025.03.19 00:00	GBPJPY.i	H1	193.981	193.977	194.178	193.226
1297	2025.03.19 01:00	GBPJPY.i	H1	194.200	194.012	194.155	193.249
1298	2025.03.19 02:00	GBPJPY.i	H1	194.263	194.096	194.153	193.274
1299	2025.03.19 03:00	GBPJPY.i	H1	194.425	194.207	194.175	193.302
1300	2025.03.19 04:00	GBPJPY.i	H1	194.207	194.256	194.200	193.330
1301	2025.03.19 05:00	GBPJPY.i	H1	194.224	194.228	194.212	193.355
1302	2025.03.19 06:00	GBPJPY.i	H1	194.031	194.173	194.208	193.377
1303	2025.03.19 07:00	GBPJPY.i	H1	194.203	194.158	194.201	193.398
1304	2025.03.19 08:00	GBPJPY.i	H1	194.464	194.264	194.220	193.422
1305	2025.03.19 09:00	GBPJPY.i	H1	194.222	194.321	194.247	193.448
1306	2025.03.19 10:00	GBPJPY.i	H1	193.622	194.035	194.201	193.464
1307	2025.03.19 11:00	GBPJPY.i	H1	194.124	193.988	194.156	193.475
1308	2025.03.19 12:00	GBPJPY.i	H1	194.267	194.066	194.140	193.492
1309	2025.03.19 13:00	GBPJPY.i	H1	194.189	194.108	194.136	193.511
1310	2025.03.19 14:00	GBPJPY.i	H1	194.428	194.233	194.161	193.532
1311	2025.03.19 15:00	GBPJPY.i	H1	194.223	194.263	194.185	193.554
1312	2025.03.19 16:00	GBPJPY.i	H1	194.584	194.365	194.227	193.576
1313	2025.03.19 17:00	GBPJPY.i	H1	194.342	194.422	194.273	193.600
1314	2025.03.19 18:00	GBPJPY.i	H1	194.539	194.453	194.315	193.623
1315	2025.03.19 19:00	GBPJPY.i	H1	194.530	194.495	194.357	193.647
1316	2025.03.19 20:00	GBPJPY.i	H1	194.335	194.458	194.383	193.668
1317	2025.03.19 21:00	GBPJPY.i	H1	193.584	194.137	194.329	193.679
1318	2025.03.19 22:00	GBPJPY.i	H1	193.462	193.800	194.213	193.678
1319	2025.03.19 23:00	GBPJPY.i	H1	193.298	193.527	194.062	193.671
1320	2025.03.20 00:00	GBPJPY.i	H1	193.474	193.356	193.907	193.662
1321	2025.03.20 01:00	GBPJPY.i	H1	193.258	193.264	193.765	193.653
1322	2025.03.20 02:00	GBPJPY.i	H1	193.143	193.162	193.629	193.643
1323	2025.03.20 03:00	GBPJPY.i	H1	192.922	192.992	193.481	193.629
1324	2025.03.20 04:00	GBPJPY.i	H1	192.831	192.841	193.329	193.609
1325	2025.03.20 05:00	GBPJPY.i	H1	193.049	192.812	193.201	193.590
1326	2025.03.20 06:00	GBPJPY.i	H1	192.984	192.833	193.102	193.573
1327	2025.03.20 07:00	GBPJPY.i	H1	192.941	192.825	193.020	193.557
1328	2025.03.20 08:00	GBPJPY.i	H1	192.803	192.783	192.943	193.538
1329	2025.03.20 09:00	GBPJPY.i	H1	192.550	192.659	192.852	193.516
1330	2025.03.20 10:00	GBPJPY.i	H1	192.741	192.622	192.772	193.492
1331	2025.03.20 11:00	GBPJPY.i	H1	192.688	192.619	192.707	193.470
1332	2025.03.20 12:00	GBPJPY.i	H1	192.705	192.594	192.649	193.448
1333	2025.03.20 13:00	GBPJPY.i	H1	192.474	192.476	192.576	193.422
1334	2025.03.20 14:00	GBPJPY.i	H1	192.247	192.382	192.498	193.393
1335	2025.03.20 15:00	GBPJPY.i	H1	192.403	192.376	192.436	193.366
1336	2025.03.20 16:00	GBPJPY.i	H1	192.721	192.435	192.401	193.342
1337	2025.03.20 17:00	GBPJPY.i	H1	192.798	192.626	192.418	193.324
1338	2025.03.20 18:00	GBPJPY.i	H1	193.097	192.814	192.473	193.313
1339	2025.03.20 19:00	GBPJPY.i	H1	192.858	192.924	192.541	193.304
1340	2025.03.20 20:00	GBPJPY.i	H1	192.819	192.946	192.599	193.293
1341	2025.03.20 21:00	GBPJPY.i	H1	192.852	192.936	192.644	193.281
1342	2025.03.20 22:00	GBPJPY.i	H1	192.906	192.957	192.686	193.270
1343	2025.03.20 23:00	GBPJPY.i	H1	192.877	192.963	192.724	193.259
1344	2025.03.21 00:00	GBPJPY.i	H1	192.909	192.924	192.747	193.248
1345	2025.03.21 01:00	GBPJPY.i	H1	192.828	192.905	192.764	193.237
1346	2025.03.21 02:00	GBPJPY.i	H1	192.685	192.842	192.766	193.224
1347	2025.03.21 03:00	GBPJPY.i	H1	193.150	192.927	192.789	193.215
1348	2025.03.21 04:00	GBPJPY.i	H1	193.276	193.100	192.849	193.212
1349	2025.03.21 05:00	GBPJPY.i	H1	193.184	193.176	192.914	193.212
1350	2025.03.21 06:00	GBPJPY.i	H1	193.164	193.195	192.970	193.211
1351	2025.03.21 07:00	GBPJPY.i	H1	193.337	193.284	193.036	193.211
1352	2025.03.21 08:00	GBPJPY.i	H1	193.363	193.369	193.108	193.215
1353	2025.03.21 09:00	GBPJPY.i	H1	193.465	193.420	193.177	193.219
1354	2025.03.21 10:00	GBPJPY.i	H1	193.139	193.382	193.224	193.222
1355	2025.03.21 11:00	GBPJPY.i	H1	193.437	193.369	193.260	193.224
1356	2025.03.21 12:00	GBPJPY.i	H1	193.201	193.342	193.284	193.225
1357	2025.03.21 13:00	GBPJPY.i	H1	193.119	193.276	193.289	193.225
1358	2025.03.21 14:00	GBPJPY.i	H1	192.740	193.078	193.249	193.220
1359	2025.03.21 15:00	GBPJPY.i	H1	192.326	192.776	193.150	193.205
1360	2025.03.21 16:00	GBPJPY.i	H1	192.590	192.559	193.026	193.184
1361	2025.03.21 17:00	GBPJPY.i	H1	192.553	192.488	192.913	193.165
1362	2025.03.21 18:00	GBPJPY.i	H1	192.089	192.300	192.782	193.144
1363	2025.03.21 19:00	GBPJPY.i	H1	192.824	192.345	192.688	193.124
1364	2025.03.21 20:00	GBPJPY.i	H1	192.841	192.511	192.651	193.112
1365	2025.03.21 21:00	GBPJPY.i	H1	192.884	192.646	192.649	193.104
1366	2025.03.21 22:00	GBPJPY.i	H1	192.928	192.751	192.667	193.097
1367	2025.03.21 23:00	GBPJPY.i	H1	192.764	192.763	192.681	193.090
1368	2025.03.24 00:00	GBPJPY.i	H1	192.669	192.715	192.680	193.079
1369	2025.03.24 01:00	GBPJPY.i	H1	193.164	192.860	192.711	193.072
1370	2025.03.24 02:00	GBPJPY.i	H1	193.444	193.107	192.792	193.075
1371	2025.03.24 03:00	GBPJPY.i	H1	193.667	193.367	192.913	193.085
1372	2025.03.24 04:00	GBPJPY.i	H1	193.624	193.576	193.055	193.099
1373	2025.03.24 05:00	GBPJPY.i	H1	193.648	193.689	193.192	193.114
1374	2025.03.24 06:00	GBPJPY.i	H1	193.452	193.699	193.302	193.128
1375	2025.03.24 07:00	GBPJPY.i	H1	193.447	193.641	193.377	193.138
1376	2025.03.24 08:00	GBPJPY.i	H1	193.444	193.598	193.430	193.146
1377	2025.03.24 09:00	GBPJPY.i	H1	193.703	193.652	193.487	193.157
1378	2025.03.24 10:00	GBPJPY.i	H1	193.752	193.756	193.558	193.172
1379	2025.03.24 11:00	GBPJPY.i	H1	193.803	193.826	193.631	193.190
1380	2025.03.24 12:00	GBPJPY.i	H1	193.849	193.858	193.696	193.207
1381	2025.03.24 13:00	GBPJPY.i	H1	193.971	193.930	193.766	193.225
1382	2025.03.24 14:00	GBPJPY.i	H1	193.843	193.952	193.826	193.244
1383	2025.03.24 15:00	GBPJPY.i	H1	193.930	193.967	193.877	193.263
1384	2025.03.24 16:00	GBPJPY.i	H1	194.080	193.988	193.923	193.281
1385	2025.03.24 17:00	GBPJPY.i	H1	194.519	194.195	194.007	193.306
1386	2025.03.24 18:00	GBPJPY.i	H1	194.622	194.413	194.123	193.338
1387	2025.03.24 19:00	GBPJPY.i	H1	194.288	194.466	194.224	193.369
1388	2025.03.24 20:00	GBPJPY.i	H1	194.440	194.465	194.302	193.397
1389	2025.03.24 21:00	GBPJPY.i	H1	194.591	194.540	194.382	193.426
1390	2025.03.24 22:00	GBPJPY.i	H1	194.650	194.623	194.464	193.458
1391	2025.03.24 23:00	GBPJPY.i	H1	194.726	194.710	194.548	193.492
1392	2025.03.25 00:00	GBPJPY.i	H1	194.639	194.723	194.617	193.525
1393	2025.03.25 01:00	GBPJPY.i	H1	194.740	194.756	194.678	193.557
1394	2025.03.25 02:00	GBPJPY.i	H1	194.844	194.814	194.741	193.590
1395	2025.03.25 03:00	GBPJPY.i	H1	194.960	194.901	194.809	193.626
1396	2025.03.25 04:00	GBPJPY.i	H1	194.680	194.861	194.853	193.660
1397	2025.03.25 05:00	GBPJPY.i	H1	194.698	194.782	194.869	193.689
1398	2025.03.25 06:00	GBPJPY.i	H1	194.672	194.728	194.870	193.715
1399	2025.03.25 07:00	GBPJPY.i	H1	194.571	194.671	194.857	193.741
1400	2025.03.25 08:00	GBPJPY.i	H1	194.394	194.553	194.820	193.763
1401	2025.03.25 09:00	GBPJPY.i	H1	194.423	194.461	194.769	193.782
1402	2025.03.25 10:00	GBPJPY.i	H1	194.519	194.450	194.726	193.801
1403	2025.03.25 11:00	GBPJPY.i	H1	194.492	194.438	194.688	193.820
1404	2025.03.25 12:00	GBPJPY.i	H1	194.588	194.455	194.660	193.839
1405	2025.03.25 13:00	GBPJPY.i	H1	194.527	194.469	194.639	193.859
1406	2025.03.25 14:00	GBPJPY.i	H1	194.362	194.423	194.609	193.876
1407	2025.03.25 15:00	GBPJPY.i	H1	194.278	194.332	194.562	193.889
1408	2025.03.25 16:00	GBPJPY.i	H1	193.909	194.156	194.484	193.896
1409	2025.03.25 17:00	GBPJPY.i	H1	193.862	193.960	194.376	193.898
1410	2025.03.25 18:00	GBPJPY.i	H1	193.912	193.840	194.264	193.896
1411	2025.03.25 19:00	GBPJPY.i	H1	194.061	193.854	194.178	193.897
1412	2025.03.25 20:00	GBPJPY.i	H1	194.070	193.923	194.124	193.901
1413	2025.03.25 21:00	GBPJPY.i	H1	193.988	193.913	194.077	193.905
1414	2025.03.25 22:00	GBPJPY.i	H1	194.016	193.939	194.043	193.908
1415	2025.03.25 23:00	GBPJPY.i	H1	194.034	193.963	194.019	193.911
1416	2025.03.26 00:00	GBPJPY.i	H1	193.883	193.937	193.993	193.913
1417	2025.03.26 01:00	GBPJPY.i	H1	194.081	193.965	193.977	193.915
1418	2025.03.26 02:00	GBPJPY.i	H1	194.097	194.014	193.975	193.919
1419	2025.03.26 03:00	GBPJPY.i	H1	194.225	194.083	193.988	193.925
1420	2025.03.26 04:00	GBPJPY.i	H1	194.247	194.171	194.018	193.932
1421	2025.03.26 05:00	GBPJPY.i	H1	194.498	194.306	194.072	193.943
1422	2025.03.26 06:00	GBPJPY.i	H1	194.598	194.470	194.151	193.958
1423	2025.03.26 07:00	GBPJPY.i	H1	194.721	194.618	194.247	193.977
1424	2025.03.26 08:00	GBPJPY.i	H1	194.580	194.689	194.339	193.996
1425	2025.03.26 09:00	GBPJPY.i	H1	194.687	194.737	194.422	194.014
1426	2025.03.26 10:00	GBPJPY.i	H1	194.174	194.583	194.454	194.027
1427	2025.03.26 11:00	GBPJPY.i	H1	193.762	194.232	194.401	194.028
1428	2025.03.26 12:00	GBPJPY.i	H1	193.781	193.969	194.304	194.021
1429	2025.03.26 13:00	GBPJPY.i	H1	193.843	193.834	194.201	194.014
1430	2025.03.26 14:00	GBPJPY.i	H1	193.721	193.752	194.103	194.008
1431	2025.03.26 15:00	GBPJPY.i	H1	193.902	193.728	194.022	194.002
1432	2025.03.26 16:00	GBPJPY.i	H1	193.762	193.737	193.960	193.997
1433	2025.03.26 17:00	GBPJPY.i	H1	194.174	193.846	193.934	193.996
1434	2025.03.26 18:00	GBPJPY.i	H1	194.166	193.973	193.941	193.999
1435	2025.03.26 19:00	GBPJPY.i	H1	194.175	194.027	193.956	194.002
1436	2025.03.26 20:00	GBPJPY.i	H1	193.791	193.982	193.955	194.002
1437	2025.03.26 21:00	GBPJPY.i	H1	193.852	193.938	193.943	194.000
1438	2025.03.26 22:00	GBPJPY.i	H1	194.063	193.960	193.940	193.998
1439	2025.03.26 23:00	GBPJPY.i	H1	194.058	194.005	193.947	193.999
1440	2025.03.27 00:00	GBPJPY.i	H1	193.755	193.923	193.933	193.997
1441	2025.03.27 01:00	GBPJPY.i	H1	193.519	193.788	193.892	193.990
1442	2025.03.27 02:00	GBPJPY.i	H1	193.766	193.716	193.845	193.981
1443	2025.03.27 03:00	GBPJPY.i	H1	193.958	193.782	193.824	193.976
1444	2025.03.27 04:00	GBPJPY.i	H1	193.659	193.740	193.798	193.971
1445	2025.03.27 05:00	GBPJPY.i	H1	193.912	193.785	193.787	193.966
1446	2025.03.27 06:00	GBPJPY.i	H1	193.863	193.811	193.785	193.963
1447	2025.03.27 07:00	GBPJPY.i	H1	194.067	193.901	193.803	193.962
1448	2025.03.27 08:00	GBPJPY.i	H1	193.993	193.977	193.834	193.964
1449	2025.03.27 09:00	GBPJPY.i	H1	194.319	194.136	193.895	193.969
1450	2025.03.27 10:00	GBPJPY.i	H1	194.376	194.223	193.961	193.977
1451	2025.03.27 11:00	GBPJPY.i	H1	194.661	194.401	194.054	193.988
1452	2025.03.27 12:00	GBPJPY.i	H1	194.996	194.684	194.192	194.007
1453	2025.03.27 13:00	GBPJPY.i	H1	195.186	194.967	194.365	194.034
1454	2025.03.27 14:00	GBPJPY.i	H1	195.280	195.199	194.553	194.066
1455	2025.03.27 15:00	GBPJPY.i	H1	195.120	195.342	194.734	194.099
1456	2025.03.27 16:00	GBPJPY.i	H1	195.054	195.297	194.867	194.128
1457	2025.03.27 17:00	GBPJPY.i	H1	195.506	195.392	194.997	194.157
1458	2025.03.27 18:00	GBPJPY.i	H1	195.697	195.605	195.151	194.194
1459	2025.03.27 19:00	GBPJPY.i	H1	195.660	195.755	195.308	194.236
1460	2025.03.27 20:00	GBPJPY.i	H1	195.630	195.834	195.452	194.277
1461	2025.03.27 21:00	GBPJPY.i	H1	195.685	195.851	195.570	194.317
1462	2025.03.27 22:00	GBPJPY.i	H1	195.584	195.818	195.658	194.355
1463	2025.03.27 23:00	GBPJPY.i	H1	195.555	195.751	195.714	194.390
1464	2025.03.28 00:00	GBPJPY.i	H1	195.553	195.674	195.742	194.422
1465	2025.03.28 01:00	GBPJPY.i	H1	195.539	195.624	195.755	194.453
1466	2025.03.28 02:00	GBPJPY.i	H1	195.368	195.512	195.741	194.481
1467	2025.03.28 03:00	GBPJPY.i	H1	195.471	195.489	195.725	194.508
1468	2025.03.28 04:00	GBPJPY.i	H1	195.171	195.362	195.682	194.532
1469	2025.03.28 05:00	GBPJPY.i	H1	195.299	195.280	195.630	194.552
1470	2025.03.28 06:00	GBPJPY.i	H1	195.234	195.221	195.573	194.572
1471	2025.03.28 07:00	GBPJPY.i	H1	195.247	195.196	195.522	194.590
1472	2025.03.28 08:00	GBPJPY.i	H1	195.104	195.142	195.466	194.608
1473	2025.03.28 09:00	GBPJPY.i	H1	194.921	195.032	195.395	194.621
1474	2025.03.28 10:00	GBPJPY.i	H1	194.770	194.912	195.309	194.630
1475	2025.03.28 11:00	GBPJPY.i	H1	194.886	194.820	195.218	194.636
1476	2025.03.28 12:00	GBPJPY.i	H1	195.026	194.856	195.153	194.644
1477	2025.03.28 13:00	GBPJPY.i	H1	194.966	194.879	195.103	194.654
1478	2025.03.28 14:00	GBPJPY.i	H1	194.979	194.896	195.065	194.664
1479	2025.03.28 15:00	GBPJPY.i	H1	194.987	194.906	195.035	194.673
1480	2025.03.28 16:00	GBPJPY.i	H1	194.890	194.929	195.013	194.681
1481	2025.03.28 17:00	GBPJPY.i	H1	194.337	194.703	194.942	194.683
1482	2025.03.28 18:00	GBPJPY.i	H1	194.451	194.566	194.854	194.678
1483	2025.03.28 19:00	GBPJPY.i	H1	194.266	194.407	194.749	194.671
1484	2025.03.28 20:00	GBPJPY.i	H1	194.078	194.186	194.615	194.658
1485	2025.03.28 21:00	GBPJPY.i	H1	194.045	194.063	194.483	194.642
1486	2025.03.28 22:00	GBPJPY.i	H1	193.849	193.924	194.346	194.624
1487	2025.03.28 23:00	GBPJPY.i	H1	193.820	193.806	194.211	194.604
1488	2025.03.31 00:00	GBPJPY.i	H1	193.485	193.616	194.060	194.579
1489	2025.03.31 01:00	GBPJPY.i	H1	193.299	193.405	193.892	194.548
1490	2025.03.31 02:00	GBPJPY.i	H1	193.576	193.313	193.738	194.516
1491	2025.03.31 03:00	GBPJPY.i	H1	193.477	193.267	193.606	194.485
1492	2025.03.31 04:00	GBPJPY.i	H1	193.302	193.242	193.494	194.454
1493	2025.03.31 05:00	GBPJPY.i	H1	193.021	193.098	193.371	194.420
1494	2025.03.31 06:00	GBPJPY.i	H1	192.961	192.942	193.237	194.381
1495	2025.03.31 07:00	GBPJPY.i	H1	193.158	192.945	193.133	194.342
1496	2025.03.31 08:00	GBPJPY.i	H1	193.093	192.996	193.061	194.309
1497	2025.03.31 09:00	GBPJPY.i	H1	193.193	193.008	193.007	194.276
1498	2025.03.31 10:00	GBPJPY.i	H1	193.240	193.034	192.969	194.244
1499	2025.03.31 11:00	GBPJPY.i	H1	192.944	193.025	192.936	194.211
1500	2025.03.31 12:00	GBPJPY.i	H1	192.877	192.970	192.898	194.177
1501	2025.03.31 13:00	GBPJPY.i	H1	193.197	193.017	192.881	194.145
1502	2025.03.31 14:00	GBPJPY.i	H1	193.481	193.185	192.906	194.120
1503	2025.03.31 15:00	GBPJPY.i	H1	193.471	193.348	192.964	194.100
1504	2025.03.31 16:00	GBPJPY.i	H1	193.512	193.459	193.036	194.083
1505	2025.03.31 17:00	GBPJPY.i	H1	193.013	193.387	193.076	194.063
1506	2025.03.31 18:00	GBPJPY.i	H1	193.244	193.351	193.103	194.040
1507	2025.03.31 19:00	GBPJPY.i	H1	193.471	193.419	193.143	194.020
1508	2025.03.31 20:00	GBPJPY.i	H1	193.645	193.554	193.208	194.007
1509	2025.03.31 21:00	GBPJPY.i	H1	193.817	193.726	193.301	193.999
1510	2025.03.31 22:00	GBPJPY.i	H1	193.729	193.805	193.394	193.993
1511	2025.03.31 23:00	GBPJPY.i	H1	193.681	193.814	193.471	193.986
1512	2025.04.01 00:00	GBPJPY.i	H1	193.454	193.715	193.511	193.975
1513	2025.04.01 01:00	GBPJPY.i	H1	193.644	193.699	193.543	193.964
1514	2025.04.01 02:00	GBPJPY.i	H1	193.716	193.753	193.583	193.956
1515	2025.04.01 03:00	GBPJPY.i	H1	193.549	193.708	193.607	193.949
1516	2025.04.01 04:00	GBPJPY.i	H1	193.599	193.649	193.615	193.938
1517	2025.04.01 05:00	GBPJPY.i	H1	193.763	193.676	193.630	193.930
1518	2025.04.01 06:00	GBPJPY.i	H1	193.555	193.670	193.641	193.922
1519	2025.04.01 07:00	GBPJPY.i	H1	193.490	193.599	193.635	193.913
1520	2025.04.01 08:00	GBPJPY.i	H1	193.573	193.591	193.629	193.903
1521	2025.04.01 09:00	GBPJPY.i	H1	193.761	193.636	193.635	193.896
1522	2025.04.01 10:00	GBPJPY.i	H1	193.136	193.480	193.604	193.885
1523	2025.04.01 11:00	GBPJPY.i	H1	193.450	193.383	193.559	193.869
1524	2025.04.01 12:00	GBPJPY.i	H1	193.528	193.425	193.533	193.857
1525	2025.04.01 13:00	GBPJPY.i	H1	192.837	193.236	193.469	193.841
1526	2025.04.01 14:00	GBPJPY.i	H1	192.326	192.844	193.329	193.812
1527	2025.04.01 15:00	GBPJPY.i	H1	192.555	192.596	193.164	193.776
1528	2025.04.01 16:00	GBPJPY.i	H1	192.589	192.534	193.022	193.743
1529	2025.04.01 17:00	GBPJPY.i	H1	192.895	192.522	192.906	193.713
1530	2025.04.01 18:00	GBPJPY.i	H1	193.044	192.689	192.852	193.689
1531	2025.04.01 19:00	GBPJPY.i	H1	193.263	192.919	192.859	193.674
1532	2025.04.01 20:00	GBPJPY.i	H1	193.135	193.046	192.888	193.661
1533	2025.04.01 21:00	GBPJPY.i	H1	192.874	193.004	192.898	193.644
1534	2025.04.01 22:00	GBPJPY.i	H1	193.315	193.091	192.925	193.628
1535	2025.04.01 23:00	GBPJPY.i	H1	193.327	193.209	192.972	193.617
1536	2025.04.02 00:00	GBPJPY.i	H1	193.306	193.276	193.024	193.608
1537	2025.04.02 01:00	GBPJPY.i	H1	193.688	193.470	193.109	193.603
1538	2025.04.02 02:00	GBPJPY.i	H1	193.498	193.567	193.198	193.603
1539	2025.04.02 03:00	GBPJPY.i	H1	193.389	193.559	193.267	193.600
1540	2025.04.02 04:00	GBPJPY.i	H1	193.609	193.596	193.332	193.597
1541	2025.04.02 05:00	GBPJPY.i	H1	193.559	193.647	193.396	193.596
1542	2025.04.02 06:00	GBPJPY.i	H1	193.492	193.622	193.443	193.595
1543	2025.04.02 07:00	GBPJPY.i	H1	193.647	193.642	193.486	193.594
1544	2025.04.02 08:00	GBPJPY.i	H1	193.574	193.640	193.522	193.594
1545	2025.04.02 09:00	GBPJPY.i	H1	193.413	193.596	193.542	193.592
1546	2025.04.02 10:00	GBPJPY.i	H1	193.270	193.457	193.528	193.587
1547	2025.04.02 11:00	GBPJPY.i	H1	193.366	193.368	193.498	193.578
1548	2025.04.02 12:00	GBPJPY.i	H1	193.492	193.393	193.482	193.572
1549	2025.04.02 13:00	GBPJPY.i	H1	193.289	193.336	193.457	193.567
1550	2025.04.02 14:00	GBPJPY.i	H1	193.205	193.252	193.418	193.558
1551	2025.04.02 15:00	GBPJPY.i	H1	193.080	193.170	193.369	193.547
1552	2025.04.02 16:00	GBPJPY.i	H1	193.453	193.230	193.345	193.539
1553	2025.04.02 17:00	GBPJPY.i	H1	194.097	193.529	193.393	193.541
1554	2025.04.02 18:00	GBPJPY.i	H1	194.586	193.974	193.530	193.558
1555	2025.04.02 19:00	GBPJPY.i	H1	194.802	194.407	193.733	193.586
1556	2025.04.02 20:00	GBPJPY.i	H1	194.732	194.697	193.955	193.618
1557	2025.04.02 21:00	GBPJPY.i	H1	194.583	194.804	194.151	193.649
1558	2025.04.02 22:00	GBPJPY.i	H1	194.757	194.890	194.326	193.678
1559	2025.04.02 23:00	GBPJPY.i	H1	194.144	194.814	194.447	193.704
1560	2025.04.03 00:00	GBPJPY.i	H1	193.227	194.190	194.403	193.711
1561	2025.04.03 01:00	GBPJPY.i	H1	193.040	193.529	194.223	193.694
1562	2025.04.03 02:00	GBPJPY.i	H1	192.911	193.158	194.006	193.672
1563	2025.04.03 03:00	GBPJPY.i	H1	192.844	192.928	193.788	193.652
1564	2025.04.03 04:00	GBPJPY.i	H1	192.889	192.805	193.590	193.632
1565	2025.04.03 05:00	GBPJPY.i	H1	193.041	192.737	193.417	193.613
1566	2025.04.03 06:00	GBPJPY.i	H1	192.490	192.567	193.239	193.589
1567	2025.04.03 07:00	GBPJPY.i	H1	192.673	192.452	193.069	193.562
1568	2025.04.03 08:00	GBPJPY.i	H1	192.447	192.404	192.921	193.534
1569	2025.04.03 09:00	GBPJPY.i	H1	192.625	192.443	192.809	193.509
1570	2025.04.03 10:00	GBPJPY.i	H1	193.455	192.721	192.780	193.493
1571	2025.04.03 11:00	GBPJPY.i	H1	193.239	193.002	192.816	193.486
1572	2025.04.03 12:00	GBPJPY.i	H1	193.009	193.013	192.840	193.478
1573	2025.04.03 13:00	GBPJPY.i	H1	192.886	193.032	192.861	193.465
1574	2025.04.03 14:00	GBPJPY.i	H1	192.400	192.842	192.832	193.447
1575	2025.04.03 15:00	GBPJPY.i	H1	191.951	192.525	192.737	193.418
1576	2025.04.03 16:00	GBPJPY.i	H1	191.372	192.068	192.561	193.377
1577	2025.04.03 17:00	GBPJPY.i	H1	191.503	191.718	192.346	193.328
1578	2025.04.03 18:00	GBPJPY.i	H1	191.465	191.488	192.129	193.277
1579	2025.04.03 19:00	GBPJPY.i	H1	191.535	191.447	191.950	193.229
1580	2025.04.03 20:00	GBPJPY.i	H1	191.354	191.336	191.784	193.182
1581	2025.04.03 21:00	GBPJPY.i	H1	191.727	191.360	191.657	193.136
1582	2025.04.03 22:00	GBPJPY.i	H1	191.307	191.342	191.551	193.091
1583	2025.04.03 23:00	GBPJPY.i	H1	191.336	191.265	191.448	193.044
1584	2025.04.04 00:00	GBPJPY.i	H1	191.151	191.122	191.332	192.993
1585	2025.04.04 01:00	GBPJPY.i	H1	190.847	190.968	191.206	192.938
1586	2025.04.04 02:00	GBPJPY.i	H1	191.435	191.031	191.121	192.886
1587	2025.04.04 03:00	GBPJPY.i	H1	191.227	191.121	191.075	192.841
1588	2025.04.04 04:00	GBPJPY.i	H1	191.385	191.259	191.069	192.801
1589	2025.04.04 05:00	GBPJPY.i	H1	191.201	191.292	191.071	192.762
1590	2025.04.04 06:00	GBPJPY.i	H1	190.879	191.142	191.037	192.717
1591	2025.04.04 07:00	GBPJPY.i	H1	190.466	190.891	190.956	192.664
1592	2025.04.04 08:00	GBPJPY.i	H1	191.050	190.820	190.879	192.610
1593	2025.04.04 09:00	GBPJPY.i	H1	190.629	190.778	190.812	192.560
1594	2025.04.04 10:00	GBPJPY.i	H1	190.264	190.562	190.712	192.505
1595	2025.04.04 11:00	GBPJPY.i	H1	190.083	190.309	190.578	192.443
1596	2025.04.04 12:00	GBPJPY.i	H1	190.057	190.083	190.424	192.377
1597	2025.04.04 13:00	GBPJPY.i	H1	188.688	189.539	190.180	192.299
1598	2025.04.04 14:00	GBPJPY.i	H1	189.314	189.093	189.891	192.207
1599	2025.04.04 15:00	GBPJPY.i	H1	189.296	189.033	189.654	192.121
1600	2025.04.04 16:00	GBPJPY.i	H1	189.132	188.975	189.455	192.041
1601	2025.04.04 17:00	GBPJPY.i	H1	188.297	188.557	189.201	191.950
1602	2025.04.04 18:00	GBPJPY.i	H1	188.619	188.488	188.986	191.855
1603	2025.04.04 19:00	GBPJPY.i	H1	189.182	188.592	188.840	191.771
1604	2025.04.04 20:00	GBPJPY.i	H1	189.980	189.001	188.816	191.702
1605	2025.04.04 21:00	GBPJPY.i	H1	189.205	189.244	188.849	191.643
1606	2025.04.04 22:00	GBPJPY.i	H1	189.013	189.239	188.869	191.580
1607	2025.04.04 23:00	GBPJPY.i	H1	189.517	189.289	188.895	191.515
1608	2025.04.07 00:00	GBPJPY.i	H1	186.899	188.128	188.650	191.420
1609	2025.04.07 01:00	GBPJPY.i	H1	186.941	187.406	188.301	191.293
1610	2025.04.07 02:00	GBPJPY.i	H1	187.720	187.250	188.002	191.178
1611	2025.04.07 03:00	GBPJPY.i	H1	188.234	187.433	187.813	191.082
1612	2025.04.07 04:00	GBPJPY.i	H1	188.374	187.800	187.749	191.001
1613	2025.04.07 05:00	GBPJPY.i	H1	188.542	188.098	187.764	190.930
1614	2025.04.07 06:00	GBPJPY.i	H1	188.511	188.289	187.815	190.862
1615	2025.04.07 07:00	GBPJPY.i	H1	188.209	188.345	187.866	190.794
1616	2025.04.07 08:00	GBPJPY.i	H1	188.372	188.428	187.925	190.727
1617	2025.04.07 09:00	GBPJPY.i	H1	187.556	188.141	187.907	190.654
1618	2025.04.07 10:00	GBPJPY.i	H1	187.989	187.986	187.863	190.574
1619	2025.04.07 11:00	GBPJPY.i	H1	188.193	188.084	187.856	190.503
1620	2025.04.07 12:00	GBPJPY.i	H1	187.443	187.915	187.816	190.432
1621	2025.04.07 13:00	GBPJPY.i	H1	187.543	187.853	187.774	190.358
1622	2025.04.07 14:00	GBPJPY.i	H1	187.716	187.706	187.712	190.284
1623	2025.04.07 15:00	GBPJPY.i	H1	188.691	188.009	187.737	190.220
1624	2025.04.07 16:00	GBPJPY.i	H1	188.232	188.101	187.778	190.166
1625	2025.04.07 17:00	GBPJPY.i	H1	188.219	188.441	187.890	190.118
1626	2025.04.07 18:00	GBPJPY.i	H1	188.285	188.385	187.965	190.073
1627	2025.04.07 19:00	GBPJPY.i	H1	188.330	188.376	188.024	190.021
1628	2025.04.07 20:00	GBPJPY.i	H1	188.862	188.603	188.126	189.979
1629	2025.04.07 21:00	GBPJPY.i	H1	188.483	188.654	188.219	189.943
1630	2025.04.07 22:00	GBPJPY.i	H1	188.129	188.494	188.259	189.900
1631	2025.04.07 23:00	GBPJPY.i	H1	187.994	188.344	188.260	189.852
1632	2025.04.08 00:00	GBPJPY.i	H1	187.883	188.150	188.220	189.801
1633	2025.04.08 01:00	GBPJPY.i	H1	188.360	188.191	188.204	189.753
1634	2025.04.08 02:00	GBPJPY.i	H1	188.181	188.225	188.201	189.712
1635	2025.04.08 03:00	GBPJPY.i	H1	188.233	188.238	188.204	189.672
1636	2025.04.08 04:00	GBPJPY.i	H1	188.489	188.306	188.222	189.635
1637	2025.04.08 05:00	GBPJPY.i	H1	188.353	188.357	188.248	189.600
1638	2025.04.08 06:00	GBPJPY.i	H1	188.579	188.431	188.286	189.568
1639	2025.04.08 07:00	GBPJPY.i	H1	188.920	188.632	188.362	189.542
1640	2025.04.08 08:00	GBPJPY.i	H1	188.659	188.701	188.436	189.520
1641	2025.04.08 09:00	GBPJPY.i	H1	188.254	188.601	188.471	189.493
1642	2025.04.08 10:00	GBPJPY.i	H1	187.929	188.286	188.428	189.456
1643	2025.04.08 11:00	GBPJPY.i	H1	188.005	188.063	188.346	189.413
1644	2025.04.08 12:00	GBPJPY.i	H1	187.587	187.836	188.233	189.367
1645	2025.04.08 13:00	GBPJPY.i	H1	187.289	187.582	188.088	189.317
1646	2025.04.08 14:00	GBPJPY.i	H1	187.726	187.524	187.963	189.268
1647	2025.04.08 15:00	GBPJPY.i	H1	187.581	187.499	187.859	189.222
1648	2025.04.08 16:00	GBPJPY.i	H1	188.442	187.720	187.827	189.184
1649	2025.04.08 17:00	GBPJPY.i	H1	187.948	187.901	187.839	189.155
1650	2025.04.08 18:00	GBPJPY.i	H1	187.715	187.794	187.820	189.121
1651	2025.04.08 19:00	GBPJPY.i	H1	187.156	187.561	187.749	189.076
1652	2025.04.08 20:00	GBPJPY.i	H1	187.448	187.381	187.653	189.027
1653	2025.04.08 21:00	GBPJPY.i	H1	187.219	187.338	187.569	188.980
1654	2025.04.08 22:00	GBPJPY.i	H1	186.863	187.078	187.443	188.929
1655	2025.04.08 23:00	GBPJPY.i	H1	186.691	186.876	187.298	188.871
1656	2025.04.09 00:00	GBPJPY.i	H1	186.651	186.657	187.135	188.811
1657	2025.04.09 01:00	GBPJPY.i	H1	186.524	186.546	186.982	188.750
1658	2025.04.09 02:00	GBPJPY.i	H1	186.487	186.381	186.823	188.687
1659	2025.04.09 03:00	GBPJPY.i	H1	186.332	186.205	186.658	188.621
1660	2025.04.09 04:00	GBPJPY.i	H1	186.784	186.342	186.558	188.560
1661	2025.04.09 05:00	GBPJPY.i	H1	186.716	186.524	186.520	188.510
1662	2025.04.09 06:00	GBPJPY.i	H1	186.276	186.464	186.472	188.459
1663	2025.04.09 07:00	GBPJPY.i	H1	186.329	186.312	186.397	188.400
1664	2025.04.09 08:00	GBPJPY.i	H1	186.284	186.304	186.337	188.341
1665	2025.04.09 09:00	GBPJPY.i	H1	185.936	186.206	186.268	188.283
1666	2025.04.09 10:00	GBPJPY.i	H1	186.265	186.113	186.193	188.223
1667	2025.04.09 11:00	GBPJPY.i	H1	186.342	186.160	186.146	188.167
1668	2025.04.09 12:00	GBPJPY.i	H1	186.384	186.249	186.129	188.116
1669	2025.04.09 13:00	GBPJPY.i	H1	186.202	186.192	186.104	188.064
1670	2025.04.09 14:00	GBPJPY.i	H1	184.771	185.719	185.976	187.998
1671	2025.04.09 15:00	GBPJPY.i	H1	184.777	185.192	185.758	187.915
1672	2025.04.09 16:00	GBPJPY.i	H1	185.168	185.032	185.556	187.832
1673	2025.04.09 17:00	GBPJPY.i	H1	184.623	184.790	185.345	187.751
1674	2025.04.09 18:00	GBPJPY.i	H1	185.276	184.814	185.186	187.672
1675	2025.04.09 19:00	GBPJPY.i	H1	185.001	184.877	185.076	187.601
1676	2025.04.09 20:00	GBPJPY.i	H1	188.085	185.803	185.200	187.557
1677	2025.04.09 21:00	GBPJPY.i	H1	188.767	187.357	185.647	187.566
1678	2025.04.09 22:00	GBPJPY.i	H1	189.409	188.556	186.261	187.609
1679	2025.04.09 23:00	GBPJPY.i	H1	189.340	189.302	186.905	187.658
1680	2025.04.10 00:00	GBPJPY.i	H1	188.882	189.534	187.461	187.700
1681	2025.04.10 01:00	GBPJPY.i	H1	189.010	189.607	187.919	187.736
1682	2025.04.10 02:00	GBPJPY.i	H1	189.039	189.644	188.299	187.772
1683	2025.04.10 03:00	GBPJPY.i	H1	188.449	189.416	188.557	187.803
1684	2025.04.10 04:00	GBPJPY.i	H1	188.507	189.136	188.710	187.824
1685	2025.04.10 05:00	GBPJPY.i	H1	188.395	188.894	188.788	187.841
1686	2025.04.10 06:00	GBPJPY.i	H1	188.622	188.784	188.836	187.859
1687	2025.04.10 07:00	GBPJPY.i	H1	188.535	188.674	188.857	187.877
1688	2025.04.10 08:00	GBPJPY.i	H1	188.519	188.621	188.867	187.895
1689	2025.04.10 09:00	GBPJPY.i	H1	189.213	188.825	188.924	187.920
1690	2025.04.10 10:00	GBPJPY.i	H1	188.343	188.744	188.950	187.946
1691	2025.04.10 11:00	GBPJPY.i	H1	188.287	188.533	188.920	187.960
1692	2025.04.10 12:00	GBPJPY.i	H1	188.237	188.327	188.849	187.968
1693	2025.04.10 13:00	GBPJPY.i	H1	187.956	188.135	188.748	187.972
1694	2025.04.10 14:00	GBPJPY.i	H1	188.188	188.046	188.647	187.975
1695	2025.04.10 15:00	GBPJPY.i	H1	187.991	187.926	188.537	187.977
1696	2025.04.10 16:00	GBPJPY.i	H1	187.147	187.592	188.370	187.969
1697	2025.04.10 17:00	GBPJPY.i	H1	187.483	187.344	188.179	187.952
1698	2025.04.10 18:00	GBPJPY.i	H1	186.759	187.045	187.958	187.929
1699	2025.04.10 19:00	GBPJPY.i	H1	187.227	186.863	187.739	187.903
1700	2025.04.10 20:00	GBPJPY.i	H1	187.810	187.058	187.608	187.885
1701	2025.04.10 21:00	GBPJPY.i	H1	187.679	187.278	187.548	187.877
1702	2025.04.10 22:00	GBPJPY.i	H1	187.635	187.385	187.517	187.871
1703	2025.04.10 23:00	GBPJPY.i	H1	187.317	187.385	187.487	187.861
1704	2025.04.11 00:00	GBPJPY.i	H1	187.292	187.327	187.444	187.848
1705	2025.04.11 01:00	GBPJPY.i	H1	187.122	187.220	187.383	187.831
1706	2025.04.11 02:00	GBPJPY.i	H1	186.747	186.998	187.282	187.808
1707	2025.04.11 03:00	GBPJPY.i	H1	186.596	186.696	187.134	187.776
1708	2025.04.11 04:00	GBPJPY.i	H1	186.734	186.614	187.000	187.743
1709	2025.04.11 05:00	GBPJPY.i	H1	186.854	186.632	186.899	187.715
1710	2025.04.11 06:00	GBPJPY.i	H1	186.654	186.640	186.820	187.689
1711	2025.04.11 07:00	GBPJPY.i	H1	186.100	186.410	186.703	187.656
1712	2025.04.11 08:00	GBPJPY.i	H1	186.741	186.429	186.615	187.622
1713	2025.04.11 09:00	GBPJPY.i	H1	187.311	186.714	186.611	187.600
1714	2025.04.11 10:00	GBPJPY.i	H1	186.645	186.801	186.625	187.584
1715	2025.04.11 11:00	GBPJPY.i	H1	186.676	186.706	186.612	187.560
1716	2025.04.11 12:00	GBPJPY.i	H1	187.013	186.725	186.606	187.535
1717	2025.04.11 13:00	GBPJPY.i	H1	186.926	186.806	186.621	187.515
1718	2025.04.11 14:00	GBPJPY.i	H1	186.643	186.782	186.628	187.496
1719	2025.04.11 15:00	GBPJPY.i	H1	187.019	186.880	186.657	187.478
1720	2025.04.11 16:00	GBPJPY.i	H1	187.359	187.072	186.725	187.467
1721	2025.04.11 17:00	GBPJPY.i	H1	187.430	187.220	186.812	187.461
1722	2025.04.11 18:00	GBPJPY.i	H1	187.326	187.327	186.907	187.457
1723	2025.04.11 19:00	GBPJPY.i	H1	187.646	187.508	187.023	187.456
1724	2025.04.11 20:00	GBPJPY.i	H1	188.077	187.801	187.184	187.465
1725	2025.04.11 21:00	GBPJPY.i	H1	187.798	187.945	187.343	187.478
1726	2025.04.11 22:00	GBPJPY.i	H1	187.747	187.966	187.475	187.488
1727	2025.04.11 23:00	GBPJPY.i	H1	187.664	187.917	187.571	187.495
1728	2025.04.14 00:00	GBPJPY.i	H1	188.232	188.120	187.697	187.508
1729	2025.04.14 01:00	GBPJPY.i	H1	187.889	188.134	187.801	187.524
1730	2025.04.14 02:00	GBPJPY.i	H1	188.005	188.137	187.887	187.537
1731	2025.04.14 03:00	GBPJPY.i	H1	187.163	187.863	187.894	187.543
1732	2025.04.14 04:00	GBPJPY.i	H1	186.999	187.432	187.805	187.534
1733	2025.04.14 05:00	GBPJPY.i	H1	187.364	187.292	187.709	187.522
1734	2025.04.14 06:00	GBPJPY.i	H1	187.451	187.281	187.634	187.516
1735	2025.04.14 07:00	GBPJPY.i	H1	187.436	187.292	187.577	187.512
1736	2025.04.14 08:00	GBPJPY.i	H1	187.371	187.318	187.538	187.510
1737	2025.04.14 09:00	GBPJPY.i	H1	187.544	187.378	187.519	187.509
1738	2025.04.14 10:00	GBPJPY.i	H1	188.372	187.654	187.564	187.515
1739	2025.04.14 11:00	GBPJPY.i	H1	188.227	188.012	187.678	187.534
1740	2025.04.14 12:00	GBPJPY.i	H1	188.545	188.276	187.824	187.558
1741	2025.04.14 13:00	GBPJPY.i	H1	188.855	188.568	188.001	187.586
1742	2025.04.14 14:00	GBPJPY.i	H1	188.732	188.776	188.186	187.619
1743	2025.04.14 15:00	GBPJPY.i	H1	188.857	188.899	188.358	187.652
1744	2025.04.14 16:00	GBPJPY.i	H1	188.976	189.031	188.524	187.686
1745	2025.04.14 17:00	GBPJPY.i	H1	188.944	189.101	188.672	187.722
1746	2025.04.14 18:00	GBPJPY.i	H1	188.342	188.925	188.749	187.750
1747	2025.04.14 19:00	GBPJPY.i	H1	188.566	188.748	188.773	187.771
1748	2025.04.14 20:00	GBPJPY.i	H1	188.596	188.688	188.783	187.792
1749	2025.04.14 21:00	GBPJPY.i	H1	188.564	188.658	188.786	187.815
1750	2025.04.14 22:00	GBPJPY.i	H1	188.646	188.654	188.789	187.837
1751	2025.04.14 23:00	GBPJPY.i	H1	188.604	188.652	188.792	187.860
1752	2025.04.15 00:00	GBPJPY.i	H1	188.378	188.534	188.766	187.879
1753	2025.04.15 01:00	GBPJPY.i	H1	188.622	188.535	188.745	187.896
1754	2025.04.15 02:00	GBPJPY.i	H1	188.646	188.575	188.737	187.916
1755	2025.04.15 03:00	GBPJPY.i	H1	189.050	188.735	188.766	187.940
1756	2025.04.15 04:00	GBPJPY.i	H1	188.940	188.854	188.813	187.968
1757	2025.04.15 05:00	GBPJPY.i	H1	188.851	188.868	188.850	187.995
1758	2025.04.15 06:00	GBPJPY.i	H1	188.892	188.873	188.878	188.018
1759	2025.04.15 07:00	GBPJPY.i	H1	188.972	188.939	188.913	188.043
1760	2025.04.15 08:00	GBPJPY.i	H1	188.901	188.963	188.946	188.069
1761	2025.04.15 09:00	GBPJPY.i	H1	189.129	188.974	188.972	188.093
1762	2025.04.15 10:00	GBPJPY.i	H1	189.503	189.186	189.041	188.123
1763	2025.04.15 11:00	GBPJPY.i	H1	189.056	189.216	189.100	188.155
1764	2025.04.15 12:00	GBPJPY.i	H1	189.208	189.188	189.139	188.183
1765	2025.04.15 13:00	GBPJPY.i	H1	189.133	189.213	189.175	188.209
1766	2025.04.15 14:00	GBPJPY.i	H1	189.073	189.184	189.196	188.236
1767	2025.04.15 15:00	GBPJPY.i	H1	188.928	189.063	189.185	188.257
1768	2025.04.15 16:00	GBPJPY.i	H1	189.208	189.082	189.182	188.278
1769	2025.04.15 17:00	GBPJPY.i	H1	189.035	189.062	189.174	188.300
1770	2025.04.15 18:00	GBPJPY.i	H1	189.180	189.100	189.176	188.323
1771	2025.04.15 19:00	GBPJPY.i	H1	189.058	189.116	189.181	188.345
1772	2025.04.15 20:00	GBPJPY.i	H1	189.161	189.138	189.189	188.368
1773	2025.04.15 21:00	GBPJPY.i	H1	189.208	189.158	189.198	188.390
1774	2025.04.15 22:00	GBPJPY.i	H1	189.384	189.244	189.223	188.414
1775	2025.04.15 23:00	GBPJPY.i	H1	189.514	189.365	189.270	188.441
1776	2025.04.16 00:00	GBPJPY.i	H1	189.206	189.303	189.291	188.466
1777	2025.04.16 01:00	GBPJPY.i	H1	189.262	189.270	189.298	188.487
1778	2025.04.16 02:00	GBPJPY.i	H1	189.320	189.302	189.312	188.508
1779	2025.04.16 03:00	GBPJPY.i	H1	189.188	189.259	189.313	188.529
1780	2025.04.16 04:00	GBPJPY.i	H1	189.138	189.223	189.304	188.548
1781	2025.04.16 05:00	GBPJPY.i	H1	188.994	189.126	189.276	188.563
1782	2025.04.16 06:00	GBPJPY.i	H1	188.941	189.018	189.228	188.575
1783	2025.04.16 07:00	GBPJPY.i	H1	189.093	188.996	189.186	188.586
1784	2025.04.16 08:00	GBPJPY.i	H1	188.720	188.878	189.126	188.596
1785	2025.04.16 09:00	GBPJPY.i	H1	188.795	188.804	189.061	188.601
1786	2025.04.16 10:00	GBPJPY.i	H1	188.666	188.720	188.990	188.606
1787	2025.04.16 11:00	GBPJPY.i	H1	189.442	188.929	188.982	188.616
1788	2025.04.16 12:00	GBPJPY.i	H1	189.441	189.162	189.027	188.636
1789	2025.04.16 13:00	GBPJPY.i	H1	189.328	189.259	189.080	188.656
1790	2025.04.16 14:00	GBPJPY.i	H1	189.245	189.283	189.125	188.674
1791	2025.04.16 15:00	GBPJPY.i	H1	189.053	189.196	189.140	188.687
1792	2025.04.16 16:00	GBPJPY.i	H1	188.816	189.072	189.122	188.696
1793	2025.04.16 17:00	GBPJPY.i	H1	188.841	188.938	189.080	188.700
1794	2025.04.16 18:00	GBPJPY.i	H1	188.752	188.855	189.029	188.703
1795	2025.04.16 19:00	GBPJPY.i	H1	188.559	188.711	188.957	188.703
1796	2025.04.16 20:00	GBPJPY.i	H1	188.063	188.444	188.840	188.696
1797	2025.04.16 21:00	GBPJPY.i	H1	187.912	188.154	188.683	188.680
1798	2025.04.16 22:00	GBPJPY.i	H1	188.035	187.933	188.510	188.659
1799	2025.04.16 23:00	GBPJPY.i	H1	187.708	187.774	188.339	188.636
1800	2025.04.17 00:00	GBPJPY.i	H1	187.654	187.597	188.162	188.611
1801	2025.04.17 01:00	GBPJPY.i	H1	187.707	187.525	188.006	188.584
1802	2025.04.17 02:00	GBPJPY.i	H1	187.757	187.509	187.878	188.558
1803	2025.04.17 03:00	GBPJPY.i	H1	188.339	187.732	187.826	188.540
1804	2025.04.17 04:00	GBPJPY.i	H1	188.546	188.056	187.854	188.534
1805	2025.04.17 05:00	GBPJPY.i	H1	188.497	188.271	187.921	188.532
1806	2025.04.17 06:00	GBPJPY.i	H1	188.397	188.381	187.995	188.530
1807	2025.04.17 07:00	GBPJPY.i	H1	188.421	188.444	188.066	188.527
1808	2025.04.17 08:00	GBPJPY.i	H1	188.513	188.510	188.136	188.524
1809	2025.04.17 09:00	GBPJPY.i	H1	188.761	188.637	188.222	188.526
1810	2025.04.17 10:00	GBPJPY.i	H1	189.179	188.882	188.348	188.535
1811	2025.04.17 11:00	GBPJPY.i	H1	188.854	189.021	188.479	188.548
1812	2025.04.17 12:00	GBPJPY.i	H1	188.997	189.077	188.597	188.560
1813	2025.04.17 13:00	GBPJPY.i	H1	188.504	188.961	188.665	188.567
1814	2025.04.17 14:00	GBPJPY.i	H1	188.575	188.812	188.689	188.569
1815	2025.04.17 15:00	GBPJPY.i	H1	188.523	188.690	188.685	188.568
1816	2025.04.17 16:00	GBPJPY.i	H1	188.391	188.581	188.660	188.565
1817	2025.04.17 17:00	GBPJPY.i	H1	188.139	188.399	188.603	188.559
1818	2025.04.17 18:00	GBPJPY.i	H1	188.653	188.409	188.564	188.553
1819	2025.04.17 19:00	GBPJPY.i	H1	188.837	188.575	188.572	188.556
1820	2025.04.17 20:00	GBPJPY.i	H1	188.951	188.708	188.608	188.563
1821	2025.04.17 21:00	GBPJPY.i	H1	188.967	188.860	188.670	188.573
1822	2025.04.17 22:00	GBPJPY.i	H1	188.860	188.895	188.725	188.583
1823	2025.04.17 23:00	GBPJPY.i	H1	188.926	188.935	188.777	188.592
1824	2025.04.18 00:00	GBPJPY.i	H1	188.857	188.913	188.812	188.600
1825	2025.04.18 01:00	GBPJPY.i	H1	188.701	188.850	188.826	188.605
1826	2025.04.18 02:00	GBPJPY.i	H1	188.806	188.826	188.832	188.609
1827	2025.04.18 03:00	GBPJPY.i	H1	189.080	188.894	188.854	188.616
1828	2025.04.18 04:00	GBPJPY.i	H1	188.869	188.927	188.878	188.626
1829	2025.04.18 05:00	GBPJPY.i	H1	188.858	188.903	188.892	188.633
1830	2025.04.18 06:00	GBPJPY.i	H1	188.761	188.854	188.892	188.638
1831	2025.04.18 07:00	GBPJPY.i	H1	188.834	188.831	188.887	188.643
1832	2025.04.18 08:00	GBPJPY.i	H1	188.861	188.840	188.885	188.648
1833	2025.04.18 09:00	GBPJPY.i	H1	188.854	188.839	188.883	188.654
1834	2025.04.18 10:00	GBPJPY.i	H1	188.850	188.852	188.885	188.659
1835	2025.04.18 11:00	GBPJPY.i	H1	188.899	188.846	188.884	188.665
1836	2025.04.18 12:00	GBPJPY.i	H1	188.935	188.876	188.890	188.671
1837	2025.04.18 13:00	GBPJPY.i	H1	188.932	188.887	188.896	188.677
1838	2025.04.18 14:00	GBPJPY.i	H1	188.897	188.897	188.903	188.683
1839	2025.04.18 15:00	GBPJPY.i	H1	188.936	188.912	188.911	188.690
1840	2025.04.18 16:00	GBPJPY.i	H1	188.937	188.915	188.918	188.696
1841	2025.04.18 17:00	GBPJPY.i	H1	188.964	188.943	188.929	188.703
1842	2025.04.18 18:00	GBPJPY.i	H1	188.810	188.901	188.928	188.709
1843	2025.04.18 19:00	GBPJPY.i	H1	188.817	188.850	188.915	188.712
1844	2025.04.18 20:00	GBPJPY.i	H1	188.813	188.839	188.903	188.715
1845	2025.04.18 21:00	GBPJPY.i	H1	188.847	188.823	188.889	188.718
1846	2025.04.18 22:00	GBPJPY.i	H1	188.832	188.823	188.879	188.721
1847	2025.04.18 23:00	GBPJPY.i	H1	188.862	188.845	188.875	188.725
1848	2025.04.21 00:00	GBPJPY.i	H1	188.497	188.619	188.819	188.723
1849	2025.04.21 01:00	GBPJPY.i	H1	188.568	188.569	188.765	188.716
1850	2025.04.21 02:00	GBPJPY.i	H1	188.517	188.489	188.705	188.711
1851	2025.04.21 03:00	GBPJPY.i	H1	188.429	188.466	188.652	188.704
1852	2025.04.21 04:00	GBPJPY.i	H1	188.234	188.357	188.585	188.696
1853	2025.04.21 05:00	GBPJPY.i	H1	188.236	188.235	188.503	188.684
1854	2025.04.21 06:00	GBPJPY.i	H1	188.358	188.215	188.435	188.672
1855	2025.04.21 07:00	GBPJPY.i	H1	188.392	188.286	188.396	188.663
1856	2025.04.21 08:00	GBPJPY.i	H1	188.381	188.320	188.372	188.657
1857	2025.04.21 09:00	GBPJPY.i	H1	188.361	188.325	188.353	188.649
1858	2025.04.21 10:00	GBPJPY.i	H1	188.498	188.362	188.344	188.642
1859	2025.04.21 11:00	GBPJPY.i	H1	188.572	188.444	188.356	188.638
1860	2025.04.21 12:00	GBPJPY.i	H1	188.481	188.495	188.375	188.635
1861	2025.04.21 13:00	GBPJPY.i	H1	188.771	188.592	188.412	188.634
1862	2025.04.21 14:00	GBPJPY.i	H1	188.607	188.653	188.455	188.635
1863	2025.04.21 15:00	GBPJPY.i	H1	188.703	188.674	188.493	188.635
1864	2025.04.21 16:00	GBPJPY.i	H1	188.612	188.698	188.529	188.636
1865	2025.04.21 17:00	GBPJPY.i	H1	188.673	188.673	188.553	188.636
1866	2025.04.21 18:00	GBPJPY.i	H1	188.423	188.616	188.560	188.634
1867	2025.04.21 19:00	GBPJPY.i	H1	188.418	188.546	188.551	188.630
1868	2025.04.21 20:00	GBPJPY.i	H1	188.127	188.392	188.510	188.622
1869	2025.04.21 21:00	GBPJPY.i	H1	188.082	188.237	188.445	188.609
1870	2025.04.21 22:00	GBPJPY.i	H1	188.399	188.240	188.396	188.598
1871	2025.04.21 23:00	GBPJPY.i	H1	188.435	188.314	188.376	188.592
1872	2025.04.22 00:00	GBPJPY.i	H1	188.310	188.316	188.359	188.587
1873	2025.04.22 01:00	GBPJPY.i	H1	188.320	188.319	188.346	188.580
1874	2025.04.22 02:00	GBPJPY.i	H1	188.479	188.353	188.344	188.574
1875	2025.04.22 03:00	GBPJPY.i	H1	188.323	188.399	188.351	188.570
1876	2025.04.22 04:00	GBPJPY.i	H1	188.410	188.410	188.359	188.567
1877	2025.04.22 05:00	GBPJPY.i	H1	188.281	188.369	188.356	188.561
1878	2025.04.22 06:00	GBPJPY.i	H1	187.930	188.192	188.312	188.550
1879	2025.04.22 07:00	GBPJPY.i	H1	187.890	188.022	188.240	188.533
1880	2025.04.22 08:00	GBPJPY.i	H1	187.731	187.885	188.154	188.514
1881	2025.04.22 09:00	GBPJPY.i	H1	187.995	187.864	188.083	188.497
1882	2025.04.22 10:00	GBPJPY.i	H1	187.661	187.780	188.008	188.479
1883	2025.04.22 11:00	GBPJPY.i	H1	188.111	187.815	187.957	188.462
1884	2025.04.22 12:00	GBPJPY.i	H1	187.775	187.815	187.915	188.446
1885	2025.04.22 13:00	GBPJPY.i	H1	187.569	187.685	187.852	188.427
1886	2025.04.22 14:00	GBPJPY.i	H1	187.618	187.604	187.783	188.404
1887	2025.04.22 15:00	GBPJPY.i	H1	187.912	187.646	187.739	188.384
1888	2025.04.22 16:00	GBPJPY.i	H1	188.277	187.877	187.756	188.372
1889	2025.04.22 17:00	GBPJPY.i	H1	188.287	188.100	187.819	188.369
1890	2025.04.22 18:00	GBPJPY.i	H1	188.400	188.266	187.904	188.368
1891	2025.04.22 19:00	GBPJPY.i	H1	188.586	188.452	188.012	188.371
1892	2025.04.22 20:00	GBPJPY.i	H1	188.309	188.500	188.106	188.374
1893	2025.04.22 21:00	GBPJPY.i	H1	188.702	188.593	188.203	188.377
1894	2025.04.22 22:00	GBPJPY.i	H1	188.782	188.737	188.314	188.385
1895	2025.04.22 23:00	GBPJPY.i	H1	188.751	188.820	188.421	188.396
1896	2025.04.23 00:00	GBPJPY.i	H1	189.471	189.055	188.561	188.411
1897	2025.04.23 01:00	GBPJPY.i	H1	189.557	189.396	188.751	188.438
1898	2025.04.23 02:00	GBPJPY.i	H1	189.396	189.528	188.931	188.468
1899	2025.04.23 03:00	GBPJPY.i	H1	189.052	189.456	189.056	188.491
1900	2025.04.23 04:00	GBPJPY.i	H1	188.701	189.238	189.109	188.505
1901	2025.04.23 05:00	GBPJPY.i	H1	188.840	189.057	189.113	188.514
1902	2025.04.23 06:00	GBPJPY.i	H1	189.009	188.999	189.108	188.523
1903	2025.04.23 07:00	GBPJPY.i	H1	188.876	188.949	189.096	188.534
1904	2025.04.23 08:00	GBPJPY.i	H1	188.945	188.920	189.081	188.544
1905	2025.04.23 09:00	GBPJPY.i	H1	188.774	188.856	189.056	188.553
1906	2025.04.23 10:00	GBPJPY.i	H1	188.747	188.766	189.015	188.559
1907	2025.04.23 11:00	GBPJPY.i	H1	188.787	188.667	188.960	188.562
1908	2025.04.23 12:00	GBPJPY.i	H1	189.021	188.764	188.939	188.568
1909	2025.04.23 13:00	GBPJPY.i	H1	188.876	188.792	188.926	188.578
1910	2025.04.23 14:00	GBPJPY.i	H1	188.382	188.678	188.887	188.582
1911	2025.04.23 15:00	GBPJPY.i	H1	188.707	188.614	188.841	188.582
1912	2025.04.23 16:00	GBPJPY.i	H1	189.555	188.902	188.870	188.592
1913	2025.04.23 17:00	GBPJPY.i	H1	189.330	189.121	188.939	188.612
1914	2025.04.23 18:00	GBPJPY.i	H1	189.068	189.139	188.994	188.629
1915	2025.04.23 19:00	GBPJPY.i	H1	189.658	189.323	189.077	188.647
1916	2025.04.23 20:00	GBPJPY.i	H1	190.104	189.672	189.221	188.676
1917	2025.04.23 21:00	GBPJPY.i	H1	190.277	190.019	189.411	188.715
1918	2025.04.23 22:00	GBPJPY.i	H1	190.224	190.210	189.602	188.757
1919	2025.04.23 23:00	GBPJPY.i	H1	190.093	190.293	189.770	188.796
1920	2025.04.24 00:00	GBPJPY.i	H1	189.607	190.108	189.860	188.828
1921	2025.04.24 01:00	GBPJPY.i	H1	189.869	190.008	189.912	188.853
1922	2025.04.24 02:00	GBPJPY.i	H1	189.949	190.023	189.960	188.881
1923	2025.04.24 03:00	GBPJPY.i	H1	189.784	189.977	189.990	188.910
1924	2025.04.24 04:00	GBPJPY.i	H1	189.628	189.866	189.990	188.934
1925	2025.04.24 05:00	GBPJPY.i	H1	189.673	189.731	189.961	188.954
1926	2025.04.24 06:00	GBPJPY.i	H1	189.580	189.647	189.920	188.972
1927	2025.04.24 07:00	GBPJPY.i	H1	189.430	189.542	189.864	188.988
1928	2025.04.24 08:00	GBPJPY.i	H1	189.439	189.487	189.807	189.002
1929	2025.04.24 09:00	GBPJPY.i	H1	189.410	189.458	189.755	189.016
1930	2025.04.24 10:00	GBPJPY.i	H1	189.545	189.442	189.708	189.030
1931	2025.04.24 11:00	GBPJPY.i	H1	189.728	189.524	189.688	189.045
1932	2025.04.24 12:00	GBPJPY.i	H1	189.508	189.545	189.674	189.062
1933	2025.04.24 13:00	GBPJPY.i	H1	189.513	189.528	189.656	189.076
1934	2025.04.24 14:00	GBPJPY.i	H1	189.769	189.589	189.654	189.091
1935	2025.04.24 15:00	GBPJPY.i	H1	189.411	189.544	189.640	189.105
1936	2025.04.24 16:00	GBPJPY.i	H1	189.707	189.572	189.634	189.118
1937	2025.04.24 17:00	GBPJPY.i	H1	189.693	189.621	189.638	189.133
1938	2025.04.24 18:00	GBPJPY.i	H1	189.798	189.697	189.658	189.149
1939	2025.04.24 19:00	GBPJPY.i	H1	190.122	189.861	189.710	189.170
1940	2025.04.24 20:00	GBPJPY.i	H1	190.212	190.040	189.790	189.196
1941	2025.04.24 21:00	GBPJPY.i	H1	190.206	190.155	189.877	189.223
1942	2025.04.24 22:00	GBPJPY.i	H1	190.312	190.245	189.965	189.251
1943	2025.04.24 23:00	GBPJPY.i	H1	190.214	190.307	190.048	189.278
1944	2025.04.25 00:00	GBPJPY.i	H1	190.096	190.258	190.102	189.303
1945	2025.04.25 01:00	GBPJPY.i	H1	190.338	190.311	190.159	189.328
1946	2025.04.25 02:00	GBPJPY.i	H1	190.381	190.384	190.221	189.356
1947	2025.04.25 03:00	GBPJPY.i	H1	190.369	190.426	190.280	189.385
1948	2025.04.25 04:00	GBPJPY.i	H1	190.131	190.360	190.312	189.411
1949	2025.04.25 05:00	GBPJPY.i	H1	190.222	190.290	190.322	189.433
1950	2025.04.25 06:00	GBPJPY.i	H1	190.855	190.470	190.373	189.460
1951	2025.04.25 07:00	GBPJPY.i	H1	190.820	190.688	190.463	189.496
1952	2025.04.25 08:00	GBPJPY.i	H1	190.696	190.785	190.554	189.533
1953	2025.04.25 09:00	GBPJPY.i	H1	190.991	190.898	190.651	189.569
1954	2025.04.25 10:00	GBPJPY.i	H1	190.689	190.917	190.730	189.606
1955	2025.04.25 11:00	GBPJPY.i	H1	190.777	190.865	190.781	189.638
1956	2025.04.25 12:00	GBPJPY.i	H1	190.999	190.890	190.828	189.670
1957	2025.04.25 13:00	GBPJPY.i	H1	190.838	190.911	190.870	189.703
1958	2025.04.25 14:00	GBPJPY.i	H1	190.774	190.873	190.895	189.735
1959	2025.04.25 15:00	GBPJPY.i	H1	191.071	190.927	190.927	189.766
1960	2025.04.25 16:00	GBPJPY.i	H1	191.249	191.115	190.996	189.804
1961	2025.04.25 17:00	GBPJPY.i	H1	191.614	191.334	191.098	189.848
1962	2025.04.25 18:00	GBPJPY.i	H1	191.599	191.507	191.216	189.895
1963	2025.04.25 19:00	GBPJPY.i	H1	191.550	191.602	191.329	189.942
1964	2025.04.25 20:00	GBPJPY.i	H1	191.247	191.536	191.401	189.984
1965	2025.04.25 21:00	GBPJPY.i	H1	191.350	191.460	191.441	190.021
1966	2025.04.25 22:00	GBPJPY.i	H1	191.323	191.418	191.464	190.057
1967	2025.04.25 23:00	GBPJPY.i	H1	191.156	191.327	191.462	190.090
1968	2025.04.28 00:00	GBPJPY.i	H1	190.963	191.115	191.413	190.117
1969	2025.04.28 01:00	GBPJPY.i	H1	191.205	191.106	191.373	190.142
1970	2025.04.28 02:00	GBPJPY.i	H1	191.173	191.123	191.346	190.171
1971	2025.04.28 03:00	GBPJPY.i	H1	190.837	191.013	191.298	190.196
1972	2025.04.28 04:00	GBPJPY.i	H1	190.953	190.902	191.233	190.215
1973	2025.04.28 05:00	GBPJPY.i	H1	190.937	190.893	191.179	190.235
1974	2025.04.28 06:00	GBPJPY.i	H1	190.898	190.858	191.127	190.254
1975	2025.04.28 07:00	GBPJPY.i	H1	190.834	190.834	191.078	190.272
1976	2025.04.28 08:00	GBPJPY.i	H1	191.074	190.900	191.052	190.291
1977	2025.04.28 09:00	GBPJPY.i	H1	191.241	191.024	191.058	190.314
1978	2025.04.28 10:00	GBPJPY.i	H1	191.111	191.097	191.076	190.338
1979	2025.04.28 11:00	GBPJPY.i	H1	191.340	191.201	191.111	190.363
1980	2025.04.28 12:00	GBPJPY.i	H1	191.404	191.328	191.166	190.391
1981	2025.04.28 13:00	GBPJPY.i	H1	191.384	191.385	191.220	190.419
1982	2025.04.28 14:00	GBPJPY.i	H1	191.231	191.363	191.256	190.445
1983	2025.04.28 15:00	GBPJPY.i	H1	191.252	191.316	191.273	190.467
1984	2025.04.28 16:00	GBPJPY.i	H1	191.246	191.319	191.289	190.489
1985	2025.04.28 17:00	GBPJPY.i	H1	191.314	191.325	191.303	190.511
1986	2025.04.28 18:00	GBPJPY.i	H1	191.124	191.252	191.297	190.531
1987	2025.04.28 19:00	GBPJPY.i	H1	190.912	191.121	191.264	190.546
1988	2025.04.28 20:00	GBPJPY.i	H1	190.928	190.992	191.209	190.557
1989	2025.04.28 21:00	GBPJPY.i	H1	190.816	190.910	191.148	190.566
1990	2025.04.28 22:00	GBPJPY.i	H1	190.916	190.860	191.089	190.575
1991	2025.04.28 23:00	GBPJPY.i	H1	190.888	190.849	191.040	190.584
1992	2025.04.29 00:00	GBPJPY.i	H1	190.776	190.787	190.986	190.591
1993	2025.04.29 01:00	GBPJPY.i	H1	191.075	190.845	190.957	190.599
1994	2025.04.29 02:00	GBPJPY.i	H1	191.015	190.921	190.949	190.611
1995	2025.04.29 03:00	GBPJPY.i	H1	190.973	190.925	190.942	190.621
1996	2025.04.29 04:00	GBPJPY.i	H1	191.126	190.983	190.949	190.632
1997	2025.04.29 05:00	GBPJPY.i	H1	191.115	191.046	190.967	190.644
1998	2025.04.29 06:00	GBPJPY.i	H1	191.036	191.056	190.982	190.656
1999	2025.04.29 07:00	GBPJPY.i	H1	190.925	191.032	190.989	190.666
2000	2025.04.29 08:00	GBPJPY.i	H1	190.992	190.996	190.986	190.675
2001	2025.04.29 09:00	GBPJPY.i	H1	191.056	191.022	190.990	190.684
2002	2025.04.29 10:00	GBPJPY.i	H1	191.109	191.046	190.999	190.694
2003	2025.04.29 11:00	GBPJPY.i	H1	191.224	191.103	191.019	190.705
2004	2025.04.29 12:00	GBPJPY.i	H1	191.203	191.175	191.051	190.719
2005	2025.04.29 13:00	GBPJPY.i	H1	190.911	191.112	191.062	190.730
2006	2025.04.29 14:00	GBPJPY.i	H1	191.035	191.063	191.060	190.737
2007	2025.04.29 15:00	GBPJPY.i	H1	190.824	190.987	191.042	190.743
2008	2025.04.29 16:00	GBPJPY.i	H1	190.634	190.832	190.993	190.745
2009	2025.04.29 17:00	GBPJPY.i	H1	190.618	190.716	190.930	190.742
2010	2025.04.29 18:00	GBPJPY.i	H1	190.615	190.634	190.862	190.739
2011	2025.04.29 19:00	GBPJPY.i	H1	190.433	190.542	190.789	190.735
2012	2025.04.29 20:00	GBPJPY.i	H1	190.640	190.510	190.724	190.729
2013	2025.04.29 21:00	GBPJPY.i	H1	190.679	190.551	190.682	190.726
2014	2025.04.29 22:00	GBPJPY.i	H1	190.745	190.602	190.659	190.725
2015	2025.04.29 23:00	GBPJPY.i	H1	190.832	190.702	190.663	190.727
2016	2025.04.30 00:00	GBPJPY.i	H1	190.678	190.657	190.653	190.727
2017	2025.04.30 01:00	GBPJPY.i	H1	190.761	190.699	190.654	190.726
2018	2025.04.30 02:00	GBPJPY.i	H1	190.786	190.732	190.663	190.727
2019	2025.04.30 03:00	GBPJPY.i	H1	190.891	190.794	190.683	190.729
2020	2025.04.30 04:00	GBPJPY.i	H1	190.750	190.802	190.700	190.731
2021	2025.04.30 05:00	GBPJPY.i	H1	190.757	190.795	190.712	190.732
2022	2025.04.30 06:00	GBPJPY.i	H1	190.741	190.769	190.716	190.733
2023	2025.04.30 07:00	GBPJPY.i	H1	190.838	190.792	190.726	190.734
2024	2025.04.30 08:00	GBPJPY.i	H1	190.948	190.849	190.747	190.737
2025	2025.04.30 09:00	GBPJPY.i	H1	191.076	190.950	190.787	190.743
2026	2025.04.30 10:00	GBPJPY.i	H1	191.147	191.058	190.844	190.752
2027	2025.04.30 11:00	GBPJPY.i	H1	191.024	191.090	190.895	190.762
2028	2025.04.30 12:00	GBPJPY.i	H1	191.200	191.155	190.951	190.771
2029	2025.04.30 13:00	GBPJPY.i	H1	191.102	191.179	191.001	190.782
2030	2025.04.30 14:00	GBPJPY.i	H1	191.024	191.159	191.036	190.791
2031	2025.04.30 15:00	GBPJPY.i	H1	190.685	190.989	191.027	190.794
2032	2025.04.30 16:00	GBPJPY.i	H1	190.055	190.630	190.939	190.786
2033	2025.04.30 17:00	GBPJPY.i	H1	190.495	190.469	190.836	190.773
2034	2025.04.30 18:00	GBPJPY.i	H1	190.288	190.362	190.734	190.762
2035	2025.04.30 19:00	GBPJPY.i	H1	190.425	190.308	190.642	190.751
2036	2025.04.30 20:00	GBPJPY.i	H1	190.551	190.346	190.578	190.743
2037	2025.04.30 21:00	GBPJPY.i	H1	190.441	190.412	190.541	190.737
2038	2025.04.30 22:00	GBPJPY.i	H1	190.478	190.436	190.515	190.732
2039	2025.04.30 23:00	GBPJPY.i	H1	190.675	190.532	190.515	190.728
2040	2025.05.01 00:00	GBPJPY.i	H1	190.363	190.467	190.497	190.723
2041	2025.05.01 01:00	GBPJPY.i	H1	190.553	190.481	190.486	190.715
2042	2025.05.01 02:00	GBPJPY.i	H1	190.516	190.493	190.479	190.710
2043	2025.05.01 03:00	GBPJPY.i	H1	190.468	190.466	190.466	190.704
2044	2025.05.01 04:00	GBPJPY.i	H1	190.563	190.483	190.461	190.697
2045	2025.05.01 05:00	GBPJPY.i	H1	190.492	190.497	190.459	190.692
2046	2025.05.01 06:00	GBPJPY.i	H1	191.118	190.689	190.502	190.692
2047	2025.05.01 07:00	GBPJPY.i	H1	191.264	190.981	190.603	190.703
2048	2025.05.01 08:00	GBPJPY.i	H1	191.419	191.249	190.741	190.720
2049	2025.05.01 09:00	GBPJPY.i	H1	192.146	191.640	190.938	190.746
2050	2025.05.01 10:00	GBPJPY.i	H1	192.086	191.950	191.162	190.780
2051	2025.05.01 11:00	GBPJPY.i	H1	192.159	192.178	191.390	190.817
2052	2025.05.01 12:00	GBPJPY.i	H1	192.265	192.337	191.606	190.855
2053	2025.05.01 13:00	GBPJPY.i	H1	192.433	192.481	191.812	190.895
2054	2025.05.01 14:00	GBPJPY.i	H1	192.509	192.608	192.005	190.937
2055	2025.05.01 15:00	GBPJPY.i	H1	192.684	192.708	192.184	190.981
2056	2025.05.01 16:00	GBPJPY.i	H1	192.552	192.790	192.347	191.027
2057	2025.05.01 17:00	GBPJPY.i	H1	193.245	193.010	192.529	191.077
2058	2025.05.01 18:00	GBPJPY.i	H1	193.081	193.190	192.715	191.133
2059	2025.05.01 19:00	GBPJPY.i	H1	193.087	193.226	192.871	191.188
2060	2025.05.01 20:00	GBPJPY.i	H1	193.068	193.241	193.000	191.240
2061	2025.05.01 21:00	GBPJPY.i	H1	193.426	193.348	193.128	191.295
2062	2025.05.01 22:00	GBPJPY.i	H1	193.255	193.400	193.241	191.351
2063	2025.05.01 23:00	GBPJPY.i	H1	193.021	193.315	193.312	191.402
2064	2025.05.02 00:00	GBPJPY.i	H1	192.757	193.121	193.324	191.446
2065	2025.05.02 01:00	GBPJPY.i	H1	193.066	193.049	193.319	191.487
2066	2025.05.02 02:00	GBPJPY.i	H1	193.182	193.115	193.330	191.531
2067	2025.05.02 03:00	GBPJPY.i	H1	193.701	193.308	193.383	191.582
2068	2025.05.02 04:00	GBPJPY.i	H1	193.280	193.374	193.436	191.634
2069	2025.05.02 05:00	GBPJPY.i	H1	193.356	193.370	193.473	191.683
2070	2025.05.02 06:00	GBPJPY.i	H1	193.290	193.334	193.491	191.728
2071	2025.05.02 07:00	GBPJPY.i	H1	193.482	193.374	193.513	191.773
2072	2025.05.02 08:00	GBPJPY.i	H1	193.361	193.393	193.532	191.818
2073	2025.05.02 09:00	GBPJPY.i	H1	193.283	193.342	193.533	191.861
2074	2025.05.02 10:00	GBPJPY.i	H1	193.004	193.225	193.504	191.898
2075	2025.05.02 11:00	GBPJPY.i	H1	192.501	192.928	193.412	191.925
2076	2025.05.02 12:00	GBPJPY.i	H1	192.433	192.627	193.270	191.943
2077	2025.05.02 13:00	GBPJPY.i	H1	192.251	192.411	193.109	191.955
2078	2025.05.02 14:00	GBPJPY.i	H1	192.174	192.202	192.934	191.964
2079	2025.05.02 15:00	GBPJPY.i	H1	192.234	192.061	192.762	191.969
2080	2025.05.02 16:00	GBPJPY.i	H1	191.626	191.817	192.567	191.969
2081	2025.05.02 17:00	GBPJPY.i	H1	191.834	191.680	192.380	191.964
2082	2025.05.02 18:00	GBPJPY.i	H1	191.937	191.697	192.233	191.961
2083	2025.05.02 19:00	GBPJPY.i	H1	192.176	191.818	192.141	191.963
2084	2025.05.02 20:00	GBPJPY.i	H1	192.151	191.926	192.087	191.969
2085	2025.05.02 21:00	GBPJPY.i	H1	192.503	192.111	192.082	191.977
2086	2025.05.02 22:00	GBPJPY.i	H1	192.495	192.301	192.116	191.990
2087	2025.05.02 23:00	GBPJPY.i	H1	192.286	192.341	192.148	192.003
2088	2025.05.05 00:00	GBPJPY.i	H1	192.085	192.194	192.137	192.007
2089	2025.05.05 01:00	GBPJPY.i	H1	191.998	192.136	192.115	192.008
2090	2025.05.05 02:00	GBPJPY.i	H1	191.941	192.053	192.080	192.008
2091	2025.05.05 03:00	GBPJPY.i	H1	191.951	191.995	192.041	192.007
2092	2025.05.05 04:00	GBPJPY.i	H1	191.671	191.854	191.979	192.003
2093	2025.05.05 05:00	GBPJPY.i	H1	191.706	191.730	191.903	191.994
2094	2025.05.05 06:00	GBPJPY.i	H1	191.743	191.686	191.836	191.985
2095	2025.05.05 07:00	GBPJPY.i	H1	191.642	191.635	191.772	191.977
2096	2025.05.05 08:00	GBPJPY.i	H1	191.661	191.610	191.716	191.968
2097	2025.05.05 09:00	GBPJPY.i	H1	191.673	191.628	191.677	191.960
2098	2025.05.05 10:00	GBPJPY.i	H1	191.717	191.648	191.650	191.953
2099	2025.05.05 11:00	GBPJPY.i	H1	191.321	191.529	191.602	191.942
2100	2025.05.05 12:00	GBPJPY.i	H1	191.376	191.413	191.538	191.927
2101	2025.05.05 13:00	GBPJPY.i	H1	191.558	191.418	191.489	191.913
2102	2025.05.05 14:00	GBPJPY.i	H1	191.552	191.476	191.465	191.902
2103	2025.05.05 15:00	GBPJPY.i	H1	191.474	191.490	191.449	191.893
2104	2025.05.05 16:00	GBPJPY.i	H1	191.314	191.418	191.420	191.880
2105	2025.05.05 17:00	GBPJPY.i	H1	191.307	191.388	191.391	191.866
2106	2025.05.05 18:00	GBPJPY.i	H1	191.228	191.297	191.347	191.851
2107	2025.05.05 19:00	GBPJPY.i	H1	191.366	191.292	191.314	191.835
2108	2025.05.05 20:00	GBPJPY.i	H1	191.322	191.300	191.290	191.821
2109	2025.05.05 21:00	GBPJPY.i	H1	191.240	191.280	191.267	191.807
2110	2025.05.05 22:00	GBPJPY.i	H1	191.101	191.207	191.233	191.790
2111	2025.05.05 23:00	GBPJPY.i	H1	191.028	191.117	191.186	191.771
2112	2025.05.06 00:00	GBPJPY.i	H1	190.937	191.008	191.126	191.750
2113	2025.05.06 01:00	GBPJPY.i	H1	191.042	190.986	191.075	191.728
2114	2025.05.06 02:00	GBPJPY.i	H1	190.991	190.957	191.029	191.708
2115	2025.05.06 03:00	GBPJPY.i	H1	191.077	190.966	190.995	191.689
2116	2025.05.06 04:00	GBPJPY.i	H1	191.184	191.058	190.990	191.672
2117	2025.05.06 05:00	GBPJPY.i	H1	191.079	191.060	190.986	191.657
2118	2025.05.06 06:00	GBPJPY.i	H1	191.159	191.086	190.989	191.642
2119	2025.05.06 07:00	GBPJPY.i	H1	191.167	191.122	190.999	191.628
2120	2025.05.06 08:00	GBPJPY.i	H1	191.093	191.131	191.010	191.614
2121	2025.05.06 09:00	GBPJPY.i	H1	191.138	191.167	191.027	191.601
2122	2025.05.06 10:00	GBPJPY.i	H1	190.906	191.086	191.023	191.587
2123	2025.05.06 11:00	GBPJPY.i	H1	190.577	190.880	190.974	191.565
2124	2025.05.06 12:00	GBPJPY.i	H1	190.824	190.781	190.915	191.541
2125	2025.05.06 13:00	GBPJPY.i	H1	191.000	190.837	190.884	191.521
2126	2025.05.06 14:00	GBPJPY.i	H1	190.893	190.887	190.872	191.506
2127	2025.05.06 15:00	GBPJPY.i	H1	190.917	190.920	190.870	191.491
2128	2025.05.06 16:00	GBPJPY.i	H1	190.690	190.858	190.854	191.474
2129	2025.05.06 17:00	GBPJPY.i	H1	191.016	190.887	190.849	191.457
2130	2025.05.06 18:00	GBPJPY.i	H1	190.839	190.894	190.846	191.442
2131	2025.05.06 19:00	GBPJPY.i	H1	190.656	190.822	190.828	191.425
2132	2025.05.06 20:00	GBPJPY.i	H1	190.480	190.682	190.783	191.404
2133	2025.05.06 21:00	GBPJPY.i	H1	190.534	190.586	190.727	191.380
2134	2025.05.06 22:00	GBPJPY.i	H1	190.511	190.536	190.672	191.356
2135	2025.05.06 23:00	GBPJPY.i	H1	190.349	190.448	190.610	191.332
2136	2025.05.07 00:00	GBPJPY.i	H1	190.440	190.407	190.552	191.307
2137	2025.05.07 01:00	GBPJPY.i	H1	191.217	190.639	190.561	191.290
2138	2025.05.07 02:00	GBPJPY.i	H1	191.051	190.863	190.617	191.283
2139	2025.05.07 03:00	GBPJPY.i	H1	190.863	190.922	190.672	191.275
2140	2025.05.07 04:00	GBPJPY.i	H1	190.859	190.916	190.713	191.264
2141	2025.05.07 05:00	GBPJPY.i	H1	191.004	190.973	190.759	191.254
2142	2025.05.07 06:00	GBPJPY.i	H1	190.989	191.017	190.806	191.247
2143	2025.05.07 07:00	GBPJPY.i	H1	191.167	191.096	190.861	191.242
2144	2025.05.07 08:00	GBPJPY.i	H1	191.078	191.135	190.915	191.238
2145	2025.05.07 09:00	GBPJPY.i	H1	190.928	191.092	190.949	191.233
2146	2025.05.07 10:00	GBPJPY.i	H1	191.160	191.135	190.987	191.228
2147	2025.05.07 11:00	GBPJPY.i	H1	191.130	191.211	191.036	191.227
2148	2025.05.07 12:00	GBPJPY.i	H1	191.084	191.187	191.070	191.225
2149	2025.05.07 13:00	GBPJPY.i	H1	191.181	191.196	191.100	191.222
2150	2025.05.07 14:00	GBPJPY.i	H1	191.395	191.270	191.142	191.223
2151	2025.05.07 15:00	GBPJPY.i	H1	191.614	191.417	191.209	191.228
2152	2025.05.07 16:00	GBPJPY.i	H1	191.380	191.449	191.269	191.235
2153	2025.05.07 17:00	GBPJPY.i	H1	191.541	191.512	191.331	191.241
2154	2025.05.07 18:00	GBPJPY.i	H1	191.429	191.496	191.376	191.247
2155	2025.05.07 19:00	GBPJPY.i	H1	191.426	191.477	191.408	191.251
2156	2025.05.07 20:00	GBPJPY.i	H1	191.099	191.364	191.409	191.253
2157	2025.05.07 21:00	GBPJPY.i	H1	191.193	191.229	191.380	191.250
2158	2025.05.07 22:00	GBPJPY.i	H1	191.219	191.206	191.353	191.247
2159	2025.05.07 23:00	GBPJPY.i	H1	191.113	191.155	191.321	191.245
2160	2025.05.08 00:00	GBPJPY.i	H1	191.099	191.065	191.276	191.240
2161	2025.05.08 01:00	GBPJPY.i	H1	191.166	191.071	191.241	191.236
2162	2025.05.08 02:00	GBPJPY.i	H1	191.199	191.096	191.219	191.234
2163	2025.05.08 03:00	GBPJPY.i	H1	191.256	191.130	191.208	191.232
2164	2025.05.08 04:00	GBPJPY.i	H1	191.459	191.225	191.220	191.234
2165	2025.05.08 05:00	GBPJPY.i	H1	191.684	191.419	191.271	191.240
2166	2025.05.08 06:00	GBPJPY.i	H1	191.629	191.561	191.342	191.252
2167	2025.05.08 07:00	GBPJPY.i	H1	191.680	191.649	191.416	191.263
2168	2025.05.08 08:00	GBPJPY.i	H1	191.728	191.703	191.485	191.274
2169	2025.05.08 09:00	GBPJPY.i	H1	191.811	191.764	191.553	191.286
2170	2025.05.08 10:00	GBPJPY.i	H1	191.809	191.811	191.617	191.300
2171	2025.05.08 11:00	GBPJPY.i	H1	192.106	191.950	191.700	191.316
2172	2025.05.08 12:00	GBPJPY.i	H1	192.227	192.119	191.804	191.338
2173	2025.05.08 13:00	GBPJPY.i	H1	192.017	192.189	191.902	191.361
2174	2025.05.08 14:00	GBPJPY.i	H1	192.753	192.372	192.022	191.387
2175	2025.05.08 15:00	GBPJPY.i	H1	192.776	192.678	192.186	191.422
2176	2025.05.08 16:00	GBPJPY.i	H1	192.747	192.803	192.342	191.461
2177	2025.05.08 17:00	GBPJPY.i	H1	192.990	192.955	192.501	191.499
2178	2025.05.08 18:00	GBPJPY.i	H1	193.236	193.132	192.667	191.541
2179	2025.05.08 19:00	GBPJPY.i	H1	193.314	193.301	192.837	191.588
2180	2025.05.08 20:00	GBPJPY.i	H1	193.184	193.369	192.986	191.634
2181	2025.05.08 21:00	GBPJPY.i	H1	193.307	193.408	193.115	191.679
2182	2025.05.08 22:00	GBPJPY.i	H1	193.251	193.435	193.223	191.724
2183	2025.05.08 23:00	GBPJPY.i	H1	193.232	193.392	193.301	191.767
2184	2025.05.09 00:00	GBPJPY.i	H1	193.344	193.355	193.355	191.807
2185	2025.05.09 01:00	GBPJPY.i	H1	193.218	193.323	193.392	191.847
2186	2025.05.09 02:00	GBPJPY.i	H1	193.220	193.304	193.418	191.886
2187	2025.05.09 03:00	GBPJPY.i	H1	192.896	193.160	193.405	191.920
2188	2025.05.09 04:00	GBPJPY.i	H1	192.760	192.979	193.353	191.947
2189	2025.05.09 05:00	GBPJPY.i	H1	192.772	192.865	193.287	191.971
2190	2025.05.09 06:00	GBPJPY.i	H1	192.723	192.749	193.207	191.994
2191	2025.05.09 07:00	GBPJPY.i	H1	192.586	192.629	193.116	192.012
2192	2025.05.09 08:00	GBPJPY.i	H1	192.558	192.534	193.020	192.028
2193	2025.05.09 09:00	GBPJPY.i	H1	192.392	192.425	192.918	192.042
2194	2025.05.09 10:00	GBPJPY.i	H1	192.531	192.413	192.831	192.054
2195	2025.05.09 11:00	GBPJPY.i	H1	192.659	192.440	192.766	192.068
2196	2025.05.09 12:00	GBPJPY.i	H1	192.808	192.539	192.733	192.085
2197	2025.05.09 13:00	GBPJPY.i	H1	192.779	192.641	192.726	192.104
2198	2025.05.09 14:00	GBPJPY.i	H1	192.677	192.654	192.720	192.122
2199	2025.05.09 15:00	GBPJPY.i	H1	192.962	192.749	192.733	192.140
2200	2025.05.09 16:00	GBPJPY.i	H1	192.864	192.820	192.757	192.161
2201	2025.05.09 17:00	GBPJPY.i	H1	192.908	192.880	192.787	192.181
2202	2025.05.09 18:00	GBPJPY.i	H1	193.275	193.030	192.844	192.205
2203	2025.05.09 19:00	GBPJPY.i	H1	193.321	193.197	192.925	192.233
2204	2025.05.09 20:00	GBPJPY.i	H1	193.380	193.333	193.019	192.264
2205	2025.05.09 21:00	GBPJPY.i	H1	193.420	193.409	193.109	192.295
2206	2025.05.09 22:00	GBPJPY.i	H1	193.409	193.459	193.192	192.325
2207	2025.05.09 23:00	GBPJPY.i	H1	193.405	193.454	193.256	192.354
2208	2025.05.12 00:00	GBPJPY.i	H1	193.827	193.689	193.362	192.389
2209	2025.05.12 01:00	GBPJPY.i	H1	193.754	193.822	193.476	192.429
2210	2025.05.12 02:00	GBPJPY.i	H1	193.742	193.861	193.575	192.467
2211	2025.05.12 03:00	GBPJPY.i	H1	193.888	193.922	193.668	192.505
2212	2025.05.12 04:00	GBPJPY.i	H1	193.983	194.023	193.765	192.544
2213	2025.05.12 05:00	GBPJPY.i	H1	193.724	193.963	193.828	192.582
2214	2025.05.12 06:00	GBPJPY.i	H1	193.681	193.877	193.860	192.614
2215	2025.05.12 07:00	GBPJPY.i	H1	193.870	193.865	193.885	192.646
2216	2025.05.12 08:00	GBPJPY.i	H1	193.921	193.907	193.915	192.680
2217	2025.05.12 09:00	GBPJPY.i	H1	194.120	194.000	193.960	192.717
2218	2025.05.12 10:00	GBPJPY.i	H1	194.783	194.307	194.066	192.761
2219	2025.05.12 11:00	GBPJPY.i	H1	194.951	194.662	194.229	192.817
2220	2025.05.12 12:00	GBPJPY.i	H1	195.407	195.034	194.439	192.880
2221	2025.05.12 13:00	GBPJPY.i	H1	195.015	195.214	194.642	192.945
2222	2025.05.12 14:00	GBPJPY.i	H1	194.845	195.206	194.798	193.004
2223	2025.05.12 15:00	GBPJPY.i	H1	195.368	195.297	194.942	193.062
2224	2025.05.12 16:00	GBPJPY.i	H1	195.479	195.441	195.091	193.124
2225	2025.05.12 17:00	GBPJPY.i	H1	195.634	195.612	195.247	193.191
2226	2025.05.12 18:00	GBPJPY.i	H1	195.356	195.631	195.375	193.256
2227	2025.05.12 19:00	GBPJPY.i	H1	195.707	195.689	195.490	193.319
2228	2025.05.12 20:00	GBPJPY.i	H1	195.646	195.743	195.594	193.384
2229	2025.05.12 21:00	GBPJPY.i	H1	195.507	195.703	195.668	193.445
2230	2025.05.12 22:00	GBPJPY.i	H1	195.545	195.651	195.714	193.503
2231	2025.05.12 23:00	GBPJPY.i	H1	195.592	195.642	195.749	193.560
2232	2025.05.13 00:00	GBPJPY.i	H1	195.316	195.522	195.749	193.614
2233	2025.05.13 01:00	GBPJPY.i	H1	195.487	195.471	195.738	193.663
2234	2025.05.13 02:00	GBPJPY.i	H1	195.363	195.434	195.719	193.712
2235	2025.05.13 03:00	GBPJPY.i	H1	194.792	195.191	195.648	193.754
2236	2025.05.13 04:00	GBPJPY.i	H1	194.910	195.008	195.548	193.787
2237	2025.05.13 05:00	GBPJPY.i	H1	195.039	194.938	195.453	193.819
2238	2025.05.13 06:00	GBPJPY.i	H1	195.004	194.908	195.370	193.852
2239	2025.05.13 07:00	GBPJPY.i	H1	194.975	194.900	195.298	193.884
2240	2025.05.13 08:00	GBPJPY.i	H1	195.105	194.927	195.245	193.916
2241	2025.05.13 09:00	GBPJPY.i	H1	195.248	195.023	195.220	193.950
2242	2025.05.13 10:00	GBPJPY.i	H1	195.347	195.143	195.224	193.987
2243	2025.05.13 11:00	GBPJPY.i	H1	195.416	195.243	195.245	194.024
2244	2025.05.13 12:00	GBPJPY.i	H1	195.535	195.373	195.288	194.063
2245	2025.05.13 13:00	GBPJPY.i	H1	195.486	195.470	195.340	194.104
2246	2025.05.13 14:00	GBPJPY.i	H1	195.713	195.578	195.404	194.145
2247	2025.05.13 15:00	GBPJPY.i	H1	195.980	195.756	195.493	194.189
2248	2025.05.13 16:00	GBPJPY.i	H1	195.599	195.773	195.564	194.234
2249	2025.05.13 17:00	GBPJPY.i	H1	196.029	195.874	195.644	194.277
2250	2025.05.13 18:00	GBPJPY.i	H1	196.170	196.061	195.749	194.325
2251	2025.05.13 19:00	GBPJPY.i	H1	196.203	196.150	195.852	194.376
2252	2025.05.13 20:00	GBPJPY.i	H1	196.316	196.283	195.963	194.426
2253	2025.05.13 21:00	GBPJPY.i	H1	196.183	196.320	196.059	194.477
2254	2025.05.13 22:00	GBPJPY.i	H1	196.162	196.302	196.131	194.525
2255	2025.05.13 23:00	GBPJPY.i	H1	196.169	196.302	196.189	194.571
2256	2025.05.14 00:00	GBPJPY.i	H1	196.161	196.253	196.226	194.616
2257	2025.05.14 01:00	GBPJPY.i	H1	196.174	196.211	196.246	194.657
2258	2025.05.14 02:00	GBPJPY.i	H1	196.256	196.224	196.266	194.699
2259	2025.05.14 03:00	GBPJPY.i	H1	196.196	196.236	196.285	194.742
2260	2025.05.14 04:00	GBPJPY.i	H1	195.900	196.107	196.270	194.779
2261	2025.05.14 05:00	GBPJPY.i	H1	195.820	195.965	196.226	194.810
2262	2025.05.14 06:00	GBPJPY.i	H1	195.751	195.830	196.161	194.837
2263	2025.05.14 07:00	GBPJPY.i	H1	195.496	195.677	196.075	194.861
2264	2025.05.14 08:00	GBPJPY.i	H1	195.619	195.566	195.982	194.881
2265	2025.05.14 09:00	GBPJPY.i	H1	195.696	195.545	195.903	194.901
2266	2025.05.14 10:00	GBPJPY.i	H1	195.905	195.624	195.857	194.924
2267	2025.05.14 11:00	GBPJPY.i	H1	195.194	195.485	195.785	194.943
2268	2025.05.14 12:00	GBPJPY.i	H1	194.742	195.105	195.640	194.947
2269	2025.05.14 13:00	GBPJPY.i	H1	194.786	194.843	195.465	194.942
2270	2025.05.14 14:00	GBPJPY.i	H1	194.904	194.740	195.304	194.938
2271	2025.05.14 15:00	GBPJPY.i	H1	194.798	194.685	195.164	194.935
2272	2025.05.14 16:00	GBPJPY.i	H1	194.421	194.517	195.012	194.928
2273	2025.05.14 17:00	GBPJPY.i	H1	194.655	194.432	194.871	194.917
2274	2025.05.14 18:00	GBPJPY.i	H1	194.918	194.531	194.780	194.910
2275	2025.05.14 19:00	GBPJPY.i	H1	194.845	194.688	194.742	194.909
2276	2025.05.14 20:00	GBPJPY.i	H1	194.634	194.663	194.701	194.907
2277	2025.05.14 21:00	GBPJPY.i	H1	194.621	194.626	194.658	194.900
2278	2025.05.14 22:00	GBPJPY.i	H1	194.686	194.629	194.624	194.893
2279	2025.05.14 23:00	GBPJPY.i	H1	194.534	194.602	194.590	194.886
2280	2025.05.15 00:00	GBPJPY.i	H1	194.316	194.500	194.540	194.876
2281	2025.05.15 01:00	GBPJPY.i	H1	194.470	194.450	194.490	194.864
2282	2025.05.15 02:00	GBPJPY.i	H1	194.485	194.417	194.444	194.852
2283	2025.05.15 03:00	GBPJPY.i	H1	194.057	194.303	194.382	194.837
2284	2025.05.15 04:00	GBPJPY.i	H1	194.208	194.199	194.312	194.819
2285	2025.05.15 05:00	GBPJPY.i	H1	194.184	194.171	194.251	194.801
2286	2025.05.15 06:00	GBPJPY.i	H1	194.019	194.079	194.183	194.782
2287	2025.05.15 07:00	GBPJPY.i	H1	193.922	193.980	194.109	194.760
2288	2025.05.15 08:00	GBPJPY.i	H1	193.749	193.850	194.021	194.736
2289	2025.05.15 09:00	GBPJPY.i	H1	193.620	193.734	193.927	194.708
2290	2025.05.15 10:00	GBPJPY.i	H1	193.551	193.635	193.831	194.679
2291	2025.05.15 11:00	GBPJPY.i	H1	193.691	193.600	193.749	194.651
2292	2025.05.15 12:00	GBPJPY.i	H1	193.906	193.669	193.701	194.626
2293	2025.05.15 13:00	GBPJPY.i	H1	194.005	193.781	193.688	194.605
2294	2025.05.15 14:00	GBPJPY.i	H1	193.855	193.817	193.685	194.586
2295	2025.05.15 15:00	GBPJPY.i	H1	193.990	193.881	193.697	194.567
2296	2025.05.15 16:00	GBPJPY.i	H1	193.809	193.894	193.710	194.549
2297	2025.05.15 17:00	GBPJPY.i	H1	193.681	193.791	193.697	194.528
2298	2025.05.15 18:00	GBPJPY.i	H1	193.516	193.691	193.665	194.502
2299	2025.05.15 19:00	GBPJPY.i	H1	193.508	193.600	193.622	194.476
2300	2025.05.15 20:00	GBPJPY.i	H1	193.663	193.594	193.589	194.451
2301	2025.05.15 21:00	GBPJPY.i	H1	193.736	193.633	193.574	194.429
2302	2025.05.15 22:00	GBPJPY.i	H1	193.753	193.665	193.571	194.409
2303	2025.05.15 23:00	GBPJPY.i	H1	193.813	193.722	193.582	194.391
2304	2025.05.16 00:00	GBPJPY.i	H1	193.610	193.683	193.582	194.371
2305	2025.05.16 01:00	GBPJPY.i	H1	193.584	193.665	193.579	194.351
2306	2025.05.16 02:00	GBPJPY.i	H1	193.657	193.674	193.581	194.332
2307	2025.05.16 03:00	GBPJPY.i	H1	193.171	193.500	193.543	194.308
2308	2025.05.16 04:00	GBPJPY.i	H1	193.313	193.355	193.482	194.280
2309	2025.05.16 05:00	GBPJPY.i	H1	193.555	193.376	193.442	194.254
2310	2025.05.16 06:00	GBPJPY.i	H1	193.373	193.386	193.414	194.231
2311	2025.05.16 07:00	GBPJPY.i	H1	193.517	193.407	193.397	194.210
2312	2025.05.16 08:00	GBPJPY.i	H1	193.514	193.461	193.396	194.190
2313	2025.05.16 09:00	GBPJPY.i	H1	193.283	193.433	193.389	194.170
2314	2025.05.16 10:00	GBPJPY.i	H1	193.374	193.379	193.371	194.148
2315	2025.05.16 11:00	GBPJPY.i	H1	193.319	193.365	193.354	194.125
2316	2025.05.16 12:00	GBPJPY.i	H1	193.487	193.387	193.347	194.105
2317	2025.05.16 13:00	GBPJPY.i	H1	193.429	193.390	193.343	194.086
2318	2025.05.16 14:00	GBPJPY.i	H1	193.453	193.435	193.351	194.068
2319	2025.05.16 15:00	GBPJPY.i	H1	193.285	193.399	193.348	194.050
2320	2025.05.16 16:00	GBPJPY.i	H1	193.427	193.388	193.345	194.031
2321	2025.05.16 17:00	GBPJPY.i	H1	193.613	193.473	193.363	194.015
2322	2025.05.16 18:00	GBPJPY.i	H1	193.565	193.541	193.392	194.003
2323	2025.05.16 19:00	GBPJPY.i	H1	193.637	193.581	193.425	193.992
2324	2025.05.16 20:00	GBPJPY.i	H1	193.648	193.653	193.467	193.982
2325	2025.05.16 21:00	GBPJPY.i	H1	193.726	193.693	193.510	193.974
2326	2025.05.16 22:00	GBPJPY.i	H1	193.776	193.750	193.558	193.966
2327	2025.05.16 23:00	GBPJPY.i	H1	193.352	193.639	193.570	193.957
2328	2025.05.19 00:00	GBPJPY.i	H1	193.043	193.315	193.507	193.936
2329	2025.05.19 01:00	GBPJPY.i	H1	193.073	193.131	193.419	193.909
2330	2025.05.19 02:00	GBPJPY.i	H1	193.230	193.119	193.350	193.887
2331	2025.05.19 03:00	GBPJPY.i	H1	192.901	193.027	193.276	193.865
2332	2025.05.19 04:00	GBPJPY.i	H1	192.962	192.935	193.197	193.840
2333	2025.05.19 05:00	GBPJPY.i	H1	193.106	192.956	193.139	193.817
2334	2025.05.19 06:00	GBPJPY.i	H1	193.127	192.992	193.101	193.797
2335	2025.05.19 07:00	GBPJPY.i	H1	193.248	193.071	193.088	193.779
2336	2025.05.19 08:00	GBPJPY.i	H1	193.071	193.088	193.080	193.762
2337	2025.05.19 09:00	GBPJPY.i	H1	193.143	193.105	193.075	193.745
2338	2025.05.19 10:00	GBPJPY.i	H1	193.631	193.272	193.110	193.732
2339	2025.05.19 11:00	GBPJPY.i	H1	193.672	193.467	193.180	193.727
2340	2025.05.19 12:00	GBPJPY.i	H1	194.021	193.703	193.288	193.728
2341	2025.05.19 13:00	GBPJPY.i	H1	193.874	193.876	193.411	193.732
2342	2025.05.19 14:00	GBPJPY.i	H1	193.902	193.975	193.530	193.738
2343	2025.05.19 15:00	GBPJPY.i	H1	193.904	194.002	193.630	193.743
2344	2025.05.19 16:00	GBPJPY.i	H1	193.793	193.974	193.704	193.745
2345	2025.05.19 17:00	GBPJPY.i	H1	193.679	193.923	193.753	193.747
2346	2025.05.19 18:00	GBPJPY.i	H1	193.628	193.826	193.773	193.746
2347	2025.05.19 19:00	GBPJPY.i	H1	193.621	193.754	193.775	193.743
2348	2025.05.19 20:00	GBPJPY.i	H1	193.633	193.701	193.767	193.740
2349	2025.05.19 21:00	GBPJPY.i	H1	193.622	193.657	193.752	193.737
2350	2025.05.19 22:00	GBPJPY.i	H1	193.508	193.586	193.726	193.732
2351	2025.05.19 23:00	GBPJPY.i	H1	193.501	193.532	193.693	193.726
2352	2025.05.20 00:00	GBPJPY.i	H1	193.448	193.471	193.654	193.720
2353	2025.05.20 01:00	GBPJPY.i	H1	193.594	193.480	193.625	193.713
2354	2025.05.20 02:00	GBPJPY.i	H1	193.669	193.527	193.613	193.710
2355	2025.05.20 03:00	GBPJPY.i	H1	194.025	193.730	193.648	193.712
2356	2025.05.20 04:00	GBPJPY.i	H1	193.545	193.720	193.671	193.715
2357	2025.05.20 05:00	GBPJPY.i	H1	193.782	193.736	193.691	193.715
2358	2025.05.20 06:00	GBPJPY.i	H1	193.564	193.704	193.699	193.715
2359	2025.05.20 07:00	GBPJPY.i	H1	193.457	193.606	193.682	193.711
2360	2025.05.20 08:00	GBPJPY.i	H1	193.123	193.414	193.625	193.701
2361	2025.05.20 09:00	GBPJPY.i	H1	193.184	193.256	193.546	193.687
2362	2025.05.20 10:00	GBPJPY.i	H1	193.012	193.108	193.450	193.670
2363	2025.05.20 11:00	GBPJPY.i	H1	193.224	193.083	193.370	193.655
2364	2025.05.20 12:00	GBPJPY.i	H1	193.202	193.111	193.313	193.642
2365	2025.05.20 13:00	GBPJPY.i	H1	193.217	193.105	193.265	193.630
2366	2025.05.20 14:00	GBPJPY.i	H1	193.198	193.130	193.232	193.618
2367	2025.05.20 15:00	GBPJPY.i	H1	193.180	193.111	193.199	193.606
2368	2025.05.20 16:00	GBPJPY.i	H1	193.476	193.233	193.200	193.597
2369	2025.05.20 17:00	GBPJPY.i	H1	193.261	193.279	193.210	193.590
2370	2025.05.20 18:00	GBPJPY.i	H1	193.477	193.351	193.232	193.584
2371	2025.05.20 19:00	GBPJPY.i	H1	193.628	193.464	193.275	193.582
2372	2025.05.20 20:00	GBPJPY.i	H1	193.543	193.554	193.328	193.581
2373	2025.05.20 21:00	GBPJPY.i	H1	193.385	193.534	193.365	193.580
2374	2025.05.20 22:00	GBPJPY.i	H1	193.505	193.519	193.391	193.576
2375	2025.05.20 23:00	GBPJPY.i	H1	193.512	193.531	193.416	193.573
2376	2025.05.21 00:00	GBPJPY.i	H1	193.364	193.468	193.422	193.569
2377	2025.05.21 01:00	GBPJPY.i	H1	193.395	193.397	193.412	193.563
2378	2025.05.21 02:00	GBPJPY.i	H1	193.342	193.381	193.402	193.557
2379	2025.05.21 03:00	GBPJPY.i	H1	193.314	193.345	193.387	193.551
2380	2025.05.21 04:00	GBPJPY.i	H1	193.363	193.332	193.374	193.544
2381	2025.05.21 05:00	GBPJPY.i	H1	193.115	193.264	193.348	193.537
2382	2025.05.21 06:00	GBPJPY.i	H1	193.110	193.190	193.311	193.527
2383	2025.05.21 07:00	GBPJPY.i	H1	193.051	193.112	193.265	193.515
2384	2025.05.21 08:00	GBPJPY.i	H1	192.878	192.998	193.203	193.501
2385	2025.05.21 09:00	GBPJPY.i	H1	193.212	193.026	193.161	193.488
2386	2025.05.21 10:00	GBPJPY.i	H1	193.005	193.033	193.130	193.477
2387	2025.05.21 11:00	GBPJPY.i	H1	193.102	193.049	193.108	193.467
2388	2025.05.21 12:00	GBPJPY.i	H1	193.080	193.055	193.091	193.457
2389	2025.05.21 13:00	GBPJPY.i	H1	192.691	192.933	193.048	193.443
2390	2025.05.21 14:00	GBPJPY.i	H1	192.831	192.819	192.989	193.425
2391	2025.05.21 15:00	GBPJPY.i	H1	192.860	192.782	192.934	193.407
2392	2025.05.21 16:00	GBPJPY.i	H1	193.057	192.864	192.910	193.393
2393	2025.05.21 17:00	GBPJPY.i	H1	193.031	192.935	192.907	193.383
2394	2025.05.21 18:00	GBPJPY.i	H1	193.184	193.032	192.925	193.375
2395	2025.05.21 19:00	GBPJPY.i	H1	193.162	193.123	192.959	193.369
2396	2025.05.21 20:00	GBPJPY.i	H1	192.830	193.025	192.962	193.360
2397	2025.05.21 21:00	GBPJPY.i	H1	192.865	192.941	192.946	193.346
2398	2025.05.21 22:00	GBPJPY.i	H1	192.770	192.876	192.920	193.332
2399	2025.05.21 23:00	GBPJPY.i	H1	192.769	192.830	192.890	193.317
2400	2025.05.22 00:00	GBPJPY.i	H1	192.705	192.742	192.847	193.301
2401	2025.05.22 01:00	GBPJPY.i	H1	193.159	192.914	192.854	193.290
2402	2025.05.22 02:00	GBPJPY.i	H1	192.844	192.936	192.864	193.283
2403	2025.05.22 03:00	GBPJPY.i	H1	192.600	192.789	192.838	193.270
2404	2025.05.22 04:00	GBPJPY.i	H1	192.463	192.643	192.784	193.250
2405	2025.05.22 05:00	GBPJPY.i	H1	192.344	192.495	192.710	193.228
2406	2025.05.22 06:00	GBPJPY.i	H1	192.397	192.396	192.630	193.205
2407	2025.05.22 07:00	GBPJPY.i	H1	192.432	192.361	192.560	193.182
2408	2025.05.22 08:00	GBPJPY.i	H1	192.556	192.383	192.511	193.162
2409	2025.05.22 09:00	GBPJPY.i	H1	192.341	192.330	192.459	193.141
2410	2025.05.22 10:00	GBPJPY.i	H1	192.156	192.235	192.396	193.117
2411	2025.05.22 11:00	GBPJPY.i	H1	192.022	192.116	192.319	193.089
2412	2025.05.22 12:00	GBPJPY.i	H1	192.298	192.115	192.258	193.063
2413	2025.05.22 13:00	GBPJPY.i	H1	192.470	192.197	192.229	193.041
2414	2025.05.22 14:00	GBPJPY.i	H1	192.389	192.325	192.234	193.024
2415	2025.05.22 15:00	GBPJPY.i	H1	192.545	192.406	192.255	193.009
2416	2025.05.22 16:00	GBPJPY.i	H1	193.027	192.651	192.327	193.000
2417	2025.05.22 17:00	GBPJPY.i	H1	192.977	192.867	192.431	192.999
2418	2025.05.22 18:00	GBPJPY.i	H1	193.175	193.048	192.553	193.001
2419	2025.05.22 19:00	GBPJPY.i	H1	193.242	193.237	192.693	193.006
2420	2025.05.22 20:00	GBPJPY.i	H1	193.454	193.395	192.839	193.015
2421	2025.05.22 21:00	GBPJPY.i	H1	193.488	193.539	192.987	193.027
2422	2025.05.22 22:00	GBPJPY.i	H1	193.223	193.517	193.101	193.038
2423	2025.05.22 23:00	GBPJPY.i	H1	193.221	193.427	193.173	193.043
2424	2025.05.23 00:00	GBPJPY.i	H1	193.221	193.344	193.215	193.047
2425	2025.05.23 01:00	GBPJPY.i	H1	193.025	193.265	193.234	193.049
2426	2025.05.23 02:00	GBPJPY.i	H1	193.032	193.169	193.230	193.050
2427	2025.05.23 03:00	GBPJPY.i	H1	193.215	193.172	193.231	193.052
2428	2025.05.23 04:00	GBPJPY.i	H1	192.985	193.134	193.224	193.054
2429	2025.05.23 05:00	GBPJPY.i	H1	192.992	193.062	193.203	193.054
2430	2025.05.23 06:00	GBPJPY.i	H1	192.863	192.966	193.165	193.051
2431	2025.05.23 07:00	GBPJPY.i	H1	192.972	192.918	193.125	193.047
2432	2025.05.23 08:00	GBPJPY.i	H1	192.972	192.920	193.094	193.044
2433	2025.05.23 09:00	GBPJPY.i	H1	192.874	192.904	193.064	193.042
2434	2025.05.23 10:00	GBPJPY.i	H1	193.153	192.956	193.052	193.041
2435	2025.05.23 11:00	GBPJPY.i	H1	193.282	193.093	193.072	193.044
2436	2025.05.23 12:00	GBPJPY.i	H1	193.415	193.225	193.115	193.051
2437	2025.05.23 13:00	GBPJPY.i	H1	193.481	193.354	193.177	193.061
2438	2025.05.23 14:00	GBPJPY.i	H1	192.352	193.048	193.152	193.061
2439	2025.05.23 15:00	GBPJPY.i	H1	192.755	192.800	193.077	193.049
2440	2025.05.23 16:00	GBPJPY.i	H1	192.507	192.670	192.991	193.036
2441	2025.05.23 17:00	GBPJPY.i	H1	192.511	192.545	192.895	193.023
2442	2025.05.23 18:00	GBPJPY.i	H1	192.624	192.535	192.818	193.010
2443	2025.05.23 19:00	GBPJPY.i	H1	192.854	192.612	192.775	193.002
2444	2025.05.23 20:00	GBPJPY.i	H1	192.883	192.727	192.765	192.998
2445	2025.05.23 21:00	GBPJPY.i	H1	192.818	192.770	192.764	192.994
2446	2025.05.23 22:00	GBPJPY.i	H1	192.840	192.794	192.767	192.990
2447	2025.05.23 23:00	GBPJPY.i	H1	192.973	192.852	192.781	192.987
2448	2025.05.26 00:00	GBPJPY.i	H1	192.637	192.762	192.770	192.981
2449	2025.05.26 01:00	GBPJPY.i	H1	193.254	192.943	192.804	192.978
2450	2025.05.26 02:00	GBPJPY.i	H1	193.356	193.158	192.878	192.986
2451	2025.05.26 03:00	GBPJPY.i	H1	193.317	193.294	192.966	192.996
2452	2025.05.26 04:00	GBPJPY.i	H1	193.393	193.394	193.058	193.006
2453	2025.05.26 05:00	GBPJPY.i	H1	193.326	193.419	193.135	193.016
2454	2025.05.26 06:00	GBPJPY.i	H1	193.440	193.479	193.211	193.026
2455	2025.05.26 07:00	GBPJPY.i	H1	193.636	193.581	193.295	193.040
2456	2025.05.26 08:00	GBPJPY.i	H1	193.663	193.688	193.387	193.057
2457	2025.05.26 09:00	GBPJPY.i	H1	193.760	193.807	193.488	193.076
2458	2025.05.26 10:00	GBPJPY.i	H1	193.860	193.878	193.584	193.097
2459	2025.05.26 11:00	GBPJPY.i	H1	193.825	193.894	193.665	193.117
2460	2025.05.26 12:00	GBPJPY.i	H1	193.751	193.891	193.729	193.136
2461	2025.05.26 13:00	GBPJPY.i	H1	193.751	193.858	193.773	193.153
2462	2025.05.26 14:00	GBPJPY.i	H1	193.805	193.851	193.809	193.170
2463	2025.05.26 15:00	GBPJPY.i	H1	193.810	193.841	193.835	193.187
2464	2025.05.26 16:00	GBPJPY.i	H1	193.780	193.821	193.853	193.204
2465	2025.05.26 17:00	GBPJPY.i	H1	193.655	193.756	193.852	193.218
2466	2025.05.26 18:00	GBPJPY.i	H1	193.745	193.718	193.844	193.231
2467	2025.05.26 19:00	GBPJPY.i	H1	193.591	193.676	193.827	193.243
2468	2025.05.26 20:00	GBPJPY.i	H1	193.612	193.620	193.801	193.253
2469	2025.05.26 21:00	GBPJPY.i	H1	193.607	193.600	193.776	193.263
2470	2025.05.26 22:00	GBPJPY.i	H1	193.655	193.597	193.755	193.273
2471	2025.05.26 23:00	GBPJPY.i	H1	193.718	193.628	193.743	193.284
2472	2025.05.27 00:00	GBPJPY.i	H1	193.551	193.597	193.726	193.294
2473	2025.05.27 01:00	GBPJPY.i	H1	193.551	193.563	193.703	193.302
2474	2025.05.27 02:00	GBPJPY.i	H1	193.480	193.526	193.675	193.309
2475	2025.05.27 03:00	GBPJPY.i	H1	193.248	193.399	193.623	193.312
2476	2025.05.27 04:00	GBPJPY.i	H1	193.132	193.250	193.547	193.309
2477	2025.05.27 05:00	GBPJPY.i	H1	193.199	193.165	193.468	193.305
2478	2025.05.27 06:00	GBPJPY.i	H1	193.281	193.167	193.405	193.303
2479	2025.05.27 07:00	GBPJPY.i	H1	193.641	193.300	193.386	193.305
2480	2025.05.27 08:00	GBPJPY.i	H1	194.182	193.639	193.445	193.318
2481	2025.05.27 09:00	GBPJPY.i	H1	194.354	193.967	193.564	193.341
2482	2025.05.27 10:00	GBPJPY.i	H1	194.407	194.252	193.718	193.369
2483	2025.05.27 11:00	GBPJPY.i	H1	194.745	194.522	193.898	193.401
2484	2025.05.27 12:00	GBPJPY.i	H1	194.939	194.807	194.103	193.439
2485	2025.05.27 13:00	GBPJPY.i	H1	195.186	195.066	194.322	193.482
2486	2025.05.27 14:00	GBPJPY.i	H1	195.225	195.270	194.542	193.529
2487	2025.05.27 15:00	GBPJPY.i	H1	195.320	195.434	194.754	193.577
2488	2025.05.27 16:00	GBPJPY.i	H1	195.242	195.455	194.927	193.624
2489	2025.05.27 17:00	GBPJPY.i	H1	195.218	195.511	195.080	193.670
2490	2025.05.27 18:00	GBPJPY.i	H1	194.947	195.370	195.172	193.712
2491	2025.05.27 19:00	GBPJPY.i	H1	195.013	195.253	195.222	193.749
2492	2025.05.27 20:00	GBPJPY.i	H1	194.954	195.135	195.238	193.783
2493	2025.05.27 21:00	GBPJPY.i	H1	194.925	195.047	195.234	193.815
2494	2025.05.27 22:00	GBPJPY.i	H1	194.906	194.973	195.216	193.845
2495	2025.05.27 23:00	GBPJPY.i	H1	194.963	194.943	195.196	193.875
2496	2025.05.28 00:00	GBPJPY.i	H1	194.850	194.885	195.166	193.904
2497	2025.05.28 01:00	GBPJPY.i	H1	194.812	194.829	195.129	193.930
2498	2025.05.28 02:00	GBPJPY.i	H1	194.777	194.800	195.092	193.955
2499	2025.05.28 03:00	GBPJPY.i	H1	194.786	194.715	195.041	193.978
2500	2025.05.28 04:00	GBPJPY.i	H1	194.761	194.782	195.014	194.001
2501	2025.05.28 05:00	GBPJPY.i	H1	194.947	194.794	194.993	194.026
2502	2025.05.28 06:00	GBPJPY.i	H1	194.634	194.760	194.965	194.048
2503	2025.05.28 07:00	GBPJPY.i	H1	194.566	194.654	194.916	194.065
2504	2025.05.28 08:00	GBPJPY.i	H1	194.478	194.596	194.863	194.080
2505	2025.05.28 09:00	GBPJPY.i	H1	194.792	194.597	194.819	194.095
2506	2025.05.28 10:00	GBPJPY.i	H1	194.580	194.588	194.781	194.111
2507	2025.05.28 11:00	GBPJPY.i	H1	194.588	194.559	194.742	194.125
2508	2025.05.28 12:00	GBPJPY.i	H1	194.849	194.633	194.726	194.140
2509	2025.05.28 13:00	GBPJPY.i	H1	194.682	194.668	194.720	194.157
2510	2025.05.28 14:00	GBPJPY.i	H1	194.666	194.637	194.705	194.171
2511	2025.05.28 15:00	GBPJPY.i	H1	194.645	194.618	194.688	194.184
2512	2025.05.28 16:00	GBPJPY.i	H1	195.117	194.788	194.713	194.201
2513	2025.05.28 17:00	GBPJPY.i	H1	195.121	194.935	194.764	194.224
2514	2025.05.28 18:00	GBPJPY.i	H1	195.226	195.090	194.838	194.249
2515	2025.05.28 19:00	GBPJPY.i	H1	195.269	195.225	194.926	194.276
2516	2025.05.28 20:00	GBPJPY.i	H1	195.150	195.264	195.002	194.303
2517	2025.05.28 21:00	GBPJPY.i	H1	195.085	195.230	195.055	194.327
2518	2025.05.28 22:00	GBPJPY.i	H1	195.101	195.209	195.092	194.348
2519	2025.05.28 23:00	GBPJPY.i	H1	195.116	195.184	195.118	194.369
2520	2025.05.29 00:00	GBPJPY.i	H1	194.971	195.088	195.117	194.388
2521	2025.05.29 01:00	GBPJPY.i	H1	195.127	195.087	195.119	194.405
2522	2025.05.29 02:00	GBPJPY.i	H1	195.673	195.325	195.175	194.430
2523	2025.05.29 03:00	GBPJPY.i	H1	196.183	195.689	195.303	194.468
2524	2025.05.29 04:00	GBPJPY.i	H1	195.988	195.928	195.455	194.512
2525	2025.05.29 05:00	GBPJPY.i	H1	195.846	195.980	195.585	194.552
2526	2025.05.29 06:00	GBPJPY.i	H1	195.819	195.973	195.685	194.587
2527	2025.05.29 07:00	GBPJPY.i	H1	195.872	195.980	195.767	194.622
2528	2025.05.29 08:00	GBPJPY.i	H1	196.049	196.044	195.847	194.659
2529	2025.05.29 09:00	GBPJPY.i	H1	195.901	196.039	195.911	194.695
2530	2025.05.29 10:00	GBPJPY.i	H1	195.578	195.903	195.931	194.726
2531	2025.05.29 11:00	GBPJPY.i	H1	195.531	195.745	195.913	194.751
2532	2025.05.29 12:00	GBPJPY.i	H1	195.595	195.637	195.876	194.773
2533	2025.05.29 13:00	GBPJPY.i	H1	195.375	195.518	195.820	194.793
2534	2025.05.29 14:00	GBPJPY.i	H1	195.291	195.362	195.742	194.808
2535	2025.05.29 15:00	GBPJPY.i	H1	195.001	195.171	195.636	194.818
2536	2025.05.29 16:00	GBPJPY.i	H1	194.786	194.954	195.504	194.823
2537	2025.05.29 17:00	GBPJPY.i	H1	194.695	194.749	195.352	194.821
2538	2025.05.29 18:00	GBPJPY.i	H1	194.352	194.508	195.176	194.815
2539	2025.05.29 19:00	GBPJPY.i	H1	194.495	194.385	195.008	194.805
2540	2025.05.29 20:00	GBPJPY.i	H1	194.419	194.322	194.860	194.796
2541	2025.05.29 21:00	GBPJPY.i	H1	194.373	194.271	194.728	194.786
2542	2025.05.29 22:00	GBPJPY.i	H1	194.508	194.280	194.623	194.776
2543	2025.05.29 23:00	GBPJPY.i	H1	194.502	194.328	194.547	194.768
2544	2025.05.30 00:00	GBPJPY.i	H1	194.347	194.297	194.477	194.759
2545	2025.05.30 01:00	GBPJPY.i	H1	194.325	194.274	194.413	194.748
2546	2025.05.30 02:00	GBPJPY.i	H1	194.054	194.194	194.342	194.734
2547	2025.05.30 03:00	GBPJPY.i	H1	194.042	194.097	194.262	194.717
2548	2025.05.30 04:00	GBPJPY.i	H1	194.004	193.977	194.172	194.698
2549	2025.05.30 05:00	GBPJPY.i	H1	193.906	193.907	194.085	194.676
2550	2025.05.30 06:00	GBPJPY.i	H1	193.787	193.830	193.999	194.654
2551	2025.05.30 07:00	GBPJPY.i	H1	193.679	193.723	193.906	194.630
2552	2025.05.30 08:00	GBPJPY.i	H1	193.867	193.736	193.838	194.606
2553	2025.05.30 09:00	GBPJPY.i	H1	193.884	193.795	193.797	194.586
2554	2025.05.30 10:00	GBPJPY.i	H1	194.120	193.886	193.785	194.569
2555	2025.05.30 11:00	GBPJPY.i	H1	193.974	193.960	193.791	194.554
2556	2025.05.30 12:00	GBPJPY.i	H1	194.027	194.013	193.808	194.540
2557	2025.05.30 13:00	GBPJPY.i	H1	193.901	193.981	193.815	194.525
2558	2025.05.30 14:00	GBPJPY.i	H1	193.837	193.958	193.815	194.508
2559	2025.05.30 15:00	GBPJPY.i	H1	193.917	193.869	193.797	194.489
2560	2025.05.30 16:00	GBPJPY.i	H1	193.681	193.833	193.777	194.469
2561	2025.05.30 17:00	GBPJPY.i	H1	194.507	194.043	193.812	194.457
2562	2025.05.30 18:00	GBPJPY.i	H1	194.171	194.179	193.871	194.452
2563	2025.05.30 19:00	GBPJPY.i	H1	193.693	194.048	193.888	194.441
2564	2025.05.30 20:00	GBPJPY.i	H1	193.716	193.917	193.873	194.423
2565	2025.05.30 21:00	GBPJPY.i	H1	193.785	193.856	193.850	194.405
2566	2025.05.30 22:00	GBPJPY.i	H1	193.836	193.850	193.833	194.389
2567	2025.05.30 23:00	GBPJPY.i	H1	193.749	193.789	193.808	194.372
2568	2025.06.02 00:00	GBPJPY.i	H1	193.385	193.606	193.748	194.350
2569	2025.06.02 01:00	GBPJPY.i	H1	193.671	193.572	193.695	194.327
2570	2025.06.02 02:00	GBPJPY.i	H1	193.660	193.592	193.659	194.308
2571	2025.06.02 03:00	GBPJPY.i	H1	193.609	193.608	193.635	194.290
2572	2025.06.02 04:00	GBPJPY.i	H1	193.520	193.585	193.611	194.272
2573	2025.06.02 05:00	GBPJPY.i	H1	193.551	193.574	193.589	194.253
2574	2025.06.02 06:00	GBPJPY.i	H1	193.501	193.540	193.565	194.234
2575	2025.06.02 07:00	GBPJPY.i	H1	193.618	193.550	193.548	194.215
2576	2025.06.02 08:00	GBPJPY.i	H1	193.538	193.544	193.533	194.197
2577	2025.06.02 09:00	GBPJPY.i	H1	193.797	193.615	193.539	194.182
2578	2025.06.02 10:00	GBPJPY.i	H1	193.605	193.652	193.551	194.168
2579	2025.06.02 11:00	GBPJPY.i	H1	193.572	193.619	193.553	194.153
2580	2025.06.02 12:00	GBPJPY.i	H1	193.552	193.582	193.547	194.136
2581	2025.06.02 13:00	GBPJPY.i	H1	193.224	193.461	193.515	194.117
2582	2025.06.02 14:00	GBPJPY.i	H1	193.229	193.320	193.459	194.093
2583	2025.06.02 15:00	GBPJPY.i	H1	193.425	193.328	193.419	194.071
2584	2025.06.02 16:00	GBPJPY.i	H1	193.308	193.307	193.383	194.052
2585	2025.06.02 17:00	GBPJPY.i	H1	193.355	193.269	193.347	194.031
2586	2025.06.02 18:00	GBPJPY.i	H1	193.420	193.326	193.331	194.012
2587	2025.06.02 19:00	GBPJPY.i	H1	193.278	193.324	193.318	193.994
2588	2025.06.02 20:00	GBPJPY.i	H1	193.299	193.301	193.302	193.976
2589	2025.06.02 21:00	GBPJPY.i	H1	193.381	193.309	193.292	193.957
2590	2025.06.02 22:00	GBPJPY.i	H1	193.317	193.313	193.285	193.940
2591	2025.06.02 23:00	GBPJPY.i	H1	193.243	193.297	193.276	193.922
2592	2025.06.03 00:00	GBPJPY.i	H1	193.166	193.212	193.249	193.902
2593	2025.06.03 01:00	GBPJPY.i	H1	193.104	193.161	193.218	193.881
2594	2025.06.03 02:00	GBPJPY.i	H1	193.084	193.118	193.184	193.860
2595	2025.06.03 03:00	GBPJPY.i	H1	193.332	193.177	193.172	193.841
2596	2025.06.03 04:00	GBPJPY.i	H1	193.698	193.383	193.209	193.830
2597	2025.06.03 05:00	GBPJPY.i	H1	193.498	193.502	193.265	193.824
2598	2025.06.03 06:00	GBPJPY.i	H1	193.526	193.541	193.317	193.816
2599	2025.06.03 07:00	GBPJPY.i	H1	193.314	193.496	193.347	193.806
2600	2025.06.03 08:00	GBPJPY.i	H1	193.326	193.427	193.356	193.793
2601	2025.06.03 09:00	GBPJPY.i	H1	193.355	193.428	193.365	193.781
2602	2025.06.03 10:00	GBPJPY.i	H1	193.096	193.282	193.340	193.767
2603	2025.06.03 11:00	GBPJPY.i	H1	192.996	193.107	193.282	193.746
2604	2025.06.03 12:00	GBPJPY.i	H1	193.069	193.060	193.228	193.726
2605	2025.06.03 13:00	GBPJPY.i	H1	193.207	193.079	193.192	193.709
2606	2025.06.03 14:00	GBPJPY.i	H1	193.203	193.123	193.173	193.694
2607	2025.06.03 15:00	GBPJPY.i	H1	193.668	193.297	193.198	193.685
2608	2025.06.03 16:00	GBPJPY.i	H1	193.932	193.587	193.282	193.685
2609	2025.06.03 17:00	GBPJPY.i	H1	194.506	193.992	193.439	193.697
2610	2025.06.03 18:00	GBPJPY.i	H1	194.607	194.370	193.646	193.718
2611	2025.06.03 19:00	GBPJPY.i	H1	194.643	194.633	193.866	193.743
2612	2025.06.03 20:00	GBPJPY.i	H1	194.588	194.763	194.068	193.769
2613	2025.06.03 21:00	GBPJPY.i	H1	194.627	194.804	194.238	193.792
2614	2025.06.03 22:00	GBPJPY.i	H1	194.723	194.859	194.386	193.816
2615	2025.06.03 23:00	GBPJPY.i	H1	194.617	194.848	194.504	193.840
2616	2025.06.04 00:00	GBPJPY.i	H1	194.441	194.719	194.571	193.859
2617	2025.06.04 01:00	GBPJPY.i	H1	194.647	194.710	194.626	193.878
2618	2025.06.04 02:00	GBPJPY.i	H1	194.593	194.712	194.673	193.898
2619	2025.06.04 03:00	GBPJPY.i	H1	194.773	194.737	194.718	193.920
2620	2025.06.04 04:00	GBPJPY.i	H1	194.572	194.742	194.756	193.942
2621	2025.06.04 05:00	GBPJPY.i	H1	194.627	194.697	194.775	193.962
2622	2025.06.04 06:00	GBPJPY.i	H1	194.712	194.701	194.792	193.981
2623	2025.06.04 07:00	GBPJPY.i	H1	194.915	194.779	194.823	194.003
2624	2025.06.04 08:00	GBPJPY.i	H1	194.831	194.822	194.856	194.027
2625	2025.06.04 09:00	GBPJPY.i	H1	194.751	194.787	194.872	194.048
2626	2025.06.04 10:00	GBPJPY.i	H1	194.932	194.808	194.889	194.068
2627	2025.06.04 11:00	GBPJPY.i	H1	194.824	194.857	194.912	194.090
2628	2025.06.04 12:00	GBPJPY.i	H1	195.037	194.906	194.940	194.113
2629	2025.06.04 13:00	GBPJPY.i	H1	195.085	194.994	194.980	194.138
2630	2025.06.04 14:00	GBPJPY.i	H1	194.966	195.013	195.014	194.163
2631	2025.06.04 15:00	GBPJPY.i	H1	194.416	194.798	194.989	194.180
2632	2025.06.04 16:00	GBPJPY.i	H1	194.513	194.654	194.937	194.190
2633	2025.06.04 17:00	GBPJPY.i	H1	194.328	194.436	194.847	194.196
2634	2025.06.04 18:00	GBPJPY.i	H1	193.913	194.190	194.720	194.195
2635	2025.06.04 19:00	GBPJPY.i	H1	193.579	193.855	194.543	194.185
2636	2025.06.04 20:00	GBPJPY.i	H1	193.615	193.628	194.353	194.170
2637	2025.06.04 21:00	GBPJPY.i	H1	193.625	193.510	194.175	194.154
2638	2025.06.04 22:00	GBPJPY.i	H1	193.552	193.435	194.016	194.139
2639	2025.06.04 23:00	GBPJPY.i	H1	193.427	193.351	193.869	194.122
2640	2025.06.05 00:00	GBPJPY.i	H1	193.364	193.283	193.734	194.103
2641	2025.06.05 01:00	GBPJPY.i	H1	193.458	193.277	193.622	194.084
2642	2025.06.05 02:00	GBPJPY.i	H1	193.401	193.267	193.529	194.065
2643	2025.06.05 03:00	GBPJPY.i	H1	193.445	193.298	193.459	194.047
2644	2025.06.05 04:00	GBPJPY.i	H1	193.616	193.384	193.420	194.032
2645	2025.06.05 05:00	GBPJPY.i	H1	193.582	193.443	193.400	194.019
2646	2025.06.05 06:00	GBPJPY.i	H1	193.681	193.529	193.402	194.007
2647	2025.06.05 07:00	GBPJPY.i	H1	193.765	193.631	193.426	193.998
2648	2025.06.05 08:00	GBPJPY.i	H1	193.895	193.753	193.471	193.993
2649	2025.06.05 09:00	GBPJPY.i	H1	194.033	193.904	193.541	193.991
2650	2025.06.05 10:00	GBPJPY.i	H1	194.380	194.129	193.647	193.994
2651	2025.06.05 11:00	GBPJPY.i	H1	194.388	194.337	193.779	194.004
2652	2025.06.05 12:00	GBPJPY.i	H1	194.274	194.398	193.896	194.014
2653	2025.06.05 13:00	GBPJPY.i	H1	194.297	194.433	193.998	194.022
2654	2025.06.05 14:00	GBPJPY.i	H1	194.421	194.475	194.091	194.031
2655	2025.06.05 15:00	GBPJPY.i	H1	194.681	194.591	194.195	194.043
2656	2025.06.05 16:00	GBPJPY.i	H1	194.546	194.661	194.294	194.058
2657	2025.06.05 17:00	GBPJPY.i	H1	194.980	194.828	194.414	194.077
2658	2025.06.05 18:00	GBPJPY.i	H1	195.393	195.121	194.578	194.105
2659	2025.06.05 19:00	GBPJPY.i	H1	195.004	195.230	194.732	194.136
2660	2025.06.05 20:00	GBPJPY.i	H1	195.252	195.302	194.871	194.165
2661	2025.06.05 21:00	GBPJPY.i	H1	195.041	195.271	194.975	194.191
2662	2025.06.05 22:00	GBPJPY.i	H1	195.033	195.195	195.043	194.215
2663	2025.06.05 23:00	GBPJPY.i	H1	194.818	195.097	195.077	194.235
2664	2025.06.06 00:00	GBPJPY.i	H1	194.773	194.967	195.077	194.252
2665	2025.06.06 01:00	GBPJPY.i	H1	194.869	194.896	195.063	194.267
2666	2025.06.06 02:00	GBPJPY.i	H1	194.929	194.884	195.052	194.284
2667	2025.06.06 03:00	GBPJPY.i	H1	195.159	194.973	195.063	194.303
2668	2025.06.06 04:00	GBPJPY.i	H1	195.016	195.025	195.084	194.325
2669	2025.06.06 05:00	GBPJPY.i	H1	195.183	195.082	195.111	194.347
2670	2025.06.06 06:00	GBPJPY.i	H1	195.111	195.106	195.136	194.369
2671	2025.06.06 07:00	GBPJPY.i	H1	195.259	195.163	195.167	194.391
2672	2025.06.06 08:00	GBPJPY.i	H1	195.174	195.197	195.198	194.413
2673	2025.06.06 09:00	GBPJPY.i	H1	195.156	195.181	195.216	194.435
2674	2025.06.06 10:00	GBPJPY.i	H1	194.929	195.082	195.207	194.452
2675	2025.06.06 11:00	GBPJPY.i	H1	195.025	195.013	195.184	194.466
2676	2025.06.06 12:00	GBPJPY.i	H1	195.102	195.023	195.168	194.481
2677	2025.06.06 13:00	GBPJPY.i	H1	195.225	195.079	195.168	194.499
2678	2025.06.06 14:00	GBPJPY.i	H1	195.343	195.187	195.190	194.519
2679	2025.06.06 15:00	GBPJPY.i	H1	195.768	195.385	195.252	194.545
2680	2025.06.06 16:00	GBPJPY.i	H1	195.929	195.655	195.359	194.578
2681	2025.06.06 17:00	GBPJPY.i	H1	195.993	195.884	195.493	194.616
2682	2025.06.06 18:00	GBPJPY.i	H1	196.028	196.026	195.628	194.655
2683	2025.06.06 19:00	GBPJPY.i	H1	195.977	196.089	195.747	194.693
2684	2025.06.06 20:00	GBPJPY.i	H1	195.951	196.080	195.839	194.728
2685	2025.06.06 21:00	GBPJPY.i	H1	195.973	196.090	195.915	194.762
2686	2025.06.06 22:00	GBPJPY.i	H1	195.925	196.059	195.968	194.795
2687	2025.06.06 23:00	GBPJPY.i	H1	195.877	196.012	196.002	194.826
2688	2025.06.09 00:00	GBPJPY.i	H1	195.825	195.926	196.009	194.855
2689	2025.06.09 01:00	GBPJPY.i	H1	195.845	195.882	196.007	194.881
2690	2025.06.09 02:00	GBPJPY.i	H1	195.867	195.860	196.001	194.908
2691	2025.06.09 03:00	GBPJPY.i	H1	196.114	195.916	196.009	194.936
2692	2025.06.09 04:00	GBPJPY.i	H1	195.900	195.932	196.018	194.964
2693	2025.06.09 05:00	GBPJPY.i	H1	195.887	195.892	196.014	194.990
2694	2025.06.09 06:00	GBPJPY.i	H1	195.809	195.848	196.000	195.014
2695	2025.06.09 07:00	GBPJPY.i	H1	195.695	195.774	195.972	195.035
2696	2025.06.09 08:00	GBPJPY.i	H1	195.782	195.746	195.942	195.054
2697	2025.06.09 09:00	GBPJPY.i	H1	195.667	195.697	195.906	195.073
2698	2025.06.09 10:00	GBPJPY.i	H1	195.526	195.614	195.858	195.089
2699	2025.06.09 11:00	GBPJPY.i	H1	195.661	195.576	195.810	195.102
2700	2025.06.09 12:00	GBPJPY.i	H1	195.568	195.544	195.763	195.116
2701	2025.06.09 13:00	GBPJPY.i	H1	195.481	195.495	195.714	195.128
2702	2025.06.09 14:00	GBPJPY.i	H1	195.951	195.613	195.701	195.142
2703	2025.06.09 15:00	GBPJPY.i	H1	195.776	195.691	195.706	195.161
2704	2025.06.09 16:00	GBPJPY.i	H1	195.815	195.741	195.719	195.178
2705	2025.06.09 17:00	GBPJPY.i	H1	195.880	195.785	195.737	195.196
2706	2025.06.09 18:00	GBPJPY.i	H1	195.799	195.810	195.756	195.213
2707	2025.06.09 19:00	GBPJPY.i	H1	195.779	195.812	195.770	195.230
2708	2025.06.09 20:00	GBPJPY.i	H1	195.856	195.826	195.784	195.246
2709	2025.06.09 21:00	GBPJPY.i	H1	196.059	195.911	195.814	195.264
2710	2025.06.09 22:00	GBPJPY.i	H1	195.991	195.976	195.853	195.284
2711	2025.06.09 23:00	GBPJPY.i	H1	195.917	195.985	195.884	195.303
2712	2025.06.10 00:00	GBPJPY.i	H1	195.634	195.863	195.881	195.318
2713	2025.06.10 01:00	GBPJPY.i	H1	195.962	195.866	195.881	195.331
2714	2025.06.10 02:00	GBPJPY.i	H1	195.943	195.902	195.889	195.346
2715	2025.06.10 03:00	GBPJPY.i	H1	195.890	195.917	195.900	195.363
2716	2025.06.10 04:00	GBPJPY.i	H1	196.205	196.009	195.929	195.380
2717	2025.06.10 05:00	GBPJPY.i	H1	196.205	196.148	195.984	195.403
2718	2025.06.10 06:00	GBPJPY.i	H1	196.144	196.177	196.032	195.425
2719	2025.06.10 07:00	GBPJPY.i	H1	196.210	196.202	196.075	195.445
2720	2025.06.10 08:00	GBPJPY.i	H1	195.727	196.053	196.075	195.461
2721	2025.06.10 09:00	GBPJPY.i	H1	194.938	195.639	195.981	195.463
2722	2025.06.10 10:00	GBPJPY.i	H1	194.998	195.254	195.823	195.452
2723	2025.06.10 11:00	GBPJPY.i	H1	195.094	195.074	195.661	195.439
2724	2025.06.10 12:00	GBPJPY.i	H1	195.199	195.026	195.524	195.430
2725	2025.06.10 13:00	GBPJPY.i	H1	195.307	195.059	195.423	195.424
2726	2025.06.10 14:00	GBPJPY.i	H1	195.270	195.063	195.342	195.419
2727	2025.06.10 15:00	GBPJPY.i	H1	195.372	195.126	195.290	195.414
2728	2025.06.10 16:00	GBPJPY.i	H1	195.593	195.289	195.283	195.414
2729	2025.06.10 17:00	GBPJPY.i	H1	195.686	195.484	195.319	195.420
2730	2025.06.10 18:00	GBPJPY.i	H1	195.737	195.611	195.372	195.428
2731	2025.06.10 19:00	GBPJPY.i	H1	195.687	195.698	195.432	195.436
2732	2025.06.10 20:00	GBPJPY.i	H1	195.665	195.731	195.485	195.444
2733	2025.06.10 21:00	GBPJPY.i	H1	195.610	195.711	195.523	195.450
2734	2025.06.10 22:00	GBPJPY.i	H1	195.647	195.698	195.550	195.455
2735	2025.06.10 23:00	GBPJPY.i	H1	195.558	195.672	195.567	195.459
2736	2025.06.11 00:00	GBPJPY.i	H1	195.443	195.581	195.561	195.461
2737	2025.06.11 01:00	GBPJPY.i	H1	195.734	195.612	195.566	195.463
2738	2025.06.11 02:00	GBPJPY.i	H1	195.645	195.666	195.584	195.469
2739	2025.06.11 03:00	GBPJPY.i	H1	195.530	195.621	195.588	195.474
2740	2025.06.11 04:00	GBPJPY.i	H1	195.412	195.554	195.577	195.475
2741	2025.06.11 05:00	GBPJPY.i	H1	195.392	195.487	195.554	195.474
2742	2025.06.11 06:00	GBPJPY.i	H1	195.501	195.461	195.531	195.473
2743	2025.06.11 07:00	GBPJPY.i	H1	195.542	195.468	195.516	195.473
2744	2025.06.11 08:00	GBPJPY.i	H1	195.580	195.521	195.516	195.475
2745	2025.06.11 09:00	GBPJPY.i	H1	195.441	195.527	195.517	195.478
2746	2025.06.11 10:00	GBPJPY.i	H1	195.671	195.565	195.526	195.480
2747	2025.06.11 11:00	GBPJPY.i	H1	195.755	195.648	195.552	195.486
2748	2025.06.11 12:00	GBPJPY.i	H1	195.823	195.716	195.587	195.493
2749	2025.06.11 13:00	GBPJPY.i	H1	195.886	195.809	195.636	195.502
2750	2025.06.11 14:00	GBPJPY.i	H1	196.056	195.921	195.700	195.513
2751	2025.06.11 15:00	GBPJPY.i	H1	195.658	195.902	195.744	195.524
2752	2025.06.11 16:00	GBPJPY.i	H1	196.084	195.937	195.789	195.533
2753	2025.06.11 17:00	GBPJPY.i	H1	196.045	196.026	195.844	195.546
2754	2025.06.11 18:00	GBPJPY.i	H1	195.850	195.999	195.882	195.558
2755	2025.06.11 19:00	GBPJPY.i	H1	195.953	195.964	195.905	195.567
2756	2025.06.11 20:00	GBPJPY.i	H1	196.014	195.991	195.931	195.578
2757	2025.06.11 21:00	GBPJPY.i	H1	195.767	195.910	195.933	195.586
2758	2025.06.11 22:00	GBPJPY.i	H1	195.800	195.843	195.920	195.592
2759	2025.06.11 23:00	GBPJPY.i	H1	195.875	195.848	195.913	195.598
2760	2025.06.12 00:00	GBPJPY.i	H1	195.719	195.765	195.888	195.603
2761	2025.06.12 01:00	GBPJPY.i	H1	195.696	195.715	195.858	195.605
2762	2025.06.12 02:00	GBPJPY.i	H1	195.614	195.660	195.821	195.607
2763	2025.06.12 03:00	GBPJPY.i	H1	195.657	195.633	195.787	195.608
2764	2025.06.12 04:00	GBPJPY.i	H1	195.571	195.565	195.743	195.608
2765	2025.06.12 05:00	GBPJPY.i	H1	195.388	195.484	195.690	195.605
2766	2025.06.12 06:00	GBPJPY.i	H1	195.452	195.440	195.637	195.601
2767	2025.06.12 07:00	GBPJPY.i	H1	195.509	195.451	195.598	195.598
2768	2025.06.12 08:00	GBPJPY.i	H1	195.299	195.380	195.549	195.594
2769	2025.06.12 09:00	GBPJPY.i	H1	194.967	195.174	195.463	195.582
2770	2025.06.12 10:00	GBPJPY.i	H1	194.854	195.008	195.357	195.566
2771	2025.06.12 11:00	GBPJPY.i	H1	195.072	194.926	195.255	195.548
2772	2025.06.12 12:00	GBPJPY.i	H1	195.108	194.943	195.179	195.534
2773	2025.06.12 13:00	GBPJPY.i	H1	195.073	194.927	195.113	195.520
2774	2025.06.12 14:00	GBPJPY.i	H1	195.209	194.999	195.077	195.508
2775	2025.06.12 15:00	GBPJPY.i	H1	195.020	195.008	195.048	195.497
2776	2025.06.12 16:00	GBPJPY.i	H1	195.049	195.005	195.023	195.485
2777	2025.06.12 17:00	GBPJPY.i	H1	195.395	195.146	195.035	195.476
2778	2025.06.12 18:00	GBPJPY.i	H1	195.166	195.213	195.058	195.471
2779	2025.06.12 19:00	GBPJPY.i	H1	195.188	195.207	195.074	195.464
2780	2025.06.12 20:00	GBPJPY.i	H1	195.087	195.198	195.085	195.456
2781	2025.06.12 21:00	GBPJPY.i	H1	195.134	195.172	195.088	195.447
2782	2025.06.12 22:00	GBPJPY.i	H1	195.299	195.216	195.101	195.440
2783	2025.06.12 23:00	GBPJPY.i	H1	195.321	195.294	195.131	195.436
2784	2025.06.13 00:00	GBPJPY.i	H1	195.367	195.316	195.159	195.433
2785	2025.06.13 01:00	GBPJPY.i	H1	195.335	195.347	195.190	195.430
2786	2025.06.13 02:00	GBPJPY.i	H1	195.009	195.254	195.193	195.424
2787	2025.06.13 03:00	GBPJPY.i	H1	194.102	194.815	195.097	195.405
2788	2025.06.13 04:00	GBPJPY.i	H1	194.217	194.432	194.937	195.372
2789	2025.06.13 05:00	GBPJPY.i	H1	193.968	194.141	194.750	195.336
2790	2025.06.13 06:00	GBPJPY.i	H1	194.477	194.148	194.607	195.304
2791	2025.06.13 07:00	GBPJPY.i	H1	194.420	194.187	194.504	195.278
2792	2025.06.13 08:00	GBPJPY.i	H1	194.329	194.244	194.434	195.254
2793	2025.06.13 09:00	GBPJPY.i	H1	194.464	194.264	194.380	195.231
2794	2025.06.13 10:00	GBPJPY.i	H1	194.973	194.487	194.387	195.213
2795	2025.06.13 11:00	GBPJPY.i	H1	194.967	194.719	194.443	195.204
2796	2025.06.13 12:00	GBPJPY.i	H1	195.185	194.947	194.536	195.200
2797	2025.06.13 13:00	GBPJPY.i	H1	195.373	195.158	194.655	195.200
2798	2025.06.13 14:00	GBPJPY.i	H1	195.137	195.261	194.770	195.201
2799	2025.06.13 15:00	GBPJPY.i	H1	195.288	195.297	194.870	195.201
2800	2025.06.13 16:00	GBPJPY.i	H1	195.119	195.304	194.951	195.201
2801	2025.06.13 17:00	GBPJPY.i	H1	195.647	195.435	195.048	195.204
2802	2025.06.13 18:00	GBPJPY.i	H1	195.786	195.677	195.182	195.216
2803	2025.06.13 19:00	GBPJPY.i	H1	195.807	195.819	195.322	195.232
2804	2025.06.13 20:00	GBPJPY.i	H1	195.722	195.860	195.442	195.247
2805	2025.06.13 21:00	GBPJPY.i	H1	195.238	195.700	195.503	195.255
2806	2025.06.13 22:00	GBPJPY.i	H1	195.322	195.518	195.512	195.257
2807	2025.06.13 23:00	GBPJPY.i	H1	195.533	195.508	195.522	195.259
2808	2025.06.16 00:00	GBPJPY.i	H1	195.427	195.431	195.515	195.263
2809	2025.06.16 01:00	GBPJPY.i	H1	195.828	195.579	195.546	195.271
2810	2025.06.16 02:00	GBPJPY.i	H1	195.870	195.749	195.609	195.286
2811	2025.06.16 03:00	GBPJPY.i	H1	195.608	195.749	195.658	195.300
2812	2025.06.16 04:00	GBPJPY.i	H1	195.551	195.665	195.676	195.309
2813	2025.06.16 05:00	GBPJPY.i	H1	195.574	195.637	195.685	195.316
2814	2025.06.16 06:00	GBPJPY.i	H1	195.571	195.597	195.683	195.323
2815	2025.06.16 07:00	GBPJPY.i	H1	195.487	195.550	195.670	195.329
2816	2025.06.16 08:00	GBPJPY.i	H1	195.513	195.510	195.652	195.334
2817	2025.06.16 09:00	GBPJPY.i	H1	195.953	195.631	195.664	195.342
2818	2025.06.16 10:00	GBPJPY.i	H1	195.860	195.789	195.709	195.357
2819	2025.06.16 11:00	GBPJPY.i	H1	195.891	195.849	195.756	195.372
2820	2025.06.16 12:00	GBPJPY.i	H1	195.785	195.862	195.794	195.386
2821	2025.06.16 13:00	GBPJPY.i	H1	195.622	195.793	195.807	195.396
2822	2025.06.16 14:00	GBPJPY.i	H1	195.676	195.737	195.804	195.404
2823	2025.06.16 15:00	GBPJPY.i	H1	195.719	195.749	195.805	195.412
2824	2025.06.16 16:00	GBPJPY.i	H1	195.747	195.733	195.802	195.421
2825	2025.06.16 17:00	GBPJPY.i	H1	195.850	195.768	195.807	195.431
2826	2025.06.16 18:00	GBPJPY.i	H1	195.980	195.837	195.826	195.443
2827	2025.06.16 19:00	GBPJPY.i	H1	196.192	195.987	195.875	195.459
2828	2025.06.16 20:00	GBPJPY.i	H1	196.293	196.154	195.950	195.480
2829	2025.06.16 21:00	GBPJPY.i	H1	196.599	196.360	196.054	195.505
2830	2025.06.16 22:00	GBPJPY.i	H1	196.640	196.539	196.175	195.534
2831	2025.06.16 23:00	GBPJPY.i	H1	196.538	196.625	196.289	195.564
2832	2025.06.17 00:00	GBPJPY.i	H1	196.410	196.574	196.366	195.589
2833	2025.06.17 01:00	GBPJPY.i	H1	196.294	196.519	196.415	195.611
2834	2025.06.17 02:00	GBPJPY.i	H1	196.307	196.471	196.444	195.632
2835	2025.06.17 03:00	GBPJPY.i	H1	196.798	196.570	196.492	195.656
2836	2025.06.17 04:00	GBPJPY.i	H1	196.556	196.619	196.542	195.682
2837	2025.06.17 05:00	GBPJPY.i	H1	196.686	196.649	196.587	195.709
2838	2025.06.17 06:00	GBPJPY.i	H1	196.358	196.575	196.606	195.732
2839	2025.06.17 07:00	GBPJPY.i	H1	196.249	196.418	196.586	195.748
2840	2025.06.17 08:00	GBPJPY.i	H1	196.288	196.339	196.552	195.763
2841	2025.06.17 09:00	GBPJPY.i	H1	196.503	196.368	196.533	195.779
2842	2025.06.17 10:00	GBPJPY.i	H1	196.054	196.278	196.497	195.794
2843	2025.06.17 11:00	GBPJPY.i	H1	196.308	196.227	196.456	195.806
2844	2025.06.17 12:00	GBPJPY.i	H1	196.147	196.211	196.420	195.818
2845	2025.06.17 13:00	GBPJPY.i	H1	196.172	196.177	196.382	195.830
2846	2025.06.17 14:00	GBPJPY.i	H1	196.119	196.117	196.336	195.839
2847	2025.06.17 15:00	GBPJPY.i	H1	196.249	196.102	196.296	195.847
2848	2025.06.17 16:00	GBPJPY.i	H1	196.228	196.146	196.273	195.856
2849	2025.06.17 17:00	GBPJPY.i	H1	196.173	196.120	196.246	195.866
2850	2025.06.17 18:00	GBPJPY.i	H1	196.004	196.050	196.208	195.871
2851	2025.06.17 19:00	GBPJPY.i	H1	195.629	195.865	196.134	195.871
2852	2025.06.17 20:00	GBPJPY.i	H1	195.279	195.580	196.010	195.862
2853	2025.06.17 21:00	GBPJPY.i	H1	195.194	195.329	195.856	195.846
2854	2025.06.17 22:00	GBPJPY.i	H1	194.969	195.101	195.684	195.826
2855	2025.06.17 23:00	GBPJPY.i	H1	195.075	194.963	195.517	195.804
2856	2025.06.18 00:00	GBPJPY.i	H1	194.869	194.850	195.359	195.781
2857	2025.06.18 01:00	GBPJPY.i	H1	195.154	194.856	195.234	195.759
2858	2025.06.18 02:00	GBPJPY.i	H1	195.227	194.944	195.153	195.741
2859	2025.06.18 03:00	GBPJPY.i	H1	195.178	195.017	195.103	195.726
2860	2025.06.18 04:00	GBPJPY.i	H1	195.067	195.030	195.063	195.710
2861	2025.06.18 05:00	GBPJPY.i	H1	194.980	194.998	195.021	195.692
2862	2025.06.18 06:00	GBPJPY.i	H1	194.946	194.968	194.981	195.673
2863	2025.06.18 07:00	GBPJPY.i	H1	194.955	194.932	194.940	195.653
2864	2025.06.18 08:00	GBPJPY.i	H1	194.954	194.902	194.901	195.633
2865	2025.06.18 09:00	GBPJPY.i	H1	195.073	194.972	194.887	195.615
2866	2025.06.18 10:00	GBPJPY.i	H1	195.092	195.048	194.894	195.601
2867	2025.06.18 11:00	GBPJPY.i	H1	195.017	195.091	194.909	195.588
2868	2025.06.18 12:00	GBPJPY.i	H1	195.132	195.124	194.929	195.575
2869	2025.06.18 13:00	GBPJPY.i	H1	194.659	194.996	194.916	195.558
2870	2025.06.18 14:00	GBPJPY.i	H1	194.832	194.902	194.886	195.537
2871	2025.06.18 15:00	GBPJPY.i	H1	194.834	194.875	194.860	195.518
2872	2025.06.18 16:00	GBPJPY.i	H1	194.713	194.782	194.819	195.497
2873	2025.06.18 17:00	GBPJPY.i	H1	194.788	194.784	194.790	195.477
2874	2025.06.18 18:00	GBPJPY.i	H1	194.731	194.755	194.762	195.458
2875	2025.06.18 19:00	GBPJPY.i	H1	194.691	194.719	194.733	195.437
2876	2025.06.18 20:00	GBPJPY.i	H1	194.586	194.659	194.697	195.416
2877	2025.06.18 21:00	GBPJPY.i	H1	194.575	194.573	194.650	195.393
2878	2025.06.18 22:00	GBPJPY.i	H1	194.600	194.565	194.613	195.370
2879	2025.06.18 23:00	GBPJPY.i	H1	194.726	194.618	194.596	195.350
2880	2025.06.19 00:00	GBPJPY.i	H1	194.657	194.600	194.579	195.331
2881	2025.06.19 01:00	GBPJPY.i	H1	194.597	194.607	194.568	195.311
2882	2025.06.19 02:00	GBPJPY.i	H1	194.437	194.550	194.546	195.290
2883	2025.06.19 03:00	GBPJPY.i	H1	194.362	194.447	194.506	195.266
2884	2025.06.19 04:00	GBPJPY.i	H1	194.410	194.351	194.454	195.240
2885	2025.06.19 05:00	GBPJPY.i	H1	194.482	194.366	194.417	195.216
2886	2025.06.19 06:00	GBPJPY.i	H1	194.501	194.412	194.400	195.195
2887	2025.06.19 07:00	GBPJPY.i	H1	194.504	194.445	194.394	195.176
2888	2025.06.19 08:00	GBPJPY.i	H1	194.372	194.430	194.385	195.156
2889	2025.06.19 09:00	GBPJPY.i	H1	194.746	194.517	194.399	195.138
2890	2025.06.19 10:00	GBPJPY.i	H1	194.849	194.688	194.449	195.127
2891	2025.06.19 11:00	GBPJPY.i	H1	195.071	194.853	194.526	195.121
2892	2025.06.19 12:00	GBPJPY.i	H1	195.192	195.045	194.629	195.119
2893	2025.06.19 13:00	GBPJPY.i	H1	195.601	195.334	194.777	195.125
2894	2025.06.19 14:00	GBPJPY.i	H1	195.883	195.605	194.954	195.139
2895	2025.06.19 15:00	GBPJPY.i	H1	195.625	195.763	195.130	195.155
2896	2025.06.19 16:00	GBPJPY.i	H1	195.381	195.697	195.254	195.166
2897	2025.06.19 17:00	GBPJPY.i	H1	195.628	195.701	195.355	195.175
2898	2025.06.19 18:00	GBPJPY.i	H1	195.587	195.725	195.444	195.186
2899	2025.06.19 19:00	GBPJPY.i	H1	195.616	195.723	195.518	195.198
2900	2025.06.19 20:00	GBPJPY.i	H1	195.754	195.762	195.587	195.210
2901	2025.06.19 21:00	GBPJPY.i	H1	195.796	195.816	195.656	195.225
2902	2025.06.19 22:00	GBPJPY.i	H1	195.879	195.861	195.723	195.241
2903	2025.06.19 23:00	GBPJPY.i	H1	195.874	195.901	195.786	195.258
2904	2025.06.20 00:00	GBPJPY.i	H1	195.726	195.843	195.822	195.273
2905	2025.06.20 01:00	GBPJPY.i	H1	195.921	195.885	195.862	195.288
2906	2025.06.20 02:00	GBPJPY.i	H1	195.715	195.853	195.886	195.303
2907	2025.06.20 03:00	GBPJPY.i	H1	195.910	195.856	195.906	195.317
2908	2025.06.20 04:00	GBPJPY.i	H1	195.898	195.888	195.929	195.333
2909	2025.06.20 05:00	GBPJPY.i	H1	195.886	195.901	195.949	195.349
2910	2025.06.20 06:00	GBPJPY.i	H1	196.085	195.964	195.979	195.366
2911	2025.06.20 07:00	GBPJPY.i	H1	196.153	196.058	196.022	195.385
2912	2025.06.20 08:00	GBPJPY.i	H1	196.286	196.171	196.081	195.408
2913	2025.06.20 09:00	GBPJPY.i	H1	195.786	196.087	196.106	195.427
2914	2025.06.20 10:00	GBPJPY.i	H1	195.959	196.002	196.105	195.441
2915	2025.06.20 11:00	GBPJPY.i	H1	196.060	195.994	196.103	195.454
2916	2025.06.20 12:00	GBPJPY.i	H1	196.119	196.020	196.107	195.470
2917	2025.06.20 13:00	GBPJPY.i	H1	196.273	196.107	196.129	195.489
2918	2025.06.20 14:00	GBPJPY.i	H1	196.513	196.266	196.182	195.511
2919	2025.06.20 15:00	GBPJPY.i	H1	196.566	196.408	196.253	195.538
2920	2025.06.20 16:00	GBPJPY.i	H1	196.575	196.537	196.337	195.566
2921	2025.06.20 17:00	GBPJPY.i	H1	196.473	196.546	196.403	195.593
2922	2025.06.20 18:00	GBPJPY.i	H1	196.482	196.551	196.455	195.617
2923	2025.06.20 19:00	GBPJPY.i	H1	196.456	196.553	196.496	195.642
2924	2025.06.20 20:00	GBPJPY.i	H1	196.498	196.539	196.526	195.665
2925	2025.06.20 21:00	GBPJPY.i	H1	196.550	196.560	196.554	195.689
2926	2025.06.20 22:00	GBPJPY.i	H1	196.549	196.580	196.581	195.713
2927	2025.06.20 23:00	GBPJPY.i	H1	196.428	196.526	196.589	195.735
2928	2025.06.23 00:00	GBPJPY.i	H1	196.359	196.477	196.585	195.754
2929	2025.06.23 01:00	GBPJPY.i	H1	196.529	196.460	196.578	195.773
2930	2025.06.23 02:00	GBPJPY.i	H1	196.432	196.461	196.572	195.792
2931	2025.06.23 03:00	GBPJPY.i	H1	196.563	196.465	196.567	195.811
2932	2025.06.23 04:00	GBPJPY.i	H1	196.860	196.607	196.595	195.834
2933	2025.06.23 05:00	GBPJPY.i	H1	196.763	196.696	196.636	195.860
2934	2025.06.23 06:00	GBPJPY.i	H1	196.824	196.770	196.682	195.886
2935	2025.06.23 07:00	GBPJPY.i	H1	197.097	196.926	196.753	195.915
2936	2025.06.23 08:00	GBPJPY.i	H1	197.575	197.230	196.877	195.952
2937	2025.06.23 09:00	GBPJPY.i	H1	197.745	197.559	197.048	195.998
2938	2025.06.23 10:00	GBPJPY.i	H1	198.013	197.812	197.237	196.049
2939	2025.06.23 11:00	GBPJPY.i	H1	198.004	198.035	197.435	196.102
2940	2025.06.23 12:00	GBPJPY.i	H1	197.913	198.092	197.603	196.155
2941	2025.06.23 13:00	GBPJPY.i	H1	198.000	198.125	197.744	196.204
2942	2025.06.23 14:00	GBPJPY.i	H1	197.683	198.016	197.832	196.250
2943	2025.06.23 15:00	GBPJPY.i	H1	197.414	197.802	197.855	196.287
2944	2025.06.23 16:00	GBPJPY.i	H1	197.755	197.735	197.862	196.322
2945	2025.06.23 17:00	GBPJPY.i	H1	197.681	197.719	197.866	196.359
2946	2025.06.23 18:00	GBPJPY.i	H1	197.572	197.676	197.861	196.395
2947	2025.06.23 19:00	GBPJPY.i	H1	197.470	197.567	197.832	196.427
2948	2025.06.23 20:00	GBPJPY.i	H1	197.687	197.590	197.814	196.459
2949	2025.06.23 21:00	GBPJPY.i	H1	197.612	197.574	197.796	196.491
2950	2025.06.23 22:00	GBPJPY.i	H1	197.689	197.595	197.784	196.523
2951	2025.06.23 23:00	GBPJPY.i	H1	197.635	197.597	197.773	196.554
2952	2025.06.24 00:00	GBPJPY.i	H1	197.497	197.535	197.748	196.582
2953	2025.06.24 01:00	GBPJPY.i	H1	197.564	197.517	197.722	196.608
2954	2025.06.24 02:00	GBPJPY.i	H1	197.653	197.534	197.703	196.635
2955	2025.06.24 03:00	GBPJPY.i	H1	197.269	197.447	197.667	196.659
2956	2025.06.24 04:00	GBPJPY.i	H1	197.247	197.329	197.609	196.677
2957	2025.06.24 05:00	GBPJPY.i	H1	197.218	197.224	197.538	196.692
2958	2025.06.24 06:00	GBPJPY.i	H1	197.237	197.157	197.467	196.706
2959	2025.06.24 07:00	GBPJPY.i	H1	197.256	197.154	197.408	196.720
2960	2025.06.24 08:00	GBPJPY.i	H1	197.166	197.146	197.358	196.734
2961	2025.06.24 09:00	GBPJPY.i	H1	197.199	197.137	197.315	196.747
2962	2025.06.24 10:00	GBPJPY.i	H1	197.339	197.151	197.281	196.760
2963	2025.06.24 11:00	GBPJPY.i	H1	197.330	197.180	197.260	196.773
2964	2025.06.24 12:00	GBPJPY.i	H1	197.289	197.257	197.259	196.788
2965	2025.06.24 13:00	GBPJPY.i	H1	197.451	197.316	197.270	196.804
2966	2025.06.24 14:00	GBPJPY.i	H1	197.345	197.361	197.287	196.821
2967	2025.06.24 15:00	GBPJPY.i	H1	197.197	197.320	197.290	196.835
2968	2025.06.24 16:00	GBPJPY.i	H1	197.251	197.281	197.283	196.846
2969	2025.06.24 17:00	GBPJPY.i	H1	197.163	197.207	197.261	196.855
2970	2025.06.24 18:00	GBPJPY.i	H1	197.265	197.200	197.242	196.864
2971	2025.06.24 19:00	GBPJPY.i	H1	197.162	197.196	197.228	196.874
2972	2025.06.24 20:00	GBPJPY.i	H1	197.342	197.224	197.222	196.884
2973	2025.06.24 21:00	GBPJPY.i	H1	197.222	197.230	197.220	196.894
2974	2025.06.24 22:00	GBPJPY.i	H1	197.173	197.212	197.213	196.903
2975	2025.06.24 23:00	GBPJPY.i	H1	197.264	197.220	197.210	196.912
2976	2025.06.25 00:00	GBPJPY.i	H1	196.997	197.153	197.193	196.918
2977	2025.06.25 01:00	GBPJPY.i	H1	197.295	197.173	197.184	196.925
2978	2025.06.25 02:00	GBPJPY.i	H1	197.321	197.219	197.188	196.934
2979	2025.06.25 03:00	GBPJPY.i	H1	197.291	197.265	197.201	196.944
2980	2025.06.25 04:00	GBPJPY.i	H1	197.145	197.225	197.202	196.952
2981	2025.06.25 05:00	GBPJPY.i	H1	197.211	197.206	197.199	196.958
2982	2025.06.25 06:00	GBPJPY.i	H1	197.340	197.250	197.207	196.966
2983	2025.06.25 07:00	GBPJPY.i	H1	197.352	197.287	197.221	196.975
2984	2025.06.25 08:00	GBPJPY.i	H1	197.581	197.418	197.263	196.988
2985	2025.06.25 09:00	GBPJPY.i	H1	197.982	197.647	197.348	197.007
2986	2025.06.25 10:00	GBPJPY.i	H1	197.826	197.802	197.449	197.031
2987	2025.06.25 11:00	GBPJPY.i	H1	198.161	197.977	197.568	197.056
2988	2025.06.25 12:00	GBPJPY.i	H1	198.238	198.147	197.700	197.086
2989	2025.06.25 13:00	GBPJPY.i	H1	198.272	198.268	197.831	197.117
2990	2025.06.25 14:00	GBPJPY.i	H1	198.318	198.374	197.960	197.149
2991	2025.06.25 15:00	GBPJPY.i	H1	198.322	198.401	198.068	197.181
2992	2025.06.25 16:00	GBPJPY.i	H1	198.494	198.497	198.177	197.214
2993	2025.06.25 17:00	GBPJPY.i	H1	198.505	198.531	198.273	197.248
2994	2025.06.25 18:00	GBPJPY.i	H1	198.363	198.515	198.346	197.281
2995	2025.06.25 19:00	GBPJPY.i	H1	198.399	198.497	198.402	197.311
2996	2025.06.25 20:00	GBPJPY.i	H1	198.456	198.494	198.447	197.342
2997	2025.06.25 21:00	GBPJPY.i	H1	198.315	198.448	198.473	197.371
2998	2025.06.25 22:00	GBPJPY.i	H1	198.473	198.448	198.495	197.399
2999	2025.06.25 23:00	GBPJPY.i	H1	198.448	198.475	198.519	197.428
3000	2025.06.26 00:00	GBPJPY.i	H1	198.176	198.337	198.505	197.453
3001	2025.06.26 01:00	GBPJPY.i	H1	198.468	198.342	198.497	197.476
3002	2025.06.26 02:00	GBPJPY.i	H1	198.384	198.351	198.491	197.501
3003	2025.06.26 03:00	GBPJPY.i	H1	198.075	198.268	198.467	197.523
3004	2025.06.26 04:00	GBPJPY.i	H1	198.149	198.191	198.429	197.541
3005	2025.06.26 05:00	GBPJPY.i	H1	198.316	198.200	198.401	197.560
3006	2025.06.26 06:00	GBPJPY.i	H1	198.513	198.297	198.399	197.582
3007	2025.06.26 07:00	GBPJPY.i	H1	198.356	198.344	198.406	197.605
3008	2025.06.26 08:00	GBPJPY.i	H1	198.290	198.338	198.408	197.627
3009	2025.06.26 09:00	GBPJPY.i	H1	197.972	198.197	198.375	197.643
3010	2025.06.26 10:00	GBPJPY.i	H1	197.895	198.020	198.307	197.652
3011	2025.06.26 11:00	GBPJPY.i	H1	197.888	197.913	198.230	197.658
3012	2025.06.26 12:00	GBPJPY.i	H1	198.008	197.890	198.164	197.665
3013	2025.06.26 13:00	GBPJPY.i	H1	197.965	197.908	198.115	197.674
3014	2025.06.26 14:00	GBPJPY.i	H1	197.919	197.878	198.068	197.682
3015	2025.06.26 15:00	GBPJPY.i	H1	197.958	197.871	198.027	197.689
3016	2025.06.26 16:00	GBPJPY.i	H1	198.186	197.958	198.013	197.698
3017	2025.06.26 17:00	GBPJPY.i	H1	198.310	198.112	198.036	197.712
3018	2025.06.26 18:00	GBPJPY.i	H1	198.494	198.275	198.088	197.730
3019	2025.06.26 19:00	GBPJPY.i	H1	198.407	198.367	198.148	197.749
3020	2025.06.26 20:00	GBPJPY.i	H1	198.370	198.407	198.203	197.767
3021	2025.06.26 21:00	GBPJPY.i	H1	198.250	198.386	198.240	197.783
3022	2025.06.26 22:00	GBPJPY.i	H1	198.256	198.340	198.260	197.796
3023	2025.06.26 23:00	GBPJPY.i	H1	198.184	198.298	198.267	197.808
3024	2025.06.27 00:00	GBPJPY.i	H1	198.083	198.191	198.250	197.817
3025	2025.06.27 01:00	GBPJPY.i	H1	198.347	198.234	198.247	197.827
3026	2025.06.27 02:00	GBPJPY.i	H1	198.570	198.348	198.273	197.842
3027	2025.06.27 03:00	GBPJPY.i	H1	198.610	198.498	198.326	197.862
3028	2025.06.27 04:00	GBPJPY.i	H1	198.211	198.461	198.359	197.880
3029	2025.06.27 05:00	GBPJPY.i	H1	198.351	198.400	198.371	197.892
3030	2025.06.27 06:00	GBPJPY.i	H1	198.426	198.417	198.385	197.905
3031	2025.06.27 07:00	GBPJPY.i	H1	198.351	198.408	198.395	197.919
3032	2025.06.27 08:00	GBPJPY.i	H1	198.235	198.349	198.389	197.930
3033	2025.06.27 09:00	GBPJPY.i	H1	198.290	198.291	198.372	197.939
3034	2025.06.27 10:00	GBPJPY.i	H1	198.511	198.349	198.373	197.950
3035	2025.06.27 11:00	GBPJPY.i	H1	198.480	198.397	198.384	197.964
3036	2025.06.27 12:00	GBPJPY.i	H1	198.520	198.428	198.400	197.977
3037	2025.06.27 13:00	GBPJPY.i	H1	198.358	198.439	198.414	197.990
3038	2025.06.27 14:00	GBPJPY.i	H1	198.494	198.462	198.429	198.003
3039	2025.06.27 15:00	GBPJPY.i	H1	198.475	198.479	198.446	198.016
3040	2025.06.27 16:00	GBPJPY.i	H1	198.571	198.528	198.469	198.030
3041	2025.06.27 17:00	GBPJPY.i	H1	198.705	198.573	198.498	198.045
3042	2025.06.27 18:00	GBPJPY.i	H1	198.541	198.579	198.521	198.060
3043	2025.06.27 19:00	GBPJPY.i	H1	198.269	198.476	198.516	198.071
3044	2025.06.27 20:00	GBPJPY.i	H1	198.173	198.359	198.486	198.077
3045	2025.06.27 21:00	GBPJPY.i	H1	198.189	198.238	198.435	198.080
3046	2025.06.27 22:00	GBPJPY.i	H1	198.407	198.258	198.401	198.085
3047	2025.06.27 23:00	GBPJPY.i	H1	198.394	198.281	198.380	198.092
3048	2025.06.30 00:00	GBPJPY.i	H1	198.069	198.110	198.322	198.093
3049	2025.06.30 01:00	GBPJPY.i	H1	198.289	198.139	198.284	198.094
3050	2025.06.30 02:00	GBPJPY.i	H1	198.233	198.164	198.260	198.098
3051	2025.06.30 03:00	GBPJPY.i	H1	198.328	198.229	198.254	198.103
3052	2025.06.30 04:00	GBPJPY.i	H1	198.013	198.170	198.234	198.106
3053	2025.06.30 05:00	GBPJPY.i	H1	197.925	198.022	198.184	198.104
3054	2025.06.30 06:00	GBPJPY.i	H1	197.762	197.893	198.115	198.097
3055	2025.06.30 07:00	GBPJPY.i	H1	197.622	197.740	198.026	198.087
3056	2025.06.30 08:00	GBPJPY.i	H1	197.556	197.606	197.926	198.073
3057	2025.06.30 09:00	GBPJPY.i	H1	197.616	197.548	197.835	198.060
3058	2025.06.30 10:00	GBPJPY.i	H1	197.486	197.442	197.738	198.045
3059	2025.06.30 11:00	GBPJPY.i	H1	197.428	197.373	197.645	198.028
3060	2025.06.30 12:00	GBPJPY.i	H1	197.556	197.382	197.574	198.012
3061	2025.06.30 13:00	GBPJPY.i	H1	197.543	197.401	197.520	197.998
3062	2025.06.30 14:00	GBPJPY.i	H1	197.810	197.526	197.506	197.987
3063	2025.06.30 15:00	GBPJPY.i	H1	197.810	197.638	197.518	197.981
3064	2025.06.30 16:00	GBPJPY.i	H1	197.567	197.640	197.525	197.973
3065	2025.06.30 17:00	GBPJPY.i	H1	197.942	197.724	197.550	197.966
3066	2025.06.30 18:00	GBPJPY.i	H1	197.792	197.776	197.581	197.961
3067	2025.06.30 19:00	GBPJPY.i	H1	197.788	197.792	197.609	197.956
3068	2025.06.30 20:00	GBPJPY.i	H1	197.750	197.790	197.631	197.950
3069	2025.06.30 21:00	GBPJPY.i	H1	197.815	197.813	197.656	197.945
3070	2025.06.30 22:00	GBPJPY.i	H1	197.698	197.796	197.672	197.941
3071	2025.06.30 23:00	GBPJPY.i	H1	197.758	197.769	197.680	197.935
3072	2025.07.01 00:00	GBPJPY.i	H1	197.597	197.698	197.672	197.927
3073	2025.07.01 01:00	GBPJPY.i	H1	197.616	197.666	197.661	197.918
3074	2025.07.01 02:00	GBPJPY.i	H1	197.457	197.587	197.635	197.909
3075	2025.07.01 03:00	GBPJPY.i	H1	197.267	197.449	197.584	197.895
3076	2025.07.01 04:00	GBPJPY.i	H1	197.385	197.362	197.527	197.879
3077	2025.07.01 05:00	GBPJPY.i	H1	197.430	197.333	197.476	197.864
3078	2025.07.01 06:00	GBPJPY.i	H1	197.657	197.413	197.455	197.853
3079	2025.07.01 07:00	GBPJPY.i	H1	197.524	197.487	197.455	197.845
3080	2025.07.01 08:00	GBPJPY.i	H1	197.378	197.450	197.446	197.836
3081	2025.07.01 09:00	GBPJPY.i	H1	197.393	197.417	197.430	197.824
3082	2025.07.01 10:00	GBPJPY.i	H1	196.966	197.260	197.382	197.808
3083	2025.07.01 11:00	GBPJPY.i	H1	197.021	197.084	197.304	197.787
3084	2025.07.01 12:00	GBPJPY.i	H1	196.910	196.962	197.217	197.763
3085	2025.07.01 13:00	GBPJPY.i	H1	196.963	196.900	197.135	197.740
3086	2025.07.01 14:00	GBPJPY.i	H1	196.317	196.673	197.019	197.712
3087	2025.07.01 15:00	GBPJPY.i	H1	196.589	196.526	196.895	197.679
3088	2025.07.01 16:00	GBPJPY.i	H1	196.472	196.463	196.783	197.646
3089	2025.07.01 17:00	GBPJPY.i	H1	196.769	196.502	196.704	197.618
3090	2025.07.01 18:00	GBPJPY.i	H1	197.050	196.676	196.680	197.595
3091	2025.07.01 19:00	GBPJPY.i	H1	197.209	196.904	196.711	197.581
3092	2025.07.01 20:00	GBPJPY.i	H1	197.295	197.097	196.776	197.571
3093	2025.07.01 21:00	GBPJPY.i	H1	197.439	197.282	196.868	197.565
3094	2025.07.01 22:00	GBPJPY.i	H1	197.542	197.424	196.971	197.561
3095	2025.07.01 23:00	GBPJPY.i	H1	197.098	197.401	197.046	197.555
3096	2025.07.02 00:00	GBPJPY.i	H1	197.070	197.288	197.080	197.544
3097	2025.07.02 01:00	GBPJPY.i	H1	197.083	197.222	197.095	197.531
3098	2025.07.02 02:00	GBPJPY.i	H1	197.073	197.176	197.100	197.519
3099	2025.07.02 03:00	GBPJPY.i	H1	197.254	197.220	197.117	197.509
3100	2025.07.02 04:00	GBPJPY.i	H1	197.350	197.287	197.148	197.503
3101	2025.07.02 05:00	GBPJPY.i	H1	197.306	197.331	197.184	197.498
3102	2025.07.02 06:00	GBPJPY.i	H1	197.286	197.339	197.215	197.493
3103	2025.07.02 07:00	GBPJPY.i	H1	197.297	197.335	197.239	197.488
3104	2025.07.02 08:00	GBPJPY.i	H1	197.465	197.396	197.273	197.484
3105	2025.07.02 09:00	GBPJPY.i	H1	197.415	197.432	197.309	197.483
3106	2025.07.02 10:00	GBPJPY.i	H1	197.221	197.401	197.331	197.480
3107	2025.07.02 11:00	GBPJPY.i	H1	197.206	197.296	197.324	197.473
3108	2025.07.02 12:00	GBPJPY.i	H1	197.345	197.319	197.326	197.467
3109	2025.07.02 13:00	GBPJPY.i	H1	197.218	197.290	197.322	197.462
3110	2025.07.02 14:00	GBPJPY.i	H1	196.988	197.203	197.299	197.455
3111	2025.07.02 15:00	GBPJPY.i	H1	195.773	196.643	197.153	197.431
3112	2025.07.02 16:00	GBPJPY.i	H1	195.634	196.102	196.918	197.388
3113	2025.07.02 17:00	GBPJPY.i	H1	195.780	195.767	196.660	197.341
3114	2025.07.02 18:00	GBPJPY.i	H1	195.815	195.625	196.427	197.296
3115	2025.07.02 19:00	GBPJPY.i	H1	195.919	195.598	196.237	197.255
3116	2025.07.02 20:00	GBPJPY.i	H1	195.899	195.639	196.094	197.217
3117	2025.07.02 21:00	GBPJPY.i	H1	195.836	195.650	195.979	197.181
3118	2025.07.02 22:00	GBPJPY.i	H1	195.821	195.656	195.886	197.143
3119	2025.07.02 23:00	GBPJPY.i	H1	195.825	195.673	195.813	197.106
3120	2025.07.03 00:00	GBPJPY.i	H1	195.982	195.782	195.777	197.073
3121	2025.07.03 01:00	GBPJPY.i	H1	196.092	195.899	195.773	197.044
3122	2025.07.03 02:00	GBPJPY.i	H1	195.888	195.921	195.771	197.015
3123	2025.07.03 03:00	GBPJPY.i	H1	195.953	195.915	195.768	196.985
3124	2025.07.03 04:00	GBPJPY.i	H1	195.929	195.940	195.771	196.955
3125	2025.07.03 05:00	GBPJPY.i	H1	195.899	195.932	195.773	196.927
3126	2025.07.03 06:00	GBPJPY.i	H1	196.032	195.971	195.784	196.900
3127	2025.07.03 07:00	GBPJPY.i	H1	196.038	196.000	195.801	196.875
3128	2025.07.03 08:00	GBPJPY.i	H1	196.214	196.092	195.837	196.852
3129	2025.07.03 09:00	GBPJPY.i	H1	196.248	196.205	195.893	196.835
3130	2025.07.03 10:00	GBPJPY.i	H1	196.443	196.349	195.971	196.821
3131	2025.07.03 11:00	GBPJPY.i	H1	196.588	196.511	196.070	196.812
3132	2025.07.03 12:00	GBPJPY.i	H1	196.433	196.558	196.160	196.804
3133	2025.07.03 13:00	GBPJPY.i	H1	196.506	196.556	196.233	196.794
3134	2025.07.03 14:00	GBPJPY.i	H1	196.477	196.573	196.296	196.785
3135	2025.07.03 15:00	GBPJPY.i	H1	197.427	196.833	196.409	196.784
3136	2025.07.03 16:00	GBPJPY.i	H1	197.681	197.273	196.600	196.799
3137	2025.07.03 17:00	GBPJPY.i	H1	198.003	197.670	196.841	196.825
3138	2025.07.03 18:00	GBPJPY.i	H1	197.920	197.920	197.086	196.854
3139	2025.07.03 19:00	GBPJPY.i	H1	198.001	198.103	197.322	196.885
3140	2025.07.03 20:00	GBPJPY.i	H1	197.977	198.176	197.527	196.915
3141	2025.07.03 21:00	GBPJPY.i	H1	197.938	198.178	197.691	196.944
3142	2025.07.03 22:00	GBPJPY.i	H1	197.920	198.144	197.817	196.971
3143	2025.07.03 23:00	GBPJPY.i	H1	197.851	198.093	197.909	196.996
3144	2025.07.04 00:00	GBPJPY.i	H1	197.831	198.014	197.968	197.020
3145	2025.07.04 01:00	GBPJPY.i	H1	197.790	197.955	198.004	197.042
3146	2025.07.04 02:00	GBPJPY.i	H1	197.750	197.888	198.019	197.063
3147	2025.07.04 03:00	GBPJPY.i	H1	197.571	197.768	198.005	197.081
3148	2025.07.04 04:00	GBPJPY.i	H1	197.562	197.658	197.970	197.096
3149	2025.07.04 05:00	GBPJPY.i	H1	197.488	197.558	197.920	197.108
3150	2025.07.04 06:00	GBPJPY.i	H1	197.385	197.445	197.854	197.118
3151	2025.07.04 07:00	GBPJPY.i	H1	197.410	197.365	197.782	197.125
3152	2025.07.04 08:00	GBPJPY.i	H1	197.392	197.339	197.718	197.133
3153	2025.07.04 09:00	GBPJPY.i	H1	197.266	197.267	197.649	197.139
3154	2025.07.04 10:00	GBPJPY.i	H1	197.240	197.220	197.580	197.143
3155	2025.07.04 11:00	GBPJPY.i	H1	197.226	197.171	197.512	197.146
3156	2025.07.04 12:00	GBPJPY.i	H1	197.093	197.093	197.438	197.147
3157	2025.07.04 13:00	GBPJPY.i	H1	196.994	197.014	197.358	197.145
3158	2025.07.04 14:00	GBPJPY.i	H1	197.062	196.971	197.283	197.142
3159	2025.07.04 15:00	GBPJPY.i	H1	196.921	196.917	197.210	197.138
3160	2025.07.04 16:00	GBPJPY.i	H1	197.177	196.958	197.158	197.135
3161	2025.07.04 17:00	GBPJPY.i	H1	197.160	197.018	197.129	197.134
3162	2025.07.04 18:00	GBPJPY.i	H1	197.203	197.080	197.118	197.135
3163	2025.07.04 19:00	GBPJPY.i	H1	197.196	197.132	197.118	197.137
3164	2025.07.04 20:00	GBPJPY.i	H1	197.179	197.165	197.123	197.139
3165	2025.07.04 21:00	GBPJPY.i	H1	197.255	197.201	197.134	197.141
3166	2025.07.04 22:00	GBPJPY.i	H1	197.333	197.254	197.154	197.144
3167	2025.07.04 23:00	GBPJPY.i	H1	197.070	197.218	197.161	197.146
3168	2025.07.07 00:00	GBPJPY.i	H1	197.145	197.189	197.160	197.146
3169	2025.07.07 01:00	GBPJPY.i	H1	197.262	197.224	197.168	197.148
3170	2025.07.07 02:00	GBPJPY.i	H1	197.234	197.247	197.179	197.151
3171	2025.07.07 03:00	GBPJPY.i	H1	197.000	197.167	197.170	197.151
3172	2025.07.07 04:00	GBPJPY.i	H1	197.049	197.073	197.143	197.147
3173	2025.07.07 05:00	GBPJPY.i	H1	197.359	197.151	197.141	197.146
3174	2025.07.07 06:00	GBPJPY.i	H1	197.374	197.245	197.161	197.151
3175	2025.07.07 07:00	GBPJPY.i	H1	197.424	197.325	197.194	197.157
3176	2025.07.07 08:00	GBPJPY.i	H1	197.514	197.420	197.242	197.164
3177	2025.07.07 09:00	GBPJPY.i	H1	197.414	197.462	197.289	197.173
3178	2025.07.07 10:00	GBPJPY.i	H1	197.529	197.506	197.335	197.181
3179	2025.07.07 11:00	GBPJPY.i	H1	197.369	197.473	197.365	197.188
3180	2025.07.07 12:00	GBPJPY.i	H1	197.925	197.620	197.423	197.198
3181	2025.07.07 13:00	GBPJPY.i	H1	197.822	197.759	197.501	197.215
3182	2025.07.07 14:00	GBPJPY.i	H1	198.093	197.924	197.600	197.234
3183	2025.07.07 15:00	GBPJPY.i	H1	198.252	198.123	197.723	197.259
3184	2025.07.07 16:00	GBPJPY.i	H1	198.601	198.381	197.879	197.289
3185	2025.07.07 17:00	GBPJPY.i	H1	198.813	198.661	198.065	197.327
3186	2025.07.07 18:00	GBPJPY.i	H1	198.909	198.880	198.261	197.369
3187	2025.07.07 19:00	GBPJPY.i	H1	198.647	198.916	198.423	197.409
3188	2025.07.07 20:00	GBPJPY.i	H1	198.718	198.928	198.556	197.445
3189	2025.07.07 21:00	GBPJPY.i	H1	198.965	198.986	198.676	197.483
3190	2025.07.07 22:00	GBPJPY.i	H1	198.778	198.983	198.772	197.521
3191	2025.07.07 23:00	GBPJPY.i	H1	198.644	198.894	198.830	197.556
3192	2025.07.08 00:00	GBPJPY.i	H1	198.572	198.790	198.855	197.586
3193	2025.07.08 01:00	GBPJPY.i	H1	198.631	198.720	198.860	197.615
3194	2025.07.08 02:00	GBPJPY.i	H1	198.741	198.738	198.870	197.644
3195	2025.07.08 03:00	GBPJPY.i	H1	199.191	198.886	198.913	197.679
3196	2025.07.08 04:00	GBPJPY.i	H1	199.265	199.089	198.991	197.720
3197	2025.07.08 05:00	GBPJPY.i	H1	199.136	199.170	199.068	197.762
3198	2025.07.08 06:00	GBPJPY.i	H1	199.140	199.203	199.134	197.802
3199	2025.07.08 07:00	GBPJPY.i	H1	199.012	199.144	199.171	197.837
3200	2025.07.08 08:00	GBPJPY.i	H1	199.107	199.125	199.195	197.871
3201	2025.07.08 09:00	GBPJPY.i	H1	199.288	199.186	199.228	197.907
3202	2025.07.08 10:00	GBPJPY.i	H1	199.204	199.239	199.264	197.944
3203	2025.07.08 11:00	GBPJPY.i	H1	198.990	199.175	199.277	197.978
3204	2025.07.08 12:00	GBPJPY.i	H1	198.802	199.034	199.253	198.006
3205	2025.07.08 13:00	GBPJPY.i	H1	198.770	198.888	199.201	198.029
3206	2025.07.08 14:00	GBPJPY.i	H1	198.968	198.880	199.158	198.051
3207	2025.07.08 15:00	GBPJPY.i	H1	199.121	198.924	199.133	198.077
3208	2025.07.08 16:00	GBPJPY.i	H1	198.909	198.926	199.112	198.103
3209	2025.07.08 17:00	GBPJPY.i	H1	198.993	198.922	199.092	198.127
3210	2025.07.08 18:00	GBPJPY.i	H1	199.262	199.028	199.099	198.153
3211	2025.07.08 19:00	GBPJPY.i	H1	199.254	199.115	199.121	198.182
3212	2025.07.08 20:00	GBPJPY.i	H1	199.415	199.238	199.164	198.213
3213	2025.07.08 21:00	GBPJPY.i	H1	199.365	199.330	199.216	198.245
3214	2025.07.08 22:00	GBPJPY.i	H1	199.250	199.336	199.256	198.275
3215	2025.07.08 23:00	GBPJPY.i	H1	199.203	199.293	199.277	198.302
3216	2025.07.09 00:00	GBPJPY.i	H1	198.966	199.186	199.268	198.325
3217	2025.07.09 01:00	GBPJPY.i	H1	199.252	199.170	199.258	198.347
3218	2025.07.09 02:00	GBPJPY.i	H1	199.512	199.294	199.280	198.373
3219	2025.07.09 03:00	GBPJPY.i	H1	199.429	199.373	199.313	198.402
3220	2025.07.09 04:00	GBPJPY.i	H1	199.534	199.450	199.356	198.432
3221	2025.07.09 05:00	GBPJPY.i	H1	199.614	199.533	199.408	198.463
3222	2025.07.09 06:00	GBPJPY.i	H1	199.598	199.599	199.463	198.494
3223	2025.07.09 07:00	GBPJPY.i	H1	199.756	199.687	199.525	198.526
3224	2025.07.09 08:00	GBPJPY.i	H1	199.707	199.743	199.586	198.560
3225	2025.07.09 09:00	GBPJPY.i	H1	199.693	199.767	199.640	198.592
3226	2025.07.09 10:00	GBPJPY.i	H1	199.496	199.685	199.663	198.621
3227	2025.07.09 11:00	GBPJPY.i	H1	199.497	199.598	199.663	198.645
3228	2025.07.09 12:00	GBPJPY.i	H1	199.368	199.498	199.640	198.667
3229	2025.07.09 13:00	GBPJPY.i	H1	199.204	199.362	199.593	198.685
3230	2025.07.09 14:00	GBPJPY.i	H1	199.264	199.278	199.537	198.701
3231	2025.07.09 15:00	GBPJPY.i	H1	199.339	199.268	199.491	198.717
3232	2025.07.09 16:00	GBPJPY.i	H1	198.976	199.164	199.431	198.731
3233	2025.07.09 17:00	GBPJPY.i	H1	199.019	199.063	199.359	198.741
3234	2025.07.09 18:00	GBPJPY.i	H1	199.038	199.017	199.292	198.749
3235	2025.07.09 19:00	GBPJPY.i	H1	198.886	198.916	199.214	198.755
3236	2025.07.09 20:00	GBPJPY.i	H1	198.851	198.827	199.132	198.758
3237	2025.07.09 21:00	GBPJPY.i	H1	198.834	198.784	199.056	198.761
3238	2025.07.09 22:00	GBPJPY.i	H1	198.916	198.788	198.995	198.764
3239	2025.07.09 23:00	GBPJPY.i	H1	198.739	198.780	198.944	198.767
3240	2025.07.10 00:00	GBPJPY.i	H1	198.760	198.719	198.888	198.767
3241	2025.07.10 01:00	GBPJPY.i	H1	198.730	198.701	198.838	198.766
3242	2025.07.10 02:00	GBPJPY.i	H1	198.671	198.661	198.788	198.765
3243	2025.07.10 03:00	GBPJPY.i	H1	198.441	198.554	198.724	198.760
3244	2025.07.10 04:00	GBPJPY.i	H1	198.515	198.493	198.659	198.753
3245	2025.07.10 05:00	GBPJPY.i	H1	198.776	198.553	198.621	198.748
3246	2025.07.10 06:00	GBPJPY.i	H1	198.970	198.703	198.625	198.750
3247	2025.07.10 07:00	GBPJPY.i	H1	198.930	198.844	198.659	198.755
3248	2025.07.10 08:00	GBPJPY.i	H1	199.039	198.945	198.707	198.762
3249	2025.07.10 09:00	GBPJPY.i	H1	198.924	199.005	198.758	198.769
3250	2025.07.10 10:00	GBPJPY.i	H1	199.115	199.070	198.812	198.776
3251	2025.07.10 11:00	GBPJPY.i	H1	199.124	199.132	198.870	198.785
3252	2025.07.10 12:00	GBPJPY.i	H1	198.942	199.118	198.913	198.793
3253	2025.07.10 13:00	GBPJPY.i	H1	198.715	198.997	198.920	198.797
3254	2025.07.10 14:00	GBPJPY.i	H1	198.613	198.834	198.891	198.794
3255	2025.07.10 15:00	GBPJPY.i	H1	198.572	198.693	198.840	198.789
3256	2025.07.10 16:00	GBPJPY.i	H1	198.654	198.636	198.788	198.784
3257	2025.07.10 17:00	GBPJPY.i	H1	198.593	198.615	198.745	198.779
3258	2025.07.10 18:00	GBPJPY.i	H1	198.712	198.625	198.714	198.776
3259	2025.07.10 19:00	GBPJPY.i	H1	198.659	198.631	198.691	198.774
3260	2025.07.10 20:00	GBPJPY.i	H1	198.583	198.597	198.665	198.770
3261	2025.07.10 21:00	GBPJPY.i	H1	198.511	198.544	198.632	198.764
3262	2025.07.10 22:00	GBPJPY.i	H1	198.529	198.521	198.601	198.757
3263	2025.07.10 23:00	GBPJPY.i	H1	198.568	198.520	198.576	198.752
3264	2025.07.11 00:00	GBPJPY.i	H1	198.477	198.451	198.540	198.744
3265	2025.07.11 01:00	GBPJPY.i	H1	198.616	198.482	198.519	198.737
3266	2025.07.11 02:00	GBPJPY.i	H1	198.645	198.531	198.513	198.733
3267	2025.07.11 03:00	GBPJPY.i	H1	198.652	198.541	198.511	198.728
3268	2025.07.11 04:00	GBPJPY.i	H1	198.999	198.720	198.549	198.729
3269	2025.07.11 05:00	GBPJPY.i	H1	199.268	198.972	198.636	198.738
3270	2025.07.11 06:00	GBPJPY.i	H1	199.339	199.178	198.750	198.752
3271	2025.07.11 07:00	GBPJPY.i	H1	199.383	199.330	198.873	198.768
3272	2025.07.11 08:00	GBPJPY.i	H1	199.169	199.360	198.977	198.783
3273	2025.07.11 09:00	GBPJPY.i	H1	198.836	199.198	199.022	198.790
3274	2025.07.11 10:00	GBPJPY.i	H1	198.859	199.080	199.033	198.793
3275	2025.07.11 11:00	GBPJPY.i	H1	198.946	198.992	199.026	198.796
3276	2025.07.11 12:00	GBPJPY.i	H1	199.094	199.032	199.032	198.800
3277	2025.07.11 13:00	GBPJPY.i	H1	198.632	198.927	199.015	198.804
3278	2025.07.11 14:00	GBPJPY.i	H1	198.523	198.753	198.962	198.801
3279	2025.07.11 15:00	GBPJPY.i	H1	198.472	198.571	198.881	198.793
3280	2025.07.11 16:00	GBPJPY.i	H1	198.760	198.563	198.817	198.786
3281	2025.07.11 17:00	GBPJPY.i	H1	198.976	198.701	198.798	198.787
3282	2025.07.11 18:00	GBPJPY.i	H1	198.880	198.815	198.808	198.791
3283	2025.07.11 19:00	GBPJPY.i	H1	199.041	198.909	198.835	198.797
3284	2025.07.11 20:00	GBPJPY.i	H1	199.170	199.025	198.880	198.804
3285	2025.07.11 21:00	GBPJPY.i	H1	199.183	199.127	198.938	198.814
3286	2025.07.11 22:00	GBPJPY.i	H1	198.913	199.096	198.974	198.822
3287	2025.07.11 23:00	GBPJPY.i	H1	198.841	199.001	198.981	198.825
3288	2025.07.14 00:00	GBPJPY.i	H1	198.453	198.749	198.929	198.820
3289	2025.07.14 01:00	GBPJPY.i	H1	198.891	198.725	198.885	198.814
3290	2025.07.14 02:00	GBPJPY.i	H1	198.781	198.740	198.856	198.813
3291	2025.07.14 03:00	GBPJPY.i	H1	198.364	198.605	198.801	198.809
3292	2025.07.14 04:00	GBPJPY.i	H1	198.468	198.480	198.730	198.799
3293	2025.07.14 05:00	GBPJPY.i	H1	198.447	198.434	198.664	198.789
3294	2025.07.14 06:00	GBPJPY.i	H1	198.587	198.448	198.616	198.781
3295	2025.07.14 07:00	GBPJPY.i	H1	198.598	198.481	198.584	198.775
3296	2025.07.14 08:00	GBPJPY.i	H1	198.431	198.460	198.552	198.768
3297	2025.07.14 09:00	GBPJPY.i	H1	198.158	198.329	198.496	198.757
3298	2025.07.14 10:00	GBPJPY.i	H1	198.703	198.393	198.466	198.747
3299	2025.07.14 11:00	GBPJPY.i	H1	198.516	198.464	198.458	198.741
3300	2025.07.14 12:00	GBPJPY.i	H1	198.605	198.498	198.459	198.736
3301	2025.07.14 13:00	GBPJPY.i	H1	198.548	198.536	198.467	198.731
3302	2025.07.14 14:00	GBPJPY.i	H1	198.748	198.614	198.490	198.728
3303	2025.07.14 15:00	GBPJPY.i	H1	198.645	198.635	198.513	198.726
3304	2025.07.14 16:00	GBPJPY.i	H1	198.666	198.653	198.534	198.724
3305	2025.07.14 17:00	GBPJPY.i	H1	198.300	198.552	198.529	198.718
3306	2025.07.14 18:00	GBPJPY.i	H1	198.397	198.469	198.506	198.710
3307	2025.07.14 19:00	GBPJPY.i	H1	198.457	198.455	198.487	198.701
3308	2025.07.14 20:00	GBPJPY.i	H1	198.427	198.433	198.468	198.694
3309	2025.07.14 21:00	GBPJPY.i	H1	198.421	198.418	198.451	198.687
3310	2025.07.14 22:00	GBPJPY.i	H1	198.335	198.385	198.430	198.679
3311	2025.07.14 23:00	GBPJPY.i	H1	198.335	198.368	198.410	198.670
3312	2025.07.15 00:00	GBPJPY.i	H1	198.311	198.317	198.383	198.661
3313	2025.07.15 01:00	GBPJPY.i	H1	198.392	198.322	198.363	198.651
3314	2025.07.15 02:00	GBPJPY.i	H1	198.440	198.370	198.359	198.644
3315	2025.07.15 03:00	GBPJPY.i	H1	198.285	198.362	198.353	198.637
3316	2025.07.15 04:00	GBPJPY.i	H1	198.513	198.405	198.358	198.631
3317	2025.07.15 05:00	GBPJPY.i	H1	198.284	198.389	198.358	198.625
3318	2025.07.15 06:00	GBPJPY.i	H1	198.312	198.339	198.347	198.617
3319	2025.07.15 07:00	GBPJPY.i	H1	198.336	198.330	198.336	198.608
3320	2025.07.15 08:00	GBPJPY.i	H1	198.326	198.328	198.328	198.600
3321	2025.07.15 09:00	GBPJPY.i	H1	198.428	198.375	198.333	198.594
3322	2025.07.15 10:00	GBPJPY.i	H1	198.750	198.505	198.366	198.593
3323	2025.07.15 11:00	GBPJPY.i	H1	198.567	198.569	198.407	198.593
3324	2025.07.15 12:00	GBPJPY.i	H1	198.731	198.647	198.456	198.595
3325	2025.07.15 13:00	GBPJPY.i	H1	198.791	198.733	198.514	198.598
3326	2025.07.15 14:00	GBPJPY.i	H1	198.844	198.821	198.580	198.604
3327	2025.07.15 15:00	GBPJPY.i	H1	198.885	198.895	198.650	198.611
3328	2025.07.15 16:00	GBPJPY.i	H1	199.161	199.029	198.735	198.622
3329	2025.07.15 17:00	GBPJPY.i	H1	199.346	199.230	198.849	198.638
3330	2025.07.15 18:00	GBPJPY.i	H1	199.265	199.354	198.967	198.658
3331	2025.07.15 19:00	GBPJPY.i	H1	199.321	199.412	199.073	198.677
3332	2025.07.15 20:00	GBPJPY.i	H1	199.356	199.439	199.164	198.695
3333	2025.07.15 21:00	GBPJPY.i	H1	199.305	199.433	199.236	198.712
3334	2025.07.15 22:00	GBPJPY.i	H1	199.249	199.403	199.288	198.729
3335	2025.07.15 23:00	GBPJPY.i	H1	199.194	199.343	199.316	198.743
3336	2025.07.16 00:00	GBPJPY.i	H1	199.171	199.276	199.326	198.756
3337	2025.07.16 01:00	GBPJPY.i	H1	199.278	199.262	199.332	198.768
3338	2025.07.16 02:00	GBPJPY.i	H1	199.258	199.262	199.337	198.781
3339	2025.07.16 03:00	GBPJPY.i	H1	199.530	199.336	199.359	198.797
3340	2025.07.16 04:00	GBPJPY.i	H1	199.366	199.380	199.385	198.814
3341	2025.07.16 05:00	GBPJPY.i	H1	199.322	199.373	199.403	198.830
3342	2025.07.16 06:00	GBPJPY.i	H1	199.534	199.427	199.429	198.846
3343	2025.07.16 07:00	GBPJPY.i	H1	199.503	199.507	199.466	198.865
3344	2025.07.16 08:00	GBPJPY.i	H1	199.375	199.473	199.487	198.882
3345	2025.07.16 09:00	GBPJPY.i	H1	199.314	199.453	199.497	198.897
3346	2025.07.16 10:00	GBPJPY.i	H1	199.410	199.411	199.496	198.910
3347	2025.07.16 11:00	GBPJPY.i	H1	199.309	199.376	199.486	198.922
3348	2025.07.16 12:00	GBPJPY.i	H1	199.229	199.300	199.460	198.933
3349	2025.07.16 13:00	GBPJPY.i	H1	199.357	199.276	199.435	198.942
3350	2025.07.16 14:00	GBPJPY.i	H1	199.356	199.274	199.414	198.952
3351	2025.07.16 15:00	GBPJPY.i	H1	199.152	199.201	199.379	198.960
3352	2025.07.16 16:00	GBPJPY.i	H1	199.046	199.117	199.332	198.964
3353	2025.07.16 17:00	GBPJPY.i	H1	198.831	198.967	199.260	198.964
3354	2025.07.16 18:00	GBPJPY.i	H1	198.813	198.724	199.147	198.957
3355	2025.07.16 19:00	GBPJPY.i	H1	198.704	198.693	199.051	198.949
3356	2025.07.16 20:00	GBPJPY.i	H1	198.190	198.475	198.925	198.939
3357	2025.07.16 21:00	GBPJPY.i	H1	198.371	198.309	198.787	198.922
3358	2025.07.16 22:00	GBPJPY.i	H1	198.370	198.266	198.668	198.906
3359	2025.07.16 23:00	GBPJPY.i	H1	198.406	198.267	198.573	198.892
3360	2025.07.17 00:00	GBPJPY.i	H1	198.215	198.216	198.484	198.877
3361	2025.07.17 01:00	GBPJPY.i	H1	198.352	198.215	198.412	198.861
3362	2025.07.17 02:00	GBPJPY.i	H1	198.463	198.270	198.365	198.847
3363	2025.07.17 03:00	GBPJPY.i	H1	198.825	198.457	198.369	198.839
3364	2025.07.17 04:00	GBPJPY.i	H1	198.835	198.635	198.409	198.837
3365	2025.07.17 05:00	GBPJPY.i	H1	198.751	198.728	198.460	198.836
3366	2025.07.17 06:00	GBPJPY.i	H1	198.940	198.840	198.525	198.836
3367	2025.07.17 07:00	GBPJPY.i	H1	198.813	198.894	198.587	198.838
3368	2025.07.17 08:00	GBPJPY.i	H1	198.847	198.905	198.639	198.838
3369	2025.07.17 09:00	GBPJPY.i	H1	198.907	198.941	198.690	198.839
3370	2025.07.17 10:00	GBPJPY.i	H1	199.032	199.016	198.749	198.842
3371	2025.07.17 11:00	GBPJPY.i	H1	199.258	199.139	198.825	198.849
3372	2025.07.17 12:00	GBPJPY.i	H1	199.304	199.252	198.912	198.860
3373	2025.07.17 13:00	GBPJPY.i	H1	199.181	199.298	198.993	198.871
3374	2025.07.17 14:00	GBPJPY.i	H1	199.230	199.298	199.058	198.880
3375	2025.07.17 15:00	GBPJPY.i	H1	199.289	199.361	199.125	198.891
3376	2025.07.17 16:00	GBPJPY.i	H1	199.094	199.292	199.164	198.900
3377	2025.07.17 17:00	GBPJPY.i	H1	199.098	199.231	199.183	198.907
3378	2025.07.17 18:00	GBPJPY.i	H1	199.252	199.227	199.200	198.913
3379	2025.07.17 19:00	GBPJPY.i	H1	199.162	199.229	199.215	198.921
3380	2025.07.17 20:00	GBPJPY.i	H1	199.255	199.236	199.230	198.930
3381	2025.07.17 21:00	GBPJPY.i	H1	199.430	199.313	199.260	198.940
3382	2025.07.17 22:00	GBPJPY.i	H1	199.381	199.366	199.295	198.952
3383	2025.07.17 23:00	GBPJPY.i	H1	199.376	199.378	199.325	198.964
3384	2025.07.18 00:00	GBPJPY.i	H1	199.197	199.323	199.336	198.973
3385	2025.07.18 01:00	GBPJPY.i	H1	199.185	199.278	199.335	198.980
3386	2025.07.18 02:00	GBPJPY.i	H1	199.375	199.295	199.338	198.988
3387	2025.07.18 03:00	GBPJPY.i	H1	199.569	199.379	199.360	199.000
3388	2025.07.18 04:00	GBPJPY.i	H1	199.481	199.446	199.391	199.013
3389	2025.07.18 05:00	GBPJPY.i	H1	199.574	199.494	199.426	199.027
3390	2025.07.18 06:00	GBPJPY.i	H1	199.649	199.572	199.471	199.042
3391	2025.07.18 07:00	GBPJPY.i	H1	199.568	199.608	199.513	199.058
3392	2025.07.18 08:00	GBPJPY.i	H1	199.578	199.617	199.548	199.072
3393	2025.07.18 09:00	GBPJPY.i	H1	199.779	199.675	199.588	199.088
3394	2025.07.18 10:00	GBPJPY.i	H1	199.814	199.778	199.643	199.107
3395	2025.07.18 11:00	GBPJPY.i	H1	199.657	199.762	199.683	199.125
3396	2025.07.18 12:00	GBPJPY.i	H1	199.872	199.797	199.721	199.142
3397	2025.07.18 13:00	GBPJPY.i	H1	199.782	199.804	199.753	199.160
3398	2025.07.18 14:00	GBPJPY.i	H1	199.843	199.832	199.785	199.178
3399	2025.07.18 15:00	GBPJPY.i	H1	199.657	199.799	199.803	199.194
3400	2025.07.18 16:00	GBPJPY.i	H1	199.646	199.752	199.806	199.209
3401	2025.07.18 17:00	GBPJPY.i	H1	199.584	199.696	199.796	199.221
3402	2025.07.18 18:00	GBPJPY.i	H1	199.617	199.630	199.773	199.232
3403	2025.07.18 19:00	GBPJPY.i	H1	199.522	199.570	199.742	199.241
3404	2025.07.18 20:00	GBPJPY.i	H1	199.562	199.539	199.710	199.249
3405	2025.07.18 21:00	GBPJPY.i	H1	199.596	199.541	199.685	199.258
3406	2025.07.18 22:00	GBPJPY.i	H1	199.514	199.520	199.660	199.266
3407	2025.07.18 23:00	GBPJPY.i	H1	199.524	199.478	199.629	199.273
3408	2025.07.21 00:00	GBPJPY.i	H1	198.788	199.072	199.510	199.268
3409	2025.07.21 01:00	GBPJPY.i	H1	199.297	199.047	199.412	199.258
3410	2025.07.21 02:00	GBPJPY.i	H1	199.147	199.060	199.339	199.256
3411	2025.07.21 03:00	GBPJPY.i	H1	198.890	198.963	199.256	199.251
3412	2025.07.21 04:00	GBPJPY.i	H1	199.189	198.981	199.195	199.245
3413	2025.07.21 05:00	GBPJPY.i	H1	199.170	199.028	199.155	199.241
3414	2025.07.21 06:00	GBPJPY.i	H1	199.172	199.071	199.131	199.239
3415	2025.07.21 07:00	GBPJPY.i	H1	199.187	199.112	199.119	199.238
3416	2025.07.21 08:00	GBPJPY.i	H1	199.059	199.091	199.104	199.235
3417	2025.07.21 09:00	GBPJPY.i	H1	198.865	198.957	199.059	199.227
3418	2025.07.21 10:00	GBPJPY.i	H1	199.120	198.988	199.032	199.219
3419	2025.07.21 11:00	GBPJPY.i	H1	198.945	198.967	199.006	199.214
3420	2025.07.21 12:00	GBPJPY.i	H1	199.058	198.967	198.985	199.207
3421	2025.07.21 13:00	GBPJPY.i	H1	198.850	198.931	198.960	199.200
3422	2025.07.21 14:00	GBPJPY.i	H1	198.864	198.877	198.928	199.191
3423	2025.07.21 15:00	GBPJPY.i	H1	198.815	198.803	198.887	199.181
3424	2025.07.21 16:00	GBPJPY.i	H1	198.704	198.773	198.848	199.169
3425	2025.07.21 17:00	GBPJPY.i	H1	198.915	198.779	198.819	199.159
3426	2025.07.21 18:00	GBPJPY.i	H1	198.750	198.787	198.799	199.150
3427	2025.07.21 19:00	GBPJPY.i	H1	198.583	198.700	198.762	199.138
3428	2025.07.21 20:00	GBPJPY.i	H1	198.588	198.638	198.720	199.124
3429	2025.07.21 21:00	GBPJPY.i	H1	198.743	198.647	198.690	199.111
3430	2025.07.21 22:00	GBPJPY.i	H1	198.696	198.661	198.669	199.099
3431	2025.07.21 23:00	GBPJPY.i	H1	198.765	198.701	198.662	199.089
3432	2025.07.22 00:00	GBPJPY.i	H1	198.641	198.659	198.647	199.078
3433	2025.07.22 01:00	GBPJPY.i	H1	198.815	198.701	198.645	199.067
3434	2025.07.22 02:00	GBPJPY.i	H1	198.829	198.775	198.660	199.060
3435	2025.07.22 03:00	GBPJPY.i	H1	198.854	198.846	198.689	199.055
3436	2025.07.22 04:00	GBPJPY.i	H1	198.931	198.899	198.723	199.051
3437	2025.07.22 05:00	GBPJPY.i	H1	198.809	198.892	198.748	199.046
3438	2025.07.22 06:00	GBPJPY.i	H1	198.912	198.901	198.771	199.041
3439	2025.07.22 07:00	GBPJPY.i	H1	198.968	198.942	198.800	199.037
3440	2025.07.22 08:00	GBPJPY.i	H1	199.099	199.012	198.840	199.036
3441	2025.07.22 09:00	GBPJPY.i	H1	199.135	199.091	198.890	199.038
3442	2025.07.22 10:00	GBPJPY.i	H1	198.919	199.094	198.930	199.039
3443	2025.07.22 11:00	GBPJPY.i	H1	199.123	199.108	198.966	199.039
3444	2025.07.22 12:00	GBPJPY.i	H1	198.966	199.079	198.989	199.039
3445	2025.07.22 13:00	GBPJPY.i	H1	198.843	199.005	198.991	199.036
3446	2025.07.22 14:00	GBPJPY.i	H1	198.506	198.814	198.951	199.028
3447	2025.07.22 15:00	GBPJPY.i	H1	197.906	198.448	198.838	199.010
3448	2025.07.22 16:00	GBPJPY.i	H1	197.647	198.041	198.658	198.979
3449	2025.07.22 17:00	GBPJPY.i	H1	197.714	197.744	198.453	198.943
3450	2025.07.22 18:00	GBPJPY.i	H1	197.876	197.672	198.277	198.910
3451	2025.07.22 19:00	GBPJPY.i	H1	198.105	197.745	198.155	198.883
3452	2025.07.22 20:00	GBPJPY.i	H1	198.187	197.871	198.085	198.861
3453	2025.07.22 21:00	GBPJPY.i	H1	198.261	197.988	198.052	198.843
3454	2025.07.22 22:00	GBPJPY.i	H1	198.312	198.111	198.051	198.826
3455	2025.07.22 23:00	GBPJPY.i	H1	198.437	198.249	198.078	198.813
3456	2025.07.23 00:00	GBPJPY.i	H1	198.227	198.258	198.098	198.800
3457	2025.07.23 01:00	GBPJPY.i	H1	198.403	198.330	198.129	198.786
3458	2025.07.23 02:00	GBPJPY.i	H1	198.437	198.355	198.159	198.774
3459	2025.07.23 03:00	GBPJPY.i	H1	198.079	198.249	198.158	198.759
3460	2025.07.23 04:00	GBPJPY.i	H1	198.253	198.246	198.159	198.742
3461	2025.07.23 05:00	GBPJPY.i	H1	198.638	198.411	198.199	198.732
3462	2025.07.23 06:00	GBPJPY.i	H1	198.748	198.584	198.270	198.730
3463	2025.07.23 07:00	GBPJPY.i	H1	198.771	198.732	198.361	198.731
3464	2025.07.23 08:00	GBPJPY.i	H1	199.000	198.877	198.465	198.734
3465	2025.07.23 09:00	GBPJPY.i	H1	198.743	198.870	198.546	198.737
3466	2025.07.23 10:00	GBPJPY.i	H1	198.750	198.849	198.607	198.736
3467	2025.07.23 11:00	GBPJPY.i	H1	198.783	198.859	198.659	198.737
3468	2025.07.23 12:00	GBPJPY.i	H1	198.445	198.731	198.673	198.734
3469	2025.07.23 13:00	GBPJPY.i	H1	198.163	198.509	198.637	198.725
3470	2025.07.23 14:00	GBPJPY.i	H1	197.958	198.244	198.551	198.708
3471	2025.07.23 15:00	GBPJPY.i	H1	198.322	198.179	198.472	198.691
3472	2025.07.23 16:00	GBPJPY.i	H1	198.474	198.250	198.428	198.680
3473	2025.07.23 17:00	GBPJPY.i	H1	198.541	198.317	198.408	198.674
3474	2025.07.23 18:00	GBPJPY.i	H1	198.806	198.497	198.433	198.671
3475	2025.07.23 19:00	GBPJPY.i	H1	198.777	198.632	198.480	198.673
3476	2025.07.23 20:00	GBPJPY.i	H1	198.809	198.737	198.540	198.676
3477	2025.07.23 21:00	GBPJPY.i	H1	198.874	198.813	198.602	198.680
3478	2025.07.23 22:00	GBPJPY.i	H1	199.007	198.922	198.675	198.686
3479	2025.07.23 23:00	GBPJPY.i	H1	198.899	198.970	198.743	198.694
3480	2025.07.24 00:00	GBPJPY.i	H1	198.801	198.913	198.784	198.698
3481	2025.07.24 01:00	GBPJPY.i	H1	198.911	198.915	198.817	198.701
3482	2025.07.24 02:00	GBPJPY.i	H1	198.712	198.866	198.834	198.705
3483	2025.07.24 03:00	GBPJPY.i	H1	198.762	198.815	198.836	198.706
3484	2025.07.24 04:00	GBPJPY.i	H1	198.207	198.600	198.790	198.702
3485	2025.07.24 05:00	GBPJPY.i	H1	198.333	198.441	198.719	198.692
3486	2025.07.24 06:00	GBPJPY.i	H1	198.254	198.318	198.637	198.681
3487	2025.07.24 07:00	GBPJPY.i	H1	198.288	198.250	198.558	198.669
3488	2025.07.24 08:00	GBPJPY.i	H1	198.260	198.218	198.488	198.659
3489	2025.07.24 09:00	GBPJPY.i	H1	198.385	198.244	198.439	198.649
3490	2025.07.24 10:00	GBPJPY.i	H1	198.546	198.322	198.416	198.643
3491	2025.07.24 11:00	GBPJPY.i	H1	198.477	198.373	198.407	198.638
3492	2025.07.24 12:00	GBPJPY.i	H1	198.546	198.440	198.413	198.634
3493	2025.07.24 13:00	GBPJPY.i	H1	198.436	198.463	198.421	198.631
3494	2025.07.24 14:00	GBPJPY.i	H1	198.503	198.483	198.431	198.627
3495	2025.07.24 15:00	GBPJPY.i	H1	198.691	198.550	198.453	198.625
3496	2025.07.24 16:00	GBPJPY.i	H1	198.596	198.604	198.482	198.625
3497	2025.07.24 17:00	GBPJPY.i	H1	198.768	198.649	198.515	198.625
3498	2025.07.24 18:00	GBPJPY.i	H1	198.697	198.700	198.552	198.627
3499	2025.07.24 19:00	GBPJPY.i	H1	198.476	198.622	198.564	198.626
3500	2025.07.24 20:00	GBPJPY.i	H1	198.466	198.559	198.560	198.622
3501	2025.07.24 21:00	GBPJPY.i	H1	198.576	198.554	198.556	198.619
3502	2025.07.24 22:00	GBPJPY.i	H1	198.470	198.533	198.550	198.617
3503	2025.07.24 23:00	GBPJPY.i	H1	198.539	198.522	198.543	198.614
3504	2025.07.25 00:00	GBPJPY.i	H1	198.660	198.557	198.547	198.612
3505	2025.07.25 01:00	GBPJPY.i	H1	198.600	198.609	198.561	198.613
3506	2025.07.25 02:00	GBPJPY.i	H1	198.581	198.609	198.572	198.613
3507	2025.07.25 03:00	GBPJPY.i	H1	198.837	198.704	198.603	198.615
3508	2025.07.25 04:00	GBPJPY.i	H1	198.928	198.829	198.655	198.622
3509	2025.07.25 05:00	GBPJPY.i	H1	198.919	198.913	198.715	198.631
3510	2025.07.25 06:00	GBPJPY.i	H1	198.660	198.860	198.749	198.637
3511	2025.07.25 07:00	GBPJPY.i	H1	198.503	198.739	198.748	198.637
3512	2025.07.25 08:00	GBPJPY.i	H1	198.397	198.586	198.714	198.633
3513	2025.07.25 09:00	GBPJPY.i	H1	198.382	198.441	198.656	198.626
3514	2025.07.25 10:00	GBPJPY.i	H1	198.494	198.433	198.611	198.619
3515	2025.07.25 11:00	GBPJPY.i	H1	198.918	198.598	198.614	198.621
3516	2025.07.25 12:00	GBPJPY.i	H1	199.074	198.794	198.659	198.629
3517	2025.07.25 13:00	GBPJPY.i	H1	198.864	198.880	198.713	198.638
3518	2025.07.25 14:00	GBPJPY.i	H1	198.636	198.820	198.739	198.643
3519	2025.07.25 15:00	GBPJPY.i	H1	198.617	198.731	198.739	198.643
3520	2025.07.25 16:00	GBPJPY.i	H1	198.426	198.581	198.705	198.640
3521	2025.07.25 17:00	GBPJPY.i	H1	198.402	198.466	198.654	198.633
3522	2025.07.25 18:00	GBPJPY.i	H1	198.425	198.408	198.602	198.626
3523	2025.07.25 19:00	GBPJPY.i	H1	198.299	198.335	198.544	198.619
3524	2025.07.25 20:00	GBPJPY.i	H1	198.290	198.274	198.485	198.610
3525	2025.07.25 21:00	GBPJPY.i	H1	198.253	198.229	198.428	198.601
3526	2025.07.25 22:00	GBPJPY.i	H1	198.363	198.236	198.384	198.592
3527	2025.07.25 23:00	GBPJPY.i	H1	198.394	198.256	198.353	198.584
3528	2025.07.28 00:00	GBPJPY.i	H1	198.435	198.297	198.337	198.578
3529	2025.07.28 01:00	GBPJPY.i	H1	198.571	198.384	198.343	198.574
3530	2025.07.28 02:00	GBPJPY.i	H1	198.587	198.494	198.371	198.574
3531	2025.07.28 03:00	GBPJPY.i	H1	198.439	198.517	198.397	198.573
3532	2025.07.28 04:00	GBPJPY.i	H1	198.663	198.569	198.428	198.573
3533	2025.07.28 05:00	GBPJPY.i	H1	198.677	198.660	198.474	198.575
3534	2025.07.28 06:00	GBPJPY.i	H1	198.569	198.650	198.507	198.577
3535	2025.07.28 07:00	GBPJPY.i	H1	198.508	198.603	198.523	198.576
3536	2025.07.28 08:00	GBPJPY.i	H1	198.518	198.569	198.528	198.574
3537	2025.07.28 09:00	GBPJPY.i	H1	198.655	198.613	198.545	198.574
3538	2025.07.28 10:00	GBPJPY.i	H1	198.838	198.687	198.575	198.578
3539	2025.07.28 11:00	GBPJPY.i	H1	198.997	198.832	198.633	198.585
3540	2025.07.28 12:00	GBPJPY.i	H1	199.051	198.963	198.707	198.596
3541	2025.07.28 13:00	GBPJPY.i	H1	199.146	199.065	198.789	198.609
3542	2025.07.28 14:00	GBPJPY.i	H1	198.907	199.072	198.855	198.621
3543	2025.07.28 15:00	GBPJPY.i	H1	198.953	199.034	198.899	198.630
3544	2025.07.28 16:00	GBPJPY.i	H1	198.939	198.991	198.925	198.637
3545	2025.07.28 17:00	GBPJPY.i	H1	198.871	198.953	198.939	198.644
3546	2025.07.28 18:00	GBPJPY.i	H1	198.802	198.922	198.944	198.651
3547	2025.07.28 19:00	GBPJPY.i	H1	198.653	198.819	198.925	198.654
3548	2025.07.28 20:00	GBPJPY.i	H1	198.420	198.650	198.873	198.653
3549	2025.07.28 21:00	GBPJPY.i	H1	198.372	198.485	198.795	198.647
3550	2025.07.28 22:00	GBPJPY.i	H1	198.378	198.381	198.712	198.639
3551	2025.07.28 23:00	GBPJPY.i	H1	198.347	198.324	198.634	198.631
3552	2025.07.29 00:00	GBPJPY.i	H1	198.398	198.276	198.560	198.623
3553	2025.07.29 01:00	GBPJPY.i	H1	198.399	198.290	198.505	198.616
3554	2025.07.29 02:00	GBPJPY.i	H1	198.329	198.301	198.462	198.610
3555	2025.07.29 03:00	GBPJPY.i	H1	198.421	198.297	198.425	198.604
3556	2025.07.29 04:00	GBPJPY.i	H1	198.358	198.295	198.393	198.597
3557	2025.07.29 05:00	GBPJPY.i	H1	198.129	198.219	198.349	198.587
3558	2025.07.29 06:00	GBPJPY.i	H1	197.920	198.084	198.283	198.573
3559	2025.07.29 07:00	GBPJPY.i	H1	198.034	198.011	198.214	198.558
3560	2025.07.29 08:00	GBPJPY.i	H1	197.875	197.923	198.139	198.541
3561	2025.07.29 09:00	GBPJPY.i	H1	197.926	197.854	198.065	198.523
3562	2025.07.29 10:00	GBPJPY.i	H1	198.094	197.908	198.018	198.507
3563	2025.07.29 11:00	GBPJPY.i	H1	198.195	197.986	197.998	198.496
3564	2025.07.29 12:00	GBPJPY.i	H1	198.372	198.129	198.014	198.488
3565	2025.07.29 13:00	GBPJPY.i	H1	198.310	198.238	198.049	198.483
3566	2025.07.29 14:00	GBPJPY.i	H1	198.389	198.299	198.090	198.479
3567	2025.07.29 15:00	GBPJPY.i	H1	198.008	198.250	198.110	198.472
3568	2025.07.29 16:00	GBPJPY.i	H1	197.964	198.111	198.094	198.460
3569	2025.07.29 17:00	GBPJPY.i	H1	197.890	198.030	198.065	198.446
3570	2025.07.29 18:00	GBPJPY.i	H1	198.172	198.043	198.048	198.434
3571	2025.07.29 19:00	GBPJPY.i	H1	198.156	198.104	198.049	198.425
3572	2025.07.29 20:00	GBPJPY.i	H1	198.074	198.102	198.050	198.417
3573	2025.07.29 21:00	GBPJPY.i	H1	198.237	198.162	198.065	198.410
3574	2025.07.29 22:00	GBPJPY.i	H1	198.347	198.238	198.095	198.406
3575	2025.07.29 23:00	GBPJPY.i	H1	198.181	198.258	198.122	198.402
3576	2025.07.30 00:00	GBPJPY.i	H1	198.071	198.181	198.127	198.395
3577	2025.07.30 01:00	GBPJPY.i	H1	198.240	198.184	198.133	198.387
3578	2025.07.30 02:00	GBPJPY.i	H1	198.192	198.213	198.145	198.382
3579	2025.07.30 03:00	GBPJPY.i	H1	197.883	198.115	198.132	198.375
3580	2025.07.30 04:00	GBPJPY.i	H1	197.874	197.990	198.095	198.362
3581	2025.07.30 05:00	GBPJPY.i	H1	197.782	197.886	198.044	198.348
3582	2025.07.30 06:00	GBPJPY.i	H1	197.681	197.760	197.976	198.331
3583	2025.07.30 07:00	GBPJPY.i	H1	197.797	197.724	197.915	198.314
3584	2025.07.30 08:00	GBPJPY.i	H1	197.583	197.633	197.847	198.297
3585	2025.07.30 09:00	GBPJPY.i	H1	197.653	197.593	197.785	198.278
3586	2025.07.30 10:00	GBPJPY.i	H1	197.848	197.630	197.744	198.262
3587	2025.07.30 11:00	GBPJPY.i	H1	197.784	197.682	197.722	198.248
3588	2025.07.30 12:00	GBPJPY.i	H1	198.094	197.814	197.734	198.238
3589	2025.07.30 13:00	GBPJPY.i	H1	198.002	197.944	197.772	198.232
3590	2025.07.30 14:00	GBPJPY.i	H1	198.339	198.086	197.832	198.230
3591	2025.07.30 15:00	GBPJPY.i	H1	198.101	198.167	197.897	198.229
3592	2025.07.30 16:00	GBPJPY.i	H1	197.968	198.128	197.938	198.225
3593	2025.07.30 17:00	GBPJPY.i	H1	197.934	198.056	197.955	198.218
3594	2025.07.30 18:00	GBPJPY.i	H1	197.862	197.987	197.954	198.209
3595	2025.07.30 19:00	GBPJPY.i	H1	197.807	197.917	197.939	198.199
3596	2025.07.30 20:00	GBPJPY.i	H1	197.725	197.845	197.913	198.188
3597	2025.07.30 21:00	GBPJPY.i	H1	197.715	197.789	197.882	198.176
3598	2025.07.30 22:00	GBPJPY.i	H1	197.896	197.782	197.856	198.165
3599	2025.07.30 23:00	GBPJPY.i	H1	197.917	197.840	197.850	198.157
3600	2025.07.31 00:00	GBPJPY.i	H1	197.791	197.793	197.835	198.148
3601	2025.07.31 01:00	GBPJPY.i	H1	197.888	197.818	197.828	198.139
3602	2025.07.31 02:00	GBPJPY.i	H1	197.803	197.835	197.826	198.131
3603	2025.07.31 03:00	GBPJPY.i	H1	197.845	197.825	197.822	198.123
3604	2025.07.31 04:00	GBPJPY.i	H1	197.501	197.717	197.795	198.112
3605	2025.07.31 05:00	GBPJPY.i	H1	197.351	197.512	197.726	198.094
3606	2025.07.31 06:00	GBPJPY.i	H1	197.225	197.315	197.628	198.071
3607	2025.07.31 07:00	GBPJPY.i	H1	197.555	197.328	197.557	198.050
3608	2025.07.31 08:00	GBPJPY.i	H1	197.351	197.332	197.501	198.033
3609	2025.07.31 09:00	GBPJPY.i	H1	197.687	197.432	197.479	198.018
3610	2025.07.31 10:00	GBPJPY.i	H1	198.087	197.705	197.523	198.013
3611	2025.07.31 11:00	GBPJPY.i	H1	198.256	197.956	197.612	198.015
3612	2025.07.31 12:00	GBPJPY.i	H1	198.377	198.193	197.734	198.022
3613	2025.07.31 13:00	GBPJPY.i	H1	198.350	198.306	197.853	198.030
3614	2025.07.31 14:00	GBPJPY.i	H1	198.419	198.416	197.971	198.039
3615	2025.07.31 15:00	GBPJPY.i	H1	198.494	198.497	198.084	198.049
3616	2025.07.31 16:00	GBPJPY.i	H1	198.575	198.579	198.192	198.061
3617	2025.07.31 17:00	GBPJPY.i	H1	199.111	198.828	198.337	198.080
3618	2025.07.31 18:00	GBPJPY.i	H1	199.087	199.030	198.498	198.105
3619	2025.07.31 19:00	GBPJPY.i	H1	199.246	199.245	198.675	198.135
3620	2025.07.31 20:00	GBPJPY.i	H1	198.925	199.230	198.811	198.163
3621	2025.07.31 21:00	GBPJPY.i	H1	199.278	199.289	198.935	198.189
3622	2025.07.31 22:00	GBPJPY.i	H1	199.140	199.330	199.044	198.217
3623	2025.07.31 23:00	GBPJPY.i	H1	199.051	199.285	199.122	198.243
3624	2025.08.01 00:00	GBPJPY.i	H1	198.870	199.152	199.156	198.264
3625	2025.08.01 01:00	GBPJPY.i	H1	199.070	199.108	199.175	198.284
3626	2025.08.01 02:00	GBPJPY.i	H1	199.183	199.124	199.196	198.306
3627	2025.08.01 03:00	GBPJPY.i	H1	199.116	199.115	199.211	198.328
3628	2025.08.01 04:00	GBPJPY.i	H1	199.126	199.128	199.226	198.350
3629	2025.08.01 05:00	GBPJPY.i	H1	198.934	199.054	199.220	198.369
3630	2025.08.01 06:00	GBPJPY.i	H1	198.783	198.938	199.188	198.384
3631	2025.08.01 07:00	GBPJPY.i	H1	198.780	198.831	199.138	198.396
3632	2025.08.01 08:00	GBPJPY.i	H1	198.662	198.732	199.076	198.405
3633	2025.08.01 09:00	GBPJPY.i	H1	198.866	198.731	199.025	198.415
3634	2025.08.01 10:00	GBPJPY.i	H1	198.628	198.667	198.969	198.424
3635	2025.08.01 11:00	GBPJPY.i	H1	198.213	198.473	198.878	198.427
3636	2025.08.01 12:00	GBPJPY.i	H1	197.884	198.169	198.735	198.419
3637	2025.08.01 13:00	GBPJPY.i	H1	197.974	197.978	198.579	198.407
3638	2025.08.01 14:00	GBPJPY.i	H1	198.056	197.900	198.437	198.395
3639	2025.08.01 15:00	GBPJPY.i	H1	197.458	197.717	198.281	198.380
3640	2025.08.01 16:00	GBPJPY.i	H1	196.572	197.188	198.035	198.349
3641	2025.08.01 17:00	GBPJPY.i	H1	196.413	196.657	197.719	198.301
3642	2025.08.01 18:00	GBPJPY.i	H1	196.289	196.309	197.392	198.246
3643	2025.08.01 19:00	GBPJPY.i	H1	195.790	195.957	197.053	198.188
3644	2025.08.01 20:00	GBPJPY.i	H1	195.623	195.587	196.700	198.122
3645	2025.08.01 21:00	GBPJPY.i	H1	195.545	195.375	196.371	198.051
3646	2025.08.01 22:00	GBPJPY.i	H1	195.516	195.257	196.081	197.982
3647	2025.08.01 23:00	GBPJPY.i	H1	195.618	195.269	195.851	197.915
3648	2025.08.04 00:00	GBPJPY.i	H1	195.385	195.204	195.650	197.849
3649	2025.08.04 01:00	GBPJPY.i	H1	195.514	195.208	195.487	197.782
3650	2025.08.04 02:00	GBPJPY.i	H1	195.828	195.365	195.392	197.721
3651	2025.08.04 03:00	GBPJPY.i	H1	195.808	195.511	195.346	197.666
3652	2025.08.04 04:00	GBPJPY.i	H1	196.178	195.758	195.363	197.617
3653	2025.08.04 05:00	GBPJPY.i	H1	196.287	196.003	195.430	197.576
3654	2025.08.04 06:00	GBPJPY.i	H1	196.178	196.140	195.513	197.538
3655	2025.08.04 07:00	GBPJPY.i	H1	196.095	196.188	195.589	197.500
3656	2025.08.04 08:00	GBPJPY.i	H1	196.188	196.250	195.667	197.462
3657	2025.08.04 09:00	GBPJPY.i	H1	196.127	196.261	195.734	197.426
3658	2025.08.04 10:00	GBPJPY.i	H1	196.342	196.332	195.809	197.392
3659	2025.08.04 11:00	GBPJPY.i	H1	196.367	196.426	195.894	197.363
3660	2025.08.04 12:00	GBPJPY.i	H1	196.477	196.502	195.983	197.337
3661	2025.08.04 13:00	GBPJPY.i	H1	196.232	196.467	196.049	197.310
3662	2025.08.04 14:00	GBPJPY.i	H1	195.891	196.314	196.072	197.278
3663	2025.08.04 15:00	GBPJPY.i	H1	195.731	196.079	196.041	197.240
3664	2025.08.04 16:00	GBPJPY.i	H1	195.653	195.902	195.983	197.199
3665	2025.08.04 17:00	GBPJPY.i	H1	195.715	195.826	195.926	197.159
3666	2025.08.04 18:00	GBPJPY.i	H1	195.453	195.686	195.853	197.118
3667	2025.08.04 19:00	GBPJPY.i	H1	195.341	195.508	195.757	197.073
3668	2025.08.04 20:00	GBPJPY.i	H1	195.191	195.327	195.643	197.025
3669	2025.08.04 21:00	GBPJPY.i	H1	195.079	195.157	195.517	196.973
3670	2025.08.04 22:00	GBPJPY.i	H1	195.198	195.083	195.402	196.922
3671	2025.08.04 23:00	GBPJPY.i	H1	195.385	195.139	195.324	196.876
3672	2025.08.05 00:00	GBPJPY.i	H1	195.290	195.160	195.267	196.832
3673	2025.08.05 01:00	GBPJPY.i	H1	195.277	195.181	195.225	196.789
3674	2025.08.05 02:00	GBPJPY.i	H1	195.199	195.161	195.187	196.746
3675	2025.08.05 03:00	GBPJPY.i	H1	195.393	195.200	195.164	196.705
3676	2025.08.05 04:00	GBPJPY.i	H1	195.421	195.291	195.167	196.667
3677	2025.08.05 05:00	GBPJPY.i	H1	195.522	195.384	195.189	196.633
3678	2025.08.05 06:00	GBPJPY.i	H1	195.458	195.443	195.220	196.601
3679	2025.08.05 07:00	GBPJPY.i	H1	195.409	195.447	195.245	196.569
3680	2025.08.05 08:00	GBPJPY.i	H1	195.364	195.428	195.262	196.536
3681	2025.08.05 09:00	GBPJPY.i	H1	195.633	195.486	195.290	196.506
3682	2025.08.05 10:00	GBPJPY.i	H1	195.621	195.585	195.336	196.480
3683	2025.08.05 11:00	GBPJPY.i	H1	195.984	195.734	195.407	196.459
3684	2025.08.05 12:00	GBPJPY.i	H1	196.228	195.969	195.518	196.446
3685	2025.08.05 13:00	GBPJPY.i	H1	196.122	196.146	195.646	196.438
3686	2025.08.05 14:00	GBPJPY.i	H1	196.062	196.169	195.752	196.429
3687	2025.08.05 15:00	GBPJPY.i	H1	196.125	196.194	195.844	196.419
3688	2025.08.05 16:00	GBPJPY.i	H1	196.040	196.207	195.921	196.410
3689	2025.08.05 17:00	GBPJPY.i	H1	195.957	196.120	195.965	196.399
3690	2025.08.05 18:00	GBPJPY.i	H1	196.271	196.171	196.014	196.389
3691	2025.08.05 19:00	GBPJPY.i	H1	196.375	196.288	196.082	196.385
3692	2025.08.05 20:00	GBPJPY.i	H1	196.400	196.380	196.158	196.385
3693	2025.08.05 21:00	GBPJPY.i	H1	196.243	196.383	196.219	196.384
3694	2025.08.05 22:00	GBPJPY.i	H1	196.259	196.360	196.263	196.381
3695	2025.08.05 23:00	GBPJPY.i	H1	196.240	196.316	196.289	196.377
3696	2025.08.06 00:00	GBPJPY.i	H1	196.157	196.238	196.293	196.371
3697	2025.08.06 01:00	GBPJPY.i	H1	196.211	196.222	196.294	196.366
3698	2025.08.06 02:00	GBPJPY.i	H1	196.181	196.225	196.296	196.362
3699	2025.08.06 03:00	GBPJPY.i	H1	196.294	196.243	196.301	196.359
3700	2025.08.06 04:00	GBPJPY.i	H1	196.400	196.304	196.319	196.357
3701	2025.08.06 05:00	GBPJPY.i	H1	196.253	196.319	196.336	196.357
3702	2025.08.06 06:00	GBPJPY.i	H1	196.173	196.254	196.333	196.354
3703	2025.08.06 07:00	GBPJPY.i	H1	196.137	196.201	196.318	196.349
3704	2025.08.06 08:00	GBPJPY.i	H1	196.185	196.188	196.303	196.344
3705	2025.08.06 09:00	GBPJPY.i	H1	196.262	196.192	196.292	196.341
3706	2025.08.06 10:00	GBPJPY.i	H1	196.302	196.225	196.290	196.338
3707	2025.08.06 11:00	GBPJPY.i	H1	196.345	196.266	196.296	196.337
3708	2025.08.06 12:00	GBPJPY.i	H1	196.576	196.383	196.327	196.339
3709	2025.08.06 13:00	GBPJPY.i	H1	196.534	196.482	196.372	196.345
3710	2025.08.06 14:00	GBPJPY.i	H1	196.486	196.513	196.413	196.350
3711	2025.08.06 15:00	GBPJPY.i	H1	196.347	196.474	196.435	196.352
3712	2025.08.06 16:00	GBPJPY.i	H1	196.210	196.385	196.432	196.352
3713	2025.08.06 17:00	GBPJPY.i	H1	196.474	196.385	196.430	196.351
3714	2025.08.06 18:00	GBPJPY.i	H1	196.706	196.527	196.461	196.356
3715	2025.08.06 19:00	GBPJPY.i	H1	196.663	196.631	196.509	196.365
3716	2025.08.06 20:00	GBPJPY.i	H1	196.645	196.696	196.560	196.375
3717	2025.08.06 21:00	GBPJPY.i	H1	196.522	196.657	196.591	196.382
3718	2025.08.06 22:00	GBPJPY.i	H1	196.584	196.634	196.610	196.387
3719	2025.08.06 23:00	GBPJPY.i	H1	196.792	196.736	196.648	196.396
3720	2025.08.07 00:00	GBPJPY.i	H1	196.616	196.736	196.678	196.406
3721	2025.08.07 01:00	GBPJPY.i	H1	196.646	196.730	196.701	196.414
3722	2025.08.07 02:00	GBPJPY.i	H1	196.614	196.694	196.710	196.421
3723	2025.08.07 03:00	GBPJPY.i	H1	196.989	196.782	196.738	196.430
3724	2025.08.07 04:00	GBPJPY.i	H1	196.972	196.908	196.789	196.444
3725	2025.08.07 05:00	GBPJPY.i	H1	197.029	196.977	196.843	196.459
3726	2025.08.07 06:00	GBPJPY.i	H1	197.073	197.056	196.904	196.475
3727	2025.08.07 07:00	GBPJPY.i	H1	196.917	197.040	196.947	196.490
3728	2025.08.07 08:00	GBPJPY.i	H1	196.913	196.994	196.970	196.502
3729	2025.08.07 09:00	GBPJPY.i	H1	196.411	196.802	196.945	196.509
3730	2025.08.07 10:00	GBPJPY.i	H1	196.343	196.579	196.876	196.508
3731	2025.08.07 11:00	GBPJPY.i	H1	196.702	196.552	196.817	196.507
3732	2025.08.07 12:00	GBPJPY.i	H1	196.972	196.681	196.801	196.514
3733	2025.08.07 13:00	GBPJPY.i	H1	197.094	196.840	196.823	196.526
3734	2025.08.07 14:00	GBPJPY.i	H1	197.588	197.175	196.915	196.547
3735	2025.08.07 15:00	GBPJPY.i	H1	197.670	197.459	197.049	196.576
3736	2025.08.07 16:00	GBPJPY.i	H1	197.706	197.614	197.186	196.606
3737	2025.08.07 17:00	GBPJPY.i	H1	197.695	197.729	197.318	196.635
3738	2025.08.07 18:00	GBPJPY.i	H1	197.928	197.854	197.450	196.667
3739	2025.08.07 19:00	GBPJPY.i	H1	197.909	197.964	197.579	196.700
3740	2025.08.07 20:00	GBPJPY.i	H1	197.844	198.007	197.692	196.734
3741	2025.08.07 21:00	GBPJPY.i	H1	197.888	197.992	197.778	196.765
3742	2025.08.07 22:00	GBPJPY.i	H1	197.723	197.897	197.826	196.793
3743	2025.08.07 23:00	GBPJPY.i	H1	197.780	197.851	197.856	196.818
3744	2025.08.08 00:00	GBPJPY.i	H1	197.554	197.729	197.853	196.842
3745	2025.08.08 01:00	GBPJPY.i	H1	197.616	197.653	197.836	196.862
3746	2025.08.08 02:00	GBPJPY.i	H1	197.473	197.565	197.803	196.880
3747	2025.08.08 03:00	GBPJPY.i	H1	197.883	197.622	197.791	196.901
3748	2025.08.08 04:00	GBPJPY.i	H1	197.911	197.754	197.810	196.926
3749	2025.08.08 05:00	GBPJPY.i	H1	197.874	197.829	197.841	196.954
3750	2025.08.08 06:00	GBPJPY.i	H1	197.807	197.851	197.867	196.980
3751	2025.08.08 07:00	GBPJPY.i	H1	197.709	197.805	197.875	197.002
3752	2025.08.08 08:00	GBPJPY.i	H1	197.913	197.822	197.885	197.024
3753	2025.08.08 09:00	GBPJPY.i	H1	197.841	197.841	197.895	197.047
3754	2025.08.08 10:00	GBPJPY.i	H1	198.030	197.900	197.916	197.071
3755	2025.08.08 11:00	GBPJPY.i	H1	198.355	198.061	197.968	197.099
3756	2025.08.08 12:00	GBPJPY.i	H1	198.625	198.307	198.063	197.134
3757	2025.08.08 13:00	GBPJPY.i	H1	198.669	198.506	198.181	197.174
3758	2025.08.08 14:00	GBPJPY.i	H1	198.672	198.653	198.305	197.215
3759	2025.08.08 15:00	GBPJPY.i	H1	198.452	198.650	198.400	197.253
3760	2025.08.08 16:00	GBPJPY.i	H1	198.573	198.648	198.474	197.288
3761	2025.08.08 17:00	GBPJPY.i	H1	198.641	198.681	198.542	197.324
3762	2025.08.08 18:00	GBPJPY.i	H1	198.550	198.688	198.597	197.360
3763	2025.08.08 19:00	GBPJPY.i	H1	198.671	198.693	198.642	197.395
3764	2025.08.08 20:00	GBPJPY.i	H1	198.771	198.734	198.688	197.431
3765	2025.08.08 21:00	GBPJPY.i	H1	198.652	198.725	198.723	197.466
3766	2025.08.08 22:00	GBPJPY.i	H1	198.728	198.725	198.750	197.499
3767	2025.08.08 23:00	GBPJPY.i	H1	198.625	198.690	198.763	197.532
3768	2025.08.11 00:00	GBPJPY.i	H1	198.290	198.502	198.730	197.557
3769	2025.08.11 01:00	GBPJPY.i	H1	198.582	198.488	198.702	197.581
3770	2025.08.11 02:00	GBPJPY.i	H1	198.494	198.491	198.680	197.607
3771	2025.08.11 03:00	GBPJPY.i	H1	198.490	198.463	198.655	197.632
3772	2025.08.11 04:00	GBPJPY.i	H1	198.558	198.479	198.638	197.656
3773	2025.08.11 05:00	GBPJPY.i	H1	198.545	198.502	198.628	197.681
3774	2025.08.11 06:00	GBPJPY.i	H1	198.582	198.518	198.622	197.706
3775	2025.08.11 07:00	GBPJPY.i	H1	198.602	198.540	198.620	197.730
3776	2025.08.11 08:00	GBPJPY.i	H1	198.679	198.588	198.628	197.754
3777	2025.08.11 09:00	GBPJPY.i	H1	198.784	198.668	198.651	197.780
3778	2025.08.11 10:00	GBPJPY.i	H1	198.290	198.558	198.641	197.803
3779	2025.08.11 11:00	GBPJPY.i	H1	198.607	198.523	198.625	197.821
3780	2025.08.11 12:00	GBPJPY.i	H1	198.694	198.579	198.625	197.842
3781	2025.08.11 13:00	GBPJPY.i	H1	198.640	198.628	198.635	197.865
3782	2025.08.11 14:00	GBPJPY.i	H1	198.584	198.624	198.641	197.887
3783	2025.08.11 15:00	GBPJPY.i	H1	198.404	198.553	198.629	197.905
3784	2025.08.11 16:00	GBPJPY.i	H1	198.479	198.508	198.608	197.921
3785	2025.08.11 17:00	GBPJPY.i	H1	198.483	198.476	198.585	197.936
3786	2025.08.11 18:00	GBPJPY.i	H1	198.527	198.469	198.565	197.951
3787	2025.08.11 19:00	GBPJPY.i	H1	198.670	198.527	198.562	197.968
3788	2025.08.11 20:00	GBPJPY.i	H1	198.756	198.619	198.580	197.987
3789	2025.08.11 21:00	GBPJPY.i	H1	199.025	198.786	198.630	198.011
3790	2025.08.11 22:00	GBPJPY.i	H1	199.033	198.919	198.699	198.038
3791	2025.08.11 23:00	GBPJPY.i	H1	198.964	198.991	198.768	198.064
3792	2025.08.12 00:00	GBPJPY.i	H1	198.869	198.958	198.814	198.088
3793	2025.08.12 01:00	GBPJPY.i	H1	199.071	199.009	198.862	198.111
3794	2025.08.12 02:00	GBPJPY.i	H1	199.016	199.053	198.911	198.136
3795	2025.08.12 03:00	GBPJPY.i	H1	199.312	199.166	198.975	198.164
3796	2025.08.12 04:00	GBPJPY.i	H1	199.188	199.229	199.041	198.193
3797	2025.08.12 05:00	GBPJPY.i	H1	199.264	199.269	199.102	198.222
3798	2025.08.12 06:00	GBPJPY.i	H1	199.361	199.334	199.165	198.251
3799	2025.08.12 07:00	GBPJPY.i	H1	199.355	199.371	199.224	198.281
3800	2025.08.12 08:00	GBPJPY.i	H1	199.117	199.301	199.254	198.308
3801	2025.08.12 09:00	GBPJPY.i	H1	199.179	199.294	199.278	198.333
3802	2025.08.12 10:00	GBPJPY.i	H1	199.541	199.370	199.315	198.361
3803	2025.08.12 11:00	GBPJPY.i	H1	199.909	199.589	199.394	198.395
3804	2025.08.12 12:00	GBPJPY.i	H1	199.836	199.740	199.490	198.434
3805	2025.08.12 13:00	GBPJPY.i	H1	199.789	199.812	199.581	198.472
3806	2025.08.12 14:00	GBPJPY.i	H1	199.760	199.833	199.656	198.508
3807	2025.08.12 15:00	GBPJPY.i	H1	199.635	199.821	199.713	198.542
3808	2025.08.12 16:00	GBPJPY.i	H1	199.896	199.852	199.765	198.576
3809	2025.08.12 17:00	GBPJPY.i	H1	199.839	199.896	199.817	198.612
3810	2025.08.12 18:00	GBPJPY.i	H1	199.635	199.826	199.842	198.644
3811	2025.08.12 19:00	GBPJPY.i	H1	199.639	199.744	199.843	198.673
3812	2025.08.12 20:00	GBPJPY.i	H1	199.590	199.675	199.829	198.699
3813	2025.08.12 21:00	GBPJPY.i	H1	199.373	199.545	199.789	198.722
3814	2025.08.12 22:00	GBPJPY.i	H1	199.402	199.436	199.733	198.741
3815	2025.08.12 23:00	GBPJPY.i	H1	199.587	199.438	199.689	198.760
3816	2025.08.13 00:00	GBPJPY.i	H1	199.516	199.407	199.646	198.780
3817	2025.08.13 01:00	GBPJPY.i	H1	199.519	199.434	199.617	198.799
3818	2025.08.13 02:00	GBPJPY.i	H1	199.556	199.462	199.599	198.820
3819	2025.08.13 03:00	GBPJPY.i	H1	199.572	199.485	199.587	198.840
3820	2025.08.13 04:00	GBPJPY.i	H1	199.852	199.601	199.603	198.862
3821	2025.08.13 05:00	GBPJPY.i	H1	199.901	199.753	199.647	198.889
3822	2025.08.13 06:00	GBPJPY.i	H1	199.846	199.837	199.699	198.917
3823	2025.08.13 07:00	GBPJPY.i	H1	199.774	199.864	199.744	198.943
3824	2025.08.13 08:00	GBPJPY.i	H1	199.810	199.853	199.775	198.967
3825	2025.08.13 09:00	GBPJPY.i	H1	199.737	199.819	199.792	198.990
3826	2025.08.13 10:00	GBPJPY.i	H1	199.826	199.809	199.803	199.011
3827	2025.08.13 11:00	GBPJPY.i	H1	199.649	199.763	199.802	199.031
3828	2025.08.13 12:00	GBPJPY.i	H1	199.860	199.773	199.804	199.051
3829	2025.08.13 13:00	GBPJPY.i	H1	200.004	199.862	199.826	199.073
3830	2025.08.13 14:00	GBPJPY.i	H1	199.957	199.967	199.867	199.099
3831	2025.08.13 15:00	GBPJPY.i	H1	199.889	199.950	199.894	199.124
3832	2025.08.13 16:00	GBPJPY.i	H1	199.813	199.918	199.907	199.144
3833	2025.08.13 17:00	GBPJPY.i	H1	199.701	199.849	199.902	199.163
3834	2025.08.13 18:00	GBPJPY.i	H1	199.828	199.803	199.888	199.179
3835	2025.08.13 19:00	GBPJPY.i	H1	199.992	199.861	199.891	199.198
3836	2025.08.13 20:00	GBPJPY.i	H1	200.010	199.931	199.909	199.219
3837	2025.08.13 21:00	GBPJPY.i	H1	200.023	199.999	199.938	199.242
3838	2025.08.13 22:00	GBPJPY.i	H1	200.134	200.059	199.974	199.265
3839	2025.08.13 23:00	GBPJPY.i	H1	200.084	200.098	200.010	199.288
3840	2025.08.14 00:00	GBPJPY.i	H1	199.771	199.983	200.011	199.307
3841	2025.08.14 01:00	GBPJPY.i	H1	199.970	199.952	200.005	199.322
3842	2025.08.14 02:00	GBPJPY.i	H1	199.860	199.924	199.995	199.339
3843	2025.08.14 03:00	GBPJPY.i	H1	199.288	199.687	199.933	199.348
3844	2025.08.14 04:00	GBPJPY.i	H1	198.989	199.352	199.808	199.345
3845	2025.08.14 05:00	GBPJPY.i	H1	199.183	199.168	199.670	199.338
3846	2025.08.14 06:00	GBPJPY.i	H1	198.916	199.007	199.526	199.331
3847	2025.08.14 07:00	GBPJPY.i	H1	198.721	198.810	199.367	199.318
3848	2025.08.14 08:00	GBPJPY.i	H1	198.787	198.712	199.219	199.304
3849	2025.08.14 09:00	GBPJPY.i	H1	198.904	198.675	199.093	199.290
3850	2025.08.14 10:00	GBPJPY.i	H1	198.915	198.699	198.996	199.278
3851	2025.08.14 11:00	GBPJPY.i	H1	198.901	198.739	198.926	199.267
3852	2025.08.14 12:00	GBPJPY.i	H1	199.093	198.836	198.891	199.259
3853	2025.08.14 13:00	GBPJPY.i	H1	198.996	198.918	198.878	199.253
3854	2025.08.14 14:00	GBPJPY.i	H1	198.848	198.915	198.864	199.246
3855	2025.08.14 15:00	GBPJPY.i	H1	199.156	199.006	198.873	199.240
3856	2025.08.14 16:00	GBPJPY.i	H1	199.522	199.216	198.927	199.240
3857	2025.08.14 17:00	GBPJPY.i	H1	199.924	199.530	199.041	199.250
3858	2025.08.14 18:00	GBPJPY.i	H1	199.822	199.788	199.187	199.267
3859	2025.08.14 19:00	GBPJPY.i	H1	199.935	199.949	199.338	199.286
3860	2025.08.14 20:00	GBPJPY.i	H1	200.087	200.081	199.488	199.305
3861	2025.08.14 21:00	GBPJPY.i	H1	200.119	200.191	199.632	199.326
3862	2025.08.14 22:00	GBPJPY.i	H1	200.044	200.228	199.757	199.348
3863	2025.08.14 23:00	GBPJPY.i	H1	199.877	200.165	199.844	199.366
3864	2025.08.15 00:00	GBPJPY.i	H1	199.862	200.074	199.896	199.380
3865	2025.08.15 01:00	GBPJPY.i	H1	199.919	200.028	199.930	199.394
3866	2025.08.15 02:00	GBPJPY.i	H1	199.809	199.976	199.949	199.408
3867	2025.08.15 03:00	GBPJPY.i	H1	199.604	199.845	199.937	199.418
3868	2025.08.15 04:00	GBPJPY.i	H1	199.383	199.648	199.885	199.422
3869	2025.08.15 05:00	GBPJPY.i	H1	199.471	199.528	199.819	199.423
3870	2025.08.15 06:00	GBPJPY.i	H1	199.450	199.456	199.753	199.424
3871	2025.08.15 07:00	GBPJPY.i	H1	199.334	199.365	199.680	199.424
3872	2025.08.15 08:00	GBPJPY.i	H1	199.411	199.312	199.610	199.422
3873	2025.08.15 09:00	GBPJPY.i	H1	199.355	199.285	199.548	199.420
3874	2025.08.15 10:00	GBPJPY.i	H1	199.270	199.268	199.493	199.418
3875	2025.08.15 11:00	GBPJPY.i	H1	198.938	199.122	199.415	199.412
3876	2025.08.15 12:00	GBPJPY.i	H1	199.139	199.046	199.335	199.402
3877	2025.08.15 13:00	GBPJPY.i	H1	199.249	199.063	199.275	199.394
3878	2025.08.15 14:00	GBPJPY.i	H1	199.307	199.143	199.244	199.390
3879	2025.08.15 15:00	GBPJPY.i	H1	199.197	199.182	199.226	199.387
3880	2025.08.15 16:00	GBPJPY.i	H1	199.372	199.238	199.222	199.385
3881	2025.08.15 17:00	GBPJPY.i	H1	199.117	199.225	199.215	199.382
3882	2025.08.15 18:00	GBPJPY.i	H1	199.374	199.261	199.216	199.378
3883	2025.08.15 19:00	GBPJPY.i	H1	199.562	199.384	199.244	199.379
3884	2025.08.15 20:00	GBPJPY.i	H1	199.582	199.509	199.295	199.384
3885	2025.08.15 21:00	GBPJPY.i	H1	199.527	199.565	199.346	199.390
3886	2025.08.15 22:00	GBPJPY.i	H1	199.577	199.586	199.391	199.394
3887	2025.08.15 23:00	GBPJPY.i	H1	199.355	199.537	199.416	199.397
3888	2025.08.18 00:00	GBPJPY.i	H1	199.521	199.523	199.433	199.398
3889	2025.08.18 01:00	GBPJPY.i	H1	199.582	199.552	199.455	199.401
3890	2025.08.18 02:00	GBPJPY.i	H1	199.587	199.613	199.488	199.407
3891	2025.08.18 03:00	GBPJPY.i	H1	199.806	199.701	199.534	199.415
3892	2025.08.18 04:00	GBPJPY.i	H1	199.766	199.798	199.593	199.425
3893	2025.08.18 05:00	GBPJPY.i	H1	199.815	199.841	199.650	199.437
3894	2025.08.18 06:00	GBPJPY.i	H1	199.798	199.856	199.698	199.447
3895	2025.08.18 07:00	GBPJPY.i	H1	199.884	199.899	199.747	199.458
3896	2025.08.18 08:00	GBPJPY.i	H1	199.869	199.923	199.792	199.470
3897	2025.08.18 09:00	GBPJPY.i	H1	199.625	199.843	199.809	199.479
3898	2025.08.18 10:00	GBPJPY.i	H1	199.633	199.717	199.795	199.483
3899	2025.08.18 11:00	GBPJPY.i	H1	199.595	199.656	199.773	199.486
3900	2025.08.18 12:00	GBPJPY.i	H1	199.591	199.616	199.747	199.489
3901	2025.08.18 13:00	GBPJPY.i	H1	199.582	199.598	199.723	199.492
3902	2025.08.18 14:00	GBPJPY.i	H1	199.755	199.631	199.712	199.497
3903	2025.08.18 15:00	GBPJPY.i	H1	200.076	199.787	199.738	199.506
3904	2025.08.18 16:00	GBPJPY.i	H1	200.115	199.971	199.799	199.522
3905	2025.08.18 17:00	GBPJPY.i	H1	199.958	200.021	199.856	199.537
3906	2025.08.18 18:00	GBPJPY.i	H1	199.751	199.958	199.885	199.548
3907	2025.08.18 19:00	GBPJPY.i	H1	199.646	199.842	199.882	199.554
3908	2025.08.18 20:00	GBPJPY.i	H1	199.667	199.744	199.857	199.557
3909	2025.08.18 21:00	GBPJPY.i	H1	199.685	199.687	199.826	199.559
3910	2025.08.18 22:00	GBPJPY.i	H1	199.651	199.672	199.799	199.562
3911	2025.08.18 23:00	GBPJPY.i	H1	199.599	199.642	199.771	199.565
3912	2025.08.19 00:00	GBPJPY.i	H1	199.605	199.570	199.732	199.566
3913	2025.08.19 01:00	GBPJPY.i	H1	199.750	199.609	199.710	199.567
3914	2025.08.19 02:00	GBPJPY.i	H1	199.806	199.684	199.709	199.572
3915	2025.08.19 03:00	GBPJPY.i	H1	199.535	199.659	199.701	199.576
3916	2025.08.19 04:00	GBPJPY.i	H1	199.383	199.562	199.672	199.576
3917	2025.08.19 05:00	GBPJPY.i	H1	199.518	199.498	199.634	199.573
3918	2025.08.19 06:00	GBPJPY.i	H1	199.579	199.504	199.605	199.571
3919	2025.08.19 07:00	GBPJPY.i	H1	199.546	199.510	199.584	199.571
3920	2025.08.19 08:00	GBPJPY.i	H1	199.313	199.445	199.551	199.568
3921	2025.08.19 09:00	GBPJPY.i	H1	199.467	199.402	199.515	199.563
3922	2025.08.19 10:00	GBPJPY.i	H1	199.708	199.489	199.507	199.562
3923	2025.08.19 11:00	GBPJPY.i	H1	199.637	199.568	199.517	199.564
3924	2025.08.19 12:00	GBPJPY.i	H1	199.742	199.638	199.540	199.567
3925	2025.08.19 13:00	GBPJPY.i	H1	199.737	199.686	199.568	199.571
3926	2025.08.19 14:00	GBPJPY.i	H1	199.719	199.717	199.597	199.575
3927	2025.08.19 15:00	GBPJPY.i	H1	199.645	199.722	199.620	199.579
3928	2025.08.19 16:00	GBPJPY.i	H1	199.485	199.650	199.622	199.580
3929	2025.08.19 17:00	GBPJPY.i	H1	199.469	199.573	199.607	199.578
3930	2025.08.19 18:00	GBPJPY.i	H1	199.324	199.470	199.573	199.574
3931	2025.08.19 19:00	GBPJPY.i	H1	199.130	199.311	199.512	199.565
3932	2025.08.19 20:00	GBPJPY.i	H1	198.934	199.123	199.421	199.552
3933	2025.08.19 21:00	GBPJPY.i	H1	198.925	198.965	199.316	199.535
3934	2025.08.19 22:00	GBPJPY.i	H1	199.083	198.923	199.224	199.519
3935	2025.08.19 23:00	GBPJPY.i	H1	199.222	198.995	199.168	199.507
3936	2025.08.20 00:00	GBPJPY.i	H1	198.897	198.935	199.109	199.495
3937	2025.08.20 01:00	GBPJPY.i	H1	199.117	198.959	199.067	199.481
3938	2025.08.20 02:00	GBPJPY.i	H1	199.217	199.047	199.052	199.471
3939	2025.08.20 03:00	GBPJPY.i	H1	198.923	199.011	199.031	199.461
3940	2025.08.20 04:00	GBPJPY.i	H1	198.725	198.900	198.987	199.445
3941	2025.08.20 05:00	GBPJPY.i	H1	198.741	198.788	198.927	199.426
3942	2025.08.20 06:00	GBPJPY.i	H1	198.751	198.740	198.870	199.407
3943	2025.08.20 07:00	GBPJPY.i	H1	198.850	198.751	198.828	199.390
3944	2025.08.20 08:00	GBPJPY.i	H1	198.833	198.764	198.798	199.374
3945	2025.08.20 09:00	GBPJPY.i	H1	198.797	198.779	198.777	199.359
3946	2025.08.20 10:00	GBPJPY.i	H1	199.420	198.975	198.805	199.350
3947	2025.08.20 11:00	GBPJPY.i	H1	199.253	199.135	198.863	199.346
3948	2025.08.20 12:00	GBPJPY.i	H1	199.109	199.168	198.915	199.343
3949	2025.08.20 13:00	GBPJPY.i	H1	198.973	199.119	198.944	199.335
3950	2025.08.20 14:00	GBPJPY.i	H1	198.760	198.999	198.941	199.323
3951	2025.08.20 15:00	GBPJPY.i	H1	198.654	198.860	198.909	199.308
3952	2025.08.20 16:00	GBPJPY.i	H1	198.329	198.643	198.836	199.287
3953	2025.08.20 17:00	GBPJPY.i	H1	198.042	198.353	198.716	199.259
3954	2025.08.20 18:00	GBPJPY.i	H1	197.955	198.130	198.573	199.226
3955	2025.08.20 19:00	GBPJPY.i	H1	198.023	198.008	198.435	199.193
3956	2025.08.20 20:00	GBPJPY.i	H1	198.022	197.933	198.311	199.161
3957	2025.08.20 21:00	GBPJPY.i	H1	198.102	197.935	198.213	199.130
3958	2025.08.20 22:00	GBPJPY.i	H1	198.237	197.998	198.149	199.102
3959	2025.08.20 23:00	GBPJPY.i	H1	198.179	198.074	198.114	199.078
3960	2025.08.21 00:00	GBPJPY.i	H1	198.115	198.076	198.084	199.053
3961	2025.08.21 01:00	GBPJPY.i	H1	198.231	198.118	198.069	199.028
3962	2025.08.21 02:00	GBPJPY.i	H1	198.332	198.203	198.075	199.007
3963	2025.08.21 03:00	GBPJPY.i	H1	198.310	198.261	198.093	198.987
3964	2025.08.21 04:00	GBPJPY.i	H1	198.390	198.323	198.120	198.969
3965	2025.08.21 05:00	GBPJPY.i	H1	198.167	198.302	198.137	198.951
3966	2025.08.21 06:00	GBPJPY.i	H1	198.306	198.292	198.149	198.931
3967	2025.08.21 07:00	GBPJPY.i	H1	198.232	198.284	198.158	198.912
3968	2025.08.21 08:00	GBPJPY.i	H1	198.317	198.306	198.172	198.894
3969	2025.08.21 09:00	GBPJPY.i	H1	198.377	198.343	198.193	198.879
3970	2025.08.21 10:00	GBPJPY.i	H1	198.570	198.425	198.229	198.866
3971	2025.08.21 11:00	GBPJPY.i	H1	198.712	198.563	198.291	198.858
3972	2025.08.21 12:00	GBPJPY.i	H1	198.964	198.770	198.387	198.856
3973	2025.08.21 13:00	GBPJPY.i	H1	199.172	198.982	198.511	198.860
3974	2025.08.21 14:00	GBPJPY.i	H1	198.996	199.093	198.634	198.866
3975	2025.08.21 15:00	GBPJPY.i	H1	198.652	199.002	198.711	198.867
3976	2025.08.21 16:00	GBPJPY.i	H1	198.412	198.835	198.736	198.861
3977	2025.08.21 17:00	GBPJPY.i	H1	198.896	198.824	198.757	198.855
3978	2025.08.21 18:00	GBPJPY.i	H1	198.982	198.913	198.797	198.856
3979	2025.08.21 19:00	GBPJPY.i	H1	198.959	198.954	198.839	198.859
3980	2025.08.21 20:00	GBPJPY.i	H1	198.993	198.981	198.879	198.861
3981	2025.08.21 21:00	GBPJPY.i	H1	199.034	199.012	198.919	198.865
3982	2025.08.21 22:00	GBPJPY.i	H1	198.986	199.037	198.957	198.869
3983	2025.08.21 23:00	GBPJPY.i	H1	198.983	199.026	198.984	198.872
3984	2025.08.22 00:00	GBPJPY.i	H1	198.907	198.955	198.990	198.873
3985	2025.08.22 01:00	GBPJPY.i	H1	198.999	198.961	198.997	198.874
3986	2025.08.22 02:00	GBPJPY.i	H1	199.077	199.009	199.013	198.878
3987	2025.08.22 03:00	GBPJPY.i	H1	199.229	199.076	199.041	198.884
3988	2025.08.22 04:00	GBPJPY.i	H1	199.194	199.149	199.080	198.892
3989	2025.08.22 05:00	GBPJPY.i	H1	199.121	199.163	199.112	198.900
3990	2025.08.22 06:00	GBPJPY.i	H1	199.224	199.193	199.144	198.907
3991	2025.08.22 07:00	GBPJPY.i	H1	199.204	199.223	199.175	198.916
3992	2025.08.22 08:00	GBPJPY.i	H1	199.088	199.184	199.190	198.923
3993	2025.08.22 09:00	GBPJPY.i	H1	199.011	199.098	199.182	198.926
3994	2025.08.22 10:00	GBPJPY.i	H1	199.194	199.104	199.178	198.930
3995	2025.08.22 11:00	GBPJPY.i	H1	199.352	199.196	199.196	198.938
3996	2025.08.22 12:00	GBPJPY.i	H1	199.412	199.303	199.233	198.949
3997	2025.08.22 13:00	GBPJPY.i	H1	199.299	199.346	199.271	198.961
3998	2025.08.22 14:00	GBPJPY.i	H1	199.472	199.404	199.314	198.973
3999	2025.08.22 15:00	GBPJPY.i	H1	199.434	199.444	199.355	198.986
4000	2025.08.22 16:00	GBPJPY.i	H1	199.445	199.460	199.391	198.998
4001	2025.08.22 17:00	GBPJPY.i	H1	198.588	199.152	199.348	199.002
4002	2025.08.22 18:00	GBPJPY.i	H1	198.569	198.832	199.242	198.992
4003	2025.08.22 19:00	GBPJPY.i	H1	198.398	198.585	199.105	198.978
4004	2025.08.22 20:00	GBPJPY.i	H1	198.482	198.450	198.968	198.964
4005	2025.08.22 21:00	GBPJPY.i	H1	198.616	198.426	198.856	198.951
4006	2025.08.22 22:00	GBPJPY.i	H1	198.642	198.454	198.772	198.941
4007	2025.08.22 23:00	GBPJPY.i	H1	198.680	198.493	198.713	198.933
4008	2025.08.25 00:00	GBPJPY.i	H1	198.437	198.425	198.647	198.922
4009	2025.08.25 01:00	GBPJPY.i	H1	198.757	198.490	198.608	198.912
4010	2025.08.25 02:00	GBPJPY.i	H1	198.934	198.662	198.614	198.908
4011	2025.08.25 03:00	GBPJPY.i	H1	198.933	198.814	198.651	198.909
4012	2025.08.25 04:00	GBPJPY.i	H1	198.886	198.858	198.687	198.909
4013	2025.08.25 05:00	GBPJPY.i	H1	199.033	198.943	198.733	198.909
4014	2025.08.25 06:00	GBPJPY.i	H1	199.072	199.022	198.787	198.912
4015	2025.08.25 07:00	GBPJPY.i	H1	198.930	199.035	198.832	198.915
4016	2025.08.25 08:00	GBPJPY.i	H1	199.014	199.052	198.872	198.917
4017	2025.08.25 09:00	GBPJPY.i	H1	198.956	199.045	198.903	198.919
4018	2025.08.25 10:00	GBPJPY.i	H1	198.955	199.015	198.922	198.920
4019	2025.08.25 11:00	GBPJPY.i	H1	198.876	198.980	198.930	198.920
4020	2025.08.25 12:00	GBPJPY.i	H1	198.840	198.912	198.923	198.919
4021	2025.08.25 13:00	GBPJPY.i	H1	198.902	198.889	198.914	198.917
4022	2025.08.25 14:00	GBPJPY.i	H1	199.166	198.975	198.928	198.918
4023	2025.08.25 15:00	GBPJPY.i	H1	199.028	199.025	198.950	198.922
4024	2025.08.25 16:00	GBPJPY.i	H1	198.999	199.071	198.978	198.927
4025	2025.08.25 17:00	GBPJPY.i	H1	199.144	199.097	199.006	198.931
4026	2025.08.25 18:00	GBPJPY.i	H1	199.115	199.109	199.031	198.936
4027	2025.08.25 19:00	GBPJPY.i	H1	198.995	199.088	199.046	198.939
4028	2025.08.25 20:00	GBPJPY.i	H1	198.899	199.018	199.042	198.940
4029	2025.08.25 21:00	GBPJPY.i	H1	198.958	198.986	199.032	198.940
4030	2025.08.25 22:00	GBPJPY.i	H1	198.873	198.933	199.014	198.940
4031	2025.08.25 23:00	GBPJPY.i	H1	198.742	198.842	198.979	198.937
4032	2025.08.26 00:00	GBPJPY.i	H1	198.698	198.752	198.931	198.931
4033	2025.08.26 01:00	GBPJPY.i	H1	198.779	198.729	198.889	198.926
4034	2025.08.26 02:00	GBPJPY.i	H1	198.873	198.757	198.862	198.922
4035	2025.08.26 03:00	GBPJPY.i	H1	198.314	198.608	198.806	198.915
4036	2025.08.26 04:00	GBPJPY.i	H1	198.461	198.493	198.735	198.902
4037	2025.08.26 05:00	GBPJPY.i	H1	198.627	198.501	198.681	198.892
4038	2025.08.26 06:00	GBPJPY.i	H1	198.813	198.587	198.658	198.886
4039	2025.08.26 07:00	GBPJPY.i	H1	198.845	198.684	198.661	198.883
4040	2025.08.26 08:00	GBPJPY.i	H1	198.897	198.782	198.683	198.882
4041	2025.08.26 09:00	GBPJPY.i	H1	198.893	198.829	198.710	198.882
4042	2025.08.26 10:00	GBPJPY.i	H1	198.726	198.807	198.725	198.880
4043	2025.08.26 11:00	GBPJPY.i	H1	198.679	198.763	198.726	198.875
4044	2025.08.26 12:00	GBPJPY.i	H1	198.887	198.791	198.734	198.872
4045	2025.08.26 13:00	GBPJPY.i	H1	198.927	198.848	198.754	198.871
4046	2025.08.26 14:00	GBPJPY.i	H1	198.893	198.887	198.779	198.872
4047	2025.08.26 15:00	GBPJPY.i	H1	198.870	198.877	198.796	198.872
4048	2025.08.26 16:00	GBPJPY.i	H1	198.880	198.901	198.816	198.872
4049	2025.08.26 17:00	GBPJPY.i	H1	198.806	198.908	198.833	198.872
4050	2025.08.26 18:00	GBPJPY.i	H1	198.607	198.806	198.824	198.870
4051	2025.08.26 19:00	GBPJPY.i	H1	198.529	198.658	198.784	198.862
4052	2025.08.26 20:00	GBPJPY.i	H1	198.562	198.587	198.739	198.853
4053	2025.08.26 21:00	GBPJPY.i	H1	198.658	198.591	198.705	198.846
4054	2025.08.26 22:00	GBPJPY.i	H1	198.719	198.618	198.685	198.841
4055	2025.08.26 23:00	GBPJPY.i	H1	198.675	198.638	198.673	198.837
4056	2025.08.27 00:00	GBPJPY.i	H1	198.524	198.575	198.649	198.830
4057	2025.08.27 01:00	GBPJPY.i	H1	198.744	198.623	198.640	198.824
4058	2025.08.27 02:00	GBPJPY.i	H1	198.744	198.669	198.644	198.821
4059	2025.08.27 03:00	GBPJPY.i	H1	198.808	198.723	198.658	198.819
4060	2025.08.27 04:00	GBPJPY.i	H1	198.813	198.776	198.681	198.819
4061	2025.08.27 05:00	GBPJPY.i	H1	198.864	198.829	198.711	198.819
4062	2025.08.27 06:00	GBPJPY.i	H1	198.939	198.894	198.748	198.821
4063	2025.08.27 07:00	GBPJPY.i	H1	198.955	198.951	198.791	198.825
4064	2025.08.27 08:00	GBPJPY.i	H1	198.892	198.960	198.826	198.828
4065	2025.08.27 09:00	GBPJPY.i	H1	198.877	198.930	198.848	198.830
4066	2025.08.27 10:00	GBPJPY.i	H1	198.776	198.887	198.856	198.830
4067	2025.08.27 11:00	GBPJPY.i	H1	198.871	198.858	198.857	198.829
4068	2025.08.27 12:00	GBPJPY.i	H1	198.977	198.887	198.865	198.830
4069	2025.08.27 13:00	GBPJPY.i	H1	198.803	198.880	198.871	198.832
4070	2025.08.27 14:00	GBPJPY.i	H1	198.960	198.900	198.880	198.833
4071	2025.08.27 15:00	GBPJPY.i	H1	199.026	198.951	198.900	198.837
4072	2025.08.27 16:00	GBPJPY.i	H1	199.126	199.019	198.930	198.842
4073	2025.08.27 17:00	GBPJPY.i	H1	199.023	199.041	198.959	198.848
4074	2025.08.27 18:00	GBPJPY.i	H1	198.956	199.021	198.977	198.852
4075	2025.08.27 19:00	GBPJPY.i	H1	198.872	198.991	198.984	198.855
4076	2025.08.27 20:00	GBPJPY.i	H1	198.947	198.957	198.983	198.857
4077	2025.08.27 21:00	GBPJPY.i	H1	198.960	198.960	198.983	198.859
4078	2025.08.27 22:00	GBPJPY.i	H1	199.051	198.996	198.991	198.863
4079	2025.08.27 23:00	GBPJPY.i	H1	198.971	198.996	198.998	198.867
4080	2025.08.28 00:00	GBPJPY.i	H1	198.869	198.915	198.984	198.868
4081	2025.08.28 01:00	GBPJPY.i	H1	198.813	198.861	198.961	198.867
4082	2025.08.28 02:00	GBPJPY.i	H1	198.957	198.865	198.944	198.867
4083	2025.08.28 03:00	GBPJPY.i	H1	198.916	198.904	198.940	198.869
4084	2025.08.28 04:00	GBPJPY.i	H1	198.968	198.923	198.940	198.871
4085	2025.08.28 05:00	GBPJPY.i	H1	199.015	198.972	198.951	198.874
4086	2025.08.28 06:00	GBPJPY.i	H1	198.696	198.897	198.942	198.876
4087	2025.08.28 07:00	GBPJPY.i	H1	198.725	198.817	198.915	198.873
4088	2025.08.28 08:00	GBPJPY.i	H1	198.680	198.735	198.877	198.868
4089	2025.08.28 09:00	GBPJPY.i	H1	198.920	198.752	198.850	198.865
4090	2025.08.28 10:00	GBPJPY.i	H1	198.659	198.733	198.825	198.863
4091	2025.08.28 11:00	GBPJPY.i	H1	198.682	198.694	198.796	198.859
4092	2025.08.28 12:00	GBPJPY.i	H1	198.659	198.658	198.764	198.853
4093	2025.08.28 13:00	GBPJPY.i	H1	198.662	198.659	198.739	198.848
4094	2025.08.28 14:00	GBPJPY.i	H1	198.563	198.600	198.705	198.843
4095	2025.08.28 15:00	GBPJPY.i	H1	198.633	198.575	198.673	198.835
4096	2025.08.28 16:00	GBPJPY.i	H1	198.664	198.588	198.650	198.829
4097	2025.08.28 17:00	GBPJPY.i	H1	198.585	198.597	198.633	198.824
4098	2025.08.28 18:00	GBPJPY.i	H1	198.653	198.610	198.622	198.819
4099	2025.08.28 19:00	GBPJPY.i	H1	198.567	198.596	198.610	198.813
4100	2025.08.28 20:00	GBPJPY.i	H1	198.496	198.538	198.587	198.806
4101	2025.08.28 21:00	GBPJPY.i	H1	198.439	198.492	198.558	198.797
4102	2025.08.28 22:00	GBPJPY.i	H1	198.514	198.476	198.532	198.788
4103	2025.08.28 23:00	GBPJPY.i	H1	198.515	198.488	198.515	198.780
4104	2025.08.29 00:00	GBPJPY.i	H1	198.449	198.426	198.487	198.771
4105	2025.08.29 01:00	GBPJPY.i	H1	198.588	198.480	198.478	198.763
4106	2025.08.29 02:00	GBPJPY.i	H1	198.341	198.444	198.462	198.755
4107	2025.08.29 03:00	GBPJPY.i	H1	198.338	198.404	198.440	198.745
4108	2025.08.29 04:00	GBPJPY.i	H1	198.425	198.402	198.423	198.736
4109	2025.08.29 05:00	GBPJPY.i	H1	198.332	198.369	198.402	198.726
4110	2025.08.29 06:00	GBPJPY.i	H1	198.409	198.363	198.384	198.716
4111	2025.08.29 07:00	GBPJPY.i	H1	198.364	198.363	198.370	198.706
4112	2025.08.29 08:00	GBPJPY.i	H1	198.457	198.378	198.363	198.698
4113	2025.08.29 09:00	GBPJPY.i	H1	198.520	198.426	198.369	198.691
4114	2025.08.29 10:00	GBPJPY.i	H1	198.324	198.417	198.371	198.684
4115	2025.08.29 11:00	GBPJPY.i	H1	198.045	198.275	198.340	198.672
4116	2025.08.29 12:00	GBPJPY.i	H1	197.982	198.141	198.286	198.656
4117	2025.08.29 13:00	GBPJPY.i	H1	198.157	198.100	198.236	198.639
4118	2025.08.29 14:00	GBPJPY.i	H1	198.099	198.072	198.191	198.624
4119	2025.08.29 15:00	GBPJPY.i	H1	198.294	198.119	198.166	198.612
4120	2025.08.29 16:00	GBPJPY.i	H1	198.130	198.126	198.148	198.600
4121	2025.08.29 17:00	GBPJPY.i	H1	198.355	198.175	198.145	198.589
4122	2025.08.29 18:00	GBPJPY.i	H1	198.426	198.288	198.167	198.582
4123	2025.08.29 19:00	GBPJPY.i	H1	198.448	198.372	198.204	198.577
4124	2025.08.29 20:00	GBPJPY.i	H1	198.468	198.430	198.244	198.574
4125	2025.08.29 21:00	GBPJPY.i	H1	198.615	198.520	198.297	198.572
4126	2025.08.29 22:00	GBPJPY.i	H1	198.619	198.588	198.354	198.572
4127	2025.08.29 23:00	GBPJPY.i	H1	198.538	198.592	198.400	198.572
4128	2025.09.01 00:00	GBPJPY.i	H1	198.469	198.525	198.422	198.569
4129	2025.09.01 01:00	GBPJPY.i	H1	198.667	198.570	198.452	198.566
4130	2025.09.01 02:00	GBPJPY.i	H1	198.654	198.638	198.492	198.568
4131	2025.09.01 03:00	GBPJPY.i	H1	199.033	198.797	198.561	198.574
4132	2025.09.01 04:00	GBPJPY.i	H1	199.014	198.942	198.648	198.585
4133	2025.09.01 05:00	GBPJPY.i	H1	198.694	198.923	198.712	198.594
4134	2025.09.01 06:00	GBPJPY.i	H1	198.640	198.842	198.745	198.598
4135	2025.09.01 07:00	GBPJPY.i	H1	198.776	198.810	198.765	198.601
4136	2025.09.01 08:00	GBPJPY.i	H1	198.699	198.780	198.776	198.604
4137	2025.09.01 09:00	GBPJPY.i	H1	198.828	198.782	198.786	198.608
4138	2025.09.01 10:00	GBPJPY.i	H1	198.989	198.869	198.815	198.615
4139	2025.09.01 11:00	GBPJPY.i	H1	198.948	198.942	198.855	198.625
4140	2025.09.01 12:00	GBPJPY.i	H1	199.033	198.983	198.895	198.635
4141	2025.09.01 13:00	GBPJPY.i	H1	198.973	199.006	198.931	198.645
4142	2025.09.01 14:00	GBPJPY.i	H1	199.012	199.037	198.967	198.655
4143	2025.09.01 15:00	GBPJPY.i	H1	199.198	199.108	199.011	198.667
4144	2025.09.01 16:00	GBPJPY.i	H1	199.332	199.222	199.072	198.682
4145	2025.09.01 17:00	GBPJPY.i	H1	199.537	199.374	199.154	198.702
4146	2025.09.01 18:00	GBPJPY.i	H1	199.419	199.460	199.237	198.723
4147	2025.09.01 19:00	GBPJPY.i	H1	199.384	199.477	199.305	198.743
4148	2025.09.01 20:00	GBPJPY.i	H1	199.366	199.462	199.356	198.761
4149	2025.09.01 21:00	GBPJPY.i	H1	199.393	199.452	199.394	198.778
4150	2025.09.01 22:00	GBPJPY.i	H1	199.409	199.444	199.423	198.795
4151	2025.09.01 23:00	GBPJPY.i	H1	199.320	199.412	199.439	198.810
4152	2025.09.02 00:00	GBPJPY.i	H1	199.235	199.332	199.434	198.824
4153	2025.09.02 01:00	GBPJPY.i	H1	199.334	199.324	199.429	198.836
4154	2025.09.02 02:00	GBPJPY.i	H1	199.252	199.291	199.417	198.849
4155	2025.09.02 03:00	GBPJPY.i	H1	199.409	199.326	199.416	198.862
4156	2025.09.02 04:00	GBPJPY.i	H1	199.713	199.455	199.444	198.880
4157	2025.09.02 05:00	GBPJPY.i	H1	199.771	199.607	199.499	198.902
4158	2025.09.02 06:00	GBPJPY.i	H1	199.776	199.700	199.561	198.925
4159	2025.09.02 07:00	GBPJPY.i	H1	199.826	199.811	199.633	198.950
4160	2025.09.02 08:00	GBPJPY.i	H1	199.993	199.913	199.712	198.976
4161	2025.09.02 09:00	GBPJPY.i	H1	200.208	200.073	199.810	199.006
4162	2025.09.02 10:00	GBPJPY.i	H1	199.235	199.863	199.837	199.029
4163	2025.09.02 11:00	GBPJPY.i	H1	199.102	199.493	199.775	199.037
4164	2025.09.02 12:00	GBPJPY.i	H1	199.062	199.238	199.671	199.037
4165	2025.09.02 13:00	GBPJPY.i	H1	198.805	199.009	199.539	199.035
4166	2025.09.02 14:00	GBPJPY.i	H1	198.905	198.848	199.400	199.030
4167	2025.09.02 15:00	GBPJPY.i	H1	198.703	198.724	199.263	199.024
4168	2025.09.02 16:00	GBPJPY.i	H1	198.714	198.623	199.131	199.015
4169	2025.09.02 17:00	GBPJPY.i	H1	198.385	198.477	198.991	199.004
4170	2025.09.02 18:00	GBPJPY.i	H1	198.473	198.370	198.855	198.989
4171	2025.09.02 19:00	GBPJPY.i	H1	198.605	198.372	198.745	198.975
4172	2025.09.02 20:00	GBPJPY.i	H1	198.592	198.405	198.664	198.963
4173	2025.09.02 21:00	GBPJPY.i	H1	198.645	198.446	198.606	198.953
4174	2025.09.02 22:00	GBPJPY.i	H1	198.653	198.499	198.569	198.944
4175	2025.09.02 23:00	GBPJPY.i	H1	198.666	198.562	198.551	198.936
4176	2025.09.03 00:00	GBPJPY.i	H1	198.672	198.573	198.537	198.928
4177	2025.09.03 01:00	GBPJPY.i	H1	198.791	198.665	198.546	198.921
4178	2025.09.03 02:00	GBPJPY.i	H1	198.813	198.742	198.569	198.917
4179	2025.09.03 03:00	GBPJPY.i	H1	198.972	198.824	198.605	198.915
4180	2025.09.03 04:00	GBPJPY.i	H1	199.015	198.931	198.659	198.916
4181	2025.09.03 05:00	GBPJPY.i	H1	198.928	198.976	198.711	198.917
4182	2025.09.03 06:00	GBPJPY.i	H1	198.965	199.009	198.760	198.918
4183	2025.09.03 07:00	GBPJPY.i	H1	198.641	198.918	198.779	198.917
4184	2025.09.03 08:00	GBPJPY.i	H1	198.556	198.777	198.764	198.910
4185	2025.09.03 09:00	GBPJPY.i	H1	198.790	198.765	198.753	198.903
4186	2025.09.03 10:00	GBPJPY.i	H1	198.800	198.774	198.748	198.899
4187	2025.09.03 11:00	GBPJPY.i	H1	199.214	198.925	198.781	198.900
4188	2025.09.03 12:00	GBPJPY.i	H1	199.177	199.082	198.843	198.907
4189	2025.09.03 13:00	GBPJPY.i	H1	199.306	199.187	198.915	198.916
4190	2025.09.03 14:00	GBPJPY.i	H1	199.318	199.276	198.992	198.925
4191	2025.09.03 15:00	GBPJPY.i	H1	199.658	199.450	199.093	198.939
4192	2025.09.03 16:00	GBPJPY.i	H1	199.403	199.530	199.191	198.955
4193	2025.09.03 17:00	GBPJPY.i	H1	199.048	199.400	199.238	198.965
4194	2025.09.03 18:00	GBPJPY.i	H1	198.985	199.260	199.246	198.969
4195	2025.09.03 19:00	GBPJPY.i	H1	198.974	199.132	199.226	198.970
4196	2025.09.03 20:00	GBPJPY.i	H1	198.983	199.058	199.196	198.970
4197	2025.09.03 21:00	GBPJPY.i	H1	198.897	198.981	199.156	198.970
4198	2025.09.03 22:00	GBPJPY.i	H1	199.069	198.969	199.124	198.970
4199	2025.09.03 23:00	GBPJPY.i	H1	199.112	199.011	199.108	198.972
4200	2025.09.04 00:00	GBPJPY.i	H1	198.912	198.968	199.085	198.974
4201	2025.09.04 01:00	GBPJPY.i	H1	198.970	198.965	199.066	198.974
4202	2025.09.04 02:00	GBPJPY.i	H1	198.889	198.923	199.040	198.973
4203	2025.09.04 03:00	GBPJPY.i	H1	198.975	198.927	199.020	198.972
4204	2025.09.04 04:00	GBPJPY.i	H1	198.884	198.895	198.996	198.971
4205	2025.09.04 05:00	GBPJPY.i	H1	198.959	198.907	198.979	198.970
4206	2025.09.04 06:00	GBPJPY.i	H1	199.061	198.952	198.975	198.970
4207	2025.09.04 07:00	GBPJPY.i	H1	199.040	198.981	198.977	198.972
4208	2025.09.04 08:00	GBPJPY.i	H1	199.036	199.004	198.984	198.973
4209	2025.09.04 09:00	GBPJPY.i	H1	199.105	199.055	198.999	198.976
4210	2025.09.04 10:00	GBPJPY.i	H1	199.211	199.114	199.025	198.980
4211	2025.09.04 11:00	GBPJPY.i	H1	199.407	199.252	199.076	198.988
4212	2025.09.04 12:00	GBPJPY.i	H1	199.338	199.326	199.132	198.998
4213	2025.09.04 13:00	GBPJPY.i	H1	199.390	199.386	199.189	199.009
4214	2025.09.04 14:00	GBPJPY.i	H1	199.276	199.374	199.231	199.018
4215	2025.09.04 15:00	GBPJPY.i	H1	199.499	199.398	199.270	199.026
4216	2025.09.04 16:00	GBPJPY.i	H1	199.480	199.470	199.319	199.038
4217	2025.09.04 17:00	GBPJPY.i	H1	199.710	199.556	199.377	199.052
4218	2025.09.04 18:00	GBPJPY.i	H1	199.737	199.681	199.452	199.069
4219	2025.09.04 19:00	GBPJPY.i	H1	199.465	199.661	199.506	199.085
4220	2025.09.04 20:00	GBPJPY.i	H1	199.506	199.620	199.540	199.097
4221	2025.09.04 21:00	GBPJPY.i	H1	199.459	199.581	199.559	199.108
4222	2025.09.04 22:00	GBPJPY.i	H1	199.498	199.544	199.567	199.119
4223	2025.09.04 23:00	GBPJPY.i	H1	199.455	199.518	199.568	199.129
4224	2025.09.05 00:00	GBPJPY.i	H1	199.326	199.406	199.544	199.136
4225	2025.09.05 01:00	GBPJPY.i	H1	199.454	199.401	199.525	199.142
4226	2025.09.05 02:00	GBPJPY.i	H1	199.526	199.426	199.515	199.151
4227	2025.09.05 03:00	GBPJPY.i	H1	199.276	199.382	199.497	199.158
4228	2025.09.05 04:00	GBPJPY.i	H1	199.279	199.325	199.470	199.163
4229	2025.09.05 05:00	GBPJPY.i	H1	199.347	199.300	199.441	199.167
4230	2025.09.05 06:00	GBPJPY.i	H1	199.349	199.292	199.417	199.171
4231	2025.09.05 07:00	GBPJPY.i	H1	199.354	199.309	199.401	199.176
4232	2025.09.05 08:00	GBPJPY.i	H1	199.460	199.351	199.396	199.182
4233	2025.09.05 09:00	GBPJPY.i	H1	199.461	199.431	199.410	199.190
4234	2025.09.05 10:00	GBPJPY.i	H1	199.558	199.472	199.428	199.199
4235	2025.09.05 11:00	GBPJPY.i	H1	199.572	199.518	199.452	199.208
4236	2025.09.05 12:00	GBPJPY.i	H1	199.753	199.607	199.490	199.219
4237	2025.09.05 13:00	GBPJPY.i	H1	199.674	199.677	199.535	199.232
4238	2025.09.05 14:00	GBPJPY.i	H1	199.505	199.662	199.567	199.244
4239	2025.09.05 15:00	GBPJPY.i	H1	199.160	199.484	199.550	199.249
4240	2025.09.05 16:00	GBPJPY.i	H1	199.231	199.345	199.507	199.249
4241	2025.09.05 17:00	GBPJPY.i	H1	198.851	199.127	199.425	199.244
4242	2025.09.05 18:00	GBPJPY.i	H1	198.836	198.938	199.319	199.234
4243	2025.09.05 19:00	GBPJPY.i	H1	199.019	198.881	199.224	199.224
4244	2025.09.05 20:00	GBPJPY.i	H1	199.006	198.892	199.152	199.217
4245	2025.09.05 21:00	GBPJPY.i	H1	199.151	198.948	199.106	199.213
4246	2025.09.05 22:00	GBPJPY.i	H1	199.114	199.000	199.081	199.210
4247	2025.09.05 23:00	GBPJPY.i	H1	199.030	199.015	199.062	199.207
4248	2025.09.08 00:00	GBPJPY.i	H1	199.673	199.372	199.127	199.213
4249	2025.09.08 01:00	GBPJPY.i	H1	200.176	199.708	199.252	199.232
4250	2025.09.08 02:00	GBPJPY.i	H1	200.110	199.969	199.407	199.254
4251	2025.09.08 03:00	GBPJPY.i	H1	200.191	200.169	199.572	199.279
4252	2025.09.08 04:00	GBPJPY.i	H1	200.009	200.223	199.713	199.303
4253	2025.09.08 05:00	GBPJPY.i	H1	199.965	200.172	199.813	199.323
4254	2025.09.08 06:00	GBPJPY.i	H1	200.000	200.143	199.888	199.340
4255	2025.09.08 07:00	GBPJPY.i	H1	199.970	200.101	199.941	199.358
4256	2025.09.08 08:00	GBPJPY.i	H1	199.934	200.050	199.974	199.374
4257	2025.09.08 09:00	GBPJPY.i	H1	199.833	199.988	199.989	199.388
4258	2025.09.08 10:00	GBPJPY.i	H1	199.399	199.783	199.956	199.397
4259	2025.09.08 11:00	GBPJPY.i	H1	199.557	199.631	199.898	199.401
4260	2025.09.08 12:00	GBPJPY.i	H1	199.599	199.571	199.841	199.404
4261	2025.09.08 13:00	GBPJPY.i	H1	199.980	199.668	199.819	199.413
4262	2025.09.08 14:00	GBPJPY.i	H1	199.928	199.775	199.825	199.426
4263	2025.09.08 15:00	GBPJPY.i	H1	200.021	199.882	199.853	199.441
4264	2025.09.08 16:00	GBPJPY.i	H1	200.025	199.955	199.888	199.457
4265	2025.09.08 17:00	GBPJPY.i	H1	199.974	199.995	199.923	199.472
4266	2025.09.08 18:00	GBPJPY.i	H1	199.925	199.972	199.944	199.486
4267	2025.09.08 19:00	GBPJPY.i	H1	199.924	199.948	199.955	199.498
4268	2025.09.08 20:00	GBPJPY.i	H1	199.840	199.925	199.958	199.509
4269	2025.09.08 21:00	GBPJPY.i	H1	199.850	199.896	199.953	199.519
4270	2025.09.08 22:00	GBPJPY.i	H1	199.761	199.827	199.934	199.527
4271	2025.09.08 23:00	GBPJPY.i	H1	199.790	199.793	199.911	199.534
4272	2025.09.09 00:00	GBPJPY.i	H1	199.759	199.747	199.882	199.540
4273	2025.09.09 01:00	GBPJPY.i	H1	199.728	199.729	199.856	199.545
4274	2025.09.09 02:00	GBPJPY.i	H1	199.730	199.693	199.826	199.550
4275	2025.09.09 03:00	GBPJPY.i	H1	199.772	199.683	199.799	199.554
4276	2025.09.09 04:00	GBPJPY.i	H1	199.754	199.698	199.781	199.559
4277	2025.09.09 05:00	GBPJPY.i	H1	199.837	199.742	199.776	199.565
4278	2025.09.09 06:00	GBPJPY.i	H1	199.815	199.778	199.779	199.573
4279	2025.09.09 07:00	GBPJPY.i	H1	199.706	199.755	199.775	199.578
4280	2025.09.09 08:00	GBPJPY.i	H1	199.418	199.632	199.743	199.579
4281	2025.09.09 09:00	GBPJPY.i	H1	199.490	199.544	199.698	199.577
4282	2025.09.09 10:00	GBPJPY.i	H1	199.684	199.569	199.668	199.577
4283	2025.09.09 11:00	GBPJPY.i	H1	199.013	199.383	199.602	199.573
4284	2025.09.09 12:00	GBPJPY.i	H1	198.843	199.106	199.487	199.559
4285	2025.09.09 13:00	GBPJPY.i	H1	198.868	198.932	199.358	199.540
4286	2025.09.09 14:00	GBPJPY.i	H1	198.935	198.859	199.240	199.522
4287	2025.09.09 15:00	GBPJPY.i	H1	199.143	198.887	199.154	199.507
4288	2025.09.09 16:00	GBPJPY.i	H1	199.054	198.933	199.095	199.495
4289	2025.09.09 17:00	GBPJPY.i	H1	199.159	198.961	199.053	199.484
4290	2025.09.09 18:00	GBPJPY.i	H1	199.227	199.063	199.041	199.475
4291	2025.09.09 19:00	GBPJPY.i	H1	199.318	199.169	199.054	199.469
4292	2025.09.09 20:00	GBPJPY.i	H1	199.311	199.264	199.084	199.465
4293	2025.09.09 21:00	GBPJPY.i	H1	199.318	199.310	199.116	199.461
4294	2025.09.09 22:00	GBPJPY.i	H1	199.336	199.347	199.150	199.457
4295	2025.09.09 23:00	GBPJPY.i	H1	199.373	199.388	199.186	199.455
4296	2025.09.10 00:00	GBPJPY.i	H1	199.283	199.337	199.204	199.451
4297	2025.09.10 01:00	GBPJPY.i	H1	199.368	199.357	199.224	199.446
4298	2025.09.10 02:00	GBPJPY.i	H1	199.283	199.352	199.240	199.443
4299	2025.09.10 03:00	GBPJPY.i	H1	199.353	199.361	199.256	199.440
4300	2025.09.10 04:00	GBPJPY.i	H1	199.311	199.367	199.271	199.437
4301	2025.09.10 05:00	GBPJPY.i	H1	199.316	199.353	199.282	199.434
4302	2025.09.10 06:00	GBPJPY.i	H1	199.460	199.393	199.300	199.432
4303	2025.09.10 07:00	GBPJPY.i	H1	199.507	199.464	199.332	199.433
4304	2025.09.10 08:00	GBPJPY.i	H1	199.535	199.510	199.368	199.435
4305	2025.09.10 09:00	GBPJPY.i	H1	199.587	199.567	199.410	199.438
4306	2025.09.10 10:00	GBPJPY.i	H1	199.609	199.582	199.447	199.442
4307	2025.09.10 11:00	GBPJPY.i	H1	199.548	199.584	199.477	199.445
4308	2025.09.10 12:00	GBPJPY.i	H1	199.644	199.624	199.510	199.449
4309	2025.09.10 13:00	GBPJPY.i	H1	199.660	199.642	199.542	199.453
4310	2025.09.10 14:00	GBPJPY.i	H1	199.640	199.657	199.570	199.458
4311	2025.09.10 15:00	GBPJPY.i	H1	199.604	199.622	199.586	199.462
4312	2025.09.10 16:00	GBPJPY.i	H1	199.717	199.654	199.606	199.466
4313	2025.09.10 17:00	GBPJPY.i	H1	199.736	199.699	199.633	199.472
4314	2025.09.10 18:00	GBPJPY.i	H1	199.630	199.698	199.654	199.479
4315	2025.09.10 19:00	GBPJPY.i	H1	199.485	199.631	199.655	199.482
4316	2025.09.10 20:00	GBPJPY.i	H1	199.403	199.518	199.631	199.482
4317	2025.09.10 21:00	GBPJPY.i	H1	199.411	199.450	199.597	199.480
4318	2025.09.10 22:00	GBPJPY.i	H1	199.457	199.418	199.564	199.478
4319	2025.09.10 23:00	GBPJPY.i	H1	199.510	199.418	199.538	199.477
4320	2025.09.11 00:00	GBPJPY.i	H1	199.315	199.352	199.502	199.474
4321	2025.09.11 01:00	GBPJPY.i	H1	199.477	199.365	199.477	199.472
4322	2025.09.11 02:00	GBPJPY.i	H1	199.408	199.377	199.458	199.470
4323	2025.09.11 03:00	GBPJPY.i	H1	199.475	199.400	199.448	199.469
4324	2025.09.11 04:00	GBPJPY.i	H1	199.414	199.400	199.439	199.469
4325	2025.09.11 05:00	GBPJPY.i	H1	199.457	199.412	199.434	199.467
4326	2025.09.11 06:00	GBPJPY.i	H1	199.455	199.432	199.433	199.467
4327	2025.09.11 07:00	GBPJPY.i	H1	199.428	199.427	199.431	199.466
4328	2025.09.11 08:00	GBPJPY.i	H1	199.473	199.434	199.430	199.465
4329	2025.09.11 09:00	GBPJPY.i	H1	199.662	199.532	199.452	199.467
4330	2025.09.11 10:00	GBPJPY.i	H1	199.732	199.614	199.488	199.473
4331	2025.09.11 11:00	GBPJPY.i	H1	199.813	199.726	199.540	199.480
4332	2025.09.11 12:00	GBPJPY.i	H1	199.788	199.782	199.593	199.489
4333	2025.09.11 13:00	GBPJPY.i	H1	199.980	199.863	199.654	199.498
4334	2025.09.11 14:00	GBPJPY.i	H1	199.867	199.928	199.716	199.510
4335	2025.09.11 15:00	GBPJPY.i	H1	199.825	199.915	199.763	199.520
4336	2025.09.11 16:00	GBPJPY.i	H1	199.712	199.874	199.790	199.527
4337	2025.09.11 17:00	GBPJPY.i	H1	199.549	199.737	199.782	199.531
4338	2025.09.11 18:00	GBPJPY.i	H1	199.644	199.696	199.769	199.533
4339	2025.09.11 19:00	GBPJPY.i	H1	199.669	199.666	199.753	199.536
4340	2025.09.11 20:00	GBPJPY.i	H1	199.878	199.728	199.755	199.542
4341	2025.09.11 21:00	GBPJPY.i	H1	199.848	199.801	199.774	199.550
4342	2025.09.11 22:00	GBPJPY.i	H1	199.816	199.813	199.790	199.558
4343	2025.09.11 23:00	GBPJPY.i	H1	199.806	199.816	199.803	199.565
4344	2025.09.12 00:00	GBPJPY.i	H1	199.717	199.767	199.802	199.571
4345	2025.09.12 01:00	GBPJPY.i	H1	199.855	199.785	199.805	199.576
4346	2025.09.12 02:00	GBPJPY.i	H1	199.847	199.817	199.814	199.583
4347	2025.09.12 03:00	GBPJPY.i	H1	199.827	199.833	199.825	199.590
4348	2025.09.12 04:00	GBPJPY.i	H1	199.856	199.830	199.833	199.597
4349	2025.09.12 05:00	GBPJPY.i	H1	199.875	199.859	199.845	199.604
4350	2025.09.12 06:00	GBPJPY.i	H1	199.864	199.875	199.858	199.611
4351	2025.09.12 07:00	GBPJPY.i	H1	199.952	199.908	199.875	199.620
4352	2025.09.12 08:00	GBPJPY.i	H1	199.775	199.884	199.883	199.627
4353	2025.09.12 09:00	GBPJPY.i	H1	199.835	199.844	199.880	199.632
4354	2025.09.12 10:00	GBPJPY.i	H1	200.007	199.897	199.889	199.639
4355	2025.09.12 11:00	GBPJPY.i	H1	200.154	200.008	199.922	199.650
4356	2025.09.12 12:00	GBPJPY.i	H1	200.387	200.169	199.984	199.666
4357	2025.09.12 13:00	GBPJPY.i	H1	200.303	200.287	200.059	199.684
4358	2025.09.12 14:00	GBPJPY.i	H1	200.297	200.333	200.127	199.702
4359	2025.09.12 15:00	GBPJPY.i	H1	200.230	200.333	200.180	199.718
4360	2025.09.12 16:00	GBPJPY.i	H1	200.106	200.273	200.208	199.731
4361	2025.09.12 17:00	GBPJPY.i	H1	200.220	200.261	200.229	199.743
4362	2025.09.12 18:00	GBPJPY.i	H1	200.273	200.282	200.251	199.757
4363	2025.09.12 19:00	GBPJPY.i	H1	200.259	200.290	200.271	199.771
4364	2025.09.12 20:00	GBPJPY.i	H1	200.086	200.235	200.275	199.784
4365	2025.09.12 21:00	GBPJPY.i	H1	200.134	200.176	200.264	199.793
4366	2025.09.12 22:00	GBPJPY.i	H1	200.151	200.154	200.252	199.803
4367	2025.09.12 23:00	GBPJPY.i	H1	200.087	200.133	200.237	199.812
4368	2025.09.15 00:00	GBPJPY.i	H1	200.119	200.084	200.214	199.820
4369	2025.09.15 01:00	GBPJPY.i	H1	200.242	200.110	200.202	199.828
4370	2025.09.15 02:00	GBPJPY.i	H1	200.136	200.127	200.195	199.837
4371	2025.09.15 03:00	GBPJPY.i	H1	200.011	200.080	200.178	199.845
4372	2025.09.15 04:00	GBPJPY.i	H1	200.094	200.061	200.160	199.851
4373	2025.09.15 05:00	GBPJPY.i	H1	200.046	200.046	200.141	199.857
4374	2025.09.15 06:00	GBPJPY.i	H1	199.982	200.011	200.118	199.861
4375	2025.09.15 07:00	GBPJPY.i	H1	199.983	199.979	200.091	199.865
4376	2025.09.15 08:00	GBPJPY.i	H1	200.047	199.982	200.071	199.869
4377	2025.09.15 09:00	GBPJPY.i	H1	200.090	200.023	200.063	199.874
4378	2025.09.15 10:00	GBPJPY.i	H1	200.287	200.124	200.079	199.882
4379	2025.09.15 11:00	GBPJPY.i	H1	200.203	200.204	200.109	199.892
4380	2025.09.15 12:00	GBPJPY.i	H1	200.298	200.256	200.143	199.903
4381	2025.09.15 13:00	GBPJPY.i	H1	200.556	200.383	200.198	199.916
4382	2025.09.15 14:00	GBPJPY.i	H1	200.701	200.547	200.278	199.934
4383	2025.09.15 15:00	GBPJPY.i	H1	200.498	200.599	200.351	199.953
4384	2025.09.15 16:00	GBPJPY.i	H1	200.334	200.539	200.395	199.968
4385	2025.09.15 17:00	GBPJPY.i	H1	200.329	200.465	200.414	199.978
4386	2025.09.15 18:00	GBPJPY.i	H1	200.387	200.421	200.420	199.988
4387	2025.09.15 19:00	GBPJPY.i	H1	200.355	200.407	200.424	199.999
4388	2025.09.15 20:00	GBPJPY.i	H1	200.396	200.401	200.426	200.009
4389	2025.09.15 21:00	GBPJPY.i	H1	200.437	200.401	200.429	200.020
4390	2025.09.15 22:00	GBPJPY.i	H1	200.580	200.466	200.446	200.032
4391	2025.09.15 23:00	GBPJPY.i	H1	200.421	200.478	200.462	200.045
4392	2025.09.16 00:00	GBPJPY.i	H1	200.371	200.412	200.459	200.055
4393	2025.09.16 01:00	GBPJPY.i	H1	200.505	200.434	200.461	200.065
4394	2025.09.16 02:00	GBPJPY.i	H1	200.476	200.454	200.468	200.076
4395	2025.09.16 03:00	GBPJPY.i	H1	200.544	200.491	200.481	200.088
4396	2025.09.16 04:00	GBPJPY.i	H1	200.435	200.490	200.491	200.099
4397	2025.09.16 05:00	GBPJPY.i	H1	200.302	200.416	200.481	200.108
4398	2025.09.16 06:00	GBPJPY.i	H1	200.307	200.362	200.461	200.114
4399	2025.09.16 07:00	GBPJPY.i	H1	200.167	200.272	200.425	200.118
4400	2025.09.16 08:00	GBPJPY.i	H1	200.184	200.204	200.381	200.120
4401	2025.09.16 09:00	GBPJPY.i	H1	200.220	200.174	200.340	200.122
4402	2025.09.16 10:00	GBPJPY.i	H1	200.179	200.142	200.300	200.123
4403	2025.09.16 11:00	GBPJPY.i	H1	200.305	200.191	200.279	200.126
4404	2025.09.16 12:00	GBPJPY.i	H1	200.482	200.289	200.284	200.132
4405	2025.09.16 13:00	GBPJPY.i	H1	200.387	200.358	200.302	200.141
4406	2025.09.16 14:00	GBPJPY.i	H1	200.488	200.416	200.328	200.149
4407	2025.09.16 15:00	GBPJPY.i	H1	200.650	200.515	200.369	200.160
4408	2025.09.16 16:00	GBPJPY.i	H1	200.442	200.534	200.405	200.171
4409	2025.09.16 17:00	GBPJPY.i	H1	200.102	200.402	200.403	200.176
4410	2025.09.16 18:00	GBPJPY.i	H1	200.094	200.233	200.363	200.175
4411	2025.09.16 19:00	GBPJPY.i	H1	199.890	200.079	200.299	200.170
4412	2025.09.16 20:00	GBPJPY.i	H1	199.929	199.961	200.223	200.163
4413	2025.09.16 21:00	GBPJPY.i	H1	199.895	199.891	200.148	200.156
4414	2025.09.16 22:00	GBPJPY.i	H1	199.983	199.874	200.086	200.150
4415	2025.09.16 23:00	GBPJPY.i	H1	199.823	199.839	200.028	200.143
4416	2025.09.17 00:00	GBPJPY.i	H1	199.785	199.775	199.967	200.134
4417	2025.09.17 01:00	GBPJPY.i	H1	199.965	199.805	199.925	200.126
4418	2025.09.17 02:00	GBPJPY.i	H1	199.890	199.812	199.893	200.120
4419	2025.09.17 03:00	GBPJPY.i	H1	199.940	199.822	199.868	200.113
4420	2025.09.17 04:00	GBPJPY.i	H1	199.862	199.835	199.850	200.106
4421	2025.09.17 05:00	GBPJPY.i	H1	199.917	199.863	199.842	200.101
4422	2025.09.17 06:00	GBPJPY.i	H1	199.911	199.876	199.838	200.095
4423	2025.09.17 07:00	GBPJPY.i	H1	199.785	199.852	199.829	200.089
4424	2025.09.17 08:00	GBPJPY.i	H1	199.950	199.868	199.825	200.082
4425	2025.09.17 09:00	GBPJPY.i	H1	199.818	199.870	199.823	200.077
4426	2025.09.17 10:00	GBPJPY.i	H1	199.974	199.888	199.826	200.072
4427	2025.09.17 11:00	GBPJPY.i	H1	199.760	199.864	199.823	200.066
4428	2025.09.17 12:00	GBPJPY.i	H1	199.696	199.797	199.806	200.058
4429	2025.09.17 13:00	GBPJPY.i	H1	199.575	199.692	199.769	200.047
4430	2025.09.17 14:00	GBPJPY.i	H1	199.704	199.648	199.732	200.035
4431	2025.09.17 15:00	GBPJPY.i	H1	199.863	199.715	199.719	200.026
4432	2025.09.17 16:00	GBPJPY.i	H1	199.932	199.771	199.722	200.021
4433	2025.09.17 17:00	GBPJPY.i	H1	199.887	199.824	199.736	200.016
4434	2025.09.17 18:00	GBPJPY.i	H1	199.911	199.879	199.759	200.013
4435	2025.09.17 19:00	GBPJPY.i	H1	199.896	199.909	199.784	200.011
4436	2025.09.17 20:00	GBPJPY.i	H1	199.869	199.923	199.807	200.008
4437	2025.09.17 21:00	GBPJPY.i	H1	200.105	199.952	199.832	200.005
4438	2025.09.17 22:00	GBPJPY.i	H1	200.165	200.065	199.878	200.007
4439	2025.09.17 23:00	GBPJPY.i	H1	200.216	200.173	199.940	200.012
4440	2025.09.18 00:00	GBPJPY.i	H1	200.162	200.196	199.993	200.017
4441	2025.09.18 01:00	GBPJPY.i	H1	200.130	200.216	200.040	200.021
4442	2025.09.18 02:00	GBPJPY.i	H1	200.187	200.218	200.079	200.025
4443	2025.09.18 03:00	GBPJPY.i	H1	200.197	200.238	200.115	200.029
4444	2025.09.18 04:00	GBPJPY.i	H1	200.206	200.254	200.149	200.034
4445	2025.09.18 05:00	GBPJPY.i	H1	200.190	200.261	200.178	200.040
4446	2025.09.18 06:00	GBPJPY.i	H1	200.290	200.274	200.204	200.045
4447	2025.09.18 07:00	GBPJPY.i	H1	200.293	200.298	200.232	200.051
4448	2025.09.18 08:00	GBPJPY.i	H1	200.350	200.327	200.261	200.059
4449	2025.09.18 09:00	GBPJPY.i	H1	200.397	200.386	200.297	200.067
4450	2025.09.18 10:00	GBPJPY.i	H1	200.561	200.465	200.344	200.078
4451	2025.09.18 11:00	GBPJPY.i	H1	201.085	200.731	200.441	200.096
4452	2025.09.18 12:00	GBPJPY.i	H1	200.959	200.913	200.558	200.121
4453	2025.09.18 13:00	GBPJPY.i	H1	200.983	201.017	200.673	200.145
4454	2025.09.18 14:00	GBPJPY.i	H1	200.756	201.005	200.760	200.167
4455	2025.09.18 15:00	GBPJPY.i	H1	200.907	200.971	200.821	200.186
4456	2025.09.18 16:00	GBPJPY.i	H1	200.631	200.880	200.850	200.202
4457	2025.09.18 17:00	GBPJPY.i	H1	200.586	200.807	200.858	200.216
4458	2025.09.18 18:00	GBPJPY.i	H1	200.539	200.681	200.837	200.227
4459	2025.09.18 19:00	GBPJPY.i	H1	200.394	200.550	200.792	200.234
4460	2025.09.18 20:00	GBPJPY.i	H1	200.445	200.471	200.741	200.240
4461	2025.09.18 21:00	GBPJPY.i	H1	200.425	200.408	200.685	200.245
4462	2025.09.18 22:00	GBPJPY.i	H1	200.447	200.383	200.636	200.250
4463	2025.09.18 23:00	GBPJPY.i	H1	200.547	200.413	200.603	200.256
4464	2025.09.19 00:00	GBPJPY.i	H1	200.517	200.393	200.570	200.262
4465	2025.09.19 01:00	GBPJPY.i	H1	200.480	200.419	200.549	200.268
4466	2025.09.19 02:00	GBPJPY.i	H1	200.562	200.465	200.540	200.275
4467	2025.09.19 03:00	GBPJPY.i	H1	200.526	200.475	200.534	200.282
4468	2025.09.19 04:00	GBPJPY.i	H1	200.456	200.467	200.525	200.288
4469	2025.09.19 05:00	GBPJPY.i	H1	200.396	200.417	200.505	200.292
4470	2025.09.19 06:00	GBPJPY.i	H1	200.040	200.249	200.450	200.290
4471	2025.09.19 07:00	GBPJPY.i	H1	199.808	199.996	200.349	200.280
4472	2025.09.19 08:00	GBPJPY.i	H1	199.789	199.843	200.236	200.267
4473	2025.09.19 09:00	GBPJPY.i	H1	199.709	199.692	200.113	200.252
4474	2025.09.19 10:00	GBPJPY.i	H1	199.570	199.572	199.988	200.235
4475	2025.09.19 11:00	GBPJPY.i	H1	199.598	199.511	199.876	200.217
4476	2025.09.19 12:00	GBPJPY.i	H1	199.813	199.537	199.792	200.201
4477	2025.09.19 13:00	GBPJPY.i	H1	199.667	199.572	199.732	200.187
4478	2025.09.19 14:00	GBPJPY.i	H1	199.690	199.583	199.684	200.174
4479	2025.09.19 15:00	GBPJPY.i	H1	199.545	199.546	199.636	200.158
4480	2025.09.19 16:00	GBPJPY.i	H1	199.419	199.490	199.584	200.141
4481	2025.09.19 17:00	GBPJPY.i	H1	199.384	199.429	199.529	200.122
4482	2025.09.19 18:00	GBPJPY.i	H1	199.316	199.353	199.468	200.101
4483	2025.09.19 19:00	GBPJPY.i	H1	199.341	199.299	199.407	200.079
4484	2025.09.19 20:00	GBPJPY.i	H1	199.372	199.298	199.359	200.059
4485	2025.09.19 21:00	GBPJPY.i	H1	199.294	199.281	199.318	200.038
4486	2025.09.19 22:00	GBPJPY.i	H1	199.310	199.268	199.283	200.018
4487	2025.09.19 23:00	GBPJPY.i	H1	199.251	199.254	199.251	199.998
4488	2025.09.22 00:00	GBPJPY.i	H1	199.147	199.175	199.209	199.975
4489	2025.09.22 01:00	GBPJPY.i	H1	199.357	199.199	199.182	199.954
4490	2025.09.22 02:00	GBPJPY.i	H1	199.386	199.280	199.180	199.936
4491	2025.09.22 03:00	GBPJPY.i	H1	199.538	199.385	199.203	199.922
4492	2025.09.22 04:00	GBPJPY.i	H1	199.555	199.492	199.245	199.912
4493	2025.09.22 05:00	GBPJPY.i	H1	199.664	199.593	199.301	199.903
4494	2025.09.22 06:00	GBPJPY.i	H1	199.693	199.681	199.366	199.897
4495	2025.09.22 07:00	GBPJPY.i	H1	199.594	199.691	199.420	199.890
4496	2025.09.22 08:00	GBPJPY.i	H1	199.717	199.716	199.470	199.883
4497	2025.09.22 09:00	GBPJPY.i	H1	199.522	199.688	199.504	199.876
4498	2025.09.22 10:00	GBPJPY.i	H1	199.633	199.649	199.525	199.868
4499	2025.09.22 11:00	GBPJPY.i	H1	199.542	199.639	199.541	199.859
4500	2025.09.22 12:00	GBPJPY.i	H1	199.663	199.636	199.556	199.852
4501	2025.09.22 13:00	GBPJPY.i	H1	199.591	199.638	199.569	199.845
4502	2025.09.22 14:00	GBPJPY.i	H1	199.554	199.600	199.573	199.838
4503	2025.09.22 15:00	GBPJPY.i	H1	199.700	199.614	199.580	199.831
4504	2025.09.22 16:00	GBPJPY.i	H1	199.659	199.647	199.594	199.826
4505	2025.09.22 17:00	GBPJPY.i	H1	199.544	199.638	199.604	199.821
4506	2025.09.22 18:00	GBPJPY.i	H1	199.609	199.618	199.607	199.815
4507	2025.09.22 19:00	GBPJPY.i	H1	199.571	199.617	199.610	199.809
4508	2025.09.22 20:00	GBPJPY.i	H1	199.613	199.608	199.611	199.803
4509	2025.09.22 21:00	GBPJPY.i	H1	199.677	199.635	199.618	199.798
4510	2025.09.22 22:00	GBPJPY.i	H1	199.678	199.649	199.627	199.794
4511	2025.09.22 23:00	GBPJPY.i	H1	199.587	199.645	199.632	199.790
4512	2025.09.23 00:00	GBPJPY.i	H1	199.515	199.575	199.621	199.784
4513	2025.09.23 01:00	GBPJPY.i	H1	199.594	199.577	199.613	199.777
4514	2025.09.23 02:00	GBPJPY.i	H1	199.639	199.602	199.613	199.773
4515	2025.09.23 03:00	GBPJPY.i	H1	199.651	199.614	199.615	199.769
4516	2025.09.23 04:00	GBPJPY.i	H1	199.620	199.620	199.618	199.765
4517	2025.09.23 05:00	GBPJPY.i	H1	199.658	199.624	199.621	199.761
4518	2025.09.23 06:00	GBPJPY.i	H1	199.703	199.653	199.629	199.758
4519	2025.09.23 07:00	GBPJPY.i	H1	199.635	199.652	199.636	199.756
4520	2025.09.23 08:00	GBPJPY.i	H1	199.636	199.650	199.640	199.753
4521	2025.09.23 09:00	GBPJPY.i	H1	199.644	199.642	199.642	199.749
4522	2025.09.23 10:00	GBPJPY.i	H1	199.731	199.662	199.648	199.747
4523	2025.09.23 11:00	GBPJPY.i	H1	199.263	199.548	199.626	199.741
4524	2025.09.23 12:00	GBPJPY.i	H1	199.345	199.410	199.578	199.731
4525	2025.09.23 13:00	GBPJPY.i	H1	199.575	199.428	199.545	199.721
4526	2025.09.23 14:00	GBPJPY.i	H1	199.694	199.519	199.541	199.717
4527	2025.09.23 15:00	GBPJPY.i	H1	199.854	199.664	199.570	199.718
4528	2025.09.23 16:00	GBPJPY.i	H1	199.611	199.703	199.600	199.719
4529	2025.09.23 17:00	GBPJPY.i	H1	199.845	199.741	199.631	199.720
4530	2025.09.23 18:00	GBPJPY.i	H1	199.827	199.798	199.668	199.722
4531	2025.09.23 19:00	GBPJPY.i	H1	199.795	199.807	199.698	199.724
4532	2025.09.23 20:00	GBPJPY.i	H1	199.477	199.713	199.701	199.722
4533	2025.09.23 21:00	GBPJPY.i	H1	199.481	199.590	199.676	199.716
4534	2025.09.23 22:00	GBPJPY.i	H1	199.670	199.585	199.657	199.711
4535	2025.09.23 23:00	GBPJPY.i	H1	199.696	199.616	199.650	199.709
4536	2025.09.24 00:00	GBPJPY.i	H1	199.456	199.532	199.625	199.705
4537	2025.09.24 01:00	GBPJPY.i	H1	199.640	199.535	199.606	199.700
4538	2025.09.24 02:00	GBPJPY.i	H1	199.617	199.570	199.600	199.697
4539	2025.09.24 03:00	GBPJPY.i	H1	199.715	199.605	199.602	199.695
4540	2025.09.24 04:00	GBPJPY.i	H1	199.628	199.627	199.608	199.694
4541	2025.09.24 05:00	GBPJPY.i	H1	199.646	199.640	199.616	199.693
4542	2025.09.24 06:00	GBPJPY.i	H1	199.728	199.673	199.629	199.692
4543	2025.09.24 07:00	GBPJPY.i	H1	199.791	199.740	199.654	199.694
4544	2025.09.24 08:00	GBPJPY.i	H1	199.723	199.759	199.677	199.696
4545	2025.09.24 09:00	GBPJPY.i	H1	199.851	199.802	199.706	199.699
4546	2025.09.24 10:00	GBPJPY.i	H1	199.626	199.770	199.720	199.700
4547	2025.09.24 11:00	GBPJPY.i	H1	199.913	199.791	199.737	199.702
4548	2025.09.24 12:00	GBPJPY.i	H1	199.838	199.839	199.762	199.705
4549	2025.09.24 13:00	GBPJPY.i	H1	199.801	199.862	199.787	199.710
4550	2025.09.24 14:00	GBPJPY.i	H1	199.842	199.865	199.807	199.713
4551	2025.09.24 15:00	GBPJPY.i	H1	199.888	199.892	199.830	199.718
4552	2025.09.24 16:00	GBPJPY.i	H1	199.817	199.866	199.841	199.721
4553	2025.09.24 17:00	GBPJPY.i	H1	200.030	199.911	199.861	199.726
4554	2025.09.24 18:00	GBPJPY.i	H1	199.972	199.976	199.893	199.733
4555	2025.09.24 19:00	GBPJPY.i	H1	199.973	199.992	199.920	199.740
4556	2025.09.24 20:00	GBPJPY.i	H1	200.104	200.041	199.953	199.748
4557	2025.09.24 21:00	GBPJPY.i	H1	200.164	200.105	199.994	199.758
4558	2025.09.24 22:00	GBPJPY.i	H1	200.158	200.156	200.037	199.769
4559	2025.09.24 23:00	GBPJPY.i	H1	200.209	200.200	200.082	199.780
4560	2025.09.25 00:00	GBPJPY.i	H1	199.997	200.131	200.100	199.789
4561	2025.09.25 01:00	GBPJPY.i	H1	200.147	200.129	200.115	199.796
4562	2025.09.25 02:00	GBPJPY.i	H1	200.097	200.134	200.129	199.805
4563	2025.09.25 03:00	GBPJPY.i	H1	199.924	200.061	200.123	199.812
4564	2025.09.25 04:00	GBPJPY.i	H1	200.128	200.069	200.121	199.818
4565	2025.09.25 05:00	GBPJPY.i	H1	200.192	200.102	200.127	199.826
4566	2025.09.25 06:00	GBPJPY.i	H1	200.129	200.123	200.136	199.835
4567	2025.09.25 07:00	GBPJPY.i	H1	200.061	200.114	200.141	199.843
4568	2025.09.25 08:00	GBPJPY.i	H1	200.218	200.138	200.150	199.851
4569	2025.09.25 09:00	GBPJPY.i	H1	200.328	200.208	200.172	199.861
4570	2025.09.25 10:00	GBPJPY.i	H1	199.979	200.155	200.176	199.870
4571	2025.09.25 11:00	GBPJPY.i	H1	200.093	200.102	200.168	199.875
4572	2025.09.25 12:00	GBPJPY.i	H1	200.120	200.100	200.160	199.881
4573	2025.09.25 13:00	GBPJPY.i	H1	200.078	200.087	200.151	199.887
4574	2025.09.25 14:00	GBPJPY.i	H1	199.758	199.978	200.119	199.889
4575	2025.09.25 15:00	GBPJPY.i	H1	199.738	199.842	200.063	199.887
4576	2025.09.25 16:00	GBPJPY.i	H1	199.788	199.766	200.001	199.883
4577	2025.09.25 17:00	GBPJPY.i	H1	199.723	199.742	199.948	199.880
4578	2025.09.25 18:00	GBPJPY.i	H1	199.939	199.777	199.913	199.879
4579	2025.09.25 19:00	GBPJPY.i	H1	199.826	199.802	199.890	199.879
4580	2025.09.25 20:00	GBPJPY.i	H1	199.763	199.778	199.865	199.877
4581	2025.09.25 21:00	GBPJPY.i	H1	199.855	199.767	199.842	199.875
4582	2025.09.25 22:00	GBPJPY.i	H1	199.743	199.761	199.821	199.872
4583	2025.09.25 23:00	GBPJPY.i	H1	199.824	199.778	199.807	199.870
4584	2025.09.26 00:00	GBPJPY.i	H1	199.676	199.738	199.787	199.868
4585	2025.09.26 01:00	GBPJPY.i	H1	199.801	199.754	199.774	199.864
4586	2025.09.26 02:00	GBPJPY.i	H1	199.858	199.793	199.773	199.863
4587	2025.09.26 03:00	GBPJPY.i	H1	199.755	199.786	199.770	199.862
4588	2025.09.26 04:00	GBPJPY.i	H1	199.894	199.810	199.772	199.860
4589	2025.09.26 05:00	GBPJPY.i	H1	199.874	199.856	199.785	199.861
4590	2025.09.26 06:00	GBPJPY.i	H1	199.909	199.886	199.801	199.862
4591	2025.09.26 07:00	GBPJPY.i	H1	199.835	199.885	199.814	199.862
4592	2025.09.26 08:00	GBPJPY.i	H1	199.911	199.893	199.826	199.862
4593	2025.09.26 09:00	GBPJPY.i	H1	200.081	199.973	199.855	199.865
4594	2025.09.26 10:00	GBPJPY.i	H1	200.081	200.049	199.894	199.871
4595	2025.09.26 11:00	GBPJPY.i	H1	200.140	200.100	199.937	199.877
4596	2025.09.26 12:00	GBPJPY.i	H1	200.003	200.101	199.972	199.883
4597	2025.09.26 13:00	GBPJPY.i	H1	200.041	200.098	199.998	199.887
4598	2025.09.26 14:00	GBPJPY.i	H1	199.965	200.064	200.013	199.891
4599	2025.09.26 15:00	GBPJPY.i	H1	200.145	200.093	200.032	199.895
4600	2025.09.26 16:00	GBPJPY.i	H1	200.416	200.219	200.076	199.904
4601	2025.09.26 17:00	GBPJPY.i	H1	200.356	200.326	200.136	199.917
4602	2025.09.26 18:00	GBPJPY.i	H1	200.377	200.383	200.196	199.930
4603	2025.09.26 19:00	GBPJPY.i	H1	200.366	200.428	200.253	199.942
4604	2025.09.26 20:00	GBPJPY.i	H1	200.420	200.452	200.304	199.955
4605	2025.09.26 21:00	GBPJPY.i	H1	200.383	200.458	200.346	199.968
4606	2025.09.26 22:00	GBPJPY.i	H1	200.451	200.469	200.382	199.980
4607	2025.09.26 23:00	GBPJPY.i	H1	200.290	200.407	200.397	199.991
4608	2025.09.29 00:00	GBPJPY.i	H1	200.270	200.316	200.389	199.998
4609	2025.09.29 01:00	GBPJPY.i	H1	200.352	200.310	200.383	200.005
4610	2025.09.29 02:00	GBPJPY.i	H1	200.321	200.308	200.378	200.014
4611	2025.09.29 03:00	GBPJPY.i	H1	200.247	200.274	200.367	200.021
4612	2025.09.29 04:00	GBPJPY.i	H1	200.175	200.211	200.343	200.026
4613	2025.09.29 05:00	GBPJPY.i	H1	200.013	200.126	200.305	200.029
4614	2025.09.29 06:00	GBPJPY.i	H1	200.048	200.056	200.259	200.030
4615	2025.09.29 07:00	GBPJPY.i	H1	200.148	200.053	200.222	200.031
4616	2025.09.29 08:00	GBPJPY.i	H1	199.982	200.020	200.184	200.032
4617	2025.09.29 09:00	GBPJPY.i	H1	199.990	199.968	200.141	200.031
4618	2025.09.29 10:00	GBPJPY.i	H1	199.775	199.879	200.086	200.027
4619	2025.09.29 11:00	GBPJPY.i	H1	199.556	199.723	200.007	200.019
4620	2025.09.29 12:00	GBPJPY.i	H1	199.589	199.620	199.920	200.008
4621	2025.09.29 13:00	GBPJPY.i	H1	199.630	199.565	199.839	199.997
4622	2025.09.29 14:00	GBPJPY.i	H1	199.864	199.624	199.788	199.989
4623	2025.09.29 15:00	GBPJPY.i	H1	199.892	199.724	199.770	199.985
4624	2025.09.29 16:00	GBPJPY.i	H1	199.668	199.724	199.752	199.980
4625	2025.09.29 17:00	GBPJPY.i	H1	199.458	199.603	199.709	199.970
4626	2025.09.29 18:00	GBPJPY.i	H1	199.556	199.539	199.660	199.958
4627	2025.09.29 19:00	GBPJPY.i	H1	199.553	199.526	199.618	199.946
4628	2025.09.29 20:00	GBPJPY.i	H1	199.475	199.496	199.579	199.935
4629	2025.09.29 21:00	GBPJPY.i	H1	199.736	199.546	199.559	199.925
4630	2025.09.29 22:00	GBPJPY.i	H1	199.691	199.600	199.555	199.917
4631	2025.09.29 23:00	GBPJPY.i	H1	199.545	199.603	199.551	199.910
4632	2025.09.30 00:00	GBPJPY.i	H1	199.454	199.530	199.532	199.899
4633	2025.09.30 01:00	GBPJPY.i	H1	199.615	199.542	199.520	199.889
4634	2025.09.30 02:00	GBPJPY.i	H1	199.664	199.580	199.520	199.880
4635	2025.09.30 03:00	GBPJPY.i	H1	199.752	199.633	199.532	199.874
4636	2025.09.30 04:00	GBPJPY.i	H1	199.665	199.667	199.549	199.869
4637	2025.09.30 05:00	GBPJPY.i	H1	199.739	199.694	199.569	199.864
4638	2025.09.30 06:00	GBPJPY.i	H1	199.533	199.664	199.579	199.858
4639	2025.09.30 07:00	GBPJPY.i	H1	199.427	199.569	199.565	199.849
4640	2025.09.30 08:00	GBPJPY.i	H1	199.195	199.429	199.524	199.835
4641	2025.09.30 09:00	GBPJPY.i	H1	199.007	199.253	199.453	199.818
4642	2025.09.30 10:00	GBPJPY.i	H1	199.077	199.102	199.365	199.797
4643	2025.09.30 11:00	GBPJPY.i	H1	198.798	198.960	199.265	199.774
4644	2025.09.30 12:00	GBPJPY.i	H1	198.936	198.870	199.167	199.749
4645	2025.09.30 13:00	GBPJPY.i	H1	198.909	198.824	199.080	199.725
4646	2025.09.30 14:00	GBPJPY.i	H1	198.821	198.794	199.004	199.702
4647	2025.09.30 15:00	GBPJPY.i	H1	198.881	198.801	198.945	199.679
4648	2025.09.30 16:00	GBPJPY.i	H1	198.784	198.749	198.885	199.656
4649	2025.09.30 17:00	GBPJPY.i	H1	198.805	198.738	198.835	199.632
4650	2025.09.30 18:00	GBPJPY.i	H1	198.910	198.776	198.803	199.610
4651	2025.09.30 19:00	GBPJPY.i	H1	198.840	198.784	198.779	199.589
4652	2025.09.30 20:00	GBPJPY.i	H1	198.776	198.786	198.760	199.567
4653	2025.09.30 21:00	GBPJPY.i	H1	198.867	198.797	198.747	199.547
4654	2025.09.30 22:00	GBPJPY.i	H1	198.856	198.819	198.741	199.527
4655	2025.09.30 23:00	GBPJPY.i	H1	198.857	198.833	198.741	199.508
4656	2025.10.01 00:00	GBPJPY.i	H1	198.740	198.770	198.726	199.488
4657	2025.10.01 01:00	GBPJPY.i	H1	198.838	198.788	198.720	199.467
4658	2025.10.01 02:00	GBPJPY.i	H1	198.985	198.853	198.731	199.451
4659	2025.10.01 03:00	GBPJPY.i	H1	199.065	198.972	198.767	199.438
4660	2025.10.01 04:00	GBPJPY.i	H1	198.876	198.982	198.798	199.426
4661	2025.10.01 05:00	GBPJPY.i	H1	198.814	198.932	198.812	199.411
4662	2025.10.01 06:00	GBPJPY.i	H1	198.823	198.886	198.814	199.395
4663	2025.10.01 07:00	GBPJPY.i	H1	198.649	198.818	198.801	199.378
4664	2025.10.01 08:00	GBPJPY.i	H1	198.504	198.700	198.766	199.358
4665	2025.10.01 09:00	GBPJPY.i	H1	198.259	198.506	198.696	199.333
4666	2025.10.01 10:00	GBPJPY.i	H1	198.133	198.293	198.595	199.302
4667	2025.10.01 11:00	GBPJPY.i	H1	198.165	198.162	198.488	199.270
4668	2025.10.01 12:00	GBPJPY.i	H1	198.207	198.114	198.394	199.239
4669	2025.10.01 13:00	GBPJPY.i	H1	198.129	198.077	198.311	199.209
4670	2025.10.01 14:00	GBPJPY.i	H1	198.187	198.089	198.249	199.181
4671	2025.10.01 15:00	GBPJPY.i	H1	198.360	198.137	198.210	199.155
4672	2025.10.01 16:00	GBPJPY.i	H1	198.277	198.195	198.191	199.131
4673	2025.10.01 17:00	GBPJPY.i	H1	198.359	198.257	198.188	199.108
4674	2025.10.01 18:00	GBPJPY.i	H1	198.233	198.263	198.186	199.086
4675	2025.10.01 19:00	GBPJPY.i	H1	198.285	198.269	198.186	199.064
4676	2025.10.01 20:00	GBPJPY.i	H1	198.269	198.276	198.187	199.042
4677	2025.10.01 21:00	GBPJPY.i	H1	198.359	198.305	198.195	199.021
4678	2025.10.01 22:00	GBPJPY.i	H1	198.277	198.317	198.204	199.002
4679	2025.10.01 23:00	GBPJPY.i	H1	198.182	198.275	198.203	198.981
4680	2025.10.02 00:00	GBPJPY.i	H1	198.149	198.199	198.185	198.959
4681	2025.10.02 01:00	GBPJPY.i	H1	198.151	198.180	198.169	198.936
4682	2025.10.02 02:00	GBPJPY.i	H1	198.277	198.203	198.163	198.916
4683	2025.10.02 03:00	GBPJPY.i	H1	198.254	198.253	198.170	198.898
4684	2025.10.02 04:00	GBPJPY.i	H1	198.194	198.244	198.174	198.880
4685	2025.10.02 05:00	GBPJPY.i	H1	198.390	198.285	198.188	198.863
4686	2025.10.02 06:00	GBPJPY.i	H1	198.240	198.292	198.200	198.848
4687	2025.10.02 07:00	GBPJPY.i	H1	198.316	198.303	198.213	198.832
4688	2025.10.02 08:00	GBPJPY.i	H1	198.302	198.321	198.228	198.817
4689	2025.10.02 09:00	GBPJPY.i	H1	198.506	198.365	198.251	198.805
4690	2025.10.02 10:00	GBPJPY.i	H1	198.472	198.446	198.288	198.795
4691	2025.10.02 11:00	GBPJPY.i	H1	198.236	198.388	198.304	198.783
4692	2025.10.02 12:00	GBPJPY.i	H1	197.917	198.222	198.280	198.766
4693	2025.10.02 13:00	GBPJPY.i	H1	197.672	197.992	198.210	198.742
4694	2025.10.02 14:00	GBPJPY.i	H1	197.824	197.847	198.124	198.715
4695	2025.10.02 15:00	GBPJPY.i	H1	198.167	197.910	198.073	198.693
4696	2025.10.02 16:00	GBPJPY.i	H1	197.722	197.857	198.021	198.673
4697	2025.10.02 17:00	GBPJPY.i	H1	197.727	197.733	197.951	198.647
4698	2025.10.02 18:00	GBPJPY.i	H1	197.760	197.697	197.888	198.621
4699	2025.10.02 19:00	GBPJPY.i	H1	197.770	197.702	197.839	198.598
4700	2025.10.02 20:00	GBPJPY.i	H1	197.780	197.716	197.803	198.575
4701	2025.10.02 21:00	GBPJPY.i	H1	197.951	197.777	197.787	198.555
4702	2025.10.02 22:00	GBPJPY.i	H1	197.929	197.833	197.787	198.537
4703	2025.10.02 23:00	GBPJPY.i	H1	197.868	197.864	197.792	198.519
4704	2025.10.03 00:00	GBPJPY.i	H1	197.819	197.818	197.784	198.500
4705	2025.10.03 01:00	GBPJPY.i	H1	197.840	197.842	197.784	198.481
4706	2025.10.03 02:00	GBPJPY.i	H1	197.866	197.838	197.784	198.464
4707	2025.10.03 03:00	GBPJPY.i	H1	198.107	197.934	197.805	198.449
4708	2025.10.03 04:00	GBPJPY.i	H1	198.326	198.096	197.860	198.440
4709	2025.10.03 05:00	GBPJPY.i	H1	198.429	198.276	197.943	198.437
4710	2025.10.03 06:00	GBPJPY.i	H1	198.477	198.423	198.042	198.437
4711	2025.10.03 07:00	GBPJPY.i	H1	198.465	198.509	198.139	198.438
4712	2025.10.03 08:00	GBPJPY.i	H1	198.495	198.529	198.221	198.438
4713	2025.10.03 09:00	GBPJPY.i	H1	198.287	198.499	198.280	198.437
4714	2025.10.03 10:00	GBPJPY.i	H1	198.417	198.486	198.325	198.435
4715	2025.10.03 11:00	GBPJPY.i	H1	198.268	198.442	198.353	198.433
4716	2025.10.03 12:00	GBPJPY.i	H1	198.263	198.356	198.358	198.429
4717	2025.10.03 13:00	GBPJPY.i	H1	198.176	198.287	198.348	198.423
4718	2025.10.03 14:00	GBPJPY.i	H1	198.069	198.193	198.321	198.415
4719	2025.10.03 15:00	GBPJPY.i	H1	198.185	198.146	198.290	198.407
4720	2025.10.03 16:00	GBPJPY.i	H1	198.344	198.202	198.280	198.402
4721	2025.10.03 17:00	GBPJPY.i	H1	198.632	198.323	198.299	198.401
4722	2025.10.03 18:00	GBPJPY.i	H1	198.599	198.468	198.346	198.405
4723	2025.10.03 19:00	GBPJPY.i	H1	198.792	198.620	198.416	198.413
4724	2025.10.03 20:00	GBPJPY.i	H1	198.705	198.698	198.487	198.421
4725	2025.10.03 21:00	GBPJPY.i	H1	198.826	198.768	198.558	198.430
4726	2025.10.03 22:00	GBPJPY.i	H1	198.819	198.837	198.629	198.440
4727	2025.10.03 23:00	GBPJPY.i	H1	198.732	198.815	198.680	198.449
4728	2025.10.06 00:00	GBPJPY.i	H1	200.403	199.687	198.922	198.482
4729	2025.10.06 01:00	GBPJPY.i	H1	200.608	200.214	199.228	198.539
4730	2025.10.06 02:00	GBPJPY.i	H1	200.908	200.663	199.567	198.597
4731	2025.10.06 03:00	GBPJPY.i	H1	201.197	201.063	199.924	198.662
4732	2025.10.06 04:00	GBPJPY.i	H1	201.436	201.400	200.281	198.733
4733	2025.10.06 05:00	GBPJPY.i	H1	201.643	201.699	200.632	198.809
4734	2025.10.06 06:00	GBPJPY.i	H1	201.855	201.952	200.969	198.889
4735	2025.10.06 07:00	GBPJPY.i	H1	202.117	202.158	201.285	198.972
4736	2025.10.06 08:00	GBPJPY.i	H1	201.995	202.297	201.569	199.056
4737	2025.10.06 09:00	GBPJPY.i	H1	201.661	202.211	201.776	199.136
4738	2025.10.06 10:00	GBPJPY.i	H1	201.685	202.124	201.925	199.209
4739	2025.10.06 11:00	GBPJPY.i	H1	202.029	202.097	202.041	199.282
4740	2025.10.06 12:00	GBPJPY.i	H1	202.058	202.112	202.140	199.356
4741	2025.10.06 13:00	GBPJPY.i	H1	201.711	202.023	202.199	199.427
4742	2025.10.06 14:00	GBPJPY.i	H1	201.865	201.946	202.229	199.494
4743	2025.10.06 15:00	GBPJPY.i	H1	201.267	201.711	202.198	199.553
4744	2025.10.06 16:00	GBPJPY.i	H1	201.827	201.643	202.158	199.609
4745	2025.10.06 17:00	GBPJPY.i	H1	202.140	201.790	202.160	199.670
4746	2025.10.06 18:00	GBPJPY.i	H1	202.150	201.952	202.193	199.738
4747	2025.10.06 19:00	GBPJPY.i	H1	202.341	202.093	202.246	199.806
4748	2025.10.06 20:00	GBPJPY.i	H1	202.536	202.285	202.326	199.877
4749	2025.10.06 21:00	GBPJPY.i	H1	202.637	202.462	202.423	199.951
4750	2025.10.06 22:00	GBPJPY.i	H1	202.653	202.586	202.522	200.025
4751	2025.10.06 23:00	GBPJPY.i	H1	202.737	202.699	202.622	200.099
4752	2025.10.07 00:00	GBPJPY.i	H1	202.510	202.662	202.687	200.169
4753	2025.10.07 01:00	GBPJPY.i	H1	202.649	202.678	202.740	200.236
4754	2025.10.07 02:00	GBPJPY.i	H1	202.749	202.714	202.788	200.303
4755	2025.10.07 03:00	GBPJPY.i	H1	202.890	202.821	202.849	200.373
4756	2025.10.07 04:00	GBPJPY.i	H1	202.786	202.835	202.897	200.441
4757	2025.10.07 05:00	GBPJPY.i	H1	202.848	202.827	202.931	200.506
4758	2025.10.07 06:00	GBPJPY.i	H1	202.626	202.780	202.945	200.568
4759	2025.10.07 07:00	GBPJPY.i	H1	202.595	202.690	202.934	200.626
4760	2025.10.07 08:00	GBPJPY.i	H1	202.554	202.611	202.906	200.680
4761	2025.10.07 09:00	GBPJPY.i	H1	202.626	202.581	202.875	200.733
4762	2025.10.07 10:00	GBPJPY.i	H1	202.382	202.488	202.828	200.782
4763	2025.10.07 11:00	GBPJPY.i	H1	202.614	202.471	202.786	200.829
4764	2025.10.07 12:00	GBPJPY.i	H1	202.670	202.515	202.760	200.878
4765	2025.10.07 13:00	GBPJPY.i	H1	202.413	202.483	202.729	200.924
4766	2025.10.07 14:00	GBPJPY.i	H1	202.222	202.357	202.672	200.965
4767	2025.10.07 15:00	GBPJPY.i	H1	202.326	202.281	202.609	201.001
4768	2025.10.07 16:00	GBPJPY.i	H1	202.524	202.308	202.563	201.039
4769	2025.10.07 17:00	GBPJPY.i	H1	203.048	202.552	202.581	201.083
4770	2025.10.07 18:00	GBPJPY.i	H1	203.179	202.835	202.655	201.137
4771	2025.10.07 19:00	GBPJPY.i	H1	203.419	203.123	202.775	201.195
4772	2025.10.07 20:00	GBPJPY.i	H1	203.645	203.415	202.932	201.258
4773	2025.10.07 21:00	GBPJPY.i	H1	203.893	203.718	203.121	201.327
4774	2025.10.07 22:00	GBPJPY.i	H1	203.877	203.888	203.307	201.397
4775	2025.10.07 23:00	GBPJPY.i	H1	203.898	204.019	203.481	201.466
4776	2025.10.08 00:00	GBPJPY.i	H1	203.865	204.039	203.624	201.533
4777	2025.10.08 01:00	GBPJPY.i	H1	203.813	204.037	203.738	201.598
4778	2025.10.08 02:00	GBPJPY.i	H1	204.062	204.090	203.842	201.662
4779	2025.10.08 03:00	GBPJPY.i	H1	204.323	204.238	203.961	201.731
4780	2025.10.08 04:00	GBPJPY.i	H1	204.443	204.375	204.087	201.803
4781	2025.10.08 05:00	GBPJPY.i	H1	204.282	204.403	204.193	201.873
4782	2025.10.08 06:00	GBPJPY.i	H1	204.219	204.387	204.273	201.939
4783	2025.10.08 07:00	GBPJPY.i	H1	204.070	204.291	204.316	202.001
4784	2025.10.08 08:00	GBPJPY.i	H1	204.087	204.187	204.327	202.059
4785	2025.10.08 09:00	GBPJPY.i	H1	204.083	204.134	204.325	202.114
4786	2025.10.08 10:00	GBPJPY.i	H1	204.668	204.292	204.360	202.174
4787	2025.10.08 11:00	GBPJPY.i	H1	204.803	204.502	204.435	202.241
4788	2025.10.08 12:00	GBPJPY.i	H1	205.027	204.763	204.551	202.313
4789	2025.10.08 13:00	GBPJPY.i	H1	204.846	204.925	204.675	202.387
4790	2025.10.08 14:00	GBPJPY.i	H1	204.716	204.913	204.767	202.456
4791	2025.10.08 15:00	GBPJPY.i	H1	204.651	204.854	204.824	202.519
4792	2025.10.08 16:00	GBPJPY.i	H1	204.837	204.838	204.866	202.581
4793	2025.10.08 17:00	GBPJPY.i	H1	204.690	204.843	204.899	202.642
4794	2025.10.08 18:00	GBPJPY.i	H1	204.472	204.728	204.899	202.699
4795	2025.10.08 19:00	GBPJPY.i	H1	204.500	204.584	204.866	202.749
4796	2025.10.08 20:00	GBPJPY.i	H1	204.550	204.529	204.827	202.797
4797	2025.10.08 21:00	GBPJPY.i	H1	204.480	204.473	204.783	202.844
4798	2025.10.08 22:00	GBPJPY.i	H1	204.618	204.485	204.750	202.891
4799	2025.10.08 23:00	GBPJPY.i	H1	204.638	204.529	204.732	202.938
4800	2025.10.09 00:00	GBPJPY.i	H1	204.533	204.498	204.708	202.983
4801	2025.10.09 01:00	GBPJPY.i	H1	204.483	204.480	204.682	203.025
4802	2025.10.09 02:00	GBPJPY.i	H1	204.631	204.493	204.662	203.067
4803	2025.10.09 03:00	GBPJPY.i	H1	204.770	204.551	204.658	203.110
4804	2025.10.09 04:00	GBPJPY.i	H1	204.520	204.565	204.655	203.152
4805	2025.10.09 05:00	GBPJPY.i	H1	204.544	204.560	204.649	203.191
4806	2025.10.09 06:00	GBPJPY.i	H1	204.587	204.561	204.643	203.230
4807	2025.10.09 07:00	GBPJPY.i	H1	204.499	204.556	204.635	203.267
4808	2025.10.09 08:00	GBPJPY.i	H1	204.612	204.566	204.631	203.303
4809	2025.10.09 09:00	GBPJPY.i	H1	204.441	204.566	204.626	203.339
4810	2025.10.09 10:00	GBPJPY.i	H1	204.383	204.497	204.605	203.371
4811	2025.10.09 11:00	GBPJPY.i	H1	204.163	204.365	204.558	203.398
4812	2025.10.09 12:00	GBPJPY.i	H1	204.227	204.242	204.492	203.420
4813	2025.10.09 13:00	GBPJPY.i	H1	204.100	204.178	204.427	203.441
4814	2025.10.09 14:00	GBPJPY.i	H1	204.361	204.175	204.374	203.463
4815	2025.10.09 15:00	GBPJPY.i	H1	204.444	204.255	204.350	203.487
4816	2025.10.09 16:00	GBPJPY.i	H1	204.359	204.219	204.321	203.510
4817	2025.10.09 17:00	GBPJPY.i	H1	204.038	204.137	204.278	203.528
4818	2025.10.09 18:00	GBPJPY.i	H1	203.693	203.940	204.199	203.539
4819	2025.10.09 19:00	GBPJPY.i	H1	203.402	203.686	204.078	203.542
4820	2025.10.09 20:00	GBPJPY.i	H1	203.532	203.514	203.944	203.540
4821	2025.10.09 21:00	GBPJPY.i	H1	203.441	203.415	203.818	203.538
4822	2025.10.09 22:00	GBPJPY.i	H1	203.529	203.386	203.711	203.537
4823	2025.10.09 23:00	GBPJPY.i	H1	203.622	203.431	203.636	203.537
4824	2025.10.10 00:00	GBPJPY.i	H1	203.560	203.420	203.572	203.538
4825	2025.10.10 01:00	GBPJPY.i	H1	203.531	203.444	203.525	203.538
4826	2025.10.10 02:00	GBPJPY.i	H1	203.566	203.494	203.498	203.539
4827	2025.10.10 03:00	GBPJPY.i	H1	203.498	203.513	203.479	203.540
4828	2025.10.10 04:00	GBPJPY.i	H1	203.550	203.500	203.461	203.540
4829	2025.10.10 05:00	GBPJPY.i	H1	203.498	203.507	203.448	203.539
4830	2025.10.10 06:00	GBPJPY.i	H1	203.224	203.412	203.415	203.536
4831	2025.10.10 07:00	GBPJPY.i	H1	203.293	203.341	203.375	203.529
4832	2025.10.10 08:00	GBPJPY.i	H1	203.370	203.320	203.339	203.523
4833	2025.10.10 09:00	GBPJPY.i	H1	202.810	203.144	203.272	203.513
4834	2025.10.10 10:00	GBPJPY.i	H1	203.333	203.115	203.214	203.501
4835	2025.10.10 11:00	GBPJPY.i	H1	203.143	203.131	203.173	203.492
4836	2025.10.10 12:00	GBPJPY.i	H1	203.075	203.091	203.133	203.482
4837	2025.10.10 13:00	GBPJPY.i	H1	202.533	202.887	203.054	203.466
4838	2025.10.10 14:00	GBPJPY.i	H1	202.569	202.709	202.953	203.444
4839	2025.10.10 15:00	GBPJPY.i	H1	202.584	202.599	202.851	203.420
4840	2025.10.10 16:00	GBPJPY.i	H1	202.666	202.559	202.762	203.398
4841	2025.10.10 17:00	GBPJPY.i	H1	202.810	202.628	202.708	203.379
4842	2025.10.10 18:00	GBPJPY.i	H1	202.719	202.614	202.662	203.361
4843	2025.10.10 19:00	GBPJPY.i	H1	202.690	202.687	202.642	203.344
4844	2025.10.10 20:00	GBPJPY.i	H1	202.659	202.635	202.613	203.326
4845	2025.10.10 21:00	GBPJPY.i	H1	202.484	202.578	202.578	203.305
4846	2025.10.10 22:00	GBPJPY.i	H1	202.377	202.485	202.529	203.283
4847	2025.10.10 23:00	GBPJPY.i	H1	201.793	202.223	202.432	203.253
4848	2025.10.13 00:00	GBPJPY.i	H1	202.320	202.279	202.371	203.224
4849	2025.10.13 01:00	GBPJPY.i	H1	202.712	202.457	202.365	203.206
4850	2025.10.13 02:00	GBPJPY.i	H1	202.789	202.574	202.386	203.192
4851	2025.10.13 03:00	GBPJPY.i	H1	202.716	202.661	202.421	203.179
4852	2025.10.13 04:00	GBPJPY.i	H1	202.928	202.783	202.477	203.168
4853	2025.10.13 05:00	GBPJPY.i	H1	202.859	202.871	202.541	203.160
4854	2025.10.13 06:00	GBPJPY.i	H1	202.874	202.915	202.602	203.152
4855	2025.10.13 07:00	GBPJPY.i	H1	202.894	202.937	202.656	203.145
4856	2025.10.13 08:00	GBPJPY.i	H1	202.719	202.893	202.691	203.136
4857	2025.10.13 09:00	GBPJPY.i	H1	202.817	202.877	202.717	203.126
4858	2025.10.13 10:00	GBPJPY.i	H1	203.085	202.968	202.761	203.120
4859	2025.10.13 11:00	GBPJPY.i	H1	203.009	203.011	202.808	203.117
4860	2025.10.13 12:00	GBPJPY.i	H1	202.949	203.027	202.849	203.113
4861	2025.10.13 13:00	GBPJPY.i	H1	202.938	203.012	202.880	203.109
4862	2025.10.13 14:00	GBPJPY.i	H1	202.767	202.960	202.894	203.104
4863	2025.10.13 15:00	GBPJPY.i	H1	202.957	202.932	202.901	203.097
4864	2025.10.13 16:00	GBPJPY.i	H1	202.907	202.925	202.906	203.091
4865	2025.10.13 17:00	GBPJPY.i	H1	203.058	202.973	202.923	203.088
4866	2025.10.13 18:00	GBPJPY.i	H1	202.934	202.985	202.939	203.085
4867	2025.10.13 19:00	GBPJPY.i	H1	202.988	202.986	202.952	203.082
4868	2025.10.13 20:00	GBPJPY.i	H1	202.997	202.995	202.965	203.080
4869	2025.10.13 21:00	GBPJPY.i	H1	203.056	203.031	202.984	203.078
4870	2025.10.13 22:00	GBPJPY.i	H1	203.055	203.054	203.004	203.077
4871	2025.10.13 23:00	GBPJPY.i	H1	203.030	203.061	203.021	203.077
4872	2025.10.14 00:00	GBPJPY.i	H1	202.929	202.990	203.018	203.074
4873	2025.10.14 01:00	GBPJPY.i	H1	203.083	203.002	203.019	203.071
4874	2025.10.14 02:00	GBPJPY.i	H1	203.253	203.086	203.040	203.071
4875	2025.10.14 03:00	GBPJPY.i	H1	203.329	203.217	203.085	203.077
4876	2025.10.14 04:00	GBPJPY.i	H1	203.424	203.324	203.145	203.085
4877	2025.10.14 05:00	GBPJPY.i	H1	203.327	203.373	203.202	203.093
4878	2025.10.14 06:00	GBPJPY.i	H1	203.041	203.281	203.225	203.097
4879	2025.10.14 07:00	GBPJPY.i	H1	202.759	203.064	203.194	203.093
4880	2025.10.14 08:00	GBPJPY.i	H1	202.378	202.778	203.106	203.081
4881	2025.10.14 09:00	GBPJPY.i	H1	201.717	202.305	202.931	203.056
4882	2025.10.14 10:00	GBPJPY.i	H1	201.443	201.819	202.686	203.019
4883	2025.10.14 11:00	GBPJPY.i	H1	201.881	201.636	202.454	202.980
4884	2025.10.14 12:00	GBPJPY.i	H1	201.816	201.599	202.264	202.947
4885	2025.10.14 13:00	GBPJPY.i	H1	201.548	201.485	202.086	202.913
4886	2025.10.14 14:00	GBPJPY.i	H1	201.805	201.493	201.945	202.878
4887	2025.10.14 15:00	GBPJPY.i	H1	201.633	201.455	201.821	202.845
4888	2025.10.14 16:00	GBPJPY.i	H1	201.879	201.575	201.747	202.814
4889	2025.10.14 17:00	GBPJPY.i	H1	201.883	201.724	201.719	202.789
4890	2025.10.14 18:00	GBPJPY.i	H1	202.135	201.855	201.723	202.767
4891	2025.10.14 19:00	GBPJPY.i	H1	202.076	201.977	201.750	202.748
4892	2025.10.14 20:00	GBPJPY.i	H1	202.218	202.091	201.795	202.731
4893	2025.10.14 21:00	GBPJPY.i	H1	202.261	202.200	201.855	202.717
4894	2025.10.14 22:00	GBPJPY.i	H1	202.123	202.211	201.904	202.702
4895	2025.10.14 23:00	GBPJPY.i	H1	202.171	202.217	201.945	202.687
4896	2025.10.15 00:00	GBPJPY.i	H1	201.947	202.144	201.962	202.669
4897	2025.10.15 01:00	GBPJPY.i	H1	202.187	202.168	201.985	202.653
4898	2025.10.15 02:00	GBPJPY.i	H1	202.091	202.176	202.007	202.639
4899	2025.10.15 03:00	GBPJPY.i	H1	202.013	202.148	202.020	202.624
4900	2025.10.15 04:00	GBPJPY.i	H1	201.833	202.037	202.007	202.606
4901	2025.10.15 05:00	GBPJPY.i	H1	201.644	201.878	201.963	202.584
4902	2025.10.15 06:00	GBPJPY.i	H1	201.783	201.786	201.911	202.560
4903	2025.10.15 07:00	GBPJPY.i	H1	201.889	201.789	201.872	202.538
4904	2025.10.15 08:00	GBPJPY.i	H1	201.889	201.820	201.851	202.520
4905	2025.10.15 09:00	GBPJPY.i	H1	201.822	201.802	201.830	202.501
4906	2025.10.15 10:00	GBPJPY.i	H1	201.908	201.814	201.816	202.483
4907	2025.10.15 11:00	GBPJPY.i	H1	201.809	201.843	201.812	202.466
4908	2025.10.15 12:00	GBPJPY.i	H1	202.050	201.924	201.828	202.451
4909	2025.10.15 13:00	GBPJPY.i	H1	202.294	202.068	201.872	202.442
4910	2025.10.15 14:00	GBPJPY.i	H1	202.275	202.182	201.933	202.436
4911	2025.10.15 15:00	GBPJPY.i	H1	202.366	202.309	202.009	202.433
4912	2025.10.15 16:00	GBPJPY.i	H1	202.117	202.305	202.067	202.429
4913	2025.10.15 17:00	GBPJPY.i	H1	202.347	202.321	202.118	202.423
4914	2025.10.15 18:00	GBPJPY.i	H1	202.536	202.424	202.183	202.422
4915	2025.10.15 19:00	GBPJPY.i	H1	202.450	202.501	202.253	202.423
4916	2025.10.15 20:00	GBPJPY.i	H1	202.429	202.473	202.302	202.424
4917	2025.10.15 21:00	GBPJPY.i	H1	202.521	202.500	202.348	202.423
4918	2025.10.15 22:00	GBPJPY.i	H1	202.579	202.542	202.396	202.425
4919	2025.10.15 23:00	GBPJPY.i	H1	202.432	202.562	202.439	202.428
4920	2025.10.16 00:00	GBPJPY.i	H1	202.231	202.464	202.452	202.428
4921	2025.10.16 01:00	GBPJPY.i	H1	202.277	202.391	202.446	202.424
4922	2025.10.16 02:00	GBPJPY.i	H1	202.368	202.358	202.436	202.421
4923	2025.10.16 03:00	GBPJPY.i	H1	202.275	202.294	202.415	202.417
4924	2025.10.16 04:00	GBPJPY.i	H1	202.335	202.297	202.399	202.414
4925	2025.10.16 05:00	GBPJPY.i	H1	202.498	202.351	202.399	202.413
4926	2025.10.16 06:00	GBPJPY.i	H1	202.495	202.421	202.414	202.414
4927	2025.10.16 07:00	GBPJPY.i	H1	202.604	202.501	202.444	202.418
4928	2025.10.16 08:00	GBPJPY.i	H1	202.668	202.602	202.488	202.424
4929	2025.10.16 09:00	GBPJPY.i	H1	202.768	202.696	202.544	202.432
4930	2025.10.16 10:00	GBPJPY.i	H1	203.062	202.836	202.618	202.443
4931	2025.10.16 11:00	GBPJPY.i	H1	203.235	203.026	202.719	202.460
4932	2025.10.16 12:00	GBPJPY.i	H1	203.271	203.220	202.842	202.481
4933	2025.10.16 13:00	GBPJPY.i	H1	203.086	203.266	202.947	202.502
4934	2025.10.16 14:00	GBPJPY.i	H1	203.271	203.302	203.039	202.521
4935	2025.10.16 15:00	GBPJPY.i	H1	203.186	203.259	203.102	202.539
4936	2025.10.16 16:00	GBPJPY.i	H1	202.783	203.160	203.131	202.553
4937	2025.10.16 17:00	GBPJPY.i	H1	202.540	202.902	203.096	202.559
4938	2025.10.16 18:00	GBPJPY.i	H1	202.350	202.651	203.014	202.558
4939	2025.10.16 19:00	GBPJPY.i	H1	201.929	202.312	202.875	202.549
4940	2025.10.16 20:00	GBPJPY.i	H1	202.014	202.100	202.719	202.535
4941	2025.10.16 21:00	GBPJPY.i	H1	201.977	201.923	202.558	202.519
4942	2025.10.16 22:00	GBPJPY.i	H1	202.047	201.857	202.415	202.504
4943	2025.10.16 23:00	GBPJPY.i	H1	202.081	201.865	202.302	202.490
4944	2025.10.17 00:00	GBPJPY.i	H1	201.973	201.839	202.204	202.477
4945	2025.10.17 01:00	GBPJPY.i	H1	201.903	201.842	202.124	202.463
4946	2025.10.17 02:00	GBPJPY.i	H1	201.855	201.786	202.045	202.448
4947	2025.10.17 03:00	GBPJPY.i	H1	202.011	201.798	201.982	202.432
4948	2025.10.17 04:00	GBPJPY.i	H1	202.000	201.874	201.948	202.419
4949	2025.10.17 05:00	GBPJPY.i	H1	201.900	201.865	201.916	202.407
4950	2025.10.17 06:00	GBPJPY.i	H1	201.737	201.789	201.871	202.391
4951	2025.10.17 07:00	GBPJPY.i	H1	201.730	201.764	201.829	202.373
4952	2025.10.17 08:00	GBPJPY.i	H1	201.686	201.711	201.784	202.356
4953	2025.10.17 09:00	GBPJPY.i	H1	201.336	201.584	201.719	202.335
4954	2025.10.17 10:00	GBPJPY.i	H1	201.079	201.287	201.600	202.305
4955	2025.10.17 11:00	GBPJPY.i	H1	201.059	201.090	201.463	202.269
4956	2025.10.17 12:00	GBPJPY.i	H1	201.086	201.032	201.344	202.236
4957	2025.10.17 13:00	GBPJPY.i	H1	201.415	201.103	201.268	202.207
4958	2025.10.17 14:00	GBPJPY.i	H1	201.831	201.363	201.266	202.188
4959	2025.10.17 15:00	GBPJPY.i	H1	201.696	201.579	201.312	202.177
4960	2025.10.17 16:00	GBPJPY.i	H1	201.541	201.606	201.351	202.163
4961	2025.10.17 17:00	GBPJPY.i	H1	201.440	201.614	201.382	202.147
4962	2025.10.17 18:00	GBPJPY.i	H1	201.780	201.643	201.414	202.132
4963	2025.10.17 19:00	GBPJPY.i	H1	201.799	201.770	201.470	202.121
4964	2025.10.17 20:00	GBPJPY.i	H1	201.897	201.847	201.532	202.113
4965	2025.10.17 21:00	GBPJPY.i	H1	202.175	202.011	201.620	202.110
4966	2025.10.17 22:00	GBPJPY.i	H1	202.205	202.143	201.720	202.110
4967	2025.10.17 23:00	GBPJPY.i	H1	202.177	202.203	201.814	202.111
4968	2025.10.20 00:00	GBPJPY.i	H1	201.885	202.084	201.862	202.108
4969	2025.10.20 01:00	GBPJPY.i	H1	202.509	202.234	201.938	202.107
4970	2025.10.20 02:00	GBPJPY.i	H1	202.604	202.454	202.050	202.117
4971	2025.10.20 03:00	GBPJPY.i	H1	202.726	202.610	202.176	202.130
4972	2025.10.20 04:00	GBPJPY.i	H1	202.787	202.807	202.320	202.148
4973	2025.10.20 05:00	GBPJPY.i	H1	202.694	202.859	202.447	202.166
4974	2025.10.20 06:00	GBPJPY.i	H1	202.570	202.801	202.534	202.180
4975	2025.10.20 07:00	GBPJPY.i	H1	202.329	202.663	202.574	202.188
4976	2025.10.20 08:00	GBPJPY.i	H1	202.476	202.568	202.588	202.194
4977	2025.10.20 09:00	GBPJPY.i	H1	202.169	202.421	202.568	202.198
4978	2025.10.20 10:00	GBPJPY.i	H1	202.234	202.327	202.533	202.200
4979	2025.10.20 11:00	GBPJPY.i	H1	202.195	202.278	202.497	202.201
4980	2025.10.20 12:00	GBPJPY.i	H1	202.399	202.226	202.456	202.203
4981	2025.10.20 13:00	GBPJPY.i	H1	202.108	202.199	202.418	202.203
4982	2025.10.20 14:00	GBPJPY.i	H1	202.114	202.126	202.371	202.202
4983	2025.10.20 15:00	GBPJPY.i	H1	202.282	202.136	202.335	202.201
4984	2025.10.20 16:00	GBPJPY.i	H1	202.090	202.119	202.301	202.201
4985	2025.10.20 17:00	GBPJPY.i	H1	202.037	202.045	202.255	202.198
4986	2025.10.20 18:00	GBPJPY.i	H1	202.090	202.022	202.213	202.193
4987	2025.10.20 19:00	GBPJPY.i	H1	202.139	202.024	202.178	202.190
4988	2025.10.20 20:00	GBPJPY.i	H1	202.071	202.043	202.154	202.188
4989	2025.10.20 21:00	GBPJPY.i	H1	202.061	202.043	202.133	202.185
4990	2025.10.20 22:00	GBPJPY.i	H1	202.028	202.027	202.111	202.182
4991	2025.10.20 23:00	GBPJPY.i	H1	202.043	202.030	202.093	202.178
4992	2025.10.21 00:00	GBPJPY.i	H1	201.963	201.970	202.065	202.173
4993	2025.10.21 01:00	GBPJPY.i	H1	202.037	201.983	202.045	202.168
4994	2025.10.21 02:00	GBPJPY.i	H1	202.162	202.036	202.040	202.165
4995	2025.10.21 03:00	GBPJPY.i	H1	202.093	202.030	202.034	202.162
4996	2025.10.21 04:00	GBPJPY.i	H1	202.315	202.105	202.046	202.161
4997	2025.10.21 05:00	GBPJPY.i	H1	202.392	202.239	202.086	202.164
4998	2025.10.21 06:00	GBPJPY.i	H1	202.291	202.294	202.128	202.169
4999	2025.10.21 07:00	GBPJPY.i	H1	202.320	202.326	202.169	202.173
5000	2025.10.21 08:00	GBPJPY.i	H1	202.640	202.427	202.224	202.179
5001	2025.10.21 09:00	GBPJPY.i	H1	202.533	202.549	202.295	202.189
5002	2025.10.21 10:00	GBPJPY.i	H1	202.433	202.519	202.344	202.198
5003	2025.10.21 11:00	GBPJPY.i	H1	202.848	202.622	202.407	202.207
5004	2025.10.21 12:00	GBPJPY.i	H1	203.166	202.881	202.517	202.226
5005	2025.10.21 13:00	GBPJPY.i	H1	203.312	203.119	202.657	202.251
5006	2025.10.21 14:00	GBPJPY.i	H1	203.369	203.296	202.807	202.280
5007	2025.10.21 15:00	GBPJPY.i	H1	203.510	203.451	202.961	202.310
5008	2025.10.21 16:00	GBPJPY.i	H1	202.780	203.333	203.056	202.336
5009	2025.10.21 17:00	GBPJPY.i	H1	203.091	203.194	203.101	202.354
5010	2025.10.21 18:00	GBPJPY.i	H1	203.137	203.210	203.143	202.373
5011	2025.10.21 19:00	GBPJPY.i	H1	203.072	203.200	203.177	202.394
5012	2025.10.21 20:00	GBPJPY.i	H1	203.148	203.168	203.198	202.414
5013	2025.10.21 21:00	GBPJPY.i	H1	203.140	203.167	203.215	202.434
5014	2025.10.21 22:00	GBPJPY.i	H1	203.136	203.166	203.229	202.454
5015	2025.10.21 23:00	GBPJPY.i	H1	203.092	203.128	203.231	202.472
5016	2025.10.22 00:00	GBPJPY.i	H1	203.037	203.065	203.219	202.488
5017	2025.10.22 01:00	GBPJPY.i	H1	203.108	203.054	203.206	202.503
5018	2025.10.22 02:00	GBPJPY.i	H1	202.981	203.026	203.189	202.518
5019	2025.10.22 03:00	GBPJPY.i	H1	202.740	202.911	203.147	202.530
5020	2025.10.22 04:00	GBPJPY.i	H1	202.895	202.833	203.097	202.538
5021	2025.10.22 05:00	GBPJPY.i	H1	202.819	202.813	203.052	202.546
5022	2025.10.22 06:00	GBPJPY.i	H1	203.008	202.852	203.023	202.556
5023	2025.10.22 07:00	GBPJPY.i	H1	203.038	202.926	203.016	202.568
5024	2025.10.22 08:00	GBPJPY.i	H1	203.220	203.031	203.032	202.583
5025	2025.10.22 09:00	GBPJPY.i	H1	202.333	202.824	202.995	202.592
5026	2025.10.22 10:00	GBPJPY.i	H1	202.262	202.524	202.895	202.587
5027	2025.10.22 11:00	GBPJPY.i	H1	202.058	202.277	202.761	202.576
5028	2025.10.22 12:00	GBPJPY.i	H1	202.199	202.140	202.626	202.564
5029	2025.10.22 13:00	GBPJPY.i	H1	202.112	202.031	202.494	202.552
5030	2025.10.22 14:00	GBPJPY.i	H1	202.297	202.051	202.394	202.540
5031	2025.10.22 15:00	GBPJPY.i	H1	202.423	202.155	202.337	202.534
5032	2025.10.22 16:00	GBPJPY.i	H1	202.752	202.344	202.333	202.533
5033	2025.10.22 17:00	GBPJPY.i	H1	202.833	202.572	202.377	202.539
5034	2025.10.22 18:00	GBPJPY.i	H1	202.950	202.766	202.453	202.548
5035	2025.10.22 19:00	GBPJPY.i	H1	202.919	202.841	202.526	202.558
5036	2025.10.22 20:00	GBPJPY.i	H1	202.600	202.814	202.577	202.563
5037	2025.10.22 21:00	GBPJPY.i	H1	202.842	202.828	202.620	202.568
5038	2025.10.22 22:00	GBPJPY.i	H1	202.991	202.913	202.675	202.576
5039	2025.10.22 23:00	GBPJPY.i	H1	202.942	202.979	202.734	202.586
5040	2025.10.23 00:00	GBPJPY.i	H1	202.828	202.934	202.771	202.595
5041	2025.10.23 01:00	GBPJPY.i	H1	202.875	202.929	202.802	202.601
5042	2025.10.23 02:00	GBPJPY.i	H1	202.904	202.933	202.828	202.609
5043	2025.10.23 03:00	GBPJPY.i	H1	203.050	203.000	202.866	202.619
5044	2025.10.23 04:00	GBPJPY.i	H1	203.306	203.140	202.930	202.633
5045	2025.10.23 05:00	GBPJPY.i	H1	203.332	203.267	203.009	202.651
5046	2025.10.23 06:00	GBPJPY.i	H1	203.289	203.326	203.084	202.669
5047	2025.10.23 07:00	GBPJPY.i	H1	203.300	203.364	203.153	202.687
5048	2025.10.23 08:00	GBPJPY.i	H1	203.376	203.384	203.212	202.705
5049	2025.10.23 09:00	GBPJPY.i	H1	203.766	203.538	203.296	202.726
5050	2025.10.23 10:00	GBPJPY.i	H1	203.592	203.615	203.379	202.751
5051	2025.10.23 11:00	GBPJPY.i	H1	203.722	203.688	203.461	202.775
5052	2025.10.23 12:00	GBPJPY.i	H1	203.661	203.736	203.538	202.800
5053	2025.10.23 13:00	GBPJPY.i	H1	203.745	203.772	203.607	202.825
5054	2025.10.23 14:00	GBPJPY.i	H1	203.598	203.755	203.658	202.849
5055	2025.10.23 15:00	GBPJPY.i	H1	203.529	203.677	203.682	202.870
5056	2025.10.23 16:00	GBPJPY.i	H1	203.471	203.614	203.687	202.888
5057	2025.10.23 17:00	GBPJPY.i	H1	203.305	203.503	203.667	202.904
5058	2025.10.23 18:00	GBPJPY.i	H1	203.445	203.432	203.636	202.917
5059	2025.10.23 19:00	GBPJPY.i	H1	203.308	203.387	203.601	202.930
5060	2025.10.23 20:00	GBPJPY.i	H1	203.235	203.318	203.558	202.942
5061	2025.10.23 21:00	GBPJPY.i	H1	203.222	203.256	203.510	202.951
5062	2025.10.23 22:00	GBPJPY.i	H1	203.270	203.219	203.462	202.959
5063	2025.10.23 23:00	GBPJPY.i	H1	203.308	203.226	203.425	202.968
5064	2025.10.24 00:00	GBPJPY.i	H1	203.244	203.197	203.387	202.976
5065	2025.10.24 01:00	GBPJPY.i	H1	203.339	203.225	203.362	202.984
5066	2025.10.24 02:00	GBPJPY.i	H1	203.372	203.276	203.352	202.994
5067	2025.10.24 03:00	GBPJPY.i	H1	203.481	203.333	203.355	203.005
5068	2025.10.24 04:00	GBPJPY.i	H1	203.674	203.467	203.386	203.019
5069	2025.10.24 05:00	GBPJPY.i	H1	203.620	203.553	203.427	203.036
5070	2025.10.24 06:00	GBPJPY.i	H1	203.565	203.590	203.467	203.052
5071	2025.10.24 07:00	GBPJPY.i	H1	203.656	203.633	203.507	203.067
5072	2025.10.24 08:00	GBPJPY.i	H1	203.694	203.679	203.549	203.083
5073	2025.10.24 09:00	GBPJPY.i	H1	203.868	203.780	203.604	203.102
5074	2025.10.24 10:00	GBPJPY.i	H1	203.500	203.735	203.638	203.119
5075	2025.10.24 11:00	GBPJPY.i	H1	203.735	203.719	203.661	203.134
5076	2025.10.24 12:00	GBPJPY.i	H1	203.763	203.733	203.683	203.149
5077	2025.10.24 13:00	GBPJPY.i	H1	203.719	203.744	203.703	203.165
5078	2025.10.24 14:00	GBPJPY.i	H1	203.490	203.665	203.702	203.178
5079	2025.10.24 15:00	GBPJPY.i	H1	203.745	203.628	203.693	203.189
5080	2025.10.24 16:00	GBPJPY.i	H1	203.827	203.734	203.712	203.204
5081	2025.10.24 17:00	GBPJPY.i	H1	203.178	203.565	203.686	203.215
5082	2025.10.24 18:00	GBPJPY.i	H1	203.185	203.372	203.623	203.217
5083	2025.10.24 19:00	GBPJPY.i	H1	203.203	203.241	203.545	203.216
5084	2025.10.24 20:00	GBPJPY.i	H1	203.274	203.205	203.475	203.216
5085	2025.10.24 21:00	GBPJPY.i	H1	203.371	203.228	203.426	203.219
5086	2025.10.24 22:00	GBPJPY.i	H1	203.436	203.275	203.397	203.223
5087	2025.10.24 23:00	GBPJPY.i	H1	203.458	203.321	203.382	203.228
5088	2025.10.27 00:00	GBPJPY.i	H1	203.855	203.505	203.411	203.237
5089	2025.10.27 01:00	GBPJPY.i	H1	203.932	203.701	203.476	203.253
5090	2025.10.27 02:00	GBPJPY.i	H1	203.907	203.850	203.559	203.271
5091	2025.10.27 03:00	GBPJPY.i	H1	203.707	203.862	203.625	203.288
5092	2025.10.27 04:00	GBPJPY.i	H1	203.689	203.823	203.667	203.300
5093	2025.10.27 05:00	GBPJPY.i	H1	203.815	203.830	203.703	203.312
5094	2025.10.27 06:00	GBPJPY.i	H1	203.878	203.865	203.740	203.326
5095	2025.10.27 07:00	GBPJPY.i	H1	203.914	203.895	203.778	203.341
5096	2025.10.27 08:00	GBPJPY.i	H1	203.970	203.964	203.824	203.358
5097	2025.10.27 09:00	GBPJPY.i	H1	203.816	203.947	203.856	203.373
5098	2025.10.27 10:00	GBPJPY.i	H1	203.745	203.853	203.861	203.385
5099	2025.10.27 11:00	GBPJPY.i	H1	203.650	203.763	203.846	203.393
5100	2025.10.27 12:00	GBPJPY.i	H1	203.841	203.746	203.832	203.402
5101	2025.10.27 13:00	GBPJPY.i	H1	203.863	203.799	203.833	203.413
5102	2025.10.27 14:00	GBPJPY.i	H1	203.731	203.773	203.828	203.424
5103	2025.10.27 15:00	GBPJPY.i	H1	204.006	203.830	203.837	203.435
5104	2025.10.27 16:00	GBPJPY.i	H1	204.159	203.972	203.876	203.451
5105	2025.10.27 17:00	GBPJPY.i	H1	203.963	204.027	203.918	203.469
5106	2025.10.27 18:00	GBPJPY.i	H1	204.045	204.036	203.952	203.484
5107	2025.10.27 19:00	GBPJPY.i	H1	204.014	204.040	203.979	203.499
5108	2025.10.27 20:00	GBPJPY.i	H1	204.080	204.073	204.008	203.514
5109	2025.10.27 21:00	GBPJPY.i	H1	203.823	203.998	204.013	203.527
5110	2025.10.27 22:00	GBPJPY.i	H1	203.892	203.933	204.003	203.536
5111	2025.10.27 23:00	GBPJPY.i	H1	203.826	203.896	203.988	203.545
5112	2025.10.28 00:00	GBPJPY.i	H1	203.689	203.814	203.957	203.553
5113	2025.10.28 01:00	GBPJPY.i	H1	203.740	203.762	203.921	203.558
5114	2025.10.28 02:00	GBPJPY.i	H1	203.695	203.722	203.884	203.563
5115	2025.10.28 03:00	GBPJPY.i	H1	203.579	203.633	203.834	203.565
5116	2025.10.28 04:00	GBPJPY.i	H1	203.487	203.530	203.771	203.565
5117	2025.10.28 05:00	GBPJPY.i	H1	203.514	203.482	203.710	203.563
5118	2025.10.28 06:00	GBPJPY.i	H1	203.376	203.404	203.643	203.560
5119	2025.10.28 07:00	GBPJPY.i	H1	202.997	203.239	203.553	203.552
5120	2025.10.28 08:00	GBPJPY.i	H1	202.985	203.058	203.439	203.538
5121	2025.10.28 09:00	GBPJPY.i	H1	202.984	202.975	203.331	203.523
5122	2025.10.28 10:00	GBPJPY.i	H1	202.899	202.936	203.236	203.509
5123	2025.10.28 11:00	GBPJPY.i	H1	202.209	202.609	203.085	203.487
5124	2025.10.28 12:00	GBPJPY.i	H1	202.309	202.360	202.909	203.455
5125	2025.10.28 13:00	GBPJPY.i	H1	202.354	202.245	202.745	203.423
5126	2025.10.28 14:00	GBPJPY.i	H1	202.320	202.185	202.601	203.392
5127	2025.10.28 15:00	GBPJPY.i	H1	202.086	202.103	202.468	203.361
5128	2025.10.28 16:00	GBPJPY.i	H1	201.739	201.920	202.318	203.324
5129	2025.10.28 17:00	GBPJPY.i	H1	201.782	201.764	202.164	203.283
5130	2025.10.28 18:00	GBPJPY.i	H1	202.002	201.741	202.037	203.242
5131	2025.10.28 19:00	GBPJPY.i	H1	202.150	201.859	201.962	203.208
5132	2025.10.28 20:00	GBPJPY.i	H1	202.041	201.911	201.913	203.177
5133	2025.10.28 21:00	GBPJPY.i	H1	201.985	201.927	201.875	203.145
5134	2025.10.28 22:00	GBPJPY.i	H1	201.822	201.877	201.833	203.112
5135	2025.10.28 23:00	GBPJPY.i	H1	201.817	201.850	201.794	203.077
5136	2025.10.29 00:00	GBPJPY.i	H1	201.756	201.792	201.750	203.041
5137	2025.10.29 01:00	GBPJPY.i	H1	201.949	201.815	201.723	203.007
5138	2025.10.29 02:00	GBPJPY.i	H1	201.478	201.721	201.680	202.973
5139	2025.10.29 03:00	GBPJPY.i	H1	201.248	201.520	201.603	202.931
5140	2025.10.29 04:00	GBPJPY.i	H1	201.472	201.417	201.521	202.888
5141	2025.10.29 05:00	GBPJPY.i	H1	201.578	201.462	201.470	202.849
5142	2025.10.29 06:00	GBPJPY.i	H1	201.504	201.450	201.428	202.812
5143	2025.10.29 07:00	GBPJPY.i	H1	201.513	201.452	201.397	202.775
5144	2025.10.29 08:00	GBPJPY.i	H1	201.651	201.556	201.397	202.743
5145	2025.10.29 09:00	GBPJPY.i	H1	201.229	201.481	201.381	202.709
5146	2025.10.29 10:00	GBPJPY.i	H1	201.143	201.316	201.331	202.669
5147	2025.10.29 11:00	GBPJPY.i	H1	201.210	201.241	201.277	202.628
5148	2025.10.29 12:00	GBPJPY.i	H1	201.249	201.223	201.233	202.589
5149	2025.10.29 13:00	GBPJPY.i	H1	201.234	201.227	201.201	202.552
5150	2025.10.29 14:00	GBPJPY.i	H1	201.224	201.237	201.179	202.517
5151	2025.10.29 15:00	GBPJPY.i	H1	201.008	201.144	201.142	202.479
5152	2025.10.29 16:00	GBPJPY.i	H1	200.731	200.950	201.069	202.436
5153	2025.10.29 17:00	GBPJPY.i	H1	201.101	200.930	201.010	202.393
5154	2025.10.29 18:00	GBPJPY.i	H1	201.148	201.017	200.985	202.356
5155	2025.10.29 19:00	GBPJPY.i	H1	201.255	201.134	200.993	202.325
5156	2025.10.29 20:00	GBPJPY.i	H1	201.327	201.223	201.019	202.296
5157	2025.10.29 21:00	GBPJPY.i	H1	201.127	201.237	201.042	202.268
5158	2025.10.29 22:00	GBPJPY.i	H1	201.621	201.348	201.087	202.242
5159	2025.10.29 23:00	GBPJPY.i	H1	201.501	201.459	201.148	202.220
5160	2025.10.30 00:00	GBPJPY.i	H1	201.354	201.414	201.186	202.198
5161	2025.10.30 01:00	GBPJPY.i	H1	201.456	201.460	201.229	202.175
5162	2025.10.30 02:00	GBPJPY.i	H1	201.509	201.497	201.272	202.155
5163	2025.10.30 03:00	GBPJPY.i	H1	201.524	201.541	201.319	202.137
5164	2025.10.30 04:00	GBPJPY.i	H1	201.445	201.521	201.352	202.118
5165	2025.10.30 05:00	GBPJPY.i	H1	201.140	201.406	201.354	202.097
5166	2025.10.30 06:00	GBPJPY.i	H1	201.940	201.542	201.390	202.079
5167	2025.10.30 07:00	GBPJPY.i	H1	201.893	201.706	201.457	202.070
5168	2025.10.30 08:00	GBPJPY.i	H1	202.160	201.896	201.553	202.066
5169	2025.10.30 09:00	GBPJPY.i	H1	202.435	202.161	201.690	202.069
5170	2025.10.30 10:00	GBPJPY.i	H1	202.452	202.387	201.848	202.078
5171	2025.10.30 11:00	GBPJPY.i	H1	203.053	202.717	202.048	202.095
5172	2025.10.30 12:00	GBPJPY.i	H1	202.811	202.900	202.246	202.116
5173	2025.10.30 13:00	GBPJPY.i	H1	202.854	202.987	202.423	202.137
5174	2025.10.30 14:00	GBPJPY.i	H1	203.094	203.116	202.594	202.159
5175	2025.10.30 15:00	GBPJPY.i	H1	202.690	203.083	202.723	202.181
5176	2025.10.30 16:00	GBPJPY.i	H1	202.868	203.028	202.815	202.198
5177	2025.10.30 17:00	GBPJPY.i	H1	202.992	203.057	202.898	202.218
5178	2025.10.30 18:00	GBPJPY.i	H1	202.674	202.975	202.947	202.236
5179	2025.10.30 19:00	GBPJPY.i	H1	202.718	202.851	202.959	202.250
5180	2025.10.30 20:00	GBPJPY.i	H1	202.680	202.774	202.954	202.261
5181	2025.10.30 21:00	GBPJPY.i	H1	202.571	202.692	202.932	202.272
5182	2025.10.30 22:00	GBPJPY.i	H1	202.522	202.586	202.891	202.280
5183	2025.10.30 23:00	GBPJPY.i	H1	202.676	202.575	202.857	202.289
5184	2025.10.31 00:00	GBPJPY.i	H1	202.556	202.530	202.818	202.297
5185	2025.10.31 01:00	GBPJPY.i	H1	202.698	202.554	202.791	202.305
5186	2025.10.31 02:00	GBPJPY.i	H1	202.510	202.534	202.763	202.313
5187	2025.10.31 03:00	GBPJPY.i	H1	202.511	202.513	202.733	202.320
5188	2025.10.31 04:00	GBPJPY.i	H1	202.334	202.410	202.684	202.324
5189	2025.10.31 05:00	GBPJPY.i	H1	202.398	202.348	202.629	202.325
5190	2025.10.31 06:00	GBPJPY.i	H1	202.583	202.396	202.595	202.328
5191	2025.10.31 07:00	GBPJPY.i	H1	202.518	202.435	202.575	202.333
5192	2025.10.31 08:00	GBPJPY.i	H1	202.389	202.410	202.550	202.337
5193	2025.10.31 09:00	GBPJPY.i	H1	202.650	202.482	202.546	202.342
5194	2025.10.31 10:00	GBPJPY.i	H1	202.837	202.602	202.567	202.351
5195	2025.10.31 11:00	GBPJPY.i	H1	202.686	202.688	202.601	202.362
5196	2025.10.31 12:00	GBPJPY.i	H1	202.586	202.666	202.621	202.371
5197	2025.10.31 13:00	GBPJPY.i	H1	202.379	202.570	202.613	202.376
5198	2025.10.31 14:00	GBPJPY.i	H1	202.311	202.450	202.580	202.376
5199	2025.10.31 15:00	GBPJPY.i	H1	202.015	202.249	202.508	202.371
5200	2025.10.31 16:00	GBPJPY.i	H1	202.046	202.110	202.421	202.362
5201	2025.10.31 17:00	GBPJPY.i	H1	202.043	202.012	202.331	202.353
5202	2025.10.31 18:00	GBPJPY.i	H1	202.380	202.078	202.276	202.346
5203	2025.10.31 19:00	GBPJPY.i	H1	202.319	202.180	202.255	202.345
5204	2025.10.31 20:00	GBPJPY.i	H1	202.344	202.251	202.252	202.346
5205	2025.10.31 21:00	GBPJPY.i	H1	202.461	202.325	202.264	202.347
5206	2025.10.31 22:00	GBPJPY.i	H1	202.440	202.401	202.290	202.349
5207	2025.10.31 23:00	GBPJPY.i	H1	202.362	202.421	202.313	202.352
5208	2025.11.03 00:00	GBPJPY.i	H1	202.413	202.380	202.321	202.352
5209	2025.11.03 01:00	GBPJPY.i	H1	202.526	202.442	202.342	202.354
5210	2025.11.03 02:00	GBPJPY.i	H1	202.511	202.483	202.368	202.357
5211	2025.11.03 03:00	GBPJPY.i	H1	202.423	202.481	202.388	202.361
5212	2025.11.03 04:00	GBPJPY.i	H1	202.439	202.472	202.402	202.363
5213	2025.11.03 05:00	GBPJPY.i	H1	202.424	202.456	202.411	202.364
5214	2025.11.03 06:00	GBPJPY.i	H1	202.467	202.461	202.419	202.366
5215	2025.11.03 07:00	GBPJPY.i	H1	202.544	202.501	202.436	202.370
5216	2025.11.03 08:00	GBPJPY.i	H1	202.694	202.591	202.470	202.376
5217	2025.11.03 09:00	GBPJPY.i	H1	202.465	202.600	202.499	202.383
5218	2025.11.03 10:00	GBPJPY.i	H1	202.237	202.463	202.490	202.384
5219	2025.11.03 11:00	GBPJPY.i	H1	202.342	202.396	202.470	202.382
5220	2025.11.03 12:00	GBPJPY.i	H1	202.418	202.388	202.453	202.381
5221	2025.11.03 13:00	GBPJPY.i	H1	202.360	202.383	202.439	202.382
5222	2025.11.03 14:00	GBPJPY.i	H1	202.593	202.448	202.443	202.384
5223	2025.11.03 15:00	GBPJPY.i	H1	202.472	202.474	202.452	202.388
5224	2025.11.03 16:00	GBPJPY.i	H1	202.061	202.343	202.428	202.387
5225	2025.11.03 17:00	GBPJPY.i	H1	202.574	202.346	202.411	202.384
5226	2025.11.03 18:00	GBPJPY.i	H1	202.642	202.464	202.425	202.387
5227	2025.11.03 19:00	GBPJPY.i	H1	202.628	202.568	202.458	202.394
5228	2025.11.03 20:00	GBPJPY.i	H1	202.544	202.589	202.488	202.400
5229	2025.11.03 21:00	GBPJPY.i	H1	202.560	202.605	202.515	202.405
5230	2025.11.03 22:00	GBPJPY.i	H1	202.589	202.613	202.538	202.410
5231	2025.11.03 23:00	GBPJPY.i	H1	202.586	202.616	202.556	202.415
5232	2025.11.04 00:00	GBPJPY.i	H1	202.527	202.592	202.566	202.419
5233	2025.11.04 01:00	GBPJPY.i	H1	202.544	202.578	202.571	202.423
5234	2025.11.04 02:00	GBPJPY.i	H1	202.559	202.550	202.569	202.426
5235	2025.11.04 03:00	GBPJPY.i	H1	202.548	202.561	202.571	202.429
5236	2025.11.04 04:00	GBPJPY.i	H1	202.230	202.454	202.547	202.430
5237	2025.11.04 05:00	GBPJPY.i	H1	202.277	202.367	202.510	202.427
5238	2025.11.04 06:00	GBPJPY.i	H1	202.176	202.238	202.451	202.421
5239	2025.11.04 07:00	GBPJPY.i	H1	201.709	202.021	202.356	202.410
5240	2025.11.04 08:00	GBPJPY.i	H1	201.611	201.765	202.224	202.391
5241	2025.11.04 09:00	GBPJPY.i	H1	201.511	201.545	202.071	202.367
5242	2025.11.04 10:00	GBPJPY.i	H1	201.151	201.300	201.894	202.339
5243	2025.11.04 11:00	GBPJPY.i	H1	200.490	200.906	201.665	202.301
5244	2025.11.04 12:00	GBPJPY.i	H1	200.764	200.642	201.426	202.255
5245	2025.11.04 13:00	GBPJPY.i	H1	200.535	200.482	201.200	202.210
5246	2025.11.04 14:00	GBPJPY.i	H1	200.609	200.384	200.998	202.165
5247	2025.11.04 15:00	GBPJPY.i	H1	200.283	200.260	200.808	202.117
5248	2025.11.04 16:00	GBPJPY.i	H1	200.243	200.127	200.625	202.067
5249	2025.11.04 17:00	GBPJPY.i	H1	200.101	200.043	200.459	202.015
5250	2025.11.04 18:00	GBPJPY.i	H1	200.273	200.027	200.322	201.965
5251	2025.11.04 19:00	GBPJPY.i	H1	200.103	200.010	200.208	201.915
5252	2025.11.04 20:00	GBPJPY.i	H1	199.984	199.945	200.100	201.864
5253	2025.11.04 21:00	GBPJPY.i	H1	199.945	199.899	200.004	201.812
5254	2025.11.04 22:00	GBPJPY.i	H1	200.000	199.908	199.929	201.761
5255	2025.11.04 23:00	GBPJPY.i	H1	200.031	199.930	199.875	201.713
5256	2025.11.05 00:00	GBPJPY.i	H1	200.140	199.977	199.842	201.667
5257	2025.11.05 01:00	GBPJPY.i	H1	199.937	199.978	199.817	201.622
5258	2025.11.05 02:00	GBPJPY.i	H1	199.493	199.846	199.768	201.573
5259	2025.11.05 03:00	GBPJPY.i	H1	199.344	199.572	199.669	201.516
5260	2025.11.05 04:00	GBPJPY.i	H1	199.548	199.481	199.574	201.457
5261	2025.11.05 05:00	GBPJPY.i	H1	199.869	199.583	199.526	201.406
5262	2025.11.05 06:00	GBPJPY.i	H1	199.916	199.700	199.517	201.362
5263	2025.11.05 07:00	GBPJPY.i	H1	199.907	199.818	199.537	201.321
5264	2025.11.05 08:00	GBPJPY.i	H1	200.195	199.972	199.589	201.285
5265	2025.11.05 09:00	GBPJPY.i	H1	200.040	200.038	199.646	201.251
5266	2025.11.05 10:00	GBPJPY.i	H1	200.239	200.167	199.721	201.220
5267	2025.11.05 11:00	GBPJPY.i	H1	200.402	200.290	199.811	201.193
5268	2025.11.05 12:00	GBPJPY.i	H1	200.096	200.312	199.888	201.168
5269	2025.11.05 13:00	GBPJPY.i	H1	200.236	200.288	199.947	201.140
5270	2025.11.05 14:00	GBPJPY.i	H1	200.464	200.387	200.019	201.116
5271	2025.11.05 15:00	GBPJPY.i	H1	200.567	200.528	200.112	201.099
5272	2025.11.05 16:00	GBPJPY.i	H1	200.598	200.617	200.207	201.084
5273	2025.11.05 17:00	GBPJPY.i	H1	201.229	200.875	200.344	201.077
5274	2025.11.05 18:00	GBPJPY.i	H1	201.094	201.073	200.499	201.076
5275	2025.11.05 19:00	GBPJPY.i	H1	200.892	201.104	200.629	201.075
5276	2025.11.05 20:00	GBPJPY.i	H1	201.058	201.125	200.739	201.072
5277	2025.11.05 21:00	GBPJPY.i	H1	201.033	201.145	200.833	201.070
5278	2025.11.05 22:00	GBPJPY.i	H1	201.126	201.182	200.919	201.070
5279	2025.11.05 23:00	GBPJPY.i	H1	201.113	201.205	200.995	201.071
5280	2025.11.06 00:00	GBPJPY.i	H1	200.997	201.158	201.046	201.071
5281	2025.11.06 01:00	GBPJPY.i	H1	201.109	201.136	201.084	201.070
5282	2025.11.06 02:00	GBPJPY.i	H1	200.973	201.084	201.103	201.069
5283	2025.11.06 03:00	GBPJPY.i	H1	201.000	201.043	201.111	201.067
5284	2025.11.06 04:00	GBPJPY.i	H1	201.039	201.028	201.115	201.065
5285	2025.11.06 05:00	GBPJPY.i	H1	201.000	201.023	201.117	201.063
5286	2025.11.06 06:00	GBPJPY.i	H1	201.094	201.047	201.124	201.063
5287	2025.11.06 07:00	GBPJPY.i	H1	200.976	201.023	201.123	201.063
5288	2025.11.06 08:00	GBPJPY.i	H1	201.004	201.010	201.119	201.061
5289	2025.11.06 09:00	GBPJPY.i	H1	200.990	201.009	201.114	201.060
5290	2025.11.06 10:00	GBPJPY.i	H1	200.932	200.946	201.095	201.057
5291	2025.11.06 11:00	GBPJPY.i	H1	201.064	200.976	201.086	201.055
5292	2025.11.06 12:00	GBPJPY.i	H1	201.074	201.026	201.089	201.055
5293	2025.11.06 13:00	GBPJPY.i	H1	201.143	201.068	201.100	201.057
5294	2025.11.06 14:00	GBPJPY.i	H1	201.222	201.058	201.104	201.058
5295	2025.11.06 15:00	GBPJPY.i	H1	201.206	201.131	201.122	201.059
5296	2025.11.06 16:00	GBPJPY.i	H1	200.713	201.017	201.110	201.059
5297	2025.11.06 17:00	GBPJPY.i	H1	200.512	200.825	201.055	201.051
5298	2025.11.06 18:00	GBPJPY.i	H1	200.483	200.660	200.975	201.038
5299	2025.11.06 19:00	GBPJPY.i	H1	200.783	200.609	200.901	201.026
5300	2025.11.06 20:00	GBPJPY.i	H1	201.095	200.757	200.877	201.020
5301	2025.11.06 21:00	GBPJPY.i	H1	201.104	200.905	200.889	201.021
5302	2025.11.06 22:00	GBPJPY.i	H1	201.014	200.974	200.912	201.023
5303	2025.11.06 23:00	GBPJPY.i	H1	201.074	201.022	200.939	201.023
5304	2025.11.07 00:00	GBPJPY.i	H1	200.881	200.964	200.945	201.022
5305	2025.11.07 01:00	GBPJPY.i	H1	200.976	200.955	200.947	201.019
5306	2025.11.07 02:00	GBPJPY.i	H1	201.123	201.013	200.963	201.018
5307	2025.11.07 03:00	GBPJPY.i	H1	200.980	201.037	200.980	201.019
5308	2025.11.07 04:00	GBPJPY.i	H1	200.951	200.990	200.982	201.018
5309	2025.11.07 05:00	GBPJPY.i	H1	200.790	200.916	200.967	201.014
5310	2025.11.07 06:00	GBPJPY.i	H1	200.832	200.860	200.944	201.009
5311	2025.11.07 07:00	GBPJPY.i	H1	201.180	200.951	200.947	201.007
5312	2025.11.07 08:00	GBPJPY.i	H1	201.298	201.112	200.986	201.012
5313	2025.11.07 09:00	GBPJPY.i	H1	201.318	201.226	201.041	201.019
5314	2025.11.07 10:00	GBPJPY.i	H1	201.137	201.225	201.083	201.025
5315	2025.11.07 11:00	GBPJPY.i	H1	201.037	201.170	201.104	201.028
5316	2025.11.07 12:00	GBPJPY.i	H1	201.031	201.102	201.105	201.028
5317	2025.11.07 13:00	GBPJPY.i	H1	200.911	201.002	201.084	201.025
5318	2025.11.07 14:00	GBPJPY.i	H1	200.785	200.906	201.047	201.021
5319	2025.11.07 15:00	GBPJPY.i	H1	201.365	201.012	201.043	201.020
5320	2025.11.07 16:00	GBPJPY.i	H1	201.598	201.222	201.089	201.028
5321	2025.11.07 17:00	GBPJPY.i	H1	201.392	201.372	201.157	201.040
5322	2025.11.07 18:00	GBPJPY.i	H1	201.457	201.459	201.229	201.053
5323	2025.11.07 19:00	GBPJPY.i	H1	201.627	201.551	201.305	201.066
5324	2025.11.07 20:00	GBPJPY.i	H1	201.799	201.683	201.396	201.082
5325	2025.11.07 21:00	GBPJPY.i	H1	202.040	201.868	201.509	201.103
5326	2025.11.07 22:00	GBPJPY.i	H1	201.960	201.982	201.623	201.127
5327	2025.11.07 23:00	GBPJPY.i	H1	201.927	202.003	201.718	201.149
5328	2025.11.10 00:00	GBPJPY.i	H1	202.169	202.087	201.814	201.172
5329	2025.11.10 01:00	GBPJPY.i	H1	202.137	202.179	201.911	201.198
5330	2025.11.10 02:00	GBPJPY.i	H1	202.233	202.193	201.991	201.224
5331	2025.11.10 03:00	GBPJPY.i	H1	202.299	202.286	202.077	201.251
5332	2025.11.10 04:00	GBPJPY.i	H1	202.336	202.344	202.159	201.280
5333	2025.11.10 05:00	GBPJPY.i	H1	202.371	202.410	202.239	201.309
5334	2025.11.10 06:00	GBPJPY.i	H1	202.381	202.427	202.307	201.339
5335	2025.11.10 07:00	GBPJPY.i	H1	202.505	202.495	202.376	201.369
5336	2025.11.10 08:00	GBPJPY.i	H1	202.406	202.516	202.436	201.399
5337	2025.11.10 09:00	GBPJPY.i	H1	202.673	202.591	202.500	201.431
5338	2025.11.10 10:00	GBPJPY.i	H1	203.098	202.790	202.596	201.468
5339	2025.11.10 11:00	GBPJPY.i	H1	203.073	202.989	202.716	201.511
5340	2025.11.10 12:00	GBPJPY.i	H1	202.871	203.018	202.815	201.553
5341	2025.11.10 13:00	GBPJPY.i	H1	203.078	203.060	202.902	201.592
5342	2025.11.10 14:00	GBPJPY.i	H1	203.136	203.141	202.989	201.633
5343	2025.11.10 15:00	GBPJPY.i	H1	202.964	203.132	203.055	201.673
5344	2025.11.10 16:00	GBPJPY.i	H1	202.857	203.021	203.082	201.708
5345	2025.11.10 17:00	GBPJPY.i	H1	202.507	202.854	203.065	201.736
5346	2025.11.10 18:00	GBPJPY.i	H1	202.589	202.703	203.019	201.761
5347	2025.11.10 19:00	GBPJPY.i	H1	202.882	202.718	202.987	201.786
5348	2025.11.10 20:00	GBPJPY.i	H1	202.954	202.796	202.978	201.816
5349	2025.11.10 21:00	GBPJPY.i	H1	203.035	202.887	202.991	201.848
5350	2025.11.10 22:00	GBPJPY.i	H1	203.026	202.961	203.014	201.881
5351	2025.11.10 23:00	GBPJPY.i	H1	203.027	203.005	203.040	201.913
5352	2025.11.11 00:00	GBPJPY.i	H1	202.890	202.956	203.047	201.942
5353	2025.11.11 01:00	GBPJPY.i	H1	203.041	202.973	203.054	201.970
5354	2025.11.11 02:00	GBPJPY.i	H1	203.146	203.037	203.073	202.000
5355	2025.11.11 03:00	GBPJPY.i	H1	203.159	203.116	203.105	202.032
5356	2025.11.11 04:00	GBPJPY.i	H1	203.191	203.162	203.138	202.064
5357	2025.11.11 05:00	GBPJPY.i	H1	203.133	203.164	203.163	202.094
5358	2025.11.11 06:00	GBPJPY.i	H1	203.147	203.175	203.184	202.124
5359	2025.11.11 07:00	GBPJPY.i	H1	202.921	203.099	203.182	202.150
5360	2025.11.11 08:00	GBPJPY.i	H1	202.828	203.011	203.160	202.173
5361	2025.11.11 09:00	GBPJPY.i	H1	202.384	202.761	203.086	202.188
5362	2025.11.11 10:00	GBPJPY.i	H1	202.596	202.616	202.995	202.198
5363	2025.11.11 11:00	GBPJPY.i	H1	202.626	202.552	202.909	202.208
5364	2025.11.11 12:00	GBPJPY.i	H1	202.650	202.530	202.837	202.219
5365	2025.11.11 13:00	GBPJPY.i	H1	202.815	202.590	202.792	202.232
5366	2025.11.11 14:00	GBPJPY.i	H1	202.636	202.611	202.758	202.245
5367	2025.11.11 15:00	GBPJPY.i	H1	202.535	202.565	202.719	202.256
5368	2025.11.11 16:00	GBPJPY.i	H1	202.973	202.663	202.709	202.268
5369	2025.11.11 17:00	GBPJPY.i	H1	202.827	202.743	202.717	202.284
5370	2025.11.11 18:00	GBPJPY.i	H1	202.855	202.794	202.733	202.300
5371	2025.11.11 19:00	GBPJPY.i	H1	202.975	202.875	202.762	202.316
5372	2025.11.11 20:00	GBPJPY.i	H1	203.038	202.959	202.803	202.334
5373	2025.11.11 21:00	GBPJPY.i	H1	202.922	202.982	202.840	202.352
5374	2025.11.11 22:00	GBPJPY.i	H1	202.843	202.959	202.863	202.368
5375	2025.11.11 23:00	GBPJPY.i	H1	202.660	202.862	202.860	202.380
5376	2025.11.12 00:00	GBPJPY.i	H1	202.590	202.738	202.830	202.388
5377	2025.11.12 01:00	GBPJPY.i	H1	202.642	202.682	202.795	202.395
5378	2025.11.12 02:00	GBPJPY.i	H1	202.761	202.684	202.770	202.403
5379	2025.11.12 03:00	GBPJPY.i	H1	202.753	202.714	202.757	202.412
5380	2025.11.12 04:00	GBPJPY.i	H1	202.783	202.757	202.757	202.423
5381	2025.11.12 05:00	GBPJPY.i	H1	202.801	202.760	202.757	202.433
5382	2025.11.12 06:00	GBPJPY.i	H1	203.166	202.895	202.787	202.446
5383	2025.11.12 07:00	GBPJPY.i	H1	203.096	203.025	202.840	202.464
5384	2025.11.12 08:00	GBPJPY.i	H1	203.163	203.116	202.901	202.483
5385	2025.11.12 09:00	GBPJPY.i	H1	203.253	203.204	202.969	202.502
5386	2025.11.12 10:00	GBPJPY.i	H1	202.986	203.231	203.028	202.522
5387	2025.11.12 11:00	GBPJPY.i	H1	203.083	203.210	203.070	202.539
5388	2025.11.12 12:00	GBPJPY.i	H1	203.267	203.224	203.107	202.556
5389	2025.11.12 13:00	GBPJPY.i	H1	203.366	203.284	203.152	202.575
5390	2025.11.12 14:00	GBPJPY.i	H1	203.069	203.225	203.173	202.592
5391	2025.11.12 15:00	GBPJPY.i	H1	203.047	203.148	203.174	202.606
5392	2025.11.12 16:00	GBPJPY.i	H1	202.857	203.027	203.148	202.616
5393	2025.11.12 17:00	GBPJPY.i	H1	203.178	203.041	203.133	202.626
5394	2025.11.12 18:00	GBPJPY.i	H1	203.047	203.065	203.127	202.639
5395	2025.11.12 19:00	GBPJPY.i	H1	203.118	203.060	203.121	202.652
5396	2025.11.12 20:00	GBPJPY.i	H1	203.254	203.126	203.131	202.665
5397	2025.11.12 21:00	GBPJPY.i	H1	203.138	203.139	203.141	202.679
5398	2025.11.12 22:00	GBPJPY.i	H1	203.200	203.159	203.152	202.693
5399	2025.11.12 23:00	GBPJPY.i	H1	203.290	203.210	203.172	202.707
5400	2025.11.13 00:00	GBPJPY.i	H1	203.096	203.177	203.180	202.721
5401	2025.11.13 01:00	GBPJPY.i	H1	203.088	203.148	203.179	202.732
5402	2025.11.13 02:00	GBPJPY.i	H1	203.242	203.164	203.182	202.743
5403	2025.11.13 03:00	GBPJPY.i	H1	203.064	203.150	203.180	202.755
5404	2025.11.13 04:00	GBPJPY.i	H1	202.981	203.078	203.163	202.764
5405	2025.11.13 05:00	GBPJPY.i	H1	203.101	203.062	203.145	202.771
5406	2025.11.13 06:00	GBPJPY.i	H1	203.169	203.080	203.136	202.780
5407	2025.11.13 07:00	GBPJPY.i	H1	203.250	203.151	203.144	202.791
5408	2025.11.13 08:00	GBPJPY.i	H1	203.226	203.199	203.161	202.804
5409	2025.11.13 09:00	GBPJPY.i	H1	203.303	203.225	203.179	202.816
5410	2025.11.13 10:00	GBPJPY.i	H1	203.458	203.289	203.207	202.829
5411	2025.11.13 11:00	GBPJPY.i	H1	203.289	203.295	203.230	202.842
5412	2025.11.13 12:00	GBPJPY.i	H1	203.470	203.367	203.264	202.856
5413	2025.11.13 13:00	GBPJPY.i	H1	203.447	203.434	203.306	202.872
5414	2025.11.13 14:00	GBPJPY.i	H1	203.779	203.572	203.370	202.892
5415	2025.11.13 15:00	GBPJPY.i	H1	203.651	203.659	203.440	202.913
5416	2025.11.13 16:00	GBPJPY.i	H1	203.504	203.651	203.493	202.933
5417	2025.11.13 17:00	GBPJPY.i	H1	203.515	203.621	203.528	202.950
5418	2025.11.13 18:00	GBPJPY.i	H1	203.990	203.737	203.583	202.970
5419	2025.11.13 19:00	GBPJPY.i	H1	203.873	203.844	203.652	202.994
5420	2025.11.13 20:00	GBPJPY.i	H1	203.777	203.857	203.708	203.018
5421	2025.11.13 21:00	GBPJPY.i	H1	203.740	203.834	203.748	203.039
5422	2025.11.13 22:00	GBPJPY.i	H1	203.761	203.829	203.779	203.059
5423	2025.11.13 23:00	GBPJPY.i	H1	203.803	203.832	203.805	203.079
5424	2025.11.14 00:00	GBPJPY.i	H1	203.392	203.705	203.796	203.095
5425	2025.11.14 01:00	GBPJPY.i	H1	203.379	203.531	203.751	203.105
5426	2025.11.14 02:00	GBPJPY.i	H1	203.265	203.404	203.688	203.112
5427	2025.11.14 03:00	GBPJPY.i	H1	203.121	203.249	203.603	203.115
5428	2025.11.14 04:00	GBPJPY.i	H1	203.087	203.142	203.513	203.116
5429	2025.11.14 05:00	GBPJPY.i	H1	203.152	203.076	203.427	203.116
5430	2025.11.14 06:00	GBPJPY.i	H1	202.970	203.001	203.340	203.115
5431	2025.11.14 07:00	GBPJPY.i	H1	203.104	202.972	203.264	203.113
5432	2025.11.14 08:00	GBPJPY.i	H1	203.209	203.028	203.215	203.114
5433	2025.11.14 09:00	GBPJPY.i	H1	203.346	203.083	203.187	203.116
5434	2025.11.14 10:00	GBPJPY.i	H1	203.482	203.193	203.187	203.121
5435	2025.11.14 11:00	GBPJPY.i	H1	203.490	203.359	203.222	203.130
5436	2025.11.14 12:00	GBPJPY.i	H1	203.362	203.401	203.257	203.139
5437	2025.11.14 13:00	GBPJPY.i	H1	203.188	203.315	203.263	203.144
5438	2025.11.14 14:00	GBPJPY.i	H1	202.713	203.106	203.219	203.141
5439	2025.11.14 15:00	GBPJPY.i	H1	202.885	202.893	203.138	203.131
5440	2025.11.14 16:00	GBPJPY.i	H1	203.099	202.900	203.078	203.123
5441	2025.11.14 17:00	GBPJPY.i	H1	202.903	202.864	203.023	203.118
5442	2025.11.14 18:00	GBPJPY.i	H1	203.427	203.019	203.015	203.117
5443	2025.11.14 19:00	GBPJPY.i	H1	203.523	203.248	203.061	203.124
5444	2025.11.14 20:00	GBPJPY.i	H1	203.432	203.356	203.118	203.133
5445	2025.11.14 21:00	GBPJPY.i	H1	203.467	203.424	203.178	203.141
5446	2025.11.14 22:00	GBPJPY.i	H1	203.483	203.478	203.237	203.150
5447	2025.11.14 23:00	GBPJPY.i	H1	203.526	203.532	203.296	203.159
5448	2025.11.17 00:00	GBPJPY.i	H1	203.421	203.485	203.331	203.167
5449	2025.11.17 01:00	GBPJPY.i	H1	203.426	203.483	203.361	203.173
5450	2025.11.17 02:00	GBPJPY.i	H1	203.439	203.437	203.375	203.179
5451	2025.11.17 03:00	GBPJPY.i	H1	203.352	203.435	203.388	203.184
5452	2025.11.17 04:00	GBPJPY.i	H1	203.444	203.433	203.399	203.191
5453	2025.11.17 05:00	GBPJPY.i	H1	203.369	203.425	203.406	203.197
5454	2025.11.17 06:00	GBPJPY.i	H1	203.356	203.390	203.405	203.201
5455	2025.11.17 07:00	GBPJPY.i	H1	203.307	203.363	203.399	203.205
5456	2025.11.17 08:00	GBPJPY.i	H1	203.384	203.359	203.394	203.209
5457	2025.11.17 09:00	GBPJPY.i	H1	203.805	203.512	203.425	203.218
5458	2025.11.17 10:00	GBPJPY.i	H1	203.679	203.633	203.477	203.231
5459	2025.11.17 11:00	GBPJPY.i	H1	203.719	203.695	203.530	203.245
5460	2025.11.17 12:00	GBPJPY.i	H1	203.678	203.734	203.580	203.258
5461	2025.11.17 13:00	GBPJPY.i	H1	204.020	203.838	203.644	203.273
5462	2025.11.17 14:00	GBPJPY.i	H1	204.083	203.993	203.729	203.293
5463	2025.11.17 15:00	GBPJPY.i	H1	204.030	204.091	203.818	203.315
5464	2025.11.17 16:00	GBPJPY.i	H1	204.095	204.130	203.897	203.336
5465	2025.11.17 17:00	GBPJPY.i	H1	204.502	204.290	203.996	203.361
5466	2025.11.17 18:00	GBPJPY.i	H1	204.521	204.409	204.101	203.389
5467	2025.11.17 19:00	GBPJPY.i	H1	204.341	204.464	204.197	203.418
5468	2025.11.17 20:00	GBPJPY.i	H1	204.163	204.403	204.259	203.443
5469	2025.11.17 21:00	GBPJPY.i	H1	204.091	204.298	204.285	203.463
5470	2025.11.17 22:00	GBPJPY.i	H1	204.187	204.244	204.295	203.481
5471	2025.11.17 23:00	GBPJPY.i	H1	204.182	204.230	204.302	203.500
5472	2025.11.18 00:00	GBPJPY.i	H1	204.098	204.171	204.295	203.519
5473	2025.11.18 01:00	GBPJPY.i	H1	204.272	204.177	204.291	203.536
5474	2025.11.18 02:00	GBPJPY.i	H1	204.140	204.162	204.284	203.554
5475	2025.11.18 03:00	GBPJPY.i	H1	204.103	204.143	204.274	203.571
5476	2025.11.18 04:00	GBPJPY.i	H1	204.118	204.125	204.260	203.586
5477	2025.11.18 05:00	GBPJPY.i	H1	204.038	204.080	204.239	203.600
5478	2025.11.18 06:00	GBPJPY.i	H1	204.091	204.003	204.203	203.612
5479	2025.11.18 07:00	GBPJPY.i	H1	204.098	204.019	204.178	203.623
5480	2025.11.18 08:00	GBPJPY.i	H1	204.040	203.995	204.151	203.635
5481	2025.11.18 09:00	GBPJPY.i	H1	203.818	203.923	204.112	203.644
5482	2025.11.18 10:00	GBPJPY.i	H1	204.077	203.963	204.090	203.653
5483	2025.11.18 11:00	GBPJPY.i	H1	204.163	204.034	204.087	203.665
5484	2025.11.18 12:00	GBPJPY.i	H1	204.343	204.132	204.105	203.680
5485	2025.11.18 13:00	GBPJPY.i	H1	204.238	204.201	204.133	203.696
5486	2025.11.18 14:00	GBPJPY.i	H1	204.104	204.188	204.150	203.710
5487	2025.11.18 15:00	GBPJPY.i	H1	204.114	204.143	204.153	203.721
5488	2025.11.18 16:00	GBPJPY.i	H1	204.240	204.203	204.168	203.734
5489	2025.11.18 17:00	GBPJPY.i	H1	204.091	204.180	204.174	203.747
5490	2025.11.18 18:00	GBPJPY.i	H1	204.403	204.236	204.192	203.759
5491	2025.11.18 19:00	GBPJPY.i	H1	204.592	204.380	204.239	203.777
5492	2025.11.18 20:00	GBPJPY.i	H1	204.641	204.536	204.311	203.799
5493	2025.11.18 21:00	GBPJPY.i	H1	204.589	204.607	204.382	203.822
5494	2025.11.18 22:00	GBPJPY.i	H1	204.459	204.595	204.435	203.843
5495	2025.11.18 23:00	GBPJPY.i	H1	204.407	204.550	204.466	203.860
5496	2025.11.19 00:00	GBPJPY.i	H1	204.444	204.497	204.480	203.875
5497	2025.11.19 01:00	GBPJPY.i	H1	204.474	204.493	204.491	203.891
5498	2025.11.19 02:00	GBPJPY.i	H1	204.298	204.425	204.486	203.905
5499	2025.11.19 03:00	GBPJPY.i	H1	204.207	204.334	204.461	203.916
5500	2025.11.19 04:00	GBPJPY.i	H1	204.090	204.222	204.417	203.923
5501	2025.11.19 05:00	GBPJPY.i	H1	204.056	204.113	204.358	203.928
5502	2025.11.19 06:00	GBPJPY.i	H1	204.090	204.082	204.306	203.932
5503	2025.11.19 07:00	GBPJPY.i	H1	204.246	204.099	204.268	203.938
5504	2025.11.19 08:00	GBPJPY.i	H1	204.443	204.210	204.262	203.948
5505	2025.11.19 09:00	GBPJPY.i	H1	204.380	204.276	204.271	203.960
5506	2025.11.19 10:00	GBPJPY.i	H1	204.259	204.291	204.279	203.970
5507	2025.11.19 11:00	GBPJPY.i	H1	204.714	204.418	204.313	203.983
5508	2025.11.19 12:00	GBPJPY.i	H1	204.750	204.578	204.375	204.001
5509	2025.11.19 13:00	GBPJPY.i	H1	204.914	204.752	204.462	204.023
5510	2025.11.19 14:00	GBPJPY.i	H1	204.960	204.895	204.562	204.047
5511	2025.11.19 15:00	GBPJPY.i	H1	205.024	204.976	204.658	204.072
5512	2025.11.19 16:00	GBPJPY.i	H1	205.315	205.138	204.770	204.100
5513	2025.11.19 17:00	GBPJPY.i	H1	204.704	205.091	204.848	204.126
5514	2025.11.19 18:00	GBPJPY.i	H1	204.802	204.976	204.885	204.146
5515	2025.11.19 19:00	GBPJPY.i	H1	204.843	204.926	204.904	204.164
5516	2025.11.19 20:00	GBPJPY.i	H1	204.870	204.938	204.925	204.183
5517	2025.11.19 21:00	GBPJPY.i	H1	204.850	204.902	204.934	204.202
5518	2025.11.19 22:00	GBPJPY.i	H1	204.824	204.885	204.938	204.220
5519	2025.11.19 23:00	GBPJPY.i	H1	205.156	204.982	204.965	204.241
5520	2025.11.20 00:00	GBPJPY.i	H1	205.089	205.022	204.994	204.264
5521	2025.11.20 01:00	GBPJPY.i	H1	205.027	205.048	205.022	204.286
5522	2025.11.20 02:00	GBPJPY.i	H1	205.050	205.039	205.042	204.306
5523	2025.11.20 03:00	GBPJPY.i	H1	205.365	205.144	205.081	204.329
5524	2025.11.20 04:00	GBPJPY.i	H1	205.327	205.244	205.134	204.355
5525	2025.11.20 05:00	GBPJPY.i	H1	205.374	205.310	205.189	204.382
5526	2025.11.20 06:00	GBPJPY.i	H1	205.540	205.408	205.255	204.410
5527	2025.11.20 07:00	GBPJPY.i	H1	205.655	205.550	205.337	204.441
5528	2025.11.20 08:00	GBPJPY.i	H1	206.038	205.763	205.451	204.478
5529	2025.11.20 09:00	GBPJPY.i	H1	205.777	205.850	205.558	204.516
5530	2025.11.20 10:00	GBPJPY.i	H1	205.314	205.736	205.616	204.548
5531	2025.11.20 11:00	GBPJPY.i	H1	205.572	205.651	205.643	204.574
5532	2025.11.20 12:00	GBPJPY.i	H1	205.740	205.696	205.676	204.602
5533	2025.11.20 13:00	GBPJPY.i	H1	205.777	205.734	205.712	204.633
5534	2025.11.20 14:00	GBPJPY.i	H1	205.902	205.829	205.762	204.666
5535	2025.11.20 15:00	GBPJPY.i	H1	206.345	206.013	205.843	204.704
5536	2025.11.20 16:00	GBPJPY.i	H1	206.658	206.346	205.982	204.751
5537	2025.11.20 17:00	GBPJPY.i	H1	206.473	206.528	206.130	204.802
5538	2025.11.20 18:00	GBPJPY.i	H1	205.860	206.380	206.211	204.844
5539	2025.11.20 19:00	GBPJPY.i	H1	205.844	206.169	206.226	204.875
5540	2025.11.20 20:00	GBPJPY.i	H1	205.877	206.078	206.220	204.903
5541	2025.11.20 21:00	GBPJPY.i	H1	206.169	206.067	206.215	204.934
5542	2025.11.20 22:00	GBPJPY.i	H1	205.949	206.043	206.206	204.965
5543	2025.11.20 23:00	GBPJPY.i	H1	205.789	205.937	206.174	204.992
5544	2025.11.21 00:00	GBPJPY.i	H1	205.756	205.826	206.123	205.014
5545	2025.11.21 01:00	GBPJPY.i	H1	205.910	205.783	206.073	205.036
5546	2025.11.21 02:00	GBPJPY.i	H1	205.838	205.789	206.034	205.058
5547	2025.11.21 03:00	GBPJPY.i	H1	206.020	205.829	206.011	205.081
5548	2025.11.21 04:00	GBPJPY.i	H1	205.812	205.835	205.991	205.104
5549	2025.11.21 05:00	GBPJPY.i	H1	205.854	205.839	205.975	205.126
5550	2025.11.21 06:00	GBPJPY.i	H1	205.869	205.796	205.949	205.145
5551	2025.11.21 07:00	GBPJPY.i	H1	205.794	205.795	205.927	205.164
5552	2025.11.21 08:00	GBPJPY.i	H1	205.733	205.751	205.898	205.181
5553	2025.11.21 09:00	GBPJPY.i	H1	205.016	205.466	205.808	205.189
5554	2025.11.21 10:00	GBPJPY.i	H1	205.527	205.345	205.710	205.191
5555	2025.11.21 11:00	GBPJPY.i	H1	204.749	205.122	205.582	205.190
5556	2025.11.21 12:00	GBPJPY.i	H1	204.831	204.834	205.415	205.181
5557	2025.11.21 13:00	GBPJPY.i	H1	204.612	204.673	205.247	205.167
5558	2025.11.21 14:00	GBPJPY.i	H1	205.162	204.714	205.124	205.158
5559	2025.11.21 15:00	GBPJPY.i	H1	205.174	204.857	205.058	205.155
5560	2025.11.21 16:00	GBPJPY.i	H1	205.111	204.940	205.021	205.155
5561	2025.11.21 17:00	GBPJPY.i	H1	204.822	204.823	204.961	205.149
5562	2025.11.21 18:00	GBPJPY.i	H1	205.067	204.839	204.915	205.140
5563	2025.11.21 19:00	GBPJPY.i	H1	205.072	204.942	204.902	205.137
5564	2025.11.21 20:00	GBPJPY.i	H1	205.055	204.982	204.898	205.135
5565	2025.11.21 21:00	GBPJPY.i	H1	204.825	204.947	204.887	205.130
5566	2025.11.21 22:00	GBPJPY.i	H1	204.949	204.928	204.873	205.124
5567	2025.11.21 23:00	GBPJPY.i	H1	204.696	204.868	204.849	205.117
5568	2025.11.24 00:00	GBPJPY.i	H1	204.960	204.893	204.837	205.110
5569	2025.11.24 01:00	GBPJPY.i	H1	205.189	204.992	204.851	205.107
5570	2025.11.24 02:00	GBPJPY.i	H1	205.145	205.079	204.882	205.108
5571	2025.11.24 03:00	GBPJPY.i	H1	205.124	205.118	204.916	205.108
5572	2025.11.24 04:00	GBPJPY.i	H1	205.193	205.173	204.955	205.109
5573	2025.11.24 05:00	GBPJPY.i	H1	205.161	205.191	204.992	205.111
5574	2025.11.24 06:00	GBPJPY.i	H1	205.097	205.184	205.020	205.112
5575	2025.11.24 07:00	GBPJPY.i	H1	205.155	205.183	205.043	205.112
5576	2025.11.24 08:00	GBPJPY.i	H1	205.296	205.238	205.076	205.115
5577	2025.11.24 09:00	GBPJPY.i	H1	205.304	205.293	205.116	205.119
5578	2025.11.24 10:00	GBPJPY.i	H1	205.460	205.364	205.165	205.126
5579	2025.11.24 11:00	GBPJPY.i	H1	205.176	205.341	205.199	205.131
5580	2025.11.24 12:00	GBPJPY.i	H1	205.194	205.305	205.219	205.134
5581	2025.11.24 13:00	GBPJPY.i	H1	205.312	205.311	205.237	205.137
5582	2025.11.24 14:00	GBPJPY.i	H1	205.659	205.435	205.282	205.145
5583	2025.11.24 15:00	GBPJPY.i	H1	205.642	205.600	205.355	205.158
5584	2025.11.24 16:00	GBPJPY.i	H1	205.609	205.631	205.419	205.172
5585	2025.11.24 17:00	GBPJPY.i	H1	205.372	205.577	205.458	205.182
5586	2025.11.24 18:00	GBPJPY.i	H1	205.515	205.565	205.487	205.190
5587	2025.11.24 19:00	GBPJPY.i	H1	205.528	205.546	205.506	205.198
5588	2025.11.24 20:00	GBPJPY.i	H1	205.639	205.584	205.532	205.208
5589	2025.11.24 21:00	GBPJPY.i	H1	205.463	205.568	205.548	205.218
5590	2025.11.24 22:00	GBPJPY.i	H1	205.582	205.567	205.562	205.227
5591	2025.11.24 23:00	GBPJPY.i	H1	205.603	205.596	205.580	205.236
5592	2025.11.25 00:00	GBPJPY.i	H1	205.601	205.586	205.591	205.246
5593	2025.11.25 01:00	GBPJPY.i	H1	205.637	205.612	205.606	205.256
5594	2025.11.25 02:00	GBPJPY.i	H1	205.385	205.553	205.604	205.264
5595	2025.11.25 03:00	GBPJPY.i	H1	205.333	205.470	205.584	205.269
5596	2025.11.25 04:00	GBPJPY.i	H1	205.440	205.424	205.558	205.272
5597	2025.11.25 05:00	GBPJPY.i	H1	205.376	205.389	205.529	205.276
5598	2025.11.25 06:00	GBPJPY.i	H1	205.382	205.370	205.502	205.279
5599	2025.11.25 07:00	GBPJPY.i	H1	205.344	205.342	205.474	205.281
5600	2025.11.25 08:00	GBPJPY.i	H1	205.311	205.320	205.446	205.283
5601	2025.11.25 09:00	GBPJPY.i	H1	205.509	205.369	205.434	205.286
5602	2025.11.25 10:00	GBPJPY.i	H1	205.152	205.322	205.413	205.289
5603	2025.11.25 11:00	GBPJPY.i	H1	205.294	205.248	205.379	205.288
5604	2025.11.25 12:00	GBPJPY.i	H1	205.276	205.238	205.349	205.286
5605	2025.11.25 13:00	GBPJPY.i	H1	205.124	205.199	205.316	205.285
5606	2025.11.25 14:00	GBPJPY.i	H1	205.292	205.225	205.296	205.284
5607	2025.11.25 15:00	GBPJPY.i	H1	205.384	205.279	205.291	205.285
5608	2025.11.25 16:00	GBPJPY.i	H1	205.645	205.443	205.324	205.291
5609	2025.11.25 17:00	GBPJPY.i	H1	205.753	205.577	205.379	205.301
5610	2025.11.25 18:00	GBPJPY.i	H1	205.881	205.729	205.455	205.313
5611	2025.11.25 19:00	GBPJPY.i	H1	205.795	205.802	205.531	205.327
5612	2025.11.25 20:00	GBPJPY.i	H1	205.887	205.888	205.609	205.341
5613	2025.11.25 21:00	GBPJPY.i	H1	205.869	205.928	205.681	205.356
5614	2025.11.25 22:00	GBPJPY.i	H1	205.452	205.813	205.711	205.367
5615	2025.11.25 23:00	GBPJPY.i	H1	205.430	205.668	205.703	205.371
5616	2025.11.26 00:00	GBPJPY.i	H1	205.433	205.534	205.670	205.373
5617	2025.11.26 01:00	GBPJPY.i	H1	205.521	205.498	205.637	205.375
5618	2025.11.26 02:00	GBPJPY.i	H1	205.765	205.570	205.630	205.381
5619	2025.11.26 03:00	GBPJPY.i	H1	205.511	205.590	205.628	205.388
5620	2025.11.26 04:00	GBPJPY.i	H1	205.516	205.537	205.615	205.393
5621	2025.11.26 05:00	GBPJPY.i	H1	205.701	205.573	205.612	205.398
5622	2025.11.26 06:00	GBPJPY.i	H1	205.770	205.677	205.633	205.406
5623	2025.11.26 07:00	GBPJPY.i	H1	205.936	205.790	205.674	205.419
5624	2025.11.26 08:00	GBPJPY.i	H1	206.014	205.915	205.734	205.433
5625	2025.11.26 09:00	GBPJPY.i	H1	206.101	206.011	205.801	205.450
5626	2025.11.26 10:00	GBPJPY.i	H1	206.087	206.098	205.874	205.467
5627	2025.11.26 11:00	GBPJPY.i	H1	206.109	206.126	205.936	205.485
5628	2025.11.26 12:00	GBPJPY.i	H1	205.949	206.080	205.975	205.499
5629	2025.11.26 13:00	GBPJPY.i	H1	206.113	206.132	206.019	205.515
5630	2025.11.26 14:00	GBPJPY.i	H1	206.299	206.122	206.051	205.531
5631	2025.11.26 15:00	GBPJPY.i	H1	206.671	206.364	206.134	205.553
5632	2025.11.26 16:00	GBPJPY.i	H1	206.696	206.560	206.243	205.582
5633	2025.11.26 17:00	GBPJPY.i	H1	206.870	206.766	206.375	205.615
5634	2025.11.26 18:00	GBPJPY.i	H1	206.825	206.897	206.507	205.650
5635	2025.11.26 19:00	GBPJPY.i	H1	206.862	206.950	206.623	205.684
5636	2025.11.26 20:00	GBPJPY.i	H1	207.061	207.028	206.733	205.718
5637	2025.11.26 21:00	GBPJPY.i	H1	207.057	207.106	206.838	205.754
5638	2025.11.26 22:00	GBPJPY.i	H1	207.070	207.151	206.933	205.791
5639	2025.11.26 23:00	GBPJPY.i	H1	207.165	207.198	207.018	205.827
5640	2025.11.27 00:00	GBPJPY.i	H1	207.000	207.159	207.078	205.862
5641	2025.11.27 01:00	GBPJPY.i	H1	206.903	207.100	207.113	205.893
5642	2025.11.27 02:00	GBPJPY.i	H1	206.716	206.932	207.103	205.920
5643	2025.11.27 03:00	GBPJPY.i	H1	206.873	206.843	207.076	205.942
5644	2025.11.27 04:00	GBPJPY.i	H1	206.874	206.851	207.058	205.967
5645	2025.11.27 05:00	GBPJPY.i	H1	206.892	206.840	207.041	205.992
5646	2025.11.27 06:00	GBPJPY.i	H1	206.808	206.829	207.024	206.016
5647	2025.11.27 07:00	GBPJPY.i	H1	206.816	206.783	206.998	206.039
5648	2025.11.27 08:00	GBPJPY.i	H1	206.768	206.787	206.977	206.060
5649	2025.11.27 09:00	GBPJPY.i	H1	206.661	206.743	206.948	206.080
5650	2025.11.27 10:00	GBPJPY.i	H1	206.700	206.678	206.909	206.097
5651	2025.11.27 11:00	GBPJPY.i	H1	206.599	206.615	206.862	206.112
5652	2025.11.27 12:00	GBPJPY.i	H1	206.665	206.600	206.820	206.126
5653	2025.11.27 13:00	GBPJPY.i	H1	206.795	206.643	206.796	206.142
5654	2025.11.27 14:00	GBPJPY.i	H1	206.934	206.735	206.795	206.161
5655	2025.11.27 15:00	GBPJPY.i	H1	206.941	206.834	206.815	206.182
5656	2025.11.27 16:00	GBPJPY.i	H1	206.875	206.870	206.836	206.202
5657	2025.11.27 17:00	GBPJPY.i	H1	207.117	206.962	206.871	206.223
5658	2025.11.27 18:00	GBPJPY.i	H1	206.956	207.009	206.909	206.246
5659	2025.11.27 19:00	GBPJPY.i	H1	206.942	206.997	206.934	206.266
5660	2025.11.27 20:00	GBPJPY.i	H1	206.932	206.987	206.951	206.285
5661	2025.11.27 21:00	GBPJPY.i	H1	206.937	206.978	206.963	206.303
5662	2025.11.27 22:00	GBPJPY.i	H1	206.910	206.949	206.966	206.320
5663	2025.11.27 23:00	GBPJPY.i	H1	206.896	206.929	206.963	206.337
5664	2025.11.28 00:00	GBPJPY.i	H1	206.818	206.868	206.948	206.351
5665	2025.11.28 01:00	GBPJPY.i	H1	206.921	206.859	206.934	206.364
5666	2025.11.28 02:00	GBPJPY.i	H1	207.067	206.934	206.941	206.381
5667	2025.11.28 03:00	GBPJPY.i	H1	206.925	206.956	206.950	206.398
5668	2025.11.28 04:00	GBPJPY.i	H1	206.821	206.879	206.939	206.411
5669	2025.11.28 05:00	GBPJPY.i	H1	206.859	206.823	206.918	206.422
5670	2025.11.28 06:00	GBPJPY.i	H1	206.786	206.794	206.894	206.432
5671	2025.11.28 07:00	GBPJPY.i	H1	206.880	206.819	206.882	206.443
5672	2025.11.28 08:00	GBPJPY.i	H1	206.652	206.776	206.861	206.453
5673	2025.11.28 09:00	GBPJPY.i	H1	206.512	206.663	206.819	206.459
5674	2025.11.28 10:00	GBPJPY.i	H1	206.426	206.542	206.758	206.460
5675	2025.11.28 11:00	GBPJPY.i	H1	206.446	206.477	206.696	206.461
5676	2025.11.28 12:00	GBPJPY.i	H1	206.367	206.413	206.632	206.460
5677	2025.11.28 13:00	GBPJPY.i	H1	206.205	206.299	206.555	206.457
5678	2025.11.28 14:00	GBPJPY.i	H1	206.339	206.256	206.485	206.452
5679	2025.11.28 15:00	GBPJPY.i	H1	206.346	206.262	206.430	206.448
5680	2025.11.28 16:00	GBPJPY.i	H1	206.712	206.398	206.417	206.449
5681	2025.11.28 17:00	GBPJPY.i	H1	206.764	206.509	206.430	206.454
5682	2025.11.28 18:00	GBPJPY.i	H1	206.713	206.632	206.466	206.461
5683	2025.11.28 19:00	GBPJPY.i	H1	206.758	206.697	206.508	206.469
5684	2025.11.28 20:00	GBPJPY.i	H1	206.673	206.718	206.544	206.476
5685	2025.11.28 21:00	GBPJPY.i	H1	206.787	206.752	206.581	206.482
5686	2025.11.28 22:00	GBPJPY.i	H1	206.765	206.777	206.616	206.489
5687	2025.11.28 23:00	GBPJPY.i	H1	206.498	206.709	206.628	206.495
5688	2025.12.01 00:00	GBPJPY.i	H1	206.488	206.594	206.613	206.495
5689	2025.12.01 01:00	GBPJPY.i	H1	206.405	206.549	206.593	206.495
5690	2025.12.01 02:00	GBPJPY.i	H1	206.236	206.399	206.544	206.491
5691	2025.12.01 03:00	GBPJPY.i	H1	206.030	206.231	206.470	206.483
5692	2025.12.01 04:00	GBPJPY.i	H1	205.685	205.966	206.352	206.468
5693	2025.12.01 05:00	GBPJPY.i	H1	205.684	205.758	206.213	206.447
5694	2025.12.01 06:00	GBPJPY.i	H1	205.737	205.664	206.084	206.426
5695	2025.12.01 07:00	GBPJPY.i	H1	205.713	205.609	205.970	206.406
5696	2025.12.01 08:00	GBPJPY.i	H1	205.587	205.560	205.868	206.386
5697	2025.12.01 09:00	GBPJPY.i	H1	205.384	205.452	205.762	206.363
5698	2025.12.01 10:00	GBPJPY.i	H1	205.406	205.368	205.657	206.338
5699	2025.12.01 11:00	GBPJPY.i	H1	205.485	205.364	205.573	206.313
5700	2025.12.01 12:00	GBPJPY.i	H1	205.368	205.313	205.493	206.288
5701	2025.12.01 13:00	GBPJPY.i	H1	205.260	205.266	205.419	206.262
5702	2025.12.01 14:00	GBPJPY.i	H1	205.358	205.262	205.358	206.236
5703	2025.12.01 15:00	GBPJPY.i	H1	205.408	205.283	205.314	206.211
5704	2025.12.01 16:00	GBPJPY.i	H1	205.330	205.288	205.279	206.188
5705	2025.12.01 17:00	GBPJPY.i	H1	205.532	205.348	205.266	206.166
5706	2025.12.01 18:00	GBPJPY.i	H1	205.395	205.392	205.264	206.146
5707	2025.12.01 19:00	GBPJPY.i	H1	205.443	205.422	205.270	206.126
5708	2025.12.01 20:00	GBPJPY.i	H1	205.484	205.449	205.281	206.108
5709	2025.12.01 21:00	GBPJPY.i	H1	205.425	205.452	205.291	206.089
5710	2025.12.01 22:00	GBPJPY.i	H1	205.389	205.444	205.299	206.071
5711	2025.12.01 23:00	GBPJPY.i	H1	205.399	205.436	205.304	206.052
5712	2025.12.02 00:00	GBPJPY.i	H1	205.320	205.398	205.302	206.033
5713	2025.12.02 01:00	GBPJPY.i	H1	205.475	205.417	205.306	206.015
5714	2025.12.02 02:00	GBPJPY.i	H1	205.537	205.468	205.323	206.000
5715	2025.12.02 03:00	GBPJPY.i	H1	205.616	205.554	205.357	205.988
5716	2025.12.02 04:00	GBPJPY.i	H1	205.715	205.637	205.404	205.978
5717	2025.12.02 05:00	GBPJPY.i	H1	205.694	205.688	205.453	205.970
5718	2025.12.02 06:00	GBPJPY.i	H1	205.685	205.724	205.501	205.962
5719	2025.12.02 07:00	GBPJPY.i	H1	205.679	205.744	205.544	205.955
5720	2025.12.02 08:00	GBPJPY.i	H1	205.798	205.789	205.591	205.949
5721	2025.12.02 09:00	GBPJPY.i	H1	205.843	205.842	205.641	205.945
5722	2025.12.02 10:00	GBPJPY.i	H1	206.095	205.951	205.706	205.944
5723	2025.12.02 11:00	GBPJPY.i	H1	206.029	206.058	205.783	205.947
5724	2025.12.02 12:00	GBPJPY.i	H1	205.891	206.009	205.833	205.948
5725	2025.12.02 13:00	GBPJPY.i	H1	205.793	205.942	205.859	205.945
5726	2025.12.02 14:00	GBPJPY.i	H1	206.072	205.975	205.888	205.943
5727	2025.12.02 15:00	GBPJPY.i	H1	205.988	206.010	205.921	205.945
5728	2025.12.02 16:00	GBPJPY.i	H1	206.019	206.046	205.957	205.947
5729	2025.12.02 17:00	GBPJPY.i	H1	205.764	205.997	205.973	205.948
5730	2025.12.02 18:00	GBPJPY.i	H1	205.558	205.827	205.948	205.943
5731	2025.12.02 19:00	GBPJPY.i	H1	205.753	205.764	205.916	205.936
5732	2025.12.02 20:00	GBPJPY.i	H1	205.874	205.770	205.893	205.931
5733	2025.12.02 21:00	GBPJPY.i	H1	205.935	205.815	205.886	205.929
5734	2025.12.02 22:00	GBPJPY.i	H1	205.875	205.837	205.884	205.928
5735	2025.12.02 23:00	GBPJPY.i	H1	205.915	205.870	205.889	205.927
5736	2025.12.03 00:00	GBPJPY.i	H1	205.783	205.816	205.880	205.924
5737	2025.12.03 01:00	GBPJPY.i	H1	205.913	205.844	205.878	205.922
5738	2025.12.03 02:00	GBPJPY.i	H1	205.957	205.874	205.883	205.921
5739	2025.12.03 03:00	GBPJPY.i	H1	205.878	205.883	205.888	205.921
5740	2025.12.03 04:00	GBPJPY.i	H1	205.998	205.931	205.903	205.921
5741	2025.12.03 05:00	GBPJPY.i	H1	205.916	205.944	205.916	205.922
5742	2025.12.03 06:00	GBPJPY.i	H1	205.964	205.961	205.930	205.923
5743	2025.12.03 07:00	GBPJPY.i	H1	206.084	206.009	205.952	205.925
5744	2025.12.03 08:00	GBPJPY.i	H1	206.063	206.025	205.972	205.928
5745	2025.12.03 09:00	GBPJPY.i	H1	206.170	206.087	206.002	205.932
5746	2025.12.03 10:00	GBPJPY.i	H1	206.405	206.220	206.056	205.941
5747	2025.12.03 11:00	GBPJPY.i	H1	206.636	206.405	206.140	205.954
5748	2025.12.03 12:00	GBPJPY.i	H1	206.589	206.550	206.238	205.971
5749	2025.12.03 13:00	GBPJPY.i	H1	206.652	206.623	206.331	205.989
5750	2025.12.03 14:00	GBPJPY.i	H1	206.681	206.697	206.421	206.006
5751	2025.12.03 15:00	GBPJPY.i	H1	206.784	206.781	206.512	206.026
5752	2025.12.03 16:00	GBPJPY.i	H1	206.809	206.811	206.591	206.046
5753	2025.12.03 17:00	GBPJPY.i	H1	206.917	206.911	206.677	206.068
5754	2025.12.03 18:00	GBPJPY.i	H1	206.864	206.942	206.752	206.091
5755	2025.12.03 19:00	GBPJPY.i	H1	206.971	206.991	206.824	206.113
5756	2025.12.03 20:00	GBPJPY.i	H1	207.054	207.054	206.896	206.138
5757	2025.12.03 21:00	GBPJPY.i	H1	207.135	207.117	206.967	206.164
5758	2025.12.03 22:00	GBPJPY.i	H1	207.199	207.188	207.040	206.191
5759	2025.12.03 23:00	GBPJPY.i	H1	207.230	207.260	207.114	206.219
5760	2025.12.04 00:00	GBPJPY.i	H1	207.124	207.231	207.165	206.246
5761	2025.12.04 01:00	GBPJPY.i	H1	207.035	207.187	207.196	206.270
5762	2025.12.04 02:00	GBPJPY.i	H1	206.920	207.094	207.199	206.291
5763	2025.12.04 03:00	GBPJPY.i	H1	207.114	207.088	207.202	206.311
5764	2025.12.04 04:00	GBPJPY.i	H1	207.263	207.148	207.218	206.335
5765	2025.12.04 05:00	GBPJPY.i	H1	207.159	207.179	207.236	206.359
5766	2025.12.04 06:00	GBPJPY.i	H1	207.254	207.195	207.253	206.382
5767	2025.12.04 07:00	GBPJPY.i	H1	207.034	207.164	207.258	206.404
5768	2025.12.04 08:00	GBPJPY.i	H1	207.126	207.149	207.257	206.424
5769	2025.12.04 09:00	GBPJPY.i	H1	207.039	207.104	207.246	206.443
5770	2025.12.04 10:00	GBPJPY.i	H1	206.794	206.946	207.199	206.457
5771	2025.12.04 11:00	GBPJPY.i	H1	206.613	206.788	207.126	206.465
5772	2025.12.04 12:00	GBPJPY.i	H1	206.502	206.638	207.034	206.469
5773	2025.12.04 13:00	GBPJPY.i	H1	206.452	206.494	206.928	206.470
5774	2025.12.04 14:00	GBPJPY.i	H1	206.466	206.410	206.825	206.470
5775	2025.12.04 15:00	GBPJPY.i	H1	206.537	206.403	206.741	206.471
5776	2025.12.04 16:00	GBPJPY.i	H1	206.913	206.532	206.703	206.476
5777	2025.12.04 17:00	GBPJPY.i	H1	206.790	206.651	206.696	206.485
5778	2025.12.04 18:00	GBPJPY.i	H1	206.834	206.699	206.698	206.494
5779	2025.12.04 19:00	GBPJPY.i	H1	206.730	206.723	206.702	206.501
5780	2025.12.04 20:00	GBPJPY.i	H1	206.797	206.745	206.708	206.509
5781	2025.12.04 21:00	GBPJPY.i	H1	206.788	206.763	206.716	206.516
5782	2025.12.04 22:00	GBPJPY.i	H1	206.728	206.757	206.720	206.522
5783	2025.12.04 23:00	GBPJPY.i	H1	206.698	206.740	206.719	206.528
5784	2025.12.05 00:00	GBPJPY.i	H1	206.532	206.643	206.696	206.531
5785	2025.12.05 01:00	GBPJPY.i	H1	206.661	206.633	206.676	206.532
5786	2025.12.05 02:00	GBPJPY.i	H1	206.567	206.627	206.660	206.535
5787	2025.12.05 03:00	GBPJPY.i	H1	206.681	206.630	206.649	206.538
5788	2025.12.05 04:00	GBPJPY.i	H1	206.713	206.667	206.648	206.542
5789	2025.12.05 05:00	GBPJPY.i	H1	206.728	206.697	206.654	206.547
5790	2025.12.05 06:00	GBPJPY.i	H1	206.602	206.653	206.649	206.550
5791	2025.12.05 07:00	GBPJPY.i	H1	206.312	206.521	206.614	206.549
5792	2025.12.05 08:00	GBPJPY.i	H1	206.331	206.410	206.563	206.543
5793	2025.12.05 09:00	GBPJPY.i	H1	206.473	206.372	206.515	206.538
5794	2025.12.05 10:00	GBPJPY.i	H1	206.730	206.474	206.501	206.537
5795	2025.12.05 11:00	GBPJPY.i	H1	206.742	206.604	206.520	206.542
5796	2025.12.05 12:00	GBPJPY.i	H1	206.911	206.740	206.564	206.549
5797	2025.12.05 13:00	GBPJPY.i	H1	206.956	206.848	206.622	206.559
5798	2025.12.05 14:00	GBPJPY.i	H1	207.121	206.985	206.698	206.571
5799	2025.12.05 15:00	GBPJPY.i	H1	207.192	207.114	206.787	206.586
5800	2025.12.05 16:00	GBPJPY.i	H1	207.150	207.193	206.874	206.602
5801	2025.12.05 17:00	GBPJPY.i	H1	207.147	207.240	206.954	206.618
5802	2025.12.05 18:00	GBPJPY.i	H1	206.896	207.161	207.000	206.630
5803	2025.12.05 19:00	GBPJPY.i	H1	207.005	207.091	207.022	206.640
5804	2025.12.05 20:00	GBPJPY.i	H1	207.042	207.089	207.042	206.650
5805	2025.12.05 21:00	GBPJPY.i	H1	207.058	207.083	207.058	206.661
5806	2025.12.05 22:00	GBPJPY.i	H1	207.057	207.070	207.069	206.671
5807	2025.12.05 23:00	GBPJPY.i	H1	207.050	207.070	207.078	206.682
5808	2025.12.08 00:00	GBPJPY.i	H1	206.865	206.934	207.055	206.688
5809	2025.12.08 01:00	GBPJPY.i	H1	206.966	206.920	207.034	206.693
5810	2025.12.08 02:00	GBPJPY.i	H1	206.758	206.860	207.005	206.698
5811	2025.12.08 03:00	GBPJPY.i	H1	206.607	206.754	206.957	206.700
5812	2025.12.08 04:00	GBPJPY.i	H1	206.789	206.710	206.910	206.700
5813	2025.12.08 05:00	GBPJPY.i	H1	206.858	206.737	206.879	206.702
5814	2025.12.08 06:00	GBPJPY.i	H1	206.865	206.779	206.863	206.706
5815	2025.12.08 07:00	GBPJPY.i	H1	206.989	206.866	206.869	206.712
5816	2025.12.08 08:00	GBPJPY.i	H1	206.924	206.913	206.883	206.720
5817	2025.12.08 09:00	GBPJPY.i	H1	207.001	206.940	206.898	206.726
5818	2025.12.08 10:00	GBPJPY.i	H1	207.094	207.004	206.923	206.734
5819	2025.12.08 11:00	GBPJPY.i	H1	207.043	207.051	206.953	206.743
5820	2025.12.08 12:00	GBPJPY.i	H1	207.118	207.099	206.987	206.753
5821	2025.12.08 13:00	GBPJPY.i	H1	207.195	207.148	207.025	206.764
5822	2025.12.08 14:00	GBPJPY.i	H1	207.202	207.204	207.067	206.776
5823	2025.12.08 15:00	GBPJPY.i	H1	207.287	207.255	207.111	206.788
5824	2025.12.08 16:00	GBPJPY.i	H1	207.660	207.409	207.182	206.805
5825	2025.12.08 17:00	GBPJPY.i	H1	207.472	207.511	207.261	206.825
5826	2025.12.08 18:00	GBPJPY.i	H1	207.628	207.592	207.341	206.845
5827	2025.12.08 19:00	GBPJPY.i	H1	207.506	207.605	207.407	206.865
5828	2025.12.08 20:00	GBPJPY.i	H1	207.519	207.608	207.461	206.883
5829	2025.12.08 21:00	GBPJPY.i	H1	207.770	207.678	207.520	206.903
5830	2025.12.08 22:00	GBPJPY.i	H1	207.774	207.751	207.585	206.926
5831	2025.12.08 23:00	GBPJPY.i	H1	207.690	207.774	207.641	206.949
5832	2025.12.09 00:00	GBPJPY.i	H1	207.606	207.724	207.674	206.969
5833	2025.12.09 01:00	GBPJPY.i	H1	207.686	207.729	207.703	206.988
5834	2025.12.09 02:00	GBPJPY.i	H1	207.826	207.755	207.732	207.008
5835	2025.12.09 03:00	GBPJPY.i	H1	207.716	207.761	207.756	207.028
5836	2025.12.09 04:00	GBPJPY.i	H1	207.744	207.755	207.774	207.048
5837	2025.12.09 05:00	GBPJPY.i	H1	207.678	207.739	207.785	207.066
5838	2025.12.09 06:00	GBPJPY.i	H1	207.851	207.773	207.801	207.086
5839	2025.12.09 07:00	GBPJPY.i	H1	208.001	207.875	207.836	207.108
5840	2025.12.09 08:00	GBPJPY.i	H1	207.961	207.946	207.879	207.132
5841	2025.12.09 09:00	GBPJPY.i	H1	208.169	208.045	207.935	207.157
5842	2025.12.09 10:00	GBPJPY.i	H1	208.609	208.292	208.034	207.189
5843	2025.12.09 11:00	GBPJPY.i	H1	208.326	208.385	208.131	207.224
5844	2025.12.09 12:00	GBPJPY.i	H1	208.154	208.353	208.198	207.254
5845	2025.12.09 13:00	GBPJPY.i	H1	208.171	208.286	208.236	207.279
5846	2025.12.09 14:00	GBPJPY.i	H1	208.256	208.273	208.264	207.304
5847	2025.12.09 15:00	GBPJPY.i	H1	208.162	208.268	208.285	207.330
5848	2025.12.09 16:00	GBPJPY.i	H1	208.259	208.267	208.302	207.355
5849	2025.12.09 17:00	GBPJPY.i	H1	208.579	208.365	208.338	207.382
5850	2025.12.09 18:00	GBPJPY.i	H1	208.898	208.594	208.419	207.417
5851	2025.12.09 19:00	GBPJPY.i	H1	208.657	208.703	208.505	207.454
5852	2025.12.09 20:00	GBPJPY.i	H1	208.685	208.722	208.575	207.489
5853	2025.12.09 21:00	GBPJPY.i	H1	208.614	208.719	208.629	207.521
5854	2025.12.09 22:00	GBPJPY.i	H1	208.669	208.721	208.672	207.552
5855	2025.12.09 23:00	GBPJPY.i	H1	208.587	208.708	208.703	207.583
5856	2025.12.10 00:00	GBPJPY.i	H1	208.567	208.639	208.712	207.611
5857	2025.12.10 01:00	GBPJPY.i	H1	208.588	208.631	208.717	207.638
5858	2025.12.10 02:00	GBPJPY.i	H1	208.483	208.595	208.713	207.664
5859	2025.12.10 03:00	GBPJPY.i	H1	208.392	208.503	208.689	207.687
5860	2025.12.10 04:00	GBPJPY.i	H1	208.337	208.416	208.650	207.706
5861	2025.12.10 05:00	GBPJPY.i	H1	208.299	208.337	208.600	207.724
5862	2025.12.10 06:00	GBPJPY.i	H1	208.390	208.323	208.557	207.741
5863	2025.12.10 07:00	GBPJPY.i	H1	208.527	208.367	208.533	207.760
5864	2025.12.10 08:00	GBPJPY.i	H1	208.581	208.450	208.531	207.781
5865	2025.12.10 09:00	GBPJPY.i	H1	208.721	208.556	208.551	207.805
5866	2025.12.10 10:00	GBPJPY.i	H1	208.660	208.613	208.577	207.829
5867	2025.12.10 11:00	GBPJPY.i	H1	208.770	208.692	208.613	207.853
5868	2025.12.10 12:00	GBPJPY.i	H1	208.704	208.711	208.644	207.877
5869	2025.12.10 13:00	GBPJPY.i	H1	208.582	208.679	208.660	207.899
5870	2025.12.10 14:00	GBPJPY.i	H1	208.649	208.664	208.669	207.919
5871	2025.12.10 15:00	GBPJPY.i	H1	208.681	208.649	208.672	207.938
5872	2025.12.10 16:00	GBPJPY.i	H1	208.611	208.644	208.674	207.958
5873	2025.12.10 17:00	GBPJPY.i	H1	208.439	208.558	208.656	207.974
5874	2025.12.10 18:00	GBPJPY.i	H1	208.522	208.513	208.631	207.988
5875	2025.12.10 19:00	GBPJPY.i	H1	208.597	208.523	208.614	208.003
5876	2025.12.10 20:00	GBPJPY.i	H1	208.556	208.541	208.605	208.019
5877	2025.12.10 21:00	GBPJPY.i	H1	208.828	208.611	208.613	208.036
5878	2025.12.10 22:00	GBPJPY.i	H1	208.709	208.659	208.629	208.054
5879	2025.12.10 23:00	GBPJPY.i	H1	208.697	208.713	208.653	208.073
5880	2025.12.11 00:00	GBPJPY.i	H1	208.662	208.668	208.660	208.090
5881	2025.12.11 01:00	GBPJPY.i	H1	208.522	208.618	208.655	208.103
5882	2025.12.11 02:00	GBPJPY.i	H1	208.429	208.523	208.628	208.114
5883	2025.12.11 03:00	GBPJPY.i	H1	208.373	208.434	208.588	208.122
5884	2025.12.11 04:00	GBPJPY.i	H1	208.269	208.312	208.529	208.127
5885	2025.12.11 05:00	GBPJPY.i	H1	208.115	208.204	208.458	208.129
5886	2025.12.11 06:00	GBPJPY.i	H1	208.343	208.179	208.397	208.131
5887	2025.12.11 07:00	GBPJPY.i	H1	208.519	208.283	208.373	208.137
5888	2025.12.11 08:00	GBPJPY.i	H1	208.505	208.387	208.376	208.147
5889	2025.12.11 09:00	GBPJPY.i	H1	208.606	208.475	208.397	208.158
5890	2025.12.11 10:00	GBPJPY.i	H1	208.365	208.466	208.409	208.168
5891	2025.12.11 11:00	GBPJPY.i	H1	208.417	208.421	208.407	208.174
5892	2025.12.11 12:00	GBPJPY.i	H1	208.516	208.450	208.412	208.181
5893	2025.12.11 13:00	GBPJPY.i	H1	208.496	208.473	208.421	208.189
5894	2025.12.11 14:00	GBPJPY.i	H1	208.310	208.420	208.416	208.196
5895	2025.12.11 15:00	GBPJPY.i	H1	208.190	208.322	208.390	208.198
5896	2025.12.11 16:00	GBPJPY.i	H1	207.946	208.169	208.336	208.196
5897	2025.12.11 17:00	GBPJPY.i	H1	208.459	208.194	208.300	208.195
5898	2025.12.11 18:00	GBPJPY.i	H1	208.291	208.249	208.285	208.198
5899	2025.12.11 19:00	GBPJPY.i	H1	208.345	208.281	208.280	208.202
5900	2025.12.11 20:00	GBPJPY.i	H1	208.388	208.333	208.288	208.207
5901	2025.12.11 21:00	GBPJPY.i	H1	208.346	208.353	208.297	208.212
5902	2025.12.11 22:00	GBPJPY.i	H1	208.391	208.357	208.305	208.216
5903	2025.12.11 23:00	GBPJPY.i	H1	208.217	208.329	208.305	208.219
5904	2025.12.12 00:00	GBPJPY.i	H1	208.263	208.290	208.296	208.220
5905	2025.12.12 01:00	GBPJPY.i	H1	208.263	208.275	208.286	208.221
5906	2025.12.12 02:00	GBPJPY.i	H1	208.515	208.349	208.296	208.225
5907	2025.12.12 03:00	GBPJPY.i	H1	208.463	208.417	208.320	208.231
5908	2025.12.12 04:00	GBPJPY.i	H1	208.462	208.465	208.348	208.238
5909	2025.12.12 05:00	GBPJPY.i	H1	208.504	208.493	208.377	208.245
5910	2025.12.12 06:00	GBPJPY.i	H1	208.512	208.530	208.409	208.252
5911	2025.12.12 07:00	GBPJPY.i	H1	208.618	208.574	208.444	208.261
5912	2025.12.12 08:00	GBPJPY.i	H1	208.493	208.592	208.476	208.269
5913	2025.12.12 09:00	GBPJPY.i	H1	208.323	208.490	208.478	208.275
5914	2025.12.12 10:00	GBPJPY.i	H1	208.482	208.461	208.475	208.277
5915	2025.12.12 11:00	GBPJPY.i	H1	208.612	208.505	208.483	208.283
5916	2025.12.12 12:00	GBPJPY.i	H1	208.548	208.540	208.498	208.291
5917	2025.12.12 13:00	GBPJPY.i	H1	208.529	208.548	208.512	208.298
5918	2025.12.12 14:00	GBPJPY.i	H1	208.666	208.571	208.529	208.305
5919	2025.12.12 15:00	GBPJPY.i	H1	208.623	208.604	208.549	208.314
5920	2025.12.12 16:00	GBPJPY.i	H1	208.491	208.576	208.559	208.321
5921	2025.12.12 17:00	GBPJPY.i	H1	208.178	208.441	208.535	208.323
5922	2025.12.12 18:00	GBPJPY.i	H1	207.991	208.226	208.469	208.319
5923	2025.12.12 19:00	GBPJPY.i	H1	208.324	208.188	208.409	208.313
5924	2025.12.12 20:00	GBPJPY.i	H1	208.141	208.173	208.360	208.311
5925	2025.12.12 21:00	GBPJPY.i	H1	208.370	208.200	208.327	208.309
5926	2025.12.12 22:00	GBPJPY.i	H1	208.348	208.250	208.311	208.310
5927	2025.12.12 23:00	GBPJPY.i	H1	208.249	208.235	208.294	208.309
5928	2025.12.15 00:00	GBPJPY.i	H1	208.264	208.237	208.280	208.308
5929	2025.12.15 01:00	GBPJPY.i	H1	208.344	208.263	208.274	208.307
5930	2025.12.15 02:00	GBPJPY.i	H1	208.361	208.305	208.278	208.308
5931	2025.12.15 03:00	GBPJPY.i	H1	208.096	208.247	208.267	208.307
5932	2025.12.15 04:00	GBPJPY.i	H1	207.780	208.065	208.216	208.299
5933	2025.12.15 05:00	GBPJPY.i	H1	207.588	207.835	208.124	208.285
5934	2025.12.15 06:00	GBPJPY.i	H1	207.387	207.590	207.998	208.264
5935	2025.12.15 07:00	GBPJPY.i	H1	207.188	207.352	207.845	208.238
5936	2025.12.15 08:00	GBPJPY.i	H1	207.285	207.214	207.695	208.210
5937	2025.12.15 09:00	GBPJPY.i	H1	207.486	207.230	207.581	208.186
5938	2025.12.15 10:00	GBPJPY.i	H1	207.446	207.260	207.497	208.165
5939	2025.12.15 11:00	GBPJPY.i	H1	207.460	207.289	207.435	208.145
5940	2025.12.15 12:00	GBPJPY.i	H1	207.497	207.349	207.397	208.126
5941	2025.12.15 13:00	GBPJPY.i	H1	207.336	207.350	207.365	208.107
5942	2025.12.15 14:00	GBPJPY.i	H1	207.648	207.425	207.356	208.089
5943	2025.12.15 15:00	GBPJPY.i	H1	207.712	207.533	207.372	208.076
5944	2025.12.15 16:00	GBPJPY.i	H1	207.525	207.567	207.391	208.063
5945	2025.12.15 17:00	GBPJPY.i	H1	207.826	207.634	207.422	208.051
5946	2025.12.15 18:00	GBPJPY.i	H1	207.771	207.729	207.467	208.042
5947	2025.12.15 19:00	GBPJPY.i	H1	207.606	207.724	207.503	208.033
5948	2025.12.15 20:00	GBPJPY.i	H1	207.648	207.707	207.528	208.022
5949	2025.12.15 21:00	GBPJPY.i	H1	207.602	207.680	207.543	208.011
5950	2025.12.15 22:00	GBPJPY.i	H1	207.629	207.664	207.554	208.000
5951	2025.12.15 23:00	GBPJPY.i	H1	207.600	207.643	207.559	207.989
5952	2025.12.16 00:00	GBPJPY.i	H1	207.563	207.594	207.554	207.977
5953	2025.12.16 01:00	GBPJPY.i	H1	207.410	207.523	207.536	207.963
5954	2025.12.16 02:00	GBPJPY.i	H1	207.234	207.381	207.491	207.946
5955	2025.12.16 03:00	GBPJPY.i	H1	207.017	207.225	207.422	207.925
5956	2025.12.16 04:00	GBPJPY.i	H1	206.926	207.069	207.334	207.900
5957	2025.12.16 05:00	GBPJPY.i	H1	207.017	206.975	207.244	207.874
5958	2025.12.16 06:00	GBPJPY.i	H1	206.953	206.921	207.163	207.849
5959	2025.12.16 07:00	GBPJPY.i	H1	206.898	206.851	207.083	207.824
5960	2025.12.16 08:00	GBPJPY.i	H1	206.971	206.847	207.018	207.798
5961	2025.12.16 09:00	GBPJPY.i	H1	207.162	206.931	206.986	207.777
5962	2025.12.16 10:00	GBPJPY.i	H1	207.411	207.103	206.999	207.761
5963	2025.12.16 11:00	GBPJPY.i	H1	207.636	207.337	207.060	207.753
5964	2025.12.16 12:00	GBPJPY.i	H1	207.878	207.584	207.162	207.750
5965	2025.12.16 13:00	GBPJPY.i	H1	207.928	207.779	207.285	207.753
5966	2025.12.16 14:00	GBPJPY.i	H1	207.739	207.854	207.398	207.755
5967	2025.12.16 15:00	GBPJPY.i	H1	207.708	207.874	207.492	207.755
5968	2025.12.16 16:00	GBPJPY.i	H1	207.820	207.905	207.575	207.756
5969	2025.12.16 17:00	GBPJPY.i	H1	207.640	207.794	207.616	207.754
5970	2025.12.16 18:00	GBPJPY.i	H1	207.849	207.832	207.662	207.752
5971	2025.12.16 19:00	GBPJPY.i	H1	207.634	207.818	207.697	207.752
5972	2025.12.16 20:00	GBPJPY.i	H1	207.740	207.771	207.716	207.751
5973	2025.12.16 21:00	GBPJPY.i	H1	207.648	207.719	207.721	207.748
5974	2025.12.16 22:00	GBPJPY.i	H1	207.805	207.743	207.733	207.747
5975	2025.12.16 23:00	GBPJPY.i	H1	207.597	207.717	207.737	207.746
5976	2025.12.17 00:00	GBPJPY.i	H1	207.638	207.669	207.730	207.743
5977	2025.12.17 01:00	GBPJPY.i	H1	207.783	207.696	207.732	207.742
5978	2025.12.17 02:00	GBPJPY.i	H1	207.458	207.642	207.720	207.739
5979	2025.12.17 03:00	GBPJPY.i	H1	207.641	207.598	207.701	207.735
5980	2025.12.17 04:00	GBPJPY.i	H1	207.841	207.674	207.704	207.733
5981	2025.12.17 05:00	GBPJPY.i	H1	207.699	207.702	207.712	207.734
5982	2025.12.17 06:00	GBPJPY.i	H1	207.794	207.732	207.724	207.735
5983	2025.12.17 07:00	GBPJPY.i	H1	207.641	207.700	207.725	207.734
5984	2025.12.17 08:00	GBPJPY.i	H1	207.804	207.751	207.737	207.734
5985	2025.12.17 09:00	GBPJPY.i	H1	207.165	207.561	207.702	207.730
5986	2025.12.17 10:00	GBPJPY.i	H1	207.250	207.359	207.629	207.717
5987	2025.12.17 11:00	GBPJPY.i	H1	207.250	207.273	207.553	207.703
5988	2025.12.17 12:00	GBPJPY.i	H1	207.304	207.219	207.482	207.691
5989	2025.12.17 13:00	GBPJPY.i	H1	207.298	207.210	207.423	207.679
5990	2025.12.17 14:00	GBPJPY.i	H1	207.485	207.275	207.391	207.670
5991	2025.12.17 15:00	GBPJPY.i	H1	207.600	207.396	207.392	207.665
5992	2025.12.17 16:00	GBPJPY.i	H1	207.771	207.549	207.425	207.665
5993	2025.12.17 17:00	GBPJPY.i	H1	208.227	207.811	207.509	207.671
5994	2025.12.17 18:00	GBPJPY.i	H1	208.336	208.087	207.635	207.685
5995	2025.12.17 19:00	GBPJPY.i	H1	208.213	208.238	207.767	207.701
5996	2025.12.17 20:00	GBPJPY.i	H1	208.185	208.301	207.883	207.716
5997	2025.12.17 21:00	GBPJPY.i	H1	208.194	208.322	207.980	207.729
5998	2025.12.17 22:00	GBPJPY.i	H1	208.297	208.369	208.069	207.744
5999	2025.12.17 23:00	GBPJPY.i	H1	208.210	208.369	208.141	207.758
6000	2025.12.18 00:00	GBPJPY.i	H1	208.129	208.283	208.180	207.770
6001	2025.12.18 01:00	GBPJPY.i	H1	207.938	208.179	208.190	207.778
6002	2025.12.18 02:00	GBPJPY.i	H1	207.969	208.077	208.177	207.783
6003	2025.12.18 03:00	GBPJPY.i	H1	208.174	208.082	208.170	207.790
6004	2025.12.18 04:00	GBPJPY.i	H1	208.257	208.139	208.179	207.800
6005	2025.12.18 05:00	GBPJPY.i	H1	208.165	208.160	208.191	207.811
6006	2025.12.18 06:00	GBPJPY.i	H1	208.190	208.165	208.201	207.821
6007	2025.12.18 07:00	GBPJPY.i	H1	208.307	208.231	208.223	207.832
6008	2025.12.18 08:00	GBPJPY.i	H1	208.397	208.299	208.255	207.846
6009	2025.12.18 09:00	GBPJPY.i	H1	208.408	208.369	208.295	207.861
6010	2025.12.18 10:00	GBPJPY.i	H1	208.206	208.335	208.318	207.874
6011	2025.12.18 11:00	GBPJPY.i	H1	208.150	208.237	208.312	207.883
6012	2025.12.18 12:00	GBPJPY.i	H1	208.105	208.175	208.294	207.889
6013	2025.12.18 13:00	GBPJPY.i	H1	207.981	208.095	208.262	207.895
6014	2025.12.18 14:00	GBPJPY.i	H1	208.722	208.248	208.273	207.904
6015	2025.12.18 15:00	GBPJPY.i	H1	208.921	208.531	208.344	207.925
6016	2025.12.18 16:00	GBPJPY.i	H1	208.596	208.621	208.418	207.947
6017	2025.12.18 17:00	GBPJPY.i	H1	208.315	208.558	208.460	207.963
6018	2025.12.18 18:00	GBPJPY.i	H1	208.189	208.434	208.464	207.974
6019	2025.12.18 19:00	GBPJPY.i	H1	208.261	208.335	208.445	207.981
6020	2025.12.18 20:00	GBPJPY.i	H1	208.250	208.289	208.421	207.988
6021	2025.12.18 21:00	GBPJPY.i	H1	208.175	208.236	208.390	207.995
6022	2025.12.18 22:00	GBPJPY.i	H1	208.178	208.204	208.359	208.001
6023	2025.12.18 23:00	GBPJPY.i	H1	208.119	208.164	208.326	208.006
6024	2025.12.19 00:00	GBPJPY.i	H1	208.128	208.078	208.279	208.009
6025	2025.12.19 01:00	GBPJPY.i	H1	208.204	208.102	208.247	208.011
6026	2025.12.19 02:00	GBPJPY.i	H1	208.466	208.219	208.248	208.019
6027	2025.12.19 03:00	GBPJPY.i	H1	208.415	208.310	208.267	208.030
6028	2025.12.19 04:00	GBPJPY.i	H1	208.488	208.385	208.298	208.041
6029	2025.12.19 05:00	GBPJPY.i	H1	208.518	208.463	208.338	208.053
6030	2025.12.19 06:00	GBPJPY.i	H1	208.693	208.544	208.387	208.067
6031	2025.12.19 07:00	GBPJPY.i	H1	208.650	208.607	208.439	208.082
6032	2025.12.19 08:00	GBPJPY.i	H1	208.773	208.744	208.511	208.099
6033	2025.12.19 09:00	GBPJPY.i	H1	209.479	209.020	208.630	208.125
6034	2025.12.19 10:00	GBPJPY.i	H1	209.872	209.444	208.820	208.163
6035	2025.12.19 11:00	GBPJPY.i	H1	210.352	209.902	209.072	208.213
6036	2025.12.19 12:00	GBPJPY.i	H1	210.508	210.314	209.363	208.271
6037	2025.12.19 13:00	GBPJPY.i	H1	210.363	210.517	209.636	208.331
6038	2025.12.19 14:00	GBPJPY.i	H1	210.282	210.574	209.865	208.387
6039	2025.12.19 15:00	GBPJPY.i	H1	210.374	210.586	210.051	208.440
6040	2025.12.19 16:00	GBPJPY.i	H1	210.463	210.578	210.200	208.492
6041	2025.12.19 17:00	GBPJPY.i	H1	210.408	210.589	210.324	208.545
6042	2025.12.19 18:00	GBPJPY.i	H1	210.596	210.635	210.436	208.598
6043	2025.12.19 19:00	GBPJPY.i	H1	210.603	210.709	210.544	208.653
6044	2025.12.19 20:00	GBPJPY.i	H1	210.854	210.797	210.651	208.711
6045	2025.12.19 21:00	GBPJPY.i	H1	210.941	210.903	210.760	208.770
6046	2025.12.19 22:00	GBPJPY.i	H1	210.891	210.958	210.859	208.829
6047	2025.12.19 23:00	GBPJPY.i	H1	210.844	210.964	210.937	208.886
6048	2025.12.22 00:00	GBPJPY.i	H1	210.586	210.869	210.977	208.939
6049	2025.12.22 01:00	GBPJPY.i	H1	210.862	210.850	211.004	208.989
6050	2025.12.22 02:00	GBPJPY.i	H1	210.944	210.890	211.034	209.041
6051	2025.12.22 03:00	GBPJPY.i	H1	210.704	210.843	211.045	209.091
6052	2025.12.22 04:00	GBPJPY.i	H1	210.825	210.801	211.043	209.138
6053	2025.12.22 05:00	GBPJPY.i	H1	210.712	210.774	211.033	209.183
6054	2025.12.22 06:00	GBPJPY.i	H1	210.774	210.752	211.018	209.227
6055	2025.12.22 07:00	GBPJPY.i	H1	210.819	210.763	211.007	209.270
6056	2025.12.22 08:00	GBPJPY.i	H1	210.737	210.744	210.991	209.312
6057	2025.12.22 09:00	GBPJPY.i	H1	211.250	210.905	211.012	209.358
6058	2025.12.22 10:00	GBPJPY.i	H1	211.419	211.106	211.071	209.409
6059	2025.12.22 11:00	GBPJPY.i	H1	211.370	211.241	211.144	209.462
6060	2025.12.22 12:00	GBPJPY.i	H1	211.455	211.371	211.228	209.516
6061	2025.12.22 13:00	GBPJPY.i	H1	211.535	211.469	211.313	209.570
6062	2025.12.22 14:00	GBPJPY.i	H1	211.434	211.508	211.386	209.623
6063	2025.12.22 15:00	GBPJPY.i	H1	211.221	211.380	211.413	209.670
6064	2025.12.22 16:00	GBPJPY.i	H1	211.191	211.291	211.414	209.711
6065	2025.12.22 17:00	GBPJPY.i	H1	211.193	211.249	211.405	209.752
6066	2025.12.22 18:00	GBPJPY.i	H1	211.166	211.201	211.388	209.792
6067	2025.12.22 19:00	GBPJPY.i	H1	211.273	211.211	211.376	209.831
6068	2025.12.22 20:00	GBPJPY.i	H1	211.276	211.230	211.370	209.871
6069	2025.12.22 21:00	GBPJPY.i	H1	211.157	211.212	211.359	209.909
6070	2025.12.22 22:00	GBPJPY.i	H1	211.264	211.215	211.350	209.945
6071	2025.12.22 23:00	GBPJPY.i	H1	211.361	211.263	211.353	209.982
6072	2025.12.23 00:00	GBPJPY.i	H1	211.311	211.243	211.348	210.019
6073	2025.12.23 01:00	GBPJPY.i	H1	211.272	211.243	211.342	210.053
6074	2025.12.23 02:00	GBPJPY.i	H1	210.933	211.143	211.314	210.083
6075	2025.12.23 03:00	GBPJPY.i	H1	210.802	210.983	211.254	210.107
6076	2025.12.23 04:00	GBPJPY.i	H1	210.742	210.841	211.174	210.127
6077	2025.12.23 05:00	GBPJPY.i	H1	210.623	210.711	211.081	210.143
6078	2025.12.23 06:00	GBPJPY.i	H1	210.337	210.520	210.964	210.154
6079	2025.12.23 07:00	GBPJPY.i	H1	210.386	210.387	210.841	210.161
6080	2025.12.23 08:00	GBPJPY.i	H1	210.395	210.329	210.730	210.168
6081	2025.12.23 09:00	GBPJPY.i	H1	210.672	210.383	210.653	210.177
6082	2025.12.23 10:00	GBPJPY.i	H1	210.640	210.478	210.612	210.190
6083	2025.12.23 11:00	GBPJPY.i	H1	210.584	210.466	210.573	210.201
6084	2025.12.23 12:00	GBPJPY.i	H1	210.682	210.506	210.550	210.211
6085	2025.12.23 13:00	GBPJPY.i	H1	210.563	210.536	210.536	210.222
6086	2025.12.23 14:00	GBPJPY.i	H1	210.607	210.552	210.527	210.232
6087	2025.12.23 15:00	GBPJPY.i	H1	210.913	210.688	210.550	210.245
6088	2025.12.23 16:00	GBPJPY.i	H1	210.825	210.819	210.597	210.263
6089	2025.12.23 17:00	GBPJPY.i	H1	210.816	210.818	210.632	210.279
6090	2025.12.23 18:00	GBPJPY.i	H1	210.758	210.815	210.660	210.292
6091	2025.12.23 19:00	GBPJPY.i	H1	210.522	210.731	210.663	210.303
6092	2025.12.23 20:00	GBPJPY.i	H1	210.688	210.698	210.659	210.312
6093	2025.12.23 21:00	GBPJPY.i	H1	210.759	210.721	210.664	210.322
6094	2025.12.23 22:00	GBPJPY.i	H1	210.932	210.802	210.687	210.336
6095	2025.12.23 23:00	GBPJPY.i	H1	211.121	210.954	210.740	210.354
6096	2025.12.24 00:00	GBPJPY.i	H1	210.745	210.929	210.776	210.370
6097	2025.12.24 01:00	GBPJPY.i	H1	210.955	210.951	210.811	210.385
6098	2025.12.24 02:00	GBPJPY.i	H1	210.738	210.914	210.830	210.398
6099	2025.12.24 03:00	GBPJPY.i	H1	210.512	210.792	210.818	210.408
6100	2025.12.24 04:00	GBPJPY.i	H1	210.598	210.669	210.783	210.413
6101	2025.12.24 05:00	GBPJPY.i	H1	210.748	210.665	210.756	210.418
6102	2025.12.24 06:00	GBPJPY.i	H1	210.518	210.621	210.726	210.425
6103	2025.12.24 07:00	GBPJPY.i	H1	210.547	210.554	210.688	210.429
6104	2025.12.24 08:00	GBPJPY.i	H1	210.485	210.499	210.645	210.431
6105	2025.12.24 09:00	GBPJPY.i	H1	210.459	210.467	210.604	210.432
6106	2025.12.24 10:00	GBPJPY.i	H1	210.531	210.465	210.572	210.434
6107	2025.12.24 11:00	GBPJPY.i	H1	210.635	210.505	210.555	210.437
6108	2025.12.24 12:00	GBPJPY.i	H1	210.691	210.574	210.556	210.443
6109	2025.12.24 13:00	GBPJPY.i	H1	210.639	210.602	210.562	210.449
6110	2025.12.24 14:00	GBPJPY.i	H1	210.629	210.602	210.567	210.453
6111	2025.12.24 15:00	GBPJPY.i	H1	210.597	210.606	210.570	210.457
6112	2025.12.24 16:00	GBPJPY.i	H1	210.123	210.452	210.537	210.457
6113	2025.12.24 17:00	GBPJPY.i	H1	210.374	210.361	210.492	210.452
6114	2025.12.24 18:00	GBPJPY.i	H1	210.323	210.337	210.451	210.449
6115	2025.12.24 19:00	GBPJPY.i	H1	210.428	210.362	210.426	210.448
6116	2025.12.24 20:00	GBPJPY.i	H1	210.471	210.396	210.414	210.448
6117	2025.12.24 21:00	GBPJPY.i	H1	210.330	210.366	210.397	210.446
6118	2025.12.24 22:00	GBPJPY.i	H1	210.430	210.369	210.383	210.444
6119	2025.12.24 23:00	GBPJPY.i	H1	210.322	210.339	210.366	210.442
6120	2025.12.26 00:00	GBPJPY.i	H1	210.575	210.474	210.383	210.443
6121	2025.12.26 01:00	GBPJPY.i	H1	210.865	210.576	210.420	210.449
6122	2025.12.26 02:00	GBPJPY.i	H1	211.296	210.895	210.521	210.462
6123	2025.12.26 03:00	GBPJPY.i	H1	211.171	211.108	210.647	210.483
6124	2025.12.26 04:00	GBPJPY.i	H1	211.160	211.203	210.767	210.502
6125	2025.12.26 05:00	GBPJPY.i	H1	210.756	211.122	210.842	210.517
6126	2025.12.26 06:00	GBPJPY.i	H1	210.819	211.018	210.879	210.526
6127	2025.12.26 07:00	GBPJPY.i	H1	210.781	210.926	210.891	210.533
6128	2025.12.26 08:00	GBPJPY.i	H1	210.808	210.865	210.889	210.540
6129	2025.12.26 09:00	GBPJPY.i	H1	210.828	210.832	210.882	210.547
6130	2025.12.26 10:00	GBPJPY.i	H1	210.962	210.868	210.887	210.555
6131	2025.12.26 11:00	GBPJPY.i	H1	210.983	210.930	210.906	210.566
6132	2025.12.26 12:00	GBPJPY.i	H1	210.950	210.959	210.927	210.578
6133	2025.12.26 13:00	GBPJPY.i	H1	211.051	210.995	210.952	210.589
6134	2025.12.26 14:00	GBPJPY.i	H1	211.106	211.051	210.984	210.602
6135	2025.12.26 15:00	GBPJPY.i	H1	211.292	211.155	211.032	210.617
6136	2025.12.26 16:00	GBPJPY.i	H1	211.447	211.294	211.101	210.637
6137	2025.12.26 17:00	GBPJPY.i	H1	211.274	211.351	211.167	210.657
6138	2025.12.26 18:00	GBPJPY.i	H1	211.247	211.324	211.213	210.674
6139	2025.12.26 19:00	GBPJPY.i	H1	211.280	211.317	211.247	210.690
6140	2025.12.26 20:00	GBPJPY.i	H1	211.252	211.301	211.271	210.705
6141	2025.12.26 21:00	GBPJPY.i	H1	211.276	211.297	211.290	210.721
6142	2025.12.26 22:00	GBPJPY.i	H1	211.311	211.311	211.309	210.736
6143	2025.12.26 23:00	GBPJPY.i	H1	211.139	211.276	211.315	210.751
6144	2025.12.29 00:00	GBPJPY.i	H1	211.097	211.185	211.300	210.762
6145	2025.12.29 01:00	GBPJPY.i	H1	211.196	211.156	211.281	210.772
6146	2025.12.29 02:00	GBPJPY.i	H1	211.089	211.066	211.246	210.780
6147	2025.12.29 03:00	GBPJPY.i	H1	211.158	211.069	211.219	210.788
6148	2025.12.29 04:00	GBPJPY.i	H1	211.280	211.141	211.214	210.799
6149	2025.12.29 05:00	GBPJPY.i	H1	211.207	211.169	211.215	210.811
6150	2025.12.29 06:00	GBPJPY.i	H1	211.002	211.117	211.203	210.820
6151	2025.12.29 07:00	GBPJPY.i	H1	210.871	211.000	211.165	210.825
6152	2025.12.29 08:00	GBPJPY.i	H1	210.797	210.884	211.108	210.826
6153	2025.12.29 09:00	GBPJPY.i	H1	210.475	210.703	211.022	210.822
6154	2025.12.29 10:00	GBPJPY.i	H1	210.744	210.644	210.942	210.817
6155	2025.12.29 11:00	GBPJPY.i	H1	210.890	210.685	210.887	210.815
6156	2025.12.29 12:00	GBPJPY.i	H1	210.999	210.795	210.868	210.817
6157	2025.12.29 13:00	GBPJPY.i	H1	210.963	210.884	210.871	210.822
6158	2025.12.29 14:00	GBPJPY.i	H1	210.768	210.833	210.859	210.824
6159	2025.12.29 15:00	GBPJPY.i	H1	210.804	210.799	210.841	210.823
6160	2025.12.29 16:00	GBPJPY.i	H1	210.801	210.763	210.818	210.822
6161	2025.12.29 17:00	GBPJPY.i	H1	210.516	210.683	210.781	210.818
6162	2025.12.29 18:00	GBPJPY.i	H1	210.641	210.619	210.737	210.812
6163	2025.12.29 19:00	GBPJPY.i	H1	210.619	210.593	210.697	210.806
6164	2025.12.29 20:00	GBPJPY.i	H1	210.751	210.632	210.675	210.802
6165	2025.12.29 21:00	GBPJPY.i	H1	210.748	210.685	210.669	210.800
6166	2025.12.29 22:00	GBPJPY.i	H1	210.763	210.710	210.670	210.799
6167	2025.12.29 23:00	GBPJPY.i	H1	210.827	210.765	210.682	210.799
6168	2025.12.30 00:00	GBPJPY.i	H1	210.634	210.710	210.679	210.797
6169	2025.12.30 01:00	GBPJPY.i	H1	210.722	210.720	210.679	210.794
6170	2025.12.30 02:00	GBPJPY.i	H1	210.983	210.809	210.699	210.794
6171	2025.12.30 03:00	GBPJPY.i	H1	211.026	210.916	210.740	210.798
6172	2025.12.30 04:00	GBPJPY.i	H1	211.047	210.996	210.790	210.804
6173	2025.12.30 05:00	GBPJPY.i	H1	211.035	211.046	210.841	210.811
6174	2025.12.30 06:00	GBPJPY.i	H1	210.867	211.017	210.875	210.815
6175	2025.12.30 07:00	GBPJPY.i	H1	210.884	210.976	210.893	210.818
6176	2025.12.30 08:00	GBPJPY.i	H1	210.892	210.948	210.902	210.820
6177	2025.12.30 09:00	GBPJPY.i	H1	210.658	210.837	210.885	210.819
6178	2025.12.30 10:00	GBPJPY.i	H1	210.708	210.750	210.854	210.815
6179	2025.12.30 11:00	GBPJPY.i	H1	210.712	210.714	210.823	210.812
6180	2025.12.30 12:00	GBPJPY.i	H1	210.723	210.693	210.795	210.809
6181	2025.12.30 13:00	GBPJPY.i	H1	210.518	210.626	210.757	210.805
6182	2025.12.30 14:00	GBPJPY.i	H1	210.475	210.556	210.712	210.798
6183	2025.12.30 15:00	GBPJPY.i	H1	210.668	210.568	210.679	210.792
6184	2025.12.30 16:00	GBPJPY.i	H1	210.594	210.562	210.652	210.787
6185	2025.12.30 17:00	GBPJPY.i	H1	210.625	210.569	210.631	210.782
6186	2025.12.30 18:00	GBPJPY.i	H1	210.583	210.558	210.611	210.777
6187	2025.12.30 19:00	GBPJPY.i	H1	210.571	210.573	210.599	210.772
6188	2025.12.30 20:00	GBPJPY.i	H1	210.626	210.589	210.592	210.767
6189	2025.12.30 21:00	GBPJPY.i	H1	210.729	210.635	210.596	210.764
6190	2025.12.30 22:00	GBPJPY.i	H1	210.657	210.655	210.604	210.762
6191	2025.12.30 23:00	GBPJPY.i	H1	210.639	210.657	210.610	210.759
6192	2025.12.31 00:00	GBPJPY.i	H1	210.509	210.577	210.596	210.754
6193	2025.12.31 01:00	GBPJPY.i	H1	210.606	210.571	210.584	210.748
6194	2025.12.31 02:00	GBPJPY.i	H1	210.551	210.561	210.574	210.743
6195	2025.12.31 03:00	GBPJPY.i	H1	210.570	210.557	210.565	210.738
6196	2025.12.31 04:00	GBPJPY.i	H1	210.643	210.589	210.565	210.734
6197	2025.12.31 05:00	GBPJPY.i	H1	210.699	210.630	210.575	210.731
6198	2025.12.31 06:00	GBPJPY.i	H1	210.774	210.695	210.597	210.731
6199	2025.12.31 07:00	GBPJPY.i	H1	210.778	210.749	210.627	210.732
6200	2025.12.31 08:00	GBPJPY.i	H1	210.758	210.769	210.655	210.733
6201	2025.12.31 09:00	GBPJPY.i	H1	210.675	210.757	210.674	210.733
6202	2025.12.31 10:00	GBPJPY.i	H1	210.291	210.622	210.659	210.729
6203	2025.12.31 11:00	GBPJPY.i	H1	210.462	210.523	210.625	210.721
6204	2025.12.31 12:00	GBPJPY.i	H1	210.513	210.484	210.592	210.713
6205	2025.12.31 13:00	GBPJPY.i	H1	210.715	210.558	210.584	210.709
6206	2025.12.31 14:00	GBPJPY.i	H1	210.888	210.669	210.603	210.710
6207	2025.12.31 15:00	GBPJPY.i	H1	210.972	210.817	210.650	210.715
6208	2025.12.31 16:00	GBPJPY.i	H1	210.807	210.877	210.700	210.721
6209	2025.12.31 17:00	GBPJPY.i	H1	210.828	210.812	210.723	210.722
6210	2025.12.31 18:00	GBPJPY.i	H1	210.839	210.847	210.751	210.724
6211	2025.12.31 19:00	GBPJPY.i	H1	210.959	210.878	210.780	210.728
6212	2025.12.31 20:00	GBPJPY.i	H1	211.064	210.972	210.824	210.734
6213	2025.12.31 21:00	GBPJPY.i	H1	210.977	210.992	210.864	210.741
6214	2025.12.31 22:00	GBPJPY.i	H1	211.140	211.065	210.913	210.749
6215	2025.12.31 23:00	GBPJPY.i	H1	211.041	211.090	210.957	210.758
6216	2026.01.02 00:00	GBPJPY.i	H1	211.023	211.056	210.984	210.765
6217	2026.01.02 01:00	GBPJPY.i	H1	211.158	211.120	211.021	210.774
6218	2026.01.02 02:00	GBPJPY.i	H1	211.070	211.135	211.054	210.783
6219	2026.01.02 03:00	GBPJPY.i	H1	211.254	211.176	211.090	210.793
6220	2026.01.02 04:00	GBPJPY.i	H1	211.328	211.250	211.135	210.806
6221	2026.01.02 05:00	GBPJPY.i	H1	211.351	211.318	211.186	210.820
6222	2026.01.02 06:00	GBPJPY.i	H1	211.372	211.377	211.240	210.835
6223	2026.01.02 07:00	GBPJPY.i	H1	211.375	211.404	211.288	210.850
6224	2026.01.02 08:00	GBPJPY.i	H1	211.377	211.409	211.327	210.864
6225	2026.01.02 09:00	GBPJPY.i	H1	211.193	211.341	211.343	210.876
6226	2026.01.02 10:00	GBPJPY.i	H1	211.047	211.259	211.337	210.885
6227	2026.01.02 11:00	GBPJPY.i	H1	211.117	211.169	211.313	210.891
6228	2026.01.02 12:00	GBPJPY.i	H1	210.952	211.069	211.272	210.895
6229	2026.01.02 13:00	GBPJPY.i	H1	210.907	210.950	211.213	210.896
6230	2026.01.02 14:00	GBPJPY.i	H1	211.012	210.931	211.163	210.897
6231	2026.01.02 15:00	GBPJPY.i	H1	211.155	210.975	211.133	210.901
6232	2026.01.02 16:00	GBPJPY.i	H1	211.193	211.037	211.122	210.907
6233	2026.01.02 17:00	GBPJPY.i	H1	211.344	211.138	211.134	210.916
6234	2026.01.02 18:00	GBPJPY.i	H1	211.224	211.207	211.158	210.926
6235	2026.01.02 19:00	GBPJPY.i	H1	211.050	211.169	211.166	210.933
6236	2026.01.02 20:00	GBPJPY.i	H1	211.041	211.119	211.159	210.937
6237	2026.01.02 21:00	GBPJPY.i	H1	211.044	211.085	211.146	210.941
6238	2026.01.02 22:00	GBPJPY.i	H1	211.102	211.073	211.133	210.944
6239	2026.01.02 23:00	GBPJPY.i	H1	211.035	211.046	211.116	210.947
6240	2026.01.05 00:00	GBPJPY.i	H1	210.745	210.904	211.070	210.946
6241	2026.01.05 01:00	GBPJPY.i	H1	210.964	210.879	211.029	210.943
6242	2026.01.05 02:00	GBPJPY.i	H1	211.255	210.996	211.023	210.946
6243	2026.01.05 03:00	GBPJPY.i	H1	211.027	211.042	211.028	210.951
6244	2026.01.05 04:00	GBPJPY.i	H1	211.060	211.037	211.030	210.954
6245	2026.01.05 05:00	GBPJPY.i	H1	210.935	211.013	211.025	210.956
6246	2026.01.05 06:00	GBPJPY.i	H1	211.154	211.046	211.028	210.958
6247	2026.01.05 07:00	GBPJPY.i	H1	211.064	211.063	211.034	210.961
6248	2026.01.05 08:00	GBPJPY.i	H1	210.979	211.040	211.033	210.963
6249	2026.01.05 09:00	GBPJPY.i	H1	210.718	210.925	211.006	210.962
6250	2026.01.05 10:00	GBPJPY.i	H1	210.556	210.761	210.948	210.955
6251	2026.01.05 11:00	GBPJPY.i	H1	210.949	210.754	210.902	210.948
6252	2026.01.05 12:00	GBPJPY.i	H1	210.834	210.782	210.873	210.945
6253	2026.01.05 13:00	GBPJPY.i	H1	210.802	210.781	210.849	210.942
6254	2026.01.05 14:00	GBPJPY.i	H1	210.777	210.778	210.829	210.938
6255	2026.01.05 15:00	GBPJPY.i	H1	210.975	210.824	210.824	210.936
6256	2026.01.05 16:00	GBPJPY.i	H1	211.131	210.944	210.846	210.937
6257	2026.01.05 17:00	GBPJPY.i	H1	211.419	211.143	210.908	210.945
6258	2026.01.05 18:00	GBPJPY.i	H1	211.422	211.307	210.993	210.957
6259	2026.01.05 19:00	GBPJPY.i	H1	211.549	211.455	211.092	210.971
6260	2026.01.05 20:00	GBPJPY.i	H1	211.462	211.531	211.187	210.985
6261	2026.01.05 21:00	GBPJPY.i	H1	211.585	211.577	211.272	211.000
6262	2026.01.05 22:00	GBPJPY.i	H1	211.727	211.675	211.363	211.016
6263	2026.01.05 23:00	GBPJPY.i	H1	211.773	211.778	211.459	211.036
6264	2026.01.06 00:00	GBPJPY.i	H1	211.898	211.833	211.548	211.056
6265	2026.01.06 01:00	GBPJPY.i	H1	211.926	211.929	211.642	211.078
6266	2026.01.06 02:00	GBPJPY.i	H1	211.878	211.998	211.733	211.102
6267	2026.01.06 03:00	GBPJPY.i	H1	211.928	212.031	211.813	211.126
6268	2026.01.06 04:00	GBPJPY.i	H1	211.899	212.010	211.873	211.148
6269	2026.01.06 05:00	GBPJPY.i	H1	212.002	212.024	211.925	211.169
6270	2026.01.06 06:00	GBPJPY.i	H1	211.983	212.024	211.967	211.191
6271	2026.01.06 07:00	GBPJPY.i	H1	211.950	212.001	211.996	211.212
6272	2026.01.06 08:00	GBPJPY.i	H1	211.952	212.011	212.022	211.233
6273	2026.01.06 09:00	GBPJPY.i	H1	211.837	211.956	212.030	211.253
6274	2026.01.06 10:00	GBPJPY.i	H1	211.871	211.917	212.028	211.270
6275	2026.01.06 11:00	GBPJPY.i	H1	211.664	211.825	212.005	211.285
6276	2026.01.06 12:00	GBPJPY.i	H1	211.710	211.734	211.966	211.296
6277	2026.01.06 13:00	GBPJPY.i	H1	211.527	211.637	211.914	211.306
6278	2026.01.06 14:00	GBPJPY.i	H1	211.452	211.512	211.843	211.312
6279	2026.01.06 15:00	GBPJPY.i	H1	211.468	211.425	211.767	211.315
6280	2026.01.06 16:00	GBPJPY.i	H1	211.541	211.426	211.706	211.320
6281	2026.01.06 17:00	GBPJPY.i	H1	211.494	211.419	211.655	211.325
6282	2026.01.06 18:00	GBPJPY.i	H1	211.466	211.411	211.611	211.330
6283	2026.01.06 19:00	GBPJPY.i	H1	211.692	211.483	211.590	211.336
6284	2026.01.06 20:00	GBPJPY.i	H1	211.568	211.533	211.583	211.344
6285	2026.01.06 21:00	GBPJPY.i	H1	211.457	211.501	211.567	211.350
6286	2026.01.06 22:00	GBPJPY.i	H1	211.453	211.462	211.544	211.353
6287	2026.01.06 23:00	GBPJPY.i	H1	211.500	211.464	211.526	211.356
6288	2026.01.07 00:00	GBPJPY.i	H1	211.397	211.404	211.497	211.358
6289	2026.01.07 01:00	GBPJPY.i	H1	211.483	211.426	211.478	211.360
6290	2026.01.07 02:00	GBPJPY.i	H1	211.491	211.460	211.471	211.364
6291	2026.01.07 03:00	GBPJPY.i	H1	211.652	211.520	211.479	211.369
6292	2026.01.07 04:00	GBPJPY.i	H1	211.628	211.595	211.501	211.376
6293	2026.01.07 05:00	GBPJPY.i	H1	211.577	211.603	211.519	211.383
6294	2026.01.07 06:00	GBPJPY.i	H1	211.405	211.543	211.519	211.387
6295	2026.01.07 07:00	GBPJPY.i	H1	211.245	211.420	211.492	211.386
6296	2026.01.07 08:00	GBPJPY.i	H1	211.268	211.326	211.450	211.383
6297	2026.01.07 09:00	GBPJPY.i	H1	211.135	211.228	211.396	211.378
6298	2026.01.07 10:00	GBPJPY.i	H1	211.249	211.184	211.344	211.373
6299	2026.01.07 11:00	GBPJPY.i	H1	211.134	211.148	211.296	211.367
6300	2026.01.07 12:00	GBPJPY.i	H1	211.273	211.161	211.261	211.363
6301	2026.01.07 13:00	GBPJPY.i	H1	211.302	211.221	211.246	211.360
6302	2026.01.07 14:00	GBPJPY.i	H1	211.156	211.196	211.228	211.358
6303	2026.01.07 15:00	GBPJPY.i	H1	211.074	211.124	211.197	211.351
6304	2026.01.07 16:00	GBPJPY.i	H1	211.154	211.109	211.169	211.344
6305	2026.01.07 17:00	GBPJPY.i	H1	211.211	211.139	211.153	211.339
6306	2026.01.07 18:00	GBPJPY.i	H1	211.136	211.142	211.142	211.335
6307	2026.01.07 19:00	GBPJPY.i	H1	211.015	211.081	211.118	211.328
6308	2026.01.07 20:00	GBPJPY.i	H1	211.056	211.046	211.092	211.320
6309	2026.01.07 21:00	GBPJPY.i	H1	211.039	211.024	211.066	211.312
6310	2026.01.07 22:00	GBPJPY.i	H1	211.057	211.028	211.048	211.305
6311	2026.01.07 23:00	GBPJPY.i	H1	210.915	210.990	211.025	211.296
6312	2026.01.08 00:00	GBPJPY.i	H1	210.837	210.914	210.989	211.286
6313	2026.01.08 01:00	GBPJPY.i	H1	210.888	210.874	210.953	211.274
6314	2026.01.08 02:00	GBPJPY.i	H1	211.003	210.898	210.930	211.264
6315	2026.01.08 03:00	GBPJPY.i	H1	211.130	210.970	210.928	211.257
6316	2026.01.08 04:00	GBPJPY.i	H1	211.044	211.020	210.938	211.252
6317	2026.01.08 05:00	GBPJPY.i	H1	210.992	211.001	210.941	211.246
6318	2026.01.08 06:00	GBPJPY.i	H1	210.905	210.966	210.936	211.237
6319	2026.01.08 07:00	GBPJPY.i	H1	210.838	210.904	210.918	211.227
6320	2026.01.08 08:00	GBPJPY.i	H1	210.749	210.807	210.882	211.215
6321	2026.01.08 09:00	GBPJPY.i	H1	210.379	210.651	210.820	211.199
6322	2026.01.08 10:00	GBPJPY.i	H1	210.581	210.547	210.748	211.179
6323	2026.01.08 11:00	GBPJPY.i	H1	210.630	210.535	210.691	211.162
6324	2026.01.08 12:00	GBPJPY.i	H1	210.691	210.572	210.654	211.148
6325	2026.01.08 13:00	GBPJPY.i	H1	210.749	210.636	210.639	211.135
6326	2026.01.08 14:00	GBPJPY.i	H1	210.602	210.640	210.628	211.124
6327	2026.01.08 15:00	GBPJPY.i	H1	210.694	210.630	210.616	211.110
6328	2026.01.08 16:00	GBPJPY.i	H1	210.896	210.722	210.627	211.100
6329	2026.01.08 17:00	GBPJPY.i	H1	210.835	210.810	210.656	211.093
6330	2026.01.08 18:00	GBPJPY.i	H1	210.715	210.808	210.677	211.086
6331	2026.01.08 19:00	GBPJPY.i	H1	210.685	210.749	210.681	211.076
6332	2026.01.08 20:00	GBPJPY.i	H1	210.591	210.693	210.672	211.064
6333	2026.01.08 21:00	GBPJPY.i	H1	210.821	210.712	210.670	211.053
6334	2026.01.08 22:00	GBPJPY.i	H1	210.885	210.793	210.689	211.046
6335	2026.01.08 23:00	GBPJPY.i	H1	210.812	210.833	210.713	211.041
6336	2026.01.09 00:00	GBPJPY.i	H1	210.617	210.745	210.712	211.032
6337	2026.01.09 01:00	GBPJPY.i	H1	210.759	210.741	210.711	211.022
6338	2026.01.09 02:00	GBPJPY.i	H1	210.891	210.805	210.727	211.016
6339	2026.01.09 03:00	GBPJPY.i	H1	211.026	210.899	210.761	211.014
6340	2026.01.09 04:00	GBPJPY.i	H1	211.128	211.020	210.815	211.014
6341	2026.01.09 05:00	GBPJPY.i	H1	211.266	211.146	210.886	211.019
6342	2026.01.09 06:00	GBPJPY.i	H1	211.216	211.232	210.962	211.024
6343	2026.01.09 07:00	GBPJPY.i	H1	211.353	211.317	211.041	211.031
6344	2026.01.09 08:00	GBPJPY.i	H1	211.351	211.377	211.117	211.040
6345	2026.01.09 09:00	GBPJPY.i	H1	211.472	211.437	211.192	211.049
6346	2026.01.09 10:00	GBPJPY.i	H1	211.476	211.503	211.267	211.060
6347	2026.01.09 11:00	GBPJPY.i	H1	211.485	211.533	211.334	211.072
6348	2026.01.09 12:00	GBPJPY.i	H1	211.381	211.511	211.383	211.082
6349	2026.01.09 13:00	GBPJPY.i	H1	211.352	211.463	211.411	211.090
6350	2026.01.09 14:00	GBPJPY.i	H1	211.549	211.483	211.441	211.099
6351	2026.01.09 15:00	GBPJPY.i	H1	211.586	211.504	211.469	211.109
6352	2026.01.09 16:00	GBPJPY.i	H1	211.793	211.644	211.525	211.124
6353	2026.01.09 17:00	GBPJPY.i	H1	211.828	211.778	211.598	211.143
6354	2026.01.09 18:00	GBPJPY.i	H1	211.986	211.899	211.683	211.164
6355	2026.01.09 19:00	GBPJPY.i	H1	211.833	211.920	211.754	211.185
6356	2026.01.09 20:00	GBPJPY.i	H1	211.695	211.868	211.797	211.201
6357	2026.01.09 21:00	GBPJPY.i	H1	211.671	211.795	211.815	211.215
6358	2026.01.09 22:00	GBPJPY.i	H1	211.665	211.747	211.820	211.228
6359	2026.01.09 23:00	GBPJPY.i	H1	211.600	211.679	211.808	211.239
6360	2026.01.12 00:00	GBPJPY.i	H1	211.674	211.677	211.799	211.251
6361	2026.01.12 01:00	GBPJPY.i	H1	211.801	211.704	211.798	211.264
6362	2026.01.12 02:00	GBPJPY.i	H1	211.696	211.722	211.801	211.277
6363	2026.01.12 03:00	GBPJPY.i	H1	211.809	211.741	211.806	211.291
6364	2026.01.12 04:00	GBPJPY.i	H1	212.138	211.879	211.841	211.308
6365	2026.01.12 05:00	GBPJPY.i	H1	212.197	212.035	211.902	211.330
6366	2026.01.12 06:00	GBPJPY.i	H1	212.231	212.158	211.976	211.354
6367	2026.01.12 07:00	GBPJPY.i	H1	212.252	212.249	212.053	211.379
6368	2026.01.12 08:00	GBPJPY.i	H1	212.344	212.319	212.128	211.404
6369	2026.01.12 09:00	GBPJPY.i	H1	212.205	212.316	212.186	211.428
6370	2026.01.12 10:00	GBPJPY.i	H1	212.318	212.320	212.232	211.451
6371	2026.01.12 11:00	GBPJPY.i	H1	212.421	212.380	212.283	211.475
6372	2026.01.12 12:00	GBPJPY.i	H1	212.638	212.493	212.349	211.502
6373	2026.01.12 13:00	GBPJPY.i	H1	212.518	212.552	212.414	211.531
6374	2026.01.12 14:00	GBPJPY.i	H1	212.557	212.600	212.476	211.560
6375	2026.01.12 15:00	GBPJPY.i	H1	212.791	212.685	212.544	211.590
6376	2026.01.12 16:00	GBPJPY.i	H1	212.791	212.759	212.614	211.622
6377	2026.01.12 17:00	GBPJPY.i	H1	212.873	212.825	212.684	211.654
6378	2026.01.12 18:00	GBPJPY.i	H1	212.936	212.909	212.758	211.688
6379	2026.01.12 19:00	GBPJPY.i	H1	212.844	212.926	212.820	211.721
6380	2026.01.12 20:00	GBPJPY.i	H1	212.827	212.900	212.862	211.752
6381	2026.01.12 21:00	GBPJPY.i	H1	212.945	212.924	212.902	211.783
6382	2026.01.12 22:00	GBPJPY.i	H1	212.969	212.963	212.942	211.815
6383	2026.01.12 23:00	GBPJPY.i	H1	212.946	212.978	212.976	211.846
6384	2026.01.13 00:00	GBPJPY.i	H1	212.770	212.883	212.981	211.874
6385	2026.01.13 01:00	GBPJPY.i	H1	212.725	212.833	212.974	211.899
6386	2026.01.13 02:00	GBPJPY.i	H1	213.138	212.914	212.987	211.927
6387	2026.01.13 03:00	GBPJPY.i	H1	213.469	213.135	213.047	211.962
6388	2026.01.13 04:00	GBPJPY.i	H1	213.770	213.407	213.154	212.004
6389	2026.01.13 05:00	GBPJPY.i	H1	213.919	213.685	213.298	212.053
6390	2026.01.13 06:00	GBPJPY.i	H1	213.851	213.855	213.448	212.104
6391	2026.01.13 07:00	GBPJPY.i	H1	213.914	213.963	213.588	212.153
6392	2026.01.13 08:00	GBPJPY.i	H1	213.887	214.032	213.713	212.203
6393	2026.01.13 09:00	GBPJPY.i	H1	214.051	214.082	213.823	212.251
6394	2026.01.13 10:00	GBPJPY.i	H1	214.180	214.177	213.933	212.302
6395	2026.01.13 11:00	GBPJPY.i	H1	214.198	214.252	214.037	212.354
6396	2026.01.13 12:00	GBPJPY.i	H1	213.929	214.208	214.109	212.403
6397	2026.01.13 13:00	GBPJPY.i	H1	214.014	214.150	214.153	212.448
6398	2026.01.13 14:00	GBPJPY.i	H1	213.880	214.067	214.170	212.490
6399	2026.01.13 15:00	GBPJPY.i	H1	214.089	214.013	214.173	212.530
6400	2026.01.13 16:00	GBPJPY.i	H1	213.866	213.974	214.166	212.569
6401	2026.01.13 17:00	GBPJPY.i	H1	213.628	213.836	214.129	212.604
6402	2026.01.13 18:00	GBPJPY.i	H1	213.695	213.744	214.078	212.635
6403	2026.01.13 19:00	GBPJPY.i	H1	213.627	213.653	214.017	212.663
6404	2026.01.13 20:00	GBPJPY.i	H1	213.748	213.617	213.959	212.691
6405	2026.01.13 21:00	GBPJPY.i	H1	213.768	213.636	213.916	212.719
6406	2026.01.13 22:00	GBPJPY.i	H1	213.700	213.644	213.882	212.747
6407	2026.01.13 23:00	GBPJPY.i	H1	213.601	213.614	213.844	212.773
6408	2026.01.14 00:00	GBPJPY.i	H1	213.594	213.559	213.800	212.796
6409	2026.01.14 01:00	GBPJPY.i	H1	213.728	213.582	213.767	212.819
6410	2026.01.14 02:00	GBPJPY.i	H1	213.751	213.617	213.748	212.843
6411	2026.01.14 03:00	GBPJPY.i	H1	213.872	213.725	213.754	212.869
6412	2026.01.14 04:00	GBPJPY.i	H1	213.905	213.816	213.778	212.897
6413	2026.01.14 05:00	GBPJPY.i	H1	213.986	213.884	213.809	212.926
6414	2026.01.14 06:00	GBPJPY.i	H1	213.960	213.948	213.846	212.955
6415	2026.01.14 07:00	GBPJPY.i	H1	214.068	214.012	213.889	212.984
6416	2026.01.14 08:00	GBPJPY.i	H1	213.993	214.028	213.925	213.013
6417	2026.01.14 09:00	GBPJPY.i	H1	213.916	214.009	213.949	213.039
6418	2026.01.14 10:00	GBPJPY.i	H1	213.756	213.898	213.942	213.062
6419	2026.01.14 11:00	GBPJPY.i	H1	213.644	213.763	213.907	213.079
6420	2026.01.14 12:00	GBPJPY.i	H1	213.488	213.613	213.847	213.092
6421	2026.01.14 13:00	GBPJPY.i	H1	213.450	213.497	213.774	213.102
6422	2026.01.14 14:00	GBPJPY.i	H1	213.292	213.310	213.674	213.108
6423	2026.01.14 15:00	GBPJPY.i	H1	213.226	213.225	213.577	213.112
6424	2026.01.14 16:00	GBPJPY.i	H1	212.885	213.070	213.465	213.112
6425	2026.01.14 17:00	GBPJPY.i	H1	212.773	212.907	213.340	213.108
6426	2026.01.14 18:00	GBPJPY.i	H1	212.588	212.719	213.197	213.098
6427	2026.01.14 19:00	GBPJPY.i	H1	212.626	212.590	213.054	213.086
6428	2026.01.14 20:00	GBPJPY.i	H1	212.765	212.562	212.935	213.074
6429	2026.01.14 21:00	GBPJPY.i	H1	212.883	212.618	212.852	213.066
6430	2026.01.14 22:00	GBPJPY.i	H1	213.030	212.741	212.811	213.061
6431	2026.01.14 23:00	GBPJPY.i	H1	212.995	212.847	212.801	213.059
6432	2026.01.15 00:00	GBPJPY.i	H1	212.569	212.748	212.767	213.053
6433	2026.01.15 01:00	GBPJPY.i	H1	212.912	212.760	212.741	213.044
6434	2026.01.15 02:00	GBPJPY.i	H1	212.854	212.814	212.734	213.039
6435	2026.01.15 03:00	GBPJPY.i	H1	212.752	212.774	212.718	213.033
6436	2026.01.15 04:00	GBPJPY.i	H1	212.938	212.809	212.714	213.026
6437	2026.01.15 05:00	GBPJPY.i	H1	212.842	212.855	212.722	213.022
6438	2026.01.15 06:00	GBPJPY.i	H1	212.892	212.879	212.734	213.018
6439	2026.01.15 07:00	GBPJPY.i	H1	212.726	212.842	212.735	213.013
6440	2026.01.15 08:00	GBPJPY.i	H1	212.967	212.873	212.745	213.008
6441	2026.01.15 09:00	GBPJPY.i	H1	213.047	212.958	212.774	213.006
6442	2026.01.15 10:00	GBPJPY.i	H1	213.257	213.082	212.826	213.009
6443	2026.01.15 11:00	GBPJPY.i	H1	212.835	213.062	212.862	213.011
6444	2026.01.15 12:00	GBPJPY.i	H1	212.665	212.911	212.857	213.006
6445	2026.01.15 13:00	GBPJPY.i	H1	212.765	212.830	212.838	212.998
6446	2026.01.15 14:00	GBPJPY.i	H1	212.577	212.731	212.802	212.989
6447	2026.01.15 15:00	GBPJPY.i	H1	212.395	212.568	212.739	212.977
6448	2026.01.15 16:00	GBPJPY.i	H1	212.249	212.410	212.656	212.960
6449	2026.01.15 17:00	GBPJPY.i	H1	212.215	212.249	212.555	212.940
6450	2026.01.15 18:00	GBPJPY.i	H1	212.146	212.153	212.455	212.918
6451	2026.01.15 19:00	GBPJPY.i	H1	212.196	212.108	212.367	212.898
6452	2026.01.15 20:00	GBPJPY.i	H1	212.244	212.118	212.300	212.878
6453	2026.01.15 21:00	GBPJPY.i	H1	212.196	212.117	212.246	212.860
6454	2026.01.15 22:00	GBPJPY.i	H1	212.189	212.106	212.199	212.841
6455	2026.01.15 23:00	GBPJPY.i	H1	212.229	212.137	212.169	212.823
6456	2026.01.16 00:00	GBPJPY.i	H1	212.163	212.114	212.138	212.806
6457	2026.01.16 01:00	GBPJPY.i	H1	212.200	212.134	212.118	212.788
6458	2026.01.16 02:00	GBPJPY.i	H1	212.221	212.154	212.107	212.771
6459	2026.01.16 03:00	GBPJPY.i	H1	212.195	212.153	212.097	212.755
6460	2026.01.16 04:00	GBPJPY.i	H1	211.867	212.005	212.055	212.734
6461	2026.01.16 05:00	GBPJPY.i	H1	211.717	211.863	211.991	212.708
6462	2026.01.16 06:00	GBPJPY.i	H1	211.913	211.826	211.935	212.683
6463	2026.01.16 07:00	GBPJPY.i	H1	211.948	211.838	211.894	212.661
6464	2026.01.16 08:00	GBPJPY.i	H1	211.923	211.855	211.866	212.640
6465	2026.01.16 09:00	GBPJPY.i	H1	211.795	211.819	211.836	212.618
6466	2026.01.16 10:00	GBPJPY.i	H1	211.883	211.802	211.808	212.596
6467	2026.01.16 11:00	GBPJPY.i	H1	211.926	211.830	211.794	212.575
6468	2026.01.16 12:00	GBPJPY.i	H1	211.973	211.895	211.798	212.557
6469	2026.01.16 13:00	GBPJPY.i	H1	211.962	211.932	211.809	212.541
6470	2026.01.16 14:00	GBPJPY.i	H1	211.923	211.946	211.821	212.525
6471	2026.01.16 15:00	GBPJPY.i	H1	211.802	211.880	211.816	212.506
6472	2026.01.16 16:00	GBPJPY.i	H1	211.563	211.774	211.789	212.485
6473	2026.01.16 17:00	GBPJPY.i	H1	211.455	211.630	211.736	212.460
6474	2026.01.16 18:00	GBPJPY.i	H1	211.458	211.540	211.677	212.433
6475	2026.01.16 19:00	GBPJPY.i	H1	211.568	211.516	211.626	212.408
6476	2026.01.16 20:00	GBPJPY.i	H1	211.637	211.545	211.594	212.385
6477	2026.01.16 21:00	GBPJPY.i	H1	211.598	211.565	211.573	212.364
6478	2026.01.16 22:00	GBPJPY.i	H1	211.509	211.539	211.551	212.342
6479	2026.01.16 23:00	GBPJPY.i	H1	211.399	211.488	211.521	212.319
6480	2026.01.19 00:00	GBPJPY.i	H1	210.720	211.102	211.410	212.285
6481	2026.01.19 01:00	GBPJPY.i	H1	211.145	210.999	211.301	212.245
6482	2026.01.19 02:00	GBPJPY.i	H1	211.021	210.996	211.217	212.212
6483	2026.01.19 03:00	GBPJPY.i	H1	211.165	210.997	211.151	212.182
6484	2026.01.19 04:00	GBPJPY.i	H1	211.325	211.101	211.123	212.154
6485	2026.01.19 05:00	GBPJPY.i	H1	211.371	211.208	211.123	212.131
6486	2026.01.19 06:00	GBPJPY.i	H1	211.408	211.297	211.142	212.110
6487	2026.01.19 07:00	GBPJPY.i	H1	211.500	211.398	211.179	212.092
6488	2026.01.19 08:00	GBPJPY.i	H1	211.447	211.464	211.222	212.075
6489	2026.01.19 09:00	GBPJPY.i	H1	211.643	211.546	211.275	212.060
6490	2026.01.19 10:00	GBPJPY.i	H1	211.894	211.703	211.353	212.049
6491	2026.01.19 11:00	GBPJPY.i	H1	211.709	211.785	211.434	212.042
6492	2026.01.19 12:00	GBPJPY.i	H1	211.714	211.809	211.504	212.034
6493	2026.01.19 13:00	GBPJPY.i	H1	211.899	211.869	211.574	212.027
6494	2026.01.19 14:00	GBPJPY.i	H1	211.836	211.899	211.638	212.022
6495	2026.01.19 15:00	GBPJPY.i	H1	211.827	211.909	211.693	212.016
6496	2026.01.19 16:00	GBPJPY.i	H1	211.905	211.923	211.742	212.012
6497	2026.01.19 17:00	GBPJPY.i	H1	212.142	212.028	211.806	212.011
6498	2026.01.19 18:00	GBPJPY.i	H1	212.258	212.176	211.892	212.015
6499	2026.01.19 19:00	GBPJPY.i	H1	212.255	212.262	211.980	212.021
6500	2026.01.19 20:00	GBPJPY.i	H1	212.229	212.305	212.060	212.028
6501	2026.01.19 21:00	GBPJPY.i	H1	212.234	212.330	212.129	212.034
6502	2026.01.19 22:00	GBPJPY.i	H1	212.330	212.356	212.191	212.041
6503	2026.01.19 23:00	GBPJPY.i	H1	212.257	212.355	212.241	212.048
6504	2026.01.20 00:00	GBPJPY.i	H1	212.057	212.261	212.260	212.052
6505	2026.01.20 01:00	GBPJPY.i	H1	212.238	212.241	212.272	212.055
6506	2026.01.20 02:00	GBPJPY.i	H1	211.915	212.154	212.262	212.057
6507	2026.01.20 03:00	GBPJPY.i	H1	212.022	212.095	212.242	212.056
6508	2026.01.20 04:00	GBPJPY.i	H1	212.134	212.086	212.225	212.057
6509	2026.01.20 05:00	GBPJPY.i	H1	212.232	212.116	212.219	212.059
6510	2026.01.20 06:00	GBPJPY.i	H1	212.399	212.217	212.236	212.065
6511	2026.01.20 07:00	GBPJPY.i	H1	212.511	212.349	212.278	212.075
6512	2026.01.20 08:00	GBPJPY.i	H1	212.814	212.551	212.355	212.089
6513	2026.01.20 09:00	GBPJPY.i	H1	213.396	212.909	212.495	212.114
6514	2026.01.20 10:00	GBPJPY.i	H1	212.705	213.000	212.623	212.140
6515	2026.01.20 11:00	GBPJPY.i	H1	212.538	212.850	212.687	212.157
6516	2026.01.20 12:00	GBPJPY.i	H1	212.721	212.824	212.733	212.171
6517	2026.01.20 13:00	GBPJPY.i	H1	212.380	212.691	212.740	212.183
6518	2026.01.20 14:00	GBPJPY.i	H1	212.256	212.490	212.702	212.188
6519	2026.01.20 15:00	GBPJPY.i	H1	212.326	212.383	212.649	212.191
6520	2026.01.20 16:00	GBPJPY.i	H1	212.683	212.408	212.615	212.197
6521	2026.01.20 17:00	GBPJPY.i	H1	212.513	212.488	212.606	212.207
6522	2026.01.20 18:00	GBPJPY.i	H1	212.670	212.541	212.610	212.218
6523	2026.01.20 19:00	GBPJPY.i	H1	212.547	212.568	212.617	212.229
6524	2026.01.20 20:00	GBPJPY.i	H1	212.464	212.536	212.614	212.238
6525	2026.01.20 21:00	GBPJPY.i	H1	212.539	212.517	212.606	212.246
6526	2026.01.20 22:00	GBPJPY.i	H1	212.524	212.513	212.597	212.253
6527	2026.01.20 23:00	GBPJPY.i	H1	212.549	212.524	212.592	212.261
6528	2026.01.21 00:00	GBPJPY.i	H1	212.534	212.510	212.584	212.269
6529	2026.01.21 01:00	GBPJPY.i	H1	212.561	212.517	212.578	212.276
6530	2026.01.21 02:00	GBPJPY.i	H1	212.543	212.531	212.576	212.283
6531	2026.01.21 03:00	GBPJPY.i	H1	212.484	212.507	212.568	212.290
6532	2026.01.21 04:00	GBPJPY.i	H1	212.298	212.452	212.548	212.294
6533	2026.01.21 05:00	GBPJPY.i	H1	212.470	212.420	212.525	212.297
6534	2026.01.21 06:00	GBPJPY.i	H1	212.362	212.382	212.497	212.300
6535	2026.01.21 07:00	GBPJPY.i	H1	212.584	212.429	212.487	212.304
6536	2026.01.21 08:00	GBPJPY.i	H1	212.475	212.464	212.485	212.310
6537	2026.01.21 09:00	GBPJPY.i	H1	212.296	212.408	212.470	212.313
6538	2026.01.21 10:00	GBPJPY.i	H1	212.158	212.301	212.433	212.312
6539	2026.01.21 11:00	GBPJPY.i	H1	211.887	212.126	212.364	212.306
6540	2026.01.21 12:00	GBPJPY.i	H1	211.864	211.977	212.276	212.296
6541	2026.01.21 13:00	GBPJPY.i	H1	211.756	211.851	212.179	212.284
6542	2026.01.21 14:00	GBPJPY.i	H1	211.829	211.753	212.081	212.270
6543	2026.01.21 15:00	GBPJPY.i	H1	212.228	211.850	212.025	212.260
6544	2026.01.21 16:00	GBPJPY.i	H1	212.663	212.129	212.044	212.261
6545	2026.01.21 17:00	GBPJPY.i	H1	212.436	212.324	212.100	212.268
6546	2026.01.21 18:00	GBPJPY.i	H1	212.380	212.411	212.160	212.274
6547	2026.01.21 19:00	GBPJPY.i	H1	212.347	212.411	212.206	212.277
6548	2026.01.21 20:00	GBPJPY.i	H1	212.350	212.404	212.240	212.279
6549	2026.01.21 21:00	GBPJPY.i	H1	212.638	212.488	212.287	212.283
6550	2026.01.21 22:00	GBPJPY.i	H1	212.608	212.573	212.343	212.291
6551	2026.01.21 23:00	GBPJPY.i	H1	212.557	212.618	212.399	212.299
6552	2026.01.22 00:00	GBPJPY.i	H1	212.557	212.595	212.438	212.306
6553	2026.01.22 01:00	GBPJPY.i	H1	212.608	212.620	212.476	212.313
6554	2026.01.22 02:00	GBPJPY.i	H1	212.499	212.593	212.502	212.319
6555	2026.01.22 03:00	GBPJPY.i	H1	212.663	212.619	212.529	212.326
6556	2026.01.22 04:00	GBPJPY.i	H1	212.739	212.679	212.566	212.335
6557	2026.01.22 05:00	GBPJPY.i	H1	212.979	212.808	212.625	212.348
6558	2026.01.22 06:00	GBPJPY.i	H1	213.081	212.976	212.710	212.366
6559	2026.01.22 07:00	GBPJPY.i	H1	213.130	213.077	212.799	212.386
6560	2026.01.22 08:00	GBPJPY.i	H1	213.169	213.172	212.891	212.407
6561	2026.01.22 09:00	GBPJPY.i	H1	213.251	213.279	212.988	212.429
6562	2026.01.22 10:00	GBPJPY.i	H1	213.038	213.242	213.056	212.450
6563	2026.01.22 11:00	GBPJPY.i	H1	213.352	213.285	213.121	212.470
6564	2026.01.22 12:00	GBPJPY.i	H1	213.319	213.351	213.188	212.493
6565	2026.01.22 13:00	GBPJPY.i	H1	212.840	213.204	213.208	212.512
6566	2026.01.22 14:00	GBPJPY.i	H1	213.219	213.156	213.215	212.526
6567	2026.01.22 15:00	GBPJPY.i	H1	213.019	213.106	213.210	212.541
6568	2026.01.22 16:00	GBPJPY.i	H1	213.269	213.146	213.216	212.557
6569	2026.01.22 17:00	GBPJPY.i	H1	213.471	213.290	213.254	212.578
6570	2026.01.22 18:00	GBPJPY.i	H1	213.609	213.443	213.318	212.604
6571	2026.01.22 19:00	GBPJPY.i	H1	213.586	213.518	213.383	212.630
6572	2026.01.22 20:00	GBPJPY.i	H1	213.694	213.626	213.457	212.657
6573	2026.01.22 21:00	GBPJPY.i	H1	213.705	213.701	213.532	212.686
6574	2026.01.22 22:00	GBPJPY.i	H1	213.845	213.782	213.608	212.715
6575	2026.01.22 23:00	GBPJPY.i	H1	213.851	213.870	213.688	212.746
6576	2026.01.23 00:00	GBPJPY.i	H1	213.811	213.833	213.741	212.775
6577	2026.01.23 01:00	GBPJPY.i	H1	213.938	213.897	213.799	212.804
6578	2026.01.23 02:00	GBPJPY.i	H1	213.946	213.950	213.856	212.835
6579	2026.01.23 03:00	GBPJPY.i	H1	214.127	214.040	213.922	212.868
6580	2026.01.23 04:00	GBPJPY.i	H1	213.983	214.057	213.976	212.900
6581	2026.01.23 05:00	GBPJPY.i	H1	213.988	214.061	214.020	212.931
6582	2026.01.23 06:00	GBPJPY.i	H1	213.985	214.054	214.053	212.961
6583	2026.01.23 07:00	GBPJPY.i	H1	214.109	214.067	214.082	212.990
6584	2026.01.23 08:00	GBPJPY.i	H1	214.215	214.131	214.119	213.021
6585	2026.01.23 09:00	GBPJPY.i	H1	213.696	213.927	214.101	213.046
6586	2026.01.23 10:00	GBPJPY.i	H1	213.492	213.718	214.039	213.062
6587	2026.01.23 11:00	GBPJPY.i	H1	213.777	213.632	213.972	213.076
6588	2026.01.23 12:00	GBPJPY.i	H1	213.983	213.739	213.944	213.095
6589	2026.01.23 13:00	GBPJPY.i	H1	213.767	213.789	213.931	213.118
6590	2026.01.23 14:00	GBPJPY.i	H1	213.961	213.846	213.932	213.140
6591	2026.01.23 15:00	GBPJPY.i	H1	214.049	213.922	213.947	213.163
6592	2026.01.23 16:00	GBPJPY.i	H1	214.202	214.035	213.983	213.189
6593	2026.01.23 17:00	GBPJPY.i	H1	214.471	214.231	214.053	213.219
6594	2026.01.23 18:00	GBPJPY.i	H1	214.097	214.260	214.112	213.249
6595	2026.01.23 19:00	GBPJPY.i	H1	212.776	213.771	214.044	213.262
6596	2026.01.23 20:00	GBPJPY.i	H1	212.459	213.146	213.850	213.251
6597	2026.01.23 21:00	GBPJPY.i	H1	212.374	212.661	213.591	213.229
6598	2026.01.23 22:00	GBPJPY.i	H1	212.475	212.404	213.332	213.206
6599	2026.01.23 23:00	GBPJPY.i	H1	212.254	212.228	213.090	213.183
6600	2026.01.26 00:00	GBPJPY.i	H1	211.327	211.670	212.769	213.147
6601	2026.01.26 01:00	GBPJPY.i	H1	211.992	211.537	212.486	213.103
6602	2026.01.26 02:00	GBPJPY.i	H1	211.621	211.416	212.232	213.065
6603	2026.01.26 03:00	GBPJPY.i	H1	210.952	211.135	211.964	213.018
6604	2026.01.26 04:00	GBPJPY.i	H1	210.489	210.743	211.659	212.960
6605	2026.01.26 05:00	GBPJPY.i	H1	210.647	210.513	211.365	212.896
6606	2026.01.26 06:00	GBPJPY.i	H1	210.398	210.297	211.080	212.830
6607	2026.01.26 07:00	GBPJPY.i	H1	210.608	210.237	210.839	212.764
6608	2026.01.26 08:00	GBPJPY.i	H1	210.635	210.313	210.664	212.704
6609	2026.01.26 09:00	GBPJPY.i	H1	210.493	210.278	210.513	212.644
6610	2026.01.26 10:00	GBPJPY.i	H1	210.282	210.155	210.362	212.580
6611	2026.01.26 11:00	GBPJPY.i	H1	210.091	210.089	210.226	212.514
6612	2026.01.26 12:00	GBPJPY.i	H1	209.920	209.997	210.098	212.447
6613	2026.01.26 13:00	GBPJPY.i	H1	210.094	209.926	209.980	212.379
6614	2026.01.26 14:00	GBPJPY.i	H1	210.430	210.074	209.923	212.317
6615	2026.01.26 15:00	GBPJPY.i	H1	210.460	210.241	209.916	212.264
6616	2026.01.26 16:00	GBPJPY.i	H1	210.485	210.366	209.939	212.214
6617	2026.01.26 17:00	GBPJPY.i	H1	210.834	210.551	210.000	212.169
6618	2026.01.26 18:00	GBPJPY.i	H1	210.767	210.745	210.094	212.130
6619	2026.01.26 19:00	GBPJPY.i	H1	210.752	210.859	210.196	212.095
6620	2026.01.26 20:00	GBPJPY.i	H1	211.017	210.969	210.304	212.061
6621	2026.01.26 21:00	GBPJPY.i	H1	210.758	210.995	210.400	212.029
6622	2026.01.26 22:00	GBPJPY.i	H1	210.791	210.943	210.468	211.994
6623	2026.01.26 23:00	GBPJPY.i	H1	210.912	210.978	210.536	211.962
6624	2026.01.27 00:00	GBPJPY.i	H1	210.771	210.926	210.582	211.930
6625	2026.01.27 01:00	GBPJPY.i	H1	211.112	211.003	210.643	211.901
6626	2026.01.27 02:00	GBPJPY.i	H1	210.956	211.033	210.702	211.876
6627	2026.01.27 03:00	GBPJPY.i	H1	211.137	211.091	210.765	211.852
6628	2026.01.27 04:00	GBPJPY.i	H1	211.266	211.186	210.841	211.832
6629	2026.01.27 05:00	GBPJPY.i	H1	211.285	211.285	210.926	211.816
6630	2026.01.27 06:00	GBPJPY.i	H1	211.395	211.377	211.016	211.802
6631	2026.01.27 07:00	GBPJPY.i	H1	211.331	211.413	211.098	211.790
6632	2026.01.27 08:00	GBPJPY.i	H1	211.423	211.477	211.179	211.779
6633	2026.01.27 09:00	GBPJPY.i	H1	211.579	211.567	211.266	211.771
6634	2026.01.27 10:00	GBPJPY.i	H1	211.549	211.612	211.346	211.765
6635	2026.01.27 11:00	GBPJPY.i	H1	210.605	211.193	211.314	211.747
6636	2026.01.27 12:00	GBPJPY.i	H1	210.678	210.934	211.235	211.717
6637	2026.01.27 13:00	GBPJPY.i	H1	210.772	210.772	211.140	211.688
6638	2026.01.27 14:00	GBPJPY.i	H1	210.645	210.656	211.041	211.660
6639	2026.01.27 15:00	GBPJPY.i	H1	210.490	210.517	210.933	211.630
6640	2026.01.27 16:00	GBPJPY.i	H1	210.975	210.601	210.867	211.603
6641	2026.01.27 17:00	GBPJPY.i	H1	210.728	210.657	210.826	211.581
6642	2026.01.27 18:00	GBPJPY.i	H1	210.889	210.705	210.803	211.560
6643	2026.01.27 19:00	GBPJPY.i	H1	210.620	210.635	210.765	211.537
6644	2026.01.27 20:00	GBPJPY.i	H1	210.453	210.540	210.712	211.509
6645	2026.01.27 21:00	GBPJPY.i	H1	210.483	210.493	210.659	211.482
6646	2026.01.27 22:00	GBPJPY.i	H1	210.828	210.515	210.621	211.456
6647	2026.01.27 23:00	GBPJPY.i	H1	210.687	210.608	210.612	211.434
6648	2026.01.28 00:00	GBPJPY.i	H1	210.771	210.646	210.611	211.415
6649	2026.01.28 01:00	GBPJPY.i	H1	210.838	210.736	210.630	211.397
6650	2026.01.28 02:00	GBPJPY.i	H1	210.895	210.797	210.658	211.381
6651	2026.01.28 03:00	GBPJPY.i	H1	211.124	210.943	210.713	211.369
6652	2026.01.28 04:00	GBPJPY.i	H1	210.974	211.017	210.771	211.360
6653	2026.01.28 05:00	GBPJPY.i	H1	210.752	210.949	210.802	211.348
6654	2026.01.28 06:00	GBPJPY.i	H1	210.556	210.824	210.798	211.331
6655	2026.01.28 07:00	GBPJPY.i	H1	210.700	210.729	210.776	211.311
6656	2026.01.28 08:00	GBPJPY.i	H1	210.742	210.735	210.762	211.294
6657	2026.01.28 09:00	GBPJPY.i	H1	210.668	210.691	210.742	211.278
6658	2026.01.28 10:00	GBPJPY.i	H1	210.426	210.586	210.703	211.258
6659	2026.01.28 11:00	GBPJPY.i	H1	210.546	210.510	210.657	211.237
6660	2026.01.28 12:00	GBPJPY.i	H1	210.431	210.434	210.603	211.215
6661	2026.01.28 13:00	GBPJPY.i	H1	210.127	210.302	210.531	211.190
6662	2026.01.28 14:00	GBPJPY.i	H1	210.442	210.269	210.468	211.164
6663	2026.01.28 15:00	GBPJPY.i	H1	210.468	210.299	210.425	211.142
6664	2026.01.28 16:00	GBPJPY.i	H1	210.690	210.439	210.423	211.125
6665	2026.01.28 17:00	GBPJPY.i	H1	211.614	210.866	210.517	211.121
6666	2026.01.28 18:00	GBPJPY.i	H1	211.726	211.335	210.695	211.132
6667	2026.01.28 19:00	GBPJPY.i	H1	211.698	211.612	210.894	211.148
6668	2026.01.28 20:00	GBPJPY.i	H1	211.868	211.834	211.099	211.166
6669	2026.01.28 21:00	GBPJPY.i	H1	211.706	211.934	211.283	211.184
6670	2026.01.28 22:00	GBPJPY.i	H1	211.639	211.916	211.424	211.199
6671	2026.01.28 23:00	GBPJPY.i	H1	211.771	211.924	211.541	211.213
6672	2026.01.29 00:00	GBPJPY.i	H1	211.648	211.851	211.620	211.226
6673	2026.01.29 01:00	GBPJPY.i	H1	211.664	211.810	211.677	211.237
6674	2026.01.29 02:00	GBPJPY.i	H1	211.580	211.717	211.704	211.247
6675	2026.01.29 03:00	GBPJPY.i	H1	211.538	211.654	211.715	211.256
6676	2026.01.29 04:00	GBPJPY.i	H1	211.482	211.574	211.707	211.263
6677	2026.01.29 05:00	GBPJPY.i	H1	211.536	211.542	211.695	211.269
6678	2026.01.29 06:00	GBPJPY.i	H1	211.698	211.601	211.700	211.279
6679	2026.01.29 07:00	GBPJPY.i	H1	211.737	211.666	211.718	211.291
6680	2026.01.29 08:00	GBPJPY.i	H1	211.773	211.702	211.740	211.303
6681	2026.01.29 09:00	GBPJPY.i	H1	212.043	211.838	211.786	211.319
6682	2026.01.29 10:00	GBPJPY.i	H1	211.895	211.917	211.838	211.337
6683	2026.01.29 11:00	GBPJPY.i	H1	211.623	211.840	211.860	211.350
6684	2026.01.29 12:00	GBPJPY.i	H1	211.471	211.699	211.844	211.358
6685	2026.01.29 13:00	GBPJPY.i	H1	211.686	211.660	211.822	211.364
6686	2026.01.29 14:00	GBPJPY.i	H1	211.652	211.631	211.799	211.372
6687	2026.01.29 15:00	GBPJPY.i	H1	211.686	211.651	211.785	211.380
6688	2026.01.29 16:00	GBPJPY.i	H1	211.630	211.658	211.774	211.389
6689	2026.01.29 17:00	GBPJPY.i	H1	210.322	211.169	211.651	211.383
6690	2026.01.29 18:00	GBPJPY.i	H1	210.866	210.870	211.488	211.364
6691	2026.01.29 19:00	GBPJPY.i	H1	210.968	210.833	211.353	211.349
6692	2026.01.29 20:00	GBPJPY.i	H1	211.121	210.886	211.258	211.341
6693	2026.01.29 21:00	GBPJPY.i	H1	211.137	210.960	211.197	211.335
6694	2026.01.29 22:00	GBPJPY.i	H1	211.366	211.079	211.173	211.333
6695	2026.01.29 23:00	GBPJPY.i	H1	211.414	211.223	211.183	211.333
6696	2026.01.30 00:00	GBPJPY.i	H1	211.183	211.189	211.180	211.332
6697	2026.01.30 01:00	GBPJPY.i	H1	211.450	211.269	211.193	211.330
6698	2026.01.30 02:00	GBPJPY.i	H1	211.485	211.394	211.230	211.333
6699	2026.01.30 03:00	GBPJPY.i	H1	211.572	211.491	211.281	211.338
6700	2026.01.30 04:00	GBPJPY.i	H1	211.666	211.568	211.337	211.345
6701	2026.01.30 05:00	GBPJPY.i	H1	211.728	211.660	211.402	211.353
6702	2026.01.30 06:00	GBPJPY.i	H1	211.681	211.734	211.470	211.362
6703	2026.01.30 07:00	GBPJPY.i	H1	211.721	211.779	211.534	211.373
6704	2026.01.30 08:00	GBPJPY.i	H1	211.624	211.745	211.578	211.381
6705	2026.01.30 09:00	GBPJPY.i	H1	211.778	211.778	211.622	211.390
6706	2026.01.30 10:00	GBPJPY.i	H1	211.887	211.825	211.668	211.400
6707	2026.01.30 11:00	GBPJPY.i	H1	211.877	211.853	211.713	211.412
6708	2026.01.30 12:00	GBPJPY.i	H1	211.943	211.913	211.763	211.425
6709	2026.01.30 13:00	GBPJPY.i	H1	211.997	211.977	211.817	211.439
6710	2026.01.30 14:00	GBPJPY.i	H1	211.980	212.021	211.871	211.455
6711	2026.01.30 15:00	GBPJPY.i	H1	212.161	212.065	211.924	211.471
6712	2026.01.30 16:00	GBPJPY.i	H1	212.214	212.178	211.992	211.489
6713	2026.01.30 17:00	GBPJPY.i	H1	211.585	212.069	212.020	211.505
6714	2026.01.30 18:00	GBPJPY.i	H1	211.850	211.933	212.013	211.514
6715	2026.01.30 19:00	GBPJPY.i	H1	211.717	211.833	211.986	211.520
6716	2026.01.30 20:00	GBPJPY.i	H1	211.692	211.729	211.942	211.525
6717	2026.01.30 21:00	GBPJPY.i	H1	211.691	211.699	211.901	211.529
6718	2026.01.30 22:00	GBPJPY.i	H1	211.757	211.686	211.867	211.535
6719	2026.01.30 23:00	GBPJPY.i	H1	211.671	211.684	211.839	211.540
6720	2026.02.02 00:00	GBPJPY.i	H1	212.325	211.949	211.876	211.553
6721	2026.02.02 01:00	GBPJPY.i	H1	212.278	212.169	211.953	211.574
6722	2026.02.02 02:00	GBPJPY.i	H1	212.666	212.348	212.051	211.598
6723	2026.02.02 03:00	GBPJPY.i	H1	212.291	212.428	212.144	211.621
6724	2026.02.02 04:00	GBPJPY.i	H1	212.262	212.382	212.205	211.640
6725	2026.02.02 05:00	GBPJPY.i	H1	212.069	212.297	212.234	211.655
6726	2026.02.02 06:00	GBPJPY.i	H1	211.847	212.123	212.219	211.665
6727	2026.02.02 07:00	GBPJPY.i	H1	211.770	211.947	212.168	211.670
6728	2026.02.02 08:00	GBPJPY.i	H1	211.412	211.716	212.078	211.669
6729	2026.02.02 09:00	GBPJPY.i	H1	211.899	211.684	212.001	211.668
6730	2026.02.02 10:00	GBPJPY.i	H1	212.184	211.836	211.976	211.675
6731	2026.02.02 11:00	GBPJPY.i	H1	212.177	211.958	211.983	211.688
6732	2026.02.02 12:00	GBPJPY.i	H1	212.044	212.041	212.004	211.700
6733	2026.02.02 13:00	GBPJPY.i	H1	212.008	212.061	212.024	211.711
6734	2026.02.02 14:00	GBPJPY.i	H1	212.082	212.080	212.041	211.721
6735	2026.02.02 15:00	GBPJPY.i	H1	211.902	212.034	212.043	211.730
6736	2026.02.02 16:00	GBPJPY.i	H1	212.250	212.088	212.057	211.739
6737	2026.02.02 17:00	GBPJPY.i	H1	212.141	212.172	212.087	211.751
6738	2026.02.02 18:00	GBPJPY.i	H1	212.303	212.225	212.122	211.765
6739	2026.02.02 19:00	GBPJPY.i	H1	212.416	212.320	212.170	211.780
6740	2026.02.02 20:00	GBPJPY.i	H1	212.474	212.440	212.235	211.799
6741	2026.02.02 21:00	GBPJPY.i	H1	212.568	212.536	212.308	211.819
6742	2026.02.02 22:00	GBPJPY.i	H1	212.614	212.602	212.380	211.840
6743	2026.02.02 23:00	GBPJPY.i	H1	212.656	212.653	212.448	211.861
6744	2026.02.03 00:00	GBPJPY.i	H1	212.527	212.644	212.500	211.881
6745	2026.02.03 01:00	GBPJPY.i	H1	212.570	212.638	212.541	211.900
6746	2026.02.03 02:00	GBPJPY.i	H1	212.682	212.680	212.583	211.920
6747	2026.02.03 03:00	GBPJPY.i	H1	212.775	212.740	212.631	211.942
6748	2026.02.03 04:00	GBPJPY.i	H1	212.658	212.728	212.667	211.963
6749	2026.02.03 05:00	GBPJPY.i	H1	212.762	212.734	212.697	211.983
6750	2026.02.03 06:00	GBPJPY.i	H1	212.717	212.752	212.725	212.004
6751	2026.02.03 07:00	GBPJPY.i	H1	212.776	212.770	212.751	212.024
6752	2026.02.03 08:00	GBPJPY.i	H1	212.814	212.816	212.782	212.046
6753	2026.02.03 09:00	GBPJPY.i	H1	212.858	212.850	212.814	212.068
6754	2026.02.03 10:00	GBPJPY.i	H1	212.855	212.860	212.842	212.090
6755	2026.02.03 11:00	GBPJPY.i	H1	213.021	212.924	212.877	212.112
6756	2026.02.03 12:00	GBPJPY.i	H1	212.918	212.961	212.913	212.136
6757	2026.02.03 13:00	GBPJPY.i	H1	212.879	212.960	212.940	212.158
6758	2026.02.03 14:00	GBPJPY.i	H1	213.254	213.066	212.986	212.183
6759	2026.02.03 15:00	GBPJPY.i	H1	213.095	213.133	213.036	212.210
6760	2026.02.03 16:00	GBPJPY.i	H1	213.038	213.139	213.076	212.235
6761	2026.02.03 17:00	GBPJPY.i	H1	213.371	213.221	213.126	212.261
6762	2026.02.03 18:00	GBPJPY.i	H1	213.308	213.306	213.184	212.290
6763	2026.02.03 19:00	GBPJPY.i	H1	213.262	213.306	213.229	212.318
6764	2026.02.03 20:00	GBPJPY.i	H1	212.885	213.195	213.239	212.341
6765	2026.02.03 21:00	GBPJPY.i	H1	213.206	213.156	213.238	212.361
6766	2026.02.03 22:00	GBPJPY.i	H1	213.285	213.211	213.251	212.384
6767	2026.02.03 23:00	GBPJPY.i	H1	213.363	213.281	213.277	212.410
6768	2026.02.04 00:00	GBPJPY.i	H1	213.233	213.273	213.294	212.434
6769	2026.02.04 01:00	GBPJPY.i	H1	213.395	213.319	213.317	212.458
6770	2026.02.04 02:00	GBPJPY.i	H1	213.655	213.447	213.364	212.486
6771	2026.02.04 03:00	GBPJPY.i	H1	214.003	213.692	213.456	212.520
6772	2026.02.04 04:00	GBPJPY.i	H1	214.083	213.921	213.579	212.561
6773	2026.02.04 05:00	GBPJPY.i	H1	214.220	214.113	213.717	212.605
6774	2026.02.04 06:00	GBPJPY.i	H1	214.345	214.277	213.861	212.650
6775	2026.02.04 07:00	GBPJPY.i	H1	214.362	214.403	214.003	212.697
6776	2026.02.04 08:00	GBPJPY.i	H1	214.403	214.492	214.134	212.744
6777	2026.02.04 09:00	GBPJPY.i	H1	214.541	214.577	214.258	212.791
6778	2026.02.04 10:00	GBPJPY.i	H1	214.813	214.716	214.388	212.842
6779	2026.02.04 11:00	GBPJPY.i	H1	214.735	214.782	214.506	212.894
6780	2026.02.04 12:00	GBPJPY.i	H1	214.969	214.892	214.625	212.946
6781	2026.02.04 13:00	GBPJPY.i	H1	214.978	214.977	214.739	213.000
6782	2026.02.04 14:00	GBPJPY.i	H1	214.884	215.010	214.837	213.054
6783	2026.02.04 15:00	GBPJPY.i	H1	214.576	214.910	214.891	213.102
6784	2026.02.04 16:00	GBPJPY.i	H1	214.118	214.638	214.873	213.141
6785	2026.02.04 17:00	GBPJPY.i	H1	214.045	214.375	214.801	213.171
6786	2026.02.04 18:00	GBPJPY.i	H1	213.903	214.094	214.682	213.194
6787	2026.02.04 19:00	GBPJPY.i	H1	213.791	213.907	214.547	213.212
6788	2026.02.04 20:00	GBPJPY.i	H1	214.006	213.835	214.425	213.231
6789	2026.02.04 21:00	GBPJPY.i	H1	214.264	213.904	214.342	213.254
6790	2026.02.04 22:00	GBPJPY.i	H1	214.212	214.003	214.296	213.280
6791	2026.02.04 23:00	GBPJPY.i	H1	214.157	214.054	214.267	213.306
6792	2026.02.05 00:00	GBPJPY.i	H1	214.075	214.019	214.231	213.328
6793	2026.02.05 01:00	GBPJPY.i	H1	214.108	214.021	214.199	213.349
6794	2026.02.05 02:00	GBPJPY.i	H1	214.038	214.016	214.170	213.369
6795	2026.02.05 03:00	GBPJPY.i	H1	214.083	214.042	214.150	213.389
6796	2026.02.05 04:00	GBPJPY.i	H1	213.687	213.924	214.105	213.405
6797	2026.02.05 05:00	GBPJPY.i	H1	213.628	213.749	214.028	213.414
6798	2026.02.05 06:00	GBPJPY.i	H1	213.665	213.674	213.950	213.420
6799	2026.02.05 07:00	GBPJPY.i	H1	213.799	213.664	213.886	213.429
6800	2026.02.05 08:00	GBPJPY.i	H1	213.805	213.662	213.834	213.437
6801	2026.02.05 09:00	GBPJPY.i	H1	213.968	213.786	213.820	213.449
6802	2026.02.05 10:00	GBPJPY.i	H1	213.572	213.772	213.804	213.461
6803	2026.02.05 11:00	GBPJPY.i	H1	213.422	213.586	213.746	213.465
6804	2026.02.05 12:00	GBPJPY.i	H1	213.645	213.549	213.693	213.465
6805	2026.02.05 13:00	GBPJPY.i	H1	213.890	213.647	213.674	213.471
6806	2026.02.05 14:00	GBPJPY.i	H1	213.159	213.478	213.618	213.474
6807	2026.02.05 15:00	GBPJPY.i	H1	212.736	213.140	213.498	213.463
6808	2026.02.05 16:00	GBPJPY.i	H1	212.361	212.782	213.322	213.442
6809	2026.02.05 17:00	GBPJPY.i	H1	212.163	212.395	213.098	213.411
6810	2026.02.05 18:00	GBPJPY.i	H1	212.609	212.292	212.901	213.381
6811	2026.02.05 19:00	GBPJPY.i	H1	212.480	212.294	212.746	213.356
6812	2026.02.05 20:00	GBPJPY.i	H1	212.407	212.271	212.617	213.332
6813	2026.02.05 21:00	GBPJPY.i	H1	212.583	212.312	212.523	213.308
6814	2026.02.05 22:00	GBPJPY.i	H1	212.611	212.397	212.465	213.287
6815	2026.02.05 23:00	GBPJPY.i	H1	212.454	212.416	212.421	213.267
6816	2026.02.06 00:00	GBPJPY.i	H1	212.478	212.394	212.379	213.245
6817	2026.02.06 01:00	GBPJPY.i	H1	212.010	212.255	212.313	213.218
6818	2026.02.06 02:00	GBPJPY.i	H1	211.943	212.040	212.212	213.184
6819	2026.02.06 03:00	GBPJPY.i	H1	212.115	211.976	212.120	213.150
6820	2026.02.06 04:00	GBPJPY.i	H1	212.300	212.081	212.073	213.122
6821	2026.02.06 05:00	GBPJPY.i	H1	212.311	212.165	212.056	213.099
6822	2026.02.06 06:00	GBPJPY.i	H1	212.396	212.258	212.063	213.078
6823	2026.02.06 07:00	GBPJPY.i	H1	212.710	212.429	212.108	213.061
6824	2026.02.06 08:00	GBPJPY.i	H1	212.774	212.653	212.194	213.051
6825	2026.02.06 09:00	GBPJPY.i	H1	212.841	212.753	212.285	213.044
6826	2026.02.06 10:00	GBPJPY.i	H1	213.000	212.882	212.386	213.038
6827	2026.02.06 11:00	GBPJPY.i	H1	213.219	213.088	212.515	213.038
6828	2026.02.06 12:00	GBPJPY.i	H1	213.090	213.189	212.641	213.041
6829	2026.02.06 13:00	GBPJPY.i	H1	213.330	213.324	212.774	213.045
6830	2026.02.06 14:00	GBPJPY.i	H1	213.446	213.472	212.915	213.055
6831	2026.02.06 15:00	GBPJPY.i	H1	213.247	213.477	213.030	213.064
6832	2026.02.06 16:00	GBPJPY.i	H1	213.451	213.500	213.129	213.071
6833	2026.02.06 17:00	GBPJPY.i	H1	213.517	213.588	213.232	213.082
6834	2026.02.06 18:00	GBPJPY.i	H1	213.715	213.705	213.342	213.097
6835	2026.02.06 19:00	GBPJPY.i	H1	213.869	213.829	213.460	213.115
6836	2026.02.06 20:00	GBPJPY.i	H1	213.846	213.915	213.574	213.136
6837	2026.02.06 21:00	GBPJPY.i	H1	213.907	213.978	213.680	213.156
6838	2026.02.06 22:00	GBPJPY.i	H1	213.943	214.012	213.773	213.178
6839	2026.02.06 23:00	GBPJPY.i	H1	213.910	214.033	213.853	213.199
6840	2026.02.09 00:00	GBPJPY.i	H1	214.084	213.990	213.908	213.218
6841	2026.02.09 01:00	GBPJPY.i	H1	214.002	214.053	213.967	213.239
6842	2026.02.09 02:00	GBPJPY.i	H1	213.536	213.879	213.974	213.256
6843	2026.02.09 03:00	GBPJPY.i	H1	213.030	213.481	213.890	213.258
6844	2026.02.09 04:00	GBPJPY.i	H1	213.355	213.341	213.796	213.256
6845	2026.02.09 05:00	GBPJPY.i	H1	213.326	213.293	213.711	213.258
6846	2026.02.09 06:00	GBPJPY.i	H1	213.160	213.196	213.622	213.259
6847	2026.02.09 07:00	GBPJPY.i	H1	213.204	213.129	213.536	213.257
6848	2026.02.09 08:00	GBPJPY.i	H1	213.115	213.027	213.442	213.253
6849	2026.02.09 09:00	GBPJPY.i	H1	213.030	212.900	213.337	213.245
6850	2026.02.09 10:00	GBPJPY.i	H1	212.988	212.895	213.250	213.237
6851	2026.02.09 11:00	GBPJPY.i	H1	213.038	212.885	213.178	213.231
6852	2026.02.09 12:00	GBPJPY.i	H1	213.221	212.974	213.138	213.227
6853	2026.02.09 13:00	GBPJPY.i	H1	213.373	213.098	213.131	213.227
6854	2026.02.09 14:00	GBPJPY.i	H1	213.610	213.296	213.168	213.232
6855	2026.02.09 15:00	GBPJPY.i	H1	212.856	213.216	213.174	213.234
6856	2026.02.09 16:00	GBPJPY.i	H1	212.313	212.838	213.091	213.221
6857	2026.02.09 17:00	GBPJPY.i	H1	213.165	212.828	213.025	213.206
6858	2026.02.09 18:00	GBPJPY.i	H1	213.308	213.018	213.017	213.203
6859	2026.02.09 19:00	GBPJPY.i	H1	213.226	213.129	213.035	213.205
6860	2026.02.09 20:00	GBPJPY.i	H1	213.428	213.245	213.074	213.207
6861	2026.02.09 21:00	GBPJPY.i	H1	213.274	213.296	213.115	213.211
6862	2026.02.09 22:00	GBPJPY.i	H1	213.466	213.377	213.165	213.215
6863	2026.02.09 23:00	GBPJPY.i	H1	213.472	213.459	213.223	213.221
6864	2026.02.10 00:00	GBPJPY.i	H1	213.213	213.437	213.264	213.226
6865	2026.02.10 01:00	GBPJPY.i	H1	213.606	213.495	213.311	213.232
6866	2026.02.10 02:00	GBPJPY.i	H1	213.388	213.524	213.355	213.239
6867	2026.02.10 03:00	GBPJPY.i	H1	213.104	213.398	213.361	213.242
6868	2026.02.10 04:00	GBPJPY.i	H1	212.747	213.164	213.315	213.237
6869	2026.02.10 05:00	GBPJPY.i	H1	212.567	212.860	213.212	213.223
6870	2026.02.10 06:00	GBPJPY.i	H1	212.417	212.599	213.074	213.203
6871	2026.02.10 07:00	GBPJPY.i	H1	212.430	212.401	212.923	213.180
6872	2026.02.10 08:00	GBPJPY.i	H1	212.467	212.331	212.790	213.159
6873	2026.02.10 09:00	GBPJPY.i	H1	212.680	212.373	212.695	213.140
6874	2026.02.10 10:00	GBPJPY.i	H1	212.639	212.443	212.633	213.126
6875	2026.02.10 11:00	GBPJPY.i	H1	212.241	212.362	212.564	213.109
6876	2026.02.10 12:00	GBPJPY.i	H1	211.994	212.163	212.461	213.083
6877	2026.02.10 13:00	GBPJPY.i	H1	212.149	212.067	212.357	213.055
6878	2026.02.10 14:00	GBPJPY.i	H1	212.355	212.122	212.288	213.031
6879	2026.02.10 15:00	GBPJPY.i	H1	211.730	211.991	212.202	213.006
6880	2026.02.10 16:00	GBPJPY.i	H1	211.159	211.600	212.043	212.967
6881	2026.02.10 17:00	GBPJPY.i	H1	210.866	211.166	211.820	212.915
6882	2026.02.10 18:00	GBPJPY.i	H1	210.805	210.838	211.572	212.857
6883	2026.02.10 19:00	GBPJPY.i	H1	210.775	210.654	211.336	212.798
6884	2026.02.10 20:00	GBPJPY.i	H1	210.795	210.589	211.136	212.742
6885	2026.02.10 21:00	GBPJPY.i	H1	210.744	210.559	210.970	212.687
6886	2026.02.10 22:00	GBPJPY.i	H1	210.564	210.488	210.821	212.632
6887	2026.02.10 23:00	GBPJPY.i	H1	210.600	210.439	210.690	212.575
6888	2026.02.11 00:00	GBPJPY.i	H1	210.575	210.427	210.582	212.519
6889	2026.02.11 01:00	GBPJPY.i	H1	210.624	210.448	210.500	212.465
6890	2026.02.11 02:00	GBPJPY.i	H1	210.099	210.320	210.404	212.409
6891	2026.02.11 03:00	GBPJPY.i	H1	210.089	210.151	210.290	212.347
6892	2026.02.11 04:00	GBPJPY.i	H1	209.802	209.975	210.161	212.281
6893	2026.02.11 05:00	GBPJPY.i	H1	209.842	209.861	210.036	212.215
6894	2026.02.11 06:00	GBPJPY.i	H1	209.414	209.653	209.891	212.145
6895	2026.02.11 07:00	GBPJPY.i	H1	209.197	209.397	209.721	212.070
6896	2026.02.11 08:00	GBPJPY.i	H1	209.343	209.228	209.550	211.991
6897	2026.02.11 09:00	GBPJPY.i	H1	209.351	209.217	209.416	211.917
6898	2026.02.11 10:00	GBPJPY.i	H1	209.685	209.318	209.335	211.849
6899	2026.02.11 11:00	GBPJPY.i	H1	209.820	209.526	209.318	211.789
6900	2026.02.11 12:00	GBPJPY.i	H1	210.126	209.754	209.356	211.737
6901	2026.02.11 13:00	GBPJPY.i	H1	210.145	209.971	209.434	211.691
6902	2026.02.11 14:00	GBPJPY.i	H1	210.119	210.101	209.524	211.648
6903	2026.02.11 15:00	GBPJPY.i	H1	209.844	209.952	209.562	211.600
6904	2026.02.11 16:00	GBPJPY.i	H1	209.524	209.852	209.573	211.546
6905	2026.02.11 17:00	GBPJPY.i	H1	209.428	209.658	209.542	211.490
6906	2026.02.11 18:00	GBPJPY.i	H1	208.785	209.343	209.451	211.427
6907	2026.02.11 19:00	GBPJPY.i	H1	208.721	208.982	209.303	211.355
6908	2026.02.11 20:00	GBPJPY.i	H1	208.285	208.627	209.111	211.277
6909	2026.02.11 21:00	GBPJPY.i	H1	208.498	208.429	208.921	211.197
6910	2026.02.11 22:00	GBPJPY.i	H1	208.695	208.436	208.776	211.124
6911	2026.02.11 23:00	GBPJPY.i	H1	208.851	208.536	208.686	211.057
6912	2026.02.12 00:00	GBPJPY.i	H1	208.571	208.511	208.608	210.992
6913	2026.02.12 01:00	GBPJPY.i	H1	208.793	208.566	208.558	210.927
6914	2026.02.12 02:00	GBPJPY.i	H1	208.709	208.632	208.533	210.867
6915	2026.02.12 03:00	GBPJPY.i	H1	208.491	208.572	208.499	210.805
6916	2026.02.12 04:00	GBPJPY.i	H1	207.986	208.353	208.422	210.737
6917	2026.02.12 05:00	GBPJPY.i	H1	207.963	208.080	208.300	210.661
6918	2026.02.12 06:00	GBPJPY.i	H1	208.256	208.028	208.196	210.587
6919	2026.02.12 07:00	GBPJPY.i	H1	208.555	208.189	208.154	210.523
6920	2026.02.12 08:00	GBPJPY.i	H1	208.742	208.409	208.171	210.469
6921	2026.02.12 09:00	GBPJPY.i	H1	208.621	208.510	208.206	210.418
6922	2026.02.12 10:00	GBPJPY.i	H1	208.532	208.539	208.240	210.366
6923	2026.02.12 11:00	GBPJPY.i	H1	208.708	208.630	208.288	210.317
6924	2026.02.12 12:00	GBPJPY.i	H1	208.821	208.720	208.348	210.273
6925	2026.02.12 13:00	GBPJPY.i	H1	209.256	208.953	208.451	210.235
6926	2026.02.12 14:00	GBPJPY.i	H1	209.431	209.228	208.596	210.208
6927	2026.02.12 15:00	GBPJPY.i	H1	209.203	209.349	208.738	210.184
6928	2026.02.12 16:00	GBPJPY.i	H1	209.090	209.315	208.844	210.156
6929	2026.02.12 17:00	GBPJPY.i	H1	208.417	209.051	208.870	210.120
6930	2026.02.12 18:00	GBPJPY.i	H1	208.086	208.590	208.791	210.071
6931	2026.02.12 19:00	GBPJPY.i	H1	208.170	208.322	208.674	210.015
6932	2026.02.12 20:00	GBPJPY.i	H1	208.231	208.178	208.556	209.963
6933	2026.02.12 21:00	GBPJPY.i	H1	208.308	208.166	208.464	209.914
6934	2026.02.12 22:00	GBPJPY.i	H1	207.977	208.075	208.371	209.867
6935	2026.02.12 23:00	GBPJPY.i	H1	208.045	208.006	208.283	209.817
6936	2026.02.13 00:00	GBPJPY.i	H1	207.889	207.907	208.190	209.766
6937	2026.02.13 01:00	GBPJPY.i	H1	208.064	207.907	208.117	209.716
6938	2026.02.13 02:00	GBPJPY.i	H1	208.085	207.965	208.071	209.670
6939	2026.02.13 03:00	GBPJPY.i	H1	208.698	208.202	208.088	209.633
6940	2026.02.13 04:00	GBPJPY.i	H1	208.598	208.401	208.143	209.603
6941	2026.02.13 05:00	GBPJPY.i	H1	208.242	208.396	208.183	209.572
6942	2026.02.13 06:00	GBPJPY.i	H1	208.599	208.439	208.223	209.539
6943	2026.02.13 07:00	GBPJPY.i	H1	208.527	208.497	208.268	209.509
6944	2026.02.13 08:00	GBPJPY.i	H1	208.646	208.545	208.315	209.482
6945	2026.02.13 09:00	GBPJPY.i	H1	208.852	208.697	208.388	209.459
6946	2026.02.13 10:00	GBPJPY.i	H1	209.219	208.946	208.503	209.445
6947	2026.02.13 11:00	GBPJPY.i	H1	209.111	209.123	208.634	209.437
6948	2026.02.13 12:00	GBPJPY.i	H1	209.129	209.211	208.757	209.429
