No	TimeStamp	Symbol	Timeframe	Close	Tema	Hrma	Smma
0	2025.01.02 00:00	GBPUSD.i	H1	1.25132			
1	2025.01.02 01:00	GBPUSD.i	H1	1.25195			
2	2025.01.02 02:00	GBPUSD.i	H1	1.25163			
3	2025.01.02 03:00	GBPUSD.i	H1	1.25200			
4	2025.01.02 04:00	GBPUSD.i	H1	1.25335			
5	2025.01.02 05:00	GBPUSD.i	H1	1.25363			
6	2025.01.02 06:00	GBPUSD.i	H1	1.25343			
7	2025.01.02 07:00	GBPUSD.i	H1	1.25324			
8	2025.01.02 08:00	GBPUSD.i	H1	1.25293			
9	2025.01.02 09:00	GBPUSD.i	H1	1.25216			
10	2025.01.02 10:00	GBPUSD.i	H1	1.24982			
11	2025.01.02 11:00	GBPUSD.i	H1	1.24824			
12	2025.01.02 12:00	GBPUSD.i	H1	1.24465			
13	2025.01.02 13:00	GBPUSD.i	H1	1.24535			
14	2025.01.02 14:00	GBPUSD.i	H1	1.24200			
15	2025.01.02 15:00	GBPUSD.i	H1	1.24040			
16	2025.01.02 16:00	GBPUSD.i	H1	1.24001			
17	2025.01.02 17:00	GBPUSD.i	H1	1.23750		1.24373	
18	2025.01.02 18:00	GBPUSD.i	H1	1.23744		1.24200	
19	2025.01.02 19:00	GBPUSD.i	H1	1.23721		1.24046	
20	2025.01.02 20:00	GBPUSD.i	H1	1.23692		1.23915	
21	2025.01.02 21:00	GBPUSD.i	H1	1.23689		1.23809	
22	2025.01.02 22:00	GBPUSD.i	H1	1.23782		1.23734	
23	2025.01.02 23:00	GBPUSD.i	H1	1.23690		1.23678	
24	2025.01.03 00:00	GBPUSD.i	H1	1.23801	1.23616	1.23638	
25	2025.01.03 01:00	GBPUSD.i	H1	1.23796	1.23672	1.23617	
26	2025.01.03 02:00	GBPUSD.i	H1	1.23866	1.23739	1.23613	
27	2025.01.03 03:00	GBPUSD.i	H1	1.23852	1.23795	1.23622	
28	2025.01.03 04:00	GBPUSD.i	H1	1.23910	1.23849	1.23640	
29	2025.01.03 05:00	GBPUSD.i	H1	1.23942	1.23907	1.23667	
30	2025.01.03 06:00	GBPUSD.i	H1	1.23938	1.23940	1.23697	
31	2025.01.03 07:00	GBPUSD.i	H1	1.23953	1.23959	1.23726	
32	2025.01.03 08:00	GBPUSD.i	H1	1.24040	1.24007	1.23762	
33	2025.01.03 09:00	GBPUSD.i	H1	1.23995	1.24020	1.23794	
34	2025.01.03 10:00	GBPUSD.i	H1	1.23937	1.24022	1.23823	
35	2025.01.03 11:00	GBPUSD.i	H1	1.24058	1.24060	1.23856	
36	2025.01.03 12:00	GBPUSD.i	H1	1.23923	1.24034	1.23878	
37	2025.01.03 13:00	GBPUSD.i	H1	1.24068	1.24061	1.23903	1.27788
38	2025.01.03 14:00	GBPUSD.i	H1	1.24065	1.24086	1.23932	1.27685
39	2025.01.03 15:00	GBPUSD.i	H1	1.24015	1.24084	1.23955	1.27584
40	2025.01.03 16:00	GBPUSD.i	H1	1.24115	1.24089	1.23976	1.27486
41	2025.01.03 17:00	GBPUSD.i	H1	1.24046	1.24075	1.23991	1.27390
42	2025.01.03 18:00	GBPUSD.i	H1	1.24174	1.24111	1.24012	1.27298
43	2025.01.03 19:00	GBPUSD.i	H1	1.24184	1.24173	1.24044	1.27211
44	2025.01.03 20:00	GBPUSD.i	H1	1.24201	1.24207	1.24078	1.27128
45	2025.01.03 21:00	GBPUSD.i	H1	1.24276	1.24255	1.24116	1.27048
46	2025.01.03 22:00	GBPUSD.i	H1	1.24266	1.24290	1.24154	1.26971
47	2025.01.03 23:00	GBPUSD.i	H1	1.24067	1.24240	1.24174	1.26894
48	2025.01.06 00:00	GBPUSD.i	H1	1.24164	1.24212	1.24184	1.26818
49	2025.01.06 01:00	GBPUSD.i	H1	1.24245	1.24239	1.24199	1.26745
50	2025.01.06 02:00	GBPUSD.i	H1	1.24297	1.24259	1.24216	1.26676
51	2025.01.06 03:00	GBPUSD.i	H1	1.24351	1.24304	1.24240	1.26610
52	2025.01.06 04:00	GBPUSD.i	H1	1.24393	1.24354	1.24271	1.26548
53	2025.01.06 05:00	GBPUSD.i	H1	1.24356	1.24372	1.24299	1.26487
54	2025.01.06 06:00	GBPUSD.i	H1	1.24374	1.24382	1.24323	1.26428
55	2025.01.06 07:00	GBPUSD.i	H1	1.24362	1.24397	1.24346	1.26371
56	2025.01.06 08:00	GBPUSD.i	H1	1.24430	1.24420	1.24369	1.26316
57	2025.01.06 09:00	GBPUSD.i	H1	1.24526	1.24467	1.24399	1.26265
58	2025.01.06 10:00	GBPUSD.i	H1	1.24803	1.24604	1.24453	1.26219
59	2025.01.06 11:00	GBPUSD.i	H1	1.24755	1.24725	1.24523	1.26178
60	2025.01.06 12:00	GBPUSD.i	H1	1.24634	1.24741	1.24580	1.26138
61	2025.01.06 13:00	GBPUSD.i	H1	1.25436	1.24976	1.24680	1.26104
62	2025.01.06 14:00	GBPUSD.i	H1	1.25352	1.25224	1.24814	1.26081
63	2025.01.06 15:00	GBPUSD.i	H1	1.25342	1.25356	1.24948	1.26061
64	2025.01.06 16:00	GBPUSD.i	H1	1.25119	1.25288	1.25038	1.26037
65	2025.01.06 17:00	GBPUSD.i	H1	1.25080	1.25233	1.25097	1.26010
66	2025.01.06 18:00	GBPUSD.i	H1	1.25263	1.25264	1.25153	1.25986
67	2025.01.06 19:00	GBPUSD.i	H1	1.25179	1.25244	1.25194	1.25963
68	2025.01.06 20:00	GBPUSD.i	H1	1.25078	1.25203	1.25218	1.25940
69	2025.01.06 21:00	GBPUSD.i	H1	1.25124	1.25166	1.25229	1.25917
70	2025.01.06 22:00	GBPUSD.i	H1	1.25192	1.25175	1.25241	1.25896
71	2025.01.06 23:00	GBPUSD.i	H1	1.25110	1.25167	1.25249	1.25875
72	2025.01.07 00:00	GBPUSD.i	H1	1.25167	1.25156	1.25252	1.25855
73	2025.01.07 01:00	GBPUSD.i	H1	1.25096	1.25137	1.25250	1.25835
74	2025.01.07 02:00	GBPUSD.i	H1	1.25126	1.25114	1.25242	1.25815
75	2025.01.07 03:00	GBPUSD.i	H1	1.25193	1.25128	1.25238	1.25796
76	2025.01.07 04:00	GBPUSD.i	H1	1.25199	1.25158	1.25241	1.25779
77	2025.01.07 05:00	GBPUSD.i	H1	1.25327	1.25211	1.25253	1.25764
78	2025.01.07 06:00	GBPUSD.i	H1	1.25312	1.25265	1.25274	1.25751
79	2025.01.07 07:00	GBPUSD.i	H1	1.25377	1.25321	1.25302	1.25740
80	2025.01.07 08:00	GBPUSD.i	H1	1.25375	1.25369	1.25332	1.25730
81	2025.01.07 09:00	GBPUSD.i	H1	1.25523	1.25452	1.25374	1.25722
82	2025.01.07 10:00	GBPUSD.i	H1	1.25612	1.25503	1.25418	1.25716
83	2025.01.07 11:00	GBPUSD.i	H1	1.25635	1.25605	1.25474	1.25713
84	2025.01.07 12:00	GBPUSD.i	H1	1.25588	1.25637	1.25525	1.25710
85	2025.01.07 13:00	GBPUSD.i	H1	1.25397	1.25571	1.25549	1.25705
86	2025.01.07 14:00	GBPUSD.i	H1	1.25266	1.25462	1.25543	1.25696
87	2025.01.07 15:00	GBPUSD.i	H1	1.25423	1.25422	1.25531	1.25687
88	2025.01.07 16:00	GBPUSD.i	H1	1.25297	1.25374	1.25510	1.25678
89	2025.01.07 17:00	GBPUSD.i	H1	1.24966	1.25189	1.25452	1.25664
90	2025.01.07 18:00	GBPUSD.i	H1	1.24966	1.25039	1.25372	1.25645
91	2025.01.07 19:00	GBPUSD.i	H1	1.25001	1.24968	1.25294	1.25626
92	2025.01.07 20:00	GBPUSD.i	H1	1.24884	1.24897	1.25216	1.25607
93	2025.01.07 21:00	GBPUSD.i	H1	1.24903	1.24852	1.25143	1.25588
94	2025.01.07 22:00	GBPUSD.i	H1	1.24804	1.24796	1.25071	1.25568
95	2025.01.07 23:00	GBPUSD.i	H1	1.24723	1.24727	1.24997	1.25547
96	2025.01.08 00:00	GBPUSD.i	H1	1.24760	1.24689	1.24929	1.25524
97	2025.01.08 01:00	GBPUSD.i	H1	1.24757	1.24678	1.24871	1.25503
98	2025.01.08 02:00	GBPUSD.i	H1	1.24782	1.24697	1.24827	1.25483
99	2025.01.08 03:00	GBPUSD.i	H1	1.24851	1.24730	1.24799	1.25464
100	2025.01.08 04:00	GBPUSD.i	H1	1.24861	1.24776	1.24786	1.25446
101	2025.01.08 05:00	GBPUSD.i	H1	1.24785	1.24786	1.24776	1.25430
102	2025.01.08 06:00	GBPUSD.i	H1	1.24819	1.24795	1.24769	1.25412
103	2025.01.08 07:00	GBPUSD.i	H1	1.24882	1.24822	1.24769	1.25396
104	2025.01.08 08:00	GBPUSD.i	H1	1.24899	1.24860	1.24777	1.25382
105	2025.01.08 09:00	GBPUSD.i	H1	1.24683	1.24808	1.24772	1.25366
106	2025.01.08 10:00	GBPUSD.i	H1	1.24414	1.24666	1.24735	1.25346
107	2025.01.08 11:00	GBPUSD.i	H1	1.24502	1.24561	1.24684	1.25322
108	2025.01.08 12:00	GBPUSD.i	H1	1.24474	1.24493	1.24630	1.25299
109	2025.01.08 13:00	GBPUSD.i	H1	1.23730	1.24135	1.24506	1.25266
110	2025.01.08 14:00	GBPUSD.i	H1	1.23367	1.23731	1.24318	1.25221
111	2025.01.08 15:00	GBPUSD.i	H1	1.23564	1.23499	1.24120	1.25172
112	2025.01.08 16:00	GBPUSD.i	H1	1.23271	1.23336	1.23929	1.25123
113	2025.01.08 17:00	GBPUSD.i	H1	1.23431	1.23260	1.23761	1.25075
114	2025.01.08 18:00	GBPUSD.i	H1	1.23656	1.23306	1.23639	1.25031
115	2025.01.08 19:00	GBPUSD.i	H1	1.23459	1.23327	1.23544	1.24990
116	2025.01.08 20:00	GBPUSD.i	H1	1.23578	1.23385	1.23481	1.24949
117	2025.01.08 21:00	GBPUSD.i	H1	1.23573	1.23465	1.23446	1.24912
118	2025.01.08 22:00	GBPUSD.i	H1	1.23626	1.23507	1.23425	1.24876
119	2025.01.08 23:00	GBPUSD.i	H1	1.23565	1.23542	1.23416	1.24840
120	2025.01.09 00:00	GBPUSD.i	H1	1.23627	1.23575	1.23415	1.24806
121	2025.01.09 01:00	GBPUSD.i	H1	1.23582	1.23592	1.23418	1.24772
122	2025.01.09 02:00	GBPUSD.i	H1	1.23562	1.23581	1.23419	1.24739
123	2025.01.09 03:00	GBPUSD.i	H1	1.23591	1.23595	1.23424	1.24707
124	2025.01.09 04:00	GBPUSD.i	H1	1.23603	1.23615	1.23435	1.24676
125	2025.01.09 05:00	GBPUSD.i	H1	1.23439	1.23572	1.23435	1.24645
126	2025.01.09 06:00	GBPUSD.i	H1	1.23344	1.23482	1.23416	1.24611
127	2025.01.09 07:00	GBPUSD.i	H1	1.23315	1.23410	1.23387	1.24576
128	2025.01.09 08:00	GBPUSD.i	H1	1.22946	1.23232	1.23327	1.24538
129	2025.01.09 09:00	GBPUSD.i	H1	1.22587	1.22961	1.23220	1.24493
130	2025.01.09 10:00	GBPUSD.i	H1	1.22877	1.22797	1.23101	1.24444
131	2025.01.09 11:00	GBPUSD.i	H1	1.22817	1.22775	1.23006	1.24398
132	2025.01.09 12:00	GBPUSD.i	H1	1.22850	1.22714	1.22918	1.24354
133	2025.01.09 13:00	GBPUSD.i	H1	1.22890	1.22741	1.22855	1.24312
134	2025.01.09 14:00	GBPUSD.i	H1	1.22935	1.22762	1.22810	1.24272
135	2025.01.09 15:00	GBPUSD.i	H1	1.23005	1.22869	1.22799	1.24235
136	2025.01.09 16:00	GBPUSD.i	H1	1.23138	1.22963	1.22810	1.24202
137	2025.01.09 17:00	GBPUSD.i	H1	1.23031	1.23012	1.22829	1.24171
138	2025.01.09 18:00	GBPUSD.i	H1	1.23010	1.23006	1.22842	1.24138
139	2025.01.09 19:00	GBPUSD.i	H1	1.23013	1.23035	1.22860	1.24107
140	2025.01.09 20:00	GBPUSD.i	H1	1.23062	1.23052	1.22879	1.24077
141	2025.01.09 21:00	GBPUSD.i	H1	1.23087	1.23084	1.22902	1.24049
142	2025.01.09 22:00	GBPUSD.i	H1	1.23105	1.23115	1.22929	1.24023
143	2025.01.09 23:00	GBPUSD.i	H1	1.23056	1.23113	1.22951	1.23997
144	2025.01.10 00:00	GBPUSD.i	H1	1.23097	1.23108	1.22969	1.23971
145	2025.01.10 01:00	GBPUSD.i	H1	1.22983	1.23081	1.22978	1.23945
146	2025.01.10 02:00	GBPUSD.i	H1	1.22972	1.23045	1.22980	1.23919
147	2025.01.10 03:00	GBPUSD.i	H1	1.23035	1.23039	1.22981	1.23894
148	2025.01.10 04:00	GBPUSD.i	H1	1.23052	1.23045	1.22985	1.23870
149	2025.01.10 05:00	GBPUSD.i	H1	1.23009	1.23038	1.22988	1.23847
150	2025.01.10 06:00	GBPUSD.i	H1	1.22935	1.23003	1.22983	1.23823
151	2025.01.10 07:00	GBPUSD.i	H1	1.22758	1.22913	1.22960	1.23797
152	2025.01.10 08:00	GBPUSD.i	H1	1.22680	1.22809	1.22919	1.23768
153	2025.01.10 09:00	GBPUSD.i	H1	1.22906	1.22803	1.22887	1.23741
154	2025.01.10 10:00	GBPUSD.i	H1	1.22885	1.22843	1.22871	1.23717
155	2025.01.10 11:00	GBPUSD.i	H1	1.23022	1.22900	1.22872	1.23696
156	2025.01.10 12:00	GBPUSD.i	H1	1.22952	1.22927	1.22879	1.23676
157	2025.01.10 13:00	GBPUSD.i	H1	1.23027	1.22958	1.22890	1.23656
158	2025.01.10 14:00	GBPUSD.i	H1	1.23159	1.23041	1.22918	1.23639
159	2025.01.10 15:00	GBPUSD.i	H1	1.22315	1.22784	1.22881	1.23616
160	2025.01.10 16:00	GBPUSD.i	H1	1.22436	1.22575	1.22805	1.23583
161	2025.01.10 17:00	GBPUSD.i	H1	1.22298	1.22443	1.22717	1.23550
162	2025.01.10 18:00	GBPUSD.i	H1	1.22122	1.22240	1.22603	1.23514
163	2025.01.10 19:00	GBPUSD.i	H1	1.22220	1.22154	1.22495	1.23477
164	2025.01.10 20:00	GBPUSD.i	H1	1.22132	1.22084	1.22395	1.23440
165	2025.01.10 21:00	GBPUSD.i	H1	1.22102	1.22033	1.22303	1.23404
166	2025.01.10 22:00	GBPUSD.i	H1	1.22088	1.21996	1.22222	1.23367
167	2025.01.10 23:00	GBPUSD.i	H1	1.21928	1.21948	1.22146	1.23330
168	2025.01.13 00:00	GBPUSD.i	H1	1.22076	1.21947	1.22084	1.23294
169	2025.01.13 01:00	GBPUSD.i	H1	1.22041	1.21959	1.22037	1.23259
170	2025.01.13 02:00	GBPUSD.i	H1	1.22013	1.21953	1.21998	1.23225
171	2025.01.13 03:00	GBPUSD.i	H1	1.21911	1.21932	1.21961	1.23190
172	2025.01.13 04:00	GBPUSD.i	H1	1.21811	1.21872	1.21917	1.23154
173	2025.01.13 05:00	GBPUSD.i	H1	1.21429	1.21690	1.21842	1.23114
174	2025.01.13 06:00	GBPUSD.i	H1	1.21391	1.21513	1.21743	1.23068
175	2025.01.13 07:00	GBPUSD.i	H1	1.21470	1.21419	1.21645	1.23022
176	2025.01.13 08:00	GBPUSD.i	H1	1.21432	1.21399	1.21564	1.22979
177	2025.01.13 09:00	GBPUSD.i	H1	1.21380	1.21349	1.21490	1.22936
178	2025.01.13 10:00	GBPUSD.i	H1	1.21358	1.21370	1.21436	1.22894
179	2025.01.13 11:00	GBPUSD.i	H1	1.21065	1.21247	1.21365	1.22851
180	2025.01.13 12:00	GBPUSD.i	H1	1.21315	1.21205	1.21301	1.22805
181	2025.01.13 13:00	GBPUSD.i	H1	1.21101	1.21162	1.21240	1.22761
182	2025.01.13 14:00	GBPUSD.i	H1	1.21229	1.21141	1.21188	1.22717
183	2025.01.13 15:00	GBPUSD.i	H1	1.21417	1.21219	1.21165	1.22677
184	2025.01.13 16:00	GBPUSD.i	H1	1.21504	1.21321	1.21170	1.22641
185	2025.01.13 17:00	GBPUSD.i	H1	1.21515	1.21413	1.21195	1.22609
186	2025.01.13 18:00	GBPUSD.i	H1	1.21554	1.21501	1.21234	1.22579
187	2025.01.13 19:00	GBPUSD.i	H1	1.21737	1.21615	1.21292	1.22552
188	2025.01.13 20:00	GBPUSD.i	H1	1.21795	1.21720	1.21362	1.22529
189	2025.01.13 21:00	GBPUSD.i	H1	1.21671	1.21758	1.21426	1.22507
190	2025.01.13 22:00	GBPUSD.i	H1	1.21760	1.21791	1.21486	1.22485
191	2025.01.13 23:00	GBPUSD.i	H1	1.21951	1.21892	1.21559	1.22467
192	2025.01.14 00:00	GBPUSD.i	H1	1.22341	1.22105	1.21667	1.22456
193	2025.01.14 01:00	GBPUSD.i	H1	1.22317	1.22280	1.21793	1.22451
194	2025.01.14 02:00	GBPUSD.i	H1	1.22107	1.22300	1.21898	1.22445
195	2025.01.14 03:00	GBPUSD.i	H1	1.22114	1.22269	1.21975	1.22436
196	2025.01.14 04:00	GBPUSD.i	H1	1.22021	1.22199	1.22023	1.22426
197	2025.01.14 05:00	GBPUSD.i	H1	1.22090	1.22179	1.22060	1.22416
198	2025.01.14 06:00	GBPUSD.i	H1	1.22097	1.22160	1.22088	1.22407
199	2025.01.14 07:00	GBPUSD.i	H1	1.22024	1.22120	1.22102	1.22397
200	2025.01.14 08:00	GBPUSD.i	H1	1.22136	1.22118	1.22115	1.22388
201	2025.01.14 09:00	GBPUSD.i	H1	1.22103	1.22137	1.22132	1.22381
202	2025.01.14 10:00	GBPUSD.i	H1	1.22131	1.22184	1.22156	1.22375
203	2025.01.14 11:00	GBPUSD.i	H1	1.21783	1.22051	1.22144	1.22366
204	2025.01.14 12:00	GBPUSD.i	H1	1.21874	1.21937	1.22109	1.22352
205	2025.01.14 13:00	GBPUSD.i	H1	1.21765	1.21849	1.22062	1.22337
206	2025.01.14 14:00	GBPUSD.i	H1	1.21637	1.21726	1.21998	1.22321
207	2025.01.14 15:00	GBPUSD.i	H1	1.21533	1.21613	1.21922	1.22301
208	2025.01.14 16:00	GBPUSD.i	H1	1.21561	1.21550	1.21847	1.22281
209	2025.01.14 17:00	GBPUSD.i	H1	1.22002	1.21654	1.21812	1.22265
210	2025.01.14 18:00	GBPUSD.i	H1	1.21853	1.21754	1.21804	1.22255
211	2025.01.14 19:00	GBPUSD.i	H1	1.21854	1.21765	1.21798	1.22244
212	2025.01.14 20:00	GBPUSD.i	H1	1.22065	1.21869	1.21816	1.22234
213	2025.01.14 21:00	GBPUSD.i	H1	1.21993	1.21948	1.21845	1.22228
214	2025.01.14 22:00	GBPUSD.i	H1	1.22048	1.22002	1.21879	1.22222
215	2025.01.14 23:00	GBPUSD.i	H1	1.22066	1.22062	1.21919	1.22218
216	2025.01.15 00:00	GBPUSD.i	H1	1.22123	1.22105	1.21959	1.22214
217	2025.01.15 01:00	GBPUSD.i	H1	1.22107	1.22127	1.21995	1.22211
218	2025.01.15 02:00	GBPUSD.i	H1	1.22027	1.22110	1.22020	1.22207
219	2025.01.15 03:00	GBPUSD.i	H1	1.21996	1.22087	1.22035	1.22203
220	2025.01.15 04:00	GBPUSD.i	H1	1.21962	1.22038	1.22037	1.22197
221	2025.01.15 05:00	GBPUSD.i	H1	1.22035	1.22028	1.22037	1.22191
222	2025.01.15 06:00	GBPUSD.i	H1	1.22038	1.22028	1.22038	1.22186
223	2025.01.15 07:00	GBPUSD.i	H1	1.21994	1.22023	1.22038	1.22181
224	2025.01.15 08:00	GBPUSD.i	H1	1.21981	1.22007	1.22035	1.22177
225	2025.01.15 09:00	GBPUSD.i	H1	1.22339	1.22056	1.22044	1.22173
226	2025.01.15 10:00	GBPUSD.i	H1	1.22063	1.22113	1.22063	1.22172
227	2025.01.15 11:00	GBPUSD.i	H1	1.22183	1.22140	1.22084	1.22172
228	2025.01.15 12:00	GBPUSD.i	H1	1.22271	1.22202	1.22115	1.22172
229	2025.01.15 13:00	GBPUSD.i	H1	1.22245	1.22242	1.22148	1.22174
230	2025.01.15 14:00	GBPUSD.i	H1	1.22135	1.22206	1.22165	1.22175
231	2025.01.15 15:00	GBPUSD.i	H1	1.22975	1.22466	1.22238	1.22182
232	2025.01.15 16:00	GBPUSD.i	H1	1.22672	1.22661	1.22340	1.22198
233	2025.01.15 17:00	GBPUSD.i	H1	1.22581	1.22684	1.22423	1.22211
234	2025.01.15 18:00	GBPUSD.i	H1	1.22118	1.22503	1.22447	1.22217
235	2025.01.15 19:00	GBPUSD.i	H1	1.22146	1.22362	1.22435	1.22216
236	2025.01.15 20:00	GBPUSD.i	H1	1.22285	1.22298	1.22414	1.22216
237	2025.01.15 21:00	GBPUSD.i	H1	1.22306	1.22283	1.22396	1.22217
238	2025.01.15 22:00	GBPUSD.i	H1	1.22429	1.22323	1.22391	1.22220
239	2025.01.15 23:00	GBPUSD.i	H1	1.22303	1.22326	1.22388	1.22224
240	2025.01.16 00:00	GBPUSD.i	H1	1.22376	1.22341	1.22388	1.22228
241	2025.01.16 01:00	GBPUSD.i	H1	1.22422	1.22366	1.22394	1.22232
242	2025.01.16 02:00	GBPUSD.i	H1	1.22455	1.22391	1.22403	1.22237
243	2025.01.16 03:00	GBPUSD.i	H1	1.22285	1.22367	1.22403	1.22241
244	2025.01.16 04:00	GBPUSD.i	H1	1.22229	1.22310	1.22390	1.22243
245	2025.01.16 05:00	GBPUSD.i	H1	1.22260	1.22271	1.22371	1.22243
246	2025.01.16 06:00	GBPUSD.i	H1	1.22179	1.22232	1.22347	1.22243
247	2025.01.16 07:00	GBPUSD.i	H1	1.22088	1.22159	1.22311	1.22240
248	2025.01.16 08:00	GBPUSD.i	H1	1.22203	1.22141	1.22278	1.22238
249	2025.01.16 09:00	GBPUSD.i	H1	1.22187	1.22125	1.22248	1.22235
250	2025.01.16 10:00	GBPUSD.i	H1	1.22052	1.22084	1.22214	1.22232
251	2025.01.16 11:00	GBPUSD.i	H1	1.21976	1.22021	1.22173	1.22227
252	2025.01.16 12:00	GBPUSD.i	H1	1.22023	1.21993	1.22133	1.22221
253	2025.01.16 13:00	GBPUSD.i	H1	1.22097	1.22011	1.22106	1.22216
254	2025.01.16 14:00	GBPUSD.i	H1	1.21971	1.21987	1.22078	1.22211
255	2025.01.16 15:00	GBPUSD.i	H1	1.21971	1.21931	1.22042	1.22204
256	2025.01.16 16:00	GBPUSD.i	H1	1.21975	1.21906	1.22007	1.22196
257	2025.01.16 17:00	GBPUSD.i	H1	1.22343	1.22032	1.22009	1.22192
258	2025.01.16 18:00	GBPUSD.i	H1	1.22426	1.22191	1.22045	1.22195
259	2025.01.16 19:00	GBPUSD.i	H1	1.22366	1.22330	1.22104	1.22200
260	2025.01.16 20:00	GBPUSD.i	H1	1.22324	1.22374	1.22158	1.22206
261	2025.01.16 21:00	GBPUSD.i	H1	1.22353	1.22395	1.22205	1.22210
262	2025.01.16 22:00	GBPUSD.i	H1	1.22306	1.22388	1.22241	1.22213
263	2025.01.16 23:00	GBPUSD.i	H1	1.22357	1.22389	1.22271	1.22216
264	2025.01.17 00:00	GBPUSD.i	H1	1.22355	1.22390	1.22295	1.22220
265	2025.01.17 01:00	GBPUSD.i	H1	1.22344	1.22388	1.22315	1.22223
266	2025.01.17 02:00	GBPUSD.i	H1	1.22359	1.22386	1.22332	1.22227
267	2025.01.17 03:00	GBPUSD.i	H1	1.22327	1.22372	1.22342	1.22230
268	2025.01.17 04:00	GBPUSD.i	H1	1.22333	1.22377	1.22353	1.22234
269	2025.01.17 05:00	GBPUSD.i	H1	1.22331	1.22361	1.22358	1.22237
270	2025.01.17 06:00	GBPUSD.i	H1	1.22201	1.22307	1.22350	1.22238
271	2025.01.17 07:00	GBPUSD.i	H1	1.22171	1.22238	1.22329	1.22237
272	2025.01.17 08:00	GBPUSD.i	H1	1.22163	1.22175	1.22299	1.22235
273	2025.01.17 09:00	GBPUSD.i	H1	1.21742	1.21984	1.22231	1.22228
274	2025.01.17 10:00	GBPUSD.i	H1	1.21900	1.21892	1.22158	1.22217
275	2025.01.17 11:00	GBPUSD.i	H1	1.21959	1.21870	1.22096	1.22209
276	2025.01.17 12:00	GBPUSD.i	H1	1.21995	1.21900	1.22054	1.22202
277	2025.01.17 13:00	GBPUSD.i	H1	1.21962	1.21930	1.22026	1.22197
278	2025.01.17 14:00	GBPUSD.i	H1	1.21870	1.21890	1.21994	1.22190
279	2025.01.17 15:00	GBPUSD.i	H1	1.21819	1.21845	1.21957	1.22181
280	2025.01.17 16:00	GBPUSD.i	H1	1.21940	1.21822	1.21921	1.22172
281	2025.01.17 17:00	GBPUSD.i	H1	1.21980	1.21914	1.21914	1.22165
282	2025.01.17 18:00	GBPUSD.i	H1	1.21789	1.21874	1.21898	1.22159
283	2025.01.17 19:00	GBPUSD.i	H1	1.21731	1.21800	1.21868	1.22149
284	2025.01.17 20:00	GBPUSD.i	H1	1.21742	1.21763	1.21836	1.22138
285	2025.01.17 21:00	GBPUSD.i	H1	1.21682	1.21719	1.21800	1.22127
286	2025.01.17 22:00	GBPUSD.i	H1	1.21702	1.21692	1.21766	1.22115
287	2025.01.17 23:00	GBPUSD.i	H1	1.21606	1.21648	1.21730	1.22103
288	2025.01.20 00:00	GBPUSD.i	H1	1.21734	1.21665	1.21705	1.22091
289	2025.01.20 01:00	GBPUSD.i	H1	1.21751	1.21671	1.21687	1.22081
290	2025.01.20 02:00	GBPUSD.i	H1	1.21851	1.21733	1.21687	1.22072
291	2025.01.20 03:00	GBPUSD.i	H1	1.21921	1.21803	1.21702	1.22065
292	2025.01.20 04:00	GBPUSD.i	H1	1.21932	1.21865	1.21727	1.22061
293	2025.01.20 05:00	GBPUSD.i	H1	1.22048	1.21951	1.21767	1.22058
294	2025.01.20 06:00	GBPUSD.i	H1	1.22071	1.22024	1.21815	1.22057
295	2025.01.20 07:00	GBPUSD.i	H1	1.22102	1.22091	1.21868	1.22058
296	2025.01.20 08:00	GBPUSD.i	H1	1.22161	1.22147	1.21922	1.22059
297	2025.01.20 09:00	GBPUSD.i	H1	1.22159	1.22178	1.21973	1.22061
298	2025.01.20 10:00	GBPUSD.i	H1	1.21936	1.22127	1.22003	1.22062
299	2025.01.20 11:00	GBPUSD.i	H1	1.21778	1.21989	1.21996	1.22057
300	2025.01.20 12:00	GBPUSD.i	H1	1.21900	1.21935	1.21980	1.22051
301	2025.01.20 13:00	GBPUSD.i	H1	1.22057	1.21965	1.21978	1.22048
302	2025.01.20 14:00	GBPUSD.i	H1	1.21981	1.21969	1.21977	1.22047
303	2025.01.20 15:00	GBPUSD.i	H1	1.22985	1.22278	1.22048	1.22053
304	2025.01.20 16:00	GBPUSD.i	H1	1.23065	1.22678	1.22194	1.22075
305	2025.01.20 17:00	GBPUSD.i	H1	1.22923	1.22886	1.22354	1.22100
306	2025.01.20 18:00	GBPUSD.i	H1	1.22952	1.23006	1.22505	1.22123
307	2025.01.20 19:00	GBPUSD.i	H1	1.22822	1.22996	1.22621	1.22144
308	2025.01.20 20:00	GBPUSD.i	H1	1.23049	1.23051	1.22727	1.22165
309	2025.01.20 21:00	GBPUSD.i	H1	1.23353	1.23211	1.22850	1.22191
310	2025.01.20 22:00	GBPUSD.i	H1	1.23282	1.23338	1.22976	1.22221
311	2025.01.20 23:00	GBPUSD.i	H1	1.23186	1.23354	1.23081	1.22251
312	2025.01.21 00:00	GBPUSD.i	H1	1.23240	1.23344	1.23162	1.22277
313	2025.01.21 01:00	GBPUSD.i	H1	1.23318	1.23373	1.23235	1.22305
314	2025.01.21 02:00	GBPUSD.i	H1	1.22594	1.23155	1.23243	1.22326
315	2025.01.21 03:00	GBPUSD.i	H1	1.22752	1.22976	1.23211	1.22339
316	2025.01.21 04:00	GBPUSD.i	H1	1.22899	1.22902	1.23172	1.22353
317	2025.01.21 05:00	GBPUSD.i	H1	1.22948	1.22915	1.23145	1.22368
318	2025.01.21 06:00	GBPUSD.i	H1	1.22983	1.22932	1.23127	1.22386
319	2025.01.21 07:00	GBPUSD.i	H1	1.22763	1.22865	1.23097	1.22400
320	2025.01.21 08:00	GBPUSD.i	H1	1.22635	1.22748	1.23044	1.22410
321	2025.01.21 09:00	GBPUSD.i	H1	1.22670	1.22682	1.22986	1.22418
322	2025.01.21 10:00	GBPUSD.i	H1	1.22573	1.22591	1.22918	1.22424
323	2025.01.21 11:00	GBPUSD.i	H1	1.22484	1.22490	1.22840	1.22427
324	2025.01.21 12:00	GBPUSD.i	H1	1.22487	1.22441	1.22766	1.22428
325	2025.01.21 13:00	GBPUSD.i	H1	1.22358	1.22364	1.22688	1.22429
326	2025.01.21 14:00	GBPUSD.i	H1	1.22448	1.22346	1.22621	1.22428
327	2025.01.21 15:00	GBPUSD.i	H1	1.22785	1.22461	1.22592	1.22431
328	2025.01.21 16:00	GBPUSD.i	H1	1.22806	1.22614	1.22601	1.22440
329	2025.01.21 17:00	GBPUSD.i	H1	1.22995	1.22773	1.22642	1.22453
330	2025.01.21 18:00	GBPUSD.i	H1	1.23301	1.22998	1.22722	1.22470
331	2025.01.21 19:00	GBPUSD.i	H1	1.23261	1.23183	1.22824	1.22491
332	2025.01.21 20:00	GBPUSD.i	H1	1.23360	1.23314	1.22932	1.22514
333	2025.01.21 21:00	GBPUSD.i	H1	1.23277	1.23368	1.23029	1.22536
334	2025.01.21 22:00	GBPUSD.i	H1	1.23393	1.23419	1.23116	1.22558
335	2025.01.21 23:00	GBPUSD.i	H1	1.23446	1.23504	1.23206	1.22582
336	2025.01.22 00:00	GBPUSD.i	H1	1.23479	1.23538	1.23286	1.22606
337	2025.01.22 01:00	GBPUSD.i	H1	1.23380	1.23508	1.23343	1.22629
338	2025.01.22 02:00	GBPUSD.i	H1	1.23506	1.23526	1.23394	1.22651
339	2025.01.22 03:00	GBPUSD.i	H1	1.23324	1.23486	1.23427	1.22672
340	2025.01.22 04:00	GBPUSD.i	H1	1.23365	1.23440	1.23444	1.22691
341	2025.01.22 05:00	GBPUSD.i	H1	1.23322	1.23400	1.23450	1.22709
342	2025.01.22 06:00	GBPUSD.i	H1	1.23440	1.23406	1.23457	1.22728
343	2025.01.22 07:00	GBPUSD.i	H1	1.23435	1.23410	1.23464	1.22747
344	2025.01.22 08:00	GBPUSD.i	H1	1.23215	1.23343	1.23454	1.22763
345	2025.01.22 09:00	GBPUSD.i	H1	1.23187	1.23261	1.23427	1.22776
346	2025.01.22 10:00	GBPUSD.i	H1	1.23389	1.23269	1.23408	1.22789
347	2025.01.22 11:00	GBPUSD.i	H1	1.23643	1.23395	1.23422	1.22807
348	2025.01.22 12:00	GBPUSD.i	H1	1.23679	1.23532	1.23462	1.22830
349	2025.01.22 13:00	GBPUSD.i	H1	1.23560	1.23584	1.23503	1.22852
350	2025.01.22 14:00	GBPUSD.i	H1	1.23559	1.23579	1.23532	1.22872
351	2025.01.22 15:00	GBPUSD.i	H1	1.23452	1.23555	1.23549	1.22890
352	2025.01.22 16:00	GBPUSD.i	H1	1.23360	1.23476	1.23544	1.22905
353	2025.01.22 17:00	GBPUSD.i	H1	1.23184	1.23350	1.23511	1.22916
354	2025.01.22 18:00	GBPUSD.i	H1	1.23218	1.23251	1.23464	1.22924
355	2025.01.22 19:00	GBPUSD.i	H1	1.23216	1.23194	1.23414	1.22931
356	2025.01.22 20:00	GBPUSD.i	H1	1.23242	1.23181	1.23371	1.22939
357	2025.01.22 21:00	GBPUSD.i	H1	1.23257	1.23194	1.23340	1.22948
358	2025.01.22 22:00	GBPUSD.i	H1	1.23166	1.23177	1.23310	1.22956
359	2025.01.22 23:00	GBPUSD.i	H1	1.23068	1.23121	1.23273	1.22961
360	2025.01.23 00:00	GBPUSD.i	H1	1.23108	1.23090	1.23235	1.22965
361	2025.01.23 01:00	GBPUSD.i	H1	1.23134	1.23081	1.23203	1.22969
362	2025.01.23 02:00	GBPUSD.i	H1	1.23155	1.23097	1.23180	1.22974
363	2025.01.23 03:00	GBPUSD.i	H1	1.23105	1.23104	1.23162	1.22979
364	2025.01.23 04:00	GBPUSD.i	H1	1.23093	1.23079	1.23141	1.22982
365	2025.01.23 05:00	GBPUSD.i	H1	1.23149	1.23091	1.23127	1.22986
366	2025.01.23 06:00	GBPUSD.i	H1	1.23199	1.23129	1.23124	1.22991
367	2025.01.23 07:00	GBPUSD.i	H1	1.23117	1.23136	1.23122	1.22995
368	2025.01.23 08:00	GBPUSD.i	H1	1.23091	1.23131	1.23119	1.22999
369	2025.01.23 09:00	GBPUSD.i	H1	1.23050	1.23085	1.23106	1.23002
370	2025.01.23 10:00	GBPUSD.i	H1	1.22962	1.23032	1.23083	1.23002
371	2025.01.23 11:00	GBPUSD.i	H1	1.23170	1.23060	1.23073	1.23003
372	2025.01.23 12:00	GBPUSD.i	H1	1.23204	1.23132	1.23081	1.23008
373	2025.01.23 13:00	GBPUSD.i	H1	1.23082	1.23143	1.23090	1.23012
374	2025.01.23 14:00	GBPUSD.i	H1	1.23154	1.23131	1.23094	1.23016
375	2025.01.23 15:00	GBPUSD.i	H1	1.23229	1.23172	1.23106	1.23020
376	2025.01.23 16:00	GBPUSD.i	H1	1.23290	1.23230	1.23129	1.23026
377	2025.01.23 17:00	GBPUSD.i	H1	1.23234	1.23238	1.23149	1.23032
378	2025.01.23 18:00	GBPUSD.i	H1	1.23464	1.23309	1.23182	1.23039
379	2025.01.23 19:00	GBPUSD.i	H1	1.23721	1.23487	1.23248	1.23052
380	2025.01.23 20:00	GBPUSD.i	H1	1.23587	1.23591	1.23324	1.23068
381	2025.01.23 21:00	GBPUSD.i	H1	1.23594	1.23638	1.23393	1.23083
382	2025.01.23 22:00	GBPUSD.i	H1	1.23543	1.23650	1.23451	1.23097
383	2025.01.23 23:00	GBPUSD.i	H1	1.23491	1.23616	1.23490	1.23109
384	2025.01.24 00:00	GBPUSD.i	H1	1.23507	1.23580	1.23514	1.23120
385	2025.01.24 01:00	GBPUSD.i	H1	1.23536	1.23569	1.23532	1.23131
386	2025.01.24 02:00	GBPUSD.i	H1	1.23560	1.23568	1.23547	1.23142
387	2025.01.24 03:00	GBPUSD.i	H1	1.23545	1.23564	1.23559	1.23153
388	2025.01.24 04:00	GBPUSD.i	H1	1.23983	1.23704	1.23602	1.23168
389	2025.01.24 05:00	GBPUSD.i	H1	1.23932	1.23835	1.23665	1.23188
390	2025.01.24 06:00	GBPUSD.i	H1	1.23929	1.23916	1.23732	1.23208
391	2025.01.24 07:00	GBPUSD.i	H1	1.23993	1.23970	1.23796	1.23229
392	2025.01.24 08:00	GBPUSD.i	H1	1.23989	1.24044	1.23863	1.23250
393	2025.01.24 09:00	GBPUSD.i	H1	1.23869	1.24000	1.23906	1.23270
394	2025.01.24 10:00	GBPUSD.i	H1	1.24043	1.24026	1.23947	1.23289
395	2025.01.24 11:00	GBPUSD.i	H1	1.24277	1.24162	1.24010	1.23312
396	2025.01.24 12:00	GBPUSD.i	H1	1.24304	1.24260	1.24083	1.23339
397	2025.01.24 13:00	GBPUSD.i	H1	1.24150	1.24266	1.24140	1.23364
398	2025.01.24 14:00	GBPUSD.i	H1	1.24090	1.24220	1.24175	1.23386
399	2025.01.24 15:00	GBPUSD.i	H1	1.24144	1.24192	1.24197	1.23406
400	2025.01.24 16:00	GBPUSD.i	H1	1.24382	1.24265	1.24232	1.23428
401	2025.01.24 17:00	GBPUSD.i	H1	1.24835	1.24485	1.24310	1.23458
402	2025.01.24 18:00	GBPUSD.i	H1	1.24944	1.24731	1.24426	1.23495
403	2025.01.24 19:00	GBPUSD.i	H1	1.24878	1.24885	1.24550	1.23535
404	2025.01.24 20:00	GBPUSD.i	H1	1.24810	1.24935	1.24658	1.23572
405	2025.01.24 21:00	GBPUSD.i	H1	1.24829	1.24942	1.24744	1.23608
406	2025.01.24 22:00	GBPUSD.i	H1	1.24853	1.24939	1.24811	1.23641
407	2025.01.24 23:00	GBPUSD.i	H1	1.24794	1.24922	1.24862	1.23674
408	2025.01.27 00:00	GBPUSD.i	H1	1.24690	1.24836	1.24882	1.23704
409	2025.01.27 01:00	GBPUSD.i	H1	1.24578	1.24744	1.24879	1.23731
410	2025.01.27 02:00	GBPUSD.i	H1	1.24558	1.24660	1.24858	1.23755
411	2025.01.27 03:00	GBPUSD.i	H1	1.24490	1.24585	1.24825	1.23777
412	2025.01.27 04:00	GBPUSD.i	H1	1.24509	1.24512	1.24782	1.23798
413	2025.01.27 05:00	GBPUSD.i	H1	1.24555	1.24501	1.24745	1.23818
414	2025.01.27 06:00	GBPUSD.i	H1	1.24508	1.24482	1.24711	1.23838
415	2025.01.27 07:00	GBPUSD.i	H1	1.24468	1.24448	1.24674	1.23856
416	2025.01.27 08:00	GBPUSD.i	H1	1.24520	1.24460	1.24646	1.23874
417	2025.01.27 09:00	GBPUSD.i	H1	1.24293	1.24398	1.24608	1.23890
418	2025.01.27 10:00	GBPUSD.i	H1	1.24577	1.24418	1.24580	1.23905
419	2025.01.27 11:00	GBPUSD.i	H1	1.24863	1.24556	1.24588	1.23925
420	2025.01.27 12:00	GBPUSD.i	H1	1.24953	1.24752	1.24637	1.23951
421	2025.01.27 13:00	GBPUSD.i	H1	1.24970	1.24899	1.24706	1.23979
422	2025.01.27 14:00	GBPUSD.i	H1	1.25131	1.25029	1.24787	1.24009
423	2025.01.27 15:00	GBPUSD.i	H1	1.25027	1.25102	1.24865	1.24039
424	2025.01.27 16:00	GBPUSD.i	H1	1.25005	1.25111	1.24928	1.24067
425	2025.01.27 17:00	GBPUSD.i	H1	1.24733	1.25005	1.24953	1.24091
426	2025.01.27 18:00	GBPUSD.i	H1	1.24762	1.24908	1.24952	1.24111
427	2025.01.27 19:00	GBPUSD.i	H1	1.24748	1.24837	1.24937	1.24129
428	2025.01.27 20:00	GBPUSD.i	H1	1.24778	1.24801	1.24918	1.24146
429	2025.01.27 21:00	GBPUSD.i	H1	1.24899	1.24814	1.24906	1.24165
430	2025.01.27 22:00	GBPUSD.i	H1	1.24907	1.24850	1.24906	1.24185
431	2025.01.27 23:00	GBPUSD.i	H1	1.24936	1.24891	1.24914	1.24205
432	2025.01.28 00:00	GBPUSD.i	H1	1.24941	1.24910	1.24924	1.24225
433	2025.01.28 01:00	GBPUSD.i	H1	1.24509	1.24765	1.24897	1.24240
434	2025.01.28 02:00	GBPUSD.i	H1	1.24566	1.24646	1.24849	1.24250
435	2025.01.28 03:00	GBPUSD.i	H1	1.24503	1.24558	1.24792	1.24258
436	2025.01.28 04:00	GBPUSD.i	H1	1.24451	1.24477	1.24728	1.24264
437	2025.01.28 05:00	GBPUSD.i	H1	1.24407	1.24418	1.24664	1.24269
438	2025.01.28 06:00	GBPUSD.i	H1	1.24447	1.24377	1.24604	1.24274
439	2025.01.28 07:00	GBPUSD.i	H1	1.24449	1.24381	1.24557	1.24278
440	2025.01.28 08:00	GBPUSD.i	H1	1.24410	1.24378	1.24517	1.24283
441	2025.01.28 09:00	GBPUSD.i	H1	1.24371	1.24349	1.24478	1.24286
442	2025.01.28 10:00	GBPUSD.i	H1	1.24326	1.24326	1.24440	1.24288
443	2025.01.28 11:00	GBPUSD.i	H1	1.24483	1.24361	1.24418	1.24291
444	2025.01.28 12:00	GBPUSD.i	H1	1.24358	1.24371	1.24401	1.24295
445	2025.01.28 13:00	GBPUSD.i	H1	1.24259	1.24329	1.24377	1.24297
446	2025.01.28 14:00	GBPUSD.i	H1	1.24268	1.24285	1.24348	1.24297
447	2025.01.28 15:00	GBPUSD.i	H1	1.24237	1.24248	1.24316	1.24295
448	2025.01.28 16:00	GBPUSD.i	H1	1.24289	1.24267	1.24296	1.24295
449	2025.01.28 17:00	GBPUSD.i	H1	1.24322	1.24300	1.24287	1.24296
450	2025.01.28 18:00	GBPUSD.i	H1	1.24297	1.24307	1.24281	1.24297
451	2025.01.28 19:00	GBPUSD.i	H1	1.24285	1.24307	1.24277	1.24298
452	2025.01.28 20:00	GBPUSD.i	H1	1.24299	1.24311	1.24274	1.24298
453	2025.01.28 21:00	GBPUSD.i	H1	1.24438	1.24341	1.24279	1.24300
454	2025.01.28 22:00	GBPUSD.i	H1	1.24411	1.24380	1.24292	1.24302
455	2025.01.28 23:00	GBPUSD.i	H1	1.24384	1.24399	1.24306	1.24305
456	2025.01.29 00:00	GBPUSD.i	H1	1.24390	1.24402	1.24319	1.24307
457	2025.01.29 01:00	GBPUSD.i	H1	1.24405	1.24409	1.24331	1.24310
458	2025.01.29 02:00	GBPUSD.i	H1	1.24372	1.24415	1.24343	1.24312
459	2025.01.29 03:00	GBPUSD.i	H1	1.24359	1.24406	1.24350	1.24314
460	2025.01.29 04:00	GBPUSD.i	H1	1.24455	1.24423	1.24361	1.24317
461	2025.01.29 05:00	GBPUSD.i	H1	1.24478	1.24453	1.24377	1.24320
462	2025.01.29 06:00	GBPUSD.i	H1	1.24531	1.24494	1.24399	1.24325
463	2025.01.29 07:00	GBPUSD.i	H1	1.24538	1.24522	1.24424	1.24330
464	2025.01.29 08:00	GBPUSD.i	H1	1.24565	1.24559	1.24452	1.24336
465	2025.01.29 09:00	GBPUSD.i	H1	1.24484	1.24559	1.24474	1.24342
466	2025.01.29 10:00	GBPUSD.i	H1	1.24387	1.24511	1.24481	1.24346
467	2025.01.29 11:00	GBPUSD.i	H1	1.24207	1.24392	1.24460	1.24346
468	2025.01.29 12:00	GBPUSD.i	H1	1.24154	1.24274	1.24418	1.24342
469	2025.01.29 13:00	GBPUSD.i	H1	1.24191	1.24213	1.24373	1.24338
470	2025.01.29 14:00	GBPUSD.i	H1	1.24252	1.24183	1.24331	1.24334
471	2025.01.29 15:00	GBPUSD.i	H1	1.23977	1.24099	1.24279	1.24328
472	2025.01.29 16:00	GBPUSD.i	H1	1.24073	1.24047	1.24227	1.24321
473	2025.01.29 17:00	GBPUSD.i	H1	1.24338	1.24124	1.24203	1.24316
474	2025.01.29 18:00	GBPUSD.i	H1	1.24315	1.24206	1.24202	1.24316
475	2025.01.29 19:00	GBPUSD.i	H1	1.24422	1.24299	1.24221	1.24317
476	2025.01.29 20:00	GBPUSD.i	H1	1.24469	1.24373	1.24251	1.24320
477	2025.01.29 21:00	GBPUSD.i	H1	1.24447	1.24394	1.24278	1.24323
478	2025.01.29 22:00	GBPUSD.i	H1	1.24390	1.24420	1.24305	1.24325
479	2025.01.29 23:00	GBPUSD.i	H1	1.24429	1.24445	1.24332	1.24328
480	2025.01.30 00:00	GBPUSD.i	H1	1.24487	1.24462	1.24357	1.24331
481	2025.01.30 01:00	GBPUSD.i	H1	1.24548	1.24516	1.24390	1.24335
482	2025.01.30 02:00	GBPUSD.i	H1	1.24540	1.24554	1.24424	1.24341
483	2025.01.30 03:00	GBPUSD.i	H1	1.24497	1.24548	1.24451	1.24346
484	2025.01.30 04:00	GBPUSD.i	H1	1.24487	1.24546	1.24472	1.24351
485	2025.01.30 05:00	GBPUSD.i	H1	1.24516	1.24544	1.24489	1.24355
486	2025.01.30 06:00	GBPUSD.i	H1	1.24457	1.24523	1.24498	1.24359
487	2025.01.30 07:00	GBPUSD.i	H1	1.24480	1.24499	1.24501	1.24362
488	2025.01.30 08:00	GBPUSD.i	H1	1.24407	1.24460	1.24495	1.24364
489	2025.01.30 09:00	GBPUSD.i	H1	1.24516	1.24454	1.24489	1.24366
490	2025.01.30 10:00	GBPUSD.i	H1	1.24552	1.24494	1.24495	1.24370
491	2025.01.30 11:00	GBPUSD.i	H1	1.24431	1.24474	1.24494	1.24373
492	2025.01.30 12:00	GBPUSD.i	H1	1.24307	1.24408	1.24478	1.24374
493	2025.01.30 13:00	GBPUSD.i	H1	1.24274	1.24345	1.24452	1.24372
494	2025.01.30 14:00	GBPUSD.i	H1	1.24377	1.24325	1.24427	1.24371
495	2025.01.30 15:00	GBPUSD.i	H1	1.24675	1.24422	1.24429	1.24373
496	2025.01.30 16:00	GBPUSD.i	H1	1.24634	1.24532	1.24456	1.24379
497	2025.01.30 17:00	GBPUSD.i	H1	1.24669	1.24618	1.24494	1.24387
498	2025.01.30 18:00	GBPUSD.i	H1	1.24499	1.24613	1.24523	1.24394
499	2025.01.30 19:00	GBPUSD.i	H1	1.24446	1.24544	1.24528	1.24397
500	2025.01.30 20:00	GBPUSD.i	H1	1.24553	1.24534	1.24531	1.24399
501	2025.01.30 21:00	GBPUSD.i	H1	1.24591	1.24558	1.24540	1.24403
502	2025.01.30 22:00	GBPUSD.i	H1	1.24354	1.24465	1.24525	1.24405
503	2025.01.30 23:00	GBPUSD.i	H1	1.24109	1.24332	1.24483	1.24402
504	2025.01.31 00:00	GBPUSD.i	H1	1.24137	1.24217	1.24426	1.24395
505	2025.01.31 01:00	GBPUSD.i	H1	1.24220	1.24173	1.24371	1.24389
506	2025.01.31 02:00	GBPUSD.i	H1	1.24170	1.24156	1.24324	1.24384
507	2025.01.31 03:00	GBPUSD.i	H1	1.24186	1.24133	1.24282	1.24378
508	2025.01.31 04:00	GBPUSD.i	H1	1.24217	1.24148	1.24251	1.24373
509	2025.01.31 05:00	GBPUSD.i	H1	1.24171	1.24152	1.24227	1.24368
510	2025.01.31 06:00	GBPUSD.i	H1	1.24209	1.24154	1.24207	1.24364
511	2025.01.31 07:00	GBPUSD.i	H1	1.24208	1.24169	1.24194	1.24359
512	2025.01.31 08:00	GBPUSD.i	H1	1.24298	1.24209	1.24192	1.24356
513	2025.01.31 09:00	GBPUSD.i	H1	1.24353	1.24267	1.24203	1.24354
514	2025.01.31 10:00	GBPUSD.i	H1	1.24141	1.24247	1.24206	1.24352
515	2025.01.31 11:00	GBPUSD.i	H1	1.24214	1.24202	1.24198	1.24347
516	2025.01.31 12:00	GBPUSD.i	H1	1.24163	1.24194	1.24191	1.24342
517	2025.01.31 13:00	GBPUSD.i	H1	1.24092	1.24155	1.24176	1.24337
518	2025.01.31 14:00	GBPUSD.i	H1	1.24205	1.24160	1.24166	1.24332
519	2025.01.31 15:00	GBPUSD.i	H1	1.24134	1.24165	1.24160	1.24327
520	2025.01.31 16:00	GBPUSD.i	H1	1.23940	1.24077	1.24135	1.24321
521	2025.01.31 17:00	GBPUSD.i	H1	1.24252	1.24097	1.24121	1.24314
522	2025.01.31 18:00	GBPUSD.i	H1	1.24458	1.24231	1.24141	1.24312
523	2025.01.31 19:00	GBPUSD.i	H1	1.24539	1.24384	1.24191	1.24316
524	2025.01.31 20:00	GBPUSD.i	H1	1.23968	1.24304	1.24210	1.24317
525	2025.01.31 21:00	GBPUSD.i	H1	1.24001	1.24156	1.24192	1.24310
526	2025.01.31 22:00	GBPUSD.i	H1	1.23995	1.24069	1.24159	1.24301
527	2025.01.31 23:00	GBPUSD.i	H1	1.23854	1.23990	1.24117	1.24292
528	2025.02.03 00:00	GBPUSD.i	H1	1.23023	1.23459	1.23963	1.24268
529	2025.02.03 01:00	GBPUSD.i	H1	1.22900	1.23150	1.23774	1.24232
530	2025.02.03 02:00	GBPUSD.i	H1	1.22769	1.22899	1.23571	1.24195
531	2025.02.03 03:00	GBPUSD.i	H1	1.22881	1.22767	1.23383	1.24158
532	2025.02.03 04:00	GBPUSD.i	H1	1.22617	1.22622	1.23201	1.24120
533	2025.02.03 05:00	GBPUSD.i	H1	1.22628	1.22496	1.23028	1.24079
534	2025.02.03 06:00	GBPUSD.i	H1	1.22582	1.22459	1.22880	1.24038
535	2025.02.03 07:00	GBPUSD.i	H1	1.22772	1.22490	1.22769	1.24000
536	2025.02.03 08:00	GBPUSD.i	H1	1.22882	1.22603	1.22704	1.23967
537	2025.02.03 09:00	GBPUSD.i	H1	1.22840	1.22690	1.22670	1.23936
538	2025.02.03 10:00	GBPUSD.i	H1	1.23062	1.22823	1.22670	1.23908
539	2025.02.03 11:00	GBPUSD.i	H1	1.22925	1.22913	1.22688	1.23883
540	2025.02.03 12:00	GBPUSD.i	H1	1.23123	1.23002	1.22721	1.23860
541	2025.02.03 13:00	GBPUSD.i	H1	1.23193	1.23094	1.22768	1.23839
542	2025.02.03 14:00	GBPUSD.i	H1	1.23445	1.23264	1.22844	1.23823
543	2025.02.03 15:00	GBPUSD.i	H1	1.23649	1.23486	1.22955	1.23813
544	2025.02.03 16:00	GBPUSD.i	H1	1.23532	1.23594	1.23068	1.23807
545	2025.02.03 17:00	GBPUSD.i	H1	1.24122	1.23839	1.23215	1.23806
546	2025.02.03 18:00	GBPUSD.i	H1	1.23857	1.24018	1.23373	1.23810
547	2025.02.03 19:00	GBPUSD.i	H1	1.23939	1.24091	1.23516	1.23815
548	2025.02.03 20:00	GBPUSD.i	H1	1.23920	1.24102	1.23634	1.23819
549	2025.02.03 21:00	GBPUSD.i	H1	1.23946	1.24123	1.23736	1.23823
550	2025.02.03 22:00	GBPUSD.i	H1	1.24027	1.24139	1.23824	1.23828
551	2025.02.03 23:00	GBPUSD.i	H1	1.24481	1.24292	1.23932	1.23837
552	2025.02.04 00:00	GBPUSD.i	H1	1.24370	1.24400	1.24045	1.23852
553	2025.02.04 01:00	GBPUSD.i	H1	1.24335	1.24462	1.24150	1.23867
554	2025.02.04 02:00	GBPUSD.i	H1	1.24236	1.24432	1.24227	1.23880
555	2025.02.04 03:00	GBPUSD.i	H1	1.24213	1.24356	1.24273	1.23889
556	2025.02.04 04:00	GBPUSD.i	H1	1.24253	1.24324	1.24305	1.23898
557	2025.02.04 05:00	GBPUSD.i	H1	1.24141	1.24269	1.24319	1.23907
558	2025.02.04 06:00	GBPUSD.i	H1	1.24076	1.24189	1.24314	1.23913
559	2025.02.04 07:00	GBPUSD.i	H1	1.23977	1.24064	1.24282	1.23916
560	2025.02.04 08:00	GBPUSD.i	H1	1.24099	1.24033	1.24250	1.23918
561	2025.02.04 09:00	GBPUSD.i	H1	1.24154	1.24059	1.24232	1.23923
562	2025.02.04 10:00	GBPUSD.i	H1	1.24203	1.24100	1.24225	1.23930
563	2025.02.04 11:00	GBPUSD.i	H1	1.24249	1.24172	1.24235	1.23938
564	2025.02.04 12:00	GBPUSD.i	H1	1.24257	1.24207	1.24248	1.23947
565	2025.02.04 13:00	GBPUSD.i	H1	1.24042	1.24160	1.24246	1.23953
566	2025.02.04 14:00	GBPUSD.i	H1	1.24144	1.24118	1.24233	1.23957
567	2025.02.04 15:00	GBPUSD.i	H1	1.24284	1.24165	1.24233	1.23963
568	2025.02.04 16:00	GBPUSD.i	H1	1.24486	1.24291	1.24261	1.23973
569	2025.02.04 17:00	GBPUSD.i	H1	1.24765	1.24500	1.24328	1.23990
570	2025.02.04 18:00	GBPUSD.i	H1	1.24834	1.24691	1.24423	1.24011
571	2025.02.04 19:00	GBPUSD.i	H1	1.24825	1.24795	1.24518	1.24034
572	2025.02.04 20:00	GBPUSD.i	H1	1.24833	1.24868	1.24609	1.24055
573	2025.02.04 21:00	GBPUSD.i	H1	1.24820	1.24893	1.24685	1.24077
574	2025.02.04 22:00	GBPUSD.i	H1	1.24883	1.24920	1.24752	1.24098
575	2025.02.04 23:00	GBPUSD.i	H1	1.24765	1.24907	1.24802	1.24118
576	2025.02.05 00:00	GBPUSD.i	H1	1.24783	1.24868	1.24833	1.24137
577	2025.02.05 01:00	GBPUSD.i	H1	1.24753	1.24843	1.24854	1.24154
578	2025.02.05 02:00	GBPUSD.i	H1	1.24820	1.24835	1.24869	1.24172
579	2025.02.05 03:00	GBPUSD.i	H1	1.24702	1.24810	1.24875	1.24189
580	2025.02.05 04:00	GBPUSD.i	H1	1.24794	1.24792	1.24876	1.24205
581	2025.02.05 05:00	GBPUSD.i	H1	1.24745	1.24777	1.24874	1.24221
582	2025.02.05 06:00	GBPUSD.i	H1	1.24722	1.24749	1.24865	1.24235
583	2025.02.05 07:00	GBPUSD.i	H1	1.24676	1.24706	1.24848	1.24248
584	2025.02.05 08:00	GBPUSD.i	H1	1.24764	1.24722	1.24838	1.24262
585	2025.02.05 09:00	GBPUSD.i	H1	1.25012	1.24813	1.24849	1.24278
586	2025.02.05 10:00	GBPUSD.i	H1	1.25057	1.24917	1.24881	1.24297
587	2025.02.05 11:00	GBPUSD.i	H1	1.25176	1.25054	1.24935	1.24320
588	2025.02.05 12:00	GBPUSD.i	H1	1.25405	1.25222	1.25013	1.24346
589	2025.02.05 13:00	GBPUSD.i	H1	1.25316	1.25330	1.25098	1.24374
590	2025.02.05 14:00	GBPUSD.i	H1	1.25370	1.25381	1.25175	1.24401
591	2025.02.05 15:00	GBPUSD.i	H1	1.25147	1.25355	1.25229	1.24425
592	2025.02.05 16:00	GBPUSD.i	H1	1.25174	1.25295	1.25258	1.24447
593	2025.02.05 17:00	GBPUSD.i	H1	1.25180	1.25263	1.25274	1.24467
594	2025.02.05 18:00	GBPUSD.i	H1	1.25125	1.25216	1.25277	1.24487
595	2025.02.05 19:00	GBPUSD.i	H1	1.25089	1.25163	1.25268	1.24504
596	2025.02.05 20:00	GBPUSD.i	H1	1.25106	1.25126	1.25253	1.24521
597	2025.02.05 21:00	GBPUSD.i	H1	1.25056	1.25090	1.25234	1.24537
598	2025.02.05 22:00	GBPUSD.i	H1	1.25019	1.25041	1.25206	1.24551
599	2025.02.05 23:00	GBPUSD.i	H1	1.25032	1.25020	1.25180	1.24564
600	2025.02.06 00:00	GBPUSD.i	H1	1.25028	1.25000	1.25153	1.24577
601	2025.02.06 01:00	GBPUSD.i	H1	1.25013	1.24992	1.25130	1.24589
602	2025.02.06 02:00	GBPUSD.i	H1	1.25027	1.24994	1.25111	1.24601
603	2025.02.06 03:00	GBPUSD.i	H1	1.25078	1.25012	1.25098	1.24614
604	2025.02.06 04:00	GBPUSD.i	H1	1.24936	1.24983	1.25080	1.24625
605	2025.02.06 05:00	GBPUSD.i	H1	1.24943	1.24946	1.25057	1.24634
606	2025.02.06 06:00	GBPUSD.i	H1	1.24882	1.24911	1.25029	1.24642
607	2025.02.06 07:00	GBPUSD.i	H1	1.24837	1.24869	1.24998	1.24649
608	2025.02.06 08:00	GBPUSD.i	H1	1.24860	1.24848	1.24967	1.24655
609	2025.02.06 09:00	GBPUSD.i	H1	1.24737	1.24791	1.24929	1.24659
610	2025.02.06 10:00	GBPUSD.i	H1	1.24466	1.24649	1.24866	1.24659
611	2025.02.06 11:00	GBPUSD.i	H1	1.24254	1.24457	1.24773	1.24653
612	2025.02.06 12:00	GBPUSD.i	H1	1.24177	1.24273	1.24658	1.24642
613	2025.02.06 13:00	GBPUSD.i	H1	1.24230	1.24185	1.24547	1.24630
614	2025.02.06 14:00	GBPUSD.i	H1	1.23743	1.23973	1.24412	1.24614
615	2025.02.06 15:00	GBPUSD.i	H1	1.23838	1.23824	1.24271	1.24593
616	2025.02.06 16:00	GBPUSD.i	H1	1.23925	1.23812	1.24157	1.24573
617	2025.02.06 17:00	GBPUSD.i	H1	1.24138	1.23874	1.24080	1.24558
618	2025.02.06 18:00	GBPUSD.i	H1	1.24316	1.24034	1.24053	1.24548
619	2025.02.06 19:00	GBPUSD.i	H1	1.24418	1.24182	1.24063	1.24542
620	2025.02.06 20:00	GBPUSD.i	H1	1.24492	1.24324	1.24101	1.24539
621	2025.02.06 21:00	GBPUSD.i	H1	1.24363	1.24383	1.24141	1.24536
622	2025.02.06 22:00	GBPUSD.i	H1	1.24405	1.24409	1.24178	1.24532
623	2025.02.06 23:00	GBPUSD.i	H1	1.24306	1.24403	1.24205	1.24527
624	2025.02.07 00:00	GBPUSD.i	H1	1.24307	1.24379	1.24223	1.24521
625	2025.02.07 01:00	GBPUSD.i	H1	1.24342	1.24379	1.24238	1.24516
626	2025.02.07 02:00	GBPUSD.i	H1	1.24244	1.24358	1.24247	1.24510
627	2025.02.07 03:00	GBPUSD.i	H1	1.24315	1.24340	1.24252	1.24505
628	2025.02.07 04:00	GBPUSD.i	H1	1.24391	1.24360	1.24263	1.24500
629	2025.02.07 05:00	GBPUSD.i	H1	1.24281	1.24348	1.24270	1.24495
630	2025.02.07 06:00	GBPUSD.i	H1	1.24281	1.24316	1.24269	1.24490
631	2025.02.07 07:00	GBPUSD.i	H1	1.24215	1.24280	1.24262	1.24483
632	2025.02.07 08:00	GBPUSD.i	H1	1.24265	1.24265	1.24254	1.24476
633	2025.02.07 09:00	GBPUSD.i	H1	1.24413	1.24313	1.24260	1.24472
634	2025.02.07 10:00	GBPUSD.i	H1	1.24654	1.24443	1.24295	1.24472
635	2025.02.07 11:00	GBPUSD.i	H1	1.24593	1.24547	1.24347	1.24475
636	2025.02.07 12:00	GBPUSD.i	H1	1.24495	1.24569	1.24392	1.24478
637	2025.02.07 13:00	GBPUSD.i	H1	1.24536	1.24574	1.24428	1.24479
638	2025.02.07 14:00	GBPUSD.i	H1	1.24468	1.24547	1.24452	1.24480
639	2025.02.07 15:00	GBPUSD.i	H1	1.24303	1.24529	1.24467	1.24480
640	2025.02.07 16:00	GBPUSD.i	H1	1.24603	1.24534	1.24482	1.24480
641	2025.02.07 17:00	GBPUSD.i	H1	1.24245	1.24411	1.24466	1.24478
642	2025.02.07 18:00	GBPUSD.i	H1	1.23928	1.24214	1.24410	1.24468
643	2025.02.07 19:00	GBPUSD.i	H1	1.24027	1.24078	1.24336	1.24455
644	2025.02.07 20:00	GBPUSD.i	H1	1.24047	1.24044	1.24273	1.24444
645	2025.02.07 21:00	GBPUSD.i	H1	1.24136	1.24039	1.24222	1.24435
646	2025.02.07 22:00	GBPUSD.i	H1	1.24072	1.24024	1.24178	1.24425
647	2025.02.07 23:00	GBPUSD.i	H1	1.23930	1.23980	1.24132	1.24414
648	2025.02.10 00:00	GBPUSD.i	H1	1.23783	1.23865	1.24069	1.24400
649	2025.02.10 01:00	GBPUSD.i	H1	1.23893	1.23827	1.24010	1.24384
650	2025.02.10 02:00	GBPUSD.i	H1	1.23916	1.23846	1.23967	1.24371
651	2025.02.10 03:00	GBPUSD.i	H1	1.23830	1.23826	1.23928	1.24358
652	2025.02.10 04:00	GBPUSD.i	H1	1.23814	1.23807	1.23892	1.24344
653	2025.02.10 05:00	GBPUSD.i	H1	1.23964	1.23838	1.23870	1.24331
654	2025.02.10 06:00	GBPUSD.i	H1	1.23978	1.23893	1.23864	1.24320
655	2025.02.10 07:00	GBPUSD.i	H1	1.24007	1.23954	1.23873	1.24311
656	2025.02.10 08:00	GBPUSD.i	H1	1.24092	1.24011	1.23892	1.24304
657	2025.02.10 09:00	GBPUSD.i	H1	1.24044	1.24052	1.23915	1.24297
658	2025.02.10 10:00	GBPUSD.i	H1	1.23977	1.24036	1.23930	1.24290
659	2025.02.10 11:00	GBPUSD.i	H1	1.24085	1.24073	1.23951	1.24283
660	2025.02.10 12:00	GBPUSD.i	H1	1.24122	1.24103	1.23975	1.24277
661	2025.02.10 13:00	GBPUSD.i	H1	1.24020	1.24106	1.23995	1.24272
662	2025.02.10 14:00	GBPUSD.i	H1	1.23882	1.24023	1.23992	1.24264
663	2025.02.10 15:00	GBPUSD.i	H1	1.23906	1.23978	1.23982	1.24255
664	2025.02.10 16:00	GBPUSD.i	H1	1.23794	1.23892	1.23955	1.24244
665	2025.02.10 17:00	GBPUSD.i	H1	1.23893	1.23872	1.23931	1.24233
666	2025.02.10 18:00	GBPUSD.i	H1	1.23814	1.23838	1.23905	1.24222
667	2025.02.10 19:00	GBPUSD.i	H1	1.23804	1.23801	1.23877	1.24210
668	2025.02.10 20:00	GBPUSD.i	H1	1.23663	1.23742	1.23842	1.24198
669	2025.02.10 21:00	GBPUSD.i	H1	1.23666	1.23690	1.23803	1.24184
670	2025.02.10 22:00	GBPUSD.i	H1	1.23661	1.23654	1.23764	1.24169
671	2025.02.10 23:00	GBPUSD.i	H1	1.23649	1.23631	1.23728	1.24155
672	2025.02.11 00:00	GBPUSD.i	H1	1.23688	1.23626	1.23699	1.24141
673	2025.02.11 01:00	GBPUSD.i	H1	1.23596	1.23600	1.23669	1.24127
674	2025.02.11 02:00	GBPUSD.i	H1	1.23617	1.23581	1.23641	1.24113
675	2025.02.11 03:00	GBPUSD.i	H1	1.23596	1.23577	1.23618	1.24099
676	2025.02.11 04:00	GBPUSD.i	H1	1.23471	1.23532	1.23590	1.24084
677	2025.02.11 05:00	GBPUSD.i	H1	1.23536	1.23510	1.23562	1.24068
678	2025.02.11 06:00	GBPUSD.i	H1	1.23600	1.23527	1.23544	1.24053
679	2025.02.11 07:00	GBPUSD.i	H1	1.23616	1.23558	1.23537	1.24041
680	2025.02.11 08:00	GBPUSD.i	H1	1.23582	1.23578	1.23536	1.24029
681	2025.02.11 09:00	GBPUSD.i	H1	1.23396	1.23520	1.23521	1.24015
682	2025.02.11 10:00	GBPUSD.i	H1	1.23573	1.23504	1.23506	1.24000
683	2025.02.11 11:00	GBPUSD.i	H1	1.23653	1.23577	1.23512	1.23988
684	2025.02.11 12:00	GBPUSD.i	H1	1.23605	1.23601	1.23522	1.23979
685	2025.02.11 13:00	GBPUSD.i	H1	1.23661	1.23632	1.23537	1.23969
686	2025.02.11 14:00	GBPUSD.i	H1	1.23805	1.23692	1.23563	1.23962
687	2025.02.11 15:00	GBPUSD.i	H1	1.23979	1.23813	1.23611	1.23958
688	2025.02.11 16:00	GBPUSD.i	H1	1.24070	1.23960	1.23682	1.23958
689	2025.02.11 17:00	GBPUSD.i	H1	1.24051	1.24062	1.23762	1.23961
690	2025.02.11 18:00	GBPUSD.i	H1	1.24217	1.24164	1.23847	1.23966
691	2025.02.11 19:00	GBPUSD.i	H1	1.24235	1.24246	1.23934	1.23973
692	2025.02.11 20:00	GBPUSD.i	H1	1.24244	1.24301	1.24016	1.23980
693	2025.02.11 21:00	GBPUSD.i	H1	1.24384	1.24390	1.24102	1.23989
694	2025.02.11 22:00	GBPUSD.i	H1	1.24450	1.24463	1.24187	1.24001
695	2025.02.11 23:00	GBPUSD.i	H1	1.24440	1.24510	1.24267	1.24013
696	2025.02.12 00:00	GBPUSD.i	H1	1.24435	1.24503	1.24329	1.24025
697	2025.02.12 01:00	GBPUSD.i	H1	1.24512	1.24532	1.24386	1.24036
698	2025.02.12 02:00	GBPUSD.i	H1	1.24452	1.24532	1.24433	1.24048
699	2025.02.12 03:00	GBPUSD.i	H1	1.24501	1.24529	1.24470	1.24060
700	2025.02.12 04:00	GBPUSD.i	H1	1.24509	1.24551	1.24505	1.24072
701	2025.02.12 05:00	GBPUSD.i	H1	1.24508	1.24546	1.24533	1.24085
702	2025.02.12 06:00	GBPUSD.i	H1	1.24416	1.24510	1.24546	1.24095
703	2025.02.12 07:00	GBPUSD.i	H1	1.24452	1.24482	1.24551	1.24105
704	2025.02.12 08:00	GBPUSD.i	H1	1.24427	1.24460	1.24550	1.24114
705	2025.02.12 09:00	GBPUSD.i	H1	1.24569	1.24492	1.24557	1.24125
706	2025.02.12 10:00	GBPUSD.i	H1	1.24425	1.24489	1.24561	1.24136
707	2025.02.12 11:00	GBPUSD.i	H1	1.24464	1.24457	1.24555	1.24145
708	2025.02.12 12:00	GBPUSD.i	H1	1.24418	1.24435	1.24545	1.24152
709	2025.02.12 13:00	GBPUSD.i	H1	1.24564	1.24472	1.24545	1.24161
710	2025.02.12 14:00	GBPUSD.i	H1	1.24517	1.24500	1.24551	1.24172
711	2025.02.12 15:00	GBPUSD.i	H1	1.23890	1.24283	1.24503	1.24175
712	2025.02.12 16:00	GBPUSD.i	H1	1.24042	1.24099	1.24424	1.24171
713	2025.02.12 17:00	GBPUSD.i	H1	1.24343	1.24122	1.24368	1.24169
714	2025.02.12 18:00	GBPUSD.i	H1	1.24435	1.24176	1.24335	1.24172
715	2025.02.12 19:00	GBPUSD.i	H1	1.24774	1.24396	1.24358	1.24181
716	2025.02.12 20:00	GBPUSD.i	H1	1.24444	1.24484	1.24393	1.24193
717	2025.02.12 21:00	GBPUSD.i	H1	1.24462	1.24484	1.24418	1.24202
718	2025.02.12 22:00	GBPUSD.i	H1	1.24449	1.24488	1.24437	1.24209
719	2025.02.12 23:00	GBPUSD.i	H1	1.24419	1.24462	1.24445	1.24215
720	2025.02.13 00:00	GBPUSD.i	H1	1.24433	1.24446	1.24448	1.24221
721	2025.02.13 01:00	GBPUSD.i	H1	1.24505	1.24465	1.24455	1.24227
722	2025.02.13 02:00	GBPUSD.i	H1	1.24450	1.24478	1.24463	1.24234
723	2025.02.13 03:00	GBPUSD.i	H1	1.24564	1.24505	1.24476	1.24241
724	2025.02.13 04:00	GBPUSD.i	H1	1.24617	1.24555	1.24497	1.24250
725	2025.02.13 05:00	GBPUSD.i	H1	1.24769	1.24650	1.24535	1.24262
726	2025.02.13 06:00	GBPUSD.i	H1	1.24880	1.24771	1.24592	1.24276
727	2025.02.13 07:00	GBPUSD.i	H1	1.24911	1.24873	1.24660	1.24293
728	2025.02.13 08:00	GBPUSD.i	H1	1.24877	1.24930	1.24725	1.24310
729	2025.02.13 09:00	GBPUSD.i	H1	1.25093	1.25023	1.24798	1.24329
730	2025.02.13 10:00	GBPUSD.i	H1	1.24759	1.24987	1.24847	1.24346
731	2025.02.13 11:00	GBPUSD.i	H1	1.24912	1.24963	1.24881	1.24361
732	2025.02.13 12:00	GBPUSD.i	H1	1.24935	1.24977	1.24912	1.24376
733	2025.02.13 13:00	GBPUSD.i	H1	1.24752	1.24925	1.24926	1.24390
734	2025.02.13 14:00	GBPUSD.i	H1	1.24664	1.24811	1.24911	1.24400
735	2025.02.13 15:00	GBPUSD.i	H1	1.24712	1.24734	1.24884	1.24408
736	2025.02.13 16:00	GBPUSD.i	H1	1.24827	1.24730	1.24862	1.24416
737	2025.02.13 17:00	GBPUSD.i	H1	1.25233	1.24895	1.24883	1.24430
738	2025.02.13 18:00	GBPUSD.i	H1	1.25265	1.25093	1.24944	1.24452
739	2025.02.13 19:00	GBPUSD.i	H1	1.25216	1.25215	1.25017	1.24475
740	2025.02.13 20:00	GBPUSD.i	H1	1.25083	1.25170	1.25062	1.24494
741	2025.02.13 21:00	GBPUSD.i	H1	1.25372	1.25257	1.25117	1.24513
742	2025.02.13 22:00	GBPUSD.i	H1	1.25606	1.25427	1.25199	1.24538
743	2025.02.13 23:00	GBPUSD.i	H1	1.25637	1.25569	1.25295	1.24567
744	2025.02.14 00:00	GBPUSD.i	H1	1.25628	1.25628	1.25383	1.24596
745	2025.02.14 01:00	GBPUSD.i	H1	1.25645	1.25685	1.25466	1.24624
746	2025.02.14 02:00	GBPUSD.i	H1	1.25611	1.25699	1.25534	1.24652
747	2025.02.14 03:00	GBPUSD.i	H1	1.25638	1.25716	1.25593	1.24679
748	2025.02.14 04:00	GBPUSD.i	H1	1.25597	1.25699	1.25636	1.24706
749	2025.02.14 05:00	GBPUSD.i	H1	1.25585	1.25668	1.25663	1.24731
750	2025.02.14 06:00	GBPUSD.i	H1	1.25555	1.25639	1.25679	1.24754
751	2025.02.14 07:00	GBPUSD.i	H1	1.25537	1.25596	1.25683	1.24776
752	2025.02.14 08:00	GBPUSD.i	H1	1.25598	1.25590	1.25684	1.24798
753	2025.02.14 09:00	GBPUSD.i	H1	1.25635	1.25620	1.25693	1.24821
754	2025.02.14 10:00	GBPUSD.i	H1	1.25848	1.25712	1.25719	1.24846
755	2025.02.14 11:00	GBPUSD.i	H1	1.25877	1.25807	1.25761	1.24874
756	2025.02.14 12:00	GBPUSD.i	H1	1.25788	1.25826	1.25796	1.24901
757	2025.02.14 13:00	GBPUSD.i	H1	1.25815	1.25833	1.25824	1.24926
758	2025.02.14 14:00	GBPUSD.i	H1	1.25851	1.25840	1.25847	1.24951
759	2025.02.14 15:00	GBPUSD.i	H1	1.26031	1.25921	1.25882	1.24978
760	2025.02.14 16:00	GBPUSD.i	H1	1.26267	1.26070	1.25944	1.25008
761	2025.02.14 17:00	GBPUSD.i	H1	1.26176	1.26143	1.26007	1.25041
762	2025.02.14 18:00	GBPUSD.i	H1	1.26055	1.26158	1.26059	1.25071
763	2025.02.14 19:00	GBPUSD.i	H1	1.26091	1.26145	1.26096	1.25099
764	2025.02.14 20:00	GBPUSD.i	H1	1.26016	1.26107	1.26117	1.25126
765	2025.02.14 21:00	GBPUSD.i	H1	1.25953	1.26053	1.26121	1.25150
766	2025.02.14 22:00	GBPUSD.i	H1	1.25864	1.25975	1.26107	1.25172
767	2025.02.14 23:00	GBPUSD.i	H1	1.25813	1.25899	1.26079	1.25191
768	2025.02.17 00:00	GBPUSD.i	H1	1.25860	1.25856	1.26047	1.25209
769	2025.02.17 01:00	GBPUSD.i	H1	1.25838	1.25824	1.26014	1.25226
770	2025.02.17 02:00	GBPUSD.i	H1	1.25859	1.25815	1.25986	1.25244
771	2025.02.17 03:00	GBPUSD.i	H1	1.25997	1.25851	1.25970	1.25262
772	2025.02.17 04:00	GBPUSD.i	H1	1.25950	1.25885	1.25965	1.25280
773	2025.02.17 05:00	GBPUSD.i	H1	1.25916	1.25893	1.25960	1.25299
774	2025.02.17 06:00	GBPUSD.i	H1	1.25955	1.25908	1.25958	1.25316
775	2025.02.17 07:00	GBPUSD.i	H1	1.25883	1.25902	1.25954	1.25333
776	2025.02.17 08:00	GBPUSD.i	H1	1.25975	1.25917	1.25953	1.25349
777	2025.02.17 09:00	GBPUSD.i	H1	1.25954	1.25922	1.25953	1.25365
778	2025.02.17 10:00	GBPUSD.i	H1	1.25909	1.25914	1.25949	1.25381
779	2025.02.17 11:00	GBPUSD.i	H1	1.25913	1.25928	1.25949	1.25396
780	2025.02.17 12:00	GBPUSD.i	H1	1.26025	1.25951	1.25954	1.25412
781	2025.02.17 13:00	GBPUSD.i	H1	1.26019	1.25980	1.25964	1.25428
782	2025.02.17 14:00	GBPUSD.i	H1	1.25938	1.25983	1.25972	1.25443
783	2025.02.17 15:00	GBPUSD.i	H1	1.25933	1.25973	1.25975	1.25458
784	2025.02.17 16:00	GBPUSD.i	H1	1.25954	1.25956	1.25974	1.25471
785	2025.02.17 17:00	GBPUSD.i	H1	1.26066	1.25986	1.25980	1.25485
786	2025.02.17 18:00	GBPUSD.i	H1	1.26096	1.26041	1.25997	1.25501
787	2025.02.17 19:00	GBPUSD.i	H1	1.26227	1.26125	1.26029	1.25519
788	2025.02.17 20:00	GBPUSD.i	H1	1.26269	1.26201	1.26071	1.25538
789	2025.02.17 21:00	GBPUSD.i	H1	1.26274	1.26267	1.26118	1.25559
790	2025.02.17 22:00	GBPUSD.i	H1	1.26276	1.26298	1.26163	1.25579
791	2025.02.17 23:00	GBPUSD.i	H1	1.26226	1.26298	1.26197	1.25598
792	2025.02.18 00:00	GBPUSD.i	H1	1.26196	1.26266	1.26217	1.25615
793	2025.02.18 01:00	GBPUSD.i	H1	1.26206	1.26247	1.26230	1.25631
794	2025.02.18 02:00	GBPUSD.i	H1	1.26105	1.26204	1.26231	1.25646
795	2025.02.18 03:00	GBPUSD.i	H1	1.26056	1.26132	1.26216	1.25658
796	2025.02.18 04:00	GBPUSD.i	H1	1.26062	1.26089	1.26195	1.25669
797	2025.02.18 05:00	GBPUSD.i	H1	1.26030	1.26059	1.26172	1.25680
798	2025.02.18 06:00	GBPUSD.i	H1	1.25975	1.26008	1.26142	1.25690
799	2025.02.18 07:00	GBPUSD.i	H1	1.25979	1.25969	1.26110	1.25698
800	2025.02.18 08:00	GBPUSD.i	H1	1.26013	1.25960	1.26082	1.25705
801	2025.02.18 09:00	GBPUSD.i	H1	1.26144	1.26015	1.26073	1.25715
802	2025.02.18 10:00	GBPUSD.i	H1	1.26096	1.26062	1.26074	1.25726
803	2025.02.18 11:00	GBPUSD.i	H1	1.26071	1.26067	1.26076	1.25737
804	2025.02.18 12:00	GBPUSD.i	H1	1.25954	1.26027	1.26067	1.25745
805	2025.02.18 13:00	GBPUSD.i	H1	1.26004	1.26010	1.26055	1.25752
806	2025.02.18 14:00	GBPUSD.i	H1	1.25885	1.25968	1.26036	1.25758
807	2025.02.18 15:00	GBPUSD.i	H1	1.25923	1.25932	1.26013	1.25763
808	2025.02.18 16:00	GBPUSD.i	H1	1.26065	1.25959	1.26001	1.25768
809	2025.02.18 17:00	GBPUSD.i	H1	1.26154	1.26038	1.26009	1.25777
810	2025.02.18 18:00	GBPUSD.i	H1	1.26117	1.26080	1.26024	1.25787
811	2025.02.18 19:00	GBPUSD.i	H1	1.26002	1.26068	1.26032	1.25795
812	2025.02.18 20:00	GBPUSD.i	H1	1.26012	1.26036	1.26031	1.25801
813	2025.02.18 21:00	GBPUSD.i	H1	1.25977	1.26017	1.26026	1.25806
814	2025.02.18 22:00	GBPUSD.i	H1	1.26065	1.26021	1.26024	1.25812
815	2025.02.18 23:00	GBPUSD.i	H1	1.26105	1.26055	1.26030	1.25819
816	2025.02.19 00:00	GBPUSD.i	H1	1.26331	1.26151	1.26056	1.25828
817	2025.02.19 01:00	GBPUSD.i	H1	1.26241	1.26222	1.26093	1.25840
818	2025.02.19 02:00	GBPUSD.i	H1	1.26164	1.26232	1.26123	1.25851
819	2025.02.19 03:00	GBPUSD.i	H1	1.26134	1.26203	1.26141	1.25860
820	2025.02.19 04:00	GBPUSD.i	H1	1.26159	1.26187	1.26151	1.25868
821	2025.02.19 05:00	GBPUSD.i	H1	1.26158	1.26170	1.26156	1.25875
822	2025.02.19 06:00	GBPUSD.i	H1	1.26163	1.26161	1.26159	1.25883
823	2025.02.19 07:00	GBPUSD.i	H1	1.26243	1.26187	1.26168	1.25891
824	2025.02.19 08:00	GBPUSD.i	H1	1.26169	1.26201	1.26178	1.25900
825	2025.02.19 09:00	GBPUSD.i	H1	1.26181	1.26218	1.26190	1.25908
826	2025.02.19 10:00	GBPUSD.i	H1	1.26129	1.26200	1.26195	1.25916
827	2025.02.19 11:00	GBPUSD.i	H1	1.26047	1.26155	1.26189	1.25922
828	2025.02.19 12:00	GBPUSD.i	H1	1.25923	1.26047	1.26160	1.25925
829	2025.02.19 13:00	GBPUSD.i	H1	1.25843	1.25937	1.26113	1.25924
830	2025.02.19 14:00	GBPUSD.i	H1	1.25862	1.25868	1.26060	1.25922
831	2025.02.19 15:00	GBPUSD.i	H1	1.25910	1.25857	1.26017	1.25921
832	2025.02.19 16:00	GBPUSD.i	H1	1.25919	1.25847	1.25981	1.25921
833	2025.02.19 17:00	GBPUSD.i	H1	1.25895	1.25869	1.25956	1.25920
834	2025.02.19 18:00	GBPUSD.i	H1	1.25711	1.25803	1.25921	1.25919
835	2025.02.19 19:00	GBPUSD.i	H1	1.25727	1.25733	1.25876	1.25914
836	2025.02.19 20:00	GBPUSD.i	H1	1.25752	1.25708	1.25835	1.25908
837	2025.02.19 21:00	GBPUSD.i	H1	1.25842	1.25739	1.25809	1.25905
838	2025.02.19 22:00	GBPUSD.i	H1	1.25877	1.25779	1.25797	1.25903
839	2025.02.19 23:00	GBPUSD.i	H1	1.25840	1.25806	1.25793	1.25901
840	2025.02.20 00:00	GBPUSD.i	H1	1.25809	1.25801	1.25787	1.25899
841	2025.02.20 01:00	GBPUSD.i	H1	1.25829	1.25810	1.25785	1.25897
842	2025.02.20 02:00	GBPUSD.i	H1	1.25918	1.25847	1.25791	1.25896
843	2025.02.20 03:00	GBPUSD.i	H1	1.25832	1.25858	1.25798	1.25895
844	2025.02.20 04:00	GBPUSD.i	H1	1.25940	1.25885	1.25810	1.25895
845	2025.02.20 05:00	GBPUSD.i	H1	1.25923	1.25909	1.25825	1.25895
846	2025.02.20 06:00	GBPUSD.i	H1	1.25940	1.25927	1.25841	1.25896
847	2025.02.20 07:00	GBPUSD.i	H1	1.25938	1.25950	1.25859	1.25897
848	2025.02.20 08:00	GBPUSD.i	H1	1.25899	1.25957	1.25876	1.25898
849	2025.02.20 09:00	GBPUSD.i	H1	1.25952	1.25967	1.25891	1.25900
850	2025.02.20 10:00	GBPUSD.i	H1	1.26083	1.26025	1.25918	1.25903
851	2025.02.20 11:00	GBPUSD.i	H1	1.26142	1.26083	1.25952	1.25908
852	2025.02.20 12:00	GBPUSD.i	H1	1.26168	1.26138	1.25992	1.25914
853	2025.02.20 13:00	GBPUSD.i	H1	1.26088	1.26137	1.26023	1.25920
854	2025.02.20 14:00	GBPUSD.i	H1	1.25993	1.26113	1.26043	1.25924
855	2025.02.20 15:00	GBPUSD.i	H1	1.26132	1.26127	1.26063	1.25928
856	2025.02.20 16:00	GBPUSD.i	H1	1.26136	1.26151	1.26085	1.25934
857	2025.02.20 17:00	GBPUSD.i	H1	1.26402	1.26235	1.26122	1.25942
858	2025.02.20 18:00	GBPUSD.i	H1	1.26418	1.26340	1.26175	1.25953
859	2025.02.20 19:00	GBPUSD.i	H1	1.26524	1.26447	1.26241	1.25967
860	2025.02.20 20:00	GBPUSD.i	H1	1.26612	1.26547	1.26316	1.25983
861	2025.02.20 21:00	GBPUSD.i	H1	1.26698	1.26637	1.26395	1.26001
862	2025.02.20 22:00	GBPUSD.i	H1	1.26703	1.26705	1.26473	1.26019
863	2025.02.20 23:00	GBPUSD.i	H1	1.26667	1.26739	1.26542	1.26037
864	2025.02.21 00:00	GBPUSD.i	H1	1.26649	1.26727	1.26594	1.26055
865	2025.02.21 01:00	GBPUSD.i	H1	1.26691	1.26740	1.26640	1.26071
866	2025.02.21 02:00	GBPUSD.i	H1	1.26592	1.26710	1.26670	1.26088
867	2025.02.21 03:00	GBPUSD.i	H1	1.26560	1.26662	1.26683	1.26102
868	2025.02.21 04:00	GBPUSD.i	H1	1.26730	1.26677	1.26699	1.26116
869	2025.02.21 05:00	GBPUSD.i	H1	1.26700	1.26696	1.26715	1.26132
870	2025.02.21 06:00	GBPUSD.i	H1	1.26646	1.26686	1.26726	1.26148
871	2025.02.21 07:00	GBPUSD.i	H1	1.26599	1.26650	1.26726	1.26161
872	2025.02.21 08:00	GBPUSD.i	H1	1.26601	1.26625	1.26720	1.26174
873	2025.02.21 09:00	GBPUSD.i	H1	1.26693	1.26661	1.26724	1.26187
874	2025.02.21 10:00	GBPUSD.i	H1	1.26596	1.26629	1.26718	1.26200
875	2025.02.21 11:00	GBPUSD.i	H1	1.26503	1.26569	1.26699	1.26210
876	2025.02.21 12:00	GBPUSD.i	H1	1.26469	1.26518	1.26672	1.26218
877	2025.02.21 13:00	GBPUSD.i	H1	1.26450	1.26481	1.26642	1.26226
878	2025.02.21 14:00	GBPUSD.i	H1	1.26394	1.26428	1.26606	1.26232
879	2025.02.21 15:00	GBPUSD.i	H1	1.26458	1.26418	1.26574	1.26237
880	2025.02.21 16:00	GBPUSD.i	H1	1.26567	1.26459	1.26557	1.26245
881	2025.02.21 17:00	GBPUSD.i	H1	1.26382	1.26431	1.26536	1.26252
882	2025.02.21 18:00	GBPUSD.i	H1	1.26444	1.26415	1.26515	1.26256
883	2025.02.21 19:00	GBPUSD.i	H1	1.26448	1.26413	1.26496	1.26261
884	2025.02.21 20:00	GBPUSD.i	H1	1.26344	1.26369	1.26471	1.26265
885	2025.02.21 21:00	GBPUSD.i	H1	1.26316	1.26335	1.26442	1.26267
886	2025.02.21 22:00	GBPUSD.i	H1	1.26304	1.26309	1.26413	1.26269
887	2025.02.21 23:00	GBPUSD.i	H1	1.26218	1.26267	1.26380	1.26269
888	2025.02.24 00:00	GBPUSD.i	H1	1.26374	1.26287	1.26358	1.26270
889	2025.02.24 01:00	GBPUSD.i	H1	1.26486	1.26367	1.26359	1.26274
890	2025.02.24 02:00	GBPUSD.i	H1	1.26666	1.26486	1.26385	1.26282
891	2025.02.24 03:00	GBPUSD.i	H1	1.26784	1.26619	1.26435	1.26293
892	2025.02.24 04:00	GBPUSD.i	H1	1.26846	1.26755	1.26504	1.26306
893	2025.02.24 05:00	GBPUSD.i	H1	1.26809	1.26826	1.26573	1.26321
894	2025.02.24 06:00	GBPUSD.i	H1	1.26775	1.26844	1.26631	1.26334
895	2025.02.24 07:00	GBPUSD.i	H1	1.26744	1.26832	1.26675	1.26346
896	2025.02.24 08:00	GBPUSD.i	H1	1.26653	1.26777	1.26698	1.26356
897	2025.02.24 09:00	GBPUSD.i	H1	1.26442	1.26664	1.26692	1.26362
898	2025.02.24 10:00	GBPUSD.i	H1	1.26484	1.26556	1.26664	1.26365
899	2025.02.24 11:00	GBPUSD.i	H1	1.26381	1.26470	1.26624	1.26367
900	2025.02.24 12:00	GBPUSD.i	H1	1.26431	1.26405	1.26580	1.26367
901	2025.02.24 13:00	GBPUSD.i	H1	1.26397	1.26376	1.26539	1.26368
902	2025.02.24 14:00	GBPUSD.i	H1	1.26379	1.26354	1.26502	1.26369
903	2025.02.24 15:00	GBPUSD.i	H1	1.26450	1.26370	1.26476	1.26370
904	2025.02.24 16:00	GBPUSD.i	H1	1.26185	1.26301	1.26439	1.26369
905	2025.02.24 17:00	GBPUSD.i	H1	1.26201	1.26240	1.26395	1.26366
906	2025.02.24 18:00	GBPUSD.i	H1	1.26393	1.26256	1.26364	1.26363
907	2025.02.24 19:00	GBPUSD.i	H1	1.26404	1.26305	1.26350	1.26363
908	2025.02.24 20:00	GBPUSD.i	H1	1.26434	1.26362	1.26350	1.26365
909	2025.02.24 21:00	GBPUSD.i	H1	1.26326	1.26364	1.26350	1.26366
910	2025.02.24 22:00	GBPUSD.i	H1	1.26225	1.26316	1.26338	1.26365
911	2025.02.24 23:00	GBPUSD.i	H1	1.26223	1.26264	1.26316	1.26362
912	2025.02.25 00:00	GBPUSD.i	H1	1.26277	1.26250	1.26296	1.26358
913	2025.02.25 01:00	GBPUSD.i	H1	1.26170	1.26218	1.26273	1.26355
914	2025.02.25 02:00	GBPUSD.i	H1	1.26192	1.26193	1.26249	1.26350
915	2025.02.25 03:00	GBPUSD.i	H1	1.26229	1.26189	1.26230	1.26346
916	2025.02.25 04:00	GBPUSD.i	H1	1.26345	1.26234	1.26225	1.26344
917	2025.02.25 05:00	GBPUSD.i	H1	1.26323	1.26277	1.26231	1.26343
918	2025.02.25 06:00	GBPUSD.i	H1	1.26331	1.26312	1.26243	1.26343
919	2025.02.25 07:00	GBPUSD.i	H1	1.26369	1.26344	1.26259	1.26343
920	2025.02.25 08:00	GBPUSD.i	H1	1.26310	1.26343	1.26271	1.26343
921	2025.02.25 09:00	GBPUSD.i	H1	1.26128	1.26276	1.26266	1.26340
922	2025.02.25 10:00	GBPUSD.i	H1	1.26199	1.26233	1.26253	1.26336
923	2025.02.25 11:00	GBPUSD.i	H1	1.26239	1.26232	1.26243	1.26333
924	2025.02.25 12:00	GBPUSD.i	H1	1.26257	1.26229	1.26235	1.26330
925	2025.02.25 13:00	GBPUSD.i	H1	1.26535	1.26328	1.26253	1.26330
926	2025.02.25 14:00	GBPUSD.i	H1	1.26573	1.26449	1.26294	1.26335
927	2025.02.25 15:00	GBPUSD.i	H1	1.26705	1.26583	1.26356	1.26343
928	2025.02.25 16:00	GBPUSD.i	H1	1.26625	1.26652	1.26420	1.26352
929	2025.02.25 17:00	GBPUSD.i	H1	1.26542	1.26668	1.26473	1.26360
930	2025.02.25 18:00	GBPUSD.i	H1	1.26503	1.26629	1.26507	1.26365
931	2025.02.25 19:00	GBPUSD.i	H1	1.26631	1.26616	1.26532	1.26370
932	2025.02.25 20:00	GBPUSD.i	H1	1.26654	1.26659	1.26563	1.26377
933	2025.02.25 21:00	GBPUSD.i	H1	1.26693	1.26681	1.26593	1.26385
934	2025.02.25 22:00	GBPUSD.i	H1	1.26707	1.26716	1.26626	1.26393
935	2025.02.25 23:00	GBPUSD.i	H1	1.26612	1.26703	1.26649	1.26401
936	2025.02.26 00:00	GBPUSD.i	H1	1.26656	1.26685	1.26663	1.26408
937	2025.02.26 01:00	GBPUSD.i	H1	1.26717	1.26706	1.26680	1.26415
938	2025.02.26 02:00	GBPUSD.i	H1	1.26760	1.26736	1.26701	1.26424
939	2025.02.26 03:00	GBPUSD.i	H1	1.26646	1.26720	1.26714	1.26432
940	2025.02.26 04:00	GBPUSD.i	H1	1.26553	1.26658	1.26709	1.26438
941	2025.02.26 05:00	GBPUSD.i	H1	1.26497	1.26587	1.26690	1.26441
942	2025.02.26 06:00	GBPUSD.i	H1	1.26410	1.26504	1.26657	1.26442
943	2025.02.26 07:00	GBPUSD.i	H1	1.26385	1.26427	1.26613	1.26441
944	2025.02.26 08:00	GBPUSD.i	H1	1.26485	1.26410	1.26575	1.26441
945	2025.02.26 09:00	GBPUSD.i	H1	1.26481	1.26430	1.26550	1.26441
946	2025.02.26 10:00	GBPUSD.i	H1	1.26516	1.26458	1.26535	1.26443
947	2025.02.26 11:00	GBPUSD.i	H1	1.26536	1.26485	1.26528	1.26446
948	2025.02.26 12:00	GBPUSD.i	H1	1.26452	1.26475	1.26519	1.26448
949	2025.02.26 13:00	GBPUSD.i	H1	1.26484	1.26463	1.26508	1.26448
950	2025.02.26 14:00	GBPUSD.i	H1	1.26432	1.26459	1.26498	1.26449
951	2025.02.26 15:00	GBPUSD.i	H1	1.26537	1.26490	1.26497	1.26450
952	2025.02.26 16:00	GBPUSD.i	H1	1.26654	1.26549	1.26509	1.26454
953	2025.02.26 17:00	GBPUSD.i	H1	1.26947	1.26696	1.26551	1.26461
954	2025.02.26 18:00	GBPUSD.i	H1	1.26933	1.26850	1.26618	1.26474
955	2025.02.26 19:00	GBPUSD.i	H1	1.26845	1.26924	1.26687	1.26487
956	2025.02.26 20:00	GBPUSD.i	H1	1.26810	1.26928	1.26741	1.26498
957	2025.02.26 21:00	GBPUSD.i	H1	1.26841	1.26906	1.26779	1.26507
958	2025.02.26 22:00	GBPUSD.i	H1	1.26749	1.26866	1.26801	1.26515
959	2025.02.26 23:00	GBPUSD.i	H1	1.26710	1.26814	1.26807	1.26522
960	2025.02.27 00:00	GBPUSD.i	H1	1.26754	1.26783	1.26806	1.26528
961	2025.02.27 01:00	GBPUSD.i	H1	1.26804	1.26791	1.26809	1.26534
962	2025.02.27 02:00	GBPUSD.i	H1	1.26656	1.26748	1.26802	1.26540
963	2025.02.27 03:00	GBPUSD.i	H1	1.26644	1.26696	1.26785	1.26544
964	2025.02.27 04:00	GBPUSD.i	H1	1.26609	1.26650	1.26761	1.26546
965	2025.02.27 05:00	GBPUSD.i	H1	1.26567	1.26609	1.26733	1.26548
966	2025.02.27 06:00	GBPUSD.i	H1	1.26543	1.26560	1.26700	1.26549
967	2025.02.27 07:00	GBPUSD.i	H1	1.26547	1.26531	1.26667	1.26549
968	2025.02.27 08:00	GBPUSD.i	H1	1.26629	1.26544	1.26644	1.26549
969	2025.02.27 09:00	GBPUSD.i	H1	1.26663	1.26581	1.26633	1.26551
970	2025.02.27 10:00	GBPUSD.i	H1	1.26718	1.26634	1.26636	1.26555
971	2025.02.27 11:00	GBPUSD.i	H1	1.26785	1.26689	1.26650	1.26560
972	2025.02.27 12:00	GBPUSD.i	H1	1.26790	1.26724	1.26667	1.26565
973	2025.02.27 13:00	GBPUSD.i	H1	1.26727	1.26756	1.26687	1.26571
974	2025.02.27 14:00	GBPUSD.i	H1	1.26667	1.26757	1.26702	1.26576
975	2025.02.27 15:00	GBPUSD.i	H1	1.26321	1.26639	1.26687	1.26577
976	2025.02.27 16:00	GBPUSD.i	H1	1.26281	1.26476	1.26639	1.26572
977	2025.02.27 17:00	GBPUSD.i	H1	1.26278	1.26363	1.26576	1.26565
978	2025.02.27 18:00	GBPUSD.i	H1	1.26267	1.26277	1.26508	1.26557
979	2025.02.27 19:00	GBPUSD.i	H1	1.26127	1.26187	1.26435	1.26547
980	2025.02.27 20:00	GBPUSD.i	H1	1.26283	1.26168	1.26373	1.26537
981	2025.02.27 21:00	GBPUSD.i	H1	1.26081	1.26118	1.26312	1.26528
982	2025.02.27 22:00	GBPUSD.i	H1	1.26123	1.26071	1.26253	1.26516
983	2025.02.27 23:00	GBPUSD.i	H1	1.25980	1.26013	1.26192	1.26504
984	2025.02.28 00:00	GBPUSD.i	H1	1.25998	1.25963	1.26132	1.26490
985	2025.02.28 01:00	GBPUSD.i	H1	1.25963	1.25943	1.26080	1.26476
986	2025.02.28 02:00	GBPUSD.i	H1	1.26065	1.25957	1.26041	1.26463
987	2025.02.28 03:00	GBPUSD.i	H1	1.25943	1.25953	1.26008	1.26451
988	2025.02.28 04:00	GBPUSD.i	H1	1.25838	1.25905	1.25971	1.26437
989	2025.02.28 05:00	GBPUSD.i	H1	1.25846	1.25858	1.25930	1.26421
990	2025.02.28 06:00	GBPUSD.i	H1	1.25826	1.25826	1.25891	1.26405
991	2025.02.28 07:00	GBPUSD.i	H1	1.25858	1.25814	1.25857	1.26389
992	2025.02.28 08:00	GBPUSD.i	H1	1.25797	1.25788	1.25825	1.26373
993	2025.02.28 09:00	GBPUSD.i	H1	1.25881	1.25813	1.25805	1.26358
994	2025.02.28 10:00	GBPUSD.i	H1	1.26000	1.25878	1.25805	1.26346
995	2025.02.28 11:00	GBPUSD.i	H1	1.25952	1.25934	1.25817	1.26336
996	2025.02.28 12:00	GBPUSD.i	H1	1.25929	1.25956	1.25831	1.26326
997	2025.02.28 13:00	GBPUSD.i	H1	1.25952	1.25951	1.25841	1.26315
998	2025.02.28 14:00	GBPUSD.i	H1	1.26010	1.25980	1.25857	1.26305
999	2025.02.28 15:00	GBPUSD.i	H1	1.26024	1.26017	1.25878	1.26297
1000	2025.02.28 16:00	GBPUSD.i	H1	1.26030	1.26035	1.25900	1.26290
1001	2025.02.28 17:00	GBPUSD.i	H1	1.25921	1.26029	1.25917	1.26282
1002	2025.02.28 18:00	GBPUSD.i	H1	1.25888	1.25977	1.25919	1.26272
1003	2025.02.28 19:00	GBPUSD.i	H1	1.25901	1.25964	1.25919	1.26262
1004	2025.02.28 20:00	GBPUSD.i	H1	1.25619	1.25844	1.25893	1.26250
1005	2025.02.28 21:00	GBPUSD.i	H1	1.25717	1.25760	1.25856	1.26235
1006	2025.02.28 22:00	GBPUSD.i	H1	1.25808	1.25749	1.25825	1.26221
1007	2025.02.28 23:00	GBPUSD.i	H1	1.25701	1.25728	1.25797	1.26208
1008	2025.03.03 00:00	GBPUSD.i	H1	1.25875	1.25773	1.25786	1.26197
1009	2025.03.03 01:00	GBPUSD.i	H1	1.26022	1.25873	1.25800	1.26189
1010	2025.03.03 02:00	GBPUSD.i	H1	1.26026	1.25953	1.25828	1.26184
1011	2025.03.03 03:00	GBPUSD.i	H1	1.26086	1.26028	1.25867	1.26181
1012	2025.03.03 04:00	GBPUSD.i	H1	1.26077	1.26078	1.25908	1.26178
1013	2025.03.03 05:00	GBPUSD.i	H1	1.26026	1.26076	1.25940	1.26174
1014	2025.03.03 06:00	GBPUSD.i	H1	1.26034	1.26078	1.25967	1.26170
1015	2025.03.03 07:00	GBPUSD.i	H1	1.26051	1.26079	1.25988	1.26167
1016	2025.03.03 08:00	GBPUSD.i	H1	1.25972	1.26052	1.26000	1.26163
1017	2025.03.03 09:00	GBPUSD.i	H1	1.26013	1.26029	1.26005	1.26158
1018	2025.03.03 10:00	GBPUSD.i	H1	1.25909	1.25984	1.26000	1.26152
1019	2025.03.03 11:00	GBPUSD.i	H1	1.26288	1.26070	1.26017	1.26149
1020	2025.03.03 12:00	GBPUSD.i	H1	1.26468	1.26246	1.26070	1.26153
1021	2025.03.03 13:00	GBPUSD.i	H1	1.26606	1.26422	1.26152	1.26162
1022	2025.03.03 14:00	GBPUSD.i	H1	1.26876	1.26645	1.26266	1.26176
1023	2025.03.03 15:00	GBPUSD.i	H1	1.26797	1.26785	1.26387	1.26194
1024	2025.03.03 16:00	GBPUSD.i	H1	1.26894	1.26900	1.26508	1.26212
1025	2025.03.03 17:00	GBPUSD.i	H1	1.26990	1.27012	1.26629	1.26232
1026	2025.03.03 18:00	GBPUSD.i	H1	1.27089	1.27103	1.26745	1.26254
1027	2025.03.03 19:00	GBPUSD.i	H1	1.27164	1.27185	1.26857	1.26277
1028	2025.03.03 20:00	GBPUSD.i	H1	1.27063	1.27214	1.26953	1.26300
1029	2025.03.03 21:00	GBPUSD.i	H1	1.26906	1.27147	1.27015	1.26321
1030	2025.03.03 22:00	GBPUSD.i	H1	1.26975	1.27074	1.27049	1.26338
1031	2025.03.03 23:00	GBPUSD.i	H1	1.26987	1.27063	1.27075	1.26355
1032	2025.03.04 00:00	GBPUSD.i	H1	1.27002	1.27040	1.27093	1.26373
1033	2025.03.04 01:00	GBPUSD.i	H1	1.27015	1.27042	1.27108	1.26391
1034	2025.03.04 02:00	GBPUSD.i	H1	1.26996	1.27013	1.27113	1.26408
1035	2025.03.04 03:00	GBPUSD.i	H1	1.26971	1.27003	1.27114	1.26424
1036	2025.03.04 04:00	GBPUSD.i	H1	1.26888	1.26959	1.27105	1.26438
1037	2025.03.04 05:00	GBPUSD.i	H1	1.26873	1.26914	1.27087	1.26451
1038	2025.03.04 06:00	GBPUSD.i	H1	1.26944	1.26890	1.27066	1.26464
1039	2025.03.04 07:00	GBPUSD.i	H1	1.26956	1.26891	1.27049	1.26476
1040	2025.03.04 08:00	GBPUSD.i	H1	1.26981	1.26911	1.27039	1.26489
1041	2025.03.04 09:00	GBPUSD.i	H1	1.27040	1.26949	1.27038	1.26503
1042	2025.03.04 10:00	GBPUSD.i	H1	1.27194	1.27026	1.27052	1.26519
1043	2025.03.04 11:00	GBPUSD.i	H1	1.27248	1.27143	1.27089	1.26537
1044	2025.03.04 12:00	GBPUSD.i	H1	1.27225	1.27178	1.27123	1.26557
1045	2025.03.04 13:00	GBPUSD.i	H1	1.27405	1.27256	1.27166	1.26576
1046	2025.03.04 14:00	GBPUSD.i	H1	1.27467	1.27367	1.27225	1.26598
1047	2025.03.04 15:00	GBPUSD.i	H1	1.27222	1.27376	1.27271	1.26619
1048	2025.03.04 16:00	GBPUSD.i	H1	1.27096	1.27297	1.27288	1.26637
1049	2025.03.04 17:00	GBPUSD.i	H1	1.27162	1.27225	1.27286	1.26651
1050	2025.03.04 18:00	GBPUSD.i	H1	1.27249	1.27213	1.27283	1.26665
1051	2025.03.04 19:00	GBPUSD.i	H1	1.27436	1.27293	1.27299	1.26682
1052	2025.03.04 20:00	GBPUSD.i	H1	1.27752	1.27471	1.27351	1.26705
1053	2025.03.04 21:00	GBPUSD.i	H1	1.27874	1.27676	1.27438	1.26734
1054	2025.03.04 22:00	GBPUSD.i	H1	1.27840	1.27825	1.27539	1.26766
1055	2025.03.04 23:00	GBPUSD.i	H1	1.27933	1.27927	1.27640	1.26797
1056	2025.03.05 00:00	GBPUSD.i	H1	1.27873	1.27966	1.27727	1.26828
1057	2025.03.05 01:00	GBPUSD.i	H1	1.27953	1.27999	1.27803	1.26858
1058	2025.03.05 02:00	GBPUSD.i	H1	1.27883	1.27993	1.27863	1.26887
1059	2025.03.05 03:00	GBPUSD.i	H1	1.27770	1.27950	1.27900	1.26914
1060	2025.03.05 04:00	GBPUSD.i	H1	1.27704	1.27872	1.27914	1.26939
1061	2025.03.05 05:00	GBPUSD.i	H1	1.27866	1.27848	1.27920	1.26962
1062	2025.03.05 06:00	GBPUSD.i	H1	1.27870	1.27872	1.27931	1.26986
1063	2025.03.05 07:00	GBPUSD.i	H1	1.27959	1.27905	1.27948	1.27012
1064	2025.03.05 08:00	GBPUSD.i	H1	1.27969	1.27935	1.27967	1.27038
1065	2025.03.05 09:00	GBPUSD.i	H1	1.28208	1.28035	1.28004	1.27066
1066	2025.03.05 10:00	GBPUSD.i	H1	1.28434	1.28215	1.28073	1.27099
1067	2025.03.05 11:00	GBPUSD.i	H1	1.28358	1.28347	1.28156	1.27135
1068	2025.03.05 12:00	GBPUSD.i	H1	1.28316	1.28367	1.28223	1.27169
1069	2025.03.05 13:00	GBPUSD.i	H1	1.28235	1.28348	1.28271	1.27200
1070	2025.03.05 14:00	GBPUSD.i	H1	1.28123	1.28313	1.28301	1.27228
1071	2025.03.05 15:00	GBPUSD.i	H1	1.28226	1.28264	1.28313	1.27255
1072	2025.03.05 16:00	GBPUSD.i	H1	1.28691	1.28401	1.28355	1.27286
1073	2025.03.05 17:00	GBPUSD.i	H1	1.28672	1.28539	1.28419	1.27322
1074	2025.03.05 18:00	GBPUSD.i	H1	1.28602	1.28624	1.28487	1.27359
1075	2025.03.05 19:00	GBPUSD.i	H1	1.28793	1.28708	1.28559	1.27396
1076	2025.03.05 20:00	GBPUSD.i	H1	1.28886	1.28794	1.28634	1.27434
1077	2025.03.05 21:00	GBPUSD.i	H1	1.28971	1.28902	1.28717	1.27474
1078	2025.03.05 22:00	GBPUSD.i	H1	1.29004	1.28989	1.28801	1.27515
1079	2025.03.05 23:00	GBPUSD.i	H1	1.28919	1.29014	1.28873	1.27555
1080	2025.03.06 00:00	GBPUSD.i	H1	1.28909	1.28998	1.28925	1.27593
1081	2025.03.06 01:00	GBPUSD.i	H1	1.28898	1.28984	1.28964	1.27630
1082	2025.03.06 02:00	GBPUSD.i	H1	1.28925	1.28981	1.28994	1.27665
1083	2025.03.06 03:00	GBPUSD.i	H1	1.29049	1.29010	1.29025	1.27702
1084	2025.03.06 04:00	GBPUSD.i	H1	1.28969	1.29016	1.29050	1.27738
1085	2025.03.06 05:00	GBPUSD.i	H1	1.28866	1.28970	1.29059	1.27771
1086	2025.03.06 06:00	GBPUSD.i	H1	1.29008	1.28963	1.29064	1.27803
1087	2025.03.06 07:00	GBPUSD.i	H1	1.29022	1.28982	1.29072	1.27836
1088	2025.03.06 08:00	GBPUSD.i	H1	1.28990	1.29002	1.29081	1.27869
1089	2025.03.06 09:00	GBPUSD.i	H1	1.29088	1.29039	1.29096	1.27902
1090	2025.03.06 10:00	GBPUSD.i	H1	1.28950	1.29025	1.29103	1.27933
1091	2025.03.06 11:00	GBPUSD.i	H1	1.28766	1.28933	1.29086	1.27961
1092	2025.03.06 12:00	GBPUSD.i	H1	1.28736	1.28828	1.29048	1.27984
1093	2025.03.06 13:00	GBPUSD.i	H1	1.28797	1.28783	1.29008	1.28005
1094	2025.03.06 14:00	GBPUSD.i	H1	1.28863	1.28796	1.28978	1.28028
1095	2025.03.06 15:00	GBPUSD.i	H1	1.28970	1.28830	1.28961	1.28052
1096	2025.03.06 16:00	GBPUSD.i	H1	1.29024	1.28881	1.28958	1.28076
1097	2025.03.06 17:00	GBPUSD.i	H1	1.28904	1.28917	1.28961	1.28101
1098	2025.03.06 18:00	GBPUSD.i	H1	1.28937	1.28949	1.28969	1.28126
1099	2025.03.06 19:00	GBPUSD.i	H1	1.28880	1.28930	1.28970	1.28148
1100	2025.03.06 20:00	GBPUSD.i	H1	1.28856	1.28903	1.28963	1.28169
1101	2025.03.06 21:00	GBPUSD.i	H1	1.28941	1.28913	1.28959	1.28189
1102	2025.03.06 22:00	GBPUSD.i	H1	1.28780	1.28872	1.28946	1.28209
1103	2025.03.06 23:00	GBPUSD.i	H1	1.28751	1.28811	1.28921	1.28225
1104	2025.03.07 00:00	GBPUSD.i	H1	1.28793	1.28777	1.28894	1.28240
1105	2025.03.07 01:00	GBPUSD.i	H1	1.28831	1.28788	1.28874	1.28256
1106	2025.03.07 02:00	GBPUSD.i	H1	1.28821	1.28801	1.28862	1.28272
1107	2025.03.07 03:00	GBPUSD.i	H1	1.28837	1.28802	1.28851	1.28287
1108	2025.03.07 04:00	GBPUSD.i	H1	1.28856	1.28815	1.28845	1.28302
1109	2025.03.07 05:00	GBPUSD.i	H1	1.28872	1.28841	1.28845	1.28318
1110	2025.03.07 06:00	GBPUSD.i	H1	1.28857	1.28852	1.28847	1.28333
1111	2025.03.07 07:00	GBPUSD.i	H1	1.28845	1.28856	1.28849	1.28348
1112	2025.03.07 08:00	GBPUSD.i	H1	1.28970	1.28890	1.28858	1.28363
1113	2025.03.07 09:00	GBPUSD.i	H1	1.29043	1.28960	1.28881	1.28380
1114	2025.03.07 10:00	GBPUSD.i	H1	1.29208	1.29075	1.28925	1.28400
1115	2025.03.07 11:00	GBPUSD.i	H1	1.29384	1.29222	1.28992	1.28423
1116	2025.03.07 12:00	GBPUSD.i	H1	1.29202	1.29282	1.29058	1.28447
1117	2025.03.07 13:00	GBPUSD.i	H1	1.29197	1.29271	1.29107	1.28469
1118	2025.03.07 14:00	GBPUSD.i	H1	1.29107	1.29225	1.29135	1.28488
1119	2025.03.07 15:00	GBPUSD.i	H1	1.29028	1.29209	1.29156	1.28506
1120	2025.03.07 16:00	GBPUSD.i	H1	1.29198	1.29208	1.29172	1.28524
1121	2025.03.07 17:00	GBPUSD.i	H1	1.29231	1.29216	1.29188	1.28542
1122	2025.03.07 18:00	GBPUSD.i	H1	1.29150	1.29202	1.29199	1.28560
1123	2025.03.07 19:00	GBPUSD.i	H1	1.29073	1.29147	1.29194	1.28576
1124	2025.03.07 20:00	GBPUSD.i	H1	1.29113	1.29106	1.29182	1.28590
1125	2025.03.07 21:00	GBPUSD.i	H1	1.29207	1.29125	1.29178	1.28604
1126	2025.03.07 22:00	GBPUSD.i	H1	1.29246	1.29174	1.29185	1.28621
1127	2025.03.07 23:00	GBPUSD.i	H1	1.29154	1.29188	1.29194	1.28637
1128	2025.03.10 00:00	GBPUSD.i	H1	1.29129	1.29159	1.29193	1.28652
1129	2025.03.10 01:00	GBPUSD.i	H1	1.29308	1.29204	1.29203	1.28667
1130	2025.03.10 02:00	GBPUSD.i	H1	1.29318	1.29263	1.29223	1.28684
1131	2025.03.10 03:00	GBPUSD.i	H1	1.29382	1.29327	1.29253	1.28702
1132	2025.03.10 04:00	GBPUSD.i	H1	1.29289	1.29348	1.29281	1.28721
1133	2025.03.10 05:00	GBPUSD.i	H1	1.29125	1.29281	1.29287	1.28736
1134	2025.03.10 06:00	GBPUSD.i	H1	1.29114	1.29210	1.29275	1.28747
1135	2025.03.10 07:00	GBPUSD.i	H1	1.29074	1.29151	1.29253	1.28757
1136	2025.03.10 08:00	GBPUSD.i	H1	1.29126	1.29115	1.29228	1.28767
1137	2025.03.10 09:00	GBPUSD.i	H1	1.29146	1.29123	1.29211	1.28777
1138	2025.03.10 10:00	GBPUSD.i	H1	1.28956	1.29058	1.29182	1.28786
1139	2025.03.10 11:00	GBPUSD.i	H1	1.28777	1.28930	1.29129	1.28790
1140	2025.03.10 12:00	GBPUSD.i	H1	1.29089	1.28927	1.29088	1.28793
1141	2025.03.10 13:00	GBPUSD.i	H1	1.29209	1.29036	1.29079	1.28801
1142	2025.03.10 14:00	GBPUSD.i	H1	1.29228	1.29105	1.29087	1.28812
1143	2025.03.10 15:00	GBPUSD.i	H1	1.29336	1.29217	1.29117	1.28825
1144	2025.03.10 16:00	GBPUSD.i	H1	1.29260	1.29278	1.29153	1.28839
1145	2025.03.10 17:00	GBPUSD.i	H1	1.29172	1.29244	1.29173	1.28850
1146	2025.03.10 18:00	GBPUSD.i	H1	1.29047	1.29175	1.29172	1.28857
1147	2025.03.10 19:00	GBPUSD.i	H1	1.28946	1.29076	1.29149	1.28862
1148	2025.03.10 20:00	GBPUSD.i	H1	1.28774	1.28947	1.29103	1.28863
1149	2025.03.10 21:00	GBPUSD.i	H1	1.28697	1.28807	1.29036	1.28860
1150	2025.03.10 22:00	GBPUSD.i	H1	1.28770	1.28729	1.28966	1.28856
1151	2025.03.10 23:00	GBPUSD.i	H1	1.28735	1.28687	1.28902	1.28853
1152	2025.03.11 00:00	GBPUSD.i	H1	1.28758	1.28679	1.28850	1.28849
1153	2025.03.11 01:00	GBPUSD.i	H1	1.28739	1.28682	1.28809	1.28847
1154	2025.03.11 02:00	GBPUSD.i	H1	1.28751	1.28694	1.28778	1.28844
1155	2025.03.11 03:00	GBPUSD.i	H1	1.28856	1.28740	1.28763	1.28843
1156	2025.03.11 04:00	GBPUSD.i	H1	1.28894	1.28785	1.28761	1.28843
1157	2025.03.11 05:00	GBPUSD.i	H1	1.28892	1.28831	1.28768	1.28843
1158	2025.03.11 06:00	GBPUSD.i	H1	1.28900	1.28870	1.28782	1.28845
1159	2025.03.11 07:00	GBPUSD.i	H1	1.28945	1.28908	1.28801	1.28847
1160	2025.03.11 08:00	GBPUSD.i	H1	1.28763	1.28876	1.28808	1.28848
1161	2025.03.11 09:00	GBPUSD.i	H1	1.28939	1.28897	1.28819	1.28848
1162	2025.03.11 10:00	GBPUSD.i	H1	1.29089	1.28985	1.28849	1.28852
1163	2025.03.11 11:00	GBPUSD.i	H1	1.29301	1.29130	1.28905	1.28860
1164	2025.03.11 12:00	GBPUSD.i	H1	1.29347	1.29261	1.28979	1.28872
1165	2025.03.11 13:00	GBPUSD.i	H1	1.29268	1.29316	1.29050	1.28884
1166	2025.03.11 14:00	GBPUSD.i	H1	1.29243	1.29335	1.29110	1.28895
1167	2025.03.11 15:00	GBPUSD.i	H1	1.29448	1.29402	1.29174	1.28907
1168	2025.03.11 16:00	GBPUSD.i	H1	1.29322	1.29422	1.29230	1.28920
1169	2025.03.11 17:00	GBPUSD.i	H1	1.29311	1.29387	1.29268	1.28931
1170	2025.03.11 18:00	GBPUSD.i	H1	1.29458	1.29436	1.29310	1.28943
1171	2025.03.11 19:00	GBPUSD.i	H1	1.29373	1.29444	1.29346	1.28956
1172	2025.03.11 20:00	GBPUSD.i	H1	1.29494	1.29465	1.29381	1.28969
1173	2025.03.11 21:00	GBPUSD.i	H1	1.29603	1.29541	1.29426	1.28984
1174	2025.03.11 22:00	GBPUSD.i	H1	1.29521	1.29577	1.29471	1.29000
1175	2025.03.11 23:00	GBPUSD.i	H1	1.29407	1.29536	1.29496	1.29014
1176	2025.03.12 00:00	GBPUSD.i	H1	1.29426	1.29505	1.29510	1.29026
1177	2025.03.12 01:00	GBPUSD.i	H1	1.29482	1.29494	1.29519	1.29038
1178	2025.03.12 02:00	GBPUSD.i	H1	1.29437	1.29480	1.29523	1.29050
1179	2025.03.12 03:00	GBPUSD.i	H1	1.29358	1.29430	1.29515	1.29060
1180	2025.03.12 04:00	GBPUSD.i	H1	1.29373	1.29400	1.29503	1.29069
1181	2025.03.12 05:00	GBPUSD.i	H1	1.29333	1.29372	1.29486	1.29078
1182	2025.03.12 06:00	GBPUSD.i	H1	1.29222	1.29307	1.29458	1.29084
1183	2025.03.12 07:00	GBPUSD.i	H1	1.29239	1.29251	1.29422	1.29089
1184	2025.03.12 08:00	GBPUSD.i	H1	1.29312	1.29241	1.29392	1.29093
1185	2025.03.12 09:00	GBPUSD.i	H1	1.29164	1.29207	1.29359	1.29098
1186	2025.03.12 10:00	GBPUSD.i	H1	1.29288	1.29205	1.29332	1.29101
1187	2025.03.12 11:00	GBPUSD.i	H1	1.29422	1.29262	1.29323	1.29107
1188	2025.03.12 12:00	GBPUSD.i	H1	1.29346	1.29309	1.29325	1.29114
1189	2025.03.12 13:00	GBPUSD.i	H1	1.29335	1.29330	1.29330	1.29121
1190	2025.03.12 14:00	GBPUSD.i	H1	1.29443	1.29396	1.29347	1.29129
1191	2025.03.12 15:00	GBPUSD.i	H1	1.29428	1.29487	1.29381	1.29140
1192	2025.03.12 16:00	GBPUSD.i	H1	1.29350	1.29459	1.29400	1.29149
1193	2025.03.12 17:00	GBPUSD.i	H1	1.29462	1.29441	1.29410	1.29156
1194	2025.03.12 18:00	GBPUSD.i	H1	1.29681	1.29523	1.29437	1.29166
1195	2025.03.12 19:00	GBPUSD.i	H1	1.29728	1.29641	1.29485	1.29179
1196	2025.03.12 20:00	GBPUSD.i	H1	1.29671	1.29703	1.29537	1.29195
1197	2025.03.12 21:00	GBPUSD.i	H1	1.29674	1.29721	1.29581	1.29208
1198	2025.03.12 22:00	GBPUSD.i	H1	1.29673	1.29726	1.29617	1.29221
1199	2025.03.12 23:00	GBPUSD.i	H1	1.29556	1.29690	1.29638	1.29233
1200	2025.03.13 00:00	GBPUSD.i	H1	1.29609	1.29659	1.29648	1.29243
1201	2025.03.13 01:00	GBPUSD.i	H1	1.29657	1.29661	1.29658	1.29254
1202	2025.03.13 02:00	GBPUSD.i	H1	1.29642	1.29657	1.29665	1.29265
1203	2025.03.13 03:00	GBPUSD.i	H1	1.29667	1.29659	1.29671	1.29275
1204	2025.03.13 04:00	GBPUSD.i	H1	1.29667	1.29665	1.29678	1.29286
1205	2025.03.13 05:00	GBPUSD.i	H1	1.29702	1.29685	1.29688	1.29297
1206	2025.03.13 06:00	GBPUSD.i	H1	1.29580	1.29657	1.29689	1.29307
1207	2025.03.13 07:00	GBPUSD.i	H1	1.29623	1.29628	1.29683	1.29315
1208	2025.03.13 08:00	GBPUSD.i	H1	1.29587	1.29599	1.29671	1.29323
1209	2025.03.13 09:00	GBPUSD.i	H1	1.29509	1.29556	1.29652	1.29329
1210	2025.03.13 10:00	GBPUSD.i	H1	1.29527	1.29521	1.29630	1.29335
1211	2025.03.13 11:00	GBPUSD.i	H1	1.29479	1.29505	1.29608	1.29340
1212	2025.03.13 12:00	GBPUSD.i	H1	1.29595	1.29511	1.29592	1.29345
1213	2025.03.13 13:00	GBPUSD.i	H1	1.29562	1.29526	1.29582	1.29351
1214	2025.03.13 14:00	GBPUSD.i	H1	1.29320	1.29450	1.29555	1.29354
1215	2025.03.13 15:00	GBPUSD.i	H1	1.29326	1.29419	1.29527	1.29356
1216	2025.03.13 16:00	GBPUSD.i	H1	1.29373	1.29366	1.29493	1.29356
1217	2025.03.13 17:00	GBPUSD.i	H1	1.29566	1.29416	1.29477	1.29358
1218	2025.03.13 18:00	GBPUSD.i	H1	1.29433	1.29425	1.29466	1.29362
1219	2025.03.13 19:00	GBPUSD.i	H1	1.29468	1.29441	1.29459	1.29365
1220	2025.03.13 20:00	GBPUSD.i	H1	1.29403	1.29423	1.29450	1.29367
1221	2025.03.13 21:00	GBPUSD.i	H1	1.29520	1.29447	1.29447	1.29369
1222	2025.03.13 22:00	GBPUSD.i	H1	1.29442	1.29454	1.29446	1.29372
1223	2025.03.13 23:00	GBPUSD.i	H1	1.29399	1.29453	1.29445	1.29375
1224	2025.03.14 00:00	GBPUSD.i	H1	1.29476	1.29460	1.29445	1.29377
1225	2025.03.14 01:00	GBPUSD.i	H1	1.29515	1.29482	1.29450	1.29380
1226	2025.03.14 02:00	GBPUSD.i	H1	1.29567	1.29515	1.29462	1.29384
1227	2025.03.14 03:00	GBPUSD.i	H1	1.29447	1.29513	1.29470	1.29388
1228	2025.03.14 04:00	GBPUSD.i	H1	1.29419	1.29482	1.29470	1.29390
1229	2025.03.14 05:00	GBPUSD.i	H1	1.29400	1.29444	1.29462	1.29391
1230	2025.03.14 06:00	GBPUSD.i	H1	1.29439	1.29435	1.29453	1.29391
1231	2025.03.14 07:00	GBPUSD.i	H1	1.29410	1.29419	1.29444	1.29392
1232	2025.03.14 08:00	GBPUSD.i	H1	1.29490	1.29435	1.29440	1.29393
1233	2025.03.14 09:00	GBPUSD.i	H1	1.29392	1.29424	1.29435	1.29395
1234	2025.03.14 10:00	GBPUSD.i	H1	1.29253	1.29347	1.29413	1.29393
1235	2025.03.14 11:00	GBPUSD.i	H1	1.29328	1.29320	1.29390	1.29390
1236	2025.03.14 12:00	GBPUSD.i	H1	1.29281	1.29288	1.29365	1.29388
1237	2025.03.14 13:00	GBPUSD.i	H1	1.29417	1.29329	1.29355	1.29387
1238	2025.03.14 14:00	GBPUSD.i	H1	1.29392	1.29352	1.29352	1.29387
1239	2025.03.14 15:00	GBPUSD.i	H1	1.29418	1.29392	1.29358	1.29388
1240	2025.03.14 16:00	GBPUSD.i	H1	1.29382	1.29393	1.29363	1.29388
1241	2025.03.14 17:00	GBPUSD.i	H1	1.29259	1.29358	1.29358	1.29387
1242	2025.03.14 18:00	GBPUSD.i	H1	1.29148	1.29281	1.29337	1.29384
1243	2025.03.14 19:00	GBPUSD.i	H1	1.29251	1.29239	1.29311	1.29379
1244	2025.03.14 20:00	GBPUSD.i	H1	1.29283	1.29249	1.29294	1.29375
1245	2025.03.14 21:00	GBPUSD.i	H1	1.29323	1.29270	1.29285	1.29373
1246	2025.03.14 22:00	GBPUSD.i	H1	1.29355	1.29296	1.29284	1.29372
1247	2025.03.14 23:00	GBPUSD.i	H1	1.29305	1.29310	1.29286	1.29371
1248	2025.03.17 00:00	GBPUSD.i	H1	1.29279	1.29281	1.29281	1.29368
1249	2025.03.17 01:00	GBPUSD.i	H1	1.29305	1.29291	1.29279	1.29366
1250	2025.03.17 02:00	GBPUSD.i	H1	1.29268	1.29292	1.29278	1.29364
1251	2025.03.17 03:00	GBPUSD.i	H1	1.29295	1.29296	1.29278	1.29362
1252	2025.03.17 04:00	GBPUSD.i	H1	1.29382	1.29333	1.29287	1.29361
1253	2025.03.17 05:00	GBPUSD.i	H1	1.29356	1.29356	1.29299	1.29362
1254	2025.03.17 06:00	GBPUSD.i	H1	1.29358	1.29360	1.29309	1.29362
1255	2025.03.17 07:00	GBPUSD.i	H1	1.29354	1.29373	1.29320	1.29362
1256	2025.03.17 08:00	GBPUSD.i	H1	1.29346	1.29360	1.29326	1.29361
1257	2025.03.17 09:00	GBPUSD.i	H1	1.29293	1.29344	1.29328	1.29360
1258	2025.03.17 10:00	GBPUSD.i	H1	1.29362	1.29350	1.29331	1.29360
1259	2025.03.17 11:00	GBPUSD.i	H1	1.29420	1.29375	1.29340	1.29360
1260	2025.03.17 12:00	GBPUSD.i	H1	1.29530	1.29443	1.29362	1.29362
1261	2025.03.17 13:00	GBPUSD.i	H1	1.29716	1.29558	1.29406	1.29368
1262	2025.03.17 14:00	GBPUSD.i	H1	1.29712	1.29657	1.29463	1.29377
1263	2025.03.17 15:00	GBPUSD.i	H1	1.29717	1.29705	1.29518	1.29386
1264	2025.03.17 16:00	GBPUSD.i	H1	1.29796	1.29768	1.29576	1.29396
1265	2025.03.17 17:00	GBPUSD.i	H1	1.29822	1.29806	1.29630	1.29406
1266	2025.03.17 18:00	GBPUSD.i	H1	1.29849	1.29867	1.29687	1.29418
1267	2025.03.17 19:00	GBPUSD.i	H1	1.29908	1.29910	1.29743	1.29430
1268	2025.03.17 20:00	GBPUSD.i	H1	1.29910	1.29938	1.29793	1.29443
1269	2025.03.17 21:00	GBPUSD.i	H1	1.29969	1.29975	1.29842	1.29457
1270	2025.03.17 22:00	GBPUSD.i	H1	1.29914	1.29982	1.29883	1.29470
1271	2025.03.17 23:00	GBPUSD.i	H1	1.29879	1.29972	1.29914	1.29483
1272	2025.03.18 00:00	GBPUSD.i	H1	1.29857	1.29937	1.29931	1.29494
1273	2025.03.18 01:00	GBPUSD.i	H1	1.29874	1.29918	1.29941	1.29504
1274	2025.03.18 02:00	GBPUSD.i	H1	1.29840	1.29892	1.29943	1.29514
1275	2025.03.18 03:00	GBPUSD.i	H1	1.29833	1.29868	1.29940	1.29524
1276	2025.03.18 04:00	GBPUSD.i	H1	1.29814	1.29846	1.29933	1.29532
1277	2025.03.18 05:00	GBPUSD.i	H1	1.29742	1.29802	1.29917	1.29540
1278	2025.03.18 06:00	GBPUSD.i	H1	1.29737	1.29757	1.29894	1.29546
1279	2025.03.18 07:00	GBPUSD.i	H1	1.29772	1.29743	1.29872	1.29551
1280	2025.03.18 08:00	GBPUSD.i	H1	1.29743	1.29735	1.29852	1.29557
1281	2025.03.18 09:00	GBPUSD.i	H1	1.29800	1.29733	1.29836	1.29563
1282	2025.03.18 10:00	GBPUSD.i	H1	1.29867	1.29774	1.29831	1.29570
1283	2025.03.18 11:00	GBPUSD.i	H1	1.29974	1.29859	1.29845	1.29579
1284	2025.03.18 12:00	GBPUSD.i	H1	1.30015	1.29917	1.29868	1.29590
1285	2025.03.18 13:00	GBPUSD.i	H1	1.29900	1.29935	1.29889	1.29600
1286	2025.03.18 14:00	GBPUSD.i	H1	1.29651	1.29850	1.29885	1.29606
1287	2025.03.18 15:00	GBPUSD.i	H1	1.29697	1.29753	1.29859	1.29609
1288	2025.03.18 16:00	GBPUSD.i	H1	1.29673	1.29696	1.29827	1.29610
1289	2025.03.18 17:00	GBPUSD.i	H1	1.29689	1.29678	1.29797	1.29612
1290	2025.03.18 18:00	GBPUSD.i	H1	1.29845	1.29709	1.29782	1.29615
1291	2025.03.18 19:00	GBPUSD.i	H1	1.29989	1.29800	1.29789	1.29622
1292	2025.03.18 20:00	GBPUSD.i	H1	1.30047	1.29913	1.29820	1.29632
1293	2025.03.18 21:00	GBPUSD.i	H1	1.30047	1.29990	1.29860	1.29643
1294	2025.03.18 22:00	GBPUSD.i	H1	1.30056	1.30044	1.29903	1.29654
1295	2025.03.18 23:00	GBPUSD.i	H1	1.29990	1.30054	1.29938	1.29665
1296	2025.03.19 00:00	GBPUSD.i	H1	1.30009	1.30043	1.29963	1.29674
1297	2025.03.19 01:00	GBPUSD.i	H1	1.30003	1.30044	1.29984	1.29683
1298	2025.03.19 02:00	GBPUSD.i	H1	1.30002	1.30040	1.29999	1.29692
1299	2025.03.19 03:00	GBPUSD.i	H1	1.29960	1.30019	1.30007	1.29700
1300	2025.03.19 04:00	GBPUSD.i	H1	1.29942	1.29989	1.30008	1.29708
1301	2025.03.19 05:00	GBPUSD.i	H1	1.29988	1.29987	1.30008	1.29715
1302	2025.03.19 06:00	GBPUSD.i	H1	1.29943	1.29969	1.30004	1.29722
1303	2025.03.19 07:00	GBPUSD.i	H1	1.29875	1.29929	1.29993	1.29727
1304	2025.03.19 08:00	GBPUSD.i	H1	1.29841	1.29886	1.29974	1.29731
1305	2025.03.19 09:00	GBPUSD.i	H1	1.29775	1.29835	1.29947	1.29734
1306	2025.03.19 10:00	GBPUSD.i	H1	1.29711	1.29750	1.29907	1.29734
1307	2025.03.19 11:00	GBPUSD.i	H1	1.29738	1.29719	1.29869	1.29734
1308	2025.03.19 12:00	GBPUSD.i	H1	1.29722	1.29696	1.29833	1.29734
1309	2025.03.19 13:00	GBPUSD.i	H1	1.29654	1.29651	1.29794	1.29732
1310	2025.03.19 14:00	GBPUSD.i	H1	1.29769	1.29665	1.29766	1.29731
1311	2025.03.19 15:00	GBPUSD.i	H1	1.29663	1.29669	1.29744	1.29731
1312	2025.03.19 16:00	GBPUSD.i	H1	1.29660	1.29636	1.29718	1.29729
1313	2025.03.19 17:00	GBPUSD.i	H1	1.29670	1.29642	1.29698	1.29727
1314	2025.03.19 18:00	GBPUSD.i	H1	1.29666	1.29642	1.29682	1.29726
1315	2025.03.19 19:00	GBPUSD.i	H1	1.29740	1.29671	1.29676	1.29725
1316	2025.03.19 20:00	GBPUSD.i	H1	1.29640	1.29655	1.29666	1.29724
1317	2025.03.19 21:00	GBPUSD.i	H1	1.30077	1.29781	1.29687	1.29725
1318	2025.03.19 22:00	GBPUSD.i	H1	1.29979	1.29884	1.29726	1.29732
1319	2025.03.19 23:00	GBPUSD.i	H1	1.30003	1.29961	1.29774	1.29739
1320	2025.03.20 00:00	GBPUSD.i	H1	1.30023	1.30004	1.29821	1.29746
1321	2025.03.20 01:00	GBPUSD.i	H1	1.30060	1.30062	1.29871	1.29754
1322	2025.03.20 02:00	GBPUSD.i	H1	1.30103	1.30102	1.29920	1.29762
1323	2025.03.20 03:00	GBPUSD.i	H1	1.30092	1.30120	1.29963	1.29771
1324	2025.03.20 04:00	GBPUSD.i	H1	1.30029	1.30113	1.29996	1.29779
1325	2025.03.20 05:00	GBPUSD.i	H1	1.30063	1.30116	1.30024	1.29787
1326	2025.03.20 06:00	GBPUSD.i	H1	1.30076	1.30116	1.30047	1.29795
1327	2025.03.20 07:00	GBPUSD.i	H1	1.30021	1.30092	1.30061	1.29802
1328	2025.03.20 08:00	GBPUSD.i	H1	1.29948	1.30036	1.30060	1.29808
1329	2025.03.20 09:00	GBPUSD.i	H1	1.29865	1.29967	1.30045	1.29811
1330	2025.03.20 10:00	GBPUSD.i	H1	1.29715	1.29852	1.30007	1.29811
1331	2025.03.20 11:00	GBPUSD.i	H1	1.29721	1.29772	1.29960	1.29809
1332	2025.03.20 12:00	GBPUSD.i	H1	1.29553	1.29650	1.29896	1.29805
1333	2025.03.20 13:00	GBPUSD.i	H1	1.29532	1.29533	1.29819	1.29797
1334	2025.03.20 14:00	GBPUSD.i	H1	1.29523	1.29493	1.29750	1.29790
1335	2025.03.20 15:00	GBPUSD.i	H1	1.29514	1.29501	1.29697	1.29784
1336	2025.03.20 16:00	GBPUSD.i	H1	1.29534	1.29462	1.29644	1.29777
1337	2025.03.20 17:00	GBPUSD.i	H1	1.29656	1.29503	1.29611	1.29771
1338	2025.03.20 18:00	GBPUSD.i	H1	1.29730	1.29560	1.29597	1.29767
1339	2025.03.20 19:00	GBPUSD.i	H1	1.29651	1.29601	1.29593	1.29764
1340	2025.03.20 20:00	GBPUSD.i	H1	1.29614	1.29609	1.29590	1.29761
1341	2025.03.20 21:00	GBPUSD.i	H1	1.29602	1.29601	1.29585	1.29757
1342	2025.03.20 22:00	GBPUSD.i	H1	1.29659	1.29620	1.29585	1.29753
1343	2025.03.20 23:00	GBPUSD.i	H1	1.29638	1.29638	1.29589	1.29750
1344	2025.03.21 00:00	GBPUSD.i	H1	1.29673	1.29651	1.29595	1.29748
1345	2025.03.21 01:00	GBPUSD.i	H1	1.29661	1.29661	1.29602	1.29745
1346	2025.03.21 02:00	GBPUSD.i	H1	1.29649	1.29667	1.29609	1.29743
1347	2025.03.21 03:00	GBPUSD.i	H1	1.29641	1.29666	1.29614	1.29740
1348	2025.03.21 04:00	GBPUSD.i	H1	1.29640	1.29658	1.29618	1.29738
1349	2025.03.21 05:00	GBPUSD.i	H1	1.29593	1.29639	1.29616	1.29735
1350	2025.03.21 06:00	GBPUSD.i	H1	1.29458	1.29573	1.29601	1.29730
1351	2025.03.21 07:00	GBPUSD.i	H1	1.29398	1.29490	1.29570	1.29722
1352	2025.03.21 08:00	GBPUSD.i	H1	1.29292	1.29391	1.29525	1.29712
1353	2025.03.21 09:00	GBPUSD.i	H1	1.29351	1.29334	1.29477	1.29701
1354	2025.03.21 10:00	GBPUSD.i	H1	1.29353	1.29325	1.29438	1.29691
1355	2025.03.21 11:00	GBPUSD.i	H1	1.29407	1.29314	1.29405	1.29682
1356	2025.03.21 12:00	GBPUSD.i	H1	1.29332	1.29317	1.29380	1.29673
1357	2025.03.21 13:00	GBPUSD.i	H1	1.29438	1.29349	1.29366	1.29665
1358	2025.03.21 14:00	GBPUSD.i	H1	1.29455	1.29382	1.29363	1.29659
1359	2025.03.21 15:00	GBPUSD.i	H1	1.29367	1.29396	1.29363	1.29652
1360	2025.03.21 16:00	GBPUSD.i	H1	1.29370	1.29361	1.29354	1.29644
1361	2025.03.21 17:00	GBPUSD.i	H1	1.29342	1.29343	1.29343	1.29635
1362	2025.03.21 18:00	GBPUSD.i	H1	1.28935	1.29212	1.29305	1.29624
1363	2025.03.21 19:00	GBPUSD.i	H1	1.29205	1.29137	1.29258	1.29609
1364	2025.03.21 20:00	GBPUSD.i	H1	1.29224	1.29145	1.29225	1.29596
1365	2025.03.21 21:00	GBPUSD.i	H1	1.29266	1.29170	1.29204	1.29586
1366	2025.03.21 22:00	GBPUSD.i	H1	1.29189	1.29181	1.29190	1.29576
1367	2025.03.21 23:00	GBPUSD.i	H1	1.29102	1.29137	1.29169	1.29564
1368	2025.03.24 00:00	GBPUSD.i	H1	1.29020	1.29058	1.29134	1.29550
1369	2025.03.24 01:00	GBPUSD.i	H1	1.29141	1.29076	1.29111	1.29536
1370	2025.03.24 02:00	GBPUSD.i	H1	1.29253	1.29129	1.29106	1.29526
1371	2025.03.24 03:00	GBPUSD.i	H1	1.29337	1.29210	1.29120	1.29519
1372	2025.03.24 04:00	GBPUSD.i	H1	1.29240	1.29244	1.29138	1.29512
1373	2025.03.24 05:00	GBPUSD.i	H1	1.29243	1.29263	1.29156	1.29505
1374	2025.03.24 06:00	GBPUSD.i	H1	1.29136	1.29237	1.29164	1.29497
1375	2025.03.24 07:00	GBPUSD.i	H1	1.29166	1.29206	1.29164	1.29488
1376	2025.03.24 08:00	GBPUSD.i	H1	1.29230	1.29207	1.29166	1.29480
1377	2025.03.24 09:00	GBPUSD.i	H1	1.29429	1.29296	1.29188	1.29474
1378	2025.03.24 10:00	GBPUSD.i	H1	1.29475	1.29390	1.29228	1.29473
1379	2025.03.24 11:00	GBPUSD.i	H1	1.29529	1.29474	1.29278	1.29473
1380	2025.03.24 12:00	GBPUSD.i	H1	1.29607	1.29541	1.29332	1.29475
1381	2025.03.24 13:00	GBPUSD.i	H1	1.29656	1.29631	1.29396	1.29479
1382	2025.03.24 14:00	GBPUSD.i	H1	1.29445	1.29612	1.29442	1.29482
1383	2025.03.24 15:00	GBPUSD.i	H1	1.29436	1.29562	1.29468	1.29482
1384	2025.03.24 16:00	GBPUSD.i	H1	1.29183	1.29438	1.29462	1.29478
1385	2025.03.24 17:00	GBPUSD.i	H1	1.29274	1.29373	1.29444	1.29473
1386	2025.03.24 18:00	GBPUSD.i	H1	1.29116	1.29260	1.29406	1.29466
1387	2025.03.24 19:00	GBPUSD.i	H1	1.29036	1.29151	1.29352	1.29457
1388	2025.03.24 20:00	GBPUSD.i	H1	1.29107	1.29085	1.29296	1.29446
1389	2025.03.24 21:00	GBPUSD.i	H1	1.29261	1.29109	1.29258	1.29438
1390	2025.03.24 22:00	GBPUSD.i	H1	1.29212	1.29141	1.29235	1.29431
1391	2025.03.24 23:00	GBPUSD.i	H1	1.29211	1.29166	1.29222	1.29426
1392	2025.03.25 00:00	GBPUSD.i	H1	1.29208	1.29166	1.29210	1.29420
1393	2025.03.25 01:00	GBPUSD.i	H1	1.29205	1.29175	1.29201	1.29414
1394	2025.03.25 02:00	GBPUSD.i	H1	1.29228	1.29189	1.29197	1.29408
1395	2025.03.25 03:00	GBPUSD.i	H1	1.29170	1.29184	1.29192	1.29402
1396	2025.03.25 04:00	GBPUSD.i	H1	1.29213	1.29193	1.29189	1.29397
1397	2025.03.25 05:00	GBPUSD.i	H1	1.29136	1.29178	1.29183	1.29391
1398	2025.03.25 06:00	GBPUSD.i	H1	1.29249	1.29190	1.29182	1.29385
1399	2025.03.25 07:00	GBPUSD.i	H1	1.29236	1.29217	1.29186	1.29381
1400	2025.03.25 08:00	GBPUSD.i	H1	1.29228	1.29232	1.29193	1.29377
1401	2025.03.25 09:00	GBPUSD.i	H1	1.29147	1.29208	1.29193	1.29372
1402	2025.03.25 10:00	GBPUSD.i	H1	1.29059	1.29160	1.29182	1.29366
1403	2025.03.25 11:00	GBPUSD.i	H1	1.29125	1.29126	1.29166	1.29359
1404	2025.03.25 12:00	GBPUSD.i	H1	1.29306	1.29176	1.29165	1.29353
1405	2025.03.25 13:00	GBPUSD.i	H1	1.29510	1.29302	1.29194	1.29353
1406	2025.03.25 14:00	GBPUSD.i	H1	1.29426	1.29401	1.29238	1.29356
1407	2025.03.25 15:00	GBPUSD.i	H1	1.29548	1.29487	1.29292	1.29360
1408	2025.03.25 16:00	GBPUSD.i	H1	1.29459	1.29526	1.29343	1.29364
1409	2025.03.25 17:00	GBPUSD.i	H1	1.29480	1.29516	1.29380	1.29367
1410	2025.03.25 18:00	GBPUSD.i	H1	1.29477	1.29524	1.29413	1.29370
1411	2025.03.25 19:00	GBPUSD.i	H1	1.29570	1.29553	1.29446	1.29374
1412	2025.03.25 20:00	GBPUSD.i	H1	1.29597	1.29601	1.29483	1.29379
1413	2025.03.25 21:00	GBPUSD.i	H1	1.29456	1.29572	1.29507	1.29384
1414	2025.03.25 22:00	GBPUSD.i	H1	1.29469	1.29527	1.29516	1.29387
1415	2025.03.25 23:00	GBPUSD.i	H1	1.29430	1.29490	1.29516	1.29388
1416	2025.03.26 00:00	GBPUSD.i	H1	1.29440	1.29462	1.29510	1.29390
1417	2025.03.26 01:00	GBPUSD.i	H1	1.29429	1.29453	1.29504	1.29391
1418	2025.03.26 02:00	GBPUSD.i	H1	1.29449	1.29441	1.29497	1.29392
1419	2025.03.26 03:00	GBPUSD.i	H1	1.29335	1.29403	1.29483	1.29393
1420	2025.03.26 04:00	GBPUSD.i	H1	1.29436	1.29385	1.29467	1.29392
1421	2025.03.26 05:00	GBPUSD.i	H1	1.29442	1.29396	1.29458	1.29393
1422	2025.03.26 06:00	GBPUSD.i	H1	1.29359	1.29381	1.29446	1.29393
1423	2025.03.26 07:00	GBPUSD.i	H1	1.29351	1.29354	1.29430	1.29392
1424	2025.03.26 08:00	GBPUSD.i	H1	1.29316	1.29327	1.29411	1.29391
1425	2025.03.26 09:00	GBPUSD.i	H1	1.29410	1.29338	1.29398	1.29390
1426	2025.03.26 10:00	GBPUSD.i	H1	1.29111	1.29250	1.29367	1.29386
1427	2025.03.26 11:00	GBPUSD.i	H1	1.29071	1.29121	1.29313	1.29378
1428	2025.03.26 12:00	GBPUSD.i	H1	1.29094	1.29061	1.29257	1.29369
1429	2025.03.26 13:00	GBPUSD.i	H1	1.29072	1.29035	1.29207	1.29361
1430	2025.03.26 14:00	GBPUSD.i	H1	1.28970	1.28996	1.29158	1.29352
1431	2025.03.26 15:00	GBPUSD.i	H1	1.28931	1.28942	1.29107	1.29342
1432	2025.03.26 16:00	GBPUSD.i	H1	1.28833	1.28886	1.29053	1.29330
1433	2025.03.26 17:00	GBPUSD.i	H1	1.28972	1.28878	1.29008	1.29318
1434	2025.03.26 18:00	GBPUSD.i	H1	1.28859	1.28855	1.28967	1.29307
1435	2025.03.26 19:00	GBPUSD.i	H1	1.28959	1.28868	1.28937	1.29296
1436	2025.03.26 20:00	GBPUSD.i	H1	1.28834	1.28852	1.28908	1.29285
1437	2025.03.26 21:00	GBPUSD.i	H1	1.28846	1.28839	1.28882	1.29273
1438	2025.03.26 22:00	GBPUSD.i	H1	1.28882	1.28834	1.28860	1.29262
1439	2025.03.26 23:00	GBPUSD.i	H1	1.28857	1.28846	1.28845	1.29251
1440	2025.03.27 00:00	GBPUSD.i	H1	1.28728	1.28798	1.28822	1.29239
1441	2025.03.27 01:00	GBPUSD.i	H1	1.28750	1.28768	1.28797	1.29226
1442	2025.03.27 02:00	GBPUSD.i	H1	1.28772	1.28755	1.28775	1.29213
1443	2025.03.27 03:00	GBPUSD.i	H1	1.28893	1.28794	1.28767	1.29202
1444	2025.03.27 04:00	GBPUSD.i	H1	1.29005	1.28879	1.28780	1.29194
1445	2025.03.27 05:00	GBPUSD.i	H1	1.29123	1.28994	1.28816	1.29189
1446	2025.03.27 06:00	GBPUSD.i	H1	1.29112	1.29070	1.28861	1.29187
1447	2025.03.27 07:00	GBPUSD.i	H1	1.29210	1.29157	1.28917	1.29186
1448	2025.03.27 08:00	GBPUSD.i	H1	1.29123	1.29189	1.28968	1.29185
1449	2025.03.27 09:00	GBPUSD.i	H1	1.29208	1.29231	1.29019	1.29185
1450	2025.03.27 10:00	GBPUSD.i	H1	1.29125	1.29210	1.29054	1.29185
1451	2025.03.27 11:00	GBPUSD.i	H1	1.29233	1.29212	1.29085	1.29183
1452	2025.03.27 12:00	GBPUSD.i	H1	1.29200	1.29226	1.29113	1.29183
1453	2025.03.27 13:00	GBPUSD.i	H1	1.29327	1.29266	1.29146	1.29185
1454	2025.03.27 14:00	GBPUSD.i	H1	1.29310	1.29321	1.29186	1.29188
1455	2025.03.27 15:00	GBPUSD.i	H1	1.29450	1.29414	1.29239	1.29194
1456	2025.03.27 16:00	GBPUSD.i	H1	1.29281	1.29418	1.29283	1.29200
1457	2025.03.27 17:00	GBPUSD.i	H1	1.29464	1.29430	1.29320	1.29205
1458	2025.03.27 18:00	GBPUSD.i	H1	1.29628	1.29565	1.29381	1.29214
1459	2025.03.27 19:00	GBPUSD.i	H1	1.29568	1.29620	1.29442	1.29225
1460	2025.03.27 20:00	GBPUSD.i	H1	1.29493	1.29618	1.29489	1.29235
1461	2025.03.27 21:00	GBPUSD.i	H1	1.29497	1.29596	1.29522	1.29243
1462	2025.03.27 22:00	GBPUSD.i	H1	1.29491	1.29571	1.29544	1.29251
1463	2025.03.27 23:00	GBPUSD.i	H1	1.29473	1.29538	1.29554	1.29257
1464	2025.03.28 00:00	GBPUSD.i	H1	1.29477	1.29510	1.29556	1.29263
1465	2025.03.28 01:00	GBPUSD.i	H1	1.29455	1.29488	1.29553	1.29269
1466	2025.03.28 02:00	GBPUSD.i	H1	1.29511	1.29487	1.29551	1.29275
1467	2025.03.28 03:00	GBPUSD.i	H1	1.29485	1.29474	1.29547	1.29281
1468	2025.03.28 04:00	GBPUSD.i	H1	1.29464	1.29470	1.29542	1.29286
1469	2025.03.28 05:00	GBPUSD.i	H1	1.29483	1.29472	1.29538	1.29291
1470	2025.03.28 06:00	GBPUSD.i	H1	1.29458	1.29467	1.29533	1.29297
1471	2025.03.28 07:00	GBPUSD.i	H1	1.29414	1.29443	1.29523	1.29301
1472	2025.03.28 08:00	GBPUSD.i	H1	1.29413	1.29418	1.29508	1.29304
1473	2025.03.28 09:00	GBPUSD.i	H1	1.29421	1.29409	1.29495	1.29307
1474	2025.03.28 10:00	GBPUSD.i	H1	1.29506	1.29458	1.29494	1.29312
1475	2025.03.28 11:00	GBPUSD.i	H1	1.29464	1.29471	1.29496	1.29318
1476	2025.03.28 12:00	GBPUSD.i	H1	1.29514	1.29482	1.29499	1.29322
1477	2025.03.28 13:00	GBPUSD.i	H1	1.29361	1.29450	1.29493	1.29326
1478	2025.03.28 14:00	GBPUSD.i	H1	1.29294	1.29373	1.29470	1.29327
1479	2025.03.28 15:00	GBPUSD.i	H1	1.29438	1.29372	1.29452	1.29328
1480	2025.03.28 16:00	GBPUSD.i	H1	1.29551	1.29437	1.29453	1.29331
1481	2025.03.28 17:00	GBPUSD.i	H1	1.29484	1.29486	1.29464	1.29337
1482	2025.03.28 18:00	GBPUSD.i	H1	1.29414	1.29480	1.29470	1.29342
1483	2025.03.28 19:00	GBPUSD.i	H1	1.29436	1.29466	1.29471	1.29345
1484	2025.03.28 20:00	GBPUSD.i	H1	1.29404	1.29426	1.29462	1.29347
1485	2025.03.28 21:00	GBPUSD.i	H1	1.29398	1.29405	1.29451	1.29348
1486	2025.03.28 22:00	GBPUSD.i	H1	1.29448	1.29414	1.29444	1.29350
1487	2025.03.28 23:00	GBPUSD.i	H1	1.29365	1.29397	1.29434	1.29351
1488	2025.03.31 00:00	GBPUSD.i	H1	1.29292	1.29346	1.29415	1.29351
1489	2025.03.31 01:00	GBPUSD.i	H1	1.29317	1.29312	1.29392	1.29350
1490	2025.03.31 02:00	GBPUSD.i	H1	1.29380	1.29320	1.29376	1.29349
1491	2025.03.31 03:00	GBPUSD.i	H1	1.29596	1.29408	1.29384	1.29352
1492	2025.03.31 04:00	GBPUSD.i	H1	1.29593	1.29512	1.29413	1.29358
1493	2025.03.31 05:00	GBPUSD.i	H1	1.29639	1.29587	1.29451	1.29365
1494	2025.03.31 06:00	GBPUSD.i	H1	1.29570	1.29611	1.29486	1.29372
1495	2025.03.31 07:00	GBPUSD.i	H1	1.29569	1.29615	1.29514	1.29378
1496	2025.03.31 08:00	GBPUSD.i	H1	1.29561	1.29614	1.29536	1.29383
1497	2025.03.31 09:00	GBPUSD.i	H1	1.29662	1.29626	1.29557	1.29389
1498	2025.03.31 10:00	GBPUSD.i	H1	1.29566	1.29635	1.29576	1.29395
1499	2025.03.31 11:00	GBPUSD.i	H1	1.29444	1.29567	1.29575	1.29400
1500	2025.03.31 12:00	GBPUSD.i	H1	1.29279	1.29449	1.29549	1.29399
1501	2025.03.31 13:00	GBPUSD.i	H1	1.29384	1.29380	1.29514	1.29397
1502	2025.03.31 14:00	GBPUSD.i	H1	1.29526	1.29418	1.29496	1.29398
1503	2025.03.31 15:00	GBPUSD.i	H1	1.29325	1.29401	1.29478	1.29399
1504	2025.03.31 16:00	GBPUSD.i	H1	1.29302	1.29352	1.29452	1.29399
1505	2025.03.31 17:00	GBPUSD.i	H1	1.29094	1.29236	1.29405	1.29394
1506	2025.03.31 18:00	GBPUSD.i	H1	1.28910	1.29097	1.29336	1.29385
1507	2025.03.31 19:00	GBPUSD.i	H1	1.29074	1.29025	1.29266	1.29375
1508	2025.03.31 20:00	GBPUSD.i	H1	1.29078	1.29020	1.29210	1.29366
1509	2025.03.31 21:00	GBPUSD.i	H1	1.29108	1.29024	1.29166	1.29359
1510	2025.03.31 22:00	GBPUSD.i	H1	1.29186	1.29069	1.29140	1.29353
1511	2025.03.31 23:00	GBPUSD.i	H1	1.29149	1.29097	1.29125	1.29348
1512	2025.04.01 00:00	GBPUSD.i	H1	1.29154	1.29109	1.29115	1.29342
1513	2025.04.01 01:00	GBPUSD.i	H1	1.29192	1.29134	1.29111	1.29337
1514	2025.04.01 02:00	GBPUSD.i	H1	1.29194	1.29159	1.29113	1.29333
1515	2025.04.01 03:00	GBPUSD.i	H1	1.29263	1.29200	1.29124	1.29330
1516	2025.04.01 04:00	GBPUSD.i	H1	1.29217	1.29218	1.29136	1.29327
1517	2025.04.01 05:00	GBPUSD.i	H1	1.29311	1.29261	1.29155	1.29325
1518	2025.04.01 06:00	GBPUSD.i	H1	1.29332	1.29306	1.29181	1.29324
1519	2025.04.01 07:00	GBPUSD.i	H1	1.29374	1.29354	1.29212	1.29325
1520	2025.04.01 08:00	GBPUSD.i	H1	1.29197	1.29326	1.29231	1.29325
1521	2025.04.01 09:00	GBPUSD.i	H1	1.29222	1.29285	1.29237	1.29322
1522	2025.04.01 10:00	GBPUSD.i	H1	1.29087	1.29207	1.29225	1.29318
1523	2025.04.01 11:00	GBPUSD.i	H1	1.29258	1.29203	1.29216	1.29313
1524	2025.04.01 12:00	GBPUSD.i	H1	1.29345	1.29257	1.29222	1.29312
1525	2025.04.01 13:00	GBPUSD.i	H1	1.29076	1.29217	1.29218	1.29310
1526	2025.04.01 14:00	GBPUSD.i	H1	1.28909	1.29101	1.29189	1.29303
1527	2025.04.01 15:00	GBPUSD.i	H1	1.28899	1.28997	1.29143	1.29294
1528	2025.04.01 16:00	GBPUSD.i	H1	1.28852	1.28916	1.29090	1.29283
1529	2025.04.01 17:00	GBPUSD.i	H1	1.29216	1.28971	1.29061	1.29274
1530	2025.04.01 18:00	GBPUSD.i	H1	1.29209	1.29079	1.29063	1.29271
1531	2025.04.01 19:00	GBPUSD.i	H1	1.29265	1.29154	1.29080	1.29270
1532	2025.04.01 20:00	GBPUSD.i	H1	1.29224	1.29208	1.29105	1.29269
1533	2025.04.01 21:00	GBPUSD.i	H1	1.29102	1.29188	1.29119	1.29267
1534	2025.04.01 22:00	GBPUSD.i	H1	1.29209	1.29187	1.29130	1.29264
1535	2025.04.01 23:00	GBPUSD.i	H1	1.29212	1.29214	1.29145	1.29262
1536	2025.04.02 00:00	GBPUSD.i	H1	1.29205	1.29214	1.29157	1.29261
1537	2025.04.02 01:00	GBPUSD.i	H1	1.29281	1.29250	1.29174	1.29260
1538	2025.04.02 02:00	GBPUSD.i	H1	1.29215	1.29255	1.29190	1.29260
1539	2025.04.02 03:00	GBPUSD.i	H1	1.29106	1.29210	1.29192	1.29258
1540	2025.04.02 04:00	GBPUSD.i	H1	1.29193	1.29187	1.29189	1.29255
1541	2025.04.02 05:00	GBPUSD.i	H1	1.29219	1.29209	1.29193	1.29253
1542	2025.04.02 06:00	GBPUSD.i	H1	1.29213	1.29219	1.29199	1.29253
1543	2025.04.02 07:00	GBPUSD.i	H1	1.29185	1.29210	1.29201	1.29251
1544	2025.04.02 08:00	GBPUSD.i	H1	1.29147	1.29184	1.29197	1.29249
1545	2025.04.02 09:00	GBPUSD.i	H1	1.29143	1.29161	1.29189	1.29246
1546	2025.04.02 10:00	GBPUSD.i	H1	1.29132	1.29125	1.29175	1.29243
1547	2025.04.02 11:00	GBPUSD.i	H1	1.29206	1.29146	1.29169	1.29240
1548	2025.04.02 12:00	GBPUSD.i	H1	1.29474	1.29260	1.29191	1.29241
1549	2025.04.02 13:00	GBPUSD.i	H1	1.29373	1.29330	1.29223	1.29245
1550	2025.04.02 14:00	GBPUSD.i	H1	1.29479	1.29399	1.29263	1.29250
1551	2025.04.02 15:00	GBPUSD.i	H1	1.29434	1.29435	1.29302	1.29255
1552	2025.04.02 16:00	GBPUSD.i	H1	1.29393	1.29448	1.29336	1.29260
1553	2025.04.02 17:00	GBPUSD.i	H1	1.29663	1.29527	1.29381	1.29266
1554	2025.04.02 18:00	GBPUSD.i	H1	1.29731	1.29643	1.29443	1.29276
1555	2025.04.02 19:00	GBPUSD.i	H1	1.29705	1.29704	1.29505	1.29288
1556	2025.04.02 20:00	GBPUSD.i	H1	1.29705	1.29757	1.29567	1.29300
1557	2025.04.02 21:00	GBPUSD.i	H1	1.29787	1.29798	1.29625	1.29313
1558	2025.04.02 22:00	GBPUSD.i	H1	1.29814	1.29844	1.29682	1.29326
1559	2025.04.02 23:00	GBPUSD.i	H1	1.30077	1.29932	1.29747	1.29342
1560	2025.04.03 00:00	GBPUSD.i	H1	1.29961	1.29948	1.29803	1.29358
1561	2025.04.03 01:00	GBPUSD.i	H1	1.30077	1.29991	1.29857	1.29374
1562	2025.04.03 02:00	GBPUSD.i	H1	1.30454	1.30194	1.29947	1.29395
1563	2025.04.03 03:00	GBPUSD.i	H1	1.30402	1.30348	1.30053	1.29423
1564	2025.04.03 04:00	GBPUSD.i	H1	1.30551	1.30499	1.30170	1.29452
1565	2025.04.03 05:00	GBPUSD.i	H1	1.30625	1.30607	1.30286	1.29483
1566	2025.04.03 06:00	GBPUSD.i	H1	1.30707	1.30712	1.30402	1.29515
1567	2025.04.03 07:00	GBPUSD.i	H1	1.30586	1.30734	1.30498	1.29547
1568	2025.04.03 08:00	GBPUSD.i	H1	1.30907	1.30837	1.30598	1.29579
1569	2025.04.03 09:00	GBPUSD.i	H1	1.31188	1.31009	1.30717	1.29617
1570	2025.04.03 10:00	GBPUSD.i	H1	1.31365	1.31198	1.30854	1.29661
1571	2025.04.03 11:00	GBPUSD.i	H1	1.31622	1.31440	1.31017	1.29709
1572	2025.04.03 12:00	GBPUSD.i	H1	1.31699	1.31656	1.31194	1.29762
1573	2025.04.03 13:00	GBPUSD.i	H1	1.31479	1.31761	1.31356	1.29815
1574	2025.04.03 14:00	GBPUSD.i	H1	1.31744	1.31796	1.31492	1.29867
1575	2025.04.03 15:00	GBPUSD.i	H1	1.31582	1.31804	1.31602	1.29916
1576	2025.04.03 16:00	GBPUSD.i	H1	1.31470	1.31781	1.31684	1.29964
1577	2025.04.03 17:00	GBPUSD.i	H1	1.31679	1.31754	1.31744	1.30010
1578	2025.04.03 18:00	GBPUSD.i	H1	1.31104	1.31556	1.31747	1.30051
1579	2025.04.03 19:00	GBPUSD.i	H1	1.31051	1.31334	1.31700	1.30082
1580	2025.04.03 20:00	GBPUSD.i	H1	1.30986	1.31141	1.31621	1.30109
1581	2025.04.03 21:00	GBPUSD.i	H1	1.30952	1.31003	1.31527	1.30133
1582	2025.04.03 22:00	GBPUSD.i	H1	1.30818	1.30872	1.31423	1.30155
1583	2025.04.03 23:00	GBPUSD.i	H1	1.30990	1.30829	1.31330	1.30176
1584	2025.04.04 00:00	GBPUSD.i	H1	1.31002	1.30827	1.31254	1.30197
1585	2025.04.04 01:00	GBPUSD.i	H1	1.31051	1.30869	1.31199	1.30219
1586	2025.04.04 02:00	GBPUSD.i	H1	1.30892	1.30857	1.31149	1.30240
1587	2025.04.04 03:00	GBPUSD.i	H1	1.31014	1.30871	1.31109	1.30260
1588	2025.04.04 04:00	GBPUSD.i	H1	1.31025	1.30913	1.31083	1.30281
1589	2025.04.04 05:00	GBPUSD.i	H1	1.30850	1.30893	1.31054	1.30300
1590	2025.04.04 06:00	GBPUSD.i	H1	1.31043	1.30912	1.31033	1.30318
1591	2025.04.04 07:00	GBPUSD.i	H1	1.30974	1.30941	1.31020	1.30336
1592	2025.04.04 08:00	GBPUSD.i	H1	1.30986	1.30962	1.31013	1.30355
1593	2025.04.04 09:00	GBPUSD.i	H1	1.30538	1.30824	1.30974	1.30369
1594	2025.04.04 10:00	GBPUSD.i	H1	1.30073	1.30528	1.30874	1.30372
1595	2025.04.04 11:00	GBPUSD.i	H1	1.29828	1.30174	1.30716	1.30364
1596	2025.04.04 12:00	GBPUSD.i	H1	1.29887	1.29911	1.30533	1.30349
1597	2025.04.04 13:00	GBPUSD.i	H1	1.30040	1.29874	1.30382	1.30338
1598	2025.04.04 14:00	GBPUSD.i	H1	1.30207	1.29914	1.30271	1.30331
1599	2025.04.04 15:00	GBPUSD.i	H1	1.30013	1.29953	1.30190	1.30325
1600	2025.04.04 16:00	GBPUSD.i	H1	1.29801	1.29886	1.30108	1.30317
1601	2025.04.04 17:00	GBPUSD.i	H1	1.29396	1.29637	1.29984	1.30300
1602	2025.04.04 18:00	GBPUSD.i	H1	1.29259	1.29402	1.29831	1.30275
1603	2025.04.04 19:00	GBPUSD.i	H1	1.28948	1.29141	1.29652	1.30244
1604	2025.04.04 20:00	GBPUSD.i	H1	1.29031	1.28922	1.29461	1.30208
1605	2025.04.04 21:00	GBPUSD.i	H1	1.28807	1.28813	1.29286	1.30172
1606	2025.04.04 22:00	GBPUSD.i	H1	1.28728	1.28708	1.29124	1.30136
1607	2025.04.04 23:00	GBPUSD.i	H1	1.28989	1.28680	1.28988	1.30099
1608	2025.04.07 00:00	GBPUSD.i	H1	1.28377	1.28467	1.28831	1.30058
1609	2025.04.07 01:00	GBPUSD.i	H1	1.28786	1.28512	1.28717	1.30017
1610	2025.04.07 02:00	GBPUSD.i	H1	1.29085	1.28715	1.28673	1.29986
1611	2025.04.07 03:00	GBPUSD.i	H1	1.29093	1.28847	1.28665	1.29960
1612	2025.04.07 04:00	GBPUSD.i	H1	1.28860	1.28898	1.28669	1.29933
1613	2025.04.07 05:00	GBPUSD.i	H1	1.28596	1.28794	1.28647	1.29902
1614	2025.04.07 06:00	GBPUSD.i	H1	1.28861	1.28782	1.28628	1.29869
1615	2025.04.07 07:00	GBPUSD.i	H1	1.29025	1.28877	1.28637	1.29841
1616	2025.04.07 08:00	GBPUSD.i	H1	1.29252	1.29031	1.28680	1.29820
1617	2025.04.07 09:00	GBPUSD.i	H1	1.29013	1.29068	1.28724	1.29800
1618	2025.04.07 10:00	GBPUSD.i	H1	1.28946	1.29107	1.28770	1.29779
1619	2025.04.07 11:00	GBPUSD.i	H1	1.28711	1.29009	1.28785	1.29756
1620	2025.04.07 12:00	GBPUSD.i	H1	1.28365	1.28774	1.28747	1.29726
1621	2025.04.07 13:00	GBPUSD.i	H1	1.28248	1.28567	1.28674	1.29690
1622	2025.04.07 14:00	GBPUSD.i	H1	1.28244	1.28362	1.28575	1.29651
1623	2025.04.07 15:00	GBPUSD.i	H1	1.28373	1.28296	1.28486	1.29612
1624	2025.04.07 16:00	GBPUSD.i	H1	1.28007	1.28145	1.28383	1.29573
1625	2025.04.07 17:00	GBPUSD.i	H1	1.27549	1.27947	1.28259	1.29528
1626	2025.04.07 18:00	GBPUSD.i	H1	1.27254	1.27618	1.28088	1.29476
1627	2025.04.07 19:00	GBPUSD.i	H1	1.27301	1.27337	1.27892	1.29416
1628	2025.04.07 20:00	GBPUSD.i	H1	1.27664	1.27344	1.27741	1.29360
1629	2025.04.07 21:00	GBPUSD.i	H1	1.27470	1.27353	1.27624	1.29310
1630	2025.04.07 22:00	GBPUSD.i	H1	1.27164	1.27250	1.27506	1.29258
1631	2025.04.07 23:00	GBPUSD.i	H1	1.27214	1.27151	1.27390	1.29202
1632	2025.04.08 00:00	GBPUSD.i	H1	1.27209	1.27105	1.27287	1.29146
1633	2025.04.08 01:00	GBPUSD.i	H1	1.27358	1.27150	1.27216	1.29093
1634	2025.04.08 02:00	GBPUSD.i	H1	1.27328	1.27193	1.27169	1.29044
1635	2025.04.08 03:00	GBPUSD.i	H1	1.27517	1.27318	1.27159	1.28999
1636	2025.04.08 04:00	GBPUSD.i	H1	1.27751	1.27492	1.27191	1.28960
1637	2025.04.08 05:00	GBPUSD.i	H1	1.27854	1.27684	1.27258	1.28926
1638	2025.04.08 06:00	GBPUSD.i	H1	1.27770	1.27781	1.27333	1.28895
1639	2025.04.08 07:00	GBPUSD.i	H1	1.27860	1.27863	1.27411	1.28866
1640	2025.04.08 08:00	GBPUSD.i	H1	1.27819	1.27873	1.27477	1.28836
1641	2025.04.08 09:00	GBPUSD.i	H1	1.27853	1.27916	1.27541	1.28808
1642	2025.04.08 10:00	GBPUSD.i	H1	1.27502	1.27817	1.27572	1.28778
1643	2025.04.08 11:00	GBPUSD.i	H1	1.27527	1.27725	1.27580	1.28745
1644	2025.04.08 12:00	GBPUSD.i	H1	1.27454	1.27586	1.27558	1.28710
1645	2025.04.08 13:00	GBPUSD.i	H1	1.27523	1.27551	1.27537	1.28676
1646	2025.04.08 14:00	GBPUSD.i	H1	1.27788	1.27621	1.27540	1.28646
1647	2025.04.08 15:00	GBPUSD.i	H1	1.27759	1.27718	1.27567	1.28622
1648	2025.04.08 16:00	GBPUSD.i	H1	1.27883	1.27789	1.27604	1.28599
1649	2025.04.08 17:00	GBPUSD.i	H1	1.27561	1.27752	1.27626	1.28576
1650	2025.04.08 18:00	GBPUSD.i	H1	1.27680	1.27705	1.27634	1.28550
1651	2025.04.08 19:00	GBPUSD.i	H1	1.27727	1.27712	1.27643	1.28526
1652	2025.04.08 20:00	GBPUSD.i	H1	1.27821	1.27760	1.27663	1.28504
1653	2025.04.08 21:00	GBPUSD.i	H1	1.27895	1.27858	1.27701	1.28486
1654	2025.04.08 22:00	GBPUSD.i	H1	1.27738	1.27857	1.27732	1.28469
1655	2025.04.08 23:00	GBPUSD.i	H1	1.27633	1.27779	1.27738	1.28449
1656	2025.04.09 00:00	GBPUSD.i	H1	1.27640	1.27698	1.27726	1.28426
1657	2025.04.09 01:00	GBPUSD.i	H1	1.27778	1.27717	1.27723	1.28406
1658	2025.04.09 02:00	GBPUSD.i	H1	1.27863	1.27775	1.27734	1.28389
1659	2025.04.09 03:00	GBPUSD.i	H1	1.28149	1.27899	1.27772	1.28376
1660	2025.04.09 04:00	GBPUSD.i	H1	1.28313	1.28116	1.27850	1.28370
1661	2025.04.09 05:00	GBPUSD.i	H1	1.28213	1.28222	1.27935	1.28367
1662	2025.04.09 06:00	GBPUSD.i	H1	1.28178	1.28268	1.28012	1.28364
1663	2025.04.09 07:00	GBPUSD.i	H1	1.28554	1.28388	1.28100	1.28363
1664	2025.04.09 08:00	GBPUSD.i	H1	1.28383	1.28440	1.28181	1.28364
1665	2025.04.09 09:00	GBPUSD.i	H1	1.28398	1.28472	1.28253	1.28365
1666	2025.04.09 10:00	GBPUSD.i	H1	1.28000	1.28352	1.28283	1.28362
1667	2025.04.09 11:00	GBPUSD.i	H1	1.28251	1.28266	1.28289	1.28356
1668	2025.04.09 12:00	GBPUSD.i	H1	1.28212	1.28258	1.28294	1.28351
1669	2025.04.09 13:00	GBPUSD.i	H1	1.28201	1.28240	1.28296	1.28348
1670	2025.04.09 14:00	GBPUSD.i	H1	1.27737	1.28076	1.28260	1.28340
1671	2025.04.09 15:00	GBPUSD.i	H1	1.28034	1.27999	1.28215	1.28328
1672	2025.04.09 16:00	GBPUSD.i	H1	1.27771	1.27913	1.28160	1.28317
1673	2025.04.09 17:00	GBPUSD.i	H1	1.27570	1.27738	1.28078	1.28301
1674	2025.04.09 18:00	GBPUSD.i	H1	1.27695	1.27669	1.27997	1.28284
1675	2025.04.09 19:00	GBPUSD.i	H1	1.27652	1.27622	1.27922	1.28267
1676	2025.04.09 20:00	GBPUSD.i	H1	1.27894	1.27683	1.27876	1.28253
1677	2025.04.09 21:00	GBPUSD.i	H1	1.28033	1.27757	1.27854	1.28243
1678	2025.04.09 22:00	GBPUSD.i	H1	1.28025	1.27921	1.27872	1.28236
1679	2025.04.09 23:00	GBPUSD.i	H1	1.28225	1.28038	1.27910	1.28234
1680	2025.04.10 00:00	GBPUSD.i	H1	1.28149	1.28098	1.27951	1.28231
1681	2025.04.10 01:00	GBPUSD.i	H1	1.28235	1.28161	1.27996	1.28229
1682	2025.04.10 02:00	GBPUSD.i	H1	1.28251	1.28207	1.28041	1.28228
1683	2025.04.10 03:00	GBPUSD.i	H1	1.28441	1.28319	1.28102	1.28230
1684	2025.04.10 04:00	GBPUSD.i	H1	1.28284	1.28356	1.28158	1.28233
1685	2025.04.10 05:00	GBPUSD.i	H1	1.28381	1.28382	1.28208	1.28236
1686	2025.04.10 06:00	GBPUSD.i	H1	1.28468	1.28450	1.28264	1.28240
1687	2025.04.10 07:00	GBPUSD.i	H1	1.28593	1.28527	1.28326	1.28247
1688	2025.04.10 08:00	GBPUSD.i	H1	1.28593	1.28607	1.28394	1.28256
1689	2025.04.10 09:00	GBPUSD.i	H1	1.28677	1.28663	1.28461	1.28267
1690	2025.04.10 10:00	GBPUSD.i	H1	1.28768	1.28710	1.28525	1.28278
1691	2025.04.10 11:00	GBPUSD.i	H1	1.28693	1.28741	1.28583	1.28289
1692	2025.04.10 12:00	GBPUSD.i	H1	1.28916	1.28816	1.28647	1.28302
1693	2025.04.10 13:00	GBPUSD.i	H1	1.29133	1.28977	1.28735	1.28320
1694	2025.04.10 14:00	GBPUSD.i	H1	1.29316	1.29171	1.28848	1.28344
1695	2025.04.10 15:00	GBPUSD.i	H1	1.29249	1.29306	1.28968	1.28370
1696	2025.04.10 16:00	GBPUSD.i	H1	1.29236	1.29301	1.29060	1.28394
1697	2025.04.10 17:00	GBPUSD.i	H1	1.29600	1.29416	1.29160	1.28419
1698	2025.04.10 18:00	GBPUSD.i	H1	1.29378	1.29519	1.29263	1.28448
1699	2025.04.10 19:00	GBPUSD.i	H1	1.29543	1.29553	1.29352	1.28477
1700	2025.04.10 20:00	GBPUSD.i	H1	1.29748	1.29631	1.29441	1.28507
1701	2025.04.10 21:00	GBPUSD.i	H1	1.29815	1.29775	1.29544	1.28540
1702	2025.04.10 22:00	GBPUSD.i	H1	1.29709	1.29773	1.29625	1.28574
1703	2025.04.10 23:00	GBPUSD.i	H1	1.29672	1.29755	1.29685	1.28604
1704	2025.04.11 00:00	GBPUSD.i	H1	1.29649	1.29734	1.29728	1.28633
1705	2025.04.11 01:00	GBPUSD.i	H1	1.29878	1.29795	1.29776	1.28663
1706	2025.04.11 02:00	GBPUSD.i	H1	1.29918	1.29848	1.29826	1.28696
1707	2025.04.11 03:00	GBPUSD.i	H1	1.30166	1.30030	1.29907	1.28732
1708	2025.04.11 04:00	GBPUSD.i	H1	1.30104	1.30108	1.29987	1.28771
1709	2025.04.11 05:00	GBPUSD.i	H1	1.30144	1.30171	1.30063	1.28809
1710	2025.04.11 06:00	GBPUSD.i	H1	1.30357	1.30279	1.30146	1.28849
1711	2025.04.11 07:00	GBPUSD.i	H1	1.30211	1.30297	1.30214	1.28888
1712	2025.04.11 08:00	GBPUSD.i	H1	1.30041	1.30222	1.30249	1.28924
1713	2025.04.11 09:00	GBPUSD.i	H1	1.30182	1.30170	1.30265	1.28955
1714	2025.04.11 10:00	GBPUSD.i	H1	1.30675	1.30352	1.30320	1.28993
1715	2025.04.11 11:00	GBPUSD.i	H1	1.31088	1.30688	1.30439	1.29042
1716	2025.04.11 12:00	GBPUSD.i	H1	1.31224	1.30981	1.30597	1.29099
1717	2025.04.11 13:00	GBPUSD.i	H1	1.30733	1.30994	1.30720	1.29152
1718	2025.04.11 14:00	GBPUSD.i	H1	1.30883	1.30983	1.30813	1.29198
1719	2025.04.11 15:00	GBPUSD.i	H1	1.31228	1.31094	1.30911	1.29248
1720	2025.04.11 16:00	GBPUSD.i	H1	1.30927	1.31082	1.30986	1.29297
1721	2025.04.11 17:00	GBPUSD.i	H1	1.30585	1.30969	1.31019	1.29341
1722	2025.04.11 18:00	GBPUSD.i	H1	1.30475	1.30762	1.30998	1.29377
1723	2025.04.11 19:00	GBPUSD.i	H1	1.30513	1.30609	1.30948	1.29407
1724	2025.04.11 20:00	GBPUSD.i	H1	1.30495	1.30558	1.30899	1.29438
1725	2025.04.11 21:00	GBPUSD.i	H1	1.30595	1.30541	1.30855	1.29470
1726	2025.04.11 22:00	GBPUSD.i	H1	1.30749	1.30595	1.30832	1.29503
1727	2025.04.11 23:00	GBPUSD.i	H1	1.30850	1.30684	1.30832	1.29538
1728	2025.04.14 00:00	GBPUSD.i	H1	1.30962	1.30780	1.30850	1.29575
1729	2025.04.14 01:00	GBPUSD.i	H1	1.30801	1.30789	1.30863	1.29610
1730	2025.04.14 02:00	GBPUSD.i	H1	1.30842	1.30809	1.30875	1.29644
1731	2025.04.14 03:00	GBPUSD.i	H1	1.30973	1.30884	1.30900	1.29679
1732	2025.04.14 04:00	GBPUSD.i	H1	1.31073	1.31003	1.30944	1.29716
1733	2025.04.14 05:00	GBPUSD.i	H1	1.31059	1.31057	1.30989	1.29754
1734	2025.04.14 06:00	GBPUSD.i	H1	1.31069	1.31077	1.31027	1.29791
1735	2025.04.14 07:00	GBPUSD.i	H1	1.31044	1.31099	1.31061	1.29826
1736	2025.04.14 08:00	GBPUSD.i	H1	1.31250	1.31151	1.31098	1.29862
1737	2025.04.14 09:00	GBPUSD.i	H1	1.31677	1.31351	1.31173	1.29903
1738	2025.04.14 10:00	GBPUSD.i	H1	1.31659	1.31532	1.31272	1.29950
1739	2025.04.14 11:00	GBPUSD.i	H1	1.31711	1.31684	1.31383	1.29998
1740	2025.04.14 12:00	GBPUSD.i	H1	1.31786	1.31805	1.31496	1.30047
1741	2025.04.14 13:00	GBPUSD.i	H1	1.31978	1.31897	1.31606	1.30097
1742	2025.04.14 14:00	GBPUSD.i	H1	1.31758	1.31931	1.31700	1.30146
1743	2025.04.14 15:00	GBPUSD.i	H1	1.31457	1.31801	1.31744	1.30188
1744	2025.04.14 16:00	GBPUSD.i	H1	1.31571	1.31665	1.31750	1.30225
1745	2025.04.14 17:00	GBPUSD.i	H1	1.31872	1.31724	1.31771	1.30264
1746	2025.04.14 18:00	GBPUSD.i	H1	1.31736	1.31762	1.31796	1.30306
1747	2025.04.14 19:00	GBPUSD.i	H1	1.31664	1.31767	1.31817	1.30346
1748	2025.04.14 20:00	GBPUSD.i	H1	1.31826	1.31786	1.31837	1.30386
1749	2025.04.14 21:00	GBPUSD.i	H1	1.31964	1.31858	1.31869	1.30427
1750	2025.04.14 22:00	GBPUSD.i	H1	1.31897	1.31903	1.31903	1.30468
1751	2025.04.14 23:00	GBPUSD.i	H1	1.31876	1.31899	1.31928	1.30508
1752	2025.04.15 00:00	GBPUSD.i	H1	1.31808	1.31869	1.31939	1.30545
1753	2025.04.15 01:00	GBPUSD.i	H1	1.31807	1.31860	1.31945	1.30581
1754	2025.04.15 02:00	GBPUSD.i	H1	1.31724	1.31804	1.31936	1.30614
1755	2025.04.15 03:00	GBPUSD.i	H1	1.31736	1.31752	1.31917	1.30645
1756	2025.04.15 04:00	GBPUSD.i	H1	1.31773	1.31747	1.31900	1.30676
1757	2025.04.15 05:00	GBPUSD.i	H1	1.31955	1.31808	1.31899	1.30708
1758	2025.04.15 06:00	GBPUSD.i	H1	1.31977	1.31876	1.31913	1.30742
1759	2025.04.15 07:00	GBPUSD.i	H1	1.32116	1.31978	1.31945	1.30777
1760	2025.04.15 08:00	GBPUSD.i	H1	1.32040	1.32047	1.31984	1.30814
1761	2025.04.15 09:00	GBPUSD.i	H1	1.31964	1.32033	1.32010	1.30848
1762	2025.04.15 10:00	GBPUSD.i	H1	1.32238	1.32094	1.32043	1.30881
1763	2025.04.15 11:00	GBPUSD.i	H1	1.32301	1.32207	1.32094	1.30918
1764	2025.04.15 12:00	GBPUSD.i	H1	1.32379	1.32315	1.32158	1.30957
1765	2025.04.15 13:00	GBPUSD.i	H1	1.32408	1.32399	1.32226	1.30997
1766	2025.04.15 14:00	GBPUSD.i	H1	1.32317	1.32392	1.32277	1.31035
1767	2025.04.15 15:00	GBPUSD.i	H1	1.32234	1.32374	1.32313	1.31070
1768	2025.04.15 16:00	GBPUSD.i	H1	1.32273	1.32340	1.32334	1.31104
1769	2025.04.15 17:00	GBPUSD.i	H1	1.32447	1.32345	1.32352	1.31137
1770	2025.04.15 18:00	GBPUSD.i	H1	1.32203	1.32324	1.32362	1.31169
1771	2025.04.15 19:00	GBPUSD.i	H1	1.32123	1.32242	1.32351	1.31198
1772	2025.04.15 20:00	GBPUSD.i	H1	1.32173	1.32204	1.32335	1.31225
1773	2025.04.15 21:00	GBPUSD.i	H1	1.32169	1.32161	1.32312	1.31251
1774	2025.04.15 22:00	GBPUSD.i	H1	1.32263	1.32179	1.32298	1.31277
1775	2025.04.15 23:00	GBPUSD.i	H1	1.32299	1.32228	1.32297	1.31304
1776	2025.04.16 00:00	GBPUSD.i	H1	1.32212	1.32218	1.32293	1.31331
1777	2025.04.16 01:00	GBPUSD.i	H1	1.32366	1.32263	1.32298	1.31357
1778	2025.04.16 02:00	GBPUSD.i	H1	1.32307	1.32283	1.32306	1.31383
1779	2025.04.16 03:00	GBPUSD.i	H1	1.32464	1.32357	1.32328	1.31411
1780	2025.04.16 04:00	GBPUSD.i	H1	1.32495	1.32435	1.32362	1.31440
1781	2025.04.16 05:00	GBPUSD.i	H1	1.32485	1.32483	1.32398	1.31469
1782	2025.04.16 06:00	GBPUSD.i	H1	1.32631	1.32549	1.32441	1.31499
1783	2025.04.16 07:00	GBPUSD.i	H1	1.32644	1.32611	1.32488	1.31530
1784	2025.04.16 08:00	GBPUSD.i	H1	1.32843	1.32718	1.32549	1.31562
1785	2025.04.16 09:00	GBPUSD.i	H1	1.32626	1.32734	1.32600	1.31595
1786	2025.04.16 10:00	GBPUSD.i	H1	1.32832	1.32781	1.32650	1.31626
1787	2025.04.16 11:00	GBPUSD.i	H1	1.32888	1.32831	1.32702	1.31659
1788	2025.04.16 12:00	GBPUSD.i	H1	1.32683	1.32815	1.32739	1.31690
1789	2025.04.16 13:00	GBPUSD.i	H1	1.32646	1.32770	1.32758	1.31718
1790	2025.04.16 14:00	GBPUSD.i	H1	1.32722	1.32742	1.32768	1.31745
1791	2025.04.16 15:00	GBPUSD.i	H1	1.32595	1.32683	1.32762	1.31770
1792	2025.04.16 16:00	GBPUSD.i	H1	1.32621	1.32653	1.32752	1.31793
1793	2025.04.16 17:00	GBPUSD.i	H1	1.32573	1.32593	1.32731	1.31815
1794	2025.04.16 18:00	GBPUSD.i	H1	1.32448	1.32501	1.32693	1.31834
1795	2025.04.16 19:00	GBPUSD.i	H1	1.32336	1.32415	1.32643	1.31850
1796	2025.04.16 20:00	GBPUSD.i	H1	1.32171	1.32290	1.32575	1.31862
1797	2025.04.16 21:00	GBPUSD.i	H1	1.32300	1.32232	1.32508	1.31873
1798	2025.04.16 22:00	GBPUSD.i	H1	1.32376	1.32264	1.32462	1.31885
1799	2025.04.16 23:00	GBPUSD.i	H1	1.32389	1.32286	1.32430	1.31899
1800	2025.04.17 00:00	GBPUSD.i	H1	1.32421	1.32318	1.32410	1.31913
1801	2025.04.17 01:00	GBPUSD.i	H1	1.32370	1.32329	1.32394	1.31926
1802	2025.04.17 02:00	GBPUSD.i	H1	1.32325	1.32329	1.32380	1.31938
1803	2025.04.17 03:00	GBPUSD.i	H1	1.32121	1.32251	1.32350	1.31947
1804	2025.04.17 04:00	GBPUSD.i	H1	1.32147	1.32167	1.32306	1.31953
1805	2025.04.17 05:00	GBPUSD.i	H1	1.32254	1.32175	1.32274	1.31959
1806	2025.04.17 06:00	GBPUSD.i	H1	1.32137	1.32163	1.32245	1.31966
1807	2025.04.17 07:00	GBPUSD.i	H1	1.32099	1.32123	1.32213	1.31971
1808	2025.04.17 08:00	GBPUSD.i	H1	1.32098	1.32103	1.32182	1.31975
1809	2025.04.17 09:00	GBPUSD.i	H1	1.32277	1.32141	1.32167	1.31980
1810	2025.04.17 10:00	GBPUSD.i	H1	1.32424	1.32244	1.32178	1.31989
1811	2025.04.17 11:00	GBPUSD.i	H1	1.32395	1.32330	1.32205	1.32000
1812	2025.04.17 12:00	GBPUSD.i	H1	1.32410	1.32389	1.32238	1.32012
1813	2025.04.17 13:00	GBPUSD.i	H1	1.32238	1.32368	1.32260	1.32021
1814	2025.04.17 14:00	GBPUSD.i	H1	1.32274	1.32341	1.32270	1.32029
1815	2025.04.17 15:00	GBPUSD.i	H1	1.32494	1.32378	1.32288	1.32038
1816	2025.04.17 16:00	GBPUSD.i	H1	1.32571	1.32469	1.32324	1.32049
1817	2025.04.17 17:00	GBPUSD.i	H1	1.32326	1.32479	1.32354	1.32062
1818	2025.04.17 18:00	GBPUSD.i	H1	1.32574	1.32502	1.32384	1.32073
1819	2025.04.17 19:00	GBPUSD.i	H1	1.32582	1.32565	1.32422	1.32086
1820	2025.04.17 20:00	GBPUSD.i	H1	1.32572	1.32578	1.32456	1.32099
1821	2025.04.17 21:00	GBPUSD.i	H1	1.32694	1.32630	1.32495	1.32113
1822	2025.04.17 22:00	GBPUSD.i	H1	1.32663	1.32668	1.32535	1.32128
1823	2025.04.17 23:00	GBPUSD.i	H1	1.32658	1.32691	1.32572	1.32143
1824	2025.04.18 00:00	GBPUSD.i	H1	1.32617	1.32668	1.32597	1.32156
1825	2025.04.18 01:00	GBPUSD.i	H1	1.32602	1.32664	1.32617	1.32169
1826	2025.04.18 02:00	GBPUSD.i	H1	1.32670	1.32664	1.32633	1.32182
1827	2025.04.18 03:00	GBPUSD.i	H1	1.32812	1.32727	1.32661	1.32196
1828	2025.04.18 04:00	GBPUSD.i	H1	1.32701	1.32749	1.32688	1.32212
1829	2025.04.18 05:00	GBPUSD.i	H1	1.32727	1.32745	1.32708	1.32226
1830	2025.04.18 06:00	GBPUSD.i	H1	1.32695	1.32733	1.32722	1.32240
1831	2025.04.18 07:00	GBPUSD.i	H1	1.32689	1.32716	1.32729	1.32252
1832	2025.04.18 08:00	GBPUSD.i	H1	1.32692	1.32710	1.32733	1.32264
1833	2025.04.18 09:00	GBPUSD.i	H1	1.32669	1.32696	1.32733	1.32276
1834	2025.04.18 10:00	GBPUSD.i	H1	1.32653	1.32693	1.32733	1.32287
1835	2025.04.18 11:00	GBPUSD.i	H1	1.32717	1.32683	1.32731	1.32298
1836	2025.04.18 12:00	GBPUSD.i	H1	1.32713	1.32693	1.32731	1.32309
1837	2025.04.18 13:00	GBPUSD.i	H1	1.32762	1.32708	1.32733	1.32321
1838	2025.04.18 14:00	GBPUSD.i	H1	1.32746	1.32730	1.32740	1.32332
1839	2025.04.18 15:00	GBPUSD.i	H1	1.32765	1.32747	1.32749	1.32344
1840	2025.04.18 16:00	GBPUSD.i	H1	1.32748	1.32752	1.32756	1.32356
1841	2025.04.18 17:00	GBPUSD.i	H1	1.32829	1.32783	1.32768	1.32368
1842	2025.04.18 18:00	GBPUSD.i	H1	1.32767	1.32781	1.32777	1.32379
1843	2025.04.18 19:00	GBPUSD.i	H1	1.32829	1.32796	1.32787	1.32391
1844	2025.04.18 20:00	GBPUSD.i	H1	1.32812	1.32808	1.32798	1.32402
1845	2025.04.18 21:00	GBPUSD.i	H1	1.32861	1.32829	1.32810	1.32414
1846	2025.04.18 22:00	GBPUSD.i	H1	1.32888	1.32862	1.32827	1.32426
1847	2025.04.18 23:00	GBPUSD.i	H1	1.32927	1.32899	1.32849	1.32440
1848	2025.04.21 00:00	GBPUSD.i	H1	1.32806	1.32854	1.32855	1.32451
1849	2025.04.21 01:00	GBPUSD.i	H1	1.33043	1.32904	1.32872	1.32462
1850	2025.04.21 02:00	GBPUSD.i	H1	1.33145	1.33018	1.32911	1.32478
1851	2025.04.21 03:00	GBPUSD.i	H1	1.33462	1.33219	1.32987	1.32500
1852	2025.04.21 04:00	GBPUSD.i	H1	1.33520	1.33403	1.33087	1.32526
1853	2025.04.21 05:00	GBPUSD.i	H1	1.33702	1.33581	1.33206	1.32556
1854	2025.04.21 06:00	GBPUSD.i	H1	1.33814	1.33752	1.33338	1.32588
1855	2025.04.21 07:00	GBPUSD.i	H1	1.33829	1.33839	1.33460	1.32621
1856	2025.04.21 08:00	GBPUSD.i	H1	1.33939	1.33943	1.33581	1.32655
1857	2025.04.21 09:00	GBPUSD.i	H1	1.33818	1.33963	1.33681	1.32689
1858	2025.04.21 10:00	GBPUSD.i	H1	1.34110	1.34045	1.33781	1.32723
1859	2025.04.21 11:00	GBPUSD.i	H1	1.34145	1.34124	1.33879	1.32760
1860	2025.04.21 12:00	GBPUSD.i	H1	1.34007	1.34157	1.33964	1.32797
1861	2025.04.21 13:00	GBPUSD.i	H1	1.33898	1.34098	1.34019	1.32830
1862	2025.04.21 14:00	GBPUSD.i	H1	1.33964	1.34043	1.34051	1.32861
1863	2025.04.21 15:00	GBPUSD.i	H1	1.34042	1.34024	1.34074	1.32891
1864	2025.04.21 16:00	GBPUSD.i	H1	1.34016	1.34017	1.34091	1.32921
1865	2025.04.21 17:00	GBPUSD.i	H1	1.33903	1.33988	1.34098	1.32950
1866	2025.04.21 18:00	GBPUSD.i	H1	1.33811	1.33915	1.34087	1.32976
1867	2025.04.21 19:00	GBPUSD.i	H1	1.33789	1.33843	1.34061	1.32999
1868	2025.04.21 20:00	GBPUSD.i	H1	1.33763	1.33766	1.34023	1.33021
1869	2025.04.21 21:00	GBPUSD.i	H1	1.33790	1.33743	1.33987	1.33041
1870	2025.04.21 22:00	GBPUSD.i	H1	1.33751	1.33731	1.33954	1.33061
1871	2025.04.21 23:00	GBPUSD.i	H1	1.33782	1.33726	1.33926	1.33081
1872	2025.04.22 00:00	GBPUSD.i	H1	1.33764	1.33710	1.33898	1.33100
1873	2025.04.22 01:00	GBPUSD.i	H1	1.33816	1.33730	1.33878	1.33118
1874	2025.04.22 02:00	GBPUSD.i	H1	1.33796	1.33742	1.33863	1.33137
1875	2025.04.22 03:00	GBPUSD.i	H1	1.33705	1.33712	1.33842	1.33154
1876	2025.04.22 04:00	GBPUSD.i	H1	1.33755	1.33717	1.33826	1.33170
1877	2025.04.22 05:00	GBPUSD.i	H1	1.33963	1.33790	1.33828	1.33188
1878	2025.04.22 06:00	GBPUSD.i	H1	1.34042	1.33905	1.33854	1.33210
1879	2025.04.22 07:00	GBPUSD.i	H1	1.34025	1.33985	1.33891	1.33233
1880	2025.04.22 08:00	GBPUSD.i	H1	1.34174	1.34067	1.33937	1.33256
1881	2025.04.22 09:00	GBPUSD.i	H1	1.33902	1.34054	1.33968	1.33278
1882	2025.04.22 10:00	GBPUSD.i	H1	1.33774	1.33964	1.33972	1.33296
1883	2025.04.22 11:00	GBPUSD.i	H1	1.33875	1.33897	1.33960	1.33311
1884	2025.04.22 12:00	GBPUSD.i	H1	1.33692	1.33817	1.33934	1.33324
1885	2025.04.22 13:00	GBPUSD.i	H1	1.33670	1.33742	1.33896	1.33334
1886	2025.04.22 14:00	GBPUSD.i	H1	1.33776	1.33729	1.33865	1.33345
1887	2025.04.22 15:00	GBPUSD.i	H1	1.33716	1.33696	1.33832	1.33356
1888	2025.04.22 16:00	GBPUSD.i	H1	1.33754	1.33681	1.33802	1.33366
1889	2025.04.22 17:00	GBPUSD.i	H1	1.33805	1.33722	1.33788	1.33376
1890	2025.04.22 18:00	GBPUSD.i	H1	1.33737	1.33734	1.33778	1.33388
1891	2025.04.22 19:00	GBPUSD.i	H1	1.33463	1.33639	1.33748	1.33395
1892	2025.04.22 20:00	GBPUSD.i	H1	1.33451	1.33536	1.33700	1.33398
1893	2025.04.22 21:00	GBPUSD.i	H1	1.33368	1.33435	1.33639	1.33399
1894	2025.04.22 22:00	GBPUSD.i	H1	1.33314	1.33356	1.33574	1.33398
1895	2025.04.22 23:00	GBPUSD.i	H1	1.33299	1.33300	1.33509	1.33396
1896	2025.04.23 00:00	GBPUSD.i	H1	1.32923	1.33141	1.33422	1.33390
1897	2025.04.23 01:00	GBPUSD.i	H1	1.32549	1.32830	1.33281	1.33375
1898	2025.04.23 02:00	GBPUSD.i	H1	1.32723	1.32688	1.33140	1.33355
1899	2025.04.23 03:00	GBPUSD.i	H1	1.33056	1.32730	1.33038	1.33340
1900	2025.04.23 04:00	GBPUSD.i	H1	1.33112	1.32843	1.32983	1.33331
1901	2025.04.23 05:00	GBPUSD.i	H1	1.33087	1.32912	1.32952	1.33324
1902	2025.04.23 06:00	GBPUSD.i	H1	1.32927	1.32917	1.32927	1.33315
1903	2025.04.23 07:00	GBPUSD.i	H1	1.33053	1.32942	1.32910	1.33306
1904	2025.04.23 08:00	GBPUSD.i	H1	1.32987	1.32980	1.32905	1.33298
1905	2025.04.23 09:00	GBPUSD.i	H1	1.33210	1.33059	1.32919	1.33292
1906	2025.04.23 10:00	GBPUSD.i	H1	1.33041	1.33097	1.32937	1.33287
1907	2025.04.23 11:00	GBPUSD.i	H1	1.33196	1.33102	1.32953	1.33282
1908	2025.04.23 12:00	GBPUSD.i	H1	1.33226	1.33197	1.32988	1.33279
1909	2025.04.23 13:00	GBPUSD.i	H1	1.33015	1.33158	1.33007	1.33276
1910	2025.04.23 14:00	GBPUSD.i	H1	1.32993	1.33099	1.33010	1.33269
1911	2025.04.23 15:00	GBPUSD.i	H1	1.33041	1.33070	1.33007	1.33262
1912	2025.04.23 16:00	GBPUSD.i	H1	1.32848	1.33020	1.32995	1.33254
1913	2025.04.23 17:00	GBPUSD.i	H1	1.32741	1.32918	1.32965	1.33244
1914	2025.04.23 18:00	GBPUSD.i	H1	1.32551	1.32772	1.32909	1.33230
1915	2025.04.23 19:00	GBPUSD.i	H1	1.32609	1.32658	1.32841	1.33213
1916	2025.04.23 20:00	GBPUSD.i	H1	1.32721	1.32639	1.32785	1.33197
1917	2025.04.23 21:00	GBPUSD.i	H1	1.32657	1.32615	1.32736	1.33183
1918	2025.04.23 22:00	GBPUSD.i	H1	1.32662	1.32607	1.32696	1.33168
1919	2025.04.23 23:00	GBPUSD.i	H1	1.32523	1.32562	1.32654	1.33152
1920	2025.04.24 00:00	GBPUSD.i	H1	1.32536	1.32523	1.32612	1.33136
1921	2025.04.24 01:00	GBPUSD.i	H1	1.32677	1.32559	1.32587	1.33121
1922	2025.04.24 02:00	GBPUSD.i	H1	1.32647	1.32599	1.32576	1.33108
1923	2025.04.24 03:00	GBPUSD.i	H1	1.32770	1.32649	1.32578	1.33096
1924	2025.04.24 04:00	GBPUSD.i	H1	1.32832	1.32733	1.32599	1.33087
1925	2025.04.24 05:00	GBPUSD.i	H1	1.32842	1.32792	1.32628	1.33080
1926	2025.04.24 06:00	GBPUSD.i	H1	1.32699	1.32788	1.32650	1.33072
1927	2025.04.24 07:00	GBPUSD.i	H1	1.32702	1.32758	1.32660	1.33062
1928	2025.04.24 08:00	GBPUSD.i	H1	1.32679	1.32736	1.32665	1.33052
1929	2025.04.24 09:00	GBPUSD.i	H1	1.32744	1.32742	1.32671	1.33042
1930	2025.04.24 10:00	GBPUSD.i	H1	1.32944	1.32818	1.32695	1.33036
1931	2025.04.24 11:00	GBPUSD.i	H1	1.33018	1.32925	1.32738	1.33033
1932	2025.04.24 12:00	GBPUSD.i	H1	1.33035	1.33018	1.32794	1.33033
1933	2025.04.24 13:00	GBPUSD.i	H1	1.33002	1.33072	1.32850	1.33034
1934	2025.04.24 14:00	GBPUSD.i	H1	1.33083	1.33119	1.32906	1.33035
1935	2025.04.24 15:00	GBPUSD.i	H1	1.33014	1.33112	1.32949	1.33036
1936	2025.04.24 16:00	GBPUSD.i	H1	1.33132	1.33133	1.32989	1.33037
1937	2025.04.24 17:00	GBPUSD.i	H1	1.33146	1.33184	1.33033	1.33040
1938	2025.04.24 18:00	GBPUSD.i	H1	1.33050	1.33147	1.33060	1.33042
1939	2025.04.24 19:00	GBPUSD.i	H1	1.33287	1.33192	1.33094	1.33045
1940	2025.04.24 20:00	GBPUSD.i	H1	1.33213	1.33236	1.33131	1.33049
1941	2025.04.24 21:00	GBPUSD.i	H1	1.33263	1.33254	1.33165	1.33055
1942	2025.04.24 22:00	GBPUSD.i	H1	1.33371	1.33322	1.33208	1.33061
1943	2025.04.24 23:00	GBPUSD.i	H1	1.33368	1.33386	1.33256	1.33070
1944	2025.04.25 00:00	GBPUSD.i	H1	1.33295	1.33370	1.33291	1.33078
1945	2025.04.25 01:00	GBPUSD.i	H1	1.33368	1.33380	1.33320	1.33085
1946	2025.04.25 02:00	GBPUSD.i	H1	1.33273	1.33356	1.33339	1.33092
1947	2025.04.25 03:00	GBPUSD.i	H1	1.33070	1.33258	1.33331	1.33095
1948	2025.04.25 04:00	GBPUSD.i	H1	1.32992	1.33146	1.33301	1.33095
1949	2025.04.25 05:00	GBPUSD.i	H1	1.33053	1.33077	1.33262	1.33093
1950	2025.04.25 06:00	GBPUSD.i	H1	1.32868	1.33001	1.33215	1.33091
1951	2025.04.25 07:00	GBPUSD.i	H1	1.32870	1.32901	1.33154	1.33086
1952	2025.04.25 08:00	GBPUSD.i	H1	1.32786	1.32822	1.33089	1.33079
1953	2025.04.25 09:00	GBPUSD.i	H1	1.33049	1.32846	1.33042	1.33074
1954	2025.04.25 10:00	GBPUSD.i	H1	1.32980	1.32900	1.33017	1.33071
1955	2025.04.25 11:00	GBPUSD.i	H1	1.33024	1.32924	1.33000	1.33069
1956	2025.04.25 12:00	GBPUSD.i	H1	1.32994	1.32955	1.32992	1.33068
1957	2025.04.25 13:00	GBPUSD.i	H1	1.33175	1.33005	1.32996	1.33067
1958	2025.04.25 14:00	GBPUSD.i	H1	1.33066	1.33050	1.33007	1.33068
1959	2025.04.25 15:00	GBPUSD.i	H1	1.33229	1.33122	1.33032	1.33070
1960	2025.04.25 16:00	GBPUSD.i	H1	1.33057	1.33125	1.33051	1.33072
1961	2025.04.25 17:00	GBPUSD.i	H1	1.33082	1.33134	1.33067	1.33073
1962	2025.04.25 18:00	GBPUSD.i	H1	1.33289	1.33174	1.33089	1.33075
1963	2025.04.25 19:00	GBPUSD.i	H1	1.33195	1.33219	1.33117	1.33079
1964	2025.04.25 20:00	GBPUSD.i	H1	1.33253	1.33245	1.33145	1.33083
1965	2025.04.25 21:00	GBPUSD.i	H1	1.33293	1.33270	1.33172	1.33088
1966	2025.04.25 22:00	GBPUSD.i	H1	1.33191	1.33271	1.33195	1.33092
1967	2025.04.25 23:00	GBPUSD.i	H1	1.33066	1.33209	1.33198	1.33095
1968	2025.04.28 00:00	GBPUSD.i	H1	1.33017	1.33115	1.33181	1.33094
1969	2025.04.28 01:00	GBPUSD.i	H1	1.32990	1.33058	1.33155	1.33091
1970	2025.04.28 02:00	GBPUSD.i	H1	1.32898	1.32991	1.33121	1.33088
1971	2025.04.28 03:00	GBPUSD.i	H1	1.33002	1.32966	1.33089	1.33085
1972	2025.04.28 04:00	GBPUSD.i	H1	1.32871	1.32929	1.33055	1.33081
1973	2025.04.28 05:00	GBPUSD.i	H1	1.32884	1.32877	1.33017	1.33076
1974	2025.04.28 06:00	GBPUSD.i	H1	1.32953	1.32883	1.32988	1.33071
1975	2025.04.28 07:00	GBPUSD.i	H1	1.33152	1.32959	1.32982	1.33069
1976	2025.04.28 08:00	GBPUSD.i	H1	1.33164	1.33068	1.33001	1.33071
1977	2025.04.28 09:00	GBPUSD.i	H1	1.32964	1.33046	1.33009	1.33072
1978	2025.04.28 10:00	GBPUSD.i	H1	1.33057	1.33045	1.33015	1.33071
1979	2025.04.28 11:00	GBPUSD.i	H1	1.33290	1.33137	1.33040	1.33072
1980	2025.04.28 12:00	GBPUSD.i	H1	1.33426	1.33290	1.33094	1.33079
1981	2025.04.28 13:00	GBPUSD.i	H1	1.33404	1.33378	1.33156	1.33089
1982	2025.04.28 14:00	GBPUSD.i	H1	1.33383	1.33412	1.33212	1.33097
1983	2025.04.28 15:00	GBPUSD.i	H1	1.33425	1.33464	1.33268	1.33106
1984	2025.04.28 16:00	GBPUSD.i	H1	1.33666	1.33562	1.33335	1.33117
1985	2025.04.28 17:00	GBPUSD.i	H1	1.33928	1.33780	1.33438	1.33135
1986	2025.04.28 18:00	GBPUSD.i	H1	1.33931	1.33904	1.33548	1.33157
1987	2025.04.28 19:00	GBPUSD.i	H1	1.34129	1.34054	1.33668	1.33180
1988	2025.04.28 20:00	GBPUSD.i	H1	1.34117	1.34175	1.33791	1.33206
1989	2025.04.28 21:00	GBPUSD.i	H1	1.34262	1.34267	1.33909	1.33234
1990	2025.04.28 22:00	GBPUSD.i	H1	1.34390	1.34381	1.34029	1.33263
1991	2025.04.28 23:00	GBPUSD.i	H1	1.34407	1.34461	1.34144	1.33294
1992	2025.04.29 00:00	GBPUSD.i	H1	1.34328	1.34463	1.34235	1.33324
1993	2025.04.29 01:00	GBPUSD.i	H1	1.34357	1.34468	1.34310	1.33352
1994	2025.04.29 02:00	GBPUSD.i	H1	1.34348	1.34459	1.34368	1.33380
1995	2025.04.29 03:00	GBPUSD.i	H1	1.34260	1.34411	1.34405	1.33406
1996	2025.04.29 04:00	GBPUSD.i	H1	1.34207	1.34343	1.34420	1.33430
1997	2025.04.29 05:00	GBPUSD.i	H1	1.34228	1.34321	1.34427	1.33453
1998	2025.04.29 06:00	GBPUSD.i	H1	1.34128	1.34241	1.34415	1.33474
1999	2025.04.29 07:00	GBPUSD.i	H1	1.33960	1.34121	1.34379	1.33491
2000	2025.04.29 08:00	GBPUSD.i	H1	1.34082	1.34058	1.34335	1.33506
2001	2025.04.29 09:00	GBPUSD.i	H1	1.34101	1.34052	1.34300	1.33522
2002	2025.04.29 10:00	GBPUSD.i	H1	1.34219	1.34073	1.34275	1.33539
2003	2025.04.29 11:00	GBPUSD.i	H1	1.34110	1.34089	1.34257	1.33556
2004	2025.04.29 12:00	GBPUSD.i	H1	1.33953	1.34031	1.34227	1.33571
2005	2025.04.29 13:00	GBPUSD.i	H1	1.33824	1.33930	1.34178	1.33581
2006	2025.04.29 14:00	GBPUSD.i	H1	1.33835	1.33863	1.34123	1.33589
2007	2025.04.29 15:00	GBPUSD.i	H1	1.34096	1.33904	1.34089	1.33599
2008	2025.04.29 16:00	GBPUSD.i	H1	1.34072	1.33966	1.34073	1.33611
2009	2025.04.29 17:00	GBPUSD.i	H1	1.33891	1.33965	1.34058	1.33623
2010	2025.04.29 18:00	GBPUSD.i	H1	1.33960	1.33961	1.34044	1.33633
2011	2025.04.29 19:00	GBPUSD.i	H1	1.34071	1.34006	1.34041	1.33644
2012	2025.04.29 20:00	GBPUSD.i	H1	1.33982	1.34006	1.34037	1.33655
2013	2025.04.29 21:00	GBPUSD.i	H1	1.34015	1.33999	1.34031	1.33665
2014	2025.04.29 22:00	GBPUSD.i	H1	1.34034	1.34009	1.34028	1.33675
2015	2025.04.29 23:00	GBPUSD.i	H1	1.34048	1.34032	1.34030	1.33685
2016	2025.04.30 00:00	GBPUSD.i	H1	1.34035	1.34026	1.34030	1.33695
2017	2025.04.30 01:00	GBPUSD.i	H1	1.34093	1.34053	1.34036	1.33705
2018	2025.04.30 02:00	GBPUSD.i	H1	1.34118	1.34084	1.34047	1.33715
2019	2025.04.30 03:00	GBPUSD.i	H1	1.34026	1.34076	1.34053	1.33726
2020	2025.04.30 04:00	GBPUSD.i	H1	1.33912	1.34032	1.34048	1.33734
2021	2025.04.30 05:00	GBPUSD.i	H1	1.33900	1.33974	1.34031	1.33740
2022	2025.04.30 06:00	GBPUSD.i	H1	1.33840	1.33918	1.34006	1.33744
2023	2025.04.30 07:00	GBPUSD.i	H1	1.33906	1.33894	1.33980	1.33748
2024	2025.04.30 08:00	GBPUSD.i	H1	1.34001	1.33914	1.33965	1.33753
2025	2025.04.30 09:00	GBPUSD.i	H1	1.34015	1.33929	1.33957	1.33759
2026	2025.04.30 10:00	GBPUSD.i	H1	1.33856	1.33906	1.33945	1.33763
2027	2025.04.30 11:00	GBPUSD.i	H1	1.33673	1.33813	1.33913	1.33765
2028	2025.04.30 12:00	GBPUSD.i	H1	1.33606	1.33713	1.33866	1.33762
2029	2025.04.30 13:00	GBPUSD.i	H1	1.33576	1.33632	1.33810	1.33759
2030	2025.04.30 14:00	GBPUSD.i	H1	1.33569	1.33587	1.33757	1.33754
2031	2025.04.30 15:00	GBPUSD.i	H1	1.33520	1.33534	1.33703	1.33749
2032	2025.04.30 16:00	GBPUSD.i	H1	1.33227	1.33389	1.33626	1.33740
2033	2025.04.30 17:00	GBPUSD.i	H1	1.33555	1.33357	1.33559	1.33729
2034	2025.04.30 18:00	GBPUSD.i	H1	1.33417	1.33345	1.33503	1.33721
2035	2025.04.30 19:00	GBPUSD.i	H1	1.33466	1.33358	1.33462	1.33712
2036	2025.04.30 20:00	GBPUSD.i	H1	1.33404	1.33383	1.33433	1.33705
2037	2025.04.30 21:00	GBPUSD.i	H1	1.33389	1.33387	1.33411	1.33698
2038	2025.04.30 22:00	GBPUSD.i	H1	1.33285	1.33349	1.33384	1.33689
2039	2025.04.30 23:00	GBPUSD.i	H1	1.33296	1.33295	1.33350	1.33678
2040	2025.05.01 00:00	GBPUSD.i	H1	1.33235	1.33246	1.33312	1.33666
2041	2025.05.01 01:00	GBPUSD.i	H1	1.33247	1.33230	1.33278	1.33655
2042	2025.05.01 02:00	GBPUSD.i	H1	1.33210	1.33207	1.33247	1.33643
2043	2025.05.01 03:00	GBPUSD.i	H1	1.33191	1.33193	1.33220	1.33631
2044	2025.05.01 04:00	GBPUSD.i	H1	1.33076	1.33135	1.33185	1.33618
2045	2025.05.01 05:00	GBPUSD.i	H1	1.33137	1.33111	1.33152	1.33604
2046	2025.05.01 06:00	GBPUSD.i	H1	1.33010	1.33058	1.33115	1.33589
2047	2025.05.01 07:00	GBPUSD.i	H1	1.32935	1.32994	1.33072	1.33573
2048	2025.05.01 08:00	GBPUSD.i	H1	1.32890	1.32915	1.33020	1.33555
2049	2025.05.01 09:00	GBPUSD.i	H1	1.32896	1.32891	1.32975	1.33536
2050	2025.05.01 10:00	GBPUSD.i	H1	1.33058	1.32901	1.32942	1.33520
2051	2025.05.01 11:00	GBPUSD.i	H1	1.33249	1.33035	1.32947	1.33508
2052	2025.05.01 12:00	GBPUSD.i	H1	1.33156	1.33118	1.32969	1.33499
2053	2025.05.01 13:00	GBPUSD.i	H1	1.33384	1.33218	1.33009	1.33492
2054	2025.05.01 14:00	GBPUSD.i	H1	1.33242	1.33287	1.33055	1.33487
2055	2025.05.01 15:00	GBPUSD.i	H1	1.33160	1.33291	1.33092	1.33481
2056	2025.05.01 16:00	GBPUSD.i	H1	1.33242	1.33277	1.33120	1.33474
2057	2025.05.01 17:00	GBPUSD.i	H1	1.32954	1.33173	1.33118	1.33464
2058	2025.05.01 18:00	GBPUSD.i	H1	1.32727	1.32994	1.33079	1.33449
2059	2025.05.01 19:00	GBPUSD.i	H1	1.32807	1.32862	1.33020	1.33430
2060	2025.05.01 20:00	GBPUSD.i	H1	1.32665	1.32756	1.32952	1.33410
2061	2025.05.01 21:00	GBPUSD.i	H1	1.32776	1.32716	1.32891	1.33391
2062	2025.05.01 22:00	GBPUSD.i	H1	1.32788	1.32722	1.32845	1.33374
2063	2025.05.01 23:00	GBPUSD.i	H1	1.32759	1.32722	1.32809	1.33358
2064	2025.05.02 00:00	GBPUSD.i	H1	1.32702	1.32700	1.32776	1.33341
2065	2025.05.02 01:00	GBPUSD.i	H1	1.32843	1.32730	1.32755	1.33325
2066	2025.05.02 02:00	GBPUSD.i	H1	1.32857	1.32771	1.32748	1.33311
2067	2025.05.02 03:00	GBPUSD.i	H1	1.32790	1.32784	1.32745	1.33298
2068	2025.05.02 04:00	GBPUSD.i	H1	1.32899	1.32815	1.32749	1.33285
2069	2025.05.02 05:00	GBPUSD.i	H1	1.32926	1.32879	1.32767	1.33274
2070	2025.05.02 06:00	GBPUSD.i	H1	1.33100	1.32967	1.32800	1.33266
2071	2025.05.02 07:00	GBPUSD.i	H1	1.33080	1.33045	1.32845	1.33260
2072	2025.05.02 08:00	GBPUSD.i	H1	1.33121	1.33113	1.32895	1.33256
2073	2025.05.02 09:00	GBPUSD.i	H1	1.33119	1.33154	1.32944	1.33253
2074	2025.05.02 10:00	GBPUSD.i	H1	1.32992	1.33137	1.32980	1.33248
2075	2025.05.02 11:00	GBPUSD.i	H1	1.32917	1.33052	1.32989	1.33241
2076	2025.05.02 12:00	GBPUSD.i	H1	1.33103	1.33057	1.33000	1.33234
2077	2025.05.02 13:00	GBPUSD.i	H1	1.32895	1.33018	1.33001	1.33227
2078	2025.05.02 14:00	GBPUSD.i	H1	1.32941	1.32993	1.32998	1.33220
2079	2025.05.02 15:00	GBPUSD.i	H1	1.32908	1.32914	1.32978	1.33211
2080	2025.05.02 16:00	GBPUSD.i	H1	1.33202	1.33002	1.32984	1.33204
2081	2025.05.02 17:00	GBPUSD.i	H1	1.33211	1.33101	1.33012	1.33203
2082	2025.05.02 18:00	GBPUSD.i	H1	1.32807	1.33043	1.33019	1.33199
2083	2025.05.02 19:00	GBPUSD.i	H1	1.32835	1.32956	1.33005	1.33191
2084	2025.05.02 20:00	GBPUSD.i	H1	1.32771	1.32879	1.32977	1.33181
2085	2025.05.02 21:00	GBPUSD.i	H1	1.32738	1.32797	1.32938	1.33170
2086	2025.05.02 22:00	GBPUSD.i	H1	1.32773	1.32768	1.32900	1.33159
2087	2025.05.02 23:00	GBPUSD.i	H1	1.32677	1.32712	1.32859	1.33147
2088	2025.05.05 00:00	GBPUSD.i	H1	1.32635	1.32639	1.32809	1.33133
2089	2025.05.05 01:00	GBPUSD.i	H1	1.32639	1.32620	1.32765	1.33120
2090	2025.05.05 02:00	GBPUSD.i	H1	1.32695	1.32628	1.32732	1.33107
2091	2025.05.05 03:00	GBPUSD.i	H1	1.32711	1.32633	1.32707	1.33096
2092	2025.05.05 04:00	GBPUSD.i	H1	1.32893	1.32726	1.32707	1.33087
2093	2025.05.05 05:00	GBPUSD.i	H1	1.32975	1.32826	1.32729	1.33081
2094	2025.05.05 06:00	GBPUSD.i	H1	1.32888	1.32875	1.32756	1.33077
2095	2025.05.05 07:00	GBPUSD.i	H1	1.32952	1.32915	1.32785	1.33073
2096	2025.05.05 08:00	GBPUSD.i	H1	1.32936	1.32960	1.32818	1.33069
2097	2025.05.05 09:00	GBPUSD.i	H1	1.32807	1.32926	1.32836	1.33065
2098	2025.05.05 10:00	GBPUSD.i	H1	1.32815	1.32892	1.32844	1.33058
2099	2025.05.05 11:00	GBPUSD.i	H1	1.32816	1.32872	1.32846	1.33052
2100	2025.05.05 12:00	GBPUSD.i	H1	1.33028	1.32920	1.32859	1.33048
2101	2025.05.05 13:00	GBPUSD.i	H1	1.33070	1.32987	1.32886	1.33046
2102	2025.05.05 14:00	GBPUSD.i	H1	1.33164	1.33087	1.32930	1.33048
2103	2025.05.05 15:00	GBPUSD.i	H1	1.33308	1.33203	1.32991	1.33053
2104	2025.05.05 16:00	GBPUSD.i	H1	1.33221	1.33263	1.33052	1.33058
2105	2025.05.05 17:00	GBPUSD.i	H1	1.33063	1.33217	1.33090	1.33062
2106	2025.05.05 18:00	GBPUSD.i	H1	1.32817	1.33088	1.33091	1.33060
2107	2025.05.05 19:00	GBPUSD.i	H1	1.32737	1.32929	1.33057	1.33054
2108	2025.05.05 20:00	GBPUSD.i	H1	1.32775	1.32839	1.33012	1.33046
2109	2025.05.05 21:00	GBPUSD.i	H1	1.32884	1.32819	1.32974	1.33039
2110	2025.05.05 22:00	GBPUSD.i	H1	1.32931	1.32851	1.32952	1.33035
2111	2025.05.05 23:00	GBPUSD.i	H1	1.32947	1.32881	1.32941	1.33032
2112	2025.05.06 00:00	GBPUSD.i	H1	1.32887	1.32877	1.32931	1.33029
2113	2025.05.06 01:00	GBPUSD.i	H1	1.32909	1.32892	1.32925	1.33026
2114	2025.05.06 02:00	GBPUSD.i	H1	1.32906	1.32897	1.32921	1.33023
2115	2025.05.06 03:00	GBPUSD.i	H1	1.32694	1.32828	1.32901	1.33018
2116	2025.05.06 04:00	GBPUSD.i	H1	1.32728	1.32751	1.32868	1.33010
2117	2025.05.06 05:00	GBPUSD.i	H1	1.32864	1.32772	1.32847	1.33003
2118	2025.05.06 06:00	GBPUSD.i	H1	1.32949	1.32828	1.32842	1.32999
2119	2025.05.06 07:00	GBPUSD.i	H1	1.33023	1.32910	1.32857	1.32998
2120	2025.05.06 08:00	GBPUSD.i	H1	1.32895	1.32928	1.32872	1.32997
2121	2025.05.06 09:00	GBPUSD.i	H1	1.33013	1.32956	1.32889	1.32996
2122	2025.05.06 10:00	GBPUSD.i	H1	1.33196	1.33069	1.32928	1.32998
2123	2025.05.06 11:00	GBPUSD.i	H1	1.33150	1.33159	1.32978	1.33003
2124	2025.05.06 12:00	GBPUSD.i	H1	1.33164	1.33177	1.33022	1.33008
2125	2025.05.06 13:00	GBPUSD.i	H1	1.33508	1.33310	1.33087	1.33015
2126	2025.05.06 14:00	GBPUSD.i	H1	1.33698	1.33511	1.33184	1.33029
2127	2025.05.06 15:00	GBPUSD.i	H1	1.33967	1.33745	1.33313	1.33050
2128	2025.05.06 16:00	GBPUSD.i	H1	1.33854	1.33881	1.33445	1.33073
2129	2025.05.06 17:00	GBPUSD.i	H1	1.33716	1.33909	1.33555	1.33094
2130	2025.05.06 18:00	GBPUSD.i	H1	1.33670	1.33852	1.33630	1.33111
2131	2025.05.06 19:00	GBPUSD.i	H1	1.33579	1.33777	1.33674	1.33125
2132	2025.05.06 20:00	GBPUSD.i	H1	1.33660	1.33755	1.33706	1.33139
2133	2025.05.06 21:00	GBPUSD.i	H1	1.33761	1.33753	1.33733	1.33155
2134	2025.05.06 22:00	GBPUSD.i	H1	1.33789	1.33787	1.33764	1.33171
2135	2025.05.06 23:00	GBPUSD.i	H1	1.33669	1.33753	1.33781	1.33187
2136	2025.05.07 00:00	GBPUSD.i	H1	1.33696	1.33726	1.33789	1.33201
2137	2025.05.07 01:00	GBPUSD.i	H1	1.33494	1.33653	1.33778	1.33213
2138	2025.05.07 02:00	GBPUSD.i	H1	1.33519	1.33572	1.33752	1.33222
2139	2025.05.07 03:00	GBPUSD.i	H1	1.33517	1.33511	1.33717	1.33229
2140	2025.05.07 04:00	GBPUSD.i	H1	1.33510	1.33480	1.33683	1.33236
2141	2025.05.07 05:00	GBPUSD.i	H1	1.33456	1.33448	1.33647	1.33243
2142	2025.05.07 06:00	GBPUSD.i	H1	1.33457	1.33420	1.33612	1.33249
2143	2025.05.07 07:00	GBPUSD.i	H1	1.33423	1.33415	1.33582	1.33255
2144	2025.05.07 08:00	GBPUSD.i	H1	1.33573	1.33448	1.33564	1.33261
2145	2025.05.07 09:00	GBPUSD.i	H1	1.33645	1.33514	1.33563	1.33270
2146	2025.05.07 10:00	GBPUSD.i	H1	1.33519	1.33520	1.33562	1.33279
2147	2025.05.07 11:00	GBPUSD.i	H1	1.33362	1.33472	1.33548	1.33284
2148	2025.05.07 12:00	GBPUSD.i	H1	1.33335	1.33387	1.33517	1.33287
2149	2025.05.07 13:00	GBPUSD.i	H1	1.33459	1.33391	1.33493	1.33289
2150	2025.05.07 14:00	GBPUSD.i	H1	1.33480	1.33429	1.33482	1.33294
2151	2025.05.07 15:00	GBPUSD.i	H1	1.33667	1.33507	1.33491	1.33301
2152	2025.05.07 16:00	GBPUSD.i	H1	1.33640	1.33576	1.33512	1.33310
2153	2025.05.07 17:00	GBPUSD.i	H1	1.33659	1.33631	1.33540	1.33320
2154	2025.05.07 18:00	GBPUSD.i	H1	1.33427	1.33580	1.33549	1.33327
2155	2025.05.07 19:00	GBPUSD.i	H1	1.33480	1.33519	1.33542	1.33331
2156	2025.05.07 20:00	GBPUSD.i	H1	1.33332	1.33446	1.33521	1.33333
2157	2025.05.07 21:00	GBPUSD.i	H1	1.33218	1.33342	1.33481	1.33332
2158	2025.05.07 22:00	GBPUSD.i	H1	1.32968	1.33170	1.33410	1.33327
2159	2025.05.07 23:00	GBPUSD.i	H1	1.32889	1.32996	1.33317	1.33317
2160	2025.05.08 00:00	GBPUSD.i	H1	1.32926	1.32898	1.33221	1.33305
2161	2025.05.08 01:00	GBPUSD.i	H1	1.32868	1.32840	1.33134	1.33294
2162	2025.05.08 02:00	GBPUSD.i	H1	1.32902	1.32821	1.33060	1.33283
2163	2025.05.08 03:00	GBPUSD.i	H1	1.32957	1.32850	1.33007	1.33273
2164	2025.05.08 04:00	GBPUSD.i	H1	1.33420	1.33020	1.33003	1.33269
2165	2025.05.08 05:00	GBPUSD.i	H1	1.33422	1.33209	1.33041	1.33271
2166	2025.05.08 06:00	GBPUSD.i	H1	1.33447	1.33357	1.33101	1.33276
2167	2025.05.08 07:00	GBPUSD.i	H1	1.33319	1.33396	1.33155	1.33280
2168	2025.05.08 08:00	GBPUSD.i	H1	1.33217	1.33327	1.33181	1.33280
2169	2025.05.08 09:00	GBPUSD.i	H1	1.32824	1.33158	1.33164	1.33274
2170	2025.05.08 10:00	GBPUSD.i	H1	1.32903	1.32996	1.33115	1.33263
2171	2025.05.08 11:00	GBPUSD.i	H1	1.32661	1.32852	1.33047	1.33250
2172	2025.05.08 12:00	GBPUSD.i	H1	1.32756	1.32756	1.32973	1.33236
2173	2025.05.08 13:00	GBPUSD.i	H1	1.32628	1.32706	1.32905	1.33222
2174	2025.05.08 14:00	GBPUSD.i	H1	1.33259	1.32812	1.32877	1.33212
2175	2025.05.08 15:00	GBPUSD.i	H1	1.33239	1.33023	1.32902	1.33210
2176	2025.05.08 16:00	GBPUSD.i	H1	1.33353	1.33191	1.32958	1.33213
2177	2025.05.08 17:00	GBPUSD.i	H1	1.33088	1.33225	1.33008	1.33215
2178	2025.05.08 18:00	GBPUSD.i	H1	1.32843	1.33104	1.33019	1.33210
2179	2025.05.08 19:00	GBPUSD.i	H1	1.32658	1.32922	1.32986	1.33199
2180	2025.05.08 20:00	GBPUSD.i	H1	1.32579	1.32739	1.32921	1.33184
2181	2025.05.08 21:00	GBPUSD.i	H1	1.32510	1.32610	1.32843	1.33166
2182	2025.05.08 22:00	GBPUSD.i	H1	1.32441	1.32490	1.32756	1.33148
2183	2025.05.08 23:00	GBPUSD.i	H1	1.32428	1.32413	1.32671	1.33128
2184	2025.05.09 00:00	GBPUSD.i	H1	1.32453	1.32384	1.32598	1.33109
2185	2025.05.09 01:00	GBPUSD.i	H1	1.32502	1.32391	1.32542	1.33091
2186	2025.05.09 02:00	GBPUSD.i	H1	1.32391	1.32364	1.32491	1.33073
2187	2025.05.09 03:00	GBPUSD.i	H1	1.32398	1.32322	1.32440	1.33054
2188	2025.05.09 04:00	GBPUSD.i	H1	1.32256	1.32284	1.32390	1.33034
2189	2025.05.09 05:00	GBPUSD.i	H1	1.32338	1.32248	1.32342	1.33013
2190	2025.05.09 06:00	GBPUSD.i	H1	1.32313	1.32268	1.32309	1.32993
2191	2025.05.09 07:00	GBPUSD.i	H1	1.32363	1.32291	1.32287	1.32975
2192	2025.05.09 08:00	GBPUSD.i	H1	1.32413	1.32310	1.32274	1.32958
2193	2025.05.09 09:00	GBPUSD.i	H1	1.32421	1.32354	1.32274	1.32942
2194	2025.05.09 10:00	GBPUSD.i	H1	1.32621	1.32464	1.32298	1.32930
2195	2025.05.09 11:00	GBPUSD.i	H1	1.32702	1.32570	1.32342	1.32921
2196	2025.05.09 12:00	GBPUSD.i	H1	1.32685	1.32659	1.32396	1.32914
2197	2025.05.09 13:00	GBPUSD.i	H1	1.32688	1.32713	1.32451	1.32908
2198	2025.05.09 14:00	GBPUSD.i	H1	1.32763	1.32771	1.32508	1.32903
2199	2025.05.09 15:00	GBPUSD.i	H1	1.32853	1.32831	1.32568	1.32900
2200	2025.05.09 16:00	GBPUSD.i	H1	1.32869	1.32901	1.32633	1.32899
2201	2025.05.09 17:00	GBPUSD.i	H1	1.33042	1.33000	1.32708	1.32900
2202	2025.05.09 18:00	GBPUSD.i	H1	1.33157	1.33087	1.32788	1.32904
2203	2025.05.09 19:00	GBPUSD.i	H1	1.33070	1.33150	1.32866	1.32910
2204	2025.05.09 20:00	GBPUSD.i	H1	1.33149	1.33184	1.32937	1.32916
2205	2025.05.09 21:00	GBPUSD.i	H1	1.33151	1.33207	1.33000	1.32922
2206	2025.05.09 22:00	GBPUSD.i	H1	1.33115	1.33194	1.33048	1.32927
2207	2025.05.09 23:00	GBPUSD.i	H1	1.33044	1.33148	1.33078	1.32931
2208	2025.05.12 00:00	GBPUSD.i	H1	1.32621	1.32943	1.33055	1.32929
2209	2025.05.12 01:00	GBPUSD.i	H1	1.32857	1.32861	1.33022	1.32924
2210	2025.05.12 02:00	GBPUSD.i	H1	1.32847	1.32851	1.32995	1.32922
2211	2025.05.12 03:00	GBPUSD.i	H1	1.32889	1.32831	1.32970	1.32920
2212	2025.05.12 04:00	GBPUSD.i	H1	1.32785	1.32810	1.32946	1.32918
2213	2025.05.12 05:00	GBPUSD.i	H1	1.32827	1.32804	1.32924	1.32915
2214	2025.05.12 06:00	GBPUSD.i	H1	1.32912	1.32819	1.32910	1.32913
2215	2025.05.12 07:00	GBPUSD.i	H1	1.32860	1.32832	1.32901	1.32912
2216	2025.05.12 08:00	GBPUSD.i	H1	1.32815	1.32812	1.32888	1.32910
2217	2025.05.12 09:00	GBPUSD.i	H1	1.32851	1.32837	1.32883	1.32909
2218	2025.05.12 10:00	GBPUSD.i	H1	1.31687	1.32456	1.32790	1.32897
2219	2025.05.12 11:00	GBPUSD.i	H1	1.31943	1.32113	1.32639	1.32871
2220	2025.05.12 12:00	GBPUSD.i	H1	1.31974	1.31955	1.32487	1.32844
2221	2025.05.12 13:00	GBPUSD.i	H1	1.31411	1.31690	1.32307	1.32814
2222	2025.05.12 14:00	GBPUSD.i	H1	1.31770	1.31576	1.32140	1.32781
2223	2025.05.12 15:00	GBPUSD.i	H1	1.31962	1.31633	1.32020	1.32754
2224	2025.05.12 16:00	GBPUSD.i	H1	1.32004	1.31746	1.31949	1.32732
2225	2025.05.12 17:00	GBPUSD.i	H1	1.32012	1.31831	1.31908	1.32712
2226	2025.05.12 18:00	GBPUSD.i	H1	1.31911	1.31877	1.31883	1.32692
2227	2025.05.12 19:00	GBPUSD.i	H1	1.31780	1.31842	1.31853	1.32671
2228	2025.05.12 20:00	GBPUSD.i	H1	1.31753	1.31770	1.31810	1.32646
2229	2025.05.12 21:00	GBPUSD.i	H1	1.31800	1.31740	1.31770	1.32621
2230	2025.05.12 22:00	GBPUSD.i	H1	1.31782	1.31747	1.31740	1.32597
2231	2025.05.12 23:00	GBPUSD.i	H1	1.31746	1.31744	1.31715	1.32574
2232	2025.05.13 00:00	GBPUSD.i	H1	1.31681	1.31710	1.31689	1.32551
2233	2025.05.13 01:00	GBPUSD.i	H1	1.31760	1.31713	1.31669	1.32528
2234	2025.05.13 02:00	GBPUSD.i	H1	1.31775	1.31735	1.31660	1.32506
2235	2025.05.13 03:00	GBPUSD.i	H1	1.31784	1.31762	1.31659	1.32486
2236	2025.05.13 04:00	GBPUSD.i	H1	1.31844	1.31796	1.31666	1.32467
2237	2025.05.13 05:00	GBPUSD.i	H1	1.31822	1.31828	1.31681	1.32450
2238	2025.05.13 06:00	GBPUSD.i	H1	1.31982	1.31888	1.31706	1.32434
2239	2025.05.13 07:00	GBPUSD.i	H1	1.32008	1.31948	1.31741	1.32420
2240	2025.05.13 08:00	GBPUSD.i	H1	1.31997	1.31997	1.31781	1.32408
2241	2025.05.13 09:00	GBPUSD.i	H1	1.31980	1.32017	1.31817	1.32397
2242	2025.05.13 10:00	GBPUSD.i	H1	1.32116	1.32065	1.31859	1.32386
2243	2025.05.13 11:00	GBPUSD.i	H1	1.32114	1.32107	1.31902	1.32378
2244	2025.05.13 12:00	GBPUSD.i	H1	1.32136	1.32149	1.31947	1.32370
2245	2025.05.13 13:00	GBPUSD.i	H1	1.32036	1.32144	1.31983	1.32363
2246	2025.05.13 14:00	GBPUSD.i	H1	1.32135	1.32148	1.32014	1.32356
2247	2025.05.13 15:00	GBPUSD.i	H1	1.32433	1.32259	1.32065	1.32352
2248	2025.05.13 16:00	GBPUSD.i	H1	1.32266	1.32321	1.32121	1.32351
2249	2025.05.13 17:00	GBPUSD.i	H1	1.32597	1.32430	1.32190	1.32352
2250	2025.05.13 18:00	GBPUSD.i	H1	1.32772	1.32609	1.32286	1.32359
2251	2025.05.13 19:00	GBPUSD.i	H1	1.32923	1.32786	1.32402	1.32371
2252	2025.05.13 20:00	GBPUSD.i	H1	1.32998	1.32941	1.32529	1.32386
2253	2025.05.13 21:00	GBPUSD.i	H1	1.33002	1.33040	1.32652	1.32403
2254	2025.05.13 22:00	GBPUSD.i	H1	1.33056	1.33112	1.32766	1.32420
2255	2025.05.13 23:00	GBPUSD.i	H1	1.33022	1.33157	1.32867	1.32438
2256	2025.05.14 00:00	GBPUSD.i	H1	1.33049	1.33157	1.32948	1.32455
2257	2025.05.14 01:00	GBPUSD.i	H1	1.33139	1.33180	1.33019	1.32472
2258	2025.05.14 02:00	GBPUSD.i	H1	1.33035	1.33166	1.33073	1.32489
2259	2025.05.14 03:00	GBPUSD.i	H1	1.33136	1.33163	1.33117	1.32505
2260	2025.05.14 04:00	GBPUSD.i	H1	1.33080	1.33161	1.33152	1.32522
2261	2025.05.14 05:00	GBPUSD.i	H1	1.33035	1.33119	1.33171	1.32537
2262	2025.05.14 06:00	GBPUSD.i	H1	1.33087	1.33094	1.33180	1.32551
2263	2025.05.14 07:00	GBPUSD.i	H1	1.33041	1.33081	1.33185	1.32565
2264	2025.05.14 08:00	GBPUSD.i	H1	1.33015	1.33057	1.33183	1.32579
2265	2025.05.14 09:00	GBPUSD.i	H1	1.32991	1.33025	1.33174	1.32591
2266	2025.05.14 10:00	GBPUSD.i	H1	1.33290	1.33096	1.33182	1.32605
2267	2025.05.14 11:00	GBPUSD.i	H1	1.33469	1.33262	1.33225	1.32625
2268	2025.05.14 12:00	GBPUSD.i	H1	1.33497	1.33390	1.33285	1.32649
2269	2025.05.14 13:00	GBPUSD.i	H1	1.33486	1.33449	1.33344	1.32671
2270	2025.05.14 14:00	GBPUSD.i	H1	1.33336	1.33439	1.33386	1.32692
2271	2025.05.14 15:00	GBPUSD.i	H1	1.33249	1.33376	1.33403	1.32709
2272	2025.05.14 16:00	GBPUSD.i	H1	1.33167	1.33293	1.33398	1.32724
2273	2025.05.14 17:00	GBPUSD.i	H1	1.33044	1.33161	1.33363	1.32734
2274	2025.05.14 18:00	GBPUSD.i	H1	1.33005	1.33054	1.33313	1.32742
2275	2025.05.14 19:00	GBPUSD.i	H1	1.32823	1.32936	1.33246	1.32747
2276	2025.05.14 20:00	GBPUSD.i	H1	1.32791	1.32833	1.33170	1.32750
2277	2025.05.14 21:00	GBPUSD.i	H1	1.32647	1.32713	1.33082	1.32750
2278	2025.05.14 22:00	GBPUSD.i	H1	1.32602	1.32601	1.32986	1.32747
2279	2025.05.14 23:00	GBPUSD.i	H1	1.32581	1.32541	1.32896	1.32742
2280	2025.05.15 00:00	GBPUSD.i	H1	1.32532	1.32506	1.32815	1.32738
2281	2025.05.15 01:00	GBPUSD.i	H1	1.32647	1.32507	1.32750	1.32734
2282	2025.05.15 02:00	GBPUSD.i	H1	1.32633	1.32532	1.32702	1.32732
2283	2025.05.15 03:00	GBPUSD.i	H1	1.32726	1.32576	1.32671	1.32730
2284	2025.05.15 04:00	GBPUSD.i	H1	1.32760	1.32653	1.32663	1.32730
2285	2025.05.15 05:00	GBPUSD.i	H1	1.32799	1.32705	1.32665	1.32731
2286	2025.05.15 06:00	GBPUSD.i	H1	1.32807	1.32759	1.32678	1.32733
2287	2025.05.15 07:00	GBPUSD.i	H1	1.32743	1.32773	1.32690	1.32735
2288	2025.05.15 08:00	GBPUSD.i	H1	1.32731	1.32754	1.32694	1.32735
2289	2025.05.15 09:00	GBPUSD.i	H1	1.33039	1.32846	1.32719	1.32737
2290	2025.05.15 10:00	GBPUSD.i	H1	1.32676	1.32841	1.32737	1.32741
2291	2025.05.15 11:00	GBPUSD.i	H1	1.32896	1.32848	1.32753	1.32743
2292	2025.05.15 12:00	GBPUSD.i	H1	1.32872	1.32876	1.32773	1.32746
2293	2025.05.15 13:00	GBPUSD.i	H1	1.32903	1.32906	1.32796	1.32750
2294	2025.05.15 14:00	GBPUSD.i	H1	1.32703	1.32857	1.32804	1.32752
2295	2025.05.15 15:00	GBPUSD.i	H1	1.33055	1.32911	1.32823	1.32755
2296	2025.05.15 16:00	GBPUSD.i	H1	1.32928	1.32976	1.32854	1.32762
2297	2025.05.15 17:00	GBPUSD.i	H1	1.32789	1.32919	1.32865	1.32766
2298	2025.05.15 18:00	GBPUSD.i	H1	1.32895	1.32903	1.32871	1.32768
2299	2025.05.15 19:00	GBPUSD.i	H1	1.32891	1.32904	1.32878	1.32771
2300	2025.05.15 20:00	GBPUSD.i	H1	1.32874	1.32915	1.32886	1.32775
2301	2025.05.15 21:00	GBPUSD.i	H1	1.32984	1.32939	1.32898	1.32779
2302	2025.05.15 22:00	GBPUSD.i	H1	1.33056	1.32987	1.32919	1.32785
2303	2025.05.15 23:00	GBPUSD.i	H1	1.33026	1.33026	1.32945	1.32792
2304	2025.05.16 00:00	GBPUSD.i	H1	1.32983	1.33018	1.32963	1.32798
2305	2025.05.16 01:00	GBPUSD.i	H1	1.33085	1.33047	1.32984	1.32804
2306	2025.05.16 02:00	GBPUSD.i	H1	1.33032	1.33062	1.33004	1.32811
2307	2025.05.16 03:00	GBPUSD.i	H1	1.33141	1.33098	1.33029	1.32819
2308	2025.05.16 04:00	GBPUSD.i	H1	1.33153	1.33136	1.33057	1.32827
2309	2025.05.16 05:00	GBPUSD.i	H1	1.33110	1.33142	1.33080	1.32836
2310	2025.05.16 06:00	GBPUSD.i	H1	1.33121	1.33150	1.33101	1.32844
2311	2025.05.16 07:00	GBPUSD.i	H1	1.33184	1.33164	1.33120	1.32852
2312	2025.05.16 08:00	GBPUSD.i	H1	1.33253	1.33208	1.33146	1.32862
2313	2025.05.16 09:00	GBPUSD.i	H1	1.33245	1.33242	1.33174	1.32872
2314	2025.05.16 10:00	GBPUSD.i	H1	1.33146	1.33230	1.33193	1.32882
2315	2025.05.16 11:00	GBPUSD.i	H1	1.33045	1.33166	1.33193	1.32889
2316	2025.05.16 12:00	GBPUSD.i	H1	1.32925	1.33072	1.33173	1.32893
2317	2025.05.16 13:00	GBPUSD.i	H1	1.32909	1.32975	1.33136	1.32894
2318	2025.05.16 14:00	GBPUSD.i	H1	1.32826	1.32912	1.33092	1.32894
2319	2025.05.16 15:00	GBPUSD.i	H1	1.32831	1.32838	1.33042	1.32892
2320	2025.05.16 16:00	GBPUSD.i	H1	1.32941	1.32840	1.33003	1.32892
2321	2025.05.16 17:00	GBPUSD.i	H1	1.32656	1.32755	1.32951	1.32889
2322	2025.05.16 18:00	GBPUSD.i	H1	1.32561	1.32649	1.32886	1.32883
2323	2025.05.16 19:00	GBPUSD.i	H1	1.32686	1.32600	1.32823	1.32876
2324	2025.05.16 20:00	GBPUSD.i	H1	1.32714	1.32616	1.32777	1.32870
2325	2025.05.16 21:00	GBPUSD.i	H1	1.32781	1.32651	1.32747	1.32866
2326	2025.05.16 22:00	GBPUSD.i	H1	1.32760	1.32694	1.32732	1.32863
2327	2025.05.16 23:00	GBPUSD.i	H1	1.32758	1.32725	1.32726	1.32861
2328	2025.05.19 00:00	GBPUSD.i	H1	1.32730	1.32724	1.32719	1.32858
2329	2025.05.19 01:00	GBPUSD.i	H1	1.33008	1.32814	1.32734	1.32857
2330	2025.05.19 02:00	GBPUSD.i	H1	1.33050	1.32920	1.32768	1.32860
2331	2025.05.19 03:00	GBPUSD.i	H1	1.33127	1.33020	1.32818	1.32865
2332	2025.05.19 04:00	GBPUSD.i	H1	1.32955	1.33044	1.32861	1.32870
2333	2025.05.19 05:00	GBPUSD.i	H1	1.32969	1.33037	1.32894	1.32874
2334	2025.05.19 06:00	GBPUSD.i	H1	1.32972	1.33031	1.32919	1.32877
2335	2025.05.19 07:00	GBPUSD.i	H1	1.32989	1.33023	1.32938	1.32879
2336	2025.05.19 08:00	GBPUSD.i	H1	1.32999	1.33022	1.32954	1.32882
2337	2025.05.19 09:00	GBPUSD.i	H1	1.33210	1.33088	1.32983	1.32887
2338	2025.05.19 10:00	GBPUSD.i	H1	1.33676	1.33323	1.33060	1.32900
2339	2025.05.19 11:00	GBPUSD.i	H1	1.33676	1.33510	1.33163	1.32918
2340	2025.05.19 12:00	GBPUSD.i	H1	1.33966	1.33736	1.33295	1.32941
2341	2025.05.19 13:00	GBPUSD.i	H1	1.33890	1.33908	1.33437	1.32968
2342	2025.05.19 14:00	GBPUSD.i	H1	1.33820	1.33948	1.33558	1.32993
2343	2025.05.19 15:00	GBPUSD.i	H1	1.33712	1.33920	1.33648	1.33015
2344	2025.05.19 16:00	GBPUSD.i	H1	1.33659	1.33857	1.33706	1.33034
2345	2025.05.19 17:00	GBPUSD.i	H1	1.33671	1.33787	1.33739	1.33051
2346	2025.05.19 18:00	GBPUSD.i	H1	1.33548	1.33719	1.33751	1.33067
2347	2025.05.19 19:00	GBPUSD.i	H1	1.33546	1.33633	1.33744	1.33081
2348	2025.05.19 20:00	GBPUSD.i	H1	1.33502	1.33573	1.33726	1.33093
2349	2025.05.19 21:00	GBPUSD.i	H1	1.33555	1.33537	1.33704	1.33105
2350	2025.05.19 22:00	GBPUSD.i	H1	1.33595	1.33537	1.33688	1.33117
2351	2025.05.19 23:00	GBPUSD.i	H1	1.33592	1.33556	1.33679	1.33130
2352	2025.05.20 00:00	GBPUSD.i	H1	1.33567	1.33542	1.33667	1.33143
2353	2025.05.20 01:00	GBPUSD.i	H1	1.33564	1.33543	1.33657	1.33155
2354	2025.05.20 02:00	GBPUSD.i	H1	1.33590	1.33551	1.33649	1.33166
2355	2025.05.20 03:00	GBPUSD.i	H1	1.33560	1.33533	1.33637	1.33177
2356	2025.05.20 04:00	GBPUSD.i	H1	1.33575	1.33566	1.33635	1.33188
2357	2025.05.20 05:00	GBPUSD.i	H1	1.33535	1.33556	1.33629	1.33200
2358	2025.05.20 06:00	GBPUSD.i	H1	1.33670	1.33585	1.33630	1.33210
2359	2025.05.20 07:00	GBPUSD.i	H1	1.33639	1.33614	1.33636	1.33222
2360	2025.05.20 08:00	GBPUSD.i	H1	1.33761	1.33677	1.33654	1.33236
2361	2025.05.20 09:00	GBPUSD.i	H1	1.33692	1.33709	1.33674	1.33249
2362	2025.05.20 10:00	GBPUSD.i	H1	1.33921	1.33784	1.33706	1.33264
2363	2025.05.20 11:00	GBPUSD.i	H1	1.33735	1.33807	1.33736	1.33280
2364	2025.05.20 12:00	GBPUSD.i	H1	1.33720	1.33795	1.33756	1.33293
2365	2025.05.20 13:00	GBPUSD.i	H1	1.33629	1.33728	1.33756	1.33304
2366	2025.05.20 14:00	GBPUSD.i	H1	1.33617	1.33688	1.33747	1.33314
2367	2025.05.20 15:00	GBPUSD.i	H1	1.33401	1.33574	1.33715	1.33320
2368	2025.05.20 16:00	GBPUSD.i	H1	1.33570	1.33525	1.33678	1.33325
2369	2025.05.20 17:00	GBPUSD.i	H1	1.33690	1.33573	1.33662	1.33332
2370	2025.05.20 18:00	GBPUSD.i	H1	1.33692	1.33607	1.33655	1.33341
2371	2025.05.20 19:00	GBPUSD.i	H1	1.33714	1.33636	1.33656	1.33351
2372	2025.05.20 20:00	GBPUSD.i	H1	1.33806	1.33708	1.33672	1.33361
2373	2025.05.20 21:00	GBPUSD.i	H1	1.33787	1.33764	1.33697	1.33373
2374	2025.05.20 22:00	GBPUSD.i	H1	1.33877	1.33820	1.33728	1.33386
2375	2025.05.20 23:00	GBPUSD.i	H1	1.33915	1.33878	1.33764	1.33400
2376	2025.05.21 00:00	GBPUSD.i	H1	1.33847	1.33878	1.33793	1.33413
2377	2025.05.21 01:00	GBPUSD.i	H1	1.33915	1.33905	1.33821	1.33425
2378	2025.05.21 02:00	GBPUSD.i	H1	1.33972	1.33946	1.33853	1.33439
2379	2025.05.21 03:00	GBPUSD.i	H1	1.34087	1.34015	1.33894	1.33455
2380	2025.05.21 04:00	GBPUSD.i	H1	1.34087	1.34063	1.33937	1.33472
2381	2025.05.21 05:00	GBPUSD.i	H1	1.34235	1.34152	1.33992	1.33490
2382	2025.05.21 06:00	GBPUSD.i	H1	1.34304	1.34250	1.34057	1.33511
2383	2025.05.21 07:00	GBPUSD.i	H1	1.34303	1.34315	1.34123	1.33533
2384	2025.05.21 08:00	GBPUSD.i	H1	1.34353	1.34363	1.34186	1.33555
2385	2025.05.21 09:00	GBPUSD.i	H1	1.34453	1.34445	1.34254	1.33578
2386	2025.05.21 10:00	GBPUSD.i	H1	1.34127	1.34379	1.34293	1.33599
2387	2025.05.21 11:00	GBPUSD.i	H1	1.33987	1.34233	1.34292	1.33614
2388	2025.05.21 12:00	GBPUSD.i	H1	1.34101	1.34136	1.34270	1.33625
2389	2025.05.21 13:00	GBPUSD.i	H1	1.34127	1.34151	1.34258	1.33639
2390	2025.05.21 14:00	GBPUSD.i	H1	1.34143	1.34114	1.34240	1.33653
2391	2025.05.21 15:00	GBPUSD.i	H1	1.34224	1.34121	1.34228	1.33666
2392	2025.05.21 16:00	GBPUSD.i	H1	1.34333	1.34189	1.34234	1.33681
2393	2025.05.21 17:00	GBPUSD.i	H1	1.34355	1.34261	1.34253	1.33699
2394	2025.05.21 18:00	GBPUSD.i	H1	1.34451	1.34344	1.34286	1.33718
2395	2025.05.21 19:00	GBPUSD.i	H1	1.34469	1.34418	1.34327	1.33738
2396	2025.05.21 20:00	GBPUSD.i	H1	1.34386	1.34435	1.34362	1.33757
2397	2025.05.21 21:00	GBPUSD.i	H1	1.34276	1.34392	1.34379	1.33774
2398	2025.05.21 22:00	GBPUSD.i	H1	1.34163	1.34318	1.34375	1.33788
2399	2025.05.21 23:00	GBPUSD.i	H1	1.34177	1.34250	1.34357	1.33799
2400	2025.05.22 00:00	GBPUSD.i	H1	1.34163	1.34190	1.34330	1.33809
2401	2025.05.22 01:00	GBPUSD.i	H1	1.34050	1.34126	1.34294	1.33818
2402	2025.05.22 02:00	GBPUSD.i	H1	1.34205	1.34118	1.34264	1.33827
2403	2025.05.22 03:00	GBPUSD.i	H1	1.34247	1.34165	1.34250	1.33837
2404	2025.05.22 04:00	GBPUSD.i	H1	1.34265	1.34198	1.34246	1.33849
2405	2025.05.22 05:00	GBPUSD.i	H1	1.34328	1.34247	1.34253	1.33861
2406	2025.05.22 06:00	GBPUSD.i	H1	1.34251	1.34260	1.34260	1.33873
2407	2025.05.22 07:00	GBPUSD.i	H1	1.34289	1.34266	1.34265	1.33884
2408	2025.05.22 08:00	GBPUSD.i	H1	1.34305	1.34277	1.34272	1.33895
2409	2025.05.22 09:00	GBPUSD.i	H1	1.34194	1.34255	1.34271	1.33905
2410	2025.05.22 10:00	GBPUSD.i	H1	1.34325	1.34252	1.34269	1.33914
2411	2025.05.22 11:00	GBPUSD.i	H1	1.34023	1.34201	1.34256	1.33922
2412	2025.05.22 12:00	GBPUSD.i	H1	1.34027	1.34101	1.34223	1.33926
2413	2025.05.22 13:00	GBPUSD.i	H1	1.33982	1.34021	1.34179	1.33928
2414	2025.05.22 14:00	GBPUSD.i	H1	1.34200	1.34054	1.34153	1.33931
2415	2025.05.22 15:00	GBPUSD.i	H1	1.34129	1.34077	1.34137	1.33937
2416	2025.05.22 16:00	GBPUSD.i	H1	1.34171	1.34112	1.34132	1.33943
2417	2025.05.22 17:00	GBPUSD.i	H1	1.34238	1.34175	1.34141	1.33951
2418	2025.05.22 18:00	GBPUSD.i	H1	1.34250	1.34191	1.34151	1.33958
2419	2025.05.22 19:00	GBPUSD.i	H1	1.34178	1.34219	1.34165	1.33965
2420	2025.05.22 20:00	GBPUSD.i	H1	1.34147	1.34180	1.34166	1.33971
2421	2025.05.22 21:00	GBPUSD.i	H1	1.34230	1.34196	1.34171	1.33977
2422	2025.05.22 22:00	GBPUSD.i	H1	1.34186	1.34212	1.34179	1.33983
2423	2025.05.22 23:00	GBPUSD.i	H1	1.34163	1.34192	1.34180	1.33989
2424	2025.05.23 00:00	GBPUSD.i	H1	1.34165	1.34168	1.34176	1.33994
2425	2025.05.23 01:00	GBPUSD.i	H1	1.34239	1.34198	1.34180	1.33999
2426	2025.05.23 02:00	GBPUSD.i	H1	1.34195	1.34209	1.34185	1.34005
2427	2025.05.23 03:00	GBPUSD.i	H1	1.34319	1.34251	1.34200	1.34012
2428	2025.05.23 04:00	GBPUSD.i	H1	1.34411	1.34326	1.34228	1.34021
2429	2025.05.23 05:00	GBPUSD.i	H1	1.34457	1.34397	1.34266	1.34032
2430	2025.05.23 06:00	GBPUSD.i	H1	1.34477	1.34451	1.34308	1.34044
2431	2025.05.23 07:00	GBPUSD.i	H1	1.34520	1.34503	1.34353	1.34056
2432	2025.05.23 08:00	GBPUSD.i	H1	1.34562	1.34546	1.34398	1.34069
2433	2025.05.23 09:00	GBPUSD.i	H1	1.34488	1.34558	1.34436	1.34082
2434	2025.05.23 10:00	GBPUSD.i	H1	1.34798	1.34650	1.34488	1.34096
2435	2025.05.23 11:00	GBPUSD.i	H1	1.34882	1.34782	1.34560	1.34115
2436	2025.05.23 12:00	GBPUSD.i	H1	1.34981	1.34904	1.34644	1.34137
2437	2025.05.23 13:00	GBPUSD.i	H1	1.34967	1.34984	1.34728	1.34160
2438	2025.05.23 14:00	GBPUSD.i	H1	1.34884	1.35005	1.34799	1.34182
2439	2025.05.23 15:00	GBPUSD.i	H1	1.35181	1.35091	1.34876	1.34205
2440	2025.05.23 16:00	GBPUSD.i	H1	1.34822	1.35071	1.34932	1.34228
2441	2025.05.23 17:00	GBPUSD.i	H1	1.34959	1.35033	1.34968	1.34247
2442	2025.05.23 18:00	GBPUSD.i	H1	1.35085	1.35068	1.35007	1.34268
2443	2025.05.23 19:00	GBPUSD.i	H1	1.35216	1.35136	1.35053	1.34292
2444	2025.05.23 20:00	GBPUSD.i	H1	1.35286	1.35239	1.35114	1.34318
2445	2025.05.23 21:00	GBPUSD.i	H1	1.35307	1.35309	1.35177	1.34345
2446	2025.05.23 22:00	GBPUSD.i	H1	1.35343	1.35350	1.35236	1.34372
2447	2025.05.23 23:00	GBPUSD.i	H1	1.35379	1.35389	1.35290	1.34399
2448	2025.05.26 00:00	GBPUSD.i	H1	1.35238	1.35338	1.35322	1.34424
2449	2025.05.26 01:00	GBPUSD.i	H1	1.35349	1.35346	1.35349	1.34448
2450	2025.05.26 02:00	GBPUSD.i	H1	1.35379	1.35372	1.35376	1.34473
2451	2025.05.26 03:00	GBPUSD.i	H1	1.35609	1.35460	1.35417	1.34500
2452	2025.05.26 04:00	GBPUSD.i	H1	1.35839	1.35618	1.35485	1.34531
2453	2025.05.26 05:00	GBPUSD.i	H1	1.35821	1.35762	1.35570	1.34567
2454	2025.05.26 06:00	GBPUSD.i	H1	1.35789	1.35824	1.35650	1.34601
2455	2025.05.26 07:00	GBPUSD.i	H1	1.35825	1.35859	1.35719	1.34635
2456	2025.05.26 08:00	GBPUSD.i	H1	1.35889	1.35890	1.35781	1.34668
2457	2025.05.26 09:00	GBPUSD.i	H1	1.35731	1.35874	1.35825	1.34700
2458	2025.05.26 10:00	GBPUSD.i	H1	1.35667	1.35815	1.35847	1.34729
2459	2025.05.26 11:00	GBPUSD.i	H1	1.35641	1.35743	1.35848	1.34755
2460	2025.05.26 12:00	GBPUSD.i	H1	1.35616	1.35681	1.35835	1.34779
2461	2025.05.26 13:00	GBPUSD.i	H1	1.35624	1.35636	1.35815	1.34803
2462	2025.05.26 14:00	GBPUSD.i	H1	1.35596	1.35604	1.35792	1.34825
2463	2025.05.26 15:00	GBPUSD.i	H1	1.35557	1.35568	1.35764	1.34846
2464	2025.05.26 16:00	GBPUSD.i	H1	1.35668	1.35574	1.35743	1.34867
2465	2025.05.26 17:00	GBPUSD.i	H1	1.35629	1.35582	1.35727	1.34888
2466	2025.05.26 18:00	GBPUSD.i	H1	1.35633	1.35584	1.35713	1.34908
2467	2025.05.26 19:00	GBPUSD.i	H1	1.35641	1.35592	1.35702	1.34928
2468	2025.05.26 20:00	GBPUSD.i	H1	1.35616	1.35592	1.35692	1.34947
2469	2025.05.26 21:00	GBPUSD.i	H1	1.35619	1.35599	1.35684	1.34966
2470	2025.05.26 22:00	GBPUSD.i	H1	1.35640	1.35609	1.35678	1.34984
2471	2025.05.26 23:00	GBPUSD.i	H1	1.35618	1.35611	1.35673	1.35002
2472	2025.05.27 00:00	GBPUSD.i	H1	1.35579	1.35586	1.35662	1.35019
2473	2025.05.27 01:00	GBPUSD.i	H1	1.35653	1.35604	1.35656	1.35035
2474	2025.05.27 02:00	GBPUSD.i	H1	1.35652	1.35622	1.35655	1.35052
2475	2025.05.27 03:00	GBPUSD.i	H1	1.35823	1.35695	1.35670	1.35070
2476	2025.05.27 04:00	GBPUSD.i	H1	1.35738	1.35737	1.35691	1.35090
2477	2025.05.27 05:00	GBPUSD.i	H1	1.35690	1.35742	1.35707	1.35108
2478	2025.05.27 06:00	GBPUSD.i	H1	1.35691	1.35735	1.35717	1.35125
2479	2025.05.27 07:00	GBPUSD.i	H1	1.35551	1.35683	1.35713	1.35140
2480	2025.05.27 08:00	GBPUSD.i	H1	1.35545	1.35591	1.35689	1.35151
2481	2025.05.27 09:00	GBPUSD.i	H1	1.35476	1.35563	1.35665	1.35162
2482	2025.05.27 10:00	GBPUSD.i	H1	1.35250	1.35445	1.35619	1.35170
2483	2025.05.27 11:00	GBPUSD.i	H1	1.35367	1.35376	1.35567	1.35175
2484	2025.05.27 12:00	GBPUSD.i	H1	1.35455	1.35377	1.35527	1.35181
2485	2025.05.27 13:00	GBPUSD.i	H1	1.35411	1.35364	1.35492	1.35188
2486	2025.05.27 14:00	GBPUSD.i	H1	1.35483	1.35397	1.35471	1.35195
2487	2025.05.27 15:00	GBPUSD.i	H1	1.35620	1.35468	1.35470	1.35204
2488	2025.05.27 16:00	GBPUSD.i	H1	1.35431	1.35478	1.35470	1.35213
2489	2025.05.27 17:00	GBPUSD.i	H1	1.35202	1.35395	1.35450	1.35218
2490	2025.05.27 18:00	GBPUSD.i	H1	1.35025	1.35231	1.35396	1.35218
2491	2025.05.27 19:00	GBPUSD.i	H1	1.35073	1.35124	1.35330	1.35214
2492	2025.05.27 20:00	GBPUSD.i	H1	1.35090	1.35064	1.35265	1.35210
2493	2025.05.27 21:00	GBPUSD.i	H1	1.35122	1.35050	1.35212	1.35206
2494	2025.05.27 22:00	GBPUSD.i	H1	1.35051	1.35032	1.35165	1.35203
2495	2025.05.27 23:00	GBPUSD.i	H1	1.35054	1.35017	1.35124	1.35199
2496	2025.05.28 00:00	GBPUSD.i	H1	1.35072	1.35013	1.35090	1.35196
2497	2025.05.28 01:00	GBPUSD.i	H1	1.35122	1.35037	1.35068	1.35192
2498	2025.05.28 02:00	GBPUSD.i	H1	1.35136	1.35068	1.35057	1.35190
2499	2025.05.28 03:00	GBPUSD.i	H1	1.35152	1.35111	1.35057	1.35189
2500	2025.05.28 04:00	GBPUSD.i	H1	1.34933	1.35056	1.35044	1.35186
2501	2025.05.28 05:00	GBPUSD.i	H1	1.34817	1.34961	1.35012	1.35179
2502	2025.05.28 06:00	GBPUSD.i	H1	1.34825	1.34882	1.34970	1.35170
2503	2025.05.28 07:00	GBPUSD.i	H1	1.34723	1.34803	1.34920	1.35159
2504	2025.05.28 08:00	GBPUSD.i	H1	1.34803	1.34747	1.34868	1.35148
2505	2025.05.28 09:00	GBPUSD.i	H1	1.34782	1.34737	1.34826	1.35137
2506	2025.05.28 10:00	GBPUSD.i	H1	1.34984	1.34808	1.34809	1.35130
2507	2025.05.28 11:00	GBPUSD.i	H1	1.35092	1.34919	1.34821	1.35126
2508	2025.05.28 12:00	GBPUSD.i	H1	1.35099	1.35014	1.34851	1.35124
2509	2025.05.28 13:00	GBPUSD.i	H1	1.34939	1.35029	1.34877	1.35123
2510	2025.05.28 14:00	GBPUSD.i	H1	1.34792	1.34957	1.34881	1.35117
2511	2025.05.28 15:00	GBPUSD.i	H1	1.34691	1.34853	1.34862	1.35108
2512	2025.05.28 16:00	GBPUSD.i	H1	1.34666	1.34740	1.34822	1.35096
2513	2025.05.28 17:00	GBPUSD.i	H1	1.34711	1.34725	1.34789	1.35085
2514	2025.05.28 18:00	GBPUSD.i	H1	1.34594	1.34663	1.34750	1.35074
2515	2025.05.28 19:00	GBPUSD.i	H1	1.34747	1.34659	1.34720	1.35062
2516	2025.05.28 20:00	GBPUSD.i	H1	1.34697	1.34675	1.34700	1.35053
2517	2025.05.28 21:00	GBPUSD.i	H1	1.34694	1.34671	1.34683	1.35043
2518	2025.05.28 22:00	GBPUSD.i	H1	1.34642	1.34655	1.34667	1.35033
2519	2025.05.28 23:00	GBPUSD.i	H1	1.34685	1.34658	1.34654	1.35023
2520	2025.05.29 00:00	GBPUSD.i	H1	1.34654	1.34651	1.34643	1.35013
2521	2025.05.29 01:00	GBPUSD.i	H1	1.34664	1.34654	1.34635	1.35003
2522	2025.05.29 02:00	GBPUSD.i	H1	1.34283	1.34512	1.34596	1.34990
2523	2025.05.29 03:00	GBPUSD.i	H1	1.34282	1.34391	1.34539	1.34972
2524	2025.05.29 04:00	GBPUSD.i	H1	1.34444	1.34347	1.34485	1.34954
2525	2025.05.29 05:00	GBPUSD.i	H1	1.34334	1.34331	1.34440	1.34938
2526	2025.05.29 06:00	GBPUSD.i	H1	1.34363	1.34318	1.34402	1.34922
2527	2025.05.29 07:00	GBPUSD.i	H1	1.34397	1.34331	1.34375	1.34906
2528	2025.05.29 08:00	GBPUSD.i	H1	1.34340	1.34319	1.34350	1.34891
2529	2025.05.29 09:00	GBPUSD.i	H1	1.34568	1.34382	1.34345	1.34878
2530	2025.05.29 10:00	GBPUSD.i	H1	1.34648	1.34504	1.34368	1.34869
2531	2025.05.29 11:00	GBPUSD.i	H1	1.34603	1.34579	1.34403	1.34863
2532	2025.05.29 12:00	GBPUSD.i	H1	1.34687	1.34651	1.34446	1.34857
2533	2025.05.29 13:00	GBPUSD.i	H1	1.34728	1.34725	1.34497	1.34853
2534	2025.05.29 14:00	GBPUSD.i	H1	1.34607	1.34722	1.34536	1.34849
2535	2025.05.29 15:00	GBPUSD.i	H1	1.35016	1.34831	1.34593	1.34847
2536	2025.05.29 16:00	GBPUSD.i	H1	1.34927	1.34927	1.34661	1.34849
2537	2025.05.29 17:00	GBPUSD.i	H1	1.34828	1.34939	1.34717	1.34851
2538	2025.05.29 18:00	GBPUSD.i	H1	1.34882	1.34945	1.34764	1.34851
2539	2025.05.29 19:00	GBPUSD.i	H1	1.34932	1.34979	1.34811	1.34853
2540	2025.05.29 20:00	GBPUSD.i	H1	1.34968	1.35000	1.34854	1.34856
2541	2025.05.29 21:00	GBPUSD.i	H1	1.34983	1.35026	1.34894	1.34859
2542	2025.05.29 22:00	GBPUSD.i	H1	1.34943	1.35018	1.34926	1.34862
2543	2025.05.29 23:00	GBPUSD.i	H1	1.34899	1.34986	1.34945	1.34865
2544	2025.05.30 00:00	GBPUSD.i	H1	1.34885	1.34945	1.34951	1.34865
2545	2025.05.30 01:00	GBPUSD.i	H1	1.34941	1.34946	1.34958	1.34867
2546	2025.05.30 02:00	GBPUSD.i	H1	1.34987	1.34963	1.34968	1.34869
2547	2025.05.30 03:00	GBPUSD.i	H1	1.34965	1.34979	1.34979	1.34872
2548	2025.05.30 04:00	GBPUSD.i	H1	1.34816	1.34948	1.34981	1.34874
2549	2025.05.30 05:00	GBPUSD.i	H1	1.34725	1.34858	1.34962	1.34873
2550	2025.05.30 06:00	GBPUSD.i	H1	1.34708	1.34783	1.34930	1.34870
2551	2025.05.30 07:00	GBPUSD.i	H1	1.34715	1.34733	1.34894	1.34866
2552	2025.05.30 08:00	GBPUSD.i	H1	1.34794	1.34728	1.34865	1.34862
2553	2025.05.30 09:00	GBPUSD.i	H1	1.34779	1.34722	1.34840	1.34860
2554	2025.05.30 10:00	GBPUSD.i	H1	1.34781	1.34701	1.34814	1.34856
2555	2025.05.30 11:00	GBPUSD.i	H1	1.34659	1.34692	1.34791	1.34852
2556	2025.05.30 12:00	GBPUSD.i	H1	1.34704	1.34673	1.34768	1.34848
2557	2025.05.30 13:00	GBPUSD.i	H1	1.34721	1.34691	1.34753	1.34845
2558	2025.05.30 14:00	GBPUSD.i	H1	1.34755	1.34707	1.34743	1.34842
2559	2025.05.30 15:00	GBPUSD.i	H1	1.34926	1.34788	1.34754	1.34841
2560	2025.05.30 16:00	GBPUSD.i	H1	1.34515	1.34728	1.34747	1.34839
2561	2025.05.30 17:00	GBPUSD.i	H1	1.34826	1.34726	1.34741	1.34835
2562	2025.05.30 18:00	GBPUSD.i	H1	1.34672	1.34722	1.34735	1.34832
2563	2025.05.30 19:00	GBPUSD.i	H1	1.34606	1.34673	1.34719	1.34828
2564	2025.05.30 20:00	GBPUSD.i	H1	1.34645	1.34664	1.34704	1.34823
2565	2025.05.30 21:00	GBPUSD.i	H1	1.34680	1.34668	1.34694	1.34819
2566	2025.05.30 22:00	GBPUSD.i	H1	1.34725	1.34683	1.34689	1.34816
2567	2025.05.30 23:00	GBPUSD.i	H1	1.34509	1.34632	1.34673	1.34811
2568	2025.06.02 00:00	GBPUSD.i	H1	1.34521	1.34579	1.34649	1.34804
2569	2025.06.02 01:00	GBPUSD.i	H1	1.34644	1.34575	1.34629	1.34797
2570	2025.06.02 02:00	GBPUSD.i	H1	1.34682	1.34617	1.34623	1.34793
2571	2025.06.02 03:00	GBPUSD.i	H1	1.34882	1.34715	1.34640	1.34792
2572	2025.06.02 04:00	GBPUSD.i	H1	1.34893	1.34830	1.34680	1.34794
2573	2025.06.02 05:00	GBPUSD.i	H1	1.34855	1.34879	1.34721	1.34798
2574	2025.06.02 06:00	GBPUSD.i	H1	1.34824	1.34869	1.34750	1.34799
2575	2025.06.02 07:00	GBPUSD.i	H1	1.34886	1.34887	1.34778	1.34800
2576	2025.06.02 08:00	GBPUSD.i	H1	1.35011	1.34948	1.34814	1.34803
2577	2025.06.02 09:00	GBPUSD.i	H1	1.35312	1.35099	1.34878	1.34811
2578	2025.06.02 10:00	GBPUSD.i	H1	1.35483	1.35306	1.34975	1.34826
2579	2025.06.02 11:00	GBPUSD.i	H1	1.35433	1.35429	1.35079	1.34843
2580	2025.06.02 12:00	GBPUSD.i	H1	1.35413	1.35503	1.35178	1.34860
2581	2025.06.02 13:00	GBPUSD.i	H1	1.35305	1.35489	1.35253	1.34875
2582	2025.06.02 14:00	GBPUSD.i	H1	1.35357	1.35469	1.35308	1.34888
2583	2025.06.02 15:00	GBPUSD.i	H1	1.35425	1.35479	1.35356	1.34902
2584	2025.06.02 16:00	GBPUSD.i	H1	1.35289	1.35423	1.35383	1.34915
2585	2025.06.02 17:00	GBPUSD.i	H1	1.35528	1.35463	1.35415	1.34928
2586	2025.06.02 18:00	GBPUSD.i	H1	1.35475	1.35494	1.35448	1.34943
2587	2025.06.02 19:00	GBPUSD.i	H1	1.35225	1.35416	1.35457	1.34956
2588	2025.06.02 20:00	GBPUSD.i	H1	1.35213	1.35326	1.35444	1.34964
2589	2025.06.02 21:00	GBPUSD.i	H1	1.35409	1.35320	1.35433	1.34973
2590	2025.06.02 22:00	GBPUSD.i	H1	1.35466	1.35366	1.35435	1.34984
2591	2025.06.02 23:00	GBPUSD.i	H1	1.35424	1.35402	1.35445	1.34997
2592	2025.06.03 00:00	GBPUSD.i	H1	1.35417	1.35398	1.35450	1.35009
2593	2025.06.03 01:00	GBPUSD.i	H1	1.35485	1.35423	1.35459	1.35020
2594	2025.06.03 02:00	GBPUSD.i	H1	1.35570	1.35483	1.35479	1.35034
2595	2025.06.03 03:00	GBPUSD.i	H1	1.35475	1.35499	1.35497	1.35047
2596	2025.06.03 04:00	GBPUSD.i	H1	1.35337	1.35445	1.35497	1.35058
2597	2025.06.03 05:00	GBPUSD.i	H1	1.35218	1.35348	1.35475	1.35065
2598	2025.06.03 06:00	GBPUSD.i	H1	1.35184	1.35260	1.35438	1.35069
2599	2025.06.03 07:00	GBPUSD.i	H1	1.35239	1.35216	1.35398	1.35073
2600	2025.06.03 08:00	GBPUSD.i	H1	1.35240	1.35188	1.35361	1.35077
2601	2025.06.03 09:00	GBPUSD.i	H1	1.35318	1.35210	1.35335	1.35082
2602	2025.06.03 10:00	GBPUSD.i	H1	1.35194	1.35201	1.35312	1.35087
2603	2025.06.03 11:00	GBPUSD.i	H1	1.35152	1.35152	1.35282	1.35089
2604	2025.06.03 12:00	GBPUSD.i	H1	1.35149	1.35140	1.35254	1.35091
2605	2025.06.03 13:00	GBPUSD.i	H1	1.35056	1.35102	1.35222	1.35092
2606	2025.06.03 14:00	GBPUSD.i	H1	1.35031	1.35042	1.35183	1.35091
2607	2025.06.03 15:00	GBPUSD.i	H1	1.35036	1.35000	1.35142	1.35089
2608	2025.06.03 16:00	GBPUSD.i	H1	1.35131	1.35033	1.35117	1.35088
2609	2025.06.03 17:00	GBPUSD.i	H1	1.35287	1.35096	1.35110	1.35090
2610	2025.06.03 18:00	GBPUSD.i	H1	1.35200	1.35155	1.35118	1.35093
2611	2025.06.03 19:00	GBPUSD.i	H1	1.35183	1.35172	1.35126	1.35097
2612	2025.06.03 20:00	GBPUSD.i	H1	1.35276	1.35212	1.35141	1.35100
2613	2025.06.03 21:00	GBPUSD.i	H1	1.35245	1.35234	1.35157	1.35104
2614	2025.06.03 22:00	GBPUSD.i	H1	1.35157	1.35221	1.35166	1.35107
2615	2025.06.03 23:00	GBPUSD.i	H1	1.35166	1.35206	1.35171	1.35109
2616	2025.06.04 00:00	GBPUSD.i	H1	1.35110	1.35172	1.35167	1.35110
2617	2025.06.04 01:00	GBPUSD.i	H1	1.35211	1.35177	1.35166	1.35111
2618	2025.06.04 02:00	GBPUSD.i	H1	1.35304	1.35227	1.35177	1.35114
2619	2025.06.04 03:00	GBPUSD.i	H1	1.35266	1.35262	1.35193	1.35119
2620	2025.06.04 04:00	GBPUSD.i	H1	1.35350	1.35299	1.35215	1.35124
2621	2025.06.04 05:00	GBPUSD.i	H1	1.35229	1.35298	1.35232	1.35129
2622	2025.06.04 06:00	GBPUSD.i	H1	1.35163	1.35259	1.35236	1.35132
2623	2025.06.04 07:00	GBPUSD.i	H1	1.35119	1.35218	1.35231	1.35133
2624	2025.06.04 08:00	GBPUSD.i	H1	1.35102	1.35155	1.35213	1.35133
2625	2025.06.04 09:00	GBPUSD.i	H1	1.35268	1.35166	1.35203	1.35133
2626	2025.06.04 10:00	GBPUSD.i	H1	1.35287	1.35230	1.35210	1.35136
2627	2025.06.04 11:00	GBPUSD.i	H1	1.35398	1.35298	1.35230	1.35142
2628	2025.06.04 12:00	GBPUSD.i	H1	1.35357	1.35339	1.35255	1.35148
2629	2025.06.04 13:00	GBPUSD.i	H1	1.35240	1.35321	1.35271	1.35153
2630	2025.06.04 14:00	GBPUSD.i	H1	1.35139	1.35262	1.35269	1.35155
2631	2025.06.04 15:00	GBPUSD.i	H1	1.35432	1.35296	1.35276	1.35158
2632	2025.06.04 16:00	GBPUSD.i	H1	1.35384	1.35349	1.35294	1.35163
2633	2025.06.04 17:00	GBPUSD.i	H1	1.35770	1.35515	1.35346	1.35174
2634	2025.06.04 18:00	GBPUSD.i	H1	1.35677	1.35623	1.35411	1.35188
2635	2025.06.04 19:00	GBPUSD.i	H1	1.35713	1.35680	1.35474	1.35201
2636	2025.06.04 20:00	GBPUSD.i	H1	1.35608	1.35700	1.35528	1.35214
2637	2025.06.04 21:00	GBPUSD.i	H1	1.35583	1.35686	1.35568	1.35225
2638	2025.06.04 22:00	GBPUSD.i	H1	1.35462	1.35624	1.35586	1.35234
2639	2025.06.04 23:00	GBPUSD.i	H1	1.35521	1.35579	1.35591	1.35242
2640	2025.06.05 00:00	GBPUSD.i	H1	1.35467	1.35542	1.35588	1.35249
2641	2025.06.05 01:00	GBPUSD.i	H1	1.35507	1.35521	1.35581	1.35256
2642	2025.06.05 02:00	GBPUSD.i	H1	1.35508	1.35523	1.35578	1.35263
2643	2025.06.05 03:00	GBPUSD.i	H1	1.35596	1.35534	1.35577	1.35271
2644	2025.06.05 04:00	GBPUSD.i	H1	1.35471	1.35524	1.35574	1.35278
2645	2025.06.05 05:00	GBPUSD.i	H1	1.35477	1.35488	1.35563	1.35284
2646	2025.06.05 06:00	GBPUSD.i	H1	1.35448	1.35485	1.35554	1.35290
2647	2025.06.05 07:00	GBPUSD.i	H1	1.35472	1.35469	1.35542	1.35295
2648	2025.06.05 08:00	GBPUSD.i	H1	1.35447	1.35454	1.35529	1.35300
2649	2025.06.05 09:00	GBPUSD.i	H1	1.35468	1.35467	1.35521	1.35305
2650	2025.06.05 10:00	GBPUSD.i	H1	1.35605	1.35524	1.35528	1.35311
2651	2025.06.05 11:00	GBPUSD.i	H1	1.35674	1.35596	1.35548	1.35320
2652	2025.06.05 12:00	GBPUSD.i	H1	1.35648	1.35637	1.35572	1.35330
2653	2025.06.05 13:00	GBPUSD.i	H1	1.35747	1.35702	1.35606	1.35340
2654	2025.06.05 14:00	GBPUSD.i	H1	1.35706	1.35727	1.35637	1.35351
2655	2025.06.05 15:00	GBPUSD.i	H1	1.35789	1.35780	1.35673	1.35362
2656	2025.06.05 16:00	GBPUSD.i	H1	1.36024	1.35892	1.35727	1.35377
2657	2025.06.05 17:00	GBPUSD.i	H1	1.35917	1.35952	1.35782	1.35393
2658	2025.06.05 18:00	GBPUSD.i	H1	1.35821	1.35936	1.35822	1.35407
2659	2025.06.05 19:00	GBPUSD.i	H1	1.35864	1.35912	1.35848	1.35419
2660	2025.06.05 20:00	GBPUSD.i	H1	1.35891	1.35903	1.35868	1.35431
2661	2025.06.05 21:00	GBPUSD.i	H1	1.35801	1.35864	1.35875	1.35442
2662	2025.06.05 22:00	GBPUSD.i	H1	1.35738	1.35807	1.35868	1.35451
2663	2025.06.05 23:00	GBPUSD.i	H1	1.35684	1.35756	1.35852	1.35459
2664	2025.06.06 00:00	GBPUSD.i	H1	1.35714	1.35719	1.35832	1.35466
2665	2025.06.06 01:00	GBPUSD.i	H1	1.35780	1.35723	1.35817	1.35473
2666	2025.06.06 02:00	GBPUSD.i	H1	1.35788	1.35740	1.35809	1.35481
2667	2025.06.06 03:00	GBPUSD.i	H1	1.35788	1.35765	1.35807	1.35490
2668	2025.06.06 04:00	GBPUSD.i	H1	1.35740	1.35762	1.35804	1.35498
2669	2025.06.06 05:00	GBPUSD.i	H1	1.35696	1.35728	1.35794	1.35505
2670	2025.06.06 06:00	GBPUSD.i	H1	1.35719	1.35716	1.35782	1.35510
2671	2025.06.06 07:00	GBPUSD.i	H1	1.35750	1.35722	1.35774	1.35517
2672	2025.06.06 08:00	GBPUSD.i	H1	1.35662	1.35693	1.35760	1.35522
2673	2025.06.06 09:00	GBPUSD.i	H1	1.35500	1.35609	1.35729	1.35524
2674	2025.06.06 10:00	GBPUSD.i	H1	1.35458	1.35511	1.35683	1.35523
2675	2025.06.06 11:00	GBPUSD.i	H1	1.35380	1.35431	1.35628	1.35521
2676	2025.06.06 12:00	GBPUSD.i	H1	1.35338	1.35357	1.35568	1.35516
2677	2025.06.06 13:00	GBPUSD.i	H1	1.35489	1.35367	1.35523	1.35513
2678	2025.06.06 14:00	GBPUSD.i	H1	1.35513	1.35402	1.35495	1.35512
2679	2025.06.06 15:00	GBPUSD.i	H1	1.35373	1.35382	1.35467	1.35510
2680	2025.06.06 16:00	GBPUSD.i	H1	1.35212	1.35296	1.35424	1.35505
2681	2025.06.06 17:00	GBPUSD.i	H1	1.35262	1.35275	1.35385	1.35499
2682	2025.06.06 18:00	GBPUSD.i	H1	1.35309	1.35253	1.35349	1.35493
2683	2025.06.06 19:00	GBPUSD.i	H1	1.35191	1.35227	1.35314	1.35486
2684	2025.06.06 20:00	GBPUSD.i	H1	1.35262	1.35212	1.35283	1.35479
2685	2025.06.06 21:00	GBPUSD.i	H1	1.35300	1.35236	1.35263	1.35473
2686	2025.06.06 22:00	GBPUSD.i	H1	1.35320	1.35262	1.35253	1.35469
2687	2025.06.06 23:00	GBPUSD.i	H1	1.35236	1.35257	1.35244	1.35464
2688	2025.06.09 00:00	GBPUSD.i	H1	1.35280	1.35252	1.35235	1.35458
2689	2025.06.09 01:00	GBPUSD.i	H1	1.35356	1.35285	1.35235	1.35453
2690	2025.06.09 02:00	GBPUSD.i	H1	1.35371	1.35328	1.35246	1.35450
2691	2025.06.09 03:00	GBPUSD.i	H1	1.35312	1.35335	1.35255	1.35448
2692	2025.06.09 04:00	GBPUSD.i	H1	1.35531	1.35405	1.35279	1.35446
2693	2025.06.09 05:00	GBPUSD.i	H1	1.35562	1.35504	1.35321	1.35448
2694	2025.06.09 06:00	GBPUSD.i	H1	1.35516	1.35551	1.35364	1.35451
2695	2025.06.09 07:00	GBPUSD.i	H1	1.35543	1.35567	1.35402	1.35454
2696	2025.06.09 08:00	GBPUSD.i	H1	1.35572	1.35584	1.35437	1.35456
2697	2025.06.09 09:00	GBPUSD.i	H1	1.35683	1.35638	1.35477	1.35460
2698	2025.06.09 10:00	GBPUSD.i	H1	1.35646	1.35666	1.35517	1.35465
2699	2025.06.09 11:00	GBPUSD.i	H1	1.35734	1.35716	1.35560	1.35471
2700	2025.06.09 12:00	GBPUSD.i	H1	1.35716	1.35757	1.35604	1.35478
2701	2025.06.09 13:00	GBPUSD.i	H1	1.35589	1.35728	1.35633	1.35484
2702	2025.06.09 14:00	GBPUSD.i	H1	1.35618	1.35685	1.35647	1.35488
2703	2025.06.09 15:00	GBPUSD.i	H1	1.35362	1.35576	1.35634	1.35489
2704	2025.06.09 16:00	GBPUSD.i	H1	1.35356	1.35454	1.35598	1.35486
2705	2025.06.09 17:00	GBPUSD.i	H1	1.35451	1.35412	1.35561	1.35483
2706	2025.06.09 18:00	GBPUSD.i	H1	1.35622	1.35467	1.35546	1.35483
2707	2025.06.09 19:00	GBPUSD.i	H1	1.35584	1.35511	1.35544	1.35486
2708	2025.06.09 20:00	GBPUSD.i	H1	1.35579	1.35536	1.35547	1.35488
2709	2025.06.09 21:00	GBPUSD.i	H1	1.35629	1.35573	1.35557	1.35491
2710	2025.06.09 22:00	GBPUSD.i	H1	1.35578	1.35590	1.35568	1.35495
2711	2025.06.09 23:00	GBPUSD.i	H1	1.35485	1.35555	1.35568	1.35496
2712	2025.06.10 00:00	GBPUSD.i	H1	1.35476	1.35511	1.35557	1.35496
2713	2025.06.10 01:00	GBPUSD.i	H1	1.35525	1.35506	1.35548	1.35496
2714	2025.06.10 02:00	GBPUSD.i	H1	1.35544	1.35516	1.35543	1.35497
2715	2025.06.10 03:00	GBPUSD.i	H1	1.35544	1.35537	1.35544	1.35498
2716	2025.06.10 04:00	GBPUSD.i	H1	1.35302	1.35466	1.35528	1.35498
2717	2025.06.10 05:00	GBPUSD.i	H1	1.35380	1.35388	1.35497	1.35494
2718	2025.06.10 06:00	GBPUSD.i	H1	1.35435	1.35376	1.35471	1.35490
2719	2025.06.10 07:00	GBPUSD.i	H1	1.35379	1.35363	1.35447	1.35487
2720	2025.06.10 08:00	GBPUSD.i	H1	1.35399	1.35368	1.35429	1.35485
2721	2025.06.10 09:00	GBPUSD.i	H1	1.34830	1.35187	1.35373	1.35477
2722	2025.06.10 10:00	GBPUSD.i	H1	1.34724	1.34925	1.35270	1.35460
2723	2025.06.10 11:00	GBPUSD.i	H1	1.34876	1.34835	1.35169	1.35441
2724	2025.06.10 12:00	GBPUSD.i	H1	1.34918	1.34804	1.35083	1.35426
2725	2025.06.10 13:00	GBPUSD.i	H1	1.35063	1.34853	1.35026	1.35412
2726	2025.06.10 14:00	GBPUSD.i	H1	1.35054	1.34900	1.34991	1.35401
2727	2025.06.10 15:00	GBPUSD.i	H1	1.35074	1.34954	1.34973	1.35392
2728	2025.06.10 16:00	GBPUSD.i	H1	1.35330	1.35081	1.34987	1.35385
2729	2025.06.10 17:00	GBPUSD.i	H1	1.35142	1.35151	1.35011	1.35380
2730	2025.06.10 18:00	GBPUSD.i	H1	1.35073	1.35138	1.35026	1.35374
2731	2025.06.10 19:00	GBPUSD.i	H1	1.34984	1.35092	1.35027	1.35365
2732	2025.06.10 20:00	GBPUSD.i	H1	1.35003	1.35053	1.35019	1.35356
2733	2025.06.10 21:00	GBPUSD.i	H1	1.34941	1.35002	1.35003	1.35345
2734	2025.06.10 22:00	GBPUSD.i	H1	1.35019	1.34999	1.34990	1.35335
2735	2025.06.10 23:00	GBPUSD.i	H1	1.34963	1.34989	1.34979	1.35325
2736	2025.06.11 00:00	GBPUSD.i	H1	1.34960	1.34969	1.34966	1.35315
2737	2025.06.11 01:00	GBPUSD.i	H1	1.35025	1.34977	1.34959	1.35306
2738	2025.06.11 02:00	GBPUSD.i	H1	1.35072	1.35007	1.34961	1.35298
2739	2025.06.11 03:00	GBPUSD.i	H1	1.34919	1.34994	1.34959	1.35290
2740	2025.06.11 04:00	GBPUSD.i	H1	1.34763	1.34912	1.34939	1.35279
2741	2025.06.11 05:00	GBPUSD.i	H1	1.34803	1.34845	1.34909	1.35266
2742	2025.06.11 06:00	GBPUSD.i	H1	1.34821	1.34810	1.34879	1.35253
2743	2025.06.11 07:00	GBPUSD.i	H1	1.34826	1.34799	1.34853	1.35241
2744	2025.06.11 08:00	GBPUSD.i	H1	1.34901	1.34822	1.34839	1.35230
2745	2025.06.11 09:00	GBPUSD.i	H1	1.34673	1.34776	1.34816	1.35218
2746	2025.06.11 10:00	GBPUSD.i	H1	1.34831	1.34770	1.34798	1.35206
2747	2025.06.11 11:00	GBPUSD.i	H1	1.34943	1.34824	1.34796	1.35196
2748	2025.06.11 12:00	GBPUSD.i	H1	1.34974	1.34897	1.34811	1.35189
2749	2025.06.11 13:00	GBPUSD.i	H1	1.34964	1.34944	1.34832	1.35183
2750	2025.06.11 14:00	GBPUSD.i	H1	1.34952	1.34947	1.34850	1.35176
2751	2025.06.11 15:00	GBPUSD.i	H1	1.35190	1.35078	1.34894	1.35173
2752	2025.06.11 16:00	GBPUSD.i	H1	1.35184	1.35148	1.34944	1.35173
2753	2025.06.11 17:00	GBPUSD.i	H1	1.35388	1.35269	1.35012	1.35175
2754	2025.06.11 18:00	GBPUSD.i	H1	1.35550	1.35415	1.35098	1.35182
2755	2025.06.11 19:00	GBPUSD.i	H1	1.35496	1.35504	1.35187	1.35190
2756	2025.06.11 20:00	GBPUSD.i	H1	1.35627	1.35594	1.35278	1.35200
2757	2025.06.11 21:00	GBPUSD.i	H1	1.35473	1.35622	1.35356	1.35210
2758	2025.06.11 22:00	GBPUSD.i	H1	1.35381	1.35566	1.35406	1.35217
2759	2025.06.11 23:00	GBPUSD.i	H1	1.35458	1.35537	1.35441	1.35223
2760	2025.06.12 00:00	GBPUSD.i	H1	1.35422	1.35499	1.35462	1.35229
2761	2025.06.12 01:00	GBPUSD.i	H1	1.35663	1.35556	1.35494	1.35236
2762	2025.06.12 02:00	GBPUSD.i	H1	1.35675	1.35632	1.35537	1.35247
2763	2025.06.12 03:00	GBPUSD.i	H1	1.35833	1.35726	1.35593	1.35261
2764	2025.06.12 04:00	GBPUSD.i	H1	1.35832	1.35816	1.35657	1.35276
2765	2025.06.12 05:00	GBPUSD.i	H1	1.35732	1.35815	1.35707	1.35290
2766	2025.06.12 06:00	GBPUSD.i	H1	1.35834	1.35837	1.35751	1.35304
2767	2025.06.12 07:00	GBPUSD.i	H1	1.35823	1.35851	1.35790	1.35318
2768	2025.06.12 08:00	GBPUSD.i	H1	1.35885	1.35873	1.35825	1.35332
2769	2025.06.12 09:00	GBPUSD.i	H1	1.35645	1.35807	1.35838	1.35345
2770	2025.06.12 10:00	GBPUSD.i	H1	1.35427	1.35630	1.35808	1.35351
2771	2025.06.12 11:00	GBPUSD.i	H1	1.35660	1.35584	1.35775	1.35355
2772	2025.06.12 12:00	GBPUSD.i	H1	1.35775	1.35643	1.35763	1.35364
2773	2025.06.12 13:00	GBPUSD.i	H1	1.35896	1.35738	1.35775	1.35376
2774	2025.06.12 14:00	GBPUSD.i	H1	1.35923	1.35818	1.35801	1.35390
2775	2025.06.12 15:00	GBPUSD.i	H1	1.36106	1.35931	1.35845	1.35406
2776	2025.06.12 16:00	GBPUSD.i	H1	1.35956	1.35996	1.35893	1.35423
2777	2025.06.12 17:00	GBPUSD.i	H1	1.35942	1.36014	1.35933	1.35439
2778	2025.06.12 18:00	GBPUSD.i	H1	1.35863	1.35971	1.35954	1.35453
2779	2025.06.12 19:00	GBPUSD.i	H1	1.35914	1.35941	1.35964	1.35465
2780	2025.06.12 20:00	GBPUSD.i	H1	1.35908	1.35928	1.35968	1.35477
2781	2025.06.12 21:00	GBPUSD.i	H1	1.35963	1.35932	1.35973	1.35489
2782	2025.06.12 22:00	GBPUSD.i	H1	1.36028	1.35968	1.35985	1.35502
2783	2025.06.12 23:00	GBPUSD.i	H1	1.36111	1.36033	1.36008	1.35518
2784	2025.06.13 00:00	GBPUSD.i	H1	1.36130	1.36077	1.36036	1.35534
2785	2025.06.13 01:00	GBPUSD.i	H1	1.36168	1.36136	1.36071	1.35550
2786	2025.06.13 02:00	GBPUSD.i	H1	1.36287	1.36204	1.36112	1.35569
2787	2025.06.13 03:00	GBPUSD.i	H1	1.35703	1.36063	1.36112	1.35582
2788	2025.06.13 04:00	GBPUSD.i	H1	1.35653	1.35851	1.36063	1.35587
2789	2025.06.13 05:00	GBPUSD.i	H1	1.35570	1.35700	1.35992	1.35587
2790	2025.06.13 06:00	GBPUSD.i	H1	1.35528	1.35566	1.35907	1.35586
2791	2025.06.13 07:00	GBPUSD.i	H1	1.35341	1.35431	1.35809	1.35582
2792	2025.06.13 08:00	GBPUSD.i	H1	1.35390	1.35346	1.35713	1.35577
2793	2025.06.13 09:00	GBPUSD.i	H1	1.35378	1.35302	1.35626	1.35571
2794	2025.06.13 10:00	GBPUSD.i	H1	1.35592	1.35370	1.35572	1.35568
2795	2025.06.13 11:00	GBPUSD.i	H1	1.35592	1.35444	1.35544	1.35569
2796	2025.06.13 12:00	GBPUSD.i	H1	1.35440	1.35446	1.35520	1.35568
2797	2025.06.13 13:00	GBPUSD.i	H1	1.35343	1.35391	1.35486	1.35564
2798	2025.06.13 14:00	GBPUSD.i	H1	1.35392	1.35360	1.35451	1.35559
2799	2025.06.13 15:00	GBPUSD.i	H1	1.35342	1.35327	1.35415	1.35553
2800	2025.06.13 16:00	GBPUSD.i	H1	1.35416	1.35312	1.35382	1.35547
2801	2025.06.13 17:00	GBPUSD.i	H1	1.35753	1.35452	1.35388	1.35545
2802	2025.06.13 18:00	GBPUSD.i	H1	1.35922	1.35671	1.35442	1.35551
2803	2025.06.13 19:00	GBPUSD.i	H1	1.35946	1.35838	1.35521	1.35562
2804	2025.06.13 20:00	GBPUSD.i	H1	1.35833	1.35884	1.35592	1.35571
2805	2025.06.13 21:00	GBPUSD.i	H1	1.35626	1.35835	1.35636	1.35576
2806	2025.06.13 22:00	GBPUSD.i	H1	1.35704	1.35785	1.35661	1.35579
2807	2025.06.13 23:00	GBPUSD.i	H1	1.35716	1.35756	1.35675	1.35582
2808	2025.06.16 00:00	GBPUSD.i	H1	1.35444	1.35640	1.35662	1.35582
2809	2025.06.16 01:00	GBPUSD.i	H1	1.35563	1.35578	1.35640	1.35580
2810	2025.06.16 02:00	GBPUSD.i	H1	1.35487	1.35528	1.35613	1.35578
2811	2025.06.16 03:00	GBPUSD.i	H1	1.35499	1.35500	1.35586	1.35575
2812	2025.06.16 04:00	GBPUSD.i	H1	1.35473	1.35486	1.35563	1.35573
2813	2025.06.16 05:00	GBPUSD.i	H1	1.35430	1.35460	1.35539	1.35571
2814	2025.06.16 06:00	GBPUSD.i	H1	1.35362	1.35413	1.35510	1.35567
2815	2025.06.16 07:00	GBPUSD.i	H1	1.35469	1.35407	1.35485	1.35563
2816	2025.06.16 08:00	GBPUSD.i	H1	1.35710	1.35505	1.35488	1.35562
2817	2025.06.16 09:00	GBPUSD.i	H1	1.35860	1.35639	1.35520	1.35566
2818	2025.06.16 10:00	GBPUSD.i	H1	1.35844	1.35757	1.35571	1.35573
2819	2025.06.16 11:00	GBPUSD.i	H1	1.35789	1.35814	1.35623	1.35580
2820	2025.06.16 12:00	GBPUSD.i	H1	1.35858	1.35860	1.35673	1.35587
2821	2025.06.16 13:00	GBPUSD.i	H1	1.35805	1.35868	1.35715	1.35594
2822	2025.06.16 14:00	GBPUSD.i	H1	1.35777	1.35869	1.35749	1.35600
2823	2025.06.16 15:00	GBPUSD.i	H1	1.35824	1.35859	1.35773	1.35606
2824	2025.06.16 16:00	GBPUSD.i	H1	1.36115	1.35959	1.35817	1.35615
2825	2025.06.16 17:00	GBPUSD.i	H1	1.35961	1.36026	1.35867	1.35626
2826	2025.06.16 18:00	GBPUSD.i	H1	1.35972	1.36020	1.35906	1.35637
2827	2025.06.16 19:00	GBPUSD.i	H1	1.36084	1.36054	1.35944	1.35647
2828	2025.06.16 20:00	GBPUSD.i	H1	1.35968	1.36050	1.35975	1.35657
2829	2025.06.16 21:00	GBPUSD.i	H1	1.35962	1.36028	1.35994	1.35666
2830	2025.06.16 22:00	GBPUSD.i	H1	1.35744	1.35936	1.35989	1.35672
2831	2025.06.16 23:00	GBPUSD.i	H1	1.35750	1.35853	1.35967	1.35676
2832	2025.06.17 00:00	GBPUSD.i	H1	1.35724	1.35775	1.35933	1.35678
2833	2025.06.17 01:00	GBPUSD.i	H1	1.35735	1.35737	1.35898	1.35679
2834	2025.06.17 02:00	GBPUSD.i	H1	1.35681	1.35698	1.35862	1.35680
2835	2025.06.17 03:00	GBPUSD.i	H1	1.35668	1.35647	1.35821	1.35680
2836	2025.06.17 04:00	GBPUSD.i	H1	1.35680	1.35646	1.35789	1.35680
2837	2025.06.17 05:00	GBPUSD.i	H1	1.35698	1.35633	1.35760	1.35680
2838	2025.06.17 06:00	GBPUSD.i	H1	1.35739	1.35656	1.35741	1.35680
2839	2025.06.17 07:00	GBPUSD.i	H1	1.35730	1.35685	1.35731	1.35682
2840	2025.06.17 08:00	GBPUSD.i	H1	1.35687	1.35688	1.35723	1.35683
2841	2025.06.17 09:00	GBPUSD.i	H1	1.35625	1.35671	1.35711	1.35683
2842	2025.06.17 10:00	GBPUSD.i	H1	1.35652	1.35649	1.35697	1.35682
2843	2025.06.17 11:00	GBPUSD.i	H1	1.35481	1.35589	1.35671	1.35680
2844	2025.06.17 12:00	GBPUSD.i	H1	1.35440	1.35522	1.35635	1.35675
2845	2025.06.17 13:00	GBPUSD.i	H1	1.35584	1.35516	1.35606	1.35671
2846	2025.06.17 14:00	GBPUSD.i	H1	1.35618	1.35555	1.35591	1.35668
2847	2025.06.17 15:00	GBPUSD.i	H1	1.35476	1.35549	1.35578	1.35666
2848	2025.06.17 16:00	GBPUSD.i	H1	1.35439	1.35521	1.35561	1.35663
2849	2025.06.17 17:00	GBPUSD.i	H1	1.35121	1.35344	1.35506	1.35654
2850	2025.06.17 18:00	GBPUSD.i	H1	1.35139	1.35197	1.35430	1.35640
2851	2025.06.17 19:00	GBPUSD.i	H1	1.34714	1.34986	1.35323	1.35621
2852	2025.06.17 20:00	GBPUSD.i	H1	1.34452	1.34697	1.35174	1.35595
2853	2025.06.17 21:00	GBPUSD.i	H1	1.34280	1.34442	1.35000	1.35563
2854	2025.06.17 22:00	GBPUSD.i	H1	1.34262	1.34269	1.34824	1.35528
2855	2025.06.17 23:00	GBPUSD.i	H1	1.34267	1.34156	1.34660	1.35493
2856	2025.06.18 00:00	GBPUSD.i	H1	1.34212	1.34103	1.34518	1.35458
2857	2025.06.18 01:00	GBPUSD.i	H1	1.34238	1.34082	1.34399	1.35424
2858	2025.06.18 02:00	GBPUSD.i	H1	1.34287	1.34104	1.34308	1.35392
2859	2025.06.18 03:00	GBPUSD.i	H1	1.34313	1.34156	1.34247	1.35362
2860	2025.06.18 04:00	GBPUSD.i	H1	1.34379	1.34213	1.34208	1.35333
2861	2025.06.18 05:00	GBPUSD.i	H1	1.34360	1.34258	1.34186	1.35306
2862	2025.06.18 06:00	GBPUSD.i	H1	1.34383	1.34316	1.34181	1.35280
2863	2025.06.18 07:00	GBPUSD.i	H1	1.34435	1.34368	1.34188	1.35256
2864	2025.06.18 08:00	GBPUSD.i	H1	1.34445	1.34413	1.34203	1.35233
2865	2025.06.18 09:00	GBPUSD.i	H1	1.34630	1.34503	1.34237	1.35213
2866	2025.06.18 10:00	GBPUSD.i	H1	1.34588	1.34593	1.34284	1.35195
2867	2025.06.18 11:00	GBPUSD.i	H1	1.34528	1.34611	1.34327	1.35179
2868	2025.06.18 12:00	GBPUSD.i	H1	1.34639	1.34642	1.34369	1.35162
2869	2025.06.18 13:00	GBPUSD.i	H1	1.34413	1.34605	1.34396	1.35145
2870	2025.06.18 14:00	GBPUSD.i	H1	1.34509	1.34569	1.34411	1.35127
2871	2025.06.18 15:00	GBPUSD.i	H1	1.34472	1.34561	1.34425	1.35110
2872	2025.06.18 16:00	GBPUSD.i	H1	1.34409	1.34515	1.34427	1.35092
2873	2025.06.18 17:00	GBPUSD.i	H1	1.34521	1.34537	1.34437	1.35075
2874	2025.06.18 18:00	GBPUSD.i	H1	1.34691	1.34596	1.34460	1.35062
2875	2025.06.18 19:00	GBPUSD.i	H1	1.34568	1.34626	1.34486	1.35050
2876	2025.06.18 20:00	GBPUSD.i	H1	1.34422	1.34561	1.34493	1.35036
2877	2025.06.18 21:00	GBPUSD.i	H1	1.34152	1.34460	1.34476	1.35018
2878	2025.06.18 22:00	GBPUSD.i	H1	1.34098	1.34288	1.34426	1.34996
2879	2025.06.18 23:00	GBPUSD.i	H1	1.34190	1.34203	1.34369	1.34973
2880	2025.06.19 00:00	GBPUSD.i	H1	1.34220	1.34160	1.34317	1.34950
2881	2025.06.19 01:00	GBPUSD.i	H1	1.34213	1.34156	1.34275	1.34929
2882	2025.06.19 02:00	GBPUSD.i	H1	1.34142	1.34132	1.34237	1.34909
2883	2025.06.19 03:00	GBPUSD.i	H1	1.34153	1.34109	1.34201	1.34888
2884	2025.06.19 04:00	GBPUSD.i	H1	1.33943	1.34039	1.34157	1.34865
2885	2025.06.19 05:00	GBPUSD.i	H1	1.33961	1.33967	1.34105	1.34841
2886	2025.06.19 06:00	GBPUSD.i	H1	1.34075	1.33974	1.34066	1.34817
2887	2025.06.19 07:00	GBPUSD.i	H1	1.34110	1.34006	1.34043	1.34796
2888	2025.06.19 08:00	GBPUSD.i	H1	1.33949	1.33982	1.34018	1.34775
2889	2025.06.19 09:00	GBPUSD.i	H1	1.34067	1.33971	1.33995	1.34753
2890	2025.06.19 10:00	GBPUSD.i	H1	1.34023	1.34007	1.33986	1.34733
2891	2025.06.19 11:00	GBPUSD.i	H1	1.34272	1.34085	1.33996	1.34716
2892	2025.06.19 12:00	GBPUSD.i	H1	1.34212	1.34168	1.34022	1.34702
2893	2025.06.19 13:00	GBPUSD.i	H1	1.34247	1.34239	1.34058	1.34690
2894	2025.06.19 14:00	GBPUSD.i	H1	1.34472	1.34309	1.34103	1.34679
2895	2025.06.19 15:00	GBPUSD.i	H1	1.34411	1.34371	1.34152	1.34670
2896	2025.06.19 16:00	GBPUSD.i	H1	1.34358	1.34388	1.34195	1.34662
2897	2025.06.19 17:00	GBPUSD.i	H1	1.34263	1.34372	1.34226	1.34652
2898	2025.06.19 18:00	GBPUSD.i	H1	1.34299	1.34355	1.34248	1.34642
2899	2025.06.19 19:00	GBPUSD.i	H1	1.34250	1.34324	1.34260	1.34632
2900	2025.06.19 20:00	GBPUSD.i	H1	1.34537	1.34399	1.34288	1.34625
2901	2025.06.19 21:00	GBPUSD.i	H1	1.34582	1.34500	1.34335	1.34621
2902	2025.06.19 22:00	GBPUSD.i	H1	1.34686	1.34600	1.34394	1.34621
2903	2025.06.19 23:00	GBPUSD.i	H1	1.34659	1.34666	1.34456	1.34622
2904	2025.06.20 00:00	GBPUSD.i	H1	1.34608	1.34659	1.34504	1.34622
2905	2025.06.20 01:00	GBPUSD.i	H1	1.34671	1.34689	1.34549	1.34622
2906	2025.06.20 02:00	GBPUSD.i	H1	1.34766	1.34741	1.34597	1.34624
2907	2025.06.20 03:00	GBPUSD.i	H1	1.34879	1.34821	1.34654	1.34629
2908	2025.06.20 04:00	GBPUSD.i	H1	1.34791	1.34856	1.34707	1.34635
2909	2025.06.20 05:00	GBPUSD.i	H1	1.34864	1.34879	1.34755	1.34640
2910	2025.06.20 06:00	GBPUSD.i	H1	1.34975	1.34936	1.34806	1.34647
2911	2025.06.20 07:00	GBPUSD.i	H1	1.34955	1.34977	1.34857	1.34656
2912	2025.06.20 08:00	GBPUSD.i	H1	1.34964	1.34997	1.34901	1.34664
2913	2025.06.20 09:00	GBPUSD.i	H1	1.34672	1.34910	1.34916	1.34670
2914	2025.06.20 10:00	GBPUSD.i	H1	1.34763	1.34832	1.34911	1.34672
2915	2025.06.20 11:00	GBPUSD.i	H1	1.34911	1.34845	1.34912	1.34676
2916	2025.06.20 12:00	GBPUSD.i	H1	1.34941	1.34882	1.34921	1.34682
2917	2025.06.20 13:00	GBPUSD.i	H1	1.34956	1.34911	1.34934	1.34689
2918	2025.06.20 14:00	GBPUSD.i	H1	1.34977	1.34932	1.34949	1.34696
2919	2025.06.20 15:00	GBPUSD.i	H1	1.35014	1.34966	1.34967	1.34703
2920	2025.06.20 16:00	GBPUSD.i	H1	1.34875	1.34955	1.34978	1.34710
2921	2025.06.20 17:00	GBPUSD.i	H1	1.34651	1.34833	1.34958	1.34713
2922	2025.06.20 18:00	GBPUSD.i	H1	1.34646	1.34746	1.34923	1.34713
2923	2025.06.20 19:00	GBPUSD.i	H1	1.34708	1.34708	1.34887	1.34712
2924	2025.06.20 20:00	GBPUSD.i	H1	1.34681	1.34679	1.34851	1.34712
2925	2025.06.20 21:00	GBPUSD.i	H1	1.34650	1.34650	1.34816	1.34711
2926	2025.06.20 22:00	GBPUSD.i	H1	1.34458	1.34566	1.34768	1.34708
2927	2025.06.20 23:00	GBPUSD.i	H1	1.34471	1.34489	1.34712	1.34702
2928	2025.06.23 00:00	GBPUSD.i	H1	1.34014	1.34224	1.34606	1.34689
2929	2025.06.23 01:00	GBPUSD.i	H1	1.34278	1.34152	1.34507	1.34673
2930	2025.06.23 02:00	GBPUSD.i	H1	1.34348	1.34182	1.34436	1.34662
2931	2025.06.23 03:00	GBPUSD.i	H1	1.34218	1.34165	1.34374	1.34652
2932	2025.06.23 04:00	GBPUSD.i	H1	1.34219	1.34127	1.34314	1.34639
2933	2025.06.23 05:00	GBPUSD.i	H1	1.34252	1.34167	1.34275	1.34628
2934	2025.06.23 06:00	GBPUSD.i	H1	1.34172	1.34163	1.34242	1.34617
2935	2025.06.23 07:00	GBPUSD.i	H1	1.34092	1.34123	1.34204	1.34605
2936	2025.06.23 08:00	GBPUSD.i	H1	1.34312	1.34159	1.34182	1.34593
2937	2025.06.23 09:00	GBPUSD.i	H1	1.34373	1.34240	1.34183	1.34584
2938	2025.06.23 10:00	GBPUSD.i	H1	1.34398	1.34321	1.34201	1.34579
2939	2025.06.23 11:00	GBPUSD.i	H1	1.34145	1.34297	1.34208	1.34572
2940	2025.06.23 12:00	GBPUSD.i	H1	1.33845	1.34114	1.34172	1.34558
2941	2025.06.23 13:00	GBPUSD.i	H1	1.33803	1.33962	1.34110	1.34539
2942	2025.06.23 14:00	GBPUSD.i	H1	1.33944	1.33890	1.34047	1.34520
2943	2025.06.23 15:00	GBPUSD.i	H1	1.33919	1.33853	1.33990	1.34502
2944	2025.06.23 16:00	GBPUSD.i	H1	1.34246	1.33963	1.33972	1.34488
2945	2025.06.23 17:00	GBPUSD.i	H1	1.34880	1.34307	1.34036	1.34486
2946	2025.06.23 18:00	GBPUSD.i	H1	1.34894	1.34648	1.34162	1.34495
2947	2025.06.23 19:00	GBPUSD.i	H1	1.34921	1.34837	1.34301	1.34507
2948	2025.06.23 20:00	GBPUSD.i	H1	1.35207	1.35051	1.34458	1.34521
2949	2025.06.23 21:00	GBPUSD.i	H1	1.35204	1.35230	1.34622	1.34539
2950	2025.06.23 22:00	GBPUSD.i	H1	1.35271	1.35340	1.34778	1.34558
2951	2025.06.23 23:00	GBPUSD.i	H1	1.35224	1.35392	1.34914	1.34577
2952	2025.06.24 00:00	GBPUSD.i	H1	1.35189	1.35373	1.35019	1.34595
2953	2025.06.24 01:00	GBPUSD.i	H1	1.35383	1.35427	1.35118	1.34614
2954	2025.06.24 02:00	GBPUSD.i	H1	1.35455	1.35496	1.35215	1.34635
2955	2025.06.24 03:00	GBPUSD.i	H1	1.35485	1.35540	1.35303	1.34658
2956	2025.06.24 04:00	GBPUSD.i	H1	1.35403	1.35550	1.35378	1.34680
2957	2025.06.24 05:00	GBPUSD.i	H1	1.35542	1.35561	1.35441	1.34702
2958	2025.06.24 06:00	GBPUSD.i	H1	1.35638	1.35622	1.35506	1.34725
2959	2025.06.24 07:00	GBPUSD.i	H1	1.35650	1.35672	1.35570	1.34751
2960	2025.06.24 08:00	GBPUSD.i	H1	1.35691	1.35701	1.35627	1.34776
2961	2025.06.24 09:00	GBPUSD.i	H1	1.35816	1.35781	1.35691	1.34803
2962	2025.06.24 10:00	GBPUSD.i	H1	1.35797	1.35802	1.35745	1.34830
2963	2025.06.24 11:00	GBPUSD.i	H1	1.36003	1.35895	1.35810	1.34858
2964	2025.06.24 12:00	GBPUSD.i	H1	1.36094	1.36021	1.35888	1.34890
2965	2025.06.24 13:00	GBPUSD.i	H1	1.36084	1.36092	1.35965	1.34924
2966	2025.06.24 14:00	GBPUSD.i	H1	1.36133	1.36163	1.36041	1.34957
2967	2025.06.24 15:00	GBPUSD.i	H1	1.36009	1.36138	1.36094	1.34989
2968	2025.06.24 16:00	GBPUSD.i	H1	1.35993	1.36092	1.36124	1.35017
2969	2025.06.24 17:00	GBPUSD.i	H1	1.36220	1.36172	1.36167	1.35047
2970	2025.06.24 18:00	GBPUSD.i	H1	1.36140	1.36207	1.36208	1.35080
2971	2025.06.24 19:00	GBPUSD.i	H1	1.36253	1.36225	1.36244	1.35111
2972	2025.06.24 20:00	GBPUSD.i	H1	1.36353	1.36289	1.36285	1.35143
2973	2025.06.24 21:00	GBPUSD.i	H1	1.36313	1.36320	1.36324	1.35176
2974	2025.06.24 22:00	GBPUSD.i	H1	1.36200	1.36297	1.36348	1.35206
2975	2025.06.24 23:00	GBPUSD.i	H1	1.36132	1.36243	1.36353	1.35234
2976	2025.06.25 00:00	GBPUSD.i	H1	1.36106	1.36180	1.36343	1.35259
2977	2025.06.25 01:00	GBPUSD.i	H1	1.36135	1.36145	1.36326	1.35283
2978	2025.06.25 02:00	GBPUSD.i	H1	1.36150	1.36137	1.36310	1.35307
2979	2025.06.25 03:00	GBPUSD.i	H1	1.36172	1.36137	1.36296	1.35331
2980	2025.06.25 04:00	GBPUSD.i	H1	1.36284	1.36174	1.36292	1.35355
2981	2025.06.25 05:00	GBPUSD.i	H1	1.36193	1.36190	1.36291	1.35379
2982	2025.06.25 06:00	GBPUSD.i	H1	1.36121	1.36164	1.36282	1.35402
2983	2025.06.25 07:00	GBPUSD.i	H1	1.36163	1.36146	1.36270	1.35422
2984	2025.06.25 08:00	GBPUSD.i	H1	1.36231	1.36165	1.36263	1.35443
2985	2025.06.25 09:00	GBPUSD.i	H1	1.36257	1.36195	1.36263	1.35465
2986	2025.06.25 10:00	GBPUSD.i	H1	1.36140	1.36184	1.36258	1.35486
2987	2025.06.25 11:00	GBPUSD.i	H1	1.36214	1.36180	1.36253	1.35505
2988	2025.06.25 12:00	GBPUSD.i	H1	1.36126	1.36149	1.36241	1.35523
2989	2025.06.25 13:00	GBPUSD.i	H1	1.36053	1.36102	1.36219	1.35539
2990	2025.06.25 14:00	GBPUSD.i	H1	1.36069	1.36085	1.36198	1.35554
2991	2025.06.25 15:00	GBPUSD.i	H1	1.35966	1.36022	1.36166	1.35568
2992	2025.06.25 16:00	GBPUSD.i	H1	1.36088	1.36026	1.36141	1.35580
2993	2025.06.25 17:00	GBPUSD.i	H1	1.36246	1.36095	1.36137	1.35596
2994	2025.06.25 18:00	GBPUSD.i	H1	1.36246	1.36155	1.36146	1.35613
2995	2025.06.25 19:00	GBPUSD.i	H1	1.36405	1.36259	1.36175	1.35632
2996	2025.06.25 20:00	GBPUSD.i	H1	1.36498	1.36370	1.36222	1.35653
2997	2025.06.25 21:00	GBPUSD.i	H1	1.36627	1.36495	1.36287	1.35677
2998	2025.06.25 22:00	GBPUSD.i	H1	1.36654	1.36613	1.36363	1.35704
2999	2025.06.25 23:00	GBPUSD.i	H1	1.36622	1.36669	1.36435	1.35730
3000	2025.06.26 00:00	GBPUSD.i	H1	1.36536	1.36652	1.36488	1.35754
3001	2025.06.26 01:00	GBPUSD.i	H1	1.36664	1.36671	1.36534	1.35777
3002	2025.06.26 02:00	GBPUSD.i	H1	1.36898	1.36777	1.36596	1.35803
3003	2025.06.26 03:00	GBPUSD.i	H1	1.36896	1.36878	1.36669	1.35833
3004	2025.06.26 04:00	GBPUSD.i	H1	1.36920	1.36921	1.36736	1.35862
3005	2025.06.26 05:00	GBPUSD.i	H1	1.37063	1.37006	1.36808	1.35892
3006	2025.06.26 06:00	GBPUSD.i	H1	1.37109	1.37113	1.36890	1.35925
3007	2025.06.26 07:00	GBPUSD.i	H1	1.37007	1.37121	1.36957	1.35957
3008	2025.06.26 08:00	GBPUSD.i	H1	1.37092	1.37129	1.37012	1.35988
3009	2025.06.26 09:00	GBPUSD.i	H1	1.37186	1.37157	1.37062	1.36018
3010	2025.06.26 10:00	GBPUSD.i	H1	1.37367	1.37265	1.37127	1.36052
3011	2025.06.26 11:00	GBPUSD.i	H1	1.37496	1.37411	1.37212	1.36089
3012	2025.06.26 12:00	GBPUSD.i	H1	1.37440	1.37471	1.37292	1.36128
3013	2025.06.26 13:00	GBPUSD.i	H1	1.37284	1.37459	1.37351	1.36163
3014	2025.06.26 14:00	GBPUSD.i	H1	1.37076	1.37328	1.37368	1.36193
3015	2025.06.26 15:00	GBPUSD.i	H1	1.37183	1.37254	1.37366	1.36219
3016	2025.06.26 16:00	GBPUSD.i	H1	1.37407	1.37274	1.37370	1.36247
3017	2025.06.26 17:00	GBPUSD.i	H1	1.37325	1.37324	1.37385	1.36277
3018	2025.06.26 18:00	GBPUSD.i	H1	1.37520	1.37380	1.37408	1.36309
3019	2025.06.26 19:00	GBPUSD.i	H1	1.37550	1.37469	1.37446	1.36342
3020	2025.06.26 20:00	GBPUSD.i	H1	1.37577	1.37540	1.37490	1.36376
3021	2025.06.26 21:00	GBPUSD.i	H1	1.37485	1.37551	1.37526	1.36408
3022	2025.06.26 22:00	GBPUSD.i	H1	1.37324	1.37476	1.37536	1.36437
3023	2025.06.26 23:00	GBPUSD.i	H1	1.37259	1.37386	1.37522	1.36462
3024	2025.06.27 00:00	GBPUSD.i	H1	1.37256	1.37303	1.37493	1.36484
3025	2025.06.27 01:00	GBPUSD.i	H1	1.37197	1.37241	1.37456	1.36504
3026	2025.06.27 02:00	GBPUSD.i	H1	1.37250	1.37221	1.37421	1.36524
3027	2025.06.27 03:00	GBPUSD.i	H1	1.37307	1.37237	1.37397	1.36545
3028	2025.06.27 04:00	GBPUSD.i	H1	1.37374	1.37268	1.37384	1.36567
3029	2025.06.27 05:00	GBPUSD.i	H1	1.37432	1.37325	1.37385	1.36589
3030	2025.06.27 06:00	GBPUSD.i	H1	1.37363	1.37359	1.37391	1.36612
3031	2025.06.27 07:00	GBPUSD.i	H1	1.37228	1.37319	1.37385	1.36632
3032	2025.06.27 08:00	GBPUSD.i	H1	1.37261	1.37283	1.37371	1.36650
3033	2025.06.27 09:00	GBPUSD.i	H1	1.37475	1.37327	1.37370	1.36669
3034	2025.06.27 10:00	GBPUSD.i	H1	1.37397	1.37366	1.37376	1.36689
3035	2025.06.27 11:00	GBPUSD.i	H1	1.37433	1.37394	1.37387	1.36709
3036	2025.06.27 12:00	GBPUSD.i	H1	1.37400	1.37402	1.37396	1.36729
3037	2025.06.27 13:00	GBPUSD.i	H1	1.37238	1.37360	1.37392	1.36746
3038	2025.06.27 14:00	GBPUSD.i	H1	1.37375	1.37346	1.37387	1.36762
3039	2025.06.27 15:00	GBPUSD.i	H1	1.37405	1.37358	1.37385	1.36778
3040	2025.06.27 16:00	GBPUSD.i	H1	1.37210	1.37317	1.37373	1.36794
3041	2025.06.27 17:00	GBPUSD.i	H1	1.37151	1.37233	1.37345	1.36805
3042	2025.06.27 18:00	GBPUSD.i	H1	1.37177	1.37190	1.37313	1.36815
3043	2025.06.27 19:00	GBPUSD.i	H1	1.37076	1.37137	1.37276	1.36825
3044	2025.06.27 20:00	GBPUSD.i	H1	1.36922	1.37033	1.37223	1.36831
3045	2025.06.27 21:00	GBPUSD.i	H1	1.36965	1.36952	1.37163	1.36834
3046	2025.06.27 22:00	GBPUSD.i	H1	1.37069	1.36962	1.37118	1.36838
3047	2025.06.27 23:00	GBPUSD.i	H1	1.37156	1.37020	1.37095	1.36845
3048	2025.06.30 00:00	GBPUSD.i	H1	1.37138	1.37035	1.37079	1.36853
3049	2025.06.30 01:00	GBPUSD.i	H1	1.37248	1.37110	1.37083	1.36861
3050	2025.06.30 02:00	GBPUSD.i	H1	1.37185	1.37161	1.37096	1.36870
3051	2025.06.30 03:00	GBPUSD.i	H1	1.37138	1.37160	1.37105	1.36879
3052	2025.06.30 04:00	GBPUSD.i	H1	1.37199	1.37187	1.37117	1.36887
3053	2025.06.30 05:00	GBPUSD.i	H1	1.37174	1.37203	1.37131	1.36896
3054	2025.06.30 06:00	GBPUSD.i	H1	1.37127	1.37188	1.37138	1.36904
3055	2025.06.30 07:00	GBPUSD.i	H1	1.37294	1.37219	1.37151	1.36912
3056	2025.06.30 08:00	GBPUSD.i	H1	1.37282	1.37278	1.37175	1.36922
3057	2025.06.30 09:00	GBPUSD.i	H1	1.37346	1.37312	1.37202	1.36933
3058	2025.06.30 10:00	GBPUSD.i	H1	1.37026	1.37241	1.37207	1.36941
3059	2025.06.30 11:00	GBPUSD.i	H1	1.36996	1.37126	1.37186	1.36945
3060	2025.06.30 12:00	GBPUSD.i	H1	1.36942	1.37039	1.37150	1.36945
3061	2025.06.30 13:00	GBPUSD.i	H1	1.37012	1.36993	1.37113	1.36946
3062	2025.06.30 14:00	GBPUSD.i	H1	1.37054	1.36999	1.37086	1.36948
3063	2025.06.30 15:00	GBPUSD.i	H1	1.36933	1.36959	1.37056	1.36949
3064	2025.06.30 16:00	GBPUSD.i	H1	1.36854	1.36891	1.37017	1.36948
3065	2025.06.30 17:00	GBPUSD.i	H1	1.37036	1.36910	1.36991	1.36947
3066	2025.06.30 18:00	GBPUSD.i	H1	1.37198	1.37001	1.36990	1.36950
3067	2025.06.30 19:00	GBPUSD.i	H1	1.37140	1.37055	1.37001	1.36955
3068	2025.06.30 20:00	GBPUSD.i	H1	1.37087	1.37081	1.37015	1.36959
3069	2025.06.30 21:00	GBPUSD.i	H1	1.37180	1.37124	1.37034	1.36964
3070	2025.06.30 22:00	GBPUSD.i	H1	1.37257	1.37188	1.37064	1.36970
3071	2025.06.30 23:00	GBPUSD.i	H1	1.37326	1.37262	1.37105	1.36979
3072	2025.07.01 00:00	GBPUSD.i	H1	1.37287	1.37284	1.37141	1.36987
3073	2025.07.01 01:00	GBPUSD.i	H1	1.37316	1.37323	1.37179	1.36995
3074	2025.07.01 02:00	GBPUSD.i	H1	1.37309	1.37342	1.37213	1.37004
3075	2025.07.01 03:00	GBPUSD.i	H1	1.37408	1.37381	1.37250	1.37014
3076	2025.07.01 04:00	GBPUSD.i	H1	1.37269	1.37382	1.37280	1.37023
3077	2025.07.01 05:00	GBPUSD.i	H1	1.37368	1.37376	1.37303	1.37032
3078	2025.07.01 06:00	GBPUSD.i	H1	1.37378	1.37403	1.37328	1.37041
3079	2025.07.01 07:00	GBPUSD.i	H1	1.37410	1.37425	1.37353	1.37051
3080	2025.07.01 08:00	GBPUSD.i	H1	1.37469	1.37451	1.37380	1.37062
3081	2025.07.01 09:00	GBPUSD.i	H1	1.37394	1.37452	1.37401	1.37072
3082	2025.07.01 10:00	GBPUSD.i	H1	1.37674	1.37517	1.37434	1.37084
3083	2025.07.01 11:00	GBPUSD.i	H1	1.37740	1.37631	1.37485	1.37099
3084	2025.07.01 12:00	GBPUSD.i	H1	1.37756	1.37701	1.37541	1.37116
3085	2025.07.01 13:00	GBPUSD.i	H1	1.37754	1.37779	1.37603	1.37134
3086	2025.07.01 14:00	GBPUSD.i	H1	1.37542	1.37737	1.37642	1.37150
3087	2025.07.01 15:00	GBPUSD.i	H1	1.37413	1.37631	1.37648	1.37161
3088	2025.07.01 16:00	GBPUSD.i	H1	1.37329	1.37500	1.37625	1.37168
3089	2025.07.01 17:00	GBPUSD.i	H1	1.37180	1.37344	1.37572	1.37171
3090	2025.07.01 18:00	GBPUSD.i	H1	1.37241	1.37232	1.37506	1.37172
3091	2025.07.01 19:00	GBPUSD.i	H1	1.37243	1.37181	1.37444	1.37172
3092	2025.07.01 20:00	GBPUSD.i	H1	1.37367	1.37211	1.37402	1.37175
3093	2025.07.01 21:00	GBPUSD.i	H1	1.37378	1.37252	1.37377	1.37179
3094	2025.07.01 22:00	GBPUSD.i	H1	1.37402	1.37300	1.37366	1.37185
3095	2025.07.01 23:00	GBPUSD.i	H1	1.37444	1.37359	1.37370	1.37191
3096	2025.07.02 00:00	GBPUSD.i	H1	1.37454	1.37395	1.37379	1.37198
3097	2025.07.02 01:00	GBPUSD.i	H1	1.37431	1.37418	1.37390	1.37205
3098	2025.07.02 02:00	GBPUSD.i	H1	1.37456	1.37437	1.37402	1.37212
3099	2025.07.02 03:00	GBPUSD.i	H1	1.37482	1.37457	1.37415	1.37218
3100	2025.07.02 04:00	GBPUSD.i	H1	1.37379	1.37448	1.37422	1.37225
3101	2025.07.02 05:00	GBPUSD.i	H1	1.37461	1.37442	1.37427	1.37230
3102	2025.07.02 06:00	GBPUSD.i	H1	1.37458	1.37453	1.37433	1.37236
3103	2025.07.02 07:00	GBPUSD.i	H1	1.37441	1.37454	1.37439	1.37242
3104	2025.07.02 08:00	GBPUSD.i	H1	1.37364	1.37422	1.37435	1.37247
3105	2025.07.02 09:00	GBPUSD.i	H1	1.37281	1.37359	1.37419	1.37249
3106	2025.07.02 10:00	GBPUSD.i	H1	1.37057	1.37240	1.37379	1.37248
3107	2025.07.02 11:00	GBPUSD.i	H1	1.36979	1.37106	1.37317	1.37243
3108	2025.07.02 12:00	GBPUSD.i	H1	1.36904	1.36987	1.37243	1.37236
3109	2025.07.02 13:00	GBPUSD.i	H1	1.37032	1.36954	1.37178	1.37228
3110	2025.07.02 14:00	GBPUSD.i	H1	1.36625	1.36825	1.37096	1.37219
3111	2025.07.02 15:00	GBPUSD.i	H1	1.36077	1.36478	1.36953	1.37199
3112	2025.07.02 16:00	GBPUSD.i	H1	1.35863	1.36148	1.36765	1.37168
3113	2025.07.02 17:00	GBPUSD.i	H1	1.35935	1.35904	1.36563	1.37133
3114	2025.07.02 18:00	GBPUSD.i	H1	1.36209	1.35886	1.36400	1.37101
3115	2025.07.02 19:00	GBPUSD.i	H1	1.36310	1.35969	1.36290	1.37075
3116	2025.07.02 20:00	GBPUSD.i	H1	1.36331	1.36088	1.36227	1.37054
3117	2025.07.02 21:00	GBPUSD.i	H1	1.36359	1.36176	1.36194	1.37035
3118	2025.07.02 22:00	GBPUSD.i	H1	1.36352	1.36230	1.36177	1.37016
3119	2025.07.02 23:00	GBPUSD.i	H1	1.36327	1.36261	1.36168	1.36996
3120	2025.07.03 00:00	GBPUSD.i	H1	1.36468	1.36364	1.36183	1.36980
3121	2025.07.03 01:00	GBPUSD.i	H1	1.36545	1.36454	1.36214	1.36967
3122	2025.07.03 02:00	GBPUSD.i	H1	1.36493	1.36503	1.36250	1.36954
3123	2025.07.03 03:00	GBPUSD.i	H1	1.36472	1.36520	1.36282	1.36941
3124	2025.07.03 04:00	GBPUSD.i	H1	1.36488	1.36530	1.36311	1.36929
3125	2025.07.03 05:00	GBPUSD.i	H1	1.36343	1.36478	1.36323	1.36915
3126	2025.07.03 06:00	GBPUSD.i	H1	1.36278	1.36409	1.36320	1.36899
3127	2025.07.03 07:00	GBPUSD.i	H1	1.36294	1.36350	1.36306	1.36882
3128	2025.07.03 08:00	GBPUSD.i	H1	1.36393	1.36352	1.36298	1.36866
3129	2025.07.03 09:00	GBPUSD.i	H1	1.36501	1.36406	1.36307	1.36853
3130	2025.07.03 10:00	GBPUSD.i	H1	1.36550	1.36508	1.36338	1.36844
3131	2025.07.03 11:00	GBPUSD.i	H1	1.36643	1.36596	1.36383	1.36838
3132	2025.07.03 12:00	GBPUSD.i	H1	1.36549	1.36614	1.36423	1.36832
3133	2025.07.03 13:00	GBPUSD.i	H1	1.36608	1.36624	1.36458	1.36825
3134	2025.07.03 14:00	GBPUSD.i	H1	1.36573	1.36627	1.36487	1.36818
3135	2025.07.03 15:00	GBPUSD.i	H1	1.36151	1.36439	1.36468	1.36806
3136	2025.07.03 16:00	GBPUSD.i	H1	1.36587	1.36435	1.36455	1.36793
3137	2025.07.03 17:00	GBPUSD.i	H1	1.36471	1.36467	1.36454	1.36784
3138	2025.07.03 18:00	GBPUSD.i	H1	1.36529	1.36490	1.36459	1.36776
3139	2025.07.03 19:00	GBPUSD.i	H1	1.36511	1.36483	1.36462	1.36769
3140	2025.07.03 20:00	GBPUSD.i	H1	1.36468	1.36478	1.36463	1.36760
3141	2025.07.03 21:00	GBPUSD.i	H1	1.36412	1.36458	1.36460	1.36752
3142	2025.07.03 22:00	GBPUSD.i	H1	1.36464	1.36448	1.36456	1.36743
3143	2025.07.03 23:00	GBPUSD.i	H1	1.36523	1.36469	1.36457	1.36736
3144	2025.07.04 00:00	GBPUSD.i	H1	1.36499	1.36480	1.36462	1.36729
3145	2025.07.04 01:00	GBPUSD.i	H1	1.36531	1.36503	1.36470	1.36723
3146	2025.07.04 02:00	GBPUSD.i	H1	1.36655	1.36565	1.36491	1.36719
3147	2025.07.04 03:00	GBPUSD.i	H1	1.36631	1.36607	1.36516	1.36716
3148	2025.07.04 04:00	GBPUSD.i	H1	1.36483	1.36583	1.36531	1.36712
3149	2025.07.04 05:00	GBPUSD.i	H1	1.36532	1.36560	1.36537	1.36707
3150	2025.07.04 06:00	GBPUSD.i	H1	1.36578	1.36570	1.36545	1.36702
3151	2025.07.04 07:00	GBPUSD.i	H1	1.36737	1.36630	1.36565	1.36700
3152	2025.07.04 08:00	GBPUSD.i	H1	1.36760	1.36709	1.36599	1.36701
3153	2025.07.04 09:00	GBPUSD.i	H1	1.36761	1.36745	1.36634	1.36703
3154	2025.07.04 10:00	GBPUSD.i	H1	1.36584	1.36716	1.36654	1.36703
3155	2025.07.04 11:00	GBPUSD.i	H1	1.36642	1.36685	1.36663	1.36701
3156	2025.07.04 12:00	GBPUSD.i	H1	1.36572	1.36640	1.36661	1.36698
3157	2025.07.04 13:00	GBPUSD.i	H1	1.36480	1.36581	1.36646	1.36694
3158	2025.07.04 14:00	GBPUSD.i	H1	1.36477	1.36526	1.36623	1.36688
3159	2025.07.04 15:00	GBPUSD.i	H1	1.36353	1.36449	1.36588	1.36682
3160	2025.07.04 16:00	GBPUSD.i	H1	1.36495	1.36432	1.36557	1.36674
3161	2025.07.04 17:00	GBPUSD.i	H1	1.36428	1.36419	1.36529	1.36668
3162	2025.07.04 18:00	GBPUSD.i	H1	1.36445	1.36410	1.36505	1.36662
3163	2025.07.04 19:00	GBPUSD.i	H1	1.36469	1.36422	1.36489	1.36656
3164	2025.07.04 20:00	GBPUSD.i	H1	1.36489	1.36444	1.36480	1.36651
3165	2025.07.04 21:00	GBPUSD.i	H1	1.36535	1.36472	1.36478	1.36647
3166	2025.07.04 22:00	GBPUSD.i	H1	1.36501	1.36489	1.36480	1.36643
3167	2025.07.04 23:00	GBPUSD.i	H1	1.36373	1.36465	1.36475	1.36639
3168	2025.07.07 00:00	GBPUSD.i	H1	1.36477	1.36465	1.36471	1.36634
3169	2025.07.07 01:00	GBPUSD.i	H1	1.36531	1.36488	1.36473	1.36630
3170	2025.07.07 02:00	GBPUSD.i	H1	1.36508	1.36497	1.36476	1.36627
3171	2025.07.07 03:00	GBPUSD.i	H1	1.36471	1.36500	1.36479	1.36623
3172	2025.07.07 04:00	GBPUSD.i	H1	1.36335	1.36442	1.36468	1.36618
3173	2025.07.07 05:00	GBPUSD.i	H1	1.36283	1.36370	1.36444	1.36610
3174	2025.07.07 06:00	GBPUSD.i	H1	1.36277	1.36319	1.36413	1.36601
3175	2025.07.07 07:00	GBPUSD.i	H1	1.36172	1.36249	1.36374	1.36592
3176	2025.07.07 08:00	GBPUSD.i	H1	1.36231	1.36202	1.36333	1.36581
3177	2025.07.07 09:00	GBPUSD.i	H1	1.36126	1.36148	1.36288	1.36569
3178	2025.07.07 10:00	GBPUSD.i	H1	1.36044	1.36101	1.36242	1.36557
3179	2025.07.07 11:00	GBPUSD.i	H1	1.35804	1.35969	1.36175	1.36541
3180	2025.07.07 12:00	GBPUSD.i	H1	1.36093	1.35941	1.36117	1.36525
3181	2025.07.07 13:00	GBPUSD.i	H1	1.36024	1.35946	1.36072	1.36510
3182	2025.07.07 14:00	GBPUSD.i	H1	1.36155	1.36005	1.36049	1.36498
3183	2025.07.07 15:00	GBPUSD.i	H1	1.36173	1.36069	1.36045	1.36488
3184	2025.07.07 16:00	GBPUSD.i	H1	1.36277	1.36152	1.36059	1.36480
3185	2025.07.07 17:00	GBPUSD.i	H1	1.36361	1.36266	1.36095	1.36476
3186	2025.07.07 18:00	GBPUSD.i	H1	1.36361	1.36333	1.36138	1.36473
3187	2025.07.07 19:00	GBPUSD.i	H1	1.35951	1.36245	1.36151	1.36466
3188	2025.07.07 20:00	GBPUSD.i	H1	1.36051	1.36147	1.36139	1.36455
3189	2025.07.07 21:00	GBPUSD.i	H1	1.36116	1.36103	1.36122	1.36443
3190	2025.07.07 22:00	GBPUSD.i	H1	1.36097	1.36102	1.36109	1.36433
3191	2025.07.07 23:00	GBPUSD.i	H1	1.35992	1.36058	1.36090	1.36423
3192	2025.07.08 00:00	GBPUSD.i	H1	1.36029	1.36033	1.36071	1.36412
3193	2025.07.08 01:00	GBPUSD.i	H1	1.36180	1.36071	1.36064	1.36402
3194	2025.07.08 02:00	GBPUSD.i	H1	1.36237	1.36136	1.36075	1.36396
3195	2025.07.08 03:00	GBPUSD.i	H1	1.36288	1.36220	1.36102	1.36392
3196	2025.07.08 04:00	GBPUSD.i	H1	1.36255	1.36252	1.36130	1.36389
3197	2025.07.08 05:00	GBPUSD.i	H1	1.36311	1.36297	1.36162	1.36386
3198	2025.07.08 06:00	GBPUSD.i	H1	1.36331	1.36335	1.36197	1.36384
3199	2025.07.08 07:00	GBPUSD.i	H1	1.36314	1.36360	1.36230	1.36383
3200	2025.07.08 08:00	GBPUSD.i	H1	1.36287	1.36346	1.36253	1.36381
3201	2025.07.08 09:00	GBPUSD.i	H1	1.36272	1.36330	1.36268	1.36378
3202	2025.07.08 10:00	GBPUSD.i	H1	1.36408	1.36366	1.36290	1.36377
3203	2025.07.08 11:00	GBPUSD.i	H1	1.36122	1.36303	1.36293	1.36375
3204	2025.07.08 12:00	GBPUSD.i	H1	1.35952	1.36163	1.36264	1.36367
3205	2025.07.08 13:00	GBPUSD.i	H1	1.35772	1.35986	1.36202	1.36355
3206	2025.07.08 14:00	GBPUSD.i	H1	1.35735	1.35850	1.36124	1.36340
3207	2025.07.08 15:00	GBPUSD.i	H1	1.35781	1.35759	1.36044	1.36324
3208	2025.07.08 16:00	GBPUSD.i	H1	1.35526	1.35621	1.35949	1.36305
3209	2025.07.08 17:00	GBPUSD.i	H1	1.35447	1.35477	1.35842	1.36283
3210	2025.07.08 18:00	GBPUSD.i	H1	1.35725	1.35491	1.35760	1.36262
3211	2025.07.08 19:00	GBPUSD.i	H1	1.35786	1.35565	1.35712	1.36247
3212	2025.07.08 20:00	GBPUSD.i	H1	1.35920	1.35682	1.35699	1.36234
3213	2025.07.08 21:00	GBPUSD.i	H1	1.35936	1.35784	1.35709	1.36225
3214	2025.07.08 22:00	GBPUSD.i	H1	1.35894	1.35846	1.35729	1.36216
3215	2025.07.08 23:00	GBPUSD.i	H1	1.35906	1.35889	1.35753	1.36208
3216	2025.07.09 00:00	GBPUSD.i	H1	1.35821	1.35889	1.35771	1.36199
3217	2025.07.09 01:00	GBPUSD.i	H1	1.35928	1.35902	1.35788	1.36190
3218	2025.07.09 02:00	GBPUSD.i	H1	1.35847	1.35902	1.35801	1.36181
3219	2025.07.09 03:00	GBPUSD.i	H1	1.35862	1.35880	1.35808	1.36172
3220	2025.07.09 04:00	GBPUSD.i	H1	1.35863	1.35872	1.35812	1.36163
3221	2025.07.09 05:00	GBPUSD.i	H1	1.35741	1.35830	1.35807	1.36153
3222	2025.07.09 06:00	GBPUSD.i	H1	1.35688	1.35763	1.35789	1.36141
3223	2025.07.09 07:00	GBPUSD.i	H1	1.35855	1.35772	1.35778	1.36130
3224	2025.07.09 08:00	GBPUSD.i	H1	1.35870	1.35826	1.35783	1.36122
3225	2025.07.09 09:00	GBPUSD.i	H1	1.36029	1.35899	1.35803	1.36117
3226	2025.07.09 10:00	GBPUSD.i	H1	1.35858	1.35911	1.35822	1.36112
3227	2025.07.09 11:00	GBPUSD.i	H1	1.36008	1.35947	1.35845	1.36107
3228	2025.07.09 12:00	GBPUSD.i	H1	1.35970	1.35983	1.35872	1.36103
3229	2025.07.09 13:00	GBPUSD.i	H1	1.35831	1.35957	1.35887	1.36099
3230	2025.07.09 14:00	GBPUSD.i	H1	1.35773	1.35890	1.35884	1.36092
3231	2025.07.09 15:00	GBPUSD.i	H1	1.36083	1.35941	1.35895	1.36086
3232	2025.07.09 16:00	GBPUSD.i	H1	1.35857	1.35960	1.35909	1.36084
3233	2025.07.09 17:00	GBPUSD.i	H1	1.35881	1.35966	1.35921	1.36080
3234	2025.07.09 18:00	GBPUSD.i	H1	1.35832	1.35922	1.35921	1.36075
3235	2025.07.09 19:00	GBPUSD.i	H1	1.35840	1.35881	1.35912	1.36069
3236	2025.07.09 20:00	GBPUSD.i	H1	1.35894	1.35873	1.35904	1.36063
3237	2025.07.09 21:00	GBPUSD.i	H1	1.35881	1.35883	1.35900	1.36058
3238	2025.07.09 22:00	GBPUSD.i	H1	1.35951	1.35909	1.35903	1.36055
3239	2025.07.09 23:00	GBPUSD.i	H1	1.35841	1.35894	1.35902	1.36050
3240	2025.07.10 00:00	GBPUSD.i	H1	1.35858	1.35865	1.35894	1.36045
3241	2025.07.10 01:00	GBPUSD.i	H1	1.35896	1.35874	1.35890	1.36040
3242	2025.07.10 02:00	GBPUSD.i	H1	1.35979	1.35907	1.35895	1.36037
3243	2025.07.10 03:00	GBPUSD.i	H1	1.36097	1.35983	1.35916	1.36036
3244	2025.07.10 04:00	GBPUSD.i	H1	1.36069	1.36037	1.35944	1.36037
3245	2025.07.10 05:00	GBPUSD.i	H1	1.36071	1.36073	1.35973	1.36038
3246	2025.07.10 06:00	GBPUSD.i	H1	1.36043	1.36083	1.35999	1.36039
3247	2025.07.10 07:00	GBPUSD.i	H1	1.36050	1.36075	1.36017	1.36039
3248	2025.07.10 08:00	GBPUSD.i	H1	1.36093	1.36088	1.36034	1.36039
3249	2025.07.10 09:00	GBPUSD.i	H1	1.36111	1.36112	1.36054	1.36041
3250	2025.07.10 10:00	GBPUSD.i	H1	1.36121	1.36124	1.36073	1.36043
3251	2025.07.10 11:00	GBPUSD.i	H1	1.36060	1.36117	1.36086	1.36045
3252	2025.07.10 12:00	GBPUSD.i	H1	1.36095	1.36119	1.36097	1.36046
3253	2025.07.10 13:00	GBPUSD.i	H1	1.35994	1.36084	1.36098	1.36047
3254	2025.07.10 14:00	GBPUSD.i	H1	1.35805	1.35966	1.36073	1.36044
3255	2025.07.10 15:00	GBPUSD.i	H1	1.35601	1.35812	1.36018	1.36036
3256	2025.07.10 16:00	GBPUSD.i	H1	1.35528	1.35660	1.35941	1.36024
3257	2025.07.10 17:00	GBPUSD.i	H1	1.35550	1.35531	1.35852	1.36010
3258	2025.07.10 18:00	GBPUSD.i	H1	1.35673	1.35533	1.35784	1.35998
3259	2025.07.10 19:00	GBPUSD.i	H1	1.35639	1.35550	1.35733	1.35988
3260	2025.07.10 20:00	GBPUSD.i	H1	1.35715	1.35586	1.35699	1.35979
3261	2025.07.10 21:00	GBPUSD.i	H1	1.35743	1.35633	1.35682	1.35972
3262	2025.07.10 22:00	GBPUSD.i	H1	1.35758	1.35687	1.35679	1.35966
3263	2025.07.10 23:00	GBPUSD.i	H1	1.35777	1.35730	1.35685	1.35961
3264	2025.07.11 00:00	GBPUSD.i	H1	1.35726	1.35732	1.35688	1.35955
3265	2025.07.11 01:00	GBPUSD.i	H1	1.35844	1.35770	1.35699	1.35950
3266	2025.07.11 02:00	GBPUSD.i	H1	1.35803	1.35796	1.35714	1.35946
3267	2025.07.11 03:00	GBPUSD.i	H1	1.35549	1.35713	1.35705	1.35939
3268	2025.07.11 04:00	GBPUSD.i	H1	1.35588	1.35653	1.35686	1.35930
3269	2025.07.11 05:00	GBPUSD.i	H1	1.35541	1.35602	1.35660	1.35920
3270	2025.07.11 06:00	GBPUSD.i	H1	1.35652	1.35598	1.35639	1.35911
3271	2025.07.11 07:00	GBPUSD.i	H1	1.35561	1.35574	1.35618	1.35902
3272	2025.07.11 08:00	GBPUSD.i	H1	1.35617	1.35577	1.35603	1.35893
3273	2025.07.11 09:00	GBPUSD.i	H1	1.35340	1.35495	1.35572	1.35883
3274	2025.07.11 10:00	GBPUSD.i	H1	1.35416	1.35453	1.35538	1.35870
3275	2025.07.11 11:00	GBPUSD.i	H1	1.35355	1.35395	1.35499	1.35857
3276	2025.07.11 12:00	GBPUSD.i	H1	1.35432	1.35393	1.35468	1.35845
3277	2025.07.11 13:00	GBPUSD.i	H1	1.35296	1.35359	1.35436	1.35832
3278	2025.07.11 14:00	GBPUSD.i	H1	1.35031	1.35229	1.35381	1.35816
3279	2025.07.11 15:00	GBPUSD.i	H1	1.35042	1.35105	1.35310	1.35796
3280	2025.07.11 16:00	GBPUSD.i	H1	1.34951	1.35025	1.35236	1.35774
3281	2025.07.11 17:00	GBPUSD.i	H1	1.35049	1.34962	1.35164	1.35753
3282	2025.07.11 18:00	GBPUSD.i	H1	1.35027	1.34962	1.35107	1.35732
3283	2025.07.11 19:00	GBPUSD.i	H1	1.35065	1.34974	1.35065	1.35713
3284	2025.07.11 20:00	GBPUSD.i	H1	1.35133	1.35018	1.35041	1.35696
3285	2025.07.11 21:00	GBPUSD.i	H1	1.35092	1.35053	1.35028	1.35680
3286	2025.07.11 22:00	GBPUSD.i	H1	1.34973	1.35024	1.35011	1.35663
3287	2025.07.11 23:00	GBPUSD.i	H1	1.34885	1.34956	1.34982	1.35643
3288	2025.07.14 00:00	GBPUSD.i	H1	1.34842	1.34888	1.34944	1.35622
3289	2025.07.14 01:00	GBPUSD.i	H1	1.34844	1.34864	1.34909	1.35601
3290	2025.07.14 02:00	GBPUSD.i	H1	1.34956	1.34872	1.34884	1.35581
3291	2025.07.14 03:00	GBPUSD.i	H1	1.34988	1.34920	1.34876	1.35564
3292	2025.07.14 04:00	GBPUSD.i	H1	1.34893	1.34923	1.34870	1.35547
3293	2025.07.14 05:00	GBPUSD.i	H1	1.34740	1.34861	1.34851	1.35528
3294	2025.07.14 06:00	GBPUSD.i	H1	1.34818	1.34826	1.34829	1.35508
3295	2025.07.14 07:00	GBPUSD.i	H1	1.34761	1.34794	1.34805	1.35488
3296	2025.07.14 08:00	GBPUSD.i	H1	1.34655	1.34736	1.34774	1.35467
3297	2025.07.14 09:00	GBPUSD.i	H1	1.34567	1.34645	1.34730	1.35444
3298	2025.07.14 10:00	GBPUSD.i	H1	1.34834	1.34679	1.34704	1.35423
3299	2025.07.14 11:00	GBPUSD.i	H1	1.34758	1.34724	1.34694	1.35405
3300	2025.07.14 12:00	GBPUSD.i	H1	1.34846	1.34763	1.34696	1.35388
3301	2025.07.14 13:00	GBPUSD.i	H1	1.34885	1.34819	1.34709	1.35373
3302	2025.07.14 14:00	GBPUSD.i	H1	1.34826	1.34837	1.34724	1.35359
3303	2025.07.14 15:00	GBPUSD.i	H1	1.34778	1.34829	1.34734	1.35344
3304	2025.07.14 16:00	GBPUSD.i	H1	1.34823	1.34815	1.34740	1.35328
3305	2025.07.14 17:00	GBPUSD.i	H1	1.34474	1.34707	1.34720	1.35310
3306	2025.07.14 18:00	GBPUSD.i	H1	1.34334	1.34556	1.34671	1.35288
3307	2025.07.14 19:00	GBPUSD.i	H1	1.34353	1.34432	1.34607	1.35263
3308	2025.07.14 20:00	GBPUSD.i	H1	1.34332	1.34352	1.34539	1.35237
3309	2025.07.14 21:00	GBPUSD.i	H1	1.34286	1.34290	1.34473	1.35211
3310	2025.07.14 22:00	GBPUSD.i	H1	1.34264	1.34248	1.34413	1.35186
3311	2025.07.14 23:00	GBPUSD.i	H1	1.34250	1.34220	1.34358	1.35161
3312	2025.07.15 00:00	GBPUSD.i	H1	1.34256	1.34205	1.34312	1.35136
3313	2025.07.15 01:00	GBPUSD.i	H1	1.34266	1.34210	1.34276	1.35111
3314	2025.07.15 02:00	GBPUSD.i	H1	1.34278	1.34213	1.34248	1.35088
3315	2025.07.15 03:00	GBPUSD.i	H1	1.34354	1.34258	1.34235	1.35066
3316	2025.07.15 04:00	GBPUSD.i	H1	1.34335	1.34287	1.34231	1.35046
3317	2025.07.15 05:00	GBPUSD.i	H1	1.34329	1.34301	1.34231	1.35026
3318	2025.07.15 06:00	GBPUSD.i	H1	1.34295	1.34307	1.34232	1.35006
3319	2025.07.15 07:00	GBPUSD.i	H1	1.34315	1.34312	1.34234	1.34987
3320	2025.07.15 08:00	GBPUSD.i	H1	1.34394	1.34348	1.34245	1.34969
3321	2025.07.15 09:00	GBPUSD.i	H1	1.34349	1.34365	1.34257	1.34952
3322	2025.07.15 10:00	GBPUSD.i	H1	1.34535	1.34416	1.34279	1.34937
3323	2025.07.15 11:00	GBPUSD.i	H1	1.34466	1.34458	1.34307	1.34924
3324	2025.07.15 12:00	GBPUSD.i	H1	1.34548	1.34511	1.34342	1.34912
3325	2025.07.15 13:00	GBPUSD.i	H1	1.34560	1.34550	1.34378	1.34902
3326	2025.07.15 14:00	GBPUSD.i	H1	1.34434	1.34537	1.34405	1.34891
3327	2025.07.15 15:00	GBPUSD.i	H1	1.34481	1.34533	1.34426	1.34879
3328	2025.07.15 16:00	GBPUSD.i	H1	1.34046	1.34378	1.34409	1.34864
3329	2025.07.15 17:00	GBPUSD.i	H1	1.33958	1.34173	1.34350	1.34842
3330	2025.07.15 18:00	GBPUSD.i	H1	1.33957	1.34021	1.34272	1.34817
3331	2025.07.15 19:00	GBPUSD.i	H1	1.33868	1.33917	1.34188	1.34792
3332	2025.07.15 20:00	GBPUSD.i	H1	1.33850	1.33832	1.34105	1.34766
3333	2025.07.15 21:00	GBPUSD.i	H1	1.33896	1.33807	1.34034	1.34741
3334	2025.07.15 22:00	GBPUSD.i	H1	1.33863	1.33794	1.33974	1.34717
3335	2025.07.15 23:00	GBPUSD.i	H1	1.33827	1.33776	1.33922	1.34693
3336	2025.07.16 00:00	GBPUSD.i	H1	1.33823	1.33760	1.33877	1.34669
3337	2025.07.16 01:00	GBPUSD.i	H1	1.33855	1.33769	1.33842	1.34646
3338	2025.07.16 02:00	GBPUSD.i	H1	1.33931	1.33812	1.33823	1.34624
3339	2025.07.16 03:00	GBPUSD.i	H1	1.33934	1.33855	1.33817	1.34604
3340	2025.07.16 04:00	GBPUSD.i	H1	1.33963	1.33902	1.33822	1.34586
3341	2025.07.16 05:00	GBPUSD.i	H1	1.33856	1.33898	1.33824	1.34568
3342	2025.07.16 06:00	GBPUSD.i	H1	1.33883	1.33894	1.33825	1.34549
3343	2025.07.16 07:00	GBPUSD.i	H1	1.33963	1.33916	1.33831	1.34531
3344	2025.07.16 08:00	GBPUSD.i	H1	1.33980	1.33945	1.33843	1.34515
3345	2025.07.16 09:00	GBPUSD.i	H1	1.34087	1.34013	1.33869	1.34501
3346	2025.07.16 10:00	GBPUSD.i	H1	1.33936	1.34012	1.33889	1.34487
3347	2025.07.16 11:00	GBPUSD.i	H1	1.33910	1.33992	1.33900	1.34473
3348	2025.07.16 12:00	GBPUSD.i	H1	1.33964	1.33970	1.33906	1.34458
3349	2025.07.16 13:00	GBPUSD.i	H1	1.34057	1.33995	1.33917	1.34444
3350	2025.07.16 14:00	GBPUSD.i	H1	1.34012	1.34022	1.33933	1.34432
3351	2025.07.16 15:00	GBPUSD.i	H1	1.33928	1.34003	1.33942	1.34420
3352	2025.07.16 16:00	GBPUSD.i	H1	1.33764	1.33910	1.33929	1.34405
3353	2025.07.16 17:00	GBPUSD.i	H1	1.33923	1.33885	1.33914	1.34389
3354	2025.07.16 18:00	GBPUSD.i	H1	1.34241	1.34100	1.33953	1.34381
3355	2025.07.16 19:00	GBPUSD.i	H1	1.34220	1.34202	1.34006	1.34379
3356	2025.07.16 20:00	GBPUSD.i	H1	1.34203	1.34263	1.34061	1.34376
3357	2025.07.16 21:00	GBPUSD.i	H1	1.34087	1.34226	1.34096	1.34371
3358	2025.07.16 22:00	GBPUSD.i	H1	1.34176	1.34206	1.34119	1.34364
3359	2025.07.16 23:00	GBPUSD.i	H1	1.34179	1.34210	1.34140	1.34359
3360	2025.07.17 00:00	GBPUSD.i	H1	1.34153	1.34201	1.34155	1.34354
3361	2025.07.17 01:00	GBPUSD.i	H1	1.34136	1.34189	1.34165	1.34348
3362	2025.07.17 02:00	GBPUSD.i	H1	1.34099	1.34161	1.34167	1.34342
3363	2025.07.17 03:00	GBPUSD.i	H1	1.33996	1.34094	1.34154	1.34335
3364	2025.07.17 04:00	GBPUSD.i	H1	1.34040	1.34043	1.34133	1.34326
3365	2025.07.17 05:00	GBPUSD.i	H1	1.33879	1.33975	1.34102	1.34316
3366	2025.07.17 06:00	GBPUSD.i	H1	1.33925	1.33919	1.34064	1.34305
3367	2025.07.17 07:00	GBPUSD.i	H1	1.33955	1.33902	1.34032	1.34294
3368	2025.07.17 08:00	GBPUSD.i	H1	1.33938	1.33904	1.34006	1.34284
3369	2025.07.17 09:00	GBPUSD.i	H1	1.33833	1.33868	1.33977	1.34273
3370	2025.07.17 10:00	GBPUSD.i	H1	1.33833	1.33852	1.33950	1.34262
3371	2025.07.17 11:00	GBPUSD.i	H1	1.34106	1.33909	1.33941	1.34253
3372	2025.07.17 12:00	GBPUSD.i	H1	1.33985	1.33954	1.33943	1.34247
3373	2025.07.17 13:00	GBPUSD.i	H1	1.34002	1.33969	1.33947	1.34240
3374	2025.07.17 14:00	GBPUSD.i	H1	1.33922	1.33955	1.33947	1.34232
3375	2025.07.17 15:00	GBPUSD.i	H1	1.34010	1.33963	1.33947	1.34224
3376	2025.07.17 16:00	GBPUSD.i	H1	1.33994	1.33984	1.33953	1.34218
3377	2025.07.17 17:00	GBPUSD.i	H1	1.34092	1.34024	1.33966	1.34213
3378	2025.07.17 18:00	GBPUSD.i	H1	1.34129	1.34083	1.33990	1.34209
3379	2025.07.17 19:00	GBPUSD.i	H1	1.34005	1.34086	1.34008	1.34206
3380	2025.07.17 20:00	GBPUSD.i	H1	1.34036	1.34074	1.34021	1.34202
3381	2025.07.17 21:00	GBPUSD.i	H1	1.34096	1.34085	1.34033	1.34198
3382	2025.07.17 22:00	GBPUSD.i	H1	1.34186	1.34131	1.34054	1.34196
3383	2025.07.17 23:00	GBPUSD.i	H1	1.34165	1.34161	1.34078	1.34195
3384	2025.07.18 00:00	GBPUSD.i	H1	1.34158	1.34162	1.34097	1.34194
3385	2025.07.18 01:00	GBPUSD.i	H1	1.34297	1.34220	1.34125	1.34194
3386	2025.07.18 02:00	GBPUSD.i	H1	1.34311	1.34284	1.34162	1.34196
3387	2025.07.18 03:00	GBPUSD.i	H1	1.34317	1.34325	1.34201	1.34200
3388	2025.07.18 04:00	GBPUSD.i	H1	1.34344	1.34358	1.34239	1.34203
3389	2025.07.18 05:00	GBPUSD.i	H1	1.34375	1.34377	1.34274	1.34207
3390	2025.07.18 06:00	GBPUSD.i	H1	1.34294	1.34368	1.34299	1.34211
3391	2025.07.18 07:00	GBPUSD.i	H1	1.34240	1.34329	1.34311	1.34213
3392	2025.07.18 08:00	GBPUSD.i	H1	1.34161	1.34263	1.34306	1.34213
3393	2025.07.18 09:00	GBPUSD.i	H1	1.34313	1.34254	1.34301	1.34213
3394	2025.07.18 10:00	GBPUSD.i	H1	1.34302	1.34284	1.34305	1.34215
3395	2025.07.18 11:00	GBPUSD.i	H1	1.34369	1.34324	1.34317	1.34219
3396	2025.07.18 12:00	GBPUSD.i	H1	1.34408	1.34364	1.34335	1.34223
3397	2025.07.18 13:00	GBPUSD.i	H1	1.34518	1.34424	1.34362	1.34229
3398	2025.07.18 14:00	GBPUSD.i	H1	1.34572	1.34498	1.34400	1.34237
3399	2025.07.18 15:00	GBPUSD.i	H1	1.34578	1.34568	1.34445	1.34246
3400	2025.07.18 16:00	GBPUSD.i	H1	1.34658	1.34632	1.34495	1.34257
3401	2025.07.18 17:00	GBPUSD.i	H1	1.34420	1.34598	1.34525	1.34266
3402	2025.07.18 18:00	GBPUSD.i	H1	1.34375	1.34519	1.34531	1.34271
3403	2025.07.18 19:00	GBPUSD.i	H1	1.34188	1.34392	1.34508	1.34272
3404	2025.07.18 20:00	GBPUSD.i	H1	1.34192	1.34275	1.34464	1.34271
3405	2025.07.18 21:00	GBPUSD.i	H1	1.34168	1.34202	1.34414	1.34268
3406	2025.07.18 22:00	GBPUSD.i	H1	1.34136	1.34139	1.34361	1.34265
3407	2025.07.18 23:00	GBPUSD.i	H1	1.34069	1.34083	1.34306	1.34261
3408	2025.07.21 00:00	GBPUSD.i	H1	1.34120	1.34071	1.34260	1.34256
3409	2025.07.21 01:00	GBPUSD.i	H1	1.34126	1.34066	1.34221	1.34253
3410	2025.07.21 02:00	GBPUSD.i	H1	1.34150	1.34078	1.34192	1.34250
3411	2025.07.21 03:00	GBPUSD.i	H1	1.34038	1.34063	1.34165	1.34246
3412	2025.07.21 04:00	GBPUSD.i	H1	1.34122	1.34062	1.34141	1.34242
3413	2025.07.21 05:00	GBPUSD.i	H1	1.34122	1.34072	1.34124	1.34238
3414	2025.07.21 06:00	GBPUSD.i	H1	1.34159	1.34098	1.34116	1.34235
3415	2025.07.21 07:00	GBPUSD.i	H1	1.34186	1.34128	1.34115	1.34233
3416	2025.07.21 08:00	GBPUSD.i	H1	1.34233	1.34171	1.34123	1.34232
3417	2025.07.21 09:00	GBPUSD.i	H1	1.34430	1.34267	1.34151	1.34233
3418	2025.07.21 10:00	GBPUSD.i	H1	1.34452	1.34361	1.34194	1.34238
3419	2025.07.21 11:00	GBPUSD.i	H1	1.34521	1.34469	1.34251	1.34245
3420	2025.07.21 12:00	GBPUSD.i	H1	1.34574	1.34537	1.34311	1.34253
3421	2025.07.21 13:00	GBPUSD.i	H1	1.34582	1.34579	1.34368	1.34261
3422	2025.07.21 14:00	GBPUSD.i	H1	1.34782	1.34681	1.34437	1.34271
3423	2025.07.21 15:00	GBPUSD.i	H1	1.34799	1.34777	1.34514	1.34284
3424	2025.07.21 16:00	GBPUSD.i	H1	1.34692	1.34796	1.34579	1.34297
3425	2025.07.21 17:00	GBPUSD.i	H1	1.34929	1.34869	1.34648	1.34311
3426	2025.07.21 18:00	GBPUSD.i	H1	1.34959	1.34972	1.34727	1.34328
3427	2025.07.21 19:00	GBPUSD.i	H1	1.34944	1.35007	1.34797	1.34346
3428	2025.07.21 20:00	GBPUSD.i	H1	1.34862	1.34991	1.34850	1.34362
3429	2025.07.21 21:00	GBPUSD.i	H1	1.34902	1.34974	1.34889	1.34377
3430	2025.07.21 22:00	GBPUSD.i	H1	1.34840	1.34945	1.34915	1.34391
3431	2025.07.21 23:00	GBPUSD.i	H1	1.34899	1.34931	1.34933	1.34404
3432	2025.07.22 00:00	GBPUSD.i	H1	1.34852	1.34905	1.34942	1.34417
3433	2025.07.22 01:00	GBPUSD.i	H1	1.34892	1.34900	1.34949	1.34430
3434	2025.07.22 02:00	GBPUSD.i	H1	1.34893	1.34893	1.34953	1.34442
3435	2025.07.22 03:00	GBPUSD.i	H1	1.34831	1.34866	1.34950	1.34454
3436	2025.07.22 04:00	GBPUSD.i	H1	1.34796	1.34830	1.34939	1.34464
3437	2025.07.22 05:00	GBPUSD.i	H1	1.34823	1.34820	1.34928	1.34474
3438	2025.07.22 06:00	GBPUSD.i	H1	1.34788	1.34799	1.34914	1.34483
3439	2025.07.22 07:00	GBPUSD.i	H1	1.34768	1.34776	1.34896	1.34492
3440	2025.07.22 08:00	GBPUSD.i	H1	1.34736	1.34746	1.34875	1.34499
3441	2025.07.22 09:00	GBPUSD.i	H1	1.34717	1.34711	1.34849	1.34505
3442	2025.07.22 10:00	GBPUSD.i	H1	1.34670	1.34677	1.34821	1.34511
3443	2025.07.22 11:00	GBPUSD.i	H1	1.34897	1.34729	1.34809	1.34517
3444	2025.07.22 12:00	GBPUSD.i	H1	1.34955	1.34814	1.34818	1.34527
3445	2025.07.22 13:00	GBPUSD.i	H1	1.34777	1.34830	1.34827	1.34537
3446	2025.07.22 14:00	GBPUSD.i	H1	1.34860	1.34833	1.34834	1.34546
3447	2025.07.22 15:00	GBPUSD.i	H1	1.34811	1.34829	1.34837	1.34553
3448	2025.07.22 16:00	GBPUSD.i	H1	1.34848	1.34833	1.34840	1.34561
3449	2025.07.22 17:00	GBPUSD.i	H1	1.35012	1.34885	1.34854	1.34570
3450	2025.07.22 18:00	GBPUSD.i	H1	1.35193	1.35006	1.34892	1.34583
3451	2025.07.22 19:00	GBPUSD.i	H1	1.35298	1.35154	1.34955	1.34600
3452	2025.07.22 20:00	GBPUSD.i	H1	1.35230	1.35233	1.35021	1.34618
3453	2025.07.22 21:00	GBPUSD.i	H1	1.35273	1.35278	1.35082	1.34635
3454	2025.07.22 22:00	GBPUSD.i	H1	1.35312	1.35323	1.35141	1.34653
3455	2025.07.22 23:00	GBPUSD.i	H1	1.35319	1.35348	1.35194	1.34671
3456	2025.07.23 00:00	GBPUSD.i	H1	1.35239	1.35331	1.35232	1.34688
3457	2025.07.23 01:00	GBPUSD.i	H1	1.35256	1.35317	1.35259	1.34703
3458	2025.07.23 02:00	GBPUSD.i	H1	1.35210	1.35301	1.35278	1.34718
3459	2025.07.23 03:00	GBPUSD.i	H1	1.35265	1.35282	1.35290	1.34733
3460	2025.07.23 04:00	GBPUSD.i	H1	1.35228	1.35262	1.35295	1.34747
3461	2025.07.23 05:00	GBPUSD.i	H1	1.35197	1.35243	1.35296	1.34760
3462	2025.07.23 06:00	GBPUSD.i	H1	1.35275	1.35257	1.35299	1.34774
3463	2025.07.23 07:00	GBPUSD.i	H1	1.35274	1.35262	1.35303	1.34787
3464	2025.07.23 08:00	GBPUSD.i	H1	1.35227	1.35252	1.35304	1.34800
3465	2025.07.23 09:00	GBPUSD.i	H1	1.35329	1.35259	1.35305	1.34813
3466	2025.07.23 10:00	GBPUSD.i	H1	1.35434	1.35334	1.35323	1.34828
3467	2025.07.23 11:00	GBPUSD.i	H1	1.35418	1.35384	1.35347	1.34844
3468	2025.07.23 12:00	GBPUSD.i	H1	1.35456	1.35420	1.35374	1.34860
3469	2025.07.23 13:00	GBPUSD.i	H1	1.35348	1.35416	1.35393	1.34876
3470	2025.07.23 14:00	GBPUSD.i	H1	1.35397	1.35412	1.35406	1.34890
3471	2025.07.23 15:00	GBPUSD.i	H1	1.35454	1.35415	1.35417	1.34904
3472	2025.07.23 16:00	GBPUSD.i	H1	1.35448	1.35407	1.35424	1.34918
3473	2025.07.23 17:00	GBPUSD.i	H1	1.35601	1.35476	1.35445	1.34933
3474	2025.07.23 18:00	GBPUSD.i	H1	1.35660	1.35572	1.35483	1.34951
3475	2025.07.23 19:00	GBPUSD.i	H1	1.35615	1.35616	1.35522	1.34970
3476	2025.07.23 20:00	GBPUSD.i	H1	1.35678	1.35660	1.35562	1.34989
3477	2025.07.23 21:00	GBPUSD.i	H1	1.35783	1.35729	1.35609	1.35009
3478	2025.07.23 22:00	GBPUSD.i	H1	1.35817	1.35792	1.35660	1.35030
3479	2025.07.23 23:00	GBPUSD.i	H1	1.35784	1.35825	1.35707	1.35052
3480	2025.07.24 00:00	GBPUSD.i	H1	1.35795	1.35825	1.35744	1.35072
3481	2025.07.24 01:00	GBPUSD.i	H1	1.35830	1.35848	1.35779	1.35092
3482	2025.07.24 02:00	GBPUSD.i	H1	1.35786	1.35851	1.35808	1.35113
3483	2025.07.24 03:00	GBPUSD.i	H1	1.35740	1.35816	1.35822	1.35131
3484	2025.07.24 04:00	GBPUSD.i	H1	1.35822	1.35824	1.35836	1.35149
3485	2025.07.24 05:00	GBPUSD.i	H1	1.35807	1.35819	1.35846	1.35168
3486	2025.07.24 06:00	GBPUSD.i	H1	1.35783	1.35814	1.35852	1.35185
3487	2025.07.24 07:00	GBPUSD.i	H1	1.35794	1.35802	1.35855	1.35202
3488	2025.07.24 08:00	GBPUSD.i	H1	1.35782	1.35794	1.35854	1.35218
3489	2025.07.24 09:00	GBPUSD.i	H1	1.35627	1.35734	1.35840	1.35232
3490	2025.07.24 10:00	GBPUSD.i	H1	1.35603	1.35666	1.35813	1.35244
3491	2025.07.24 11:00	GBPUSD.i	H1	1.35439	1.35572	1.35770	1.35253
3492	2025.07.24 12:00	GBPUSD.i	H1	1.35477	1.35487	1.35717	1.35259
3493	2025.07.24 13:00	GBPUSD.i	H1	1.35387	1.35420	1.35659	1.35264
3494	2025.07.24 14:00	GBPUSD.i	H1	1.35515	1.35408	1.35611	1.35269
3495	2025.07.24 15:00	GBPUSD.i	H1	1.35355	1.35374	1.35564	1.35273
3496	2025.07.24 16:00	GBPUSD.i	H1	1.35525	1.35388	1.35529	1.35278
3497	2025.07.24 17:00	GBPUSD.i	H1	1.35421	1.35397	1.35502	1.35283
3498	2025.07.24 18:00	GBPUSD.i	H1	1.35238	1.35329	1.35463	1.35286
3499	2025.07.24 19:00	GBPUSD.i	H1	1.35111	1.35215	1.35406	1.35284
3500	2025.07.24 20:00	GBPUSD.i	H1	1.35183	1.35170	1.35350	1.35280
3501	2025.07.24 21:00	GBPUSD.i	H1	1.35162	1.35139	1.35298	1.35278
3502	2025.07.24 22:00	GBPUSD.i	H1	1.35075	1.35097	1.35248	1.35274
3503	2025.07.24 23:00	GBPUSD.i	H1	1.35054	1.35052	1.35196	1.35269
3504	2025.07.25 00:00	GBPUSD.i	H1	1.35059	1.35026	1.35150	1.35263
3505	2025.07.25 01:00	GBPUSD.i	H1	1.35056	1.35013	1.35109	1.35257
3506	2025.07.25 02:00	GBPUSD.i	H1	1.35084	1.35021	1.35079	1.35252
3507	2025.07.25 03:00	GBPUSD.i	H1	1.35074	1.35030	1.35056	1.35247
3508	2025.07.25 04:00	GBPUSD.i	H1	1.34994	1.35017	1.35035	1.35242
3509	2025.07.25 05:00	GBPUSD.i	H1	1.34938	1.34973	1.35007	1.35235
3510	2025.07.25 06:00	GBPUSD.i	H1	1.34943	1.34941	1.34978	1.35226
3511	2025.07.25 07:00	GBPUSD.i	H1	1.34912	1.34918	1.34951	1.35218
3512	2025.07.25 08:00	GBPUSD.i	H1	1.35037	1.34941	1.34934	1.35211
3513	2025.07.25 09:00	GBPUSD.i	H1	1.34901	1.34922	1.34917	1.35204
3514	2025.07.25 10:00	GBPUSD.i	H1	1.34684	1.34835	1.34884	1.35194
3515	2025.07.25 11:00	GBPUSD.i	H1	1.34630	1.34736	1.34836	1.35180
3516	2025.07.25 12:00	GBPUSD.i	H1	1.34631	1.34642	1.34778	1.35165
3517	2025.07.25 13:00	GBPUSD.i	H1	1.34574	1.34582	1.34720	1.35149
3518	2025.07.25 14:00	GBPUSD.i	H1	1.34509	1.34511	1.34658	1.35132
3519	2025.07.25 15:00	GBPUSD.i	H1	1.34333	1.34409	1.34587	1.35113
3520	2025.07.25 16:00	GBPUSD.i	H1	1.34375	1.34323	1.34512	1.35091
3521	2025.07.25 17:00	GBPUSD.i	H1	1.34300	1.34289	1.34445	1.35070
3522	2025.07.25 18:00	GBPUSD.i	H1	1.34270	1.34246	1.34383	1.35049
3523	2025.07.25 19:00	GBPUSD.i	H1	1.34209	1.34200	1.34323	1.35027
3524	2025.07.25 20:00	GBPUSD.i	H1	1.34276	1.34195	1.34275	1.35005
3525	2025.07.25 21:00	GBPUSD.i	H1	1.34352	1.34230	1.34245	1.34985
3526	2025.07.25 22:00	GBPUSD.i	H1	1.34378	1.34277	1.34231	1.34967
3527	2025.07.25 23:00	GBPUSD.i	H1	1.34356	1.34301	1.34225	1.34950
3528	2025.07.28 00:00	GBPUSD.i	H1	1.34392	1.34323	1.34225	1.34933
3529	2025.07.28 01:00	GBPUSD.i	H1	1.34346	1.34350	1.34231	1.34917
3530	2025.07.28 02:00	GBPUSD.i	H1	1.34377	1.34370	1.34241	1.34902
3531	2025.07.28 03:00	GBPUSD.i	H1	1.34433	1.34408	1.34259	1.34888
3532	2025.07.28 04:00	GBPUSD.i	H1	1.34357	1.34417	1.34275	1.34875
3533	2025.07.28 05:00	GBPUSD.i	H1	1.34391	1.34410	1.34287	1.34861
3534	2025.07.28 06:00	GBPUSD.i	H1	1.34426	1.34417	1.34300	1.34848
3535	2025.07.28 07:00	GBPUSD.i	H1	1.34361	1.34410	1.34310	1.34835
3536	2025.07.28 08:00	GBPUSD.i	H1	1.34269	1.34365	1.34308	1.34822
3537	2025.07.28 09:00	GBPUSD.i	H1	1.34214	1.34286	1.34291	1.34806
3538	2025.07.28 10:00	GBPUSD.i	H1	1.34090	1.34217	1.34263	1.34788
3539	2025.07.28 11:00	GBPUSD.i	H1	1.34210	1.34190	1.34236	1.34771
3540	2025.07.28 12:00	GBPUSD.i	H1	1.34145	1.34170	1.34212	1.34755
3541	2025.07.28 13:00	GBPUSD.i	H1	1.34186	1.34154	1.34190	1.34738
3542	2025.07.28 14:00	GBPUSD.i	H1	1.34270	1.34162	1.34175	1.34723
3543	2025.07.28 15:00	GBPUSD.i	H1	1.34378	1.34234	1.34180	1.34710
3544	2025.07.28 16:00	GBPUSD.i	H1	1.34153	1.34226	1.34182	1.34698
3545	2025.07.28 17:00	GBPUSD.i	H1	1.34123	1.34194	1.34176	1.34684
3546	2025.07.28 18:00	GBPUSD.i	H1	1.33912	1.34091	1.34148	1.34667
3547	2025.07.28 19:00	GBPUSD.i	H1	1.33787	1.33947	1.34094	1.34646
3548	2025.07.28 20:00	GBPUSD.i	H1	1.33596	1.33777	1.34014	1.34621
3549	2025.07.28 21:00	GBPUSD.i	H1	1.33538	1.33625	1.33917	1.34592
3550	2025.07.28 22:00	GBPUSD.i	H1	1.33546	1.33529	1.33821	1.34563
3551	2025.07.28 23:00	GBPUSD.i	H1	1.33526	1.33478	1.33734	1.34535
3552	2025.07.29 00:00	GBPUSD.i	H1	1.33560	1.33462	1.33662	1.34507
3553	2025.07.29 01:00	GBPUSD.i	H1	1.33605	1.33475	1.33607	1.34481
3554	2025.07.29 02:00	GBPUSD.i	H1	1.33595	1.33496	1.33567	1.34456
3555	2025.07.29 03:00	GBPUSD.i	H1	1.33452	1.33473	1.33529	1.34431
3556	2025.07.29 04:00	GBPUSD.i	H1	1.33496	1.33469	1.33497	1.34405
3557	2025.07.29 05:00	GBPUSD.i	H1	1.33560	1.33486	1.33476	1.34381
3558	2025.07.29 06:00	GBPUSD.i	H1	1.33411	1.33465	1.33454	1.34356
3559	2025.07.29 07:00	GBPUSD.i	H1	1.33494	1.33450	1.33433	1.34331
3560	2025.07.29 08:00	GBPUSD.i	H1	1.33489	1.33460	1.33419	1.34308
3561	2025.07.29 09:00	GBPUSD.i	H1	1.33269	1.33401	1.33395	1.34283
3562	2025.07.29 10:00	GBPUSD.i	H1	1.33330	1.33334	1.33361	1.34256
3563	2025.07.29 11:00	GBPUSD.i	H1	1.33416	1.33349	1.33339	1.34231
3564	2025.07.29 12:00	GBPUSD.i	H1	1.33537	1.33420	1.33339	1.34209
3565	2025.07.29 13:00	GBPUSD.i	H1	1.33505	1.33480	1.33353	1.34190
3566	2025.07.29 14:00	GBPUSD.i	H1	1.33402	1.33451	1.33357	1.34170
3567	2025.07.29 15:00	GBPUSD.i	H1	1.33154	1.33358	1.33340	1.34147
3568	2025.07.29 16:00	GBPUSD.i	H1	1.33257	1.33276	1.33309	1.34121
3569	2025.07.29 17:00	GBPUSD.i	H1	1.33281	1.33250	1.33280	1.34096
3570	2025.07.29 18:00	GBPUSD.i	H1	1.33383	1.33291	1.33269	1.34074
3571	2025.07.29 19:00	GBPUSD.i	H1	1.33384	1.33345	1.33272	1.34055
3572	2025.07.29 20:00	GBPUSD.i	H1	1.33395	1.33389	1.33285	1.34037
3573	2025.07.29 21:00	GBPUSD.i	H1	1.33556	1.33446	1.33309	1.34021
3574	2025.07.29 22:00	GBPUSD.i	H1	1.33566	1.33525	1.33346	1.34008
3575	2025.07.29 23:00	GBPUSD.i	H1	1.33485	1.33543	1.33379	1.33995
3576	2025.07.30 00:00	GBPUSD.i	H1	1.33438	1.33519	1.33400	1.33981
3577	2025.07.30 01:00	GBPUSD.i	H1	1.33526	1.33526	1.33420	1.33967
3578	2025.07.30 02:00	GBPUSD.i	H1	1.33533	1.33538	1.33439	1.33954
3579	2025.07.30 03:00	GBPUSD.i	H1	1.33657	1.33588	1.33466	1.33943
3580	2025.07.30 04:00	GBPUSD.i	H1	1.33568	1.33615	1.33495	1.33934
3581	2025.07.30 05:00	GBPUSD.i	H1	1.33596	1.33624	1.33521	1.33925
3582	2025.07.30 06:00	GBPUSD.i	H1	1.33594	1.33636	1.33544	1.33916
3583	2025.07.30 07:00	GBPUSD.i	H1	1.33507	1.33600	1.33555	1.33907
3584	2025.07.30 08:00	GBPUSD.i	H1	1.33482	1.33560	1.33556	1.33896
3585	2025.07.30 09:00	GBPUSD.i	H1	1.33644	1.33567	1.33559	1.33886
3586	2025.07.30 10:00	GBPUSD.i	H1	1.33609	1.33598	1.33569	1.33878
3587	2025.07.30 11:00	GBPUSD.i	H1	1.33674	1.33628	1.33585	1.33871
3588	2025.07.30 12:00	GBPUSD.i	H1	1.33816	1.33701	1.33613	1.33867
3589	2025.07.30 13:00	GBPUSD.i	H1	1.33634	1.33717	1.33639	1.33863
3590	2025.07.30 14:00	GBPUSD.i	H1	1.33731	1.33713	1.33659	1.33858
3591	2025.07.30 15:00	GBPUSD.i	H1	1.33091	1.33532	1.33632	1.33848
3592	2025.07.30 16:00	GBPUSD.i	H1	1.32817	1.33211	1.33539	1.33828
3593	2025.07.30 17:00	GBPUSD.i	H1	1.32907	1.33001	1.33421	1.33802
3594	2025.07.30 18:00	GBPUSD.i	H1	1.32728	1.32830	1.33291	1.33775
3595	2025.07.30 19:00	GBPUSD.i	H1	1.32817	1.32729	1.33166	1.33747
3596	2025.07.30 20:00	GBPUSD.i	H1	1.32911	1.32726	1.33067	1.33722
3597	2025.07.30 21:00	GBPUSD.i	H1	1.32387	1.32618	1.32962	1.33695
3598	2025.07.30 22:00	GBPUSD.i	H1	1.32455	1.32455	1.32841	1.33662
3599	2025.07.30 23:00	GBPUSD.i	H1	1.32356	1.32362	1.32723	1.33628
3600	2025.07.31 00:00	GBPUSD.i	H1	1.32352	1.32274	1.32609	1.33593
3601	2025.07.31 01:00	GBPUSD.i	H1	1.32538	1.32302	1.32524	1.33560
3602	2025.07.31 02:00	GBPUSD.i	H1	1.32558	1.32369	1.32470	1.33530
3603	2025.07.31 03:00	GBPUSD.i	H1	1.32514	1.32403	1.32434	1.33502
3604	2025.07.31 04:00	GBPUSD.i	H1	1.32574	1.32442	1.32411	1.33475
3605	2025.07.31 05:00	GBPUSD.i	H1	1.32600	1.32497	1.32405	1.33450
3606	2025.07.31 06:00	GBPUSD.i	H1	1.32595	1.32528	1.32406	1.33425
3607	2025.07.31 07:00	GBPUSD.i	H1	1.32690	1.32592	1.32422	1.33402
3608	2025.07.31 08:00	GBPUSD.i	H1	1.32642	1.32643	1.32445	1.33382
3609	2025.07.31 09:00	GBPUSD.i	H1	1.32781	1.32711	1.32480	1.33363
3610	2025.07.31 10:00	GBPUSD.i	H1	1.32593	1.32686	1.32502	1.33344
3611	2025.07.31 11:00	GBPUSD.i	H1	1.32498	1.32616	1.32505	1.33322
3612	2025.07.31 12:00	GBPUSD.i	H1	1.32294	1.32502	1.32483	1.33297
3613	2025.07.31 13:00	GBPUSD.i	H1	1.32284	1.32371	1.32439	1.33270
3614	2025.07.31 14:00	GBPUSD.i	H1	1.32393	1.32340	1.32400	1.33242
3615	2025.07.31 15:00	GBPUSD.i	H1	1.32164	1.32263	1.32353	1.33216
3616	2025.07.31 16:00	GBPUSD.i	H1	1.31888	1.32103	1.32281	1.33185
3617	2025.07.31 17:00	GBPUSD.i	H1	1.32319	1.32108	1.32228	1.33154
3618	2025.07.31 18:00	GBPUSD.i	H1	1.32197	1.32147	1.32195	1.33128
3619	2025.07.31 19:00	GBPUSD.i	H1	1.32229	1.32182	1.32178	1.33104
3620	2025.07.31 20:00	GBPUSD.i	H1	1.32036	1.32129	1.32151	1.33078
3621	2025.07.31 21:00	GBPUSD.i	H1	1.32188	1.32120	1.32128	1.33052
3622	2025.07.31 22:00	GBPUSD.i	H1	1.32063	1.32113	1.32109	1.33026
3623	2025.07.31 23:00	GBPUSD.i	H1	1.32026	1.32069	1.32084	1.33000
3624	2025.08.01 00:00	GBPUSD.i	H1	1.31995	1.32031	1.32056	1.32973
3625	2025.08.01 01:00	GBPUSD.i	H1	1.32062	1.32020	1.32032	1.32947
3626	2025.08.01 02:00	GBPUSD.i	H1	1.32076	1.32029	1.32016	1.32922
3627	2025.08.01 03:00	GBPUSD.i	H1	1.32100	1.32046	1.32007	1.32898
3628	2025.08.01 04:00	GBPUSD.i	H1	1.31957	1.32022	1.31995	1.32874
3629	2025.08.01 05:00	GBPUSD.i	H1	1.31954	1.31980	1.31977	1.32849
3630	2025.08.01 06:00	GBPUSD.i	H1	1.32008	1.31981	1.31963	1.32825
3631	2025.08.01 07:00	GBPUSD.i	H1	1.31990	1.31975	1.31952	1.32802
3632	2025.08.01 08:00	GBPUSD.i	H1	1.32026	1.31991	1.31947	1.32780
3633	2025.08.01 09:00	GBPUSD.i	H1	1.32045	1.32020	1.31950	1.32759
3634	2025.08.01 10:00	GBPUSD.i	H1	1.31947	1.31994	1.31947	1.32738
3635	2025.08.01 11:00	GBPUSD.i	H1	1.31606	1.31860	1.31915	1.32713
3636	2025.08.01 12:00	GBPUSD.i	H1	1.31478	1.31679	1.31849	1.32683
3637	2025.08.01 13:00	GBPUSD.i	H1	1.31669	1.31608	1.31783	1.32652
3638	2025.08.01 14:00	GBPUSD.i	H1	1.31584	1.31584	1.31727	1.32623
3639	2025.08.01 15:00	GBPUSD.i	H1	1.32851	1.31965	1.31771	1.32606
3640	2025.08.01 16:00	GBPUSD.i	H1	1.32700	1.32397	1.31903	1.32607
3641	2025.08.01 17:00	GBPUSD.i	H1	1.32635	1.32613	1.32052	1.32611
3642	2025.08.01 18:00	GBPUSD.i	H1	1.32579	1.32682	1.32182	1.32612
3643	2025.08.01 19:00	GBPUSD.i	H1	1.32450	1.32675	1.32284	1.32610
3644	2025.08.01 20:00	GBPUSD.i	H1	1.32288	1.32558	1.32338	1.32604
3645	2025.08.01 21:00	GBPUSD.i	H1	1.32263	1.32488	1.32369	1.32596
3646	2025.08.01 22:00	GBPUSD.i	H1	1.32611	1.32540	1.32408	1.32592
3647	2025.08.01 23:00	GBPUSD.i	H1	1.32761	1.32677	1.32473	1.32593
3648	2025.08.04 00:00	GBPUSD.i	H1	1.32713	1.32742	1.32540	1.32598
3649	2025.08.04 01:00	GBPUSD.i	H1	1.32780	1.32800	1.32607	1.32602
3650	2025.08.04 02:00	GBPUSD.i	H1	1.32910	1.32869	1.32676	1.32608
3651	2025.08.04 03:00	GBPUSD.i	H1	1.32615	1.32830	1.32722	1.32613
3652	2025.08.04 04:00	GBPUSD.i	H1	1.32765	1.32790	1.32750	1.32616
3653	2025.08.04 05:00	GBPUSD.i	H1	1.32812	1.32809	1.32778	1.32619
3654	2025.08.04 06:00	GBPUSD.i	H1	1.32830	1.32842	1.32808	1.32625
3655	2025.08.04 07:00	GBPUSD.i	H1	1.32779	1.32842	1.32833	1.32631
3656	2025.08.04 08:00	GBPUSD.i	H1	1.32758	1.32815	1.32845	1.32635
3657	2025.08.04 09:00	GBPUSD.i	H1	1.32839	1.32819	1.32857	1.32639
3658	2025.08.04 10:00	GBPUSD.i	H1	1.32767	1.32791	1.32859	1.32643
3659	2025.08.04 11:00	GBPUSD.i	H1	1.32777	1.32765	1.32855	1.32646
3660	2025.08.04 12:00	GBPUSD.i	H1	1.32923	1.32831	1.32866	1.32651
3661	2025.08.04 13:00	GBPUSD.i	H1	1.32969	1.32860	1.32881	1.32658
3662	2025.08.04 14:00	GBPUSD.i	H1	1.32948	1.32931	1.32908	1.32666
3663	2025.08.04 15:00	GBPUSD.i	H1	1.32978	1.32962	1.32935	1.32675
3664	2025.08.04 16:00	GBPUSD.i	H1	1.33018	1.33009	1.32966	1.32684
3665	2025.08.04 17:00	GBPUSD.i	H1	1.32934	1.33038	1.32995	1.32694
3666	2025.08.04 18:00	GBPUSD.i	H1	1.32875	1.32977	1.33004	1.32701
3667	2025.08.04 19:00	GBPUSD.i	H1	1.32852	1.32920	1.32998	1.32706
3668	2025.08.04 20:00	GBPUSD.i	H1	1.32817	1.32864	1.32980	1.32709
3669	2025.08.04 21:00	GBPUSD.i	H1	1.32756	1.32813	1.32955	1.32712
3670	2025.08.04 22:00	GBPUSD.i	H1	1.32763	1.32775	1.32926	1.32714
3671	2025.08.04 23:00	GBPUSD.i	H1	1.32831	1.32779	1.32904	1.32716
3672	2025.08.05 00:00	GBPUSD.i	H1	1.32786	1.32778	1.32886	1.32719
3673	2025.08.05 01:00	GBPUSD.i	H1	1.32925	1.32811	1.32878	1.32722
3674	2025.08.05 02:00	GBPUSD.i	H1	1.32976	1.32876	1.32885	1.32727
3675	2025.08.05 03:00	GBPUSD.i	H1	1.32987	1.32924	1.32901	1.32734
3676	2025.08.05 04:00	GBPUSD.i	H1	1.32892	1.32928	1.32912	1.32740
3677	2025.08.05 05:00	GBPUSD.i	H1	1.32841	1.32894	1.32913	1.32744
3678	2025.08.05 06:00	GBPUSD.i	H1	1.32770	1.32846	1.32902	1.32746
3679	2025.08.05 07:00	GBPUSD.i	H1	1.32858	1.32833	1.32890	1.32748
3680	2025.08.05 08:00	GBPUSD.i	H1	1.32746	1.32797	1.32872	1.32749
3681	2025.08.05 09:00	GBPUSD.i	H1	1.32791	1.32795	1.32858	1.32751
3682	2025.08.05 10:00	GBPUSD.i	H1	1.32727	1.32769	1.32841	1.32752
3683	2025.08.05 11:00	GBPUSD.i	H1	1.32798	1.32766	1.32826	1.32752
3684	2025.08.05 12:00	GBPUSD.i	H1	1.32923	1.32813	1.32825	1.32754
3685	2025.08.05 13:00	GBPUSD.i	H1	1.32862	1.32844	1.32831	1.32758
3686	2025.08.05 14:00	GBPUSD.i	H1	1.32806	1.32813	1.32827	1.32760
3687	2025.08.05 15:00	GBPUSD.i	H1	1.32818	1.32808	1.32823	1.32761
3688	2025.08.05 16:00	GBPUSD.i	H1	1.32748	1.32800	1.32818	1.32762
3689	2025.08.05 17:00	GBPUSD.i	H1	1.32898	1.32816	1.32817	1.32763
3690	2025.08.05 18:00	GBPUSD.i	H1	1.33073	1.32914	1.32839	1.32768
3691	2025.08.05 19:00	GBPUSD.i	H1	1.33095	1.33016	1.32879	1.32776
3692	2025.08.05 20:00	GBPUSD.i	H1	1.33044	1.33065	1.32921	1.32785
3693	2025.08.05 21:00	GBPUSD.i	H1	1.32950	1.33044	1.32948	1.32791
3694	2025.08.05 22:00	GBPUSD.i	H1	1.32961	1.33011	1.32963	1.32796
3695	2025.08.05 23:00	GBPUSD.i	H1	1.32993	1.33006	1.32973	1.32800
3696	2025.08.06 00:00	GBPUSD.i	H1	1.32938	1.32977	1.32976	1.32805
3697	2025.08.06 01:00	GBPUSD.i	H1	1.32972	1.32971	1.32978	1.32808
3698	2025.08.06 02:00	GBPUSD.i	H1	1.32984	1.32979	1.32981	1.32813
3699	2025.08.06 03:00	GBPUSD.i	H1	1.33007	1.32998	1.32989	1.32818
3700	2025.08.06 04:00	GBPUSD.i	H1	1.32978	1.32992	1.32993	1.32823
3701	2025.08.06 05:00	GBPUSD.i	H1	1.33007	1.33000	1.32998	1.32828
3702	2025.08.06 06:00	GBPUSD.i	H1	1.33091	1.33034	1.33010	1.32834
3703	2025.08.06 07:00	GBPUSD.i	H1	1.33116	1.33077	1.33030	1.32841
3704	2025.08.06 08:00	GBPUSD.i	H1	1.33052	1.33081	1.33045	1.32847
3705	2025.08.06 09:00	GBPUSD.i	H1	1.33016	1.33068	1.33054	1.32853
3706	2025.08.06 10:00	GBPUSD.i	H1	1.33030	1.33034	1.33053	1.32858
3707	2025.08.06 11:00	GBPUSD.i	H1	1.32838	1.32966	1.33037	1.32860
3708	2025.08.06 12:00	GBPUSD.i	H1	1.32981	1.32948	1.33021	1.32862
3709	2025.08.06 13:00	GBPUSD.i	H1	1.33172	1.33023	1.33026	1.32866
3710	2025.08.06 14:00	GBPUSD.i	H1	1.33177	1.33109	1.33049	1.32874
3711	2025.08.06 15:00	GBPUSD.i	H1	1.33171	1.33141	1.33073	1.32883
3712	2025.08.06 16:00	GBPUSD.i	H1	1.33256	1.33197	1.33105	1.32891
3713	2025.08.06 17:00	GBPUSD.i	H1	1.33305	1.33240	1.33139	1.32901
3714	2025.08.06 18:00	GBPUSD.i	H1	1.33583	1.33378	1.33197	1.32914
3715	2025.08.06 19:00	GBPUSD.i	H1	1.33471	1.33472	1.33263	1.32930
3716	2025.08.06 20:00	GBPUSD.i	H1	1.33555	1.33541	1.33331	1.32947
3717	2025.08.06 21:00	GBPUSD.i	H1	1.33629	1.33618	1.33401	1.32964
3718	2025.08.06 22:00	GBPUSD.i	H1	1.33568	1.33644	1.33463	1.32982
3719	2025.08.06 23:00	GBPUSD.i	H1	1.33554	1.33635	1.33510	1.32998
3720	2025.08.07 00:00	GBPUSD.i	H1	1.33510	1.33604	1.33541	1.33013
3721	2025.08.07 01:00	GBPUSD.i	H1	1.33581	1.33601	1.33566	1.33027
3722	2025.08.07 02:00	GBPUSD.i	H1	1.33578	1.33605	1.33587	1.33042
3723	2025.08.07 03:00	GBPUSD.i	H1	1.33480	1.33570	1.33597	1.33056
3724	2025.08.07 04:00	GBPUSD.i	H1	1.33545	1.33556	1.33602	1.33069
3725	2025.08.07 05:00	GBPUSD.i	H1	1.33519	1.33549	1.33604	1.33082
3726	2025.08.07 06:00	GBPUSD.i	H1	1.33597	1.33555	1.33607	1.33095
3727	2025.08.07 07:00	GBPUSD.i	H1	1.33683	1.33600	1.33620	1.33109
3728	2025.08.07 08:00	GBPUSD.i	H1	1.33701	1.33643	1.33639	1.33125
3729	2025.08.07 09:00	GBPUSD.i	H1	1.33745	1.33690	1.33664	1.33141
3730	2025.08.07 10:00	GBPUSD.i	H1	1.33745	1.33725	1.33690	1.33157
3731	2025.08.07 11:00	GBPUSD.i	H1	1.33692	1.33729	1.33711	1.33173
3732	2025.08.07 12:00	GBPUSD.i	H1	1.33682	1.33718	1.33725	1.33188
3733	2025.08.07 13:00	GBPUSD.i	H1	1.33779	1.33735	1.33739	1.33202
3734	2025.08.07 14:00	GBPUSD.i	H1	1.34128	1.33899	1.33788	1.33222
3735	2025.08.07 15:00	GBPUSD.i	H1	1.34208	1.34086	1.33867	1.33247
3736	2025.08.07 16:00	GBPUSD.i	H1	1.34245	1.34200	1.33954	1.33275
3737	2025.08.07 17:00	GBPUSD.i	H1	1.34037	1.34191	1.34019	1.33299
3738	2025.08.07 18:00	GBPUSD.i	H1	1.34313	1.34228	1.34079	1.33323
3739	2025.08.07 19:00	GBPUSD.i	H1	1.34298	1.34293	1.34141	1.33348
3740	2025.08.07 20:00	GBPUSD.i	H1	1.34204	1.34304	1.34193	1.33373
3741	2025.08.07 21:00	GBPUSD.i	H1	1.34101	1.34248	1.34221	1.33396
3742	2025.08.07 22:00	GBPUSD.i	H1	1.34431	1.34297	1.34255	1.33419
3743	2025.08.07 23:00	GBPUSD.i	H1	1.34411	1.34382	1.34302	1.33445
3744	2025.08.08 00:00	GBPUSD.i	H1	1.34381	1.34404	1.34344	1.33472
3745	2025.08.08 01:00	GBPUSD.i	H1	1.34482	1.34446	1.34386	1.33498
3746	2025.08.08 02:00	GBPUSD.i	H1	1.34510	1.34493	1.34430	1.33525
3747	2025.08.08 03:00	GBPUSD.i	H1	1.34480	1.34510	1.34468	1.33552
3748	2025.08.08 04:00	GBPUSD.i	H1	1.34372	1.34479	1.34490	1.33577
3749	2025.08.08 05:00	GBPUSD.i	H1	1.34426	1.34460	1.34503	1.33600
3750	2025.08.08 06:00	GBPUSD.i	H1	1.34390	1.34431	1.34507	1.33622
3751	2025.08.08 07:00	GBPUSD.i	H1	1.34354	1.34400	1.34502	1.33643
3752	2025.08.08 08:00	GBPUSD.i	H1	1.34257	1.34340	1.34485	1.33662
3753	2025.08.08 09:00	GBPUSD.i	H1	1.34291	1.34300	1.34462	1.33680
3754	2025.08.08 10:00	GBPUSD.i	H1	1.34418	1.34332	1.34451	1.33698
3755	2025.08.08 11:00	GBPUSD.i	H1	1.34345	1.34342	1.34443	1.33717
3756	2025.08.08 12:00	GBPUSD.i	H1	1.34469	1.34382	1.34445	1.33736
3757	2025.08.08 13:00	GBPUSD.i	H1	1.34422	1.34392	1.34447	1.33756
3758	2025.08.08 14:00	GBPUSD.i	H1	1.34406	1.34409	1.34451	1.33774
3759	2025.08.08 15:00	GBPUSD.i	H1	1.34229	1.34343	1.34438	1.33790
3760	2025.08.08 16:00	GBPUSD.i	H1	1.34281	1.34317	1.34421	1.33804
3761	2025.08.08 17:00	GBPUSD.i	H1	1.34382	1.34333	1.34410	1.33819
3762	2025.08.08 18:00	GBPUSD.i	H1	1.34422	1.34379	1.34412	1.33835
3763	2025.08.08 19:00	GBPUSD.i	H1	1.34475	1.34411	1.34420	1.33852
3764	2025.08.08 20:00	GBPUSD.i	H1	1.34534	1.34467	1.34437	1.33870
3765	2025.08.08 21:00	GBPUSD.i	H1	1.34529	1.34499	1.34457	1.33888
3766	2025.08.08 22:00	GBPUSD.i	H1	1.34500	1.34504	1.34473	1.33905
3767	2025.08.08 23:00	GBPUSD.i	H1	1.34468	1.34501	1.34485	1.33921
3768	2025.08.11 00:00	GBPUSD.i	H1	1.34358	1.34435	1.34478	1.33935
3769	2025.08.11 01:00	GBPUSD.i	H1	1.34423	1.34431	1.34473	1.33947
3770	2025.08.11 02:00	GBPUSD.i	H1	1.34432	1.34432	1.34469	1.33961
3771	2025.08.11 03:00	GBPUSD.i	H1	1.34425	1.34421	1.34463	1.33974
3772	2025.08.11 04:00	GBPUSD.i	H1	1.34511	1.34445	1.34464	1.33987
3773	2025.08.11 05:00	GBPUSD.i	H1	1.34556	1.34497	1.34476	1.34002
3774	2025.08.11 06:00	GBPUSD.i	H1	1.34653	1.34562	1.34500	1.34018
3775	2025.08.11 07:00	GBPUSD.i	H1	1.34663	1.34622	1.34531	1.34035
3776	2025.08.11 08:00	GBPUSD.i	H1	1.34678	1.34661	1.34565	1.34053
3777	2025.08.11 09:00	GBPUSD.i	H1	1.34688	1.34700	1.34599	1.34070
3778	2025.08.11 10:00	GBPUSD.i	H1	1.34537	1.34655	1.34616	1.34086
3779	2025.08.11 11:00	GBPUSD.i	H1	1.34646	1.34645	1.34627	1.34100
3780	2025.08.11 12:00	GBPUSD.i	H1	1.34536	1.34615	1.34629	1.34113
3781	2025.08.11 13:00	GBPUSD.i	H1	1.34461	1.34561	1.34619	1.34125
3782	2025.08.11 14:00	GBPUSD.i	H1	1.34301	1.34450	1.34587	1.34133
3783	2025.08.11 15:00	GBPUSD.i	H1	1.34231	1.34324	1.34533	1.34137
3784	2025.08.11 16:00	GBPUSD.i	H1	1.34211	1.34245	1.34473	1.34140
3785	2025.08.11 17:00	GBPUSD.i	H1	1.34070	1.34136	1.34402	1.34140
3786	2025.08.11 18:00	GBPUSD.i	H1	1.34145	1.34082	1.34333	1.34139
3787	2025.08.11 19:00	GBPUSD.i	H1	1.34247	1.34106	1.34285	1.34140
3788	2025.08.11 20:00	GBPUSD.i	H1	1.34300	1.34151	1.34255	1.34143
3789	2025.08.11 21:00	GBPUSD.i	H1	1.34353	1.34219	1.34246	1.34147
3790	2025.08.11 22:00	GBPUSD.i	H1	1.34275	1.34244	1.34242	1.34152
3791	2025.08.11 23:00	GBPUSD.i	H1	1.34303	1.34272	1.34244	1.34156
3792	2025.08.12 00:00	GBPUSD.i	H1	1.34284	1.34269	1.34244	1.34159
3793	2025.08.12 01:00	GBPUSD.i	H1	1.34334	1.34293	1.34249	1.34163
3794	2025.08.12 02:00	GBPUSD.i	H1	1.34337	1.34319	1.34258	1.34168
3795	2025.08.12 03:00	GBPUSD.i	H1	1.34303	1.34326	1.34267	1.34172
3796	2025.08.12 04:00	GBPUSD.i	H1	1.34312	1.34333	1.34276	1.34176
3797	2025.08.12 05:00	GBPUSD.i	H1	1.34373	1.34348	1.34286	1.34181
3798	2025.08.12 06:00	GBPUSD.i	H1	1.34329	1.34355	1.34297	1.34185
3799	2025.08.12 07:00	GBPUSD.i	H1	1.34383	1.34355	1.34305	1.34190
3800	2025.08.12 08:00	GBPUSD.i	H1	1.34242	1.34327	1.34306	1.34193
3801	2025.08.12 09:00	GBPUSD.i	H1	1.34340	1.34338	1.34309	1.34196
3802	2025.08.12 10:00	GBPUSD.i	H1	1.34589	1.34421	1.34332	1.34203
3803	2025.08.12 11:00	GBPUSD.i	H1	1.34689	1.34535	1.34376	1.34213
3804	2025.08.12 12:00	GBPUSD.i	H1	1.34595	1.34598	1.34424	1.34224
3805	2025.08.12 13:00	GBPUSD.i	H1	1.34570	1.34621	1.34467	1.34235
3806	2025.08.12 14:00	GBPUSD.i	H1	1.34571	1.34608	1.34499	1.34244
3807	2025.08.12 15:00	GBPUSD.i	H1	1.34855	1.34737	1.34554	1.34256
3808	2025.08.12 16:00	GBPUSD.i	H1	1.34880	1.34817	1.34616	1.34272
3809	2025.08.12 17:00	GBPUSD.i	H1	1.34881	1.34884	1.34680	1.34288
3810	2025.08.12 18:00	GBPUSD.i	H1	1.35066	1.35005	1.34758	1.34307
3811	2025.08.12 19:00	GBPUSD.i	H1	1.35155	1.35107	1.34843	1.34329
3812	2025.08.12 20:00	GBPUSD.i	H1	1.35073	1.35153	1.34921	1.34351
3813	2025.08.12 21:00	GBPUSD.i	H1	1.34956	1.35122	1.34976	1.34370
3814	2025.08.12 22:00	GBPUSD.i	H1	1.34953	1.35064	1.35007	1.34387
3815	2025.08.12 23:00	GBPUSD.i	H1	1.34984	1.35037	1.35027	1.34402
3816	2025.08.13 00:00	GBPUSD.i	H1	1.34957	1.35012	1.35038	1.34418
3817	2025.08.13 01:00	GBPUSD.i	H1	1.35001	1.35005	1.35046	1.34433
3818	2025.08.13 02:00	GBPUSD.i	H1	1.35042	1.35021	1.35057	1.34449
3819	2025.08.13 03:00	GBPUSD.i	H1	1.35024	1.35023	1.35066	1.34465
3820	2025.08.13 04:00	GBPUSD.i	H1	1.34987	1.35020	1.35072	1.34481
3821	2025.08.13 05:00	GBPUSD.i	H1	1.35028	1.35011	1.35074	1.34495
3822	2025.08.13 06:00	GBPUSD.i	H1	1.35030	1.35020	1.35077	1.34510
3823	2025.08.13 07:00	GBPUSD.i	H1	1.35046	1.35027	1.35081	1.34524
3824	2025.08.13 08:00	GBPUSD.i	H1	1.35071	1.35035	1.35085	1.34539
3825	2025.08.13 09:00	GBPUSD.i	H1	1.35157	1.35082	1.35098	1.34554
3826	2025.08.13 10:00	GBPUSD.i	H1	1.35451	1.35222	1.35139	1.34573
3827	2025.08.13 11:00	GBPUSD.i	H1	1.35572	1.35398	1.35210	1.34598
3828	2025.08.13 12:00	GBPUSD.i	H1	1.35763	1.35582	1.35306	1.34626
3829	2025.08.13 13:00	GBPUSD.i	H1	1.35681	1.35695	1.35406	1.34656
3830	2025.08.13 14:00	GBPUSD.i	H1	1.35767	1.35769	1.35500	1.34686
3831	2025.08.13 15:00	GBPUSD.i	H1	1.35603	1.35772	1.35574	1.34714
3832	2025.08.13 16:00	GBPUSD.i	H1	1.35740	1.35774	1.35634	1.34741
3833	2025.08.13 17:00	GBPUSD.i	H1	1.35718	1.35800	1.35688	1.34768
3834	2025.08.13 18:00	GBPUSD.i	H1	1.35710	1.35781	1.35727	1.34794
3835	2025.08.13 19:00	GBPUSD.i	H1	1.35732	1.35782	1.35758	1.34820
3836	2025.08.13 20:00	GBPUSD.i	H1	1.35704	1.35769	1.35781	1.34845
3837	2025.08.13 21:00	GBPUSD.i	H1	1.35672	1.35734	1.35791	1.34869
3838	2025.08.13 22:00	GBPUSD.i	H1	1.35737	1.35725	1.35798	1.34892
3839	2025.08.13 23:00	GBPUSD.i	H1	1.35754	1.35745	1.35807	1.34915
3840	2025.08.14 00:00	GBPUSD.i	H1	1.35675	1.35713	1.35807	1.34937
3841	2025.08.14 01:00	GBPUSD.i	H1	1.35800	1.35732	1.35811	1.34959
3842	2025.08.14 02:00	GBPUSD.i	H1	1.35852	1.35780	1.35824	1.34982
3843	2025.08.14 03:00	GBPUSD.i	H1	1.35857	1.35817	1.35841	1.35006
3844	2025.08.14 04:00	GBPUSD.i	H1	1.35835	1.35843	1.35859	1.35030
3845	2025.08.14 05:00	GBPUSD.i	H1	1.35776	1.35820	1.35867	1.35052
3846	2025.08.14 06:00	GBPUSD.i	H1	1.35736	1.35783	1.35864	1.35072
3847	2025.08.14 07:00	GBPUSD.i	H1	1.35757	1.35763	1.35856	1.35090
3848	2025.08.14 08:00	GBPUSD.i	H1	1.35726	1.35739	1.35844	1.35108
3849	2025.08.14 09:00	GBPUSD.i	H1	1.35789	1.35755	1.35838	1.35126
3850	2025.08.14 10:00	GBPUSD.i	H1	1.35731	1.35759	1.35833	1.35145
3851	2025.08.14 11:00	GBPUSD.i	H1	1.35720	1.35738	1.35823	1.35161
3852	2025.08.14 12:00	GBPUSD.i	H1	1.35780	1.35759	1.35819	1.35178
3853	2025.08.14 13:00	GBPUSD.i	H1	1.35809	1.35791	1.35823	1.35196
3854	2025.08.14 14:00	GBPUSD.i	H1	1.35738	1.35779	1.35822	1.35213
3855	2025.08.14 15:00	GBPUSD.i	H1	1.35530	1.35692	1.35800	1.35226
3856	2025.08.14 16:00	GBPUSD.i	H1	1.35351	1.35547	1.35749	1.35234
3857	2025.08.14 17:00	GBPUSD.i	H1	1.35559	1.35491	1.35697	1.35240
3858	2025.08.14 18:00	GBPUSD.i	H1	1.35298	1.35406	1.35637	1.35245
3859	2025.08.14 19:00	GBPUSD.i	H1	1.35232	1.35295	1.35563	1.35247
3860	2025.08.14 20:00	GBPUSD.i	H1	1.35319	1.35252	1.35496	1.35248
3861	2025.08.14 21:00	GBPUSD.i	H1	1.35330	1.35237	1.35438	1.35249
3862	2025.08.14 22:00	GBPUSD.i	H1	1.35368	1.35262	1.35398	1.35252
3863	2025.08.14 23:00	GBPUSD.i	H1	1.35279	1.35261	1.35364	1.35254
3864	2025.08.15 00:00	GBPUSD.i	H1	1.35272	1.35246	1.35332	1.35255
3865	2025.08.15 01:00	GBPUSD.i	H1	1.35286	1.35242	1.35305	1.35256
3866	2025.08.15 02:00	GBPUSD.i	H1	1.35297	1.35251	1.35285	1.35257
3867	2025.08.15 03:00	GBPUSD.i	H1	1.35342	1.35274	1.35273	1.35258
3868	2025.08.15 04:00	GBPUSD.i	H1	1.35372	1.35310	1.35272	1.35260
3869	2025.08.15 05:00	GBPUSD.i	H1	1.35433	1.35359	1.35282	1.35264
3870	2025.08.15 06:00	GBPUSD.i	H1	1.35473	1.35421	1.35303	1.35269
3871	2025.08.15 07:00	GBPUSD.i	H1	1.35476	1.35460	1.35328	1.35274
3872	2025.08.15 08:00	GBPUSD.i	H1	1.35517	1.35494	1.35356	1.35280
3873	2025.08.15 09:00	GBPUSD.i	H1	1.35528	1.35517	1.35383	1.35286
3874	2025.08.15 10:00	GBPUSD.i	H1	1.35553	1.35549	1.35412	1.35293
3875	2025.08.15 11:00	GBPUSD.i	H1	1.35466	1.35547	1.35436	1.35299
3876	2025.08.15 12:00	GBPUSD.i	H1	1.35569	1.35559	1.35458	1.35305
3877	2025.08.15 13:00	GBPUSD.i	H1	1.35589	1.35585	1.35482	1.35312
3878	2025.08.15 14:00	GBPUSD.i	H1	1.35598	1.35607	1.35507	1.35320
3879	2025.08.15 15:00	GBPUSD.i	H1	1.35611	1.35613	1.35529	1.35327
3880	2025.08.15 16:00	GBPUSD.i	H1	1.35666	1.35647	1.35555	1.35336
3881	2025.08.15 17:00	GBPUSD.i	H1	1.35595	1.35655	1.35577	1.35344
3882	2025.08.15 18:00	GBPUSD.i	H1	1.35625	1.35663	1.35598	1.35352
3883	2025.08.15 19:00	GBPUSD.i	H1	1.35574	1.35637	1.35608	1.35359
3884	2025.08.15 20:00	GBPUSD.i	H1	1.35553	1.35604	1.35610	1.35365
3885	2025.08.15 21:00	GBPUSD.i	H1	1.35538	1.35575	1.35605	1.35370
3886	2025.08.15 22:00	GBPUSD.i	H1	1.35552	1.35555	1.35598	1.35375
3887	2025.08.15 23:00	GBPUSD.i	H1	1.35496	1.35534	1.35587	1.35379
3888	2025.08.18 00:00	GBPUSD.i	H1	1.35557	1.35531	1.35579	1.35384
3889	2025.08.18 01:00	GBPUSD.i	H1	1.35614	1.35552	1.35577	1.35389
3890	2025.08.18 02:00	GBPUSD.i	H1	1.35559	1.35559	1.35576	1.35394
3891	2025.08.18 03:00	GBPUSD.i	H1	1.35530	1.35557	1.35575	1.35399
3892	2025.08.18 04:00	GBPUSD.i	H1	1.35589	1.35559	1.35575	1.35403
3893	2025.08.18 05:00	GBPUSD.i	H1	1.35499	1.35544	1.35570	1.35407
3894	2025.08.18 06:00	GBPUSD.i	H1	1.35561	1.35541	1.35566	1.35411
3895	2025.08.18 07:00	GBPUSD.i	H1	1.35627	1.35571	1.35569	1.35416
3896	2025.08.18 08:00	GBPUSD.i	H1	1.35613	1.35593	1.35576	1.35421
3897	2025.08.18 09:00	GBPUSD.i	H1	1.35452	1.35549	1.35572	1.35425
3898	2025.08.18 10:00	GBPUSD.i	H1	1.35388	1.35492	1.35555	1.35426
3899	2025.08.18 11:00	GBPUSD.i	H1	1.35465	1.35457	1.35534	1.35426
3900	2025.08.18 12:00	GBPUSD.i	H1	1.35398	1.35433	1.35512	1.35427
3901	2025.08.18 13:00	GBPUSD.i	H1	1.35382	1.35406	1.35489	1.35426
3902	2025.08.18 14:00	GBPUSD.i	H1	1.35380	1.35390	1.35467	1.35426
3903	2025.08.18 15:00	GBPUSD.i	H1	1.35440	1.35388	1.35449	1.35425
3904	2025.08.18 16:00	GBPUSD.i	H1	1.35380	1.35383	1.35433	1.35425
3905	2025.08.18 17:00	GBPUSD.i	H1	1.35160	1.35305	1.35402	1.35422
3906	2025.08.18 18:00	GBPUSD.i	H1	1.35192	1.35225	1.35360	1.35416
3907	2025.08.18 19:00	GBPUSD.i	H1	1.35090	1.35153	1.35310	1.35409
3908	2025.08.18 20:00	GBPUSD.i	H1	1.35095	1.35103	1.35259	1.35400
3909	2025.08.18 21:00	GBPUSD.i	H1	1.35054	1.35053	1.35208	1.35392
3910	2025.08.18 22:00	GBPUSD.i	H1	1.35061	1.35036	1.35164	1.35383
3911	2025.08.18 23:00	GBPUSD.i	H1	1.35015	1.35009	1.35122	1.35374
3912	2025.08.19 00:00	GBPUSD.i	H1	1.35023	1.34991	1.35085	1.35364
3913	2025.08.19 01:00	GBPUSD.i	H1	1.35083	1.35005	1.35058	1.35355
3914	2025.08.19 02:00	GBPUSD.i	H1	1.35077	1.35016	1.35039	1.35347
3915	2025.08.19 03:00	GBPUSD.i	H1	1.35025	1.35019	1.35024	1.35339
3916	2025.08.19 04:00	GBPUSD.i	H1	1.34957	1.34980	1.35002	1.35329
3917	2025.08.19 05:00	GBPUSD.i	H1	1.34988	1.34971	1.34984	1.35319
3918	2025.08.19 06:00	GBPUSD.i	H1	1.35006	1.34979	1.34971	1.35310
3919	2025.08.19 07:00	GBPUSD.i	H1	1.35051	1.34998	1.34965	1.35302
3920	2025.08.19 08:00	GBPUSD.i	H1	1.34996	1.35008	1.34963	1.35295
3921	2025.08.19 09:00	GBPUSD.i	H1	1.35142	1.35046	1.34970	1.35288
3922	2025.08.19 10:00	GBPUSD.i	H1	1.35209	1.35122	1.34993	1.35284
3923	2025.08.19 11:00	GBPUSD.i	H1	1.35198	1.35169	1.35022	1.35281
3924	2025.08.19 12:00	GBPUSD.i	H1	1.35179	1.35190	1.35050	1.35278
3925	2025.08.19 13:00	GBPUSD.i	H1	1.35224	1.35230	1.35081	1.35276
3926	2025.08.19 14:00	GBPUSD.i	H1	1.35213	1.35238	1.35108	1.35275
3927	2025.08.19 15:00	GBPUSD.i	H1	1.35097	1.35204	1.35123	1.35272
3928	2025.08.19 16:00	GBPUSD.i	H1	1.35108	1.35148	1.35123	1.35267
3929	2025.08.19 17:00	GBPUSD.i	H1	1.35024	1.35101	1.35113	1.35261
3930	2025.08.19 18:00	GBPUSD.i	H1	1.34930	1.35031	1.35091	1.35254
3931	2025.08.19 19:00	GBPUSD.i	H1	1.34890	1.34956	1.35058	1.35245
3932	2025.08.19 20:00	GBPUSD.i	H1	1.34897	1.34913	1.35023	1.35235
3933	2025.08.19 21:00	GBPUSD.i	H1	1.34854	1.34860	1.34984	1.35225
3934	2025.08.19 22:00	GBPUSD.i	H1	1.34897	1.34844	1.34950	1.35215
3935	2025.08.19 23:00	GBPUSD.i	H1	1.34906	1.34851	1.34925	1.35206
3936	2025.08.20 00:00	GBPUSD.i	H1	1.34835	1.34836	1.34901	1.35197
3937	2025.08.20 01:00	GBPUSD.i	H1	1.34909	1.34848	1.34885	1.35188
3938	2025.08.20 02:00	GBPUSD.i	H1	1.34846	1.34847	1.34872	1.35179
3939	2025.08.20 03:00	GBPUSD.i	H1	1.34800	1.34816	1.34853	1.35170
3940	2025.08.20 04:00	GBPUSD.i	H1	1.34734	1.34777	1.34830	1.35159
3941	2025.08.20 05:00	GBPUSD.i	H1	1.34668	1.34714	1.34797	1.35147
3942	2025.08.20 06:00	GBPUSD.i	H1	1.34722	1.34699	1.34768	1.35134
3943	2025.08.20 07:00	GBPUSD.i	H1	1.34743	1.34707	1.34747	1.35123
3944	2025.08.20 08:00	GBPUSD.i	H1	1.34842	1.34747	1.34740	1.35113
3945	2025.08.20 09:00	GBPUSD.i	H1	1.34891	1.34831	1.34752	1.35107
3946	2025.08.20 10:00	GBPUSD.i	H1	1.35088	1.34931	1.34785	1.35103
3947	2025.08.20 11:00	GBPUSD.i	H1	1.35010	1.34984	1.34822	1.35101
3948	2025.08.20 12:00	GBPUSD.i	H1	1.35011	1.35019	1.34858	1.35098
3949	2025.08.20 13:00	GBPUSD.i	H1	1.34945	1.35015	1.34886	1.35095
3950	2025.08.20 14:00	GBPUSD.i	H1	1.34718	1.34928	1.34889	1.35089
3951	2025.08.20 15:00	GBPUSD.i	H1	1.34890	1.34899	1.34886	1.35082
3952	2025.08.20 16:00	GBPUSD.i	H1	1.34777	1.34851	1.34874	1.35075
3953	2025.08.20 17:00	GBPUSD.i	H1	1.34730	1.34785	1.34851	1.35066
3954	2025.08.20 18:00	GBPUSD.i	H1	1.34488	1.34668	1.34807	1.35054
3955	2025.08.20 19:00	GBPUSD.i	H1	1.34607	1.34599	1.34758	1.35041
3956	2025.08.20 20:00	GBPUSD.i	H1	1.34693	1.34603	1.34721	1.35029
3957	2025.08.20 21:00	GBPUSD.i	H1	1.34520	1.34566	1.34683	1.35018
3958	2025.08.20 22:00	GBPUSD.i	H1	1.34542	1.34526	1.34644	1.35005
3959	2025.08.20 23:00	GBPUSD.i	H1	1.34530	1.34505	1.34609	1.34992
3960	2025.08.21 00:00	GBPUSD.i	H1	1.34528	1.34492	1.34577	1.34979
3961	2025.08.21 01:00	GBPUSD.i	H1	1.34554	1.34501	1.34554	1.34966
3962	2025.08.21 02:00	GBPUSD.i	H1	1.34661	1.34540	1.34544	1.34956
3963	2025.08.21 03:00	GBPUSD.i	H1	1.34568	1.34553	1.34539	1.34946
3964	2025.08.21 04:00	GBPUSD.i	H1	1.34587	1.34566	1.34537	1.34936
3965	2025.08.21 05:00	GBPUSD.i	H1	1.34512	1.34552	1.34531	1.34925
3966	2025.08.21 06:00	GBPUSD.i	H1	1.34538	1.34538	1.34524	1.34914
3967	2025.08.21 07:00	GBPUSD.i	H1	1.34516	1.34531	1.34517	1.34904
3968	2025.08.21 08:00	GBPUSD.i	H1	1.34536	1.34523	1.34510	1.34893
3969	2025.08.21 09:00	GBPUSD.i	H1	1.34454	1.34502	1.34500	1.34882
3970	2025.08.21 10:00	GBPUSD.i	H1	1.34551	1.34494	1.34490	1.34871
3971	2025.08.21 11:00	GBPUSD.i	H1	1.34659	1.34556	1.34498	1.34863
3972	2025.08.21 12:00	GBPUSD.i	H1	1.34755	1.34653	1.34526	1.34858
3973	2025.08.21 13:00	GBPUSD.i	H1	1.34733	1.34699	1.34558	1.34854
3974	2025.08.21 14:00	GBPUSD.i	H1	1.34544	1.34675	1.34578	1.34849
3975	2025.08.21 15:00	GBPUSD.i	H1	1.34461	1.34622	1.34581	1.34841
3976	2025.08.21 16:00	GBPUSD.i	H1	1.34262	1.34502	1.34558	1.34830
3977	2025.08.21 17:00	GBPUSD.i	H1	1.34264	1.34400	1.34518	1.34817
3978	2025.08.21 18:00	GBPUSD.i	H1	1.34142	1.34279	1.34460	1.34801
3979	2025.08.21 19:00	GBPUSD.i	H1	1.34190	1.34188	1.34395	1.34784
3980	2025.08.21 20:00	GBPUSD.i	H1	1.34224	1.34169	1.34341	1.34767
3981	2025.08.21 21:00	GBPUSD.i	H1	1.34185	1.34152	1.34294	1.34752
3982	2025.08.21 22:00	GBPUSD.i	H1	1.34126	1.34121	1.34250	1.34736
3983	2025.08.21 23:00	GBPUSD.i	H1	1.34116	1.34096	1.34209	1.34719
3984	2025.08.22 00:00	GBPUSD.i	H1	1.34085	1.34066	1.34169	1.34702
3985	2025.08.22 01:00	GBPUSD.i	H1	1.34177	1.34080	1.34140	1.34686
3986	2025.08.22 02:00	GBPUSD.i	H1	1.34178	1.34108	1.34123	1.34671
3987	2025.08.22 03:00	GBPUSD.i	H1	1.34202	1.34135	1.34115	1.34658
3988	2025.08.22 04:00	GBPUSD.i	H1	1.34109	1.34132	1.34107	1.34644
3989	2025.08.22 05:00	GBPUSD.i	H1	1.34116	1.34123	1.34099	1.34629
3990	2025.08.22 06:00	GBPUSD.i	H1	1.34016	1.34086	1.34084	1.34614
3991	2025.08.22 07:00	GBPUSD.i	H1	1.33939	1.34024	1.34058	1.34598
3992	2025.08.22 08:00	GBPUSD.i	H1	1.33943	1.33975	1.34028	1.34580
3993	2025.08.22 09:00	GBPUSD.i	H1	1.34016	1.33967	1.34003	1.34563
3994	2025.08.22 10:00	GBPUSD.i	H1	1.34059	1.33999	1.33991	1.34548
3995	2025.08.22 11:00	GBPUSD.i	H1	1.34135	1.34048	1.33993	1.34535
3996	2025.08.22 12:00	GBPUSD.i	H1	1.34113	1.34094	1.34005	1.34524
3997	2025.08.22 13:00	GBPUSD.i	H1	1.34108	1.34110	1.34017	1.34513
3998	2025.08.22 14:00	GBPUSD.i	H1	1.34153	1.34137	1.34034	1.34502
3999	2025.08.22 15:00	GBPUSD.i	H1	1.34131	1.34154	1.34051	1.34492
4000	2025.08.22 16:00	GBPUSD.i	H1	1.34233	1.34201	1.34076	1.34484
4001	2025.08.22 17:00	GBPUSD.i	H1	1.35246	1.34562	1.34179	1.34486
4002	2025.08.22 18:00	GBPUSD.i	H1	1.35255	1.34981	1.34355	1.34503
4003	2025.08.22 19:00	GBPUSD.i	H1	1.35256	1.35227	1.34547	1.34525
4004	2025.08.22 20:00	GBPUSD.i	H1	1.35368	1.35400	1.34736	1.34547
4005	2025.08.22 21:00	GBPUSD.i	H1	1.35254	1.35461	1.34900	1.34569
4006	2025.08.22 22:00	GBPUSD.i	H1	1.35184	1.35438	1.35026	1.34588
4007	2025.08.22 23:00	GBPUSD.i	H1	1.35236	1.35420	1.35124	1.34605
4008	2025.08.25 00:00	GBPUSD.i	H1	1.35120	1.35352	1.35189	1.34622
4009	2025.08.25 01:00	GBPUSD.i	H1	1.35155	1.35308	1.35234	1.34637
4010	2025.08.25 02:00	GBPUSD.i	H1	1.35083	1.35242	1.35258	1.34651
4011	2025.08.25 03:00	GBPUSD.i	H1	1.34974	1.35141	1.35256	1.34662
4012	2025.08.25 04:00	GBPUSD.i	H1	1.34937	1.35045	1.35234	1.34671
4013	2025.08.25 05:00	GBPUSD.i	H1	1.34997	1.34994	1.35207	1.34679
4014	2025.08.25 06:00	GBPUSD.i	H1	1.35112	1.35014	1.35191	1.34689
4015	2025.08.25 07:00	GBPUSD.i	H1	1.35115	1.35048	1.35185	1.34700
4016	2025.08.25 08:00	GBPUSD.i	H1	1.35109	1.35060	1.35181	1.34711
4017	2025.08.25 09:00	GBPUSD.i	H1	1.35194	1.35114	1.35189	1.34723
4018	2025.08.25 10:00	GBPUSD.i	H1	1.35037	1.35097	1.35189	1.34735
4019	2025.08.25 11:00	GBPUSD.i	H1	1.35031	1.35066	1.35181	1.34744
4020	2025.08.25 12:00	GBPUSD.i	H1	1.34947	1.35010	1.35160	1.34751
4021	2025.08.25 13:00	GBPUSD.i	H1	1.34905	1.34942	1.35127	1.34757
4022	2025.08.25 14:00	GBPUSD.i	H1	1.35194	1.34995	1.35112	1.34763
4023	2025.08.25 15:00	GBPUSD.i	H1	1.35046	1.35024	1.35106	1.34772
4024	2025.08.25 16:00	GBPUSD.i	H1	1.35087	1.35040	1.35103	1.34781
4025	2025.08.25 17:00	GBPUSD.i	H1	1.35023	1.35038	1.35098	1.34789
4026	2025.08.25 18:00	GBPUSD.i	H1	1.34892	1.34977	1.35080	1.34794
4027	2025.08.25 19:00	GBPUSD.i	H1	1.34883	1.34922	1.35052	1.34797
4028	2025.08.25 20:00	GBPUSD.i	H1	1.34791	1.34856	1.35014	1.34799
4029	2025.08.25 21:00	GBPUSD.i	H1	1.34605	1.34741	1.34958	1.34797
4030	2025.08.25 22:00	GBPUSD.i	H1	1.34538	1.34610	1.34883	1.34792
4031	2025.08.25 23:00	GBPUSD.i	H1	1.34513	1.34536	1.34808	1.34785
4032	2025.08.26 00:00	GBPUSD.i	H1	1.34559	1.34481	1.34735	1.34778
4033	2025.08.26 01:00	GBPUSD.i	H1	1.34555	1.34474	1.34676	1.34771
4034	2025.08.26 02:00	GBPUSD.i	H1	1.34545	1.34468	1.34627	1.34765
4035	2025.08.26 03:00	GBPUSD.i	H1	1.34808	1.34566	1.34609	1.34761
4036	2025.08.26 04:00	GBPUSD.i	H1	1.34717	1.34638	1.34609	1.34760
4037	2025.08.26 05:00	GBPUSD.i	H1	1.34646	1.34654	1.34611	1.34759
4038	2025.08.26 06:00	GBPUSD.i	H1	1.34515	1.34607	1.34601	1.34755
4039	2025.08.26 07:00	GBPUSD.i	H1	1.34568	1.34577	1.34585	1.34749
4040	2025.08.26 08:00	GBPUSD.i	H1	1.34657	1.34594	1.34578	1.34745
4041	2025.08.26 09:00	GBPUSD.i	H1	1.34593	1.34580	1.34568	1.34741
4042	2025.08.26 10:00	GBPUSD.i	H1	1.34554	1.34545	1.34553	1.34735
4043	2025.08.26 11:00	GBPUSD.i	H1	1.34636	1.34580	1.34549	1.34731
4044	2025.08.26 12:00	GBPUSD.i	H1	1.34798	1.34659	1.34565	1.34729
4045	2025.08.26 13:00	GBPUSD.i	H1	1.34789	1.34727	1.34593	1.34730
4046	2025.08.26 14:00	GBPUSD.i	H1	1.34879	1.34809	1.34633	1.34733
4047	2025.08.26 15:00	GBPUSD.i	H1	1.34792	1.34844	1.34673	1.34736
4048	2025.08.26 16:00	GBPUSD.i	H1	1.34805	1.34837	1.34702	1.34738
4049	2025.08.26 17:00	GBPUSD.i	H1	1.34784	1.34837	1.34727	1.34739
4050	2025.08.26 18:00	GBPUSD.i	H1	1.34817	1.34848	1.34749	1.34741
4051	2025.08.26 19:00	GBPUSD.i	H1	1.34776	1.34853	1.34769	1.34743
4052	2025.08.26 20:00	GBPUSD.i	H1	1.34725	1.34817	1.34778	1.34745
4053	2025.08.26 21:00	GBPUSD.i	H1	1.34795	1.34799	1.34782	1.34745
4054	2025.08.26 22:00	GBPUSD.i	H1	1.34787	1.34808	1.34788	1.34746
4055	2025.08.26 23:00	GBPUSD.i	H1	1.34757	1.34787	1.34789	1.34747
4056	2025.08.27 00:00	GBPUSD.i	H1	1.34758	1.34768	1.34785	1.34747
4057	2025.08.27 01:00	GBPUSD.i	H1	1.34806	1.34778	1.34785	1.34748
4058	2025.08.27 02:00	GBPUSD.i	H1	1.34767	1.34776	1.34785	1.34749
4059	2025.08.27 03:00	GBPUSD.i	H1	1.34713	1.34751	1.34780	1.34749
4060	2025.08.27 04:00	GBPUSD.i	H1	1.34697	1.34727	1.34770	1.34748
4061	2025.08.27 05:00	GBPUSD.i	H1	1.34624	1.34680	1.34751	1.34746
4062	2025.08.27 06:00	GBPUSD.i	H1	1.34574	1.34630	1.34725	1.34743
4063	2025.08.27 07:00	GBPUSD.i	H1	1.34486	1.34557	1.34689	1.34737
4064	2025.08.27 08:00	GBPUSD.i	H1	1.34559	1.34521	1.34652	1.34731
4065	2025.08.27 09:00	GBPUSD.i	H1	1.34639	1.34541	1.34627	1.34727
4066	2025.08.27 10:00	GBPUSD.i	H1	1.34537	1.34522	1.34603	1.34723
4067	2025.08.27 11:00	GBPUSD.i	H1	1.34452	1.34462	1.34570	1.34716
4068	2025.08.27 12:00	GBPUSD.i	H1	1.34415	1.34431	1.34536	1.34708
4069	2025.08.27 13:00	GBPUSD.i	H1	1.34223	1.34339	1.34488	1.34698
4070	2025.08.27 14:00	GBPUSD.i	H1	1.34306	1.34280	1.34437	1.34687
4071	2025.08.27 15:00	GBPUSD.i	H1	1.34415	1.34305	1.34402	1.34677
4072	2025.08.27 16:00	GBPUSD.i	H1	1.34471	1.34361	1.34387	1.34670
4073	2025.08.27 17:00	GBPUSD.i	H1	1.34600	1.34442	1.34393	1.34665
4074	2025.08.27 18:00	GBPUSD.i	H1	1.34663	1.34553	1.34422	1.34664
4075	2025.08.27 19:00	GBPUSD.i	H1	1.34962	1.34721	1.34482	1.34667
4076	2025.08.27 20:00	GBPUSD.i	H1	1.35015	1.34884	1.34565	1.34674
4077	2025.08.27 21:00	GBPUSD.i	H1	1.34973	1.34971	1.34649	1.34682
4078	2025.08.27 22:00	GBPUSD.i	H1	1.34976	1.35019	1.34726	1.34690
4079	2025.08.27 23:00	GBPUSD.i	H1	1.34968	1.35042	1.34792	1.34698
4080	2025.08.28 00:00	GBPUSD.i	H1	1.34935	1.35029	1.34843	1.34705
4081	2025.08.28 01:00	GBPUSD.i	H1	1.34993	1.35041	1.34888	1.34712
4082	2025.08.28 02:00	GBPUSD.i	H1	1.35038	1.35063	1.34929	1.34720
4083	2025.08.28 03:00	GBPUSD.i	H1	1.35048	1.35071	1.34966	1.34728
4084	2025.08.28 04:00	GBPUSD.i	H1	1.35041	1.35086	1.34999	1.34737
4085	2025.08.28 05:00	GBPUSD.i	H1	1.35163	1.35126	1.35036	1.34747
4086	2025.08.28 06:00	GBPUSD.i	H1	1.35080	1.35141	1.35068	1.34757
4087	2025.08.28 07:00	GBPUSD.i	H1	1.35041	1.35117	1.35089	1.34766
4088	2025.08.28 08:00	GBPUSD.i	H1	1.35042	1.35088	1.35100	1.34774
4089	2025.08.28 09:00	GBPUSD.i	H1	1.35039	1.35082	1.35107	1.34782
4090	2025.08.28 10:00	GBPUSD.i	H1	1.34991	1.35035	1.35103	1.34788
4091	2025.08.28 11:00	GBPUSD.i	H1	1.34989	1.34986	1.35088	1.34793
4092	2025.08.28 12:00	GBPUSD.i	H1	1.35017	1.34995	1.35079	1.34798
4093	2025.08.28 13:00	GBPUSD.i	H1	1.35212	1.35066	1.35088	1.34807
4094	2025.08.28 14:00	GBPUSD.i	H1	1.35145	1.35118	1.35106	1.34817
4095	2025.08.28 15:00	GBPUSD.i	H1	1.35033	1.35099	1.35114	1.34825
4096	2025.08.28 16:00	GBPUSD.i	H1	1.35065	1.35064	1.35112	1.34831
4097	2025.08.28 17:00	GBPUSD.i	H1	1.35117	1.35095	1.35117	1.34838
4098	2025.08.28 18:00	GBPUSD.i	H1	1.35148	1.35111	1.35125	1.34846
4099	2025.08.28 19:00	GBPUSD.i	H1	1.35223	1.35157	1.35140	1.34855
4100	2025.08.28 20:00	GBPUSD.i	H1	1.35212	1.35201	1.35162	1.34865
4101	2025.08.28 21:00	GBPUSD.i	H1	1.35159	1.35198	1.35177	1.34874
4102	2025.08.28 22:00	GBPUSD.i	H1	1.35119	1.35174	1.35183	1.34882
4103	2025.08.28 23:00	GBPUSD.i	H1	1.35103	1.35140	1.35180	1.34889
4104	2025.08.29 00:00	GBPUSD.i	H1	1.35085	1.35104	1.35170	1.34894
4105	2025.08.29 01:00	GBPUSD.i	H1	1.35067	1.35087	1.35158	1.34899
4106	2025.08.29 02:00	GBPUSD.i	H1	1.35080	1.35079	1.35146	1.34904
4107	2025.08.29 03:00	GBPUSD.i	H1	1.35086	1.35070	1.35135	1.34909
4108	2025.08.29 04:00	GBPUSD.i	H1	1.34983	1.35036	1.35118	1.34913
4109	2025.08.29 05:00	GBPUSD.i	H1	1.35019	1.35016	1.35100	1.34916
4110	2025.08.29 06:00	GBPUSD.i	H1	1.34983	1.34990	1.35079	1.34918
4111	2025.08.29 07:00	GBPUSD.i	H1	1.35029	1.34982	1.35061	1.34920
4112	2025.08.29 08:00	GBPUSD.i	H1	1.34999	1.34973	1.35043	1.34922
4113	2025.08.29 09:00	GBPUSD.i	H1	1.34908	1.34947	1.35024	1.34923
4114	2025.08.29 10:00	GBPUSD.i	H1	1.34913	1.34912	1.34999	1.34923
4115	2025.08.29 11:00	GBPUSD.i	H1	1.34772	1.34845	1.34965	1.34921
4116	2025.08.29 12:00	GBPUSD.i	H1	1.34598	1.34736	1.34912	1.34916
4117	2025.08.29 13:00	GBPUSD.i	H1	1.34620	1.34643	1.34850	1.34908
4118	2025.08.29 14:00	GBPUSD.i	H1	1.34533	1.34564	1.34783	1.34899
4119	2025.08.29 15:00	GBPUSD.i	H1	1.34603	1.34525	1.34721	1.34890
4120	2025.08.29 16:00	GBPUSD.i	H1	1.34687	1.34533	1.34674	1.34881
4121	2025.08.29 17:00	GBPUSD.i	H1	1.35099	1.34719	1.34679	1.34879
4122	2025.08.29 18:00	GBPUSD.i	H1	1.35075	1.34898	1.34721	1.34883
4123	2025.08.29 19:00	GBPUSD.i	H1	1.35079	1.35004	1.34777	1.34889
4124	2025.08.29 20:00	GBPUSD.i	H1	1.35031	1.35054	1.34830	1.34893
4125	2025.08.29 21:00	GBPUSD.i	H1	1.35105	1.35095	1.34880	1.34898
4126	2025.08.29 22:00	GBPUSD.i	H1	1.35152	1.35140	1.34931	1.34903
4127	2025.08.29 23:00	GBPUSD.i	H1	1.35018	1.35135	1.34970	1.34909
4128	2025.09.01 00:00	GBPUSD.i	H1	1.34997	1.35090	1.34992	1.34912
4129	2025.09.01 01:00	GBPUSD.i	H1	1.35029	1.35078	1.35008	1.34915
4130	2025.09.01 02:00	GBPUSD.i	H1	1.35031	1.35067	1.35020	1.34918
4131	2025.09.01 03:00	GBPUSD.i	H1	1.35182	1.35108	1.35040	1.34922
4132	2025.09.01 04:00	GBPUSD.i	H1	1.35120	1.35127	1.35061	1.34928
4133	2025.09.01 05:00	GBPUSD.i	H1	1.35269	1.35188	1.35092	1.34935
4134	2025.09.01 06:00	GBPUSD.i	H1	1.35233	1.35231	1.35126	1.34943
4135	2025.09.01 07:00	GBPUSD.i	H1	1.35184	1.35233	1.35154	1.34951
4136	2025.09.01 08:00	GBPUSD.i	H1	1.35251	1.35249	1.35179	1.34958
4137	2025.09.01 09:00	GBPUSD.i	H1	1.35318	1.35298	1.35211	1.34967
4138	2025.09.01 10:00	GBPUSD.i	H1	1.35303	1.35302	1.35237	1.34976
4139	2025.09.01 11:00	GBPUSD.i	H1	1.35352	1.35327	1.35264	1.34985
4140	2025.09.01 12:00	GBPUSD.i	H1	1.35302	1.35331	1.35286	1.34994
4141	2025.09.01 13:00	GBPUSD.i	H1	1.35239	1.35315	1.35300	1.35002
4142	2025.09.01 14:00	GBPUSD.i	H1	1.35241	1.35298	1.35307	1.35010
4143	2025.09.01 15:00	GBPUSD.i	H1	1.35328	1.35303	1.35315	1.35017
4144	2025.09.01 16:00	GBPUSD.i	H1	1.35369	1.35341	1.35330	1.35026
4145	2025.09.01 17:00	GBPUSD.i	H1	1.35474	1.35396	1.35353	1.35037
4146	2025.09.01 18:00	GBPUSD.i	H1	1.35415	1.35423	1.35378	1.35048
4147	2025.09.01 19:00	GBPUSD.i	H1	1.35422	1.35436	1.35400	1.35058
4148	2025.09.01 20:00	GBPUSD.i	H1	1.35423	1.35438	1.35417	1.35068
4149	2025.09.01 21:00	GBPUSD.i	H1	1.35438	1.35443	1.35431	1.35078
4150	2025.09.01 22:00	GBPUSD.i	H1	1.35486	1.35464	1.35448	1.35089
4151	2025.09.01 23:00	GBPUSD.i	H1	1.35425	1.35465	1.35461	1.35099
4152	2025.09.02 00:00	GBPUSD.i	H1	1.35407	1.35439	1.35464	1.35108
4153	2025.09.02 01:00	GBPUSD.i	H1	1.35448	1.35444	1.35469	1.35117
4154	2025.09.02 02:00	GBPUSD.i	H1	1.35462	1.35455	1.35474	1.35126
4155	2025.09.02 03:00	GBPUSD.i	H1	1.35374	1.35431	1.35473	1.35135
4156	2025.09.02 04:00	GBPUSD.i	H1	1.35361	1.35399	1.35465	1.35142
4157	2025.09.02 05:00	GBPUSD.i	H1	1.35290	1.35343	1.35445	1.35147
4158	2025.09.02 06:00	GBPUSD.i	H1	1.35259	1.35294	1.35418	1.35151
4159	2025.09.02 07:00	GBPUSD.i	H1	1.35274	1.35266	1.35391	1.35154
4160	2025.09.02 08:00	GBPUSD.i	H1	1.35209	1.35237	1.35362	1.35157
4161	2025.09.02 09:00	GBPUSD.i	H1	1.35313	1.35243	1.35340	1.35160
4162	2025.09.02 10:00	GBPUSD.i	H1	1.34029	1.34833	1.35228	1.35151
4163	2025.09.02 11:00	GBPUSD.i	H1	1.34133	1.34404	1.35043	1.35127
4164	2025.09.02 12:00	GBPUSD.i	H1	1.33993	1.34102	1.34831	1.35096
4165	2025.09.02 13:00	GBPUSD.i	H1	1.33787	1.33853	1.34609	1.35063
4166	2025.09.02 14:00	GBPUSD.i	H1	1.33838	1.33694	1.34397	1.35029
4167	2025.09.02 15:00	GBPUSD.i	H1	1.33517	1.33536	1.34194	1.34992
4168	2025.09.02 16:00	GBPUSD.i	H1	1.33899	1.33523	1.34028	1.34956
4169	2025.09.02 17:00	GBPUSD.i	H1	1.33970	1.33661	1.33926	1.34927
4170	2025.09.02 18:00	GBPUSD.i	H1	1.33896	1.33700	1.33850	1.34899
4171	2025.09.02 19:00	GBPUSD.i	H1	1.33924	1.33746	1.33796	1.34871
4172	2025.09.02 20:00	GBPUSD.i	H1	1.33842	1.33776	1.33758	1.34844
4173	2025.09.02 21:00	GBPUSD.i	H1	1.33792	1.33769	1.33724	1.34816
4174	2025.09.02 22:00	GBPUSD.i	H1	1.33903	1.33803	1.33703	1.34789
4175	2025.09.02 23:00	GBPUSD.i	H1	1.33930	1.33860	1.33700	1.34764
4176	2025.09.03 00:00	GBPUSD.i	H1	1.33935	1.33889	1.33704	1.34741
4177	2025.09.03 01:00	GBPUSD.i	H1	1.33867	1.33904	1.33712	1.34717
4178	2025.09.03 02:00	GBPUSD.i	H1	1.33812	1.33883	1.33714	1.34694
4179	2025.09.03 03:00	GBPUSD.i	H1	1.33758	1.33839	1.33707	1.34669
4180	2025.09.03 04:00	GBPUSD.i	H1	1.33693	1.33785	1.33691	1.34643
4181	2025.09.03 05:00	GBPUSD.i	H1	1.33654	1.33734	1.33670	1.34617
4182	2025.09.03 06:00	GBPUSD.i	H1	1.33614	1.33687	1.33645	1.34590
4183	2025.09.03 07:00	GBPUSD.i	H1	1.33693	1.33671	1.33624	1.34564
4184	2025.09.03 08:00	GBPUSD.i	H1	1.33622	1.33655	1.33606	1.34539
4185	2025.09.03 09:00	GBPUSD.i	H1	1.33767	1.33703	1.33604	1.34516
4186	2025.09.03 10:00	GBPUSD.i	H1	1.33664	1.33655	1.33593	1.34493
4187	2025.09.03 11:00	GBPUSD.i	H1	1.34074	1.33793	1.33617	1.34473
4188	2025.09.03 12:00	GBPUSD.i	H1	1.34076	1.33954	1.33673	1.34460
4189	2025.09.03 13:00	GBPUSD.i	H1	1.34039	1.34026	1.33734	1.34449
4190	2025.09.03 14:00	GBPUSD.i	H1	1.34117	1.34086	1.33796	1.34438
4191	2025.09.03 15:00	GBPUSD.i	H1	1.34248	1.34185	1.33869	1.34430
4192	2025.09.03 16:00	GBPUSD.i	H1	1.34174	1.34244	1.33941	1.34424
4193	2025.09.03 17:00	GBPUSD.i	H1	1.34335	1.34328	1.34018	1.34420
4194	2025.09.03 18:00	GBPUSD.i	H1	1.34477	1.34430	1.34103	1.34419
4195	2025.09.03 19:00	GBPUSD.i	H1	1.34498	1.34509	1.34190	1.34420
4196	2025.09.03 20:00	GBPUSD.i	H1	1.34413	1.34539	1.34267	1.34421
4197	2025.09.03 21:00	GBPUSD.i	H1	1.34416	1.34530	1.34327	1.34422
4198	2025.09.03 22:00	GBPUSD.i	H1	1.34384	1.34496	1.34369	1.34421
4199	2025.09.03 23:00	GBPUSD.i	H1	1.34440	1.34488	1.34402	1.34421
4200	2025.09.04 00:00	GBPUSD.i	H1	1.34390	1.34456	1.34423	1.34420
4201	2025.09.04 01:00	GBPUSD.i	H1	1.34389	1.34440	1.34437	1.34420
4202	2025.09.04 02:00	GBPUSD.i	H1	1.34407	1.34430	1.34447	1.34419
4203	2025.09.04 03:00	GBPUSD.i	H1	1.34421	1.34422	1.34454	1.34419
4204	2025.09.04 04:00	GBPUSD.i	H1	1.34373	1.34413	1.34458	1.34418
4205	2025.09.04 05:00	GBPUSD.i	H1	1.34308	1.34369	1.34451	1.34417
4206	2025.09.04 06:00	GBPUSD.i	H1	1.34281	1.34323	1.34435	1.34414
4207	2025.09.04 07:00	GBPUSD.i	H1	1.34268	1.34287	1.34414	1.34410
4208	2025.09.04 08:00	GBPUSD.i	H1	1.34279	1.34265	1.34392	1.34406
4209	2025.09.04 09:00	GBPUSD.i	H1	1.34355	1.34290	1.34380	1.34404
4210	2025.09.04 10:00	GBPUSD.i	H1	1.34271	1.34270	1.34365	1.34401
4211	2025.09.04 11:00	GBPUSD.i	H1	1.34542	1.34349	1.34370	1.34400
4212	2025.09.04 12:00	GBPUSD.i	H1	1.34398	1.34393	1.34383	1.34402
4213	2025.09.04 13:00	GBPUSD.i	H1	1.34486	1.34436	1.34402	1.34403
4214	2025.09.04 14:00	GBPUSD.i	H1	1.34333	1.34406	1.34408	1.34404
4215	2025.09.04 15:00	GBPUSD.i	H1	1.34409	1.34405	1.34413	1.34403
4216	2025.09.04 16:00	GBPUSD.i	H1	1.34410	1.34394	1.34413	1.34402
4217	2025.09.04 17:00	GBPUSD.i	H1	1.34272	1.34337	1.34401	1.34400
4218	2025.09.04 18:00	GBPUSD.i	H1	1.34388	1.34338	1.34391	1.34398
4219	2025.09.04 19:00	GBPUSD.i	H1	1.34215	1.34295	1.34373	1.34395
4220	2025.09.04 20:00	GBPUSD.i	H1	1.34221	1.34251	1.34349	1.34391
4221	2025.09.04 21:00	GBPUSD.i	H1	1.34261	1.34244	1.34329	1.34387
4222	2025.09.04 22:00	GBPUSD.i	H1	1.34356	1.34272	1.34319	1.34385
4223	2025.09.04 23:00	GBPUSD.i	H1	1.34338	1.34299	1.34317	1.34383
4224	2025.09.05 00:00	GBPUSD.i	H1	1.34317	1.34297	1.34314	1.34382
4225	2025.09.05 01:00	GBPUSD.i	H1	1.34335	1.34315	1.34315	1.34380
4226	2025.09.05 02:00	GBPUSD.i	H1	1.34439	1.34359	1.34325	1.34380
4227	2025.09.05 03:00	GBPUSD.i	H1	1.34491	1.34419	1.34347	1.34381
4228	2025.09.05 04:00	GBPUSD.i	H1	1.34517	1.34474	1.34375	1.34384
4229	2025.09.05 05:00	GBPUSD.i	H1	1.34530	1.34520	1.34408	1.34388
4230	2025.09.05 06:00	GBPUSD.i	H1	1.34538	1.34547	1.34439	1.34392
4231	2025.09.05 07:00	GBPUSD.i	H1	1.34502	1.34548	1.34464	1.34396
4232	2025.09.05 08:00	GBPUSD.i	H1	1.34618	1.34580	1.34492	1.34400
4233	2025.09.05 09:00	GBPUSD.i	H1	1.34558	1.34613	1.34521	1.34405
4234	2025.09.05 10:00	GBPUSD.i	H1	1.34643	1.34626	1.34548	1.34411
4235	2025.09.05 11:00	GBPUSD.i	H1	1.34700	1.34669	1.34579	1.34417
4236	2025.09.05 12:00	GBPUSD.i	H1	1.34810	1.34734	1.34619	1.34426
4237	2025.09.05 13:00	GBPUSD.i	H1	1.34783	1.34791	1.34663	1.34436
4238	2025.09.05 14:00	GBPUSD.i	H1	1.34621	1.34767	1.34692	1.34445
4239	2025.09.05 15:00	GBPUSD.i	H1	1.35210	1.34918	1.34751	1.34456
4240	2025.09.05 16:00	GBPUSD.i	H1	1.35483	1.35172	1.34854	1.34477
4241	2025.09.05 17:00	GBPUSD.i	H1	1.35202	1.35274	1.34958	1.34501
4242	2025.09.05 18:00	GBPUSD.i	H1	1.35412	1.35366	1.35060	1.34523
4243	2025.09.05 19:00	GBPUSD.i	H1	1.35259	1.35398	1.35148	1.34545
4244	2025.09.05 20:00	GBPUSD.i	H1	1.35127	1.35337	1.35203	1.34564
4245	2025.09.05 21:00	GBPUSD.i	H1	1.35051	1.35240	1.35226	1.34580
4246	2025.09.05 22:00	GBPUSD.i	H1	1.35029	1.35165	1.35230	1.34593
4247	2025.09.05 23:00	GBPUSD.i	H1	1.35046	1.35115	1.35222	1.34606
4248	2025.09.08 00:00	GBPUSD.i	H1	1.34937	1.35034	1.35199	1.34617
4249	2025.09.08 01:00	GBPUSD.i	H1	1.34867	1.34957	1.35164	1.34626
4250	2025.09.08 02:00	GBPUSD.i	H1	1.34926	1.34914	1.35127	1.34634
4251	2025.09.08 03:00	GBPUSD.i	H1	1.34959	1.34890	1.35092	1.34642
4252	2025.09.08 04:00	GBPUSD.i	H1	1.35014	1.34910	1.35068	1.34650
4253	2025.09.08 05:00	GBPUSD.i	H1	1.35039	1.34944	1.35055	1.34660
4254	2025.09.08 06:00	GBPUSD.i	H1	1.34954	1.34950	1.35045	1.34670
4255	2025.09.08 07:00	GBPUSD.i	H1	1.34963	1.34931	1.35031	1.34678
4256	2025.09.08 08:00	GBPUSD.i	H1	1.34963	1.34946	1.35022	1.34685
4257	2025.09.08 09:00	GBPUSD.i	H1	1.35183	1.35019	1.35030	1.34696
4258	2025.09.08 10:00	GBPUSD.i	H1	1.35159	1.35097	1.35052	1.34708
4259	2025.09.08 11:00	GBPUSD.i	H1	1.35124	1.35132	1.35077	1.34721
4260	2025.09.08 12:00	GBPUSD.i	H1	1.35090	1.35131	1.35094	1.34732
4261	2025.09.08 13:00	GBPUSD.i	H1	1.35303	1.35181	1.35119	1.34744
4262	2025.09.08 14:00	GBPUSD.i	H1	1.35294	1.35250	1.35154	1.34758
4263	2025.09.08 15:00	GBPUSD.i	H1	1.35430	1.35341	1.35201	1.34774
4264	2025.09.08 16:00	GBPUSD.i	H1	1.35450	1.35432	1.35259	1.34793
4265	2025.09.08 17:00	GBPUSD.i	H1	1.35351	1.35437	1.35305	1.34810
4266	2025.09.08 18:00	GBPUSD.i	H1	1.35463	1.35456	1.35345	1.34826
4267	2025.09.08 19:00	GBPUSD.i	H1	1.35375	1.35444	1.35375	1.34842
4268	2025.09.08 20:00	GBPUSD.i	H1	1.35277	1.35400	1.35389	1.34856
4269	2025.09.08 21:00	GBPUSD.i	H1	1.35531	1.35433	1.35408	1.34871
4270	2025.09.08 22:00	GBPUSD.i	H1	1.35507	1.35485	1.35436	1.34888
4271	2025.09.08 23:00	GBPUSD.i	H1	1.35425	1.35484	1.35457	1.34904
4272	2025.09.09 00:00	GBPUSD.i	H1	1.35424	1.35468	1.35470	1.34919
4273	2025.09.09 01:00	GBPUSD.i	H1	1.35490	1.35478	1.35483	1.34934
4274	2025.09.09 02:00	GBPUSD.i	H1	1.35526	1.35510	1.35501	1.34950
4275	2025.09.09 03:00	GBPUSD.i	H1	1.35583	1.35547	1.35523	1.34967
4276	2025.09.09 04:00	GBPUSD.i	H1	1.35668	1.35600	1.35551	1.34984
4277	2025.09.09 05:00	GBPUSD.i	H1	1.35635	1.35643	1.35583	1.35003
4278	2025.09.09 06:00	GBPUSD.i	H1	1.35598	1.35643	1.35608	1.35020
4279	2025.09.09 07:00	GBPUSD.i	H1	1.35737	1.35680	1.35635	1.35038
4280	2025.09.09 08:00	GBPUSD.i	H1	1.35792	1.35737	1.35670	1.35057
4281	2025.09.09 09:00	GBPUSD.i	H1	1.35661	1.35731	1.35695	1.35076
4282	2025.09.09 10:00	GBPUSD.i	H1	1.35654	1.35713	1.35710	1.35092
4283	2025.09.09 11:00	GBPUSD.i	H1	1.35730	1.35710	1.35722	1.35109
4284	2025.09.09 12:00	GBPUSD.i	H1	1.35871	1.35777	1.35746	1.35127
4285	2025.09.09 13:00	GBPUSD.i	H1	1.35773	1.35802	1.35771	1.35146
4286	2025.09.09 14:00	GBPUSD.i	H1	1.35581	1.35737	1.35775	1.35162
4287	2025.09.09 15:00	GBPUSD.i	H1	1.35542	1.35639	1.35756	1.35174
4288	2025.09.09 16:00	GBPUSD.i	H1	1.35536	1.35594	1.35731	1.35184
4289	2025.09.09 17:00	GBPUSD.i	H1	1.35395	1.35526	1.35695	1.35194
4290	2025.09.09 18:00	GBPUSD.i	H1	1.35312	1.35402	1.35639	1.35200
4291	2025.09.09 19:00	GBPUSD.i	H1	1.35345	1.35347	1.35583	1.35203
4292	2025.09.09 20:00	GBPUSD.i	H1	1.35261	1.35288	1.35525	1.35207
4293	2025.09.09 21:00	GBPUSD.i	H1	1.35226	1.35229	1.35464	1.35209
4294	2025.09.09 22:00	GBPUSD.i	H1	1.35194	1.35181	1.35405	1.35209
4295	2025.09.09 23:00	GBPUSD.i	H1	1.35253	1.35170	1.35355	1.35209
4296	2025.09.10 00:00	GBPUSD.i	H1	1.35206	1.35157	1.35311	1.35210
4297	2025.09.10 01:00	GBPUSD.i	H1	1.35300	1.35181	1.35280	1.35210
4298	2025.09.10 02:00	GBPUSD.i	H1	1.35204	1.35184	1.35255	1.35211
4299	2025.09.10 03:00	GBPUSD.i	H1	1.35221	1.35179	1.35233	1.35212
4300	2025.09.10 04:00	GBPUSD.i	H1	1.35222	1.35184	1.35216	1.35212
4301	2025.09.10 05:00	GBPUSD.i	H1	1.35315	1.35222	1.35210	1.35213
4302	2025.09.10 06:00	GBPUSD.i	H1	1.35326	1.35273	1.35216	1.35215
4303	2025.09.10 07:00	GBPUSD.i	H1	1.35420	1.35333	1.35234	1.35219
4304	2025.09.10 08:00	GBPUSD.i	H1	1.35349	1.35359	1.35254	1.35224
4305	2025.09.10 09:00	GBPUSD.i	H1	1.35255	1.35344	1.35265	1.35227
4306	2025.09.10 10:00	GBPUSD.i	H1	1.35333	1.35324	1.35271	1.35228
4307	2025.09.10 11:00	GBPUSD.i	H1	1.35274	1.35304	1.35271	1.35230
4308	2025.09.10 12:00	GBPUSD.i	H1	1.35423	1.35345	1.35281	1.35232
4309	2025.09.10 13:00	GBPUSD.i	H1	1.35386	1.35369	1.35295	1.35236
4310	2025.09.10 14:00	GBPUSD.i	H1	1.35338	1.35362	1.35305	1.35240
4311	2025.09.10 15:00	GBPUSD.i	H1	1.35300	1.35384	1.35318	1.35243
4312	2025.09.10 16:00	GBPUSD.i	H1	1.35550	1.35431	1.35340	1.35248
4313	2025.09.10 17:00	GBPUSD.i	H1	1.35506	1.35493	1.35372	1.35255
4314	2025.09.10 18:00	GBPUSD.i	H1	1.35464	1.35506	1.35400	1.35262
4315	2025.09.10 19:00	GBPUSD.i	H1	1.35362	1.35470	1.35414	1.35267
4316	2025.09.10 20:00	GBPUSD.i	H1	1.35345	1.35418	1.35414	1.35270
4317	2025.09.10 21:00	GBPUSD.i	H1	1.35358	1.35395	1.35409	1.35272
4318	2025.09.10 22:00	GBPUSD.i	H1	1.35306	1.35345	1.35396	1.35274
4319	2025.09.10 23:00	GBPUSD.i	H1	1.35290	1.35312	1.35378	1.35274
4320	2025.09.11 00:00	GBPUSD.i	H1	1.35246	1.35270	1.35355	1.35274
4321	2025.09.11 01:00	GBPUSD.i	H1	1.35378	1.35287	1.35341	1.35275
4322	2025.09.11 02:00	GBPUSD.i	H1	1.35330	1.35310	1.35336	1.35277
4323	2025.09.11 03:00	GBPUSD.i	H1	1.35275	1.35295	1.35327	1.35278
4324	2025.09.11 04:00	GBPUSD.i	H1	1.35296	1.35292	1.35320	1.35278
4325	2025.09.11 05:00	GBPUSD.i	H1	1.35258	1.35270	1.35308	1.35278
4326	2025.09.11 06:00	GBPUSD.i	H1	1.35275	1.35266	1.35298	1.35278
4327	2025.09.11 07:00	GBPUSD.i	H1	1.35269	1.35257	1.35288	1.35278
4328	2025.09.11 08:00	GBPUSD.i	H1	1.35162	1.35220	1.35272	1.35276
4329	2025.09.11 09:00	GBPUSD.i	H1	1.35162	1.35188	1.35251	1.35274
4330	2025.09.11 10:00	GBPUSD.i	H1	1.35157	1.35152	1.35227	1.35271
4331	2025.09.11 11:00	GBPUSD.i	H1	1.35146	1.35144	1.35206	1.35267
4332	2025.09.11 12:00	GBPUSD.i	H1	1.35027	1.35082	1.35175	1.35263
4333	2025.09.11 13:00	GBPUSD.i	H1	1.35151	1.35074	1.35149	1.35257
4334	2025.09.11 14:00	GBPUSD.i	H1	1.35077	1.35082	1.35131	1.35253
4335	2025.09.11 15:00	GBPUSD.i	H1	1.35446	1.35171	1.35136	1.35252
4336	2025.09.11 16:00	GBPUSD.i	H1	1.35529	1.35339	1.35178	1.35256
4337	2025.09.11 17:00	GBPUSD.i	H1	1.35573	1.35478	1.35241	1.35264
4338	2025.09.11 18:00	GBPUSD.i	H1	1.35657	1.35600	1.35318	1.35274
4339	2025.09.11 19:00	GBPUSD.i	H1	1.35777	1.35713	1.35403	1.35286
4340	2025.09.11 20:00	GBPUSD.i	H1	1.35706	1.35776	1.35484	1.35298
4341	2025.09.11 21:00	GBPUSD.i	H1	1.35791	1.35823	1.35559	1.35311
4342	2025.09.11 22:00	GBPUSD.i	H1	1.35777	1.35852	1.35626	1.35324
4343	2025.09.11 23:00	GBPUSD.i	H1	1.35713	1.35840	1.35677	1.35336
4344	2025.09.12 00:00	GBPUSD.i	H1	1.35725	1.35806	1.35711	1.35347
4345	2025.09.12 01:00	GBPUSD.i	H1	1.35787	1.35806	1.35740	1.35358
4346	2025.09.12 02:00	GBPUSD.i	H1	1.35738	1.35802	1.35763	1.35369
4347	2025.09.12 03:00	GBPUSD.i	H1	1.35727	1.35777	1.35777	1.35379
4348	2025.09.12 04:00	GBPUSD.i	H1	1.35574	1.35711	1.35773	1.35387
4349	2025.09.12 05:00	GBPUSD.i	H1	1.35583	1.35649	1.35757	1.35393
4350	2025.09.12 06:00	GBPUSD.i	H1	1.35551	1.35594	1.35733	1.35398
4351	2025.09.12 07:00	GBPUSD.i	H1	1.35564	1.35556	1.35705	1.35403
4352	2025.09.12 08:00	GBPUSD.i	H1	1.35581	1.35544	1.35681	1.35407
4353	2025.09.12 09:00	GBPUSD.i	H1	1.35567	1.35522	1.35656	1.35411
4354	2025.09.12 10:00	GBPUSD.i	H1	1.35641	1.35567	1.35646	1.35416
4355	2025.09.12 11:00	GBPUSD.i	H1	1.35337	1.35489	1.35619	1.35420
4356	2025.09.12 12:00	GBPUSD.i	H1	1.35465	1.35435	1.35584	1.35420
4357	2025.09.12 13:00	GBPUSD.i	H1	1.35568	1.35462	1.35563	1.35421
4358	2025.09.12 14:00	GBPUSD.i	H1	1.35487	1.35478	1.35548	1.35424
4359	2025.09.12 15:00	GBPUSD.i	H1	1.35433	1.35424	1.35523	1.35425
4360	2025.09.12 16:00	GBPUSD.i	H1	1.35466	1.35419	1.35502	1.35425
4361	2025.09.12 17:00	GBPUSD.i	H1	1.35587	1.35484	1.35499	1.35428
4362	2025.09.12 18:00	GBPUSD.i	H1	1.35452	1.35489	1.35497	1.35431
4363	2025.09.12 19:00	GBPUSD.i	H1	1.35600	1.35523	1.35503	1.35433
4364	2025.09.12 20:00	GBPUSD.i	H1	1.35597	1.35575	1.35518	1.35438
4365	2025.09.12 21:00	GBPUSD.i	H1	1.35697	1.35628	1.35541	1.35444
4366	2025.09.12 22:00	GBPUSD.i	H1	1.35616	1.35648	1.35564	1.35450
4367	2025.09.12 23:00	GBPUSD.i	H1	1.35561	1.35623	1.35576	1.35454
4368	2025.09.15 00:00	GBPUSD.i	H1	1.35564	1.35583	1.35576	1.35456
4369	2025.09.15 01:00	GBPUSD.i	H1	1.35569	1.35579	1.35576	1.35459
4370	2025.09.15 02:00	GBPUSD.i	H1	1.35525	1.35563	1.35573	1.35462
4371	2025.09.15 03:00	GBPUSD.i	H1	1.35557	1.35548	1.35567	1.35464
4372	2025.09.15 04:00	GBPUSD.i	H1	1.35588	1.35558	1.35566	1.35466
4373	2025.09.15 05:00	GBPUSD.i	H1	1.35601	1.35571	1.35567	1.35469
4374	2025.09.15 06:00	GBPUSD.i	H1	1.35648	1.35614	1.35579	1.35474
4375	2025.09.15 07:00	GBPUSD.i	H1	1.35670	1.35649	1.35595	1.35479
4376	2025.09.15 08:00	GBPUSD.i	H1	1.35615	1.35652	1.35608	1.35484
4377	2025.09.15 09:00	GBPUSD.i	H1	1.35626	1.35640	1.35616	1.35488
4378	2025.09.15 10:00	GBPUSD.i	H1	1.35819	1.35719	1.35641	1.35494
4379	2025.09.15 11:00	GBPUSD.i	H1	1.35819	1.35805	1.35679	1.35503
4380	2025.09.15 12:00	GBPUSD.i	H1	1.35921	1.35874	1.35725	1.35514
4381	2025.09.15 13:00	GBPUSD.i	H1	1.36070	1.35981	1.35785	1.35526
4382	2025.09.15 14:00	GBPUSD.i	H1	1.36150	1.36089	1.35857	1.35542
4383	2025.09.15 15:00	GBPUSD.i	H1	1.36147	1.36156	1.35928	1.35558
4384	2025.09.15 16:00	GBPUSD.i	H1	1.35959	1.36136	1.35980	1.35573
4385	2025.09.15 17:00	GBPUSD.i	H1	1.35893	1.36053	1.36002	1.35584
4386	2025.09.15 18:00	GBPUSD.i	H1	1.36068	1.36045	1.36020	1.35594
4387	2025.09.15 19:00	GBPUSD.i	H1	1.35988	1.36039	1.36034	1.35606
4388	2025.09.15 20:00	GBPUSD.i	H1	1.36090	1.36053	1.36049	1.35617
4389	2025.09.15 21:00	GBPUSD.i	H1	1.36053	1.36060	1.36062	1.35629
4390	2025.09.15 22:00	GBPUSD.i	H1	1.36091	1.36076	1.36077	1.35641
4391	2025.09.15 23:00	GBPUSD.i	H1	1.35961	1.36050	1.36082	1.35653
4392	2025.09.16 00:00	GBPUSD.i	H1	1.36004	1.36019	1.36080	1.35662
4393	2025.09.16 01:00	GBPUSD.i	H1	1.36034	1.36017	1.36077	1.35672
4394	2025.09.16 02:00	GBPUSD.i	H1	1.36009	1.36016	1.36075	1.35681
4395	2025.09.16 03:00	GBPUSD.i	H1	1.36017	1.36013	1.36071	1.35691
4396	2025.09.16 04:00	GBPUSD.i	H1	1.36031	1.36014	1.36069	1.35700
4397	2025.09.16 05:00	GBPUSD.i	H1	1.36121	1.36050	1.36074	1.35710
4398	2025.09.16 06:00	GBPUSD.i	H1	1.36173	1.36112	1.36092	1.35722
4399	2025.09.16 07:00	GBPUSD.i	H1	1.36155	1.36138	1.36110	1.35734
4400	2025.09.16 08:00	GBPUSD.i	H1	1.36196	1.36168	1.36131	1.35746
4401	2025.09.16 09:00	GBPUSD.i	H1	1.36299	1.36233	1.36162	1.35760
4402	2025.09.16 10:00	GBPUSD.i	H1	1.36282	1.36293	1.36199	1.35775
4403	2025.09.16 11:00	GBPUSD.i	H1	1.36266	1.36315	1.36232	1.35790
4404	2025.09.16 12:00	GBPUSD.i	H1	1.36420	1.36365	1.36270	1.35805
4405	2025.09.16 13:00	GBPUSD.i	H1	1.36267	1.36362	1.36298	1.35820
4406	2025.09.16 14:00	GBPUSD.i	H1	1.36431	1.36393	1.36328	1.35835
4407	2025.09.16 15:00	GBPUSD.i	H1	1.36406	1.36399	1.36353	1.35850
4408	2025.09.16 16:00	GBPUSD.i	H1	1.36580	1.36473	1.36389	1.35866
4409	2025.09.16 17:00	GBPUSD.i	H1	1.36566	1.36551	1.36436	1.35886
4410	2025.09.16 18:00	GBPUSD.i	H1	1.36529	1.36550	1.36472	1.35904
4411	2025.09.16 19:00	GBPUSD.i	H1	1.36579	1.36583	1.36507	1.35922
4412	2025.09.16 20:00	GBPUSD.i	H1	1.36585	1.36610	1.36542	1.35940
4413	2025.09.16 21:00	GBPUSD.i	H1	1.36594	1.36623	1.36572	1.35958
4414	2025.09.16 22:00	GBPUSD.i	H1	1.36511	1.36600	1.36590	1.35975
4415	2025.09.16 23:00	GBPUSD.i	H1	1.36434	1.36544	1.36592	1.35990
4416	2025.09.17 00:00	GBPUSD.i	H1	1.36448	1.36503	1.36585	1.36003
4417	2025.09.17 01:00	GBPUSD.i	H1	1.36499	1.36488	1.36576	1.36016
4418	2025.09.17 02:00	GBPUSD.i	H1	1.36524	1.36498	1.36571	1.36029
4419	2025.09.17 03:00	GBPUSD.i	H1	1.36450	1.36492	1.36566	1.36043
4420	2025.09.17 04:00	GBPUSD.i	H1	1.36432	1.36458	1.36553	1.36055
4421	2025.09.17 05:00	GBPUSD.i	H1	1.36431	1.36435	1.36537	1.36065
4422	2025.09.17 06:00	GBPUSD.i	H1	1.36430	1.36423	1.36521	1.36075
4423	2025.09.17 07:00	GBPUSD.i	H1	1.36418	1.36411	1.36505	1.36085
4424	2025.09.17 08:00	GBPUSD.i	H1	1.36485	1.36425	1.36496	1.36095
4425	2025.09.17 09:00	GBPUSD.i	H1	1.36399	1.36415	1.36484	1.36105
4426	2025.09.17 10:00	GBPUSD.i	H1	1.36346	1.36376	1.36466	1.36112
4427	2025.09.17 11:00	GBPUSD.i	H1	1.36402	1.36383	1.36453	1.36120
4428	2025.09.17 12:00	GBPUSD.i	H1	1.36483	1.36422	1.36450	1.36129
4429	2025.09.17 13:00	GBPUSD.i	H1	1.36442	1.36433	1.36450	1.36138
4430	2025.09.17 14:00	GBPUSD.i	H1	1.36468	1.36446	1.36452	1.36147
4431	2025.09.17 15:00	GBPUSD.i	H1	1.36540	1.36475	1.36459	1.36157
4432	2025.09.17 16:00	GBPUSD.i	H1	1.36625	1.36532	1.36478	1.36167
4433	2025.09.17 17:00	GBPUSD.i	H1	1.36592	1.36586	1.36504	1.36180
4434	2025.09.17 18:00	GBPUSD.i	H1	1.36589	1.36608	1.36528	1.36192
4435	2025.09.17 19:00	GBPUSD.i	H1	1.36650	1.36639	1.36555	1.36204
4436	2025.09.17 20:00	GBPUSD.i	H1	1.36664	1.36660	1.36580	1.36216
4437	2025.09.17 21:00	GBPUSD.i	H1	1.36396	1.36664	1.36601	1.36228
4438	2025.09.17 22:00	GBPUSD.i	H1	1.36372	1.36576	1.36598	1.36236
4439	2025.09.17 23:00	GBPUSD.i	H1	1.36218	1.36425	1.36561	1.36240
4440	2025.09.18 00:00	GBPUSD.i	H1	1.36261	1.36317	1.36510	1.36240
4441	2025.09.18 01:00	GBPUSD.i	H1	1.36294	1.36276	1.36461	1.36241
4442	2025.09.18 02:00	GBPUSD.i	H1	1.36293	1.36262	1.36419	1.36243
4443	2025.09.18 03:00	GBPUSD.i	H1	1.36269	1.36234	1.36380	1.36244
4444	2025.09.18 04:00	GBPUSD.i	H1	1.36175	1.36190	1.36338	1.36243
4445	2025.09.18 05:00	GBPUSD.i	H1	1.36274	1.36191	1.36305	1.36242
4446	2025.09.18 06:00	GBPUSD.i	H1	1.36207	1.36192	1.36279	1.36242
4447	2025.09.18 07:00	GBPUSD.i	H1	1.36065	1.36135	1.36244	1.36241
4448	2025.09.18 08:00	GBPUSD.i	H1	1.35968	1.36046	1.36195	1.36235
4449	2025.09.18 09:00	GBPUSD.i	H1	1.35950	1.35973	1.36140	1.36228
4450	2025.09.18 10:00	GBPUSD.i	H1	1.36330	1.36066	1.36118	1.36224
4451	2025.09.18 11:00	GBPUSD.i	H1	1.36394	1.36205	1.36131	1.36226
4452	2025.09.18 12:00	GBPUSD.i	H1	1.36456	1.36334	1.36170	1.36232
4453	2025.09.18 13:00	GBPUSD.i	H1	1.36491	1.36427	1.36220	1.36238
4454	2025.09.18 14:00	GBPUSD.i	H1	1.36215	1.36401	1.36252	1.36243
4455	2025.09.18 15:00	GBPUSD.i	H1	1.35945	1.36246	1.36242	1.36241
4456	2025.09.18 16:00	GBPUSD.i	H1	1.35509	1.35933	1.36163	1.36229
4457	2025.09.18 17:00	GBPUSD.i	H1	1.35521	1.35716	1.36055	1.36211
4458	2025.09.18 18:00	GBPUSD.i	H1	1.35478	1.35547	1.35934	1.36192
4459	2025.09.18 19:00	GBPUSD.i	H1	1.35526	1.35461	1.35821	1.36173
4460	2025.09.18 20:00	GBPUSD.i	H1	1.35552	1.35445	1.35729	1.36155
4461	2025.09.18 21:00	GBPUSD.i	H1	1.35530	1.35423	1.35651	1.36138
4462	2025.09.18 22:00	GBPUSD.i	H1	1.35486	1.35418	1.35587	1.36121
4463	2025.09.18 23:00	GBPUSD.i	H1	1.35514	1.35415	1.35534	1.36104
4464	2025.09.19 00:00	GBPUSD.i	H1	1.35536	1.35427	1.35494	1.36087
4465	2025.09.19 01:00	GBPUSD.i	H1	1.35519	1.35453	1.35467	1.36071
4466	2025.09.19 02:00	GBPUSD.i	H1	1.35549	1.35481	1.35451	1.36056
4467	2025.09.19 03:00	GBPUSD.i	H1	1.35488	1.35473	1.35436	1.36041
4468	2025.09.19 04:00	GBPUSD.i	H1	1.35386	1.35440	1.35416	1.36025
4469	2025.09.19 05:00	GBPUSD.i	H1	1.35411	1.35404	1.35393	1.36007
4470	2025.09.19 06:00	GBPUSD.i	H1	1.35505	1.35443	1.35384	1.35992
4471	2025.09.19 07:00	GBPUSD.i	H1	1.35443	1.35462	1.35381	1.35978
4472	2025.09.19 08:00	GBPUSD.i	H1	1.35442	1.35461	1.35380	1.35964
4473	2025.09.19 09:00	GBPUSD.i	H1	1.35076	1.35321	1.35347	1.35945
4474	2025.09.19 10:00	GBPUSD.i	H1	1.34911	1.35136	1.35280	1.35921
4475	2025.09.19 11:00	GBPUSD.i	H1	1.34994	1.35011	1.35202	1.35894
4476	2025.09.19 12:00	GBPUSD.i	H1	1.35047	1.34983	1.35136	1.35869
4477	2025.09.19 13:00	GBPUSD.i	H1	1.34965	1.34955	1.35078	1.35845
4478	2025.09.19 14:00	GBPUSD.i	H1	1.34773	1.34862	1.35012	1.35820
4479	2025.09.19 15:00	GBPUSD.i	H1	1.34684	1.34754	1.34935	1.35791
4480	2025.09.19 16:00	GBPUSD.i	H1	1.34897	1.34755	1.34876	1.35762
4481	2025.09.19 17:00	GBPUSD.i	H1	1.34821	1.34777	1.34834	1.35737
4482	2025.09.19 18:00	GBPUSD.i	H1	1.34823	1.34764	1.34798	1.35712
4483	2025.09.19 19:00	GBPUSD.i	H1	1.34826	1.34758	1.34768	1.35687
4484	2025.09.19 20:00	GBPUSD.i	H1	1.34761	1.34754	1.34743	1.35662
4485	2025.09.19 21:00	GBPUSD.i	H1	1.34691	1.34719	1.34715	1.35636
4486	2025.09.19 22:00	GBPUSD.i	H1	1.34723	1.34705	1.34691	1.35611
4487	2025.09.19 23:00	GBPUSD.i	H1	1.34668	1.34687	1.34668	1.35585
4488	2025.09.22 00:00	GBPUSD.i	H1	1.34624	1.34646	1.34641	1.35560
4489	2025.09.22 01:00	GBPUSD.i	H1	1.34710	1.34655	1.34623	1.35535
4490	2025.09.22 02:00	GBPUSD.i	H1	1.34625	1.34649	1.34608	1.35511
4491	2025.09.22 03:00	GBPUSD.i	H1	1.34675	1.34640	1.34595	1.35487
4492	2025.09.22 04:00	GBPUSD.i	H1	1.34662	1.34658	1.34589	1.35464
4493	2025.09.22 05:00	GBPUSD.i	H1	1.34592	1.34636	1.34581	1.35441
4494	2025.09.22 06:00	GBPUSD.i	H1	1.34621	1.34628	1.34573	1.35418
4495	2025.09.22 07:00	GBPUSD.i	H1	1.34605	1.34606	1.34563	1.35396
4496	2025.09.22 08:00	GBPUSD.i	H1	1.34718	1.34641	1.34564	1.35375
4497	2025.09.22 09:00	GBPUSD.i	H1	1.34746	1.34701	1.34579	1.35356
4498	2025.09.22 10:00	GBPUSD.i	H1	1.34785	1.34748	1.34602	1.35340
4499	2025.09.22 11:00	GBPUSD.i	H1	1.34959	1.34847	1.34644	1.35326
4500	2025.09.22 12:00	GBPUSD.i	H1	1.35022	1.34942	1.34699	1.35316
4501	2025.09.22 13:00	GBPUSD.i	H1	1.34994	1.35004	1.34756	1.35307
4502	2025.09.22 14:00	GBPUSD.i	H1	1.34982	1.35022	1.34806	1.35298
4503	2025.09.22 15:00	GBPUSD.i	H1	1.35084	1.35067	1.34857	1.35290
4504	2025.09.22 16:00	GBPUSD.i	H1	1.35070	1.35098	1.34905	1.35284
4505	2025.09.22 17:00	GBPUSD.i	H1	1.34945	1.35071	1.34939	1.35276
4506	2025.09.22 18:00	GBPUSD.i	H1	1.35024	1.35059	1.34964	1.35268
4507	2025.09.22 19:00	GBPUSD.i	H1	1.35082	1.35094	1.34993	1.35262
4508	2025.09.22 20:00	GBPUSD.i	H1	1.35163	1.35132	1.35026	1.35258
4509	2025.09.22 21:00	GBPUSD.i	H1	1.35168	1.35170	1.35062	1.35255
4510	2025.09.22 22:00	GBPUSD.i	H1	1.35161	1.35188	1.35095	1.35253
4511	2025.09.22 23:00	GBPUSD.i	H1	1.35103	1.35175	1.35118	1.35250
4512	2025.09.23 00:00	GBPUSD.i	H1	1.35094	1.35139	1.35129	1.35246
4513	2025.09.23 01:00	GBPUSD.i	H1	1.35141	1.35143	1.35139	1.35242
4514	2025.09.23 02:00	GBPUSD.i	H1	1.35140	1.35149	1.35149	1.35239
4515	2025.09.23 03:00	GBPUSD.i	H1	1.35204	1.35165	1.35161	1.35237
4516	2025.09.23 04:00	GBPUSD.i	H1	1.35230	1.35196	1.35177	1.35236
4517	2025.09.23 05:00	GBPUSD.i	H1	1.35091	1.35170	1.35184	1.35234
4518	2025.09.23 06:00	GBPUSD.i	H1	1.35157	1.35145	1.35183	1.35231
4519	2025.09.23 07:00	GBPUSD.i	H1	1.35073	1.35120	1.35177	1.35227
4520	2025.09.23 08:00	GBPUSD.i	H1	1.35072	1.35097	1.35167	1.35224
4521	2025.09.23 09:00	GBPUSD.i	H1	1.35156	1.35108	1.35161	1.35220
4522	2025.09.23 10:00	GBPUSD.i	H1	1.35204	1.35128	1.35161	1.35218
4523	2025.09.23 11:00	GBPUSD.i	H1	1.35036	1.35093	1.35152	1.35215
4524	2025.09.23 12:00	GBPUSD.i	H1	1.35050	1.35067	1.35139	1.35211
4525	2025.09.23 13:00	GBPUSD.i	H1	1.35107	1.35067	1.35128	1.35207
4526	2025.09.23 14:00	GBPUSD.i	H1	1.35145	1.35093	1.35126	1.35204
4527	2025.09.23 15:00	GBPUSD.i	H1	1.35246	1.35147	1.35135	1.35204
4528	2025.09.23 16:00	GBPUSD.i	H1	1.35173	1.35176	1.35148	1.35204
4529	2025.09.23 17:00	GBPUSD.i	H1	1.35245	1.35193	1.35161	1.35204
4530	2025.09.23 18:00	GBPUSD.i	H1	1.35165	1.35187	1.35170	1.35203
4531	2025.09.23 19:00	GBPUSD.i	H1	1.35208	1.35184	1.35176	1.35202
4532	2025.09.23 20:00	GBPUSD.i	H1	1.35167	1.35192	1.35182	1.35202
4533	2025.09.23 21:00	GBPUSD.i	H1	1.35165	1.35186	1.35186	1.35201
4534	2025.09.23 22:00	GBPUSD.i	H1	1.35251	1.35205	1.35193	1.35201
4535	2025.09.23 23:00	GBPUSD.i	H1	1.35245	1.35225	1.35203	1.35202
4536	2025.09.24 00:00	GBPUSD.i	H1	1.35190	1.35205	1.35206	1.35202
4537	2025.09.24 01:00	GBPUSD.i	H1	1.35252	1.35224	1.35213	1.35202
4538	2025.09.24 02:00	GBPUSD.i	H1	1.35240	1.35237	1.35222	1.35203
4539	2025.09.24 03:00	GBPUSD.i	H1	1.35148	1.35215	1.35223	1.35203
4540	2025.09.24 04:00	GBPUSD.i	H1	1.35109	1.35168	1.35213	1.35202
4541	2025.09.24 05:00	GBPUSD.i	H1	1.35109	1.35141	1.35200	1.35199
4542	2025.09.24 06:00	GBPUSD.i	H1	1.35070	1.35110	1.35182	1.35197
4543	2025.09.24 07:00	GBPUSD.i	H1	1.35087	1.35086	1.35163	1.35194
4544	2025.09.24 08:00	GBPUSD.i	H1	1.35061	1.35064	1.35143	1.35190
4545	2025.09.24 09:00	GBPUSD.i	H1	1.34986	1.35023	1.35118	1.35186
4546	2025.09.24 10:00	GBPUSD.i	H1	1.34847	1.34945	1.35080	1.35180
4547	2025.09.24 11:00	GBPUSD.i	H1	1.34837	1.34855	1.35029	1.35170
4548	2025.09.24 12:00	GBPUSD.i	H1	1.34775	1.34793	1.34975	1.35160
4549	2025.09.24 13:00	GBPUSD.i	H1	1.34644	1.34714	1.34915	1.35148
4550	2025.09.24 14:00	GBPUSD.i	H1	1.34574	1.34627	1.34847	1.35135
4551	2025.09.24 15:00	GBPUSD.i	H1	1.34455	1.34529	1.34771	1.35119
4552	2025.09.24 16:00	GBPUSD.i	H1	1.34375	1.34409	1.34684	1.35100
4553	2025.09.24 17:00	GBPUSD.i	H1	1.34512	1.34379	1.34608	1.35081
4554	2025.09.24 18:00	GBPUSD.i	H1	1.34471	1.34389	1.34550	1.35064
4555	2025.09.24 19:00	GBPUSD.i	H1	1.34427	1.34377	1.34500	1.35047
4556	2025.09.24 20:00	GBPUSD.i	H1	1.34537	1.34410	1.34467	1.35031
4557	2025.09.24 21:00	GBPUSD.i	H1	1.34484	1.34428	1.34444	1.35016
4558	2025.09.24 22:00	GBPUSD.i	H1	1.34462	1.34433	1.34426	1.35001
4559	2025.09.24 23:00	GBPUSD.i	H1	1.34459	1.34437	1.34412	1.34986
4560	2025.09.25 00:00	GBPUSD.i	H1	1.34451	1.34434	1.34400	1.34971
4561	2025.09.25 01:00	GBPUSD.i	H1	1.34507	1.34457	1.34396	1.34957
4562	2025.09.25 02:00	GBPUSD.i	H1	1.34492	1.34481	1.34398	1.34945
4563	2025.09.25 03:00	GBPUSD.i	H1	1.34566	1.34516	1.34408	1.34933
4564	2025.09.25 04:00	GBPUSD.i	H1	1.34538	1.34537	1.34421	1.34922
4565	2025.09.25 05:00	GBPUSD.i	H1	1.34584	1.34569	1.34439	1.34912
4566	2025.09.25 06:00	GBPUSD.i	H1	1.34612	1.34597	1.34461	1.34903
4567	2025.09.25 07:00	GBPUSD.i	H1	1.34629	1.34627	1.34485	1.34895
4568	2025.09.25 08:00	GBPUSD.i	H1	1.34549	1.34617	1.34503	1.34887
4569	2025.09.25 09:00	GBPUSD.i	H1	1.34646	1.34625	1.34520	1.34878
4570	2025.09.25 10:00	GBPUSD.i	H1	1.34374	1.34559	1.34520	1.34869
4571	2025.09.25 11:00	GBPUSD.i	H1	1.34525	1.34518	1.34511	1.34858
4572	2025.09.25 12:00	GBPUSD.i	H1	1.34497	1.34517	1.34506	1.34847
4573	2025.09.25 13:00	GBPUSD.i	H1	1.34464	1.34506	1.34500	1.34838
4574	2025.09.25 14:00	GBPUSD.i	H1	1.34215	1.34399	1.34472	1.34826
4575	2025.09.25 15:00	GBPUSD.i	H1	1.33837	1.34156	1.34395	1.34806
4576	2025.09.25 16:00	GBPUSD.i	H1	1.33704	1.33922	1.34283	1.34779
4577	2025.09.25 17:00	GBPUSD.i	H1	1.33476	1.33702	1.34146	1.34748
4578	2025.09.25 18:00	GBPUSD.i	H1	1.33483	1.33512	1.33997	1.34715
4579	2025.09.25 19:00	GBPUSD.i	H1	1.33391	1.33391	1.33853	1.34680
4580	2025.09.25 20:00	GBPUSD.i	H1	1.33352	1.33285	1.33715	1.34644
4581	2025.09.25 21:00	GBPUSD.i	H1	1.33339	1.33218	1.33589	1.34608
4582	2025.09.25 22:00	GBPUSD.i	H1	1.33367	1.33216	1.33489	1.34573
4583	2025.09.25 23:00	GBPUSD.i	H1	1.33402	1.33249	1.33415	1.34540
4584	2025.09.26 00:00	GBPUSD.i	H1	1.33341	1.33254	1.33356	1.34508
4585	2025.09.26 01:00	GBPUSD.i	H1	1.33437	1.33296	1.33317	1.34476
4586	2025.09.26 02:00	GBPUSD.i	H1	1.33351	1.33310	1.33287	1.34446
4587	2025.09.26 03:00	GBPUSD.i	H1	1.33452	1.33339	1.33270	1.34417
4588	2025.09.26 04:00	GBPUSD.i	H1	1.33416	1.33377	1.33264	1.34389
4589	2025.09.26 05:00	GBPUSD.i	H1	1.33497	1.33432	1.33272	1.34363
4590	2025.09.26 06:00	GBPUSD.i	H1	1.33536	1.33485	1.33290	1.34339
4591	2025.09.26 07:00	GBPUSD.i	H1	1.33542	1.33523	1.33314	1.34317
4592	2025.09.26 08:00	GBPUSD.i	H1	1.33536	1.33555	1.33341	1.34295
4593	2025.09.26 09:00	GBPUSD.i	H1	1.33638	1.33598	1.33373	1.34275
4594	2025.09.26 10:00	GBPUSD.i	H1	1.33525	1.33603	1.33401	1.34256
4595	2025.09.26 11:00	GBPUSD.i	H1	1.33649	1.33636	1.33433	1.34237
4596	2025.09.26 12:00	GBPUSD.i	H1	1.33525	1.33625	1.33457	1.34219
4597	2025.09.26 13:00	GBPUSD.i	H1	1.33461	1.33576	1.33466	1.34200
4598	2025.09.26 14:00	GBPUSD.i	H1	1.33503	1.33551	1.33470	1.34180
4599	2025.09.26 15:00	GBPUSD.i	H1	1.33767	1.33618	1.33491	1.34164
4600	2025.09.26 16:00	GBPUSD.i	H1	1.33846	1.33734	1.33535	1.34152
4601	2025.09.26 17:00	GBPUSD.i	H1	1.34016	1.33878	1.33604	1.34145
4602	2025.09.26 18:00	GBPUSD.i	H1	1.34017	1.33991	1.33684	1.34141
4603	2025.09.26 19:00	GBPUSD.i	H1	1.33983	1.34049	1.33761	1.34138
4604	2025.09.26 20:00	GBPUSD.i	H1	1.34046	1.34087	1.33830	1.34135
4605	2025.09.26 21:00	GBPUSD.i	H1	1.34095	1.34123	1.33895	1.34133
4606	2025.09.26 22:00	GBPUSD.i	H1	1.34078	1.34137	1.33950	1.34131
4607	2025.09.26 23:00	GBPUSD.i	H1	1.33970	1.34103	1.33988	1.34128
4608	2025.09.29 00:00	GBPUSD.i	H1	1.33973	1.34044	1.34005	1.34124
4609	2025.09.29 01:00	GBPUSD.i	H1	1.34044	1.34048	1.34022	1.34120
4610	2025.09.29 02:00	GBPUSD.i	H1	1.34073	1.34070	1.34042	1.34118
4611	2025.09.29 03:00	GBPUSD.i	H1	1.34238	1.34136	1.34073	1.34118
4612	2025.09.29 04:00	GBPUSD.i	H1	1.34267	1.34200	1.34112	1.34121
4613	2025.09.29 05:00	GBPUSD.i	H1	1.34296	1.34267	1.34159	1.34125
4614	2025.09.29 06:00	GBPUSD.i	H1	1.34319	1.34315	1.34205	1.34130
4615	2025.09.29 07:00	GBPUSD.i	H1	1.34375	1.34360	1.34252	1.34136
4616	2025.09.29 08:00	GBPUSD.i	H1	1.34417	1.34401	1.34298	1.34142
4617	2025.09.29 09:00	GBPUSD.i	H1	1.34380	1.34416	1.34338	1.34149
4618	2025.09.29 10:00	GBPUSD.i	H1	1.34465	1.34450	1.34377	1.34157
4619	2025.09.29 11:00	GBPUSD.i	H1	1.34354	1.34442	1.34406	1.34164
4620	2025.09.29 12:00	GBPUSD.i	H1	1.34311	1.34410	1.34421	1.34169
4621	2025.09.29 13:00	GBPUSD.i	H1	1.34282	1.34358	1.34422	1.34174
4622	2025.09.29 14:00	GBPUSD.i	H1	1.34474	1.34376	1.34427	1.34178
4623	2025.09.29 15:00	GBPUSD.i	H1	1.34515	1.34425	1.34442	1.34185
4624	2025.09.29 16:00	GBPUSD.i	H1	1.34382	1.34430	1.34455	1.34193
4625	2025.09.29 17:00	GBPUSD.i	H1	1.34182	1.34343	1.34444	1.34197
4626	2025.09.29 18:00	GBPUSD.i	H1	1.34321	1.34307	1.34427	1.34199
4627	2025.09.29 19:00	GBPUSD.i	H1	1.34309	1.34296	1.34411	1.34201
4628	2025.09.29 20:00	GBPUSD.i	H1	1.34250	1.34274	1.34393	1.34204
4629	2025.09.29 21:00	GBPUSD.i	H1	1.34379	1.34289	1.34381	1.34207
4630	2025.09.29 22:00	GBPUSD.i	H1	1.34359	1.34314	1.34377	1.34211
4631	2025.09.29 23:00	GBPUSD.i	H1	1.34290	1.34308	1.34371	1.34214
4632	2025.09.30 00:00	GBPUSD.i	H1	1.34252	1.34272	1.34357	1.34216
4633	2025.09.30 01:00	GBPUSD.i	H1	1.34337	1.34279	1.34347	1.34218
4634	2025.09.30 02:00	GBPUSD.i	H1	1.34348	1.34307	1.34344	1.34221
4635	2025.09.30 03:00	GBPUSD.i	H1	1.34248	1.34286	1.34337	1.34223
4636	2025.09.30 04:00	GBPUSD.i	H1	1.34227	1.34270	1.34326	1.34225
4637	2025.09.30 05:00	GBPUSD.i	H1	1.34310	1.34268	1.34317	1.34226
4638	2025.09.30 06:00	GBPUSD.i	H1	1.34352	1.34296	1.34316	1.34228
4639	2025.09.30 07:00	GBPUSD.i	H1	1.34381	1.34320	1.34320	1.34231
4640	2025.09.30 08:00	GBPUSD.i	H1	1.34337	1.34349	1.34329	1.34235
4641	2025.09.30 09:00	GBPUSD.i	H1	1.34404	1.34379	1.34342	1.34239
4642	2025.09.30 10:00	GBPUSD.i	H1	1.34467	1.34414	1.34360	1.34244
4643	2025.09.30 11:00	GBPUSD.i	H1	1.34456	1.34447	1.34381	1.34250
4644	2025.09.30 12:00	GBPUSD.i	H1	1.34443	1.34460	1.34401	1.34256
4645	2025.09.30 13:00	GBPUSD.i	H1	1.34375	1.34450	1.34414	1.34260
4646	2025.09.30 14:00	GBPUSD.i	H1	1.34369	1.34411	1.34415	1.34264
4647	2025.09.30 15:00	GBPUSD.i	H1	1.34421	1.34425	1.34420	1.34267
4648	2025.09.30 16:00	GBPUSD.i	H1	1.34433	1.34395	1.34417	1.34271
4649	2025.09.30 17:00	GBPUSD.i	H1	1.34617	1.34468	1.34432	1.34276
4650	2025.09.30 18:00	GBPUSD.i	H1	1.34429	1.34478	1.34445	1.34283
4651	2025.09.30 19:00	GBPUSD.i	H1	1.34588	1.34514	1.34464	1.34289
4652	2025.09.30 20:00	GBPUSD.i	H1	1.34512	1.34541	1.34485	1.34296
4653	2025.09.30 21:00	GBPUSD.i	H1	1.34487	1.34520	1.34496	1.34302
4654	2025.09.30 22:00	GBPUSD.i	H1	1.34487	1.34509	1.34503	1.34307
4655	2025.09.30 23:00	GBPUSD.i	H1	1.34425	1.34476	1.34501	1.34311
4656	2025.10.01 00:00	GBPUSD.i	H1	1.34423	1.34443	1.34492	1.34314
4657	2025.10.01 01:00	GBPUSD.i	H1	1.34440	1.34444	1.34485	1.34317
4658	2025.10.01 02:00	GBPUSD.i	H1	1.34424	1.34442	1.34480	1.34321
4659	2025.10.01 03:00	GBPUSD.i	H1	1.34406	1.34418	1.34470	1.34324
4660	2025.10.01 04:00	GBPUSD.i	H1	1.34419	1.34401	1.34458	1.34326
4661	2025.10.01 05:00	GBPUSD.i	H1	1.34412	1.34392	1.34447	1.34328
4662	2025.10.01 06:00	GBPUSD.i	H1	1.34408	1.34387	1.34436	1.34330
4663	2025.10.01 07:00	GBPUSD.i	H1	1.34632	1.34464	1.34445	1.34334
4664	2025.10.01 08:00	GBPUSD.i	H1	1.34554	1.34539	1.34469	1.34341
4665	2025.10.01 09:00	GBPUSD.i	H1	1.34661	1.34611	1.34503	1.34349
4666	2025.10.01 10:00	GBPUSD.i	H1	1.34671	1.34653	1.34538	1.34358
4667	2025.10.01 11:00	GBPUSD.i	H1	1.34674	1.34702	1.34577	1.34367
4668	2025.10.01 12:00	GBPUSD.i	H1	1.34644	1.34711	1.34609	1.34376
4669	2025.10.01 13:00	GBPUSD.i	H1	1.34710	1.34716	1.34636	1.34384
4670	2025.10.01 14:00	GBPUSD.i	H1	1.34820	1.34776	1.34671	1.34394
4671	2025.10.01 15:00	GBPUSD.i	H1	1.35125	1.34913	1.34730	1.34409
4672	2025.10.01 16:00	GBPUSD.i	H1	1.35151	1.35068	1.34812	1.34428
4673	2025.10.01 17:00	GBPUSD.i	H1	1.35066	1.35119	1.34887	1.34447
4674	2025.10.01 18:00	GBPUSD.i	H1	1.34717	1.35024	1.34925	1.34461
4675	2025.10.01 19:00	GBPUSD.i	H1	1.34740	1.34900	1.34927	1.34470
4676	2025.10.01 20:00	GBPUSD.i	H1	1.34727	1.34829	1.34915	1.34477
4677	2025.10.01 21:00	GBPUSD.i	H1	1.34858	1.34816	1.34904	1.34485
4678	2025.10.01 22:00	GBPUSD.i	H1	1.34796	1.34813	1.34895	1.34495
4679	2025.10.01 23:00	GBPUSD.i	H1	1.34750	1.34777	1.34880	1.34503
4680	2025.10.02 00:00	GBPUSD.i	H1	1.34775	1.34754	1.34863	1.34510
4681	2025.10.02 01:00	GBPUSD.i	H1	1.34790	1.34758	1.34850	1.34517
4682	2025.10.02 02:00	GBPUSD.i	H1	1.34782	1.34767	1.34841	1.34525
4683	2025.10.02 03:00	GBPUSD.i	H1	1.34694	1.34737	1.34826	1.34531
4684	2025.10.02 04:00	GBPUSD.i	H1	1.34839	1.34749	1.34817	1.34537
4685	2025.10.02 05:00	GBPUSD.i	H1	1.34808	1.34778	1.34815	1.34545
4686	2025.10.02 06:00	GBPUSD.i	H1	1.34780	1.34777	1.34813	1.34552
4687	2025.10.02 07:00	GBPUSD.i	H1	1.34754	1.34765	1.34807	1.34558
4688	2025.10.02 08:00	GBPUSD.i	H1	1.34752	1.34750	1.34799	1.34564
4689	2025.10.02 09:00	GBPUSD.i	H1	1.34895	1.34789	1.34801	1.34570
4690	2025.10.02 10:00	GBPUSD.i	H1	1.34942	1.34863	1.34818	1.34579
4691	2025.10.02 11:00	GBPUSD.i	H1	1.35046	1.34948	1.34851	1.34590
4692	2025.10.02 12:00	GBPUSD.i	H1	1.34986	1.34995	1.34886	1.34602
4693	2025.10.02 13:00	GBPUSD.i	H1	1.34800	1.34950	1.34903	1.34611
4694	2025.10.02 14:00	GBPUSD.i	H1	1.34762	1.34871	1.34898	1.34617
4695	2025.10.02 15:00	GBPUSD.i	H1	1.34657	1.34791	1.34877	1.34620
4696	2025.10.02 16:00	GBPUSD.i	H1	1.34304	1.34599	1.34817	1.34618
4697	2025.10.02 17:00	GBPUSD.i	H1	1.34206	1.34378	1.34720	1.34610
4698	2025.10.02 18:00	GBPUSD.i	H1	1.34212	1.34221	1.34610	1.34598
4699	2025.10.02 19:00	GBPUSD.i	H1	1.34390	1.34211	1.34522	1.34588
4700	2025.10.02 20:00	GBPUSD.i	H1	1.34378	1.34248	1.34461	1.34582
4701	2025.10.02 21:00	GBPUSD.i	H1	1.34467	1.34299	1.34423	1.34578
4702	2025.10.02 22:00	GBPUSD.i	H1	1.34431	1.34350	1.34402	1.34574
4703	2025.10.02 23:00	GBPUSD.i	H1	1.34368	1.34364	1.34387	1.34570
4704	2025.10.03 00:00	GBPUSD.i	H1	1.34397	1.34356	1.34372	1.34565
4705	2025.10.03 01:00	GBPUSD.i	H1	1.34409	1.34391	1.34367	1.34561
4706	2025.10.03 02:00	GBPUSD.i	H1	1.34462	1.34414	1.34367	1.34558
4707	2025.10.03 03:00	GBPUSD.i	H1	1.34446	1.34425	1.34369	1.34554
4708	2025.10.03 04:00	GBPUSD.i	H1	1.34449	1.34430	1.34372	1.34551
4709	2025.10.03 05:00	GBPUSD.i	H1	1.34395	1.34421	1.34372	1.34547
4710	2025.10.03 06:00	GBPUSD.i	H1	1.34447	1.34423	1.34373	1.34543
4711	2025.10.03 07:00	GBPUSD.i	H1	1.34351	1.34410	1.34372	1.34539
4712	2025.10.03 08:00	GBPUSD.i	H1	1.34323	1.34374	1.34363	1.34534
4713	2025.10.03 09:00	GBPUSD.i	H1	1.34339	1.34363	1.34354	1.34529
4714	2025.10.03 10:00	GBPUSD.i	H1	1.34600	1.34437	1.34365	1.34526
4715	2025.10.03 11:00	GBPUSD.i	H1	1.34578	1.34520	1.34393	1.34527
4716	2025.10.03 12:00	GBPUSD.i	H1	1.34537	1.34532	1.34417	1.34528
4717	2025.10.03 13:00	GBPUSD.i	H1	1.34521	1.34543	1.34439	1.34528
4718	2025.10.03 14:00	GBPUSD.i	H1	1.34491	1.34535	1.34455	1.34527
4719	2025.10.03 15:00	GBPUSD.i	H1	1.34583	1.34538	1.34469	1.34527
4720	2025.10.03 16:00	GBPUSD.i	H1	1.34655	1.34586	1.34492	1.34528
4721	2025.10.03 17:00	GBPUSD.i	H1	1.34718	1.34650	1.34525	1.34531
4722	2025.10.03 18:00	GBPUSD.i	H1	1.34794	1.34726	1.34569	1.34537
4723	2025.10.03 19:00	GBPUSD.i	H1	1.34775	1.34780	1.34616	1.34543
4724	2025.10.03 20:00	GBPUSD.i	H1	1.34710	1.34785	1.34654	1.34549
4725	2025.10.03 21:00	GBPUSD.i	H1	1.34798	1.34788	1.34685	1.34555
4726	2025.10.03 22:00	GBPUSD.i	H1	1.34829	1.34820	1.34718	1.34561
4727	2025.10.03 23:00	GBPUSD.i	H1	1.34752	1.34823	1.34745	1.34567
4728	2025.10.06 00:00	GBPUSD.i	H1	1.34377	1.34629	1.34723	1.34568
4729	2025.10.06 01:00	GBPUSD.i	H1	1.34347	1.34480	1.34673	1.34562
4730	2025.10.06 02:00	GBPUSD.i	H1	1.34316	1.34376	1.34612	1.34556
4731	2025.10.06 03:00	GBPUSD.i	H1	1.34400	1.34333	1.34555	1.34550
4732	2025.10.06 04:00	GBPUSD.i	H1	1.34497	1.34357	1.34516	1.34546
4733	2025.10.06 05:00	GBPUSD.i	H1	1.34546	1.34418	1.34499	1.34545
4734	2025.10.06 06:00	GBPUSD.i	H1	1.34517	1.34461	1.34494	1.34544
4735	2025.10.06 07:00	GBPUSD.i	H1	1.34466	1.34468	1.34489	1.34544
4736	2025.10.06 08:00	GBPUSD.i	H1	1.34433	1.34455	1.34482	1.34542
4737	2025.10.06 09:00	GBPUSD.i	H1	1.34415	1.34423	1.34467	1.34538
4738	2025.10.06 10:00	GBPUSD.i	H1	1.34431	1.34442	1.34460	1.34536
4739	2025.10.06 11:00	GBPUSD.i	H1	1.34358	1.34383	1.34441	1.34532
4740	2025.10.06 12:00	GBPUSD.i	H1	1.34369	1.34348	1.34417	1.34526
4741	2025.10.06 13:00	GBPUSD.i	H1	1.34223	1.34299	1.34388	1.34520
4742	2025.10.06 14:00	GBPUSD.i	H1	1.34248	1.34256	1.34355	1.34513
4743	2025.10.06 15:00	GBPUSD.i	H1	1.34375	1.34277	1.34334	1.34507
4744	2025.10.06 16:00	GBPUSD.i	H1	1.34613	1.34395	1.34344	1.34505
4745	2025.10.06 17:00	GBPUSD.i	H1	1.34796	1.34568	1.34390	1.34509
4746	2025.10.06 18:00	GBPUSD.i	H1	1.34750	1.34685	1.34452	1.34516
4747	2025.10.06 19:00	GBPUSD.i	H1	1.34752	1.34740	1.34512	1.34522
4748	2025.10.06 20:00	GBPUSD.i	H1	1.34840	1.34810	1.34575	1.34529
4749	2025.10.06 21:00	GBPUSD.i	H1	1.34824	1.34858	1.34636	1.34537
4750	2025.10.06 22:00	GBPUSD.i	H1	1.34816	1.34887	1.34691	1.34545
4751	2025.10.06 23:00	GBPUSD.i	H1	1.34831	1.34896	1.34737	1.34553
4752	2025.10.07 00:00	GBPUSD.i	H1	1.34774	1.34871	1.34769	1.34560
4753	2025.10.07 01:00	GBPUSD.i	H1	1.34816	1.34867	1.34795	1.34567
4754	2025.10.07 02:00	GBPUSD.i	H1	1.34841	1.34869	1.34817	1.34574
4755	2025.10.07 03:00	GBPUSD.i	H1	1.34821	1.34856	1.34832	1.34581
4756	2025.10.07 04:00	GBPUSD.i	H1	1.34739	1.34820	1.34837	1.34587
4757	2025.10.07 05:00	GBPUSD.i	H1	1.34759	1.34794	1.34835	1.34592
4758	2025.10.07 06:00	GBPUSD.i	H1	1.34761	1.34781	1.34832	1.34597
4759	2025.10.07 07:00	GBPUSD.i	H1	1.34695	1.34751	1.34823	1.34601
4760	2025.10.07 08:00	GBPUSD.i	H1	1.34598	1.34679	1.34799	1.34603
4761	2025.10.07 09:00	GBPUSD.i	H1	1.34530	1.34589	1.34760	1.34602
4762	2025.10.07 10:00	GBPUSD.i	H1	1.34368	1.34472	1.34702	1.34598
4763	2025.10.07 11:00	GBPUSD.i	H1	1.34370	1.34395	1.34640	1.34592
4764	2025.10.07 12:00	GBPUSD.i	H1	1.34437	1.34359	1.34582	1.34587
4765	2025.10.07 13:00	GBPUSD.i	H1	1.34256	1.34300	1.34523	1.34580
4766	2025.10.07 14:00	GBPUSD.i	H1	1.34013	1.34152	1.34441	1.34570
4767	2025.10.07 15:00	GBPUSD.i	H1	1.34143	1.34066	1.34357	1.34556
4768	2025.10.07 16:00	GBPUSD.i	H1	1.34179	1.34074	1.34291	1.34544
4769	2025.10.07 17:00	GBPUSD.i	H1	1.34313	1.34125	1.34250	1.34535
4770	2025.10.07 18:00	GBPUSD.i	H1	1.34401	1.34241	1.34243	1.34530
4771	2025.10.07 19:00	GBPUSD.i	H1	1.34426	1.34329	1.34254	1.34527
4772	2025.10.07 20:00	GBPUSD.i	H1	1.34406	1.34388	1.34275	1.34524
4773	2025.10.07 21:00	GBPUSD.i	H1	1.34300	1.34373	1.34286	1.34521
4774	2025.10.07 22:00	GBPUSD.i	H1	1.34213	1.34311	1.34281	1.34514
4775	2025.10.07 23:00	GBPUSD.i	H1	1.34264	1.34280	1.34269	1.34506
4776	2025.10.08 00:00	GBPUSD.i	H1	1.34273	1.34273	1.34260	1.34499
4777	2025.10.08 01:00	GBPUSD.i	H1	1.34253	1.34265	1.34251	1.34493
4778	2025.10.08 02:00	GBPUSD.i	H1	1.34201	1.34240	1.34240	1.34486
4779	2025.10.08 03:00	GBPUSD.i	H1	1.34158	1.34199	1.34221	1.34478
4780	2025.10.08 04:00	GBPUSD.i	H1	1.33970	1.34109	1.34187	1.34467
4781	2025.10.08 05:00	GBPUSD.i	H1	1.33969	1.34025	1.34142	1.34454
4782	2025.10.08 06:00	GBPUSD.i	H1	1.33994	1.33973	1.34096	1.34441
4783	2025.10.08 07:00	GBPUSD.i	H1	1.33936	1.33936	1.34051	1.34427
4784	2025.10.08 08:00	GBPUSD.i	H1	1.33915	1.33893	1.34007	1.34413
4785	2025.10.08 09:00	GBPUSD.i	H1	1.33967	1.33885	1.33970	1.34399
4786	2025.10.08 10:00	GBPUSD.i	H1	1.34171	1.33967	1.33960	1.34389
4787	2025.10.08 11:00	GBPUSD.i	H1	1.34083	1.34040	1.33968	1.34381
4788	2025.10.08 12:00	GBPUSD.i	H1	1.34031	1.34051	1.33976	1.34373
4789	2025.10.08 13:00	GBPUSD.i	H1	1.34126	1.34098	1.33992	1.34365
4790	2025.10.08 14:00	GBPUSD.i	H1	1.34074	1.34101	1.34005	1.34358
4791	2025.10.08 15:00	GBPUSD.i	H1	1.34191	1.34139	1.34025	1.34352
4792	2025.10.08 16:00	GBPUSD.i	H1	1.34247	1.34203	1.34055	1.34347
4793	2025.10.08 17:00	GBPUSD.i	H1	1.34209	1.34251	1.34091	1.34345
4794	2025.10.08 18:00	GBPUSD.i	H1	1.33888	1.34149	1.34095	1.34339
4795	2025.10.08 19:00	GBPUSD.i	H1	1.33876	1.34002	1.34066	1.34327
4796	2025.10.08 20:00	GBPUSD.i	H1	1.33807	1.33905	1.34024	1.34313
4797	2025.10.08 21:00	GBPUSD.i	H1	1.33893	1.33849	1.33979	1.34300
4798	2025.10.08 22:00	GBPUSD.i	H1	1.33995	1.33882	1.33953	1.34289
4799	2025.10.08 23:00	GBPUSD.i	H1	1.34016	1.33931	1.33944	1.34280
4800	2025.10.09 00:00	GBPUSD.i	H1	1.34011	1.33953	1.33941	1.34273
4801	2025.10.09 01:00	GBPUSD.i	H1	1.34061	1.33995	1.33948	1.34265
4802	2025.10.09 02:00	GBPUSD.i	H1	1.34002	1.34010	1.33957	1.34259
4803	2025.10.09 03:00	GBPUSD.i	H1	1.34098	1.34045	1.33971	1.34253
4804	2025.10.09 04:00	GBPUSD.i	H1	1.34096	1.34091	1.33993	1.34249
4805	2025.10.09 05:00	GBPUSD.i	H1	1.34162	1.34127	1.34018	1.34245
4806	2025.10.09 06:00	GBPUSD.i	H1	1.34150	1.34147	1.34043	1.34243
4807	2025.10.09 07:00	GBPUSD.i	H1	1.34125	1.34150	1.34063	1.34239
4808	2025.10.09 08:00	GBPUSD.i	H1	1.34055	1.34135	1.34076	1.34236
4809	2025.10.09 09:00	GBPUSD.i	H1	1.33642	1.33962	1.34047	1.34227
4810	2025.10.09 10:00	GBPUSD.i	H1	1.33524	1.33765	1.33981	1.34212
4811	2025.10.09 11:00	GBPUSD.i	H1	1.33616	1.33631	1.33901	1.34194
4812	2025.10.09 12:00	GBPUSD.i	H1	1.33871	1.33660	1.33846	1.34179
4813	2025.10.09 13:00	GBPUSD.i	H1	1.33696	1.33676	1.33806	1.34168
4814	2025.10.09 14:00	GBPUSD.i	H1	1.33750	1.33670	1.33773	1.34156
4815	2025.10.09 15:00	GBPUSD.i	H1	1.33845	1.33714	1.33756	1.34145
4816	2025.10.09 16:00	GBPUSD.i	H1	1.33686	1.33709	1.33740	1.34135
4817	2025.10.09 17:00	GBPUSD.i	H1	1.33322	1.33559	1.33692	1.34119
4818	2025.10.09 18:00	GBPUSD.i	H1	1.33090	1.33316	1.33599	1.34096
4819	2025.10.09 19:00	GBPUSD.i	H1	1.32939	1.33111	1.33480	1.34067
4820	2025.10.09 20:00	GBPUSD.i	H1	1.32982	1.32976	1.33356	1.34037
4821	2025.10.09 21:00	GBPUSD.i	H1	1.32813	1.32852	1.33232	1.34006
4822	2025.10.09 22:00	GBPUSD.i	H1	1.32966	1.32813	1.33125	1.33975
4823	2025.10.09 23:00	GBPUSD.i	H1	1.33007	1.32844	1.33047	1.33947
4824	2025.10.10 00:00	GBPUSD.i	H1	1.33033	1.32870	1.32989	1.33920
4825	2025.10.10 01:00	GBPUSD.i	H1	1.33002	1.32906	1.32950	1.33895
4826	2025.10.10 02:00	GBPUSD.i	H1	1.33027	1.32928	1.32923	1.33870
4827	2025.10.10 03:00	GBPUSD.i	H1	1.33045	1.32957	1.32907	1.33846
4828	2025.10.10 04:00	GBPUSD.i	H1	1.33019	1.32988	1.32901	1.33824
4829	2025.10.10 05:00	GBPUSD.i	H1	1.33083	1.33025	1.32904	1.33802
4830	2025.10.10 06:00	GBPUSD.i	H1	1.33117	1.33071	1.32917	1.33782
4831	2025.10.10 07:00	GBPUSD.i	H1	1.33087	1.33092	1.32932	1.33763
4832	2025.10.10 08:00	GBPUSD.i	H1	1.33065	1.33106	1.32948	1.33745
4833	2025.10.10 09:00	GBPUSD.i	H1	1.32960	1.33062	1.32951	1.33725
4834	2025.10.10 10:00	GBPUSD.i	H1	1.33030	1.33022	1.32947	1.33704
4835	2025.10.10 11:00	GBPUSD.i	H1	1.33081	1.33045	1.32950	1.33685
4836	2025.10.10 12:00	GBPUSD.i	H1	1.32908	1.33009	1.32946	1.33666
4837	2025.10.10 13:00	GBPUSD.i	H1	1.32618	1.32880	1.32914	1.33643
4838	2025.10.10 14:00	GBPUSD.i	H1	1.32719	1.32783	1.32870	1.33618
4839	2025.10.10 15:00	GBPUSD.i	H1	1.32792	1.32767	1.32833	1.33594
4840	2025.10.10 16:00	GBPUSD.i	H1	1.32774	1.32745	1.32800	1.33571
4841	2025.10.10 17:00	GBPUSD.i	H1	1.33027	1.32826	1.32794	1.33551
4842	2025.10.10 18:00	GBPUSD.i	H1	1.33425	1.33093	1.32850	1.33540
4843	2025.10.10 19:00	GBPUSD.i	H1	1.33451	1.33304	1.32941	1.33537
4844	2025.10.10 20:00	GBPUSD.i	H1	1.33448	1.33407	1.33034	1.33534
4845	2025.10.10 21:00	GBPUSD.i	H1	1.33462	1.33494	1.33127	1.33532
4846	2025.10.10 22:00	GBPUSD.i	H1	1.33497	1.33548	1.33213	1.33531
4847	2025.10.10 23:00	GBPUSD.i	H1	1.33501	1.33561	1.33285	1.33529
4848	2025.10.13 00:00	GBPUSD.i	H1	1.33318	1.33493	1.33328	1.33525
4849	2025.10.13 01:00	GBPUSD.i	H1	1.33419	1.33492	1.33364	1.33521
4850	2025.10.13 02:00	GBPUSD.i	H1	1.33357	1.33470	1.33390	1.33518
4851	2025.10.13 03:00	GBPUSD.i	H1	1.33506	1.33480	1.33415	1.33516
4852	2025.10.13 04:00	GBPUSD.i	H1	1.33545	1.33515	1.33444	1.33515
4853	2025.10.13 05:00	GBPUSD.i	H1	1.33521	1.33549	1.33475	1.33515
4854	2025.10.13 06:00	GBPUSD.i	H1	1.33533	1.33553	1.33501	1.33516
4855	2025.10.13 07:00	GBPUSD.i	H1	1.33565	1.33571	1.33527	1.33517
4856	2025.10.13 08:00	GBPUSD.i	H1	1.33480	1.33559	1.33544	1.33517
4857	2025.10.13 09:00	GBPUSD.i	H1	1.33484	1.33556	1.33557	1.33518
4858	2025.10.13 10:00	GBPUSD.i	H1	1.33348	1.33477	1.33550	1.33516
4859	2025.10.13 11:00	GBPUSD.i	H1	1.33262	1.33368	1.33519	1.33511
4860	2025.10.13 12:00	GBPUSD.i	H1	1.33373	1.33341	1.33490	1.33505
4861	2025.10.13 13:00	GBPUSD.i	H1	1.33365	1.33330	1.33465	1.33501
4862	2025.10.13 14:00	GBPUSD.i	H1	1.33308	1.33331	1.33444	1.33497
4863	2025.10.13 15:00	GBPUSD.i	H1	1.33337	1.33314	1.33424	1.33493
4864	2025.10.13 16:00	GBPUSD.i	H1	1.33328	1.33302	1.33404	1.33488
4865	2025.10.13 17:00	GBPUSD.i	H1	1.33267	1.33269	1.33379	1.33483
4866	2025.10.13 18:00	GBPUSD.i	H1	1.33283	1.33263	1.33358	1.33477
4867	2025.10.13 19:00	GBPUSD.i	H1	1.33303	1.33271	1.33342	1.33472
4868	2025.10.13 20:00	GBPUSD.i	H1	1.33321	1.33278	1.33331	1.33468
4869	2025.10.13 21:00	GBPUSD.i	H1	1.33340	1.33305	1.33327	1.33464
4870	2025.10.13 22:00	GBPUSD.i	H1	1.33307	1.33315	1.33325	1.33461
4871	2025.10.13 23:00	GBPUSD.i	H1	1.33315	1.33313	1.33322	1.33457
4872	2025.10.14 00:00	GBPUSD.i	H1	1.33314	1.33311	1.33319	1.33453
4873	2025.10.14 01:00	GBPUSD.i	H1	1.33308	1.33316	1.33318	1.33449
4874	2025.10.14 02:00	GBPUSD.i	H1	1.33323	1.33314	1.33316	1.33445
4875	2025.10.14 03:00	GBPUSD.i	H1	1.33363	1.33323	1.33316	1.33442
4876	2025.10.14 04:00	GBPUSD.i	H1	1.33435	1.33371	1.33327	1.33440
4877	2025.10.14 05:00	GBPUSD.i	H1	1.33436	1.33406	1.33344	1.33440
4878	2025.10.14 06:00	GBPUSD.i	H1	1.33451	1.33437	1.33364	1.33440
4879	2025.10.14 07:00	GBPUSD.i	H1	1.33520	1.33476	1.33388	1.33441
4880	2025.10.14 08:00	GBPUSD.i	H1	1.33404	1.33474	1.33407	1.33441
4881	2025.10.14 09:00	GBPUSD.i	H1	1.32801	1.33247	1.33369	1.33435
4882	2025.10.14 10:00	GBPUSD.i	H1	1.32567	1.32935	1.33270	1.33418
4883	2025.10.14 11:00	GBPUSD.i	H1	1.32838	1.32788	1.33161	1.33398
4884	2025.10.14 12:00	GBPUSD.i	H1	1.32677	1.32694	1.33055	1.33379
4885	2025.10.14 13:00	GBPUSD.i	H1	1.32646	1.32610	1.32954	1.33360
4886	2025.10.14 14:00	GBPUSD.i	H1	1.32688	1.32586	1.32868	1.33340
4887	2025.10.14 15:00	GBPUSD.i	H1	1.32614	1.32543	1.32789	1.33321
4888	2025.10.14 16:00	GBPUSD.i	H1	1.32819	1.32617	1.32743	1.33304
4889	2025.10.14 17:00	GBPUSD.i	H1	1.32967	1.32739	1.32732	1.33292
4890	2025.10.14 18:00	GBPUSD.i	H1	1.33178	1.32897	1.32757	1.33284
4891	2025.10.14 19:00	GBPUSD.i	H1	1.33176	1.33046	1.32808	1.33280
4892	2025.10.14 20:00	GBPUSD.i	H1	1.33276	1.33165	1.32874	1.33278
4893	2025.10.14 21:00	GBPUSD.i	H1	1.33275	1.33252	1.32944	1.33277
4894	2025.10.14 22:00	GBPUSD.i	H1	1.33257	1.33303	1.33011	1.33276
4895	2025.10.14 23:00	GBPUSD.i	H1	1.33176	1.33295	1.33063	1.33275
4896	2025.10.15 00:00	GBPUSD.i	H1	1.33171	1.33271	1.33099	1.33273
4897	2025.10.15 01:00	GBPUSD.i	H1	1.33188	1.33258	1.33127	1.33270
4898	2025.10.15 02:00	GBPUSD.i	H1	1.33217	1.33257	1.33150	1.33268
4899	2025.10.15 03:00	GBPUSD.i	H1	1.33286	1.33279	1.33176	1.33267
4900	2025.10.15 04:00	GBPUSD.i	H1	1.33399	1.33333	1.33210	1.33268
4901	2025.10.15 05:00	GBPUSD.i	H1	1.33492	1.33420	1.33258	1.33272
4902	2025.10.15 06:00	GBPUSD.i	H1	1.33510	1.33491	1.33312	1.33278
4903	2025.10.15 07:00	GBPUSD.i	H1	1.33487	1.33523	1.33362	1.33284
4904	2025.10.15 08:00	GBPUSD.i	H1	1.33525	1.33553	1.33409	1.33291
4905	2025.10.15 09:00	GBPUSD.i	H1	1.33624	1.33614	1.33461	1.33299
4906	2025.10.15 10:00	GBPUSD.i	H1	1.33499	1.33597	1.33498	1.33306
4907	2025.10.15 11:00	GBPUSD.i	H1	1.33456	1.33560	1.33520	1.33311
4908	2025.10.15 12:00	GBPUSD.i	H1	1.33508	1.33534	1.33532	1.33316
4909	2025.10.15 13:00	GBPUSD.i	H1	1.33646	1.33568	1.33551	1.33322
4910	2025.10.15 14:00	GBPUSD.i	H1	1.33516	1.33573	1.33567	1.33329
4911	2025.10.15 15:00	GBPUSD.i	H1	1.33459	1.33534	1.33570	1.33334
4912	2025.10.15 16:00	GBPUSD.i	H1	1.33494	1.33496	1.33565	1.33338
4913	2025.10.15 17:00	GBPUSD.i	H1	1.33650	1.33539	1.33571	1.33343
4914	2025.10.15 18:00	GBPUSD.i	H1	1.33938	1.33697	1.33611	1.33354
4915	2025.10.15 19:00	GBPUSD.i	H1	1.33905	1.33813	1.33668	1.33369
4916	2025.10.15 20:00	GBPUSD.i	H1	1.33768	1.33833	1.33716	1.33382
4917	2025.10.15 21:00	GBPUSD.i	H1	1.33826	1.33841	1.33755	1.33393
4918	2025.10.15 22:00	GBPUSD.i	H1	1.33934	1.33891	1.33796	1.33406
4919	2025.10.15 23:00	GBPUSD.i	H1	1.34013	1.33968	1.33847	1.33421
4920	2025.10.16 00:00	GBPUSD.i	H1	1.33910	1.33973	1.33887	1.33436
4921	2025.10.16 01:00	GBPUSD.i	H1	1.34033	1.34012	1.33928	1.33451
4922	2025.10.16 02:00	GBPUSD.i	H1	1.34032	1.34042	1.33967	1.33467
4923	2025.10.16 03:00	GBPUSD.i	H1	1.34219	1.34124	1.34017	1.33484
4924	2025.10.16 04:00	GBPUSD.i	H1	1.34358	1.34252	1.34085	1.33505
4925	2025.10.16 05:00	GBPUSD.i	H1	1.34308	1.34326	1.34154	1.33528
4926	2025.10.16 06:00	GBPUSD.i	H1	1.34219	1.34328	1.34209	1.33550
4927	2025.10.16 07:00	GBPUSD.i	H1	1.34140	1.34279	1.34241	1.33568
4928	2025.10.16 08:00	GBPUSD.i	H1	1.34168	1.34242	1.34258	1.33584
4929	2025.10.16 09:00	GBPUSD.i	H1	1.34107	1.34195	1.34262	1.33600
4930	2025.10.16 10:00	GBPUSD.i	H1	1.34264	1.34202	1.34267	1.33616
4931	2025.10.16 11:00	GBPUSD.i	H1	1.34382	1.34275	1.34287	1.33634
4932	2025.10.16 12:00	GBPUSD.i	H1	1.34360	1.34327	1.34315	1.33654
4933	2025.10.16 13:00	GBPUSD.i	H1	1.34338	1.34361	1.34343	1.33674
4934	2025.10.16 14:00	GBPUSD.i	H1	1.34406	1.34372	1.34367	1.33693
4935	2025.10.16 15:00	GBPUSD.i	H1	1.34475	1.34396	1.34391	1.33712
4936	2025.10.16 16:00	GBPUSD.i	H1	1.34205	1.34369	1.34402	1.33730
4937	2025.10.16 17:00	GBPUSD.i	H1	1.34335	1.34325	1.34401	1.33746
4938	2025.10.16 18:00	GBPUSD.i	H1	1.34228	1.34289	1.34391	1.33760
4939	2025.10.16 19:00	GBPUSD.i	H1	1.34267	1.34262	1.34378	1.33774
4940	2025.10.16 20:00	GBPUSD.i	H1	1.34379	1.34305	1.34376	1.33789
4941	2025.10.16 21:00	GBPUSD.i	H1	1.34348	1.34303	1.34374	1.33804
4942	2025.10.16 22:00	GBPUSD.i	H1	1.34339	1.34316	1.34374	1.33819
4943	2025.10.16 23:00	GBPUSD.i	H1	1.34335	1.34324	1.34374	1.33833
4944	2025.10.17 00:00	GBPUSD.i	H1	1.34306	1.34314	1.34372	1.33847
4945	2025.10.17 01:00	GBPUSD.i	H1	1.34368	1.34340	1.34375	1.33860
4946	2025.10.17 02:00	GBPUSD.i	H1	1.34437	1.34376	1.34384	1.33875
4947	2025.10.17 03:00	GBPUSD.i	H1	1.34470	1.34422	1.34402	1.33891
4948	2025.10.17 04:00	GBPUSD.i	H1	1.34385	1.34432	1.34416	1.33906
4949	2025.10.17 05:00	GBPUSD.i	H1	1.34441	1.34430	1.34427	1.33921
4950	2025.10.17 06:00	GBPUSD.i	H1	1.34481	1.34458	1.34441	1.33935
4951	2025.10.17 07:00	GBPUSD.i	H1	1.34520	1.34488	1.34459	1.33951
4952	2025.10.17 08:00	GBPUSD.i	H1	1.34680	1.34570	1.34491	1.33968
4953	2025.10.17 09:00	GBPUSD.i	H1	1.34554	1.34596	1.34522	1.33986
4954	2025.10.17 10:00	GBPUSD.i	H1	1.34320	1.34508	1.34525	1.34000
4955	2025.10.17 11:00	GBPUSD.i	H1	1.34237	1.34381	1.34499	1.34008
4956	2025.10.17 12:00	GBPUSD.i	H1	1.34355	1.34343	1.34471	1.34016
4957	2025.10.17 13:00	GBPUSD.i	H1	1.34342	1.34328	1.34446	1.34025
4958	2025.10.17 14:00	GBPUSD.i	H1	1.34348	1.34329	1.34426	1.34034
4959	2025.10.17 15:00	GBPUSD.i	H1	1.34120	1.34246	1.34391	1.34040
4960	2025.10.17 16:00	GBPUSD.i	H1	1.34038	1.34151	1.34342	1.34043
4961	2025.10.17 17:00	GBPUSD.i	H1	1.33917	1.34036	1.34277	1.34043
4962	2025.10.17 18:00	GBPUSD.i	H1	1.34220	1.34037	1.34226	1.34043
4963	2025.10.17 19:00	GBPUSD.i	H1	1.34171	1.34087	1.34196	1.34046
4964	2025.10.17 20:00	GBPUSD.i	H1	1.34166	1.34109	1.34177	1.34050
4965	2025.10.17 21:00	GBPUSD.i	H1	1.34338	1.34181	1.34176	1.34055
4966	2025.10.17 22:00	GBPUSD.i	H1	1.34376	1.34260	1.34193	1.34063
4967	2025.10.17 23:00	GBPUSD.i	H1	1.34225	1.34271	1.34206	1.34069
4968	2025.10.20 00:00	GBPUSD.i	H1	1.34202	1.34245	1.34210	1.34074
4969	2025.10.20 01:00	GBPUSD.i	H1	1.34277	1.34254	1.34215	1.34078
4970	2025.10.20 02:00	GBPUSD.i	H1	1.34249	1.34265	1.34222	1.34083
4971	2025.10.20 03:00	GBPUSD.i	H1	1.34340	1.34289	1.34233	1.34089
4972	2025.10.20 04:00	GBPUSD.i	H1	1.34325	1.34312	1.34247	1.34095
4973	2025.10.20 05:00	GBPUSD.i	H1	1.34354	1.34350	1.34267	1.34102
4974	2025.10.20 06:00	GBPUSD.i	H1	1.34400	1.34378	1.34289	1.34110
4975	2025.10.20 07:00	GBPUSD.i	H1	1.34357	1.34394	1.34310	1.34117
4976	2025.10.20 08:00	GBPUSD.i	H1	1.34404	1.34400	1.34329	1.34124
4977	2025.10.20 09:00	GBPUSD.i	H1	1.34169	1.34336	1.34329	1.34130
4978	2025.10.20 10:00	GBPUSD.i	H1	1.34157	1.34254	1.34311	1.34132
4979	2025.10.20 11:00	GBPUSD.i	H1	1.34276	1.34232	1.34294	1.34133
4980	2025.10.20 12:00	GBPUSD.i	H1	1.34280	1.34258	1.34287	1.34137
4981	2025.10.20 13:00	GBPUSD.i	H1	1.34103	1.34213	1.34271	1.34140
4982	2025.10.20 14:00	GBPUSD.i	H1	1.34118	1.34140	1.34241	1.34140
4983	2025.10.20 15:00	GBPUSD.i	H1	1.34257	1.34161	1.34224	1.34140
4984	2025.10.20 16:00	GBPUSD.i	H1	1.34043	1.34125	1.34202	1.34141
4985	2025.10.20 17:00	GBPUSD.i	H1	1.34162	1.34121	1.34183	1.34140
4986	2025.10.20 18:00	GBPUSD.i	H1	1.34199	1.34145	1.34173	1.34141
4987	2025.10.20 19:00	GBPUSD.i	H1	1.34157	1.34149	1.34166	1.34142
4988	2025.10.20 20:00	GBPUSD.i	H1	1.34019	1.34104	1.34150	1.34141
4989	2025.10.20 21:00	GBPUSD.i	H1	1.34092	1.34077	1.34131	1.34139
4990	2025.10.20 22:00	GBPUSD.i	H1	1.34063	1.34068	1.34114	1.34138
4991	2025.10.20 23:00	GBPUSD.i	H1	1.34020	1.34049	1.34096	1.34136
4992	2025.10.21 00:00	GBPUSD.i	H1	1.34047	1.34035	1.34078	1.34133
4993	2025.10.21 01:00	GBPUSD.i	H1	1.34038	1.34032	1.34064	1.34131
4994	2025.10.21 02:00	GBPUSD.i	H1	1.34043	1.34027	1.34051	1.34128
4995	2025.10.21 03:00	GBPUSD.i	H1	1.34141	1.34061	1.34049	1.34127
4996	2025.10.21 04:00	GBPUSD.i	H1	1.34002	1.34051	1.34044	1.34125
4997	2025.10.21 05:00	GBPUSD.i	H1	1.33926	1.33998	1.34028	1.34122
4998	2025.10.21 06:00	GBPUSD.i	H1	1.33928	1.33952	1.34006	1.34116
4999	2025.10.21 07:00	GBPUSD.i	H1	1.33920	1.33921	1.33981	1.34111
5000	2025.10.21 08:00	GBPUSD.i	H1	1.33750	1.33853	1.33947	1.34104
5001	2025.10.21 09:00	GBPUSD.i	H1	1.33899	1.33832	1.33915	1.34096
5002	2025.10.21 10:00	GBPUSD.i	H1	1.33930	1.33848	1.33894	1.34090
5003	2025.10.21 11:00	GBPUSD.i	H1	1.33799	1.33823	1.33872	1.34084
5004	2025.10.21 12:00	GBPUSD.i	H1	1.33845	1.33817	1.33853	1.34077
5005	2025.10.21 13:00	GBPUSD.i	H1	1.33828	1.33792	1.33832	1.34069
5006	2025.10.21 14:00	GBPUSD.i	H1	1.33844	1.33802	1.33817	1.34062
5007	2025.10.21 15:00	GBPUSD.i	H1	1.33865	1.33801	1.33806	1.34056
5008	2025.10.21 16:00	GBPUSD.i	H1	1.33763	1.33770	1.33790	1.34048
5009	2025.10.21 17:00	GBPUSD.i	H1	1.33727	1.33750	1.33772	1.34040
5010	2025.10.21 18:00	GBPUSD.i	H1	1.33887	1.33791	1.33768	1.34033
5011	2025.10.21 19:00	GBPUSD.i	H1	1.33732	1.33798	1.33767	1.34027
5012	2025.10.21 20:00	GBPUSD.i	H1	1.33722	1.33751	1.33755	1.34020
5013	2025.10.21 21:00	GBPUSD.i	H1	1.33725	1.33738	1.33743	1.34011
5014	2025.10.21 22:00	GBPUSD.i	H1	1.33718	1.33724	1.33731	1.34004
5015	2025.10.21 23:00	GBPUSD.i	H1	1.33677	1.33697	1.33715	1.33995
5016	2025.10.22 00:00	GBPUSD.i	H1	1.33677	1.33672	1.33698	1.33986
5017	2025.10.22 01:00	GBPUSD.i	H1	1.33685	1.33671	1.33684	1.33977
5018	2025.10.22 02:00	GBPUSD.i	H1	1.33650	1.33660	1.33671	1.33969
5019	2025.10.22 03:00	GBPUSD.i	H1	1.33711	1.33672	1.33664	1.33961
5020	2025.10.22 04:00	GBPUSD.i	H1	1.33708	1.33692	1.33663	1.33954
5021	2025.10.22 05:00	GBPUSD.i	H1	1.33760	1.33723	1.33669	1.33948
5022	2025.10.22 06:00	GBPUSD.i	H1	1.33739	1.33734	1.33677	1.33942
5023	2025.10.22 07:00	GBPUSD.i	H1	1.33791	1.33760	1.33689	1.33937
5024	2025.10.22 08:00	GBPUSD.i	H1	1.33825	1.33801	1.33708	1.33933
5025	2025.10.22 09:00	GBPUSD.i	H1	1.33348	1.33664	1.33691	1.33926
5026	2025.10.22 10:00	GBPUSD.i	H1	1.33221	1.33463	1.33633	1.33911
5027	2025.10.22 11:00	GBPUSD.i	H1	1.33205	1.33304	1.33554	1.33892
5028	2025.10.22 12:00	GBPUSD.i	H1	1.33189	1.33215	1.33472	1.33873
5029	2025.10.22 13:00	GBPUSD.i	H1	1.33127	1.33132	1.33390	1.33853
5030	2025.10.22 14:00	GBPUSD.i	H1	1.33278	1.33137	1.33327	1.33835
5031	2025.10.22 15:00	GBPUSD.i	H1	1.33236	1.33151	1.33280	1.33818
5032	2025.10.22 16:00	GBPUSD.i	H1	1.33417	1.33212	1.33256	1.33804
5033	2025.10.22 17:00	GBPUSD.i	H1	1.33546	1.33341	1.33265	1.33793
5034	2025.10.22 18:00	GBPUSD.i	H1	1.33703	1.33499	1.33306	1.33787
5035	2025.10.22 19:00	GBPUSD.i	H1	1.33711	1.33621	1.33365	1.33785
5036	2025.10.22 20:00	GBPUSD.i	H1	1.33599	1.33660	1.33419	1.33781
5037	2025.10.22 21:00	GBPUSD.i	H1	1.33556	1.33650	1.33459	1.33776
5038	2025.10.22 22:00	GBPUSD.i	H1	1.33566	1.33637	1.33488	1.33771
5039	2025.10.22 23:00	GBPUSD.i	H1	1.33540	1.33625	1.33509	1.33765
5040	2025.10.23 00:00	GBPUSD.i	H1	1.33525	1.33592	1.33520	1.33759
5041	2025.10.23 01:00	GBPUSD.i	H1	1.33559	1.33589	1.33530	1.33753
5042	2025.10.23 02:00	GBPUSD.i	H1	1.33505	1.33564	1.33533	1.33747
5043	2025.10.23 03:00	GBPUSD.i	H1	1.33453	1.33513	1.33525	1.33740
5044	2025.10.23 04:00	GBPUSD.i	H1	1.33391	1.33463	1.33509	1.33731
5045	2025.10.23 05:00	GBPUSD.i	H1	1.33365	1.33410	1.33485	1.33722
5046	2025.10.23 06:00	GBPUSD.i	H1	1.33329	1.33369	1.33458	1.33712
5047	2025.10.23 07:00	GBPUSD.i	H1	1.33389	1.33348	1.33432	1.33702
5048	2025.10.23 08:00	GBPUSD.i	H1	1.33475	1.33384	1.33420	1.33694
5049	2025.10.23 09:00	GBPUSD.i	H1	1.33495	1.33434	1.33422	1.33688
5050	2025.10.23 10:00	GBPUSD.i	H1	1.33508	1.33466	1.33430	1.33683
5051	2025.10.23 11:00	GBPUSD.i	H1	1.33496	1.33483	1.33440	1.33677
5052	2025.10.23 12:00	GBPUSD.i	H1	1.33487	1.33498	1.33450	1.33673
5053	2025.10.23 13:00	GBPUSD.i	H1	1.33369	1.33462	1.33450	1.33667
5054	2025.10.23 14:00	GBPUSD.i	H1	1.33359	1.33419	1.33441	1.33659
5055	2025.10.23 15:00	GBPUSD.i	H1	1.33430	1.33405	1.33430	1.33651
5056	2025.10.23 16:00	GBPUSD.i	H1	1.33268	1.33363	1.33413	1.33643
5057	2025.10.23 17:00	GBPUSD.i	H1	1.33218	1.33305	1.33386	1.33634
5058	2025.10.23 18:00	GBPUSD.i	H1	1.33208	1.33235	1.33350	1.33622
5059	2025.10.23 19:00	GBPUSD.i	H1	1.33125	1.33182	1.33310	1.33610
5060	2025.10.23 20:00	GBPUSD.i	H1	1.33170	1.33145	1.33270	1.33598
5061	2025.10.23 21:00	GBPUSD.i	H1	1.33232	1.33154	1.33240	1.33586
5062	2025.10.23 22:00	GBPUSD.i	H1	1.33239	1.33180	1.33223	1.33576
5063	2025.10.23 23:00	GBPUSD.i	H1	1.33234	1.33197	1.33212	1.33567
5064	2025.10.24 00:00	GBPUSD.i	H1	1.33237	1.33202	1.33204	1.33558
5065	2025.10.24 01:00	GBPUSD.i	H1	1.33263	1.33229	1.33204	1.33549
5066	2025.10.24 02:00	GBPUSD.i	H1	1.33266	1.33244	1.33206	1.33541
5067	2025.10.24 03:00	GBPUSD.i	H1	1.33300	1.33270	1.33214	1.33534
5068	2025.10.24 04:00	GBPUSD.i	H1	1.33213	1.33262	1.33218	1.33526
5069	2025.10.24 05:00	GBPUSD.i	H1	1.33184	1.33240	1.33216	1.33518
5070	2025.10.24 06:00	GBPUSD.i	H1	1.33252	1.33240	1.33215	1.33510
5071	2025.10.24 07:00	GBPUSD.i	H1	1.33209	1.33231	1.33213	1.33502
5072	2025.10.24 08:00	GBPUSD.i	H1	1.33178	1.33200	1.33204	1.33493
5073	2025.10.24 09:00	GBPUSD.i	H1	1.33323	1.33226	1.33204	1.33486
5074	2025.10.24 10:00	GBPUSD.i	H1	1.33155	1.33218	1.33203	1.33479
5075	2025.10.24 11:00	GBPUSD.i	H1	1.33207	1.33190	1.33195	1.33470
5076	2025.10.24 12:00	GBPUSD.i	H1	1.33218	1.33192	1.33190	1.33462
5077	2025.10.24 13:00	GBPUSD.i	H1	1.33171	1.33188	1.33186	1.33455
5078	2025.10.24 14:00	GBPUSD.i	H1	1.33059	1.33136	1.33170	1.33446
5079	2025.10.24 15:00	GBPUSD.i	H1	1.33454	1.33251	1.33185	1.33440
5080	2025.10.24 16:00	GBPUSD.i	H1	1.33381	1.33341	1.33217	1.33439
5081	2025.10.24 17:00	GBPUSD.i	H1	1.33002	1.33245	1.33220	1.33434
5082	2025.10.24 18:00	GBPUSD.i	H1	1.32961	1.33120	1.33193	1.33424
5083	2025.10.24 19:00	GBPUSD.i	H1	1.32954	1.33020	1.33151	1.33411
5084	2025.10.24 20:00	GBPUSD.i	H1	1.33027	1.32997	1.33114	1.33399
5085	2025.10.24 21:00	GBPUSD.i	H1	1.33041	1.32996	1.33085	1.33388
5086	2025.10.24 22:00	GBPUSD.i	H1	1.33118	1.33024	1.33068	1.33379
5087	2025.10.24 23:00	GBPUSD.i	H1	1.33086	1.33054	1.33062	1.33372
5088	2025.10.27 00:00	GBPUSD.i	H1	1.33195	1.33115	1.33070	1.33365
5089	2025.10.27 01:00	GBPUSD.i	H1	1.33228	1.33172	1.33089	1.33361
5090	2025.10.27 02:00	GBPUSD.i	H1	1.33215	1.33203	1.33110	1.33357
5091	2025.10.27 03:00	GBPUSD.i	H1	1.33239	1.33229	1.33133	1.33353
5092	2025.10.27 04:00	GBPUSD.i	H1	1.33277	1.33269	1.33159	1.33351
5093	2025.10.27 05:00	GBPUSD.i	H1	1.33231	1.33272	1.33181	1.33348
5094	2025.10.27 06:00	GBPUSD.i	H1	1.33218	1.33264	1.33196	1.33345
5095	2025.10.27 07:00	GBPUSD.i	H1	1.33159	1.33230	1.33201	1.33341
5096	2025.10.27 08:00	GBPUSD.i	H1	1.33205	1.33213	1.33203	1.33337
5097	2025.10.27 09:00	GBPUSD.i	H1	1.33237	1.33239	1.33210	1.33333
5098	2025.10.27 10:00	GBPUSD.i	H1	1.33157	1.33212	1.33210	1.33330
5099	2025.10.27 11:00	GBPUSD.i	H1	1.33265	1.33225	1.33214	1.33327
5100	2025.10.27 12:00	GBPUSD.i	H1	1.33452	1.33304	1.33235	1.33326
5101	2025.10.27 13:00	GBPUSD.i	H1	1.33447	1.33390	1.33271	1.33329
5102	2025.10.27 14:00	GBPUSD.i	H1	1.33478	1.33443	1.33312	1.33332
5103	2025.10.27 15:00	GBPUSD.i	H1	1.33477	1.33477	1.33350	1.33336
5104	2025.10.27 16:00	GBPUSD.i	H1	1.33346	1.33448	1.33374	1.33338
5105	2025.10.27 17:00	GBPUSD.i	H1	1.33308	1.33397	1.33382	1.33339
5106	2025.10.27 18:00	GBPUSD.i	H1	1.33289	1.33338	1.33376	1.33337
5107	2025.10.27 19:00	GBPUSD.i	H1	1.33351	1.33323	1.33368	1.33336
5108	2025.10.27 20:00	GBPUSD.i	H1	1.33337	1.33332	1.33365	1.33336
5109	2025.10.27 21:00	GBPUSD.i	H1	1.33377	1.33332	1.33363	1.33336
5110	2025.10.27 22:00	GBPUSD.i	H1	1.33349	1.33333	1.33361	1.33336
5111	2025.10.27 23:00	GBPUSD.i	H1	1.33328	1.33337	1.33361	1.33336
5112	2025.10.28 00:00	GBPUSD.i	H1	1.33357	1.33340	1.33360	1.33336
5113	2025.10.28 01:00	GBPUSD.i	H1	1.33390	1.33358	1.33364	1.33337
5114	2025.10.28 02:00	GBPUSD.i	H1	1.33403	1.33384	1.33373	1.33339
5115	2025.10.28 03:00	GBPUSD.i	H1	1.33499	1.33428	1.33389	1.33342
5116	2025.10.28 04:00	GBPUSD.i	H1	1.33523	1.33484	1.33414	1.33346
5117	2025.10.28 05:00	GBPUSD.i	H1	1.33489	1.33514	1.33440	1.33351
5118	2025.10.28 06:00	GBPUSD.i	H1	1.33559	1.33541	1.33466	1.33356
5119	2025.10.28 07:00	GBPUSD.i	H1	1.33664	1.33598	1.33500	1.33362
5120	2025.10.28 08:00	GBPUSD.i	H1	1.33621	1.33638	1.33535	1.33370
5121	2025.10.28 09:00	GBPUSD.i	H1	1.33526	1.33626	1.33560	1.33376
5122	2025.10.28 10:00	GBPUSD.i	H1	1.33363	1.33532	1.33558	1.33379
5123	2025.10.28 11:00	GBPUSD.i	H1	1.33076	1.33350	1.33516	1.33377
5124	2025.10.28 12:00	GBPUSD.i	H1	1.33173	1.33223	1.33456	1.33370
5125	2025.10.28 13:00	GBPUSD.i	H1	1.33251	1.33187	1.33401	1.33365
5126	2025.10.28 14:00	GBPUSD.i	H1	1.33078	1.33125	1.33344	1.33359
5127	2025.10.28 15:00	GBPUSD.i	H1	1.32836	1.32992	1.33269	1.33350
5128	2025.10.28 16:00	GBPUSD.i	H1	1.32564	1.32770	1.33158	1.33334
5129	2025.10.28 17:00	GBPUSD.i	H1	1.32764	1.32671	1.33049	1.33316
5130	2025.10.28 18:00	GBPUSD.i	H1	1.32771	1.32649	1.32958	1.33299
5131	2025.10.28 19:00	GBPUSD.i	H1	1.32897	1.32690	1.32895	1.33286
5132	2025.10.28 20:00	GBPUSD.i	H1	1.32769	1.32706	1.32846	1.33273
5133	2025.10.28 21:00	GBPUSD.i	H1	1.32798	1.32707	1.32806	1.33259
5134	2025.10.28 22:00	GBPUSD.i	H1	1.32728	1.32709	1.32773	1.33246
5135	2025.10.28 23:00	GBPUSD.i	H1	1.32678	1.32692	1.32741	1.33232
5136	2025.10.29 00:00	GBPUSD.i	H1	1.32734	1.32686	1.32714	1.33217
5137	2025.10.29 01:00	GBPUSD.i	H1	1.32716	1.32688	1.32693	1.33204
5138	2025.10.29 02:00	GBPUSD.i	H1	1.32784	1.32710	1.32680	1.33191
5139	2025.10.29 03:00	GBPUSD.i	H1	1.32723	1.32718	1.32672	1.33178
5140	2025.10.29 04:00	GBPUSD.i	H1	1.32639	1.32694	1.32661	1.33165
5141	2025.10.29 05:00	GBPUSD.i	H1	1.32635	1.32659	1.32644	1.33151
5142	2025.10.29 06:00	GBPUSD.i	H1	1.32523	1.32604	1.32618	1.33135
5143	2025.10.29 07:00	GBPUSD.i	H1	1.32511	1.32552	1.32587	1.33119
5144	2025.10.29 08:00	GBPUSD.i	H1	1.32349	1.32463	1.32543	1.33100
5145	2025.10.29 09:00	GBPUSD.i	H1	1.32269	1.32367	1.32488	1.33079
5146	2025.10.29 10:00	GBPUSD.i	H1	1.32282	1.32296	1.32430	1.33058
5147	2025.10.29 11:00	GBPUSD.i	H1	1.32087	1.32197	1.32362	1.33034
5148	2025.10.29 12:00	GBPUSD.i	H1	1.32201	1.32139	1.32297	1.33010
5149	2025.10.29 13:00	GBPUSD.i	H1	1.32183	1.32126	1.32242	1.32986
5150	2025.10.29 14:00	GBPUSD.i	H1	1.32176	1.32126	1.32200	1.32964
5151	2025.10.29 15:00	GBPUSD.i	H1	1.32035	1.32075	1.32154	1.32941
5152	2025.10.29 16:00	GBPUSD.i	H1	1.32063	1.32054	1.32114	1.32917
5153	2025.10.29 17:00	GBPUSD.i	H1	1.32273	1.32098	1.32092	1.32895
5154	2025.10.29 18:00	GBPUSD.i	H1	1.32414	1.32224	1.32103	1.32879
5155	2025.10.29 19:00	GBPUSD.i	H1	1.32277	1.32282	1.32124	1.32864
5156	2025.10.29 20:00	GBPUSD.i	H1	1.32250	1.32277	1.32139	1.32848
5157	2025.10.29 21:00	GBPUSD.i	H1	1.31608	1.32038	1.32096	1.32824
5158	2025.10.29 22:00	GBPUSD.i	H1	1.31941	1.31897	1.32032	1.32795
5159	2025.10.29 23:00	GBPUSD.i	H1	1.31933	1.31876	1.31980	1.32769
5160	2025.10.30 00:00	GBPUSD.i	H1	1.31935	1.31856	1.31936	1.32745
5161	2025.10.30 01:00	GBPUSD.i	H1	1.31936	1.31876	1.31906	1.32722
5162	2025.10.30 02:00	GBPUSD.i	H1	1.31944	1.31896	1.31888	1.32700
5163	2025.10.30 03:00	GBPUSD.i	H1	1.32035	1.31934	1.31882	1.32680
5164	2025.10.30 04:00	GBPUSD.i	H1	1.32061	1.31979	1.31888	1.32662
5165	2025.10.30 05:00	GBPUSD.i	H1	1.32041	1.32021	1.31901	1.32645
5166	2025.10.30 06:00	GBPUSD.i	H1	1.32027	1.32034	1.31915	1.32628
5167	2025.10.30 07:00	GBPUSD.i	H1	1.32163	1.32085	1.31939	1.32612
5168	2025.10.30 08:00	GBPUSD.i	H1	1.32102	1.32120	1.31965	1.32599
5169	2025.10.30 09:00	GBPUSD.i	H1	1.32022	1.32100	1.31982	1.32584
5170	2025.10.30 10:00	GBPUSD.i	H1	1.31978	1.32068	1.31990	1.32569
5171	2025.10.30 11:00	GBPUSD.i	H1	1.32074	1.32049	1.31992	1.32553
5172	2025.10.30 12:00	GBPUSD.i	H1	1.31885	1.32001	1.31985	1.32537
5173	2025.10.30 13:00	GBPUSD.i	H1	1.31764	1.31902	1.31957	1.32519
5174	2025.10.30 14:00	GBPUSD.i	H1	1.31782	1.31845	1.31925	1.32499
5175	2025.10.30 15:00	GBPUSD.i	H1	1.31372	1.31673	1.31861	1.32476
5176	2025.10.30 16:00	GBPUSD.i	H1	1.31563	1.31533	1.31780	1.32449
5177	2025.10.30 17:00	GBPUSD.i	H1	1.31572	1.31537	1.31719	1.32423
5178	2025.10.30 18:00	GBPUSD.i	H1	1.31462	1.31499	1.31662	1.32400
5179	2025.10.30 19:00	GBPUSD.i	H1	1.31554	1.31465	1.31609	1.32376
5180	2025.10.30 20:00	GBPUSD.i	H1	1.31528	1.31463	1.31567	1.32352
5181	2025.10.30 21:00	GBPUSD.i	H1	1.31471	1.31456	1.31531	1.32328
5182	2025.10.30 22:00	GBPUSD.i	H1	1.31444	1.31429	1.31496	1.32305
5183	2025.10.30 23:00	GBPUSD.i	H1	1.31480	1.31437	1.31470	1.32281
5184	2025.10.31 00:00	GBPUSD.i	H1	1.31516	1.31449	1.31451	1.32259
5185	2025.10.31 01:00	GBPUSD.i	H1	1.31531	1.31476	1.31442	1.32239
5186	2025.10.31 02:00	GBPUSD.i	H1	1.31584	1.31514	1.31444	1.32219
5187	2025.10.31 03:00	GBPUSD.i	H1	1.31591	1.31550	1.31453	1.32201
5188	2025.10.31 04:00	GBPUSD.i	H1	1.31533	1.31567	1.31464	1.32184
5189	2025.10.31 05:00	GBPUSD.i	H1	1.31527	1.31560	1.31472	1.32166
5190	2025.10.31 06:00	GBPUSD.i	H1	1.31516	1.31549	1.31476	1.32149
5191	2025.10.31 07:00	GBPUSD.i	H1	1.31568	1.31555	1.31481	1.32132
5192	2025.10.31 08:00	GBPUSD.i	H1	1.31498	1.31542	1.31483	1.32115
5193	2025.10.31 09:00	GBPUSD.i	H1	1.31401	1.31500	1.31476	1.32097
5194	2025.10.31 10:00	GBPUSD.i	H1	1.31452	1.31452	1.31460	1.32079
5195	2025.10.31 11:00	GBPUSD.i	H1	1.31409	1.31430	1.31444	1.32060
5196	2025.10.31 12:00	GBPUSD.i	H1	1.31433	1.31415	1.31429	1.32042
5197	2025.10.31 13:00	GBPUSD.i	H1	1.31308	1.31382	1.31411	1.32024
5198	2025.10.31 14:00	GBPUSD.i	H1	1.31286	1.31321	1.31383	1.32005
5199	2025.10.31 15:00	GBPUSD.i	H1	1.31065	1.31214	1.31337	1.31982
5200	2025.10.31 16:00	GBPUSD.i	H1	1.31137	1.31129	1.31282	1.31958
5201	2025.10.31 17:00	GBPUSD.i	H1	1.31244	1.31125	1.31239	1.31935
5202	2025.10.31 18:00	GBPUSD.i	H1	1.31383	1.31191	1.31221	1.31916
5203	2025.10.31 19:00	GBPUSD.i	H1	1.31281	1.31243	1.31217	1.31900
5204	2025.10.31 20:00	GBPUSD.i	H1	1.31314	1.31270	1.31220	1.31883
5205	2025.10.31 21:00	GBPUSD.i	H1	1.31394	1.31320	1.31233	1.31868
5206	2025.10.31 22:00	GBPUSD.i	H1	1.31362	1.31360	1.31252	1.31855
5207	2025.10.31 23:00	GBPUSD.i	H1	1.31470	1.31410	1.31278	1.31842
5208	2025.11.03 00:00	GBPUSD.i	H1	1.31388	1.31396	1.31295	1.31830
5209	2025.11.03 01:00	GBPUSD.i	H1	1.31335	1.31389	1.31308	1.31817
5210	2025.11.03 02:00	GBPUSD.i	H1	1.31353	1.31376	1.31315	1.31804
5211	2025.11.03 03:00	GBPUSD.i	H1	1.31347	1.31369	1.31321	1.31791
5212	2025.11.03 04:00	GBPUSD.i	H1	1.31385	1.31379	1.31328	1.31779
5213	2025.11.03 05:00	GBPUSD.i	H1	1.31392	1.31392	1.31338	1.31768
5214	2025.11.03 06:00	GBPUSD.i	H1	1.31412	1.31410	1.31350	1.31758
5215	2025.11.03 07:00	GBPUSD.i	H1	1.31422	1.31425	1.31363	1.31749
5216	2025.11.03 08:00	GBPUSD.i	H1	1.31464	1.31449	1.31380	1.31740
5217	2025.11.03 09:00	GBPUSD.i	H1	1.31380	1.31437	1.31390	1.31731
5218	2025.11.03 10:00	GBPUSD.i	H1	1.31235	1.31360	1.31382	1.31720
5219	2025.11.03 11:00	GBPUSD.i	H1	1.31252	1.31308	1.31364	1.31708
5220	2025.11.03 12:00	GBPUSD.i	H1	1.31299	1.31294	1.31348	1.31696
5221	2025.11.03 13:00	GBPUSD.i	H1	1.31277	1.31289	1.31334	1.31685
5222	2025.11.03 14:00	GBPUSD.i	H1	1.31403	1.31323	1.31331	1.31675
5223	2025.11.03 15:00	GBPUSD.i	H1	1.31266	1.31305	1.31325	1.31666
5224	2025.11.03 16:00	GBPUSD.i	H1	1.31134	1.31234	1.31303	1.31654
5225	2025.11.03 17:00	GBPUSD.i	H1	1.31460	1.31281	1.31298	1.31643
5226	2025.11.03 18:00	GBPUSD.i	H1	1.31477	1.31365	1.31312	1.31636
5227	2025.11.03 19:00	GBPUSD.i	H1	1.31448	1.31436	1.31339	1.31632
5228	2025.11.03 20:00	GBPUSD.i	H1	1.31384	1.31435	1.31359	1.31627
5229	2025.11.03 21:00	GBPUSD.i	H1	1.31374	1.31419	1.31371	1.31620
5230	2025.11.03 22:00	GBPUSD.i	H1	1.31391	1.31413	1.31379	1.31614
5231	2025.11.03 23:00	GBPUSD.i	H1	1.31370	1.31403	1.31384	1.31608
5232	2025.11.04 00:00	GBPUSD.i	H1	1.31349	1.31385	1.31383	1.31601
5233	2025.11.04 01:00	GBPUSD.i	H1	1.31344	1.31371	1.31381	1.31594
5234	2025.11.04 02:00	GBPUSD.i	H1	1.31246	1.31315	1.31366	1.31586
5235	2025.11.04 03:00	GBPUSD.i	H1	1.31245	1.31268	1.31344	1.31577
5236	2025.11.04 04:00	GBPUSD.i	H1	1.31231	1.31235	1.31320	1.31567
5237	2025.11.04 05:00	GBPUSD.i	H1	1.31280	1.31244	1.31303	1.31558
5238	2025.11.04 06:00	GBPUSD.i	H1	1.31235	1.31244	1.31290	1.31550
5239	2025.11.04 07:00	GBPUSD.i	H1	1.31213	1.31221	1.31274	1.31542
5240	2025.11.04 08:00	GBPUSD.i	H1	1.31238	1.31212	1.31259	1.31533
5241	2025.11.04 09:00	GBPUSD.i	H1	1.31211	1.31226	1.31251	1.31525
5242	2025.11.04 10:00	GBPUSD.i	H1	1.30918	1.31108	1.31216	1.31514
5243	2025.11.04 11:00	GBPUSD.i	H1	1.30627	1.30902	1.31142	1.31496
5244	2025.11.04 12:00	GBPUSD.i	H1	1.30726	1.30768	1.31054	1.31474
5245	2025.11.04 13:00	GBPUSD.i	H1	1.30580	1.30653	1.30960	1.31452
5246	2025.11.04 14:00	GBPUSD.i	H1	1.30666	1.30586	1.30870	1.31429
5247	2025.11.04 15:00	GBPUSD.i	H1	1.30576	1.30544	1.30790	1.31406
5248	2025.11.04 16:00	GBPUSD.i	H1	1.30479	1.30468	1.30709	1.31382
5249	2025.11.04 17:00	GBPUSD.i	H1	1.30460	1.30427	1.30634	1.31358
5250	2025.11.04 18:00	GBPUSD.i	H1	1.30431	1.30393	1.30567	1.31333
5251	2025.11.04 19:00	GBPUSD.i	H1	1.30287	1.30323	1.30497	1.31307
5252	2025.11.04 20:00	GBPUSD.i	H1	1.30229	1.30237	1.30421	1.31278
5253	2025.11.04 21:00	GBPUSD.i	H1	1.30148	1.30168	1.30346	1.31248
5254	2025.11.04 22:00	GBPUSD.i	H1	1.30186	1.30131	1.30277	1.31219
5255	2025.11.04 23:00	GBPUSD.i	H1	1.30182	1.30123	1.30221	1.31190
5256	2025.11.05 00:00	GBPUSD.i	H1	1.30251	1.30140	1.30180	1.31163
5257	2025.11.05 01:00	GBPUSD.i	H1	1.30211	1.30157	1.30152	1.31136
5258	2025.11.05 02:00	GBPUSD.i	H1	1.30189	1.30158	1.30129	1.31111
5259	2025.11.05 03:00	GBPUSD.i	H1	1.30155	1.30152	1.30109	1.31085
5260	2025.11.05 04:00	GBPUSD.i	H1	1.30156	1.30155	1.30094	1.31059
5261	2025.11.05 05:00	GBPUSD.i	H1	1.30200	1.30165	1.30086	1.31035
5262	2025.11.05 06:00	GBPUSD.i	H1	1.30256	1.30202	1.30088	1.31012
5263	2025.11.05 07:00	GBPUSD.i	H1	1.30218	1.30229	1.30096	1.30991
5264	2025.11.05 08:00	GBPUSD.i	H1	1.30281	1.30257	1.30110	1.30970
5265	2025.11.05 09:00	GBPUSD.i	H1	1.30271	1.30270	1.30125	1.30950
5266	2025.11.05 10:00	GBPUSD.i	H1	1.30451	1.30349	1.30156	1.30933
5267	2025.11.05 11:00	GBPUSD.i	H1	1.30397	1.30406	1.30194	1.30919
5268	2025.11.05 12:00	GBPUSD.i	H1	1.30252	1.30379	1.30219	1.30903
5269	2025.11.05 13:00	GBPUSD.i	H1	1.30352	1.30349	1.30233	1.30886
5270	2025.11.05 14:00	GBPUSD.i	H1	1.30418	1.30391	1.30256	1.30871
5271	2025.11.05 15:00	GBPUSD.i	H1	1.30256	1.30375	1.30271	1.30857
5272	2025.11.05 16:00	GBPUSD.i	H1	1.30327	1.30346	1.30279	1.30842
5273	2025.11.05 17:00	GBPUSD.i	H1	1.30413	1.30351	1.30287	1.30827
5274	2025.11.05 18:00	GBPUSD.i	H1	1.30481	1.30395	1.30305	1.30815
5275	2025.11.05 19:00	GBPUSD.i	H1	1.30387	1.30412	1.30324	1.30804
5276	2025.11.05 20:00	GBPUSD.i	H1	1.30452	1.30432	1.30344	1.30793
5277	2025.11.05 21:00	GBPUSD.i	H1	1.30449	1.30452	1.30365	1.30783
5278	2025.11.05 22:00	GBPUSD.i	H1	1.30500	1.30483	1.30389	1.30775
5279	2025.11.05 23:00	GBPUSD.i	H1	1.30501	1.30508	1.30414	1.30767
5280	2025.11.06 00:00	GBPUSD.i	H1	1.30472	1.30505	1.30434	1.30759
5281	2025.11.06 01:00	GBPUSD.i	H1	1.30520	1.30515	1.30452	1.30752
5282	2025.11.06 02:00	GBPUSD.i	H1	1.30596	1.30551	1.30476	1.30746
5283	2025.11.06 03:00	GBPUSD.i	H1	1.30630	1.30599	1.30505	1.30741
5284	2025.11.06 04:00	GBPUSD.i	H1	1.30594	1.30616	1.30533	1.30738
5285	2025.11.06 05:00	GBPUSD.i	H1	1.30633	1.30632	1.30558	1.30734
5286	2025.11.06 06:00	GBPUSD.i	H1	1.30624	1.30641	1.30581	1.30731
5287	2025.11.06 07:00	GBPUSD.i	H1	1.30603	1.30638	1.30598	1.30728
5288	2025.11.06 08:00	GBPUSD.i	H1	1.30543	1.30621	1.30608	1.30724
5289	2025.11.06 09:00	GBPUSD.i	H1	1.30628	1.30630	1.30618	1.30721
5290	2025.11.06 10:00	GBPUSD.i	H1	1.30851	1.30704	1.30644	1.30720
5291	2025.11.06 11:00	GBPUSD.i	H1	1.30803	1.30774	1.30680	1.30722
5292	2025.11.06 12:00	GBPUSD.i	H1	1.30785	1.30809	1.30716	1.30725
5293	2025.11.06 13:00	GBPUSD.i	H1	1.30917	1.30862	1.30756	1.30728
5294	2025.11.06 14:00	GBPUSD.i	H1	1.31001	1.30893	1.30794	1.30732
5295	2025.11.06 15:00	GBPUSD.i	H1	1.31079	1.31009	1.30851	1.30739
5296	2025.11.06 16:00	GBPUSD.i	H1	1.30833	1.30998	1.30892	1.30747
5297	2025.11.06 17:00	GBPUSD.i	H1	1.31020	1.31002	1.30926	1.30752
5298	2025.11.06 18:00	GBPUSD.i	H1	1.31050	1.31041	1.30962	1.30759
5299	2025.11.06 19:00	GBPUSD.i	H1	1.31223	1.31122	1.31009	1.30769
5300	2025.11.06 20:00	GBPUSD.i	H1	1.31393	1.31254	1.31077	1.30782
5301	2025.11.06 21:00	GBPUSD.i	H1	1.31319	1.31335	1.31147	1.30798
5302	2025.11.06 22:00	GBPUSD.i	H1	1.31358	1.31384	1.31214	1.30813
5303	2025.11.06 23:00	GBPUSD.i	H1	1.31368	1.31411	1.31272	1.30828
5304	2025.11.07 00:00	GBPUSD.i	H1	1.31262	1.31370	1.31309	1.30842
5305	2025.11.07 01:00	GBPUSD.i	H1	1.31399	1.31390	1.31343	1.30855
5306	2025.11.07 02:00	GBPUSD.i	H1	1.31296	1.31383	1.31369	1.30869
5307	2025.11.07 03:00	GBPUSD.i	H1	1.31252	1.31337	1.31380	1.30881
5308	2025.11.07 04:00	GBPUSD.i	H1	1.31217	1.31294	1.31378	1.30891
5309	2025.11.07 05:00	GBPUSD.i	H1	1.31186	1.31242	1.31366	1.30900
5310	2025.11.07 06:00	GBPUSD.i	H1	1.31169	1.31197	1.31346	1.30908
5311	2025.11.07 07:00	GBPUSD.i	H1	1.31191	1.31180	1.31326	1.30915
5312	2025.11.07 08:00	GBPUSD.i	H1	1.31136	1.31154	1.31304	1.30922
5313	2025.11.07 09:00	GBPUSD.i	H1	1.31251	1.31166	1.31288	1.30930
5314	2025.11.07 10:00	GBPUSD.i	H1	1.31029	1.31124	1.31265	1.30936
5315	2025.11.07 11:00	GBPUSD.i	H1	1.30978	1.31044	1.31227	1.30939
5316	2025.11.07 12:00	GBPUSD.i	H1	1.31095	1.31024	1.31193	1.30942
5317	2025.11.07 13:00	GBPUSD.i	H1	1.31206	1.31070	1.31175	1.30946
5318	2025.11.07 14:00	GBPUSD.i	H1	1.31153	1.31109	1.31168	1.30953
5319	2025.11.07 15:00	GBPUSD.i	H1	1.31306	1.31185	1.31179	1.30960
5320	2025.11.07 16:00	GBPUSD.i	H1	1.31496	1.31303	1.31212	1.30971
5321	2025.11.07 17:00	GBPUSD.i	H1	1.31512	1.31449	1.31270	1.30986
5322	2025.11.07 18:00	GBPUSD.i	H1	1.31621	1.31559	1.31339	1.31003
5323	2025.11.07 19:00	GBPUSD.i	H1	1.31703	1.31649	1.31413	1.31020
5324	2025.11.07 20:00	GBPUSD.i	H1	1.31682	1.31715	1.31485	1.31039
5325	2025.11.07 21:00	GBPUSD.i	H1	1.31577	1.31714	1.31541	1.31056
5326	2025.11.07 22:00	GBPUSD.i	H1	1.31631	1.31702	1.31584	1.31072
5327	2025.11.07 23:00	GBPUSD.i	H1	1.31614	1.31678	1.31613	1.31086
5328	2025.11.10 00:00	GBPUSD.i	H1	1.31519	1.31602	1.31619	1.31099
5329	2025.11.10 01:00	GBPUSD.i	H1	1.31409	1.31537	1.31611	1.31109
5330	2025.11.10 02:00	GBPUSD.i	H1	1.31448	1.31488	1.31594	1.31119
5331	2025.11.10 03:00	GBPUSD.i	H1	1.31511	1.31478	1.31580	1.31128
5332	2025.11.10 04:00	GBPUSD.i	H1	1.31483	1.31473	1.31568	1.31138
5333	2025.11.10 05:00	GBPUSD.i	H1	1.31468	1.31458	1.31554	1.31148
5334	2025.11.10 06:00	GBPUSD.i	H1	1.31524	1.31471	1.31546	1.31157
5335	2025.11.10 07:00	GBPUSD.i	H1	1.31550	1.31502	1.31546	1.31167
5336	2025.11.10 08:00	GBPUSD.i	H1	1.31411	1.31480	1.31540	1.31177
5337	2025.11.10 09:00	GBPUSD.i	H1	1.31568	1.31507	1.31541	1.31186
5338	2025.11.10 10:00	GBPUSD.i	H1	1.31737	1.31606	1.31563	1.31198
5339	2025.11.10 11:00	GBPUSD.i	H1	1.31731	1.31676	1.31595	1.31213
5340	2025.11.10 12:00	GBPUSD.i	H1	1.31600	1.31675	1.31619	1.31226
5341	2025.11.10 13:00	GBPUSD.i	H1	1.31759	1.31692	1.31641	1.31238
5342	2025.11.10 14:00	GBPUSD.i	H1	1.31810	1.31764	1.31675	1.31252
5343	2025.11.10 15:00	GBPUSD.i	H1	1.31746	1.31794	1.31708	1.31267
5344	2025.11.10 16:00	GBPUSD.i	H1	1.31658	1.31740	1.31721	1.31280
5345	2025.11.10 17:00	GBPUSD.i	H1	1.31477	1.31654	1.31712	1.31289
5346	2025.11.10 18:00	GBPUSD.i	H1	1.31558	1.31601	1.31694	1.31296
5347	2025.11.10 19:00	GBPUSD.i	H1	1.31784	1.31646	1.31690	1.31305
5348	2025.11.10 20:00	GBPUSD.i	H1	1.31797	1.31720	1.31705	1.31318
5349	2025.11.10 21:00	GBPUSD.i	H1	1.31799	1.31770	1.31726	1.31331
5350	2025.11.10 22:00	GBPUSD.i	H1	1.31811	1.31802	1.31750	1.31345
5351	2025.11.10 23:00	GBPUSD.i	H1	1.31728	1.31793	1.31766	1.31357
5352	2025.11.11 00:00	GBPUSD.i	H1	1.31695	1.31759	1.31770	1.31367
5353	2025.11.11 01:00	GBPUSD.i	H1	1.31723	1.31747	1.31771	1.31377
5354	2025.11.11 02:00	GBPUSD.i	H1	1.31650	1.31716	1.31765	1.31386
5355	2025.11.11 03:00	GBPUSD.i	H1	1.31647	1.31670	1.31749	1.31394
5356	2025.11.11 04:00	GBPUSD.i	H1	1.31633	1.31647	1.31732	1.31401
5357	2025.11.11 05:00	GBPUSD.i	H1	1.31681	1.31648	1.31719	1.31408
5358	2025.11.11 06:00	GBPUSD.i	H1	1.31658	1.31649	1.31708	1.31415
5359	2025.11.11 07:00	GBPUSD.i	H1	1.31662	1.31650	1.31700	1.31422
5360	2025.11.11 08:00	GBPUSD.i	H1	1.31539	1.31614	1.31684	1.31428
5361	2025.11.11 09:00	GBPUSD.i	H1	1.31255	1.31473	1.31639	1.31429
5362	2025.11.11 10:00	GBPUSD.i	H1	1.31232	1.31346	1.31575	1.31425
5363	2025.11.11 11:00	GBPUSD.i	H1	1.31294	1.31272	1.31508	1.31421
5364	2025.11.11 12:00	GBPUSD.i	H1	1.31385	1.31263	1.31454	1.31418
5365	2025.11.11 13:00	GBPUSD.i	H1	1.31483	1.31319	1.31423	1.31417
5366	2025.11.11 14:00	GBPUSD.i	H1	1.31419	1.31363	1.31407	1.31418
5367	2025.11.11 15:00	GBPUSD.i	H1	1.31711	1.31485	1.31421	1.31421
5368	2025.11.11 16:00	GBPUSD.i	H1	1.31806	1.31620	1.31462	1.31429
5369	2025.11.11 17:00	GBPUSD.i	H1	1.31732	1.31683	1.31506	1.31437
5370	2025.11.11 18:00	GBPUSD.i	H1	1.31723	1.31732	1.31551	1.31445
5371	2025.11.11 19:00	GBPUSD.i	H1	1.31742	1.31763	1.31593	1.31453
5372	2025.11.11 20:00	GBPUSD.i	H1	1.31751	1.31783	1.31631	1.31461
5373	2025.11.11 21:00	GBPUSD.i	H1	1.31667	1.31763	1.31657	1.31468
5374	2025.11.11 22:00	GBPUSD.i	H1	1.31615	1.31725	1.31670	1.31474
5375	2025.11.11 23:00	GBPUSD.i	H1	1.31473	1.31636	1.31661	1.31477
5376	2025.11.12 00:00	GBPUSD.i	H1	1.31492	1.31562	1.31638	1.31478
5377	2025.11.12 01:00	GBPUSD.i	H1	1.31520	1.31527	1.31614	1.31478
5378	2025.11.12 02:00	GBPUSD.i	H1	1.31410	1.31477	1.31584	1.31478
5379	2025.11.12 03:00	GBPUSD.i	H1	1.31386	1.31423	1.31549	1.31477
5380	2025.11.12 04:00	GBPUSD.i	H1	1.31381	1.31390	1.31515	1.31475
5381	2025.11.12 05:00	GBPUSD.i	H1	1.31397	1.31370	1.31482	1.31472
5382	2025.11.12 06:00	GBPUSD.i	H1	1.31299	1.31331	1.31448	1.31469
5383	2025.11.12 07:00	GBPUSD.i	H1	1.31335	1.31312	1.31416	1.31466
5384	2025.11.12 08:00	GBPUSD.i	H1	1.31405	1.31323	1.31394	1.31462
5385	2025.11.12 09:00	GBPUSD.i	H1	1.31454	1.31367	1.31385	1.31461
5386	2025.11.12 10:00	GBPUSD.i	H1	1.31169	1.31325	1.31367	1.31458
5387	2025.11.12 11:00	GBPUSD.i	H1	1.31161	1.31258	1.31338	1.31453
5388	2025.11.12 12:00	GBPUSD.i	H1	1.31255	1.31220	1.31306	1.31446
5389	2025.11.12 13:00	GBPUSD.i	H1	1.31372	1.31244	1.31286	1.31441
5390	2025.11.12 14:00	GBPUSD.i	H1	1.31177	1.31220	1.31265	1.31436
5391	2025.11.12 15:00	GBPUSD.i	H1	1.31049	1.31139	1.31229	1.31428
5392	2025.11.12 16:00	GBPUSD.i	H1	1.30989	1.31037	1.31178	1.31417
5393	2025.11.12 17:00	GBPUSD.i	H1	1.31305	1.31090	1.31151	1.31407
5394	2025.11.12 18:00	GBPUSD.i	H1	1.31300	1.31183	1.31151	1.31403
5395	2025.11.12 19:00	GBPUSD.i	H1	1.31390	1.31268	1.31169	1.31401
5396	2025.11.12 20:00	GBPUSD.i	H1	1.31400	1.31344	1.31199	1.31401
5397	2025.11.12 21:00	GBPUSD.i	H1	1.31298	1.31354	1.31225	1.31400
5398	2025.11.12 22:00	GBPUSD.i	H1	1.31306	1.31347	1.31243	1.31398
5399	2025.11.12 23:00	GBPUSD.i	H1	1.31314	1.31334	1.31255	1.31395
5400	2025.11.13 00:00	GBPUSD.i	H1	1.31281	1.31318	1.31262	1.31392
5401	2025.11.13 01:00	GBPUSD.i	H1	1.31277	1.31309	1.31266	1.31389
5402	2025.11.13 02:00	GBPUSD.i	H1	1.31176	1.31264	1.31260	1.31385
5403	2025.11.13 03:00	GBPUSD.i	H1	1.31237	1.31230	1.31249	1.31380
5404	2025.11.13 04:00	GBPUSD.i	H1	1.31247	1.31228	1.31240	1.31375
5405	2025.11.13 05:00	GBPUSD.i	H1	1.31260	1.31237	1.31236	1.31372
5406	2025.11.13 06:00	GBPUSD.i	H1	1.31231	1.31235	1.31233	1.31368
5407	2025.11.13 07:00	GBPUSD.i	H1	1.31173	1.31212	1.31225	1.31364
5408	2025.11.13 08:00	GBPUSD.i	H1	1.31214	1.31201	1.31216	1.31359
5409	2025.11.13 09:00	GBPUSD.i	H1	1.31409	1.31236	1.31218	1.31356
5410	2025.11.13 10:00	GBPUSD.i	H1	1.31675	1.31392	1.31256	1.31358
5411	2025.11.13 11:00	GBPUSD.i	H1	1.31559	1.31495	1.31307	1.31363
5412	2025.11.13 12:00	GBPUSD.i	H1	1.31566	1.31561	1.31362	1.31369
5413	2025.11.13 13:00	GBPUSD.i	H1	1.31478	1.31566	1.31406	1.31374
5414	2025.11.13 14:00	GBPUSD.i	H1	1.31808	1.31659	1.31463	1.31380
5415	2025.11.13 15:00	GBPUSD.i	H1	1.31688	1.31715	1.31520	1.31389
5416	2025.11.13 16:00	GBPUSD.i	H1	1.31810	1.31771	1.31579	1.31398
5417	2025.11.13 17:00	GBPUSD.i	H1	1.31983	1.31870	1.31648	1.31410
5418	2025.11.13 18:00	GBPUSD.i	H1	1.32121	1.32000	1.31733	1.31426
5419	2025.11.13 19:00	GBPUSD.i	H1	1.32116	1.32099	1.31823	1.31444
5420	2025.11.13 20:00	GBPUSD.i	H1	1.31962	1.32106	1.31895	1.31461
5421	2025.11.13 21:00	GBPUSD.i	H1	1.31898	1.32060	1.31942	1.31475
5422	2025.11.13 22:00	GBPUSD.i	H1	1.31854	1.32002	1.31968	1.31487
5423	2025.11.13 23:00	GBPUSD.i	H1	1.31896	1.31964	1.31981	1.31498
5424	2025.11.14 00:00	GBPUSD.i	H1	1.31630	1.31852	1.31967	1.31507
5425	2025.11.14 01:00	GBPUSD.i	H1	1.31529	1.31695	1.31921	1.31510
5426	2025.11.14 02:00	GBPUSD.i	H1	1.31476	1.31564	1.31856	1.31510
5427	2025.11.14 03:00	GBPUSD.i	H1	1.31468	1.31475	1.31786	1.31509
5428	2025.11.14 04:00	GBPUSD.i	H1	1.31495	1.31432	1.31721	1.31508
5429	2025.11.14 05:00	GBPUSD.i	H1	1.31458	1.31420	1.31667	1.31508
5430	2025.11.14 06:00	GBPUSD.i	H1	1.31442	1.31394	1.31616	1.31506
5431	2025.11.14 07:00	GBPUSD.i	H1	1.31480	1.31394	1.31574	1.31505
5432	2025.11.14 08:00	GBPUSD.i	H1	1.31446	1.31406	1.31543	1.31504
5433	2025.11.14 09:00	GBPUSD.i	H1	1.31466	1.31398	1.31514	1.31503
5434	2025.11.14 10:00	GBPUSD.i	H1	1.31657	1.31466	1.31505	1.31503
5435	2025.11.14 11:00	GBPUSD.i	H1	1.31553	1.31532	1.31511	1.31506
5436	2025.11.14 12:00	GBPUSD.i	H1	1.31419	1.31506	1.31508	1.31507
5437	2025.11.14 13:00	GBPUSD.i	H1	1.31381	1.31426	1.31486	1.31504
5438	2025.11.14 14:00	GBPUSD.i	H1	1.31801	1.31520	1.31491	1.31504
5439	2025.11.14 15:00	GBPUSD.i	H1	1.31672	1.31603	1.31513	1.31508
5440	2025.11.14 16:00	GBPUSD.i	H1	1.31591	1.31623	1.31534	1.31512
5441	2025.11.14 17:00	GBPUSD.i	H1	1.31391	1.31532	1.31529	1.31512
5442	2025.11.14 18:00	GBPUSD.i	H1	1.31550	1.31529	1.31525	1.31511
5443	2025.11.14 19:00	GBPUSD.i	H1	1.31612	1.31557	1.31529	1.31512
5444	2025.11.14 20:00	GBPUSD.i	H1	1.31606	1.31571	1.31535	1.31514
5445	2025.11.14 21:00	GBPUSD.i	H1	1.31647	1.31604	1.31548	1.31517
5446	2025.11.14 22:00	GBPUSD.i	H1	1.31680	1.31644	1.31568	1.31520
5447	2025.11.14 23:00	GBPUSD.i	H1	1.31710	1.31684	1.31592	1.31525
5448	2025.11.17 00:00	GBPUSD.i	H1	1.31638	1.31659	1.31606	1.31529
5449	2025.11.17 01:00	GBPUSD.i	H1	1.31590	1.31649	1.31614	1.31531
5450	2025.11.17 02:00	GBPUSD.i	H1	1.31559	1.31607	1.31612	1.31532
5451	2025.11.17 03:00	GBPUSD.i	H1	1.31556	1.31595	1.31608	1.31533
5452	2025.11.17 04:00	GBPUSD.i	H1	1.31517	1.31562	1.31598	1.31534
5453	2025.11.17 05:00	GBPUSD.i	H1	1.31449	1.31507	1.31578	1.31533
5454	2025.11.17 06:00	GBPUSD.i	H1	1.31511	1.31488	1.31559	1.31531
5455	2025.11.17 07:00	GBPUSD.i	H1	1.31430	1.31466	1.31539	1.31530
5456	2025.11.17 08:00	GBPUSD.i	H1	1.31490	1.31448	1.31519	1.31528
5457	2025.11.17 09:00	GBPUSD.i	H1	1.31753	1.31544	1.31525	1.31529
5458	2025.11.17 10:00	GBPUSD.i	H1	1.31652	1.31613	1.31545	1.31533
5459	2025.11.17 11:00	GBPUSD.i	H1	1.31644	1.31647	1.31567	1.31537
5460	2025.11.17 12:00	GBPUSD.i	H1	1.31542	1.31630	1.31581	1.31539
5461	2025.11.17 13:00	GBPUSD.i	H1	1.31805	1.31673	1.31601	1.31542
5462	2025.11.17 14:00	GBPUSD.i	H1	1.31798	1.31762	1.31637	1.31548
5463	2025.11.17 15:00	GBPUSD.i	H1	1.31729	1.31788	1.31671	1.31555
5464	2025.11.17 16:00	GBPUSD.i	H1	1.31650	1.31757	1.31690	1.31560
5465	2025.11.17 17:00	GBPUSD.i	H1	1.31772	1.31751	1.31705	1.31564
5466	2025.11.17 18:00	GBPUSD.i	H1	1.31778	1.31756	1.31719	1.31569
5467	2025.11.17 19:00	GBPUSD.i	H1	1.31700	1.31748	1.31728	1.31573
5468	2025.11.17 20:00	GBPUSD.i	H1	1.31599	1.31697	1.31724	1.31576
5469	2025.11.17 21:00	GBPUSD.i	H1	1.31462	1.31610	1.31701	1.31576
5470	2025.11.17 22:00	GBPUSD.i	H1	1.31546	1.31556	1.31672	1.31575
5471	2025.11.17 23:00	GBPUSD.i	H1	1.31518	1.31532	1.31644	1.31573
5472	2025.11.18 00:00	GBPUSD.i	H1	1.31509	1.31506	1.31617	1.31572
5473	2025.11.18 01:00	GBPUSD.i	H1	1.31552	1.31504	1.31594	1.31571
5474	2025.11.18 02:00	GBPUSD.i	H1	1.31483	1.31486	1.31572	1.31569
5475	2025.11.18 03:00	GBPUSD.i	H1	1.31511	1.31480	1.31553	1.31567
5476	2025.11.18 04:00	GBPUSD.i	H1	1.31533	1.31488	1.31539	1.31566
5477	2025.11.18 05:00	GBPUSD.i	H1	1.31489	1.31488	1.31527	1.31565
5478	2025.11.18 06:00	GBPUSD.i	H1	1.31630	1.31520	1.31524	1.31564
5479	2025.11.18 07:00	GBPUSD.i	H1	1.31607	1.31565	1.31532	1.31565
5480	2025.11.18 08:00	GBPUSD.i	H1	1.31489	1.31551	1.31534	1.31565
5481	2025.11.18 09:00	GBPUSD.i	H1	1.31503	1.31546	1.31534	1.31564
5482	2025.11.18 10:00	GBPUSD.i	H1	1.31556	1.31574	1.31541	1.31564
5483	2025.11.18 11:00	GBPUSD.i	H1	1.31526	1.31568	1.31544	1.31565
5484	2025.11.18 12:00	GBPUSD.i	H1	1.31477	1.31532	1.31539	1.31563
5485	2025.11.18 13:00	GBPUSD.i	H1	1.31408	1.31478	1.31522	1.31560
5486	2025.11.18 14:00	GBPUSD.i	H1	1.31530	1.31472	1.31509	1.31557
5487	2025.11.18 15:00	GBPUSD.i	H1	1.31542	1.31477	1.31500	1.31556
5488	2025.11.18 16:00	GBPUSD.i	H1	1.31579	1.31518	1.31502	1.31555
5489	2025.11.18 17:00	GBPUSD.i	H1	1.31442	1.31524	1.31505	1.31555
5490	2025.11.18 18:00	GBPUSD.i	H1	1.31499	1.31490	1.31499	1.31553
5491	2025.11.18 19:00	GBPUSD.i	H1	1.31410	1.31460	1.31487	1.31550
5492	2025.11.18 20:00	GBPUSD.i	H1	1.31522	1.31471	1.31482	1.31547
5493	2025.11.18 21:00	GBPUSD.i	H1	1.31549	1.31500	1.31484	1.31547
5494	2025.11.18 22:00	GBPUSD.i	H1	1.31466	1.31497	1.31484	1.31546
5495	2025.11.18 23:00	GBPUSD.i	H1	1.31432	1.31476	1.31480	1.31544
5496	2025.11.19 00:00	GBPUSD.i	H1	1.31447	1.31462	1.31474	1.31541
5497	2025.11.19 01:00	GBPUSD.i	H1	1.31470	1.31457	1.31468	1.31539
5498	2025.11.19 02:00	GBPUSD.i	H1	1.31409	1.31442	1.31459	1.31536
5499	2025.11.19 03:00	GBPUSD.i	H1	1.31326	1.31396	1.31443	1.31532
5500	2025.11.19 04:00	GBPUSD.i	H1	1.31372	1.31367	1.31423	1.31527
5501	2025.11.19 05:00	GBPUSD.i	H1	1.31400	1.31374	1.31410	1.31523
5502	2025.11.19 06:00	GBPUSD.i	H1	1.31399	1.31366	1.31397	1.31519
5503	2025.11.19 07:00	GBPUSD.i	H1	1.31460	1.31395	1.31394	1.31516
5504	2025.11.19 08:00	GBPUSD.i	H1	1.31517	1.31447	1.31403	1.31515
5505	2025.11.19 09:00	GBPUSD.i	H1	1.31420	1.31443	1.31409	1.31514
5506	2025.11.19 10:00	GBPUSD.i	H1	1.31242	1.31386	1.31400	1.31510
5507	2025.11.19 11:00	GBPUSD.i	H1	1.31268	1.31327	1.31380	1.31504
5508	2025.11.19 12:00	GBPUSD.i	H1	1.31049	1.31200	1.31336	1.31495
5509	2025.11.19 13:00	GBPUSD.i	H1	1.31269	1.31173	1.31296	1.31485
5510	2025.11.19 14:00	GBPUSD.i	H1	1.31179	1.31169	1.31264	1.31477
5511	2025.11.19 15:00	GBPUSD.i	H1	1.31190	1.31167	1.31238	1.31470
5512	2025.11.19 16:00	GBPUSD.i	H1	1.31091	1.31130	1.31209	1.31461
5513	2025.11.19 17:00	GBPUSD.i	H1	1.30798	1.30996	1.31155	1.31449
5514	2025.11.19 18:00	GBPUSD.i	H1	1.30751	1.30851	1.31080	1.31431
5515	2025.11.19 19:00	GBPUSD.i	H1	1.30681	1.30727	1.30993	1.31411
5516	2025.11.19 20:00	GBPUSD.i	H1	1.30655	1.30657	1.30910	1.31391
5517	2025.11.19 21:00	GBPUSD.i	H1	1.30457	1.30543	1.30817	1.31369
5518	2025.11.19 22:00	GBPUSD.i	H1	1.30496	1.30466	1.30727	1.31345
5519	2025.11.19 23:00	GBPUSD.i	H1	1.30556	1.30449	1.30652	1.31322
5520	2025.11.20 00:00	GBPUSD.i	H1	1.30570	1.30458	1.30594	1.31301
5521	2025.11.20 01:00	GBPUSD.i	H1	1.30601	1.30484	1.30553	1.31281
5522	2025.11.20 02:00	GBPUSD.i	H1	1.30544	1.30489	1.30521	1.31261
5523	2025.11.20 03:00	GBPUSD.i	H1	1.30462	1.30471	1.30490	1.31240
5524	2025.11.20 04:00	GBPUSD.i	H1	1.30522	1.30457	1.30462	1.31219
5525	2025.11.20 05:00	GBPUSD.i	H1	1.30469	1.30454	1.30439	1.31198
5526	2025.11.20 06:00	GBPUSD.i	H1	1.30590	1.30491	1.30429	1.31179
5527	2025.11.20 07:00	GBPUSD.i	H1	1.30529	1.30516	1.30428	1.31162
5528	2025.11.20 08:00	GBPUSD.i	H1	1.30627	1.30554	1.30435	1.31145
5529	2025.11.20 09:00	GBPUSD.i	H1	1.30693	1.30612	1.30455	1.31131
5530	2025.11.20 10:00	GBPUSD.i	H1	1.30649	1.30655	1.30480	1.31118
5531	2025.11.20 11:00	GBPUSD.i	H1	1.30792	1.30712	1.30514	1.31106
5532	2025.11.20 12:00	GBPUSD.i	H1	1.30728	1.30761	1.30553	1.31096
5533	2025.11.20 13:00	GBPUSD.i	H1	1.30648	1.30749	1.30582	1.31086
5534	2025.11.20 14:00	GBPUSD.i	H1	1.30570	1.30696	1.30593	1.31074
5535	2025.11.20 15:00	GBPUSD.i	H1	1.30956	1.30761	1.30620	1.31063
5536	2025.11.20 16:00	GBPUSD.i	H1	1.31114	1.30923	1.30679	1.31060
5537	2025.11.20 17:00	GBPUSD.i	H1	1.30948	1.30977	1.30738	1.31058
5538	2025.11.20 18:00	GBPUSD.i	H1	1.30767	1.30949	1.30779	1.31054
5539	2025.11.20 19:00	GBPUSD.i	H1	1.30679	1.30865	1.30793	1.31046
5540	2025.11.20 20:00	GBPUSD.i	H1	1.30752	1.30817	1.30795	1.31038
5541	2025.11.20 21:00	GBPUSD.i	H1	1.30870	1.30822	1.30800	1.31030
5542	2025.11.20 22:00	GBPUSD.i	H1	1.30701	1.30793	1.30799	1.31024
5543	2025.11.20 23:00	GBPUSD.i	H1	1.30706	1.30750	1.30789	1.31015
5544	2025.11.21 00:00	GBPUSD.i	H1	1.30668	1.30714	1.30773	1.31007
5545	2025.11.21 01:00	GBPUSD.i	H1	1.30831	1.30738	1.30768	1.30999
5546	2025.11.21 02:00	GBPUSD.i	H1	1.30845	1.30775	1.30772	1.30994
5547	2025.11.21 03:00	GBPUSD.i	H1	1.30820	1.30800	1.30780	1.30989
5548	2025.11.21 04:00	GBPUSD.i	H1	1.30800	1.30805	1.30788	1.30984
5549	2025.11.21 05:00	GBPUSD.i	H1	1.30866	1.30823	1.30798	1.30980
5550	2025.11.21 06:00	GBPUSD.i	H1	1.30905	1.30862	1.30814	1.30976
5551	2025.11.21 07:00	GBPUSD.i	H1	1.30893	1.30894	1.30834	1.30974
5552	2025.11.21 08:00	GBPUSD.i	H1	1.30909	1.30918	1.30855	1.30973
5553	2025.11.21 09:00	GBPUSD.i	H1	1.30810	1.30868	1.30859	1.30970
5554	2025.11.21 10:00	GBPUSD.i	H1	1.30985	1.30894	1.30869	1.30966
5555	2025.11.21 11:00	GBPUSD.i	H1	1.30613	1.30821	1.30861	1.30962
5556	2025.11.21 12:00	GBPUSD.i	H1	1.30650	1.30710	1.30829	1.30954
5557	2025.11.21 13:00	GBPUSD.i	H1	1.30450	1.30601	1.30780	1.30943
5558	2025.11.21 14:00	GBPUSD.i	H1	1.30890	1.30634	1.30750	1.30934
5559	2025.11.21 15:00	GBPUSD.i	H1	1.30841	1.30728	1.30748	1.30931
5560	2025.11.21 16:00	GBPUSD.i	H1	1.30893	1.30776	1.30756	1.30928
5561	2025.11.21 17:00	GBPUSD.i	H1	1.30849	1.30823	1.30772	1.30926
5562	2025.11.21 18:00	GBPUSD.i	H1	1.30976	1.30868	1.30794	1.30925
5563	2025.11.21 19:00	GBPUSD.i	H1	1.31006	1.30938	1.30826	1.30926
5564	2025.11.21 20:00	GBPUSD.i	H1	1.30966	1.30968	1.30858	1.30927
5565	2025.11.21 21:00	GBPUSD.i	H1	1.31025	1.31016	1.30894	1.30929
5566	2025.11.21 22:00	GBPUSD.i	H1	1.31049	1.31044	1.30928	1.30932
5567	2025.11.21 23:00	GBPUSD.i	H1	1.30944	1.31038	1.30954	1.30934
5568	2025.11.24 00:00	GBPUSD.i	H1	1.30968	1.31018	1.30970	1.30935
5569	2025.11.24 01:00	GBPUSD.i	H1	1.30960	1.31002	1.30980	1.30936
5570	2025.11.24 02:00	GBPUSD.i	H1	1.30888	1.30961	1.30979	1.30936
5571	2025.11.24 03:00	GBPUSD.i	H1	1.30886	1.30931	1.30973	1.30935
5572	2025.11.24 04:00	GBPUSD.i	H1	1.30957	1.30935	1.30969	1.30934
5573	2025.11.24 05:00	GBPUSD.i	H1	1.30975	1.30954	1.30970	1.30935
5574	2025.11.24 06:00	GBPUSD.i	H1	1.31010	1.30977	1.30977	1.30937
5575	2025.11.24 07:00	GBPUSD.i	H1	1.31022	1.31006	1.30988	1.30939
5576	2025.11.24 08:00	GBPUSD.i	H1	1.30992	1.31023	1.31001	1.30942
5577	2025.11.24 09:00	GBPUSD.i	H1	1.30903	1.30983	1.31001	1.30943
5578	2025.11.24 10:00	GBPUSD.i	H1	1.30954	1.30982	1.31001	1.30943
5579	2025.11.24 11:00	GBPUSD.i	H1	1.30897	1.30952	1.30994	1.30943
5580	2025.11.24 12:00	GBPUSD.i	H1	1.30938	1.30941	1.30986	1.30943
5581	2025.11.24 13:00	GBPUSD.i	H1	1.30910	1.30926	1.30976	1.30942
5582	2025.11.24 14:00	GBPUSD.i	H1	1.31118	1.30982	1.30981	1.30944
5583	2025.11.24 15:00	GBPUSD.i	H1	1.31055	1.31037	1.30997	1.30947
5584	2025.11.24 16:00	GBPUSD.i	H1	1.30921	1.30998	1.31000	1.30949
5585	2025.11.24 17:00	GBPUSD.i	H1	1.30982	1.30966	1.30995	1.30949
5586	2025.11.24 18:00	GBPUSD.i	H1	1.30952	1.30975	1.30993	1.30949
5587	2025.11.24 19:00	GBPUSD.i	H1	1.31006	1.30971	1.30990	1.30950
5588	2025.11.24 20:00	GBPUSD.i	H1	1.31157	1.31035	1.31003	1.30952
5589	2025.11.24 21:00	GBPUSD.i	H1	1.31088	1.31074	1.31021	1.30957
5590	2025.11.24 22:00	GBPUSD.i	H1	1.31086	1.31091	1.31039	1.30961
5591	2025.11.24 23:00	GBPUSD.i	H1	1.31025	1.31081	1.31051	1.30964
5592	2025.11.25 00:00	GBPUSD.i	H1	1.31070	1.31079	1.31059	1.30966
5593	2025.11.25 01:00	GBPUSD.i	H1	1.31055	1.31075	1.31065	1.30969
5594	2025.11.25 02:00	GBPUSD.i	H1	1.31078	1.31072	1.31069	1.30971
5595	2025.11.25 03:00	GBPUSD.i	H1	1.31078	1.31089	1.31076	1.30974
5596	2025.11.25 04:00	GBPUSD.i	H1	1.31126	1.31100	1.31085	1.30978
5597	2025.11.25 05:00	GBPUSD.i	H1	1.31001	1.31081	1.31087	1.30981
5598	2025.11.25 06:00	GBPUSD.i	H1	1.30980	1.31034	1.31078	1.30982
5599	2025.11.25 07:00	GBPUSD.i	H1	1.31016	1.31014	1.31066	1.30982
5600	2025.11.25 08:00	GBPUSD.i	H1	1.31039	1.31014	1.31058	1.30983
5601	2025.11.25 09:00	GBPUSD.i	H1	1.31218	1.31090	1.31068	1.30986
5602	2025.11.25 10:00	GBPUSD.i	H1	1.31096	1.31128	1.31085	1.30991
5603	2025.11.25 11:00	GBPUSD.i	H1	1.31350	1.31207	1.31115	1.30998
5604	2025.11.25 12:00	GBPUSD.i	H1	1.31297	1.31274	1.31153	1.31006
5605	2025.11.25 13:00	GBPUSD.i	H1	1.31121	1.31244	1.31176	1.31012
5606	2025.11.25 14:00	GBPUSD.i	H1	1.31348	1.31273	1.31201	1.31018
5607	2025.11.25 15:00	GBPUSD.i	H1	1.31537	1.31391	1.31247	1.31028
5608	2025.11.25 16:00	GBPUSD.i	H1	1.31781	1.31574	1.31326	1.31044
5609	2025.11.25 17:00	GBPUSD.i	H1	1.31768	1.31737	1.31424	1.31064
5610	2025.11.25 18:00	GBPUSD.i	H1	1.31719	1.31804	1.31515	1.31084
5611	2025.11.25 19:00	GBPUSD.i	H1	1.32008	1.31915	1.31613	1.31105
5612	2025.11.25 20:00	GBPUSD.i	H1	1.32055	1.32042	1.31719	1.31130
5613	2025.11.25 21:00	GBPUSD.i	H1	1.32118	1.32126	1.31822	1.31156
5614	2025.11.25 22:00	GBPUSD.i	H1	1.31620	1.32011	1.31877	1.31178
5615	2025.11.25 23:00	GBPUSD.i	H1	1.31631	1.31873	1.31891	1.31192
5616	2025.11.26 00:00	GBPUSD.i	H1	1.31658	1.31779	1.31883	1.31205
5617	2025.11.26 01:00	GBPUSD.i	H1	1.31580	1.31702	1.31861	1.31217
5618	2025.11.26 02:00	GBPUSD.i	H1	1.31688	1.31673	1.31839	1.31229
5619	2025.11.26 03:00	GBPUSD.i	H1	1.31788	1.31706	1.31829	1.31243
5620	2025.11.26 04:00	GBPUSD.i	H1	1.31871	1.31769	1.31836	1.31259
5621	2025.11.26 05:00	GBPUSD.i	H1	1.31962	1.31847	1.31857	1.31277
5622	2025.11.26 06:00	GBPUSD.i	H1	1.31875	1.31882	1.31880	1.31295
5623	2025.11.26 07:00	GBPUSD.i	H1	1.31913	1.31899	1.31901	1.31311
5624	2025.11.26 08:00	GBPUSD.i	H1	1.31889	1.31907	1.31918	1.31328
5625	2025.11.26 09:00	GBPUSD.i	H1	1.31790	1.31859	1.31919	1.31342
5626	2025.11.26 10:00	GBPUSD.i	H1	1.31738	1.31811	1.31908	1.31354
5627	2025.11.26 11:00	GBPUSD.i	H1	1.31741	1.31771	1.31891	1.31365
5628	2025.11.26 12:00	GBPUSD.i	H1	1.31616	1.31701	1.31861	1.31375
5629	2025.11.26 13:00	GBPUSD.i	H1	1.31724	1.31705	1.31837	1.31384
5630	2025.11.26 14:00	GBPUSD.i	H1	1.31842	1.31665	1.31809	1.31393
5631	2025.11.26 15:00	GBPUSD.i	H1	1.31924	1.31798	1.31817	1.31404
5632	2025.11.26 16:00	GBPUSD.i	H1	1.31987	1.31881	1.31840	1.31420
5633	2025.11.26 17:00	GBPUSD.i	H1	1.32257	1.32040	1.31893	1.31438
5634	2025.11.26 18:00	GBPUSD.i	H1	1.32256	1.32182	1.31965	1.31460
5635	2025.11.26 19:00	GBPUSD.i	H1	1.32261	1.32254	1.32036	1.31483
5636	2025.11.26 20:00	GBPUSD.i	H1	1.32340	1.32320	1.32107	1.31505
5637	2025.11.26 21:00	GBPUSD.i	H1	1.32342	1.32370	1.32173	1.31528
5638	2025.11.26 22:00	GBPUSD.i	H1	1.32358	1.32408	1.32234	1.31550
5639	2025.11.26 23:00	GBPUSD.i	H1	1.32412	1.32439	1.32290	1.31574
5640	2025.11.27 00:00	GBPUSD.i	H1	1.32367	1.32440	1.32335	1.31596
5641	2025.11.27 01:00	GBPUSD.i	H1	1.32447	1.32461	1.32376	1.31618
5642	2025.11.27 02:00	GBPUSD.i	H1	1.32480	1.32491	1.32416	1.31641
5643	2025.11.27 03:00	GBPUSD.i	H1	1.32568	1.32543	1.32459	1.31666
5644	2025.11.27 04:00	GBPUSD.i	H1	1.32510	1.32567	1.32499	1.31690
5645	2025.11.27 05:00	GBPUSD.i	H1	1.32557	1.32575	1.32533	1.31714
5646	2025.11.27 06:00	GBPUSD.i	H1	1.32572	1.32604	1.32566	1.31737
5647	2025.11.27 07:00	GBPUSD.i	H1	1.32586	1.32626	1.32597	1.31762
5648	2025.11.27 08:00	GBPUSD.i	H1	1.32429	1.32574	1.32609	1.31783
5649	2025.11.27 09:00	GBPUSD.i	H1	1.32388	1.32484	1.32598	1.31802
5650	2025.11.27 10:00	GBPUSD.i	H1	1.32234	1.32376	1.32565	1.31816
5651	2025.11.27 11:00	GBPUSD.i	H1	1.32138	1.32250	1.32511	1.31827
5652	2025.11.27 12:00	GBPUSD.i	H1	1.32241	1.32198	1.32457	1.31837
5653	2025.11.27 13:00	GBPUSD.i	H1	1.32297	1.32200	1.32415	1.31848
5654	2025.11.27 14:00	GBPUSD.i	H1	1.32333	1.32225	1.32386	1.31861
5655	2025.11.27 15:00	GBPUSD.i	H1	1.32431	1.32296	1.32378	1.31875
5656	2025.11.27 16:00	GBPUSD.i	H1	1.32337	1.32316	1.32374	1.31889
5657	2025.11.27 17:00	GBPUSD.i	H1	1.32509	1.32376	1.32382	1.31903
5658	2025.11.27 18:00	GBPUSD.i	H1	1.32440	1.32419	1.32397	1.31919
5659	2025.11.27 19:00	GBPUSD.i	H1	1.32378	1.32409	1.32404	1.31933
5660	2025.11.27 20:00	GBPUSD.i	H1	1.32345	1.32387	1.32405	1.31945
5661	2025.11.27 21:00	GBPUSD.i	H1	1.32369	1.32377	1.32402	1.31957
5662	2025.11.27 22:00	GBPUSD.i	H1	1.32371	1.32373	1.32399	1.31968
5663	2025.11.27 23:00	GBPUSD.i	H1	1.32374	1.32375	1.32396	1.31979
5664	2025.11.28 00:00	GBPUSD.i	H1	1.32339	1.32353	1.32389	1.31990
5665	2025.11.28 01:00	GBPUSD.i	H1	1.32402	1.32357	1.32384	1.32000
5666	2025.11.28 02:00	GBPUSD.i	H1	1.32360	1.32365	1.32382	1.32010
5667	2025.11.28 03:00	GBPUSD.i	H1	1.32329	1.32355	1.32378	1.32020
5668	2025.11.28 04:00	GBPUSD.i	H1	1.32358	1.32347	1.32373	1.32029
5669	2025.11.28 05:00	GBPUSD.i	H1	1.32382	1.32356	1.32370	1.32038
5670	2025.11.28 06:00	GBPUSD.i	H1	1.32382	1.32369	1.32371	1.32048
5671	2025.11.28 07:00	GBPUSD.i	H1	1.32324	1.32353	1.32368	1.32056
5672	2025.11.28 08:00	GBPUSD.i	H1	1.32164	1.32285	1.32350	1.32062
5673	2025.11.28 09:00	GBPUSD.i	H1	1.32127	1.32206	1.32318	1.32066
5674	2025.11.28 10:00	GBPUSD.i	H1	1.32029	1.32120	1.32273	1.32067
5675	2025.11.28 11:00	GBPUSD.i	H1	1.32082	1.32098	1.32233	1.32067
5676	2025.11.28 12:00	GBPUSD.i	H1	1.32073	1.32068	1.32195	1.32068
5677	2025.11.28 13:00	GBPUSD.i	H1	1.32019	1.32038	1.32158	1.32068
5678	2025.11.28 14:00	GBPUSD.i	H1	1.32177	1.32061	1.32134	1.32069
5679	2025.11.28 15:00	GBPUSD.i	H1	1.32255	1.32121	1.32128	1.32072
5680	2025.11.28 16:00	GBPUSD.i	H1	1.32304	1.32182	1.32136	1.32077
5681	2025.11.28 17:00	GBPUSD.i	H1	1.32512	1.32279	1.32164	1.32083
5682	2025.11.28 18:00	GBPUSD.i	H1	1.32361	1.32358	1.32202	1.32092
5683	2025.11.28 19:00	GBPUSD.i	H1	1.32364	1.32374	1.32235	1.32100
5684	2025.11.28 20:00	GBPUSD.i	H1	1.32376	1.32385	1.32263	1.32107
5685	2025.11.28 21:00	GBPUSD.i	H1	1.32457	1.32426	1.32296	1.32115
5686	2025.11.28 22:00	GBPUSD.i	H1	1.32424	1.32453	1.32328	1.32123
5687	2025.11.28 23:00	GBPUSD.i	H1	1.32233	1.32402	1.32342	1.32130
5688	2025.12.01 00:00	GBPUSD.i	H1	1.32291	1.32340	1.32340	1.32134
5689	2025.12.01 01:00	GBPUSD.i	H1	1.32392	1.32366	1.32346	1.32140
5690	2025.12.01 02:00	GBPUSD.i	H1	1.32369	1.32382	1.32355	1.32147
5691	2025.12.01 03:00	GBPUSD.i	H1	1.32378	1.32389	1.32364	1.32153
5692	2025.12.01 04:00	GBPUSD.i	H1	1.32276	1.32355	1.32363	1.32159
5693	2025.12.01 05:00	GBPUSD.i	H1	1.32307	1.32319	1.32355	1.32162
5694	2025.12.01 06:00	GBPUSD.i	H1	1.32268	1.32300	1.32345	1.32166
5695	2025.12.01 07:00	GBPUSD.i	H1	1.32209	1.32263	1.32329	1.32168
5696	2025.12.01 08:00	GBPUSD.i	H1	1.32159	1.32204	1.32303	1.32169
5697	2025.12.01 09:00	GBPUSD.i	H1	1.32203	1.32203	1.32282	1.32170
5698	2025.12.01 10:00	GBPUSD.i	H1	1.32108	1.32165	1.32257	1.32171
5699	2025.12.01 11:00	GBPUSD.i	H1	1.32330	1.32198	1.32245	1.32172
5700	2025.12.01 12:00	GBPUSD.i	H1	1.32283	1.32222	1.32241	1.32174
5701	2025.12.01 13:00	GBPUSD.i	H1	1.32335	1.32256	1.32244	1.32177
5702	2025.12.01 14:00	GBPUSD.i	H1	1.32673	1.32409	1.32281	1.32185
5703	2025.12.01 15:00	GBPUSD.i	H1	1.32661	1.32554	1.32342	1.32197
5704	2025.12.01 16:00	GBPUSD.i	H1	1.32482	1.32574	1.32393	1.32208
5705	2025.12.01 17:00	GBPUSD.i	H1	1.32521	1.32555	1.32429	1.32216
5706	2025.12.01 18:00	GBPUSD.i	H1	1.32275	1.32474	1.32438	1.32221
5707	2025.12.01 19:00	GBPUSD.i	H1	1.32247	1.32379	1.32426	1.32223
5708	2025.12.01 20:00	GBPUSD.i	H1	1.32153	1.32282	1.32395	1.32223
5709	2025.12.01 21:00	GBPUSD.i	H1	1.32126	1.32188	1.32351	1.32222
5710	2025.12.01 22:00	GBPUSD.i	H1	1.32129	1.32132	1.32304	1.32219
5711	2025.12.01 23:00	GBPUSD.i	H1	1.32106	1.32096	1.32260	1.32216
5712	2025.12.02 00:00	GBPUSD.i	H1	1.32093	1.32074	1.32220	1.32213
5713	2025.12.02 01:00	GBPUSD.i	H1	1.32090	1.32063	1.32186	1.32210
5714	2025.12.02 02:00	GBPUSD.i	H1	1.32069	1.32049	1.32155	1.32207
5715	2025.12.02 03:00	GBPUSD.i	H1	1.32120	1.32052	1.32130	1.32203
5716	2025.12.02 04:00	GBPUSD.i	H1	1.32161	1.32082	1.32117	1.32201
5717	2025.12.02 05:00	GBPUSD.i	H1	1.32171	1.32110	1.32112	1.32200
5718	2025.12.02 06:00	GBPUSD.i	H1	1.32160	1.32139	1.32114	1.32199
5719	2025.12.02 07:00	GBPUSD.i	H1	1.32145	1.32141	1.32115	1.32198
5720	2025.12.02 08:00	GBPUSD.i	H1	1.32128	1.32132	1.32113	1.32196
5721	2025.12.02 09:00	GBPUSD.i	H1	1.32154	1.32140	1.32114	1.32194
5722	2025.12.02 10:00	GBPUSD.i	H1	1.32117	1.32138	1.32114	1.32193
5723	2025.12.02 11:00	GBPUSD.i	H1	1.32107	1.32125	1.32111	1.32191
5724	2025.12.02 12:00	GBPUSD.i	H1	1.31956	1.32045	1.32091	1.32186
5725	2025.12.02 13:00	GBPUSD.i	H1	1.31984	1.32002	1.32065	1.32180
5726	2025.12.02 14:00	GBPUSD.i	H1	1.32093	1.32011	1.32048	1.32176
5727	2025.12.02 15:00	GBPUSD.i	H1	1.32067	1.32019	1.32037	1.32172
5728	2025.12.02 16:00	GBPUSD.i	H1	1.32108	1.32042	1.32033	1.32169
5729	2025.12.02 17:00	GBPUSD.i	H1	1.32010	1.32019	1.32025	1.32165
5730	2025.12.02 18:00	GBPUSD.i	H1	1.31835	1.31954	1.32004	1.32159
5731	2025.12.02 19:00	GBPUSD.i	H1	1.31941	1.31916	1.31979	1.32152
5732	2025.12.02 20:00	GBPUSD.i	H1	1.31977	1.31928	1.31962	1.32146
5733	2025.12.02 21:00	GBPUSD.i	H1	1.32098	1.31986	1.31962	1.32142
5734	2025.12.02 22:00	GBPUSD.i	H1	1.32118	1.32046	1.31976	1.32141
5735	2025.12.02 23:00	GBPUSD.i	H1	1.32106	1.32084	1.31995	1.32140
5736	2025.12.03 00:00	GBPUSD.i	H1	1.32046	1.32080	1.32008	1.32138
5737	2025.12.03 01:00	GBPUSD.i	H1	1.32199	1.32120	1.32028	1.32137
5738	2025.12.03 02:00	GBPUSD.i	H1	1.32217	1.32174	1.32057	1.32138
5739	2025.12.03 03:00	GBPUSD.i	H1	1.32266	1.32229	1.32092	1.32141
5740	2025.12.03 04:00	GBPUSD.i	H1	1.32298	1.32276	1.32130	1.32144
5741	2025.12.03 05:00	GBPUSD.i	H1	1.32291	1.32311	1.32168	1.32148
5742	2025.12.03 06:00	GBPUSD.i	H1	1.32316	1.32331	1.32204	1.32153
5743	2025.12.03 07:00	GBPUSD.i	H1	1.32367	1.32364	1.32240	1.32157
5744	2025.12.03 08:00	GBPUSD.i	H1	1.32424	1.32405	1.32278	1.32164
5745	2025.12.03 09:00	GBPUSD.i	H1	1.32428	1.32448	1.32319	1.32171
5746	2025.12.03 10:00	GBPUSD.i	H1	1.32589	1.32513	1.32366	1.32180
5747	2025.12.03 11:00	GBPUSD.i	H1	1.32789	1.32648	1.32435	1.32192
5748	2025.12.03 12:00	GBPUSD.i	H1	1.32835	1.32772	1.32517	1.32209
5749	2025.12.03 13:00	GBPUSD.i	H1	1.32963	1.32884	1.32607	1.32227
5750	2025.12.03 14:00	GBPUSD.i	H1	1.32990	1.32987	1.32702	1.32247
5751	2025.12.03 15:00	GBPUSD.i	H1	1.32994	1.33066	1.32794	1.32268
5752	2025.12.03 16:00	GBPUSD.i	H1	1.33136	1.33124	1.32881	1.32290
5753	2025.12.03 17:00	GBPUSD.i	H1	1.33313	1.33223	1.32973	1.32314
5754	2025.12.03 18:00	GBPUSD.i	H1	1.33320	1.33343	1.33073	1.32341
5755	2025.12.03 19:00	GBPUSD.i	H1	1.33427	1.33426	1.33171	1.32370
5756	2025.12.03 20:00	GBPUSD.i	H1	1.33479	1.33501	1.33266	1.32399
5757	2025.12.03 21:00	GBPUSD.i	H1	1.33508	1.33555	1.33354	1.32430
5758	2025.12.03 22:00	GBPUSD.i	H1	1.33478	1.33573	1.33428	1.32459
5759	2025.12.03 23:00	GBPUSD.i	H1	1.33509	1.33583	1.33489	1.32488
5760	2025.12.04 00:00	GBPUSD.i	H1	1.33506	1.33574	1.33536	1.32516
5761	2025.12.04 01:00	GBPUSD.i	H1	1.33475	1.33553	1.33568	1.32543
5762	2025.12.04 02:00	GBPUSD.i	H1	1.33397	1.33502	1.33583	1.32568
5763	2025.12.04 03:00	GBPUSD.i	H1	1.33401	1.33455	1.33584	1.32592
5764	2025.12.04 04:00	GBPUSD.i	H1	1.33368	1.33411	1.33575	1.32614
5765	2025.12.04 05:00	GBPUSD.i	H1	1.33319	1.33357	1.33555	1.32634
5766	2025.12.04 06:00	GBPUSD.i	H1	1.33318	1.33323	1.33531	1.32653
5767	2025.12.04 07:00	GBPUSD.i	H1	1.33380	1.33323	1.33511	1.32672
5768	2025.12.04 08:00	GBPUSD.i	H1	1.33378	1.33323	1.33494	1.32692
5769	2025.12.04 09:00	GBPUSD.i	H1	1.33360	1.33326	1.33479	1.32710
5770	2025.12.04 10:00	GBPUSD.i	H1	1.33427	1.33372	1.33476	1.32729
5771	2025.12.04 11:00	GBPUSD.i	H1	1.33459	1.33397	1.33478	1.32749
5772	2025.12.04 12:00	GBPUSD.i	H1	1.33443	1.33414	1.33481	1.32769
5773	2025.12.04 13:00	GBPUSD.i	H1	1.33601	1.33477	1.33495	1.32789
5774	2025.12.04 14:00	GBPUSD.i	H1	1.33490	1.33494	1.33509	1.32809
5775	2025.12.04 15:00	GBPUSD.i	H1	1.33423	1.33444	1.33507	1.32827
5776	2025.12.04 16:00	GBPUSD.i	H1	1.33704	1.33529	1.33524	1.32846
5777	2025.12.04 17:00	GBPUSD.i	H1	1.33730	1.33624	1.33558	1.32868
5778	2025.12.04 18:00	GBPUSD.i	H1	1.33526	1.33619	1.33582	1.32890
5779	2025.12.04 19:00	GBPUSD.i	H1	1.33432	1.33552	1.33585	1.32907
5780	2025.12.04 20:00	GBPUSD.i	H1	1.33431	1.33498	1.33575	1.32922
5781	2025.12.04 21:00	GBPUSD.i	H1	1.33397	1.33451	1.33556	1.32936
5782	2025.12.04 22:00	GBPUSD.i	H1	1.33286	1.33376	1.33524	1.32948
5783	2025.12.04 23:00	GBPUSD.i	H1	1.33255	1.33306	1.33483	1.32958
5784	2025.12.05 00:00	GBPUSD.i	H1	1.33219	1.33241	1.33437	1.32966
5785	2025.12.05 01:00	GBPUSD.i	H1	1.33223	1.33207	1.33392	1.32973
5786	2025.12.05 02:00	GBPUSD.i	H1	1.33301	1.33212	1.33357	1.32981
5787	2025.12.05 03:00	GBPUSD.i	H1	1.33332	1.33240	1.33335	1.32989
5788	2025.12.05 04:00	GBPUSD.i	H1	1.33321	1.33264	1.33322	1.32998
5789	2025.12.05 05:00	GBPUSD.i	H1	1.33271	1.33262	1.33309	1.33007
5790	2025.12.05 06:00	GBPUSD.i	H1	1.33362	1.33289	1.33305	1.33015
5791	2025.12.05 07:00	GBPUSD.i	H1	1.33452	1.33351	1.33314	1.33025
5792	2025.12.05 08:00	GBPUSD.i	H1	1.33489	1.33417	1.33336	1.33037
5793	2025.12.05 09:00	GBPUSD.i	H1	1.33531	1.33492	1.33369	1.33050
5794	2025.12.05 10:00	GBPUSD.i	H1	1.33499	1.33525	1.33402	1.33064
5795	2025.12.05 11:00	GBPUSD.i	H1	1.33457	1.33520	1.33427	1.33076
5796	2025.12.05 12:00	GBPUSD.i	H1	1.33379	1.33476	1.33436	1.33086
5797	2025.12.05 13:00	GBPUSD.i	H1	1.33400	1.33429	1.33433	1.33094
5798	2025.12.05 14:00	GBPUSD.i	H1	1.33483	1.33442	1.33435	1.33103
5799	2025.12.05 15:00	GBPUSD.i	H1	1.33508	1.33468	1.33443	1.33113
5800	2025.12.05 16:00	GBPUSD.i	H1	1.33467	1.33491	1.33455	1.33123
5801	2025.12.05 17:00	GBPUSD.i	H1	1.33428	1.33488	1.33464	1.33134
5802	2025.12.05 18:00	GBPUSD.i	H1	1.33227	1.33389	1.33448	1.33140
5803	2025.12.05 19:00	GBPUSD.i	H1	1.33308	1.33322	1.33421	1.33144
5804	2025.12.05 20:00	GBPUSD.i	H1	1.33336	1.33320	1.33400	1.33148
5805	2025.12.05 21:00	GBPUSD.i	H1	1.33341	1.33312	1.33382	1.33154
5806	2025.12.05 22:00	GBPUSD.i	H1	1.33331	1.33300	1.33365	1.33158
5807	2025.12.05 23:00	GBPUSD.i	H1	1.33287	1.33290	1.33349	1.33162
5808	2025.12.08 00:00	GBPUSD.i	H1	1.33261	1.33248	1.33327	1.33165
5809	2025.12.08 01:00	GBPUSD.i	H1	1.33258	1.33244	1.33308	1.33167
5810	2025.12.08 02:00	GBPUSD.i	H1	1.33333	1.33259	1.33296	1.33171
5811	2025.12.08 03:00	GBPUSD.i	H1	1.33369	1.33297	1.33295	1.33175
5812	2025.12.08 04:00	GBPUSD.i	H1	1.33412	1.33341	1.33304	1.33180
5813	2025.12.08 05:00	GBPUSD.i	H1	1.33372	1.33366	1.33315	1.33186
5814	2025.12.08 06:00	GBPUSD.i	H1	1.33403	1.33387	1.33329	1.33192
5815	2025.12.08 07:00	GBPUSD.i	H1	1.33372	1.33392	1.33341	1.33197
5816	2025.12.08 08:00	GBPUSD.i	H1	1.33307	1.33379	1.33347	1.33202
5817	2025.12.08 09:00	GBPUSD.i	H1	1.33250	1.33332	1.33341	1.33205
5818	2025.12.08 10:00	GBPUSD.i	H1	1.33275	1.33299	1.33330	1.33207
5819	2025.12.08 11:00	GBPUSD.i	H1	1.33171	1.33245	1.33309	1.33208
5820	2025.12.08 12:00	GBPUSD.i	H1	1.33189	1.33220	1.33287	1.33207
5821	2025.12.08 13:00	GBPUSD.i	H1	1.33175	1.33195	1.33265	1.33207
5822	2025.12.08 14:00	GBPUSD.i	H1	1.33200	1.33179	1.33244	1.33207
5823	2025.12.08 15:00	GBPUSD.i	H1	1.33198	1.33183	1.33229	1.33207
5824	2025.12.08 16:00	GBPUSD.i	H1	1.33267	1.33214	1.33224	1.33208
5825	2025.12.08 17:00	GBPUSD.i	H1	1.33118	1.33179	1.33211	1.33208
5826	2025.12.08 18:00	GBPUSD.i	H1	1.33188	1.33170	1.33198	1.33206
5827	2025.12.08 19:00	GBPUSD.i	H1	1.33235	1.33175	1.33190	1.33206
5828	2025.12.08 20:00	GBPUSD.i	H1	1.33245	1.33206	1.33190	1.33206
5829	2025.12.08 21:00	GBPUSD.i	H1	1.33266	1.33231	1.33196	1.33208
5830	2025.12.08 22:00	GBPUSD.i	H1	1.33251	1.33248	1.33204	1.33209
5831	2025.12.08 23:00	GBPUSD.i	H1	1.33197	1.33237	1.33207	1.33210
5832	2025.12.09 00:00	GBPUSD.i	H1	1.33178	1.33211	1.33204	1.33209
5833	2025.12.09 01:00	GBPUSD.i	H1	1.33267	1.33220	1.33204	1.33209
5834	2025.12.09 02:00	GBPUSD.i	H1	1.33218	1.33226	1.33206	1.33210
5835	2025.12.09 03:00	GBPUSD.i	H1	1.33329	1.33255	1.33214	1.33211
5836	2025.12.09 04:00	GBPUSD.i	H1	1.33283	1.33280	1.33226	1.33213
5837	2025.12.09 05:00	GBPUSD.i	H1	1.33282	1.33290	1.33238	1.33215
5838	2025.12.09 06:00	GBPUSD.i	H1	1.33300	1.33298	1.33250	1.33217
5839	2025.12.09 07:00	GBPUSD.i	H1	1.33333	1.33318	1.33263	1.33220
5840	2025.12.09 08:00	GBPUSD.i	H1	1.33306	1.33323	1.33275	1.33223
5841	2025.12.09 09:00	GBPUSD.i	H1	1.33281	1.33310	1.33282	1.33225
5842	2025.12.09 10:00	GBPUSD.i	H1	1.33442	1.33361	1.33300	1.33228
5843	2025.12.09 11:00	GBPUSD.i	H1	1.33469	1.33430	1.33329	1.33234
5844	2025.12.09 12:00	GBPUSD.i	H1	1.33373	1.33425	1.33351	1.33240
5845	2025.12.09 13:00	GBPUSD.i	H1	1.33287	1.33378	1.33358	1.33242
5846	2025.12.09 14:00	GBPUSD.i	H1	1.33197	1.33307	1.33348	1.33243
5847	2025.12.09 15:00	GBPUSD.i	H1	1.33146	1.33238	1.33325	1.33242
5848	2025.12.09 16:00	GBPUSD.i	H1	1.33163	1.33172	1.33292	1.33239
5849	2025.12.09 17:00	GBPUSD.i	H1	1.32969	1.33068	1.33244	1.33234
5850	2025.12.09 18:00	GBPUSD.i	H1	1.33176	1.33061	1.33205	1.33229
5851	2025.12.09 19:00	GBPUSD.i	H1	1.32976	1.33029	1.33166	1.33225
5852	2025.12.09 20:00	GBPUSD.i	H1	1.33011	1.32983	1.33126	1.33219
5853	2025.12.09 21:00	GBPUSD.i	H1	1.33017	1.32969	1.33090	1.33213
5854	2025.12.09 22:00	GBPUSD.i	H1	1.33001	1.32969	1.33061	1.33207
5855	2025.12.09 23:00	GBPUSD.i	H1	1.32963	1.32959	1.33035	1.33202
5856	2025.12.10 00:00	GBPUSD.i	H1	1.32990	1.32951	1.33012	1.33195
5857	2025.12.10 01:00	GBPUSD.i	H1	1.33030	1.32969	1.32997	1.33190
5858	2025.12.10 02:00	GBPUSD.i	H1	1.33037	1.32986	1.32989	1.33185
5859	2025.12.10 03:00	GBPUSD.i	H1	1.32986	1.32985	1.32982	1.33180
5860	2025.12.10 04:00	GBPUSD.i	H1	1.32995	1.32992	1.32977	1.33175
5861	2025.12.10 05:00	GBPUSD.i	H1	1.33027	1.33004	1.32976	1.33171
5862	2025.12.10 06:00	GBPUSD.i	H1	1.33050	1.33028	1.32980	1.33167
5863	2025.12.10 07:00	GBPUSD.i	H1	1.33070	1.33052	1.32990	1.33164
5864	2025.12.10 08:00	GBPUSD.i	H1	1.33136	1.33087	1.33005	1.33162
5865	2025.12.10 09:00	GBPUSD.i	H1	1.33241	1.33157	1.33033	1.33162
5866	2025.12.10 10:00	GBPUSD.i	H1	1.33186	1.33199	1.33064	1.33163
5867	2025.12.10 11:00	GBPUSD.i	H1	1.33133	1.33185	1.33086	1.33163
5868	2025.12.10 12:00	GBPUSD.i	H1	1.33131	1.33167	1.33100	1.33162
5869	2025.12.10 13:00	GBPUSD.i	H1	1.33104	1.33142	1.33106	1.33161
5870	2025.12.10 14:00	GBPUSD.i	H1	1.33140	1.33142	1.33111	1.33159
5871	2025.12.10 15:00	GBPUSD.i	H1	1.33303	1.33186	1.33127	1.33160
5872	2025.12.10 16:00	GBPUSD.i	H1	1.33300	1.33247	1.33153	1.33163
5873	2025.12.10 17:00	GBPUSD.i	H1	1.33208	1.33259	1.33177	1.33165
5874	2025.12.10 18:00	GBPUSD.i	H1	1.33379	1.33297	1.33204	1.33169
5875	2025.12.10 19:00	GBPUSD.i	H1	1.33457	1.33372	1.33243	1.33174
5876	2025.12.10 20:00	GBPUSD.i	H1	1.33339	1.33392	1.33278	1.33180
5877	2025.12.10 21:00	GBPUSD.i	H1	1.33647	1.33482	1.33327	1.33188
5878	2025.12.10 22:00	GBPUSD.i	H1	1.33851	1.33653	1.33405	1.33201
5879	2025.12.10 23:00	GBPUSD.i	H1	1.33779	1.33772	1.33492	1.33217
5880	2025.12.11 00:00	GBPUSD.i	H1	1.33791	1.33820	1.33572	1.33233
5881	2025.12.11 01:00	GBPUSD.i	H1	1.33886	1.33883	1.33649	1.33249
5882	2025.12.11 02:00	GBPUSD.i	H1	1.33777	1.33897	1.33714	1.33265
5883	2025.12.11 03:00	GBPUSD.i	H1	1.33818	1.33900	1.33766	1.33281
5884	2025.12.11 04:00	GBPUSD.i	H1	1.33706	1.33863	1.33800	1.33295
5885	2025.12.11 05:00	GBPUSD.i	H1	1.33671	1.33799	1.33814	1.33307
5886	2025.12.11 06:00	GBPUSD.i	H1	1.33691	1.33746	1.33814	1.33317
5887	2025.12.11 07:00	GBPUSD.i	H1	1.33617	1.33696	1.33804	1.33327
5888	2025.12.11 08:00	GBPUSD.i	H1	1.33693	1.33672	1.33791	1.33336
5889	2025.12.11 09:00	GBPUSD.i	H1	1.33699	1.33683	1.33783	1.33346
5890	2025.12.11 10:00	GBPUSD.i	H1	1.33668	1.33685	1.33777	1.33356
5891	2025.12.11 11:00	GBPUSD.i	H1	1.33719	1.33667	1.33768	1.33365
5892	2025.12.11 12:00	GBPUSD.i	H1	1.33784	1.33702	1.33767	1.33374
5893	2025.12.11 13:00	GBPUSD.i	H1	1.33855	1.33758	1.33778	1.33386
5894	2025.12.11 14:00	GBPUSD.i	H1	1.33891	1.33815	1.33799	1.33399
5895	2025.12.11 15:00	GBPUSD.i	H1	1.34074	1.33925	1.33839	1.33414
5896	2025.12.11 16:00	GBPUSD.i	H1	1.34177	1.34064	1.33901	1.33433
5897	2025.12.11 17:00	GBPUSD.i	H1	1.34344	1.34197	1.33978	1.33455
5898	2025.12.11 18:00	GBPUSD.i	H1	1.34254	1.34272	1.34055	1.33478
5899	2025.12.11 19:00	GBPUSD.i	H1	1.34211	1.34292	1.34119	1.33499
5900	2025.12.11 20:00	GBPUSD.i	H1	1.34135	1.34269	1.34164	1.33518
5901	2025.12.11 21:00	GBPUSD.i	H1	1.33905	1.34155	1.34174	1.33534
5902	2025.12.11 22:00	GBPUSD.i	H1	1.33937	1.34041	1.34157	1.33545
5903	2025.12.11 23:00	GBPUSD.i	H1	1.33846	1.33956	1.34126	1.33555
5904	2025.12.12 00:00	GBPUSD.i	H1	1.33901	1.33907	1.34091	1.33564
5905	2025.12.12 01:00	GBPUSD.i	H1	1.33933	1.33892	1.34061	1.33573
5906	2025.12.12 02:00	GBPUSD.i	H1	1.33931	1.33894	1.34037	1.33583
5907	2025.12.12 03:00	GBPUSD.i	H1	1.33922	1.33898	1.34018	1.33593
5908	2025.12.12 04:00	GBPUSD.i	H1	1.33913	1.33895	1.34002	1.33603
5909	2025.12.12 05:00	GBPUSD.i	H1	1.33908	1.33891	1.33986	1.33611
5910	2025.12.12 06:00	GBPUSD.i	H1	1.33885	1.33885	1.33972	1.33620
5911	2025.12.12 07:00	GBPUSD.i	H1	1.33955	1.33898	1.33962	1.33628
5912	2025.12.12 08:00	GBPUSD.i	H1	1.33954	1.33915	1.33958	1.33637
5913	2025.12.12 09:00	GBPUSD.i	H1	1.33845	1.33878	1.33944	1.33644
5914	2025.12.12 10:00	GBPUSD.i	H1	1.33783	1.33838	1.33924	1.33649
5915	2025.12.12 11:00	GBPUSD.i	H1	1.33827	1.33810	1.33901	1.33654
5916	2025.12.12 12:00	GBPUSD.i	H1	1.33762	1.33774	1.33874	1.33657
5917	2025.12.12 13:00	GBPUSD.i	H1	1.33751	1.33741	1.33846	1.33660
5918	2025.12.12 14:00	GBPUSD.i	H1	1.33734	1.33712	1.33816	1.33662
5919	2025.12.12 15:00	GBPUSD.i	H1	1.33696	1.33707	1.33791	1.33664
5920	2025.12.12 16:00	GBPUSD.i	H1	1.33732	1.33696	1.33769	1.33665
5921	2025.12.12 17:00	GBPUSD.i	H1	1.33550	1.33645	1.33739	1.33665
5922	2025.12.12 18:00	GBPUSD.i	H1	1.33487	1.33558	1.33695	1.33662
5923	2025.12.12 19:00	GBPUSD.i	H1	1.33731	1.33578	1.33665	1.33660
5924	2025.12.12 20:00	GBPUSD.i	H1	1.33610	1.33602	1.33646	1.33660
5925	2025.12.12 21:00	GBPUSD.i	H1	1.33658	1.33604	1.33632	1.33659
5926	2025.12.12 22:00	GBPUSD.i	H1	1.33663	1.33636	1.33627	1.33659
5927	2025.12.12 23:00	GBPUSD.i	H1	1.33654	1.33651	1.33626	1.33660
5928	2025.12.15 00:00	GBPUSD.i	H1	1.33654	1.33646	1.33623	1.33660
5929	2025.12.15 01:00	GBPUSD.i	H1	1.33673	1.33662	1.33625	1.33660
5930	2025.12.15 02:00	GBPUSD.i	H1	1.33656	1.33650	1.33623	1.33660
5931	2025.12.15 03:00	GBPUSD.i	H1	1.33734	1.33667	1.33627	1.33660
5932	2025.12.15 04:00	GBPUSD.i	H1	1.33682	1.33682	1.33632	1.33660
5933	2025.12.15 05:00	GBPUSD.i	H1	1.33569	1.33651	1.33630	1.33660
5934	2025.12.15 06:00	GBPUSD.i	H1	1.33581	1.33617	1.33621	1.33658
5935	2025.12.15 07:00	GBPUSD.i	H1	1.33642	1.33614	1.33614	1.33657
5936	2025.12.15 08:00	GBPUSD.i	H1	1.33655	1.33621	1.33611	1.33656
5937	2025.12.15 09:00	GBPUSD.i	H1	1.33636	1.33629	1.33610	1.33655
5938	2025.12.15 10:00	GBPUSD.i	H1	1.33677	1.33652	1.33615	1.33655
5939	2025.12.15 11:00	GBPUSD.i	H1	1.33878	1.33733	1.33638	1.33658
5940	2025.12.15 12:00	GBPUSD.i	H1	1.33802	1.33783	1.33667	1.33662
5941	2025.12.15 13:00	GBPUSD.i	H1	1.33833	1.33828	1.33700	1.33666
5942	2025.12.15 14:00	GBPUSD.i	H1	1.33899	1.33878	1.33737	1.33672
5943	2025.12.15 15:00	GBPUSD.i	H1	1.33872	1.33910	1.33774	1.33678
5944	2025.12.15 16:00	GBPUSD.i	H1	1.33965	1.33945	1.33811	1.33685
5945	2025.12.15 17:00	GBPUSD.i	H1	1.33949	1.33952	1.33843	1.33691
5946	2025.12.15 18:00	GBPUSD.i	H1	1.33796	1.33912	1.33859	1.33696
5947	2025.12.15 19:00	GBPUSD.i	H1	1.33677	1.33828	1.33854	1.33699
5948	2025.12.15 20:00	GBPUSD.i	H1	1.33659	1.33750	1.33833	1.33698
5949	2025.12.15 21:00	GBPUSD.i	H1	1.33730	1.33712	1.33809	1.33698
5950	2025.12.15 22:00	GBPUSD.i	H1	1.33740	1.33709	1.33791	1.33698
5951	2025.12.15 23:00	GBPUSD.i	H1	1.33753	1.33715	1.33778	1.33699
5952	2025.12.16 00:00	GBPUSD.i	H1	1.33725	1.33705	1.33765	1.33700
5953	2025.12.16 01:00	GBPUSD.i	H1	1.33790	1.33725	1.33759	1.33701
5954	2025.12.16 02:00	GBPUSD.i	H1	1.33697	1.33725	1.33754	1.33703
5955	2025.12.16 03:00	GBPUSD.i	H1	1.33681	1.33696	1.33743	1.33703
5956	2025.12.16 04:00	GBPUSD.i	H1	1.33691	1.33683	1.33730	1.33702
5957	2025.12.16 05:00	GBPUSD.i	H1	1.33655	1.33670	1.33718	1.33702
5958	2025.12.16 06:00	GBPUSD.i	H1	1.33678	1.33664	1.33706	1.33701
5959	2025.12.16 07:00	GBPUSD.i	H1	1.33623	1.33646	1.33693	1.33700
5960	2025.12.16 08:00	GBPUSD.i	H1	1.33652	1.33627	1.33677	1.33698
5961	2025.12.16 09:00	GBPUSD.i	H1	1.33752	1.33663	1.33673	1.33697
5962	2025.12.16 10:00	GBPUSD.i	H1	1.33934	1.33765	1.33693	1.33700
5963	2025.12.16 11:00	GBPUSD.i	H1	1.34103	1.33919	1.33743	1.33707
5964	2025.12.16 12:00	GBPUSD.i	H1	1.34231	1.34077	1.33818	1.33719
5965	2025.12.16 13:00	GBPUSD.i	H1	1.34310	1.34201	1.33903	1.33733
5966	2025.12.16 14:00	GBPUSD.i	H1	1.34366	1.34315	1.33995	1.33748
5967	2025.12.16 15:00	GBPUSD.i	H1	1.34256	1.34366	1.34080	1.33764
5968	2025.12.16 16:00	GBPUSD.i	H1	1.34430	1.34410	1.34157	1.33780
5969	2025.12.16 17:00	GBPUSD.i	H1	1.34161	1.34368	1.34209	1.33794
5970	2025.12.16 18:00	GBPUSD.i	H1	1.34265	1.34332	1.34243	1.33806
5971	2025.12.16 19:00	GBPUSD.i	H1	1.34237	1.34331	1.34272	1.33818
5972	2025.12.16 20:00	GBPUSD.i	H1	1.34247	1.34287	1.34286	1.33830
5973	2025.12.16 21:00	GBPUSD.i	H1	1.34258	1.34250	1.34290	1.33840
5974	2025.12.16 22:00	GBPUSD.i	H1	1.34247	1.34265	1.34298	1.33851
5975	2025.12.16 23:00	GBPUSD.i	H1	1.34180	1.34238	1.34298	1.33862
5976	2025.12.17 00:00	GBPUSD.i	H1	1.34198	1.34220	1.34294	1.33872
5977	2025.12.17 01:00	GBPUSD.i	H1	1.34253	1.34225	1.34292	1.33881
5978	2025.12.17 02:00	GBPUSD.i	H1	1.34207	1.34219	1.34289	1.33891
5979	2025.12.17 03:00	GBPUSD.i	H1	1.34245	1.34222	1.34287	1.33901
5980	2025.12.17 04:00	GBPUSD.i	H1	1.34087	1.34173	1.34273	1.33908
5981	2025.12.17 05:00	GBPUSD.i	H1	1.34096	1.34124	1.34250	1.33914
5982	2025.12.17 06:00	GBPUSD.i	H1	1.33949	1.34045	1.34214	1.33918
5983	2025.12.17 07:00	GBPUSD.i	H1	1.33833	1.33934	1.34159	1.33918
5984	2025.12.17 08:00	GBPUSD.i	H1	1.33762	1.33833	1.34093	1.33916
5985	2025.12.17 09:00	GBPUSD.i	H1	1.33229	1.33573	1.33981	1.33906
5986	2025.12.17 10:00	GBPUSD.i	H1	1.33269	1.33344	1.33841	1.33890
5987	2025.12.17 11:00	GBPUSD.i	H1	1.33255	1.33231	1.33706	1.33872
5988	2025.12.17 12:00	GBPUSD.i	H1	1.33349	1.33185	1.33589	1.33856
5989	2025.12.17 13:00	GBPUSD.i	H1	1.33275	1.33163	1.33489	1.33840
5990	2025.12.17 14:00	GBPUSD.i	H1	1.33446	1.33211	1.33420	1.33827
5991	2025.12.17 15:00	GBPUSD.i	H1	1.33562	1.33315	1.33386	1.33816
5992	2025.12.17 16:00	GBPUSD.i	H1	1.33629	1.33426	1.33382	1.33809
5993	2025.12.17 17:00	GBPUSD.i	H1	1.33993	1.33628	1.33422	1.33806
5994	2025.12.17 18:00	GBPUSD.i	H1	1.33897	1.33799	1.33490	1.33809
5995	2025.12.17 19:00	GBPUSD.i	H1	1.33872	1.33879	1.33559	1.33812
5996	2025.12.17 20:00	GBPUSD.i	H1	1.33758	1.33891	1.33616	1.33813
5997	2025.12.17 21:00	GBPUSD.i	H1	1.33770	1.33871	1.33656	1.33812
5998	2025.12.17 22:00	GBPUSD.i	H1	1.33783	1.33864	1.33688	1.33811
5999	2025.12.17 23:00	GBPUSD.i	H1	1.33730	1.33835	1.33709	1.33810
6000	2025.12.18 00:00	GBPUSD.i	H1	1.33755	1.33810	1.33722	1.33808
6001	2025.12.18 01:00	GBPUSD.i	H1	1.33737	1.33792	1.33729	1.33807
6002	2025.12.18 02:00	GBPUSD.i	H1	1.33761	1.33777	1.33734	1.33805
6003	2025.12.18 03:00	GBPUSD.i	H1	1.33646	1.33737	1.33730	1.33802
6004	2025.12.18 04:00	GBPUSD.i	H1	1.33688	1.33709	1.33722	1.33799
6005	2025.12.18 05:00	GBPUSD.i	H1	1.33646	1.33681	1.33710	1.33795
6006	2025.12.18 06:00	GBPUSD.i	H1	1.33686	1.33670	1.33699	1.33792
6007	2025.12.18 07:00	GBPUSD.i	H1	1.33698	1.33679	1.33693	1.33789
6008	2025.12.18 08:00	GBPUSD.i	H1	1.33669	1.33669	1.33686	1.33786
6009	2025.12.18 09:00	GBPUSD.i	H1	1.33662	1.33671	1.33681	1.33783
6010	2025.12.18 10:00	GBPUSD.i	H1	1.33595	1.33645	1.33672	1.33779
6011	2025.12.18 11:00	GBPUSD.i	H1	1.33486	1.33567	1.33646	1.33773
6012	2025.12.18 12:00	GBPUSD.i	H1	1.33524	1.33519	1.33616	1.33765
6013	2025.12.18 13:00	GBPUSD.i	H1	1.33512	1.33507	1.33589	1.33758
6014	2025.12.18 14:00	GBPUSD.i	H1	1.33953	1.33628	1.33597	1.33756
6015	2025.12.18 15:00	GBPUSD.i	H1	1.34278	1.33911	1.33666	1.33762
6016	2025.12.18 16:00	GBPUSD.i	H1	1.34156	1.34105	1.33763	1.33775
6017	2025.12.18 17:00	GBPUSD.i	H1	1.33945	1.34100	1.33836	1.33784
6018	2025.12.18 18:00	GBPUSD.i	H1	1.33862	1.34050	1.33882	1.33789
6019	2025.12.18 19:00	GBPUSD.i	H1	1.33808	1.33955	1.33897	1.33791
6020	2025.12.18 20:00	GBPUSD.i	H1	1.33813	1.33896	1.33897	1.33791
6021	2025.12.18 21:00	GBPUSD.i	H1	1.33863	1.33881	1.33896	1.33792
6022	2025.12.18 22:00	GBPUSD.i	H1	1.33783	1.33852	1.33890	1.33793
6023	2025.12.18 23:00	GBPUSD.i	H1	1.33801	1.33825	1.33880	1.33794
6024	2025.12.19 00:00	GBPUSD.i	H1	1.33798	1.33802	1.33867	1.33794
6025	2025.12.19 01:00	GBPUSD.i	H1	1.33832	1.33799	1.33857	1.33794
6026	2025.12.19 02:00	GBPUSD.i	H1	1.33849	1.33806	1.33851	1.33795
6027	2025.12.19 03:00	GBPUSD.i	H1	1.33823	1.33810	1.33846	1.33796
6028	2025.12.19 04:00	GBPUSD.i	H1	1.33790	1.33805	1.33841	1.33796
6029	2025.12.19 05:00	GBPUSD.i	H1	1.33777	1.33786	1.33832	1.33796
6030	2025.12.19 06:00	GBPUSD.i	H1	1.33723	1.33758	1.33818	1.33795
6031	2025.12.19 07:00	GBPUSD.i	H1	1.33758	1.33745	1.33804	1.33794
6032	2025.12.19 08:00	GBPUSD.i	H1	1.33836	1.33762	1.33797	1.33793
6033	2025.12.19 09:00	GBPUSD.i	H1	1.33653	1.33732	1.33784	1.33792
6034	2025.12.19 10:00	GBPUSD.i	H1	1.33739	1.33723	1.33771	1.33790
6035	2025.12.19 11:00	GBPUSD.i	H1	1.33817	1.33755	1.33769	1.33790
6036	2025.12.19 12:00	GBPUSD.i	H1	1.33810	1.33777	1.33771	1.33790
6037	2025.12.19 13:00	GBPUSD.i	H1	1.33723	1.33762	1.33768	1.33790
6038	2025.12.19 14:00	GBPUSD.i	H1	1.33733	1.33747	1.33763	1.33788
6039	2025.12.19 15:00	GBPUSD.i	H1	1.33721	1.33710	1.33750	1.33786
6040	2025.12.19 16:00	GBPUSD.i	H1	1.33703	1.33721	1.33743	1.33784
6041	2025.12.19 17:00	GBPUSD.i	H1	1.33618	1.33676	1.33726	1.33781
6042	2025.12.19 18:00	GBPUSD.i	H1	1.33778	1.33687	1.33716	1.33778
6043	2025.12.19 19:00	GBPUSD.i	H1	1.33772	1.33716	1.33715	1.33777
6044	2025.12.19 20:00	GBPUSD.i	H1	1.33860	1.33775	1.33727	1.33778
6045	2025.12.19 21:00	GBPUSD.i	H1	1.33907	1.33833	1.33749	1.33780
6046	2025.12.19 22:00	GBPUSD.i	H1	1.33740	1.33831	1.33766	1.33782
6047	2025.12.19 23:00	GBPUSD.i	H1	1.33731	1.33799	1.33771	1.33782
6048	2025.12.22 00:00	GBPUSD.i	H1	1.33771	1.33790	1.33774	1.33781
6049	2025.12.22 01:00	GBPUSD.i	H1	1.33789	1.33793	1.33777	1.33781
6050	2025.12.22 02:00	GBPUSD.i	H1	1.33893	1.33829	1.33788	1.33782
6051	2025.12.22 03:00	GBPUSD.i	H1	1.33960	1.33892	1.33811	1.33786
6052	2025.12.22 04:00	GBPUSD.i	H1	1.33927	1.33932	1.33839	1.33790
6053	2025.12.22 05:00	GBPUSD.i	H1	1.33929	1.33951	1.33864	1.33794
6054	2025.12.22 06:00	GBPUSD.i	H1	1.33990	1.33978	1.33891	1.33799
6055	2025.12.22 07:00	GBPUSD.i	H1	1.33971	1.33995	1.33916	1.33804
6056	2025.12.22 08:00	GBPUSD.i	H1	1.33942	1.33990	1.33934	1.33808
6057	2025.12.22 09:00	GBPUSD.i	H1	1.34138	1.34051	1.33963	1.33814
6058	2025.12.22 10:00	GBPUSD.i	H1	1.34199	1.34129	1.34005	1.33823
6059	2025.12.22 11:00	GBPUSD.i	H1	1.34244	1.34186	1.34050	1.33833
6060	2025.12.22 12:00	GBPUSD.i	H1	1.34348	1.34282	1.34107	1.33845
6061	2025.12.22 13:00	GBPUSD.i	H1	1.34387	1.34361	1.34170	1.33859
6062	2025.12.22 14:00	GBPUSD.i	H1	1.34338	1.34386	1.34226	1.33873
6063	2025.12.22 15:00	GBPUSD.i	H1	1.34378	1.34415	1.34276	1.33887
6064	2025.12.22 16:00	GBPUSD.i	H1	1.34503	1.34468	1.34329	1.33902
6065	2025.12.22 17:00	GBPUSD.i	H1	1.34540	1.34526	1.34384	1.33918
6066	2025.12.22 18:00	GBPUSD.i	H1	1.34559	1.34562	1.34435	1.33935
6067	2025.12.22 19:00	GBPUSD.i	H1	1.34707	1.34649	1.34497	1.33954
6068	2025.12.22 20:00	GBPUSD.i	H1	1.34619	1.34674	1.34550	1.33973
6069	2025.12.22 21:00	GBPUSD.i	H1	1.34585	1.34661	1.34590	1.33991
6070	2025.12.22 22:00	GBPUSD.i	H1	1.34577	1.34646	1.34618	1.34007
6071	2025.12.22 23:00	GBPUSD.i	H1	1.34605	1.34636	1.34639	1.34024
6072	2025.12.23 00:00	GBPUSD.i	H1	1.34608	1.34623	1.34652	1.34039
6073	2025.12.23 01:00	GBPUSD.i	H1	1.34682	1.34647	1.34669	1.34056
6074	2025.12.23 02:00	GBPUSD.i	H1	1.34720	1.34690	1.34692	1.34073
6075	2025.12.23 03:00	GBPUSD.i	H1	1.34771	1.34737	1.34720	1.34092
6076	2025.12.23 04:00	GBPUSD.i	H1	1.34824	1.34788	1.34753	1.34111
6077	2025.12.23 05:00	GBPUSD.i	H1	1.34889	1.34840	1.34790	1.34132
6078	2025.12.23 06:00	GBPUSD.i	H1	1.34879	1.34880	1.34827	1.34152
6079	2025.12.23 07:00	GBPUSD.i	H1	1.34887	1.34906	1.34861	1.34173
6080	2025.12.23 08:00	GBPUSD.i	H1	1.34809	1.34889	1.34884	1.34192
6081	2025.12.23 09:00	GBPUSD.i	H1	1.35017	1.34930	1.34911	1.34212
6082	2025.12.23 10:00	GBPUSD.i	H1	1.35095	1.35006	1.34949	1.34234
6083	2025.12.23 11:00	GBPUSD.i	H1	1.35056	1.35056	1.34990	1.34257
6084	2025.12.23 12:00	GBPUSD.i	H1	1.35156	1.35105	1.35032	1.34280
6085	2025.12.23 13:00	GBPUSD.i	H1	1.35034	1.35117	1.35068	1.34303
6086	2025.12.23 14:00	GBPUSD.i	H1	1.35023	1.35103	1.35092	1.34324
6087	2025.12.23 15:00	GBPUSD.i	H1	1.34948	1.35069	1.35103	1.34343
6088	2025.12.23 16:00	GBPUSD.i	H1	1.34840	1.34987	1.35093	1.34360
6089	2025.12.23 17:00	GBPUSD.i	H1	1.34838	1.34910	1.35068	1.34374
6090	2025.12.23 18:00	GBPUSD.i	H1	1.34848	1.34860	1.35037	1.34387
6091	2025.12.23 19:00	GBPUSD.i	H1	1.34732	1.34797	1.34998	1.34399
6092	2025.12.23 20:00	GBPUSD.i	H1	1.34896	1.34791	1.34966	1.34410
6093	2025.12.23 21:00	GBPUSD.i	H1	1.34970	1.34843	1.34952	1.34423
6094	2025.12.23 22:00	GBPUSD.i	H1	1.34991	1.34896	1.34951	1.34438
6095	2025.12.23 23:00	GBPUSD.i	H1	1.35157	1.35004	1.34973	1.34455
6096	2025.12.24 00:00	GBPUSD.i	H1	1.35118	1.35045	1.34998	1.34473
6097	2025.12.24 01:00	GBPUSD.i	H1	1.35129	1.35090	1.35026	1.34491
6098	2025.12.24 02:00	GBPUSD.i	H1	1.35147	1.35124	1.35055	1.34508
6099	2025.12.24 03:00	GBPUSD.i	H1	1.35290	1.35196	1.35093	1.34527
6100	2025.12.24 04:00	GBPUSD.i	H1	1.35270	1.35265	1.35139	1.34547
6101	2025.12.24 05:00	GBPUSD.i	H1	1.35162	1.35257	1.35172	1.34567
6102	2025.12.24 06:00	GBPUSD.i	H1	1.35140	1.35217	1.35189	1.34583
6103	2025.12.24 07:00	GBPUSD.i	H1	1.35190	1.35211	1.35201	1.34599
6104	2025.12.24 08:00	GBPUSD.i	H1	1.35207	1.35216	1.35213	1.34616
6105	2025.12.24 09:00	GBPUSD.i	H1	1.35108	1.35188	1.35215	1.34631
6106	2025.12.24 10:00	GBPUSD.i	H1	1.35220	1.35174	1.35215	1.34646
6107	2025.12.24 11:00	GBPUSD.i	H1	1.35219	1.35203	1.35221	1.34661
6108	2025.12.24 12:00	GBPUSD.i	H1	1.35168	1.35193	1.35224	1.34676
6109	2025.12.24 13:00	GBPUSD.i	H1	1.35142	1.35171	1.35220	1.34690
6110	2025.12.24 14:00	GBPUSD.i	H1	1.35034	1.35116	1.35205	1.34701
6111	2025.12.24 15:00	GBPUSD.i	H1	1.35046	1.35076	1.35183	1.34711
6112	2025.12.24 16:00	GBPUSD.i	H1	1.34968	1.35033	1.35156	1.34720
6113	2025.12.24 17:00	GBPUSD.i	H1	1.35071	1.35015	1.35131	1.34728
6114	2025.12.24 18:00	GBPUSD.i	H1	1.35019	1.35009	1.35109	1.34737
6115	2025.12.24 19:00	GBPUSD.i	H1	1.34974	1.34983	1.35086	1.34745
6116	2025.12.24 20:00	GBPUSD.i	H1	1.35013	1.34978	1.35065	1.34751
6117	2025.12.24 21:00	GBPUSD.i	H1	1.35010	1.34980	1.35049	1.34759
6118	2025.12.24 22:00	GBPUSD.i	H1	1.35009	1.34983	1.35036	1.34766
6119	2025.12.24 23:00	GBPUSD.i	H1	1.35020	1.34994	1.35027	1.34773
6120	2025.12.26 00:00	GBPUSD.i	H1	1.35158	1.35060	1.35035	1.34781
6121	2025.12.26 01:00	GBPUSD.i	H1	1.35083	1.35059	1.35040	1.34790
6122	2025.12.26 02:00	GBPUSD.i	H1	1.35098	1.35087	1.35050	1.34798
6123	2025.12.26 03:00	GBPUSD.i	H1	1.35126	1.35122	1.35065	1.34807
6124	2025.12.26 04:00	GBPUSD.i	H1	1.35170	1.35147	1.35082	1.34817
6125	2025.12.26 05:00	GBPUSD.i	H1	1.35057	1.35131	1.35092	1.34825
6126	2025.12.26 06:00	GBPUSD.i	H1	1.34999	1.35087	1.35089	1.34832
6127	2025.12.26 07:00	GBPUSD.i	H1	1.34946	1.35015	1.35072	1.34836
6128	2025.12.26 08:00	GBPUSD.i	H1	1.34894	1.34963	1.35047	1.34839
6129	2025.12.26 09:00	GBPUSD.i	H1	1.34828	1.34893	1.35011	1.34840
6130	2025.12.26 10:00	GBPUSD.i	H1	1.34959	1.34877	1.34981	1.34841
6131	2025.12.26 11:00	GBPUSD.i	H1	1.34852	1.34864	1.34954	1.34842
6132	2025.12.26 12:00	GBPUSD.i	H1	1.34884	1.34860	1.34932	1.34843
6133	2025.12.26 13:00	GBPUSD.i	H1	1.34946	1.34883	1.34919	1.34845
6134	2025.12.26 14:00	GBPUSD.i	H1	1.34966	1.34903	1.34913	1.34848
6135	2025.12.26 15:00	GBPUSD.i	H1	1.35168	1.35009	1.34932	1.34853
6136	2025.12.26 16:00	GBPUSD.i	H1	1.35157	1.35085	1.34963	1.34861
6137	2025.12.26 17:00	GBPUSD.i	H1	1.35069	1.35119	1.34995	1.34869
6138	2025.12.26 18:00	GBPUSD.i	H1	1.34875	1.35043	1.35001	1.34873
6139	2025.12.26 19:00	GBPUSD.i	H1	1.34949	1.34986	1.34994	1.34874
6140	2025.12.26 20:00	GBPUSD.i	H1	1.34954	1.34972	1.34987	1.34876
6141	2025.12.26 21:00	GBPUSD.i	H1	1.35002	1.34968	1.34980	1.34878
6142	2025.12.26 22:00	GBPUSD.i	H1	1.35031	1.34995	1.34982	1.34882
6143	2025.12.26 23:00	GBPUSD.i	H1	1.34962	1.34989	1.34982	1.34885
6144	2025.12.29 00:00	GBPUSD.i	H1	1.34921	1.34941	1.34972	1.34886
6145	2025.12.29 01:00	GBPUSD.i	H1	1.34969	1.34938	1.34963	1.34887
6146	2025.12.29 02:00	GBPUSD.i	H1	1.35076	1.34984	1.34967	1.34890
6147	2025.12.29 03:00	GBPUSD.i	H1	1.35090	1.35036	1.34982	1.34895
6148	2025.12.29 04:00	GBPUSD.i	H1	1.35066	1.35056	1.34997	1.34900
6149	2025.12.29 05:00	GBPUSD.i	H1	1.35068	1.35069	1.35013	1.34905
6150	2025.12.29 06:00	GBPUSD.i	H1	1.34943	1.35037	1.35017	1.34908
6151	2025.12.29 07:00	GBPUSD.i	H1	1.34910	1.34973	1.35006	1.34909
6152	2025.12.29 08:00	GBPUSD.i	H1	1.34966	1.34951	1.34993	1.34909
6153	2025.12.29 09:00	GBPUSD.i	H1	1.34850	1.34911	1.34975	1.34909
6154	2025.12.29 10:00	GBPUSD.i	H1	1.34859	1.34881	1.34954	1.34908
6155	2025.12.29 11:00	GBPUSD.i	H1	1.34905	1.34881	1.34937	1.34908
6156	2025.12.29 12:00	GBPUSD.i	H1	1.34975	1.34921	1.34934	1.34909
6157	2025.12.29 13:00	GBPUSD.i	H1	1.34891	1.34938	1.34934	1.34911
6158	2025.12.29 14:00	GBPUSD.i	H1	1.34826	1.34872	1.34919	1.34910
6159	2025.12.29 15:00	GBPUSD.i	H1	1.34936	1.34877	1.34908	1.34908
6160	2025.12.29 16:00	GBPUSD.i	H1	1.35008	1.34921	1.34909	1.34909
6161	2025.12.29 17:00	GBPUSD.i	H1	1.35006	1.34958	1.34919	1.34911
6162	2025.12.29 18:00	GBPUSD.i	H1	1.34937	1.34950	1.34924	1.34913
6163	2025.12.29 19:00	GBPUSD.i	H1	1.34858	1.34917	1.34920	1.34913
6164	2025.12.29 20:00	GBPUSD.i	H1	1.34908	1.34910	1.34916	1.34912
6165	2025.12.29 21:00	GBPUSD.i	H1	1.35070	1.34959	1.34924	1.34913
6166	2025.12.29 22:00	GBPUSD.i	H1	1.35047	1.35010	1.34942	1.34917
6167	2025.12.29 23:00	GBPUSD.i	H1	1.35116	1.35065	1.34968	1.34921
6168	2025.12.30 00:00	GBPUSD.i	H1	1.35015	1.35059	1.34987	1.34925
6169	2025.12.30 01:00	GBPUSD.i	H1	1.35091	1.35075	1.35006	1.34928
6170	2025.12.30 02:00	GBPUSD.i	H1	1.35026	1.35071	1.35020	1.34932
6171	2025.12.30 03:00	GBPUSD.i	H1	1.35086	1.35071	1.35031	1.34935
6172	2025.12.30 04:00	GBPUSD.i	H1	1.35027	1.35068	1.35040	1.34938
6173	2025.12.30 05:00	GBPUSD.i	H1	1.35053	1.35062	1.35046	1.34941
6174	2025.12.30 06:00	GBPUSD.i	H1	1.35102	1.35076	1.35055	1.34945
6175	2025.12.30 07:00	GBPUSD.i	H1	1.35148	1.35113	1.35070	1.34949
6176	2025.12.30 08:00	GBPUSD.i	H1	1.35157	1.35145	1.35089	1.34955
6177	2025.12.30 09:00	GBPUSD.i	H1	1.35058	1.35121	1.35099	1.34959
6178	2025.12.30 10:00	GBPUSD.i	H1	1.35089	1.35120	1.35107	1.34963
6179	2025.12.30 11:00	GBPUSD.i	H1	1.35144	1.35132	1.35116	1.34968
6180	2025.12.30 12:00	GBPUSD.i	H1	1.35212	1.35180	1.35134	1.34973
6181	2025.12.30 13:00	GBPUSD.i	H1	1.35041	1.35153	1.35142	1.34979
6182	2025.12.30 14:00	GBPUSD.i	H1	1.34967	1.35080	1.35131	1.34981
6183	2025.12.30 15:00	GBPUSD.i	H1	1.34878	1.34994	1.35104	1.34980
6184	2025.12.30 16:00	GBPUSD.i	H1	1.34763	1.34878	1.35056	1.34976
6185	2025.12.30 17:00	GBPUSD.i	H1	1.34736	1.34751	1.34991	1.34969
6186	2025.12.30 18:00	GBPUSD.i	H1	1.34765	1.34710	1.34930	1.34962
6187	2025.12.30 19:00	GBPUSD.i	H1	1.34696	1.34675	1.34875	1.34956
6188	2025.12.30 20:00	GBPUSD.i	H1	1.34678	1.34649	1.34825	1.34949
6189	2025.12.30 21:00	GBPUSD.i	H1	1.34656	1.34627	1.34779	1.34941
6190	2025.12.30 22:00	GBPUSD.i	H1	1.34637	1.34605	1.34737	1.34933
6191	2025.12.30 23:00	GBPUSD.i	H1	1.34663	1.34607	1.34704	1.34925
6192	2025.12.31 00:00	GBPUSD.i	H1	1.34641	1.34602	1.34675	1.34918
6193	2025.12.31 01:00	GBPUSD.i	H1	1.34664	1.34608	1.34653	1.34910
6194	2025.12.31 02:00	GBPUSD.i	H1	1.34638	1.34607	1.34634	1.34903
6195	2025.12.31 03:00	GBPUSD.i	H1	1.34610	1.34605	1.34619	1.34895
6196	2025.12.31 04:00	GBPUSD.i	H1	1.34613	1.34602	1.34605	1.34888
6197	2025.12.31 05:00	GBPUSD.i	H1	1.34638	1.34610	1.34596	1.34880
6198	2025.12.31 06:00	GBPUSD.i	H1	1.34585	1.34601	1.34587	1.34873
6199	2025.12.31 07:00	GBPUSD.i	H1	1.34607	1.34601	1.34580	1.34865
6200	2025.12.31 08:00	GBPUSD.i	H1	1.34579	1.34586	1.34571	1.34858
6201	2025.12.31 09:00	GBPUSD.i	H1	1.34562	1.34570	1.34560	1.34850
6202	2025.12.31 10:00	GBPUSD.i	H1	1.34294	1.34486	1.34533	1.34839
6203	2025.12.31 11:00	GBPUSD.i	H1	1.34372	1.34412	1.34496	1.34827
6204	2025.12.31 12:00	GBPUSD.i	H1	1.34384	1.34373	1.34459	1.34814
6205	2025.12.31 13:00	GBPUSD.i	H1	1.34553	1.34415	1.34440	1.34803
6206	2025.12.31 14:00	GBPUSD.i	H1	1.34668	1.34499	1.34444	1.34796
6207	2025.12.31 15:00	GBPUSD.i	H1	1.34544	1.34549	1.34459	1.34791
6208	2025.12.31 16:00	GBPUSD.i	H1	1.34338	1.34486	1.34455	1.34783
6209	2025.12.31 17:00	GBPUSD.i	H1	1.34506	1.34421	1.34437	1.34772
6210	2025.12.31 18:00	GBPUSD.i	H1	1.34460	1.34442	1.34429	1.34762
6211	2025.12.31 19:00	GBPUSD.i	H1	1.34520	1.34461	1.34428	1.34754
6212	2025.12.31 20:00	GBPUSD.i	H1	1.34534	1.34494	1.34435	1.34747
6213	2025.12.31 21:00	GBPUSD.i	H1	1.34595	1.34539	1.34450	1.34742
6214	2025.12.31 22:00	GBPUSD.i	H1	1.34803	1.34646	1.34487	1.34739
6215	2025.12.31 23:00	GBPUSD.i	H1	1.34714	1.34720	1.34533	1.34740
6216	2026.01.02 00:00	GBPUSD.i	H1	1.34651	1.34711	1.34567	1.34739
6217	2026.01.02 01:00	GBPUSD.i	H1	1.34736	1.34737	1.34600	1.34737
6218	2026.01.02 02:00	GBPUSD.i	H1	1.34814	1.34782	1.34637	1.34737
6219	2026.01.02 03:00	GBPUSD.i	H1	1.34876	1.34840	1.34680	1.34740
6220	2026.01.02 04:00	GBPUSD.i	H1	1.34881	1.34889	1.34726	1.34743
6221	2026.01.02 05:00	GBPUSD.i	H1	1.34868	1.34907	1.34767	1.34747
6222	2026.01.02 06:00	GBPUSD.i	H1	1.34787	1.34887	1.34795	1.34750
6223	2026.01.02 07:00	GBPUSD.i	H1	1.34715	1.34833	1.34807	1.34750
6224	2026.01.02 08:00	GBPUSD.i	H1	1.34679	1.34765	1.34801	1.34749
6225	2026.01.02 09:00	GBPUSD.i	H1	1.34642	1.34704	1.34784	1.34747
6226	2026.01.02 10:00	GBPUSD.i	H1	1.34539	1.34631	1.34755	1.34743
6227	2026.01.02 11:00	GBPUSD.i	H1	1.34549	1.34582	1.34722	1.34738
6228	2026.01.02 12:00	GBPUSD.i	H1	1.34500	1.34526	1.34683	1.34733
6229	2026.01.02 13:00	GBPUSD.i	H1	1.34408	1.34452	1.34636	1.34725
6230	2026.01.02 14:00	GBPUSD.i	H1	1.34457	1.34416	1.34591	1.34717
6231	2026.01.02 15:00	GBPUSD.i	H1	1.34575	1.34443	1.34561	1.34711
6232	2026.01.02 16:00	GBPUSD.i	H1	1.34647	1.34508	1.34551	1.34707
6233	2026.01.02 17:00	GBPUSD.i	H1	1.34969	1.34678	1.34581	1.34708
6234	2026.01.02 18:00	GBPUSD.i	H1	1.34778	1.34765	1.34622	1.34712
6235	2026.01.02 19:00	GBPUSD.i	H1	1.34628	1.34741	1.34647	1.34713
6236	2026.01.02 20:00	GBPUSD.i	H1	1.34515	1.34657	1.34647	1.34710
6237	2026.01.02 21:00	GBPUSD.i	H1	1.34549	1.34599	1.34635	1.34705
6238	2026.01.02 22:00	GBPUSD.i	H1	1.34567	1.34568	1.34618	1.34701
6239	2026.01.02 23:00	GBPUSD.i	H1	1.34563	1.34574	1.34607	1.34697
6240	2026.01.05 00:00	GBPUSD.i	H1	1.34436	1.34515	1.34585	1.34692
6241	2026.01.05 01:00	GBPUSD.i	H1	1.34380	1.34466	1.34557	1.34686
6242	2026.01.05 02:00	GBPUSD.i	H1	1.34433	1.34433	1.34528	1.34679
6243	2026.01.05 03:00	GBPUSD.i	H1	1.34402	1.34412	1.34500	1.34672
6244	2026.01.05 04:00	GBPUSD.i	H1	1.34313	1.34357	1.34466	1.34664
6245	2026.01.05 05:00	GBPUSD.i	H1	1.34159	1.34270	1.34419	1.34653
6246	2026.01.05 06:00	GBPUSD.i	H1	1.34255	1.34222	1.34371	1.34641
6247	2026.01.05 07:00	GBPUSD.i	H1	1.34281	1.34221	1.34333	1.34630
6248	2026.01.05 08:00	GBPUSD.i	H1	1.34356	1.34241	1.34308	1.34621
6249	2026.01.05 09:00	GBPUSD.i	H1	1.34227	1.34237	1.34286	1.34611
6250	2026.01.05 10:00	GBPUSD.i	H1	1.34257	1.34241	1.34269	1.34602
6251	2026.01.05 11:00	GBPUSD.i	H1	1.34427	1.34290	1.34266	1.34594
6252	2026.01.05 12:00	GBPUSD.i	H1	1.34633	1.34420	1.34293	1.34590
6253	2026.01.05 13:00	GBPUSD.i	H1	1.34596	1.34536	1.34340	1.34590
6254	2026.01.05 14:00	GBPUSD.i	H1	1.34558	1.34599	1.34390	1.34591
6255	2026.01.05 15:00	GBPUSD.i	H1	1.34530	1.34556	1.34419	1.34590
6256	2026.01.05 16:00	GBPUSD.i	H1	1.34724	1.34630	1.34460	1.34589
6257	2026.01.05 17:00	GBPUSD.i	H1	1.35027	1.34802	1.34532	1.34594
6258	2026.01.05 18:00	GBPUSD.i	H1	1.35251	1.35027	1.34640	1.34607
6259	2026.01.05 19:00	GBPUSD.i	H1	1.35326	1.35233	1.34772	1.34625
6260	2026.01.05 20:00	GBPUSD.i	H1	1.35391	1.35370	1.34907	1.34645
6261	2026.01.05 21:00	GBPUSD.i	H1	1.35431	1.35472	1.35037	1.34665
6262	2026.01.05 22:00	GBPUSD.i	H1	1.35431	1.35534	1.35154	1.34687
6263	2026.01.05 23:00	GBPUSD.i	H1	1.35403	1.35551	1.35252	1.34707
6264	2026.01.06 00:00	GBPUSD.i	H1	1.35389	1.35534	1.35328	1.34727
6265	2026.01.06 01:00	GBPUSD.i	H1	1.35322	1.35493	1.35381	1.34745
6266	2026.01.06 02:00	GBPUSD.i	H1	1.35355	1.35447	1.35414	1.34761
6267	2026.01.06 03:00	GBPUSD.i	H1	1.35461	1.35451	1.35443	1.34778
6268	2026.01.06 04:00	GBPUSD.i	H1	1.35566	1.35500	1.35479	1.34797
6269	2026.01.06 05:00	GBPUSD.i	H1	1.35588	1.35552	1.35520	1.34818
6270	2026.01.06 06:00	GBPUSD.i	H1	1.35558	1.35580	1.35558	1.34839
6271	2026.01.06 07:00	GBPUSD.i	H1	1.35496	1.35563	1.35583	1.34858
6272	2026.01.06 08:00	GBPUSD.i	H1	1.35550	1.35561	1.35603	1.34877
6273	2026.01.06 09:00	GBPUSD.i	H1	1.35505	1.35562	1.35618	1.34895
6274	2026.01.06 10:00	GBPUSD.i	H1	1.35538	1.35565	1.35630	1.34914
6275	2026.01.06 11:00	GBPUSD.i	H1	1.35357	1.35496	1.35623	1.34930
6276	2026.01.06 12:00	GBPUSD.i	H1	1.35326	1.35412	1.35598	1.34942
6277	2026.01.06 13:00	GBPUSD.i	H1	1.35208	1.35312	1.35555	1.34952
6278	2026.01.06 14:00	GBPUSD.i	H1	1.35119	1.35211	1.35497	1.34959
6279	2026.01.06 15:00	GBPUSD.i	H1	1.35238	1.35160	1.35440	1.34965
6280	2026.01.06 16:00	GBPUSD.i	H1	1.35254	1.35167	1.35395	1.34972
6281	2026.01.06 17:00	GBPUSD.i	H1	1.35075	1.35100	1.35343	1.34978
6282	2026.01.06 18:00	GBPUSD.i	H1	1.34948	1.35010	1.35279	1.34979
6283	2026.01.06 19:00	GBPUSD.i	H1	1.35102	1.34988	1.35223	1.34980
6284	2026.01.06 20:00	GBPUSD.i	H1	1.34983	1.34971	1.35173	1.34982
6285	2026.01.06 21:00	GBPUSD.i	H1	1.35004	1.34942	1.35126	1.34983
6286	2026.01.06 22:00	GBPUSD.i	H1	1.34986	1.34945	1.35087	1.34983
6287	2026.01.06 23:00	GBPUSD.i	H1	1.35002	1.34947	1.35056	1.34984
6288	2026.01.07 00:00	GBPUSD.i	H1	1.35000	1.34938	1.35027	1.34984
6289	2026.01.07 01:00	GBPUSD.i	H1	1.34996	1.34954	1.35007	1.34984
6290	2026.01.07 02:00	GBPUSD.i	H1	1.35024	1.34972	1.34994	1.34984
6291	2026.01.07 03:00	GBPUSD.i	H1	1.35059	1.35006	1.34991	1.34986
6292	2026.01.07 04:00	GBPUSD.i	H1	1.35101	1.35049	1.34997	1.34988
6293	2026.01.07 05:00	GBPUSD.i	H1	1.35143	1.35096	1.35012	1.34992
6294	2026.01.07 06:00	GBPUSD.i	H1	1.35053	1.35101	1.35025	1.34995
6295	2026.01.07 07:00	GBPUSD.i	H1	1.35085	1.35097	1.35033	1.34998
6296	2026.01.07 08:00	GBPUSD.i	H1	1.35134	1.35114	1.35045	1.35000
6297	2026.01.07 09:00	GBPUSD.i	H1	1.34925	1.35069	1.35043	1.35002
6298	2026.01.07 10:00	GBPUSD.i	H1	1.34962	1.35003	1.35028	1.35001
6299	2026.01.07 11:00	GBPUSD.i	H1	1.34946	1.34962	1.35008	1.34999
6300	2026.01.07 12:00	GBPUSD.i	H1	1.34978	1.34966	1.34994	1.34998
6301	2026.01.07 13:00	GBPUSD.i	H1	1.35002	1.34976	1.34985	1.34998
6302	2026.01.07 14:00	GBPUSD.i	H1	1.34917	1.34952	1.34974	1.34997
6303	2026.01.07 15:00	GBPUSD.i	H1	1.34946	1.34933	1.34960	1.34995
6304	2026.01.07 16:00	GBPUSD.i	H1	1.35012	1.34937	1.34950	1.34993
6305	2026.01.07 17:00	GBPUSD.i	H1	1.34807	1.34889	1.34932	1.34991
6306	2026.01.07 18:00	GBPUSD.i	H1	1.34714	1.34813	1.34901	1.34986
6307	2026.01.07 19:00	GBPUSD.i	H1	1.34731	1.34760	1.34864	1.34979
6308	2026.01.07 20:00	GBPUSD.i	H1	1.34692	1.34713	1.34825	1.34972
6309	2026.01.07 21:00	GBPUSD.i	H1	1.34646	1.34664	1.34783	1.34964
6310	2026.01.07 22:00	GBPUSD.i	H1	1.34625	1.34628	1.34743	1.34955
6311	2026.01.07 23:00	GBPUSD.i	H1	1.34554	1.34578	1.34699	1.34945
6312	2026.01.08 00:00	GBPUSD.i	H1	1.34582	1.34555	1.34659	1.34935
6313	2026.01.08 01:00	GBPUSD.i	H1	1.34586	1.34543	1.34625	1.34925
6314	2026.01.08 02:00	GBPUSD.i	H1	1.34585	1.34544	1.34598	1.34916
6315	2026.01.08 03:00	GBPUSD.i	H1	1.34558	1.34538	1.34575	1.34906
6316	2026.01.08 04:00	GBPUSD.i	H1	1.34565	1.34534	1.34555	1.34897
6317	2026.01.08 05:00	GBPUSD.i	H1	1.34635	1.34564	1.34546	1.34888
6318	2026.01.08 06:00	GBPUSD.i	H1	1.34603	1.34581	1.34543	1.34880
6319	2026.01.08 07:00	GBPUSD.i	H1	1.34580	1.34575	1.34539	1.34872
6320	2026.01.08 08:00	GBPUSD.i	H1	1.34600	1.34577	1.34536	1.34864
6321	2026.01.08 09:00	GBPUSD.i	H1	1.34456	1.34542	1.34526	1.34855
6322	2026.01.08 10:00	GBPUSD.i	H1	1.34384	1.34470	1.34502	1.34844
6323	2026.01.08 11:00	GBPUSD.i	H1	1.34383	1.34419	1.34473	1.34831
6324	2026.01.08 12:00	GBPUSD.i	H1	1.34474	1.34413	1.34449	1.34820
6325	2026.01.08 13:00	GBPUSD.i	H1	1.34444	1.34426	1.34434	1.34809
6326	2026.01.08 14:00	GBPUSD.i	H1	1.34382	1.34410	1.34419	1.34799
6327	2026.01.08 15:00	GBPUSD.i	H1	1.34234	1.34343	1.34392	1.34787
6328	2026.01.08 16:00	GBPUSD.i	H1	1.34352	1.34306	1.34362	1.34773
6329	2026.01.08 17:00	GBPUSD.i	H1	1.34411	1.34327	1.34345	1.34761
6330	2026.01.08 18:00	GBPUSD.i	H1	1.34298	1.34325	1.34330	1.34750
6331	2026.01.08 19:00	GBPUSD.i	H1	1.34360	1.34320	1.34318	1.34738
6332	2026.01.08 20:00	GBPUSD.i	H1	1.34227	1.34292	1.34302	1.34726
6333	2026.01.08 21:00	GBPUSD.i	H1	1.34310	1.34274	1.34286	1.34713
6334	2026.01.08 22:00	GBPUSD.i	H1	1.34363	1.34302	1.34280	1.34702
6335	2026.01.08 23:00	GBPUSD.i	H1	1.34385	1.34345	1.34285	1.34693
6336	2026.01.09 00:00	GBPUSD.i	H1	1.34346	1.34345	1.34289	1.34684
6337	2026.01.09 01:00	GBPUSD.i	H1	1.34360	1.34353	1.34294	1.34675
6338	2026.01.09 02:00	GBPUSD.i	H1	1.34322	1.34349	1.34297	1.34665
6339	2026.01.09 03:00	GBPUSD.i	H1	1.34281	1.34331	1.34296	1.34656
6340	2026.01.09 04:00	GBPUSD.i	H1	1.34325	1.34318	1.34293	1.34646
6341	2026.01.09 05:00	GBPUSD.i	H1	1.34367	1.34335	1.34295	1.34637
6342	2026.01.09 06:00	GBPUSD.i	H1	1.34357	1.34345	1.34300	1.34629
6343	2026.01.09 07:00	GBPUSD.i	H1	1.34301	1.34336	1.34302	1.34621
6344	2026.01.09 08:00	GBPUSD.i	H1	1.34276	1.34311	1.34298	1.34612
6345	2026.01.09 09:00	GBPUSD.i	H1	1.34290	1.34277	1.34288	1.34602
6346	2026.01.09 10:00	GBPUSD.i	H1	1.34151	1.34237	1.34271	1.34592
6347	2026.01.09 11:00	GBPUSD.i	H1	1.34103	1.34172	1.34244	1.34580
6348	2026.01.09 12:00	GBPUSD.i	H1	1.34086	1.34115	1.34210	1.34567
6349	2026.01.09 13:00	GBPUSD.i	H1	1.34133	1.34093	1.34179	1.34554
6350	2026.01.09 14:00	GBPUSD.i	H1	1.34195	1.34109	1.34159	1.34542
6351	2026.01.09 15:00	GBPUSD.i	H1	1.34353	1.34182	1.34160	1.34533
6352	2026.01.09 16:00	GBPUSD.i	H1	1.34124	1.34192	1.34162	1.34525
6353	2026.01.09 17:00	GBPUSD.i	H1	1.34178	1.34146	1.34152	1.34515
6354	2026.01.09 18:00	GBPUSD.i	H1	1.34106	1.34132	1.34142	1.34504
6355	2026.01.09 19:00	GBPUSD.i	H1	1.34030	1.34082	1.34122	1.34492
6356	2026.01.09 20:00	GBPUSD.i	H1	1.34058	1.34065	1.34103	1.34480
6357	2026.01.09 21:00	GBPUSD.i	H1	1.34066	1.34058	1.34087	1.34468
6358	2026.01.09 22:00	GBPUSD.i	H1	1.34066	1.34055	1.34074	1.34457
6359	2026.01.09 23:00	GBPUSD.i	H1	1.33986	1.34025	1.34057	1.34446
6360	2026.01.12 00:00	GBPUSD.i	H1	1.33923	1.33976	1.34032	1.34433
6361	2026.01.12 01:00	GBPUSD.i	H1	1.33938	1.33950	1.34007	1.34419
6362	2026.01.12 02:00	GBPUSD.i	H1	1.34348	1.34060	1.34013	1.34410
6363	2026.01.12 03:00	GBPUSD.i	H1	1.34273	1.34187	1.34046	1.34405
6364	2026.01.12 04:00	GBPUSD.i	H1	1.34226	1.34239	1.34083	1.34402
6365	2026.01.12 05:00	GBPUSD.i	H1	1.34205	1.34256	1.34116	1.34398
6366	2026.01.12 06:00	GBPUSD.i	H1	1.34223	1.34253	1.34140	1.34393
6367	2026.01.12 07:00	GBPUSD.i	H1	1.34337	1.34296	1.34170	1.34389
6368	2026.01.12 08:00	GBPUSD.i	H1	1.34387	1.34349	1.34207	1.34388
6369	2026.01.12 09:00	GBPUSD.i	H1	1.34444	1.34405	1.34249	1.34388
6370	2026.01.12 10:00	GBPUSD.i	H1	1.34571	1.34495	1.34303	1.34390
6371	2026.01.12 11:00	GBPUSD.i	H1	1.34537	1.34567	1.34362	1.34395
6372	2026.01.12 12:00	GBPUSD.i	H1	1.34709	1.34635	1.34425	1.34401
6373	2026.01.12 13:00	GBPUSD.i	H1	1.34598	1.34670	1.34482	1.34407
6374	2026.01.12 14:00	GBPUSD.i	H1	1.34655	1.34698	1.34535	1.34414
6375	2026.01.12 15:00	GBPUSD.i	H1	1.34816	1.34761	1.34592	1.34422
6376	2026.01.12 16:00	GBPUSD.i	H1	1.34733	1.34781	1.34642	1.34431
6377	2026.01.12 17:00	GBPUSD.i	H1	1.34755	1.34794	1.34685	1.34440
6378	2026.01.12 18:00	GBPUSD.i	H1	1.34640	1.34765	1.34713	1.34447
6379	2026.01.12 19:00	GBPUSD.i	H1	1.34643	1.34720	1.34726	1.34453
6380	2026.01.12 20:00	GBPUSD.i	H1	1.34591	1.34670	1.34726	1.34458
6381	2026.01.12 21:00	GBPUSD.i	H1	1.34659	1.34651	1.34722	1.34462
6382	2026.01.12 22:00	GBPUSD.i	H1	1.34634	1.34645	1.34718	1.34467
6383	2026.01.12 23:00	GBPUSD.i	H1	1.34632	1.34642	1.34715	1.34472
6384	2026.01.13 00:00	GBPUSD.i	H1	1.34606	1.34624	1.34707	1.34477
6385	2026.01.13 01:00	GBPUSD.i	H1	1.34660	1.34627	1.34702	1.34481
6386	2026.01.13 02:00	GBPUSD.i	H1	1.34762	1.34665	1.34705	1.34487
6387	2026.01.13 03:00	GBPUSD.i	H1	1.34699	1.34685	1.34712	1.34493
6388	2026.01.13 04:00	GBPUSD.i	H1	1.34726	1.34707	1.34721	1.34499
6389	2026.01.13 05:00	GBPUSD.i	H1	1.34702	1.34719	1.34730	1.34506
6390	2026.01.13 06:00	GBPUSD.i	H1	1.34736	1.34729	1.34738	1.34512
6391	2026.01.13 07:00	GBPUSD.i	H1	1.34723	1.34734	1.34746	1.34518
6392	2026.01.13 08:00	GBPUSD.i	H1	1.34727	1.34717	1.34747	1.34523
6393	2026.01.13 09:00	GBPUSD.i	H1	1.34671	1.34698	1.34743	1.34528
6394	2026.01.13 10:00	GBPUSD.i	H1	1.34764	1.34709	1.34742	1.34533
6395	2026.01.13 11:00	GBPUSD.i	H1	1.34808	1.34751	1.34751	1.34539
6396	2026.01.13 12:00	GBPUSD.i	H1	1.34714	1.34753	1.34758	1.34546
6397	2026.01.13 13:00	GBPUSD.i	H1	1.34725	1.34736	1.34758	1.34551
6398	2026.01.13 14:00	GBPUSD.i	H1	1.34609	1.34690	1.34748	1.34554
6399	2026.01.13 15:00	GBPUSD.i	H1	1.34751	1.34712	1.34745	1.34558
6400	2026.01.13 16:00	GBPUSD.i	H1	1.34588	1.34667	1.34732	1.34562
6401	2026.01.13 17:00	GBPUSD.i	H1	1.34420	1.34557	1.34697	1.34561
6402	2026.01.13 18:00	GBPUSD.i	H1	1.34342	1.34435	1.34641	1.34557
6403	2026.01.13 19:00	GBPUSD.i	H1	1.34337	1.34352	1.34579	1.34551
6404	2026.01.13 20:00	GBPUSD.i	H1	1.34397	1.34315	1.34522	1.34545
6405	2026.01.13 21:00	GBPUSD.i	H1	1.34349	1.34294	1.34472	1.34539
6406	2026.01.13 22:00	GBPUSD.i	H1	1.34304	1.34275	1.34427	1.34533
6407	2026.01.13 23:00	GBPUSD.i	H1	1.34199	1.34229	1.34380	1.34526
6408	2026.01.14 00:00	GBPUSD.i	H1	1.34220	1.34194	1.34334	1.34518
6409	2026.01.14 01:00	GBPUSD.i	H1	1.34259	1.34197	1.34298	1.34510
6410	2026.01.14 02:00	GBPUSD.i	H1	1.34270	1.34201	1.34270	1.34503
6411	2026.01.14 03:00	GBPUSD.i	H1	1.34228	1.34199	1.34246	1.34496
6412	2026.01.14 04:00	GBPUSD.i	H1	1.34359	1.34241	1.34236	1.34490
6413	2026.01.14 05:00	GBPUSD.i	H1	1.34447	1.34327	1.34247	1.34486
6414	2026.01.14 06:00	GBPUSD.i	H1	1.34397	1.34376	1.34266	1.34484
6415	2026.01.14 07:00	GBPUSD.i	H1	1.34354	1.34387	1.34283	1.34482
6416	2026.01.14 08:00	GBPUSD.i	H1	1.34469	1.34420	1.34304	1.34480
6417	2026.01.14 09:00	GBPUSD.i	H1	1.34393	1.34435	1.34324	1.34478
6418	2026.01.14 10:00	GBPUSD.i	H1	1.34498	1.34460	1.34346	1.34477
6419	2026.01.14 11:00	GBPUSD.i	H1	1.34569	1.34515	1.34376	1.34478
6420	2026.01.14 12:00	GBPUSD.i	H1	1.34538	1.34549	1.34409	1.34480
6421	2026.01.14 13:00	GBPUSD.i	H1	1.34492	1.34544	1.34433	1.34481
6422	2026.01.14 14:00	GBPUSD.i	H1	1.34521	1.34544	1.34454	1.34481
6423	2026.01.14 15:00	GBPUSD.i	H1	1.34447	1.34515	1.34464	1.34481
6424	2026.01.14 16:00	GBPUSD.i	H1	1.34564	1.34539	1.34479	1.34482
6425	2026.01.14 17:00	GBPUSD.i	H1	1.34561	1.34550	1.34494	1.34483
6426	2026.01.14 18:00	GBPUSD.i	H1	1.34436	1.34523	1.34501	1.34484
6427	2026.01.14 19:00	GBPUSD.i	H1	1.34318	1.34447	1.34489	1.34482
6428	2026.01.14 20:00	GBPUSD.i	H1	1.34268	1.34364	1.34461	1.34478
6429	2026.01.14 21:00	GBPUSD.i	H1	1.34309	1.34316	1.34430	1.34473
6430	2026.01.14 22:00	GBPUSD.i	H1	1.34328	1.34312	1.34405	1.34468
6431	2026.01.14 23:00	GBPUSD.i	H1	1.34450	1.34343	1.34393	1.34466
6432	2026.01.15 00:00	GBPUSD.i	H1	1.34366	1.34348	1.34384	1.34464
6433	2026.01.15 01:00	GBPUSD.i	H1	1.34400	1.34361	1.34379	1.34461
6434	2026.01.15 02:00	GBPUSD.i	H1	1.34371	1.34356	1.34373	1.34459
6435	2026.01.15 03:00	GBPUSD.i	H1	1.34354	1.34343	1.34366	1.34456
6436	2026.01.15 04:00	GBPUSD.i	H1	1.34331	1.34330	1.34356	1.34453
6437	2026.01.15 05:00	GBPUSD.i	H1	1.34276	1.34305	1.34343	1.34449
6438	2026.01.15 06:00	GBPUSD.i	H1	1.34240	1.34273	1.34325	1.34444
6439	2026.01.15 07:00	GBPUSD.i	H1	1.34270	1.34263	1.34309	1.34439
6440	2026.01.15 08:00	GBPUSD.i	H1	1.34271	1.34261	1.34296	1.34434
6441	2026.01.15 09:00	GBPUSD.i	H1	1.34347	1.34291	1.34292	1.34431
6442	2026.01.15 10:00	GBPUSD.i	H1	1.34387	1.34324	1.34297	1.34428
6443	2026.01.15 11:00	GBPUSD.i	H1	1.34367	1.34358	1.34307	1.34427
6444	2026.01.15 12:00	GBPUSD.i	H1	1.34203	1.34311	1.34305	1.34424
6445	2026.01.15 13:00	GBPUSD.i	H1	1.34183	1.34262	1.34291	1.34419
6446	2026.01.15 14:00	GBPUSD.i	H1	1.34039	1.34171	1.34260	1.34411
6447	2026.01.15 15:00	GBPUSD.i	H1	1.33727	1.33983	1.34194	1.34398
6448	2026.01.15 16:00	GBPUSD.i	H1	1.33711	1.33828	1.34107	1.34381
6449	2026.01.15 17:00	GBPUSD.i	H1	1.33861	1.33773	1.34028	1.34364
6450	2026.01.15 18:00	GBPUSD.i	H1	1.33850	1.33771	1.33966	1.34350
6451	2026.01.15 19:00	GBPUSD.i	H1	1.33875	1.33783	1.33919	1.34336
6452	2026.01.15 20:00	GBPUSD.i	H1	1.33917	1.33815	1.33888	1.34324
6453	2026.01.15 21:00	GBPUSD.i	H1	1.33856	1.33822	1.33864	1.34312
6454	2026.01.15 22:00	GBPUSD.i	H1	1.33758	1.33789	1.33836	1.34298
6455	2026.01.15 23:00	GBPUSD.i	H1	1.33800	1.33776	1.33811	1.34284
6456	2026.01.16 00:00	GBPUSD.i	H1	1.33749	1.33752	1.33785	1.34270
6457	2026.01.16 01:00	GBPUSD.i	H1	1.33811	1.33757	1.33766	1.34256
6458	2026.01.16 02:00	GBPUSD.i	H1	1.33767	1.33751	1.33749	1.34243
6459	2026.01.16 03:00	GBPUSD.i	H1	1.33797	1.33766	1.33739	1.34230
6460	2026.01.16 04:00	GBPUSD.i	H1	1.33842	1.33797	1.33739	1.34219
6461	2026.01.16 05:00	GBPUSD.i	H1	1.33909	1.33840	1.33749	1.34209
6462	2026.01.16 06:00	GBPUSD.i	H1	1.33891	1.33874	1.33764	1.34200
6463	2026.01.16 07:00	GBPUSD.i	H1	1.33829	1.33872	1.33776	1.34191
6464	2026.01.16 08:00	GBPUSD.i	H1	1.33804	1.33849	1.33780	1.34181
6465	2026.01.16 09:00	GBPUSD.i	H1	1.33906	1.33864	1.33788	1.34171
6466	2026.01.16 10:00	GBPUSD.i	H1	1.33932	1.33907	1.33805	1.34164
6467	2026.01.16 11:00	GBPUSD.i	H1	1.33968	1.33952	1.33829	1.34158
6468	2026.01.16 12:00	GBPUSD.i	H1	1.34058	1.34016	1.33864	1.34154
6469	2026.01.16 13:00	GBPUSD.i	H1	1.34077	1.34070	1.33903	1.34151
6470	2026.01.16 14:00	GBPUSD.i	H1	1.34002	1.34065	1.33934	1.34148
6471	2026.01.16 15:00	GBPUSD.i	H1	1.34036	1.34054	1.33956	1.34144
6472	2026.01.16 16:00	GBPUSD.i	H1	1.33980	1.34040	1.33972	1.34140
6473	2026.01.16 17:00	GBPUSD.i	H1	1.33781	1.33947	1.33964	1.34134
6474	2026.01.16 18:00	GBPUSD.i	H1	1.33816	1.33889	1.33945	1.34126
6475	2026.01.16 19:00	GBPUSD.i	H1	1.33787	1.33840	1.33921	1.34117
6476	2026.01.16 20:00	GBPUSD.i	H1	1.33797	1.33807	1.33896	1.34108
6477	2026.01.16 21:00	GBPUSD.i	H1	1.33817	1.33792	1.33873	1.34100
6478	2026.01.16 22:00	GBPUSD.i	H1	1.33803	1.33790	1.33855	1.34092
6479	2026.01.16 23:00	GBPUSD.i	H1	1.33750	1.33768	1.33835	1.34084
6480	2026.01.19 00:00	GBPUSD.i	H1	1.33516	1.33623	1.33786	1.34071
6481	2026.01.19 01:00	GBPUSD.i	H1	1.34021	1.33713	1.33769	1.34060
6482	2026.01.19 02:00	GBPUSD.i	H1	1.34007	1.33827	1.33781	1.34056
6483	2026.01.19 03:00	GBPUSD.i	H1	1.33919	1.33891	1.33804	1.34054
6484	2026.01.19 04:00	GBPUSD.i	H1	1.33867	1.33892	1.33820	1.34050
6485	2026.01.19 05:00	GBPUSD.i	H1	1.33883	1.33898	1.33834	1.34045
6486	2026.01.19 06:00	GBPUSD.i	H1	1.33951	1.33924	1.33851	1.34041
6487	2026.01.19 07:00	GBPUSD.i	H1	1.33950	1.33961	1.33873	1.34039
6488	2026.01.19 08:00	GBPUSD.i	H1	1.33987	1.33983	1.33896	1.34037
6489	2026.01.19 09:00	GBPUSD.i	H1	1.33889	1.33978	1.33912	1.34035
6490	2026.01.19 10:00	GBPUSD.i	H1	1.34091	1.34009	1.33933	1.34034
6491	2026.01.19 11:00	GBPUSD.i	H1	1.34061	1.34037	1.33956	1.34034
6492	2026.01.19 12:00	GBPUSD.i	H1	1.34099	1.34079	1.33984	1.34034
6493	2026.01.19 13:00	GBPUSD.i	H1	1.34085	1.34092	1.34009	1.34036
6494	2026.01.19 14:00	GBPUSD.i	H1	1.34059	1.34103	1.34032	1.34037
6495	2026.01.19 15:00	GBPUSD.i	H1	1.34139	1.34126	1.34056	1.34039
6496	2026.01.19 16:00	GBPUSD.i	H1	1.34203	1.34168	1.34084	1.34042
6497	2026.01.19 17:00	GBPUSD.i	H1	1.34217	1.34215	1.34118	1.34047
6498	2026.01.19 18:00	GBPUSD.i	H1	1.34280	1.34265	1.34155	1.34052
6499	2026.01.19 19:00	GBPUSD.i	H1	1.34313	1.34305	1.34194	1.34059
6500	2026.01.19 20:00	GBPUSD.i	H1	1.34265	1.34319	1.34228	1.34066
6501	2026.01.19 21:00	GBPUSD.i	H1	1.34259	1.34315	1.34254	1.34071
6502	2026.01.19 22:00	GBPUSD.i	H1	1.34280	1.34309	1.34274	1.34077
6503	2026.01.19 23:00	GBPUSD.i	H1	1.34234	1.34291	1.34286	1.34082
6504	2026.01.20 00:00	GBPUSD.i	H1	1.34211	1.34260	1.34288	1.34086
6505	2026.01.20 01:00	GBPUSD.i	H1	1.34191	1.34235	1.34285	1.34090
6506	2026.01.20 02:00	GBPUSD.i	H1	1.34181	1.34196	1.34274	1.34092
6507	2026.01.20 03:00	GBPUSD.i	H1	1.34238	1.34197	1.34266	1.34095
6508	2026.01.20 04:00	GBPUSD.i	H1	1.34238	1.34211	1.34263	1.34099
6509	2026.01.20 05:00	GBPUSD.i	H1	1.34350	1.34263	1.34271	1.34104
6510	2026.01.20 06:00	GBPUSD.i	H1	1.34407	1.34329	1.34292	1.34111
6511	2026.01.20 07:00	GBPUSD.i	H1	1.34413	1.34391	1.34322	1.34119
6512	2026.01.20 08:00	GBPUSD.i	H1	1.34352	1.34394	1.34345	1.34127
6513	2026.01.20 09:00	GBPUSD.i	H1	1.34747	1.34512	1.34390	1.34137
6514	2026.01.20 10:00	GBPUSD.i	H1	1.34782	1.34682	1.34463	1.34153
6515	2026.01.20 11:00	GBPUSD.i	H1	1.34750	1.34770	1.34540	1.34171
6516	2026.01.20 12:00	GBPUSD.i	H1	1.34796	1.34810	1.34608	1.34188
6517	2026.01.20 13:00	GBPUSD.i	H1	1.34633	1.34789	1.34657	1.34203
6518	2026.01.20 14:00	GBPUSD.i	H1	1.34458	1.34680	1.34672	1.34214
6519	2026.01.20 15:00	GBPUSD.i	H1	1.34525	1.34641	1.34675	1.34223
6520	2026.01.20 16:00	GBPUSD.i	H1	1.34580	1.34594	1.34669	1.34232
6521	2026.01.20 17:00	GBPUSD.i	H1	1.34569	1.34604	1.34667	1.34242
6522	2026.01.20 18:00	GBPUSD.i	H1	1.34694	1.34622	1.34670	1.34252
6523	2026.01.20 19:00	GBPUSD.i	H1	1.34564	1.34623	1.34673	1.34263
6524	2026.01.20 20:00	GBPUSD.i	H1	1.34430	1.34550	1.34657	1.34271
6525	2026.01.20 21:00	GBPUSD.i	H1	1.34276	1.34433	1.34618	1.34275
6526	2026.01.20 22:00	GBPUSD.i	H1	1.34335	1.34352	1.34569	1.34276
6527	2026.01.20 23:00	GBPUSD.i	H1	1.34403	1.34335	1.34526	1.34278
6528	2026.01.21 00:00	GBPUSD.i	H1	1.34373	1.34334	1.34492	1.34281
6529	2026.01.21 01:00	GBPUSD.i	H1	1.34405	1.34342	1.34466	1.34284
6530	2026.01.21 02:00	GBPUSD.i	H1	1.34425	1.34348	1.34445	1.34287
6531	2026.01.21 03:00	GBPUSD.i	H1	1.34518	1.34404	1.34440	1.34292
6532	2026.01.21 04:00	GBPUSD.i	H1	1.34440	1.34432	1.34441	1.34297
6533	2026.01.21 05:00	GBPUSD.i	H1	1.34403	1.34415	1.34437	1.34301
6534	2026.01.21 06:00	GBPUSD.i	H1	1.34376	1.34389	1.34426	1.34303
6535	2026.01.21 07:00	GBPUSD.i	H1	1.34374	1.34378	1.34415	1.34305
6536	2026.01.21 08:00	GBPUSD.i	H1	1.34364	1.34373	1.34405	1.34307
6537	2026.01.21 09:00	GBPUSD.i	H1	1.34427	1.34383	1.34399	1.34310
6538	2026.01.21 10:00	GBPUSD.i	H1	1.34387	1.34388	1.34395	1.34312
6539	2026.01.21 11:00	GBPUSD.i	H1	1.34104	1.34290	1.34370	1.34312
6540	2026.01.21 12:00	GBPUSD.i	H1	1.34074	1.34177	1.34324	1.34307
6541	2026.01.21 13:00	GBPUSD.i	H1	1.34097	1.34120	1.34275	1.34301
6542	2026.01.21 14:00	GBPUSD.i	H1	1.34248	1.34120	1.34238	1.34297
6543	2026.01.21 15:00	GBPUSD.i	H1	1.34417	1.34200	1.34226	1.34295
6544	2026.01.21 16:00	GBPUSD.i	H1	1.34510	1.34305	1.34240	1.34298
6545	2026.01.21 17:00	GBPUSD.i	H1	1.34272	1.34343	1.34259	1.34301
6546	2026.01.21 18:00	GBPUSD.i	H1	1.34278	1.34336	1.34271	1.34302
6547	2026.01.21 19:00	GBPUSD.i	H1	1.34281	1.34315	1.34275	1.34301
6548	2026.01.21 20:00	GBPUSD.i	H1	1.34216	1.34277	1.34269	1.34300
6549	2026.01.21 21:00	GBPUSD.i	H1	1.34256	1.34249	1.34260	1.34298
6550	2026.01.21 22:00	GBPUSD.i	H1	1.34246	1.34227	1.34247	1.34296
6551	2026.01.21 23:00	GBPUSD.i	H1	1.34293	1.34249	1.34243	1.34294
6552	2026.01.22 00:00	GBPUSD.i	H1	1.34264	1.34254	1.34242	1.34294
6553	2026.01.22 01:00	GBPUSD.i	H1	1.34180	1.34238	1.34237	1.34292
6554	2026.01.22 02:00	GBPUSD.i	H1	1.34293	1.34246	1.34235	1.34291
6555	2026.01.22 03:00	GBPUSD.i	H1	1.34303	1.34266	1.34239	1.34290
6556	2026.01.22 04:00	GBPUSD.i	H1	1.34253	1.34274	1.34243	1.34290
6557	2026.01.22 05:00	GBPUSD.i	H1	1.34324	1.34292	1.34251	1.34290
6558	2026.01.22 06:00	GBPUSD.i	H1	1.34316	1.34319	1.34263	1.34291
6559	2026.01.22 07:00	GBPUSD.i	H1	1.34291	1.34308	1.34270	1.34291
6560	2026.01.22 08:00	GBPUSD.i	H1	1.34258	1.34286	1.34271	1.34291
6561	2026.01.22 09:00	GBPUSD.i	H1	1.34314	1.34298	1.34275	1.34290
6562	2026.01.22 10:00	GBPUSD.i	H1	1.34181	1.34254	1.34268	1.34289
6563	2026.01.22 11:00	GBPUSD.i	H1	1.34444	1.34304	1.34275	1.34289
6564	2026.01.22 12:00	GBPUSD.i	H1	1.34476	1.34378	1.34297	1.34292
6565	2026.01.22 13:00	GBPUSD.i	H1	1.34206	1.34328	1.34303	1.34294
6566	2026.01.22 14:00	GBPUSD.i	H1	1.34254	1.34305	1.34303	1.34293
6567	2026.01.22 15:00	GBPUSD.i	H1	1.34230	1.34268	1.34294	1.34292
6568	2026.01.22 16:00	GBPUSD.i	H1	1.34469	1.34331	1.34303	1.34293
6569	2026.01.22 17:00	GBPUSD.i	H1	1.34774	1.34512	1.34351	1.34300
6570	2026.01.22 18:00	GBPUSD.i	H1	1.34893	1.34719	1.34435	1.34313
6571	2026.01.22 19:00	GBPUSD.i	H1	1.34923	1.34840	1.34528	1.34329
6572	2026.01.22 20:00	GBPUSD.i	H1	1.34986	1.34956	1.34626	1.34346
6573	2026.01.22 21:00	GBPUSD.i	H1	1.34908	1.34995	1.34712	1.34362
6574	2026.01.22 22:00	GBPUSD.i	H1	1.34971	1.35031	1.34789	1.34378
6575	2026.01.22 23:00	GBPUSD.i	H1	1.34990	1.35066	1.34858	1.34395
6576	2026.01.23 00:00	GBPUSD.i	H1	1.35005	1.35050	1.34911	1.34411
6577	2026.01.23 01:00	GBPUSD.i	H1	1.34995	1.35070	1.34958	1.34427
6578	2026.01.23 02:00	GBPUSD.i	H1	1.34962	1.35051	1.34992	1.34443
6579	2026.01.23 03:00	GBPUSD.i	H1	1.34978	1.35044	1.35019	1.34458
6580	2026.01.23 04:00	GBPUSD.i	H1	1.34924	1.35008	1.35032	1.34472
6581	2026.01.23 05:00	GBPUSD.i	H1	1.34904	1.34968	1.35035	1.34485
6582	2026.01.23 06:00	GBPUSD.i	H1	1.34969	1.34958	1.35035	1.34497
6583	2026.01.23 07:00	GBPUSD.i	H1	1.34984	1.34967	1.35037	1.34510
6584	2026.01.23 08:00	GBPUSD.i	H1	1.34838	1.34926	1.35029	1.34522
6585	2026.01.23 09:00	GBPUSD.i	H1	1.34924	1.34934	1.35024	1.34533
6586	2026.01.23 10:00	GBPUSD.i	H1	1.35014	1.34937	1.35020	1.34545
6587	2026.01.23 11:00	GBPUSD.i	H1	1.35300	1.35064	1.35046	1.34560
6588	2026.01.23 12:00	GBPUSD.i	H1	1.35267	1.35181	1.35091	1.34579
6589	2026.01.23 13:00	GBPUSD.i	H1	1.35180	1.35218	1.35132	1.34598
6590	2026.01.23 14:00	GBPUSD.i	H1	1.35286	1.35260	1.35174	1.34615
6591	2026.01.23 15:00	GBPUSD.i	H1	1.35250	1.35291	1.35212	1.34634
6592	2026.01.23 16:00	GBPUSD.i	H1	1.35363	1.35324	1.35250	1.34652
6593	2026.01.23 17:00	GBPUSD.i	H1	1.35644	1.35457	1.35310	1.34674
6594	2026.01.23 18:00	GBPUSD.i	H1	1.35884	1.35668	1.35404	1.34702
6595	2026.01.23 19:00	GBPUSD.i	H1	1.36084	1.35909	1.35533	1.34737
6596	2026.01.23 20:00	GBPUSD.i	H1	1.36054	1.36034	1.35660	1.34773
6597	2026.01.23 21:00	GBPUSD.i	H1	1.36235	1.36184	1.35794	1.34810
6598	2026.01.23 22:00	GBPUSD.i	H1	1.36367	1.36328	1.35933	1.34850
6599	2026.01.23 23:00	GBPUSD.i	H1	1.36425	1.36444	1.36068	1.34892
6600	2026.01.26 00:00	GBPUSD.i	H1	1.36785	1.36665	1.36226	1.34939
6601	2026.01.26 01:00	GBPUSD.i	H1	1.36647	1.36757	1.36372	1.34988
6602	2026.01.26 02:00	GBPUSD.i	H1	1.36672	1.36761	1.36488	1.35033
6603	2026.01.26 03:00	GBPUSD.i	H1	1.36610	1.36773	1.36583	1.35077
6604	2026.01.26 04:00	GBPUSD.i	H1	1.36692	1.36790	1.36664	1.35121
6605	2026.01.26 05:00	GBPUSD.i	H1	1.36598	1.36750	1.36720	1.35164
6606	2026.01.26 06:00	GBPUSD.i	H1	1.36601	1.36709	1.36756	1.35204
6607	2026.01.26 07:00	GBPUSD.i	H1	1.36668	1.36697	1.36782	1.35244
6608	2026.01.26 08:00	GBPUSD.i	H1	1.36564	1.36661	1.36795	1.35282
6609	2026.01.26 09:00	GBPUSD.i	H1	1.36465	1.36612	1.36794	1.35318
6610	2026.01.26 10:00	GBPUSD.i	H1	1.36623	1.36588	1.36787	1.35353
6611	2026.01.26 11:00	GBPUSD.i	H1	1.36719	1.36626	1.36789	1.35388
6612	2026.01.26 12:00	GBPUSD.i	H1	1.36708	1.36659	1.36797	1.35425
6613	2026.01.26 13:00	GBPUSD.i	H1	1.36661	1.36666	1.36802	1.35460
6614	2026.01.26 14:00	GBPUSD.i	H1	1.36531	1.36618	1.36793	1.35493
6615	2026.01.26 15:00	GBPUSD.i	H1	1.36615	1.36576	1.36774	1.35522
6616	2026.01.26 16:00	GBPUSD.i	H1	1.36913	1.36670	1.36780	1.35555
6617	2026.01.26 17:00	GBPUSD.i	H1	1.37082	1.36842	1.36821	1.35592
6618	2026.01.26 18:00	GBPUSD.i	H1	1.36967	1.36939	1.36873	1.35632
6619	2026.01.26 19:00	GBPUSD.i	H1	1.36880	1.36955	1.36914	1.35669
6620	2026.01.26 20:00	GBPUSD.i	H1	1.36885	1.36956	1.36945	1.35704
6621	2026.01.26 21:00	GBPUSD.i	H1	1.36824	1.36906	1.36956	1.35736
6622	2026.01.26 22:00	GBPUSD.i	H1	1.36804	1.36869	1.36957	1.35766
6623	2026.01.26 23:00	GBPUSD.i	H1	1.36767	1.36832	1.36948	1.35795
6624	2026.01.27 00:00	GBPUSD.i	H1	1.36766	1.36783	1.36929	1.35822
6625	2026.01.27 01:00	GBPUSD.i	H1	1.36750	1.36761	1.36909	1.35848
6626	2026.01.27 02:00	GBPUSD.i	H1	1.36733	1.36746	1.36889	1.35874
6627	2026.01.27 03:00	GBPUSD.i	H1	1.36796	1.36746	1.36873	1.35898
6628	2026.01.27 04:00	GBPUSD.i	H1	1.36960	1.36815	1.36874	1.35925
6629	2026.01.27 05:00	GBPUSD.i	H1	1.36830	1.36839	1.36879	1.35951
6630	2026.01.27 06:00	GBPUSD.i	H1	1.36746	1.36812	1.36875	1.35976
6631	2026.01.27 07:00	GBPUSD.i	H1	1.36784	1.36788	1.36866	1.35998
6632	2026.01.27 08:00	GBPUSD.i	H1	1.36819	1.36803	1.36861	1.36020
6633	2026.01.27 09:00	GBPUSD.i	H1	1.36742	1.36789	1.36853	1.36042
6634	2026.01.27 10:00	GBPUSD.i	H1	1.36748	1.36750	1.36837	1.36062
6635	2026.01.27 11:00	GBPUSD.i	H1	1.36991	1.36809	1.36838	1.36083
6636	2026.01.27 12:00	GBPUSD.i	H1	1.37032	1.36885	1.36855	1.36106
6637	2026.01.27 13:00	GBPUSD.i	H1	1.37108	1.36988	1.36891	1.36131
6638	2026.01.27 14:00	GBPUSD.i	H1	1.37406	1.37159	1.36957	1.36161
6639	2026.01.27 15:00	GBPUSD.i	H1	1.37350	1.37294	1.37038	1.36193
6640	2026.01.27 16:00	GBPUSD.i	H1	1.37698	1.37485	1.37144	1.36229
6641	2026.01.27 17:00	GBPUSD.i	H1	1.37516	1.37618	1.37257	1.36268
6642	2026.01.27 18:00	GBPUSD.i	H1	1.37800	1.37743	1.37374	1.36307
6643	2026.01.27 19:00	GBPUSD.i	H1	1.37874	1.37834	1.37487	1.36347
6644	2026.01.27 20:00	GBPUSD.i	H1	1.37769	1.37892	1.37590	1.36388
6645	2026.01.27 21:00	GBPUSD.i	H1	1.37832	1.37913	1.37677	1.36427
6646	2026.01.27 22:00	GBPUSD.i	H1	1.38362	1.38142	1.37799	1.36472
6647	2026.01.27 23:00	GBPUSD.i	H1	1.38456	1.38356	1.37945	1.36524
6648	2026.01.28 00:00	GBPUSD.i	H1	1.38432	1.38451	1.38082	1.36577
6649	2026.01.28 01:00	GBPUSD.i	H1	1.38269	1.38463	1.38192	1.36626
6650	2026.01.28 02:00	GBPUSD.i	H1	1.38173	1.38404	1.38267	1.36671
6651	2026.01.28 03:00	GBPUSD.i	H1	1.38002	1.38281	1.38299	1.36712
6652	2026.01.28 04:00	GBPUSD.i	H1	1.38036	1.38169	1.38301	1.36749
6653	2026.01.28 05:00	GBPUSD.i	H1	1.37997	1.38099	1.38289	1.36784
6654	2026.01.28 06:00	GBPUSD.i	H1	1.38018	1.38039	1.38267	1.36818
6655	2026.01.28 07:00	GBPUSD.i	H1	1.38050	1.38001	1.38241	1.36851
6656	2026.01.28 08:00	GBPUSD.i	H1	1.38061	1.38020	1.38224	1.36884
6657	2026.01.28 09:00	GBPUSD.i	H1	1.38012	1.38032	1.38212	1.36917
6658	2026.01.28 10:00	GBPUSD.i	H1	1.37867	1.37957	1.38183	1.36947
6659	2026.01.28 11:00	GBPUSD.i	H1	1.37872	1.37882	1.38142	1.36973
6660	2026.01.28 12:00	GBPUSD.i	H1	1.37930	1.37859	1.38102	1.36998
6661	2026.01.28 13:00	GBPUSD.i	H1	1.37697	1.37786	1.38053	1.37021
6662	2026.01.28 14:00	GBPUSD.i	H1	1.37935	1.37785	1.38012	1.37043
6663	2026.01.28 15:00	GBPUSD.i	H1	1.37701	1.37745	1.37968	1.37065
6664	2026.01.28 16:00	GBPUSD.i	H1	1.37862	1.37767	1.37937	1.37085
6665	2026.01.28 17:00	GBPUSD.i	H1	1.37897	1.37758	1.37908	1.37106
6666	2026.01.28 18:00	GBPUSD.i	H1	1.37844	1.37762	1.37885	1.37125
6667	2026.01.28 19:00	GBPUSD.i	H1	1.37894	1.37783	1.37869	1.37145
6668	2026.01.28 20:00	GBPUSD.i	H1	1.37749	1.37765	1.37851	1.37163
6669	2026.01.28 21:00	GBPUSD.i	H1	1.37933	1.37773	1.37837	1.37180
6670	2026.01.28 22:00	GBPUSD.i	H1	1.37989	1.37855	1.37843	1.37200
6671	2026.01.28 23:00	GBPUSD.i	H1	1.38047	1.37950	1.37869	1.37222
6672	2026.01.29 00:00	GBPUSD.i	H1	1.38000	1.37980	1.37894	1.37244
6673	2026.01.29 01:00	GBPUSD.i	H1	1.38266	1.38092	1.37939	1.37267
6674	2026.01.29 02:00	GBPUSD.i	H1	1.38207	1.38186	1.37995	1.37293
6675	2026.01.29 03:00	GBPUSD.i	H1	1.38031	1.38167	1.38034	1.37317
6676	2026.01.29 04:00	GBPUSD.i	H1	1.38124	1.38146	1.38060	1.37338
6677	2026.01.29 05:00	GBPUSD.i	H1	1.38327	1.38219	1.38098	1.37361
6678	2026.01.29 06:00	GBPUSD.i	H1	1.38392	1.38304	1.38148	1.37387
6679	2026.01.29 07:00	GBPUSD.i	H1	1.38377	1.38377	1.38204	1.37415
6680	2026.01.29 08:00	GBPUSD.i	H1	1.38378	1.38398	1.38253	1.37441
6681	2026.01.29 09:00	GBPUSD.i	H1	1.38316	1.38402	1.38293	1.37466
6682	2026.01.29 10:00	GBPUSD.i	H1	1.38207	1.38362	1.38316	1.37490
6683	2026.01.29 11:00	GBPUSD.i	H1	1.38036	1.38247	1.38308	1.37509
6684	2026.01.29 12:00	GBPUSD.i	H1	1.37827	1.38077	1.38265	1.37523
6685	2026.01.29 13:00	GBPUSD.i	H1	1.37943	1.37974	1.38209	1.37533
6686	2026.01.29 14:00	GBPUSD.i	H1	1.38133	1.37982	1.38169	1.37546
6687	2026.01.29 15:00	GBPUSD.i	H1	1.38061	1.38000	1.38140	1.37560
6688	2026.01.29 16:00	GBPUSD.i	H1	1.38267	1.38085	1.38137	1.37576
6689	2026.01.29 17:00	GBPUSD.i	H1	1.37637	1.37928	1.38096	1.37588
6690	2026.01.29 18:00	GBPUSD.i	H1	1.37926	1.37860	1.38048	1.37594
6691	2026.01.29 19:00	GBPUSD.i	H1	1.37983	1.37896	1.38019	1.37603
6692	2026.01.29 20:00	GBPUSD.i	H1	1.37980	1.37912	1.37998	1.37614
6693	2026.01.29 21:00	GBPUSD.i	H1	1.37933	1.37916	1.37981	1.37623
6694	2026.01.29 22:00	GBPUSD.i	H1	1.38049	1.37948	1.37974	1.37633
6695	2026.01.29 23:00	GBPUSD.i	H1	1.38081	1.38001	1.37980	1.37644
6696	2026.01.30 00:00	GBPUSD.i	H1	1.38074	1.38019	1.37987	1.37656
6697	2026.01.30 01:00	GBPUSD.i	H1	1.38080	1.38058	1.38001	1.37667
6698	2026.01.30 02:00	GBPUSD.i	H1	1.37776	1.37982	1.37993	1.37676
6699	2026.01.30 03:00	GBPUSD.i	H1	1.37609	1.37825	1.37952	1.37679
6700	2026.01.30 04:00	GBPUSD.i	H1	1.37620	1.37662	1.37883	1.37676
6701	2026.01.30 05:00	GBPUSD.i	H1	1.37531	1.37576	1.37811	1.37673
6702	2026.01.30 06:00	GBPUSD.i	H1	1.37528	1.37530	1.37744	1.37670
6703	2026.01.30 07:00	GBPUSD.i	H1	1.37558	1.37502	1.37685	1.37667
6704	2026.01.30 08:00	GBPUSD.i	H1	1.37507	1.37474	1.37632	1.37663
6705	2026.01.30 09:00	GBPUSD.i	H1	1.37696	1.37535	1.37603	1.37661
6706	2026.01.30 10:00	GBPUSD.i	H1	1.37646	1.37586	1.37591	1.37661
6707	2026.01.30 11:00	GBPUSD.i	H1	1.37337	1.37497	1.37560	1.37658
6708	2026.01.30 12:00	GBPUSD.i	H1	1.37482	1.37452	1.37524	1.37652
6709	2026.01.30 13:00	GBPUSD.i	H1	1.37791	1.37544	1.37518	1.37649
6710	2026.01.30 14:00	GBPUSD.i	H1	1.37621	1.37611	1.37527	1.37650
6711	2026.01.30 15:00	GBPUSD.i	H1	1.37441	1.37558	1.37522	1.37649
6712	2026.01.30 16:00	GBPUSD.i	H1	1.37393	1.37502	1.37505	1.37643
6713	2026.01.30 17:00	GBPUSD.i	H1	1.37199	1.37370	1.37461	1.37635
6714	2026.01.30 18:00	GBPUSD.i	H1	1.37272	1.37283	1.37409	1.37624
6715	2026.01.30 19:00	GBPUSD.i	H1	1.37089	1.37179	1.37345	1.37612
6716	2026.01.30 20:00	GBPUSD.i	H1	1.37113	1.37071	1.37271	1.37597
6717	2026.01.30 21:00	GBPUSD.i	H1	1.36981	1.37007	1.37199	1.37581
6718	2026.01.30 22:00	GBPUSD.i	H1	1.36831	1.36905	1.37120	1.37563
6719	2026.01.30 23:00	GBPUSD.i	H1	1.36816	1.36828	1.37040	1.37544
6720	2026.02.02 00:00	GBPUSD.i	H1	1.36816	1.36772	1.36964	1.37524
6721	2026.02.02 01:00	GBPUSD.i	H1	1.36762	1.36725	1.36894	1.37503
6722	2026.02.02 02:00	GBPUSD.i	H1	1.37003	1.36790	1.36853	1.37485
6723	2026.02.02 03:00	GBPUSD.i	H1	1.36936	1.36820	1.36827	1.37470
6724	2026.02.02 04:00	GBPUSD.i	H1	1.36824	1.36834	1.36808	1.37453
6725	2026.02.02 05:00	GBPUSD.i	H1	1.36841	1.36832	1.36792	1.37437
6726	2026.02.02 06:00	GBPUSD.i	H1	1.36823	1.36822	1.36777	1.37421
6727	2026.02.02 07:00	GBPUSD.i	H1	1.36722	1.36767	1.36753	1.37403
6728	2026.02.02 08:00	GBPUSD.i	H1	1.36756	1.36730	1.36727	1.37383
6729	2026.02.02 09:00	GBPUSD.i	H1	1.36794	1.36756	1.36713	1.37366
6730	2026.02.02 10:00	GBPUSD.i	H1	1.36922	1.36824	1.36718	1.37352
6731	2026.02.02 11:00	GBPUSD.i	H1	1.37091	1.36919	1.36744	1.37341
6732	2026.02.02 12:00	GBPUSD.i	H1	1.37020	1.36998	1.36783	1.37332
6733	2026.02.02 13:00	GBPUSD.i	H1	1.37002	1.37035	1.36822	1.37324
6734	2026.02.02 14:00	GBPUSD.i	H1	1.36881	1.37012	1.36848	1.37314
6735	2026.02.02 15:00	GBPUSD.i	H1	1.36516	1.36846	1.36831	1.37299
6736	2026.02.02 16:00	GBPUSD.i	H1	1.36677	1.36717	1.36792	1.37280
6737	2026.02.02 17:00	GBPUSD.i	H1	1.36282	1.36547	1.36724	1.37258
6738	2026.02.02 18:00	GBPUSD.i	H1	1.36530	1.36463	1.36654	1.37235
6739	2026.02.02 19:00	GBPUSD.i	H1	1.36598	1.36481	1.36606	1.37215
6740	2026.02.02 20:00	GBPUSD.i	H1	1.36500	1.36477	1.36567	1.37197
6741	2026.02.02 21:00	GBPUSD.i	H1	1.36591	1.36488	1.36539	1.37178
6742	2026.02.02 22:00	GBPUSD.i	H1	1.36659	1.36537	1.36527	1.37162
6743	2026.02.02 23:00	GBPUSD.i	H1	1.36672	1.36590	1.36530	1.37148
6744	2026.02.03 00:00	GBPUSD.i	H1	1.36634	1.36612	1.36536	1.37134
6745	2026.02.03 01:00	GBPUSD.i	H1	1.36730	1.36652	1.36550	1.37121
6746	2026.02.03 02:00	GBPUSD.i	H1	1.36803	1.36720	1.36576	1.37110
6747	2026.02.03 03:00	GBPUSD.i	H1	1.36862	1.36786	1.36612	1.37101
6748	2026.02.03 04:00	GBPUSD.i	H1	1.36729	1.36800	1.36643	1.37093
6749	2026.02.03 05:00	GBPUSD.i	H1	1.36849	1.36829	1.36675	1.37084
6750	2026.02.03 06:00	GBPUSD.i	H1	1.36875	1.36879	1.36713	1.37078
6751	2026.02.03 07:00	GBPUSD.i	H1	1.36896	1.36905	1.36749	1.37073
6752	2026.02.03 08:00	GBPUSD.i	H1	1.36929	1.36947	1.36788	1.37068
6753	2026.02.03 09:00	GBPUSD.i	H1	1.36973	1.36976	1.36826	1.37065
6754	2026.02.03 10:00	GBPUSD.i	H1	1.36860	1.36950	1.36851	1.37061
6755	2026.02.03 11:00	GBPUSD.i	H1	1.36669	1.36869	1.36854	1.37054
6756	2026.02.03 12:00	GBPUSD.i	H1	1.36553	1.36749	1.36830	1.37043
6757	2026.02.03 13:00	GBPUSD.i	H1	1.36507	1.36639	1.36787	1.37030
6758	2026.02.03 14:00	GBPUSD.i	H1	1.36817	1.36656	1.36760	1.37019
6759	2026.02.03 15:00	GBPUSD.i	H1	1.36702	1.36693	1.36747	1.37012
6760	2026.02.03 16:00	GBPUSD.i	H1	1.36688	1.36686	1.36735	1.37004
6761	2026.02.03 17:00	GBPUSD.i	H1	1.37031	1.36783	1.36748	1.36998
6762	2026.02.03 18:00	GBPUSD.i	H1	1.36991	1.36891	1.36781	1.36997
6763	2026.02.03 19:00	GBPUSD.i	H1	1.36956	1.36952	1.36820	1.36997
6764	2026.02.03 20:00	GBPUSD.i	H1	1.36777	1.36925	1.36844	1.36995
6765	2026.02.03 21:00	GBPUSD.i	H1	1.36870	1.36897	1.36856	1.36991
6766	2026.02.03 22:00	GBPUSD.i	H1	1.36962	1.36922	1.36872	1.36988
6767	2026.02.03 23:00	GBPUSD.i	H1	1.36960	1.36959	1.36893	1.36987
6768	2026.02.04 00:00	GBPUSD.i	H1	1.36913	1.36958	1.36910	1.36986
6769	2026.02.04 01:00	GBPUSD.i	H1	1.36970	1.36967	1.36925	1.36985
6770	2026.02.04 02:00	GBPUSD.i	H1	1.36941	1.36964	1.36937	1.36984
6771	2026.02.04 03:00	GBPUSD.i	H1	1.37064	1.37002	1.36955	1.36984
6772	2026.02.04 04:00	GBPUSD.i	H1	1.37003	1.37028	1.36975	1.36985
6773	2026.02.04 05:00	GBPUSD.i	H1	1.37043	1.37035	1.36993	1.36986
6774	2026.02.04 06:00	GBPUSD.i	H1	1.37161	1.37086	1.37019	1.36989
6775	2026.02.04 07:00	GBPUSD.i	H1	1.37149	1.37134	1.37050	1.36993
6776	2026.02.04 08:00	GBPUSD.i	H1	1.37130	1.37163	1.37081	1.36997
6777	2026.02.04 09:00	GBPUSD.i	H1	1.37156	1.37166	1.37105	1.37002
6778	2026.02.04 10:00	GBPUSD.i	H1	1.37293	1.37220	1.37138	1.37007
6779	2026.02.04 11:00	GBPUSD.i	H1	1.37090	1.37201	1.37158	1.37012
6780	2026.02.04 12:00	GBPUSD.i	H1	1.37159	1.37158	1.37165	1.37015
6781	2026.02.04 13:00	GBPUSD.i	H1	1.37090	1.37128	1.37164	1.37017
6782	2026.02.04 14:00	GBPUSD.i	H1	1.37198	1.37147	1.37169	1.37020
6783	2026.02.04 15:00	GBPUSD.i	H1	1.37131	1.37148	1.37172	1.37024
6784	2026.02.04 16:00	GBPUSD.i	H1	1.36877	1.37062	1.37155	1.37025
6785	2026.02.04 17:00	GBPUSD.i	H1	1.36641	1.36892	1.37103	1.37020
6786	2026.02.04 18:00	GBPUSD.i	H1	1.36576	1.36696	1.37017	1.37010
6787	2026.02.04 19:00	GBPUSD.i	H1	1.36462	1.36574	1.36924	1.36997
6788	2026.02.04 20:00	GBPUSD.i	H1	1.36503	1.36479	1.36828	1.36983
6789	2026.02.04 21:00	GBPUSD.i	H1	1.36631	1.36465	1.36750	1.36971
6790	2026.02.04 22:00	GBPUSD.i	H1	1.36507	1.36452	1.36684	1.36959
6791	2026.02.04 23:00	GBPUSD.i	H1	1.36524	1.36445	1.36629	1.36947
6792	2026.02.05 00:00	GBPUSD.i	H1	1.36496	1.36442	1.36583	1.36936
6793	2026.02.05 01:00	GBPUSD.i	H1	1.36458	1.36425	1.36541	1.36923
6794	2026.02.05 02:00	GBPUSD.i	H1	1.36520	1.36433	1.36508	1.36911
6795	2026.02.05 03:00	GBPUSD.i	H1	1.36481	1.36440	1.36483	1.36899
6796	2026.02.05 04:00	GBPUSD.i	H1	1.36208	1.36355	1.36442	1.36885
6797	2026.02.05 05:00	GBPUSD.i	H1	1.36250	1.36282	1.36393	1.36868
6798	2026.02.05 06:00	GBPUSD.i	H1	1.36253	1.36244	1.36346	1.36851
6799	2026.02.05 07:00	GBPUSD.i	H1	1.36201	1.36203	1.36299	1.36834
6800	2026.02.05 08:00	GBPUSD.i	H1	1.36185	1.36153	1.36251	1.36816
6801	2026.02.05 09:00	GBPUSD.i	H1	1.36200	1.36161	1.36216	1.36798
6802	2026.02.05 10:00	GBPUSD.i	H1	1.36036	1.36120	1.36178	1.36781
6803	2026.02.05 11:00	GBPUSD.i	H1	1.35656	1.35922	1.36103	1.36757
6804	2026.02.05 12:00	GBPUSD.i	H1	1.35875	1.35835	1.36025	1.36730
6805	2026.02.05 13:00	GBPUSD.i	H1	1.36112	1.35887	1.35977	1.36708
6806	2026.02.05 14:00	GBPUSD.i	H1	1.35815	1.35807	1.35920	1.36685
6807	2026.02.05 15:00	GBPUSD.i	H1	1.35854	1.35785	1.35871	1.36661
6808	2026.02.05 16:00	GBPUSD.i	H1	1.35378	1.35636	1.35797	1.36634
6809	2026.02.05 17:00	GBPUSD.i	H1	1.35281	1.35461	1.35700	1.36601
6810	2026.02.05 18:00	GBPUSD.i	H1	1.35497	1.35386	1.35608	1.36567
6811	2026.02.05 19:00	GBPUSD.i	H1	1.35513	1.35388	1.35537	1.36536
6812	2026.02.05 20:00	GBPUSD.i	H1	1.35426	1.35383	1.35479	1.36506
6813	2026.02.05 21:00	GBPUSD.i	H1	1.35489	1.35396	1.35436	1.36478
6814	2026.02.05 22:00	GBPUSD.i	H1	1.35385	1.35387	1.35400	1.36449
6815	2026.02.05 23:00	GBPUSD.i	H1	1.35303	1.35334	1.35359	1.36419
6816	2026.02.06 00:00	GBPUSD.i	H1	1.35306	1.35303	1.35319	1.36388
6817	2026.02.06 01:00	GBPUSD.i	H1	1.35210	1.35258	1.35279	1.36358
6818	2026.02.06 02:00	GBPUSD.i	H1	1.35302	1.35226	1.35240	1.36327
6819	2026.02.06 03:00	GBPUSD.i	H1	1.35400	1.35274	1.35221	1.36298
6820	2026.02.06 04:00	GBPUSD.i	H1	1.35459	1.35354	1.35226	1.36273
6821	2026.02.06 05:00	GBPUSD.i	H1	1.35463	1.35412	1.35242	1.36251
6822	2026.02.06 06:00	GBPUSD.i	H1	1.35594	1.35491	1.35274	1.36230
6823	2026.02.06 07:00	GBPUSD.i	H1	1.35695	1.35595	1.35323	1.36213
6824	2026.02.06 08:00	GBPUSD.i	H1	1.35715	1.35690	1.35383	1.36198
6825	2026.02.06 09:00	GBPUSD.i	H1	1.35664	1.35732	1.35441	1.36185
6826	2026.02.06 10:00	GBPUSD.i	H1	1.35680	1.35736	1.35489	1.36170
6827	2026.02.06 11:00	GBPUSD.i	H1	1.35768	1.35776	1.35538	1.36158
6828	2026.02.06 12:00	GBPUSD.i	H1	1.35766	1.35809	1.35586	1.36147
6829	2026.02.06 13:00	GBPUSD.i	H1	1.35842	1.35857	1.35637	1.36137
6830	2026.02.06 14:00	GBPUSD.i	H1	1.35889	1.35906	1.35690	1.36130
6831	2026.02.06 15:00	GBPUSD.i	H1	1.35887	1.35931	1.35739	1.36123
6832	2026.02.06 16:00	GBPUSD.i	H1	1.36090	1.36006	1.35796	1.36118
6833	2026.02.06 17:00	GBPUSD.i	H1	1.36143	1.36075	1.35858	1.36116
6834	2026.02.06 18:00	GBPUSD.i	H1	1.36041	1.36110	1.35917	1.36115
6835	2026.02.06 19:00	GBPUSD.i	H1	1.36183	1.36161	1.35975	1.36115
6836	2026.02.06 20:00	GBPUSD.i	H1	1.36142	1.36198	1.36031	1.36116
6837	2026.02.06 21:00	GBPUSD.i	H1	1.36161	1.36213	1.36079	1.36117
6838	2026.02.06 22:00	GBPUSD.i	H1	1.36187	1.36220	1.36119	1.36119
6839	2026.02.06 23:00	GBPUSD.i	H1	1.36106	1.36202	1.36148	1.36120
6840	2026.02.09 00:00	GBPUSD.i	H1	1.35992	1.36103	1.36149	1.36118
6841	2026.02.09 01:00	GBPUSD.i	H1	1.36097	1.36068	1.36143	1.36115
6842	2026.02.09 02:00	GBPUSD.i	H1	1.36113	1.36090	1.36144	1.36114
6843	2026.02.09 03:00	GBPUSD.i	H1	1.36013	1.36064	1.36139	1.36113
6844	2026.02.09 04:00	GBPUSD.i	H1	1.36045	1.36033	1.36128	1.36110
6845	2026.02.09 05:00	GBPUSD.i	H1	1.35990	1.36016	1.36116	1.36108
6846	2026.02.09 06:00	GBPUSD.i	H1	1.36045	1.36012	1.36104	1.36105
6847	2026.02.09 07:00	GBPUSD.i	H1	1.36142	1.36052	1.36104	1.36105
6848	2026.02.09 08:00	GBPUSD.i	H1	1.36157	1.36103	1.36114	1.36106
6849	2026.02.09 09:00	GBPUSD.i	H1	1.36042	1.36067	1.36112	1.36105
6850	2026.02.09 10:00	GBPUSD.i	H1	1.36016	1.36029	1.36102	1.36103
6851	2026.02.09 11:00	GBPUSD.i	H1	1.36008	1.36022	1.36091	1.36100
6852	2026.02.09 12:00	GBPUSD.i	H1	1.36090	1.36032	1.36085	1.36099
6853	2026.02.09 13:00	GBPUSD.i	H1	1.36373	1.36134	1.36103	1.36100
6854	2026.02.09 14:00	GBPUSD.i	H1	1.36604	1.36335	1.36162	1.36108
6855	2026.02.09 15:00	GBPUSD.i	H1	1.36511	1.36468	1.36236	1.36120
6856	2026.02.09 16:00	GBPUSD.i	H1	1.36442	1.36472	1.36294	1.36130
6857	2026.02.09 17:00	GBPUSD.i	H1	1.36777	1.36616	1.36373	1.36142
6858	2026.02.09 18:00	GBPUSD.i	H1	1.36660	1.36717	1.36457	1.36158
6859	2026.02.09 19:00	GBPUSD.i	H1	1.36718	1.36760	1.36533	1.36173
6860	2026.02.09 20:00	GBPUSD.i	H1	1.36897	1.36834	1.36610	1.36189
6861	2026.02.09 21:00	GBPUSD.i	H1	1.36970	1.36931	1.36693	1.36209
6862	2026.02.09 22:00	GBPUSD.i	H1	1.36949	1.36990	1.36773	1.36229
6863	2026.02.09 23:00	GBPUSD.i	H1	1.36949	1.37018	1.36843	1.36249
6864	2026.02.10 00:00	GBPUSD.i	H1	1.36907	1.37003	1.36895	1.36268
6865	2026.02.10 01:00	GBPUSD.i	H1	1.36823	1.36969	1.36929	1.36285
6866	2026.02.10 02:00	GBPUSD.i	H1	1.36806	1.36901	1.36942	1.36300
6867	2026.02.10 03:00	GBPUSD.i	H1	1.36845	1.36874	1.36947	1.36314
6868	2026.02.10 04:00	GBPUSD.i	H1	1.36933	1.36889	1.36955	1.36330
6869	2026.02.10 05:00	GBPUSD.i	H1	1.36851	1.36888	1.36961	1.36345
6870	2026.02.10 06:00	GBPUSD.i	H1	1.36812	1.36857	1.36959	1.36359
6871	2026.02.10 07:00	GBPUSD.i	H1	1.36781	1.36818	1.36947	1.36372
6872	2026.02.10 08:00	GBPUSD.i	H1	1.36719	1.36768	1.36926	1.36383
6873	2026.02.10 09:00	GBPUSD.i	H1	1.36723	1.36734	1.36901	1.36393
6874	2026.02.10 10:00	GBPUSD.i	H1	1.36706	1.36705	1.36874	1.36402
6875	2026.02.10 11:00	GBPUSD.i	H1	1.36682	1.36696	1.36850	1.36411
6876	2026.02.10 12:00	GBPUSD.i	H1	1.36650	1.36658	1.36821	1.36418
6877	2026.02.10 13:00	GBPUSD.i	H1	1.36633	1.36621	1.36788	1.36424
6878	2026.02.10 14:00	GBPUSD.i	H1	1.36855	1.36687	1.36776	1.36432
6879	2026.02.10 15:00	GBPUSD.i	H1	1.36815	1.36729	1.36775	1.36443
6880	2026.02.10 16:00	GBPUSD.i	H1	1.36772	1.36766	1.36781	1.36453
6881	2026.02.10 17:00	GBPUSD.i	H1	1.36741	1.36731	1.36775	1.36461
6882	2026.02.10 18:00	GBPUSD.i	H1	1.36638	1.36692	1.36761	1.36467
6883	2026.02.10 19:00	GBPUSD.i	H1	1.36534	1.36611	1.36731	1.36471
6884	2026.02.10 20:00	GBPUSD.i	H1	1.36442	1.36527	1.36688	1.36472
6885	2026.02.10 21:00	GBPUSD.i	H1	1.36568	1.36496	1.36648	1.36472
6886	2026.02.10 22:00	GBPUSD.i	H1	1.36431	1.36464	1.36608	1.36473
6887	2026.02.10 23:00	GBPUSD.i	H1	1.36422	1.36418	1.36566	1.36472
6888	2026.02.11 00:00	GBPUSD.i	H1	1.36390	1.36390	1.36526	1.36471
6889	2026.02.11 01:00	GBPUSD.i	H1	1.36327	1.36343	1.36483	1.36468
6890	2026.02.11 02:00	GBPUSD.i	H1	1.36392	1.36335	1.36446	1.36465
6891	2026.02.11 03:00	GBPUSD.i	H1	1.36442	1.36365	1.36424	1.36464
6892	2026.02.11 04:00	GBPUSD.i	H1	1.36580	1.36439	1.36422	1.36464
6893	2026.02.11 05:00	GBPUSD.i	H1	1.36653	1.36528	1.36440	1.36468
6894	2026.02.11 06:00	GBPUSD.i	H1	1.36595	1.36586	1.36466	1.36472
6895	2026.02.11 07:00	GBPUSD.i	H1	1.36697	1.36637	1.36498	1.36477
6896	2026.02.11 08:00	GBPUSD.i	H1	1.36704	1.36695	1.36535	1.36483
6897	2026.02.11 09:00	GBPUSD.i	H1	1.36741	1.36726	1.36572	1.36489
6898	2026.02.11 10:00	GBPUSD.i	H1	1.36921	1.36809	1.36620	1.36497
6899	2026.02.11 11:00	GBPUSD.i	H1	1.36955	1.36898	1.36678	1.36508
6900	2026.02.11 12:00	GBPUSD.i	H1	1.37064	1.36992	1.36746	1.36521
6901	2026.02.11 13:00	GBPUSD.i	H1	1.36912	1.37018	1.36806	1.36534
6902	2026.02.11 14:00	GBPUSD.i	H1	1.36801	1.36962	1.36841	1.36544
6903	2026.02.11 15:00	GBPUSD.i	H1	1.36417	1.36748	1.36821	1.36547
6904	2026.02.11 16:00	GBPUSD.i	H1	1.36557	1.36644	1.36784	1.36546
6905	2026.02.11 17:00	GBPUSD.i	H1	1.36335	1.36520	1.36729	1.36544
6906	2026.02.11 18:00	GBPUSD.i	H1	1.36521	1.36460	1.36674	1.36541
6907	2026.02.11 19:00	GBPUSD.i	H1	1.36576	1.36478	1.36635	1.36541
6908	2026.02.11 20:00	GBPUSD.i	H1	1.36397	1.36444	1.36597	1.36540
6909	2026.02.11 21:00	GBPUSD.i	H1	1.36328	1.36375	1.36550	1.36536
6910	2026.02.11 22:00	GBPUSD.i	H1	1.36216	1.36288	1.36493	1.36530
6911	2026.02.11 23:00	GBPUSD.i	H1	1.36280	1.36235	1.36435	1.36522
6912	2026.02.12 00:00	GBPUSD.i	H1	1.36269	1.36211	1.36384	1.36515
6913	2026.02.12 01:00	GBPUSD.i	H1	1.36229	1.36191	1.36338	1.36507
6914	2026.02.12 02:00	GBPUSD.i	H1	1.36317	1.36198	1.36302	1.36500
6915	2026.02.12 03:00	GBPUSD.i	H1	1.36400	1.36252	1.36285	1.36495
6916	2026.02.12 04:00	GBPUSD.i	H1	1.36350	1.36292	1.36280	1.36491
6917	2026.02.12 05:00	GBPUSD.i	H1	1.36317	1.36300	1.36276	1.36487
6918	2026.02.12 06:00	GBPUSD.i	H1	1.36249	1.36283	1.36268	1.36481
6919	2026.02.12 07:00	GBPUSD.i	H1	1.36219	1.36249	1.36254	1.36475
6920	2026.02.12 08:00	GBPUSD.i	H1	1.36167	1.36198	1.36232	1.36467
6921	2026.02.12 09:00	GBPUSD.i	H1	1.36327	1.36220	1.36220	1.36460
6922	2026.02.12 10:00	GBPUSD.i	H1	1.36372	1.36288	1.36226	1.36456
6923	2026.02.12 11:00	GBPUSD.i	H1	1.36491	1.36379	1.36252	1.36455
6924	2026.02.12 12:00	GBPUSD.i	H1	1.36386	1.36414	1.36279	1.36454
6925	2026.02.12 13:00	GBPUSD.i	H1	1.36492	1.36449	1.36309	1.36454
6926	2026.02.12 14:00	GBPUSD.i	H1	1.36292	1.36413	1.36324	1.36452
6927	2026.02.12 15:00	GBPUSD.i	H1	1.36500	1.36437	1.36342	1.36450
6928	2026.02.12 16:00	GBPUSD.i	H1	1.36645	1.36523	1.36378	1.36452
6929	2026.02.12 17:00	GBPUSD.i	H1	1.36538	1.36574	1.36417	1.36456
6930	2026.02.12 18:00	GBPUSD.i	H1	1.36321	1.36491	1.36430	1.36456
6931	2026.02.12 19:00	GBPUSD.i	H1	1.36190	1.36375	1.36414	1.36451
6932	2026.02.12 20:00	GBPUSD.i	H1	1.36164	1.36260	1.36377	1.36444
6933	2026.02.12 21:00	GBPUSD.i	H1	1.36240	1.36222	1.36342	1.36437
6934	2026.02.12 22:00	GBPUSD.i	H1	1.36211	1.36192	1.36308	1.36431
6935	2026.02.12 23:00	GBPUSD.i	H1	1.36222	1.36181	1.36279	1.36424
6936	2026.02.13 00:00	GBPUSD.i	H1	1.36149	1.36164	1.36253	1.36418
6937	2026.02.13 01:00	GBPUSD.i	H1	1.36186	1.36159	1.36230	1.36412
6938	2026.02.13 02:00	GBPUSD.i	H1	1.36214	1.36161	1.36212	1.36405
6939	2026.02.13 03:00	GBPUSD.i	H1	1.36170	1.36154	1.36197	1.36399
6940	2026.02.13 04:00	GBPUSD.i	H1	1.36202	1.36161	1.36185	1.36393
6941	2026.02.13 05:00	GBPUSD.i	H1	1.36150	1.36159	1.36175	1.36387
6942	2026.02.13 06:00	GBPUSD.i	H1	1.36119	1.36137	1.36162	1.36381
6943	2026.02.13 07:00	GBPUSD.i	H1	1.36110	1.36119	1.36147	1.36374
