Non_B_timestamp	Non_B_symbol	Non_B_timeframe	Non_B_close	Non_B_Base_FL	Non_B_UOEDT	Non_B_LOEDT	Non_B_horiz_high_map	Non_B_horiz_low_map	Non_B_ssa	Non_B_ema_ssa	Non_B_crossing
1785904200	XAUUSD	M15	4134.63						4129.04555457	4129.04555457	0
1785905100	XAUUSD	M15	4135.53						4133.52016878	4131.28286168	1
1785906000	XAUUSD	M15	4137.30						4139.98042055	4135.63164111	0
1785906900	XAUUSD	M15	4139.62						4147.92650951	4141.77907531	0
1785907800	XAUUSD	M15	4156.55						4156.38834926	4149.08371229	0
1785908700	XAUUSD	M15	4161.50						4163.31729592	4156.20050410	0
1785909600	XAUUSD	M15	4173.24						4168.23000301	4162.21525356	0
1785910500	XAUUSD	M15	4168.89						4170.71277490	4166.46401423	0
1785911400	XAUUSD	M15	4175.64						4171.50505347	4168.98453385	0
1785912300	XAUUSD	M15	4177.57						4170.85305727	4169.91879556	0
1785913200	XAUUSD	M15	4166.19						4169.45483171	4169.68681363	1
1785914100	XAUUSD	M15	4164.33						4168.32588906	4169.00635135	0
1785915000	XAUUSD	M15	4166.64						4167.76574655	4168.38604895	0
1785915900	XAUUSD	M15	4170.82						4167.56436688	4167.97520791	0
1785916800	XAUUSD	M15	4165.55						4167.31645373	4167.64583082	0
1785917700	XAUUSD	M15	4164.57						4166.78718308	4167.21650695	0
1785918600	XAUUSD	M15	4166.17						4165.68176517	4166.44913606	0
1785919500	XAUUSD	M15	4160.53						4163.70820377	4165.07866991	0
1785920400	XAUUSD	M15	4162.90						4160.99729736	4163.03798363	0
1785921300	XAUUSD	M15	4157.65						4157.83602427	4160.43700395	0
1785922200	XAUUSD	M15	4158.15						4154.95281799	4157.69491097	0
1785923100	XAUUSD	M15	4157.93						4153.06631808	4155.38061453	0
1785924000	XAUUSD	M15	4151.09						4152.84545703	4154.11303578	0
1785924900	XAUUSD	M15	4156.88					4150.21000	4154.82693124	4154.46998351	1
1785925800	XAUUSD	M15	4155.11						4158.96694441	4156.71846396	0
1785926700	XAUUSD	M15	4161.52						4164.94611169	4160.83228782	0
1785927600	XAUUSD	M15	4170.88						4171.95765357	4166.39497070	0
1785928500	XAUUSD	M15	4175.98						4179.00860972	4172.70179021	0
1785929400	XAUUSD	M15	4184.96						4185.17384321	4178.93781671	0
1785930300	XAUUSD	M15	4188.79						4189.70498484	4184.32140077	0
1785931200	XAUUSD	M15	4197.54						4192.46890401	4188.39515239	0
1785932100	XAUUSD	M15	4205.27						4193.25212714	4190.82363977	0
1785933000	XAUUSD	M15	4194.78						4192.64715585	4191.73539781	0
1785933900	XAUUSD	M15	4183.90						4192.10289855	4191.91914818	0
1785934800	XAUUSD	M15	4187.86						4193.16799166	4192.54356992	0
1785935700	XAUUSD	M15	4197.09						4196.69520691	4194.61938841	0
1785936600	XAUUSD	M15	4197.54						4202.91880097	4198.76909469	0
1785937500	XAUUSD	M15	4206.10						4211.70625943	4205.23767706	0
1785938400	XAUUSD	M15	4229.62						4222.17588607	4213.70678157	0
1785939300	XAUUSD	M15	4237.05						4232.64851145	4223.17764651	0
1785940200	XAUUSD	M15	4243.19						4241.79464225	4232.48614438	0
1785941100	XAUUSD	M15	4244.28						4248.54850988	4240.51732713	0
1785942000	XAUUSD	M15	4257.95						4252.36607948	4246.44170330	0
1785942900	XAUUSD	M15	4257.34						4252.86764580	4249.65467455	0
1785943800	XAUUSD	M15	4255.90						4250.63243403	4250.14355429	0
1785944700	XAUUSD	M15	4232.87						4246.70992350	4248.42673889	1
1785945600	XAUUSD	M15	4234.33						4242.85101387	4245.63887638	0
1785946500	XAUUSD	M15	4241.45						4239.99497566	4242.81692602	0
1785947400	XAUUSD	M15	4244.60						4238.62999125	4240.72345863	0
1785948300	XAUUSD	M15	4242.39						4238.98817333	4239.85581598	0
1785949200	XAUUSD	M15	4242.06						4241.07865552	4240.46723575	1
1785950100	XAUUSD	M15	4244.70						4244.50519695	4242.48621635	0
1785951000	XAUUSD	M15	4248.16						4248.62595665	4245.55608650	0
1785951900	XAUUSD	M15	4250.27						4252.73315632	4249.14462141	0
1785952800	XAUUSD	M15	4253.11						4256.23375488	4252.68918814	0
1785953700	XAUUSD	M15	4262.90						4258.69698800	4255.69308807	0
1785954600	XAUUSD	M15	4259.34						4259.70158960	4257.69733884	0
1785955500	XAUUSD	M15	4260.96						4259.37198283	4258.53466083	0
1785956400	XAUUSD	M15	4258.10						4257.87149383	4258.20307733	1
1785957300	XAUUSD	M15	4252.87						4255.55837605	4256.88072669	0
1785958200	XAUUSD	M15	4253.18						4252.88188416	4254.88130543	0
1785959100	XAUUSD	M15	4247.64						4250.12484174	4252.50307358	0
1785960000	XAUUSD	M15	4249.10						4247.69483125	4250.09895242	0
1785960900	XAUUSD	M15	4246.17						4245.79111214	4247.94503228	0
1785961800	XAUUSD	M15	4245.42						4244.70646435	4246.32574831	0
1785962700	XAUUSD	M15	4247.08						4244.62646653	4245.47610742	0
1785967200	XAUUSD	M15	4247.51						4245.62016426	4245.54813584	1
1785968100	XAUUSD	M15	4248.09						4247.72107286	4246.63460435	0
1785969000	XAUUSD	M15	4248.27						4250.89007958	4248.76234197	0
1785969900	XAUUSD	M15	4250.04						4254.99919777	4251.88076987	0
1785970800	XAUUSD	M15	4256.27						4259.80825469	4255.84451228	0
1785971700	XAUUSD	M15	4263.50						4264.89307901	4260.36879564	0
1785972600	XAUUSD	M15	4280.78						4269.80476958	4265.08678261	0
1785973500	XAUUSD	M15	4278.28						4273.87662532	4269.48170397	0
1785974400	XAUUSD	M15	4270.42						4277.17010508	4273.32590452	0
1785975300	XAUUSD	M15	4274.07						4280.04455057	4276.68522755	0
1785976200	XAUUSD	M15	4286.41						4282.61540578	4279.65031666	0
1785977100	XAUUSD	M15	4294.87						4284.70147660	4282.17589663	0
1785978000	XAUUSD	M15	4284.55						4286.19216287	4284.18402975	0
1785978900	XAUUSD	M15	4276.24						4287.41054937	4285.79728956	0
1785979800	XAUUSD	M15	4287.29						4288.51935667	4287.15832311	0
1785980700	XAUUSD	M15	4286.70						4289.03272803	4288.09552557	0
1785981600	XAUUSD	M15	4295.05				4303.98000		4288.69133753	4288.39343155	0
1785982500	XAUUSD	M15	4292.21						4287.05678489	4287.72510822	1
1785983400	XAUUSD	M15	4285.88						4284.09378330	4285.90944576	0
1785984300	XAUUSD	M15	4278.62						4280.04811925	4282.97878251	0
1785985200	XAUUSD	M15	4274.16						4275.34328012	4279.16103131	0
1785986100	XAUUSD	M15	4266.16						4270.47383770	4274.81743451	0
1785987000	XAUUSD	M15	4262.97						4266.03863434	4270.42803442	0
1785987900	XAUUSD	M15	4265.64						4262.47112840	4266.44958141	0
1785988800	XAUUSD	M15	4263.27						4259.92938258	4263.18948200	0
1785989700	XAUUSD	M15	4255.27						4258.52765337	4260.85856768	0
1785990600	XAUUSD	M15	4259.16						4258.34729735	4259.60293252	0
1785991500	XAUUSD	M15	4262.20						4258.98519463	4259.29406357	0
1785992400	XAUUSD	M15	4259.46						4259.94259175	4259.61832766	1
1785993300	XAUUSD	M15	4253.92						4260.86914596	4260.24373681	0
1785994200	XAUUSD	M15	4263.77					4247.39000	4261.59240062	4260.91806872	0
1785995100	XAUUSD	M15	4267.10						4261.64816992	4261.28311932	0
1785996000	XAUUSD	M15	4260.56						4260.90430035	4261.09370983	1
1785996900	XAUUSD	M15	4257.65						4259.69849195	4260.39610089	0
1785997800	XAUUSD	M15	4256.44						4258.49333932	4259.44472011	0
1785998700	XAUUSD	M15	4256.06						4257.74738334	4258.59605173	0
1785999600	XAUUSD	M15	4263.15						4257.84323771	4258.21964472	0
1786000500	XAUUSD	M15	4261.96						4258.79594366	4258.50779419	1
1786001400	XAUUSD	M15	4255.05						4260.73286179	4259.62032799	0
1786002300	XAUUSD	M15	4262.68						4263.76715206	4261.69374003	0
1786003200	XAUUSD	M15	4268.90						4267.39704761	4264.54539382	0
1786004100	XAUUSD	M15	4267.79						4270.99632005	4267.77085694	0
1786005000	XAUUSD	M15	4273.12						4274.15073965	4270.96079830	0
1786005900	XAUUSD	M15	4278.20						4276.36960219	4273.66520024	0
1786006800	XAUUSD	M15	4279.80						4277.34595891	4275.50557958	0
1786007700	XAUUSD	M15	4283.48				4284.73000		4277.04470947	4276.27514453	0
1786008600	XAUUSD	M15	4271.95						4275.61015154	4275.94264803	1
1786009500	XAUUSD	M15	4273.00						4273.72615585	4274.83440194	0
1786010400	XAUUSD	M15	4270.03						4271.76498569	4273.29969381	0
1786011300	XAUUSD	M15	4269.22						4270.09145518	4271.69557450	0
1786012200	XAUUSD	M15	4265.60						4268.80856477	4270.25206963	0
1786013100	XAUUSD	M15	4270.80						4267.88686069	4269.06946516	0
1786014000	XAUUSD	M15	4269.01						4266.90950795	4267.98948656	0
1786014900	XAUUSD	M15	4264.17						4265.59945886	4266.79447271	0
1786015800	XAUUSD	M15	4260.59						4263.80903660	4265.30175465	0
1786016700	XAUUSD	M15	4263.29						4261.53114004	4263.41644734	0
1786017600	XAUUSD	M15	4256.28						4258.85578974	4261.13611854	0
1786018500	XAUUSD	M15	4261.40						4256.30803318	4258.72207586	0
1786019400	XAUUSD	M15	4266.96						4254.20848762	4256.46528174	0
1786020300	XAUUSD	M15	4250.30						4252.95969104	4254.71248639	0
1786021200	XAUUSD	M15	4238.36						4253.44528324	4254.07888481	0
1786022100	XAUUSD	M15	4247.57						4256.06848672	4255.07368577	1
1786023000	XAUUSD	M15	4270.24						4260.19880370	4257.63624474	0
1786023900	XAUUSD	M15	4266.96						4264.50738598	4261.07181536	0
1786024800	XAUUSD	M15	4268.20						4268.17117529	4264.62149533	0
1786025700	XAUUSD	M15	4265.51						4270.29231095	4267.45690314	0
1786026600	XAUUSD	M15	4273.47						4270.27037399	4268.86363856	0
1786027500	XAUUSD	M15	4272.95						4267.56489615	4268.21426736	1
1786028400	XAUUSD	M15	4263.74						4262.35502935	4265.28464835	0
1786029300	XAUUSD	M15	4254.77						4255.50591374	4260.39528105	0
1786030200	XAUUSD	M15	4251.68						4248.14033388	4254.26780746	0
1786031100	XAUUSD	M15	4233.74						4241.32877675	4247.79829211	0
1786032000	XAUUSD	M15	4232.81						4236.37887473	4242.08858342	0
1786032900	XAUUSD	M15	4230.21					4223.46000	4233.78604396	4237.93731369	0
1786033800	XAUUSD	M15	4233.46						4233.61145904	4235.77438636	0
1786034700	XAUUSD	M15	4241.36						4235.33105286	4235.55271961	0
1786035600	XAUUSD	M15	4240.93						4238.06172383	4236.80722172	1
1786036500	XAUUSD	M15	4241.76						4241.09023948	4238.94873060	0
1786037400	XAUUSD	M15	4241.91						4243.77963442	4241.36418251	0
1786038300	XAUUSD	M15	4247.20						4245.71656372	4243.54037311	0
1786039200	XAUUSD	M15	4246.84						4246.59208238	4245.06622775	0
1786040100	XAUUSD	M15	4246.75						4246.50074934	4245.78348854	0
1786041000	XAUUSD	M15	4241.67						4245.65360405	4245.71854630	1
1786041900	XAUUSD	M15	4243.39						4244.47008010	4245.09431320	0
1786042800	XAUUSD	M15	4247.35						4243.17719600	4244.13575460	0
1786043700	XAUUSD	M15	4237.37						4241.87989709	4243.00782585	0
1786044600	XAUUSD	M15	4234.62						4240.94556743	4241.97669664	0
1786045500	XAUUSD	M15	4248.86						4240.47863547	4241.22766606	0
1786046400	XAUUSD	M15	4244.53						4240.04596050	4240.63681328	0
1786047300	XAUUSD	M15	4241.79						4239.72093326	4240.17887327	0
1786048200	XAUUSD	M15	4235.23						4239.63107533	4239.90497430	0
1786049100	XAUUSD	M15	4240.69						4240.00896217	4239.95696823	1
1786053600	XAUUSD	M15	4239.02						4240.70449873	4240.33073348	0
1786054500	XAUUSD	M15	4242.44						4241.65779901	4240.99426625	0
1786055400	XAUUSD	M15	4239.40						4242.67143659	4241.83285142	0
1786056300	XAUUSD	M15	4240.68						4243.68255729	4242.75770435	0
1786057200	XAUUSD	M15	4245.34						4244.52242415	4243.64006425	0
1786058100	XAUUSD	M15	4245.07						4244.90677941	4244.27342183	0
1786059000	XAUUSD	M15	4246.70						4244.78032808	4244.52687495	0
1786059900	XAUUSD	M15	4252.35						4244.19327334	4244.36007415	1
1786060800	XAUUSD	M15	4244.77						4243.21493921	4243.78750668	0
1786061700	XAUUSD	M15	4243.87						4242.34356435	4243.06553551	0
1786062600	XAUUSD	M15	4234.90						4241.94933953	4242.50743752	0
1786063500	XAUUSD	M15	4232.98					4229.90000	4242.50513696	4242.50628724	0
1786064400	XAUUSD	M15	4244.26						4244.16011661	4243.33320192	1
1786065300	XAUUSD	M15	4243.54						4246.48130536	4244.90725364	0
1786066200	XAUUSD	M15	4256.81						4249.24504688	4247.07615026	0
1786067100	XAUUSD	M15	4256.79						4251.82956662	4249.45285844	0
1786068000	XAUUSD	M15	4258.63						4254.01787384	4251.73536614	0
1786068900	XAUUSD	M15	4260.66						4255.64506295	4253.69021454	0
1786069800	XAUUSD	M15	4249.67						4256.69234843	4255.19128149	0
1786070700	XAUUSD	M15	4250.30						4257.59759838	4256.39443993	0
1786071600	XAUUSD	M15	4254.75						4258.48370518	4257.43907255	0
1786072500	XAUUSD	M15	4258.77						4259.35739039	4258.39823147	0
1786073400	XAUUSD	M15	4260.69						4260.20488511	4259.30155829	0
1786074300	XAUUSD	M15	4266.11						4261.05836854	4260.17996341	0
1786075200	XAUUSD	M15	4265.89						4261.90613334	4261.04304838	0
1786076100	XAUUSD	M15	4264.88						4262.92622955	4261.98463896	0
1786077000	XAUUSD	M15	4263.90						4264.29967076	4263.14215486	0
1786077900	XAUUSD	M15	4264.86						4266.22429173	4264.68322329	0
1786078800	XAUUSD	M15	4269.19						4268.77960584	4266.73141457	0
1786079700	XAUUSD	M15	4266.71						4271.77502326	4269.25321891	0
1786080600	XAUUSD	M15	4271.34						4275.23987942	4272.24654917	0
1786081500	XAUUSD	M15	4278.75						4278.95980129	4275.60317523	0
1786082400	XAUUSD	M15	4286.74						4282.53280150	4279.06798837	0
1786083300	XAUUSD	M15	4283.33						4285.56769551	4282.31784194	0
1786084200	XAUUSD	M15	4292.13						4288.05529408	4285.18656801	0
1786085100	XAUUSD	M15	4297.26						4289.75955897	4287.47306349	0
1786086000	XAUUSD	M15	4291.14						4290.63997882	4289.05652115	0
1786086900	XAUUSD	M15	4285.50						4291.15496789	4290.10574452	0
1786087800	XAUUSD	M15	4285.10						4291.83142860	4290.96858656	0
1786088700	XAUUSD	M15	4290.02						4293.04399726	4292.00629191	0
1786089600	XAUUSD	M15	4299.62						4294.96087396	4293.48358293	0
1786090500	XAUUSD	M15	4294.76						4297.50794557	4295.49576425	0
1786091400	XAUUSD	M15	4309.06						4300.83416262	4298.16496344	0
1786092300	XAUUSD	M15	4306.14						4304.35887968	4301.26192156	0
1786093200	XAUUSD	M15	4306.11						4307.90498887	4304.58345521	0
1786094100	XAUUSD	M15	4306.63						4311.12766649	4307.85556085	0
1786095000	XAUUSD	M15	4317.46						4313.73418523	4310.79487304	0
1786095900	XAUUSD	M15	4316.00						4315.24245411	4313.01866358	0
1786096800	XAUUSD	M15	4308.62						4315.71745862	4314.36806110	0
1786097700	XAUUSD	M15	4313.73						4315.64567393	4315.00686751	0
1786098600	XAUUSD	M15	4316.87						4315.30677582	4315.15682167	0
1786099500	XAUUSD	M15	4316.84						4315.13470369	4315.14576268	1
1786100400	XAUUSD	M15	4320.22						4315.64825183	4315.39700725	1
1786101300	XAUUSD	M15	4325.08						4317.20484615	4316.30092670	0
1786102200	XAUUSD	M15	4322.64						4319.96261491	4318.13177081	0
1786103100	XAUUSD	M15	4321.22						4324.06899252	4321.10038166	0
1786104000	XAUUSD	M15	4315.26						4329.42215170	4325.26126668	0
1786104900	XAUUSD	M15	4308.86						4335.79388962	4330.52757815	0
1786105800	XAUUSD	M15	4366.99						4342.72910030	4336.62833922	0
1786106700	XAUUSD	M15	4361.45				4371.77000		4347.98286251	4342.30560087	0
1786107600	XAUUSD	M15	4347.80						4351.24996804	4346.77778446	0
1786108500	XAUUSD	M15	4356.51						4352.77834759	4349.77806602	0
1786109400	XAUUSD	M15	4358.38						4352.54862755	4351.16334679	0
1786110300	XAUUSD	M15	4347.94						4350.98211263	4351.07272971	1
1786111200	XAUUSD	M15	4334.41						4348.99460830	4350.03366901	0
1786112100	XAUUSD	M15	4348.79						4347.50048223	4348.76707562	0
1786113000	XAUUSD	M15	4344.16						4346.44482762	4347.60595162	0
1786113900	XAUUSD	M15	4341.65						4346.04071723	4346.82333442	0
1786114800	XAUUSD	M15	4355.36						4346.21735794	4346.52034618	0
1786115700	XAUUSD	M15	4351.14						4346.30223552	4346.41129085	0
1786116600	XAUUSD	M15	4349.65						4346.05282592	4346.23205838	0
1786117500	XAUUSD	M15	4341.04						4345.18473249	4345.70839544	0
1786118400	XAUUSD	M15	4347.13						4343.80675633	4344.75757588	0
1786119300	XAUUSD	M15	4337.50						4341.75885880	4343.25821734	0
1786120200	XAUUSD	M15	4338.65						4339.49060643	4341.37441188	0
1786121100	XAUUSD	M15	4329.20						4337.26940040	4339.32190614	0
1786122000	XAUUSD	M15	4335.72						4335.63978254	4337.48084434	0
1786122900	XAUUSD	M15	4339.76						4334.61162602	4336.04623518	0
1786123800	XAUUSD	M15	4336.32						4334.18269568	4335.11446543	0
1786124700	XAUUSD	M15	4340.25						4334.49020987	4334.80233765	0
1786125600	XAUUSD	M15	4335.01						4335.36311535	4335.08272650	1
1786126500	XAUUSD	M15	4334.43						4336.81637744	4335.94955197	0
1786127400	XAUUSD	M15	4334.23						4338.67053152	4337.31004174	0
1786128300	XAUUSD	M15	4335.52						4340.66078564	4338.98541369	0
1786129200	XAUUSD	M15	4343.58						4342.46181688	4340.72361529	0
1786130100	XAUUSD	M15	4348.54						4343.66291938	4342.19326733	0
1786131000	XAUUSD	M15	4347.89						4344.07082676	4343.13204704	0
1786131900	XAUUSD	M15	4344.08						4343.80459717	4343.46832211	0
1786132800	XAUUSD	M15	4342.52						4343.19580915	4343.33206563	1
1786133700	XAUUSD	M15	4337.87						4342.43906068	4342.88556315	0
1786134600	XAUUSD	M15	4341.50						4341.89441237	4342.38998776	0
1786135500	XAUUSD	M15	4342.24						4341.68056698	4342.03527737	0
1786312800	XAUUSD	M15	4343.62				4350.37000		4341.83997887	4341.93762812	0
1786313700	XAUUSD	M15	4343.84						4342.28601649	4342.11182231	1
1786314600	XAUUSD	M15	4340.66						4342.90992138	4342.51087184	0
1786315500	XAUUSD	M15	4341.78						4343.63450220	4343.07268702	0
1786316400	XAUUSD	M15	4346.43						4344.14770120	4343.61019411	0
1786317300	XAUUSD	M15	4346.59						4344.05273778	4343.83146594	0
1786318200	XAUUSD	M15	4342.30						4343.13512225	4343.48329409	1
1786319100	XAUUSD	M15	4333.26						4341.38342020	4342.43335715	0
1786320000	XAUUSD	M15	4344.26						4339.02565001	4340.72950358	0
1786320900	XAUUSD	M15	4337.69						4335.86000641	4338.29475500	0
1786321800	XAUUSD	M15	4334.41						4332.29580164	4335.29527832	0
1786322700	XAUUSD	M15	4332.20						4328.70046248	4331.99787040	0
1786323600	XAUUSD	M15	4323.00						4325.45128811	4328.72457926	0
1786324500	XAUUSD	M15	4316.52						4323.04946054	4325.88701990	0
1786325400	XAUUSD	M15	4317.45					4313.29000	4321.78313377	4323.83507684	0
1786326300	XAUUSD	M15	4322.49						4321.52980221	4322.68243952	0
1786327200	XAUUSD	M15	4324.51						4321.93513535	4322.30878744	0
1786328100	XAUUSD	M15	4330.71						4322.69621787	4322.50250265	1
1786329000	XAUUSD	M15	4326.65						4323.43215209	4322.96732737	0
1786329900	XAUUSD	M15	4319.57						4324.15514513	4323.56123625	0
1786330800	XAUUSD	M15	4320.16						4325.04517228	4324.30320427	0
1786331700	XAUUSD	M15	4327.41						4326.14040809	4325.22180618	0
1786332600	XAUUSD	M15	4325.19						4327.30223473	4326.26202045	0
1786333500	XAUUSD	M15	4326.83						4328.63207780	4327.44704913	0
1786334400	XAUUSD	M15	4332.56						4330.11347425	4328.78026169	0
1786335300	XAUUSD	M15	4334.68						4331.64005442	4330.21015805	0
1786336200	XAUUSD	M15	4332.16						4333.24395831	4331.72705818	0
1786337100	XAUUSD	M15	4339.50						4335.09795572	4333.41250695	0
1786338000	XAUUSD	M15	4335.05						4337.11763885	4335.26507290	0
1786338900	XAUUSD	M15	4333.84						4339.48432921	4337.37470106	0
1786339800	XAUUSD	M15	4343.47						4342.24531482	4339.81000794	0
1786340700	XAUUSD	M15	4347.62						4345.09804318	4342.45402556	0
1786341600	XAUUSD	M15	4347.26						4347.86873104	4345.16137830	0
1786342500	XAUUSD	M15	4348.36						4350.50367275	4347.83252552	0
1786343400	XAUUSD	M15	4355.16						4352.89426069	4350.36339310	0
1786344300	XAUUSD	M15	4358.05						4354.71414492	4352.53876901	0
1786345200	XAUUSD	M15	4351.17						4355.78833044	4354.16354973	0
1786346100	XAUUSD	M15	4355.00						4356.29675612	4355.23015292	0
1786347000	XAUUSD	M15	4359.33						4356.20013331	4355.71514312	0
1786347900	XAUUSD	M15	4355.40				4361.96000		4355.42526290	4355.57020301	1
1786348800	XAUUSD	M15	4354.36						4354.17768653	4354.87394477	0
1786349700	XAUUSD	M15	4355.58						4352.59841953	4353.73618215	0
1786350600	XAUUSD	M15	4346.23						4350.75208233	4352.24413224	0
1786351500	XAUUSD	M15	4346.73						4348.99042662	4350.61727943	0
1786352400	XAUUSD	M15	4349.60						4347.35264687	4348.98496315	0
1786353300	XAUUSD	M15	4347.11						4345.75949020	4347.37222668	0
1786354200	XAUUSD	M15	4344.18						4344.19461630	4345.78342149	0
1786355100	XAUUSD	M15	4341.23						4342.65935923	4344.22139036	0
1786356000	XAUUSD	M15	4340.69						4341.15642738	4342.68890887	0
1786356900	XAUUSD	M15	4343.71						4339.68276761	4341.18583824	0
1786357800	XAUUSD	M15	4337.93						4338.18243745	4339.68413784	0
1786358700	XAUUSD	M15	4335.70						4336.83563332	4338.25988558	0
1786359600	XAUUSD	M15	4331.64						4335.70654676	4336.98321617	0
1786360500	XAUUSD	M15	4335.32						4334.86756611	4335.92539114	0
1786361400	XAUUSD	M15	4337.54						4334.16436345	4335.04487729	0
1786362300	XAUUSD	M15	4335.05						4333.44597564	4334.24542647	0
1786363200	XAUUSD	M15	4331.86						4332.70035829	4333.47289238	0
1786364100	XAUUSD	M15	4327.84						4331.99620636	4332.73454937	0
1786365000	XAUUSD	M15	4329.17						4331.43209371	4332.08332154	0
1786365900	XAUUSD	M15	4332.45						4331.02174764	4331.55253459	0
1786366800	XAUUSD	M15	4337.22						4330.77044787	4331.16149123	0
1786367700	XAUUSD	M15	4335.26						4330.69565101	4330.92857112	0
1786368600	XAUUSD	M15	4331.03						4331.06117488	4330.99487300	1
1786369500	XAUUSD	M15	4317.83					4316.61000	4332.21106396	4331.60296848	0
1786370400	XAUUSD	M15	4330.26						4334.63561340	4333.11929094	0
1786371300	XAUUSD	M15	4345.62						4337.96283125	4335.54106110	0
1786372200	XAUUSD	M15	4349.50						4341.61613856	4338.57859983	0
1786373100	XAUUSD	M15	4345.48						4345.30276321	4341.94068152	0
1786374000	XAUUSD	M15	4347.01						4348.91489443	4345.42778798	0
1786374900	XAUUSD	M15	4349.22						4352.18844959	4348.80811878	0
1786375800	XAUUSD	M15	4350.18						4354.88601770	4351.84706824	0
1786376700	XAUUSD	M15	4358.41						4356.86780734	4354.35743779	0
1786377600	XAUUSD	M15	4361.37						4357.89246753	4356.12495266	0
1786378500	XAUUSD	M15	4362.69						4358.04676503	4357.08585884	0
1786379400	XAUUSD	M15	4351.74						4357.60427354	4357.34506619	0
1786380300	XAUUSD	M15	4356.90						4357.23693817	4357.29100218	1
1786381200	XAUUSD	M15	4357.29						4357.21121411	4357.25110815	0
1786382100	XAUUSD	M15	4361.06						4357.88559429	4357.56835122	1
1786383000	XAUUSD	M15	4360.30						4359.40388576	4358.48611849	0
1786383900	XAUUSD	M15	4360.22						4361.92526406	4360.20569128	0
1786384800	XAUUSD	M15	4363.00						4365.45812103	4362.83190615	0
1786385700	XAUUSD	M15	4365.85						4369.80400493	4366.31795554	0
1786386600	XAUUSD	M15	4379.70						4374.61367892	4370.46581723	0
1786387500	XAUUSD	M15	4378.55						4379.17000712	4374.81791217	0
1786388400	XAUUSD	M15	4382.01						4383.17324230	4378.99557723	0
1786389300	XAUUSD	M15	4390.63						4386.34180868	4382.66869296	0
1786390200	XAUUSD	M15	4388.29						4388.41908468	4385.54388882	0
1786391100	XAUUSD	M15	4388.48						4389.61990483	4387.58189682	0
1786392000	XAUUSD	M15	4389.20						4390.20898653	4388.89544168	0
1786392900	XAUUSD	M15	4391.02						4390.48267857	4389.68906013	0
1786393800	XAUUSD	M15	4389.85						4390.67369798	4390.18137905	0
1786394700	XAUUSD	M15	4390.11						4391.03666785	4390.60902345	0
1786399200	XAUUSD	M15	4391.28						4391.71272745	4391.16087545	0
1786400100	XAUUSD	M15	4392.04						4392.73933715	4391.95010630	0
1786401000	XAUUSD	M15	4395.51						4394.08295538	4393.01653084	0
1786401900	XAUUSD	M15	4398.93						4395.56190276	4394.28921680	0
1786402800	XAUUSD	M15	4397.49						4397.03831930	4395.66376805	0
1786403700	XAUUSD	M15	4395.46						4398.59262044	4397.12819424	0
1786404600	XAUUSD	M15	4398.71						4400.41603944	4398.77211684	0
1786405500	XAUUSD	M15	4402.36						4402.59505089	4400.68358387	0
1786406400	XAUUSD	M15	4404.95						4405.18044102	4402.93201244	0
1786407300	XAUUSD	M15	4414.14						4408.18965375	4405.56083309	0
1786408200	XAUUSD	M15	4413.99						4411.34875116	4408.45479213	0
1786409100	XAUUSD	M15	4409.60						4414.54437743	4411.49958478	0
1786410000	XAUUSD	M15	4414.37						4417.71293688	4414.60626083	0
1786410900	XAUUSD	M15	4419.30						4420.51578875	4417.56102479	0
1786411800	XAUUSD	M15	4415.26						4422.59576519	4420.07839499	0
1786412700	XAUUSD	M15	4429.69						4423.88509838	4421.98174668	0
1786413600	XAUUSD	M15	4433.66						4423.95424949	4422.96799809	0
1786414500	XAUUSD	M15	4428.47				4435.37000		4422.85040292	4422.90920050	1
1786415400	XAUUSD	M15	4418.42						4421.04920749	4421.97920400	0
1786416300	XAUUSD	M15	4410.96						4419.23156351	4420.60538376	0
1786417200	XAUUSD	M15	4413.36						4417.91781557	4419.26159966	0
1786418100	XAUUSD	M15	4420.39						4417.14791444	4418.20475705	0
1786419000	XAUUSD	M15	4416.13						4416.61478391	4417.40977048	0
1786419900	XAUUSD	M15	4416.89						4416.09607996	4416.75292522	0
1786420800	XAUUSD	M15	4414.06						4415.11702540	4415.93497531	0
1786421700	XAUUSD	M15	4415.42						4413.26882226	4414.60189879	0
1786422600	XAUUSD	M15	4410.01						4410.08439393	4412.34314636	0
1786423500	XAUUSD	M15	4408.78						4405.42856870	4408.88585753	0
1786424400	XAUUSD	M15	4402.26						4399.31098131	4404.09841942	0
1786425300	XAUUSD	M15	4392.53						4392.10590260	4398.10216101	0
1786426200	XAUUSD	M15	4377.02						4384.48799605	4391.29507853	0
1786427100	XAUUSD	M15	4375.10						4377.34062045	4384.31784949	0
1786428000	XAUUSD	M15	4372.83						4371.12539789	4377.72162369	0
1786428900	XAUUSD	M15	4363.56						4366.17791550	4371.94976960	0
1786429800	XAUUSD	M15	4363.65						4362.86722996	4367.40849978	0
1786430700	XAUUSD	M15	4366.24						4361.11784867	4364.26317423	0
1786431600	XAUUSD	M15	4363.45						4360.63394159	4362.44855791	0
1786432500	XAUUSD	M15	4363.01						4361.15081265	4361.79968528	0
1786433400	XAUUSD	M15	4358.42						4362.34514118	4362.07241323	1
1786434300	XAUUSD	M15	4357.44					4356.70000	4364.03513027	4363.05377175	0
1786435200	XAUUSD	M15	4365.20						4365.97868079	4364.51622627	0
1786436100	XAUUSD	M15	4369.18						4367.78911955	4366.15267291	0
1786437000	XAUUSD	M15	4374.74						4369.25042042	4367.70154666	0
1786437900	XAUUSD	M15	4369.11						4370.23375337	4368.96765002	0
1786438800	XAUUSD	M15	4372.49						4371.00210745	4369.98487873	0
1786439700	XAUUSD	M15	4371.95						4371.66777425	4370.82632649	0
1786440600	XAUUSD	M15	4370.58						4372.43580458	4371.63106553	0
1786441500	XAUUSD	M15	4372.39						4373.53114990	4372.58110772	0
1786442400	XAUUSD	M15	4373.29						4375.05361734	4373.81736253	0
1786443300	XAUUSD	M15	4378.26						4377.07045382	4375.44390817	0
1786444200	XAUUSD	M15	4377.65						4379.46240529	4377.45315673	0
1786445100	XAUUSD	M15	4382.43						4382.16232233	4379.80773953	0
1786446000	XAUUSD	M15	4391.43						4384.89994111	4382.35384032	0
1786446900	XAUUSD	M15	4387.33						4387.30564204	4384.82974118	0
1786447800	XAUUSD	M15	4385.81						4389.42858893	4387.12916506	0
1786448700	XAUUSD	M15	4387.69						4391.31956797	4389.22436651	0
1786449600	XAUUSD	M15	4396.77						4392.91907974	4391.07172312	0
1786450500	XAUUSD	M15	4391.22						4394.01584313	4392.54378313	0
1786451400	XAUUSD	M15	4398.44						4394.77702727	4393.66040520	0
1786452300	XAUUSD	M15	4392.39						4395.05082969	4394.35561745	0
1786453200	XAUUSD	M15	4393.93						4395.03963441	4394.69762593	0
1786454100	XAUUSD	M15	4397.87						4394.74529541	4394.72146067	0
1786455000	XAUUSD	M15	4399.73						4394.06015667	4394.39080867	1
1786455900	XAUUSD	M15	4389.20				4404.20000		4392.93859780	4393.66470324	0
1786456800	XAUUSD	M15	4386.91						4391.71570420	4392.69020372	0
1786457700	XAUUSD	M15	4384.03						4390.49988867	4391.59504620	0
1786458600	XAUUSD	M15	4393.37						4389.39831465	4390.49668042	0
1786459500	XAUUSD	M15	4394.18						4388.18080792	4389.33874417	0
1786460400	XAUUSD	M15	4392.28						4386.84781050	4388.09327733	0
1786461300	XAUUSD	M15	4386.84						4385.53736789	4386.81532261	0
1786462200	XAUUSD	M15	4375.92						4384.45816710	4385.63674485	0
1786463100	XAUUSD	M15	4383.75						4383.87254803	4384.75464644	0
1786464000	XAUUSD	M15	4379.44						4383.45626676	4384.10545660	0
1786464900	XAUUSD	M15	4383.01						4383.11435923	4383.60990792	0
1786465800	XAUUSD	M15	4384.71						4382.52814420	4383.06902606	0
1786466700	XAUUSD	M15	4383.36						4381.41194482	4382.24048544	0
1786467600	XAUUSD	M15	4381.17						4379.67623988	4380.95836266	0
1786468500	XAUUSD	M15	4381.23						4377.37911407	4379.16873836	0
1786469400	XAUUSD	M15	4376.28						4374.64145285	4376.90509561	0
1786470300	XAUUSD	M15	4369.14						4371.81345113	4374.35927337	0
1786471200	XAUUSD	M15	4363.85					4360.34000	4369.34393760	4371.85160548	0
1786472100	XAUUSD	M15	4361.36						4367.58784364	4369.71972456	0
1786473000	XAUUSD	M15	4371.12						4366.69683166	4368.20827811	0
1786473900	XAUUSD	M15	4371.57						4366.38541836	4367.29684824	0
1786474800	XAUUSD	M15	4363.78						4366.56968317	4366.93326571	0
1786475700	XAUUSD	M15	4370.30						4367.33344051	4367.13335311	1
1786476600	XAUUSD	M15	4367.54						4368.31861713	4367.72598512	0
1786477500	XAUUSD	M15	4370.74						4369.40203699	4368.56401105	0
1786478400	XAUUSD	M15	4370.30						4370.34768921	4369.45585013	0
1786479300	XAUUSD	M15	4370.17						4371.04903575	4370.25244294	0
1786480200	XAUUSD	M15	4367.46						4371.48023588	4370.86633941	0
1786481100	XAUUSD	M15	4368.05						4371.72315350	4371.29474646	0
1786485600	XAUUSD	M15	4374.04						4371.80941197	4371.55207921	0
1786486500	XAUUSD	M15	4376.64						4371.64221329	4371.59714625	0
1786487400	XAUUSD	M15	4376.32						4371.26704403	4371.43209514	1
1786488300	XAUUSD	M15	4368.74						4370.85241832	4371.14225673	0
1786489200	XAUUSD	M15	4366.43						4370.76398616	4370.95312145	0
1786490100	XAUUSD	M15	4372.74						4371.17368752	4371.06340448	1
1786491000	XAUUSD	M15	4367.86						4371.99575676	4371.52958062	0
1786491900	XAUUSD	M15	4371.53						4373.44515071	4372.48736567	0
1786492800	XAUUSD	M15	4378.64						4375.48263755	4373.98500161	0
1786493700	XAUUSD	M15	4380.56						4377.95560304	4375.97030232	0
1786494600	XAUUSD	M15	4382.87						4380.81634811	4378.39332522	0
1786495500	XAUUSD	M15	4380.73						4384.01584606	4381.20458564	0
1786496400	XAUUSD	M15	4390.21						4387.58718688	4384.39588626	0
1786497300	XAUUSD	M15	4390.29						4391.21766785	4387.80677705	0
1786498200	XAUUSD	M15	4393.04						4394.83008724	4391.31843215	0
1786499100	XAUUSD	M15	4396.27						4398.23624298	4394.77733756	0
1786500000	XAUUSD	M15	4401.77						4401.25566729	4398.01650242	0
1786500900	XAUUSD	M15	4402.07						4403.67926668	4400.84788455	0
1786501800	XAUUSD	M15	4405.48						4405.47687664	4403.16238060	0
1786502700	XAUUSD	M15	4411.29						4406.56784075	4404.86511067	0
1786503600	XAUUSD	M15	4410.68				4415.89000		4406.83592507	4405.85051787	0
1786504500	XAUUSD	M15	4407.38						4406.36291909	4406.10671848	0
1786505400	XAUUSD	M15	4401.34						4405.33438702	4405.72055275	1
1786506300	XAUUSD	M15	4402.25						4404.01964782	4404.87010029	0
1786507200	XAUUSD	M15	4397.49						4402.41888508	4403.64449268	0
1786508100	XAUUSD	M15	4398.97						4400.68449542	4402.16449405	0
1786509000	XAUUSD	M15	4400.13						4398.78554736	4400.47502071	0
1786509900	XAUUSD	M15	4401.09						4396.74335771	4398.60918921	0
1786510800	XAUUSD	M15	4401.17						4394.62474909	4396.61696915	0
1786511700	XAUUSD	M15	4392.63						4392.64218588	4394.62957751	0
1786512600	XAUUSD	M15	4388.23						4391.27859530	4392.95408641	0
1786513500	XAUUSD	M15	4391.27					4383.95000	4390.89795454	4391.92602047	0
1786514400	XAUUSD	M15	4387.02						4391.52137085	4391.72369566	0
1786515300	XAUUSD	M15	4389.84						4393.20464356	4392.46416961	1
1786516200	XAUUSD	M15	4394.22						4395.65292398	4394.05854680	0
1786517100	XAUUSD	M15	4403.44						4398.43763025	4396.24808852	0
1786518000	XAUUSD	M15	4401.53						4400.99419242	4398.62114047	0
1786518900	XAUUSD	M15	4402.47						4403.17801620	4400.89957834	0
1786519800	XAUUSD	M15	4407.94						4404.87601619	4402.88779727	0
1786520700	XAUUSD	M15	4406.34						4405.97486792	4404.43133259	0
1786521600	XAUUSD	M15	4408.63						4406.70924378	4405.57028818	0
1786522500	XAUUSD	M15	4406.98						4407.28622818	4406.42825818	0
1786523400	XAUUSD	M15	4406.14						4408.01576972	4407.22201395	0
1786524300	XAUUSD	M15	4401.78						4409.08772336	4408.15486866	0
1786525200	XAUUSD	M15	4412.92						4410.66495296	4409.40991081	0
1786526100	XAUUSD	M15	4413.15						4412.35891247	4410.88441164	0
1786527000	XAUUSD	M15	4413.77						4413.95246049	4412.41843606	0
1786527900	XAUUSD	M15	4415.86						4415.16699164	4413.79271385	0
1786528800	XAUUSD	M15	4417.80						4415.75224349	4414.77247867	0
1786529700	XAUUSD	M15	4419.61						4415.60721708	4415.18984788	0
1786530600	XAUUSD	M15	4414.71						4414.80277558	4414.99631173	1
1786531500	XAUUSD	M15	4412.87						4413.75223178	4414.37427175	0
1786532400	XAUUSD	M15	4408.28						4412.89728306	4413.63577741	0
1786533300	XAUUSD	M15	4414.88						4412.74028782	4413.18803261	0
1786534200	XAUUSD	M15	4413.16						4413.36509198	4413.27656229	1
1786535100	XAUUSD	M15	4412.63						4414.90047571	4414.08851900	0
1786536000	XAUUSD	M15	4408.75						4417.23822357	4415.66337129	0
1786536900	XAUUSD	M15	4424.69						4420.17589007	4417.91963068	0
1786537800	XAUUSD	M15	4428.52					4382.86000	4422.87559569	4420.39761318	0
1786538700	XAUUSD	M15	4437.27						4424.88377399	4422.64069359	0
1786539600	XAUUSD	M15	4422.03				4441.22000		4425.81379230	4424.22724294	0
1786540500	XAUUSD	M15	4418.47						4426.12901956	4425.17813125	0
1786541400	XAUUSD	M15	4416.41						4426.11599784	4425.64706455	0
1786542300	XAUUSD	M15	4427.61						4426.08377139	4425.86541797	0
1786543200	XAUUSD	M15	4431.74						4425.93233557	4425.89887677	0
1786544100	XAUUSD	M15	4431.47						4425.67173830	4425.78530753	1
1786545000	XAUUSD	M15	4424.95						4425.34623965	4425.56577359	0
1786545900	XAUUSD	M15	4421.95						4425.09549805	4425.33063582	0
1786546800	XAUUSD	M15	4426.70						4424.85274394	4425.09168988	0
1786547700	XAUUSD	M15	4421.52						4424.25229950	4424.67199469	0
1786548600	XAUUSD	M15	4418.15						4423.16897103	4423.92048286	0
1786549500	XAUUSD	M15	4421.06						4421.46501248	4422.69274767	0
1786550400	XAUUSD	M15	4423.36						4418.94032681	4420.81653724	0
1786551300	XAUUSD	M15	4423.32						4415.58206020	4418.19929872	0
1786552200	XAUUSD	M15	4410.94						4411.68769357	4414.94349615	0
1786553100	XAUUSD	M15	4401.66						4407.96757894	4411.45553755	0
1786554000	XAUUSD	M15	4403.59						4405.10361399	4408.27957577	0
1786554900	XAUUSD	M15	4406.47						4403.35142668	4405.81550122	0
1786555800	XAUUSD	M15	4402.05						4402.79528341	4404.30539232	0
1786556700	XAUUSD	M15	4399.51						4403.51385665	4403.90962448	0
1786557600	XAUUSD	M15	4405.79					4396.36000	4405.37776658	4404.64369553	1
1786558500	XAUUSD	M15	4408.65						4407.88579156	4406.26474355	0
1786559400	XAUUSD	M15	4413.54						4410.57482939	4408.41978647	0
1786560300	XAUUSD	M15	4413.10						4412.94450682	4410.68214664	0
1786561200	XAUUSD	M15	4416.45						4414.68326940	4412.68270802	0
1786562100	XAUUSD	M15	4416.66						4415.51223849	4414.09747326	0
1786563000	XAUUSD	M15	4413.25						4415.35081270	4414.72414298	0
1786563900	XAUUSD	M15	4413.93						4414.31551288	4414.51982793	1
1786564800	XAUUSD	M15	4409.01						4412.43229435	4413.47606114	0
1786565700	XAUUSD	M15	4407.93						4409.97924406	4411.72765260	0
1786566600	XAUUSD	M15	4408.02						4407.19114570	4409.45939915	0
1786567500	XAUUSD	M15	4408.49						4404.38884271	4406.92412093	0
1786572000	XAUUSD	M15	4403.29						4401.94238878	4404.43325486	0
1786572900	XAUUSD	M15	4399.44						4400.42052220	4402.42688853	0
1786573800	XAUUSD	M15	4400.04						4400.23267105	4401.32977979	0
1786574700	XAUUSD	M15	4402.24						4401.54243845	4401.43610912	1
1786575600	XAUUSD	M15	4405.70						4404.29341397	4402.86476155	0
1786576500	XAUUSD	M15	4408.41						4408.23680858	4405.55078506	0
1786577400	XAUUSD	M15	4408.52						4412.96623685	4409.25851096	0
1786578300	XAUUSD	M15	4414.40						4418.02470806	4413.64160951	0
1786579200	XAUUSD	M15	4419.12						4422.74028294	4418.19094623	0
1786580100	XAUUSD	M15	4428.38						4426.46854759	4422.32974691	0
1786581000	XAUUSD	M15	4439.70				4449.65000		4428.55684182	4425.44329436	0
1786581900	XAUUSD	M15	4428.16						4428.50543426	4426.97436431	0
1786582800	XAUUSD	M15	4430.30						4426.68538794	4426.82987613	1
1786583700	XAUUSD	M15	4419.34						4423.39111571	4425.11049592	0
1786584600	XAUUSD	M15	4419.41						4419.41218568	4422.26134080	0
1786585500	XAUUSD	M15	4408.47						4415.25612772	4418.75873426	0
1786586400	XAUUSD	M15	4410.58						4411.62972666	4415.19423046	0
1786587300	XAUUSD	M15	4406.39						4408.74451554	4411.96937300	0
1786588200	XAUUSD	M15	4410.24						4406.76914514	4409.36925907	0
1786589100	XAUUSD	M15	4407.24						4405.48150422	4407.42538165	0
1786590000	XAUUSD	M15	4407.02						4404.71885686	4406.07211925	0
1786590900	XAUUSD	M15	4409.25						4404.20666810	4405.13939368	0
1786591800	XAUUSD	M15	4405.84						4403.64171337	4404.39055352	0
1786592700	XAUUSD	M15	4400.36						4402.92775127	4403.65915240	0
1786593600	XAUUSD	M15	4394.62						4402.10148393	4402.88031816	0
1786594500	XAUUSD	M15	4398.10						4401.21654068	4402.04842942	0
1786595400	XAUUSD	M15	4395.85						4400.03881550	4401.04362246	0
1786596300	XAUUSD	M15	4397.90						4398.48831729	4399.76596988	0
1786597200	XAUUSD	M15	4404.53						4396.38250530	4398.07423759	0
1786598100	XAUUSD	M15	4406.26						4393.48551867	4395.77987813	0
1786599000	XAUUSD	M15	4387.70						4389.81074834	4392.79531323	0
1786599900	XAUUSD	M15	4383.12						4386.07661178	4389.43596251	0
1786600800	XAUUSD	M15	4375.96						4382.64844665	4386.04220458	0
1786601700	XAUUSD	M15	4375.87						4379.86377214	4382.95298836	0
1786602600	XAUUSD	M15	4374.23						4377.74323317	4380.34811077	0
1786603500	XAUUSD	M15	4380.98						4376.22195711	4378.28503394	0
1786604400	XAUUSD	M15	4376.95						4374.96246621	4376.62375008	0
1786605300	XAUUSD	M15	4376.51						4373.91803380	4375.27089194	0
1786606200	XAUUSD	M15	4378.46						4373.03959942	4374.15524568	0
1786607100	XAUUSD	M15	4370.01						4372.33433612	4373.24479090	0
1786608000	XAUUSD	M15	4366.14					4364.16000	4372.11206867	4372.67842978	0
1786608900	XAUUSD	M15	4372.52						4372.53602566	4372.60722772	0
1786609800	XAUUSD	M15	4373.63						4373.50597661	4373.05660216	1
1786610700	XAUUSD	M15	4375.86						4374.99043583	4374.02351900	0
1786611600	XAUUSD	M15	4377.04						4376.86616124	4375.44484012	0
1786612500	XAUUSD	M15	4380.03						4378.99065217	4377.21774614	0
1786613400	XAUUSD	M15	4379.93						4381.18171246	4379.19972930	0
1786614300	XAUUSD	M15	4384.45						4383.31785110	4381.25879020	0
1786615200	XAUUSD	M15	4381.50						4385.21274417	4383.23576718	0
1786616100	XAUUSD	M15	4387.10						4386.89246327	4385.06411523	0
1786617000	XAUUSD	M15	4390.55						4388.20219895	4386.63315709	0
1786617900	XAUUSD	M15	4392.15						4389.08096738	4387.85706224	0
1786618800	XAUUSD	M15	4394.31						4389.59706829	4388.72706526	0
1786619700	XAUUSD	M15	4387.97						4389.85213657	4389.28960092	0
1786620600	XAUUSD	M15	4384.21						4390.17364087	4389.73162089	0
1786621500	XAUUSD	M15	4387.75						4390.74519108	4390.23840598	0
1786622400	XAUUSD	M15	4389.06						4391.36901215	4390.80370907	0
1786623300	XAUUSD	M15	4390.91						4391.80247073	4391.30308990	0
1786624200	XAUUSD	M15	4392.17						4391.72383814	4391.51346402	0
1786625100	XAUUSD	M15	4401.82						4390.84684261	4391.18015331	1
1786626000	XAUUSD	M15	4393.74				4401.94000		4388.79876014	4389.98945672	0
1786626900	XAUUSD	M15	4385.17						4385.91682776	4387.95314224	0
1786627800	XAUUSD	M15	4379.63						4382.67062218	4385.31188221	0
1786628700	XAUUSD	M15	4372.77						4379.49237857	4382.40213039	0
1786629600	XAUUSD	M15	4371.01						4376.77142347	4379.58677693	0
1786630500	XAUUSD	M15	4367.77						4374.62892824	4377.10785258	0
1786631400	XAUUSD	M15	4381.06						4373.06761818	4375.08773538	0
1786632300	XAUUSD	M15	4383.59						4371.54946669	4373.31860104	0
1786633200	XAUUSD	M15	4369.74						4369.84233394	4371.58046749	0
1786634100	XAUUSD	M15	4365.36						4368.24010890	4369.91028819	0
1786635000	XAUUSD	M15	4368.44						4366.87103653	4368.39066236	0
1786635900	XAUUSD	M15	4365.04						4365.68319064	4367.03692650	0
1786636800	XAUUSD	M15	4355.28						4364.78735459	4365.91214054	0
1786637700	XAUUSD	M15	4362.82						4364.40120716	4365.15667385	0
1786638600	XAUUSD	M15	4365.71						4364.20998808	4364.68333097	0
1786639500	XAUUSD	M15	4367.07						4364.01486915	4364.34910006	0
1786640400	XAUUSD	M15	4371.51						4363.62797383	4363.98853694	0
1786641300	XAUUSD	M15	4363.08						4362.81957212	4363.40405453	0
1786642200	XAUUSD	M15	4357.19						4361.75756325	4362.58080889	0
1786643100	XAUUSD	M15	4355.93						4360.59915281	4361.58998085	0
1786644000	XAUUSD	M15	4362.04						4359.34834978	4360.46916532	0
1786644900	XAUUSD	M15	4357.58						4357.80744676	4359.13830604	0
1786645800	XAUUSD	M15	4357.97						4356.12281185	4357.63055894	0
1786646700	XAUUSD	M15	4356.90						4354.33317074	4355.98186484	0
1786647600	XAUUSD	M15	4347.06						4352.57139386	4354.27662935	0
1786648500	XAUUSD	M15	4351.40						4351.22385702	4352.75024319	0
1786649400	XAUUSD	M15	4351.36						4350.26427107	4351.50725713	0
1786650300	XAUUSD	M15	4350.35						4349.74198112	4350.62461912	0
1786651200	XAUUSD	M15	4350.26						4349.71124122	4350.16793017	0
1786652100	XAUUSD	M15	4351.70						4350.18058585	4350.17425801	1
1786653000	XAUUSD	M15	4349.57						4351.07854602	4350.62640201	0
1786653900	XAUUSD	M15	4351.07						4352.46054070	4351.54347136	0
1786658400	XAUUSD	M15	4354.08						4354.24085933	4352.89216534	0
1786659300	XAUUSD	M15	4357.24						4356.22069574	4354.55643054	0
1786660200	XAUUSD	M15	4360.37						4358.10587415	4356.33115235	0
1786661100	XAUUSD	M15	4354.84						4359.57697828	4357.95406532	0
1786662000	XAUUSD	M15	4360.64						4360.50313815	4359.22860173	0
1786662900	XAUUSD	M15	4362.92						4360.37859245	4359.80359709	0
1786663800	XAUUSD	M15	4360.24						4358.85243269	4359.32801489	1
1786664700	XAUUSD	M15	4356.74				4364.17000		4355.86163283	4357.59482386	0
1786665600	XAUUSD	M15	4352.21						4351.48220535	4354.53851461	0
1786666500	XAUUSD	M15	4339.36						4345.94413793	4350.24132627	0
1786667400	XAUUSD	M15	4340.16						4339.84837984	4345.04485305	0
1786668300	XAUUSD	M15	4341.22						4333.52928552	4339.28706929	0
1786669200	XAUUSD	M15	4323.79						4327.33424145	4333.31065537	0
1786670100	XAUUSD	M15	4319.55						4322.09714888	4327.70390213	0
1786671000	XAUUSD	M15	4319.66						4318.19768765	4322.95079489	0
1786671900	XAUUSD	M15	4318.21						4315.74860531	4319.34970010	0
1786672800	XAUUSD	M15	4312.43					4311.05000	4314.77942429	4317.06456220	0
1786673700	XAUUSD	M15	4312.92						4315.27718216	4316.17087218	0
1786674600	XAUUSD	M15	4321.26						4316.90249353	4316.53668286	1
1786675500	XAUUSD	M15	4315.78						4319.01551398	4317.77609842	0
1786676400	XAUUSD	M15	4320.15						4321.35051003	4319.56330422	0
1786677300	XAUUSD	M15	4325.74						4323.41532760	4321.48931591	0
1786678200	XAUUSD	M15	4325.66						4324.80595009	4323.14763300	0
1786679100	XAUUSD	M15	4323.67						4325.43924656	4324.29343978	0
1786680000	XAUUSD	M15	4326.15						4325.41190352	4324.85267165	0
1786680900	XAUUSD	M15	4325.29						4324.84494474	4324.84880819	1
1786681800	XAUUSD	M15	4325.35						4324.04486625	4324.44683722	0
1786682700	XAUUSD	M15	4327.03						4323.33536849	4323.89110286	0
1786683600	XAUUSD	M15	4320.23						4322.95288192	4323.42199239	0
1786684500	XAUUSD	M15	4318.46						4323.30191032	4323.36195135	0
1786685400	XAUUSD	M15	4317.74						4324.47803042	4323.91999089	1
1786686300	XAUUSD	M15	4333.73						4326.37677619	4325.14838354	0
1786687200	XAUUSD	M15	4332.38						4328.34329633	4326.74583993	0
1786688100	XAUUSD	M15	4329.33						4330.21560928	4328.48072460	0
1786689000	XAUUSD	M15	4333.00						4332.02387392	4330.25229926	0
1786689900	XAUUSD	M15	4335.57						4333.66865917	4331.96047922	0
1786690800	XAUUSD	M15	4331.25						4335.19117842	4333.57582882	0
1786691700	XAUUSD	M15	4331.97						4336.88745154	4335.23164018	0
1786692600	XAUUSD	M15	4339.59						4338.89452201	4337.06308110	0
1786693500	XAUUSD	M15	4343.74						4341.07453511	4339.06880810	0
1786694400	XAUUSD	M15	4347.84						4343.36250409	4341.21565610	0
1786695300	XAUUSD	M15	4345.75						4345.58865038	4343.40215324	0
1786696200	XAUUSD	M15	4343.85						4347.70950659	4345.55582992	0
1786697100	XAUUSD	M15	4348.54						4349.69441572	4347.62512282	0
1786698000	XAUUSD	M15	4350.79						4351.30276954	4349.46394618	0
1786698900	XAUUSD	M15	4351.71						4352.37947265	4350.92170941	0
1786699800	XAUUSD	M15	4353.36						4352.88454983	4351.90312962	0
1786700700	XAUUSD	M15	4357.21						4352.88672642	4352.39492802	0
1786701600	XAUUSD	M15	4354.46						4352.50354019	4352.44923411	0
1786702500	XAUUSD	M15	4351.45						4352.11144698	4352.28034054	1
1786703400	XAUUSD	M15	4351.97						4352.15845559	4352.21939807	0
1786704300	XAUUSD	M15	4349.38						4352.94699430	4352.58319618	1
1786705200	XAUUSD	M15	4350.61						4354.74658163	4353.66488890	0
1786706100	XAUUSD	M15	4356.67						4357.59118194	4355.62803542	0
1786707000	XAUUSD	M15	4362.56						4361.23262882	4358.43033212	0
1786707900	XAUUSD	M15	4369.15						4365.29754173	4361.86393692	0
1786708800	XAUUSD	M15	4371.73						4369.37202367	4365.61798030	0
1786709700	XAUUSD	M15	4379.83						4373.19390470	4369.40594250	0
1786710600	XAUUSD	M15	4372.70						4376.43818442	4372.92206346	0
1786711500	XAUUSD	M15	4373.61						4379.30656310	4376.11431328	0
1786712400	XAUUSD	M15	4375.12						4381.82473549	4378.96952439	0
1786713300	XAUUSD	M15	4384.47						4384.00580339	4381.48766389	0
1786714200	XAUUSD	M15	4393.85				4396.94000		4385.62093321	4383.55429855	0
1786715100	XAUUSD	M15	4384.45						4386.51310496	4385.03370175	0
1786716000	XAUUSD	M15	4390.49						4387.08455745	4386.05912960	0
1786716900	XAUUSD	M15	4390.68						4387.33319771	4386.69616366	0
1786717800	XAUUSD	M15	4384.41						4387.40776176	4387.05196271	0
1786718700	XAUUSD	M15	4381.24						4387.63410165	4387.34303218	0
1786719600	XAUUSD	M15	4392.22						4388.14967741	4387.74635479	0
1786720500	XAUUSD	M15	4384.73						4388.58987085	4388.16811282	0
1786721400	XAUUSD	M15	4389.55						4388.99636540	4388.58223911	0
1786722300	XAUUSD	M15	4391.69						4389.05404645	4388.81814278	0
1786723200	XAUUSD	M15	4389.73						4388.57000726	4388.69407502	1
1786724100	XAUUSD	M15	4387.55						4387.56375027	4388.12891264	0
1786725000	XAUUSD	M15	4385.82						4386.14386405	4387.13638835	0
1786725900	XAUUSD	M15	4385.86						4384.46813286	4385.80226061	0
1786726800	XAUUSD	M15	4382.44						4382.69209902	4384.24717981	0
1786727700	XAUUSD	M15	4379.54						4381.04144635	4382.64431308	0
1786728600	XAUUSD	M15	4377.80						4379.66677188	4381.15554248	0
1786729500	XAUUSD	M15	4378.52						4378.60424155	4379.87989202	0
1786730400	XAUUSD	M15	4377.30						4377.75859064	4378.81924133	0
1786731300	XAUUSD	M15	4379.45						4377.06106322	4377.94015227	0
1786732200	XAUUSD	M15	4376.53						4376.37728829	4377.15872028	0
1786733100	XAUUSD	M15	4373.56						4375.75954337	4376.45913183	0
1786734000	XAUUSD	M15	4376.01						4375.29338623	4375.87625903	0
1786734900	XAUUSD	M15	4377.31						4374.95712968	4375.41669435	0
1786735800	XAUUSD	M15	4375.68						4374.77653573	4375.09661504	0
1786736700	XAUUSD	M15	4376.20						4374.85571395	4374.97616450	0
1786737600	XAUUSD	M15	4372.83						4375.19720636	4375.08668543	1
1786738500	XAUUSD	M15	4374.77						4375.83372887	4375.46020715	0
1786739400	XAUUSD	M15	4375.57						4376.57401585	4376.01711150	0
1786740300	XAUUSD	M15	4375.65						4377.18980104	4376.60345627	0
1786917600	XAUUSD	M15	4375.77						4377.43949971	4377.02147799	0
1786918500	XAUUSD	M15	4374.77						4377.20368160	4377.11257979	0
1786919400	XAUUSD	M15	4377.95						4376.58086917	4376.84672448	1
1786920300	XAUUSD	M15	4385.99						4375.70751077	4376.27711763	0
1786921200	XAUUSD	M15	4379.63						4374.78263746	4375.52987755	0
1786922100	XAUUSD	M15	4374.77						4374.52604260	4375.02796007	0
1786923000	XAUUSD	M15	4368.54					4367.24000	4375.56574302	4375.29685155	1
1786923900	XAUUSD	M15	4370.26						4378.35505853	4376.82595504	0
1786924800	XAUUSD	M15	4378.91						4382.80855835	4379.81725669	0
1786925700	XAUUSD	M15	4389.73						4388.29500948	4384.05613309	0
1786926600	XAUUSD	M15	4395.89						4393.90077997	4388.97845653	0
1786927500	XAUUSD	M15	4400.87						4398.76865627	4393.87355640	0
1786928400	XAUUSD	M15	4409.21						4402.17983208	4398.02669424	0
1786929300	XAUUSD	M15	4407.05				4416.41000		4403.59427727	4400.81048575	0
1786930200	XAUUSD	M15	4403.49						4403.08550528	4401.94799552	0
1786931100	XAUUSD	M15	4395.54						4401.09444233	4401.52121892	1
1786932000	XAUUSD	M15	4394.33						4398.40775190	4399.96448541	0
1786932900	XAUUSD	M15	4395.50						4395.68795279	4397.82621910	0
1786933800	XAUUSD	M15	4392.86						4393.43214439	4395.62918175	0
1786934700	XAUUSD	M15	4393.10						4392.05364184	4393.84141179	0
1786935600	XAUUSD	M15	4390.28						4391.62776166	4392.73458672	0
1786936500	XAUUSD	M15	4392.88						4392.11687237	4392.42572955	0
1786937400	XAUUSD	M15	4395.17						4393.14120378	4392.78346666	1
1786938300	XAUUSD	M15	4396.95						4394.23805027	4393.51075847	0
1786939200	XAUUSD	M15	4398.19						4394.99945999	4394.25510923	0
1786940100	XAUUSD	M15	4391.12						4395.19874294	4394.72692609	0
1786941000	XAUUSD	M15	4395.67						4395.00339695	4394.86516152	0
1786941900	XAUUSD	M15	4390.87						4394.44247360	4394.65381756	1
1786942800	XAUUSD	M15	4387.89						4393.89920837	4394.27651296	0
1786943700	XAUUSD	M15	4399.31					4386.84000	4393.72458581	4394.00054939	0
1786944600	XAUUSD	M15	4395.76						4393.81980171	4393.91017555	0
1786945500	XAUUSD	M15	4394.75						4394.42492152	4394.16754853	1
1786946400	XAUUSD	M15	4396.95						4395.62434928	4394.89594891	0
1786947300	XAUUSD	M15	4398.54						4397.29390818	4396.09492855	0
1786948200	XAUUSD	M15	4396.19						4399.17990307	4397.63741581	0
1786949100	XAUUSD	M15	4403.07						4401.15043772	4399.39392677	0
1786950000	XAUUSD	M15	4396.45						4402.80950588	4401.10171632	0
1786950900	XAUUSD	M15	4404.98						4404.14764575	4402.62468103	0
1786951800	XAUUSD	M15	4409.33				4411.36000		4404.76905145	4403.69686624	0
1786952700	XAUUSD	M15	4405.29						4404.44711096	4404.07198860	0
1786953600	XAUUSD	M15	4402.88						4403.29622295	4403.68410578	1
1786954500	XAUUSD	M15	4402.14						4401.54014798	4402.61212688	0
1786955400	XAUUSD	M15	4396.37						4399.43697849	4401.02455269	0
1786956300	XAUUSD	M15	4395.12						4397.45059064	4399.23757166	0
1786957200	XAUUSD	M15	4399.00						4395.94344707	4397.59050937	0
1786958100	XAUUSD	M15	4396.84						4395.08155605	4396.33603271	0
1786959000	XAUUSD	M15	4394.20						4395.08953942	4395.71278607	0
1786959900	XAUUSD	M15	4395.48						4396.03853848	4395.87566227	1
1786960800	XAUUSD	M15	4395.90						4397.70538466	4396.79052347	0
1786961700	XAUUSD	M15	4405.42						4399.70990244	4398.25021296	0
1786962600	XAUUSD	M15	4398.28						4401.33351322	4399.79186309	0
1786963500	XAUUSD	M15	4398.96						4402.29930763	4401.04558536	0
1786964400	XAUUSD	M15	4399.79						4402.21035012	4401.62796774	0
1786965300	XAUUSD	M15	4403.51						4400.82045088	4401.22420931	1
1786966200	XAUUSD	M15	4399.50						4398.03373259	4399.62897095	0
1786967100	XAUUSD	M15	4396.80						4394.25497861	4396.94197478	0
1786968000	XAUUSD	M15	4393.88						4390.11395951	4393.52796714	0
1786968900	XAUUSD	M15	4385.61						4386.38017839	4389.95407277	0
1786969800	XAUUSD	M15	4378.34						4383.99599742	4386.97503509	0
1786970700	XAUUSD	M15	4384.92					4377.30000	4383.70692255	4385.34097882	0
1786971600	XAUUSD	M15	4386.28						4385.55850127	4385.44974004	1
1786972500	XAUUSD	M15	4386.17						4389.42630188	4387.43802096	0
1786973400	XAUUSD	M15	4386.07						4394.93250611	4391.18526354	0
1786974300	XAUUSD	M15	4408.59						4401.48800296	4396.33663325	0
1786975200	XAUUSD	M15	4412.20						4407.85065581	4402.09364453	0
1786976100	XAUUSD	M15	4418.20						4413.40000141	4407.74682297	0
1786977000	XAUUSD	M15	4417.32						4417.69563238	4412.72122768	0
1786977900	XAUUSD	M15	4417.35						4420.76740641	4416.74431704	0
1786978800	XAUUSD	M15	4421.25						4422.80080326	4419.77256015	0
1786979700	XAUUSD	M15	4425.58						4424.00921824	4421.89088920	0
1786980600	XAUUSD	M15	4419.26						4424.62462287	4423.25775603	0
1786981500	XAUUSD	M15	4427.62						4425.08457673	4424.17116638	0
1786982400	XAUUSD	M15	4426.00				4428.83000		4425.25305978	4424.71211308	0
1786983300	XAUUSD	M15	4424.79						4425.13511552	4424.92361430	0
1786984200	XAUUSD	M15	4424.66						4424.59767761	4424.76064595	1
1786985100	XAUUSD	M15	4424.21						4423.45133173	4424.10598884	0
1786986000	XAUUSD	M15	4422.90						4421.57196651	4422.83897768	0
1786986900	XAUUSD	M15	4416.89						4419.00075314	4420.91986541	0
1786987800	XAUUSD	M15	4417.56						4416.03394423	4418.47690482	0
1786988700	XAUUSD	M15	4413.68						4412.93733861	4415.70712171	0
1786989600	XAUUSD	M15	4413.64						4410.16180937	4412.93446554	0
1786990500	XAUUSD	M15	4406.32						4408.12558782	4410.53002668	0
1786991400	XAUUSD	M15	4401.61					4398.13000	4407.31703807	4408.92353238	0
1786992300	XAUUSD	M15	4406.76						4407.96277447	4408.44315342	0
1786993200	XAUUSD	M15	4408.55						4409.77832290	4409.11073816	1
1786994100	XAUUSD	M15	4414.47						4412.34997144	4410.73035480	0
1786995000	XAUUSD	M15	4419.46						4415.01613519	4412.87324499	0
1786995900	XAUUSD	M15	4419.84						4417.13222394	4415.00273447	0
1786996800	XAUUSD	M15	4417.72						4418.31773341	4416.66023394	0
1786997700	XAUUSD	M15	4415.13						4418.47245661	4417.56634527	0
1786998600	XAUUSD	M15	4415.44						4417.72056304	4417.64345416	0
1786999500	XAUUSD	M15	4416.79						4416.33555173	4416.98950294	1
1787004000	XAUUSD	M15	4416.70						4414.71880374	4415.85415334	0
1787004900	XAUUSD	M15	4412.46						4413.37770722	4414.61593028	0
1787005800	XAUUSD	M15	4414.70						4412.85517989	4413.73555508	0
1787006700	XAUUSD	M15	4411.71						4413.42191721	4413.57873615	0
1787007600	XAUUSD	M15	4414.78						4415.27298635	4414.42586125	1
1787008500	XAUUSD	M15	4420.28						4418.22806211	4416.32696168	0
1787009400	XAUUSD	M15	4422.54						4421.80516937	4419.06606552	0
1787010300	XAUUSD	M15	4425.86						4425.44623782	4422.25615167	0
1787011200	XAUUSD	M15	4421.90						4428.48829900	4425.37222534	0
1787012100	XAUUSD	M15	4431.46						4430.52865922	4427.95044228	0
1787013000	XAUUSD	M15	4429.48						4430.90321246	4429.42682737	0
1787013900	XAUUSD	M15	4434.57						4429.46748718	4429.44715728	0
1787014800	XAUUSD	M15	4429.16				4436.11000		4426.14228220	4427.79471974	1
1787015700	XAUUSD	M15	4424.86						4421.35931384	4424.57701679	0
1787016600	XAUUSD	M15	4412.20						4415.73075558	4420.15388618	0
1787017500	XAUUSD	M15	4407.99						4410.15106676	4415.15247647	0
1787018400	XAUUSD	M15	4401.14						4405.22309546	4410.18778597	0
1787019300	XAUUSD	M15	4402.27						4401.40604623	4405.79691610	0
1787020200	XAUUSD	M15	4395.00						4398.71074789	4402.25383200	0
1787021100	XAUUSD	M15	4400.07						4397.15628815	4399.70506007	0
1787022000	XAUUSD	M15	4401.61						4396.30710870	4398.00608438	0
1787022900	XAUUSD	M15	4397.24						4395.75584489	4396.88096464	0
1787023800	XAUUSD	M15	4394.83						4395.29643962	4396.08870213	0
1787024700	XAUUSD	M15	4392.02						4394.78260343	4395.43565278	0
1787025600	XAUUSD	M15	4392.44						4394.17979681	4394.80772480	0
1787026500	XAUUSD	M15	4392.51						4393.47083274	4394.13927877	0
1787027400	XAUUSD	M15	4393.68						4392.74552968	4393.44240422	0
1787028300	XAUUSD	M15	4393.70						4392.14961767	4392.79601095	0
1787029200	XAUUSD	M15	4391.33						4391.86953845	4392.33277470	0
1787030100	XAUUSD	M15	4391.45						4392.11707516	4392.22492493	0
1787031000	XAUUSD	M15	4393.74					4386.07000	4392.93526857	4392.58009675	1
1787031900	XAUUSD	M15	4394.34						4394.20662491	4393.39336083	0
1787032800	XAUUSD	M15	4395.14						4395.78440408	4394.58888245	0
1787033700	XAUUSD	M15	4399.52						4397.40521707	4395.99704976	0
1787034600	XAUUSD	M15	4397.11						4398.74074490	4397.36889733	0
1787035500	XAUUSD	M15	4398.71						4399.65321984	4398.51105859	0
1787036400	XAUUSD	M15	4397.66						4399.95371040	4399.23238449	0
1787037300	XAUUSD	M15	4403.27						4399.63926334	4399.43582392	0
1787038200	XAUUSD	M15	4401.45				4403.66000		4398.61703616	4399.02643004	1
1787039100	XAUUSD	M15	4395.76						4397.07915060	4398.05279032	0
1787040000	XAUUSD	M15	4392.66						4395.35336650	4396.70307841	0
1787040900	XAUUSD	M15	4389.56						4393.72010808	4395.21159324	0
1787041800	XAUUSD	M15	4396.67						4392.41840126	4393.81499725	0
1787042700	XAUUSD	M15	4393.37						4391.40691631	4392.61095678	0
1787043600	XAUUSD	M15	4392.77						4390.88737592	4391.74916635	0
1787044500	XAUUSD	M15	4389.25						4390.93011006	4391.33963820	0
1787045400	XAUUSD	M15	4388.54						4391.58242740	4391.46103280	1
1787046300	XAUUSD	M15	4393.28						4392.69347229	4392.07725255	0
1787047200	XAUUSD	M15	4394.48						4393.87708872	4392.97717063	0
1787048100	XAUUSD	M15	4392.04						4394.84265573	4393.90991318	0
1787049000	XAUUSD	M15	4398.65						4395.40842014	4394.65916666	0
1787049900	XAUUSD	M15	4397.63						4395.27195646	4394.96556156	0
1787050800	XAUUSD	M15	4393.57						4394.51256159	4394.73906157	1
1787051700	XAUUSD	M15	4390.07						4393.47377735	4394.10641946	0
1787052600	XAUUSD	M15	4390.97						4392.56708138	4393.33675042	0
1787053500	XAUUSD	M15	4395.94						4392.07486004	4392.70580523	0
1787054400	XAUUSD	M15	4393.30						4392.09885685	4392.40233104	0
1787055300	XAUUSD	M15	4395.25						4392.80113881	4392.60173493	1
1787056200	XAUUSD	M15	4392.23						4394.03378002	4393.31775747	0
1787057100	XAUUSD	M15	4394.46						4395.57885299	4394.44830523	0
1787058000	XAUUSD	M15	4395.78						4396.91110760	4395.67970642	0
1787058900	XAUUSD	M15	4388.74						4397.44476139	4396.56223390	0
1787059800	XAUUSD	M15	4401.16				4406.49000		4396.83507493	4396.69865442	0
1787060700	XAUUSD	M15	4394.65						4394.37851755	4395.53858598	1
1787061600	XAUUSD	M15	4393.24						4390.16925939	4392.85392269	0
1787062500	XAUUSD	M15	4394.47						4384.50024143	4388.67708206	0
1787063400	XAUUSD	M15	4380.09						4377.86701162	4383.27204684	0
1787064300	XAUUSD	M15	4366.63						4371.35432083	4377.31318383	0
1787065200	XAUUSD	M15	4360.07						4365.99531667	4371.65425025	0
1787066100	XAUUSD	M15	4354.91						4362.42251152	4367.03838089	0
1787067000	XAUUSD	M15	4358.68						4360.88481680	4363.96159884	0
1787067900	XAUUSD	M15	4364.97						4361.01965149	4362.49062516	0
1787068800	XAUUSD	M15	4367.69						4362.15304211	4362.32183364	0
1787069700	XAUUSD	M15	4364.14						4363.58155464	4362.95169414	1
1787070600	XAUUSD	M15	4367.41						4364.84525796	4363.89847605	0
1787071500	XAUUSD	M15	4363.85						4365.43447521	4364.66647563	0
1787072400	XAUUSD	M15	4366.94						4365.25688082	4364.96167823	0
1787073300	XAUUSD	M15	4365.38						4364.23024840	4364.59596331	1
1787074200	XAUUSD	M15	4358.60						4362.58452252	4363.59024292	0
1787075100	XAUUSD	M15	4357.71						4360.77801286	4362.18412789	0
1787076000	XAUUSD	M15	4357.73						4359.06407727	4360.62410258	0
1787076900	XAUUSD	M15	4360.24						4357.54690841	4359.08550549	0
1787077800	XAUUSD	M15	4354.28						4356.12464066	4357.60507308	0
1787078700	XAUUSD	M15	4354.27						4354.80496400	4356.20501854	0
1787079600	XAUUSD	M15	4356.98						4353.35242477	4354.77872165	0
1787080500	XAUUSD	M15	4354.87						4351.45631102	4353.11751634	0
1787081400	XAUUSD	M15	4349.77						4349.02158964	4351.06955299	0
1787082300	XAUUSD	M15	4345.54						4346.17634113	4348.62294706	0
1787083200	XAUUSD	M15	4341.94						4343.14658651	4345.88476679	0
1787084100	XAUUSD	M15	4337.77						4340.22201935	4343.05339307	0
1787085000	XAUUSD	M15	4332.29						4337.69514161	4340.37426734	0
1787085900	XAUUSD	M15	4334.40						4335.84527950	4338.10977342	0
1787090400	XAUUSD	M15	4340.73						4334.62783439	4336.36880390	0
1787091300	XAUUSD	M15	4336.21						4333.77595948	4335.07238169	0
1787092200	XAUUSD	M15	4333.69						4333.31221695	4334.19229932	0
1787093100	XAUUSD	M15	4333.84						4333.18469173	4333.68849553	0
1787094000	XAUUSD	M15	4334.14						4333.28919739	4333.48884646	0
1787094900	XAUUSD	M15	4330.49						4333.62476859	4333.55680752	1
1787095800	XAUUSD	M15	4329.90						4334.33970782	4333.94825767	0
1787096700	XAUUSD	M15	4332.99						4335.52121228	4334.73473498	0
1787097600	XAUUSD	M15	4342.94						4337.13396457	4335.93434977	0
1787098500	XAUUSD	M15	4343.03						4338.93840314	4337.43637646	0
1787099400	XAUUSD	M15	4343.59						4340.94109298	4339.18873472	0
1787100300	XAUUSD	M15	4337.78						4343.12399960	4341.15636716	0
1787101200	XAUUSD	M15	4343.87					4324.63000	4345.63696192	4343.39666454	0
1787102100	XAUUSD	M15	4342.32						4348.24754737	4345.82210595	0
1787103000	XAUUSD	M15	4355.66						4350.90602571	4348.36406583	0
1787103900	XAUUSD	M15	4356.62						4353.13089164	4350.74747873	0
1787104800	XAUUSD	M15	4353.64						4354.82574849	4352.78661361	0
1787105700	XAUUSD	M15	4359.67				4361.90000		4356.07736137	4354.43198749	0
1787106600	XAUUSD	M15	4355.41						4356.77656494	4355.60427621	0
1787107500	XAUUSD	M15	4355.03						4357.11249714	4356.35838668	0
1787108400	XAUUSD	M15	4354.60						4357.14571312	4356.75204990	0
1787109300	XAUUSD	M15	4357.07						4356.91056396	4356.83130693	0
1787110200	XAUUSD	M15	4358.41						4356.28762267	4356.55946480	1
1787111100	XAUUSD	M15	4355.05						4355.13417399	4355.84681940	0
1787112000	XAUUSD	M15	4354.64						4353.46481244	4354.65581592	0
1787112900	XAUUSD	M15	4351.13						4351.27743808	4352.96662700	0
1787113800	XAUUSD	M15	4346.68						4348.70531105	4350.83596902	0
1787114700	XAUUSD	M15	4348.39						4345.98277102	4348.40937002	0
1787115600	XAUUSD	M15	4338.96						4343.27334052	4345.84135527	0
1787116500	XAUUSD	M15	4345.13						4341.02565583	4343.43350555	0
1787117400	XAUUSD	M15	4342.11						4339.36048317	4341.39699436	0
1787118300	XAUUSD	M15	4335.70					4335.08000	4338.64135678	4340.01917557	0
1787119200	XAUUSD	M15	4337.51						4339.28011865	4339.64964711	0
1787120100	XAUUSD	M15	4343.25						4341.27291314	4340.46128012	1
1787121000	XAUUSD	M15	4341.83						4344.28051319	4342.37089666	0
1787121900	XAUUSD	M15	4348.93						4347.93644399	4345.15367032	0
1787122800	XAUUSD	M15	4350.51						4351.56657345	4348.36012188	0
1787123700	XAUUSD	M15	4356.62						4354.68533195	4351.52272692	0
1787124600	XAUUSD	M15	4354.60						4356.83652819	4354.17962756	0
1787125500	XAUUSD	M15	4354.88						4357.98976372	4356.08469564	0
1787126400	XAUUSD	M15	4361.66						4358.30412673	4357.19441118	0
1787127300	XAUUSD	M15	4360.73						4357.95211771	4357.57326445	0
1787128200	XAUUSD	M15	4362.53						4357.45723922	4357.51525183	1
1787129100	XAUUSD	M15	4355.54						4357.25213613	4357.38369398	0
1787130000	XAUUSD	M15	4356.30						4357.88938757	4357.63654078	1
1787130900	XAUUSD	M15	4356.62						4359.40131849	4358.51892963	0
1787131800	XAUUSD	M15	4358.72						4361.56718496	4360.04305730	0
1787132700	XAUUSD	M15	4361.91						4363.90057583	4361.97181656	0
1787133600	XAUUSD	M15	4363.71						4365.79562090	4363.88371873	0
1787134500	XAUUSD	M15	4368.69						4366.79520809	4365.33946341	0
1787135400	XAUUSD	M15	4368.03						4366.64322155	4365.99134248	0
1787136300	XAUUSD	M15	4367.24						4365.63657113	4365.81395681	1
1787137200	XAUUSD	M15	4373.27						4364.50991601	4365.16193641	0
1787138100	XAUUSD	M15	4370.94						4364.10030453	4364.63112047	0
1787139000	XAUUSD	M15	4363.60						4365.65890905	4365.14501476	1
1787139900	XAUUSD	M15	4364.63						4370.45678474	4367.80089975	0
1787140800	XAUUSD	M15	4368.38						4379.16565501	4373.48327738	0
1787141700	XAUUSD	M15	4369.37						4391.79245545	4382.63786641	0
1787142600	XAUUSD	M15	4417.09						4407.73133505	4395.18460073	0
1787143500	XAUUSD	M15	4438.78						4424.65843285	4409.92151679	0
1787144400	XAUUSD	M15	4456.01						4440.73429611	4425.32790645	0
1787145300	XAUUSD	M15	4458.07						4454.51661160	4439.92225902	0
1787146200	XAUUSD	M15	4460.92						4465.44021545	4452.68123723	0
1787147100	XAUUSD	M15	4459.49						4473.44099918	4463.06111821	0
1787148000	XAUUSD	M15	4473.72						4478.98807919	4471.02459870	0
1787148900	XAUUSD	M15	4485.93						4482.43904026	4476.73181948	0
1787149800	XAUUSD	M15	4489.51						4484.32106937	4480.52644443	0
1787150700	XAUUSD	M15	4488.14						4485.39848484	4482.96246463	0
1787151600	XAUUSD	M15	4485.28						4486.41313533	4484.68779998	0
1787152500	XAUUSD	M15	4483.61						4487.87815777	4486.28297887	0
1787153400	XAUUSD	M15	4490.24						4489.91822890	4488.10060389	0
1787154300	XAUUSD	M15	4493.86						4492.09485216	4490.09772802	0
1787155200	XAUUSD	M15	4497.63						4493.90567997	4492.00170400	0
1787156100	XAUUSD	M15	4491.14						4494.83878111	4493.42024255	0
1787157000	XAUUSD	M15	4494.99						4494.81164259	4494.11594257	0
1787157900	XAUUSD	M15	4493.81						4493.69141319	4493.90367788	1
1787158800	XAUUSD	M15	4492.76						4491.69310055	4492.79838922	0
1787159700	XAUUSD	M15	4488.00						4489.26870309	4491.03354615	0
1787160600	XAUUSD	M15	4488.70						4487.08329720	4489.05842167	0
1787161500	XAUUSD	M15	4486.98						4485.63923190	4487.34882679	0
1787162400	XAUUSD	M15	4487.89						4485.41537588	4486.38210133	0
1787163300	XAUUSD	M15	4475.33						4486.64010909	4486.51110521	1
1787164200	XAUUSD	M15	4490.38						4489.64452487	4488.07781504	0
1787165100	XAUUSD	M15	4495.14						4493.76796367	4490.92288936	0
1787166000	XAUUSD	M15	4503.27						4498.50406263	4494.71347599	0
1787166900	XAUUSD	M15	4507.34						4503.25968358	4498.98657979	0
1787167800	XAUUSD	M15	4507.00						4507.64137838	4503.31397908	0
1787168700	XAUUSD	M15	4511.44						4511.50807989	4507.41102949	0
1787169600	XAUUSD	M15	4506.92						4514.71894811	4511.06498880	0
1787170500	XAUUSD	M15	4518.62						4517.33770884	4514.20134882	0
1787171400	XAUUSD	M15	4519.36						4519.08122664	4516.64128773	0
1787172300	XAUUSD	M15	4523.05						4520.03430590	4518.33779682	0
1787176800	XAUUSD	M15	4520.10				4527.47000		4520.28614116	4519.31196899	0
1787177700	XAUUSD	M15	4520.91						4520.12046344	4519.71621622	0
1787178600	XAUUSD	M15	4518.46						4519.68648065	4519.70134843	1
1787179500	XAUUSD	M15	4518.85						4519.09496898	4519.39815871	0
1787180400	XAUUSD	M15	4519.33						4518.31873269	4518.85844570	0
1787181300	XAUUSD	M15	4517.58						4517.27941624	4518.06893097	0
1787182200	XAUUSD	M15	4514.27						4515.92512115	4516.99702606	0
1787183100	XAUUSD	M15	4511.63						4514.24081668	4515.61892137	0
1787184000	XAUUSD	M15	4515.86						4512.18552971	4513.90222554	0
1787184900	XAUUSD	M15	4510.37						4509.53442288	4511.71832421	0
1787185800	XAUUSD	M15	4506.22						4506.42085643	4509.06959032	0
1787186700	XAUUSD	M15	4504.61						4503.03962631	4506.05460832	0
1787187600	XAUUSD	M15	4493.30						4499.63175453	4502.84318143	0
1787188500	XAUUSD	M15	4500.41						4496.70378390	4499.77348266	0
1787189400	XAUUSD	M15	4493.80						4494.25905574	4497.01626920	0
1787190300	XAUUSD	M15	4489.77						4492.60083982	4494.80855451	0
1787191200	XAUUSD	M15	4497.71						4491.88919775	4493.34887613	0
1787192100	XAUUSD	M15	4492.95						4491.84086875	4492.59487244	0
1787193000	XAUUSD	M15	4490.55						4492.42529653	4492.51008448	0
1787193900	XAUUSD	M15	4490.68						4493.43661809	4492.97335129	1
1787194800	XAUUSD	M15	4492.80						4494.57636657	4493.77485893	0
1787195700	XAUUSD	M15	4493.42						4495.43493128	4494.60489510	0
1787196600	XAUUSD	M15	4497.82						4495.70624024	4495.15556767	0
1787197500	XAUUSD	M15	4498.80						4495.10020784	4495.12788775	1
1787198400	XAUUSD	M15	4496.38						4493.58716509	4494.35752642	0
1787199300	XAUUSD	M15	4489.79						4491.43181288	4492.89466965	0
1787200200	XAUUSD	M15	4487.19						4489.11828685	4491.00647825	0
1787201100	XAUUSD	M15	4488.46						4487.06722591	4489.03685208	0
1787202000	XAUUSD	M15	4485.39						4485.51375403	4487.27530306	0
1787202900	XAUUSD	M15	4483.32						4484.71352903	4485.99441604	0
1787203800	XAUUSD	M15	4480.77						4484.76835104	4485.38138354	0
1787204700	XAUUSD	M15	4481.29					4477.88000	4485.68591829	4485.53365092	1
1787205600	XAUUSD	M15	4492.75						4487.25112183	4486.39238637	0
1787206500	XAUUSD	M15	4494.04						4488.86112820	4487.62675729	0
1787207400	XAUUSD	M15	4492.56						4490.23346163	4488.93010946	0
1787208300	XAUUSD	M15	4493.86						4491.21828600	4490.07419773	0
1787209200	XAUUSD	M15	4487.92						4491.69008349	4490.88214061	0
1787210100	XAUUSD	M15	4484.05						4491.80803406	4491.34508734	0
1787211000	XAUUSD	M15	4491.22						4491.72006852	4491.53257793	0
1787211900	XAUUSD	M15	4490.92						4491.30464360	4491.41861077	1
1787212800	XAUUSD	M15	4494.47						4490.72868996	4491.07365036	0
1787213700	XAUUSD	M15	4491.51						4490.10616744	4490.58990890	0
1787214600	XAUUSD	M15	4490.64						4489.64014149	4490.11502519	0
1787215500	XAUUSD	M15	4489.37						4489.48138812	4489.79820666	0
1787216400	XAUUSD	M15	4492.37						4489.65939597	4489.72880132	0
1787217300	XAUUSD	M15	4490.09						4490.02666723	4489.87773427	1
1787218200	XAUUSD	M15	4489.24						4490.49979052	4490.18876239	0
1787219100	XAUUSD	M15	4482.68						4490.88368266	4490.53622253	0
1787220000	XAUUSD	M15	4490.44						4491.10909118	4490.82265685	0
1787220900	XAUUSD	M15	4493.88						4490.70460781	4490.76363233	1
1787221800	XAUUSD	M15	4491.14						4489.36315520	4490.06339377	0
1787222700	XAUUSD	M15	4490.00						4487.05574424	4488.55956900	0
1787223600	XAUUSD	M15	4484.99						4483.80535194	4486.18246047	0
1787224500	XAUUSD	M15	4484.20						4479.87049266	4483.02647657	0
1787225400	XAUUSD	M15	4474.72						4475.52674152	4479.27660904	0
1787226300	XAUUSD	M15	4467.02						4471.37438268	4475.32549586	0
1787227200	XAUUSD	M15	4462.42					4450.57000	4468.02014501	4471.67282043	0
1787228100	XAUUSD	M15	4459.28						4465.92398439	4468.79840241	0
1787229000	XAUUSD	M15	4466.69						4465.40880255	4467.10360248	0
1787229900	XAUUSD	M15	4474.77						4466.44042784	4466.77201516	0
1787230800	XAUUSD	M15	4473.03						4468.89111134	4467.83156325	1
1787231700	XAUUSD	M15	4471.90						4472.85125086	4470.34140706	0
1787232600	XAUUSD	M15	4486.58						4478.31375809	4474.32758257	0
1787233500	XAUUSD	M15	4481.60						4484.74118182	4479.53438219	0
1787234400	XAUUSD	M15	4485.03						4492.03415258	4485.78426738	0
1787235300	XAUUSD	M15	4491.64						4499.75596890	4492.77011814	0
1787236200	XAUUSD	M15	4499.18						4507.26942865	4500.01977340	0
1787237100	XAUUSD	M15	4516.02						4513.86449369	4506.94213354	0
1787238000	XAUUSD	M15	4534.50						4518.66278374	4512.80245864	0
1787238900	XAUUSD	M15	4532.44				4540.83000		4520.92953661	4516.86599763	0
1787239800	XAUUSD	M15	4511.54						4520.81227009	4518.83913386	0
1787240700	XAUUSD	M15	4521.56						4519.27141110	4519.05527248	0
1787241600	XAUUSD	M15	4511.21						4516.62890889	4517.84209068	1
1787242500	XAUUSD	M15	4509.39						4513.80098315	4515.82153692	0
1787243400	XAUUSD	M15	4509.24						4511.43281199	4513.62717445	0
1787244300	XAUUSD	M15	4510.04						4509.94743113	4511.78730279	0
1787245200	XAUUSD	M15	4509.51						4509.57326350	4510.68028314	0
1787246100	XAUUSD	M15	4513.01						4510.40676784	4510.54352549	0
1787247000	XAUUSD	M15	4518.26						4512.25226831	4511.39789690	1
1787247900	XAUUSD	M15	4519.86						4514.72617685	4513.06203688	0
1787248800	XAUUSD	M15	4510.96						4517.44595880	4515.25399784	0
1787249700	XAUUSD	M15	4518.94						4520.29109240	4517.77254512	0
1787250600	XAUUSD	M15	4520.21						4522.73614113	4520.25434312	0
1787251500	XAUUSD	M15	4521.99						4524.50267968	4522.37851140	0
1787252400	XAUUSD	M15	4527.52						4525.40840295	4523.89345717	0
1787253300	XAUUSD	M15	4522.80						4525.32928963	4524.61137340	0
1787254200	XAUUSD	M15	4526.40						4524.54684756	4524.57911048	1
1787255100	XAUUSD	M15	4528.79						4523.24247899	4523.91079473	0
1787256000	XAUUSD	M15	4522.42						4521.69899085	4522.80489279	0
1787256900	XAUUSD	M15	4520.79						4520.44543056	4521.62516168	0
1787257800	XAUUSD	M15	4518.31						4519.79773379	4520.71144773	0
1787258700	XAUUSD	M15	4519.31						4519.96388558	4520.33766666	0
1787263200	XAUUSD	M15	4518.46						4520.87891763	4520.60829214	1
1787264100	XAUUSD	M15	4519.41						4522.29400064	4521.45114639	0
1787265000	XAUUSD	M15	4522.65						4523.85208216	4522.65161427	0
1787265900	XAUUSD	M15	4524.20						4525.12301977	4523.88731702	0
1787266800	XAUUSD	M15	4531.78						4525.75150807	4524.81941254	0
1787267700	XAUUSD	M15	4527.01						4525.36115426	4525.09028340	0
1787268600	XAUUSD	M15	4524.64						4524.09534358	4524.59281349	1
1787269500	XAUUSD	M15	4526.30						4522.21791863	4523.40536606	0
1787270400	XAUUSD	M15	4518.46						4520.07105818	4521.73821212	0
1787271300	XAUUSD	M15	4514.95						4518.34012131	4520.03916671	0
1787272200	XAUUSD	M15	4513.73						4517.47857719	4518.75887195	0
1787273100	XAUUSD	M15	4510.56						4517.74407787	4518.25147491	0
1787274000	XAUUSD	M15	4520.74					4508.89000	4519.19459480	4518.72303486	1
1787274900	XAUUSD	M15	4529.36						4521.36692737	4520.04498111	0
1787275800	XAUUSD	M15	4525.94						4523.74846142	4521.89672126	0
1787276700	XAUUSD	M15	4530.72						4526.14087553	4524.01879839	0
1787277600	XAUUSD	M15	4521.01						4528.25452581	4526.13666210	0
1787278500	XAUUSD	M15	4527.35						4530.22835049	4528.18250629	0
1787279400	XAUUSD	M15	4537.89						4531.85590420	4530.01920525	0
1787280300	XAUUSD	M15	4533.78						4532.92211032	4531.47065778	0
1787281200	XAUUSD	M15	4532.50						4533.63123197	4532.55094488	0
1787282100	XAUUSD	M15	4529.60						4534.18572795	4533.36833642	0
1787283000	XAUUSD	M15	4529.25						4534.83910180	4534.10371911	0
1787283900	XAUUSD	M15	4535.52						4535.70194335	4534.90283123	0
1787284800	XAUUSD	M15	4539.92						4536.65724078	4535.78003600	0
1787285700	XAUUSD	M15	4546.76						4537.61811913	4536.69907756	0
1787286600	XAUUSD	M15	4541.65						4538.46206021	4537.58056888	0
1787287500	XAUUSD	M15	4540.56						4539.45846125	4538.51951507	0
1787288400	XAUUSD	M15	4537.27						4540.78878060	4539.65414783	0
1787289300	XAUUSD	M15	4530.60						4542.66237176	4541.15825980	0
1787290200	XAUUSD	M15	4543.39						4545.25115307	4543.20470643	0
1787291100	XAUUSD	M15	4553.45						4548.11761384	4545.66116014	0
1787292000	XAUUSD	M15	4548.86						4550.88967526	4548.27541770	0
1787292900	XAUUSD	M15	4555.43						4553.62724354	4550.95133062	0
1787293800	XAUUSD	M15	4562.56						4556.19206956	4553.57170009	0
1787294700	XAUUSD	M15	4560.86						4558.48060214	4556.02615112	0
1787295600	XAUUSD	M15	4561.45						4560.73350808	4558.37982960	0
1787296500	XAUUSD	M15	4561.77						4563.22266103	4560.80124531	0
1787297400	XAUUSD	M15	4564.27						4566.10795761	4563.45460146	0
1787298300	XAUUSD	M15	4564.27						4569.41265520	4566.43362833	0
1787299200	XAUUSD	M15	4565.54						4573.07856592	4569.75609712	0
1787300100	XAUUSD	M15	4579.29						4576.88715141	4573.32162427	0
1787301000	XAUUSD	M15	4582.53						4580.23583736	4576.77873081	0
1787301900	XAUUSD	M15	4584.24						4582.83516565	4579.80694823	0
1787302800	XAUUSD	M15	4599.19						4584.57594494	4582.19144659	0
1787303700	XAUUSD	M15	4582.24						4585.20285536	4583.69715097	0
1787304600	XAUUSD	M15	4583.21						4585.48111668	4584.58913383	0
1787305500	XAUUSD	M15	4582.72						4585.82290001	4585.20601692	0
1787306400	XAUUSD	M15	4578.79						4586.56914445	4585.88758069	0
1787307300	XAUUSD	M15	4588.57						4587.96411642	4586.92584855	0
1787308200	XAUUSD	M15	4593.26						4589.69471805	4588.31028330	0
1787309100	XAUUSD	M15	4588.42						4591.40553919	4589.85791125	0
1787310000	XAUUSD	M15	4590.58						4592.90896391	4591.38343758	0
1787310900	XAUUSD	M15	4598.52						4593.81900571	4592.60122164	0
1787311800	XAUUSD	M15	4597.30						4593.64242286	4593.12182225	0
1787312700	XAUUSD	M15	4597.00						4592.32303510	4592.72242868	1
1787313600	XAUUSD	M15	4592.83						4590.00802325	4591.36522596	0
1787314500	XAUUSD	M15	4584.82						4587.16322877	4589.26422736	0
1787315400	XAUUSD	M15	4573.67					4563.58000	4584.46496218	4586.86459477	0
1787316300	XAUUSD	M15	4578.03						4582.64582329	4584.75520903	0
1787317200	XAUUSD	M15	4584.71						4581.88917262	4583.32219083	0
1787318100	XAUUSD	M15	4584.13						4582.07540608	4582.69879845	0
1787319000	XAUUSD	M15	4587.54						4583.13425925	4582.91652885	1
1787319900	XAUUSD	M15	4581.04						4584.81598034	4583.86625460	0
1787320800	XAUUSD	M15	4589.57						4587.13790073	4585.50207766	0
1787321700	XAUUSD	M15	4603.14						4589.75871576	4587.63039671	0
1787322600	XAUUSD	M15	4582.40						4592.32074734	4589.97557203	0
1787323500	XAUUSD	M15	4591.56						4595.45880060	4592.71718631	0
1787324400	XAUUSD	M15	4595.16						4599.02073766	4595.86896199	0
1787325300	XAUUSD	M15	4602.90						4602.97552084	4599.42224141	0
1787326200	XAUUSD	M15	4609.52						4607.08132026	4603.25178083	0
1787327100	XAUUSD	M15	4614.54						4611.08063573	4607.16620828	0
1787328000	XAUUSD	M15	4614.50						4614.77614524	4610.97117676	0
1787328900	XAUUSD	M15	4614.05						4618.03199204	4614.50158440	0
1787329800	XAUUSD	M15	4621.57						4620.70889333	4617.60523887	0
1787330700	XAUUSD	M15	4628.85						4622.51493498	4620.06008692	0
1787331600	XAUUSD	M15	4623.34				4631.98000		4623.35621959	4621.70815326	0
1787332500	XAUUSD	M15	4622.16						4623.54500145	4622.62657735	0
1787333400	XAUUSD	M15	4619.52						4623.33929408	4622.98293572	0
1787334300	XAUUSD	M15	4620.54						4623.04034062	4623.01163817	0
1787335200	XAUUSD	M15	4624.13						4622.78805862	4622.89984839	1
1787336100	XAUUSD	M15	4625.17						4622.59379021	4622.74681930	0
1787337000	XAUUSD	M15	4620.88						4622.38630990	4622.56656460	0
1787337900	XAUUSD	M15	4624.34						4622.14130488	4622.35393474	0
1787338800	XAUUSD	M15	4622.74						4621.52531175	4621.93962324	0
1787339700	XAUUSD	M15	4618.10						4620.39162140	4621.16562232	0
1787340600	XAUUSD	M15	4618.06						4618.76664158	4619.96613195	0
1787341500	XAUUSD	M15	4616.92						4616.69190180	4618.32901687	0
1787342400	XAUUSD	M15	4616.85						4614.36766994	4616.34834341	0
1787343300	XAUUSD	M15	4610.87						4612.07822435	4614.21328388	0
1787344200	XAUUSD	M15	4607.97						4610.26336673	4612.23832531	0
1787345100	XAUUSD	M15	4603.89						4609.20874109	4610.72353320	0
1787522400	XAUUSD	M15	4617.50						4609.13621252	4609.92987286	0
1787523300	XAUUSD	M15	4614.29						4609.62983295	4609.77985290	0
1787524200	XAUUSD	M15	4611.00						4610.60776483	4610.19380887	1
1787525100	XAUUSD	M15	4606.20						4611.89757977	4611.04569432	0
1787526000	XAUUSD	M15	4607.53						4613.36390753	4612.20480093	0
1787526900	XAUUSD	M15	4615.15						4614.76537254	4613.48508673	0
1787527800	XAUUSD	M15	4608.37						4615.70284893	4614.59396783	0
1787528700	XAUUSD	M15	4624.17						4616.31569706	4615.45483245	0
1787529600	XAUUSD	M15	4637.28						4616.31297044	4615.88390144	0
1787530500	XAUUSD	M15	4604.95					4594.67000	4615.69377593	4615.78883869	1
1787531400	XAUUSD	M15	4607.16						4615.79627540	4615.79255704	1
1787532300	XAUUSD	M15	4621.65						4617.04532478	4616.41894091	0
1787533200	XAUUSD	M15	4622.13						4619.36943754	4617.89418922	0
1787534100	XAUUSD	M15	4614.73						4622.79892038	4620.34655480	0
1787535000	XAUUSD	M15	4618.37						4627.39220908	4623.86938194	0
1787535900	XAUUSD	M15	4632.11						4632.68612460	4628.27775327	0
1787536800	XAUUSD	M15	4650.28						4637.80794610	4633.04284969	0
1787537700	XAUUSD	M15	4655.38						4641.76882215	4637.40583592	0
1787538600	XAUUSD	M15	4637.58						4644.10769011	4640.75676301	0
1787539500	XAUUSD	M15	4643.66						4645.22580412	4642.99128357	0
1787540400	XAUUSD	M15	4637.15						4645.11130706	4644.05129531	0
1787541300	XAUUSD	M15	4643.82						4644.21657460	4644.13393496	0
1787542200	XAUUSD	M15	4642.94	4673.83285	4739.12474	4585.90347			4642.69882724	4643.41638110	1
1787543100	XAUUSD	M15	4641.66	4673.57833	4738.87023	4585.64895			4640.94230988	4642.17934549	0
1787544000	XAUUSD	M15	4638.64	4673.32381	4738.61571	4585.39443			4639.30613140	4640.74273844	0
1787544900	XAUUSD	M15	4640.62	4673.06930	4738.36119	4585.13991			4638.10814987	4639.42544416	0
1787545800	XAUUSD	M15	4638.18	4672.81478	4738.10667	4584.88539			4637.47568191	4638.45056303	0
1787546700	XAUUSD	M15	4638.97	4672.56026	4737.85215	4584.63087			4637.54897232	4637.99976768	0
1787547600	XAUUSD	M15	4643.54	4672.30574	4737.59763	4584.37635			4638.28545090	4638.14260929	1
1787548500	XAUUSD	M15	4636.12	4672.05122	4737.34311	4584.12184			4639.46346958	4638.80303943	0
1787549400	XAUUSD	M15	4633.57	4671.79670	4737.08859	4583.86732			4641.09428710	4639.94866326	0
1787550300	XAUUSD	M15	4640.67	4671.54218	4736.83407	4583.61280			4642.94615824	4641.44741075	0
1787551200	XAUUSD	M15	4652.19	4671.28766	4736.57955	4583.35828			4644.57068265	4643.00904670	0
1787552100	XAUUSD	M15	4642.63	4671.03314	4736.32504	4583.10376	4659.72000		4645.46620355	4644.23762513	0
1787553000	XAUUSD	M15	4642.82	4670.77862	4736.07052	4582.84924			4645.75172337	4644.99467425	0
1787553900	XAUUSD	M15	4649.95	4670.52411	4735.81600	4582.59472			4645.38331339	4645.18899382	0
1787554800	XAUUSD	M15	4648.14	4670.26959	4735.56148	4582.34020			4644.21336218	4644.70117800	1
1787555700	XAUUSD	M15	4642.73	4670.01507	4735.30696	4582.08568			4642.48897252	4643.59507526	0
1787556600	XAUUSD	M15	4634.85	4669.76055	4735.05244	4581.83116			4640.59921791	4642.09714659	0
1787557500	XAUUSD	M15	4641.51	4669.50603	4734.79792	4581.57665			4639.00619262	4640.55166960	0
1787558400	XAUUSD	M15	4637.63	4669.25151	4734.54340	4581.32213			4637.82891823	4639.19029392	0
1787559300	XAUUSD	M15	4629.65	4668.99699	4734.28888	4581.06761			4637.33916855	4638.26473124	0
1787560200	XAUUSD	M15	4645.24	4668.74247	4734.03436	4580.81309		4628.93000	4637.73833862	4638.00153493	0
1787561100	XAUUSD	M15	4638.13	4668.48795	4733.77985	4580.55857			4638.45901097	4638.23027295	1
1787562000	XAUUSD	M15	4641.88	4668.23343	4733.52533	4580.30405			4639.50943259	4638.86985277	0
1787562900	XAUUSD	M15	4635.87	4667.97892	4733.27081	4580.04953			4640.59649261	4639.73317269	0
1787563800	XAUUSD	M15	4639.21	4667.72440	4733.01629	4579.79501			4641.72621105	4640.72969187	0
1787564700	XAUUSD	M15	4645.83	4667.46988	4732.76177	4579.54049			4642.66923447	4641.69946317	0
1787565600	XAUUSD	M15	4648.11	4667.21536	4732.50725	4579.28597			4643.28278263	4642.49112290	0
1787566500	XAUUSD	M15	4643.23	4666.96084	4732.25273	4579.03146			4643.69534463	4643.09323376	0
1787567400	XAUUSD	M15	4644.17	4666.70632	4731.99821	4578.77694			4644.28321662	4643.68822519	0
1787568300	XAUUSD	M15	4643.31	4666.45180	4731.74369	4578.52242			4645.30653820	4644.49738170	0
1787569200	XAUUSD	M15	4642.16	4666.19728	4731.48917	4578.26790			4646.95770913	4645.72754541	0
1787570100	XAUUSD	M15	4646.32	4665.94276	4731.23466	4578.01338			4649.35533623	4647.54144082	0
1787571000	XAUUSD	M15	4658.83	4665.68824	4730.98014	4577.75886			4652.31786437	4649.92965259	0
1787571900	XAUUSD	M15	4657.93	4665.43373	4730.72562	4577.50434			4655.35061709	4652.64013484	0
1787572800	XAUUSD	M15	4657.26	4665.17921	4730.47110	4577.24982			4658.27507826	4655.45760655	0
1787573700	XAUUSD	M15	4661.74	4664.92469	4730.21658	4576.99530			4660.95039950	4658.20400302	0
1787574600	XAUUSD	M15	4657.41	4664.67017	4729.96206	4576.74078			4663.17806083	4660.69103193	0
1787575500	XAUUSD	M15	4662.86	4664.41565	4729.70754	4576.48627			4665.06625411	4662.87864302	0
1787576400	XAUUSD	M15	4677.27	4664.16113	4729.45302	4576.23175			4666.55029304	4664.71446803	0
1787577300	XAUUSD	M15	4672.27	4663.90661	4729.19850	4575.97723			4667.37357095	4666.04401949	0
1787578200	XAUUSD	M15	4658.95	4663.65209	4728.94398	4575.72271	4680.85000		4667.82275295	4666.93338622	0
1787579100	XAUUSD	M15	4664.69	4663.39757	4728.68947	4575.46819			4668.38189018	4667.65763820	0
1787580000	XAUUSD	M15	4665.66	4663.14305	4728.43495	4575.21367			4668.99716877	4668.32740348	0
1787580900	XAUUSD	M15	4671.60	4662.88853	4728.18043	4574.95915			4669.59644625	4668.96192486	0
1787581800	XAUUSD	M15	4672.03	4662.63402	4727.92591	4574.70463			4669.86574249	4669.41383368	0
1787582700	XAUUSD	M15	4670.31	4662.37950	4727.67139	4574.45011			4669.63021782	4669.52202575	0
1787583600	XAUUSD	M15	4672.82	4662.12498	4727.41687	4574.19559			4668.81181592	4669.16692083	1
1787584500	XAUUSD	M15	4675.87	4661.87046	4727.16235	4573.94108			4667.25702870	4668.21197477	0
1787585400	XAUUSD	M15	4660.86	4661.61594	4726.90783	4573.68656			4664.85480179	4666.53338828	0
1787586300	XAUUSD	M15	4649.27	4661.36142	4726.65331	4573.43204			4662.04975471	4664.29157149	0
1787587200	XAUUSD	M15	4657.31	4661.10690	4726.39879	4573.17752			4659.23559933	4661.76358541	0
1787588100	XAUUSD	M15	4658.82	4660.85238	4726.14427	4572.92300			4656.14309698	4658.95334120	0
1787589000	XAUUSD	M15	4659.78	4660.59786	4725.88976	4572.66848			4652.73672563	4655.84503341	0
1787589900	XAUUSD	M15	4645.02	4660.34334	4725.63524	4572.41396			4649.01012624	4652.42757983	0
1787590800	XAUUSD	M15	4651.74	4660.08883	4725.38072	4572.15944			4645.44788495	4648.93773239	0
1787591700	XAUUSD	M15	4638.53	4659.83431	4725.12620	4571.90492			4641.96847513	4645.45310376	0
1787592600	XAUUSD	M15	4638.66	4659.57979	4724.87168	4571.65040			4639.06709610	4642.26009993	0
1787593500	XAUUSD	M15	4636.86	4659.32527	4724.61716	4571.39589			4636.89934617	4639.57972305	0
1787594400	XAUUSD	M15	4632.03	4659.07075	4724.36264	4571.14137		4625.26000	4635.60155668	4637.59063987	0
1787595300	XAUUSD	M15	4640.31	4658.81623	4724.10812	4570.88685			4635.40276170	4636.49670078	0
1787596200	XAUUSD	M15	4634.95	4658.56171	4723.85360	4570.63233			4636.06867326	4636.28268702	0
1787597100	XAUUSD	M15	4636.55	4658.30719	4723.59908	4570.37781			4637.63876649	4636.96072676	1
1787598000	XAUUSD	M15	4636.33	4658.05267	4723.34457	4570.12329			4639.88491812	4638.42282244	0
1787598900	XAUUSD	M15	4641.44	4657.79815	4723.09005	4569.86877			4642.57039079	4640.49660662	0
1787599800	XAUUSD	M15	4650.01	4657.54364	4722.83553	4569.61425			4645.31846226	4642.90753444	0
1787600700	XAUUSD	M15	4651.74	4657.28912	4722.58101	4569.35973			4647.70304195	4645.30528819	0
1787601600	XAUUSD	M15	4650.39	4657.03460	4722.32649	4569.10521			4649.60777387	4647.45653103	0
1787602500	XAUUSD	M15	4649.24	4656.78008	4722.07197	4568.85069			4651.14686617	4649.30169860	0
1787603400	XAUUSD	M15	4647.76	4656.52556	4721.81745	4568.59618			4652.52096113	4650.91132986	0
1787604300	XAUUSD	M15	4651.30	4656.27104	4721.56293	4568.34166			4653.97775341	4652.44454164	0
1787608800	XAUUSD	M15	4658.78	4656.01652	4721.30841	4568.08714			4655.72842036	4654.08648100	0
1787609700	XAUUSD	M15	4657.83	4655.76200	4721.05389	4567.83262			4657.93555969	4656.01102034	0
1787610600	XAUUSD	M15	4661.57	4655.50748	4720.79938	4567.57810			4660.88032864	4658.44567449	0
1787611500	XAUUSD	M15	4667.79	4655.25296	4720.54486	4567.32358			4664.61418935	4661.52993192	0
1787612400	XAUUSD	M15	4672.12	4654.99845	4720.29034	4567.06906			4668.96967785	4665.24980488	0
1787613300	XAUUSD	M15	4669.22	4654.74393	4720.03582	4566.81454			4673.68550453	4669.46765471	0
1787614200	XAUUSD	M15	4676.43	4654.48941	4719.78130	4566.56002			4678.54425137	4674.00595304	0
1787615100	XAUUSD	M15	4679.89	4654.23489	4719.52678	4566.30550			4682.88844125	4678.44719715	0
1787616000	XAUUSD	M15	4690.46	4653.98037	4719.27226	4566.05099			4686.10320675	4682.27520195	0
1787616900	XAUUSD	M15	4682.28	4653.72585	4719.01774	4565.79647			4687.45481580	4684.86500887	0
1787617800	XAUUSD	M15	4693.41	4653.47133	4718.76322	4565.54195	4696.53000		4686.87564591	4685.87032739	0
1787618700	XAUUSD	M15	4684.21	4653.21681	4718.50870	4565.28743			4683.93404281	4684.90218510	1
1787619600	XAUUSD	M15	4678.36	4652.96229	4718.25419	4565.03291			4678.97099100	4681.93658805	0
1787620500	XAUUSD	M15	4669.64	4652.70777	4717.99967	4564.77839			4672.47295053	4677.20476929	0
1787621400	XAUUSD	M15	4670.72	4652.45326	4717.74515	4564.52387			4665.16932170	4671.18704549	0
1787622300	XAUUSD	M15	4658.07	4652.19874	4717.49063	4564.26935			4657.53078455	4664.35891502	0
1787623200	XAUUSD	M15	4641.96	4651.94422	4717.23611	4564.01483			4650.38862354	4657.37376928	0
1787624100	XAUUSD	M15	4656.55	4651.68970	4716.98159	4563.76031			4644.46602466	4650.91989697	0
1787625000	XAUUSD	M15	4631.50	4651.43518	4716.72707	4563.50580			4639.49701528	4645.20845612	0
1787625900	XAUUSD	M15	4629.55	4651.18066	4716.47255	4563.25128		4618.34000	4636.08756404	4640.64801008	0
1787626800	XAUUSD	M15	4633.67	4650.92614	4716.21803	4562.99676			4634.03452326	4637.34126667	0
1787627700	XAUUSD	M15	4637.85	4650.67162	4715.96351	4562.74224			4632.87373728	4635.10750198	0
1787628600	XAUUSD	M15	4634.46	4650.41710	4715.70900	4562.48772			4632.15014666	4633.62882432	0
1787629500	XAUUSD	M15	4633.72	4650.16258	4715.45448	4562.23320			4631.73550063	4632.68216247	0
1787630400	XAUUSD	M15	4637.16	4649.90807	4715.19996	4561.97868			4631.59074441	4632.13645344	0
1787631300	XAUUSD	M15	4630.78	4649.65355	4714.94544	4561.72416			4631.70125643	4631.91885494	0
1787632200	XAUUSD	M15	4625.98	4649.39903	4714.69092	4561.46964			4632.40760366	4632.16322930	1
1787633100	XAUUSD	M15	4625.94	4649.14451	4714.43640	4561.21512			4633.99580003	4633.07951466	0
1787634000	XAUUSD	M15	4637.91	4648.88999	4714.18188	4560.96061			4636.47840426	4634.77895946	0
1787634900	XAUUSD	M15	4646.47	4648.63547	4713.92736	4560.70609			4639.35891515	4637.06893731	0
1787635800	XAUUSD	M15	4639.11	4648.38095	4713.67284	4560.45157			4642.08795395	4639.57844563	0
1787636700	XAUUSD	M15	4643.04	4648.12643	4713.41832	4560.19705			4644.50843760	4642.04344162	0
1787637600	XAUUSD	M15	4649.55	4647.87191	4713.16381	4559.94253			4646.16627675	4644.10485918	0
1787638500	XAUUSD	M15	4650.02	4647.61739	4712.90929	4559.68801			4646.57867970	4645.34176944	0
1787639400	XAUUSD	M15	4648.10	4647.36287	4712.65477	4559.43349			4645.59880247	4645.47028595	0
1787640300	XAUUSD	M15	4638.24	4647.10836	4712.40025	4559.17897			4643.38067356	4644.42547976	1
1787641200	XAUUSD	M15	4639.60	4646.85384	4712.14573	4558.92445			4640.51109429	4642.46828702	0
1787642100	XAUUSD	M15	4634.54	4646.59932	4711.89121	4558.66993			4637.34129483	4639.90479092	0
1787643000	XAUUSD	M15	4639.22	4646.34480	4711.63669	4558.41542			4634.43098676	4637.16788884	0
1787643900	XAUUSD	M15	4630.16	4646.09028	4711.38217	4558.16090			4631.98108361	4634.57448622	0
1787644800	XAUUSD	M15	4626.50	4645.83576	4711.12765	4557.90638		4620.12000	4630.42704877	4632.50076750	0
1787645700	XAUUSD	M15	4633.12	4645.58124	4710.87313	4557.65186			4629.82395052	4631.16235901	0
1787646600	XAUUSD	M15	4632.13	4645.32672	4710.61861	4557.39734			4629.87573382	4630.51904641	0
1787647500	XAUUSD	M15	4630.31	4645.07220	4710.36410	4557.14282			4630.40287672	4630.46096157	0
1787648400	XAUUSD	M15	4630.59	4644.81768	4710.10958	4556.88830			4631.22818536	4630.84457346	1
1787649300	XAUUSD	M15	4626.31	4644.56317	4709.85506	4556.63378			4632.13654760	4631.49056053	0
1787650200	XAUUSD	M15	4637.06	4644.30865	4709.60054	4556.37926			4633.15799725	4632.32427889	0
1787651100	XAUUSD	M15	4636.33	4644.05413	4709.34602	4556.12474			4634.05142985	4633.18785437	0
1787652000	XAUUSD	M15	4635.45	4643.79961	4709.09150	4555.87022			4634.91591048	4634.05188243	0
1787652900	XAUUSD	M15	4633.72	4643.54509	4708.83698	4555.61571			4635.97837782	4635.01513012	0
1787653800	XAUUSD	M15	4637.59	4643.29057	4708.58246	4555.36119			4637.41689109	4636.21601061	0
1787654700	XAUUSD	M15	4639.46	4643.03605	4708.32794	4555.10667			4639.13313398	4637.67457229	0
1787655600	XAUUSD	M15	4642.83	4642.78153	4708.07342	4554.85215			4640.91287716	4639.29372473	0
1787656500	XAUUSD	M15	4641.53	4642.52701	4707.81891	4554.59763			4642.37850113	4640.83611293	0
1787657400	XAUUSD	M15	4640.57	4642.27249	4707.56439	4554.34311			4643.17603790	4642.00607541	0
1787658300	XAUUSD	M15	4642.37	4642.01798	4707.30987	4554.08859			4642.92651606	4642.46629574	0
1787659200	XAUUSD	M15	4639.28	4641.76346	4707.05535	4553.83407			4641.31185058	4641.88907316	1
1787660100	XAUUSD	M15	4637.38	4641.50894	4706.80083	4553.57955			4638.33032713	4640.10970014	0
1787661000	XAUUSD	M15	4638.41	4641.25442	4706.54631	4553.32503			4634.17645029	4637.14307522	0
1787661900	XAUUSD	M15	4640.77	4640.99990	4706.29179	4553.07052			4629.20948138	4633.17627830	0
1787662800	XAUUSD	M15	4623.31	4640.74538	4706.03727	4552.81600			4623.99267499	4628.58447664	0
1787663700	XAUUSD	M15	4609.59	4640.49086	4705.78275	4552.56148			4619.76169528	4624.17308596	0
1787664600	XAUUSD	M15	4612.82	4640.23634	4705.52823	4552.30696			4617.55024922	4620.86166759	0
1787665500	XAUUSD	M15	4616.50	4639.98182	4705.27372	4552.05244		4605.22000	4617.64242465	4619.25204612	0
1787666400	XAUUSD	M15	4622.76	4639.72730	4705.01920	4551.79792			4619.98005849	4619.61605231	1
1787667300	XAUUSD	M15	4623.72	4639.47279	4704.76468	4551.54340			4624.11430339	4621.86517785	0
1787668200	XAUUSD	M15	4637.27	4639.21827	4704.51016	4551.28888			4629.50113968	4625.68315877	0
1787669100	XAUUSD	M15	4635.54	4638.96375	4704.25564	4551.03436			4635.11514386	4630.39915131	0
1787670000	XAUUSD	M15	4633.24	4638.70923	4704.00112	4550.77984			4640.34759503	4635.37337317	0
1787670900	XAUUSD	M15	4639.83	4638.45471	4703.74660	4550.52533			4644.67944231	4640.02640774	0
1787671800	XAUUSD	M15	4656.11	4638.20019	4703.49208	4550.27081			4647.54697659	4643.78669216	0
1787672700	XAUUSD	M15	4652.66	4637.94567	4703.23756	4550.01629			4648.39027492	4646.08848354	0
1787673600	XAUUSD	M15	4644.79	4637.69115	4702.98304	4549.76177			4647.48264056	4646.78556205	0
1787674500	XAUUSD	M15	4640.66	4637.43663	4702.72853	4549.50725			4645.51826082	4646.15191143	1
1787675400	XAUUSD	M15	4643.96	4637.18211	4702.47401	4549.25273			4643.22136626	4644.68663884	0
1787676300	XAUUSD	M15	4643.28	4636.92760	4702.21949	4548.99821			4641.12025097	4642.90344491	0
1787677200	XAUUSD	M15	4637.85	4636.67308	4701.96497	4548.74369			4639.78658304	4641.34501397	0
1787678100	XAUUSD	M15	4637.09	4636.41856	4701.71045	4548.48917			4639.71110341	4640.52805869	0
1787679000	XAUUSD	M15	4642.90	4636.16404	4701.45593	4548.23465			4641.02816684	4640.77811276	1
1787679900	XAUUSD	M15	4648.39	4635.90952	4701.20141	4547.98014			4643.48861086	4642.13336181	0
1787680800	XAUUSD	M15	4647.15	4635.65500	4700.94689	4547.72562			4646.69701405	4644.41518793	0
1787681700	XAUUSD	M15	4649.95	4635.40048	4700.69237	4547.47110			4650.32025633	4647.36772213	0
1787682600	XAUUSD	M15	4649.33	4635.14596	4700.43785	4547.21658			4653.93622768	4650.65197490	0
1787683500	XAUUSD	M15	4654.55	4634.89144	4700.18334	4546.96206			4657.25016843	4653.95107167	0
1787684400	XAUUSD	M15	4662.11	4634.63692	4699.92882	4546.70754			4659.89234156	4656.92170662	0
1787685300	XAUUSD	M15	4660.93	4634.38240	4699.67430	4546.45302			4661.59340256	4659.25755459	0
1787686200	XAUUSD	M15	4662.15	4634.12789	4699.41978	4546.19850			4662.48241072	4660.86998265	0
1787687100	XAUUSD	M15	4666.93	4633.87337	4699.16526	4545.94398			4662.78404081	4661.82701173	0
1787688000	XAUUSD	M15	4666.01	4633.61885	4698.91074	4545.68946			4662.72194406	4662.27447790	0
1787688900	XAUUSD	M15	4662.49	4633.36433	4698.65622	4545.43495			4662.68836898	4662.48142344	0
1787689800	XAUUSD	M15	4661.49	4633.10981	4698.40170	4545.18043			4663.06606135	4662.77374239	0
1787690700	XAUUSD	M15	4658.74	4632.85529	4698.14718	4544.92591			4664.03479054	4663.40426647	0
1787695200	XAUUSD	M15	4664.52	4632.60077	4697.89266	4544.67139			4665.58296411	4664.49361529	0
1787696100	XAUUSD	M15	4666.76	4632.34625	4697.63814	4544.41687			4667.20523311	4665.84942420	0
1787697000	XAUUSD	M15	4669.96	4632.09173	4697.38363	4544.16235			4668.31281435	4667.08111927	0
1787697900	XAUUSD	M15	4672.46	4631.83721	4697.12911	4543.90783	4673.68000		4668.27752034	4667.67931981	0
1787698800	XAUUSD	M15	4668.05	4631.58270	4696.87459	4543.65331			4666.65583227	4667.16757604	1
1787699700	XAUUSD	M15	4661.07	4631.32818	4696.62007	4543.39879			4663.39390128	4665.28073866	0
1787700600	XAUUSD	M15	4656.17	4631.07366	4696.36555	4543.14427			4658.86250908	4662.07162387	0
1787701500	XAUUSD	M15	4654.92	4630.81914	4696.11103	4542.88976			4653.66138190	4657.86650288	0
1787702400	XAUUSD	M15	4651.38	4630.56462	4695.85651	4542.63524			4648.47245433	4653.16947861	0
1787703300	XAUUSD	M15	4646.71	4630.31010	4695.60199	4542.38072			4644.06321729	4648.61634795	0
1787704200	XAUUSD	M15	4637.07	4630.05558	4695.34747	4542.12620			4641.19159350	4644.90397073	0
1787705100	XAUUSD	M15	4637.66	4629.80106	4695.09295	4541.87168			4640.51946097	4642.71171585	0
1787706000	XAUUSD	M15	4644.32	4629.54654	4694.83844	4541.61716		4629.80000	4642.05690015	4642.38430800	0
1787706900	XAUUSD	M15	4643.60	4629.29202	4694.58392	4541.36264			4645.27018501	4643.82724650	1
1787707800	XAUUSD	M15	4644.78	4629.03751	4694.32940	4541.10812			4649.53704970	4646.68214810	0
1787708700	XAUUSD	M15	4656.96	4628.78299	4694.07488	4540.85360			4654.03162672	4650.35688741	0
1787709600	XAUUSD	M15	4660.18	4628.52847	4693.82036	4540.59908			4657.63367413	4653.99528077	0
1787710500	XAUUSD	M15	4658.99	4628.27395	4693.56584	4540.34456			4659.61272231	4656.80400154	0
1787711400	XAUUSD	M15	4667.23	4628.01943	4693.31132	4540.09005			4659.69288094	4658.24844124	0
1787712300	XAUUSD	M15	4658.35	4627.76491	4693.05680	4539.83553			4657.75318086	4658.00081105	1
1787713200	XAUUSD	M15	4648.26	4627.51039	4692.80228	4539.58101			4654.46001332	4656.23041219	0
1787714100	XAUUSD	M15	4650.42	4627.25587	4692.54776	4539.32649			4650.69149336	4653.46095277	0
1787715000	XAUUSD	M15	4645.25	4627.00135	4692.29325	4539.07197			4647.01383913	4650.23739595	0
1787715900	XAUUSD	M15	4642.72	4626.74683	4692.03873	4538.81745			4644.03839854	4647.13789725	0
1787716800	XAUUSD	M15	4642.54	4626.49232	4691.78421	4538.56293			4642.07726337	4644.60758031	0
1787717700	XAUUSD	M15	4642.27	4626.23780	4691.52969	4538.30841			4641.10924658	4642.85841344	0
1787718600	XAUUSD	M15	4640.86	4625.98328	4691.27517	4538.05389			4640.86604397	4641.86222870	0
1787719500	XAUUSD	M15	4640.70	4625.72876	4691.02065	4537.79937			4640.99754196	4641.42988533	0
1787720400	XAUUSD	M15	4643.42	4625.47424	4690.76613	4537.54486			4641.09891361	4641.26439947	0
1787721300	XAUUSD	M15	4643.37	4625.21972	4690.51161	4537.29034			4640.79018356	4641.02729152	0
1787722200	XAUUSD	M15	4638.12	4624.96520	4690.25709	4537.03582			4639.91894813	4640.47311982	0
1787723100	XAUUSD	M15	4639.80	4624.71068	4690.00257	4536.78130			4638.60596835	4639.53954408	0
1787724000	XAUUSD	M15	4637.59	4624.45616	4689.74806	4536.52678			4636.91767664	4638.22861036	0
1787724900	XAUUSD	M15	4626.65	4624.20164	4689.49354	4536.27226			4635.09154561	4636.66007799	0
1787725800	XAUUSD	M15	4633.43	4623.94713	4689.23902	4536.01774			4633.60521561	4635.13264680	0
1787726700	XAUUSD	M15	4634.38	4623.69261	4688.98450	4535.76322			4632.44960446	4633.79112563	0
1787727600	XAUUSD	M15	4636.38	4623.43809	4688.72998	4535.50870			4631.64994215	4632.72053389	0
1787728500	XAUUSD	M15	4631.33	4623.18357	4688.47546	4535.25418			4631.07785150	4631.89919270	0
1787729400	XAUUSD	M15	4631.87	4622.92905	4688.22094	4534.99967			4630.73744449	4631.31831859	0
1787730300	XAUUSD	M15	4629.04	4622.67453	4687.96642	4534.74515			4630.41032005	4630.86431932	0
1787731200	XAUUSD	M15	4625.82	4622.42001	4687.71190	4534.49063			4629.91582900	4630.39007416	0
1787732100	XAUUSD	M15	4629.57	4622.16549	4687.45738	4534.23611			4629.13385915	4629.76196665	0
1787733000	XAUUSD	M15	4629.43	4621.91097	4687.20287	4533.98159			4627.87116911	4628.81656788	0
1787733900	XAUUSD	M15	4628.29	4621.65645	4686.94835	4533.72707			4626.12952275	4627.47304532	0
1787734800	XAUUSD	M15	4624.82	4621.40194	4686.69383	4533.47255			4624.09889506	4625.78597019	0
1787735700	XAUUSD	M15	4616.81	4621.14742	4686.43931	4533.21803			4622.11081494	4623.94839256	0
1787736600	XAUUSD	M15	4622.01	4620.89290	4686.18479	4532.96351			4620.57537343	4622.26188300	0
1787737500	XAUUSD	M15	4623.20	4620.63838	4685.93027	4532.70899			4619.49753086	4620.87970693	0
1787738400	XAUUSD	M15	4619.01	4620.38386	4685.67575	4532.45448			4618.90955244	4619.89462968	0
1787739300	XAUUSD	M15	4615.06	4620.12934	4685.42123	4532.19996			4618.88900866	4619.39181917	0
1787740200	XAUUSD	M15	4622.20	4619.87482	4685.16671	4531.94544			4619.44353221	4619.41767569	1
1787741100	XAUUSD	M15	4620.28	4619.62030	4684.91219	4531.69092			4620.21305648	4619.81536608	0
1787742000	XAUUSD	M15	4618.46	4619.36578	4684.65768	4531.43640			4621.04519571	4620.43028090	0
1787742900	XAUUSD	M15	4620.59	4619.11126	4684.40316	4531.18188			4621.80305607	4621.11666848	0
1787743800	XAUUSD	M15	4619.12	4618.85674	4684.14864	4530.92736			4622.29603143	4621.70634996	0
1787744700	XAUUSD	M15	4624.52	4618.60223	4683.89412	4530.67284			4622.48828429	4622.09731712	0
1787745600	XAUUSD	M15	4625.85	4618.34771	4683.63960	4530.41832			4622.24644866	4622.17188289	0
1787746500	XAUUSD	M15	4630.21	4618.09319	4683.38508	4530.16380			4621.64974288	4621.91081289	1
1787747400	XAUUSD	M15	4622.49	4617.83867	4683.13056	4529.90929			4620.75987687	4621.33534488	0
1787748300	XAUUSD	M15	4614.64	4617.58415	4682.87604	4529.65477			4619.96329818	4620.64932153	0
1787749200	XAUUSD	M15	4611.11	4617.32963	4682.62152	4529.40025			4619.56079930	4620.10506041	0
1787750100	XAUUSD	M15	4611.30	4617.07511	4682.36700	4529.14573			4619.57613014	4619.84059528	0
1787751000	XAUUSD	M15	4619.59	4616.82059	4682.11248	4528.89121			4619.72754295	4619.78406911	0
1787751900	XAUUSD	M15	4631.52	4616.56607	4681.85797	4528.63669			4619.40176953	4619.59291932	0
1787752800	XAUUSD	M15	4620.38	4616.31155	4681.60345	4528.38217	4633.31000		4617.94504402	4618.76898167	0
1787753700	XAUUSD	M15	4616.66	4616.05704	4681.34893	4528.12765			4615.46285215	4617.11591691	0
1787754600	XAUUSD	M15	4621.95	4615.80252	4681.09441	4527.87313			4612.07219793	4614.59405742	0
1787755500	XAUUSD	M15	4602.92	4615.54800	4680.83989	4527.61861			4607.82270384	4611.20838063	0
1787756400	XAUUSD	M15	4588.91	4615.29348	4680.58537	4527.36410			4603.56656469	4607.38747266	0
1787757300	XAUUSD	M15	4594.71	4615.03896	4680.33085	4527.10958		4582.97000	4600.02085384	4603.70416325	0
1787758200	XAUUSD	M15	4604.77	4614.78444	4680.07633	4526.85506			4597.26285517	4600.48350921	0
1787759100	XAUUSD	M15	4596.13	4614.52992	4679.82181	4526.60054			4595.13285170	4597.80818045	0
1787760000	XAUUSD	M15	4600.30	4614.27540	4679.56729	4526.34602			4593.83963871	4595.82390958	0
1787760900	XAUUSD	M15	4594.79	4614.02088	4679.31278	4526.09150			4593.20384609	4594.51387784	0
1787761800	XAUUSD	M15	4588.26	4613.76636	4679.05826	4525.83698			4593.22331449	4593.86859616	0
1787762700	XAUUSD	M15	4591.58	4613.51185	4678.80374	4525.58246			4593.86208322	4593.86533969	0
1787763600	XAUUSD	M15	4594.80	4613.25733	4678.54922	4525.32794			4594.86152679	4594.36343324	1
1787764500	XAUUSD	M15	4597.80	4613.00281	4678.29470	4525.07342			4595.92283743	4595.14313534	0
1787765400	XAUUSD	M15	4597.17	4612.74829	4678.04018	4524.81890			4596.78719171	4595.96516352	0
1787766300	XAUUSD	M15	4597.76	4612.49377	4677.78566	4524.56439			4597.39599215	4596.68057783	0
1787767200	XAUUSD	M15	4600.16	4612.23925	4677.53114	4524.30987			4597.71851694	4597.19954739	0
1787768100	XAUUSD	M15	4594.83	4611.98473	4677.27662	4524.05535			4597.66608427	4597.43281583	0
1787769000	XAUUSD	M15	4596.77	4611.73021	4677.02210	4523.80083			4597.35777448	4597.39529515	1
1787769900	XAUUSD	M15	4593.84	4611.47569	4676.76759	4523.54631			4596.72286974	4597.05908245	0
1787770800	XAUUSD	M15	4594.47	4611.22117	4676.51307	4523.29179			4595.84334304	4596.45121274	0
1787771700	XAUUSD	M15	4598.53	4610.96666	4676.25855	4523.03727			4594.77763771	4595.61442523	0
1787772600	XAUUSD	M15	4595.77	4610.71214	4676.00403	4522.78275			4593.55980572	4594.58711547	0
1787773500	XAUUSD	M15	4594.30	4610.45762	4675.74951	4522.52823			4592.51253541	4593.54982544	0
1787774400	XAUUSD	M15	4591.59	4610.20310	4675.49499	4522.27371			4592.01186533	4592.78084539	0
1787775300	XAUUSD	M15	4591.26	4609.94858	4675.24047	4522.01920		4584.20000	4592.49239152	4592.63661845	0
1787776200	XAUUSD	M15	4591.94	4609.69406	4674.98595	4521.76468			4594.23984490	4593.43823168	1
1787777100	XAUUSD	M15	4594.62	4609.43954	4674.73143	4521.51016			4597.32813086	4595.38318127	0
1787781600	XAUUSD	M15	4602.44	4609.18502	4674.47691	4521.25564			4601.54630770	4598.46474448	0
1787782500	XAUUSD	M15	4611.24	4608.93050	4674.22240	4521.00112			4606.32187364	4602.39330906	0
1787783400	XAUUSD	M15	4610.94	4608.67598	4673.96788	4520.74660			4610.89308386	4606.64319646	0
1787784300	XAUUSD	M15	4609.43	4608.42147	4673.71336	4520.49208			4614.79284909	4610.71802278	0
1787785200	XAUUSD	M15	4615.53	4608.16695	4673.45884	4520.23756			4617.67518487	4614.19660382	0
1787786100	XAUUSD	M15	4620.18	4607.91243	4673.20432	4519.98304			4619.18079469	4616.68869926	0
1787787000	XAUUSD	M15	4622.68	4607.65791	4672.94980	4519.72852			4619.29849511	4617.99359718	0
1787787900	XAUUSD	M15	4623.61	4607.40339	4672.69528	4519.47401			4618.31379533	4618.15369626	0
1787788800	XAUUSD	M15	4618.01	4607.14887	4672.44076	4519.21949			4616.73955951	4617.44662789	1
1787789700	XAUUSD	M15	4619.01	4606.89435	4672.18624	4518.96497			4615.34301927	4616.39482358	0
1787790600	XAUUSD	M15	4606.09	4606.63983	4671.93172	4518.71045			4614.71053205	4615.55267781	0
1787791500	XAUUSD	M15	4605.26	4606.38531	4671.67721	4518.45593			4615.59047383	4615.57157582	1
1787792400	XAUUSD	M15	4624.58	4606.13079	4671.42269	4518.20141			4618.12980908	4616.85069245	0
1787793300	XAUUSD	M15	4618.50	4605.87628	4671.16817	4517.94689			4621.62362227	4619.23715736	0
1787794200	XAUUSD	M15	4623.88	4605.62176	4670.91365	4517.69237			4625.77327504	4622.50521620	0
1787795100	XAUUSD	M15	4640.03	4605.36724	4670.65913	4517.43785			4629.87283773	4626.18902697	0
1787796000	XAUUSD	M15	4640.49	4605.11272	4670.40461	4517.18333	4642.96000		4632.95672320	4629.57287508	0
1787796900	XAUUSD	M15	4632.97	4604.85820	4670.15009	4516.92882			4634.69892216	4632.13589862	0
1787797800	XAUUSD	M15	4627.41	4604.60368	4669.89557	4516.67430			4635.20088214	4633.66839038	0
1787798700	XAUUSD	M15	4629.73	4604.34916	4669.64105	4516.41978			4634.69763547	4634.18301293	0
1787799600	XAUUSD	M15	4634.20	4604.09464	4669.38653	4516.16526			4633.35305986	4633.76803639	1
1787800500	XAUUSD	M15	4635.20	4603.84012	4669.13201	4515.91074			4631.31016281	4632.53909960	0
1787801400	XAUUSD	M15	4629.29	4603.58560	4668.87750	4515.65622			4628.83192815	4630.68551387	0
1787802300	XAUUSD	M15	4625.56	4603.33108	4668.62298	4515.40170			4626.32214318	4628.50382853	0
1787803200	XAUUSD	M15	4625.45	4603.07657	4668.36846	4515.14718			4624.01918761	4626.26150807	0
1787804100	XAUUSD	M15	4620.75	4602.82205	4668.11394	4514.89266			4621.94235710	4624.10193258	0
1787805000	XAUUSD	M15	4619.17	4602.56753	4667.85942	4514.63814			4620.11857547	4622.11025402	0
1787805900	XAUUSD	M15	4618.77	4602.31301	4667.60490	4514.38363			4618.42025134	4620.26525268	0
1787806800	XAUUSD	M15	4620.23	4602.05849	4667.35038	4514.12911			4616.63605761	4618.45065514	0
1787807700	XAUUSD	M15	4617.28	4601.80397	4667.09586	4513.87459			4614.56284986	4616.50675250	0
1787808600	XAUUSD	M15	4605.43	4601.54945	4666.84134	4513.62007			4612.19488573	4614.35081911	0
1787809500	XAUUSD	M15	4607.06	4601.29493	4666.58682	4513.36555			4609.85171127	4612.10126519	0
1787810400	XAUUSD	M15	4606.10	4601.04041	4666.33231	4513.11103			4607.55449616	4609.82788068	0
1787811300	XAUUSD	M15	4610.39	4600.78589	4666.07779	4512.85651			4605.47929774	4607.65358921	0
1787812200	XAUUSD	M15	4607.68	4600.53138	4665.82327	4512.60199			4603.66450885	4605.65904903	0
1787813100	XAUUSD	M15	4600.20	4600.27686	4665.56875	4512.34747			4602.27634372	4603.96769638	0
1787814000	XAUUSD	M15	4603.82	4600.02234	4665.31423	4512.09295			4601.52034869	4602.74402253	0
1787814900	XAUUSD	M15	4599.44	4599.76782	4665.05971	4511.83843			4601.19759286	4601.97080770	0
1787815800	XAUUSD	M15	4597.72	4599.51330	4664.80519	4511.58392			4601.24964475	4601.61022623	0
1787816700	XAUUSD	M15	4600.15	4599.25878	4664.55067	4511.32940			4601.45073390	4601.53048006	0
1787817600	XAUUSD	M15	4603.29	4599.00426	4664.29615	4511.07488			4601.39562744	4601.46305375	0
1787818500	XAUUSD	M15	4601.02	4598.74974	4664.04163	4510.82036			4600.68882134	4601.07593755	0
1787819400	XAUUSD	M15	4596.27	4598.49522	4663.78712	4510.56584			4599.15787777	4600.11690766	0
1787820300	XAUUSD	M15	4599.05	4598.24070	4663.53260	4510.31132			4596.83822108	4598.47756437	0
1787821200	XAUUSD	M15	4596.08	4597.98619	4663.27808	4510.05680			4593.77270947	4596.12513692	0
1787822100	XAUUSD	M15	4597.49	4597.73167	4663.02356	4509.80228			4590.31763066	4593.22138379	0
1787823000	XAUUSD	M15	4582.44	4597.47715	4662.76904	4509.54776			4586.83839384	4590.02988881	0
1787823900	XAUUSD	M15	4580.44	4597.22263	4662.51452	4509.29324			4584.23798775	4587.13393828	0
1787824800	XAUUSD	M15	4581.72	4596.96811	4662.26000	4509.03873			4582.99233648	4585.06313738	0
1787825700	XAUUSD	M15	4580.32	4596.71359	4662.00548	4508.78421			4583.28125881	4584.17219810	0
1787826600	XAUUSD	M15	4585.60	4596.45907	4661.75096	4508.52969			4585.08076270	4584.62648040	1
1787827500	XAUUSD	M15	4590.05	4596.20455	4661.49644	4508.27517			4587.90958231	4586.26803135	0
1787828400	XAUUSD	M15	4592.58	4595.95003	4661.24193	4508.02065			4591.12896639	4588.69849887	0
1787829300	XAUUSD	M15	4594.46	4595.69551	4660.98741	4507.76613			4594.08046654	4591.38948271	0
1787830200	XAUUSD	M15	4597.90	4595.44100	4660.73289	4507.51161			4596.17033390	4593.77990830	0
1787831100	XAUUSD	M15	4598.30	4595.18648	4660.47837	4507.25709			4596.91617761	4595.34804296	0
1787832000	XAUUSD	M15	4592.79	4594.93196	4660.22385	4507.00257			4596.17894867	4595.76349581	0
1787832900	XAUUSD	M15	4595.60	4594.67744	4659.96933	4506.74805			4594.17753942	4594.97051762	1
1787833800	XAUUSD	M15	4587.70	4594.42292	4659.71481	4506.49354			4591.11067561	4593.04059661	0
1787834700	XAUUSD	M15	4586.07	4594.16840	4659.46029	4506.23902			4587.60233055	4590.32146358	0
1787835600	XAUUSD	M15	4585.37	4593.91388	4659.20577	4505.98450			4584.16563529	4587.24354944	0
1787836500	XAUUSD	M15	4589.53	4593.65936	4658.95125	4505.72998			4581.28407565	4584.26381254	0
1787837400	XAUUSD	M15	4578.54	4593.40484	4658.69674	4505.47546			4579.21970539	4581.74175897	0
1787838300	XAUUSD	M15	4572.50	4593.15032	4658.44222	4505.22094		4565.69000	4578.52293232	4580.13234564	0
1787839200	XAUUSD	M15	4573.64	4592.89581	4658.18770	4504.96642			4579.44514517	4579.78874540	0
1787840100	XAUUSD	M15	4581.41	4592.64129	4657.93318	4504.71190			4581.88199361	4580.83536951	1
1787841000	XAUUSD	M15	4595.24	4592.38677	4657.67866	4504.45738			4585.41417587	4583.12477269	0
1787841900	XAUUSD	M15	4591.34	4592.13225	4657.42414	4504.20286			4589.39713606	4586.26095438	0
1787842800	XAUUSD	M15	4592.52	4591.87773	4657.16962	4503.94835			4593.67403252	4589.96749345	0
1787843700	XAUUSD	M15	4592.95	4591.62321	4656.91510	4503.69383			4597.98346910	4593.97548128	0
1787844600	XAUUSD	M15	4601.12	4591.36869	4656.66058	4503.43931			4602.10615995	4598.04082061	0
1787845500	XAUUSD	M15	4610.34	4591.11417	4656.40606	4503.18479			4605.62582564	4601.83332313	0
1787846400	XAUUSD	M15	4604.51	4590.85965	4656.15155	4502.93027			4608.20029627	4605.01680970	0
1787847300	XAUUSD	M15	4607.73	4590.60513	4655.89703	4502.67575			4609.97249442	4607.49465206	0
1787848200	XAUUSD	M15	4611.48	4590.35061	4655.64251	4502.42123			4610.89984634	4609.19724920	0
1787849100	XAUUSD	M15	4614.92	4590.09610	4655.38799	4502.16671			4610.99046584	4610.09385752	0
1787850000	XAUUSD	M15	4610.17	4589.84158	4655.13347	4501.91219			4610.35602150	4610.22493951	0
1787850900	XAUUSD	M15	4610.30	4589.58706	4654.87895	4501.65767			4609.40726123	4609.81610037	1
1787851800	XAUUSD	M15	4611.07	4589.33254	4654.62443	4501.40316			4608.41081044	4609.11345541	0
1787852700	XAUUSD	M15	4606.54	4589.07802	4654.36991	4501.14864			4607.54407748	4608.32876645	0
1787853600	XAUUSD	M15	4605.62	4588.82350	4654.11539	4500.89412			4607.06201967	4607.69539306	0
1787854500	XAUUSD	M15	4601.73	4588.56898	4653.86087	4500.63960			4607.00994343	4607.35266824	0
1787855400	XAUUSD	M15	4604.43	4588.31446	4653.60635	4500.38508			4607.40316468	4607.37791646	1
1787856300	XAUUSD	M15	4610.28	4588.05994	4653.35184	4500.13056			4607.99732417	4607.68762031	0
1787857200	XAUUSD	M15	4615.51	4587.80542	4653.09732	4499.87604	4617.97000		4608.42085630	4608.05423830	0
1787858100	XAUUSD	M15	4605.89	4587.55091	4652.84280	4499.62152			4608.38218767	4608.21821299	0
1787859000	XAUUSD	M15	4609.88	4587.29639	4652.58828	4499.36700			4608.07790455	4608.14805877	1
1787859900	XAUUSD	M15	4609.34	4587.04187	4652.33376	4499.11248			4607.44592619	4607.79699248	0
1787860800	XAUUSD	M15	4604.92	4586.78735	4652.07924	4498.85797			4606.59505272	4607.19602260	0
1787861700	XAUUSD	M15	4603.74	4586.53283	4651.82472	4498.60345			4605.81919773	4606.50761016	0
1787862600	XAUUSD	M15	4603.87	4586.27831	4651.57020	4498.34893			4605.27853067	4605.89307042	0
1787863500	XAUUSD	M15	4601.92	4586.02379	4651.31568	4498.09441			4605.04163150	4605.46735096	0
1787868000	XAUUSD	M15	4604.80	4585.76927	4651.06116	4497.83989			4605.11480380	4605.29107738	0
1787868900	XAUUSD	M15	4607.61	4585.51475	4650.80665	4497.58537			4605.34244101	4605.31675919	1
1787869800	XAUUSD	M15	4607.91	4585.26023	4650.55213	4497.33085			4605.47295645	4605.39485782	0
1787870700	XAUUSD	M15	4610.74	4585.00572	4650.29761	4497.07633			4605.27568793	4605.33527288	1
1787871600	XAUUSD	M15	4603.01	4584.75120	4650.04309	4496.82181			4604.49114458	4604.91320873	0
1787872500	XAUUSD	M15	4601.09	4584.49668	4649.78857	4496.56729			4603.20154813	4604.05737843	0
1787873400	XAUUSD	M15	4599.71	4584.24216	4649.53405	4496.31277			4601.41656956	4602.73697399	0
1787874300	XAUUSD	M15	4594.62	4583.98764	4649.27953	4496.05826			4599.25768806	4600.99733102	0
1787875200	XAUUSD	M15	4600.65	4583.73312	4649.02501	4495.80374			4596.93693427	4598.96713265	0
1787876100	XAUUSD	M15	4594.06	4583.47860	4648.77049	4495.54922			4594.36465458	4596.66589361	0
1787877000	XAUUSD	M15	4591.10	4583.22408	4648.51597	4495.29470			4591.77816123	4594.22202742	0
1787877900	XAUUSD	M15	4588.78	4582.96956	4648.26146	4495.04018			4589.34490123	4591.78346432	0
1787878800	XAUUSD	M15	4593.56	4582.71504	4648.00694	4494.78566			4587.17916814	4589.48131623	0
1787879700	XAUUSD	M15	4585.53	4582.46053	4647.75242	4494.53114			4585.19234842	4587.33683232	0
1787880600	XAUUSD	M15	4582.28	4582.20601	4647.49790	4494.27662			4583.62771779	4585.48227506	0
1787881500	XAUUSD	M15	4575.90	4581.95149	4647.24338	4494.02210			4582.60734738	4584.04481122	0
1787882400	XAUUSD	M15	4581.41	4581.69697	4646.98886	4493.76758			4582.28313112	4583.16397117	0
1787883300	XAUUSD	M15	4583.44	4581.44245	4646.73434	4493.51307			4582.43122335	4582.79759726	0
1787884200	XAUUSD	M15	4585.22	4581.18793	4646.47982	4493.25855			4582.89311874	4582.84535800	1
1787885100	XAUUSD	M15	4586.41	4580.93341	4646.22530	4493.00403			4583.48904690	4583.16720245	0
1787886000	XAUUSD	M15	4584.20	4580.67889	4645.97078	4492.74951			4584.06206473	4583.61463359	0
1787886900	XAUUSD	M15	4588.01	4580.42437	4645.71627	4492.49499			4584.51998500	4584.06730929	0
1787887800	XAUUSD	M15	4581.98	4580.16985	4645.46175	4492.24047			4584.60013529	4584.33372229	0
1787888700	XAUUSD	M15	4579.95	4579.91534	4645.20723	4491.98595			4584.32081938	4584.32727083	1
1787889600	XAUUSD	M15	4579.51	4579.66082	4644.95271	4491.73143			4583.66088958	4583.99408021	0
1787890500	XAUUSD	M15	4584.76	4579.40630	4644.69819	4491.47691			4582.60251580	4583.29829800	0
1787891400	XAUUSD	M15	4579.95	4579.15178	4644.44367	4491.22239			4581.08319812	4582.19074806	0
1787892300	XAUUSD	M15	4584.31	4578.89726	4644.18915	4490.96788			4579.45249808	4580.82162307	0
1787893200	XAUUSD	M15	4579.90	4578.64274	4643.93463	4490.71336			4577.93873488	4579.38017897	0
1787894100	XAUUSD	M15	4584.08	4578.38822	4643.68011	4490.45884			4577.11655756	4578.24836827	0
1787895000	XAUUSD	M15	4572.75	4578.13370	4643.42559	4490.20432		4571.78000	4577.30675297	4577.77756062	0
1787895900	XAUUSD	M15	4573.39	4577.87918	4643.17108	4489.94980			4579.14590887	4578.46173474	1
1787896800	XAUUSD	M15	4581.86	4577.62466	4642.91656	4489.69528			4582.70696699	4580.58435087	0
1787897700	XAUUSD	M15	4584.98	4577.37015	4642.66204	4489.44076			4587.59161672	4584.08798379	0
1787898600	XAUUSD	M15	4588.22	4577.11563	4642.40752	4489.18624			4593.29324509	4588.69061444	0
1787899500	XAUUSD	M15	4612.65	4576.86111	4642.15300	4488.93172			4599.26859145	4593.97960294	0
1787900400	XAUUSD	M15	4600.76	4576.60659	4641.89848	4488.67720			4604.22097046	4599.10028670	0
1787901300	XAUUSD	M15	4607.44	4576.35207	4641.64396	4488.42269			4607.94325900	4603.52177285	0
1787902200	XAUUSD	M15	4609.17	4576.09755	4641.38944	4488.16817			4609.99168401	4606.75672843	0
1787903100	XAUUSD	M15	4611.72	4575.84303	4641.13492	4487.91365			4610.39511611	4608.57592227	0
1787904000	XAUUSD	M15	4611.72	4575.58851	4640.88040	4487.65913	4614.53000		4609.41941075	4608.99766651	0
1787904900	XAUUSD	M15	4608.92	4575.33399	4640.62589	4487.40461			4607.65238053	4608.32502352	1
1787905800	XAUUSD	M15	4603.66	4575.07947	4640.37137	4487.15009			4605.76542434	4607.04522393	0
1787906700	XAUUSD	M15	4602.95	4574.82495	4640.11685	4486.89557			4604.37720870	4605.71121632	0
1787907600	XAUUSD	M15	4601.69	4574.57044	4639.86233	4486.64105			4603.74359656	4604.72740644	0
1787908500	XAUUSD	M15	4601.85	4574.31592	4639.60781	4486.38653			4603.83777281	4604.28258962	0
1787909400	XAUUSD	M15	4604.08	4574.06140	4639.35329	4486.13201			4604.33672361	4604.30965662	1
1787910300	XAUUSD	M15	4605.21	4573.80688	4639.09877	4485.87750			4604.75398922	4604.53182292	0
1787911200	XAUUSD	M15	4608.65	4573.55236	4638.84425	4485.62298			4604.68666905	4604.60924598	0
1787912100	XAUUSD	M15	4605.41	4573.29784	4638.58973	4485.36846			4603.85281833	4604.23103216	1
1787913000	XAUUSD	M15	4602.88	4573.04332	4638.33521	4485.11394			4602.35106812	4603.29105014	0
1787913900	XAUUSD	M15	4600.18	4572.78880	4638.08069	4484.85942			4600.49426227	4601.89265621	0
1787914800	XAUUSD	M15	4598.84	4572.53428	4637.82618	4484.60490			4598.69445483	4600.29355552	0
1787915700	XAUUSD	M15	4599.00	4572.27976	4637.57166	4484.35038			4597.34442772	4598.81899162	0
1787916600	XAUUSD	M15	4594.70	4572.02525	4637.31714	4484.09586			4596.65628785	4597.73763974	0
1787917500	XAUUSD	M15	4593.45	4571.77073	4637.06262	4483.84134			4596.78563054	4597.26163514	0
1787918400	XAUUSD	M15	4594.45	4571.51621	4636.80810	4483.58682			4597.56629141	4597.41396327	1
1787919300	XAUUSD	M15	4601.41	4571.26169	4636.55358	4483.33231			4598.60848334	4598.01122331	0
1787920200	XAUUSD	M15	4591.99	4571.00717	4636.29906	4483.07779			4599.26734308	4598.63928319	0
1787921100	XAUUSD	M15	4601.74	4570.75265	4636.04454	4482.82327			4599.33866551	4598.98897435	0
1787922000	XAUUSD	M15	4598.94	4570.49813	4635.79002	4482.56875			4598.18923815	4598.58910625	1
1787922900	XAUUSD	M15	4603.93	4570.24361	4635.53550	4482.31423			4595.72339077	4597.15624851	0
1787923800	XAUUSD	M15	4604.77	4569.98909	4635.28099	4482.05971			4591.81018685	4594.48321768	0
1787924700	XAUUSD	M15	4608.55	4569.73457	4635.02647	4481.80519			4586.56982193	4590.52651981	0
1787925600	XAUUSD	M15	4545.51	4569.48006	4634.77195	4481.55067	4631.95000		4580.15157981	4585.33904981	0
1787926500	XAUUSD	M15	4552.04	4569.22554	4634.51743	4481.29615			4574.37914117	4579.85909549	0
1787927400	XAUUSD	M15	4561.28	4568.97102	4634.26291	4481.04163			4568.82881663	4574.34395606	0
1787928300	XAUUSD	M15	4576.61	4568.71650	4634.00839	4480.78711			4562.71998183	4568.53196894	0
1787929200	XAUUSD	M15	4559.45	4568.46198	4633.75387	4480.53260			4554.95497888	4561.74347391	0
1787930100	XAUUSD	M15	4566.93	4568.20746	4633.49935	4480.27808			4545.45340572	4553.59843982	0
1787931000	XAUUSD	M15	4538.71	4567.95294	4633.24483	4480.02356			4533.76228873	4543.68036427	0
1787931900	XAUUSD	M15	4524.71	4567.69842	4632.99031	4479.76904			4520.81294438	4532.24665433	0
1787932800	XAUUSD	M15	4497.85	4567.44390	4632.73580	4479.51452			4507.52434779	4519.88550106	0
1787933700	XAUUSD	M15	4481.08	4567.18938	4632.48128	4479.26000			4495.27038654	4507.57794380	0
1787934600	XAUUSD	M15	4469.05	4566.93487	4632.22676	4479.00548			4485.05975056	4496.31884718	0
1787935500	XAUUSD	M15	4479.50	4566.68035	4631.97224	4478.75096			4477.45035930	4486.88460324	0
1787936400	XAUUSD	M15	4480.71	4566.42583	4631.71772	4478.49644			4471.98364588	4479.43412456	0
1787937300	XAUUSD	M15	4477.97	4566.17131	4631.46320	4478.24192			4468.14562488	4473.78987472	0
1787938200	XAUUSD	M15	4467.41	4565.91679	4631.20868	4477.98741			4465.44526212	4469.61756842	0
1787939100	XAUUSD	M15	4469.30	4565.66227	4630.95416	4477.73289			4463.60853941	4466.61305392	0
1787940000	XAUUSD	M15	4461.15	4565.40775	4630.69964	4477.47837			4462.10797309	4464.36051350	0
1787940900	XAUUSD	M15	4456.32	4565.15323	4630.44512	4477.22385			4460.87351596	4462.61701473	0
1787941800	XAUUSD	M15	4451.32	4564.89871	4630.19061	4476.96933			4459.83445419	4461.22573446	0
1787942700	XAUUSD	M15	4457.08	4564.64419	4629.93609	4476.71481			4459.08412035	4460.15492741	0
1787943600	XAUUSD	M15	4457.10	4564.38968	4629.68157	4476.46029			4458.51769445	4459.33631093	0
1787944500	XAUUSD	M15	4462.29	4564.13516	4629.42705	4476.20577			4458.23012129	4458.78321611	0
1787945400	XAUUSD	M15	4465.06	4563.88064	4629.17253	4475.95125			4458.13893507	4458.46107559	0
1787946300	XAUUSD	M15	4458.25	4563.62612	4628.91801	4475.69673			4458.17509023	4458.31808291	0
1787947200	XAUUSD	M15	4457.82	4563.37160	4628.66349	4475.44222			4458.45654998	4458.38731645	1
1787948100	XAUUSD	M15	4457.94	4563.11708	4628.40897	4475.18770			4458.86827004	4458.62779325	0
1787949000	XAUUSD	M15	4457.37	4562.86256	4628.15445	4474.93318			4459.19939675	4458.91359500	0
1787949900	XAUUSD	M15	4456.30	4562.60804	4627.89993	4474.67866			4459.30612939	4459.10986220	0
1788127200	XAUUSD	M15	4458.84	4562.35352	4627.64542	4474.42414			4459.08630842	4459.09808531	1
1788128100	XAUUSD	M15	4459.57	4562.09900	4627.39090	4474.16962			4458.51135011	4458.80471771	0
1788129000	XAUUSD	M15	4457.71	4561.84449	4627.13638	4473.91510			4457.72323320	4458.26397546	0
1788129900	XAUUSD	M15	4461.43	4561.58997	4626.88186	4473.66058			4457.18007713	4457.72202629	0
1788130800	XAUUSD	M15	4460.69	4561.33545	4626.62734	4473.40606			4456.99431287	4457.35816958	0
1788131700	XAUUSD	M15	4457.65	4561.08093	4626.37282	4473.15154			4457.25329543	4457.30573251	0
1788132600	XAUUSD	M15	4447.50	4560.82641	4626.11830	4472.89703			4457.91184673	4457.60878962	1
1788133500	XAUUSD	M15	4458.52	4560.57189	4625.86378	4472.64251			4458.97227086	4458.29053024	0
1788134400	XAUUSD	M15	4462.00	4560.31737	4625.60926	4472.38799			4459.64582404	4458.96817714	0
1788135300	XAUUSD	M15	4456.90	4560.06285	4625.35474	4472.13347			4459.39088781	4459.17953248	0
1788136200	XAUUSD	M15	4465.16	4559.80833	4625.10022	4471.87895	4472.10000		4457.97981210	4458.57967229	1
1788137100	XAUUSD	M15	4456.14	4559.55381	4624.84571	4471.62443			4455.03353974	4456.80660601	0
1788138000	XAUUSD	M15	4443.85	4559.29929	4624.59119	4471.36991			4450.82199705	4453.81430153	0
1788138900	XAUUSD	M15	4443.94	4559.04478	4624.33667	4471.11539			4445.88036632	4449.84733393	0
1788139800	XAUUSD	M15	4450.86	4558.79026	4624.08215	4470.86087			4440.45400257	4445.15066825	0
1788140700	XAUUSD	M15	4440.27	4558.53574	4623.82763	4470.60635			4434.67351020	4439.91208922	0
1788141600	XAUUSD	M15	4424.37	4558.28122	4623.57311	4470.35184			4429.20396473	4434.55802697	0
1788142500	XAUUSD	M15	4423.12	4558.02670	4623.31859	4470.09732			4424.80937570	4429.68370134	0
1788143400	XAUUSD	M15	4403.04	4557.77218	4623.06407	4469.84280			4421.69135027	4425.68752581	0
1788144300	XAUUSD	M15	4422.93	4557.51766	4622.80955	4469.58828		4396.53000	4420.34378557	4423.01565569	0
1788145200	XAUUSD	M15	4428.10	4557.26314	4622.55503	4469.33376			4420.00218408	4421.50891988	0
1788146100	XAUUSD	M15	4427.85	4557.00862	4622.30052	4469.07924			4420.18650352	4420.84771170	0
1788147000	XAUUSD	M15	4422.81	4556.75410	4622.04600	4468.82472			4420.58733311	4420.71752241	0
1788147900	XAUUSD	M15	4422.64	4556.49959	4621.79148	4468.57020			4421.16132925	4420.93942583	1
1788148800	XAUUSD	M15	4421.17	4556.24507	4621.53696	4468.31568			4421.84581926	4421.39262254	0
1788149700	XAUUSD	M15	4415.94	4555.99055	4621.28244	4468.06116			4422.76650996	4422.07956625	0
1788150600	XAUUSD	M15	4420.19	4555.73603	4621.02792	4467.80664			4424.19613278	4423.13784952	0
1788151500	XAUUSD	M15	4424.61	4555.48151	4620.77340	4467.55213			4426.10927821	4424.62356387	0
1788152400	XAUUSD	M15	4422.64	4555.22699	4620.51888	4467.29761			4428.41828623	4426.52092505	0
1788153300	XAUUSD	M15	4440.24	4554.97247	4620.26436	4467.04309			4431.11017126	4428.81554815	0
1788154200	XAUUSD	M15	4437.68	4554.71795	4620.00984	4466.78857			4433.58601938	4431.20078377	0
1788155100	XAUUSD	M15	4442.92	4554.46343	4619.75533	4466.53405			4435.75636250	4433.47857313	0
1788156000	XAUUSD	M15	4432.07	4554.20891	4619.50081	4466.27953			4437.41865530	4435.44861421	0
1788156900	XAUUSD	M15	4435.78	4553.95440	4619.24629	4466.02501			4438.88383391	4437.16622406	0
1788157800	XAUUSD	M15	4439.51	4553.69988	4618.99177	4465.77049			4440.08105150	4438.62363778	0
1788158700	XAUUSD	M15	4439.47	4553.44536	4618.73725	4465.51597			4440.90206792	4439.76285285	0
1788159600	XAUUSD	M15	4436.16	4553.19084	4618.48273	4465.26145			4441.38350044	4440.57317665	0
1788160500	XAUUSD	M15	4444.01	4552.93632	4618.22821	4465.00694			4441.63252470	4441.10285067	0
1788161400	XAUUSD	M15	4446.52	4552.68180	4617.97369	4464.75242			4441.45560279	4441.27922673	0
1788162300	XAUUSD	M15	4443.37	4552.42728	4617.71917	4464.49790			4440.84817656	4441.06370165	1
1788163200	XAUUSD	M15	4438.89	4552.17276	4617.46465	4464.24338			4440.04842849	4440.55606507	0
1788164100	XAUUSD	M15	4440.43	4551.91824	4617.21014	4463.98886			4439.34409681	4439.95008094	0
1788165000	XAUUSD	M15	4435.48	4551.66372	4616.95562	4463.73434			4438.88831564	4439.41919829	0
1788165900	XAUUSD	M15	4435.64	4551.40921	4616.70110	4463.47982			4438.96835216	4439.19377523	0
1788166800	XAUUSD	M15	4442.90	4551.15469	4616.44658	4463.22530			4439.66845689	4439.43111606	1
1788167700	XAUUSD	M15	4439.09	4550.90017	4616.19206	4462.97078			4440.83004606	4440.13058106	0
1788168600	XAUUSD	M15	4442.98	4550.64565	4615.93754	4462.71626			4442.58012756	4441.35535431	0
1788169500	XAUUSD	M15	4445.16	4550.39113	4615.68302	4462.46175			4444.81008105	4443.08271768	0
1788170400	XAUUSD	M15	4451.55	4550.13661	4615.42850	4462.20723			4447.38498757	4445.23385262	0
1788171300	XAUUSD	M15	4448.42	4549.88209	4615.17398	4461.95271			4450.02951609	4447.63168436	0
1788172200	XAUUSD	M15	4450.93	4549.62757	4614.91946	4461.69819			4452.61469868	4450.12319152	0
1788173100	XAUUSD	M15	4453.90	4549.37305	4614.66495	4461.44367			4454.85578046	4452.48948599	0
1788174000	XAUUSD	M15	4453.69	4549.11853	4614.41043	4461.18915			4456.45851866	4454.47400232	0
1788174900	XAUUSD	M15	4463.25	4548.86402	4614.15591	4460.93463	4464.03000		4457.23591972	4455.85496102	0
1788175800	XAUUSD	M15	4454.77	4548.60950	4613.90139	4460.68011			4456.79857570	4456.32676836	0
1788176700	XAUUSD	M15	4455.42	4548.35498	4613.64687	4460.42559			4455.34031393	4455.83354114	1
1788177600	XAUUSD	M15	4457.32	4548.10046	4613.39235	4460.17107			4452.91580984	4454.37467549	0
1788178500	XAUUSD	M15	4447.62	4547.84594	4613.13783	4459.91656			4449.62029370	4451.99748460	0
1788179400	XAUUSD	M15	4440.51	4547.59142	4612.88331	4459.66204			4445.89892115	4448.94820287	0
1788180300	XAUUSD	M15	4435.85	4547.33690	4612.62879	4459.40752			4442.17026748	4445.55923518	0
1788181200	XAUUSD	M15	4445.99	4547.08238	4612.37427	4459.15300			4438.68917406	4442.12420462	0
1788182100	XAUUSD	M15	4445.62	4546.82786	4612.11976	4458.89848			4435.29369351	4438.70894907	0
1788183000	XAUUSD	M15	4433.66	4546.57334	4611.86524	4458.64396			4432.09410578	4435.40152742	0
1788183900	XAUUSD	M15	4418.48	4546.31882	4611.61072	4458.38944		4415.83000	4429.55136099	4432.47644421	0
1788184800	XAUUSD	M15	4427.64	4546.06431	4611.35620	4458.13492			4428.14535786	4430.31090103	0
1788185700	XAUUSD	M15	4420.20	4545.80979	4611.10168	4457.88040			4427.59857393	4428.95473748	0
1788186600	XAUUSD	M15	4433.00	4545.55527	4610.84716	4457.62588			4427.97646022	4428.46559885	0
1788187500	XAUUSD	M15	4431.60	4545.30075	4610.59264	4457.37137			4428.75688608	4428.61124246	1
1788188400	XAUUSD	M15	4435.25	4545.04623	4610.33812	4457.11685			4429.76464396	4429.18794321	0
1788189300	XAUUSD	M15	4433.04	4544.79171	4610.08360	4456.86233			4430.74575645	4429.96684983	0
1788190200	XAUUSD	M15	4427.40	4544.53719	4609.82908	4456.60781			4431.67640571	4430.82162777	0
1788191100	XAUUSD	M15	4426.26	4544.28267	4609.57456	4456.35329			4432.68115647	4431.75139212	0
1788192000	XAUUSD	M15	4434.81	4544.02815	4609.32005	4456.09877			4433.74183531	4432.74661371	0
1788192900	XAUUSD	M15	4438.40	4543.77363	4609.06553	4455.84425			4434.58347936	4433.66504653	0
1788193800	XAUUSD	M15	4435.75	4543.51912	4608.81101	4455.58973			4435.02842378	4434.34673516	0
1788194700	XAUUSD	M15	4433.32	4543.26460	4608.55649	4455.33521			4435.08203035	4434.71438275	0
1788195600	XAUUSD	M15	4433.91	4543.01008	4608.30197	4455.08069			4434.79647014	4434.75542645	0
1788196500	XAUUSD	M15	4430.49	4542.75556	4608.04745	4454.82618			4434.15724150	4434.45633397	1
1788197400	XAUUSD	M15	4436.51	4542.50104	4607.79293	4454.57166			4433.34714326	4433.90173862	0
1788198300	XAUUSD	M15	4436.57	4542.24652	4607.53841	4454.31714			4432.37572328	4433.13873095	0
1788199200	XAUUSD	M15	4433.72	4541.99200	4607.28389	4454.06262			4431.52993260	4432.33433177	0
1788200100	XAUUSD	M15	4429.93	4541.73748	4607.02937	4453.80810			4431.21967667	4431.77700422	0
1788201000	XAUUSD	M15	4429.22	4541.48296	4606.77486	4453.55358			4431.80973533	4431.79336977	1
1788201900	XAUUSD	M15	4430.87	4541.22844	4606.52034	4453.29906			4433.49183701	4432.64260339	0
1788202800	XAUUSD	M15	4433.73	4540.97393	4606.26582	4453.04454			4436.19430551	4434.41845445	0
1788203700	XAUUSD	M15	4440.40	4540.71941	4606.01130	4452.79002			4439.63381488	4437.02613467	0
1788204600	XAUUSD	M15	4443.04	4540.46489	4605.75678	4452.53550			4443.27329950	4440.14971708	0
1788205500	XAUUSD	M15	4453.26	4540.21037	4605.50226	4452.28098			4446.62761076	4443.38866392	0
1788206400	XAUUSD	M15	4450.05	4539.95585	4605.24774	4452.02647			4449.07383150	4446.23124771	0
1788207300	XAUUSD	M15	4447.34	4539.70133	4604.99322	4451.77195			4450.48790234	4448.35957503	0
1788208200	XAUUSD	M15	4448.23	4539.44681	4604.73870	4451.51743			4450.90815683	4449.63386593	0
1788209100	XAUUSD	M15	4449.12	4539.19229	4604.48418	4451.26291			4450.41445502	4450.02416047	0
1788213600	XAUUSD	M15	4451.82	4538.93777	4604.22967	4451.00839			4449.27053722	4449.64734885	1
1788214500	XAUUSD	M15	4449.83	4538.68325	4603.97515	4450.75387			4447.80188266	4448.72461575	0
1788215400	XAUUSD	M15	4447.93	4538.42874	4603.72063	4450.49935			4446.54955576	4447.63708576	0
1788216300	XAUUSD	M15	4447.09	4538.17422	4603.46611	4450.24483			4445.94337879	4446.79023228	0
1788217200	XAUUSD	M15	4444.13	4537.91970	4603.21159	4449.99031			4446.23179691	4446.51101459	0
1788218100	XAUUSD	M15	4443.32	4537.66518	4602.95707	4449.73579			4447.43059868	4446.97080664	1
1788219000	XAUUSD	M15	4445.60	4537.41066	4602.70255	4449.48128			4449.31389331	4448.14234998	0
1788219900	XAUUSD	M15	4452.31	4537.15614	4602.44803	4449.22676			4451.38146887	4449.76190942	0
1788220800	XAUUSD	M15	4455.24	4536.90162	4602.19351	4448.97224			4452.99570179	4451.37880561	0
1788221700	XAUUSD	M15	4460.10	4536.64710	4601.93899	4448.71772	4461.41000		4453.71468620	4452.54674590	0
1788222600	XAUUSD	M15	4453.36	4536.39258	4601.68448	4448.46320			4453.20950264	4452.87812427	0
1788223500	XAUUSD	M15	4453.60	4536.13806	4601.42996	4448.20868			4451.69893562	4452.28852995	1
1788224400	XAUUSD	M15	4446.39	4535.88355	4601.17544	4447.95416			4449.42713858	4450.85783426	0
1788225300	XAUUSD	M15	4439.82	4535.62903	4600.92092	4447.69964			4446.91796433	4448.88789929	0
1788226200	XAUUSD	M15	4445.69	4535.37451	4600.66640	4447.44512			4444.66167379	4446.77478654	0
1788227100	XAUUSD	M15	4444.42	4535.11999	4600.41188	4447.19060			4442.69998559	4444.73738606	0
1788228000	XAUUSD	M15	4445.07	4534.86547	4600.15736	4446.93609			4441.16389809	4442.95064208	0
1788228900	XAUUSD	M15	4440.60	4534.61095	4599.90284	4446.68157			4439.99375473	4441.47219840	0
1788229800	XAUUSD	M15	4431.86	4534.35643	4599.64832	4446.42705			4439.18486879	4440.32853360	0
1788230700	XAUUSD	M15	4443.09	4534.10191	4599.39380	4446.17253			4438.72988679	4439.52921020	0
1788231600	XAUUSD	M15	4439.93	4533.84739	4599.13929	4445.91801			4438.08060199	4438.80490609	0
1788232500	XAUUSD	M15	4434.07	4533.59287	4598.88477	4445.66349			4437.13287152	4437.96888881	0
1788233400	XAUUSD	M15	4438.59	4533.33836	4598.63025	4445.40897			4435.94268969	4436.95578925	0
1788234300	XAUUSD	M15	4436.70	4533.08384	4598.37573	4445.15445			4434.38828622	4435.67203774	0
1788235200	XAUUSD	M15	4431.17	4532.82932	4598.12121	4444.89993			4432.61440993	4434.14322383	0
1788236100	XAUUSD	M15	4429.68	4532.57480	4597.86669	4444.64541			4430.96932800	4432.55627592	0
1788237000	XAUUSD	M15	4427.83	4532.32028	4597.61217	4444.39090			4429.74001529	4431.14814560	0
1788237900	XAUUSD	M15	4426.69	4532.06576	4597.35765	4444.13638			4429.20146071	4430.17480316	0
1788238800	XAUUSD	M15	4429.35	4531.81124	4597.10313	4443.88186			4429.51246900	4429.84363608	0
1788239700	XAUUSD	M15	4426.69	4531.55672	4596.84861	4443.62734			4430.58590273	4430.21476940	1
1788240600	XAUUSD	M15	4442.75	4531.30220	4596.59410	4443.37282			4432.32401068	4431.26939004	0
1788241500	XAUUSD	M15	4440.15	4531.04768	4596.33958	4443.11830			4434.02061496	4432.64500250	0
1788242400	XAUUSD	M15	4432.86	4530.79316	4596.08506	4442.86378			4435.33089544	4433.98794897	0
1788243300	XAUUSD	M15	4429.02	4530.53865	4595.83054	4442.60926			4436.01426871	4435.00110884	0
1788244200	XAUUSD	M15	4434.93	4530.28413	4595.57602	4442.35474			4435.76987115	4435.38549000	0
1788245100	XAUUSD	M15	4429.64	4530.02961	4595.32150	4442.10022			4434.06811609	4434.72680304	1
1788246000	XAUUSD	M15	4433.20	4529.77509	4595.06698	4441.84571			4430.75254346	4432.73967325	0
1788246900	XAUUSD	M15	4426.20	4529.52057	4594.81246	4441.59119			4425.53150270	4429.13558798	0
1788247800	XAUUSD	M15	4418.33	4529.26605	4594.55794	4441.33667			4418.55708197	4423.84633497	0
1788248700	XAUUSD	M15	4420.21	4529.01153	4594.30342	4441.08215			4410.18826426	4417.01729962	0
1788249600	XAUUSD	M15	4405.52	4528.75701	4594.04890	4440.82763			4400.70814634	4408.86272298	0
1788250500	XAUUSD	M15	4383.03	4528.50249	4593.79439	4440.57311			4391.06500118	4399.96386208	0
1788251400	XAUUSD	M15	4375.72	4528.24797	4593.53987	4440.31859			4382.50059629	4391.23222918	0
1788252300	XAUUSD	M15	4370.94	4527.99346	4593.28535	4440.06407			4375.80613372	4383.51918145	0
1788253200	XAUUSD	M15	4376.08	4527.73894	4593.03083	4439.80955			4371.48020663	4377.49969404	0
1788254100	XAUUSD	M15	4372.95	4527.48442	4592.77631	4439.55503			4369.43926036	4373.46947720	0
1788255000	XAUUSD	M15	4371.67	4527.22990	4592.52179	4439.30052			4369.57834144	4371.52390932	0
1788255900	XAUUSD	M15	4364.91	4526.97538	4592.26727	4439.04600			4371.51540093	4371.51965512	0
1788256800	XAUUSD	M15	4378.33	4526.72086	4592.01275	4438.79148			4374.81856901	4373.16911207	1
1788257700	XAUUSD	M15	4384.98	4526.46634	4591.75823	4438.53696			4378.42454631	4375.79682919	0
1788258600	XAUUSD	M15	4381.61	4526.21182	4591.50371	4438.28244			4381.40490308	4378.60086613	0
1788259500	XAUUSD	M15	4378.18	4525.95730	4591.24920	4438.02792			4383.25212549	4380.92649581	0
1788260400	XAUUSD	M15	4377.25	4525.70278	4590.99468	4437.77340			4383.63325946	4382.27987763	0
1788261300	XAUUSD	M15	4380.61	4525.44827	4590.74016	4437.51888			4382.34506440	4382.31247102	0
1788262200	XAUUSD	M15	4384.31	4525.19375	4590.48564	4437.26436			4379.28652790	4380.79949946	1
1788263100	XAUUSD	M15	4374.77	4524.93923	4590.23112	4437.00984			4374.60128690	4377.70039318	0
1788264000	XAUUSD	M15	4370.97	4524.68471	4589.97660	4436.75532			4369.02348173	4373.36193745	0
1788264900	XAUUSD	M15	4368.53	4524.43019	4589.72208	4436.50081			4363.28914598	4368.32554171	0
1788265800	XAUUSD	M15	4364.88	4524.17567	4589.46756	4436.24629			4358.10456573	4363.21505372	0
1788266700	XAUUSD	M15	4356.39	4523.92115	4589.21304	4435.99177			4354.12530264	4358.67017818	0
1788267600	XAUUSD	M15	4329.61	4523.66663	4588.95852	4435.73725		4326.21000	4351.96152299	4355.31585059	0
1788268500	XAUUSD	M15	4342.99	4523.41211	4588.70401	4435.48273			4352.36025904	4353.83805481	0
1788269400	XAUUSD	M15	4361.82	4523.15759	4588.44949	4435.22821			4354.67122459	4354.25463970	1
1788270300	XAUUSD	M15	4365.84	4522.90308	4588.19497	4434.97369			4357.84731836	4356.05097903	0
1788271200	XAUUSD	M15	4370.22	4522.64856	4587.94045	4434.71917			4361.17398787	4358.61248345	0
1788272100	XAUUSD	M15	4365.94	4522.39404	4587.68593	4434.46465			4363.99962146	4361.30605245	0
1788273000	XAUUSD	M15	4367.01	4522.13952	4587.43141	4434.21013			4366.08863077	4363.69734161	0
1788273900	XAUUSD	M15	4360.28	4521.88500	4587.17689	4433.95562			4367.22998834	4365.46366498	0
1788274800	XAUUSD	M15	4357.07	4521.63048	4586.92237	4433.70110			4367.57838575	4366.52102536	0
1788275700	XAUUSD	M15	4365.70	4521.37596	4586.66785	4433.44658			4367.25705087	4366.88903812	0
1788276600	XAUUSD	M15	4370.79	4521.12144	4586.41333	4433.19206			4366.09448737	4366.49176275	1
1788277500	XAUUSD	M15	4372.90	4520.86692	4586.15882	4432.93754			4364.04351565	4365.26763920	0
1788278400	XAUUSD	M15	4362.56	4520.61240	4585.90430	4432.68302			4361.21627138	4363.24195529	0
1788279300	XAUUSD	M15	4352.90	4520.35789	4585.64978	4432.42850			4358.04961481	4360.64578505	0
1788280200	XAUUSD	M15	4354.87	4520.10337	4585.39526	4432.17398			4354.95928707	4357.80253606	0
1788281100	XAUUSD	M15	4351.28	4519.84885	4585.14074	4431.91946			4351.92414281	4354.86333944	0
1788282000	XAUUSD	M15	4346.39	4519.59433	4584.88622	4431.66494			4349.02223979	4351.94278961	0
1788282900	XAUUSD	M15	4349.96	4519.33981	4584.63170	4431.41043			4346.33716040	4349.13997500	0
1788283800	XAUUSD	M15	4344.18	4519.08529	4584.37718	4431.15591			4343.73018643	4346.43508072	0
1788284700	XAUUSD	M15	4342.96	4518.83077	4584.12266	4430.90139			4341.23317049	4343.83412561	0
1788285600	XAUUSD	M15	4336.43	4518.57625	4583.86814	4430.64687			4338.79880950	4341.31646755	0
1788286500	XAUUSD	M15	4337.51	4518.32173	4583.61363	4430.39235			4336.58644927	4338.95145841	0
1788287400	XAUUSD	M15	4329.66	4518.06721	4583.35911	4430.13783			4334.59376191	4336.77261016	0
1788288300	XAUUSD	M15	4331.76	4517.81270	4583.10459	4429.88331			4333.01999343	4334.89630180	0
1788289200	XAUUSD	M15	4337.34	4517.55818	4582.85007	4429.62879			4331.75040937	4333.32335558	0
1788290100	XAUUSD	M15	4334.52	4517.30366	4582.59555	4429.37427			4330.53541290	4331.92938424	0
1788291000	XAUUSD	M15	4326.44	4517.04914	4582.34103	4429.11975			4329.35471275	4330.64204849	0
1788291900	XAUUSD	M15	4327.17	4516.79462	4582.08651	4428.86524			4328.38829759	4329.51517304	0
1788292800	XAUUSD	M15	4325.74	4516.54010	4581.83199	4428.61072			4327.61678082	4328.56597693	0
1788293700	XAUUSD	M15	4326.09	4516.28558	4581.57747	4428.35620			4327.09966649	4327.83282171	0
1788294600	XAUUSD	M15	4327.64	4516.03106	4581.32295	4428.10168			4326.87996676	4327.35639424	0
1788295500	XAUUSD	M15	4328.20	4515.77654	4581.06843	4427.84716			4327.00615314	4327.18127369	0
1788300000	XAUUSD	M15	4329.19	4515.52202	4580.81392	4427.59264			4327.44922642	4327.31525005	1
1788300900	XAUUSD	M15	4327.79	4515.26750	4580.55940	4427.33812			4328.10003065	4327.70764035	0
1788301800	XAUUSD	M15	4328.31	4515.01299	4580.30488	4427.08360			4328.92635126	4328.31699580	0
1788302700	XAUUSD	M15	4329.37	4514.75847	4580.05036	4426.82908			4329.78792132	4329.05245856	0
1788303600	XAUUSD	M15	4330.63	4514.50395	4579.79584	4426.57456			4330.53014688	4329.79130272	0
1788304500	XAUUSD	M15	4330.87	4514.24943	4579.54132	4426.32005			4330.94653153	4330.36891713	0
1788305400	XAUUSD	M15	4333.78	4513.99491	4579.28680	4426.06553			4330.87060202	4330.61975957	0
1788306300	XAUUSD	M15	4324.40	4513.74039	4579.03228	4425.81101			4330.06118194	4330.34047076	1
1788307200	XAUUSD	M15	4328.07	4513.48587	4578.77776	4425.55649			4328.62242232	4329.48144654	0
1788308100	XAUUSD	M15	4325.85	4513.23135	4578.52324	4425.30197			4326.36899146	4327.92521900	0
1788309000	XAUUSD	M15	4330.12	4512.97683	4578.26873	4425.04745			4323.33926136	4325.63224018	0
1788309900	XAUUSD	M15	4315.81	4512.72231	4578.01421	4424.79293			4319.52676019	4322.57950018	0
1788310800	XAUUSD	M15	4317.63	4512.46780	4577.75969	4424.53841			4315.52079389	4319.05014704	0
1788311700	XAUUSD	M15	4317.22	4512.21328	4577.50517	4424.28389			4311.49105269	4315.27059986	0
1788312600	XAUUSD	M15	4309.12	4511.95876	4577.25065	4424.02937			4307.67412539	4311.47236263	0
1788313500	XAUUSD	M15	4291.00	4511.70424	4576.99613	4423.77485			4304.44014881	4307.95625572	0
1788314400	XAUUSD	M15	4296.13	4511.44972	4576.74161	4423.52034			4302.30113480	4305.12869526	0
1788315300	XAUUSD	M15	4304.41	4511.19520	4576.48709	4423.26582			4300.99799118	4303.06334322	0
1788316200	XAUUSD	M15	4309.32	4510.94068	4576.23257	4423.01130			4300.09087214	4301.57710768	0
1788317100	XAUUSD	M15	4302.90	4510.68616	4575.97805	4422.75678			4299.26734594	4300.42222681	0
1788318000	XAUUSD	M15	4300.87	4510.43164	4575.72354	4422.50226			4298.60380192	4299.51301437	0
1788318900	XAUUSD	M15	4293.78	4510.17712	4575.46902	4422.24774			4298.20469318	4298.85885377	0
1788319800	XAUUSD	M15	4288.84	4509.92261	4575.21450	4421.99322		4282.53000	4298.36606937	4298.61246157	0
1788320700	XAUUSD	M15	4303.33	4509.66809	4574.95998	4421.73870			4299.30395907	4298.95821032	1
1788321600	XAUUSD	M15	4304.30	4509.41357	4574.70546	4421.48418			4300.73396511	4299.84608772	0
1788322500	XAUUSD	M15	4302.76	4509.15905	4574.45094	4421.22966			4302.70573753	4301.27591262	0
1788323400	XAUUSD	M15	4304.75	4508.90453	4574.19642	4420.97515			4305.27133291	4303.27362277	0
1788324300	XAUUSD	M15	4307.28	4508.65001	4573.94190	4420.72063			4308.33457925	4305.80410101	0
1788325200	XAUUSD	M15	4310.00	4508.39549	4573.68738	4420.46611			4311.70381675	4308.75395888	0
1788326100	XAUUSD	M15	4313.06	4508.14097	4573.43286	4420.21159			4315.13301380	4311.94348634	0
1788327000	XAUUSD	M15	4323.14	4507.88645	4573.17835	4419.95707			4318.35071499	4315.14710067	0
1788327900	XAUUSD	M15	4319.83	4507.63193	4572.92383	4419.70255			4320.92166399	4318.03438233	0
1788328800	XAUUSD	M15	4326.55	4507.37742	4572.66931	4419.44803			4322.85532746	4320.44485489	0
1788329700	XAUUSD	M15	4322.83	4507.12290	4572.41479	4419.19351			4324.02013051	4322.23249270	0
1788330600	XAUUSD	M15	4324.22	4506.86838	4572.16027	4418.93899			4324.68974426	4323.46111848	0
1788331500	XAUUSD	M15	4321.76	4506.61386	4571.90575	4418.68447			4325.04427163	4324.25269505	0
1788332400	XAUUSD	M15	4326.71	4506.35934	4571.65123	4418.42996			4325.31259955	4324.78264730	0
1788333300	XAUUSD	M15	4326.82	4506.10482	4571.39671	4418.17544			4325.40423812	4325.09344271	0
1788334200	XAUUSD	M15	4322.68	4505.85030	4571.14219	4417.92092			4325.26426413	4325.17885342	0
1788335100	XAUUSD	M15	4323.17	4505.59578	4570.88767	4417.66640			4324.81136899	4324.99511120	1
1788336000	XAUUSD	M15	4325.69	4505.34126	4570.63316	4417.41188			4323.79372106	4324.39441613	0
1788336900	XAUUSD	M15	4323.02	4505.08674	4570.37864	4417.15736			4321.95285722	4323.17363667	0
1788337800	XAUUSD	M15	4322.02	4504.83223	4570.12412	4416.90284			4319.32690200	4321.25026934	0
1788338700	XAUUSD	M15	4312.87	4504.57771	4569.86960	4416.64832			4316.09214090	4318.67120512	0
1788339600	XAUUSD	M15	4313.92	4504.32319	4569.61508	4416.39380			4312.82707198	4315.74913855	0
1788340500	XAUUSD	M15	4309.07	4504.06867	4569.36056	4416.13928			4309.95238912	4312.85076383	0
1788341400	XAUUSD	M15	4310.05	4503.81415	4569.10604	4415.88477			4308.03773147	4310.44424765	0
1788342300	XAUUSD	M15	4308.58	4503.55963	4568.85152	4415.63025			4307.33265458	4308.88845112	0
1788343200	XAUUSD	M15	4306.87	4503.30511	4568.59700	4415.37573		4301.79000	4307.94608044	4308.41726578	0
1788344100	XAUUSD	M15	4309.91	4503.05059	4568.34248	4415.12121			4309.77420251	4309.09573415	1
1788345000	XAUUSD	M15	4309.43	4502.79607	4568.08797	4414.86669			4312.45460488	4310.77516951	0
1788345900	XAUUSD	M15	4309.32	4502.54155	4567.83345	4414.61217			4315.63831288	4313.20674120	0
1788346800	XAUUSD	M15	4322.84	4502.28703	4567.57893	4414.35765			4318.97075896	4316.08875008	0
1788347700	XAUUSD	M15	4321.84	4502.03252	4567.32441	4414.10313			4321.86844612	4318.97859810	0
1788348600	XAUUSD	M15	4324.75	4501.77800	4567.06989	4413.84861			4324.33394131	4321.65626971	0
1788349500	XAUUSD	M15	4332.34	4501.52348	4566.81537	4413.59409			4326.57263869	4324.11445420	0
1788350400	XAUUSD	M15	4333.28	4501.26896	4566.56085	4413.33958			4328.92769053	4326.52107237	0
1788351300	XAUUSD	M15	4336.46	4501.01444	4566.30633	4413.08506			4332.04711315	4329.28409276	0
1788352200	XAUUSD	M15	4334.35	4500.75992	4566.05181	4412.83054			4336.50005259	4332.89207267	0
1788353100	XAUUSD	M15	4331.70	4500.50540	4565.79729	4412.57602			4342.77806103	4337.83506685	0
1788354000	XAUUSD	M15	4339.54	4500.25088	4565.54277	4412.32150			4350.97210785	4344.40358735	0
1788354900	XAUUSD	M15	4358.32	4499.99636	4565.28826	4412.06698			4360.40627460	4352.40493098	0
1788355800	XAUUSD	M15	4378.21	4499.74184	4565.03374	4411.81246			4369.77329944	4361.08911521	0
1788356700	XAUUSD	M15	4385.52	4499.48733	4564.77922	4411.55794			4377.59896708	4369.34404114	0
1788357600	XAUUSD	M15	4387.85	4499.23281	4564.52470	4411.30342	4397.55000		4382.94076294	4376.14240204	0
1788358500	XAUUSD	M15	4387.78	4498.97829	4564.27018	4411.04890			4385.36828798	4380.75534501	0
1788359400	XAUUSD	M15	4385.65	4498.72377	4564.01566	4410.79439			4384.97259167	4382.86396834	0
1788360300	XAUUSD	M15	4377.01	4498.46925	4563.76114	4410.53987			4382.31198081	4382.58797457	1
1788361200	XAUUSD	M15	4372.64	4498.21473	4563.50662	4410.28535			4378.41372963	4380.50085210	0
1788362100	XAUUSD	M15	4372.51	4497.96021	4563.25210	4410.03083			4374.27201475	4377.38643343	0
1788363000	XAUUSD	M15	4366.29	4497.70569	4562.99758	4409.77631			4370.65138592	4374.01890968	0
1788363900	XAUUSD	M15	4372.99	4497.45117	4562.74307	4409.52179			4368.20994590	4371.11442779	0
1788364800	XAUUSD	M15	4372.45	4497.19665	4562.48855	4409.26727			4366.97122789	4369.04282784	0
1788365700	XAUUSD	M15	4368.72	4496.94214	4562.23403	4409.01275			4366.85398846	4367.94840815	0
1788366600	XAUUSD	M15	4365.07	4496.68762	4561.97951	4408.75823			4367.65971582	4367.80406199	0
1788367500	XAUUSD	M15	4368.37	4496.43310	4561.72499	4408.50371			4369.06340732	4368.43373465	1
1788368400	XAUUSD	M15	4368.92	4496.17858	4561.47047	4408.24919			4370.57308936	4369.50341201	0
1788369300	XAUUSD	M15	4369.81	4495.92406	4561.21595	4407.99468			4371.86507908	4370.68424554	0
1788370200	XAUUSD	M15	4376.47	4495.66954	4560.96143	4407.74016			4372.76830872	4371.72627713	0
1788371100	XAUUSD	M15	4377.03	4495.41502	4560.70691	4407.48564			4373.18243914	4372.45435813	0
1788372000	XAUUSD	M15	4370.27	4495.16050	4560.45239	4407.23112			4373.34656351	4372.90046082	0
1788372900	XAUUSD	M15	4373.14	4494.90598	4560.19788	4406.97660			4373.79226852	4373.34636467	0
1788373800	XAUUSD	M15	4373.03	4494.65146	4559.94336	4406.72208			4374.75661324	4374.05148896	0
1788374700	XAUUSD	M15	4374.10	4494.39695	4559.68884	4406.46756			4376.40154707	4375.22651801	0
1788375600	XAUUSD	M15	4379.24	4494.14243	4559.43432	4406.21304			4378.72659917	4376.97655859	0
1788376500	XAUUSD	M15	4381.15	4493.88791	4559.17980	4405.95852			4381.44943432	4379.21299646	0
1788377400	XAUUSD	M15	4388.14	4493.63339	4558.92528	4405.70400			4384.23061608	4381.72180627	0
1788378300	XAUUSD	M15	4390.96	4493.37887	4558.67076	4405.44949			4386.59409339	4384.15794983	0
1788379200	XAUUSD	M15	4386.03	4493.12435	4558.41624	4405.19497			4388.23374266	4386.19584625	0
1788380100	XAUUSD	M15	4386.38	4492.86983	4558.16172	4404.94045			4389.19340070	4387.69462347	0
1788381000	XAUUSD	M15	4387.94	4492.61531	4557.90720	4404.68593			4389.50038718	4388.59750532	0
1788381900	XAUUSD	M15	4388.10	4492.36079	4557.65269	4404.43141			4389.22153853	4388.90952193	0
1788386400	XAUUSD	M15	4390.03	4492.10627	4557.39817	4404.17689			4388.47401539	4388.69176866	1
1788387300	XAUUSD	M15	4389.90	4491.85176	4557.14365	4403.92237			4387.33323606	4388.01250236	0
1788388200	XAUUSD	M15	4384.96	4491.59724	4556.88913	4403.66785			4386.00011370	4387.00630803	0
1788389100	XAUUSD	M15	4384.53	4491.34272	4556.63461	4403.41333			4384.83197651	4385.91914227	0
1788390000	XAUUSD	M15	4384.04	4491.08820	4556.38009	4403.15881			4384.05072321	4384.98493274	0
1788390900	XAUUSD	M15	4382.18	4490.83368	4556.12557	4402.90430			4383.81650600	4384.40071937	0
1788391800	XAUUSD	M15	4385.28	4490.57916	4555.87105	4402.64978			4384.29270848	4384.34671392	0
1788392700	XAUUSD	M15	4385.66	4490.32464	4555.61653	4402.39526			4385.42336567	4384.88503980	1
1788393600	XAUUSD	M15	4390.26	4490.07012	4555.36201	4402.14074			4387.15697243	4386.02100611	0
1788394500	XAUUSD	M15	4387.20	4489.81560	4555.10750	4401.88622			4389.32548188	4387.67324400	0
1788395400	XAUUSD	M15	4387.77	4489.56108	4554.85298	4401.63170			4391.93317811	4389.80321105	0
1788396300	XAUUSD	M15	4395.64	4489.30657	4554.59846	4401.37718			4394.90267340	4392.35294222	0
1788397200	XAUUSD	M15	4401.52	4489.05205	4554.34394	4401.12266			4397.97838370	4395.16566296	0
1788398100	XAUUSD	M15	4401.80	4488.79753	4554.08942	4400.86814			4401.02627290	4398.09596793	0
1788399000	XAUUSD	M15	4400.86	4488.54301	4553.83490	4400.61362			4404.09275161	4401.09435977	0
1788399900	XAUUSD	M15	4410.27	4488.28849	4553.58038	4400.35911			4407.28944900	4404.19190438	0
1788400800	XAUUSD	M15	4411.14	4488.03397	4553.32586	4400.10459			4410.47167977	4407.33179208	0
1788401700	XAUUSD	M15	4411.58	4487.77945	4553.07134	4399.85007			4413.71108705	4410.52143957	0
1788402600	XAUUSD	M15	4413.50	4487.52493	4552.81682	4399.59555			4417.07678048	4413.79911002	0
1788403500	XAUUSD	M15	4420.37	4487.27041	4552.56231	4399.34103			4420.56798365	4417.18354684	0
1788404400	XAUUSD	M15	4428.80	4487.01589	4552.30779	4399.08651			4423.98164099	4420.58259392	0
1788405300	XAUUSD	M15	4429.39	4486.76137	4552.05327	4398.83199			4427.04398942	4423.81329167	0
1788406200	XAUUSD	M15	4426.62	4486.50686	4551.79875	4398.57747			4429.69643529	4426.75486348	0
1788407100	XAUUSD	M15	4431.47	4486.25234	4551.54423	4398.32295			4431.96217511	4429.35851930	0
1788408000	XAUUSD	M15	4431.20	4485.99782	4551.28971	4398.06843			4433.66892700	4431.51372315	0
1788408900	XAUUSD	M15	4436.50	4485.74330	4551.03519	4397.81392			4434.76146999	4433.13759657	0
1788409800	XAUUSD	M15	4437.99	4485.48878	4550.78067	4397.55940			4435.05930584	4434.09845120	0
1788410700	XAUUSD	M15	4437.42	4485.23426	4550.52615	4397.30488			4434.54846802	4434.32345961	0
1788411600	XAUUSD	M15	4429.66	4484.97974	4550.27163	4397.05036			4433.30759650	4433.81552805	1
1788412500	XAUUSD	M15	4425.09	4484.72522	4550.01711	4396.79584			4431.62055000	4432.71803903	0
1788413400	XAUUSD	M15	4432.27	4484.47070	4549.76260	4396.54132			4429.71893367	4431.21848635	0
1788414300	XAUUSD	M15	4431.08	4484.21618	4549.50808	4396.28680			4427.61064331	4429.41456483	0
1788415200	XAUUSD	M15	4427.04	4483.96167	4549.25356	4396.03228			4425.55493346	4427.48474914	0
1788416100	XAUUSD	M15	4421.66	4483.70715	4548.99904	4395.77776			4423.91243264	4425.69859089	0
1788417000	XAUUSD	M15	4425.63	4483.45263	4548.74452	4395.52324			4423.01177217	4424.35518153	0
1788417900	XAUUSD	M15	4420.58	4483.19811	4548.49000	4395.26873			4422.86534289	4423.61026221	0
1788418800	XAUUSD	M15	4421.98	4482.94359	4548.23548	4395.01421			4423.62626965	4423.61826593	1
1788419700	XAUUSD	M15	4426.49	4482.68907	4547.98096	4394.75969			4425.20058885	4424.40942739	0
1788420600	XAUUSD	M15	4426.83	4482.43455	4547.72644	4394.50517			4427.30133402	4425.85538071	0
1788421500	XAUUSD	M15	4428.83	4482.18003	4547.47192	4394.25065			4429.68329616	4427.76933843	0
1788422400	XAUUSD	M15	4431.23	4481.92551	4547.21741	4393.99613			4432.07326383	4429.92130113	0
1788423300	XAUUSD	M15	4438.33	4481.67099	4546.96289	4393.74161			4434.18703782	4432.05416948	0
1788424200	XAUUSD	M15	4434.13	4481.41648	4546.70837	4393.48709			4435.57969625	4433.81693286	0
1788425100	XAUUSD	M15	4434.98	4481.16196	4546.45385	4393.23257			4436.14242915	4434.97968100	0
1788426000	XAUUSD	M15	4438.25	4480.90744	4546.19933	4392.97805			4435.72286604	4435.35127352	0
1788426900	XAUUSD	M15	4435.29	4480.65292	4545.94481	4392.72353			4434.23436179	4434.79281765	1
1788427800	XAUUSD	M15	4430.03	4480.39840	4545.69029	4392.46902			4431.88796060	4433.34038913	0
1788428700	XAUUSD	M15	4427.52	4480.14388	4545.43577	4392.21450			4429.13523782	4431.23781347	0
1788429600	XAUUSD	M15	4424.45	4479.88936	4545.18125	4391.95998			4426.49031343	4428.86406345	0
1788430500	XAUUSD	M15	4422.51	4479.63484	4544.92673	4391.70546			4424.56502665	4426.71454505	0
1788431400	XAUUSD	M15	4425.63	4479.38032	4544.67222	4391.45094			4423.92715789	4425.32085147	0
1788432300	XAUUSD	M15	4427.51	4479.12580	4544.41770	4391.19642			4424.90697987	4425.11391567	0
1788433200	XAUUSD	M15	4432.72	4478.87129	4544.16318	4390.94190			4427.72731905	4426.42061736	1
1788434100	XAUUSD	M15	4434.33	4478.61677	4543.90866	4390.68738			4432.32216036	4429.37138886	0
1788435000	XAUUSD	M15	4438.77	4478.36225	4543.65414	4390.43286			4438.50284460	4433.93711673	0
1788435900	XAUUSD	M15	4444.13	4478.10773	4543.39962	4390.17834			4445.79403768	4439.86557720	0
1788436800	XAUUSD	M15	4443.86	4477.85321	4543.14510	4389.92383			4453.52292860	4446.69425290	0
1788437700	XAUUSD	M15	4446.55	4477.59869	4542.89058	4389.66931			4461.10306157	4453.89865724	0
1788438600	XAUUSD	M15	4468.01	4477.34417	4542.63606	4389.41479			4467.90920692	4460.90393208	0
1788439500	XAUUSD	M15	4493.36	4477.08965	4542.38154	4389.16027			4472.99071149	4466.94732179	0
1788440400	XAUUSD	M15	4485.60	4476.83513	4542.12703	4388.90575			4475.61937567	4471.28334873	0
1788441300	XAUUSD	M15	4479.96	4476.58061	4541.87251	4388.65123			4476.35959274	4473.82147074	0
1788442200	XAUUSD	M15	4470.14	4476.32610	4541.61799	4388.39671			4476.09062837	4474.95604955	0
1788443100	XAUUSD	M15	4470.93	4476.07158	4541.36347	4388.14219			4475.93916913	4475.44760934	0
1788444000	XAUUSD	M15	4469.12	4475.81706	4541.10895	4387.88767			4476.65998364	4476.05379649	0
1788444900	XAUUSD	M15	4477.70	4475.56254	4540.85443	4387.63315			4478.75284063	4477.40331856	0
1788445800	XAUUSD	M15	4473.04	4475.30802	4540.59991	4387.37864			4482.06358168	4479.73345012	0
1788446700	XAUUSD	M15	4485.38	4475.05350	4540.34539	4387.12412			4486.40416725	4483.06880868	0
1788447600	XAUUSD	M15	4503.50	4474.79898	4540.09087	4386.86960			4490.86507653	4486.96694260	0
1788448500	XAUUSD	M15	4506.78	4474.54446	4539.83635	4386.61508	4510.78000		4494.33255746	4490.64975003	0
1788449400	XAUUSD	M15	4495.01	4474.28994	4539.58184	4386.36056			4496.26928411	4493.45951707	0
1788450300	XAUUSD	M15	4493.24	4474.03542	4539.32732	4386.10604			4496.83719177	4495.14835442	0
1788451200	XAUUSD	M15	4493.97	4473.78091	4539.07280	4385.85152			4496.20547210	4495.67691326	0
1788452100	XAUUSD	M15	4493.23	4473.52639	4538.81828	4385.59700			4494.66165046	4495.16928186	1
1788453000	XAUUSD	M15	4487.95	4473.27187	4538.56376	4385.34248			4492.62497499	4493.89712842	0
1788453900	XAUUSD	M15	4486.24	4473.01735	4538.30924	4385.08796			4490.63267461	4492.26490152	0
1788454800	XAUUSD	M15	4487.93	4472.76283	4538.05472	4384.83345			4488.98082137	4490.62286144	0
1788455700	XAUUSD	M15	4492.91	4472.50831	4537.80020	4384.57893			4487.67383980	4489.14835062	0
1788456600	XAUUSD	M15	4491.91	4472.25379	4537.54568	4384.32441			4486.46126572	4487.80480817	0
1788457500	XAUUSD	M15	4486.61	4471.99927	4537.29116	4384.06989			4485.18555403	4486.49518110	0
1788458400	XAUUSD	M15	4483.95	4471.74475	4537.03664	4383.81537			4483.80989984	4485.15254047	0
1788459300	XAUUSD	M15	4479.87	4471.49023	4536.78213	4383.56085			4482.25757913	4483.70505980	0
1788460200	XAUUSD	M15	4481.49	4471.23571	4536.52761	4383.30633			4480.54982067	4482.12744023	0
1788461100	XAUUSD	M15	4475.21	4470.98120	4536.27309	4383.05181			4478.66497150	4480.39620587	0
1788462000	XAUUSD	M15	4474.42	4470.72668	4536.01857	4382.79729			4476.87544408	4478.63582497	0
1788462900	XAUUSD	M15	4475.85	4470.47216	4535.76405	4382.54277			4475.34271662	4476.98927079	0
1788463800	XAUUSD	M15	4477.53	4470.21764	4535.50953	4382.28826			4474.15139696	4475.57033388	0
1788464700	XAUUSD	M15	4474.49	4469.96312	4535.25501	4382.03374			4473.33600430	4474.45316909	0
1788465600	XAUUSD	M15	4471.85	4469.70860	4535.00049	4381.77922			4472.98134061	4473.71725485	0
1788466500	XAUUSD	M15	4471.65	4469.45408	4534.74597	4381.52470			4473.04217126	4473.37971306	0
1788467400	XAUUSD	M15	4472.41	4469.19956	4534.49145	4381.27018			4473.34435590	4473.36203448	0
1788468300	XAUUSD	M15	4473.19	4468.94504	4534.23694	4381.01566			4473.74933112	4473.55568280	1
1788472800	XAUUSD	M15	4478.06	4468.69052	4533.98242	4380.76114			4474.14932048	4473.85250164	0
1788473700	XAUUSD	M15	4475.10	4468.43601	4533.72790	4380.50662			4474.40063010	4474.12656587	0
1788474600	XAUUSD	M15	4473.85	4468.18149	4533.47338	4380.25210			4474.63256792	4474.37956690	0
1788475500	XAUUSD	M15	4474.53	4467.92697	4533.21886	4379.99758			4474.98686025	4474.68321357	0
1788476400	XAUUSD	M15	4474.19	4467.67245	4532.96434	4379.74306			4475.52066459	4475.10193908	0
1788477300	XAUUSD	M15	4473.86	4467.41793	4532.70982	4379.48855			4476.29941131	4475.70067519	0
1788478200	XAUUSD	M15	4477.33	4467.16341	4532.45530	4379.23403			4477.26997869	4476.48532694	0
1788479100	XAUUSD	M15	4480.02	4466.90889	4532.20078	4378.97951			4478.18362977	4477.33447836	0
1788480000	XAUUSD	M15	4480.86	4466.65437	4531.94626	4378.72499			4478.82720340	4478.08084088	0
1788480900	XAUUSD	M15	4474.62	4466.39985	4531.69175	4378.47047			4479.10304056	4478.59194072	0
1788481800	XAUUSD	M15	4482.24	4466.14533	4531.43723	4378.21595			4479.17191759	4478.88192915	0
1788482700	XAUUSD	M15	4486.54	4465.89082	4531.18271	4377.96143	4487.09000		4478.86278908	4478.87235912	1
1788483600	XAUUSD	M15	4474.91	4465.63630	4530.92819	4377.70691			4478.13830980	4478.50533446	0
1788484500	XAUUSD	M15	4470.87	4465.38178	4530.67367	4377.45239			4477.42029476	4477.96281461	0
1788485400	XAUUSD	M15	4473.98	4465.12726	4530.41915	4377.19787			4476.87460072	4477.41870766	0
1788486300	XAUUSD	M15	4478.86	4464.87274	4530.16463	4376.94336			4476.40061711	4476.90966239	0
1788487200	XAUUSD	M15	4479.32	4464.61822	4529.91011	4376.68884			4475.78134609	4476.34550424	0
1788488100	XAUUSD	M15	4473.95	4464.36370	4529.65559	4376.43432			4474.93216077	4475.63883250	0
1788489000	XAUUSD	M15	4470.92	4464.10918	4529.40107	4376.17980			4473.98694606	4474.81288928	0
1788489900	XAUUSD	M15	4477.37	4463.85466	4529.14656	4375.92528			4473.05278889	4473.93283909	0
1788490800	XAUUSD	M15	4473.44	4463.60014	4528.89204	4375.67076			4472.05421536	4472.99352722	0
1788491700	XAUUSD	M15	4472.49	4463.34563	4528.63752	4375.41624			4471.21001560	4472.10177141	0
1788492600	XAUUSD	M15	4469.21	4463.09111	4528.38300	4375.16172			4470.67588503	4471.38882822	0
1788493500	XAUUSD	M15	4467.04	4462.83659	4528.12848	4374.90720			4470.59213916	4470.99048369	0
1788494400	XAUUSD	M15	4469.34	4462.58207	4527.87396	4374.65268			4470.95218186	4470.97133278	0
1788495300	XAUUSD	M15	4471.69	4462.32755	4527.61944	4374.39817			4471.49940696	4471.23536987	1
1788496200	XAUUSD	M15	4474.18	4462.07303	4527.36492	4374.14365			4471.92809038	4471.58173013	0
1788497100	XAUUSD	M15	4473.75	4461.81851	4527.11040	4373.88913			4471.94590318	4471.76381665	0
1788498000	XAUUSD	M15	4469.31	4461.56399	4526.85588	4373.63461			4471.41132098	4471.58756882	1
1788498900	XAUUSD	M15	4467.58	4461.30947	4526.60137	4373.38009			4470.55879135	4471.07318008	0
1788499800	XAUUSD	M15	4471.00	4461.05495	4526.34685	4373.12557			4469.49124780	4470.28221394	0
1788500700	XAUUSD	M15	4472.11	4460.80044	4526.09233	4372.87105			4468.26809900	4469.27515647	0
1788501600	XAUUSD	M15	4468.96	4460.54592	4525.83781	4372.61653			4467.11544682	4468.19530165	0
1788502500	XAUUSD	M15	4468.84	4460.29140	4525.58329	4372.36201			4466.48464959	4467.33997562	0
1788503400	XAUUSD	M15	4464.14	4460.03688	4525.32877	4372.10749			4466.77177463	4467.05587512	0
1788504300	XAUUSD	M15	4462.94	4459.78236	4525.07425	4371.85298		4460.05000	4468.29853836	4467.67720674	1
1788505200	XAUUSD	M15	4467.75	4459.52784	4524.81973	4371.59846			4471.08950288	4469.38335481	0
1788506100	XAUUSD	M15	4472.82	4459.27332	4524.56521	4371.34394			4474.67816516	4472.03075998	0
1788507000	XAUUSD	M15	4485.68	4459.01880	4524.31069	4371.08942			4478.33733807	4475.18404903	0
1788507900	XAUUSD	M15	4483.44	4458.76428	4524.05618	4370.83490	4490.71000		4481.01326074	4478.09865488	0
1788508800	XAUUSD	M15	4482.00	4458.50976	4523.80166	4370.58038			4482.21938312	4480.15901900	0
1788509700	XAUUSD	M15	4481.13	4458.25524	4523.54714	4370.32586			4481.67097732	4480.91499816	0
1788510600	XAUUSD	M15	4477.56	4458.00073	4523.29262	4370.07134			4479.43221578	4480.17360697	1
1788511500	XAUUSD	M15	4477.75	4457.74621	4523.03810	4369.81682			4476.01291660	4478.09326179	0
1788512400	XAUUSD	M15	4470.17	4457.49169	4522.78358	4369.56230			4472.09749151	4475.09537665	0
1788513300	XAUUSD	M15	4466.65	4457.23717	4522.52906	4369.30779			4468.67029965	4471.88283815	0
1788514200	XAUUSD	M15	4467.30	4456.98265	4522.27454	4369.05327			4466.53018799	4469.20651307	0
1788515100	XAUUSD	M15	4465.58	4456.72813	4522.02002	4368.79875			4466.10652734	4467.65652021	0
1788516000	XAUUSD	M15	4472.75	4456.47361	4521.76550	4368.54423			4467.50121294	4467.57886657	0
1788516900	XAUUSD	M15	4471.24	4456.21909	4521.51098	4368.28971			4470.13058530	4468.85472594	1
1788517800	XAUUSD	M15	4473.62	4455.96457	4521.25647	4368.03519			4473.20437404	4471.02954999	0
1788518700	XAUUSD	M15	4472.88	4455.71005	4521.00195	4367.78067			4475.59189269	4473.31072134	0
1788519600	XAUUSD	M15	4470.25	4455.45554	4520.74743	4367.52615			4476.20025033	4474.75548583	0
1788520500	XAUUSD	M15	4465.68	4455.20102	4520.49291	4367.27163			4474.17859268	4474.46703926	1
1788521400	XAUUSD	M15	4468.25	4454.94650	4520.23839	4367.01711			4469.08230063	4471.77466994	0
1788522300	XAUUSD	M15	4466.95	4454.69198	4519.98387	4366.76260			4460.76605600	4466.27036297	0
1788523200	XAUUSD	M15	4464.73	4454.43746	4519.72935	4366.50808			4449.75446873	4458.01241585	0
1788524100	XAUUSD	M15	4472.68	4454.18294	4519.47483	4366.25356			4437.14403309	4447.57822447	0
1788525000	XAUUSD	M15	4394.06	4453.92842	4519.22031	4365.99904			4424.16414952	4435.87118699	0
1788525900	XAUUSD	M15	4393.75	4453.67390	4518.96579	4365.74452			4414.38139873	4425.12629286	0
1788526800	XAUUSD	M15	4394.19	4453.41938	4518.71128	4365.49000		4365.49000	4408.81393075	4416.97011181	0
1788527700	XAUUSD	M15	4412.62	4453.16486	4518.45676	4365.23548			4407.69021959	4412.33016570	0
1788528600	XAUUSD	M15	4423.85	4452.91035	4518.20224	4364.98096			4410.06741033	4411.19878802	0
1788529500	XAUUSD	M15	4413.48	4452.65583	4517.94772	4364.72644			4414.75262638	4412.97570720	1
1788530400	XAUUSD	M15	4433.99	4452.40131	4517.69320	4364.47192			4420.93673192	4416.95621956	0
1788531300	XAUUSD	M15	4429.04	4452.14679	4517.43868	4364.21740			4427.05966638	4422.00794297	0
1788532200	XAUUSD	M15	4428.51	4451.89227	4517.18416	4363.96289			4432.49504493	4427.25149395	0
1788533100	XAUUSD	M15	4427.56	4451.63775	4516.92964	4363.70837			4436.81186418	4432.03167906	0
1788534000	XAUUSD	M15	4443.44	4451.38323	4516.67512	4363.45385			4439.88460849	4435.95814378	0
1788534900	XAUUSD	M15	4439.78	4451.12871	4516.42060	4363.19933			4441.33731116	4438.64772747	0
1788535800	XAUUSD	M15	4442.97	4450.87419	4516.16609	4362.94481			4441.51408357	4440.08090552	0
1788536700	XAUUSD	M15	4436.70	4450.61967	4515.91157	4362.69029			4440.62694928	4440.35392740	0
1788537600	XAUUSD	M15	4438.77	4450.36516	4515.65705	4362.43577			4439.10778132	4439.73085436	1
1788538500	XAUUSD	M15	4434.24	4450.11064	4515.40253	4362.18125			4437.07218751	4438.40152094	0
1788539400	XAUUSD	M15	4438.02	4449.85612	4515.14801	4361.92673			4434.72813114	4436.56482604	0
1788540300	XAUUSD	M15	4436.50	4449.60160	4514.89349	4361.67221			4432.03226491	4434.29854547	0
1788541200	XAUUSD	M15	4434.18	4449.34708	4514.63897	4361.41770			4429.06852282	4431.68353415	0
1788542100	XAUUSD	M15	4428.65	4449.09256	4514.38445	4361.16318			4426.03209338	4428.85781376	0
1788543000	XAUUSD	M15	4417.09	4448.83804	4514.12993	4360.90866			4423.34174280	4426.09977828	0
1788543900	XAUUSD	M15	4416.56	4448.58352	4513.87541	4360.65414			4421.61305653	4423.85641741	0
1788544800	XAUUSD	M15	4419.51	4448.32900	4513.62090	4360.39962		4412.00000	4421.10627170	4422.48134455	0
1788545700	XAUUSD	M15	4424.75	4448.07448	4513.36638	4360.14510			4421.82915141	4422.15524798	0
1788546600	XAUUSD	M15	4422.97	4447.81997	4513.11186	4359.89058			4423.58712177	4422.87118488	1
1788547500	XAUUSD	M15	4423.99	4447.56545	4512.85734	4359.63606			4426.17774136	4424.52446312	0
1788548400	XAUUSD	M15	4429.14	4447.31093	4512.60282	4359.38154			4429.16077954	4426.84262133	0
1788549300	XAUUSD	M15	4435.65	4447.05641	4512.34830	4359.12702			4431.89961047	4429.37111590	0
1788550200	XAUUSD	M15	4437.01	4446.80189	4512.09378	4358.87251			4433.75007115	4431.56059352	0
1788551100	XAUUSD	M15	4434.93	4446.54737	4511.83926	4358.61799			4434.38913163	4432.97486257	0
1788552000	XAUUSD	M15	4431.68	4446.29285	4511.58474	4358.36347			4433.85022637	4433.41254447	0
1788552900	XAUUSD	M15	4430.12	4446.03833	4511.33022	4358.10895			4432.62876059	4433.02065253	1
1788553800	XAUUSD	M15	4430.55	4445.78381	4511.07571	4357.85443			4431.16504913	4432.09285083	0
1788554700	XAUUSD	M15	4430.12	4445.52929	4510.82119	4357.59991			4429.83794898	4430.96539991	0
1788732000	XAUUSD	M15	4429.18	4445.27478	4510.56667	4357.34539			4428.91297988	4429.93918989	0
1788732900	XAUUSD	M15	4428.77	4445.02026	4510.31215	4357.09087			4428.55130265	4429.24524627	0
1788733800	XAUUSD	M15	4430.60	4444.76574	4510.05763	4356.83635			4428.74946242	4428.99735435	0
1788734700	XAUUSD	M15	4429.27	4444.51122	4509.80311	4356.58183			4429.18464836	4429.09100135	1
1788735600	XAUUSD	M15	4429.85	4444.25670	4509.54859	4356.32732			4429.53601512	4429.31350824	0
1788736500	XAUUSD	M15	4426.90	4444.00218	4509.29407	4356.07280			4429.39676259	4429.35513541	0
1788737400	XAUUSD	M15	4429.00	4443.74766	4509.03955	4355.81828			4428.51951716	4428.93732629	1
1788738300	XAUUSD	M15	4423.31	4443.49314	4508.78503	4355.56376			4426.60041979	4427.76887304	0
1788739200	XAUUSD	M15	4425.20	4443.23862	4508.53052	4355.30924			4423.79386477	4425.78136890	0
1788740100	XAUUSD	M15	4422.29	4442.98410	4508.27600	4355.05472			4420.21761790	4422.99949340	0
1788741000	XAUUSD	M15	4423.95	4442.72958	4508.02148	4354.80020			4416.27354707	4419.63652024	0
1788741900	XAUUSD	M15	4412.58	4442.47507	4507.76696	4354.54568			4412.32184613	4415.97918318	0
1788742800	XAUUSD	M15	4399.82	4442.22055	4507.51244	4354.29116			4409.09125660	4412.53521989	0
1788743700	XAUUSD	M15	4403.36	4441.96603	4507.25792	4354.03664		4389.69000	4407.19505916	4409.86513952	0
1788744600	XAUUSD	M15	4410.35	4441.71151	4507.00340	4353.78213			4406.55780042	4408.21146997	0
1788745500	XAUUSD	M15	4409.14	4441.45699	4506.74888	4353.52761			4406.76072981	4407.48609989	0
1788746400	XAUUSD	M15	4403.59	4441.20247	4506.49436	4353.27309			4407.46953265	4407.47781627	0
1788747300	XAUUSD	M15	4407.68	4440.94795	4506.23984	4353.01857			4408.40737146	4407.94259387	1
1788748200	XAUUSD	M15	4414.91	4440.69343	4505.98532	4352.76405			4409.07162267	4408.50710827	0
1788749100	XAUUSD	M15	4408.93	4440.43891	4505.73081	4352.50953			4409.00306644	4408.75508735	0
1788750000	XAUUSD	M15	4407.94	4440.18439	4505.47629	4352.25501			4408.29583590	4408.52546163	1
1788750900	XAUUSD	M15	4408.75	4439.92988	4505.22177	4352.00049			4407.08944617	4407.80745390	0
1788751800	XAUUSD	M15	4401.84	4439.67536	4504.96725	4351.74597			4405.60843271	4406.70794330	0
1788752700	XAUUSD	M15	4404.10	4439.42084	4504.71273	4351.49145			4404.28356124	4405.49575227	0
1788753600	XAUUSD	M15	4406.56	4439.16632	4504.45821	4351.23694			4403.24384241	4404.36979734	0
1788754500	XAUUSD	M15	4402.22	4438.91180	4504.20369	4350.98242			4402.49511817	4403.43245775	0
1788755400	XAUUSD	M15	4396.71	4438.65728	4503.94917	4350.72790			4402.09024887	4402.76135331	0
1788756300	XAUUSD	M15	4398.02	4438.40276	4503.69465	4350.47338			4401.97506427	4402.36820879	0
1788757200	XAUUSD	M15	4402.56	4438.14824	4503.44013	4350.21886			4401.82864081	4402.09842480	0
1788758100	XAUUSD	M15	4411.05	4437.89372	4503.18562	4349.96434			4401.26030600	4401.67936540	0
1788759000	XAUUSD	M15	4403.96	4437.63920	4502.93110	4349.70982			4399.91549890	4400.79743215	0
1788759900	XAUUSD	M15	4393.98	4437.38469	4502.67658	4349.45530			4398.05947257	4399.42845236	0
1788760800	XAUUSD	M15	4392.03	4437.13017	4502.42206	4349.20078		4385.31000	4396.24421152	4397.83633194	0
1788761700	XAUUSD	M15	4394.36	4436.87565	4502.16754	4348.94626			4394.89786654	4396.36709924	0
1788762600	XAUUSD	M15	4396.32	4436.62113	4501.91302	4348.69174			4394.33588679	4395.35149301	0
1788763500	XAUUSD	M15	4392.77	4436.36661	4501.65850	4348.43723			4394.78732887	4395.06941094	0
1788764400	XAUUSD	M15	4401.51	4436.11209	4501.40398	4348.18271			4396.49270755	4395.78105924	1
1788765300	XAUUSD	M15	4395.11	4435.85757	4501.14946	4347.92819			4399.15478438	4397.46792181	0
1788766200	XAUUSD	M15	4396.02	4435.60305	4500.89494	4347.67367			4402.70740405	4400.08766293	0
1788767100	XAUUSD	M15	4406.36	4435.34853	4500.64043	4347.41915			4406.72418309	4403.40592301	0
1788768000	XAUUSD	M15	4417.18	4435.09401	4500.38591	4347.16463			4410.44036315	4406.92314308	0
1788768900	XAUUSD	M15	4419.82	4434.83950	4500.13139	4346.91011			4413.10274261	4410.01294285	0
1788769800	XAUUSD	M15	4414.61	4434.58498	4499.87687	4346.65559	4423.95000		4414.35856291	4412.18575288	0
1788770700	XAUUSD	M15	4411.00	4434.33046	4499.62235	4346.40107			4414.28264020	4413.23419654	0
1788771600	XAUUSD	M15	4411.07	4434.07594	4499.36783	4346.14655			4413.05198336	4413.14308995	1
1788772500	XAUUSD	M15	4405.56	4433.82142	4499.11331	4345.89204			4410.84148054	4411.99228525	0
1788773400	XAUUSD	M15	4409.67	4433.56690	4498.85879	4345.63752			4408.03712974	4410.01470749	0
1788774300	XAUUSD	M15	4405.74	4433.31238	4498.60427	4345.38300			4404.77974833	4407.39722791	0
1788775200	XAUUSD	M15	4403.14	4433.05786	4498.34975	4345.12848			4401.37061995	4404.38392393	0
1788776100	XAUUSD	M15	4396.03	4432.80334	4498.09524	4344.87396			4398.03480893	4401.20936643	0
1788777000	XAUUSD	M15	4398.53	4432.54882	4497.84072	4344.61944			4395.10580792	4398.15758717	0
1788777900	XAUUSD	M15	4391.70	4432.29431	4497.58620	4344.36492			4392.60975210	4395.38366963	0
1788778800	XAUUSD	M15	4393.74	4432.03979	4497.33168	4344.11040			4390.78546682	4393.08456823	0
1788779700	XAUUSD	M15	4389.64	4431.78527	4497.07716	4343.85588			4389.62122469	4391.35289646	0
1788780600	XAUUSD	M15	4386.63	4431.53075	4496.82264	4343.60136		4381.13000	4389.26050686	4390.30670166	0
1788781500	XAUUSD	M15	4385.28	4431.27623	4496.56812	4343.34685			4389.78498055	4390.04584111	0
1788782400	XAUUSD	M15	4390.84	4431.02171	4496.31360	4343.09233			4391.18614597	4390.61599354	1
1788783300	XAUUSD	M15	4395.39	4430.76719	4496.05908	4342.83781			4393.20264579	4391.90931967	0
1788784200	XAUUSD	M15	4396.98	4430.51267	4495.80456	4342.58329			4395.55265559	4393.73098763	0
1788785100	XAUUSD	M15	4396.78	4430.25815	4495.55005	4342.32877			4397.99690954	4395.86394858	0
1788786000	XAUUSD	M15	4404.27	4430.00363	4495.29553	4342.07425			4400.40997568	4398.13696213	0
1788786900	XAUUSD	M15	4403.87	4429.74912	4495.04101	4341.81973			4402.55336988	4400.34516601	0
1788787800	XAUUSD	M15	4403.32	4429.49460	4494.78649	4341.56521			4404.45586496	4402.40051548	0
1788788700	XAUUSD	M15	4402.57	4429.24008	4494.53197	4341.31069			4406.19164007	4404.29607778	0
1788789600	XAUUSD	M15	4407.12	4428.98556	4494.27745	4341.05617			4407.83983625	4406.06795702	0
1788790500	XAUUSD	M15	4407.06	4428.73104	4494.02293	4340.80166			4409.33805434	4407.70300568	0
1788791400	XAUUSD	M15	4412.00	4428.47652	4493.76841	4340.54714			4410.74043983	4409.22172276	0
1788792300	XAUUSD	M15	4416.10	4428.22200	4493.51389	4340.29262	4419.58000		4411.94790954	4410.58481615	0
1788793200	XAUUSD	M15	4414.70	4427.96748	4493.25937	4340.03810			4412.90007607	4411.74244611	0
1788794100	XAUUSD	M15	4412.96	4427.71296	4493.00485	4339.78358			4413.68444584	4412.71344597	0
1788795000	XAUUSD	M15	4411.78	4427.45844	4492.75034	4339.52906			4414.33647139	4413.52495868	0
1788795900	XAUUSD	M15	4414.41	4427.20392	4492.49582	4339.27454			4414.82243428	4414.17369648	0
1788796800	XAUUSD	M15	4415.35	4426.94941	4492.24130	4339.02002			4415.00531368	4414.58950508	0
1788797700	XAUUSD	M15	4413.64	4426.69489	4491.98678	4338.76550			4414.80272359	4414.69611433	0
1788798600	XAUUSD	M15	4414.13	4426.44037	4491.73226	4338.51098			4414.24179242	4414.46895338	1
1788799500	XAUUSD	M15	4414.47	4426.18585	4491.47774	4338.25647			4413.33034370	4413.89964854	0
1788800400	XAUUSD	M15	4412.12	4425.93133	4491.22322	4338.00195			4412.12952340	4413.01458597	0
1788801300	XAUUSD	M15	4412.43	4425.67681	4490.96870	4337.74743			4410.80038090	4411.90748344	0
1788802200	XAUUSD	M15	4410.93	4425.42229	4490.71418	4337.49291			4409.48413257	4410.69580800	0
1788803100	XAUUSD	M15	4407.09	4425.16777	4490.45966	4337.23839			4408.34561093	4409.52070947	0
1788804000	XAUUSD	M15	4404.86	4424.91325	4490.20515	4336.98387			4407.60409946	4408.56240446	0
1788804900	XAUUSD	M15	4404.63	4424.65873	4489.95063	4336.72935			4407.38327529	4407.97283988	0
1788818400	XAUUSD	M15	4412.54	4424.40422	4489.69611	4336.47483			4407.70266490	4407.83775239	0
1788819300	XAUUSD	M15	4409.67	4424.14970	4489.44159	4336.22031			4408.29794932	4408.06785085	1
1788820200	XAUUSD	M15	4408.22	4423.89518	4489.18707	4335.96579			4409.23938641	4408.65361863	0
1788821100	XAUUSD	M15	4407.62	4423.64066	4488.93255	4335.71127			4410.58418414	4409.61890139	0
1788822000	XAUUSD	M15	4411.03	4423.38614	4488.67803	4335.45676			4412.37201202	4410.99545670	0
1788822900	XAUUSD	M15	4410.76	4423.13162	4488.42351	4335.20224			4414.47495671	4412.73520671	0
1788823800	XAUUSD	M15	4427.32	4422.87710	4488.16899	4334.94772			4416.87247704	4414.80384187	0
1788824700	XAUUSD	M15	4423.03	4422.62258	4487.91447	4334.69320			4419.10573469	4416.95478828	0
1788825600	XAUUSD	M15	4417.19	4422.36806	4487.65996	4334.43868			4421.30214128	4419.12846478	0
1788826500	XAUUSD	M15	4421.53	4422.11354	4487.40544	4334.18416			4423.61890470	4421.37368474	0
1788827400	XAUUSD	M15	4421.70	4421.85903	4487.15092	4333.92964			4425.89733302	4423.63550888	0
1788828300	XAUUSD	M15	4426.19	4421.60451	4486.89640	4333.67512			4428.02007106	4425.82778997	0
1788829200	XAUUSD	M15	4428.47	4421.34999	4486.64188	4333.42060			4429.70889194	4427.76834095	0
1788830100	XAUUSD	M15	4434.31	4421.09547	4486.38736	4333.16608			4430.76832032	4429.26833064	0
1788831000	XAUUSD	M15	4433.47	4420.84095	4486.13284	4332.91157			4430.99982244	4430.13407654	0
1788831900	XAUUSD	M15	4437.05	4420.58643	4485.87832	4332.65705			4430.51354106	4430.32380880	0
1788832800	XAUUSD	M15	4428.29	4420.33191	4485.62380	4332.40253			4429.47487721	4429.89934300	1
1788833700	XAUUSD	M15	4425.01	4420.07739	4485.36928	4332.14801			4428.47315909	4429.18625105	0
1788834600	XAUUSD	M15	4426.65	4419.82287	4485.11477	4331.89349			4427.97752977	4428.58189041	0
1788835500	XAUUSD	M15	4424.31	4419.56835	4484.86025	4331.63897			4428.23440660	4428.40814850	0
1788836400	XAUUSD	M15	4429.72	4419.31384	4484.60573	4331.38445			4429.38484158	4428.89649504	1
1788837300	XAUUSD	M15	4432.05	4419.05932	4484.35121	4331.12993			4431.16644807	4430.03147155	0
1788838200	XAUUSD	M15	4432.68	4418.80480	4484.09669	4330.87541			4433.22377596	4431.62762376	0
1788839100	XAUUSD	M15	4437.80	4418.55028	4483.84217	4330.62089			4435.12682370	4433.37722373	0
1788840000	XAUUSD	M15	4439.23	4418.29576	4483.58765	4330.36638	4442.97000		4436.29696793	4434.83709583	0
1788840900	XAUUSD	M15	4432.62	4418.04124	4483.33313	4330.11186			4436.35658101	4435.59683842	0
1788841800	XAUUSD	M15	4436.53	4417.78672	4483.07861	4329.85734			4435.28144422	4435.43914132	1
1788842700	XAUUSD	M15	4436.01	4417.53220	4482.82409	4329.60282			4432.96123845	4434.20018989	0
1788843600	XAUUSD	M15	4427.07	4417.27768	4482.56958	4329.34830			4429.51044614	4431.85531801	0
1788844500	XAUUSD	M15	4420.59	4417.02316	4482.31506	4329.09378			4425.40542936	4428.63037369	0
1788845400	XAUUSD	M15	4425.67	4416.76865	4482.06054	4328.83926			4421.04822280	4424.83929824	0
1788846300	XAUUSD	M15	4419.11	4416.51413	4481.80602	4328.58474			4416.52460144	4420.68194984	0
1788847200	XAUUSD	M15	4411.57	4416.25961	4481.55150	4328.33022			4412.20363210	4416.44279097	0
1788848100	XAUUSD	M15	4400.18	4416.00509	4481.29698	4328.07570			4408.38157225	4412.41218161	0
1788849000	XAUUSD	M15	4407.29	4415.75057	4481.04246	4327.82119			4405.32331986	4408.86775073	0
1788849900	XAUUSD	M15	4403.91	4415.49605	4480.78794	4327.56667			4402.68377231	4405.77576152	0
1788850800	XAUUSD	M15	4403.40	4415.24153	4480.53342	4327.31215			4400.36373904	4403.06975028	0
1788851700	XAUUSD	M15	4401.68	4414.98701	4480.27890	4327.05763			4398.20670605	4400.63822817	0
1788852600	XAUUSD	M15	4395.67	4414.73249	4480.02439	4326.80311			4396.22712156	4398.43267486	0
1788853500	XAUUSD	M15	4392.38	4414.47797	4479.76987	4326.54859			4394.65050866	4396.54159176	0
1788854400	XAUUSD	M15	4390.51	4414.22345	4479.51535	4326.29407			4393.67536064	4395.10847620	0
1788855300	XAUUSD	M15	4394.70	4413.96894	4479.26083	4326.03955			4393.42370090	4394.26608855	0
1788856200	XAUUSD	M15	4392.80	4413.71442	4479.00631	4325.78503			4393.77369407	4394.01989131	0
1788857100	XAUUSD	M15	4394.18	4413.45990	4478.75179	4325.53051			4394.67088124	4394.34538628	1
1788858000	XAUUSD	M15	4397.63	4413.20538	4478.49727	4325.27600			4395.84749018	4395.09643823	0
1788858900	XAUUSD	M15	4393.04	4412.95086	4478.24275	4325.02148			4396.97566285	4396.03605054	0
1788859800	XAUUSD	M15	4401.41	4412.69634	4477.98823	4324.76696			4397.96113540	4396.99859297	0
1788860700	XAUUSD	M15	4402.89	4412.44182	4477.73371	4324.51244			4398.47067322	4397.73463309	0
1788861600	XAUUSD	M15	4395.82	4412.18730	4477.47919	4324.25792			4398.48096057	4398.10779683	0
1788862500	XAUUSD	M15	4399.39	4411.93278	4477.22468	4324.00340			4398.32015286	4398.21397484	0
1788863400	XAUUSD	M15	4397.14	4411.67826	4476.97016	4323.74888			4398.08305310	4398.14851397	1
1788864300	XAUUSD	M15	4395.31	4411.42375	4476.71564	4323.49436			4398.02176912	4398.08514154	0
1788865200	XAUUSD	M15	4395.10	4411.16923	4476.46112	4323.23984			4398.33231188	4398.20872671	1
1788866100	XAUUSD	M15	4401.96	4410.91471	4476.20660	4322.98532			4399.06813132	4398.63842902	0
1788867000	XAUUSD	M15	4403.54	4410.66019	4475.95208	4322.73081			4399.99050790	4399.31446846	0
1788867900	XAUUSD	M15	4406.41	4410.40567	4475.69756	4322.47629			4400.92488370	4400.11967608	0
1788868800	XAUUSD	M15	4391.81	4410.15115	4475.44304	4322.22177			4401.64732307	4400.88349958	0
1788869700	XAUUSD	M15	4401.87	4409.89663	4475.18852	4321.96725			4402.37605638	4401.62977798	0
1788870600	XAUUSD	M15	4396.54	4409.64211	4474.93400	4321.71273			4402.71390392	4402.17184095	0
1788871500	XAUUSD	M15	4411.60	4409.38759	4474.67949	4321.45821			4402.71531473	4402.44357784	0
1788872400	XAUUSD	M15	4408.48	4409.13307	4474.42497	4321.20369	4412.55000		4401.99301455	4402.21829620	1
1788873300	XAUUSD	M15	4400.43	4408.87856	4474.17045	4320.94917			4400.73970547	4401.47900083	0
1788874200	XAUUSD	M15	4396.67	4408.62404	4473.91593	4320.69465			4399.41052688	4400.44476386	0
1788875100	XAUUSD	M15	4395.65	4408.36952	4473.66141	4320.44013			4398.35497547	4399.39986967	0
1788876000	XAUUSD	M15	4394.41	4408.11500	4473.40689	4320.18561			4397.77567941	4398.58777454	0
1788876900	XAUUSD	M15	4396.72	4407.86048	4473.15237	4319.93110			4397.70681799	4398.14729626	0
1788877800	XAUUSD	M15	4397.33	4407.60596	4472.89785	4319.67658			4397.95395633	4398.05062630	0
1788878700	XAUUSD	M15	4398.64	4407.35144	4472.64333	4319.42206			4398.27722530	4398.16392580	1
1788879600	XAUUSD	M15	4404.76	4407.09692	4472.38881	4319.16754			4398.39542392	4398.27967486	0
1788880500	XAUUSD	M15	4399.13	4406.84240	4472.13430	4318.91302			4397.99275738	4398.13621612	1
1788881400	XAUUSD	M15	4399.94	4406.58788	4471.87978	4318.65850			4397.20035658	4397.66828635	0
1788882300	XAUUSD	M15	4394.76	4406.33337	4471.62526	4318.40398			4396.07819847	4396.87324241	0
1788883200	XAUUSD	M15	4386.46	4406.07885	4471.37074	4318.14946			4394.90717192	4395.89020717	0
1788884100	XAUUSD	M15	4394.30	4405.82433	4471.11622	4317.89494			4394.03834452	4394.96427584	0
1788885000	XAUUSD	M15	4394.21	4405.56981	4470.86170	4317.64042			4393.32400866	4394.14414225	0
1788885900	XAUUSD	M15	4393.71	4405.31529	4470.60718	4317.38591			4392.75736812	4393.45075519	0
1788886800	XAUUSD	M15	4395.54	4405.06077	4470.35266	4317.13139			4392.27810578	4392.86443048	0
1788887700	XAUUSD	M15	4394.02	4404.80625	4470.09814	4316.87687			4391.66332943	4392.26387995	0
1788888600	XAUUSD	M15	4385.53	4404.55173	4469.84362	4316.62235			4390.75545711	4391.50966853	0
1788889500	XAUUSD	M15	4390.00	4404.29721	4469.58911	4316.36783			4389.56571063	4390.53768958	0
1788890400	XAUUSD	M15	4387.47	4404.04269	4469.33459	4316.11331			4387.74086464	4389.13927711	0
1788891300	XAUUSD	M15	4385.81	4403.78818	4469.08007	4315.85879			4385.16939580	4387.15433646	0
1788892200	XAUUSD	M15	4385.59	4403.53366	4468.82555	4315.60427			4381.80914405	4384.48174025	0
1788893100	XAUUSD	M15	4375.66	4403.27914	4468.57103	4315.34975			4377.72893419	4381.10533722	0
1788894000	XAUUSD	M15	4370.50	4403.02462	4468.31651	4315.09523			4373.35387894	4377.22960808	0
1788894900	XAUUSD	M15	4368.79	4402.77010	4468.06199	4314.84072			4369.05274172	4373.14117490	0
1788895800	XAUUSD	M15	4368.72	4402.51558	4467.80747	4314.58620			4365.10593356	4369.12355423	0
1788896700	XAUUSD	M15	4359.38	4402.26106	4467.55295	4314.33168			4361.72820129	4365.42587776	0
1788897600	XAUUSD	M15	4360.25	4402.00654	4467.29843	4314.07716			4359.22130619	4362.32359198	0
1788898500	XAUUSD	M15	4356.74	4401.75202	4467.04392	4313.82264			4357.52792783	4359.92575990	0
1788899400	XAUUSD	M15	4357.92	4401.49750	4466.78940	4313.56812			4356.53333555	4358.22954772	0
1788900300	XAUUSD	M15	4355.45	4401.24299	4466.53488	4313.31360			4355.95359470	4357.09157121	0
1788904800	XAUUSD	M15	4356.04	4400.98847	4466.28036	4313.05908			4355.61133385	4356.35145253	0
1788905700	XAUUSD	M15	4354.60	4400.73395	4466.02584	4312.80456			4355.25261464	4355.80203359	0
1788906600	XAUUSD	M15	4351.79	4400.47943	4465.77132	4312.55004			4354.76318009	4355.28260684	0
1788907500	XAUUSD	M15	4354.16	4400.22491	4465.51680	4312.29553			4354.16526288	4354.72393486	0
1788908400	XAUUSD	M15	4352.40	4399.97039	4465.26228	4312.04101			4353.44678835	4354.08536160	0
1788909300	XAUUSD	M15	4357.59	4399.71587	4465.00776	4311.78649			4352.78534334	4353.43535247	0
1788910200	XAUUSD	M15	4358.59	4399.46135	4464.75324	4311.53197			4352.25245689	4352.84390468	0
1788911100	XAUUSD	M15	4349.94	4399.20683	4464.49873	4311.27745			4352.06653436	4352.45521952	0
1788912000	XAUUSD	M15	4349.62	4398.95231	4464.24421	4311.02293			4352.73799017	4352.59660485	1
1788912900	XAUUSD	M15	4346.97	4398.69779	4463.98969	4310.76841		4341.25000	4354.46209656	4353.52935070	0
1788913800	XAUUSD	M15	4354.84	4398.44328	4463.73517	4310.51389			4357.35734125	4355.44334597	0
1788914700	XAUUSD	M15	4364.76	4398.18876	4463.48065	4310.25937			4361.09440506	4358.26887551	0
1788915600	XAUUSD	M15	4368.26	4397.93424	4463.22613	4310.00485			4365.11622680	4361.69255116	0
1788916500	XAUUSD	M15	4371.65	4397.67972	4462.97161	4309.75034			4368.99225690	4365.34240403	0
1788917400	XAUUSD	M15	4376.50	4397.42520	4462.71709	4309.49582			4372.33944124	4368.84092263	0
1788918300	XAUUSD	M15	4373.70	4397.17068	4462.46257	4309.24130			4374.84475843	4371.84284053	0
1788919200	XAUUSD	M15	4373.55	4396.91616	4462.20805	4308.98678			4376.53561856	4374.18922955	0
1788920100	XAUUSD	M15	4372.96	4396.66164	4461.95353	4308.73226			4377.50381952	4375.84652453	0
1788921000	XAUUSD	M15	4374.27	4396.40712	4461.69902	4308.47774			4377.90295620	4376.87474037	0
1788921900	XAUUSD	M15	4382.33	4396.15260	4461.44450	4308.22322			4377.86925362	4377.37199699	0
1788922800	XAUUSD	M15	4379.05	4395.89809	4461.18998	4307.96870			4377.38105116	4377.37652408	0
1788923700	XAUUSD	M15	4378.09	4395.64357	4460.93546	4307.71418			4376.75395393	4377.06523900	1
1788924600	XAUUSD	M15	4378.63	4395.38905	4460.68094	4307.45966			4376.27186760	4376.66855330	0
1788925500	XAUUSD	M15	4375.16	4395.13453	4460.42642	4307.20515			4376.15924714	4376.41390022	0
1788926400	XAUUSD	M15	4373.43	4394.88001	4460.17190	4306.95063			4376.69351596	4376.55370809	1
1788927300	XAUUSD	M15	4380.02	4394.62549	4459.91738	4306.69611			4378.03774188	4377.29572499	0
1788928200	XAUUSD	M15	4377.99	4394.37097	4459.66286	4306.44159			4380.05381635	4378.67477067	0
1788929100	XAUUSD	M15	4381.68	4394.11645	4459.40834	4306.18707			4382.74840012	4380.71158539	0
1788930000	XAUUSD	M15	4387.67	4393.86193	4459.15383	4305.93255			4385.91366911	4383.31262725	0
1788930900	XAUUSD	M15	4385.11	4393.60741	4458.89931	4305.67803			4389.22747222	4386.27004973	0
1788931800	XAUUSD	M15	4395.59	4393.35290	4458.64479	4305.42351			4392.60836727	4389.43920850	0
1788932700	XAUUSD	M15	4398.81	4393.09838	4458.39027	4305.16899			4395.66345788	4392.55133319	0
1788933600	XAUUSD	M15	4401.34	4392.84386	4458.13575	4304.91447			4398.28151723	4395.41642521	0
1788934500	XAUUSD	M15	4398.19	4392.58934	4457.88123	4304.65995			4400.50902918	4397.96272720	0
1788935400	XAUUSD	M15	4400.41	4392.33482	4457.62671	4304.40544			4402.53249156	4400.24760938	0
1788936300	XAUUSD	M15	4400.54	4392.08030	4457.37219	4304.15092			4404.33382882	4402.29071910	0
1788937200	XAUUSD	M15	4406.55	4391.82578	4457.11767	4303.89640			4405.86642863	4404.07857386	0
1788938100	XAUUSD	M15	4407.70	4391.57126	4456.86315	4303.64188			4406.88092368	4405.47974877	0
1788939000	XAUUSD	M15	4410.33	4391.31674	4456.60864	4303.38736			4407.23328495	4406.35651686	0
1788939900	XAUUSD	M15	4409.22	4391.06222	4456.35412	4303.13284			4406.79584165	4406.57617925	0
1788940800	XAUUSD	M15	4403.78	4390.80771	4456.09960	4302.87832			4405.54308158	4406.05963042	1
1788941700	XAUUSD	M15	4399.55	4390.55319	4455.84508	4302.62380			4403.63853901	4404.84908472	0
1788942600	XAUUSD	M15	4399.96	4390.29867	4455.59056	4302.36928			4401.34059565	4403.09484018	0
1788943500	XAUUSD	M15	4400.63	4390.04415	4455.33604	4302.11476			4398.88191885	4400.98837952	0
1788944400	XAUUSD	M15	4398.49	4389.78963	4455.08152	4301.86025			4396.54639910	4398.76738931	0
1788945300	XAUUSD	M15	4398.43	4389.53511	4454.82700	4301.60573			4394.70401321	4396.73570126	0
1788946200	XAUUSD	M15	4396.16	4389.28059	4454.57248	4301.35121			4393.64094441	4395.18832284	0
1788947100	XAUUSD	M15	4390.75	4389.02607	4454.31796	4301.09669			4393.56314002	4394.37573143	0
1788948000	XAUUSD	M15	4391.14	4388.77155	4454.06345	4300.84217		4386.20000	4394.58917005	4394.48245074	1
1788948900	XAUUSD	M15	4394.35	4388.51703	4453.80893	4300.58765			4396.45839785	4395.47042429	0
1788949800	XAUUSD	M15	4394.86	4388.26252	4453.55441	4300.33313			4398.64471316	4397.05756873	0
1788950700	XAUUSD	M15	4399.59	4388.00800	4453.29989	4300.07861			4400.65940657	4398.85848765	0
1788951600	XAUUSD	M15	4403.49	4387.75348	4453.04537	4299.82409			4401.99997862	4400.42923313	0
1788952500	XAUUSD	M15	4408.26	4387.49896	4452.79085	4299.56957			4402.41407135	4401.42165224	0
1788953400	XAUUSD	M15	4405.53	4387.24444	4452.53633	4299.31506			4401.92640987	4401.67403106	0
1788954300	XAUUSD	M15	4407.19	4386.98992	4452.28181	4299.06054			4401.04127352	4401.35765229	1
1788955200	XAUUSD	M15	4399.22	4386.73540	4452.02729	4298.80602			4400.31797289	4400.83781259	0
1788956100	XAUUSD	M15	4393.66	4386.48088	4451.77277	4298.55150			4400.60614426	4400.72197843	0
1788957000	XAUUSD	M15	4395.35	4386.22636	4451.51826	4298.29698			4402.49534092	4401.60865968	1
1788957900	XAUUSD	M15	4400.11	4385.97184	4451.26374	4298.04246			4406.02498646	4403.81682307	0
1788958800	XAUUSD	M15	4413.28	4385.71733	4451.00922	4297.78794			4410.75356819	4407.28519563	0
1788959700	XAUUSD	M15	4429.58	4385.46281	4450.75470	4297.53342			4415.63748768	4411.46134165	0
1788960600	XAUUSD	M15	4417.01	4385.20829	4450.50018	4297.27890	4434.07000		4419.44036906	4415.45085535	0
1788961500	XAUUSD	M15	4415.09	4384.95377	4450.24566	4297.02438			4421.78004109	4418.61544822	0
1788962400	XAUUSD	M15	4423.31	4384.69925	4449.99114	4296.76987			4422.22774250	4420.42159536	0
1788963300	XAUUSD	M15	4425.66	4384.44473	4449.73662	4296.51535			4420.39170174	4420.40664855	1
1788964200	XAUUSD	M15	4418.89	4384.19021	4449.48210	4296.26083			4416.42693904	4418.41679380	0
1788965100	XAUUSD	M15	4418.72	4383.93569	4449.22758	4296.00631			4411.09132783	4414.75406081	0
1788966000	XAUUSD	M15	4389.91	4383.68117	4448.97306	4295.75179			4405.24744196	4410.00075139	0
1788966900	XAUUSD	M15	4394.63	4383.42665	4448.71855	4295.49727		4375.04000	4400.57022946	4405.28549043	0
1788967800	XAUUSD	M15	4403.07	4383.17213	4448.46403	4295.24275			4397.66290164	4401.47419603	0
1788968700	XAUUSD	M15	4398.45	4382.91762	4448.20951	4294.98823			4396.71564663	4399.09492133	0
1788969600	XAUUSD	M15	4397.90	4382.66310	4447.95499	4294.73371			4397.91597020	4398.50544576	0
1788970500	XAUUSD	M15	4401.65	4382.40858	4447.70047	4294.47919			4400.97541165	4399.74042871	1
1788971400	XAUUSD	M15	4407.30	4382.15406	4447.44595	4294.22468			4405.22956071	4402.48499471	0
1788972300	XAUUSD	M15	4409.61	4381.89954	4447.19143	4293.97016			4409.80692100	4406.14595785	0
1788973200	XAUUSD	M15	4416.89	4381.64502	4446.93691	4293.71564			4413.95617891	4410.05106838	0
1788974100	XAUUSD	M15	4414.87	4381.39050	4446.68239	4293.46112			4416.92406461	4413.48756649	0
1788975000	XAUUSD	M15	4413.66	4381.13598	4446.42787	4293.20660			4418.41838304	4415.95297477	0
1788975900	XAUUSD	M15	4416.14	4380.88146	4446.17336	4292.95208			4418.35063664	4417.15180570	0
1788976800	XAUUSD	M15	4420.38	4380.62694	4445.91884	4292.69756			4416.74174117	4416.94677344	1
1788977700	XAUUSD	M15	4417.91	4380.37243	4445.66432	4292.44304			4413.76394038	4415.35535691	0
1788978600	XAUUSD	M15	4409.85	4380.11791	4445.40980	4292.18852			4409.90406518	4412.62971104	0
1788979500	XAUUSD	M15	4403.25	4379.86339	4445.15528	4291.93400			4405.87524645	4409.25247875	0
1788980400	XAUUSD	M15	4400.35	4379.60887	4444.90076	4291.67948			4402.29342215	4405.77295045	0
1788981300	XAUUSD	M15	4399.57	4379.35435	4444.64624	4291.42497			4399.56460812	4402.66877928	0
1788982200	XAUUSD	M15	4399.87	4379.09983	4444.39172	4291.17045			4397.86367508	4400.26622718	0
1788983100	XAUUSD	M15	4399.19	4378.84531	4444.13720	4290.91593			4397.19399801	4398.73011260	0
1788984000	XAUUSD	M15	4397.32	4378.59079	4443.88268	4290.66141			4397.46218273	4398.09614766	0
1788984900	XAUUSD	M15	4394.71	4378.33627	4443.62817	4290.40689			4398.47986918	4398.28800842	1
1788985800	XAUUSD	M15	4400.29	4378.08175	4443.37365	4290.15237			4399.96575147	4399.12687995	0
1788986700	XAUUSD	M15	4401.82	4377.82724	4443.11913	4289.89785			4401.34827909	4400.23757952	0
1788991200	XAUUSD	M15	4403.06	4377.57272	4442.86461	4289.64333			4402.22309132	4401.23033542	0
1788992100	XAUUSD	M15	4402.56	4377.31820	4442.61009	4289.38881			4402.36025471	4401.79529506	0
1788993000	XAUUSD	M15	4401.50	4377.06368	4442.35557	4289.13429			4401.72193317	4401.75861412	1
1788993900	XAUUSD	M15	4399.69	4376.80916	4442.10105	4288.87978			4400.44245584	4401.10053498	0
1788994800	XAUUSD	M15	4400.68	4376.55464	4441.84653	4288.62526			4398.76848505	4399.93451002	0
1788995700	XAUUSD	M15	4397.61	4376.30012	4441.59201	4288.37074			4396.96626164	4398.45038583	0
1788996600	XAUUSD	M15	4394.38	4376.04560	4441.33749	4288.11622			4395.47272460	4396.96155521	0
1788997500	XAUUSD	M15	4394.15	4375.79108	4441.08298	4287.86170			4394.78784056	4395.87469789	0
1788998400	XAUUSD	M15	4394.96	4375.53656	4440.82846	4287.60718		4389.66000	4395.15401144	4395.51435466	0
1788999300	XAUUSD	M15	4392.95	4375.28205	4440.57394	4287.35266			4396.61582059	4396.06508763	1
1789000200	XAUUSD	M15	4400.98	4375.02753	4440.31942	4287.09814			4399.16648174	4397.61578468	0
1789001100	XAUUSD	M15	4401.15	4374.77301	4440.06490	4286.84362			4402.40971242	4400.01274855	0
1789002000	XAUUSD	M15	4412.80	4374.51849	4439.81038	4286.58910			4406.05087230	4403.03181043	0
1789002900	XAUUSD	M15	4410.48	4374.26397	4439.55586	4286.33459			4409.48047302	4406.25614172	0
1789003800	XAUUSD	M15	4409.86	4374.00945	4439.30134	4286.08007			4412.48439573	4409.37026873	0
1789004700	XAUUSD	M15	4412.21	4373.75493	4439.04682	4285.82555			4414.85341308	4412.11184090	0
1789005600	XAUUSD	M15	4414.10	4373.50041	4438.79230	4285.57103			4416.39139273	4414.25161682	0
1789006500	XAUUSD	M15	4417.05	4373.24589	4438.53779	4285.31651			4416.99345255	4415.62253468	0
1789007400	XAUUSD	M15	4418.11	4372.99137	4438.28327	4285.06199			4416.61520991	4416.11887230	0
1789008300	XAUUSD	M15	4419.40	4372.73686	4438.02875	4284.80747			4415.37108302	4415.74497766	1
1789009200	XAUUSD	M15	4412.68	4372.48234	4437.77423	4284.55295			4413.50070755	4414.62284261	0
1789010100	XAUUSD	M15	4410.20	4372.22782	4437.51971	4284.29843			4411.56184199	4413.09234230	0
1789011000	XAUUSD	M15	4407.86	4371.97330	4437.26519	4284.04391			4409.99144667	4411.54189448	0
1789011900	XAUUSD	M15	4409.13	4371.71878	4437.01067	4283.78940			4409.13531470	4410.33860459	0
1789012800	XAUUSD	M15	4414.08	4371.46426	4436.75615	4283.53488			4409.14270057	4409.74065258	0
1789013700	XAUUSD	M15	4411.79	4371.20974	4436.50163	4283.28036			4409.96244566	4409.85154912	1
1789014600	XAUUSD	M15	4406.62	4370.95522	4436.24711	4283.02584			4411.64755403	4410.74955157	0
1789015500	XAUUSD	M15	4408.46	4370.70070	4435.99260	4282.77132			4414.18933474	4412.46944316	0
1789016400	XAUUSD	M15	4418.93	4370.44618	4435.73808	4282.51680			4417.28352266	4414.87648291	0
1789017300	XAUUSD	M15	4420.66	4370.19166	4435.48356	4282.26228			4420.30000502	4417.58824397	0
1789018200	XAUUSD	M15	4428.27	4369.93715	4435.22904	4282.00776			4422.78672845	4420.18748621	0
1789019100	XAUUSD	M15	4431.14	4369.68263	4434.97452	4281.75324			4424.21049467	4422.19899044	0
1789020000	XAUUSD	M15	4416.22	4369.42811	4434.72000	4281.49872	4434.72000		4424.31853820	4423.25876432	0
1789020900	XAUUSD	M15	4417.58	4369.17359	4434.46548	4281.24421			4423.52715809	4423.39296120	0
1789021800	XAUUSD	M15	4426.81	4368.91907	4434.21096	4280.98969			4421.94129052	4422.66712586	1
1789022700	XAUUSD	M15	4425.20	4368.66455	4433.95644	4280.73517			4419.51681163	4421.09196875	0
1789023600	XAUUSD	M15	4413.35	4368.41003	4433.70192	4280.48065			4416.51076584	4418.80136729	0
1789024500	XAUUSD	M15	4408.38	4368.15551	4433.44740	4280.22613			4413.44829972	4416.12483351	0
1789025400	XAUUSD	M15	4409.66	4367.90099	4433.19289	4279.97161			4410.55143897	4413.33813624	0
1789026300	XAUUSD	M15	4411.75	4367.64647	4432.93837	4279.71709			4407.76216917	4410.55015271	0
1789027200	XAUUSD	M15	4405.75	4367.39196	4432.68385	4279.46257			4404.94304660	4407.74659965	0
1789028100	XAUUSD	M15	4405.68	4367.13744	4432.42933	4279.20805			4402.16900120	4404.95780043	0
1789029000	XAUUSD	M15	4395.89	4366.88292	4432.17481	4278.95353			4399.42489060	4402.19134551	0
1789029900	XAUUSD	M15	4394.93	4366.62840	4431.92029	4278.69902			4396.99889249	4399.59511900	0
1789030800	XAUUSD	M15	4394.92	4366.37388	4431.66577	4278.44450			4394.97959634	4397.28735767	0
1789031700	XAUUSD	M15	4392.82	4366.11936	4431.41125	4278.18998			4393.43569368	4395.36152567	0
1789032600	XAUUSD	M15	4392.80	4365.86484	4431.15673	4277.93546			4392.40413648	4393.88283108	0
1789033500	XAUUSD	M15	4394.07	4365.61032	4430.90221	4277.68094			4391.79546800	4392.83914954	0
1789034400	XAUUSD	M15	4395.24	4365.35580	4430.64770	4277.42642			4391.36618602	4392.10266778	0
1789035300	XAUUSD	M15	4394.11	4365.10128	4430.39318	4277.17190			4390.80657828	4391.45462303	0
1789036200	XAUUSD	M15	4383.85	4364.84677	4430.13866	4276.91738			4389.80807808	4390.63135056	0
1789037100	XAUUSD	M15	4378.94	4364.59225	4429.88414	4276.66286			4388.29984542	4389.46559799	0
1789038000	XAUUSD	M15	4383.47	4364.33773	4429.62962	4276.40834			4386.04411394	4387.75485597	0
1789038900	XAUUSD	M15	4385.91	4364.08321	4429.37510	4276.15382			4382.62814372	4385.19149984	0
1789039800	XAUUSD	M15	4384.58	4363.82869	4429.12058	4275.89931			4377.86559992	4381.52854988	0
1789040700	XAUUSD	M15	4374.69	4363.57417	4428.86606	4275.64479			4371.95808810	4376.74331899	0
1789041600	XAUUSD	M15	4375.08	4363.31965	4428.61154	4275.39027			4365.59753178	4371.17042539	0
1789042500	XAUUSD	M15	4363.69	4363.06513	4428.35702	4275.13575			4359.41541032	4365.29291786	0
1789043400	XAUUSD	M15	4340.92	4362.81061	4428.10251	4274.88123		4324.10000	4354.37628257	4359.83460021	0
1789044300	XAUUSD	M15	4340.55	4362.55609	4427.84799	4274.62671			4351.56231729	4355.69845875	0
1789045200	XAUUSD	M15	4344.04	4362.30158	4427.59347	4274.37219			4351.11828757	4353.40837316	0
1789046100	XAUUSD	M15	4357.51	4362.04706	4427.33895	4274.11767			4352.65148907	4353.02993111	0
1789047000	XAUUSD	M15	4364.31	4361.79254	4427.08443	4273.86315			4355.21153310	4354.12073211	1
1789047900	XAUUSD	M15	4365.88	4361.53802	4426.82991	4273.60863			4357.95070423	4356.03571817	0
1789048800	XAUUSD	M15	4359.39	4361.28350	4426.57539	4273.35412			4360.23704639	4358.13638228	0
1789049700	XAUUSD	M15	4363.38	4361.02898	4426.32087	4273.09960			4361.85124208	4359.99381218	0
1789050600	XAUUSD	M15	4356.33	4360.77446	4426.06635	4272.84508			4362.56238262	4361.27809740	0
1789051500	XAUUSD	M15	4358.03	4360.51994	4425.81183	4272.59056			4362.69355553	4361.98582646	0
1789052400	XAUUSD	M15	4359.65	4360.26542	4425.55732	4272.33604			4362.47982106	4362.23282376	0
1789053300	XAUUSD	M15	4365.29	4360.01090	4425.30280	4272.08152			4362.19043934	4362.21163155	1
1789054200	XAUUSD	M15	4365.91	4359.75639	4425.04828	4271.82700			4361.94205134	4362.07684144	0
1789055100	XAUUSD	M15	4365.83	4359.50187	4424.79376	4271.57248			4361.89856353	4361.98770249	0
1789056000	XAUUSD	M15	4359.01	4359.24735	4424.53924	4271.31796			4362.09513603	4362.04141926	1
1789056900	XAUUSD	M15	4363.01	4358.99283	4424.28472	4271.06344			4362.60210728	4362.32176327	0
1789057800	XAUUSD	M15	4356.25	4358.73831	4424.03020	4270.80893			4363.02223741	4362.67200034	0
1789058700	XAUUSD	M15	4364.05	4358.48379	4423.77568	4270.55441			4363.13110492	4362.90155263	0
1789059600	XAUUSD	M15	4362.43	4358.22927	4423.52116	4270.29989			4362.30057359	4362.60106311	1
1789060500	XAUUSD	M15	4365.84	4357.97475	4423.26664	4270.04537			4360.22221354	4361.41163832	0
1789061400	XAUUSD	M15	4359.41	4357.72023	4423.01213	4269.79085			4356.62911668	4359.02037750	0
1789062300	XAUUSD	M15	4352.62	4357.46571	4422.75761	4269.53633			4351.75974581	4355.39006165	0
1789063200	XAUUSD	M15	4340.88	4357.21120	4422.50309	4269.28181			4346.09533565	4350.74269865	0
1789064100	XAUUSD	M15	4339.00	4356.95668	4422.24857	4269.02729			4340.38108839	4345.56189352	0
1789065000	XAUUSD	M15	4333.80	4356.70216	4421.99405	4268.77277			4335.05601896	4340.30895624	0
1789065900	XAUUSD	M15	4332.98	4356.44764	4421.73953	4268.51825			4330.52826421	4335.41861022	0
1789066800	XAUUSD	M15	4322.41	4356.19312	4421.48501	4268.26374			4326.94132370	4331.17996696	0
1789067700	XAUUSD	M15	4327.19	4355.93860	4421.23049	4268.00922			4324.50707678	4327.84352187	0
1789068600	XAUUSD	M15	4324.42	4355.68408	4420.97597	4267.75470			4322.90083369	4325.37217778	0
1789069500	XAUUSD	M15	4324.24	4355.42956	4420.72145	4267.50018			4321.86582882	4323.61900330	0
1789070400	XAUUSD	M15	4323.01	4355.17504	4420.46694	4267.24566			4321.13704124	4322.37802227	0
1789071300	XAUUSD	M15	4318.54	4354.92052	4420.21242	4266.99114			4320.57610250	4321.47706239	0
1789072200	XAUUSD	M15	4318.07	4354.66600	4419.95790	4266.73662			4320.15564989	4320.81635614	0
1789073100	XAUUSD	M15	4316.65	4354.41149	4419.70338	4266.48210			4319.76888390	4320.29262002	0
1789077600	XAUUSD	M15	4321.41	4354.15697	4419.44886	4266.22758			4319.36120783	4319.82691392	0
1789078500	XAUUSD	M15	4319.77	4353.90245	4419.19434	4265.97306			4318.75027842	4319.28859617	0
1789079400	XAUUSD	M15	4316.07	4353.64793	4418.93982	4265.71855			4318.01709180	4318.65284399	0
1789080300	XAUUSD	M15	4318.58	4353.39341	4418.68530	4265.46403			4317.37325540	4318.01304969	0
1789081200	XAUUSD	M15	4319.69	4353.13889	4418.43078	4265.20951			4316.93742280	4317.47523625	0
1789082100	XAUUSD	M15	4318.21	4352.88437	4418.17626	4264.95499			4316.89148907	4317.18336266	0
1789083000	XAUUSD	M15	4316.12	4352.62985	4417.92174	4264.70047			4317.44339048	4317.31337657	1
1789083900	XAUUSD	M15	4315.19	4352.37533	4417.66723	4264.44595			4318.75351529	4318.03344593	0
1789084800	XAUUSD	M15	4319.07	4352.12081	4417.41271	4264.19143			4320.83096326	4319.43220460	0
1789085700	XAUUSD	M15	4323.95	4351.86630	4417.15819	4263.93691			4323.42483673	4321.42852066	0
1789086600	XAUUSD	M15	4327.55	4351.61178	4416.90367	4263.68239			4326.15190361	4323.79021214	0
1789087500	XAUUSD	M15	4332.12	4351.35726	4416.64915	4263.42787			4328.62101260	4326.20561237	0
1789088400	XAUUSD	M15	4333.07	4351.10274	4416.39463	4263.17336	4340.49000		4330.40024501	4328.30292869	0
1789089300	XAUUSD	M15	4328.15	4350.84822	4416.14011	4262.91884			4331.24030945	4329.77161907	0
1789090200	XAUUSD	M15	4326.71	4350.59370	4415.88559	4262.66432			4331.11701457	4330.44431682	0
1789091100	XAUUSD	M15	4329.32	4350.33918	4415.63107	4262.40980			4330.00844753	4330.22638218	1
1789092000	XAUUSD	M15	4330.80	4350.08466	4415.37655	4262.15528			4327.85892668	4329.04265443	0
1789092900	XAUUSD	M15	4325.22	4349.83014	4415.12204	4261.90076			4324.79052265	4326.91658854	0
1789093800	XAUUSD	M15	4318.88	4349.57562	4414.86752	4261.64624			4321.25163676	4324.08411265	0
1789094700	XAUUSD	M15	4322.78	4349.32111	4414.61300	4261.39172			4317.82943740	4320.95677503	0
1789095600	XAUUSD	M15	4319.69	4349.06659	4414.35848	4261.13720			4314.86156474	4317.90916988	0
1789096500	XAUUSD	M15	4309.28	4348.81207	4414.10396	4260.88268			4312.88174318	4315.39545653	0
1789097400	XAUUSD	M15	4308.31	4348.55755	4413.84944	4260.62816			4312.52511440	4313.96028547	0
1789098300	XAUUSD	M15	4303.83	4348.30303	4413.59492	4260.37365		4300.88000	4313.99400789	4313.97714668	1
1789099200	XAUUSD	M15	4321.59	4348.04851	4413.34040	4260.11913			4317.32232962	4315.64973815	0
1789100100	XAUUSD	M15	4328.62	4347.79399	4413.08588	4259.86461			4321.76702031	4318.70837923	0
1789101000	XAUUSD	M15	4330.48	4347.53947	4412.83136	4259.61009			4326.77442343	4322.74140133	0
1789101900	XAUUSD	M15	4331.80	4347.28495	4412.57685	4259.35557			4331.94994899	4327.34567516	0
1789102800	XAUUSD	M15	4337.99	4347.03043	4412.32233	4259.10105			4336.95411496	4332.14989506	0
1789103700	XAUUSD	M15	4334.66	4346.77592	4412.06781	4258.84653			4341.40802534	4336.77896020	0
1789104600	XAUUSD	M15	4342.85	4346.52140	4411.81329	4258.59201			4345.25654255	4341.01775138	0
1789105500	XAUUSD	M15	4345.71	4346.26688	4411.55877	4258.33749			4348.27719740	4344.64747439	0
1789106400	XAUUSD	M15	4359.03	4346.01236	4411.30425	4258.08297	4360.76000		4350.45267904	4347.55007671	0
1789107300	XAUUSD	M15	4351.62	4345.75784	4411.04973	4257.82846			4351.52980279	4349.53993975	0
1789108200	XAUUSD	M15	4350.65	4345.50332	4410.79521	4257.57394			4351.82953761	4350.68473868	0
1789109100	XAUUSD	M15	4353.25	4345.24880	4410.54069	4257.31942			4351.55990839	4351.12232354	0
1789110000	XAUUSD	M15	4351.58	4344.99428	4410.28617	4257.06490			4350.79959772	4350.96096063	1
1789110900	XAUUSD	M15	4346.35	4344.73976	4410.03166	4256.81038			4349.72393235	4350.34244649	0
1789111800	XAUUSD	M15	4345.20	4344.48524	4409.77714	4256.55586			4348.59869152	4349.47056901	0
1789112700	XAUUSD	M15	4344.91	4344.23073	4409.52262	4256.30134			4347.58230950	4348.52643925	0
1789113600	XAUUSD	M15	4347.42	4343.97621	4409.26810	4256.04682			4346.77448755	4347.65046340	0
1789114500	XAUUSD	M15	4351.79	4343.72169	4409.01358	4255.79230			4346.21707324	4346.93376832	0
1789115400	XAUUSD	M15	4352.64	4343.46717	4408.75906	4255.53778			4345.91002011	4346.42189422	0
1789116300	XAUUSD	M15	4346.99	4343.21265	4408.50454	4255.28327			4345.91207193	4346.16698307	0
1789117200	XAUUSD	M15	4342.64	4342.95813	4408.25002	4255.02875			4346.36176771	4346.26437539	1
1789118100	XAUUSD	M15	4343.73	4342.70361	4407.99550	4254.77423			4347.16623262	4346.71530401	0
1789119000	XAUUSD	M15	4343.48	4342.44909	4407.74098	4254.51971			4347.92633923	4347.32082162	0
1789119900	XAUUSD	M15	4346.33	4342.19457	4407.48647	4254.26519			4348.16798962	4347.74440562	0
1789120800	XAUUSD	M15	4346.20	4341.94005	4407.23195	4254.01067			4347.38887649	4347.56664106	1
1789121700	XAUUSD	M15	4349.22	4341.68553	4406.97743	4253.75615			4345.36243178	4346.46453642	0
1789122600	XAUUSD	M15	4345.08	4341.43102	4406.72291	4253.50163			4342.07098687	4344.26776164	0
1789123500	XAUUSD	M15	4337.27	4341.17650	4406.46839	4253.24711			4338.08781084	4341.17778624	0
1789124400	XAUUSD	M15	4338.06	4340.92198	4406.21387	4252.99259			4334.40210440	4337.78994532	0
1789125300	XAUUSD	M15	4336.43	4340.66746	4405.95935	4252.73808			4331.96328960	4334.87661746	0
1789126200	XAUUSD	M15	4334.61	4340.41294	4405.70483	4252.48356			4331.77164988	4333.32413367	0
1789127100	XAUUSD	M15	4333.35	4340.15842	4405.45031	4252.22904			4334.55699566	4333.94056466	1
1789128000	XAUUSD	M15	4327.76	4339.90390	4405.19579	4251.97452			4340.64903488	4337.29479977	0
1789128900	XAUUSD	M15	4341.27	4339.64938	4404.94127	4251.72000			4349.94289650	4343.61884814	0
1789129800	XAUUSD	M15	4354.26	4339.39486	4404.68676	4251.46548		4292.06000	4361.25273517	4352.43579166	0
1789130700	XAUUSD	M15	4388.66	4339.14034	4404.43224	4251.21096			4372.98354265	4362.70966715	0
1789131600	XAUUSD	M15	4389.65	4338.88583	4404.17772	4250.95644			4382.88844429	4372.79905572	0
1789132500	XAUUSD	M15	4389.94	4338.63131	4403.92320	4250.70192			4389.83706938	4381.31806255	0
1789133400	XAUUSD	M15	4394.70	4338.37679	4403.66868	4250.44740			4393.19765053	4387.25785654	0
1789134300	XAUUSD	M15	4401.66	4338.12227	4403.41416	4250.19289			4392.80687831	4390.03236742	0
1789135200	XAUUSD	M15	4383.05	4337.86775	4403.15964	4249.93837	4402.51000		4389.00404151	4389.51820446	1
1789136100	XAUUSD	M15	4375.09	4337.61323	4402.90512	4249.68385			4383.24639364	4386.38229905	0
1789137000	XAUUSD	M15	4371.24	4337.35871	4402.65060	4249.42933			4376.87769249	4381.62999577	0
1789137900	XAUUSD	M15	4370.80	4337.10419	4402.39608	4249.17481			4371.04210313	4376.33604945	0
1789138800	XAUUSD	M15	4362.20	4336.84967	4402.14157	4248.92029			4366.51064210	4371.42334578	0
1789139700	XAUUSD	M15	4370.53	4336.59515	4401.88705	4248.66577			4363.85659879	4367.63997228	0
1789140600	XAUUSD	M15	4372.95	4336.34064	4401.63253	4248.41125			4362.78354774	4365.21176001	0
1789141500	XAUUSD	M15	4367.05	4336.08612	4401.37801	4248.15673			4362.79558388	4364.00367194	0
1789142400	XAUUSD	M15	4361.27	4335.83160	4401.12349	4247.90221			4363.47873566	4363.74120380	0
1789143300	XAUUSD	M15	4354.89	4335.57708	4400.86897	4247.64769			4364.37700585	4364.05910482	1
1789144200	XAUUSD	M15	4363.54	4335.32256	4400.61445	4247.39318			4365.11859310	4364.58884896	0
1789145100	XAUUSD	M15	4361.67	4335.06804	4400.35993	4247.13866			4365.07846008	4364.83365452	0
1789146000	XAUUSD	M15	4365.89	4334.81352	4400.10541	4246.88414			4364.07748473	4364.45556963	1
1789146900	XAUUSD	M15	4366.98	4334.55900	4399.85089	4246.62962			4362.00649230	4363.23103096	0
1789147800	XAUUSD	M15	4362.04	4334.30448	4399.59638	4246.37510			4359.04492445	4361.13797771	0
1789148700	XAUUSD	M15	4358.22	4334.04996	4399.34186	4246.12058			4355.72388391	4358.43093081	0
1789149600	XAUUSD	M15	4346.82	4333.79545	4399.08734	4245.86606			4352.56554627	4355.49823854	0
1789150500	XAUUSD	M15	4350.60	4333.54093	4398.83282	4245.61154			4350.22586425	4352.86205139	0
1789151400	XAUUSD	M15	4346.97	4333.28641	4398.57830	4245.35702			4348.77575025	4350.81890082	0
1789152300	XAUUSD	M15	4346.94	4333.03189	4398.32378	4245.10250			4348.20558328	4349.51224205	0
1789153200	XAUUSD	M15	4351.96	4332.77737	4398.06926	4244.84799			4348.24154188	4348.87689197	0
1789154100	XAUUSD	M15	4347.34	4332.52285	4397.81474	4244.59347			4348.41056691	4348.64372944	0
1789155000	XAUUSD	M15	4346.19	4332.26833	4397.56022	4244.33895			4348.50269178	4348.57321061	0
1789155900	XAUUSD	M15	4348.79	4332.01381	4397.30570	4244.08443			4348.31303580	4348.44312320	0
1789156800	XAUUSD	M15	4348.34	4331.75929	4397.05119	4243.82991			4347.60933345	4348.02622833	0
1789157700	XAUUSD	M15	4348.79	4331.50477	4396.79667	4243.57539			4346.38254924	4347.20438878	0
1789158600	XAUUSD	M15	4346.47	4331.25026	4396.54215	4243.32087			4344.64776771	4345.92607825	0
1789159500	XAUUSD	M15	4349.02	4330.99574	4396.28763	4243.06635			4342.65787047	4344.29197436	0
1789336800	XAUUSD	M15	4330.85	4330.74122	4396.03311	4242.81183			4340.59224967	4342.44211201	0
1789337700	XAUUSD	M15	4336.17	4330.48670	4395.77859	4242.55731			4339.11244455	4340.77727828	0
1789338600	XAUUSD	M15	4337.23	4330.23218	4395.52407	4242.30280			4338.12509803	4339.45118815	0
1789339500	XAUUSD	M15	4337.87	4329.97766	4395.26955	4242.04828			4337.59721399	4338.52420107	0
1789340400	XAUUSD	M15	4339.60	4329.72314	4395.01503	4241.79376			4337.38575623	4337.95497865	0
1789341300	XAUUSD	M15	4339.42	4329.46862	4394.76051	4241.53924			4337.28339741	4337.61918803	0
1789342200	XAUUSD	M15	4337.90	4329.21410	4394.50600	4241.28472			4337.16249883	4337.39084343	0
1789343100	XAUUSD	M15	4332.81	4328.95958	4394.25148	4241.03020			4337.01764640	4337.20424491	0
1789344000	XAUUSD	M15	4342.68	4328.70507	4393.99696	4240.77568			4337.01317570	4337.10871031	0
1789344900	XAUUSD	M15	4337.92	4328.45055	4393.74244	4240.52116			4336.99177131	4337.05024081	0
1789345800	XAUUSD	M15	4338.25	4328.19603	4393.48792	4240.26664			4337.28450962	4337.16737521	1
1789346700	XAUUSD	M15	4338.54	4327.94151	4393.23340	4240.01212			4338.06090992	4337.61414257	0
1789347600	XAUUSD	M15	4331.66	4327.68699	4392.97888	4239.75761			4339.40597442	4338.51005849	0
1789348500	XAUUSD	M15	4335.52	4327.43247	4392.72436	4239.50309			4341.38830399	4339.94918124	0
1789349400	XAUUSD	M15	4342.34	4327.17795	4392.46984	4239.24857			4343.62067361	4341.78492742	0
1789350300	XAUUSD	M15	4353.38	4326.92343	4392.21532	4238.99405			4345.47238298	4343.62865520	0
1789351200	XAUUSD	M15	4349.35	4326.66891	4391.96081	4238.73953			4346.22493839	4344.92679680	0
1789352100	XAUUSD	M15	4352.17	4326.41439	4391.70629	4238.48501			4345.68285945	4345.30482813	0
1789353000	XAUUSD	M15	4345.68	4326.15987	4391.45177	4238.23049	4355.34000		4343.67351285	4344.48917049	1
1789353900	XAUUSD	M15	4330.93	4325.90536	4391.19725	4237.97597			4340.55066956	4342.51992003	0
1789354800	XAUUSD	M15	4333.46	4325.65084	4390.94273	4237.72145			4337.06034197	4339.79013100	0
1789355700	XAUUSD	M15	4334.82	4325.39632	4390.68821	4237.46693			4333.58354480	4336.68683790	0
1789356600	XAUUSD	M15	4329.00	4325.14180	4390.43369	4237.21242			4330.51328137	4333.60005964	0
1789357500	XAUUSD	M15	4330.45	4324.88728	4390.17917	4236.95790			4328.33492221	4330.96749092	0
1789358400	XAUUSD	M15	4329.15	4324.63276	4389.92465	4236.70338			4327.18514463	4329.07631778	0
1789359300	XAUUSD	M15	4331.47	4324.37824	4389.67013	4236.44886			4327.08399889	4328.08015833	0
1789360200	XAUUSD	M15	4323.42	4324.12372	4389.41561	4236.19434			4327.77115841	4327.92565837	0
1789361100	XAUUSD	M15	4329.53	4323.86920	4389.16110	4235.93982			4329.10281790	4328.51423814	1
1789362000	XAUUSD	M15	4330.74	4323.61468	4388.90658	4235.68530			4330.50982053	4329.51202933	0
1789362900	XAUUSD	M15	4326.93	4323.36017	4388.65206	4235.43078			4331.56453549	4330.53828241	0
1789363800	XAUUSD	M15	4331.04	4323.10565	4388.39754	4235.17626			4332.07684185	4331.30756213	0
1789364700	XAUUSD	M15	4337.34	4322.85113	4388.14302	4234.92174			4331.80809173	4331.55782693	0
1789365600	XAUUSD	M15	4329.93	4322.59661	4387.88850	4234.66723			4330.56178980	4331.05980837	1
1789366500	XAUUSD	M15	4330.20	4322.34209	4387.63398	4234.41271			4328.68059381	4329.87020109	0
1789367400	XAUUSD	M15	4327.26	4322.08757	4387.37946	4234.15819			4326.40296383	4328.13658246	0
1789368300	XAUUSD	M15	4322.20	4321.83305	4387.12494	4233.90367			4324.02783170	4326.08220708	0
1789369200	XAUUSD	M15	4323.96	4321.57853	4386.87042	4233.64915			4321.86585492	4323.97403100	0
1789370100	XAUUSD	M15	4316.89	4321.32401	4386.61591	4233.39463			4319.86287967	4321.91845533	0
1789371000	XAUUSD	M15	4319.23	4321.06949	4386.36139	4233.14011			4318.04822627	4319.98334080	0
1789371900	XAUUSD	M15	4310.86	4320.81498	4386.10687	4232.88559			4316.05590425	4318.01962253	0
1789372800	XAUUSD	M15	4313.29	4320.56046	4385.85235	4232.63107			4313.76515052	4315.89238652	0
1789373700	XAUUSD	M15	4310.62	4320.30594	4385.59783	4232.37655			4310.80348403	4313.34793528	0
1789374600	XAUUSD	M15	4311.82	4320.05142	4385.34331	4232.12203			4307.11431456	4310.23112492	0
1789375500	XAUUSD	M15	4306.62	4319.79690	4385.08879	4231.86752			4302.74046077	4306.48579285	0
1789376400	XAUUSD	M15	4305.87	4319.54238	4384.83427	4231.61300			4298.08677281	4302.28628283	0
1789377300	XAUUSD	M15	4288.06	4319.28786	4384.57975	4231.35848			4293.58978554	4297.93803418	0
1789378200	XAUUSD	M15	4281.41	4319.03334	4384.32523	4231.10396			4290.15890554	4294.04846986	0
1789379100	XAUUSD	M15	4285.49	4318.77882	4384.07072	4230.84944			4288.32430936	4291.18638961	0
1789380000	XAUUSD	M15	4288.55	4318.52430	4383.81620	4230.59492			4288.04609239	4289.61624100	0
1789380900	XAUUSD	M15	4291.16	4318.26979	4383.56168	4230.34040			4289.04607731	4289.33115916	0
1789381800	XAUUSD	M15	4293.91	4318.01527	4383.30716	4230.08588			4290.83375893	4290.08245904	1
1789382700	XAUUSD	M15	4294.75	4317.76075	4383.05264	4229.83136			4292.74194076	4291.41219990	0
1789383600	XAUUSD	M15	4292.11	4317.50623	4382.79812	4229.57684			4294.14843595	4292.78031792	0
1789384500	XAUUSD	M15	4296.10	4317.25171	4382.54360	4229.32233			4294.63347458	4293.70689625	0
1789385400	XAUUSD	M15	4292.36	4316.99719	4382.28908	4229.06781			4293.78189094	4293.74439360	0
1789386300	XAUUSD	M15	4287.08	4316.74267	4382.03456	4228.81329			4291.62535193	4292.68487276	1
1789387200	XAUUSD	M15	4294.61	4316.48815	4381.78004	4228.55877			4288.47773352	4290.58130314	0
1789388100	XAUUSD	M15	4286.12	4316.23363	4381.52553	4228.30425			4284.49863194	4287.53996754	0
1789389000	XAUUSD	M15	4283.66	4315.97911	4381.27101	4228.04973			4280.35821315	4283.94909034	0
1789389900	XAUUSD	M15	4271.04	4315.72460	4381.01649	4227.79521			4276.56198745	4280.25553890	0
1789390800	XAUUSD	M15	4266.38	4315.47008	4380.76197	4227.54069		4253.61000	4273.78662423	4277.02108156	0
1789391700	XAUUSD	M15	4273.21	4315.21556	4380.50745	4227.28617			4272.31156657	4274.66632407	0
1789392600	XAUUSD	M15	4274.88	4314.96104	4380.25293	4227.03165			4271.89405335	4273.28018871	0
1789393500	XAUUSD	M15	4272.69	4314.70652	4379.99841	4226.77714			4272.33099911	4272.80559391	0
1789394400	XAUUSD	M15	4281.84	4314.45200	4379.74389	4226.52262			4273.46220463	4273.13389927	1
1789395300	XAUUSD	M15	4270.03	4314.19748	4379.48937	4226.26810			4274.87010892	4274.00200410	0
1789396200	XAUUSD	M15	4276.81	4313.94296	4379.23485	4226.01358			4276.78493515	4275.39346962	0
1789397100	XAUUSD	M15	4279.49	4313.68844	4378.98034	4225.75906			4279.02697518	4277.21022240	0
1789398000	XAUUSD	M15	4277.11	4313.43392	4378.72582	4225.50454			4281.61331492	4279.41176866	0
1789398900	XAUUSD	M15	4283.63	4313.17941	4378.47130	4225.25002			4284.71380086	4282.06278476	0
1789399800	XAUUSD	M15	4294.32	4312.92489	4378.21678	4224.99550			4288.27377411	4285.16827943	0
1789400700	XAUUSD	M15	4288.22	4312.67037	4377.96226	4224.74098			4292.06589050	4288.61708497	0
1789401600	XAUUSD	M15	4294.35	4312.41585	4377.70774	4224.48646			4296.25782955	4292.43745726	0
1789402500	XAUUSD	M15	4300.13	4312.16133	4377.45322	4224.23195			4300.59943453	4296.51844590	0
1789403400	XAUUSD	M15	4306.11	4311.90681	4377.19870	4223.97743			4304.79242278	4300.65543434	0
1789404300	XAUUSD	M15	4315.78	4311.65229	4376.94418	4223.72291	4317.63000		4308.47940638	4304.56742036	0
1789405200	XAUUSD	M15	4311.49	4311.39777	4376.68966	4223.46839			4311.26725000	4307.91733518	0
1789406100	XAUUSD	M15	4311.80	4311.14325	4376.43515	4223.21387			4313.16924365	4310.54328941	0
1789407000	XAUUSD	M15	4309.96	4310.88873	4376.18063	4222.95935			4314.07828722	4312.31078832	0
1789407900	XAUUSD	M15	4311.00	4310.63421	4375.92611	4222.70483			4313.98153268	4313.14616050	0
1789408800	XAUUSD	M15	4312.62	4310.37970	4375.67159	4222.45031			4312.82953456	4312.98784753	1
1789409700	XAUUSD	M15	4309.73	4310.12518	4375.41707	4222.19579			4310.62508012	4311.80646383	0
1789410600	XAUUSD	M15	4309.47	4309.87066	4375.16255	4221.94127			4307.58320787	4309.69483585	0
1789411500	XAUUSD	M15	4307.40	4309.61614	4374.90803	4221.68676			4303.96243598	4306.82863591	0
1789412400	XAUUSD	M15	4306.03	4309.36162	4374.65351	4221.43224			4300.13205737	4303.48034664	0
1789413300	XAUUSD	M15	4296.33	4309.10710	4374.39899	4221.17772			4296.50295481	4299.99165072	0
1789414200	XAUUSD	M15	4291.89	4308.85258	4374.14447	4220.92320			4293.68729630	4296.83947351	0
1789415100	XAUUSD	M15	4283.57	4308.59806	4373.88995	4220.66868			4291.99705571	4294.41826461	0
1789416000	XAUUSD	M15	4287.78	4308.34354	4373.63544	4220.41416		4282.31000	4291.69582636	4293.05704548	0
1789416900	XAUUSD	M15	4296.67	4308.08902	4373.38092	4220.15964			4292.47560797	4292.76632673	0
1789417800	XAUUSD	M15	4294.93	4307.83451	4373.12640	4219.90512			4293.76084284	4293.26358478	1
1789418700	XAUUSD	M15	4298.71	4307.57999	4372.87188	4219.65060			4295.17658757	4294.22008617	0
1789423200	XAUUSD	M15	4296.98	4307.32547	4372.61736	4219.39608			4296.19933043	4295.20970830	0
1789424100	XAUUSD	M15	4295.73	4307.07095	4372.36284	4219.14157			4296.55253502	4295.88112166	0
1789425000	XAUUSD	M15	4295.73	4306.81643	4372.10832	4218.88705			4296.11630615	4295.99871390	0
1789425900	XAUUSD	M15	4295.46	4306.56191	4371.85380	4218.63253			4294.88822628	4295.44347009	1
1789426800	XAUUSD	M15	4292.18	4306.30739	4371.59928	4218.37801			4293.08173257	4294.26260133	0
1789427700	XAUUSD	M15	4290.00	4306.05287	4371.34476	4218.12349			4291.08649232	4292.67454682	0
1789428600	XAUUSD	M15	4289.53	4305.79835	4371.09025	4217.86897			4289.33079907	4291.00267295	0
1789429500	XAUUSD	M15	4288.24	4305.54383	4370.83573	4217.61445			4288.20514159	4289.60390727	0
1789430400	XAUUSD	M15	4286.89	4305.28932	4370.58121	4217.35993			4288.00320818	4288.80355773	0
1789431300	XAUUSD	M15	4288.17	4305.03480	4370.32669	4217.10541			4288.89537137	4288.84946455	1
1789432200	XAUUSD	M15	4292.68	4304.78028	4370.07217	4216.85089			4290.84688305	4289.84817380	0
1789433100	XAUUSD	M15	4293.04	4304.52576	4369.81765	4216.59637			4293.58746232	4291.71781806	0
1789434000	XAUUSD	M15	4299.78	4304.27124	4369.56313	4216.34186			4296.82738420	4294.27260113	0
1789434900	XAUUSD	M15	4301.87	4304.01672	4369.30861	4216.08734			4300.10627686	4297.18943899	0
1789435800	XAUUSD	M15	4298.68	4303.76220	4369.05409	4215.83282			4303.12525253	4300.15734576	0
1789436700	XAUUSD	M15	4304.44	4303.50768	4368.79957	4215.57830			4305.82160042	4302.98947309	0
1789437600	XAUUSD	M15	4307.38	4303.25316	4368.54506	4215.32378			4307.97730220	4305.48338764	0
1789438500	XAUUSD	M15	4309.91	4302.99864	4368.29054	4215.06926			4309.52767673	4307.50553219	0
1789439400	XAUUSD	M15	4311.45	4302.74413	4368.03602	4214.81474			4310.47760405	4308.99156812	0
1789440300	XAUUSD	M15	4314.17	4302.48961	4367.78150	4214.56022	4317.41000		4310.87000450	4309.93078631	0
1789441200	XAUUSD	M15	4310.86	4302.23509	4367.52698	4214.30570			4310.73246949	4310.33162790	0
1789442100	XAUUSD	M15	4310.82	4301.98057	4367.27246	4214.05118			4310.22601226	4310.27882008	1
1789443000	XAUUSD	M15	4308.71	4301.72605	4367.01794	4213.79667			4309.37965580	4309.82923794	0
1789443900	XAUUSD	M15	4303.56	4301.47153	4366.76342	4213.54215			4308.24814027	4309.03868911	0
1789444800	XAUUSD	M15	4307.36	4301.21701	4366.50890	4213.28763			4306.95938598	4307.99903754	0
1789445700	XAUUSD	M15	4303.61	4300.96249	4366.25438	4213.03311			4305.38423121	4306.69163438	0
1789446600	XAUUSD	M15	4305.04	4300.70797	4365.99987	4212.77859			4303.60749166	4305.14956302	0
1789447500	XAUUSD	M15	4304.79	4300.45345	4365.74535	4212.52407			4301.60387750	4303.37672026	0
1789448400	XAUUSD	M15	4301.67	4300.19894	4365.49083	4212.26955			4299.42108671	4301.39890349	0
1789449300	XAUUSD	M15	4297.38	4299.94442	4365.23631	4212.01503			4297.24432354	4299.32161351	0
1789450200	XAUUSD	M15	4296.27	4299.68990	4364.98179	4211.76051			4295.29098119	4297.30629735	0
1789451100	XAUUSD	M15	4291.06	4299.43538	4364.72727	4211.50599			4293.69610401	4295.50120068	0
1789452000	XAUUSD	M15	4289.75	4299.18086	4364.47275	4211.25148			4292.60042951	4294.05081510	0
1789452900	XAUUSD	M15	4289.53	4298.92634	4364.21823	4210.99696			4291.89865855	4292.97473682	0
1789453800	XAUUSD	M15	4290.80	4298.67182	4363.96371	4210.74244			4291.31659952	4292.14566817	0
1789454700	XAUUSD	M15	4293.49	4298.41730	4363.70919	4210.48792			4290.47374005	4291.30970411	0
1789455600	XAUUSD	M15	4288.07	4298.16278	4363.45468	4210.23340			4288.96654974	4290.13812693	0
1789456500	XAUUSD	M15	4291.97	4297.90826	4363.20016	4209.97888			4286.67574226	4288.40693459	0
1789457400	XAUUSD	M15	4283.91	4297.65374	4362.94564	4209.72436			4283.38030617	4285.89362038	0
1789458300	XAUUSD	M15	4280.55	4297.39923	4362.69112	4209.46984			4279.36153701	4282.62757870	0
1789459200	XAUUSD	M15	4267.94	4297.14471	4362.43660	4209.21532			4274.98483442	4278.80620656	0
1789460100	XAUUSD	M15	4273.29	4296.89019	4362.18208	4208.96080			4270.96458617	4274.88539637	0
1789461000	XAUUSD	M15	4267.56	4296.63567	4361.92756	4208.70629			4267.57787311	4271.23163474	0
1789461900	XAUUSD	M15	4262.39	4296.38115	4361.67304	4208.45177		4261.38000	4265.33380738	4268.28272106	0
1789462800	XAUUSD	M15	4265.74	4296.12663	4361.41852	4208.19725			4264.57474220	4266.42873163	0
1789463700	XAUUSD	M15	4267.00	4295.87211	4361.16400	4207.94273			4265.24862802	4265.83867983	0
1789464600	XAUUSD	M15	4269.59	4295.61759	4360.90948	4207.68821			4267.14482065	4266.49175024	1
1789465500	XAUUSD	M15	4268.25	4295.36307	4360.65497	4207.43369			4269.86475274	4268.17825149	0
1789466400	XAUUSD	M15	4273.12	4295.10855	4360.40045	4207.17917			4273.02471805	4270.60148477	0
1789467300	XAUUSD	M15	4274.56	4294.85404	4360.14593	4206.92465			4276.06419030	4273.33283754	0
1789468200	XAUUSD	M15	4274.98	4294.59952	4359.89141	4206.67013			4278.59312176	4275.96297965	0
1789469100	XAUUSD	M15	4281.56	4294.34500	4359.63689	4206.41561			4280.40678619	4278.18488292	0
1789470000	XAUUSD	M15	4283.67	4294.09048	4359.38237	4206.16110			4281.33995895	4279.76242093	0
1789470900	XAUUSD	M15	4283.34	4293.83596	4359.12785	4205.90658			4281.55353585	4280.65797839	0
1789471800	XAUUSD	M15	4282.65	4293.58144	4358.87333	4205.65206			4281.41661540	4281.03729690	0
1789472700	XAUUSD	M15	4284.62	4293.32692	4358.61881	4205.39754			4281.35316701	4281.19523196	0
1789473600	XAUUSD	M15	4278.55	4293.07240	4358.36429	4205.14302			4281.64238072	4281.41880634	0
1789474500	XAUUSD	M15	4277.83	4292.81788	4358.10978	4204.88850			4282.61974203	4282.01927418	0
1789475400	XAUUSD	M15	4281.22	4292.56336	4357.85526	4204.63398			4284.25537573	4283.13732496	0
1789476300	XAUUSD	M15	4290.66	4292.30885	4357.60074	4204.37946			4286.21964567	4284.67848531	0
1789477200	XAUUSD	M15	4286.78	4292.05433	4357.34622	4204.12494			4287.91633828	4286.29741180	0
1789478100	XAUUSD	M15	4287.32	4291.79981	4357.09170	4203.87042			4289.10831663	4287.70286422	0
1789479000	XAUUSD	M15	4289.72	4291.54529	4356.83718	4203.61590			4289.55391021	4288.62838721	0
1789479900	XAUUSD	M15	4294.80	4291.29077	4356.58266	4203.36139			4289.12572836	4288.87705779	0
1789480800	XAUUSD	M15	4294.60	4291.03625	4356.32814	4203.10687			4287.81601575	4288.34653677	1
1789481700	XAUUSD	M15	4284.13	4290.78173	4356.07362	4202.85235			4285.96496650	4287.15575163	0
1789482600	XAUUSD	M15	4278.21	4290.52721	4355.81910	4202.59783			4284.28937772	4285.72256468	0
1789483500	XAUUSD	M15	4277.16	4290.27269	4355.56459	4202.34331			4283.35143119	4284.53699793	0
1789484400	XAUUSD	M15	4285.37	4290.01817	4355.31007	4202.08879			4283.39645523	4283.96672658	0
1789485300	XAUUSD	M15	4283.83	4289.76366	4355.05555	4201.83427			4284.24347422	4284.10510040	1
1789486200	XAUUSD	M15	4287.75	4289.50914	4354.80103	4201.57975			4285.79829143	4284.95169591	0
1789487100	XAUUSD	M15	4289.31	4289.25462	4354.54651	4201.32523			4287.73879867	4286.34524729	0
1789488000	XAUUSD	M15	4286.30	4289.00010	4354.29199	4201.07071			4289.74616350	4288.04570540	0
1789488900	XAUUSD	M15	4295.67	4288.74558	4354.03747	4200.81620			4291.69978441	4289.87274490	0
1789489800	XAUUSD	M15	4296.59	4288.49106	4353.78295	4200.56168			4293.26523050	4291.56898770	0
1789490700	XAUUSD	M15	4295.52	4288.23654	4353.52843	4200.30716			4294.42327959	4292.99613364	0
1789491600	XAUUSD	M15	4295.32	4287.98202	4353.27391	4200.05264			4295.35239619	4294.17426492	0
1789492500	XAUUSD	M15	4293.07	4287.72750	4353.01940	4199.79812			4296.27816906	4295.22621699	0
1789493400	XAUUSD	M15	4293.28	4287.47298	4352.76488	4199.54360			4297.46006972	4296.34314336	0
1789494300	XAUUSD	M15	4294.80	4287.21847	4352.51036	4199.28908			4298.93767144	4297.64040740	0
1789495200	XAUUSD	M15	4302.30	4286.96395	4352.25584	4199.03456			4300.58545341	4299.11293040	0
1789496100	XAUUSD	M15	4304.91	4286.70943	4352.00132	4198.78004			4302.00295290	4300.55794165	0
1789497000	XAUUSD	M15	4304.83	4286.45491	4351.74680	4198.52552			4302.88448984	4301.72121575	0
1789497900	XAUUSD	M15	4308.64	4286.20039	4351.49228	4198.27101			4303.05708160	4302.38914867	0
1789498800	XAUUSD	M15	4300.30	4285.94587	4351.23776	4198.01649	4310.70000		4302.40691234	4302.39803051	0
1789499700	XAUUSD	M15	4301.19	4285.69135	4350.98324	4197.76197			4301.26048603	4301.82925827	1
1789500600	XAUUSD	M15	4296.83	4285.43683	4350.72872	4197.50745			4299.76019852	4300.79472840	0
1789501500	XAUUSD	M15	4297.83	4285.18231	4350.47421	4197.25293			4298.22327416	4299.50900128	0
1789502400	XAUUSD	M15	4296.29	4284.92779	4350.21969	4196.99841			4296.78627304	4298.14763716	0
1789503300	XAUUSD	M15	4294.38	4284.67328	4349.96517	4196.74389			4295.57962484	4296.86363100	0
1789504200	XAUUSD	M15	4293.02	4284.41876	4349.71065	4196.48937			4294.63928270	4295.75145685	0
1789505100	XAUUSD	M15	4293.93	4284.16424	4349.45613	4196.23485			4293.92996882	4294.84071283	0
1789509600	XAUUSD	M15	4292.98	4283.90972	4349.20161	4195.98033			4293.28457738	4294.06264511	0
1789510500	XAUUSD	M15	4298.77	4283.65520	4348.94709	4195.72582			4292.55706188	4293.30985350	0
1789511400	XAUUSD	M15	4294.72	4283.40068	4348.69257	4195.47130			4291.47958349	4292.39471849	0
1789512300	XAUUSD	M15	4288.98	4283.14616	4348.43805	4195.21678			4290.11390856	4291.25431353	0
1789513200	XAUUSD	M15	4286.20	4282.89164	4348.18353	4194.96226			4288.64811427	4289.95121390	0
1789514100	XAUUSD	M15	4284.46	4282.63712	4347.92902	4194.70774			4287.20242519	4288.57681955	0
1789515000	XAUUSD	M15	4284.67	4282.38260	4347.67450	4194.45322			4285.83979545	4287.20830750	0
1789515900	XAUUSD	M15	4283.48	4282.12808	4347.41998	4194.19870			4284.54379853	4285.87605301	0
1789516800	XAUUSD	M15	4282.60	4281.87357	4347.16546	4193.94418			4283.36646825	4284.62126063	0
1789517700	XAUUSD	M15	4284.11	4281.61905	4346.91094	4193.68966			4282.38190608	4283.50158336	0
1789518600	XAUUSD	M15	4283.70	4281.36453	4346.65642	4193.43514			4281.68417535	4282.59287935	0
1789519500	XAUUSD	M15	4277.53	4281.11001	4346.40190	4193.18063		4275.58000	4281.49982563	4282.04635249	0
1789520400	XAUUSD	M15	4287.26	4280.85549	4346.14738	4192.92611			4282.23399711	4282.14017480	1
1789521300	XAUUSD	M15	4290.60	4280.60097	4345.89286	4192.67159			4283.93646646	4283.03832063	0
1789522200	XAUUSD	M15	4288.52	4280.34645	4345.63834	4192.41707			4286.80885256	4284.92358660	0
1789523100	XAUUSD	M15	4282.52	4280.09193	4345.38382	4192.16255			4291.12249324	4288.02303992	0
1789524000	XAUUSD	M15	4292.43	4279.83741	4345.12931	4191.90803			4297.08491273	4292.55397632	0
1789524900	XAUUSD	M15	4298.93	4279.58289	4344.87479	4191.65351			4304.20171641	4298.37784637	0
1789525800	XAUUSD	M15	4311.02	4279.32838	4344.62027	4191.39899			4311.82670626	4305.10227632	0
1789526700	XAUUSD	M15	4321.68	4279.07386	4344.36575	4191.14447			4319.01088229	4312.05657930	0
1789527600	XAUUSD	M15	4337.03	4278.81934	4344.11123	4190.88995			4324.86792582	4318.46225256	0
1789528500	XAUUSD	M15	4331.94	4278.56482	4343.85671	4190.63544	4341.00000		4328.59359952	4323.52792604	0
1789529400	XAUUSD	M15	4327.11	4278.31030	4343.60219	4190.38092			4330.23156497	4326.87974551	0
1789530300	XAUUSD	M15	4327.12	4278.05578	4343.34767	4190.12640			4330.16241416	4328.52107983	0
1789531200	XAUUSD	M15	4326.89	4277.80126	4343.09315	4189.87188			4328.83527598	4328.67817790	0
1789532100	XAUUSD	M15	4325.72	4277.54674	4342.83863	4189.61736			4326.84563660	4327.76190725	1
1789533000	XAUUSD	M15	4322.92	4277.29222	4342.58412	4189.36284			4324.82608512	4326.29399619	0
1789533900	XAUUSD	M15	4321.92	4277.03770	4342.32960	4189.10832			4323.34145037	4324.81772328	0
1789534800	XAUUSD	M15	4321.62	4276.78319	4342.07508	4188.85380			4322.74395289	4323.78083809	0
1789535700	XAUUSD	M15	4325.02	4276.52867	4341.82056	4188.59928			4323.14252150	4323.46167979	0
1789536600	XAUUSD	M15	4332.86	4276.27415	4341.56604	4188.34476			4324.35697255	4323.90932617	1
1789537500	XAUUSD	M15	4326.45	4276.01963	4341.31152	4188.09024			4325.96709635	4324.93821126	0
1789538400	XAUUSD	M15	4325.82	4275.76511	4341.05700	4187.83573			4327.89932541	4326.41876833	0
1789539300	XAUUSD	M15	4326.99	4275.51059	4340.80248	4187.58121			4329.94196948	4328.18036891	0
1789540200	XAUUSD	M15	4328.03	4275.25607	4340.54796	4187.32669			4331.82083520	4330.00060205	0
1789541100	XAUUSD	M15	4332.93	4275.00155	4340.29344	4187.07217			4333.28133127	4331.64096666	0
1789542000	XAUUSD	M15	4335.48	4274.74703	4340.03893	4186.81765			4334.03948246	4332.84022456	0
1789542900	XAUUSD	M15	4335.65	4274.49251	4339.78441	4186.56313			4333.96628164	4333.40325310	0
1789543800	XAUUSD	M15	4336.21	4274.23800	4339.52989	4186.30861			4333.14290772	4333.27308041	1
1789544700	XAUUSD	M15	4329.36	4273.98348	4339.27537	4186.05409			4331.80566477	4332.53937259	0
1789545600	XAUUSD	M15	4327.54	4273.72896	4339.02085	4185.79957			4330.48206819	4331.51072039	0
1789546500	XAUUSD	M15	4334.12	4273.47444	4338.76633	4185.54505			4329.54927935	4330.52999987	0
1789547400	XAUUSD	M15	4328.37	4273.21992	4338.51181	4185.29054			4329.13593705	4329.83296846	0
1789548300	XAUUSD	M15	4330.24	4272.96540	4338.25729	4185.03602			4329.59431208	4329.71364027	0
1789549200	XAUUSD	M15	4332.09	4272.71088	4338.00277	4184.78150			4330.97581486	4330.34472757	1
1789550100	XAUUSD	M15	4329.70	4272.45636	4337.74825	4184.52698			4333.20575720	4331.77524239	0
1789551000	XAUUSD	M15	4335.02	4272.20184	4337.49374	4184.27246			4336.21339027	4333.99431633	0
1789551900	XAUUSD	M15	4338.21	4271.94732	4337.23922	4184.01794			4339.58964442	4336.79198038	0
1789552800	XAUUSD	M15	4342.86	4271.69281	4336.98470	4183.76342			4342.91532467	4339.85365252	0
1789553700	XAUUSD	M15	4348.05	4271.43829	4336.73018	4183.50890			4345.74771956	4342.80068604	0
1789554600	XAUUSD	M15	4349.15	4271.18377	4336.47566	4183.25438			4347.69112244	4345.24590424	0
1789555500	XAUUSD	M15	4350.54	4270.92925	4336.22114	4182.99986			4348.71334499	4346.97962462	0
1789556400	XAUUSD	M15	4347.14	4270.67473	4335.96662	4182.74535			4348.83408352	4347.90685407	0
1789557300	XAUUSD	M15	4350.73	4270.42021	4335.71210	4182.49083			4348.37117746	4348.13901576	0
1789558200	XAUUSD	M15	4349.70	4270.16569	4335.45758	4182.23631			4347.52045713	4347.82973645	1
1789559100	XAUUSD	M15	4341.74	4269.91117	4335.20306	4181.98179			4346.52394206	4347.17683925	0
1789560000	XAUUSD	M15	4343.42	4269.65665	4334.94855	4181.72727			4345.73879148	4346.45781537	0
1789560900	XAUUSD	M15	4339.63	4269.40213	4334.69403	4181.47275			4345.17967614	4345.81874575	0
1789561800	XAUUSD	M15	4343.84	4269.14762	4334.43951	4181.21823			4344.95414215	4345.38644395	0
1789562700	XAUUSD	M15	4347.74	4268.89310	4334.18499	4180.96371			4344.93306978	4345.15975687	0
1789563600	XAUUSD	M15	4356.52	4268.63858	4333.93047	4180.70919			4344.96416462	4345.06196075	0
1789564500	XAUUSD	M15	4352.06	4268.38406	4333.67595	4180.45467			4344.77307710	4344.91751892	0
1789565400	XAUUSD	M15	4340.52	4268.12954	4333.42143	4180.20016			4344.52987203	4344.72369548	0
1789566300	XAUUSD	M15	4338.65	4267.87502	4333.16691	4179.94564			4344.61646300	4344.67007924	0
1789567200	XAUUSD	M15	4340.02	4267.62050	4332.91239	4179.69112			4345.08213638	4344.87610781	1
1789568100	XAUUSD	M15	4338.08	4267.36598	4332.65787	4179.43660			4345.79887327	4345.33749054	0
1789569000	XAUUSD	M15	4345.80	4267.11146	4332.40336	4179.18208			4346.69108254	4346.01428654	0
1789569900	XAUUSD	M15	4355.12	4266.85694	4332.14884	4178.92756			4347.42240009	4346.71834332	0
1789570800	XAUUSD	M15	4353.26	4266.60242	4331.89432	4178.67304			4347.67744445	4347.19789388	0
1789571700	XAUUSD	M15	4344.21	4266.34791	4331.63980	4178.41852			4347.60913315	4347.40351352	0
1789572600	XAUUSD	M15	4350.68	4266.09339	4331.38528	4178.16400			4347.70368210	4347.55359781	0
1789573500	XAUUSD	M15	4352.62	4265.83887	4331.13076	4177.90948			4348.01208586	4347.78284183	0
1789574400	XAUUSD	M15	4350.04	4265.58435	4330.87624	4177.65497			4348.63378777	4348.20831480	0
1789575300	XAUUSD	M15	4346.01	4265.32983	4330.62172	4177.40045			4349.62668464	4348.91749972	0
1789576200	XAUUSD	M15	4347.45	4265.07531	4330.36720	4177.14593			4350.83233713	4349.87491842	0
1789577100	XAUUSD	M15	4346.70	4264.82079	4330.11268	4176.89141			4351.59981777	4350.73736810	0
1789578000	XAUUSD	M15	4343.63	4264.56627	4329.85816	4176.63689			4351.14287910	4350.94012360	0
1789578900	XAUUSD	M15	4346.88	4264.31175	4329.60365	4176.38237			4348.67643288	4349.80827824	1
1789579800	XAUUSD	M15	4344.07	4264.05723	4329.34913	4176.12785			4343.36851270	4346.58839547	0
1789580700	XAUUSD	M15	4361.38	4263.80272	4329.09461	4175.87333			4334.85690292	4340.72264920	0
1789581600	XAUUSD	M15	4310.46	4263.54820	4328.84009	4175.61881	4367.58000		4322.71596325	4331.71930622	0
1789582500	XAUUSD	M15	4322.41	4263.29368	4328.58557	4175.36429			4308.90103632	4320.31017127	0
1789583400	XAUUSD	M15	4301.28	4263.03916	4328.33105	4175.10978			4294.11506721	4307.21261924	0
1789584300	XAUUSD	M15	4261.02	4262.78464	4328.07653	4174.85526			4280.09788848	4293.65525386	0
1789585200	XAUUSD	M15	4252.97	4262.53012	4327.82201	4174.60074		4235.22000	4268.99031132	4281.32278259	0
1789586100	XAUUSD	M15	4253.43	4262.27560	4327.56749	4174.34622			4261.63401366	4271.47839813	0
1789587000	XAUUSD	M15	4265.54	4262.02108	4327.31297	4174.09170			4258.06344341	4264.77092077	0
1789587900	XAUUSD	M15	4272.57	4261.76656	4327.05846	4173.83718			4257.43065936	4261.10079006	0
1789588800	XAUUSD	M15	4264.83	4261.51204	4326.80394	4173.58266			4258.67867651	4259.88973329	0
1789589700	XAUUSD	M15	4260.34	4261.25753	4326.54942	4173.32814			4260.98880608	4260.43926968	1
1789590600	XAUUSD	M15	4262.35	4261.00301	4326.29490	4173.07362			4263.53355187	4261.98641077	0
1789591500	XAUUSD	M15	4264.07	4260.74849	4326.04038	4172.81910			4265.53962518	4263.76301798	0
1789596000	XAUUSD	M15	4259.18	4260.49397	4325.78586	4172.56458			4266.62058769	4265.19180283	0
1789596900	XAUUSD	M15	4262.09	4260.23945	4325.53134	4172.31007			4266.92804839	4266.05992561	0
1789597800	XAUUSD	M15	4273.21	4259.98493	4325.27682	4172.05555			4266.71183060	4266.38587811	0
1789598700	XAUUSD	M15	4266.64	4259.73041	4325.02230	4171.80103			4266.23065687	4266.30826749	1
1789599600	XAUUSD	M15	4262.64	4259.47589	4324.76778	4171.54651			4266.33070717	4266.31948733	1
1789600500	XAUUSD	M15	4271.82	4259.22137	4324.51327	4171.29199			4267.69371785	4267.00660259	0
1789601400	XAUUSD	M15	4273.57	4258.96685	4324.25875	4171.03747			4270.40037334	4268.70348796	0
1789602300	XAUUSD	M15	4271.56	4258.71234	4324.00423	4170.78295			4274.44279398	4271.57314097	0
1789603200	XAUUSD	M15	4284.95	4258.45782	4323.74971	4170.52843			4279.66366575	4275.61840336	0
1789604100	XAUUSD	M15	4284.53	4258.20330	4323.49519	4170.27391			4285.24475728	4280.43158032	0
1789605000	XAUUSD	M15	4288.72	4257.94878	4323.24067	4170.01939			4290.64235910	4285.53696971	0
1789605900	XAUUSD	M15	4280.17	4257.69426	4322.98615	4169.76488			4295.20871026	4290.37283999	0
1789606800	XAUUSD	M15	4298.70	4257.43974	4322.73163	4169.51036			4298.72004488	4294.54644243	0
1789607700	XAUUSD	M15	4309.90	4257.18522	4322.47711	4169.25584			4300.38462923	4297.46553583	0
1789608600	XAUUSD	M15	4309.30	4256.93070	4322.22259	4169.00132	4318.19000		4299.88535545	4298.67544564	0
1789609500	XAUUSD	M15	4300.23	4256.67618	4321.96808	4168.74680			4297.55844416	4298.11694490	1
1789610400	XAUUSD	M15	4287.55	4256.42166	4321.71356	4168.49228			4294.24810308	4296.18252399	0
1789611300	XAUUSD	M15	4291.77	4256.16715	4321.45904	4168.23776			4290.97614491	4293.57933445	0
1789612200	XAUUSD	M15	4288.54	4255.91263	4321.20452	4167.98324			4288.20915697	4290.89424571	0
1789613100	XAUUSD	M15	4277.27	4255.65811	4320.95000	4167.72872			4286.53565951	4288.71495261	0
1789614000	XAUUSD	M15	4285.20	4255.40359	4320.69548	4167.47420			4286.37271132	4287.54383197	0
1789614900	XAUUSD	M15	4286.06	4255.14907	4320.44096	4167.21969			4287.39290265	4287.46836731	0
1789615800	XAUUSD	M15	4295.89	4254.89455	4320.18644	4166.96517			4289.26515704	4288.36676217	1
1789616700	XAUUSD	M15	4296.06	4254.64003	4319.93192	4166.71065			4291.26949424	4289.81812821	0
1789617600	XAUUSD	M15	4293.78	4254.38551	4319.67740	4166.45613			4292.98868333	4291.40340577	0
1789618500	XAUUSD	M15	4291.35	4254.13099	4319.42289	4166.20161			4294.19944186	4292.80142382	0
1789619400	XAUUSD	M15	4295.34	4253.87647	4319.16837	4165.94709			4294.86456613	4293.83299497	0
1789620300	XAUUSD	M15	4297.42	4253.62195	4318.91385	4165.69257			4295.09284703	4294.46292100	0
1789621200	XAUUSD	M15	4294.17	4253.36744	4318.65933	4165.43805			4295.21785801	4294.84038950	0
1789622100	XAUUSD	M15	4286.48	4253.11292	4318.40481	4165.18353			4295.89274322	4295.36656636	0
1789623000	XAUUSD	M15	4297.05	4252.85840	4318.15029	4164.92901			4297.75996569	4296.56326603	0
1789623900	XAUUSD	M15	4304.51	4252.60388	4317.89577	4164.67450			4300.82025510	4298.69176056	0
1789624800	XAUUSD	M15	4312.07	4252.34936	4317.64125	4164.41998			4304.86639698	4301.77907877	0
1789625700	XAUUSD	M15	4312.20	4252.09484	4317.38673	4164.16546			4309.46793826	4305.62350852	0
1789626600	XAUUSD	M15	4309.47	4251.84032	4317.13221	4163.91094			4314.24428043	4309.93389447	0
1789627500	XAUUSD	M15	4310.72	4251.58580	4316.87769	4163.65642			4318.82143325	4314.37766386	0
1789628400	XAUUSD	M15	4322.92	4251.33128	4316.62318	4163.40190			4322.70559533	4318.54162960	0
1789629300	XAUUSD	M15	4329.30	4251.07676	4316.36866	4163.14738			4325.20027910	4321.87095435	0
1789630200	XAUUSD	M15	4331.42	4250.82225	4316.11414	4162.89286			4325.95939621	4323.91517528	0
1789631100	XAUUSD	M15	4327.19	4250.56773	4315.85962	4162.63834			4324.94204489	4324.42861009	0
1789632000	XAUUSD	M15	4320.36	4250.31321	4315.60510	4162.38382			4322.56387323	4323.49624166	1
1789632900	XAUUSD	M15	4316.05	4250.05869	4315.35058	4162.12931			4319.43322984	4321.46473575	0
1789633800	XAUUSD	M15	4313.93	4249.80417	4315.09606	4161.87479			4316.15274850	4318.80874213	0
1789634700	XAUUSD	M15	4311.57	4249.54965	4314.84154	4161.62027			4313.15174539	4315.98024376	0
1789635600	XAUUSD	M15	4315.91	4249.29513	4314.58702	4161.36575			4310.74290886	4313.36157631	0
1789636500	XAUUSD	M15	4306.59	4249.04061	4314.33250	4161.11123			4308.98669579	4311.17413605	0
1789637400	XAUUSD	M15	4309.20	4248.78609	4314.07799	4160.85671			4308.23117410	4309.70265508	0
1789638300	XAUUSD	M15	4306.21	4248.53157	4313.82347	4160.60219			4308.48800650	4309.09533079	0
1789639200	XAUUSD	M15	4310.19	4248.27706	4313.56895	4160.34767			4309.87922535	4309.48727807	1
1789640100	XAUUSD	M15	4313.68	4248.02254	4313.31443	4160.09315			4312.37122230	4310.92925019	0
1789641000	XAUUSD	M15	4316.46	4247.76802	4313.05991	4159.83863			4315.98785870	4313.45855444	0
1789641900	XAUUSD	M15	4324.30	4247.51350	4312.80539	4159.58411			4320.73991387	4317.09923415	0
1789642800	XAUUSD	M15	4332.02	4247.25898	4312.55087	4159.32960			4326.50782364	4321.80352890	0
1789643700	XAUUSD	M15	4328.45	4247.00446	4312.29635	4159.07508			4333.07858284	4327.44105587	0
1789644600	XAUUSD	M15	4324.96	4246.74994	4312.04183	4158.82056			4340.43345094	4333.93725341	0
1789645500	XAUUSD	M15	4350.10	4246.49542	4311.78731	4158.56604			4348.38222187	4341.15973764	0
1789646400	XAUUSD	M15	4354.67	4246.24090	4311.53280	4158.31152			4355.84372571	4348.50173167	0
1789647300	XAUUSD	M15	4381.09	4245.98638	4311.27828	4158.05700	4381.24000		4362.20694143	4355.35433655	0
1789648200	XAUUSD	M15	4360.63	4245.73187	4311.02376	4157.80248			4366.42342554	4360.88888104	0
1789649100	XAUUSD	M15	4373.34	4245.47735	4310.76924	4157.54796			4368.95287575	4364.92087840	0
1789650000	XAUUSD	M15	4366.23	4245.22283	4310.51472	4157.29344			4369.62504877	4367.27296359	0
1789650900	XAUUSD	M15	4366.94	4244.96831	4310.26020	4157.03892			4368.95485720	4368.11391040	0
1789651800	XAUUSD	M15	4358.10	4244.71379	4310.00568	4156.78441			4367.37520729	4367.74455884	1
1789652700	XAUUSD	M15	4366.75	4244.45927	4309.75116	4156.52989			4365.59414097	4366.66934991	0
1789653600	XAUUSD	M15	4371.77	4244.20475	4309.49664	4156.27537			4363.81509004	4365.24221997	0
1789654500	XAUUSD	M15	4366.62	4243.95023	4309.24212	4156.02085			4362.25269637	4363.74745817	0
1789655400	XAUUSD	M15	4361.10	4243.69571	4308.98761	4155.76633			4361.27289321	4362.51017569	0
1789656300	XAUUSD	M15	4354.09	4243.44119	4308.73309	4155.51181			4361.07744407	4361.79380988	0
1789657200	XAUUSD	M15	4361.91	4243.18668	4308.47857	4155.25729			4361.74327381	4361.76854184	0
1789658100	XAUUSD	M15	4358.16	4242.93216	4308.22405	4155.00277			4362.81404395	4362.29129290	1
1789659000	XAUUSD	M15	4365.77	4242.67764	4307.96953	4154.74825			4364.08089764	4363.18609527	0
1789659900	XAUUSD	M15	4369.99	4242.42312	4307.71501	4154.49373			4365.05117737	4364.11863632	0
1789660800	XAUUSD	M15	4368.04	4242.16860	4307.46049	4154.23922			4365.43698240	4364.77780936	0
1789661700	XAUUSD	M15	4367.76	4241.91408	4307.20597	4153.98470			4365.24680001	4365.01230469	0
1789662600	XAUUSD	M15	4359.97	4241.65956	4306.95145	4153.73018			4364.58391937	4364.79811203	1
1789663500	XAUUSD	M15	4362.37	4241.40504	4306.69693	4153.47566			4363.78779083	4364.29295143	0
1789664400	XAUUSD	M15	4361.92	4241.15052	4306.44242	4153.22114			4362.92975813	4363.61135478	0
1789665300	XAUUSD	M15	4360.55	4240.89600	4306.18790	4152.96662			4362.08385021	4362.84760250	0
1789666200	XAUUSD	M15	4360.49	4240.64149	4305.93338	4152.71210			4361.23549904	4362.04155077	0
1789667100	XAUUSD	M15	4361.29	4240.38697	4305.67886	4152.45758			4360.24039655	4361.14097366	0
1789668000	XAUUSD	M15	4364.71	4240.13245	4305.42434	4152.20306			4358.90680890	4360.02389128	0
1789668900	XAUUSD	M15	4356.32	4239.87793	4305.16982	4151.94854			4357.03060772	4358.52724950	0
1789669800	XAUUSD	M15	4352.17	4239.62341	4304.91530	4151.69403			4354.81480278	4356.67102614	0
1789670700	XAUUSD	M15	4351.65	4239.36889	4304.66078	4151.43951			4352.43141564	4354.55122089	0
1789671600	XAUUSD	M15	4354.64	4239.11437	4304.40626	4151.18499			4350.03781570	4352.29451830	0
1789672500	XAUUSD	M15	4343.35	4238.85985	4304.15174	4150.93047			4347.69254009	4349.99352919	0
1789673400	XAUUSD	M15	4345.25	4238.60533	4303.89723	4150.67595			4345.79672349	4347.89512634	0
1789674300	XAUUSD	M15	4346.22	4238.35081	4303.64271	4150.42143			4344.38175377	4346.13844005	0
1789675200	XAUUSD	M15	4343.06	4238.09629	4303.38819	4150.16691			4343.37609122	4344.75726564	0
1789676100	XAUUSD	M15	4342.17	4237.84178	4303.13367	4149.91239			4342.83433501	4343.79580032	0
1789677000	XAUUSD	M15	4341.37	4237.58726	4302.87915	4149.65787			4342.65382165	4343.22481099	0
1789677900	XAUUSD	M15	4341.70	4237.33274	4302.62463	4149.40335			4342.74937512	4342.98709305	0
1789682400	XAUUSD	M15	4344.46	4237.07822	4302.37011	4149.14884			4342.99751865	4342.99230585	1
1789683300	XAUUSD	M15	4344.92	4236.82370	4302.11559	4148.89432			4343.25520048	4343.12375317	0
1789684200	XAUUSD	M15	4344.46	4236.56918	4301.86107	4148.63980			4343.51050375	4343.31712846	0
1789685100	XAUUSD	M15	4344.45	4236.31466	4301.60655	4148.38528			4343.85008139	4343.58360492	0
1789686000	XAUUSD	M15	4345.04	4236.06014	4301.35203	4148.13076			4344.45096024	4344.01728258	0
1789686900	XAUUSD	M15	4344.24	4235.80562	4301.09752	4147.87624			4345.48440154	4344.75084206	0
1789687800	XAUUSD	M15	4344.33	4235.55110	4300.84300	4147.62172			4347.11003633	4345.93043919	0
1789688700	XAUUSD	M15	4346.35	4235.29659	4300.58848	4147.36720			4349.29546974	4347.61295447	0
1789689600	XAUUSD	M15	4354.38	4235.04207	4300.33396	4147.11268			4351.80355237	4349.70825342	0
1789690500	XAUUSD	M15	4353.45	4234.78755	4300.07944	4146.85816			4354.11197764	4351.91011553	0
1789691400	XAUUSD	M15	4358.76	4234.53303	4299.82492	4146.60365			4355.90726512	4353.90869033	0
1789692300	XAUUSD	M15	4356.44	4234.27851	4299.57040	4146.34913			4356.79144222	4355.35006627	0
1789693200	XAUUSD	M15	4358.20	4234.02399	4299.31588	4146.09461			4356.70024375	4356.02515501	0
1789694100	XAUUSD	M15	4359.84	4233.76947	4299.06136	4145.84009			4355.64642149	4355.83578825	1
1789695000	XAUUSD	M15	4347.39	4233.51495	4298.80684	4145.58557			4353.78606243	4354.81092534	0
1789695900	XAUUSD	M15	4348.36	4233.26043	4298.55233	4145.33105			4351.77976201	4353.29534367	0
1789696800	XAUUSD	M15	4350.45	4233.00591	4298.29781	4145.07653			4349.97310011	4351.63422189	0
1789697700	XAUUSD	M15	4352.99	4232.75140	4298.04329	4144.82201			4348.62168410	4350.12795299	0
1789698600	XAUUSD	M15	4351.67	4232.49688	4297.78877	4144.56749			4347.84603417	4348.98699358	0
1789699500	XAUUSD	M15	4346.86	4232.24236	4297.53425	4144.31297			4347.75498144	4348.37098751	0
1789700400	XAUUSD	M15	4344.81	4231.98784	4297.27973	4144.05845			4348.47928177	4348.42513464	1
1789701300	XAUUSD	M15	4340.96	4231.73332	4297.02521	4143.80394		4334.45000	4349.98559397	4349.20536431	0
1789702200	XAUUSD	M15	4357.51	4231.47880	4296.77069	4143.54942			4352.20858154	4350.70697292	0
1789703100	XAUUSD	M15	4359.31	4231.22428	4296.51617	4143.29490			4354.51903044	4352.61300168	0
1789704000	XAUUSD	M15	4356.96	4230.96976	4296.26165	4143.04038			4356.82527723	4354.71913945	0
1789704900	XAUUSD	M15	4357.91	4230.71524	4296.00714	4142.78586			4359.23022710	4356.97468328	0
1789705800	XAUUSD	M15	4364.59	4230.46072	4295.75262	4142.53134			4361.83658013	4359.40563170	0
1789706700	XAUUSD	M15	4366.99	4230.20621	4295.49810	4142.27682			4364.68281285	4362.04422228	0
1789707600	XAUUSD	M15	4365.46	4229.95169	4295.24358	4142.02230			4367.93310124	4364.98866176	0
1789708500	XAUUSD	M15	4364.66	4229.69717	4294.98906	4141.76778			4371.74176396	4368.36521286	0
1789709400	XAUUSD	M15	4377.09	4229.44265	4294.73454	4141.51326			4376.13863319	4372.25192302	0
1789710300	XAUUSD	M15	4377.38	4229.18813	4294.48002	4141.25875			4380.66333281	4376.45762791	0
1789711200	XAUUSD	M15	4389.04	4228.93361	4294.22550	4141.00423			4385.10558782	4380.78160787	0
1789712100	XAUUSD	M15	4392.43	4228.67909	4293.97098	4140.74971			4388.94763423	4384.86462105	0
1789713000	XAUUSD	M15	4396.12	4228.42457	4293.71646	4140.49519			4391.91505271	4388.38983688	0
1789713900	XAUUSD	M15	4393.43	4228.17005	4293.46195	4140.24067			4393.81584173	4391.10283930	0
1789714800	XAUUSD	M15	4390.48	4227.91553	4293.20743	4139.98615			4394.76845939	4392.93564935	0
1789715700	XAUUSD	M15	4395.67	4227.66102	4292.95291	4139.73163			4394.95166075	4393.94365505	0
1789716600	XAUUSD	M15	4393.72	4227.40650	4292.69839	4139.47711			4394.40221104	4394.17293304	0
1789717500	XAUUSD	M15	4393.36	4227.15198	4292.44387	4139.22259	4399.56000		4393.35442642	4393.76367973	1
1789718400	XAUUSD	M15	4390.44	4226.89746	4292.18935	4138.96807			4391.99484105	4392.87926039	0
1789719300	XAUUSD	M15	4387.88	4226.64294	4291.93483	4138.71356			4390.53027633	4391.70476836	0
1789720200	XAUUSD	M15	4386.82	4226.38842	4291.68031	4138.45904			4389.10128872	4390.40302854	0
1789721100	XAUUSD	M15	4392.24	4226.13390	4291.42579	4138.20452			4387.73492814	4389.06897834	0
1789722000	XAUUSD	M15	4394.49	4225.87938	4291.17127	4137.95000			4386.24638288	4387.65768061	0
1789722900	XAUUSD	M15	4387.97	4225.62486	4290.91676	4137.69548			4384.62666606	4386.14217334	0
1789723800	XAUUSD	M15	4376.75	4225.37034	4290.66224	4137.44096			4383.11303580	4384.62760457	0
1789724700	XAUUSD	M15	4376.55	4225.11583	4290.40772	4137.18644			4382.06569549	4383.34665003	0
1789725600	XAUUSD	M15	4379.07	4224.86131	4290.15320	4136.93192			4381.48781731	4382.41723367	0
1789726500	XAUUSD	M15	4381.46	4224.60679	4289.89868	4136.67740			4381.22190294	4381.81956830	0
1789727400	XAUUSD	M15	4381.39	4224.35227	4289.64416	4136.42288			4381.07288026	4381.44622428	0
1789728300	XAUUSD	M15	4381.79	4224.09775	4289.38964	4136.16837			4380.87394240	4381.16008334	0
1789729200	XAUUSD	M15	4388.22	4223.84323	4289.13512	4135.91385			4380.44314218	4380.80161276	0
1789730100	XAUUSD	M15	4377.72	4223.58871	4288.88060	4135.65933			4379.44485952	4380.12323614	0
1789731000	XAUUSD	M15	4375.88	4223.33419	4288.62608	4135.40481			4378.05883753	4379.09103684	0
1789731900	XAUUSD	M15	4381.32	4223.07967	4288.37157	4135.15029			4376.29617979	4377.69360831	0
1789732800	XAUUSD	M15	4373.44	4222.82515	4288.11705	4134.89577			4374.02102899	4375.85731865	0
1789733700	XAUUSD	M15	4358.33	4222.57063	4287.86253	4134.64125			4371.46446631	4373.66089248	0
1789734600	XAUUSD	M15	4369.17	4222.31612	4287.60801	4134.38673			4369.05298434	4371.35693841	0
1789735500	XAUUSD	M15	4368.91	4222.06160	4287.35349	4134.13221			4366.46493191	4368.91093516	0
1789736400	XAUUSD	M15	4371.41	4221.80708	4287.09897	4133.87769			4363.66070439	4366.28581978	0
1789737300	XAUUSD	M15	4367.15	4221.55256	4286.84445	4133.62318			4360.53996500	4363.41289239	0
1789738200	XAUUSD	M15	4353.50	4221.29804	4286.58993	4133.36866			4357.28379633	4360.34834436	0
1789739100	XAUUSD	M15	4349.44	4221.04352	4286.33541	4133.11414			4354.49396940	4357.42115688	0
1789740000	XAUUSD	M15	4351.54	4220.78900	4286.08089	4132.85962			4352.11798077	4354.76956883	0
1789740900	XAUUSD	M15	4343.01	4220.53448	4285.82637	4132.60510			4350.33002689	4352.54979786	0
1789741800	XAUUSD	M15	4353.60	4220.27996	4285.57186	4132.35058		4342.77000	4349.46695940	4351.00837863	0
1789742700	XAUUSD	M15	4353.07	4220.02544	4285.31734	4132.09606			4349.55271951	4350.28054907	0
1789743600	XAUUSD	M15	4352.18	4219.77093	4285.06282	4131.84154			4350.70886649	4350.49470778	1
1789744500	XAUUSD	M15	4356.24	4219.51641	4284.80830	4131.58702			4353.02879649	4351.76175214	0
1789745400	XAUUSD	M15	4354.88	4219.26189	4284.55378	4131.33250			4356.45107577	4354.10641395	0
1789746300	XAUUSD	M15	4356.71	4219.00737	4284.29926	4131.07799			4360.92705616	4357.51673506	0
1789747200	XAUUSD	M15	4361.85	4218.75285	4284.04474	4130.82347			4366.25507808	4361.88590657	0
1789748100	XAUUSD	M15	4377.67	4218.49833	4283.79022	4130.56895			4372.05784522	4366.97187590	0
1789749000	XAUUSD	M15	4378.06	4218.24381	4283.53570	4130.31443			4377.62964341	4372.30075965	0
1789749900	XAUUSD	M15	4382.85	4217.98929	4283.28118	4130.05991			4382.58521332	4377.44298649	0
1789750800	XAUUSD	M15	4385.46	4217.73477	4283.02667	4129.80539			4386.56110528	4382.00204588	0
1789751700	XAUUSD	M15	4386.93	4217.48025	4282.77215	4129.55087			4389.38747202	4385.69475895	0
1789752600	XAUUSD	M15	4393.18	4217.22574	4282.51763	4129.29635			4391.01027046	4388.35251470	0
1789753500	XAUUSD	M15	4393.15	4216.97122	4282.26311	4129.04183			4391.32767194	4389.84009332	0
1789754400	XAUUSD	M15	4392.15	4216.71670	4282.00859	4128.78731			4390.49176884	4390.16593108	0
1789755300	XAUUSD	M15	4390.64	4216.46218	4281.75407	4128.53279			4388.77153899	4389.46873504	1
1789756200	XAUUSD	M15	4380.94	4216.20766	4281.49955	4128.27828			4386.48899737	4387.97886620	0
1789757100	XAUUSD	M15	4382.17	4215.95314	4281.24503	4128.02376			4384.26641962	4386.12264291	0
1789758000	XAUUSD	M15	4384.31	4215.69862	4280.99051	4127.76924			4382.36774446	4384.24519369	0
1789758900	XAUUSD	M15	4380.55	4215.44410	4280.73599	4127.51472			4380.81516281	4382.53017825	0
1789759800	XAUUSD	M15	4381.45	4215.18958	4280.48148	4127.26020			4379.75415452	4381.14216638	0
1789760700	XAUUSD	M15	4376.88	4214.93506	4280.22696	4127.00568			4379.11733069	4380.12974854	0
1789761600	XAUUSD	M15	4381.57	4214.68055	4279.97244	4126.75116			4379.38176352	4379.75575603	0
1789762500	XAUUSD	M15	4381.08	4214.42603	4279.71792	4126.49664			4379.95871001	4379.85723302	1
1789763400	XAUUSD	M15	4380.93	4214.17151	4279.46340	4126.24212			4380.61165707	4380.23444505	0
1789764300	XAUUSD	M15	4377.99	4213.91699	4279.20888	4125.98760			4380.76289794	4380.49867150	0
