Non_B_timestamp	Non_B_symbol	Non_B_timeframe	Non_B_close	Non_B_Base_FL	Non_B_UOEDT	Non_B_LOEDT	Non_B_horiz_high_map	Non_B_horiz_low_map	Non_B_ssa	Non_B_ema_ssa	Non_B_crossing
1784725202	XAUUSD	M15	4125.90						4130.03685470	4126.80229211	1
1784726102	XAUUSD	M15	4131.72						4136.01837604	4131.41033408	0
1784727002	XAUUSD	M15	4142.65						4141.63214331	4136.52123869	0
1784727902	XAUUSD	M15	4154.69						4146.23497388	4141.37810629	0
1784728802	XAUUSD	M15	4156.48						4149.34098586	4145.35954608	0
1784729702	XAUUSD	M15	4146.30						4151.43991584	4148.39973096	0
1784730602	XAUUSD	M15	4150.90						4153.35230566	4150.87601831	0
1784731502	XAUUSD	M15	4148.40						4154.84758954	4152.86180393	0
1784732402	XAUUSD	M15	4157.49						4156.04021613	4154.45101003	0
1784733302	XAUUSD	M15	4157.12						4156.51035118	4155.48068060	0
1784734202	XAUUSD	M15	4159.87						4156.26489765	4155.87278913	0
1784735102	XAUUSD	M15	4159.40				4165.97000		4155.32420091	4155.59849502	1
1784736002	XAUUSD	M15	4154.53						4153.81109621	4154.70479561	0
1784736902	XAUUSD	M15	4149.24						4151.97484196	4153.33981879	0
1784737802	XAUUSD	M15	4146.96						4150.00452603	4151.67217241	0
1784738702	XAUUSD	M15	4146.78						4147.96988990	4149.82103116	0
1784739602	XAUUSD	M15	4145.31						4145.87361550	4147.84732333	0
1784740502	XAUUSD	M15	4146.16						4143.80056404	4145.82394368	0
1784741402	XAUUSD	M15	4140.65						4141.75569255	4143.78981812	0
1784742302	XAUUSD	M15	4142.43						4139.86977598	4141.82979705	0
1784743202	XAUUSD	M15	4138.19						4138.14998991	4139.98989348	0
1784744102	XAUUSD	M15	4135.27						4136.71352252	4138.35170800	0
1784745002	XAUUSD	M15	4135.98						4135.64613001	4136.99891901	0
1784745902	XAUUSD	M15	4136.08						4134.96029537	4135.97960719	0
1784746802	XAUUSD	M15	4134.11						4134.61690798	4135.29825758	0
1784747702	XAUUSD	M15	4134.54						4134.54610799	4134.92218279	0
1784748602	XAUUSD	M15	4133.94						4134.57798143	4134.75008211	0
1784749502	XAUUSD	M15	4131.85						4134.49584169	4134.62296190	0
1784750402	XAUUSD	M15	4134.67						4134.10681832	4134.36489011	0
1784751302	XAUUSD	M15	4136.62						4133.15699312	4133.76094161	0
1784752202	XAUUSD	M15	4130.95						4131.55620771	4132.65857466	0
1784753102	XAUUSD	M15	4130.04						4129.48976971	4131.07417219	0
1784757602	XAUUSD	M15	4123.94						4127.16444126	4129.11930672	0
1784758502	XAUUSD	M15	4128.77						4124.99800622	4127.05865647	0
1784759402	XAUUSD	M15	4121.71						4123.17188048	4125.11526848	0
1784760302	XAUUSD	M15	4121.66						4122.16501925	4123.64014386	0
1784761202	XAUUSD	M15	4123.97						4122.18896495	4122.91455440	0
1784762102	XAUUSD	M15	4120.04						4123.19362016	4123.05408728	1
1784763002	XAUUSD	M15	4123.72						4125.10431600	4124.07920164	0
1784763902	XAUUSD	M15	4133.42						4127.46572683	4125.77246424	0
1784764802	XAUUSD	M15	4126.82						4129.56242937	4127.66744680	0
1784765702	XAUUSD	M15	4129.15						4131.14199177	4129.40471929	0
1784766602	XAUUSD	M15	4127.97						4131.80755954	4130.60613941	0
1784767502	XAUUSD	M15	4132.04						4131.44487164	4131.02550552	0
1784768402	XAUUSD	M15	4134.38						4130.01249080	4130.51899816	1
1784769302	XAUUSD	M15	4137.36				4140.84000		4127.73075371	4129.12487593	0
1784770202	XAUUSD	M15	4122.97						4124.97785955	4127.05136774	0
1784771102	XAUUSD	M15	4117.98						4122.65537671	4124.85337223	0
1784772002	XAUUSD	M15	4117.76					4112.27000	4121.32925669	4123.09131446	0
1784772902	XAUUSD	M15	4116.11						4121.21337516	4122.15234481	0
1784773802	XAUUSD	M15	4122.27						4122.26596442	4122.20915461	1
1784774702	XAUUSD	M15	4128.08						4124.00416262	4123.10665862	0
1784775602	XAUUSD	M15	4127.43						4125.82654499	4124.46660180	0
1784776502	XAUUSD	M15	4130.50						4127.30852698	4125.88756439	0
1784777402	XAUUSD	M15	4128.81						4128.06309328	4126.97532884	0
1784778302	XAUUSD	M15	4124.57						4128.05953458	4127.51743171	0
1784779202	XAUUSD	M15	4127.80						4127.52482514	4127.52112842	0
1784780102	XAUUSD	M15	4129.84						4126.63165268	4127.07639055	1
1784781002	XAUUSD	M15	4123.15						4125.61299071	4126.34469063	0
1784781902	XAUUSD	M15	4121.28						4124.90386710	4125.62427887	0
1784782802	XAUUSD	M15	4124.52						4124.67752226	4125.15090056	0
1784783702	XAUUSD	M15	4125.45						4124.79155428	4124.97122742	0
1784784602	XAUUSD	M15	4127.69						4124.96846405	4124.96984574	0
1784785502	XAUUSD	M15	4124.16						4124.80592256	4124.88788415	0
1784786402	XAUUSD	M15	4123.13						4123.92154166	4124.40471290	0
1784787302	XAUUSD	M15	4121.98						4122.01226218	4123.20848754	0
1784788202	XAUUSD	M15	4119.92						4118.95134977	4121.07991865	0
1784789102	XAUUSD	M15	4118.59						4114.80901234	4117.94446550	0
1784790002	XAUUSD	M15	4107.03						4109.85783896	4113.90115223	0
1784790902	XAUUSD	M15	4108.42						4104.79267545	4109.34691384	0
1784791802	XAUUSD	M15	4095.47						4100.00364378	4104.67527881	0
1784792702	XAUUSD	M15	4095.50						4096.21637563	4100.44582722	0
1784793602	XAUUSD	M15	4091.52						4093.60683281	4097.02633002	0
1784794502	XAUUSD	M15	4091.84						4092.20987883	4094.61810442	0
1784795402	XAUUSD	M15	4092.36						4091.73316108	4093.17563275	0
1784796302	XAUUSD	M15	4093.32						4091.77209787	4092.47386531	0
1784797202	XAUUSD	M15	4094.96						4091.92485579	4092.19936055	0
1784798102	XAUUSD	M15	4091.45						4091.91940357	4092.05938206	0
1784799002	XAUUSD	M15	4091.91						4091.74446874	4091.90192540	0
1784799902	XAUUSD	M15	4089.95						4091.40935989	4091.65564265	0
1784800802	XAUUSD	M15	4090.82						4091.03504250	4091.34534257	0
1784801702	XAUUSD	M15	4089.87						4090.64315722	4090.99424990	0
1784802602	XAUUSD	M15	4089.50						4090.21918356	4090.60671673	0
1784803502	XAUUSD	M15	4093.12						4089.64290580	4090.12481127	0
1784804402	XAUUSD	M15	4087.71						4088.58793775	4089.35637451	0
1784805302	XAUUSD	M15	4084.38						4086.93574046	4088.14605748	0
1784806202	XAUUSD	M15	4078.84						4084.53480129	4086.34042939	0
1784807102	XAUUSD	M15	4085.57						4081.33357685	4083.83700312	0
1784808002	XAUUSD	M15	4081.32						4077.06418354	4080.45059333	0
1784808902	XAUUSD	M15	4075.10						4071.95562674	4076.20311004	0
1784809802	XAUUSD	M15	4068.82						4066.44387095	4071.32349049	0
1784810702	XAUUSD	M15	4061.89						4061.07367905	4066.19858477	0
1784811602	XAUUSD	M15	4040.94						4056.42391923	4061.31125200	0
1784812502	XAUUSD	M15	4058.82						4053.31458724	4057.31291962	0
1784813402	XAUUSD	M15	4056.19						4051.35311256	4054.33301609	0
1784814302	XAUUSD	M15	4043.11						4050.47370122	4052.40335865	0
1784815202	XAUUSD	M15	4048.04					4040.10000	4050.71851772	4051.56093819	0
1784816102	XAUUSD	M15	4056.30						4051.54670262	4051.55382040	0
1784817002	XAUUSD	M15	4057.04						4052.30813166	4051.93097603	1
1784817902	XAUUSD	M15	4057.82						4052.68104518	4052.30601060	0
1784818802	XAUUSD	M15	4051.39						4052.48784920	4052.39692990	0
1784819702	XAUUSD	M15	4046.78						4051.93490010	4052.16591500	1
1784820602	XAUUSD	M15	4048.18						4051.25465750	4051.71028625	0
1784821502	XAUUSD	M15	4048.76						4050.55071325	4051.13049975	0
1784822402	XAUUSD	M15	4050.13						4049.87434700	4050.50242338	0
1784823302	XAUUSD	M15	4049.98						4049.20520599	4049.85381468	0
1784824202	XAUUSD	M15	4049.91						4048.51809048	4049.18595258	0
1784825102	XAUUSD	M15	4051.47						4047.77774097	4048.48184677	0
1784826002	XAUUSD	M15	4047.35						4046.90861338	4047.69523008	0
1784826902	XAUUSD	M15	4047.22						4045.99862916	4046.84692962	0
1784827802	XAUUSD	M15	4042.94						4045.10562509	4045.97627735	0
1784828702	XAUUSD	M15	4041.81						4044.40463140	4045.19045438	0
1784829602	XAUUSD	M15	4041.76						4044.00148639	4044.59597038	0
1784830502	XAUUSD	M15	4044.51						4043.96448929	4044.28022984	0
1784831402	XAUUSD	M15	4046.59						4044.26538160	4044.27280572	0
1784832302	XAUUSD	M15	4046.15						4044.82395146	4044.54837859	1
1784833202	XAUUSD	M15	4043.29						4045.60797324	4045.07817592	0
1784834102	XAUUSD	M15	4048.26						4046.61603670	4045.84710631	0
1784835002	XAUUSD	M15	4046.18						4047.60337655	4046.72524143	0
1784835902	XAUUSD	M15	4049.59						4048.53184365	4047.62854254	0
1784836802	XAUUSD	M15	4049.54						4049.24658089	4048.43756172	0
1784837702	XAUUSD	M15	4050.22						4049.73310242	4049.08533207	0
1784838602	XAUUSD	M15	4049.91						4049.99363740	4049.53948473	0
1784839502	XAUUSD	M15	4049.41						4050.10330918	4049.82139696	0
1784844002	XAUUSD	M15	4048.99						4050.06287820	4049.94213758	0
1784844902	XAUUSD	M15	4050.03						4049.89773514	4049.91993636	1
1784845802	XAUUSD	M15	4049.46						4049.60530647	4049.76262141	0
1784846702	XAUUSD	M15	4049.62						4049.16758667	4049.46510404	0
1784847602	XAUUSD	M15	4048.59						4048.56338962	4049.01424683	0
1784848502	XAUUSD	M15	4049.14						4047.87167909	4048.44296296	0
1784849402	XAUUSD	M15	4048.36						4047.16096573	4047.80196435	0
1784850302	XAUUSD	M15	4047.07						4046.55646945	4047.17921690	0
1784851202	XAUUSD	M15	4041.53						4046.19796021	4046.68858856	0
1784852102	XAUUSD	M15	4046.56						4046.27089428	4046.47974142	0
1784853002	XAUUSD	M15	4049.39						4046.58674693	4046.53324417	1
1784853902	XAUUSD	M15	4050.00						4046.92346882	4046.72835649	0
1784854802	XAUUSD	M15	4042.41						4047.05763613	4046.89299631	0
1784855702	XAUUSD	M15	4042.75						4046.97207417	4046.93253524	0
1784856602	XAUUSD	M15	4049.95						4046.45110961	4046.69182243	1
1784857502	XAUUSD	M15	4043.75						4045.18675426	4045.93928835	0
1784858402	XAUUSD	M15	4045.73						4043.31548357	4044.62738596	0
1784859302	XAUUSD	M15	4046.38						4040.87374752	4042.75056674	0
1784860202	XAUUSD	M15	4041.73						4038.02182342	4040.38619508	0
1784861102	XAUUSD	M15	4024.88						4035.12889842	4037.75754675	0
1784862002	XAUUSD	M15	4031.91						4032.83700037	4035.29727356	0
1784862902	XAUUSD	M15	4030.29						4031.06897364	4033.18312360	0
1784863802	XAUUSD	M15	4031.63						4029.83485709	4031.50899034	0
1784864702	XAUUSD	M15	4029.41						4028.97666114	4030.24282574	0
1784865602	XAUUSD	M15	4028.25						4028.36702894	4029.30492734	0
1784866502	XAUUSD	M15	4029.84						4027.87143039	4028.58817887	0
1784867402	XAUUSD	M15	4026.96						4027.32132814	4027.95475350	0
1784868302	XAUUSD	M15	4027.12						4026.77919314	4027.36697332	0
1784869202	XAUUSD	M15	4027.59						4026.33152785	4026.84925058	0
1784870102	XAUUSD	M15	4026.21						4026.16126723	4026.50525891	0
1784871002	XAUUSD	M15	4024.90						4026.52767876	4026.51646883	1
1784871902	XAUUSD	M15	4023.15					4021.97000	4027.67613899	4027.09630391	0
1784872802	XAUUSD	M15	4030.84						4029.74857473	4028.42243932	0
1784873702	XAUUSD	M15	4036.73						4032.49906806	4030.46075369	0
1784874602	XAUUSD	M15	4033.98						4035.61704585	4033.03889977	0
1784875502	XAUUSD	M15	4035.79						4039.02071484	4036.02980731	0
1784876402	XAUUSD	M15	4045.45						4042.45533545	4039.24257138	0
1784877302	XAUUSD	M15	4048.81						4045.50738511	4042.37497824	0
1784878202	XAUUSD	M15	4048.42						4047.98616077	4045.18056951	0
1784879102	XAUUSD	M15	4048.41						4049.89679393	4047.53868172	0
1784880002	XAUUSD	M15	4046.86						4051.32724293	4049.43296232	0
1784880902	XAUUSD	M15	4052.51						4052.47348182	4050.95322207	0
1784881802	XAUUSD	M15	4054.63						4053.35477260	4052.15399734	0
1784882702	XAUUSD	M15	4057.53						4054.11043667	4053.13221700	0
1784883602	XAUUSD	M15	4054.27						4054.81563965	4053.97392832	0
1784884502	XAUUSD	M15	4053.00						4055.64954025	4054.81173429	0
1784885402	XAUUSD	M15	4055.69						4056.67896617	4055.74535023	0
1784886302	XAUUSD	M15	4059.83						4057.77968764	4056.76251893	0
1784887202	XAUUSD	M15	4058.14						4058.73690558	4057.74971225	0
1784888102	XAUUSD	M15	4062.00						4059.51432679	4058.63201952	0
1784889002	XAUUSD	M15	4058.41						4059.98287489	4059.30744721	0
1784889902	XAUUSD	M15	4060.11						4060.18285604	4059.74515162	0
1784890802	XAUUSD	M15	4061.24						4060.05728960	4059.90122061	0
1784891702	XAUUSD	M15	4059.19						4059.56631825	4059.73376943	1
1784892602	XAUUSD	M15	4055.28						4058.76588386	4059.24982665	0
1784893502	XAUUSD	M15	4057.71						4057.78565405	4058.51774035	0
1784894402	XAUUSD	M15	4056.60						4056.60433296	4057.56103665	0
1784895302	XAUUSD	M15	4059.65						4055.33527207	4056.44815436	0
1784896202	XAUUSD	M15	4055.15						4054.05965995	4055.25390716	0
1784897102	XAUUSD	M15	4056.15						4053.10409172	4054.17899944	0
1784898002	XAUUSD	M15	4048.23						4052.66833403	4053.42366674	0
1784898902	XAUUSD	M15	4046.37						4053.14820905	4053.28593789	0
1784899802	XAUUSD	M15	4052.38					4044.77000	4054.68435554	4053.98514672	1
1784900702	XAUUSD	M15	4067.45						4056.99606554	4055.49060613	0
1784901602	XAUUSD	M15	4058.81						4059.57775755	4057.53418184	0
1784902502	XAUUSD	M15	4066.07						4062.53193424	4060.03305804	0
1784903402	XAUUSD	M15	4060.44						4065.53591888	4062.78448846	0
1784904302	XAUUSD	M15	4063.15						4068.55688668	4065.67068757	0
1784905202	XAUUSD	M15	4074.74						4071.31093499	4068.49081128	0
1784906102	XAUUSD	M15	4075.04				4082.00000		4073.28446843	4070.88763986	0
1784907002	XAUUSD	M15	4071.97						4074.32625593	4072.60694789	0
1784907902	XAUUSD	M15	4077.33						4074.46736763	4073.53715776	0
1784908802	XAUUSD	M15	4074.86						4073.70763854	4073.62239815	0
1784909702	XAUUSD	M15	4073.85						4072.30025780	4072.96132798	1
1784910602	XAUUSD	M15	4067.73						4070.51233194	4071.73682996	0
1784911502	XAUUSD	M15	4067.06						4068.71603646	4070.22643321	0
1784912402	XAUUSD	M15	4064.16						4067.06601107	4068.64622214	0
1784913302	XAUUSD	M15	4068.35						4065.60830650	4067.12726432	0
1784914202	XAUUSD	M15	4066.55						4064.08447785	4065.60587108	0
1784915102	XAUUSD	M15	4063.45						4062.38855009	4063.99721059	0
1784916002	XAUUSD	M15	4061.66						4060.46047017	4062.22884038	0
1784916902	XAUUSD	M15	4055.28						4058.29914107	4060.26399072	0
1784917802	XAUUSD	M15	4052.21						4056.09346373	4058.17872723	0
1784918702	XAUUSD	M15	4054.43						4054.02882555	4056.10377639	0
1784919602	XAUUSD	M15	4052.36						4052.24201174	4054.17289406	0
1784920502	XAUUSD	M15	4051.59					4049.22000	4051.02896213	4052.60092810	0
1784921402	XAUUSD	M15	4056.90						4050.68397379	4051.64245095	0
1784922302	XAUUSD	M15	4053.69						4051.35483533	4051.49864314	0
1784923202	XAUUSD	M15	4052.59						4053.35637609	4052.42750961	1
1784924102	XAUUSD	M15	4053.72						4056.83357731	4054.63054346	0
1784925002	XAUUSD	M15	4055.52						4061.68389529	4058.15721938	0
1784925902	XAUUSD	M15	4052.95						4067.59389238	4062.87555588	0
1785103202	XAUUSD	M15	4088.10						4074.19837901	4068.53696744	0
1785104102	XAUUSD	M15	4086.53						4080.06404890	4074.30050817	0
1785105002	XAUUSD	M15	4091.37						4084.82795541	4079.56423179	0
1785105902	XAUUSD	M15	4089.75						4088.28963501	4083.92693340	0
1785106802	XAUUSD	M15	4084.76						4090.66323718	4087.29508529	0
1785107702	XAUUSD	M15	4084.85						4092.46116943	4089.87812736	0
1785108602	XAUUSD	M15	4089.03						4094.11219077	4091.99515907	0
1785109502	XAUUSD	M15	4094.14						4095.82727609	4093.91121758	0
1785110402	XAUUSD	M15	4115.52				4116.25000		4097.69032347	4095.80077052	0
1785111302	XAUUSD	M15	4094.63						4099.26357741	4097.53217397	0
1785112202	XAUUSD	M15	4100.07						4101.09224232	4099.31220814	0
1785113102	XAUUSD	M15	4100.65						4102.91235106	4101.11227960	0
1785114002	XAUUSD	M15	4107.21						4104.48703518	4102.79965739	0
1785114902	XAUUSD	M15	4100.09						4105.40420904	4104.10193322	0
1785115802	XAUUSD	M15	4102.78						4105.63105536	4104.86649429	0
1785116702	XAUUSD	M15	4110.15						4104.97322561	4104.91985995	0
1785117602	XAUUSD	M15	4105.51						4103.23534559	4104.07760277	1
1785118502	XAUUSD	M15	4103.06						4100.69486835	4102.38623556	0
1785119402	XAUUSD	M15	4096.51						4097.70977236	4100.04800396	0
1785120302	XAUUSD	M15	4093.75						4094.80108454	4097.42454425	0
1785121202	XAUUSD	M15	4091.97						4092.33415799	4094.87935112	0
1785122102	XAUUSD	M15	4085.56						4090.50909621	4092.69422366	0
1785123002	XAUUSD	M15	4089.70						4089.50101230	4091.09761798	0
1785123902	XAUUSD	M15	4091.04						4089.07846347	4090.08804073	0
1785124802	XAUUSD	M15	4090.04						4089.02402982	4089.55603527	0
1785125702	XAUUSD	M15	4089.12						4089.17094201	4089.36348864	0
1785126602	XAUUSD	M15	4090.49						4089.44009362	4089.40179113	1
1785127502	XAUUSD	M15	4090.22						4089.78147800	4089.59163456	0
1785128402	XAUUSD	M15	4094.85						4090.25191158	4089.92177307	0
1785129302	XAUUSD	M15	4087.08						4090.82620177	4090.37398742	0
1785130202	XAUUSD	M15	4088.04						4091.80895797	4091.09147270	0
1785131102	XAUUSD	M15	4092.91					4084.55000	4093.12848617	4092.10997943	0
1785132002	XAUUSD	M15	4094.42						4094.61205537	4093.36101740	0
1785132902	XAUUSD	M15	4096.16						4096.06375190	4094.71238465	0
1785133802	XAUUSD	M15	4098.70						4097.30499544	4096.00869004	0
1785134702	XAUUSD	M15	4096.04						4098.10912098	4097.05890551	0
1785135602	XAUUSD	M15	4102.04						4098.42683213	4097.74286882	0
1785136502	XAUUSD	M15	4103.20				4105.97000		4098.01627771	4097.87957327	0
1785137402	XAUUSD	M15	4097.22						4096.85653698	4097.36805512	1
1785138302	XAUUSD	M15	4088.78						4095.22867415	4096.29836464	0
1785139202	XAUUSD	M15	4091.29						4093.65422008	4094.97629236	0
1785140102	XAUUSD	M15	4090.92						4092.32920584	4093.65274910	0
1785141002	XAUUSD	M15	4091.20						4091.47398255	4092.56336583	0
1785141902	XAUUSD	M15	4095.14						4091.19724809	4091.88030696	0
1785142802	XAUUSD	M15	4094.03						4091.44330983	4091.66180839	0
1785143702	XAUUSD	M15	4091.52						4092.18559394	4091.92370117	1
1785144602	XAUUSD	M15	4094.17						4093.36697887	4092.64534002	0
1785145502	XAUUSD	M15	4096.20						4094.76149683	4093.70341842	0
1785146402	XAUUSD	M15	4090.94						4096.10739832	4094.90540837	0
1785147302	XAUUSD	M15	4093.13						4097.34171999	4096.12356418	0
1785148202	XAUUSD	M15	4100.42						4098.21769756	4097.17063087	0
1785149102	XAUUSD	M15	4099.49						4098.40929802	4097.78996445	0
1785150002	XAUUSD	M15	4101.87						4097.90641901	4097.84819173	0
1785150902	XAUUSD	M15	4097.05						4096.68941749	4097.26880461	1
1785151802	XAUUSD	M15	4095.64						4094.99486012	4096.13183236	0
1785152702	XAUUSD	M15	4093.88						4092.99604417	4094.56393826	0
1785153602	XAUUSD	M15	4087.65						4090.84738750	4092.70566288	0
1785154502	XAUUSD	M15	4086.71						4088.76285794	4090.73426041	0
1785155402	XAUUSD	M15	4086.78						4086.75172003	4088.74299022	0
1785156302	XAUUSD	M15	4083.89						4084.71798190	4086.73048606	0
1785157202	XAUUSD	M15	4084.82						4082.65532635	4084.69290620	0
1785158102	XAUUSD	M15	4076.33						4080.46870448	4082.58080534	0
1785159002	XAUUSD	M15	4086.66						4078.36064618	4080.47072576	0
1785159902	XAUUSD	M15	4074.16						4076.13917830	4078.30495203	0
1785160802	XAUUSD	M15	4076.92						4074.30113247	4076.30304225	0
1785161702	XAUUSD	M15	4068.33						4072.97519699	4074.63911962	0
1785162602	XAUUSD	M15	4068.92					4065.48000	4072.57072718	4073.60492340	0
1785163502	XAUUSD	M15	4076.17						4073.13667056	4073.37079698	0
1785164402	XAUUSD	M15	4076.10						4074.42635572	4073.89857635	1
1785165302	XAUUSD	M15	4076.57						4076.27335658	4075.08596647	0
1785166202	XAUUSD	M15	4076.04						4078.39724515	4076.74160581	0
1785167102	XAUUSD	M15	4078.57						4080.46411972	4078.60286276	0
1785168002	XAUUSD	M15	4081.38						4082.05072730	4080.32679503	0
1785168902	XAUUSD	M15	4085.05						4082.78133071	4081.55406287	0
1785169802	XAUUSD	M15	4088.19				4093.80000		4082.43093341	4081.99249814	0
1785170702	XAUUSD	M15	4082.40						4081.00464710	4081.49857262	1
1785171602	XAUUSD	M15	4073.63						4078.97796837	4080.23827049	0
1785172502	XAUUSD	M15	4074.82						4076.99417164	4078.61622107	0
1785173402	XAUUSD	M15	4074.56						4075.45652071	4077.03637089	0
1785174302	XAUUSD	M15	4076.29						4074.71511575	4075.87574332	0
1785175202	XAUUSD	M15	4076.76						4074.89732408	4075.38653370	0
1785176102	XAUUSD	M15	4076.82						4075.96267423	4075.67460397	1
1785177002	XAUUSD	M15	4076.33						4077.71657864	4076.69559130	0
1785177902	XAUUSD	M15	4077.88						4079.82508694	4078.26033912	0
1785178802	XAUUSD	M15	4080.32						4081.85450858	4080.05742385	0
1785179702	XAUUSD	M15	4085.76						4083.36722762	4081.71232574	0
1785180602	XAUUSD	M15	4086.90						4083.95714201	4082.83473387	0
1785181502	XAUUSD	M15	4083.36						4083.52632316	4083.18052852	0
1785182402	XAUUSD	M15	4082.16						4082.25895653	4082.71974252	1
1785183302	XAUUSD	M15	4078.70						4080.41668275	4081.56821263	0
1785184202	XAUUSD	M15	4077.08						4078.41265030	4079.99043147	0
1785185102	XAUUSD	M15	4076.64						4076.57861671	4078.28452409	0
1785189602	XAUUSD	M15	4076.70						4075.14925912	4076.71689160	0
1785190502	XAUUSD	M15	4072.18						4074.18981208	4075.45335184	0
1785191402	XAUUSD	M15	4074.87						4073.78282311	4074.61808748	0
1785192302	XAUUSD	M15	4074.27						4073.67673158	4074.14740953	0
1785193202	XAUUSD	M15	4074.32						4073.63250244	4073.88995599	0
1785194102	XAUUSD	M15	4073.18						4073.34743277	4073.61869438	0
1785195002	XAUUSD	M15	4072.05						4072.56284709	4073.09077074	0
1785195902	XAUUSD	M15	4073.33						4071.09477702	4072.09277388	0
1785196802	XAUUSD	M15	4067.16						4068.79620670	4070.44449029	0
1785197702	XAUUSD	M15	4062.08						4065.83044590	4068.13746809	0
1785198602	XAUUSD	M15	4065.54						4062.41872397	4065.27809603	0
1785199502	XAUUSD	M15	4058.08						4058.62196941	4061.95003272	0
1785200402	XAUUSD	M15	4058.12						4054.81177592	4058.38090432	0
1785201302	XAUUSD	M15	4047.54						4051.20921813	4054.79506122	0
1785202202	XAUUSD	M15	4048.88						4048.28941459	4051.54223791	0
1785203102	XAUUSD	M15	4045.26						4046.16559204	4048.85391497	0
1785204002	XAUUSD	M15	4046.41						4044.94846167	4046.90118832	0
1785204902	XAUUSD	M15	4046.22						4044.53029343	4045.71574088	0
1785205802	XAUUSD	M15	4044.31						4044.74675794	4045.23124941	0
1785206702	XAUUSD	M15	4042.07						4045.39822908	4045.31473925	1
1785207602	XAUUSD	M15	4045.96						4046.27980791	4045.79727358	0
1785208502	XAUUSD	M15	4047.81						4047.02000178	4046.40863768	0
1785209402	XAUUSD	M15	4048.40						4047.36656490	4046.88760129	0
1785210302	XAUUSD	M15	4049.53						4047.21850427	4047.05305278	0
1785211202	XAUUSD	M15	4044.13						4046.56463784	4046.80884531	1
1785212102	XAUUSD	M15	4045.64						4045.67769091	4046.24326811	0
1785213002	XAUUSD	M15	4047.63						4044.71097640	4045.47712226	0
1785213902	XAUUSD	M15	4042.14						4043.81140205	4044.64426216	0
1785214802	XAUUSD	M15	4042.46						4043.27920225	4043.96173220	0
1785215702	XAUUSD	M15	4043.39						4043.20628967	4043.58401093	0
1785216602	XAUUSD	M15	4041.64						4043.58576021	4043.58488557	1
1785217502	XAUUSD	M15	4045.12						4044.38893282	4043.98690920	0
1785218402	XAUUSD	M15	4044.21						4045.42370882	4044.70530901	0
1785219302	XAUUSD	M15	4047.63						4046.57629090	4045.64079995	0
1785220202	XAUUSD	M15	4049.91						4047.63552369	4046.63816182	0
1785221102	XAUUSD	M15	4048.45						4048.44380941	4047.54098561	0
1785222002	XAUUSD	M15	4048.91						4049.00508068	4048.27303315	0
1785222902	XAUUSD	M15	4050.08						4049.29574768	4048.78439042	0
1785223802	XAUUSD	M15	4049.39						4049.26767476	4049.02603259	0
1785224702	XAUUSD	M15	4047.37						4048.90508921	4048.96556090	1
1785225602	XAUUSD	M15	4044.31				4055.13000		4048.20275856	4048.58415973	0
1785226502	XAUUSD	M15	4049.42						4047.10683083	4047.84549528	0
1785227402	XAUUSD	M15	4043.28						4045.34786059	4046.59667794	0
1785228302	XAUUSD	M15	4045.56						4042.96821125	4044.78244459	0
1785229202	XAUUSD	M15	4041.00						4039.88037279	4042.33140869	0
1785230102	XAUUSD	M15	4040.31						4036.24723864	4039.28932367	0
1785231002	XAUUSD	M15	4033.32						4032.26226556	4035.77579461	0
1785231902	XAUUSD	M15	4023.61						4028.37403121	4032.07491291	0
1785232802	XAUUSD	M15	4024.34						4025.14867752	4028.61179522	0
1785233702	XAUUSD	M15	4017.62						4022.87144139	4025.74161830	0
1785234602	XAUUSD	M15	4022.53						4021.89582265	4023.81872048	0
1785235502	XAUUSD	M15	4026.55						4022.10729259	4022.96300653	0
1785236402	XAUUSD	M15	4024.05						4023.27297238	4023.11798945	1
1785237302	XAUUSD	M15	4027.64						4025.21547385	4024.16673165	0
1785238202	XAUUSD	M15	4027.24						4027.50570356	4025.83621760	0
1785239102	XAUUSD	M15	4028.19						4029.78030499	4027.80826129	0
1785240002	XAUUSD	M15	4027.75						4031.63902493	4029.72364311	0
1785240902	XAUUSD	M15	4034.39						4032.77120585	4031.24742448	0
1785241802	XAUUSD	M15	4033.61						4032.82496837	4032.03619642	0
1785242702	XAUUSD	M15	4029.53						4031.81253771	4031.92436707	1
1785243602	XAUUSD	M15	4032.78						4030.00444999	4030.96440853	0
1785244502	XAUUSD	M15	4028.93						4027.64793971	4029.30617412	0
1785245402	XAUUSD	M15	4025.37						4025.28509395	4027.29563404	0
1785246302	XAUUSD	M15	4022.11						4023.49359279	4025.39461341	0
1785247202	XAUUSD	M15	4025.51						4022.75889616	4024.07675479	0
1785248102	XAUUSD	M15	4022.22					4011.71000	4023.24038426	4023.65856952	0
1785249002	XAUUSD	M15	4022.57						4025.08333449	4024.37095201	1
1785249902	XAUUSD	M15	4024.52						4028.12266818	4026.24681010	0
1785250802	XAUUSD	M15	4033.66						4031.97781855	4029.11231432	0
1785251702	XAUUSD	M15	4035.43						4035.95797538	4032.53514485	0
1785252602	XAUUSD	M15	4041.40						4039.55407303	4036.04460894	0
1785253502	XAUUSD	M15	4046.08				4047.13000		4042.22932971	4039.13696932	0
1785254402	XAUUSD	M15	4044.72						4043.58549538	4041.36123235	0
1785255302	XAUUSD	M15	4042.27						4043.57386675	4042.46754955	0
1785256202	XAUUSD	M15	4040.53						4042.33898774	4042.40326865	1
1785257102	XAUUSD	M15	4037.59						4040.14853803	4041.27590334	0
1785258002	XAUUSD	M15	4037.07						4037.33344708	4039.30467521	0
1785258902	XAUUSD	M15	4037.58						4034.19318183	4036.74892852	0
1785259802	XAUUSD	M15	4028.25						4031.02716547	4033.88804700	0
1785260702	XAUUSD	M15	4027.82						4028.32154420	4031.10479560	0
1785261602	XAUUSD	M15	4028.32						4026.25494417	4028.67986989	0
1785262502	XAUUSD	M15	4027.16						4024.86237960	4026.77112475	0
1785263402	XAUUSD	M15	4024.24						4024.15007779	4025.46060127	0
1785264302	XAUUSD	M15	4023.07						4024.09655839	4024.77857983	0
1785265202	XAUUSD	M15	4024.15						4024.55325533	4024.66591758	0
1785266102	XAUUSD	M15	4023.47						4025.27999456	4024.97295607	1
1785267002	XAUUSD	M15	4026.21						4026.07249876	4025.52272741	0
1785267902	XAUUSD	M15	4026.41						4026.65974314	4026.09123528	0
1785268802	XAUUSD	M15	4023.71						4026.87087403	4026.48105465	0
1785269702	XAUUSD	M15	4027.29						4026.69929793	4026.59017629	0
1785270602	XAUUSD	M15	4029.93						4026.06945394	4026.32981512	1
1785271502	XAUUSD	M15	4028.54						4024.99412277	4025.66196894	0
1785276002	XAUUSD	M15	4024.64						4023.68232113	4024.67214504	0
1785276902	XAUUSD	M15	4021.00						4022.42221658	4023.54718081	0
1785277802	XAUUSD	M15	4018.35						4021.49085061	4022.51901571	0
1785278702	XAUUSD	M15	4018.33						4021.01785451	4021.76843511	0
1785279602	XAUUSD	M15	4021.87						4020.97203361	4021.37023436	0
1785280502	XAUUSD	M15	4018.55						4021.14034335	4021.25528886	0
1785281402	XAUUSD	M15	4022.99						4021.45233858	4021.35381372	1
1785282302	XAUUSD	M15	4024.92						4021.62603383	4021.48992377	0
1785283202	XAUUSD	M15	4020.64						4021.54653272	4021.51822824	0
1785284102	XAUUSD	M15	4022.50						4021.36858631	4021.44340728	1
1785285002	XAUUSD	M15	4026.09						4021.19126541	4021.31733634	0
1785285902	XAUUSD	M15	4022.04						4021.14214274	4021.22973954	0
1785286802	XAUUSD	M15	4013.29					4010.47000	4021.54429270	4021.38701612	1
1785287702	XAUUSD	M15	4018.53						4022.74323616	4022.06512614	0
1785288602	XAUUSD	M15	4027.69						4024.55755579	4023.31134097	0
1785289502	XAUUSD	M15	4025.96						4026.54305507	4024.92719802	0
1785290402	XAUUSD	M15	4028.26						4028.45281746	4026.69000774	0
1785291302	XAUUSD	M15	4033.07						4029.93289184	4028.31144979	0
1785292202	XAUUSD	M15	4034.99						4030.61303850	4029.46224414	0
1785293102	XAUUSD	M15	4029.47						4030.33339398	4029.89781906	0
1785294002	XAUUSD	M15	4027.81						4029.30498021	4029.60139963	1
1785294902	XAUUSD	M15	4026.97						4027.80656334	4028.70398149	0
1785295802	XAUUSD	M15	4025.97						4026.17547075	4027.43972612	0
1785296702	XAUUSD	M15	4023.67						4024.77614266	4026.10793439	0
1785297602	XAUUSD	M15	4021.75						4023.97424802	4025.04109120	0
1785298502	XAUUSD	M15	4023.53						4024.03396726	4024.53752923	0
1785299402	XAUUSD	M15	4027.09						4024.98776141	4024.76264532	1
1785300302	XAUUSD	M15	4027.40						4026.70852111	4025.73558322	0
1785301202	XAUUSD	M15	4030.23						4029.04883116	4027.39220719	0
1785302102	XAUUSD	M15	4030.47						4031.69310087	4029.54265403	0
1785303002	XAUUSD	M15	4039.07						4034.41095308	4031.97680355	0
1785303902	XAUUSD	M15	4033.03						4036.83344128	4034.40512241	0
1785304802	XAUUSD	M15	4037.45						4039.04110600	4036.72311421	0
1785305702	XAUUSD	M15	4040.81						4040.89975209	4038.81143315	0
1785306602	XAUUSD	M15	4042.75						4042.34226174	4040.57684745	0
1785307502	XAUUSD	M15	4041.13						4043.34685707	4041.96185226	0
1785308402	XAUUSD	M15	4045.30						4043.96097928	4042.96141577	0
1785309302	XAUUSD	M15	4045.97				4047.74000		4044.07168590	4043.51655083	0
1785310202	XAUUSD	M15	4045.92						4043.64951097	4043.58303090	0
1785311102	XAUUSD	M15	4043.72						4042.72738152	4043.15520621	1
1785312002	XAUUSD	M15	4039.16						4041.41478862	4042.28499742	0
1785312902	XAUUSD	M15	4037.32						4039.91601297	4041.10050519	0
1785313802	XAUUSD	M15	4038.25						4038.38849392	4039.74449956	0
1785314702	XAUUSD	M15	4037.52						4036.90664720	4038.32557338	0
1785315602	XAUUSD	M15	4036.29						4035.51864334	4036.92210836	0
1785316502	XAUUSD	M15	4033.76						4034.26571692	4035.59391264	0
1785317402	XAUUSD	M15	4034.35						4033.20919988	4034.40155626	0
1785318302	XAUUSD	M15	4032.53						4032.30643959	4033.35399793	0
1785319202	XAUUSD	M15	4031.92						4031.60582921	4032.47991357	0
1785320102	XAUUSD	M15	4033.29						4031.09913074	4031.78952216	0
1785321002	XAUUSD	M15	4027.44						4030.72837506	4031.25894861	0
1785321902	XAUUSD	M15	4027.62						4030.50866038	4030.88380449	0
1785322802	XAUUSD	M15	4029.64						4030.35302084	4030.61841267	0
1785323702	XAUUSD	M15	4032.78						4030.03105557	4030.32473412	0
1785324602	XAUUSD	M15	4030.87						4029.27324050	4029.79898731	0
1785325502	XAUUSD	M15	4032.78						4028.03979204	4028.91938968	0
1785326402	XAUUSD	M15	4027.02						4026.24489602	4027.58214285	0
1785327302	XAUUSD	M15	4013.40						4024.02118542	4025.80166413	0
1785328202	XAUUSD	M15	4021.03						4021.71946761	4023.76056587	0
1785329102	XAUUSD	M15	4022.56						4019.05248588	4021.40652587	0
1785330002	XAUUSD	M15	4015.67						4015.94955975	4018.67804281	0
1785330902	XAUUSD	M15	4014.63						4012.65051336	4015.66427809	0
1785331802	XAUUSD	M15	4013.59						4009.42141884	4012.54284846	0
1785332702	XAUUSD	M15	4007.06						4006.56385647	4009.55335247	0
1785333602	XAUUSD	M15	3999.13					3996.01000	4004.54457878	4007.04896562	0
1785334502	XAUUSD	M15	4005.52						4003.73386043	4005.39141303	0
1785335402	XAUUSD	M15	4001.28						4003.94103535	4004.66622419	0
1785336302	XAUUSD	M15	4004.88						4005.05586899	4004.86104659	1
1785337202	XAUUSD	M15	4006.88						4006.65577693	4005.75841176	0
1785338102	XAUUSD	M15	4010.54						4008.36826951	4007.06334064	0
1785339002	XAUUSD	M15	4010.51						4009.91744150	4008.49039107	0
1785339902	XAUUSD	M15	4009.76						4011.35166551	4009.92102829	0
1785340802	XAUUSD	M15	4009.48						4012.99223056	4011.45662942	0
1785341702	XAUUSD	M15	4016.56						4015.34958404	4013.40310673	0
1785342602	XAUUSD	M15	4016.98						4018.82453061	4016.11381867	0
1785343502	XAUUSD	M15	4027.22						4023.98186107	4020.04783987	0
1785344402	XAUUSD	M15	4042.08						4030.98410323	4025.51597155	0
1785345302	XAUUSD	M15	4039.32						4039.60919910	4032.56258533	0
1785346202	XAUUSD	M15	4045.77						4049.78180268	4041.17219401	0
1785347102	XAUUSD	M15	4044.22						4060.79011760	4050.98115580	0
1785348002	XAUUSD	M15	4081.07						4071.73779330	4061.35947455	0
1785348902	XAUUSD	M15	4067.80						4080.56213330	4070.96080392	0
1785349802	XAUUSD	M15	4083.37						4086.58889522	4078.77484957	0
1785350702	XAUUSD	M15	4107.04						4088.71748456	4083.74616707	0
1785351602	XAUUSD	M15	4099.70				4116.28000		4086.26298619	4085.00457663	0
1785352502	XAUUSD	M15	4083.98						4080.11552754	4082.56005208	1
1785353402	XAUUSD	M15	4069.38						4072.04712598	4077.30358903	0
1785354302	XAUUSD	M15	4044.70						4064.18774838	4070.74566871	0
1785355202	XAUUSD	M15	4052.13						4058.83077041	4064.78821956	0
1785356102	XAUUSD	M15	4055.77						4056.88507078	4060.83664517	0
1785357002	XAUUSD	M15	4067.14						4058.62631695	4059.73148106	0
1785357902	XAUUSD	M15	4066.26						4063.41099247	4061.57123676	1
1785362402	XAUUSD	M15	4076.38						4070.31934823	4065.94529250	0
1785363302	XAUUSD	M15	4074.87						4077.83879612	4071.89204431	0
1785364202	XAUUSD	M15	4081.27						4084.70095564	4078.29649997	0
1785365102	XAUUSD	M15	4088.45						4089.66435613	4083.98042805	0
1785366002	XAUUSD	M15	4091.55						4091.88286384	4087.93164594	0
1785366902	XAUUSD	M15	4093.49						4091.21198207	4089.57181401	0
1785367802	XAUUSD	M15	4090.10						4088.11000391	4088.84090896	1
1785368702	XAUUSD	M15	4084.55						4083.60495612	4086.22293254	0
1785369602	XAUUSD	M15	4081.43						4078.99830722	4082.61061988	0
1785370502	XAUUSD	M15	4075.27						4075.43775055	4079.02418522	0
1785371402	XAUUSD	M15	4066.16						4073.79366134	4076.40892328	0
1785372302	XAUUSD	M15	4072.21						4074.41707289	4075.41299809	0
1785373202	XAUUSD	M15	4075.61						4076.68689052	4076.04994431	1
1785374102	XAUUSD	M15	4081.24						4079.66767954	4077.85881192	0
1785375002	XAUUSD	M15	4086.83						4082.20201564	4080.03041378	0
1785375902	XAUUSD	M15	4084.66						4083.23169339	4081.63105359	0
1785376802	XAUUSD	M15	4082.57						4082.30371793	4081.96738576	0
1785377702	XAUUSD	M15	4082.82						4079.40378610	4080.68558593	1
1785378602	XAUUSD	M15	4076.91						4074.87673157	4077.78115875	0
1785379502	XAUUSD	M15	4063.65						4069.41375662	4073.59745768	0
1785380402	XAUUSD	M15	4063.06						4064.06608179	4068.83176974	0
1785381302	XAUUSD	M15	4054.04						4059.37380090	4064.10278532	0
1785382202	XAUUSD	M15	4052.49						4055.81721905	4059.96000218	0
1785383102	XAUUSD	M15	4058.79						4053.41194473	4056.68597345	0
1785384002	XAUUSD	M15	4053.46						4051.71994299	4054.20295822	0
1785384902	XAUUSD	M15	4054.02						4050.43472652	4052.31884237	0
1785385802	XAUUSD	M15	4048.66						4049.08250457	4050.70067347	0
1785386702	XAUUSD	M15	4045.94						4047.35844438	4049.02955893	0
1785387602	XAUUSD	M15	4045.88						4045.08153469	4047.05554681	0
1785388502	XAUUSD	M15	4046.97						4042.22509406	4044.64032043	0
1785389402	XAUUSD	M15	4033.43					4028.43000	4039.02613029	4041.83322536	0
1785390302	XAUUSD	M15	4033.72						4036.22834099	4039.03078318	0
1785391202	XAUUSD	M15	4032.30						4034.29007595	4036.66042956	0
1785392102	XAUUSD	M15	4033.24						4033.60044425	4035.13043691	0
1785393002	XAUUSD	M15	4035.76						4034.29440792	4034.71242241	0
1785393902	XAUUSD	M15	4036.71						4036.34750323	4035.52996282	1
1785394802	XAUUSD	M15	4046.69						4039.56025430	4037.54510856	0
1785395702	XAUUSD	M15	4045.85						4043.34076283	4040.44293569	0
1785396602	XAUUSD	M15	4045.77						4047.39119578	4043.91706574	0
1785397502	XAUUSD	M15	4038.88						4051.42870260	4047.67288417	0
1785398402	XAUUSD	M15	4053.11						4055.36243710	4051.51766063	0
1785399302	XAUUSD	M15	4064.53						4058.66089777	4055.08927920	0
1785400202	XAUUSD	M15	4065.89						4061.02469328	4058.05698624	0
1785401102	XAUUSD	M15	4061.52						4062.62593843	4060.34146234	0
1785402002	XAUUSD	M15	4066.08						4063.94305491	4062.14225863	0
1785402902	XAUUSD	M15	4067.58						4065.27536468	4063.70881165	0
1785403802	XAUUSD	M15	4065.55						4066.92009469	4065.31445317	0
1785404702	XAUUSD	M15	4063.46						4069.10797489	4067.21121403	0
1785405602	XAUUSD	M15	4068.42						4071.83343238	4069.52232320	0
1785406502	XAUUSD	M15	4076.28						4074.69445902	4072.10839111	0
1785407402	XAUUSD	M15	4081.20						4077.13805845	4074.62322478	0
1785408302	XAUUSD	M15	4078.28						4078.69081794	4076.65702136	0
1785409202	XAUUSD	M15	4079.87						4079.27176385	4077.96439261	0
1785410102	XAUUSD	M15	4077.42						4078.87122833	4078.41781047	0
1785411002	XAUUSD	M15	4077.52						4077.79195099	4078.10488073	1
1785411902	XAUUSD	M15	4077.75						4076.44049245	4077.27268659	0
1785412802	XAUUSD	M15	4078.79						4075.29766524	4076.28517592	0
1785413702	XAUUSD	M15	4076.83						4074.84863211	4075.56690402	0
1785414602	XAUUSD	M15	4077.26						4075.54400699	4075.55545550	0
1785415502	XAUUSD	M15	4068.95						4077.56482563	4076.56014057	1
1785416402	XAUUSD	M15	4076.67						4081.06135060	4078.81074559	0
1785417302	XAUUSD	M15	4080.29						4085.54522931	4082.17798745	0
1785418202	XAUUSD	M15	4088.79						4090.39507671	4086.28653208	0
1785419102	XAUUSD	M15	4112.15						4094.81890183	4090.55271695	0
1785420002	XAUUSD	M15	4098.46				4120.23000		4097.80808785	4094.18040240	0
1785420902	XAUUSD	M15	4096.05						4099.63009929	4096.90525085	0
1785421802	XAUUSD	M15	4110.50						4100.58379707	4098.74452396	0
1785422702	XAUUSD	M15	4100.09						4100.73333473	4099.73892934	0
1785423602	XAUUSD	M15	4085.72						4100.91473390	4100.32683162	0
1785424502	XAUUSD	M15	4095.95						4101.95708498	4101.14195830	0
1785425402	XAUUSD	M15	4105.45						4103.78313468	4102.46254649	0
1785426302	XAUUSD	M15	4108.10						4105.98575474	4104.22415061	0
1785427202	XAUUSD	M15	4114.14						4108.12932405	4106.17673733	0
1785428102	XAUUSD	M15	4115.94						4109.64084902	4107.90879318	0
1785429002	XAUUSD	M15	4108.58						4110.15342985	4109.03111151	0
1785429902	XAUUSD	M15	4110.59						4109.72899947	4109.38005549	0
1785430802	XAUUSD	M15	4105.00						4108.39688604	4108.88847077	1
1785431702	XAUUSD	M15	4101.63						4106.60465800	4107.74656439	0
1785432602	XAUUSD	M15	4105.97						4104.84411359	4106.29533899	0
1785433502	XAUUSD	M15	4102.60						4103.39202652	4104.84368276	0
1785434402	XAUUSD	M15	4106.42						4102.64773971	4103.74571123	0
1785435302	XAUUSD	M15	4103.43						4102.69740713	4103.22155918	0
1785436202	XAUUSD	M15	4104.82						4103.62257576	4103.42206747	1
1785437102	XAUUSD	M15	4099.76						4105.20581715	4104.31394231	0
1785438002	XAUUSD	M15	4104.60						4107.24991260	4105.78192746	0
1785438902	XAUUSD	M15	4112.82						4109.21972228	4107.50082487	0
1785439802	XAUUSD	M15	4112.24						4110.54144447	4109.02113467	0
1785440702	XAUUSD	M15	4111.93						4111.02578789	4110.02346128	0
1785441602	XAUUSD	M15	4113.88						4110.69955347	4110.36150737	0
1785442502	XAUUSD	M15	4111.88						4109.73437473	4110.04794105	1
1785443402	XAUUSD	M15	4102.77						4108.54015773	4109.29404939	0
1785444302	XAUUSD	M15	4103.67						4107.67672458	4108.48538699	0
1785448802	XAUUSD	M15	4107.01						4107.30999203	4107.89768951	0
1785449702	XAUUSD	M15	4107.92						4107.34272884	4107.62020917	0
1785450602	XAUUSD	M15	4110.50						4107.53810124	4107.57915521	0
1785451502	XAUUSD	M15	4109.19						4107.58449680	4107.58182600	1
1785452402	XAUUSD	M15	4107.31						4107.26380960	4107.42281780	1
1785453302	XAUUSD	M15	4104.14						4106.42650305	4106.92466042	0
1785454202	XAUUSD	M15	4106.06						4105.09380915	4106.00923479	0
1785455102	XAUUSD	M15	4105.61						4103.25475052	4104.63199265	0
1785456002	XAUUSD	M15	4101.32						4100.98601686	4102.80900476	0
1785456902	XAUUSD	M15	4096.36						4098.48685555	4100.64793015	0
1785457802	XAUUSD	M15	4093.45						4095.97772858	4098.31282937	0
1785458702	XAUUSD	M15	4094.64						4093.56823747	4095.94053342	0
1785459602	XAUUSD	M15	4088.84						4091.20368417	4093.57210880	0
1785460502	XAUUSD	M15	4092.04						4088.97210570	4091.27210725	0
1785461402	XAUUSD	M15	4085.78						4086.69173081	4088.98191903	0
1785462302	XAUUSD	M15	4084.36						4084.46969153	4086.72580528	0
1785463202	XAUUSD	M15	4085.53						4082.31716373	4084.52148450	0
1785464102	XAUUSD	M15	4082.31						4080.19722156	4082.35935303	0
1785465002	XAUUSD	M15	4075.45						4078.25690357	4080.30812830	0
1785465902	XAUUSD	M15	4076.10						4076.76136817	4078.53474823	0
1785466802	XAUUSD	M15	4073.59					4072.11000	4075.78745259	4077.16110041	0
1785467702	XAUUSD	M15	4075.20						4075.42757237	4076.29433639	0
1785468602	XAUUSD	M15	4076.46						4075.61331182	4075.95382410	0
1785469502	XAUUSD	M15	4075.10						4076.19051387	4076.07216899	1
1785470402	XAUUSD	M15	4077.00						4077.02294014	4076.54755456	0
1785471302	XAUUSD	M15	4080.09						4077.91598683	4077.23177070	0
1785472202	XAUUSD	M15	4079.28						4078.65713589	4077.94445329	0
1785473102	XAUUSD	M15	4080.13						4079.18824030	4078.56634680	0
1785474002	XAUUSD	M15	4079.96						4079.52156636	4079.04395658	0
1785474902	XAUUSD	M15	4080.74						4079.73122961	4079.38759309	0
1785475802	XAUUSD	M15	4076.35						4079.84781791	4079.61770550	0
1785476702	XAUUSD	M15	4074.38						4079.99046121	4079.80408336	0
1785477602	XAUUSD	M15	4082.37						4080.12584556	4079.96496446	0
1785478502	XAUUSD	M15	4084.86						4079.93445656	4079.94971051	1
1785479402	XAUUSD	M15	4078.18						4079.19219188	4079.57095120	0
1785480302	XAUUSD	M15	4077.74						4077.92959457	4078.75027288	0
1785481202	XAUUSD	M15	4077.63						4076.07186731	4077.41107010	0
1785482102	XAUUSD	M15	4072.72						4073.60786775	4075.50946892	0
1785483002	XAUUSD	M15	4072.15						4070.72502686	4073.11724789	0
1785483902	XAUUSD	M15	4067.64						4067.58514953	4070.35119871	0
1785484802	XAUUSD	M15	4062.27						4064.47807939	4067.41463905	0
1785485702	XAUUSD	M15	4058.61						4061.66778220	4064.54121063	0
1785486602	XAUUSD	M15	4059.34						4059.29677668	4061.91899365	0
1785487502	XAUUSD	M15	4060.91						4057.34711811	4059.63305588	0
1785488402	XAUUSD	M15	4056.76						4055.73117248	4057.68211418	0
1785489302	XAUUSD	M15	4052.25						4054.54267685	4056.11239551	0
1785490202	XAUUSD	M15	4053.13						4053.87039919	4054.99139735	0
1785491102	XAUUSD	M15	4055.12						4053.65308794	4054.32224265	0
1785492002	XAUUSD	M15	4055.78						4053.80146410	4054.06185337	0
1785492902	XAUUSD	M15	4053.19						4054.26632489	4054.16408913	1
1785493802	XAUUSD	M15	4054.71						4055.02860334	4054.59634623	0
1785494702	XAUUSD	M15	4054.52						4055.91197309	4055.25415966	0
1785495602	XAUUSD	M15	4057.02						4056.67432681	4055.96424324	0
1785496502	XAUUSD	M15	4058.76						4056.95563885	4056.45994104	0
1785497402	XAUUSD	M15	4052.15						4056.41800897	4056.43897501	1
1785498302	XAUUSD	M15	4053.62						4055.00084753	4055.71991127	0
1785499202	XAUUSD	M15	4059.19						4052.53181684	4054.12586406	0
1785500102	XAUUSD	M15	4047.03						4048.91392022	4051.51989214	0
1785501002	XAUUSD	M15	4044.66						4044.72260260	4048.12124737	0
1785501902	XAUUSD	M15	4040.69						4040.43522687	4044.27823712	0
1785502802	XAUUSD	M15	4036.28						4036.62087636	4040.44955674	0
1785503702	XAUUSD	M15	4042.57						4033.82932856	4037.13944265	0
1785504602	XAUUSD	M15	4025.13						4032.22343826	4034.68144045	0
1785505502	XAUUSD	M15	4025.26						4032.29166982	4033.48655514	0
1785506402	XAUUSD	M15	4032.06					4021.04000	4033.91917497	4033.70286505	1
1785507302	XAUUSD	M15	4038.84						4036.58089149	4035.14187827	0
1785508202	XAUUSD	M15	4041.47						4039.60882278	4037.37535053	0
1785509102	XAUUSD	M15	4049.11						4042.42007741	4039.89771397	0
1785510002	XAUUSD	M15	4046.96						4044.42624963	4042.16198180	0
1785510902	XAUUSD	M15	4041.09						4045.51092595	4043.83645387	0
1785511802	XAUUSD	M15	4042.20						4045.87147794	4044.85396591	0
1785512702	XAUUSD	M15	4045.51						4045.71450802	4045.28423696	0
1785513602	XAUUSD	M15	4046.31						4045.28869405	4045.28646551	0
1785514502	XAUUSD	M15	4047.42						4044.91265672	4045.09956111	1
1785515402	XAUUSD	M15	4042.51						4044.82901910	4044.96429011	0
1785516302	XAUUSD	M15	4043.40						4045.34137767	4045.15283389	1
1785517202	XAUUSD	M15	4045.57						4046.43908755	4045.79596072	0
1785518102	XAUUSD	M15	4050.43						4047.92020666	4046.85808369	0
1785519002	XAUUSD	M15	4051.93						4049.40932541	4048.13370455	0
1785519902	XAUUSD	M15	4053.76						4050.62988097	4049.38179276	0
1785520802	XAUUSD	M15	4048.07						4051.36202875	4050.37191076	0
1785521702	XAUUSD	M15	4051.03						4051.67159698	4051.02175387	0
1785522602	XAUUSD	M15	4049.49						4051.49696536	4051.25935962	0
1785523502	XAUUSD	M15	4050.74						4050.97028595	4051.11482278	1
1785524402	XAUUSD	M15	4048.01						4050.22451176	4050.66966727	0
1785525302	XAUUSD	M15	4050.53						4049.55318194	4050.11142460	0
1785526202	XAUUSD	M15	4054.10						4049.08895801	4049.60019131	0
1785527102	XAUUSD	M15	4051.03						4048.93477075	4049.26748103	0
1785528002	XAUUSD	M15	4047.55						4049.39511291	4049.33129697	1
1785528902	XAUUSD	M15	4048.08						4050.71723397	4050.02426547	0
1785529802	XAUUSD	M15	4051.27						4052.96636611	4051.49531579	0
1785530702	XAUUSD	M15	4044.10						4056.01288933	4053.75410256	0
1785708002	XAUUSD	M15	4076.46				4082.75000		4059.82333851	4056.78872053	0
1785708902	XAUUSD	M15	4065.95						4063.30764230	4060.04818142	0
1785709802	XAUUSD	M15	4066.93						4066.46293621	4063.25555881	0
1785710702	XAUUSD	M15	4063.69						4069.03915219	4066.14735550	0
1785711602	XAUUSD	M15	4066.60						4070.91188032	4068.52961791	0
1785712502	XAUUSD	M15	4072.18						4071.84450924	4070.18706357	0
1785713402	XAUUSD	M15	4069.66						4071.57917972	4070.88312164	0
1785714302	XAUUSD	M15	4074.91						4070.18329344	4070.53320754	1
1785715202	XAUUSD	M15	4072.03						4067.65433389	4069.09377071	0
1785716102	XAUUSD	M15	4064.35						4064.31287476	4066.70332274	0
1785717002	XAUUSD	M15	4058.32						4060.71049389	4063.70690831	0
1785717902	XAUUSD	M15	4057.17						4057.40582817	4060.55636824	0
1785718802	XAUUSD	M15	4052.32						4054.80581691	4057.68109257	0
1785719702	XAUUSD	M15	4052.78						4053.29988653	4055.49048955	0
1785720602	XAUUSD	M15	4051.32						4052.97464639	4054.23256797	0
1785721502	XAUUSD	M15	4056.74						4053.79109484	4054.01183141	0
1785722402	XAUUSD	M15	4055.72						4055.40669318	4054.70926229	1
1785723302	XAUUSD	M15	4058.17						4057.54707518	4056.12816874	0
1785724202	XAUUSD	M15	4059.79						4059.82765290	4057.97791082	0
1785725102	XAUUSD	M15	4062.53						4061.94278561	4059.96034822	0
1785726002	XAUUSD	M15	4064.49						4063.62777179	4061.79406000	0
1785726902	XAUUSD	M15	4063.89						4064.75050700	4063.27228350	0
1785727802	XAUUSD	M15	4060.71						4065.33018909	4064.30123630	0
1785728702	XAUUSD	M15	4064.96						4065.53612278	4064.91867954	0
1785729602	XAUUSD	M15	4066.54						4065.38110487	4065.14989220	0
1785730502	XAUUSD	M15	4068.18						4064.96545318	4065.05767269	1
1785731402	XAUUSD	M15	4070.41						4064.42076933	4064.73922101	0
1785732302	XAUUSD	M15	4063.82				4071.92000		4063.89648739	4064.31785420	0
1785733202	XAUUSD	M15	4057.51						4063.71341233	4064.01563327	0
1785734102	XAUUSD	M15	4060.27						4064.06605027	4064.04084177	1
1785735002	XAUUSD	M15	4063.39						4064.76686502	4064.40385339	0
1785735902	XAUUSD	M15	4069.05						4065.45585373	4064.92985356	0
1785736802	XAUUSD	M15	4066.12						4065.77287543	4065.35136450	0
1785737702	XAUUSD	M15	4068.53						4065.63207609	4065.49172029	0
1785738602	XAUUSD	M15	4065.60						4064.93232256	4065.21202142	1
1785739502	XAUUSD	M15	4063.91						4063.82256856	4064.51729499	0
1785740402	XAUUSD	M15	4061.60						4062.50887192	4063.51308346	0
1785741302	XAUUSD	M15	4058.17						4061.24938451	4062.38123398	0
1785742202	XAUUSD	M15	4059.77						4060.28280626	4061.33202012	0
1785743102	XAUUSD	M15	4061.19						4059.64423265	4060.48812639	0
1785744002	XAUUSD	M15	4061.71						4059.26897620	4059.87855129	0
1785744902	XAUUSD	M15	4055.94						4059.01554398	4059.44704764	0
1785745802	XAUUSD	M15	4058.44						4058.85039116	4059.14871940	0
1785746702	XAUUSD	M15	4059.58						4058.51542744	4058.83207342	0
1785747602	XAUUSD	M15	4061.40						4057.81791178	4058.32499260	0
1785748502	XAUUSD	M15	4052.62						4056.65105203	4057.48802232	0
1785749402	XAUUSD	M15	4053.49						4055.29515417	4056.39158824	0
1785750302	XAUUSD	M15	4055.25						4053.88554369	4055.13856597	0
1785751202	XAUUSD	M15	4056.26						4052.57495690	4053.85676143	0
1785752102	XAUUSD	M15	4053.53						4051.54861822	4052.70268983	0
1785753002	XAUUSD	M15	4049.28						4051.05609849	4051.87939416	0
1785753902	XAUUSD	M15	4049.40						4051.25195831	4051.56567623	0
1785754802	XAUUSD	M15	4049.85						4052.02060806	4051.79314215	1
1785755702	XAUUSD	M15	4048.39						4053.07631037	4052.43472626	0
1785756602	XAUUSD	M15	4053.54						4054.04999611	4053.24236118	0
1785757502	XAUUSD	M15	4062.64						4054.36787079	4053.80511599	0
1785758402	XAUUSD	M15	4055.91				4064.63000		4053.43927793	4053.62219696	1
1785759302	XAUUSD	M15	4050.89						4051.30102918	4052.46161307	0
1785760202	XAUUSD	M15	4045.00						4048.19834830	4050.32998069	0
1785761102	XAUUSD	M15	4047.73						4044.56379774	4047.44688921	0
1785762002	XAUUSD	M15	4038.93						4040.68043688	4044.06366305	0
1785762902	XAUUSD	M15	4034.33						4037.14595691	4040.60480998	0
1785763802	XAUUSD	M15	4032.12					4019.20000	4034.37977453	4037.49229226	0
1785764702	XAUUSD	M15	4032.22						4032.62145852	4035.05687539	0
1785765602	XAUUSD	M15	4033.32						4031.87059483	4033.46373511	0
1785766502	XAUUSD	M15	4032.54						4031.97370944	4032.71872228	0
1785767402	XAUUSD	M15	4036.31						4032.73244560	4032.72558394	1
1785768302	XAUUSD	M15	4036.28						4033.79622984	4033.26090689	0
1785769202	XAUUSD	M15	4033.33						4034.92593173	4034.09341931	0
1785770102	XAUUSD	M15	4032.73						4035.99130378	4035.04236155	0
1785771002	XAUUSD	M15	4036.82						4036.85036728	4035.94636441	0
1785771902	XAUUSD	M15	4036.25						4037.28688369	4036.61662405	0
1785772802	XAUUSD	M15	4036.48						4037.31732091	4036.96697248	0
1785773702	XAUUSD	M15	4036.92						4036.97839337	4036.97268293	0
1785774602	XAUUSD	M15	4038.60						4036.35327987	4036.66298140	1
1785775502	XAUUSD	M15	4036.82						4035.52112355	4036.09205248	0
1785776402	XAUUSD	M15	4034.38						4034.70027011	4035.39616129	0
1785777302	XAUUSD	M15	4034.35						4034.11979329	4034.75797729	0
1785778202	XAUUSD	M15	4036.00						4033.97419008	4034.36608368	0
1785779102	XAUUSD	M15	4030.55						4034.40701909	4034.38655139	1
1785780002	XAUUSD	M15	4035.09						4035.71084171	4035.04869655	0
1785780902	XAUUSD	M15	4037.88						4037.81839548	4036.43354602	0
1785781802	XAUUSD	M15	4041.35						4040.60143846	4038.51749224	0
1785782702	XAUUSD	M15	4043.50						4043.80345062	4041.16047143	0
1785783602	XAUUSD	M15	4046.24						4047.12326598	4044.14186871	0
1785784502	XAUUSD	M15	4052.96						4050.19801597	4047.16994234	0
1785785402	XAUUSD	M15	4053.96						4052.57302379	4049.87148307	0
1785786302	XAUUSD	M15	4051.92						4054.06994467	4051.97071387	0
1785787202	XAUUSD	M15	4052.60						4054.73385444	4053.35228415	0
1785788102	XAUUSD	M15	4054.27						4054.68443058	4054.01835736	0
1785789002	XAUUSD	M15	4056.14						4054.10235695	4054.06035716	0
1785789902	XAUUSD	M15	4055.21						4053.25631075	4053.65833395	1
1785794402	XAUUSD	M15	4051.47						4052.45865657	4053.05849526	0
1785795302	XAUUSD	M15	4052.12						4052.03394474	4052.54622000	0
1785796202	XAUUSD	M15	4052.63						4052.07171780	4052.30896890	0
1785797102	XAUUSD	M15	4052.84						4052.52629903	4052.41763397	1
1785798002	XAUUSD	M15	4051.47						4053.27072890	4052.84418143	0
1785798902	XAUUSD	M15	4051.80						4054.13369066	4053.48893605	0
1785799802	XAUUSD	M15	4052.52						4054.89140797	4054.19017201	0
1785800702	XAUUSD	M15	4054.01						4055.37604959	4054.78311080	0
1785801602	XAUUSD	M15	4063.56				4069.27000		4055.48033416	4055.13172248	0
1785802502	XAUUSD	M15	4059.00						4055.00970969	4055.07071609	1
1785803402	XAUUSD	M15	4056.37						4054.27393432	4054.67232520	0
1785804302	XAUUSD	M15	4049.56						4053.60919757	4054.14076139	0
1785805202	XAUUSD	M15	4046.83					4042.75000	4053.44542767	4053.79309453	0
1785806102	XAUUSD	M15	4049.22						4053.97379185	4053.88344319	1
1785807002	XAUUSD	M15	4059.07						4055.08075812	4054.48210066	0
1785807902	XAUUSD	M15	4058.78						4056.31202394	4055.39706230	0
1785808802	XAUUSD	M15	4058.37						4057.41042723	4056.40374476	0
1785809702	XAUUSD	M15	4056.74						4058.15658876	4057.28016676	0
1785810602	XAUUSD	M15	4061.83						4058.47829506	4057.87923091	0
1785811502	XAUUSD	M15	4059.06						4058.24898561	4058.06410826	0
1785812402	XAUUSD	M15	4058.25						4057.68928836	4057.87669831	1
1785813302	XAUUSD	M15	4057.78						4057.05799900	4057.46734866	0
1785814202	XAUUSD	M15	4052.88						4056.63649894	4057.05192380	0
1785815102	XAUUSD	M15	4052.43						4056.75604028	4056.90398204	0
1785816002	XAUUSD	M15	4056.87						4057.49182493	4057.19790349	1
1785816902	XAUUSD	M15	4061.39						4058.64754182	4057.92272265	0
1785817802	XAUUSD	M15	4062.71						4059.93405905	4058.92839085	0
1785818702	XAUUSD	M15	4063.73						4061.13216403	4060.03027744	0
1785819602	XAUUSD	M15	4057.93						4062.00737499	4061.01882622	0
1785820502	XAUUSD	M15	4063.21						4062.56078103	4061.78980362	0
1785821402	XAUUSD	M15	4062.81						4062.64779318	4062.21879840	0
1785822302	XAUUSD	M15	4061.87						4062.38763940	4062.30321890	0
1785823202	XAUUSD	M15	4064.40						4061.95545135	4062.12933513	1
1785824102	XAUUSD	M15	4059.95						4061.51282416	4061.82107964	0
1785825002	XAUUSD	M15	4060.04						4061.40508996	4061.61308480	0
1785825902	XAUUSD	M15	4063.45						4061.76278947	4061.68793714	1
1785826802	XAUUSD	M15	4060.95						4062.49925314	4062.09359514	0
1785827702	XAUUSD	M15	4062.92						4063.50488062	4062.79923788	0
1785828602	XAUUSD	M15	4062.96						4064.39330181	4063.59626985	0
1785829502	XAUUSD	M15	4065.56						4064.75640472	4064.17633729	0
1785830402	XAUUSD	M15	4068.11						4064.21445503	4064.19539616	0
1785831302	XAUUSD	M15	4063.49						4062.52902666	4063.36221141	1
1785832202	XAUUSD	M15	4059.51						4059.88773500	4061.62497320	0
1785833102	XAUUSD	M15	4055.00						4056.67972709	4059.15235014	0
1785834002	XAUUSD	M15	4050.73						4053.42460357	4056.28847686	0
1785834902	XAUUSD	M15	4050.37						4050.65567734	4053.47207710	0
1785835802	XAUUSD	M15	4050.31						4048.75958831	4051.11583270	0
1785836702	XAUUSD	M15	4049.85						4047.98730443	4049.55156857	0
1785837602	XAUUSD	M15	4049.04						4048.46083774	4049.00620315	0
1785838502	XAUUSD	M15	4048.99					4045.53000	4050.11097329	4049.55858822	1
1785839402	XAUUSD	M15	4052.71						4052.72887809	4051.14373315	0
1785840302	XAUUSD	M15	4053.87						4055.88235946	4053.51304631	0
1785841202	XAUUSD	M15	4056.59						4059.19972637	4056.35638634	0
1785842102	XAUUSD	M15	4060.74						4062.34484632	4059.35061633	0
1785843002	XAUUSD	M15	4069.50						4065.03126516	4062.19094074	0
1785843902	XAUUSD	M15	4074.91						4067.01384489	4064.60239282	0
1785844802	XAUUSD	M15	4062.16						4068.33747485	4066.46993383	0
1785845702	XAUUSD	M15	4068.07						4069.65916009	4068.06454696	0
1785846602	XAUUSD	M15	4077.98						4071.16718046	4069.61586371	0
1785847502	XAUUSD	M15	4070.93						4072.86488825	4071.24037598	0
1785848402	XAUUSD	M15	4063.98						4075.04148789	4073.14093194	0
1785849302	XAUUSD	M15	4078.56						4077.78609555	4075.46351374	0
1785850202	XAUUSD	M15	4083.54						4080.45458370	4077.95904872	0
1785851102	XAUUSD	M15	4084.29						4082.58937777	4080.27421325	0
1785852002	XAUUSD	M15	4090.14						4083.93351003	4082.10386164	0
1785852902	XAUUSD	M15	4083.91						4084.26355812	4083.18370988	0
1785853802	XAUUSD	M15	4079.78						4083.90210727	4083.54290858	0
1785854702	XAUUSD	M15	4083.48						4083.28059872	4083.41175365	1
1785855602	XAUUSD	M15	4083.99						4082.69533593	4083.05354479	0
1785856502	XAUUSD	M15	4078.40						4082.49782531	4082.77568505	0
1785857402	XAUUSD	M15	4083.88						4083.09447035	4082.93507770	1
1785858302	XAUUSD	M15	4087.18						4084.44680279	4083.69094024	0
1785859202	XAUUSD	M15	4085.19						4086.39783598	4085.04438811	0
1785860102	XAUUSD	M15	4087.59						4088.79043819	4086.91741315	0
1785861002	XAUUSD	M15	4089.04						4091.22716395	4089.07228855	0
1785861902	XAUUSD	M15	4093.40						4093.27710730	4091.17469793	0
1785862802	XAUUSD	M15	4099.96				4106.38000		4094.46458604	4092.81964198	0
1785863702	XAUUSD	M15	4094.81						4094.36450000	4093.59207099	0
1785864602	XAUUSD	M15	4095.48						4093.05865898	4093.32536498	1
1785865502	XAUUSD	M15	4086.21						4090.71174540	4092.01855519	0
1785866402	XAUUSD	M15	4088.77						4087.88524885	4089.95190202	0
1785867302	XAUUSD	M15	4084.73						4084.85205405	4087.40197803	0
1785868202	XAUUSD	M15	4076.63						4082.10030578	4084.75114191	0
1785869102	XAUUSD	M15	4079.92						4080.11062340	4082.43088265	0
1785870002	XAUUSD	M15	4081.67						4078.91512324	4080.67300295	0
1785870902	XAUUSD	M15	4080.30						4078.38988001	4079.53144148	0
1785871802	XAUUSD	M15	4081.45						4078.37714087	4078.95429117	0
1785872702	XAUUSD	M15	4078.51						4078.61525658	4078.78477387	0
1785873602	XAUUSD	M15	4079.11						4078.93643866	4078.86060627	1
1785874502	XAUUSD	M15	4075.41						4079.12863946	4078.99462286	0
1785875402	XAUUSD	M15	4077.54						4079.17811258	4079.08636772	0
1785876302	XAUUSD	M15	4077.40						4078.97140363	4079.02888567	1
1785880802	XAUUSD	M15	4077.04						4078.45553862	4078.74221215	0
1785881702	XAUUSD	M15	4079.80						4077.62023652	4078.18122434	0
1785882602	XAUUSD	M15	4084.00						4076.46400278	4077.32261356	0
1785883502	XAUUSD	M15	4075.79						4074.99322390	4076.15791873	0
1785884402	XAUUSD	M15	4073.63						4073.64636367	4074.90214120	0
1785885302	XAUUSD	M15	4067.22					4065.50000	4072.67280065	4073.78747093	0
1785886202	XAUUSD	M15	4069.38						4072.36446135	4073.07596614	0
1785887102	XAUUSD	M15	4072.51						4072.74007873	4072.90802243	0
1785888002	XAUUSD	M15	4071.85						4073.72642727	4073.31722485	1
1785888902	XAUUSD	M15	4078.61						4075.30847953	4074.31285219	0
1785889802	XAUUSD	M15	4078.24						4077.33737588	4075.82511403	0
1785890702	XAUUSD	M15	4082.43						4079.97448943	4077.89980173	0
1785891602	XAUUSD	M15	4085.83						4083.32858236	4080.61419204	0
1785892502	XAUUSD	M15	4084.65						4087.55464146	4084.08441675	0
1785893402	XAUUSD	M15	4093.01						4092.87826270	4088.48133973	0
1785894302	XAUUSD	M15	4101.58						4099.11179034	4093.79656503	0
1785895202	XAUUSD	M15	4099.78						4105.92722045	4099.86189274	0
1785896102	XAUUSD	M15	4103.59						4113.07781503	4106.46985389	0
1785897002	XAUUSD	M15	4128.35						4120.06013390	4113.26499389	0
1785897902	XAUUSD	M15	4129.15						4125.79030632	4119.52765011	0
1785898802	XAUUSD	M15	4135.89						4129.94079677	4124.73422344	0
1785899702	XAUUSD	M15	4130.40						4132.31576969	4128.52499656	0
1785900602	XAUUSD	M15	4128.71						4133.29056089	4130.90777873	0
1785901502	XAUUSD	M15	4128.31						4133.39238464	4132.15008169	0
1785902402	XAUUSD	M15	4138.61						4133.29173792	4132.72090980	0
1785903302	XAUUSD	M15	4138.59						4133.42911215	4133.07501098	0
1785904202	XAUUSD	M15	4134.63						4134.48713086	4133.78107092	0
1785905102	XAUUSD	M15	4135.53						4137.06382217	4135.42244655	0
1785906002	XAUUSD	M15	4137.30						4141.34957987	4138.38601321	0
1785906902	XAUUSD	M15	4139.62						4147.17757805	4142.78179563	0
1785907802	XAUUSD	M15	4156.55						4154.03000495	4148.40590029	0
1785908702	XAUUSD	M15	4161.50						4160.75399474	4154.57994751	0
1785909602	XAUUSD	M15	4173.24						4166.48220910	4160.53107831	0
1785910502	XAUUSD	M15	4168.89						4170.39812084	4165.46459957	0
1785911402	XAUUSD	M15	4175.64						4172.45693203	4168.96076580	0
1785912302	XAUUSD	M15	4177.57						4172.65459849	4170.80768215	0
1785913202	XAUUSD	M15	4166.19						4171.45468476	4171.13118345	0
1785914102	XAUUSD	M15	4164.33						4169.78523738	4170.45821042	1
1785915002	XAUUSD	M15	4166.64						4168.24178141	4169.34999591	0
1785915902	XAUUSD	M15	4170.82						4167.04107591	4168.19553591	0
1785916802	XAUUSD	M15	4165.55						4166.08191080	4167.13872335	0
1785917702	XAUUSD	M15	4164.57						4165.29051928	4166.21462131	0
1785918602	XAUUSD	M15	4166.17						4164.37979183	4165.29720657	0
1785919502	XAUUSD	M15	4160.53						4162.95844893	4164.12782775	0
1785920402	XAUUSD	M15	4162.90						4160.99027532	4162.55905154	0
1785921302	XAUUSD	M15	4157.65						4158.49904304	4160.52904729	0
1785922202	XAUUSD	M15	4158.15						4156.01991639	4158.27448184	0
1785923102	XAUUSD	M15	4157.93						4154.17741992	4156.22595088	0
1785924002	XAUUSD	M15	4151.09						4153.66077253	4154.94336170	0
1785924902	XAUUSD	M15	4156.88					4150.21000	4155.15609879	4155.04973025	1
1785925802	XAUUSD	M15	4155.11						4158.77182011	4156.91077518	0
1785926702	XAUUSD	M15	4161.52						4164.39958933	4160.65518226	0
1785927602	XAUUSD	M15	4170.88						4171.33506141	4165.99512183	0
1785928502	XAUUSD	M15	4175.98						4178.54180051	4172.26846117	0
1785929402	XAUUSD	M15	4184.96						4185.01420646	4178.64133382	0
1785930302	XAUUSD	M15	4188.79						4189.81676156	4184.22904769	0
1785931202	XAUUSD	M15	4197.54						4192.57787567	4188.40346168	0
1785932102	XAUUSD	M15	4205.27						4193.33156817	4190.86751492	0
1785933002	XAUUSD	M15	4194.78						4192.68593947	4191.77672720	0
1785933902	XAUUSD	M15	4183.90						4192.09758842	4191.93715781	0
1785934802	XAUUSD	M15	4187.86						4193.12038756	4192.52877268	0
1785935702	XAUUSD	M15	4197.09						4196.61577966	4194.57227617	0
1785936602	XAUUSD	M15	4197.54						4202.82787741	4198.70007679	0
1785937502	XAUUSD	M15	4206.10						4211.62472259	4205.16239969	0
1785938402	XAUUSD	M15	4229.62						4222.12367098	4213.64303533	0
1785939302	XAUUSD	M15	4237.05						4232.64246037	4223.14274785	0
1785940202	XAUUSD	M15	4243.19						4241.83734605	4232.49004695	0
1785941102	XAUUSD	M15	4244.28						4248.62750759	4240.55877727	0
1785942002	XAUUSD	M15	4257.95						4252.45478089	4246.50677908	0
1785942902	XAUUSD	M15	4257.34						4252.93981121	4249.72329514	0
1785943802	XAUUSD	M15	4255.90						4250.66628193	4250.19478854	0
1785944702	XAUUSD	M15	4232.87						4246.69938440	4248.44708647	1
1785945602	XAUUSD	M15	4234.33						4242.79459731	4245.62084189	0
1785946502	XAUUSD	M15	4241.45						4239.90637636	4242.76360912	0
1785947402	XAUUSD	M15	4244.60						4238.53562477	4240.64961695	0
1785948302	XAUUSD	M15	4242.39						4238.91904835	4239.78433265	0
1785949202	XAUUSD	M15	4242.06						4241.05960617	4240.42196941	1
1785950102	XAUUSD	M15	4244.70						4244.54216710	4242.48206826	0
1785951002	XAUUSD	M15	4248.16						4248.70671464	4245.59439145	0
1785951902	XAUUSD	M15	4250.27						4252.83174489	4249.21306817	0
1785952802	XAUUSD	M15	4253.11						4256.32028206	4252.76667511	0
1785953702	XAUUSD	M15	4262.90						4258.74769858	4255.75718685	0
1785954602	XAUUSD	M15	4259.34						4259.70760805	4257.73239745	0
1785955502	XAUUSD	M15	4260.96						4259.33473341	4258.53356543	0
1785956402	XAUUSD	M15	4258.10						4257.80691473	4258.17024008	1
1785957302	XAUUSD	M15	4252.87						4255.48756317	4256.82890162	0
1785958202	XAUUSD	M15	4253.18						4252.82076854	4254.82483508	0
1785959102	XAUUSD	M15	4247.64						4250.08204409	4252.45343958	0
1785960002	XAUUSD	M15	4249.10						4247.67140642	4250.06242300	0
1785960902	XAUUSD	M15	4246.17						4245.78658202	4247.92450251	0
1785961802	XAUUSD	M15	4245.42						4244.71614622	4246.32032437	0
1785962702	XAUUSD	M15	4247.08						4244.64414699	4245.48223568	0
1785967202	XAUUSD	M15	4247.51						4245.64472908	4245.56348238	1
1785968102	XAUUSD	M15	4248.09						4247.75478527	4246.65913382	0
1785969002	XAUUSD	M15	4248.27						4250.93278118	4248.79595750	0
1785969902	XAUUSD	M15	4250.04						4255.04508410	4251.92052080	0
1785970802	XAUUSD	M15	4256.27						4259.84990029	4255.88521054	0
1785971702	XAUUSD	M15	4263.50						4264.92424568	4260.40472811	0
1785972602	XAUUSD	M15	4280.78						4269.82127091	4265.11299951	0
1785973502	XAUUSD	M15	4278.28						4273.87820005	4269.49559978	0
1785974402	XAUUSD	M15	4270.42						4277.15417144	4273.32488561	0
1785975302	XAUUSD	M15	4274.07						4280.00845754	4276.66667157	0
1785976202	XAUUSD	M15	4286.41						4282.56401754	4279.61534456	0
1785977102	XAUUSD	M15	4294.87						4284.64632130	4282.13083293	0
1785978002	XAUUSD	M15	4284.55						4286.14842206	4284.13962749	0
1785978902	XAUUSD	M15	4276.24						4287.38431895	4285.76197322	0
1785979802	XAUUSD	M15	4287.29						4288.50636733	4287.13417028	0
1785980702	XAUUSD	M15	4286.70						4289.03086079	4288.08251554	0
1785981602	XAUUSD	M15	4295.05				4303.98000		4288.69779834	4288.39015694	0
1785982502	XAUUSD	M15	4292.21						4287.07698598	4287.73357146	1
1785983402	XAUUSD	M15	4285.88						4284.13231951	4285.93294549	0
1785984302	XAUUSD	M15	4278.62						4280.10173365	4283.01733957	0
1785985202	XAUUSD	M15	4274.16						4275.39924637	4279.20829297	0
1785986102	XAUUSD	M15	4266.16						4270.51651364	4274.86240331	0
1785987002	XAUUSD	M15	4262.97						4266.05182395	4270.45711363	0
1785987902	XAUUSD	M15	4265.64						4262.44719761	4266.45215562	0
1785988802	XAUUSD	M15	4263.27						4259.87588577	4263.16402070	0
1785989702	XAUUSD	M15	4255.27						4258.46316984	4260.81359527	0
1785990602	XAUUSD	M15	4259.16						4258.29211202	4259.55285364	0
1785991502	XAUUSD	M15	4262.20						4258.95796673	4259.25541018	0
1785992402	XAUUSD	M15	4259.46						4259.95169727	4259.60355373	1
1785993302	XAUUSD	M15	4253.92						4260.90762562	4260.25558967	0
1785994202	XAUUSD	M15	4263.77					4247.39000	4261.64353598	4260.94956283	0
1785995102	XAUUSD	M15	4267.10						4261.69933789	4261.32445036	0
1785996002	XAUUSD	M15	4260.56						4260.94394898	4261.13419967	1
1785996902	XAUUSD	M15	4257.65						4259.71189514	4260.42304741	0
1785997802	XAUUSD	M15	4256.44						4258.47215420	4259.44760080	0
1785998702	XAUUSD	M15	4256.06						4257.69522700	4258.57141390	0
1785999602	XAUUSD	M15	4263.15						4257.77499226	4258.17320308	0
1786000502	XAUUSD	M15	4261.96						4258.73454103	4258.45387206	1
1786001402	XAUUSD	M15	4255.05						4260.70129587	4259.57758396	0
1786002302	XAUUSD	M15	4262.68						4263.77842641	4261.67800519	0
1786003202	XAUUSD	M15	4268.90						4267.45288272	4264.56544395	0
1786004102	XAUUSD	M15	4267.79						4271.08159636	4267.82352016	0
1786005002	XAUUSD	M15	4273.12						4274.23958066	4271.03155041	0
1786005902	XAUUSD	M15	4278.20						4276.43905674	4273.73530358	0
1786006802	XAUUSD	M15	4279.80						4277.38032728	4275.55781543	0
1786007702	XAUUSD	M15	4283.48				4284.73000		4277.03474313	4276.29627928	0
1786008602	XAUUSD	M15	4271.95						4275.55684612	4275.92656270	1
1786009502	XAUUSD	M15	4273.00						4273.63507297	4274.78081784	0
1786010402	XAUUSD	M15	4270.03						4271.65522389	4273.21802086	0
1786011302	XAUUSD	M15	4269.22						4269.98836632	4271.60319359	0
1786012202	XAUUSD	M15	4265.60						4268.73809661	4270.17064510	0
1786013102	XAUUSD	M15	4270.80						4267.86727800	4269.01896155	0
1786014002	XAUUSD	M15	4269.01						4266.94964909	4267.98430532	0
1786014902	XAUUSD	M15	4264.17						4265.69018375	4266.83724454	0
1786015802	XAUUSD	M15	4260.59						4263.92453631	4265.38089042	0
1786016702	XAUUSD	M15	4263.29						4261.63883701	4263.50986372	0
1786017602	XAUUSD	M15	4256.28						4258.93247662	4261.22117017	0
1786018502	XAUUSD	M15	4261.40						4256.33952081	4258.78034549	0
1786019402	XAUUSD	M15	4266.96						4254.19349619	4256.48692084	0
1786020302	XAUUSD	M15	4250.30						4252.91074524	4254.69883304	0
1786021202	XAUUSD	M15	4238.36						4253.37439969	4254.03661636	0
1786022102	XAUUSD	M15	4247.57						4255.98531252	4255.01096444	1
1786023002	XAUUSD	M15	4270.24						4260.11943799	4257.56520122	0
1786023902	XAUUSD	M15	4266.96						4264.45839899	4261.01180011	0
1786024802	XAUUSD	M15	4268.20						4268.16650419	4264.58915215	0
1786025702	XAUUSD	M15	4265.51						4270.33016564	4267.45965889	0
1786026602	XAUUSD	M15	4273.47						4270.33066621	4268.89516255	0
1786027502	XAUUSD	M15	4272.95						4267.62288718	4268.25902487	1
1786028402	XAUUSD	M15	4263.74						4262.39131045	4265.32516766	0
1786029302	XAUUSD	M15	4254.77						4255.51208610	4260.41862688	0
1786030202	XAUUSD	M15	4251.68						4248.11712404	4254.26787546	0
1786031102	XAUUSD	M15	4233.74						4241.28859511	4247.77823529	0
1786032002	XAUUSD	M15	4232.81						4236.33295409	4242.05559469	0
1786032902	XAUUSD	M15	4230.21					4223.46000	4233.74904987	4237.90232228	0
1786033802	XAUUSD	M15	4233.46						4233.59578399	4235.74905314	0
1786034702	XAUUSD	M15	4241.36						4235.34258387	4235.54581850	0
1786035602	XAUUSD	M15	4240.93						4238.10078950	4236.82330400	1
1786036502	XAUUSD	M15	4241.76						4241.14753286	4238.98541843	0
1786037402	XAUUSD	M15	4241.91						4243.83865721	4241.41203782	0
1786038302	XAUUSD	M15	4247.20						4245.75879260	4243.58541521	0
1786039202	XAUUSD	M15	4246.84						4246.60644814	4245.09593167	0
1786040102	XAUUSD	M15	4246.75						4246.48810695	4245.79201931	0
1786041002	XAUUSD	M15	4241.67						4245.62379082	4245.70790507	1
1786041902	XAUUSD	M15	4243.39						4244.43242621	4245.07016564	0
1786042802	XAUUSD	M15	4247.35						4243.13867459	4244.10442012	0
1786043702	XAUUSD	M15	4237.37						4241.84508628	4242.97475320	0
1786044602	XAUUSD	M15	4234.62						4240.91296347	4241.94385834	0
1786045502	XAUUSD	M15	4248.86						4240.44879427	4241.19632630	0
1786046402	XAUUSD	M15	4244.53						4240.02900449	4240.61266540	0
1786047302	XAUUSD	M15	4241.79						4239.72538164	4240.16902352	0
1786048202	XAUUSD	M15	4235.23						4239.66195319	4239.91548835	0
1786049102	XAUUSD	M15	4240.69						4240.05886734	4239.98717785	1
1786053602	XAUUSD	M15	4239.02						4240.75879890	4240.37298837	0
1786054502	XAUUSD	M15	4242.44						4241.69749198	4241.03524018	0
1786055402	XAUUSD	M15	4239.40						4242.68680946	4241.86102482	0
1786056302	XAUUSD	M15	4240.68						4243.67180622	4242.76641552	0
1786057202	XAUUSD	M15	4245.34						4244.49354854	4243.62998203	0
1786058102	XAUUSD	M15	4245.07						4244.87121275	4244.25059739	0
1786059002	XAUUSD	M15	4246.70						4244.74763608	4244.49911673	0
1786059902	XAUUSD	M15	4252.35						4244.17242257	4244.33576965	1
1786060802	XAUUSD	M15	4244.77						4243.21433190	4243.77505077	0
1786061702	XAUUSD	M15	4243.87						4242.36231545	4243.06868311	0
1786062602	XAUUSD	M15	4234.90						4241.98162208	4242.52515260	0
1786063502	XAUUSD	M15	4232.98					4229.90000	4242.53536837	4242.53026048	1
1786064402	XAUUSD	M15	4244.26						4244.17289193	4243.35157621	0
1786065302	XAUUSD	M15	4243.54						4246.47037834	4244.91097727	0
1786066202	XAUUSD	M15	4256.81						4249.21018187	4247.06057957	0
1786067102	XAUUSD	M15	4256.79						4251.78676435	4249.42367196	0
1786068002	XAUUSD	M15	4258.63						4253.98660123	4251.70513659	0
1786068902	XAUUSD	M15	4260.66						4255.63982940	4253.67248300	0
1786069802	XAUUSD	M15	4249.67						4256.71767811	4255.19508055	0
1786070702	XAUUSD	M15	4250.30						4257.64255917	4256.41881986	0
1786071602	XAUUSD	M15	4254.75						4258.53080265	4257.47481126	0
1786072502	XAUUSD	M15	4258.77						4259.38932090	4258.43206608	0
1786073402	XAUUSD	M15	4260.69						4260.20997358	4259.32101983	0
1786074302	XAUUSD	M15	4266.11						4261.03350361	4260.17726172	0
1786075202	XAUUSD	M15	4265.89						4261.86199374	4261.01962773	0
1786076102	XAUUSD	M15	4264.88						4262.87938653	4261.94950713	0
1786077002	XAUUSD	M15	4263.90						4264.26620746	4263.10785729	0
1786077902	XAUUSD	M15	4264.86						4266.21749629	4264.66267679	0
1786078802	XAUUSD	M15	4269.19						4268.80518743	4266.73393211	0
1786079702	XAUUSD	M15	4266.71						4271.81968150	4269.27680681	0
1786080602	XAUUSD	M15	4271.34						4275.27511860	4272.27596270	0
1786081502	XAUUSD	M15	4278.75						4278.96563885	4275.62080078	0
1786082402	XAUUSD	M15	4286.74						4282.50649455	4279.06364766	0
1786083302	XAUUSD	M15	4283.33						4285.52619296	4282.29492031	0
1786084202	XAUUSD	M15	4292.13						4288.02477875	4285.15984953	0
1786085102	XAUUSD	M15	4297.26						4289.76775957	4287.46380455	0
1786086002	XAUUSD	M15	4291.14						4290.69705279	4289.08042867	0
1786086902	XAUUSD	M15	4285.50						4291.23923334	4290.15983101	0
1786087802	XAUUSD	M15	4285.10						4291.90070173	4291.03026637	0
1786088702	XAUUSD	M15	4290.02						4293.05768016	4292.04397327	0
1786089602	XAUUSD	M15	4299.62						4294.90499064	4293.47448196	0
1786090502	XAUUSD	M15	4294.76						4297.40443942	4295.43946069	0
1786091402	XAUUSD	M15	4309.06						4300.72138781	4298.08042425	0
1786092302	XAUUSD	M15	4306.14						4304.28320334	4301.18181379	0
1786093202	XAUUSD	M15	4306.11						4307.89369998	4304.53775689	0
1786094102	XAUUSD	M15	4306.63						4311.17989050	4307.85882369	0
1786095002	XAUUSD	M15	4317.46						4313.82621869	4310.84252119	0
1786095902	XAUUSD	M15	4316.00						4315.34244032	4313.09248075	0
1786096802	XAUUSD	M15	4308.62						4315.79403641	4314.44325858	0
1786097702	XAUUSD	M15	4313.73						4315.67445540	4315.05885699	0
1786098602	XAUUSD	M15	4316.87						4315.28162339	4315.17024019	0
1786099502	XAUUSD	M15	4316.84						4315.06718875	4315.11871447	1
1786100402	XAUUSD	M15	4320.22						4315.56366993	4315.34119220	1
1786101302	XAUUSD	M15	4325.08						4317.13256409	4316.23687814	0
1786102202	XAUUSD	M15	4322.64						4319.92908197	4318.08298005	0
1786103102	XAUUSD	M15	4321.22						4324.08396606	4321.08347306	0
1786104002	XAUUSD	M15	4315.26						4329.47388217	4325.27867761	0
1786104902	XAUUSD	M15	4308.86						4335.85500678	4330.56684219	0
1786105802	XAUUSD	M15	4366.99						4342.76698371	4336.66691295	0
1786106702	XAUUSD	M15	4361.45				4371.77000		4348.00247977	4342.33469636	0
1786107602	XAUUSD	M15	4347.80						4351.25943170	4346.79706403	0
1786108502	XAUUSD	M15	4356.51						4352.77986241	4349.78846322	0
1786109402	XAUUSD	M15	4358.38						4352.54528727	4351.16687524	0
1786110302	XAUUSD	M15	4347.94						4350.97391214	4351.07039369	1
1786111202	XAUUSD	M15	4334.41						4348.97831047	4350.02435208	0
1786112102	XAUUSD	M15	4348.79						4347.46692553	4348.74563881	0
1786113002	XAUUSD	M15	4344.16						4346.39956657	4347.57260269	0
1786113902	XAUUSD	M15	4341.65						4345.99157761	4346.78209015	0
1786114802	XAUUSD	M15	4355.36						4346.17332894	4346.47770954	0
1786115702	XAUUSD	M15	4351.14						4346.27855636	4346.37813295	0
1786116602	XAUUSD	M15	4349.65						4346.06118928	4346.21966111	0
1786117502	XAUUSD	M15	4341.04						4345.22874461	4345.72420286	0
1786118402	XAUUSD	M15	4347.13						4343.87728687	4344.80074487	0
1786119302	XAUUSD	M15	4337.50						4341.84309047	4343.32191767	0
1786120202	XAUUSD	M15	4338.65						4339.56561987	4341.44376877	0
1786121102	XAUUSD	M15	4329.20						4337.31383751	4339.37880314	0
1786122002	XAUUSD	M15	4335.72						4335.63390042	4337.50635178	0
1786122902	XAUUSD	M15	4339.76						4334.55411250	4336.03023214	0
1786123802	XAUUSD	M15	4336.32						4334.09463050	4335.06243132	0
1786124702	XAUUSD	M15	4340.25						4334.40139937	4334.73191534	0
1786125602	XAUUSD	M15	4335.01						4335.30273745	4335.01732640	1
1786126502	XAUUSD	M15	4334.43						4336.79839329	4335.90785984	0
1786127402	XAUUSD	M15	4334.23						4338.69582588	4337.30184286	0
1786128302	XAUUSD	M15	4335.52						4340.71457230	4339.00820758	0
1786129202	XAUUSD	M15	4343.58						4342.52064127	4340.76442442	0
1786130102	XAUUSD	M15	4348.54						4343.70861847	4342.23652145	0
1786131002	XAUUSD	M15	4347.89						4344.09484187	4343.16568166	0
1786131902	XAUUSD	M15	4344.08						4343.80789635	4343.48678901	0
1786132802	XAUUSD	M15	4342.52						4343.18231192	4343.33455046	1
1786133702	XAUUSD	M15	4337.87						4342.41237018	4342.87346032	0
1786134602	XAUUSD	M15	4341.50						4341.86288476	4342.36817254	0
1786135502	XAUUSD	M15	4342.24						4341.65741397	4342.01279326	0
1786312802	XAUUSD	M15	4343.62				4350.37000		4341.83220408	4341.92249867	0
1786313702	XAUUSD	M15	4343.84						4342.29113073	4342.10681470	1
1786314602	XAUUSD	M15	4340.66						4342.92024487	4342.51352978	0
1786315502	XAUUSD	M15	4341.78						4343.64053294	4343.07703136	0
1786316402	XAUUSD	M15	4346.43						4344.14567941	4343.61135538	0
1786317302	XAUUSD	M15	4346.59						4344.04922307	4343.83028923	0
1786318202	XAUUSD	M15	4342.30						4343.13916473	4343.48472698	1
1786319102	XAUUSD	M15	4333.26						4341.39829431	4342.44151065	0
1786320002	XAUUSD	M15	4344.26						4339.04367205	4340.74259135	0
1786320902	XAUUSD	M15	4337.69						4335.87414661	4338.30836898	0
1786321802	XAUUSD	M15	4334.41						4332.29730697	4335.30283797	0
1786322702	XAUUSD	M15	4332.20						4328.68643348	4331.99463573	0
1786323602	XAUUSD	M15	4323.00						4325.42829040	4328.71146307	0
1786324502	XAUUSD	M15	4316.52						4323.02791525	4325.86968916	0
1786325402	XAUUSD	M15	4317.45					4313.29000	4321.77199958	4323.82084437	0
1786326302	XAUUSD	M15	4322.49						4321.53130234	4322.67607335	0
1786327202	XAUUSD	M15	4324.51						4321.94724193	4322.31165764	0
1786328102	XAUUSD	M15	4330.71						4322.71340222	4322.51252993	1
1786329002	XAUUSD	M15	4326.65						4323.44983385	4322.98118189	0
1786329902	XAUUSD	M15	4319.57						4324.16884154	4323.57501171	0
1786330802	XAUUSD	M15	4320.16						4325.05123464	4324.31312318	0
1786331702	XAUUSD	M15	4327.41						4326.13977635	4325.22644976	0
1786332602	XAUUSD	M15	4325.19						4327.30063193	4326.26354085	0
1786333502	XAUUSD	M15	4326.83						4328.63122522	4327.44738304	0
1786334402	XAUUSD	M15	4332.56						4330.11065843	4328.77902073	0
1786335302	XAUUSD	M15	4334.68						4331.63213236	4330.20557655	0
1786336202	XAUUSD	M15	4332.16						4333.22991158	4331.71774406	0
1786337102	XAUUSD	M15	4339.50						4335.07988243	4333.39881324	0
1786338002	XAUUSD	M15	4335.05						4337.10592301	4335.25236813	0
1786338902	XAUUSD	M15	4333.84						4339.48581005	4337.36908909	0
1786339802	XAUUSD	M15	4343.47						4342.25998174	4339.81453541	0
1786340702	XAUUSD	M15	4347.62						4345.12143962	4342.46798752	0
1786341602	XAUUSD	M15	4347.26						4347.89129062	4345.17963907	0
1786342502	XAUUSD	M15	4348.36						4350.51502373	4347.84733140	0
1786343402	XAUUSD	M15	4355.16						4352.89066646	4350.36899893	0
1786344302	XAUUSD	M15	4358.05						4354.70041549	4352.53470721	0
1786345202	XAUUSD	M15	4351.17						4355.77254493	4354.15362607	0
1786346102	XAUUSD	M15	4355.00						4356.28261086	4355.21811847	0
1786347002	XAUUSD	M15	4359.33						4356.18976677	4355.70394262	0
1786347902	XAUUSD	M15	4355.40				4361.96000		4355.41750459	4355.56072361	1
1786348802	XAUUSD	M15	4354.36						4354.16945645	4354.86509003	0
1786349702	XAUUSD	M15	4355.58						4352.58946657	4353.72727830	0
1786350602	XAUUSD	M15	4346.23						4350.74667199	4352.23697514	0
1786351502	XAUUSD	M15	4346.73						4348.99088873	4350.61393194	0
1786352402	XAUUSD	M15	4349.60						4347.36075818	4348.98734506	0
1786353302	XAUUSD	M15	4347.11						4345.77624685	4347.38179595	0
1786354202	XAUUSD	M15	4344.18						4344.21648992	4345.79914293	0
1786355102	XAUUSD	M15	4341.23						4342.68015490	4344.23964892	0
1786356002	XAUUSD	M15	4340.69						4341.16815930	4342.70390411	0
1786356902	XAUUSD	M15	4343.71						4339.68200663	4341.19295537	0
1786357802	XAUUSD	M15	4337.93						4338.17264930	4339.68280233	0
1786358702	XAUUSD	M15	4335.70						4336.81897620	4338.25088926	0
1786359602	XAUUSD	M15	4331.64						4335.68445545	4336.96767235	0
1786360502	XAUUSD	M15	4335.32						4334.84042931	4335.90405083	0
1786361402	XAUUSD	M15	4337.54						4334.13777616	4335.02091350	0
1786362302	XAUUSD	M15	4335.05						4333.42860257	4334.22475803	0
1786363202	XAUUSD	M15	4331.86						4332.69748178	4333.46111991	0
1786364102	XAUUSD	M15	4327.84						4332.00829854	4332.73470922	0
1786365002	XAUUSD	M15	4329.17						4331.45483247	4332.09477085	0
1786365902	XAUUSD	M15	4332.45						4331.05086588	4331.57281836	0
1786366802	XAUUSD	M15	4337.22						4330.80247512	4331.18764674	0
1786367702	XAUUSD	M15	4335.26						4330.72792527	4330.95778600	0
1786368602	XAUUSD	M15	4331.03						4331.08825838	4331.02302219	1
1786369502	XAUUSD	M15	4317.83					4316.61000	4332.22584511	4331.62443365	0
1786370402	XAUUSD	M15	4330.26						4334.62654123	4333.12548744	0
1786371302	XAUUSD	M15	4345.62						4337.93024818	4335.52786781	0
1786372202	XAUUSD	M15	4349.50						4341.57357040	4338.55071911	0
1786373102	XAUUSD	M15	4345.48						4345.26827777	4341.90949844	0
1786374002	XAUUSD	M15	4347.01						4348.89832778	4345.40391311	0
1786374902	XAUUSD	M15	4349.22						4352.19061252	4348.79726281	0
1786375802	XAUUSD	M15	4350.18						4354.90111933	4351.84919107	0
1786376702	XAUUSD	M15	4358.41						4356.88609845	4354.36764476	0
1786377602	XAUUSD	M15	4361.37						4357.90779027	4356.13771751	0
1786378502	XAUUSD	M15	4362.69						4358.05638186	4357.09704969	0
1786379402	XAUUSD	M15	4351.74						4357.60840076	4357.35272522	0
1786380302	XAUUSD	M15	4356.90						4357.23096730	4357.29184626	1
1786381202	XAUUSD	M15	4357.29						4357.19669119	4357.24426873	0
1786382102	XAUUSD	M15	4361.06						4357.86935080	4357.55680976	1
1786383002	XAUUSD	M15	4360.30						4359.39491837	4358.47586407	0
1786383902	XAUUSD	M15	4360.22						4361.92768419	4360.20177413	0
1786384802	XAUUSD	M15	4363.00						4365.47074705	4362.83626059	0
1786385702	XAUUSD	M15	4365.85						4369.82470522	4366.33048291	0
1786386602	XAUUSD	M15	4379.70						4374.63834344	4370.48441318	0
1786387502	XAUUSD	M15	4378.55						4379.19812384	4374.84126851	0
1786388402	XAUUSD	M15	4382.01						4383.19786908	4379.01956879	0
1786389302	XAUUSD	M15	4390.63						4386.35512292	4382.68734586	0
1786390202	XAUUSD	M15	4388.29						4388.41634108	4385.55184347	0
1786391102	XAUUSD	M15	4388.48						4389.59664424	4387.57424385	0
1786392002	XAUUSD	M15	4389.20						4390.16614793	4388.87019589	0
1786392902	XAUUSD	M15	4391.02						4390.42889482	4389.64954535	0
1786393802	XAUUSD	M15	4389.85						4390.62401322	4390.13677929	0
1786394702	XAUUSD	M15	4390.11						4391.00523789	4390.57100859	0
1786399202	XAUUSD	M15	4391.28						4391.70870107	4391.13985483	0
1786400102	XAUUSD	M15	4392.04						4392.76529678	4391.95257581	0
1786401002	XAUUSD	M15	4395.51						4394.13310214	4393.04283897	0
1786401902	XAUUSD	M15	4398.93						4395.62223609	4394.33253753	0
1786402802	XAUUSD	M15	4397.49						4397.09264291	4395.71259022	0
1786403702	XAUUSD	M15	4395.46						4398.62763288	4397.17011155	0
1786404602	XAUUSD	M15	4398.71						4400.42204368	4398.79607762	0
1786405502	XAUUSD	M15	4402.36						4402.57026069	4400.68316915	0
1786406402	XAUUSD	M15	4404.95						4405.13156771	4402.90736843	0
1786407302	XAUUSD	M15	4414.14						4408.13117849	4405.51927346	0
1786408202	XAUUSD	M15	4413.99						4411.30099401	4408.41013374	0
1786409102	XAUUSD	M15	4409.60						4414.52155707	4411.46584540	0
1786410002	XAUUSD	M15	4414.37						4417.71720547	4414.59152544	0
1786410902	XAUUSD	M15	4419.30						4420.54152231	4417.56652387	0
1786411802	XAUUSD	M15	4415.26						4422.63220083	4420.09936235	0
1786412702	XAUUSD	M15	4429.69						4423.91645694	4422.00790965	0
1786413602	XAUUSD	M15	4433.66						4423.97448437	4422.99119701	0
1786414502	XAUUSD	M15	4428.47				4435.37000		4422.86114103	4422.92616902	1
1786415402	XAUUSD	M15	4418.42						4421.05310880	4421.98963891	0
1786416302	XAUUSD	M15	4410.96						4419.22754521	4420.60859206	0
1786417202	XAUUSD	M15	4413.36						4417.90134421	4419.25496813	0
1786418102	XAUUSD	M15	4420.39						4417.11917031	4418.18706922	0
1786419002	XAUUSD	M15	4416.13						4416.58285606	4417.38496264	0
1786419902	XAUUSD	M15	4416.89						4416.06779558	4416.72637911	0
1786420802	XAUUSD	M15	4414.06						4415.09826747	4415.91232329	0
1786421702	XAUUSD	M15	4415.42						4413.26287542	4414.58759936	0
1786422602	XAUUSD	M15	4410.01						4410.09321300	4412.34040618	0
1786423502	XAUUSD	M15	4408.78						4405.44935385	4408.89488001	0
1786424402	XAUUSD	M15	4402.26						4399.34068342	4404.11778172	0
1786425302	XAUUSD	M15	4392.53						4392.13824701	4398.12801436	0
1786426202	XAUUSD	M15	4377.02						4384.51390153	4391.32095794	0
1786427102	XAUUSD	M15	4375.10						4377.34771487	4384.33433641	0
1786428002	XAUUSD	M15	4372.83						4371.10882935	4377.72158288	0
1786428902	XAUUSD	M15	4363.56						4366.14230946	4371.93194617	0
1786429802	XAUUSD	M15	4363.65						4362.82475074	4367.37834846	0
1786430702	XAUUSD	M15	4366.24						4361.08754035	4364.23294440	0
1786431602	XAUUSD	M15	4363.45						4360.63370571	4362.43332506	0
1786432502	XAUUSD	M15	4363.01						4361.18437432	4361.80884969	0
1786433402	XAUUSD	M15	4358.42						4362.40146179	4362.10515574	1
1786434302	XAUUSD	M15	4357.44					4356.70000	4364.09167570	4363.09841572	0
1786435202	XAUUSD	M15	4365.20						4366.01311163	4364.55576367	0
1786436102	XAUUSD	M15	4369.18						4367.79420524	4366.17498446	0
1786437002	XAUUSD	M15	4374.74						4369.23051703	4367.70275074	0
1786437902	XAUUSD	M15	4369.11						4370.20171206	4368.95223140	0
1786438802	XAUUSD	M15	4372.49						4370.96780712	4369.96001926	0
1786439702	XAUUSD	M15	4371.95						4371.63892145	4370.79947035	0
1786440602	XAUUSD	M15	4370.58						4372.41414247	4371.60680641	0
1786441502	XAUUSD	M15	4372.39						4373.51664111	4372.56172376	0
1786442402	XAUUSD	M15	4373.29						4375.04864713	4373.80518545	0
1786443302	XAUUSD	M15	4378.26						4377.07805751	4375.44162148	0
1786444202	XAUUSD	M15	4377.65						4379.48486403	4377.46324275	0
1786445102	XAUUSD	M15	4382.43						4382.19515549	4379.82919912	0
1786446002	XAUUSD	M15	4391.43						4384.93551292	4382.38235602	0
1786446902	XAUUSD	M15	4387.33						4387.33684688	4384.85960145	0
1786447802	XAUUSD	M15	4385.81						4389.44614015	4387.15287080	0
1786448702	XAUUSD	M15	4387.69						4391.31858960	4389.23573020	0
1786449602	XAUUSD	M15	4396.77						4392.90016031	4391.06794525	0
1786450502	XAUUSD	M15	4391.22						4393.98783951	4392.52789238	0
1786451402	XAUUSD	M15	4398.44						4394.74513009	4393.63651124	0
1786452302	XAUUSD	M15	4392.39						4395.02234511	4394.32942817	0
1786453202	XAUUSD	M15	4393.93						4395.01741775	4394.67342296	0
1786454102	XAUUSD	M15	4397.87						4394.73357562	4394.70349929	0
1786455002	XAUUSD	M15	4399.73						4394.06247591	4394.38298760	1
1786455902	XAUUSD	M15	4389.20				4404.20000		4392.95647459	4393.66973110	0
1786456802	XAUUSD	M15	4386.91						4391.74242723	4392.70607916	0
1786457702	XAUUSD	M15	4384.03						4390.52457939	4391.61532928	0
1786458602	XAUUSD	M15	4393.37						4389.40974608	4390.51253768	0
1786459502	XAUUSD	M15	4394.18						4388.17861212	4389.34557490	0
1786460402	XAUUSD	M15	4392.28						4386.83697138	4388.09127314	0
1786461302	XAUUSD	M15	4386.84						4385.52570004	4386.80848659	0
1786462202	XAUUSD	M15	4375.92						4384.45116052	4385.62982355	0
1786463102	XAUUSD	M15	4383.75						4383.86612723	4384.74797539	0
1786464002	XAUUSD	M15	4379.44						4383.44973211	4384.09885375	0
1786464902	XAUUSD	M15	4383.01						4383.10517005	4383.60201190	0
1786465802	XAUUSD	M15	4384.71						4382.51823790	4383.06012490	0
1786466702	XAUUSD	M15	4383.36						4381.40356867	4382.23184679	0
1786467602	XAUUSD	M15	4381.17						4379.67122432	4380.95153555	0
1786468502	XAUUSD	M15	4381.23						4377.37885233	4379.16519394	0
1786469402	XAUUSD	M15	4376.28						4374.64803252	4376.90661323	0
1786470302	XAUUSD	M15	4369.14						4371.82659006	4374.36660164	0
1786471202	XAUUSD	M15	4363.85					4360.34000	4369.35978454	4371.86319309	0
1786472102	XAUUSD	M15	4361.36						4367.60131089	4369.73225199	0
1786473002	XAUUSD	M15	4371.12						4366.70179227	4368.21702213	0
1786473902	XAUUSD	M15	4371.57						4366.38211197	4367.29956705	0
1786474802	XAUUSD	M15	4363.78						4366.56252154	4366.93104429	0
1786475702	XAUUSD	M15	4370.30						4367.32588273	4367.12846351	1
1786476602	XAUUSD	M15	4367.54						4368.31847802	4367.72347077	0
1786477502	XAUUSD	M15	4370.74						4369.41337825	4368.56842451	0
1786478402	XAUUSD	M15	4370.30						4370.37163381	4369.47002916	0
1786479302	XAUUSD	M15	4370.17						4371.07757731	4370.27380324	0
1786480202	XAUUSD	M15	4367.46						4371.50026042	4370.88703183	0
1786481102	XAUUSD	M15	4368.05						4371.71987403	4371.30345293	0
1786485602	XAUUSD	M15	4374.04						4371.77621122	4371.53983207	0
1786486502	XAUUSD	M15	4376.64						4371.58955169	4371.56469188	0
1786487402	XAUUSD	M15	4376.32						4371.21684964	4371.39077076	1
1786488302	XAUUSD	M15	4368.74						4370.82691475	4371.10884276	0
1786489202	XAUUSD	M15	4366.43						4370.77128712	4370.94006494	0
1786490102	XAUUSD	M15	4372.74						4371.20574328	4371.07290411	1
1786491002	XAUUSD	M15	4367.86						4372.03667093	4371.55478752	0
1786491902	XAUUSD	M15	4371.53						4373.47516344	4372.51497548	0
1786492802	XAUUSD	M15	4378.64						4375.49223825	4374.00360686	0
1786493702	XAUUSD	M15	4380.56						4377.94883950	4375.97622318	0
1786494602	XAUUSD	M15	4382.87						4380.80429706	4378.39026012	0
1786495502	XAUUSD	M15	4380.73						4384.01138069	4381.20082040	0
1786496402	XAUUSD	M15	4390.21						4387.59518747	4384.39800394	0
1786497302	XAUUSD	M15	4390.29						4391.23967547	4387.81883970	0
1786498202	XAUUSD	M15	4393.04						4394.85937541	4391.33910756	0
1786499102	XAUUSD	M15	4396.27						4398.26024934	4394.79967845	0
1786500002	XAUUSD	M15	4401.77						4401.26106310	4398.03037078	0
1786500902	XAUUSD	M15	4402.07						4403.66002257	4400.84519667	0
1786501802	XAUUSD	M15	4405.48						4405.43404147	4403.13961907	0
1786502702	XAUUSD	M15	4411.29						4406.51152698	4404.82557302	0
1786503602	XAUUSD	M15	4410.68				4415.89000		4406.78379856	4405.80468579	0
1786504502	XAUUSD	M15	4407.38						4406.33133272	4406.06800926	0
1786505402	XAUUSD	M15	4401.34						4405.33355246	4405.70078086	1
1786506302	XAUUSD	M15	4402.25						4404.04770512	4404.87424299	0
1786507202	XAUUSD	M15	4397.49						4402.46402735	4403.66913517	0
1786508102	XAUUSD	M15	4398.97						4400.72806499	4402.19860008	0
1786509002	XAUUSD	M15	4400.13						4398.81185785	4400.50522897	0
1786509902	XAUUSD	M15	4401.09						4396.74659884	4398.62591391	0
1786510802	XAUUSD	M15	4401.17						4394.60777796	4396.61684593	0
1786511702	XAUUSD	M15	4392.63						4392.61569347	4394.61626970	0
1786512602	XAUUSD	M15	4388.23						4391.25167244	4392.93397107	0
1786513502	XAUUSD	M15	4391.27					4383.95000	4390.87991686	4391.90694397	0
1786514402	XAUUSD	M15	4387.02						4391.52163957	4391.71429177	0
1786515302	XAUUSD	M15	4389.84						4393.22491922	4392.46960549	1
1786516202	XAUUSD	M15	4394.22						4395.68780366	4394.07870458	0
1786517102	XAUUSD	M15	4403.44						4398.47447282	4396.27658870	0
1786518002	XAUUSD	M15	4401.53						4401.02057833	4398.64858352	0
1786518902	XAUUSD	M15	4402.47						4403.18410894	4400.91634623	0
1786519802	XAUUSD	M15	4407.94						4404.85997264	4402.88815944	0
1786520702	XAUUSD	M15	4406.34						4405.94559066	4404.41687505	0
1786521602	XAUUSD	M15	4408.63						4406.68008027	4405.54847766	0
1786522502	XAUUSD	M15	4406.98						4407.26965751	4406.40906758	0
1786523402	XAUUSD	M15	4406.14						4408.01289674	4407.21098216	0
1786524302	XAUUSD	M15	4401.78						4409.08911638	4408.15004927	0
1786525202	XAUUSD	M15	4412.92						4410.65688204	4409.40346565	0
1786526102	XAUUSD	M15	4413.15						4412.34179929	4410.87263247	0
1786527002	XAUUSD	M15	4413.77						4413.93685454	4412.40474351	0
1786527902	XAUUSD	M15	4415.86						4415.16709519	4413.78591935	0
1786528802	XAUUSD	M15	4417.80						4415.77598837	4414.78095386	0
1786529702	XAUUSD	M15	4419.61						4415.65071055	4415.21583221	0
1786530602	XAUUSD	M15	4414.71						4414.85114889	4415.03349055	1
1786531502	XAUUSD	M15	4412.87						4413.78330933	4414.40839994	0
1786532402	XAUUSD	M15	4408.28						4412.89499665	4413.65169830	0
1786533302	XAUUSD	M15	4414.88						4412.70213396	4413.17691613	0
1786534202	XAUUSD	M15	4413.16						4413.30811650	4413.24251632	1
1786535102	XAUUSD	M15	4412.63						4414.84837811	4414.04544721	0
1786536002	XAUUSD	M15	4408.75						4417.20958402	4415.62751562	0
1786536902	XAUUSD	M15	4424.69						4420.17580584	4417.90166073	0
1786537802	XAUUSD	M15	4428.52					4382.86000	4422.90536210	4420.40351141	0
1786538702	XAUUSD	M15	4437.27						4424.93683737	4422.67017439	0
1786539602	XAUUSD	M15	4422.03				4441.22000		4425.88162479	4424.27589959	0
1786540502	XAUUSD	M15	4418.47						4426.19011012	4425.23300485	0
1786541402	XAUUSD	M15	4416.41						4426.14788099	4425.69044292	0
1786542302	XAUUSD	M15	4427.61						4426.07229726	4425.88137009	0
1786543202	XAUUSD	M15	4431.74						4425.88194880	4425.88165945	0
1786544102	XAUUSD	M15	4431.47						4425.59914880	4425.74040413	1
1786545002	XAUUSD	M15	4424.95						4425.27206465	4425.50623439	0
1786545902	XAUUSD	M15	4421.95						4425.03694546	4425.27158992	0
1786546802	XAUUSD	M15	4426.70						4424.81982757	4425.04570875	0
1786547702	XAUUSD	M15	4421.52						4424.25122601	4424.64846738	0
1786548602	XAUUSD	M15	4418.15						4423.19611106	4423.92228922	0
1786549502	XAUUSD	M15	4421.06						4421.50876512	4422.71552717	0
1786550402	XAUUSD	M15	4423.36						4418.98709078	4420.85130898	0
1786551302	XAUUSD	M15	4423.32						4415.61978251	4418.23554574	0
1786552202	XAUUSD	M15	4410.94						4411.71147850	4414.97351212	0
1786553102	XAUUSD	M15	4401.66						4407.97414663	4411.47382937	0
1786554002	XAUUSD	M15	4403.59						4405.09706104	4408.28544521	0
1786554902	XAUUSD	M15	4406.47						4403.34492750	4405.81518635	0
1786555802	XAUUSD	M15	4402.05						4402.80359215	4404.30938925	0
1786556702	XAUUSD	M15	4399.51						4403.53888470	4403.92413697	0
1786557602	XAUUSD	M15	4405.79					4396.36000	4405.40591876	4404.66502786	1
1786558502	XAUUSD	M15	4408.65						4407.89830506	4406.28166646	0
1786559402	XAUUSD	M15	4413.54						4410.55757371	4408.41962009	0
1786560302	XAUUSD	M15	4413.10						4412.89907647	4410.65934828	0
1786561202	XAUUSD	M15	4416.45						4414.62336003	4412.64135416	0
1786562102	XAUUSD	M15	4416.66						4415.46022957	4414.05079186	0
1786563002	XAUUSD	M15	4413.25						4415.32616494	4414.68847840	0
1786563902	XAUUSD	M15	4413.93						4414.32451832	4414.50649836	1
1786564802	XAUUSD	M15	4409.01						4412.46581982	4413.48615909	0
1786565702	XAUUSD	M15	4407.93						4410.01728154	4411.75172032	0
1786566602	XAUUSD	M15	4408.02						4407.21539031	4409.48355531	0
1786567502	XAUUSD	M15	4408.49						4404.39291566	4406.93823549	0
1786572002	XAUUSD	M15	4403.29						4401.93238322	4404.43530935	0
1786572902	XAUUSD	M15	4399.44						4400.40925331	4402.42228133	0
1786573802	XAUUSD	M15	4400.04						4400.23124615	4401.32676374	0
1786574702	XAUUSD	M15	4402.24						4401.55759418	4401.44217896	1
1786575602	XAUUSD	M15	4405.70						4404.32557107	4402.88387501	0
1786576502	XAUUSD	M15	4408.41						4408.27925764	4405.58156633	0
1786577402	XAUUSD	M15	4408.52						4413.00417529	4409.29287081	0
1786578302	XAUUSD	M15	4414.40						4418.03984193	4413.66635637	0
1786579202	XAUUSD	M15	4419.12						4422.72354762	4418.19495200	0
1786580102	XAUUSD	M15	4428.38						4426.42300395	4422.30897797	0
1786581002	XAUUSD	M15	4439.70				4449.65000		4428.49947190	4425.40422494	0
1786581902	XAUUSD	M15	4428.16						4428.46105829	4426.93264161	0
1786582802	XAUUSD	M15	4430.30						4426.66410545	4426.79837353	1
1786583702	XAUUSD	M15	4419.34						4423.39384068	4425.09610710	0
1786584602	XAUUSD	M15	4419.41						4419.42541730	4422.26076220	0
1786585502	XAUUSD	M15	4408.47						4415.26570723	4418.76323472	0
1786586402	XAUUSD	M15	4410.58						4411.62354786	4415.19339129	0
1786587302	XAUUSD	M15	4406.39						4408.72573951	4411.95956540	0
1786588202	XAUUSD	M15	4410.24						4406.74870988	4409.35413764	0
1786589102	XAUUSD	M15	4407.24						4405.47492573	4407.41453169	0
1786590002	XAUUSD	M15	4407.02						4404.73409090	4406.07431129	0
1786590902	XAUUSD	M15	4409.25						4404.24225686	4405.15828407	0
1786591802	XAUUSD	M15	4405.84						4403.69077193	4404.42452800	0
1786592702	XAUUSD	M15	4400.36						4402.97835006	4403.70143903	0
1786593602	XAUUSD	M15	4394.62						4402.14164137	4402.92154020	0
1786594502	XAUUSD	M15	4398.10						4401.23593006	4402.07873513	0
1786595402	XAUUSD	M15	4395.85						4400.03243764	4401.05558639	0
1786596302	XAUUSD	M15	4397.90						4398.45476702	4399.75517671	0
1786597202	XAUUSD	M15	4404.53						4396.32691380	4398.04104525	0
1786598102	XAUUSD	M15	4406.26						4393.42157164	4395.73130845	0
1786599002	XAUUSD	M15	4387.70						4389.75568065	4392.74349455	0
1786599902	XAUUSD	M15	4383.12						4386.04081161	4389.39215308	0
1786600802	XAUUSD	M15	4375.96						4382.64075082	4386.01645195	0
1786601702	XAUUSD	M15	4375.87						4379.88544909	4382.95095052	0
1786602602	XAUUSD	M15	4374.23						4377.78932087	4380.37013570	0
1786603502	XAUUSD	M15	4380.98						4376.27837158	4378.32425364	0
1786604402	XAUUSD	M15	4376.95						4375.01419638	4376.66922501	0
1786605302	XAUUSD	M15	4376.51						4373.94840419	4375.30881460	0
1786606202	XAUUSD	M15	4378.46						4373.03896589	4374.17389024	0
1786607102	XAUUSD	M15	4370.01						4372.30938030	4373.24163527	0
1786608002	XAUUSD	M15	4366.14					4364.16000	4372.07804296	4372.65983912	0
1786608902	XAUUSD	M15	4372.52						4372.50983964	4372.58483938	0
1786609802	XAUUSD	M15	4373.63						4373.50201601	4373.04342769	1
1786610702	XAUUSD	M15	4375.86						4375.00960460	4374.02651615	0
1786611602	XAUUSD	M15	4377.04						4376.89572035	4375.46111825	0
1786612502	XAUUSD	M15	4380.03						4379.01047038	4377.23579432	0
1786613402	XAUUSD	M15	4379.93						4381.17895552	4379.20737492	0
1786614302	XAUUSD	M15	4384.45						4383.29207111	4381.24972301	0
1786615202	XAUUSD	M15	4381.50						4385.18028257	4383.21500279	0
1786616102	XAUUSD	M15	4387.10						4386.87249437	4385.04374858	0
1786617002	XAUUSD	M15	4390.55						4388.20717508	4386.62546183	0
1786617902	XAUUSD	M15	4392.15						4389.10740832	4387.86643507	0
1786618802	XAUUSD	M15	4394.31						4389.62904837	4388.74774172	0
1786619702	XAUUSD	M15	4387.97						4389.87288493	4389.31031332	0
1786620602	XAUUSD	M15	4384.21						4390.17126829	4389.74079081	0
1786621502	XAUUSD	M15	4387.75						4390.72159197	4390.23119139	0
1786622402	XAUUSD	M15	4389.06						4391.33827729	4390.78473434	0
1786623302	XAUUSD	M15	4390.91						4391.78061442	4391.28267438	0
1786624202	XAUUSD	M15	4392.17						4391.71898131	4391.50082785	0
1786625102	XAUUSD	M15	4401.82						4390.85389842	4391.17736313	1
1786626002	XAUUSD	M15	4393.74				4401.94000		4388.81047435	4389.99391874	0
1786626902	XAUUSD	M15	4385.17						4385.92553280	4387.95972577	0
1786627802	XAUUSD	M15	4379.63						4382.67207163	4385.31589870	0
1786628702	XAUUSD	M15	4372.77						4379.48867819	4382.40228844	0
1786629602	XAUUSD	M15	4371.01						4376.76562035	4379.58395440	0
1786630502	XAUUSD	M15	4367.77						4374.62325953	4377.10360696	0
1786631402	XAUUSD	M15	4381.06						4373.06007069	4375.08183883	0
1786632302	XAUUSD	M15	4383.59						4371.54341447	4373.31262665	0
1786633202	XAUUSD	M15	4369.74						4369.84090927	4371.57676796	0
1786634102	XAUUSD	M15	4365.36						4368.24251013	4369.90963905	0
1786635002	XAUUSD	M15	4368.44						4366.88039298	4368.39501601	0
1786635902	XAUUSD	M15	4365.04						4365.70566403	4367.05034002	0
1786636802	XAUUSD	M15	4355.28						4364.82397892	4365.93715947	0
1786637702	XAUUSD	M15	4362.82						4364.43923067	4365.18819507	0
1786638602	XAUUSD	M15	4365.71						4364.23318107	4364.71068807	0
1786639502	XAUUSD	M15	4367.07						4364.01121259	4364.36095033	0
1786640402	XAUUSD	M15	4371.51						4363.59573947	4363.97834490	0
1786641302	XAUUSD	M15	4363.08						4362.76970569	4363.37402529	0
1786642202	XAUUSD	M15	4357.19						4361.70546297	4362.53974413	0
1786643102	XAUUSD	M15	4355.93						4360.56164655	4361.55069534	0
1786644002	XAUUSD	M15	4362.04						4359.33418252	4360.44243893	0
1786644902	XAUUSD	M15	4357.58						4357.81666425	4359.12955159	0
1786645802	XAUUSD	M15	4357.97						4356.14377698	4357.63666429	0
1786646702	XAUUSD	M15	4356.90						4354.35197985	4355.99432207	0
1786647602	XAUUSD	M15	4347.06						4352.57956410	4354.28694308	0
1786648502	XAUUSD	M15	4351.40						4351.21962539	4352.75328424	0
1786649402	XAUUSD	M15	4351.36						4350.25947698	4351.50638061	0
1786650302	XAUUSD	M15	4350.35						4349.75151600	4350.62894831	0
1786651202	XAUUSD	M15	4350.26						4349.74364139	4350.18629485	0
1786652102	XAUUSD	M15	4351.70						4350.23024542	4350.20827013	1
1786653002	XAUUSD	M15	4349.57						4351.12843852	4350.66835433	0
1786653902	XAUUSD	M15	4351.07						4352.49103287	4351.57969360	0
1786658402	XAUUSD	M15	4354.08						4354.24077567	4352.91023463	0
1786659302	XAUUSD	M15	4357.24						4356.19184721	4354.55104092	0
1786660202	XAUUSD	M15	4360.37						4358.05851145	4356.30477618	0
1786661102	XAUUSD	M15	4354.84						4359.52633268	4357.91555443	0
1786662002	XAUUSD	M15	4360.64						4360.45881019	4359.18718231	0
1786662902	XAUUSD	M15	4362.92						4360.34572679	4359.76645455	0
1786663802	XAUUSD	M15	4360.24						4358.83258106	4359.29951780	1
1786664702	XAUUSD	M15	4356.74				4364.17000		4355.85698627	4357.57825204	0
1786665602	XAUUSD	M15	4352.21						4351.49329670	4354.53577437	0
1786666502	XAUUSD	M15	4339.36						4345.96683604	4350.25130520	0
1786667402	XAUUSD	M15	4340.16						4339.87225977	4345.06178249	0
1786668302	XAUUSD	M15	4341.22						4333.54690535	4339.30434392	0
1786669202	XAUUSD	M15	4323.79						4327.34377508	4333.32405950	0
1786670102	XAUUSD	M15	4319.55						4322.09645359	4327.71025654	0
1786671002	XAUUSD	M15	4319.66						4318.19044014	4322.95034834	0
1786671902	XAUUSD	M15	4318.21						4315.74236564	4319.34635699	0
1786672802	XAUUSD	M15	4312.43					4311.05000	4314.78368686	4317.06502192	0
1786673702	XAUUSD	M15	4312.92						4315.29495672	4316.17998932	0
1786674602	XAUUSD	M15	4321.26						4316.92828281	4316.55413607	1
1786675502	XAUUSD	M15	4315.78						4319.04268174	4317.79840891	0
1786676402	XAUUSD	M15	4320.15						4321.36975136	4319.58408013	0
1786677302	XAUUSD	M15	4325.74						4323.42242034	4321.50325024	0
1786678202	XAUUSD	M15	4325.66						4324.80241499	4323.15283261	0
1786679102	XAUUSD	M15	4323.67						4325.42783613	4324.29033437	0
1786680002	XAUUSD	M15	4326.15						4325.39092318	4324.84062878	0
1786680902	XAUUSD	M15	4325.29						4324.81330629	4324.82696754	1
1786681802	XAUUSD	M15	4325.35						4324.00318432	4324.41507593	0
1786682702	XAUUSD	M15	4327.03						4323.28919811	4323.85213702	0
1786683602	XAUUSD	M15	4320.23						4322.91332974	4323.38273338	0
1786684502	XAUUSD	M15	4318.46						4323.28002292	4323.33137815	0
1786685402	XAUUSD	M15	4317.74						4324.48332924	4323.90735369	1
1786686302	XAUUSD	M15	4333.73						4326.41019587	4325.15877478	0
1786687202	XAUUSD	M15	4332.38						4328.40193402	4326.78035440	0
1786688102	XAUUSD	M15	4329.33						4330.28477151	4328.53256296	0
1786689002	XAUUSD	M15	4333.00						4332.08498084	4330.30877190	0
1786689902	XAUUSD	M15	4335.57						4333.70689006	4332.00783098	0
1786690802	XAUUSD	M15	4331.25						4335.19999367	4333.60391233	0
1786691702	XAUUSD	M15	4331.97						4336.86939090	4335.23665161	0
1786692602	XAUUSD	M15	4339.59						4338.85939908	4337.04802535	0
1786693502	XAUUSD	M15	4343.74						4341.03506379	4339.04154457	0
1786694402	XAUUSD	M15	4347.84						4343.32840433	4341.18497445	0
1786695302	XAUUSD	M15	4345.75						4345.56248301	4343.37372873	0
1786696202	XAUUSD	M15	4343.85						4347.68801015	4345.53086944	0
1786697102	XAUUSD	M15	4348.54						4349.67650502	4347.60368723	0
1786698002	XAUUSD	M15	4350.79						4351.29300425	4349.44834574	0
1786698902	XAUUSD	M15	4351.71						4352.38287032	4350.91560803	0
1786699802	XAUUSD	M15	4353.36						4352.90325279	4351.90943041	0
1786700702	XAUUSD	M15	4357.21						4352.91711995	4352.41327518	0
1786701602	XAUUSD	M15	4354.46						4352.53624274	4352.47475896	0
1786702502	XAUUSD	M15	4351.45						4352.13381425	4352.30428660	1
1786703402	XAUUSD	M15	4351.97						4352.16316389	4352.23372524	0
1786704302	XAUUSD	M15	4349.38						4352.93628087	4352.58500306	1
1786705202	XAUUSD	M15	4350.61						4354.72733850	4353.65617078	0
1786706102	XAUUSD	M15	4356.67						4357.57243726	4355.61430402	0
1786707002	XAUUSD	M15	4362.56						4361.22191740	4358.41811071	0
1786707902	XAUUSD	M15	4369.15						4365.29704302	4361.85757686	0
1786708802	XAUUSD	M15	4371.73						4369.37945109	4365.61851398	0
1786709702	XAUUSD	M15	4379.83						4373.20417080	4369.41134239	0
1786710602	XAUUSD	M15	4372.70						4376.45097151	4372.93115695	0
1786711502	XAUUSD	M15	4373.61						4379.31937844	4376.12526770	0
1786712402	XAUUSD	M15	4375.12						4381.83545027	4378.98035898	0
1786713302	XAUUSD	M15	4384.47						4384.00952408	4381.49494153	0
1786714202	XAUUSD	M15	4393.85				4396.94000		4385.61357674	4383.55425914	0
1786715102	XAUUSD	M15	4384.45						4386.49634183	4385.02530048	0
1786716002	XAUUSD	M15	4390.49						4387.05795657	4386.04162853	0
1786716902	XAUUSD	M15	4390.68						4387.30258882	4386.67210867	0
1786717802	XAUUSD	M15	4384.41						4387.38146393	4387.02678630	0
1786718702	XAUUSD	M15	4381.24						4387.62101452	4387.32390041	0
1786719602	XAUUSD	M15	4392.22						4388.15483669	4387.73936855	0
1786720502	XAUUSD	M15	4384.73						4388.61741404	4388.17839130	0
1786721402	XAUUSD	M15	4389.55						4389.03671540	4388.60755335	0
1786722302	XAUUSD	M15	4391.69						4389.09230632	4388.84992984	0
1786723202	XAUUSD	M15	4389.73						4388.59069802	4388.72031393	1
1786724102	XAUUSD	M15	4387.55						4387.55695482	4388.13863438	0
1786725002	XAUUSD	M15	4385.82						4386.11049566	4387.12456502	0
1786725902	XAUUSD	M15	4385.86						4384.41966698	4385.77211600	0
1786726802	XAUUSD	M15	4382.44						4382.64898933	4384.21055266	0
1786727702	XAUUSD	M15	4379.54						4381.02248000	4382.61651633	0
1786728602	XAUUSD	M15	4377.80						4379.68049165	4381.14850399	0
1786729502	XAUUSD	M15	4378.52						4378.64573341	4379.89711870	0
1786730402	XAUUSD	M15	4377.30						4377.81270970	4378.85491420	0
1786731302	XAUUSD	M15	4379.45						4377.10873437	4377.98182429	0
1786732202	XAUUSD	M15	4376.53						4376.40512951	4377.19347690	0
1786733102	XAUUSD	M15	4373.56						4375.76116511	4376.47732101	0
1786734002	XAUUSD	M15	4376.01						4375.26936013	4375.87334057	0
1786734902	XAUUSD	M15	4377.31						4374.91591203	4375.39462630	0
1786735802	XAUUSD	M15	4375.68						4374.72970874	4375.06216752	0
1786736702	XAUUSD	M15	4376.20						4374.81309327	4374.93763039	0
1786737602	XAUUSD	M15	4372.83						4375.16734458	4375.05248749	1
1786738502	XAUUSD	M15	4374.77						4375.82166827	4375.43707788	0
1786739402	XAUUSD	M15	4375.57						4376.58366763	4376.01037275	0
1786740302	XAUUSD	M15	4375.65						4377.22199100	4376.61618188	0
1786917602	XAUUSD	M15	4375.77						4377.48609436	4377.05113812	0
1786918502	XAUUSD	M15	4374.77						4377.25067400	4377.15090606	0
1786919402	XAUUSD	M15	4377.95						4376.61445166	4376.88267886	1
1786920302	XAUUSD	M15	4385.99						4375.71789306	4376.30028596	0
1786921202	XAUUSD	M15	4379.63						4374.77219288	4375.53623942	0
1786922102	XAUUSD	M15	4374.77						4374.50294060	4375.01959001	0
1786923002	XAUUSD	M15	4368.54					4367.24000	4375.53952184	4375.27955593	1
1786923902	XAUUSD	M15	4370.26						4378.33227526	4376.80591559	0
1786924802	XAUUSD	M15	4378.91						4382.79390951	4379.79991255	0
1786925702	XAUUSD	M15	4389.73						4388.29001877	4384.04496566	0
1786926602	XAUUSD	M15	4395.89						4393.90553000	4388.97524783	0
1786927502	XAUUSD	M15	4400.87						4398.78205685	4393.87865234	0
1786928402	XAUUSD	M15	4409.21						4402.19906940	4398.03886087	0
1786929302	XAUUSD	M15	4407.05				4416.41000		4403.61888295	4400.82887191	0
1786930202	XAUUSD	M15	4403.49						4403.11185863	4401.97036527	0
1786931102	XAUUSD	M15	4395.54						4401.11539345	4401.54287936	1
1786932002	XAUUSD	M15	4394.33						4398.41199616	4399.97743776	0
1786932902	XAUUSD	M15	4395.50						4395.66752205	4397.82247991	0
1786933802	XAUUSD	M15	4392.86						4393.38662615	4395.60455303	0
1786934702	XAUUSD	M15	4393.10						4391.99069592	4393.79762447	0
1786935602	XAUUSD	M15	4390.28						4391.56253491	4392.68007969	0
1786936502	XAUUSD	M15	4392.88						4392.06812049	4392.37410009	0
1786937402	XAUUSD	M15	4395.17						4393.12814180	4392.75112095	1
1786938302	XAUUSD	M15	4396.95						4394.27117003	4393.51114549	0
1786939202	XAUUSD	M15	4398.19						4395.07396174	4394.29255361	0
1786940102	XAUUSD	M15	4391.12						4395.29634157	4394.79444759	0
1786941002	XAUUSD	M15	4395.67						4395.09338474	4394.94391616	0
1786941902	XAUUSD	M15	4390.87						4394.49936571	4394.72164094	1
1786942802	XAUUSD	M15	4387.89						4393.90726415	4394.31445254	0
1786943702	XAUUSD	M15	4399.31					4386.84000	4393.68465690	4393.99955472	0
1786944602	XAUUSD	M15	4395.76						4393.75118802	4393.87537137	0
1786945502	XAUUSD	M15	4394.75						4394.35027600	4394.11282369	1
1786946402	XAUUSD	M15	4396.95						4395.56245320	4394.83763844	0
1786947302	XAUUSD	M15	4398.54						4397.25485464	4396.04624654	0
1786948202	XAUUSD	M15	4396.19						4399.16239624	4397.60432139	0
1786949102	XAUUSD	M15	4403.07						4401.14625021	4399.37528580	0
1786950002	XAUUSD	M15	4396.45						4402.81485914	4401.09507247	0
1786950902	XAUUSD	M15	4404.98						4404.15937445	4402.62722346	0
1786951802	XAUUSD	M15	4409.33				4411.36000		4404.79106639	4403.70914492	0
1786952702	XAUUSD	M15	4405.29						4404.48306632	4404.09610562	0
1786953602	XAUUSD	M15	4402.88						4403.34204526	4403.71907544	1
1786954502	XAUUSD	M15	4402.14						4401.58857829	4402.65382686	0
1786955402	XAUUSD	M15	4396.37						4399.47692804	4401.06537745	0
1786956302	XAUUSD	M15	4395.12						4397.46954805	4399.26746275	0
1786957202	XAUUSD	M15	4399.00						4395.93461840	4397.60104058	0
1786958102	XAUUSD	M15	4396.84						4395.04939925	4396.32521991	0
1786959002	XAUUSD	M15	4394.20						4395.04430363	4395.68476177	0
1786959902	XAUUSD	M15	4395.48						4395.99120446	4395.83798311	1
1786960802	XAUUSD	M15	4395.90						4397.66719812	4396.75259062	0
1786961702	XAUUSD	M15	4405.42						4399.68977355	4398.22118208	0
1786962602	XAUUSD	M15	4398.28						4401.33985967	4399.78052087	0
1786963502	XAUUSD	M15	4398.96						4402.32799563	4401.05425825	0
1786964402	XAUUSD	M15	4399.79						4402.25026793	4401.65226309	0
1786965302	XAUUSD	M15	4403.51						4400.85787652	4401.25506980	1
1786966202	XAUUSD	M15	4399.50						4398.05669355	4399.65588168	0
1786967102	XAUUSD	M15	4396.80						4394.25471569	4396.95529868	0
1786968002	XAUUSD	M15	4393.88						4390.08880313	4393.52205091	0
1786968902	XAUUSD	M15	4385.61						4386.33647388	4389.92926239	0
1786969802	XAUUSD	M15	4378.34						4383.94611871	4386.93769055	0
1786970702	XAUUSD	M15	4384.92					4377.30000	4383.66586454	4385.30177755	0
1786971602	XAUUSD	M15	4386.28						4385.54296403	4385.42237079	1
1786972502	XAUUSD	M15	4386.17						4389.44742128	4387.43489603	0
1786973402	XAUUSD	M15	4386.07						4394.98745876	4391.21117740	0
1786974302	XAUUSD	M15	4408.59						4401.55898568	4396.38508154	0
1786975202	XAUUSD	M15	4412.20						4407.92260877	4402.15384516	0
1786976102	XAUUSD	M15	4418.20						4413.45629719	4407.80507117	0
1786977002	XAUUSD	M15	4417.32						4417.72468735	4412.76487926	0
1786977902	XAUUSD	M15	4417.35						4420.76305353	4416.76396640	0
1786978802	XAUUSD	M15	4421.25						4422.76210443	4419.76303541	0
1786979702	XAUUSD	M15	4425.58						4423.94272191	4421.85287866	0
1786980602	XAUUSD	M15	4419.26						4424.54354000	4423.19820933	0
1786981502	XAUUSD	M15	4427.62						4425.00155607	4424.09988270	0
1786982402	XAUUSD	M15	4426.00				4428.83000		4425.18471714	4424.64229992	0
1786983302	XAUUSD	M15	4424.79						4425.09605226	4424.86917609	0
1786984202	XAUUSD	M15	4424.66						4424.59650597	4424.73284103	1
1786985102	XAUUSD	M15	4424.21						4423.48993928	4424.11139016	0
1786986002	XAUUSD	M15	4422.90						4421.64404185	4422.87771600	0
1786986902	XAUUSD	M15	4416.89						4419.09301923	4420.98536762	0
1786987802	XAUUSD	M15	4417.56						4416.12448052	4418.55492407	0
1786988702	XAUUSD	M15	4413.68						4413.00570668	4415.78031537	0
1786989602	XAUUSD	M15	4413.64						4410.19087326	4412.98559432	0
1786990502	XAUUSD	M15	4406.32						4408.11111976	4410.54835704	0
1786991402	XAUUSD	M15	4401.61					4398.13000	4407.26258940	4408.90547322	0
1786992302	XAUUSD	M15	4406.76						4407.88053187	4408.39300255	0
1786993202	XAUUSD	M15	4408.55						4409.69052480	4409.04176367	1
1786994102	XAUUSD	M15	4414.47						4412.28069830	4410.66123099	0
1786995002	XAUUSD	M15	4419.46						4414.98464493	4412.82293796	0
1786995902	XAUUSD	M15	4419.84						4417.14613182	4414.98453489	0
1786996802	XAUUSD	M15	4417.72						4418.36990860	4416.67722174	0
1786997702	XAUUSD	M15	4415.13						4418.54278359	4417.61000267	0
1786998602	XAUUSD	M15	4415.44						4417.78283892	4417.69642079	0
1786999502	XAUUSD	M15	4416.79						4416.37110312	4417.03376196	1
1787004002	XAUUSD	M15	4416.70						4414.72237893	4415.87807044	0
1787004902	XAUUSD	M15	4412.46						4413.35520273	4414.61663659	0
1787005802	XAUUSD	M15	4414.70						4412.81496155	4413.71579907	0
1787006702	XAUUSD	M15	4411.71						4413.37725998	4413.54652952	0
1787007602	XAUUSD	M15	4414.78						4415.23394480	4414.39023716	1
1787008502	XAUUSD	M15	4420.28						4418.20495793	4416.29759755	0
1787009402	XAUUSD	M15	4422.54						4421.80628070	4419.05193912	0
1787010302	XAUUSD	M15	4425.86						4425.47314501	4422.26254207	0
1787011202	XAUUSD	M15	4421.90						4428.53453163	4425.39853685	0
1787012102	XAUUSD	M15	4431.46						4430.57779211	4427.98816448	0
1787013002	XAUUSD	M15	4429.48						4430.94073557	4429.46445002	0
1787013902	XAUUSD	M15	4434.57						4429.48185243	4429.47315123	0
1787014802	XAUUSD	M15	4429.16				4436.11000		4426.13296067	4427.80305595	1
1787015702	XAUUSD	M15	4424.86						4421.33012465	4424.56659030	0
1787016602	XAUUSD	M15	4412.20						4415.69026068	4420.12842549	0
1787017502	XAUUSD	M15	4407.99						4410.10640361	4415.11741455	0
1787018402	XAUUSD	M15	4401.14						4405.18256401	4410.14998928	0
1787019302	XAUUSD	M15	4402.27						4401.37514096	4405.76256512	0
1787020202	XAUUSD	M15	4395.00						4398.69509876	4402.22883194	0
1787021102	XAUUSD	M15	4400.07						4397.15665820	4399.69274507	0
1787022002	XAUUSD	M15	4401.61						4396.32638203	4398.00956355	0
1787022902	XAUUSD	M15	4397.24						4395.79370119	4396.90163237	0
1787023802	XAUUSD	M15	4394.83						4395.34573819	4396.12368528	0
1787024702	XAUUSD	M15	4392.02						4394.83419430	4395.47893979	0
1787025602	XAUUSD	M15	4392.44						4394.22383536	4394.85138758	0
1787026502	XAUUSD	M15	4392.51						4393.49973307	4394.17556032	0
1787027402	XAUUSD	M15	4393.68						4392.75324018	4393.46440025	0
1787028302	XAUUSD	M15	4393.70						4392.13387985	4392.79914005	0
1787029202	XAUUSD	M15	4391.33						4391.83186492	4392.31550249	0
1787030102	XAUUSD	M15	4391.45						4392.06342179	4392.18946214	0
1787031002	XAUUSD	M15	4393.74					4386.07000	4392.87683983	4392.53315098	1
1787031902	XAUUSD	M15	4394.34						4394.15935476	4393.34625287	0
1787032802	XAUUSD	M15	4395.14						4395.76398928	4394.55512108	0
1787033702	XAUUSD	M15	4399.52						4397.41692273	4395.98602190	0
1787034602	XAUUSD	M15	4397.11						4398.77932184	4397.38267187	0
1787035502	XAUUSD	M15	4398.71						4399.70199576	4398.54233381	0
1787036402	XAUUSD	M15	4397.66						4399.99424177	4399.26828779	0
1787037302	XAUUSD	M15	4403.27						4399.66068662	4399.46448721	0
1787038202	XAUUSD	M15	4401.45				4403.66000		4398.62401065	4399.04424893	1
1787039102	XAUUSD	M15	4395.76						4397.08270295	4398.06347594	0
1787040002	XAUUSD	M15	4392.66						4395.35956692	4396.71152143	0
1787040902	XAUUSD	M15	4389.56						4393.72601181	4395.21876662	0
1787041802	XAUUSD	M15	4396.67						4392.41118781	4393.81497722	0
1787042702	XAUUSD	M15	4393.37						4391.37837382	4392.59667552	0
1787043602	XAUUSD	M15	4392.77						4390.83751888	4391.71709720	0
1787044502	XAUUSD	M15	4389.25						4390.87194114	4391.29451917	0
1787045402	XAUUSD	M15	4388.54						4391.53557332	4391.41504625	1
1787046302	XAUUSD	M15	4393.28						4392.67698494	4392.04601559	0
1787047202	XAUUSD	M15	4394.48						4393.90173856	4392.97387708	0
1787048102	XAUUSD	M15	4392.04						4394.90537112	4393.93962410	0
1787049002	XAUUSD	M15	4398.65						4395.48959528	4394.71460969	0
1787049902	XAUUSD	M15	4397.63						4395.34729341	4395.03095155	0
1787050802	XAUUSD	M15	4393.57						4394.56033306	4394.79564231	1
1787051702	XAUUSD	M15	4390.07						4393.48158508	4394.13861369	0
1787052602	XAUUSD	M15	4390.97						4392.53498850	4393.33680110	0
1787053502	XAUUSD	M15	4395.94						4392.01370354	4392.67525232	0
1787054402	XAUUSD	M15	4393.30						4392.02809162	4392.35167197	0
1787055302	XAUUSD	M15	4395.25						4392.73891914	4392.54529555	1
1787056202	XAUUSD	M15	4392.23						4393.99521286	4393.27025421	0
1787057102	XAUUSD	M15	4394.46						4395.57029653	4394.42027537	0
1787058002	XAUUSD	M15	4395.78						4396.93127726	4395.67577631	0
1787058902	XAUUSD	M15	4388.74						4397.48686667	4396.58132149	0
1787059802	XAUUSD	M15	4401.16				4406.49000		4396.88337114	4396.73234632	0
1787060702	XAUUSD	M15	4394.65						4394.41998643	4395.57616637	1
1787061602	XAUUSD	M15	4393.24						4390.18932394	4392.88274516	0
1787062502	XAUUSD	M15	4394.47						4384.49254322	4388.68764419	0
1787063402	XAUUSD	M15	4380.09						4377.83805423	4383.26284921	0
1787064302	XAUUSD	M15	4366.63						4371.31470716	4377.28877818	0
1787065202	XAUUSD	M15	4360.07						4365.95665412	4371.62271615	0
1787066102	XAUUSD	M15	4354.91						4362.39611172	4367.00941393	0
1787067002	XAUUSD	M15	4358.68						4360.87732151	4363.94336772	0
1787067902	XAUUSD	M15	4364.97						4361.03158034	4362.48747403	0
1787068802	XAUUSD	M15	4367.69						4362.17960263	4362.33353833	0
1787069702	XAUUSD	M15	4364.14						4363.61449077	4362.97401455	1
1787070602	XAUUSD	M15	4367.41						4364.87752044	4363.92576750	0
1787071502	XAUUSD	M15	4363.85						4365.46403389	4364.69490069	0
1787072402	XAUUSD	M15	4366.94						4365.28271935	4364.98881002	0
1787073302	XAUUSD	M15	4365.38						4364.25071287	4364.61976144	1
1787074202	XAUUSD	M15	4358.60						4362.59254097	4363.60615121	0
1787075102	XAUUSD	M15	4357.71						4360.76321281	4362.18468201	0
1787076002	XAUUSD	M15	4357.73						4359.02070078	4360.60269139	0
1787076902	XAUUSD	M15	4360.24						4357.47995049	4359.04132094	0
1787077802	XAUUSD	M15	4354.28						4356.05483096	4357.54807595	0
1787078702	XAUUSD	M15	4354.27						4354.75611962	4356.15209779	0
1787079602	XAUUSD	M15	4356.98						4353.34309903	4354.74759841	0
1787080502	XAUUSD	M15	4354.87						4351.49089284	4353.11924563	0
1787081402	XAUUSD	M15	4349.77						4349.08719506	4351.10322034	0
1787082302	XAUUSD	M15	4345.54						4346.24812490	4348.67567262	0
1787083202	XAUUSD	M15	4341.94						4343.19980285	4345.93773774	0
1787084102	XAUUSD	M15	4337.77						4340.24299437	4343.09036605	0
1787085002	XAUUSD	M15	4332.29						4337.68309298	4340.38672952	0
1787085902	XAUUSD	M15	4334.40						4335.81119496	4338.09896224	0
1787090402	XAUUSD	M15	4340.73						4334.58823089	4336.34359656	0
1787091302	XAUUSD	M15	4336.21						4333.74566277	4335.04462967	0
1787092202	XAUUSD	M15	4333.69						4333.29885126	4334.17174047	0
1787093102	XAUUSD	M15	4333.84						4333.18735684	4333.67954865	0
1787094002	XAUUSD	M15	4334.14						4333.30230058	4333.49092461	0
1787094902	XAUUSD	M15	4330.49						4333.64278090	4333.56685276	1
1787095802	XAUUSD	M15	4329.90						4334.35511255	4333.96098265	0
1787096702	XAUUSD	M15	4332.99						4335.52702679	4334.74400472	0
1787097602	XAUUSD	M15	4342.94						4337.12688262	4335.93544367	0
1787098502	XAUUSD	M15	4343.03						4338.92345928	4337.42945147	0
1787099402	XAUUSD	M15	4343.59						4340.92580055	4339.17762601	0
1787100302	XAUUSD	M15	4337.78						4343.11727068	4341.14744835	0
1787101202	XAUUSD	M15	4343.87					4324.63000	4345.64235540	4343.39490187	0
1787102102	XAUUSD	M15	4342.32						4348.26602368	4345.83046278	0
1787103002	XAUUSD	M15	4355.66						4350.93146440	4348.38096359	0
1787103902	XAUUSD	M15	4356.62						4353.15767484	4350.76931921	0
1787104802	XAUUSD	M15	4353.64						4354.84506319	4352.80719120	0
1787105702	XAUUSD	M15	4359.67				4361.90000		4356.07944741	4354.44331931	0
1787106602	XAUUSD	M15	4355.41						4356.75878032	4355.60104981	0
1787107502	XAUUSD	M15	4355.03						4357.07667343	4356.33886162	0
1787108402	XAUUSD	M15	4354.60						4357.10071795	4356.71978979	0
1787109302	XAUUSD	M15	4357.07						4356.86879279	4356.79429129	0
1787110202	XAUUSD	M15	4358.41						4356.26149487	4356.52789308	1
1787111102	XAUUSD	M15	4355.05						4355.13014203	4355.82901755	0
1787112002	XAUUSD	M15	4354.64						4353.48058878	4354.65480316	0
1787112902	XAUUSD	M15	4351.13						4351.30723882	4352.98102099	0
1787113802	XAUUSD	M15	4346.68						4348.74069780	4350.86085939	0
1787114702	XAUUSD	M15	4348.39						4346.01468959	4348.43777449	0
1787115602	XAUUSD	M15	4338.96						4343.29766992	4345.86772220	0
1787116502	XAUUSD	M15	4345.13						4341.03112437	4343.44942328	0
1787117402	XAUUSD	M15	4342.11						4339.33813455	4341.39377892	0
1787118302	XAUUSD	M15	4335.70					4335.08000	4338.58770382	4339.99074137	0
1787119202	XAUUSD	M15	4337.51						4339.20495525	4339.59784831	0
1787120102	XAUUSD	M15	4343.25						4341.20237518	4340.40011174	1
1787121002	XAUUSD	M15	4341.83						4344.25105713	4342.32558444	0
1787121902	XAUUSD	M15	4348.93						4347.97148585	4345.14853514	0
1787122802	XAUUSD	M15	4350.51						4351.66695926	4348.40774720	0
1787123702	XAUUSD	M15	4356.62						4354.82166430	4351.61470575	0
1787124602	XAUUSD	M15	4354.60						4356.96275551	4354.28873063	0
1787125502	XAUUSD	M15	4354.88						4358.05894892	4356.17383978	0
1787126402	XAUUSD	M15	4361.66						4358.29214614	4357.23299296	0
1787127302	XAUUSD	M15	4360.73						4357.86909543	4357.55104419	0
1787128202	XAUUSD	M15	4362.53						4357.33522947	4357.44313683	1
1787129102	XAUUSD	M15	4355.54						4357.13000043	4357.28656863	0
1787130002	XAUUSD	M15	4356.30						4357.79431611	4357.54044237	1
1787130902	XAUUSD	M15	4356.62						4359.34569605	4358.44306921	0
1787131802	XAUUSD	M15	4358.72						4361.55287815	4359.99797368	0
1787132702	XAUUSD	M15	4361.91						4363.92486425	4361.96141897	0
1787133602	XAUUSD	M15	4363.71						4365.85451115	4363.90796506	0
1787134502	XAUUSD	M15	4368.69						4366.87998796	4365.39397651	0
1787135402	XAUUSD	M15	4368.03						4366.73883976	4366.06640813	0
1787136302	XAUUSD	M15	4367.24						4365.71967082	4365.89303948	1
1787137202	XAUUSD	M15	4373.27						4364.56004686	4365.22654317	0
1787138102	XAUUSD	M15	4370.94						4364.10857332	4364.66755824	0
1787139002	XAUUSD	M15	4363.60						4365.62937982	4365.14846903	1
1787139902	XAUUSD	M15	4364.63						4370.40086117	4367.77466510	0
1787140802	XAUUSD	M15	4368.38						4379.09997610	4373.43732060	0
1787141702	XAUUSD	M15	4369.37						4391.73318146	4382.58525103	0
1787142602	XAUUSD	M15	4417.09						4407.68533304	4395.13529204	0
1787143502	XAUUSD	M15	4438.78						4424.64560418	4409.89044811	0
1787144402	XAUUSD	M15	4456.01						4440.76568878	4425.32806844	0
1787145302	XAUUSD	M15	4458.07						4454.59154822	4439.95980833	0
1787146202	XAUUSD	M15	4460.92						4465.53759492	4452.74870163	0
1787147102	XAUUSD	M15	4459.49						4473.52689862	4463.13780012	0
1787148002	XAUUSD	M15	4473.72						4479.02806081	4471.08293046	0
1787148902	XAUUSD	M15	4485.93						4482.41793147	4476.75043097	0
1787149802	XAUUSD	M15	4489.51						4484.24503602	4480.49773349	0
1787150702	XAUUSD	M15	4488.14						4485.28741084	4482.89257217	0
1787151602	XAUUSD	M15	4485.28						4486.29237893	4484.59247555	0
1787152502	XAUUSD	M15	4483.61						4487.77374101	4486.18310828	0
1787153402	XAUUSD	M15	4490.24						4489.85410509	4488.01860669	0
1787154302	XAUUSD	M15	4493.86						4492.08952837	4490.05406753	0
1787155202	XAUUSD	M15	4497.63						4493.96626902	4492.01016827	0
1787156102	XAUUSD	M15	4491.14						4494.95465468	4493.48241147	0
1787157002	XAUUSD	M15	4494.99						4494.94916836	4494.21578992	0
1787157902	XAUUSD	M15	4493.81						4493.80944525	4494.01261758	1
1787158802	XAUUSD	M15	4492.76						4491.75514946	4492.88388352	0
1787159702	XAUUSD	M15	4488.00						4489.25957819	4491.07173086	0
1787160602	XAUUSD	M15	4488.70						4487.01502103	4489.04337594	0
1787161502	XAUUSD	M15	4486.98						4485.54429013	4487.29383304	0
1787162402	XAUUSD	M15	4487.89						4485.32891008	4486.31137156	0
1787163302	XAUUSD	M15	4475.33						4486.58744406	4486.44940781	1
1787164202	XAUUSD	M15	4490.38						4489.62549906	4488.03745343	0
1787165102	XAUUSD	M15	4495.14						4493.77415934	4490.90580639	0
1787166002	XAUUSD	M15	4503.27						4498.52364437	4494.71472538	0
1787166902	XAUUSD	M15	4507.34						4503.28607790	4499.00040164	0
1787167802	XAUUSD	M15	4507.00						4507.67214541	4503.33627353	0
1787168702	XAUUSD	M15	4511.44						4511.54144735	4507.43886044	0
1787169602	XAUUSD	M15	4506.92						4514.75362659	4511.09624351	0
1787170502	XAUUSD	M15	4518.62						4517.36209662	4514.22917007	0
1787171402	XAUUSD	M15	4519.36						4519.09001108	4516.65959057	0
1787172302	XAUUSD	M15	4523.05						4520.02449919	4518.34204488	0
1787176802	XAUUSD	M15	4520.10				4527.47000		4520.26116325	4519.30160407	0
1787177702	XAUUSD	M15	4520.91						4520.08491229	4519.69325818	0
1787178602	XAUUSD	M15	4518.46						4519.64793118	4519.67059468	1
1787179502	XAUUSD	M15	4518.85						4519.05870066	4519.36464767	0
1787180402	XAUUSD	M15	4519.33						4518.29045131	4518.82754949	0
1787181302	XAUUSD	M15	4517.58						4517.26650038	4518.04702494	0
1787182202	XAUUSD	M15	4514.27						4515.93228685	4516.98965590	0
1787183102	XAUUSD	M15	4511.63						4514.26809176	4515.62887383	0
1787184002	XAUUSD	M15	4515.86						4512.22655540	4513.92771461	0
1787184902	XAUUSD	M15	4510.37						4509.58061091	4511.75416276	0
1787185802	XAUUSD	M15	4506.22						4506.46117563	4509.10766920	0
1787186702	XAUUSD	M15	4504.61						4503.06471832	4506.08619376	0
1787187602	XAUUSD	M15	4493.30						4499.63933647	4502.86276511	0
1787188502	XAUUSD	M15	4500.41						4496.69122401	4499.77699456	0
1787189402	XAUUSD	M15	4493.80						4494.23375343	4497.00537400	0
1787190302	XAUUSD	M15	4489.77						4492.56928398	4494.78732899	0
1787191202	XAUUSD	M15	4497.71						4491.85779243	4493.32256071	0
1787192102	XAUUSD	M15	4492.95						4491.81922624	4492.57089347	0
1787193002	XAUUSD	M15	4490.55						4492.41822224	4492.49455786	0
1787193902	XAUUSD	M15	4490.68						4493.44370438	4492.96913112	1
1787194802	XAUUSD	M15	4492.80						4494.59308811	4493.78110961	0
1787195702	XAUUSD	M15	4493.42						4495.45412087	4494.61761524	0
1787196602	XAUUSD	M15	4497.82						4495.72130368	4495.16945946	0
1787197502	XAUUSD	M15	4498.80						4495.10884129	4495.13915038	1
1787198402	XAUUSD	M15	4496.38						4493.58959486	4494.36437262	0
1787199302	XAUUSD	M15	4489.79						4491.43064099	4492.89750681	0
1787200202	XAUUSD	M15	4487.19						4489.11540101	4491.00645391	0
1787201102	XAUUSD	M15	4488.46						4487.06478731	4489.03562061	0
1787202002	XAUUSD	M15	4485.39						4485.51400591	4487.27481326	0
1787202902	XAUUSD	M15	4483.32						4484.71417373	4485.99449350	0
1787203802	XAUUSD	M15	4480.77						4484.76313389	4485.37881369	0
1787204702	XAUUSD	M15	4481.29					4477.88000	4485.66906765	4485.52394067	1
1787205602	XAUUSD	M15	4492.75						4487.22243276	4486.37318672	0
1787206502	XAUUSD	M15	4494.04						4488.83110366	4487.60214519	0
1787207402	XAUUSD	M15	4492.56						4490.21685772	4488.90950145	0
1787208302	XAUUSD	M15	4493.86						4491.22705843	4490.06827994	0
1787209202	XAUUSD	M15	4487.92						4491.72776574	4490.89802284	0
1787210102	XAUUSD	M15	4484.05						4491.86297158	4491.38049721	0
1787211002	XAUUSD	M15	4491.22						4491.76898998	4491.57474359	0
1787211902	XAUUSD	M15	4490.92						4491.32603957	4491.45039158	1
1787212802	XAUUSD	M15	4494.47						4490.71286724	4491.08162941	0
1787213702	XAUUSD	M15	4491.51						4490.06461156	4490.57312048	0
1787214602	XAUUSD	M15	4490.64						4489.59422384	4490.08367216	0
1787215502	XAUUSD	M15	4489.37						4489.45471169	4489.76919192	0
1787216402	XAUUSD	M15	4492.37						4489.66580772	4489.71749982	0
1787217302	XAUUSD	M15	4490.09						4490.06591673	4489.89170827	1
1787218202	XAUUSD	M15	4489.24						4490.55307229	4490.22239028	0
1787219102	XAUUSD	M15	4482.68						4490.92331995	4490.57285512	0
1787220002	XAUUSD	M15	4490.44						4491.10915471	4490.84100491	0
1787220902	XAUUSD	M15	4493.88						4490.65945632	4490.75023062	1
1787221802	XAUUSD	M15	4491.14						4489.28739436	4490.01881249	0
1787222702	XAUUSD	M15	4490.00						4486.97656255	4488.49768752	0
1787223602	XAUUSD	M15	4484.99						4483.75118765	4486.12443759	0
1787224502	XAUUSD	M15	4484.20						4479.85747340	4482.99095549	0
1787225402	XAUUSD	M15	4474.72						4475.55754649	4479.27425099	0
1787226302	XAUUSD	M15	4467.02						4471.43457924	4475.35441511	0
1787227202	XAUUSD	M15	4462.42					4450.57000	4468.08783125	4471.72112318	0
1787228102	XAUUSD	M15	4459.28						4465.97787965	4468.84950141	0
1787229002	XAUUSD	M15	4466.69						4465.43526332	4467.14238237	0
1787229902	XAUUSD	M15	4474.77						4466.44158268	4466.79198253	0
1787230802	XAUUSD	M15	4473.03						4468.88057477	4467.83627865	1
1787231702	XAUUSD	M15	4471.90						4472.84310282	4470.33969074	0
1787232602	XAUUSD	M15	4486.58						4478.31403753	4474.32686413	0
1787233502	XAUUSD	M15	4481.60						4484.75386211	4479.54036312	0
1787234402	XAUUSD	M15	4485.03						4492.05219587	4485.79627949	0
1787235302	XAUUSD	M15	4491.64						4499.76734208	4492.78181079	0
1787236202	XAUUSD	M15	4499.18						4507.26114279	4500.02147679	0
1787237102	XAUUSD	M15	4516.02						4513.82908127	4506.92527903	0
1787238002	XAUUSD	M15	4534.50						4518.60746791	4512.76637347	0
1787238902	XAUUSD	M15	4532.44				4540.83000		4520.87489988	4516.82063668	0
1787239802	XAUUSD	M15	4511.54						4520.77791823	4518.79927745	0
1787240702	XAUUSD	M15	4521.56						4519.26201040	4519.03064393	0
1787241602	XAUUSD	M15	4511.21						4516.64923328	4517.83993860	1
1787242502	XAUUSD	M15	4509.39						4513.84261736	4515.84127798	0
1787243402	XAUUSD	M15	4509.24						4511.48080983	4513.66104390	0
1787244302	XAUUSD	M15	4510.04						4509.98145819	4511.82125105	0
1787245202	XAUUSD	M15	4509.51						4509.57621275	4510.69873190	0
1787246102	XAUUSD	M15	4513.01						4510.37547487	4510.53710338	0
1787247002	XAUUSD	M15	4518.26						4512.20166799	4511.36938569	1
1787247902	XAUUSD	M15	4519.86						4514.68528880	4513.02733724	0
1787248802	XAUUSD	M15	4510.96						4517.44278593	4515.23506159	0
1787249702	XAUUSD	M15	4518.94						4520.33245343	4517.78375751	0
1787250602	XAUUSD	M15	4520.21						4522.81082947	4520.29729349	0
1787251502	XAUUSD	M15	4521.99						4524.58253390	4522.43991369	0
1787252402	XAUUSD	M15	4527.52						4525.45954680	4523.94973025	0
1787253302	XAUUSD	M15	4522.80						4525.33068211	4524.64020618	0
1787254202	XAUUSD	M15	4526.40						4524.49496896	4524.56758757	1
1787255102	XAUUSD	M15	4528.79						4523.15663652	4523.86211205	0
1787256002	XAUUSD	M15	4522.42						4521.61075279	4522.73643242	0
1787256902	XAUUSD	M15	4520.79						4520.38029192	4521.55836217	0
1787257802	XAUUSD	M15	4518.31						4519.76913947	4520.66375082	0
1787258702	XAUUSD	M15	4519.31						4519.97229797	4520.31802439	0
1787263202	XAUUSD	M15	4518.46						4520.91642811	4520.61722625	1
1787264102	XAUUSD	M15	4519.41						4522.34441736	4521.48082181	0
1787265002	XAUUSD	M15	4522.65						4523.89832887	4522.68957534	0
1787265902	XAUUSD	M15	4524.20						4525.15469612	4523.92213573	0
1787266802	XAUUSD	M15	4531.78						4525.76417345	4524.84315459	0
1787267702	XAUUSD	M15	4527.01						4525.35928152	4525.10121806	0
1787268602	XAUUSD	M15	4524.64						4524.08405497	4524.59263651	1
1787269502	XAUUSD	M15	4526.30						4522.20356883	4523.39810267	0
1787270402	XAUUSD	M15	4518.46						4520.06303713	4521.73056990	0
1787271302	XAUUSD	M15	4514.95						4518.34196659	4520.03626825	0
1787272202	XAUUSD	M15	4513.73						4517.48480139	4518.76053482	0
1787273102	XAUUSD	M15	4510.56						4517.74679760	4518.25366621	0
1787274002	XAUUSD	M15	4520.74					4508.89000	4519.18450668	4518.71908644	1
1787274902	XAUUSD	M15	4529.36						4521.34492474	4520.03200559	0
1787275802	XAUUSD	M15	4525.94						4523.72606559	4521.87903559	0
1787276702	XAUUSD	M15	4530.72						4526.12778077	4524.00340818	0
1787277602	XAUUSD	M15	4521.01						4528.26082416	4526.13211617	0
1787278502	XAUUSD	M15	4527.35						4530.25214573	4528.19213095	0
1787279402	XAUUSD	M15	4537.89						4531.89171803	4530.04192449	0
1787280302	XAUUSD	M15	4533.78						4532.96503882	4531.50348165	0
1787281202	XAUUSD	M15	4532.50						4533.66751476	4532.58549821	0
1787282102	XAUUSD	M15	4529.60						4534.19955979	4533.39252900	0
1787283002	XAUUSD	M15	4529.25						4534.81898142	4534.10575521	0
1787283902	XAUUSD	M15	4535.52						4535.64841824	4534.87708672	0
1787284802	XAUUSD	M15	4539.92						4536.58712731	4535.73210702	0
1787285702	XAUUSD	M15	4546.76						4537.55601346	4536.64406024	0
1787286602	XAUUSD	M15	4541.65						4538.43331871	4537.53868947	0
1787287502	XAUUSD	M15	4540.56						4539.47395267	4538.50632107	0
1787288402	XAUUSD	M15	4537.27						4540.84257903	4539.67445005	0
1787289302	XAUUSD	M15	4530.60						4542.73589012	4541.20517009	0
1787290202	XAUUSD	M15	4543.39						4545.31730798	4543.26123904	0
1787291102	XAUUSD	M15	4553.45						4548.15839309	4545.70981606	0
1787292002	XAUUSD	M15	4548.86						4550.89942908	4548.30462257	0
1787292902	XAUUSD	M15	4555.43						4553.60460912	4550.95461585	0
1787293802	XAUUSD	M15	4562.56						4556.14535240	4553.54998412	0
1787294702	XAUUSD	M15	4560.86						4558.42407464	4555.98702938	0
1787295602	XAUUSD	M15	4561.45						4560.68083873	4558.33393406	0
1787296502	XAUUSD	M15	4561.77						4563.18980524	4560.76186965	0
1787297402	XAUUSD	M15	4564.27						4566.10518344	4563.43352654	0
1787298302	XAUUSD	M15	4564.27						4569.43962089	4566.43657372	0
1787299202	XAUUSD	M15	4565.54						4573.12124887	4569.77891130	0
1787300102	XAUUSD	M15	4579.29						4576.92336572	4573.35113851	0
1787301002	XAUUSD	M15	4582.53						4580.25205004	4576.80159427	0
1787301902	XAUUSD	M15	4584.24						4582.82817577	4579.81488502	0
1787302802	XAUUSD	M15	4599.19						4584.55361416	4582.18424959	0
1787303702	XAUUSD	M15	4582.24						4585.18691205	4583.68558082	0
1787304602	XAUUSD	M15	4583.21						4585.48000492	4584.58279287	0
1787305502	XAUUSD	M15	4582.72						4585.83841422	4585.21060355	0
1787306402	XAUUSD	M15	4578.79						4586.59068033	4585.90064194	0
1787307302	XAUUSD	M15	4588.57						4587.97503165	4586.93783680	0
1787308202	XAUUSD	M15	4593.26						4589.68903845	4588.31343762	0
1787309102	XAUUSD	M15	4588.42						4591.38621041	4589.84982402	0
1787310002	XAUUSD	M15	4590.58						4592.88235599	4591.36609000	0
1787310902	XAUUSD	M15	4598.52						4593.79441770	4592.58025385	0
1787311802	XAUUSD	M15	4597.30						4593.63008532	4593.10516958	0
1787312702	XAUUSD	M15	4597.00						4592.32712452	4592.71614705	1
1787313602	XAUUSD	M15	4592.83						4590.02731187	4591.37172946	0
1787314502	XAUUSD	M15	4584.82						4587.19043184	4589.28108065	0
1787315402	XAUUSD	M15	4573.67					4563.58000	4584.48765156	4586.88436610	0
1787316302	XAUUSD	M15	4578.03						4582.65033229	4584.76734920	0
1787317202	XAUUSD	M15	4584.71						4581.87281209	4583.32008064	0
1787318102	XAUUSD	M15	4584.13						4582.04763694	4582.68385879	0
1787319002	XAUUSD	M15	4587.54						4583.10883620	4582.89634750	1
1787319902	XAUUSD	M15	4581.04						4584.80625029	4583.85129889	0
1787320802	XAUUSD	M15	4589.57						4587.14610142	4585.49870016	0
1787321702	XAUUSD	M15	4603.14						4589.78332402	4587.64101209	0
1787322602	XAUUSD	M15	4582.40						4592.36115285	4590.00108247	0
1787323502	XAUUSD	M15	4591.56						4595.49783253	4592.74945750	0
1787324402	XAUUSD	M15	4595.16						4599.04471355	4595.89708553	0
1787325302	XAUUSD	M15	4602.90						4602.97617395	4599.43662974	0
1787326202	XAUUSD	M15	4609.52						4607.05952210	4603.24807592	0
1787327102	XAUUSD	M15	4614.54						4611.04153436	4607.14480514	0
1787328002	XAUUSD	M15	4614.50						4614.73300498	4610.93890506	0
1787328902	XAUUSD	M15	4614.05						4618.00146635	4614.47018570	0
1787329802	XAUUSD	M15	4621.57						4620.69985769	4617.58502169	0
1787330702	XAUUSD	M15	4628.85						4622.52940340	4620.05721255	0
1787331602	XAUUSD	M15	4623.34				4631.98000		4623.39219709	4621.72470482	0
1787332502	XAUUSD	M15	4622.16						4623.58716790	4622.65593636	0
1787333402	XAUUSD	M15	4619.52						4623.36507365	4623.01050501	0
1787334302	XAUUSD	M15	4620.54						4623.03005264	4623.02027882	0
1787335202	XAUUSD	M15	4624.13						4622.73774659	4622.87901270	1
1787336102	XAUUSD	M15	4625.17						4622.52479754	4622.70190512	0
1787337002	XAUUSD	M15	4620.88						4622.33379673	4622.51785093	0
1787337902	XAUUSD	M15	4624.34						4622.13147346	4622.32466219	0
1787338802	XAUUSD	M15	4622.74						4621.56713032	4621.94589626	0
1787339702	XAUUSD	M15	4618.10						4620.47187516	4621.20888571	0
1787340602	XAUUSD	M15	4618.06						4618.85398380	4620.03143476	0
1787341502	XAUUSD	M15	4616.92						4616.75373011	4618.39258243	0
1787342402	XAUUSD	M15	4616.85						4614.38307148	4616.38782696	0
1787343302	XAUUSD	M15	4610.87						4612.04812742	4614.21797719	0
1787344202	XAUUSD	M15	4607.97						4610.20150051	4612.20973885	0
1787345102	XAUUSD	M15	4603.89						4609.13456120	4610.67215002	0
1787522402	XAUUSD	M15	4617.50						4609.06738228	4609.86976615	0
1787523302	XAUUSD	M15	4614.29						4609.58792957	4609.72884786	0
1787524202	XAUUSD	M15	4611.00						4610.60305122	4610.16594954	1
1787525102	XAUUSD	M15	4606.20						4611.92400311	4611.04497632	0
1787526002	XAUUSD	M15	4607.53						4613.40668303	4612.22582968	0
1787526902	XAUUSD	M15	4615.15						4614.81083940	4613.51833454	0
1787527802	XAUUSD	M15	4608.37						4615.74149275	4614.62991365	0
1787528702	XAUUSD	M15	4624.17						4616.33777160	4615.48384262	0
1787529602	XAUUSD	M15	4637.28						4616.32066258	4615.90225260	0
1787530502	XAUUSD	M15	4604.95					4594.67000	4615.69902121	4615.80063691	1
1787531402	XAUUSD	M15	4607.16						4615.79387632	4615.79725661	0
1787532302	XAUUSD	M15	4621.65						4617.03333095	4616.41529378	1
1787533202	XAUUSD	M15	4622.13						4619.35563935	4617.88546657	0
1787534102	XAUUSD	M15	4614.73						4622.78808990	4620.33677823	0
1787535002	XAUUSD	M15	4618.37						4627.38052769	4623.85865296	0
1787535902	XAUUSD	M15	4632.11						4632.66898868	4628.26382082	0
1787536802	XAUUSD	M15	4650.28						4637.78740941	4633.02561512	0
1787537702	XAUUSD	M15	4655.38						4641.75631210	4637.39096361	0
1787538602	XAUUSD	M15	4637.58						4644.11317543	4640.75206952	0
1787539502	XAUUSD	M15	4643.66						4645.24384581	4642.99795766	0
1787540402	XAUUSD	M15	4637.15						4645.13784951	4644.06790359	0
1787541302	XAUUSD	M15	4643.82						4644.24100021	4644.15445190	0
1787542202	XAUUSD	M15	4642.94	4669.10223	4716.26610	4579.13333			4642.71414873	4643.43430031	1
1787543102	XAUUSD	M15	4641.66	4668.85552	4716.01940	4578.88663			4640.94235393	4642.18832712	0
1787544002	XAUUSD	M15	4638.64	4668.60882	4715.77270	4578.63993			4639.28899088	4640.73865900	0
1787544902	XAUUSD	M15	4640.62	4668.36212	4715.52600	4578.39323			4638.07414067	4639.40639984	0
1787545802	XAUUSD	M15	4638.18	4668.11542	4715.27930	4578.14653			4637.43255883	4638.41947933	0
1787546702	XAUUSD	M15	4638.97	4667.86872	4715.03260	4577.89983			4637.51144357	4637.96546145	0
1787547602	XAUUSD	M15	4643.54	4667.62202	4714.78590	4577.65313			4638.27042631	4638.11794388	1
1787548502	XAUUSD	M15	4636.12	4667.37532	4714.53920	4577.40642			4639.48414239	4638.80104314	0
1787549402	XAUUSD	M15	4633.57	4667.12862	4714.29249	4577.15972			4641.14537633	4639.97320973	0
1787550302	XAUUSD	M15	4640.67	4666.88191	4714.04579	4576.91302			4643.00565033	4641.48943003	0
1787551202	XAUUSD	M15	4652.19	4666.63521	4713.79909	4576.66632			4644.61579986	4643.05261495	0
1787552102	XAUUSD	M15	4642.63	4666.38851	4713.55239	4576.41962	4659.72000		4645.48658100	4644.26959798	0
1787553002	XAUUSD	M15	4642.82	4666.14181	4713.30569	4576.17292			4645.74246461	4645.00603129	0
1787553902	XAUUSD	M15	4649.95	4665.89511	4713.05899	4575.92622			4645.35012273	4645.17807701	0
1787554802	XAUUSD	M15	4648.14	4665.64841	4712.81229	4575.67951			4644.17378327	4644.67593014	1
1787555702	XAUUSD	M15	4642.73	4665.40171	4712.56559	4575.43281			4642.45891016	4643.56742015	0
1787556602	XAUUSD	M15	4634.85	4665.15501	4712.31888	4575.18611			4640.58205830	4642.07473923	0
1787557502	XAUUSD	M15	4641.51	4664.90830	4712.07218	4574.93941			4638.99362210	4640.53418067	0
1787558402	XAUUSD	M15	4637.63	4664.66160	4711.82548	4574.69271			4637.81822595	4639.17620331	0
1787559302	XAUUSD	M15	4629.65	4664.41490	4711.57878	4574.44601			4637.32988360	4638.25304345	0
1787560202	XAUUSD	M15	4645.24	4664.16820	4711.33208	4574.19931		4628.93000	4637.73169001	4637.99236673	0
1787561102	XAUUSD	M15	4638.13	4663.92150	4711.08538	4573.95261			4638.46731926	4638.22984300	1
1787562002	XAUUSD	M15	4641.88	4663.67480	4710.83868	4573.70590			4639.53681125	4638.88332712	0
1787562902	XAUUSD	M15	4635.87	4663.42810	4710.59197	4573.45920			4640.63968384	4639.76150548	0
1787563802	XAUUSD	M15	4639.21	4663.18139	4710.34527	4573.21250			4641.77002494	4640.76576521	0
1787564702	XAUUSD	M15	4645.83	4662.93469	4710.09857	4572.96580			4642.69690096	4641.73133308	0
1787565602	XAUUSD	M15	4648.11	4662.68799	4709.85187	4572.71910			4643.28819262	4642.50976285	0
1787566502	XAUUSD	M15	4643.23	4662.44129	4709.60517	4572.47240			4643.68356806	4643.09666545	0
1787567402	XAUUSD	M15	4644.17	4662.19459	4709.35847	4572.22570			4644.26162888	4643.67914717	0
1787568302	XAUUSD	M15	4643.31	4661.94789	4709.11177	4571.97900			4645.28378119	4644.48146418	0
1787569202	XAUUSD	M15	4642.16	4661.70119	4708.86507	4571.73229			4646.93571964	4645.70859191	0
1787570102	XAUUSD	M15	4646.32	4661.45449	4708.61836	4571.48559			4649.33182970	4647.52021081	0
1787571002	XAUUSD	M15	4658.83	4661.20778	4708.37166	4571.23889			4652.29447380	4649.90734230	0
1787571902	XAUUSD	M15	4657.93	4660.96108	4708.12496	4570.99219			4655.33676063	4652.62205147	0
1787572802	XAUUSD	M15	4657.26	4660.71438	4707.87826	4570.74549			4658.27742717	4655.44973932	0
1787573702	XAUUSD	M15	4661.74	4660.46768	4707.63156	4570.49879			4660.96753805	4658.20863868	0
1787574602	XAUUSD	M15	4657.41	4660.22098	4707.38486	4570.25209			4663.20304594	4660.70584231	0
1787575502	XAUUSD	M15	4662.86	4659.97428	4707.13816	4570.00538			4665.08818822	4662.89701526	0
1787576402	XAUUSD	M15	4677.27	4659.72758	4706.89145	4569.75868			4666.56358693	4664.73030110	0
1787577302	XAUUSD	M15	4672.27	4659.48088	4706.64475	4569.51198			4667.38354219	4666.05692165	0
1787578202	XAUUSD	M15	4658.95	4659.23417	4706.39805	4569.26528	4680.85000		4667.83239258	4666.94465711	0
1787579102	XAUUSD	M15	4664.69	4658.98747	4706.15135	4569.01858			4668.38543406	4667.66504558	0
1787580002	XAUUSD	M15	4665.66	4658.74077	4705.90465	4568.77188			4668.99241145	4668.32872852	0
1787580902	XAUUSD	M15	4671.60	4658.49407	4705.65795	4568.52518			4669.58033448	4668.95453150	0
1787581802	XAUUSD	M15	4672.03	4658.24737	4705.41125	4568.27848			4669.83977788	4669.39715469	0
1787582702	XAUUSD	M15	4670.31	4658.00067	4705.16455	4568.03177			4669.59879372	4669.49797421	0
1787583602	XAUUSD	M15	4672.82	4657.75397	4704.91784	4567.78507			4668.78421862	4669.14109642	1
1787584502	XAUUSD	M15	4675.87	4657.50726	4704.67114	4567.53837			4667.24320736	4668.19215189	0
1787585402	XAUUSD	M15	4660.86	4657.26056	4704.42444	4567.29167			4664.86087416	4666.52651302	0
1787586302	XAUUSD	M15	4649.27	4657.01386	4704.17774	4567.04497			4662.06919581	4664.29785442	0
1787587202	XAUUSD	M15	4657.31	4656.76716	4703.93104	4566.79827			4659.25541983	4661.77663712	0
1787588102	XAUUSD	M15	4658.82	4656.52046	4703.68434	4566.55157			4656.15491897	4658.96577805	0
1787589002	XAUUSD	M15	4659.78	4656.27376	4703.43764	4566.30487			4652.74032098	4655.85304951	0
1787589902	XAUUSD	M15	4645.02	4656.02706	4703.19094	4566.05816			4649.01310605	4652.43307778	0
1787590802	XAUUSD	M15	4651.74	4655.78036	4702.94423	4565.81146			4645.45375680	4648.94341729	0
1787591702	XAUUSD	M15	4638.53	4655.53365	4702.69753	4565.56476			4641.98254274	4645.46298002	0
1787592602	XAUUSD	M15	4638.66	4655.28695	4702.45083	4565.31806			4639.08503937	4642.27400969	0
1787593502	XAUUSD	M15	4636.86	4655.04025	4702.20413	4565.07136			4636.91781332	4639.59591151	0
1787594402	XAUUSD	M15	4632.03	4654.79355	4701.95743	4564.82466		4625.26000	4635.61530682	4637.60560916	0
1787595302	XAUUSD	M15	4640.31	4654.54685	4701.71073	4564.57796			4635.40541521	4636.50551218	0
1787596202	XAUUSD	M15	4634.95	4654.30015	4701.46403	4564.33125			4636.06075204	4636.28313211	0
1787597102	XAUUSD	M15	4636.55	4654.05345	4701.21732	4564.08455			4637.61764865	4636.95039038	1
1787598002	XAUUSD	M15	4636.33	4653.80675	4700.97062	4563.83785			4639.85086582	4638.40062810	0
1787598902	XAUUSD	M15	4641.44	4653.56004	4700.72392	4563.59115			4642.52761401	4640.46412106	0
1787599802	XAUUSD	M15	4650.01	4653.31334	4700.47722	4563.34445			4645.27869618	4642.87140862	0
1787600702	XAUUSD	M15	4651.74	4653.06664	4700.23052	4563.09775			4647.68218555	4645.27679708	0
1787601602	XAUUSD	M15	4650.39	4652.81994	4699.98382	4562.85105			4649.61746317	4647.44713013	0
1787602502	XAUUSD	M15	4649.24	4652.57324	4699.73712	4562.60435			4651.18889390	4649.31801201	0
1787603402	XAUUSD	M15	4647.76	4652.32654	4699.49042	4562.35764			4652.58225427	4650.95013314	0
1787604302	XAUUSD	M15	4651.30	4652.07984	4699.24371	4562.11094			4654.03406241	4652.49209777	0
1787608802	XAUUSD	M15	4658.78	4651.83313	4698.99701	4561.86424			4655.75891754	4654.12550766	0
1787609702	XAUUSD	M15	4657.83	4651.58643	4698.75031	4561.61754			4657.93472050	4656.03011408	0
1787610602	XAUUSD	M15	4661.57	4651.33973	4698.50361	4561.37084			4660.85279264	4658.44145336	0
1787611502	XAUUSD	M15	4667.79	4651.09303	4698.25691	4561.12414			4664.57256848	4661.50701092	0
1787612402	XAUUSD	M15	4672.12	4650.84633	4698.01021	4560.87744			4668.93167076	4665.21934084	0
1787613302	XAUUSD	M15	4669.22	4650.59963	4697.76351	4560.63074			4673.66687265	4669.44310674	0
1787614202	XAUUSD	M15	4676.43	4650.35293	4697.51681	4560.38403			4678.55145643	4673.99728159	0
1787615102	XAUUSD	M15	4679.89	4650.10623	4697.27010	4560.13733			4682.91826881	4678.45777520	0
1787616002	XAUUSD	M15	4690.46	4649.85952	4697.02340	4559.89063			4686.14207717	4682.29992619	0
1787616902	XAUUSD	M15	4682.28	4649.61282	4696.77670	4559.64393			4687.49030906	4684.89511762	0
1787617802	XAUUSD	M15	4693.41	4649.36612	4696.53000	4559.39723	4696.53000		4686.89197562	4685.89354662	0
1787618702	XAUUSD	M15	4684.21	4649.11942	4696.28330	4559.15053			4683.92615680	4684.90985171	1
1787619602	XAUUSD	M15	4678.36	4648.87272	4696.03660	4558.90383			4678.93532167	4681.92258669	0
1787620502	XAUUSD	M15	4669.64	4648.62602	4695.78990	4558.65712			4672.41506838	4677.16882754	0
1787621402	XAUUSD	M15	4670.72	4648.37932	4695.54319	4558.41042			4665.10248452	4671.13565603	0
1787622302	XAUUSD	M15	4658.07	4648.13262	4695.29649	4558.16372			4657.47375970	4664.30470786	0
1787623202	XAUUSD	M15	4641.96	4647.88591	4695.04979	4557.91702			4650.35640690	4657.33055738	0
1787624102	XAUUSD	M15	4656.55	4647.63921	4694.80309	4557.67032			4644.45889754	4650.89472746	0
1787625002	XAUUSD	M15	4631.50	4647.39251	4694.55639	4557.42362			4639.51979272	4645.20726009	0
1787625902	XAUUSD	M15	4629.55	4647.14581	4694.30969	4557.17692		4618.34000	4636.13001027	4640.66863518	0
1787626802	XAUUSD	M15	4633.67	4646.89911	4694.06299	4556.93022			4634.08622400	4637.37742959	0
1787627702	XAUUSD	M15	4637.85	4646.65241	4693.81629	4556.68351			4632.92733725	4635.15238342	0
1787628602	XAUUSD	M15	4634.46	4646.40571	4693.56958	4556.43681			4632.20209093	4633.67723718	0
1787629502	XAUUSD	M15	4633.72	4646.15900	4693.32288	4556.19011			4631.78078877	4632.72901297	0
1787630402	XAUUSD	M15	4637.16	4645.91230	4693.07618	4555.94341			4631.62205912	4632.17553605	0
1787631302	XAUUSD	M15	4630.78	4645.66560	4692.82948	4555.69671			4631.71298741	4631.94426173	0
1787632202	XAUUSD	M15	4625.98	4645.41890	4692.58278	4555.45001			4632.39435818	4632.16930995	1
1787633102	XAUUSD	M15	4625.94	4645.17220	4692.33608	4555.20331			4633.95734441	4633.06332718	0
1787634002	XAUUSD	M15	4637.91	4644.92550	4692.08938	4554.95660			4636.42247514	4634.74290116	0
1787634902	XAUUSD	M15	4646.47	4644.67880	4691.84268	4554.70990			4639.30236067	4637.02263092	0
1787635802	XAUUSD	M15	4639.11	4644.43210	4691.59597	4554.46320			4642.04650105	4639.53456598	0
1787636702	XAUUSD	M15	4643.04	4644.18539	4691.34927	4554.21650			4644.48734726	4642.01095662	0
1787637602	XAUUSD	M15	4649.55	4643.93869	4691.10257	4553.96980			4646.16829809	4644.08962735	0
1787638502	XAUUSD	M15	4650.02	4643.69199	4690.85587	4553.72310			4646.60199246	4645.34580991	0
1787639402	XAUUSD	M15	4648.10	4643.44529	4690.60917	4553.47640			4645.63550612	4645.49065802	0
1787640302	XAUUSD	M15	4638.24	4643.19859	4690.36247	4553.22970			4643.41735400	4644.45400601	1
1787641202	XAUUSD	M15	4639.60	4642.95189	4690.11577	4552.98299			4640.53090776	4642.49245688	0
1787642102	XAUUSD	M15	4634.54	4642.70519	4689.86906	4552.73629			4637.33294510	4639.91270099	0
1787643002	XAUUSD	M15	4639.22	4642.45848	4689.62236	4552.48959			4634.39104970	4637.15187535	0
1787643902	XAUUSD	M15	4630.16	4642.21178	4689.37566	4552.24289			4631.92418995	4634.53803265	0
1787644802	XAUUSD	M15	4626.50	4641.96508	4689.12896	4551.99619		4620.12000	4630.37626171	4632.45714718	0
1787645702	XAUUSD	M15	4633.12	4641.71838	4688.88226	4551.74949			4629.80010290	4631.12862504	0
1787646602	XAUUSD	M15	4632.13	4641.47168	4688.63556	4551.50279			4629.89531609	4630.51197056	0
1787647502	XAUUSD	M15	4630.31	4641.22498	4688.38886	4551.25609			4630.46795863	4630.48996460	0
1787648402	XAUUSD	M15	4630.59	4640.97828	4688.14216	4551.00938			4631.32422464	4630.90709462	1
1787649302	XAUUSD	M15	4626.31	4640.73158	4687.89545	4550.76268			4632.23609987	4631.57159724	0
1787650202	XAUUSD	M15	4637.06	4640.48487	4687.64875	4550.51598			4633.23050077	4632.40104901	0
1787651102	XAUUSD	M15	4636.33	4640.23817	4687.40205	4550.26928			4634.07997141	4633.24051021	0
1787652002	XAUUSD	M15	4635.45	4639.99147	4687.15535	4550.02258			4634.89510383	4634.06780702	0
1787652902	XAUUSD	M15	4633.72	4639.74477	4686.90865	4549.77588			4635.91644485	4634.99212593	0
1787653802	XAUUSD	M15	4637.59	4639.49807	4686.66195	4549.52918			4637.32628226	4636.15920410	0
1787654702	XAUUSD	M15	4639.46	4639.25137	4686.41525	4549.28247			4639.03192948	4637.59556679	0
1787655602	XAUUSD	M15	4642.83	4639.00467	4686.16855	4549.03577			4640.82257936	4639.20907307	0
1787656502	XAUUSD	M15	4641.53	4638.75797	4685.92184	4548.78907			4642.32083290	4640.76495299	0
1787657402	XAUUSD	M15	4640.57	4638.51126	4685.67514	4548.54237			4643.16197804	4641.96346551	0
1787658302	XAUUSD	M15	4642.37	4638.26456	4685.42844	4548.29567			4642.95259222	4642.45802887	0
1787659202	XAUUSD	M15	4639.28	4638.01786	4685.18174	4548.04897			4641.36628796	4641.91215841	1
1787660102	XAUUSD	M15	4637.38	4637.77116	4684.93504	4547.80227			4638.39498447	4640.15357144	0
1787661002	XAUUSD	M15	4638.41	4637.52446	4684.68834	4547.55557			4634.23339255	4637.19348199	0
1787661902	XAUUSD	M15	4640.77	4637.27776	4684.44164	4547.30886			4629.24701684	4633.22024942	0
1787662802	XAUUSD	M15	4623.31	4637.03106	4684.19493	4547.06216			4624.01295359	4628.61660151	0
1787663702	XAUUSD	M15	4609.59	4636.78435	4683.94823	4546.81546			4619.76866260	4624.19263205	0
1787664602	XAUUSD	M15	4612.82	4636.53765	4683.70153	4546.56876			4617.54523116	4620.86893161	0
1787665502	XAUUSD	M15	4616.50	4636.29095	4683.45483	4546.32206		4605.22000	4617.62773101	4619.24833131	0
1787666402	XAUUSD	M15	4622.76	4636.04425	4683.20813	4546.07536			4619.95875746	4619.60354438	1
1787667302	XAUUSD	M15	4623.72	4635.79755	4682.96143	4545.82866			4624.09225940	4621.84790189	0
1787668202	XAUUSD	M15	4637.27	4635.55085	4682.71473	4545.58196			4629.48312070	4625.66551130	0
1787669102	XAUUSD	M15	4635.54	4635.30415	4682.46803	4545.33525			4635.10943168	4630.38747149	0
1787670002	XAUUSD	M15	4633.24	4635.05745	4682.22132	4545.08855			4640.35731341	4635.37239245	0
1787670902	XAUUSD	M15	4639.83	4634.81074	4681.97462	4544.84185			4644.70144470	4640.03691857	0
1787671802	XAUUSD	M15	4656.11	4634.56404	4681.72792	4544.59515			4647.57678326	4643.80685092	0
1787672702	XAUUSD	M15	4652.66	4634.31734	4681.48122	4544.34845			4648.42467774	4646.11576433	0
1787673602	XAUUSD	M15	4644.79	4634.07064	4681.23452	4544.10175			4647.50933146	4646.81254789	0
1787674502	XAUUSD	M15	4640.66	4633.82394	4680.98782	4543.85505			4645.52060101	4646.16657445	1
1787675402	XAUUSD	M15	4643.96	4633.57724	4680.74112	4543.60834			4643.18828790	4644.67743117	0
1787676302	XAUUSD	M15	4643.28	4633.33054	4680.49441	4543.36164			4641.05518051	4642.86630584	0
1787677202	XAUUSD	M15	4637.85	4633.08384	4680.24771	4543.11494			4639.70696868	4641.28663726	0
1787678102	XAUUSD	M15	4637.09	4632.83713	4680.00101	4542.86824			4639.63915571	4640.46289648	0
1787679002	XAUUSD	M15	4642.90	4632.59043	4679.75431	4542.62154			4640.98426800	4640.72358224	1
1787679902	XAUUSD	M15	4648.39	4632.34373	4679.50761	4542.37484			4643.48585636	4642.10471930	0
1787680802	XAUUSD	M15	4647.15	4632.09703	4679.26091	4542.12814			4646.73761012	4644.42116471	0
1787681702	XAUUSD	M15	4649.95	4631.85033	4679.01421	4541.88144			4650.39184309	4647.40650390	0
1787682602	XAUUSD	M15	4649.33	4631.60363	4678.76751	4541.63473			4654.02241260	4650.71445825	0
1787683502	XAUUSD	M15	4654.55	4631.35693	4678.52080	4541.38803			4657.33499042	4654.02472433	0
1787684402	XAUUSD	M15	4662.11	4631.11022	4678.27410	4541.14133			4659.96343826	4656.99408130	0
1787685302	XAUUSD	M15	4660.93	4630.86352	4678.02740	4540.89463			4661.64252726	4659.31830428	0
1787686202	XAUUSD	M15	4662.15	4630.61682	4677.78070	4540.64793			4662.50060517	4660.90945473	0
1787687102	XAUUSD	M15	4666.93	4630.37012	4677.53400	4540.40123			4662.76353792	4661.83649632	0
1787688002	XAUUSD	M15	4666.01	4630.12342	4677.28730	4540.15453			4662.66181120	4662.24915376	0
1787688902	XAUUSD	M15	4662.49	4629.87672	4677.04060	4539.90783			4662.59677654	4662.42296515	0
1787689802	XAUUSD	M15	4661.49	4629.63002	4676.79390	4539.66112			4662.96106302	4662.69201408	0
1787690702	XAUUSD	M15	4658.74	4629.38332	4676.54719	4539.41442			4663.94187617	4663.31694513	0
1787695202	XAUUSD	M15	4664.52	4629.13661	4676.30049	4539.16772			4665.52324152	4664.42009333	0
1787696102	XAUUSD	M15	4666.76	4628.88991	4676.05379	4538.92102			4667.19122476	4665.80565904	0
1787697002	XAUUSD	M15	4669.96	4628.64321	4675.80709	4538.67432			4668.34334005	4667.07449955	0
1787697902	XAUUSD	M15	4672.46	4628.39651	4675.56039	4538.42762	4673.68000		4668.34099537	4667.70774746	0
1787698802	XAUUSD	M15	4668.05	4628.14981	4675.31369	4538.18092			4666.73648887	4667.22211816	1
1787699702	XAUUSD	M15	4661.07	4627.90311	4675.06699	4537.93421			4663.47175414	4665.34693615	0
1787700602	XAUUSD	M15	4656.17	4627.65641	4674.82028	4537.68751			4658.92032960	4662.13363287	0
1787701502	XAUUSD	M15	4654.92	4627.40971	4674.57358	4537.44081			4653.68852840	4657.91108064	0
1787702402	XAUUSD	M15	4651.38	4627.16300	4674.32688	4537.19411			4648.46683423	4653.18895743	0
1787703302	XAUUSD	M15	4646.71	4626.91630	4674.08018	4536.94741			4644.02819332	4648.60857537	0
1787704202	XAUUSD	M15	4637.07	4626.66960	4673.83348	4536.70071			4641.13778943	4644.87318240	0
1787705102	XAUUSD	M15	4637.66	4626.42290	4673.58678	4536.45401			4640.46079404	4642.66698822	0
1787706002	XAUUSD	M15	4644.32	4626.17620	4673.34008	4536.20731		4629.80000	4642.00967766	4642.33833294	0
1787706902	XAUUSD	M15	4643.60	4625.92950	4673.09338	4535.96060			4645.24923730	4643.79378512	1
1787707802	XAUUSD	M15	4644.78	4625.68280	4672.84667	4535.71390			4649.54852048	4646.67115280	0
1787708702	XAUUSD	M15	4656.96	4625.43609	4672.59997	4535.46720			4654.07136129	4650.37125705	0
1787709602	XAUUSD	M15	4660.18	4625.18939	4672.35327	4535.22050			4657.69264955	4654.03195330	0
1787710502	XAUUSD	M15	4658.99	4624.94269	4672.10657	4534.97380			4659.67402445	4656.85298887	0
1787711402	XAUUSD	M15	4667.23	4624.69599	4671.85987	4534.72710			4659.73557095	4658.29427991	0
1787712302	XAUUSD	M15	4658.35	4624.44929	4671.61317	4534.48040			4657.76641413	4658.03034702	1
1787713202	XAUUSD	M15	4648.26	4624.20259	4671.36647	4534.23370			4654.43927238	4656.23480970	0
1787714102	XAUUSD	M15	4650.42	4623.95589	4671.11977	4533.98699			4650.63866813	4653.43673892	0
1787715002	XAUUSD	M15	4645.25	4623.70919	4670.87306	4533.74029			4646.94177914	4650.18925903	0
1787715902	XAUUSD	M15	4642.72	4623.46248	4670.62636	4533.49359			4643.96460722	4647.07693312	0
1787716802	XAUUSD	M15	4642.54	4623.21578	4670.37966	4533.24689			4642.02103073	4644.54898193	0
1787717702	XAUUSD	M15	4642.27	4622.96908	4670.13296	4533.00019			4641.08471375	4642.81684784	0
1787718602	XAUUSD	M15	4640.86	4622.72238	4669.88626	4532.75349			4640.87778499	4641.84731642	0
1787719502	XAUUSD	M15	4640.70	4622.47568	4669.63956	4532.50679			4641.04051757	4641.44391700	0
1787720402	XAUUSD	M15	4643.42	4622.22898	4669.39286	4532.26008			4641.16188239	4641.30289969	0
1787721302	XAUUSD	M15	4643.37	4621.98228	4669.14615	4532.01338			4640.86100468	4641.08195218	0
1787722202	XAUUSD	M15	4638.12	4621.73558	4668.89945	4531.76668			4639.98674861	4640.53435040	0
1787723102	XAUUSD	M15	4639.80	4621.48887	4668.65275	4531.51998			4638.65889180	4639.59662110	0
1787724002	XAUUSD	M15	4637.59	4621.24217	4668.40605	4531.27328			4636.94729158	4638.27195634	0
1787724902	XAUUSD	M15	4626.65	4620.99547	4668.15935	4531.02658			4635.09060359	4636.68127996	0
1787725802	XAUUSD	M15	4633.43	4620.74877	4667.91265	4530.77988			4633.56423900	4635.12275948	0
1787726702	XAUUSD	M15	4634.38	4620.50207	4667.66595	4530.53318			4632.37505636	4633.74890792	0
1787727602	XAUUSD	M15	4636.38	4620.25537	4667.41925	4530.28647			4631.56155710	4632.65523251	0
1787728502	XAUUSD	M15	4631.33	4620.00867	4667.17254	4530.03977			4631.00251402	4631.82887326	0
1787729402	XAUUSD	M15	4631.87	4619.76196	4666.92584	4529.79307			4630.69880098	4631.26383712	0
1787730302	XAUUSD	M15	4629.04	4619.51526	4666.67914	4529.54637			4630.42331619	4630.84357666	0
1787731202	XAUUSD	M15	4625.82	4619.26856	4666.43244	4529.29967			4629.97627530	4630.40992598	0
1787732102	XAUUSD	M15	4629.57	4619.02186	4666.18574	4529.05297			4629.21658677	4629.81325637	0
1787733002	XAUUSD	M15	4629.43	4618.77516	4665.93904	4528.80627			4627.94436683	4628.87881160	0
1787733902	XAUUSD	M15	4628.29	4618.52846	4665.69234	4528.55956			4626.16562080	4627.52221620	0
1787734802	XAUUSD	M15	4624.82	4618.28176	4665.44564	4528.31286			4624.08780228	4625.80500924	0
1787735702	XAUUSD	M15	4616.81	4618.03506	4665.19893	4528.06616			4622.06214060	4623.93357492	0
1787736602	XAUUSD	M15	4622.01	4617.78835	4664.95223	4527.81946			4620.50920642	4622.22139067	0
1787737502	XAUUSD	M15	4623.20	4617.54165	4664.70553	4527.57276			4619.44162200	4620.83150634	0
1787738402	XAUUSD	M15	4619.01	4617.29495	4664.45883	4527.32606			4618.88460958	4619.85805796	0
1787739302	XAUUSD	M15	4615.06	4617.04825	4664.21213	4527.07936			4618.89778646	4619.37792221	0
1787740202	XAUUSD	M15	4622.20	4616.80155	4663.96543	4526.83266			4619.47429690	4619.42610956	1
1787741102	XAUUSD	M15	4620.28	4616.55485	4663.71873	4526.58595			4620.25276536	4619.83943746	0
1787742002	XAUUSD	M15	4618.46	4616.30815	4663.47202	4526.33925			4621.08203896	4620.46073821	0
1787742902	XAUUSD	M15	4620.59	4616.06144	4663.22532	4526.09255			4621.83066972	4621.14570397	0
1787743802	XAUUSD	M15	4619.12	4615.81474	4662.97862	4525.84585			4622.31364157	4621.72967277	0
1787744702	XAUUSD	M15	4624.52	4615.56804	4662.73192	4525.59915			4622.49519267	4622.11243272	0
1787745602	XAUUSD	M15	4625.85	4615.32134	4662.48522	4525.35245			4622.24299820	4622.17771546	0
1787746502	XAUUSD	M15	4630.21	4615.07464	4662.23852	4525.10575			4621.63528509	4621.90650028	1
1787747402	XAUUSD	M15	4622.49	4614.82794	4661.99182	4524.85905			4620.73798639	4621.32224333	0
1787748302	XAUUSD	M15	4614.64	4614.58124	4661.74512	4524.61234			4619.93720103	4620.62972218	0
1787749202	XAUUSD	M15	4611.11	4614.33454	4661.49841	4524.36564			4619.53441564	4620.08206891	0
1787750102	XAUUSD	M15	4611.30	4614.08783	4661.25171	4524.11894			4619.55337524	4619.81772207	0
1787751002	XAUUSD	M15	4619.59	4613.84113	4661.00501	4523.87224			4619.71112324	4619.76442266	0
1787751902	XAUUSD	M15	4631.52	4613.59443	4660.75831	4523.62554			4619.39363968	4619.57903117	0
1787752802	XAUUSD	M15	4620.38	4613.34773	4660.51161	4523.37884	4633.31000		4617.94720185	4618.76311651	0
1787753702	XAUUSD	M15	4616.66	4613.10103	4660.26491	4523.13214			4615.46864957	4617.11588304	0
1787754602	XAUUSD	M15	4621.95	4612.85433	4660.01821	4522.88543			4612.07762491	4614.59675397	0
1787755502	XAUUSD	M15	4602.92	4612.60763	4659.77151	4522.63873			4607.83333075	4611.21504236	0
1787756402	XAUUSD	M15	4588.91	4612.36093	4659.52480	4522.39203			4603.58315839	4607.39910038	0
1787757302	XAUUSD	M15	4594.71	4612.11422	4659.27810	4522.14533		4582.97000	4600.03864908	4603.71887473	0
1787758202	XAUUSD	M15	4604.77	4611.86752	4659.03140	4521.89863			4597.27883684	4600.49885579	0
1787759102	XAUUSD	M15	4596.13	4611.62082	4658.78470	4521.65193			4595.14761123	4597.82323351	0
1787760002	XAUUSD	M15	4600.30	4611.37412	4658.53800	4521.40523			4593.84749572	4595.83536461	0
1787760902	XAUUSD	M15	4594.79	4611.12742	4658.29130	4521.15853			4593.20480108	4594.52008285	0
1787761802	XAUUSD	M15	4588.26	4610.88072	4658.04460	4520.91182			4593.22075049	4593.87041667	0
1787762702	XAUUSD	M15	4591.58	4610.63402	4657.79789	4520.66512			4593.85838578	4593.86440122	0
1787763602	XAUUSD	M15	4594.80	4610.38731	4657.55119	4520.41842			4594.86057503	4594.36248813	1
1787764502	XAUUSD	M15	4597.80	4610.14061	4657.30449	4520.17172			4595.92402436	4595.14325625	0
1787765402	XAUUSD	M15	4597.17	4609.89391	4657.05779	4519.92502			4596.78337130	4595.96331377	0
1787766302	XAUUSD	M15	4597.76	4609.64721	4656.81109	4519.67832			4597.37738881	4596.67035129	0
1787767202	XAUUSD	M15	4600.16	4609.40051	4656.56439	4519.43162			4597.68268172	4597.17651651	0
1787768102	XAUUSD	M15	4594.83	4609.15381	4656.31769	4519.18492			4597.62415882	4597.40033766	0
1787769002	XAUUSD	M15	4596.77	4608.90711	4656.07099	4518.93821			4597.32820037	4597.36426902	1
1787769902	XAUUSD	M15	4593.84	4608.66041	4655.82428	4518.69151			4596.72390488	4597.04408695	0
1787770802	XAUUSD	M15	4594.47	4608.41370	4655.57758	4518.44481			4595.87898292	4596.46153493	0
1787771702	XAUUSD	M15	4598.53	4608.16700	4655.33088	4518.19811			4594.83688302	4595.64920898	0
1787772602	XAUUSD	M15	4595.77	4607.92030	4655.08418	4517.95141			4593.62249109	4594.63585003	0
1787773502	XAUUSD	M15	4594.30	4607.67360	4654.83748	4517.70471			4592.55441358	4593.59513181	0
1787774402	XAUUSD	M15	4591.59	4607.42690	4654.59078	4517.45801			4592.01762302	4592.80637741	0
1787775302	XAUUSD	M15	4591.26	4607.18020	4654.34408	4517.21130		4584.20000	4592.46434652	4592.63536197	0
1787776202	XAUUSD	M15	4591.94	4606.93350	4654.09737	4516.96460			4594.19466911	4593.41501554	1
1787777102	XAUUSD	M15	4594.62	4606.68680	4653.85067	4516.71790			4597.28569375	4595.35035465	0
1787781602	XAUUSD	M15	4602.44	4606.44009	4653.60397	4516.47120			4601.52050068	4598.43542766	0
1787782502	XAUUSD	M15	4611.24	4606.19339	4653.35727	4516.22450			4606.31843440	4602.37693103	0
1787783402	XAUUSD	M15	4610.94	4605.94669	4653.11057	4515.97780			4610.91090876	4606.64391989	0
1787784302	XAUUSD	M15	4609.43	4605.69999	4652.86387	4515.73110			4614.82353707	4610.73372848	0
1787785202	XAUUSD	M15	4615.53	4605.45329	4652.61717	4515.48440			4617.70423689	4614.21898268	0
1787786102	XAUUSD	M15	4620.18	4605.20659	4652.37047	4515.23769			4619.19726129	4616.70812199	0
1787787002	XAUUSD	M15	4622.68	4604.95989	4652.12376	4514.99099			4619.30080128	4618.00446163	0
1787787902	XAUUSD	M15	4623.61	4604.71318	4651.87706	4514.74429			4618.30464658	4618.15455410	0
1787788802	XAUUSD	M15	4618.01	4604.46648	4651.63036	4514.49759			4616.72220058	4617.43837734	1
1787789702	XAUUSD	M15	4619.01	4604.21978	4651.38366	4514.25089			4615.31943971	4616.37890852	0
1787790602	XAUUSD	M15	4606.09	4603.97308	4651.13696	4514.00419			4614.68674269	4615.53282561	0
1787791502	XAUUSD	M15	4605.26	4603.72638	4650.89026	4513.75749			4615.56713477	4615.54998019	1
1787792402	XAUUSD	M15	4624.58	4603.47968	4650.64356	4513.51079			4618.10925261	4616.82961640	0
1787793302	XAUUSD	M15	4618.50	4603.23298	4650.39686	4513.26408			4621.61818524	4619.22390082	0
1787794202	XAUUSD	M15	4623.88	4602.98628	4650.15015	4513.01738			4625.78598424	4622.50494253	0
1787795102	XAUUSD	M15	4640.03	4602.73957	4649.90345	4512.77068			4629.90135049	4626.20314651	0
1787796002	XAUUSD	M15	4640.49	4602.49287	4649.65675	4512.52398	4642.96000		4632.99868235	4629.60091443	0
1787796902	XAUUSD	M15	4632.97	4602.24617	4649.41005	4512.27728			4634.74824855	4632.17458149	0
1787797802	XAUUSD	M15	4627.41	4601.99947	4649.16335	4512.03058			4635.24546760	4633.71002454	0
1787798702	XAUUSD	M15	4629.73	4601.75277	4648.91665	4511.78388			4634.72203237	4634.21602846	0
1787799602	XAUUSD	M15	4634.20	4601.50607	4648.66995	4511.53717			4633.34751472	4633.78177159	1
1787800502	XAUUSD	M15	4635.20	4601.25937	4648.42324	4511.29047			4631.27366607	4632.52771883	0
1787801402	XAUUSD	M15	4629.29	4601.01267	4648.17654	4511.04377			4628.77005809	4630.64888846	0
1787802302	XAUUSD	M15	4625.56	4600.76596	4647.92984	4510.79707			4626.24389124	4628.44638985	0
1787803202	XAUUSD	M15	4625.45	4600.51926	4647.68314	4510.55037			4623.93863227	4626.19251106	0
1787804102	XAUUSD	M15	4620.75	4600.27256	4647.43644	4510.30367			4621.87957531	4624.03604318	0
1787805002	XAUUSD	M15	4619.17	4600.02586	4647.18974	4510.05697			4620.09279128	4622.06441723	0
1787805902	XAUUSD	M15	4618.77	4599.77916	4646.94304	4509.81027			4618.44487109	4620.25464416	0
1787806802	XAUUSD	M15	4620.23	4599.53246	4646.69634	4509.56356			4616.70981957	4618.48223186	0
1787807702	XAUUSD	M15	4617.28	4599.28576	4646.44963	4509.31686			4614.66929435	4616.57576311	0
1787808602	XAUUSD	M15	4605.43	4599.03905	4646.20293	4509.07016			4612.30471681	4614.44023996	0
1787809502	XAUUSD	M15	4607.06	4598.79235	4645.95623	4508.82346			4609.92838196	4612.18431096	0
1787810402	XAUUSD	M15	4606.10	4598.54565	4645.70953	4508.57676			4607.57518858	4609.87974977	0
1787811302	XAUUSD	M15	4610.39	4598.29895	4645.46283	4508.33006			4605.44376802	4607.66175889	0
1787812202	XAUUSD	M15	4607.68	4598.05225	4645.21613	4508.08336			4603.59513066	4605.62844478	0
1787813102	XAUUSD	M15	4600.20	4597.80555	4644.96943	4507.83666			4602.20210306	4603.91527392	0
1787814002	XAUUSD	M15	4603.82	4597.55885	4644.72273	4507.58995			4601.46006156	4602.68766774	0
1787814902	XAUUSD	M15	4599.44	4597.31215	4644.47602	4507.34325			4601.15848164	4601.92307469	0
1787815802	XAUUSD	M15	4597.72	4597.06544	4644.22932	4507.09655			4601.22730329	4601.57518899	0
1787816702	XAUUSD	M15	4600.15	4596.81874	4643.98262	4506.84985			4601.43930226	4601.50724563	0
1787817602	XAUUSD	M15	4603.29	4596.57204	4643.73592	4506.60315			4601.39427780	4601.45076171	0
1787818502	XAUUSD	M15	4601.02	4596.32534	4643.48922	4506.35645			4600.70285063	4601.07680617	0
1787819402	XAUUSD	M15	4596.27	4596.07864	4643.24252	4506.10975			4599.18814873	4600.13247745	0
1787820302	XAUUSD	M15	4599.05	4595.83194	4642.99582	4505.86304			4596.87847110	4598.50547428	0
1787821202	XAUUSD	M15	4596.08	4595.58524	4642.74911	4505.61634			4593.81699654	4596.16123541	0
1787822102	XAUUSD	M15	4597.49	4595.33854	4642.50241	4505.36964			4590.35542107	4593.25832824	0
1787823002	XAUUSD	M15	4582.44	4595.09183	4642.25571	4505.12294			4586.86165332	4590.05999078	0
1787823902	XAUUSD	M15	4580.44	4594.84513	4642.00901	4504.87624			4584.24032997	4587.15016037	0
1787824802	XAUUSD	M15	4581.72	4594.59843	4641.76231	4504.62954			4582.97750802	4585.06383420	0
1787825702	XAUUSD	M15	4580.32	4594.35173	4641.51561	4504.38284			4583.25847243	4584.16115331	0
1787826602	XAUUSD	M15	4585.60	4594.10503	4641.26891	4504.13614			4585.05733662	4584.60924497	1
1787827502	XAUUSD	M15	4590.05	4593.85833	4641.02221	4503.88943			4587.89204869	4586.25064683	0
1787828402	XAUUSD	M15	4592.58	4593.61163	4640.77550	4503.64273			4591.12110172	4588.68587427	0
1787829302	XAUUSD	M15	4594.46	4593.36492	4640.52880	4503.39603			4594.08340355	4591.38463891	0
1787830202	XAUUSD	M15	4597.90	4593.11822	4640.28210	4503.14933			4596.17984486	4593.78224189	0
1787831102	XAUUSD	M15	4598.30	4592.87152	4640.03540	4502.90263			4596.92644501	4595.35434345	0
1787832002	XAUUSD	M15	4592.79	4592.62482	4639.78870	4502.65593			4596.18662442	4595.77048394	0
1787832902	XAUUSD	M15	4595.60	4592.37812	4639.54200	4502.40923			4594.17776792	4594.97412593	1
1787833802	XAUUSD	M15	4587.70	4592.13142	4639.29530	4502.16252			4591.10165659	4593.03789126	0
1787834702	XAUUSD	M15	4586.07	4591.88472	4639.04860	4501.91582			4587.58233249	4590.31011187	0
1787835602	XAUUSD	M15	4585.37	4591.63802	4638.80189	4501.66912			4584.13998326	4587.22504757	0
1787836502	XAUUSD	M15	4589.53	4591.39131	4638.55519	4501.42242			4581.26219131	4584.24361944	0
1787837402	XAUUSD	M15	4578.54	4591.14461	4638.30849	4501.17572			4579.21330383	4581.72846163	0
1787838302	XAUUSD	M15	4572.50	4590.89791	4638.06179	4500.92902		4565.69000	4578.53381334	4580.13113749	0
1787839202	XAUUSD	M15	4573.64	4590.65121	4637.81509	4500.68232			4579.46708299	4579.79911024	0
1787840102	XAUUSD	M15	4581.41	4590.40451	4637.56839	4500.43562			4581.90781916	4580.85346470	1
1787841002	XAUUSD	M15	4595.24	4590.15781	4637.32169	4500.18891			4585.43887779	4583.14617124	0
1787841902	XAUUSD	M15	4591.34	4589.91111	4637.07498	4499.94221			4589.42231013	4586.28424069	0
1787842802	XAUUSD	M15	4592.52	4589.66440	4636.82828	4499.69551			4593.69774151	4589.99099110	0
1787843702	XAUUSD	M15	4592.95	4589.41770	4636.58158	4499.44881			4598.00256698	4593.99677904	0
1787844602	XAUUSD	M15	4601.12	4589.17100	4636.33488	4499.20211			4602.11535504	4598.05606704	0
1787845502	XAUUSD	M15	4610.34	4588.92430	4636.08818	4498.95541			4605.62276722	4601.83941713	0
1787846402	XAUUSD	M15	4604.51	4588.67760	4635.84148	4498.70871			4608.18837003	4605.01389358	0
1787847302	XAUUSD	M15	4607.73	4588.43090	4635.59478	4498.46201			4609.95210724	4607.48300041	0
1787848202	XAUUSD	M15	4611.48	4588.18420	4635.34808	4498.21530			4610.87166654	4609.17733348	0
1787849102	XAUUSD	M15	4614.92	4587.93750	4635.10137	4497.96860			4610.95455357	4610.06594352	0
1787850002	XAUUSD	M15	4610.17	4587.69079	4634.85467	4497.72190			4610.31721510	4610.19157931	0
1787850902	XAUUSD	M15	4610.30	4587.44409	4634.60797	4497.47520			4609.37311058	4609.78234495	1
1787851802	XAUUSD	M15	4611.07	4587.19739	4634.36127	4497.22850			4608.39085179	4609.08659837	0
1787852702	XAUUSD	M15	4606.54	4586.95069	4634.11457	4496.98180			4607.54502064	4608.31580950	0
1787853602	XAUUSD	M15	4605.62	4586.70399	4633.86787	4496.73510			4607.08313874	4607.69947412	0
1787854502	XAUUSD	M15	4601.73	4586.45729	4633.62117	4496.48839			4607.04368843	4607.37158128	0
1787855402	XAUUSD	M15	4604.43	4586.21059	4633.37447	4496.24169			4607.43646216	4607.40402172	1
1787856302	XAUUSD	M15	4610.28	4585.96389	4633.12776	4495.99499			4608.02045105	4607.71223638	0
1787857202	XAUUSD	M15	4615.51	4585.71718	4632.88106	4495.74829	4617.97000		4608.43085025	4608.07154331	0
1787858102	XAUUSD	M15	4605.89	4585.47048	4632.63436	4495.50159			4608.38581394	4608.22867863	0
1787859002	XAUUSD	M15	4609.88	4585.22378	4632.38766	4495.25489			4608.08093615	4608.15480739	1
1787859902	XAUUSD	M15	4609.34	4584.97708	4632.14096	4495.00819			4607.45447833	4607.80464286	0
1787860802	XAUUSD	M15	4604.92	4584.73038	4631.89426	4494.76149			4606.60784397	4607.20624341	0
1787861702	XAUUSD	M15	4603.74	4584.48368	4631.64756	4494.51478			4605.82929915	4606.51777128	0
1787862602	XAUUSD	M15	4603.87	4584.23698	4631.40085	4494.26808			4605.27759019	4605.89768074	0
1787863502	XAUUSD	M15	4601.92	4583.99027	4631.15415	4494.02138			4605.02412504	4605.46090289	0
1787868002	XAUUSD	M15	4604.80	4583.74357	4630.90745	4493.77468			4605.07953495	4605.27021892	0
1787868902	XAUUSD	M15	4607.61	4583.49687	4630.66075	4493.52798			4605.29912601	4605.28467246	1
1787869802	XAUUSD	M15	4607.91	4583.25017	4630.41405	4493.28128			4605.43802856	4605.36135051	0
1787870702	XAUUSD	M15	4610.74	4583.00347	4630.16735	4493.03458			4605.26118919	4605.31126985	1
1787871602	XAUUSD	M15	4603.01	4582.75677	4629.92065	4492.78788			4604.50043780	4604.90585383	0
1787872502	XAUUSD	M15	4601.09	4582.51007	4629.67395	4492.54117			4603.22470356	4604.06527869	0
1787873402	XAUUSD	M15	4599.71	4582.26337	4629.42724	4492.29447			4601.43829888	4602.75178879	0
1787874302	XAUUSD	M15	4594.62	4582.01666	4629.18054	4492.04777			4599.26765658	4601.00972269	0
1787875202	XAUUSD	M15	4600.65	4581.76996	4628.93384	4491.80107			4596.93126468	4598.97049368	0
1787876102	XAUUSD	M15	4594.06	4581.52326	4628.68714	4491.55437			4594.35069537	4596.66059453	0
1787877002	XAUUSD	M15	4591.10	4581.27656	4628.44044	4491.30767			4591.76525529	4594.21292491	0
1787877902	XAUUSD	M15	4588.78	4581.02986	4628.19374	4491.06097			4589.34400223	4591.77846357	0
1787878802	XAUUSD	M15	4593.56	4580.78316	4627.94704	4490.81426			4587.19542922	4589.48694640	0
1787879702	XAUUSD	M15	4585.53	4580.53646	4627.70033	4490.56756			4585.22710149	4587.35702394	0
1787880602	XAUUSD	M15	4582.28	4580.28976	4627.45363	4490.32086			4583.67193190	4585.51447792	0
1787881502	XAUUSD	M15	4575.90	4580.04305	4627.20693	4490.07416			4582.64818464	4584.08133128	0
1787882402	XAUUSD	M15	4581.41	4579.79635	4626.96023	4489.82746			4582.30442343	4583.19287735	0
1787883302	XAUUSD	M15	4583.44	4579.54965	4626.71353	4489.58076			4582.42488414	4582.80888075	0
1787884202	XAUUSD	M15	4585.22	4579.30295	4626.46683	4489.33406			4582.85918127	4582.83403101	1
1787885102	XAUUSD	M15	4586.41	4579.05625	4626.22013	4489.08736			4583.43526009	4583.13464555	0
1787886002	XAUUSD	M15	4584.20	4578.80955	4625.97343	4488.84065			4584.00384140	4583.56924347	0
1787886902	XAUUSD	M15	4588.01	4578.56285	4625.72672	4488.59395			4584.47366902	4584.02145625	0
1787887802	XAUUSD	M15	4581.98	4578.31614	4625.48002	4488.34725			4584.58157720	4584.30151672	0
1787888702	XAUUSD	M15	4579.95	4578.06944	4625.23332	4488.10055			4584.33527229	4584.31839451	0
1787889602	XAUUSD	M15	4579.51	4577.82274	4624.98662	4487.85385			4583.70288711	4584.01064081	1
1787890502	XAUUSD	M15	4584.76	4577.57604	4624.73992	4487.60715			4582.65634525	4583.33349303	0
1787891402	XAUUSD	M15	4579.95	4577.32934	4624.49322	4487.36045			4581.13098769	4582.23224036	0
1787892302	XAUUSD	M15	4584.31	4577.08264	4624.24652	4487.11375			4579.47687179	4580.85455608	0
1787893202	XAUUSD	M15	4579.90	4576.83594	4623.99982	4486.86704			4577.93365962	4579.39410785	0
1787894102	XAUUSD	M15	4584.08	4576.58924	4623.75311	4486.62034			4577.08765847	4578.24088316	0
1787895002	XAUUSD	M15	4572.75	4576.34253	4623.50641	4486.37364		4571.78000	4577.27098778	4577.75593547	0
1787895902	XAUUSD	M15	4573.39	4576.09583	4623.25971	4486.12694			4579.11710548	4578.43652047	1
1787896802	XAUUSD	M15	4581.86	4575.84913	4623.01301	4485.88024			4582.69385987	4580.56519017	0
1787897702	XAUUSD	M15	4584.98	4575.60243	4622.76631	4485.63354			4587.59766981	4584.08142999	0
1787898602	XAUUSD	M15	4588.22	4575.35573	4622.51961	4485.38684			4593.31295378	4588.69719189	0
1787899502	XAUUSD	M15	4612.65	4575.10903	4622.27291	4485.14013			4599.30026096	4593.99872642	0
1787900402	XAUUSD	M15	4600.76	4574.86233	4622.02620	4484.89343			4604.27117459	4599.13495051	0
1787901302	XAUUSD	M15	4607.44	4574.61563	4621.77950	4484.64673			4608.00062586	4603.56778818	0
1787902202	XAUUSD	M15	4609.17	4574.36892	4621.53280	4484.40003			4610.03669507	4606.80224162	0
1787903102	XAUUSD	M15	4611.72	4574.12222	4621.28610	4484.15333			4610.40699120	4608.60461641	0
1787904002	XAUUSD	M15	4611.72	4573.87552	4621.03940	4483.90663	4614.53000		4609.38498720	4608.99480180	0
1787904902	XAUUSD	M15	4608.92	4573.62882	4620.79270	4483.65993			4607.57625177	4608.28552679	1
1787905802	XAUUSD	M15	4603.66	4573.38212	4620.54600	4483.41323			4605.66822827	4606.97687753	0
1787906702	XAUUSD	M15	4602.95	4573.13542	4620.29930	4483.16652			4604.29133487	4605.63410620	0
1787907602	XAUUSD	M15	4601.69	4572.88872	4620.05259	4482.91982			4603.70245449	4604.66828034	0
1787908502	XAUUSD	M15	4601.85	4572.64201	4619.80589	4482.67312			4603.85860744	4604.26344389	0
1787909402	XAUUSD	M15	4604.08	4572.39531	4619.55919	4482.42642			4604.40662088	4604.33503238	1
1787910302	XAUUSD	M15	4605.21	4572.14861	4619.31249	4482.17972			4604.83867096	4604.58685167	0
1787911202	XAUUSD	M15	4608.65	4571.90191	4619.06579	4481.93302			4604.74771937	4604.66728552	0
1787912102	XAUUSD	M15	4605.41	4571.65521	4618.81909	4481.68632			4603.86974981	4604.26851767	1
1787913002	XAUUSD	M15	4602.88	4571.40851	4618.57239	4481.43962			4602.32410893	4603.29631330	0
1787913902	XAUUSD	M15	4600.18	4571.16181	4618.32569	4481.19291			4600.44419541	4601.87025435	0
1787914802	XAUUSD	M15	4598.84	4570.91511	4618.07898	4480.94621			4598.64958830	4600.25992133	0
1787915702	XAUUSD	M15	4599.00	4570.66840	4617.83228	4480.69951			4597.32740332	4598.79366233	0
1787916602	XAUUSD	M15	4594.70	4570.42170	4617.58558	4480.45281			4596.67079450	4597.73222841	0
1787917502	XAUUSD	M15	4593.45	4570.17500	4617.33888	4480.20611			4596.81789283	4597.27506062	0
1787918402	XAUUSD	M15	4594.45	4569.92830	4617.09218	4479.95941			4597.59575939	4597.43541000	1
1787919302	XAUUSD	M15	4601.41	4569.68160	4616.84548	4479.71271			4598.62186890	4598.02863945	0
1787920202	XAUUSD	M15	4591.99	4569.43490	4616.59878	4479.46600			4599.26519969	4598.64691957	0
1787921102	XAUUSD	M15	4601.74	4569.18820	4616.35207	4479.21930			4599.32569710	4598.98630834	0
1787922002	XAUUSD	M15	4598.94	4568.94150	4616.10537	4478.97260			4598.17437207	4598.58034020	1
1787922902	XAUUSD	M15	4603.93	4568.69479	4615.85867	4478.72590			4595.71197642	4597.14615831	0
1787923802	XAUUSD	M15	4604.77	4568.44809	4615.61197	4478.47920			4591.80491802	4594.47553816	0
1787924702	XAUUSD	M15	4608.55	4568.20139	4615.36527	4478.23250			4586.56969636	4590.52261726	0
1787925602	XAUUSD	M15	4545.51	4567.95469	4615.11857	4477.98580	4631.95000		4580.15929955	4585.34095840	0
1787926502	XAUUSD	M15	4552.04	4567.70799	4614.87187	4477.73910			4574.37110887	4579.85603364	0
1787927402	XAUUSD	M15	4561.28	4567.46129	4614.62517	4477.49239			4568.79545252	4574.32574308	0
1787928302	XAUUSD	M15	4576.61	4567.21459	4614.37846	4477.24569			4562.67065987	4568.49820147	0
1787929202	XAUUSD	M15	4559.45	4566.96788	4614.13176	4476.99899			4554.91448134	4561.70634141	0
1787930102	XAUUSD	M15	4566.93	4566.72118	4613.88506	4476.75229			4545.43665917	4553.57150029	0
1787931002	XAUUSD	M15	4538.71	4566.47448	4613.63836	4476.50559			4533.77899634	4543.67524831	0
1787931902	XAUUSD	M15	4524.71	4566.22778	4613.39166	4476.25889			4520.85304470	4532.26414651	0
1787932802	XAUUSD	M15	4497.85	4565.98108	4613.14496	4476.01219			4507.57489035	4519.91951843	0
1787933702	XAUUSD	M15	4481.08	4565.73438	4612.89826	4475.76548			4495.31482742	4507.61717292	0
1787934602	XAUUSD	M15	4469.05	4565.48768	4612.65156	4475.51878			4485.08608283	4496.35162787	0
1787935502	XAUUSD	M15	4479.50	4565.24098	4612.40485	4475.27208			4477.45436352	4486.90299570	0
1787936402	XAUUSD	M15	4480.71	4564.99427	4612.15815	4475.02538			4471.97132026	4479.43715798	0
1787937302	XAUUSD	M15	4477.97	4564.74757	4611.91145	4474.77868			4468.12488172	4473.78101985	0
1787938202	XAUUSD	M15	4467.41	4564.50087	4611.66475	4474.53198			4465.42490944	4469.60296464	0
1787939102	XAUUSD	M15	4469.30	4564.25417	4611.41805	4474.28528			4463.59758385	4466.60027425	0
1787940002	XAUUSD	M15	4461.15	4564.00747	4611.17135	4474.03858			4462.11933488	4464.35980456	0
1787940902	XAUUSD	M15	4456.32	4563.76077	4610.92465	4473.79187			4460.91553097	4462.63766776	0
1787941802	XAUUSD	M15	4451.32	4563.51407	4610.67794	4473.54517			4459.89961625	4461.26864201	0
1787942702	XAUUSD	M15	4457.08	4563.26736	4610.43124	4473.29847			4459.14307239	4460.20585720	0
1787943602	XAUUSD	M15	4457.10	4563.02066	4610.18454	4473.05177			4458.53389276	4459.36987498	0
1787944502	XAUUSD	M15	4462.29	4562.77396	4609.93784	4472.80507			4458.17874671	4458.77431085	0
1787945402	XAUUSD	M15	4465.06	4562.52726	4609.69114	4472.55837			4458.02575855	4458.40003470	0
1787946302	XAUUSD	M15	4458.25	4562.28056	4609.44444	4472.31167			4458.04064296	4458.22033883	0
1787947202	XAUUSD	M15	4457.82	4562.03386	4609.19774	4472.06497			4458.35552969	4458.28793426	1
1787948102	XAUUSD	M15	4457.94	4561.78716	4608.95104	4471.81826			4458.84920160	4458.56856793	0
1787949002	XAUUSD	M15	4457.37	4561.54046	4608.70433	4471.57156			4459.27474063	4458.92165428	0
1787949902	XAUUSD	M15	4456.30	4561.29375	4608.45763	4471.32486			4459.44807136	4459.18486282	0
1788127202	XAUUSD	M15	4458.84	4561.04705	4608.21093	4471.07816			4459.23316805	4459.20901544	0
1788128102	XAUUSD	M15	4459.57	4560.80035	4607.96423	4470.83146			4458.60043983	4458.90472763	1
1788129002	XAUUSD	M15	4457.71	4560.55365	4607.71753	4470.58476			4457.72267009	4458.31369886	0
1788129902	XAUUSD	M15	4461.43	4560.30695	4607.47083	4470.33806			4457.10771215	4457.71070551	0
1788130802	XAUUSD	M15	4460.69	4560.06025	4607.22413	4470.09135			4456.89815451	4457.30443001	0
1788131702	XAUUSD	M15	4457.65	4559.81355	4606.97742	4469.84465			4457.18194892	4457.24318947	0
1788132602	XAUUSD	M15	4447.50	4559.56685	4606.73072	4469.59795			4457.89222441	4457.56770694	1
1788133502	XAUUSD	M15	4458.52	4559.32014	4606.48402	4469.35125			4458.99918052	4458.28344373	0
1788134402	XAUUSD	M15	4462.00	4559.07344	4606.23732	4469.10455			4459.69362272	4458.98853323	0
1788135302	XAUUSD	M15	4456.90	4558.82674	4605.99062	4468.85785			4459.43048237	4459.20950780	0
1788136202	XAUUSD	M15	4465.16	4558.58004	4605.74392	4468.61115	4472.10000		4457.98843460	4458.59897120	1
1788137102	XAUUSD	M15	4456.14	4558.33334	4605.49722	4468.36445			4455.01351625	4456.80624372	0
1788138002	XAUUSD	M15	4443.85	4558.08664	4605.25052	4468.11774			4450.78608492	4453.79616432	0
1788138902	XAUUSD	M15	4443.94	4557.83994	4605.00381	4467.87104			4445.84349097	4449.81982764	0
1788139802	XAUUSD	M15	4450.86	4557.59323	4604.75711	4467.62434			4440.42733605	4445.12358185	0
1788140702	XAUUSD	M15	4440.27	4557.34653	4604.51041	4467.37764			4434.66520121	4439.89439153	0
1788141602	XAUUSD	M15	4424.37	4557.09983	4604.26371	4467.13094			4429.21235596	4434.55337374	0
1788142502	XAUUSD	M15	4423.12	4556.85313	4604.01701	4466.88424			4424.82202714	4429.68770044	0
1788143402	XAUUSD	M15	4403.04	4556.60643	4603.77031	4466.63754			4421.69767221	4425.69268633	0
1788144302	XAUUSD	M15	4422.93	4556.35973	4603.52361	4466.39084		4396.53000	4420.33264072	4423.01266352	0
1788145202	XAUUSD	M15	4428.10	4556.11303	4603.27691	4466.14413			4419.98506570	4421.49886461	0
1788146102	XAUUSD	M15	4427.85	4555.86633	4603.03020	4465.89743			4420.18134507	4420.84010484	0
1788147002	XAUUSD	M15	4422.81	4555.61962	4602.78350	4465.65073			4420.60640261	4420.72325373	0
1788147902	XAUUSD	M15	4422.64	4555.37292	4602.53680	4465.40403			4421.20355413	4420.96340393	1
1788148802	XAUUSD	M15	4421.17	4555.12622	4602.29010	4465.15733			4421.89748062	4421.43044227	0
1788149702	XAUUSD	M15	4415.94	4554.87952	4602.04340	4464.91063			4422.81104258	4422.12074242	0
1788150602	XAUUSD	M15	4420.19	4554.63282	4601.79670	4464.66393			4424.21891504	4423.16982873	0
1788151502	XAUUSD	M15	4424.61	4554.38612	4601.55000	4464.41722			4426.10507620	4424.63745247	0
1788152402	XAUUSD	M15	4422.64	4554.13942	4601.30329	4464.17052			4428.39131198	4426.51438222	0
1788153302	XAUUSD	M15	4440.24	4553.89272	4601.05659	4463.92382			4431.06851969	4428.79145095	0
1788154202	XAUUSD	M15	4437.68	4553.64601	4600.80989	4463.67712			4433.54581513	4431.16863304	0
1788155102	XAUUSD	M15	4442.92	4553.39931	4600.56319	4463.43042			4435.72561145	4433.44712224	0
1788156002	XAUUSD	M15	4432.07	4553.15261	4600.31649	4463.18372			4437.40179763	4435.42445994	0
1788156902	XAUUSD	M15	4435.78	4552.90591	4600.06979	4462.93702			4438.87823343	4437.15134669	0
1788157802	XAUUSD	M15	4439.51	4552.65921	4599.82309	4462.69032			4440.08769478	4438.61952073	0
1788158702	XAUUSD	M15	4439.47	4552.41251	4599.57639	4462.44361			4440.91982519	4439.76967296	0
1788159602	XAUUSD	M15	4436.16	4552.16581	4599.32968	4462.19691			4441.40717590	4440.58842443	0
1788160502	XAUUSD	M15	4444.01	4551.91910	4599.08298	4461.95021			4441.64943839	4441.11893141	0
1788161402	XAUUSD	M15	4446.52	4551.67240	4598.83628	4461.70351			4441.45535805	4441.28714473	0
1788162302	XAUUSD	M15	4443.37	4551.42570	4598.58958	4461.45681			4440.82869112	4441.05791792	1
1788163202	XAUUSD	M15	4438.89	4551.17900	4598.34288	4461.21011			4440.01773563	4440.53782678	0
1788164102	XAUUSD	M15	4440.43	4550.93230	4598.09618	4460.96341			4439.31766754	4439.92774716	0
1788165002	XAUUSD	M15	4435.48	4550.68560	4597.84948	4460.71671			4438.88621787	4439.40698252	0
1788165902	XAUUSD	M15	4435.64	4550.43890	4597.60278	4460.47000			4438.99945812	4439.20322032	0
1788166802	XAUUSD	M15	4442.90	4550.19220	4597.35607	4460.22330			4439.72199019	4439.46260525	1
1788167702	XAUUSD	M15	4439.09	4549.94549	4597.10937	4459.97660			4440.88427871	4440.17344198	0
1788168602	XAUUSD	M15	4442.98	4549.69879	4596.86267	4459.72990			4442.61109911	4441.39227055	0
1788169502	XAUUSD	M15	4445.16	4549.45209	4596.61597	4459.48320			4444.80636589	4443.09931822	0
1788170402	XAUUSD	M15	4451.55	4549.20539	4596.36927	4459.23650			4447.35210139	4445.22570980	0
1788171302	XAUUSD	M15	4448.42	4548.95869	4596.12257	4458.98980			4449.98941689	4447.60756335	0
1788172202	XAUUSD	M15	4450.93	4548.71199	4595.87587	4458.74309			4452.58496940	4450.09626637	0
1788173102	XAUUSD	M15	4453.90	4548.46529	4595.62916	4458.49639			4454.84516692	4452.47071665	0
1788174002	XAUUSD	M15	4453.69	4548.21859	4595.38246	4458.24969			4456.46365971	4454.46718818	0
1788174902	XAUUSD	M15	4463.25	4547.97188	4595.13576	4458.00299	4464.03000		4457.24348796	4455.85533807	0
1788175802	XAUUSD	M15	4454.77	4547.72518	4594.88906	4457.75629			4456.79915274	4456.32724540	0
1788176702	XAUUSD	M15	4455.42	4547.47848	4594.64236	4457.50959			4455.32613526	4455.82669033	1
1788177602	XAUUSD	M15	4457.32	4547.23178	4594.39566	4457.26289			4452.88945622	4454.35807328	0
1788178502	XAUUSD	M15	4447.62	4546.98508	4594.14896	4457.01619			4449.59188826	4451.97498077	0
1788179402	XAUUSD	M15	4440.51	4546.73838	4593.90226	4456.76948			4445.87609012	4448.92553544	0
1788180302	XAUUSD	M15	4435.85	4546.49168	4593.65555	4456.52278			4442.15680665	4445.54117105	0
1788181202	XAUUSD	M15	4445.99	4546.24497	4593.40885	4456.27608			4438.68514117	4442.11315611	0
1788182102	XAUUSD	M15	4445.62	4545.99827	4593.16215	4456.02938			4435.30526131	4438.70920871	0
1788183002	XAUUSD	M15	4433.66	4545.75157	4592.91545	4455.78268			4432.12575883	4435.41748377	0
1788183902	XAUUSD	M15	4418.48	4545.50487	4592.66875	4455.53598		4415.83000	4429.59976404	4432.50862390	0
1788184802	XAUUSD	M15	4427.64	4545.25817	4592.42205	4455.28928			4428.19466260	4430.35164325	0
1788185702	XAUUSD	M15	4420.20	4545.01147	4592.17535	4455.04258			4427.63812102	4428.99488213	0
1788186602	XAUUSD	M15	4433.00	4544.76477	4591.92865	4454.79587			4427.99536690	4428.49512452	0
1788187502	XAUUSD	M15	4431.60	4544.51807	4591.68194	4454.54917			4428.75738774	4428.62625613	1
1788188402	XAUUSD	M15	4435.25	4544.27136	4591.43524	4454.30247			4429.75125547	4429.18875580	0
1788189302	XAUUSD	M15	4433.04	4544.02466	4591.18854	4454.05577			4430.72461034	4429.95668307	0
1788190202	XAUUSD	M15	4427.40	4543.77796	4590.94184	4453.80907			4431.65027268	4430.80347787	0
1788191102	XAUUSD	M15	4426.26	4543.53126	4590.69514	4453.56237			4432.64796018	4431.72571903	0
1788192002	XAUUSD	M15	4434.81	4543.28456	4590.44844	4453.31567			4433.70189686	4432.71380795	0
1788192902	XAUUSD	M15	4438.40	4543.03786	4590.20174	4453.06896			4434.54700718	4433.63040756	0
1788193802	XAUUSD	M15	4435.75	4542.79116	4589.95503	4452.82226			4435.00856330	4434.31948543	0
1788194702	XAUUSD	M15	4433.32	4542.54446	4589.70833	4452.57556			4435.08645250	4434.70296896	0
1788195602	XAUUSD	M15	4433.91	4542.29775	4589.46163	4452.32886			4434.82514450	4434.76405673	0
1788196502	XAUUSD	M15	4430.49	4542.05105	4589.21493	4452.08216			4434.20061794	4434.48233734	1
1788197402	XAUUSD	M15	4436.51	4541.80435	4588.96823	4451.83546			4433.38794016	4433.93513875	0
1788198302	XAUUSD	M15	4436.57	4541.55765	4588.72153	4451.58876			4432.40178306	4433.16846090	0
1788199202	XAUUSD	M15	4433.72	4541.31095	4588.47483	4451.34206			4431.53788652	4432.35317371	0
1788200102	XAUUSD	M15	4429.93	4541.06425	4588.22813	4451.09535			4431.21421642	4431.78369506	0
1788201002	XAUUSD	M15	4429.22	4540.81755	4587.98142	4450.84865			4431.79568600	4431.78969053	1
1788201902	XAUUSD	M15	4430.87	4540.57084	4587.73472	4450.60195			4433.47298092	4432.63133573	0
1788202802	XAUUSD	M15	4433.73	4540.32414	4587.48802	4450.35525			4436.17503218	4434.40318396	0
1788203702	XAUUSD	M15	4440.40	4540.07744	4587.24132	4450.10855			4439.61850866	4437.01084631	0
1788204602	XAUUSD	M15	4443.04	4539.83074	4586.99462	4449.86185			4443.26637721	4440.13861176	0
1788205502	XAUUSD	M15	4453.26	4539.58404	4586.74792	4449.61515			4446.63104191	4443.38482683	0
1788206402	XAUUSD	M15	4450.05	4539.33734	4586.50122	4449.36844			4449.09237590	4446.23860137	0
1788207302	XAUUSD	M15	4447.34	4539.09064	4586.25452	4449.12174			4450.51896972	4448.37878554	0
1788208202	XAUUSD	M15	4448.23	4538.84394	4586.00781	4448.87504			4450.94138307	4449.66008431	0
1788209102	XAUUSD	M15	4449.12	4538.59723	4585.76111	4448.62834			4450.43463707	4450.04736069	0
1788213602	XAUUSD	M15	4451.82	4538.35053	4585.51441	4448.38164			4449.26645803	4449.65690936	1
1788214502	XAUUSD	M15	4449.83	4538.10383	4585.26771	4448.13494			4447.77186748	4448.71438842	0
1788215402	XAUUSD	M15	4447.93	4537.85713	4585.02101	4447.88824			4446.49974230	4447.60706536	0
1788216302	XAUUSD	M15	4447.09	4537.61043	4584.77431	4447.64154			4445.88692319	4446.74699428	0
1788217202	XAUUSD	M15	4444.13	4537.36373	4584.52761	4447.39483			4446.18778323	4446.46738876	0
1788218102	XAUUSD	M15	4443.32	4537.11703	4584.28090	4447.14813			4447.41331045	4446.94034960	1
1788219002	XAUUSD	M15	4445.60	4536.87032	4584.03420	4446.90143			4449.33061222	4448.13548091	0
1788219902	XAUUSD	M15	4452.31	4536.62362	4583.78750	4446.65473			4451.42813030	4449.78180561	0
1788220802	XAUUSD	M15	4455.24	4536.37692	4583.54080	4446.40803			4453.06045671	4451.42113116	0
1788221702	XAUUSD	M15	4460.10	4536.13022	4583.29410	4446.16133	4461.41000		4453.78022853	4452.60067984	0
1788222602	XAUUSD	M15	4453.36	4535.88352	4583.04740	4445.91463			4453.25910396	4452.92989190	0
1788223502	XAUUSD	M15	4453.60	4535.63682	4582.80070	4445.66793			4451.71806211	4452.32397700	1
1788224402	XAUUSD	M15	4446.39	4535.39012	4582.55400	4445.42122			4449.41691542	4450.87044621	0
1788225302	XAUUSD	M15	4439.82	4535.14342	4582.30729	4445.17452			4446.88784428	4448.87914524	0
1788226202	XAUUSD	M15	4445.69	4534.89671	4582.06059	4444.92782			4444.62106033	4446.75010279	0
1788227102	XAUUSD	M15	4444.42	4534.65001	4581.81389	4444.68112			4442.65792920	4444.70401600	0
1788228002	XAUUSD	M15	4445.07	4534.40331	4581.56719	4444.43442			4441.12265944	4442.91333772	0
1788228902	XAUUSD	M15	4440.60	4534.15661	4581.32049	4444.18772			4439.95215963	4441.43274867	0
1788229802	XAUUSD	M15	4431.86	4533.90991	4581.07379	4443.94102			4439.14353217	4440.28814042	0
1788230702	XAUUSD	M15	4443.09	4533.66321	4580.82709	4443.69431			4438.69164106	4439.48989074	0
1788231602	XAUUSD	M15	4439.93	4533.41651	4580.58038	4443.44761			4438.06042176	4438.77515625	0
1788232502	XAUUSD	M15	4434.07	4533.16981	4580.33368	4443.20091			4437.14484194	4437.95999910	0
1788233402	XAUUSD	M15	4438.59	4532.92310	4580.08698	4442.95421			4435.99025801	4436.97512855	0
1788234302	XAUUSD	M15	4436.70	4532.67640	4579.84028	4442.70751			4434.46348420	4435.71930638	0
1788235202	XAUUSD	M15	4431.17	4532.42970	4579.59358	4442.46081			4432.69773739	4434.20852189	0
1788236102	XAUUSD	M15	4429.68	4532.18300	4579.34688	4442.21411			4431.03578169	4432.62215179	0
1788237002	XAUUSD	M15	4427.83	4531.93630	4579.10018	4441.96741			4429.77350285	4431.19782732	0
1788237902	XAUUSD	M15	4426.69	4531.68960	4578.85348	4441.72070			4429.19999846	4430.19891289	0
1788238802	XAUUSD	M15	4429.35	4531.44290	4578.60677	4441.47400			4429.48450319	4429.84170804	0
1788239702	XAUUSD	M15	4426.69	4531.19619	4578.36007	4441.22730			4430.54553207	4430.19362005	1
1788240602	XAUUSD	M15	4442.75	4530.94949	4578.11337	4440.98060			4432.28173284	4431.23767645	0
1788241502	XAUUSD	M15	4440.15	4530.70279	4577.86667	4440.73390			4433.99226006	4432.61496826	0
1788242402	XAUUSD	M15	4432.86	4530.45609	4577.61997	4440.48720			4435.32009107	4433.96752966	0
1788243302	XAUUSD	M15	4429.02	4530.20939	4577.37327	4440.24050			4436.00932856	4434.98842911	0
1788244202	XAUUSD	M15	4434.93	4529.96269	4577.12657	4439.99380			4435.75487102	4435.37165007	0
1788245102	XAUUSD	M15	4429.64	4529.71599	4576.87987	4439.74709			4434.03743371	4434.70454189	1
1788246002	XAUUSD	M15	4433.20	4529.46929	4576.63316	4439.50039			4430.70920842	4432.70687516	0
1788246902	XAUUSD	M15	4426.20	4529.22258	4576.38646	4439.25369			4425.48907921	4429.09797718	0
1788247802	XAUUSD	M15	4418.33	4528.97588	4576.13976	4439.00699			4418.53183226	4423.81490472	0
1788248702	XAUUSD	M15	4420.21	4528.72918	4575.89306	4438.76029			4410.19376322	4417.00433397	0
1788249602	XAUUSD	M15	4405.52	4528.48248	4575.64636	4438.51359			4400.75182102	4408.87807749	0
1788250502	XAUUSD	M15	4383.03	4528.23578	4575.39966	4438.26689			4391.13597395	4400.00702572	0
1788251402	XAUUSD	M15	4375.72	4527.98908	4575.15296	4438.02018			4382.57134246	4391.28918409	0
1788252302	XAUUSD	M15	4370.94	4527.74238	4574.90625	4437.77348			4375.85363407	4383.57140908	0
1788253202	XAUUSD	M15	4376.08	4527.49568	4574.65955	4437.52678			4371.49576781	4377.53358844	0
1788254102	XAUUSD	M15	4372.95	4527.24897	4574.41285	4437.28008			4369.43060072	4373.48209458	0
1788255002	XAUUSD	M15	4371.67	4527.00227	4574.16615	4437.03338			4369.55916598	4371.52063028	0
1788255902	XAUUSD	M15	4364.91	4526.75557	4573.91945	4436.78668			4371.49888962	4371.50975995	0
1788256802	XAUUSD	M15	4378.33	4526.50887	4573.67275	4436.53998			4374.80797141	4373.15886568	1
1788257702	XAUUSD	M15	4384.98	4526.26217	4573.42605	4436.29328			4378.42230216	4375.79058392	0
1788258602	XAUUSD	M15	4381.61	4526.01547	4573.17935	4436.04657			4381.40922306	4378.59990349	0
1788259502	XAUUSD	M15	4378.18	4525.76877	4572.93264	4435.79987			4383.25918589	4380.92954469	0
1788260402	XAUUSD	M15	4377.25	4525.52206	4572.68594	4435.55317			4383.63698375	4382.28326422	0
1788261302	XAUUSD	M15	4380.61	4525.27536	4572.43924	4435.30647			4382.33810143	4382.31068283	0
1788262202	XAUUSD	M15	4384.31	4525.02866	4572.19254	4435.05977			4379.26469151	4380.78768717	1
1788263102	XAUUSD	M15	4374.77	4524.78196	4571.94584	4434.81307			4374.56472434	4377.67620575	0
1788264002	XAUUSD	M15	4370.97	4524.53526	4571.69914	4434.56637			4368.97425492	4373.32523034	0
1788264902	XAUUSD	M15	4368.53	4524.28856	4571.45244	4434.31967			4363.23798678	4368.28160856	0
1788265802	XAUUSD	M15	4364.88	4524.04186	4571.20574	4434.07296			4358.06975597	4363.17568227	0
1788266702	XAUUSD	M15	4356.39	4523.79516	4570.95903	4433.82626			4354.12543778	4358.65056002	0
1788267602	XAUUSD	M15	4329.61	4523.54845	4570.71233	4433.57956		4326.21000	4352.00413004	4355.32734503	0
1788268502	XAUUSD	M15	4342.99	4523.30175	4570.46563	4433.33286			4352.42447427	4353.87590965	0
1788269402	XAUUSD	M15	4361.82	4523.05505	4570.21893	4433.08616			4354.73511927	4354.30551446	1
1788270302	XAUUSD	M15	4365.84	4522.80835	4569.97223	4432.83946			4357.89811489	4356.10181468	0
1788271202	XAUUSD	M15	4370.22	4522.56165	4569.72553	4432.59276			4361.20562483	4358.65371975	0
1788272102	XAUUSD	M15	4365.94	4522.31495	4569.47883	4432.34605			4364.01432681	4361.33402328	0
1788273002	XAUUSD	M15	4367.01	4522.06825	4569.23212	4432.09935			4366.09078591	4363.71240460	0
1788273902	XAUUSD	M15	4360.28	4521.82155	4568.98542	4431.85265			4367.22526022	4365.46883241	0
1788274802	XAUUSD	M15	4357.07	4521.57484	4568.73872	4431.60595			4367.56808823	4366.51846032	0
1788275702	XAUUSD	M15	4365.70	4521.32814	4568.49202	4431.35925			4367.23699540	4366.87772786	0
1788276602	XAUUSD	M15	4370.79	4521.08144	4568.24532	4431.11255			4366.06242021	4366.47007403	1
1788277502	XAUUSD	M15	4372.90	4520.83474	4567.99862	4430.86585			4364.00068570	4365.23537987	0
1788278402	XAUUSD	M15	4362.56	4520.58804	4567.75192	4430.61915			4361.16869775	4363.20203881	0
1788279302	XAUUSD	M15	4352.90	4520.34134	4567.50522	4430.37244			4358.00312497	4360.60258189	0
1788280202	XAUUSD	M15	4354.87	4520.09464	4567.25851	4430.12574			4354.92280561	4357.76269375	0
1788281102	XAUUSD	M15	4351.28	4519.84793	4567.01181	4429.87904			4351.91021563	4354.83645469	0
1788282002	XAUUSD	M15	4346.39	4519.60123	4566.76511	4429.63234			4349.03911129	4351.93778299	0
1788282902	XAUUSD	M15	4349.96	4519.35453	4566.51841	4429.38564			4346.38362354	4349.16070326	0
1788283802	XAUUSD	M15	4344.18	4519.10783	4566.27171	4429.13894			4343.79899543	4346.47984934	0
1788284702	XAUUSD	M15	4342.96	4518.86113	4566.02501	4428.89224			4341.30163400	4343.89074167	0
1788285602	XAUUSD	M15	4336.43	4518.61443	4565.77831	4428.64553			4338.84088298	4341.36581233	0
1788286502	XAUUSD	M15	4337.51	4518.36773	4565.53161	4428.39883			4336.58444036	4338.97512634	0
1788287402	XAUUSD	M15	4329.66	4518.12103	4565.28490	4428.15213			4334.55275983	4336.76394309	0
1788288302	XAUUSD	M15	4331.76	4517.87432	4565.03820	4427.90543			4332.95953084	4334.86173696	0
1788289202	XAUUSD	M15	4337.34	4517.62762	4564.79150	4427.65873			4331.69743938	4333.27958817	0
1788290102	XAUUSD	M15	4334.52	4517.38092	4564.54480	4427.41203			4330.51365981	4331.89662399	0
1788291002	XAUUSD	M15	4326.44	4517.13422	4564.29810	4427.16533			4329.37028185	4330.63345292	0
1788291902	XAUUSD	M15	4327.17	4516.88752	4564.05140	4426.91863			4328.42568704	4329.52956998	0
1788292802	XAUUSD	M15	4325.74	4516.64082	4563.80470	4426.67192			4327.65260529	4328.59108764	0
1788293702	XAUUSD	M15	4326.09	4516.39412	4563.55799	4426.42522			4327.11419918	4327.85264341	0
1788294602	XAUUSD	M15	4327.64	4516.14741	4563.31129	4426.17852			4326.86991132	4327.36127737	0
1788295502	XAUUSD	M15	4328.20	4515.90071	4563.06459	4425.93182			4326.98502030	4327.17314883	0
1788300002	XAUUSD	M15	4329.19	4515.65401	4562.81789	4425.68512			4327.43175950	4327.30245417	1
1788300902	XAUUSD	M15	4327.79	4515.40731	4562.57119	4425.43842			4328.09319059	4327.69782238	0
1788301802	XAUUSD	M15	4328.31	4515.16061	4562.32449	4425.19172			4328.92899379	4328.31340808	0
1788302702	XAUUSD	M15	4329.37	4514.91391	4562.07779	4424.94502			4329.79370562	4329.05355685	0
1788303602	XAUUSD	M15	4330.63	4514.66721	4561.83109	4424.69831			4330.53428857	4329.79392271	0
1788304502	XAUUSD	M15	4330.87	4514.42051	4561.58438	4424.45161			4330.94872529	4330.37132400	0
1788305402	XAUUSD	M15	4333.78	4514.17380	4561.33768	4424.20491			4330.87556315	4330.62344358	0
1788306302	XAUUSD	M15	4324.40	4513.92710	4561.09098	4423.95821			4330.07355891	4330.34850124	1
1788307202	XAUUSD	M15	4328.07	4513.68040	4560.84428	4423.71151			4328.63621591	4329.49235857	0
1788308102	XAUUSD	M15	4325.85	4513.43370	4560.59758	4423.46481			4326.37656266	4327.93446062	0
1788309002	XAUUSD	M15	4330.12	4513.18700	4560.35088	4423.21811			4323.33280143	4325.63363102	0
1788309902	XAUUSD	M15	4315.81	4512.94030	4560.10418	4422.97140			4319.50783949	4322.57073526	0
1788310802	XAUUSD	M15	4317.63	4512.69360	4559.85748	4422.72470			4315.49259439	4319.03166482	0
1788311702	XAUUSD	M15	4317.22	4512.44690	4559.61077	4422.47800			4311.46418785	4315.24792634	0
1788312602	XAUUSD	M15	4309.12	4512.20019	4559.36407	4422.23130			4307.66181877	4311.45487255	0
1788313502	XAUUSD	M15	4291.00	4511.95349	4559.11737	4421.98460			4304.44798947	4307.95143101	0
1788314402	XAUUSD	M15	4296.13	4511.70679	4558.87067	4421.73790			4302.31937442	4305.13540271	0
1788315302	XAUUSD	M15	4304.41	4511.46009	4558.62397	4421.49120			4301.01715539	4303.07627905	0
1788316202	XAUUSD	M15	4309.32	4511.21339	4558.37727	4421.24450			4300.10661437	4301.59144671	0
1788317102	XAUUSD	M15	4302.90	4510.96669	4558.13057	4420.99779			4299.28092054	4300.43618362	0
1788318002	XAUUSD	M15	4300.87	4510.71999	4557.88386	4420.75109			4298.61469759	4299.52544060	0
1788318902	XAUUSD	M15	4293.78	4510.47328	4557.63716	4420.50439			4298.21241883	4298.86892972	0
1788319802	XAUUSD	M15	4288.84	4510.22658	4557.39046	4420.25769		4282.53000	4298.36794784	4298.61843878	0
1788320702	XAUUSD	M15	4303.33	4509.97988	4557.14376	4420.01099			4299.29395201	4298.95619540	1
1788321602	XAUUSD	M15	4304.30	4509.73318	4556.89706	4419.76429			4300.71722122	4299.83670831	0
1788322502	XAUUSD	M15	4302.76	4509.48648	4556.65036	4419.51759			4302.68932998	4301.26301914	0
1788323402	XAUUSD	M15	4304.75	4509.23978	4556.40366	4419.27089			4305.25872810	4303.26087362	0
1788324302	XAUUSD	M15	4307.28	4508.99308	4556.15696	4419.02418			4308.32622674	4305.79355018	0
1788325202	XAUUSD	M15	4310.00	4508.74638	4555.91025	4418.77748			4311.69998683	4308.74676851	0
1788326102	XAUUSD	M15	4313.06	4508.49967	4555.66355	4418.53078			4315.13628614	4311.94152732	0
1788327002	XAUUSD	M15	4323.14	4508.25297	4555.41685	4418.28408			4318.36477322	4315.15315027	0
1788327902	XAUUSD	M15	4319.83	4508.00627	4555.17015	4418.03738			4320.94917157	4318.05116092	0
1788328802	XAUUSD	M15	4326.55	4507.75957	4554.92345	4417.79068			4322.88630983	4320.46873538	0
1788329702	XAUUSD	M15	4322.83	4507.51287	4554.67675	4417.54398			4324.03857867	4322.25365703	0
1788330602	XAUUSD	M15	4324.22	4507.26617	4554.43005	4417.29727			4324.67797981	4323.46581842	0
1788331502	XAUUSD	M15	4321.76	4507.01947	4554.18334	4417.05057			4324.99753905	4324.23167873	0
1788332402	XAUUSD	M15	4326.71	4506.77277	4553.93664	4416.80387			4325.24351909	4324.73759891	0
1788333302	XAUUSD	M15	4326.82	4506.52606	4553.68994	4416.55717			4325.34320541	4325.04040216	0
1788334202	XAUUSD	M15	4322.68	4506.27936	4553.44324	4416.31047			4325.24503736	4325.14271976	0
1788335102	XAUUSD	M15	4323.17	4506.03266	4553.19654	4416.06377			4324.84897529	4324.99584752	1
1788336002	XAUUSD	M15	4325.69	4505.78596	4552.94984	4415.81707			4323.87750321	4324.43667537	0
1788336902	XAUUSD	M15	4323.02	4505.53926	4552.70314	4415.57037			4322.05146425	4323.24406981	0
1788337802	XAUUSD	M15	4322.02	4505.29256	4552.45644	4415.32366			4319.40231318	4321.32319150	0
1788338702	XAUUSD	M15	4312.87	4505.04586	4552.20973	4415.07696			4316.11557722	4318.71938436	0
1788339602	XAUUSD	M15	4313.92	4504.79915	4551.96303	4414.83026			4312.78856309	4315.75397372	0
1788340502	XAUUSD	M15	4309.07	4504.55245	4551.71633	4414.58356			4309.86925017	4312.81161195	0
1788341402	XAUUSD	M15	4310.05	4504.30575	4551.46963	4414.33686			4307.94091277	4310.37626236	0
1788342302	XAUUSD	M15	4308.58	4504.05905	4551.22293	4414.09016			4307.25331547	4308.81478891	0
1788343202	XAUUSD	M15	4306.87	4503.81235	4550.97623	4413.84346		4301.79000	4307.90339024	4308.35908958	0
1788344102	XAUUSD	M15	4309.91	4503.56565	4550.72953	4413.59676			4309.77168066	4309.06538512	1
1788345002	XAUUSD	M15	4309.43	4503.31895	4550.48283	4413.35005			4312.48631796	4310.77585154	0
1788345902	XAUUSD	M15	4309.32	4503.07225	4550.23612	4413.10335			4315.69374502	4313.23479828	0
1788346802	XAUUSD	M15	4322.84	4502.82554	4549.98942	4412.85665			4319.03779050	4316.13629439	0
1788347702	XAUUSD	M15	4321.84	4502.57884	4549.74272	4412.60995			4321.93865575	4319.03747507	0
1788348602	XAUUSD	M15	4324.75	4502.33214	4549.49602	4412.36325			4324.39309460	4321.71528483	0
1788349502	XAUUSD	M15	4332.34	4502.08544	4549.24932	4412.11655			4326.60579110	4324.16053797	0
1788350402	XAUUSD	M15	4333.28	4501.83874	4549.00262	4411.86985			4328.92736744	4326.54395270	0
1788351302	XAUUSD	M15	4336.46	4501.59204	4548.75592	4411.62314			4332.01267358	4329.27831314	0
1788352202	XAUUSD	M15	4334.35	4501.34534	4548.50921	4411.37644			4336.44173400	4332.86002357	0
1788353102	XAUUSD	M15	4331.70	4501.09864	4548.26251	4411.12974			4342.71293037	4337.78647697	0
1788354002	XAUUSD	M15	4339.54	4500.85193	4548.01581	4410.88304			4350.91710592	4344.35179145	0
1788354902	XAUUSD	M15	4358.32	4500.60523	4547.76911	4410.63634			4360.37466421	4352.36322783	0
1788355802	XAUUSD	M15	4378.21	4500.35853	4547.52241	4410.38964			4369.77359331	4361.06841057	0
1788356702	XAUUSD	M15	4385.52	4500.11183	4547.27571	4410.14294			4377.63107326	4369.34974191	0
1788357602	XAUUSD	M15	4387.85	4499.86513	4547.02901	4409.89624	4397.55000		4382.99315617	4376.17144904	0
1788358502	XAUUSD	M15	4387.78	4499.61843	4546.78231	4409.64953			4385.42300659	4380.79722781	0
1788359402	XAUUSD	M15	4385.65	4499.37173	4546.53560	4409.40283			4385.01295019	4382.90508900	0
1788360302	XAUUSD	M15	4377.01	4499.12502	4546.28890	4409.15613			4382.32776683	4382.61642791	1
1788361202	XAUUSD	M15	4372.64	4498.87832	4546.04220	4408.90943			4378.40153015	4380.50897903	0
1788362102	XAUUSD	M15	4372.51	4498.63162	4545.79550	4408.66273			4374.23451358	4377.37174631	0
1788363002	XAUUSD	M15	4366.29	4498.38492	4545.54880	4408.41603			4370.59501879	4373.98338255	0
1788363902	XAUUSD	M15	4372.99	4498.13822	4545.30210	4408.16933			4368.14075545	4371.06206900	0
1788364802	XAUUSD	M15	4372.45	4497.89152	4545.05540	4407.92263			4366.90475640	4368.98341270	0
1788365702	XAUUSD	M15	4368.72	4497.64482	4544.80870	4407.67592			4366.81027901	4367.89684586	0
1788366602	XAUUSD	M15	4365.07	4497.39812	4544.56199	4407.42922			4367.65678175	4367.77681380	0
1788367502	XAUUSD	M15	4368.37	4497.15141	4544.31529	4407.18252			4369.10774198	4368.44227789	1
1788368402	XAUUSD	M15	4368.92	4496.90471	4544.06859	4406.93582			4370.65870763	4369.55049276	0
1788369302	XAUUSD	M15	4369.81	4496.65801	4543.82189	4406.68912			4371.97065962	4370.76057619	0
1788370202	XAUUSD	M15	4376.47	4496.41131	4543.57519	4406.44242			4372.86136929	4371.81097274	0
1788371102	XAUUSD	M15	4377.03	4496.16461	4543.32849	4406.19572			4373.23380241	4372.52238758	0
1788372002	XAUUSD	M15	4370.27	4495.91791	4543.08179	4405.94901			4373.34119957	4372.93179358	0
1788372902	XAUUSD	M15	4373.14	4495.67121	4542.83508	4405.70231			4373.73391748	4373.33285553	0
1788373802	XAUUSD	M15	4373.03	4495.42451	4542.58838	4405.45561			4374.66829090	4374.00057321	0
1788374702	XAUUSD	M15	4374.10	4495.17780	4542.34168	4405.20891			4376.31219132	4375.15638227	0
1788375602	XAUUSD	M15	4379.24	4494.93110	4542.09498	4404.96221			4378.66136575	4376.90887401	0
1788376502	XAUUSD	M15	4381.15	4494.68440	4541.84828	4404.71551			4381.42299217	4379.16593309	0
1788377402	XAUUSD	M15	4388.14	4494.43770	4541.60158	4404.46881			4384.24085954	4381.70339632	0
1788378302	XAUUSD	M15	4390.96	4494.19100	4541.35488	4404.22211			4386.62930525	4384.16635078	0
1788379202	XAUUSD	M15	4386.03	4493.94430	4541.10818	4403.97540			4388.27791126	4386.22213102	0
1788380102	XAUUSD	M15	4386.38	4493.69760	4540.86147	4403.72870			4389.23141501	4387.72677302	0
1788381002	XAUUSD	M15	4387.94	4493.45089	4540.61477	4403.48200			4389.52551676	4388.62614489	0
1788381902	XAUUSD	M15	4388.10	4493.20419	4540.36807	4403.23530			4389.23474769	4388.93044629	0
1788386402	XAUUSD	M15	4390.03	4492.95749	4540.12137	4402.98860			4388.47888861	4388.70466745	1
1788387302	XAUUSD	M15	4389.90	4492.71079	4539.87467	4402.74190			4387.33231863	4388.01849304	0
1788388202	XAUUSD	M15	4384.96	4492.46409	4539.62797	4402.49520			4385.99425040	4387.00637172	0
1788389102	XAUUSD	M15	4384.53	4492.21739	4539.38127	4402.24849			4384.81976535	4385.91306854	0
1788390002	XAUUSD	M15	4384.04	4491.97069	4539.13457	4402.00179			4384.03279945	4384.97293399	0
1788390902	XAUUSD	M15	4382.18	4491.72399	4538.88786	4401.75509			4383.79670551	4384.38481975	0
1788391802	XAUUSD	M15	4385.28	4491.47728	4538.64116	4401.50839			4384.27782095	4384.33132035	0
1788392702	XAUUSD	M15	4385.66	4491.23058	4538.39446	4401.26169			4385.42114635	4384.87623335	1
1788393602	XAUUSD	M15	4390.26	4490.98388	4538.14776	4401.01499			4387.16910999	4386.02267167	0
1788394502	XAUUSD	M15	4387.20	4490.73718	4537.90106	4400.76829			4389.34893166	4387.68580167	0
1788395402	XAUUSD	M15	4387.77	4490.49048	4537.65436	4400.52159			4391.95662369	4389.82121268	0
1788396302	XAUUSD	M15	4395.64	4490.24378	4537.40766	4400.27488			4394.91492759	4392.36807014	0
1788397202	XAUUSD	M15	4401.52	4489.99708	4537.16095	4400.02818			4397.97692162	4395.17249588	0
1788398102	XAUUSD	M15	4401.80	4489.75037	4536.91425	4399.78148			4401.01763193	4398.09506391	0
1788399002	XAUUSD	M15	4400.86	4489.50367	4536.66755	4399.53478			4404.08553075	4401.09029733	0
1788399902	XAUUSD	M15	4410.27	4489.25697	4536.42085	4399.28808			4407.28826852	4404.18928292	0
1788400802	XAUUSD	M15	4411.14	4489.01027	4536.17415	4399.04138			4410.47932243	4407.33430268	0
1788401702	XAUUSD	M15	4411.58	4488.76357	4535.92745	4398.79468			4413.72375202	4410.52902735	0
1788402602	XAUUSD	M15	4413.50	4488.51687	4535.68075	4398.54798			4417.08743536	4413.80823135	0
1788403502	XAUUSD	M15	4420.37	4488.27017	4535.43405	4398.30127			4420.57107332	4417.18965233	0
1788404402	XAUUSD	M15	4428.80	4488.02347	4535.18734	4398.05457			4423.97626307	4420.58295770	0
1788405302	XAUUSD	M15	4429.39	4487.77676	4534.94064	4397.80787			4427.03372940	4423.80834355	0
1788406202	XAUUSD	M15	4426.62	4487.53006	4534.69394	4397.56117			4429.68306712	4426.74570534	0
1788407102	XAUUSD	M15	4431.47	4487.28336	4534.44724	4397.31447			4431.94342661	4429.34456597	0
1788408002	XAUUSD	M15	4431.20	4487.03666	4534.20054	4397.06777			4433.64483476	4431.49470037	0
1788408902	XAUUSD	M15	4436.50	4486.78996	4533.95384	4396.82107			4434.73303139	4433.11386588	0
1788409802	XAUUSD	M15	4437.99	4486.54326	4533.70714	4396.57436			4435.03391536	4434.07389062	0
1788410702	XAUUSD	M15	4437.42	4486.29656	4533.46044	4396.32766			4434.53657437	4434.30523249	0
1788411602	XAUUSD	M15	4429.66	4486.04986	4533.21373	4396.08096			4433.31620207	4433.81071728	1
1788412502	XAUUSD	M15	4425.09	4485.80315	4532.96703	4395.83426			4431.64359102	4432.72715415	0
1788413402	XAUUSD	M15	4432.27	4485.55645	4532.72033	4395.58756			4429.74026136	4431.23370776	0
1788414302	XAUUSD	M15	4431.08	4485.30975	4532.47363	4395.34086			4427.62190151	4429.42780463	0
1788415202	XAUUSD	M15	4427.04	4485.06305	4532.22693	4395.09416			4425.55821028	4427.49300746	0
1788416102	XAUUSD	M15	4421.66	4484.81635	4531.98023	4394.84746			4423.91825837	4425.70563291	0
1788417002	XAUUSD	M15	4425.63	4484.56965	4531.73353	4394.60075			4423.02956384	4424.36759837	0
1788417902	XAUUSD	M15	4420.58	4484.32295	4531.48682	4394.35405			4422.90151845	4423.63455841	0
1788418802	XAUUSD	M15	4421.98	4484.07624	4531.24012	4394.10735			4423.67239104	4423.65347473	1
1788419702	XAUUSD	M15	4426.49	4483.82954	4530.99342	4393.86065			4425.23909414	4424.44628444	0
1788420602	XAUUSD	M15	4426.83	4483.58284	4530.74672	4393.61395			4427.31192996	4425.87910720	0
1788421502	XAUUSD	M15	4428.83	4483.33614	4530.50002	4393.36725			4429.65034025	4427.76472373	0
1788422402	XAUUSD	M15	4431.23	4483.08944	4530.25332	4393.12055			4431.99905707	4429.88189040	0
1788423302	XAUUSD	M15	4438.33	4482.84274	4530.00662	4392.87385			4434.09450470	4431.98819755	0
1788424202	XAUUSD	M15	4434.13	4482.59604	4529.75992	4392.62714			4435.50365182	4433.74592468	0
1788425102	XAUUSD	M15	4434.98	4482.34934	4529.51321	4392.38044			4436.10895733	4434.92744101	0
1788426002	XAUUSD	M15	4438.25	4482.10263	4529.26651	4392.13374			4435.74221890	4435.33482995	0
1788426902	XAUUSD	M15	4435.29	4481.85593	4529.01981	4391.88704			4434.29896804	4434.81689900	1
1788427802	XAUUSD	M15	4430.03	4481.60923	4528.77311	4391.64034			4431.97305552	4433.39497726	0
1788428702	XAUUSD	M15	4427.52	4481.36253	4528.52641	4391.39364			4429.20900119	4431.30198923	0
1788429602	XAUUSD	M15	4424.45	4481.11583	4528.27971	4391.14694			4426.52731431	4428.91465177	0
1788430502	XAUUSD	M15	4422.51	4480.86913	4528.03301	4390.90023			4424.55648451	4426.73556814	0
1788431402	XAUUSD	M15	4425.63	4480.62243	4527.78630	4390.65353			4423.88207157	4425.30881986	0
1788432302	XAUUSD	M15	4427.51	4480.37573	4527.53960	4390.40683			4424.84774267	4425.07828126	0
1788433202	XAUUSD	M15	4432.72	4480.12902	4527.29290	4390.16013			4427.67862249	4426.37845188	1
1788434102	XAUUSD	M15	4434.33	4479.88232	4527.04620	4389.91343			4432.30365643	4429.34105415	0
1788435002	XAUUSD	M15	4438.77	4479.63562	4526.79950	4389.66673			4438.52150463	4433.93127939	0
1788435902	XAUUSD	M15	4444.13	4479.38892	4526.55280	4389.42003			4445.84472514	4439.88800227	0
1788436802	XAUUSD	M15	4443.86	4479.14222	4526.30610	4389.17333			4453.58880049	4446.73840138	0
1788437702	XAUUSD	M15	4446.55	4478.89552	4526.05940	4388.92662			4461.15921652	4453.94880895	0
1788438602	XAUUSD	M15	4468.01	4478.64882	4525.81269	4388.67992			4467.93369790	4460.94125342	0
1788439502	XAUUSD	M15	4493.36	4478.40211	4525.56599	4388.43322			4472.97953189	4466.96039266	0
1788440402	XAUUSD	M15	4485.60	4478.15541	4525.31929	4388.18652			4475.58681590	4471.27360428	0
1788441302	XAUUSD	M15	4479.96	4477.90871	4525.07259	4387.93982			4476.31653651	4473.79507040	0
1788442202	XAUUSD	M15	4470.14	4477.66201	4524.82589	4387.69312			4476.04573111	4474.92040075	0
1788443102	XAUUSD	M15	4470.93	4477.41531	4524.57919	4387.44642			4475.89638480	4475.40839278	0
1788444002	XAUUSD	M15	4469.12	4477.16861	4524.33249	4387.19972			4476.62587550	4476.01713414	0
1788444902	XAUUSD	M15	4477.70	4476.92191	4524.08579	4386.95301			4478.73209280	4477.37461347	0
1788445802	XAUUSD	M15	4473.04	4476.67521	4523.83908	4386.70631			4482.06140721	4479.71801034	0
1788446702	XAUUSD	M15	4485.38	4476.42850	4523.59238	4386.45961			4486.41635052	4483.06718043	0
1788447602	XAUUSD	M15	4503.50	4476.18180	4523.34568	4386.21291			4490.88670023	4486.97694033	0
1788448502	XAUUSD	M15	4506.78	4475.93510	4523.09898	4385.96621	4510.78000		4494.36337540	4490.67015787	0
1788449402	XAUUSD	M15	4495.01	4475.68840	4522.85228	4385.71951			4496.30880287	4493.48948037	0
1788450302	XAUUSD	M15	4493.24	4475.44170	4522.60558	4385.47281			4496.87876436	4495.18412237	0
1788451202	XAUUSD	M15	4493.97	4475.19500	4522.35888	4385.22610			4496.24234782	4495.71323510	0
1788452102	XAUUSD	M15	4493.23	4474.94830	4522.11217	4384.97940			4494.68747625	4495.20035567	1
1788453002	XAUUSD	M15	4487.95	4474.70160	4521.86547	4384.73270			4492.63120334	4493.91577951	0
1788453902	XAUUSD	M15	4486.24	4474.45489	4521.61877	4384.48600			4490.61046133	4492.26312042	0
1788454802	XAUUSD	M15	4487.93	4474.20819	4521.37207	4384.23930			4488.92807840	4490.59559941	0
1788455702	XAUUSD	M15	4492.91	4473.96149	4521.12537	4383.99260			4487.59941249	4489.09750595	0
1788456602	XAUUSD	M15	4491.91	4473.71479	4520.87867	4383.74590			4486.38660199	4487.74205397	0
1788457502	XAUUSD	M15	4486.61	4473.46809	4520.63197	4383.49920			4485.13679656	4486.43942526	0
1788458402	XAUUSD	M15	4483.95	4473.22139	4520.38527	4383.25249			4483.80590454	4485.12266490	0
1788459302	XAUUSD	M15	4479.87	4472.97469	4520.13856	4383.00579			4482.30130703	4483.71198597	0
1788460202	XAUUSD	M15	4481.49	4472.72798	4519.89186	4382.75909			4480.62351298	4482.16774947	0
1788461102	XAUUSD	M15	4475.21	4472.48128	4519.64516	4382.51239			4478.74123698	4480.45449322	0
1788462002	XAUUSD	M15	4474.42	4472.23458	4519.39846	4382.26569			4476.92560081	4478.69004702	0
1788462902	XAUUSD	M15	4475.85	4471.98788	4519.15176	4382.01899			4475.35068732	4477.02036717	0
1788463802	XAUUSD	M15	4477.53	4471.74118	4518.90506	4381.77229			4474.11928437	4475.56982577	0
1788464702	XAUUSD	M15	4474.49	4471.49448	4518.65836	4381.52559			4473.28383971	4474.42683274	0
1788465602	XAUUSD	M15	4471.85	4471.24778	4518.41166	4381.27888			4472.93471539	4473.68077407	0
1788466502	XAUUSD	M15	4471.65	4471.00108	4518.16495	4381.03218			4473.01787500	4473.34932454	0
1788467402	XAUUSD	M15	4472.41	4470.75437	4517.91825	4380.78548			4473.34519876	4473.34726165	0
1788468302	XAUUSD	M15	4473.19	4470.50767	4517.67155	4380.53878			4473.76936829	4473.55831497	1
1788472802	XAUUSD	M15	4478.06	4470.26097	4517.42485	4380.29208			4474.17788922	4473.86810209	0
1788473702	XAUUSD	M15	4475.10	4470.01427	4517.17815	4380.04538			4474.42844856	4474.14827532	0
1788474602	XAUUSD	M15	4473.85	4469.76757	4516.93145	4379.79868			4474.65002237	4474.39914885	0
1788475502	XAUUSD	M15	4474.53	4469.52087	4516.68475	4379.55197			4474.98902966	4474.69408925	0
1788476402	XAUUSD	M15	4474.19	4469.27417	4516.43804	4379.30527			4475.50992931	4475.10200928	0
1788477302	XAUUSD	M15	4473.86	4469.02747	4516.19134	4379.05857			4476.28487514	4475.69344221	0
1788478202	XAUUSD	M15	4477.33	4468.78076	4515.94464	4378.81187			4477.25956473	4476.47650347	0
1788479102	XAUUSD	M15	4480.02	4468.53406	4515.69794	4378.56517			4478.18026120	4477.32838234	0
1788480002	XAUUSD	M15	4480.86	4468.28736	4515.45124	4378.31847			4478.82887831	4478.07863032	0
1788480902	XAUUSD	M15	4474.62	4468.04066	4515.20454	4378.07177			4479.10436203	4478.59149618	0
1788481802	XAUUSD	M15	4482.24	4467.79396	4514.95784	4377.82507			4479.16403220	4478.87776419	0
1788482702	XAUUSD	M15	4486.54	4467.54726	4514.71114	4377.57836	4487.09000		4478.84616154	4478.86196286	1
1788483602	XAUUSD	M15	4474.91	4467.30056	4514.46443	4377.33166			4478.12322655	4478.49259471	0
1788484502	XAUUSD	M15	4470.87	4467.05385	4514.21773	4377.08496			4477.41616508	4477.95437989	0
1788485402	XAUUSD	M15	4473.98	4466.80715	4513.97103	4376.83826			4476.88716682	4477.42077336	0
1788486302	XAUUSD	M15	4478.86	4466.56045	4513.72433	4376.59156			4476.43006909	4476.92542122	0
1788487202	XAUUSD	M15	4479.32	4466.31375	4513.47763	4376.34486			4475.82128686	4476.37335404	0
1788488102	XAUUSD	M15	4473.95	4466.06705	4513.23093	4376.09816			4474.96939921	4475.67137663	0
1788489002	XAUUSD	M15	4470.92	4465.82035	4512.98423	4375.85145			4474.00580271	4474.83858967	0
1788489902	XAUUSD	M15	4477.37	4465.57365	4512.73753	4375.60475			4473.04237444	4473.94048206	0
1788490802	XAUUSD	M15	4473.44	4465.32695	4512.49082	4375.35805			4472.01877588	4472.97962897	0
1788491702	XAUUSD	M15	4472.49	4465.08024	4512.24412	4375.11135			4471.16136152	4472.07049524	0
1788492602	XAUUSD	M15	4469.21	4464.83354	4511.99742	4374.86465			4470.63060693	4471.35055109	0
1788493502	XAUUSD	M15	4467.04	4464.58684	4511.75072	4374.61795			4470.56326137	4470.95690623	0
1788494402	XAUUSD	M15	4469.34	4464.34014	4511.50402	4374.37125			4470.94490967	4470.95090795	0
1788495302	XAUUSD	M15	4471.69	4464.09344	4511.25732	4374.12455			4471.51234050	4471.23162423	1
1788496202	XAUUSD	M15	4474.18	4463.84674	4511.01062	4373.87784			4471.95604831	4471.59383627	0
1788497102	XAUUSD	M15	4473.75	4463.60004	4510.76391	4373.63114			4471.98260934	4471.78822281	0
1788498002	XAUUSD	M15	4469.31	4463.35333	4510.51721	4373.38444			4471.44795656	4471.61808968	1
1788498902	XAUUSD	M15	4467.58	4463.10663	4510.27051	4373.13774			4470.59491042	4471.10650005	0
1788499802	XAUUSD	M15	4471.00	4462.85993	4510.02381	4372.89104			4469.52935040	4470.31792522	0
1788500702	XAUUSD	M15	4472.11	4462.61323	4509.77711	4372.64434			4468.30572951	4469.31182736	0
1788501602	XAUUSD	M15	4468.96	4462.36653	4509.53041	4372.39764			4467.13970101	4468.22576418	0
1788502502	XAUUSD	M15	4468.84	4462.11983	4509.28371	4372.15094			4466.47429900	4467.35003159	0
1788503402	XAUUSD	M15	4464.14	4461.87313	4509.03701	4371.90423			4466.71235990	4467.03119574	0
1788504302	XAUUSD	M15	4462.94	4461.62643	4508.79030	4371.65753		4460.05000	4468.18996391	4467.61057983	1
1788505202	XAUUSD	M15	4467.75	4461.37972	4508.54360	4371.41083			4470.95404465	4469.28231224	0
1788506102	XAUUSD	M15	4472.82	4461.13302	4508.29690	4371.16413			4474.56051080	4471.92141152	0
1788507002	XAUUSD	M15	4485.68	4460.88632	4508.05020	4370.91743			4478.28594718	4475.10367935	0
1788507902	XAUUSD	M15	4483.44	4460.63962	4507.80350	4370.67073	4490.71000		4481.05926195	4478.08147065	0
1788508802	XAUUSD	M15	4482.00	4460.39292	4507.55680	4370.42403			4482.35264836	4480.21705951	0
1788509702	XAUUSD	M15	4481.13	4460.14622	4507.31010	4370.17732			4481.84402494	4481.03054223	0
1788510602	XAUUSD	M15	4477.56	4459.89952	4507.06340	4369.93062			4479.58695834	4480.30875028	1
1788511502	XAUUSD	M15	4477.75	4459.65282	4506.81669	4369.68392			4476.10411206	4478.20643117	0
1788512402	XAUUSD	M15	4470.17	4459.40611	4506.56999	4369.43722			4472.11071246	4475.15857182	0
1788513302	XAUUSD	M15	4466.65	4459.15941	4506.32329	4369.19052			4468.61433913	4471.88645547	0
1788514202	XAUUSD	M15	4467.30	4458.91271	4506.07659	4368.94382			4466.42998908	4469.15822228	0
1788515102	XAUUSD	M15	4465.58	4458.66601	4505.82989	4368.69712			4465.99233803	4467.57528015	0
1788516002	XAUUSD	M15	4472.75	4458.41931	4505.58319	4368.45042			4467.39628552	4467.48578283	0
1788516902	XAUUSD	M15	4471.24	4458.17261	4505.33649	4368.20371			4470.05651651	4468.77114967	1
1788517802	XAUUSD	M15	4473.62	4457.92591	4505.08978	4367.95701			4473.17500331	4470.97307649	0
1788518702	XAUUSD	M15	4472.88	4457.67920	4504.84308	4367.71031			4475.61420191	4473.29363920	0
1788519602	XAUUSD	M15	4470.25	4457.43250	4504.59638	4367.46361			4476.26567119	4474.77965519	0
1788520502	XAUUSD	M15	4465.68	4457.18580	4504.34968	4367.21691			4474.26361350	4474.52163435	1
1788521402	XAUUSD	M15	4468.25	4456.93910	4504.10298	4366.97021			4469.15218743	4471.83691089	0
1788522302	XAUUSD	M15	4466.95	4456.69240	4503.85628	4366.72351			4460.79187710	4466.31439399	0
1788523202	XAUUSD	M15	4464.73	4456.44570	4503.60958	4366.47681			4449.72617400	4458.02028400	0
1788524102	XAUUSD	M15	4472.68	4456.19900	4503.36288	4366.23010			4437.07627990	4447.54828195	0
1788525002	XAUUSD	M15	4394.06	4455.95230	4503.11617	4365.98340			4424.10072633	4435.82450414	0
1788525902	XAUUSD	M15	4393.75	4455.70559	4502.86947	4365.73670			4414.33418253	4425.07934334	0
1788526802	XAUUSD	M15	4394.19	4455.45889	4502.62277	4365.49000		4365.49000	4408.79497192	4416.93715763	0
1788527702	XAUUSD	M15	4412.62	4455.21219	4502.37607	4365.24330			4407.70170821	4412.31943292	0
1788528602	XAUUSD	M15	4423.85	4454.96549	4502.12937	4364.99660			4410.11116801	4411.21530047	0
1788529502	XAUUSD	M15	4413.48	4454.71879	4501.88267	4364.74990			4414.82420082	4413.01975064	1
1788530402	XAUUSD	M15	4433.99	4454.47209	4501.63597	4364.50319			4421.01443748	4417.01709406	0
1788531302	XAUUSD	M15	4429.04	4454.22539	4501.38926	4364.25649			4427.12932355	4422.07320881	0
1788532202	XAUUSD	M15	4428.51	4453.97869	4501.14256	4364.00979			4432.54224153	4427.30772517	0
1788533102	XAUUSD	M15	4427.56	4453.73198	4500.89586	4363.76309			4436.83054775	4432.06913646	0
1788534002	XAUUSD	M15	4443.44	4453.48528	4500.64916	4363.51639			4439.87352966	4435.97133306	0
1788534902	XAUUSD	M15	4439.78	4453.23858	4500.40246	4363.26969			4441.30425973	4438.63779639	0
1788535802	XAUUSD	M15	4442.97	4452.99188	4500.15576	4363.02299			4441.46098371	4440.04939005	0
1788536702	XAUUSD	M15	4436.70	4452.74518	4499.90906	4362.77629			4440.55506424	4440.30222715	0
1788537602	XAUUSD	M15	4438.77	4452.49848	4499.66236	4362.52958			4439.01831032	4439.66026873	1
1788538502	XAUUSD	M15	4434.24	4452.25178	4499.41565	4362.28288			4436.97749506	4438.31888190	0
1788539402	XAUUSD	M15	4438.02	4452.00507	4499.16895	4362.03618			4434.65222707	4436.48555448	0
1788540302	XAUUSD	M15	4436.50	4451.75837	4498.92225	4361.78948			4432.00723069	4434.24639259	0
1788541202	XAUUSD	M15	4434.18	4451.51167	4498.67555	4361.54278			4429.11556971	4431.68098115	0
1788542102	XAUUSD	M15	4428.65	4451.26497	4498.42885	4361.29608			4426.14270377	4428.91184246	0
1788543002	XAUUSD	M15	4417.09	4451.01827	4498.18215	4361.04938			4423.47664310	4426.19424278	0
1788543902	XAUUSD	M15	4416.56	4450.77157	4497.93545	4360.80268			4421.71842111	4423.95633194	0
1788544802	XAUUSD	M15	4419.51	4450.52487	4497.68875	4360.55597		4412.00000	4421.14514804	4422.55073999	0
1788545702	XAUUSD	M15	4424.75	4450.27817	4497.44204	4360.30927			4421.79757022	4422.17415511	0
1788546602	XAUUSD	M15	4422.97	4450.03146	4497.19534	4360.06257			4423.51392285	4422.84403898	1
1788547502	XAUUSD	M15	4423.99	4449.78476	4496.94864	4359.81587			4426.10527008	4424.47465453	0
1788548402	XAUUSD	M15	4429.14	4449.53806	4496.70194	4359.56917			4429.12287456	4426.79876455	0
1788549302	XAUUSD	M15	4435.65	4449.29136	4496.45524	4359.32247			4431.90277728	4429.35077091	0
1788550202	XAUUSD	M15	4437.01	4449.04466	4496.20854	4359.07577			4433.70282851	4431.52679971	0
1788551102	XAUUSD	M15	4434.93	4448.79796	4495.96184	4358.82906			4434.42808662	4432.97744316	0
1788552002	XAUUSD	M15	4431.68	4448.55126	4495.71513	4358.58236			4434.01140707	4433.49442512	0
1788552902	XAUUSD	M15	4430.12	4448.30456	4495.46843	4358.33566			4432.86414602	4433.17928557	1
1788553802	XAUUSD	M15	4430.55	4448.05785	4495.22173	4358.08896			4431.38899786	4432.28414171	0
1788554702	XAUUSD	M15	4430.12	4447.81115	4494.97503	4357.84226			4429.98436435	4431.13425303	0
1788732002	XAUUSD	M15	4429.18	4447.56445	4494.72833	4357.59556			4428.93640187	4430.03532745	0
1788732902	XAUUSD	M15	4428.77	4447.31775	4494.48163	4357.34886			4428.40823999	4429.22178372	0
1788733802	XAUUSD	M15	4430.60	4447.07105	4494.23493	4357.10216			4428.43501403	4428.82839887	0
1788734702	XAUUSD	M15	4429.27	4446.82435	4493.98823	4356.85545			4428.75153997	4428.78996942	0
1788735602	XAUUSD	M15	4429.85	4446.57765	4493.74152	4356.60875			4429.09580992	4428.94288967	1
1788736502	XAUUSD	M15	4426.90	4446.33094	4493.49482	4356.36205			4429.10542893	4429.02415930	0
1788737402	XAUUSD	M15	4429.00	4446.08424	4493.24812	4356.11535			4428.50601426	4428.76508678	1
1788738302	XAUUSD	M15	4423.31	4445.83754	4493.00142	4355.86865			4426.93654036	4427.85081357	0
1788739202	XAUUSD	M15	4425.20	4445.59084	4492.75472	4355.62195			4424.43498120	4426.14289739	0
1788740102	XAUUSD	M15	4422.29	4445.34414	4492.50802	4355.37525			4421.01929537	4423.58109638	0
1788741002	XAUUSD	M15	4423.95	4445.09744	4492.26132	4355.12855			4417.03407112	4420.30758375	0
1788741902	XAUUSD	M15	4412.58	4444.85074	4492.01462	4354.88184			4412.77816933	4416.54287654	0
1788742802	XAUUSD	M15	4399.82	4444.60404	4491.76791	4354.63514			4409.03546752	4412.78917203	0
1788743702	XAUUSD	M15	4403.36	4444.35733	4491.52121	4354.38844			4406.61081097	4409.69999150	0
1788744602	XAUUSD	M15	4410.35	4444.11063	4491.27451	4354.14174			4405.57637179	4407.63818165	0
1788745502	XAUUSD	M15	4409.14	4443.86393	4491.02781	4353.89504			4405.53579965	4406.58699065	0
1788746402	XAUUSD	M15	4403.59	4443.61723	4490.78111	4353.64834			4406.24379065	4406.41539065	0
1788747302	XAUUSD	M15	4407.68	4443.37053	4490.53441	4353.40164			4407.73085377	4407.07312221	1
1788748202	XAUUSD	M15	4414.91	4443.12383	4490.28771	4353.15493			4409.42837465	4408.25074843	0
1788749102	XAUUSD	M15	4408.93	4442.87713	4490.04100	4352.90823			4410.32985013	4409.29029928	0
1788750002	XAUUSD	M15	4407.94	4442.63043	4489.79430	4352.66153			4410.48566463	4409.88798196	0
1788750902	XAUUSD	M15	4408.75	4442.38372	4489.54760	4352.41483			4410.01250131	4409.95024163	0
1788751802	XAUUSD	M15	4401.84	4442.13702	4489.30090	4352.16813			4407.35100293	4408.65062228	1
1788752702	XAUUSD	M15	4403.71	4441.89032	4489.05420	4351.92143			4404.64815716	4406.64938972	0
