Non_A_timestamp	Non_A_symbol	Non_A_timeframe	Non_A_close	Non_A_Base_FL	Non_A_UOEDT	Non_A_LOEDT	Non_A_horiz_high_map	Non_A_horiz_low_map	Non_A_ssa	Non_A_ema_ssa	Non_A_crossing
1787295002	XAUUSD	M5	4564.76						4562.91337184	4563.40827965	0
1787295302	XAUUSD	M5	4560.86						4562.55537907	4562.98182936	0
1787295602	XAUUSD	M5	4566.00						4562.84041419	4562.91112178	0
1787295902	XAUUSD	M5	4559.14						4563.11813042	4563.01462610	1
1787296202	XAUUSD	M5	4561.45						4563.63708471	4563.32585540	0
1787296502	XAUUSD	M5	4566.37						4564.04629670	4563.68607605	0
1787296802	XAUUSD	M5	4563.60						4564.02086263	4563.85346934	0
1787297102	XAUUSD	M5	4561.77						4563.69244795	4563.77295865	1
1787297402	XAUUSD	M5	4562.11						4563.21903231	4563.49599548	0
1787297702	XAUUSD	M5	4564.22						4562.71039206	4563.10319377	0
1787298002	XAUUSD	M5	4564.27						4562.28827481	4562.69573429	0
1787298302	XAUUSD	M5	4566.03						4562.15784969	4562.42679199	0
1787298602	XAUUSD	M5	4561.84						4562.41020350	4562.41849775	0
1787298902	XAUUSD	M5	4564.27						4563.25247945	4562.83548860	1
1787299202	XAUUSD	M5	4561.56						4564.63690964	4563.73619912	0
1787299502	XAUUSD	M5	4561.67						4566.55824001	4565.14721956	0
1787299802	XAUUSD	M5	4565.54						4568.87789543	4567.01255750	0
1787300102	XAUUSD	M5	4572.72						4571.37422270	4569.19339010	0
1787300402	XAUUSD	M5	4577.77						4573.81057368	4571.50198189	0
1787300702	XAUUSD	M5	4579.29						4576.05857712	4573.78027950	0
1787301002	XAUUSD	M5	4580.80						4578.12717380	4575.95372665	0
1787301302	XAUUSD	M5	4579.41						4580.05164800	4578.00268733	0
1787301602	XAUUSD	M5	4582.53						4581.94068303	4579.97168518	0
1787301902	XAUUSD	M5	4581.00						4583.80325025	4581.88746772	0
1787302202	XAUUSD	M5	4581.47						4585.65165453	4583.76956112	0
1787302502	XAUUSD	M5	4584.24						4587.41469866	4585.59212989	0
1787302802	XAUUSD	M5	4586.14						4588.93894225	4587.26553607	0
1787303102	XAUUSD	M5	4595.06						4590.06619628	4588.66586618	0
1787303402	XAUUSD	M5	4599.19						4590.68954354	4589.67770486	0
1787303702	XAUUSD	M5	4593.09				4601.72000		4590.40508834	4590.04139660	0
1787304002	XAUUSD	M5	4586.97						4589.36380014	4589.70259837	1
1787304302	XAUUSD	M5	4582.24						4587.85276435	4588.77768136	0
1787304602	XAUUSD	M5	4582.78						4586.19219660	4587.48493898	0
1787304902	XAUUSD	M5	4585.65						4584.56929430	4586.02711664	0
1787305202	XAUUSD	M5	4583.21						4583.12094915	4584.57403289	0
1787305502	XAUUSD	M5	4581.50						4582.06246229	4583.31824759	0
1787305802	XAUUSD	M5	4584.07						4581.53570096	4582.42697428	0
1787306102	XAUUSD	M5	4582.72						4581.51216582	4581.96957005	0
1787306402	XAUUSD	M5	4585.14						4581.99758661	4581.98357833	1
1787306702	XAUUSD	M5	4583.33						4582.86314187	4582.42336010	0
1787307002	XAUUSD	M5	4578.79					4577.97000	4584.06194277	4583.24265143	0
1787307302	XAUUSD	M5	4584.43						4585.55962214	4584.40113679	0
1787307602	XAUUSD	M5	4586.10						4587.06800791	4585.73457235	0
1787307902	XAUUSD	M5	4588.57						4588.45090421	4587.09273828	0
1787308202	XAUUSD	M5	4590.54						4589.59184956	4588.34229392	0
1787308502	XAUUSD	M5	4593.34						4590.44064115	4589.39146753	0
1787308802	XAUUSD	M5	4593.26						4590.97583586	4590.18365170	0
1787309102	XAUUSD	M5	4590.66						4591.27822771	4590.73093971	0
1787309402	XAUUSD	M5	4590.34						4591.52137342	4591.12615656	0
1787309702	XAUUSD	M5	4588.42						4591.80732046	4591.46673851	0
1787310002	XAUUSD	M5	4593.90						4592.26174369	4591.86424110	0
1787310302	XAUUSD	M5	4592.21						4592.80845354	4592.33634732	0
1787310602	XAUUSD	M5	4590.58						4593.49325078	4592.91479905	0
1787310902	XAUUSD	M5	4596.19						4594.35995026	4593.63737465	0
1787311202	XAUUSD	M5	4598.07						4595.25963583	4594.44850524	0
1787311502	XAUUSD	M5	4598.52						4596.14911616	4595.29881070	0
1787311802	XAUUSD	M5	4594.99						4596.99277397	4596.14579233	0
1787312102	XAUUSD	M5	4597.20				4604.61000		4597.81754709	4596.98166971	0
1787312402	XAUUSD	M5	4597.30						4598.46210875	4597.72188923	0
1787312702	XAUUSD	M5	4599.77						4598.77514704	4598.24851813	0
1787313002	XAUUSD	M5	4597.58						4598.55180784	4598.40016299	0
1787313302	XAUUSD	M5	4597.00						4597.70469659	4598.05242979	1
1787313602	XAUUSD	M5	4595.72						4596.14522457	4597.09882718	0
1787313902	XAUUSD	M5	4593.65						4593.88190101	4595.49036409	0
1787314202	XAUUSD	M5	4592.83						4591.00121616	4593.24579012	0
1787314502	XAUUSD	M5	4587.93						4587.63843566	4590.44211289	0
1787314802	XAUUSD	M5	4585.68						4584.10173065	4587.27192177	0
1787315102	XAUUSD	M5	4584.82						4580.71232606	4583.99212391	0
1787315402	XAUUSD	M5	4577.84						4577.78491730	4580.88852061	0
1787315702	XAUUSD	M5	4564.70						4575.74874000	4578.31863030	0
1787316002	XAUUSD	M5	4573.67					4563.58000	4575.07387574	4576.69625302	0
1787316302	XAUUSD	M5	4579.52						4575.50060363	4576.09842832	0
1787316602	XAUUSD	M5	4579.83						4576.67073259	4576.38458046	1
1787316902	XAUUSD	M5	4578.03						4578.27912414	4577.33185230	0
1787317202	XAUUSD	M5	4581.16						4580.05507421	4578.69346326	0
1787317502	XAUUSD	M5	4580.92						4581.62693165	4580.16019745	0
1787317802	XAUUSD	M5	4584.71						4582.79025508	4581.47522627	0
1787318102	XAUUSD	M5	4580.86						4583.35732802	4582.41627714	0
1787318402	XAUUSD	M5	4583.10						4583.47802442	4582.94715078	0
1787318702	XAUUSD	M5	4584.13						4583.24715823	4583.09715451	0
1787319002	XAUUSD	M5	4574.34						4582.88273681	4582.98994566	1
1787319302	XAUUSD	M5	4587.36						4582.87534100	4582.93264333	0
1787319602	XAUUSD	M5	4587.54						4583.11654244	4583.02459288	1
1787319902	XAUUSD	M5	4589.95						4583.72111723	4583.37285506	0
1787320202	XAUUSD	M5	4581.23						4584.66087833	4584.01686669	0
1787320502	XAUUSD	M5	4581.04						4586.10768962	4585.06227815	0
1787320802	XAUUSD	M5	4588.48						4587.92204746	4586.49216281	0
1787321102	XAUUSD	M5	4587.45						4589.70436744	4588.09826512	0
1787321402	XAUUSD	M5	4589.57						4591.23823473	4589.66824993	0
1787321702	XAUUSD	M5	4590.40						4592.27221289	4590.97023141	0
1787322002	XAUUSD	M5	4597.71						4592.66962494	4591.81992818	0
1787322302	XAUUSD	M5	4603.14						4592.26513380	4592.04253099	0
1787322602	XAUUSD	M5	4590.05						4591.09931779	4591.57092439	1
1787322902	XAUUSD	M5	4581.96						4589.81042340	4590.69067389	0
1787323202	XAUUSD	M5	4582.40						4588.92670828	4589.80869109	0
1787323502	XAUUSD	M5	4591.48						4588.69743367	4589.25306238	0
1787323802	XAUUSD	M5	4589.48						4589.02924939	4589.14115588	0
1787324102	XAUUSD	M5	4591.56						4590.01212549	4589.57664069	1
1787324402	XAUUSD	M5	4593.18						4591.54238121	4590.55951095	0
1787324702	XAUUSD	M5	4594.01						4593.50795218	4592.03373157	0
1787325002	XAUUSD	M5	4595.16						4595.80969649	4593.92171403	0
1787325302	XAUUSD	M5	4597.43						4598.31617401	4596.11894402	0
1787325602	XAUUSD	M5	4602.37						4600.88635421	4598.50264912	0
1787325902	XAUUSD	M5	4602.90						4603.34691686	4600.92478299	0
1787326202	XAUUSD	M5	4606.01						4605.67085793	4603.29782046	0
1787326502	XAUUSD	M5	4606.74						4607.76410506	4605.53096276	0
1787326802	XAUUSD	M5	4609.52						4609.61139314	4607.57117795	0
1787327102	XAUUSD	M5	4607.77						4611.12493541	4609.34805668	0
1787327402	XAUUSD	M5	4613.65						4612.32866415	4610.83836042	0
1787327702	XAUUSD	M5	4614.54						4613.06870136	4611.95353089	0
1787328002	XAUUSD	M5	4617.10						4613.37566506	4612.66459797	0
1787328302	XAUUSD	M5	4610.23						4613.34395076	4613.00427437	0
1787328602	XAUUSD	M5	4614.50						4613.32861568	4613.16644502	0
1787328902	XAUUSD	M5	4614.01						4613.45532203	4613.31088353	0
1787329202	XAUUSD	M5	4613.04						4613.95644923	4613.63366638	0
1787329502	XAUUSD	M5	4614.05						4615.05370181	4614.34368409	0
1787329802	XAUUSD	M5	4615.72						4616.80462867	4615.57415638	0
1787330102	XAUUSD	M5	4619.28						4619.10521744	4617.33968691	0
1787330402	XAUUSD	M5	4621.57						4621.68712337	4619.51340514	0
1787330702	XAUUSD	M5	4624.00						4624.21061427	4621.86200970	0
1787331002	XAUUSD	M5	4627.39						4626.30560983	4624.08380977	0
1787331302	XAUUSD	M5	4628.85						4627.60567026	4625.84474001	0
1787331602	XAUUSD	M5	4627.52						4627.91712198	4626.88093099	0
1787331902	XAUUSD	M5	4630.63				4631.98000		4627.30060746	4627.09076923	0
1787332202	XAUUSD	M5	4623.34						4625.85244194	4626.47160558	1
1787332502	XAUUSD	M5	4623.11						4624.03170317	4625.25165437	0
1787332802	XAUUSD	M5	4618.28						4622.14359520	4623.69762479	0
1787333102	XAUUSD	M5	4622.16						4620.61891868	4622.15827173	0
1787333402	XAUUSD	M5	4620.66						4619.59584515	4620.87705844	0
1787333702	XAUUSD	M5	4622.75						4619.22788908	4620.05247376	0
1787334002	XAUUSD	M5	4619.52						4619.46485692	4619.75866534	0
1787334302	XAUUSD	M5	4618.85						4620.28049859	4620.01958196	1
1787334602	XAUUSD	M5	4619.77						4621.50614996	4620.76286596	0
1787334902	XAUUSD	M5	4620.54						4622.87498956	4621.81892776	0
1787335202	XAUUSD	M5	4626.06						4624.13304119	4622.97598447	0
1787335502	XAUUSD	M5	4625.82						4624.96203674	4623.96901061	0
1787335802	XAUUSD	M5	4624.13						4625.29581636	4624.63241348	0
1787336102	XAUUSD	M5	4626.73						4625.20445395	4624.91843372	0
1787336402	XAUUSD	M5	4626.42						4624.74405344	4624.83124358	1
1787336702	XAUUSD	M5	4625.17						4624.07855757	4624.45490058	0
1787337002	XAUUSD	M5	4622.14						4623.41058835	4623.93274447	0
1787337302	XAUUSD	M5	4619.75						4622.93316588	4623.43295517	0
1787337602	XAUUSD	M5	4620.88						4622.76548982	4623.09922250	0
1787337902	XAUUSD	M5	4624.61						4622.84234153	4622.97078201	0
1787338202	XAUUSD	M5	4624.77						4622.97102433	4622.97090317	1
1787338502	XAUUSD	M5	4624.34						4623.02916581	4623.00003449	0
1787338802	XAUUSD	M5	4622.03						4622.92213493	4622.96108471	1
1787339102	XAUUSD	M5	4621.27						4622.63134963	4622.79621717	0
1787339402	XAUUSD	M5	4622.74						4622.15197279	4622.47409498	0
1787339702	XAUUSD	M5	4622.50						4621.47458867	4621.97434182	0
1787340002	XAUUSD	M5	4622.35						4620.68723636	4621.33078909	0
1787340302	XAUUSD	M5	4618.10						4619.89886930	4620.61482920	0
1787340602	XAUUSD	M5	4617.05						4619.32076155	4619.96779538	0
1787340902	XAUUSD	M5	4617.94						4619.03588981	4619.50184259	0
1787341202	XAUUSD	M5	4618.06						4618.99702283	4619.24943271	0
1787341502	XAUUSD	M5	4622.78						4619.12051354	4619.18497313	0
1787341802	XAUUSD	M5	4622.79						4619.14053440	4619.16275376	0
1787342102	XAUUSD	M5	4616.92						4618.89552422	4619.02913899	0
1787342402	XAUUSD	M5	4617.33						4618.37527953	4618.70220926	0
1787342702	XAUUSD	M5	4616.48						4617.45314605	4618.07767765	0
1787343002	XAUUSD	M5	4616.85						4616.09480456	4617.08624111	0
1787343302	XAUUSD	M5	4612.74						4614.31938692	4615.70281401	0
1787343602	XAUUSD	M5	4610.99						4612.31525209	4614.00903305	0
1787343902	XAUUSD	M5	4610.87						4610.28005764	4612.14454535	0
1787344202	XAUUSD	M5	4610.51						4608.43050568	4610.28752551	0
1787344502	XAUUSD	M5	4608.36						4606.99632995	4608.64192773	0
1787344802	XAUUSD	M5	4607.97						4606.23051980	4607.43622376	0
1787345102	XAUUSD	M5	4606.27						4606.28759175	4606.86190776	0
1787345402	XAUUSD	M5	4604.97						4607.25088391	4607.05639584	1
1787345702	XAUUSD	M5	4603.89					4602.79000	4609.06138918	4608.05889251	0
1787522402	XAUUSD	M5	4610.37				4624.19000		4611.47832086	4609.76860669	0
1787522702	XAUUSD	M5	4617.42						4613.94385055	4611.85622862	0
1787523002	XAUUSD	M5	4617.50						4615.87054062	4613.86338462	0
1787523302	XAUUSD	M5	4618.42						4616.91840526	4615.39089494	0
1787523602	XAUUSD	M5	4617.46						4616.89520997	4616.14305245	0
1787523902	XAUUSD	M5	4614.29						4615.87833895	4616.01069570	1
1787524202	XAUUSD	M5	4614.53						4614.18131978	4615.09600774	0
1787524502	XAUUSD	M5	4611.68						4612.15387915	4613.62494344	0
1787524802	XAUUSD	M5	4611.00						4610.23645374	4611.93069859	0
1787525102	XAUUSD	M5	4608.54						4608.73310848	4610.33190354	0
1787525402	XAUUSD	M5	4607.72						4607.84698259	4609.08944306	0
1787525702	XAUUSD	M5	4606.20						4607.58518943	4608.33731625	0
1787526002	XAUUSD	M5	4607.54						4607.82785786	4608.08258706	0
1787526302	XAUUSD	M5	4607.73						4608.31436661	4608.19847683	1
1787526602	XAUUSD	M5	4607.53						4608.84517273	4608.52182478	0
1787526902	XAUUSD	M5	4607.55						4609.35378737	4608.93780607	0
1787527202	XAUUSD	M5	4612.86						4609.93335417	4609.43558012	0
1787527502	XAUUSD	M5	4615.15						4610.67948581	4610.05753296	0
1787527802	XAUUSD	M5	4618.02						4611.86235350	4610.95994323	0
1787528102	XAUUSD	M5	4613.47						4613.68683250	4612.32338787	0
1787528402	XAUUSD	M5	4608.37						4616.38192744	4614.35265765	0
1787528702	XAUUSD	M5	4615.09						4619.91591598	4617.13428682	0
1787529002	XAUUSD	M5	4622.59						4623.68202266	4620.40815474	0
1787529302	XAUUSD	M5	4624.17						4626.86081864	4623.63448669	0
1787529602	XAUUSD	M5	4626.90						4628.74839216	4626.19143942	0
1787529902	XAUUSD	M5	4634.93						4628.78277285	4627.48710614	0
1787530202	XAUUSD	M5	4637.28				4640.69000		4626.60728725	4627.04719669	1
1787530502	XAUUSD	M5	4629.29						4622.44478391	4624.74599030	0
1787530802	XAUUSD	M5	4612.61						4617.20071373	4620.97335201	0
1787531102	XAUUSD	M5	4604.95					4594.67000	4612.21328047	4616.59331624	0
1787531402	XAUUSD	M5	4604.71						4608.59141357	4612.59236490	0
1787531702	XAUUSD	M5	4601.45						4607.00010655	4609.79623573	0
1787532002	XAUUSD	M5	4607.16						4607.75223688	4608.77423630	0
1787532302	XAUUSD	M5	4614.48						4610.46305895	4609.61864763	1
1787532602	XAUUSD	M5	4617.19						4614.29448990	4611.95656876	0
1787532902	XAUUSD	M5	4621.65						4618.29870189	4615.12763533	0
1787533202	XAUUSD	M5	4622.48						4621.49512183	4618.31137858	0
1787533502	XAUUSD	M5	4623.09						4623.20310917	4620.75724387	0
1787533802	XAUUSD	M5	4622.13						4623.13269612	4621.94497000	0
1787534102	XAUUSD	M5	4622.04						4621.47373708	4621.70935354	1
1787534402	XAUUSD	M5	4614.93						4618.78675582	4620.24805468	0
1787534702	XAUUSD	M5	4614.73						4616.07292399	4618.16048934	0
1787535002	XAUUSD	M5	4614.35						4614.22275648	4616.19162291	0
1787535302	XAUUSD	M5	4614.23						4614.00125507	4615.09643899	0
1787535602	XAUUSD	M5	4618.37						4615.89201841	4615.49422870	1
1787535902	XAUUSD	M5	4618.82						4619.88064303	4617.68743587	0
1787536202	XAUUSD	M5	4628.80						4625.67479470	4621.68111528	0
1787536502	XAUUSD	M5	4632.11						4632.43773797	4627.05942662	0
1787536802	XAUUSD	M5	4637.01						4639.34242487	4633.20092575	0
1787537102	XAUUSD	M5	4642.56						4645.53245018	4639.36668796	0
1787537402	XAUUSD	M5	4650.28						4650.26990623	4644.81829710	0
1787537702	XAUUSD	M5	4654.64						4653.00132352	4648.90981031	0
1787538002	XAUUSD	M5	4654.44						4653.53804995	4651.22393013	0
1787538302	XAUUSD	M5	4655.38						4652.09653034	4651.66023023	0
1787538602	XAUUSD	M5	4651.89				4656.64000		4649.12799640	4650.39411331	1
1787538902	XAUUSD	M5	4645.13						4645.34027922	4647.86719627	0
1787539202	XAUUSD	M5	4637.58						4641.54223447	4644.70471537	0
1787539502	XAUUSD	M5	4628.69						4638.46792864	4641.58632201	0
1787539802	XAUUSD	M5	4638.30						4636.70701810	4639.14667005	0
1787540102	XAUUSD	M5	4643.66						4636.15748799	4637.65207902	0
1787540402	XAUUSD	M5	4640.26						4636.59260291	4637.12234097	0
1787540702	XAUUSD	M5	4637.78						4637.85029596	4637.48631846	1
1787541002	XAUUSD	M5	4637.15						4639.65937128	4638.57284487	0
1787541302	XAUUSD	M5	4638.88						4641.65622033	4640.11453260	0
1787541602	XAUUSD	M5	4642.50						4643.43941346	4641.77697303	0
1787541902	XAUUSD	M5	4643.82						4644.67235173	4643.22466238	0
1787542202	XAUUSD	M5	4647.68						4645.20344876	4644.21405557	0
1787542502	XAUUSD	M5	4647.50						4644.96142927	4644.58774242	0
1787542802	XAUUSD	M5	4642.94						4644.09369511	4644.34071877	1
1787543102	XAUUSD	M5	4642.71						4642.92408839	4643.63240358	0
1787543402	XAUUSD	M5	4641.24						4641.65733006	4642.64486682	0
1787543702	XAUUSD	M5	4641.66						4640.50194103	4641.57340393	0
1787544002	XAUUSD	M5	4639.83						4639.52747933	4640.55044163	0
1787544302	XAUUSD	M5	4633.89						4638.76172402	4639.65608282	0
1787544602	XAUUSD	M5	4638.64						4638.30149961	4638.97879122	0
1787544902	XAUUSD	M5	4640.12						4637.95970256	4638.46924689	0
1787545202	XAUUSD	M5	4637.99						4637.63582952	4638.05253820	0
1787545502	XAUUSD	M5	4640.62						4637.37661147	4637.71457483	0
1787545802	XAUUSD	M5	4635.79						4637.18676883	4637.45067183	0
1787546102	XAUUSD	M5	4636.61						4637.28665404	4637.36866293	0
1787546402	XAUUSD	M5	4638.18						4637.72522395	4637.54694344	1
1787546702	XAUUSD	M5	4636.56						4638.44596409	4637.99645377	0
1787547002	XAUUSD	M5	4639.95						4639.38831829	4638.69238603	0
1787547302	XAUUSD	M5	4638.97						4640.28699770	4639.48969186	0
1787547602	XAUUSD	M5	4639.63						4640.93572843	4640.21271015	0
1787547902	XAUUSD	M5	4639.81						4641.10296839	4640.65783927	0
1787548202	XAUUSD	M5	4643.54						4640.67083352	4640.66433639	0
1787548502	XAUUSD	M5	4643.24						4639.57965359	4640.12199499	1
1787548802	XAUUSD	M5	4638.78						4638.02063075	4639.07131287	0
1787549102	XAUUSD	M5	4636.12						4636.37765119	4637.72448203	0
1787549402	XAUUSD	M5	4632.76					4630.03000	4635.06796793	4636.39622498	0
1787549702	XAUUSD	M5	4633.24						4634.54186786	4635.46904642	0
1787550002	XAUUSD	M5	4633.57						4635.04875487	4635.25890064	0
1787550302	XAUUSD	M5	4638.40						4636.65796593	4635.95843329	1
1787550602	XAUUSD	M5	4638.50						4639.12399622	4637.54121475	0
1787550902	XAUUSD	M5	4640.67						4642.14876367	4639.84498921	0
1787551202	XAUUSD	M5	4644.92						4645.29724608	4642.57111765	0
1787551502	XAUUSD	M5	4648.93						4648.04878743	4645.30995254	0
1787551802	XAUUSD	M5	4652.19						4649.99394391	4647.65194822	0
1787552102	XAUUSD	M5	4656.25				4659.72000		4650.92053487	4649.28624155	0
1787552402	XAUUSD	M5	4650.07						4650.82155384	4650.05389770	0
1787552702	XAUUSD	M5	4642.63						4650.12619854	4650.09004812	0
1787553002	XAUUSD	M5	4650.58						4649.36688447	4649.72846630	1
1787553302	XAUUSD	M5	4651.11						4648.64390920	4649.18618775	0
1787553602	XAUUSD	M5	4642.82						4648.16288275	4648.67453525	0
1787553902	XAUUSD	M5	4650.20						4648.19049064	4648.43251294	0
1787554202	XAUUSD	M5	4651.22						4648.45315370	4648.44283332	1
1787554502	XAUUSD	M5	4649.95						4648.72441303	4648.58362318	0
1787554802	XAUUSD	M5	4648.83						4648.79394907	4648.68878612	0
1787555102	XAUUSD	M5	4646.58						4648.49632307	4648.59255460	1
1787555402	XAUUSD	M5	4648.14						4647.76420894	4648.17838177	0
1787555702	XAUUSD	M5	4646.01						4646.54300622	4647.36069399	0
1787556002	XAUUSD	M5	4643.46						4644.98238449	4646.17153924	0
1787556302	XAUUSD	M5	4642.73						4643.31147395	4644.74150659	0
1787556602	XAUUSD	M5	4646.63						4641.72599928	4643.23375294	0
1787556902	XAUUSD	M5	4644.51						4640.25589190	4641.74482242	0
1787557202	XAUUSD	M5	4634.85						4639.02589254	4640.38535748	0
1787557502	XAUUSD	M5	4631.03						4638.25609595	4639.32072672	0
1787557802	XAUUSD	M5	4636.02						4637.93651948	4638.62862310	0
1787558102	XAUUSD	M5	4641.51						4637.77591381	4638.20226845	0
1787558402	XAUUSD	M5	4640.82						4637.47498085	4637.83862465	0
1787558702	XAUUSD	M5	4638.47						4636.97255624	4637.40559045	0
1787559002	XAUUSD	M5	4637.63						4636.36057020	4636.88308032	0
1787559302	XAUUSD	M5	4636.06						4635.80910928	4636.34609480	0
1787559602	XAUUSD	M5	4635.87						4635.53989172	4635.94299326	0
1787559902	XAUUSD	M5	4629.65						4635.73534880	4635.83917103	0
1787560202	XAUUSD	M5	4634.32					4628.93000	4636.63627740	4636.23772422	1
1787560502	XAUUSD	M5	4637.31						4638.04917641	4637.14345031	0
1787560802	XAUUSD	M5	4645.24						4639.69483986	4638.41914509	0
1787561102	XAUUSD	M5	4643.63						4641.08226044	4639.75070276	0
1787561402	XAUUSD	M5	4641.45						4641.97256124	4640.86163200	0
1787561702	XAUUSD	M5	4638.13						4642.24816633	4641.55489916	0
1787562002	XAUUSD	M5	4642.48						4641.92544821	4641.74017369	0
1787562302	XAUUSD	M5	4642.07						4640.94211317	4641.34114343	1
1787562602	XAUUSD	M5	4641.88						4639.50516218	4640.42315281	0
1787562902	XAUUSD	M5	4636.72						4637.97156844	4639.19736062	0
1787563202	XAUUSD	M5	4636.94						4636.83603905	4638.01669984	0
1787563502	XAUUSD	M5	4635.87						4636.36481341	4637.19075662	0
1787563802	XAUUSD	M5	4635.25						4636.74618748	4636.96847205	0
1787564102	XAUUSD	M5	4637.04						4637.99022362	4637.47934784	1
1787564402	XAUUSD	M5	4639.21						4639.87105996	4638.67520390	0
1787564702	XAUUSD	M5	4643.87						4642.04096842	4640.35808616	0
1787565002	XAUUSD	M5	4644.16						4644.08309281	4642.22058948	0
1787565302	XAUUSD	M5	4645.83						4645.73510788	4643.97784868	0
1787565602	XAUUSD	M5	4648.69						4646.81000948	4645.39392908	0
1787565902	XAUUSD	M5	4646.83						4647.23600038	4646.31496473	0
1787566202	XAUUSD	M5	4648.11						4647.16644326	4646.74070399	0
1787566502	XAUUSD	M5	4646.80						4646.78913379	4646.76491889	0
1787566802	XAUUSD	M5	4644.96						4646.33180273	4646.54836081	1
1787567102	XAUUSD	M5	4643.23						4645.95748820	4646.25292450	0
1787567402	XAUUSD	M5	4645.09						4645.73668251	4645.99480350	0
1787567702	XAUUSD	M5	4647.92						4645.55209871	4645.77345111	0
1787568002	XAUUSD	M5	4644.17						4645.22518393	4645.49931752	0
1787568302	XAUUSD	M5	4645.63						4644.77123460	4645.13527606	0
1787568602	XAUUSD	M5	4645.81						4644.16063502	4644.64795554	0
1787568902	XAUUSD	M5	4643.31						4643.47511379	4644.06153466	0
1787569202	XAUUSD	M5	4645.87						4642.95093239	4643.50623353	0
1787569502	XAUUSD	M5	4640.44						4642.71032565	4643.10827959	0
1787569802	XAUUSD	M5	4642.16						4643.09894339	4643.10361149	0
1787570102	XAUUSD	M5	4644.54						4644.18806710	4643.64583930	1
1787570402	XAUUSD	M5	4641.54						4645.89350782	4644.76967356	0
1787570702	XAUUSD	M5	4646.32						4648.18952411	4646.47959884	0
1787571002	XAUUSD	M5	4650.70						4650.74082131	4648.61021007	0
1787571302	XAUUSD	M5	4660.61						4653.15792042	4650.88406525	0
1787571602	XAUUSD	M5	4658.83						4654.94359754	4652.91383140	0
1787571902	XAUUSD	M5	4649.05						4656.03253352	4654.47318246	0
1787572202	XAUUSD	M5	4659.68						4656.68751985	4655.58035116	0
1787572502	XAUUSD	M5	4657.93						4656.74457583	4656.16246349	0
1787572802	XAUUSD	M5	4652.21						4656.42194771	4656.29220560	0
1787573102	XAUUSD	M5	4654.95						4656.07344181	4656.18282371	1
1787573402	XAUUSD	M5	4657.26						4655.83515429	4656.00898900	0
1787573702	XAUUSD	M5	4653.11						4655.80871519	4655.90885209	0
1787574002	XAUUSD	M5	4657.51						4656.19538215	4656.05211712	1
1787574302	XAUUSD	M5	4661.74						4656.91002454	4656.48107083	0
1787574602	XAUUSD	M5	4654.86						4657.84084378	4657.16095731	0
1787574902	XAUUSD	M5	4662.84						4659.15114811	4658.15605271	0
1787575202	XAUUSD	M5	4657.41						4660.66262387	4659.40933829	0
1787575502	XAUUSD	M5	4661.87						4662.52766992	4660.96850411	0
1787575802	XAUUSD	M5	4666.82						4664.63220969	4662.80035690	0
1787576102	XAUUSD	M5	4662.86						4666.81835769	4664.80935730	0
1787576402	XAUUSD	M5	4667.26						4669.08239034	4666.94587382	0
1787576702	XAUUSD	M5	4673.53						4671.16734959	4669.05661171	0
1787577002	XAUUSD	M5	4677.27						4672.74128618	4670.89894894	0
1787577302	XAUUSD	M5	4672.26						4673.57801086	4672.23847990	0
1787577602	XAUUSD	M5	4670.76						4673.73141525	4672.98494758	0
1787577902	XAUUSD	M5	4672.27						4673.19981441	4673.09238099	0
1787578202	XAUUSD	M5	4679.64						4672.02175170	4672.55706635	1
1787578502	XAUUSD	M5	4667.49				4680.85000		4670.16828383	4671.36267509	0
1787578802	XAUUSD	M5	4658.95						4668.24978722	4669.80623115	0
1787579102	XAUUSD	M5	4673.82						4666.78316667	4668.29469891	0
1787579402	XAUUSD	M5	4666.77						4665.64030120	4666.96750006	0
1787579702	XAUUSD	M5	4664.69						4665.16858384	4666.06804195	0
1787580002	XAUUSD	M5	4663.65						4665.44018515	4665.75411355	0
1787580302	XAUUSD	M5	4670.73						4666.36776528	4666.06093941	1
1787580602	XAUUSD	M5	4665.66						4667.54729205	4666.80411573	0
1787580902	XAUUSD	M5	4665.77					4655.55000	4668.86142928	4667.83277251	0
1787581202	XAUUSD	M5	4666.19						4670.09615873	4668.96446562	0
1787581502	XAUUSD	M5	4671.60						4671.04927750	4670.00687156	0
1787581802	XAUUSD	M5	4676.64						4671.51601109	4670.76144132	0
1787582102	XAUUSD	M5	4675.53						4671.43094491	4671.09619311	0
1787582402	XAUUSD	M5	4672.03						4671.01038931	4671.05329121	1
1787582702	XAUUSD	M5	4665.85						4670.62724226	4670.84026674	0
1787583002	XAUUSD	M5	4668.42						4670.70997736	4670.77512205	0
1787583302	XAUUSD	M5	4670.31						4671.32255661	4671.04883933	1
1787583602	XAUUSD	M5	4675.64						4672.33116607	4671.69000270	0
1787583902	XAUUSD	M5	4673.37						4673.37241403	4672.53120836	0
1787584202	XAUUSD	M5	4672.82						4674.13326597	4673.33223717	0
1787584502	XAUUSD	M5	4673.20						4674.27236011	4673.80229864	0
1787584802	XAUUSD	M5	4670.15						4673.47021647	4673.63625756	1
1787585102	XAUUSD	M5	4675.87				4679.36000		4671.61957664	4672.62791710	0
1787585402	XAUUSD	M5	4672.46						4668.59769483	4670.61280596	0
1787585702	XAUUSD	M5	4668.56						4664.72299842	4667.66790219	0
1787586002	XAUUSD	M5	4660.86						4660.53275850	4664.10033034	0
1787586302	XAUUSD	M5	4647.15						4656.73450608	4660.41741821	0
1787586602	XAUUSD	M5	4653.52						4654.14429462	4657.28085642	0
1787586902	XAUUSD	M5	4649.27						4652.84184589	4655.06135115	0
1787587202	XAUUSD	M5	4658.80						4652.92633467	4653.99384291	0
1787587502	XAUUSD	M5	4654.24						4653.93082445	4653.96233368	0
1787587802	XAUUSD	M5	4657.31						4655.61391332	4654.78812350	1
1787588102	XAUUSD	M5	4658.70						4657.46267519	4656.12539935	0
1787588402	XAUUSD	M5	4656.56						4658.99352925	4657.55946430	0
1787588702	XAUUSD	M5	4658.82						4659.94573244	4658.75259837	0
1787589002	XAUUSD	M5	4660.48						4660.07639192	4659.41449515	0
1787589302	XAUUSD	M5	4659.72						4659.31798225	4659.36623870	1
1787589602	XAUUSD	M5	4659.78						4657.79770179	4658.58197024	0
1787589902	XAUUSD	M5	4657.45						4655.74489854	4657.16343439	0
1787590202	XAUUSD	M5	4652.51						4653.44901819	4655.30622629	0
1787590502	XAUUSD	M5	4645.02						4651.22709823	4653.26666226	0
1787590802	XAUUSD	M5	4646.00						4649.34281732	4651.30473979	0
1787591102	XAUUSD	M5	4652.37						4647.72402878	4649.51438428	0
1787591402	XAUUSD	M5	4651.74						4646.09608053	4647.80523241	0
1787591702	XAUUSD	M5	4648.28						4644.36656034	4646.08589637	0
1787592002	XAUUSD	M5	4636.88						4642.57428167	4644.33008902	0
1787592302	XAUUSD	M5	4638.53						4640.99932584	4642.66470743	0
1787592602	XAUUSD	M5	4637.64						4639.60703743	4641.13587243	0
1787592902	XAUUSD	M5	4641.24						4638.40896121	4639.77241682	0
1787593202	XAUUSD	M5	4638.66						4637.31960235	4638.54600958	0
1787593502	XAUUSD	M5	4634.11						4636.40958420	4637.47779689	0
1787593802	XAUUSD	M5	4634.36						4635.76630614	4636.62205152	0
1787594102	XAUUSD	M5	4636.86						4635.32983026	4635.97594089	0
1787594402	XAUUSD	M5	4640.15						4634.94034567	4635.45814328	0
1787594702	XAUUSD	M5	4632.10					4625.26000	4634.44849536	4634.95331932	0
1787595002	XAUUSD	M5	4632.03						4634.03306666	4634.49319299	0
1787595302	XAUUSD	M5	4628.36						4633.71527890	4634.10423594	0
1787595602	XAUUSD	M5	4636.54						4633.62814901	4633.86619247	0
1787595902	XAUUSD	M5	4640.31						4633.57650717	4633.72134982	0
1787596202	XAUUSD	M5	4632.20						4633.50629236	4633.61382109	0
1787596502	XAUUSD	M5	4630.32						4633.63814485	4633.62598297	1
1787596802	XAUUSD	M5	4634.95						4634.04531012	4633.83564655	0
1787597102	XAUUSD	M5	4633.45						4634.60217777	4634.21891216	0
1787597402	XAUUSD	M5	4633.81						4635.32165498	4634.77028357	0
1787597702	XAUUSD	M5	4636.55						4636.16919030	4635.46973693	0
1787598002	XAUUSD	M5	4639.07						4637.05221642	4636.26097668	0
1787598302	XAUUSD	M5	4638.65						4637.91254039	4637.08675854	0
1787598602	XAUUSD	M5	4636.33						4638.81812011	4637.95243932	0
1787598902	XAUUSD	M5	4642.94						4639.91895690	4638.93569811	0
1787599202	XAUUSD	M5	4642.40						4641.15828615	4640.04699213	0
1787599502	XAUUSD	M5	4641.44						4642.65154531	4641.34926872	0
1787599802	XAUUSD	M5	4641.08						4644.48740894	4642.91833883	0
1787600102	XAUUSD	M5	4644.75						4646.64926116	4644.78380000	0
1787600402	XAUUSD	M5	4650.01						4648.91573425	4646.84976712	0
1787600702	XAUUSD	M5	4654.99						4650.96978709	4648.90977711	0
1787601002	XAUUSD	M5	4653.02						4652.50249348	4650.70613529	0
1787601302	XAUUSD	M5	4651.74						4653.44712782	4652.07663156	0
1787601602	XAUUSD	M5	4654.24						4653.77193595	4652.92428375	0
1787601902	XAUUSD	M5	4653.78						4653.41785807	4653.17107091	0
1787602202	XAUUSD	M5	4650.39						4652.48744936	4652.82926014	1
1787602502	XAUUSD	M5	4651.53						4651.25947129	4652.04436571	0
1787602802	XAUUSD	M5	4650.50						4649.95676070	4651.00056321	0
1787603102	XAUUSD	M5	4649.24						4648.85621282	4649.92838802	0
1787603402	XAUUSD	M5	4648.75						4648.20550006	4649.06694404	0
1787603702	XAUUSD	M5	4648.67						4648.16145145	4648.61419775	0
1787604002	XAUUSD	M5	4647.76						4648.77874185	4648.69646980	1
1787604302	XAUUSD	M5	4650.28						4650.00630090	4649.35138535	0
1787604602	XAUUSD	M5	4651.04						4651.65376356	4650.50257446	0
1787604902	XAUUSD	M5	4651.30						4653.48419299	4651.99338372	0
1787608802	XAUUSD	M5	4655.68						4655.26712820	4653.63025596	0
1787609102	XAUUSD	M5	4658.98						4656.73089037	4655.18057317	0
1787609402	XAUUSD	M5	4658.78						4657.71981060	4656.45019188	0
1787609702	XAUUSD	M5	4658.14						4658.29154401	4657.37086795	0
1787610002	XAUUSD	M5	4658.52						4658.62923505	4658.00005150	0
1787610302	XAUUSD	M5	4657.83						4658.94929207	4658.47467178	0
1787610602	XAUUSD	M5	4659.14						4659.48382671	4658.97924925	0
1787610902	XAUUSD	M5	4660.57						4660.36015206	4659.66970065	0
1787611202	XAUUSD	M5	4661.57						4661.60669574	4660.63819820	0
1787611502	XAUUSD	M5	4662.48						4663.18538421	4661.91179120	0
1787611802	XAUUSD	M5	4664.64						4664.97877672	4663.44528396	0
1787612102	XAUUSD	M5	4667.79						4666.83544171	4665.14036284	0
1787612402	XAUUSD	M5	4668.50						4668.56072360	4666.85054322	0
1787612702	XAUUSD	M5	4669.42						4670.06543111	4668.45798717	0
1787613002	XAUUSD	M5	4672.12						4671.30234853	4669.88016785	0
1787613302	XAUUSD	M5	4674.78						4672.23965769	4671.05991277	0
1787613602	XAUUSD	M5	4674.58						4672.90952816	4671.98472046	0
1787613902	XAUUSD	M5	4669.22						4673.48280443	4672.73376245	0
1787614202	XAUUSD	M5	4672.42						4674.23182229	4673.48279237	0
1787614502	XAUUSD	M5	4675.34						4675.13638268	4674.30958752	0
1787614802	XAUUSD	M5	4676.43						4676.11883695	4675.21421224	0
1787615102	XAUUSD	M5	4677.13						4677.11712781	4676.16567003	0
1787615402	XAUUSD	M5	4679.36						4678.06942194	4677.11754599	0
1787615702	XAUUSD	M5	4679.89						4678.94274972	4678.03014785	0
1787616002	XAUUSD	M5	4677.45						4679.81923261	4678.92469023	0
1787616302	XAUUSD	M5	4681.66						4680.91475917	4679.91972470	0
1787616602	XAUUSD	M5	4690.46						4682.24999731	4681.08486101	0
1787616902	XAUUSD	M5	4681.35						4683.69643185	4682.39064643	0
1787617202	XAUUSD	M5	4679.82						4685.46501022	4683.92782832	0
1787617502	XAUUSD	M5	4682.28						4687.46756080	4685.69769456	0
1787617802	XAUUSD	M5	4688.57						4689.36860552	4687.53315004	0
1787618102	XAUUSD	M5	4695.20						4690.66885562	4689.10100283	0
1787618402	XAUUSD	M5	4693.41				4696.53000		4690.87084887	4689.98592585	0
1787618702	XAUUSD	M5	4692.61						4689.87048287	4689.92820436	1
1787619002	XAUUSD	M5	4688.50						4687.74242294	4688.83531365	0
1787619302	XAUUSD	M5	4684.21						4684.83965610	4686.83748488	0
1787619602	XAUUSD	M5	4677.22						4681.63274438	4684.23511463	0
1787619902	XAUUSD	M5	4678.68						4678.65835069	4681.44673266	0
1787620202	XAUUSD	M5	4678.36						4676.14591068	4678.79632167	0
1787620502	XAUUSD	M5	4678.01						4674.18533110	4676.49082638	0
1787620802	XAUUSD	M5	4667.03						4672.68579101	4674.58830869	0
1787621102	XAUUSD	M5	4669.64						4671.66374823	4673.12602846	0
1787621402	XAUUSD	M5	4668.26						4670.68994753	4671.90798800	0
1787621702	XAUUSD	M5	4668.23						4669.43043236	4670.66921018	0
1787622002	XAUUSD	M5	4670.72						4667.61397574	4669.14159296	0
1787622302	XAUUSD	M5	4674.49						4665.07474018	4667.10816657	0
1787622602	XAUUSD	M5	4665.08						4661.82373474	4664.46595066	0
1787622902	XAUUSD	M5	4658.07						4658.36179559	4661.41387312	0
1787623202	XAUUSD	M5	4651.27						4655.17616857	4658.29502085	0
1787623502	XAUUSD	M5	4645.00						4652.62245481	4655.45873783	0
1787623802	XAUUSD	M5	4641.96						4650.83812381	4653.14843082	0
1787624102	XAUUSD	M5	4649.77						4649.64669068	4651.39756075	0
1787624402	XAUUSD	M5	4654.21						4648.43873445	4649.91814760	0
1787624702	XAUUSD	M5	4656.55						4646.67837649	4648.29826205	0
1787625002	XAUUSD	M5	4646.22						4644.04000706	4646.16913456	0
1787625302	XAUUSD	M5	4643.01						4640.75474758	4643.46194107	0
1787625602	XAUUSD	M5	4631.50						4637.10288648	4640.28241378	0
1787625902	XAUUSD	M5	4632.88						4633.73634708	4637.00938043	0
1787626202	XAUUSD	M5	4626.86					4618.34000	4631.05803596	4634.03370819	0
1787626502	XAUUSD	M5	4629.55						4629.57173496	4631.80272158	0
1787626802	XAUUSD	M5	4623.95						4629.35450250	4630.57861204	0
1787627102	XAUUSD	M5	4635.53						4630.43646089	4630.50753646	0
1787627402	XAUUSD	M5	4633.67						4632.17512633	4631.34133139	1
1787627702	XAUUSD	M5	4635.65						4634.15977693	4632.75055416	0
1787628002	XAUUSD	M5	4634.87						4635.87878497	4634.31466957	0
1787628302	XAUUSD	M5	4637.85						4637.00679201	4635.66073079	0
1787628602	XAUUSD	M5	4640.49						4637.33763890	4636.49918484	0
1787628902	XAUUSD	M5	4635.53						4636.89717845	4636.69818165	0
1787629202	XAUUSD	M5	4634.46						4636.06299316	4636.38058740	1
1787629502	XAUUSD	M5	4633.79						4635.19052551	4635.78555646	0
1787629802	XAUUSD	M5	4633.36						4634.58369051	4635.18462348	0
1787630102	XAUUSD	M5	4633.72						4634.40649675	4634.79556011	0
1787630402	XAUUSD	M5	4634.99						4634.59993707	4634.69774859	0
1787630702	XAUUSD	M5	4636.03						4634.90985106	4634.80379983	1
1787631002	XAUUSD	M5	4637.16						4634.99189518	4634.89784750	0
1787631302	XAUUSD	M5	4634.49						4634.50848686	4634.70316718	1
1787631602	XAUUSD	M5	4632.89						4633.33625425	4634.01971071	0
1787631902	XAUUSD	M5	4630.78						4631.55483498	4632.78727285	0
1787632202	XAUUSD	M5	4629.83						4629.45075142	4631.11901213	0
1787632502	XAUUSD	M5	4627.18						4627.42949974	4629.27425593	0
1787632802	XAUUSD	M5	4625.98					4623.86000	4626.00510970	4627.63968282	0
1787633102	XAUUSD	M5	4626.48						4625.59886621	4626.61927451	0
1787633402	XAUUSD	M5	4627.11						4626.40559109	4626.51243280	0
1787633702	XAUUSD	M5	4625.94						4628.40689779	4627.45966530	1
1787634002	XAUUSD	M5	4629.27						4631.42131790	4629.44049160	0
1787634302	XAUUSD	M5	4635.53						4634.98318455	4632.21183807	0
1787634602	XAUUSD	M5	4637.91						4638.45751749	4635.33467778	0
1787634902	XAUUSD	M5	4644.20						4641.35766652	4638.34617215	0
1787635202	XAUUSD	M5	4644.29						4643.23633131	4640.79125173	0
1787635502	XAUUSD	M5	4646.47						4644.03349552	4642.41237362	0
1787635802	XAUUSD	M5	4642.68						4643.84386029	4643.12811696	0
1787636102	XAUUSD	M5	4642.97						4643.11446212	4643.12128954	1
1787636402	XAUUSD	M5	4639.11						4642.24538177	4642.68333565	0
1787636702	XAUUSD	M5	4639.55						4641.74376458	4642.21355012	0
1787637002	XAUUSD	M5	4643.86						4641.89978542	4642.05666777	0
1787637302	XAUUSD	M5	4643.04						4642.72564122	4642.39115449	1
1787637602	XAUUSD	M5	4644.37						4644.23293562	4643.31204506	0
1787637902	XAUUSD	M5	4648.00						4646.19150631	4644.75177568	0
1787638202	XAUUSD	M5	4649.55						4648.22420137	4646.48798853	0
1787638502	XAUUSD	M5	4647.46						4649.94895173	4648.21847013	0
1787638802	XAUUSD	M5	4651.45						4651.12329896	4649.67088455	0
1787639102	XAUUSD	M5	4650.02				4653.42000		4651.44545798	4650.55817126	0
1787639402	XAUUSD	M5	4651.38						4650.87595158	4650.71706142	0
1787639702	XAUUSD	M5	4649.77						4649.46503388	4650.09104765	1
1787640002	XAUUSD	M5	4648.10						4647.44516582	4648.76810673	0
1787640302	XAUUSD	M5	4647.77						4645.15130001	4646.95970337	0
1787640602	XAUUSD	M5	4641.35						4642.90195572	4644.93082954	0
1787640902	XAUUSD	M5	4638.24						4641.11979243	4643.02531099	0
1787641202	XAUUSD	M5	4639.93						4640.02089696	4641.52310397	0
1787641502	XAUUSD	M5	4641.16						4639.51244933	4640.51777665	0
1787641802	XAUUSD	M5	4639.60						4639.40574292	4639.96175979	0
1787642102	XAUUSD	M5	4641.17						4639.45871157	4639.71023568	0
1787642402	XAUUSD	M5	4640.70						4639.33506960	4639.52265264	0
1787642702	XAUUSD	M5	4634.54						4638.81115580	4639.16690422	0
1787643002	XAUUSD	M5	4635.14						4637.90897972	4638.53794197	0
1787643302	XAUUSD	M5	4636.53						4636.58316784	4637.56055491	0
1787643602	XAUUSD	M5	4639.22						4634.86761116	4636.21408303	0
1787643902	XAUUSD	M5	4635.70						4632.88085686	4634.54746995	0
1787644202	XAUUSD	M5	4631.60						4630.95844511	4632.75295753	0
1787644502	XAUUSD	M5	4630.16						4629.47658354	4631.11477053	0
1787644802	XAUUSD	M5	4625.95						4628.66528702	4629.89002877	0
1787645102	XAUUSD	M5	4623.36					4620.12000	4628.69639918	4629.29321398	0
1787645402	XAUUSD	M5	4626.50						4629.52599539	4629.40960468	1
1787645702	XAUUSD	M5	4628.17						4630.82977244	4630.11968856	0
1787646002	XAUUSD	M5	4644.98				4645.48000		4632.22972667	4631.17470761	0
1787646302	XAUUSD	M5	4633.12						4632.97959404	4632.07715082	0
1787646602	XAUUSD	M5	4634.27						4633.19262496	4632.63488789	0
1787646902	XAUUSD	M5	4629.99						4632.79291499	4632.71390144	0
1787647202	XAUUSD	M5	4632.13						4631.96631272	4632.34010708	1
1787647502	XAUUSD	M5	4628.01						4630.83111223	4631.58560966	0
1787647802	XAUUSD	M5	4626.64						4629.72547982	4630.65554474	0
1787648102	XAUUSD	M5	4630.31						4628.90841933	4629.78198203	0
1787648402	XAUUSD	M5	4626.71						4628.45976085	4629.12087144	0
1787648702	XAUUSD	M5	4633.01						4628.55106837	4628.83596991	0
1787649002	XAUUSD	M5	4630.59						4629.02119249	4628.92858120	1
1787649302	XAUUSD	M5	4631.91						4629.87852202	4629.40355161	0
1787649602	XAUUSD	M5	4630.01						4630.98316643	4630.19335902	0
1787649902	XAUUSD	M5	4626.31						4632.28146423	4631.23741163	0
1787650202	XAUUSD	M5	4637.46						4633.75278004	4632.49509583	0
1787650502	XAUUSD	M5	4630.46						4635.00007796	4633.74758690	0
1787650802	XAUUSD	M5	4637.06						4636.09119294	4634.91938992	0
1787651102	XAUUSD	M5	4640.58						4636.78611263	4635.85275128	0
1787651402	XAUUSD	M5	4638.12						4636.98436153	4636.41855640	0
1787651702	XAUUSD	M5	4636.33						4636.80352842	4636.61104241	0
1787652002	XAUUSD	M5	4634.42						4636.39914872	4636.50509556	1
1787652302	XAUUSD	M5	4635.45						4635.95161099	4636.22835328	0
1787652602	XAUUSD	M5	4635.45						4635.55010433	4635.88922880	0
1787652902	XAUUSD	M5	4636.98						4635.27273180	4635.58098030	0
1787653202	XAUUSD	M5	4635.42						4635.16172125	4635.37135077	0
1787653502	XAUUSD	M5	4633.72						4635.32347730	4635.34741404	0
1787653802	XAUUSD	M5	4635.40						4635.82594289	4635.58667846	1
1787654102	XAUUSD	M5	4637.57						4636.61924693	4636.10296270	0
1787654402	XAUUSD	M5	4637.59						4637.58520278	4636.84408274	0
1787654702	XAUUSD	M5	4638.13						4638.62742022	4637.73575148	0
1787655002	XAUUSD	M5	4641.15						4639.61869111	4638.67722129	0
1787655302	XAUUSD	M5	4639.46						4640.39681754	4639.53701942	0
1787655602	XAUUSD	M5	4640.37						4641.01270784	4640.27486363	0
1787655902	XAUUSD	M5	4640.46						4641.45317315	4640.86401839	0
1787656202	XAUUSD	M5	4642.83						4641.80764029	4641.33582934	0
1787656502	XAUUSD	M5	4643.90						4642.10262938	4641.71922936	0
1787656802	XAUUSD	M5	4642.39						4642.40304932	4642.06113934	0
1787657102	XAUUSD	M5	4641.53						4642.77839036	4642.41976485	0
1787657402	XAUUSD	M5	4643.05						4643.19283424	4642.80629954	0
1787657702	XAUUSD	M5	4644.67						4643.51598455	4643.16114205	0
1787658002	XAUUSD	M5	4640.57						4643.55296967	4643.35705586	0
1787658302	XAUUSD	M5	4644.50						4643.28054973	4643.31880280	1
1787658602	XAUUSD	M5	4643.89				4647.25000		4642.51195419	4642.91537849	0
1787658902	XAUUSD	M5	4642.37						4641.24542621	4642.08040235	0
1787659202	XAUUSD	M5	4636.85						4639.62432202	4640.85236218	0
1787659502	XAUUSD	M5	4637.29						4637.93794203	4639.39515211	0
1787659802	XAUUSD	M5	4639.28						4636.40437974	4637.89976592	0
1787660102	XAUUSD	M5	4635.61						4635.19330060	4636.54653326	0
1787660402	XAUUSD	M5	4633.67						4634.57634207	4635.56143767	0
1787660702	XAUUSD	M5	4637.38						4634.68696221	4635.12419994	0
1787661002	XAUUSD	M5	4633.11						4635.36224347	4635.24322171	1
1787661302	XAUUSD	M5	4630.67						4636.49329434	4635.86825802	0
1787661602	XAUUSD	M5	4638.41						4637.78278528	4636.82552165	0
1787661902	XAUUSD	M5	4640.28						4638.60856324	4637.71704245	0
1787662202	XAUUSD	M5	4640.98						4638.51788531	4638.11746388	0
1787662502	XAUUSD	M5	4640.77						4637.23056820	4637.67401604	1
1787662802	XAUUSD	M5	4634.32						4634.68540315	4636.17970960	0
1787663102	XAUUSD	M5	4631.03						4631.15571761	4633.66771360	0
1787663402	XAUUSD	M5	4623.31						4626.99555403	4630.33163382	0
1787663702	XAUUSD	M5	4625.97						4622.77037300	4626.55100341	0
1787664002	XAUUSD	M5	4614.57						4618.78850468	4622.66975404	0
1787664302	XAUUSD	M5	4609.59						4615.61723173	4619.14349289	0
1787664602	XAUUSD	M5	4621.51						4613.51602763	4616.32976026	0
1787664902	XAUUSD	M5	4615.45						4612.17605277	4614.25290652	0
1787665202	XAUUSD	M5	4612.82						4611.65197688	4612.95244170	0
1787665502	XAUUSD	M5	4606.99					4605.22000	4611.87048450	4612.41146310	0
1787665802	XAUUSD	M5	4607.45						4612.84342371	4612.62744340	1
1787666102	XAUUSD	M5	4616.50						4614.44671700	4613.53708020	0
1787666402	XAUUSD	M5	4618.63						4616.36911558	4614.95309789	0
1787666702	XAUUSD	M5	4622.90						4618.52895292	4616.74102541	0
1787667002	XAUUSD	M5	4622.76						4620.82122973	4618.78112757	0
1787667302	XAUUSD	M5	4619.53						4623.28543565	4621.03328161	0
1787667602	XAUUSD	M5	4625.56						4625.97781803	4623.50554982	0
1787667902	XAUUSD	M5	4623.72						4628.65563975	4626.08059478	0
1787668202	XAUUSD	M5	4629.25						4631.19808543	4628.63934011	0
1787668502	XAUUSD	M5	4636.75						4633.27471290	4630.95702651	0
1787668802	XAUUSD	M5	4637.27						4634.54566531	4632.75134591	0
1787669102	XAUUSD	M5	4636.44						4634.96891208	4633.86012900	0
1787669402	XAUUSD	M5	4634.70						4634.72225452	4634.29119176	0
1787669702	XAUUSD	M5	4635.54						4634.18259457	4634.23689316	1
1787670002	XAUUSD	M5	4632.24						4633.75020755	4633.99355036	0
1787670302	XAUUSD	M5	4632.46						4633.94787365	4633.97071201	0
1787670602	XAUUSD	M5	4633.24						4635.10710301	4634.53890751	1
1787670902	XAUUSD	M5	4638.75						4637.35134810	4635.94512780	0
1787671202	XAUUSD	M5	4640.63						4640.46749033	4638.20630907	0
1787671502	XAUUSD	M5	4639.83						4644.13218943	4641.16924925	0
1787671802	XAUUSD	M5	4648.64						4647.92524500	4644.54724712	0
1787672102	XAUUSD	M5	4655.88						4651.14438811	4647.84581762	0
1787672402	XAUUSD	M5	4656.11				4659.34000		4653.17625440	4650.51103601	0
1787672702	XAUUSD	M5	4651.76						4653.78080506	4652.14592054	0
1787673002	XAUUSD	M5	4650.38						4653.05304066	4652.59948060	0
1787673302	XAUUSD	M5	4652.66						4651.26145797	4651.93046928	1
1787673602	XAUUSD	M5	4648.16						4648.73247610	4650.33147269	0
1787673902	XAUUSD	M5	4644.96						4646.01219223	4648.17183246	0
1787674202	XAUUSD	M5	4644.79						4643.61869262	4645.89526254	0
1787674502	XAUUSD	M5	4643.11						4641.87501390	4643.88513822	0
1787674802	XAUUSD	M5	4640.11						4640.97663988	4642.43088905	0
1787675102	XAUUSD	M5	4640.66						4640.95384400	4641.69236653	0
1787675402	XAUUSD	M5	4638.31						4641.54991159	4641.62113906	0
1787675702	XAUUSD	M5	4644.39						4642.48648659	4642.05381283	1
1787676002	XAUUSD	M5	4643.96						4643.23984904	4642.64683093	0
1787676302	XAUUSD	M5	4645.18						4643.54281508	4643.09482301	0
1787676602	XAUUSD	M5	4643.72						4643.24123004	4643.16802652	0
1787676902	XAUUSD	M5	4643.28						4642.40428470	4642.78615561	1
1787677202	XAUUSD	M5	4640.35						4641.22399505	4642.00507533	0
1787677502	XAUUSD	M5	4636.09						4640.00734772	4641.00621153	0
1787677802	XAUUSD	M5	4637.85					4634.21000	4639.08498064	4640.04559608	0
1787678102	XAUUSD	M5	4642.81						4638.58414134	4639.31486871	0
1787678402	XAUUSD	M5	4639.20						4638.48232190	4638.89859531	0
1787678702	XAUUSD	M5	4637.09						4638.90683445	4638.90271488	1
1787679002	XAUUSD	M5	4638.25						4639.87033940	4639.38652714	0
1787679302	XAUUSD	M5	4642.87						4641.24900891	4640.31776802	0
1787679602	XAUUSD	M5	4642.90						4642.77498330	4641.54637566	0
1787679902	XAUUSD	M5	4645.92						4644.30282283	4642.92459924	0
1787680202	XAUUSD	M5	4645.02						4645.62927852	4644.27693888	0
1787680502	XAUUSD	M5	4648.39						4646.70254549	4645.48974218	0
1787680802	XAUUSD	M5	4644.75						4647.42430465	4646.45702342	0
1787681102	XAUUSD	M5	4646.38						4647.88755637	4647.17228989	0
1787681402	XAUUSD	M5	4647.15						4648.08575273	4647.62902131	0
1787681702	XAUUSD	M5	4649.07						4648.07614386	4647.85258259	0
1787682002	XAUUSD	M5	4648.96						4647.93658110	4647.89458184	0
1787682302	XAUUSD	M5	4649.95						4647.82877662	4647.86167923	1
1787682602	XAUUSD	M5	4647.46						4647.89887130	4647.88027527	1
1787682902	XAUUSD	M5	4648.16						4648.37021998	4648.12524762	0
1787683202	XAUUSD	M5	4649.33						4649.33925864	4648.73225313	0
1787683502	XAUUSD	M5	4651.25						4650.80238349	4649.76731831	0
1787683802	XAUUSD	M5	4650.97						4652.66538315	4651.21635073	0
1787684102	XAUUSD	M5	4654.55						4654.82549414	4653.02092244	0
1787684402	XAUUSD	M5	4654.19						4657.02623385	4655.02357814	0
1787684702	XAUUSD	M5	4659.26						4659.09550067	4657.05953941	0
1787685002	XAUUSD	M5	4662.11						4660.73722986	4658.89838463	0
1787685302	XAUUSD	M5	4666.23						4661.80196052	4660.35017257	0
1787685602	XAUUSD	M5	4664.28						4662.21986346	4661.28501802	0
1787685902	XAUUSD	M5	4660.93						4662.20427365	4661.74464583	0
1787686202	XAUUSD	M5	4659.13						4662.08078222	4661.91271403	0
1787686502	XAUUSD	M5	4659.45						4662.14053513	4662.02662458	0
1787686802	XAUUSD	M5	4662.15						4662.55653820	4662.29158139	0
1787687102	XAUUSD	M5	4664.50						4663.31192648	4662.80175394	0
1787687402	XAUUSD	M5	4665.09						4664.28032894	4663.54104144	0
1787687702	XAUUSD	M5	4666.93						4665.31845215	4664.42974679	0
1787688002	XAUUSD	M5	4665.12						4666.19603641	4665.31289160	0
1787688302	XAUUSD	M5	4668.35						4666.77008824	4666.04148992	0
1787688602	XAUUSD	M5	4666.01						4666.81136996	4666.42642994	0
1787688902	XAUUSD	M5	4666.09						4666.32826709	4666.37734851	1
1787689202	XAUUSD	M5	4666.29						4665.35839653	4665.86787252	0
1787689502	XAUUSD	M5	4662.49						4664.03546956	4664.95167104	0
1787689802	XAUUSD	M5	4661.85						4662.64164978	4663.79666041	0
1787690102	XAUUSD	M5	4661.51						4661.40153739	4662.59909890	0
1787690402	XAUUSD	M5	4661.49						4660.47795419	4661.53852655	0
1787690702	XAUUSD	M5	4661.08						4659.96975235	4660.75413945	0
1787691002	XAUUSD	M5	4659.61						4659.91416746	4660.33415345	0
1787691302	XAUUSD	M5	4658.74						4660.33213105	4660.33314225	0
1787695202	XAUUSD	M5	4661.51					4656.17000	4661.17202482	4660.75258354	1
1787695502	XAUUSD	M5	4661.29						4662.28246721	4661.51752538	0
1787695802	XAUUSD	M5	4664.52						4663.59219588	4662.55486063	0
1787696102	XAUUSD	M5	4666.32						4664.95915119	4663.75700591	0
1787696402	XAUUSD	M5	4666.49						4666.30480052	4665.03090322	0
1787696702	XAUUSD	M5	4666.76						4667.62185686	4666.32638004	0
1787697002	XAUUSD	M5	4668.80						4668.89707641	4667.61172822	0
1787697302	XAUUSD	M5	4669.96						4670.05556827	4668.83364824	0
1787697602	XAUUSD	M5	4669.96						4671.02781122	4669.93072973	0
1787697902	XAUUSD	M5	4672.11						4671.74549212	4670.83811092	0
1787698202	XAUUSD	M5	4672.35				4673.68000		4672.06015666	4671.44913379	0
1787698502	XAUUSD	M5	4672.46						4671.88527992	4671.66720686	0
1787698802	XAUUSD	M5	4672.09						4671.16234447	4671.41477566	1
1787699102	XAUUSD	M5	4669.08						4669.88662078	4670.65069822	0
1787699402	XAUUSD	M5	4668.05						4668.14805233	4669.39937528	0
1787699702	XAUUSD	M5	4667.33						4666.04965068	4667.72451298	0
1787700002	XAUUSD	M5	4661.54						4663.72588916	4665.72520107	0
1787700302	XAUUSD	M5	4661.07						4661.48194364	4663.60357235	0
1787700602	XAUUSD	M5	4660.26						4659.47080806	4661.53719021	0
1787700902	XAUUSD	M5	4659.35						4657.82096136	4659.67907579	0
1787701202	XAUUSD	M5	4656.17						4656.58726599	4658.13317089	0
1787701502	XAUUSD	M5	4655.85						4655.79806757	4656.96561923	0
1787701802	XAUUSD	M5	4654.91						4655.30531050	4656.13546486	0
1787702102	XAUUSD	M5	4654.92						4654.89763891	4655.51655189	0
1787702402	XAUUSD	M5	4652.56						4654.30813756	4654.91234473	0
1787702702	XAUUSD	M5	4653.75						4653.33879602	4654.12557037	0
1787703002	XAUUSD	M5	4651.38						4651.79473803	4652.96015420	0
1787703302	XAUUSD	M5	4651.38						4649.69144475	4651.32579947	0
1787703602	XAUUSD	M5	4645.29						4647.13794005	4649.23186976	0
1787703902	XAUUSD	M5	4646.71						4644.51850506	4646.87518741	0
1787704202	XAUUSD	M5	4645.07						4642.07547743	4644.47533242	0
1787704502	XAUUSD	M5	4639.90						4640.10461182	4642.28997212	0
1787704802	XAUUSD	M5	4637.07						4638.92384845	4640.60691028	0
1787705102	XAUUSD	M5	4636.46						4638.64259123	4639.62475076	0
1787705402	XAUUSD	M5	4636.09						4639.16069795	4639.39272435	0
1787705702	XAUUSD	M5	4637.66						4640.24438324	4639.81855380	1
1787706002	XAUUSD	M5	4646.03					4629.80000	4641.55299735	4640.68577557	0
1787706302	XAUUSD	M5	4644.65						4642.60880713	4641.64729135	0
1787706602	XAUUSD	M5	4644.32						4643.30369332	4642.47549233	0
1787706902	XAUUSD	M5	4645.56						4643.66065130	4643.06807182	0
1787707202	XAUUSD	M5	4644.50						4643.79438818	4643.43123000	0
1787707502	XAUUSD	M5	4643.60						4643.97163679	4643.70143340	0
1787707802	XAUUSD	M5	4639.26						4644.47437583	4644.08790461	0
1787708102	XAUUSD	M5	4645.35						4645.60704525	4644.84747493	0
1787708402	XAUUSD	M5	4644.78						4647.30109219	4646.07428356	0
1787708702	XAUUSD	M5	4650.98						4649.53373750	4647.80401053	0
1787709002	XAUUSD	M5	4651.83						4652.01668307	4649.91034680	0
1787709302	XAUUSD	M5	4656.96						4654.56277209	4652.23655945	0
1787709602	XAUUSD	M5	4659.83						4656.88643041	4654.56149493	0
1787709902	XAUUSD	M5	4660.49						4658.82291254	4656.69220374	0
1787710202	XAUUSD	M5	4660.18						4660.35031574	4658.52125974	0
1787710502	XAUUSD	M5	4661.02						4661.53617268	4660.02871621	0
1787710802	XAUUSD	M5	4659.10						4662.43736321	4661.23303971	0
1787711102	XAUUSD	M5	4658.99						4663.14879314	4662.19091642	0
1787711402	XAUUSD	M5	4663.66						4663.65700516	4662.92396079	0
1787711702	XAUUSD	M5	4663.42						4663.76566473	4663.34481276	0
1787712002	XAUUSD	M5	4667.23				4670.66000		4663.36310664	4663.35395970	0
1787712302	XAUUSD	M5	4665.83						4662.27709992	4662.81552981	1
1787712602	XAUUSD	M5	4660.95						4660.52763349	4661.67158165	0
1787712902	XAUUSD	M5	4658.35						4658.32286250	4659.99722208	0
1787713202	XAUUSD	M5	4656.79						4655.87248111	4657.93485159	0
1787713502	XAUUSD	M5	4650.11						4653.39941518	4655.66713339	0
1787713802	XAUUSD	M5	4648.26						4651.26422533	4653.46567936	0
1787714102	XAUUSD	M5	4647.59						4649.63398942	4651.54983439	0
1787714402	XAUUSD	M5	4648.92						4648.53142176	4650.04062808	0
1787714702	XAUUSD	M5	4650.42						4647.82291021	4648.93176914	0
1787715002	XAUUSD	M5	4650.11						4647.30642882	4648.11909898	0
1787715302	XAUUSD	M5	4648.22						4646.80366918	4647.46138408	0
1787715602	XAUUSD	M5	4645.25						4646.23770336	4646.84954372	0
1787715902	XAUUSD	M5	4644.96						4645.61434905	4646.23194639	0
1787716202	XAUUSD	M5	4644.25						4644.92691610	4645.57943125	0
1787716502	XAUUSD	M5	4642.72						4644.22704560	4644.90323842	0
1787716802	XAUUSD	M5	4642.85						4643.58643708	4644.24483775	0
1787717102	XAUUSD	M5	4643.68						4643.02611531	4643.63547653	0
1787717402	XAUUSD	M5	4642.54						4642.52095339	4643.07821496	0
1787717702	XAUUSD	M5	4642.10						4642.09016255	4642.58418875	0
1787718002	XAUUSD	M5	4642.65						4641.71982035	4642.15200455	0
1787718302	XAUUSD	M5	4642.27						4641.39093797	4641.77147126	0
1787718602	XAUUSD	M5	4641.78						4641.11211904	4641.44179515	0
1787718902	XAUUSD	M5	4640.40						4640.91601513	4641.17890514	0
1787719202	XAUUSD	M5	4640.86						4640.89093679	4641.03492097	0
1787719502	XAUUSD	M5	4640.23						4641.06348232	4641.04920164	1
1787719802	XAUUSD	M5	4640.84						4641.45954174	4641.25437169	0
1787720102	XAUUSD	M5	4640.70						4642.02685170	4641.64061170	0
1787720402	XAUUSD	M5	4642.07						4642.68864069	4642.16462619	0
1787720702	XAUUSD	M5	4645.72						4643.28637730	4642.72550175	0
1787721002	XAUUSD	M5	4643.42						4643.63100489	4643.17825332	0
1787721302	XAUUSD	M5	4643.53						4643.71368770	4643.44597051	0
1787721602	XAUUSD	M5	4643.90						4643.53124137	4643.48860594	0
1787721902	XAUUSD	M5	4643.37						4643.13031418	4643.30946006	1
1787722202	XAUUSD	M5	4645.73				4649.55000		4642.58877941	4642.94911973	0
1787722502	XAUUSD	M5	4641.69						4641.90938946	4642.42925460	0
1787722802	XAUUSD	M5	4638.12						4641.23921833	4641.83423646	0
1787723102	XAUUSD	M5	4637.68						4640.65151878	4641.24287762	0
1787723402	XAUUSD	M5	4639.00						4640.06794016	4640.65540889	0
1787723702	XAUUSD	M5	4639.80						4639.31440299	4639.98490594	0
1787724002	XAUUSD	M5	4641.03						4638.23844390	4639.11167492	0
1787724302	XAUUSD	M5	4639.15						4636.76031578	4637.93599535	0
1787724602	XAUUSD	M5	4637.59						4634.98703112	4636.46151324	0
1787724902	XAUUSD	M5	4634.28						4633.12781379	4634.79466352	0
1787725202	XAUUSD	M5	4627.07						4631.49794197	4633.14630274	0
1787725502	XAUUSD	M5	4626.65					4624.71000	4630.49995345	4631.82312810	0
1787725802	XAUUSD	M5	4630.46						4630.27623154	4631.04967982	0
1787726102	XAUUSD	M5	4630.62						4630.73689906	4630.89328944	0
1787726402	XAUUSD	M5	4633.43						4631.75701771	4631.32515358	1
1787726702	XAUUSD	M5	4635.15						4633.05628210	4632.19071784	0
1787727002	XAUUSD	M5	4633.37						4634.34902953	4633.26987368	0
1787727302	XAUUSD	M5	4634.38						4635.44632008	4634.35809688	0
1787727602	XAUUSD	M5	4639.03						4636.14714610	4635.25262149	0
1787727902	XAUUSD	M5	4635.23						4636.24397001	4635.74829575	0
1787728202	XAUUSD	M5	4636.38						4635.86505284	4635.80667430	0
1787728502	XAUUSD	M5	4633.96						4635.09520913	4635.45094171	1
1787728802	XAUUSD	M5	4634.21						4634.15114937	4634.80104554	0
1787729102	XAUUSD	M5	4631.33						4633.17246457	4633.98675506	0
1787729402	XAUUSD	M5	4633.47						4632.32317941	4633.15496723	0
1787729702	XAUUSD	M5	4630.52						4631.56269513	4632.35883118	0
1787730002	XAUUSD	M5	4631.87						4630.91284303	4631.63583711	0
1787730302	XAUUSD	M5	4631.89						4630.26893535	4630.95238623	0
1787730602	XAUUSD	M5	4628.52						4629.55841171	4630.25539897	0
1787730902	XAUUSD	M5	4629.04						4628.82507568	4629.54023733	0
1787731202	XAUUSD	M5	4628.66						4628.07605465	4628.80814599	0
1787731502	XAUUSD	M5	4627.75						4627.37474259	4628.09144429	0
1787731802	XAUUSD	M5	4625.82						4626.84842528	4627.46993479	0
1787732102	XAUUSD	M5	4625.09						4626.66313712	4627.06653596	0
1787732402	XAUUSD	M5	4626.40						4626.89265344	4626.97959470	0
1787732702	XAUUSD	M5	4629.57						4627.46956798	4627.22458134	1
1787733002	XAUUSD	M5	4628.28						4628.18788362	4627.70623248	0
1787733302	XAUUSD	M5	4629.07						4628.87838186	4628.29230717	0
1787733602	XAUUSD	M5	4629.43						4629.30495707	4628.79863212	0
1787733902	XAUUSD	M5	4628.28						4629.26046800	4629.02955006	0
1787734202	XAUUSD	M5	4627.63						4628.65160233	4628.84057619	1
1787734502	XAUUSD	M5	4628.29						4627.50351717	4628.17204668	0
1787734802	XAUUSD	M5	4625.97						4625.89299006	4627.03251837	0
1787735102	XAUUSD	M5	4624.26						4624.06957470	4625.55104654	0
1787735402	XAUUSD	M5	4624.82						4622.32404816	4623.93754735	0
1787735702	XAUUSD	M5	4621.18						4620.88134546	4622.40944640	0
1787736002	XAUUSD	M5	4618.99						4620.01467461	4621.21206051	0
1787736302	XAUUSD	M5	4616.81						4619.84900855	4620.53053453	0
1787736602	XAUUSD	M5	4621.00						4620.35401777	4620.44227615	0
1787736902	XAUUSD	M5	4620.30						4621.20928196	4620.82577905	1
1787737202	XAUUSD	M5	4622.01						4622.16815089	4621.49696497	0
1787737502	XAUUSD	M5	4624.20						4622.91707610	4622.20702054	0
1787737802	XAUUSD	M5	4624.09						4623.19424616	4622.70063335	0
1787738102	XAUUSD	M5	4623.20						4622.91798174	4622.80930754	0
1787738402	XAUUSD	M5	4623.42						4622.15417575	4622.48174165	1
1787738702	XAUUSD	M5	4621.90						4621.06716472	4621.77445318	0
1787739002	XAUUSD	M5	4619.01						4619.93097527	4620.85271423	0
1787739302	XAUUSD	M5	4617.17						4619.04796570	4619.95033996	0
1787739602	XAUUSD	M5	4618.59						4618.63447294	4619.29240645	0
1787739902	XAUUSD	M5	4615.06					4613.34000	4618.73923559	4619.01582102	0
1787740202	XAUUSD	M5	4619.30						4619.39226037	4619.20404069	1
1787740502	XAUUSD	M5	4624.08						4620.31983499	4619.76193784	0
1787740802	XAUUSD	M5	4622.20						4621.18398067	4620.47295926	0
1787741102	XAUUSD	M5	4623.39						4621.82247169	4621.14771547	0
1787741402	XAUUSD	M5	4622.72						4622.06264319	4621.60517933	0
1787741702	XAUUSD	M5	4620.28						4621.86710905	4621.73614419	0
1787742002	XAUUSD	M5	4620.79						4621.32275261	4621.52944840	1
1787742302	XAUUSD	M5	4617.65						4620.51775497	4621.02360169	0
1787742602	XAUUSD	M5	4618.46						4619.68025412	4620.35192791	0
1787742902	XAUUSD	M5	4622.06						4618.92735906	4619.63964348	0
1787743202	XAUUSD	M5	4616.79						4618.29294712	4618.96629530	0
1787743502	XAUUSD	M5	4620.59						4618.01838688	4618.49234109	0
1787743802	XAUUSD	M5	4618.99						4618.05887768	4618.27560938	0
1787744102	XAUUSD	M5	4618.21						4618.49812079	4618.38686509	1
1787744402	XAUUSD	M5	4619.12						4619.34426604	4618.86556556	0
1787744702	XAUUSD	M5	4618.51						4620.52388652	4619.69472604	0
1787745002	XAUUSD	M5	4619.59						4621.97306996	4620.83389800	0
1787745302	XAUUSD	M5	4624.52						4623.56744480	4622.20067140	0
1787745602	XAUUSD	M5	4627.19						4625.08058151	4623.64062646	0
1787745902	XAUUSD	M5	4627.36						4626.32481776	4624.98272211	0
1787746202	XAUUSD	M5	4625.85						4627.21107038	4626.09689625	0
1787746502	XAUUSD	M5	4628.91						4627.69543323	4626.89616474	0
1787746802	XAUUSD	M5	4626.29						4627.65931117	4627.27773796	0
1787747102	XAUUSD	M5	4630.21						4627.13307086	4627.20540441	1
1787747402	XAUUSD	M5	4623.37				4633.10000		4625.99673300	4626.60106870	0
1787747702	XAUUSD	M5	4622.13						4624.41449781	4625.50778326	0
1787748002	XAUUSD	M5	4622.49						4622.42277205	4623.96527765	0
1787748302	XAUUSD	M5	4623.77						4620.06379073	4622.01453419	0
1787748602	XAUUSD	M5	4616.32						4617.38946226	4619.70199823	0
1787748902	XAUUSD	M5	4614.64						4614.73861743	4617.22030783	0
1787749202	XAUUSD	M5	4612.23						4612.36459443	4614.79245113	0
1787749502	XAUUSD	M5	4609.18						4610.54783779	4612.67014446	0
1787749802	XAUUSD	M5	4611.11						4609.56410965	4611.11712705	0
1787750102	XAUUSD	M5	4611.45					4598.00000	4609.51011240	4610.31361973	0
1787750402	XAUUSD	M5	4609.26						4610.42239355	4610.36800664	1
1787750702	XAUUSD	M5	4611.30						4612.29708330	4611.33254497	0
1787751002	XAUUSD	M5	4615.83						4614.88632656	4613.10943577	0
1787751302	XAUUSD	M5	4613.28						4617.75487843	4615.43215710	0
1787751602	XAUUSD	M5	4619.59						4620.60872555	4618.02044133	0
1787751902	XAUUSD	M5	4625.57						4622.95808195	4620.48926164	0
1787752202	XAUUSD	M5	4623.83						4624.43297695	4622.46111930	0
1787752502	XAUUSD	M5	4631.52						4625.04662155	4623.75387042	0
1787752802	XAUUSD	M5	4624.17				4633.31000		4624.72477560	4624.23932301	0
1787753102	XAUUSD	M5	4622.85						4623.90335968	4624.07134135	1
1787753402	XAUUSD	M5	4620.38						4622.90347839	4623.48740987	0
1787753702	XAUUSD	M5	4622.79						4621.97773130	4622.73257058	0
1787754002	XAUUSD	M5	4621.02						4621.10591413	4621.91924236	0
1787754302	XAUUSD	M5	4616.66						4620.23135340	4621.07529788	0
1787754602	XAUUSD	M5	4618.25						4619.20642871	4620.14086330	0
1787754902	XAUUSD	M5	4616.95						4617.66431336	4618.90258833	0
1787755202	XAUUSD	M5	4621.95						4615.34837084	4617.12547958	0
1787755502	XAUUSD	M5	4612.76						4611.98864821	4614.55706390	0
1787755802	XAUUSD	M5	4607.71						4607.87916301	4611.21811345	0
1787756102	XAUUSD	M5	4602.92						4603.42807595	4607.32309470	0
1787756402	XAUUSD	M5	4598.42						4599.15959207	4603.24134338	0
1787756702	XAUUSD	M5	4597.75						4595.63722339	4599.43928339	0
1787757002	XAUUSD	M5	4588.91						4593.25163097	4596.34545718	0
1787757302	XAUUSD	M5	4590.89					4582.97000	4592.40904370	4594.37725044	0
1787757602	XAUUSD	M5	4591.69						4593.00332372	4593.69028708	0
1787757902	XAUUSD	M5	4594.71						4594.75123782	4594.22076245	1
1787758202	XAUUSD	M5	4598.15						4597.14254156	4595.68165201	0
1787758502	XAUUSD	M5	4601.34						4599.59317356	4597.63741278	0
1787758802	XAUUSD	M5	4604.77						4601.58822162	4599.61281720	0
1787759102	XAUUSD	M5	4608.34						4602.74204139	4601.17742929	0
1787759402	XAUUSD	M5	4600.32						4602.86825042	4602.02283986	0
1787759702	XAUUSD	M5	4596.13						4602.25222110	4602.13753048	0
1787760002	XAUUSD	M5	4597.64						4601.17654561	4601.65703804	1
1787760302	XAUUSD	M5	4599.56						4599.79771026	4600.72737415	0
1787760602	XAUUSD	M5	4600.30						4598.24430363	4599.48583889	0
1787760902	XAUUSD	M5	4599.33						4596.61267443	4598.04925666	0
1787761202	XAUUSD	M5	4595.95						4595.00522296	4596.52723981	0
1787761502	XAUUSD	M5	4594.79						4593.56859281	4595.04791631	0
1787761802	XAUUSD	M5	4594.36						4592.35982609	4593.70387120	0
1787762102	XAUUSD	M5	4587.01						4591.43533537	4592.56960329	0
1787762402	XAUUSD	M5	4588.26						4591.00093877	4591.78527103	0
1787762702	XAUUSD	M5	4594.89						4591.02377430	4591.40452266	0
1787763002	XAUUSD	M5	4589.53						4591.31081460	4591.35766863	0
1787763302	XAUUSD	M5	4591.58						4591.95549721	4591.65658292	1
1787763602	XAUUSD	M5	4593.24						4592.84849991	4592.25254141	0
1787763902	XAUUSD	M5	4594.30						4593.86767617	4593.06010879	0
1787764202	XAUUSD	M5	4594.80						4594.90602467	4593.98306673	0
1787764502	XAUUSD	M5	4596.02						4595.87409436	4594.92858054	0
1787764802	XAUUSD	M5	4596.58						4596.71750991	4595.82304523	0
1787765102	XAUUSD	M5	4597.80						4597.42272997	4596.62288760	0
1787765402	XAUUSD	M5	4600.95						4597.97819276	4597.30054018	0
1787765702	XAUUSD	M5	4596.65						4598.34084311	4597.82069164	0
1787766002	XAUUSD	M5	4597.17						4598.65242982	4598.23656073	0
1787766302	XAUUSD	M5	4598.27						4598.93725390	4598.58690732	0
1787766602	XAUUSD	M5	4597.43						4599.15567174	4598.87128953	0
1787766902	XAUUSD	M5	4597.76						4599.28915361	4599.08022157	0
1787767202	XAUUSD	M5	4602.79						4599.27308472	4599.17665314	0
1787767502	XAUUSD	M5	4602.15				4604.50000		4598.93923264	4599.05794289	1
1787767802	XAUUSD	M5	4600.16						4598.30269188	4598.68031739	0
1787768102	XAUUSD	M5	4595.80						4597.46984296	4598.07508017	0
1787768402	XAUUSD	M5	4593.93						4596.62939661	4597.35223839	0
1787768702	XAUUSD	M5	4594.83						4595.92521006	4596.63872422	0
1787769002	XAUUSD	M5	4593.57						4595.38521640	4596.01197031	0
1787769302	XAUUSD	M5	4594.36						4595.02660101	4595.51928566	0
1787769602	XAUUSD	M5	4596.77						4594.79354396	4595.15641481	0
1787769902	XAUUSD	M5	4596.94						4594.58195791	4594.86918636	0
1787770202	XAUUSD	M5	4596.45						4594.34472522	4594.60695579	0
1787770502	XAUUSD	M5	4593.84						4594.10770883	4594.35733231	0
1787770802	XAUUSD	M5	4592.18						4593.95986938	4594.15860085	0
1787771102	XAUUSD	M5	4592.99						4593.98549260	4594.07204672	0
1787771402	XAUUSD	M5	4594.47						4594.20341368	4594.13773020	1
1787771702	XAUUSD	M5	4591.87						4594.57337900	4594.35555460	0
1787772002	XAUUSD	M5	4594.46						4595.11369402	4594.73462431	0
1787772302	XAUUSD	M5	4598.53						4595.69083789	4595.21273110	0
1787772602	XAUUSD	M5	4597.54						4596.09497535	4595.65385323	0
1787772902	XAUUSD	M5	4596.81						4596.26106474	4595.95745898	0
1787773202	XAUUSD	M5	4595.77						4596.14834244	4596.05290071	0
1787773502	XAUUSD	M5	4595.20						4595.76661179	4595.90975625	1
1787773802	XAUUSD	M5	4593.74						4595.15270599	4595.53123112	0
1787774102	XAUUSD	M5	4594.30						4594.40214713	4594.96668912	0
1787774402	XAUUSD	M5	4594.14						4593.56959890	4594.26814401	0
1787774702	XAUUSD	M5	4594.31						4592.71682835	4593.49248618	0
1787775002	XAUUSD	M5	4591.59						4591.89947165	4592.69597891	0
1787775302	XAUUSD	M5	4589.49						4591.24053307	4591.96825599	0
1787775602	XAUUSD	M5	4589.64					4584.20000	4590.82934051	4591.39879825	0
1787775902	XAUUSD	M5	4591.26						4590.69702902	4591.04791364	0
1787776202	XAUUSD	M5	4591.69						4590.83047457	4590.93919410	0
1787776502	XAUUSD	M5	4593.43						4591.26102373	4591.10010892	1
1787776802	XAUUSD	M5	4591.94						4592.03542947	4591.56776919	0
1787777102	XAUUSD	M5	4593.29						4593.28557550	4592.42667235	0
1787777402	XAUUSD	M5	4592.84						4595.04980367	4593.73823801	0
1787777702	XAUUSD	M5	4594.62						4597.34578903	4595.54201352	0
1787781602	XAUUSD	M5	4603.17						4600.04894326	4597.79547839	0
1787781902	XAUUSD	M5	4604.00						4602.79657478	4600.29602659	0
1787782202	XAUUSD	M5	4602.44						4605.36500791	4602.83051725	0
1787782502	XAUUSD	M5	4610.65						4607.59658537	4605.21355131	0
1787782802	XAUUSD	M5	4606.75						4609.12010368	4607.16682749	0
1787783102	XAUUSD	M5	4611.24						4609.98410065	4608.57546407	0
1787783402	XAUUSD	M5	4609.61						4610.13333780	4609.35440094	0
1787783702	XAUUSD	M5	4610.08						4609.77932238	4609.56686166	0
1787784002	XAUUSD	M5	4610.94						4609.19205510	4609.37945838	1
1787784302	XAUUSD	M5	4609.00						4608.67061082	4609.02503460	0
1787784602	XAUUSD	M5	4607.45						4608.59754079	4608.81128770	0
1787784902	XAUUSD	M5	4609.43						4609.23172688	4609.02150729	1
1787785202	XAUUSD	M5	4608.36						4610.61315039	4609.81732884	0
1787785502	XAUUSD	M5	4611.01						4612.68946928	4611.25339906	0
1787785802	XAUUSD	M5	4615.53						4615.17954841	4613.21647373	0
1787786102	XAUUSD	M5	4620.77						4617.70701047	4615.46174210	0
1787786402	XAUUSD	M5	4621.40						4619.87241594	4617.66707902	0
1787786702	XAUUSD	M5	4620.18						4621.48786740	4619.57747321	0
1787787002	XAUUSD	M5	4620.94						4622.53306191	4621.05526756	0
1787787302	XAUUSD	M5	4624.92						4623.06833681	4622.06180219	0
1787787602	XAUUSD	M5	4622.68						4623.14433025	4622.60306622	0
1787787902	XAUUSD	M5	4623.45						4623.01084870	4622.80695746	0
1787788202	XAUUSD	M5	4621.33						4622.80212809	4622.80454277	1
1787788502	XAUUSD	M5	4623.61						4622.62261978	4622.71358128	0
1787788802	XAUUSD	M5	4624.35				4626.98000		4622.34872369	4622.53115248	0
1787789102	XAUUSD	M5	4618.89						4621.80507869	4622.16811559	0
1787789402	XAUUSD	M5	4618.01						4620.93679757	4621.55245658	0
1787789702	XAUUSD	M5	4619.33						4619.60870404	4620.58058031	0
1787790002	XAUUSD	M5	4620.09						4617.72228064	4619.15143047	0
1787790302	XAUUSD	M5	4619.01						4615.34765383	4617.24954215	0
1787790602	XAUUSD	M5	4613.22						4612.75382315	4615.00168265	0
1787790902	XAUUSD	M5	4612.63						4610.41338912	4612.70753588	0
1787791202	XAUUSD	M5	4606.09						4608.71126469	4610.70940029	0
1787791502	XAUUSD	M5	4609.51						4608.08882759	4609.39911394	0
1787791802	XAUUSD	M5	4602.73					4600.62000	4608.56123271	4608.98017332	0
1787792102	XAUUSD	M5	4605.26						4610.21682567	4609.59849950	1
1787792402	XAUUSD	M5	4614.26						4612.72541592	4611.16195771	0
1787792702	XAUUSD	M5	4616.34						4615.49762144	4613.32978958	0
1787793002	XAUUSD	M5	4624.58						4618.13522711	4615.73250834	0
1787793302	XAUUSD	M5	4621.92						4620.22183262	4617.97717048	0
1787793602	XAUUSD	M5	4624.89						4621.82218097	4619.89967572	0
1787793902	XAUUSD	M5	4618.50						4623.05595794	4621.47781683	0
1787794202	XAUUSD	M5	4621.57						4624.39795029	4622.93788356	0
1787794502	XAUUSD	M5	4628.29						4626.09639320	4624.51713838	0
1787794802	XAUUSD	M5	4623.88						4628.20991786	4626.36352812	0
1787795102	XAUUSD	M5	4629.68						4630.90479092	4628.63415952	0
1787795402	XAUUSD	M5	4634.75						4633.89122249	4631.26269101	0
1787795702	XAUUSD	M5	4640.03						4636.74000832	4634.00134966	0
1787796002	XAUUSD	M5	4638.67				4642.96000		4638.94696351	4636.47415659	0
1787796302	XAUUSD	M5	4642.16						4640.20448355	4638.33932007	0
1787796602	XAUUSD	M5	4640.49						4640.20431320	4639.27181663	0
1787796902	XAUUSD	M5	4638.77						4638.97704269	4639.12442966	1
1787797202	XAUUSD	M5	4636.94						4636.76714446	4637.94578706	0
1787797502	XAUUSD	M5	4632.97						4634.00582763	4635.97580735	0
1787797802	XAUUSD	M5	4629.45						4631.26323134	4633.61951934	0
1787798102	XAUUSD	M5	4628.20						4629.07389114	4631.34670524	0
1787798402	XAUUSD	M5	4627.41						4627.80699443	4629.57684983	0
1787798702	XAUUSD	M5	4629.29						4627.61996810	4628.59840897	0
1787799002	XAUUSD	M5	4629.28						4628.39166002	4628.49503450	0
1787799302	XAUUSD	M5	4629.73						4629.87152431	4629.18327940	1
1787799602	XAUUSD	M5	4634.35						4631.69826740	4630.44077340	0
1787799902	XAUUSD	M5	4630.26						4633.39557692	4631.91817516	0
1787800202	XAUUSD	M5	4634.20						4634.73812061	4633.32814789	0
1787800502	XAUUSD	M5	4633.66						4635.42781874	4634.37798331	0
1787800802	XAUUSD	M5	4637.92						4635.38443754	4634.88121042	0
1787801102	XAUUSD	M5	4635.20						4634.57656111	4634.72888577	1
1787801402	XAUUSD	M5	4633.68						4633.23304313	4633.98096445	0
1787801702	XAUUSD	M5	4632.21						4631.61126866	4632.79611655	0
1787802002	XAUUSD	M5	4629.29						4629.96342034	4631.37976845	0
1787802302	XAUUSD	M5	4627.66						4628.50631679	4629.94304262	0
1787802602	XAUUSD	M5	4626.83						4627.35281373	4628.64792817	0
1787802902	XAUUSD	M5	4625.56						4626.48270662	4627.56531740	0
1787803202	XAUUSD	M5	4626.37						4625.82822109	4626.69676924	0
1787803502	XAUUSD	M5	4625.45						4625.21449860	4625.95563392	0
1787803802	XAUUSD	M5	4625.45						4624.50083767	4625.22823579	0
1787804102	XAUUSD	M5	4624.15						4623.59375055	4624.41099317	0
1787804402	XAUUSD	M5	4623.21						4622.49792782	4623.45446050	0
1787804702	XAUUSD	M5	4620.75						4621.29236284	4622.37341167	0
1787805002	XAUUSD	M5	4618.72						4620.15778973	4621.26560070	0
1787805302	XAUUSD	M5	4618.23						4619.29247233	4620.27903652	0
1787805602	XAUUSD	M5	4619.17						4618.82655439	4619.55279545	0
1787805902	XAUUSD	M5	4620.17						4618.79103923	4619.17191734	0
1787806202	XAUUSD	M5	4619.82						4619.13375403	4619.15283569	0
1787806502	XAUUSD	M5	4618.77						4619.72693721	4619.43988645	1
1787806802	XAUUSD	M5	4620.28						4620.37539417	4619.90764031	0
1787807102	XAUUSD	M5	4620.10						4620.78385036	4620.34574533	0
1787807402	XAUUSD	M5	4620.23						4620.69480669	4620.52027601	0
1787807702	XAUUSD	M5	4619.98						4619.90496117	4620.21261859	1
1787808002	XAUUSD	M5	4620.56						4618.32935494	4619.27098677	0
1787808302	XAUUSD	M5	4617.28						4616.00359002	4617.63728839	0
1787808602	XAUUSD	M5	4611.36						4613.19624936	4615.41676888	0
1787808902	XAUUSD	M5	4611.18						4610.32276072	4612.86976480	0
1787809202	XAUUSD	M5	4605.43						4607.70890338	4610.28933409	0
1787809502	XAUUSD	M5	4606.49						4605.75323428	4608.02128418	0
1787809802	XAUUSD	M5	4603.10						4604.58245886	4606.30187152	0
1787810102	XAUUSD	M5	4607.06						4604.28796227	4605.29491689	0
1787810402	XAUUSD	M5	4603.75						4604.65638670	4604.97565180	0
1787810702	XAUUSD	M5	4605.07						4605.55131700	4605.26348440	1
1787811002	XAUUSD	M5	4606.10						4606.66216996	4605.96282718	0
1787811302	XAUUSD	M5	4606.73						4607.69124285	4606.82703502	0
1787811602	XAUUSD	M5	4609.53						4608.39609090	4607.61156296	0
1787811902	XAUUSD	M5	4610.39						4608.57509308	4608.09332802	0
1787812202	XAUUSD	M5	4607.45						4608.19447897	4608.14390350	0
1787812502	XAUUSD	M5	4607.84						4607.41373313	4607.77881831	1
1787812802	XAUUSD	M5	4607.68						4606.35128595	4607.06505213	0
1787813102	XAUUSD	M5	4604.37						4605.14545796	4606.10525505	0
1787813402	XAUUSD	M5	4601.87						4603.98316355	4605.04420930	0
1787813702	XAUUSD	M5	4600.20						4602.96375836	4604.00398383	0
1787814002	XAUUSD	M5	4603.29						4602.09990473	4603.05194428	0
1787814302	XAUUSD	M5	4602.81						4601.24618547	4602.14906488	0
1787814602	XAUUSD	M5	4603.82						4600.35195646	4601.25051067	0
1787814902	XAUUSD	M5	4597.62						4599.35210960	4600.30131013	0
1787815202	XAUUSD	M5	4596.85						4598.42013048	4599.36072031	0
1787815502	XAUUSD	M5	4599.44					4593.59000	4597.65295237	4598.50683634	0
1787815802	XAUUSD	M5	4596.29						4597.10479725	4597.80581680	0
1787816102	XAUUSD	M5	4596.44						4596.98472466	4597.39527073	0
1787816402	XAUUSD	M5	4597.72						4597.36029219	4597.37778146	0
1787816702	XAUUSD	M5	4597.37						4598.19269590	4597.78523868	1
1787817002	XAUUSD	M5	4598.23						4599.40969631	4598.59746749	0
1787817302	XAUUSD	M5	4600.15						4600.82351938	4599.71049344	0
1787817602	XAUUSD	M5	4605.30						4602.18178104	4600.94613724	0
1787817902	XAUUSD	M5	4603.19						4603.14981642	4602.04797683	0
1787818202	XAUUSD	M5	4603.29						4603.61375688	4602.83086686	0
1787818502	XAUUSD	M5	4603.70						4603.47995562	4603.15541124	0
1787818802	XAUUSD	M5	4603.44						4602.75380389	4602.95460756	1
1787819102	XAUUSD	M5	4601.02						4601.56689470	4602.26075113	0
1787819402	XAUUSD	M5	4599.16						4600.17332719	4601.21703916	0
1787819702	XAUUSD	M5	4598.38						4598.85884958	4600.03794437	0
1787820002	XAUUSD	M5	4596.27						4597.83572802	4598.93683620	0
1787820302	XAUUSD	M5	4598.42						4597.26584416	4598.10134018	0
1787820602	XAUUSD	M5	4599.76						4597.09682806	4597.59908412	0
1787820902	XAUUSD	M5	4599.05						4597.18520353	4597.39214382	0
1787821202	XAUUSD	M5	4594.80						4597.37600690	4597.38407536	0
1787821502	XAUUSD	M5	4596.29						4597.55473209	4597.46940373	1
1787821802	XAUUSD	M5	4596.08						4597.43727786	4597.45334079	1
1787822102	XAUUSD	M5	4595.45						4596.81056234	4597.13195157	0
1787822402	XAUUSD	M5	4596.79						4595.55491922	4596.34343539	0
1787822702	XAUUSD	M5	4597.49						4593.58960843	4594.96652191	0
1787823002	XAUUSD	M5	4593.82						4590.97927827	4592.97290009	0
1787823302	XAUUSD	M5	4584.52						4587.98758121	4590.48024065	0
1787823602	XAUUSD	M5	4582.44						4585.07924960	4587.77974512	0
1787823902	XAUUSD	M5	4582.69						4582.50980386	4585.14477449	0
1787824202	XAUUSD	M5	4582.49						4580.41737752	4582.78107601	0
1787824502	XAUUSD	M5	4580.44						4578.87442709	4580.82775155	0
1787824802	XAUUSD	M5	4572.58					4569.24000	4577.93360579	4579.38067867	0
1787825102	XAUUSD	M5	4576.08						4577.74518971	4578.56293419	0
1787825402	XAUUSD	M5	4581.72						4578.10795543	4578.33544481	0
1787825702	XAUUSD	M5	4580.80						4578.73431129	4578.53487805	1
1787826002	XAUUSD	M5	4582.18						4579.53515199	4579.03501502	0
1787826302	XAUUSD	M5	4580.32						4580.40968588	4579.72235045	0
1787826602	XAUUSD	M5	4578.81						4581.39762493	4580.55998769	0
1787826902	XAUUSD	M5	4576.88						4582.55943947	4581.55971358	0
1787827202	XAUUSD	M5	4585.60						4583.98888383	4582.77429871	0
1787827502	XAUUSD	M5	4586.70						4585.48441171	4584.12935521	0
1787827802	XAUUSD	M5	4589.07						4587.00926949	4585.56931235	0
1787828102	XAUUSD	M5	4590.05						4588.49114360	4587.03022797	0
1787828402	XAUUSD	M5	4588.83						4589.89938687	4588.46480742	0
1787828702	XAUUSD	M5	4590.65						4591.28741961	4589.87611351	0
1787829002	XAUUSD	M5	4592.58						4592.59296132	4591.23453741	0
1787829302	XAUUSD	M5	4592.37						4593.74325233	4592.48889487	0
1787829602	XAUUSD	M5	4596.32						4594.72910155	4593.60899821	0
1787829902	XAUUSD	M5	4594.46						4595.47087282	4594.53993551	0
1787830202	XAUUSD	M5	4595.70						4596.05954776	4595.29974164	0
1787830502	XAUUSD	M5	4596.95						4596.52737343	4595.91355754	0
1787830802	XAUUSD	M5	4597.90						4596.90095723	4596.40725739	0
1787831102	XAUUSD	M5	4595.30						4597.19462274	4596.80094006	0
1787831402	XAUUSD	M5	4599.92						4597.46558165	4597.13326086	0
1787831702	XAUUSD	M5	4598.30						4597.55951098	4597.34638592	0
1787832002	XAUUSD	M5	4598.34				4601.09000		4597.44900151	4597.39769371	0
1787832302	XAUUSD	M5	4595.09						4597.06595393	4597.23182382	1
1787832602	XAUUSD	M5	4592.79						4596.44101453	4596.83641917	0
1787832902	XAUUSD	M5	4594.75						4595.57377835	4596.20509876	0
1787833202	XAUUSD	M5	4596.44						4594.38850052	4595.29679964	0
1787833502	XAUUSD	M5	4595.60						4592.86829501	4594.08254733	0
1787833802	XAUUSD	M5	4593.27						4591.12832550	4592.60543641	0
1787834102	XAUUSD	M5	4589.02						4589.38405429	4590.99474535	0
1787834402	XAUUSD	M5	4587.70						4587.89842032	4589.44658283	0
1787834702	XAUUSD	M5	4583.57						4586.81441521	4588.13049902	0
1787835002	XAUUSD	M5	4584.76						4586.27569911	4587.20309907	0
1787835302	XAUUSD	M5	4586.07						4586.20758432	4586.70534170	0
1787835602	XAUUSD	M5	4588.54						4586.42555489	4586.56544829	0
1787835902	XAUUSD	M5	4586.98						4586.65136623	4586.60840726	1
1787836202	XAUUSD	M5	4585.37						4586.69405217	4586.65122972	0
1787836502	XAUUSD	M5	4586.68						4586.36423418	4586.50773195	1
1787836802	XAUUSD	M5	4587.58						4585.46757182	4585.98765189	0
1787837102	XAUUSD	M5	4589.53						4583.91433168	4584.95099178	0
1787837402	XAUUSD	M5	4575.77						4581.72284809	4583.33691994	0
1787837702	XAUUSD	M5	4575.57						4579.41359294	4581.37525644	0
1787838002	XAUUSD	M5	4578.54						4577.21157133	4579.29341389	0
1787838302	XAUUSD	M5	4577.11					4565.69000	4575.25159372	4577.27250380	0
1787838602	XAUUSD	M5	4572.35						4573.75765587	4575.51507984	0
1787838902	XAUUSD	M5	4572.50						4572.98119837	4574.24813910	0
1787839202	XAUUSD	M5	4575.60						4573.00768196	4573.62791053	0
1787839502	XAUUSD	M5	4574.73						4573.78661821	4573.70726437	1
1787839802	XAUUSD	M5	4573.64						4575.31556286	4574.51141361	0
1787840102	XAUUSD	M5	4579.32						4577.55490333	4576.03315847	0
1787840402	XAUUSD	M5	4578.23						4580.25021062	4578.14168455	0
1787840702	XAUUSD	M5	4581.41						4583.24997160	4580.69582808	0
1787841002	XAUUSD	M5	4585.75						4586.28316432	4583.48949620	0
1787841302	XAUUSD	M5	4589.26						4589.03691558	4586.26320589	0
1787841602	XAUUSD	M5	4595.24						4591.25421785	4588.75871187	0
1787841902	XAUUSD	M5	4593.16						4592.67269890	4590.71570538	0
1787842202	XAUUSD	M5	4591.31						4593.32928827	4592.02249683	0
1787842502	XAUUSD	M5	4591.34						4593.36623713	4592.69436698	0
1787842802	XAUUSD	M5	4594.07						4592.99692159	4592.84564428	0
1787843102	XAUUSD	M5	4591.98						4592.44778529	4592.64671479	1
1787843402	XAUUSD	M5	4592.52						4592.10680238	4592.37675858	0
1787843702	XAUUSD	M5	4597.05						4592.27053198	4592.32364528	0
1787844002	XAUUSD	M5	4590.48						4593.05745993	4592.69055260	1
1787844302	XAUUSD	M5	4592.95						4594.72317233	4593.70686247	0
1787844602	XAUUSD	M5	4597.02						4597.12786421	4595.41736334	0
1787844902	XAUUSD	M5	4599.42						4599.94100409	4597.67918372	0
1787845202	XAUUSD	M5	4601.12						4602.78435396	4600.23176884	0
1787845502	XAUUSD	M5	4604.20						4605.29209150	4602.76193017	0
1787845802	XAUUSD	M5	4609.39						4607.13015428	4604.94604222	0
1787846102	XAUUSD	M5	4610.34						4608.06793934	4606.50699078	0
1787846402	XAUUSD	M5	4611.64						4608.15555766	4607.33127422	0
1787846702	XAUUSD	M5	4607.23						4607.62757992	4607.47942707	0
1787847002	XAUUSD	M5	4604.51						4606.93977766	4607.20960237	1
1787847302	XAUUSD	M5	4603.11						4606.50571938	4606.85766087	0
1787847602	XAUUSD	M5	4606.35						4606.62063143	4606.73914615	0
1787847902	XAUUSD	M5	4607.73						4607.31835886	4607.02875250	1
1787848202	XAUUSD	M5	4608.79						4608.51783140	4607.77329195	0
1787848502	XAUUSD	M5	4611.80						4610.00955135	4608.89142165	0
1787848802	XAUUSD	M5	4611.48						4611.47464990	4610.18303577	0
1787849102	XAUUSD	M5	4610.96						4612.69373897	4611.43838737	0
1787849402	XAUUSD	M5	4615.92				4616.61000		4613.50232054	4612.47035396	0
1787849702	XAUUSD	M5	4614.92						4613.70750813	4613.08893105	0
1787850002	XAUUSD	M5	4614.11						4613.36854812	4613.22873958	0
1787850302	XAUUSD	M5	4610.46						4612.63179818	4612.93026888	1
1787850602	XAUUSD	M5	4610.17						4611.77082155	4612.35054521	0
1787850902	XAUUSD	M5	4609.09						4610.96189477	4611.65621999	0
1787851202	XAUUSD	M5	4611.70						4610.36748953	4611.01185476	0
1787851502	XAUUSD	M5	4610.30						4609.98081162	4610.49633319	0
1787851802	XAUUSD	M5	4610.01						4609.80218423	4610.14925871	0
1787852102	XAUUSD	M5	4611.18						4609.73621496	4609.94273684	0
1787852402	XAUUSD	M5	4611.07						4609.61055225	4609.77664455	0
1787852702	XAUUSD	M5	4609.86						4609.27895568	4609.52780011	0
1787853002	XAUUSD	M5	4607.91						4608.65581865	4609.09180938	0
1787853302	XAUUSD	M5	4606.54						4607.76156618	4608.42668778	0
1787853602	XAUUSD	M5	4603.16						4606.65659127	4607.54163953	0
1787853902	XAUUSD	M5	4604.63						4605.50474073	4606.52319013	0
1787854202	XAUUSD	M5	4605.62						4604.39201654	4605.45760333	0
1787854502	XAUUSD	M5	4607.93						4603.44301828	4604.45031080	0
1787854802	XAUUSD	M5	4603.41						4602.75734257	4603.60382669	0
1787855102	XAUUSD	M5	4601.73						4602.59146674	4603.09764671	0
1787855402	XAUUSD	M5	4602.12					4601.10000	4603.06978808	4603.08371740	0
1787855702	XAUUSD	M5	4604.38						4604.17428677	4603.62900209	1
1787856002	XAUUSD	M5	4604.43						4605.75010098	4604.68955153	0
1787856302	XAUUSD	M5	4605.84						4607.62456796	4606.15705974	0
1787856602	XAUUSD	M5	4609.21						4609.54015902	4607.84860938	0
1787856902	XAUUSD	M5	4610.28						4611.17549821	4609.51205379	0
1787857202	XAUUSD	M5	4613.42						4612.32001226	4610.91603302	0
1787857502	XAUUSD	M5	4616.85				4617.97000		4612.79368152	4611.85485727	0
1787857802	XAUUSD	M5	4615.51						4612.52033391	4612.18759559	0
1787858102	XAUUSD	M5	4611.46						4611.66702394	4611.92730977	1
1787858402	XAUUSD	M5	4607.42						4610.54525252	4611.23628114	0
1787858702	XAUUSD	M5	4605.89						4609.46468107	4610.35048111	0
1787859002	XAUUSD	M5	4607.23						4608.62877030	4609.48962571	0
1787859302	XAUUSD	M5	4607.69						4608.08310119	4608.78636345	0
1787859602	XAUUSD	M5	4609.88						4607.80661947	4608.29649146	0
1787859902	XAUUSD	M5	4610.31						4607.65963195	4607.97806171	0
1787860202	XAUUSD	M5	4608.12						4607.50833705	4607.74319938	0
1787860502	XAUUSD	M5	4609.34						4607.28568595	4607.51444266	0
1787860802	XAUUSD	M5	4605.16						4606.88316463	4607.19880364	0
1787861102	XAUUSD	M5	4604.17						4606.37404994	4606.78642679	0
1787861402	XAUUSD	M5	4604.92						4605.78459887	4606.28551283	0
1787861702	XAUUSD	M5	4605.35						4605.13312314	4605.70931799	0
1787862002	XAUUSD	M5	4604.81						4604.46798529	4605.08865164	0
1787862302	XAUUSD	M5	4603.74						4603.85999158	4604.47432161	0
1787862602	XAUUSD	M5	4603.52						4603.37616512	4603.92524336	0
1787862902	XAUUSD	M5	4603.30						4603.03667764	4603.48096050	0
1787863202	XAUUSD	M5	4603.87						4602.83483491	4603.15789770	0
1787863502	XAUUSD	M5	4604.77						4602.74714599	4602.95252185	0
1787863802	XAUUSD	M5	4601.08						4602.76429502	4602.85840843	0
1787864102	XAUUSD	M5	4601.92						4603.00305444	4602.93073143	1
1787868002	XAUUSD	M5	4601.91						4603.45943787	4603.19508465	0
1787868302	XAUUSD	M5	4604.99						4604.14217746	4603.66863105	0
1787868602	XAUUSD	M5	4604.80						4604.95298864	4604.31080985	0
1787868902	XAUUSD	M5	4605.95						4605.86536976	4605.08808981	0
1787869202	XAUUSD	M5	4608.35						4606.81371039	4605.95090010	0
1787869502	XAUUSD	M5	4607.61						4607.68175516	4606.81632763	0
1787869802	XAUUSD	M5	4608.83						4608.43368650	4607.62500707	0
1787870102	XAUUSD	M5	4609.23						4608.97688899	4608.30094803	0
1787870402	XAUUSD	M5	4607.91						4609.25590100	4608.77842452	0
1787870702	XAUUSD	M5	4607.62						4609.30224277	4609.04033364	0
1787871002	XAUUSD	M5	4609.01						4609.11366101	4609.07699733	0
1787871302	XAUUSD	M5	4610.74						4608.65429129	4608.86564431	1
1787871602	XAUUSD	M5	4609.41				4611.43000		4607.86728785	4608.36646608	0
1787871902	XAUUSD	M5	4607.16						4606.76176343	4607.56411475	0
1787872202	XAUUSD	M5	4603.01						4605.40870400	4606.48640938	0
1787872502	XAUUSD	M5	4602.92						4603.93624176	4605.21132557	0
1787872802	XAUUSD	M5	4602.51						4602.40341639	4603.80737098	0
1787873102	XAUUSD	M5	4601.09						4600.91400411	4602.36068754	0
1787873402	XAUUSD	M5	4599.46						4599.59516173	4600.97792464	0
1787873702	XAUUSD	M5	4601.14						4598.57362373	4599.77577418	0
1787874002	XAUUSD	M5	4599.71						4597.84888360	4598.81232889	0
1787874302	XAUUSD	M5	4596.56						4597.44935608	4598.13084249	0
1787874602	XAUUSD	M5	4595.18						4597.38101436	4597.75592842	0
1787874902	XAUUSD	M5	4594.62						4597.52355544	4597.63974193	0
1787875202	XAUUSD	M5	4596.72						4597.68029310	4597.66001751	1
1787875502	XAUUSD	M5	4599.90						4597.56502245	4597.61251998	1
1787875802	XAUUSD	M5	4600.65						4596.91914450	4597.26583224	0
1787876102	XAUUSD	M5	4593.59						4595.67337631	4596.46960428	0
1787876402	XAUUSD	M5	4593.65						4594.08490120	4595.27725274	0
1787876702	XAUUSD	M5	4594.06						4592.35531582	4593.81628428	0
1787877002	XAUUSD	M5	4589.51						4590.73148117	4592.27388272	0
1787877302	XAUUSD	M5	4589.84						4589.58803090	4590.93095681	0
1787877602	XAUUSD	M5	4591.10						4589.10865233	4590.01980457	0
1787877902	XAUUSD	M5	4587.33						4589.34021627	4589.68001042	0
1787878202	XAUUSD	M5	4587.69						4590.29594971	4589.98798007	1
1787878502	XAUUSD	M5	4588.78						4591.72920919	4590.85859463	0
1787878802	XAUUSD	M5	4594.77						4593.26507962	4592.06183712	0
1787879102	XAUUSD	M5	4599.99						4594.35974634	4593.21079173	0
1787879402	XAUUSD	M5	4593.56						4594.54380491	4593.87729832	0
1787879702	XAUUSD	M5	4596.46						4593.78505777	4593.83117804	1
1787880002	XAUUSD	M5	4590.76						4591.99000954	4592.91059379	0
1787880302	XAUUSD	M5	4585.53						4589.44456710	4591.17758045	0
1787880602	XAUUSD	M5	4587.56						4586.53817957	4588.85788001	0
1787880902	XAUUSD	M5	4581.00						4583.54338845	4586.20063423	0
1787881202	XAUUSD	M5	4582.28						4580.94576728	4583.57320076	0
1787881502	XAUUSD	M5	4582.42						4578.97177020	4581.27248548	0
1787881802	XAUUSD	M5	4577.09						4577.76211308	4579.51729928	0
1787882102	XAUUSD	M5	4575.90						4577.48069087	4578.49899507	0
1787882402	XAUUSD	M5	4577.22					4575.06000	4578.06395884	4578.28147696	0
1787882702	XAUUSD	M5	4580.54						4579.28536725	4578.78342210	1
1787883002	XAUUSD	M5	4581.41						4580.80646787	4579.79494499	0
1787883302	XAUUSD	M5	4581.33						4582.35558886	4581.07526692	0
1787883602	XAUUSD	M5	4584.21						4583.74699181	4582.41112937	0
1787883902	XAUUSD	M5	4583.44						4584.80193698	4583.60653317	0
1787884202	XAUUSD	M5	4585.28						4585.52256506	4584.56454911	0
1787884502	XAUUSD	M5	4588.33						4585.92525001	4585.24489956	0
1787884802	XAUUSD	M5	4585.22						4586.05065907	4585.64777932	0
1787885102	XAUUSD	M5	4586.30						4586.11255688	4585.88016810	0
1787885402	XAUUSD	M5	4586.16						4586.21220504	4586.04618657	0
1787885702	XAUUSD	M5	4586.41						4586.41651845	4586.23135251	0
1787886002	XAUUSD	M5	4587.54						4586.71660787	4586.47398019	0
1787886302	XAUUSD	M5	4586.43						4587.03076469	4586.75237244	0
1787886602	XAUUSD	M5	4584.20						4587.27063895	4587.01150569	0
1787886902	XAUUSD	M5	4587.31						4587.34338554	4587.17744562	0
1787887202	XAUUSD	M5	4589.60						4587.04140988	4587.10942775	1
1787887502	XAUUSD	M5	4588.01				4590.14000		4586.23405590	4586.67174183	0
1787887802	XAUUSD	M5	4584.42						4584.99836531	4585.83505357	0
1787888102	XAUUSD	M5	4583.04						4583.53483512	4584.68494435	0
1787888402	XAUUSD	M5	4581.98						4582.04819469	4583.36656952	0
1787888702	XAUUSD	M5	4580.71						4580.77392128	4582.07024540	0
1787889002	XAUUSD	M5	4579.24						4579.90016248	4580.98520394	0
1787889302	XAUUSD	M5	4579.95						4579.55598012	4580.27059203	0
1787889602	XAUUSD	M5	4579.24						4579.71280108	4579.99169656	0
1787889902	XAUUSD	M5	4579.15						4580.26952804	4580.13061230	1
1787890202	XAUUSD	M5	4579.51						4581.04543747	4580.58802489	0
1787890502	XAUUSD	M5	4583.33						4581.81019908	4581.19911198	0
1787890802	XAUUSD	M5	4584.46						4582.26806365	4581.73358782	0
1787891102	XAUUSD	M5	4584.76						4582.31695237	4582.02527010	0
1787891402	XAUUSD	M5	4581.70						4581.99206405	4582.00866707	1
1787891702	XAUUSD	M5	4578.42						4581.53694247	4581.77280477	0
1787892002	XAUUSD	M5	4579.95						4581.22464829	4581.49872653	0
1787892302	XAUUSD	M5	4580.86						4581.15092184	4581.32482418	0
1787892602	XAUUSD	M5	4582.04						4581.32985452	4581.32733935	1
1787892902	XAUUSD	M5	4584.31						4581.67426494	4581.50080215	0
1787893202	XAUUSD	M5	4582.53						4582.00762572	4581.75421393	0
1787893502	XAUUSD	M5	4579.02						4582.20879366	4581.98150379	0
1787893802	XAUUSD	M5	4579.90						4582.21085396	4582.09617888	0
1787894102	XAUUSD	M5	4581.98						4581.88112312	4581.98865100	1
1787894402	XAUUSD	M5	4584.18						4581.11461405	4581.55163253	0
1787894702	XAUUSD	M5	4584.08						4579.90461959	4580.72812606	0
1787895002	XAUUSD	M5	4578.89						4578.40862564	4579.56837585	0
1787895302	XAUUSD	M5	4574.83						4576.97619513	4578.27228549	0
1787895602	XAUUSD	M5	4572.75					4571.78000	4575.92514604	4577.09871577	0
1787895902	XAUUSD	M5	4574.03						4575.44466511	4576.27169044	0
1787896202	XAUUSD	M5	4576.91						4575.52620205	4575.89894624	0
1787896502	XAUUSD	M5	4573.39						4576.03247497	4575.96571061	1
1787896802	XAUUSD	M5	4576.98						4576.96822464	4576.46696763	0
1787897102	XAUUSD	M5	4580.62						4578.16936558	4577.31816660	0
1787897402	XAUUSD	M5	4581.86						4579.51939847	4578.41878254	0
1787897702	XAUUSD	M5	4582.93						4581.03042825	4579.72460539	0
1787898002	XAUUSD	M5	4583.54						4582.77627910	4581.25044225	0
1787898302	XAUUSD	M5	4584.98						4584.86596529	4583.05820377	0
1787898602	XAUUSD	M5	4584.03						4587.37886825	4585.21853601	0
1787898902	XAUUSD	M5	4586.55						4590.39096831	4587.80475216	0
1787899202	XAUUSD	M5	4588.22						4593.79576332	4590.80025774	0
1787899502	XAUUSD	M5	4599.79						4597.39286783	4594.09656279	0
1787899802	XAUUSD	M5	4604.11						4600.65890859	4597.37773569	0
1787900102	XAUUSD	M5	4612.65						4603.28173161	4600.32973365	0
1787900402	XAUUSD	M5	4606.88						4604.96318448	4602.64645907	0
1787900702	XAUUSD	M5	4601.03						4605.92155406	4604.28400656	0
1787901002	XAUUSD	M5	4600.76						4606.49586591	4605.38993624	0
1787901302	XAUUSD	M5	4606.07						4606.92148463	4606.15571044	0
1787901602	XAUUSD	M5	4607.47						4607.28029235	4606.71800139	0
1787901902	XAUUSD	M5	4607.44						4607.70431829	4607.21115984	0
1787902202	XAUUSD	M5	4611.65						4608.30484905	4607.75800445	0
1787902502	XAUUSD	M5	4610.42						4609.01616370	4608.38708407	0
1787902802	XAUUSD	M5	4609.17						4609.84482434	4609.11595421	0
1787903102	XAUUSD	M5	4610.14						4610.73360425	4609.92477923	0
1787903402	XAUUSD	M5	4611.55						4611.53744755	4610.73111339	0
1787903702	XAUUSD	M5	4611.72						4612.09058788	4611.41085064	0
1787904002	XAUUSD	M5	4612.49				4614.53000		4612.29462750	4611.85273907	0
1787904302	XAUUSD	M5	4611.70						4612.10521568	4611.97897737	0
1787904602	XAUUSD	M5	4611.72						4611.58046208	4611.77971973	1
1787904902	XAUUSD	M5	4609.24						4610.78207586	4611.28089779	0
1787905202	XAUUSD	M5	4610.82						4609.83563249	4610.55826514	0
1787905502	XAUUSD	M5	4608.92						4608.75380736	4609.65603625	0
1787905802	XAUUSD	M5	4609.49						4607.62922032	4608.64262829	0
1787906102	XAUUSD	M5	4607.47						4606.47655130	4607.55958979	0
1787906402	XAUUSD	M5	4603.66						4605.37038475	4606.46498727	0
1787906702	XAUUSD	M5	4602.00						4604.41555367	4605.44027047	0
1787907002	XAUUSD	M5	4604.64						4603.65343409	4604.54685228	0
1787907302	XAUUSD	M5	4602.95						4603.01116010	4603.77900619	0
1787907602	XAUUSD	M5	4604.14						4602.53111371	4603.15505995	0
1787907902	XAUUSD	M5	4601.77						4602.19360493	4602.67433244	0
1787908202	XAUUSD	M5	4601.69						4602.07021794	4602.37227519	0
1787908502	XAUUSD	M5	4602.21					4600.50000	4602.15365261	4602.26296390	0
1787908802	XAUUSD	M5	4603.10						4602.38871308	4602.32583849	1
1787909102	XAUUSD	M5	4601.85						4602.71765300	4602.52174575	0
1787909402	XAUUSD	M5	4602.62						4603.13702100	4602.82938337	0
1787909702	XAUUSD	M5	4603.74						4603.62907379	4603.22922858	0
1787910002	XAUUSD	M5	4604.08						4604.17981608	4603.70452233	0
1787910302	XAUUSD	M5	4604.67						4604.78369585	4604.24410909	0
1787910602	XAUUSD	M5	4607.13						4605.40487823	4604.82449366	0
1787910902	XAUUSD	M5	4605.21						4605.94183927	4605.38316647	0
1787911202	XAUUSD	M5	4605.78						4606.40840048	4605.89578347	0
1787911502	XAUUSD	M5	4607.44						4606.75006177	4606.32292262	0
1787911802	XAUUSD	M5	4608.65						4606.87294000	4606.59793131	0
1787912102	XAUUSD	M5	4604.43				4609.97000		4606.68662629	4606.64227880	0
1787912402	XAUUSD	M5	4604.08						4606.25083343	4606.44655612	1
1787912702	XAUUSD	M5	4605.41						4605.55389731	4606.00022672	0
1787913002	XAUUSD	M5	4607.35						4604.57706947	4605.28864809	0
1787913302	XAUUSD	M5	4603.75						4603.34914690	4604.31889750	0
1787913602	XAUUSD	M5	4602.88						4602.07603016	4603.19746383	0
1787913902	XAUUSD	M5	4601.07						4600.90651547	4602.05198965	0
1787914202	XAUUSD	M5	4598.42						4599.98641021	4601.01919993	0
1787914502	XAUUSD	M5	4600.18						4599.41049421	4600.21484707	0
1787914802	XAUUSD	M5	4598.86						4599.09745634	4599.65615170	0
1787915102	XAUUSD	M5	4595.87						4598.98201648	4599.31908409	0
1787915402	XAUUSD	M5	4598.84						4599.00183370	4599.16045890	0
1787915702	XAUUSD	M5	4600.15						4598.93500846	4599.04773368	0
1787916002	XAUUSD	M5	4600.43						4598.61292162	4598.83032765	0
1787916302	XAUUSD	M5	4599.00						4597.96560990	4598.39796878	0
1787916602	XAUUSD	M5	4598.51						4597.06828339	4597.73312608	0
1787916902	XAUUSD	M5	4593.51						4596.08732941	4596.91022775	0
1787917202	XAUUSD	M5	4594.70						4595.27350965	4596.09186870	0
1787917502	XAUUSD	M5	4594.65						4594.72437038	4595.40811954	0
1787917802	XAUUSD	M5	4594.52						4594.43755694	4594.92283824	0
1787918102	XAUUSD	M5	4593.45						4594.37488060	4594.64885942	0
1787918402	XAUUSD	M5	4594.69						4594.51809998	4594.58347970	0
1787918702	XAUUSD	M5	4594.34						4594.74634777	4594.66491373	1
1787919002	XAUUSD	M5	4594.45						4595.03984641	4594.85238007	0
1787919302	XAUUSD	M5	4594.44						4595.37236529	4595.11237268	0
1787919602	XAUUSD	M5	4601.29						4595.72922331	4595.42079800	0
1787919902	XAUUSD	M5	4601.41						4595.87598843	4595.64839321	0
1787920202	XAUUSD	M5	4593.23						4595.80754236	4595.72796779	0
1787920502	XAUUSD	M5	4589.54						4595.75491085	4595.74143932	0
1787920802	XAUUSD	M5	4591.99						4595.84350201	4595.79247067	0
1787921102	XAUUSD	M5	4594.08						4596.02683275	4595.90965171	0
1787921402	XAUUSD	M5	4596.29						4596.25093138	4596.08029154	0
1787921702	XAUUSD	M5	4601.74						4596.47950862	4596.27990008	0
1787922002	XAUUSD	M5	4599.46						4596.70787267	4596.49388638	0
1787922302	XAUUSD	M5	4600.10						4597.23958076	4596.86673357	0
1787922602	XAUUSD	M5	4598.94						4598.33125547	4597.59899452	0
1787922902	XAUUSD	M5	4598.42						4600.17062683	4598.88481068	0
1787923202	XAUUSD	M5	4601.15						4602.70724827	4600.79602947	0
1787923502	XAUUSD	M5	4603.93						4605.53542484	4603.16572716	0
1787923802	XAUUSD	M5	4604.96						4608.03826706	4605.60199711	0
1787924102	XAUUSD	M5	4605.97						4609.48243164	4607.54221437	0
1787924402	XAUUSD	M5	4604.77						4609.14910334	4608.34565886	0
1787924702	XAUUSD	M5	4609.87						4606.49635249	4607.42100567	1
1787925002	XAUUSD	M5	4610.00						4601.12441201	4604.27270884	0
1787925302	XAUUSD	M5	4608.55						4593.17641354	4598.72456119	0
1787925602	XAUUSD	M5	4577.43				4631.95000		4583.26767268	4590.99611693	0
1787925902	XAUUSD	M5	4573.97						4573.17789863	4582.08700778	0
1787926202	XAUUSD	M5	4545.51						4564.09689657	4573.09195218	0
1787926502	XAUUSD	M5	4553.76						4557.71233797	4565.40214508	0
1787926802	XAUUSD	M5	4557.69						4554.31575995	4559.85895251	0
1787927102	XAUUSD	M5	4552.04					4530.21000	4553.82621155	4556.84258203	0
1787927402	XAUUSD	M5	4569.88						4555.94551153	4556.39404678	0
1787927702	XAUUSD	M5	4564.76						4559.45506115	4557.92455396	1
1787928002	XAUUSD	M5	4561.28						4563.57449804	4560.74952600	0
1787928302	XAUUSD	M5	4553.05						4567.51813508	4564.13383054	0
1787928602	XAUUSD	M5	4570.68						4570.77727339	4567.45555197	0
1787928902	XAUUSD	M5	4576.61						4572.42300468	4569.93927832	0
1787929202	XAUUSD	M5	4580.07						4572.19990509	4571.06959171	0
1787929502	XAUUSD	M5	4572.91						4570.26967089	4570.66963130	1
1787929802	XAUUSD	M5	4559.45						4567.29966784	4568.98464957	0
1787930102	XAUUSD	M5	4554.94						4564.11757223	4566.55111090	0
1787930402	XAUUSD	M5	4565.64						4561.10679882	4563.82895486	0
1787930702	XAUUSD	M5	4566.93						4557.99936905	4560.91416195	0
1787931002	XAUUSD	M5	4557.59						4554.51508495	4557.71462345	0
1787931302	XAUUSD	M5	4547.11						4550.51918282	4554.11690314	0
1787931602	XAUUSD	M5	4538.71						4545.80926239	4549.96308276	0
1787931902	XAUUSD	M5	4535.82						4540.14490316	4545.05399296	0
1787932202	XAUUSD	M5	4539.31						4533.24944327	4539.15171811	0
1787932502	XAUUSD	M5	4524.71						4524.88347490	4532.01759651	0
1787932802	XAUUSD	M5	4520.88						4515.52327429	4523.77043540	0
1787933102	XAUUSD	M5	4508.86						4505.62928840	4514.69986190	0
1787933402	XAUUSD	M5	4497.85						4496.04833727	4505.37409958	0
1787933702	XAUUSD	M5	4482.21						4487.61338656	4496.49374307	0
1787934002	XAUUSD	M5	4468.26						4481.11494431	4488.80434369	0
1787934302	XAUUSD	M5	4481.08						4477.03930751	4482.92182560	0
1787934602	XAUUSD	M5	4474.10						4474.90319019	4478.91250789	0
1787934902	XAUUSD	M5	4484.92						4474.56812553	4476.74031671	0
1787935202	XAUUSD	M5	4469.05						4475.27007363	4476.00519517	0
1787935502	XAUUSD	M5	4481.71						4476.93505654	4476.47012586	1
1787935802	XAUUSD	M5	4480.64						4478.70771328	4477.58891957	0
1787936102	XAUUSD	M5	4479.50						4480.19117891	4478.89004924	0
1787936402	XAUUSD	M5	4475.82						4481.16495497	4480.02750210	0
1787936702	XAUUSD	M5	4480.22						4481.59492547	4480.81121378	0
1787937002	XAUUSD	M5	4480.71						4481.41079635	4481.11100507	0
1787937302	XAUUSD	M5	4480.99						4480.72144995	4480.91622751	1
1787937602	XAUUSD	M5	4484.98						4479.68147877	4480.29885314	0
1787937902	XAUUSD	M5	4477.97						4478.25421699	4479.27653506	0
1787938202	XAUUSD	M5	4478.61						4476.65222397	4477.96437952	0
1787938502	XAUUSD	M5	4471.89						4474.85638205	4476.41038078	0
1787938802	XAUUSD	M5	4467.41						4473.02745653	4474.71891866	0
1787939102	XAUUSD	M5	4473.98						4471.25257561	4472.98574713	0
1787939402	XAUUSD	M5	4472.81						4469.29016720	4471.13795717	0
1787939702	XAUUSD	M5	4469.30						4467.08513774	4469.11154745	0
1787940002	XAUUSD	M5	4460.53						4464.68887603	4466.90021174	0
1787940302	XAUUSD	M5	4461.76						4462.36698533	4464.63359854	0
1787940602	XAUUSD	M5	4461.15						4460.15301414	4462.39330634	0
1787940902	XAUUSD	M5	4458.85						4458.12230959	4460.25780796	0
1787941202	XAUUSD	M5	4453.54						4456.37646407	4458.31713602	0
1787941502	XAUUSD	M5	4456.32						4455.06855673	4456.69284637	0
1787941802	XAUUSD	M5	4457.17						4454.14765303	4455.42024970	0
1787942102	XAUUSD	M5	4452.95						4453.59402266	4454.50713618	0
1787942402	XAUUSD	M5	4451.32					4445.40000	4453.49581836	4454.00147727	0
1787942702	XAUUSD	M5	4453.30						4453.88134076	4453.94140901	0
1787943002	XAUUSD	M5	4454.12						4454.68330640	4454.31235771	1
1787943302	XAUUSD	M5	4457.08						4455.84208784	4455.07722278	0
1787943602	XAUUSD	M5	4458.05						4457.17868302	4456.12795290	0
1787943902	XAUUSD	M5	4461.92						4458.59049715	4457.35922502	0
1787944202	XAUUSD	M5	4457.10						4459.84746355	4458.60334429	0
1787944502	XAUUSD	M5	4460.25						4461.01554835	4459.80944632	0
1787944802	XAUUSD	M5	4459.43						4461.91369745	4460.86157189	0
1787945102	XAUUSD	M5	4462.29						4462.50985657	4461.68571423	0
1787945402	XAUUSD	M5	4463.13						4462.70458268	4462.19514846	0
1787945702	XAUUSD	M5	4466.34						4462.49955558	4462.34735202	0
1787946002	XAUUSD	M5	4465.06				4466.90000		4461.87078740	4462.10906971	1
1787946302	XAUUSD	M5	4457.57						4460.97162010	4461.54034490	0
1787946602	XAUUSD	M5	4457.25						4460.11663430	4460.82848960	0
1787946902	XAUUSD	M5	4458.25						4459.41015982	4460.11932471	0
1787947202	XAUUSD	M5	4460.48						4458.88383148	4459.50157810	0
1787947502	XAUUSD	M5	4460.60						4458.46563729	4458.98360769	0
1787947802	XAUUSD	M5	4457.82						4458.11047991	4458.54704380	0
1787948102	XAUUSD	M5	4458.33						4457.81594757	4458.18149568	0
1787948402	XAUUSD	M5	4454.48						4457.48192353	4457.83170961	0
1787948702	XAUUSD	M5	4457.94						4457.12277408	4457.47724184	0
1787949002	XAUUSD	M5	4456.14						4456.62043709	4457.04883947	0
1787949302	XAUUSD	M5	4455.73						4456.07971066	4456.56427506	0
1787949602	XAUUSD	M5	4457.37						4455.60171865	4456.08299685	0
1787949902	XAUUSD	M5	4459.37						4455.24377847	4455.66338766	0
1787950202	XAUUSD	M5	4454.36						4455.05869288	4455.36104027	0
1787950502	XAUUSD	M5	4456.30						4455.23260788	4455.29682408	0
1788127202	XAUUSD	M5	4445.91					4429.92000	4455.68796962	4455.49239685	1
1788127502	XAUUSD	M5	4456.06						4456.56358029	4456.02798857	0
1788127802	XAUUSD	M5	4458.84						4457.43802745	4456.73300801	0
1788128102	XAUUSD	M5	4462.12						4458.10643477	4457.41972139	0
1788128402	XAUUSD	M5	4462.18						4458.41863739	4457.91917939	0
1788128702	XAUUSD	M5	4459.57						4458.42041641	4458.16979790	0
1788129002	XAUUSD	M5	4453.17						4458.33967509	4458.25473649	0
1788129302	XAUUSD	M5	4460.40						4458.50903844	4458.38188747	0
1788129602	XAUUSD	M5	4457.71						4458.92830312	4458.65509530	0
1788129902	XAUUSD	M5	4459.78						4459.71871491	4459.18690510	0
1788130202	XAUUSD	M5	4458.92						4460.74272993	4459.96481751	0
1788130502	XAUUSD	M5	4461.43						4461.84186338	4460.90334045	0
1788130802	XAUUSD	M5	4462.37						4462.68988585	4461.79661315	0
1788131102	XAUUSD	M5	4465.33				4466.76000		4462.98077498	4462.38869407	0
1788131402	XAUUSD	M5	4460.69						4462.39870597	4462.39370002	0
1788131702	XAUUSD	M5	4463.27						4460.97843374	4461.68606688	1
1788132002	XAUUSD	M5	4459.66						4458.77867443	4460.23237066	0
1788132302	XAUUSD	M5	4457.65						4456.11713893	4458.17475479	0
1788132602	XAUUSD	M5	4454.73						4453.38866145	4455.78170812	0
1788132902	XAUUSD	M5	4450.30						4451.04310440	4453.41240626	0
1788133202	XAUUSD	M5	4447.50						4449.48855334	4451.45047980	0
1788133502	XAUUSD	M5	4439.63					4436.05000	4448.98661277	4450.21854628	0
1788133802	XAUUSD	M5	4447.61						4449.75369229	4449.98611929	0
1788134102	XAUUSD	M5	4458.52						4451.44584654	4450.71598291	1
1788134402	XAUUSD	M5	4458.43						4453.56455593	4452.14026942	0
1788134702	XAUUSD	M5	4456.91						4455.90470020	4454.02248481	0
1788135002	XAUUSD	M5	4462.00						4458.31283012	4456.16765747	0
1788135302	XAUUSD	M5	4459.72						4460.50403969	4458.33584858	0
1788135602	XAUUSD	M5	4458.31						4462.40601104	4460.37092981	0
1788135902	XAUUSD	M5	4456.90						4463.93525638	4462.15309309	0
1788136202	XAUUSD	M5	4462.69						4465.01265755	4463.58287532	0
1788136502	XAUUSD	M5	4470.24						4465.40707068	4464.49497300	0
1788136802	XAUUSD	M5	4465.16				4472.10000		4464.82171837	4464.65834568	0
1788137102	XAUUSD	M5	4465.38						4463.35593975	4464.00714272	1
1788137402	XAUUSD	M5	4466.52						4461.06592471	4462.53653372	0
1788137702	XAUUSD	M5	4456.14						4458.08118017	4460.30885694	0
1788138002	XAUUSD	M5	4462.17						4454.91966450	4457.61426072	0
1788138302	XAUUSD	M5	4439.67						4451.72991956	4454.67209014	0
1788138602	XAUUSD	M5	4443.85						4449.30525644	4451.98867329	0
1788138902	XAUUSD	M5	4452.22						4447.64305729	4449.81586529	0
1788139202	XAUUSD	M5	4449.92						4446.47942168	4448.14764348	0
1788139502	XAUUSD	M5	4443.94						4445.72251255	4446.93507802	0
1788139802	XAUUSD	M5	4441.38						4445.29815080	4446.11661441	0
1788140102	XAUUSD	M5	4449.07						4444.99725234	4445.55693338	0
1788140402	XAUUSD	M5	4450.86						4444.31753961	4444.93723649	0
1788140702	XAUUSD	M5	4437.59						4442.95588290	4443.94655969	0
1788141002	XAUUSD	M5	4444.68						4441.05404809	4442.50030389	0
1788141302	XAUUSD	M5	4440.27						4438.32313852	4440.41172121	0
1788141602	XAUUSD	M5	4426.86						4434.84980271	4437.63076196	0
1788141902	XAUUSD	M5	4428.71						4431.01984281	4434.32530238	0
1788142202	XAUUSD	M5	4424.37						4426.88280595	4430.60405417	0
1788142502	XAUUSD	M5	4421.88						4422.68980345	4426.64692881	0
1788142802	XAUUSD	M5	4427.13						4418.69615841	4422.67154361	0
1788143102	XAUUSD	M5	4423.12						4414.98291513	4418.82722937	0
1788143402	XAUUSD	M5	4411.35						4411.91041774	4415.36882356	0
1788143702	XAUUSD	M5	4408.20						4410.07093704	4412.71988030	0
1788144002	XAUUSD	M5	4403.04						4409.75611393	4411.23799712	0
1788144302	XAUUSD	M5	4401.67					4396.53000	4411.10399871	4411.17099791	0
1788144602	XAUUSD	M5	4416.70						4413.94564270	4412.55832031	1
1788144902	XAUUSD	M5	4422.93						4417.51052611	4415.03442321	0
1788145202	XAUUSD	M5	4422.34						4421.16295957	4418.09869139	0
1788145502	XAUUSD	M5	4425.37						4424.46968911	4421.28419025	0
1788145802	XAUUSD	M5	4428.10						4426.97336568	4424.12877796	0
1788146102	XAUUSD	M5	4427.86						4428.39169586	4426.26023691	0
1788146402	XAUUSD	M5	4430.85						4428.69766727	4427.47895209	0
1788146702	XAUUSD	M5	4427.85						4427.95148063	4427.71521636	0
1788147002	XAUUSD	M5	4423.63						4426.52102302	4427.11811969	1
1788147302	XAUUSD	M5	4420.61						4424.85893504	4425.98852736	0
1788147602	XAUUSD	M5	4422.81						4423.37372714	4424.68112725	0
1788147902	XAUUSD	M5	4424.02						4422.17372241	4423.42742483	0
1788148202	XAUUSD	M5	4424.28						4421.23791031	4422.33266757	0
1788148502	XAUUSD	M5	4422.64						4420.51093728	4421.42180242	0
1788148802	XAUUSD	M5	4418.53						4419.95536801	4420.68858522	0
1788149102	XAUUSD	M5	4418.32						4419.58288059	4420.13573290	0
1788149402	XAUUSD	M5	4421.17						4419.28671911	4419.71122601	0
1788149702	XAUUSD	M5	4418.43						4418.93508200	4419.32315400	0
1788150002	XAUUSD	M5	4418.12						4418.60840452	4418.96577926	0
1788150302	XAUUSD	M5	4415.94						4418.34002180	4418.65290053	0
1788150602	XAUUSD	M5	4416.31					4412.89000	4418.25137910	4418.45213982	0
1788150902	XAUUSD	M5	4420.30						4418.41510305	4418.43362143	0
1788151202	XAUUSD	M5	4420.19						4418.77297115	4418.60329629	1
1788151502	XAUUSD	M5	4419.17						4419.36520936	4418.98425283	0
1788151802	XAUUSD	M5	4420.49						4420.23828679	4419.61126981	0
1788152102	XAUUSD	M5	4424.61						4421.36633487	4420.48880234	0
1788152402	XAUUSD	M5	4423.86						4422.70342545	4421.59611389	0
1788152702	XAUUSD	M5	4420.23						4424.35585864	4422.97598627	0
1788153002	XAUUSD	M5	4422.64						4426.46326705	4424.71962666	0
1788153302	XAUUSD	M5	4427.93						4428.93177976	4426.82570321	0
1788153602	XAUUSD	M5	4434.16						4431.51102765	4429.16836543	0
1788153902	XAUUSD	M5	4440.24						4433.84212920	4431.50524731	0
1788154202	XAUUSD	M5	4433.17						4435.59505422	4433.55015077	0
1788154502	XAUUSD	M5	4434.42						4436.83116182	4435.19065629	0
1788154802	XAUUSD	M5	4437.68						4437.48638523	4436.33852076	0
1788155102	XAUUSD	M5	4435.46						4437.51673663	4436.92762870	0
1788155402	XAUUSD	M5	4437.05						4437.09397213	4437.01080041	0
1788155702	XAUUSD	M5	4442.92						4436.36306057	4436.68693049	1
1788156002	XAUUSD	M5	4433.14						4435.41420468	4436.05056759	0
1788156302	XAUUSD	M5	4432.38						4434.75677136	4435.40366947	0
1788156602	XAUUSD	M5	4432.07						4434.59757201	4435.00062074	0
1788156902	XAUUSD	M5	4437.97						4435.00340074	4435.00201074	1
1788157202	XAUUSD	M5	4437.57						4435.75883785	4435.38042429	0
1788157502	XAUUSD	M5	4435.78						4436.73307251	4436.05674840	0
1788157802	XAUUSD	M5	4434.21						4437.79549442	4436.92612141	0
1788158102	XAUUSD	M5	4440.52						4438.81391072	4437.87001607	0
1788158402	XAUUSD	M5	4439.51						4439.50147703	4438.68574655	0
1788158702	XAUUSD	M5	4441.85						4439.81247994	4439.24911324	0
1788159002	XAUUSD	M5	4440.24						4439.74439193	4439.49675259	0
1788159302	XAUUSD	M5	4439.47						4439.47718979	4439.48697119	1
1788159602	XAUUSD	M5	4439.62						4439.22128149	4439.35412634	0
1788159902	XAUUSD	M5	4437.94						4439.15340454	4439.25376544	0
1788160202	XAUUSD	M5	4436.16						4439.45807212	4439.35591878	1
1788160502	XAUUSD	M5	4438.93						4440.23407431	4439.79499655	0
1788160802	XAUUSD	M5	4444.90						4441.36609874	4440.58054764	0
1788161102	XAUUSD	M5	4444.01						4442.57789109	4441.57921937	0
1788161402	XAUUSD	M5	4444.32						4443.73343960	4442.65632948	0
1788161702	XAUUSD	M5	4443.32						4444.68622142	4443.67127545	0
1788162002	XAUUSD	M5	4446.52						4445.36146803	4444.51637174	0
1788162302	XAUUSD	M5	4444.54						4445.60490379	4445.06063777	0
1788162602	XAUUSD	M5	4444.09						4445.44397753	4445.25230765	0
1788162902	XAUUSD	M5	4443.37						4444.89765193	4445.07497979	1
1788163202	XAUUSD	M5	4448.45				4449.50000		4444.01607172	4444.54552576	0
1788163502	XAUUSD	M5	4442.70						4442.75293557	4443.64923067	0
1788163802	XAUUSD	M5	4438.89						4441.33997907	4442.49460487	0
1788164102	XAUUSD	M5	4439.76						4439.95702756	4441.22581622	0
1788164402	XAUUSD	M5	4437.49						4438.66006306	4439.94293964	0
1788164702	XAUUSD	M5	4440.43						4437.55344672	4438.74819318	0
1788165002	XAUUSD	M5	4436.01						4436.59786047	4437.67302683	0
1788165302	XAUUSD	M5	4436.68						4435.96424501	4436.81863592	0
1788165602	XAUUSD	M5	4435.48						4435.67131953	4436.24497773	0
1788165902	XAUUSD	M5	4436.39						4435.76097123	4436.00297448	0
1788166202	XAUUSD	M5	4434.22					4433.77000	4436.16446507	4436.08371977	1
1788166502	XAUUSD	M5	4435.64						4436.87125932	4436.47748955	0
1788166802	XAUUSD	M5	4438.82						4437.75307449	4437.11528202	0
1788167102	XAUUSD	M5	4436.79						4438.64849742	4437.88188972	0
1788167402	XAUUSD	M5	4442.90						4439.52421030	4438.70305001	0
1788167702	XAUUSD	M5	4441.08						4440.18909054	4439.44607027	0
1788168002	XAUUSD	M5	4439.44						4440.69992384	4440.07299706	0
1788168302	XAUUSD	M5	4439.09						4441.16041628	4440.61670667	0
1788168602	XAUUSD	M5	4444.26						4441.66127070	4441.13898868	0
1788168902	XAUUSD	M5	4441.62						4442.16155692	4441.65027280	0
1788169202	XAUUSD	M5	4442.98						4442.82058158	4442.23542719	0
1788169502	XAUUSD	M5	4442.90						4443.66266151	4442.94904435	0
1788169802	XAUUSD	M5	4443.67						4444.68766488	4443.81835461	0
1788170102	XAUUSD	M5	4445.16						4445.81799647	4444.81817554	0
1788170402	XAUUSD	M5	4447.67						4446.93086030	4445.87451792	0
1788170702	XAUUSD	M5	4448.26						4447.86327185	4446.86889489	0
1788171002	XAUUSD	M5	4451.55						4448.53952280	4447.70420884	0
1788171302	XAUUSD	M5	4448.10						4448.86384893	4448.28402889	0
1788171602	XAUUSD	M5	4447.40						4448.99304352	4448.63853620	0
1788171902	XAUUSD	M5	4448.42						4449.06562947	4448.85208284	0
1788172202	XAUUSD	M5	4448.54						4449.20650343	4449.02929313	0
1788172502	XAUUSD	M5	4449.94						4449.54562262	4449.28745788	0
1788172802	XAUUSD	M5	4450.93						4450.16609039	4449.72677413	0
1788173102	XAUUSD	M5	4450.80						4451.11986949	4450.42332181	0
1788173402	XAUUSD	M5	4453.66						4452.41005836	4451.41669008	0
1788173702	XAUUSD	M5	4453.90						4453.88397571	4452.65033290	0
1788174002	XAUUSD	M5	4456.11						4455.36867600	4454.00950445	0
1788174302	XAUUSD	M5	4456.75						4456.65144236	4455.33047340	0
1788174602	XAUUSD	M5	4453.69						4457.56020078	4456.44533709	0
1788174902	XAUUSD	M5	4456.43						4458.07908940	4457.26221325	0
1788175202	XAUUSD	M5	4458.12						4458.12733391	4457.69477358	0
1788175502	XAUUSD	M5	4463.25				4464.03000		4457.73407959	4457.71442658	0
1788175802	XAUUSD	M5	4458.53						4456.93461099	4457.32451879	1
1788176102	XAUUSD	M5	4455.65						4456.05986171	4456.69219025	0
1788176402	XAUUSD	M5	4454.77						4455.40698733	4456.04958879	0
1788176702	XAUUSD	M5	4453.30						4455.15331469	4455.60145174	0
1788177002	XAUUSD	M5	4452.84						4455.37980009	4455.49062592	0
1788177302	XAUUSD	M5	4455.42						4455.99405002	4455.74233797	1
1788177602	XAUUSD	M5	4458.48						4456.65271160	4456.19752478	0
1788177902	XAUUSD	M5	4457.03						4456.89910946	4456.54831712	0
1788178202	XAUUSD	M5	4457.32						4456.41540956	4456.48186334	1
1788178502	XAUUSD	M5	4456.47						4454.96563256	4455.72374795	0
1788178802	XAUUSD	M5	4452.67						4452.52819128	4454.12596961	0
1788179102	XAUUSD	M5	4447.62						4449.33619064	4451.73108013	0
1788179402	XAUUSD	M5	4446.59						4445.83108385	4448.78108199	0
1788179702	XAUUSD	M5	4441.91						4442.45037167	4445.61572683	0
1788180002	XAUUSD	M5	4440.51						4439.72049095	4442.66810889	0
1788180302	XAUUSD	M5	4438.00						4437.99751009	4440.33280949	0
1788180602	XAUUSD	M5	4437.07						4437.51040761	4438.92160855	0
1788180902	XAUUSD	M5	4435.85						4438.20922551	4438.56541703	0
1788181202	XAUUSD	M5	4437.77						4439.81517587	4439.19029645	1
1788181502	XAUUSD	M5	4444.93						4441.79585469	4440.49307557	0
1788181802	XAUUSD	M5	4445.99						4443.41279752	4441.95293655	0
1788182102	XAUUSD	M5	4443.08						4444.15084356	4443.05189005	0
1788182402	XAUUSD	M5	4440.96						4443.75174842	4443.40181924	0
1788182702	XAUUSD	M5	4445.62						4442.15455771	4442.77818847	1
1788183002	XAUUSD	M5	4438.48						4439.34069725	4441.05944286	0
1788183302	XAUUSD	M5	4436.76						4435.75754519	4438.40849403	0
1788183602	XAUUSD	M5	4433.66						4431.83814885	4435.12332144	0
1788183902	XAUUSD	M5	4425.55						4428.09162700	4431.60747422	0
1788184202	XAUUSD	M5	4424.13						4425.07734051	4428.34240736	0
1788184502	XAUUSD	M5	4418.48					4415.83000	4423.03774110	4425.69007423	0
1788184802	XAUUSD	M5	4420.90						4422.13117558	4423.91062490	0
1788185102	XAUUSD	M5	4427.17						4422.16822534	4423.03942512	0
1788185402	XAUUSD	M5	4427.64						4422.76283128	4422.90112820	0
1788185702	XAUUSD	M5	4427.31						4423.65094478	4423.27603649	1
1788186002	XAUUSD	M5	4418.82						4424.66090867	4423.96847258	0
1788186302	XAUUSD	M5	4420.20						4425.89450147	4424.93148703	0
1788186602	XAUUSD	M5	4424.96						4427.24829349	4426.08989026	0
1788186902	XAUUSD	M5	4433.48						4428.56386492	4427.32687759	0
1788187202	XAUUSD	M5	4433.00						4429.63244499	4428.47966129	0
1788187502	XAUUSD	M5	4428.82						4430.50198478	4429.49082304	0
1788187802	XAUUSD	M5	4432.92						4431.32784647	4430.40933475	0
1788188102	XAUUSD	M5	4431.60						4432.04388092	4431.22660784	0
1788188402	XAUUSD	M5	4428.72						4432.67155477	4431.94908131	0
1788188702	XAUUSD	M5	4433.96						4433.20400077	4432.57654104	0
1788189002	XAUUSD	M5	4435.25						4433.41510607	4432.99582355	0
1788189302	XAUUSD	M5	4432.19						4433.19471857	4433.09527106	0
1788189602	XAUUSD	M5	4433.02						4432.61454328	4432.85490717	1
1788189902	XAUUSD	M5	4433.04						4431.72855590	4432.29173154	0
1788190202	XAUUSD	M5	4430.38						4430.67809558	4431.48491356	0
1788190502	XAUUSD	M5	4429.86						4429.70887256	4430.59689306	0
1788190802	XAUUSD	M5	4427.40						4428.99655937	4429.79672621	0
1788191102	XAUUSD	M5	4431.42						4428.73956830	4429.26814726	0
1788191402	XAUUSD	M5	4428.15						4428.93083436	4429.09949081	0
1788191702	XAUUSD	M5	4426.26						4429.66538778	4429.38243929	1
1788192002	XAUUSD	M5	4430.39					4423.76000	4430.90623686	4430.14433808	0
1788192302	XAUUSD	M5	4434.29						4432.40112687	4431.27273247	0
1788192602	XAUUSD	M5	4434.81						4433.84867345	4432.56070296	0
1788192902	XAUUSD	M5	4434.92						4435.04952751	4433.80511524	0
1788193202	XAUUSD	M5	4436.00						4435.88048568	4434.84280046	0
1788193502	XAUUSD	M5	4438.40						4436.26458881	4435.55369464	0
1788193802	XAUUSD	M5	4436.45				4440.25000		4436.17835486	4435.86602475	0
1788194102	XAUUSD	M5	4432.20						4435.74496535	4435.80549505	1
1788194402	XAUUSD	M5	4435.75						4435.15860529	4435.48205017	0
1788194702	XAUUSD	M5	4433.98						4434.43910712	4434.96057865	0
1788195002	XAUUSD	M5	4434.17						4433.73240801	4434.34649333	0
1788195302	XAUUSD	M5	4433.32						4433.12844343	4433.73746838	0
1788195602	XAUUSD	M5	4432.64						4432.71092257	4433.22419548	0
1788195902	XAUUSD	M5	4431.67						4432.52226394	4432.87322971	0
1788196202	XAUUSD	M5	4433.91						4432.57116491	4432.72219731	0
1788196502	XAUUSD	M5	4435.88						4432.78836442	4432.75528087	1
1788196802	XAUUSD	M5	4432.86						4433.10902951	4432.93215519	0
1788197102	XAUUSD	M5	4430.49						4433.58973886	4433.26094702	0
1788197402	XAUUSD	M5	4432.69						4434.25877730	4433.75986216	0
1788197702	XAUUSD	M5	4433.63						4435.00100015	4434.38043116	0
1788198002	XAUUSD	M5	4436.51						4435.67871399	4435.02957257	0
1788198302	XAUUSD	M5	4438.78						4436.09582242	4435.56269750	0
1788198602	XAUUSD	M5	4437.60						4436.09798167	4435.83033958	0
1788198902	XAUUSD	M5	4436.57						4435.66479334	4435.74756646	1
1788199202	XAUUSD	M5	4432.35						4434.83975023	4435.29365835	0
1788199502	XAUUSD	M5	4431.44						4433.80705663	4434.55035749	0
1788199802	XAUUSD	M5	4433.72						4432.69998953	4433.62517351	0
1788200102	XAUUSD	M5	4432.05						4431.58808625	4432.60662988	0
1788200402	XAUUSD	M5	4433.04						4430.62779611	4431.61721300	0
1788200702	XAUUSD	M5	4429.93						4429.90041848	4430.75881574	0
1788201002	XAUUSD	M5	4427.55					4426.28000	4429.55078932	4430.15480253	0
1788201302	XAUUSD	M5	4428.27						4429.62810643	4429.89145448	0
1788201602	XAUUSD	M5	4429.22						4430.04842390	4429.96993919	1
1788201902	XAUUSD	M5	4432.92						4430.69684382	4430.33339150	0
1788202202	XAUUSD	M5	4433.45						4431.38353189	4430.85846170	0
1788202502	XAUUSD	M5	4430.87						4432.03819148	4431.44832659	0
1788202802	XAUUSD	M5	4430.92						4432.72014984	4432.08423821	0
1788203102	XAUUSD	M5	4434.71						4433.49321049	4432.78872435	0
1788203402	XAUUSD	M5	4433.73						4434.38028183	4433.58450309	0
1788203702	XAUUSD	M5	4433.78						4435.52884705	4434.55667507	0
1788204002	XAUUSD	M5	4439.28						4437.05897345	4435.80782426	0
1788204302	XAUUSD	M5	4440.40						4438.90753440	4437.35767933	0
1788204602	XAUUSD	M5	4440.69						4441.06202385	4439.20985159	0
1788204902	XAUUSD	M5	4442.93						4443.46571989	4441.33778574	0
1788205202	XAUUSD	M5	4443.04						4445.94041369	4443.63909972	0
1788205502	XAUUSD	M5	4448.91						4448.30492171	4445.97201071	0
1788205802	XAUUSD	M5	4450.35						4450.21505694	4448.09353383	0
1788206102	XAUUSD	M5	4453.26						4451.48348719	4449.78851051	0
1788206402	XAUUSD	M5	4452.78						4451.96990605	4450.87920828	0
1788206702	XAUUSD	M5	4452.21						4451.71753590	4451.29837209	0
1788207002	XAUUSD	M5	4450.05						4450.88785942	4451.09311576	1
1788207302	XAUUSD	M5	4449.06						4449.75620262	4450.42465919	0
1788207602	XAUUSD	M5	4447.91						4448.60179602	4449.51322760	0
1788207902	XAUUSD	M5	4447.34						4447.68966513	4448.60144637	0
1788208202	XAUUSD	M5	4448.12						4447.21348529	4447.90746583	0
1788208502	XAUUSD	M5	4448.23						4447.24678337	4447.57712460	0
1788208802	XAUUSD	M5	4448.23						4447.77210533	4447.67461496	1
1788209102	XAUUSD	M5	4447.39						4448.67523251	4448.17492374	0
1788209402	XAUUSD	M5	4448.20						4449.79654362	4448.98573368	0
1788209702	XAUUSD	M5	4449.12						4450.90312791	4449.94443079	0
1788213602	XAUUSD	M5	4454.38						4451.77898664	4450.86170872	0
1788213902	XAUUSD	M5	4455.59						4452.17013771	4451.51592321	0
1788214202	XAUUSD	M5	4451.82				4455.85000		4452.01367340	4451.76479831	0
1788214502	XAUUSD	M5	4450.21						4451.46542953	4451.61511392	1
1788214802	XAUUSD	M5	4448.01						4450.67375475	4451.14443434	0
1788215102	XAUUSD	M5	4449.83						4449.82544006	4450.48493720	0
1788215402	XAUUSD	M5	4450.22						4448.99817597	4449.74155659	0
1788215702	XAUUSD	M5	4448.48						4448.25730465	4448.99943062	0
1788216002	XAUUSD	M5	4447.93						4447.65968131	4448.32955596	0
1788216302	XAUUSD	M5	4447.03						4447.18274606	4447.75615101	0
1788216602	XAUUSD	M5	4445.91						4446.77644138	4447.26629619	0
1788216902	XAUUSD	M5	4447.09						4446.37043409	4446.81836514	0
1788217202	XAUUSD	M5	4445.96						4445.85915331	4446.33875922	0
1788217502	XAUUSD	M5	4446.21						4445.24282274	4445.79079098	0
1788217802	XAUUSD	M5	4444.13						4444.55555164	4445.17317131	0
1788218102	XAUUSD	M5	4443.20						4443.95458223	4444.56387677	0
1788218402	XAUUSD	M5	4443.11					4441.75000	4443.59733087	4444.08060382	0
1788218702	XAUUSD	M5	4443.32						4443.60948564	4443.84504473	0
1788219002	XAUUSD	M5	4445.62						4444.06587327	4443.95545900	1
1788219302	XAUUSD	M5	4444.97						4444.94857414	4444.45201657	0
1788219602	XAUUSD	M5	4445.60						4446.27435761	4445.36318709	0
1788219902	XAUUSD	M5	4446.40						4447.96274194	4446.66296451	0
1788220202	XAUUSD	M5	4450.80						4449.88569813	4448.27433132	0
1788220502	XAUUSD	M5	4452.31						4451.81511105	4450.04472119	0
1788220802	XAUUSD	M5	4453.92						4453.60296292	4451.82384205	0
1788221102	XAUUSD	M5	4455.27						4455.13220987	4453.47802596	0
1788221402	XAUUSD	M5	4455.24						4456.33671014	4454.90736805	0
1788221702	XAUUSD	M5	4457.64						4457.21754440	4456.06245623	0
1788222002	XAUUSD	M5	4457.94				4461.41000		4457.72967281	4456.89606452	0
1788222302	XAUUSD	M5	4460.10						4457.88663401	4457.39134927	0
1788222602	XAUUSD	M5	4457.42						4457.65589663	4457.52362295	0
1788222902	XAUUSD	M5	4455.15						4457.12033271	4457.32197783	1
1788223202	XAUUSD	M5	4453.36						4456.33448407	4456.82823095	0
1788223502	XAUUSD	M5	4455.95						4455.32296044	4456.07559570	0
1788223802	XAUUSD	M5	4457.02						4453.98131315	4455.02845442	0
1788224102	XAUUSD	M5	4453.60						4452.25326180	4453.64085811	0
1788224402	XAUUSD	M5	4449.82						4450.22324387	4451.93205099	0
1788224702	XAUUSD	M5	4447.16						4448.04200938	4449.98703018	0
1788225002	XAUUSD	M5	4446.39						4445.89014562	4447.93858790	0
1788225302	XAUUSD	M5	4443.42						4443.93303315	4445.93581053	0
1788225602	XAUUSD	M5	4440.35						4442.39747890	4444.16664471	0
1788225902	XAUUSD	M5	4439.82						4441.48758575	4442.82711523	0
1788226202	XAUUSD	M5	4442.92						4441.27519648	4442.05115586	0
1788226502	XAUUSD	M5	4444.06						4441.64049996	4441.84582791	0
1788226802	XAUUSD	M5	4445.69						4442.42805494	4442.13694142	1
1788227102	XAUUSD	M5	4441.12						4443.39601671	4442.76647907	0
1788227402	XAUUSD	M5	4441.46						4444.41249789	4443.58948848	0
1788227702	XAUUSD	M5	4444.42						4445.20804943	4444.39876896	0
1788228002	XAUUSD	M5	4446.79						4445.49811097	4444.94843996	0
1788228302	XAUUSD	M5	4442.01						4445.10336979	4445.02590487	0
1788228602	XAUUSD	M5	4445.07						4444.15742261	4444.59166374	1
1788228902	XAUUSD	M5	4446.73						4442.71523660	4443.65345017	0
1788229202	XAUUSD	M5	4442.85						4440.95503233	4442.30424125	0
1788229502	XAUUSD	M5	4440.60						4439.22794800	4440.76609462	0
1788229802	XAUUSD	M5	4437.60						4437.83616333	4439.30112898	0
1788230102	XAUUSD	M5	4433.57						4437.00263974	4438.15188436	0
1788230402	XAUUSD	M5	4431.86						4436.85398568	4437.50293502	0
1788230702	XAUUSD	M5	4435.35					4427.73000	4437.31703659	4437.40998580	0
1788231002	XAUUSD	M5	4439.38						4438.07267643	4437.74133112	1
1788231302	XAUUSD	M5	4443.09						4438.74654251	4438.24393681	0
1788231602	XAUUSD	M5	4440.95						4439.02802414	4438.63598048	0
1788231902	XAUUSD	M5	4440.82						4438.87261467	4438.75429758	0
1788232202	XAUUSD	M5	4439.93						4438.33892154	4438.54660956	1
1788232502	XAUUSD	M5	4436.47						4437.61899012	4438.08279984	0
1788232802	XAUUSD	M5	4432.89						4437.00871037	4437.54575511	0
1788233102	XAUUSD	M5	4434.07						4436.78015985	4437.16295748	0
1788233402	XAUUSD	M5	4436.42						4436.98198088	4437.07246918	0
1788233702	XAUUSD	M5	4437.62						4437.49474001	4437.28360460	1
1788234002	XAUUSD	M5	4438.59						4438.09802082	4437.69081271	0
1788234302	XAUUSD	M5	4441.39						4438.51437219	4438.10259245	0
1788234602	XAUUSD	M5	4441.87						4438.43213314	4438.26736280	0
1788234902	XAUUSD	M5	4436.70						4437.69667628	4437.98201954	1
1788235202	XAUUSD	M5	4437.04						4436.43291735	4437.20746844	0
1788235502	XAUUSD	M5	4432.10						4434.74568454	4435.97657649	0
1788235802	XAUUSD	M5	4431.17						4432.96543115	4434.47100382	0
1788236102	XAUUSD	M5	4430.28						4431.35351193	4432.91225787	0
1788236402	XAUUSD	M5	4432.16						4430.14506130	4431.52865958	0
1788236702	XAUUSD	M5	4429.68						4429.38181048	4430.45523503	0
1788237002	XAUUSD	M5	4430.11						4429.07929368	4429.76726436	0
1788237302	XAUUSD	M5	4429.73						4429.05846257	4429.41286346	0
1788237602	XAUUSD	M5	4427.83						4429.12732859	4429.27009603	0
1788237902	XAUUSD	M5	4427.08						4429.11788677	4429.19399140	0
1788238202	XAUUSD	M5	4429.32						4428.91947341	4429.05673240	0
1788238502	XAUUSD	M5	4426.69						4428.47662825	4428.76668033	0
1788238802	XAUUSD	M5	4431.03						4427.98429361	4428.37548697	0
1788239102	XAUUSD	M5	4430.82						4427.57249720	4427.97399208	0
1788239402	XAUUSD	M5	4429.35						4427.55384897	4427.76392053	0
1788239702	XAUUSD	M5	4425.88						4428.20855864	4427.98623958	1
1788240002	XAUUSD	M5	4427.26						4429.74051954	4428.86337956	0
1788240302	XAUUSD	M5	4426.69						4432.06666247	4430.46502101	0
1788240602	XAUUSD	M5	4435.26					4424.24000	4434.95938239	4432.71220170	0
1788240902	XAUUSD	M5	4439.39						4437.84934892	4435.28077531	0
1788241202	XAUUSD	M5	4442.75						4440.23751334	4437.75914432	0
1788241502	XAUUSD	M5	4445.47						4441.66592697	4439.71253565	0
1788241802	XAUUSD	M5	4443.09						4441.88993319	4440.80123442	0
1788242102	XAUUSD	M5	4440.15				4445.96000		4440.98951337	4440.89537389	0
1788242402	XAUUSD	M5	4436.38						4439.21876363	4440.05706876	1
1788242702	XAUUSD	M5	4435.64						4436.98680989	4438.52193933	0
1788243002	XAUUSD	M5	4432.86						4434.65932954	4436.59063443	0
1788243302	XAUUSD	M5	4433.76						4432.63209201	4434.61136322	0
1788243602	XAUUSD	M5	4432.92						4431.12162983	4432.86649653	0
1788243902	XAUUSD	M5	4429.02						4430.27763810	4431.57206731	0
1788244202	XAUUSD	M5	4429.58						4430.20532948	4430.88869840	0
1788244502	XAUUSD	M5	4433.46						4430.73039042	4430.80954441	0
1788244802	XAUUSD	M5	4434.93						4431.51462024	4431.16208233	1
1788245102	XAUUSD	M5	4430.03						4432.22123807	4431.69166020	0
1788245402	XAUUSD	M5	4430.01						4432.71723140	4432.20444580	0
1788245702	XAUUSD	M5	4429.64						4432.81383844	4432.50914212	0
1788246002	XAUUSD	M5	4434.16						4432.43008513	4432.46961362	1
1788246302	XAUUSD	M5	4430.68						4431.45639912	4431.96300637	0
1788246602	XAUUSD	M5	4433.20						4430.07353223	4431.01826930	0
1788246902	XAUUSD	M5	4429.52						4428.36706691	4429.69266810	0
1788247202	XAUUSD	M5	4426.92						4426.60382133	4428.14824472	0
1788247502	XAUUSD	M5	4426.20						4424.97454172	4426.56139322	0
1788247802	XAUUSD	M5	4425.48						4423.54634760	4425.05387041	0
1788248102	XAUUSD	M5	4414.15						4422.23511566	4423.64449303	0
1788248402	XAUUSD	M5	4418.33						4421.09605697	4422.37027500	0
1788248702	XAUUSD	M5	4422.38						4419.69092565	4421.03060033	0
1788249002	XAUUSD	M5	4419.30						4417.56312059	4419.29686046	0
1788249302	XAUUSD	M5	4420.21						4414.49225117	4416.89455581	0
1788249602	XAUUSD	M5	4411.43						4410.29870464	4413.59663023	0
1788249902	XAUUSD	M5	4395.84						4405.19103733	4409.39383378	0
1788250202	XAUUSD	M5	4405.52						4399.68333142	4404.53858260	0
1788250502	XAUUSD	M5	4395.22						4393.75097610	4399.14477935	0
1788250802	XAUUSD	M5	4385.17						4387.93675791	4393.54076863	0
1788251102	XAUUSD	M5	4383.03						4382.79406651	4388.16741757	0
1788251402	XAUUSD	M5	4374.48						4378.60170863	4383.38456310	0
1788251702	XAUUSD	M5	4374.59						4375.67930770	4379.53193540	0
1788252002	XAUUSD	M5	4375.72						4373.97114869	4376.75154204	0
1788252302	XAUUSD	M5	4377.17						4373.27671236	4375.01412720	0
1788252602	XAUUSD	M5	4376.91						4373.28450006	4374.14931363	0
1788252902	XAUUSD	M5	4370.94						4373.69467441	4373.92199402	0
1788253202	XAUUSD	M5	4374.15						4374.36130238	4374.14164820	1
1788253502	XAUUSD	M5	4369.91						4374.93033935	4374.53599378	0
1788253802	XAUUSD	M5	4376.08						4375.26759895	4374.90179636	0
1788254102	XAUUSD	M5	4376.44						4375.05827651	4374.98003644	0
1788254402	XAUUSD	M5	4375.29						4374.25088323	4374.61545983	1
1788254702	XAUUSD	M5	4372.95						4372.95842036	4373.78694010	0
1788255002	XAUUSD	M5	4370.89						4371.42075928	4372.60384969	0
1788255302	XAUUSD	M5	4368.09						4369.92133600	4371.26259284	0
1788255602	XAUUSD	M5	4371.67						4368.79115931	4370.02687608	0
1788255902	XAUUSD	M5	4369.74						4368.17149624	4369.09918616	0
1788256202	XAUUSD	M5	4370.38						4368.30729618	4368.70324117	0
1788256502	XAUUSD	M5	4364.91						4369.30079023	4369.00201570	1
1788256802	XAUUSD	M5	4368.47					4364.22000	4371.27685515	4370.13943542	0
1788257102	XAUUSD	M5	4373.09						4374.00086539	4372.07015041	0
1788257402	XAUUSD	M5	4378.33						4377.08043224	4374.57529132	0
1788257702	XAUUSD	M5	4381.05						4379.99769462	4377.28649297	0
1788258002	XAUUSD	M5	4384.42						4382.32528171	4379.80588734	0
1788258302	XAUUSD	M5	4384.98						4383.73328749	4381.76958742	0
1788258602	XAUUSD	M5	4383.69						4384.11418163	4382.94188452	0
1788258902	XAUUSD	M5	4384.27						4383.59261455	4383.26724953	0
1788259202	XAUUSD	M5	4381.61						4382.36895475	4382.81810214	1
1788259502	XAUUSD	M5	4378.27						4380.75291249	4381.78550731	0
1788259802	XAUUSD	M5	4375.80						4379.13435352	4380.45993042	0
1788260102	XAUUSD	M5	4378.18						4377.87448906	4379.16720974	0
1788260402	XAUUSD	M5	4380.16						4377.12475065	4378.14598020	0
1788260702	XAUUSD	M5	4382.13						4376.96281020	4377.55439520	0
1788261002	XAUUSD	M5	4377.25						4377.36635064	4377.46037292	0
1788261302	XAUUSD	M5	4376.04						4378.36062931	4377.91050111	1
1788261602	XAUUSD	M5	4377.91						4379.78652899	4378.84851505	0
1788261902	XAUUSD	M5	4380.61						4381.32075830	4380.08463668	0
1788262202	XAUUSD	M5	4380.49						4382.56587061	4381.32525364	0
1788262502	XAUUSD	M5	4383.77						4383.22553775	4382.27539569	0
1788262802	XAUUSD	M5	4384.31						4382.95935087	4382.61737328	0
1788263102	XAUUSD	M5	4385.15				4387.27000		4381.64016044	4382.12876686	1
1788263402	XAUUSD	M5	4379.07						4379.33646828	4380.73261757	0
1788263702	XAUUSD	M5	4374.77						4376.47460043	4378.60360900	0
1788264002	XAUUSD	M5	4371.96						4373.56147785	4376.08254343	0
1788264302	XAUUSD	M5	4370.68						4371.02909721	4373.55582032	0
1788264602	XAUUSD	M5	4370.97						4369.17561371	4371.36571701	0
1788264902	XAUUSD	M5	4370.71						4368.03276207	4369.69923954	0
1788265202	XAUUSD	M5	4368.04						4367.44368443	4368.57146199	0
1788265502	XAUUSD	M5	4368.53						4367.09677652	4367.83411925	0
1788265802	XAUUSD	M5	4359.04						4366.48024226	4367.15718076	0
1788266102	XAUUSD	M5	4357.88						4365.29701827	4366.22709951	0
1788266402	XAUUSD	M5	4364.88						4363.11514877	4364.67112414	0
1788266702	XAUUSD	M5	4364.55						4359.52015670	4362.09564042	0
1788267002	XAUUSD	M5	4362.94						4354.59167506	4358.34365774	0
1788267302	XAUUSD	M5	4356.39						4348.80629120	4353.57497447	0
1788267602	XAUUSD	M5	4339.53						4343.02865851	4348.30181649	0
1788267902	XAUUSD	M5	4331.67						4338.47634003	4343.38907826	0
1788268202	XAUUSD	M5	4329.61					4326.21000	4335.97945861	4339.68426843	0
1788268502	XAUUSD	M5	4333.85						4335.89506427	4337.78966635	0
1788268802	XAUUSD	M5	4335.93						4338.05466735	4337.92216685	1
1788269102	XAUUSD	M5	4342.99						4341.99863722	4339.96040204	0
1788269402	XAUUSD	M5	4353.00						4346.92237134	4343.44138669	0
1788269702	XAUUSD	M5	4353.25						4351.90051081	4347.67094875	0
1788270002	XAUUSD	M5	4361.82						4356.38528097	4352.02811486	0
1788270302	XAUUSD	M5	4361.33						4359.86987328	4355.94899407	0
1788270602	XAUUSD	M5	4357.98						4362.34521033	4359.14710220	0
1788270902	XAUUSD	M5	4365.84						4364.09516117	4361.62113169	0
1788271202	XAUUSD	M5	4353.50						4365.24893080	4363.43503124	0
1788271502	XAUUSD	M5	4366.32						4366.43790331	4364.93646728	0
1788271802	XAUUSD	M5	4370.22						4367.50816060	4366.22231394	0
1788272102	XAUUSD	M5	4371.35						4368.39244225	4367.30737810	0
1788272402	XAUUSD	M5	4373.66				4375.62000		4368.96752854	4368.13745332	0
1788272702	XAUUSD	M5	4365.94						4369.04463311	4368.59104322	0
1788273002	XAUUSD	M5	4372.13						4368.68974747	4368.64039534	0
1788273302	XAUUSD	M5	4365.94						4367.66178053	4368.15108793	1
1788273602	XAUUSD	M5	4367.01						4366.11605847	4367.13357320	0
1788273902	XAUUSD	M5	4361.58						4364.12913944	4365.63135632	0
1788274202	XAUUSD	M5	4359.98						4362.04562358	4363.83848995	0
1788274502	XAUUSD	M5	4360.28						4360.17662409	4362.00755702	0
1788274802	XAUUSD	M5	4357.74						4358.78408919	4360.39582311	0
1788275102	XAUUSD	M5	4360.18						4358.17975442	4359.28778876	0
1788275402	XAUUSD	M5	4357.07						4358.43417002	4358.86097939	0
1788275702	XAUUSD	M5	4363.34						4359.61404520	4359.23751230	1
1788276002	XAUUSD	M5	4362.29						4361.43843069	4360.33797149	0
1788276302	XAUUSD	M5	4365.70						4363.72609820	4362.03203485	0
1788276602	XAUUSD	M5	4363.21						4366.14269062	4364.08736274	0
1788276902	XAUUSD	M5	4364.07						4368.50256495	4366.29496384	0
1788277202	XAUUSD	M5	4370.79						4370.50720752	4368.40108568	0
1788277502	XAUUSD	M5	4371.14						4371.72260538	4370.06184553	0
1788277802	XAUUSD	M5	4373.09						4371.93985306	4371.00084929	0
1788278102	XAUUSD	M5	4372.90						4371.04699463	4371.02392196	0
1788278402	XAUUSD	M5	4371.92				4374.72000		4369.13339615	4370.07865906	1
1788278702	XAUUSD	M5	4367.83						4366.42623037	4368.25244472	0
1788279002	XAUUSD	M5	4362.56						4363.33384252	4365.79314362	0
1788279302	XAUUSD	M5	4358.65						4360.28322848	4363.03818605	0
1788279602	XAUUSD	M5	4357.97						4357.62237884	4360.33028244	0
1788279902	XAUUSD	M5	4352.90						4355.52740915	4357.92884579	0
1788280202	XAUUSD	M5	4348.69						4354.12220229	4356.02552404	0
1788280502	XAUUSD	M5	4355.17						4353.41710566	4354.72131485	0
1788280802	XAUUSD	M5	4354.87						4353.00283219	4353.86207352	0
1788281102	XAUUSD	M5	4357.24						4352.61697657	4353.23952504	0
1788281402	XAUUSD	M5	4355.21						4352.00494727	4352.62223616	0
1788281702	XAUUSD	M5	4351.28						4351.12374178	4351.87298897	0
1788282002	XAUUSD	M5	4346.97						4350.10073479	4350.98686188	0
1788282302	XAUUSD	M5	4345.96						4349.11368208	4350.05027198	0
1788282602	XAUUSD	M5	4346.39						4348.28160174	4349.16593686	0
1788282902	XAUUSD	M5	4346.53						4347.61080073	4348.38836879	0
1788283202	XAUUSD	M5	4347.38						4347.07666005	4347.73251442	0
1788283502	XAUUSD	M5	4349.96						4346.58845535	4347.16048489	0
1788283802	XAUUSD	M5	4347.61						4346.00103291	4346.58075890	0
1788284102	XAUUSD	M5	4345.93						4345.31273011	4345.94674451	0
1788284402	XAUUSD	M5	4344.18						4344.52315448	4345.23494949	0
1788284702	XAUUSD	M5	4342.91						4343.67656163	4344.45575556	0
1788285002	XAUUSD	M5	4343.25						4342.79092939	4343.62334248	0
1788285302	XAUUSD	M5	4342.96						4341.86445109	4342.74389678	0
1788285602	XAUUSD	M5	4338.83						4340.89816423	4341.82103051	0
1788285902	XAUUSD	M5	4336.62						4339.97358945	4340.89730998	0
1788286202	XAUUSD	M5	4336.43						4339.07827016	4339.98779007	0
1788286502	XAUUSD	M5	4340.76						4338.11245510	4339.05012258	0
1788286802	XAUUSD	M5	4341.39						4336.88966443	4337.96989351	0
1788287102	XAUUSD	M5	4337.51						4335.38549734	4336.67769542	0
1788287402	XAUUSD	M5	4333.91						4333.78923368	4335.23346455	0
1788287702	XAUUSD	M5	4329.76						4332.34787732	4333.79067094	0
1788288002	XAUUSD	M5	4329.66						4331.34611193	4332.56839143	0
1788288302	XAUUSD	M5	4331.66						4330.91095562	4331.73967353	0
1788288602	XAUUSD	M5	4329.43						4331.01820577	4331.37893965	0
1788288902	XAUUSD	M5	4331.76						4331.62846514	4331.50370239	1
1788289202	XAUUSD	M5	4331.93						4332.49668990	4332.00019615	0
1788289502	XAUUSD	M5	4331.49						4333.36943058	4332.68481336	0
1788289802	XAUUSD	M5	4337.34						4333.97876470	4333.33178903	0
1788290102	XAUUSD	M5	4335.35						4333.96962282	4333.65070593	0
1788290402	XAUUSD	M5	4334.07						4333.30231418	4333.47651006	1
1788290702	XAUUSD	M5	4334.52						4332.07413956	4332.77532481	0
1788291002	XAUUSD	M5	4330.00						4330.47197925	4331.62365203	0
1788291302	XAUUSD	M5	4323.26						4328.87491852	4330.24928528	0
1788291602	XAUUSD	M5	4326.44					4322.72000	4327.68759621	4328.96844074	0
1788291902	XAUUSD	M5	4327.42						4326.96496643	4327.96670359	0
1788292202	XAUUSD	M5	4328.13						4326.69433274	4327.33051816	0
1788292502	XAUUSD	M5	4327.17						4326.76655262	4327.04853539	0
1788292802	XAUUSD	M5	4327.99						4327.03674336	4327.04263938	0
1788293102	XAUUSD	M5	4329.21						4327.31777762	4327.18020850	1
1788293402	XAUUSD	M5	4325.74						4327.45464760	4327.31742805	0
1788293702	XAUUSD	M5	4327.81						4327.48842116	4327.40292460	0
1788294002	XAUUSD	M5	4327.91						4327.39470414	4327.39881437	1
1788294302	XAUUSD	M5	4326.09						4327.25243964	4327.32562700	0
1788294602	XAUUSD	M5	4326.08						4327.21542818	4327.27052759	0
1788294902	XAUUSD	M5	4327.59						4327.36098139	4327.31575449	1
1788295202	XAUUSD	M5	4327.64						4327.69243719	4327.50409584	0
1788295502	XAUUSD	M5	4328.57						4328.16224165	4327.83316874	0
1788295802	XAUUSD	M5	4328.73						4328.65431029	4328.24373952	0
1788296102	XAUUSD	M5	4328.20						4329.05729280	4328.65051616	0
1788300002	XAUUSD	M5	4331.23				4334.35000		4329.31299788	4328.98175702	0
1788300302	XAUUSD	M5	4330.00						4329.31164094	4329.14669898	0
1788300602	XAUUSD	M5	4329.19						4329.09249215	4329.11959556	1
1788300902	XAUUSD	M5	4327.56						4328.73282407	4328.92620982	0
1788301202	XAUUSD	M5	4328.16						4328.36835843	4328.64728412	0
1788301502	XAUUSD	M5	4327.79						4328.08329346	4328.36528879	0
1788301802	XAUUSD	M5	4327.31						4327.93092327	4328.14810603	0
1788302102	XAUUSD	M5	4327.67						4327.94049396	4328.04429999	0
1788302402	XAUUSD	M5	4328.31						4328.08789843	4328.06609921	1
1788302702	XAUUSD	M5	4328.36						4328.29735013	4328.18172467	0
1788303002	XAUUSD	M5	4329.25						4328.54940218	4328.36556343	0
1788303302	XAUUSD	M5	4329.37						4328.83404089	4328.59980216	0
1788303602	XAUUSD	M5	4329.56						4329.18968430	4328.89474323	0
1788303902	XAUUSD	M5	4330.74						4329.66316432	4329.27895377	0
1788304202	XAUUSD	M5	4330.63						4330.24101962	4329.75998670	0
1788304502	XAUUSD	M5	4329.99						4330.87421748	4330.31710209	0
1788304802	XAUUSD	M5	4327.37						4331.49268507	4330.90489358	0
1788305102	XAUUSD	M5	4330.87						4332.05062993	4331.47776176	0
1788305402	XAUUSD	M5	4332.96						4332.33002803	4331.90389489	0
1788305702	XAUUSD	M5	4334.94				4335.76000		4332.15785628	4332.03087559	0
1788306002	XAUUSD	M5	4333.78						4331.46160466	4331.74624012	1
1788306302	XAUUSD	M5	4331.61						4330.36182616	4331.05403314	0
1788306602	XAUUSD	M5	4329.27						4329.09507404	4330.07455359	0
1788306902	XAUUSD	M5	4324.40						4327.95220490	4329.01337924	0
1788307202	XAUUSD	M5	4329.38						4327.25725158	4328.13531541	0
1788307502	XAUUSD	M5	4323.21						4326.96866856	4327.55199199	0
1788307802	XAUUSD	M5	4328.07						4327.17204043	4327.36201621	0
1788308102	XAUUSD	M5	4327.71						4327.54719704	4327.45460663	1
1788308402	XAUUSD	M5	4329.69						4327.80664672	4327.63062668	0
1788308702	XAUUSD	M5	4325.85						4327.61118533	4327.62090600	1
1788309002	XAUUSD	M5	4322.97						4326.83584760	4327.22837680	0
1788309302	XAUUSD	M5	4327.06						4325.44873475	4326.33855578	0
1788309602	XAUUSD	M5	4330.12						4323.40757595	4324.87306586	0
1788309902	XAUUSD	M5	4323.55						4320.86331149	4322.86818868	0
1788310202	XAUUSD	M5	4315.27						4318.34627772	4320.60723320	0
1788310502	XAUUSD	M5	4315.81						4316.43631314	4318.52177317	0
1788310802	XAUUSD	M5	4312.18						4315.35473674	4316.93825495	0
1788311102	XAUUSD	M5	4308.46						4315.21492760	4316.07659128	0
1788311402	XAUUSD	M5	4317.63						4315.84294668	4315.95976898	0
1788311702	XAUUSD	M5	4320.46						4316.54559544	4316.25268221	1
1788312002	XAUUSD	M5	4321.62						4316.69198567	4316.47233394	0
1788312302	XAUUSD	M5	4317.22						4315.79305710	4316.13269552	1
1788312602	XAUUSD	M5	4309.56						4313.70034866	4314.91652209	0
1788312902	XAUUSD	M5	4307.82						4310.59852392	4312.75752300	0
1788313202	XAUUSD	M5	4309.12						4306.75591445	4309.75671873	0
1788313502	XAUUSD	M5	4306.23						4302.56017014	4306.15844444	0
1788313802	XAUUSD	M5	4297.45						4298.62321889	4302.39083166	0
1788314102	XAUUSD	M5	4291.00						4295.69925907	4299.04504537	0
1788314402	XAUUSD	M5	4295.74					4287.38000	4294.32644957	4296.68574747	0
1788314702	XAUUSD	M5	4292.66						4294.50931972	4295.59753359	0
1788315002	XAUUSD	M5	4296.13						4296.19261932	4295.89507646	1
1788315302	XAUUSD	M5	4300.64						4298.94282335	4297.41894990	0
1788315602	XAUUSD	M5	4303.56						4302.17299295	4299.79597143	0
1788315902	XAUUSD	M5	4304.41						4305.31776359	4302.55686751	0
1788316202	XAUUSD	M5	4308.00						4307.93543283	4305.24615017	0
1788316502	XAUUSD	M5	4312.28						4309.62258720	4307.43436868	0
1788316802	XAUUSD	M5	4309.32						4310.12746164	4308.78091516	0
1788317102	XAUUSD	M5	4310.49						4309.50055971	4309.14073744	0
1788317402	XAUUSD	M5	4305.66						4307.83532370	4308.48803057	1
1788317702	XAUUSD	M5	4302.90						4305.46589469	4306.97696263	0
1788318002	XAUUSD	M5	4301.23						4302.70808682	4304.84252472	0
1788318302	XAUUSD	M5	4299.40						4299.82822689	4302.33537581	0
1788318602	XAUUSD	M5	4300.87						4297.09136265	4299.71336923	0
1788318902	XAUUSD	M5	4297.86						4294.63592467	4297.17464695	0
1788319202	XAUUSD	M5	4293.70						4292.72183190	4294.94823942	0
1788319502	XAUUSD	M5	4293.78						4291.62620225	4293.28722084	0
1788319802	XAUUSD	M5	4285.18						4291.43198202	4292.35960143	0
1788320102	XAUUSD	M5	4291.47					4282.53000	4292.34981706	4292.35470924	0
1788320402	XAUUSD	M5	4288.84						4294.08157216	4293.21814070	1
1788320702	XAUUSD	M5	4299.31						4296.43732040	4294.82773055	0
1788321002	XAUUSD	M5	4300.78						4298.86563345	4296.84668200	0
1788321302	XAUUSD	M5	4303.33						4301.06929796	4298.95798998	0
1788321602	XAUUSD	M5	4303.84						4302.82079843	4300.88939420	0
1788321902	XAUUSD	M5	4304.86						4304.04434914	4302.46687167	0
1788322202	XAUUSD	M5	4304.30						4304.72097723	4303.59392445	0
1788322502	XAUUSD	M5	4303.18						4304.95159006	4304.27275726	0
1788322802	XAUUSD	M5	4304.32						4304.91948918	4304.59612322	0
1788323102	XAUUSD	M5	4302.76						4304.75333948	4304.67473135	0
1788323402	XAUUSD	M5	4305.35						4304.61371507	4304.64422321	1
1788323702	XAUUSD	M5	4304.58						4304.51089775	4304.57756048	0
1788324002	XAUUSD	M5	4304.75						4304.51927690	4304.54841869	0
1788324302	XAUUSD	M5	4305.59						4304.67612503	4304.61227186	1
1788324602	XAUUSD	M5	4306.18						4305.00346921	4304.80787054	0
1788324902	XAUUSD	M5	4307.28						4305.55182648	4305.17984851	0
1788325202	XAUUSD	M5	4306.40						4306.37477060	4305.77730955	0
1788325502	XAUUSD	M5	4304.62						4307.55714741	4306.66722848	0
1788325802	XAUUSD	M5	4310.00						4309.16854715	4307.91788782	0
1788326102	XAUUSD	M5	4310.87						4311.06553041	4309.49170911	0
1788326402	XAUUSD	M5	4308.64						4313.15834106	4311.32502509	0
1788326702	XAUUSD	M5	4313.06						4315.40867354	4313.36684931	0
1788327002	XAUUSD	M5	4324.55						4317.58876030	4315.47780481	0
1788327302	XAUUSD	M5	4318.14						4319.30679981	4317.39230231	0
1788327602	XAUUSD	M5	4323.14						4320.69565906	4319.04398069	0
1788327902	XAUUSD	M5	4325.89						4321.68078086	4320.36238077	0
1788328202	XAUUSD	M5	4320.15						4322.30264146	4321.33251112	0
1788328502	XAUUSD	M5	4319.83						4322.83399504	4322.08325308	0
1788328802	XAUUSD	M5	4318.10						4323.37219900	4322.72772604	0
1788329102	XAUUSD	M5	4324.21						4323.98450301	4323.35611452	0
1788329402	XAUUSD	M5	4326.55						4324.42655634	4323.89133543	0
1788329702	XAUUSD	M5	4326.09						4324.54324869	4324.21729206	0
1788330002	XAUUSD	M5	4326.76						4324.24893301	4324.23311254	0
1788330302	XAUUSD	M5	4322.83						4323.53215030	4323.88263142	1
1788330602	XAUUSD	M5	4319.89						4322.57478795	4323.22870969	0
1788330902	XAUUSD	M5	4324.67						4321.60643788	4322.41757379	0
1788331202	XAUUSD	M5	4324.22						4320.71703217	4321.56730298	0
1788331502	XAUUSD	M5	4316.46						4320.15899674	4320.86314986	0
1788331802	XAUUSD	M5	4316.23						4320.30828952	4320.58571969	0
1788332102	XAUUSD	M5	4321.76						4321.22538679	4320.90555324	1
1788332402	XAUUSD	M5	4321.53						4322.65868436	4321.78211880	0
1788332702	XAUUSD	M5	4326.29						4324.36304761	4323.07258320	0
1788333002	XAUUSD	M5	4326.71						4325.91952661	4324.49605491	0
1788333302	XAUUSD	M5	4328.16						4327.04284603	4325.76945047	0
1788333602	XAUUSD	M5	4328.43						4327.52594523	4326.64769785	0
1788333902	XAUUSD	M5	4326.82						4327.33984739	4326.99377262	0
1788334202	XAUUSD	M5	4327.36						4326.64335331	4326.81856296	1
1788334502	XAUUSD	M5	4326.48						4325.65759998	4326.23808147	0
1788334802	XAUUSD	M5	4322.68						4324.67899262	4325.45853704	0
1788335102	XAUUSD	M5	4322.29						4324.03078471	4324.74466088	0
1788335402	XAUUSD	M5	4322.40						4323.87245726	4324.30855907	0
1788335702	XAUUSD	M5	4323.17						4324.22167838	4324.26511872	0
1788336002	XAUUSD	M5	4327.26						4324.93438612	4324.59975242	1
1788336302	XAUUSD	M5	4329.89						4325.67226331	4325.13600786	0
1788336602	XAUUSD	M5	4325.69				4331.67000		4326.14642014	4325.64121400	0
1788336902	XAUUSD	M5	4325.17						4326.26347109	4325.95234254	0
1788337202	XAUUSD	M5	4326.05						4325.92042125	4325.93638189	1
1788337502	XAUUSD	M5	4323.02						4325.08918361	4325.51278275	0
1788337802	XAUUSD	M5	4321.72						4323.90060932	4324.70669603	0
1788338102	XAUUSD	M5	4324.93						4322.48256582	4323.59463093	0
1788338402	XAUUSD	M5	4322.02						4320.85612189	4322.22537641	0
1788338702	XAUUSD	M5	4321.78						4319.18506520	4320.70522081	0
1788339002	XAUUSD	M5	4314.46						4317.58054870	4319.14288475	0
1788339302	XAUUSD	M5	4312.87						4316.27610644	4317.70949559	0
1788339602	XAUUSD	M5	4315.87						4315.29538415	4316.50243987	0
1788339902	XAUUSD	M5	4318.67						4314.47146566	4315.48695276	0
1788340202	XAUUSD	M5	4313.92						4313.61879894	4314.55287585	0
1788340502	XAUUSD	M5	4314.40						4312.78482150	4313.66884867	0
1788340802	XAUUSD	M5	4309.01						4311.91169418	4312.79027143	0
1788341102	XAUUSD	M5	4309.07						4311.09386690	4311.94206916	0
1788341402	XAUUSD	M5	4309.83						4310.29793681	4311.12000299	0
1788341702	XAUUSD	M5	4308.89						4309.49999778	4310.31000038	0
1788342002	XAUUSD	M5	4310.05						4308.73843288	4309.52421663	0
1788342302	XAUUSD	M5	4310.33						4308.02437930	4308.77429796	0
1788342602	XAUUSD	M5	4308.62						4307.40638649	4308.09034223	0
1788342902	XAUUSD	M5	4308.58						4306.96999362	4307.53016792	0
1788343202	XAUUSD	M5	4304.24						4306.76249285	4307.14633038	0
1788343502	XAUUSD	M5	4303.02					4301.79000	4306.89763969	4307.02198504	0
1788343802	XAUUSD	M5	4306.87						4307.33852885	4307.18025694	1
1788344102	XAUUSD	M5	4308.52						4307.88860621	4307.53443158	0
1788344402	XAUUSD	M5	4310.49						4308.39100544	4307.96271851	0
1788344702	XAUUSD	M5	4309.91						4308.73235946	4308.34753899	0
1788345002	XAUUSD	M5	4308.93						4308.91560351	4308.63157125	0
1788345302	XAUUSD	M5	4308.55						4309.00103376	4308.81630250	0
1788345602	XAUUSD	M5	4309.43						4309.10893005	4308.96261628	0
1788345902	XAUUSD	M5	4310.34						4309.39420056	4309.17840842	0
1788346202	XAUUSD	M5	4308.44						4310.00258794	4309.59049818	0
1788346502	XAUUSD	M5	4309.32						4311.10846973	4310.34948396	0
1788346802	XAUUSD	M5	4312.86						4312.74834689	4311.54891542	0
1788347102	XAUUSD	M5	4312.95						4314.81574576	4313.18233059	0
1788347402	XAUUSD	M5	4322.84						4317.22099746	4315.20166403	0
1788347702	XAUUSD	M5	4319.04						4319.58896518	4317.39531460	0
1788348002	XAUUSD	M5	4319.06						4321.92754300	4319.66142880	0
1788348302	XAUUSD	M5	4321.84						4324.15008261	4321.90575571	0
1788348602	XAUUSD	M5	4330.10						4326.12356845	4324.01466208	0
1788348902	XAUUSD	M5	4332.29						4327.63937423	4325.82701815	0
1788349202	XAUUSD	M5	4324.75						4328.69879839	4327.26290827	0
1788349502	XAUUSD	M5	4325.84						4329.64102448	4328.45196638	0
1788349802	XAUUSD	M5	4330.53						4330.56602277	4329.50899457	0
1788350102	XAUUSD	M5	4332.34						4331.47492398	4330.49195927	0
1788350402	XAUUSD	M5	4334.78						4332.36668561	4331.42932244	0
1788350702	XAUUSD	M5	4333.63						4333.18053511	4332.30492878	0
1788351002	XAUUSD	M5	4333.28						4333.91961762	4333.11227320	0
1788351302	XAUUSD	M5	4331.82						4334.52814072	4333.82020696	0
1788351602	XAUUSD	M5	4339.15						4334.98711080	4334.40365888	0
1788351902	XAUUSD	M5	4336.46						4335.07851935	4334.74108911	0
1788352202	XAUUSD	M5	4330.04						4334.88366594	4334.81237753	0
1788352502	XAUUSD	M5	4333.29						4334.64579010	4334.72908382	1
1788352802	XAUUSD	M5	4334.35						4334.41183882	4334.57046132	0
1788353102	XAUUSD	M5	4339.11						4334.32146638	4334.44596385	0
1788353402	XAUUSD	M5	4334.42						4334.45599744	4334.45098064	1
1788353702	XAUUSD	M5	4331.70						4335.14305332	4334.79701698	0
1788354002	XAUUSD	M5	4338.63						4336.63982771	4335.71842235	0
1788354302	XAUUSD	M5	4342.10						4338.92210853	4337.32026544	0
1788354602	XAUUSD	M5	4339.54						4341.99759242	4339.65892893	0
1788354902	XAUUSD	M5	4342.24						4345.97285895	4342.81589394	0
1788355202	XAUUSD	M5	4348.05						4350.73634896	4346.77612145	0
1788355502	XAUUSD	M5	4358.32						4356.03420415	4351.40516280	0
1788355802	XAUUSD	M5	4364.84						4361.45509649	4356.43012964	0
1788356102	XAUUSD	M5	4367.08						4366.70043544	4361.56528254	0
1788356402	XAUUSD	M5	4378.21						4371.63907059	4366.60217657	0
1788356702	XAUUSD	M5	4368.54						4375.94536716	4371.27377186	0
1788357002	XAUUSD	M5	4376.67						4379.89387108	4375.58382147	0
1788357302	XAUUSD	M5	4385.52						4383.30216941	4379.44299544	0
1788357602	XAUUSD	M5	4384.06						4385.95337161	4382.69818353	0
1788357902	XAUUSD	M5	4391.07						4387.88215941	4385.29017147	0
1788358202	XAUUSD	M5	4387.85				4397.55000		4388.93231793	4387.11124470	0
1788358502	XAUUSD	M5	4392.35						4389.26230142	4388.18677306	0
1788358802	XAUUSD	M5	4387.25						4388.83609283	4388.51143294	0
1788359102	XAUUSD	M5	4387.78						4387.86760278	4388.18951786	1
1788359402	XAUUSD	M5	4386.40						4386.45484919	4387.32218353	0
1788359702	XAUUSD	M5	4382.91						4384.74068448	4386.03143400	0
1788360002	XAUUSD	M5	4385.65						4382.92768579	4384.47955990	0
1788360302	XAUUSD	M5	4380.97						4381.03385706	4382.75670848	0
1788360602	XAUUSD	M5	4376.88						4379.23460064	4380.99565456	0
1788360902	XAUUSD	M5	4377.01						4377.61364711	4379.30465084	0
1788361202	XAUUSD	M5	4377.59						4376.12104641	4377.71284862	0
1788361502	XAUUSD	M5	4376.57						4374.69525564	4376.20405213	0
1788361802	XAUUSD	M5	4372.64						4373.31317504	4374.75861359	0
1788362102	XAUUSD	M5	4369.86						4372.04374069	4373.40117714	0
1788362402	XAUUSD	M5	4370.13						4370.97282618	4372.18700166	0
1788362702	XAUUSD	M5	4372.51						4370.14462229	4371.16581197	0
1788363002	XAUUSD	M5	4371.38						4369.55058549	4370.35819873	0
1788363302	XAUUSD	M5	4370.39						4369.24824669	4369.80322271	0
1788363602	XAUUSD	M5	4366.29						4369.26447415	4369.53384843	0
1788363902	XAUUSD	M5	4367.81						4369.66646138	4369.60015490	1
1788364202	XAUUSD	M5	4368.61						4370.28279127	4369.94147309	0
1788364502	XAUUSD	M5	4372.99						4370.92916928	4370.43532118	0
1788364802	XAUUSD	M5	4372.95						4371.31316106	4370.87424112	0
1788365102	XAUUSD	M5	4370.53						4371.30742436	4371.09083274	0
1788365402	XAUUSD	M5	4372.45						4370.95322693	4371.02202984	1
1788365702	XAUUSD	M5	4369.97						4370.25971146	4370.64087065	0
1788366002	XAUUSD	M5	4369.58						4369.44510390	4370.04298727	0
1788366302	XAUUSD	M5	4368.72						4368.66313326	4369.35306027	0
1788366602	XAUUSD	M5	4367.28						4368.05491272	4368.70398649	0
1788366902	XAUUSD	M5	4368.49						4367.73448173	4368.21923411	0
1788367202	XAUUSD	M5	4365.07						4367.65723037	4367.93823224	0
1788367502	XAUUSD	M5	4366.00					4364.55000	4367.84538747	4367.89180986	0
1788367802	XAUUSD	M5	4369.98						4368.15301103	4368.02241044	1
1788368102	XAUUSD	M5	4368.37						4368.36990085	4368.19615565	0
1788368402	XAUUSD	M5	4370.79						4368.45879423	4368.32747494	0
1788368702	XAUUSD	M5	4370.08						4368.35837771	4368.34292632	0
1788369002	XAUUSD	M5	4368.92						4368.17671157	4368.25981895	1
1788369302	XAUUSD	M5	4365.49						4368.07210259	4368.16596077	0
1788369602	XAUUSD	M5	4367.18						4368.29040800	4368.22818439	1
1788369902	XAUUSD	M5	4369.81						4368.89749225	4368.56283832	0
1788370202	XAUUSD	M5	4368.09						4369.84516690	4369.20400261	0
1788370502	XAUUSD	M5	4366.61						4371.11662286	4370.16031274	0
1788370802	XAUUSD	M5	4376.47						4372.61980073	4371.39005673	0
1788371102	XAUUSD	M5	4376.16				4380.68000		4373.93847674	4372.66426674	0
1788371402	XAUUSD	M5	4376.31						4374.92493307	4373.79459990	0
1788371702	XAUUSD	M5	4377.03						4375.47573021	4374.63516506	0
1788372002	XAUUSD	M5	4375.06						4375.55720598	4375.09618552	0
1788372302	XAUUSD	M5	4373.62						4375.29723914	4375.19671233	0
1788372602	XAUUSD	M5	4370.27						4374.87000017	4375.03335625	1
1788372902	XAUUSD	M5	4377.56						4374.51509135	4374.77422380	0
1788373202	XAUUSD	M5	4373.20						4374.16478651	4374.46950515	0
1788373502	XAUUSD	M5	4373.14						4374.00062904	4374.23506710	0
1788373802	XAUUSD	M5	4376.59						4374.03575878	4374.13541294	0
1788374102	XAUUSD	M5	4376.30						4374.15070952	4374.14306123	1
1788374402	XAUUSD	M5	4373.03						4374.31906558	4374.23106340	0
1788374702	XAUUSD	M5	4373.97						4374.58866864	4374.40986602	0
1788375002	XAUUSD	M5	4374.78						4374.93274892	4374.67130747	0
1788375302	XAUUSD	M5	4374.10						4375.35023696	4375.01077221	0
1788375602	XAUUSD	M5	4375.03						4375.91153863	4375.46115542	0
1788375902	XAUUSD	M5	4377.11						4376.67205490	4376.06660516	0
1788376202	XAUUSD	M5	4379.24						4377.65190267	4376.85925392	0
1788376502	XAUUSD	M5	4379.68						4378.86404902	4377.86165147	0
1788376802	XAUUSD	M5	4380.04						4380.31603878	4379.08884512	0
1788377102	XAUUSD	M5	4381.15						4381.96189289	4380.52536901	0
1788377402	XAUUSD	M5	4383.86						4383.70089795	4382.11313348	0
1788377702	XAUUSD	M5	4384.05						4385.34977868	4383.73145608	0
1788378002	XAUUSD	M5	4388.14						4386.79172739	4385.26159173	0
1788378302	XAUUSD	M5	4386.60						4387.84072891	4386.55116032	0
1788378602	XAUUSD	M5	4387.46						4388.49454902	4387.52285467	0
1788378902	XAUUSD	M5	4390.96						4388.72640330	4388.12462898	0
1788379202	XAUUSD	M5	4390.46						4388.49870469	4388.31166684	0
1788379502	XAUUSD	M5	4387.86						4387.93782043	4388.12474363	1
1788379802	XAUUSD	M5	4386.03						4387.26617037	4387.69545700	0
1788380102	XAUUSD	M5	4385.13						4386.66942402	4387.18244051	0
1788380402	XAUUSD	M5	4385.60						4386.30205993	4386.74225022	0
1788380702	XAUUSD	M5	4386.38						4386.24141175	4386.49183099	0
1788381002	XAUUSD	M5	4387.44						4386.49264625	4386.49223862	1
1788381302	XAUUSD	M5	4387.53						4387.00277240	4386.74750551	0
1788381602	XAUUSD	M5	4387.94						4387.71124723	4387.22937637	0
1788381902	XAUUSD	M5	4389.01						4388.51641430	4387.87289533	0
1788382202	XAUUSD	M5	4389.25						4389.27900612	4388.57595073	0
1788382502	XAUUSD	M5	4388.10						4389.89804950	4389.23700011	0
1788386402	XAUUSD	M5	4391.22				4393.07000		4390.32203032	4389.77951522	0
1788386702	XAUUSD	M5	4390.48						4390.42283155	4390.10117338	0
1788387002	XAUUSD	M5	4390.03						4390.20244801	4390.15181070	0
1788387302	XAUUSD	M5	4388.56						4389.72246800	4389.93713935	1
1788387602	XAUUSD	M5	4389.54						4389.08473420	4389.51093677	0
1788387902	XAUUSD	M5	4389.90						4388.34183152	4388.92638415	0
1788388202	XAUUSD	M5	4388.23						4387.55667951	4388.24153183	0
1788388502	XAUUSD	M5	4387.61						4386.83345760	4387.53749472	0
1788388802	XAUUSD	M5	4384.96						4386.20900230	4386.87324851	0
1788389102	XAUUSD	M5	4384.07						4385.75130641	4386.31227746	0
1788389402	XAUUSD	M5	4384.67						4385.45009309	4385.88118528	0
1788389702	XAUUSD	M5	4384.53						4385.22178705	4385.55148616	0
1788390002	XAUUSD	M5	4386.57						4384.97610475	4385.26379546	0
1788390302	XAUUSD	M5	4386.84						4384.58903753	4384.92641650	0
1788390602	XAUUSD	M5	4384.04						4384.06127746	4384.49384698	0
1788390902	XAUUSD	M5	4382.46						4383.53539115	4384.01461906	0
1788391202	XAUUSD	M5	4383.04						4383.14666443	4383.58064175	0
1788391502	XAUUSD	M5	4382.18						4382.98855755	4383.28459965	0
1788391802	XAUUSD	M5	4382.99						4383.15434692	4383.21947328	0
1788392102	XAUUSD	M5	4383.47					4381.15000	4383.65797310	4383.43872319	1
1788392402	XAUUSD	M5	4385.28						4384.46430692	4383.95151506	0
1788392702	XAUUSD	M5	4386.86						4385.43964806	4384.69558156	0
1788393002	XAUUSD	M5	4384.75						4386.41385936	4385.55472046	0
1788393302	XAUUSD	M5	4385.66						4387.28950335	4386.42211191	0
1788393602	XAUUSD	M5	4389.33						4387.90537846	4387.16374518	0
1788393902	XAUUSD	M5	4387.18						4388.08621485	4387.62498002	0
1788394202	XAUUSD	M5	4390.26						4387.90732160	4387.76615081	0
1788394502	XAUUSD	M5	4387.06						4387.42049584	4387.59332332	1
1788394802	XAUUSD	M5	4387.81						4386.90082868	4387.24707600	0
1788395102	XAUUSD	M5	4387.20						4386.55638989	4386.90173295	0
1788395402	XAUUSD	M5	4382.69						4386.61336302	4386.75754798	0
1788395702	XAUUSD	M5	4388.98						4387.31413271	4387.03584034	1
1788396002	XAUUSD	M5	4387.77						4388.54584876	4387.79084455	0
1788396302	XAUUSD	M5	4389.99						4390.28326975	4389.03705715	0
1788396602	XAUUSD	M5	4391.61						4392.35263245	4390.69484480	0
1788396902	XAUUSD	M5	4395.64						4394.54546660	4392.62015570	0
1788397202	XAUUSD	M5	4395.61						4396.59390971	4394.60703271	0
1788397502	XAUUSD	M5	4402.61						4398.39128099	4396.49915685	0
1788397802	XAUUSD	M5	4401.52						4399.74848240	4398.12381963	0
1788398102	XAUUSD	M5	4398.47						4400.78501758	4399.45441860	0
1788398402	XAUUSD	M5	4396.06						4401.72148367	4400.58795114	0
1788398702	XAUUSD	M5	4401.80						4402.75366071	4401.67080593	0
1788399002	XAUUSD	M5	4409.07						4403.83596217	4402.75338405	0
1788399302	XAUUSD	M5	4408.00						4404.84529237	4403.79933821	0
1788399602	XAUUSD	M5	4400.86						4405.82632559	4404.81283190	0
1788399902	XAUUSD	M5	4407.53						4406.96701359	4405.88992274	0
1788400202	XAUUSD	M5	4407.53						4408.06360883	4406.97676579	0
1788400502	XAUUSD	M5	4410.27						4409.05315634	4408.01496106	0
1788400802	XAUUSD	M5	4410.79						4409.82436731	4408.91966419	0
1788401102	XAUUSD	M5	4410.14						4410.36874169	4409.64420294	0
1788401402	XAUUSD	M5	4411.14						4410.76381082	4410.20400688	0
1788401702	XAUUSD	M5	4410.22						4411.09369868	4410.64885278	0
1788402002	XAUUSD	M5	4409.62						4411.51862149	4411.08373714	0
1788402302	XAUUSD	M5	4411.58						4412.18572358	4411.63473036	0
1788402602	XAUUSD	M5	4415.52						4413.13420823	4412.38446929	0
1788402902	XAUUSD	M5	4416.27						4414.31595876	4413.35021402	0
1788403202	XAUUSD	M5	4413.50						4415.75464600	4414.55243001	0
1788403502	XAUUSD	M5	4417.18						4417.51223479	4416.03233240	0
1788403802	XAUUSD	M5	4419.80						4419.45982502	4417.74607871	0
1788404102	XAUUSD	M5	4420.37						4421.45970101	4419.60288986	0
1788404402	XAUUSD	M5	4424.33						4423.41682930	4421.50985958	0
1788404702	XAUUSD	M5	4425.11						4425.15959187	4423.33472572	0
1788405002	XAUUSD	M5	4428.80						4426.62134312	4424.97803442	0
1788405302	XAUUSD	M5	4426.50						4427.70289897	4426.34046670	0
1788405602	XAUUSD	M5	4426.30						4428.48785184	4427.41415927	0
1788405902	XAUUSD	M5	4429.39						4429.03337787	4428.22376857	0
1788406202	XAUUSD	M5	4431.72						4429.31464601	4428.76920729	0
1788406502	XAUUSD	M5	4430.52						4429.34065887	4429.05493308	0
1788406802	XAUUSD	M5	4426.62						4429.21457249	4429.13475278	0
1788407102	XAUUSD	M5	4427.16						4429.14415867	4429.13945573	0
1788407402	XAUUSD	M5	4430.49						4429.21661767	4429.17803670	0
1788407702	XAUUSD	M5	4431.47						4429.43866657	4429.30835164	0
1788408002	XAUUSD	M5	4427.20						4429.83210578	4429.57022871	0
1788408302	XAUUSD	M5	4433.56						4430.54132410	4430.05577640	0
1788408602	XAUUSD	M5	4431.20						4431.44594355	4430.75085997	0
1788408902	XAUUSD	M5	4430.87						4432.62666355	4431.68876176	0
1788409202	XAUUSD	M5	4433.66						4434.04597286	4432.86736731	0
1788409502	XAUUSD	M5	4436.50						4435.53912831	4434.20324781	0
1788409802	XAUUSD	M5	4437.10						4436.87539083	4435.53931932	0
1788410102	XAUUSD	M5	4438.32						4437.83453045	4436.68692489	0
1788410402	XAUUSD	M5	4437.99						4438.23176906	4437.45934697	0
1788410702	XAUUSD	M5	4436.31						4437.96385184	4437.71159941	0
1788411002	XAUUSD	M5	4435.53						4437.03423540	4437.37291740	1
1788411302	XAUUSD	M5	4437.42						4435.51825212	4436.44558476	0
1788411602	XAUUSD	M5	4436.35				4440.30000		4433.53440298	4434.98999387	0
1788411902	XAUUSD	M5	4430.76						4431.35759001	4433.17379194	0
1788412202	XAUUSD	M5	4429.66						4429.43121505	4431.30250349	0
1788412502	XAUUSD	M5	4428.23						4428.07134530	4429.68692440	0
1788412802	XAUUSD	M5	4425.98						4427.49281749	4428.58987094	0
1788413102	XAUUSD	M5	4425.09						4427.77723131	4428.18355112	0
1788413402	XAUUSD	M5	4430.71						4428.81907569	4428.50131341	1
1788413702	XAUUSD	M5	4428.35						4430.18687935	4429.34409638	0
1788414002	XAUUSD	M5	4432.27						4431.60093367	4430.47251502	0
1788414302	XAUUSD	M5	4435.30						4432.62240036	4431.54745769	0
1788414602	XAUUSD	M5	4433.42						4432.90678004	4432.22711887	0
1788414902	XAUUSD	M5	4431.08						4432.37916880	4432.30314384	0
1788415202	XAUUSD	M5	4430.50						4431.11778712	4431.71046548	1
1788415502	XAUUSD	M5	4431.35						4429.29522398	4430.50284473	0
1788415802	XAUUSD	M5	4427.04						4427.16031832	4428.83158152	0
1788416102	XAUUSD	M5	4425.90						4425.12232959	4426.97695555	0
1788416402	XAUUSD	M5	4419.10						4423.45905835	4425.21800695	0
1788416702	XAUUSD	M5	4421.66					4418.82000	4422.50166411	4423.85983553	0
1788417002	XAUUSD	M5	4423.16						4422.21437693	4423.03710623	0
1788417302	XAUUSD	M5	4422.93						4422.47556379	4422.75633501	0
1788417602	XAUUSD	M5	4425.63						4423.11393216	4422.93513359	1
1788417902	XAUUSD	M5	4426.25						4423.88687151	4423.41100255	0
1788418202	XAUUSD	M5	4422.93						4424.62698558	4424.01899407	0
1788418502	XAUUSD	M5	4420.58						4425.30047780	4424.65973593	0
1788418802	XAUUSD	M5	4431.35						4425.88728411	4425.27351002	0
1788419102	XAUUSD	M5	4425.12						4426.09921003	4425.68636002	0
1788419402	XAUUSD	M5	4421.98						4426.14963731	4425.91799867	0
1788419702	XAUUSD	M5	4425.33						4426.21058646	4426.06429256	0
1788420002	XAUUSD	M5	4429.69						4426.29010645	4426.17719951	0
1788420302	XAUUSD	M5	4426.49						4426.36440290	4426.27080120	0
1788420602	XAUUSD	M5	4427.92						4426.58586366	4426.42833243	0
1788420902	XAUUSD	M5	4427.72						4426.99247653	4426.71040448	0
1788421202	XAUUSD	M5	4426.83						4427.65962383	4427.18501415	0
1788421502	XAUUSD	M5	4426.37						4428.64409154	4427.91455285	0
1788421802	XAUUSD	M5	4430.64						4429.95208422	4428.93331853	0
1788422102	XAUUSD	M5	4428.83						4431.42454433	4430.17893143	0
1788422402	XAUUSD	M5	4436.95						4433.00657075	4431.59275109	0
1788422702	XAUUSD	M5	4435.28				4443.70000		4434.37267868	4432.98271489	0
1788423002	XAUUSD	M5	4431.23	4516.76097	4531.27197	4492.21491			4435.47945042	4434.23108265	0
1788423302	XAUUSD	M5	4437.92	4516.54283	4531.05384	4491.99677			4436.37349792	4435.30229029	0
1788423602	XAUUSD	M5	4437.35	4516.32469	4530.83570	4491.77863			4436.87417042	4436.08823035	0
1788423902	XAUUSD	M5	4438.33	4516.10656	4530.61756	4491.56049			4437.02981083	4436.55902059	0
1788424202	XAUUSD	M5	4438.89	4515.88842	4530.39942	4491.34236			4436.90696424	4436.73299242	0
1788424502	XAUUSD	M5	4434.21	4515.67028	4530.18128	4491.12422			4436.61458206	4436.67378724	1
1788424802	XAUUSD	M5	4434.13	4515.45214	4529.96314	4490.90608			4436.38290703	4436.52834713	0
1788425102	XAUUSD	M5	4438.33	4515.23400	4529.74501	4490.68794			4436.30791754	4436.41813234	0
1788425402	XAUUSD	M5	4435.44	4515.01586	4529.52687	4490.46980			4436.31934004	4436.36873619	0
1788425702	XAUUSD	M5	4434.98	4514.79773	4529.30873	4490.25167			4436.48805721	4436.42839670	1
1788426002	XAUUSD	M5	4437.26	4514.57959	4529.09059	4490.03353			4436.74188785	4436.58514227	0
1788426302	XAUUSD	M5	4440.02	4514.36145	4528.87245	4489.81539			4436.91179644	4436.74846936	0
1788426602	XAUUSD	M5	4438.25	4514.14331	4528.65432	4489.59725			4436.81952245	4436.78399590	0
1788426902	XAUUSD	M5	4434.66	4513.92517	4528.43618	4489.37911			4436.43071372	4436.60735481	1
1788427202	XAUUSD	M5	4432.62	4513.70704	4528.21804	4489.16098			4435.80709366	4436.20722424	0
1788427502	XAUUSD	M5	4435.29	4513.48890	4527.99990	4488.94284			4435.00105003	4435.60413713	0
1788427802	XAUUSD	M5	4437.07	4513.27076	4527.78176	4488.72470			4433.95415180	4434.77914446	0
1788428102	XAUUSD	M5	4432.69	4513.05262	4527.56363	4488.50656			4432.62394184	4433.70154315	0
1788428402	XAUUSD	M5	4430.03	4512.83448	4527.34549	4488.28842			4431.17971565	4432.44062940	0
1788428702	XAUUSD	M5	4429.05	4512.61635	4527.12735	4488.07028			4429.74931868	4431.09497404	0
1788429002	XAUUSD	M5	4427.24	4512.39821	4526.90921	4487.85215			4428.37382483	4429.73439944	0
1788429302	XAUUSD	M5	4427.52	4512.18007	4526.69107	4487.63401			4427.07228616	4428.40334280	0
1788429602	XAUUSD	M5	4427.32	4511.96193	4526.47294	4487.41587			4425.82799278	4427.11566779	0
1788429902	XAUUSD	M5	4425.22	4511.74379	4526.25480	4487.19773			4424.61441480	4425.86504129	0
1788430202	XAUUSD	M5	4424.45	4511.52566	4526.03666	4486.97959			4423.52199171	4424.69351650	0
1788430502	XAUUSD	M5	4422.08	4511.30752	4525.81852	4486.76146			4422.67584671	4423.68468161	0
1788430802	XAUUSD	M5	4419.83	4511.08938	4525.60038	4486.54332		4419.20000	4422.21373761	4422.94920961	0
1788431102	XAUUSD	M5	4422.51	4510.87124	4525.38224	4486.32518			4422.23578777	4422.59249869	0
1788431402	XAUUSD	M5	4422.62	4510.65310	4525.16411	4486.10704			4422.69252280	4422.64251074	1
1788431702	XAUUSD	M5	4424.44	4510.43496	4524.94597	4485.88890			4423.53423193	4423.08837134	0
1788432002	XAUUSD	M5	4425.63	4510.21683	4524.72783	4485.67077			4424.63330435	4423.86083784	0
1788432302	XAUUSD	M5	4424.57	4509.99869	4524.50969	4485.45263			4425.85504450	4424.85794117	0
1788432602	XAUUSD	M5	4427.78	4509.78055	4524.29155	4485.23449			4427.10302304	4425.98048211	0
1788432902	XAUUSD	M5	4427.51	4509.56241	4524.07342	4485.01635			4428.19521314	4427.08784762	0
1788433202	XAUUSD	M5	4426.31	4509.34427	4523.85528	4484.79821			4429.11446197	4428.10115479	0
1788433502	XAUUSD	M5	4430.89	4509.12614	4523.63714	4484.58008			4429.94409214	4429.02262347	0
1788433802	XAUUSD	M5	4432.72	4508.90800	4523.41900	4484.36194			4430.70377679	4429.86320013	0
1788434102	XAUUSD	M5	4434.27	4508.68986	4523.20086	4484.14380			4431.52358827	4430.69339420	0
1788434402	XAUUSD	M5	4431.32	4508.47172	4522.98273	4483.92566			4432.53661347	4431.61500383	0
1788434702	XAUUSD	M5	4434.33	4508.25358	4522.76459	4483.70752			4433.90862799	4432.76181591	0
1788435002	XAUUSD	M5	4434.32	4508.03545	4522.54645	4483.48938			4435.55072999	4434.15627295	0
1788435302	XAUUSD	M5	4435.76	4507.81731	4522.32831	4483.27125			4437.37158945	4435.76393120	0
1788435602	XAUUSD	M5	4438.77	4507.59917	4522.11017	4483.05311			4439.17172372	4437.46782746	0
1788435902	XAUUSD	M5	4439.16	4507.38103	4521.89204	4482.83497			4440.70829459	4439.08806102	0
1788436202	XAUUSD	M5	4440.08	4507.16289	4521.67390	4482.61683			4441.86674739	4440.47740421	0
1788436502	XAUUSD	M5	4444.13	4506.94476	4521.45576	4482.39869			4442.65661503	4441.56700962	0
1788436802	XAUUSD	M5	4448.37	4506.72662	4521.23762	4482.18056			4443.15467726	4442.36084344	0
1788437102	XAUUSD	M5	4448.70	4506.50848	4521.01948	4481.96242			4443.61313365	4442.98698855	0
1788437402	XAUUSD	M5	4443.86	4506.29034	4520.80134	4481.74428			4444.50283637	4443.74491246	0
1788437702	XAUUSD	M5	4441.28	4506.07220	4520.58321	4481.52614			4446.43370007	4445.08930626	0
1788438002	XAUUSD	M5	4446.75	4505.85406	4520.36507	4481.30800			4449.84990182	4447.46960404	0
1788438302	XAUUSD	M5	4446.55	4505.63593	4520.14693	4481.08987			4454.77036439	4451.11998422	0
1788438602	XAUUSD	M5	4466.99	4505.41779	4519.92879	4480.87173			4461.08055765	4456.10027093	0
1788438902	XAUUSD	M5	4475.91	4505.19965	4519.71065	4480.65359			4467.91700218	4462.00863656	0
1788439202	XAUUSD	M5	4468.01	4504.98151	4519.49252	4480.43545			4474.61778547	4468.31321101	0
1788439502	XAUUSD	M5	4480.01	4504.76337	4519.27438	4480.21731			4480.90772432	4474.61046767	0
1788439802	XAUUSD	M5	4491.47	4504.54524	4519.05624	4479.99917			4486.04346040	4480.32696403	0
1788440102	XAUUSD	M5	4493.36	4504.32710	4518.83810	4479.78104			4489.42660032	4484.87678218	0
1788440402	XAUUSD	M5	4489.84	4504.10896	4518.61996	4479.56290	4495.87000		4490.85835787	4487.86757003	0
1788440702	XAUUSD	M5	4487.99	4503.89082	4518.40183	4479.34476			4490.49431414	4489.18094208	0
1788441002	XAUUSD	M5	4485.60	4503.67268	4518.18369	4479.12662			4488.60868089	4488.89481148	1
1788441302	XAUUSD	M5	4479.75	4503.45455	4517.96555	4478.90848			4485.58297260	4487.23889204	0
1788441602	XAUUSD	M5	4483.56	4503.23641	4517.74741	4478.69035			4481.93980320	4484.58934762	0
1788441902	XAUUSD	M5	4479.96	4503.01827	4517.52927	4478.47221			4477.93556369	4481.26245565	0
1788442202	XAUUSD	M5	4477.54	4502.80013	4517.31113	4478.25407			4474.00471264	4477.63358415	0
1788442502	XAUUSD	M5	4475.61	4502.58199	4517.09300	4478.03593			4470.53214784	4474.08286599	0
1788442802	XAUUSD	M5	4470.14	4502.36385	4516.87486	4477.81779			4467.81524773	4470.94905686	0
1788443102	XAUUSD	M5	4458.20	4502.14572	4516.65672	4477.59966			4466.15011215	4468.54958451	0
1788443402	XAUUSD	M5	4463.90	4501.92758	4516.43858	4477.38152			4465.84571076	4467.19764763	0
1788443702	XAUUSD	M5	4470.93	4501.70944	4516.22044	4477.16338			4466.58679017	4466.89221890	0
1788444002	XAUUSD	M5	4465.20	4501.49130	4516.00231	4476.94524			4467.86652816	4467.37937353	1
1788444302	XAUUSD	M5	4464.51	4501.27316	4515.78417	4476.72710			4469.45049589	4468.41493471	0
1788444602	XAUUSD	M5	4469.12	4501.05503	4515.56603	4476.50897			4470.98531210	4469.70012340	0
1788444902	XAUUSD	M5	4476.65	4500.83689	4515.34789	4476.29083			4472.08303335	4470.89157838	0
1788445202	XAUUSD	M5	4475.85	4500.61875	4515.12975	4476.07269			4472.46521686	4471.67839762	0
1788445502	XAUUSD	M5	4477.70	4500.40061	4514.91162	4475.85455			4472.31818516	4471.99829139	0
1788445802	XAUUSD	M5	4470.62	4500.18247	4514.69348	4475.63641			4471.99389227	4471.99609183	1
1788446102	XAUUSD	M5	4469.35	4499.96434	4514.47534	4475.41827			4472.21871074	4472.10740129	1
1788446402	XAUUSD	M5	4473.04	4499.74620	4514.25720	4475.20014			4473.58692858	4472.84716493	0
1788446702	XAUUSD	M5	4474.21	4499.52806	4514.03906	4474.98200			4476.41682953	4474.63199723	0
1788447002	XAUUSD	M5	4476.88	4499.30992	4513.82093	4474.76386			4480.81973183	4477.72586453	0
1788447302	XAUUSD	M5	4485.38	4499.09178	4513.60279	4474.54572			4486.51026345	4482.11806399	0
1788447602	XAUUSD	M5	4497.97	4498.87365	4513.38465	4474.32758			4492.76869126	4487.44337763	0
1788447902	XAUUSD	M5	4497.94	4498.65551	4513.16651	4474.10945			4498.56939833	4493.00638798	0
1788448202	XAUUSD	M5	4503.50	4498.43737	4512.94837	4473.89131			4503.22475044	4498.11556921	0
1788448502	XAUUSD	M5	4510.31	4498.21923	4512.73023	4473.67317			4506.10545907	4502.11051414	0
1788448802	XAUUSD	M5	4504.68	4498.00109	4512.51210	4473.45503	4510.78000		4506.79289927	4504.45170670	0
1788449102	XAUUSD	M5	4506.78	4497.78295	4512.29396	4473.23689			4505.52320502	4504.98745586	0
1788449402	XAUUSD	M5	4503.13	4497.56482	4512.07582	4473.01876			4502.67155537	4503.82950561	1
1788449702	XAUUSD	M5	4496.68	4497.34668	4511.85768	4472.80062			4498.97489169	4501.40219865	0
1788450002	XAUUSD	M5	4495.01	4497.12854	4511.63954	4472.58248			4495.30858927	4498.35539396	0
1788450302	XAUUSD	M5	4488.68	4496.91040	4511.42141	4472.36434			4492.32870428	4495.34204912	0
1788450602	XAUUSD	M5	4490.28	4496.69226	4511.20327	4472.14620			4490.56609092	4492.95407002	0
1788450902	XAUUSD	M5	4493.24	4496.47413	4510.98513	4471.92807			4490.04379963	4491.49893483	0
1788451202	XAUUSD	M5	4490.61	4496.25599	4510.76699	4471.70993			4490.48814926	4490.99354204	0
1788451502	XAUUSD	M5	4492.29	4496.03785	4510.54885	4471.49179			4491.56909261	4491.28131733	1
1788451802	XAUUSD	M5	4493.97	4495.81971	4510.33072	4471.27365			4492.76998160	4492.02564947	0
1788452102	XAUUSD	M5	4493.77	4495.60157	4510.11258	4471.05551			4493.63096230	4492.82830588	0
1788452402	XAUUSD	M5	4493.02	4495.38344	4509.89444	4470.83737			4493.88834099	4493.35832343	0
1788452702	XAUUSD	M5	4493.23	4495.16530	4509.67630	4470.61924			4493.43620569	4493.39726456	0
1788453002	XAUUSD	M5	4490.83	4494.94716	4509.45816	4470.40110			4492.31218068	4492.85472262	1
1788453302	XAUUSD	M5	4491.27	4494.72902	4509.24003	4470.18296			4490.78422595	4491.81947429	0
1788453602	XAUUSD	M5	4487.95	4494.51088	4509.02189	4469.96482			4489.11400941	4490.46674185	0
1788453902	XAUUSD	M5	4488.81	4494.29274	4508.80375	4469.74668			4487.65778438	4489.06226312	0
1788454202	XAUUSD	M5	4487.16	4494.07461	4508.58561	4469.52855			4486.59664353	4487.82945332	0
1788454502	XAUUSD	M5	4486.24	4493.85647	4508.36747	4469.31041			4486.10536792	4486.96741062	0
1788454802	XAUUSD	M5	4487.14	4493.63833	4508.14933	4469.09227			4486.22555077	4486.59648069	0
1788455102	XAUUSD	M5	4486.02	4493.42019	4507.93120	4468.87413			4486.88173824	4486.73910946	1
1788455402	XAUUSD	M5	4487.93	4493.20205	4507.71306	4468.65599			4487.96484026	4487.35197486	0
1788455702	XAUUSD	M5	4487.61	4492.98392	4507.49492	4468.43786			4489.23668061	4488.29432774	0
1788456002	XAUUSD	M5	4490.85	4492.76578	4507.27678	4468.21972			4490.51590387	4489.40511580	0
1788456302	XAUUSD	M5	4492.91	4492.54764	4507.05864	4468.00158			4491.55901505	4490.48206543	0
1788456602	XAUUSD	M5	4491.82	4492.32950	4506.84051	4467.78344			4492.19256016	4491.33731279	0
1788456902	XAUUSD	M5	4493.00	4492.11136	4506.62237	4467.56530			4492.37011151	4491.85371215	0
1788457202	XAUUSD	M5	4491.91	4491.89323	4506.40423	4467.34716			4492.06319233	4491.95845224	0
1788457502	XAUUSD	M5	4491.40	4491.67509	4506.18609	4467.12903			4491.34700040	4491.65272632	1
1788457802	XAUUSD	M5	4490.08	4491.45695	4505.96795	4466.91089			4490.31043628	4490.98158130	0
1788458102	XAUUSD	M5	4486.61	4491.23881	4505.74982	4466.69275			4489.09511265	4490.03834698	0
1788458402	XAUUSD	M5	4489.31	4491.02067	4505.53168	4466.47461			4487.86717721	4488.95276209	0
1788458702	XAUUSD	M5	4488.31	4490.80254	4505.31354	4466.25647			4486.61673432	4487.78474821	0
1788459002	XAUUSD	M5	4483.95	4490.58440	4505.09540	4466.03834			4485.40375649	4486.59425235	0
1788459302	XAUUSD	M5	4486.34	4490.36626	4504.87726	4465.82020			4484.32879662	4485.46152448	0
1788459602	XAUUSD	M5	4483.65	4490.14812	4504.65912	4465.60206			4483.30099183	4484.38125816	0
1788459902	XAUUSD	M5	4479.87	4489.92998	4504.44099	4465.38392			4482.32181161	4483.35153488	0
1788460202	XAUUSD	M5	4479.33	4489.71184	4504.22285	4465.16578			4481.40817123	4482.37985306	0
1788460502	XAUUSD	M5	4482.51	4489.49371	4504.00471	4464.94765			4480.49722793	4481.43854049	0
1788460802	XAUUSD	M5	4481.49	4489.27557	4503.78657	4464.72951			4479.45219795	4480.44536922	0
1788461102	XAUUSD	M5	4478.70	4489.05743	4503.56843	4464.51137			4478.27965612	4479.36251267	0
1788461402	XAUUSD	M5	4475.42	4488.83929	4503.35030	4464.29323			4477.09527054	4478.22889161	0
1788461702	XAUUSD	M5	4475.21	4488.62115	4503.13216	4464.07509			4476.06127643	4477.14508402	0
1788462002	XAUUSD	M5	4474.57	4488.40302	4502.91402	4463.85696			4475.26022202	4476.20265302	0
1788462302	XAUUSD	M5	4476.18	4488.18488	4502.69588	4463.63882			4474.76956676	4475.48610989	0
1788462602	XAUUSD	M5	4474.42	4487.96674	4502.47774	4463.42068			4474.57221481	4475.02916235	0
1788462902	XAUUSD	M5	4476.22	4487.74860	4502.25961	4463.20254			4474.69873089	4474.86394662	0
1788463202	XAUUSD	M5	4474.19	4487.53046	4502.04147	4462.98440			4475.04164956	4474.95279809	1
1788463502	XAUUSD	M5	4475.85	4487.31233	4501.82333	4462.76626			4475.56007603	4475.25643706	0
1788463802	XAUUSD	M5	4474.20	4487.09419	4501.60519	4462.54813			4476.09582172	4475.67612939	0
1788464102	XAUUSD	M5	4475.23	4486.87605	4501.38705	4462.32999			4476.55699791	4476.11656365	0
1788464402	XAUUSD	M5	4477.53	4486.65791	4501.16892	4462.11185			4476.80287896	4476.45972131	0
1788464702	XAUUSD	M5	4479.37	4486.43977	4500.95078	4461.89371			4476.68913911	4476.57443021	0
1788465002	XAUUSD	M5	4477.75	4486.22164	4500.73264	4461.67557			4476.14424112	4476.35933567	1
1788465302	XAUUSD	M5	4474.49	4486.00350	4500.51450	4461.45744			4475.24515962	4475.80224764	0
1788465602	XAUUSD	M5	4471.87	4485.78536	4500.29636	4461.23930			4474.16052368	4474.98138566	0
1788465902	XAUUSD	M5	4473.04	4485.56722	4500.07822	4461.02116			4473.07549415	4474.02843991	0
1788466202	XAUUSD	M5	4471.85	4485.34908	4499.86009	4460.80302			4472.07407932	4473.05125962	0
1788466502	XAUUSD	M5	4470.96	4485.13094	4499.64195	4460.58488		4470.42000	4471.29730063	4472.17428012	0
1788466802	XAUUSD	M5	4470.82	4484.91281	4499.42381	4460.36675			4470.85327667	4471.51377840	0
1788467102	XAUUSD	M5	4471.65	4484.69467	4499.20567	4460.14861			4470.78221732	4471.14799786	0
1788467402	XAUUSD	M5	4472.18	4484.47653	4498.98753	4459.93047			4471.05731031	4471.10265408	0
1788467702	XAUUSD	M5	4471.60	4484.25839	4498.76940	4459.71233			4471.61269165	4471.35767287	1
1788468002	XAUUSD	M5	4472.41	4484.04025	4498.55126	4459.49419			4472.39085102	4471.87426194	0
1788468302	XAUUSD	M5	4472.84	4483.82212	4498.33312	4459.27606			4473.28384745	4472.57905470	0
1788468602	XAUUSD	M5	4473.54	4483.60398	4498.11498	4459.05792			4474.18257787	4473.38081628	0
1788468902	XAUUSD	M5	4473.19	4483.38584	4497.89684	4458.83978			4474.97820533	4474.17951081	0
1788472802	XAUUSD	M5	4476.43	4483.16770	4497.67871	4458.62164			4475.61575936	4474.89763509	0
1788473102	XAUUSD	M5	4475.60	4482.94956	4497.46057	4458.40350			4475.95852349	4475.42807929	0
1788473402	XAUUSD	M5	4478.06	4482.73143	4497.24243	4458.18536			4476.02234061	4475.72520995	0
1788473702	XAUUSD	M5	4476.57	4482.51329	4497.02429	4457.96723			4475.78221010	4475.75371002	0
1788474002	XAUUSD	M5	4474.85	4482.29515	4496.80615	4457.74909			4475.37465636	4475.56418319	1
1788474302	XAUUSD	M5	4475.10	4482.07701	4496.58802	4457.53095			4474.95965455	4475.26191887	0
1788474602	XAUUSD	M5	4474.72	4481.85887	4496.36988	4457.31281			4474.62099117	4474.94145502	0
1788474902	XAUUSD	M5	4472.91	4481.64073	4496.15174	4457.09467			4474.44237866	4474.69191684	0
1788475202	XAUUSD	M5	4473.85	4481.42260	4495.93360	4456.87654			4474.46737405	4474.57964544	0
1788475502	XAUUSD	M5	4474.76	4481.20446	4495.71546	4456.65840			4474.62674264	4474.60319404	1
1788475802	XAUUSD	M5	4474.78	4480.98632	4495.49732	4456.44026			4474.80046319	4474.70182862	0
1788476102	XAUUSD	M5	4474.53	4480.76818	4495.27919	4456.22212			4474.89916894	4474.80049878	0
1788476402	XAUUSD	M5	4476.58	4480.55004	4495.06105	4456.00398			4474.86927366	4474.83488622	0
1788476702	XAUUSD	M5	4475.83	4480.33191	4494.84291	4455.78585			4474.65348377	4474.74418499	1
1788477002	XAUUSD	M5	4474.19	4480.11377	4494.62477	4455.56771			4474.32137741	4474.53278120	0
1788477302	XAUUSD	M5	4473.44	4479.89563	4494.40663	4455.34957			4474.02469554	4474.27873837	0
1788477602	XAUUSD	M5	4472.32	4479.67749	4494.18850	4455.13143			4473.92674094	4474.10273965	0
1788477902	XAUUSD	M5	4473.86	4479.45935	4493.97036	4454.91329			4474.16522031	4474.13397998	1
1788478202	XAUUSD	M5	4474.82	4479.24122	4493.75222	4454.69515			4474.75324168	4474.44361083	0
1788478502	XAUUSD	M5	4477.85	4479.02308	4493.53408	4454.47702			4475.64573253	4475.04467168	0
1788478802	XAUUSD	M5	4477.33	4478.80494	4493.31594	4454.25888			4476.67337954	4475.85902561	0
1788479102	XAUUSD	M5	4475.00	4478.58680	4493.09781	4454.04074			4477.70798423	4476.78350492	0
1788479402	XAUUSD	M5	4477.08	4478.36866	4492.87967	4453.82260			4478.64957558	4477.71654025	0
1788479702	XAUUSD	M5	4480.02	4478.15053	4492.66153	4453.60446			4479.30564742	4478.51109384	0
1788480002	XAUUSD	M5	4481.03	4477.93239	4492.44339	4453.38633			4479.52442843	4479.01776113	0
1788480302	XAUUSD	M5	4480.02	4477.71425	4492.22525	4453.16819			4479.30361474	4479.16068794	0
1788480602	XAUUSD	M5	4480.86	4477.49611	4492.00711	4452.95005			4478.78496266	4478.97282530	1
1788480902	XAUUSD	M5	4477.11	4477.27797	4491.78898	4452.73191			4478.16239100	4478.56760815	0
1788481202	XAUUSD	M5	4477.96	4477.05983	4491.57084	4452.51377			4477.75083986	4478.15922400	0
1788481502	XAUUSD	M5	4474.62	4476.84170	4491.35270	4452.29564			4477.71142009	4477.93532205	0
1788481802	XAUUSD	M5	4479.42	4476.62356	4491.13456	4452.07750			4478.21998358	4478.07765281	1
1788482102	XAUUSD	M5	4476.25	4476.40542	4490.91642	4451.85936			4479.10119482	4478.58942382	0
1788482402	XAUUSD	M5	4482.24	4476.18728	4490.69829	4451.64122			4480.26257383	4479.42599882	0
1788482702	XAUUSD	M5	4481.35	4475.96914	4490.48015	4451.42308			4481.27284286	4480.34942084	0
1788483002	XAUUSD	M5	4482.02	4475.75101	4490.26201	4451.20495			4481.86385746	4481.10663915	0
1788483302	XAUUSD	M5	4486.54	4475.53287	4490.04387	4450.98681	4487.09000		4481.77997725	4481.44330820	0
1788483602	XAUUSD	M5	4478.35	4475.31473	4489.82573	4450.76867			4480.79188032	4481.11759426	1
1788483902	XAUUSD	M5	4477.91	4475.09659	4489.60760	4450.55053			4479.14814688	4480.13287057	0
1788484202	XAUUSD	M5	4474.91	4474.87845	4489.38946	4450.33239			4477.05842923	4478.59564990	0
1788484502	XAUUSD	M5	4475.78	4474.66032	4489.17132	4450.11425			4474.89150728	4476.74357859	0
1788484802	XAUUSD	M5	4474.87	4474.44218	4488.95318	4449.89612			4472.94319283	4474.84338571	0
1788485102	XAUUSD	M5	4470.87	4474.22404	4488.73504	4449.67798			4471.52509662	4473.18424117	0
1788485402	XAUUSD	M5	4469.79	4474.00590	4488.51691	4449.45984			4470.93564913	4472.05994515	0
1788485702	XAUUSD	M5	4473.38	4473.78776	4488.29877	4449.24170			4471.24273766	4471.65134141	0
1788486002	XAUUSD	M5	4473.98	4473.56963	4488.08063	4449.02356			4472.25502389	4471.95318265	1
1788486302	XAUUSD	M5	4468.94	4473.35149	4487.86249	4448.80543		4467.19000	4473.73439814	4472.84379039	0
1788486602	XAUUSD	M5	4473.61	4473.13335	4487.64435	4448.58729			4475.51291018	4474.17835028	0
1788486902	XAUUSD	M5	4478.86	4472.91521	4487.42621	4448.36915			4477.15999660	4475.66917344	0
1788487202	XAUUSD	M5	4480.79	4472.69707	4487.20808	4448.15101			4478.27993647	4476.97455496	0
1788487502	XAUUSD	M5	4478.69	4472.47893	4486.98994	4447.93287			4478.68664761	4477.83060128	0
1788487802	XAUUSD	M5	4479.32	4472.26080	4486.77180	4447.71474			4478.43878643	4478.13469386	0
1788488102	XAUUSD	M5	4478.49	4472.04266	4486.55366	4447.49660			4477.66583974	4477.90026680	1
1788488402	XAUUSD	M5	4477.02	4471.82452	4486.33552	4447.27846			4476.61807560	4477.25917120	0
1788488702	XAUUSD	M5	4473.95	4471.60638	4486.11739	4447.06032			4475.56931459	4476.41424289	0
1788489002	XAUUSD	M5	4471.03	4471.38824	4485.89925	4446.84218			4474.78943955	4475.60184122	0
1788489302	XAUUSD	M5	4476.51	4471.17011	4485.68111	4446.62405			4474.45936289	4475.03060206	0
1788489602	XAUUSD	M5	4470.92	4470.95197	4485.46297	4446.40591			4474.43761559	4474.73410882	0
1788489902	XAUUSD	M5	4475.99	4470.73383	4485.24483	4446.18777			4474.76249663	4474.74830273	1
1788490202	XAUUSD	M5	4479.46	4470.51569	4485.02670	4445.96963			4475.15103862	4474.94967067	0
1788490502	XAUUSD	M5	4477.37	4470.29755	4484.80856	4445.75149			4475.36691582	4475.15829325	0
1788490802	XAUUSD	M5	4476.19	4470.07942	4484.59042	4445.53335			4475.36994851	4475.26412088	0
1788491102	XAUUSD	M5	4471.81	4469.86128	4484.37228	4445.31522			4475.12844410	4475.19628249	1
1788491402	XAUUSD	M5	4473.44	4469.64314	4484.15414	4445.09708			4474.76420414	4474.98024331	0
1788491702	XAUUSD	M5	4472.93	4469.42500	4483.93601	4444.87894			4474.26750239	4474.62387285	0
1788492002	XAUUSD	M5	4473.79	4469.20686	4483.71787	4444.66080			4473.68299142	4474.15343214	0
1788492302	XAUUSD	M5	4472.49	4468.98872	4483.49973	4444.44266			4473.00843396	4473.58093305	0
1788492602	XAUUSD	M5	4474.79	4468.77059	4483.28159	4444.22453			4472.26032368	4472.92062837	0
1788492902	XAUUSD	M5	4472.89	4468.55245	4483.06345	4444.00639			4471.39752583	4472.15907710	0
1788493202	XAUUSD	M5	4469.21	4468.33431	4482.84531	4443.78825			4470.48316238	4471.32111974	0
1788493502	XAUUSD	M5	4469.30	4468.11617	4482.62718	4443.57011			4469.64946806	4470.48529390	0
1788493802	XAUUSD	M5	4469.54	4467.89803	4482.40904	4443.35197			4468.94171878	4469.71350634	0
1788494102	XAUUSD	M5	4467.04	4467.67990	4482.19090	4443.13384			4468.42041433	4469.06696033	0
1788494402	XAUUSD	M5	4468.95	4467.46176	4481.97276	4442.91570		4465.51000	4468.22392279	4468.64544156	0
1788494702	XAUUSD	M5	4468.10	4467.24362	4481.75462	4442.69756			4468.36822692	4468.50683424	0
1788495002	XAUUSD	M5	4469.34	4467.02548	4481.53649	4442.47942			4468.88263694	4468.69473559	1
1788495302	XAUUSD	M5	4469.61	4466.80734	4481.31835	4442.26128			4469.70317588	4469.19895574	0
1788495602	XAUUSD	M5	4470.17	4466.58921	4481.10021	4442.04314			4470.74725564	4469.97310569	0
1788495902	XAUUSD	M5	4471.69	4466.37107	4480.88207	4441.82501			4471.85684722	4470.91497645	0
1788496202	XAUUSD	M5	4472.24	4466.15293	4480.66393	4441.60687			4472.82974815	4471.87236230	0
1788496502	XAUUSD	M5	4474.39	4465.93479	4480.44580	4441.38873			4473.50722454	4472.68979342	0
1788496802	XAUUSD	M5	4474.18	4465.71665	4480.22766	4441.17059			4473.76125958	4473.22552650	0
1788497102	XAUUSD	M5	4473.08	4465.49852	4480.00952	4440.95245			4473.60130066	4473.41341358	0
1788497402	XAUUSD	M5	4474.35	4465.28038	4479.79138	4440.73432			4473.13206382	4473.27273870	1
1788497702	XAUUSD	M5	4473.75	4465.06224	4479.57324	4440.51618			4472.45144372	4472.86209121	0
1788498002	XAUUSD	M5	4470.86	4464.84410	4479.35510	4440.29804			4471.72578611	4472.29393866	0
1788498302	XAUUSD	M5	4469.15	4464.62596	4479.13697	4440.07990			4471.16913956	4471.73153911	0
1788498602	XAUUSD	M5	4469.31	4464.40782	4478.91883	4439.86176			4470.89894954	4471.31524433	0
1788498902	XAUUSD	M5	4473.85	4464.18969	4478.70069	4439.64363			4470.91580569	4471.11552501	0
1788499202	XAUUSD	M5	4471.01	4463.97155	4478.48255	4439.42549			4471.04815254	4471.08183877	0
1788499502	XAUUSD	M5	4467.58	4463.75341	4478.26441	4439.20735			4471.28740633	4471.18462255	1
1788499802	XAUUSD	M5	4473.23	4463.53527	4478.04628	4438.98921			4471.63003817	4471.40733036	0
1788500102	XAUUSD	M5	4476.48	4463.31713	4477.82814	4438.77107			4471.84016794	4471.62374915	0
1788500402	XAUUSD	M5	4471.00	4463.09900	4477.61000	4438.55294	4477.61000		4471.78565882	4471.70470398	0
1788500702	XAUUSD	M5	4470.81	4462.88086	4477.39186	4438.33480			4471.58380377	4471.64425388	1
1788501002	XAUUSD	M5	4467.75	4462.66272	4477.17372	4438.11666			4471.25580684	4471.45003036	0
1788501302	XAUUSD	M5	4472.11	4462.44458	4476.95559	4437.89852			4470.90179055	4471.17591046	0
1788501602	XAUUSD	M5	4470.77	4462.22644	4476.73745	4437.68038			4470.42220279	4470.79905662	0
1788501902	XAUUSD	M5	4469.73	4462.00831	4476.51931	4437.46224			4469.84846514	4470.32376088	0
1788502202	XAUUSD	M5	4468.96	4461.79017	4476.30117	4437.24411			4469.20820393	4469.76598241	0
1788502502	XAUUSD	M5	4468.88	4461.57203	4476.08303	4437.02597			4468.51564967	4469.14081604	0
1788502802	XAUUSD	M5	4468.03	4461.35389	4475.86490	4436.80783			4467.75839963	4468.44960783	0
1788503102	XAUUSD	M5	4468.84	4461.13575	4475.64676	4436.58969			4466.93929479	4467.69445131	0
1788503402	XAUUSD	M5	4464.84	4460.91762	4475.42862	4436.37155			4466.04690379	4466.87067755	0
1788503702	XAUUSD	M5	4466.20	4460.69948	4475.21048	4436.15342			4465.20750138	4466.03908946	0
1788504002	XAUUSD	M5	4464.14	4460.48134	4474.99234	4435.93528			4464.44663613	4465.24286280	0
1788504302	XAUUSD	M5	4461.64	4460.26320	4474.77420	4435.71714			4463.89378773	4464.56832526	0
1788504602	XAUUSD	M5	4462.54	4460.04506	4474.55607	4435.49900			4463.69646778	4464.13239652	0
1788504902	XAUUSD	M5	4462.94	4459.82692	4474.33793	4435.28086		4460.05000	4463.90520233	4464.01879942	0
1788505202	XAUUSD	M5	4466.42	4459.60879	4474.11979	4435.06273			4464.55689813	4464.28784878	1
1788505502	XAUUSD	M5	4468.48	4459.39065	4473.90165	4434.84459			4465.60608618	4464.94696748	0
1788505802	XAUUSD	M5	4467.75	4459.17251	4473.68351	4434.62645			4467.03538456	4465.99117602	0
1788506102	XAUUSD	M5	4468.85	4458.95437	4473.46538	4434.40831			4468.89473977	4467.44295790	0
1788506402	XAUUSD	M5	4469.63	4458.73623	4473.24724	4434.19017			4471.15533273	4469.29914532	0
1788506702	XAUUSD	M5	4472.82	4458.51810	4473.02910	4433.97204			4473.74937322	4471.52425927	0
1788507002	XAUUSD	M5	4474.84	4458.29996	4472.81096	4433.75390			4476.49393431	4474.00909679	0
1788507302	XAUUSD	M5	4475.11	4458.08182	4472.59282	4433.53576			4479.18347372	4476.59628525	0
1788507602	XAUUSD	M5	4485.68	4457.86368	4472.37469	4433.31762			4481.63495077	4479.11561801	0
1788507902	XAUUSD	M5	4487.89	4457.64554	4472.15655	4433.09948	4490.71000		4483.41588775	4481.26575288	0
1788508202	XAUUSD	M5	4484.61	4457.42741	4471.93841	4432.88134			4484.37333222	4482.81954255	0
1788508502	XAUUSD	M5	4483.44	4457.20927	4471.72027	4432.66321			4484.60732290	4483.71343272	0
1788508802	XAUUSD	M5	4483.74	4456.99113	4471.50213	4432.44507			4484.24432932	4483.97888102	0
1788509102	XAUUSD	M5	4480.82	4456.77299	4471.28399	4432.22693			4483.42311019	4483.70099561	1
1788509402	XAUUSD	M5	4482.00	4456.55485	4471.06586	4432.00879			4482.40377159	4483.05238360	0
1788509702	XAUUSD	M5	4482.56	4456.33671	4470.84772	4431.79065			4481.35713103	4482.20475732	0
1788510002	XAUUSD	M5	4480.22	4456.11858	4470.62958	4431.57252			4480.41680687	4481.31078209	0
1788510302	XAUUSD	M5	4481.13	4455.90044	4470.41144	4431.35438			4479.72352174	4480.51715192	0
1788510602	XAUUSD	M5	4480.65	4455.68230	4470.19330	4431.13624			4479.23509237	4479.87612214	0
1788510902	XAUUSD	M5	4478.54	4455.46416	4469.97517	4430.91810			4478.87049397	4479.37330806	0
1788511202	XAUUSD	M5	4477.56	4455.24602	4469.75703	4430.69996			4478.53463994	4478.95397400	0
1788511502	XAUUSD	M5	4474.89	4455.02789	4469.53889	4430.48183			4478.07773337	4478.51585369	0
1788511802	XAUUSD	M5	4476.74	4454.80975	4469.32075	4430.26369			4477.40734484	4477.96159926	0
1788512102	XAUUSD	M5	4477.75	4454.59161	4469.10261	4430.04555			4476.35582320	4477.15871123	0
1788512402	XAUUSD	M5	4478.23	4454.37347	4468.88448	4429.82741			4474.86164729	4476.01017926	0
1788512702	XAUUSD	M5	4474.98	4454.15533	4468.66634	4429.60927			4472.97554049	4474.49285988	0
1788513002	XAUUSD	M5	4470.17	4453.93720	4468.44820	4429.39113			4470.91951456	4472.70618722	0
1788513302	XAUUSD	M5	4466.95	4453.71906	4468.23006	4429.17300			4469.01304277	4470.85961499	0
1788513602	XAUUSD	M5	4464.54	4453.50092	4468.01192	4428.95486			4467.52555719	4469.19258609	0
1788513902	XAUUSD	M5	4466.65	4453.28278	4467.79379	4428.73672		4463.88000	4466.62730470	4467.90994540	0
1788514202	XAUUSD	M5	4466.97	4453.06464	4467.57565	4428.51858			4466.28395726	4467.09695133	0
1788514502	XAUUSD	M5	4467.92	4452.84651	4467.35751	4428.30044			4466.40666205	4466.75180669	0
1788514802	XAUUSD	M5	4467.30	4452.62837	4467.13937	4428.08231			4466.84309293	4466.79744981	1
1788515102	XAUUSD	M5	4469.19	4452.41023	4466.92123	4427.86417			4467.47058786	4467.13401884	0
1788515402	XAUUSD	M5	4467.28	4452.19209	4466.70309	4427.64603			4468.10951797	4467.62176840	0
1788515702	XAUUSD	M5	4465.58	4451.97395	4466.48496	4427.42789			4468.73024150	4468.17600495	0
1788516002	XAUUSD	M5	4469.49	4451.75581	4466.26682	4427.20975			4469.34061476	4468.75830985	0
1788516302	XAUUSD	M5	4470.63	4451.53768	4466.04868	4426.99162			4469.97553935	4469.36692460	0
1788516602	XAUUSD	M5	4472.75	4451.31954	4465.83054	4426.77348			4470.59509510	4469.98100985	0
1788516902	XAUUSD	M5	4471.81	4451.10140	4465.61240	4426.55534			4471.10649129	4470.54375057	0
1788517202	XAUUSD	M5	4468.34	4450.88326	4465.39427	4426.33720			4471.52136744	4471.03255901	0
1788517502	XAUUSD	M5	4471.24	4450.66512	4465.17613	4426.11906			4471.94339846	4471.48797873	0
1788517802	XAUUSD	M5	4473.22	4450.44699	4464.95799	4425.90093			4472.36559927	4471.92678900	0
1788518102	XAUUSD	M5	4473.35	4450.22885	4464.73985	4425.68279			4472.78506033	4472.35592467	0
1788518402	XAUUSD	M5	4473.62	4450.01071	4464.52171	4425.46465			4473.18372151	4472.76982309	0
1788518702	XAUUSD	M5	4474.78	4449.79257	4464.30358	4425.24651	4476.42000		4473.49713256	4473.13347782	0
1788519002	XAUUSD	M5	4474.73	4449.57443	4464.08544	4425.02837			4473.61038121	4473.37192952	0
1788519302	XAUUSD	M5	4472.88	4449.35630	4463.86730	4424.81023			4473.42535280	4473.39864116	0
1788519602	XAUUSD	M5	4471.99	4449.13816	4463.64916	4424.59210			4472.88655745	4473.14259930	1
1788519902	XAUUSD	M5	4470.74	4448.92002	4463.43102	4424.37396			4471.95400523	4472.54830227	0
1788520202	XAUUSD	M5	4470.25	4448.70188	4463.21289	4424.15582			4470.66113298	4471.60471762	0
1788520502	XAUUSD	M5	4466.81	4448.48374	4462.99475	4423.93768			4469.05696798	4470.33084280	0
1788520802	XAUUSD	M5	4468.85	4448.26561	4462.77661	4423.71954			4467.38994322	4468.86039301	0
1788521102	XAUUSD	M5	4465.68	4448.04747	4462.55847	4423.50141			4465.88923764	4467.37481532	0
1788521402	XAUUSD	M5	4465.92	4447.82933	4462.34033	4423.28327			4464.97615829	4466.17548681	0
1788521702	XAUUSD	M5	4468.01	4447.61119	4462.12219	4423.06513			4464.91550365	4465.54549523	0
1788522002	XAUUSD	M5	4468.25	4447.39305	4461.90406	4422.84699			4465.78445910	4465.66497717	1
1788522302	XAUUSD	M5	4467.49	4447.17491	4461.68592	4422.62885			4467.47128626	4466.56813171	0
1788522602	XAUUSD	M5	4468.99	4446.95678	4461.46778	4422.41072			4469.64468476	4468.10640824	0
1788522902	XAUUSD	M5	4466.95	4446.73864	4461.24964	4422.19258			4471.65701439	4469.88171132	0
1788523202	XAUUSD	M5	4468.92	4446.52050	4461.03150	4421.97444			4472.75490918	4471.31831025	0
1788523502	XAUUSD	M5	4467.33	4446.30236	4460.81337	4421.75630			4471.99562597	4471.65696811	0
1788523802	XAUUSD	M5	4464.73	4446.08422	4460.59523	4421.53816			4468.65642637	4470.15669724	1
1788524102	XAUUSD	M5	4468.02	4445.86609	4460.37709	4421.32003			4462.28312851	4466.21991287	0
1788524402	XAUUSD	M5	4468.13	4445.64795	4460.15895	4421.10189			4452.67525665	4459.44758476	0
1788524702	XAUUSD	M5	4472.68	4445.42981	4459.94081	4420.88375	4476.24000		4440.24370464	4449.84564470	0
1788525002	XAUUSD	M5	4394.66	4445.21167	4459.72268	4420.66561			4425.76243068	4437.80403769	0
1788525302	XAUUSD	M5	4391.86	4444.99353	4459.50454	4420.44747			4412.38236937	4425.09320353	0
1788525602	XAUUSD	M5	4394.06	4444.77540	4459.28640	4420.22933			4401.26467652	4413.17894002	0
1788525902	XAUUSD	M5	4397.12	4444.55726	4459.06826	4420.01120			4393.08524554	4403.13209278	0
1788526202	XAUUSD	M5	4405.71	4444.33912	4458.85012	4419.79306			4388.09177532	4395.61193405	0
1788526502	XAUUSD	M5	4393.75	4444.12098	4458.63198	4419.57492			4386.03428117	4390.82310761	0
1788526802	XAUUSD	M5	4379.22	4443.90284	4458.41385	4419.35678		4365.49000	4386.85105449	4388.83708105	0
1788527102	XAUUSD	M5	4388.12	4443.68470	4458.19571	4419.13864			4390.26486914	4389.55097510	1
1788527402	XAUUSD	M5	4394.19	4443.46657	4457.97757	4418.92051			4395.23234911	4392.39166210	0
1788527702	XAUUSD	M5	4398.74	4443.24843	4457.75943	4418.70237			4400.74098726	4396.56632468	0
1788528002	XAUUSD	M5	4405.13	4443.03029	4457.54129	4418.48423			4405.97965914	4401.27299191	0
1788528302	XAUUSD	M5	4412.62	4442.81215	4457.32316	4418.26609			4410.37689222	4405.82494207	0
1788528602	XAUUSD	M5	4413.98	4442.59401	4457.10502	4418.04795			4413.65870682	4409.74182444	0
1788528902	XAUUSD	M5	4407.38	4442.37588	4456.88688	4417.82982			4415.98899056	4412.86540750	0
1788529202	XAUUSD	M5	4423.85	4442.15774	4456.66874	4417.61168			4417.91310660	4415.38925705	0
1788529502	XAUUSD	M5	4429.74	4441.93960	4456.45060	4417.39354			4419.40943848	4417.39934777	0
1788529802	XAUUSD	M5	4422.59	4441.72146	4456.23247	4417.17540			4420.69826225	4419.04880501	0
1788530102	XAUUSD	M5	4413.48	4441.50332	4456.01433	4416.95726			4422.24436184	4420.64658343	0
1788530402	XAUUSD	M5	4420.22	4441.28519	4455.79619	4416.73912			4424.39389213	4422.52023778	0
1788530702	XAUUSD	M5	4423.74	4441.06705	4455.57805	4416.52099			4426.85484367	4424.68754072	0
1788531002	XAUUSD	M5	4433.99	4440.84891	4455.35991	4416.30285			4429.23749884	4426.96251978	0
1788531302	XAUUSD	M5	4432.32	4440.63077	4455.14178	4416.08471			4430.93774767	4428.95013373	0
1788531602	XAUUSD	M5	4430.69	4440.41263	4454.92364	4415.86657			4431.75419523	4430.35216448	0
1788531902	XAUUSD	M5	4429.04	4440.19450	4454.70550	4415.64843			4431.67831741	4431.01524094	0
1788532202	XAUUSD	M5	4439.48	4439.97636	4454.48736	4415.43030			4430.91157911	4430.96341003	1
1788532502	XAUUSD	M5	4429.63	4439.75822	4454.26922	4415.21216			4429.53053182	4430.24697092	0
1788532802	XAUUSD	M5	4428.51	4439.54008	4454.05108	4414.99402			4428.23599854	4429.24148473	0
1788533102	XAUUSD	M5	4428.02	4439.32194	4453.83295	4414.77588			4427.50625136	4428.37386804	0
1788533402	XAUUSD	M5	4417.84	4439.10380	4453.61481	4414.55774			4427.67528162	4428.02457483	0
1788533702	XAUUSD	M5	4427.56	4438.88567	4453.39667	4414.33961			4429.15452037	4428.58954760	1
1788534002	XAUUSD	M5	4430.15	4438.66753	4453.17853	4414.12147			4431.60707405	4430.09831082	0
1788534302	XAUUSD	M5	4436.69	4438.44939	4452.96039	4413.90333			4434.81346858	4432.45588970	0
1788534602	XAUUSD	M5	4443.44	4438.23125	4452.74226	4413.68519			4438.16675134	4435.31132052	0
1788534902	XAUUSD	M5	4448.07	4438.01311	4452.52412	4413.46705			4441.00672081	4438.15902067	0
1788535202	XAUUSD	M5	4442.95	4437.79498	4452.30598	4413.24892	4448.95000		4442.82177757	4440.49039912	0
1788535502	XAUUSD	M5	4439.78	4437.57684	4452.08784	4413.03078			4443.55415539	4442.02227725	0
1788535802	XAUUSD	M5	4439.91	4437.35870	4451.86970	4412.81264			4443.36410978	4442.69319352	0
1788536102	XAUUSD	M5	4438.03	4437.14056	4451.65157	4412.59450			4442.50665365	4442.59992358	1
1788536402	XAUUSD	M5	4442.97	4436.92242	4451.43343	4412.37636			4441.31569789	4441.95781073	0
1788536702	XAUUSD	M5	4443.74	4436.70429	4451.21529	4412.15822			4439.97544542	4440.96662808	0
1788537002	XAUUSD	M5	4439.40	4436.48615	4450.99715	4411.94009			4438.73727525	4439.85195167	0
1788537302	XAUUSD	M5	4436.70	4436.26801	4450.77901	4411.72195			4437.87872684	4438.86533925	0
1788537602	XAUUSD	M5	4439.40	4436.04987	4450.56088	4411.50381			4437.51712245	4438.19123085	0
1788537902	XAUUSD	M5	4433.77	4435.83173	4450.34274	4411.28567			4437.51272425	4437.85197755	0
1788538202	XAUUSD	M5	4438.77	4435.61360	4450.12460	4411.06753			4437.85567791	4437.85382773	1
1788538502	XAUUSD	M5	4441.58	4435.39546	4449.90646	4410.84940			4438.18169523	4438.01776148	0
1788538802	XAUUSD	M5	4437.99	4435.17732	4449.68832	4410.63126			4438.23864938	4438.12820543	0
1788539102	XAUUSD	M5	4434.24	4434.95918	4449.47018	4410.41312			4438.06168941	4438.09494742	1
1788539402	XAUUSD	M5	4437.44	4434.74104	4449.25205	4410.19498			4437.79101216	4437.94297979	0
1788539702	XAUUSD	M5	4437.60	4434.52290	4449.03391	4409.97684			4437.41168184	4437.67733082	0
1788540002	XAUUSD	M5	4438.02	4434.30477	4448.81577	4409.75871			4436.99704183	4437.33718632	0
1788540302	XAUUSD	M5	4439.92	4434.08663	4448.59763	4409.54057			4436.58432050	4436.96075341	0
1788540602	XAUUSD	M5	4435.90	4433.86849	4448.37949	4409.32243			4436.16936090	4436.56505715	0
1788540902	XAUUSD	M5	4436.50	4433.65035	4448.16136	4409.10429			4435.84035732	4436.20270724	0
1788541202	XAUUSD	M5	4431.46	4433.43221	4447.94322	4408.88615			4435.49757473	4435.85014099	0
1788541502	XAUUSD	M5	4432.17	4433.21408	4447.72508	4408.66802			4435.09059455	4435.47036777	0
1788541802	XAUUSD	M5	4434.18	4432.99594	4447.50694	4408.44988			4434.41870468	4434.94453623	0
1788542102	XAUUSD	M5	4438.38	4432.77780	4447.28880	4408.23174			4433.23299129	4434.08876376	0
1788542402	XAUUSD	M5	4433.29	4432.55966	4447.07067	4408.01360			4431.30310749	4432.69593563	0
1788542702	XAUUSD	M5	4428.65	4432.34152	4446.85253	4407.79546			4428.76915096	4430.73254329	0
1788543002	XAUUSD	M5	4424.09	4432.12339	4446.63439	4407.57732			4425.85639097	4428.29446713	0
1788543302	XAUUSD	M5	4422.25	4431.90525	4446.41625	4407.35919			4422.88859738	4425.59153226	0
1788543602	XAUUSD	M5	4417.09	4431.68711	4446.19811	4407.14105			4420.15055058	4422.87104142	0
1788543902	XAUUSD	M5	4419.57	4431.46897	4445.97997	4406.92291			4417.99721749	4420.43412945	0
1788544202	XAUUSD	M5	4419.16	4431.25083	4445.76184	4406.70477			4416.54395403	4418.48904174	0
1788544502	XAUUSD	M5	4416.56	4431.03269	4445.54370	4406.48663			4415.91858611	4417.20381392	0
1788544802	XAUUSD	M5	4412.69	4430.81456	4445.32556	4406.26850		4412.00000	4416.19661800	4416.70021596	0
1788545102	XAUUSD	M5	4417.70	4430.59642	4445.10742	4406.05036			4417.35404204	4417.02712900	1
1788545402	XAUUSD	M5	4419.51	4430.37828	4444.88928	4405.83222			4419.02469255	4418.02591077	0
1788545702	XAUUSD	M5	4419.25	4430.16014	4444.67115	4405.61408			4420.84780725	4419.43685901	0
1788546002	XAUUSD	M5	4424.69	4429.94200	4444.45301	4405.39594			4422.53094110	4420.98390005	0
1788546302	XAUUSD	M5	4424.75	4429.72387	4444.23487	4405.17781			4423.71696588	4422.35043297	0
1788546602	XAUUSD	M5	4425.08	4429.50573	4444.01673	4404.95967			4424.31741972	4423.33392634	0
1788546902	XAUUSD	M5	4422.62	4429.28759	4443.79859	4404.74153			4424.37835172	4423.85613903	0
1788547202	XAUUSD	M5	4422.97	4429.06945	4443.58046	4404.52339			4424.12990915	4423.99302409	0
1788547502	XAUUSD	M5	4423.81	4428.85131	4443.36232	4404.30525			4423.78298836	4423.88800623	1
1788547802	XAUUSD	M5	4425.04	4428.63318	4443.14418	4404.08711			4423.57551641	4423.73176132	0
1788548102	XAUUSD	M5	4423.99	4428.41504	4442.92604	4403.86898			4423.72730118	4423.72953125	0
1788548402	XAUUSD	M5	4423.60	4428.19690	4442.70790	4403.65084			4424.45376755	4424.09164940	1
1788548702	XAUUSD	M5	4425.26	4427.97876	4442.48977	4403.43270			4425.83491646	4424.96328293	0
1788549002	XAUUSD	M5	4429.14	4427.76062	4442.27163	4403.21456			4427.77412015	4426.36870154	0
1788549302	XAUUSD	M5	4428.87	4427.54249	4442.05349	4402.99642			4430.01167214	4428.19018684	0
1788549602	XAUUSD	M5	4431.01	4427.32435	4441.83535	4402.77829			4432.32173735	4430.25596209	0
1788549902	XAUUSD	M5	4435.65	4427.10621	4441.61721	4402.56015			4434.42343257	4432.33969733	0
1788550202	XAUUSD	M5	4437.69	4426.88807	4441.39907	4402.34201	4438.41000		4436.00067080	4434.17018407	0
1788550502	XAUUSD	M5	4436.36	4426.66993	4441.18094	4402.12387			4436.88226952	4435.52622679	0
1788550802	XAUUSD	M5	4437.01	4426.45179	4440.96280	4401.90573			4437.07045479	4436.29834079	0
1788551102	XAUUSD	M5	4435.27	4426.23366	4440.74466	4401.68760			4436.60865956	4436.45350018	0
1788551402	XAUUSD	M5	4436.30	4426.01552	4440.52652	4401.46946			4435.67240571	4436.06295294	1
1788551702	XAUUSD	M5	4434.93	4425.79738	4440.30838	4401.25132			4434.43479045	4435.24887170	0
1788552002	XAUUSD	M5	4432.73	4425.57924	4440.09025	4401.03318			4433.13369026	4434.19128098	0
1788552302	XAUUSD	M5	4431.80	4425.36110	4439.87211	4400.81504			4431.99982617	4433.09555357	0
1788552602	XAUUSD	M5	4431.68	4425.14297	4439.65397	4400.59691			4431.16078137	4432.12816747	0
1788552902	XAUUSD	M5	4430.88	4424.92483	4439.43583	4400.37877			4430.64492694	4431.38654721	0
1788553202	XAUUSD	M5	4430.21	4424.70669	4439.21769	4400.16063			4430.41206810	4430.89930765	0
1788553502	XAUUSD	M5	4430.12	4424.48855	4438.99956	4399.94249			4430.36903530	4430.63417148	0
1788553802	XAUUSD	M5	4429.52	4424.27041	4438.78142	4399.72435			4430.37948233	4430.50682690	0
1788554102	XAUUSD	M5	4430.58	4424.05228	4438.56328	4399.50621			4430.32607390	4430.41645040	0
1788554402	XAUUSD	M5	4430.55	4423.83414	4438.34514	4399.28808			4430.07094344	4430.24369692	0
1788554702	XAUUSD	M5	4428.87	4423.61600	4438.12700	4399.06994			4429.56318422	4429.90344057	0
1788555002	XAUUSD	M5	4431.23	4423.39786	4437.90887	4398.85180			4428.87790291	4429.39067174	0
1788555302	XAUUSD	M5	4430.12	4423.17972	4437.69073	4398.63366			4428.04864556	4428.71965865	0
1788732002	XAUUSD	M5	4422.64	4422.96159	4437.47259	4398.41552		4417.68000	4427.25916384	4427.98941124	0
1788732302	XAUUSD	M5	4424.94	4422.74345	4437.25445	4398.19739			4426.85043572	4427.41992348	0
1788732602	XAUUSD	M5	4429.18	4422.52531	4437.03631	4397.97925			4426.85704155	4427.13848252	0
1788732902	XAUUSD	M5	4428.11	4422.30717	4436.81817	4397.76111			4427.19005788	4427.16427020	1
1788733202	XAUUSD	M5	4428.45	4422.08903	4436.60004	4397.54297			4427.82821770	4427.49624395	0
1788733502	XAUUSD	M5	4428.77	4421.87089	4436.38190	4397.32483			4428.67949978	4428.08787187	0
1788733802	XAUUSD	M5	4428.28	4421.65276	4436.16376	4397.10670			4429.62721941	4428.85754564	0
1788734102	XAUUSD	M5	4429.62	4421.43462	4435.94562	4396.88856			4430.53613561	4429.69684062	0
1788734402	XAUUSD	M5	4430.60	4421.21648	4435.72748	4396.67042			4431.24134976	4430.46909519	0
1788734702	XAUUSD	M5	4434.02	4420.99834	4435.50935	4396.45228	4435.12000		4431.60760395	4431.03834957	0
1788735002	XAUUSD	M5	4432.51	4420.78020	4435.29121	4396.23414			4431.51876080	4431.27855518	0
1788735302	XAUUSD	M5	4429.27	4420.56207	4435.07307	4396.01601			4431.04422270	4431.16138894	1
1788735602	XAUUSD	M5	4430.00	4420.34393	4434.85493	4395.79787			4430.35117613	4430.75628253	0
1788735902	XAUUSD	M5	4430.29	4420.12579	4434.63679	4395.57973			4429.55097761	4430.15363007	0
1788736202	XAUUSD	M5	4429.85	4419.90765	4434.41866	4395.36159			4428.77501001	4429.46432004	0
1788736502	XAUUSD	M5	4428.63	4419.68951	4434.20052	4395.14345			4428.14469256	4428.80450630	0
1788736802	XAUUSD	M5	4425.28	4419.47138	4433.98238	4394.92531			4427.73894746	4428.27172688	0
1788737102	XAUUSD	M5	4426.90	4419.25324	4433.76424	4394.70718			4427.59602534	4427.93387611	0
1788737402	XAUUSD	M5	4427.85	4419.03510	4433.54610	4394.48904			4427.56940586	4427.75164098	0
1788737702	XAUUSD	M5	4427.81	4418.81696	4433.32796	4394.27090			4427.47731681	4427.61447890	0
1788738002	XAUUSD	M5	4429.00	4418.59882	4433.10983	4394.05276			4427.16669226	4427.39058558	0
1788738302	XAUUSD	M5	4427.23	4418.38068	4432.89169	4393.83462			4426.51031844	4426.95045201	0
1788738602	XAUUSD	M5	4424.21	4418.16255	4432.67355	4393.61649			4425.55436468	4426.25240834	0
1788738902	XAUUSD	M5	4423.31	4417.94441	4432.45541	4393.39835			4424.49175741	4425.37208288	0
1788739202	XAUUSD	M5	4423.16	4417.72627	4432.23727	4393.18021			4423.54429559	4424.45818923	0
1788739502	XAUUSD	M5	4421.90	4417.50813	4432.01914	4392.96207			4422.91718172	4423.68768548	0
1788739802	XAUUSD	M5	4425.20	4417.28999	4431.80100	4392.74393			4422.79256069	4423.24012308	0
1788740102	XAUUSD	M5	4425.87	4417.07186	4431.58286	4392.52580			4423.13491967	4423.18752138	0
1788740402	XAUUSD	M5	4425.99	4416.85372	4431.36472	4392.30766			4423.81752903	4423.50252520	1
1788740702	XAUUSD	M5	4422.29	4416.63558	4431.14658	4392.08952			4424.58055176	4424.04153848	0
1788741002	XAUUSD	M5	4419.16	4416.41744	4430.92845	4391.87138			4425.14683225	4424.59418537	0
1788741302	XAUUSD	M5	4422.32	4416.19930	4430.71031	4391.65324			4425.16779702	4424.88099119	0
1788741602	XAUUSD	M5	4423.95	4415.98117	4430.49217	4391.43510			4424.16464301	4424.52281710	1
1788741902	XAUUSD	M5	4427.11	4415.76303	4430.27403	4391.21697			4421.83946660	4423.18114185	0
1788742202	XAUUSD	M5	4422.58	4415.54489	4430.05589	4390.99883			4418.13061644	4420.65587915	0
1788742502	XAUUSD	M5	4412.58	4415.32675	4429.83776	4390.78069			4413.45927522	4417.05757718	0
1788742802	XAUUSD	M5	4412.13	4415.10861	4429.61962	4390.56255			4408.62303296	4412.84030507	0
1788743102	XAUUSD	M5	4402.97	4414.89048	4429.40148	4390.34441			4404.27572246	4408.55801377	0
1788743402	XAUUSD	M5	4399.82	4414.67234	4429.18334	4390.12628			4401.22178778	4404.88990077	0
1788743702	XAUUSD	M5	4393.85	4414.45420	4428.96520	4389.90814			4399.97082726	4402.43036402	0
1788744002	XAUUSD	M5	4396.06	4414.23606	4428.74706	4389.69000		4389.69000	4400.38011097	4401.40523750	0
1788744302	XAUUSD	M5	4403.36	4414.01792	4428.52893	4389.47186			4402.19918718	4401.80221234	1
1788744602	XAUUSD	M5	4408.84	4413.79978	4428.31079	4389.25372			4404.84813670	4403.32517452	0
1788744902	XAUUSD	M5	4412.34	4413.58165	4428.09265	4389.03559			4407.62174564	4405.47346008	0
1788745202	XAUUSD	M5	4410.35	4413.36351	4427.87451	4388.81745			4409.85511101	4407.66428554	0
1788745502	XAUUSD	M5	4409.32	4413.14537	4427.65637	4388.59931			4411.12817755	4409.39623155	0
1788745802	XAUUSD	M5	4413.67	4412.92723	4427.43824	4388.38117			4411.27705564	4410.33664359	0
1788746102	XAUUSD	M5	4409.14	4412.70909	4427.22010	4388.16303			4410.35028708	4410.34346534	0
1788746402	XAUUSD	M5	4407.44	4412.49096	4427.00196	4387.94490			4408.80735467	4409.57541000	1
1788746702	XAUUSD	M5	4404.80	4412.27282	4426.78382	4387.72676			4407.22070674	4408.39805837	0
1788747002	XAUUSD	M5	4403.59	4412.05468	4426.56568	4387.50862			4406.19558316	4407.29682076	0
1788747302	XAUUSD	M5	4406.85	4411.83654	4426.34755	4387.29048			4406.16540879	4406.73111478	0
1788747602	XAUUSD	M5	4409.12	4411.61840	4426.12941	4387.07234			4407.21506684	4406.97309081	1
1788747902	XAUUSD	M5	4407.68	4411.40027	4425.91127	4386.85420			4409.15817116	4408.06563098	0
1788748202	XAUUSD	M5	4414.20	4411.18213	4425.69313	4386.63607			4411.65677416	4409.86120257	0
1788748502	XAUUSD	M5	4417.96	4410.96399	4425.47499	4386.41793			4414.02663693	4411.94391975	0
1788748802	XAUUSD	M5	4414.91	4410.74585	4425.25686	4386.19979			4415.63261922	4413.78826949	0
1788749102	XAUUSD	M5	4417.36	4410.52771	4425.03872	4385.98165			4416.15742001	4414.97284475	0
1788749402	XAUUSD	M5	4414.01	4410.30958	4424.82058	4385.76351			4415.34794508	4415.16039491	0
1788749702	XAUUSD	M5	4408.93	4410.09144	4424.60244	4385.54538			4413.42379293	4414.29209392	1
1788750002	XAUUSD	M5	4410.28	4409.87330	4424.38430	4385.32724			4410.98337275	4412.63773333	0
1788750302	XAUUSD	M5	4406.40	4409.65516	4424.16616	4385.10910			4408.50828497	4410.57300915	0
1788750602	XAUUSD	M5	4407.94	4409.43702	4423.94803	4384.89096			4406.69728610	4408.63514763	0
1788750902	XAUUSD	M5	4406.96	4409.21888	4423.72989	4384.67282			4405.81148610	4407.22331686	0
1788751202	XAUUSD	M5	4409.23	4409.00075	4423.51175	4384.45469			4405.99202339	4406.60767012	0
1788751502	XAUUSD	M5	4408.75	4408.78261	4423.29361	4384.23655			4406.84989235	4406.72878124	1
1788751802	XAUUSD	M5	4408.12	4408.56447	4423.07547	4384.01841			4408.05004568	4407.38941346	0
1788752102	XAUUSD	M5	4405.48	4408.34633	4422.85734	4383.80027			4408.92236747	4408.15589047	0
1788752402	XAUUSD	M5	4401.84	4408.12819	4422.63920	4383.58213			4407.91143816	4408.03366431	1
1788752702	XAUUSD	M5	4403.65	4407.91006	4422.42106	4383.36399			4406.67172787	4407.35269609	0
