ohlcv_timestamp	ohlcv_symbol	ohlcv_timeframe	ohlcv_close	ohlcv_open	ohlcv_high	ohlcv_low	ohlcv_volume
1787295003	XAUUSD	M5	4564.76000	4567.20000	4567.40000	4564.34000	568
1787295303	XAUUSD	M5	4560.86000	4564.91000	4567.57000	4560.86000	573
1787295603	XAUUSD	M5	4566.00000	4560.92000	4566.04000	4559.54000	555
1787295903	XAUUSD	M5	4559.14000	4565.91000	4565.91000	4559.14000	536
1787296203	XAUUSD	M5	4561.45000	4558.88000	4561.67000	4558.56000	502
1787296503	XAUUSD	M5	4566.37000	4561.49000	4567.06000	4559.83000	508
1787296803	XAUUSD	M5	4563.60000	4566.53000	4567.92000	4563.05000	538
1787297103	XAUUSD	M5	4561.77000	4563.60000	4564.43000	4560.84000	440
1787297403	XAUUSD	M5	4562.11000	4561.77000	4564.78000	4560.41000	521
1787297703	XAUUSD	M5	4564.22000	4562.13000	4564.90000	4560.24000	540
1787298003	XAUUSD	M5	4564.27000	4564.18000	4566.12000	4562.60000	484
1787298303	XAUUSD	M5	4566.03000	4564.27000	4568.02000	4562.79000	549
1787298603	XAUUSD	M5	4561.84000	4566.03000	4567.13000	4560.90000	473
1787298903	XAUUSD	M5	4564.27000	4561.84000	4564.96000	4561.22000	485
1787299203	XAUUSD	M5	4561.56000	4564.31000	4566.63000	4561.34000	554
1787299503	XAUUSD	M5	4561.67000	4561.26000	4562.73000	4559.13000	648
1787299803	XAUUSD	M5	4565.54000	4561.69000	4568.03000	4561.55000	621
1787300103	XAUUSD	M5	4572.72000	4565.55000	4573.46000	4563.96000	567
1787300403	XAUUSD	M5	4577.77000	4572.72000	4579.27000	4571.79000	687
1787300703	XAUUSD	M5	4579.29000	4577.72000	4581.74000	4577.60000	673
1787301003	XAUUSD	M5	4580.80000	4579.37000	4581.45000	4577.75000	661
1787301303	XAUUSD	M5	4579.41000	4580.82000	4582.74000	4576.52000	627
1787301603	XAUUSD	M5	4582.53000	4579.47000	4584.31000	4579.00000	554
1787301903	XAUUSD	M5	4581.00000	4582.50000	4583.56000	4580.64000	481
1787302203	XAUUSD	M5	4581.47000	4581.03000	4583.33000	4580.42000	475
1787302503	XAUUSD	M5	4584.24000	4581.67000	4584.98000	4580.42000	448
1787302803	XAUUSD	M5	4586.14000	4584.24000	4586.14000	4582.27000	540
1787303103	XAUUSD	M5	4595.06000	4586.14000	4596.01000	4584.72000	612
1787303403	XAUUSD	M5	4599.19000	4595.44000	4600.51000	4595.29000	633
1787303703	XAUUSD	M5	4593.09000	4599.24000	4601.72000	4593.00000	637
1787304003	XAUUSD	M5	4586.97000	4593.09000	4593.12000	4584.87000	688
1787304303	XAUUSD	M5	4582.24000	4586.97000	4587.76000	4581.37000	599
1787304603	XAUUSD	M5	4582.78000	4582.25000	4584.46000	4582.25000	568
1787304903	XAUUSD	M5	4585.65000	4582.76000	4585.93000	4580.77000	470
1787305203	XAUUSD	M5	4583.21000	4585.54000	4586.87000	4581.85000	413
1787305503	XAUUSD	M5	4581.50000	4583.24000	4583.68000	4580.98000	402
1787305803	XAUUSD	M5	4584.07000	4581.57000	4584.17000	4580.43000	467
1787306103	XAUUSD	M5	4582.72000	4584.12000	4585.48000	4581.24000	432
1787306403	XAUUSD	M5	4585.14000	4582.70000	4588.99000	4581.86000	553
1787306703	XAUUSD	M5	4583.33000	4585.14000	4585.27000	4581.46000	550
1787307003	XAUUSD	M5	4578.79000	4583.33000	4584.30000	4577.97000	596
1787307303	XAUUSD	M5	4584.43000	4578.80000	4587.26000	4578.61000	569
1787307603	XAUUSD	M5	4586.10000	4584.51000	4586.78000	4583.21000	463
1787307903	XAUUSD	M5	4588.57000	4586.06000	4589.33000	4585.59000	510
1787308203	XAUUSD	M5	4590.54000	4588.57000	4590.83000	4585.67000	477
1787308503	XAUUSD	M5	4593.34000	4590.48000	4593.63000	4589.42000	467
1787308803	XAUUSD	M5	4593.26000	4593.62000	4594.12000	4591.18000	417
1787309103	XAUUSD	M5	4590.66000	4593.30000	4593.69000	4590.19000	464
1787309403	XAUUSD	M5	4590.34000	4590.74000	4592.59000	4588.42000	538
1787309703	XAUUSD	M5	4588.42000	4590.35000	4590.99000	4587.88000	504
1787310003	XAUUSD	M5	4593.90000	4588.50000	4595.08000	4587.20000	621
1787310303	XAUUSD	M5	4592.21000	4593.92000	4595.50000	4590.95000	556
1787310603	XAUUSD	M5	4590.58000	4592.21000	4593.21000	4588.61000	480
1787310903	XAUUSD	M5	4596.19000	4590.58000	4597.85000	4590.58000	527
1787311203	XAUUSD	M5	4598.07000	4596.30000	4601.16000	4595.93000	686
1787311503	XAUUSD	M5	4598.52000	4598.04000	4599.96000	4595.81000	698
1787311803	XAUUSD	M5	4594.99000	4598.51000	4598.85000	4593.46000	674
1787312103	XAUUSD	M5	4597.20000	4595.10000	4604.61000	4595.10000	725
1787312403	XAUUSD	M5	4597.30000	4597.18000	4597.95000	4593.40000	625
1787312703	XAUUSD	M5	4599.77000	4597.15000	4600.63000	4596.62000	552
1787313003	XAUUSD	M5	4597.58000	4599.79000	4600.28000	4595.79000	583
1787313303	XAUUSD	M5	4597.00000	4597.66000	4598.54000	4596.03000	513
1787313603	XAUUSD	M5	4595.72000	4597.02000	4601.59000	4594.06000	728
1787313903	XAUUSD	M5	4593.65000	4595.81000	4600.25000	4592.15000	678
1787314203	XAUUSD	M5	4592.83000	4593.62000	4593.88000	4589.13000	657
1787314503	XAUUSD	M5	4587.93000	4592.86000	4595.82000	4586.17000	718
1787314803	XAUUSD	M5	4585.68000	4587.99000	4589.12000	4582.15000	736
1787315103	XAUUSD	M5	4584.82000	4585.73000	4586.75000	4583.97000	551
1787315403	XAUUSD	M5	4577.84000	4584.80000	4584.80000	4576.72000	701
1787315703	XAUUSD	M5	4564.70000	4577.91000	4578.22000	4564.41000	795
1787316003	XAUUSD	M5	4573.67000	4564.53000	4575.87000	4563.58000	753
1787316303	XAUUSD	M5	4579.52000	4573.37000	4579.53000	4573.18000	609
1787316603	XAUUSD	M5	4579.83000	4579.52000	4580.93000	4577.15000	597
1787316903	XAUUSD	M5	4578.03000	4579.92000	4581.04000	4575.06000	622
1787317203	XAUUSD	M5	4581.16000	4578.00000	4584.57000	4575.94000	848
1787317503	XAUUSD	M5	4580.92000	4581.16000	4583.98000	4579.37000	779
1787317803	XAUUSD	M5	4584.71000	4580.98000	4586.99000	4580.25000	705
1787318103	XAUUSD	M5	4580.86000	4584.99000	4587.71000	4579.82000	779
1787318403	XAUUSD	M5	4583.10000	4580.80000	4586.71000	4579.32000	662
1787318703	XAUUSD	M5	4584.13000	4583.17000	4585.38000	4581.51000	759
1787319003	XAUUSD	M5	4574.34000	4584.13000	4586.80000	4573.67000	942
1787319303	XAUUSD	M5	4587.36000	4574.09000	4590.91000	4573.51000	947
1787319603	XAUUSD	M5	4587.54000	4587.07000	4590.62000	4584.66000	899
1787319903	XAUUSD	M5	4589.95000	4584.79000	4592.90000	4584.79000	867
1787320203	XAUUSD	M5	4581.23000	4589.82000	4591.11000	4576.87000	884
1787320503	XAUUSD	M5	4581.04000	4581.28000	4585.73000	4580.15000	866
1787320803	XAUUSD	M5	4588.48000	4580.93000	4588.91000	4579.94000	868
1787321103	XAUUSD	M5	4587.45000	4588.55000	4590.73000	4583.19000	855
1787321403	XAUUSD	M5	4589.57000	4587.41000	4589.89000	4585.31000	877
1787321703	XAUUSD	M5	4590.40000	4589.81000	4591.05000	4586.45000	896
1787322003	XAUUSD	M5	4597.71000	4590.29000	4598.33000	4589.94000	878
1787322303	XAUUSD	M5	4603.14000	4597.84000	4603.22000	4597.82000	882
1787322603	XAUUSD	M5	4590.05000	4603.14000	4603.70000	4589.78000	900
1787322903	XAUUSD	M5	4581.96000	4589.87000	4592.63000	4581.40000	953
1787323203	XAUUSD	M5	4582.40000	4582.18000	4589.62000	4580.70000	911
1787323503	XAUUSD	M5	4591.48000	4582.58000	4591.81000	4580.67000	857
1787323803	XAUUSD	M5	4589.48000	4591.35000	4595.20000	4588.49000	851
1787324103	XAUUSD	M5	4591.56000	4589.49000	4592.36000	4584.24000	830
1787324403	XAUUSD	M5	4593.18000	4591.50000	4594.19000	4587.31000	869
1787324703	XAUUSD	M5	4594.01000	4593.24000	4598.05000	4592.08000	759
1787325003	XAUUSD	M5	4595.16000	4594.03000	4597.77000	4593.72000	698
1787325303	XAUUSD	M5	4597.43000	4595.11000	4599.11000	4595.10000	681
1787325603	XAUUSD	M5	4602.37000	4597.44000	4602.58000	4595.18000	698
1787325903	XAUUSD	M5	4602.90000	4602.37000	4607.28000	4600.04000	870
1787326203	XAUUSD	M5	4606.01000	4603.01000	4606.10000	4599.64000	825
1787326503	XAUUSD	M5	4606.74000	4606.02000	4608.25000	4605.10000	779
1787326803	XAUUSD	M5	4609.52000	4606.77000	4610.50000	4605.66000	805
1787327103	XAUUSD	M5	4607.77000	4609.53000	4610.97000	4607.10000	842
1787327403	XAUUSD	M5	4613.65000	4607.81000	4615.03000	4607.41000	768
1787327703	XAUUSD	M5	4614.54000	4613.91000	4615.26000	4611.05000	822
1787328003	XAUUSD	M5	4617.10000	4614.57000	4617.81000	4613.23000	782
1787328303	XAUUSD	M5	4610.23000	4617.23000	4617.32000	4609.13000	831
1787328603	XAUUSD	M5	4614.50000	4610.33000	4615.71000	4610.33000	710
1787328903	XAUUSD	M5	4614.01000	4614.48000	4616.00000	4613.88000	715
1787329203	XAUUSD	M5	4613.04000	4613.98000	4620.73000	4611.37000	817
1787329503	XAUUSD	M5	4614.05000	4612.99000	4614.43000	4610.68000	709
1787329803	XAUUSD	M5	4615.72000	4614.05000	4616.29000	4612.27000	678
1787330103	XAUUSD	M5	4619.28000	4615.70000	4621.05000	4614.63000	707
1787330403	XAUUSD	M5	4621.57000	4619.21000	4622.09000	4617.21000	671
1787330703	XAUUSD	M5	4624.00000	4621.59000	4624.95000	4621.15000	746
1787331003	XAUUSD	M5	4627.39000	4624.02000	4627.39000	4623.86000	704
1787331303	XAUUSD	M5	4628.85000	4627.42000	4629.05000	4625.96000	628
1787331603	XAUUSD	M5	4627.52000	4628.89000	4630.83000	4626.87000	755
1787331903	XAUUSD	M5	4630.63000	4627.57000	4631.98000	4626.09000	699
1787332203	XAUUSD	M5	4623.34000	4630.65000	4631.57000	4621.79000	782
1787332503	XAUUSD	M5	4623.11000	4623.29000	4626.00000	4622.16000	805
1787332803	XAUUSD	M5	4618.28000	4623.21000	4624.48000	4615.37000	782
1787333103	XAUUSD	M5	4622.16000	4618.33000	4624.53000	4615.52000	797
1787333403	XAUUSD	M5	4620.66000	4622.07000	4622.35000	4619.62000	766
1787333703	XAUUSD	M5	4622.75000	4620.73000	4624.66000	4620.62000	605
1787334003	XAUUSD	M5	4619.52000	4622.60000	4624.54000	4618.93000	610
1787334303	XAUUSD	M5	4618.85000	4619.51000	4619.89000	4616.96000	734
1787334603	XAUUSD	M5	4619.77000	4618.84000	4622.46000	4618.20000	653
1787334903	XAUUSD	M5	4620.54000	4619.61000	4621.54000	4619.37000	546
1787335203	XAUUSD	M5	4626.06000	4620.54000	4626.31000	4620.36000	540
1787335503	XAUUSD	M5	4625.82000	4626.19000	4627.70000	4624.31000	597
1787335803	XAUUSD	M5	4624.13000	4625.82000	4626.15000	4623.13000	478
1787336103	XAUUSD	M5	4626.73000	4624.13000	4626.97000	4624.10000	468
1787336403	XAUUSD	M5	4626.42000	4626.67000	4627.60000	4625.47000	482
1787336703	XAUUSD	M5	4625.17000	4626.42000	4627.64000	4624.50000	549
1787337003	XAUUSD	M5	4622.14000	4625.15000	4625.17000	4619.78000	609
1787337303	XAUUSD	M5	4619.75000	4622.14000	4623.09000	4619.55000	657
1787337603	XAUUSD	M5	4620.88000	4619.75000	4621.50000	4619.74000	567
1787337903	XAUUSD	M5	4624.61000	4620.88000	4625.77000	4620.85000	563
1787338203	XAUUSD	M5	4624.77000	4624.73000	4625.05000	4623.03000	520
1787338503	XAUUSD	M5	4624.34000	4624.84000	4624.84000	4623.22000	571
1787338803	XAUUSD	M5	4622.03000	4624.63000	4625.54000	4621.39000	646
1787339103	XAUUSD	M5	4621.27000	4622.08000	4622.19000	4618.53000	592
1787339403	XAUUSD	M5	4622.74000	4621.14000	4623.47000	4620.53000	549
1787339703	XAUUSD	M5	4622.50000	4622.74000	4622.74000	4620.16000	584
1787340003	XAUUSD	M5	4622.35000	4622.50000	4623.37000	4622.08000	577
1787340303	XAUUSD	M5	4618.10000	4622.34000	4622.95000	4618.06000	555
1787340603	XAUUSD	M5	4617.05000	4618.10000	4619.68000	4616.70000	579
1787340903	XAUUSD	M5	4617.94000	4617.05000	4618.37000	4615.82000	589
1787341203	XAUUSD	M5	4618.06000	4617.96000	4619.61000	4617.83000	595
1787341503	XAUUSD	M5	4622.78000	4618.12000	4623.19000	4617.37000	664
1787341803	XAUUSD	M5	4622.79000	4622.62000	4623.68000	4621.29000	673
1787342103	XAUUSD	M5	4616.92000	4622.79000	4622.79000	4615.71000	761
1787342403	XAUUSD	M5	4617.33000	4616.99000	4617.39000	4615.07000	368
1787342703	XAUUSD	M5	4616.48000	4617.33000	4617.71000	4615.63000	309
1787343003	XAUUSD	M5	4616.85000	4616.48000	4617.65000	4615.83000	264
1787343303	XAUUSD	M5	4612.74000	4617.45000	4617.61000	4611.38000	373
1787343603	XAUUSD	M5	4610.99000	4612.73000	4613.47000	4610.40000	408
1787343903	XAUUSD	M5	4610.87000	4610.99000	4611.86000	4610.27000	332
1787344203	XAUUSD	M5	4610.51000	4610.94000	4611.97000	4610.09000	346
1787344503	XAUUSD	M5	4608.36000	4610.54000	4611.78000	4607.58000	411
1787344803	XAUUSD	M5	4607.97000	4608.14000	4609.78000	4607.88000	356
1787345103	XAUUSD	M5	4606.27000	4608.04000	4608.77000	4603.28000	429
1787345403	XAUUSD	M5	4604.97000	4606.19000	4606.93000	4603.49000	417
1787345703	XAUUSD	M5	4603.89000	4605.10000	4605.17000	4602.79000	271
1787522403	XAUUSD	M5	4610.37000	4616.95000	4624.19000	4607.62000	596
1787522703	XAUUSD	M5	4617.42000	4610.51000	4617.70000	4608.85000	421
1787523003	XAUUSD	M5	4617.50000	4617.27000	4620.61000	4615.78000	416
1787523303	XAUUSD	M5	4618.42000	4617.50000	4618.42000	4612.84000	420
1787523603	XAUUSD	M5	4617.46000	4618.30000	4620.94000	4615.88000	319
1787523903	XAUUSD	M5	4614.29000	4617.46000	4617.59000	4612.98000	309
1787524203	XAUUSD	M5	4614.53000	4614.29000	4617.10000	4613.77000	350
1787524503	XAUUSD	M5	4611.68000	4614.56000	4616.59000	4611.68000	366
1787524803	XAUUSD	M5	4611.00000	4611.68000	4612.34000	4606.97000	432
1787525103	XAUUSD	M5	4608.54000	4611.00000	4611.14000	4607.36000	393
1787525403	XAUUSD	M5	4607.72000	4608.54000	4609.09000	4607.15000	373
1787525703	XAUUSD	M5	4606.20000	4607.53000	4607.98000	4606.11000	279
1787526003	XAUUSD	M5	4607.54000	4606.18000	4609.07000	4605.24000	365
1787526303	XAUUSD	M5	4607.73000	4607.55000	4607.82000	4604.74000	325
1787526603	XAUUSD	M5	4607.53000	4607.71000	4609.33000	4607.49000	329
1787526903	XAUUSD	M5	4607.55000	4607.53000	4608.24000	4606.85000	313
1787527203	XAUUSD	M5	4612.86000	4607.55000	4613.11000	4607.44000	391
1787527503	XAUUSD	M5	4615.15000	4612.88000	4616.14000	4612.12000	405
1787527803	XAUUSD	M5	4618.02000	4615.15000	4618.61000	4614.03000	445
1787528103	XAUUSD	M5	4613.47000	4618.11000	4619.36000	4613.47000	392
1787528403	XAUUSD	M5	4608.37000	4613.47000	4614.58000	4607.69000	407
1787528703	XAUUSD	M5	4615.09000	4608.37000	4615.14000	4608.20000	634
1787529003	XAUUSD	M5	4622.59000	4615.09000	4622.59000	4615.08000	612
1787529303	XAUUSD	M5	4624.17000	4622.53000	4624.64000	4622.18000	582
1787529603	XAUUSD	M5	4626.90000	4624.17000	4627.81000	4620.16000	842
1787529903	XAUUSD	M5	4634.93000	4627.08000	4638.89000	4627.08000	803
1787530203	XAUUSD	M5	4637.28000	4635.11000	4640.69000	4633.72000	749
1787530503	XAUUSD	M5	4629.29000	4637.16000	4640.43000	4628.46000	804
1787530803	XAUUSD	M5	4612.61000	4629.29000	4630.02000	4611.85000	826
1787531103	XAUUSD	M5	4604.95000	4612.36000	4612.55000	4594.67000	864
1787531403	XAUUSD	M5	4604.71000	4604.93000	4608.94000	4603.12000	791
1787531703	XAUUSD	M5	4601.45000	4603.30000	4608.76000	4601.25000	773
1787532003	XAUUSD	M5	4607.16000	4601.41000	4607.78000	4601.22000	618
1787532303	XAUUSD	M5	4614.48000	4607.16000	4615.45000	4604.00000	742
1787532603	XAUUSD	M5	4617.19000	4614.44000	4617.45000	4611.61000	605
1787532903	XAUUSD	M5	4621.65000	4617.17000	4623.35000	4616.13000	667
1787533203	XAUUSD	M5	4622.48000	4621.63000	4635.22000	4618.88000	968
1787533503	XAUUSD	M5	4623.09000	4622.50000	4630.00000	4620.19000	892
1787533803	XAUUSD	M5	4622.13000	4623.09000	4627.84000	4621.79000	778
1787534103	XAUUSD	M5	4622.04000	4622.11000	4625.75000	4616.74000	825
1787534403	XAUUSD	M5	4614.93000	4621.71000	4622.10000	4611.31000	860
1787534703	XAUUSD	M5	4614.73000	4614.95000	4618.09000	4612.21000	873
1787535003	XAUUSD	M5	4614.35000	4614.59000	4615.07000	4608.07000	852
1787535303	XAUUSD	M5	4614.23000	4614.78000	4621.20000	4612.71000	846
1787535603	XAUUSD	M5	4618.37000	4614.23000	4618.50000	4608.45000	786
1787535903	XAUUSD	M5	4618.82000	4618.29000	4619.09000	4615.23000	734
1787536203	XAUUSD	M5	4628.80000	4618.82000	4630.07000	4618.77000	783
1787536503	XAUUSD	M5	4632.11000	4628.81000	4637.63000	4626.54000	819
1787536803	XAUUSD	M5	4637.01000	4632.12000	4638.62000	4627.90000	847
1787537103	XAUUSD	M5	4642.56000	4636.94000	4642.91000	4633.96000	820
1787537403	XAUUSD	M5	4650.28000	4642.54000	4652.01000	4642.37000	856
1787537703	XAUUSD	M5	4654.64000	4650.26000	4655.39000	4649.10000	663
1787538003	XAUUSD	M5	4654.44000	4654.58000	4655.00000	4649.43000	674
1787538303	XAUUSD	M5	4655.38000	4654.40000	4655.48000	4649.60000	611
1787538603	XAUUSD	M5	4651.89000	4655.51000	4656.64000	4649.87000	817
1787538903	XAUUSD	M5	4645.13000	4651.89000	4653.73000	4645.09000	776
1787539203	XAUUSD	M5	4637.58000	4645.06000	4645.70000	4637.37000	805
1787539503	XAUUSD	M5	4628.69000	4637.56000	4637.74000	4627.63000	801
1787539803	XAUUSD	M5	4638.30000	4628.73000	4638.46000	4628.01000	815
1787540103	XAUUSD	M5	4643.66000	4638.30000	4644.71000	4637.66000	775
1787540403	XAUUSD	M5	4640.26000	4643.62000	4643.87000	4637.75000	688
1787540703	XAUUSD	M5	4637.78000	4640.27000	4640.27000	4634.74000	652
1787541003	XAUUSD	M5	4637.15000	4637.75000	4639.66000	4633.43000	704
1787541303	XAUUSD	M5	4638.88000	4637.15000	4641.28000	4636.90000	639
1787541603	XAUUSD	M5	4642.50000	4638.88000	4643.83000	4635.53000	727
1787541903	XAUUSD	M5	4643.82000	4642.50000	4648.50000	4642.50000	740
1787542203	XAUUSD	M5	4647.68000	4643.81000	4648.34000	4643.77000	631
1787542503	XAUUSD	M5	4647.50000	4647.94000	4650.03000	4646.86000	572
1787542803	XAUUSD	M5	4642.94000	4647.51000	4647.99000	4642.72000	510
1787543103	XAUUSD	M5	4642.71000	4642.70000	4644.68000	4642.33000	479
1787543403	XAUUSD	M5	4641.24000	4642.79000	4644.89000	4641.24000	426
1787543703	XAUUSD	M5	4641.66000	4641.36000	4643.65000	4640.14000	479
1787544003	XAUUSD	M5	4639.83000	4641.65000	4642.69000	4637.97000	542
1787544303	XAUUSD	M5	4633.89000	4639.83000	4639.83000	4632.63000	536
1787544603	XAUUSD	M5	4638.64000	4633.88000	4638.94000	4633.01000	647
1787544903	XAUUSD	M5	4640.12000	4638.69000	4640.92000	4634.67000	547
1787545203	XAUUSD	M5	4637.99000	4640.22000	4640.33000	4637.45000	499
1787545503	XAUUSD	M5	4640.62000	4637.85000	4642.04000	4637.73000	540
1787545803	XAUUSD	M5	4635.79000	4640.62000	4640.75000	4633.07000	511
1787546103	XAUUSD	M5	4636.61000	4635.79000	4637.53000	4634.90000	533
1787546403	XAUUSD	M5	4638.18000	4636.59000	4638.58000	4634.97000	453
1787546703	XAUUSD	M5	4636.56000	4638.17000	4638.99000	4636.02000	477
1787547003	XAUUSD	M5	4639.95000	4636.54000	4640.47000	4635.92000	473
1787547303	XAUUSD	M5	4638.97000	4640.10000	4640.24000	4637.22000	404
1787547603	XAUUSD	M5	4639.63000	4638.95000	4641.78000	4638.74000	556
1787547903	XAUUSD	M5	4639.81000	4639.51000	4642.96000	4639.21000	558
1787548203	XAUUSD	M5	4643.54000	4639.67000	4643.54000	4639.06000	482
1787548503	XAUUSD	M5	4643.24000	4643.44000	4646.63000	4641.53000	512
1787548803	XAUUSD	M5	4638.78000	4643.24000	4643.26000	4638.32000	542
1787549103	XAUUSD	M5	4636.12000	4638.72000	4642.10000	4636.11000	507
1787549403	XAUUSD	M5	4632.76000	4635.42000	4639.67000	4630.03000	830
1787549703	XAUUSD	M5	4633.24000	4632.85000	4639.09000	4630.53000	746
1787550003	XAUUSD	M5	4633.57000	4633.24000	4635.55000	4631.42000	742
1787550303	XAUUSD	M5	4638.40000	4633.53000	4638.65000	4630.22000	727
1787550603	XAUUSD	M5	4638.50000	4638.67000	4643.00000	4636.32000	726
1787550903	XAUUSD	M5	4640.67000	4638.65000	4641.40000	4637.44000	725
1787551203	XAUUSD	M5	4644.92000	4640.91000	4645.92000	4639.47000	806
1787551503	XAUUSD	M5	4648.93000	4644.94000	4651.63000	4643.21000	783
1787551803	XAUUSD	M5	4652.19000	4649.02000	4652.35000	4646.97000	703
1787552103	XAUUSD	M5	4656.25000	4651.74000	4659.72000	4651.74000	790
1787552403	XAUUSD	M5	4650.07000	4656.17000	4658.38000	4646.35000	781
1787552703	XAUUSD	M5	4642.63000	4650.24000	4650.24000	4640.92000	767
1787553003	XAUUSD	M5	4650.58000	4642.89000	4652.38000	4642.31000	755
1787553303	XAUUSD	M5	4651.11000	4650.58000	4653.68000	4650.19000	667
1787553603	XAUUSD	M5	4642.82000	4651.08000	4651.75000	4641.97000	715
1787553903	XAUUSD	M5	4650.20000	4643.10000	4650.48000	4643.05000	669
1787554203	XAUUSD	M5	4651.22000	4650.17000	4653.81000	4646.02000	698
1787554503	XAUUSD	M5	4649.95000	4651.32000	4651.32000	4648.91000	680
1787554803	XAUUSD	M5	4648.83000	4649.95000	4654.45000	4647.32000	704
1787555103	XAUUSD	M5	4646.58000	4648.79000	4650.12000	4644.34000	637
1787555403	XAUUSD	M5	4648.14000	4646.58000	4649.32000	4644.39000	650
1787555703	XAUUSD	M5	4646.01000	4648.50000	4650.34000	4642.72000	639
1787556003	XAUUSD	M5	4643.46000	4646.02000	4647.95000	4642.36000	612
1787556303	XAUUSD	M5	4642.73000	4643.43000	4647.36000	4642.41000	569
1787556603	XAUUSD	M5	4646.63000	4642.72000	4646.68000	4641.35000	552
1787556903	XAUUSD	M5	4644.51000	4646.43000	4648.07000	4643.18000	548
1787557203	XAUUSD	M5	4634.85000	4644.60000	4645.02000	4634.85000	747
1787557503	XAUUSD	M5	4631.03000	4634.85000	4635.50000	4630.46000	711
1787557803	XAUUSD	M5	4636.02000	4631.11000	4637.08000	4630.35000	637
1787558103	XAUUSD	M5	4641.51000	4636.06000	4643.78000	4635.81000	595
1787558403	XAUUSD	M5	4640.82000	4641.56000	4643.70000	4636.60000	768
1787558703	XAUUSD	M5	4638.47000	4640.75000	4645.31000	4636.55000	716
1787559003	XAUUSD	M5	4637.63000	4638.37000	4640.27000	4636.03000	633
1787559303	XAUUSD	M5	4636.06000	4637.50000	4637.50000	4631.79000	661
1787559603	XAUUSD	M5	4635.87000	4636.06000	4638.79000	4634.87000	569
1787559903	XAUUSD	M5	4629.65000	4635.88000	4639.72000	4629.65000	626
1787560203	XAUUSD	M5	4634.32000	4629.48000	4634.68000	4628.93000	595
1787560503	XAUUSD	M5	4637.31000	4634.36000	4637.41000	4633.77000	513
1787560803	XAUUSD	M5	4645.24000	4637.30000	4646.04000	4636.26000	569
1787561103	XAUUSD	M5	4643.63000	4645.28000	4645.95000	4642.22000	562
1787561403	XAUUSD	M5	4641.45000	4643.68000	4644.48000	4640.15000	514
1787561703	XAUUSD	M5	4638.13000	4641.43000	4642.40000	4636.16000	515
1787562003	XAUUSD	M5	4642.48000	4638.04000	4643.16000	4637.25000	595
1787562303	XAUUSD	M5	4642.07000	4642.48000	4644.70000	4640.43000	513
1787562603	XAUUSD	M5	4641.88000	4642.07000	4643.63000	4639.72000	478
1787562903	XAUUSD	M5	4636.72000	4641.88000	4641.92000	4634.97000	522
1787563203	XAUUSD	M5	4636.94000	4636.66000	4639.17000	4636.31000	461
1787563503	XAUUSD	M5	4635.87000	4636.91000	4638.54000	4635.51000	438
1787563803	XAUUSD	M5	4635.25000	4635.97000	4640.71000	4634.42000	552
1787564103	XAUUSD	M5	4637.04000	4635.23000	4637.29000	4632.75000	483
1787564403	XAUUSD	M5	4639.21000	4637.12000	4639.86000	4636.30000	506
1787564703	XAUUSD	M5	4643.87000	4639.12000	4644.92000	4638.96000	555
1787565003	XAUUSD	M5	4644.16000	4643.81000	4645.17000	4641.68000	406
1787565303	XAUUSD	M5	4645.83000	4644.16000	4645.88000	4643.16000	402
1787565603	XAUUSD	M5	4648.69000	4645.78000	4649.89000	4645.61000	513
1787565903	XAUUSD	M5	4646.83000	4648.69000	4650.11000	4645.82000	468
1787566203	XAUUSD	M5	4648.11000	4646.99000	4650.04000	4645.32000	543
1787566503	XAUUSD	M5	4646.80000	4648.12000	4648.47000	4646.12000	485
1787566803	XAUUSD	M5	4644.96000	4646.75000	4646.92000	4642.87000	499
1787567103	XAUUSD	M5	4643.23000	4644.90000	4645.68000	4642.24000	532
1787567403	XAUUSD	M5	4645.09000	4643.11000	4645.43000	4642.68000	512
1787567703	XAUUSD	M5	4647.92000	4645.26000	4648.90000	4642.83000	454
1787568003	XAUUSD	M5	4644.17000	4647.88000	4647.95000	4643.80000	500
1787568303	XAUUSD	M5	4645.63000	4644.17000	4645.95000	4641.75000	479
1787568603	XAUUSD	M5	4645.81000	4645.71000	4647.19000	4644.56000	532
1787568903	XAUUSD	M5	4643.31000	4645.79000	4646.79000	4642.48000	516
1787569203	XAUUSD	M5	4645.87000	4643.28000	4646.97000	4640.13000	650
1787569503	XAUUSD	M5	4640.44000	4646.12000	4646.70000	4639.76000	590
1787569803	XAUUSD	M5	4642.16000	4640.59000	4644.81000	4639.17000	563
1787570103	XAUUSD	M5	4644.54000	4642.16000	4645.52000	4641.64000	486
1787570403	XAUUSD	M5	4641.54000	4644.74000	4645.73000	4640.45000	507
1787570703	XAUUSD	M5	4646.32000	4641.44000	4647.66000	4640.87000	460
1787571003	XAUUSD	M5	4650.70000	4646.61000	4650.81000	4643.50000	681
1787571303	XAUUSD	M5	4660.61000	4651.51000	4670.09000	4650.96000	960
1787571603	XAUUSD	M5	4658.83000	4660.42000	4666.44000	4654.11000	878
1787571903	XAUUSD	M5	4649.05000	4658.82000	4661.53000	4648.39000	797
1787572203	XAUUSD	M5	4659.68000	4649.10000	4659.68000	4648.42000	716
1787572503	XAUUSD	M5	4657.93000	4659.52000	4659.97000	4655.55000	610
1787572803	XAUUSD	M5	4652.21000	4657.60000	4658.38000	4650.51000	688
1787573103	XAUUSD	M5	4654.95000	4652.44000	4656.45000	4650.16000	674
1787573403	XAUUSD	M5	4657.26000	4655.31000	4659.99000	4654.04000	648
1787573703	XAUUSD	M5	4653.11000	4657.25000	4657.25000	4651.83000	619
1787574003	XAUUSD	M5	4657.51000	4652.71000	4659.46000	4651.84000	724
1787574303	XAUUSD	M5	4661.74000	4657.35000	4662.68000	4654.95000	682
1787574603	XAUUSD	M5	4654.86000	4661.73000	4661.73000	4645.61000	760
1787574903	XAUUSD	M5	4662.84000	4654.87000	4663.91000	4654.58000	720
1787575203	XAUUSD	M5	4657.41000	4662.84000	4668.37000	4655.30000	710
1787575503	XAUUSD	M5	4661.87000	4657.43000	4661.97000	4654.61000	634
1787575803	XAUUSD	M5	4666.82000	4661.87000	4666.94000	4661.60000	627
1787576103	XAUUSD	M5	4662.86000	4666.91000	4667.36000	4661.50000	693
1787576403	XAUUSD	M5	4667.26000	4662.79000	4671.20000	4661.58000	855
1787576703	XAUUSD	M5	4673.53000	4667.26000	4674.00000	4667.17000	819
1787577003	XAUUSD	M5	4677.27000	4673.58000	4677.83000	4673.31000	839
1787577303	XAUUSD	M5	4672.26000	4677.14000	4678.05000	4671.57000	797
1787577603	XAUUSD	M5	4670.76000	4672.21000	4672.53000	4667.85000	806
1787577903	XAUUSD	M5	4672.27000	4670.85000	4674.75000	4668.63000	810
1787578203	XAUUSD	M5	4679.64000	4672.28000	4680.01000	4670.04000	973
1787578503	XAUUSD	M5	4667.49000	4679.86000	4680.85000	4667.28000	956
1787578803	XAUUSD	M5	4658.95000	4667.45000	4674.40000	4658.60000	962
1787579103	XAUUSD	M5	4673.82000	4658.79000	4677.98000	4656.41000	952
1787579403	XAUUSD	M5	4666.77000	4673.65000	4675.83000	4658.13000	952
1787579703	XAUUSD	M5	4664.69000	4666.93000	4668.86000	4659.32000	931
1787580003	XAUUSD	M5	4663.65000	4664.83000	4667.74000	4659.90000	911
1787580303	XAUUSD	M5	4670.73000	4663.21000	4670.73000	4662.37000	935
1787580603	XAUUSD	M5	4665.66000	4670.72000	4671.98000	4662.14000	942
1787580903	XAUUSD	M5	4665.77000	4665.67000	4666.24000	4655.55000	938
1787581203	XAUUSD	M5	4666.19000	4665.28000	4670.01000	4664.73000	906
1787581503	XAUUSD	M5	4671.60000	4666.19000	4674.86000	4665.74000	873
1787581803	XAUUSD	M5	4676.64000	4671.65000	4677.35000	4670.64000	899
1787582103	XAUUSD	M5	4675.53000	4676.66000	4678.59000	4674.66000	849
1787582403	XAUUSD	M5	4672.03000	4675.52000	4677.72000	4669.86000	851
1787582703	XAUUSD	M5	4665.85000	4672.05000	4673.31000	4665.24000	820
1787583003	XAUUSD	M5	4668.42000	4665.84000	4668.42000	4656.96000	864
1787583303	XAUUSD	M5	4670.31000	4668.51000	4675.68000	4667.12000	865
1787583603	XAUUSD	M5	4675.64000	4670.33000	4676.60000	4665.34000	890
1787583903	XAUUSD	M5	4673.37000	4675.73000	4676.42000	4673.08000	845
1787584203	XAUUSD	M5	4672.82000	4673.37000	4674.94000	4671.02000	789
1787584503	XAUUSD	M5	4673.20000	4672.92000	4673.59000	4669.72000	796
1787584803	XAUUSD	M5	4670.15000	4673.19000	4673.37000	4668.26000	760
1787585103	XAUUSD	M5	4675.87000	4670.18000	4679.36000	4669.32000	829
1787585403	XAUUSD	M5	4672.46000	4675.84000	4677.00000	4669.81000	879
1787585703	XAUUSD	M5	4668.56000	4672.51000	4674.72000	4667.41000	790
1787586003	XAUUSD	M5	4660.86000	4668.58000	4668.66000	4659.65000	869
1787586303	XAUUSD	M5	4647.15000	4660.87000	4663.15000	4645.57000	888
1787586603	XAUUSD	M5	4653.52000	4646.73000	4655.71000	4646.73000	852
1787586903	XAUUSD	M5	4649.27000	4653.47000	4653.47000	4639.96000	897
1787587203	XAUUSD	M5	4658.80000	4649.56000	4661.42000	4646.62000	933
1787587503	XAUUSD	M5	4654.24000	4658.90000	4661.65000	4654.02000	811
1787587803	XAUUSD	M5	4657.31000	4654.36000	4657.89000	4653.58000	768
1787588103	XAUUSD	M5	4658.70000	4657.32000	4660.39000	4655.92000	757
1787588403	XAUUSD	M5	4656.56000	4658.70000	4659.39000	4656.23000	687
1787588703	XAUUSD	M5	4658.82000	4656.56000	4659.31000	4656.21000	666
1787589003	XAUUSD	M5	4660.48000	4658.81000	4661.40000	4658.81000	669
1787589303	XAUUSD	M5	4659.72000	4660.48000	4662.11000	4659.14000	655
1787589603	XAUUSD	M5	4659.78000	4659.45000	4661.23000	4658.37000	608
1787589903	XAUUSD	M5	4657.45000	4659.64000	4660.09000	4655.19000	669
1787590203	XAUUSD	M5	4652.51000	4657.41000	4657.75000	4651.10000	759
1787590503	XAUUSD	M5	4645.02000	4652.49000	4652.49000	4642.26000	821
1787590803	XAUUSD	M5	4646.00000	4644.96000	4647.76000	4641.75000	858
1787591103	XAUUSD	M5	4652.37000	4645.99000	4655.14000	4644.23000	848
1787591403	XAUUSD	M5	4651.74000	4652.32000	4654.58000	4649.42000	816
1787591703	XAUUSD	M5	4648.28000	4651.53000	4654.07000	4647.65000	827
1787592003	XAUUSD	M5	4636.88000	4648.21000	4648.23000	4630.41000	946
1787592303	XAUUSD	M5	4638.53000	4636.81000	4645.04000	4633.00000	851
1787592603	XAUUSD	M5	4637.64000	4638.63000	4641.14000	4635.69000	800
1787592903	XAUUSD	M5	4641.24000	4637.64000	4643.10000	4636.85000	775
1787593203	XAUUSD	M5	4638.66000	4641.26000	4642.31000	4638.59000	699
1787593503	XAUUSD	M5	4634.11000	4638.61000	4639.01000	4633.97000	669
1787593803	XAUUSD	M5	4634.36000	4633.92000	4638.81000	4632.91000	712
1787594103	XAUUSD	M5	4636.86000	4634.36000	4637.74000	4633.23000	678
1787594403	XAUUSD	M5	4640.15000	4636.71000	4640.88000	4635.37000	771
1787594703	XAUUSD	M5	4632.10000	4640.15000	4640.16000	4625.26000	771
1787595003	XAUUSD	M5	4632.03000	4632.15000	4634.86000	4629.97000	751
1787595303	XAUUSD	M5	4628.36000	4632.04000	4634.27000	4627.44000	769
1787595603	XAUUSD	M5	4636.54000	4628.27000	4636.81000	4627.28000	718
1787595903	XAUUSD	M5	4640.31000	4636.32000	4642.12000	4636.20000	716
1787596203	XAUUSD	M5	4632.20000	4640.44000	4641.77000	4631.69000	652
1787596503	XAUUSD	M5	4630.32000	4632.28000	4633.23000	4625.35000	719
1787596803	XAUUSD	M5	4634.95000	4630.22000	4635.68000	4630.22000	614
1787597103	XAUUSD	M5	4633.45000	4634.92000	4635.52000	4631.51000	652
1787597403	XAUUSD	M5	4633.81000	4633.29000	4635.43000	4633.04000	621
1787597703	XAUUSD	M5	4636.55000	4634.00000	4637.65000	4633.94000	664
1787598003	XAUUSD	M5	4639.07000	4636.47000	4640.68000	4636.28000	634
1787598303	XAUUSD	M5	4638.65000	4639.02000	4640.43000	4636.38000	626
1787598603	XAUUSD	M5	4636.33000	4638.60000	4638.76000	4635.97000	605
1787598903	XAUUSD	M5	4642.94000	4636.29000	4642.95000	4635.94000	591
1787599203	XAUUSD	M5	4642.40000	4642.94000	4644.84000	4641.83000	589
1787599503	XAUUSD	M5	4641.44000	4642.59000	4642.98000	4640.04000	611
1787599803	XAUUSD	M5	4641.08000	4641.42000	4642.58000	4640.24000	662
1787600103	XAUUSD	M5	4644.75000	4640.88000	4646.24000	4640.79000	670
1787600403	XAUUSD	M5	4650.01000	4644.80000	4650.88000	4644.70000	721
1787600703	XAUUSD	M5	4654.99000	4650.10000	4655.04000	4649.98000	736
1787601003	XAUUSD	M5	4653.02000	4655.07000	4655.80000	4651.26000	720
1787601303	XAUUSD	M5	4651.74000	4653.05000	4653.92000	4650.11000	766
1787601603	XAUUSD	M5	4654.24000	4651.90000	4655.03000	4650.63000	455
1787601903	XAUUSD	M5	4653.78000	4654.24000	4654.66000	4653.38000	284
1787602203	XAUUSD	M5	4650.39000	4653.92000	4655.23000	4650.26000	328
1787602503	XAUUSD	M5	4651.53000	4650.41000	4653.65000	4650.39000	248
1787602803	XAUUSD	M5	4650.50000	4651.60000	4652.46000	4650.49000	265
1787603103	XAUUSD	M5	4649.24000	4650.50000	4650.58000	4648.81000	206
1787603403	XAUUSD	M5	4648.75000	4649.16000	4649.96000	4648.45000	209
1787603703	XAUUSD	M5	4648.67000	4648.70000	4649.14000	4648.10000	204
1787604003	XAUUSD	M5	4647.76000	4648.58000	4648.66000	4647.33000	161
1787604303	XAUUSD	M5	4650.28000	4647.97000	4650.79000	4647.19000	311
1787604603	XAUUSD	M5	4651.04000	4650.25000	4651.51000	4648.99000	298
1787604903	XAUUSD	M5	4651.30000	4651.35000	4652.51000	4649.71000	283
1787608803	XAUUSD	M5	4655.68000	4654.77000	4656.49000	4652.56000	345
1787609103	XAUUSD	M5	4658.98000	4655.68000	4660.70000	4655.04000	373
1787609403	XAUUSD	M5	4658.78000	4658.86000	4660.08000	4657.96000	277
1787609703	XAUUSD	M5	4658.14000	4658.72000	4659.64000	4658.06000	232
1787610003	XAUUSD	M5	4658.52000	4658.14000	4658.99000	4657.62000	242
1787610303	XAUUSD	M5	4657.83000	4658.52000	4658.53000	4656.88000	231
1787610603	XAUUSD	M5	4659.14000	4657.79000	4659.23000	4657.34000	247
1787610903	XAUUSD	M5	4660.57000	4659.14000	4661.10000	4658.90000	246
1787611203	XAUUSD	M5	4661.57000	4660.62000	4661.62000	4660.33000	209
1787611503	XAUUSD	M5	4662.48000	4661.54000	4662.50000	4661.01000	210
1787611803	XAUUSD	M5	4664.64000	4662.54000	4665.02000	4662.36000	266
1787612103	XAUUSD	M5	4667.79000	4664.64000	4668.50000	4664.05000	266
1787612403	XAUUSD	M5	4668.50000	4667.74000	4669.68000	4667.74000	272
1787612703	XAUUSD	M5	4669.42000	4668.50000	4669.42000	4666.95000	256
1787613003	XAUUSD	M5	4672.12000	4669.42000	4672.38000	4669.00000	320
1787613303	XAUUSD	M5	4674.78000	4672.12000	4676.84000	4672.12000	382
1787613603	XAUUSD	M5	4674.58000	4674.86000	4675.36000	4673.47000	302
1787613903	XAUUSD	M5	4669.22000	4674.58000	4674.63000	4669.17000	345
1787614203	XAUUSD	M5	4672.42000	4669.21000	4672.98000	4667.62000	429
1787614503	XAUUSD	M5	4675.34000	4672.42000	4676.78000	4671.53000	359
1787614803	XAUUSD	M5	4676.43000	4675.19000	4676.85000	4675.08000	430
1787615103	XAUUSD	M5	4677.13000	4676.43000	4677.49000	4674.95000	483
1787615403	XAUUSD	M5	4679.36000	4677.17000	4682.82000	4676.98000	571
1787615703	XAUUSD	M5	4679.89000	4679.30000	4680.42000	4677.89000	423
1787616003	XAUUSD	M5	4677.45000	4679.89000	4689.33000	4676.99000	813
1787616303	XAUUSD	M5	4681.66000	4677.29000	4687.52000	4675.49000	775
1787616603	XAUUSD	M5	4690.46000	4681.78000	4691.65000	4679.92000	705
1787616903	XAUUSD	M5	4681.35000	4690.47000	4691.16000	4681.15000	762
1787617203	XAUUSD	M5	4679.82000	4681.71000	4682.91000	4679.35000	680
1787617503	XAUUSD	M5	4682.28000	4679.80000	4683.72000	4676.73000	731
1787617803	XAUUSD	M5	4688.57000	4682.35000	4693.08000	4681.75000	802
1787618103	XAUUSD	M5	4695.20000	4688.77000	4696.08000	4687.96000	705
1787618403	XAUUSD	M5	4693.41000	4695.27000	4696.53000	4692.19000	692
1787618703	XAUUSD	M5	4692.61000	4693.66000	4694.71000	4687.74000	747
1787619003	XAUUSD	M5	4688.50000	4692.61000	4693.79000	4687.89000	702
1787619303	XAUUSD	M5	4684.21000	4688.29000	4689.50000	4684.21000	598
1787619603	XAUUSD	M5	4677.22000	4684.58000	4686.17000	4671.07000	917
1787619903	XAUUSD	M5	4678.68000	4677.24000	4680.72000	4671.22000	875
1787620203	XAUUSD	M5	4678.36000	4678.68000	4680.05000	4674.92000	830
1787620503	XAUUSD	M5	4678.01000	4678.35000	4680.12000	4673.25000	810
1787620803	XAUUSD	M5	4667.03000	4678.01000	4678.15000	4666.39000	840
1787621103	XAUUSD	M5	4669.64000	4667.05000	4672.67000	4664.32000	816
1787621403	XAUUSD	M5	4668.26000	4669.56000	4674.65000	4666.97000	853
1787621703	XAUUSD	M5	4668.23000	4668.31000	4674.48000	4666.81000	771
1787622003	XAUUSD	M5	4670.72000	4668.67000	4673.43000	4667.72000	821
1787622303	XAUUSD	M5	4674.49000	4670.72000	4675.58000	4665.16000	801
1787622603	XAUUSD	M5	4665.08000	4674.48000	4674.81000	4663.62000	797
1787622903	XAUUSD	M5	4658.07000	4665.14000	4665.53000	4656.59000	777
1787623203	XAUUSD	M5	4651.27000	4658.19000	4661.44000	4650.45000	867
1787623503	XAUUSD	M5	4645.00000	4651.28000	4651.28000	4639.66000	931
1787623803	XAUUSD	M5	4641.96000	4644.68000	4645.89000	4638.37000	857
1787624103	XAUUSD	M5	4649.77000	4641.92000	4650.12000	4641.09000	699
1787624403	XAUUSD	M5	4654.21000	4649.74000	4655.79000	4649.69000	680
1787624703	XAUUSD	M5	4656.55000	4654.25000	4656.95000	4652.91000	613
1787625003	XAUUSD	M5	4646.22000	4656.62000	4656.62000	4642.57000	896
1787625303	XAUUSD	M5	4643.01000	4646.22000	4647.29000	4639.85000	761
1787625603	XAUUSD	M5	4631.50000	4643.20000	4647.37000	4631.04000	803
1787625903	XAUUSD	M5	4632.88000	4630.89000	4637.47000	4630.24000	829
1787626203	XAUUSD	M5	4626.86000	4632.88000	4635.99000	4618.34000	892
1787626503	XAUUSD	M5	4629.55000	4626.90000	4629.55000	4620.94000	822
1787626803	XAUUSD	M5	4623.95000	4629.51000	4631.25000	4622.38000	817
1787627103	XAUUSD	M5	4635.53000	4623.95000	4638.13000	4622.72000	811
1787627403	XAUUSD	M5	4633.67000	4635.31000	4638.21000	4631.90000	755
1787627703	XAUUSD	M5	4635.65000	4633.67000	4637.10000	4632.08000	704
1787628003	XAUUSD	M5	4634.87000	4635.46000	4637.05000	4632.67000	693
1787628303	XAUUSD	M5	4637.85000	4634.87000	4638.39000	4634.87000	691
1787628603	XAUUSD	M5	4640.49000	4637.85000	4641.19000	4636.18000	570
1787628903	XAUUSD	M5	4635.53000	4640.52000	4641.40000	4634.70000	501
1787629203	XAUUSD	M5	4634.46000	4635.63000	4637.25000	4633.99000	490
1787629503	XAUUSD	M5	4633.79000	4634.31000	4635.32000	4631.61000	522
1787629803	XAUUSD	M5	4633.36000	4633.79000	4634.75000	4631.81000	499
1787630103	XAUUSD	M5	4633.72000	4633.28000	4635.92000	4632.31000	478
1787630403	XAUUSD	M5	4634.99000	4633.72000	4635.71000	4630.92000	575
1787630703	XAUUSD	M5	4636.03000	4634.99000	4636.44000	4634.16000	427
1787631003	XAUUSD	M5	4637.16000	4636.16000	4637.71000	4635.19000	446
1787631303	XAUUSD	M5	4634.49000	4637.16000	4637.16000	4633.51000	478
1787631603	XAUUSD	M5	4632.89000	4634.64000	4635.65000	4631.12000	495
1787631903	XAUUSD	M5	4630.78000	4632.86000	4632.90000	4628.89000	472
1787632203	XAUUSD	M5	4629.83000	4630.85000	4632.80000	4626.22000	590
1787632503	XAUUSD	M5	4627.18000	4629.78000	4631.31000	4626.38000	561
1787632803	XAUUSD	M5	4625.98000	4627.23000	4627.43000	4623.86000	628
1787633103	XAUUSD	M5	4626.48000	4625.93000	4626.96000	4624.62000	577
1787633403	XAUUSD	M5	4627.11000	4626.42000	4628.90000	4624.22000	613
1787633703	XAUUSD	M5	4625.94000	4627.14000	4627.63000	4625.69000	537
1787634003	XAUUSD	M5	4629.27000	4625.96000	4629.27000	4624.06000	635
1787634303	XAUUSD	M5	4635.53000	4629.27000	4639.10000	4629.19000	642
1787634603	XAUUSD	M5	4637.91000	4635.74000	4639.08000	4635.67000	584
1787634903	XAUUSD	M5	4644.20000	4637.89000	4644.20000	4637.85000	543
1787635203	XAUUSD	M5	4644.29000	4644.20000	4646.25000	4642.98000	555
1787635503	XAUUSD	M5	4646.47000	4644.29000	4647.89000	4642.78000	523
1787635803	XAUUSD	M5	4642.68000	4646.52000	4646.95000	4639.26000	799
1787636103	XAUUSD	M5	4642.97000	4642.90000	4646.50000	4642.18000	668
1787636403	XAUUSD	M5	4639.11000	4642.97000	4643.28000	4638.05000	750
1787636703	XAUUSD	M5	4639.55000	4639.11000	4642.46000	4636.00000	684
1787637003	XAUUSD	M5	4643.86000	4639.72000	4643.88000	4637.03000	714
1787637303	XAUUSD	M5	4643.04000	4643.86000	4645.93000	4641.51000	655
1787637603	XAUUSD	M5	4644.37000	4643.04000	4646.27000	4641.26000	684
1787637903	XAUUSD	M5	4648.00000	4644.37000	4648.43000	4644.22000	665
1787638203	XAUUSD	M5	4649.55000	4648.00000	4650.37000	4647.82000	662
1787638503	XAUUSD	M5	4647.46000	4649.55000	4649.55000	4646.68000	562
1787638803	XAUUSD	M5	4651.45000	4647.48000	4652.04000	4645.44000	648
1787639103	XAUUSD	M5	4650.02000	4651.46000	4653.42000	4649.83000	596
1787639403	XAUUSD	M5	4651.38000	4650.02000	4653.37000	4648.90000	589
1787639703	XAUUSD	M5	4649.77000	4651.35000	4652.65000	4648.27000	597
1787640003	XAUUSD	M5	4648.10000	4649.87000	4652.65000	4647.93000	584
1787640303	XAUUSD	M5	4647.77000	4647.87000	4649.26000	4646.62000	577
1787640603	XAUUSD	M5	4641.35000	4647.77000	4648.17000	4641.35000	618
1787640903	XAUUSD	M5	4638.24000	4641.31000	4641.77000	4636.99000	628
1787641203	XAUUSD	M5	4639.93000	4638.18000	4640.77000	4636.84000	670
1787641503	XAUUSD	M5	4641.16000	4640.12000	4642.14000	4636.57000	654
1787641803	XAUUSD	M5	4639.60000	4640.99000	4641.71000	4637.63000	540
1787642103	XAUUSD	M5	4641.17000	4639.69000	4642.72000	4637.94000	571
1787642403	XAUUSD	M5	4640.70000	4641.17000	4643.70000	4639.38000	476
1787642703	XAUUSD	M5	4634.54000	4640.71000	4641.03000	4634.52000	510
1787643003	XAUUSD	M5	4635.14000	4634.55000	4639.00000	4634.19000	558
1787643303	XAUUSD	M5	4636.53000	4635.12000	4636.69000	4634.02000	593
1787643603	XAUUSD	M5	4639.22000	4636.56000	4640.20000	4635.12000	482
1787643903	XAUUSD	M5	4635.70000	4639.33000	4640.46000	4634.54000	497
1787644203	XAUUSD	M5	4631.60000	4635.67000	4636.96000	4631.25000	597
1787644503	XAUUSD	M5	4630.16000	4631.60000	4631.67000	4629.88000	576
1787644803	XAUUSD	M5	4625.95000	4630.14000	4631.26000	4625.43000	773
1787645103	XAUUSD	M5	4623.36000	4625.96000	4629.10000	4620.12000	707
1787645403	XAUUSD	M5	4626.50000	4623.37000	4626.79000	4623.00000	596
1787645703	XAUUSD	M5	4628.17000	4626.58000	4630.25000	4625.77000	577
1787646003	XAUUSD	M5	4644.98000	4628.17000	4645.48000	4626.88000	706
1787646303	XAUUSD	M5	4633.12000	4645.09000	4645.09000	4631.98000	785
1787646603	XAUUSD	M5	4634.27000	4633.07000	4635.41000	4631.64000	743
1787646903	XAUUSD	M5	4629.99000	4634.45000	4635.00000	4629.32000	670
1787647203	XAUUSD	M5	4632.13000	4630.00000	4632.13000	4626.00000	603
1787647503	XAUUSD	M5	4628.01000	4632.06000	4633.93000	4627.48000	553
1787647803	XAUUSD	M5	4626.64000	4627.97000	4628.33000	4625.25000	562
1787648103	XAUUSD	M5	4630.31000	4626.72000	4630.68000	4626.42000	571
1787648403	XAUUSD	M5	4626.71000	4630.22000	4630.23000	4624.91000	711
1787648703	XAUUSD	M5	4633.01000	4626.60000	4633.42000	4625.11000	632
1787649003	XAUUSD	M5	4630.59000	4632.97000	4633.11000	4629.35000	536
1787649303	XAUUSD	M5	4631.91000	4630.51000	4633.57000	4630.09000	562
1787649603	XAUUSD	M5	4630.01000	4631.72000	4632.39000	4629.62000	585
1787649903	XAUUSD	M5	4626.31000	4630.05000	4630.05000	4625.69000	543
1787650203	XAUUSD	M5	4637.46000	4626.51000	4639.18000	4624.14000	623
1787650503	XAUUSD	M5	4630.46000	4636.96000	4636.96000	4629.68000	752
1787650803	XAUUSD	M5	4637.06000	4630.43000	4639.12000	4629.38000	702
1787651103	XAUUSD	M5	4640.58000	4637.12000	4640.59000	4636.47000	614
1787651403	XAUUSD	M5	4638.12000	4640.58000	4642.56000	4638.02000	678
1787651703	XAUUSD	M5	4636.33000	4638.08000	4640.03000	4635.85000	643
1787652003	XAUUSD	M5	4634.42000	4636.35000	4637.19000	4633.26000	611
1787652303	XAUUSD	M5	4635.45000	4634.42000	4636.74000	4633.60000	533
1787652603	XAUUSD	M5	4635.45000	4635.45000	4638.53000	4633.58000	513
1787652903	XAUUSD	M5	4636.98000	4635.42000	4638.99000	4634.96000	434
1787653203	XAUUSD	M5	4635.42000	4637.11000	4638.41000	4635.32000	483
1787653503	XAUUSD	M5	4633.72000	4635.42000	4637.56000	4633.14000	482
1787653803	XAUUSD	M5	4635.40000	4633.72000	4636.90000	4632.89000	529
1787654103	XAUUSD	M5	4637.57000	4635.50000	4638.28000	4633.80000	434
1787654403	XAUUSD	M5	4637.59000	4637.66000	4640.80000	4636.98000	488
1787654703	XAUUSD	M5	4638.13000	4637.65000	4641.00000	4637.24000	469
1787655003	XAUUSD	M5	4641.15000	4638.13000	4641.77000	4637.05000	512
1787655303	XAUUSD	M5	4639.46000	4641.15000	4642.33000	4639.44000	451
1787655603	XAUUSD	M5	4640.37000	4639.23000	4640.75000	4637.73000	576
1787655903	XAUUSD	M5	4640.46000	4640.37000	4643.30000	4636.72000	593
1787656203	XAUUSD	M5	4642.83000	4640.46000	4642.92000	4639.29000	555
1787656503	XAUUSD	M5	4643.90000	4642.83000	4645.12000	4641.52000	503
1787656803	XAUUSD	M5	4642.39000	4643.90000	4644.58000	4640.63000	484
1787657103	XAUUSD	M5	4641.53000	4642.38000	4642.70000	4638.97000	482
1787657403	XAUUSD	M5	4643.05000	4641.64000	4644.54000	4640.62000	543
1787657703	XAUUSD	M5	4644.67000	4643.08000	4644.67000	4642.05000	459
1787658003	XAUUSD	M5	4640.57000	4644.56000	4645.18000	4640.24000	509
1787658303	XAUUSD	M5	4644.50000	4640.56000	4646.17000	4640.52000	539
1787658603	XAUUSD	M5	4643.89000	4644.53000	4647.25000	4641.63000	607
1787658903	XAUUSD	M5	4642.37000	4643.88000	4645.08000	4641.89000	521
1787659203	XAUUSD	M5	4636.85000	4642.37000	4642.46000	4634.95000	665
1787659503	XAUUSD	M5	4637.29000	4636.83000	4638.52000	4635.65000	583
1787659803	XAUUSD	M5	4639.28000	4637.16000	4642.14000	4636.30000	651
1787660103	XAUUSD	M5	4635.61000	4639.12000	4639.25000	4633.14000	632
1787660403	XAUUSD	M5	4633.67000	4635.59000	4639.38000	4632.03000	652
1787660703	XAUUSD	M5	4637.38000	4633.76000	4637.58000	4633.15000	642
1787661003	XAUUSD	M5	4633.11000	4637.36000	4637.70000	4632.73000	670
1787661303	XAUUSD	M5	4630.67000	4633.17000	4634.86000	4630.60000	619
1787661603	XAUUSD	M5	4638.41000	4630.69000	4640.46000	4630.15000	668
1787661903	XAUUSD	M5	4640.28000	4638.39000	4642.63000	4637.32000	601
1787662203	XAUUSD	M5	4640.98000	4640.28000	4644.26000	4639.76000	605
1787662503	XAUUSD	M5	4640.77000	4640.99000	4641.29000	4638.64000	565
1787662803	XAUUSD	M5	4634.32000	4640.75000	4641.01000	4630.21000	890
1787663103	XAUUSD	M5	4631.03000	4634.57000	4636.26000	4628.22000	818
1787663403	XAUUSD	M5	4623.31000	4631.12000	4633.84000	4622.91000	883
1787663703	XAUUSD	M5	4625.97000	4623.19000	4628.15000	4620.60000	870
1787664003	XAUUSD	M5	4614.57000	4625.95000	4626.30000	4612.81000	865
1787664303	XAUUSD	M5	4609.59000	4614.51000	4618.14000	4609.04000	863
1787664603	XAUUSD	M5	4621.51000	4609.60000	4623.50000	4609.17000	923
1787664903	XAUUSD	M5	4615.45000	4621.49000	4621.68000	4609.64000	933
1787665203	XAUUSD	M5	4612.82000	4615.60000	4621.37000	4610.95000	927
1787665503	XAUUSD	M5	4606.99000	4612.75000	4615.30000	4605.22000	941
1787665803	XAUUSD	M5	4607.45000	4607.00000	4612.09000	4606.07000	919
1787666103	XAUUSD	M5	4616.50000	4607.50000	4617.62000	4605.78000	874
1787666403	XAUUSD	M5	4618.63000	4616.52000	4621.29000	4613.67000	909
1787666703	XAUUSD	M5	4622.90000	4618.71000	4624.68000	4617.92000	889
1787667003	XAUUSD	M5	4622.76000	4623.06000	4626.38000	4621.98000	852
1787667303	XAUUSD	M5	4619.53000	4623.07000	4624.86000	4619.33000	874
1787667603	XAUUSD	M5	4625.56000	4619.51000	4625.96000	4618.74000	869
1787667903	XAUUSD	M5	4623.72000	4625.56000	4628.38000	4623.37000	807
1787668203	XAUUSD	M5	4629.25000	4623.76000	4631.44000	4613.49000	909
1787668503	XAUUSD	M5	4636.75000	4629.59000	4637.43000	4629.50000	837
1787668803	XAUUSD	M5	4637.27000	4636.69000	4638.12000	4631.14000	840
1787669103	XAUUSD	M5	4636.44000	4637.09000	4640.01000	4635.41000	846
1787669403	XAUUSD	M5	4634.70000	4636.61000	4638.15000	4632.62000	818
1787669703	XAUUSD	M5	4635.54000	4634.64000	4637.20000	4633.17000	808
1787670003	XAUUSD	M5	4632.24000	4635.57000	4637.18000	4630.58000	848
1787670303	XAUUSD	M5	4632.46000	4632.23000	4633.99000	4630.55000	828
1787670603	XAUUSD	M5	4633.24000	4632.46000	4635.23000	4630.83000	763
1787670903	XAUUSD	M5	4638.75000	4633.27000	4639.39000	4630.02000	796
1787671203	XAUUSD	M5	4640.63000	4638.79000	4644.61000	4638.64000	797
1787671503	XAUUSD	M5	4639.83000	4640.57000	4643.37000	4637.15000	785
1787671803	XAUUSD	M5	4648.64000	4639.82000	4651.09000	4639.82000	858
1787672103	XAUUSD	M5	4655.88000	4648.76000	4658.32000	4648.03000	938
1787672403	XAUUSD	M5	4656.11000	4655.85000	4659.34000	4654.46000	866
1787672703	XAUUSD	M5	4651.76000	4656.21000	4657.23000	4651.30000	850
1787673003	XAUUSD	M5	4650.38000	4651.74000	4652.44000	4649.05000	777
1787673303	XAUUSD	M5	4652.66000	4650.66000	4653.98000	4648.87000	758
1787673603	XAUUSD	M5	4648.16000	4652.84000	4653.36000	4647.75000	776
1787673903	XAUUSD	M5	4644.96000	4648.12000	4649.26000	4644.85000	704
1787674203	XAUUSD	M5	4644.79000	4645.02000	4646.02000	4642.86000	712
1787674503	XAUUSD	M5	4643.11000	4644.72000	4647.28000	4641.84000	702
1787674803	XAUUSD	M5	4640.11000	4643.11000	4643.46000	4637.99000	671
1787675103	XAUUSD	M5	4640.66000	4640.14000	4642.60000	4639.41000	635
1787675403	XAUUSD	M5	4638.31000	4640.82000	4642.21000	4638.24000	742
1787675703	XAUUSD	M5	4644.39000	4638.52000	4645.37000	4637.08000	703
1787676003	XAUUSD	M5	4643.96000	4644.39000	4645.15000	4642.89000	653
1787676303	XAUUSD	M5	4645.18000	4643.97000	4646.22000	4641.84000	695
1787676603	XAUUSD	M5	4643.72000	4645.24000	4646.58000	4643.66000	606
1787676903	XAUUSD	M5	4643.28000	4643.71000	4644.76000	4640.47000	666
1787677203	XAUUSD	M5	4640.35000	4643.50000	4643.82000	4638.55000	740
1787677503	XAUUSD	M5	4636.09000	4640.32000	4640.44000	4635.28000	660
1787677803	XAUUSD	M5	4637.85000	4636.04000	4639.96000	4634.21000	694
1787678103	XAUUSD	M5	4642.81000	4637.95000	4643.01000	4634.46000	637
1787678403	XAUUSD	M5	4639.20000	4642.67000	4645.08000	4637.91000	656
1787678703	XAUUSD	M5	4637.09000	4639.18000	4641.08000	4636.17000	732
1787679003	XAUUSD	M5	4638.25000	4637.15000	4639.56000	4636.30000	659
1787679303	XAUUSD	M5	4642.87000	4638.25000	4643.18000	4637.96000	557
1787679603	XAUUSD	M5	4642.90000	4642.88000	4644.61000	4641.42000	558
1787679903	XAUUSD	M5	4645.92000	4642.90000	4646.71000	4642.77000	535
1787680203	XAUUSD	M5	4645.02000	4645.93000	4646.11000	4642.64000	472
1787680503	XAUUSD	M5	4648.39000	4644.90000	4648.39000	4644.83000	484
1787680803	XAUUSD	M5	4644.75000	4648.35000	4648.47000	4644.52000	597
1787681103	XAUUSD	M5	4646.38000	4644.85000	4647.92000	4644.30000	509
1787681403	XAUUSD	M5	4647.15000	4646.42000	4650.39000	4646.11000	494
1787681703	XAUUSD	M5	4649.07000	4647.15000	4649.12000	4646.34000	418
1787682003	XAUUSD	M5	4648.96000	4649.06000	4649.56000	4648.20000	455
1787682303	XAUUSD	M5	4649.95000	4648.96000	4650.50000	4648.85000	479
1787682603	XAUUSD	M5	4647.46000	4650.03000	4650.03000	4646.35000	467
1787682903	XAUUSD	M5	4648.16000	4647.46000	4648.64000	4645.94000	420
1787683203	XAUUSD	M5	4649.33000	4648.17000	4650.49000	4647.93000	385
1787683503	XAUUSD	M5	4651.25000	4649.33000	4652.11000	4649.25000	422
1787683803	XAUUSD	M5	4650.97000	4651.25000	4651.30000	4649.75000	421
1787684103	XAUUSD	M5	4654.55000	4650.94000	4655.07000	4650.71000	444
1787684403	XAUUSD	M5	4654.19000	4654.61000	4658.01000	4653.35000	561
1787684703	XAUUSD	M5	4659.26000	4654.09000	4660.27000	4653.63000	563
1787685003	XAUUSD	M5	4662.11000	4659.26000	4663.04000	4658.99000	607
1787685303	XAUUSD	M5	4666.23000	4662.12000	4667.75000	4661.80000	618
1787685603	XAUUSD	M5	4664.28000	4666.37000	4666.98000	4662.94000	603
1787685903	XAUUSD	M5	4660.93000	4664.26000	4664.31000	4659.99000	550
1787686203	XAUUSD	M5	4659.13000	4660.97000	4661.85000	4658.72000	580
1787686503	XAUUSD	M5	4659.45000	4659.13000	4660.42000	4657.96000	548
1787686803	XAUUSD	M5	4662.15000	4659.46000	4664.51000	4659.22000	623
1787687103	XAUUSD	M5	4664.50000	4662.15000	4664.69000	4660.38000	612
1787687403	XAUUSD	M5	4665.09000	4664.47000	4667.48000	4662.08000	750
1787687703	XAUUSD	M5	4666.93000	4665.16000	4667.44000	4660.96000	779
1787688003	XAUUSD	M5	4665.12000	4666.97000	4667.59000	4664.46000	477
1787688303	XAUUSD	M5	4668.35000	4665.35000	4668.37000	4662.88000	436
1787688603	XAUUSD	M5	4666.01000	4668.35000	4668.94000	4665.88000	469
1787688903	XAUUSD	M5	4666.09000	4665.77000	4666.69000	4665.42000	339
1787689203	XAUUSD	M5	4666.29000	4666.09000	4667.71000	4665.74000	326
1787689503	XAUUSD	M5	4662.49000	4666.29000	4666.30000	4662.04000	380
1787689803	XAUUSD	M5	4661.85000	4662.49000	4664.21000	4661.48000	403
1787690103	XAUUSD	M5	4661.51000	4661.85000	4662.52000	4661.32000	343
1787690403	XAUUSD	M5	4661.49000	4661.51000	4661.95000	4660.25000	348
1787690703	XAUUSD	M5	4661.08000	4661.53000	4662.18000	4660.67000	392
1787691003	XAUUSD	M5	4659.61000	4660.96000	4661.50000	4659.34000	315
1787691303	XAUUSD	M5	4658.74000	4659.58000	4660.04000	4657.56000	319
1787695203	XAUUSD	M5	4661.51000	4657.16000	4661.51000	4656.17000	376
1787695503	XAUUSD	M5	4661.29000	4661.36000	4661.92000	4660.19000	230
1787695803	XAUUSD	M5	4664.52000	4661.35000	4664.74000	4660.88000	194
1787696103	XAUUSD	M5	4666.32000	4664.32000	4666.78000	4664.32000	244
1787696403	XAUUSD	M5	4666.49000	4666.32000	4666.83000	4665.06000	241
1787696703	XAUUSD	M5	4666.76000	4666.49000	4666.81000	4665.54000	210
1787697003	XAUUSD	M5	4668.80000	4666.76000	4668.81000	4666.62000	316
1787697303	XAUUSD	M5	4669.96000	4669.12000	4670.75000	4666.89000	347
1787697603	XAUUSD	M5	4669.96000	4669.96000	4670.25000	4668.81000	252
1787697903	XAUUSD	M5	4672.11000	4669.91000	4672.63000	4669.70000	310
1787698203	XAUUSD	M5	4672.35000	4671.90000	4673.68000	4671.90000	258
1787698503	XAUUSD	M5	4672.46000	4672.35000	4673.35000	4672.35000	262
1787698803	XAUUSD	M5	4672.09000	4672.53000	4673.43000	4670.32000	337
1787699103	XAUUSD	M5	4669.08000	4672.09000	4672.50000	4669.05000	290
1787699403	XAUUSD	M5	4668.05000	4669.08000	4669.67000	4667.17000	273
1787699703	XAUUSD	M5	4667.33000	4668.05000	4668.11000	4666.48000	229
1787700003	XAUUSD	M5	4661.54000	4667.33000	4667.33000	4661.52000	380
1787700303	XAUUSD	M5	4661.07000	4661.57000	4661.72000	4660.06000	341
1787700603	XAUUSD	M5	4660.26000	4661.04000	4661.39000	4658.40000	346
1787700903	XAUUSD	M5	4659.35000	4660.26000	4660.76000	4659.24000	216
1787701203	XAUUSD	M5	4656.17000	4659.18000	4659.74000	4655.72000	399
1787701503	XAUUSD	M5	4655.85000	4656.12000	4658.82000	4655.29000	464
1787701803	XAUUSD	M5	4654.91000	4655.85000	4657.05000	4654.16000	416
1787702103	XAUUSD	M5	4654.92000	4654.91000	4655.59000	4653.28000	434
1787702403	XAUUSD	M5	4652.56000	4654.92000	4657.64000	4651.73000	725
1787702703	XAUUSD	M5	4653.75000	4652.53000	4654.25000	4651.71000	641
1787703003	XAUUSD	M5	4651.38000	4653.89000	4654.77000	4651.13000	510
1787703303	XAUUSD	M5	4651.38000	4651.33000	4655.07000	4650.34000	542
1787703603	XAUUSD	M5	4645.29000	4651.22000	4651.55000	4644.95000	553
1787703903	XAUUSD	M5	4646.71000	4645.36000	4647.57000	4643.04000	558
1787704203	XAUUSD	M5	4645.07000	4646.77000	4650.19000	4644.07000	612
1787704503	XAUUSD	M5	4639.90000	4645.06000	4645.41000	4638.60000	643
1787704803	XAUUSD	M5	4637.07000	4639.88000	4640.09000	4636.38000	560
1787705103	XAUUSD	M5	4636.46000	4637.06000	4638.62000	4636.22000	611
1787705403	XAUUSD	M5	4636.09000	4636.51000	4639.02000	4634.42000	595
1787705703	XAUUSD	M5	4637.66000	4636.34000	4639.06000	4635.97000	562
1787706003	XAUUSD	M5	4646.03000	4637.65000	4646.48000	4629.80000	902
1787706303	XAUUSD	M5	4644.65000	4646.12000	4647.80000	4640.74000	775
1787706603	XAUUSD	M5	4644.32000	4644.73000	4646.53000	4640.92000	728
1787706903	XAUUSD	M5	4645.56000	4644.32000	4650.38000	4644.32000	723
1787707203	XAUUSD	M5	4644.50000	4645.60000	4649.23000	4644.50000	738
1787707503	XAUUSD	M5	4643.60000	4644.50000	4648.04000	4643.52000	671
1787707803	XAUUSD	M5	4639.26000	4643.84000	4645.33000	4639.11000	820
1787708103	XAUUSD	M5	4645.35000	4639.28000	4646.69000	4639.28000	745
1787708403	XAUUSD	M5	4644.78000	4645.54000	4647.01000	4639.88000	707
1787708703	XAUUSD	M5	4650.98000	4644.78000	4651.01000	4642.99000	730
1787709003	XAUUSD	M5	4651.83000	4650.99000	4653.61000	4650.35000	780
1787709303	XAUUSD	M5	4656.96000	4651.87000	4660.77000	4651.60000	746
1787709603	XAUUSD	M5	4659.83000	4656.96000	4660.59000	4654.84000	771
1787709903	XAUUSD	M5	4660.49000	4659.65000	4661.69000	4658.75000	698
1787710203	XAUUSD	M5	4660.18000	4660.51000	4661.48000	4657.92000	687
1787710503	XAUUSD	M5	4661.02000	4660.17000	4661.42000	4659.25000	468
1787710803	XAUUSD	M5	4659.10000	4661.12000	4661.75000	4658.84000	479
1787711103	XAUUSD	M5	4658.99000	4659.10000	4659.85000	4656.07000	503
1787711403	XAUUSD	M5	4663.66000	4658.99000	4663.80000	4657.59000	728
1787711703	XAUUSD	M5	4663.42000	4663.68000	4665.68000	4659.42000	700
1787712003	XAUUSD	M5	4667.23000	4663.41000	4670.66000	4661.98000	716
1787712303	XAUUSD	M5	4665.83000	4667.15000	4668.96000	4665.34000	625
1787712603	XAUUSD	M5	4660.95000	4665.87000	4666.89000	4660.36000	640
1787712903	XAUUSD	M5	4658.35000	4660.93000	4661.08000	4657.90000	561
1787713203	XAUUSD	M5	4656.79000	4658.41000	4658.49000	4653.38000	644
1787713503	XAUUSD	M5	4650.11000	4656.85000	4657.21000	4649.59000	664
1787713803	XAUUSD	M5	4648.26000	4650.08000	4650.23000	4647.28000	600
1787714103	XAUUSD	M5	4647.59000	4648.27000	4648.65000	4646.07000	577
1787714403	XAUUSD	M5	4648.92000	4647.59000	4650.85000	4647.25000	587
1787714703	XAUUSD	M5	4650.42000	4648.94000	4650.72000	4647.76000	526
1787715003	XAUUSD	M5	4650.11000	4650.27000	4651.42000	4649.72000	429
1787715303	XAUUSD	M5	4648.22000	4650.11000	4651.24000	4646.83000	410
1787715603	XAUUSD	M5	4645.25000	4648.22000	4648.94000	4645.24000	390
1787715903	XAUUSD	M5	4644.96000	4645.25000	4645.33000	4642.54000	442
1787716203	XAUUSD	M5	4644.25000	4644.85000	4645.43000	4643.24000	339
1787716503	XAUUSD	M5	4642.72000	4644.25000	4644.56000	4642.72000	364
1787716803	XAUUSD	M5	4642.85000	4642.73000	4644.35000	4642.46000	373
1787717103	XAUUSD	M5	4643.68000	4642.85000	4643.79000	4641.82000	310
1787717403	XAUUSD	M5	4642.54000	4643.68000	4643.93000	4642.54000	298
1787717703	XAUUSD	M5	4642.10000	4642.47000	4643.29000	4641.39000	316
1787718003	XAUUSD	M5	4642.65000	4642.10000	4642.96000	4641.50000	345
1787718303	XAUUSD	M5	4642.27000	4642.53000	4642.82000	4641.18000	277
1787718603	XAUUSD	M5	4641.78000	4642.27000	4643.32000	4641.14000	307
1787718903	XAUUSD	M5	4640.40000	4641.78000	4642.26000	4640.34000	297
1787719203	XAUUSD	M5	4640.86000	4640.40000	4642.17000	4639.81000	294
1787719503	XAUUSD	M5	4640.23000	4640.80000	4641.16000	4638.82000	374
1787719803	XAUUSD	M5	4640.84000	4640.22000	4641.91000	4639.72000	345
1787720103	XAUUSD	M5	4640.70000	4640.84000	4641.73000	4639.57000	355
1787720403	XAUUSD	M5	4642.07000	4640.75000	4643.79000	4640.20000	437
1787720703	XAUUSD	M5	4645.72000	4642.07000	4645.93000	4641.77000	422
1787721003	XAUUSD	M5	4643.42000	4645.49000	4645.74000	4641.45000	392
1787721303	XAUUSD	M5	4643.53000	4643.42000	4644.72000	4641.46000	440
1787721603	XAUUSD	M5	4643.90000	4643.48000	4644.55000	4641.85000	418
1787721903	XAUUSD	M5	4643.37000	4643.92000	4645.42000	4642.68000	407
1787722203	XAUUSD	M5	4645.73000	4643.46000	4649.55000	4641.25000	715
1787722503	XAUUSD	M5	4641.69000	4645.76000	4646.06000	4638.74000	736
1787722803	XAUUSD	M5	4638.12000	4641.69000	4644.64000	4638.04000	625
1787723103	XAUUSD	M5	4637.68000	4638.12000	4640.64000	4635.56000	687
1787723403	XAUUSD	M5	4639.00000	4637.81000	4640.40000	4637.10000	629
1787723703	XAUUSD	M5	4639.80000	4639.03000	4639.80000	4637.07000	629
1787724003	XAUUSD	M5	4641.03000	4639.79000	4641.51000	4636.29000	667
1787724303	XAUUSD	M5	4639.15000	4641.05000	4641.05000	4637.46000	613
1787724603	XAUUSD	M5	4637.59000	4639.04000	4639.28000	4636.09000	615
1787724903	XAUUSD	M5	4634.28000	4637.72000	4637.90000	4631.26000	692
1787725203	XAUUSD	M5	4627.07000	4634.29000	4634.68000	4625.98000	703
1787725503	XAUUSD	M5	4626.65000	4627.07000	4628.96000	4624.71000	647
1787725803	XAUUSD	M5	4630.46000	4626.70000	4630.64000	4625.72000	628
1787726103	XAUUSD	M5	4630.62000	4630.99000	4631.11000	4627.21000	608
1787726403	XAUUSD	M5	4633.43000	4630.62000	4634.09000	4629.87000	568
1787726703	XAUUSD	M5	4635.15000	4633.43000	4636.98000	4633.43000	535
1787727003	XAUUSD	M5	4633.37000	4635.14000	4635.75000	4632.57000	551
1787727303	XAUUSD	M5	4634.38000	4633.37000	4634.63000	4630.62000	576
1787727603	XAUUSD	M5	4639.03000	4634.33000	4639.15000	4634.33000	605
1787727903	XAUUSD	M5	4635.23000	4639.05000	4639.22000	4633.21000	540
1787728203	XAUUSD	M5	4636.38000	4635.31000	4636.90000	4633.68000	518
1787728503	XAUUSD	M5	4633.96000	4636.38000	4637.68000	4633.74000	514
1787728803	XAUUSD	M5	4634.21000	4633.86000	4635.42000	4632.12000	504
1787729103	XAUUSD	M5	4631.33000	4634.14000	4635.95000	4630.78000	489
1787729403	XAUUSD	M5	4633.47000	4631.45000	4636.41000	4631.28000	530
1787729703	XAUUSD	M5	4630.52000	4633.44000	4634.34000	4630.05000	491
1787730003	XAUUSD	M5	4631.87000	4630.50000	4631.87000	4628.94000	452
1787730303	XAUUSD	M5	4631.89000	4631.82000	4634.86000	4630.86000	438
1787730603	XAUUSD	M5	4628.52000	4631.89000	4631.89000	4627.72000	501
1787730903	XAUUSD	M5	4629.04000	4628.52000	4630.02000	4626.50000	525
1787731203	XAUUSD	M5	4628.66000	4629.03000	4630.38000	4626.63000	619
1787731503	XAUUSD	M5	4627.75000	4628.73000	4629.74000	4625.69000	513
1787731803	XAUUSD	M5	4625.82000	4627.69000	4628.59000	4625.74000	483
1787732103	XAUUSD	M5	4625.09000	4625.82000	4628.52000	4622.98000	534
1787732403	XAUUSD	M5	4626.40000	4625.09000	4626.50000	4622.28000	492
1787732703	XAUUSD	M5	4629.57000	4626.40000	4629.60000	4625.75000	505
1787733003	XAUUSD	M5	4628.28000	4629.56000	4630.69000	4625.15000	590
1787733303	XAUUSD	M5	4629.07000	4628.28000	4630.45000	4627.99000	448
1787733603	XAUUSD	M5	4629.43000	4629.21000	4629.72000	4627.96000	422
1787733903	XAUUSD	M5	4628.28000	4629.41000	4629.86000	4627.08000	383
1787734203	XAUUSD	M5	4627.63000	4628.83000	4628.96000	4627.42000	356
1787734503	XAUUSD	M5	4628.29000	4627.63000	4628.54000	4625.99000	415
1787734803	XAUUSD	M5	4625.97000	4628.29000	4630.88000	4625.78000	522
1787735103	XAUUSD	M5	4624.26000	4625.88000	4627.71000	4624.14000	488
1787735403	XAUUSD	M5	4624.82000	4624.24000	4627.79000	4623.96000	477
1787735703	XAUUSD	M5	4621.18000	4624.84000	4625.09000	4620.92000	494
1787736003	XAUUSD	M5	4618.99000	4621.11000	4621.41000	4618.55000	496
1787736303	XAUUSD	M5	4616.81000	4618.96000	4619.30000	4616.24000	549
1787736603	XAUUSD	M5	4621.00000	4617.00000	4622.29000	4616.78000	513
1787736903	XAUUSD	M5	4620.30000	4621.05000	4621.33000	4619.93000	421
1787737203	XAUUSD	M5	4622.01000	4620.34000	4622.32000	4619.54000	419
1787737503	XAUUSD	M5	4624.20000	4621.92000	4625.57000	4621.89000	447
1787737803	XAUUSD	M5	4624.09000	4624.04000	4625.03000	4622.80000	471
1787738103	XAUUSD	M5	4623.20000	4624.12000	4625.07000	4623.20000	388
1787738403	XAUUSD	M5	4623.42000	4623.12000	4624.05000	4620.40000	461
1787738703	XAUUSD	M5	4621.90000	4623.42000	4623.42000	4620.48000	322
1787739003	XAUUSD	M5	4619.01000	4621.98000	4621.98000	4617.75000	412
1787739303	XAUUSD	M5	4617.17000	4619.01000	4620.41000	4617.04000	425
1787739603	XAUUSD	M5	4618.59000	4617.17000	4619.93000	4616.06000	425
1787739903	XAUUSD	M5	4615.06000	4618.57000	4618.57000	4613.34000	505
1787740203	XAUUSD	M5	4619.30000	4615.25000	4619.52000	4614.67000	414
1787740503	XAUUSD	M5	4624.08000	4619.36000	4624.19000	4618.54000	431
1787740803	XAUUSD	M5	4622.20000	4624.08000	4624.08000	4620.81000	445
1787741103	XAUUSD	M5	4623.39000	4622.24000	4623.73000	4622.18000	368
1787741403	XAUUSD	M5	4622.72000	4623.44000	4624.02000	4621.71000	362
1787741703	XAUUSD	M5	4620.28000	4622.69000	4622.69000	4618.84000	341
1787742003	XAUUSD	M5	4620.79000	4620.28000	4621.79000	4619.42000	507
1787742303	XAUUSD	M5	4617.65000	4620.79000	4620.84000	4616.80000	422
1787742603	XAUUSD	M5	4618.46000	4617.65000	4619.07000	4616.63000	414
1787742903	XAUUSD	M5	4622.06000	4618.46000	4622.97000	4618.40000	453
1787743203	XAUUSD	M5	4616.79000	4622.06000	4622.92000	4616.45000	488
1787743503	XAUUSD	M5	4620.59000	4616.79000	4621.74000	4616.71000	546
1787743803	XAUUSD	M5	4618.99000	4620.69000	4622.83000	4618.46000	495
1787744103	XAUUSD	M5	4618.21000	4618.99000	4620.02000	4617.33000	491
1787744403	XAUUSD	M5	4619.12000	4618.22000	4619.66000	4617.38000	422
1787744703	XAUUSD	M5	4618.51000	4619.13000	4619.29000	4616.93000	544
1787745003	XAUUSD	M5	4619.59000	4618.63000	4620.18000	4617.51000	490
1787745303	XAUUSD	M5	4624.52000	4619.59000	4625.15000	4619.18000	494
1787745603	XAUUSD	M5	4627.19000	4624.58000	4629.18000	4623.72000	633
1787745903	XAUUSD	M5	4627.36000	4627.39000	4629.68000	4626.91000	517
1787746203	XAUUSD	M5	4625.85000	4627.28000	4628.13000	4625.29000	513
1787746503	XAUUSD	M5	4628.91000	4625.57000	4630.01000	4624.59000	508
1787746803	XAUUSD	M5	4626.29000	4629.00000	4629.53000	4625.27000	612
1787747103	XAUUSD	M5	4630.21000	4626.27000	4630.33000	4625.76000	567
1787747403	XAUUSD	M5	4623.37000	4630.19000	4633.10000	4612.57000	934
1787747703	XAUUSD	M5	4622.13000	4623.25000	4625.84000	4618.06000	835
1787748003	XAUUSD	M5	4622.49000	4622.12000	4625.37000	4614.69000	834
1787748303	XAUUSD	M5	4623.77000	4622.45000	4624.91000	4618.53000	754
1787748603	XAUUSD	M5	4616.32000	4623.67000	4626.26000	4610.70000	759
1787748903	XAUUSD	M5	4614.64000	4616.38000	4618.53000	4613.06000	816
1787749203	XAUUSD	M5	4612.23000	4614.53000	4621.34000	4609.61000	901
1787749503	XAUUSD	M5	4609.18000	4612.06000	4617.15000	4608.44000	879
1787749803	XAUUSD	M5	4611.11000	4609.15000	4612.91000	4608.47000	863
1787750103	XAUUSD	M5	4611.45000	4611.19000	4613.91000	4598.00000	871
1787750403	XAUUSD	M5	4609.26000	4611.15000	4614.07000	4604.26000	847
1787750703	XAUUSD	M5	4611.30000	4609.46000	4612.73000	4605.36000	841
1787751003	XAUUSD	M5	4615.83000	4611.23000	4618.97000	4610.42000	951
1787751303	XAUUSD	M5	4613.28000	4615.78000	4617.06000	4612.42000	928
1787751603	XAUUSD	M5	4619.59000	4613.35000	4622.97000	4611.95000	890
1787751903	XAUUSD	M5	4625.57000	4619.61000	4625.61000	4618.27000	886
1787752203	XAUUSD	M5	4623.83000	4625.57000	4628.78000	4622.71000	907
1787752503	XAUUSD	M5	4631.52000	4623.78000	4631.95000	4623.78000	881
1787752803	XAUUSD	M5	4624.17000	4631.52000	4633.31000	4622.75000	912
1787753103	XAUUSD	M5	4622.85000	4624.14000	4626.12000	4620.69000	849
1787753403	XAUUSD	M5	4620.38000	4622.85000	4627.00000	4619.50000	816
1787753703	XAUUSD	M5	4622.79000	4620.28000	4624.12000	4619.40000	812
1787754003	XAUUSD	M5	4621.02000	4622.93000	4626.72000	4619.21000	857
1787754303	XAUUSD	M5	4616.66000	4621.04000	4621.17000	4616.18000	846
1787754603	XAUUSD	M5	4618.25000	4616.49000	4619.38000	4614.90000	825
1787754903	XAUUSD	M5	4616.95000	4618.27000	4618.58000	4612.89000	810
1787755203	XAUUSD	M5	4621.95000	4616.99000	4622.93000	4616.97000	732
1787755503	XAUUSD	M5	4612.76000	4622.09000	4622.67000	4611.90000	825
1787755803	XAUUSD	M5	4607.71000	4612.76000	4614.29000	4606.14000	790
1787756103	XAUUSD	M5	4602.92000	4607.71000	4612.47000	4602.92000	819
1787756403	XAUUSD	M5	4598.42000	4603.02000	4605.57000	4593.08000	890
1787756703	XAUUSD	M5	4597.75000	4598.59000	4598.77000	4588.35000	904
1787757003	XAUUSD	M5	4588.91000	4597.78000	4599.78000	4587.96000	877
1787757303	XAUUSD	M5	4590.89000	4588.86000	4594.13000	4582.97000	887
1787757603	XAUUSD	M5	4591.69000	4590.76000	4594.02000	4589.15000	824
1787757903	XAUUSD	M5	4594.71000	4591.79000	4598.01000	4591.03000	829
1787758203	XAUUSD	M5	4598.15000	4594.66000	4598.15000	4594.45000	779
1787758503	XAUUSD	M5	4601.34000	4598.16000	4601.34000	4597.21000	756
1787758803	XAUUSD	M5	4604.77000	4601.42000	4604.77000	4600.16000	678
1787759103	XAUUSD	M5	4608.34000	4604.80000	4609.30000	4604.44000	710
1787759403	XAUUSD	M5	4600.32000	4608.34000	4608.48000	4598.30000	803
1787759703	XAUUSD	M5	4596.13000	4600.30000	4604.03000	4596.11000	810
1787760003	XAUUSD	M5	4597.64000	4596.20000	4599.00000	4590.66000	809
1787760303	XAUUSD	M5	4599.56000	4597.44000	4601.57000	4596.97000	712
1787760603	XAUUSD	M5	4600.30000	4599.61000	4600.50000	4597.19000	706
1787760903	XAUUSD	M5	4599.33000	4600.20000	4600.88000	4597.23000	716
1787761203	XAUUSD	M5	4595.95000	4599.33000	4599.94000	4594.11000	687
1787761503	XAUUSD	M5	4594.79000	4595.99000	4597.28000	4594.23000	627
1787761803	XAUUSD	M5	4594.36000	4595.02000	4596.38000	4592.91000	636
1787762103	XAUUSD	M5	4587.01000	4594.18000	4595.15000	4586.87000	648
1787762403	XAUUSD	M5	4588.26000	4587.00000	4591.36000	4585.81000	639
1787762703	XAUUSD	M5	4594.89000	4588.23000	4594.89000	4588.08000	640
1787763003	XAUUSD	M5	4589.53000	4594.89000	4596.72000	4589.09000	646
1787763303	XAUUSD	M5	4591.58000	4589.55000	4592.08000	4588.43000	655
1787763603	XAUUSD	M5	4593.24000	4591.58000	4593.88000	4591.27000	630
1787763903	XAUUSD	M5	4594.30000	4593.39000	4596.16000	4590.68000	641
1787764203	XAUUSD	M5	4594.80000	4594.30000	4595.34000	4593.30000	539
1787764503	XAUUSD	M5	4596.02000	4594.81000	4596.02000	4593.58000	568
1787764803	XAUUSD	M5	4596.58000	4596.04000	4598.95000	4595.43000	647
1787765103	XAUUSD	M5	4597.80000	4596.61000	4598.33000	4594.27000	629
1787765403	XAUUSD	M5	4600.95000	4597.78000	4602.29000	4596.86000	631
1787765703	XAUUSD	M5	4596.65000	4601.03000	4601.39000	4596.02000	508
1787766003	XAUUSD	M5	4597.17000	4596.66000	4599.27000	4595.77000	542
1787766303	XAUUSD	M5	4598.27000	4597.17000	4598.83000	4596.27000	474
1787766603	XAUUSD	M5	4597.43000	4598.27000	4599.30000	4597.23000	446
1787766903	XAUUSD	M5	4597.76000	4597.43000	4597.76000	4594.29000	547
1787767203	XAUUSD	M5	4602.79000	4597.75000	4603.34000	4596.65000	595
1787767503	XAUUSD	M5	4602.15000	4602.87000	4604.50000	4600.54000	543
1787767803	XAUUSD	M5	4600.16000	4602.19000	4603.64000	4599.87000	431
1787768103	XAUUSD	M5	4595.80000	4600.17000	4600.46000	4594.98000	562
1787768403	XAUUSD	M5	4593.93000	4595.80000	4595.93000	4592.81000	580
1787768703	XAUUSD	M5	4594.83000	4593.95000	4595.38000	4593.05000	589
1787769003	XAUUSD	M5	4593.57000	4594.82000	4595.80000	4593.44000	552
1787769303	XAUUSD	M5	4594.36000	4593.56000	4596.58000	4592.54000	453
1787769603	XAUUSD	M5	4596.77000	4594.36000	4597.39000	4593.89000	438
1787769903	XAUUSD	M5	4596.94000	4596.54000	4597.76000	4595.94000	461
1787770203	XAUUSD	M5	4596.45000	4596.90000	4597.76000	4596.18000	431
1787770503	XAUUSD	M5	4593.84000	4596.30000	4596.30000	4593.40000	516
1787770803	XAUUSD	M5	4592.18000	4593.82000	4595.01000	4591.21000	592
1787771103	XAUUSD	M5	4592.99000	4592.18000	4593.50000	4591.07000	545
1787771403	XAUUSD	M5	4594.47000	4592.98000	4595.67000	4592.98000	553
1787771703	XAUUSD	M5	4591.87000	4594.47000	4595.64000	4591.68000	484
1787772003	XAUUSD	M5	4594.46000	4591.87000	4594.49000	4591.36000	449
1787772303	XAUUSD	M5	4598.53000	4594.46000	4599.09000	4594.41000	546
1787772603	XAUUSD	M5	4597.54000	4598.62000	4601.68000	4596.82000	498
1787772903	XAUUSD	M5	4596.81000	4597.51000	4598.35000	4596.45000	487
1787773203	XAUUSD	M5	4595.77000	4596.81000	4597.00000	4594.38000	413
1787773503	XAUUSD	M5	4595.20000	4595.74000	4596.53000	4595.00000	454
1787773803	XAUUSD	M5	4593.74000	4595.19000	4595.51000	4592.52000	549
1787774103	XAUUSD	M5	4594.30000	4593.79000	4594.93000	4592.55000	696
1787774403	XAUUSD	M5	4594.14000	4594.28000	4594.95000	4592.87000	449
1787774703	XAUUSD	M5	4594.31000	4594.14000	4596.63000	4593.99000	346
1787775003	XAUUSD	M5	4591.59000	4594.31000	4594.91000	4591.59000	304
1787775303	XAUUSD	M5	4589.49000	4591.60000	4591.83000	4589.12000	400
1787775603	XAUUSD	M5	4589.64000	4589.43000	4589.64000	4584.20000	675
1787775903	XAUUSD	M5	4591.26000	4589.64000	4591.91000	4589.27000	399
1787776203	XAUUSD	M5	4591.69000	4591.32000	4591.96000	4590.30000	291
1787776503	XAUUSD	M5	4593.43000	4591.69000	4593.44000	4591.69000	369
1787776803	XAUUSD	M5	4591.94000	4593.00000	4593.01000	4591.25000	312
1787777103	XAUUSD	M5	4593.29000	4591.62000	4593.46000	4591.40000	290
1787777403	XAUUSD	M5	4592.84000	4593.22000	4593.83000	4592.20000	309
1787777703	XAUUSD	M5	4594.62000	4592.84000	4594.62000	4592.81000	265
1787781603	XAUUSD	M5	4603.17000	4596.47000	4607.02000	4596.32000	501
1787781903	XAUUSD	M5	4604.00000	4603.16000	4604.86000	4603.02000	259
1787782203	XAUUSD	M5	4602.44000	4604.04000	4605.07000	4601.75000	344
1787782503	XAUUSD	M5	4610.65000	4602.46000	4612.25000	4602.32000	505
1787782803	XAUUSD	M5	4606.75000	4610.58000	4613.32000	4606.17000	460
1787783103	XAUUSD	M5	4611.24000	4606.87000	4611.26000	4605.60000	402
1787783403	XAUUSD	M5	4609.61000	4610.86000	4611.54000	4609.61000	396
1787783703	XAUUSD	M5	4610.08000	4609.61000	4611.22000	4608.88000	428
1787784003	XAUUSD	M5	4610.94000	4610.08000	4611.59000	4608.89000	403
1787784303	XAUUSD	M5	4609.00000	4610.94000	4612.01000	4607.83000	357
1787784603	XAUUSD	M5	4607.45000	4609.00000	4609.40000	4607.07000	326
1787784903	XAUUSD	M5	4609.43000	4607.45000	4609.68000	4606.89000	335
1787785203	XAUUSD	M5	4608.36000	4609.40000	4611.96000	4607.04000	446
1787785503	XAUUSD	M5	4611.01000	4608.36000	4612.18000	4608.15000	381
1787785803	XAUUSD	M5	4615.53000	4611.62000	4615.79000	4611.36000	337
1787786103	XAUUSD	M5	4620.77000	4615.41000	4620.79000	4614.41000	417
1787786403	XAUUSD	M5	4621.40000	4620.77000	4622.25000	4620.56000	389
1787786703	XAUUSD	M5	4620.18000	4621.40000	4622.33000	4619.74000	370
1787787003	XAUUSD	M5	4620.94000	4620.15000	4621.00000	4618.32000	363
1787787303	XAUUSD	M5	4624.92000	4620.99000	4624.93000	4619.13000	328
1787787603	XAUUSD	M5	4622.68000	4624.56000	4624.77000	4622.35000	286
1787787903	XAUUSD	M5	4623.45000	4622.68000	4624.94000	4620.97000	506
1787788203	XAUUSD	M5	4621.33000	4623.45000	4624.66000	4620.93000	386
1787788503	XAUUSD	M5	4623.61000	4621.28000	4624.15000	4620.87000	459
1787788803	XAUUSD	M5	4624.35000	4624.00000	4626.98000	4622.64000	639
1787789103	XAUUSD	M5	4618.89000	4624.34000	4624.34000	4618.11000	614
1787789403	XAUUSD	M5	4618.01000	4618.78000	4619.34000	4616.34000	553
1787789703	XAUUSD	M5	4619.33000	4618.01000	4619.55000	4613.31000	584
1787790003	XAUUSD	M5	4620.09000	4619.34000	4621.15000	4618.44000	533
1787790303	XAUUSD	M5	4619.01000	4620.09000	4621.36000	4617.27000	505
1787790603	XAUUSD	M5	4613.22000	4619.01000	4619.01000	4612.98000	503
1787790903	XAUUSD	M5	4612.63000	4613.22000	4615.20000	4610.17000	568
1787791203	XAUUSD	M5	4606.09000	4612.63000	4613.46000	4605.37000	582
1787791503	XAUUSD	M5	4609.51000	4606.21000	4610.99000	4606.07000	597
1787791803	XAUUSD	M5	4602.73000	4609.55000	4609.71000	4600.62000	633
1787792103	XAUUSD	M5	4605.26000	4602.68000	4605.47000	4602.04000	704
1787792403	XAUUSD	M5	4614.26000	4605.18000	4615.06000	4602.68000	894
1787792703	XAUUSD	M5	4616.34000	4614.38000	4619.62000	4612.20000	855
1787793003	XAUUSD	M5	4624.58000	4616.34000	4624.83000	4616.34000	794
1787793303	XAUUSD	M5	4621.92000	4624.64000	4624.75000	4617.02000	761
1787793603	XAUUSD	M5	4624.89000	4621.98000	4624.96000	4618.64000	688
1787793903	XAUUSD	M5	4618.50000	4624.79000	4624.95000	4618.41000	642
1787794203	XAUUSD	M5	4621.57000	4618.53000	4622.56000	4618.09000	708
1787794503	XAUUSD	M5	4628.29000	4621.56000	4629.99000	4619.87000	751
1787794803	XAUUSD	M5	4623.88000	4628.29000	4631.30000	4621.93000	790
1787795103	XAUUSD	M5	4629.68000	4623.90000	4631.27000	4623.67000	766
1787795403	XAUUSD	M5	4634.75000	4629.73000	4635.40000	4629.01000	670
1787795703	XAUUSD	M5	4640.03000	4634.79000	4640.92000	4634.47000	651
1787796003	XAUUSD	M5	4638.67000	4640.41000	4642.96000	4638.05000	643
1787796303	XAUUSD	M5	4642.16000	4638.73000	4642.36000	4638.13000	599
1787796603	XAUUSD	M5	4640.49000	4642.12000	4642.12000	4638.77000	613
1787796903	XAUUSD	M5	4638.77000	4640.40000	4640.53000	4637.77000	492
1787797203	XAUUSD	M5	4636.94000	4638.77000	4640.42000	4636.76000	491
1787797503	XAUUSD	M5	4632.97000	4636.94000	4637.52000	4632.75000	565
1787797803	XAUUSD	M5	4629.45000	4632.96000	4633.66000	4628.48000	701
1787798103	XAUUSD	M5	4628.20000	4629.46000	4630.66000	4624.70000	697
1787798403	XAUUSD	M5	4627.41000	4628.21000	4628.64000	4623.67000	660
1787798703	XAUUSD	M5	4629.29000	4627.42000	4630.51000	4624.34000	608
1787799003	XAUUSD	M5	4629.28000	4629.29000	4631.47000	4627.96000	555
1787799303	XAUUSD	M5	4629.73000	4629.24000	4631.18000	4628.52000	584
1787799603	XAUUSD	M5	4634.35000	4629.65000	4634.53000	4628.27000	602
1787799903	XAUUSD	M5	4630.26000	4634.38000	4634.99000	4629.92000	503
1787800203	XAUUSD	M5	4634.20000	4630.27000	4634.90000	4629.34000	513
1787800503	XAUUSD	M5	4633.66000	4634.27000	4635.20000	4633.02000	493
1787800803	XAUUSD	M5	4637.92000	4633.63000	4638.58000	4633.36000	523
1787801103	XAUUSD	M5	4635.20000	4637.95000	4637.98000	4634.54000	481
1787801403	XAUUSD	M5	4633.68000	4635.22000	4635.49000	4633.42000	444
1787801703	XAUUSD	M5	4632.21000	4633.68000	4634.27000	4631.93000	400
1787802003	XAUUSD	M5	4629.29000	4632.21000	4632.31000	4628.81000	421
1787802303	XAUUSD	M5	4627.66000	4629.29000	4629.67000	4626.84000	445
1787802603	XAUUSD	M5	4626.83000	4627.70000	4627.96000	4625.70000	380
1787802903	XAUUSD	M5	4625.56000	4626.84000	4627.13000	4624.42000	458
1787803203	XAUUSD	M5	4626.37000	4625.55000	4627.22000	4624.68000	450
1787803503	XAUUSD	M5	4625.45000	4626.52000	4626.84000	4624.52000	383
1787803803	XAUUSD	M5	4625.45000	4625.45000	4626.22000	4624.46000	375
1787804103	XAUUSD	M5	4624.15000	4625.45000	4626.98000	4623.98000	290
1787804403	XAUUSD	M5	4623.21000	4624.33000	4624.76000	4622.85000	432
1787804703	XAUUSD	M5	4620.75000	4623.21000	4624.30000	4620.64000	449
1787805003	XAUUSD	M5	4618.72000	4620.67000	4620.90000	4618.56000	484
1787805303	XAUUSD	M5	4618.23000	4618.72000	4620.37000	4617.54000	475
1787805603	XAUUSD	M5	4619.17000	4618.23000	4620.05000	4617.30000	414
1787805903	XAUUSD	M5	4620.17000	4619.19000	4620.61000	4617.67000	428
1787806203	XAUUSD	M5	4619.82000	4620.17000	4620.66000	4619.02000	465
1787806503	XAUUSD	M5	4618.77000	4619.78000	4620.02000	4617.77000	510
1787806803	XAUUSD	M5	4620.28000	4618.84000	4620.28000	4616.35000	503
1787807103	XAUUSD	M5	4620.10000	4620.28000	4621.46000	4618.79000	467
1787807403	XAUUSD	M5	4620.23000	4620.10000	4621.50000	4619.57000	445
1787807703	XAUUSD	M5	4619.98000	4620.12000	4621.77000	4618.62000	449
1787808003	XAUUSD	M5	4620.56000	4620.06000	4621.38000	4618.46000	372
1787808303	XAUUSD	M5	4617.28000	4620.59000	4621.51000	4617.27000	383
1787808603	XAUUSD	M5	4611.36000	4617.28000	4619.88000	4609.34000	819
1787808903	XAUUSD	M5	4611.18000	4611.32000	4612.93000	4608.30000	652
1787809203	XAUUSD	M5	4605.43000	4611.14000	4611.14000	4604.98000	722
1787809503	XAUUSD	M5	4606.49000	4605.44000	4609.61000	4604.73000	691
1787809803	XAUUSD	M5	4603.10000	4606.49000	4608.79000	4601.17000	698
1787810103	XAUUSD	M5	4607.06000	4603.13000	4607.90000	4602.10000	696
1787810403	XAUUSD	M5	4603.75000	4607.08000	4607.58000	4599.67000	688
1787810703	XAUUSD	M5	4605.07000	4603.81000	4605.61000	4601.19000	634
1787811003	XAUUSD	M5	4606.10000	4605.05000	4607.11000	4600.54000	665
1787811303	XAUUSD	M5	4606.73000	4606.12000	4607.79000	4604.08000	626
1787811603	XAUUSD	M5	4609.53000	4606.69000	4610.06000	4606.32000	551
1787811903	XAUUSD	M5	4610.39000	4609.53000	4610.40000	4606.98000	582
1787812203	XAUUSD	M5	4607.45000	4610.31000	4611.75000	4605.46000	610
1787812503	XAUUSD	M5	4607.84000	4607.43000	4608.20000	4604.61000	548
1787812803	XAUUSD	M5	4607.68000	4607.80000	4609.15000	4606.81000	481
1787813103	XAUUSD	M5	4604.37000	4607.64000	4609.60000	4603.58000	565
1787813403	XAUUSD	M5	4601.87000	4604.50000	4606.14000	4601.76000	611
1787813703	XAUUSD	M5	4600.20000	4601.94000	4602.47000	4597.87000	626
1787814003	XAUUSD	M5	4603.29000	4600.27000	4603.71000	4598.45000	668
1787814303	XAUUSD	M5	4602.81000	4603.32000	4605.75000	4602.38000	563
1787814603	XAUUSD	M5	4603.82000	4603.18000	4603.87000	4601.10000	549
1787814903	XAUUSD	M5	4597.62000	4603.81000	4603.81000	4595.93000	551
1787815203	XAUUSD	M5	4596.85000	4597.62000	4598.73000	4596.12000	477
1787815503	XAUUSD	M5	4599.44000	4596.85000	4599.54000	4593.59000	560
1787815803	XAUUSD	M5	4596.29000	4599.35000	4601.42000	4595.06000	572
1787816103	XAUUSD	M5	4596.44000	4596.38000	4598.34000	4595.03000	587
1787816403	XAUUSD	M5	4597.72000	4596.52000	4598.31000	4595.66000	486
1787816703	XAUUSD	M5	4597.37000	4597.82000	4599.17000	4596.24000	529
1787817003	XAUUSD	M5	4598.23000	4597.37000	4599.74000	4595.80000	548
1787817303	XAUUSD	M5	4600.15000	4598.17000	4602.70000	4598.11000	481
1787817603	XAUUSD	M5	4605.30000	4600.19000	4606.02000	4599.78000	621
1787817903	XAUUSD	M5	4603.19000	4605.30000	4606.84000	4602.60000	563
1787818203	XAUUSD	M5	4603.29000	4603.02000	4604.75000	4602.98000	483
1787818503	XAUUSD	M5	4603.70000	4603.29000	4606.12000	4602.71000	492
1787818803	XAUUSD	M5	4603.44000	4603.70000	4603.72000	4600.14000	509
1787819103	XAUUSD	M5	4601.02000	4603.67000	4603.96000	4600.83000	462
1787819403	XAUUSD	M5	4599.16000	4600.88000	4601.75000	4599.10000	539
1787819703	XAUUSD	M5	4598.38000	4599.15000	4599.76000	4597.41000	580
1787820003	XAUUSD	M5	4596.27000	4598.37000	4599.07000	4594.96000	520
1787820303	XAUUSD	M5	4598.42000	4596.14000	4598.85000	4595.68000	490
1787820603	XAUUSD	M5	4599.76000	4598.42000	4600.19000	4597.86000	511
1787820903	XAUUSD	M5	4599.05000	4599.81000	4602.29000	4598.81000	464
1787821203	XAUUSD	M5	4594.80000	4599.08000	4600.80000	4593.71000	577
1787821503	XAUUSD	M5	4596.29000	4594.80000	4597.34000	4594.17000	508
1787821803	XAUUSD	M5	4596.08000	4596.65000	4598.89000	4595.29000	472
1787822103	XAUUSD	M5	4595.45000	4596.08000	4597.17000	4594.88000	477
1787822403	XAUUSD	M5	4596.79000	4595.44000	4597.14000	4595.13000	402
1787822703	XAUUSD	M5	4597.49000	4596.79000	4599.20000	4593.77000	640
1787823003	XAUUSD	M5	4593.82000	4597.68000	4599.25000	4593.01000	564
1787823303	XAUUSD	M5	4584.52000	4593.82000	4594.11000	4578.73000	624
1787823603	XAUUSD	M5	4582.44000	4584.48000	4584.64000	4581.23000	561
1787823903	XAUUSD	M5	4582.69000	4582.42000	4584.42000	4580.76000	467
1787824203	XAUUSD	M5	4582.49000	4582.71000	4585.93000	4581.36000	480
1787824503	XAUUSD	M5	4580.44000	4582.60000	4582.71000	4579.22000	565
1787824803	XAUUSD	M5	4572.58000	4580.48000	4581.06000	4569.24000	657
1787825103	XAUUSD	M5	4576.08000	4572.58000	4576.37000	4569.92000	508
1787825403	XAUUSD	M5	4581.72000	4576.31000	4581.93000	4576.31000	510
1787825703	XAUUSD	M5	4580.80000	4581.72000	4583.48000	4577.58000	472
1787826003	XAUUSD	M5	4582.18000	4580.75000	4582.28000	4580.05000	400
1787826303	XAUUSD	M5	4580.32000	4582.18000	4582.45000	4580.06000	465
1787826603	XAUUSD	M5	4578.81000	4580.18000	4580.77000	4578.38000	417
1787826903	XAUUSD	M5	4576.88000	4578.81000	4579.17000	4576.49000	525
1787827203	XAUUSD	M5	4585.60000	4576.86000	4585.91000	4576.19000	588
1787827503	XAUUSD	M5	4586.70000	4585.60000	4587.84000	4585.60000	562
1787827803	XAUUSD	M5	4589.07000	4586.76000	4589.47000	4586.21000	534
1787828103	XAUUSD	M5	4590.05000	4589.08000	4590.44000	4588.31000	525
1787828403	XAUUSD	M5	4588.83000	4590.10000	4591.10000	4587.24000	591
1787828703	XAUUSD	M5	4590.65000	4588.96000	4591.25000	4588.96000	511
1787829003	XAUUSD	M5	4592.58000	4590.65000	4592.58000	4589.77000	518
1787829303	XAUUSD	M5	4592.37000	4592.48000	4592.74000	4591.06000	446
1787829603	XAUUSD	M5	4596.32000	4592.32000	4596.36000	4592.28000	522
1787829903	XAUUSD	M5	4594.46000	4596.32000	4596.84000	4592.83000	539
1787830203	XAUUSD	M5	4595.70000	4594.46000	4598.99000	4593.73000	633
1787830503	XAUUSD	M5	4596.95000	4595.69000	4597.16000	4593.94000	547
1787830803	XAUUSD	M5	4597.90000	4596.98000	4599.66000	4596.69000	495
1787831103	XAUUSD	M5	4595.30000	4597.53000	4597.75000	4594.77000	573
1787831403	XAUUSD	M5	4599.92000	4595.35000	4599.92000	4594.57000	535
1787831703	XAUUSD	M5	4598.30000	4599.92000	4600.37000	4597.03000	623
1787832003	XAUUSD	M5	4598.34000	4598.26000	4601.09000	4597.83000	665
1787832303	XAUUSD	M5	4595.09000	4598.34000	4598.49000	4593.80000	582
1787832603	XAUUSD	M5	4592.79000	4595.09000	4595.58000	4592.52000	505
1787832903	XAUUSD	M5	4594.75000	4592.79000	4596.11000	4591.80000	577
1787833203	XAUUSD	M5	4596.44000	4594.70000	4600.69000	4594.70000	648
1787833503	XAUUSD	M5	4595.60000	4596.26000	4596.61000	4592.52000	518
1787833803	XAUUSD	M5	4593.27000	4595.69000	4596.74000	4592.97000	523
1787834103	XAUUSD	M5	4589.02000	4593.41000	4595.62000	4587.79000	617
1787834403	XAUUSD	M5	4587.70000	4588.97000	4590.48000	4587.00000	592
1787834703	XAUUSD	M5	4583.57000	4587.72000	4588.10000	4583.28000	582
1787835003	XAUUSD	M5	4584.76000	4583.52000	4585.01000	4580.27000	564
1787835303	XAUUSD	M5	4586.07000	4584.76000	4588.14000	4583.54000	614
1787835603	XAUUSD	M5	4588.54000	4585.91000	4590.00000	4579.94000	892
1787835903	XAUUSD	M5	4586.98000	4588.54000	4590.95000	4586.13000	848
1787836203	XAUUSD	M5	4585.37000	4586.82000	4590.73000	4584.47000	782
1787836503	XAUUSD	M5	4586.68000	4585.37000	4588.80000	4583.09000	767
1787836803	XAUUSD	M5	4587.58000	4586.73000	4588.75000	4585.25000	754
1787837103	XAUUSD	M5	4589.53000	4587.58000	4593.26000	4587.15000	836
1787837403	XAUUSD	M5	4575.77000	4590.30000	4592.87000	4575.58000	943
1787837703	XAUUSD	M5	4575.57000	4575.76000	4581.28000	4574.13000	947
1787838003	XAUUSD	M5	4578.54000	4575.46000	4583.53000	4572.41000	923
1787838303	XAUUSD	M5	4577.11000	4578.66000	4579.69000	4565.69000	903
1787838603	XAUUSD	M5	4572.35000	4577.11000	4582.81000	4570.62000	930
1787838903	XAUUSD	M5	4572.50000	4572.26000	4575.93000	4571.20000	897
1787839203	XAUUSD	M5	4575.60000	4572.39000	4576.14000	4568.43000	906
1787839503	XAUUSD	M5	4574.73000	4575.80000	4579.25000	4571.60000	880
1787839803	XAUUSD	M5	4573.64000	4574.73000	4577.81000	4572.14000	796
1787840103	XAUUSD	M5	4579.32000	4573.62000	4582.37000	4573.62000	832
1787840403	XAUUSD	M5	4578.23000	4579.32000	4584.11000	4575.08000	841
1787840703	XAUUSD	M5	4581.41000	4578.21000	4581.73000	4574.09000	802
1787841003	XAUUSD	M5	4585.75000	4581.34000	4586.11000	4581.28000	776
1787841303	XAUUSD	M5	4589.26000	4585.69000	4591.03000	4585.69000	818
1787841603	XAUUSD	M5	4595.24000	4589.39000	4597.31000	4586.82000	857
1787841903	XAUUSD	M5	4593.16000	4595.47000	4598.07000	4592.38000	834
1787842203	XAUUSD	M5	4591.31000	4593.39000	4593.87000	4590.80000	766
1787842503	XAUUSD	M5	4591.34000	4591.14000	4593.12000	4588.15000	805
1787842803	XAUUSD	M5	4594.07000	4591.40000	4595.33000	4591.40000	766
1787843103	XAUUSD	M5	4591.98000	4593.91000	4595.13000	4591.14000	741
1787843403	XAUUSD	M5	4592.52000	4592.01000	4595.10000	4591.71000	633
1787843703	XAUUSD	M5	4597.05000	4592.51000	4598.04000	4592.46000	731
1787844003	XAUUSD	M5	4590.48000	4597.05000	4597.22000	4589.28000	720
1787844303	XAUUSD	M5	4592.95000	4590.47000	4595.53000	4588.84000	724
1787844603	XAUUSD	M5	4597.02000	4592.89000	4598.71000	4592.10000	787
1787844903	XAUUSD	M5	4599.42000	4597.19000	4599.42000	4596.02000	725
1787845203	XAUUSD	M5	4601.12000	4599.54000	4605.77000	4599.29000	819
1787845503	XAUUSD	M5	4604.20000	4601.16000	4604.47000	4600.21000	813
1787845803	XAUUSD	M5	4609.39000	4604.16000	4609.88000	4603.38000	787
1787846103	XAUUSD	M5	4610.34000	4609.39000	4611.16000	4608.15000	776
1787846403	XAUUSD	M5	4611.64000	4610.40000	4612.90000	4609.08000	747
1787846703	XAUUSD	M5	4607.23000	4611.57000	4611.57000	4605.88000	748
1787847003	XAUUSD	M5	4604.51000	4607.10000	4607.72000	4604.40000	658
1787847303	XAUUSD	M5	4603.11000	4604.45000	4605.52000	4602.42000	681
1787847603	XAUUSD	M5	4606.35000	4603.11000	4608.05000	4603.07000	618
1787847903	XAUUSD	M5	4607.73000	4606.37000	4608.62000	4605.90000	633
1787848203	XAUUSD	M5	4608.79000	4607.73000	4608.91000	4606.08000	618
1787848503	XAUUSD	M5	4611.80000	4608.82000	4612.76000	4607.86000	668
1787848803	XAUUSD	M5	4611.48000	4611.80000	4611.92000	4609.93000	578
1787849103	XAUUSD	M5	4610.96000	4611.47000	4614.40000	4610.45000	723
1787849403	XAUUSD	M5	4615.92000	4610.96000	4616.61000	4610.21000	671
1787849703	XAUUSD	M5	4614.92000	4615.98000	4616.19000	4612.34000	619
1787850003	XAUUSD	M5	4614.11000	4615.63000	4616.53000	4612.37000	754
1787850303	XAUUSD	M5	4610.46000	4614.09000	4614.15000	4610.16000	639
1787850603	XAUUSD	M5	4610.17000	4610.48000	4611.46000	4608.67000	613
1787850903	XAUUSD	M5	4609.09000	4610.26000	4610.53000	4608.38000	634
1787851203	XAUUSD	M5	4611.70000	4608.99000	4611.96000	4608.99000	650
1787851503	XAUUSD	M5	4610.30000	4611.73000	4611.99000	4608.86000	649
1787851803	XAUUSD	M5	4610.01000	4610.40000	4611.63000	4609.32000	633
1787852103	XAUUSD	M5	4611.18000	4610.01000	4611.33000	4608.38000	571
1787852403	XAUUSD	M5	4611.07000	4611.23000	4614.36000	4610.00000	610
1787852703	XAUUSD	M5	4609.86000	4611.27000	4611.65000	4606.66000	751
1787853003	XAUUSD	M5	4607.91000	4609.89000	4610.20000	4606.77000	696
1787853303	XAUUSD	M5	4606.54000	4607.92000	4609.01000	4605.14000	667
1787853603	XAUUSD	M5	4603.16000	4606.77000	4607.41000	4602.18000	796
1787853903	XAUUSD	M5	4604.63000	4602.96000	4608.07000	4602.78000	703
1787854203	XAUUSD	M5	4605.62000	4604.61000	4606.44000	4603.78000	703
1787854503	XAUUSD	M5	4607.93000	4605.62000	4607.93000	4604.88000	663
1787854803	XAUUSD	M5	4603.41000	4607.92000	4608.02000	4603.18000	636
1787855103	XAUUSD	M5	4601.73000	4603.39000	4603.48000	4601.49000	700
1787855403	XAUUSD	M5	4602.12000	4601.67000	4603.83000	4601.10000	641
1787855703	XAUUSD	M5	4604.38000	4602.06000	4605.14000	4601.84000	625
1787856003	XAUUSD	M5	4604.43000	4604.38000	4604.80000	4603.77000	570
1787856303	XAUUSD	M5	4605.84000	4604.58000	4606.83000	4604.28000	561
1787856603	XAUUSD	M5	4609.21000	4605.58000	4611.15000	4604.96000	621
1787856903	XAUUSD	M5	4610.28000	4609.19000	4610.68000	4608.71000	600
1787857203	XAUUSD	M5	4613.42000	4610.46000	4616.65000	4610.46000	659
1787857503	XAUUSD	M5	4616.85000	4613.43000	4617.97000	4612.70000	723
1787857803	XAUUSD	M5	4615.51000	4616.85000	4616.95000	4614.87000	544
1787858103	XAUUSD	M5	4611.46000	4615.51000	4616.07000	4609.54000	682
1787858403	XAUUSD	M5	4607.42000	4611.40000	4611.60000	4606.40000	581
1787858703	XAUUSD	M5	4605.89000	4607.36000	4608.29000	4604.25000	538
1787859003	XAUUSD	M5	4607.23000	4605.87000	4608.09000	4604.83000	670
1787859303	XAUUSD	M5	4607.69000	4607.25000	4608.35000	4606.75000	635
1787859603	XAUUSD	M5	4609.88000	4607.73000	4610.16000	4607.72000	538
1787859903	XAUUSD	M5	4610.31000	4609.91000	4612.72000	4608.67000	584
1787860203	XAUUSD	M5	4608.12000	4610.01000	4610.25000	4606.72000	644
1787860503	XAUUSD	M5	4609.34000	4608.04000	4609.84000	4605.30000	685
1787860803	XAUUSD	M5	4605.16000	4609.36000	4609.60000	4604.66000	405
1787861103	XAUUSD	M5	4604.17000	4605.16000	4605.21000	4603.85000	301
1787861403	XAUUSD	M5	4604.92000	4604.30000	4606.20000	4603.67000	317
1787861703	XAUUSD	M5	4605.35000	4604.92000	4605.40000	4604.54000	220
1787862003	XAUUSD	M5	4604.81000	4605.32000	4605.51000	4604.72000	187
1787862303	XAUUSD	M5	4603.74000	4604.81000	4604.81000	4602.72000	201
1787862603	XAUUSD	M5	4603.52000	4603.79000	4604.12000	4603.22000	186
1787862903	XAUUSD	M5	4603.30000	4603.52000	4603.61000	4601.96000	207
1787863203	XAUUSD	M5	4603.87000	4603.23000	4604.50000	4603.17000	196
1787863503	XAUUSD	M5	4604.77000	4603.82000	4604.77000	4602.20000	304
1787863803	XAUUSD	M5	4601.08000	4604.71000	4604.82000	4600.95000	316
1787864103	XAUUSD	M5	4601.92000	4600.84000	4601.92000	4600.20000	231
1787868003	XAUUSD	M5	4601.91000	4603.87000	4608.22000	4601.82000	435
1787868303	XAUUSD	M5	4604.99000	4601.91000	4605.34000	4601.16000	259
1787868603	XAUUSD	M5	4604.80000	4604.98000	4605.16000	4603.74000	242
1787868903	XAUUSD	M5	4605.95000	4604.80000	4606.22000	4604.39000	221
1787869203	XAUUSD	M5	4608.35000	4605.95000	4608.39000	4605.95000	274
1787869503	XAUUSD	M5	4607.61000	4608.28000	4608.28000	4606.46000	295
1787869803	XAUUSD	M5	4608.83000	4607.61000	4609.04000	4606.86000	318
1787870103	XAUUSD	M5	4609.23000	4608.80000	4609.36000	4607.90000	262
1787870403	XAUUSD	M5	4607.91000	4609.23000	4610.14000	4607.39000	232
1787870703	XAUUSD	M5	4607.62000	4607.88000	4608.13000	4606.96000	216
1787871003	XAUUSD	M5	4609.01000	4607.64000	4610.08000	4606.80000	209
1787871303	XAUUSD	M5	4610.74000	4609.06000	4610.81000	4609.01000	203
1787871603	XAUUSD	M5	4609.41000	4610.71000	4611.43000	4608.99000	247
1787871903	XAUUSD	M5	4607.16000	4609.41000	4609.67000	4606.81000	219
1787872203	XAUUSD	M5	4603.01000	4605.36000	4605.68000	4602.95000	385
1787872503	XAUUSD	M5	4602.92000	4603.01000	4603.79000	4602.38000	221
1787872803	XAUUSD	M5	4602.51000	4602.92000	4603.39000	4600.11000	282
1787873103	XAUUSD	M5	4601.09000	4602.51000	4602.79000	4600.16000	236
1787873403	XAUUSD	M5	4599.46000	4601.09000	4601.64000	4599.36000	254
1787873703	XAUUSD	M5	4601.14000	4599.46000	4602.27000	4598.63000	331
1787874003	XAUUSD	M5	4599.71000	4601.16000	4601.50000	4599.22000	239
1787874303	XAUUSD	M5	4596.56000	4599.71000	4599.76000	4595.84000	365
1787874603	XAUUSD	M5	4595.18000	4596.55000	4596.63000	4594.71000	329
1787874903	XAUUSD	M5	4594.62000	4595.26000	4595.38000	4594.29000	334
1787875203	XAUUSD	M5	4596.72000	4594.49000	4600.12000	4593.19000	655
1787875503	XAUUSD	M5	4599.90000	4596.69000	4600.19000	4596.24000	584
1787875803	XAUUSD	M5	4600.65000	4599.92000	4602.49000	4599.69000	506
1787876103	XAUUSD	M5	4593.59000	4600.65000	4600.83000	4593.31000	599
1787876403	XAUUSD	M5	4593.65000	4593.22000	4595.72000	4591.48000	528
1787876703	XAUUSD	M5	4594.06000	4593.61000	4594.06000	4590.69000	474
1787877003	XAUUSD	M5	4589.51000	4594.06000	4594.28000	4587.78000	517
1787877303	XAUUSD	M5	4589.84000	4589.51000	4590.48000	4588.44000	470
1787877603	XAUUSD	M5	4591.10000	4589.84000	4591.33000	4589.08000	477
1787877903	XAUUSD	M5	4587.33000	4591.15000	4591.15000	4586.26000	508
1787878203	XAUUSD	M5	4587.69000	4587.37000	4589.32000	4586.87000	512
1787878503	XAUUSD	M5	4588.78000	4587.59000	4588.85000	4585.67000	533
1787878803	XAUUSD	M5	4594.77000	4588.95000	4595.86000	4586.53000	846
1787879103	XAUUSD	M5	4599.99000	4594.64000	4600.27000	4591.69000	757
1787879403	XAUUSD	M5	4593.56000	4599.95000	4602.18000	4592.28000	761
1787879703	XAUUSD	M5	4596.46000	4593.96000	4598.09000	4591.53000	787
1787880003	XAUUSD	M5	4590.76000	4596.22000	4597.25000	4590.76000	729
1787880303	XAUUSD	M5	4585.53000	4592.25000	4593.50000	4583.94000	835
1787880603	XAUUSD	M5	4587.56000	4585.73000	4589.09000	4583.98000	800
1787880903	XAUUSD	M5	4581.00000	4587.38000	4588.76000	4580.57000	787
1787881203	XAUUSD	M5	4582.28000	4580.95000	4583.03000	4578.39000	759
1787881503	XAUUSD	M5	4582.42000	4582.28000	4582.56000	4577.80000	781
1787881803	XAUUSD	M5	4577.09000	4582.32000	4583.22000	4575.84000	726
1787882103	XAUUSD	M5	4575.90000	4576.98000	4578.70000	4575.36000	637
1787882403	XAUUSD	M5	4577.22000	4575.93000	4577.91000	4575.06000	654
1787882703	XAUUSD	M5	4580.54000	4577.21000	4581.47000	4577.13000	633
1787883003	XAUUSD	M5	4581.41000	4580.52000	4582.83000	4578.56000	643
1787883303	XAUUSD	M5	4581.33000	4581.46000	4581.46000	4578.67000	356
1787883603	XAUUSD	M5	4584.21000	4581.40000	4584.61000	4580.40000	460
1787883903	XAUUSD	M5	4583.44000	4584.06000	4584.86000	4582.92000	415
1787884203	XAUUSD	M5	4585.28000	4583.50000	4587.17000	4583.24000	660
1787884503	XAUUSD	M5	4588.33000	4585.28000	4589.73000	4585.28000	575
1787884803	XAUUSD	M5	4585.22000	4588.33000	4588.49000	4583.84000	605
1787885103	XAUUSD	M5	4586.30000	4585.16000	4586.45000	4582.40000	575
1787885403	XAUUSD	M5	4586.16000	4586.32000	4587.38000	4584.73000	540
1787885703	XAUUSD	M5	4586.41000	4586.13000	4586.62000	4583.09000	503
1787886003	XAUUSD	M5	4587.54000	4586.41000	4588.03000	4584.58000	561
1787886303	XAUUSD	M5	4586.43000	4587.52000	4588.43000	4585.13000	518
1787886603	XAUUSD	M5	4584.20000	4586.44000	4587.95000	4582.85000	562
1787886903	XAUUSD	M5	4587.31000	4584.20000	4588.83000	4584.20000	543
1787887203	XAUUSD	M5	4589.60000	4587.31000	4589.82000	4585.83000	489
1787887503	XAUUSD	M5	4588.01000	4589.61000	4590.14000	4586.65000	600
1787887803	XAUUSD	M5	4584.42000	4588.01000	4588.33000	4583.37000	435
1787888103	XAUUSD	M5	4583.04000	4584.02000	4584.04000	4582.53000	319
1787888403	XAUUSD	M5	4581.98000	4583.00000	4583.74000	4581.13000	367
1787888703	XAUUSD	M5	4580.71000	4582.06000	4582.14000	4579.64000	419
1787889003	XAUUSD	M5	4579.24000	4580.71000	4580.98000	4578.78000	303
1787889303	XAUUSD	M5	4579.95000	4579.24000	4580.09000	4578.85000	306
1787889603	XAUUSD	M5	4579.24000	4580.01000	4580.42000	4578.85000	383
1787889903	XAUUSD	M5	4579.15000	4579.24000	4579.54000	4577.96000	300
1787890203	XAUUSD	M5	4579.51000	4579.15000	4580.52000	4578.95000	314
1787890503	XAUUSD	M5	4583.33000	4579.50000	4583.42000	4578.77000	354
1787890803	XAUUSD	M5	4584.46000	4583.33000	4584.57000	4582.70000	322
1787891103	XAUUSD	M5	4584.76000	4584.53000	4585.38000	4583.13000	282
1787891403	XAUUSD	M5	4581.70000	4584.76000	4584.76000	4581.69000	306
1787891703	XAUUSD	M5	4578.42000	4581.70000	4581.96000	4578.13000	366
1787892003	XAUUSD	M5	4579.95000	4578.42000	4580.26000	4578.24000	289
1787892303	XAUUSD	M5	4580.86000	4579.94000	4582.36000	4578.34000	319
1787892603	XAUUSD	M5	4582.04000	4580.86000	4582.63000	4580.86000	241
1787892903	XAUUSD	M5	4584.31000	4582.08000	4585.30000	4581.40000	302
1787893203	XAUUSD	M5	4582.53000	4584.31000	4585.34000	4582.10000	368
1787893503	XAUUSD	M5	4579.02000	4582.54000	4582.88000	4578.98000	411
1787893803	XAUUSD	M5	4579.90000	4579.02000	4580.56000	4578.39000	366
1787894103	XAUUSD	M5	4581.98000	4579.90000	4582.04000	4579.04000	303
1787894403	XAUUSD	M5	4584.18000	4581.98000	4584.44000	4580.69000	284
1787894703	XAUUSD	M5	4584.08000	4584.18000	4586.30000	4582.44000	358
1787895003	XAUUSD	M5	4578.89000	4584.07000	4584.07000	4577.68000	762
1787895303	XAUUSD	M5	4574.83000	4579.00000	4579.50000	4574.83000	697
1787895603	XAUUSD	M5	4572.75000	4574.81000	4576.26000	4571.78000	625
1787895903	XAUUSD	M5	4574.03000	4572.75000	4575.67000	4571.79000	594
1787896203	XAUUSD	M5	4576.91000	4574.11000	4577.14000	4573.97000	538
1787896503	XAUUSD	M5	4573.39000	4576.90000	4577.36000	4572.74000	586
1787896803	XAUUSD	M5	4576.98000	4573.41000	4577.53000	4572.44000	699
1787897103	XAUUSD	M5	4580.62000	4576.97000	4580.67000	4574.28000	564
1787897403	XAUUSD	M5	4581.86000	4580.64000	4583.57000	4580.56000	644
1787897703	XAUUSD	M5	4582.93000	4581.84000	4584.92000	4580.74000	615
1787898003	XAUUSD	M5	4583.54000	4582.70000	4585.68000	4582.15000	562
1787898303	XAUUSD	M5	4584.98000	4583.46000	4585.52000	4583.27000	536
1787898603	XAUUSD	M5	4584.03000	4585.06000	4586.21000	4582.88000	592
1787898903	XAUUSD	M5	4586.55000	4584.03000	4588.07000	4583.91000	581
1787899203	XAUUSD	M5	4588.22000	4586.22000	4588.37000	4584.38000	603
1787899503	XAUUSD	M5	4599.79000	4588.22000	4599.79000	4588.17000	761
1787899803	XAUUSD	M5	4604.11000	4599.41000	4606.52000	4596.50000	870
1787900103	XAUUSD	M5	4612.65000	4604.18000	4613.13000	4603.87000	784
1787900403	XAUUSD	M5	4606.88000	4612.66000	4613.31000	4605.58000	736
1787900703	XAUUSD	M5	4601.03000	4606.91000	4607.39000	4599.26000	682
1787901003	XAUUSD	M5	4600.76000	4600.81000	4603.45000	4596.74000	672
1787901303	XAUUSD	M5	4606.07000	4600.62000	4606.65000	4599.46000	627
1787901603	XAUUSD	M5	4607.47000	4606.05000	4610.07000	4605.78000	639
1787901903	XAUUSD	M5	4607.44000	4607.47000	4609.71000	4606.66000	508
1787902203	XAUUSD	M5	4611.65000	4607.44000	4611.82000	4607.09000	552
1787902503	XAUUSD	M5	4610.42000	4611.51000	4614.34000	4609.63000	573
1787902803	XAUUSD	M5	4609.17000	4610.41000	4610.59000	4608.41000	491
1787903103	XAUUSD	M5	4610.14000	4609.13000	4611.27000	4607.36000	532
1787903403	XAUUSD	M5	4611.55000	4610.32000	4613.06000	4609.91000	429
1787903703	XAUUSD	M5	4611.72000	4611.48000	4613.40000	4609.63000	424
1787904003	XAUUSD	M5	4612.49000	4611.66000	4614.53000	4610.75000	611
1787904303	XAUUSD	M5	4611.70000	4612.56000	4613.04000	4609.97000	534
1787904603	XAUUSD	M5	4611.72000	4611.71000	4612.99000	4610.98000	499
1787904903	XAUUSD	M5	4609.24000	4611.72000	4612.39000	4609.08000	443
1787905203	XAUUSD	M5	4610.82000	4609.24000	4611.33000	4608.00000	458
1787905503	XAUUSD	M5	4608.92000	4610.87000	4611.27000	4608.69000	397
1787905803	XAUUSD	M5	4609.49000	4609.10000	4611.36000	4608.17000	513
1787906103	XAUUSD	M5	4607.47000	4609.49000	4611.36000	4606.51000	504
1787906403	XAUUSD	M5	4603.66000	4607.30000	4607.75000	4603.33000	425
1787906703	XAUUSD	M5	4602.00000	4603.62000	4603.64000	4601.02000	471
1787907003	XAUUSD	M5	4604.64000	4601.87000	4606.19000	4601.68000	456
1787907303	XAUUSD	M5	4602.95000	4604.64000	4604.98000	4601.30000	403
1787907603	XAUUSD	M5	4604.14000	4602.83000	4604.33000	4602.24000	496
1787907903	XAUUSD	M5	4601.77000	4604.14000	4604.37000	4601.43000	473
1787908203	XAUUSD	M5	4601.69000	4601.77000	4602.93000	4600.77000	432
1787908503	XAUUSD	M5	4602.21000	4601.69000	4602.81000	4600.50000	451
1787908803	XAUUSD	M5	4603.10000	4602.26000	4604.01000	4601.17000	516
1787909103	XAUUSD	M5	4601.85000	4603.09000	4603.22000	4600.57000	517
1787909403	XAUUSD	M5	4602.62000	4601.85000	4604.16000	4601.82000	433
1787909703	XAUUSD	M5	4603.74000	4602.62000	4605.06000	4601.06000	441
1787910003	XAUUSD	M5	4604.08000	4603.69000	4605.01000	4602.69000	408
1787910303	XAUUSD	M5	4604.67000	4604.12000	4605.46000	4603.15000	424
1787910603	XAUUSD	M5	4607.13000	4604.67000	4607.18000	4604.48000	450
1787910903	XAUUSD	M5	4605.21000	4607.02000	4607.41000	4605.13000	436
1787911203	XAUUSD	M5	4605.78000	4605.25000	4606.53000	4603.47000	447
1787911503	XAUUSD	M5	4607.44000	4605.78000	4607.60000	4605.58000	427
1787911803	XAUUSD	M5	4608.65000	4607.44000	4609.01000	4606.90000	465
1787912103	XAUUSD	M5	4604.43000	4608.67000	4609.97000	4604.40000	510
1787912403	XAUUSD	M5	4604.08000	4604.45000	4604.62000	4602.77000	420
1787912703	XAUUSD	M5	4605.41000	4604.08000	4605.43000	4601.91000	468
1787913003	XAUUSD	M5	4607.35000	4605.41000	4607.94000	4605.28000	457
1787913303	XAUUSD	M5	4603.75000	4607.35000	4607.35000	4603.01000	446
1787913603	XAUUSD	M5	4602.88000	4603.75000	4604.17000	4601.89000	461
1787913903	XAUUSD	M5	4601.07000	4602.88000	4603.27000	4600.05000	475
1787914203	XAUUSD	M5	4598.42000	4601.35000	4601.35000	4597.64000	502
1787914503	XAUUSD	M5	4600.18000	4598.30000	4600.53000	4597.94000	479
1787914803	XAUUSD	M5	4598.86000	4600.24000	4601.42000	4597.49000	588
1787915103	XAUUSD	M5	4595.87000	4598.85000	4599.11000	4595.27000	555
1787915403	XAUUSD	M5	4598.84000	4596.07000	4598.84000	4595.27000	503
1787915703	XAUUSD	M5	4600.15000	4598.93000	4601.22000	4598.28000	495
1787916003	XAUUSD	M5	4600.43000	4600.16000	4600.54000	4598.10000	448
1787916303	XAUUSD	M5	4599.00000	4600.44000	4600.99000	4597.68000	478
1787916603	XAUUSD	M5	4598.51000	4599.00000	4600.91000	4597.84000	502
1787916903	XAUUSD	M5	4593.51000	4598.60000	4598.90000	4593.51000	547
1787917203	XAUUSD	M5	4594.70000	4593.41000	4595.03000	4591.35000	499
1787917503	XAUUSD	M5	4594.65000	4594.62000	4596.02000	4593.34000	481
1787917803	XAUUSD	M5	4594.52000	4594.60000	4596.00000	4593.67000	491
1787918103	XAUUSD	M5	4593.45000	4594.52000	4594.53000	4591.66000	473
1787918403	XAUUSD	M5	4594.69000	4593.16000	4595.85000	4590.92000	598
1787918703	XAUUSD	M5	4594.34000	4594.61000	4595.74000	4591.96000	578
1787919003	XAUUSD	M5	4594.45000	4594.30000	4597.14000	4592.47000	599
1787919303	XAUUSD	M5	4594.44000	4594.36000	4595.73000	4592.54000	563
1787919603	XAUUSD	M5	4601.29000	4594.53000	4601.54000	4594.07000	633
1787919903	XAUUSD	M5	4601.41000	4601.39000	4603.61000	4600.09000	568
1787920203	XAUUSD	M5	4593.23000	4601.34000	4602.04000	4592.04000	722
1787920503	XAUUSD	M5	4589.54000	4593.34000	4593.80000	4589.20000	757
1787920803	XAUUSD	M5	4591.99000	4589.53000	4592.70000	4589.51000	661
1787921103	XAUUSD	M5	4594.08000	4591.94000	4595.28000	4590.34000	694
1787921403	XAUUSD	M5	4596.29000	4594.08000	4597.35000	4591.98000	645
1787921703	XAUUSD	M5	4601.74000	4596.32000	4602.56000	4596.32000	664
1787922003	XAUUSD	M5	4599.46000	4601.77000	4603.58000	4596.21000	880
1787922303	XAUUSD	M5	4600.10000	4599.36000	4605.38000	4598.89000	823
1787922603	XAUUSD	M5	4598.94000	4600.33000	4601.10000	4597.83000	727
1787922903	XAUUSD	M5	4598.42000	4599.17000	4599.87000	4593.77000	759
1787923203	XAUUSD	M5	4601.15000	4598.41000	4601.24000	4596.17000	747
1787923503	XAUUSD	M5	4603.93000	4601.10000	4604.36000	4599.52000	781
1787923803	XAUUSD	M5	4604.96000	4603.85000	4605.47000	4598.85000	908
1787924103	XAUUSD	M5	4605.97000	4605.06000	4607.21000	4600.68000	872
1787924403	XAUUSD	M5	4604.77000	4605.98000	4607.91000	4601.82000	783
1787924703	XAUUSD	M5	4609.87000	4604.94000	4612.22000	4604.86000	853
1787925003	XAUUSD	M5	4610.00000	4609.77000	4612.17000	4607.29000	893
1787925303	XAUUSD	M5	4608.55000	4610.01000	4627.11000	4608.55000	869
1787925603	XAUUSD	M5	4577.43000	4605.35000	4631.95000	4574.09000	981
1787925903	XAUUSD	M5	4573.97000	4577.37000	4581.60000	4549.20000	994
1787926203	XAUUSD	M5	4545.51000	4573.98000	4574.13000	4543.81000	983
1787926503	XAUUSD	M5	4553.76000	4546.36000	4566.42000	4545.38000	982
1787926803	XAUUSD	M5	4557.69000	4553.61000	4568.50000	4548.62000	978
1787927103	XAUUSD	M5	4552.04000	4557.84000	4559.60000	4530.21000	978
1787927403	XAUUSD	M5	4569.88000	4552.06000	4569.88000	4552.03000	966
1787927703	XAUUSD	M5	4564.76000	4569.78000	4576.98000	4564.76000	971
1787928003	XAUUSD	M5	4561.28000	4564.97000	4568.71000	4557.71000	958
1787928303	XAUUSD	M5	4553.05000	4561.32000	4562.83000	4551.88000	963
1787928603	XAUUSD	M5	4570.68000	4553.05000	4571.01000	4550.65000	938
1787928903	XAUUSD	M5	4576.61000	4570.83000	4580.65000	4570.05000	937
1787929203	XAUUSD	M5	4580.07000	4577.16000	4582.91000	4572.15000	948
1787929503	XAUUSD	M5	4572.91000	4580.10000	4581.78000	4572.30000	928
1787929803	XAUUSD	M5	4559.45000	4573.04000	4574.02000	4557.02000	925
1787930103	XAUUSD	M5	4554.94000	4559.27000	4564.48000	4554.09000	938
1787930403	XAUUSD	M5	4565.64000	4555.44000	4566.37000	4551.59000	924
1787930703	XAUUSD	M5	4566.93000	4565.83000	4569.13000	4559.28000	917
1787931003	XAUUSD	M5	4557.59000	4566.72000	4567.51000	4555.09000	923
1787931303	XAUUSD	M5	4547.11000	4557.47000	4562.62000	4547.05000	915
1787931603	XAUUSD	M5	4538.71000	4547.49000	4548.17000	4534.28000	960
1787931903	XAUUSD	M5	4535.82000	4539.23000	4545.93000	4532.11000	972
1787932203	XAUUSD	M5	4539.31000	4536.00000	4545.67000	4534.46000	923
1787932503	XAUUSD	M5	4524.71000	4539.73000	4540.81000	4524.13000	950
1787932803	XAUUSD	M5	4520.88000	4524.75000	4529.40000	4520.53000	965
1787933103	XAUUSD	M5	4508.86000	4520.52000	4520.52000	4508.27000	965
1787933403	XAUUSD	M5	4497.85000	4508.52000	4515.83000	4497.66000	955
1787933703	XAUUSD	M5	4482.21000	4497.88000	4503.60000	4481.99000	977
1787934003	XAUUSD	M5	4468.26000	4481.66000	4483.27000	4464.17000	983
1787934303	XAUUSD	M5	4481.08000	4468.91000	4482.10000	4464.77000	958
1787934603	XAUUSD	M5	4474.10000	4481.14000	4487.31000	4471.41000	969
1787934903	XAUUSD	M5	4484.92000	4474.15000	4486.15000	4473.72000	962
1787935203	XAUUSD	M5	4469.05000	4484.90000	4486.45000	4466.09000	958
1787935503	XAUUSD	M5	4481.71000	4469.10000	4481.74000	4469.10000	942
1787935803	XAUUSD	M5	4480.64000	4481.76000	4485.02000	4479.61000	907
1787936103	XAUUSD	M5	4479.50000	4480.87000	4482.61000	4475.26000	900
1787936403	XAUUSD	M5	4475.82000	4479.39000	4480.86000	4473.39000	946
1787936703	XAUUSD	M5	4480.22000	4475.90000	4482.79000	4474.88000	906
1787937003	XAUUSD	M5	4480.71000	4480.18000	4480.88000	4471.24000	844
1787937303	XAUUSD	M5	4480.99000	4480.78000	4482.06000	4475.02000	809
1787937603	XAUUSD	M5	4484.98000	4480.99000	4486.65000	4479.87000	809
1787937903	XAUUSD	M5	4477.97000	4484.98000	4486.23000	4475.92000	796
1787938203	XAUUSD	M5	4478.61000	4478.21000	4481.30000	4473.40000	787
1787938503	XAUUSD	M5	4471.89000	4478.69000	4481.68000	4471.13000	751
1787938803	XAUUSD	M5	4467.41000	4471.65000	4474.98000	4460.56000	837
1787939103	XAUUSD	M5	4473.98000	4467.36000	4475.60000	4466.78000	768
1787939403	XAUUSD	M5	4472.81000	4474.00000	4475.69000	4471.85000	659
1787939703	XAUUSD	M5	4469.30000	4472.64000	4472.64000	4466.60000	691
1787940003	XAUUSD	M5	4460.53000	4469.41000	4471.67000	4460.17000	811
1787940303	XAUUSD	M5	4461.76000	4460.98000	4466.35000	4459.64000	883
1787940603	XAUUSD	M5	4461.15000	4461.69000	4464.81000	4459.76000	840
1787940903	XAUUSD	M5	4458.85000	4461.34000	4462.68000	4454.17000	825
1787941203	XAUUSD	M5	4453.54000	4458.81000	4463.35000	4452.62000	803
1787941503	XAUUSD	M5	4456.32000	4453.54000	4462.66000	4452.64000	833
1787941803	XAUUSD	M5	4457.17000	4456.20000	4458.73000	4452.18000	782
1787942103	XAUUSD	M5	4452.95000	4457.08000	4457.31000	4451.71000	794
1787942403	XAUUSD	M5	4451.32000	4452.94000	4455.20000	4445.40000	801
1787942703	XAUUSD	M5	4453.30000	4451.33000	4455.05000	4448.49000	785
1787943003	XAUUSD	M5	4454.12000	4453.30000	4456.94000	4451.77000	795
1787943303	XAUUSD	M5	4457.08000	4454.36000	4458.31000	4452.58000	785
1787943603	XAUUSD	M5	4458.05000	4456.89000	4461.98000	4453.09000	858
1787943903	XAUUSD	M5	4461.92000	4458.05000	4462.65000	4456.97000	743
1787944203	XAUUSD	M5	4457.10000	4461.94000	4462.14000	4454.52000	743
1787944503	XAUUSD	M5	4460.25000	4457.10000	4460.90000	4455.23000	693
1787944803	XAUUSD	M5	4459.43000	4460.29000	4462.19000	4457.51000	669
1787945103	XAUUSD	M5	4462.29000	4459.48000	4463.67000	4459.48000	653
1787945403	XAUUSD	M5	4463.13000	4462.11000	4464.86000	4461.00000	685
1787945703	XAUUSD	M5	4466.34000	4463.13000	4466.88000	4462.04000	643
1787946003	XAUUSD	M5	4465.06000	4466.49000	4466.90000	4464.57000	555
1787946303	XAUUSD	M5	4457.57000	4465.03000	4465.03000	4455.01000	593
1787946603	XAUUSD	M5	4457.25000	4457.50000	4459.70000	4453.10000	698
1787946903	XAUUSD	M5	4458.25000	4457.28000	4461.38000	4456.59000	711
1787947203	XAUUSD	M5	4460.48000	4458.60000	4462.75000	4455.43000	550
1787947503	XAUUSD	M5	4460.60000	4460.43000	4461.68000	4460.06000	430
1787947803	XAUUSD	M5	4457.82000	4460.59000	4461.49000	4457.42000	405
1787948103	XAUUSD	M5	4458.33000	4457.93000	4460.54000	4457.75000	287
1787948403	XAUUSD	M5	4454.48000	4458.32000	4458.32000	4453.66000	370
1787948703	XAUUSD	M5	4457.94000	4454.48000	4458.27000	4453.86000	277
1787949003	XAUUSD	M5	4456.14000	4458.08000	4458.18000	4455.54000	320
1787949303	XAUUSD	M5	4455.73000	4456.14000	4457.37000	4455.46000	342
1787949603	XAUUSD	M5	4457.37000	4455.73000	4457.39000	4453.85000	284
1787949903	XAUUSD	M5	4459.37000	4457.37000	4460.00000	4456.03000	347
1787950203	XAUUSD	M5	4454.36000	4459.43000	4459.98000	4453.63000	314
1787950503	XAUUSD	M5	4456.30000	4454.74000	4456.35000	4453.25000	225
1788127203	XAUUSD	M5	4445.91000	4429.92000	4446.61000	4429.92000	597
1788127503	XAUUSD	M5	4456.06000	4446.08000	4456.54000	4445.87000	555
1788127803	XAUUSD	M5	4458.84000	4455.79000	4459.76000	4454.93000	449
1788128103	XAUUSD	M5	4462.12000	4459.00000	4463.00000	4456.17000	438
1788128403	XAUUSD	M5	4462.18000	4462.21000	4466.09000	4460.68000	488
1788128703	XAUUSD	M5	4459.57000	4462.55000	4465.55000	4458.13000	446
1788129003	XAUUSD	M5	4453.17000	4459.60000	4459.79000	4452.90000	472
1788129303	XAUUSD	M5	4460.40000	4453.09000	4461.52000	4453.00000	418
1788129603	XAUUSD	M5	4457.71000	4460.32000	4462.42000	4456.74000	363
1788129903	XAUUSD	M5	4459.78000	4457.71000	4460.34000	4456.86000	285
1788130203	XAUUSD	M5	4458.92000	4459.78000	4459.97000	4458.39000	220
1788130503	XAUUSD	M5	4461.43000	4458.92000	4462.40000	4458.68000	312
1788130803	XAUUSD	M5	4462.37000	4461.24000	4463.07000	4459.82000	365
1788131103	XAUUSD	M5	4465.33000	4462.37000	4466.76000	4462.01000	409
1788131403	XAUUSD	M5	4460.69000	4465.26000	4465.59000	4459.92000	383
1788131703	XAUUSD	M5	4463.27000	4460.70000	4463.94000	4460.13000	352
1788132003	XAUUSD	M5	4459.66000	4463.31000	4465.12000	4459.16000	414
1788132303	XAUUSD	M5	4457.65000	4459.75000	4459.87000	4455.13000	393
1788132603	XAUUSD	M5	4454.73000	4457.67000	4458.05000	4451.36000	579
1788132903	XAUUSD	M5	4450.30000	4454.71000	4454.77000	4450.26000	437
1788133203	XAUUSD	M5	4447.50000	4450.22000	4451.24000	4446.56000	531
1788133503	XAUUSD	M5	4439.63000	4447.44000	4447.44000	4436.05000	774
1788133803	XAUUSD	M5	4447.61000	4439.61000	4447.95000	4439.61000	639
1788134103	XAUUSD	M5	4458.52000	4447.59000	4460.26000	4447.59000	679
1788134403	XAUUSD	M5	4458.43000	4458.47000	4461.93000	4453.38000	853
1788134703	XAUUSD	M5	4456.91000	4458.46000	4459.89000	4454.46000	705
1788135003	XAUUSD	M5	4462.00000	4456.92000	4463.45000	4455.06000	704
1788135303	XAUUSD	M5	4459.72000	4462.05000	4465.32000	4459.38000	631
1788135603	XAUUSD	M5	4458.31000	4459.77000	4460.77000	4456.71000	585
1788135903	XAUUSD	M5	4456.90000	4458.53000	4458.53000	4452.17000	645
1788136203	XAUUSD	M5	4462.69000	4456.74000	4466.01000	4456.74000	645
1788136503	XAUUSD	M5	4470.24000	4462.66000	4470.69000	4462.54000	609
1788136803	XAUUSD	M5	4465.16000	4470.24000	4472.10000	4464.04000	615
1788137103	XAUUSD	M5	4465.38000	4465.18000	4468.98000	4464.16000	608
1788137403	XAUUSD	M5	4466.52000	4465.89000	4466.62000	4462.66000	582
1788137703	XAUUSD	M5	4456.14000	4466.53000	4467.18000	4456.00000	670
1788138003	XAUUSD	M5	4462.17000	4456.22000	4463.16000	4438.08000	957
1788138303	XAUUSD	M5	4439.67000	4462.29000	4462.88000	4438.97000	928
1788138603	XAUUSD	M5	4443.85000	4439.69000	4444.58000	4436.05000	916
1788138903	XAUUSD	M5	4452.22000	4443.67000	4452.30000	4442.34000	913
1788139203	XAUUSD	M5	4449.92000	4452.21000	4454.40000	4444.53000	874
1788139503	XAUUSD	M5	4443.94000	4449.90000	4449.90000	4443.19000	810
1788139803	XAUUSD	M5	4441.38000	4443.94000	4450.48000	4436.50000	881
1788140103	XAUUSD	M5	4449.07000	4441.38000	4450.71000	4439.68000	888
1788140403	XAUUSD	M5	4450.86000	4449.10000	4453.62000	4443.46000	864
1788140703	XAUUSD	M5	4437.59000	4450.87000	4452.73000	4437.55000	870
1788141003	XAUUSD	M5	4444.68000	4437.59000	4444.70000	4436.29000	830
1788141303	XAUUSD	M5	4440.27000	4444.61000	4446.75000	4439.62000	798
1788141603	XAUUSD	M5	4426.86000	4440.13000	4441.28000	4418.54000	882
1788141903	XAUUSD	M5	4428.71000	4426.86000	4433.86000	4425.23000	848
1788142203	XAUUSD	M5	4424.37000	4428.74000	4432.40000	4422.69000	803
1788142503	XAUUSD	M5	4421.88000	4424.29000	4425.22000	4418.79000	719
1788142803	XAUUSD	M5	4427.13000	4422.20000	4427.29000	4421.16000	674
1788143103	XAUUSD	M5	4423.12000	4427.09000	4428.07000	4423.00000	683
1788143403	XAUUSD	M5	4411.35000	4423.09000	4426.43000	4411.00000	898
1788143703	XAUUSD	M5	4408.20000	4411.27000	4412.05000	4405.63000	858
1788144003	XAUUSD	M5	4403.04000	4408.20000	4408.20000	4401.90000	823
1788144303	XAUUSD	M5	4401.67000	4403.11000	4406.96000	4396.53000	787
1788144603	XAUUSD	M5	4416.70000	4401.73000	4417.26000	4399.43000	826
1788144903	XAUUSD	M5	4422.93000	4416.70000	4422.93000	4416.35000	700
1788145203	XAUUSD	M5	4422.34000	4422.84000	4426.85000	4421.65000	717
1788145503	XAUUSD	M5	4425.37000	4422.31000	4426.45000	4421.86000	664
1788145803	XAUUSD	M5	4428.10000	4425.37000	4428.11000	4424.28000	632
1788146103	XAUUSD	M5	4427.86000	4428.10000	4432.43000	4427.77000	708
1788146403	XAUUSD	M5	4430.85000	4427.86000	4433.89000	4427.58000	611
1788146703	XAUUSD	M5	4427.85000	4430.85000	4431.84000	4426.44000	649
1788147003	XAUUSD	M5	4423.63000	4427.88000	4427.88000	4423.50000	519
1788147303	XAUUSD	M5	4420.61000	4423.63000	4425.25000	4419.86000	532
1788147603	XAUUSD	M5	4422.81000	4420.61000	4424.03000	4420.32000	438
1788147903	XAUUSD	M5	4424.02000	4422.73000	4425.10000	4422.63000	453
1788148203	XAUUSD	M5	4424.28000	4424.02000	4426.93000	4423.93000	400
1788148503	XAUUSD	M5	4422.64000	4424.28000	4424.52000	4421.53000	431
1788148803	XAUUSD	M5	4418.53000	4422.78000	4422.92000	4418.47000	445
1788149103	XAUUSD	M5	4418.32000	4418.53000	4418.89000	4416.85000	418
1788149403	XAUUSD	M5	4421.17000	4418.32000	4422.50000	4417.08000	438
1788149703	XAUUSD	M5	4418.43000	4421.11000	4421.46000	4418.07000	431
1788150003	XAUUSD	M5	4418.12000	4418.26000	4419.51000	4416.11000	418
1788150303	XAUUSD	M5	4415.94000	4418.33000	4420.68000	4415.88000	369
1788150603	XAUUSD	M5	4416.31000	4415.94000	4416.48000	4412.89000	424
1788150903	XAUUSD	M5	4420.30000	4416.50000	4421.84000	4415.88000	510
1788151203	XAUUSD	M5	4420.19000	4420.30000	4420.39000	4417.00000	452
1788151503	XAUUSD	M5	4419.17000	4420.14000	4421.44000	4418.98000	416
1788151803	XAUUSD	M5	4420.49000	4419.17000	4421.06000	4418.74000	388
1788152103	XAUUSD	M5	4424.61000	4420.57000	4425.01000	4419.16000	488
1788152403	XAUUSD	M5	4423.86000	4424.58000	4426.95000	4422.45000	544
1788152703	XAUUSD	M5	4420.23000	4423.78000	4423.99000	4419.24000	482
1788153003	XAUUSD	M5	4422.64000	4420.30000	4425.36000	4419.66000	496
1788153303	XAUUSD	M5	4427.93000	4422.60000	4427.93000	4421.98000	533
1788153603	XAUUSD	M5	4434.16000	4427.89000	4434.72000	4427.83000	572
1788153903	XAUUSD	M5	4440.24000	4433.78000	4440.74000	4432.79000	598
1788154203	XAUUSD	M5	4433.17000	4440.24000	4441.71000	4430.52000	810
1788154503	XAUUSD	M5	4434.42000	4433.05000	4436.83000	4432.17000	702
1788154803	XAUUSD	M5	4437.68000	4434.36000	4439.29000	4432.94000	699
1788155103	XAUUSD	M5	4435.46000	4437.88000	4441.51000	4435.12000	712
1788155403	XAUUSD	M5	4437.05000	4435.51000	4439.58000	4434.13000	676
1788155703	XAUUSD	M5	4442.92000	4437.08000	4443.81000	4435.35000	644
1788156003	XAUUSD	M5	4433.14000	4443.01000	4443.16000	4432.83000	716
1788156303	XAUUSD	M5	4432.38000	4433.16000	4433.16000	4429.28000	672
1788156603	XAUUSD	M5	4432.07000	4432.26000	4435.29000	4431.97000	595
1788156903	XAUUSD	M5	4437.97000	4432.11000	4438.25000	4431.28000	665
1788157203	XAUUSD	M5	4437.57000	4437.91000	4438.90000	4434.66000	634
1788157503	XAUUSD	M5	4435.78000	4437.61000	4437.99000	4434.36000	553
1788157803	XAUUSD	M5	4434.21000	4435.80000	4437.08000	4431.26000	609
1788158103	XAUUSD	M5	4440.52000	4434.21000	4440.97000	4433.97000	584
1788158403	XAUUSD	M5	4439.51000	4440.52000	4441.35000	4439.00000	506
1788158703	XAUUSD	M5	4441.85000	4439.80000	4442.64000	4439.13000	583
1788159003	XAUUSD	M5	4440.24000	4441.83000	4441.83000	4437.34000	606
1788159303	XAUUSD	M5	4439.47000	4440.24000	4440.24000	4436.70000	572
1788159603	XAUUSD	M5	4439.62000	4439.60000	4440.46000	4437.07000	564
1788159903	XAUUSD	M5	4437.94000	4439.60000	4441.84000	4436.84000	515
1788160203	XAUUSD	M5	4436.16000	4437.74000	4439.86000	4435.67000	455
1788160503	XAUUSD	M5	4438.93000	4436.16000	4441.12000	4435.16000	496
1788160803	XAUUSD	M5	4444.90000	4438.93000	4445.63000	4438.46000	547
1788161103	XAUUSD	M5	4444.01000	4445.04000	4448.22000	4443.65000	495
1788161403	XAUUSD	M5	4444.32000	4443.92000	4446.58000	4441.19000	551
1788161703	XAUUSD	M5	4443.32000	4444.18000	4444.86000	4441.88000	506
1788162003	XAUUSD	M5	4446.52000	4443.30000	4447.14000	4441.37000	463
1788162303	XAUUSD	M5	4444.54000	4446.51000	4447.76000	4443.31000	484
1788162603	XAUUSD	M5	4444.09000	4444.54000	4444.63000	4442.03000	455
1788162903	XAUUSD	M5	4443.37000	4444.09000	4445.00000	4440.95000	474
1788163203	XAUUSD	M5	4448.45000	4443.31000	4449.50000	4443.01000	606
1788163503	XAUUSD	M5	4442.70000	4448.46000	4448.73000	4441.99000	472
1788163803	XAUUSD	M5	4438.89000	4442.86000	4442.89000	4437.06000	475
1788164103	XAUUSD	M5	4439.76000	4438.89000	4440.35000	4436.08000	473
1788164403	XAUUSD	M5	4437.49000	4439.79000	4440.26000	4437.43000	476
1788164703	XAUUSD	M5	4440.43000	4437.49000	4441.40000	4437.49000	481
1788165003	XAUUSD	M5	4436.01000	4440.14000	4440.28000	4435.91000	459
1788165303	XAUUSD	M5	4436.68000	4436.01000	4438.21000	4435.35000	431
1788165603	XAUUSD	M5	4435.48000	4436.67000	4437.34000	4434.44000	444
1788165903	XAUUSD	M5	4436.39000	4435.48000	4436.79000	4434.40000	399
1788166203	XAUUSD	M5	4434.22000	4436.39000	4436.98000	4433.77000	399
1788166503	XAUUSD	M5	4435.64000	4434.22000	4436.11000	4434.16000	369
1788166803	XAUUSD	M5	4438.82000	4435.83000	4438.85000	4435.64000	416
1788167103	XAUUSD	M5	4436.79000	4438.80000	4441.26000	4436.37000	415
1788167403	XAUUSD	M5	4442.90000	4436.58000	4443.00000	4435.73000	499
1788167703	XAUUSD	M5	4441.08000	4442.90000	4444.16000	4440.78000	441
1788168003	XAUUSD	M5	4439.44000	4441.08000	4441.37000	4438.63000	431
1788168303	XAUUSD	M5	4439.09000	4439.41000	4439.84000	4438.11000	377
1788168603	XAUUSD	M5	4444.26000	4439.18000	4444.26000	4439.05000	406
1788168903	XAUUSD	M5	4441.62000	4444.26000	4444.62000	4441.45000	326
1788169203	XAUUSD	M5	4442.98000	4441.62000	4443.36000	4440.73000	346
1788169503	XAUUSD	M5	4442.90000	4443.02000	4444.72000	4442.37000	424
1788169803	XAUUSD	M5	4443.67000	4442.78000	4444.35000	4440.88000	388
1788170103	XAUUSD	M5	4445.16000	4443.67000	4445.48000	4442.53000	376
1788170403	XAUUSD	M5	4447.67000	4445.55000	4447.67000	4444.83000	504
1788170703	XAUUSD	M5	4448.26000	4447.67000	4453.73000	4447.19000	602
1788171003	XAUUSD	M5	4451.55000	4448.26000	4451.64000	4446.25000	578
1788171303	XAUUSD	M5	4448.10000	4451.64000	4452.07000	4446.45000	530
1788171603	XAUUSD	M5	4447.40000	4448.10000	4449.80000	4447.40000	408
1788171903	XAUUSD	M5	4448.42000	4447.41000	4448.93000	4446.61000	422
1788172203	XAUUSD	M5	4448.54000	4448.35000	4450.10000	4447.54000	408
1788172503	XAUUSD	M5	4449.94000	4448.54000	4451.21000	4447.71000	376
1788172803	XAUUSD	M5	4450.93000	4449.97000	4451.56000	4448.70000	354
1788173103	XAUUSD	M5	4450.80000	4450.87000	4451.33000	4449.34000	338
1788173403	XAUUSD	M5	4453.66000	4450.80000	4455.48000	4450.52000	431
1788173703	XAUUSD	M5	4453.90000	4453.64000	4455.51000	4453.53000	408
1788174003	XAUUSD	M5	4456.11000	4453.85000	4456.90000	4453.53000	473
1788174303	XAUUSD	M5	4456.75000	4456.11000	4457.22000	4453.10000	430
1788174603	XAUUSD	M5	4453.69000	4456.75000	4457.54000	4453.62000	363
1788174903	XAUUSD	M5	4456.43000	4453.78000	4457.09000	4452.69000	389
1788175203	XAUUSD	M5	4458.12000	4456.43000	4458.42000	4456.03000	400
1788175503	XAUUSD	M5	4463.25000	4458.13000	4464.03000	4457.96000	522
1788175803	XAUUSD	M5	4458.53000	4463.24000	4463.93000	4458.53000	553
1788176103	XAUUSD	M5	4455.65000	4458.60000	4459.75000	4454.80000	524
1788176403	XAUUSD	M5	4454.77000	4455.66000	4459.33000	4453.59000	558
1788176703	XAUUSD	M5	4453.30000	4454.65000	4455.75000	4452.85000	489
1788177003	XAUUSD	M5	4452.84000	4453.25000	4454.69000	4452.52000	479
1788177303	XAUUSD	M5	4455.42000	4453.18000	4456.20000	4453.15000	456
1788177603	XAUUSD	M5	4458.48000	4455.42000	4459.25000	4454.95000	526
1788177903	XAUUSD	M5	4457.03000	4458.48000	4460.91000	4451.02000	608
1788178203	XAUUSD	M5	4457.32000	4456.96000	4459.84000	4454.91000	559
1788178503	XAUUSD	M5	4456.47000	4457.32000	4458.72000	4455.10000	517
1788178803	XAUUSD	M5	4452.67000	4456.83000	4457.37000	4450.27000	601
1788179103	XAUUSD	M5	4447.62000	4452.71000	4454.39000	4447.26000	783
1788179403	XAUUSD	M5	4446.59000	4447.68000	4449.98000	4445.70000	702
1788179703	XAUUSD	M5	4441.91000	4446.58000	4447.32000	4441.85000	673
1788180003	XAUUSD	M5	4440.51000	4442.07000	4442.37000	4438.96000	658
1788180303	XAUUSD	M5	4438.00000	4440.44000	4440.44000	4435.76000	622
1788180603	XAUUSD	M5	4437.07000	4437.91000	4441.50000	4436.91000	583
1788180903	XAUUSD	M5	4435.85000	4437.11000	4439.49000	4435.42000	615
1788181203	XAUUSD	M5	4437.77000	4435.91000	4439.94000	4433.85000	838
1788181503	XAUUSD	M5	4444.93000	4437.48000	4445.74000	4436.28000	754
1788181803	XAUUSD	M5	4445.99000	4444.93000	4446.66000	4442.83000	756
1788182103	XAUUSD	M5	4443.08000	4446.00000	4448.28000	4441.33000	730
1788182403	XAUUSD	M5	4440.96000	4443.01000	4443.82000	4439.33000	680
1788182703	XAUUSD	M5	4445.62000	4440.92000	4447.21000	4440.60000	770
1788183003	XAUUSD	M5	4438.48000	4445.87000	4447.34000	4437.89000	912
1788183303	XAUUSD	M5	4436.76000	4438.43000	4443.12000	4435.76000	910
1788183603	XAUUSD	M5	4433.66000	4436.73000	4437.84000	4432.03000	917
1788183903	XAUUSD	M5	4425.55000	4433.63000	4433.63000	4424.82000	918
1788184203	XAUUSD	M5	4424.13000	4425.61000	4429.19000	4419.38000	895
1788184503	XAUUSD	M5	4418.48000	4424.39000	4424.78000	4415.83000	871
1788184803	XAUUSD	M5	4420.90000	4418.11000	4423.72000	4416.16000	931
1788185103	XAUUSD	M5	4427.17000	4420.80000	4427.88000	4419.95000	902
1788185403	XAUUSD	M5	4427.64000	4427.01000	4427.66000	4421.17000	888
1788185703	XAUUSD	M5	4427.31000	4427.47000	4431.05000	4424.80000	890
1788186003	XAUUSD	M5	4418.82000	4427.09000	4427.09000	4416.56000	877
1788186303	XAUUSD	M5	4420.20000	4418.91000	4423.19000	4417.56000	878
1788186603	XAUUSD	M5	4424.96000	4420.20000	4428.47000	4419.26000	867
1788186903	XAUUSD	M5	4433.48000	4424.96000	4435.96000	4424.79000	853
1788187203	XAUUSD	M5	4433.00000	4433.52000	4435.64000	4431.45000	755
1788187503	XAUUSD	M5	4428.82000	4433.02000	4435.74000	4428.33000	793
1788187803	XAUUSD	M5	4432.92000	4428.68000	4433.33000	4426.13000	825
1788188103	XAUUSD	M5	4431.60000	4432.74000	4436.09000	4431.09000	824
1788188403	XAUUSD	M5	4428.72000	4431.69000	4436.54000	4428.51000	813
1788188703	XAUUSD	M5	4433.96000	4428.64000	4434.27000	4428.16000	791
1788189003	XAUUSD	M5	4435.25000	4433.86000	4437.63000	4431.90000	791
1788189303	XAUUSD	M5	4432.19000	4435.25000	4437.83000	4429.08000	818
1788189603	XAUUSD	M5	4433.02000	4432.37000	4435.59000	4429.48000	753
1788189903	XAUUSD	M5	4433.04000	4433.10000	4434.61000	4430.66000	712
1788190203	XAUUSD	M5	4430.38000	4432.90000	4434.16000	4428.86000	830
1788190503	XAUUSD	M5	4429.86000	4430.24000	4432.48000	4427.24000	782
1788190803	XAUUSD	M5	4427.40000	4429.90000	4431.39000	4426.37000	691
1788191103	XAUUSD	M5	4431.42000	4427.37000	4433.59000	4427.16000	751
1788191403	XAUUSD	M5	4428.15000	4431.37000	4432.64000	4426.97000	738
1788191703	XAUUSD	M5	4426.26000	4427.88000	4428.87000	4424.63000	767
1788192003	XAUUSD	M5	4430.39000	4426.44000	4432.67000	4423.76000	773
1788192303	XAUUSD	M5	4434.29000	4430.22000	4436.24000	4429.93000	765
1788192603	XAUUSD	M5	4434.81000	4434.29000	4437.09000	4432.89000	741
1788192903	XAUUSD	M5	4434.92000	4434.78000	4436.85000	4434.45000	649
1788193203	XAUUSD	M5	4436.00000	4434.92000	4436.48000	4433.29000	670
1788193503	XAUUSD	M5	4438.40000	4436.02000	4438.64000	4435.21000	567
1788193803	XAUUSD	M5	4436.45000	4438.42000	4440.25000	4435.47000	685
1788194103	XAUUSD	M5	4432.20000	4436.48000	4436.48000	4431.29000	728
1788194403	XAUUSD	M5	4435.75000	4432.20000	4437.70000	4431.45000	700
1788194703	XAUUSD	M5	4433.98000	4435.71000	4436.95000	4432.49000	648
1788195003	XAUUSD	M5	4434.17000	4433.99000	4437.62000	4433.68000	626
1788195303	XAUUSD	M5	4433.32000	4434.19000	4434.43000	4432.33000	575
1788195603	XAUUSD	M5	4432.64000	4433.28000	4434.59000	4431.26000	689
1788195903	XAUUSD	M5	4431.67000	4432.62000	4433.07000	4430.79000	647
1788196203	XAUUSD	M5	4433.91000	4431.71000	4435.29000	4431.62000	592
1788196503	XAUUSD	M5	4435.88000	4433.53000	4436.36000	4433.00000	611
1788196803	XAUUSD	M5	4432.86000	4435.88000	4437.05000	4432.75000	642
1788197103	XAUUSD	M5	4430.49000	4432.89000	4434.83000	4428.76000	749
1788197403	XAUUSD	M5	4432.69000	4430.86000	4434.74000	4429.94000	692
1788197703	XAUUSD	M5	4433.63000	4432.78000	4435.48000	4432.78000	628
1788198003	XAUUSD	M5	4436.51000	4433.57000	4436.87000	4432.91000	579
1788198303	XAUUSD	M5	4438.78000	4436.61000	4440.11000	4435.88000	636
1788198603	XAUUSD	M5	4437.60000	4438.90000	4439.99000	4437.28000	587
1788198903	XAUUSD	M5	4436.57000	4437.68000	4438.11000	4435.70000	530
1788199203	XAUUSD	M5	4432.35000	4436.56000	4436.83000	4430.95000	678
1788199503	XAUUSD	M5	4431.44000	4432.35000	4432.88000	4431.18000	533
1788199803	XAUUSD	M5	4433.72000	4431.42000	4433.73000	4430.43000	560
1788200103	XAUUSD	M5	4432.05000	4433.72000	4434.53000	4431.68000	478
1788200403	XAUUSD	M5	4433.04000	4432.05000	4433.26000	4431.79000	473
1788200703	XAUUSD	M5	4429.93000	4433.09000	4433.18000	4429.66000	629
1788201003	XAUUSD	M5	4427.55000	4429.79000	4429.79000	4426.28000	588
1788201303	XAUUSD	M5	4428.27000	4427.56000	4428.76000	4426.78000	590
1788201603	XAUUSD	M5	4429.22000	4428.34000	4430.28000	4427.54000	569
1788201903	XAUUSD	M5	4432.92000	4429.29000	4433.04000	4429.11000	497
1788202203	XAUUSD	M5	4433.45000	4432.92000	4434.65000	4432.40000	500
1788202503	XAUUSD	M5	4430.87000	4433.55000	4433.99000	4430.42000	570
1788202803	XAUUSD	M5	4430.92000	4430.87000	4433.12000	4429.16000	583
1788203103	XAUUSD	M5	4434.71000	4430.87000	4434.76000	4430.82000	488
1788203403	XAUUSD	M5	4433.73000	4434.94000	4435.47000	4432.75000	496
1788203703	XAUUSD	M5	4433.78000	4433.74000	4434.17000	4433.41000	449
1788204003	XAUUSD	M5	4439.28000	4433.77000	4439.63000	4432.96000	479
1788204303	XAUUSD	M5	4440.40000	4439.23000	4442.43000	4438.12000	576
1788204603	XAUUSD	M5	4440.69000	4440.41000	4441.20000	4439.46000	540
1788204903	XAUUSD	M5	4442.93000	4440.69000	4445.34000	4440.19000	644
1788205203	XAUUSD	M5	4443.04000	4442.93000	4443.32000	4439.08000	600
1788205503	XAUUSD	M5	4448.91000	4443.04000	4449.20000	4441.61000	661
1788205803	XAUUSD	M5	4450.35000	4448.75000	4452.90000	4447.63000	764
1788206103	XAUUSD	M5	4453.26000	4450.20000	4453.75000	4447.84000	835
1788206403	XAUUSD	M5	4452.78000	4453.34000	4455.71000	4452.66000	560
1788206703	XAUUSD	M5	4452.21000	4452.80000	4453.26000	4451.41000	368
1788207003	XAUUSD	M5	4450.05000	4452.28000	4452.82000	4449.77000	309
1788207303	XAUUSD	M5	4449.06000	4450.04000	4450.37000	4448.80000	259
1788207603	XAUUSD	M5	4447.91000	4449.06000	4449.06000	4446.89000	241
1788207903	XAUUSD	M5	4447.34000	4447.91000	4448.20000	4446.94000	212
1788208203	XAUUSD	M5	4448.12000	4447.34000	4448.70000	4446.85000	263
1788208503	XAUUSD	M5	4448.23000	4448.15000	4449.30000	4447.77000	149
1788208803	XAUUSD	M5	4448.23000	4448.27000	4448.72000	4447.48000	197
1788209103	XAUUSD	M5	4447.39000	4448.20000	4448.44000	4446.87000	232
1788209403	XAUUSD	M5	4448.20000	4447.37000	4448.30000	4446.55000	266
1788209703	XAUUSD	M5	4449.12000	4448.22000	4449.16000	4447.76000	174
1788213603	XAUUSD	M5	4454.38000	4450.04000	4454.58000	4447.22000	376
1788213903	XAUUSD	M5	4455.59000	4454.07000	4455.78000	4452.03000	278
1788214203	XAUUSD	M5	4451.82000	4455.64000	4455.85000	4451.74000	355
1788214503	XAUUSD	M5	4450.21000	4451.64000	4452.22000	4450.21000	237
1788214803	XAUUSD	M5	4448.01000	4450.21000	4450.21000	4448.01000	187
1788215103	XAUUSD	M5	4449.83000	4448.12000	4450.62000	4447.92000	257
1788215403	XAUUSD	M5	4450.22000	4449.83000	4451.16000	4448.84000	202
1788215703	XAUUSD	M5	4448.48000	4450.22000	4450.22000	4448.32000	197
1788216003	XAUUSD	M5	4447.93000	4448.48000	4449.02000	4447.44000	153
1788216303	XAUUSD	M5	4447.03000	4447.89000	4448.32000	4446.02000	193
1788216603	XAUUSD	M5	4445.91000	4447.05000	4447.45000	4445.64000	219
1788216903	XAUUSD	M5	4447.09000	4445.91000	4447.96000	4445.91000	214
1788217203	XAUUSD	M5	4445.96000	4446.98000	4447.19000	4445.95000	255
1788217503	XAUUSD	M5	4446.21000	4446.10000	4446.74000	4445.68000	233
1788217803	XAUUSD	M5	4444.13000	4446.21000	4446.77000	4443.84000	237
1788218103	XAUUSD	M5	4443.20000	4444.13000	4444.13000	4443.18000	173
1788218403	XAUUSD	M5	4443.11000	4443.20000	4443.46000	4441.75000	216
1788218703	XAUUSD	M5	4443.32000	4443.11000	4444.35000	4442.87000	190
1788219003	XAUUSD	M5	4445.62000	4443.32000	4447.94000	4443.17000	301
1788219303	XAUUSD	M5	4444.97000	4445.69000	4446.46000	4444.37000	205
1788219603	XAUUSD	M5	4445.60000	4444.97000	4446.57000	4443.14000	238
1788219903	XAUUSD	M5	4446.40000	4445.76000	4449.47000	4445.63000	514
1788220203	XAUUSD	M5	4450.80000	4446.46000	4451.74000	4446.27000	331
1788220503	XAUUSD	M5	4452.31000	4450.72000	4452.44000	4448.58000	488
1788220803	XAUUSD	M5	4453.92000	4452.24000	4454.17000	4446.51000	757
1788221103	XAUUSD	M5	4455.27000	4453.97000	4456.03000	4450.89000	756
1788221403	XAUUSD	M5	4455.24000	4455.27000	4458.03000	4452.77000	672
1788221703	XAUUSD	M5	4457.64000	4455.18000	4458.17000	4452.73000	679
1788222003	XAUUSD	M5	4457.94000	4457.54000	4461.41000	4457.49000	613
1788222303	XAUUSD	M5	4460.10000	4457.78000	4461.12000	4456.92000	549
1788222603	XAUUSD	M5	4457.42000	4460.30000	4460.97000	4456.30000	481
1788222903	XAUUSD	M5	4455.15000	4457.35000	4457.37000	4453.30000	493
1788223203	XAUUSD	M5	4453.36000	4455.07000	4456.51000	4452.02000	555
1788223503	XAUUSD	M5	4455.95000	4453.29000	4456.89000	4452.30000	610
1788223803	XAUUSD	M5	4457.02000	4455.97000	4461.41000	4455.47000	573
1788224103	XAUUSD	M5	4453.60000	4457.06000	4457.36000	4451.16000	576
1788224403	XAUUSD	M5	4449.82000	4453.60000	4456.84000	4448.03000	901
1788224703	XAUUSD	M5	4447.16000	4449.80000	4450.63000	4446.71000	767
1788225003	XAUUSD	M5	4446.39000	4447.14000	4449.01000	4445.50000	766
1788225303	XAUUSD	M5	4443.42000	4446.44000	4447.81000	4443.29000	732
1788225603	XAUUSD	M5	4440.35000	4443.42000	4444.68000	4438.73000	689
1788225903	XAUUSD	M5	4439.82000	4440.38000	4440.68000	4437.95000	711
1788226203	XAUUSD	M5	4442.92000	4439.89000	4442.92000	4436.46000	756
1788226503	XAUUSD	M5	4444.06000	4442.82000	4445.68000	4441.10000	781
1788226803	XAUUSD	M5	4445.69000	4444.19000	4445.69000	4440.87000	661
1788227103	XAUUSD	M5	4441.12000	4445.62000	4446.66000	4440.66000	654
1788227403	XAUUSD	M5	4441.46000	4441.05000	4443.40000	4439.48000	695
1788227703	XAUUSD	M5	4444.42000	4441.46000	4444.53000	4441.07000	678
1788228003	XAUUSD	M5	4446.79000	4444.41000	4446.79000	4442.78000	685
1788228303	XAUUSD	M5	4442.01000	4446.93000	4448.70000	4441.88000	715
1788228603	XAUUSD	M5	4445.07000	4441.97000	4449.14000	4441.97000	673
1788228903	XAUUSD	M5	4446.73000	4445.06000	4446.85000	4444.92000	391
1788229203	XAUUSD	M5	4442.85000	4446.73000	4448.46000	4442.42000	464
1788229503	XAUUSD	M5	4440.60000	4442.81000	4443.36000	4440.40000	538
1788229803	XAUUSD	M5	4437.60000	4440.65000	4440.97000	4435.25000	729
1788230103	XAUUSD	M5	4433.57000	4437.60000	4437.68000	4432.26000	807
1788230403	XAUUSD	M5	4431.86000	4433.57000	4437.00000	4431.62000	704
1788230703	XAUUSD	M5	4435.35000	4431.86000	4436.19000	4427.73000	750
1788231003	XAUUSD	M5	4439.38000	4435.38000	4440.25000	4434.58000	623
1788231303	XAUUSD	M5	4443.09000	4439.33000	4443.19000	4438.64000	595
1788231603	XAUUSD	M5	4440.95000	4443.09000	4444.12000	4439.68000	705
1788231903	XAUUSD	M5	4440.82000	4440.95000	4442.24000	4439.54000	514
1788232203	XAUUSD	M5	4439.93000	4440.82000	4442.03000	4438.64000	557
1788232503	XAUUSD	M5	4436.47000	4439.87000	4440.39000	4436.45000	517
1788232803	XAUUSD	M5	4432.89000	4436.49000	4436.88000	4432.45000	662
1788233103	XAUUSD	M5	4434.07000	4432.85000	4436.21000	4431.79000	609
1788233403	XAUUSD	M5	4436.42000	4434.07000	4436.73000	4433.52000	541
1788233703	XAUUSD	M5	4437.62000	4436.42000	4437.79000	4433.53000	467
1788234003	XAUUSD	M5	4438.59000	4437.60000	4438.86000	4437.27000	486
1788234303	XAUUSD	M5	4441.39000	4438.50000	4442.89000	4438.50000	436
1788234603	XAUUSD	M5	4441.87000	4441.39000	4443.31000	4440.93000	384
1788234903	XAUUSD	M5	4436.70000	4441.90000	4441.90000	4436.70000	401
1788235203	XAUUSD	M5	4437.04000	4436.66000	4437.74000	4435.71000	418
1788235503	XAUUSD	M5	4432.10000	4437.04000	4437.40000	4431.62000	416
1788235803	XAUUSD	M5	4431.17000	4432.10000	4432.35000	4430.19000	444
1788236103	XAUUSD	M5	4430.28000	4431.18000	4433.79000	4429.78000	473
1788236403	XAUUSD	M5	4432.16000	4430.28000	4432.50000	4429.73000	313
1788236703	XAUUSD	M5	4429.68000	4432.16000	4433.20000	4429.58000	417
1788237003	XAUUSD	M5	4430.11000	4429.68000	4430.32000	4428.63000	408
1788237303	XAUUSD	M5	4429.73000	4430.11000	4430.57000	4429.04000	398
1788237603	XAUUSD	M5	4427.83000	4429.73000	4430.13000	4426.60000	422
1788237903	XAUUSD	M5	4427.08000	4427.89000	4429.40000	4425.61000	468
1788238203	XAUUSD	M5	4429.32000	4427.06000	4429.70000	4425.39000	414
1788238503	XAUUSD	M5	4426.69000	4429.26000	4429.32000	4425.55000	458
1788238803	XAUUSD	M5	4431.03000	4426.69000	4431.50000	4426.24000	519
1788239103	XAUUSD	M5	4430.82000	4431.03000	4432.62000	4430.24000	326
1788239403	XAUUSD	M5	4429.35000	4430.80000	4431.37000	4428.98000	426
1788239703	XAUUSD	M5	4425.88000	4429.42000	4430.68000	4425.54000	453
1788240003	XAUUSD	M5	4427.26000	4425.91000	4427.92000	4425.91000	438
1788240303	XAUUSD	M5	4426.69000	4427.24000	4428.32000	4425.93000	510
1788240603	XAUUSD	M5	4435.26000	4426.86000	4435.30000	4424.24000	813
1788240903	XAUUSD	M5	4439.39000	4435.23000	4442.91000	4433.52000	747
1788241203	XAUUSD	M5	4442.75000	4439.39000	4443.62000	4438.34000	748
1788241503	XAUUSD	M5	4445.47000	4442.75000	4445.86000	4441.18000	711
1788241803	XAUUSD	M5	4443.09000	4445.47000	4445.47000	4441.13000	601
1788242103	XAUUSD	M5	4440.15000	4443.24000	4445.96000	4439.93000	640
1788242403	XAUUSD	M5	4436.38000	4440.05000	4440.56000	4435.44000	656
1788242703	XAUUSD	M5	4435.64000	4436.38000	4438.62000	4435.29000	604
1788243003	XAUUSD	M5	4432.86000	4435.58000	4436.51000	4431.81000	655
1788243303	XAUUSD	M5	4433.76000	4432.85000	4435.03000	4432.59000	547
1788243603	XAUUSD	M5	4432.92000	4433.97000	4434.72000	4430.98000	580
1788243903	XAUUSD	M5	4429.02000	4432.97000	4433.37000	4427.75000	577
1788244203	XAUUSD	M5	4429.58000	4428.89000	4430.36000	4428.48000	566
1788244503	XAUUSD	M5	4433.46000	4429.60000	4434.09000	4429.60000	487
1788244803	XAUUSD	M5	4434.93000	4433.46000	4435.23000	4432.86000	504
1788245103	XAUUSD	M5	4430.03000	4434.93000	4435.33000	4429.32000	542
1788245403	XAUUSD	M5	4430.01000	4430.05000	4430.37000	4428.22000	464
1788245703	XAUUSD	M5	4429.64000	4430.00000	4431.05000	4429.45000	478
1788246003	XAUUSD	M5	4434.16000	4429.65000	4435.00000	4429.49000	721
1788246303	XAUUSD	M5	4430.68000	4434.16000	4434.37000	4429.80000	637
1788246603	XAUUSD	M5	4433.20000	4430.68000	4433.20000	4429.51000	653
1788246903	XAUUSD	M5	4429.52000	4433.19000	4433.65000	4428.70000	607
1788247203	XAUUSD	M5	4426.92000	4429.49000	4432.41000	4426.73000	621
1788247503	XAUUSD	M5	4426.20000	4426.98000	4429.64000	4425.92000	632
1788247803	XAUUSD	M5	4425.48000	4426.22000	4428.26000	4419.45000	696
1788248103	XAUUSD	M5	4414.15000	4425.54000	4425.81000	4413.43000	779
1788248403	XAUUSD	M5	4418.33000	4413.00000	4421.91000	4412.27000	721
1788248703	XAUUSD	M5	4422.38000	4418.21000	4422.56000	4417.04000	692
1788249003	XAUUSD	M5	4419.30000	4422.37000	4423.33000	4418.71000	584
1788249303	XAUUSD	M5	4420.21000	4419.36000	4422.30000	4417.12000	623
1788249603	XAUUSD	M5	4411.43000	4419.79000	4419.79000	4410.53000	767
1788249903	XAUUSD	M5	4395.84000	4411.27000	4418.64000	4393.92000	900
1788250203	XAUUSD	M5	4405.52000	4395.86000	4406.74000	4389.52000	870
1788250503	XAUUSD	M5	4395.22000	4405.52000	4405.77000	4394.82000	751
1788250803	XAUUSD	M5	4385.17000	4395.22000	4398.33000	4384.13000	810
1788251103	XAUUSD	M5	4383.03000	4385.16000	4387.68000	4381.85000	834
1788251403	XAUUSD	M5	4374.48000	4382.94000	4383.78000	4372.84000	835
1788251703	XAUUSD	M5	4374.59000	4374.71000	4377.18000	4370.08000	853
1788252003	XAUUSD	M5	4375.72000	4374.69000	4381.21000	4370.64000	825
1788252303	XAUUSD	M5	4377.17000	4375.64000	4378.57000	4369.59000	844
1788252603	XAUUSD	M5	4376.91000	4377.12000	4377.99000	4372.73000	760
1788252903	XAUUSD	M5	4370.94000	4376.82000	4378.10000	4370.24000	717
1788253203	XAUUSD	M5	4374.15000	4370.86000	4375.53000	4366.53000	797
1788253503	XAUUSD	M5	4369.91000	4374.19000	4375.23000	4367.76000	786
1788253803	XAUUSD	M5	4376.08000	4369.87000	4376.15000	4369.30000	734
1788254103	XAUUSD	M5	4376.44000	4376.08000	4378.16000	4374.64000	732
1788254403	XAUUSD	M5	4375.29000	4376.34000	4377.78000	4374.35000	644
1788254703	XAUUSD	M5	4372.95000	4375.29000	4375.35000	4370.71000	663
1788255003	XAUUSD	M5	4370.89000	4372.95000	4373.10000	4366.41000	733
1788255303	XAUUSD	M5	4368.09000	4370.90000	4371.21000	4365.66000	681
1788255603	XAUUSD	M5	4371.67000	4368.14000	4371.70000	4366.04000	564
1788255903	XAUUSD	M5	4369.74000	4371.67000	4373.74000	4369.66000	625
1788256203	XAUUSD	M5	4370.38000	4369.57000	4371.93000	4368.72000	547
1788256503	XAUUSD	M5	4364.91000	4370.60000	4373.07000	4364.64000	664
1788256803	XAUUSD	M5	4368.47000	4364.71000	4370.99000	4364.22000	641
1788257103	XAUUSD	M5	4373.09000	4368.61000	4374.72000	4367.70000	580
1788257403	XAUUSD	M5	4378.33000	4373.09000	4381.91000	4373.09000	623
1788257703	XAUUSD	M5	4381.05000	4378.34000	4383.33000	4378.33000	654
1788258003	XAUUSD	M5	4384.42000	4381.06000	4385.38000	4380.38000	610
1788258303	XAUUSD	M5	4384.98000	4384.42000	4385.62000	4383.26000	515
1788258603	XAUUSD	M5	4383.69000	4385.01000	4385.73000	4381.75000	585
1788258903	XAUUSD	M5	4384.27000	4383.69000	4385.59000	4383.15000	565
1788259203	XAUUSD	M5	4381.61000	4384.27000	4385.91000	4381.61000	533
1788259503	XAUUSD	M5	4378.27000	4381.75000	4381.75000	4376.94000	674
1788259803	XAUUSD	M5	4375.80000	4378.14000	4378.69000	4375.13000	619
1788260103	XAUUSD	M5	4378.18000	4375.74000	4380.12000	4375.62000	637
1788260403	XAUUSD	M5	4380.16000	4378.23000	4380.51000	4375.96000	718
1788260703	XAUUSD	M5	4382.13000	4380.30000	4382.75000	4376.84000	640
1788261003	XAUUSD	M5	4377.25000	4382.13000	4383.10000	4376.43000	672
1788261303	XAUUSD	M5	4376.04000	4377.13000	4377.38000	4374.91000	568
1788261603	XAUUSD	M5	4377.91000	4376.27000	4381.11000	4375.86000	613
1788261903	XAUUSD	M5	4380.61000	4377.92000	4381.98000	4376.58000	626
1788262203	XAUUSD	M5	4380.49000	4380.54000	4382.19000	4378.38000	572
1788262503	XAUUSD	M5	4383.77000	4380.52000	4384.19000	4378.97000	576
1788262803	XAUUSD	M5	4384.31000	4383.74000	4384.78000	4382.69000	556
1788263103	XAUUSD	M5	4385.15000	4384.01000	4387.27000	4383.58000	605
1788263403	XAUUSD	M5	4379.07000	4385.10000	4386.68000	4378.92000	644
1788263703	XAUUSD	M5	4374.77000	4379.04000	4379.04000	4371.99000	715
1788264003	XAUUSD	M5	4371.96000	4374.47000	4374.64000	4369.85000	707
1788264303	XAUUSD	M5	4370.68000	4371.81000	4372.99000	4370.10000	703
1788264603	XAUUSD	M5	4370.97000	4370.68000	4372.57000	4366.94000	730
1788264903	XAUUSD	M5	4370.71000	4370.71000	4375.49000	4369.91000	743
1788265203	XAUUSD	M5	4368.04000	4371.02000	4371.86000	4366.00000	783
1788265503	XAUUSD	M5	4368.53000	4367.84000	4376.02000	4367.82000	742
1788265803	XAUUSD	M5	4359.04000	4368.53000	4368.74000	4359.04000	775
1788266103	XAUUSD	M5	4357.88000	4359.28000	4360.93000	4352.01000	852
1788266403	XAUUSD	M5	4364.88000	4357.48000	4365.03000	4355.34000	813
1788266703	XAUUSD	M5	4364.55000	4364.82000	4369.73000	4363.09000	811
1788267003	XAUUSD	M5	4362.94000	4364.54000	4365.34000	4362.02000	705
1788267303	XAUUSD	M5	4356.39000	4362.92000	4363.11000	4356.20000	769
1788267603	XAUUSD	M5	4339.53000	4356.24000	4357.46000	4337.23000	960
1788267903	XAUUSD	M5	4331.67000	4339.54000	4342.91000	4330.15000	920
1788268203	XAUUSD	M5	4329.61000	4331.75000	4335.40000	4326.21000	921
1788268503	XAUUSD	M5	4333.85000	4329.60000	4334.09000	4326.47000	890
1788268803	XAUUSD	M5	4335.93000	4333.87000	4337.35000	4331.45000	830
1788269103	XAUUSD	M5	4342.99000	4335.93000	4344.68000	4335.18000	864
1788269403	XAUUSD	M5	4353.00000	4343.01000	4354.56000	4341.29000	960
1788269703	XAUUSD	M5	4353.25000	4353.00000	4356.76000	4346.82000	941
1788270003	XAUUSD	M5	4361.82000	4353.03000	4362.31000	4351.28000	927
1788270303	XAUUSD	M5	4361.33000	4361.74000	4362.27000	4354.24000	909
1788270603	XAUUSD	M5	4357.98000	4361.17000	4364.95000	4356.83000	913
1788270903	XAUUSD	M5	4365.84000	4358.02000	4367.22000	4358.02000	875
1788271203	XAUUSD	M5	4353.50000	4365.19000	4370.45000	4353.43000	958
1788271503	XAUUSD	M5	4366.32000	4353.34000	4369.50000	4353.34000	928
1788271803	XAUUSD	M5	4370.22000	4366.04000	4370.23000	4362.34000	934
1788272103	XAUUSD	M5	4371.35000	4370.35000	4374.48000	4368.91000	905
1788272403	XAUUSD	M5	4373.66000	4371.33000	4375.62000	4371.09000	877
1788272703	XAUUSD	M5	4365.94000	4373.60000	4374.25000	4365.94000	871
1788273003	XAUUSD	M5	4372.13000	4365.80000	4372.13000	4365.80000	870
1788273303	XAUUSD	M5	4365.94000	4372.25000	4373.22000	4365.29000	866
1788273603	XAUUSD	M5	4367.01000	4365.95000	4367.76000	4364.28000	858
1788273903	XAUUSD	M5	4361.58000	4367.03000	4370.20000	4360.61000	871
1788274203	XAUUSD	M5	4359.98000	4361.61000	4368.01000	4358.95000	843
1788274503	XAUUSD	M5	4360.28000	4360.00000	4360.46000	4356.87000	823
1788274803	XAUUSD	M5	4357.74000	4360.38000	4362.99000	4355.24000	872
1788275103	XAUUSD	M5	4360.18000	4357.57000	4360.54000	4356.40000	788
1788275403	XAUUSD	M5	4357.07000	4360.04000	4362.93000	4356.68000	821
1788275703	XAUUSD	M5	4363.34000	4357.33000	4363.90000	4356.36000	860
1788276003	XAUUSD	M5	4362.29000	4363.34000	4365.51000	4362.04000	784
1788276303	XAUUSD	M5	4365.70000	4362.16000	4365.78000	4358.75000	751
1788276603	XAUUSD	M5	4363.21000	4365.77000	4366.70000	4362.71000	811
1788276903	XAUUSD	M5	4364.07000	4363.11000	4366.61000	4361.69000	747
1788277203	XAUUSD	M5	4370.79000	4364.07000	4370.89000	4364.07000	714
1788277503	XAUUSD	M5	4371.14000	4370.69000	4371.47000	4368.65000	709
1788277803	XAUUSD	M5	4373.09000	4371.14000	4373.20000	4369.55000	697
1788278103	XAUUSD	M5	4372.90000	4372.94000	4373.85000	4370.53000	667
1788278403	XAUUSD	M5	4371.92000	4373.14000	4374.72000	4371.50000	712
1788278703	XAUUSD	M5	4367.83000	4371.90000	4373.27000	4367.83000	753
1788279003	XAUUSD	M5	4362.56000	4367.83000	4368.53000	4362.50000	789
1788279303	XAUUSD	M5	4358.65000	4362.34000	4365.56000	4358.62000	875
1788279603	XAUUSD	M5	4357.97000	4358.71000	4358.77000	4355.70000	898
1788279903	XAUUSD	M5	4352.90000	4357.80000	4358.98000	4352.57000	850
1788280203	XAUUSD	M5	4348.69000	4351.62000	4353.17000	4347.24000	877
1788280503	XAUUSD	M5	4355.17000	4348.71000	4355.51000	4347.09000	855
1788280803	XAUUSD	M5	4354.87000	4355.15000	4357.73000	4352.26000	813
1788281103	XAUUSD	M5	4357.24000	4354.77000	4359.14000	4354.70000	771
1788281403	XAUUSD	M5	4355.21000	4357.24000	4358.30000	4353.78000	765
1788281703	XAUUSD	M5	4351.28000	4355.19000	4356.16000	4351.15000	687
1788282003	XAUUSD	M5	4346.97000	4351.37000	4351.93000	4346.95000	798
1788282303	XAUUSD	M5	4345.96000	4346.91000	4347.82000	4344.50000	692
1788282603	XAUUSD	M5	4346.39000	4346.02000	4347.03000	4344.37000	691
1788282903	XAUUSD	M5	4346.53000	4346.44000	4348.66000	4344.03000	764
1788283203	XAUUSD	M5	4347.38000	4346.54000	4348.06000	4344.85000	700
1788283503	XAUUSD	M5	4349.96000	4347.34000	4350.09000	4342.95000	827
1788283803	XAUUSD	M5	4347.61000	4349.84000	4351.91000	4347.40000	810
1788284103	XAUUSD	M5	4345.93000	4347.58000	4350.72000	4345.78000	751
1788284403	XAUUSD	M5	4344.18000	4345.93000	4347.05000	4342.75000	726
1788284703	XAUUSD	M5	4342.91000	4343.97000	4344.34000	4341.05000	635
1788285003	XAUUSD	M5	4343.25000	4342.90000	4344.54000	4341.26000	610
1788285303	XAUUSD	M5	4342.96000	4343.28000	4344.05000	4341.87000	624
1788285603	XAUUSD	M5	4338.83000	4342.98000	4344.56000	4338.23000	734
1788285903	XAUUSD	M5	4336.62000	4338.85000	4340.29000	4336.59000	659
1788286203	XAUUSD	M5	4336.43000	4336.62000	4337.44000	4334.51000	660
1788286503	XAUUSD	M5	4340.76000	4336.43000	4341.03000	4335.64000	674
1788286803	XAUUSD	M5	4341.39000	4340.63000	4341.80000	4339.74000	657
1788287103	XAUUSD	M5	4337.51000	4341.35000	4341.35000	4337.10000	641
1788287403	XAUUSD	M5	4333.91000	4337.55000	4337.65000	4333.06000	702
1788287703	XAUUSD	M5	4329.76000	4333.92000	4334.29000	4328.98000	679
1788288003	XAUUSD	M5	4329.66000	4329.82000	4330.91000	4328.42000	676
1788288303	XAUUSD	M5	4331.66000	4329.60000	4331.66000	4328.34000	709
1788288603	XAUUSD	M5	4329.43000	4331.66000	4334.31000	4329.23000	705
1788288903	XAUUSD	M5	4331.76000	4329.41000	4333.43000	4328.36000	659
1788289203	XAUUSD	M5	4331.93000	4331.67000	4332.61000	4329.11000	721
1788289503	XAUUSD	M5	4331.49000	4331.83000	4333.95000	4329.91000	735
1788289803	XAUUSD	M5	4337.34000	4331.50000	4337.34000	4331.00000	686
1788290103	XAUUSD	M5	4335.35000	4337.31000	4337.68000	4334.67000	624
1788290403	XAUUSD	M5	4334.07000	4335.02000	4335.64000	4333.42000	602
1788290703	XAUUSD	M5	4334.52000	4334.04000	4335.49000	4334.00000	567
1788291003	XAUUSD	M5	4330.00000	4334.55000	4334.76000	4328.45000	656
1788291303	XAUUSD	M5	4323.26000	4330.00000	4330.57000	4322.74000	652
1788291603	XAUUSD	M5	4326.44000	4323.21000	4327.88000	4322.72000	705
1788291903	XAUUSD	M5	4327.42000	4326.38000	4329.53000	4323.59000	753
1788292203	XAUUSD	M5	4328.13000	4327.38000	4330.43000	4326.41000	732
1788292503	XAUUSD	M5	4327.17000	4328.16000	4329.63000	4324.46000	688
1788292803	XAUUSD	M5	4327.99000	4327.02000	4329.52000	4323.72000	523
1788293103	XAUUSD	M5	4329.21000	4328.02000	4330.78000	4327.84000	414
1788293403	XAUUSD	M5	4325.74000	4329.21000	4329.40000	4325.61000	318
1788293703	XAUUSD	M5	4327.81000	4325.83000	4328.38000	4324.99000	302
1788294003	XAUUSD	M5	4327.91000	4327.81000	4328.58000	4326.92000	265
1788294303	XAUUSD	M5	4326.09000	4327.91000	4329.06000	4325.28000	308
1788294603	XAUUSD	M5	4326.08000	4326.09000	4327.23000	4326.00000	279
1788294903	XAUUSD	M5	4327.59000	4326.07000	4327.93000	4325.20000	258
1788295203	XAUUSD	M5	4327.64000	4327.59000	4330.46000	4327.21000	357
1788295503	XAUUSD	M5	4328.57000	4327.64000	4329.85000	4326.88000	313
1788295803	XAUUSD	M5	4328.73000	4328.32000	4329.25000	4327.34000	292
1788296103	XAUUSD	M5	4328.20000	4328.73000	4329.31000	4327.99000	206
1788300003	XAUUSD	M5	4331.23000	4332.97000	4334.35000	4330.61000	275
1788300303	XAUUSD	M5	4330.00000	4331.23000	4331.25000	4328.93000	220
1788300603	XAUUSD	M5	4329.19000	4330.00000	4330.20000	4328.40000	277
1788300903	XAUUSD	M5	4327.56000	4329.19000	4329.30000	4327.39000	275
1788301203	XAUUSD	M5	4328.16000	4327.56000	4328.66000	4327.50000	216
1788301503	XAUUSD	M5	4327.79000	4328.16000	4328.34000	4327.18000	269
1788301803	XAUUSD	M5	4327.31000	4327.87000	4328.75000	4326.85000	190
1788302103	XAUUSD	M5	4327.67000	4327.31000	4329.51000	4327.26000	179
1788302403	XAUUSD	M5	4328.31000	4327.67000	4328.77000	4326.35000	197
1788302703	XAUUSD	M5	4328.36000	4328.31000	4328.98000	4327.39000	184
1788303003	XAUUSD	M5	4329.25000	4328.36000	4331.21000	4327.82000	278
1788303303	XAUUSD	M5	4329.37000	4329.32000	4330.22000	4329.11000	200
1788303603	XAUUSD	M5	4329.56000	4329.37000	4329.79000	4327.17000	262
1788303903	XAUUSD	M5	4330.74000	4329.60000	4330.74000	4328.43000	251
1788304203	XAUUSD	M5	4330.63000	4330.61000	4332.55000	4330.27000	188
1788304503	XAUUSD	M5	4329.99000	4330.63000	4331.58000	4329.48000	199
1788304803	XAUUSD	M5	4327.37000	4330.15000	4330.87000	4326.64000	293
1788305103	XAUUSD	M5	4330.87000	4327.37000	4330.87000	4326.26000	270
1788305403	XAUUSD	M5	4332.96000	4330.90000	4333.12000	4330.82000	282
1788305703	XAUUSD	M5	4334.94000	4332.96000	4335.76000	4331.44000	295
1788306003	XAUUSD	M5	4333.78000	4334.82000	4335.58000	4333.38000	278
1788306303	XAUUSD	M5	4331.61000	4333.83000	4333.95000	4331.30000	421
1788306603	XAUUSD	M5	4329.27000	4331.85000	4332.62000	4329.01000	294
1788306903	XAUUSD	M5	4324.40000	4329.05000	4329.18000	4323.44000	465
1788307203	XAUUSD	M5	4329.38000	4324.59000	4330.26000	4315.90000	792
1788307503	XAUUSD	M5	4323.21000	4329.52000	4330.51000	4318.61000	770
1788307803	XAUUSD	M5	4328.07000	4323.20000	4328.18000	4318.82000	693
1788308103	XAUUSD	M5	4327.71000	4328.23000	4334.63000	4327.40000	689
1788308403	XAUUSD	M5	4329.69000	4327.76000	4333.45000	4324.51000	741
1788308703	XAUUSD	M5	4325.85000	4329.69000	4330.50000	4322.74000	648
1788309003	XAUUSD	M5	4322.97000	4325.85000	4325.86000	4320.47000	676
1788309303	XAUUSD	M5	4327.06000	4322.85000	4329.92000	4322.31000	681
1788309603	XAUUSD	M5	4330.12000	4326.98000	4331.75000	4323.71000	544
1788309903	XAUUSD	M5	4323.55000	4330.06000	4331.37000	4323.24000	605
1788310203	XAUUSD	M5	4315.27000	4323.72000	4323.72000	4314.81000	609
1788310503	XAUUSD	M5	4315.81000	4314.82000	4319.99000	4314.82000	711
1788310803	XAUUSD	M5	4312.18000	4315.66000	4322.58000	4307.07000	962
1788311103	XAUUSD	M5	4308.46000	4311.83000	4312.49000	4304.88000	882
1788311403	XAUUSD	M5	4317.63000	4308.89000	4320.73000	4308.60000	864
1788311703	XAUUSD	M5	4320.46000	4317.58000	4326.77000	4316.20000	853
1788312003	XAUUSD	M5	4321.62000	4320.45000	4323.25000	4317.97000	820
1788312303	XAUUSD	M5	4317.22000	4321.78000	4324.26000	4315.31000	759
1788312603	XAUUSD	M5	4309.56000	4317.20000	4318.55000	4305.16000	846
1788312903	XAUUSD	M5	4307.82000	4309.62000	4310.11000	4305.19000	829
1788313203	XAUUSD	M5	4309.12000	4307.77000	4311.12000	4306.68000	765
1788313503	XAUUSD	M5	4306.23000	4309.21000	4309.86000	4304.07000	796
1788313803	XAUUSD	M5	4297.45000	4306.18000	4306.39000	4290.63000	836
1788314103	XAUUSD	M5	4291.00000	4297.57000	4299.90000	4288.33000	840
1788314403	XAUUSD	M5	4295.74000	4291.00000	4296.73000	4287.38000	838
1788314703	XAUUSD	M5	4292.66000	4295.64000	4301.97000	4291.87000	775
1788315003	XAUUSD	M5	4296.13000	4292.73000	4296.72000	4289.44000	672
1788315303	XAUUSD	M5	4300.64000	4296.15000	4301.13000	4296.03000	533
1788315603	XAUUSD	M5	4303.56000	4300.64000	4306.36000	4300.16000	632
1788315903	XAUUSD	M5	4304.41000	4303.34000	4305.95000	4301.69000	590
1788316203	XAUUSD	M5	4308.00000	4304.51000	4309.18000	4299.57000	744
1788316503	XAUUSD	M5	4312.28000	4308.00000	4314.76000	4306.57000	702
1788316803	XAUUSD	M5	4309.32000	4312.28000	4313.80000	4309.07000	698
1788317103	XAUUSD	M5	4310.49000	4309.30000	4311.22000	4309.04000	574
1788317403	XAUUSD	M5	4305.66000	4310.63000	4310.80000	4305.55000	631
1788317703	XAUUSD	M5	4302.90000	4305.81000	4306.17000	4300.38000	667
1788318003	XAUUSD	M5	4301.23000	4302.97000	4304.34000	4299.30000	638
1788318303	XAUUSD	M5	4299.40000	4300.91000	4300.98000	4296.96000	688
1788318603	XAUUSD	M5	4300.87000	4299.43000	4301.63000	4298.30000	612
1788318903	XAUUSD	M5	4297.86000	4300.81000	4302.60000	4296.57000	702
1788319203	XAUUSD	M5	4293.70000	4297.86000	4297.94000	4289.46000	669
1788319503	XAUUSD	M5	4293.78000	4293.74000	4298.93000	4293.17000	651
1788319803	XAUUSD	M5	4285.18000	4293.78000	4293.82000	4284.90000	628
1788320103	XAUUSD	M5	4291.47000	4285.18000	4291.91000	4282.53000	663
1788320403	XAUUSD	M5	4288.84000	4291.46000	4291.64000	4285.49000	555
1788320703	XAUUSD	M5	4299.31000	4288.75000	4299.59000	4288.56000	600
1788321003	XAUUSD	M5	4300.78000	4299.11000	4300.86000	4296.66000	529
1788321303	XAUUSD	M5	4303.33000	4301.00000	4303.86000	4300.31000	429
1788321603	XAUUSD	M5	4303.84000	4303.33000	4305.49000	4302.18000	475
1788321903	XAUUSD	M5	4304.86000	4303.84000	4306.67000	4303.67000	435
1788322203	XAUUSD	M5	4304.30000	4304.97000	4306.77000	4303.79000	410
1788322503	XAUUSD	M5	4303.18000	4304.30000	4305.47000	4303.00000	453
1788322803	XAUUSD	M5	4304.32000	4303.18000	4304.73000	4301.42000	440
1788323103	XAUUSD	M5	4302.76000	4304.32000	4304.75000	4301.77000	388
1788323403	XAUUSD	M5	4305.35000	4302.90000	4307.77000	4302.59000	436
1788323703	XAUUSD	M5	4304.58000	4305.35000	4306.54000	4303.92000	362
1788324003	XAUUSD	M5	4304.75000	4304.58000	4306.12000	4302.78000	384
1788324303	XAUUSD	M5	4305.59000	4304.75000	4306.55000	4303.85000	405
1788324603	XAUUSD	M5	4306.18000	4305.60000	4306.93000	4305.14000	303
1788324903	XAUUSD	M5	4307.28000	4306.12000	4307.62000	4305.76000	331
1788325203	XAUUSD	M5	4306.40000	4307.29000	4308.24000	4305.67000	425
1788325503	XAUUSD	M5	4304.62000	4306.40000	4306.55000	4303.65000	479
1788325803	XAUUSD	M5	4310.00000	4304.62000	4310.08000	4304.62000	576
1788326103	XAUUSD	M5	4310.87000	4310.02000	4313.89000	4309.92000	605
1788326403	XAUUSD	M5	4308.64000	4310.88000	4310.92000	4306.80000	554
1788326703	XAUUSD	M5	4313.06000	4308.93000	4313.94000	4308.59000	591
1788327003	XAUUSD	M5	4324.55000	4313.06000	4324.80000	4313.06000	854
1788327303	XAUUSD	M5	4318.14000	4324.50000	4324.50000	4317.80000	709
1788327603	XAUUSD	M5	4323.14000	4318.20000	4323.22000	4317.31000	634
1788327903	XAUUSD	M5	4325.89000	4323.21000	4326.21000	4322.67000	596
1788328203	XAUUSD	M5	4320.15000	4325.82000	4326.56000	4319.45000	639
1788328503	XAUUSD	M5	4319.83000	4320.15000	4322.71000	4319.35000	603
1788328803	XAUUSD	M5	4318.10000	4319.91000	4322.39000	4317.77000	741
1788329103	XAUUSD	M5	4324.21000	4318.09000	4324.24000	4317.61000	689
1788329403	XAUUSD	M5	4326.55000	4324.23000	4329.26000	4320.89000	719
1788329703	XAUUSD	M5	4326.09000	4326.55000	4328.48000	4321.91000	693
1788330003	XAUUSD	M5	4326.76000	4326.12000	4326.80000	4320.82000	679
1788330303	XAUUSD	M5	4322.83000	4326.76000	4327.68000	4322.37000	656
1788330603	XAUUSD	M5	4319.89000	4322.83000	4324.03000	4318.44000	654
1788330903	XAUUSD	M5	4324.67000	4320.04000	4324.67000	4316.87000	709
1788331203	XAUUSD	M5	4324.22000	4324.71000	4326.39000	4322.78000	684
1788331503	XAUUSD	M5	4316.46000	4324.22000	4324.97000	4316.46000	687
1788331803	XAUUSD	M5	4316.23000	4316.51000	4317.32000	4314.57000	673
1788332103	XAUUSD	M5	4321.76000	4316.22000	4321.88000	4315.87000	673
1788332403	XAUUSD	M5	4321.53000	4321.76000	4324.42000	4319.34000	752
1788332703	XAUUSD	M5	4326.29000	4321.53000	4326.97000	4319.20000	714
1788333003	XAUUSD	M5	4326.71000	4326.19000	4331.02000	4326.19000	701
1788333303	XAUUSD	M5	4328.16000	4326.58000	4328.53000	4325.44000	659
1788333603	XAUUSD	M5	4328.43000	4328.16000	4329.33000	4324.97000	685
1788333903	XAUUSD	M5	4326.82000	4328.33000	4328.83000	4325.15000	658
1788334203	XAUUSD	M5	4327.36000	4326.80000	4330.10000	4325.14000	630
1788334503	XAUUSD	M5	4326.48000	4327.38000	4331.37000	4326.33000	606
1788334803	XAUUSD	M5	4322.68000	4326.48000	4327.32000	4321.99000	607
1788335103	XAUUSD	M5	4322.29000	4322.77000	4325.08000	4321.88000	600
1788335403	XAUUSD	M5	4322.40000	4322.29000	4323.46000	4320.53000	586
1788335703	XAUUSD	M5	4323.17000	4322.20000	4323.91000	4320.69000	545
1788336003	XAUUSD	M5	4327.26000	4323.30000	4327.61000	4322.15000	699
1788336303	XAUUSD	M5	4329.89000	4327.25000	4330.18000	4322.93000	674
1788336603	XAUUSD	M5	4325.69000	4330.06000	4331.67000	4324.70000	632
1788336903	XAUUSD	M5	4325.17000	4325.48000	4327.75000	4324.77000	591
1788337203	XAUUSD	M5	4326.05000	4325.40000	4327.13000	4324.10000	625
1788337503	XAUUSD	M5	4323.02000	4326.13000	4326.24000	4322.70000	649
1788337803	XAUUSD	M5	4321.72000	4323.15000	4325.86000	4320.87000	619
1788338103	XAUUSD	M5	4324.93000	4321.72000	4326.82000	4319.58000	583
1788338403	XAUUSD	M5	4322.02000	4324.93000	4326.21000	4320.47000	562
1788338703	XAUUSD	M5	4321.78000	4322.28000	4322.59000	4319.72000	566
1788339003	XAUUSD	M5	4314.46000	4321.78000	4322.11000	4313.25000	697
1788339303	XAUUSD	M5	4312.87000	4314.61000	4317.30000	4312.68000	667
1788339603	XAUUSD	M5	4315.87000	4312.89000	4316.65000	4312.37000	702
1788339903	XAUUSD	M5	4318.67000	4315.87000	4322.33000	4315.86000	611
1788340203	XAUUSD	M5	4313.92000	4318.67000	4318.67000	4313.51000	617
1788340503	XAUUSD	M5	4314.40000	4313.90000	4315.27000	4313.21000	620
1788340803	XAUUSD	M5	4309.01000	4314.39000	4314.62000	4308.94000	633
1788341103	XAUUSD	M5	4309.07000	4309.01000	4309.17000	4304.94000	634
1788341403	XAUUSD	M5	4309.83000	4309.05000	4310.50000	4307.48000	624
1788341703	XAUUSD	M5	4308.89000	4309.88000	4311.01000	4307.63000	612
1788342003	XAUUSD	M5	4310.05000	4308.97000	4311.81000	4308.89000	556
1788342303	XAUUSD	M5	4310.33000	4310.02000	4311.45000	4309.78000	544
1788342603	XAUUSD	M5	4308.62000	4310.33000	4310.88000	4307.97000	575
1788342903	XAUUSD	M5	4308.58000	4308.66000	4310.23000	4307.95000	589
1788343203	XAUUSD	M5	4304.24000	4308.68000	4309.67000	4304.24000	585
1788343503	XAUUSD	M5	4303.02000	4304.24000	4305.79000	4301.79000	596
1788343803	XAUUSD	M5	4306.87000	4302.98000	4308.19000	4302.33000	537
1788344103	XAUUSD	M5	4308.52000	4306.74000	4309.72000	4306.11000	498
1788344403	XAUUSD	M5	4310.49000	4308.50000	4312.23000	4308.50000	475
1788344703	XAUUSD	M5	4309.91000	4310.56000	4312.08000	4309.58000	501
1788345003	XAUUSD	M5	4308.93000	4309.92000	4310.74000	4307.66000	512
1788345303	XAUUSD	M5	4308.55000	4308.93000	4309.66000	4307.23000	490
1788345603	XAUUSD	M5	4309.43000	4308.42000	4310.11000	4307.70000	499
1788345903	XAUUSD	M5	4310.34000	4309.43000	4310.39000	4308.12000	443
1788346203	XAUUSD	M5	4308.44000	4310.36000	4310.36000	4305.21000	535
1788346503	XAUUSD	M5	4309.32000	4308.44000	4309.59000	4306.57000	514
1788346803	XAUUSD	M5	4312.86000	4309.38000	4313.10000	4307.67000	670
1788347103	XAUUSD	M5	4312.95000	4312.87000	4314.37000	4308.09000	617
1788347403	XAUUSD	M5	4322.84000	4312.92000	4324.49000	4311.36000	718
1788347703	XAUUSD	M5	4319.04000	4322.69000	4323.18000	4315.63000	781
1788348003	XAUUSD	M5	4319.06000	4319.11000	4319.98000	4316.33000	585
1788348303	XAUUSD	M5	4321.84000	4319.05000	4323.09000	4316.91000	658
1788348603	XAUUSD	M5	4330.10000	4321.83000	4330.24000	4321.67000	639
1788348903	XAUUSD	M5	4332.29000	4330.12000	4333.01000	4328.94000	688
1788349203	XAUUSD	M5	4324.75000	4332.21000	4332.89000	4324.13000	667
1788349503	XAUUSD	M5	4325.84000	4324.62000	4327.37000	4323.48000	610
1788349803	XAUUSD	M5	4330.53000	4325.89000	4331.13000	4323.38000	626
1788350103	XAUUSD	M5	4332.34000	4330.55000	4332.95000	4329.46000	674
1788350403	XAUUSD	M5	4334.78000	4332.43000	4335.80000	4329.17000	818
1788350703	XAUUSD	M5	4333.63000	4334.72000	4336.45000	4330.46000	776
1788351003	XAUUSD	M5	4333.28000	4333.90000	4334.67000	4329.63000	644
1788351303	XAUUSD	M5	4331.82000	4333.10000	4334.98000	4330.50000	705
1788351603	XAUUSD	M5	4339.15000	4331.44000	4344.29000	4329.93000	916
1788351903	XAUUSD	M5	4336.46000	4339.04000	4342.51000	4334.06000	738
1788352203	XAUUSD	M5	4330.04000	4336.22000	4337.68000	4329.80000	702
1788352503	XAUUSD	M5	4333.29000	4330.06000	4333.40000	4327.48000	729
1788352803	XAUUSD	M5	4334.35000	4333.39000	4334.98000	4331.93000	685
1788353103	XAUUSD	M5	4339.11000	4334.28000	4339.11000	4331.77000	665
1788353403	XAUUSD	M5	4334.42000	4339.20000	4339.23000	4332.63000	708
1788353703	XAUUSD	M5	4331.70000	4334.42000	4334.85000	4330.55000	717
1788354003	XAUUSD	M5	4338.63000	4331.41000	4341.59000	4330.87000	890
1788354303	XAUUSD	M5	4342.10000	4338.53000	4344.25000	4338.33000	838
1788354603	XAUUSD	M5	4339.54000	4342.09000	4344.52000	4337.56000	748
1788354903	XAUUSD	M5	4342.24000	4339.58000	4344.28000	4336.75000	693
1788355203	XAUUSD	M5	4348.05000	4342.40000	4348.32000	4342.08000	777
1788355503	XAUUSD	M5	4358.32000	4348.10000	4358.32000	4347.66000	922
1788355803	XAUUSD	M5	4364.84000	4358.37000	4367.39000	4357.05000	949
1788356103	XAUUSD	M5	4367.08000	4364.88000	4368.58000	4362.47000	957
1788356403	XAUUSD	M5	4378.21000	4367.23000	4379.42000	4364.81000	916
1788356703	XAUUSD	M5	4368.54000	4378.12000	4379.33000	4368.43000	941
1788357003	XAUUSD	M5	4376.67000	4368.46000	4378.20000	4367.74000	927
1788357303	XAUUSD	M5	4385.52000	4376.68000	4385.52000	4371.86000	887
1788357603	XAUUSD	M5	4384.06000	4385.32000	4385.68000	4378.97000	936
1788357903	XAUUSD	M5	4391.07000	4384.51000	4396.72000	4383.96000	945
1788358203	XAUUSD	M5	4387.85000	4390.90000	4397.55000	4387.10000	948
1788358503	XAUUSD	M5	4392.35000	4387.80000	4392.59000	4384.89000	925
1788358803	XAUUSD	M5	4387.25000	4392.12000	4397.29000	4386.75000	900
1788359103	XAUUSD	M5	4387.78000	4387.19000	4390.35000	4385.34000	884
1788359403	XAUUSD	M5	4386.40000	4387.53000	4388.13000	4382.85000	889
1788359703	XAUUSD	M5	4382.91000	4386.46000	4387.62000	4382.29000	861
1788360003	XAUUSD	M5	4385.65000	4382.71000	4386.06000	4381.32000	859
1788360303	XAUUSD	M5	4380.97000	4385.46000	4386.79000	4378.86000	837
1788360603	XAUUSD	M5	4376.88000	4380.97000	4382.09000	4376.02000	852
1788360903	XAUUSD	M5	4377.01000	4376.92000	4378.48000	4374.32000	786
1788361203	XAUUSD	M5	4377.59000	4376.96000	4380.83000	4374.17000	883
1788361503	XAUUSD	M5	4376.57000	4377.61000	4380.58000	4373.84000	877
1788361803	XAUUSD	M5	4372.64000	4376.44000	4378.12000	4372.58000	880
1788362103	XAUUSD	M5	4369.86000	4372.88000	4372.88000	4368.82000	827
1788362403	XAUUSD	M5	4370.13000	4369.91000	4371.61000	4365.67000	817
1788362703	XAUUSD	M5	4372.51000	4370.17000	4372.94000	4367.45000	819
1788363003	XAUUSD	M5	4371.38000	4372.65000	4375.03000	4371.06000	808
1788363303	XAUUSD	M5	4370.39000	4371.36000	4372.57000	4367.51000	772
1788363603	XAUUSD	M5	4366.29000	4370.42000	4372.11000	4366.08000	776
1788363903	XAUUSD	M5	4367.81000	4366.05000	4369.63000	4364.60000	738
1788364203	XAUUSD	M5	4368.61000	4367.84000	4369.74000	4367.28000	699
1788364503	XAUUSD	M5	4372.99000	4368.66000	4373.90000	4368.04000	713
1788364803	XAUUSD	M5	4372.95000	4373.14000	4374.80000	4371.53000	721
1788365103	XAUUSD	M5	4370.53000	4373.08000	4373.11000	4368.96000	701
1788365403	XAUUSD	M5	4372.45000	4370.51000	4373.27000	4370.29000	637
1788365703	XAUUSD	M5	4369.97000	4372.45000	4372.49000	4367.91000	668
1788366003	XAUUSD	M5	4369.58000	4369.94000	4370.94000	4368.70000	625
1788366303	XAUUSD	M5	4368.72000	4369.54000	4370.19000	4367.67000	618
1788366603	XAUUSD	M5	4367.28000	4368.51000	4370.51000	4367.26000	686
1788366903	XAUUSD	M5	4368.49000	4367.30000	4369.00000	4366.19000	652
1788367203	XAUUSD	M5	4365.07000	4368.61000	4368.61000	4364.63000	611
1788367503	XAUUSD	M5	4366.00000	4364.95000	4366.72000	4364.55000	594
1788367803	XAUUSD	M5	4369.98000	4365.99000	4370.58000	4364.78000	663
1788368103	XAUUSD	M5	4368.37000	4369.87000	4370.38000	4367.99000	586
1788368403	XAUUSD	M5	4370.79000	4368.37000	4370.79000	4367.90000	614
1788368703	XAUUSD	M5	4370.08000	4370.80000	4371.13000	4368.96000	612
1788369003	XAUUSD	M5	4368.92000	4370.08000	4370.46000	4367.62000	581
1788369303	XAUUSD	M5	4365.49000	4368.90000	4369.07000	4364.69000	592
1788369603	XAUUSD	M5	4367.18000	4365.37000	4367.46000	4364.66000	587
1788369903	XAUUSD	M5	4369.81000	4367.09000	4369.94000	4367.05000	604
1788370203	XAUUSD	M5	4368.09000	4369.95000	4371.61000	4368.08000	610
1788370503	XAUUSD	M5	4366.61000	4368.08000	4369.58000	4366.61000	478
1788370803	XAUUSD	M5	4376.47000	4366.69000	4377.58000	4366.59000	674
1788371103	XAUUSD	M5	4376.16000	4376.54000	4380.68000	4375.50000	790
1788371403	XAUUSD	M5	4376.31000	4376.08000	4377.57000	4375.48000	571
1788371703	XAUUSD	M5	4377.03000	4376.26000	4378.51000	4375.85000	503
1788372003	XAUUSD	M5	4375.06000	4377.03000	4377.67000	4372.34000	651
1788372303	XAUUSD	M5	4373.62000	4375.06000	4375.74000	4373.35000	580
1788372603	XAUUSD	M5	4370.27000	4373.60000	4374.01000	4370.20000	528
1788372903	XAUUSD	M5	4377.56000	4370.27000	4379.60000	4369.25000	649
1788373203	XAUUSD	M5	4373.20000	4377.46000	4379.60000	4372.27000	726
1788373503	XAUUSD	M5	4373.14000	4373.29000	4373.84000	4371.96000	634
1788373803	XAUUSD	M5	4376.59000	4373.06000	4378.24000	4372.87000	618
1788374103	XAUUSD	M5	4376.30000	4376.60000	4378.05000	4375.34000	548
1788374403	XAUUSD	M5	4373.03000	4376.30000	4376.64000	4372.56000	544
1788374703	XAUUSD	M5	4373.97000	4373.01000	4374.56000	4372.59000	509
1788375003	XAUUSD	M5	4374.78000	4373.98000	4375.86000	4373.81000	546
1788375303	XAUUSD	M5	4374.10000	4374.85000	4375.33000	4372.63000	527
1788375603	XAUUSD	M5	4375.03000	4374.13000	4375.19000	4371.81000	637
1788375903	XAUUSD	M5	4377.11000	4375.01000	4377.42000	4374.82000	576
1788376203	XAUUSD	M5	4379.24000	4377.11000	4380.29000	4376.50000	546
1788376503	XAUUSD	M5	4379.68000	4379.15000	4380.29000	4378.26000	542
1788376803	XAUUSD	M5	4380.04000	4379.63000	4380.99000	4378.38000	550
1788377103	XAUUSD	M5	4381.15000	4379.97000	4383.07000	4379.90000	578
1788377403	XAUUSD	M5	4383.86000	4381.19000	4384.01000	4381.19000	604
1788377703	XAUUSD	M5	4384.05000	4383.85000	4384.16000	4381.30000	584
1788378003	XAUUSD	M5	4388.14000	4384.09000	4388.70000	4383.57000	601
1788378303	XAUUSD	M5	4386.60000	4388.13000	4388.96000	4384.94000	580
1788378603	XAUUSD	M5	4387.46000	4386.56000	4389.76000	4385.90000	662
1788378903	XAUUSD	M5	4390.96000	4387.35000	4391.30000	4386.15000	694
1788379203	XAUUSD	M5	4390.46000	4391.12000	4391.60000	4388.70000	463
1788379503	XAUUSD	M5	4387.86000	4390.46000	4391.03000	4387.56000	311
1788379803	XAUUSD	M5	4386.03000	4387.90000	4388.55000	4385.95000	369
1788380103	XAUUSD	M5	4385.13000	4386.03000	4386.26000	4384.13000	484
1788380403	XAUUSD	M5	4385.60000	4385.13000	4385.78000	4384.47000	310
1788380703	XAUUSD	M5	4386.38000	4385.54000	4387.76000	4385.32000	283
1788381003	XAUUSD	M5	4387.44000	4386.20000	4387.87000	4385.74000	252
1788381303	XAUUSD	M5	4387.53000	4387.44000	4387.74000	4386.96000	259
1788381603	XAUUSD	M5	4387.94000	4387.53000	4389.78000	4387.38000	300
1788381903	XAUUSD	M5	4389.01000	4387.88000	4389.60000	4387.56000	265
1788382203	XAUUSD	M5	4389.25000	4389.04000	4390.69000	4389.01000	216
1788382503	XAUUSD	M5	4388.10000	4389.17000	4389.28000	4387.42000	227
1788386403	XAUUSD	M5	4391.22000	4391.34000	4393.07000	4389.77000	215
1788386703	XAUUSD	M5	4390.48000	4390.88000	4391.54000	4390.09000	103
1788387003	XAUUSD	M5	4390.03000	4390.48000	4391.43000	4389.82000	99
1788387303	XAUUSD	M5	4388.56000	4389.89000	4390.11000	4387.81000	186
1788387603	XAUUSD	M5	4389.54000	4388.63000	4389.57000	4388.10000	265
1788387903	XAUUSD	M5	4389.90000	4389.54000	4390.94000	4388.93000	238
1788388203	XAUUSD	M5	4388.23000	4389.90000	4389.90000	4387.52000	203
1788388503	XAUUSD	M5	4387.61000	4388.09000	4388.49000	4387.23000	157
1788388803	XAUUSD	M5	4384.96000	4387.35000	4387.84000	4384.82000	227
1788389103	XAUUSD	M5	4384.07000	4385.25000	4385.30000	4383.61000	260
1788389403	XAUUSD	M5	4384.67000	4384.07000	4385.33000	4383.68000	165
1788389703	XAUUSD	M5	4384.53000	4384.70000	4385.03000	4384.37000	94
1788390003	XAUUSD	M5	4386.57000	4384.72000	4386.57000	4384.28000	215
1788390303	XAUUSD	M5	4386.84000	4386.57000	4386.84000	4385.13000	207
1788390603	XAUUSD	M5	4384.04000	4386.84000	4386.85000	4383.93000	191
1788390903	XAUUSD	M5	4382.46000	4384.04000	4384.21000	4382.41000	213
1788391203	XAUUSD	M5	4383.04000	4382.46000	4383.20000	4382.24000	174
1788391503	XAUUSD	M5	4382.18000	4383.04000	4383.15000	4381.89000	176
1788391803	XAUUSD	M5	4382.99000	4382.18000	4383.73000	4381.72000	222
1788392103	XAUUSD	M5	4383.47000	4382.99000	4383.55000	4381.15000	257
1788392403	XAUUSD	M5	4385.28000	4383.45000	4385.39000	4383.21000	277
1788392703	XAUUSD	M5	4386.86000	4385.19000	4388.91000	4384.61000	450
1788393003	XAUUSD	M5	4384.75000	4387.07000	4387.71000	4384.69000	347
1788393303	XAUUSD	M5	4385.66000	4384.81000	4386.97000	4384.56000	383
1788393603	XAUUSD	M5	4389.33000	4385.66000	4389.70000	4384.58000	620
1788393903	XAUUSD	M5	4387.18000	4389.30000	4390.92000	4385.08000	540
1788394203	XAUUSD	M5	4390.26000	4387.18000	4392.57000	4387.18000	514
1788394503	XAUUSD	M5	4387.06000	4390.36000	4390.42000	4385.30000	538
1788394803	XAUUSD	M5	4387.81000	4387.06000	4387.89000	4385.33000	418
1788395103	XAUUSD	M5	4387.20000	4387.81000	4390.24000	4387.01000	502
1788395403	XAUUSD	M5	4382.69000	4387.20000	4387.22000	4382.69000	440
1788395703	XAUUSD	M5	4388.98000	4383.03000	4389.61000	4382.63000	480
1788396003	XAUUSD	M5	4387.77000	4389.12000	4389.69000	4387.03000	465
1788396303	XAUUSD	M5	4389.99000	4387.76000	4389.99000	4385.80000	464
1788396603	XAUUSD	M5	4391.61000	4389.99000	4394.02000	4389.38000	531
1788396903	XAUUSD	M5	4395.64000	4391.61000	4397.49000	4390.69000	526
1788397203	XAUUSD	M5	4395.61000	4395.62000	4396.70000	4387.36000	889
1788397503	XAUUSD	M5	4402.61000	4395.56000	4402.98000	4392.89000	817
1788397803	XAUUSD	M5	4401.52000	4402.56000	4409.22000	4400.94000	822
1788398103	XAUUSD	M5	4398.47000	4401.17000	4403.67000	4396.81000	735
1788398403	XAUUSD	M5	4396.06000	4398.47000	4402.85000	4395.27000	756
1788398703	XAUUSD	M5	4401.80000	4396.00000	4402.19000	4394.09000	766
1788399003	XAUUSD	M5	4409.07000	4401.67000	4409.21000	4401.43000	810
1788399303	XAUUSD	M5	4408.00000	4409.07000	4409.42000	4405.02000	708
1788399603	XAUUSD	M5	4400.86000	4408.01000	4408.09000	4400.44000	696
1788399903	XAUUSD	M5	4407.53000	4400.75000	4408.39000	4400.27000	708
1788400203	XAUUSD	M5	4407.53000	4407.52000	4407.84000	4404.65000	677
1788400503	XAUUSD	M5	4410.27000	4407.53000	4412.57000	4407.28000	712
1788400803	XAUUSD	M5	4410.79000	4410.40000	4415.32000	4409.58000	763
1788401103	XAUUSD	M5	4410.14000	4410.83000	4412.81000	4409.13000	716
1788401403	XAUUSD	M5	4411.14000	4410.11000	4413.44000	4409.73000	794
1788401703	XAUUSD	M5	4410.22000	4411.12000	4413.13000	4409.30000	553
1788402003	XAUUSD	M5	4409.62000	4410.24000	4412.52000	4406.81000	568
1788402303	XAUUSD	M5	4411.58000	4409.67000	4411.66000	4407.75000	513
1788402603	XAUUSD	M5	4415.52000	4411.48000	4417.35000	4409.55000	758
1788402903	XAUUSD	M5	4416.27000	4415.52000	4418.10000	4414.09000	709
1788403203	XAUUSD	M5	4413.50000	4416.27000	4416.95000	4412.72000	578
1788403503	XAUUSD	M5	4417.18000	4413.67000	4417.50000	4411.60000	642
1788403803	XAUUSD	M5	4419.80000	4417.30000	4420.10000	4415.98000	701
1788404103	XAUUSD	M5	4420.37000	4419.71000	4420.51000	4418.98000	604
1788404403	XAUUSD	M5	4424.33000	4420.37000	4425.21000	4419.50000	613
1788404703	XAUUSD	M5	4425.11000	4424.33000	4426.19000	4423.95000	605
1788405003	XAUUSD	M5	4428.80000	4425.10000	4430.07000	4424.00000	569
1788405303	XAUUSD	M5	4426.50000	4428.85000	4430.36000	4425.53000	676
1788405603	XAUUSD	M5	4426.30000	4426.30000	4426.97000	4424.66000	590
1788405903	XAUUSD	M5	4429.39000	4426.60000	4431.23000	4425.43000	623
1788406203	XAUUSD	M5	4431.72000	4429.41000	4432.17000	4429.39000	474
1788406503	XAUUSD	M5	4430.52000	4431.66000	4431.91000	4429.21000	433
1788406803	XAUUSD	M5	4426.62000	4430.50000	4430.65000	4426.62000	425
1788407103	XAUUSD	M5	4427.16000	4426.62000	4428.54000	4425.40000	442
1788407403	XAUUSD	M5	4430.49000	4427.16000	4430.73000	4426.25000	410
1788407703	XAUUSD	M5	4431.47000	4430.37000	4432.57000	4429.69000	373
1788408003	XAUUSD	M5	4427.20000	4431.43000	4431.76000	4427.04000	462
1788408303	XAUUSD	M5	4433.56000	4427.21000	4433.82000	4425.73000	543
1788408603	XAUUSD	M5	4431.20000	4433.56000	4435.80000	4430.66000	468
1788408903	XAUUSD	M5	4430.87000	4431.20000	4431.44000	4429.99000	330
1788409203	XAUUSD	M5	4433.66000	4430.87000	4434.16000	4430.78000	308
1788409503	XAUUSD	M5	4436.50000	4433.65000	4436.86000	4433.65000	388
1788409803	XAUUSD	M5	4437.10000	4436.56000	4437.27000	4435.54000	446
1788410103	XAUUSD	M5	4438.32000	4437.10000	4438.52000	4436.14000	360
1788410403	XAUUSD	M5	4437.99000	4438.15000	4438.47000	4436.67000	344
1788410703	XAUUSD	M5	4436.31000	4438.03000	4438.55000	4436.18000	309
1788411003	XAUUSD	M5	4435.53000	4436.31000	4436.49000	4435.07000	264
1788411303	XAUUSD	M5	4437.42000	4435.59000	4437.73000	4434.01000	376
1788411603	XAUUSD	M5	4436.35000	4437.42000	4440.30000	4436.07000	412
1788411903	XAUUSD	M5	4430.76000	4436.40000	4436.58000	4430.53000	507
1788412203	XAUUSD	M5	4429.66000	4430.76000	4432.68000	4428.95000	517
1788412503	XAUUSD	M5	4428.23000	4429.72000	4430.61000	4427.04000	631
1788412803	XAUUSD	M5	4425.98000	4428.66000	4428.66000	4422.73000	701
1788413103	XAUUSD	M5	4425.09000	4425.69000	4427.45000	4422.91000	690
1788413403	XAUUSD	M5	4430.71000	4425.21000	4432.59000	4422.62000	819
1788413703	XAUUSD	M5	4428.35000	4430.86000	4432.49000	4425.45000	755
1788414003	XAUUSD	M5	4432.27000	4428.35000	4432.45000	4425.77000	786
1788414303	XAUUSD	M5	4435.30000	4432.30000	4436.39000	4428.43000	695
1788414603	XAUUSD	M5	4433.42000	4435.38000	4439.29000	4432.66000	703
1788414903	XAUUSD	M5	4431.08000	4433.42000	4436.48000	4430.45000	630
1788415203	XAUUSD	M5	4430.50000	4431.08000	4433.85000	4428.70000	740
1788415503	XAUUSD	M5	4431.35000	4430.40000	4436.27000	4429.58000	805
1788415803	XAUUSD	M5	4427.04000	4431.45000	4431.58000	4425.80000	675
1788416103	XAUUSD	M5	4425.90000	4427.04000	4430.74000	4425.19000	696
1788416403	XAUUSD	M5	4419.10000	4425.93000	4427.04000	4418.86000	659
1788416703	XAUUSD	M5	4421.66000	4419.10000	4423.94000	4418.82000	642
1788417003	XAUUSD	M5	4423.16000	4421.58000	4423.29000	4420.37000	623
1788417303	XAUUSD	M5	4422.93000	4423.16000	4425.85000	4422.52000	644
1788417603	XAUUSD	M5	4425.63000	4422.71000	4426.09000	4422.71000	559
1788417903	XAUUSD	M5	4426.25000	4425.55000	4428.73000	4425.11000	582
1788418203	XAUUSD	M5	4422.93000	4426.25000	4426.25000	4422.84000	537
1788418503	XAUUSD	M5	4420.58000	4422.92000	4424.02000	4420.58000	595
1788418803	XAUUSD	M5	4431.35000	4420.62000	4431.36000	4419.10000	779
1788419103	XAUUSD	M5	4425.12000	4431.34000	4431.61000	4423.73000	740
1788419403	XAUUSD	M5	4421.98000	4425.06000	4425.20000	4421.76000	628
1788419703	XAUUSD	M5	4425.33000	4422.00000	4426.70000	4421.68000	592
1788420003	XAUUSD	M5	4429.69000	4425.33000	4430.21000	4424.54000	549
1788420303	XAUUSD	M5	4426.49000	4429.64000	4430.23000	4425.44000	659
1788420603	XAUUSD	M5	4427.92000	4426.52000	4428.57000	4426.27000	618
1788420903	XAUUSD	M5	4427.72000	4427.92000	4430.64000	4423.73000	708
1788421203	XAUUSD	M5	4426.83000	4427.62000	4430.77000	4426.69000	655
1788421503	XAUUSD	M5	4426.37000	4426.63000	4428.77000	4424.33000	539
1788421803	XAUUSD	M5	4430.64000	4426.35000	4431.09000	4424.83000	612
1788422103	XAUUSD	M5	4428.83000	4429.94000	4430.21000	4428.18000	542
1788422403	XAUUSD	M5	4436.95000	4428.77000	4441.42000	4428.15000	821
1788422703	XAUUSD	M5	4435.28000	4436.97000	4443.70000	4435.27000	897
1788423003	XAUUSD	M5	4431.23000	4435.22000	4435.53000	4430.87000	754
1788423303	XAUUSD	M5	4437.92000	4431.38000	4438.68000	4430.78000	681
1788423603	XAUUSD	M5	4437.35000	4437.89000	4439.53000	4435.24000	660
1788423903	XAUUSD	M5	4438.33000	4437.28000	4438.78000	4435.09000	651
1788424203	XAUUSD	M5	4438.89000	4438.37000	4439.54000	4435.86000	626
1788424503	XAUUSD	M5	4434.21000	4439.05000	4439.69000	4434.21000	530
1788424803	XAUUSD	M5	4434.13000	4434.21000	4435.29000	4431.47000	486
1788425103	XAUUSD	M5	4438.33000	4434.59000	4440.03000	4434.47000	555
1788425403	XAUUSD	M5	4435.44000	4438.33000	4438.33000	4434.32000	551
1788425703	XAUUSD	M5	4434.98000	4435.47000	4437.48000	4434.05000	539
1788426003	XAUUSD	M5	4437.26000	4435.03000	4437.74000	4434.15000	633
1788426303	XAUUSD	M5	4440.02000	4437.26000	4441.91000	4435.18000	579
1788426603	XAUUSD	M5	4438.25000	4439.75000	4439.98000	4437.81000	553
1788426903	XAUUSD	M5	4434.66000	4437.99000	4438.31000	4434.60000	559
1788427203	XAUUSD	M5	4432.62000	4434.65000	4435.36000	4432.18000	555
1788427503	XAUUSD	M5	4435.29000	4432.62000	4435.80000	4432.24000	531
1788427803	XAUUSD	M5	4437.07000	4435.27000	4437.82000	4433.66000	612
1788428103	XAUUSD	M5	4432.69000	4437.06000	4438.02000	4430.70000	568
1788428403	XAUUSD	M5	4430.03000	4432.81000	4434.19000	4429.57000	520
1788428703	XAUUSD	M5	4429.05000	4430.03000	4430.07000	4427.29000	508
1788429003	XAUUSD	M5	4427.24000	4429.05000	4430.50000	4426.67000	477
1788429303	XAUUSD	M5	4427.52000	4427.12000	4429.22000	4425.61000	511
1788429603	XAUUSD	M5	4427.32000	4427.52000	4428.40000	4425.50000	628
1788429903	XAUUSD	M5	4425.22000	4427.30000	4429.87000	4425.17000	585
1788430203	XAUUSD	M5	4424.45000	4425.19000	4425.70000	4423.11000	603
1788430503	XAUUSD	M5	4422.08000	4424.50000	4425.64000	4421.91000	560
1788430803	XAUUSD	M5	4419.83000	4422.10000	4423.01000	4419.20000	480
1788431103	XAUUSD	M5	4422.51000	4420.00000	4424.09000	4420.00000	593
1788431403	XAUUSD	M5	4422.62000	4422.51000	4424.23000	4420.10000	619
1788431703	XAUUSD	M5	4424.44000	4422.62000	4424.89000	4422.09000	581
1788432003	XAUUSD	M5	4425.63000	4424.44000	4426.31000	4424.11000	501
1788432303	XAUUSD	M5	4424.57000	4425.58000	4426.60000	4424.11000	462
1788432603	XAUUSD	M5	4427.78000	4424.52000	4427.95000	4424.06000	470
1788432903	XAUUSD	M5	4427.51000	4427.96000	4428.52000	4426.90000	490
1788433203	XAUUSD	M5	4426.31000	4427.25000	4429.18000	4425.05000	667
1788433503	XAUUSD	M5	4430.89000	4426.25000	4431.09000	4425.86000	580
1788433803	XAUUSD	M5	4432.72000	4430.84000	4432.72000	4430.08000	584
1788434103	XAUUSD	M5	4434.27000	4432.68000	4437.98000	4432.39000	666
1788434403	XAUUSD	M5	4431.32000	4434.27000	4434.62000	4430.65000	536
1788434703	XAUUSD	M5	4434.33000	4431.28000	4435.19000	4430.34000	599
1788435003	XAUUSD	M5	4434.32000	4434.57000	4435.44000	4426.33000	644
1788435303	XAUUSD	M5	4435.76000	4434.33000	4436.86000	4434.28000	522
1788435603	XAUUSD	M5	4438.77000	4435.67000	4439.29000	4435.54000	509
1788435903	XAUUSD	M5	4439.16000	4438.77000	4440.71000	4436.65000	628
1788436203	XAUUSD	M5	4440.08000	4439.19000	4441.80000	4438.06000	529
1788436503	XAUUSD	M5	4444.13000	4440.10000	4444.95000	4439.88000	561
1788436803	XAUUSD	M5	4448.37000	4444.13000	4448.62000	4441.18000	750
1788437103	XAUUSD	M5	4448.70000	4448.42000	4449.05000	4444.99000	611
1788437403	XAUUSD	M5	4443.86000	4448.75000	4450.20000	4443.29000	627
1788437703	XAUUSD	M5	4441.28000	4443.86000	4444.52000	4440.79000	616
1788438003	XAUUSD	M5	4446.75000	4441.76000	4449.14000	4437.91000	755
1788438303	XAUUSD	M5	4446.55000	4446.67000	4449.10000	4446.08000	613
1788438603	XAUUSD	M5	4466.99000	4446.56000	4470.07000	4446.35000	942
1788438903	XAUUSD	M5	4475.91000	4466.89000	4478.75000	4459.74000	952
1788439203	XAUUSD	M5	4468.01000	4475.24000	4477.28000	4464.97000	908
1788439503	XAUUSD	M5	4480.01000	4467.66000	4480.23000	4465.51000	884
1788439803	XAUUSD	M5	4491.47000	4480.16000	4492.20000	4479.48000	885
1788440103	XAUUSD	M5	4493.36000	4490.94000	4495.21000	4489.88000	890
1788440403	XAUUSD	M5	4489.84000	4493.57000	4495.87000	4488.31000	958
1788440703	XAUUSD	M5	4487.99000	4490.09000	4493.96000	4485.89000	884
1788441003	XAUUSD	M5	4485.60000	4488.02000	4490.11000	4484.80000	853
1788441303	XAUUSD	M5	4479.75000	4485.72000	4487.93000	4479.26000	815
1788441603	XAUUSD	M5	4483.56000	4479.64000	4484.57000	4478.38000	826
1788441903	XAUUSD	M5	4479.96000	4483.55000	4483.96000	4477.04000	826
1788442203	XAUUSD	M5	4477.54000	4479.86000	4482.39000	4474.29000	954
1788442503	XAUUSD	M5	4475.61000	4477.73000	4480.04000	4472.71000	926
1788442803	XAUUSD	M5	4470.14000	4475.87000	4475.87000	4468.13000	866
1788443103	XAUUSD	M5	4458.20000	4469.86000	4470.16000	4456.75000	890
1788443403	XAUUSD	M5	4463.90000	4458.28000	4464.80000	4458.03000	926
1788443703	XAUUSD	M5	4470.93000	4463.78000	4471.03000	4462.40000	836
1788444003	XAUUSD	M5	4465.20000	4468.50000	4469.65000	4459.37000	921
1788444303	XAUUSD	M5	4464.51000	4465.21000	4472.91000	4462.33000	944
1788444603	XAUUSD	M5	4469.12000	4464.17000	4469.94000	4461.52000	933
1788444903	XAUUSD	M5	4476.65000	4469.23000	4477.45000	4469.22000	901
1788445203	XAUUSD	M5	4475.85000	4476.68000	4480.76000	4472.07000	903
1788445503	XAUUSD	M5	4477.70000	4475.84000	4478.24000	4470.75000	893
1788445803	XAUUSD	M5	4470.62000	4477.34000	4479.72000	4470.58000	891
1788446103	XAUUSD	M5	4469.35000	4470.71000	4474.14000	4468.71000	889
1788446403	XAUUSD	M5	4473.04000	4469.50000	4475.08000	4466.08000	831
1788446703	XAUUSD	M5	4474.21000	4472.83000	4480.23000	4472.83000	787
1788447003	XAUUSD	M5	4476.88000	4474.20000	4479.29000	4474.12000	744
1788447303	XAUUSD	M5	4485.38000	4476.86000	4485.38000	4470.99000	874
1788447603	XAUUSD	M5	4497.97000	4485.45000	4500.15000	4484.15000	876
1788447903	XAUUSD	M5	4497.94000	4498.00000	4503.76000	4496.70000	913
1788448203	XAUUSD	M5	4503.50000	4497.96000	4504.06000	4495.42000	896
1788448503	XAUUSD	M5	4510.31000	4503.73000	4510.77000	4501.73000	858
1788448803	XAUUSD	M5	4504.68000	4510.29000	4510.78000	4503.79000	872
1788449103	XAUUSD	M5	4506.78000	4504.65000	4508.08000	4504.02000	816
1788449403	XAUUSD	M5	4503.13000	4506.48000	4509.64000	4499.96000	859
1788449703	XAUUSD	M5	4496.68000	4503.26000	4504.89000	4495.38000	829
1788450003	XAUUSD	M5	4495.01000	4496.87000	4498.43000	4494.92000	729
1788450303	XAUUSD	M5	4488.68000	4495.12000	4495.58000	4487.58000	773
1788450603	XAUUSD	M5	4490.28000	4488.40000	4492.13000	4487.45000	778
1788450903	XAUUSD	M5	4493.24000	4490.45000	4493.33000	4486.15000	742
1788451203	XAUUSD	M5	4490.61000	4493.24000	4493.57000	4490.37000	750
1788451503	XAUUSD	M5	4492.29000	4490.74000	4493.16000	4487.67000	748
1788451803	XAUUSD	M5	4493.97000	4492.21000	4495.37000	4492.21000	677
1788452103	XAUUSD	M5	4493.77000	4493.95000	4494.79000	4491.35000	623
1788452403	XAUUSD	M5	4493.02000	4493.81000	4494.19000	4491.08000	593
1788452703	XAUUSD	M5	4493.23000	4492.97000	4494.43000	4490.60000	711
1788453003	XAUUSD	M5	4490.83000	4493.57000	4495.50000	4489.39000	680
1788453303	XAUUSD	M5	4491.27000	4490.74000	4491.80000	4489.93000	649
1788453603	XAUUSD	M5	4487.95000	4491.20000	4491.32000	4486.86000	604
1788453903	XAUUSD	M5	4488.81000	4487.69000	4491.03000	4487.42000	605
1788454203	XAUUSD	M5	4487.16000	4488.81000	4490.18000	4485.47000	586
1788454503	XAUUSD	M5	4486.24000	4487.08000	4488.65000	4485.78000	546
1788454803	XAUUSD	M5	4487.14000	4486.30000	4487.59000	4483.26000	670
1788455103	XAUUSD	M5	4486.02000	4487.16000	4488.83000	4485.65000	567
1788455403	XAUUSD	M5	4487.93000	4486.02000	4488.38000	4485.74000	582
1788455703	XAUUSD	M5	4487.61000	4487.94000	4488.25000	4485.18000	564
1788456003	XAUUSD	M5	4490.85000	4487.60000	4491.38000	4486.99000	660
1788456303	XAUUSD	M5	4492.91000	4490.85000	4493.73000	4489.75000	639
1788456603	XAUUSD	M5	4491.82000	4492.92000	4494.02000	4490.87000	582
1788456903	XAUUSD	M5	4493.00000	4491.82000	4494.10000	4491.53000	554
1788457203	XAUUSD	M5	4491.91000	4493.01000	4493.57000	4491.82000	469
1788457503	XAUUSD	M5	4491.40000	4491.95000	4494.69000	4490.95000	526
1788457803	XAUUSD	M5	4490.08000	4491.40000	4491.43000	4488.33000	446
1788458103	XAUUSD	M5	4486.61000	4490.06000	4490.59000	4486.58000	512
1788458403	XAUUSD	M5	4489.31000	4486.60000	4489.76000	4486.60000	573
1788458703	XAUUSD	M5	4488.31000	4489.31000	4489.31000	4484.56000	628
1788459003	XAUUSD	M5	4483.95000	4488.31000	4489.26000	4483.94000	566
1788459303	XAUUSD	M5	4486.34000	4483.93000	4486.74000	4483.93000	564
1788459603	XAUUSD	M5	4483.65000	4486.34000	4488.06000	4482.13000	561
1788459903	XAUUSD	M5	4479.87000	4483.54000	4484.56000	4479.87000	668
1788460203	XAUUSD	M5	4479.33000	4479.77000	4480.53000	4475.91000	681
1788460503	XAUUSD	M5	4482.51000	4479.19000	4482.83000	4478.72000	519
1788460803	XAUUSD	M5	4481.49000	4482.51000	4482.77000	4480.79000	510
1788461103	XAUUSD	M5	4478.70000	4481.49000	4482.70000	4477.65000	602
1788461403	XAUUSD	M5	4475.42000	4478.71000	4479.21000	4475.42000	599
1788461703	XAUUSD	M5	4475.21000	4475.09000	4476.28000	4473.96000	608
1788462003	XAUUSD	M5	4474.57000	4475.22000	4476.42000	4474.03000	626
1788462303	XAUUSD	M5	4476.18000	4474.80000	4476.28000	4473.96000	530
1788462603	XAUUSD	M5	4474.42000	4476.19000	4476.92000	4472.85000	604
1788462903	XAUUSD	M5	4476.22000	4474.42000	4476.65000	4473.98000	588
1788463203	XAUUSD	M5	4474.19000	4476.18000	4476.32000	4474.05000	593
1788463503	XAUUSD	M5	4475.85000	4474.21000	4475.85000	4472.64000	500
1788463803	XAUUSD	M5	4474.20000	4475.81000	4477.60000	4474.17000	611
1788464103	XAUUSD	M5	4475.23000	4474.07000	4476.12000	4474.07000	539
1788464403	XAUUSD	M5	4477.53000	4475.23000	4478.85000	4475.23000	538
1788464703	XAUUSD	M5	4479.37000	4477.53000	4480.79000	4477.47000	583
1788465003	XAUUSD	M5	4477.75000	4479.39000	4479.44000	4476.64000	634
1788465303	XAUUSD	M5	4474.49000	4477.74000	4478.61000	4473.11000	682
1788465603	XAUUSD	M5	4471.87000	4475.16000	4475.62000	4471.61000	500
1788465903	XAUUSD	M5	4473.04000	4471.90000	4473.72000	4471.66000	266
1788466203	XAUUSD	M5	4471.85000	4473.06000	4473.34000	4471.60000	242
1788466503	XAUUSD	M5	4470.96000	4471.85000	4471.94000	4470.42000	292
1788466803	XAUUSD	M5	4470.82000	4470.96000	4471.35000	4470.60000	263
1788467103	XAUUSD	M5	4471.65000	4470.82000	4472.50000	4470.75000	287
1788467403	XAUUSD	M5	4472.18000	4471.68000	4472.45000	4471.27000	236
1788467703	XAUUSD	M5	4471.60000	4472.14000	4472.66000	4471.05000	251
1788468003	XAUUSD	M5	4472.41000	4471.60000	4472.88000	4471.17000	196
1788468303	XAUUSD	M5	4472.84000	4472.39000	4473.18000	4471.80000	209
1788468603	XAUUSD	M5	4473.54000	4472.84000	4474.03000	4472.73000	180
1788468903	XAUUSD	M5	4473.19000	4473.56000	4473.93000	4472.89000	160
1788472803	XAUUSD	M5	4476.43000	4476.18000	4477.12000	4473.14000	324
1788473103	XAUUSD	M5	4475.60000	4476.32000	4477.15000	4475.32000	173
1788473403	XAUUSD	M5	4478.06000	4475.60000	4478.32000	4474.25000	325
1788473703	XAUUSD	M5	4476.57000	4478.06000	4478.73000	4476.42000	314
1788474003	XAUUSD	M5	4474.85000	4476.60000	4476.81000	4474.85000	253
1788474303	XAUUSD	M5	4475.10000	4475.00000	4475.68000	4474.25000	247
1788474603	XAUUSD	M5	4474.72000	4475.10000	4476.70000	4474.22000	273
1788474903	XAUUSD	M5	4472.91000	4474.72000	4475.00000	4472.82000	307
1788475203	XAUUSD	M5	4473.85000	4472.88000	4476.43000	4472.77000	288
1788475503	XAUUSD	M5	4474.76000	4473.84000	4475.06000	4471.49000	310
1788475803	XAUUSD	M5	4474.78000	4474.56000	4475.80000	4472.02000	376
1788476103	XAUUSD	M5	4474.53000	4474.78000	4475.36000	4473.89000	208
1788476403	XAUUSD	M5	4476.58000	4474.51000	4476.74000	4474.38000	257
1788476703	XAUUSD	M5	4475.83000	4476.58000	4477.68000	4472.51000	289
1788477003	XAUUSD	M5	4474.19000	4475.83000	4476.14000	4473.84000	208
1788477303	XAUUSD	M5	4473.44000	4474.25000	4475.11000	4471.58000	273
1788477603	XAUUSD	M5	4472.32000	4473.44000	4473.45000	4472.06000	224
1788477903	XAUUSD	M5	4473.86000	4472.36000	4474.61000	4472.22000	208
1788478203	XAUUSD	M5	4474.82000	4473.87000	4476.14000	4473.54000	277
1788478503	XAUUSD	M5	4477.85000	4474.88000	4478.34000	4474.76000	237
1788478803	XAUUSD	M5	4477.33000	4477.85000	4478.26000	4476.61000	211
1788479103	XAUUSD	M5	4475.00000	4477.33000	4477.37000	4474.91000	275
1788479403	XAUUSD	M5	4477.08000	4475.00000	4479.55000	4474.93000	376
1788479703	XAUUSD	M5	4480.02000	4477.08000	4480.17000	4477.08000	362
1788480003	XAUUSD	M5	4481.03000	4480.08000	4481.03000	4478.13000	486
1788480303	XAUUSD	M5	4480.02000	4480.97000	4483.02000	4479.74000	523
1788480603	XAUUSD	M5	4480.86000	4479.97000	4483.24000	4479.44000	454
1788480903	XAUUSD	M5	4477.11000	4480.80000	4480.94000	4476.51000	462
1788481203	XAUUSD	M5	4477.96000	4477.03000	4479.77000	4476.32000	430
1788481503	XAUUSD	M5	4474.62000	4477.76000	4477.76000	4474.46000	435
1788481803	XAUUSD	M5	4479.42000	4474.73000	4479.50000	4472.81000	474
1788482103	XAUUSD	M5	4476.25000	4479.42000	4479.52000	4476.15000	388
1788482403	XAUUSD	M5	4482.24000	4476.24000	4482.24000	4475.91000	434
1788482703	XAUUSD	M5	4481.35000	4482.21000	4484.95000	4481.35000	443
1788483003	XAUUSD	M5	4482.02000	4481.13000	4484.21000	4480.67000	393
1788483303	XAUUSD	M5	4486.54000	4481.98000	4487.09000	4481.77000	505
1788483603	XAUUSD	M5	4478.35000	4486.32000	4487.07000	4478.04000	830
1788483903	XAUUSD	M5	4477.91000	4478.09000	4479.92000	4475.06000	737
1788484203	XAUUSD	M5	4474.91000	4477.77000	4482.95000	4474.34000	639
1788484503	XAUUSD	M5	4475.78000	4474.88000	4478.92000	4474.31000	636
1788484803	XAUUSD	M5	4474.87000	4475.88000	4478.85000	4474.52000	646
1788485103	XAUUSD	M5	4470.87000	4474.87000	4475.97000	4468.07000	732
1788485403	XAUUSD	M5	4469.79000	4471.44000	4472.95000	4469.12000	708
1788485703	XAUUSD	M5	4473.38000	4469.79000	4476.80000	4468.17000	649
1788486003	XAUUSD	M5	4473.98000	4473.45000	4476.88000	4471.06000	623
1788486303	XAUUSD	M5	4468.94000	4473.99000	4473.99000	4467.19000	632
1788486603	XAUUSD	M5	4473.61000	4468.70000	4474.01000	4468.12000	557
1788486903	XAUUSD	M5	4478.86000	4473.61000	4480.52000	4473.57000	643
1788487203	XAUUSD	M5	4480.79000	4478.88000	4482.58000	4478.37000	622
1788487503	XAUUSD	M5	4478.69000	4480.71000	4480.88000	4477.73000	504
1788487803	XAUUSD	M5	4479.32000	4478.69000	4480.28000	4477.13000	529
1788488103	XAUUSD	M5	4478.49000	4479.32000	4480.37000	4477.07000	347
1788488403	XAUUSD	M5	4477.02000	4478.57000	4478.57000	4473.87000	383
1788488703	XAUUSD	M5	4473.95000	4477.10000	4477.56000	4471.63000	446
1788489003	XAUUSD	M5	4471.03000	4473.95000	4476.05000	4471.03000	735
1788489303	XAUUSD	M5	4476.51000	4471.03000	4477.27000	4470.37000	529
1788489603	XAUUSD	M5	4470.92000	4476.71000	4477.25000	4470.87000	565
1788489903	XAUUSD	M5	4475.99000	4470.82000	4476.07000	4470.21000	484
1788490203	XAUUSD	M5	4479.46000	4476.01000	4479.46000	4475.35000	563
1788490503	XAUUSD	M5	4477.37000	4479.46000	4480.95000	4475.86000	512
1788490803	XAUUSD	M5	4476.19000	4477.54000	4478.70000	4475.59000	478
1788491103	XAUUSD	M5	4471.81000	4476.06000	4476.10000	4471.60000	536
1788491403	XAUUSD	M5	4473.44000	4471.77000	4473.60000	4470.28000	478
1788491703	XAUUSD	M5	4472.93000	4473.49000	4474.26000	4471.52000	422
1788492003	XAUUSD	M5	4473.79000	4472.93000	4474.75000	4472.03000	466
1788492303	XAUUSD	M5	4472.49000	4473.80000	4474.50000	4471.86000	439
1788492603	XAUUSD	M5	4474.79000	4472.46000	4475.26000	4472.25000	359
1788492903	XAUUSD	M5	4472.89000	4474.79000	4475.02000	4472.60000	273
1788493203	XAUUSD	M5	4469.21000	4472.85000	4473.23000	4469.14000	374
1788493503	XAUUSD	M5	4469.30000	4469.28000	4470.05000	4468.98000	332
1788493803	XAUUSD	M5	4469.54000	4469.30000	4470.09000	4467.65000	349
1788494103	XAUUSD	M5	4467.04000	4469.54000	4469.90000	4467.04000	330
1788494403	XAUUSD	M5	4468.95000	4467.04000	4469.25000	4465.51000	489
1788494703	XAUUSD	M5	4468.10000	4468.86000	4469.80000	4467.33000	336
1788495003	XAUUSD	M5	4469.34000	4468.10000	4470.10000	4467.60000	347
1788495303	XAUUSD	M5	4469.61000	4469.34000	4469.69000	4468.42000	264
1788495603	XAUUSD	M5	4470.17000	4469.61000	4470.46000	4468.74000	272
1788495903	XAUUSD	M5	4471.69000	4470.17000	4472.35000	4469.00000	334
1788496203	XAUUSD	M5	4472.24000	4471.69000	4474.79000	4471.65000	426
1788496503	XAUUSD	M5	4474.39000	4472.24000	4474.90000	4471.86000	315
1788496803	XAUUSD	M5	4474.18000	4474.26000	4474.84000	4473.38000	251
1788497103	XAUUSD	M5	4473.08000	4473.62000	4474.40000	4472.74000	302
1788497403	XAUUSD	M5	4474.35000	4473.34000	4474.85000	4473.34000	234
1788497703	XAUUSD	M5	4473.75000	4474.41000	4474.54000	4473.67000	258
1788498003	XAUUSD	M5	4470.86000	4473.70000	4474.54000	4470.86000	420
1788498303	XAUUSD	M5	4469.15000	4470.86000	4471.98000	4468.47000	353
1788498603	XAUUSD	M5	4469.31000	4469.15000	4469.60000	4467.38000	382
1788498903	XAUUSD	M5	4473.85000	4469.56000	4475.23000	4468.81000	361
1788499203	XAUUSD	M5	4471.01000	4473.85000	4474.20000	4470.25000	343
1788499503	XAUUSD	M5	4467.58000	4471.01000	4471.28000	4467.50000	341
1788499803	XAUUSD	M5	4473.23000	4466.81000	4474.96000	4466.81000	709
1788500103	XAUUSD	M5	4476.48000	4473.10000	4476.97000	4469.16000	607
1788500403	XAUUSD	M5	4471.00000	4476.57000	4477.61000	4470.49000	575
1788500703	XAUUSD	M5	4470.81000	4471.00000	4472.75000	4470.57000	563
1788501003	XAUUSD	M5	4467.75000	4470.80000	4470.80000	4467.42000	587
1788501303	XAUUSD	M5	4472.11000	4467.55000	4472.26000	4467.34000	481
1788501603	XAUUSD	M5	4470.77000	4472.21000	4473.44000	4469.03000	584
1788501903	XAUUSD	M5	4469.73000	4470.78000	4471.92000	4468.03000	491
1788502203	XAUUSD	M5	4468.96000	4469.67000	4471.62000	4466.65000	569
1788502503	XAUUSD	M5	4468.88000	4468.91000	4469.34000	4467.23000	467
1788502803	XAUUSD	M5	4468.03000	4468.85000	4471.60000	4466.76000	500
1788503103	XAUUSD	M5	4468.84000	4467.97000	4471.85000	4467.81000	493
1788503403	XAUUSD	M5	4464.84000	4468.88000	4469.76000	4464.61000	580
1788503703	XAUUSD	M5	4466.20000	4464.89000	4466.53000	4463.19000	591
1788504003	XAUUSD	M5	4464.14000	4466.17000	4468.57000	4463.88000	488
1788504303	XAUUSD	M5	4461.64000	4464.14000	4464.14000	4461.42000	592
1788504603	XAUUSD	M5	4462.54000	4461.64000	4464.37000	4461.26000	540
1788504903	XAUUSD	M5	4462.94000	4462.54000	4463.41000	4460.05000	544
1788505203	XAUUSD	M5	4466.42000	4462.80000	4467.64000	4461.50000	638
1788505503	XAUUSD	M5	4468.48000	4466.47000	4468.95000	4465.02000	546
1788505803	XAUUSD	M5	4467.75000	4468.63000	4471.15000	4467.75000	494
1788506103	XAUUSD	M5	4468.85000	4467.75000	4468.98000	4466.59000	448
1788506403	XAUUSD	M5	4469.63000	4469.09000	4469.93000	4466.84000	411
1788506703	XAUUSD	M5	4472.82000	4469.65000	4472.83000	4468.10000	475
1788507003	XAUUSD	M5	4474.84000	4472.65000	4475.46000	4472.65000	521
1788507303	XAUUSD	M5	4475.11000	4474.82000	4476.37000	4474.22000	477
1788507603	XAUUSD	M5	4485.68000	4475.11000	4486.28000	4474.70000	595
1788507903	XAUUSD	M5	4487.89000	4485.58000	4490.71000	4484.63000	585
1788508203	XAUUSD	M5	4484.61000	4487.93000	4487.93000	4482.45000	493
1788508503	XAUUSD	M5	4483.44000	4484.61000	4486.15000	4481.33000	567
1788508803	XAUUSD	M5	4483.74000	4483.44000	4486.36000	4483.16000	606
1788509103	XAUUSD	M5	4480.82000	4483.68000	4483.93000	4480.51000	554
1788509403	XAUUSD	M5	4482.00000	4480.80000	4483.99000	4479.37000	568
1788509703	XAUUSD	M5	4482.56000	4481.99000	4484.13000	4481.24000	492
1788510003	XAUUSD	M5	4480.22000	4482.61000	4484.09000	4480.11000	456
1788510303	XAUUSD	M5	4481.13000	4480.21000	4482.45000	4479.66000	469
1788510603	XAUUSD	M5	4480.65000	4481.09000	4482.57000	4478.08000	512
1788510903	XAUUSD	M5	4478.54000	4480.84000	4481.58000	4477.76000	493
1788511203	XAUUSD	M5	4477.56000	4478.53000	4479.11000	4477.42000	458
1788511503	XAUUSD	M5	4474.89000	4477.58000	4478.52000	4474.73000	454
1788511803	XAUUSD	M5	4476.74000	4474.89000	4477.29000	4474.43000	411
1788512103	XAUUSD	M5	4477.75000	4476.77000	4479.86000	4476.77000	373
1788512403	XAUUSD	M5	4478.23000	4477.75000	4479.22000	4476.47000	452
1788512703	XAUUSD	M5	4474.98000	4478.17000	4478.27000	4473.80000	410
1788513003	XAUUSD	M5	4470.17000	4475.02000	4475.03000	4468.99000	470
1788513303	XAUUSD	M5	4466.95000	4470.04000	4470.63000	4466.83000	528
1788513603	XAUUSD	M5	4464.54000	4466.82000	4467.42000	4464.02000	564
1788513903	XAUUSD	M5	4466.65000	4464.56000	4466.70000	4463.88000	530
1788514203	XAUUSD	M5	4466.97000	4466.65000	4470.23000	4464.59000	583
1788514503	XAUUSD	M5	4467.92000	4467.10000	4469.69000	4466.46000	451
1788514803	XAUUSD	M5	4467.30000	4467.83000	4468.46000	4465.79000	391
1788515103	XAUUSD	M5	4469.19000	4467.32000	4469.64000	4467.32000	392
1788515403	XAUUSD	M5	4467.28000	4469.19000	4469.62000	4467.28000	417
1788515703	XAUUSD	M5	4465.58000	4467.22000	4469.69000	4465.54000	466
1788516003	XAUUSD	M5	4469.49000	4465.46000	4470.15000	4465.46000	401
1788516303	XAUUSD	M5	4470.63000	4469.49000	4470.90000	4468.71000	342
1788516603	XAUUSD	M5	4472.75000	4470.63000	4473.25000	4469.04000	405
1788516903	XAUUSD	M5	4471.81000	4472.77000	4473.37000	4471.06000	372
1788517203	XAUUSD	M5	4468.34000	4471.81000	4471.96000	4468.10000	398
1788517503	XAUUSD	M5	4471.24000	4468.32000	4473.46000	4468.32000	488
1788517803	XAUUSD	M5	4473.22000	4471.24000	4475.17000	4470.88000	439
1788518103	XAUUSD	M5	4473.35000	4473.22000	4473.49000	4470.07000	405
1788518403	XAUUSD	M5	4473.62000	4473.42000	4474.07000	4472.58000	350
1788518703	XAUUSD	M5	4474.78000	4473.57000	4476.42000	4473.54000	400
1788519003	XAUUSD	M5	4474.73000	4474.80000	4475.89000	4473.53000	350
1788519303	XAUUSD	M5	4472.88000	4474.71000	4475.03000	4472.74000	356
1788519603	XAUUSD	M5	4471.99000	4472.74000	4473.33000	4470.45000	549
1788519903	XAUUSD	M5	4470.74000	4471.99000	4472.17000	4469.49000	397
1788520203	XAUUSD	M5	4470.25000	4470.84000	4471.39000	4469.56000	430
1788520503	XAUUSD	M5	4466.81000	4470.26000	4470.56000	4466.43000	411
1788520803	XAUUSD	M5	4468.85000	4466.81000	4470.82000	4466.70000	423
1788521103	XAUUSD	M5	4465.68000	4468.85000	4468.85000	4465.40000	427
1788521403	XAUUSD	M5	4465.92000	4465.61000	4468.29000	4465.22000	409
1788521703	XAUUSD	M5	4468.01000	4465.92000	4469.50000	4465.92000	371
1788522003	XAUUSD	M5	4468.25000	4468.29000	4470.33000	4465.97000	420
1788522303	XAUUSD	M5	4467.49000	4468.26000	4470.54000	4467.22000	403
1788522603	XAUUSD	M5	4468.99000	4467.49000	4470.62000	4467.11000	486
1788522903	XAUUSD	M5	4466.95000	4468.97000	4469.88000	4465.24000	464
1788523203	XAUUSD	M5	4468.92000	4466.95000	4469.40000	4464.92000	611
1788523503	XAUUSD	M5	4467.33000	4468.83000	4470.42000	4466.83000	629
1788523803	XAUUSD	M5	4464.73000	4467.47000	4468.91000	4464.61000	591
1788524103	XAUUSD	M5	4468.02000	4464.73000	4468.23000	4464.51000	633
1788524403	XAUUSD	M5	4468.13000	4467.98000	4470.27000	4464.52000	714
1788524703	XAUUSD	M5	4472.68000	4467.90000	4476.24000	4467.41000	769
1788525003	XAUUSD	M5	4394.66000	4472.47000	4472.47000	4379.87000	936
1788525303	XAUUSD	M5	4391.86000	4394.93000	4398.78000	4382.88000	975
1788525603	XAUUSD	M5	4394.06000	4391.31000	4406.48000	4387.23000	963
1788525903	XAUUSD	M5	4397.12000	4393.36000	4397.53000	4380.12000	972
1788526203	XAUUSD	M5	4405.71000	4397.19000	4409.84000	4395.39000	950
1788526503	XAUUSD	M5	4393.75000	4405.89000	4408.85000	4392.72000	940
1788526803	XAUUSD	M5	4379.22000	4393.83000	4394.59000	4365.49000	970
1788527103	XAUUSD	M5	4388.12000	4379.40000	4390.15000	4376.10000	945
1788527403	XAUUSD	M5	4394.19000	4388.55000	4394.20000	4382.21000	923
1788527703	XAUUSD	M5	4398.74000	4394.20000	4399.95000	4391.48000	907
1788528003	XAUUSD	M5	4405.13000	4398.70000	4407.04000	4396.99000	870
1788528303	XAUUSD	M5	4412.62000	4404.77000	4414.55000	4404.30000	871
1788528603	XAUUSD	M5	4413.98000	4412.68000	4420.60000	4412.04000	975
1788528903	XAUUSD	M5	4407.38000	4413.91000	4417.62000	4405.27000	960
1788529203	XAUUSD	M5	4423.85000	4407.36000	4423.98000	4407.23000	948
1788529503	XAUUSD	M5	4429.74000	4423.97000	4434.67000	4418.41000	929
1788529803	XAUUSD	M5	4422.59000	4430.00000	4431.28000	4421.10000	941
1788530103	XAUUSD	M5	4413.48000	4422.63000	4426.86000	4413.23000	911
1788530403	XAUUSD	M5	4420.22000	4413.18000	4420.22000	4412.15000	900
1788530703	XAUUSD	M5	4423.74000	4420.67000	4427.22000	4416.07000	938
1788531003	XAUUSD	M5	4433.99000	4423.97000	4435.09000	4419.22000	938
1788531303	XAUUSD	M5	4432.32000	4433.91000	4437.02000	4428.94000	919
1788531603	XAUUSD	M5	4430.69000	4432.31000	4435.66000	4426.83000	912
1788531903	XAUUSD	M5	4429.04000	4430.83000	4437.33000	4428.93000	853
1788532203	XAUUSD	M5	4439.48000	4429.09000	4439.92000	4429.09000	888
1788532503	XAUUSD	M5	4429.63000	4439.50000	4442.27000	4428.63000	883
1788532803	XAUUSD	M5	4428.51000	4429.55000	4432.50000	4425.49000	882
1788533103	XAUUSD	M5	4428.02000	4428.96000	4431.92000	4422.78000	900
1788533403	XAUUSD	M5	4417.84000	4428.05000	4428.75000	4417.56000	913
1788533703	XAUUSD	M5	4427.56000	4417.69000	4429.92000	4417.23000	862
1788534003	XAUUSD	M5	4430.15000	4427.64000	4430.74000	4422.77000	864
1788534303	XAUUSD	M5	4436.69000	4430.03000	4439.28000	4429.81000	836
1788534603	XAUUSD	M5	4443.44000	4436.68000	4443.65000	4434.60000	819
1788534903	XAUUSD	M5	4448.07000	4443.50000	4448.51000	4441.10000	855
1788535203	XAUUSD	M5	4442.95000	4447.97000	4448.95000	4440.22000	861
1788535503	XAUUSD	M5	4439.78000	4442.95000	4446.13000	4439.65000	767
1788535803	XAUUSD	M5	4439.91000	4440.02000	4444.22000	4438.45000	838
1788536103	XAUUSD	M5	4438.03000	4439.72000	4441.15000	4437.33000	757
1788536403	XAUUSD	M5	4442.97000	4437.97000	4446.51000	4436.89000	754
1788536703	XAUUSD	M5	4443.74000	4442.86000	4444.98000	4441.74000	692
1788537003	XAUUSD	M5	4439.40000	4443.80000	4445.98000	4439.27000	734
1788537303	XAUUSD	M5	4436.70000	4439.33000	4441.13000	4435.71000	674
1788537603	XAUUSD	M5	4439.40000	4436.67000	4440.33000	4436.39000	595
1788537903	XAUUSD	M5	4433.77000	4439.62000	4440.39000	4433.54000	698
1788538203	XAUUSD	M5	4438.77000	4433.77000	4439.38000	4432.24000	719
1788538503	XAUUSD	M5	4441.58000	4438.82000	4443.43000	4437.43000	636
1788538803	XAUUSD	M5	4437.99000	4441.60000	4442.47000	4435.80000	635
1788539103	XAUUSD	M5	4434.24000	4437.92000	4438.30000	4433.33000	666
1788539403	XAUUSD	M5	4437.44000	4434.16000	4438.96000	4433.35000	692
1788539703	XAUUSD	M5	4437.60000	4437.44000	4438.41000	4436.31000	643
1788540003	XAUUSD	M5	4438.02000	4437.56000	4439.78000	4435.52000	622
1788540303	XAUUSD	M5	4439.92000	4438.01000	4440.51000	4437.42000	586
1788540603	XAUUSD	M5	4435.90000	4440.03000	4440.32000	4435.90000	590
1788540903	XAUUSD	M5	4436.50000	4436.00000	4437.96000	4434.72000	603
1788541203	XAUUSD	M5	4431.46000	4436.25000	4436.53000	4430.22000	756
1788541503	XAUUSD	M5	4432.17000	4431.19000	4433.76000	4430.38000	670
1788541803	XAUUSD	M5	4434.18000	4432.17000	4434.73000	4431.85000	518
1788542103	XAUUSD	M5	4438.38000	4433.81000	4438.84000	4433.24000	557
1788542403	XAUUSD	M5	4433.29000	4438.36000	4440.45000	4431.19000	692
1788542703	XAUUSD	M5	4428.65000	4433.22000	4433.37000	4427.49000	704
1788543003	XAUUSD	M5	4424.09000	4428.68000	4429.78000	4422.96000	643
1788543303	XAUUSD	M5	4422.25000	4424.09000	4425.32000	4421.87000	642
1788543603	XAUUSD	M5	4417.09000	4422.29000	4422.34000	4416.41000	598
1788543903	XAUUSD	M5	4419.57000	4417.26000	4420.19000	4415.66000	629
1788544203	XAUUSD	M5	4419.16000	4419.47000	4421.30000	4418.61000	563
1788544503	XAUUSD	M5	4416.56000	4419.25000	4419.50000	4416.19000	600
1788544803	XAUUSD	M5	4412.69000	4416.56000	4417.48000	4412.00000	644
1788545103	XAUUSD	M5	4417.70000	4412.68000	4418.07000	4412.08000	650
1788545403	XAUUSD	M5	4419.51000	4417.69000	4419.65000	4416.35000	556
1788545703	XAUUSD	M5	4419.25000	4419.51000	4422.36000	4419.16000	535
1788546003	XAUUSD	M5	4424.69000	4419.35000	4424.78000	4419.27000	526
1788546303	XAUUSD	M5	4424.75000	4424.77000	4426.74000	4423.42000	575
1788546603	XAUUSD	M5	4425.08000	4424.89000	4425.24000	4423.06000	411
1788546903	XAUUSD	M5	4422.62000	4425.11000	4425.26000	4421.30000	475
1788547203	XAUUSD	M5	4422.97000	4422.59000	4425.62000	4422.17000	525
1788547503	XAUUSD	M5	4423.81000	4422.97000	4424.42000	4422.01000	458
1788547803	XAUUSD	M5	4425.04000	4423.86000	4425.49000	4423.50000	473
1788548103	XAUUSD	M5	4423.99000	4425.05000	4425.89000	4423.07000	476
1788548403	XAUUSD	M5	4423.60000	4423.98000	4425.33000	4422.58000	509
1788548703	XAUUSD	M5	4425.26000	4423.53000	4425.47000	4422.75000	473
1788549003	XAUUSD	M5	4429.14000	4425.26000	4429.94000	4424.83000	540
1788549303	XAUUSD	M5	4428.87000	4429.12000	4431.98000	4428.53000	490
1788549603	XAUUSD	M5	4431.01000	4428.87000	4431.16000	4426.85000	427
1788549903	XAUUSD	M5	4435.65000	4431.01000	4435.80000	4430.15000	557
1788550203	XAUUSD	M5	4437.69000	4435.63000	4438.41000	4434.14000	603
1788550503	XAUUSD	M5	4436.36000	4437.63000	4437.75000	4435.17000	447
1788550803	XAUUSD	M5	4437.01000	4436.48000	4437.58000	4434.92000	505
1788551103	XAUUSD	M5	4435.27000	4436.95000	4437.33000	4433.54000	473
1788551403	XAUUSD	M5	4436.30000	4435.75000	4436.34000	4434.19000	559
1788551703	XAUUSD	M5	4434.93000	4436.30000	4436.30000	4432.67000	677
1788552003	XAUUSD	M5	4432.73000	4434.85000	4435.22000	4432.23000	360
1788552303	XAUUSD	M5	4431.80000	4432.74000	4432.79000	4431.15000	286
1788552603	XAUUSD	M5	4431.68000	4431.86000	4432.56000	4430.88000	209
1788552903	XAUUSD	M5	4430.88000	4431.68000	4431.87000	4430.11000	174
1788553203	XAUUSD	M5	4430.21000	4430.88000	4431.31000	4430.15000	167
1788553503	XAUUSD	M5	4430.12000	4430.21000	4430.97000	4429.50000	212
1788553803	XAUUSD	M5	4429.52000	4430.06000	4430.06000	4428.99000	193
1788554103	XAUUSD	M5	4430.58000	4429.50000	4430.90000	4429.50000	161
1788554403	XAUUSD	M5	4430.55000	4430.55000	4430.77000	4429.22000	110
1788554703	XAUUSD	M5	4428.87000	4430.59000	4430.59000	4428.63000	183
1788555003	XAUUSD	M5	4431.23000	4428.87000	4431.58000	4428.78000	118
1788555303	XAUUSD	M5	4430.12000	4431.05000	4431.79000	4429.71000	177
1788732003	XAUUSD	M5	4422.64000	4425.66000	4428.39000	4417.68000	439
1788732303	XAUUSD	M5	4424.94000	4422.39000	4426.01000	4422.22000	318
1788732603	XAUUSD	M5	4429.18000	4424.99000	4429.23000	4424.40000	175
1788732903	XAUUSD	M5	4428.11000	4429.18000	4430.29000	4427.71000	167
1788733203	XAUUSD	M5	4428.45000	4428.11000	4429.88000	4427.44000	207
1788733503	XAUUSD	M5	4428.77000	4428.53000	4430.05000	4426.98000	219
1788733803	XAUUSD	M5	4428.28000	4428.77000	4430.85000	4428.16000	237
1788734103	XAUUSD	M5	4429.62000	4428.24000	4429.79000	4427.55000	139
1788734403	XAUUSD	M5	4430.60000	4429.62000	4431.36000	4429.51000	122
1788734703	XAUUSD	M5	4434.02000	4430.62000	4435.12000	4430.60000	220
1788735003	XAUUSD	M5	4432.51000	4434.02000	4434.38000	4431.35000	148
1788735303	XAUUSD	M5	4429.27000	4432.51000	4433.01000	4428.95000	110
1788735603	XAUUSD	M5	4430.00000	4429.27000	4431.03000	4429.22000	126
1788735903	XAUUSD	M5	4430.29000	4430.00000	4431.14000	4429.94000	88
1788736203	XAUUSD	M5	4429.85000	4430.29000	4430.55000	4429.42000	107
1788736503	XAUUSD	M5	4428.63000	4429.85000	4430.03000	4428.63000	98
1788736803	XAUUSD	M5	4425.28000	4428.67000	4429.22000	4425.17000	267
1788737103	XAUUSD	M5	4426.90000	4425.28000	4427.30000	4425.21000	234
1788737403	XAUUSD	M5	4427.85000	4426.90000	4428.41000	4425.24000	245
1788737703	XAUUSD	M5	4427.81000	4427.85000	4430.50000	4426.79000	203
1788738003	XAUUSD	M5	4429.00000	4427.81000	4429.19000	4425.24000	265
1788738303	XAUUSD	M5	4427.23000	4429.10000	4433.78000	4426.96000	409
1788738603	XAUUSD	M5	4424.21000	4427.24000	4427.81000	4422.58000	396
1788738903	XAUUSD	M5	4423.31000	4424.21000	4424.95000	4421.19000	438
1788739203	XAUUSD	M5	4423.16000	4423.38000	4426.71000	4422.11000	574
1788739503	XAUUSD	M5	4421.90000	4423.23000	4425.49000	4421.08000	491
1788739803	XAUUSD	M5	4425.20000	4421.90000	4427.57000	4421.09000	499
1788740103	XAUUSD	M5	4425.87000	4425.20000	4428.45000	4423.81000	449
1788740403	XAUUSD	M5	4425.99000	4426.03000	4427.35000	4424.57000	413
1788740703	XAUUSD	M5	4422.29000	4426.09000	4427.09000	4422.29000	415
1788741003	XAUUSD	M5	4419.16000	4422.28000	4422.64000	4418.53000	560
1788741303	XAUUSD	M5	4422.32000	4419.06000	4423.92000	4418.59000	455
1788741603	XAUUSD	M5	4423.95000	4422.32000	4425.26000	4421.05000	442
1788741903	XAUUSD	M5	4427.11000	4423.94000	4429.56000	4423.94000	454
1788742203	XAUUSD	M5	4422.58000	4427.07000	4427.36000	4421.29000	463
1788742503	XAUUSD	M5	4412.58000	4422.58000	4422.62000	4410.06000	608
1788742803	XAUUSD	M5	4412.13000	4412.31000	4415.84000	4407.27000	840
1788743103	XAUUSD	M5	4402.97000	4412.13000	4413.24000	4401.50000	811
1788743403	XAUUSD	M5	4399.82000	4403.03000	4407.02000	4395.58000	738
1788743703	XAUUSD	M5	4393.85000	4399.82000	4400.25000	4391.14000	758
1788744003	XAUUSD	M5	4396.06000	4393.88000	4396.47000	4389.69000	755
1788744303	XAUUSD	M5	4403.36000	4396.00000	4403.62000	4393.84000	695
1788744603	XAUUSD	M5	4408.84000	4403.34000	4411.33000	4403.26000	759
1788744903	XAUUSD	M5	4412.34000	4408.68000	4413.30000	4406.74000	718
1788745203	XAUUSD	M5	4410.35000	4412.41000	4413.16000	4408.33000	575
1788745503	XAUUSD	M5	4409.32000	4410.19000	4413.32000	4408.81000	517
1788745803	XAUUSD	M5	4413.67000	4409.47000	4416.81000	4409.12000	674
1788746103	XAUUSD	M5	4409.14000	4413.78000	4414.87000	4408.79000	667
1788746403	XAUUSD	M5	4407.44000	4409.04000	4410.59000	4405.20000	669
1788746703	XAUUSD	M5	4404.80000	4407.45000	4407.65000	4402.91000	604
1788747003	XAUUSD	M5	4403.59000	4404.85000	4406.11000	4403.23000	581
1788747303	XAUUSD	M5	4406.85000	4403.93000	4406.92000	4403.47000	445
1788747603	XAUUSD	M5	4409.12000	4406.85000	4409.17000	4406.47000	468
1788747903	XAUUSD	M5	4407.68000	4409.12000	4409.39000	4407.16000	417
1788748203	XAUUSD	M5	4414.20000	4407.68000	4414.51000	4406.77000	776
1788748503	XAUUSD	M5	4417.96000	4414.50000	4418.48000	4412.89000	672
1788748803	XAUUSD	M5	4414.91000	4417.97000	4418.49000	4413.63000	603
1788749103	XAUUSD	M5	4417.36000	4414.92000	4419.05000	4413.60000	586
1788749403	XAUUSD	M5	4414.01000	4417.28000	4417.56000	4413.60000	557
1788749703	XAUUSD	M5	4408.93000	4413.96000	4414.44000	4407.28000	652
1788750003	XAUUSD	M5	4410.28000	4408.83000	4410.46000	4407.39000	504
1788750303	XAUUSD	M5	4406.40000	4410.10000	4410.10000	4405.48000	596
1788750603	XAUUSD	M5	4407.94000	4406.40000	4408.65000	4405.55000	413
1788750903	XAUUSD	M5	4406.96000	4407.93000	4408.77000	4404.64000	482
1788751203	XAUUSD	M5	4409.23000	4407.02000	4410.14000	4406.12000	481
1788751503	XAUUSD	M5	4408.75000	4409.23000	4409.82000	4408.09000	487
1788751803	XAUUSD	M5	4408.12000	4408.74000	4408.99000	4406.42000	461
1788752103	XAUUSD	M5	4405.48000	4408.12000	4408.63000	4405.00000	321
1788752403	XAUUSD	M5	4401.84000	4405.48000	4405.88000	4401.78000	362
1788752703	XAUUSD	M5	4403.71000	4401.84000	4404.47000	4401.76000	120
