ohlcv_timestamp	ohlcv_symbol	ohlcv_timeframe	ohlcv_close	ohlcv_open	ohlcv_high	ohlcv_low	ohlcv_volume
1784725203	XAUUSD	M15	4125.90000	4112.96000	4125.96000	4112.96000	2077
1784726103	XAUUSD	M15	4131.72000	4125.83000	4134.94000	4125.13000	2111
1784727003	XAUUSD	M15	4142.65000	4132.12000	4146.70000	4132.12000	2668
1784727903	XAUUSD	M15	4154.69000	4142.69000	4155.92000	4142.62000	2579
1784728803	XAUUSD	M15	4156.48000	4154.65000	4163.40000	4153.32000	2593
1784729703	XAUUSD	M15	4146.30000	4156.49000	4156.49000	4144.42000	2574
1784730603	XAUUSD	M15	4150.90000	4146.34000	4152.91000	4146.29000	2368
1784731503	XAUUSD	M15	4148.40000	4150.87000	4152.81000	4144.12000	2302
1784732403	XAUUSD	M15	4157.49000	4148.44000	4158.49000	4148.44000	2255
1784733303	XAUUSD	M15	4157.12000	4157.51000	4161.51000	4153.37000	1927
1784734203	XAUUSD	M15	4159.87000	4157.15000	4160.89000	4155.59000	2030
1784735103	XAUUSD	M15	4159.40000	4159.89000	4165.97000	4158.50000	2112
1784736003	XAUUSD	M15	4154.53000	4159.40000	4159.53000	4153.22000	1914
1784736903	XAUUSD	M15	4149.24000	4154.53000	4155.60000	4147.93000	1841
1784737803	XAUUSD	M15	4146.96000	4149.24000	4151.40000	4144.57000	1894
1784738703	XAUUSD	M15	4146.78000	4146.94000	4148.95000	4144.59000	1677
1784739603	XAUUSD	M15	4145.31000	4146.76000	4147.84000	4143.09000	1852
1784740503	XAUUSD	M15	4146.16000	4145.32000	4147.10000	4142.67000	1905
1784741403	XAUUSD	M15	4140.65000	4146.03000	4147.54000	4138.44000	1826
1784742303	XAUUSD	M15	4142.43000	4140.63000	4143.81000	4140.40000	1556
1784743203	XAUUSD	M15	4138.19000	4142.43000	4142.84000	4136.88000	1871
1784744103	XAUUSD	M15	4135.27000	4138.11000	4139.76000	4134.82000	1838
1784745003	XAUUSD	M15	4135.98000	4135.28000	4136.33000	4132.07000	1835
1784745903	XAUUSD	M15	4136.08000	4135.94000	4138.86000	4135.44000	1613
1784746803	XAUUSD	M15	4134.11000	4136.03000	4137.21000	4133.05000	1405
1784747703	XAUUSD	M15	4134.54000	4134.11000	4135.48000	4131.74000	1474
1784748603	XAUUSD	M15	4133.94000	4134.40000	4136.32000	4132.66000	1436
1784749503	XAUUSD	M15	4131.85000	4133.94000	4135.33000	4129.00000	1723
1784750403	XAUUSD	M15	4134.67000	4131.83000	4135.58000	4130.45000	1613
1784751303	XAUUSD	M15	4136.62000	4134.55000	4137.85000	4133.90000	998
1784752203	XAUUSD	M15	4130.95000	4136.58000	4137.62000	4130.84000	1041
1784753103	XAUUSD	M15	4130.04000	4130.96000	4131.13000	4128.50000	1055
1784757603	XAUUSD	M15	4123.94000	4125.01000	4137.08000	4116.56000	1353
1784758503	XAUUSD	M15	4128.77000	4123.96000	4129.06000	4120.85000	1405
1784759403	XAUUSD	M15	4121.71000	4128.80000	4129.94000	4120.05000	1381
1784760303	XAUUSD	M15	4121.66000	4121.72000	4126.81000	4120.64000	1523
1784761203	XAUUSD	M15	4123.97000	4121.66000	4124.77000	4116.60000	1683
1784762103	XAUUSD	M15	4120.04000	4123.97000	4124.23000	4119.26000	1034
1784763003	XAUUSD	M15	4123.72000	4120.11000	4124.63000	4119.15000	958
1784763903	XAUUSD	M15	4133.42000	4123.71000	4134.11000	4123.18000	1671
1784764803	XAUUSD	M15	4126.82000	4133.41000	4134.36000	4126.16000	1712
1784765703	XAUUSD	M15	4129.15000	4126.83000	4134.66000	4126.74000	1673
1784766603	XAUUSD	M15	4127.97000	4129.18000	4132.25000	4127.16000	1522
1784767503	XAUUSD	M15	4132.04000	4127.74000	4133.10000	4125.13000	1546
1784768403	XAUUSD	M15	4134.38000	4131.97000	4139.05000	4129.97000	2348
1784769303	XAUUSD	M15	4137.36000	4134.46000	4140.84000	4133.61000	2070
1784770203	XAUUSD	M15	4122.97000	4137.53000	4139.31000	4122.79000	2467
1784771103	XAUUSD	M15	4117.98000	4121.50000	4123.72000	4114.35000	2286
1784772003	XAUUSD	M15	4117.76000	4117.97000	4119.06000	4112.27000	2134
1784772903	XAUUSD	M15	4116.11000	4117.76000	4118.12000	4113.30000	1506
1784773803	XAUUSD	M15	4122.27000	4116.24000	4122.27000	4113.95000	1927
1784774703	XAUUSD	M15	4128.08000	4122.26000	4128.68000	4121.24000	1976
1784775603	XAUUSD	M15	4127.43000	4128.14000	4129.09000	4124.10000	1705
1784776503	XAUUSD	M15	4130.50000	4127.34000	4133.03000	4126.81000	1832
1784777403	XAUUSD	M15	4128.81000	4130.47000	4131.16000	4125.94000	1337
1784778303	XAUUSD	M15	4124.57000	4128.81000	4128.88000	4124.02000	1042
1784779203	XAUUSD	M15	4127.80000	4124.61000	4127.80000	4122.64000	1150
1784780103	XAUUSD	M15	4129.84000	4127.79000	4129.84000	4125.20000	1379
1784781003	XAUUSD	M15	4123.15000	4129.80000	4130.46000	4123.05000	1234
1784781903	XAUUSD	M15	4121.28000	4123.12000	4124.25000	4119.93000	1199
1784782803	XAUUSD	M15	4124.52000	4121.28000	4125.12000	4119.41000	1534
1784783703	XAUUSD	M15	4125.45000	4124.52000	4125.45000	4119.93000	1458
1784784603	XAUUSD	M15	4127.69000	4125.58000	4128.57000	4123.64000	1930
1784785503	XAUUSD	M15	4124.16000	4127.69000	4130.39000	4120.62000	1920
1784786403	XAUUSD	M15	4123.13000	4124.11000	4128.22000	4121.23000	2100
1784787303	XAUUSD	M15	4121.98000	4123.22000	4127.81000	4121.29000	1718
1784788203	XAUUSD	M15	4119.92000	4122.05000	4123.87000	4116.94000	1975
1784789103	XAUUSD	M15	4118.59000	4120.02000	4122.45000	4117.98000	1759
1784790003	XAUUSD	M15	4107.03000	4118.56000	4119.44000	4101.98000	2090
1784790903	XAUUSD	M15	4108.42000	4106.65000	4112.04000	4105.49000	1965
1784791803	XAUUSD	M15	4095.47000	4108.42000	4108.83000	4091.32000	1867
1784792703	XAUUSD	M15	4095.50000	4095.51000	4096.95000	4090.21000	2068
1784793603	XAUUSD	M15	4091.52000	4096.21000	4097.69000	4090.17000	1983
1784794503	XAUUSD	M15	4091.84000	4091.54000	4092.52000	4088.56000	1630
1784795403	XAUUSD	M15	4092.36000	4091.95000	4093.86000	4088.68000	1610
1784796303	XAUUSD	M15	4093.32000	4092.36000	4094.86000	4087.04000	1692
1784797203	XAUUSD	M15	4094.96000	4093.47000	4099.38000	4092.82000	1830
1784798103	XAUUSD	M15	4091.45000	4094.84000	4096.94000	4089.54000	1473
1784799003	XAUUSD	M15	4091.91000	4091.45000	4092.89000	4088.72000	1490
1784799903	XAUUSD	M15	4089.95000	4091.94000	4094.27000	4088.51000	1434
1784800803	XAUUSD	M15	4090.82000	4089.94000	4091.65000	4087.94000	1557
1784801703	XAUUSD	M15	4089.87000	4090.82000	4092.49000	4086.20000	1522
1784802603	XAUUSD	M15	4089.50000	4089.87000	4092.88000	4086.60000	1547
1784803503	XAUUSD	M15	4093.12000	4089.50000	4095.27000	4087.38000	1557
1784804403	XAUUSD	M15	4087.71000	4093.12000	4093.86000	4087.06000	1698
1784805303	XAUUSD	M15	4084.38000	4087.71000	4089.27000	4081.17000	1775
1784806203	XAUUSD	M15	4078.84000	4084.33000	4084.33000	4073.16000	2081
1784807103	XAUUSD	M15	4085.57000	4078.78000	4089.01000	4077.96000	1912
1784808003	XAUUSD	M15	4081.32000	4085.58000	4085.90000	4081.16000	1619
1784808903	XAUUSD	M15	4075.10000	4081.41000	4083.02000	4070.35000	2236
1784809803	XAUUSD	M15	4068.82000	4074.18000	4075.08000	4064.49000	2376
1784810703	XAUUSD	M15	4061.89000	4069.11000	4069.25000	4061.10000	2359
1784811603	XAUUSD	M15	4040.94000	4061.88000	4063.63000	4040.66000	2832
1784812503	XAUUSD	M15	4058.82000	4040.96000	4059.04000	4040.69000	2585
1784813403	XAUUSD	M15	4056.19000	4058.69000	4067.13000	4055.42000	2765
1784814303	XAUUSD	M15	4043.11000	4056.27000	4059.08000	4042.92000	2610
1784815203	XAUUSD	M15	4048.04000	4043.33000	4051.37000	4040.10000	2720
1784816103	XAUUSD	M15	4056.30000	4047.97000	4056.84000	4042.38000	2660
1784817003	XAUUSD	M15	4057.04000	4056.42000	4060.23000	4051.76000	2582
1784817903	XAUUSD	M15	4057.82000	4057.04000	4061.83000	4055.99000	2422
1784818803	XAUUSD	M15	4051.39000	4057.81000	4059.38000	4049.44000	2434
1784819703	XAUUSD	M15	4046.78000	4051.12000	4056.75000	4045.60000	2490
1784820603	XAUUSD	M15	4048.18000	4046.85000	4053.17000	4042.34000	2491
1784821503	XAUUSD	M15	4048.76000	4048.19000	4051.14000	4046.81000	2163
1784822403	XAUUSD	M15	4050.13000	4048.79000	4050.91000	4047.43000	2083
1784823303	XAUUSD	M15	4049.98000	4050.15000	4051.50000	4045.85000	1803
1784824203	XAUUSD	M15	4049.91000	4050.00000	4051.23000	4047.12000	1908
1784825103	XAUUSD	M15	4051.47000	4049.86000	4051.80000	4048.06000	1850
1784826003	XAUUSD	M15	4047.35000	4051.46000	4054.61000	4046.92000	2056
1784826903	XAUUSD	M15	4047.22000	4047.36000	4050.63000	4046.25000	2056
1784827803	XAUUSD	M15	4042.94000	4047.26000	4049.21000	4041.95000	1984
1784828703	XAUUSD	M15	4041.81000	4042.94000	4044.34000	4041.60000	1859
1784829603	XAUUSD	M15	4041.76000	4041.75000	4044.12000	4040.73000	2070
1784830503	XAUUSD	M15	4044.51000	4041.78000	4045.11000	4040.79000	2107
1784831403	XAUUSD	M15	4046.59000	4044.50000	4048.05000	4044.45000	1825
1784832303	XAUUSD	M15	4046.15000	4046.56000	4048.41000	4044.61000	1840
1784833203	XAUUSD	M15	4043.29000	4046.12000	4048.60000	4042.97000	1557
1784834103	XAUUSD	M15	4048.26000	4043.25000	4049.25000	4043.14000	1633
1784835003	XAUUSD	M15	4046.18000	4048.27000	4051.12000	4045.88000	1710
1784835903	XAUUSD	M15	4049.59000	4045.95000	4050.99000	4045.00000	1767
1784836803	XAUUSD	M15	4049.54000	4049.82000	4051.17000	4048.31000	1152
1784837703	XAUUSD	M15	4050.22000	4049.51000	4050.62000	4047.47000	769
1784838603	XAUUSD	M15	4049.91000	4050.26000	4050.69000	4048.92000	812
1784839503	XAUUSD	M15	4049.41000	4049.82000	4050.04000	4047.54000	684
1784844003	XAUUSD	M15	4048.99000	4050.23000	4050.47000	4048.68000	637
1784844903	XAUUSD	M15	4050.03000	4048.99000	4050.19000	4048.99000	521
1784845803	XAUUSD	M15	4049.46000	4050.05000	4050.60000	4048.92000	560
1784846703	XAUUSD	M15	4049.62000	4049.46000	4050.68000	4048.61000	509
1784847603	XAUUSD	M15	4048.59000	4049.65000	4050.01000	4047.55000	559
1784848503	XAUUSD	M15	4049.14000	4048.59000	4049.95000	4047.27000	612
1784849403	XAUUSD	M15	4048.36000	4049.24000	4050.77000	4047.11000	920
1784850303	XAUUSD	M15	4047.07000	4048.36000	4049.68000	4046.72000	1115
1784851203	XAUUSD	M15	4041.53000	4047.21000	4050.03000	4041.36000	1740
1784852103	XAUUSD	M15	4046.56000	4041.70000	4048.03000	4041.35000	1740
1784853003	XAUUSD	M15	4049.39000	4046.56000	4050.29000	4044.93000	1532
1784853903	XAUUSD	M15	4050.00000	4049.37000	4051.00000	4048.53000	1427
1784854803	XAUUSD	M15	4042.41000	4049.99000	4050.30000	4040.27000	2230
1784855703	XAUUSD	M15	4042.75000	4042.41000	4045.92000	4041.45000	1881
1784856603	XAUUSD	M15	4049.95000	4042.75000	4050.26000	4041.62000	1894
1784857503	XAUUSD	M15	4043.75000	4049.96000	4050.09000	4041.38000	1769
1784858403	XAUUSD	M15	4045.73000	4043.74000	4045.95000	4041.10000	1663
1784859303	XAUUSD	M15	4046.38000	4045.77000	4048.28000	4042.68000	1188
1784860203	XAUUSD	M15	4041.73000	4046.44000	4048.20000	4041.37000	1665
1784861103	XAUUSD	M15	4024.88000	4041.73000	4041.86000	4023.12000	2343
1784862003	XAUUSD	M15	4031.91000	4024.54000	4032.45000	4023.17000	1819
1784862903	XAUUSD	M15	4030.29000	4031.90000	4033.68000	4028.27000	1666
1784863803	XAUUSD	M15	4031.63000	4030.30000	4033.29000	4030.30000	1337
1784864703	XAUUSD	M15	4029.41000	4031.62000	4032.13000	4028.32000	1122
1784865603	XAUUSD	M15	4028.25000	4029.33000	4030.40000	4027.16000	1142
1784866503	XAUUSD	M15	4029.84000	4028.25000	4030.42000	4027.76000	978
1784867403	XAUUSD	M15	4026.96000	4029.84000	4030.41000	4026.05000	929
1784868303	XAUUSD	M15	4027.12000	4026.96000	4028.95000	4025.64000	888
1784869203	XAUUSD	M15	4027.59000	4027.12000	4032.26000	4025.33000	1251
1784870103	XAUUSD	M15	4026.21000	4027.59000	4029.93000	4022.39000	1187
1784871003	XAUUSD	M15	4024.90000	4025.96000	4031.57000	4024.15000	1970
1784871903	XAUUSD	M15	4023.15000	4024.87000	4029.23000	4021.97000	1721
1784872803	XAUUSD	M15	4030.84000	4023.19000	4031.36000	4022.97000	1970
1784873703	XAUUSD	M15	4036.73000	4030.84000	4039.11000	4029.22000	1905
1784874603	XAUUSD	M15	4033.98000	4036.72000	4037.15000	4033.22000	1875
1784875503	XAUUSD	M15	4035.79000	4033.95000	4038.80000	4031.62000	1783
1784876403	XAUUSD	M15	4045.45000	4035.76000	4047.41000	4035.13000	2067
1784877303	XAUUSD	M15	4048.81000	4045.47000	4050.68000	4044.02000	1801
1784878203	XAUUSD	M15	4048.42000	4048.81000	4053.62000	4045.83000	1671
1784879103	XAUUSD	M15	4048.41000	4048.42000	4049.71000	4046.12000	1346
1784880003	XAUUSD	M15	4046.86000	4048.38000	4049.14000	4045.24000	1530
1784880903	XAUUSD	M15	4052.51000	4046.86000	4052.53000	4045.13000	1660
1784881803	XAUUSD	M15	4054.63000	4052.45000	4055.54000	4048.79000	1587
1784882703	XAUUSD	M15	4057.53000	4054.62000	4058.63000	4052.27000	1383
1784883603	XAUUSD	M15	4054.27000	4057.71000	4060.75000	4053.29000	1428
1784884503	XAUUSD	M15	4053.00000	4054.16000	4056.60000	4052.55000	1221
1784885403	XAUUSD	M15	4055.69000	4053.00000	4056.24000	4051.72000	1102
1784886303	XAUUSD	M15	4059.83000	4055.68000	4059.83000	4054.74000	1046
1784887203	XAUUSD	M15	4058.14000	4059.83000	4061.49000	4057.78000	1187
1784888103	XAUUSD	M15	4062.00000	4058.19000	4063.69000	4057.51000	1130
1784889003	XAUUSD	M15	4058.41000	4062.00000	4063.91000	4058.25000	953
1784889903	XAUUSD	M15	4060.11000	4058.43000	4060.25000	4057.19000	1055
1784890803	XAUUSD	M15	4061.24000	4060.11000	4063.57000	4058.51000	1044
1784891703	XAUUSD	M15	4059.19000	4061.25000	4062.02000	4059.18000	864
1784892603	XAUUSD	M15	4055.28000	4059.12000	4060.33000	4055.25000	1121
1784893503	XAUUSD	M15	4057.71000	4055.28000	4061.66000	4051.45000	1259
1784894403	XAUUSD	M15	4056.60000	4057.69000	4058.37000	4052.36000	1727
1784895303	XAUUSD	M15	4059.65000	4056.58000	4060.13000	4054.84000	1554
1784896203	XAUUSD	M15	4055.15000	4059.65000	4059.65000	4052.06000	1664
1784897103	XAUUSD	M15	4056.15000	4055.15000	4056.42000	4051.75000	1411
1784898003	XAUUSD	M15	4048.23000	4056.18000	4058.47000	4044.81000	2057
1784898903	XAUUSD	M15	4046.37000	4048.27000	4049.39000	4045.01000	1741
1784899803	XAUUSD	M15	4052.38000	4046.54000	4056.83000	4044.77000	2390
1784900703	XAUUSD	M15	4067.45000	4052.25000	4068.67000	4048.58000	2411
1784901603	XAUUSD	M15	4058.81000	4067.56000	4070.05000	4057.22000	2438
1784902503	XAUUSD	M15	4066.07000	4058.86000	4069.22000	4055.99000	2388
1784903403	XAUUSD	M15	4060.44000	4066.05000	4068.02000	4059.27000	2296
1784904303	XAUUSD	M15	4063.15000	4060.41000	4066.41000	4058.59000	2281
1784905203	XAUUSD	M15	4074.74000	4063.27000	4076.63000	4061.87000	2358
1784906103	XAUUSD	M15	4075.04000	4074.78000	4082.00000	4071.97000	2467
1784907003	XAUUSD	M15	4071.97000	4075.04000	4079.61000	4071.65000	2266
1784907903	XAUUSD	M15	4077.33000	4072.03000	4077.86000	4071.05000	1879
1784908803	XAUUSD	M15	4074.86000	4077.38000	4077.60000	4074.43000	1634
1784909703	XAUUSD	M15	4073.85000	4074.86000	4078.18000	4073.57000	1581
1784910603	XAUUSD	M15	4067.73000	4073.80000	4074.02000	4066.72000	1744
1784911503	XAUUSD	M15	4067.06000	4067.67000	4067.72000	4064.24000	1471
1784912403	XAUUSD	M15	4064.16000	4067.08000	4068.46000	4062.96000	1693
1784913303	XAUUSD	M15	4068.35000	4064.16000	4069.87000	4063.61000	1617
1784914203	XAUUSD	M15	4066.55000	4068.42000	4069.83000	4066.16000	1322
1784915103	XAUUSD	M15	4063.45000	4066.55000	4067.29000	4063.09000	1342
1784916003	XAUUSD	M15	4061.66000	4063.45000	4064.55000	4061.31000	1279
1784916903	XAUUSD	M15	4055.28000	4061.66000	4062.95000	4055.07000	1388
1784917803	XAUUSD	M15	4052.21000	4055.28000	4057.06000	4051.23000	1403
1784918703	XAUUSD	M15	4054.43000	4052.21000	4055.94000	4051.89000	1180
1784919603	XAUUSD	M15	4052.36000	4054.44000	4056.44000	4052.23000	1459
1784920503	XAUUSD	M15	4051.59000	4052.35000	4052.41000	4049.22000	1444
1784921403	XAUUSD	M15	4056.90000	4051.61000	4057.93000	4051.38000	1620
1784922303	XAUUSD	M15	4053.69000	4056.96000	4057.43000	4052.78000	1451
1784923203	XAUUSD	M15	4052.59000	4053.71000	4055.27000	4052.28000	836
1784924103	XAUUSD	M15	4053.72000	4052.59000	4054.76000	4052.15000	736
1784925003	XAUUSD	M15	4055.52000	4053.73000	4056.05000	4051.64000	731
1784925903	XAUUSD	M15	4052.95000	4055.52000	4056.35000	4052.12000	693
1785103203	XAUUSD	M15	4088.10000	4091.95000	4097.21000	4086.48000	1273
1785104103	XAUUSD	M15	4086.53000	4088.01000	4090.27000	4083.94000	970
1785105003	XAUUSD	M15	4091.37000	4086.17000	4092.98000	4085.77000	755
1785105903	XAUUSD	M15	4089.75000	4091.37000	4093.69000	4088.85000	566
1785106803	XAUUSD	M15	4084.76000	4089.28000	4091.03000	4084.61000	668
1785107703	XAUUSD	M15	4084.85000	4084.78000	4086.47000	4083.71000	799
1785108603	XAUUSD	M15	4089.03000	4084.82000	4089.27000	4084.65000	797
1785109503	XAUUSD	M15	4094.14000	4089.03000	4096.22000	4088.40000	1742
1785110403	XAUUSD	M15	4115.52000	4094.16000	4116.25000	4093.95000	2284
1785111303	XAUUSD	M15	4094.63000	4115.53000	4115.53000	4090.83000	2101
1785112203	XAUUSD	M15	4100.07000	4094.65000	4102.59000	4093.87000	1761
1785113103	XAUUSD	M15	4100.65000	4099.99000	4109.45000	4099.04000	1924
1785114003	XAUUSD	M15	4107.21000	4100.68000	4112.50000	4100.60000	2433
1785114903	XAUUSD	M15	4100.09000	4107.21000	4109.16000	4097.04000	2127
1785115803	XAUUSD	M15	4102.78000	4100.10000	4104.25000	4098.00000	2037
1785116703	XAUUSD	M15	4110.15000	4102.71000	4110.15000	4102.71000	1985
1785117603	XAUUSD	M15	4105.51000	4110.15000	4110.95000	4103.38000	1989
1785118503	XAUUSD	M15	4103.06000	4105.51000	4105.88000	4102.16000	1403
1785119403	XAUUSD	M15	4096.51000	4103.16000	4103.16000	4095.56000	1936
1785120303	XAUUSD	M15	4093.75000	4096.51000	4097.53000	4093.75000	1549
1785121203	XAUUSD	M15	4091.97000	4093.74000	4095.88000	4089.09000	1711
1785122103	XAUUSD	M15	4085.56000	4091.97000	4093.44000	4085.31000	1501
1785123003	XAUUSD	M15	4089.70000	4085.56000	4090.70000	4085.10000	1369
1785123903	XAUUSD	M15	4091.04000	4089.70000	4091.15000	4088.49000	974
1785124803	XAUUSD	M15	4090.04000	4091.14000	4092.81000	4088.65000	1213
1785125703	XAUUSD	M15	4089.12000	4090.05000	4090.40000	4087.08000	1050
1785126603	XAUUSD	M15	4090.49000	4089.16000	4092.43000	4089.16000	1203
1785127503	XAUUSD	M15	4090.22000	4090.49000	4091.31000	4089.22000	1104
1785128403	XAUUSD	M15	4094.85000	4090.22000	4094.89000	4088.62000	1301
1785129303	XAUUSD	M15	4087.08000	4094.85000	4094.85000	4086.06000	1146
1785130203	XAUUSD	M15	4088.04000	4086.77000	4090.34000	4085.70000	1953
1785131103	XAUUSD	M15	4092.91000	4088.06000	4093.70000	4084.55000	1831
1785132003	XAUUSD	M15	4094.42000	4093.14000	4096.41000	4091.74000	1893
1785132903	XAUUSD	M15	4096.16000	4094.43000	4096.55000	4091.21000	1520
1785133803	XAUUSD	M15	4098.70000	4096.12000	4099.31000	4094.26000	1514
1785134703	XAUUSD	M15	4096.04000	4098.69000	4099.02000	4095.22000	1411
1785135603	XAUUSD	M15	4102.04000	4096.15000	4102.04000	4096.00000	1782
1785136503	XAUUSD	M15	4103.20000	4102.05000	4105.97000	4099.87000	1680
1785137403	XAUUSD	M15	4097.22000	4103.17000	4103.94000	4095.90000	1548
1785138303	XAUUSD	M15	4088.78000	4097.21000	4099.22000	4088.55000	1543
1785139203	XAUUSD	M15	4091.29000	4088.78000	4093.07000	4087.24000	1814
1785140103	XAUUSD	M15	4090.92000	4091.16000	4092.46000	4088.94000	1620
1785141003	XAUUSD	M15	4091.20000	4090.87000	4092.98000	4087.37000	1457
1785141903	XAUUSD	M15	4095.14000	4091.40000	4096.96000	4090.84000	1270
1785142803	XAUUSD	M15	4094.03000	4095.14000	4098.35000	4093.19000	1368
1785143703	XAUUSD	M15	4091.52000	4094.04000	4095.85000	4091.18000	1302
1785144603	XAUUSD	M15	4094.17000	4091.61000	4094.72000	4090.63000	1194
1785145503	XAUUSD	M15	4096.20000	4094.17000	4100.41000	4093.83000	1155
1785146403	XAUUSD	M15	4090.94000	4096.05000	4096.53000	4086.60000	1288
1785147303	XAUUSD	M15	4093.13000	4090.93000	4093.93000	4089.26000	1258
1785148203	XAUUSD	M15	4100.42000	4093.13000	4101.91000	4093.06000	1285
1785149103	XAUUSD	M15	4099.49000	4100.47000	4102.36000	4098.84000	1148
1785150003	XAUUSD	M15	4101.87000	4099.69000	4104.09000	4097.00000	1491
1785150903	XAUUSD	M15	4097.05000	4102.04000	4103.28000	4097.05000	1100
1785151803	XAUUSD	M15	4095.64000	4096.80000	4099.91000	4094.68000	1627
1785152703	XAUUSD	M15	4093.88000	4095.64000	4097.26000	4093.78000	1404
1785153603	XAUUSD	M15	4087.65000	4093.90000	4097.63000	4086.47000	1851
1785154503	XAUUSD	M15	4086.71000	4087.70000	4089.06000	4081.77000	1863
1785155403	XAUUSD	M15	4086.78000	4086.68000	4088.62000	4083.18000	1600
1785156303	XAUUSD	M15	4083.89000	4086.75000	4089.03000	4081.78000	1784
1785157203	XAUUSD	M15	4084.82000	4083.76000	4088.77000	4080.90000	2319
1785158103	XAUUSD	M15	4076.33000	4084.89000	4087.24000	4076.20000	2006
1785159003	XAUUSD	M15	4086.66000	4076.22000	4089.25000	4075.65000	2698
1785159903	XAUUSD	M15	4074.16000	4086.68000	4089.39000	4070.54000	2534
1785160803	XAUUSD	M15	4076.92000	4074.44000	4079.20000	4071.20000	2371
1785161703	XAUUSD	M15	4068.33000	4076.99000	4078.56000	4067.15000	2426
1785162603	XAUUSD	M15	4068.92000	4068.35000	4070.60000	4065.48000	2583
1785163503	XAUUSD	M15	4076.17000	4069.21000	4077.42000	4069.21000	2340
1785164403	XAUUSD	M15	4076.10000	4076.18000	4076.46000	4071.83000	2262
1785165303	XAUUSD	M15	4076.57000	4076.10000	4079.26000	4074.61000	2212
1785166203	XAUUSD	M15	4076.04000	4076.61000	4077.87000	4072.60000	2139
1785167103	XAUUSD	M15	4078.57000	4076.04000	4079.92000	4074.71000	1977
1785168003	XAUUSD	M15	4081.38000	4078.56000	4084.85000	4077.81000	1951
1785168903	XAUUSD	M15	4085.05000	4081.38000	4088.75000	4079.64000	2030
1785169803	XAUUSD	M15	4088.19000	4085.24000	4093.80000	4084.98000	2058
1785170703	XAUUSD	M15	4082.40000	4088.20000	4088.41000	4080.82000	1823
1785171603	XAUUSD	M15	4073.63000	4082.31000	4082.39000	4070.68000	2047
1785172503	XAUUSD	M15	4074.82000	4073.63000	4076.83000	4072.44000	1841
1785173403	XAUUSD	M15	4074.56000	4074.77000	4076.10000	4072.21000	1689
1785174303	XAUUSD	M15	4076.29000	4074.56000	4077.14000	4073.37000	1668
1785175203	XAUUSD	M15	4076.76000	4076.28000	4079.21000	4076.05000	1714
1785176103	XAUUSD	M15	4076.82000	4076.67000	4077.03000	4074.25000	1654
1785177003	XAUUSD	M15	4076.33000	4076.82000	4079.03000	4072.93000	1844
1785177903	XAUUSD	M15	4077.88000	4076.29000	4079.37000	4075.05000	1690
1785178803	XAUUSD	M15	4080.32000	4077.88000	4081.86000	4076.23000	1626
1785179703	XAUUSD	M15	4085.76000	4080.40000	4088.52000	4079.52000	1435
1785180603	XAUUSD	M15	4086.90000	4085.76000	4087.25000	4083.88000	1372
1785181503	XAUUSD	M15	4083.36000	4086.91000	4089.35000	4082.44000	1797
1785182403	XAUUSD	M15	4082.16000	4083.53000	4084.07000	4081.43000	875
1785183303	XAUUSD	M15	4078.70000	4082.16000	4082.17000	4078.28000	667
1785184203	XAUUSD	M15	4077.08000	4078.73000	4079.12000	4075.95000	696
1785185103	XAUUSD	M15	4076.64000	4077.09000	4077.31000	4075.32000	455
1785189603	XAUUSD	M15	4076.70000	4079.69000	4082.09000	4076.57000	559
1785190503	XAUUSD	M15	4072.18000	4077.40000	4077.40000	4070.91000	801
1785191403	XAUUSD	M15	4074.87000	4072.52000	4075.07000	4072.51000	600
1785192303	XAUUSD	M15	4074.27000	4074.88000	4074.97000	4073.64000	679
1785193203	XAUUSD	M15	4074.32000	4074.29000	4075.10000	4071.91000	697
1785194103	XAUUSD	M15	4073.18000	4074.32000	4074.74000	4072.08000	672
1785195003	XAUUSD	M15	4072.05000	4072.97000	4073.63000	4071.71000	563
1785195903	XAUUSD	M15	4073.33000	4072.03000	4073.38000	4069.95000	1482
1785196803	XAUUSD	M15	4067.16000	4073.29000	4074.22000	4062.06000	2070
1785197703	XAUUSD	M15	4062.08000	4066.95000	4067.49000	4059.29000	1731
1785198603	XAUUSD	M15	4065.54000	4062.07000	4066.29000	4060.49000	1858
1785199503	XAUUSD	M15	4058.08000	4065.54000	4065.59000	4057.45000	1781
1785200403	XAUUSD	M15	4058.12000	4057.98000	4060.22000	4053.81000	2422
1785201303	XAUUSD	M15	4047.54000	4058.05000	4059.12000	4046.36000	2184
1785202203	XAUUSD	M15	4048.88000	4047.45000	4050.35000	4043.51000	2099
1785203103	XAUUSD	M15	4045.26000	4048.88000	4048.89000	4042.81000	1923
1785204003	XAUUSD	M15	4046.41000	4045.21000	4047.63000	4042.50000	1922
1785204903	XAUUSD	M15	4046.22000	4046.44000	4049.04000	4045.37000	1646
1785205803	XAUUSD	M15	4044.31000	4046.24000	4047.89000	4041.49000	1936
1785206703	XAUUSD	M15	4042.07000	4044.31000	4045.50000	4040.80000	1778
1785207603	XAUUSD	M15	4045.96000	4042.07000	4047.35000	4040.37000	1673
1785208503	XAUUSD	M15	4047.81000	4045.96000	4049.35000	4045.42000	1466
1785209403	XAUUSD	M15	4048.40000	4047.81000	4051.10000	4047.38000	1592
1785210303	XAUUSD	M15	4049.53000	4048.44000	4050.81000	4048.15000	1394
1785211203	XAUUSD	M15	4044.13000	4049.53000	4049.69000	4043.58000	1481
1785212103	XAUUSD	M15	4045.64000	4044.12000	4048.02000	4043.67000	1289
1785213003	XAUUSD	M15	4047.63000	4045.64000	4047.78000	4043.96000	1167
1785213903	XAUUSD	M15	4042.14000	4047.63000	4047.86000	4041.56000	1149
1785214803	XAUUSD	M15	4042.46000	4042.19000	4044.02000	4040.01000	1514
1785215703	XAUUSD	M15	4043.39000	4042.44000	4043.70000	4040.96000	1460
1785216603	XAUUSD	M15	4041.64000	4043.16000	4045.72000	4034.81000	2251
1785217503	XAUUSD	M15	4045.12000	4041.72000	4046.51000	4039.69000	1838
1785218403	XAUUSD	M15	4044.21000	4045.41000	4047.87000	4042.95000	1836
1785219303	XAUUSD	M15	4047.63000	4044.20000	4048.95000	4043.99000	1725
1785220203	XAUUSD	M15	4049.91000	4047.81000	4052.36000	4046.95000	1714
1785221103	XAUUSD	M15	4048.45000	4049.89000	4051.48000	4048.03000	1547
1785222003	XAUUSD	M15	4048.91000	4048.38000	4051.16000	4047.47000	1518
1785222903	XAUUSD	M15	4050.08000	4048.91000	4052.42000	4048.63000	1261
1785223803	XAUUSD	M15	4049.39000	4050.10000	4051.04000	4048.56000	1265
1785224703	XAUUSD	M15	4047.37000	4049.39000	4049.75000	4046.15000	1305
1785225603	XAUUSD	M15	4044.31000	4047.13000	4055.13000	4043.09000	1861
1785226503	XAUUSD	M15	4049.42000	4044.32000	4051.21000	4044.16000	1886
1785227403	XAUUSD	M15	4043.28000	4049.55000	4049.71000	4042.00000	1607
1785228303	XAUUSD	M15	4045.56000	4043.28000	4046.22000	4041.62000	1362
1785229203	XAUUSD	M15	4041.00000	4045.56000	4046.04000	4040.73000	1252
1785230103	XAUUSD	M15	4040.31000	4041.00000	4044.19000	4039.07000	1138
1785231003	XAUUSD	M15	4033.32000	4040.31000	4040.39000	4029.69000	1495
1785231903	XAUUSD	M15	4023.61000	4033.32000	4034.30000	4019.56000	1525
1785232803	XAUUSD	M15	4024.34000	4023.59000	4026.99000	4020.66000	1610
1785233703	XAUUSD	M15	4017.62000	4024.34000	4025.97000	4017.05000	1624
1785234603	XAUUSD	M15	4022.53000	4017.62000	4023.58000	4017.24000	1613
1785235503	XAUUSD	M15	4026.55000	4022.53000	4028.57000	4022.22000	1463
1785236403	XAUUSD	M15	4024.05000	4026.46000	4028.77000	4023.23000	1790
1785237303	XAUUSD	M15	4027.64000	4024.06000	4032.36000	4024.01000	1700
1785238203	XAUUSD	M15	4027.24000	4027.62000	4031.44000	4026.44000	1600
1785239103	XAUUSD	M15	4028.19000	4027.04000	4028.37000	4024.07000	1557
1785240003	XAUUSD	M15	4027.75000	4028.67000	4028.86000	4022.97000	1801
1785240903	XAUUSD	M15	4034.39000	4027.81000	4034.85000	4026.17000	1555
1785241803	XAUUSD	M15	4033.61000	4034.39000	4034.85000	4026.24000	1909
1785242703	XAUUSD	M15	4029.53000	4033.59000	4038.08000	4028.51000	1791
1785243603	XAUUSD	M15	4032.78000	4029.55000	4035.41000	4029.48000	2138
1785244503	XAUUSD	M15	4028.93000	4032.78000	4036.01000	4028.43000	1931
1785245403	XAUUSD	M15	4025.37000	4028.90000	4032.95000	4020.37000	2587
1785246303	XAUUSD	M15	4022.11000	4025.31000	4029.06000	4021.56000	2451
1785247203	XAUUSD	M15	4025.51000	4022.13000	4033.22000	4021.95000	2528
1785248103	XAUUSD	M15	4022.22000	4025.69000	4026.69000	4011.71000	2619
1785249003	XAUUSD	M15	4022.57000	4022.19000	4025.15000	4018.74000	2402
1785249903	XAUUSD	M15	4024.52000	4022.54000	4029.64000	4021.24000	2071
1785250803	XAUUSD	M15	4033.66000	4024.52000	4036.42000	4022.23000	2399
1785251703	XAUUSD	M15	4035.43000	4033.59000	4040.74000	4031.89000	2584
1785252603	XAUUSD	M15	4041.40000	4035.50000	4042.01000	4032.36000	2238
1785253503	XAUUSD	M15	4046.08000	4041.34000	4047.13000	4041.09000	2015
1785254403	XAUUSD	M15	4044.72000	4046.11000	4046.41000	4042.15000	1811
1785255303	XAUUSD	M15	4042.27000	4044.68000	4045.88000	4042.17000	1765
1785256203	XAUUSD	M15	4040.53000	4042.24000	4043.86000	4040.37000	1669
1785257103	XAUUSD	M15	4037.59000	4040.55000	4041.02000	4036.60000	1597
1785258003	XAUUSD	M15	4037.07000	4037.59000	4041.03000	4035.54000	1728
1785258903	XAUUSD	M15	4037.58000	4037.11000	4041.59000	4035.29000	1937
1785259803	XAUUSD	M15	4028.25000	4037.60000	4037.94000	4027.68000	1622
1785260703	XAUUSD	M15	4027.82000	4028.25000	4029.48000	4025.88000	1761
1785261603	XAUUSD	M15	4028.32000	4027.96000	4030.49000	4027.08000	1863
1785262503	XAUUSD	M15	4027.16000	4028.32000	4030.04000	4025.88000	1981
1785263403	XAUUSD	M15	4024.24000	4027.15000	4027.55000	4023.06000	1820
1785264303	XAUUSD	M15	4023.07000	4024.28000	4026.15000	4021.81000	1660
1785265203	XAUUSD	M15	4024.15000	4023.07000	4025.85000	4022.46000	1642
1785266103	XAUUSD	M15	4023.47000	4024.15000	4025.21000	4022.07000	1224
1785267003	XAUUSD	M15	4026.21000	4023.70000	4027.73000	4023.21000	1490
1785267903	XAUUSD	M15	4026.41000	4026.21000	4028.03000	4025.42000	1565
1785268803	XAUUSD	M15	4023.71000	4026.42000	4026.42000	4022.66000	1104
1785269703	XAUUSD	M15	4027.29000	4023.66000	4027.76000	4023.59000	693
1785270603	XAUUSD	M15	4029.93000	4027.29000	4030.11000	4027.29000	840
1785271503	XAUUSD	M15	4028.54000	4029.87000	4030.41000	4026.52000	602
1785276003	XAUUSD	M15	4024.64000	4029.95000	4029.95000	4024.64000	400
1785276903	XAUUSD	M15	4021.00000	4024.64000	4025.18000	4017.28000	549
1785277803	XAUUSD	M15	4018.35000	4021.01000	4021.26000	4013.97000	774
1785278703	XAUUSD	M15	4018.33000	4018.35000	4019.70000	4015.45000	757
1785279603	XAUUSD	M15	4021.87000	4018.33000	4023.12000	4016.44000	994
1785280503	XAUUSD	M15	4018.55000	4021.96000	4022.05000	4015.05000	1082
1785281403	XAUUSD	M15	4022.99000	4018.55000	4023.51000	4017.44000	722
1785282303	XAUUSD	M15	4024.92000	4022.96000	4026.30000	4019.03000	1747
1785283203	XAUUSD	M15	4020.64000	4024.92000	4026.05000	4017.55000	1956
1785284103	XAUUSD	M15	4022.50000	4020.53000	4029.78000	4020.53000	1974
1785285003	XAUUSD	M15	4026.09000	4022.46000	4027.68000	4021.56000	1797
1785285903	XAUUSD	M15	4022.04000	4026.09000	4026.09000	4020.62000	1873
1785286803	XAUUSD	M15	4013.29000	4021.63000	4021.63000	4010.47000	2406
1785287703	XAUUSD	M15	4018.53000	4013.28000	4020.35000	4011.77000	2103
1785288603	XAUUSD	M15	4027.69000	4018.57000	4030.59000	4015.18000	2363
1785289503	XAUUSD	M15	4025.96000	4027.69000	4028.40000	4021.94000	2033
1785290403	XAUUSD	M15	4028.26000	4025.92000	4029.15000	4023.16000	2142
1785291303	XAUUSD	M15	4033.07000	4028.24000	4035.32000	4026.40000	1702
1785292203	XAUUSD	M15	4034.99000	4033.13000	4037.88000	4030.74000	1958
1785293103	XAUUSD	M15	4029.47000	4034.99000	4035.32000	4029.32000	1774
1785294003	XAUUSD	M15	4027.81000	4029.17000	4032.84000	4027.39000	1726
1785294903	XAUUSD	M15	4026.97000	4027.81000	4028.89000	4025.61000	1487
1785295803	XAUUSD	M15	4025.97000	4027.12000	4029.57000	4024.73000	1286
1785296703	XAUUSD	M15	4023.67000	4025.97000	4026.94000	4023.24000	1102
1785297603	XAUUSD	M15	4021.75000	4023.71000	4024.97000	4021.38000	1262
1785298503	XAUUSD	M15	4023.53000	4021.75000	4025.60000	4020.53000	1275
1785299403	XAUUSD	M15	4027.09000	4023.53000	4027.44000	4023.43000	1430
1785300303	XAUUSD	M15	4027.40000	4027.12000	4027.76000	4023.48000	1633
1785301203	XAUUSD	M15	4030.23000	4027.40000	4031.70000	4026.76000	1486
1785302103	XAUUSD	M15	4030.47000	4030.26000	4031.19000	4027.15000	1228
1785303003	XAUUSD	M15	4039.07000	4030.45000	4039.57000	4029.90000	2004
1785303903	XAUUSD	M15	4033.03000	4039.14000	4039.96000	4031.60000	1853
1785304803	XAUUSD	M15	4037.45000	4033.02000	4038.17000	4032.98000	1696
1785305703	XAUUSD	M15	4040.81000	4037.45000	4043.12000	4035.82000	1685
1785306603	XAUUSD	M15	4042.75000	4040.95000	4044.81000	4040.74000	1562
1785307503	XAUUSD	M15	4041.13000	4042.75000	4042.85000	4039.66000	1435
1785308403	XAUUSD	M15	4045.30000	4041.14000	4046.63000	4041.10000	1471
1785309303	XAUUSD	M15	4045.97000	4045.26000	4047.74000	4044.29000	1272
1785310203	XAUUSD	M15	4045.92000	4046.14000	4047.57000	4044.76000	1355
1785311103	XAUUSD	M15	4043.72000	4045.92000	4046.90000	4042.61000	1271
1785312003	XAUUSD	M15	4039.16000	4043.86000	4044.38000	4039.04000	1474
1785312903	XAUUSD	M15	4037.32000	4039.17000	4042.04000	4035.56000	1325
1785313803	XAUUSD	M15	4038.25000	4037.32000	4039.17000	4035.66000	1256
1785314703	XAUUSD	M15	4037.52000	4038.25000	4040.17000	4036.99000	1275
1785315603	XAUUSD	M15	4036.29000	4037.99000	4038.35000	4035.45000	1345
1785316503	XAUUSD	M15	4033.76000	4036.29000	4037.50000	4033.41000	1386
1785317403	XAUUSD	M15	4034.35000	4034.07000	4035.01000	4031.37000	1282
1785318303	XAUUSD	M15	4032.53000	4034.31000	4036.41000	4031.93000	1141
1785319203	XAUUSD	M15	4031.92000	4032.64000	4034.10000	4030.96000	1426
1785320103	XAUUSD	M15	4033.29000	4031.87000	4033.32000	4030.14000	1167
1785321003	XAUUSD	M15	4027.44000	4033.11000	4034.47000	4026.30000	1236
1785321903	XAUUSD	M15	4027.62000	4027.44000	4028.65000	4026.09000	1122
1785322803	XAUUSD	M15	4029.64000	4027.52000	4029.64000	4025.07000	1302
1785323703	XAUUSD	M15	4032.78000	4029.64000	4033.46000	4028.39000	1208
1785324603	XAUUSD	M15	4030.87000	4032.79000	4032.96000	4030.18000	979
1785325503	XAUUSD	M15	4032.78000	4030.89000	4036.23000	4030.43000	1256
1785326403	XAUUSD	M15	4027.02000	4032.78000	4033.43000	4026.12000	1308
1785327303	XAUUSD	M15	4013.40000	4027.12000	4027.63000	4012.77000	2329
1785328203	XAUUSD	M15	4021.03000	4013.26000	4022.60000	4009.38000	1976
1785329103	XAUUSD	M15	4022.56000	4020.86000	4023.70000	4019.00000	1705
1785330003	XAUUSD	M15	4015.67000	4022.60000	4026.36000	4015.05000	2238
1785330903	XAUUSD	M15	4014.63000	4015.67000	4023.07000	4013.77000	2110
1785331803	XAUUSD	M15	4013.59000	4014.72000	4017.87000	4010.32000	2685
1785332703	XAUUSD	M15	4007.06000	4013.23000	4015.97000	4002.57000	2629
1785333603	XAUUSD	M15	3999.13000	4007.19000	4008.67000	3996.01000	2586
1785334503	XAUUSD	M15	4005.52000	3999.32000	4010.09000	3998.94000	2552
1785335403	XAUUSD	M15	4001.28000	4005.50000	4009.26000	3998.97000	2463
1785336303	XAUUSD	M15	4004.88000	4001.28000	4005.76000	3998.35000	2476
1785337203	XAUUSD	M15	4006.88000	4004.81000	4009.77000	4003.42000	2367
1785338103	XAUUSD	M15	4010.54000	4006.92000	4011.18000	4003.75000	2332
1785339003	XAUUSD	M15	4010.51000	4010.57000	4013.56000	4007.01000	2103
1785339903	XAUUSD	M15	4009.76000	4010.42000	4013.69000	4008.29000	1858
1785340803	XAUUSD	M15	4009.48000	4009.95000	4015.58000	4007.63000	1910
1785341703	XAUUSD	M15	4016.56000	4009.51000	4017.33000	4007.83000	1836
1785342603	XAUUSD	M15	4016.98000	4016.38000	4019.04000	4014.98000	1923
1785343503	XAUUSD	M15	4027.22000	4016.98000	4032.78000	4015.15000	2180
1785344403	XAUUSD	M15	4042.08000	4027.37000	4050.46000	4027.28000	2465
1785345303	XAUUSD	M15	4039.32000	4042.10000	4050.52000	4037.46000	2487
1785346203	XAUUSD	M15	4045.77000	4039.28000	4047.27000	4036.40000	2344
1785347103	XAUUSD	M15	4044.22000	4045.73000	4048.04000	4041.43000	2002
1785348003	XAUUSD	M15	4081.07000	4044.22000	4086.08000	4042.56000	2878
1785348903	XAUUSD	M15	4067.80000	4081.07000	4083.66000	4063.84000	2675
1785349803	XAUUSD	M15	4083.37000	4067.70000	4086.76000	4052.76000	2818
1785350703	XAUUSD	M15	4107.04000	4083.49000	4109.78000	4082.10000	2858
1785351603	XAUUSD	M15	4099.70000	4106.81000	4116.28000	4090.27000	2853
1785352503	XAUUSD	M15	4083.98000	4099.64000	4104.68000	4081.04000	2792
1785353403	XAUUSD	M15	4069.38000	4084.14000	4088.43000	4065.59000	2840
1785354303	XAUUSD	M15	4044.70000	4069.41000	4072.05000	4044.35000	2812
1785355203	XAUUSD	M15	4052.13000	4044.86000	4055.97000	4042.86000	2553
1785356103	XAUUSD	M15	4055.77000	4052.12000	4057.41000	4044.01000	2079
1785357003	XAUUSD	M15	4067.14000	4055.80000	4069.09000	4054.04000	1519
1785357903	XAUUSD	M15	4066.26000	4066.99000	4070.10000	4063.47000	1494
1785362403	XAUUSD	M15	4076.38000	4065.89000	4077.78000	4064.34000	1236
1785363303	XAUUSD	M15	4074.87000	4076.50000	4077.65000	4072.39000	1095
1785364203	XAUUSD	M15	4081.27000	4074.87000	4081.30000	4072.75000	1004
1785365103	XAUUSD	M15	4088.45000	4081.27000	4090.55000	4079.78000	1092
1785366003	XAUUSD	M15	4091.55000	4088.45000	4100.24000	4088.32000	1396
1785366903	XAUUSD	M15	4093.49000	4091.56000	4095.07000	4090.45000	1099
1785367803	XAUUSD	M15	4090.10000	4093.49000	4094.52000	4089.29000	1230
1785368703	XAUUSD	M15	4084.55000	4090.26000	4093.09000	4084.40000	2219
1785369603	XAUUSD	M15	4081.43000	4084.52000	4086.63000	4079.08000	2455
1785370503	XAUUSD	M15	4075.27000	4081.36000	4083.68000	4072.87000	2416
1785371403	XAUUSD	M15	4066.16000	4075.25000	4076.90000	4065.07000	2164
1785372303	XAUUSD	M15	4072.21000	4066.12000	4072.91000	4065.01000	2116
1785373203	XAUUSD	M15	4075.61000	4072.13000	4092.91000	4070.46000	2662
1785374103	XAUUSD	M15	4081.24000	4075.89000	4084.70000	4073.38000	2550
1785375003	XAUUSD	M15	4086.83000	4081.24000	4089.79000	4080.71000	2385
1785375903	XAUUSD	M15	4084.66000	4086.82000	4090.78000	4083.86000	2146
1785376803	XAUUSD	M15	4082.57000	4084.58000	4090.42000	4082.44000	2105
1785377703	XAUUSD	M15	4082.82000	4082.63000	4083.68000	4079.96000	1888
1785378603	XAUUSD	M15	4076.91000	4082.77000	4082.89000	4073.68000	2289
1785379503	XAUUSD	M15	4063.65000	4076.87000	4077.05000	4063.52000	2130
1785380403	XAUUSD	M15	4063.06000	4063.62000	4070.19000	4060.56000	2175
1785381303	XAUUSD	M15	4054.04000	4063.09000	4064.00000	4052.51000	2278
1785382203	XAUUSD	M15	4052.49000	4053.89000	4055.95000	4050.66000	2040
1785383103	XAUUSD	M15	4058.79000	4052.49000	4059.68000	4052.43000	1952
1785384003	XAUUSD	M15	4053.46000	4058.79000	4060.12000	4053.00000	1668
1785384903	XAUUSD	M15	4054.02000	4053.42000	4055.15000	4051.07000	1442
1785385803	XAUUSD	M15	4048.66000	4054.02000	4054.02000	4047.67000	1510
1785386703	XAUUSD	M15	4045.94000	4048.58000	4051.98000	4044.43000	1732
1785387603	XAUUSD	M15	4045.88000	4045.96000	4046.08000	4041.65000	1832
1785388503	XAUUSD	M15	4046.97000	4045.88000	4047.22000	4037.72000	1937
1785389403	XAUUSD	M15	4033.43000	4046.85000	4051.21000	4028.43000	2510
1785390303	XAUUSD	M15	4033.72000	4033.37000	4038.35000	4030.17000	2167
1785391203	XAUUSD	M15	4032.30000	4033.75000	4039.46000	4031.41000	2220
1785392103	XAUUSD	M15	4033.24000	4032.48000	4039.38000	4029.29000	2156
1785393003	XAUUSD	M15	4035.76000	4033.25000	4038.30000	4031.36000	1917
1785393903	XAUUSD	M15	4036.71000	4035.84000	4040.53000	4034.12000	1633
1785394803	XAUUSD	M15	4046.69000	4036.65000	4048.00000	4035.53000	2135
1785395703	XAUUSD	M15	4045.85000	4046.91000	4051.40000	4043.00000	1953
1785396603	XAUUSD	M15	4045.77000	4045.85000	4047.16000	4036.23000	2000
1785397503	XAUUSD	M15	4038.88000	4045.77000	4046.51000	4038.18000	1813
1785398403	XAUUSD	M15	4053.11000	4038.88000	4056.20000	4036.81000	2159
1785399303	XAUUSD	M15	4064.53000	4053.12000	4068.28000	4052.13000	2105
1785400203	XAUUSD	M15	4065.89000	4064.39000	4072.86000	4062.94000	2127
1785401103	XAUUSD	M15	4061.52000	4065.84000	4070.99000	4059.52000	1857
1785402003	XAUUSD	M15	4066.08000	4061.68000	4069.02000	4060.43000	1837
1785402903	XAUUSD	M15	4067.58000	4065.96000	4072.32000	4064.49000	1868
1785403803	XAUUSD	M15	4065.55000	4067.63000	4069.13000	4060.49000	1750
1785404703	XAUUSD	M15	4063.46000	4065.57000	4073.07000	4062.40000	1662
1785405603	XAUUSD	M15	4068.42000	4063.46000	4074.69000	4063.14000	1949
1785406503	XAUUSD	M15	4076.28000	4068.43000	4077.61000	4067.71000	1894
1785407403	XAUUSD	M15	4081.20000	4076.34000	4082.65000	4075.25000	1943
1785408303	XAUUSD	M15	4078.28000	4081.15000	4083.08000	4078.01000	1711
1785409203	XAUUSD	M15	4079.87000	4078.09000	4082.79000	4077.59000	1743
1785410103	XAUUSD	M15	4077.42000	4079.70000	4081.88000	4076.63000	1642
1785411003	XAUUSD	M15	4077.52000	4077.80000	4079.48000	4076.23000	1783
1785411903	XAUUSD	M15	4077.75000	4077.52000	4080.68000	4075.65000	1712
1785412803	XAUUSD	M15	4078.79000	4077.76000	4082.51000	4074.71000	2001
1785413703	XAUUSD	M15	4076.83000	4078.77000	4081.18000	4071.60000	2007
1785414603	XAUUSD	M15	4077.26000	4076.75000	4086.56000	4071.74000	2436
1785415503	XAUUSD	M15	4068.95000	4077.26000	4079.22000	4067.22000	2440
1785416403	XAUUSD	M15	4076.67000	4068.95000	4076.73000	4065.28000	2486
1785417303	XAUUSD	M15	4080.29000	4076.65000	4084.04000	4072.12000	2210
1785418203	XAUUSD	M15	4088.79000	4080.11000	4098.44000	4074.89000	2849
1785419103	XAUUSD	M15	4112.15000	4088.82000	4112.74000	4085.56000	2806
1785420003	XAUUSD	M15	4098.46000	4112.24000	4120.23000	4093.95000	2825
1785420903	XAUUSD	M15	4096.05000	4098.29000	4100.27000	4087.24000	2683
1785421803	XAUUSD	M15	4110.50000	4096.16000	4111.38000	4094.74000	2467
1785422703	XAUUSD	M15	4100.09000	4110.77000	4112.70000	4096.61000	2533
1785423603	XAUUSD	M15	4085.72000	4100.15000	4100.18000	4083.25000	2635
1785424503	XAUUSD	M15	4095.95000	4085.71000	4097.22000	4085.02000	2576
1785425403	XAUUSD	M15	4105.45000	4095.85000	4106.95000	4092.62000	2402
1785426303	XAUUSD	M15	4108.10000	4105.41000	4110.11000	4103.54000	2178
1785427203	XAUUSD	M15	4114.14000	4107.89000	4115.95000	4107.71000	2064
1785428103	XAUUSD	M15	4115.94000	4114.14000	4119.32000	4113.62000	1854
1785429003	XAUUSD	M15	4108.58000	4116.12000	4116.32000	4108.15000	2033
1785429903	XAUUSD	M15	4110.59000	4108.52000	4110.69000	4106.73000	1690
1785430803	XAUUSD	M15	4105.00000	4110.72000	4111.19000	4104.97000	1819
1785431703	XAUUSD	M15	4101.63000	4104.97000	4108.26000	4098.53000	1746
1785432603	XAUUSD	M15	4105.97000	4101.65000	4108.10000	4099.92000	2182
1785433503	XAUUSD	M15	4102.60000	4106.03000	4108.43000	4101.21000	1792
1785434403	XAUUSD	M15	4106.42000	4102.68000	4106.74000	4102.66000	1869
1785435303	XAUUSD	M15	4103.43000	4106.42000	4106.68000	4100.72000	1644
1785436203	XAUUSD	M15	4104.82000	4103.48000	4107.67000	4102.98000	1613
1785437103	XAUUSD	M15	4099.76000	4104.82000	4105.14000	4098.81000	1627
1785438003	XAUUSD	M15	4104.60000	4099.66000	4105.56000	4098.88000	1598
1785438903	XAUUSD	M15	4112.82000	4104.60000	4114.84000	4102.94000	1706
1785439803	XAUUSD	M15	4112.24000	4112.75000	4115.32000	4111.50000	1601
1785440703	XAUUSD	M15	4111.93000	4112.24000	4112.86000	4109.27000	1562
1785441603	XAUUSD	M15	4113.88000	4111.92000	4117.45000	4110.03000	1529
1785442503	XAUUSD	M15	4111.88000	4113.86000	4114.95000	4111.60000	1156
1785443403	XAUUSD	M15	4102.77000	4112.22000	4112.31000	4102.38000	1479
1785444303	XAUUSD	M15	4103.67000	4102.77000	4103.86000	4099.10000	1060
1785448803	XAUUSD	M15	4107.01000	4103.17000	4107.96000	4102.47000	665
1785449703	XAUUSD	M15	4107.92000	4107.06000	4108.69000	4106.75000	968
1785450603	XAUUSD	M15	4110.50000	4107.88000	4110.68000	4107.11000	897
1785451503	XAUUSD	M15	4109.19000	4110.49000	4111.30000	4109.10000	697
1785452403	XAUUSD	M15	4107.31000	4109.20000	4111.80000	4106.56000	809
1785453303	XAUUSD	M15	4104.14000	4107.31000	4107.45000	4104.01000	812
1785454203	XAUUSD	M15	4106.06000	4104.14000	4107.34000	4102.19000	911
1785455103	XAUUSD	M15	4105.61000	4106.06000	4110.01000	4105.40000	1011
1785456003	XAUUSD	M15	4101.32000	4105.83000	4107.01000	4100.63000	1522
1785456903	XAUUSD	M15	4096.36000	4101.32000	4103.74000	4096.08000	1559
1785457803	XAUUSD	M15	4093.45000	4096.28000	4097.40000	4090.48000	1525
1785458703	XAUUSD	M15	4094.64000	4092.96000	4095.85000	4090.66000	1532
1785459603	XAUUSD	M15	4088.84000	4094.64000	4101.54000	4088.76000	2211
1785460503	XAUUSD	M15	4092.04000	4088.97000	4095.00000	4086.84000	1764
1785461403	XAUUSD	M15	4085.78000	4092.04000	4092.09000	4083.84000	1856
1785462303	XAUUSD	M15	4084.36000	4085.70000	4089.53000	4082.01000	1629
1785463203	XAUUSD	M15	4085.53000	4084.31000	4090.59000	4081.56000	1579
1785464103	XAUUSD	M15	4082.31000	4085.60000	4085.60000	4081.55000	1109
1785465003	XAUUSD	M15	4075.45000	4082.04000	4084.39000	4075.45000	1541
1785465903	XAUUSD	M15	4076.10000	4075.45000	4078.42000	4074.28000	1386
1785466803	XAUUSD	M15	4073.59000	4076.10000	4076.38000	4072.11000	1437
1785467703	XAUUSD	M15	4075.20000	4073.52000	4076.01000	4072.21000	1262
1785468603	XAUUSD	M15	4076.46000	4075.21000	4079.72000	4075.06000	1152
1785469503	XAUUSD	M15	4075.10000	4076.46000	4077.54000	4074.38000	957
1785470403	XAUUSD	M15	4077.00000	4075.05000	4077.08000	4073.45000	983
1785471303	XAUUSD	M15	4080.09000	4076.96000	4080.13000	4074.46000	856
1785472203	XAUUSD	M15	4079.28000	4080.10000	4081.41000	4079.26000	713
1785473103	XAUUSD	M15	4080.13000	4079.28000	4080.17000	4074.83000	791
1785474003	XAUUSD	M15	4079.96000	4080.17000	4083.29000	4079.86000	905
1785474903	XAUUSD	M15	4080.74000	4079.96000	4082.59000	4079.56000	674
1785475803	XAUUSD	M15	4076.35000	4080.74000	4081.54000	4075.89000	1557
1785476703	XAUUSD	M15	4074.38000	4076.35000	4076.53000	4073.46000	1371
1785477603	XAUUSD	M15	4082.37000	4074.31000	4082.87000	4072.92000	1497
1785478503	XAUUSD	M15	4084.86000	4082.37000	4087.57000	4081.18000	1522
1785479403	XAUUSD	M15	4078.18000	4084.89000	4085.01000	4077.24000	1784
1785480303	XAUUSD	M15	4077.74000	4078.25000	4081.67000	4076.37000	1598
1785481203	XAUUSD	M15	4077.63000	4077.70000	4079.23000	4075.52000	1393
1785482103	XAUUSD	M15	4072.72000	4077.63000	4079.10000	4072.13000	1321
1785483003	XAUUSD	M15	4072.15000	4072.73000	4073.76000	4068.22000	1318
1785483903	XAUUSD	M15	4067.64000	4072.18000	4074.37000	4067.62000	1408
1785484803	XAUUSD	M15	4062.27000	4067.69000	4067.72000	4061.06000	1632
1785485703	XAUUSD	M15	4058.61000	4062.27000	4067.32000	4058.07000	1621
1785486603	XAUUSD	M15	4059.34000	4058.74000	4061.55000	4054.33000	1597
1785487503	XAUUSD	M15	4060.91000	4059.21000	4064.50000	4057.76000	1623
1785488403	XAUUSD	M15	4056.76000	4060.74000	4063.99000	4055.28000	1815
1785489303	XAUUSD	M15	4052.25000	4056.89000	4057.45000	4051.34000	1524
1785490203	XAUUSD	M15	4053.13000	4052.14000	4054.62000	4050.37000	1399
1785491103	XAUUSD	M15	4055.12000	4053.13000	4057.12000	4052.39000	1180
1785492003	XAUUSD	M15	4055.78000	4055.15000	4058.29000	4053.28000	1275
1785492903	XAUUSD	M15	4053.19000	4055.89000	4055.97000	4051.97000	1034
1785493803	XAUUSD	M15	4054.71000	4053.19000	4056.52000	4052.91000	1166
1785494703	XAUUSD	M15	4054.52000	4054.71000	4057.11000	4053.76000	1145
1785495603	XAUUSD	M15	4057.02000	4054.51000	4059.38000	4052.11000	1315
1785496503	XAUUSD	M15	4058.76000	4057.01000	4061.03000	4054.24000	1561
1785497403	XAUUSD	M15	4052.15000	4058.78000	4058.78000	4050.79000	1464
1785498303	XAUUSD	M15	4053.62000	4052.15000	4055.34000	4051.36000	1204
1785499203	XAUUSD	M15	4059.19000	4053.83000	4059.29000	4052.55000	1495
1785500103	XAUUSD	M15	4047.03000	4059.19000	4059.34000	4047.01000	1542
1785501003	XAUUSD	M15	4044.66000	4047.26000	4051.56000	4042.55000	1982
1785501903	XAUUSD	M15	4040.69000	4044.70000	4046.40000	4040.52000	1815
1785502803	XAUUSD	M15	4036.28000	4040.59000	4042.66000	4034.67000	2252
1785503703	XAUUSD	M15	4042.57000	4036.23000	4046.76000	4035.69000	2182
1785504603	XAUUSD	M15	4025.13000	4042.45000	4043.82000	4022.68000	2728
1785505503	XAUUSD	M15	4025.26000	4025.06000	4032.29000	4022.14000	2641
1785506403	XAUUSD	M15	4032.06000	4024.94000	4032.41000	4021.04000	2680
1785507303	XAUUSD	M15	4038.84000	4031.87000	4040.20000	4029.87000	2604
1785508203	XAUUSD	M15	4041.47000	4038.99000	4043.09000	4036.67000	2363
1785509103	XAUUSD	M15	4049.11000	4041.47000	4050.18000	4041.08000	2385
1785510003	XAUUSD	M15	4046.96000	4049.38000	4050.68000	4042.76000	2417
1785510903	XAUUSD	M15	4041.09000	4046.97000	4052.51000	4040.18000	2377
1785511803	XAUUSD	M15	4042.20000	4041.07000	4043.63000	4036.68000	2251
1785512703	XAUUSD	M15	4045.51000	4042.20000	4046.75000	4039.95000	2202
1785513603	XAUUSD	M15	4046.31000	4045.53000	4046.92000	4041.27000	1984
1785514503	XAUUSD	M15	4047.42000	4046.34000	4048.35000	4043.27000	1984
1785515403	XAUUSD	M15	4042.51000	4047.54000	4049.85000	4041.22000	1771
1785516303	XAUUSD	M15	4043.40000	4042.51000	4045.10000	4042.21000	1561
1785517203	XAUUSD	M15	4045.57000	4043.31000	4046.38000	4041.54000	1522
1785518103	XAUUSD	M15	4050.43000	4045.56000	4053.36000	4044.82000	1784
1785519003	XAUUSD	M15	4051.93000	4050.41000	4053.11000	4047.75000	1969
1785519903	XAUUSD	M15	4053.76000	4051.93000	4054.68000	4050.25000	1906
1785520803	XAUUSD	M15	4048.07000	4053.63000	4055.15000	4047.20000	1826
1785521703	XAUUSD	M15	4051.03000	4048.14000	4051.68000	4047.69000	1542
1785522603	XAUUSD	M15	4049.49000	4051.03000	4051.73000	4047.98000	1254
1785523503	XAUUSD	M15	4050.74000	4049.46000	4051.60000	4048.16000	1231
1785524403	XAUUSD	M15	4048.01000	4050.74000	4052.91000	4046.96000	1170
1785525303	XAUUSD	M15	4050.53000	4048.01000	4050.55000	4047.10000	1193
1785526203	XAUUSD	M15	4054.10000	4050.53000	4054.62000	4048.93000	1261
1785527103	XAUUSD	M15	4051.03000	4053.90000	4055.54000	4050.12000	1984
1785528003	XAUUSD	M15	4047.55000	4050.81000	4051.71000	4045.16000	1407
1785528903	XAUUSD	M15	4048.08000	4047.73000	4048.85000	4046.39000	1136
1785529803	XAUUSD	M15	4051.27000	4047.62000	4053.07000	4047.19000	1054
1785530703	XAUUSD	M15	4044.10000	4051.33000	4052.39000	4042.82000	1523
1785708003	XAUUSD	M15	4076.46000	4075.33000	4082.75000	4068.69000	1465
1785708903	XAUUSD	M15	4065.95000	4076.46000	4077.25000	4063.93000	1506
1785709803	XAUUSD	M15	4066.93000	4065.95000	4068.35000	4064.17000	1200
1785710703	XAUUSD	M15	4063.69000	4066.86000	4067.22000	4063.46000	854
1785711603	XAUUSD	M15	4066.60000	4063.79000	4066.94000	4063.21000	921
1785712503	XAUUSD	M15	4072.18000	4066.60000	4072.75000	4066.28000	999
1785713403	XAUUSD	M15	4069.66000	4072.18000	4072.43000	4068.03000	749
1785714303	XAUUSD	M15	4074.91000	4069.66000	4074.94000	4068.28000	1421
1785715203	XAUUSD	M15	4072.03000	4074.94000	4079.18000	4070.05000	1976
1785716103	XAUUSD	M15	4064.35000	4071.94000	4072.88000	4061.41000	1873
1785717003	XAUUSD	M15	4058.32000	4064.32000	4069.96000	4057.03000	2073
1785717903	XAUUSD	M15	4057.17000	4058.29000	4060.62000	4055.76000	1943
1785718803	XAUUSD	M15	4052.32000	4057.17000	4063.33000	4051.53000	2458
1785719703	XAUUSD	M15	4052.78000	4052.30000	4055.13000	4047.37000	1965
1785720603	XAUUSD	M15	4051.32000	4052.75000	4057.06000	4047.54000	2009
1785721503	XAUUSD	M15	4056.74000	4051.25000	4057.44000	4050.01000	1706
1785722403	XAUUSD	M15	4055.72000	4056.86000	4060.91000	4053.37000	1689
1785723303	XAUUSD	M15	4058.17000	4055.72000	4060.82000	4052.23000	1316
1785724203	XAUUSD	M15	4059.79000	4058.23000	4060.77000	4052.39000	1819
1785725103	XAUUSD	M15	4062.53000	4059.79000	4066.79000	4058.62000	1689
1785726003	XAUUSD	M15	4064.49000	4062.54000	4065.70000	4061.06000	1581
1785726903	XAUUSD	M15	4063.89000	4064.49000	4068.00000	4061.58000	1564
1785727803	XAUUSD	M15	4060.71000	4063.73000	4064.86000	4060.69000	1183
1785728703	XAUUSD	M15	4064.96000	4060.69000	4066.85000	4059.40000	1095
1785729603	XAUUSD	M15	4066.54000	4064.88000	4068.26000	4064.20000	942
1785730503	XAUUSD	M15	4068.18000	4066.54000	4070.98000	4066.02000	841
1785731403	XAUUSD	M15	4070.41000	4068.25000	4071.21000	4068.17000	1054
1785732303	XAUUSD	M15	4063.82000	4070.47000	4071.92000	4063.82000	1032
1785733203	XAUUSD	M15	4057.51000	4063.84000	4065.37000	4056.71000	1408
1785734103	XAUUSD	M15	4060.27000	4057.51000	4062.84000	4054.17000	1068
1785735003	XAUUSD	M15	4063.39000	4060.27000	4064.66000	4055.11000	1779
1785735903	XAUUSD	M15	4069.05000	4063.39000	4069.92000	4058.92000	1443
1785736803	XAUUSD	M15	4066.12000	4068.89000	4071.11000	4066.12000	1554
1785737703	XAUUSD	M15	4068.53000	4066.12000	4071.87000	4065.41000	1633
1785738603	XAUUSD	M15	4065.60000	4068.58000	4068.95000	4060.37000	1550
1785739503	XAUUSD	M15	4063.91000	4065.60000	4067.06000	4062.76000	1295
1785740403	XAUUSD	M15	4061.60000	4063.99000	4065.31000	4059.65000	1659
1785741303	XAUUSD	M15	4058.17000	4061.45000	4062.01000	4052.05000	1755
1785742203	XAUUSD	M15	4059.77000	4058.17000	4061.26000	4056.71000	1430
1785743103	XAUUSD	M15	4061.19000	4059.80000	4063.22000	4058.37000	1323
1785744003	XAUUSD	M15	4061.71000	4061.00000	4062.14000	4058.29000	1452
1785744903	XAUUSD	M15	4055.94000	4061.71000	4062.42000	4054.20000	1424
1785745803	XAUUSD	M15	4058.44000	4055.96000	4060.68000	4054.85000	1365
1785746703	XAUUSD	M15	4059.58000	4058.44000	4060.88000	4057.68000	1250
1785747603	XAUUSD	M15	4061.40000	4059.58000	4062.08000	4057.33000	1185
1785748503	XAUUSD	M15	4052.62000	4061.37000	4061.40000	4052.05000	1354
1785749403	XAUUSD	M15	4053.49000	4052.57000	4054.76000	4046.63000	1589
1785750303	XAUUSD	M15	4055.25000	4053.39000	4058.06000	4053.39000	1314
1785751203	XAUUSD	M15	4056.26000	4055.36000	4057.06000	4053.10000	1228
1785752103	XAUUSD	M15	4053.53000	4056.26000	4056.94000	4051.94000	1315
1785753003	XAUUSD	M15	4049.28000	4053.58000	4053.76000	4048.64000	1255
1785753903	XAUUSD	M15	4049.40000	4049.28000	4050.74000	4046.10000	1081
1785754803	XAUUSD	M15	4049.85000	4049.34000	4052.95000	4047.95000	1501
1785755703	XAUUSD	M15	4048.39000	4049.83000	4049.97000	4045.53000	1324
1785756603	XAUUSD	M15	4053.54000	4048.48000	4055.01000	4048.01000	1203
1785757503	XAUUSD	M15	4062.64000	4053.59000	4063.14000	4052.62000	1567
1785758403	XAUUSD	M15	4055.91000	4062.54000	4064.63000	4054.68000	1623
1785759303	XAUUSD	M15	4050.89000	4055.91000	4056.50000	4048.64000	1653
1785760203	XAUUSD	M15	4045.00000	4051.00000	4052.98000	4042.31000	1627
1785761103	XAUUSD	M15	4047.73000	4045.04000	4048.94000	4043.48000	1578
1785762003	XAUUSD	M15	4038.93000	4047.78000	4053.56000	4038.93000	2416
1785762903	XAUUSD	M15	4034.33000	4038.92000	4040.47000	4031.50000	2155
1785763803	XAUUSD	M15	4032.12000	4034.06000	4035.38000	4019.20000	2681
1785764703	XAUUSD	M15	4032.22000	4032.16000	4035.40000	4028.22000	2333
1785765603	XAUUSD	M15	4033.32000	4032.20000	4036.12000	4026.63000	2326
1785766503	XAUUSD	M15	4032.54000	4033.19000	4035.90000	4029.88000	2111
1785767403	XAUUSD	M15	4036.31000	4032.50000	4038.06000	4031.93000	1940
1785768303	XAUUSD	M15	4036.28000	4036.30000	4039.16000	4033.71000	1870
1785769203	XAUUSD	M15	4033.33000	4036.28000	4037.12000	4030.44000	2041
1785770103	XAUUSD	M15	4032.73000	4033.40000	4038.29000	4030.58000	1898
1785771003	XAUUSD	M15	4036.82000	4032.87000	4038.81000	4030.88000	1840
1785771903	XAUUSD	M15	4036.25000	4036.96000	4040.99000	4035.40000	1625
1785772803	XAUUSD	M15	4036.48000	4036.04000	4037.70000	4034.71000	1456
1785773703	XAUUSD	M15	4036.92000	4036.52000	4038.40000	4034.91000	1428
1785774603	XAUUSD	M15	4038.60000	4036.91000	4039.20000	4035.51000	1395
1785775503	XAUUSD	M15	4036.82000	4038.58000	4038.71000	4035.60000	1298
1785776403	XAUUSD	M15	4034.38000	4036.86000	4037.57000	4033.37000	1348
1785777303	XAUUSD	M15	4034.35000	4034.38000	4037.74000	4033.90000	1564
1785778203	XAUUSD	M15	4036.00000	4034.47000	4036.82000	4034.14000	1121
1785779103	XAUUSD	M15	4030.55000	4036.00000	4036.33000	4030.33000	1156
1785780003	XAUUSD	M15	4035.09000	4030.63000	4038.50000	4029.71000	1333
1785780903	XAUUSD	M15	4037.88000	4035.11000	4039.01000	4034.97000	1343
1785781803	XAUUSD	M15	4041.35000	4037.88000	4041.35000	4036.42000	1208
1785782703	XAUUSD	M15	4043.50000	4041.40000	4045.01000	4040.40000	1359
1785783603	XAUUSD	M15	4046.24000	4043.51000	4049.49000	4043.51000	1529
1785784503	XAUUSD	M15	4052.96000	4046.28000	4054.31000	4046.28000	1521
1785785403	XAUUSD	M15	4053.96000	4052.96000	4055.76000	4051.97000	1298
1785786303	XAUUSD	M15	4051.92000	4053.96000	4055.48000	4051.59000	1328
1785787203	XAUUSD	M15	4052.60000	4052.04000	4052.96000	4050.18000	730
1785788103	XAUUSD	M15	4054.27000	4052.60000	4055.90000	4051.51000	604
1785789003	XAUUSD	M15	4056.14000	4054.32000	4058.16000	4053.92000	562
1785789903	XAUUSD	M15	4055.21000	4056.14000	4057.13000	4054.44000	540
1785794403	XAUUSD	M15	4051.47000	4054.09000	4054.60000	4048.99000	480
1785795303	XAUUSD	M15	4052.12000	4051.47000	4052.69000	4050.64000	447
1785796203	XAUUSD	M15	4052.63000	4052.04000	4053.51000	4051.70000	479
1785797103	XAUUSD	M15	4052.84000	4052.90000	4053.60000	4051.24000	512
1785798003	XAUUSD	M15	4051.47000	4052.83000	4055.05000	4050.18000	647
1785798903	XAUUSD	M15	4051.80000	4051.47000	4054.71000	4050.69000	601
1785799803	XAUUSD	M15	4052.52000	4051.81000	4052.91000	4051.26000	429
1785800703	XAUUSD	M15	4054.01000	4052.47000	4054.05000	4051.36000	751
1785801603	XAUUSD	M15	4063.56000	4054.00000	4069.27000	4053.26000	1716
1785802503	XAUUSD	M15	4059.00000	4063.53000	4064.38000	4058.13000	1189
1785803403	XAUUSD	M15	4056.37000	4059.01000	4060.77000	4055.66000	1138
1785804303	XAUUSD	M15	4049.56000	4056.37000	4057.85000	4048.90000	1387
1785805203	XAUUSD	M15	4046.83000	4049.41000	4050.81000	4042.75000	2016
1785806103	XAUUSD	M15	4049.22000	4046.87000	4052.46000	4046.86000	1482
1785807003	XAUUSD	M15	4059.07000	4049.22000	4060.16000	4048.34000	1915
1785807903	XAUUSD	M15	4058.78000	4059.07000	4061.70000	4056.67000	1717
1785808803	XAUUSD	M15	4058.37000	4058.90000	4061.26000	4055.89000	1675
1785809703	XAUUSD	M15	4056.74000	4058.37000	4059.81000	4055.91000	1237
1785810603	XAUUSD	M15	4061.83000	4056.89000	4065.23000	4055.69000	1571
1785811503	XAUUSD	M15	4059.06000	4061.83000	4062.47000	4058.23000	1330
1785812403	XAUUSD	M15	4058.25000	4058.92000	4060.80000	4056.58000	1346
1785813303	XAUUSD	M15	4057.78000	4058.28000	4061.72000	4057.78000	1287
1785814203	XAUUSD	M15	4052.88000	4057.74000	4058.92000	4052.68000	1143
1785815103	XAUUSD	M15	4052.43000	4052.88000	4055.56000	4052.16000	842
1785816003	XAUUSD	M15	4056.87000	4052.43000	4056.94000	4051.18000	856
1785816903	XAUUSD	M15	4061.39000	4056.87000	4061.58000	4056.05000	1054
1785817803	XAUUSD	M15	4062.71000	4061.39000	4064.22000	4060.57000	873
1785818703	XAUUSD	M15	4063.73000	4062.71000	4066.31000	4062.47000	883
1785819603	XAUUSD	M15	4057.93000	4063.99000	4064.53000	4057.24000	979
1785820503	XAUUSD	M15	4063.21000	4057.93000	4063.96000	4057.38000	868
1785821403	XAUUSD	M15	4062.81000	4063.33000	4067.68000	4059.39000	1657
1785822303	XAUUSD	M15	4061.87000	4063.01000	4064.50000	4058.73000	1387
1785823203	XAUUSD	M15	4064.40000	4061.95000	4066.17000	4061.87000	1527
1785824103	XAUUSD	M15	4059.95000	4064.08000	4064.84000	4059.63000	1329
1785825003	XAUUSD	M15	4060.04000	4059.95000	4060.09000	4055.80000	1286
1785825903	XAUUSD	M15	4063.45000	4060.09000	4063.69000	4058.99000	1292
1785826803	XAUUSD	M15	4060.95000	4063.49000	4065.85000	4060.72000	1349
1785827703	XAUUSD	M15	4062.92000	4060.95000	4065.61000	4060.88000	1272
1785828603	XAUUSD	M15	4062.96000	4062.95000	4066.68000	4061.44000	1209
1785829503	XAUUSD	M15	4065.56000	4062.96000	4066.15000	4062.33000	901
1785830403	XAUUSD	M15	4068.11000	4065.62000	4072.83000	4064.74000	1605
1785831303	XAUUSD	M15	4063.49000	4068.15000	4068.72000	4060.37000	1229
1785832203	XAUUSD	M15	4059.51000	4063.41000	4064.54000	4058.43000	1427
1785833103	XAUUSD	M15	4055.00000	4059.51000	4059.62000	4054.65000	1260
1785834003	XAUUSD	M15	4050.73000	4055.05000	4055.30000	4048.53000	1399
1785834903	XAUUSD	M15	4050.37000	4050.64000	4052.19000	4048.72000	1302
1785835803	XAUUSD	M15	4050.31000	4050.35000	4051.36000	4046.02000	1185
1785836703	XAUUSD	M15	4049.85000	4050.31000	4051.01000	4047.38000	1050
1785837603	XAUUSD	M15	4049.04000	4049.87000	4049.93000	4046.98000	1035
1785838503	XAUUSD	M15	4048.99000	4049.04000	4049.95000	4045.53000	855
1785839403	XAUUSD	M15	4052.71000	4049.10000	4054.09000	4046.50000	1043
1785840303	XAUUSD	M15	4053.87000	4052.82000	4060.71000	4052.64000	2143
1785841203	XAUUSD	M15	4056.59000	4053.90000	4058.77000	4052.33000	1625
1785842103	XAUUSD	M15	4060.74000	4056.63000	4060.99000	4055.44000	1304
1785843003	XAUUSD	M15	4069.50000	4060.91000	4070.39000	4059.85000	1687
1785843903	XAUUSD	M15	4074.91000	4069.58000	4084.30000	4067.01000	2554
1785844803	XAUUSD	M15	4062.16000	4074.94000	4075.75000	4061.02000	2134
1785845703	XAUUSD	M15	4068.07000	4062.10000	4070.31000	4061.22000	1697
1785846603	XAUUSD	M15	4077.98000	4068.09000	4084.51000	4068.09000	2128
1785847503	XAUUSD	M15	4070.93000	4078.05000	4079.29000	4069.65000	1802
1785848403	XAUUSD	M15	4063.98000	4071.27000	4071.66000	4061.47000	2126
1785849303	XAUUSD	M15	4078.56000	4063.83000	4091.32000	4062.61000	2318
1785850203	XAUUSD	M15	4083.54000	4078.60000	4091.53000	4076.02000	2706
1785851103	XAUUSD	M15	4084.29000	4083.52000	4093.68000	4081.77000	2348
1785852003	XAUUSD	M15	4090.14000	4084.08000	4091.44000	4083.23000	2274
1785852903	XAUUSD	M15	4083.91000	4090.15000	4091.84000	4080.78000	2292
1785853803	XAUUSD	M15	4079.78000	4083.94000	4086.61000	4074.51000	2393
1785854703	XAUUSD	M15	4083.48000	4080.08000	4084.81000	4077.87000	2049
1785855603	XAUUSD	M15	4083.99000	4083.48000	4085.49000	4079.76000	1824
1785856503	XAUUSD	M15	4078.40000	4083.99000	4084.25000	4074.88000	2051
1785857403	XAUUSD	M15	4083.88000	4078.46000	4087.19000	4076.62000	2081
1785858303	XAUUSD	M15	4087.18000	4083.92000	4088.82000	4082.82000	1803
1785859203	XAUUSD	M15	4085.19000	4087.29000	4088.48000	4084.34000	1743
1785860103	XAUUSD	M15	4087.59000	4085.19000	4089.85000	4083.03000	1680
1785861003	XAUUSD	M15	4089.04000	4087.60000	4089.29000	4084.92000	1397
1785861903	XAUUSD	M15	4093.40000	4089.03000	4093.64000	4088.63000	1356
1785862803	XAUUSD	M15	4099.96000	4093.26000	4106.38000	4092.48000	2006
1785863703	XAUUSD	M15	4094.81000	4100.06000	4101.17000	4094.40000	1816
1785864603	XAUUSD	M15	4095.48000	4094.75000	4096.25000	4091.72000	1358
1785865503	XAUUSD	M15	4086.21000	4095.49000	4096.55000	4086.21000	1564
1785866403	XAUUSD	M15	4088.77000	4086.18000	4089.00000	4085.07000	1635
1785867303	XAUUSD	M15	4084.73000	4088.77000	4088.82000	4084.44000	1436
1785868203	XAUUSD	M15	4076.63000	4084.65000	4085.87000	4076.30000	1565
1785869103	XAUUSD	M15	4079.92000	4076.63000	4081.24000	4075.20000	1363
1785870003	XAUUSD	M15	4081.67000	4079.92000	4084.22000	4078.79000	1195
1785870903	XAUUSD	M15	4080.30000	4081.67000	4084.85000	4079.43000	1372
1785871803	XAUUSD	M15	4081.45000	4080.29000	4082.58000	4078.89000	1236
1785872703	XAUUSD	M15	4078.51000	4081.41000	4082.28000	4076.40000	1462
1785873603	XAUUSD	M15	4079.11000	4078.58000	4080.29000	4078.35000	915
1785874503	XAUUSD	M15	4075.41000	4078.62000	4078.85000	4074.70000	911
1785875403	XAUUSD	M15	4077.54000	4075.41000	4078.57000	4075.27000	665
1785876303	XAUUSD	M15	4077.40000	4077.66000	4078.26000	4076.14000	615
1785880803	XAUUSD	M15	4077.04000	4078.49000	4078.84000	4076.32000	459
1785881703	XAUUSD	M15	4079.80000	4076.95000	4079.89000	4075.78000	912
1785882603	XAUUSD	M15	4084.00000	4079.88000	4085.82000	4079.31000	966
1785883503	XAUUSD	M15	4075.79000	4084.00000	4084.55000	4075.79000	1092
1785884403	XAUUSD	M15	4073.63000	4075.84000	4077.15000	4068.84000	1397
1785885303	XAUUSD	M15	4067.22000	4073.63000	4074.81000	4065.50000	1084
1785886203	XAUUSD	M15	4069.38000	4067.22000	4070.15000	4065.97000	775
1785887103	XAUUSD	M15	4072.51000	4069.38000	4073.59000	4069.21000	1182
1785888003	XAUUSD	M15	4071.85000	4072.49000	4074.15000	4070.55000	1421
1785888903	XAUUSD	M15	4078.61000	4071.86000	4079.00000	4071.44000	1337
1785889803	XAUUSD	M15	4078.24000	4078.59000	4083.01000	4078.04000	1205
1785890703	XAUUSD	M15	4082.43000	4078.24000	4083.47000	4077.89000	1504
1785891603	XAUUSD	M15	4085.83000	4082.43000	4086.92000	4077.65000	2138
1785892503	XAUUSD	M15	4084.65000	4085.88000	4088.63000	4082.72000	1989
1785893403	XAUUSD	M15	4093.01000	4084.59000	4093.02000	4080.14000	1817
1785894303	XAUUSD	M15	4101.58000	4093.03000	4102.62000	4092.78000	1881
1785895203	XAUUSD	M15	4099.78000	4101.41000	4102.87000	4096.41000	1776
1785896103	XAUUSD	M15	4103.59000	4099.79000	4108.44000	4095.51000	1607
1785897003	XAUUSD	M15	4128.35000	4103.59000	4128.72000	4101.48000	2482
1785897903	XAUUSD	M15	4129.15000	4128.21000	4135.44000	4124.54000	2322
1785898803	XAUUSD	M15	4135.89000	4129.15000	4136.07000	4127.01000	1932
1785899703	XAUUSD	M15	4130.40000	4135.89000	4136.55000	4129.92000	1705
1785900603	XAUUSD	M15	4128.71000	4130.52000	4130.80000	4127.54000	1296
1785901503	XAUUSD	M15	4128.31000	4128.71000	4130.30000	4127.51000	1050
1785902403	XAUUSD	M15	4138.61000	4128.27000	4141.42000	4128.27000	1531
1785903303	XAUUSD	M15	4138.59000	4138.62000	4141.04000	4137.86000	1155
1785904203	XAUUSD	M15	4134.63000	4138.60000	4138.80000	4133.39000	1046
1785905103	XAUUSD	M15	4135.53000	4134.63000	4135.94000	4132.59000	944
1785906003	XAUUSD	M15	4137.30000	4135.53000	4138.21000	4134.75000	1245
1785906903	XAUUSD	M15	4139.62000	4137.29000	4142.14000	4135.54000	1227
1785907803	XAUUSD	M15	4156.55000	4139.57000	4158.88000	4139.57000	2329
1785908703	XAUUSD	M15	4161.50000	4156.60000	4172.88000	4156.47000	2377
1785909603	XAUUSD	M15	4173.24000	4161.50000	4174.35000	4160.30000	1957
1785910503	XAUUSD	M15	4168.89000	4173.30000	4173.48000	4161.11000	1844
1785911403	XAUUSD	M15	4175.64000	4168.77000	4178.23000	4167.01000	1903
1785912303	XAUUSD	M15	4177.57000	4175.68000	4178.41000	4172.48000	1677
1785913203	XAUUSD	M15	4166.19000	4177.84000	4179.57000	4166.16000	1876
1785914103	XAUUSD	M15	4164.33000	4166.19000	4169.30000	4163.27000	1748
1785915003	XAUUSD	M15	4166.64000	4164.37000	4166.71000	4162.25000	1486
1785915903	XAUUSD	M15	4170.82000	4166.63000	4171.97000	4164.19000	1472
1785916803	XAUUSD	M15	4165.55000	4170.83000	4172.52000	4164.91000	1597
1785917703	XAUUSD	M15	4164.57000	4165.55000	4168.13000	4162.23000	1538
1785918603	XAUUSD	M15	4166.17000	4164.55000	4167.26000	4161.47000	1634
1785919503	XAUUSD	M15	4160.53000	4166.24000	4166.27000	4159.15000	1656
1785920403	XAUUSD	M15	4162.90000	4160.53000	4167.15000	4160.53000	1645
1785921303	XAUUSD	M15	4157.65000	4162.91000	4162.91000	4155.27000	1408
1785922203	XAUUSD	M15	4158.15000	4157.59000	4159.18000	4154.50000	1532
1785923103	XAUUSD	M15	4157.93000	4158.15000	4159.16000	4153.10000	1257
1785924003	XAUUSD	M15	4151.09000	4157.94000	4157.94000	4150.38000	1233
1785924903	XAUUSD	M15	4156.88000	4151.13000	4158.59000	4150.21000	1234
1785925803	XAUUSD	M15	4155.11000	4156.68000	4157.82000	4153.93000	1039
1785926703	XAUUSD	M15	4161.52000	4155.11000	4161.57000	4153.93000	1287
1785927603	XAUUSD	M15	4170.88000	4161.42000	4170.92000	4160.88000	1467
1785928503	XAUUSD	M15	4175.98000	4170.81000	4180.68000	4169.41000	1628
1785929403	XAUUSD	M15	4184.96000	4176.11000	4188.64000	4174.05000	2112
1785930303	XAUUSD	M15	4188.79000	4184.99000	4192.59000	4183.07000	1792
1785931203	XAUUSD	M15	4197.54000	4188.80000	4199.82000	4188.80000	2083
1785932103	XAUUSD	M15	4205.27000	4197.57000	4213.33000	4197.57000	2304
1785933003	XAUUSD	M15	4194.78000	4205.18000	4209.01000	4192.93000	2186
1785933903	XAUUSD	M15	4183.90000	4194.83000	4195.60000	4183.11000	2109
1785934803	XAUUSD	M15	4187.86000	4183.88000	4196.97000	4183.88000	2361
1785935703	XAUUSD	M15	4197.09000	4187.93000	4198.00000	4185.69000	2119
1785936603	XAUUSD	M15	4197.54000	4197.04000	4204.49000	4192.54000	2611
1785937503	XAUUSD	M15	4206.10000	4197.56000	4206.76000	4189.80000	2446
1785938403	XAUUSD	M15	4229.62000	4206.30000	4234.83000	4203.60000	2771
1785939303	XAUUSD	M15	4237.05000	4229.62000	4240.41000	4226.66000	2740
1785940203	XAUUSD	M15	4243.19000	4236.83000	4243.36000	4228.86000	2648
1785941103	XAUUSD	M15	4244.28000	4243.15000	4247.60000	4233.44000	2654
1785942003	XAUUSD	M15	4257.95000	4244.21000	4260.68000	4242.79000	2628
1785942903	XAUUSD	M15	4257.34000	4257.95000	4265.07000	4250.14000	2479
1785943803	XAUUSD	M15	4255.90000	4257.35000	4259.73000	4252.67000	2211
1785944703	XAUUSD	M15	4232.87000	4255.90000	4255.90000	4232.33000	2487
1785945603	XAUUSD	M15	4234.33000	4232.84000	4236.34000	4224.86000	2472
1785946503	XAUUSD	M15	4241.45000	4234.33000	4241.69000	4232.69000	2171
1785947403	XAUUSD	M15	4244.60000	4241.50000	4246.95000	4239.03000	2020
1785948303	XAUUSD	M15	4242.39000	4244.90000	4247.38000	4238.35000	1997
1785949203	XAUUSD	M15	4242.06000	4242.47000	4244.36000	4239.44000	1890
1785950103	XAUUSD	M15	4244.70000	4241.96000	4246.43000	4236.86000	2060
1785951003	XAUUSD	M15	4248.16000	4244.67000	4250.77000	4241.01000	1969
1785951903	XAUUSD	M15	4250.27000	4248.16000	4252.40000	4247.49000	1631
1785952803	XAUUSD	M15	4253.11000	4250.28000	4257.50000	4249.30000	1782
1785953703	XAUUSD	M15	4262.90000	4253.11000	4267.68000	4252.88000	1861
1785954603	XAUUSD	M15	4259.34000	4262.89000	4263.57000	4254.56000	1678
1785955503	XAUUSD	M15	4260.96000	4259.34000	4263.68000	4258.07000	1545
1785956403	XAUUSD	M15	4258.10000	4260.81000	4262.20000	4256.09000	1659
1785957303	XAUUSD	M15	4252.87000	4258.14000	4258.25000	4250.58000	1719
1785958203	XAUUSD	M15	4253.18000	4252.94000	4253.93000	4248.43000	1837
1785959103	XAUUSD	M15	4247.64000	4253.09000	4253.42000	4246.26000	1868
1785960003	XAUUSD	M15	4249.10000	4247.05000	4249.56000	4246.71000	1038
1785960903	XAUUSD	M15	4246.17000	4249.10000	4249.60000	4245.50000	743
1785961803	XAUUSD	M15	4245.42000	4246.17000	4249.47000	4245.09000	558
1785962703	XAUUSD	M15	4247.08000	4245.42000	4247.08000	4243.12000	707
1785967203	XAUUSD	M15	4247.51000	4248.16000	4254.09000	4245.58000	832
1785968103	XAUUSD	M15	4248.09000	4247.49000	4248.71000	4246.82000	627
1785969003	XAUUSD	M15	4248.27000	4248.09000	4250.34000	4247.61000	739
1785969903	XAUUSD	M15	4250.04000	4248.27000	4250.26000	4247.83000	584
1785970803	XAUUSD	M15	4256.27000	4250.20000	4258.41000	4249.12000	809
1785971703	XAUUSD	M15	4263.50000	4256.27000	4264.21000	4256.04000	992
1785972603	XAUUSD	M15	4280.78000	4263.50000	4282.05000	4261.23000	1593
1785973503	XAUUSD	M15	4278.28000	4280.78000	4280.78000	4272.21000	1524
1785974403	XAUUSD	M15	4270.42000	4278.08000	4278.08000	4264.55000	2057
1785975303	XAUUSD	M15	4274.07000	4270.55000	4284.75000	4270.55000	2025
1785976203	XAUUSD	M15	4286.41000	4274.07000	4291.03000	4273.97000	2011
1785977103	XAUUSD	M15	4294.87000	4286.50000	4300.19000	4286.00000	2013
1785978003	XAUUSD	M15	4284.55000	4294.85000	4302.75000	4280.06000	2686
1785978903	XAUUSD	M15	4276.24000	4284.58000	4287.78000	4272.96000	2442
1785979803	XAUUSD	M15	4287.29000	4276.18000	4297.28000	4275.92000	2405
1785980703	XAUUSD	M15	4286.70000	4287.43000	4297.10000	4283.52000	2284
1785981603	XAUUSD	M15	4295.05000	4286.65000	4303.98000	4283.45000	2197
1785982503	XAUUSD	M15	4292.21000	4295.05000	4300.01000	4291.98000	1559
1785983403	XAUUSD	M15	4285.88000	4292.24000	4292.26000	4281.14000	2113
1785984303	XAUUSD	M15	4278.62000	4285.89000	4287.05000	4275.04000	1960
1785985203	XAUUSD	M15	4274.16000	4278.57000	4280.81000	4273.90000	1915
1785986103	XAUUSD	M15	4266.16000	4274.02000	4274.02000	4260.81000	2098
1785987003	XAUUSD	M15	4262.97000	4266.20000	4266.68000	4261.74000	1386
1785987903	XAUUSD	M15	4265.64000	4262.94000	4265.78000	4260.50000	1318
1785988803	XAUUSD	M15	4263.27000	4265.69000	4267.18000	4262.25000	1369
1785989703	XAUUSD	M15	4255.27000	4263.29000	4263.89000	4252.85000	1432
1785990603	XAUUSD	M15	4259.16000	4255.43000	4261.23000	4255.43000	1306
1785991503	XAUUSD	M15	4262.20000	4259.23000	4262.89000	4258.47000	1174
1785992403	XAUUSD	M15	4259.46000	4262.02000	4265.37000	4256.54000	1555
1785993303	XAUUSD	M15	4253.92000	4259.39000	4259.47000	4253.13000	1582
1785994203	XAUUSD	M15	4263.77000	4253.65000	4265.95000	4247.39000	2183
1785995103	XAUUSD	M15	4267.10000	4263.73000	4268.39000	4262.16000	1790
1785996003	XAUUSD	M15	4260.56000	4267.07000	4268.54000	4256.66000	1745
1785996903	XAUUSD	M15	4257.65000	4260.44000	4261.27000	4254.45000	1623
1785997803	XAUUSD	M15	4256.44000	4257.65000	4258.02000	4249.29000	1542
1785998703	XAUUSD	M15	4256.06000	4256.63000	4257.95000	4251.08000	1710
1785999603	XAUUSD	M15	4263.15000	4256.02000	4263.81000	4253.31000	1552
1786000503	XAUUSD	M15	4261.96000	4263.15000	4265.46000	4258.30000	1335
1786001403	XAUUSD	M15	4255.05000	4261.94000	4262.07000	4254.82000	1248
1786002303	XAUUSD	M15	4262.68000	4255.05000	4262.88000	4252.66000	1529
1786003203	XAUUSD	M15	4268.90000	4262.68000	4269.33000	4260.24000	1663
1786004103	XAUUSD	M15	4267.79000	4268.81000	4270.28000	4263.56000	1548
1786005003	XAUUSD	M15	4273.12000	4267.75000	4274.94000	4266.37000	1544
1786005903	XAUUSD	M15	4278.20000	4273.14000	4278.85000	4270.50000	1748
1786006803	XAUUSD	M15	4279.80000	4278.24000	4283.60000	4276.01000	1801
1786007703	XAUUSD	M15	4283.48000	4279.80000	4284.73000	4278.66000	1473
1786008603	XAUUSD	M15	4271.95000	4283.39000	4284.34000	4271.90000	1524
1786009503	XAUUSD	M15	4273.00000	4271.95000	4276.12000	4271.36000	1277
1786010403	XAUUSD	M15	4270.03000	4273.00000	4273.64000	4268.64000	1549
1786011303	XAUUSD	M15	4269.22000	4269.62000	4270.95000	4267.23000	1380
1786012203	XAUUSD	M15	4265.60000	4269.22000	4269.80000	4264.64000	1194
1786013103	XAUUSD	M15	4270.80000	4265.44000	4271.54000	4264.85000	1210
1786014003	XAUUSD	M15	4269.01000	4270.80000	4273.39000	4266.65000	1734
1786014903	XAUUSD	M15	4264.17000	4269.01000	4271.44000	4260.59000	1524
1786015803	XAUUSD	M15	4260.59000	4264.23000	4267.02000	4259.82000	1419
1786016703	XAUUSD	M15	4263.29000	4260.62000	4263.36000	4254.28000	1897
1786017603	XAUUSD	M15	4256.28000	4263.29000	4265.72000	4255.58000	1696
1786018503	XAUUSD	M15	4261.40000	4256.35000	4262.81000	4253.40000	1716
1786019403	XAUUSD	M15	4266.96000	4261.68000	4270.71000	4258.28000	1843
1786020303	XAUUSD	M15	4250.30000	4266.91000	4267.43000	4249.29000	1996
1786021203	XAUUSD	M15	4238.36000	4250.26000	4255.90000	4230.81000	2520
1786022103	XAUUSD	M15	4247.57000	4238.31000	4248.18000	4235.88000	2174
1786023003	XAUUSD	M15	4270.24000	4247.65000	4274.13000	4245.76000	2629
1786023903	XAUUSD	M15	4266.96000	4270.05000	4270.19000	4262.42000	2468
1786024803	XAUUSD	M15	4268.20000	4267.01000	4275.17000	4264.07000	2475
1786025703	XAUUSD	M15	4265.51000	4268.13000	4268.79000	4260.16000	2322
1786026603	XAUUSD	M15	4273.47000	4265.51000	4274.76000	4265.51000	2285
1786027503	XAUUSD	M15	4272.95000	4273.49000	4274.71000	4262.71000	2217
1786028403	XAUUSD	M15	4263.74000	4273.08000	4274.24000	4262.06000	2242
1786029303	XAUUSD	M15	4254.77000	4263.91000	4263.97000	4250.61000	2355
1786030203	XAUUSD	M15	4251.68000	4254.80000	4255.52000	4246.52000	2075
1786031103	XAUUSD	M15	4233.74000	4251.67000	4251.72000	4229.65000	2312
1786032003	XAUUSD	M15	4232.81000	4233.90000	4242.92000	4231.05000	2468
1786032903	XAUUSD	M15	4230.21000	4232.78000	4233.05000	4223.46000	2514
1786033803	XAUUSD	M15	4233.46000	4230.18000	4236.04000	4230.09000	2039
1786034703	XAUUSD	M15	4241.36000	4233.46000	4242.58000	4231.71000	1862
1786035603	XAUUSD	M15	4240.93000	4241.54000	4244.53000	4239.48000	1914
1786036503	XAUUSD	M15	4241.76000	4240.93000	4242.72000	4238.50000	1952
1786037403	XAUUSD	M15	4241.91000	4241.26000	4243.50000	4238.54000	1609
1786038303	XAUUSD	M15	4247.20000	4241.92000	4248.10000	4240.40000	1627
1786039203	XAUUSD	M15	4246.84000	4247.38000	4249.01000	4244.09000	1459
1786040103	XAUUSD	M15	4246.75000	4246.81000	4249.63000	4246.28000	1380
1786041003	XAUUSD	M15	4241.67000	4246.79000	4247.77000	4240.72000	1280
1786041903	XAUUSD	M15	4243.39000	4241.79000	4245.57000	4240.73000	1308
1786042803	XAUUSD	M15	4247.35000	4243.37000	4251.26000	4242.98000	1529
1786043703	XAUUSD	M15	4237.37000	4247.43000	4248.52000	4235.22000	1642
1786044603	XAUUSD	M15	4234.62000	4237.34000	4239.68000	4233.09000	1769
1786045503	XAUUSD	M15	4248.86000	4234.66000	4250.65000	4234.66000	1929
1786046403	XAUUSD	M15	4244.53000	4248.83000	4250.12000	4242.75000	1157
1786047303	XAUUSD	M15	4241.79000	4244.46000	4245.54000	4239.76000	884
1786048203	XAUUSD	M15	4235.23000	4241.79000	4242.38000	4235.10000	882
1786049103	XAUUSD	M15	4240.69000	4235.23000	4241.84000	4234.69000	756
1786053603	XAUUSD	M15	4239.02000	4240.96000	4241.12000	4235.97000	463
1786054503	XAUUSD	M15	4242.44000	4239.17000	4243.53000	4239.05000	640
1786055403	XAUUSD	M15	4239.40000	4242.44000	4243.47000	4239.03000	597
1786056303	XAUUSD	M15	4240.68000	4239.39000	4242.89000	4239.01000	459
1786057203	XAUUSD	M15	4245.34000	4240.31000	4245.66000	4240.31000	512
1786058103	XAUUSD	M15	4245.07000	4245.21000	4246.16000	4243.00000	450
1786059003	XAUUSD	M15	4246.70000	4245.06000	4248.70000	4244.88000	599
1786059903	XAUUSD	M15	4252.35000	4246.72000	4253.17000	4245.84000	1377
1786060803	XAUUSD	M15	4244.77000	4252.33000	4252.66000	4243.48000	1641
1786061703	XAUUSD	M15	4243.87000	4244.85000	4246.24000	4239.19000	1749
1786062603	XAUUSD	M15	4234.90000	4243.96000	4243.96000	4230.33000	1668
1786063503	XAUUSD	M15	4232.98000	4234.90000	4236.99000	4229.90000	1924
1786064403	XAUUSD	M15	4244.26000	4232.89000	4246.62000	4231.54000	2302
1786065303	XAUUSD	M15	4243.54000	4244.31000	4250.22000	4240.12000	2098
1786066203	XAUUSD	M15	4256.81000	4243.47000	4258.68000	4239.23000	2152
1786067103	XAUUSD	M15	4256.79000	4256.83000	4259.27000	4252.09000	1991
1786068003	XAUUSD	M15	4258.63000	4256.82000	4261.50000	4256.12000	1806
1786068903	XAUUSD	M15	4260.66000	4258.63000	4261.23000	4257.40000	1056
1786069803	XAUUSD	M15	4249.67000	4261.04000	4261.56000	4249.67000	1964
1786070703	XAUUSD	M15	4250.30000	4249.67000	4255.87000	4247.16000	1740
1786071603	XAUUSD	M15	4254.75000	4250.30000	4259.45000	4249.64000	1635
1786072503	XAUUSD	M15	4258.77000	4254.69000	4258.78000	4251.86000	1631
1786073403	XAUUSD	M15	4260.69000	4258.75000	4261.30000	4257.62000	1037
1786074303	XAUUSD	M15	4266.11000	4260.63000	4266.39000	4259.08000	1170
1786075203	XAUUSD	M15	4265.89000	4266.02000	4269.10000	4262.08000	1514
1786076103	XAUUSD	M15	4264.88000	4265.97000	4268.32000	4261.84000	1544
1786077003	XAUUSD	M15	4263.90000	4264.90000	4268.39000	4260.65000	1505
1786077903	XAUUSD	M15	4264.86000	4263.90000	4267.24000	4262.40000	859
1786078803	XAUUSD	M15	4269.19000	4264.86000	4271.17000	4262.04000	1599
1786079703	XAUUSD	M15	4266.71000	4269.15000	4270.47000	4264.86000	1247
1786080603	XAUUSD	M15	4271.34000	4266.65000	4277.34000	4266.11000	1967
1786081503	XAUUSD	M15	4278.75000	4271.34000	4280.52000	4271.30000	1893
1786082403	XAUUSD	M15	4286.74000	4278.73000	4291.39000	4278.49000	1847
1786083303	XAUUSD	M15	4283.33000	4286.73000	4291.13000	4283.30000	1997
1786084203	XAUUSD	M15	4292.13000	4283.46000	4295.00000	4280.15000	1848
1786085103	XAUUSD	M15	4297.26000	4292.01000	4298.83000	4288.85000	1904
1786086003	XAUUSD	M15	4291.14000	4297.26000	4297.71000	4290.30000	1530
1786086903	XAUUSD	M15	4285.50000	4291.14000	4292.64000	4284.66000	1514
1786087803	XAUUSD	M15	4285.10000	4285.51000	4288.75000	4283.88000	1490
1786088703	XAUUSD	M15	4290.02000	4285.14000	4291.24000	4282.95000	1350
1786089603	XAUUSD	M15	4299.62000	4290.00000	4300.59000	4289.12000	1669
1786090503	XAUUSD	M15	4294.76000	4299.70000	4300.72000	4293.35000	1624
1786091403	XAUUSD	M15	4309.06000	4294.81000	4316.71000	4294.14000	1823
1786092303	XAUUSD	M15	4306.14000	4309.09000	4311.36000	4303.44000	1467
1786093203	XAUUSD	M15	4306.11000	4306.31000	4307.31000	4304.68000	1348
1786094103	XAUUSD	M15	4306.63000	4306.17000	4310.84000	4304.91000	1430
1786095003	XAUUSD	M15	4317.46000	4306.83000	4318.45000	4302.39000	1592
1786095903	XAUUSD	M15	4316.00000	4317.47000	4320.31000	4314.47000	1679
1786096803	XAUUSD	M15	4308.62000	4316.01000	4319.38000	4308.10000	1450
1786097703	XAUUSD	M15	4313.73000	4308.29000	4314.46000	4308.23000	1395
1786098603	XAUUSD	M15	4316.87000	4313.80000	4318.33000	4313.20000	1354
1786099503	XAUUSD	M15	4316.84000	4316.97000	4320.67000	4316.31000	1348
1786100403	XAUUSD	M15	4320.22000	4316.84000	4326.20000	4316.84000	1707
1786101303	XAUUSD	M15	4325.08000	4320.06000	4327.39000	4317.10000	1820
1786102203	XAUUSD	M15	4322.64000	4324.96000	4327.80000	4320.89000	1647
1786103103	XAUUSD	M15	4321.22000	4322.70000	4326.90000	4320.85000	1549
1786104003	XAUUSD	M15	4315.26000	4321.25000	4325.41000	4314.92000	1845
1786104903	XAUUSD	M15	4308.86000	4315.11000	4317.19000	4301.35000	2114
1786105803	XAUUSD	M15	4366.99000	4309.58000	4370.65000	4309.58000	2892
1786106703	XAUUSD	M15	4361.45000	4366.98000	4371.77000	4355.99000	2703
1786107603	XAUUSD	M15	4347.80000	4361.48000	4364.16000	4346.06000	2689
1786108503	XAUUSD	M15	4356.51000	4347.94000	4357.89000	4339.18000	2504
1786109403	XAUUSD	M15	4358.38000	4356.19000	4367.82000	4350.72000	2800
1786110303	XAUUSD	M15	4347.94000	4358.40000	4359.77000	4342.39000	2724
1786111203	XAUUSD	M15	4334.41000	4348.12000	4348.86000	4327.56000	2826
1786112103	XAUUSD	M15	4348.79000	4334.43000	4352.74000	4330.64000	2742
1786113003	XAUUSD	M15	4344.16000	4348.89000	4350.65000	4342.30000	2674
1786113903	XAUUSD	M15	4341.65000	4344.11000	4348.83000	4340.36000	2540
1786114803	XAUUSD	M15	4355.36000	4341.65000	4355.99000	4340.44000	2524
1786115703	XAUUSD	M15	4351.14000	4355.43000	4358.38000	4351.14000	2359
1786116603	XAUUSD	M15	4349.65000	4351.33000	4353.90000	4347.18000	2264
1786117503	XAUUSD	M15	4341.04000	4349.66000	4351.90000	4339.86000	2185
1786118403	XAUUSD	M15	4347.13000	4341.04000	4349.59000	4338.66000	2233
1786119303	XAUUSD	M15	4337.50000	4347.39000	4349.21000	4334.36000	2327
1786120203	XAUUSD	M15	4338.65000	4337.49000	4342.07000	4332.65000	2309
1786121103	XAUUSD	M15	4329.20000	4338.71000	4342.22000	4329.14000	2172
1786122003	XAUUSD	M15	4335.72000	4329.20000	4338.51000	4327.90000	2061
1786122903	XAUUSD	M15	4339.76000	4335.70000	4342.13000	4333.95000	2035
1786123803	XAUUSD	M15	4336.32000	4339.69000	4340.09000	4329.80000	1996
1786124703	XAUUSD	M15	4340.25000	4336.26000	4343.03000	4335.00000	1779
1786125603	XAUUSD	M15	4335.01000	4340.11000	4342.94000	4334.84000	1659
1786126503	XAUUSD	M15	4334.43000	4335.01000	4337.95000	4332.19000	1760
1786127403	XAUUSD	M15	4334.23000	4334.45000	4338.96000	4333.37000	1474
1786128303	XAUUSD	M15	4335.52000	4334.28000	4337.53000	4333.15000	1430
1786129203	XAUUSD	M15	4343.58000	4335.44000	4345.72000	4335.44000	1940
1786130103	XAUUSD	M15	4348.54000	4343.59000	4350.27000	4342.95000	1956
1786131003	XAUUSD	M15	4347.89000	4348.53000	4348.89000	4344.31000	1897
1786131903	XAUUSD	M15	4344.08000	4347.88000	4349.46000	4340.16000	2146
1786132803	XAUUSD	M15	4342.52000	4344.00000	4345.35000	4338.16000	1034
1786133703	XAUUSD	M15	4337.87000	4342.52000	4342.97000	4337.27000	707
1786134603	XAUUSD	M15	4341.50000	4337.87000	4342.25000	4335.93000	553
1786135503	XAUUSD	M15	4342.24000	4341.35000	4342.51000	4339.07000	593
1786312803	XAUUSD	M15	4343.62000	4349.89000	4350.37000	4333.05000	1102
1786313703	XAUUSD	M15	4343.84000	4343.62000	4344.81000	4338.41000	750
1786314603	XAUUSD	M15	4340.66000	4343.84000	4345.22000	4340.37000	673
1786315503	XAUUSD	M15	4341.78000	4340.50000	4344.18000	4340.22000	377
1786316403	XAUUSD	M15	4346.43000	4341.78000	4347.67000	4341.35000	696
1786317303	XAUUSD	M15	4346.59000	4346.43000	4348.96000	4344.01000	700
1786318203	XAUUSD	M15	4342.30000	4346.59000	4347.30000	4340.09000	779
1786319103	XAUUSD	M15	4333.26000	4342.30000	4343.39000	4332.42000	1196
1786320003	XAUUSD	M15	4344.26000	4332.82000	4347.02000	4332.73000	1828
1786320903	XAUUSD	M15	4337.69000	4344.35000	4345.61000	4337.37000	1614
1786321803	XAUUSD	M15	4334.41000	4337.64000	4339.34000	4333.83000	1445
1786322703	XAUUSD	M15	4332.20000	4334.41000	4337.56000	4330.85000	1500
1786323603	XAUUSD	M15	4323.00000	4332.15000	4340.71000	4322.03000	2635
1786324503	XAUUSD	M15	4316.52000	4322.97000	4328.23000	4316.52000	2134
1786325403	XAUUSD	M15	4317.45000	4316.42000	4320.86000	4313.29000	2187
1786326303	XAUUSD	M15	4322.49000	4317.44000	4324.12000	4316.02000	2033
1786327203	XAUUSD	M15	4324.51000	4322.48000	4325.79000	4318.85000	1861
1786328103	XAUUSD	M15	4330.71000	4324.50000	4332.04000	4323.39000	1401
1786329003	XAUUSD	M15	4326.65000	4330.74000	4332.28000	4323.29000	1885
1786329903	XAUUSD	M15	4319.57000	4326.56000	4327.29000	4318.71000	1558
1786330803	XAUUSD	M15	4320.16000	4319.55000	4321.28000	4317.77000	1446
1786331703	XAUUSD	M15	4327.41000	4320.06000	4328.19000	4319.64000	1534
1786332603	XAUUSD	M15	4325.19000	4327.40000	4329.86000	4324.63000	1246
1786333503	XAUUSD	M15	4326.83000	4325.19000	4327.95000	4324.60000	860
1786334403	XAUUSD	M15	4332.56000	4326.84000	4332.78000	4323.09000	1264
1786335303	XAUUSD	M15	4334.68000	4332.35000	4337.58000	4330.75000	1169
1786336203	XAUUSD	M15	4332.16000	4334.70000	4336.23000	4329.84000	1155
1786337103	XAUUSD	M15	4339.50000	4332.24000	4339.53000	4331.96000	1370
1786338003	XAUUSD	M15	4335.05000	4339.50000	4339.71000	4333.52000	1177
1786338903	XAUUSD	M15	4333.84000	4335.05000	4336.37000	4332.91000	955
1786339803	XAUUSD	M15	4343.47000	4333.83000	4344.36000	4331.91000	2188
1786340703	XAUUSD	M15	4347.62000	4343.43000	4352.16000	4340.54000	1919
1786341603	XAUUSD	M15	4347.26000	4347.46000	4350.24000	4341.87000	1652
1786342503	XAUUSD	M15	4348.36000	4347.25000	4349.64000	4342.70000	1517
1786343403	XAUUSD	M15	4355.16000	4348.21000	4355.77000	4345.97000	1586
1786344303	XAUUSD	M15	4358.05000	4355.23000	4359.84000	4355.04000	1604
1786345203	XAUUSD	M15	4351.17000	4358.09000	4358.73000	4350.14000	1624
1786346103	XAUUSD	M15	4355.00000	4351.17000	4358.80000	4350.65000	1486
1786347003	XAUUSD	M15	4359.33000	4354.98000	4359.89000	4352.57000	1481
1786347903	XAUUSD	M15	4355.40000	4359.33000	4361.96000	4354.83000	1428
1786348803	XAUUSD	M15	4354.36000	4355.22000	4356.21000	4351.72000	1314
1786349703	XAUUSD	M15	4355.58000	4354.66000	4356.29000	4352.26000	1235
1786350603	XAUUSD	M15	4346.23000	4355.42000	4356.65000	4345.70000	1380
1786351503	XAUUSD	M15	4346.73000	4346.23000	4349.07000	4343.84000	1416
1786352403	XAUUSD	M15	4349.60000	4346.70000	4349.94000	4345.65000	1416
1786353303	XAUUSD	M15	4347.11000	4349.60000	4349.67000	4345.14000	1054
1786354203	XAUUSD	M15	4344.18000	4346.58000	4346.92000	4340.65000	1212
1786355103	XAUUSD	M15	4341.23000	4344.30000	4345.27000	4340.83000	984
1786356003	XAUUSD	M15	4340.69000	4341.24000	4341.44000	4339.18000	1255
1786356903	XAUUSD	M15	4343.71000	4340.71000	4344.26000	4339.31000	1120
1786357803	XAUUSD	M15	4337.93000	4343.65000	4344.14000	4337.91000	1128
1786358703	XAUUSD	M15	4335.70000	4337.93000	4340.55000	4335.37000	1151
1786359603	XAUUSD	M15	4331.64000	4335.70000	4336.61000	4330.02000	1415
1786360503	XAUUSD	M15	4335.32000	4331.57000	4336.44000	4328.98000	1187
1786361403	XAUUSD	M15	4337.54000	4334.53000	4339.26000	4334.52000	1235
1786362303	XAUUSD	M15	4335.05000	4337.47000	4338.06000	4332.20000	1198
1786363203	XAUUSD	M15	4331.86000	4335.03000	4337.47000	4331.05000	1425
1786364103	XAUUSD	M15	4327.84000	4332.05000	4332.58000	4324.19000	1701
1786365003	XAUUSD	M15	4329.17000	4327.84000	4332.58000	4326.46000	1733
1786365903	XAUUSD	M15	4332.45000	4329.18000	4335.66000	4328.88000	1566
1786366803	XAUUSD	M15	4337.22000	4332.51000	4337.90000	4326.01000	2064
1786367703	XAUUSD	M15	4335.26000	4337.29000	4337.82000	4329.23000	1714
1786368603	XAUUSD	M15	4331.03000	4335.29000	4340.07000	4330.03000	2649
1786369503	XAUUSD	M15	4317.83000	4330.91000	4332.02000	4316.61000	2584
1786370403	XAUUSD	M15	4330.26000	4318.04000	4331.13000	4318.04000	2170
1786371303	XAUUSD	M15	4345.62000	4330.26000	4348.09000	4328.52000	2462
1786372203	XAUUSD	M15	4349.50000	4345.46000	4351.71000	4344.73000	2293
1786373103	XAUUSD	M15	4345.48000	4349.48000	4350.77000	4342.69000	2170
1786374003	XAUUSD	M15	4347.01000	4345.67000	4352.16000	4343.28000	2246
1786374903	XAUUSD	M15	4349.22000	4346.96000	4352.43000	4346.03000	2055
1786375803	XAUUSD	M15	4350.18000	4349.23000	4352.07000	4347.86000	1872
1786376703	XAUUSD	M15	4358.41000	4350.33000	4359.46000	4348.71000	2039
1786377603	XAUUSD	M15	4361.37000	4358.53000	4364.82000	4356.87000	2201
1786378503	XAUUSD	M15	4362.69000	4361.39000	4364.68000	4360.97000	1792
1786379403	XAUUSD	M15	4351.74000	4362.83000	4363.00000	4350.18000	2053
1786380303	XAUUSD	M15	4356.90000	4351.84000	4357.02000	4351.68000	1647
1786381203	XAUUSD	M15	4357.29000	4356.88000	4358.30000	4351.81000	1686
1786382103	XAUUSD	M15	4361.06000	4357.27000	4361.06000	4356.45000	1777
1786383003	XAUUSD	M15	4360.30000	4361.10000	4365.35000	4359.62000	1666
1786383903	XAUUSD	M15	4360.22000	4360.34000	4361.20000	4357.65000	1746
1786384803	XAUUSD	M15	4363.00000	4360.22000	4365.26000	4359.86000	1754
1786385703	XAUUSD	M15	4365.85000	4363.12000	4367.14000	4361.56000	1696
1786386603	XAUUSD	M15	4379.70000	4365.85000	4382.90000	4365.19000	2143
1786387503	XAUUSD	M15	4378.55000	4379.70000	4379.82000	4373.41000	1973
1786388403	XAUUSD	M15	4382.01000	4378.74000	4382.77000	4378.62000	1999
1786389303	XAUUSD	M15	4390.63000	4382.06000	4391.53000	4381.37000	2109
1786390203	XAUUSD	M15	4388.29000	4390.86000	4393.93000	4384.39000	2158
1786391103	XAUUSD	M15	4388.48000	4388.30000	4395.21000	4387.41000	2239
1786392003	XAUUSD	M15	4389.20000	4388.41000	4390.68000	4385.88000	920
1786392903	XAUUSD	M15	4391.02000	4389.20000	4391.90000	4386.57000	781
1786393803	XAUUSD	M15	4389.85000	4391.01000	4391.96000	4389.85000	561
1786394703	XAUUSD	M15	4390.11000	4389.74000	4390.69000	4388.75000	564
1786399203	XAUUSD	M15	4391.28000	4389.39000	4392.94000	4388.68000	799
1786400103	XAUUSD	M15	4392.04000	4391.16000	4393.59000	4391.13000	558
1786401003	XAUUSD	M15	4395.51000	4392.05000	4396.27000	4392.02000	745
1786401903	XAUUSD	M15	4398.93000	4395.48000	4400.71000	4395.47000	766
1786402803	XAUUSD	M15	4397.49000	4399.87000	4401.83000	4395.75000	968
1786403703	XAUUSD	M15	4395.46000	4397.49000	4397.51000	4394.78000	622
1786404603	XAUUSD	M15	4398.71000	4395.46000	4398.93000	4395.32000	793
1786405503	XAUUSD	M15	4402.36000	4398.71000	4402.64000	4396.41000	1451
1786406403	XAUUSD	M15	4404.95000	4402.41000	4409.07000	4396.51000	1853
1786407303	XAUUSD	M15	4414.14000	4405.49000	4416.15000	4404.54000	1564
1786408203	XAUUSD	M15	4413.99000	4414.14000	4414.14000	4407.61000	1583
1786409103	XAUUSD	M15	4409.60000	4414.27000	4419.19000	4408.37000	1548
1786410003	XAUUSD	M15	4414.37000	4409.38000	4415.38000	4393.78000	2560
1786410903	XAUUSD	M15	4419.30000	4414.49000	4420.08000	4412.63000	2251
1786411803	XAUUSD	M15	4415.26000	4419.30000	4422.55000	4415.26000	2156
1786412703	XAUUSD	M15	4429.69000	4415.32000	4434.14000	4414.72000	2121
1786413603	XAUUSD	M15	4433.66000	4429.79000	4434.46000	4422.13000	1968
1786414503	XAUUSD	M15	4428.47000	4433.69000	4435.37000	4425.92000	1504
1786415403	XAUUSD	M15	4418.42000	4428.47000	4429.32000	4413.78000	2105
1786416303	XAUUSD	M15	4410.96000	4418.49000	4419.02000	4408.15000	1975
1786417203	XAUUSD	M15	4413.36000	4410.83000	4415.40000	4410.03000	1735
1786418103	XAUUSD	M15	4420.39000	4413.33000	4420.72000	4412.93000	1535
1786419003	XAUUSD	M15	4416.13000	4420.48000	4421.65000	4415.77000	1019
1786419903	XAUUSD	M15	4416.89000	4415.98000	4418.88000	4414.28000	1095
1786420803	XAUUSD	M15	4414.06000	4416.97000	4419.59000	4412.31000	1133
1786421703	XAUUSD	M15	4415.42000	4414.06000	4415.81000	4410.11000	1141
1786422603	XAUUSD	M15	4410.01000	4415.30000	4420.27000	4408.29000	1709
1786423503	XAUUSD	M15	4408.78000	4410.01000	4411.35000	4403.38000	1383
1786424403	XAUUSD	M15	4402.26000	4408.72000	4408.90000	4399.52000	1240
1786425303	XAUUSD	M15	4392.53000	4402.26000	4402.28000	4390.93000	1496
1786426203	XAUUSD	M15	4377.02000	4392.14000	4392.14000	4372.59000	2562
1786427103	XAUUSD	M15	4375.10000	4376.99000	4378.23000	4367.77000	2276
1786428003	XAUUSD	M15	4372.83000	4375.15000	4382.55000	4371.83000	2152
1786428903	XAUUSD	M15	4363.56000	4372.92000	4376.19000	4361.96000	2198
1786429803	XAUUSD	M15	4363.65000	4363.65000	4369.20000	4360.03000	2109
1786430703	XAUUSD	M15	4366.24000	4363.95000	4367.63000	4359.56000	1801
1786431603	XAUUSD	M15	4363.45000	4366.30000	4367.64000	4361.35000	1661
1786432503	XAUUSD	M15	4363.01000	4363.40000	4365.90000	4357.59000	1597
1786433403	XAUUSD	M15	4358.42000	4363.07000	4364.86000	4356.80000	1636
1786434303	XAUUSD	M15	4357.44000	4358.70000	4361.47000	4356.70000	1366
1786435203	XAUUSD	M15	4365.20000	4357.77000	4366.73000	4357.08000	1590
1786436103	XAUUSD	M15	4369.18000	4365.19000	4369.80000	4359.22000	1589
1786437003	XAUUSD	M15	4374.74000	4369.10000	4375.99000	4368.85000	1575
1786437903	XAUUSD	M15	4369.11000	4374.75000	4376.67000	4369.00000	1521
1786438803	XAUUSD	M15	4372.49000	4369.11000	4373.07000	4367.63000	1376
1786439703	XAUUSD	M15	4371.95000	4372.51000	4375.57000	4370.79000	1664
1786440603	XAUUSD	M15	4370.58000	4371.80000	4375.11000	4370.25000	1285
1786441503	XAUUSD	M15	4372.39000	4370.59000	4374.50000	4370.42000	1098
1786442403	XAUUSD	M15	4373.29000	4372.37000	4376.04000	4371.29000	1353
1786443303	XAUUSD	M15	4378.26000	4373.24000	4381.75000	4372.36000	1487
1786444203	XAUUSD	M15	4377.65000	4378.23000	4381.03000	4377.00000	1387
1786445103	XAUUSD	M15	4382.43000	4377.67000	4382.63000	4377.54000	1288
1786446003	XAUUSD	M15	4391.43000	4382.42000	4392.99000	4380.49000	2331
1786446903	XAUUSD	M15	4387.33000	4391.31000	4392.42000	4385.28000	1708
1786447803	XAUUSD	M15	4385.81000	4387.45000	4388.08000	4383.04000	1521
1786448703	XAUUSD	M15	4387.69000	4386.24000	4389.85000	4384.85000	1504
1786449603	XAUUSD	M15	4396.77000	4387.69000	4397.53000	4383.77000	1949
1786450503	XAUUSD	M15	4391.22000	4396.93000	4399.52000	4387.57000	2182
1786451403	XAUUSD	M15	4398.44000	4391.21000	4398.45000	4388.85000	1841
1786452303	XAUUSD	M15	4392.39000	4398.49000	4400.05000	4392.24000	1668
1786453203	XAUUSD	M15	4393.93000	4392.39000	4400.86000	4391.99000	2200
1786454103	XAUUSD	M15	4397.87000	4393.89000	4400.77000	4389.51000	2150
1786455003	XAUUSD	M15	4399.73000	4397.88000	4401.92000	4388.97000	2603
1786455903	XAUUSD	M15	4389.20000	4399.77000	4404.20000	4384.60000	2634
1786456803	XAUUSD	M15	4386.91000	4389.29000	4389.88000	4381.47000	2447
1786457703	XAUUSD	M15	4384.03000	4386.97000	4390.00000	4381.59000	2401
1786458603	XAUUSD	M15	4393.37000	4384.28000	4395.35000	4384.22000	2336
1786459503	XAUUSD	M15	4394.18000	4393.37000	4397.99000	4391.78000	2087
1786460403	XAUUSD	M15	4392.28000	4394.30000	4398.74000	4389.22000	2168
1786461303	XAUUSD	M15	4386.84000	4392.28000	4392.28000	4382.12000	2357
1786462203	XAUUSD	M15	4375.92000	4386.85000	4386.94000	4369.16000	2530
1786463103	XAUUSD	M15	4383.75000	4375.89000	4383.82000	4375.05000	2115
1786464003	XAUUSD	M15	4379.44000	4384.26000	4384.77000	4378.68000	1911
1786464903	XAUUSD	M15	4383.01000	4379.49000	4383.42000	4378.42000	1750
1786465803	XAUUSD	M15	4384.71000	4382.91000	4385.68000	4379.38000	1536
1786466703	XAUUSD	M15	4383.36000	4384.73000	4385.53000	4381.00000	1564
1786467603	XAUUSD	M15	4381.17000	4383.47000	4385.70000	4381.17000	1676
1786468503	XAUUSD	M15	4381.23000	4381.17000	4384.26000	4378.82000	1775
1786469403	XAUUSD	M15	4376.28000	4381.25000	4381.89000	4374.27000	1750
1786470303	XAUUSD	M15	4369.14000	4376.27000	4377.48000	4368.84000	1507
1786471203	XAUUSD	M15	4363.85000	4369.10000	4369.10000	4360.34000	2127
1786472103	XAUUSD	M15	4361.36000	4363.85000	4367.29000	4360.60000	1887
1786473003	XAUUSD	M15	4371.12000	4361.47000	4371.78000	4361.23000	1536
1786473903	XAUUSD	M15	4371.57000	4371.13000	4372.61000	4370.09000	1340
1786474803	XAUUSD	M15	4363.78000	4371.57000	4372.26000	4363.47000	1538
1786475703	XAUUSD	M15	4370.30000	4363.86000	4370.76000	4361.38000	1587
1786476603	XAUUSD	M15	4367.54000	4370.30000	4374.19000	4366.47000	1539
1786477503	XAUUSD	M15	4370.74000	4367.64000	4373.29000	4366.33000	1587
1786478403	XAUUSD	M15	4370.30000	4370.76000	4371.12000	4368.51000	823
1786479303	XAUUSD	M15	4370.17000	4370.30000	4370.99000	4367.62000	479
1786480203	XAUUSD	M15	4367.46000	4370.17000	4370.36000	4367.38000	523
1786481103	XAUUSD	M15	4368.05000	4367.34000	4368.79000	4367.00000	512
1786485603	XAUUSD	M15	4374.04000	4372.06000	4375.51000	4370.48000	766
1786486503	XAUUSD	M15	4376.64000	4374.09000	4377.12000	4373.50000	852
1786487403	XAUUSD	M15	4376.32000	4376.64000	4378.03000	4375.13000	855
1786488303	XAUUSD	M15	4368.74000	4376.32000	4378.36000	4367.01000	1201
1786489203	XAUUSD	M15	4366.43000	4368.94000	4369.80000	4362.47000	1412
1786490103	XAUUSD	M15	4372.74000	4366.43000	4374.55000	4365.07000	925
1786491003	XAUUSD	M15	4367.86000	4372.66000	4372.75000	4366.57000	749
1786491903	XAUUSD	M15	4371.53000	4367.86000	4371.83000	4367.86000	910
1786492803	XAUUSD	M15	4378.64000	4371.46000	4379.32000	4366.38000	1784
1786493703	XAUUSD	M15	4380.56000	4378.01000	4380.99000	4374.13000	1540
1786494603	XAUUSD	M15	4382.87000	4380.52000	4383.69000	4379.21000	1401
1786495503	XAUUSD	M15	4380.73000	4382.91000	4383.19000	4377.48000	1370
1786496403	XAUUSD	M15	4390.21000	4380.71000	4390.60000	4378.42000	2104
1786497303	XAUUSD	M15	4390.29000	4390.21000	4394.03000	4386.81000	1605
1786498203	XAUUSD	M15	4393.04000	4390.39000	4393.12000	4385.28000	1841
1786499103	XAUUSD	M15	4396.27000	4392.99000	4397.47000	4391.02000	1618
1786500003	XAUUSD	M15	4401.77000	4396.33000	4404.60000	4394.07000	1675
1786500903	XAUUSD	M15	4402.07000	4401.64000	4403.75000	4399.32000	1321
1786501803	XAUUSD	M15	4405.48000	4402.21000	4408.12000	4397.70000	1895
1786502703	XAUUSD	M15	4411.29000	4405.41000	4414.31000	4405.28000	1939
1786503603	XAUUSD	M15	4410.68000	4411.20000	4415.89000	4408.45000	1779
1786504503	XAUUSD	M15	4407.38000	4410.67000	4410.72000	4404.77000	1622
1786505403	XAUUSD	M15	4401.34000	4407.40000	4408.64000	4401.24000	1295
1786506303	XAUUSD	M15	4402.25000	4401.31000	4403.61000	4400.72000	1066
1786507203	XAUUSD	M15	4397.49000	4402.25000	4403.35000	4396.66000	1032
1786508103	XAUUSD	M15	4398.97000	4397.50000	4399.24000	4395.45000	919
1786509003	XAUUSD	M15	4400.13000	4398.97000	4400.22000	4395.49000	953
1786509903	XAUUSD	M15	4401.09000	4400.17000	4402.38000	4399.24000	983
1786510803	XAUUSD	M15	4401.17000	4401.01000	4404.75000	4400.34000	1018
1786511703	XAUUSD	M15	4392.63000	4400.77000	4400.78000	4392.63000	1294
1786512603	XAUUSD	M15	4388.23000	4392.59000	4396.98000	4387.99000	1819
1786513503	XAUUSD	M15	4391.27000	4388.06000	4393.97000	4383.95000	1818
1786514403	XAUUSD	M15	4387.02000	4390.92000	4393.03000	4385.11000	1616
1786515303	XAUUSD	M15	4389.84000	4386.97000	4390.40000	4385.55000	1496
1786516203	XAUUSD	M15	4394.22000	4389.83000	4397.37000	4388.40000	1674
1786517103	XAUUSD	M15	4403.44000	4394.40000	4406.42000	4394.39000	1754
1786518003	XAUUSD	M15	4401.53000	4403.54000	4406.00000	4400.98000	1267
1786518903	XAUUSD	M15	4402.47000	4401.54000	4402.82000	4398.29000	1184
1786519803	XAUUSD	M15	4407.94000	4402.47000	4408.53000	4401.44000	1253
1786520703	XAUUSD	M15	4406.34000	4407.94000	4410.10000	4404.93000	1318
1786521603	XAUUSD	M15	4408.63000	4406.17000	4410.43000	4405.91000	1325
1786522503	XAUUSD	M15	4406.98000	4408.47000	4409.38000	4405.64000	1164
1786523403	XAUUSD	M15	4406.14000	4407.09000	4407.64000	4404.89000	1167
1786524303	XAUUSD	M15	4401.78000	4406.14000	4406.14000	4401.76000	1122
1786525203	XAUUSD	M15	4412.92000	4401.82000	4412.95000	4401.82000	1334
1786526103	XAUUSD	M15	4413.15000	4412.77000	4423.81000	4412.37000	1914
1786527003	XAUUSD	M15	4413.77000	4413.14000	4417.04000	4412.00000	1553
1786527903	XAUUSD	M15	4415.86000	4413.77000	4416.55000	4410.93000	1454
1786528803	XAUUSD	M15	4417.80000	4415.86000	4419.36000	4414.62000	1174
1786529703	XAUUSD	M15	4419.61000	4417.80000	4421.02000	4417.31000	1162
1786530603	XAUUSD	M15	4414.71000	4419.63000	4419.81000	4412.80000	1208
1786531503	XAUUSD	M15	4412.87000	4414.71000	4415.66000	4407.57000	1483
1786532403	XAUUSD	M15	4408.28000	4412.92000	4415.28000	4408.02000	1224
1786533303	XAUUSD	M15	4414.88000	4408.06000	4416.73000	4408.06000	1288
1786534203	XAUUSD	M15	4413.16000	4414.91000	4415.73000	4410.24000	1251
1786535103	XAUUSD	M15	4412.63000	4413.16000	4415.49000	4412.49000	1096
1786536003	XAUUSD	M15	4408.75000	4412.73000	4413.14000	4406.38000	1535
1786536903	XAUUSD	M15	4424.69000	4408.75000	4425.20000	4404.78000	2021
1786537803	XAUUSD	M15	4428.52000	4426.99000	4438.15000	4382.86000	2855
1786538703	XAUUSD	M15	4437.27000	4428.40000	4438.07000	4417.23000	2613
1786539603	XAUUSD	M15	4422.03000	4437.51000	4441.22000	4421.23000	2684
1786540503	XAUUSD	M15	4418.47000	4422.03000	4428.84000	4414.56000	2545
1786541403	XAUUSD	M15	4416.41000	4418.49000	4420.80000	4408.57000	2844
1786542303	XAUUSD	M15	4427.61000	4416.64000	4433.89000	4415.48000	2781
1786543203	XAUUSD	M15	4431.74000	4427.62000	4434.81000	4421.60000	2572
1786544103	XAUUSD	M15	4431.47000	4431.84000	4439.71000	4429.91000	2493
1786545003	XAUUSD	M15	4424.95000	4431.49000	4436.08000	4416.49000	2628
1786545903	XAUUSD	M15	4421.95000	4424.97000	4432.51000	4416.60000	2701
1786546803	XAUUSD	M15	4426.70000	4421.90000	4429.94000	4415.12000	2493
1786547703	XAUUSD	M15	4421.52000	4426.53000	4428.06000	4419.59000	2248
1786548603	XAUUSD	M15	4418.15000	4421.40000	4425.41000	4416.67000	2027
1786549503	XAUUSD	M15	4421.06000	4418.15000	4422.33000	4411.04000	2061
1786550403	XAUUSD	M15	4423.36000	4421.10000	4425.65000	4416.57000	2062
1786551303	XAUUSD	M15	4423.32000	4423.47000	4426.51000	4422.35000	1907
1786552203	XAUUSD	M15	4410.94000	4423.20000	4423.93000	4409.43000	2184
1786553103	XAUUSD	M15	4401.66000	4410.99000	4411.28000	4396.70000	2396
1786554003	XAUUSD	M15	4403.59000	4401.56000	4407.61000	4399.91000	2061
1786554903	XAUUSD	M15	4406.47000	4403.79000	4409.80000	4402.07000	2106
1786555803	XAUUSD	M15	4402.05000	4406.69000	4411.52000	4401.38000	1804
1786556703	XAUUSD	M15	4399.51000	4402.03000	4405.59000	4399.09000	1713
1786557603	XAUUSD	M15	4405.79000	4399.33000	4406.68000	4396.36000	1623
1786558503	XAUUSD	M15	4408.65000	4405.81000	4411.10000	4404.64000	1554
1786559403	XAUUSD	M15	4413.54000	4408.65000	4413.67000	4408.05000	1467
1786560303	XAUUSD	M15	4413.10000	4413.61000	4417.91000	4412.80000	1454
1786561203	XAUUSD	M15	4416.45000	4413.07000	4418.44000	4412.95000	1439
1786562103	XAUUSD	M15	4416.66000	4416.44000	4418.04000	4415.67000	1350
1786563003	XAUUSD	M15	4413.25000	4416.69000	4416.72000	4411.34000	1566
1786563903	XAUUSD	M15	4413.93000	4413.22000	4413.99000	4408.27000	1845
1786564803	XAUUSD	M15	4409.01000	4413.80000	4414.20000	4408.76000	819
1786565703	XAUUSD	M15	4407.93000	4409.01000	4409.91000	4406.67000	682
1786566603	XAUUSD	M15	4408.02000	4407.79000	4408.77000	4406.81000	600
1786567503	XAUUSD	M15	4408.49000	4408.02000	4409.02000	4406.71000	686
1786572003	XAUUSD	M15	4403.29000	4409.58000	4410.13000	4402.56000	713
1786572903	XAUUSD	M15	4399.44000	4403.29000	4403.32000	4398.37000	507
1786573803	XAUUSD	M15	4400.04000	4399.44000	4401.88000	4398.69000	535
1786574703	XAUUSD	M15	4402.24000	4400.04000	4403.09000	4399.81000	486
1786575603	XAUUSD	M15	4405.70000	4401.62000	4406.07000	4401.62000	645
1786576503	XAUUSD	M15	4408.41000	4405.70000	4409.84000	4405.69000	616
1786577403	XAUUSD	M15	4408.52000	4408.41000	4410.41000	4407.39000	519
1786578303	XAUUSD	M15	4414.40000	4408.64000	4414.40000	4407.91000	914
1786579203	XAUUSD	M15	4419.12000	4414.41000	4422.02000	4412.99000	1883
1786580103	XAUUSD	M15	4428.38000	4419.12000	4437.48000	4419.10000	1989
1786581003	XAUUSD	M15	4439.70000	4428.34000	4449.65000	4424.63000	2080
1786581903	XAUUSD	M15	4428.16000	4440.07000	4440.19000	4424.20000	1867
1786582803	XAUUSD	M15	4430.30000	4427.97000	4435.41000	4423.02000	2450
1786583703	XAUUSD	M15	4419.34000	4430.30000	4435.48000	4419.03000	2090
1786584603	XAUUSD	M15	4419.41000	4419.20000	4430.17000	4417.89000	2136
1786585503	XAUUSD	M15	4408.47000	4419.42000	4419.42000	4406.16000	2228
1786586403	XAUUSD	M15	4410.58000	4408.49000	4414.20000	4405.51000	2082
1786587303	XAUUSD	M15	4406.39000	4410.63000	4412.36000	4405.93000	1299
1786588203	XAUUSD	M15	4410.24000	4406.57000	4410.24000	4399.17000	2199
1786589103	XAUUSD	M15	4407.24000	4410.28000	4410.57000	4405.48000	1700
1786590003	XAUUSD	M15	4407.02000	4407.05000	4412.25000	4404.20000	1849
1786590903	XAUUSD	M15	4409.25000	4407.02000	4410.28000	4405.65000	1638
1786591803	XAUUSD	M15	4405.84000	4409.29000	4410.50000	4405.42000	1034
1786592703	XAUUSD	M15	4400.36000	4405.85000	4407.50000	4398.70000	1268
1786593603	XAUUSD	M15	4394.62000	4400.30000	4400.51000	4391.67000	1658
1786594503	XAUUSD	M15	4398.10000	4394.62000	4399.18000	4392.63000	1309
1786595403	XAUUSD	M15	4395.85000	4398.08000	4399.59000	4395.25000	1105
1786596303	XAUUSD	M15	4397.90000	4395.90000	4398.86000	4395.30000	1300
1786597203	XAUUSD	M15	4404.53000	4397.89000	4404.85000	4393.10000	1579
1786598103	XAUUSD	M15	4406.26000	4404.63000	4407.18000	4400.88000	1261
1786599003	XAUUSD	M15	4387.70000	4406.51000	4407.00000	4386.50000	2205
1786599903	XAUUSD	M15	4383.12000	4387.69000	4389.50000	4380.56000	2276
1786600803	XAUUSD	M15	4375.96000	4383.12000	4385.53000	4374.99000	2190
1786601703	XAUUSD	M15	4375.87000	4375.98000	4378.80000	4374.26000	1728
1786602603	XAUUSD	M15	4374.23000	4375.88000	4378.71000	4368.85000	1963
1786603503	XAUUSD	M15	4380.98000	4374.25000	4381.60000	4374.16000	1805
1786604403	XAUUSD	M15	4376.95000	4380.98000	4381.79000	4375.19000	1695
1786605303	XAUUSD	M15	4376.51000	4376.95000	4377.73000	4373.75000	1589
1786606203	XAUUSD	M15	4378.46000	4376.56000	4378.65000	4372.24000	1604
1786607103	XAUUSD	M15	4370.01000	4378.59000	4378.80000	4369.28000	1676
1786608003	XAUUSD	M15	4366.14000	4369.50000	4370.61000	4364.16000	1829
1786608903	XAUUSD	M15	4372.52000	4366.12000	4373.62000	4364.95000	1592
1786609803	XAUUSD	M15	4373.63000	4372.65000	4375.76000	4371.85000	1369
1786610703	XAUUSD	M15	4375.86000	4373.65000	4379.21000	4373.48000	1195
1786611603	XAUUSD	M15	4377.04000	4375.82000	4378.38000	4372.55000	1433
1786612503	XAUUSD	M15	4380.03000	4376.80000	4382.30000	4376.27000	1445
1786613403	XAUUSD	M15	4379.93000	4379.92000	4381.66000	4378.71000	1311
1786614303	XAUUSD	M15	4384.45000	4379.93000	4384.82000	4378.40000	1229
1786615203	XAUUSD	M15	4381.50000	4384.44000	4385.31000	4381.38000	1246
1786616103	XAUUSD	M15	4387.10000	4381.52000	4387.54000	4381.52000	1242
1786617003	XAUUSD	M15	4390.55000	4387.07000	4390.55000	4384.52000	1101
1786617903	XAUUSD	M15	4392.15000	4390.66000	4393.81000	4388.21000	1151
1786618803	XAUUSD	M15	4394.31000	4392.19000	4394.39000	4388.44000	1195
1786619703	XAUUSD	M15	4387.97000	4394.31000	4396.49000	4387.97000	1436
1786620603	XAUUSD	M15	4384.21000	4388.20000	4389.93000	4383.91000	1354
1786621503	XAUUSD	M15	4387.75000	4384.10000	4387.91000	4383.03000	1283
1786622403	XAUUSD	M15	4389.06000	4387.68000	4391.57000	4385.79000	1644
1786623303	XAUUSD	M15	4390.91000	4389.02000	4392.75000	4384.11000	1678
1786624203	XAUUSD	M15	4392.17000	4390.96000	4401.35000	4380.89000	2346
1786625103	XAUUSD	M15	4401.82000	4392.18000	4401.83000	4391.83000	1990
1786626003	XAUUSD	M15	4393.74000	4401.94000	4401.94000	4391.12000	2310
1786626903	XAUUSD	M15	4385.17000	4393.93000	4395.29000	4384.05000	2224
1786627803	XAUUSD	M15	4379.63000	4385.39000	4389.87000	4375.43000	2677
1786628703	XAUUSD	M15	4372.77000	4379.34000	4382.97000	4370.82000	2699
1786629603	XAUUSD	M15	4371.01000	4372.95000	4378.91000	4366.78000	2651
1786630503	XAUUSD	M15	4367.77000	4371.01000	4378.18000	4367.70000	2654
1786631403	XAUUSD	M15	4381.06000	4367.77000	4381.54000	4357.73000	2507
1786632303	XAUUSD	M15	4383.59000	4381.10000	4387.03000	4381.06000	2271
1786633203	XAUUSD	M15	4369.74000	4383.60000	4385.58000	4368.33000	2342
1786634103	XAUUSD	M15	4365.36000	4369.56000	4374.07000	4363.50000	2418
1786635003	XAUUSD	M15	4368.44000	4365.30000	4371.52000	4357.43000	2331
1786635903	XAUUSD	M15	4365.04000	4368.54000	4370.89000	4363.28000	1836
1786636803	XAUUSD	M15	4355.28000	4365.04000	4367.36000	4353.96000	2228
1786637703	XAUUSD	M15	4362.82000	4355.11000	4362.84000	4351.40000	2332
1786638603	XAUUSD	M15	4365.71000	4362.58000	4367.13000	4362.58000	1880
1786639503	XAUUSD	M15	4367.07000	4365.76000	4368.44000	4364.10000	1702
1786640403	XAUUSD	M15	4371.51000	4367.03000	4373.42000	4365.21000	1916
1786641303	XAUUSD	M15	4363.08000	4371.51000	4371.90000	4362.54000	2026
1786642203	XAUUSD	M15	4357.19000	4363.11000	4364.43000	4355.67000	1907
1786643103	XAUUSD	M15	4355.93000	4357.19000	4360.14000	4355.72000	1694
1786644003	XAUUSD	M15	4362.04000	4355.95000	4362.77000	4355.89000	1910
1786644903	XAUUSD	M15	4357.58000	4362.04000	4363.67000	4354.78000	1897
1786645803	XAUUSD	M15	4357.97000	4357.65000	4360.39000	4356.42000	1664
1786646703	XAUUSD	M15	4356.90000	4358.05000	4358.28000	4354.72000	1488
1786647603	XAUUSD	M15	4347.06000	4356.89000	4358.83000	4346.10000	1552
1786648503	XAUUSD	M15	4351.40000	4346.99000	4351.55000	4343.75000	1893
1786649403	XAUUSD	M15	4351.36000	4351.41000	4354.14000	4349.82000	1574
1786650303	XAUUSD	M15	4350.35000	4351.36000	4351.42000	4347.75000	1782
1786651203	XAUUSD	M15	4350.26000	4350.29000	4350.60000	4346.93000	1041
1786652103	XAUUSD	M15	4351.70000	4350.35000	4352.27000	4349.34000	746
1786653003	XAUUSD	M15	4349.57000	4351.69000	4351.82000	4348.08000	790
1786653903	XAUUSD	M15	4351.07000	4349.58000	4351.07000	4348.70000	601
1786658403	XAUUSD	M15	4354.08000	4354.29000	4356.93000	4351.91000	591
1786659303	XAUUSD	M15	4357.24000	4354.08000	4357.93000	4352.79000	846
1786660203	XAUUSD	M15	4360.37000	4357.24000	4362.84000	4355.88000	1096
1786661103	XAUUSD	M15	4354.84000	4360.46000	4361.03000	4353.33000	1104
1786662003	XAUUSD	M15	4360.64000	4354.84000	4360.64000	4349.10000	1216
1786662903	XAUUSD	M15	4362.92000	4360.34000	4363.08000	4357.07000	1085
1786663803	XAUUSD	M15	4360.24000	4362.94000	4363.41000	4358.71000	893
1786664703	XAUUSD	M15	4356.74000	4360.44000	4364.17000	4356.57000	1251
1786665603	XAUUSD	M15	4352.21000	4356.31000	4361.95000	4350.53000	1796
1786666503	XAUUSD	M15	4339.36000	4352.20000	4352.22000	4339.36000	1681
1786667403	XAUUSD	M15	4340.16000	4339.33000	4346.98000	4334.56000	1806
1786668303	XAUUSD	M15	4341.22000	4339.82000	4342.71000	4329.57000	2042
1786669203	XAUUSD	M15	4323.79000	4341.28000	4341.57000	4322.09000	2520
1786670103	XAUUSD	M15	4319.55000	4324.10000	4326.10000	4315.01000	2289
1786671003	XAUUSD	M15	4319.66000	4319.59000	4321.42000	4313.34000	2012
1786671903	XAUUSD	M15	4318.21000	4319.76000	4323.44000	4312.38000	2248
1786672803	XAUUSD	M15	4312.43000	4318.22000	4322.82000	4311.05000	1970
1786673703	XAUUSD	M15	4312.92000	4312.43000	4318.29000	4312.43000	1617
1786674603	XAUUSD	M15	4321.26000	4313.01000	4322.63000	4311.59000	1980
1786675503	XAUUSD	M15	4315.78000	4321.25000	4322.05000	4312.90000	1780
1786676403	XAUUSD	M15	4320.15000	4315.89000	4323.74000	4313.72000	1623
1786677303	XAUUSD	M15	4325.74000	4320.16000	4326.01000	4319.93000	1499
1786678203	XAUUSD	M15	4325.66000	4325.75000	4328.15000	4325.21000	1125
1786679103	XAUUSD	M15	4323.67000	4325.77000	4326.96000	4323.65000	838
1786680003	XAUUSD	M15	4326.15000	4323.67000	4327.28000	4322.79000	990
1786680903	XAUUSD	M15	4325.29000	4326.08000	4327.77000	4325.25000	820
1786681803	XAUUSD	M15	4325.35000	4325.29000	4326.57000	4323.34000	1060
1786682703	XAUUSD	M15	4327.03000	4325.33000	4327.04000	4323.95000	817
1786683603	XAUUSD	M15	4320.23000	4327.02000	4327.08000	4319.74000	1224
1786684503	XAUUSD	M15	4318.46000	4320.23000	4320.31000	4317.08000	1052
1786685403	XAUUSD	M15	4317.74000	4318.30000	4324.78000	4311.26000	1889
1786686303	XAUUSD	M15	4333.73000	4317.68000	4333.73000	4317.47000	1884
1786687203	XAUUSD	M15	4332.38000	4333.67000	4336.67000	4329.70000	1883
1786688103	XAUUSD	M15	4329.33000	4332.40000	4333.44000	4328.39000	1519
1786689003	XAUUSD	M15	4333.00000	4329.14000	4333.00000	4328.07000	1405
1786689903	XAUUSD	M15	4335.57000	4333.04000	4335.84000	4332.74000	1483
1786690803	XAUUSD	M15	4331.25000	4335.57000	4337.12000	4331.18000	1285
1786691703	XAUUSD	M15	4331.97000	4331.28000	4336.41000	4329.79000	1193
1786692603	XAUUSD	M15	4339.59000	4331.98000	4340.28000	4331.68000	1191
1786693503	XAUUSD	M15	4343.74000	4339.62000	4345.29000	4339.44000	1391
1786694403	XAUUSD	M15	4347.84000	4343.74000	4348.01000	4341.87000	1600
1786695303	XAUUSD	M15	4345.75000	4347.84000	4349.18000	4343.53000	1365
1786696203	XAUUSD	M15	4343.85000	4345.74000	4349.39000	4343.57000	1251
1786697103	XAUUSD	M15	4348.54000	4343.74000	4349.62000	4342.80000	1048
1786698003	XAUUSD	M15	4350.79000	4348.62000	4351.00000	4346.09000	1176
1786698903	XAUUSD	M15	4351.71000	4350.86000	4354.27000	4348.80000	1219
1786699803	XAUUSD	M15	4353.36000	4351.69000	4354.49000	4350.06000	1157
1786700703	XAUUSD	M15	4357.21000	4353.36000	4357.48000	4352.73000	1092
1786701603	XAUUSD	M15	4354.46000	4357.25000	4358.79000	4353.93000	1150
1786702503	XAUUSD	M15	4351.45000	4354.46000	4355.28000	4350.34000	1131
1786703403	XAUUSD	M15	4351.97000	4351.57000	4352.02000	4348.20000	971
1786704303	XAUUSD	M15	4349.38000	4351.97000	4353.44000	4348.55000	1095
1786705203	XAUUSD	M15	4350.61000	4349.37000	4351.67000	4348.53000	1091
1786706103	XAUUSD	M15	4356.67000	4350.60000	4357.10000	4350.59000	1279
1786707003	XAUUSD	M15	4362.56000	4356.69000	4363.55000	4356.47000	1482
1786707903	XAUUSD	M15	4369.15000	4362.56000	4369.35000	4361.12000	1594
1786708803	XAUUSD	M15	4371.73000	4369.17000	4376.72000	4366.28000	1853
1786709703	XAUUSD	M15	4379.83000	4371.75000	4380.43000	4369.67000	1837
1786710603	XAUUSD	M15	4372.70000	4379.36000	4386.95000	4372.12000	2089
1786711503	XAUUSD	M15	4373.61000	4372.88000	4377.90000	4370.98000	1767
1786712403	XAUUSD	M15	4375.12000	4373.63000	4380.92000	4370.29000	2167
1786713303	XAUUSD	M15	4384.47000	4375.16000	4386.46000	4375.16000	1945
1786714203	XAUUSD	M15	4393.85000	4384.95000	4396.94000	4383.86000	2609
1786715103	XAUUSD	M15	4384.45000	4393.81000	4394.62000	4383.01000	2349
1786716003	XAUUSD	M15	4390.49000	4384.70000	4393.05000	4384.36000	2318
1786716903	XAUUSD	M15	4390.68000	4390.46000	4394.58000	4385.16000	2301
1786717803	XAUUSD	M15	4384.41000	4390.65000	4391.55000	4381.65000	2116
1786718703	XAUUSD	M15	4381.24000	4384.41000	4384.56000	4378.93000	2088
1786719603	XAUUSD	M15	4392.22000	4381.42000	4394.02000	4381.15000	2307
1786720503	XAUUSD	M15	4384.73000	4392.18000	4393.75000	4379.12000	2256
1786721403	XAUUSD	M15	4389.55000	4384.88000	4389.93000	4383.91000	2134
1786722303	XAUUSD	M15	4391.69000	4389.53000	4394.73000	4389.37000	1937
1786723203	XAUUSD	M15	4389.73000	4391.86000	4396.55000	4388.90000	1815
1786724103	XAUUSD	M15	4387.55000	4389.69000	4393.05000	4387.00000	1499
1786725003	XAUUSD	M15	4385.82000	4387.56000	4389.09000	4380.31000	1944
1786725903	XAUUSD	M15	4385.86000	4385.84000	4387.51000	4384.93000	1453
1786726803	XAUUSD	M15	4382.44000	4385.99000	4386.45000	4380.39000	1589
1786727703	XAUUSD	M15	4379.54000	4382.44000	4384.75000	4379.30000	1517
1786728603	XAUUSD	M15	4377.80000	4379.47000	4382.74000	4377.02000	1549
1786729503	XAUUSD	M15	4378.52000	4377.80000	4379.08000	4376.27000	1172
1786730403	XAUUSD	M15	4377.30000	4378.46000	4381.68000	4376.47000	1551
1786731303	XAUUSD	M15	4379.45000	4377.46000	4380.46000	4377.10000	1262
1786732203	XAUUSD	M15	4376.53000	4379.45000	4382.75000	4376.45000	1276
1786733103	XAUUSD	M15	4373.56000	4376.53000	4376.98000	4370.91000	1276
1786734003	XAUUSD	M15	4376.01000	4373.54000	4377.20000	4372.18000	1181
1786734903	XAUUSD	M15	4377.31000	4376.01000	4377.88000	4374.68000	1392
1786735803	XAUUSD	M15	4375.68000	4377.33000	4378.20000	4375.68000	1358
1786736703	XAUUSD	M15	4376.20000	4375.69000	4379.90000	4373.56000	1891
1786737603	XAUUSD	M15	4372.83000	4376.05000	4376.07000	4371.50000	970
1786738503	XAUUSD	M15	4374.77000	4372.83000	4374.93000	4372.72000	573
1786739403	XAUUSD	M15	4375.57000	4374.77000	4377.00000	4373.80000	656
1786740303	XAUUSD	M15	4375.65000	4375.56000	4376.36000	4374.90000	587
1786917603	XAUUSD	M15	4375.77000	4377.05000	4381.83000	4371.91000	1208
1786918503	XAUUSD	M15	4374.77000	4375.87000	4375.93000	4372.76000	765
1786919403	XAUUSD	M15	4377.95000	4374.77000	4379.00000	4374.77000	720
1786920303	XAUUSD	M15	4385.99000	4377.92000	4386.64000	4377.87000	884
1786921203	XAUUSD	M15	4379.63000	4385.90000	4386.18000	4379.54000	851
1786922103	XAUUSD	M15	4374.77000	4379.69000	4381.15000	4372.72000	925
1786923003	XAUUSD	M15	4368.54000	4374.77000	4375.30000	4367.24000	1142
1786923903	XAUUSD	M15	4370.26000	4368.52000	4373.83000	4368.41000	1149
1786924803	XAUUSD	M15	4378.91000	4370.57000	4379.33000	4368.03000	1761
1786925703	XAUUSD	M15	4389.73000	4378.92000	4390.80000	4378.59000	1573
1786926603	XAUUSD	M15	4395.89000	4389.73000	4397.63000	4387.44000	1411
1786927503	XAUUSD	M15	4400.87000	4395.71000	4402.11000	4394.36000	1578
1786928403	XAUUSD	M15	4409.21000	4400.91000	4411.73000	4399.24000	2324
1786929303	XAUUSD	M15	4407.05000	4409.17000	4416.41000	4406.11000	2256
1786930203	XAUUSD	M15	4403.49000	4407.09000	4408.18000	4397.71000	2064
1786931103	XAUUSD	M15	4395.54000	4403.47000	4403.92000	4392.16000	1936
1786932003	XAUUSD	M15	4394.33000	4395.50000	4398.28000	4392.62000	1746
1786932903	XAUUSD	M15	4395.50000	4394.37000	4397.51000	4389.98000	1338
1786933803	XAUUSD	M15	4392.86000	4395.58000	4397.96000	4389.82000	1904
1786934703	XAUUSD	M15	4393.10000	4392.94000	4393.45000	4388.29000	1553
1786935603	XAUUSD	M15	4390.28000	4393.12000	4394.82000	4388.69000	1477
1786936503	XAUUSD	M15	4392.88000	4390.34000	4393.54000	4388.13000	1339
1786937403	XAUUSD	M15	4395.17000	4392.90000	4397.14000	4391.15000	1214
1786938303	XAUUSD	M15	4396.95000	4395.10000	4397.63000	4392.86000	970
1786939203	XAUUSD	M15	4398.19000	4397.02000	4399.54000	4396.38000	1117
1786940103	XAUUSD	M15	4391.12000	4398.22000	4398.63000	4390.29000	946
1786941003	XAUUSD	M15	4395.67000	4391.06000	4396.68000	4389.07000	1056
1786941903	XAUUSD	M15	4390.87000	4395.59000	4397.75000	4389.97000	1037
1786942803	XAUUSD	M15	4387.89000	4390.77000	4393.38000	4387.22000	1144
1786943703	XAUUSD	M15	4399.31000	4387.89000	4399.31000	4386.84000	1214
1786944603	XAUUSD	M15	4395.76000	4399.33000	4401.20000	4392.10000	1888
1786945503	XAUUSD	M15	4394.75000	4395.86000	4397.57000	4392.44000	1633
1786946403	XAUUSD	M15	4396.95000	4394.75000	4398.10000	4392.87000	1682
1786947303	XAUUSD	M15	4398.54000	4396.95000	4399.87000	4392.73000	1675
1786948203	XAUUSD	M15	4396.19000	4398.44000	4398.62000	4393.67000	1512
1786949103	XAUUSD	M15	4403.07000	4396.45000	4404.57000	4396.34000	1694
1786950003	XAUUSD	M15	4396.45000	4403.09000	4404.13000	4396.04000	1587
1786950903	XAUUSD	M15	4404.98000	4396.45000	4405.09000	4396.18000	1486
1786951803	XAUUSD	M15	4409.33000	4405.05000	4411.36000	4404.61000	1621
1786952703	XAUUSD	M15	4405.29000	4409.33000	4409.85000	4403.55000	1196
1786953603	XAUUSD	M15	4402.88000	4405.21000	4405.21000	4397.72000	1543
1786954503	XAUUSD	M15	4402.14000	4402.88000	4403.80000	4400.33000	1168
1786955403	XAUUSD	M15	4396.37000	4401.78000	4402.19000	4396.10000	1195
1786956303	XAUUSD	M15	4395.12000	4396.37000	4396.88000	4392.58000	1252
1786957203	XAUUSD	M15	4399.00000	4395.12000	4400.46000	4393.32000	1232
1786958103	XAUUSD	M15	4396.84000	4399.01000	4399.91000	4395.70000	1128
1786959003	XAUUSD	M15	4394.20000	4397.08000	4397.48000	4393.53000	1245
1786959903	XAUUSD	M15	4395.48000	4394.18000	4395.90000	4392.57000	1212
1786960803	XAUUSD	M15	4395.90000	4395.60000	4396.41000	4393.15000	1060
1786961703	XAUUSD	M15	4405.42000	4395.90000	4405.64000	4391.88000	1190
1786962603	XAUUSD	M15	4398.28000	4405.09000	4405.84000	4395.33000	1689
1786963503	XAUUSD	M15	4398.96000	4398.31000	4399.54000	4396.29000	1112
1786964403	XAUUSD	M15	4399.79000	4399.32000	4403.94000	4397.95000	1390
1786965303	XAUUSD	M15	4403.51000	4399.79000	4404.65000	4397.10000	1260
1786966203	XAUUSD	M15	4399.50000	4403.63000	4404.81000	4399.21000	1247
1786967103	XAUUSD	M15	4396.80000	4399.50000	4400.62000	4395.62000	1156
1786968003	XAUUSD	M15	4393.88000	4396.80000	4397.46000	4391.77000	1627
1786968903	XAUUSD	M15	4385.61000	4393.81000	4398.74000	4382.89000	1785
1786969803	XAUUSD	M15	4378.34000	4385.80000	4390.41000	4378.34000	2004
1786970703	XAUUSD	M15	4384.92000	4378.30000	4386.34000	4377.30000	1824
1786971603	XAUUSD	M15	4386.28000	4385.23000	4389.58000	4381.90000	2200
1786972503	XAUUSD	M15	4386.17000	4386.30000	4389.01000	4382.38000	1828
1786973403	XAUUSD	M15	4386.07000	4386.26000	4391.92000	4385.03000	2548
1786974303	XAUUSD	M15	4408.59000	4385.98000	4415.98000	4384.77000	2657
1786975203	XAUUSD	M15	4412.20000	4408.67000	4412.63000	4403.90000	2456
1786976103	XAUUSD	M15	4418.20000	4412.25000	4427.55000	4411.82000	2650
1786977003	XAUUSD	M15	4417.32000	4418.14000	4424.69000	4416.51000	2368
1786977903	XAUUSD	M15	4417.35000	4417.48000	4420.98000	4414.04000	2266
1786978803	XAUUSD	M15	4421.25000	4417.40000	4422.28000	4415.26000	2143
1786979703	XAUUSD	M15	4425.58000	4421.19000	4426.04000	4419.61000	2270
1786980603	XAUUSD	M15	4419.26000	4425.51000	4426.50000	4419.02000	2167
1786981503	XAUUSD	M15	4427.62000	4419.25000	4427.80000	4417.69000	1891
1786982403	XAUUSD	M15	4426.00000	4427.62000	4428.83000	4424.15000	1823
1786983303	XAUUSD	M15	4424.79000	4426.15000	4427.69000	4422.94000	1719
1786984203	XAUUSD	M15	4424.66000	4424.79000	4427.01000	4422.79000	1515
1786985103	XAUUSD	M15	4424.21000	4424.65000	4425.62000	4422.58000	1411
1786986003	XAUUSD	M15	4422.90000	4424.21000	4426.09000	4421.21000	1718
1786986903	XAUUSD	M15	4416.89000	4422.90000	4423.20000	4413.57000	1995
1786987803	XAUUSD	M15	4417.56000	4416.61000	4418.57000	4411.39000	1913
1786988703	XAUUSD	M15	4413.68000	4417.53000	4420.54000	4413.26000	1489
1786989603	XAUUSD	M15	4413.64000	4413.67000	4414.44000	4410.16000	1697
1786990503	XAUUSD	M15	4406.32000	4413.64000	4416.00000	4404.84000	1696
1786991403	XAUUSD	M15	4401.61000	4406.32000	4406.96000	4398.13000	1744
1786992303	XAUUSD	M15	4406.76000	4401.39000	4407.40000	4400.15000	1398
1786993203	XAUUSD	M15	4408.55000	4406.53000	4408.59000	4400.31000	1537
1786994103	XAUUSD	M15	4414.47000	4408.55000	4417.39000	4408.55000	1719
1786995003	XAUUSD	M15	4419.46000	4414.50000	4420.40000	4414.11000	1610
1786995903	XAUUSD	M15	4419.84000	4419.43000	4421.00000	4416.56000	1868
1786996803	XAUUSD	M15	4417.72000	4419.83000	4421.39000	4416.54000	670
1786997703	XAUUSD	M15	4415.13000	4417.71000	4418.03000	4414.94000	427
1786998603	XAUUSD	M15	4415.44000	4415.13000	4415.89000	4414.53000	551
1786999503	XAUUSD	M15	4416.79000	4415.44000	4416.79000	4414.95000	565
1787004003	XAUUSD	M15	4416.70000	4418.19000	4419.05000	4414.88000	603
1787004903	XAUUSD	M15	4412.46000	4416.70000	4417.26000	4412.00000	762
1787005803	XAUUSD	M15	4414.70000	4412.39000	4415.63000	4411.75000	751
1787006703	XAUUSD	M15	4411.71000	4414.70000	4416.30000	4410.47000	658
1787007603	XAUUSD	M15	4414.78000	4411.89000	4414.89000	4409.74000	722
1787008503	XAUUSD	M15	4420.28000	4414.78000	4421.84000	4414.78000	918
1787009403	XAUUSD	M15	4422.54000	4420.28000	4422.80000	4419.92000	974
1787010303	XAUUSD	M15	4425.86000	4422.60000	4425.92000	4421.55000	1178
1787011203	XAUUSD	M15	4421.90000	4425.86000	4429.46000	4419.11000	1658
1787012103	XAUUSD	M15	4431.46000	4421.89000	4431.58000	4420.99000	1818
1787013003	XAUUSD	M15	4429.48000	4431.37000	4433.41000	4428.36000	1387
1787013903	XAUUSD	M15	4434.57000	4429.48000	4434.92000	4428.50000	1412
1787014803	XAUUSD	M15	4429.16000	4434.43000	4436.11000	4428.53000	2291
1787015703	XAUUSD	M15	4424.86000	4429.14000	4430.75000	4420.30000	2067
1787016603	XAUUSD	M15	4412.20000	4424.86000	4426.22000	4412.20000	1865
1787017503	XAUUSD	M15	4407.99000	4411.77000	4412.19000	4404.16000	2412
1787018403	XAUUSD	M15	4401.14000	4408.03000	4408.11000	4398.64000	2046
1787019303	XAUUSD	M15	4402.27000	4401.15000	4405.55000	4400.58000	1560
1787020203	XAUUSD	M15	4395.00000	4402.36000	4402.71000	4394.07000	2042
1787021103	XAUUSD	M15	4400.07000	4395.10000	4400.39000	4394.42000	1796
1787022003	XAUUSD	M15	4401.61000	4400.08000	4404.16000	4398.98000	1814
1787022903	XAUUSD	M15	4397.24000	4401.61000	4402.18000	4394.32000	1666
1787023803	XAUUSD	M15	4394.83000	4397.24000	4397.24000	4394.62000	1390
1787024703	XAUUSD	M15	4392.02000	4394.81000	4395.05000	4390.69000	1242
1787025603	XAUUSD	M15	4392.44000	4392.00000	4392.95000	4389.98000	1211
1787026503	XAUUSD	M15	4392.51000	4392.44000	4393.73000	4390.85000	1070
1787027403	XAUUSD	M15	4393.68000	4392.49000	4394.35000	4389.17000	1287
1787028303	XAUUSD	M15	4393.70000	4393.59000	4395.51000	4392.14000	994
1787029203	XAUUSD	M15	4391.33000	4393.69000	4394.18000	4390.92000	1245
1787030103	XAUUSD	M15	4391.45000	4391.47000	4396.06000	4391.27000	1142
1787031003	XAUUSD	M15	4393.74000	4391.46000	4393.86000	4386.07000	1940
1787031903	XAUUSD	M15	4394.34000	4393.73000	4397.45000	4393.05000	1654
1787032803	XAUUSD	M15	4395.14000	4394.34000	4395.26000	4387.65000	1862
1787033703	XAUUSD	M15	4399.52000	4395.15000	4399.84000	4393.57000	1584
1787034603	XAUUSD	M15	4397.11000	4399.52000	4400.22000	4395.29000	1307
1787035503	XAUUSD	M15	4398.71000	4397.11000	4399.32000	4397.11000	1256
1787036403	XAUUSD	M15	4397.66000	4398.77000	4400.63000	4396.82000	1464
1787037303	XAUUSD	M15	4403.27000	4397.63000	4403.43000	4397.49000	1175
1787038203	XAUUSD	M15	4401.45000	4403.27000	4403.66000	4396.45000	1376
1787039103	XAUUSD	M15	4395.76000	4401.47000	4402.61000	4395.54000	1305
1787040003	XAUUSD	M15	4392.66000	4395.75000	4396.26000	4388.00000	1800
1787040903	XAUUSD	M15	4389.56000	4392.59000	4393.39000	4386.87000	1596
1787041803	XAUUSD	M15	4396.67000	4389.47000	4398.68000	4389.25000	1512
1787042703	XAUUSD	M15	4393.37000	4396.49000	4396.84000	4391.65000	1316
1787043603	XAUUSD	M15	4392.77000	4393.15000	4393.91000	4391.12000	1439
1787044503	XAUUSD	M15	4389.25000	4392.75000	4392.79000	4388.52000	1402
1787045403	XAUUSD	M15	4388.54000	4389.16000	4394.94000	4387.42000	1448
1787046303	XAUUSD	M15	4393.28000	4388.54000	4394.84000	4387.03000	1357
1787047203	XAUUSD	M15	4394.48000	4393.34000	4395.69000	4392.29000	1300
1787048103	XAUUSD	M15	4392.04000	4394.58000	4396.27000	4389.76000	1092
1787049003	XAUUSD	M15	4398.65000	4392.04000	4398.66000	4391.70000	1090
1787049903	XAUUSD	M15	4397.63000	4398.65000	4399.59000	4396.45000	1090
1787050803	XAUUSD	M15	4393.57000	4397.63000	4399.09000	4392.02000	1208
1787051703	XAUUSD	M15	4390.07000	4393.57000	4394.71000	4389.77000	1232
1787052603	XAUUSD	M15	4390.97000	4390.02000	4392.52000	4388.56000	1353
1787053503	XAUUSD	M15	4395.94000	4390.95000	4396.74000	4389.87000	1249
1787054403	XAUUSD	M15	4393.30000	4395.98000	4397.04000	4390.02000	1732
1787055303	XAUUSD	M15	4395.25000	4393.26000	4400.77000	4391.51000	1729
1787056203	XAUUSD	M15	4392.23000	4395.33000	4398.02000	4391.08000	1653
1787057103	XAUUSD	M15	4394.46000	4392.23000	4396.97000	4390.83000	1564
1787058003	XAUUSD	M15	4395.78000	4394.10000	4397.40000	4388.45000	2031
1787058903	XAUUSD	M15	4388.74000	4395.75000	4396.07000	4388.24000	1949
1787059803	XAUUSD	M15	4401.16000	4389.00000	4406.49000	4375.89000	2814
1787060703	XAUUSD	M15	4394.65000	4401.13000	4402.15000	4389.58000	2687
1787061603	XAUUSD	M15	4393.24000	4394.53000	4406.43000	4391.57000	2635
1787062503	XAUUSD	M15	4394.47000	4393.40000	4404.98000	4392.31000	2475
1787063403	XAUUSD	M15	4380.09000	4394.23000	4396.39000	4377.83000	2597
1787064303	XAUUSD	M15	4366.63000	4379.70000	4388.80000	4363.80000	2659
1787065203	XAUUSD	M15	4360.07000	4366.76000	4377.53000	4359.01000	2777
1787066103	XAUUSD	M15	4354.91000	4359.97000	4365.22000	4351.63000	2709
1787067003	XAUUSD	M15	4358.68000	4354.98000	4362.30000	4354.62000	2547
1787067903	XAUUSD	M15	4364.97000	4358.89000	4366.70000	4358.84000	2093
1787068803	XAUUSD	M15	4367.69000	4364.89000	4371.61000	4364.89000	1896
1787069703	XAUUSD	M15	4364.14000	4368.06000	4369.76000	4363.48000	1857
1787070603	XAUUSD	M15	4367.41000	4364.06000	4368.60000	4362.97000	1849
1787071503	XAUUSD	M15	4363.85000	4367.45000	4368.72000	4363.03000	1700
1787072403	XAUUSD	M15	4366.94000	4363.75000	4367.15000	4363.58000	1772
1787073303	XAUUSD	M15	4365.38000	4366.94000	4368.24000	4363.08000	1775
1787074203	XAUUSD	M15	4358.60000	4365.13000	4366.14000	4358.59000	1769
1787075103	XAUUSD	M15	4357.71000	4358.64000	4360.41000	4356.66000	1620
1787076003	XAUUSD	M15	4357.73000	4357.74000	4358.12000	4352.66000	1663
1787076903	XAUUSD	M15	4360.24000	4357.74000	4361.00000	4355.67000	1588
1787077803	XAUUSD	M15	4354.28000	4360.35000	4360.61000	4353.49000	1348
1787078703	XAUUSD	M15	4354.27000	4354.27000	4356.06000	4352.84000	1243
1787079603	XAUUSD	M15	4356.98000	4354.50000	4358.22000	4354.11000	1281
1787080503	XAUUSD	M15	4354.87000	4357.00000	4358.67000	4352.41000	1318
1787081403	XAUUSD	M15	4349.77000	4354.91000	4357.74000	4349.77000	1594
1787082303	XAUUSD	M15	4345.54000	4349.97000	4353.31000	4338.32000	2306
1787083203	XAUUSD	M15	4341.94000	4345.49000	4346.43000	4340.62000	1111
1787084103	XAUUSD	M15	4337.77000	4341.92000	4342.23000	4333.51000	891
1787085003	XAUUSD	M15	4332.29000	4337.84000	4339.50000	4331.66000	714
1787085903	XAUUSD	M15	4334.40000	4332.10000	4335.45000	4329.16000	1140
1787090403	XAUUSD	M15	4340.73000	4336.17000	4343.25000	4335.63000	515
1787091303	XAUUSD	M15	4336.21000	4340.69000	4342.41000	4333.75000	1036
1787092203	XAUUSD	M15	4333.69000	4336.21000	4336.74000	4332.76000	814
1787093103	XAUUSD	M15	4333.84000	4333.71000	4335.57000	4333.16000	840
1787094003	XAUUSD	M15	4334.14000	4333.84000	4338.39000	4332.73000	1063
1787094903	XAUUSD	M15	4330.49000	4334.14000	4337.47000	4330.05000	1145
1787095803	XAUUSD	M15	4329.90000	4330.54000	4332.76000	4327.25000	1271
1787096703	XAUUSD	M15	4332.99000	4329.82000	4334.23000	4329.53000	1432
1787097603	XAUUSD	M15	4342.94000	4333.02000	4344.87000	4331.50000	2042
1787098503	XAUUSD	M15	4343.03000	4342.87000	4346.13000	4339.11000	1906
1787099403	XAUUSD	M15	4343.59000	4343.09000	4347.15000	4339.68000	1775
1787100303	XAUUSD	M15	4337.78000	4343.64000	4344.77000	4337.08000	1970
1787101203	XAUUSD	M15	4343.87000	4337.19000	4344.00000	4324.63000	2541
1787102103	XAUUSD	M15	4342.32000	4343.89000	4346.28000	4333.09000	2374
1787103003	XAUUSD	M15	4355.66000	4342.32000	4357.66000	4342.32000	2226
1787103903	XAUUSD	M15	4356.62000	4355.61000	4356.80000	4350.61000	1994
1787104803	XAUUSD	M15	4353.64000	4356.62000	4357.38000	4351.73000	1703
1787105703	XAUUSD	M15	4359.67000	4353.67000	4361.90000	4352.47000	1763
1787106603	XAUUSD	M15	4355.41000	4359.66000	4360.20000	4354.17000	1913
1787107503	XAUUSD	M15	4355.03000	4355.60000	4357.39000	4351.57000	1718
1787108403	XAUUSD	M15	4354.60000	4355.12000	4356.06000	4352.10000	1627
1787109303	XAUUSD	M15	4357.07000	4354.60000	4357.88000	4351.80000	1540
1787110203	XAUUSD	M15	4358.41000	4356.95000	4360.25000	4355.90000	1101
1787111103	XAUUSD	M15	4355.05000	4358.47000	4358.93000	4354.85000	962
1787112003	XAUUSD	M15	4354.64000	4355.05000	4356.37000	4353.16000	966
1787112903	XAUUSD	M15	4351.13000	4354.64000	4354.94000	4350.10000	1402
1787113803	XAUUSD	M15	4346.68000	4351.15000	4352.04000	4345.05000	1343
1787114703	XAUUSD	M15	4348.39000	4346.54000	4348.42000	4343.92000	1165
1787115603	XAUUSD	M15	4338.96000	4348.40000	4350.71000	4338.93000	1637
1787116503	XAUUSD	M15	4345.13000	4338.96000	4345.24000	4336.63000	1629
1787117403	XAUUSD	M15	4342.11000	4345.25000	4345.27000	4336.82000	2132
1787118303	XAUUSD	M15	4335.70000	4342.14000	4342.15000	4335.08000	1853
1787119203	XAUUSD	M15	4337.51000	4335.58000	4341.85000	4335.38000	1859
1787120103	XAUUSD	M15	4343.25000	4337.51000	4348.27000	4336.99000	1804
1787121003	XAUUSD	M15	4341.83000	4343.23000	4345.70000	4337.18000	1798
1787121903	XAUUSD	M15	4348.93000	4341.91000	4349.34000	4340.87000	1922
1787122803	XAUUSD	M15	4350.51000	4349.04000	4353.46000	4347.53000	1594
1787123703	XAUUSD	M15	4356.62000	4350.53000	4357.02000	4347.52000	1671
1787124603	XAUUSD	M15	4354.60000	4356.74000	4363.14000	4352.81000	1553
1787125503	XAUUSD	M15	4354.88000	4354.60000	4357.52000	4354.34000	1390
1787126403	XAUUSD	M15	4361.66000	4354.88000	4362.67000	4351.07000	1748
1787127303	XAUUSD	M15	4360.73000	4361.68000	4362.55000	4357.38000	1414
1787128203	XAUUSD	M15	4362.53000	4361.19000	4362.98000	4356.51000	1406
1787129103	XAUUSD	M15	4355.54000	4362.59000	4363.12000	4354.81000	1271
1787130003	XAUUSD	M15	4356.30000	4355.55000	4359.75000	4354.99000	1444
1787130903	XAUUSD	M15	4356.62000	4356.30000	4357.40000	4353.48000	1580
1787131803	XAUUSD	M15	4358.72000	4356.53000	4360.94000	4355.40000	1421
1787132703	XAUUSD	M15	4361.91000	4358.71000	4362.00000	4358.09000	1477
1787133603	XAUUSD	M15	4363.71000	4362.10000	4364.11000	4359.60000	1589
1787134503	XAUUSD	M15	4368.69000	4363.70000	4369.08000	4363.53000	1478
1787135403	XAUUSD	M15	4368.03000	4368.69000	4369.39000	4365.86000	1150
1787136303	XAUUSD	M15	4367.24000	4368.03000	4369.50000	4366.24000	1130
1787137203	XAUUSD	M15	4373.27000	4367.52000	4374.10000	4367.44000	1555
1787138103	XAUUSD	M15	4370.94000	4373.35000	4374.01000	4368.84000	1349
1787139003	XAUUSD	M15	4363.60000	4370.84000	4371.68000	4363.36000	1477
1787139903	XAUUSD	M15	4364.63000	4363.60000	4367.53000	4363.49000	1423
1787140803	XAUUSD	M15	4368.38000	4364.64000	4370.65000	4362.08000	1718
1787141703	XAUUSD	M15	4369.37000	4368.33000	4373.57000	4366.04000	1844
1787142603	XAUUSD	M15	4417.09000	4369.44000	4420.48000	4368.72000	2754
1787143503	XAUUSD	M15	4438.78000	4417.39000	4442.13000	4411.51000	2789
1787144403	XAUUSD	M15	4456.01000	4438.84000	4460.73000	4424.59000	2836
1787145303	XAUUSD	M15	4458.07000	4456.01000	4464.23000	4455.00000	2695
1787146203	XAUUSD	M15	4460.92000	4458.26000	4466.08000	4442.39000	2872
1787147103	XAUUSD	M15	4459.49000	4460.54000	4463.17000	4445.17000	2833
1787148003	XAUUSD	M15	4473.72000	4459.58000	4475.38000	4455.29000	2833
1787148903	XAUUSD	M15	4485.93000	4473.86000	4487.67000	4470.21000	2807
1787149803	XAUUSD	M15	4489.51000	4486.04000	4498.65000	4484.06000	2711
1787150703	XAUUSD	M15	4488.14000	4489.57000	4489.58000	4478.23000	2669
1787151603	XAUUSD	M15	4485.28000	4488.11000	4488.36000	4479.79000	2589
1787152503	XAUUSD	M15	4483.61000	4484.95000	4488.04000	4478.23000	2515
1787153403	XAUUSD	M15	4490.24000	4483.56000	4492.44000	4480.30000	2405
1787154303	XAUUSD	M15	4493.86000	4490.24000	4494.16000	4488.61000	2294
1787155203	XAUUSD	M15	4497.63000	4493.88000	4499.05000	4491.29000	2239
1787156103	XAUUSD	M15	4491.14000	4497.72000	4499.34000	4490.74000	2024
1787157003	XAUUSD	M15	4494.99000	4491.19000	4496.24000	4490.74000	2162
1787157903	XAUUSD	M15	4493.81000	4495.10000	4497.86000	4493.48000	2224
1787158803	XAUUSD	M15	4492.76000	4493.35000	4499.13000	4489.07000	2328
1787159703	XAUUSD	M15	4488.00000	4492.56000	4492.77000	4486.21000	2174
1787160603	XAUUSD	M15	4488.70000	4488.16000	4491.59000	4484.38000	2065
1787161503	XAUUSD	M15	4486.98000	4488.62000	4489.49000	4484.41000	1834
1787162403	XAUUSD	M15	4487.89000	4487.20000	4496.42000	4485.64000	2314
1787163303	XAUUSD	M15	4475.33000	4487.91000	4487.94000	4472.89000	2124
1787164203	XAUUSD	M15	4490.38000	4475.44000	4491.72000	4472.30000	2261
1787165103	XAUUSD	M15	4495.14000	4490.42000	4496.69000	4489.43000	1831
1787166003	XAUUSD	M15	4503.27000	4495.17000	4505.53000	4494.52000	2221
1787166903	XAUUSD	M15	4507.34000	4503.27000	4507.73000	4502.70000	2083
1787167803	XAUUSD	M15	4507.00000	4507.41000	4510.73000	4502.68000	2210
1787168703	XAUUSD	M15	4511.44000	4507.00000	4512.20000	4505.21000	2442
1787169603	XAUUSD	M15	4506.92000	4511.27000	4511.90000	4505.09000	1072
1787170503	XAUUSD	M15	4518.62000	4506.92000	4521.86000	4506.48000	1174
1787171403	XAUUSD	M15	4519.36000	4518.26000	4523.48000	4517.95000	1101
1787172303	XAUUSD	M15	4523.05000	4519.45000	4524.23000	4519.45000	1031
1787176803	XAUUSD	M15	4520.10000	4522.96000	4527.47000	4518.92000	1340
1787177703	XAUUSD	M15	4520.91000	4520.09000	4521.38000	4519.11000	930
1787178603	XAUUSD	M15	4518.46000	4520.91000	4522.00000	4517.45000	1035
1787179503	XAUUSD	M15	4518.85000	4518.46000	4521.78000	4516.55000	896
1787180403	XAUUSD	M15	4519.33000	4518.91000	4523.65000	4517.29000	1279
1787181303	XAUUSD	M15	4517.58000	4519.34000	4520.19000	4515.33000	932
1787182203	XAUUSD	M15	4514.27000	4517.58000	4518.18000	4513.59000	929
1787183103	XAUUSD	M15	4511.63000	4514.27000	4517.41000	4511.34000	1131
1787184003	XAUUSD	M15	4515.86000	4511.42000	4518.41000	4510.32000	2177
1787184903	XAUUSD	M15	4510.37000	4516.01000	4521.06000	4508.48000	2018
1787185803	XAUUSD	M15	4506.22000	4510.37000	4513.28000	4503.95000	1664
1787186703	XAUUSD	M15	4504.61000	4505.81000	4510.38000	4503.93000	1922
1787187603	XAUUSD	M15	4493.30000	4504.97000	4510.04000	4491.56000	2626
1787188503	XAUUSD	M15	4500.41000	4493.26000	4503.44000	4493.20000	2362
1787189403	XAUUSD	M15	4493.80000	4500.24000	4501.08000	4493.47000	2393
1787190303	XAUUSD	M15	4489.77000	4493.84000	4495.47000	4484.43000	2208
1787191203	XAUUSD	M15	4497.71000	4489.89000	4499.65000	4488.59000	2283
1787192103	XAUUSD	M15	4492.95000	4497.71000	4497.77000	4489.35000	1621
1787193003	XAUUSD	M15	4490.55000	4493.00000	4494.49000	4490.18000	1933
1787193903	XAUUSD	M15	4490.68000	4490.55000	4494.48000	4488.97000	1624
1787194803	XAUUSD	M15	4492.80000	4490.77000	4497.08000	4488.00000	1807
1787195703	XAUUSD	M15	4493.42000	4492.80000	4496.43000	4490.33000	1670
1787196603	XAUUSD	M15	4497.82000	4493.42000	4498.59000	4492.29000	1381
1787197503	XAUUSD	M15	4498.80000	4497.81000	4500.90000	4496.79000	1349
1787198403	XAUUSD	M15	4496.38000	4498.80000	4499.23000	4494.86000	1307
1787199303	XAUUSD	M15	4489.79000	4496.38000	4497.19000	4489.69000	1245
1787200203	XAUUSD	M15	4487.19000	4489.84000	4490.93000	4486.21000	1346
1787201103	XAUUSD	M15	4488.46000	4487.15000	4491.52000	4486.99000	1102
1787202003	XAUUSD	M15	4485.39000	4488.46000	4494.04000	4484.14000	1270
1787202903	XAUUSD	M15	4483.32000	4485.44000	4487.03000	4482.96000	1325
1787203803	XAUUSD	M15	4480.77000	4483.22000	4485.92000	4478.04000	1989
1787204703	XAUUSD	M15	4481.29000	4480.73000	4483.29000	4477.88000	1691
1787205603	XAUUSD	M15	4492.75000	4481.34000	4493.45000	4480.01000	1781
1787206503	XAUUSD	M15	4494.04000	4492.89000	4495.80000	4491.86000	1586
1787207403	XAUUSD	M15	4492.56000	4494.04000	4495.52000	4491.90000	1427
1787208303	XAUUSD	M15	4493.86000	4492.49000	4495.43000	4491.28000	1473
1787209203	XAUUSD	M15	4487.92000	4493.86000	4493.86000	4487.28000	1577
1787210103	XAUUSD	M15	4484.05000	4487.92000	4490.46000	4483.70000	1423
1787211003	XAUUSD	M15	4491.22000	4484.04000	4493.34000	4483.56000	1762
1787211903	XAUUSD	M15	4490.92000	4491.28000	4493.62000	4488.37000	1440
1787212803	XAUUSD	M15	4494.47000	4490.92000	4495.37000	4490.63000	1828
1787213703	XAUUSD	M15	4491.51000	4494.39000	4498.59000	4490.09000	1754
1787214603	XAUUSD	M15	4490.64000	4491.47000	4495.37000	4487.27000	1798
1787215503	XAUUSD	M15	4489.37000	4490.64000	4492.12000	4487.60000	1448
1787216403	XAUUSD	M15	4492.37000	4489.38000	4494.23000	4488.35000	1498
1787217303	XAUUSD	M15	4490.09000	4492.37000	4493.80000	4488.25000	1394
1787218203	XAUUSD	M15	4489.24000	4489.96000	4490.59000	4484.56000	1501
1787219103	XAUUSD	M15	4482.68000	4489.05000	4489.05000	4481.89000	1468
1787220003	XAUUSD	M15	4490.44000	4482.65000	4491.32000	4480.89000	1508
1787220903	XAUUSD	M15	4493.88000	4490.55000	4494.07000	4486.50000	1437
1787221803	XAUUSD	M15	4491.14000	4493.81000	4494.66000	4490.04000	1495
1787222703	XAUUSD	M15	4490.00000	4491.14000	4491.25000	4487.56000	1330
1787223603	XAUUSD	M15	4484.99000	4490.11000	4491.30000	4482.97000	1722
1787224503	XAUUSD	M15	4484.20000	4485.31000	4489.76000	4481.18000	1542
1787225403	XAUUSD	M15	4474.72000	4484.23000	4486.94000	4474.39000	1794
1787226303	XAUUSD	M15	4467.02000	4474.89000	4475.70000	4465.40000	2196
1787227203	XAUUSD	M15	4462.42000	4467.14000	4467.35000	4450.57000	2560
1787228103	XAUUSD	M15	4459.28000	4462.42000	4467.88000	4457.09000	2297
1787229003	XAUUSD	M15	4466.69000	4459.92000	4466.94000	4451.15000	2329
1787229903	XAUUSD	M15	4474.77000	4466.50000	4477.02000	4464.02000	2010
1787230803	XAUUSD	M15	4473.03000	4474.73000	4484.53000	4471.97000	2533
1787231703	XAUUSD	M15	4471.90000	4472.93000	4476.58000	4470.35000	2294
1787232603	XAUUSD	M15	4486.58000	4471.94000	4487.67000	4469.43000	2804
1787233503	XAUUSD	M15	4481.60000	4486.50000	4489.21000	4479.45000	2662
1787234403	XAUUSD	M15	4485.03000	4481.72000	4490.66000	4480.86000	2706
1787235303	XAUUSD	M15	4491.64000	4485.05000	4493.80000	4481.82000	2744
1787236203	XAUUSD	M15	4499.18000	4491.85000	4501.11000	4491.72000	2527
1787237103	XAUUSD	M15	4516.02000	4499.09000	4516.31000	4498.61000	2518
1787238003	XAUUSD	M15	4534.50000	4516.17000	4537.42000	4515.37000	2895
1787238903	XAUUSD	M15	4532.44000	4534.51000	4540.83000	4523.77000	2808
1787239803	XAUUSD	M15	4511.54000	4532.43000	4533.56000	4509.90000	2667
1787240703	XAUUSD	M15	4521.56000	4511.60000	4524.06000	4510.97000	2589
1787241603	XAUUSD	M15	4511.21000	4521.91000	4524.73000	4510.45000	2414
1787242503	XAUUSD	M15	4509.39000	4511.18000	4513.18000	4505.54000	2252
1787243403	XAUUSD	M15	4509.24000	4509.34000	4512.77000	4502.77000	2202
1787244303	XAUUSD	M15	4510.04000	4509.24000	4513.57000	4507.46000	1943
1787245203	XAUUSD	M15	4509.51000	4510.04000	4513.63000	4507.95000	1666
1787246103	XAUUSD	M15	4513.01000	4509.42000	4516.58000	4507.98000	1968
1787247003	XAUUSD	M15	4518.26000	4512.97000	4518.64000	4510.90000	1787
1787247903	XAUUSD	M15	4519.86000	4518.21000	4520.42000	4517.18000	1655
1787248803	XAUUSD	M15	4510.96000	4519.89000	4522.47000	4509.40000	2058
1787249703	XAUUSD	M15	4518.94000	4510.72000	4520.06000	4508.46000	1990
1787250603	XAUUSD	M15	4520.21000	4518.94000	4523.37000	4518.39000	1857
1787251503	XAUUSD	M15	4521.99000	4520.11000	4525.23000	4517.89000	1850
1787252403	XAUUSD	M15	4527.52000	4521.99000	4528.14000	4518.22000	1622
1787253303	XAUUSD	M15	4522.80000	4527.62000	4529.37000	4522.71000	1641
1787254203	XAUUSD	M15	4526.40000	4522.78000	4529.56000	4522.05000	1784
1787255103	XAUUSD	M15	4528.79000	4526.29000	4532.11000	4524.95000	2197
1787256003	XAUUSD	M15	4522.42000	4528.67000	4529.13000	4522.42000	1073
1787256903	XAUUSD	M15	4520.79000	4522.42000	4522.71000	4520.47000	721
1787257803	XAUUSD	M15	4518.31000	4520.92000	4520.99000	4516.79000	742
1787258703	XAUUSD	M15	4519.31000	4518.26000	4521.32000	4517.98000	678
1787263203	XAUUSD	M15	4518.46000	4518.38000	4520.94000	4516.78000	755
1787264103	XAUUSD	M15	4519.41000	4518.46000	4520.66000	4517.96000	810
1787265003	XAUUSD	M15	4522.65000	4519.40000	4523.55000	4518.31000	818
1787265903	XAUUSD	M15	4524.20000	4522.66000	4524.50000	4519.62000	777
1787266803	XAUUSD	M15	4531.78000	4524.20000	4532.86000	4523.57000	1019
1787267703	XAUUSD	M15	4527.01000	4531.70000	4532.18000	4522.72000	973
1787268603	XAUUSD	M15	4524.64000	4526.93000	4528.52000	4521.12000	976
1787269503	XAUUSD	M15	4526.30000	4524.64000	4528.15000	4523.28000	1015
1787270403	XAUUSD	M15	4518.46000	4526.26000	4527.24000	4517.36000	1769
1787271303	XAUUSD	M15	4514.95000	4518.46000	4520.53000	4513.70000	1782
1787272203	XAUUSD	M15	4513.73000	4514.93000	4517.11000	4510.72000	1677
1787273103	XAUUSD	M15	4510.56000	4513.73000	4513.98000	4509.86000	1539
1787274003	XAUUSD	M15	4520.74000	4510.82000	4521.09000	4508.89000	2525
1787274903	XAUUSD	M15	4529.36000	4520.72000	4530.56000	4520.38000	2192
1787275803	XAUUSD	M15	4525.94000	4529.36000	4543.78000	4523.86000	2383
1787276703	XAUUSD	M15	4530.72000	4526.09000	4533.36000	4525.49000	2093
1787277603	XAUUSD	M15	4521.01000	4530.66000	4531.23000	4518.45000	2160
1787278503	XAUUSD	M15	4527.35000	4521.07000	4529.36000	4520.19000	1549
1787279403	XAUUSD	M15	4537.89000	4527.36000	4538.18000	4525.35000	1973
1787280303	XAUUSD	M15	4533.78000	4538.22000	4542.76000	4532.45000	1915
1787281203	XAUUSD	M15	4532.50000	4533.70000	4538.27000	4531.83000	1699
1787282103	XAUUSD	M15	4529.60000	4532.52000	4534.79000	4529.60000	1568
1787283003	XAUUSD	M15	4529.25000	4529.60000	4535.81000	4526.65000	1372
1787283903	XAUUSD	M15	4535.52000	4529.20000	4535.75000	4528.24000	1058
1787284803	XAUUSD	M15	4539.92000	4535.55000	4541.10000	4535.48000	1320
1787285703	XAUUSD	M15	4546.76000	4539.90000	4547.29000	4537.35000	1404
1787286603	XAUUSD	M15	4541.65000	4546.80000	4548.16000	4540.76000	1153
1787287503	XAUUSD	M15	4540.56000	4541.65000	4542.38000	4540.14000	956
1787288403	XAUUSD	M15	4537.27000	4540.51000	4540.69000	4534.75000	1161
1787289303	XAUUSD	M15	4530.60000	4537.16000	4538.79000	4530.60000	1267
1787290203	XAUUSD	M15	4543.39000	4530.60000	4543.57000	4529.36000	1941
1787291103	XAUUSD	M15	4553.45000	4543.39000	4556.22000	4541.82000	1888
1787292003	XAUUSD	M15	4548.86000	4553.42000	4555.24000	4545.59000	1940
1787292903	XAUUSD	M15	4555.43000	4548.87000	4557.79000	4548.87000	1883
1787293803	XAUUSD	M15	4562.56000	4555.40000	4565.83000	4554.49000	1923
1787294703	XAUUSD	M15	4560.86000	4562.47000	4567.57000	4560.86000	1706
1787295603	XAUUSD	M15	4561.45000	4560.92000	4566.04000	4558.56000	1593
1787296503	XAUUSD	M15	4561.77000	4561.49000	4567.92000	4559.83000	1486
1787297403	XAUUSD	M15	4564.27000	4561.77000	4566.12000	4560.24000	1545
1787298303	XAUUSD	M15	4564.27000	4564.27000	4568.02000	4560.90000	1507
1787299203	XAUUSD	M15	4565.54000	4564.31000	4568.03000	4559.13000	1823
1787300103	XAUUSD	M15	4579.29000	4565.55000	4581.74000	4563.96000	1927
1787301003	XAUUSD	M15	4582.53000	4579.37000	4584.31000	4576.52000	1842
1787301903	XAUUSD	M15	4584.24000	4582.50000	4584.98000	4580.42000	1404
1787302803	XAUUSD	M15	4599.19000	4584.24000	4600.51000	4582.27000	1785
1787303703	XAUUSD	M15	4582.24000	4599.24000	4601.72000	4581.37000	1924
1787304603	XAUUSD	M15	4583.21000	4582.25000	4586.87000	4580.77000	1451
1787305503	XAUUSD	M15	4582.72000	4583.24000	4585.48000	4580.43000	1301
1787306403	XAUUSD	M15	4578.79000	4582.70000	4588.99000	4577.97000	1699
1787307303	XAUUSD	M15	4588.57000	4578.80000	4589.33000	4578.61000	1542
1787308203	XAUUSD	M15	4593.26000	4588.57000	4594.12000	4585.67000	1361
1787309103	XAUUSD	M15	4588.42000	4593.30000	4593.69000	4587.88000	1506
1787310003	XAUUSD	M15	4590.58000	4588.50000	4595.50000	4587.20000	1657
1787310903	XAUUSD	M15	4598.52000	4590.58000	4601.16000	4590.58000	1911
1787311803	XAUUSD	M15	4597.30000	4598.51000	4604.61000	4593.40000	2024
1787312703	XAUUSD	M15	4597.00000	4597.15000	4600.63000	4595.79000	1648
1787313603	XAUUSD	M15	4592.83000	4597.02000	4601.59000	4589.13000	2063
1787314503	XAUUSD	M15	4584.82000	4592.86000	4595.82000	4582.15000	2005
1787315403	XAUUSD	M15	4573.67000	4584.80000	4584.80000	4563.58000	2249
1787316303	XAUUSD	M15	4578.03000	4573.37000	4581.04000	4573.18000	1828
1787317203	XAUUSD	M15	4584.71000	4578.00000	4586.99000	4575.94000	2332
1787318103	XAUUSD	M15	4584.13000	4584.99000	4587.71000	4579.32000	2200
1787319003	XAUUSD	M15	4587.54000	4584.13000	4590.91000	4573.51000	2788
1787319903	XAUUSD	M15	4581.04000	4584.79000	4592.90000	4576.87000	2617
1787320803	XAUUSD	M15	4589.57000	4580.93000	4590.73000	4579.94000	2600
1787321703	XAUUSD	M15	4603.14000	4589.81000	4603.22000	4586.45000	2656
1787322603	XAUUSD	M15	4582.40000	4603.14000	4603.70000	4580.70000	2764
1787323503	XAUUSD	M15	4591.56000	4582.58000	4595.20000	4580.67000	2538
1787324403	XAUUSD	M15	4595.16000	4591.50000	4598.05000	4587.31000	2326
1787325303	XAUUSD	M15	4602.90000	4595.11000	4607.28000	4595.10000	2249
1787326203	XAUUSD	M15	4609.52000	4603.01000	4610.50000	4599.64000	2409
1787327103	XAUUSD	M15	4614.54000	4609.53000	4615.26000	4607.10000	2432
1787328003	XAUUSD	M15	4614.50000	4614.57000	4617.81000	4609.13000	2323
1787328903	XAUUSD	M15	4614.05000	4614.48000	4620.73000	4610.68000	2241
1787329803	XAUUSD	M15	4621.57000	4614.05000	4622.09000	4612.27000	2056
1787330703	XAUUSD	M15	4628.85000	4621.59000	4629.05000	4621.15000	2078
1787331603	XAUUSD	M15	4623.34000	4628.89000	4631.98000	4621.79000	2236
1787332503	XAUUSD	M15	4622.16000	4623.29000	4626.00000	4615.37000	2384
1787333403	XAUUSD	M15	4619.52000	4622.07000	4624.66000	4618.93000	1981
1787334303	XAUUSD	M15	4620.54000	4619.51000	4622.46000	4616.96000	1933
1787335203	XAUUSD	M15	4624.13000	4620.54000	4627.70000	4620.36000	1615
1787336103	XAUUSD	M15	4625.17000	4624.13000	4627.64000	4624.10000	1499
1787337003	XAUUSD	M15	4620.88000	4625.15000	4625.17000	4619.55000	1833
1787337903	XAUUSD	M15	4624.34000	4620.88000	4625.77000	4620.85000	1654
1787338803	XAUUSD	M15	4622.74000	4624.63000	4625.54000	4618.53000	1787
1787339703	XAUUSD	M15	4618.10000	4622.74000	4623.37000	4618.06000	1716
1787340603	XAUUSD	M15	4618.06000	4618.10000	4619.68000	4615.82000	1763
1787341503	XAUUSD	M15	4616.92000	4618.12000	4623.68000	4615.71000	2098
1787342403	XAUUSD	M15	4616.85000	4616.99000	4617.71000	4615.07000	941
1787343303	XAUUSD	M15	4610.87000	4617.45000	4617.61000	4610.27000	1113
1787344203	XAUUSD	M15	4607.97000	4610.94000	4611.97000	4607.58000	1113
1787345103	XAUUSD	M15	4603.89000	4608.04000	4608.77000	4602.79000	1117
1787522403	XAUUSD	M15	4617.50000	4616.95000	4624.19000	4607.62000	1433
1787523303	XAUUSD	M15	4614.29000	4617.50000	4620.94000	4612.84000	1048
1787524203	XAUUSD	M15	4611.00000	4614.29000	4617.10000	4606.97000	1148
1787525103	XAUUSD	M15	4606.20000	4611.00000	4611.14000	4606.11000	1045
1787526003	XAUUSD	M15	4607.53000	4606.18000	4609.33000	4604.74000	1019
1787526903	XAUUSD	M15	4615.15000	4607.53000	4616.14000	4606.85000	1109
1787527803	XAUUSD	M15	4608.37000	4615.15000	4619.36000	4607.69000	1244
1787528703	XAUUSD	M15	4624.17000	4608.37000	4624.64000	4608.20000	1828
1787529603	XAUUSD	M15	4637.28000	4624.17000	4640.69000	4620.16000	2394
1787530503	XAUUSD	M15	4604.95000	4637.16000	4640.43000	4594.67000	2494
1787531403	XAUUSD	M15	4607.16000	4604.93000	4608.94000	4601.22000	2182
1787532303	XAUUSD	M15	4621.65000	4607.16000	4623.35000	4604.00000	2014
1787533203	XAUUSD	M15	4622.13000	4621.63000	4635.22000	4618.88000	2638
1787534103	XAUUSD	M15	4614.73000	4622.11000	4625.75000	4611.31000	2558
1787535003	XAUUSD	M15	4618.37000	4614.59000	4621.20000	4608.07000	2484
1787535903	XAUUSD	M15	4632.11000	4618.29000	4637.63000	4615.23000	2336
1787536803	XAUUSD	M15	4650.28000	4632.12000	4652.01000	4627.90000	2523
1787537703	XAUUSD	M15	4655.38000	4650.26000	4655.48000	4649.10000	1948
1787538603	XAUUSD	M15	4637.58000	4655.51000	4656.64000	4637.37000	2398
1787539503	XAUUSD	M15	4643.66000	4637.56000	4644.71000	4627.63000	2391
1787540403	XAUUSD	M15	4637.15000	4643.62000	4643.87000	4633.43000	2044
1787541303	XAUUSD	M15	4643.82000	4637.15000	4648.50000	4635.53000	2106
1787542203	XAUUSD	M15	4642.94000	4643.81000	4650.03000	4642.72000	1713
1787543103	XAUUSD	M15	4641.66000	4642.70000	4644.89000	4640.14000	1384
1787544003	XAUUSD	M15	4638.64000	4641.65000	4642.69000	4632.63000	1725
1787544903	XAUUSD	M15	4640.62000	4638.69000	4642.04000	4634.67000	1586
1787545803	XAUUSD	M15	4638.18000	4640.62000	4640.75000	4633.07000	1497
1787546703	XAUUSD	M15	4638.97000	4638.17000	4640.47000	4635.92000	1354
1787547603	XAUUSD	M15	4643.54000	4638.95000	4643.54000	4638.74000	1596
1787548503	XAUUSD	M15	4636.12000	4643.44000	4646.63000	4636.11000	1561
1787549403	XAUUSD	M15	4633.57000	4635.42000	4639.67000	4630.03000	2318
1787550303	XAUUSD	M15	4640.67000	4633.53000	4643.00000	4630.22000	2178
1787551203	XAUUSD	M15	4652.19000	4640.91000	4652.35000	4639.47000	2292
1787552103	XAUUSD	M15	4642.63000	4651.74000	4659.72000	4640.92000	2338
1787553003	XAUUSD	M15	4642.82000	4642.89000	4653.68000	4641.97000	2137
1787553903	XAUUSD	M15	4649.95000	4643.10000	4653.81000	4643.05000	2047
1787554803	XAUUSD	M15	4648.14000	4649.95000	4654.45000	4644.34000	1991
1787555703	XAUUSD	M15	4642.73000	4648.50000	4650.34000	4642.36000	1820
1787556603	XAUUSD	M15	4634.85000	4642.72000	4648.07000	4634.85000	1847
1787557503	XAUUSD	M15	4641.51000	4634.85000	4643.78000	4630.35000	1943
1787558403	XAUUSD	M15	4637.63000	4641.56000	4645.31000	4636.03000	2117
1787559303	XAUUSD	M15	4629.65000	4637.50000	4639.72000	4629.65000	1856
1787560203	XAUUSD	M15	4645.24000	4629.48000	4646.04000	4628.93000	1677
1787561103	XAUUSD	M15	4638.13000	4645.28000	4645.95000	4636.16000	1591
1787562003	XAUUSD	M15	4641.88000	4638.04000	4644.70000	4637.25000	1586
1787562903	XAUUSD	M15	4635.87000	4641.88000	4641.92000	4634.97000	1421
1787563803	XAUUSD	M15	4639.21000	4635.97000	4640.71000	4632.75000	1541
1787564703	XAUUSD	M15	4645.83000	4639.12000	4645.88000	4638.96000	1363
1787565603	XAUUSD	M15	4648.11000	4645.78000	4650.11000	4645.32000	1524
1787566503	XAUUSD	M15	4643.23000	4648.12000	4648.47000	4642.24000	1516
1787567403	XAUUSD	M15	4644.17000	4643.11000	4648.90000	4642.68000	1466
1787568303	XAUUSD	M15	4643.31000	4644.17000	4647.19000	4641.75000	1527
1787569203	XAUUSD	M15	4642.16000	4643.28000	4646.97000	4639.17000	1803
1787570103	XAUUSD	M15	4646.32000	4642.16000	4647.66000	4640.45000	1453
1787571003	XAUUSD	M15	4658.83000	4646.61000	4670.09000	4643.50000	2519
1787571903	XAUUSD	M15	4657.93000	4658.82000	4661.53000	4648.39000	2123
1787572803	XAUUSD	M15	4657.26000	4657.60000	4659.99000	4650.16000	2010
1787573703	XAUUSD	M15	4661.74000	4657.25000	4662.68000	4651.83000	2025
1787574603	XAUUSD	M15	4657.41000	4661.73000	4668.37000	4645.61000	2190
1787575503	XAUUSD	M15	4662.86000	4657.43000	4667.36000	4654.61000	1954
1787576403	XAUUSD	M15	4677.27000	4662.79000	4677.83000	4661.58000	2513
1787577303	XAUUSD	M15	4672.27000	4677.14000	4678.05000	4667.85000	2413
1787578203	XAUUSD	M15	4658.95000	4672.28000	4680.85000	4658.60000	2891
1787579103	XAUUSD	M15	4664.69000	4658.79000	4677.98000	4656.41000	2835
1787580003	XAUUSD	M15	4665.66000	4664.83000	4671.98000	4659.90000	2788
1787580903	XAUUSD	M15	4671.60000	4665.67000	4674.86000	4655.55000	2717
1787581803	XAUUSD	M15	4672.03000	4671.65000	4678.59000	4669.86000	2599
1787582703	XAUUSD	M15	4670.31000	4672.05000	4675.68000	4656.96000	2549
1787583603	XAUUSD	M15	4672.82000	4670.33000	4676.60000	4665.34000	2524
1787584503	XAUUSD	M15	4675.87000	4672.92000	4679.36000	4668.26000	2385
1787585403	XAUUSD	M15	4660.86000	4675.84000	4677.00000	4659.65000	2538
1787586303	XAUUSD	M15	4649.27000	4660.87000	4663.15000	4639.96000	2637
1787587203	XAUUSD	M15	4657.31000	4649.56000	4661.65000	4646.62000	2512
1787588103	XAUUSD	M15	4658.82000	4657.32000	4660.39000	4655.92000	2110
1787589003	XAUUSD	M15	4659.78000	4658.81000	4662.11000	4658.37000	1932
1787589903	XAUUSD	M15	4645.02000	4659.64000	4660.09000	4642.26000	2249
1787590803	XAUUSD	M15	4651.74000	4644.96000	4655.14000	4641.75000	2522
1787591703	XAUUSD	M15	4638.53000	4651.53000	4654.07000	4630.41000	2624
1787592603	XAUUSD	M15	4638.66000	4638.63000	4643.10000	4635.69000	2274
1787593503	XAUUSD	M15	4636.86000	4638.61000	4639.01000	4632.91000	2059
1787594403	XAUUSD	M15	4632.03000	4636.71000	4640.88000	4625.26000	2293
1787595303	XAUUSD	M15	4640.31000	4632.04000	4642.12000	4627.28000	2203
1787596203	XAUUSD	M15	4634.95000	4640.44000	4641.77000	4625.35000	1985
1787597103	XAUUSD	M15	4636.55000	4634.92000	4637.65000	4631.51000	1937
1787598003	XAUUSD	M15	4636.33000	4636.47000	4640.68000	4635.97000	1865
1787598903	XAUUSD	M15	4641.44000	4636.29000	4644.84000	4635.94000	1791
1787599803	XAUUSD	M15	4650.01000	4641.42000	4650.88000	4640.24000	2053
1787600703	XAUUSD	M15	4651.74000	4650.10000	4655.80000	4649.98000	2222
1787601603	XAUUSD	M15	4650.39000	4651.90000	4655.23000	4650.26000	1067
1787602503	XAUUSD	M15	4649.24000	4650.41000	4653.65000	4648.81000	719
1787603403	XAUUSD	M15	4647.76000	4649.16000	4649.96000	4647.33000	574
1787604303	XAUUSD	M15	4651.30000	4647.97000	4652.51000	4647.19000	892
1787608803	XAUUSD	M15	4658.78000	4654.77000	4660.70000	4652.56000	995
1787609703	XAUUSD	M15	4657.83000	4658.72000	4659.64000	4656.88000	705
1787610603	XAUUSD	M15	4661.57000	4657.79000	4661.62000	4657.34000	702
1787611503	XAUUSD	M15	4667.79000	4661.54000	4668.50000	4661.01000	742
1787612403	XAUUSD	M15	4672.12000	4667.74000	4672.38000	4666.95000	848
1787613303	XAUUSD	M15	4669.22000	4672.12000	4676.84000	4669.17000	1029
1787614203	XAUUSD	M15	4676.43000	4669.21000	4676.85000	4667.62000	1218
1787615103	XAUUSD	M15	4679.89000	4676.43000	4682.82000	4674.95000	1477
1787616003	XAUUSD	M15	4690.46000	4679.89000	4691.65000	4675.49000	2293
1787616903	XAUUSD	M15	4682.28000	4690.47000	4691.16000	4676.73000	2173
1787617803	XAUUSD	M15	4693.41000	4682.35000	4696.53000	4681.75000	2199
1787618703	XAUUSD	M15	4684.21000	4693.66000	4694.71000	4684.21000	2047
1787619603	XAUUSD	M15	4678.36000	4684.58000	4686.17000	4671.07000	2622
1787620503	XAUUSD	M15	4669.64000	4678.35000	4680.12000	4664.32000	2466
1787621403	XAUUSD	M15	4670.72000	4669.56000	4674.65000	4666.81000	2445
1787622303	XAUUSD	M15	4658.07000	4670.72000	4675.58000	4656.59000	2375
1787623203	XAUUSD	M15	4641.96000	4658.19000	4661.44000	4638.37000	2655
1787624103	XAUUSD	M15	4656.55000	4641.92000	4656.95000	4641.09000	1992
1787625003	XAUUSD	M15	4631.50000	4656.62000	4656.62000	4631.04000	2460
1787625903	XAUUSD	M15	4629.55000	4630.89000	4637.47000	4618.34000	2543
1787626803	XAUUSD	M15	4633.67000	4629.51000	4638.21000	4622.38000	2383
1787627703	XAUUSD	M15	4637.85000	4633.67000	4638.39000	4632.08000	2088
1787628603	XAUUSD	M15	4634.46000	4637.85000	4641.40000	4633.99000	1561
1787629503	XAUUSD	M15	4633.72000	4634.31000	4635.92000	4631.61000	1499
1787630403	XAUUSD	M15	4637.16000	4633.72000	4637.71000	4630.92000	1448
1787631303	XAUUSD	M15	4630.78000	4637.16000	4637.16000	4628.89000	1445
1787632203	XAUUSD	M15	4625.98000	4630.85000	4632.80000	4623.86000	1779
1787633103	XAUUSD	M15	4625.94000	4625.93000	4628.90000	4624.22000	1727
1787634003	XAUUSD	M15	4637.91000	4625.96000	4639.10000	4624.06000	1861
1787634903	XAUUSD	M15	4646.47000	4637.89000	4647.89000	4637.85000	1621
1787635803	XAUUSD	M15	4639.11000	4646.52000	4646.95000	4638.05000	2217
1787636703	XAUUSD	M15	4643.04000	4639.11000	4645.93000	4636.00000	2053
1787637603	XAUUSD	M15	4649.55000	4643.04000	4650.37000	4641.26000	2011
1787638503	XAUUSD	M15	4650.02000	4649.55000	4653.42000	4645.44000	1806
1787639403	XAUUSD	M15	4648.10000	4650.02000	4653.37000	4647.93000	1770
1787640303	XAUUSD	M15	4638.24000	4647.87000	4649.26000	4636.99000	1823
1787641203	XAUUSD	M15	4639.60000	4638.18000	4642.14000	4636.57000	1864
1787642103	XAUUSD	M15	4634.54000	4639.69000	4643.70000	4634.52000	1557
1787643003	XAUUSD	M15	4639.22000	4634.55000	4640.20000	4634.02000	1633
1787643903	XAUUSD	M15	4630.16000	4639.33000	4640.46000	4629.88000	1670
1787644803	XAUUSD	M15	4626.50000	4630.14000	4631.26000	4620.12000	2076
1787645703	XAUUSD	M15	4633.12000	4626.58000	4645.48000	4625.77000	2068
1787646603	XAUUSD	M15	4632.13000	4633.07000	4635.41000	4626.00000	2016
1787647503	XAUUSD	M15	4630.31000	4632.06000	4633.93000	4625.25000	1686
1787648403	XAUUSD	M15	4630.59000	4630.22000	4633.42000	4624.91000	1879
1787649303	XAUUSD	M15	4626.31000	4630.51000	4633.57000	4625.69000	1690
1787650203	XAUUSD	M15	4637.06000	4626.51000	4639.18000	4624.14000	2077
1787651103	XAUUSD	M15	4636.33000	4637.12000	4642.56000	4635.85000	1935
1787652003	XAUUSD	M15	4635.45000	4636.35000	4638.53000	4633.26000	1657
1787652903	XAUUSD	M15	4633.72000	4635.42000	4638.99000	4633.14000	1399
1787653803	XAUUSD	M15	4637.59000	4633.72000	4640.80000	4632.89000	1451
1787654703	XAUUSD	M15	4639.46000	4637.65000	4642.33000	4637.05000	1432
1787655603	XAUUSD	M15	4642.83000	4639.23000	4643.30000	4636.72000	1724
1787656503	XAUUSD	M15	4641.53000	4642.83000	4645.12000	4638.97000	1469
1787657403	XAUUSD	M15	4640.57000	4641.64000	4645.18000	4640.24000	1511
1787658303	XAUUSD	M15	4642.37000	4640.56000	4647.25000	4640.52000	1667
1787659203	XAUUSD	M15	4639.28000	4642.37000	4642.46000	4634.95000	1899
1787660103	XAUUSD	M15	4637.38000	4639.12000	4639.38000	4632.03000	1926
1787661003	XAUUSD	M15	4638.41000	4637.36000	4640.46000	4630.15000	1957
1787661903	XAUUSD	M15	4640.77000	4638.39000	4644.26000	4637.32000	1771
1787662803	XAUUSD	M15	4623.31000	4640.75000	4641.01000	4622.91000	2591
1787663703	XAUUSD	M15	4609.59000	4623.19000	4628.15000	4609.04000	2598
1787664603	XAUUSD	M15	4612.82000	4609.60000	4623.50000	4609.17000	2783
1787665503	XAUUSD	M15	4616.50000	4612.75000	4617.62000	4605.22000	2734
1787666403	XAUUSD	M15	4622.76000	4616.52000	4626.38000	4613.67000	2650
1787667303	XAUUSD	M15	4623.72000	4623.07000	4628.38000	4618.74000	2550
1787668203	XAUUSD	M15	4637.27000	4623.76000	4638.12000	4613.49000	2586
1787669103	XAUUSD	M15	4635.54000	4637.09000	4640.01000	4632.62000	2472
1787670003	XAUUSD	M15	4633.24000	4635.57000	4637.18000	4630.55000	2439
1787670903	XAUUSD	M15	4639.83000	4633.27000	4644.61000	4630.02000	2378
1787671803	XAUUSD	M15	4656.11000	4639.82000	4659.34000	4639.82000	2662
1787672703	XAUUSD	M15	4652.66000	4656.21000	4657.23000	4648.87000	2385
1787673603	XAUUSD	M15	4644.79000	4652.84000	4653.36000	4642.86000	2192
1787674503	XAUUSD	M15	4640.66000	4644.72000	4647.28000	4637.99000	2008
1787675403	XAUUSD	M15	4643.96000	4640.82000	4645.37000	4637.08000	2098
1787676303	XAUUSD	M15	4643.28000	4643.97000	4646.58000	4640.47000	1967
1787677203	XAUUSD	M15	4637.85000	4643.50000	4643.82000	4634.21000	2094
1787678103	XAUUSD	M15	4637.09000	4637.95000	4645.08000	4634.46000	2025
1787679003	XAUUSD	M15	4642.90000	4637.15000	4644.61000	4636.30000	1774
1787679903	XAUUSD	M15	4648.39000	4642.90000	4648.39000	4642.64000	1491
1787680803	XAUUSD	M15	4647.15000	4648.35000	4650.39000	4644.30000	1600
1787681703	XAUUSD	M15	4649.95000	4647.15000	4650.50000	4646.34000	1352
1787682603	XAUUSD	M15	4649.33000	4650.03000	4650.49000	4645.94000	1272
1787683503	XAUUSD	M15	4654.55000	4649.33000	4655.07000	4649.25000	1287
1787684403	XAUUSD	M15	4662.11000	4654.61000	4663.04000	4653.35000	1731
1787685303	XAUUSD	M15	4660.93000	4662.12000	4667.75000	4659.99000	1771
1787686203	XAUUSD	M15	4662.15000	4660.97000	4664.51000	4657.96000	1751
1787687103	XAUUSD	M15	4666.93000	4662.15000	4667.48000	4660.38000	2141
1787688003	XAUUSD	M15	4666.01000	4666.97000	4668.94000	4662.88000	1382
1787688903	XAUUSD	M15	4662.49000	4665.77000	4667.71000	4662.04000	1045
1787689803	XAUUSD	M15	4661.49000	4662.49000	4664.21000	4660.25000	1094
1787690703	XAUUSD	M15	4658.74000	4661.53000	4662.18000	4657.56000	1026
1787695203	XAUUSD	M15	4664.52000	4657.16000	4664.74000	4656.17000	800
1787696103	XAUUSD	M15	4666.76000	4664.32000	4666.83000	4664.32000	695
1787697003	XAUUSD	M15	4669.96000	4666.76000	4670.75000	4666.62000	915
1787697903	XAUUSD	M15	4672.46000	4669.91000	4673.68000	4669.70000	830
1787698803	XAUUSD	M15	4668.05000	4672.53000	4673.43000	4667.17000	900
1787699703	XAUUSD	M15	4661.07000	4668.05000	4668.11000	4660.06000	950
1787700603	XAUUSD	M15	4656.17000	4661.04000	4661.39000	4655.72000	961
1787701503	XAUUSD	M15	4654.92000	4656.12000	4658.82000	4653.28000	1314
1787702403	XAUUSD	M15	4651.38000	4654.92000	4657.64000	4651.13000	1876
1787703303	XAUUSD	M15	4646.71000	4651.33000	4655.07000	4643.04000	1653
1787704203	XAUUSD	M15	4637.07000	4646.77000	4650.19000	4636.38000	1815
1787705103	XAUUSD	M15	4637.66000	4637.06000	4639.06000	4634.42000	1768
1787706003	XAUUSD	M15	4644.32000	4637.65000	4647.80000	4629.80000	2405
1787706903	XAUUSD	M15	4643.60000	4644.32000	4650.38000	4643.52000	2132
1787707803	XAUUSD	M15	4644.78000	4643.84000	4647.01000	4639.11000	2272
1787708703	XAUUSD	M15	4656.96000	4644.78000	4660.77000	4642.99000	2256
1787709603	XAUUSD	M15	4660.18000	4656.96000	4661.69000	4654.84000	2156
1787710503	XAUUSD	M15	4658.99000	4660.17000	4661.75000	4656.07000	1450
1787711403	XAUUSD	M15	4667.23000	4658.99000	4670.66000	4657.59000	2144
1787712303	XAUUSD	M15	4658.35000	4667.15000	4668.96000	4657.90000	1826
1787713203	XAUUSD	M15	4648.26000	4658.41000	4658.49000	4647.28000	1908
1787714103	XAUUSD	M15	4650.42000	4648.27000	4650.85000	4646.07000	1690
1787715003	XAUUSD	M15	4645.25000	4650.27000	4651.42000	4645.24000	1229
1787715903	XAUUSD	M15	4642.72000	4645.25000	4645.43000	4642.54000	1145
1787716803	XAUUSD	M15	4642.54000	4642.73000	4644.35000	4641.82000	981
1787717703	XAUUSD	M15	4642.27000	4642.47000	4643.29000	4641.18000	938
1787718603	XAUUSD	M15	4640.86000	4642.27000	4643.32000	4639.81000	898
1787719503	XAUUSD	M15	4640.70000	4640.80000	4641.91000	4638.82000	1074
1787720403	XAUUSD	M15	4643.42000	4640.75000	4645.93000	4640.20000	1251
1787721303	XAUUSD	M15	4643.37000	4643.42000	4645.42000	4641.46000	1265
1787722203	XAUUSD	M15	4638.12000	4643.46000	4649.55000	4638.04000	2076
1787723103	XAUUSD	M15	4639.80000	4638.12000	4640.64000	4635.56000	1945
1787724003	XAUUSD	M15	4637.59000	4639.79000	4641.51000	4636.09000	1895
1787724903	XAUUSD	M15	4626.65000	4637.72000	4637.90000	4624.71000	2042
1787725803	XAUUSD	M15	4633.43000	4626.70000	4634.09000	4625.72000	1804
1787726703	XAUUSD	M15	4634.38000	4633.43000	4636.98000	4630.62000	1662
1787727603	XAUUSD	M15	4636.38000	4634.33000	4639.22000	4633.21000	1663
1787728503	XAUUSD	M15	4631.33000	4636.38000	4637.68000	4630.78000	1507
1787729403	XAUUSD	M15	4631.87000	4631.45000	4636.41000	4628.94000	1473
1787730303	XAUUSD	M15	4629.04000	4631.82000	4634.86000	4626.50000	1464
1787731203	XAUUSD	M15	4625.82000	4629.03000	4630.38000	4625.69000	1615
1787732103	XAUUSD	M15	4629.57000	4625.82000	4629.60000	4622.28000	1531
1787733003	XAUUSD	M15	4629.43000	4629.56000	4630.69000	4625.15000	1460
1787733903	XAUUSD	M15	4628.29000	4629.41000	4629.86000	4625.99000	1154
1787734803	XAUUSD	M15	4624.82000	4628.29000	4630.88000	4623.96000	1487
1787735703	XAUUSD	M15	4616.81000	4624.84000	4625.09000	4616.24000	1539
1787736603	XAUUSD	M15	4622.01000	4617.00000	4622.32000	4616.78000	1353
1787737503	XAUUSD	M15	4623.20000	4621.92000	4625.57000	4621.89000	1306
1787738403	XAUUSD	M15	4619.01000	4623.12000	4624.05000	4617.75000	1195
1787739303	XAUUSD	M15	4615.06000	4619.01000	4620.41000	4613.34000	1355
1787740203	XAUUSD	M15	4622.20000	4615.25000	4624.19000	4614.67000	1290
1787741103	XAUUSD	M15	4620.28000	4622.24000	4624.02000	4618.84000	1071
1787742003	XAUUSD	M15	4618.46000	4620.28000	4621.79000	4616.63000	1343
1787742903	XAUUSD	M15	4620.59000	4618.46000	4622.97000	4616.45000	1487
1787743803	XAUUSD	M15	4619.12000	4620.69000	4622.83000	4617.33000	1408
1787744703	XAUUSD	M15	4624.52000	4619.13000	4625.15000	4616.93000	1528
1787745603	XAUUSD	M15	4625.85000	4624.58000	4629.68000	4623.72000	1663
1787746503	XAUUSD	M15	4630.21000	4625.57000	4630.33000	4624.59000	1687
1787747403	XAUUSD	M15	4622.49000	4630.19000	4633.10000	4612.57000	2603
1787748303	XAUUSD	M15	4614.64000	4622.45000	4626.26000	4610.70000	2329
1787749203	XAUUSD	M15	4611.11000	4614.53000	4621.34000	4608.44000	2643
1787750103	XAUUSD	M15	4611.30000	4611.19000	4614.07000	4598.00000	2559
1787751003	XAUUSD	M15	4619.59000	4611.23000	4622.97000	4610.42000	2769
1787751903	XAUUSD	M15	4631.52000	4619.61000	4631.95000	4618.27000	2674
1787752803	XAUUSD	M15	4620.38000	4631.52000	4633.31000	4619.50000	2577
1787753703	XAUUSD	M15	4616.66000	4620.28000	4626.72000	4616.18000	2515
1787754603	XAUUSD	M15	4621.95000	4616.49000	4622.93000	4612.89000	2367
1787755503	XAUUSD	M15	4602.92000	4622.09000	4622.67000	4602.92000	2434
1787756403	XAUUSD	M15	4588.91000	4603.02000	4605.57000	4587.96000	2671
1787757303	XAUUSD	M15	4594.71000	4588.86000	4598.01000	4582.97000	2540
1787758203	XAUUSD	M15	4604.77000	4594.66000	4604.77000	4594.45000	2213
1787759103	XAUUSD	M15	4596.13000	4604.80000	4609.30000	4596.11000	2323
1787760003	XAUUSD	M15	4600.30000	4596.20000	4601.57000	4590.66000	2227
1787760903	XAUUSD	M15	4594.79000	4600.20000	4600.88000	4594.11000	2030
1787761803	XAUUSD	M15	4588.26000	4595.02000	4596.38000	4585.81000	1923
1787762703	XAUUSD	M15	4591.58000	4588.23000	4596.72000	4588.08000	1941
1787763603	XAUUSD	M15	4594.80000	4591.58000	4596.16000	4590.68000	1810
1787764503	XAUUSD	M15	4597.80000	4594.81000	4598.95000	4593.58000	1844
1787765403	XAUUSD	M15	4597.17000	4597.78000	4602.29000	4595.77000	1681
1787766303	XAUUSD	M15	4597.76000	4597.17000	4599.30000	4594.29000	1467
1787767203	XAUUSD	M15	4600.16000	4597.75000	4604.50000	4596.65000	1569
1787768103	XAUUSD	M15	4594.83000	4600.17000	4600.46000	4592.81000	1731
1787769003	XAUUSD	M15	4596.77000	4594.82000	4597.39000	4592.54000	1443
1787769903	XAUUSD	M15	4593.84000	4596.54000	4597.76000	4593.40000	1408
1787770803	XAUUSD	M15	4594.47000	4593.82000	4595.67000	4591.07000	1690
1787771703	XAUUSD	M15	4598.53000	4594.47000	4599.09000	4591.36000	1479
1787772603	XAUUSD	M15	4595.77000	4598.62000	4601.68000	4594.38000	1398
1787773503	XAUUSD	M15	4594.30000	4595.74000	4596.53000	4592.52000	1699
1787774403	XAUUSD	M15	4591.59000	4594.28000	4596.63000	4591.59000	1099
1787775303	XAUUSD	M15	4591.26000	4591.60000	4591.91000	4584.20000	1474
1787776203	XAUUSD	M15	4591.94000	4591.32000	4593.44000	4590.30000	972
1787777103	XAUUSD	M15	4594.62000	4591.62000	4594.62000	4591.40000	864
1787781603	XAUUSD	M15	4602.44000	4596.47000	4607.02000	4596.32000	1104
1787782503	XAUUSD	M15	4611.24000	4602.46000	4613.32000	4602.32000	1367
1787783403	XAUUSD	M15	4610.94000	4610.86000	4611.59000	4608.88000	1227
1787784303	XAUUSD	M15	4609.43000	4610.94000	4612.01000	4606.89000	1018
1787785203	XAUUSD	M15	4615.53000	4609.40000	4615.79000	4607.04000	1164
1787786103	XAUUSD	M15	4620.18000	4615.41000	4622.33000	4614.41000	1176
1787787003	XAUUSD	M15	4622.68000	4620.15000	4624.93000	4618.32000	977
1787787903	XAUUSD	M15	4623.61000	4622.68000	4624.94000	4620.87000	1351
1787788803	XAUUSD	M15	4618.01000	4624.00000	4626.98000	4616.34000	1806
1787789703	XAUUSD	M15	4619.01000	4618.01000	4621.36000	4613.31000	1622
1787790603	XAUUSD	M15	4606.09000	4619.01000	4619.01000	4605.37000	1653
1787791503	XAUUSD	M15	4605.26000	4606.21000	4610.99000	4600.62000	1934
1787792403	XAUUSD	M15	4624.58000	4605.18000	4624.83000	4602.68000	2543
1787793303	XAUUSD	M15	4618.50000	4624.64000	4624.96000	4617.02000	2091
1787794203	XAUUSD	M15	4623.88000	4618.53000	4631.30000	4618.09000	2249
1787795103	XAUUSD	M15	4640.03000	4623.90000	4640.92000	4623.67000	2087
1787796003	XAUUSD	M15	4640.49000	4640.41000	4642.96000	4638.05000	1855
1787796903	XAUUSD	M15	4632.97000	4640.40000	4640.53000	4632.75000	1548
1787797803	XAUUSD	M15	4627.41000	4632.96000	4633.66000	4623.67000	2058
1787798703	XAUUSD	M15	4629.73000	4627.42000	4631.47000	4624.34000	1747
1787799603	XAUUSD	M15	4634.20000	4629.65000	4634.99000	4628.27000	1618
1787800503	XAUUSD	M15	4635.20000	4634.27000	4638.58000	4633.02000	1497
1787801403	XAUUSD	M15	4629.29000	4635.22000	4635.49000	4628.81000	1265
1787802303	XAUUSD	M15	4625.56000	4629.29000	4629.67000	4624.42000	1283
1787803203	XAUUSD	M15	4625.45000	4625.55000	4627.22000	4624.46000	1208
1787804103	XAUUSD	M15	4620.75000	4625.45000	4626.98000	4620.64000	1171
1787805003	XAUUSD	M15	4619.17000	4620.67000	4620.90000	4617.30000	1373
1787805903	XAUUSD	M15	4618.77000	4619.19000	4620.66000	4617.67000	1403
1787806803	XAUUSD	M15	4620.23000	4618.84000	4621.50000	4616.35000	1415
1787807703	XAUUSD	M15	4617.28000	4620.12000	4621.77000	4617.27000	1204
1787808603	XAUUSD	M15	4605.43000	4617.28000	4619.88000	4604.98000	2193
1787809503	XAUUSD	M15	4607.06000	4605.44000	4609.61000	4601.17000	2085
1787810403	XAUUSD	M15	4606.10000	4607.08000	4607.58000	4599.67000	1987
1787811303	XAUUSD	M15	4610.39000	4606.12000	4610.40000	4604.08000	1759
1787812203	XAUUSD	M15	4607.68000	4610.31000	4611.75000	4604.61000	1639
1787813103	XAUUSD	M15	4600.20000	4607.64000	4609.60000	4597.87000	1802
1787814003	XAUUSD	M15	4603.82000	4600.27000	4605.75000	4598.45000	1780
1787814903	XAUUSD	M15	4599.44000	4603.81000	4603.81000	4593.59000	1588
1787815803	XAUUSD	M15	4597.72000	4599.35000	4601.42000	4595.03000	1645
1787816703	XAUUSD	M15	4600.15000	4597.82000	4602.70000	4595.80000	1558
1787817603	XAUUSD	M15	4603.29000	4600.19000	4606.84000	4599.78000	1667
1787818503	XAUUSD	M15	4601.02000	4603.29000	4606.12000	4600.14000	1463
1787819403	XAUUSD	M15	4596.27000	4600.88000	4601.75000	4594.96000	1639
1787820303	XAUUSD	M15	4599.05000	4596.14000	4602.29000	4595.68000	1465
1787821203	XAUUSD	M15	4596.08000	4599.08000	4600.80000	4593.71000	1557
1787822103	XAUUSD	M15	4597.49000	4596.08000	4599.20000	4593.77000	1519
1787823003	XAUUSD	M15	4582.44000	4597.68000	4599.25000	4578.73000	1749
1787823903	XAUUSD	M15	4580.44000	4582.42000	4585.93000	4579.22000	1512
1787824803	XAUUSD	M15	4581.72000	4580.48000	4581.93000	4569.24000	1675
1787825703	XAUUSD	M15	4580.32000	4581.72000	4583.48000	4577.58000	1337
1787826603	XAUUSD	M15	4585.60000	4580.18000	4585.91000	4576.19000	1530
1787827503	XAUUSD	M15	4590.05000	4585.60000	4590.44000	4585.60000	1621
1787828403	XAUUSD	M15	4592.58000	4590.10000	4592.58000	4587.24000	1620
1787829303	XAUUSD	M15	4594.46000	4592.48000	4596.84000	4591.06000	1507
1787830203	XAUUSD	M15	4597.90000	4594.46000	4599.66000	4593.73000	1675
1787831103	XAUUSD	M15	4598.30000	4597.53000	4600.37000	4594.57000	1731
1787832003	XAUUSD	M15	4592.79000	4598.26000	4601.09000	4592.52000	1752
1787832903	XAUUSD	M15	4595.60000	4592.79000	4600.69000	4591.80000	1743
1787833803	XAUUSD	M15	4587.70000	4595.69000	4596.74000	4587.00000	1732
1787834703	XAUUSD	M15	4586.07000	4587.72000	4588.14000	4580.27000	1760
1787835603	XAUUSD	M15	4585.37000	4585.91000	4590.95000	4579.94000	2522
1787836503	XAUUSD	M15	4589.53000	4585.37000	4593.26000	4583.09000	2357
1787837403	XAUUSD	M15	4578.54000	4590.30000	4592.87000	4572.41000	2813
1787838303	XAUUSD	M15	4572.50000	4578.66000	4582.81000	4565.69000	2730
1787839203	XAUUSD	M15	4573.64000	4572.39000	4579.25000	4568.43000	2582
1787840103	XAUUSD	M15	4581.41000	4573.62000	4584.11000	4573.62000	2475
1787841003	XAUUSD	M15	4595.24000	4581.34000	4597.31000	4581.28000	2451
1787841903	XAUUSD	M15	4591.34000	4595.47000	4598.07000	4588.15000	2405
1787842803	XAUUSD	M15	4592.52000	4591.40000	4595.33000	4591.14000	2140
1787843703	XAUUSD	M15	4592.95000	4592.51000	4598.04000	4588.84000	2175
1787844603	XAUUSD	M15	4601.12000	4592.89000	4605.77000	4592.10000	2331
1787845503	XAUUSD	M15	4610.34000	4601.16000	4611.16000	4600.21000	2376
1787846403	XAUUSD	M15	4604.51000	4610.40000	4612.90000	4604.40000	2153
1787847303	XAUUSD	M15	4607.73000	4604.45000	4608.62000	4602.42000	1932
1787848203	XAUUSD	M15	4611.48000	4607.73000	4612.76000	4606.08000	1864
1787849103	XAUUSD	M15	4614.92000	4611.47000	4616.61000	4610.21000	2013
1787850003	XAUUSD	M15	4610.17000	4615.63000	4616.53000	4608.67000	2006
1787850903	XAUUSD	M15	4610.30000	4610.26000	4611.99000	4608.38000	1933
1787851803	XAUUSD	M15	4611.07000	4610.40000	4614.36000	4608.38000	1814
1787852703	XAUUSD	M15	4606.54000	4611.27000	4611.65000	4605.14000	2114
1787853603	XAUUSD	M15	4605.62000	4606.77000	4608.07000	4602.18000	2202
1787854503	XAUUSD	M15	4601.73000	4605.62000	4608.02000	4601.49000	1999
1787855403	XAUUSD	M15	4604.43000	4601.67000	4605.14000	4601.10000	1836
1787856303	XAUUSD	M15	4610.28000	4604.58000	4611.15000	4604.28000	1782
1787857203	XAUUSD	M15	4615.51000	4610.46000	4617.97000	4610.46000	1926
1787858103	XAUUSD	M15	4605.89000	4615.51000	4616.07000	4604.25000	1801
1787859003	XAUUSD	M15	4609.88000	4605.87000	4610.16000	4604.83000	1843
1787859903	XAUUSD	M15	4609.34000	4609.91000	4612.72000	4605.30000	1913
1787860803	XAUUSD	M15	4604.92000	4609.36000	4609.60000	4603.67000	1023
1787861703	XAUUSD	M15	4603.74000	4604.92000	4605.51000	4602.72000	608
1787862603	XAUUSD	M15	4603.87000	4603.79000	4604.50000	4601.96000	589
1787863503	XAUUSD	M15	4601.92000	4603.82000	4604.82000	4600.20000	851
1787868003	XAUUSD	M15	4604.80000	4603.87000	4608.22000	4601.16000	936
1787868903	XAUUSD	M15	4607.61000	4604.80000	4608.39000	4604.39000	790
1787869803	XAUUSD	M15	4607.91000	4607.61000	4610.14000	4606.86000	812
1787870703	XAUUSD	M15	4610.74000	4607.88000	4610.81000	4606.80000	628
1787871603	XAUUSD	M15	4603.01000	4610.71000	4611.43000	4602.95000	851
1787872503	XAUUSD	M15	4601.09000	4603.01000	4603.79000	4600.11000	739
1787873403	XAUUSD	M15	4599.71000	4601.09000	4602.27000	4598.63000	824
1787874303	XAUUSD	M15	4594.62000	4599.71000	4599.76000	4594.29000	1028
1787875203	XAUUSD	M15	4600.65000	4594.49000	4602.49000	4593.19000	1745
1787876103	XAUUSD	M15	4594.06000	4600.65000	4600.83000	4590.69000	1601
1787877003	XAUUSD	M15	4591.10000	4594.06000	4594.28000	4587.78000	1464
1787877903	XAUUSD	M15	4588.78000	4591.15000	4591.15000	4585.67000	1553
1787878803	XAUUSD	M15	4593.56000	4588.95000	4602.18000	4586.53000	2364
1787879703	XAUUSD	M15	4585.53000	4593.96000	4598.09000	4583.94000	2351
1787880603	XAUUSD	M15	4582.28000	4585.73000	4589.09000	4578.39000	2346
1787881503	XAUUSD	M15	4575.90000	4582.28000	4583.22000	4575.36000	2144
1787882403	XAUUSD	M15	4581.41000	4575.93000	4582.83000	4575.06000	1930
1787883303	XAUUSD	M15	4583.44000	4581.46000	4584.86000	4578.67000	1231
1787884203	XAUUSD	M15	4585.22000	4583.50000	4589.73000	4583.24000	1840
1787885103	XAUUSD	M15	4586.41000	4585.16000	4587.38000	4582.40000	1618
1787886003	XAUUSD	M15	4584.20000	4586.41000	4588.43000	4582.85000	1641
1787886903	XAUUSD	M15	4588.01000	4584.20000	4590.14000	4584.20000	1632
1787887803	XAUUSD	M15	4581.98000	4588.01000	4588.33000	4581.13000	1121
1787888703	XAUUSD	M15	4579.95000	4582.06000	4582.14000	4578.78000	1028
1787889603	XAUUSD	M15	4579.51000	4580.01000	4580.52000	4577.96000	997
1787890503	XAUUSD	M15	4584.76000	4579.50000	4585.38000	4578.77000	958
1787891403	XAUUSD	M15	4579.95000	4584.76000	4584.76000	4578.13000	961
1787892303	XAUUSD	M15	4584.31000	4579.94000	4585.30000	4578.34000	862
1787893203	XAUUSD	M15	4579.90000	4584.31000	4585.34000	4578.39000	1145
1787894103	XAUUSD	M15	4584.08000	4579.90000	4586.30000	4579.04000	945
1787895003	XAUUSD	M15	4572.75000	4584.07000	4584.07000	4571.78000	2084
1787895903	XAUUSD	M15	4573.39000	4572.75000	4577.36000	4571.79000	1718
1787896803	XAUUSD	M15	4581.86000	4573.41000	4583.57000	4572.44000	1907
1787897703	XAUUSD	M15	4584.98000	4581.84000	4585.68000	4580.74000	1713
1787898603	XAUUSD	M15	4588.22000	4585.06000	4588.37000	4582.88000	1776
1787899503	XAUUSD	M15	4612.65000	4588.22000	4613.13000	4588.17000	2415
1787900403	XAUUSD	M15	4600.76000	4612.66000	4613.31000	4596.74000	2090
1787901303	XAUUSD	M15	4607.44000	4600.62000	4610.07000	4599.46000	1774
1787902203	XAUUSD	M15	4609.17000	4607.44000	4614.34000	4607.09000	1616
1787903103	XAUUSD	M15	4611.72000	4609.13000	4613.40000	4607.36000	1385
1787904003	XAUUSD	M15	4611.72000	4611.66000	4614.53000	4609.97000	1644
1787904903	XAUUSD	M15	4608.92000	4611.72000	4612.39000	4608.00000	1298
1787905803	XAUUSD	M15	4603.66000	4609.10000	4611.36000	4603.33000	1442
1787906703	XAUUSD	M15	4602.95000	4603.62000	4606.19000	4601.02000	1330
1787907603	XAUUSD	M15	4601.69000	4602.83000	4604.37000	4600.77000	1401
1787908503	XAUUSD	M15	4601.85000	4601.69000	4604.01000	4600.50000	1484
1787909403	XAUUSD	M15	4604.08000	4601.85000	4605.06000	4601.06000	1282
1787910303	XAUUSD	M15	4605.21000	4604.12000	4607.41000	4603.15000	1310
1787911203	XAUUSD	M15	4608.65000	4605.25000	4609.01000	4603.47000	1339
1787912103	XAUUSD	M15	4605.41000	4608.67000	4609.97000	4601.91000	1398
1787913003	XAUUSD	M15	4602.88000	4605.41000	4607.94000	4601.89000	1364
1787913903	XAUUSD	M15	4600.18000	4602.88000	4603.27000	4597.64000	1456
1787914803	XAUUSD	M15	4598.84000	4600.24000	4601.42000	4595.27000	1646
1787915703	XAUUSD	M15	4599.00000	4598.93000	4601.22000	4597.68000	1421
1787916603	XAUUSD	M15	4594.70000	4599.00000	4600.91000	4591.35000	1548
1787917503	XAUUSD	M15	4593.45000	4594.62000	4596.02000	4591.66000	1445
1787918403	XAUUSD	M15	4594.45000	4593.16000	4597.14000	4590.92000	1775
1787919303	XAUUSD	M15	4601.41000	4594.36000	4603.61000	4592.54000	1764
1787920203	XAUUSD	M15	4591.99000	4601.34000	4602.04000	4589.20000	2140
1787921103	XAUUSD	M15	4601.74000	4591.94000	4602.56000	4590.34000	2003
1787922003	XAUUSD	M15	4598.94000	4601.77000	4605.38000	4596.21000	2430
1787922903	XAUUSD	M15	4603.93000	4599.17000	4604.36000	4593.77000	2287
1787923803	XAUUSD	M15	4604.77000	4603.85000	4607.91000	4598.85000	2563
1787924703	XAUUSD	M15	4608.55000	4604.94000	4627.11000	4604.86000	2615
1787925603	XAUUSD	M15	4545.51000	4605.35000	4631.95000	4543.81000	2958
1787926503	XAUUSD	M15	4552.04000	4546.36000	4568.50000	4530.21000	2938
1787927403	XAUUSD	M15	4561.28000	4552.06000	4576.98000	4552.03000	2895
1787928303	XAUUSD	M15	4576.61000	4561.32000	4580.65000	4550.65000	2838
1787929203	XAUUSD	M15	4559.45000	4577.16000	4582.91000	4557.02000	2801
1787930103	XAUUSD	M15	4566.93000	4559.27000	4569.13000	4551.59000	2779
1787931003	XAUUSD	M15	4538.71000	4566.72000	4567.51000	4534.28000	2798
1787931903	XAUUSD	M15	4524.71000	4539.23000	4545.93000	4524.13000	2845
1787932803	XAUUSD	M15	4497.85000	4524.75000	4529.40000	4497.66000	2885
1787933703	XAUUSD	M15	4481.08000	4497.88000	4503.60000	4464.17000	2918
1787934603	XAUUSD	M15	4469.05000	4481.14000	4487.31000	4466.09000	2889
1787935503	XAUUSD	M15	4479.50000	4469.10000	4485.02000	4469.10000	2749
1787936403	XAUUSD	M15	4480.71000	4479.39000	4482.79000	4471.24000	2696
1787937303	XAUUSD	M15	4477.97000	4480.78000	4486.65000	4475.02000	2414
1787938203	XAUUSD	M15	4467.41000	4478.21000	4481.68000	4460.56000	2375
1787939103	XAUUSD	M15	4469.30000	4467.36000	4475.69000	4466.60000	2118
1787940003	XAUUSD	M15	4461.15000	4469.41000	4471.67000	4459.64000	2534
1787940903	XAUUSD	M15	4456.32000	4461.34000	4463.35000	4452.62000	2461
1787941803	XAUUSD	M15	4451.32000	4456.20000	4458.73000	4445.40000	2377
1787942703	XAUUSD	M15	4457.08000	4451.33000	4458.31000	4448.49000	2365
1787943603	XAUUSD	M15	4457.10000	4456.89000	4462.65000	4453.09000	2344
1787944503	XAUUSD	M15	4462.29000	4457.10000	4463.67000	4455.23000	2015
1787945403	XAUUSD	M15	4465.06000	4462.11000	4466.90000	4461.00000	1883
1787946303	XAUUSD	M15	4458.25000	4465.03000	4465.03000	4453.10000	2002
1787947203	XAUUSD	M15	4457.82000	4458.60000	4462.75000	4455.43000	1385
1787948103	XAUUSD	M15	4457.94000	4457.93000	4460.54000	4453.66000	934
1787949003	XAUUSD	M15	4457.37000	4458.08000	4458.18000	4453.85000	946
1787949903	XAUUSD	M15	4456.30000	4457.37000	4460.00000	4453.25000	886
1788127203	XAUUSD	M15	4458.84000	4429.92000	4459.76000	4429.92000	1601
1788128103	XAUUSD	M15	4459.57000	4459.00000	4466.09000	4456.17000	1372
1788129003	XAUUSD	M15	4457.71000	4459.60000	4462.42000	4452.90000	1253
1788129903	XAUUSD	M15	4461.43000	4457.71000	4462.40000	4456.86000	817
1788130803	XAUUSD	M15	4460.69000	4461.24000	4466.76000	4459.82000	1157
1788131703	XAUUSD	M15	4457.65000	4460.70000	4465.12000	4455.13000	1159
1788132603	XAUUSD	M15	4447.50000	4457.67000	4458.05000	4446.56000	1547
1788133503	XAUUSD	M15	4458.52000	4447.44000	4460.26000	4436.05000	2092
1788134403	XAUUSD	M15	4462.00000	4458.47000	4463.45000	4453.38000	2262
1788135303	XAUUSD	M15	4456.90000	4462.05000	4465.32000	4452.17000	1861
1788136203	XAUUSD	M15	4465.16000	4456.74000	4472.10000	4456.74000	1869
1788137103	XAUUSD	M15	4456.14000	4465.18000	4468.98000	4456.00000	1860
1788138003	XAUUSD	M15	4443.85000	4456.22000	4463.16000	4436.05000	2801
1788138903	XAUUSD	M15	4443.94000	4443.67000	4454.40000	4442.34000	2597
1788139803	XAUUSD	M15	4450.86000	4443.94000	4453.62000	4436.50000	2633
1788140703	XAUUSD	M15	4440.27000	4450.87000	4452.73000	4436.29000	2498
1788141603	XAUUSD	M15	4424.37000	4440.13000	4441.28000	4418.54000	2533
1788142503	XAUUSD	M15	4423.12000	4424.29000	4428.07000	4418.79000	2076
1788143403	XAUUSD	M15	4403.04000	4423.09000	4426.43000	4401.90000	2579
1788144303	XAUUSD	M15	4422.93000	4403.11000	4422.93000	4396.53000	2313
1788145203	XAUUSD	M15	4428.10000	4422.84000	4428.11000	4421.65000	2013
1788146103	XAUUSD	M15	4427.85000	4428.10000	4433.89000	4426.44000	1968
1788147003	XAUUSD	M15	4422.81000	4427.88000	4427.88000	4419.86000	1489
1788147903	XAUUSD	M15	4422.64000	4422.73000	4426.93000	4421.53000	1284
1788148803	XAUUSD	M15	4421.17000	4422.78000	4422.92000	4416.85000	1301
1788149703	XAUUSD	M15	4415.94000	4421.11000	4421.46000	4415.88000	1218
1788150603	XAUUSD	M15	4420.19000	4415.94000	4421.84000	4412.89000	1386
1788151503	XAUUSD	M15	4424.61000	4420.14000	4425.01000	4418.74000	1292
1788152403	XAUUSD	M15	4422.64000	4424.58000	4426.95000	4419.24000	1522
1788153303	XAUUSD	M15	4440.24000	4422.60000	4440.74000	4421.98000	1703
1788154203	XAUUSD	M15	4437.68000	4440.24000	4441.71000	4430.52000	2211
1788155103	XAUUSD	M15	4442.92000	4437.88000	4443.81000	4434.13000	2032
1788156003	XAUUSD	M15	4432.07000	4443.01000	4443.16000	4429.28000	1983
1788156903	XAUUSD	M15	4435.78000	4432.11000	4438.90000	4431.28000	1852
1788157803	XAUUSD	M15	4439.51000	4435.80000	4441.35000	4431.26000	1699
1788158703	XAUUSD	M15	4439.47000	4439.80000	4442.64000	4436.70000	1761
1788159603	XAUUSD	M15	4436.16000	4439.60000	4441.84000	4435.67000	1534
1788160503	XAUUSD	M15	4444.01000	4436.16000	4448.22000	4435.16000	1538
1788161403	XAUUSD	M15	4446.52000	4443.92000	4447.14000	4441.19000	1520
1788162303	XAUUSD	M15	4443.37000	4446.51000	4447.76000	4440.95000	1413
1788163203	XAUUSD	M15	4438.89000	4443.31000	4449.50000	4437.06000	1553
1788164103	XAUUSD	M15	4440.43000	4438.89000	4441.40000	4436.08000	1430
1788165003	XAUUSD	M15	4435.48000	4440.14000	4440.28000	4434.44000	1334
1788165903	XAUUSD	M15	4435.64000	4435.48000	4436.98000	4433.77000	1167
1788166803	XAUUSD	M15	4442.90000	4435.83000	4443.00000	4435.64000	1330
1788167703	XAUUSD	M15	4439.09000	4442.90000	4444.16000	4438.11000	1249
1788168603	XAUUSD	M15	4442.98000	4439.18000	4444.62000	4439.05000	1078
1788169503	XAUUSD	M15	4445.16000	4443.02000	4445.48000	4440.88000	1188
1788170403	XAUUSD	M15	4451.55000	4445.55000	4453.73000	4444.83000	1684
1788171303	XAUUSD	M15	4448.42000	4451.64000	4452.07000	4446.45000	1360
1788172203	XAUUSD	M15	4450.93000	4448.35000	4451.56000	4447.54000	1138
1788173103	XAUUSD	M15	4453.90000	4450.87000	4455.51000	4449.34000	1177
1788174003	XAUUSD	M15	4453.69000	4453.85000	4457.54000	4453.10000	1266
1788174903	XAUUSD	M15	4463.25000	4453.78000	4464.03000	4452.69000	1311
1788175803	XAUUSD	M15	4454.77000	4463.24000	4463.93000	4453.59000	1635
1788176703	XAUUSD	M15	4455.42000	4454.65000	4456.20000	4452.52000	1424
1788177603	XAUUSD	M15	4457.32000	4455.42000	4460.91000	4451.02000	1693
1788178503	XAUUSD	M15	4447.62000	4457.32000	4458.72000	4447.26000	1901
1788179403	XAUUSD	M15	4440.51000	4447.68000	4449.98000	4438.96000	2033
1788180303	XAUUSD	M15	4435.85000	4440.44000	4441.50000	4435.42000	1820
1788181203	XAUUSD	M15	4445.99000	4435.91000	4446.66000	4433.85000	2348
1788182103	XAUUSD	M15	4445.62000	4446.00000	4448.28000	4439.33000	2180
1788183003	XAUUSD	M15	4433.66000	4445.87000	4447.34000	4432.03000	2739
1788183903	XAUUSD	M15	4418.48000	4433.63000	4433.63000	4415.83000	2684
1788184803	XAUUSD	M15	4427.64000	4418.11000	4427.88000	4416.16000	2721
1788185703	XAUUSD	M15	4420.20000	4427.47000	4431.05000	4416.56000	2645
1788186603	XAUUSD	M15	4433.00000	4420.20000	4435.96000	4419.26000	2475
1788187503	XAUUSD	M15	4431.60000	4433.02000	4436.09000	4426.13000	2442
1788188403	XAUUSD	M15	4435.25000	4431.69000	4437.63000	4428.16000	2395
1788189303	XAUUSD	M15	4433.04000	4435.25000	4437.83000	4429.08000	2283
1788190203	XAUUSD	M15	4427.40000	4432.90000	4434.16000	4426.37000	2303
1788191103	XAUUSD	M15	4426.26000	4427.37000	4433.59000	4424.63000	2256
1788192003	XAUUSD	M15	4434.81000	4426.44000	4437.09000	4423.76000	2279
1788192903	XAUUSD	M15	4438.40000	4434.78000	4438.64000	4433.29000	1886
1788193803	XAUUSD	M15	4435.75000	4438.42000	4440.25000	4431.29000	2113
1788194703	XAUUSD	M15	4433.32000	4435.71000	4437.62000	4432.33000	1849
1788195603	XAUUSD	M15	4433.91000	4433.28000	4435.29000	4430.79000	1928
1788196503	XAUUSD	M15	4430.49000	4433.53000	4437.05000	4428.76000	2002
1788197403	XAUUSD	M15	4436.51000	4430.86000	4436.87000	4429.94000	1899
1788198303	XAUUSD	M15	4436.57000	4436.61000	4440.11000	4435.70000	1753
1788199203	XAUUSD	M15	4433.72000	4436.56000	4436.83000	4430.43000	1771
1788200103	XAUUSD	M15	4429.93000	4433.72000	4434.53000	4429.66000	1580
1788201003	XAUUSD	M15	4429.22000	4429.79000	4430.28000	4426.28000	1747
1788201903	XAUUSD	M15	4430.87000	4429.29000	4434.65000	4429.11000	1567
1788202803	XAUUSD	M15	4433.73000	4430.87000	4435.47000	4429.16000	1567
1788203703	XAUUSD	M15	4440.40000	4433.74000	4442.43000	4432.96000	1504
1788204603	XAUUSD	M15	4443.04000	4440.41000	4445.34000	4439.08000	1784
1788205503	XAUUSD	M15	4453.26000	4443.04000	4453.75000	4441.61000	2260
1788206403	XAUUSD	M15	4450.05000	4453.34000	4455.71000	4449.77000	1237
1788207303	XAUUSD	M15	4447.34000	4450.04000	4450.37000	4446.89000	712
1788208203	XAUUSD	M15	4448.23000	4447.34000	4449.30000	4446.85000	609
1788209103	XAUUSD	M15	4449.12000	4448.20000	4449.16000	4446.55000	672
1788213603	XAUUSD	M15	4451.82000	4450.04000	4455.85000	4447.22000	1009
1788214503	XAUUSD	M15	4449.83000	4451.64000	4452.22000	4447.92000	681
1788215403	XAUUSD	M15	4447.93000	4449.83000	4451.16000	4447.44000	552
1788216303	XAUUSD	M15	4447.09000	4447.89000	4448.32000	4445.64000	626
1788217203	XAUUSD	M15	4444.13000	4446.98000	4447.19000	4443.84000	725
1788218103	XAUUSD	M15	4443.32000	4444.13000	4444.35000	4441.75000	579
1788219003	XAUUSD	M15	4445.60000	4443.32000	4447.94000	4443.14000	744
1788219903	XAUUSD	M15	4452.31000	4445.76000	4452.44000	4445.63000	1333
1788220803	XAUUSD	M15	4455.24000	4452.24000	4458.03000	4446.51000	2185
1788221703	XAUUSD	M15	4460.10000	4455.18000	4461.41000	4452.73000	1841
1788222603	XAUUSD	M15	4453.36000	4460.30000	4460.97000	4452.02000	1529
1788223503	XAUUSD	M15	4453.60000	4453.29000	4461.41000	4451.16000	1759
1788224403	XAUUSD	M15	4446.39000	4453.60000	4456.84000	4445.50000	2434
1788225303	XAUUSD	M15	4439.82000	4446.44000	4447.81000	4437.95000	2132
1788226203	XAUUSD	M15	4445.69000	4439.89000	4445.69000	4436.46000	2198
1788227103	XAUUSD	M15	4444.42000	4445.62000	4446.66000	4439.48000	2027
1788228003	XAUUSD	M15	4445.07000	4444.41000	4449.14000	4441.88000	2073
1788228903	XAUUSD	M15	4440.60000	4445.06000	4448.46000	4440.40000	1393
1788229803	XAUUSD	M15	4431.86000	4440.65000	4440.97000	4431.62000	2240
1788230703	XAUUSD	M15	4443.09000	4431.86000	4443.19000	4427.73000	1968
1788231603	XAUUSD	M15	4439.93000	4443.09000	4444.12000	4438.64000	1776
1788232503	XAUUSD	M15	4434.07000	4439.87000	4440.39000	4431.79000	1788
1788233403	XAUUSD	M15	4438.59000	4434.07000	4438.86000	4433.52000	1494
1788234303	XAUUSD	M15	4436.70000	4438.50000	4443.31000	4436.70000	1221
1788235203	XAUUSD	M15	4431.17000	4436.66000	4437.74000	4430.19000	1278
1788236103	XAUUSD	M15	4429.68000	4431.18000	4433.79000	4429.58000	1203
1788237003	XAUUSD	M15	4427.83000	4429.68000	4430.57000	4426.60000	1228
1788237903	XAUUSD	M15	4426.69000	4427.89000	4429.70000	4425.39000	1340
1788238803	XAUUSD	M15	4429.35000	4426.69000	4432.62000	4426.24000	1271
1788239703	XAUUSD	M15	4426.69000	4429.42000	4430.68000	4425.54000	1401
1788240603	XAUUSD	M15	4442.75000	4426.86000	4443.62000	4424.24000	2308
1788241503	XAUUSD	M15	4440.15000	4442.75000	4445.96000	4439.93000	1952
1788242403	XAUUSD	M15	4432.86000	4440.05000	4440.56000	4431.81000	1915
1788243303	XAUUSD	M15	4429.02000	4432.85000	4435.03000	4427.75000	1704
1788244203	XAUUSD	M15	4434.93000	4428.89000	4435.23000	4428.48000	1557
1788245103	XAUUSD	M15	4429.64000	4434.93000	4435.33000	4428.22000	1484
1788246003	XAUUSD	M15	4433.20000	4429.65000	4435.00000	4429.49000	2011
1788246903	XAUUSD	M15	4426.20000	4433.19000	4433.65000	4425.92000	1860
1788247803	XAUUSD	M15	4418.33000	4426.22000	4428.26000	4412.27000	2196
1788248703	XAUUSD	M15	4420.21000	4418.21000	4423.33000	4417.04000	1899
1788249603	XAUUSD	M15	4405.52000	4419.79000	4419.79000	4389.52000	2537
1788250503	XAUUSD	M15	4383.03000	4405.52000	4405.77000	4381.85000	2395
1788251403	XAUUSD	M15	4375.72000	4382.94000	4383.78000	4370.08000	2513
1788252303	XAUUSD	M15	4370.94000	4375.64000	4378.57000	4369.59000	2321
1788253203	XAUUSD	M15	4376.08000	4370.86000	4376.15000	4366.53000	2317
1788254103	XAUUSD	M15	4372.95000	4376.08000	4378.16000	4370.71000	2039
1788255003	XAUUSD	M15	4371.67000	4372.95000	4373.10000	4365.66000	1978
1788255903	XAUUSD	M15	4364.91000	4371.67000	4373.74000	4364.64000	1836
1788256803	XAUUSD	M15	4378.33000	4364.71000	4381.91000	4364.22000	1844
1788257703	XAUUSD	M15	4384.98000	4378.34000	4385.62000	4378.33000	1779
1788258603	XAUUSD	M15	4381.61000	4385.01000	4385.91000	4381.61000	1683
1788259503	XAUUSD	M15	4378.18000	4381.75000	4381.75000	4375.13000	1930
1788260403	XAUUSD	M15	4377.25000	4378.23000	4383.10000	4375.96000	2030
1788261303	XAUUSD	M15	4380.61000	4377.13000	4381.98000	4374.91000	1807
1788262203	XAUUSD	M15	4384.31000	4380.54000	4384.78000	4378.38000	1704
1788263103	XAUUSD	M15	4374.77000	4384.01000	4387.27000	4371.99000	1964
1788264003	XAUUSD	M15	4370.97000	4374.47000	4374.64000	4366.94000	2140
1788264903	XAUUSD	M15	4368.53000	4370.71000	4376.02000	4366.00000	2268
1788265803	XAUUSD	M15	4364.88000	4368.53000	4368.74000	4352.01000	2440
1788266703	XAUUSD	M15	4356.39000	4364.82000	4369.73000	4356.20000	2285
1788267603	XAUUSD	M15	4329.61000	4356.24000	4357.46000	4326.21000	2801
1788268503	XAUUSD	M15	4342.99000	4329.60000	4344.68000	4326.47000	2584
1788269403	XAUUSD	M15	4361.82000	4343.01000	4362.31000	4341.29000	2828
1788270303	XAUUSD	M15	4365.84000	4361.74000	4367.22000	4354.24000	2697
1788271203	XAUUSD	M15	4370.22000	4365.19000	4370.45000	4353.34000	2820
1788272103	XAUUSD	M15	4365.94000	4370.35000	4375.62000	4365.94000	2653
1788273003	XAUUSD	M15	4367.01000	4365.80000	4373.22000	4364.28000	2594
1788273903	XAUUSD	M15	4360.28000	4367.03000	4370.20000	4356.87000	2537
1788274803	XAUUSD	M15	4357.07000	4360.38000	4362.99000	4355.24000	2481
1788275703	XAUUSD	M15	4365.70000	4357.33000	4365.78000	4356.36000	2395
1788276603	XAUUSD	M15	4370.79000	4365.77000	4370.89000	4361.69000	2272
1788277503	XAUUSD	M15	4372.90000	4370.69000	4373.85000	4368.65000	2073
1788278403	XAUUSD	M15	4362.56000	4373.14000	4374.72000	4362.50000	2254
1788279303	XAUUSD	M15	4352.90000	4362.34000	4365.56000	4352.57000	2623
1788280203	XAUUSD	M15	4354.87000	4351.62000	4357.73000	4347.09000	2545
1788281103	XAUUSD	M15	4351.28000	4354.77000	4359.14000	4351.15000	2223
1788282003	XAUUSD	M15	4346.39000	4351.37000	4351.93000	4344.37000	2181
1788282903	XAUUSD	M15	4349.96000	4346.44000	4350.09000	4342.95000	2291
1788283803	XAUUSD	M15	4344.18000	4349.84000	4351.91000	4342.75000	2287
1788284703	XAUUSD	M15	4342.96000	4343.97000	4344.54000	4341.05000	1869
1788285603	XAUUSD	M15	4336.43000	4342.98000	4344.56000	4334.51000	2053
1788286503	XAUUSD	M15	4337.51000	4336.43000	4341.80000	4335.64000	1972
1788287403	XAUUSD	M15	4329.66000	4337.55000	4337.65000	4328.42000	2057
1788288303	XAUUSD	M15	4331.76000	4329.60000	4334.31000	4328.34000	2073
1788289203	XAUUSD	M15	4337.34000	4331.67000	4337.34000	4329.11000	2142
1788290103	XAUUSD	M15	4334.52000	4337.31000	4337.68000	4333.42000	1793
1788291003	XAUUSD	M15	4326.44000	4334.55000	4334.76000	4322.72000	2013
1788291903	XAUUSD	M15	4327.17000	4326.38000	4330.43000	4323.59000	2173
1788292803	XAUUSD	M15	4325.74000	4327.02000	4330.78000	4323.72000	1255
1788293703	XAUUSD	M15	4326.09000	4325.83000	4329.06000	4324.99000	875
1788294603	XAUUSD	M15	4327.64000	4326.09000	4330.46000	4325.20000	894
1788295503	XAUUSD	M15	4328.20000	4327.64000	4329.85000	4326.88000	811
1788300003	XAUUSD	M15	4329.19000	4332.97000	4334.35000	4328.40000	772
1788300903	XAUUSD	M15	4327.79000	4329.19000	4329.30000	4327.18000	760
1788301803	XAUUSD	M15	4328.31000	4327.87000	4329.51000	4326.35000	566
1788302703	XAUUSD	M15	4329.37000	4328.31000	4331.21000	4327.39000	662
1788303603	XAUUSD	M15	4330.63000	4329.37000	4332.55000	4327.17000	701
1788304503	XAUUSD	M15	4330.87000	4330.63000	4331.58000	4326.26000	762
1788305403	XAUUSD	M15	4333.78000	4330.90000	4335.76000	4330.82000	855
1788306303	XAUUSD	M15	4324.40000	4333.83000	4333.95000	4323.44000	1180
1788307203	XAUUSD	M15	4328.07000	4324.59000	4330.51000	4315.90000	2255
1788308103	XAUUSD	M15	4325.85000	4328.23000	4334.63000	4322.74000	2078
1788309003	XAUUSD	M15	4330.12000	4325.85000	4331.75000	4320.47000	1901
1788309903	XAUUSD	M15	4315.81000	4330.06000	4331.37000	4314.81000	1925
1788310803	XAUUSD	M15	4317.63000	4315.66000	4322.58000	4304.88000	2708
1788311703	XAUUSD	M15	4317.22000	4317.58000	4326.77000	4315.31000	2432
1788312603	XAUUSD	M15	4309.12000	4317.20000	4318.55000	4305.16000	2440
1788313503	XAUUSD	M15	4291.00000	4309.21000	4309.86000	4288.33000	2472
1788314403	XAUUSD	M15	4296.13000	4291.00000	4301.97000	4287.38000	2285
1788315303	XAUUSD	M15	4304.41000	4296.15000	4306.36000	4296.03000	1755
1788316203	XAUUSD	M15	4309.32000	4304.51000	4314.76000	4299.57000	2144
1788317103	XAUUSD	M15	4302.90000	4309.30000	4311.22000	4300.38000	1872
1788318003	XAUUSD	M15	4300.87000	4302.97000	4304.34000	4296.96000	1938
1788318903	XAUUSD	M15	4293.78000	4300.81000	4302.60000	4289.46000	2022
1788319803	XAUUSD	M15	4288.84000	4293.78000	4293.82000	4282.53000	1846
1788320703	XAUUSD	M15	4303.33000	4288.75000	4303.86000	4288.56000	1558
1788321603	XAUUSD	M15	4304.30000	4303.33000	4306.77000	4302.18000	1320
1788322503	XAUUSD	M15	4302.76000	4304.30000	4305.47000	4301.42000	1281
1788323403	XAUUSD	M15	4304.75000	4302.90000	4307.77000	4302.59000	1182
1788324303	XAUUSD	M15	4307.28000	4304.75000	4307.62000	4303.85000	1039
1788325203	XAUUSD	M15	4310.00000	4307.29000	4310.08000	4303.65000	1480
1788326103	XAUUSD	M15	4313.06000	4310.02000	4313.94000	4306.80000	1750
1788327003	XAUUSD	M15	4323.14000	4313.06000	4324.80000	4313.06000	2197
1788327903	XAUUSD	M15	4319.83000	4323.21000	4326.56000	4319.35000	1838
1788328803	XAUUSD	M15	4326.55000	4319.91000	4329.26000	4317.61000	2149
1788329703	XAUUSD	M15	4322.83000	4326.55000	4328.48000	4320.82000	2028
1788330603	XAUUSD	M15	4324.22000	4322.83000	4326.39000	4316.87000	2047
1788331503	XAUUSD	M15	4321.76000	4324.22000	4324.97000	4314.57000	2033
1788332403	XAUUSD	M15	4326.71000	4321.76000	4331.02000	4319.20000	2167
1788333303	XAUUSD	M15	4326.82000	4326.58000	4329.33000	4324.97000	2002
1788334203	XAUUSD	M15	4322.68000	4326.80000	4331.37000	4321.99000	1843
1788335103	XAUUSD	M15	4323.17000	4322.77000	4325.08000	4320.53000	1731
1788336003	XAUUSD	M15	4325.69000	4323.30000	4331.67000	4322.15000	2005
1788336903	XAUUSD	M15	4323.02000	4325.48000	4327.75000	4322.70000	1865
1788337803	XAUUSD	M15	4322.02000	4323.15000	4326.82000	4319.58000	1764
1788338703	XAUUSD	M15	4312.87000	4322.28000	4322.59000	4312.68000	1930
1788339603	XAUUSD	M15	4313.92000	4312.89000	4322.33000	4312.37000	1930
1788340503	XAUUSD	M15	4309.07000	4313.90000	4315.27000	4304.94000	1887
1788341403	XAUUSD	M15	4310.05000	4309.05000	4311.81000	4307.48000	1792
1788342303	XAUUSD	M15	4308.58000	4310.02000	4311.45000	4307.95000	1708
1788343203	XAUUSD	M15	4306.87000	4308.68000	4309.67000	4301.79000	1718
1788344103	XAUUSD	M15	4309.91000	4306.74000	4312.23000	4306.11000	1474
1788345003	XAUUSD	M15	4309.43000	4309.92000	4310.74000	4307.23000	1501
1788345903	XAUUSD	M15	4309.32000	4309.43000	4310.39000	4305.21000	1492
1788346803	XAUUSD	M15	4322.84000	4309.38000	4324.49000	4307.67000	2005
1788347703	XAUUSD	M15	4321.84000	4322.69000	4323.18000	4315.63000	2024
1788348603	XAUUSD	M15	4324.75000	4321.83000	4333.01000	4321.67000	1994
1788349503	XAUUSD	M15	4332.34000	4324.62000	4332.95000	4323.38000	1910
1788350403	XAUUSD	M15	4333.28000	4332.43000	4336.45000	4329.17000	2238
1788351303	XAUUSD	M15	4336.46000	4333.10000	4344.29000	4329.93000	2359
1788352203	XAUUSD	M15	4334.35000	4336.22000	4337.68000	4327.48000	2116
1788353103	XAUUSD	M15	4331.70000	4334.28000	4339.23000	4330.55000	2090
1788354003	XAUUSD	M15	4339.54000	4331.41000	4344.52000	4330.87000	2476
1788354903	XAUUSD	M15	4358.32000	4339.58000	4358.32000	4336.75000	2392
1788355803	XAUUSD	M15	4378.21000	4358.37000	4379.42000	4357.05000	2822
1788356703	XAUUSD	M15	4385.52000	4378.12000	4385.52000	4367.74000	2755
1788357603	XAUUSD	M15	4387.85000	4385.32000	4397.55000	4378.97000	2829
1788358503	XAUUSD	M15	4387.78000	4387.80000	4397.29000	4384.89000	2709
1788359403	XAUUSD	M15	4385.65000	4387.53000	4388.13000	4381.32000	2609
1788360303	XAUUSD	M15	4377.01000	4385.46000	4386.79000	4374.32000	2475
1788361203	XAUUSD	M15	4372.64000	4376.96000	4380.83000	4372.58000	2640
1788362103	XAUUSD	M15	4372.51000	4372.88000	4372.94000	4365.67000	2463
1788363003	XAUUSD	M15	4366.29000	4372.65000	4375.03000	4366.08000	2356
1788363903	XAUUSD	M15	4372.99000	4366.05000	4373.90000	4364.60000	2150
1788364803	XAUUSD	M15	4372.45000	4373.14000	4374.80000	4368.96000	2059
1788365703	XAUUSD	M15	4368.72000	4372.45000	4372.49000	4367.67000	1911
1788366603	XAUUSD	M15	4365.07000	4368.51000	4370.51000	4364.63000	1949
1788367503	XAUUSD	M15	4368.37000	4364.95000	4370.58000	4364.55000	1843
1788368403	XAUUSD	M15	4368.92000	4368.37000	4371.13000	4367.62000	1807
1788369303	XAUUSD	M15	4369.81000	4368.90000	4369.94000	4364.66000	1783
1788370203	XAUUSD	M15	4376.47000	4369.95000	4377.58000	4366.59000	1762
1788371103	XAUUSD	M15	4377.03000	4376.54000	4380.68000	4375.48000	1864
1788372003	XAUUSD	M15	4370.27000	4377.03000	4377.67000	4370.20000	1759
1788372903	XAUUSD	M15	4373.14000	4370.27000	4379.60000	4369.25000	2009
1788373803	XAUUSD	M15	4373.03000	4373.06000	4378.24000	4372.56000	1710
1788374703	XAUUSD	M15	4374.10000	4373.01000	4375.86000	4372.59000	1582
1788375603	XAUUSD	M15	4379.24000	4374.13000	4380.29000	4371.81000	1759
1788376503	XAUUSD	M15	4381.15000	4379.15000	4383.07000	4378.26000	1670
1788377403	XAUUSD	M15	4388.14000	4381.19000	4388.70000	4381.19000	1789
1788378303	XAUUSD	M15	4390.96000	4388.13000	4391.30000	4384.94000	1936
1788379203	XAUUSD	M15	4386.03000	4391.12000	4391.60000	4385.95000	1143
1788380103	XAUUSD	M15	4386.38000	4386.03000	4387.76000	4384.13000	1077
1788381003	XAUUSD	M15	4387.94000	4386.20000	4389.78000	4385.74000	811
1788381903	XAUUSD	M15	4388.10000	4387.88000	4390.69000	4387.42000	708
1788386403	XAUUSD	M15	4390.03000	4391.34000	4393.07000	4389.77000	417
1788387303	XAUUSD	M15	4389.90000	4389.89000	4390.94000	4387.81000	689
1788388203	XAUUSD	M15	4384.96000	4389.90000	4389.90000	4384.82000	587
1788389103	XAUUSD	M15	4384.53000	4385.25000	4385.33000	4383.61000	519
1788390003	XAUUSD	M15	4384.04000	4384.72000	4386.85000	4383.93000	613
1788390903	XAUUSD	M15	4382.18000	4384.04000	4384.21000	4381.89000	563
1788391803	XAUUSD	M15	4385.28000	4382.18000	4385.39000	4381.15000	756
1788392703	XAUUSD	M15	4385.66000	4385.19000	4388.91000	4384.56000	1180
1788393603	XAUUSD	M15	4390.26000	4385.66000	4392.57000	4384.58000	1674
1788394503	XAUUSD	M15	4387.20000	4390.36000	4390.42000	4385.30000	1458
1788395403	XAUUSD	M15	4387.77000	4387.20000	4389.69000	4382.63000	1385
1788396303	XAUUSD	M15	4395.64000	4387.76000	4397.49000	4385.80000	1521
1788397203	XAUUSD	M15	4401.52000	4395.62000	4409.22000	4387.36000	2528
1788398103	XAUUSD	M15	4401.80000	4401.17000	4403.67000	4394.09000	2257
1788399003	XAUUSD	M15	4400.86000	4401.67000	4409.42000	4400.44000	2214
1788399903	XAUUSD	M15	4410.27000	4400.75000	4412.57000	4400.27000	2097
1788400803	XAUUSD	M15	4411.14000	4410.40000	4415.32000	4409.13000	2273
1788401703	XAUUSD	M15	4411.58000	4411.12000	4413.13000	4406.81000	1634
1788402603	XAUUSD	M15	4413.50000	4411.48000	4418.10000	4409.55000	2045
1788403503	XAUUSD	M15	4420.37000	4413.67000	4420.51000	4411.60000	1947
1788404403	XAUUSD	M15	4428.80000	4420.37000	4430.07000	4419.50000	1787
1788405303	XAUUSD	M15	4429.39000	4428.85000	4431.23000	4424.66000	1889
1788406203	XAUUSD	M15	4426.62000	4429.41000	4432.17000	4426.62000	1332
1788407103	XAUUSD	M15	4431.47000	4426.62000	4432.57000	4425.40000	1225
1788408003	XAUUSD	M15	4431.20000	4431.43000	4435.80000	4425.73000	1473
1788408903	XAUUSD	M15	4436.50000	4431.20000	4436.86000	4429.99000	1026
1788409803	XAUUSD	M15	4437.99000	4436.56000	4438.52000	4435.54000	1150
1788410703	XAUUSD	M15	4437.42000	4438.03000	4438.55000	4434.01000	949
1788411603	XAUUSD	M15	4429.66000	4437.42000	4440.30000	4428.95000	1436
1788412503	XAUUSD	M15	4425.09000	4429.72000	4430.61000	4422.73000	2022
1788413403	XAUUSD	M15	4432.27000	4425.21000	4432.59000	4422.62000	2360
1788414303	XAUUSD	M15	4431.08000	4432.30000	4439.29000	4428.43000	2028
1788415203	XAUUSD	M15	4427.04000	4431.08000	4436.27000	4425.80000	2220
1788416103	XAUUSD	M15	4421.66000	4427.04000	4430.74000	4418.82000	1997
1788417003	XAUUSD	M15	4425.63000	4421.58000	4426.09000	4420.37000	1826
1788417903	XAUUSD	M15	4420.58000	4425.55000	4428.73000	4420.58000	1714
1788418803	XAUUSD	M15	4421.98000	4420.62000	4431.61000	4419.10000	2147
1788419703	XAUUSD	M15	4426.49000	4422.00000	4430.23000	4421.68000	1800
1788420603	XAUUSD	M15	4426.83000	4426.52000	4430.77000	4423.73000	1981
1788421503	XAUUSD	M15	4428.83000	4426.63000	4431.09000	4424.33000	1693
1788422403	XAUUSD	M15	4431.23000	4428.77000	4443.70000	4428.15000	2472
1788423303	XAUUSD	M15	4438.33000	4431.38000	4439.53000	4430.78000	1992
1788424203	XAUUSD	M15	4434.13000	4438.37000	4439.69000	4431.47000	1642
1788425103	XAUUSD	M15	4434.98000	4434.59000	4440.03000	4434.05000	1645
1788426003	XAUUSD	M15	4438.25000	4435.03000	4441.91000	4434.15000	1765
1788426903	XAUUSD	M15	4435.29000	4437.99000	4438.31000	4432.18000	1645
1788427803	XAUUSD	M15	4430.03000	4435.27000	4438.02000	4429.57000	1700
1788428703	XAUUSD	M15	4427.52000	4430.03000	4430.50000	4425.61000	1496
1788429603	XAUUSD	M15	4424.45000	4427.52000	4429.87000	4423.11000	1816
1788430503	XAUUSD	M15	4422.51000	4424.50000	4425.64000	4419.20000	1633
1788431403	XAUUSD	M15	4425.63000	4422.51000	4426.31000	4420.10000	1701
1788432303	XAUUSD	M15	4427.51000	4425.58000	4428.52000	4424.06000	1422
1788433203	XAUUSD	M15	4432.72000	4427.25000	4432.72000	4425.05000	1831
1788434103	XAUUSD	M15	4434.33000	4432.68000	4437.98000	4430.34000	1801
1788435003	XAUUSD	M15	4438.77000	4434.57000	4439.29000	4426.33000	1675
1788435903	XAUUSD	M15	4444.13000	4438.77000	4444.95000	4436.65000	1718
1788436803	XAUUSD	M15	4443.86000	4444.13000	4450.20000	4441.18000	1988
1788437703	XAUUSD	M15	4446.55000	4443.86000	4449.14000	4437.91000	1984
1788438603	XAUUSD	M15	4468.01000	4446.56000	4478.75000	4446.35000	2802
1788439503	XAUUSD	M15	4493.36000	4467.66000	4495.21000	4465.51000	2659
1788440403	XAUUSD	M15	4485.60000	4493.57000	4495.87000	4484.80000	2695
1788441303	XAUUSD	M15	4479.96000	4485.72000	4487.93000	4477.04000	2467
1788442203	XAUUSD	M15	4470.14000	4479.86000	4482.39000	4468.13000	2746
1788443103	XAUUSD	M15	4470.93000	4469.86000	4471.03000	4456.75000	2652
1788444003	XAUUSD	M15	4469.12000	4468.50000	4472.91000	4459.37000	2798
1788444903	XAUUSD	M15	4477.70000	4469.23000	4480.76000	4469.22000	2697
1788445803	XAUUSD	M15	4473.04000	4477.34000	4479.72000	4466.08000	2611
1788446703	XAUUSD	M15	4485.38000	4472.83000	4485.38000	4470.99000	2405
1788447603	XAUUSD	M15	4503.50000	4485.45000	4504.06000	4484.15000	2685
1788448503	XAUUSD	M15	4506.78000	4503.73000	4510.78000	4501.73000	2546
1788449403	XAUUSD	M15	4495.01000	4506.48000	4509.64000	4494.92000	2417
1788450303	XAUUSD	M15	4493.24000	4495.12000	4495.58000	4486.15000	2293
1788451203	XAUUSD	M15	4493.97000	4493.24000	4495.37000	4487.67000	2175
1788452103	XAUUSD	M15	4493.23000	4493.95000	4494.79000	4490.60000	1927
1788453003	XAUUSD	M15	4487.95000	4493.57000	4495.50000	4486.86000	1933
1788453903	XAUUSD	M15	4486.24000	4487.69000	4491.03000	4485.47000	1737
1788454803	XAUUSD	M15	4487.93000	4486.30000	4488.83000	4483.26000	1819
1788455703	XAUUSD	M15	4492.91000	4487.94000	4493.73000	4485.18000	1863
1788456603	XAUUSD	M15	4491.91000	4492.92000	4494.10000	4490.87000	1605
1788457503	XAUUSD	M15	4486.61000	4491.95000	4494.69000	4486.58000	1484
1788458403	XAUUSD	M15	4483.95000	4486.60000	4489.76000	4483.94000	1767
1788459303	XAUUSD	M15	4479.87000	4483.93000	4488.06000	4479.87000	1793
1788460203	XAUUSD	M15	4481.49000	4479.77000	4482.83000	4475.91000	1710
1788461103	XAUUSD	M15	4475.21000	4481.49000	4482.70000	4473.96000	1809
1788462003	XAUUSD	M15	4474.42000	4475.22000	4476.92000	4472.85000	1760
1788462903	XAUUSD	M15	4475.85000	4474.42000	4476.65000	4472.64000	1681
1788463803	XAUUSD	M15	4477.53000	4475.81000	4478.85000	4474.07000	1688
1788464703	XAUUSD	M15	4474.49000	4477.53000	4480.79000	4473.11000	1899
1788465603	XAUUSD	M15	4471.85000	4475.16000	4475.62000	4471.60000	1008
1788466503	XAUUSD	M15	4471.65000	4471.85000	4472.50000	4470.42000	842
1788467403	XAUUSD	M15	4472.41000	4471.68000	4472.88000	4471.05000	683
1788468303	XAUUSD	M15	4473.19000	4472.39000	4474.03000	4471.80000	549
1788472803	XAUUSD	M15	4478.06000	4476.18000	4478.32000	4473.14000	822
1788473703	XAUUSD	M15	4475.10000	4478.06000	4478.73000	4474.25000	814
1788474603	XAUUSD	M15	4473.85000	4475.10000	4476.70000	4472.77000	868
1788475503	XAUUSD	M15	4474.53000	4473.84000	4475.80000	4471.49000	894
1788476403	XAUUSD	M15	4474.19000	4474.51000	4477.68000	4472.51000	754
1788477303	XAUUSD	M15	4473.86000	4474.25000	4475.11000	4471.58000	705
1788478203	XAUUSD	M15	4477.33000	4473.87000	4478.34000	4473.54000	725
1788479103	XAUUSD	M15	4480.02000	4477.33000	4480.17000	4474.91000	1013
1788480003	XAUUSD	M15	4480.86000	4480.08000	4483.24000	4478.13000	1463
1788480903	XAUUSD	M15	4474.62000	4480.80000	4480.94000	4474.46000	1327
1788481803	XAUUSD	M15	4482.24000	4474.73000	4482.24000	4472.81000	1296
1788482703	XAUUSD	M15	4486.54000	4482.21000	4487.09000	4480.67000	1341
1788483603	XAUUSD	M15	4474.91000	4486.32000	4487.07000	4474.34000	2206
1788484503	XAUUSD	M15	4470.87000	4474.88000	4478.92000	4468.07000	2014
1788485403	XAUUSD	M15	4473.98000	4471.44000	4476.88000	4468.17000	1980
1788486303	XAUUSD	M15	4478.86000	4473.99000	4480.52000	4467.19000	1832
1788487203	XAUUSD	M15	4479.32000	4478.88000	4482.58000	4477.13000	1655
1788488103	XAUUSD	M15	4473.95000	4479.32000	4480.37000	4471.63000	1176
1788489003	XAUUSD	M15	4470.92000	4473.95000	4477.27000	4470.37000	1829
1788489903	XAUUSD	M15	4477.37000	4470.82000	4480.95000	4470.21000	1559
1788490803	XAUUSD	M15	4473.44000	4477.54000	4478.70000	4470.28000	1492
1788491703	XAUUSD	M15	4472.49000	4473.49000	4474.75000	4471.52000	1327
1788492603	XAUUSD	M15	4469.21000	4472.46000	4475.26000	4469.14000	1006
1788493503	XAUUSD	M15	4467.04000	4469.28000	4470.09000	4467.04000	1011
1788494403	XAUUSD	M15	4469.34000	4467.04000	4470.10000	4465.51000	1172
1788495303	XAUUSD	M15	4471.69000	4469.34000	4472.35000	4468.42000	870
1788496203	XAUUSD	M15	4474.18000	4471.69000	4474.90000	4471.65000	992
1788497103	XAUUSD	M15	4473.75000	4473.62000	4474.85000	4472.74000	794
1788498003	XAUUSD	M15	4469.31000	4473.70000	4474.54000	4467.38000	1155
1788498903	XAUUSD	M15	4467.58000	4469.56000	4475.23000	4467.50000	1045
1788499803	XAUUSD	M15	4471.00000	4466.81000	4477.61000	4466.81000	1891
1788500703	XAUUSD	M15	4472.11000	4471.00000	4472.75000	4467.34000	1631
1788501603	XAUUSD	M15	4468.96000	4472.21000	4473.44000	4466.65000	1644
1788502503	XAUUSD	M15	4468.84000	4468.91000	4471.85000	4466.76000	1460
1788503403	XAUUSD	M15	4464.14000	4468.88000	4469.76000	4463.19000	1659
1788504303	XAUUSD	M15	4462.94000	4464.14000	4464.37000	4460.05000	1676
1788505203	XAUUSD	M15	4467.75000	4462.80000	4471.15000	4461.50000	1678
1788506103	XAUUSD	M15	4472.82000	4467.75000	4472.83000	4466.59000	1334
1788507003	XAUUSD	M15	4485.68000	4472.65000	4486.28000	4472.65000	1593
1788507903	XAUUSD	M15	4483.44000	4485.58000	4490.71000	4481.33000	1645
1788508803	XAUUSD	M15	4482.00000	4483.44000	4486.36000	4479.37000	1728
1788509703	XAUUSD	M15	4481.13000	4481.99000	4484.13000	4479.66000	1417
1788510603	XAUUSD	M15	4477.56000	4481.09000	4482.57000	4477.42000	1463
1788511503	XAUUSD	M15	4477.75000	4477.58000	4479.86000	4474.43000	1238
1788512403	XAUUSD	M15	4470.17000	4477.75000	4479.22000	4468.99000	1332
1788513303	XAUUSD	M15	4466.65000	4470.04000	4470.63000	4463.88000	1622
1788514203	XAUUSD	M15	4467.30000	4466.65000	4470.23000	4464.59000	1425
1788515103	XAUUSD	M15	4465.58000	4467.32000	4469.69000	4465.54000	1275
1788516003	XAUUSD	M15	4472.75000	4465.46000	4473.25000	4465.46000	1148
1788516903	XAUUSD	M15	4471.24000	4472.77000	4473.46000	4468.10000	1258
1788517803	XAUUSD	M15	4473.62000	4471.24000	4475.17000	4470.07000	1194
1788518703	XAUUSD	M15	4472.88000	4473.57000	4476.42000	4472.74000	1106
1788519603	XAUUSD	M15	4470.25000	4472.74000	4473.33000	4469.49000	1376
1788520503	XAUUSD	M15	4465.68000	4470.26000	4470.82000	4465.40000	1261
1788521403	XAUUSD	M15	4468.25000	4465.61000	4470.33000	4465.22000	1200
1788522303	XAUUSD	M15	4466.95000	4468.26000	4470.62000	4465.24000	1353
1788523203	XAUUSD	M15	4464.73000	4466.95000	4470.42000	4464.61000	1831
1788524103	XAUUSD	M15	4472.68000	4464.73000	4476.24000	4464.51000	2116
1788525003	XAUUSD	M15	4394.06000	4472.47000	4472.47000	4379.87000	2874
1788525903	XAUUSD	M15	4393.75000	4393.36000	4409.84000	4380.12000	2862
1788526803	XAUUSD	M15	4394.19000	4393.83000	4394.59000	4365.49000	2838
1788527703	XAUUSD	M15	4412.62000	4394.20000	4414.55000	4391.48000	2648
1788528603	XAUUSD	M15	4423.85000	4412.68000	4423.98000	4405.27000	2883
1788529503	XAUUSD	M15	4413.48000	4423.97000	4434.67000	4413.23000	2781
1788530403	XAUUSD	M15	4433.99000	4413.18000	4435.09000	4412.15000	2776
1788531303	XAUUSD	M15	4429.04000	4433.91000	4437.33000	4426.83000	2684
1788532203	XAUUSD	M15	4428.51000	4429.09000	4442.27000	4425.49000	2653
1788533103	XAUUSD	M15	4427.56000	4428.96000	4431.92000	4417.23000	2675
1788534003	XAUUSD	M15	4443.44000	4427.64000	4443.65000	4422.77000	2519
1788534903	XAUUSD	M15	4439.78000	4443.50000	4448.95000	4439.65000	2483
1788535803	XAUUSD	M15	4442.97000	4440.02000	4446.51000	4436.89000	2349
1788536703	XAUUSD	M15	4436.70000	4442.86000	4445.98000	4435.71000	2100
1788537603	XAUUSD	M15	4438.77000	4436.67000	4440.39000	4432.24000	2012
1788538503	XAUUSD	M15	4434.24000	4438.82000	4443.43000	4433.33000	1937
1788539403	XAUUSD	M15	4438.02000	4434.16000	4439.78000	4433.35000	1957
1788540303	XAUUSD	M15	4436.50000	4438.01000	4440.51000	4434.72000	1779
1788541203	XAUUSD	M15	4434.18000	4436.25000	4436.53000	4430.22000	1944
1788542103	XAUUSD	M15	4428.65000	4433.81000	4440.45000	4427.49000	1953
1788543003	XAUUSD	M15	4417.09000	4428.68000	4429.78000	4416.41000	1883
1788543903	XAUUSD	M15	4416.56000	4417.26000	4421.30000	4415.66000	1792
1788544803	XAUUSD	M15	4419.51000	4416.56000	4419.65000	4412.00000	1850
1788545703	XAUUSD	M15	4424.75000	4419.51000	4426.74000	4419.16000	1636
1788546603	XAUUSD	M15	4422.97000	4424.89000	4425.62000	4421.30000	1411
1788547503	XAUUSD	M15	4423.99000	4422.97000	4425.89000	4422.01000	1407
1788548403	XAUUSD	M15	4429.14000	4423.98000	4429.94000	4422.58000	1522
1788549303	XAUUSD	M15	4435.65000	4429.12000	4435.80000	4426.85000	1474
1788550203	XAUUSD	M15	4437.01000	4435.63000	4438.41000	4434.14000	1555
1788551103	XAUUSD	M15	4434.93000	4436.95000	4437.33000	4432.67000	1709
1788552003	XAUUSD	M15	4431.68000	4434.85000	4435.22000	4430.88000	855
1788552903	XAUUSD	M15	4430.12000	4431.68000	4431.87000	4429.50000	553
1788553803	XAUUSD	M15	4430.55000	4430.06000	4430.90000	4428.99000	464
1788554703	XAUUSD	M15	4430.12000	4430.59000	4431.79000	4428.63000	478
1788732003	XAUUSD	M15	4429.18000	4425.66000	4429.23000	4417.68000	932
1788732903	XAUUSD	M15	4428.77000	4429.18000	4430.29000	4426.98000	593
1788733803	XAUUSD	M15	4430.60000	4428.77000	4431.36000	4427.55000	498
1788734703	XAUUSD	M15	4429.27000	4430.62000	4435.12000	4428.95000	478
1788735603	XAUUSD	M15	4429.85000	4429.27000	4431.14000	4429.22000	321
1788736503	XAUUSD	M15	4426.90000	4429.85000	4430.03000	4425.17000	599
1788737403	XAUUSD	M15	4429.00000	4426.90000	4430.50000	4425.24000	713
1788738303	XAUUSD	M15	4423.31000	4429.10000	4433.78000	4421.19000	1243
1788739203	XAUUSD	M15	4425.20000	4423.38000	4427.57000	4421.08000	1564
1788740103	XAUUSD	M15	4422.29000	4425.20000	4428.45000	4422.29000	1277
1788741003	XAUUSD	M15	4423.95000	4422.28000	4425.26000	4418.53000	1457
1788741903	XAUUSD	M15	4412.58000	4423.94000	4429.56000	4410.06000	1525
1788742803	XAUUSD	M15	4399.82000	4412.31000	4415.84000	4395.58000	2389
1788743703	XAUUSD	M15	4403.36000	4399.82000	4403.62000	4389.69000	2208
1788744603	XAUUSD	M15	4410.35000	4403.34000	4413.30000	4403.26000	2052
1788745503	XAUUSD	M15	4409.14000	4410.19000	4416.81000	4408.79000	1858
1788746403	XAUUSD	M15	4403.59000	4409.04000	4410.59000	4402.91000	1854
1788747303	XAUUSD	M15	4407.68000	4403.93000	4409.39000	4403.47000	1330
1788748203	XAUUSD	M15	4414.91000	4407.68000	4418.49000	4406.77000	2051
1788749103	XAUUSD	M15	4408.93000	4414.92000	4419.05000	4407.28000	1795
1788750003	XAUUSD	M15	4407.94000	4408.83000	4410.46000	4405.48000	1513
1788750903	XAUUSD	M15	4408.75000	4407.93000	4410.14000	4404.64000	1450
1788751803	XAUUSD	M15	4401.84000	4408.74000	4408.99000	4401.78000	1144
1788752703	XAUUSD	M15	4403.71000	4401.84000	4404.47000	4401.76000	120
