No	TimeStamp	Symbol	Timeframe	Close	dual_tema_high	dual_tema_low
0	2025.10.09 00:00	NZDUSD.i	H1	0.57822		
1	2025.10.09 01:00	NZDUSD.i	H1	0.57879		
2	2025.10.09 02:00	NZDUSD.i	H1	0.57833		
3	2025.10.09 03:00	NZDUSD.i	H1	0.57913		
4	2025.10.09 04:00	NZDUSD.i	H1	0.57928		
5	2025.10.09 05:00	NZDUSD.i	H1	0.58046		
6	2025.10.09 06:00	NZDUSD.i	H1	0.58000		
7	2025.10.09 07:00	NZDUSD.i	H1	0.58038		
8	2025.10.09 08:00	NZDUSD.i	H1	0.57950		
9	2025.10.09 09:00	NZDUSD.i	H1	0.57689		
10	2025.10.09 10:00	NZDUSD.i	H1	0.57703		
11	2025.10.09 11:00	NZDUSD.i	H1	0.57679		
12	2025.10.09 12:00	NZDUSD.i	H1	0.57789		
13	2025.10.09 13:00	NZDUSD.i	H1	0.57795		
14	2025.10.09 14:00	NZDUSD.i	H1	0.57796		
15	2025.10.09 15:00	NZDUSD.i	H1	0.57814		
16	2025.10.09 16:00	NZDUSD.i	H1	0.57664		
17	2025.10.09 17:00	NZDUSD.i	H1	0.57509		
18	2025.10.09 18:00	NZDUSD.i	H1	0.57437		
19	2025.10.09 19:00	NZDUSD.i	H1	0.57406		
20	2025.10.09 20:00	NZDUSD.i	H1	0.57447		
21	2025.10.09 21:00	NZDUSD.i	H1	0.57376		
22	2025.10.09 22:00	NZDUSD.i	H1	0.57432		
23	2025.10.09 23:00	NZDUSD.i	H1	0.57428		
24	2025.10.10 00:00	NZDUSD.i	H1	0.57446	0.57405	0.57362
25	2025.10.10 01:00	NZDUSD.i	H1	0.57472	0.57426	0.57379
26	2025.10.10 02:00	NZDUSD.i	H1	0.57517	0.57459	0.57393
27	2025.10.10 03:00	NZDUSD.i	H1	0.57529	0.57489	0.57420
28	2025.10.10 04:00	NZDUSD.i	H1	0.57517	0.57529	0.57467
29	2025.10.10 05:00	NZDUSD.i	H1	0.57541	0.57551	0.57491
30	2025.10.10 06:00	NZDUSD.i	H1	0.57566	0.57569	0.57519
31	2025.10.10 07:00	NZDUSD.i	H1	0.57554	0.57584	0.57530
32	2025.10.10 08:00	NZDUSD.i	H1	0.57534	0.57593	0.57544
33	2025.10.10 09:00	NZDUSD.i	H1	0.57481	0.57585	0.57491
34	2025.10.10 10:00	NZDUSD.i	H1	0.57504	0.57561	0.57450
35	2025.10.10 11:00	NZDUSD.i	H1	0.57563	0.57577	0.57467
36	2025.10.10 12:00	NZDUSD.i	H1	0.57498	0.57580	0.57479
37	2025.10.10 13:00	NZDUSD.i	H1	0.57484	0.57568	0.57480
38	2025.10.10 14:00	NZDUSD.i	H1	0.57493	0.57544	0.57480
39	2025.10.10 15:00	NZDUSD.i	H1	0.57520	0.57551	0.57485
40	2025.10.10 16:00	NZDUSD.i	H1	0.57494	0.57541	0.57472
41	2025.10.10 17:00	NZDUSD.i	H1	0.57392	0.57528	0.57428
42	2025.10.10 18:00	NZDUSD.i	H1	0.57315	0.57470	0.57327
43	2025.10.10 19:00	NZDUSD.i	H1	0.57218	0.57394	0.57248
44	2025.10.10 20:00	NZDUSD.i	H1	0.57223	0.57305	0.57188
45	2025.10.10 21:00	NZDUSD.i	H1	0.57224	0.57269	0.57169
46	2025.10.10 22:00	NZDUSD.i	H1	0.57239	0.57251	0.57169
47	2025.10.10 23:00	NZDUSD.i	H1	0.57170	0.57238	0.57138
48	2025.10.13 00:00	NZDUSD.i	H1	0.57299	0.57297	0.57143
49	2025.10.13 01:00	NZDUSD.i	H1	0.57332	0.57361	0.57198
50	2025.10.13 02:00	NZDUSD.i	H1	0.57256	0.57353	0.57219
51	2025.10.13 03:00	NZDUSD.i	H1	0.57349	0.57362	0.57219
52	2025.10.13 04:00	NZDUSD.i	H1	0.57406	0.57406	0.57277
53	2025.10.13 05:00	NZDUSD.i	H1	0.57388	0.57436	0.57335
54	2025.10.13 06:00	NZDUSD.i	H1	0.57347	0.57442	0.57339
55	2025.10.13 07:00	NZDUSD.i	H1	0.57385	0.57430	0.57352
56	2025.10.13 08:00	NZDUSD.i	H1	0.57366	0.57422	0.57366
57	2025.10.13 09:00	NZDUSD.i	H1	0.57332	0.57422	0.57357
58	2025.10.13 10:00	NZDUSD.i	H1	0.57360	0.57418	0.57336
59	2025.10.13 11:00	NZDUSD.i	H1	0.57311	0.57406	0.57297
60	2025.10.13 12:00	NZDUSD.i	H1	0.57338	0.57387	0.57303
61	2025.10.13 13:00	NZDUSD.i	H1	0.57305	0.57363	0.57295
62	2025.10.13 14:00	NZDUSD.i	H1	0.57205	0.57350	0.57245
63	2025.10.13 15:00	NZDUSD.i	H1	0.57215	0.57299	0.57211
64	2025.10.13 16:00	NZDUSD.i	H1	0.57313	0.57298	0.57201
65	2025.10.13 17:00	NZDUSD.i	H1	0.57253	0.57299	0.57187
66	2025.10.13 18:00	NZDUSD.i	H1	0.57315	0.57309	0.57205
67	2025.10.13 19:00	NZDUSD.i	H1	0.57344	0.57329	0.57240
68	2025.10.13 20:00	NZDUSD.i	H1	0.57318	0.57340	0.57270
69	2025.10.13 21:00	NZDUSD.i	H1	0.57293	0.57347	0.57275
70	2025.10.13 22:00	NZDUSD.i	H1	0.57269	0.57330	0.57275
71	2025.10.13 23:00	NZDUSD.i	H1	0.57241	0.57304	0.57260
72	2025.10.14 00:00	NZDUSD.i	H1	0.57229	0.57284	0.57240
73	2025.10.14 01:00	NZDUSD.i	H1	0.57259	0.57279	0.57236
74	2025.10.14 02:00	NZDUSD.i	H1	0.57168	0.57268	0.57196
75	2025.10.14 03:00	NZDUSD.i	H1	0.57224	0.57251	0.57164
76	2025.10.14 04:00	NZDUSD.i	H1	0.57223	0.57251	0.57172
77	2025.10.14 05:00	NZDUSD.i	H1	0.57174	0.57245	0.57167
78	2025.10.14 06:00	NZDUSD.i	H1	0.57109	0.57213	0.57113
79	2025.10.14 07:00	NZDUSD.i	H1	0.57072	0.57161	0.57061
80	2025.10.14 08:00	NZDUSD.i	H1	0.56996	0.57106	0.56994
81	2025.10.14 09:00	NZDUSD.i	H1	0.56943	0.57039	0.56919
82	2025.10.14 10:00	NZDUSD.i	H1	0.56895	0.56978	0.56858
83	2025.10.14 11:00	NZDUSD.i	H1	0.56909	0.56943	0.56842
84	2025.10.14 12:00	NZDUSD.i	H1	0.56858	0.56909	0.56820
85	2025.10.14 13:00	NZDUSD.i	H1	0.56868	0.56866	0.56800
86	2025.10.14 14:00	NZDUSD.i	H1	0.56883	0.56863	0.56800
87	2025.10.14 15:00	NZDUSD.i	H1	0.56917	0.56879	0.56817
88	2025.10.14 16:00	NZDUSD.i	H1	0.56977	0.56926	0.56851
89	2025.10.14 17:00	NZDUSD.i	H1	0.57119	0.57021	0.56908
90	2025.10.14 18:00	NZDUSD.i	H1	0.57174	0.57112	0.56997
91	2025.10.14 19:00	NZDUSD.i	H1	0.57191	0.57190	0.57074
92	2025.10.14 20:00	NZDUSD.i	H1	0.57183	0.57219	0.57131
93	2025.10.14 21:00	NZDUSD.i	H1	0.57168	0.57231	0.57169
94	2025.10.14 22:00	NZDUSD.i	H1	0.57120	0.57232	0.57161
95	2025.10.14 23:00	NZDUSD.i	H1	0.57134	0.57208	0.57143
96	2025.10.15 00:00	NZDUSD.i	H1	0.57136	0.57189	0.57137
97	2025.10.15 01:00	NZDUSD.i	H1	0.57143	0.57192	0.57148
98	2025.10.15 02:00	NZDUSD.i	H1	0.57121	0.57187	0.57146
99	2025.10.15 03:00	NZDUSD.i	H1	0.57115	0.57167	0.57111
100	2025.10.15 04:00	NZDUSD.i	H1	0.57193	0.57193	0.57111
101	2025.10.15 05:00	NZDUSD.i	H1	0.57193	0.57237	0.57152
102	2025.10.15 06:00	NZDUSD.i	H1	0.57219	0.57251	0.57174
103	2025.10.15 07:00	NZDUSD.i	H1	0.57204	0.57249	0.57186
104	2025.10.15 08:00	NZDUSD.i	H1	0.57170	0.57243	0.57186
105	2025.10.15 09:00	NZDUSD.i	H1	0.57274	0.57276	0.57174
106	2025.10.15 10:00	NZDUSD.i	H1	0.57227	0.57304	0.57201
107	2025.10.15 11:00	NZDUSD.i	H1	0.57265	0.57305	0.57219
108	2025.10.15 12:00	NZDUSD.i	H1	0.57288	0.57305	0.57222
109	2025.10.15 13:00	NZDUSD.i	H1	0.57285	0.57307	0.57236
110	2025.10.15 14:00	NZDUSD.i	H1	0.57232	0.57309	0.57237
111	2025.10.15 15:00	NZDUSD.i	H1	0.57171	0.57291	0.57203
112	2025.10.15 16:00	NZDUSD.i	H1	0.57213	0.57263	0.57171
113	2025.10.15 17:00	NZDUSD.i	H1	0.57233	0.57249	0.57162
114	2025.10.15 18:00	NZDUSD.i	H1	0.57226	0.57271	0.57176
115	2025.10.15 19:00	NZDUSD.i	H1	0.57209	0.57251	0.57177
116	2025.10.15 20:00	NZDUSD.i	H1	0.57119	0.57227	0.57116
117	2025.10.15 21:00	NZDUSD.i	H1	0.57184	0.57202	0.57108
118	2025.10.15 22:00	NZDUSD.i	H1	0.57214	0.57200	0.57135
119	2025.10.15 23:00	NZDUSD.i	H1	0.57224	0.57212	0.57167
120	2025.10.16 00:00	NZDUSD.i	H1	0.57175	0.57213	0.57154
121	2025.10.16 01:00	NZDUSD.i	H1	0.57208	0.57215	0.57161
122	2025.10.16 02:00	NZDUSD.i	H1	0.57152	0.57211	0.57138
123	2025.10.16 03:00	NZDUSD.i	H1	0.57293	0.57269	0.57131
124	2025.10.16 04:00	NZDUSD.i	H1	0.57494	0.57412	0.57204
125	2025.10.16 05:00	NZDUSD.i	H1	0.57470	0.57497	0.57329
126	2025.10.16 06:00	NZDUSD.i	H1	0.57407	0.57515	0.57382
127	2025.10.16 07:00	NZDUSD.i	H1	0.57437	0.57508	0.57412
128	2025.10.16 08:00	NZDUSD.i	H1	0.57418	0.57506	0.57430
129	2025.10.16 09:00	NZDUSD.i	H1	0.57419	0.57516	0.57438
130	2025.10.16 10:00	NZDUSD.i	H1	0.57382	0.57493	0.57408
131	2025.10.16 11:00	NZDUSD.i	H1	0.57375	0.57483	0.57399
132	2025.10.16 12:00	NZDUSD.i	H1	0.57373	0.57440	0.57365
133	2025.10.16 13:00	NZDUSD.i	H1	0.57373	0.57420	0.57366
134	2025.10.16 14:00	NZDUSD.i	H1	0.57395	0.57407	0.57356
135	2025.10.16 15:00	NZDUSD.i	H1	0.57377	0.57403	0.57348
136	2025.10.16 16:00	NZDUSD.i	H1	0.57233	0.57389	0.57290
137	2025.10.16 17:00	NZDUSD.i	H1	0.57395	0.57391	0.57252
138	2025.10.16 18:00	NZDUSD.i	H1	0.57305	0.57389	0.57262
139	2025.10.16 19:00	NZDUSD.i	H1	0.57312	0.57371	0.57241
140	2025.10.16 20:00	NZDUSD.i	H1	0.57295	0.57364	0.57246
141	2025.10.16 21:00	NZDUSD.i	H1	0.57259	0.57331	0.57206
142	2025.10.16 22:00	NZDUSD.i	H1	0.57246	0.57288	0.57199
143	2025.10.16 23:00	NZDUSD.i	H1	0.57226	0.57258	0.57201
144	2025.10.17 00:00	NZDUSD.i	H1	0.57239	0.57247	0.57186
145	2025.10.17 01:00	NZDUSD.i	H1	0.57263	0.57254	0.57191
146	2025.10.17 02:00	NZDUSD.i	H1	0.57259	0.57253	0.57198
147	2025.10.17 03:00	NZDUSD.i	H1	0.57277	0.57269	0.57208
148	2025.10.17 04:00	NZDUSD.i	H1	0.57197	0.57303	0.57196
149	2025.10.17 05:00	NZDUSD.i	H1	0.57219	0.57284	0.57173
150	2025.10.17 06:00	NZDUSD.i	H1	0.57268	0.57284	0.57186
151	2025.10.17 07:00	NZDUSD.i	H1	0.57328	0.57318	0.57223
152	2025.10.17 08:00	NZDUSD.i	H1	0.57350	0.57341	0.57264
153	2025.10.17 09:00	NZDUSD.i	H1	0.57329	0.57360	0.57292
154	2025.10.17 10:00	NZDUSD.i	H1	0.57205	0.57352	0.57221
155	2025.10.17 11:00	NZDUSD.i	H1	0.57200	0.57296	0.57180
156	2025.10.17 12:00	NZDUSD.i	H1	0.57273	0.57284	0.57182
157	2025.10.17 13:00	NZDUSD.i	H1	0.57318	0.57302	0.57203
158	2025.10.17 14:00	NZDUSD.i	H1	0.57293	0.57363	0.57235
159	2025.10.17 15:00	NZDUSD.i	H1	0.57168	0.57351	0.57180
160	2025.10.17 16:00	NZDUSD.i	H1	0.57155	0.57280	0.57148
161	2025.10.17 17:00	NZDUSD.i	H1	0.57176	0.57232	0.57127
162	2025.10.17 18:00	NZDUSD.i	H1	0.57205	0.57216	0.57122
163	2025.10.17 19:00	NZDUSD.i	H1	0.57229	0.57231	0.57153
164	2025.10.17 20:00	NZDUSD.i	H1	0.57256	0.57251	0.57178
165	2025.10.17 21:00	NZDUSD.i	H1	0.57330	0.57294	0.57215
166	2025.10.17 22:00	NZDUSD.i	H1	0.57380	0.57341	0.57277
167	2025.10.17 23:00	NZDUSD.i	H1	0.57174	0.57370	0.57236
168	2025.10.20 00:00	NZDUSD.i	H1	0.57198	0.57357	0.57213
169	2025.10.20 01:00	NZDUSD.i	H1	0.57341	0.57358	0.57205
170	2025.10.20 02:00	NZDUSD.i	H1	0.57308	0.57356	0.57247
171	2025.10.20 03:00	NZDUSD.i	H1	0.57362	0.57367	0.57269
172	2025.10.20 04:00	NZDUSD.i	H1	0.57348	0.57404	0.57304
173	2025.10.20 05:00	NZDUSD.i	H1	0.57364	0.57426	0.57335
174	2025.10.20 06:00	NZDUSD.i	H1	0.57366	0.57420	0.57353
175	2025.10.20 07:00	NZDUSD.i	H1	0.57359	0.57409	0.57357
176	2025.10.20 08:00	NZDUSD.i	H1	0.57398	0.57422	0.57363
177	2025.10.20 09:00	NZDUSD.i	H1	0.57335	0.57414	0.57344
178	2025.10.20 10:00	NZDUSD.i	H1	0.57330	0.57398	0.57324
179	2025.10.20 11:00	NZDUSD.i	H1	0.57385	0.57399	0.57321
180	2025.10.20 12:00	NZDUSD.i	H1	0.57309	0.57398	0.57311
181	2025.10.20 13:00	NZDUSD.i	H1	0.57282	0.57360	0.57290
182	2025.10.20 14:00	NZDUSD.i	H1	0.57292	0.57329	0.57268
183	2025.10.20 15:00	NZDUSD.i	H1	0.57327	0.57327	0.57263
184	2025.10.20 16:00	NZDUSD.i	H1	0.57367	0.57357	0.57277
185	2025.10.20 17:00	NZDUSD.i	H1	0.57429	0.57411	0.57316
186	2025.10.20 18:00	NZDUSD.i	H1	0.57498	0.57474	0.57368
187	2025.10.20 19:00	NZDUSD.i	H1	0.57484	0.57507	0.57427
188	2025.10.20 20:00	NZDUSD.i	H1	0.57465	0.57520	0.57456
189	2025.10.20 21:00	NZDUSD.i	H1	0.57460	0.57511	0.57466
190	2025.10.20 22:00	NZDUSD.i	H1	0.57448	0.57507	0.57470
191	2025.10.20 23:00	NZDUSD.i	H1	0.57423	0.57486	0.57456
192	2025.10.21 00:00	NZDUSD.i	H1	0.57398	0.57482	0.57417
193	2025.10.21 01:00	NZDUSD.i	H1	0.57457	0.57479	0.57424
194	2025.10.21 02:00	NZDUSD.i	H1	0.57433	0.57473	0.57423
195	2025.10.21 03:00	NZDUSD.i	H1	0.57504	0.57496	0.57423
196	2025.10.21 04:00	NZDUSD.i	H1	0.57410	0.57503	0.57412
197	2025.10.21 05:00	NZDUSD.i	H1	0.57328	0.57468	0.57366
198	2025.10.21 06:00	NZDUSD.i	H1	0.57307	0.57410	0.57323
199	2025.10.21 07:00	NZDUSD.i	H1	0.57294	0.57351	0.57280
200	2025.10.21 08:00	NZDUSD.i	H1	0.57193	0.57313	0.57215
201	2025.10.21 09:00	NZDUSD.i	H1	0.57226	0.57262	0.57165
202	2025.10.21 10:00	NZDUSD.i	H1	0.57168	0.57236	0.57138
203	2025.10.21 11:00	NZDUSD.i	H1	0.57156	0.57185	0.57096
204	2025.10.21 12:00	NZDUSD.i	H1	0.57152	0.57172	0.57090
205	2025.10.21 13:00	NZDUSD.i	H1	0.57165	0.57154	0.57080
206	2025.10.21 14:00	NZDUSD.i	H1	0.57228	0.57184	0.57103
207	2025.10.21 15:00	NZDUSD.i	H1	0.57292	0.57226	0.57142
208	2025.10.21 16:00	NZDUSD.i	H1	0.57223	0.57260	0.57163
209	2025.10.21 17:00	NZDUSD.i	H1	0.57359	0.57314	0.57182
210	2025.10.21 18:00	NZDUSD.i	H1	0.57453	0.57395	0.57269
211	2025.10.21 19:00	NZDUSD.i	H1	0.57424	0.57461	0.57346
212	2025.10.21 20:00	NZDUSD.i	H1	0.57434	0.57473	0.57387
213	2025.10.21 21:00	NZDUSD.i	H1	0.57438	0.57483	0.57422
214	2025.10.21 22:00	NZDUSD.i	H1	0.57448	0.57494	0.57443
215	2025.10.21 23:00	NZDUSD.i	H1	0.57395	0.57488	0.57440
216	2025.10.22 00:00	NZDUSD.i	H1	0.57358	0.57455	0.57409
217	2025.10.22 01:00	NZDUSD.i	H1	0.57410	0.57450	0.57375
218	2025.10.22 02:00	NZDUSD.i	H1	0.57417	0.57447	0.57389
219	2025.10.22 03:00	NZDUSD.i	H1	0.57411	0.57461	0.57403
220	2025.10.22 04:00	NZDUSD.i	H1	0.57421	0.57460	0.57400
221	2025.10.22 05:00	NZDUSD.i	H1	0.57470	0.57483	0.57415
222	2025.10.22 06:00	NZDUSD.i	H1	0.57474	0.57496	0.57436
223	2025.10.22 07:00	NZDUSD.i	H1	0.57518	0.57512	0.57461
224	2025.10.22 08:00	NZDUSD.i	H1	0.57558	0.57548	0.57497
225	2025.10.22 09:00	NZDUSD.i	H1	0.57578	0.57588	0.57520
226	2025.10.22 10:00	NZDUSD.i	H1	0.57519	0.57602	0.57519
227	2025.10.22 11:00	NZDUSD.i	H1	0.57474	0.57573	0.57490
228	2025.10.22 12:00	NZDUSD.i	H1	0.57461	0.57542	0.57473
229	2025.10.22 13:00	NZDUSD.i	H1	0.57397	0.57510	0.57434
230	2025.10.22 14:00	NZDUSD.i	H1	0.57384	0.57460	0.57402
231	2025.10.22 15:00	NZDUSD.i	H1	0.57423	0.57444	0.57385
232	2025.10.22 16:00	NZDUSD.i	H1	0.57438	0.57442	0.57385
233	2025.10.22 17:00	NZDUSD.i	H1	0.57422	0.57451	0.57373
234	2025.10.22 18:00	NZDUSD.i	H1	0.57508	0.57478	0.57388
235	2025.10.22 19:00	NZDUSD.i	H1	0.57480	0.57490	0.57390
236	2025.10.22 20:00	NZDUSD.i	H1	0.57368	0.57487	0.57367
237	2025.10.22 21:00	NZDUSD.i	H1	0.57378	0.57448	0.57351
238	2025.10.22 22:00	NZDUSD.i	H1	0.57403	0.57424	0.57349
239	2025.10.22 23:00	NZDUSD.i	H1	0.57368	0.57409	0.57352
240	2025.10.23 00:00	NZDUSD.i	H1	0.57378	0.57393	0.57346
241	2025.10.23 01:00	NZDUSD.i	H1	0.57382	0.57398	0.57352
242	2025.10.23 02:00	NZDUSD.i	H1	0.57359	0.57384	0.57350
243	2025.10.23 03:00	NZDUSD.i	H1	0.57405	0.57388	0.57340
244	2025.10.23 04:00	NZDUSD.i	H1	0.57343	0.57401	0.57337
245	2025.10.23 05:00	NZDUSD.i	H1	0.57315	0.57372	0.57314
246	2025.10.23 06:00	NZDUSD.i	H1	0.57251	0.57355	0.57275
247	2025.10.23 07:00	NZDUSD.i	H1	0.57304	0.57326	0.57254
248	2025.10.23 08:00	NZDUSD.i	H1	0.57335	0.57329	0.57259
249	2025.10.23 09:00	NZDUSD.i	H1	0.57401	0.57367	0.57290
250	2025.10.23 10:00	NZDUSD.i	H1	0.57464	0.57418	0.57342
251	2025.10.23 11:00	NZDUSD.i	H1	0.57449	0.57470	0.57398
252	2025.10.23 12:00	NZDUSD.i	H1	0.57482	0.57496	0.57433
253	2025.10.23 13:00	NZDUSD.i	H1	0.57426	0.57507	0.57438
254	2025.10.23 14:00	NZDUSD.i	H1	0.57413	0.57485	0.57432
255	2025.10.23 15:00	NZDUSD.i	H1	0.57445	0.57492	0.57420
256	2025.10.23 16:00	NZDUSD.i	H1	0.57466	0.57503	0.57435
257	2025.10.23 17:00	NZDUSD.i	H1	0.57508	0.57528	0.57452
258	2025.10.23 18:00	NZDUSD.i	H1	0.57495	0.57535	0.57458
259	2025.10.23 19:00	NZDUSD.i	H1	0.57475	0.57533	0.57473
260	2025.10.23 20:00	NZDUSD.i	H1	0.57540	0.57545	0.57466
261	2025.10.23 21:00	NZDUSD.i	H1	0.57542	0.57551	0.57496
262	2025.10.23 22:00	NZDUSD.i	H1	0.57522	0.57558	0.57517
263	2025.10.23 23:00	NZDUSD.i	H1	0.57505	0.57550	0.57518
264	2025.10.24 00:00	NZDUSD.i	H1	0.57504	0.57537	0.57499
265	2025.10.24 01:00	NZDUSD.i	H1	0.57523	0.57548	0.57499
266	2025.10.24 02:00	NZDUSD.i	H1	0.57548	0.57558	0.57514
267	2025.10.24 03:00	NZDUSD.i	H1	0.57562	0.57576	0.57527
268	2025.10.24 04:00	NZDUSD.i	H1	0.57502	0.57579	0.57505
269	2025.10.24 05:00	NZDUSD.i	H1	0.57453	0.57568	0.57478
270	2025.10.24 06:00	NZDUSD.i	H1	0.57518	0.57551	0.57463
271	2025.10.24 07:00	NZDUSD.i	H1	0.57479	0.57536	0.57464
272	2025.10.24 08:00	NZDUSD.i	H1	0.57444	0.57506	0.57446
273	2025.10.24 09:00	NZDUSD.i	H1	0.57547	0.57520	0.57434
274	2025.10.24 10:00	NZDUSD.i	H1	0.57505	0.57539	0.57460
275	2025.10.24 11:00	NZDUSD.i	H1	0.57435	0.57527	0.57436
276	2025.10.24 12:00	NZDUSD.i	H1	0.57408	0.57482	0.57413
277	2025.10.24 13:00	NZDUSD.i	H1	0.57419	0.57459	0.57403
278	2025.10.24 14:00	NZDUSD.i	H1	0.57424	0.57434	0.57389
279	2025.10.24 15:00	NZDUSD.i	H1	0.57582	0.57560	0.57397
280	2025.10.24 16:00	NZDUSD.i	H1	0.57543	0.57596	0.57427
281	2025.10.24 17:00	NZDUSD.i	H1	0.57390	0.57585	0.57404
282	2025.10.24 18:00	NZDUSD.i	H1	0.57458	0.57540	0.57393
283	2025.10.24 19:00	NZDUSD.i	H1	0.57463	0.57510	0.57406
284	2025.10.24 20:00	NZDUSD.i	H1	0.57467	0.57501	0.57432
285	2025.10.24 21:00	NZDUSD.i	H1	0.57468	0.57486	0.57448
286	2025.10.24 22:00	NZDUSD.i	H1	0.57483	0.57482	0.57460
287	2025.10.24 23:00	NZDUSD.i	H1	0.57464	0.57490	0.57459
288	2025.10.27 00:00	NZDUSD.i	H1	0.57710	0.57604	0.57504
289	2025.10.27 01:00	NZDUSD.i	H1	0.57629	0.57668	0.57573
290	2025.10.27 02:00	NZDUSD.i	H1	0.57592	0.57667	0.57595
291	2025.10.27 03:00	NZDUSD.i	H1	0.57613	0.57675	0.57603
292	2025.10.27 04:00	NZDUSD.i	H1	0.57607	0.57700	0.57614
293	2025.10.27 05:00	NZDUSD.i	H1	0.57608	0.57674	0.57610
294	2025.10.27 06:00	NZDUSD.i	H1	0.57563	0.57662	0.57594
295	2025.10.27 07:00	NZDUSD.i	H1	0.57564	0.57622	0.57570
296	2025.10.27 08:00	NZDUSD.i	H1	0.57606	0.57615	0.57566
297	2025.10.27 09:00	NZDUSD.i	H1	0.57634	0.57659	0.57586
298	2025.10.27 10:00	NZDUSD.i	H1	0.57522	0.57650	0.57555
299	2025.10.27 11:00	NZDUSD.i	H1	0.57591	0.57654	0.57535
300	2025.10.27 12:00	NZDUSD.i	H1	0.57630	0.57663	0.57545
301	2025.10.27 13:00	NZDUSD.i	H1	0.57620	0.57651	0.57569
302	2025.10.27 14:00	NZDUSD.i	H1	0.57661	0.57663	0.57586
303	2025.10.27 15:00	NZDUSD.i	H1	0.57638	0.57673	0.57602
304	2025.10.27 16:00	NZDUSD.i	H1	0.57577	0.57681	0.57583
305	2025.10.27 17:00	NZDUSD.i	H1	0.57597	0.57655	0.57571
306	2025.10.27 18:00	NZDUSD.i	H1	0.57608	0.57649	0.57560
307	2025.10.27 19:00	NZDUSD.i	H1	0.57654	0.57653	0.57579
308	2025.10.27 20:00	NZDUSD.i	H1	0.57640	0.57657	0.57603
309	2025.10.27 21:00	NZDUSD.i	H1	0.57703	0.57681	0.57621
310	2025.10.27 22:00	NZDUSD.i	H1	0.57690	0.57698	0.57650
311	2025.10.27 23:00	NZDUSD.i	H1	0.57672	0.57722	0.57667
312	2025.10.28 00:00	NZDUSD.i	H1	0.57694	0.57719	0.57671
313	2025.10.28 01:00	NZDUSD.i	H1	0.57737	0.57735	0.57647
314	2025.10.28 02:00	NZDUSD.i	H1	0.57744	0.57762	0.57688
315	2025.10.28 03:00	NZDUSD.i	H1	0.57764	0.57789	0.57708
316	2025.10.28 04:00	NZDUSD.i	H1	0.57755	0.57805	0.57721
317	2025.10.28 05:00	NZDUSD.i	H1	0.57740	0.57810	0.57735
318	2025.10.28 06:00	NZDUSD.i	H1	0.57774	0.57804	0.57730
319	2025.10.28 07:00	NZDUSD.i	H1	0.57828	0.57828	0.57757
320	2025.10.28 08:00	NZDUSD.i	H1	0.57782	0.57840	0.57767
321	2025.10.28 09:00	NZDUSD.i	H1	0.57685	0.57820	0.57734
322	2025.10.28 10:00	NZDUSD.i	H1	0.57683	0.57767	0.57697
323	2025.10.28 11:00	NZDUSD.i	H1	0.57630	0.57734	0.57658
324	2025.10.28 12:00	NZDUSD.i	H1	0.57722	0.57722	0.57632
325	2025.10.28 13:00	NZDUSD.i	H1	0.57749	0.57732	0.57663
326	2025.10.28 14:00	NZDUSD.i	H1	0.57715	0.57739	0.57682
327	2025.10.28 15:00	NZDUSD.i	H1	0.57663	0.57728	0.57667
328	2025.10.28 16:00	NZDUSD.i	H1	0.57665	0.57697	0.57624
329	2025.10.28 17:00	NZDUSD.i	H1	0.57824	0.57757	0.57632
330	2025.10.28 18:00	NZDUSD.i	H1	0.57790	0.57814	0.57691
331	2025.10.28 19:00	NZDUSD.i	H1	0.57882	0.57855	0.57737
332	2025.10.28 20:00	NZDUSD.i	H1	0.57864	0.57885	0.57796
333	2025.10.28 21:00	NZDUSD.i	H1	0.57852	0.57887	0.57822
334	2025.10.28 22:00	NZDUSD.i	H1	0.57814	0.57883	0.57830
335	2025.10.28 23:00	NZDUSD.i	H1	0.57792	0.57858	0.57820
336	2025.10.29 00:00	NZDUSD.i	H1	0.57750	0.57845	0.57787
337	2025.10.29 01:00	NZDUSD.i	H1	0.57796	0.57831	0.57759
338	2025.10.29 02:00	NZDUSD.i	H1	0.57825	0.57829	0.57771
339	2025.10.29 03:00	NZDUSD.i	H1	0.57798	0.57861	0.57768
340	2025.10.29 04:00	NZDUSD.i	H1	0.57758	0.57850	0.57762
341	2025.10.29 05:00	NZDUSD.i	H1	0.57813	0.57833	0.57740
342	2025.10.29 06:00	NZDUSD.i	H1	0.57840	0.57846	0.57773
343	2025.10.29 07:00	NZDUSD.i	H1	0.57803	0.57850	0.57781
344	2025.10.29 08:00	NZDUSD.i	H1	0.57829	0.57847	0.57779
345	2025.10.29 09:00	NZDUSD.i	H1	0.57892	0.57880	0.57794
346	2025.10.29 10:00	NZDUSD.i	H1	0.57870	0.57923	0.57825
347	2025.10.29 11:00	NZDUSD.i	H1	0.57748	0.57909	0.57793
348	2025.10.29 12:00	NZDUSD.i	H1	0.57834	0.57882	0.57764
349	2025.10.29 13:00	NZDUSD.i	H1	0.57857	0.57875	0.57785
350	2025.10.29 14:00	NZDUSD.i	H1	0.57807	0.57868	0.57779
351	2025.10.29 15:00	NZDUSD.i	H1	0.57799	0.57842	0.57759
352	2025.10.29 16:00	NZDUSD.i	H1	0.57868	0.57881	0.57772
353	2025.10.29 17:00	NZDUSD.i	H1	0.57921	0.57901	0.57794
354	2025.10.29 18:00	NZDUSD.i	H1	0.57971	0.57960	0.57857
355	2025.10.29 19:00	NZDUSD.i	H1	0.57967	0.57989	0.57911
356	2025.10.29 20:00	NZDUSD.i	H1	0.57892	0.57997	0.57915
357	2025.10.29 21:00	NZDUSD.i	H1	0.57661	0.57983	0.57732
358	2025.10.29 22:00	NZDUSD.i	H1	0.57636	0.57841	0.57601
359	2025.10.29 23:00	NZDUSD.i	H1	0.57618	0.57749	0.57559
360	2025.10.30 00:00	NZDUSD.i	H1	0.57595	0.57657	0.57533
361	2025.10.30 01:00	NZDUSD.i	H1	0.57597	0.57619	0.57529
362	2025.10.30 02:00	NZDUSD.i	H1	0.57632	0.57599	0.57541
363	2025.10.30 03:00	NZDUSD.i	H1	0.57748	0.57652	0.57568
364	2025.10.30 04:00	NZDUSD.i	H1	0.57729	0.57691	0.57609
365	2025.10.30 05:00	NZDUSD.i	H1	0.57773	0.57735	0.57647
366	2025.10.30 06:00	NZDUSD.i	H1	0.57770	0.57772	0.57685
367	2025.10.30 07:00	NZDUSD.i	H1	0.57863	0.57829	0.57696
368	2025.10.30 08:00	NZDUSD.i	H1	0.57824	0.57860	0.57747
369	2025.10.30 09:00	NZDUSD.i	H1	0.57727	0.57862	0.57748
370	2025.10.30 10:00	NZDUSD.i	H1	0.57754	0.57827	0.57720
371	2025.10.30 11:00	NZDUSD.i	H1	0.57728	0.57800	0.57713
372	2025.10.30 12:00	NZDUSD.i	H1	0.57667	0.57771	0.57693
373	2025.10.30 13:00	NZDUSD.i	H1	0.57630	0.57734	0.57663
374	2025.10.30 14:00	NZDUSD.i	H1	0.57508	0.57687	0.57584
375	2025.10.30 15:00	NZDUSD.i	H1	0.57305	0.57599	0.57434
376	2025.10.30 16:00	NZDUSD.i	H1	0.57414	0.57494	0.57321
377	2025.10.30 17:00	NZDUSD.i	H1	0.57386	0.57461	0.57303
378	2025.10.30 18:00	NZDUSD.i	H1	0.57452	0.57435	0.57299
379	2025.10.30 19:00	NZDUSD.i	H1	0.57449	0.57427	0.57325
380	2025.10.30 20:00	NZDUSD.i	H1	0.57455	0.57424	0.57349
381	2025.10.30 21:00	NZDUSD.i	H1	0.57420	0.57423	0.57365
382	2025.10.30 22:00	NZDUSD.i	H1	0.57373	0.57411	0.57357
383	2025.10.30 23:00	NZDUSD.i	H1	0.57401	0.57409	0.57354
384	2025.10.31 00:00	NZDUSD.i	H1	0.57392	0.57400	0.57360
385	2025.10.31 01:00	NZDUSD.i	H1	0.57406	0.57399	0.57365
386	2025.10.31 02:00	NZDUSD.i	H1	0.57442	0.57416	0.57372
387	2025.10.31 03:00	NZDUSD.i	H1	0.57409	0.57428	0.57383
388	2025.10.31 04:00	NZDUSD.i	H1	0.57347	0.57427	0.57357
389	2025.10.31 05:00	NZDUSD.i	H1	0.57310	0.57406	0.57321
390	2025.10.31 06:00	NZDUSD.i	H1	0.57309	0.57362	0.57295
391	2025.10.31 07:00	NZDUSD.i	H1	0.57331	0.57348	0.57294
392	2025.10.31 08:00	NZDUSD.i	H1	0.57239	0.57333	0.57254
393	2025.10.31 09:00	NZDUSD.i	H1	0.57192	0.57287	0.57214
394	2025.10.31 10:00	NZDUSD.i	H1	0.57203	0.57241	0.57167
395	2025.10.31 11:00	NZDUSD.i	H1	0.57218	0.57218	0.57145
396	2025.10.31 12:00	NZDUSD.i	H1	0.57234	0.57215	0.57147
397	2025.10.31 13:00	NZDUSD.i	H1	0.57240	0.57230	0.57174
398	2025.10.31 14:00	NZDUSD.i	H1	0.57239	0.57243	0.57177
399	2025.10.31 15:00	NZDUSD.i	H1	0.57156	0.57238	0.57158
400	2025.10.31 16:00	NZDUSD.i	H1	0.57251	0.57243	0.57144
401	2025.10.31 17:00	NZDUSD.i	H1	0.57312	0.57277	0.57155
402	2025.10.31 18:00	NZDUSD.i	H1	0.57258	0.57304	0.57186
403	2025.10.31 19:00	NZDUSD.i	H1	0.57202	0.57291	0.57180
404	2025.10.31 20:00	NZDUSD.i	H1	0.57186	0.57252	0.57168
405	2025.10.31 21:00	NZDUSD.i	H1	0.57225	0.57243	0.57173
406	2025.10.31 22:00	NZDUSD.i	H1	0.57219	0.57245	0.57195
407	2025.10.31 23:00	NZDUSD.i	H1	0.57224	0.57252	0.57208
408	2025.11.03 00:00	NZDUSD.i	H1	0.57167	0.57229	0.57176
409	2025.11.03 01:00	NZDUSD.i	H1	0.57215	0.57237	0.57169
410	2025.11.03 02:00	NZDUSD.i	H1	0.57183	0.57232	0.57176
411	2025.11.03 03:00	NZDUSD.i	H1	0.57148	0.57225	0.57154
412	2025.11.03 04:00	NZDUSD.i	H1	0.57214	0.57221	0.57145
413	2025.11.03 05:00	NZDUSD.i	H1	0.57232	0.57227	0.57160
414	2025.11.03 06:00	NZDUSD.i	H1	0.57255	0.57250	0.57190
415	2025.11.03 07:00	NZDUSD.i	H1	0.57279	0.57276	0.57218
416	2025.11.03 08:00	NZDUSD.i	H1	0.57262	0.57294	0.57237
417	2025.11.03 09:00	NZDUSD.i	H1	0.57236	0.57292	0.57235
418	2025.11.03 10:00	NZDUSD.i	H1	0.57191	0.57271	0.57204
419	2025.11.03 11:00	NZDUSD.i	H1	0.57164	0.57255	0.57185
420	2025.11.03 12:00	NZDUSD.i	H1	0.57160	0.57227	0.57157
421	2025.11.03 13:00	NZDUSD.i	H1	0.57173	0.57209	0.57151
422	2025.11.03 14:00	NZDUSD.i	H1	0.57169	0.57200	0.57154
423	2025.11.03 15:00	NZDUSD.i	H1	0.57090	0.57182	0.57114
424	2025.11.03 16:00	NZDUSD.i	H1	0.57014	0.57140	0.57036
425	2025.11.03 17:00	NZDUSD.i	H1	0.57014	0.57091	0.56966
426	2025.11.03 18:00	NZDUSD.i	H1	0.57070	0.57068	0.56965
427	2025.11.03 19:00	NZDUSD.i	H1	0.57078	0.57080	0.56991
428	2025.11.03 20:00	NZDUSD.i	H1	0.57092	0.57079	0.57012
429	2025.11.03 21:00	NZDUSD.i	H1	0.57090	0.57082	0.57034
430	2025.11.03 22:00	NZDUSD.i	H1	0.57076	0.57084	0.57047
431	2025.11.03 23:00	NZDUSD.i	H1	0.57055	0.57076	0.57046
432	2025.11.04 00:00	NZDUSD.i	H1	0.57059	0.57080	0.57035
433	2025.11.04 01:00	NZDUSD.i	H1	0.57061	0.57078	0.57037
434	2025.11.04 02:00	NZDUSD.i	H1	0.56951	0.57067	0.56982
435	2025.11.04 03:00	NZDUSD.i	H1	0.56931	0.57018	0.56914
436	2025.11.04 04:00	NZDUSD.i	H1	0.56899	0.56968	0.56879
437	2025.11.04 05:00	NZDUSD.i	H1	0.56951	0.56969	0.56872
438	2025.11.04 06:00	NZDUSD.i	H1	0.56883	0.56958	0.56863
439	2025.11.04 07:00	NZDUSD.i	H1	0.56804	0.56918	0.56817
440	2025.11.04 08:00	NZDUSD.i	H1	0.56844	0.56877	0.56758
441	2025.11.04 09:00	NZDUSD.i	H1	0.56854	0.56867	0.56764
442	2025.11.04 10:00	NZDUSD.i	H1	0.56755	0.56867	0.56739
443	2025.11.04 11:00	NZDUSD.i	H1	0.56616	0.56814	0.56660
444	2025.11.04 12:00	NZDUSD.i	H1	0.56662	0.56746	0.56609
445	2025.11.04 13:00	NZDUSD.i	H1	0.56613	0.56698	0.56588
446	2025.11.04 14:00	NZDUSD.i	H1	0.56608	0.56640	0.56561
447	2025.11.04 15:00	NZDUSD.i	H1	0.56608	0.56610	0.56552
448	2025.11.04 16:00	NZDUSD.i	H1	0.56631	0.56604	0.56533
449	2025.11.04 17:00	NZDUSD.i	H1	0.56668	0.56618	0.56553
450	2025.11.04 18:00	NZDUSD.i	H1	0.56640	0.56631	0.56577
451	2025.11.04 19:00	NZDUSD.i	H1	0.56565	0.56627	0.56559
452	2025.11.04 20:00	NZDUSD.i	H1	0.56543	0.56594	0.56543
453	2025.11.04 21:00	NZDUSD.i	H1	0.56497	0.56570	0.56505
454	2025.11.04 22:00	NZDUSD.i	H1	0.56495	0.56538	0.56482
455	2025.11.04 23:00	NZDUSD.i	H1	0.56414	0.56519	0.56407
456	2025.11.05 00:00	NZDUSD.i	H1	0.56418	0.56484	0.56368
457	2025.11.05 01:00	NZDUSD.i	H1	0.56417	0.56451	0.56369
458	2025.11.05 02:00	NZDUSD.i	H1	0.56404	0.56434	0.56346
459	2025.11.05 03:00	NZDUSD.i	H1	0.56359	0.56407	0.56313
460	2025.11.05 04:00	NZDUSD.i	H1	0.56475	0.56428	0.56321
461	2025.11.05 05:00	NZDUSD.i	H1	0.56540	0.56481	0.56382
462	2025.11.05 06:00	NZDUSD.i	H1	0.56554	0.56531	0.56449
463	2025.11.05 07:00	NZDUSD.i	H1	0.56526	0.56575	0.56495
464	2025.11.05 08:00	NZDUSD.i	H1	0.56544	0.56587	0.56518
465	2025.11.05 09:00	NZDUSD.i	H1	0.56511	0.56578	0.56519
466	2025.11.05 10:00	NZDUSD.i	H1	0.56540	0.56593	0.56521
467	2025.11.05 11:00	NZDUSD.i	H1	0.56475	0.56589	0.56507
468	2025.11.05 12:00	NZDUSD.i	H1	0.56438	0.56545	0.56477
469	2025.11.05 13:00	NZDUSD.i	H1	0.56407	0.56499	0.56437
470	2025.11.05 14:00	NZDUSD.i	H1	0.56469	0.56483	0.56414
471	2025.11.05 15:00	NZDUSD.i	H1	0.56435	0.56486	0.56410
472	2025.11.05 16:00	NZDUSD.i	H1	0.56499	0.56505	0.56399
473	2025.11.05 17:00	NZDUSD.i	H1	0.56544	0.56537	0.56394
474	2025.11.05 18:00	NZDUSD.i	H1	0.56618	0.56584	0.56435
475	2025.11.05 19:00	NZDUSD.i	H1	0.56597	0.56618	0.56510
476	2025.11.05 20:00	NZDUSD.i	H1	0.56624	0.56643	0.56561
477	2025.11.05 21:00	NZDUSD.i	H1	0.56605	0.56657	0.56597
478	2025.11.05 22:00	NZDUSD.i	H1	0.56621	0.56668	0.56618
479	2025.11.05 23:00	NZDUSD.i	H1	0.56609	0.56667	0.56624
480	2025.11.06 00:00	NZDUSD.i	H1	0.56609	0.56657	0.56598
481	2025.11.06 01:00	NZDUSD.i	H1	0.56662	0.56669	0.56608
482	2025.11.06 02:00	NZDUSD.i	H1	0.56631	0.56672	0.56613
483	2025.11.06 03:00	NZDUSD.i	H1	0.56654	0.56670	0.56595
484	2025.11.06 04:00	NZDUSD.i	H1	0.56643	0.56677	0.56616
485	2025.11.06 05:00	NZDUSD.i	H1	0.56627	0.56668	0.56620
486	2025.11.06 06:00	NZDUSD.i	H1	0.56655	0.56680	0.56626
487	2025.11.06 07:00	NZDUSD.i	H1	0.56593	0.56676	0.56612
488	2025.11.06 08:00	NZDUSD.i	H1	0.56565	0.56657	0.56587
489	2025.11.06 09:00	NZDUSD.i	H1	0.56584	0.56635	0.56571
490	2025.11.06 10:00	NZDUSD.i	H1	0.56653	0.56643	0.56536
491	2025.11.06 11:00	NZDUSD.i	H1	0.56601	0.56651	0.56551
492	2025.11.06 12:00	NZDUSD.i	H1	0.56574	0.56639	0.56553
493	2025.11.06 13:00	NZDUSD.i	H1	0.56587	0.56614	0.56556
494	2025.11.06 14:00	NZDUSD.i	H1	0.56636	0.56623	0.56558
495	2025.11.06 15:00	NZDUSD.i	H1	0.56613	0.56658	0.56582
496	2025.11.06 16:00	NZDUSD.i	H1	0.56353	0.56637	0.56471
497	2025.11.06 17:00	NZDUSD.i	H1	0.56307	0.56527	0.56355
498	2025.11.06 18:00	NZDUSD.i	H1	0.56294	0.56409	0.56285
499	2025.11.06 19:00	NZDUSD.i	H1	0.56343	0.56358	0.56244
500	2025.11.06 20:00	NZDUSD.i	H1	0.56379	0.56354	0.56240
501	2025.11.06 21:00	NZDUSD.i	H1	0.56375	0.56370	0.56275
502	2025.11.06 22:00	NZDUSD.i	H1	0.56350	0.56368	0.56289
503	2025.11.06 23:00	NZDUSD.i	H1	0.56335	0.56350	0.56295
504	2025.11.07 00:00	NZDUSD.i	H1	0.56341	0.56338	0.56291
505	2025.11.07 01:00	NZDUSD.i	H1	0.56380	0.56358	0.56311
506	2025.11.07 02:00	NZDUSD.i	H1	0.56322	0.56365	0.56312
507	2025.11.07 03:00	NZDUSD.i	H1	0.56288	0.56347	0.56282
508	2025.11.07 04:00	NZDUSD.i	H1	0.56233	0.56325	0.56251
509	2025.11.07 05:00	NZDUSD.i	H1	0.56200	0.56278	0.56213
510	2025.11.07 06:00	NZDUSD.i	H1	0.56178	0.56229	0.56171
511	2025.11.07 07:00	NZDUSD.i	H1	0.56187	0.56217	0.56161
512	2025.11.07 08:00	NZDUSD.i	H1	0.56105	0.56191	0.56122
513	2025.11.07 09:00	NZDUSD.i	H1	0.56066	0.56156	0.56079
514	2025.11.07 10:00	NZDUSD.i	H1	0.56202	0.56172	0.56056
515	2025.11.07 11:00	NZDUSD.i	H1	0.56163	0.56182	0.56081
516	2025.11.07 12:00	NZDUSD.i	H1	0.56183	0.56187	0.56105
517	2025.11.07 13:00	NZDUSD.i	H1	0.56209	0.56201	0.56108
518	2025.11.07 14:00	NZDUSD.i	H1	0.56185	0.56224	0.56132
519	2025.11.07 15:00	NZDUSD.i	H1	0.56217	0.56256	0.56156
520	2025.11.07 16:00	NZDUSD.i	H1	0.56227	0.56256	0.56166
521	2025.11.07 17:00	NZDUSD.i	H1	0.56130	0.56257	0.56135
522	2025.11.07 18:00	NZDUSD.i	H1	0.56158	0.56236	0.56131
523	2025.11.07 19:00	NZDUSD.i	H1	0.56225	0.56237	0.56126
524	2025.11.07 20:00	NZDUSD.i	H1	0.56222	0.56245	0.56167
525	2025.11.07 21:00	NZDUSD.i	H1	0.56262	0.56280	0.56197
526	2025.11.07 22:00	NZDUSD.i	H1	0.56319	0.56308	0.56232
527	2025.11.07 23:00	NZDUSD.i	H1	0.56240	0.56327	0.56245
528	2025.11.10 00:00	NZDUSD.i	H1	0.56217	0.56309	0.56236
529	2025.11.10 01:00	NZDUSD.i	H1	0.56261	0.56314	0.56233
530	2025.11.10 02:00	NZDUSD.i	H1	0.56234	0.56327	0.56226
531	2025.11.10 03:00	NZDUSD.i	H1	0.56288	0.56331	0.56224
532	2025.11.10 04:00	NZDUSD.i	H1	0.56319	0.56340	0.56240
533	2025.11.10 05:00	NZDUSD.i	H1	0.56264	0.56341	0.56252
534	2025.11.10 06:00	NZDUSD.i	H1	0.56355	0.56360	0.56264
535	2025.11.10 07:00	NZDUSD.i	H1	0.56363	0.56379	0.56304
536	2025.11.10 08:00	NZDUSD.i	H1	0.56312	0.56385	0.56309
537	2025.11.10 09:00	NZDUSD.i	H1	0.56345	0.56395	0.56319
538	2025.11.10 10:00	NZDUSD.i	H1	0.56447	0.56440	0.56340
539	2025.11.10 11:00	NZDUSD.i	H1	0.56499	0.56482	0.56395
540	2025.11.10 12:00	NZDUSD.i	H1	0.56436	0.56504	0.56428
541	2025.11.10 13:00	NZDUSD.i	H1	0.56418	0.56487	0.56419
542	2025.11.10 14:00	NZDUSD.i	H1	0.56425	0.56480	0.56415
543	2025.11.10 15:00	NZDUSD.i	H1	0.56403	0.56481	0.56413
544	2025.11.10 16:00	NZDUSD.i	H1	0.56387	0.56449	0.56383
545	2025.11.10 17:00	NZDUSD.i	H1	0.56288	0.56423	0.56331
546	2025.11.10 18:00	NZDUSD.i	H1	0.56318	0.56382	0.56298
547	2025.11.10 19:00	NZDUSD.i	H1	0.56454	0.56417	0.56297
548	2025.11.10 20:00	NZDUSD.i	H1	0.56460	0.56447	0.56360
549	2025.11.10 21:00	NZDUSD.i	H1	0.56447	0.56463	0.56402
550	2025.11.10 22:00	NZDUSD.i	H1	0.56461	0.56471	0.56429
551	2025.11.10 23:00	NZDUSD.i	H1	0.56433	0.56473	0.56437
552	2025.11.11 00:00	NZDUSD.i	H1	0.56452	0.56471	0.56438
553	2025.11.11 01:00	NZDUSD.i	H1	0.56427	0.56469	0.56438
554	2025.11.11 02:00	NZDUSD.i	H1	0.56454	0.56472	0.56435
555	2025.11.11 03:00	NZDUSD.i	H1	0.56394	0.56469	0.56405
556	2025.11.11 04:00	NZDUSD.i	H1	0.56405	0.56450	0.56383
557	2025.11.11 05:00	NZDUSD.i	H1	0.56440	0.56446	0.56390
558	2025.11.11 06:00	NZDUSD.i	H1	0.56385	0.56456	0.56383
559	2025.11.11 07:00	NZDUSD.i	H1	0.56340	0.56422	0.56359
560	2025.11.11 08:00	NZDUSD.i	H1	0.56328	0.56403	0.56331
561	2025.11.11 09:00	NZDUSD.i	H1	0.56381	0.56387	0.56316
562	2025.11.11 10:00	NZDUSD.i	H1	0.56430	0.56417	0.56337
563	2025.11.11 11:00	NZDUSD.i	H1	0.56431	0.56438	0.56371
564	2025.11.11 12:00	NZDUSD.i	H1	0.56449	0.56444	0.56390
565	2025.11.11 13:00	NZDUSD.i	H1	0.56467	0.56458	0.56413
566	2025.11.11 14:00	NZDUSD.i	H1	0.56475	0.56502	0.56442
567	2025.11.11 15:00	NZDUSD.i	H1	0.56643	0.56584	0.56464
568	2025.11.11 16:00	NZDUSD.i	H1	0.56669	0.56651	0.56555
569	2025.11.11 17:00	NZDUSD.i	H1	0.56520	0.56681	0.56551
570	2025.11.11 18:00	NZDUSD.i	H1	0.56556	0.56655	0.56549
571	2025.11.11 19:00	NZDUSD.i	H1	0.56594	0.56648	0.56558
572	2025.11.11 20:00	NZDUSD.i	H1	0.56605	0.56649	0.56583
573	2025.11.11 21:00	NZDUSD.i	H1	0.56570	0.56636	0.56587
574	2025.11.11 22:00	NZDUSD.i	H1	0.56560	0.56620	0.56579
575	2025.11.11 23:00	NZDUSD.i	H1	0.56525	0.56597	0.56559
576	2025.11.12 00:00	NZDUSD.i	H1	0.56517	0.56564	0.56518
577	2025.11.12 01:00	NZDUSD.i	H1	0.56563	0.56561	0.56517
578	2025.11.12 02:00	NZDUSD.i	H1	0.56513	0.56557	0.56511
579	2025.11.12 03:00	NZDUSD.i	H1	0.56560	0.56560	0.56508
580	2025.11.12 04:00	NZDUSD.i	H1	0.56531	0.56577	0.56514
581	2025.11.12 05:00	NZDUSD.i	H1	0.56519	0.56564	0.56513
582	2025.11.12 06:00	NZDUSD.i	H1	0.56476	0.56546	0.56482
583	2025.11.12 07:00	NZDUSD.i	H1	0.56530	0.56541	0.56465
584	2025.11.12 08:00	NZDUSD.i	H1	0.56559	0.56555	0.56488
585	2025.11.12 09:00	NZDUSD.i	H1	0.56571	0.56572	0.56517
586	2025.11.12 10:00	NZDUSD.i	H1	0.56549	0.56576	0.56522
587	2025.11.12 11:00	NZDUSD.i	H1	0.56549	0.56574	0.56532
588	2025.11.12 12:00	NZDUSD.i	H1	0.56561	0.56574	0.56536
589	2025.11.12 13:00	NZDUSD.i	H1	0.56574	0.56576	0.56540
590	2025.11.12 14:00	NZDUSD.i	H1	0.56656	0.56615	0.56556
591	2025.11.12 15:00	NZDUSD.i	H1	0.56597	0.56645	0.56571
592	2025.11.12 16:00	NZDUSD.i	H1	0.56590	0.56635	0.56570
593	2025.11.12 17:00	NZDUSD.i	H1	0.56606	0.56646	0.56571
594	2025.11.12 18:00	NZDUSD.i	H1	0.56613	0.56652	0.56590
595	2025.11.12 19:00	NZDUSD.i	H1	0.56637	0.56659	0.56606
596	2025.11.12 20:00	NZDUSD.i	H1	0.56690	0.56687	0.56626
597	2025.11.12 21:00	NZDUSD.i	H1	0.56660	0.56699	0.56641
598	2025.11.12 22:00	NZDUSD.i	H1	0.56650	0.56697	0.56648
599	2025.11.12 23:00	NZDUSD.i	H1	0.56645	0.56686	0.56648
600	2025.11.13 00:00	NZDUSD.i	H1	0.56618	0.56676	0.56628
601	2025.11.13 01:00	NZDUSD.i	H1	0.56614	0.56665	0.56619
602	2025.11.13 02:00	NZDUSD.i	H1	0.56478	0.56657	0.56551
603	2025.11.13 03:00	NZDUSD.i	H1	0.56569	0.56629	0.56504
604	2025.11.13 04:00	NZDUSD.i	H1	0.56599	0.56616	0.56518
605	2025.11.13 05:00	NZDUSD.i	H1	0.56559	0.56605	0.56522
606	2025.11.13 06:00	NZDUSD.i	H1	0.56539	0.56582	0.56514
607	2025.11.13 07:00	NZDUSD.i	H1	0.56452	0.56566	0.56473
608	2025.11.13 08:00	NZDUSD.i	H1	0.56478	0.56523	0.56400
609	2025.11.13 09:00	NZDUSD.i	H1	0.56687	0.56596	0.56414
610	2025.11.13 10:00	NZDUSD.i	H1	0.56823	0.56707	0.56534
611	2025.11.13 11:00	NZDUSD.i	H1	0.56753	0.56775	0.56622
612	2025.11.13 12:00	NZDUSD.i	H1	0.56714	0.56785	0.56677
613	2025.11.13 13:00	NZDUSD.i	H1	0.56659	0.56774	0.56679
614	2025.11.13 14:00	NZDUSD.i	H1	0.56712	0.56758	0.56675
615	2025.11.13 15:00	NZDUSD.i	H1	0.56643	0.56749	0.56644
616	2025.11.13 16:00	NZDUSD.i	H1	0.56688	0.56732	0.56632
617	2025.11.13 17:00	NZDUSD.i	H1	0.56728	0.56749	0.56648
618	2025.11.13 18:00	NZDUSD.i	H1	0.56762	0.56767	0.56685
619	2025.11.13 19:00	NZDUSD.i	H1	0.56722	0.56772	0.56700
620	2025.11.13 20:00	NZDUSD.i	H1	0.56549	0.56759	0.56621
621	2025.11.13 21:00	NZDUSD.i	H1	0.56558	0.56687	0.56577
622	2025.11.13 22:00	NZDUSD.i	H1	0.56549	0.56619	0.56543
623	2025.11.13 23:00	NZDUSD.i	H1	0.56519	0.56576	0.56519
624	2025.11.14 00:00	NZDUSD.i	H1	0.56522	0.56572	0.56456
625	2025.11.14 01:00	NZDUSD.i	H1	0.56494	0.56548	0.56454
626	2025.11.14 02:00	NZDUSD.i	H1	0.56603	0.56562	0.56440
627	2025.11.14 03:00	NZDUSD.i	H1	0.56758	0.56654	0.56498
628	2025.11.14 04:00	NZDUSD.i	H1	0.56823	0.56743	0.56608
629	2025.11.14 05:00	NZDUSD.i	H1	0.56860	0.56838	0.56714
630	2025.11.14 06:00	NZDUSD.i	H1	0.56803	0.56890	0.56775
631	2025.11.14 07:00	NZDUSD.i	H1	0.56878	0.56909	0.56798
632	2025.11.14 08:00	NZDUSD.i	H1	0.56805	0.56920	0.56813
633	2025.11.14 09:00	NZDUSD.i	H1	0.56752	0.56885	0.56790
634	2025.11.14 10:00	NZDUSD.i	H1	0.56799	0.56860	0.56751
635	2025.11.14 11:00	NZDUSD.i	H1	0.56754	0.56843	0.56760
636	2025.11.14 12:00	NZDUSD.i	H1	0.56720	0.56822	0.56746
637	2025.11.14 13:00	NZDUSD.i	H1	0.56779	0.56802	0.56723
638	2025.11.14 14:00	NZDUSD.i	H1	0.56867	0.56834	0.56731
639	2025.11.14 15:00	NZDUSD.i	H1	0.56807	0.56858	0.56749
640	2025.11.14 16:00	NZDUSD.i	H1	0.56857	0.56870	0.56764
641	2025.11.14 17:00	NZDUSD.i	H1	0.56841	0.56887	0.56777
642	2025.11.14 18:00	NZDUSD.i	H1	0.56846	0.56903	0.56804
643	2025.11.14 19:00	NZDUSD.i	H1	0.56824	0.56884	0.56804
644	2025.11.14 20:00	NZDUSD.i	H1	0.56782	0.56859	0.56784
645	2025.11.14 21:00	NZDUSD.i	H1	0.56787	0.56829	0.56770
646	2025.11.14 22:00	NZDUSD.i	H1	0.56776	0.56816	0.56763
647	2025.11.14 23:00	NZDUSD.i	H1	0.56766	0.56803	0.56761
648	2025.11.17 00:00	NZDUSD.i	H1	0.56787	0.56794	0.56745
649	2025.11.17 01:00	NZDUSD.i	H1	0.56752	0.56790	0.56742
650	2025.11.17 02:00	NZDUSD.i	H1	0.56663	0.56768	0.56692
651	2025.11.17 03:00	NZDUSD.i	H1	0.56635	0.56724	0.56641
652	2025.11.17 04:00	NZDUSD.i	H1	0.56630	0.56685	0.56613
653	2025.11.17 05:00	NZDUSD.i	H1	0.56621	0.56647	0.56580
654	2025.11.17 06:00	NZDUSD.i	H1	0.56672	0.56643	0.56584
655	2025.11.17 07:00	NZDUSD.i	H1	0.56709	0.56669	0.56614
656	2025.11.17 08:00	NZDUSD.i	H1	0.56740	0.56696	0.56634
657	2025.11.17 09:00	NZDUSD.i	H1	0.56872	0.56783	0.56679
658	2025.11.17 10:00	NZDUSD.i	H1	0.56741	0.56842	0.56711
659	2025.11.17 11:00	NZDUSD.i	H1	0.56699	0.56812	0.56706
660	2025.11.17 12:00	NZDUSD.i	H1	0.56627	0.56781	0.56672
661	2025.11.17 13:00	NZDUSD.i	H1	0.56687	0.56745	0.56637
662	2025.11.17 14:00	NZDUSD.i	H1	0.56682	0.56737	0.56650
663	2025.11.17 15:00	NZDUSD.i	H1	0.56636	0.56712	0.56628
664	2025.11.17 16:00	NZDUSD.i	H1	0.56664	0.56690	0.56605
665	2025.11.17 17:00	NZDUSD.i	H1	0.56715	0.56696	0.56591
666	2025.11.17 18:00	NZDUSD.i	H1	0.56728	0.56707	0.56608
667	2025.11.17 19:00	NZDUSD.i	H1	0.56688	0.56725	0.56641
668	2025.11.17 20:00	NZDUSD.i	H1	0.56598	0.56710	0.56621
669	2025.11.17 21:00	NZDUSD.i	H1	0.56505	0.56657	0.56560
670	2025.11.17 22:00	NZDUSD.i	H1	0.56560	0.56606	0.56516
671	2025.11.17 23:00	NZDUSD.i	H1	0.56558	0.56577	0.56512
672	2025.11.18 00:00	NZDUSD.i	H1	0.56586	0.56570	0.56520
673	2025.11.18 01:00	NZDUSD.i	H1	0.56539	0.56575	0.56516
674	2025.11.18 02:00	NZDUSD.i	H1	0.56506	0.56548	0.56497
675	2025.11.18 03:00	NZDUSD.i	H1	0.56574	0.56551	0.56493
676	2025.11.18 04:00	NZDUSD.i	H1	0.56530	0.56559	0.56502
677	2025.11.18 05:00	NZDUSD.i	H1	0.56495	0.56547	0.56489
678	2025.11.18 06:00	NZDUSD.i	H1	0.56504	0.56521	0.56433
679	2025.11.18 07:00	NZDUSD.i	H1	0.56533	0.56543	0.56437
680	2025.11.18 08:00	NZDUSD.i	H1	0.56494	0.56547	0.56454
681	2025.11.18 09:00	NZDUSD.i	H1	0.56583	0.56573	0.56466
682	2025.11.18 10:00	NZDUSD.i	H1	0.56637	0.56634	0.56520
683	2025.11.18 11:00	NZDUSD.i	H1	0.56654	0.56663	0.56576
684	2025.11.18 12:00	NZDUSD.i	H1	0.56627	0.56672	0.56597
685	2025.11.18 13:00	NZDUSD.i	H1	0.56658	0.56689	0.56621
686	2025.11.18 14:00	NZDUSD.i	H1	0.56659	0.56688	0.56635
687	2025.11.18 15:00	NZDUSD.i	H1	0.56696	0.56728	0.56648
688	2025.11.18 16:00	NZDUSD.i	H1	0.56593	0.56726	0.56628
689	2025.11.18 17:00	NZDUSD.i	H1	0.56535	0.56678	0.56585
690	2025.11.18 18:00	NZDUSD.i	H1	0.56593	0.56659	0.56531
691	2025.11.18 19:00	NZDUSD.i	H1	0.56620	0.56648	0.56525
692	2025.11.18 20:00	NZDUSD.i	H1	0.56647	0.56665	0.56566
693	2025.11.18 21:00	NZDUSD.i	H1	0.56655	0.56674	0.56600
694	2025.11.18 22:00	NZDUSD.i	H1	0.56610	0.56673	0.56609
695	2025.11.18 23:00	NZDUSD.i	H1	0.56558	0.56644	0.56585
696	2025.11.19 00:00	NZDUSD.i	H1	0.56577	0.56613	0.56563
697	2025.11.19 01:00	NZDUSD.i	H1	0.56585	0.56609	0.56568
698	2025.11.19 02:00	NZDUSD.i	H1	0.56453	0.56597	0.56509
699	2025.11.19 03:00	NZDUSD.i	H1	0.56382	0.56530	0.56430
700	2025.11.19 04:00	NZDUSD.i	H1	0.56351	0.56466	0.56375
701	2025.11.19 05:00	NZDUSD.i	H1	0.56317	0.56406	0.56323
702	2025.11.19 06:00	NZDUSD.i	H1	0.56307	0.56344	0.56279
703	2025.11.19 07:00	NZDUSD.i	H1	0.56352	0.56326	0.56260
704	2025.11.19 08:00	NZDUSD.i	H1	0.56379	0.56339	0.56276
705	2025.11.19 09:00	NZDUSD.i	H1	0.56383	0.56368	0.56299
706	2025.11.19 10:00	NZDUSD.i	H1	0.56288	0.56374	0.56283
707	2025.11.19 11:00	NZDUSD.i	H1	0.56333	0.56352	0.56268
708	2025.11.19 12:00	NZDUSD.i	H1	0.56264	0.56339	0.56244
709	2025.11.19 13:00	NZDUSD.i	H1	0.56313	0.56322	0.56229
710	2025.11.19 14:00	NZDUSD.i	H1	0.56283	0.56321	0.56243
711	2025.11.19 15:00	NZDUSD.i	H1	0.56232	0.56307	0.56222
712	2025.11.19 16:00	NZDUSD.i	H1	0.56240	0.56269	0.56188
713	2025.11.19 17:00	NZDUSD.i	H1	0.56065	0.56247	0.56105
714	2025.11.19 18:00	NZDUSD.i	H1	0.56021	0.56152	0.56019
715	2025.11.19 19:00	NZDUSD.i	H1	0.55947	0.56073	0.55936
716	2025.11.19 20:00	NZDUSD.i	H1	0.55982	0.56015	0.55912
717	2025.11.19 21:00	NZDUSD.i	H1	0.55934	0.55974	0.55882
718	2025.11.19 22:00	NZDUSD.i	H1	0.55970	0.55963	0.55879
719	2025.11.19 23:00	NZDUSD.i	H1	0.56018	0.55988	0.55892
720	2025.11.20 00:00	NZDUSD.i	H1	0.56030	0.56001	0.55921
721	2025.11.20 01:00	NZDUSD.i	H1	0.56147	0.56063	0.55965
722	2025.11.20 02:00	NZDUSD.i	H1	0.56109	0.56103	0.56017
723	2025.11.20 03:00	NZDUSD.i	H1	0.56038	0.56122	0.56033
724	2025.11.20 04:00	NZDUSD.i	H1	0.56053	0.56104	0.56002
725	2025.11.20 05:00	NZDUSD.i	H1	0.56070	0.56120	0.56021
726	2025.11.20 06:00	NZDUSD.i	H1	0.56090	0.56127	0.56050
727	2025.11.20 07:00	NZDUSD.i	H1	0.56040	0.56128	0.56054
728	2025.11.20 08:00	NZDUSD.i	H1	0.56110	0.56128	0.56050
729	2025.11.20 09:00	NZDUSD.i	H1	0.56065	0.56137	0.56064
730	2025.11.20 10:00	NZDUSD.i	H1	0.56098	0.56136	0.56062
731	2025.11.20 11:00	NZDUSD.i	H1	0.56154	0.56150	0.56079
732	2025.11.20 12:00	NZDUSD.i	H1	0.56173	0.56174	0.56114
733	2025.11.20 13:00	NZDUSD.i	H1	0.56124	0.56189	0.56117
734	2025.11.20 14:00	NZDUSD.i	H1	0.56124	0.56173	0.56114
735	2025.11.20 15:00	NZDUSD.i	H1	0.56260	0.56255	0.56062
736	2025.11.20 16:00	NZDUSD.i	H1	0.56314	0.56334	0.56134
737	2025.11.20 17:00	NZDUSD.i	H1	0.56145	0.56348	0.56135
738	2025.11.20 18:00	NZDUSD.i	H1	0.55959	0.56278	0.56051
739	2025.11.20 19:00	NZDUSD.i	H1	0.55930	0.56157	0.55971
740	2025.11.20 20:00	NZDUSD.i	H1	0.55911	0.56082	0.55920
741	2025.11.20 21:00	NZDUSD.i	H1	0.55998	0.56026	0.55888
742	2025.11.20 22:00	NZDUSD.i	H1	0.55899	0.55997	0.55874
743	2025.11.20 23:00	NZDUSD.i	H1	0.55814	0.55930	0.55825
744	2025.11.21 00:00	NZDUSD.i	H1	0.55882	0.55883	0.55785
745	2025.11.21 01:00	NZDUSD.i	H1	0.55902	0.55873	0.55775
746	2025.11.21 02:00	NZDUSD.i	H1	0.55933	0.55887	0.55796
747	2025.11.21 03:00	NZDUSD.i	H1	0.55948	0.55912	0.55835
748	2025.11.21 04:00	NZDUSD.i	H1	0.55916	0.55931	0.55862
749	2025.11.21 05:00	NZDUSD.i	H1	0.55932	0.55936	0.55882
750	2025.11.21 06:00	NZDUSD.i	H1	0.55947	0.55939	0.55895
751	2025.11.21 07:00	NZDUSD.i	H1	0.55961	0.55975	0.55924
752	2025.11.21 08:00	NZDUSD.i	H1	0.56015	0.56007	0.55948
753	2025.11.21 09:00	NZDUSD.i	H1	0.55968	0.56036	0.55961
754	2025.11.21 10:00	NZDUSD.i	H1	0.56044	0.56064	0.55949
755	2025.11.21 11:00	NZDUSD.i	H1	0.55946	0.56069	0.55953
756	2025.11.21 12:00	NZDUSD.i	H1	0.55950	0.56026	0.55912
757	2025.11.21 13:00	NZDUSD.i	H1	0.55900	0.56010	0.55903
758	2025.11.21 14:00	NZDUSD.i	H1	0.56016	0.56026	0.55866
759	2025.11.21 15:00	NZDUSD.i	H1	0.56054	0.56053	0.55929
760	2025.11.21 16:00	NZDUSD.i	H1	0.55952	0.56063	0.55924
761	2025.11.21 17:00	NZDUSD.i	H1	0.55940	0.56040	0.55902
762	2025.11.21 18:00	NZDUSD.i	H1	0.56080	0.56063	0.55894
763	2025.11.21 19:00	NZDUSD.i	H1	0.56084	0.56099	0.55965
764	2025.11.21 20:00	NZDUSD.i	H1	0.56074	0.56116	0.55996
765	2025.11.21 21:00	NZDUSD.i	H1	0.56122	0.56143	0.56043
766	2025.11.21 22:00	NZDUSD.i	H1	0.56123	0.56152	0.56080
767	2025.11.21 23:00	NZDUSD.i	H1	0.56112	0.56164	0.56091
768	2025.11.24 00:00	NZDUSD.i	H1	0.56061	0.56135	0.56083
769	2025.11.24 01:00	NZDUSD.i	H1	0.56119	0.56145	0.56087
770	2025.11.24 02:00	NZDUSD.i	H1	0.56065	0.56138	0.56080
771	2025.11.24 03:00	NZDUSD.i	H1	0.56067	0.56118	0.56062
772	2025.11.24 04:00	NZDUSD.i	H1	0.56095	0.56130	0.56061
773	2025.11.24 05:00	NZDUSD.i	H1	0.56065	0.56125	0.56062
774	2025.11.24 06:00	NZDUSD.i	H1	0.56054	0.56116	0.56057
775	2025.11.24 07:00	NZDUSD.i	H1	0.56053	0.56104	0.56053
776	2025.11.24 08:00	NZDUSD.i	H1	0.56010	0.56097	0.56030
777	2025.11.24 09:00	NZDUSD.i	H1	0.56040	0.56087	0.56010
778	2025.11.24 10:00	NZDUSD.i	H1	0.56089	0.56109	0.56012
779	2025.11.24 11:00	NZDUSD.i	H1	0.55993	0.56098	0.55979
780	2025.11.24 12:00	NZDUSD.i	H1	0.56064	0.56082	0.55975
781	2025.11.24 13:00	NZDUSD.i	H1	0.56104	0.56095	0.56002
782	2025.11.24 14:00	NZDUSD.i	H1	0.56114	0.56117	0.56026
783	2025.11.24 15:00	NZDUSD.i	H1	0.56080	0.56127	0.56041
784	2025.11.24 16:00	NZDUSD.i	H1	0.56029	0.56112	0.56013
785	2025.11.24 17:00	NZDUSD.i	H1	0.56094	0.56110	0.55999
786	2025.11.24 18:00	NZDUSD.i	H1	0.56062	0.56117	0.56025
787	2025.11.24 19:00	NZDUSD.i	H1	0.56084	0.56112	0.56028
788	2025.11.24 20:00	NZDUSD.i	H1	0.56127	0.56123	0.56055
789	2025.11.24 21:00	NZDUSD.i	H1	0.56103	0.56129	0.56070
790	2025.11.24 22:00	NZDUSD.i	H1	0.56115	0.56134	0.56088
791	2025.11.24 23:00	NZDUSD.i	H1	0.56090	0.56134	0.56094
792	2025.11.25 00:00	NZDUSD.i	H1	0.56109	0.56127	0.56090
793	2025.11.25 01:00	NZDUSD.i	H1	0.56118	0.56134	0.56099
794	2025.11.25 02:00	NZDUSD.i	H1	0.56107	0.56127	0.56079
795	2025.11.25 03:00	NZDUSD.i	H1	0.56140	0.56171	0.56093
796	2025.11.25 04:00	NZDUSD.i	H1	0.56139	0.56163	0.56096
797	2025.11.25 05:00	NZDUSD.i	H1	0.56033	0.56158	0.56044
798	2025.11.25 06:00	NZDUSD.i	H1	0.56003	0.56101	0.56008
799	2025.11.25 07:00	NZDUSD.i	H1	0.56040	0.56088	0.55989
800	2025.11.25 08:00	NZDUSD.i	H1	0.55958	0.56061	0.55949
801	2025.11.25 09:00	NZDUSD.i	H1	0.55983	0.56032	0.55939
802	2025.11.25 10:00	NZDUSD.i	H1	0.55963	0.56007	0.55931
803	2025.11.25 11:00	NZDUSD.i	H1	0.56072	0.56034	0.55936
804	2025.11.25 12:00	NZDUSD.i	H1	0.56055	0.56059	0.55975
805	2025.11.25 13:00	NZDUSD.i	H1	0.55947	0.56055	0.55943
806	2025.11.25 14:00	NZDUSD.i	H1	0.55998	0.56037	0.55935
807	2025.11.25 15:00	NZDUSD.i	H1	0.56070	0.56088	0.55957
808	2025.11.25 16:00	NZDUSD.i	H1	0.56061	0.56095	0.55951
809	2025.11.25 17:00	NZDUSD.i	H1	0.56082	0.56108	0.55980
810	2025.11.25 18:00	NZDUSD.i	H1	0.56081	0.56132	0.56020
811	2025.11.25 19:00	NZDUSD.i	H1	0.56230	0.56213	0.56054
812	2025.11.25 20:00	NZDUSD.i	H1	0.56224	0.56248	0.56140
813	2025.11.25 21:00	NZDUSD.i	H1	0.56250	0.56273	0.56180
814	2025.11.25 22:00	NZDUSD.i	H1	0.56180	0.56286	0.56193
815	2025.11.25 23:00	NZDUSD.i	H1	0.56180	0.56278	0.56204
816	2025.11.26 00:00	NZDUSD.i	H1	0.56205	0.56266	0.56182
817	2025.11.26 01:00	NZDUSD.i	H1	0.56247	0.56274	0.56208
818	2025.11.26 02:00	NZDUSD.i	H1	0.56266	0.56303	0.56231
819	2025.11.26 03:00	NZDUSD.i	H1	0.56683	0.56565	0.56253
820	2025.11.26 04:00	NZDUSD.i	H1	0.56872	0.56777	0.56466
821	2025.11.26 05:00	NZDUSD.i	H1	0.56909	0.56925	0.56689
822	2025.11.26 06:00	NZDUSD.i	H1	0.56896	0.56989	0.56820
823	2025.11.26 07:00	NZDUSD.i	H1	0.56909	0.57018	0.56907
824	2025.11.26 08:00	NZDUSD.i	H1	0.56834	0.57036	0.56925
825	2025.11.26 09:00	NZDUSD.i	H1	0.56778	0.57002	0.56882
826	2025.11.26 10:00	NZDUSD.i	H1	0.56780	0.56941	0.56826
827	2025.11.26 11:00	NZDUSD.i	H1	0.56761	0.56904	0.56812
828	2025.11.26 12:00	NZDUSD.i	H1	0.56690	0.56854	0.56766
829	2025.11.26 13:00	NZDUSD.i	H1	0.56704	0.56794	0.56721
830	2025.11.26 14:00	NZDUSD.i	H1	0.56713	0.56752	0.56675
831	2025.11.26 15:00	NZDUSD.i	H1	0.56707	0.56777	0.56649
832	2025.11.26 16:00	NZDUSD.i	H1	0.56771	0.56781	0.56646
833	2025.11.26 17:00	NZDUSD.i	H1	0.56890	0.56844	0.56684
834	2025.11.26 18:00	NZDUSD.i	H1	0.56923	0.56890	0.56774
835	2025.11.26 19:00	NZDUSD.i	H1	0.56929	0.56915	0.56838
836	2025.11.26 20:00	NZDUSD.i	H1	0.56958	0.56945	0.56887
837	2025.11.26 21:00	NZDUSD.i	H1	0.56948	0.56966	0.56924
838	2025.11.26 22:00	NZDUSD.i	H1	0.56934	0.56972	0.56939
839	2025.11.26 23:00	NZDUSD.i	H1	0.56970	0.56999	0.56951
840	2025.11.27 00:00	NZDUSD.i	H1	0.56980	0.57012	0.56931
841	2025.11.27 01:00	NZDUSD.i	H1	0.57043	0.57044	0.56959
842	2025.11.27 02:00	NZDUSD.i	H1	0.57107	0.57092	0.57006
843	2025.11.27 03:00	NZDUSD.i	H1	0.57207	0.57161	0.57063
844	2025.11.27 04:00	NZDUSD.i	H1	0.57253	0.57256	0.57142
845	2025.11.27 05:00	NZDUSD.i	H1	0.57274	0.57293	0.57201
846	2025.11.27 06:00	NZDUSD.i	H1	0.57266	0.57327	0.57245
847	2025.11.27 07:00	NZDUSD.i	H1	0.57248	0.57344	0.57271
848	2025.11.27 08:00	NZDUSD.i	H1	0.57192	0.57324	0.57236
849	2025.11.27 09:00	NZDUSD.i	H1	0.57243	0.57305	0.57215
850	2025.11.27 10:00	NZDUSD.i	H1	0.57157	0.57288	0.57189
851	2025.11.27 11:00	NZDUSD.i	H1	0.57153	0.57241	0.57157
852	2025.11.27 12:00	NZDUSD.i	H1	0.57097	0.57198	0.57123
853	2025.11.27 13:00	NZDUSD.i	H1	0.57154	0.57173	0.57098
854	2025.11.27 14:00	NZDUSD.i	H1	0.57128	0.57164	0.57101
855	2025.11.27 15:00	NZDUSD.i	H1	0.57185	0.57172	0.57100
856	2025.11.27 16:00	NZDUSD.i	H1	0.57197	0.57183	0.57120
857	2025.11.27 17:00	NZDUSD.i	H1	0.57267	0.57233	0.57150
858	2025.11.27 18:00	NZDUSD.i	H1	0.57253	0.57255	0.57187
859	2025.11.27 19:00	NZDUSD.i	H1	0.57234	0.57262	0.57200
860	2025.11.27 20:00	NZDUSD.i	H1	0.57220	0.57252	0.57212
861	2025.11.27 21:00	NZDUSD.i	H1	0.57217	0.57243	0.57216
862	2025.11.27 22:00	NZDUSD.i	H1	0.57212	0.57234	0.57215
863	2025.11.27 23:00	NZDUSD.i	H1	0.57271	0.57250	0.57215
864	2025.11.28 00:00	NZDUSD.i	H1	0.57178	0.57259	0.57188
865	2025.11.28 01:00	NZDUSD.i	H1	0.57289	0.57279	0.57181
866	2025.11.28 02:00	NZDUSD.i	H1	0.57258	0.57299	0.57207
867	2025.11.28 03:00	NZDUSD.i	H1	0.57237	0.57299	0.57219
868	2025.11.28 04:00	NZDUSD.i	H1	0.57234	0.57281	0.57215
869	2025.11.28 05:00	NZDUSD.i	H1	0.57204	0.57265	0.57202
870	2025.11.28 06:00	NZDUSD.i	H1	0.57179	0.57244	0.57184
871	2025.11.28 07:00	NZDUSD.i	H1	0.57180	0.57215	0.57167
872	2025.11.28 08:00	NZDUSD.i	H1	0.57141	0.57204	0.57143
873	2025.11.28 09:00	NZDUSD.i	H1	0.57105	0.57180	0.57115
874	2025.11.28 10:00	NZDUSD.i	H1	0.57089	0.57152	0.57090
875	2025.11.28 11:00	NZDUSD.i	H1	0.57089	0.57128	0.57070
876	2025.11.28 12:00	NZDUSD.i	H1	0.57066	0.57106	0.57048
877	2025.11.28 13:00	NZDUSD.i	H1	0.57064	0.57084	0.57031
878	2025.11.28 14:00	NZDUSD.i	H1	0.57090	0.57084	0.57025
879	2025.11.28 15:00	NZDUSD.i	H1	0.57201	0.57134	0.57044
880	2025.11.28 16:00	NZDUSD.i	H1	0.57221	0.57186	0.57101
881	2025.11.28 17:00	NZDUSD.i	H1	0.57400	0.57312	0.57157
882	2025.11.28 18:00	NZDUSD.i	H1	0.57354	0.57375	0.57243
883	2025.11.28 19:00	NZDUSD.i	H1	0.57385	0.57405	0.57296
884	2025.11.28 20:00	NZDUSD.i	H1	0.57352	0.57420	0.57338
885	2025.11.28 21:00	NZDUSD.i	H1	0.57366	0.57417	0.57367
886	2025.11.28 22:00	NZDUSD.i	H1	0.57383	0.57421	0.57384
887	2025.11.28 23:00	NZDUSD.i	H1	0.57305	0.57421	0.57364
888	2025.12.01 00:00	NZDUSD.i	H1	0.57254	0.57371	0.57312
889	2025.12.01 01:00	NZDUSD.i	H1	0.57359	0.57386	0.57287
890	2025.12.01 02:00	NZDUSD.i	H1	0.57319	0.57385	0.57294
891	2025.12.01 03:00	NZDUSD.i	H1	0.57383	0.57418	0.57300
892	2025.12.01 04:00	NZDUSD.i	H1	0.57307	0.57407	0.57297
893	2025.12.01 05:00	NZDUSD.i	H1	0.57360	0.57388	0.57277
894	2025.12.01 06:00	NZDUSD.i	H1	0.57314	0.57381	0.57293
895	2025.12.01 07:00	NZDUSD.i	H1	0.57289	0.57350	0.57278
896	2025.12.01 08:00	NZDUSD.i	H1	0.57304	0.57323	0.57271
897	2025.12.01 09:00	NZDUSD.i	H1	0.57362	0.57356	0.57261
898	2025.12.01 10:00	NZDUSD.i	H1	0.57345	0.57374	0.57283
899	2025.12.01 11:00	NZDUSD.i	H1	0.57378	0.57385	0.57305
900	2025.12.01 12:00	NZDUSD.i	H1	0.57324	0.57388	0.57295
901	2025.12.01 13:00	NZDUSD.i	H1	0.57368	0.57386	0.57302
902	2025.12.01 14:00	NZDUSD.i	H1	0.57479	0.57432	0.57317
903	2025.12.01 15:00	NZDUSD.i	H1	0.57446	0.57479	0.57372
904	2025.12.01 16:00	NZDUSD.i	H1	0.57403	0.57476	0.57373
905	2025.12.01 17:00	NZDUSD.i	H1	0.57415	0.57469	0.57361
906	2025.12.01 18:00	NZDUSD.i	H1	0.57353	0.57459	0.57357
907	2025.12.01 19:00	NZDUSD.i	H1	0.57364	0.57434	0.57350
908	2025.12.01 20:00	NZDUSD.i	H1	0.57313	0.57407	0.57328
909	2025.12.01 21:00	NZDUSD.i	H1	0.57265	0.57357	0.57287
910	2025.12.01 22:00	NZDUSD.i	H1	0.57278	0.57309	0.57261
911	2025.12.01 23:00	NZDUSD.i	H1	0.57272	0.57284	0.57251
912	2025.12.02 00:00	NZDUSD.i	H1	0.57253	0.57255	0.57220
913	2025.12.02 01:00	NZDUSD.i	H1	0.57251	0.57257	0.57222
914	2025.12.02 02:00	NZDUSD.i	H1	0.57228	0.57251	0.57206
915	2025.12.02 03:00	NZDUSD.i	H1	0.57263	0.57246	0.57186
916	2025.12.02 04:00	NZDUSD.i	H1	0.57265	0.57253	0.57200
917	2025.12.02 05:00	NZDUSD.i	H1	0.57259	0.57257	0.57203
918	2025.12.02 06:00	NZDUSD.i	H1	0.57244	0.57264	0.57216
919	2025.12.02 07:00	NZDUSD.i	H1	0.57285	0.57273	0.57225
920	2025.12.02 08:00	NZDUSD.i	H1	0.57277	0.57277	0.57231
921	2025.12.02 09:00	NZDUSD.i	H1	0.57303	0.57300	0.57249
922	2025.12.02 10:00	NZDUSD.i	H1	0.57250	0.57312	0.57239
923	2025.12.02 11:00	NZDUSD.i	H1	0.57177	0.57292	0.57198
924	2025.12.02 12:00	NZDUSD.i	H1	0.57133	0.57240	0.57151
925	2025.12.02 13:00	NZDUSD.i	H1	0.57156	0.57208	0.57131
926	2025.12.02 14:00	NZDUSD.i	H1	0.57233	0.57217	0.57128
927	2025.12.02 15:00	NZDUSD.i	H1	0.57310	0.57257	0.57165
928	2025.12.02 16:00	NZDUSD.i	H1	0.57334	0.57310	0.57219
929	2025.12.02 17:00	NZDUSD.i	H1	0.57402	0.57383	0.57242
930	2025.12.02 18:00	NZDUSD.i	H1	0.57251	0.57408	0.57246
931	2025.12.02 19:00	NZDUSD.i	H1	0.57272	0.57384	0.57246
932	2025.12.02 20:00	NZDUSD.i	H1	0.57278	0.57357	0.57253
933	2025.12.02 21:00	NZDUSD.i	H1	0.57342	0.57365	0.57269
934	2025.12.02 22:00	NZDUSD.i	H1	0.57352	0.57374	0.57307
935	2025.12.02 23:00	NZDUSD.i	H1	0.57357	0.57381	0.57330
936	2025.12.03 00:00	NZDUSD.i	H1	0.57354	0.57382	0.57337
937	2025.12.03 01:00	NZDUSD.i	H1	0.57407	0.57399	0.57354
938	2025.12.03 02:00	NZDUSD.i	H1	0.57388	0.57426	0.57362
939	2025.12.03 03:00	NZDUSD.i	H1	0.57462	0.57455	0.57377
940	2025.12.03 04:00	NZDUSD.i	H1	0.57508	0.57499	0.57426
941	2025.12.03 05:00	NZDUSD.i	H1	0.57487	0.57524	0.57468
942	2025.12.03 06:00	NZDUSD.i	H1	0.57527	0.57541	0.57489
943	2025.12.03 07:00	NZDUSD.i	H1	0.57542	0.57561	0.57519
944	2025.12.03 08:00	NZDUSD.i	H1	0.57512	0.57565	0.57519
945	2025.12.03 09:00	NZDUSD.i	H1	0.57446	0.57569	0.57492
946	2025.12.03 10:00	NZDUSD.i	H1	0.57439	0.57529	0.57454
947	2025.12.03 11:00	NZDUSD.i	H1	0.57417	0.57497	0.57426
948	2025.12.03 12:00	NZDUSD.i	H1	0.57484	0.57495	0.57419
949	2025.12.03 13:00	NZDUSD.i	H1	0.57504	0.57504	0.57439
950	2025.12.03 14:00	NZDUSD.i	H1	0.57458	0.57509	0.57446
951	2025.12.03 15:00	NZDUSD.i	H1	0.57472	0.57535	0.57440
952	2025.12.03 16:00	NZDUSD.i	H1	0.57459	0.57525	0.57394
953	2025.12.03 17:00	NZDUSD.i	H1	0.57624	0.57591	0.57402
954	2025.12.03 18:00	NZDUSD.i	H1	0.57674	0.57659	0.57503
955	2025.12.03 19:00	NZDUSD.i	H1	0.57716	0.57707	0.57589
956	2025.12.03 20:00	NZDUSD.i	H1	0.57728	0.57746	0.57666
957	2025.12.03 21:00	NZDUSD.i	H1	0.57764	0.57774	0.57718
958	2025.12.03 22:00	NZDUSD.i	H1	0.57740	0.57789	0.57749
959	2025.12.03 23:00	NZDUSD.i	H1	0.57723	0.57800	0.57758
960	2025.12.04 00:00	NZDUSD.i	H1	0.57714	0.57775	0.57736
961	2025.12.04 01:00	NZDUSD.i	H1	0.57729	0.57768	0.57739
962	2025.12.04 02:00	NZDUSD.i	H1	0.57746	0.57764	0.57716
963	2025.12.04 03:00	NZDUSD.i	H1	0.57679	0.57768	0.57696
964	2025.12.04 04:00	NZDUSD.i	H1	0.57688	0.57746	0.57687
965	2025.12.04 05:00	NZDUSD.i	H1	0.57674	0.57717	0.57651
966	2025.12.04 06:00	NZDUSD.i	H1	0.57712	0.57714	0.57653
967	2025.12.04 07:00	NZDUSD.i	H1	0.57713	0.57723	0.57667
968	2025.12.04 08:00	NZDUSD.i	H1	0.57691	0.57716	0.57658
969	2025.12.04 09:00	NZDUSD.i	H1	0.57729	0.57720	0.57660
970	2025.12.04 10:00	NZDUSD.i	H1	0.57730	0.57749	0.57689
971	2025.12.04 11:00	NZDUSD.i	H1	0.57732	0.57760	0.57699
972	2025.12.04 12:00	NZDUSD.i	H1	0.57681	0.57756	0.57688
973	2025.12.04 13:00	NZDUSD.i	H1	0.57706	0.57736	0.57671
974	2025.12.04 14:00	NZDUSD.i	H1	0.57664	0.57731	0.57651
975	2025.12.04 15:00	NZDUSD.i	H1	0.57647	0.57702	0.57611
976	2025.12.04 16:00	NZDUSD.i	H1	0.57692	0.57727	0.57616
977	2025.12.04 17:00	NZDUSD.i	H1	0.57749	0.57753	0.57611
978	2025.12.04 18:00	NZDUSD.i	H1	0.57735	0.57757	0.57642
979	2025.12.04 19:00	NZDUSD.i	H1	0.57729	0.57751	0.57670
980	2025.12.04 20:00	NZDUSD.i	H1	0.57711	0.57752	0.57687
981	2025.12.04 21:00	NZDUSD.i	H1	0.57685	0.57733	0.57675
982	2025.12.04 22:00	NZDUSD.i	H1	0.57666	0.57708	0.57665
983	2025.12.04 23:00	NZDUSD.i	H1	0.57601	0.57685	0.57631
984	2025.12.05 00:00	NZDUSD.i	H1	0.57620	0.57656	0.57596
985	2025.12.05 01:00	NZDUSD.i	H1	0.57588	0.57635	0.57581
986	2025.12.05 02:00	NZDUSD.i	H1	0.57635	0.57626	0.57576
987	2025.12.05 03:00	NZDUSD.i	H1	0.57682	0.57651	0.57597
988	2025.12.05 04:00	NZDUSD.i	H1	0.57660	0.57668	0.57617
989	2025.12.05 05:00	NZDUSD.i	H1	0.57640	0.57662	0.57618
990	2025.12.05 06:00	NZDUSD.i	H1	0.57684	0.57679	0.57627
991	2025.12.05 07:00	NZDUSD.i	H1	0.57698	0.57698	0.57643
992	2025.12.05 08:00	NZDUSD.i	H1	0.57746	0.57729	0.57669
993	2025.12.05 09:00	NZDUSD.i	H1	0.57738	0.57773	0.57705
994	2025.12.05 10:00	NZDUSD.i	H1	0.57723	0.57791	0.57719
995	2025.12.05 11:00	NZDUSD.i	H1	0.57747	0.57784	0.57718
996	2025.12.05 12:00	NZDUSD.i	H1	0.57764	0.57791	0.57724
997	2025.12.05 13:00	NZDUSD.i	H1	0.57709	0.57787	0.57706
998	2025.12.05 14:00	NZDUSD.i	H1	0.57793	0.57797	0.57711
999	2025.12.05 15:00	NZDUSD.i	H1	0.57802	0.57819	0.57741
1000	2025.12.05 16:00	NZDUSD.i	H1	0.57833	0.57851	0.57762
1001	2025.12.05 17:00	NZDUSD.i	H1	0.57809	0.57862	0.57771
1002	2025.12.05 18:00	NZDUSD.i	H1	0.57705	0.57846	0.57711
1003	2025.12.05 19:00	NZDUSD.i	H1	0.57755	0.57809	0.57696
1004	2025.12.05 20:00	NZDUSD.i	H1	0.57747	0.57793	0.57707
1005	2025.12.05 21:00	NZDUSD.i	H1	0.57768	0.57780	0.57715
1006	2025.12.05 22:00	NZDUSD.i	H1	0.57748	0.57770	0.57718
1007	2025.12.05 23:00	NZDUSD.i	H1	0.57742	0.57763	0.57715
1008	2025.12.08 00:00	NZDUSD.i	H1	0.57713	0.57753	0.57674
1009	2025.12.08 01:00	NZDUSD.i	H1	0.57746	0.57759	0.57669
1010	2025.12.08 02:00	NZDUSD.i	H1	0.57844	0.57799	0.57697
1011	2025.12.08 03:00	NZDUSD.i	H1	0.57886	0.57856	0.57760
1012	2025.12.08 04:00	NZDUSD.i	H1	0.57893	0.57888	0.57810
1013	2025.12.08 05:00	NZDUSD.i	H1	0.57844	0.57910	0.57832
1014	2025.12.08 06:00	NZDUSD.i	H1	0.57849	0.57905	0.57847
1015	2025.12.08 07:00	NZDUSD.i	H1	0.57859	0.57896	0.57843
1016	2025.12.08 08:00	NZDUSD.i	H1	0.57844	0.57904	0.57835
1017	2025.12.08 09:00	NZDUSD.i	H1	0.57776	0.57887	0.57796
1018	2025.12.08 10:00	NZDUSD.i	H1	0.57832	0.57871	0.57781
1019	2025.12.08 11:00	NZDUSD.i	H1	0.57840	0.57881	0.57784
1020	2025.12.08 12:00	NZDUSD.i	H1	0.57827	0.57876	0.57802
1021	2025.12.08 13:00	NZDUSD.i	H1	0.57769	0.57858	0.57782
1022	2025.12.08 14:00	NZDUSD.i	H1	0.57859	0.57856	0.57762
1023	2025.12.08 15:00	NZDUSD.i	H1	0.57834	0.57888	0.57787
1024	2025.12.08 16:00	NZDUSD.i	H1	0.57741	0.57887	0.57762
1025	2025.12.08 17:00	NZDUSD.i	H1	0.57612	0.57816	0.57673
1026	2025.12.08 18:00	NZDUSD.i	H1	0.57694	0.57755	0.57622
1027	2025.12.08 19:00	NZDUSD.i	H1	0.57773	0.57750	0.57625
1028	2025.12.08 20:00	NZDUSD.i	H1	0.57720	0.57762	0.57648
1029	2025.12.08 21:00	NZDUSD.i	H1	0.57742	0.57750	0.57665
1030	2025.12.08 22:00	NZDUSD.i	H1	0.57770	0.57751	0.57694
1031	2025.12.08 23:00	NZDUSD.i	H1	0.57738	0.57755	0.57712
1032	2025.12.09 00:00	NZDUSD.i	H1	0.57697	0.57739	0.57697
1033	2025.12.09 01:00	NZDUSD.i	H1	0.57758	0.57742	0.57694
1034	2025.12.09 02:00	NZDUSD.i	H1	0.57719	0.57754	0.57702
1035	2025.12.09 03:00	NZDUSD.i	H1	0.57750	0.57752	0.57688
1036	2025.12.09 04:00	NZDUSD.i	H1	0.57799	0.57776	0.57707
1037	2025.12.09 05:00	NZDUSD.i	H1	0.57857	0.57828	0.57736
1038	2025.12.09 06:00	NZDUSD.i	H1	0.57898	0.57873	0.57787
1039	2025.12.09 07:00	NZDUSD.i	H1	0.57877	0.57910	0.57827
1040	2025.12.09 08:00	NZDUSD.i	H1	0.57828	0.57910	0.57826
1041	2025.12.09 09:00	NZDUSD.i	H1	0.57809	0.57895	0.57811
1042	2025.12.09 10:00	NZDUSD.i	H1	0.57814	0.57877	0.57806
1043	2025.12.09 11:00	NZDUSD.i	H1	0.57931	0.57915	0.57813
1044	2025.12.09 12:00	NZDUSD.i	H1	0.57875	0.57932	0.57841
1045	2025.12.09 13:00	NZDUSD.i	H1	0.57884	0.57930	0.57856
1046	2025.12.09 14:00	NZDUSD.i	H1	0.57851	0.57918	0.57852
1047	2025.12.09 15:00	NZDUSD.i	H1	0.57854	0.57909	0.57832
1048	2025.12.09 16:00	NZDUSD.i	H1	0.57876	0.57900	0.57818
1049	2025.12.09 17:00	NZDUSD.i	H1	0.57841	0.57924	0.57777
1050	2025.12.09 18:00	NZDUSD.i	H1	0.57916	0.57931	0.57801
1051	2025.12.09 19:00	NZDUSD.i	H1	0.57783	0.57932	0.57790
1052	2025.12.09 20:00	NZDUSD.i	H1	0.57789	0.57868	0.57769
1053	2025.12.09 21:00	NZDUSD.i	H1	0.57798	0.57838	0.57766
1054	2025.12.09 22:00	NZDUSD.i	H1	0.57807	0.57819	0.57772
1055	2025.12.09 23:00	NZDUSD.i	H1	0.57796	0.57806	0.57769
1056	2025.12.10 00:00	NZDUSD.i	H1	0.57774	0.57791	0.57731
1057	2025.12.10 01:00	NZDUSD.i	H1	0.57789	0.57787	0.57741
1058	2025.12.10 02:00	NZDUSD.i	H1	0.57753	0.57796	0.57739
1059	2025.12.10 03:00	NZDUSD.i	H1	0.57668	0.57777	0.57698
1060	2025.12.10 04:00	NZDUSD.i	H1	0.57660	0.57731	0.57665
1061	2025.12.10 05:00	NZDUSD.i	H1	0.57680	0.57701	0.57628
1062	2025.12.10 06:00	NZDUSD.i	H1	0.57733	0.57706	0.57633
1063	2025.12.10 07:00	NZDUSD.i	H1	0.57760	0.57724	0.57659
1064	2025.12.10 08:00	NZDUSD.i	H1	0.57813	0.57763	0.57699
1065	2025.12.10 09:00	NZDUSD.i	H1	0.57825	0.57800	0.57745
1066	2025.12.10 10:00	NZDUSD.i	H1	0.57866	0.57849	0.57780
1067	2025.12.10 11:00	NZDUSD.i	H1	0.57864	0.57879	0.57802
1068	2025.12.10 12:00	NZDUSD.i	H1	0.57839	0.57897	0.57820
1069	2025.12.10 13:00	NZDUSD.i	H1	0.57852	0.57893	0.57823
1070	2025.12.10 14:00	NZDUSD.i	H1	0.57839	0.57896	0.57833
1071	2025.12.10 15:00	NZDUSD.i	H1	0.57820	0.57881	0.57799
1072	2025.12.10 16:00	NZDUSD.i	H1	0.57823	0.57864	0.57788
1073	2025.12.10 17:00	NZDUSD.i	H1	0.57789	0.57869	0.57772
1074	2025.12.10 18:00	NZDUSD.i	H1	0.57864	0.57871	0.57763
1075	2025.12.10 19:00	NZDUSD.i	H1	0.57873	0.57885	0.57796
1076	2025.12.10 20:00	NZDUSD.i	H1	0.57828	0.57898	0.57809
1077	2025.12.10 21:00	NZDUSD.i	H1	0.58049	0.57995	0.57785
1078	2025.12.10 22:00	NZDUSD.i	H1	0.58162	0.58132	0.57896
1079	2025.12.10 23:00	NZDUSD.i	H1	0.58139	0.58185	0.58025
1080	2025.12.11 00:00	NZDUSD.i	H1	0.58110	0.58188	0.58081
1081	2025.12.11 01:00	NZDUSD.i	H1	0.58160	0.58205	0.58123
1082	2025.12.11 02:00	NZDUSD.i	H1	0.58130	0.58227	0.58146
1083	2025.12.11 03:00	NZDUSD.i	H1	0.58169	0.58229	0.58157
1084	2025.12.11 04:00	NZDUSD.i	H1	0.58046	0.58235	0.58120
1085	2025.12.11 05:00	NZDUSD.i	H1	0.57970	0.58165	0.58054
1086	2025.12.11 06:00	NZDUSD.i	H1	0.57972	0.58083	0.57991
1087	2025.12.11 07:00	NZDUSD.i	H1	0.57945	0.58028	0.57958
1088	2025.12.11 08:00	NZDUSD.i	H1	0.57953	0.57980	0.57912
1089	2025.12.11 09:00	NZDUSD.i	H1	0.57994	0.57989	0.57906
1090	2025.12.11 10:00	NZDUSD.i	H1	0.58037	0.58011	0.57931
1091	2025.12.11 11:00	NZDUSD.i	H1	0.58052	0.58025	0.57946
1092	2025.12.11 12:00	NZDUSD.i	H1	0.58064	0.58042	0.57976
1093	2025.12.11 13:00	NZDUSD.i	H1	0.58118	0.58087	0.58015
1094	2025.12.11 14:00	NZDUSD.i	H1	0.58145	0.58121	0.58064
1095	2025.12.11 15:00	NZDUSD.i	H1	0.58224	0.58196	0.58095
1096	2025.12.11 16:00	NZDUSD.i	H1	0.58177	0.58266	0.58138
1097	2025.12.11 17:00	NZDUSD.i	H1	0.58216	0.58274	0.58154
1098	2025.12.11 18:00	NZDUSD.i	H1	0.58180	0.58273	0.58145
1099	2025.12.11 19:00	NZDUSD.i	H1	0.58178	0.58267	0.58159
1100	2025.12.11 20:00	NZDUSD.i	H1	0.58165	0.58249	0.58165
1101	2025.12.11 21:00	NZDUSD.i	H1	0.58097	0.58217	0.58138
1102	2025.12.11 22:00	NZDUSD.i	H1	0.58098	0.58166	0.58099
1103	2025.12.11 23:00	NZDUSD.i	H1	0.58068	0.58135	0.58080
1104	2025.12.12 00:00	NZDUSD.i	H1	0.58050	0.58103	0.58049
1105	2025.12.12 01:00	NZDUSD.i	H1	0.58093	0.58090	0.58040
1106	2025.12.12 02:00	NZDUSD.i	H1	0.58151	0.58121	0.58055
1107	2025.12.12 03:00	NZDUSD.i	H1	0.58124	0.58156	0.58078
1108	2025.12.12 04:00	NZDUSD.i	H1	0.58124	0.58156	0.58084
1109	2025.12.12 05:00	NZDUSD.i	H1	0.58111	0.58144	0.58093
1110	2025.12.12 06:00	NZDUSD.i	H1	0.58079	0.58126	0.58085
1111	2025.12.12 07:00	NZDUSD.i	H1	0.58137	0.58131	0.58079
1112	2025.12.12 08:00	NZDUSD.i	H1	0.58124	0.58143	0.58087
1113	2025.12.12 09:00	NZDUSD.i	H1	0.58130	0.58149	0.58081
1114	2025.12.12 10:00	NZDUSD.i	H1	0.58164	0.58171	0.58102
1115	2025.12.12 11:00	NZDUSD.i	H1	0.58150	0.58178	0.58103
1116	2025.12.12 12:00	NZDUSD.i	H1	0.58116	0.58169	0.58090
1117	2025.12.12 13:00	NZDUSD.i	H1	0.58108	0.58147	0.58073
1118	2025.12.12 14:00	NZDUSD.i	H1	0.58060	0.58134	0.58058
1119	2025.12.12 15:00	NZDUSD.i	H1	0.58086	0.58126	0.58050
1120	2025.12.12 16:00	NZDUSD.i	H1	0.58117	0.58138	0.58054
1121	2025.12.12 17:00	NZDUSD.i	H1	0.57957	0.58127	0.57986
1122	2025.12.12 18:00	NZDUSD.i	H1	0.57918	0.58053	0.57921
1123	2025.12.12 19:00	NZDUSD.i	H1	0.58039	0.58044	0.57901
1124	2025.12.12 20:00	NZDUSD.i	H1	0.58027	0.58052	0.57945
1125	2025.12.12 21:00	NZDUSD.i	H1	0.58027	0.58035	0.57959
1126	2025.12.12 22:00	NZDUSD.i	H1	0.58019	0.58048	0.57973
1127	2025.12.12 23:00	NZDUSD.i	H1	0.58020	0.58048	0.57985
1128	2025.12.15 00:00	NZDUSD.i	H1	0.57874	0.58022	0.57923
1129	2025.12.15 01:00	NZDUSD.i	H1	0.58013	0.58024	0.57891
1130	2025.12.15 02:00	NZDUSD.i	H1	0.58037	0.58026	0.57924
1131	2025.12.15 03:00	NZDUSD.i	H1	0.58079	0.58051	0.57963
1132	2025.12.15 04:00	NZDUSD.i	H1	0.57808	0.58065	0.57857
1133	2025.12.15 05:00	NZDUSD.i	H1	0.57701	0.57958	0.57757
1134	2025.12.15 06:00	NZDUSD.i	H1	0.57749	0.57847	0.57686
1135	2025.12.15 07:00	NZDUSD.i	H1	0.57810	0.57813	0.57691
1136	2025.12.15 08:00	NZDUSD.i	H1	0.57848	0.57811	0.57708
1137	2025.12.15 09:00	NZDUSD.i	H1	0.57829	0.57826	0.57752
1138	2025.12.15 10:00	NZDUSD.i	H1	0.57790	0.57832	0.57760
1139	2025.12.15 11:00	NZDUSD.i	H1	0.57859	0.57839	0.57768
1140	2025.12.15 12:00	NZDUSD.i	H1	0.57855	0.57846	0.57782
1141	2025.12.15 13:00	NZDUSD.i	H1	0.57930	0.57893	0.57815
1142	2025.12.15 14:00	NZDUSD.i	H1	0.57940	0.57934	0.57875
1143	2025.12.15 15:00	NZDUSD.i	H1	0.57915	0.57968	0.57906
1144	2025.12.15 16:00	NZDUSD.i	H1	0.57970	0.58007	0.57913
1145	2025.12.15 17:00	NZDUSD.i	H1	0.58021	0.58031	0.57929
1146	2025.12.15 18:00	NZDUSD.i	H1	0.57934	0.58045	0.57927
1147	2025.12.15 19:00	NZDUSD.i	H1	0.57876	0.58010	0.57907
1148	2025.12.15 20:00	NZDUSD.i	H1	0.57861	0.57967	0.57875
1149	2025.12.15 21:00	NZDUSD.i	H1	0.57878	0.57928	0.57857
1150	2025.12.15 22:00	NZDUSD.i	H1	0.57847	0.57901	0.57850
1151	2025.12.15 23:00	NZDUSD.i	H1	0.57810	0.57877	0.57828
1152	2025.12.16 00:00	NZDUSD.i	H1	0.57788	0.57830	0.57786
1153	2025.12.16 01:00	NZDUSD.i	H1	0.57854	0.57847	0.57777
1154	2025.12.16 02:00	NZDUSD.i	H1	0.57721	0.57850	0.57737
1155	2025.12.16 03:00	NZDUSD.i	H1	0.57648	0.57787	0.57650
1156	2025.12.16 04:00	NZDUSD.i	H1	0.57678	0.57731	0.57622
1157	2025.12.16 05:00	NZDUSD.i	H1	0.57768	0.57733	0.57626
1158	2025.12.16 06:00	NZDUSD.i	H1	0.57792	0.57761	0.57672
1159	2025.12.16 07:00	NZDUSD.i	H1	0.57773	0.57780	0.57706
1160	2025.12.16 08:00	NZDUSD.i	H1	0.57842	0.57813	0.57727
1161	2025.12.16 09:00	NZDUSD.i	H1	0.57849	0.57841	0.57774
1162	2025.12.16 10:00	NZDUSD.i	H1	0.57876	0.57881	0.57817
1163	2025.12.16 11:00	NZDUSD.i	H1	0.57834	0.57894	0.57835
1164	2025.12.16 12:00	NZDUSD.i	H1	0.57829	0.57888	0.57838
1165	2025.12.16 13:00	NZDUSD.i	H1	0.57851	0.57878	0.57833
1166	2025.12.16 14:00	NZDUSD.i	H1	0.57850	0.57874	0.57820
1167	2025.12.16 15:00	NZDUSD.i	H1	0.57923	0.57973	0.57822
1168	2025.12.16 16:00	NZDUSD.i	H1	0.58039	0.58031	0.57859
1169	2025.12.16 17:00	NZDUSD.i	H1	0.57927	0.58058	0.57864
1170	2025.12.16 18:00	NZDUSD.i	H1	0.57924	0.58021	0.57879
1171	2025.12.16 19:00	NZDUSD.i	H1	0.57890	0.58017	0.57887
1172	2025.12.16 20:00	NZDUSD.i	H1	0.57872	0.57967	0.57851
1173	2025.12.16 21:00	NZDUSD.i	H1	0.57883	0.57940	0.57791
1174	2025.12.16 22:00	NZDUSD.i	H1	0.57877	0.57929	0.57819
1175	2025.12.16 23:00	NZDUSD.i	H1	0.57813	0.57902	0.57814
1176	2025.12.17 00:00	NZDUSD.i	H1	0.57790	0.57851	0.57791
1177	2025.12.17 01:00	NZDUSD.i	H1	0.57837	0.57848	0.57786
1178	2025.12.17 02:00	NZDUSD.i	H1	0.57798	0.57834	0.57769
1179	2025.12.17 03:00	NZDUSD.i	H1	0.57881	0.57849	0.57765
1180	2025.12.17 04:00	NZDUSD.i	H1	0.57819	0.57859	0.57734
1181	2025.12.17 05:00	NZDUSD.i	H1	0.57873	0.57865	0.57756
1182	2025.12.17 06:00	NZDUSD.i	H1	0.57749	0.57866	0.57748
1183	2025.12.17 07:00	NZDUSD.i	H1	0.57755	0.57812	0.57729
1184	2025.12.17 08:00	NZDUSD.i	H1	0.57708	0.57783	0.57705
1185	2025.12.17 09:00	NZDUSD.i	H1	0.57720	0.57749	0.57680
1186	2025.12.17 10:00	NZDUSD.i	H1	0.57770	0.57751	0.57673
1187	2025.12.17 11:00	NZDUSD.i	H1	0.57706	0.57759	0.57680
1188	2025.12.17 12:00	NZDUSD.i	H1	0.57771	0.57763	0.57679
1189	2025.12.17 13:00	NZDUSD.i	H1	0.57734	0.57777	0.57684
1190	2025.12.17 14:00	NZDUSD.i	H1	0.57797	0.57786	0.57705
1191	2025.12.17 15:00	NZDUSD.i	H1	0.57792	0.57794	0.57711
1192	2025.12.17 16:00	NZDUSD.i	H1	0.57854	0.57835	0.57739
1193	2025.12.17 17:00	NZDUSD.i	H1	0.57835	0.57892	0.57769
1194	2025.12.17 18:00	NZDUSD.i	H1	0.57757	0.57907	0.57760
1195	2025.12.17 19:00	NZDUSD.i	H1	0.57770	0.57864	0.57755
1196	2025.12.17 20:00	NZDUSD.i	H1	0.57732	0.57846	0.57741
1197	2025.12.17 21:00	NZDUSD.i	H1	0.57758	0.57820	0.57738
1198	2025.12.17 22:00	NZDUSD.i	H1	0.57757	0.57818	0.57745
1199	2025.12.17 23:00	NZDUSD.i	H1	0.57719	0.57828	0.57733
1200	2025.12.18 00:00	NZDUSD.i	H1	0.57682	0.57785	0.57702
1201	2025.12.18 01:00	NZDUSD.i	H1	0.57688	0.57754	0.57688
1202	2025.12.18 02:00	NZDUSD.i	H1	0.57668	0.57725	0.57654
1203	2025.12.18 03:00	NZDUSD.i	H1	0.57644	0.57704	0.57624
1204	2025.12.18 04:00	NZDUSD.i	H1	0.57649	0.57694	0.57619
1205	2025.12.18 05:00	NZDUSD.i	H1	0.57560	0.57675	0.57574
1206	2025.12.18 06:00	NZDUSD.i	H1	0.57610	0.57633	0.57554
1207	2025.12.18 07:00	NZDUSD.i	H1	0.57643	0.57632	0.57565
1208	2025.12.18 08:00	NZDUSD.i	H1	0.57616	0.57631	0.57564
1209	2025.12.18 09:00	NZDUSD.i	H1	0.57639	0.57646	0.57581
1210	2025.12.18 10:00	NZDUSD.i	H1	0.57639	0.57649	0.57587
1211	2025.12.18 11:00	NZDUSD.i	H1	0.57634	0.57643	0.57583
1212	2025.12.18 12:00	NZDUSD.i	H1	0.57669	0.57662	0.57603
1213	2025.12.18 13:00	NZDUSD.i	H1	0.57661	0.57671	0.57624
1214	2025.12.18 14:00	NZDUSD.i	H1	0.57637	0.57687	0.57620
1215	2025.12.18 15:00	NZDUSD.i	H1	0.57797	0.57779	0.57623
1216	2025.12.18 16:00	NZDUSD.i	H1	0.57784	0.57840	0.57687
1217	2025.12.18 17:00	NZDUSD.i	H1	0.57778	0.57849	0.57701
1218	2025.12.18 18:00	NZDUSD.i	H1	0.57790	0.57877	0.57745
1219	2025.12.18 19:00	NZDUSD.i	H1	0.57730	0.57856	0.57719
1220	2025.12.18 20:00	NZDUSD.i	H1	0.57742	0.57826	0.57718
1221	2025.12.18 21:00	NZDUSD.i	H1	0.57724	0.57797	0.57724
1222	2025.12.18 22:00	NZDUSD.i	H1	0.57721	0.57776	0.57723
1223	2025.12.18 23:00	NZDUSD.i	H1	0.57736	0.57767	0.57726
1224	2025.12.19 00:00	NZDUSD.i	H1	0.57699	0.57742	0.57700
1225	2025.12.19 01:00	NZDUSD.i	H1	0.57748	0.57752	0.57696
1226	2025.12.19 02:00	NZDUSD.i	H1	0.57804	0.57784	0.57700
1227	2025.12.19 03:00	NZDUSD.i	H1	0.57724	0.57809	0.57703
1228	2025.12.19 04:00	NZDUSD.i	H1	0.57677	0.57787	0.57684
1229	2025.12.19 05:00	NZDUSD.i	H1	0.57647	0.57743	0.57662
1230	2025.12.19 06:00	NZDUSD.i	H1	0.57619	0.57697	0.57623
1231	2025.12.19 07:00	NZDUSD.i	H1	0.57586	0.57652	0.57595
1232	2025.12.19 08:00	NZDUSD.i	H1	0.57599	0.57630	0.57567
1233	2025.12.19 09:00	NZDUSD.i	H1	0.57470	0.57612	0.57497
1234	2025.12.19 10:00	NZDUSD.i	H1	0.57493	0.57557	0.57458
1235	2025.12.19 11:00	NZDUSD.i	H1	0.57487	0.57521	0.57435
1236	2025.12.19 12:00	NZDUSD.i	H1	0.57501	0.57495	0.57428
1237	2025.12.19 13:00	NZDUSD.i	H1	0.57456	0.57479	0.57414
1238	2025.12.19 14:00	NZDUSD.i	H1	0.57412	0.57453	0.57397
1239	2025.12.19 15:00	NZDUSD.i	H1	0.57452	0.57435	0.57364
1240	2025.12.19 16:00	NZDUSD.i	H1	0.57565	0.57489	0.57388
1241	2025.12.19 17:00	NZDUSD.i	H1	0.57521	0.57536	0.57424
1242	2025.12.19 18:00	NZDUSD.i	H1	0.57588	0.57567	0.57464
1243	2025.12.19 19:00	NZDUSD.i	H1	0.57594	0.57593	0.57510
1244	2025.12.19 20:00	NZDUSD.i	H1	0.57614	0.57631	0.57557
1245	2025.12.19 21:00	NZDUSD.i	H1	0.57641	0.57650	0.57593
1246	2025.12.19 22:00	NZDUSD.i	H1	0.57581	0.57663	0.57590
1247	2025.12.19 23:00	NZDUSD.i	H1	0.57537	0.57640	0.57565
1248	2025.12.22 00:00	NZDUSD.i	H1	0.57479	0.57586	0.57507
1249	2025.12.22 01:00	NZDUSD.i	H1	0.57560	0.57580	0.57495
1250	2025.12.22 02:00	NZDUSD.i	H1	0.57644	0.57613	0.57526
1251	2025.12.22 03:00	NZDUSD.i	H1	0.57629	0.57656	0.57564
1252	2025.12.22 04:00	NZDUSD.i	H1	0.57693	0.57686	0.57600
1253	2025.12.22 05:00	NZDUSD.i	H1	0.57659	0.57710	0.57636
1254	2025.12.22 06:00	NZDUSD.i	H1	0.57700	0.57721	0.57659
1255	2025.12.22 07:00	NZDUSD.i	H1	0.57687	0.57727	0.57680
1256	2025.12.22 08:00	NZDUSD.i	H1	0.57689	0.57725	0.57685
1257	2025.12.22 09:00	NZDUSD.i	H1	0.57785	0.57786	0.57698
1258	2025.12.22 10:00	NZDUSD.i	H1	0.57843	0.57831	0.57746
1259	2025.12.22 11:00	NZDUSD.i	H1	0.57827	0.57856	0.57781
1260	2025.12.22 12:00	NZDUSD.i	H1	0.57840	0.57878	0.57818
1261	2025.12.22 13:00	NZDUSD.i	H1	0.57882	0.57896	0.57840
1262	2025.12.22 14:00	NZDUSD.i	H1	0.57888	0.57912	0.57864
1263	2025.12.22 15:00	NZDUSD.i	H1	0.57886	0.57932	0.57888
1264	2025.12.22 16:00	NZDUSD.i	H1	0.57969	0.57969	0.57887
1265	2025.12.22 17:00	NZDUSD.i	H1	0.57941	0.57999	0.57924
1266	2025.12.22 18:00	NZDUSD.i	H1	0.57963	0.58005	0.57941
1267	2025.12.22 19:00	NZDUSD.i	H1	0.57975	0.58022	0.57961
1268	2025.12.22 20:00	NZDUSD.i	H1	0.57942	0.58017	0.57955
1269	2025.12.22 21:00	NZDUSD.i	H1	0.57939	0.57992	0.57946
1270	2025.12.22 22:00	NZDUSD.i	H1	0.57935	0.57985	0.57941
1271	2025.12.22 23:00	NZDUSD.i	H1	0.57933	0.57975	0.57940
1272	2025.12.23 00:00	NZDUSD.i	H1	0.57931	0.57954	0.57902
1273	2025.12.23 01:00	NZDUSD.i	H1	0.57953	0.57962	0.57912
1274	2025.12.23 02:00	NZDUSD.i	H1	0.58027	0.58015	0.57927
1275	2025.12.23 03:00	NZDUSD.i	H1	0.58070	0.58059	0.57964
1276	2025.12.23 04:00	NZDUSD.i	H1	0.58157	0.58120	0.58019
1277	2025.12.23 05:00	NZDUSD.i	H1	0.58135	0.58156	0.58068
1278	2025.12.23 06:00	NZDUSD.i	H1	0.58142	0.58176	0.58108
1279	2025.12.23 07:00	NZDUSD.i	H1	0.58120	0.58183	0.58121
1280	2025.12.23 08:00	NZDUSD.i	H1	0.58108	0.58182	0.58113
1281	2025.12.23 09:00	NZDUSD.i	H1	0.58201	0.58213	0.58116
1282	2025.12.23 10:00	NZDUSD.i	H1	0.58315	0.58280	0.58162
1283	2025.12.23 11:00	NZDUSD.i	H1	0.58380	0.58345	0.58242
1284	2025.12.23 12:00	NZDUSD.i	H1	0.58399	0.58399	0.58324
1285	2025.12.23 13:00	NZDUSD.i	H1	0.58370	0.58430	0.58370
1286	2025.12.23 14:00	NZDUSD.i	H1	0.58384	0.58448	0.58394
1287	2025.12.23 15:00	NZDUSD.i	H1	0.58285	0.58461	0.58361
1288	2025.12.23 16:00	NZDUSD.i	H1	0.58228	0.58405	0.58296
1289	2025.12.23 17:00	NZDUSD.i	H1	0.58297	0.58365	0.58256
1290	2025.12.23 18:00	NZDUSD.i	H1	0.58308	0.58351	0.58268
1291	2025.12.23 19:00	NZDUSD.i	H1	0.58294	0.58343	0.58275
1292	2025.12.23 20:00	NZDUSD.i	H1	0.58353	0.58345	0.58277
1293	2025.12.23 21:00	NZDUSD.i	H1	0.58391	0.58370	0.58312
1294	2025.12.23 22:00	NZDUSD.i	H1	0.58384	0.58381	0.58341
1295	2025.12.23 23:00	NZDUSD.i	H1	0.58394	0.58403	0.58366
1296	2025.12.24 00:00	NZDUSD.i	H1	0.58386	0.58401	0.58353
1297	2025.12.24 01:00	NZDUSD.i	H1	0.58428	0.58416	0.58372
1298	2025.12.24 02:00	NZDUSD.i	H1	0.58405	0.58433	0.58376
1299	2025.12.24 03:00	NZDUSD.i	H1	0.58487	0.58462	0.58373
1300	2025.12.24 04:00	NZDUSD.i	H1	0.58478	0.58503	0.58425
1301	2025.12.24 05:00	NZDUSD.i	H1	0.58404	0.58502	0.58420
1302	2025.12.24 06:00	NZDUSD.i	H1	0.58402	0.58472	0.58411
1303	2025.12.24 07:00	NZDUSD.i	H1	0.58444	0.58464	0.58409
1304	2025.12.24 08:00	NZDUSD.i	H1	0.58458	0.58470	0.58422
1305	2025.12.24 09:00	NZDUSD.i	H1	0.58438	0.58475	0.58418
1306	2025.12.24 10:00	NZDUSD.i	H1	0.58462	0.58473	0.58403
1307	2025.12.24 11:00	NZDUSD.i	H1	0.58463	0.58475	0.58411
1308	2025.12.24 12:00	NZDUSD.i	H1	0.58459	0.58471	0.58418
1309	2025.12.24 13:00	NZDUSD.i	H1	0.58423	0.58467	0.58420
1310	2025.12.24 14:00	NZDUSD.i	H1	0.58367	0.58461	0.58387
1311	2025.12.24 15:00	NZDUSD.i	H1	0.58367	0.58424	0.58356
1312	2025.12.24 16:00	NZDUSD.i	H1	0.58372	0.58404	0.58337
1313	2025.12.24 17:00	NZDUSD.i	H1	0.58363	0.58407	0.58324
1314	2025.12.24 18:00	NZDUSD.i	H1	0.58350	0.58402	0.58313
1315	2025.12.24 19:00	NZDUSD.i	H1	0.58337	0.58380	0.58310
1316	2025.12.24 20:00	NZDUSD.i	H1	0.58362	0.58366	0.58300
1317	2025.12.24 21:00	NZDUSD.i	H1	0.58356	0.58358	0.58312
1318	2025.12.24 22:00	NZDUSD.i	H1	0.58344	0.58350	0.58322
1319	2025.12.24 23:00	NZDUSD.i	H1	0.58316	0.58345	0.58316
1320	2025.12.26 00:00	NZDUSD.i	H1	0.58347	0.58346	0.58319
1321	2025.12.26 01:00	NZDUSD.i	H1	0.58355	0.58351	0.58284
1322	2025.12.26 02:00	NZDUSD.i	H1	0.58342	0.58368	0.58302
1323	2025.12.26 03:00	NZDUSD.i	H1	0.58348	0.58392	0.58318
1324	2025.12.26 04:00	NZDUSD.i	H1	0.58386	0.58401	0.58330
1325	2025.12.26 05:00	NZDUSD.i	H1	0.58320	0.58400	0.58325
1326	2025.12.26 06:00	NZDUSD.i	H1	0.58326	0.58376	0.58318
1327	2025.12.26 07:00	NZDUSD.i	H1	0.58347	0.58368	0.58305
1328	2025.12.26 08:00	NZDUSD.i	H1	0.58283	0.58366	0.58289
1329	2025.12.26 09:00	NZDUSD.i	H1	0.58247	0.58329	0.58251
1330	2025.12.26 10:00	NZDUSD.i	H1	0.58260	0.58290	0.58224
1331	2025.12.26 11:00	NZDUSD.i	H1	0.58190	0.58269	0.58197
1332	2025.12.26 12:00	NZDUSD.i	H1	0.58192	0.58239	0.58178
1333	2025.12.26 13:00	NZDUSD.i	H1	0.58207	0.58221	0.58173
1334	2025.12.26 14:00	NZDUSD.i	H1	0.58216	0.58208	0.58167
1335	2025.12.26 15:00	NZDUSD.i	H1	0.58321	0.58259	0.58176
1336	2025.12.26 16:00	NZDUSD.i	H1	0.58341	0.58310	0.58239
1337	2025.12.26 17:00	NZDUSD.i	H1	0.58347	0.58369	0.58280
1338	2025.12.26 18:00	NZDUSD.i	H1	0.58268	0.58371	0.58268
1339	2025.12.26 19:00	NZDUSD.i	H1	0.58296	0.58346	0.58264
1340	2025.12.26 20:00	NZDUSD.i	H1	0.58297	0.58337	0.58278
1341	2025.12.26 21:00	NZDUSD.i	H1	0.58293	0.58324	0.58276
1342	2025.12.26 22:00	NZDUSD.i	H1	0.58323	0.58325	0.58286
1343	2025.12.26 23:00	NZDUSD.i	H1	0.58213	0.58330	0.58245
1344	2025.12.29 00:00	NZDUSD.i	H1	0.58257	0.58306	0.58224
1345	2025.12.29 01:00	NZDUSD.i	H1	0.58260	0.58303	0.58223
1346	2025.12.29 02:00	NZDUSD.i	H1	0.58269	0.58315	0.58235
1347	2025.12.29 03:00	NZDUSD.i	H1	0.58292	0.58316	0.58245
1348	2025.12.29 04:00	NZDUSD.i	H1	0.58314	0.58326	0.58251
1349	2025.12.29 05:00	NZDUSD.i	H1	0.58300	0.58329	0.58267
1350	2025.12.29 06:00	NZDUSD.i	H1	0.58251	0.58325	0.58261
1351	2025.12.29 07:00	NZDUSD.i	H1	0.58195	0.58291	0.58230
1352	2025.12.29 08:00	NZDUSD.i	H1	0.58195	0.58252	0.58196
1353	2025.12.29 09:00	NZDUSD.i	H1	0.58185	0.58244	0.58171
1354	2025.12.29 10:00	NZDUSD.i	H1	0.58135	0.58209	0.58118
1355	2025.12.29 11:00	NZDUSD.i	H1	0.58075	0.58167	0.58061
1356	2025.12.29 12:00	NZDUSD.i	H1	0.58045	0.58126	0.58035
1357	2025.12.29 13:00	NZDUSD.i	H1	0.57998	0.58072	0.57994
1358	2025.12.29 14:00	NZDUSD.i	H1	0.57959	0.58017	0.57929
1359	2025.12.29 15:00	NZDUSD.i	H1	0.57980	0.57986	0.57905
1360	2025.12.29 16:00	NZDUSD.i	H1	0.58049	0.58013	0.57894
1361	2025.12.29 17:00	NZDUSD.i	H1	0.58098	0.58040	0.57902
1362	2025.12.29 18:00	NZDUSD.i	H1	0.58054	0.58063	0.57949
1363	2025.12.29 19:00	NZDUSD.i	H1	0.58029	0.58058	0.57975
1364	2025.12.29 20:00	NZDUSD.i	H1	0.57994	0.58057	0.57982
1365	2025.12.29 21:00	NZDUSD.i	H1	0.58062	0.58061	0.57982
1366	2025.12.29 22:00	NZDUSD.i	H1	0.58040	0.58065	0.58003
1367	2025.12.29 23:00	NZDUSD.i	H1	0.58021	0.58070	0.58013
1368	2025.12.30 00:00	NZDUSD.i	H1	0.58018	0.58059	0.57986
1369	2025.12.30 01:00	NZDUSD.i	H1	0.58081	0.58070	0.57993
1370	2025.12.30 02:00	NZDUSD.i	H1	0.58057	0.58085	0.58017
1371	2025.12.30 03:00	NZDUSD.i	H1	0.58088	0.58093	0.58024
1372	2025.12.30 04:00	NZDUSD.i	H1	0.58084	0.58107	0.58033
1373	2025.12.30 05:00	NZDUSD.i	H1	0.58076	0.58114	0.58046
1374	2025.12.30 06:00	NZDUSD.i	H1	0.58133	0.58132	0.58067
1375	2025.12.30 07:00	NZDUSD.i	H1	0.58164	0.58162	0.58102
1376	2025.12.30 08:00	NZDUSD.i	H1	0.58173	0.58187	0.58135
1377	2025.12.30 09:00	NZDUSD.i	H1	0.58136	0.58194	0.58139
1378	2025.12.30 10:00	NZDUSD.i	H1	0.58096	0.58186	0.58124
1379	2025.12.30 11:00	NZDUSD.i	H1	0.58071	0.58176	0.58104
1380	2025.12.30 12:00	NZDUSD.i	H1	0.58083	0.58153	0.58090
1381	2025.12.30 13:00	NZDUSD.i	H1	0.58002	0.58123	0.58044
1382	2025.12.30 14:00	NZDUSD.i	H1	0.57980	0.58065	0.58002
1383	2025.12.30 15:00	NZDUSD.i	H1	0.57973	0.58029	0.57963
1384	2025.12.30 16:00	NZDUSD.i	H1	0.58023	0.58016	0.57951
1385	2025.12.30 17:00	NZDUSD.i	H1	0.58048	0.58020	0.57915
1386	2025.12.30 18:00	NZDUSD.i	H1	0.58025	0.58033	0.57944
1387	2025.12.30 19:00	NZDUSD.i	H1	0.58025	0.58030	0.57961
1388	2025.12.30 20:00	NZDUSD.i	H1	0.57968	0.58034	0.57954
1389	2025.12.30 21:00	NZDUSD.i	H1	0.57918	0.58002	0.57923
1390	2025.12.30 22:00	NZDUSD.i	H1	0.57890	0.57967	0.57897
1391	2025.12.30 23:00	NZDUSD.i	H1	0.57906	0.57939	0.57884
1392	2025.12.31 00:00	NZDUSD.i	H1	0.57888	0.57912	0.57872
1393	2025.12.31 01:00	NZDUSD.i	H1	0.57904	0.57901	0.57872
1394	2025.12.31 02:00	NZDUSD.i	H1	0.57880	0.57899	0.57856
1395	2025.12.31 03:00	NZDUSD.i	H1	0.57807	0.57896	0.57824
1396	2025.12.31 04:00	NZDUSD.i	H1	0.57816	0.57858	0.57785
1397	2025.12.31 05:00	NZDUSD.i	H1	0.57800	0.57837	0.57774
1398	2025.12.31 06:00	NZDUSD.i	H1	0.57772	0.57814	0.57760
1399	2025.12.31 07:00	NZDUSD.i	H1	0.57722	0.57794	0.57721
1400	2025.12.31 08:00	NZDUSD.i	H1	0.57703	0.57749	0.57684
1401	2025.12.31 09:00	NZDUSD.i	H1	0.57725	0.57723	0.57646
1402	2025.12.31 10:00	NZDUSD.i	H1	0.57657	0.57718	0.57628
1403	2025.12.31 11:00	NZDUSD.i	H1	0.57660	0.57690	0.57621
1404	2025.12.31 12:00	NZDUSD.i	H1	0.57625	0.57674	0.57597
1405	2025.12.31 13:00	NZDUSD.i	H1	0.57686	0.57673	0.57595
1406	2025.12.31 14:00	NZDUSD.i	H1	0.57703	0.57693	0.57627
1407	2025.12.31 15:00	NZDUSD.i	H1	0.57683	0.57695	0.57614
1408	2025.12.31 16:00	NZDUSD.i	H1	0.57584	0.57687	0.57593
1409	2025.12.31 17:00	NZDUSD.i	H1	0.57497	0.57636	0.57493
1410	2025.12.31 18:00	NZDUSD.i	H1	0.57535	0.57586	0.57473
1411	2025.12.31 19:00	NZDUSD.i	H1	0.57544	0.57563	0.57480
1412	2025.12.31 20:00	NZDUSD.i	H1	0.57529	0.57550	0.57484
1413	2025.12.31 21:00	NZDUSD.i	H1	0.57521	0.57537	0.57486
1414	2025.12.31 22:00	NZDUSD.i	H1	0.57560	0.57545	0.57492
1415	2025.12.31 23:00	NZDUSD.i	H1	0.57541	0.57556	0.57505
1416	2026.01.02 00:00	NZDUSD.i	H1	0.57543	0.57569	0.57519
1417	2026.01.02 01:00	NZDUSD.i	H1	0.57574	0.57581	0.57522
1418	2026.01.02 02:00	NZDUSD.i	H1	0.57625	0.57612	0.57520
1419	2026.01.02 03:00	NZDUSD.i	H1	0.57674	0.57662	0.57574
1420	2026.01.02 04:00	NZDUSD.i	H1	0.57668	0.57694	0.57618
1421	2026.01.02 05:00	NZDUSD.i	H1	0.57683	0.57706	0.57639
1422	2026.01.02 06:00	NZDUSD.i	H1	0.57605	0.57712	0.57635
1423	2026.01.02 07:00	NZDUSD.i	H1	0.57589	0.57681	0.57617
1424	2026.01.02 08:00	NZDUSD.i	H1	0.57561	0.57648	0.57596
1425	2026.01.02 09:00	NZDUSD.i	H1	0.57638	0.57650	0.57580
1426	2026.01.02 10:00	NZDUSD.i	H1	0.57689	0.57682	0.57600
1427	2026.01.02 11:00	NZDUSD.i	H1	0.57695	0.57707	0.57635
1428	2026.01.02 12:00	NZDUSD.i	H1	0.57721	0.57730	0.57665
1429	2026.01.02 13:00	NZDUSD.i	H1	0.57693	0.57738	0.57680
1430	2026.01.02 14:00	NZDUSD.i	H1	0.57687	0.57740	0.57684
1431	2026.01.02 15:00	NZDUSD.i	H1	0.57656	0.57732	0.57672
1432	2026.01.02 16:00	NZDUSD.i	H1	0.57736	0.57742	0.57666
1433	2026.01.02 17:00	NZDUSD.i	H1	0.57717	0.57766	0.57681
1434	2026.01.02 18:00	NZDUSD.i	H1	0.57652	0.57749	0.57665
1435	2026.01.02 19:00	NZDUSD.i	H1	0.57673	0.57732	0.57653
1436	2026.01.02 20:00	NZDUSD.i	H1	0.57617	0.57706	0.57622
1437	2026.01.02 21:00	NZDUSD.i	H1	0.57665	0.57686	0.57613
1438	2026.01.02 22:00	NZDUSD.i	H1	0.57673	0.57677	0.57624
1439	2026.01.02 23:00	NZDUSD.i	H1	0.57667	0.57687	0.57639
1440	2026.01.05 00:00	NZDUSD.i	H1	0.57547	0.57653	0.57473
1441	2026.01.05 01:00	NZDUSD.i	H1	0.57548	0.57666	0.57473
1442	2026.01.05 02:00	NZDUSD.i	H1	0.57544	0.57645	0.57480
1443	2026.01.05 03:00	NZDUSD.i	H1	0.57566	0.57625	0.57470
1444	2026.01.05 04:00	NZDUSD.i	H1	0.57599	0.57619	0.57489
1445	2026.01.05 05:00	NZDUSD.i	H1	0.57498	0.57610	0.57485
1446	2026.01.05 06:00	NZDUSD.i	H1	0.57508	0.57559	0.57448
1447	2026.01.05 07:00	NZDUSD.i	H1	0.57544	0.57545	0.57450
1448	2026.01.05 08:00	NZDUSD.i	H1	0.57566	0.57547	0.57461
1449	2026.01.05 09:00	NZDUSD.i	H1	0.57492	0.57557	0.57460
1450	2026.01.05 10:00	NZDUSD.i	H1	0.57521	0.57564	0.57452
1451	2026.01.05 11:00	NZDUSD.i	H1	0.57496	0.57547	0.57449
1452	2026.01.05 12:00	NZDUSD.i	H1	0.57615	0.57583	0.57468
1453	2026.01.05 13:00	NZDUSD.i	H1	0.57577	0.57610	0.57520
1454	2026.01.05 14:00	NZDUSD.i	H1	0.57561	0.57621	0.57542
1455	2026.01.05 15:00	NZDUSD.i	H1	0.57563	0.57598	0.57489
1456	2026.01.05 16:00	NZDUSD.i	H1	0.57628	0.57635	0.57522
1457	2026.01.05 17:00	NZDUSD.i	H1	0.57807	0.57743	0.57579
1458	2026.01.05 18:00	NZDUSD.i	H1	0.57879	0.57842	0.57701
1459	2026.01.05 19:00	NZDUSD.i	H1	0.57864	0.57895	0.57799
1460	2026.01.05 20:00	NZDUSD.i	H1	0.57883	0.57918	0.57859
1461	2026.01.05 21:00	NZDUSD.i	H1	0.57907	0.57942	0.57900
1462	2026.01.05 22:00	NZDUSD.i	H1	0.57888	0.57956	0.57927
1463	2026.01.05 23:00	NZDUSD.i	H1	0.57869	0.57954	0.57926
1464	2026.01.06 00:00	NZDUSD.i	H1	0.57859	0.57937	0.57906
1465	2026.01.06 01:00	NZDUSD.i	H1	0.57855	0.57926	0.57893
1466	2026.01.06 02:00	NZDUSD.i	H1	0.57874	0.57913	0.57873
1467	2026.01.06 03:00	NZDUSD.i	H1	0.57945	0.57945	0.57841
1468	2026.01.06 04:00	NZDUSD.i	H1	0.58028	0.58010	0.57885
1469	2026.01.06 05:00	NZDUSD.i	H1	0.57976	0.58033	0.57928
1470	2026.01.06 06:00	NZDUSD.i	H1	0.57990	0.58035	0.57957
1471	2026.01.06 07:00	NZDUSD.i	H1	0.57994	0.58052	0.57980
1472	2026.01.06 08:00	NZDUSD.i	H1	0.58059	0.58075	0.57993
1473	2026.01.06 09:00	NZDUSD.i	H1	0.58041	0.58097	0.58015
1474	2026.01.06 10:00	NZDUSD.i	H1	0.57969	0.58111	0.57994
1475	2026.01.06 11:00	NZDUSD.i	H1	0.57913	0.58053	0.57950
1476	2026.01.06 12:00	NZDUSD.i	H1	0.57893	0.58005	0.57917
1477	2026.01.06 13:00	NZDUSD.i	H1	0.57880	0.57952	0.57882
1478	2026.01.06 14:00	NZDUSD.i	H1	0.57830	0.57923	0.57846
1479	2026.01.06 15:00	NZDUSD.i	H1	0.57902	0.57906	0.57818
1480	2026.01.06 16:00	NZDUSD.i	H1	0.57922	0.57927	0.57826
1481	2026.01.06 17:00	NZDUSD.i	H1	0.57773	0.57914	0.57761
1482	2026.01.06 18:00	NZDUSD.i	H1	0.57778	0.57844	0.57707
1483	2026.01.06 19:00	NZDUSD.i	H1	0.57831	0.57829	0.57719
1484	2026.01.06 20:00	NZDUSD.i	H1	0.57802	0.57824	0.57742
1485	2026.01.06 21:00	NZDUSD.i	H1	0.57819	0.57808	0.57750
1486	2026.01.06 22:00	NZDUSD.i	H1	0.57839	0.57824	0.57775
1487	2026.01.06 23:00	NZDUSD.i	H1	0.57825	0.57830	0.57792
1488	2026.01.07 00:00	NZDUSD.i	H1	0.57852	0.57846	0.57765
1489	2026.01.07 01:00	NZDUSD.i	H1	0.57808	0.57850	0.57780
1490	2026.01.07 02:00	NZDUSD.i	H1	0.57843	0.57862	0.57773
1491	2026.01.07 03:00	NZDUSD.i	H1	0.57873	0.57891	0.57785
1492	2026.01.07 04:00	NZDUSD.i	H1	0.57862	0.57906	0.57815
1493	2026.01.07 05:00	NZDUSD.i	H1	0.57872	0.57910	0.57840
1494	2026.01.07 06:00	NZDUSD.i	H1	0.57812	0.57919	0.57832
1495	2026.01.07 07:00	NZDUSD.i	H1	0.57808	0.57893	0.57815
1496	2026.01.07 08:00	NZDUSD.i	H1	0.57831	0.57873	0.57806
1497	2026.01.07 09:00	NZDUSD.i	H1	0.57811	0.57858	0.57774
1498	2026.01.07 10:00	NZDUSD.i	H1	0.57870	0.57863	0.57780
1499	2026.01.07 11:00	NZDUSD.i	H1	0.57873	0.57872	0.57808
1500	2026.01.07 12:00	NZDUSD.i	H1	0.57890	0.57892	0.57840
1501	2026.01.07 13:00	NZDUSD.i	H1	0.57908	0.57914	0.57863
1502	2026.01.07 14:00	NZDUSD.i	H1	0.57874	0.57926	0.57861
1503	2026.01.07 15:00	NZDUSD.i	H1	0.57919	0.57933	0.57853
1504	2026.01.07 16:00	NZDUSD.i	H1	0.57914	0.57938	0.57859
1505	2026.01.07 17:00	NZDUSD.i	H1	0.57806	0.57928	0.57807
1506	2026.01.07 18:00	NZDUSD.i	H1	0.57784	0.57876	0.57775
1507	2026.01.07 19:00	NZDUSD.i	H1	0.57808	0.57859	0.57773
1508	2026.01.07 20:00	NZDUSD.i	H1	0.57820	0.57849	0.57783
1509	2026.01.07 21:00	NZDUSD.i	H1	0.57778	0.57831	0.57772
1510	2026.01.07 22:00	NZDUSD.i	H1	0.57736	0.57805	0.57750
1511	2026.01.07 23:00	NZDUSD.i	H1	0.57709	0.57763	0.57718
1512	2026.01.08 00:00	NZDUSD.i	H1	0.57706	0.57740	0.57694
1513	2026.01.08 01:00	NZDUSD.i	H1	0.57732	0.57729	0.57690
1514	2026.01.08 02:00	NZDUSD.i	H1	0.57676	0.57723	0.57669
1515	2026.01.08 03:00	NZDUSD.i	H1	0.57697	0.57708	0.57653
1516	2026.01.08 04:00	NZDUSD.i	H1	0.57652	0.57698	0.57627
1517	2026.01.08 05:00	NZDUSD.i	H1	0.57683	0.57688	0.57626
1518	2026.01.08 06:00	NZDUSD.i	H1	0.57647	0.57680	0.57625
1519	2026.01.08 07:00	NZDUSD.i	H1	0.57625	0.57656	0.57607
1520	2026.01.08 08:00	NZDUSD.i	H1	0.57578	0.57632	0.57552
1521	2026.01.08 09:00	NZDUSD.i	H1	0.57526	0.57598	0.57525
1522	2026.01.08 10:00	NZDUSD.i	H1	0.57467	0.57561	0.57477
1523	2026.01.08 11:00	NZDUSD.i	H1	0.57447	0.57509	0.57425
1524	2026.01.08 12:00	NZDUSD.i	H1	0.57494	0.57486	0.57409
1525	2026.01.08 13:00	NZDUSD.i	H1	0.57501	0.57480	0.57422
1526	2026.01.08 14:00	NZDUSD.i	H1	0.57488	0.57482	0.57429
1527	2026.01.08 15:00	NZDUSD.i	H1	0.57454	0.57488	0.57416
1528	2026.01.08 16:00	NZDUSD.i	H1	0.57478	0.57479	0.57386
1529	2026.01.08 17:00	NZDUSD.i	H1	0.57546	0.57505	0.57399
1530	2026.01.08 18:00	NZDUSD.i	H1	0.57499	0.57523	0.57422
1531	2026.01.08 19:00	NZDUSD.i	H1	0.57492	0.57523	0.57432
1532	2026.01.08 20:00	NZDUSD.i	H1	0.57441	0.57514	0.57435
1533	2026.01.08 21:00	NZDUSD.i	H1	0.57469	0.57496	0.57432
1534	2026.01.08 22:00	NZDUSD.i	H1	0.57491	0.57506	0.57451
1535	2026.01.08 23:00	NZDUSD.i	H1	0.57493	0.57522	0.57465
1536	2026.01.09 00:00	NZDUSD.i	H1	0.57485	0.57520	0.57454
1537	2026.01.09 01:00	NZDUSD.i	H1	0.57497	0.57530	0.57469
1538	2026.01.09 02:00	NZDUSD.i	H1	0.57451	0.57517	0.57464
1539	2026.01.09 03:00	NZDUSD.i	H1	0.57429	0.57495	0.57429
1540	2026.01.09 04:00	NZDUSD.i	H1	0.57437	0.57472	0.57415
1541	2026.01.09 05:00	NZDUSD.i	H1	0.57427	0.57456	0.57405
1542	2026.01.09 06:00	NZDUSD.i	H1	0.57458	0.57457	0.57403
1543	2026.01.09 07:00	NZDUSD.i	H1	0.57408	0.57457	0.57397
1544	2026.01.09 08:00	NZDUSD.i	H1	0.57383	0.57442	0.57386
1545	2026.01.09 09:00	NZDUSD.i	H1	0.57332	0.57412	0.57343
1546	2026.01.09 10:00	NZDUSD.i	H1	0.57319	0.57373	0.57301
1547	2026.01.09 11:00	NZDUSD.i	H1	0.57283	0.57350	0.57277
1548	2026.01.09 12:00	NZDUSD.i	H1	0.57279	0.57319	0.57258
1549	2026.01.09 13:00	NZDUSD.i	H1	0.57275	0.57304	0.57248
1550	2026.01.09 14:00	NZDUSD.i	H1	0.57240	0.57285	0.57227
1551	2026.01.09 15:00	NZDUSD.i	H1	0.57352	0.57357	0.57189
1552	2026.01.09 16:00	NZDUSD.i	H1	0.57282	0.57379	0.57197
1553	2026.01.09 17:00	NZDUSD.i	H1	0.57311	0.57358	0.57144
1554	2026.01.09 18:00	NZDUSD.i	H1	0.57299	0.57355	0.57171
1555	2026.01.09 19:00	NZDUSD.i	H1	0.57267	0.57334	0.57207
1556	2026.01.09 20:00	NZDUSD.i	H1	0.57283	0.57332	0.57231
1557	2026.01.09 21:00	NZDUSD.i	H1	0.57298	0.57317	0.57253
1558	2026.01.09 22:00	NZDUSD.i	H1	0.57334	0.57325	0.57278
1559	2026.01.09 23:00	NZDUSD.i	H1	0.57282	0.57330	0.57277
1560	2026.01.12 00:00	NZDUSD.i	H1	0.57322	0.57328	0.57252
1561	2026.01.12 01:00	NZDUSD.i	H1	0.57289	0.57329	0.57264
1562	2026.01.12 02:00	NZDUSD.i	H1	0.57459	0.57396	0.57267
1563	2026.01.12 03:00	NZDUSD.i	H1	0.57449	0.57455	0.57347
1564	2026.01.12 04:00	NZDUSD.i	H1	0.57432	0.57483	0.57397
1565	2026.01.12 05:00	NZDUSD.i	H1	0.57439	0.57488	0.57428
1566	2026.01.12 06:00	NZDUSD.i	H1	0.57433	0.57480	0.57432
1567	2026.01.12 07:00	NZDUSD.i	H1	0.57491	0.57497	0.57448
1568	2026.01.12 08:00	NZDUSD.i	H1	0.57484	0.57512	0.57471
1569	2026.01.12 09:00	NZDUSD.i	H1	0.57528	0.57542	0.57484
1570	2026.01.12 10:00	NZDUSD.i	H1	0.57543	0.57579	0.57510
1571	2026.01.12 11:00	NZDUSD.i	H1	0.57549	0.57603	0.57526
1572	2026.01.12 12:00	NZDUSD.i	H1	0.57590	0.57611	0.57535
1573	2026.01.12 13:00	NZDUSD.i	H1	0.57574	0.57629	0.57563
1574	2026.01.12 14:00	NZDUSD.i	H1	0.57603	0.57649	0.57573
1575	2026.01.12 15:00	NZDUSD.i	H1	0.57661	0.57681	0.57596
1576	2026.01.12 16:00	NZDUSD.i	H1	0.57604	0.57687	0.57590
1577	2026.01.12 17:00	NZDUSD.i	H1	0.57644	0.57686	0.57592
1578	2026.01.12 18:00	NZDUSD.i	H1	0.57624	0.57692	0.57615
1579	2026.01.12 19:00	NZDUSD.i	H1	0.57673	0.57694	0.57623
1580	2026.01.12 20:00	NZDUSD.i	H1	0.57654	0.57698	0.57640
1581	2026.01.12 21:00	NZDUSD.i	H1	0.57667	0.57697	0.57647
1582	2026.01.12 22:00	NZDUSD.i	H1	0.57662	0.57695	0.57657
1583	2026.01.12 23:00	NZDUSD.i	H1	0.57693	0.57723	0.57664
1584	2026.01.13 00:00	NZDUSD.i	H1	0.57699	0.57728	0.57679
1585	2026.01.13 01:00	NZDUSD.i	H1	0.57727	0.57740	0.57695
1586	2026.01.13 02:00	NZDUSD.i	H1	0.57756	0.57752	0.57709
1587	2026.01.13 03:00	NZDUSD.i	H1	0.57755	0.57777	0.57725
1588	2026.01.13 04:00	NZDUSD.i	H1	0.57755	0.57797	0.57742
1589	2026.01.13 05:00	NZDUSD.i	H1	0.57768	0.57806	0.57751
1590	2026.01.13 06:00	NZDUSD.i	H1	0.57787	0.57806	0.57759
1591	2026.01.13 07:00	NZDUSD.i	H1	0.57769	0.57811	0.57764
1592	2026.01.13 08:00	NZDUSD.i	H1	0.57732	0.57798	0.57742
1593	2026.01.13 09:00	NZDUSD.i	H1	0.57708	0.57772	0.57720
1594	2026.01.13 10:00	NZDUSD.i	H1	0.57692	0.57756	0.57678
1595	2026.01.13 11:00	NZDUSD.i	H1	0.57704	0.57735	0.57670
1596	2026.01.13 12:00	NZDUSD.i	H1	0.57627	0.57718	0.57640
1597	2026.01.13 13:00	NZDUSD.i	H1	0.57647	0.57678	0.57614
1598	2026.01.13 14:00	NZDUSD.i	H1	0.57584	0.57653	0.57584
1599	2026.01.13 15:00	NZDUSD.i	H1	0.57652	0.57724	0.57554
1600	2026.01.13 16:00	NZDUSD.i	H1	0.57602	0.57711	0.57551
1601	2026.01.13 17:00	NZDUSD.i	H1	0.57490	0.57659	0.57474
1602	2026.01.13 18:00	NZDUSD.i	H1	0.57448	0.57569	0.57393
1603	2026.01.13 19:00	NZDUSD.i	H1	0.57404	0.57499	0.57359
1604	2026.01.13 20:00	NZDUSD.i	H1	0.57408	0.57439	0.57338
1605	2026.01.13 21:00	NZDUSD.i	H1	0.57398	0.57399	0.57324
1606	2026.01.13 22:00	NZDUSD.i	H1	0.57396	0.57375	0.57326
1607	2026.01.13 23:00	NZDUSD.i	H1	0.57349	0.57363	0.57319
1608	2026.01.14 00:00	NZDUSD.i	H1	0.57410	0.57364	0.57318
1609	2026.01.14 01:00	NZDUSD.i	H1	0.57380	0.57379	0.57336
1610	2026.01.14 02:00	NZDUSD.i	H1	0.57364	0.57373	0.57337
1611	2026.01.14 03:00	NZDUSD.i	H1	0.57338	0.57364	0.57315
1612	2026.01.14 04:00	NZDUSD.i	H1	0.57437	0.57396	0.57320
1613	2026.01.14 05:00	NZDUSD.i	H1	0.57459	0.57433	0.57370
1614	2026.01.14 06:00	NZDUSD.i	H1	0.57439	0.57459	0.57403
1615	2026.01.14 07:00	NZDUSD.i	H1	0.57425	0.57461	0.57419
1616	2026.01.14 08:00	NZDUSD.i	H1	0.57504	0.57487	0.57423
1617	2026.01.14 09:00	NZDUSD.i	H1	0.57463	0.57506	0.57448
1618	2026.01.14 10:00	NZDUSD.i	H1	0.57467	0.57502	0.57439
1619	2026.01.14 11:00	NZDUSD.i	H1	0.57474	0.57511	0.57444
1620	2026.01.14 12:00	NZDUSD.i	H1	0.57425	0.57505	0.57439
1621	2026.01.14 13:00	NZDUSD.i	H1	0.57411	0.57473	0.57416
1622	2026.01.14 14:00	NZDUSD.i	H1	0.57437	0.57466	0.57396
1623	2026.01.14 15:00	NZDUSD.i	H1	0.57423	0.57454	0.57388
1624	2026.01.14 16:00	NZDUSD.i	H1	0.57494	0.57480	0.57395
1625	2026.01.14 17:00	NZDUSD.i	H1	0.57534	0.57516	0.57422
1626	2026.01.14 18:00	NZDUSD.i	H1	0.57490	0.57544	0.57443
1627	2026.01.14 19:00	NZDUSD.i	H1	0.57415	0.57531	0.57434
1628	2026.01.14 20:00	NZDUSD.i	H1	0.57445	0.57503	0.57425
1629	2026.01.14 21:00	NZDUSD.i	H1	0.57440	0.57482	0.57423
1630	2026.01.14 22:00	NZDUSD.i	H1	0.57466	0.57489	0.57429
1631	2026.01.14 23:00	NZDUSD.i	H1	0.57459	0.57493	0.57436
1632	2026.01.15 00:00	NZDUSD.i	H1	0.57442	0.57496	0.57414
1633	2026.01.15 01:00	NZDUSD.i	H1	0.57429	0.57495	0.57404
1634	2026.01.15 02:00	NZDUSD.i	H1	0.57436	0.57475	0.57398
1635	2026.01.15 03:00	NZDUSD.i	H1	0.57387	0.57458	0.57374
1636	2026.01.15 04:00	NZDUSD.i	H1	0.57359	0.57423	0.57357
1637	2026.01.15 05:00	NZDUSD.i	H1	0.57341	0.57387	0.57329
1638	2026.01.15 06:00	NZDUSD.i	H1	0.57328	0.57360	0.57315
1639	2026.01.15 07:00	NZDUSD.i	H1	0.57339	0.57353	0.57307
1640	2026.01.15 08:00	NZDUSD.i	H1	0.57374	0.57368	0.57314
1641	2026.01.15 09:00	NZDUSD.i	H1	0.57398	0.57380	0.57329
1642	2026.01.15 10:00	NZDUSD.i	H1	0.57437	0.57408	0.57343
1643	2026.01.15 11:00	NZDUSD.i	H1	0.57495	0.57464	0.57388
1644	2026.01.15 12:00	NZDUSD.i	H1	0.57506	0.57500	0.57444
1645	2026.01.15 13:00	NZDUSD.i	H1	0.57450	0.57518	0.57457
1646	2026.01.15 14:00	NZDUSD.i	H1	0.57426	0.57513	0.57445
1647	2026.01.15 15:00	NZDUSD.i	H1	0.57297	0.57481	0.57369
1648	2026.01.15 16:00	NZDUSD.i	H1	0.57347	0.57427	0.57310
1649	2026.01.15 17:00	NZDUSD.i	H1	0.57417	0.57422	0.57302
1650	2026.01.15 18:00	NZDUSD.i	H1	0.57427	0.57443	0.57341
1651	2026.01.15 19:00	NZDUSD.i	H1	0.57436	0.57453	0.57374
1652	2026.01.15 20:00	NZDUSD.i	H1	0.57446	0.57463	0.57405
1653	2026.01.15 21:00	NZDUSD.i	H1	0.57423	0.57469	0.57413
1654	2026.01.15 22:00	NZDUSD.i	H1	0.57368	0.57449	0.57393
1655	2026.01.15 23:00	NZDUSD.i	H1	0.57407	0.57444	0.57383
1656	2026.01.16 00:00	NZDUSD.i	H1	0.57404	0.57434	0.57381
1657	2026.01.16 01:00	NZDUSD.i	H1	0.57432	0.57438	0.57387
1658	2026.01.16 02:00	NZDUSD.i	H1	0.57438	0.57455	0.57407
1659	2026.01.16 03:00	NZDUSD.i	H1	0.57469	0.57480	0.57425
1660	2026.01.16 04:00	NZDUSD.i	H1	0.57495	0.57503	0.57443
1661	2026.01.16 05:00	NZDUSD.i	H1	0.57569	0.57547	0.57471
1662	2026.01.16 06:00	NZDUSD.i	H1	0.57576	0.57574	0.57520
1663	2026.01.16 07:00	NZDUSD.i	H1	0.57545	0.57589	0.57540
1664	2026.01.16 08:00	NZDUSD.i	H1	0.57553	0.57585	0.57541
1665	2026.01.16 09:00	NZDUSD.i	H1	0.57585	0.57619	0.57550
1666	2026.01.16 10:00	NZDUSD.i	H1	0.57592	0.57634	0.57565
1667	2026.01.16 11:00	NZDUSD.i	H1	0.57593	0.57641	0.57586
1668	2026.01.16 12:00	NZDUSD.i	H1	0.57607	0.57652	0.57590
1669	2026.01.16 13:00	NZDUSD.i	H1	0.57620	0.57671	0.57607
1670	2026.01.16 14:00	NZDUSD.i	H1	0.57587	0.57671	0.57598
1671	2026.01.16 15:00	NZDUSD.i	H1	0.57565	0.57645	0.57578
1672	2026.01.16 16:00	NZDUSD.i	H1	0.57538	0.57618	0.57548
1673	2026.01.16 17:00	NZDUSD.i	H1	0.57460	0.57609	0.57483
1674	2026.01.16 18:00	NZDUSD.i	H1	0.57492	0.57567	0.57461
1675	2026.01.16 19:00	NZDUSD.i	H1	0.57497	0.57537	0.57459
1676	2026.01.16 20:00	NZDUSD.i	H1	0.57500	0.57522	0.57459
1677	2026.01.16 21:00	NZDUSD.i	H1	0.57527	0.57524	0.57459
1678	2026.01.16 22:00	NZDUSD.i	H1	0.57534	0.57530	0.57485
1679	2026.01.16 23:00	NZDUSD.i	H1	0.57492	0.57529	0.57483
1680	2026.01.19 00:00	NZDUSD.i	H1	0.57419	0.57495	0.57434
1681	2026.01.19 01:00	NZDUSD.i	H1	0.57636	0.57556	0.57417
1682	2026.01.19 02:00	NZDUSD.i	H1	0.57635	0.57608	0.57464
1683	2026.01.19 03:00	NZDUSD.i	H1	0.57645	0.57673	0.57542
1684	2026.01.19 04:00	NZDUSD.i	H1	0.57661	0.57685	0.57576
1685	2026.01.19 05:00	NZDUSD.i	H1	0.57699	0.57708	0.57622
1686	2026.01.19 06:00	NZDUSD.i	H1	0.57761	0.57748	0.57671
1687	2026.01.19 07:00	NZDUSD.i	H1	0.57740	0.57787	0.57722
1688	2026.01.19 08:00	NZDUSD.i	H1	0.57733	0.57796	0.57743
1689	2026.01.19 09:00	NZDUSD.i	H1	0.57695	0.57811	0.57739
1690	2026.01.19 10:00	NZDUSD.i	H1	0.57748	0.57800	0.57731
1691	2026.01.19 11:00	NZDUSD.i	H1	0.57761	0.57797	0.57731
1692	2026.01.19 12:00	NZDUSD.i	H1	0.57823	0.57834	0.57755
1693	2026.01.19 13:00	NZDUSD.i	H1	0.57831	0.57846	0.57786
1694	2026.01.19 14:00	NZDUSD.i	H1	0.57840	0.57868	0.57814
1695	2026.01.19 15:00	NZDUSD.i	H1	0.57849	0.57891	0.57839
1696	2026.01.19 16:00	NZDUSD.i	H1	0.57883	0.57905	0.57829
1697	2026.01.19 17:00	NZDUSD.i	H1	0.57904	0.57931	0.57858
1698	2026.01.19 18:00	NZDUSD.i	H1	0.57940	0.57953	0.57886
1699	2026.01.19 19:00	NZDUSD.i	H1	0.57953	0.57972	0.57919
1700	2026.01.19 20:00	NZDUSD.i	H1	0.57937	0.57982	0.57936
1701	2026.01.19 21:00	NZDUSD.i	H1	0.57917	0.57979	0.57937
1702	2026.01.19 22:00	NZDUSD.i	H1	0.57948	0.57972	0.57925
1703	2026.01.19 23:00	NZDUSD.i	H1	0.57965	0.58004	0.57932
1704	2026.01.20 00:00	NZDUSD.i	H1	0.57953	0.58007	0.57940
1705	2026.01.20 01:00	NZDUSD.i	H1	0.57923	0.58002	0.57932
1706	2026.01.20 02:00	NZDUSD.i	H1	0.57978	0.57998	0.57912
1707	2026.01.20 03:00	NZDUSD.i	H1	0.58054	0.58030	0.57942
1708	2026.01.20 04:00	NZDUSD.i	H1	0.58139	0.58097	0.57991
1709	2026.01.20 05:00	NZDUSD.i	H1	0.58229	0.58178	0.58071
1710	2026.01.20 06:00	NZDUSD.i	H1	0.58318	0.58267	0.58162
1711	2026.01.20 07:00	NZDUSD.i	H1	0.58319	0.58335	0.58254
1712	2026.01.20 08:00	NZDUSD.i	H1	0.58290	0.58364	0.58282
1713	2026.01.20 09:00	NZDUSD.i	H1	0.58368	0.58408	0.58297
1714	2026.01.20 10:00	NZDUSD.i	H1	0.58379	0.58449	0.58343
1715	2026.01.20 11:00	NZDUSD.i	H1	0.58374	0.58454	0.58355
1716	2026.01.20 12:00	NZDUSD.i	H1	0.58367	0.58442	0.58368
1717	2026.01.20 13:00	NZDUSD.i	H1	0.58409	0.58452	0.58371
1718	2026.01.20 14:00	NZDUSD.i	H1	0.58348	0.58451	0.58364
1719	2026.01.20 15:00	NZDUSD.i	H1	0.58329	0.58450	0.58338
1720	2026.01.20 16:00	NZDUSD.i	H1	0.58361	0.58427	0.58322
1721	2026.01.20 17:00	NZDUSD.i	H1	0.58477	0.58470	0.58329
1722	2026.01.20 18:00	NZDUSD.i	H1	0.58466	0.58497	0.58384
1723	2026.01.20 19:00	NZDUSD.i	H1	0.58413	0.58504	0.58399
1724	2026.01.20 20:00	NZDUSD.i	H1	0.58342	0.58476	0.58374
1725	2026.01.20 21:00	NZDUSD.i	H1	0.58298	0.58417	0.58337
1726	2026.01.20 22:00	NZDUSD.i	H1	0.58322	0.58366	0.58301
1727	2026.01.20 23:00	NZDUSD.i	H1	0.58310	0.58340	0.58293
1728	2026.01.21 00:00	NZDUSD.i	H1	0.58274	0.58319	0.58247
1729	2026.01.21 01:00	NZDUSD.i	H1	0.58266	0.58296	0.58241
1730	2026.01.21 02:00	NZDUSD.i	H1	0.58233	0.58274	0.58217
1731	2026.01.21 03:00	NZDUSD.i	H1	0.58343	0.58299	0.58199
1732	2026.01.21 04:00	NZDUSD.i	H1	0.58319	0.58314	0.58230
1733	2026.01.21 05:00	NZDUSD.i	H1	0.58318	0.58321	0.58247
1734	2026.01.21 06:00	NZDUSD.i	H1	0.58337	0.58324	0.58256
1735	2026.01.21 07:00	NZDUSD.i	H1	0.58372	0.58351	0.58289
1736	2026.01.21 08:00	NZDUSD.i	H1	0.58487	0.58422	0.58323
1737	2026.01.21 09:00	NZDUSD.i	H1	0.58503	0.58484	0.58394
1738	2026.01.21 10:00	NZDUSD.i	H1	0.58455	0.58512	0.58435
1739	2026.01.21 11:00	NZDUSD.i	H1	0.58429	0.58514	0.58443
1740	2026.01.21 12:00	NZDUSD.i	H1	0.58418	0.58488	0.58439
1741	2026.01.21 13:00	NZDUSD.i	H1	0.58489	0.58504	0.58434
1742	2026.01.21 14:00	NZDUSD.i	H1	0.58624	0.58573	0.58467
1743	2026.01.21 15:00	NZDUSD.i	H1	0.58622	0.58624	0.58525
1744	2026.01.21 16:00	NZDUSD.i	H1	0.58577	0.58660	0.58552
1745	2026.01.21 17:00	NZDUSD.i	H1	0.58492	0.58663	0.58533
1746	2026.01.21 18:00	NZDUSD.i	H1	0.58464	0.58617	0.58489
1747	2026.01.21 19:00	NZDUSD.i	H1	0.58442	0.58564	0.58444
1748	2026.01.21 20:00	NZDUSD.i	H1	0.58437	0.58508	0.58423
1749	2026.01.21 21:00	NZDUSD.i	H1	0.58477	0.58486	0.58400
1750	2026.01.21 22:00	NZDUSD.i	H1	0.58441	0.58473	0.58385
1751	2026.01.21 23:00	NZDUSD.i	H1	0.58427	0.58460	0.58390
1752	2026.01.22 00:00	NZDUSD.i	H1	0.58407	0.58431	0.58363
1753	2026.01.22 01:00	NZDUSD.i	H1	0.58372	0.58421	0.58348
1754	2026.01.22 02:00	NZDUSD.i	H1	0.58465	0.58450	0.58345
1755	2026.01.22 03:00	NZDUSD.i	H1	0.58516	0.58481	0.58371
1756	2026.01.22 04:00	NZDUSD.i	H1	0.58538	0.58523	0.58424
1757	2026.01.22 05:00	NZDUSD.i	H1	0.58620	0.58574	0.58482
1758	2026.01.22 06:00	NZDUSD.i	H1	0.58577	0.58611	0.58535
1759	2026.01.22 07:00	NZDUSD.i	H1	0.58582	0.58616	0.58558
1760	2026.01.22 08:00	NZDUSD.i	H1	0.58577	0.58612	0.58563
1761	2026.01.22 09:00	NZDUSD.i	H1	0.58583	0.58628	0.58581
1762	2026.01.22 10:00	NZDUSD.i	H1	0.58618	0.58635	0.58579
1763	2026.01.22 11:00	NZDUSD.i	H1	0.58657	0.58675	0.58608
1764	2026.01.22 12:00	NZDUSD.i	H1	0.58714	0.58724	0.58626
1765	2026.01.22 13:00	NZDUSD.i	H1	0.58744	0.58765	0.58661
1766	2026.01.22 14:00	NZDUSD.i	H1	0.58774	0.58798	0.58715
1767	2026.01.22 15:00	NZDUSD.i	H1	0.58872	0.58858	0.58760
1768	2026.01.22 16:00	NZDUSD.i	H1	0.58864	0.58917	0.58830
1769	2026.01.22 17:00	NZDUSD.i	H1	0.58940	0.58957	0.58857
1770	2026.01.22 18:00	NZDUSD.i	H1	0.59009	0.59022	0.58920
1771	2026.01.22 19:00	NZDUSD.i	H1	0.59066	0.59077	0.58972
1772	2026.01.22 20:00	NZDUSD.i	H1	0.59087	0.59116	0.59034
1773	2026.01.22 21:00	NZDUSD.i	H1	0.59055	0.59134	0.59071
1774	2026.01.22 22:00	NZDUSD.i	H1	0.59084	0.59136	0.59084
1775	2026.01.22 23:00	NZDUSD.i	H1	0.59252	0.59228	0.59108
1776	2026.01.23 00:00	NZDUSD.i	H1	0.59203	0.59263	0.59161
1777	2026.01.23 01:00	NZDUSD.i	H1	0.59158	0.59266	0.59157
1778	2026.01.23 02:00	NZDUSD.i	H1	0.59139	0.59245	0.59157
1779	2026.01.23 03:00	NZDUSD.i	H1	0.59173	0.59238	0.59157
1780	2026.01.23 04:00	NZDUSD.i	H1	0.59092	0.59234	0.59133
1781	2026.01.23 05:00	NZDUSD.i	H1	0.59076	0.59174	0.59103
1782	2026.01.23 06:00	NZDUSD.i	H1	0.59115	0.59146	0.59082
1783	2026.01.23 07:00	NZDUSD.i	H1	0.59105	0.59132	0.59079
1784	2026.01.23 08:00	NZDUSD.i	H1	0.59095	0.59121	0.59072
1785	2026.01.23 09:00	NZDUSD.i	H1	0.59031	0.59107	0.59042
1786	2026.01.23 10:00	NZDUSD.i	H1	0.59069	0.59079	0.58994
1787	2026.01.23 11:00	NZDUSD.i	H1	0.58975	0.59071	0.58969
1788	2026.01.23 12:00	NZDUSD.i	H1	0.58998	0.59025	0.58927
1789	2026.01.23 13:00	NZDUSD.i	H1	0.59056	0.59033	0.58941
1790	2026.01.23 14:00	NZDUSD.i	H1	0.59148	0.59079	0.58980
1791	2026.01.23 15:00	NZDUSD.i	H1	0.59023	0.59112	0.58991
1792	2026.01.23 16:00	NZDUSD.i	H1	0.59117	0.59115	0.58994
1793	2026.01.23 17:00	NZDUSD.i	H1	0.59220	0.59167	0.59050
1794	2026.01.23 18:00	NZDUSD.i	H1	0.59277	0.59246	0.59104
1795	2026.01.23 19:00	NZDUSD.i	H1	0.59342	0.59341	0.59190
1796	2026.01.23 20:00	NZDUSD.i	H1	0.59339	0.59374	0.59240
1797	2026.01.23 21:00	NZDUSD.i	H1	0.59406	0.59421	0.59305
1798	2026.01.23 22:00	NZDUSD.i	H1	0.59466	0.59472	0.59369
1799	2026.01.23 23:00	NZDUSD.i	H1	0.59448	0.59518	0.59434
1800	2026.01.26 00:00	NZDUSD.i	H1	0.59586	0.59620	0.59446
1801	2026.01.26 01:00	NZDUSD.i	H1	0.59613	0.59719	0.59533
1802	2026.01.26 02:00	NZDUSD.i	H1	0.59640	0.59722	0.59565
1803	2026.01.26 03:00	NZDUSD.i	H1	0.59608	0.59730	0.59610
1804	2026.01.26 04:00	NZDUSD.i	H1	0.59638	0.59752	0.59630
1805	2026.01.26 05:00	NZDUSD.i	H1	0.59597	0.59725	0.59634
1806	2026.01.26 06:00	NZDUSD.i	H1	0.59594	0.59697	0.59621
1807	2026.01.26 07:00	NZDUSD.i	H1	0.59605	0.59670	0.59607
1808	2026.01.26 08:00	NZDUSD.i	H1	0.59553	0.59651	0.59586
1809	2026.01.26 09:00	NZDUSD.i	H1	0.59553	0.59635	0.59558
1810	2026.01.26 10:00	NZDUSD.i	H1	0.59692	0.59668	0.59555
1811	2026.01.26 11:00	NZDUSD.i	H1	0.59705	0.59703	0.59609
1812	2026.01.26 12:00	NZDUSD.i	H1	0.59697	0.59729	0.59656
1813	2026.01.26 13:00	NZDUSD.i	H1	0.59693	0.59721	0.59652
1814	2026.01.26 14:00	NZDUSD.i	H1	0.59631	0.59719	0.59645
1815	2026.01.26 15:00	NZDUSD.i	H1	0.59644	0.59687	0.59597
1816	2026.01.26 16:00	NZDUSD.i	H1	0.59863	0.59771	0.59612
1817	2026.01.26 17:00	NZDUSD.i	H1	0.59938	0.59859	0.59713
1818	2026.01.26 18:00	NZDUSD.i	H1	0.59880	0.59926	0.59777
1819	2026.01.26 19:00	NZDUSD.i	H1	0.59906	0.59976	0.59838
1820	2026.01.26 20:00	NZDUSD.i	H1	0.59889	0.59993	0.59880
1821	2026.01.26 21:00	NZDUSD.i	H1	0.59788	0.59962	0.59849
1822	2026.01.26 22:00	NZDUSD.i	H1	0.59755	0.59894	0.59811
1823	2026.01.26 23:00	NZDUSD.i	H1	0.59712	0.59837	0.59766
1824	2026.01.27 00:00	NZDUSD.i	H1	0.59682	0.59767	0.59687
1825	2026.01.27 01:00	NZDUSD.i	H1	0.59698	0.59730	0.59671
1826	2026.01.27 02:00	NZDUSD.i	H1	0.59598	0.59709	0.59622
1827	2026.01.27 03:00	NZDUSD.i	H1	0.59678	0.59687	0.59590
1828	2026.01.27 04:00	NZDUSD.i	H1	0.59718	0.59719	0.59601
1829	2026.01.27 05:00	NZDUSD.i	H1	0.59672	0.59707	0.59603
1830	2026.01.27 06:00	NZDUSD.i	H1	0.59644	0.59689	0.59593
1831	2026.01.27 07:00	NZDUSD.i	H1	0.59669	0.59678	0.59593
1832	2026.01.27 08:00	NZDUSD.i	H1	0.59674	0.59689	0.59619
1833	2026.01.27 09:00	NZDUSD.i	H1	0.59668	0.59695	0.59630
1834	2026.01.27 10:00	NZDUSD.i	H1	0.59597	0.59679	0.59588
1835	2026.01.27 11:00	NZDUSD.i	H1	0.59734	0.59704	0.59579
1836	2026.01.27 12:00	NZDUSD.i	H1	0.59761	0.59731	0.59603
1837	2026.01.27 13:00	NZDUSD.i	H1	0.59813	0.59775	0.59676
1838	2026.01.27 14:00	NZDUSD.i	H1	0.59943	0.59872	0.59748
1839	2026.01.27 15:00	NZDUSD.i	H1	0.59908	0.59934	0.59821
1840	2026.01.27 16:00	NZDUSD.i	H1	0.60003	0.60005	0.59874
1841	2026.01.27 17:00	NZDUSD.i	H1	0.60085	0.60089	0.59962
1842	2026.01.27 18:00	NZDUSD.i	H1	0.60165	0.60186	0.60051
1843	2026.01.27 19:00	NZDUSD.i	H1	0.60163	0.60221	0.60106
1844	2026.01.27 20:00	NZDUSD.i	H1	0.60154	0.60239	0.60150
1845	2026.01.27 21:00	NZDUSD.i	H1	0.60189	0.60247	0.60182
1846	2026.01.27 22:00	NZDUSD.i	H1	0.60421	0.60401	0.60195
1847	2026.01.27 23:00	NZDUSD.i	H1	0.60435	0.60482	0.60313
1848	2026.01.28 00:00	NZDUSD.i	H1	0.60419	0.60498	0.60382
1849	2026.01.28 01:00	NZDUSD.i	H1	0.60288	0.60498	0.60362
1850	2026.01.28 02:00	NZDUSD.i	H1	0.60250	0.60468	0.60320
1851	2026.01.28 03:00	NZDUSD.i	H1	0.60120	0.60385	0.60235
1852	2026.01.28 04:00	NZDUSD.i	H1	0.60139	0.60281	0.60162
1853	2026.01.28 05:00	NZDUSD.i	H1	0.60168	0.60235	0.60141
1854	2026.01.28 06:00	NZDUSD.i	H1	0.60188	0.60202	0.60126
1855	2026.01.28 07:00	NZDUSD.i	H1	0.60263	0.60215	0.60110
1856	2026.01.28 08:00	NZDUSD.i	H1	0.60266	0.60255	0.60166
1857	2026.01.28 09:00	NZDUSD.i	H1	0.60288	0.60340	0.60204
1858	2026.01.28 10:00	NZDUSD.i	H1	0.60250	0.60364	0.60213
1859	2026.01.28 11:00	NZDUSD.i	H1	0.60312	0.60350	0.60214
1860	2026.01.28 12:00	NZDUSD.i	H1	0.60374	0.60384	0.60259
1861	2026.01.28 13:00	NZDUSD.i	H1	0.60314	0.60384	0.60270
1862	2026.01.28 14:00	NZDUSD.i	H1	0.60310	0.60379	0.60283
1863	2026.01.28 15:00	NZDUSD.i	H1	0.60282	0.60354	0.60259
1864	2026.01.28 16:00	NZDUSD.i	H1	0.60344	0.60378	0.60267
1865	2026.01.28 17:00	NZDUSD.i	H1	0.60341	0.60389	0.60214
1866	2026.01.28 18:00	NZDUSD.i	H1	0.60303	0.60380	0.60211
1867	2026.01.28 19:00	NZDUSD.i	H1	0.60337	0.60366	0.60222
1868	2026.01.28 20:00	NZDUSD.i	H1	0.60239	0.60357	0.60223
1869	2026.01.28 21:00	NZDUSD.i	H1	0.60429	0.60396	0.60182
1870	2026.01.28 22:00	NZDUSD.i	H1	0.60504	0.60465	0.60270
1871	2026.01.28 23:00	NZDUSD.i	H1	0.60586	0.60546	0.60381
1872	2026.01.29 00:00	NZDUSD.i	H1	0.60578	0.60584	0.60454
1873	2026.01.29 01:00	NZDUSD.i	H1	0.60645	0.60661	0.60516
1874	2026.01.29 02:00	NZDUSD.i	H1	0.60578	0.60695	0.60543
1875	2026.01.29 03:00	NZDUSD.i	H1	0.60496	0.60661	0.60517
1876	2026.01.29 04:00	NZDUSD.i	H1	0.60639	0.60671	0.60498
1877	2026.01.29 05:00	NZDUSD.i	H1	0.60820	0.60759	0.60575
1878	2026.01.29 06:00	NZDUSD.i	H1	0.60916	0.60861	0.60702
1879	2026.01.29 07:00	NZDUSD.i	H1	0.60875	0.60922	0.60802
1880	2026.01.29 08:00	NZDUSD.i	H1	0.60840	0.60936	0.60836
1881	2026.01.29 09:00	NZDUSD.i	H1	0.60755	0.60933	0.60800
1882	2026.01.29 10:00	NZDUSD.i	H1	0.60661	0.60906	0.60734
1883	2026.01.29 11:00	NZDUSD.i	H1	0.60664	0.60840	0.60695
1884	2026.01.29 12:00	NZDUSD.i	H1	0.60535	0.60764	0.60614
1885	2026.01.29 13:00	NZDUSD.i	H1	0.60596	0.60684	0.60545
1886	2026.01.29 14:00	NZDUSD.i	H1	0.60768	0.60709	0.60548
1887	2026.01.29 15:00	NZDUSD.i	H1	0.60764	0.60754	0.60598
1888	2026.01.29 16:00	NZDUSD.i	H1	0.60745	0.60816	0.60658
1889	2026.01.29 17:00	NZDUSD.i	H1	0.60324	0.60785	0.60448
1890	2026.01.29 18:00	NZDUSD.i	H1	0.60514	0.60670	0.60351
1891	2026.01.29 19:00	NZDUSD.i	H1	0.60599	0.60680	0.60399
1892	2026.01.29 20:00	NZDUSD.i	H1	0.60679	0.60687	0.60461
1893	2026.01.29 21:00	NZDUSD.i	H1	0.60642	0.60686	0.60536
1894	2026.01.29 22:00	NZDUSD.i	H1	0.60765	0.60723	0.60575
1895	2026.01.29 23:00	NZDUSD.i	H1	0.60769	0.60769	0.60660
1896	2026.01.30 00:00	NZDUSD.i	H1	0.60753	0.60786	0.60668
1897	2026.01.30 01:00	NZDUSD.i	H1	0.60753	0.60799	0.60708
1898	2026.01.30 02:00	NZDUSD.i	H1	0.60574	0.60803	0.60644
1899	2026.01.30 03:00	NZDUSD.i	H1	0.60492	0.60713	0.60571
1900	2026.01.30 04:00	NZDUSD.i	H1	0.60498	0.60604	0.60441
1901	2026.01.30 05:00	NZDUSD.i	H1	0.60453	0.60561	0.60407
1902	2026.01.30 06:00	NZDUSD.i	H1	0.60488	0.60529	0.60404
1903	2026.01.30 07:00	NZDUSD.i	H1	0.60478	0.60512	0.60393
1904	2026.01.30 08:00	NZDUSD.i	H1	0.60399	0.60507	0.60373
1905	2026.01.30 09:00	NZDUSD.i	H1	0.60503	0.60505	0.60370
1906	2026.01.30 10:00	NZDUSD.i	H1	0.60558	0.60541	0.60393
1907	2026.01.30 11:00	NZDUSD.i	H1	0.60362	0.60567	0.60345
1908	2026.01.30 12:00	NZDUSD.i	H1	0.60494	0.60543	0.60338
1909	2026.01.30 13:00	NZDUSD.i	H1	0.60728	0.60630	0.60403
1910	2026.01.30 14:00	NZDUSD.i	H1	0.60570	0.60714	0.60468
1911	2026.01.30 15:00	NZDUSD.i	H1	0.60537	0.60714	0.60485
1912	2026.01.30 16:00	NZDUSD.i	H1	0.60672	0.60760	0.60519
1913	2026.01.30 17:00	NZDUSD.i	H1	0.60479	0.60750	0.60498
1914	2026.01.30 18:00	NZDUSD.i	H1	0.60465	0.60641	0.60460
1915	2026.01.30 19:00	NZDUSD.i	H1	0.60328	0.60554	0.60379
1916	2026.01.30 20:00	NZDUSD.i	H1	0.60352	0.60454	0.60235
1917	2026.01.30 21:00	NZDUSD.i	H1	0.60334	0.60415	0.60235
1918	2026.01.30 22:00	NZDUSD.i	H1	0.60206	0.60355	0.60199
1919	2026.01.30 23:00	NZDUSD.i	H1	0.60167	0.60270	0.60158
1920	2026.02.02 00:00	NZDUSD.i	H1	0.60011	0.60166	0.60062
1921	2026.02.02 01:00	NZDUSD.i	H1	0.60083	0.60165	0.59968
1922	2026.02.02 02:00	NZDUSD.i	H1	0.60293	0.60217	0.59989
1923	2026.02.02 03:00	NZDUSD.i	H1	0.60277	0.60236	0.60029
1924	2026.02.02 04:00	NZDUSD.i	H1	0.60159	0.60260	0.60072
1925	2026.02.02 05:00	NZDUSD.i	H1	0.60162	0.60254	0.60094
1926	2026.02.02 06:00	NZDUSD.i	H1	0.60182	0.60231	0.60096
1927	2026.02.02 07:00	NZDUSD.i	H1	0.60037	0.60202	0.60030
1928	2026.02.02 08:00	NZDUSD.i	H1	0.59970	0.60129	0.59960
1929	2026.02.02 09:00	NZDUSD.i	H1	0.60065	0.60112	0.59948
1930	2026.02.02 10:00	NZDUSD.i	H1	0.60101	0.60138	0.59979
1931	2026.02.02 11:00	NZDUSD.i	H1	0.60232	0.60180	0.60009
1932	2026.02.02 12:00	NZDUSD.i	H1	0.60171	0.60219	0.60065
1933	2026.02.02 13:00	NZDUSD.i	H1	0.60170	0.60241	0.60116
1934	2026.02.02 14:00	NZDUSD.i	H1	0.60162	0.60247	0.60132
1935	2026.02.02 15:00	NZDUSD.i	H1	0.60039	0.60214	0.60076
1936	2026.02.02 16:00	NZDUSD.i	H1	0.60097	0.60188	0.60015
1937	2026.02.02 17:00	NZDUSD.i	H1	0.59925	0.60155	0.59961
1938	2026.02.02 18:00	NZDUSD.i	H1	0.60081	0.60122	0.59926
1939	2026.02.02 19:00	NZDUSD.i	H1	0.60042	0.60120	0.59963
1940	2026.02.02 20:00	NZDUSD.i	H1	0.59944	0.60077	0.59940
1941	2026.02.02 21:00	NZDUSD.i	H1	0.60004	0.60042	0.59928
1942	2026.02.02 22:00	NZDUSD.i	H1	0.60038	0.60032	0.59943
1943	2026.02.02 23:00	NZDUSD.i	H1	0.59972	0.60038	0.59951
1944	2026.02.03 00:00	NZDUSD.i	H1	0.59946	0.60020	0.59925
1945	2026.02.03 01:00	NZDUSD.i	H1	0.60119	0.60060	0.59929
1946	2026.02.03 02:00	NZDUSD.i	H1	0.60206	0.60133	0.60017
1947	2026.02.03 03:00	NZDUSD.i	H1	0.60204	0.60188	0.60092
1948	2026.02.03 04:00	NZDUSD.i	H1	0.60101	0.60218	0.60094
1949	2026.02.03 05:00	NZDUSD.i	H1	0.60336	0.60303	0.60103
1950	2026.02.03 06:00	NZDUSD.i	H1	0.60342	0.60385	0.60219
1951	2026.02.03 07:00	NZDUSD.i	H1	0.60335	0.60416	0.60290
1952	2026.02.03 08:00	NZDUSD.i	H1	0.60414	0.60456	0.60333
1953	2026.02.03 09:00	NZDUSD.i	H1	0.60524	0.60544	0.60393
1954	2026.02.03 10:00	NZDUSD.i	H1	0.60494	0.60590	0.60453
1955	2026.02.03 11:00	NZDUSD.i	H1	0.60338	0.60585	0.60430
1956	2026.02.03 12:00	NZDUSD.i	H1	0.60288	0.60518	0.60386
1957	2026.02.03 13:00	NZDUSD.i	H1	0.60280	0.60458	0.60344
1958	2026.02.03 14:00	NZDUSD.i	H1	0.60389	0.60433	0.60318
1959	2026.02.03 15:00	NZDUSD.i	H1	0.60409	0.60436	0.60335
1960	2026.02.03 16:00	NZDUSD.i	H1	0.60279	0.60423	0.60310
1961	2026.02.03 17:00	NZDUSD.i	H1	0.60445	0.60451	0.60252
1962	2026.02.03 18:00	NZDUSD.i	H1	0.60487	0.60497	0.60334
1963	2026.02.03 19:00	NZDUSD.i	H1	0.60434	0.60508	0.60370
1964	2026.02.03 20:00	NZDUSD.i	H1	0.60387	0.60509	0.60384
1965	2026.02.03 21:00	NZDUSD.i	H1	0.60443	0.60494	0.60368
1966	2026.02.03 22:00	NZDUSD.i	H1	0.60544	0.60531	0.60396
1967	2026.02.03 23:00	NZDUSD.i	H1	0.60441	0.60585	0.60409
1968	2026.02.04 00:00	NZDUSD.i	H1	0.60434	0.60555	0.60402
1969	2026.02.04 01:00	NZDUSD.i	H1	0.60410	0.60532	0.60388
1970	2026.02.04 02:00	NZDUSD.i	H1	0.60378	0.60489	0.60371
1971	2026.02.04 03:00	NZDUSD.i	H1	0.60415	0.60484	0.60348
1972	2026.02.04 04:00	NZDUSD.i	H1	0.60331	0.60468	0.60323
1973	2026.02.04 05:00	NZDUSD.i	H1	0.60317	0.60398	0.60290
1974	2026.02.04 06:00	NZDUSD.i	H1	0.60348	0.60373	0.60287
1975	2026.02.04 07:00	NZDUSD.i	H1	0.60392	0.60388	0.60300
1976	2026.02.04 08:00	NZDUSD.i	H1	0.60441	0.60404	0.60336
1977	2026.02.04 09:00	NZDUSD.i	H1	0.60406	0.60428	0.60334
1978	2026.02.04 10:00	NZDUSD.i	H1	0.60455	0.60446	0.60357
1979	2026.02.04 11:00	NZDUSD.i	H1	0.60238	0.60455	0.60281
1980	2026.02.04 12:00	NZDUSD.i	H1	0.60184	0.60360	0.60217
1981	2026.02.04 13:00	NZDUSD.i	H1	0.60203	0.60279	0.60155
1982	2026.02.04 14:00	NZDUSD.i	H1	0.60290	0.60284	0.60156
1983	2026.02.04 15:00	NZDUSD.i	H1	0.60295	0.60298	0.60183
1984	2026.02.04 16:00	NZDUSD.i	H1	0.60130	0.60288	0.60141
1985	2026.02.04 17:00	NZDUSD.i	H1	0.60038	0.60249	0.60071
1986	2026.02.04 18:00	NZDUSD.i	H1	0.60033	0.60137	0.59976
1987	2026.02.04 19:00	NZDUSD.i	H1	0.59913	0.60095	0.59900
1988	2026.02.04 20:00	NZDUSD.i	H1	0.59945	0.60012	0.59858
1989	2026.02.04 21:00	NZDUSD.i	H1	0.60064	0.60012	0.59843
1990	2026.02.04 22:00	NZDUSD.i	H1	0.60027	0.60016	0.59891
1991	2026.02.04 23:00	NZDUSD.i	H1	0.60022	0.60009	0.59932
1992	2026.02.05 00:00	NZDUSD.i	H1	0.59990	0.60027	0.59944
1993	2026.02.05 01:00	NZDUSD.i	H1	0.59971	0.60012	0.59949
1994	2026.02.05 02:00	NZDUSD.i	H1	0.60052	0.60032	0.59955
1995	2026.02.05 03:00	NZDUSD.i	H1	0.59992	0.60053	0.59972
1996	2026.02.05 04:00	NZDUSD.i	H1	0.59778	0.60025	0.59878
1997	2026.02.05 05:00	NZDUSD.i	H1	0.59833	0.59952	0.59815
1998	2026.02.05 06:00	NZDUSD.i	H1	0.59858	0.59913	0.59806
1999	2026.02.05 07:00	NZDUSD.i	H1	0.59867	0.59888	0.59796
2000	2026.02.05 08:00	NZDUSD.i	H1	0.59875	0.59876	0.59804
2001	2026.02.05 09:00	NZDUSD.i	H1	0.59876	0.59896	0.59816
2002	2026.02.05 10:00	NZDUSD.i	H1	0.59904	0.59928	0.59831
2003	2026.02.05 11:00	NZDUSD.i	H1	0.59808	0.59917	0.59818
2004	2026.02.05 12:00	NZDUSD.i	H1	0.59898	0.59913	0.59808
2005	2026.02.05 13:00	NZDUSD.i	H1	0.59940	0.59934	0.59845
2006	2026.02.05 14:00	NZDUSD.i	H1	0.59942	0.59951	0.59845
2007	2026.02.05 15:00	NZDUSD.i	H1	0.59978	0.59992	0.59884
2008	2026.02.05 16:00	NZDUSD.i	H1	0.59861	0.60010	0.59875
2009	2026.02.05 17:00	NZDUSD.i	H1	0.59769	0.59983	0.59790
2010	2026.02.05 18:00	NZDUSD.i	H1	0.59898	0.59959	0.59757
2011	2026.02.05 19:00	NZDUSD.i	H1	0.59850	0.59942	0.59786
2012	2026.02.05 20:00	NZDUSD.i	H1	0.59766	0.59909	0.59763
2013	2026.02.05 21:00	NZDUSD.i	H1	0.59734	0.59866	0.59744
2014	2026.02.05 22:00	NZDUSD.i	H1	0.59622	0.59817	0.59677
2015	2026.02.05 23:00	NZDUSD.i	H1	0.59500	0.59714	0.59568
2016	2026.02.06 00:00	NZDUSD.i	H1	0.59499	0.59601	0.59500
2017	2026.02.06 01:00	NZDUSD.i	H1	0.59379	0.59525	0.59411
2018	2026.02.06 02:00	NZDUSD.i	H1	0.59458	0.59458	0.59315
2019	2026.02.06 03:00	NZDUSD.i	H1	0.59549	0.59482	0.59320
2020	2026.02.06 04:00	NZDUSD.i	H1	0.59589	0.59534	0.59401
2021	2026.02.06 05:00	NZDUSD.i	H1	0.59633	0.59569	0.59468
2022	2026.02.06 06:00	NZDUSD.i	H1	0.59689	0.59624	0.59543
2023	2026.02.06 07:00	NZDUSD.i	H1	0.59773	0.59697	0.59616
2024	2026.02.06 08:00	NZDUSD.i	H1	0.59777	0.59770	0.59692
2025	2026.02.06 09:00	NZDUSD.i	H1	0.59773	0.59797	0.59726
2026	2026.02.06 10:00	NZDUSD.i	H1	0.59796	0.59826	0.59757
2027	2026.02.06 11:00	NZDUSD.i	H1	0.59867	0.59879	0.59791
2028	2026.02.06 12:00	NZDUSD.i	H1	0.59852	0.59912	0.59830
2029	2026.02.06 13:00	NZDUSD.i	H1	0.59933	0.59953	0.59862
2030	2026.02.06 14:00	NZDUSD.i	H1	0.59925	0.59976	0.59900
2031	2026.02.06 15:00	NZDUSD.i	H1	0.60024	0.60023	0.59933
2032	2026.02.06 16:00	NZDUSD.i	H1	0.60150	0.60123	0.59995
2033	2026.02.06 17:00	NZDUSD.i	H1	0.60152	0.60179	0.60059
2034	2026.02.06 18:00	NZDUSD.i	H1	0.60185	0.60239	0.60127
2035	2026.02.06 19:00	NZDUSD.i	H1	0.60234	0.60287	0.60180
2036	2026.02.06 20:00	NZDUSD.i	H1	0.60196	0.60313	0.60220
2037	2026.02.06 21:00	NZDUSD.i	H1	0.60177	0.60294	0.60223
2038	2026.02.06 22:00	NZDUSD.i	H1	0.60183	0.60271	0.60223
2039	2026.02.06 23:00	NZDUSD.i	H1	0.60139	0.60260	0.60204
2040	2026.02.09 00:00	NZDUSD.i	H1	0.60129	0.60238	0.60160
2041	2026.02.09 01:00	NZDUSD.i	H1	0.60320	0.60293	0.60145
2042	2026.02.09 02:00	NZDUSD.i	H1	0.60199	0.60318	0.60168
2043	2026.02.09 03:00	NZDUSD.i	H1	0.60150	0.60282	0.60153
2044	2026.02.09 04:00	NZDUSD.i	H1	0.60167	0.60255	0.60134
2045	2026.02.09 05:00	NZDUSD.i	H1	0.60130	0.60234	0.60129
2046	2026.02.09 06:00	NZDUSD.i	H1	0.60143	0.60196	0.60123
2047	2026.02.09 07:00	NZDUSD.i	H1	0.60191	0.60190	0.60121
2048	2026.02.09 08:00	NZDUSD.i	H1	0.60253	0.60219	0.60127
2049	2026.02.09 09:00	NZDUSD.i	H1	0.60197	0.60238	0.60139
2050	2026.02.09 10:00	NZDUSD.i	H1	0.60113	0.60229	0.60109
2051	2026.02.09 11:00	NZDUSD.i	H1	0.60110	0.60208	0.60095
2052	2026.02.09 12:00	NZDUSD.i	H1	0.60058	0.60166	0.60027
2053	2026.02.09 13:00	NZDUSD.i	H1	0.60212	0.60187	0.60010
2054	2026.02.09 14:00	NZDUSD.i	H1	0.60303	0.60240	0.60094
2055	2026.02.09 15:00	NZDUSD.i	H1	0.60371	0.60330	0.60193
2056	2026.02.09 16:00	NZDUSD.i	H1	0.60503	0.60430	0.60284
2057	2026.02.09 17:00	NZDUSD.i	H1	0.60491	0.60518	0.60390
2058	2026.02.09 18:00	NZDUSD.i	H1	0.60469	0.60546	0.60442
2059	2026.02.09 19:00	NZDUSD.i	H1	0.60500	0.60555	0.60467
2060	2026.02.09 20:00	NZDUSD.i	H1	0.60548	0.60579	0.60486
2061	2026.02.09 21:00	NZDUSD.i	H1	0.60580	0.60610	0.60532
2062	2026.02.09 22:00	NZDUSD.i	H1	0.60554	0.60622	0.60565
2063	2026.02.09 23:00	NZDUSD.i	H1	0.60563	0.60614	0.60575
2064	2026.02.10 00:00	NZDUSD.i	H1	0.60513	0.60599	0.60503
2065	2026.02.10 01:00	NZDUSD.i	H1	0.60518	0.60589	0.60514
2066	2026.02.10 02:00	NZDUSD.i	H1	0.60463	0.60570	0.60480
2067	2026.02.10 03:00	NZDUSD.i	H1	0.60492	0.60549	0.60453
2068	2026.02.10 04:00	NZDUSD.i	H1	0.60485	0.60533	0.60446
2069	2026.02.10 05:00	NZDUSD.i	H1	0.60397	0.60510	0.60412
2070	2026.02.10 06:00	NZDUSD.i	H1	0.60373	0.60453	0.60378
2071	2026.02.10 07:00	NZDUSD.i	H1	0.60388	0.60419	0.60358
2072	2026.02.10 08:00	NZDUSD.i	H1	0.60351	0.60394	0.60333
2073	2026.02.10 09:00	NZDUSD.i	H1	0.60405	0.60390	0.60326
2074	2026.02.10 10:00	NZDUSD.i	H1	0.60432	0.60408	0.60339
2075	2026.02.10 11:00	NZDUSD.i	H1	0.60452	0.60442	0.60373
2076	2026.02.10 12:00	NZDUSD.i	H1	0.60435	0.60446	0.60378
2077	2026.02.10 13:00	NZDUSD.i	H1	0.60441	0.60449	0.60395
2078	2026.02.10 14:00	NZDUSD.i	H1	0.60421	0.60459	0.60385
2079	2026.02.10 15:00	NZDUSD.i	H1	0.60487	0.60497	0.60390
2080	2026.02.10 16:00	NZDUSD.i	H1	0.60555	0.60557	0.60420
2081	2026.02.10 17:00	NZDUSD.i	H1	0.60565	0.60575	0.60426
2082	2026.02.10 18:00	NZDUSD.i	H1	0.60442	0.60584	0.60428
2083	2026.02.10 19:00	NZDUSD.i	H1	0.60439	0.60543	0.60426
2084	2026.02.10 20:00	NZDUSD.i	H1	0.60432	0.60500	0.60410
2085	2026.02.10 21:00	NZDUSD.i	H1	0.60506	0.60502	0.60411
2086	2026.02.10 22:00	NZDUSD.i	H1	0.60447	0.60505	0.60427
2087	2026.02.10 23:00	NZDUSD.i	H1	0.60435	0.60475	0.60423
2088	2026.02.11 00:00	NZDUSD.i	H1	0.60386	0.60458	0.60366
2089	2026.02.11 01:00	NZDUSD.i	H1	0.60402	0.60433	0.60373
2090	2026.02.11 02:00	NZDUSD.i	H1	0.60451	0.60450	0.60381
2091	2026.02.11 03:00	NZDUSD.i	H1	0.60488	0.60476	0.60410
2092	2026.02.11 04:00	NZDUSD.i	H1	0.60590	0.60563	0.60447
2093	2026.02.11 05:00	NZDUSD.i	H1	0.60631	0.60613	0.60509
2094	2026.02.11 06:00	NZDUSD.i	H1	0.60582	0.60648	0.60553
2095	2026.02.11 07:00	NZDUSD.i	H1	0.60614	0.60656	0.60575
2096	2026.02.11 08:00	NZDUSD.i	H1	0.60561	0.60676	0.60575
2097	2026.02.11 09:00	NZDUSD.i	H1	0.60587	0.60652	0.60573
2098	2026.02.11 10:00	NZDUSD.i	H1	0.60629	0.60650	0.60561
2099	2026.02.11 11:00	NZDUSD.i	H1	0.60643	0.60661	0.60582
2100	2026.02.11 12:00	NZDUSD.i	H1	0.60705	0.60703	0.60602
2101	2026.02.11 13:00	NZDUSD.i	H1	0.60623	0.60715	0.60616
2102	2026.02.11 14:00	NZDUSD.i	H1	0.60598	0.60685	0.60602
2103	2026.02.11 15:00	NZDUSD.i	H1	0.60521	0.60657	0.60430
2104	2026.02.11 16:00	NZDUSD.i	H1	0.60579	0.60654	0.60446
2105	2026.02.11 17:00	NZDUSD.i	H1	0.60388	0.60635	0.60372
2106	2026.02.11 18:00	NZDUSD.i	H1	0.60559	0.60597	0.60339
2107	2026.02.11 19:00	NZDUSD.i	H1	0.60588	0.60615	0.60405
2108	2026.02.11 20:00	NZDUSD.i	H1	0.60594	0.60624	0.60453
2109	2026.02.11 21:00	NZDUSD.i	H1	0.60562	0.60618	0.60500
2110	2026.02.11 22:00	NZDUSD.i	H1	0.60478	0.60590	0.60493
2111	2026.02.11 23:00	NZDUSD.i	H1	0.60482	0.60538	0.60483
2112	2026.02.12 00:00	NZDUSD.i	H1	0.60458	0.60515	0.60441
2113	2026.02.12 01:00	NZDUSD.i	H1	0.60478	0.60505	0.60442
2114	2026.02.12 02:00	NZDUSD.i	H1	0.60525	0.60507	0.60440
2115	2026.02.12 03:00	NZDUSD.i	H1	0.60589	0.60538	0.60468
2116	2026.02.12 04:00	NZDUSD.i	H1	0.60571	0.60571	0.60504
2117	2026.02.12 05:00	NZDUSD.i	H1	0.60550	0.60583	0.60513
2118	2026.02.12 06:00	NZDUSD.i	H1	0.60458	0.60588	0.60481
2119	2026.02.12 07:00	NZDUSD.i	H1	0.60484	0.60544	0.60458
2120	2026.02.12 08:00	NZDUSD.i	H1	0.60460	0.60518	0.60423
2121	2026.02.12 09:00	NZDUSD.i	H1	0.60575	0.60546	0.60430
2122	2026.02.12 10:00	NZDUSD.i	H1	0.60627	0.60591	0.60486
2123	2026.02.12 11:00	NZDUSD.i	H1	0.60713	0.60656	0.60548
2124	2026.02.12 12:00	NZDUSD.i	H1	0.60700	0.60715	0.60623
2125	2026.02.12 13:00	NZDUSD.i	H1	0.60729	0.60753	0.60668
2126	2026.02.12 14:00	NZDUSD.i	H1	0.60638	0.60766	0.60652
2127	2026.02.12 15:00	NZDUSD.i	H1	0.60738	0.60770	0.60646
2128	2026.02.12 16:00	NZDUSD.i	H1	0.60612	0.60777	0.60629
2129	2026.02.12 17:00	NZDUSD.i	H1	0.60671	0.60745	0.60613
2130	2026.02.12 18:00	NZDUSD.i	H1	0.60460	0.60718	0.60492
2131	2026.02.12 19:00	NZDUSD.i	H1	0.60336	0.60595	0.60403
2132	2026.02.12 20:00	NZDUSD.i	H1	0.60334	0.60478	0.60311
2133	2026.02.12 21:00	NZDUSD.i	H1	0.60370	0.60406	0.60287
2134	2026.02.12 22:00	NZDUSD.i	H1	0.60303	0.60363	0.60260
2135	2026.02.12 23:00	NZDUSD.i	H1	0.60354	0.60329	0.60252
2136	2026.02.13 00:00	NZDUSD.i	H1	0.60274	0.60347	0.60241
2137	2026.02.13 01:00	NZDUSD.i	H1	0.60315	0.60323	0.60237
2138	2026.02.13 02:00	NZDUSD.i	H1	0.60314	0.60317	0.60242
2139	2026.02.13 03:00	NZDUSD.i	H1	0.60334	0.60335	0.60261
2140	2026.02.13 04:00	NZDUSD.i	H1	0.60363	0.60352	0.60288
2141	2026.02.13 05:00	NZDUSD.i	H1	0.60319	0.60356	0.60297
2142	2026.02.13 06:00	NZDUSD.i	H1	0.60336	0.60360	0.60301
2143	2026.02.13 07:00	NZDUSD.i	H1	0.60258	0.60354	0.60270
2144	2026.02.13 08:00	NZDUSD.i	H1	0.60233	0.60312	0.60224
2145	2026.02.13 09:00	NZDUSD.i	H1	0.60243	0.60276	0.60178
2146	2026.02.13 10:00	NZDUSD.i	H1	0.60377	0.60318	0.60198
2147	2026.02.13 11:00	NZDUSD.i	H1	0.60379	0.60368	0.60264
2148	2026.02.13 12:00	NZDUSD.i	H1	0.60337	0.60379	0.60296
