timestamp|open|high|low|close|volume|timeframe|tema|hrma|smma|Z-Score of body size|Candle classification|diag_asc_line_1|diag_asc_line_2|diag_asc_line_3|diag_desc_line_1|diag_desc_line_2|diag_desc_line_3|diag_high_map|diag_low_map|horiz_peak_line_1|horiz_peak_line_2|horiz_peak_line_3|horiz_bottom_line_1|horiz_bottom_line_2|horiz_bottom_line_3|horiz_high_map|horiz_low_map|ha_open|ha_high|ha_low|ha_close|ha_classification|ha_body_size|ha_body_zscore|kc_ultra_extreme_upper|kc_extreme_upper|kc_uppermost|kc_upper|kc_upper_middle|kc_lower_middle|kc_lower|kc_lowermost|kc_extreme_lower|kc_ultra_extreme_lower|sr_support_4|sr_support_3|sr_support_2|sr_support_1|sr_resistance_1|sr_resistance_2|sr_resistance_3|sr_resistance_4|zigzag_peak|zigzag_bottom|ema_26|dual_tema_high|dual_tema_low|pinbar|collected_at
1770595200|2652.3|2657.2|2643.6|2644.87|2648|M15|2638.79472|2650.96728|2650.06578|-2.75842|1|2641.11385|2641.65169|2635.92402|2662.48791|2665.63837|2666.18705|2658.44287|2643.35477|2658.6031|2656.80809|2650.83433|2646.18768|2645.39838|2649.87533|2658.05297|2643.31125|2648.585|2657.2|2643.6|2649.4925|1|0.9075|1.54966|2699.27|2685.67|2672.07|2658.47|2651.67|2638.07|2631.27|2617.67|2604.07|2590.47|2616.4|2623.2|2630.0|2636.8|2664.0|2670.8|2677.6|2684.4|0.0|2639.52235|2633.66735|2656.71623|2644.39351|0|1770789219
1770596100|2640.88|2649.15|2639.15|2647.64|5863|M15|2653.0464|2637.23364|2645.12312|1.74552|1|2637.08026|2641.70677|2647.91267|2645.72905|2642.73158|2646.60123|2651.03974|2637.3468|2649.6262|2646.80255|2654.16659|2639.32907|2635.24353|2633.81892|2649.73983|2638.92088|2644.26|2649.15|2639.15|2644.205|-1|0.055|-1.67622|2687.64|2677.64|2667.64|2657.64|2652.64|2642.64|2637.64|2627.64|2617.64|2607.64|2619.15|2624.15|2629.15|2634.15|2654.15|2659.15|2664.15|2669.15|2650.14624|2636.93204|2651.74126|2650.02736|2638.9967|0|1770789219
1770597000|2646.68|2652.41|2641.85|2648.31|9074|M15|2646.40141|2652.83892|2660.31887|1.58611|2|2644.96662|2636.93092|2637.98099|2649.29277|2654.05417|2666.92462|2653.14104|2639.88924|2652.62755|2654.39669|2648.64119|2643.66792|2640.13763|2643.61445|2653.03266|2641.47925|2647.495|2652.41|2641.85|2647.3125|-1|0.1825|-1.02858|2690.55|2679.99|2669.43|2658.87|2653.59|2643.03|2637.75|2627.19|2616.63|2606.07|2620.73|2626.01|2631.29|2636.57|2657.69|2662.97|2668.25|2673.53|2654.01414|0.0|2646.14675|2652.33102|2642.33836|0|1770789219
1770597900|2648.73|2653.47|2646.55|2648.89|4377|M15|2646.32145|2649.85428|2653.86951|1.61087|2|2647.05585|2636.30874|2644.38938|2653.83237|2652.99506|2644.76745|2653.60116|2645.02003|2656.04746|2658.08758|2653.20743|2646.03871|2648.01489|2642.37721|2654.26345|2645.86891|2648.81|2653.47|2646.55|2649.41|1|0.6|-1.72242|2676.57|2669.65|2662.73|2655.81|2652.35|2645.43|2641.97|2635.05|2628.13|2621.21|2632.71|2636.17|2639.63|2643.09|2656.93|2660.39|2663.85|2667.31|0.0|0.0|2641.8603|2653.77434|2645.98498|0|1770789219
1770598800|2643.64|2654.03|2642.01|2649.93|5618|M15|2651.51914|2652.30263|2656.38956|-1.44433|-2|2638.42977|2632.15973|2644.43146|2654.1021|2662.93446|2650.69527|2654.71387|2641.93243|2654.62775|2656.61539|2654.80771|2641.64372|2642.63334|2643.51453|2654.6252|2641.81417|2646.785|2654.03|2642.01|2647.4025|1|0.6175|-0.02602|2698.01|2685.99|2673.97|2661.95|2655.94|2643.92|2637.91|2625.89|2613.87|2601.85|2617.97|2623.98|2629.99|2636.0|2660.04|2666.05|2672.06|2678.07|0.0|2637.10883|2643.86032|2653.45123|2641.65016|0|1770789219
1770599700|2647.63|2652.51|2644.2|2644.94|2262|M15|2641.36076|2648.39863|2632.44931|0.7673|1|2645.57581|2648.11379|2647.00069|2657.53675|2656.58314|2666.03748|2652.96181|2642.74839|2650.89421|2656.20192|2654.7591|2641.98937|2639.79263|2643.07311|2653.17828|2644.0025|2646.285|2652.51|2644.2|2647.32|1|1.035|0.98926|2678.18|2669.87|2661.56|2653.25|2649.095|2640.785|2636.63|2628.32|2620.01|2611.7|2627.58|2631.735|2635.89|2640.045|2656.665|2660.82|2664.975|2669.13|0.0|0.0|2635.56933|2652.34984|2644.17549|0|1770789219
1770600600|2643.82|2657.14|2642.36|2652.78|6736|M15|2650.75849|2659.85556|2651.06531|2.19285|-1|2642.24957|2639.55696|2643.56066|2653.92932|2657.20259|2659.26598|2658.44351|2641.18767|2655.79243|2662.25211|2662.20961|2644.77371|2644.99753|2635.48226|2658.13969|2641.93648|2648.3|2657.14|2642.36|2649.025|1|0.725|1.09976|2711.9|2697.12|2682.34|2667.56|2660.17|2645.39|2638.0|2623.22|2608.44|2593.66|2612.8|2620.19|2627.58|2634.97|2664.53|2671.92|2679.31|2686.7|2659.50918|0.0|2651.79965|2657.81314|2642.30199|0|1770789219
1770601500|2654.21|2654.66|2645.11|2646.71|8992|M15|2653.63193|2643.1741|2656.99583|2.89128|-2|2648.70774|2637.48247|2651.58268|2650.79385|2652.25541|2645.0468|2655.2414|2643.32503|2652.28403|2657.76949|2650.72954|2643.72159|2645.60689|2640.55498|2655.01836|2644.37211|2650.46|2654.66|2645.11|2650.1725|-1|0.2875|-0.91752|2684.91|2675.36|2665.81|2656.26|2651.485|2641.935|2637.16|2627.61|2618.06|2608.51|2626.01|2630.785|2635.56|2640.335|2659.435|2664.21|2668.985|2673.76|2656.58475|0.0|2633.51102|2654.90736|2646.06007|0|1770789219
1770602400|2651.06|2656.53|2646.72|2653.12|3174|M15|2653.38264|2648.43843|2646.7094|-2.00246|2|2645.98152|2654.3974|2647.88913|2660.33199|2661.62829|2653.07697|2658.4003|2645.71533|2656.23904|2653.35459|2655.02316|2648.64914|2644.17332|2650.2093|2656.76044|2646.47558|2652.09|2656.53|2646.72|2651.8575|-1|0.2325|-1.17986|2692.36|2682.55|2672.74|2662.93|2658.025|2648.215|2643.31|2633.5|2623.69|2613.88|2627.1|2632.005|2636.91|2641.815|2661.435|2666.34|2671.245|2676.15|0.0|2646.10681|2653.57653|2657.23959|2647.6464|0|1770789219
1770603300|2651.73|2652.82|2649.71|2651.94|9024|M15|2649.90739|2655.56302|2649.32862|0.56889|0|2651.94875|2657.08173|2648.23446|2655.65778|2646.1726|2666.35075|2654.01477|2649.41423|2653.96457|2653.79907|2658.14431|2650.78728|2646.06392|2653.61442|2653.16613|2648.77628|2651.835|2652.82|2649.71|2651.55|-1|0.285|-0.70925|2664.38|2661.27|2658.16|2655.05|2653.495|2650.385|2648.83|2645.72|2642.61|2639.5|2643.49|2645.045|2646.6|2648.155|2654.375|2655.93|2657.485|2659.04|0.0|2645.41907|2661.29309|2653.7404|2650.66118|0|1770789219
1770604200|2646.61|2650.34|2641.7|2649.43|1368|M15|2647.18023|2644.09494|2640.28936|0.87728|0|2638.93671|2647.47569|2650.37146|2648.94626|2651.94591|2659.65346|2651.59668|2641.16035|2649.34328|2653.64561|2646.08503|2642.74702|2637.26421|2641.1684|2650.77255|2640.72855|2648.02|2650.34|2641.7|2647.02|-1|1.0|-0.46313|2683.99|2675.35|2666.71|2658.07|2653.75|2645.11|2640.79|2632.15|2623.51|2614.87|2624.42|2628.74|2633.06|2637.38|2654.66|2658.98|2663.3|2667.62|0.0|2639.51814|2661.70366|2649.97241|2641.87587|1|1770789219
1770605100|2644.99|2652.46|2640.8|2648.25|2125|M15|2646.41006|2649.46807|2638.29048|-1.79657|2|2639.03951|2648.39787|2644.65774|2654.76256|2661.31663|2645.70116|2654.30276|2639.00504|2654.74339|2657.68245|2650.805|2641.17318|2639.68079|2641.60478|2652.56423|2640.14837|2646.62|2652.46|2640.8|2646.625|1|0.005|1.23925|2694.89|2683.23|2671.57|2659.91|2654.08|2642.42|2636.59|2624.93|2613.27|2601.61|2617.48|2623.31|2629.14|2634.97|2658.29|2664.12|2669.95|2675.78|2654.53139|0.0|2655.19609|2653.21436|2640.11255|0|1770789219
1770606000|2651.26|2652.97|2645.82|2647.91|7277|M15|2643.44401|2654.57882|2653.08806|-1.1552|2|2643.82442|2652.49302|2641.81371|2652.58988|2645.92896|2637.90728|2653.21386|2644.29568|2655.57957|2653.37671|2652.74533|2647.35486|2649.1573|2643.913|2653.96085|2645.69461|2649.585|2652.97|2645.82|2649.49|-1|0.095|1.98786|2676.51|2669.36|2662.21|2655.06|2651.485|2644.335|2640.76|2633.61|2626.46|2619.31|2631.52|2635.095|2638.67|2642.245|2656.545|2660.12|2663.695|2667.27|2657.13286|2643.26098|2651.80967|2653.57169|2645.4908|0|1770789219
1770606900|2652.05|2654.65|2644.03|2645.89|5387|M15|2644.89013|2656.21587|2652.87191|2.68124|1|2639.47716|2643.9312|2659.20539|2655.05875|2644.09428|2647.1546|2655.99187|2642.07266|2652.31732|2653.6185|2661.87984|2643.74897|2645.45349|2640.01072|2654.80778|2643.33428|2648.97|2654.65|2644.03|2649.155|1|0.185|-1.9271|2688.37|2677.75|2667.13|2656.51|2651.2|2640.58|2635.27|2624.65|2614.03|2603.41|2622.79|2628.1|2633.41|2638.72|2659.96|2665.27|2670.58|2675.89|0.0|0.0|2643.88099|2655.47649|2643.76105|0|1770789219
1770607800|2647.48|2655.84|2646.97|2651.92|5869|M15|2648.98895|2642.89524|2660.09577|-2.95331|-2|2652.03991|2654.4619|2657.70151|2652.25166|2645.96121|2645.21342|2656.85554|2646.06343|2657.08632|2659.88837|2659.41287|2645.70292|2644.022|2651.84503|2656.13562|2646.89331|2649.7|2655.84|2646.97|2650.5525|1|0.8525|-0.5184|2687.4|2678.53|2669.66|2660.79|2656.355|2647.485|2643.05|2634.18|2625.31|2616.44|2629.23|2633.665|2638.1|2642.535|2660.275|2664.71|2669.145|2673.58|2659.54434|0.0|2653.97629|2655.09814|2647.28443|0|1770789219
1770608700|2653.76|2661.14|2652.18|2658.81|9278|M15|2652.56093|2654.92726|2665.0048|1.18497|-1|2648.18121|2650.49729|2640.10338|2662.46089|2661.76711|2652.50813|2661.56983|2651.9757|2660.79572|2657.78465|2669.11894|2653.51455|2648.41406|2655.46594|2661.33435|2651.70794|2656.285|2661.14|2652.18|2656.4725|1|0.1875|1.79634|2694.65|2685.69|2676.73|2667.77|2663.29|2654.33|2649.85|2640.89|2631.93|2622.97|2634.26|2638.74|2643.22|2647.7|2665.62|2670.1|2674.58|2679.06|0.0|0.0|2673.89709|2661.80477|2652.0808|0|1770789219
1770609600|2659.04|2659.64|2651.93|2652.07|8809|M15|2655.69841|2660.46143|2647.05886|-1.95103|-1|2654.82713|2643.91689|2646.88555|2656.42694|2661.69918|2658.97037|2661.17722|2651.72127|2657.85635|2656.00511|2663.66468|2653.01702|2655.56373|2659.45086|2660.50173|2651.09282|2655.555|2659.64|2651.93|2655.67|1|0.115|1.82313|2682.91|2675.2|2667.49|2659.78|2655.925|2648.215|2644.36|2636.65|2628.94|2621.23|2636.51|2640.365|2644.22|2648.075|2663.495|2667.35|2671.205|2675.06|2662.25076|0.0|2666.14735|2659.85711|2651.29975|0|1770789219
1770610500|2655.5|2655.62|2641.89|2646.08|5970|M15|2645.43536|2636.50034|2643.767|0.94049|-2|2636.6651|2633.23181|2640.33942|2654.98752|2666.16246|2657.12233|2657.0177|2640.54343|2653.6281|2655.457|2649.08506|2643.83835|2639.43471|2646.46478|2656.25435|2641.71097|2650.79|2655.62|2641.89|2649.7725|-1|1.0175|-0.00145|2701.0|2687.27|2673.54|2659.81|2652.945|2639.215|2632.35|2618.62|2604.89|2591.16|2614.43|2621.295|2628.16|2635.025|2662.485|2669.35|2676.215|2683.08|0.0|2639.12314|2634.83601|2655.7297|2641.92821|0|1770789219
1770611400|2642.99|2652.58|2642.63|2648.36|6273|M15|2653.55173|2655.63566|2640.36811|-0.06742|0|2639.32036|2651.94214|2656.83153|2656.1847|2660.05946|2663.77823|2653.9391|2642.60389|2653.32507|2648.71848|2652.99501|2641.47482|2645.37223|2638.51906|2653.11278|2641.73631|2645.675|2652.58|2642.63|2646.64|1|0.965|0.46672|2688.16|2678.21|2668.26|2658.31|2653.335|2643.385|2638.41|2628.46|2618.51|2608.56|2622.73|2627.705|2632.68|2637.655|2657.555|2662.53|2667.505|2672.48|0.0|2640.43589|2649.24032|2651.75979|2641.81414|1|1770789219
1770612300|2645.33|2651.72|2640.85|2651.29|8691|M15|2656.82842|2645.99231|2650.22447|-1.67561|-2|2640.21241|2632.95908|2649.07219|2656.80612|2643.53267|2642.27505|2653.63928|2639.1174|2654.3208|2656.94478|2648.90054|2643.10442|2645.50624|2640.48635|2651.82573|2640.19726|2648.31|2651.72|2640.85|2647.2975|-1|1.0125|1.25763|2694.77|2683.9|2673.03|2662.16|2656.725|2645.855|2640.42|2629.55|2618.68|2607.81|2619.11|2624.545|2629.98|2635.415|2657.155|2662.59|2668.025|2673.46|0.0|0.0|2664.17204|2651.15153|2640.21513|0|1770789219
1770613200|2653.05|2657.55|2650.78|2655.14|5319|M15|2651.52331|2658.26499|2650.18794|-1.04347|-2|2655.07434|2647.8971|2650.84354|2654.74707|2653.61863|2669.22322|2659.05508|2650.2444|2655.30449|2659.94167|2650.94588|2650.84908|2648.90897|2645.05305|2658.51791|2650.22018|2654.095|2657.55|2650.78|2654.13|1|0.035|0.98034|2682.22|2675.45|2668.68|2661.91|2658.525|2651.755|2648.37|2641.6|2634.83|2628.06|2637.24|2640.625|2644.01|2647.395|2660.935|2664.32|2667.705|2671.09|0.0|0.0|2663.03281|2657.0166|2650.37407|0|1770789219
1770614100|2657.26|2660.55|2648.23|2651.28|8130|M15|2655.74902|2652.90997|2647.21845|-0.17111|0|2643.34702|2646.21534|2651.03086|2664.46178|2655.42197|2663.07054|2661.27563|2647.38024|2659.76571|2664.22481|2667.89912|2647.7019|2644.45988|2647.77923|2660.64273|2647.45175|2654.27|2660.55|2648.23|2654.33|1|0.06|-1.08758|2700.56|2688.24|2675.92|2663.6|2657.44|2645.12|2638.96|2626.64|2614.32|2602.0|2623.59|2629.75|2635.91|2642.07|2666.71|2672.87|2679.03|2685.19|0.0|0.0|2652.77396|2659.65943|2648.73574|0|1770789219
1770615000|2652.16|2658.31|2647.23|2656.5|2366|M15|2658.82969|2657.15422|2658.73212|0.90377|-1|2649.45574|2642.80638|2649.91913|2656.5504|2667.63346|2643.95207|2659.0389|2646.94509|2660.11883|2663.30781|2654.49703|2645.79042|2642.61276|2646.14115|2658.64102|2646.85527|2654.33|2658.31|2647.23|2653.55|-1|0.78|-0.80032|2700.82|2689.74|2678.66|2667.58|2662.04|2650.96|2645.42|2634.34|2623.26|2612.18|2625.07|2630.61|2636.15|2641.69|2663.85|2669.39|2674.93|2680.47|0.0|0.0|2664.99019|2657.64027|2647.36092|0|1770789219
1770615900|2654.67|2660.5|2653.32|2660.36|1022|M15|2664.24197|2651.3032|2658.74642|2.65747|-1|2648.4744|2643.85028|2646.69534|2657.24412|2653.57631|2644.65163|2661.51854|2651.84992|2662.41409|2662.97908|2658.00489|2653.96735|2649.73357|2655.5741|2660.69628|2652.65636|2657.515|2660.5|2653.32|2657.2125|-1|0.3025|1.96631|2689.08|2681.9|2674.72|2667.54|2663.95|2656.77|2653.18|2646.0|2638.82|2631.64|2638.96|2642.55|2646.14|2649.73|2664.09|2667.68|2671.27|2674.86|2662.057|0.0|2645.0706|2660.01341|2652.49397|0|1770789219
1770616800|2663.62|2665.58|2653.83|2654.57|3995|M15|2649.73916|2656.33176|2659.61131|-1.54041|-2|2650.26878|2660.93409|2658.36411|2669.98282|2657.8568|2656.22574|2665.94859|2652.52102|2667.2087|2668.09941|2659.456|2654.35497|2651.55137|2646.10559|2665.66087|2653.33504|2659.095|2665.58|2653.83|2659.4|1|0.305|-1.77999|2701.57|2689.82|2678.07|2666.32|2660.445|2648.695|2642.82|2631.07|2619.32|2607.57|2630.33|2636.205|2642.08|2647.955|2671.455|2677.33|2683.205|2689.08|0.0|0.0|2665.85039|2665.7503|2653.49839|0|1770789219
1770617700|2657.57|2661.46|2646.8|2648.59|9845|M15|2653.71237|2652.76168|2642.89815|-0.17523|-1|2644.88442|2650.44241|2658.84493|2659.15657|2662.77522|2668.11636|2662.96225|2646.55818|2663.30877|2663.64064|2658.86341|2647.71989|2642.56707|2650.26717|2661.85634|2646.13476|2653.08|2661.46|2646.8|2653.605|1|0.525|1.20251|2707.23|2692.57|2677.91|2663.25|2655.92|2641.26|2633.93|2619.27|2604.61|2589.95|2617.48|2624.81|2632.14|2639.47|2668.79|2676.12|2683.45|2690.78|0.0|0.0|2654.36067|2660.85416|2647.331|0|1770789219
1770618600|2648.72|2652.96|2644.11|2650.63|1591|M15|2642.97417|2651.66882|2650.75192|0.80181|1|2645.63398|2634.75143|2653.02945|2654.23946|2662.23341|2641.54911|2653.02311|2642.76882|2651.11546|2657.34973|2647.2581|2642.72166|2644.01179|2647.3318|2653.4294|2643.49669|2649.675|2652.96|2644.11|2649.105|-1|0.57|0.07711|2686.03|2677.18|2668.33|2659.48|2655.055|2646.205|2641.78|2632.93|2624.08|2615.23|2626.41|2630.835|2635.26|2639.685|2657.385|2661.81|2666.235|2670.66|0.0|0.0|2641.62995|2653.58367|2643.9737|0|1770789219
1770619500|2654.65|2662.31|2652.16|2658.23|5029|M15|2653.0261|2667.48357|2646.46324|-1.35839|2|2653.02394|2655.04875|2654.4269|2659.17344|2659.21691|2646.737|2662.47056|2651.46854|2661.96449|2659.6218|2668.93269|2651.08505|2655.87726|2655.71867|2662.55649|2651.42393|2656.44|2662.31|2652.16|2656.8375|1|0.3975|1.8419|2698.83|2688.68|2678.53|2668.38|2663.305|2653.155|2648.08|2637.93|2627.78|2617.63|2631.86|2636.935|2642.01|2647.085|2667.385|2672.46|2677.535|2682.61|0.0|0.0|2657.13454|2662.1316|2651.4287|0|1770789219
1770620400|2657.3|2663.01|2654.91|2660.36|8754|M15|2657.31002|2660.74149|2651.99376|2.83954|-2|2650.98442|2665.51282|2640.67694|2665.86737|2656.56631|2666.27172|2664.1526|2654.51273|2664.69938|2662.53421|2666.74175|2653.05622|2653.69659|2656.42746|2663.14812|2654.50381|2658.83|2663.01|2654.91|2658.895|1|0.065|-1.95621|2692.76|2684.66|2676.56|2668.46|2664.41|2656.31|2652.26|2644.16|2636.06|2627.96|2638.71|2642.76|2646.81|2650.86|2667.06|2671.11|2675.16|2679.21|0.0|0.0|2652.08485|2662.73908|2654.46242|0|1770789219
1770621300|2665.06|2665.45|2656.77|2658.75|5455|M15|2661.2114|2660.21282|2664.12223|-2.97191|2|2661.21836|2647.1548|2651.47009|2667.94516|2656.57698|2667.96537|2666.45075|2654.8272|2667.79958|2662.26068|2669.05584|2657.84546|2658.29997|2654.86351|2666.24821|2656.5139|2661.905|2665.45|2656.77|2661.5075|-1|0.3975|-1.1281|2693.47|2684.79|2676.11|2667.43|2663.09|2654.41|2650.07|2641.39|2632.71|2624.03|2639.41|2643.75|2648.09|2652.43|2669.79|2674.13|2678.47|2682.81|2670.40472|0.0|2667.2846|2664.52053|2657.75236|0|1770789219
1770622200|2660.39|2660.81|2651.13|2654.95|9440|M15|2647.4551|2662.16419|2647.45076|0.61439|2|2647.01126|2658.18165|2650.55055|2660.36944|2665.09458|2673.33526|2661.29134|2649.32758|2662.03054|2659.75243|2663.43525|2649.57688|2654.71424|2645.81626|2660.9398|2650.82263|2657.67|2660.81|2651.13|2656.82|-1|0.85|1.19938|2693.67|2683.99|2674.31|2664.63|2659.79|2650.11|2645.27|2635.59|2625.91|2616.23|2631.77|2636.61|2641.45|2646.29|2665.65|2670.49|2675.33|2680.17|0.0|0.0|2640.30036|2661.39775|2652.08487|0|1770789219
1770623100|2656.75|2668.69|2654.46|2665.47|5459|M15|2668.66984|2668.91208|2676.67651|2.06036|2|2658.41457|2649.80499|2660.13328|2672.56073|2664.15031|2667.3681|2669.12295|2653.26103|2668.37145|2666.2786|2674.70165|2652.19404|2650.65786|2655.02679|2669.22561|2654.13007|2661.11|2668.69|2654.46|2661.3425|1|0.2325|-1.73814|2722.39|2708.16|2693.93|2679.7|2672.585|2658.355|2651.24|2637.01|2622.78|2608.55|2626.0|2633.115|2640.23|2647.345|2675.805|2682.92|2690.035|2697.15|2672.3704|0.0|2674.60272|2668.11551|2654.62893|1|1770789219
1770624000|2664.58|2678.01|2663.12|2674.56|6683|M15|2667.2499|2673.74845|2665.99295|0.34058|0|2660.17416|2663.23488|2660.08734|2679.14033|2680.69856|2672.65563|2678.8456|2662.78723|2680.07266|2680.19698|2685.3045|2663.86439|2663.95049|2667.27121|2678.3|2662.73046|2669.57|2678.01|2663.12|2670.0675|1|0.4975|1.70319|2734.12|2719.23|2704.34|2689.45|2682.005|2667.115|2659.67|2644.78|2629.89|2615.0|2633.34|2640.785|2648.23|2655.675|2685.455|2692.9|2700.345|2707.79|2678.2186|0.0|2659.6682|2677.39043|2662.45074|0|1770789219
1770624900|2675.93|2687.72|2675.14|2683.41|9429|M15|2691.43199|2674.04587|2696.6273|1.62929|0|2674.11968|2665.26435|2670.71242|2684.46286|2679.34792|2673.59479|2687.74909|2674.07823|2689.82971|2689.2363|2692.90726|2677.27327|2671.43237|2670.08973|2688.45746|2674.60406|2679.67|2687.72|2675.14|2680.55|1|0.88|0.95583|2733.73|2721.15|2708.57|2695.99|2689.7|2677.12|2670.83|2658.25|2645.67|2633.09|2649.98|2656.27|2662.56|2668.85|2694.01|2700.3|2706.59|2712.88|0.0|0.0|2684.33956|2688.08492|2675.22942|0|1770789219
1770625800|2681.5|2686.4|2669.57|2672.12|3090|M15|2674.20843|2669.49361|2683.03218|1.66996|-2|2665.72522|2679.4321|2670.46934|2683.23732|2697.11629|2687.68531|2687.5385|2669.52617|2687.71935|2687.09761|2681.79471|2669.57132|2674.31562|2671.89233|2686.77741|2669.2792|2676.81|2686.4|2669.57|2677.3975|1|0.5875|0.56912|2739.44|2722.61|2705.78|2688.95|2680.535|2663.705|2655.29|2638.46|2621.63|2604.8|2635.91|2644.325|2652.74|2661.155|2694.815|2703.23|2711.645|2720.06|0.0|0.0|2667.62994|2685.76127|2668.79336|0|1770789219
1770626700|2676.98|2688.55|2675.29|2685.47|5759|M15|2683.27417|2679.89318|2682.5904|2.62693|2|2670.75833|2681.79463|2672.12059|2690.63497|2684.94854|2678.64644|2690.20974|2674.51422|2689.73814|2690.49494|2682.19857|2677.43335|2672.00781|2682.73684|2689.34722|2674.59576|2681.225|2688.55|2675.29|2681.5725|1|0.3475|1.49747|2738.51|2725.25|2711.99|2698.73|2692.1|2678.84|2672.21|2658.95|2645.69|2632.43|2648.77|2655.4|2662.03|2668.66|2695.18|2701.81|2708.44|2715.07|0.0|0.0|2698.51225|2688.69192|2674.67761|0|1770789219
1770627600|2690.19|2701.87|2689.46|2699.63|7423|M15|2707.69734|2691.90003|2693.08934|2.4548|0|2686.14816|2700.17255|2681.64788|2700.6197|2699.78498|2701.09458|2703.24307|2687.48976|2703.65072|2697.11878|2706.72295|2686.93819|2693.48095|2681.72825|2702.35336|2688.84907|2694.91|2701.87|2689.46|2695.2875|1|0.3775|0.91436|2749.27|2736.86|2724.45|2712.04|2705.835|2693.425|2687.22|2674.81|2662.4|2649.99|2664.64|2670.845|2677.05|2683.255|2708.075|2714.28|2720.485|2726.69|0.0|0.0|2701.82365|2701.42074|2688.67297|0|1770789219
1770628500|2702.99|2706.46|2690.84|2694.7|6819|M15|2693.64304|2698.68153|2700.32002|0.05528|2|2692.48913|2701.53938|2690.42591|2702.76159|2715.68683|2699.95739|2708.39607|2689.47298|2705.83116|2710.81236|2698.81187|2693.49105|2689.87522|2687.25467|2706.7602|2690.00794|2698.845|2706.46|2690.84|2698.7475|-1|0.0975|-1.04386|2757.18|2741.56|2725.94|2710.32|2702.51|2686.89|2679.08|2663.46|2647.84|2632.22|2659.6|2667.41|2675.22|2683.03|2714.27|2722.08|2729.89|2737.7|2710.16989|0.0|2689.83728|2707.27834|2690.70855|1|1770789219
1770629400|2698.76|2699.82|2688.15|2689.24|7036|M15|2682.93249|2692.80288|2698.57429|-1.66129|0|2684.97894|2678.27248|2673.32884|2702.39657|2692.30858|2695.581|2701.81851|2687.44146|2701.8027|2699.87585|2700.9506|2686.74196|2693.30266|2683.39586|2699.8622|2687.80582|2694.0|2699.82|2688.15|2693.9925|-1|0.0075|-0.24319|2735.92|2724.25|2712.58|2700.91|2695.075|2683.405|2677.57|2665.9|2654.23|2642.56|2664.81|2670.645|2676.48|2682.315|2705.655|2711.49|2717.325|2723.16|0.0|2687.07899|2690.07436|2699.16226|2688.13204|0|1770789219
1770630300|2691.3|2700.35|2690.38|2700.28|9874|M15|2696.91935|2707.63487|2712.07266|2.57108|-1|2689.31824|2700.89482|2674.46181|2695.54067|2696.06982|2686.89452|2701.54264|2688.85928|2699.92114|2699.86106|2705.53556|2691.49221|2692.66093|2683.37699|2700.3527|2690.31237|2695.79|2700.35|2690.38|2695.5775|-1|0.2125|0.99978|2740.16|2730.19|2720.22|2710.25|2705.265|2695.295|2690.31|2680.34|2670.37|2660.4|2670.44|2675.425|2680.41|2685.395|2705.335|2710.32|2715.305|2720.29|2701.73442|0.0|2689.40499|2700.94177|2690.49039|0|1770789219
1770631200|2700.65|2702.52|2698.65|2701.39|5597|M15|2701.92725|2708.97577|2698.51621|-0.99261|1|2698.91507|2690.40146|2685.54642|2701.23131|2698.95577|2718.41437|2703.26105|2696.72567|2703.06147|2702.60947|2696.77367|2700.43823|2698.20984|2705.01029|2702.89255|2698.38325|2701.02|2702.52|2698.65|2700.8025|-1|0.2175|0.56409|2716.87|2713.0|2709.13|2705.26|2703.325|2699.455|2697.52|2693.65|2689.78|2685.91|2690.91|2692.845|2694.78|2696.715|2704.455|2706.39|2708.325|2710.26|0.0|0.0|2693.9687|2703.45832|2699.31317|0|1770789219
1770632100|2705.64|2715.02|2701.75|2711.53|5386|M15|2710.0379|2721.02456|2701.66174|0.40872|0|2704.56222|2692.43899|2699.7077|2717.63698|2722.51741|2719.65561|2716.97051|2699.787|2716.15976|2717.24608|2718.97165|2699.72067|2699.69563|2705.88941|2715.32507|2701.2914|2708.585|2715.02|2701.75|2708.485|-1|0.1|1.03739|2764.61|2751.34|2738.07|2724.8|2718.165|2704.895|2698.26|2684.99|2671.72|2658.45|2675.21|2681.845|2688.48|2695.115|2721.655|2728.29|2734.925|2741.56|0.0|0.0|2701.55297|2714.13268|2701.88394|0|1770789219
1770633000|2712.46|2716.37|2710.43|2716.28|2625|M15|2722.22009|2718.76816|2703.53612|1.73868|2|2705.48782|2715.32328|2705.7487|2713.60062|2717.69638|2714.13351|2717.13714|2709.81725|2717.67848|2711.05477|2711.74796|2709.49609|2708.03459|2713.72862|2717.19737|2709.92329|2714.37|2716.37|2710.43|2713.885|-1|0.485|-1.66329|2740.04|2734.1|2728.16|2722.22|2719.25|2713.31|2710.34|2704.4|2698.46|2692.52|2698.55|2701.52|2704.49|2707.46|2719.34|2722.31|2725.28|2728.25|2720.45591|0.0|2728.3942|2716.30589|2711.40778|0|1770789219
1770633900|2720.16|2721.55|2711.4|2712.54|6633|M15|2710.1567|2710.87536|2712.19703|-2.92829|-1|2713.09544|2711.2854|2708.83056|2722.87527|2727.25948|2721.9865|2722.06931|2710.44599|2722.30797|2724.91338|2720.60068|2711.56755|2707.36246|2710.87536|2722.31326|2710.64273|2716.35|2721.55|2711.4|2716.4125|1|0.0625|-1.94062|2753.14|2742.99|2732.84|2722.69|2717.615|2707.465|2702.39|2692.24|2682.09|2671.94|2691.1|2696.175|2701.25|2706.325|2726.625|2731.7|2736.775|2741.85|2726.24369|0.0|2709.05356|2721.13302|2711.90515|0|1770789219
1770634800|2717.67|2729.2|2716.46|2725.87|9927|M15|2721.57041|2720.28068|2722.64251|-0.52729|1|2716.27612|2706.49553|2712.82459|2731.67096|2731.61991|2727.81271|2729.966|2714.96197|2731.84166|2725.18509|2734.59437|2716.09401|2719.35842|2715.93739|2730.08119|2716.05203|2721.77|2729.2|2716.46|2722.3|1|0.53|-1.47195|2776.83|2764.09|2751.35|2738.61|2732.24|2719.5|2713.13|2700.39|2687.65|2674.91|2690.98|2697.35|2703.72|2710.09|2735.57|2741.94|2748.31|2754.68|0.0|2711.8355|2713.22963|2729.74822|2716.83008|0|1770789219
1770635700|2726.59|2727.68|2720.61|2721.13|8792|M15|2721.9275|2728.74479|2734.37362|2.24402|0|2718.7933|2712.63785|2719.01028|2727.64249|2737.34892|2737.4389|2728.95406|2720.00515|2729.59137|2730.13957|2725.60243|2718.73423|2721.1344|2728.53702|2728.02391|2719.80676|2723.86|2727.68|2720.61|2724.0025|1|0.1425|1.72173|2749.41|2742.34|2735.27|2728.2|2724.665|2717.595|2714.06|2706.99|2699.92|2692.85|2706.47|2710.005|2713.54|2717.075|2731.215|2734.75|2738.285|2741.82|0.0|0.0|2709.0834|2727.74238|2720.20001|0|1770789219
1770636600|2723.6|2728.29|2715.69|2720.39|8730|M15|2712.72365|2717.4674|2708.59175|0.88885|-1|2711.65236|2720.13021|2703.46537|2732.51837|2732.71339|2729.5878|2729.79644|2715.43049|2725.73804|2730.66087|2728.66162|2713.5782|2713.06033|2717.50559|2729.20538|2715.62259|2721.995|2728.29|2715.69|2721.9925|-1|0.0025|1.53476|2770.79|2758.19|2745.59|2732.99|2726.69|2714.09|2707.79|2695.19|2682.59|2669.99|2690.49|2696.79|2703.09|2709.39|2734.59|2740.89|2747.19|2753.49|0.0|0.0|2725.98776|2728.67111|2715.43348|0|1770789219
1770637500|2722.08|2732.07|2717.24|2727.66|1015|M15|2727.10013|2734.55104|2736.89997|-1.76253|2|2716.25969|2709.69026|2706.1428|2731.25588|2735.08847|2726.56798|2732.9073|2716.26449|2732.25945|2728.53502|2739.09445|2715.80784|2713.43337|2709.17497|2732.30126|2716.32479|2724.87|2732.07|2717.24|2724.7625|-1|0.1075|1.9471|2786.98|2772.15|2757.32|2742.49|2735.075|2720.245|2712.83|2698.0|2683.17|2668.34|2687.58|2694.995|2702.41|2709.825|2739.485|2746.9|2754.315|2761.73|0.0|0.0|2727.90051|2731.74239|2717.82756|0|1770789219
1770638400|2728.56|2737.16|2727.13|2733.63|1993|M15|2729.6208|2730.2411|2731.58076|1.06187|2|2729.51294|2736.28879|2722.60659|2737.53561|2738.00925|2742.28027|2737.57164|2726.68743|2735.11156|2736.89121|2737.05557|2728.97232|2731.65582|2729.63893|2737.89691|2726.18523|2731.095|2737.16|2727.13|2731.62|1|0.525|0.73147|2773.75|2763.72|2753.69|2743.66|2738.645|2728.615|2723.6|2713.57|2703.54|2693.51|2707.07|2712.085|2717.1|2722.115|2742.175|2747.19|2752.205|2757.22|0.0|0.0|2732.62477|2737.15478|2727.96079|0|1770789219
1770639300|2736.87|2748.99|2734.41|2746.19|1274|M15|2739.66574|2754.7085|2742.14037|0.4456|-1|2736.2237|2734.82776|2744.36034|2743.9622|2741.78339|2765.11562|2750.55193|2734.03678|2748.01794|2747.58621|2749.09667|2732.32973|2739.36334|2729.01714|2749.93849|2734.32452|2741.53|2748.99|2734.41|2741.615|1|0.085|-0.53643|2804.51|2789.93|2775.35|2760.77|2753.48|2738.9|2731.61|2717.03|2702.45|2687.87|2705.25|2712.54|2719.83|2727.12|2756.28|2763.57|2770.86|2778.15|0.0|0.0|2739.82333|2748.68566|2735.17123|0|1770789219
1770640200|2743.03|2744.31|2733.68|2737.86|5125|M15|2743.12314|2728.80625|2727.09985|2.24804|-1|2733.45317|2736.86731|2738.01747|2740.42998|2755.2036|2734.85734|2745.03609|2732.83774|2746.15175|2740.56096|2740.72843|2732.45137|2733.98848|2741.6235|2744.41159|2733.37911|2740.445|2744.31|2733.68|2739.72|-1|0.725|0.17611|2780.38|2769.75|2759.12|2748.49|2743.175|2732.545|2727.23|2716.6|2705.97|2695.34|2712.42|2717.735|2723.05|2728.365|2749.625|2754.94|2760.255|2765.57|2747.7731|2729.89283|2742.92334|2744.65849|2733.44873|0|1770789219
1770641100|2737.6|2744.25|2734.48|2743.94|3392|M15|2751.06717|2753.81228|2746.0237|-1.14651|1|2732.09788|2723.64853|2725.29972|2742.92939|2742.48849|2749.0556|2744.37403|2733.66298|2746.36085|2743.12738|2743.22145|2732.56776|2730.94605|2733.7784|2744.87148|2734.04817|2740.77|2744.25|2734.48|2740.0675|-1|0.7025|-0.54207|2783.02|2773.25|2763.48|2753.71|2748.825|2739.055|2734.17|2724.4|2714.63|2704.86|2714.94|2719.825|2724.71|2729.595|2749.135|2754.02|2758.905|2763.79|0.0|2731.11909|2751.75113|2743.55619|2734.2138|0|1770789219
1770642000|2745.37|2747.36|2742.46|2746.49|9535|M15|2753.03782|2737.69385|2754.44935|2.04105|-2|2741.47831|2736.76184|2736.06728|2744.71776|2753.94214|2736.67211|2748.82537|2740.77517|2748.18821|2742.5563|2749.98833|2740.30343|2739.90604|2735.5113|2747.89794|2742.36785|2745.93|2747.36|2742.46|2745.42|-1|0.51|-1.78038|2766.09|2761.19|2756.29|2751.39|2748.94|2744.04|2741.59|2736.69|2731.79|2726.89|2732.66|2735.11|2737.56|2740.01|2749.81|2752.26|2754.71|2757.16|2748.91476|0.0|2760.29555|2747.79885|2742.25162|0|1770789219
1770642900|2741.04|2754.58|2740.77|2750.26|9163|M15|2749.02237|2746.02578|2747.8705|2.90109|-1|2738.1115|2750.80409|2745.60308|2750.2214|2757.44572|2757.71238|2755.15192|2740.21824|2752.64016|2752.95937|2762.0172|2742.435|2740.0486|2748.73652|2754.66399|2740.69744|2745.65|2754.58|2740.77|2746.6625|1|1.0125|-1.35548|2805.5|2791.69|2777.88|2764.07|2757.165|2743.355|2736.45|2722.64|2708.83|2695.02|2713.15|2720.055|2726.96|2733.865|2761.485|2768.39|2775.295|2782.2|2755.23813|0.0|2744.86853|2754.0289|2740.87111|0|1770789219
1770643800|2752.54|2755.85|2751.44|2752.59|8219|M15|2755.59996|2752.63792|2743.73432|-1.63976|2|2753.80934|2741.15094|2744.38275|2755.13565|2746.2649|2753.57215|2756.04784|2749.76412|2755.06727|2754.50071|2759.66624|2749.07832|2747.26135|2747.13758|2755.8567|2750.52481|2752.565|2755.85|2751.44|2753.105|1|0.54|1.44337|2770.23|2765.82|2761.41|2757.0|2754.795|2750.385|2748.18|2743.77|2739.36|2734.95|2742.62|2744.825|2747.03|2749.235|2758.055|2760.26|2762.465|2764.67|2758.34058|0.0|2753.10643|2755.81213|2751.46842|0|1770789219
1770644700|2752.45|2762.33|2749.93|2760.09|8329|M15|2761.38259|2766.42917|2767.74795|-2.28244|-2|2753.05397|2755.75541|2757.89857|2767.47383|2763.63866|2753.59126|2764.14986|2749.89908|2761.45745|2766.51059|2768.78878|2747.38944|2752.64422|2756.69571|2763.28855|2749.71351|2756.27|2762.33|2749.93|2756.2|-1|0.07|-0.85657|2809.69|2797.29|2784.89|2772.49|2766.29|2753.89|2747.69|2735.29|2722.89|2710.49|2725.13|2731.33|2737.53|2743.73|2768.53|2774.73|2780.93|2787.13|2764.2432|0.0|2766.9101|2762.62149|2750.78914|0|1770789219
1770645600|2755.05|2758.02|2748.62|2749.05|7966|M15|2757.00924|2756.2074|2760.50783|-0.92056|0|2747.79011|2742.16023|2743.30792|2759.912|2758.81139|2746.11946|2758.25492|2747.46601|2758.82571|2758.0103|2755.45814|2745.892|2747.70709|2752.14281|2758.53514|2748.40384|2752.05|2758.02|2748.62|2752.685|1|0.635|0.31472|2786.65|2777.25|2767.85|2758.45|2753.75|2744.35|2739.65|2730.25|2720.85|2711.45|2729.82|2734.52|2739.22|2743.92|2762.72|2767.42|2772.12|2776.82|0.0|0.0|2764.01611|2758.94814|2748.18867|0|1770789219
1770646500|2747.76|2759.67|2747.46|2755.17|8218|M15|2761.2073|2751.6676|2756.80987|-2.81506|0|2744.08149|2738.64185|2741.27965|2761.84053|2767.4394|2753.37557|2761.23881|2745.61707|2759.70305|2758.58314|2754.43552|2744.85507|2749.07745|2751.25204|2760.35325|2746.68453|2751.465|2759.67|2747.46|2752.515|1|1.05|-0.64376|2804.01|2791.8|2779.59|2767.38|2761.275|2749.065|2742.96|2730.75|2718.54|2706.33|2723.04|2729.145|2735.25|2741.355|2765.775|2771.88|2777.985|2784.09|0.0|2742.72423|2750.24584|2759.05241|2747.03845|0|1770789219
1770647400|2759.41|2766.9|2759.41|2766.18|9750|M15|2759.32118|2771.20582|2778.92966|1.74969|-1|2762.04107|2751.61714|2755.28755|2766.5635|2773.41575|2765.515|2768.3711|2758.48195|2766.79544|2768.37168|2762.63286|2760.53952|2759.22246|2758.377|2767.22883|2759.30615|2762.795|2766.9|2759.41|2762.975|1|0.18|-0.06241|2796.14|2788.65|2781.16|2773.67|2769.925|2762.435|2758.69|2751.2|2743.71|2736.22|2744.43|2748.175|2751.92|2755.665|2770.645|2774.39|2778.135|2781.88|2770.90072|0.0|2764.1992|2766.01077|2759.77999|0|1770789219
1770648300|2765.98|2769.55|2762.54|2765.17|4846|M15|2763.08188|2767.72574|2767.47059|-1.19743|1|2766.8859|2770.61279|2757.97975|2770.72499|2765.82049|2765.81093|2770.70399|2760.79|2770.4386|2768.58575|2775.12098|2763.71986|2765.02236|2756.5108|2770.08953|2762.26445|2765.575|2769.55|2762.54|2765.81|1|0.235|1.37781|2793.21|2786.2|2779.19|2772.18|2768.675|2761.665|2758.16|2751.15|2744.14|2737.13|2748.52|2752.025|2755.53|2759.035|2773.055|2776.56|2780.065|2783.57|0.0|0.0|2774.69158|2769.07566|2763.16075|0|1770789219
1770649200|2768.33|2772.02|2757.69|2759.77|2655|M15|2766.31127|2770.04035|2753.5311|2.15299|-1|2758.79935|2764.39156|2757.73049|2770.73871|2782.4374|2774.36432|2773.42305|2757.60324|2772.77759|2770.19017|2776.78055|2758.41098|2756.59967|2755.95229|2772.77545|2757.11106|2764.05|2772.02|2757.69|2764.4525|1|0.4025|1.19287|2817.09|2802.76|2788.43|2774.1|2766.935|2752.605|2745.44|2731.11|2716.78|2702.45|2729.03|2736.195|2743.36|2750.525|2779.185|2786.35|2793.515|2800.68|0.0|0.0|2767.42526|2772.20757|2757.62478|0|1770789219
1770650100|2756.25|2760.59|2751.93|2754.96|8954|M15|2762.70617|2762.11203|2761.57079|2.06763|-2|2749.73395|2754.75716|2742.2991|2765.78301|2749.98671|2764.29226|2762.32039|2751.26646|2762.18211|2761.97474|2752.74446|2749.4963|2749.01194|2750.004|2761.21971|2751.09914|2755.605|2760.59|2751.93|2755.9325|1|0.3275|0.02258|2789.6|2780.94|2772.28|2763.62|2759.29|2750.63|2746.3|2737.64|2728.98|2720.32|2734.61|2738.94|2743.27|2747.6|2764.92|2769.25|2773.58|2777.91|0.0|0.0|2754.68312|2759.81096|2752.72186|0|1770789219
1770651000|2754.7|2764.06|2752.8|2763.3|2098|M15|2767.37109|2766.62769|2775.34897|0.5747|2|2748.99461|2759.96746|2751.54309|2764.67119|2763.80831|2779.09594|2764.52928|2752.18633|2765.3068|2767.83049|2757.04364|2753.46909|2750.90721|2750.3657|2764.32822|2751.9868|2759.0|2764.06|2752.8|2758.715|-1|0.285|-1.50618|2808.34|2797.08|2785.82|2774.56|2768.93|2757.67|2752.04|2740.78|2729.52|2718.26|2730.28|2735.91|2741.54|2747.17|2769.69|2775.32|2780.95|2786.58|0.0|2748.66683|2770.68082|2764.58527|2753.78377|0|1770789219
1770651900|2765.19|2776.13|2764.22|2773.23|9666|M15|2777.53024|2763.56134|2785.13081|-0.80306|-1|2759.25575|2755.61463|2778.58307|2779.46945|2786.67545|2769.65364|2776.84562|2763.17917|2774.70206|2777.90502|2782.66987|2763.64935|2765.90026|2765.50641|2776.20512|2764.09687|2769.21|2776.13|2764.22|2769.6925|1|0.4825|-1.94532|2820.87|2808.96|2797.05|2785.14|2779.185|2767.275|2761.32|2749.41|2737.5|2725.59|2740.4|2746.355|2752.31|2758.265|2782.085|2788.04|2793.995|2799.95|0.0|0.0|2772.87877|2776.46965|2764.34032|0|1770789219
1770652800|2775.49|2778.88|2772.68|2778.51|7186|M15|2781.76336|2780.10175|2787.80789|-0.47536|0|2770.61692|2779.59231|2766.33469|2781.83139|2776.25025|2790.96145|2780.05368|2770.78817|2777.66477|2784.30334|2786.2299|2772.17575|2774.83864|2765.20675|2778.92261|2771.74767|2777.0|2778.88|2772.68|2776.39|-1|0.61|-1.12291|2803.31|2797.11|2790.91|2784.71|2781.61|2775.41|2772.31|2766.11|2759.91|2753.71|2760.28|2763.38|2766.48|2769.58|2781.98|2785.08|2788.18|2791.28|0.0|0.0|2766.61113|2778.37722|2773.13634|0|1770789219
1770653700|2779.94|2792.05|2776.71|2787.26|6233|M15|2784.8271|2790.26621|2779.62341|2.79547|1|2776.59534|2786.27263|2767.8455|2797.30267|2796.05742|2808.23326|2793.77423|2775.17687|2791.92582|2787.76549|2785.72481|2774.04658|2782.21086|2784.11836|2792.16511|2776.17667|2783.6|2792.05|2776.71|2783.99|1|0.39|-0.16498|2848.62|2833.28|2817.94|2802.6|2794.93|2779.59|2771.92|2756.58|2741.24|2725.9|2746.03|2753.7|2761.37|2769.04|2799.72|2807.39|2815.06|2822.73|2794.21213|0.0|2773.805|2792.976|2775.9278|0|1770789219
1770654600|2784.01|2788.01|2778.39|2782.99|5376|M15|2788.19425|2772.40795|2770.83388|-2.07346|0|2783.25356|2769.15556|2786.14857|2788.43955|2784.13217|2784.42591|2788.43985|2778.06189|2785.79529|2790.46063|2792.54126|2775.84285|2779.5694|2778.66768|2788.5656|2778.06639|2783.5|2788.01|2778.39|2783.35|-1|0.15|0.62845|2821.47|2811.85|2802.23|2792.61|2787.8|2778.18|2773.37|2763.75|2754.13|2744.51|2759.15|2763.96|2768.77|2773.58|2792.82|2797.63|2802.44|2807.25|0.0|2774.94021|2771.01722|2787.09938|2778.29126|0|1770789219
1770655500|2781.48|2782.11|2779.22|2780.59|3107|M15|2772.61174|2791.38019|2774.56878|2.9174|2|2780.15345|2780.12652|2783.44847|2783.61371|2782.38746|2773.52779|2783.93847|2778.60218|2781.11064|2777.13749|2784.30803|2779.09269|2782.20004|2773.30403|2782.32939|2779.02072|2781.035|2782.11|2779.22|2780.85|-1|0.185|1.81975|2792.15|2789.26|2786.37|2783.48|2782.035|2779.145|2777.7|2774.81|2771.92|2769.03|2773.44|2774.885|2776.33|2777.775|2783.555|2785.0|2786.445|2787.89|2784.18252|0.0|2788.01144|2782.38417|2779.37777|0|1770789219
1770656400|2775.79|2776.24|2763.09|2767.57|2422|M15|2768.88482|2769.51949|2755.8566|-1.77394|2|2759.5534|2767.66676|2769.52602|2772.28243|2767.68353|2770.17509|2777.70892|2762.98198|2777.95712|2774.68252|2778.02228|2762.5469|2762.91287|2754.8144|2776.79097|2762.68238|2771.68|2776.24|2763.09|2770.6725|-1|1.0075|-1.96086|2820.17|2807.02|2793.87|2780.72|2774.145|2760.995|2754.42|2741.27|2728.12|2714.97|2736.79|2743.365|2749.94|2756.515|2782.815|2789.39|2795.965|2802.54|2779.24516|0.0|2763.01398|2776.2423|2763.22973|0|1770789219
1770657300|2773.58|2779.63|2769.13|2776.52|5538|M15|2769.4857|2777.51182|2768.10084|-2.56216|-1|2765.19462|2767.67859|2777.92731|2783.80144|2786.22551|2788.07976|2780.52268|2768.76835|2780.39339|2785.10213|2786.61467|2769.10427|2770.79363|2764.89786|2780.18485|2768.48686|2775.05|2779.63|2769.13|2774.715|-1|0.335|-0.4572|2818.52|2808.02|2797.52|2787.02|2781.77|2771.27|2766.02|2755.52|2745.02|2734.52|2748.13|2753.38|2758.63|2763.88|2784.88|2790.13|2795.38|2800.63|2782.77987|2765.21737|2787.83069|2780.48927|2768.96456|0|1770789219
1770658200|2779.71|2789.74|2776.2|2788.31|5923|M15|2781.68359|2790.23354|2801.13791|1.82027|2|2772.44861|2771.29415|2791.3247|2794.13915|2791.01445|2793.87216|2789.82664|2774.54962|2790.21189|2785.69951|2784.80745|2774.3357|2777.69037|2775.22948|2790.73598|2775.52857|2784.01|2789.74|2776.2|2783.49|-1|0.52|0.18076|2842.47|2828.93|2815.39|2801.85|2795.08|2781.54|2774.77|2761.23|2747.69|2734.15|2749.12|2755.89|2762.66|2769.43|2796.51|2803.28|2810.05|2816.82|0.0|2771.22754|2777.60926|2789.55126|2776.75683|0|1770789219
1770659100|2784.29|2787.4|2778.6|2778.78|6124|M15|2771.34339|2768.39343|2790.20649|1.00295|2|2776.76532|2778.0541|2772.90535|2785.25369|2776.75|2803.91207|2788.11191|2776.69406|2788.41294|2786.8499|2781.38661|2779.16141|2781.54695|2785.14757|2787.96336|2778.53995|2781.535|2787.4|2778.6|2782.2675|1|0.7325|0.91284|2813.98|2805.18|2796.38|2787.58|2783.18|2774.38|2769.98|2761.18|2752.38|2743.58|2761.0|2765.4|2769.8|2774.2|2791.8|2796.2|2800.6|2805.0|2789.02969|0.0|2793.51648|2787.06391|2779.38732|0|1770789219
1770660000|2779.85|2793.15|2776.02|2789.02|7506|M15|2783.60426|2784.41172|2776.42237|0.74251|1|2773.92418|2773.87654|2761.1519|2789.69557|2791.76544|2779.55671|2793.17475|2774.87901|2794.82112|2787.73923|2795.07975|2778.06893|2776.19807|2775.96877|2793.31287|2775.83133|2784.435|2793.15|2776.02|2784.51|1|0.075|0.4172|2857.54|2840.41|2823.28|2806.15|2797.585|2780.455|2771.89|2754.76|2737.63|2720.5|2741.76|2750.325|2758.89|2767.455|2801.715|2810.28|2818.845|2827.41|2795.99106|2775.97421|2776.68587|2793.06494|2776.61193|0|1770789219
1770660900|2789.04|2795.86|2786.05|2795.63|3411|M15|2800.63016|2798.82926|2790.3833|1.78065|2|2788.86311|2793.96414|2776.35798|2796.28385|2787.38962|2787.1942|2795.9352|2784.40625|2794.90136|2798.49768|2801.26513|2784.13716|2785.50015|2785.65367|2796.73385|2785.76626|2792.335|2795.86|2786.05|2791.645|-1|0.69|-0.52981|2834.87|2825.06|2815.25|2805.44|2800.535|2790.725|2785.82|2776.01|2766.2|2756.39|2766.43|2771.335|2776.24|2781.145|2800.765|2805.67|2810.575|2815.48|2796.63097|2785.11166|2810.52888|2795.6291|2785.95716|0|1770789219
1770661800|2791.56|2795.01|2784.63|2787.75|5934|M15|2788.31141|2797.65875|2788.84693|-0.73994|-1|2785.97724|2787.286|2784.55561|2793.27037|2793.20938|2806.37969|2795.5491|2784.347|2792.40294|2799.75816|2795.85561|2782.57287|2782.79603|2786.06727|2795.99866|2784.47333|2789.655|2795.01|2784.63|2789.7375|1|0.0825|-1.7716|2829.27|2818.89|2808.51|2798.13|2792.94|2782.56|2777.37|2766.99|2756.61|2746.23|2763.87|2769.06|2774.25|2779.44|2800.2|2805.39|2810.58|2815.77|2798.59941|0.0|2781.895|2794.16177|2785.05128|0|1770789219
1770662700|2784.17|2784.43|2780.8|2782.61|8306|M15|2786.46229|2784.94817|2772.30541|-0.10276|0|2777.72118|2775.05351|2785.44052|2786.19036|2773.75096|2798.55034|2785.61518|2780.2852|2784.29547|2786.67041|2776.2312|2782.37841|2779.3084|2788.2299|2784.68316|2780.42516|2783.39|2784.43|2780.8|2783.0025|-1|0.3875|-1.16337|2797.13|2793.5|2789.87|2786.24|2784.425|2780.795|2778.98|2775.35|2771.72|2768.09|2773.54|2775.355|2777.17|2778.985|2786.245|2788.06|2789.875|2791.69|0.0|2776.01751|2788.71248|2783.95193|2781.66024|0|1770789219
1770663600|2786.24|2786.49|2780.98|2784.57|7957|M15|2782.26047|2789.44476|2780.28041|-1.68488|0|2779.14888|2777.44498|2773.53067|2786.6495|2795.411|2773.94731|2787.94245|2780.64849|2787.05848|2789.5429|2788.62281|2780.65299|2785.96959|2787.42415|2786.63306|2780.66233|2785.405|2786.49|2780.98|2784.57|-1|0.835|0.47811|2806.61|2801.1|2795.59|2790.08|2787.325|2781.815|2779.06|2773.55|2768.04|2762.53|2769.96|2772.715|2775.47|2778.225|2789.245|2792.0|2794.755|2797.51|0.0|0.0|2788.8725|2785.87748|2780.58913|0|1770789219
1770664500|2781.78|2786.45|2771.6|2776.42|3799|M15|2771.51173|2781.05717|2770.10073|2.22008|-2|2773.85397|2772.14248|2765.16651|2781.22584|2791.65004|2789.00178|2788.07216|2771.46337|2787.34245|2785.57531|2784.35273|2773.83518|2776.03596|2767.68507|2787.22247|2771.08286|2779.1|2786.45|2771.6|2779.0625|-1|0.0375|0.41482|2835.82|2820.97|2806.12|2791.27|2783.845|2768.995|2761.57|2746.72|2731.87|2717.02|2741.9|2749.325|2756.75|2764.175|2793.875|2801.3|2808.725|2816.15|0.0|2769.51041|2768.92162|2785.82512|2772.29654|0|1770789219
1770665400|2780.73|2792.03|2779.3|2788.1|9405|M15|2792.85282|2795.92013|2778.07113|1.4147|0|2777.95635|2785.27267|2791.9116|2788.72546|2797.79739|2798.48865|2793.81777|2779.08847|2790.13006|2797.35028|2784.17301|2779.27178|2780.93975|2782.48794|2792.75439|2779.1543|2784.415|2792.03|2779.3|2785.04|1|0.625|0.90934|2839.02|2826.29|2813.56|2800.83|2794.465|2781.735|2775.37|2762.64|2749.91|2737.18|2753.84|2760.205|2766.57|2772.935|2798.395|2804.76|2811.125|2817.49|2795.66346|0.0|2773.55593|2791.03041|2780.06982|0|1770789219
1770666300|2784.9|2784.94|2773.31|2776.5|3021|M15|2776.94901|2787.17845|2772.60132|1.77996|-1|2772.42711|2784.10671|2777.84486|2787.14317|2778.31643|2773.50832|2785.27603|2772.12721|2787.24649|2788.72229|2793.23941|2771.79736|2771.04373|2779.51868|2785.67446|2773.30958|2780.7|2784.94|2773.31|2779.9125|-1|0.7875|1.93827|2823.02|2811.39|2799.76|2788.13|2782.315|2770.685|2764.87|2753.24|2741.61|2729.98|2750.05|2755.865|2761.68|2767.495|2790.755|2796.57|2802.385|2808.2|2785.87621|0.0|2785.59667|2784.4406|2772.75622|1|1770789219
1770667200|2778.31|2779.68|2772.11|2774.39|7521|M15|2770.50593|2783.65229|2763.32404|1.05807|1|2772.60772|2766.97911|2758.46199|2782.86686|2785.09496|2765.27121|2781.67969|2771.83393|2777.51183|2774.71344|2779.92167|2771.25699|2775.58574|2773.49887|2780.51576|2771.66906|2776.35|2779.68|2772.11|2776.1225|-1|0.2275|0.05855|2804.67|2797.1|2789.53|2781.96|2778.175|2770.605|2766.82|2759.25|2751.68|2744.11|2756.97|2760.755|2764.54|2768.325|2783.465|2787.25|2791.035|2794.82|2779.69924|0.0|2778.97254|2779.25129|2771.69186|0|1770789219
1770668100|2776.5|2788.52|2775.77|2784.15|3973|M15|2789.36179|2774.30112|2785.32225|0.55492|-2|2771.09146|2770.83908|2778.02304|2786.36369|2795.99276|2794.01572|2788.57563|2773.86983|2790.28231|2785.22992|2791.03891|2774.67767|2777.25846|2779.0799|2788.56728|2775.55783|2780.325|2788.52|2775.77|2781.235|1|0.91|1.87333|2835.15|2822.4|2809.65|2796.9|2790.525|2777.775|2771.4|2758.65|2745.9|2733.15|2750.27|2756.645|2763.02|2769.395|2794.895|2801.27|2807.645|2814.02|0.0|0.0|2792.66902|2787.53024|2774.86952|1|1770789219
1770669000|2782.79|2784.2|2769.41|2773.69|3038|M15|2768.71118|2779.30063|2776.41604|-0.82201|0|2774.51246|2764.0837|2784.86175|2779.57545|2790.19591|2792.05871|2785.31143|2769.37015|2785.78627|2779.40919|2779.12697|2768.2073|2770.4935|2765.30559|2784.38356|2769.34826|2778.24|2784.2|2769.41|2777.5225|-1|0.7175|-1.28393|2832.85|2818.06|2803.27|2788.48|2781.085|2766.295|2758.9|2744.11|2729.32|2714.53|2739.83|2747.225|2754.62|2762.015|2791.595|2798.99|2806.385|2813.78|0.0|2767.87833|2757.87821|2783.5052|2769.01581|0|1770789219
1770669900|2777.1|2780.32|2774.29|2774.73|8166|M15|2774.34429|2765.70872|2773.57551|-1.08252|-2|2769.44114|2775.99363|2776.5532|2781.27783|2773.90604|2786.07816|2780.7869|2773.76614|2782.16754|2783.21749|2779.95355|2772.63389|2770.55021|2769.77194|2780.93029|2773.73978|2775.915|2780.32|2774.29|2776.61|1|0.695|-1.16377|2798.85|2792.82|2786.79|2780.76|2777.745|2771.715|2768.7|2762.67|2756.64|2750.61|2762.23|2765.245|2768.26|2771.275|2783.335|2786.35|2789.365|2792.38|2784.30038|0.0|2782.64788|2780.74738|2773.79092|0|1770789219
1770670800|2772.12|2785.24|2768.57|2780.39|7088|M15|2787.90232|2786.36826|2792.25823|1.90198|0|2772.72964|2761.0651|2774.46493|2783.09029|2794.5739|2774.41275|2786.01172|2766.943|2785.56644|2784.87675|2777.22499|2767.68742|2763.93573|2762.17924|2785.7061|2768.22402|2776.255|2785.24|2768.57|2776.58|1|0.325|-1.33969|2847.07|2830.4|2813.73|2797.06|2788.725|2772.055|2763.72|2747.05|2730.38|2713.71|2735.23|2743.565|2751.9|2760.235|2793.575|2801.91|2810.245|2818.58|0.0|2767.51205|2794.33955|2785.71887|2769.54012|0|1770789219
1770671700|2785.37|2789.91|2782.6|2785.68|9872|M15|2791.20215|2787.37895|2785.15903|-1.59055|0|2778.87672|2779.56949|2784.52884|2794.31784|2780.16938|2794.62183|2791.25863|2780.75206|2792.29727|2791.99765|2781.94866|2781.89714|2783.36611|2785.16453|2790.04858|2782.45413|2785.525|2789.91|2782.6|2785.89|1|0.365|-0.34037|2814.92|2807.61|2800.3|2792.99|2789.335|2782.025|2778.37|2771.06|2763.75|2756.44|2767.98|2771.635|2775.29|2778.945|2793.565|2797.22|2800.875|2804.53|0.0|0.0|2786.34741|2789.48737|2782.26411|1|1770789219
1770672600|2789.43|2798.36|2786.46|2795.92|6245|M15|2802.87478|2795.9096|2795.14541|-0.53503|1|2782.66641|2775.92018|2789.4753|2798.26795|2804.10932|2798.85303|2799.96141|2786.15221|2800.64977|2795.19237|2802.28559|2784.19063|2790.6196|2784.99551|2799.24149|2785.62567|2792.675|2798.36|2786.46|2792.5425|-1|0.1325|-1.20083|2843.52|2831.62|2819.72|2807.82|2801.87|2789.97|2784.02|2772.12|2760.22|2748.32|2762.66|2768.61|2774.56|2780.51|2804.31|2810.26|2816.21|2822.16|0.0|2785.3187|2804.28733|2798.80971|2786.15235|0|1770789219
1770673500|2794.26|2794.47|2788.06|2791.13|8752|M15|2789.90065|2795.73745|2797.69101|-0.74391|0|2789.62056|2781.57876|2792.88127|2796.22898|2800.11735|2789.69912|2794.8645|2786.44499|2794.61707|2797.29641|2800.53495|2790.19582|2790.70894|2793.71254|2795.42039|2787.14969|2792.695|2794.47|2788.06|2791.98|-1|0.715|1.92485|2816.77|2810.36|2803.95|2797.54|2794.335|2787.925|2784.72|2778.31|2771.9|2765.49|2775.24|2778.445|2781.65|2784.855|2797.675|2800.88|2804.085|2807.29|0.0|0.0|2792.7549|2793.77915|2788.79175|0|1770789219
1770674400|2792.01|2795.51|2780.53|2784.27|7008|M15|2791.7132|2790.03502|2784.57683|-1.80075|2|2782.41125|2787.77532|2789.7525|2796.69679|2789.6169|2790.5094|2797.3063|2779.97963|2794.74048|2791.63876|2791.79761|2778.42922|2785.88509|2775.89587|2795.72772|2780.24457|2788.14|2795.51|2780.53|2788.08|-1|0.06|-0.90072|2844.19|2829.21|2814.23|2799.25|2791.76|2776.78|2769.29|2754.31|2739.33|2724.35|2750.57|2758.06|2765.55|2773.04|2803.0|2810.49|2817.98|2825.47|2798.68357|2776.73269|2788.5495|2796.26967|2780.41175|0|1770789219
1770675300|2779.37|2782.41|2767.9|2769.41|3029|M15|2774.22574|2778.79654|2762.11678|-1.86745|-1|2769.12327|2774.12936|2773.60072|2784.8967|2773.87317|2795.28848|2782.60432|2766.79729|2784.30867|2778.06003|2776.87199|2768.87871|2762.5493|2763.04507|2782.72006|2767.03766|2774.39|2782.41|2767.9|2774.7725|1|0.3825|1.7785|2827.45|2812.94|2798.43|2783.92|2776.665|2762.155|2754.9|2740.39|2725.88|2711.37|2738.88|2746.135|2753.39|2760.645|2789.665|2796.92|2804.175|2811.43|2783.55309|0.0|2767.59702|2782.75306|2768.26105|0|1770789219
1770676200|2767.64|2768.22|2762.77|2763.39|4072|M15|2755.5383|2770.32442|2761.48524|1.48438|-1|2765.45228|2763.3948|2765.02058|2768.74537|2768.33512|2771.41954|2768.92334|2761.01613|2767.95313|2764.1886|2772.99672|2763.27881|2759.35048|2769.52299|2768.36547|2762.57461|2765.515|2768.22|2762.77|2765.505|-1|0.01|-0.75272|2785.19|2779.74|2774.29|2768.84|2766.115|2760.665|2757.94|2752.49|2747.04|2741.59|2751.87|2754.595|2757.32|2760.045|2770.945|2773.67|2776.395|2779.12|0.0|0.0|2750.83741|2768.60641|2761.95683|0|1770789219
1770677100|2765.23|2770.97|2760.35|2770.86|8542|M15|2772.79181|2763.65176|2783.62338|-2.82796|-2|2761.54337|2754.00087|2770.04389|2772.21518|2776.19774|2758.66374|2772.8429|2760.30699|2768.46931|2775.60208|2772.39611|2759.74583|2762.11036|2765.97101|2771.89069|2759.985|2768.045|2770.97|2760.35|2766.8525|-1|1.1925|-0.72839|2813.34|2802.72|2792.1|2781.48|2776.17|2765.55|2760.24|2749.62|2739.0|2728.38|2739.11|2744.42|2749.73|2755.04|2776.28|2781.59|2786.9|2792.21|0.0|0.0|2783.07183|2770.19595|2760.13532|0|1770789219
1770678000|2769.02|2775.86|2766.31|2773.55|9315|M15|2768.87007|2773.27262|2764.99017|-0.14348|1|2768.1241|2756.76099|2778.78002|2771.70614|2778.11358|2780.17742|2776.5967|2766.15501|2776.00928|2771.94175|2782.3208|2766.84796|2764.25644|2769.92377|2776.112|2766.03961|2771.285|2775.86|2766.31|2771.185|-1|0.1|-1.44982|2811.75|2802.2|2792.65|2783.1|2778.325|2768.775|2764.0|2754.45|2744.9|2735.35|2747.21|2751.985|2756.76|2761.535|2780.635|2785.41|2790.185|2794.96|0.0|0.0|2788.17665|2776.60514|2765.55895|0|1770789219
1770678900|2773.47|2784.49|2771.72|2782.21|6567|M15|2779.17913|2774.39393|2780.11361|-1.48189|-2|2776.30337|2781.89382|2758.04048|2783.55409|2785.41056|2775.32375|2784.68835|2771.59476|2786.44874|2781.11171|2784.05584|2772.1691|2771.93068|2768.24623|2785.20285|2771.60336|2777.84|2784.49|2771.72|2777.9725|1|0.1325|-1.10827|2833.29|2820.52|2807.75|2794.98|2788.595|2775.825|2769.44|2756.67|2743.9|2731.13|2746.18|2752.565|2758.95|2765.335|2790.875|2797.26|2803.645|2810.03|0.0|2771.66687|2780.80318|2784.01962|2771.63405|0|1770789219
1770679800|2783.01|2788.6|2779.93|2785.07|8330|M15|2790.89992|2791.79284|2783.16763|-0.64317|2|2781.4816|2790.26953|2778.6276|2787.68182|2778.8344|2772.46979|2790.46093|2778.17132|2788.44109|2786.86384|2796.84152|2782.35431|2782.75898|2782.57665|2788.74176|2779.80902|2784.04|2788.6|2779.93|2784.1525|1|0.1125|-0.40694|2819.75|2811.08|2802.41|2793.74|2789.405|2780.735|2776.4|2767.73|2759.06|2750.39|2762.59|2766.925|2771.26|2775.595|2792.935|2797.27|2801.605|2805.94|2790.45784|0.0|2798.7799|2788.19127|2779.91661|0|1770789219
1770680700|2780.96|2782.85|2773.02|2773.6|6565|M15|2765.86175|2767.10923|2768.80445|-0.98965|1|2776.10766|2762.63133|2764.84614|2778.53902|2792.36|2766.89854|2783.80536|2772.43457|2783.56169|2783.37804|2780.22159|2773.249|2778.36448|2772.34346|2783.67884|2772.93593|2777.28|2782.85|2773.02|2777.6075|1|0.3275|1.47352|2812.92|2803.09|2793.26|2783.43|2778.515|2768.685|2763.77|2753.94|2744.11|2734.28|2753.36|2758.275|2763.19|2768.105|2787.765|2792.68|2797.595|2802.51|2786.46213|0.0|2776.51549|2781.90725|2772.0341|0|1770789219
1770681600|2774.13|2787.13|2772.45|2783.53|2528|M15|2776.41159|2782.35037|2774.57393|-1.67006|0|2771.23318|2762.7951|2775.48133|2789.97228|2794.40894|2803.84168|2787.39157|2771.61932|2787.92813|2789.49482|2795.39996|2770.75621|2774.18382|2767.63387|2787.32466|2772.28148|2778.83|2787.13|2772.45|2779.31|1|0.48|1.96817|2842.25|2827.57|2812.89|2798.21|2790.87|2776.19|2768.85|2754.17|2739.49|2724.81|2743.09|2750.43|2757.77|2765.11|2794.47|2801.81|2809.15|2816.49|0.0|0.0|2797.22044|2787.25293|2772.31528|1|1770789219
1770682500|2780.74|2785.1|2772.25|2775.96|4718|M15|2783.47141|2787.04314|2785.4424|1.50994|0|2768.37122|2769.35787|2770.73838|2788.86737|2775.88017|2780.86648|2785.36706|2771.03626|2782.61956|2788.80373|2778.49836|2774.84202|2769.00299|2769.90525|2786.06443|2771.3329|2778.35|2785.1|2772.25|2778.5125|1|0.1625|-0.08161|2827.36|2814.51|2801.66|2788.81|2782.385|2769.535|2763.11|2750.26|2737.41|2724.56|2746.55|2752.975|2759.4|2765.825|2791.525|2797.95|2804.375|2810.8|0.0|0.0|2760.04163|2784.2302|2772.15687|0|1770789219
1770683400|2777.62|2785.86|2775.97|2784.87|7298|M15|2786.06126|2792.54698|2787.05552|-1.22736|2|2774.80937|2779.5508|2772.68201|2783.79585|2780.3416|2791.51708|2786.23255|2774.53284|2788.40363|2786.59607|2781.58272|2773.83467|2770.51586|2778.96511|2786.37489|2775.43831|2781.245|2785.86|2775.97|2781.08|-1|0.165|0.2939|2824.43|2814.54|2804.65|2794.76|2789.815|2779.925|2774.98|2765.09|2755.2|2745.31|2756.19|2761.135|2766.08|2771.025|2790.805|2795.75|2800.695|2805.64|0.0|0.0|2769.68276|2786.05389|2776.1112|1|1770789219
1770684300|2788.56|2789.84|2784.66|2786.46|6171|M15|2780.36666|2780.8146|2786.54955|0.52719|0|2787.50327|2775.06432|2769.07903|2785.046|2780.11423|2801.34973|2790.94749|2783.46205|2789.58844|2786.39418|2797.77909|2783.32559|2779.37119|2782.41111|2789.88042|2784.20561|2787.51|2789.84|2784.66|2787.38|-1|0.13|1.45729|2807.18|2802.0|2796.82|2791.64|2789.05|2783.87|2781.28|2776.1|2770.92|2765.74|2774.3|2776.89|2779.48|2782.07|2792.43|2795.02|2797.61|2800.2|2792.14202|0.0|2790.73813|2790.77243|2784.7654|0|1770789219
1770685200|2792.19|2803.66|2791.97|2799.91|9240|M15|2796.99959|2791.83452|2792.82376|-1.93333|-2|2792.62398|2790.16758|2790.74311|2805.82638|2794.01212|2788.86936|2803.66228|2790.79453|2805.89428|2805.25369|2809.24002|2789.6685|2794.22021|2789.23344|2804.21467|2791.06799|2796.05|2803.66|2791.97|2796.9325|1|0.8825|-1.18883|2846.67|2834.98|2823.29|2811.6|2805.755|2794.065|2788.22|2776.53|2764.84|2753.15|2768.59|2774.435|2780.28|2786.125|2809.505|2815.35|2821.195|2827.04|0.0|0.0|2786.2418|2803.13185|2791.41588|0|1770789219
1770686100|2799.23|2803.89|2786.51|2789.66|8984|M15|2787.71547|2780.45741|2796.2333|-2.76651|2|2785.60536|2777.24442|2796.54597|2802.77867|2803.83396|2795.99793|2804.32004|2784.98245|2804.25694|2807.52932|2803.58522|2783.86656|2785.32235|2779.03308|2804.03764|2786.39415|2794.445|2803.89|2786.51|2794.8225|1|0.3775|-0.04504|2859.18|2841.8|2824.42|2807.04|2798.35|2780.97|2772.28|2754.9|2737.52|2720.14|2751.75|2760.44|2769.13|2777.82|2812.58|2821.27|2829.96|2838.65|2807.70209|0.0|2780.21239|2804.17442|2785.69694|0|1770789219
1770687000|2788.3|2793.5|2783.77|2792.66|2491|M15|2787.64835|2784.79911|2781.06062|-1.2209|-1|2781.18424|2788.32793|2775.48063|2794.91925|2789.58375|2778.43204|2794.68925|2781.91388|2793.14857|2795.69532|2789.07146|2783.90642|2779.05194|2782.15236|2794.39442|2783.22591|2790.48|2793.5|2783.77|2789.5575|-1|0.9225|-0.54057|2831.58|2821.85|2812.12|2802.39|2797.525|2787.795|2782.93|2773.2|2763.47|2753.74|2764.31|2769.175|2774.04|2778.905|2798.365|2803.23|2808.095|2812.96|0.0|2781.85942|2787.93517|2793.47241|2783.51373|0|1770789219
1770687900|2793.73|2795.37|2792.5|2793.41|2370|M15|2795.01722|2788.85149|2782.64961|0.21002|-1|2794.52451|2792.72904|2790.38134|2798.10212|2801.59628|2798.25948|2795.93388|2792.47168|2794.9009|2799.23128|2802.17722|2794.12604|2789.89|2787.49368|2796.17984|2792.42442|2793.57|2795.37|2792.5|2793.7525|1|0.1825|1.62821|2804.89|2802.02|2799.15|2796.28|2794.845|2791.975|2790.54|2787.67|2784.8|2781.93|2786.76|2788.195|2789.63|2791.065|2796.805|2798.24|2799.675|2801.11|0.0|0.0|2783.9602|2795.9798|2791.91116|0|1770789219
1770688800|2798.09|2804.95|2796.67|2802.67|9183|M15|2810.80599|2807.17967|2792.43945|2.15376|-2|2799.43837|2787.28726|2790.84075|2801.12567|2804.59322|2814.46881|2805.98224|2795.36977|2804.84509|2803.90414|2811.57714|2797.55308|2794.85966|2801.27439|2805.73982|2796.43172|2800.38|2804.95|2796.67|2800.595|1|0.215|0.86076|2835.79|2827.51|2819.23|2810.95|2806.81|2798.53|2794.39|2786.11|2777.83|2769.55|2780.11|2784.25|2788.39|2792.53|2809.09|2813.23|2817.37|2821.51|0.0|0.0|2811.11747|2805.09457|2796.59484|0|1770789219
1770689700|2804.57|2813.05|2799.81|2808.64|4678|M15|2806.78284|2809.35684|2807.91216|1.83386|-1|2795.7008|2808.23475|2804.20351|2812.41047|2814.57936|2823.4366|2813.75437|2798.84207|2812.65985|2812.34499|2810.80205|2799.73173|2794.73271|2799.0767|2813.4761|2799.46306|2806.605|2813.05|2799.81|2806.5175|-1|0.0875|-0.88926|2861.6|2848.36|2835.12|2821.88|2815.26|2802.02|2795.4|2782.16|2768.92|2755.68|2773.33|2779.95|2786.57|2793.19|2819.67|2826.29|2832.91|2839.53|0.0|2798.52953|2807.14692|2812.21096|2800.77912|0|1770789219
1770690600|2808.0|2818.06|2807.13|2817.17|3442|M15|2815.53019|2818.05691|2810.71347|-2.67093|2|2803.12234|2811.63532|2822.39659|2814.5464|2807.46886|2809.56423|2818.24281|2805.54934|2817.39534|2821.62552|2813.25373|2805.17821|2804.21555|2807.50367|2818.9415|2807.11385|2812.585|2818.06|2807.13|2812.59|1|0.005|-1.67955|2860.89|2849.96|2839.03|2828.1|2822.635|2811.705|2806.24|2795.31|2784.38|2773.45|2785.27|2790.735|2796.2|2801.665|2823.525|2828.99|2834.455|2839.92|0.0|2803.56221|2830.5871|2818.4597|2807.85723|0|1770789219
1770691500|2817.6|2821.46|2810.8|2810.85|3565|M15|2803.95192|2819.92081|2815.4476|-2.0938|2|2811.86858|2802.12172|2825.74945|2827.03477|2822.2268|2827.06257|2821.91459|2809.4228|2818.96724|2820.23328|2829.41975|2809.90224|2806.0993|2813.31921|2822.1957|2809.86745|2814.225|2821.46|2810.8|2815.1775|1|0.9525|0.0175|2853.49|2842.83|2832.17|2821.51|2816.18|2805.52|2800.19|2789.53|2778.87|2768.21|2789.48|2794.81|2800.14|2805.47|2826.79|2832.12|2837.45|2842.78|0.0|2808.15366|2827.47256|2820.67685|2809.81592|0|1770789219
1770692400|2817.23|2823.63|2816.16|2820.06|8321|M15|2812.87118|2821.45779|2831.75688|0.09854|0|2818.25685|2822.46778|2799.50514|2826.94142|2815.90231|2833.85062|2824.30778|2814.63323|2821.07835|2818.10627|2815.19939|2818.87472|2813.44854|2819.83606|2823.74856|2816.15951|2818.645|2823.63|2816.16|2819.27|1|0.625|1.0943|2849.94|2842.47|2835.0|2827.53|2823.795|2816.325|2812.59|2805.12|2797.65|2790.18|2801.22|2804.955|2808.69|2812.425|2827.365|2831.1|2834.835|2838.57|2825.75964|0.0|2820.66987|2823.41595|2815.43294|0|1770789219
1770693300|2820.24|2821.62|2809.64|2812.3|2888|M15|2814.42557|2807.96601|2810.03414|2.69627|1|2806.87028|2817.63974|2807.89941|2818.21397|2828.22354|2804.9518|2822.17246|2809.39639|2824.15843|2817.91497|2820.22797|2807.58233|2807.38006|2815.82144|2822.25459|2808.90041|2816.27|2821.62|2809.64|2815.95|-1|0.32|0.50547|2860.22|2848.24|2836.26|2824.28|2818.29|2806.31|2800.32|2788.34|2776.36|2764.38|2785.68|2791.67|2797.66|2803.65|2827.61|2833.6|2839.59|2845.58|0.0|2805.26049|2806.13134|2822.03445|2809.3104|0|1770789219
1770694200|2811.42|2819.02|2809.93|2818.31|6899|M15|2821.90384|2809.02892|2807.13641|-0.27821|1|2807.191|2809.15218|2802.55028|2813.59585|2810.17962|2805.2257|2819.90376|2809.82482|2817.6043|2823.75139|2820.60303|2810.1816|2815.26506|2805.50894|2819.98749|2809.88474|2814.865|2819.02|2809.93|2814.67|-1|0.195|-0.72869|2854.67|2845.58|2836.49|2827.4|2822.855|2813.765|2809.22|2800.13|2791.04|2781.95|2791.75|2796.295|2800.84|2805.385|2823.565|2828.11|2832.655|2837.2|2823.67526|0.0|2827.51321|2818.76669|2810.83588|0|1770789219
1770695100|2820.64|2823.35|2818.46|2819.97|2054|M15|2816.86537|2815.4936|2827.98158|1.27723|0|2820.53133|2813.11927|2823.2392|2822.63094|2817.80844|2820.30243|2824.88205|2817.86737|2822.68779|2819.43541|2829.56514|2819.35458|2815.00111|2820.54752|2824.11233|2818.02567|2820.305|2823.35|2818.46|2820.605|1|0.3|0.16214|2839.53|2834.64|2829.75|2824.86|2822.415|2817.525|2815.08|2810.19|2805.3|2800.41|2808.68|2811.125|2813.57|2816.015|2825.795|2828.24|2830.685|2833.13|0.0|0.0|2819.06021|2823.78397|2818.3901|0|1770789219
1770696000|2824.31|2824.37|2816.93|2819.51|8166|M15|2827.16299|2822.36138|2817.78075|1.60242|-1|2820.90005|2816.86595|2810.81878|2823.27576|2832.04794|2826.76864|2826.07433|2816.61361|2825.6249|2826.73536|2820.38864|2814.867|2819.38565|2811.25103|2824.45063|2816.56502|2821.91|2824.37|2816.93|2821.28|-1|0.63|-0.88975|2849.27|2841.83|2834.39|2826.95|2823.23|2815.79|2812.07|2804.63|2797.19|2789.75|2802.05|2805.77|2809.49|2813.21|2828.09|2831.81|2835.53|2839.25|2828.21255|0.0|2828.24721|2824.04647|2816.45637|0|1770789219
1770696900|2820.83|2826.14|2818.7|2824.19|8033|M15|2826.44771|2818.1437|2823.21559|2.76695|0|2820.45136|2812.28393|2820.82113|2824.64387|2830.77255|2814.94167|2827.33218|2816.74679|2827.79776|2822.29572|2825.30473|2820.45854|2821.42499|2818.09127|2826.17411|2818.67695|2822.51|2826.14|2818.7|2822.465|-1|0.045|1.52753|2853.95|2846.51|2839.07|2831.63|2827.91|2820.47|2816.75|2809.31|2801.87|2794.43|2803.82|2807.54|2811.26|2814.98|2829.86|2833.58|2837.3|2841.02|2826.45077|0.0|2814.58829|2826.25348|2818.33029|0|1770789219
1770697800|2828.35|2830.23|2823.24|2828.11|2765|M15|2828.72393|2838.81363|2819.13411|-1.9016|-1|2818.61306|2820.76518|2835.34699|2824.73987|2837.87056|2821.04607|2831.20375|2821.58225|2827.64839|2825.9929|2834.15383|2823.28582|2820.25378|2831.04419|2831.01857|2822.85666|2828.23|2830.23|2823.24|2827.4825|-1|0.7475|0.9796|2856.07|2849.08|2842.09|2835.1|2831.605|2824.615|2821.12|2814.13|2807.14|2800.15|2809.26|2812.755|2816.25|2819.745|2833.725|2837.22|2840.715|2844.21|0.0|0.0|2834.49722|2829.6161|2823.66167|0|1770789219
1770698700|2832.93|2839.51|2832.79|2837.79|5962|M15|2831.22042|2838.85305|2828.13029|-0.43667|0|2835.34399|2842.14612|2831.77116|2837.11491|2835.50655|2839.18285|2839.84628|2832.64847|2839.97254|2841.48115|2845.87621|2831.17061|2836.40458|2829.77294|2840.48933|2832.7849|2835.36|2839.51|2832.79|2835.755|1|0.395|0.85525|2864.67|2857.95|2851.23|2844.51|2841.15|2834.43|2831.07|2824.35|2817.63|2810.91|2819.35|2822.71|2826.07|2829.43|2842.87|2846.23|2849.59|2852.95|0.0|0.0|2833.09956|2840.49266|2833.12589|0|1770789219
1770699600|2840.14|2844.18|2825.97|2830.83|3631|M15|2837.82833|2825.88945|2825.26372|2.07688|0|2823.38009|2823.80005|2828.22276|2841.62265|2837.69611|2847.28514|2845.40461|2824.60652|2843.71784|2842.33408|2840.47339|2826.60494|2827.02239|2824.01766|2844.57935|2825.27508|2835.485|2844.18|2825.97|2835.28|-1|0.205|0.28847|2903.67|2885.46|2867.25|2849.04|2839.935|2821.725|2812.62|2794.41|2776.2|2757.99|2789.55|2798.655|2807.76|2816.865|2853.285|2862.39|2871.495|2880.6|0.0|0.0|2816.98515|2843.276|2826.10939|0|1770789219
1770700500|2826.82|2835.25|2822.46|2830.48|1876|M15|2829.36392|2826.43027|2820.89937|-2.75537|-2|2826.22456|2816.0303|2828.22299|2831.86561|2835.55291|2833.58956|2835.7805|2821.91584|2834.71763|2836.82915|2838.18139|2819.79026|2825.61752|2829.25483|2836.1911|2821.80179|2828.65|2835.25|2822.46|2828.7525|1|0.1025|0.29022|2881.64|2868.85|2856.06|2843.27|2836.875|2824.085|2817.69|2804.9|2792.11|2779.32|2796.88|2803.275|2809.67|2816.065|2841.645|2848.04|2854.435|2860.83|0.0|0.0|2821.71817|2835.06383|2823.16563|0|1770789219
1770701400|2834.04|2843.43|2833.38|2842.05|8389|M15|2835.33523|2840.34514|2836.04609|-2.56081|2|2838.39421|2839.23363|2818.12099|2837.99389|2835.74458|2843.96624|2845.16726|2831.69825|2841.06674|2842.33224|2844.18692|2835.40971|2832.4344|2834.55208|2844.13057|2833.19165|2838.045|2843.43|2833.38|2838.225|1|0.18|-1.52473|2882.25|2872.2|2862.15|2852.1|2847.075|2837.025|2832.0|2821.95|2811.9|2801.85|2813.28|2818.305|2823.33|2828.355|2848.455|2853.48|2858.505|2863.53|0.0|0.0|2846.43959|2842.66702|2833.99422|0|1770789219
1770702300|2842.54|2848.95|2842.54|2844.95|1519|M15|2848.0258|2840.09801|2836.49189|2.13005|-1|2846.66298|2849.92432|2835.92105|2848.35225|2846.02329|2858.17252|2849.71507|2842.10635|2848.038|2850.84986|2842.54292|2843.08827|2838.91337|2834.61015|2849.02291|2842.3885|2843.745|2848.95|2842.54|2844.745|1|1.0|0.93745|2870.59|2864.18|2857.77|2851.36|2848.155|2841.745|2838.54|2832.13|2825.72|2819.31|2829.72|2832.925|2836.13|2839.335|2852.155|2855.36|2858.565|2861.77|0.0|0.0|2854.84486|2849.13109|2842.43062|0|1770789219
1770703200|2843.67|2848.27|2834.43|2836.59|4299|M15|2835.77306|2846.00601|2834.87529|-0.09285|-1|2839.61975|2825.12413|2848.32596|2848.82173|2855.93277|2847.48588|2848.61165|2832.60124|2850.37903|2848.75018|2840.15585|2837.18598|2834.00263|2836.10186|2849.20036|2834.23294|2840.13|2848.27|2834.43|2840.74|1|0.61|0.68386|2891.95|2878.11|2864.27|2850.43|2843.51|2829.67|2822.75|2808.91|2795.07|2781.23|2806.75|2813.67|2820.59|2827.51|2855.19|2862.11|2869.03|2875.95|0.0|0.0|2848.57443|2847.47728|2834.69727|0|1770789219
1770704100|2838.71|2842.43|2834.31|2838.29|4144|M15|2832.59858|2829.18343|2832.77245|-1.86326|1|2838.65076|2825.37783|2825.57696|2845.24785|2840.3458|2828.34452|2842.44002|2832.75448|2839.92998|2844.04533|2850.78049|2833.00059|2835.28577|2834.02566|2842.95423|2833.41048|2838.5|2842.43|2834.31|2838.435|-1|0.065|-1.09385|2870.77|2862.65|2854.53|2846.41|2842.35|2834.23|2830.17|2822.05|2813.93|2805.81|2818.07|2822.13|2826.19|2830.25|2846.49|2850.55|2854.61|2858.67|0.0|0.0|2847.79215|2841.97916|2834.28692|0|1770789219
1770705000|2837.11|2843.5|2834.53|2839.06|8715|M15|2846.75689|2828.93141|2839.71503|0.06094|-1|2834.60507|2842.47987|2836.58615|2843.29658|2838.09764|2835.08074|2845.46818|2834.19619|2845.91253|2845.96166|2836.60549|2832.26118|2837.36659|2834.8433|2843.58317|2834.0549|2838.085|2843.5|2834.53|2838.55|1|0.465|0.90064|2874.94|2865.97|2857.0|2848.03|2843.545|2834.575|2830.09|2821.12|2812.15|2803.18|2816.59|2821.075|2825.56|2830.045|2847.985|2852.47|2856.955|2861.44|0.0|0.0|2826.97057|2844.25155|2834.99039|0|1770789219
1770705900|2838.66|2838.98|2828.15|2828.87|6032|M15|2835.61184|2817.91813|2828.10361|2.00023|-2|2823.49905|2835.5846|2816.2475|2841.83505|2829.62063|2855.59409|2840.83316|2826.4914|2836.59572|2843.94834|2836.19546|2830.29051|2824.60477|2819.78266|2839.6431|2827.71287|2833.765|2838.98|2828.15|2833.665|-1|0.1|-1.12636|2872.19|2861.36|2850.53|2839.7|2834.285|2823.455|2818.04|2807.21|2796.38|2785.55|2806.49|2811.905|2817.32|2822.735|2844.395|2849.81|2855.225|2860.64|0.0|0.0|2842.50243|2838.02342|2828.26671|0|1770789219
1770706800|2830.15|2834.61|2823.32|2826.72|9535|M15|2829.80691|2836.53381|2823.37184|-2.64124|1|2825.44532|2813.17694|2815.55576|2838.54599|2830.53561|2849.97098|2835.43047|2822.83293|2834.73776|2829.85978|2832.19497|2825.13105|2821.31657|2825.04482|2834.73136|2822.80721|2828.435|2834.61|2823.32|2828.7|1|0.265|0.41146|2871.88|2860.59|2849.3|2838.01|2832.365|2821.075|2815.43|2804.14|2792.85|2781.56|2800.74|2806.385|2812.03|2817.675|2840.255|2845.9|2851.545|2857.19|0.0|0.0|2835.95833|2835.58423|2824.28329|0|1770789219
1770707700|2820.85|2828.7|2819.6|2825.3|7365|M15|2828.52633|2816.80669|2815.3966|0.43142|2|2822.69871|2809.78539|2819.44394|2824.38836|2824.54962|2832.03311|2830.54121|2818.42193|2827.27188|2830.20039|2826.3698|2818.12191|2818.21415|2815.90162|2829.18613|2819.20271|2823.075|2828.7|2819.6|2823.6125|1|0.5375|-1.66903|2861.7|2852.6|2843.5|2834.4|2829.85|2820.75|2816.2|2807.1|2798.0|2788.9|2801.4|2805.95|2810.5|2815.05|2833.25|2837.8|2842.35|2846.9|0.0|2816.35714|2837.15729|2829.57734|2818.67836|0|1770789219
1770708600|2820.94|2822.71|2812.74|2816.0|5603|M15|2813.79642|2816.52221|2822.9082|2.86276|2|2813.09744|2820.47541|2828.31841|2821.75942|2821.8596|2810.55238|2824.3981|2810.92577|2824.36901|2817.08555|2829.89887|2814.29815|2811.69286|2806.00972|2822.94928|2812.69279|2818.47|2822.71|2812.74|2818.0975|-1|0.3725|0.68225|2855.88|2845.91|2835.94|2825.97|2820.985|2811.015|2806.03|2796.06|2786.09|2776.12|2792.8|2797.785|2802.77|2807.755|2827.695|2832.68|2837.665|2842.65|2823.00876|0.0|2818.28086|2822.99157|2812.46289|1|1770789219
1770709500|2813.0|2817.21|2810.96|2813.92|5722|M15|2818.53784|2808.71883|2825.31557|2.14924|-1|2815.13686|2814.50814|2802.2734|2812.97291|2813.72237|2809.53802|2818.0585|2809.65203|2815.9321|2820.16836|2813.17495|2808.8455|2813.47137|2802.5816|2817.79369|2810.41724|2813.46|2817.21|2810.96|2813.7725|1|0.3125|-0.74092|2838.92|2832.67|2826.42|2820.17|2817.045|2810.795|2807.67|2801.42|2795.17|2788.92|2798.46|2801.585|2804.71|2807.835|2820.335|2823.46|2826.585|2829.71|0.0|0.0|2812.56196|2816.5229|2811.08205|0|1770789219
1770710400|2812.95|2814.23|2805.87|2808.88|3078|M15|2816.8582|2802.41745|2815.57566|-2.13947|1|2800.97548|2805.23655|2809.01693|2813.11479|2811.08406|2822.96815|2815.59167|2805.04925|2812.23667|2811.34495|2811.20848|2804.11278|2807.98355|2809.06822|2814.47937|2805.65992|2810.915|2814.23|2805.87|2810.4825|-1|0.4325|1.27888|2842.32|2833.96|2825.6|2817.24|2813.06|2804.7|2800.52|2792.16|2783.8|2775.44|2789.15|2793.33|2797.51|2801.69|2818.41|2822.59|2826.77|2830.95|0.0|0.0|2801.82113|2815.14441|2805.33022|0|1770789219
1770711300|2809.48|2811.39|2803.64|2808.32|1974|M15|2812.73111|2804.54621|2817.39789|-0.82874|0|2808.66779|2812.46181|2795.3472|2808.74166|2801.60342|2799.33479|2813.18634|2803.11578|2811.68721|2808.10595|2815.23549|2801.52525|2800.69631|2800.53519|2812.05405|2802.90243|2808.9|2811.39|2803.64|2808.2075|-1|0.6925|0.99914|2839.32|2831.57|2823.82|2816.07|2812.195|2804.445|2800.57|2792.82|2785.07|2777.32|2788.14|2792.015|2795.89|2799.765|2815.265|2819.14|2823.015|2826.89|2811.54873|2802.47763|2793.33964|2811.72708|2802.78068|0|1770789219
1770712200|2805.22|2808.76|2804.62|2808.44|3928|M15|2815.39171|2813.79922|2795.4555|-0.59185|-2|2809.12059|2810.26104|2790.58723|2811.88368|2815.26438|2825.24376|2810.74365|2804.13447|2806.93741|2810.10035|2809.09624|2804.86647|2809.88929|2803.5471|2809.75335|2803.72424|2806.83|2808.76|2804.62|2806.76|-1|0.07|0.64058|2825.0|2820.86|2816.72|2812.58|2810.51|2806.37|2804.3|2800.16|2796.02|2791.88|2796.34|2798.41|2800.48|2802.55|2810.83|2812.9|2814.97|2817.04|0.0|0.0|2822.7925|2808.13401|2804.45828|0|1770789219
1770713100|2812.09|2820.7|2807.24|2820.2|8398|M15|2824.66284|2830.32379|2811.03697|0.88948|0|2804.4813|2809.48539|2804.37127|2818.63013|2825.79443|2809.07197|2821.28801|2805.54071|2819.02327|2824.37737|2813.4676|2804.92361|2803.28329|2806.29413|2821.53366|2806.5838|2816.145|2820.7|2807.24|2815.0575|-1|1.0875|-1.0119|2874.04|2860.58|2847.12|2833.66|2826.93|2813.47|2806.74|2793.28|2779.82|2766.36|2780.32|2787.05|2793.78|2800.51|2827.43|2834.16|2840.89|2847.62|0.0|0.0|2809.96372|2820.5523|2807.83035|1|1770789219
1770714000|2821.19|2834.24|2819.13|2829.32|3664|M15|2823.22477|2836.08637|2821.67873|0.09811|-2|2822.33491|2829.68369|2813.93717|2838.96666|2835.13746|2849.80117|2836.0676|2818.88258|2833.56981|2839.46621|2825.82661|2818.2792|2815.11458|2817.80839|2834.41235|2818.6385|2825.255|2834.24|2819.13|2825.97|1|0.715|-0.29403|2889.76|2874.65|2859.54|2844.43|2836.875|2821.765|2814.21|2799.1|2783.99|2768.88|2788.91|2796.465|2804.02|2811.575|2841.795|2849.35|2856.905|2864.46|2838.16296|0.0|2822.98183|2834.53734|2818.39067|0|1770789219
1770714900|2826.87|2827.47|2819.85|2821.15|8132|M15|2823.4975|2827.05629|2809.73457|-2.89391|2|2821.34664|2828.75225|2818.89058|2823.51188|2837.33956|2821.49138|2828.35995|2818.15754|2830.00592|2824.98339|2830.3785|2819.63614|2824.85756|2817.9046|2827.79436|2819.60183|2824.01|2827.47|2819.85|2823.835|-1|0.175|-1.44246|2851.63|2844.01|2836.39|2828.77|2824.96|2817.34|2813.53|2805.91|2798.29|2790.67|2804.61|2808.42|2812.23|2816.04|2831.28|2835.09|2838.9|2842.71|0.0|2818.3777|2817.87032|2827.1575|2820.02392|0|1770789219
1770715800|2824.76|2825.71|2819.04|2822.29|3654|M15|2819.46062|2830.58943|2821.85143|-0.25459|-1|2818.68072|2815.2259|2835.59503|2825.40123|2833.01867|2839.25009|2826.38655|2818.10703|2826.40387|2824.16086|2818.74881|2818.14865|2819.20109|2825.71523|2826.15215|2818.74988|2823.525|2825.71|2819.04|2822.95|-1|0.575|0.2656|2848.97|2842.3|2835.63|2828.96|2825.625|2818.955|2815.62|2808.95|2802.28|2795.61|2805.7|2809.035|2812.37|2815.705|2829.045|2832.38|2835.715|2839.05|0.0|0.0|2807.40518|2825.05722|2819.84974|0|1770789219
1770716700|2827.35|2829.37|2824.14|2829.11|5153|M15|2832.29255|2830.67999|2823.41879|-1.25499|2|2824.85722|2820.2061|2809.36871|2828.81493|2834.20415|2812.69235|2830.04519|2822.92914|2831.72595|2828.74689|2836.1654|2823.70806|2829.12401|2824.10794|2829.77864|2823.7626|2828.23|2829.37|2824.14|2827.4925|-1|0.7375|-1.30152|2850.03|2844.8|2839.57|2834.34|2831.725|2826.495|2823.88|2818.65|2813.42|2808.19|2813.68|2816.295|2818.91|2821.525|2831.985|2834.6|2837.215|2839.83|0.0|0.0|2815.36341|2829.03528|2823.26648|0|1770789219
1770717600|2829.95|2834.93|2822.83|2825.39|1712|M15|2826.59672|2830.14387|2818.61248|-0.04217|2|2827.99058|2832.97933|2817.43964|2839.64769|2835.47323|2828.46816|2835.36428|2822.21039|2835.18487|2832.42808|2826.99505|2821.22659|2826.87393|2820.77204|2835.19613|2822.75501|2827.67|2834.93|2822.83|2828.275|1|0.605|1.12344|2873.79|2861.69|2849.59|2837.49|2831.44|2819.34|2813.29|2801.19|2789.09|2776.99|2798.63|2804.68|2810.73|2816.78|2840.98|2847.03|2853.08|2859.13|0.0|2820.18119|2821.7201|2834.4359|2822.45686|0|1770789219
1770718500|2829.99|2840.22|2829.86|2838.0|8896|M15|2845.58951|2829.05965|2847.01436|1.83538|-2|2834.47938|2823.09577|2845.61446|2845.02868|2848.86709|2836.04515|2840.44918|2829.68346|2840.30995|2837.64101|2835.54527|2832.63445|2835.20648|2829.95762|2841.11534|2829.83735|2833.995|2840.22|2829.86|2834.5175|1|0.5225|-1.81946|2879.44|2869.08|2858.72|2848.36|2843.18|2832.82|2827.64|2817.28|2806.92|2796.56|2809.14|2814.32|2819.5|2824.68|2845.4|2850.58|2855.76|2860.94|2843.94498|0.0|2851.54385|2840.1877|2829.24396|0|1770789219
1770719400|2841.01|2842.56|2834.59|2837.27|2606|M15|2835.0118|2838.97602|2831.31624|0.80734|0|2834.7173|2834.87788|2836.98512|2838.13343|2844.64329|2836.60395|2844.0923|2832.7619|2844.63387|2846.63681|2844.45175|2831.82054|2832.67851|2840.99474|2843.55153|2834.37732|2839.14|2842.56|2834.59|2838.8575|-1|0.2825|0.94569|2869.15|2861.18|2853.21|2845.24|2841.255|2833.285|2829.3|2821.33|2813.36|2805.39|2818.65|2822.635|2826.62|2830.605|2846.545|2850.53|2854.515|2858.5|0.0|0.0|2838.84464|2842.53782|2833.66559|0|1770789219
1770720300|2838.96|2840.8|2834.29|2840.71|7805|M15|2835.867|2836.72716|2846.22562|-1.81592|1|2838.02706|2828.72396|2829.16845|2845.22708|2840.32243|2841.31671|2842.03751|2834.2652|2839.52597|2843.89352|2840.36336|2836.48456|2829.5991|2842.21103|2841.36075|2834.03171|2839.835|2840.8|2834.29|2838.69|-1|1.145|-0.25909|2866.75|2860.24|2853.73|2847.22|2843.965|2837.455|2834.2|2827.69|2821.18|2814.67|2821.27|2824.525|2827.78|2831.035|2844.055|2847.31|2850.565|2853.82|2843.8606|0.0|2833.41423|2839.97536|2834.54719|1|1770789219
1770721200|2844.4|2849.38|2843.8|2848.17|8946|M15|2855.51368|2842.54915|2844.94936|0.08496|-1|2845.4872|2849.42039|2844.50595|2854.72662|2838.78506|2840.0567|2850.3278|2842.59682|2849.79955|2850.48989|2849.80408|2846.36253|2839.64789|2839.80057|2849.49948|2842.96324|2846.285|2849.38|2843.8|2846.4375|1|0.1525|-0.01565|2870.49|2864.91|2859.33|2853.75|2850.96|2845.38|2842.59|2837.01|2831.43|2825.85|2832.64|2835.43|2838.22|2841.01|2852.17|2854.96|2857.75|2860.54|0.0|2843.48441|2839.51629|2848.59487|2842.84648|0|1770789219
1770722100|2844.31|2849.66|2839.41|2845.81|9362|M15|2849.16381|2855.45658|2854.56368|-2.73365|1|2834.8502|2829.77432|2838.3|2844.04821|2838.90661|2846.04566|2850.89883|2838.93911|2848.94358|2847.1221|2843.33254|2838.87985|2842.02116|2839.89921|2850.14115|2839.08293|2845.06|2849.66|2839.41|2844.7975|-1|0.2625|1.51213|2886.81|2876.56|2866.31|2856.06|2850.935|2840.685|2835.56|2825.31|2815.06|2804.81|2818.91|2824.035|2829.16|2834.285|2854.785|2859.91|2865.035|2870.16|2852.62333|0.0|2856.26367|2849.92447|2839.81246|0|1770789219
1770723000|2849.68|2850.01|2841.14|2846.01|9445|M15|2846.22002|2850.26639|2855.00434|-2.53614|1|2837.76401|2847.53041|2856.90958|2846.6047|2850.31843|2836.09659|2851.47886|2841.00539|2849.39452|2844.85154|2852.10861|2839.72584|2845.26066|2836.23211|2850.33268|2840.52003|2847.845|2850.01|2841.14|2846.71|-1|1.135|-1.56006|2881.49|2872.62|2863.75|2854.88|2850.445|2841.575|2837.14|2828.27|2819.4|2810.53|2823.4|2827.835|2832.27|2836.705|2854.445|2858.88|2863.315|2867.75|0.0|2840.95625|2840.95976|2850.64528|2841.03644|0|1770789219
1770723900|2845.85|2848.9|2841.32|2845.77|7531|M15|2850.60014|2840.82787|2838.24654|-0.57193|1|2842.65983|2833.38396|2834.66796|2849.63675|2854.05535|2838.07621|2850.71272|2840.4672|2850.80679|2853.21097|2846.61563|2841.9173|2846.30829|2847.95145|2849.7922|2840.4951|2845.81|2848.9|2841.32|2845.46|-1|0.35|-1.5603|2876.09|2868.51|2860.93|2853.35|2849.56|2841.98|2838.19|2830.61|2823.03|2815.45|2826.16|2829.95|2833.74|2837.53|2852.69|2856.48|2860.27|2864.06|0.0|0.0|2849.53545|2848.18316|2841.54415|0|1770789219
1770724800|2849.0|2854.07|2846.36|2850.23|8488|M15|2845.28102|2853.73683|2841.61695|-2.08562|-1|2842.19471|2856.25345|2863.23353|2855.87182|2857.1421|2870.36954|2854.17348|2845.70516|2853.00372|2851.32716|2851.55521|2846.93731|2843.83257|2840.15492|2854.09358|2845.59707|2849.615|2854.07|2846.36|2849.915|1|0.3|1.06538|2881.07|2873.36|2865.65|2857.94|2854.085|2846.375|2842.52|2834.81|2827.1|2819.39|2830.94|2834.795|2838.65|2842.505|2857.925|2861.78|2865.635|2869.49|0.0|0.0|2854.84443|2854.3288|2845.72379|0|1770789219
1770725700|2850.27|2856.96|2845.28|2854.17|2624|M15|2851.75747|2846.30689|2848.93491|-0.82395|2|2849.63801|2841.34871|2849.56252|2860.88552|2855.56112|2857.40776|2858.1598|2845.14985|2858.08609|2851.25715|2858.81246|2846.35373|2849.72578|2840.81083|2857.82168|2844.53432|2852.22|2856.96|2845.28|2851.67|-1|0.55|1.30072|2900.89|2889.21|2877.53|2865.85|2860.01|2848.33|2842.49|2830.81|2819.13|2807.45|2821.92|2827.76|2833.6|2839.44|2862.8|2868.64|2874.48|2880.32|0.0|0.0|2847.62002|2855.98843|2844.367|0|1770789219
1770726600|2854.29|2858.75|2850.64|2853.85|3172|M15|2860.49074|2848.40603|2845.07757|-1.85672|0|2850.15181|2861.12086|2860.2709|2860.15783|2870.09463|2868.77635|2860.33568|2849.34411|2856.77943|2862.43667|2861.51225|2851.1818|2855.79546|2858.26594|2859.22272|2850.01597|2854.07|2858.75|2850.64|2854.3825|1|0.3125|-0.52624|2886.29|2878.18|2870.07|2861.96|2857.905|2849.795|2845.74|2837.63|2829.52|2821.41|2834.42|2838.475|2842.53|2846.585|2862.805|2866.86|2870.915|2874.97|2860.82814|0.0|2836.77189|2859.11603|2850.44733|0|1770789219
1770727500|2854.67|2856.67|2841.84|2846.06|1410|M15|2845.80814|2848.00634|2841.98687|-0.83684|-2|2836.23174|2849.37986|2841.47968|2851.27975|2856.86802|2854.56663|2858.03542|2840.53194|2855.22305|2857.92782|2851.98842|2843.96817|2842.26231|2834.1331|2857.51268|2841.24233|2850.365|2856.67|2841.84|2849.81|-1|0.555|1.01704|2905.38|2890.55|2875.72|2860.89|2853.475|2838.645|2831.23|2816.4|2801.57|2786.74|2812.18|2819.595|2827.01|2834.425|2864.085|2871.5|2878.915|2886.33|0.0|0.0|2861.53504|2856.26248|2841.9905|0|1770789219
1770728400|2844.03|2848.9|2841.84|2846.28|1196|M15|2853.12407|2853.16389|2854.67282|2.92948|-2|2845.55873|2837.01081|2829.0599|2850.13056|2838.53617|2845.23636|2849.30824|2840.98395|2848.92974|2846.74649|2856.03379|2839.8473|2841.54295|2842.04269|2849.02571|2840.87114|2845.155|2848.9|2841.84|2845.2625|1|0.1075|0.15973|2874.52|2867.46|2860.4|2853.34|2849.81|2842.75|2839.22|2832.16|2825.1|2818.04|2827.72|2831.25|2834.78|2838.31|2852.43|2855.96|2859.49|2863.02|0.0|2837.22483|2844.56887|2849.46371|2842.13586|0|1770789219
1770729300|2850.3|2854.93|2846.27|2852.02|5100|M15|2844.29336|2859.11673|2846.85873|1.32945|0|2840.67656|2846.23862|2836.47239|2856.36745|2851.59195|2869.76305|2855.82698|2845.63561|2852.79608|2859.3794|2856.64085|2844.02558|2846.37905|2853.37036|2855.4998|2845.48834|2851.16|2854.93|2846.27|2850.88|-1|0.28|1.94709|2886.66|2878.0|2869.34|2860.68|2856.35|2847.69|2843.36|2834.7|2826.04|2817.38|2828.95|2833.28|2837.61|2841.94|2859.26|2863.59|2867.92|2872.25|2858.15638|0.0|2858.96186|2855.68944|2846.57283|0|1770789219
1770730200|2856.88|2863.95|2853.55|2861.43|4534|M15|2859.04425|2853.69295|2869.22627|-0.64133|2|2850.0951|2846.13156|2868.2373|2859.60244|2858.51796|2877.35212|2865.27803|2852.87385|2862.17561|2858.61486|2866.06987|2854.64296|2858.25666|2855.28942|2864.14055|2852.71463|2859.155|2863.95|2853.55|2858.9525|-1|0.2025|0.55074|2903.03|2892.63|2882.23|2871.83|2866.63|2856.23|2851.03|2840.63|2830.23|2819.83|2832.75|2837.95|2843.15|2848.35|2869.15|2874.35|2879.55|2884.75|2865.86471|0.0|2847.97731|2863.73089|2852.73291|0|1770789219
1770731100|2857.41|2861.56|2856.38|2860.38|8797|M15|2858.08292|2863.32192|2872.4156|1.1982|-2|2854.59274|2854.40202|2865.42878|2863.54178|2863.86377|2863.84502|2863.46274|2854.75435|2864.18474|2862.76463|2853.05403|2855.25207|2860.63856|2856.82577|2861.65965|2855.38241|2858.895|2861.56|2856.38|2858.9325|1|0.0375|-1.09047|2881.1|2875.92|2870.74|2865.56|2862.97|2857.79|2855.2|2850.02|2844.84|2839.66|2846.02|2848.61|2851.2|2853.79|2864.15|2866.74|2869.33|2871.92|0.0|0.0|2857.75118|2862.16026|2856.82485|0|1770789219
1770732000|2864.45|2874.77|2863.55|2870.75|8523|M15|2867.3902|2874.15108|2874.54288|-1.61159|-1|2861.31179|2855.22582|2873.97193|2877.4169|2883.63538|2884.47864|2876.29804|2862.03537|2875.27321|2877.44042|2869.48917|2861.22569|2858.27694|2860.42903|2875.69881|2862.5818|2867.6|2874.77|2863.55|2868.38|1|0.78|-0.69905|2915.63|2904.41|2893.19|2881.97|2876.36|2865.14|2859.53|2848.31|2837.09|2825.87|2841.11|2846.72|2852.33|2857.94|2880.38|2885.99|2891.6|2897.21|0.0|0.0|2853.72629|2875.29273|2862.83681|0|1770789219
1770732900|2873.38|2878.11|2869.55|2872.22|8381|M15|2875.42331|2871.0926|2866.70647|-1.19761|1|2864.97969|2871.36406|2877.71187|2872.65634|2885.4813|2891.13719|2878.38723|2868.8353|2879.29679|2878.58796|2875.63411|2866.7295|2871.01351|2876.97141|2878.53534|2868.99428|2872.8|2878.11|2869.55|2873.315|1|0.515|0.78471|2906.46|2897.9|2889.34|2880.78|2876.5|2867.94|2863.66|2855.1|2846.54|2837.98|2852.43|2856.71|2860.99|2865.27|2882.39|2886.67|2890.95|2895.23|2879.34461|0.0|2875.02641|2877.64816|2868.97569|0|1770789219
1770733800|2867.59|2870.88|2858.34|2862.86|9338|M15|2861.04816|2856.79396|2865.81219|-0.89258|-1|2856.34325|2860.21461|2863.26082|2875.06852|2871.96941|2885.66439|2871.62648|2857.80802|2870.60334|2870.92337|2871.228|2857.20869|2857.54842|2850.02502|2871.29199|2857.42233|2865.225|2870.88|2858.34|2864.9175|-1|0.3075|-1.28459|2913.02|2900.48|2887.94|2875.4|2869.13|2856.59|2850.32|2837.78|2825.24|2812.7|2833.26|2839.53|2845.8|2852.07|2877.15|2883.42|2889.69|2895.96|0.0|0.0|2846.01705|2871.26868|2858.25705|0|1770789219
1770734700|2865.1|2866.69|2852.87|2856.36|2184|M15|2864.74015|2857.3721|2859.18727|1.60867|0|2853.55415|2846.94576|2845.52833|2872.12016|2855.40782|2860.72244|2868.30842|2851.94968|2866.84525|2861.85343|2865.19401|2850.06874|2849.79439|2847.3682|2866.98168|2851.96354|2860.73|2866.69|2852.87|2860.255|-1|0.475|0.91392|2911.64|2897.82|2884.0|2870.18|2863.27|2849.45|2842.54|2828.72|2814.9|2801.08|2825.23|2832.14|2839.05|2845.96|2873.6|2880.51|2887.42|2894.33|0.0|0.0|2864.54808|2867.47008|2852.05264|0|1770789219
1770735600|2852.73|2854.43|2848.82|2852.91|3513|M15|2857.97814|2845.03099|2861.40549|1.70147|1|2848.36159|2855.09897|2856.02951|2851.49874|2860.13261|2838.86398|2855.8798|2848.16562|2854.59487|2854.77981|2862.70618|2848.2403|2851.85444|2841.12638|2854.68788|2848.81536|2852.82|2854.43|2848.82|2852.2225|-1|0.5975|-0.87302|2875.35|2869.74|2864.13|2858.52|2855.715|2850.105|2847.3|2841.69|2836.08|2830.47|2837.6|2840.405|2843.21|2846.015|2857.235|2860.04|2862.845|2865.65|2854.58675|2847.81718|2860.72663|2853.86602|2849.11201|0|1770789219
1770736500|2852.49|2864.52|2847.68|2860.73|4926|M15|2862.3519|2869.14586|2856.27024|2.56245|1|2847.21797|2852.78249|2855.54807|2860.54881|2872.88601|2872.86854|2864.54579|2847.65199|2864.16087|2861.20471|2866.44049|2849.16898|2849.40527|2846.85461|2864.60379|2847.01901|2856.61|2864.52|2847.68|2856.355|-1|0.255|-0.8271|2928.09|2911.25|2894.41|2877.57|2869.15|2852.31|2843.89|2827.05|2810.21|2793.37|2814.0|2822.42|2830.84|2839.26|2872.94|2881.36|2889.78|2898.2|0.0|0.0|2852.43426|2864.72535|2846.98122|0|1770789219
1770737400|2864.69|2868.46|2857.43|2857.99|9495|M15|2860.33447|2858.78491|2843.98562|2.46729|-1|2853.44916|2854.85763|2870.18325|2864.57076|2871.95562|2867.05325|2870.18895|2857.01825|2870.95518|2867.39069|2869.63157|2854.80232|2853.54361|2857.13405|2869.20197|2856.50832|2861.34|2868.46|2857.43|2862.1425|1|0.8025|-1.16405|2902.11|2891.08|2880.05|2869.02|2863.505|2852.475|2846.96|2835.93|2824.9|2813.87|2835.37|2840.885|2846.4|2851.915|2873.975|2879.49|2885.005|2890.52|0.0|2853.00648|2861.14641|2868.196|2857.13978|1|1770789219
1770738300|2853.98|2856.22|2843.29|2847.72|5636|M15|2842.37867|2842.18795|2840.38945|2.55479|2|2843.67468|2840.79501|2833.4626|2852.25454|2846.97166|2861.79519|2856.51309|2842.69585|2858.73494|2859.94139|2857.60639|2841.19926|2845.08456|2840.54377|2856.65403|2843.03131|2850.85|2856.22|2843.29|2850.3025|-1|0.5475|1.98002|2899.44|2886.51|2873.58|2860.65|2854.185|2841.255|2834.79|2821.86|2808.93|2796.0|2817.43|2823.895|2830.36|2836.825|2862.685|2869.15|2875.615|2882.08|0.0|2842.66396|2830.86092|2856.02168|2842.53344|0|1770789219
1770739200|2852.94|2863.39|2852.06|2860.41|1697|M15|2863.01142|2858.95974|2859.00753|-0.813|2|2857.23494|2841.15828|2856.02486|2863.33958|2854.13063|2858.2228|2863.48679|2851.0221|2863.53811|2859.56991|2865.50184|2852.83972|2853.1218|2859.81886|2863.83385|2851.63239|2856.675|2863.39|2852.06|2857.2|1|0.525|-0.80051|2905.73|2894.4|2883.07|2871.74|2866.075|2854.745|2849.08|2837.75|2826.42|2815.09|2829.4|2835.065|2840.73|2846.395|2869.055|2874.72|2880.385|2886.05|2865.06611|0.0|2864.29287|2862.66354|2851.72018|0|1770789219
1770740100|2863.32|2872.82|2860.41|2867.91|8932|M15|2867.0492|2865.93287|2863.04618|2.38907|2|2861.24348|2863.16028|2854.65873|2870.82391|2878.59327|2869.79942|2874.34482|2860.3778|2874.56354|2870.675|2879.84142|2858.57532|2859.79325|2852.76625|2872.94707|2860.02458|2865.615|2872.82|2860.41|2866.115|1|0.5|-1.56994|2917.55|2905.14|2892.73|2880.32|2874.115|2861.705|2855.5|2843.09|2830.68|2818.27|2835.59|2841.795|2848.0|2854.205|2879.025|2885.23|2891.435|2897.64|0.0|2855.63364|2878.36823|2873.54428|2860.65439|0|1770789219
1770741000|2868.86|2877.73|2865.57|2873.5|2283|M15|2878.3731|2867.87835|2877.36946|-0.44184|0|2869.12918|2855.92792|2869.18131|2873.0415|2876.88404|2893.46024|2878.13633|2864.58187|2877.16718|2877.36473|2872.33214|2866.83687|2864.64823|2871.10001|2878.42903|2864.96925|2871.18|2877.73|2865.57|2871.415|1|0.235|-0.11214|2922.14|2909.98|2897.82|2885.66|2879.58|2867.42|2861.34|2849.18|2837.02|2824.86|2841.25|2847.33|2853.41|2859.49|2883.81|2889.89|2895.97|2902.05|0.0|0.0|2888.29553|2876.88833|2866.1115|0|1770789219
1770741900|2870.54|2879.07|2870.44|2874.45|7171|M15|2870.34276|2869.50356|2863.06734|2.19477|-2|2868.91635|2871.52984|2873.62532|2883.87574|2879.01616|2881.12279|2880.35741|2869.88236|2880.9686|2884.47653|2871.25718|2869.4914|2867.35257|2869.25728|2879.50022|2870.21478|2872.495|2879.07|2870.44|2873.625|1|1.13|-0.76301|2908.97|2900.34|2891.71|2883.08|2878.765|2870.135|2865.82|2857.19|2848.56|2839.93|2853.18|2857.495|2861.81|2866.125|2883.385|2887.7|2892.015|2896.33|2881.88744|0.0|2861.395|2878.60971|2869.52046|0|1770789219
1770742800|2875.58|2879.88|2874.98|2878.15|8708|M15|2875.76383|2874.27035|2874.73543|0.59232|-1|2874.95069|2868.86732|2887.57591|2874.94853|2890.66953|2876.26547|2881.67549|2874.37669|2880.55687|2877.68854|2881.5442|2872.69792|2875.46674|2866.70774|2880.04061|2874.61524|2876.865|2879.88|2874.98|2877.1475|1|0.2825|-1.82361|2897.75|2892.85|2887.95|2883.05|2880.6|2875.7|2873.25|2868.35|2863.45|2858.55|2865.18|2867.63|2870.08|2872.53|2882.33|2884.78|2887.23|2889.68|0.0|2874.86239|2883.47756|2879.63811|2874.23055|0|1770789219
1770743700|2874.43|2877.15|2867.43|2870.21|4711|M15|2877.88839|2867.41014|2866.24202|-1.05923|1|2864.76488|2861.90017|2859.27355|2878.9376|2871.91723|2869.13723|2877.47549|2865.53115|2874.9551|2881.98062|2884.20988|2864.9231|2861.80058|2859.97835|2877.37658|2866.45644|2872.32|2877.15|2867.43|2872.305|-1|0.015|-0.76573|2909.09|2899.37|2889.65|2879.93|2875.07|2865.35|2860.49|2850.77|2841.05|2831.33|2847.99|2852.85|2857.71|2862.57|2882.01|2886.87|2891.73|2896.59|0.0|2866.35587|2883.63267|2878.12155|2867.51328|0|1770789219
1770744600|2868.71|2873.52|2864.03|2868.03|8865|M15|2874.84072|2869.27932|2881.98093|-1.3591|2|2858.83719|2853.80252|2867.81983|2876.05572|2879.26209|2867.24018|2874.96313|2862.43559|2871.56671|2877.27331|2872.16669|2865.80129|2859.05113|2864.93932|2873.82356|2864.02614|2868.37|2873.52|2864.03|2868.5725|1|0.2025|1.40856|2905.99|2896.5|2887.01|2877.52|2872.775|2863.285|2858.54|2849.05|2839.56|2830.07|2845.05|2849.795|2854.54|2859.285|2878.265|2883.01|2887.755|2892.5|0.0|0.0|2874.48848|2873.90688|2864.40924|0|1770789219
1770745500|2867.92|2868.25|2861.86|2864.19|7263|M15|2870.84606|2857.0502|2875.38281|-2.00179|-1|2864.22065|2851.01541|2856.41236|2869.68366|2859.06529|2855.33476|2869.57885|2860.30765|2867.56494|2865.26976|2870.37391|2862.98502|2865.78449|2861.02357|2869.18209|2861.68006|2866.055|2868.25|2861.86|2865.555|-1|0.5|0.11693|2889.75|2883.36|2876.97|2870.58|2867.385|2860.995|2857.8|2851.41|2845.02|2838.63|2849.08|2852.275|2855.47|2858.665|2871.445|2874.64|2877.835|2881.03|0.0|2859.08326|2863.15675|2867.50005|2861.32106|0|1770789219
1770746400|2866.7|2872.09|2866.54|2870.08|5406|M15|2868.09429|2878.94376|2871.76775|1.73687|1|2870.45521|2867.34533|2849.65566|2869.82597|2872.33225|2865.88943|2872.49964|2865.09672|2870.80594|2877.58691|2872.2887|2865.93019|2871.82192|2871.69634|2872.19956|2866.37971|2868.39|2872.09|2866.54|2868.8525|1|0.4625|-1.01375|2892.28|2886.73|2881.18|2875.63|2872.855|2867.305|2864.53|2858.98|2853.43|2847.88|2855.44|2858.215|2860.99|2863.765|2874.865|2877.64|2880.415|2883.19|0.0|0.0|2864.64287|2872.40214|2867.39096|1|1770789219
1770747300|2866.63|2867.44|2857.01|2858.09|2013|M15|2858.23864|2851.38501|2846.40523|1.91541|-1|2852.5439|2867.33941|2863.17455|2869.64767|2857.54189|2878.06901|2867.49896|2856.5465|2868.42594|2868.57376|2873.73417|2855.01921|2854.10498|2861.94567|2867.51569|2856.93177|2862.36|2867.44|2857.01|2862.2925|-1|0.0675|-0.00874|2899.81|2889.38|2878.95|2868.52|2863.305|2852.875|2847.66|2837.23|2826.8|2816.37|2836.15|2841.365|2846.58|2851.795|2872.655|2877.87|2883.085|2888.3|2871.45333|0.0|2847.06828|2867.67839|2856.14454|0|1770789219
1770748200|2856.19|2857.84|2850.54|2854.08|5945|M15|2845.89654|2861.11536|2866.40756|0.03641|1|2847.84952|2857.66766|2862.581|2861.22385|2851.48283|2852.43158|2858.44558|2849.71869|2859.19365|2857.30815|2858.38711|2848.89132|2850.3523|2854.80054|2858.78529|2850.34375|2855.135|2857.84|2850.54|2854.6625|-1|0.4725|0.31074|2883.28|2875.98|2868.68|2861.38|2857.73|2850.43|2846.78|2839.48|2832.18|2824.88|2835.94|2839.59|2843.24|2846.89|2861.49|2865.14|2868.79|2872.44|0.0|0.0|2847.43326|2858.06452|2851.23509|0|1770789219
1770749100|2852.52|2856.37|2848.43|2850.45|5979|M15|2849.05566|2849.08267|2861.12817|-2.40355|-1|2850.61396|2839.44387|2840.55104|2860.68812|2860.22441|2865.77331|2857.0636|2847.56989|2856.84531|2854.54385|2858.87581|2850.41378|2847.31408|2856.36571|2856.42536|2847.76725|2851.485|2856.37|2848.43|2851.9425|1|0.4575|0.93167|2882.21|2874.27|2866.33|2858.39|2854.42|2846.48|2842.51|2834.57|2826.63|2818.69|2832.55|2836.52|2840.49|2844.46|2860.34|2864.31|2868.28|2872.25|0.0|0.0|2842.12938|2856.05208|2848.99838|0|1770789219
1770750000|2853.14|2856.68|2843.87|2846.53|4504|M15|2845.06632|2847.75184|2838.35858|0.10618|0|2843.18621|2851.24255|2850.93275|2853.81561|2861.1802|2864.98304|2857.51649|2843.76348|2856.37566|2861.97613|2857.81123|2841.36873|2849.34878|2839.0409|2856.97323|2843.56894|2849.835|2856.68|2843.87|2850.055|1|0.22|-1.06072|2897.77|2884.96|2872.15|2859.34|2852.935|2840.125|2833.72|2820.91|2808.1|2795.29|2818.25|2824.655|2831.06|2837.465|2863.085|2869.49|2875.895|2882.3|0.0|0.0|2846.41184|2857.49036|2843.77802|0|1770789219
1770750900|2849.53|2853.67|2836.28|2840.06|5502|M15|2836.42953|2830.91401|2843.60272|0.5805|2|2832.71339|2836.22785|2845.58285|2852.98311|2856.95659|2850.03915|2854.54326|2835.93655|2852.56507|2854.6689|2853.94122|2836.79091|2838.6204|2830.21125|2853.88856|2835.67439|2844.795|2853.67|2836.28|2844.885|1|0.09|-1.9295|2909.62|2892.23|2874.84|2857.45|2848.755|2831.365|2822.67|2805.28|2787.89|2770.5|2801.5|2810.195|2818.89|2827.585|2862.365|2871.06|2879.755|2888.45|0.0|0.0|2826.12566|2852.991|2837.01479|0|1770789219
1770751800|2838.57|2839.74|2831.21|2832.39|5595|M15|2829.6136|2842.96039|2837.29812|-1.78515|2|2834.89097|2821.6706|2816.55347|2834.36544|2832.52806|2824.88459|2840.98434|2829.34699|2842.25252|2835.91912|2843.07172|2830.99134|2833.96742|2838.85173|2840.15262|2830.41479|2835.48|2839.74|2831.21|2835.4775|-1|0.0025|0.84064|2866.51|2857.98|2849.45|2840.92|2836.655|2828.125|2823.86|2815.33|2806.8|2798.27|2814.15|2818.415|2822.68|2826.945|2844.005|2848.27|2852.535|2856.8|0.0|2828.13832|2825.54174|2840.46698|2830.64267|1|1770789219
1770752700|2831.68|2836.15|2826.56|2826.8|7956|M15|2832.04779|2837.94593|2820.76501|2.0499|-1|2826.54383|2830.12056|2818.56564|2836.66348|2831.73846|2831.2798|2836.40716|2826.43349|2833.84592|2832.94237|2839.07654|2828.65206|2825.49411|2822.84197|2836.16495|2826.27093|2829.24|2836.15|2826.56|2830.2975|1|1.0575|-1.31032|2865.16|2855.57|2845.98|2836.39|2831.595|2822.005|2817.21|2807.62|2798.03|2788.44|2807.38|2812.175|2816.97|2821.765|2840.945|2845.74|2850.535|2855.33|2838.81982|0.0|2839.7385|2836.93479|2825.63623|0|1770789219
1770753600|2826.1|2829.25|2825.29|2827.53|5615|M15|2819.59049|2832.46615|2838.07053|-2.38586|2|2824.02938|2829.42946|2819.51611|2828.4424|2818.84905|2824.65309|2830.88361|2825.13515|2829.55074|2834.27185|2824.71497|2823.04618|2829.70844|2829.13368|2829.27131|2825.06335|2826.815|2829.25|2825.29|2827.0425|1|0.2275|0.73613|2843.37|2839.41|2835.45|2831.49|2829.51|2825.55|2823.57|2819.61|2815.65|2811.69|2817.37|2819.35|2821.33|2823.31|2831.23|2833.21|2835.19|2837.17|2829.92496|2822.04623|2829.90656|2828.7225|2826.2748|0|1770789219
1770754500|2824.07|2829.15|2820.08|2826.52|8656|M15|2831.5853|2824.60804|2818.43428|-2.36459|-2|2816.25185|2824.84045|2830.33712|2829.93911|2822.47611|2843.01964|2830.57505|2818.88557|2828.78561|2824.2009|2830.75671|2820.52309|2822.96058|2817.41747|2829.17525|2819.86985|2825.295|2829.15|2820.08|2824.955|-1|0.34|1.79074|2862.8|2853.73|2844.66|2835.59|2831.055|2821.985|2817.45|2808.38|2799.31|2790.24|2801.94|2806.475|2811.01|2815.545|2833.685|2838.22|2842.755|2847.29|2831.68983|2818.57599|2815.46575|2828.8241|2820.13652|0|1770789219
1770755400|2828.46|2837.47|2824.11|2834.59|4258|M15|2826.10139|2834.81414|2823.39792|-1.31161|1|2823.54492|2831.80107|2818.35324|2836.80378|2844.11291|2849.40842|2838.59718|2823.70187|2835.50736|2839.09347|2840.05513|2823.73737|2818.60025|2826.74343|2837.86434|2823.94329|2831.525|2837.47|2824.11|2831.1575|-1|0.3675|-0.81929|2888.03|2874.67|2861.31|2847.95|2841.27|2827.91|2821.23|2807.87|2794.51|2781.15|2797.39|2804.07|2810.75|2817.43|2844.15|2850.83|2857.51|2864.19|2839.88851|0.0|2829.37346|2838.38845|2824.02863|0|1770789219
1770756300|2838.08|2840.6|2833.79|2835.95|8455|M15|2842.44333|2825.52225|2844.42011|2.51063|2|2828.81632|2841.8927|2849.37844|2837.50472|2847.87237|2846.38747|2841.55864|2833.57079|2839.10133|2844.47361|2842.75789|2832.13081|2828.36244|2838.66019|2841.35177|2832.9025|2837.015|2840.6|2833.79|2837.105|1|0.09|0.75121|2863.19|2856.38|2849.57|2842.76|2839.355|2832.545|2829.14|2822.33|2815.52|2808.71|2820.17|2823.575|2826.98|2830.385|2844.005|2847.41|2850.815|2854.22|0.0|0.0|2844.75864|2840.23045|2833.20897|1|1770789219
1770757200|2832.89|2836.34|2823.81|2825.45|1312|M15|2827.39832|2820.95373|2833.78436|-1.05318|-1|2825.87924|2828.99782|2830.01147|2831.18272|2846.89408|2822.24947|2837.83057|2822.98806|2835.09697|2836.97483|2832.04799|2823.32931|2819.2406|2819.64784|2836.50967|2822.89445|2829.17|2836.34|2823.81|2829.6225|1|0.4525|-1.2966|2875.57|2863.04|2850.51|2837.98|2831.715|2819.185|2812.92|2800.39|2787.86|2775.33|2798.75|2805.015|2811.28|2817.545|2842.605|2848.87|2855.135|2861.4|0.0|0.0|2830.72842|2835.97183|2824.20992|0|1770789219
1770758100|2822.31|2825.43|2814.3|2817.03|9755|M15|2821.93325|2808.61122|2808.34309|1.57489|-1|2810.11846|2808.68824|2822.17374|2827.32032|2817.81951|2834.15364|2825.47376|2814.2083|2828.16511|2830.26623|2820.65894|2816.45353|2818.12463|2816.05558|2825.53315|2813.56028|2819.67|2825.43|2814.3|2819.7675|1|0.0975|-0.16959|2861.55|2850.42|2839.29|2828.16|2822.595|2811.465|2805.9|2794.77|2783.64|2772.51|2792.04|2797.605|2803.17|2808.735|2830.995|2836.56|2842.125|2847.69|2826.31511|0.0|2824.30834|2825.96735|2813.59363|0|1770789219
1770759000|2815.29|2824.15|2812.38|2824.12|1408|M15|2819.67871|2817.99361|2810.88694|-0.87897|-1|2813.82423|2806.08737|2796.62959|2825.10615|2823.41452|2826.13425|2824.59254|2810.8333|2823.09009|2820.6103|2822.99237|2811.08871|2815.17676|2805.57446|2824.84684|2812.18113|2819.705|2824.15|2812.38|2818.985|-1|0.72|0.26095|2871.2|2859.43|2847.66|2835.89|2830.005|2818.235|2812.35|2800.58|2788.81|2777.04|2788.84|2794.725|2800.61|2806.495|2830.035|2835.92|2841.805|2847.69|0.0|0.0|2830.25|2823.62306|2811.46298|0|1770789219
1770759900|2828.16|2834.21|2828.04|2829.39|1281|M15|2832.17466|2833.44196|2832.09345|2.93524|0|2831.93199|2827.24849|2812.41706|2831.32613|2836.89208|2846.1919|2836.0888|2827.77049|2832.05219|2831.93178|2834.7329|2829.7304|2828.45258|2823.66774|2835.2048|2827.93406|2828.775|2834.21|2828.04|2829.95|1|1.175|0.65773|2854.07|2847.9|2841.73|2835.56|2832.475|2826.305|2823.22|2817.05|2810.88|2804.71|2815.7|2818.785|2821.87|2824.955|2837.295|2840.38|2843.465|2846.55|2838.75201|0.0|2812.97978|2834.47651|2827.70474|0|1770789219
1770760800|2831.24|2835.39|2831.03|2831.32|9314|M15|2824.29484|2832.12228|2824.7225|-0.64343|-2|2826.70326|2830.89812|2846.4915|2838.1473|2840.60737|2845.97947|2836.24071|2830.68718|2836.79273|2830.36156|2835.9038|2828.627|2831.75638|2826.83912|2835.61522|2830.94925|2831.28|2835.39|2831.03|2832.245|1|0.965|1.84391|2848.76|2844.4|2840.04|2835.68|2833.5|2829.14|2826.96|2822.6|2818.24|2813.88|2822.31|2824.49|2826.67|2828.85|2837.57|2839.75|2841.93|2844.11|0.0|0.0|2846.92667|2834.84164|2830.80275|0|1770789219
1770761700|2835.37|2836.22|2826.52|2829.22|5975|M15|2827.30595|2819.64241|2829.12116|1.58929|-2|2822.26363|2834.03868|2835.46396|2838.80423|2830.31488|2839.66584|2836.32605|2824.65693|2833.8596|2831.94587|2837.16205|2826.85643|2830.26868|2825.62318|2836.35222|2825.88752|2832.295|2836.22|2826.52|2831.8325|-1|0.4625|-0.08742|2868.02|2858.32|2848.62|2838.92|2834.07|2824.37|2819.52|2809.82|2800.12|2790.42|2807.12|2811.97|2816.82|2821.67|2841.07|2845.92|2850.77|2855.62|0.0|2824.55887|2816.75383|2835.83151|2827.1088|0|1770789219
1770762600|2827.36|2835.59|2825.64|2834.33|7733|M15|2837.62099|2827.15194|2836.53211|-0.40932|1|2824.77432|2824.42531|2838.40624|2837.68036|2833.5865|2843.88698|2836.76136|2825.42373|2838.2387|2837.52549|2839.48872|2827.49085|2821.4185|2817.36786|2835.82922|2824.88688|2830.845|2835.59|2825.64|2830.73|-1|0.115|1.58274|2874.13|2864.18|2854.23|2844.28|2839.305|2829.355|2824.38|2814.43|2804.48|2794.53|2805.74|2810.715|2815.69|2820.665|2840.565|2845.54|2850.515|2855.49|0.0|0.0|2837.2338|2835.503|2824.65941|0|1770789219
1770763500|2831.19|2832.43|2821.34|2823.4|5850|M15|2815.15888|2828.32645|2831.36521|-0.43783|2|2815.92271|2831.65571|2809.56252|2834.95399|2832.26443|2829.2028|2834.03435|2821.21496|2830.6055|2834.53537|2826.50079|2822.44715|2818.58709|2825.87916|2832.79844|2820.52031|2827.295|2832.43|2821.34|2827.09|-1|0.205|-1.58969|2867.76|2856.67|2845.58|2834.49|2828.945|2817.855|2812.31|2801.22|2790.13|2779.04|2799.16|2804.705|2810.25|2815.795|2837.975|2843.52|2849.065|2854.61|0.0|2819.93112|2825.44059|2832.4621|2821.72525|0|1770789219
1770764400|2817.69|2818.39|2809.68|2809.9|2627|M15|2809.73792|2805.85203|2798.12405|2.13703|0|2813.93407|2803.83274|2802.87922|2818.09742|2810.08668|2818.38305|2819.49374|2807.90003|2820.61889|2813.78841|2820.88094|2811.89473|2812.12823|2803.37533|2818.93196|2808.9356|2813.795|2818.39|2809.68|2813.915|1|0.12|-0.48253|2844.74|2836.03|2827.32|2818.61|2814.255|2805.545|2801.19|2792.48|2783.77|2775.06|2792.26|2796.615|2800.97|2805.325|2822.745|2827.1|2831.455|2835.81|0.0|2804.79822|2801.93829|2817.532|2809.12469|0|1770789219
1770765300|2810.17|2821.9|2808.66|2819.54|4898|M15|2816.36669|2817.30358|2832.54625|-2.47939|-2|2811.02897|2805.95247|2802.7188|2822.08516|2818.7775|2830.33669|2823.30662|2807.30304|2820.20039|2827.11339|2823.35056|2810.69762|2810.49154|2815.51101|2822.64766|2808.04051|2814.855|2821.9|2808.66|2815.0675|1|0.2125|1.81826|2872.5|2859.26|2846.02|2832.78|2826.16|2812.92|2806.3|2793.06|2779.82|2766.58|2782.18|2788.8|2795.42|2802.04|2828.52|2835.14|2841.76|2848.38|2825.91427|2805.5087|2822.40815|2821.71659|2808.46497|1|1770789219
1770766200|2821.99|2825.62|2816.38|2821.14|4842|M15|2818.80808|2819.03708|2808.78034|-2.24733|2|2815.17843|2811.52639|2820.61126|2828.00489|2818.48609|2819.55681|2826.10904|2814.43795|2826.9501|2821.91997|2821.01852|2814.31633|2810.76278|2816.59394|2826.39645|2816.03583|2821.565|2825.62|2816.38|2821.2825|-1|0.2825|0.74906|2858.1|2848.86|2839.62|2830.38|2825.76|2816.52|2811.9|2802.66|2793.42|2784.18|2797.9|2802.52|2807.14|2811.76|2830.24|2834.86|2839.48|2844.1|0.0|2815.31686|2829.84378|2825.44854|2816.84791|0|1770789219
1770767100|2822.95|2828.24|2818.93|2827.12|7652|M15|2821.90807|2829.92102|2828.61886|2.71524|2|2823.11174|2818.27897|2825.06669|2823.94048|2826.31739|2818.6792|2829.69589|2817.57065|2825.62929|2828.73589|2834.76566|2819.09237|2820.58067|2825.62975|2828.3921|2818.66416|2825.035|2828.24|2818.93|2824.31|-1|0.725|-0.15971|2864.36|2855.05|2845.74|2836.43|2831.775|2822.465|2817.81|2808.5|2799.19|2789.88|2800.31|2804.965|2809.62|2814.275|2832.895|2837.55|2842.205|2846.86|0.0|0.0|2827.26628|2827.42795|2818.18526|0|1770789219