timestamp|open|high|low|close|volume|timeframe|tema|hrma|smma|Z-Score of body size|Candle classification|diag_asc_line_1|diag_asc_line_2|diag_asc_line_3|diag_desc_line_1|diag_desc_line_2|diag_desc_line_3|diag_high_map|diag_low_map|horiz_peak_line_1|horiz_peak_line_2|horiz_peak_line_3|horiz_bottom_line_1|horiz_bottom_line_2|horiz_bottom_line_3|horiz_high_map|horiz_low_map|ha_open|ha_high|ha_low|ha_close|ha_classification|ha_body_size|ha_body_zscore|kc_ultra_extreme_upper|kc_extreme_upper|kc_uppermost|kc_upper|kc_upper_middle|kc_lower_middle|kc_lower|kc_lowermost|kc_extreme_lower|kc_ultra_extreme_lower|sr_support_4|sr_support_3|sr_support_2|sr_support_1|sr_resistance_1|sr_resistance_2|sr_resistance_3|sr_resistance_4|zigzag_peak|zigzag_bottom|ema_26|dual_tema_high|dual_tema_low|pinbar|collected_at
1770595200|2648.54|2651.19|2639.61|2641.01|1769|M5|2636.74179|2640.32028|2646.78084|2.86172|-1|2641.53616|2646.7569|2635.46426|2648.94695|2652.88352|2666.42908|2653.09008|2639.16786|2649.88814|2650.66433|2649.22752|2640.77215|2636.53986|2632.29329|2651.3811|2639.42119|2644.775|2651.19|2639.61|2645.0875|1|0.3125|-1.1508|2687.33|2675.75|2664.17|2652.59|2646.8|2635.22|2629.43|2617.85|2606.27|2594.69|2616.45|2622.24|2628.03|2633.82|2656.98|2662.77|2668.56|2674.35|0.0|2636.31626|2632.86045|2651.59062|2639.92759|1|1770789219
1770595500|2643.78|2656.89|2639.21|2653.72|8375|M5|2653.20204|2661.12202|2641.12896|-1.29952|2|2639.53113|2644.28217|2647.89552|2657.59335|2650.67983|2656.29763|2657.6497|2638.16637|2655.62926|2659.54188|2658.43411|2639.46619|2636.84256|2636.93749|2657.25321|2638.39301|2648.75|2656.89|2639.21|2648.4|-1|0.35|0.10161|2724.44|2706.76|2689.08|2671.4|2662.56|2644.88|2636.04|2618.36|2600.68|2583.0|2603.85|2612.69|2621.53|2630.37|2665.73|2674.57|2683.41|2692.25|0.0|0.0|2666.33684|2657.69998|2639.43616|0|1770789219
1770595800|2655.59|2659.6|2654.03|2658.13|7034|M5|2665.78047|2649.7269|2649.62347|1.46506|-1|2654.79699|2659.0714|2647.43588|2660.26154|2659.94723|2648.92033|2661.3718|2653.13581|2658.86164|2657.33357|2660.17117|2653.66838|2651.51356|2647.45834|2660.36466|2653.84111|2656.86|2659.6|2654.03|2656.8375|-1|0.0225|0.08055|2680.41|2674.84|2669.27|2663.7|2660.915|2655.345|2652.56|2646.99|2641.42|2635.85|2642.89|2645.675|2648.46|2651.245|2662.385|2665.17|2667.955|2670.74|2662.44351|0.0|2651.68061|2658.85227|2654.2706|0|1770789219
1770596100|2656.91|2657.55|2648.94|2648.98|6983|M5|2643.7143|2654.01392|2651.12892|1.99467|1|2649.19519|2644.50914|2638.49317|2652.8942|2667.15577|2652.64113|2658.81458|2647.36325|2657.50211|2655.5695|2660.9672|2647.47381|2650.32446|2656.64133|2658.0389|2648.17688|2652.945|2657.55|2648.94|2653.095|1|0.15|1.45564|2683.42|2674.81|2666.2|2657.59|2653.285|2644.675|2640.37|2631.76|2623.15|2614.54|2631.72|2636.025|2640.33|2644.635|2661.855|2666.16|2670.465|2674.77|0.0|0.0|2651.78273|2658.1669|2648.31933|0|1770789219
1770596400|2648.66|2654.63|2644.61|2653.41|2085|M5|2648.20745|2643.81168|2649.10704|1.78005|2|2641.47262|2650.018|2643.12456|2649.32189|2650.37562|2652.28305|2656.24346|2643.26489|2652.12311|2652.43122|2661.07189|2645.34622|2646.15747|2646.47185|2654.81505|2644.53356|2651.035|2654.63|2644.61|2650.3275|-1|0.7075|0.02965|2693.49|2683.47|2673.45|2663.43|2658.42|2648.4|2643.39|2633.37|2623.35|2613.33|2624.57|2629.58|2634.59|2639.6|2659.64|2664.65|2669.66|2674.67|2654.69605|0.0|2664.82662|2653.86872|2645.33242|0|1770789219
1770596700|2648.16|2654.19|2647.49|2651.87|9318|M5|2645.51625|2657.37052|2652.17727|1.5647|-2|2644.53945|2638.56327|2636.01536|2652.86876|2655.72036|2642.86149|2656.07564|2645.86676|2652.59501|2649.69696|2647.0331|2648.42272|2650.26015|2650.85916|2654.22539|2646.90301|2650.015|2654.19|2647.49|2650.4275|1|0.4125|-0.31784|2678.67|2671.97|2665.27|2658.57|2655.22|2648.52|2645.17|2638.47|2631.77|2625.07|2634.09|2637.44|2640.79|2644.14|2657.54|2660.89|2664.24|2667.59|2657.58607|2644.45424|2662.52578|2654.55953|2648.12962|0|1770789219
1770597000|2646.21|2656.26|2645.95|2653.21|1514|M5|2650.91665|2658.53073|2663.54945|-1.77075|1|2650.87696|2639.8163|2634.63381|2656.49911|2654.1872|2661.20341|2656.70527|2645.94952|2656.62931|2653.03964|2663.04851|2645.39869|2644.08163|2639.06733|2656.97634|2645.60896|2649.71|2656.26|2645.95|2650.4075|1|0.6975|-0.8743|2694.45|2684.14|2673.83|2663.52|2658.365|2648.055|2642.9|2632.59|2622.28|2611.97|2625.33|2630.485|2635.64|2640.795|2661.415|2666.57|2671.725|2676.88|2658.79903|0.0|2668.18616|2657.22848|2646.76142|0|1770789219
1770597300|2651.25|2652.95|2648.99|2650.86|3910|M5|2652.3317|2644.37013|2656.6234|-0.87138|0|2643.77709|2647.85091|2634.36172|2657.15943|2647.87513|2661.1783|2653.04021|2648.54906|2650.68659|2652.78934|2658.17106|2649.75907|2653.38161|2643.7714|2653.58039|2648.21815|2651.055|2652.95|2648.99|2651.0125|-1|0.0425|1.82831|2666.7|2662.74|2658.78|2654.82|2652.84|2648.88|2646.9|2642.94|2638.98|2635.02|2641.07|2643.05|2645.03|2647.01|2654.93|2656.91|2658.89|2660.87|0.0|0.0|2664.17241|2653.26749|2648.62564|0|1770789219
1770597600|2646.86|2648.82|2641.58|2645.84|1175|M5|2641.95414|2647.05551|2650.25054|2.2944|2|2640.29239|2642.12557|2630.39872|2646.34601|2656.52043|2634.59699|2650.71344|2640.93437|2646.2541|2645.93739|2647.57347|2640.50297|2642.33464|2640.27224|2649.09275|2640.79459|2646.35|2648.82|2641.58|2645.775|-1|0.575|0.00275|2674.8|2667.56|2660.32|2653.08|2649.46|2642.22|2638.6|2631.36|2624.12|2616.88|2627.1|2630.72|2634.34|2637.96|2652.44|2656.06|2659.68|2663.3|2648.90064|2639.18874|2648.96192|2647.89735|2640.85693|0|1770789219
1770597900|2646.05|2647.85|2642.81|2643.7|2842|M5|2641.53596|2654.22991|2649.52594|-2.1979|-2|2642.74852|2653.31069|2656.84856|2651.78027|2657.8314|2660.77818|2648.59158|2642.62794|2646.41805|2650.07322|2648.30712|2643.16564|2647.22586|2648.75614|2648.17664|2642.10866|2644.875|2647.85|2642.81|2645.1025|1|0.2275|-1.06876|2663.86|2658.82|2653.78|2648.74|2646.22|2641.18|2638.66|2633.62|2628.58|2623.54|2632.73|2635.25|2637.77|2640.29|2650.37|2652.89|2655.41|2657.93|2648.81735|0.0|2630.47749|2647.33507|2642.52397|1|1770789219
1770598200|2640.74|2650.59|2637.47|2649.34|9025|M5|2651.83274|2657.25308|2659.30511|0.52222|-1|2639.31719|2637.78546|2633.17557|2652.73487|2659.86963|2656.18451|2651.93689|2636.6211|2652.43027|2649.22838|2644.11502|2637.67215|2639.55672|2633.18999|2651.28649|2636.57558|2645.04|2650.59|2637.47|2644.535|-1|0.505|0.54022|2701.82|2688.7|2675.58|2662.46|2655.9|2642.78|2636.22|2623.1|2609.98|2596.86|2611.23|2617.79|2624.35|2630.91|2657.15|2663.71|2670.27|2676.83|0.0|0.0|2661.17438|2650.16891|2636.89762|0|1770789219
1770598500|2651.24|2651.88|2641.73|2643.63|6676|M5|2646.66975|2647.3406|2653.46435|1.97923|0|2637.54017|2634.41134|2647.38896|2650.48578|2658.5947|2637.88295|2652.71223|2641.2525|2653.7047|2646.78167|2655.92874|2641.22095|2641.63148|2647.86863|2652.6631|2641.44243|2647.435|2651.88|2641.73|2647.12|-1|0.315|0.08341|2684.23|2674.08|2663.93|2653.78|2648.705|2638.555|2633.48|2623.33|2613.18|2603.03|2621.43|2626.505|2631.58|2636.655|2656.955|2662.03|2667.105|2672.18|0.0|0.0|2633.0764|2651.4286|2640.79547|0|1770789219
1770598800|2638.06|2641.35|2634.59|2637.91|5517|M5|2640.82076|2628.87719|2649.07559|2.05517|0|2637.22228|2641.73917|2633.25282|2638.90683|2632.45495|2625.68011|2642.10231|2633.1351|2641.00968|2644.24804|2643.17114|2635.82846|2633.26047|2628.09812|2641.82959|2634.04912|2637.985|2641.35|2634.59|2637.9775|-1|0.0075|0.61388|2664.95|2658.19|2651.43|2644.67|2641.29|2634.53|2631.15|2624.39|2617.63|2610.87|2621.07|2624.45|2627.83|2631.21|2644.73|2648.11|2651.49|2654.87|2645.84839|0.0|2637.30438|2640.39677|2634.41273|0|1770789219
1770599100|2634.08|2637.22|2626.41|2630.84|8807|M5|2625.6125|2622.30728|2630.85788|-2.34183|-2|2625.76969|2631.78442|2641.67437|2641.80407|2643.53217|2628.17171|2637.60555|2626.20279|2634.74677|2638.94496|2633.55805|2624.06902|2622.90634|2619.5301|2637.59436|2626.35262|2632.46|2637.22|2626.41|2632.1375|-1|0.3225|1.53429|2674.08|2663.27|2652.46|2641.65|2636.245|2625.435|2620.03|2609.22|2598.41|2587.6|2604.79|2610.195|2615.6|2621.005|2642.625|2648.03|2653.435|2658.84|0.0|0.0|2615.91324|2638.21988|2625.68217|0|1770789219
1770599400|2633.82|2637.6|2626.99|2628.99|6944|M5|2634.40729|2622.29596|2637.49747|-1.07502|1|2631.06582|2631.11589|2612.82126|2632.45962|2630.35343|2633.62286|2639.59742|2626.94084|2638.45939|2640.82335|2642.69016|2628.44918|2623.63718|2629.80984|2637.72515|2626.15545|2631.405|2637.6|2626.99|2631.85|1|0.445|0.3557|2671.43|2660.82|2650.21|2639.6|2634.295|2623.685|2618.38|2607.77|2597.16|2586.55|2605.77|2611.075|2616.38|2621.685|2642.905|2648.21|2653.515|2658.82|0.0|2624.35981|2627.12252|2636.83204|2627.09368|0|1770789219
1770599700|2628.92|2633.96|2625.97|2629.66|2235|M5|2622.17189|2626.43359|2624.39107|-0.0613|1|2625.25172|2635.75311|2627.84065|2631.39789|2643.29083|2642.11203|2635.86691|2625.73471|2633.97544|2630.16931|2626.13905|2626.63776|2620.77823|2633.66463|2634.11168|2625.17178|2629.29|2633.96|2625.97|2629.6275|1|0.3375|1.30368|2661.62|2653.63|2645.64|2637.65|2633.655|2625.665|2621.67|2613.68|2605.69|2597.7|2609.99|2613.985|2617.98|2621.975|2637.955|2641.95|2645.945|2649.94|2636.20301|0.0|2642.47227|2633.65469|2626.47377|0|1770789219
1770600000|2632.65|2645.66|2628.76|2642.18|3819|M5|2643.27975|2637.41414|2644.79069|1.56098|-2|2629.98366|2621.83937|2633.50617|2641.06499|2639.4274|2652.61931|2646.90623|2628.04892|2646.26395|2648.56985|2645.28287|2630.42853|2633.70016|2621.33627|2645.98195|2628.10419|2637.415|2645.66|2628.76|2637.3125|-1|0.1025|1.89804|2709.78|2692.88|2675.98|2659.08|2650.63|2633.73|2625.28|2608.38|2591.48|2574.58|2594.96|2603.41|2611.86|2620.31|2654.11|2662.56|2671.01|2679.46|0.0|0.0|2657.44799|2644.78912|2629.17515|0|1770789219
1770600300|2640.74|2648.08|2636.56|2646.26|9772|M5|2644.63564|2644.72678|2645.55004|-0.04258|1|2637.6855|2630.59566|2635.56514|2645.44197|2639.13053|2636.78237|2649.60561|2635.95838|2647.8799|2646.55068|2640.81557|2634.59187|2637.57349|2631.611|2648.32279|2636.42834|2643.5|2648.08|2636.56|2642.91|-1|0.59|-0.90673|2692.34|2680.82|2669.3|2657.78|2652.02|2640.5|2634.74|2623.22|2611.7|2600.18|2613.52|2619.28|2625.04|2630.8|2653.84|2659.6|2665.36|2671.12|0.0|2636.02469|2636.07035|2649.04893|2635.57507|0|1770789219
1770600600|2649.87|2659.76|2646.64|2656.63|4611|M5|2649.42839|2666.39519|2652.72396|-1.63029|-2|2642.62533|2644.90206|2633.20059|2657.32813|2649.14929|2673.4898|2661.46525|2646.25959|2657.84946|2657.39899|2667.59202|2646.16824|2641.88212|2654.55465|2660.41991|2646.62853|2653.25|2659.76|2646.64|2653.225|-1|0.025|1.10458|2709.11|2695.99|2682.87|2669.75|2663.19|2650.07|2643.51|2630.39|2617.27|2604.15|2620.4|2626.96|2633.52|2640.08|2666.32|2672.88|2679.44|2686.0|0.0|0.0|2644.26044|2659.34255|2647.03088|0|1770789219
1770600900|2650.47|2657.56|2650.31|2655.86|3189|M5|2652.36841|2646.62435|2668.05989|-0.70255|-1|2652.81455|2657.49504|2648.54923|2653.08912|2654.98424|2660.90383|2657.60293|2648.36808|2655.25494|2660.60429|2651.4672|2647.90962|2646.71045|2653.26764|2658.28077|2649.33637|2653.165|2657.56|2650.31|2653.55|1|0.385|-1.05483|2684.86|2677.61|2670.36|2663.11|2659.485|2652.235|2648.61|2641.36|2634.11|2626.86|2635.81|2639.435|2643.06|2646.685|2661.185|2664.81|2668.435|2672.06|0.0|0.0|2646.0447|2658.09469|2651.27042|0|1770789219
1770601200|2652.52|2654.45|2638.9|2642.53|4669|M5|2647.87034|2632.16406|2635.05295|-2.04155|-2|2643.64073|2641.15201|2623.22991|2650.97365|2645.76613|2654.39839|2656.23008|2636.97791|2656.22113|2659.18019|2647.64623|2638.37632|2635.24852|2631.33727|2655.34535|2638.71816|2647.525|2654.45|2638.9|2647.1|-1|0.425|-0.9805|2704.73|2689.18|2673.63|2658.08|2650.305|2634.755|2626.98|2611.43|2595.88|2580.33|2607.8|2615.575|2623.35|2631.125|2662.225|2670.0|2677.775|2685.55|0.0|0.0|2634.7934|2654.44692|2638.97311|0|1770789219
1770601500|2644.59|2657.67|2641.08|2653.21|9619|M5|2659.31204|2655.65617|2656.15221|2.46238|-1|2641.15029|2636.69075|2656.28642|2660.93675|2649.98504|2662.58422|2658.66956|2639.65028|2657.84434|2661.70375|2665.15968|2639.04096|2637.54891|2634.7961|2657.94616|2640.87328|2648.9|2657.67|2641.08|2649.1375|1|0.2375|1.73999|2719.57|2702.98|2686.39|2669.8|2661.505|2644.915|2636.62|2620.03|2603.44|2586.85|2607.9|2616.195|2624.49|2632.785|2665.965|2674.26|2682.555|2690.85|0.0|0.0|2640.77991|2657.93191|2641.37147|0|1770789219
1770601800|2656.13|2669.15|2655.6|2665.19|1752|M5|2663.67222|2655.00429|2675.05085|-0.92221|-1|2660.21197|2648.84408|2662.99274|2669.39851|2659.53642|2661.35095|2670.5293|2655.20811|2667.93931|2669.34669|2667.32284|2655.80258|2654.91369|2659.91092|2669.44318|2655.03596|2660.66|2669.15|2655.6|2661.5175|1|0.8575|-1.27203|2719.39|2705.84|2692.29|2678.74|2671.965|2658.415|2651.64|2638.09|2624.54|2610.99|2628.5|2635.275|2642.05|2648.825|2675.925|2682.7|2689.475|2696.25|0.0|0.0|2649.90348|2669.61959|2654.83914|0|1770789219
1770602100|2664.46|2666.99|2659.58|2666.82|1603|M5|2662.82474|2662.22964|2667.52463|-1.48929|2|2655.2783|2651.86347|2666.2137|2670.03092|2660.62396|2666.32621|2668.08036|2658.64161|2664.54683|2671.11724|2662.70596|2660.17618|2659.90928|2656.29304|2667.59242|2659.51181|2665.64|2666.99|2659.58|2664.4625|-1|1.1775|1.94475|2696.46|2689.05|2681.64|2674.23|2670.525|2663.115|2659.41|2652.0|2644.59|2637.18|2644.76|2648.465|2652.17|2655.875|2670.695|2674.4|2678.105|2681.81|0.0|0.0|2655.72395|2666.3582|2659.95931|0|1770789219
1770602400|2663.11|2674.5|2661.62|2672.39|8761|M5|2677.0649|2666.78109|2671.97183|1.62331|-1|2663.95433|2652.416|2658.20934|2676.38676|2669.56036|2672.46407|2675.37879|2661.53597|2676.37145|2673.05979|2667.51745|2663.20155|2662.86016|2655.8973|2675.15869|2661.36624|2667.75|2674.5|2661.62|2667.905|1|0.155|-0.72391|2723.91|2711.03|2698.15|2685.27|2678.83|2665.95|2659.51|2646.63|2633.75|2620.87|2635.86|2642.3|2648.74|2655.18|2680.94|2687.38|2693.82|2700.26|2679.37922|0.0|2657.375|2674.4881|2661.06102|0|1770789219
1770602700|2668.02|2674.8|2664.21|2674.46|4595|M5|2679.37076|2671.46345|2661.27223|2.81996|-2|2666.4181|2671.73202|2673.67124|2675.66408|2671.55732|2682.58117|2676.33985|2663.04072|2672.61301|2676.8679|2680.25733|2662.75039|2669.14401|2671.13492|2675.73649|2663.58806|2671.24|2674.8|2664.21|2670.3725|-1|0.8675|0.14947|2716.82|2706.23|2695.64|2685.05|2679.755|2669.165|2663.87|2653.28|2642.69|2632.1|2643.03|2648.325|2653.62|2658.915|2680.095|2685.39|2690.685|2695.98|0.0|2664.09458|2683.45816|2675.7459|2664.94063|0|1770789219
1770603000|2673.16|2682.15|2668.88|2680.6|7271|M5|2684.23358|2689.28085|2682.88055|-1.04635|-1|2672.29396|2671.87578|2657.6962|2686.10611|2674.29591|2680.54258|2682.98083|2668.7647|2682.31753|2686.49167|2689.48476|2668.22914|2672.6033|2675.42224|2682.81196|2668.29599|2676.88|2682.15|2668.88|2676.1975|-1|0.6825|-1.31497|2733.68|2720.41|2707.14|2693.87|2687.235|2673.965|2667.33|2654.06|2640.79|2627.52|2642.34|2648.975|2655.61|2662.245|2688.785|2695.42|2702.055|2708.69|0.0|0.0|2677.41199|2682.76815|2667.94515|0|1770789219
1770603300|2683.59|2691.52|2682.84|2689.27|9025|M5|2693.96247|2699.22053|2693.4386|2.23243|1|2687.00412|2672.59432|2685.96992|2694.71398|2692.92768|2702.72446|2693.23197|2682.42546|2693.42914|2696.75561|2689.54219|2680.31223|2681.01911|2686.37148|2691.61383|2682.39126|2686.43|2691.52|2682.84|2686.805|1|0.375|-0.45201|2723.99|2715.31|2706.63|2697.95|2693.61|2684.93|2680.59|2671.91|2663.23|2654.55|2665.48|2669.82|2674.16|2678.5|2695.86|2700.2|2704.54|2708.88|0.0|2679.62739|2688.21799|2691.41421|2682.54352|0|1770789219
1770603600|2689.41|2693.94|2678.25|2680.73|4527|M5|2673.81692|2679.69375|2693.58548|2.58223|2|2683.03646|2671.40121|2675.66889|2693.38914|2699.70799|2683.08566|2695.15329|2677.63533|2691.43456|2691.37913|2697.39455|2679.61538|2676.0145|2673.8409|2694.49571|2677.40751|2685.07|2693.94|2678.25|2685.5825|1|0.5125|-1.43039|2743.49|2727.8|2712.11|2696.42|2688.575|2672.885|2665.04|2649.35|2633.66|2617.97|2646.87|2654.715|2662.56|2670.405|2701.785|2709.63|2717.475|2725.32|0.0|0.0|2675.98264|2694.28082|2678.22692|0|1770789219
1770603900|2679.6|2684.12|2675.57|2678.45|4919|M5|2673.93384|2681.48113|2678.40016|2.60479|-2|2675.34198|2676.89259|2670.99196|2686.06499|2679.79233|2675.79051|2684.84759|2673.60652|2686.1922|2680.9394|2684.55985|2678.16457|2674.02623|2668.8184|2684.70041|2674.98113|2679.025|2684.12|2675.57|2679.435|1|0.41|0.96523|2712.65|2704.1|2695.55|2687.0|2682.725|2674.175|2669.9|2661.35|2652.8|2644.25|2658.47|2662.745|2667.02|2671.295|2688.395|2692.67|2696.945|2701.22|0.0|0.0|2670.91511|2684.28954|2674.93444|0|1770789219
1770604200|2681.3|2688.63|2680.06|2684.83|9237|M5|2683.07446|2683.78324|2672.8477|1.00192|1|2675.80323|2677.56972|2677.83418|2689.93002|2680.7807|2692.73273|2690.11508|2678.89888|2690.92668|2690.23447|2685.00783|2680.29814|2680.90451|2672.52133|2689.54358|2679.79746|2683.065|2688.63|2680.06|2683.705|1|0.64|-1.558|2719.11|2710.54|2701.97|2693.4|2689.115|2680.545|2676.26|2667.69|2659.12|2650.55|2662.92|2667.205|2671.49|2675.775|2692.915|2697.2|2701.485|2705.77|0.0|0.0|2675.95635|2688.86359|2680.95284|0|1770789219
1770604500|2682.3|2685.45|2671.9|2675.67|3616|M5|2671.65643|2672.15967|2674.80368|-2.08271|2|2672.59613|2671.56967|2687.55304|2686.56008|2683.89007|2675.48718|2686.94207|2671.24653|2686.8166|2690.25188|2682.74099|2674.27149|2668.94973|2673.20387|2685.74013|2671.03411|2678.985|2685.45|2671.9|2678.83|-1|0.155|0.09968|2729.87|2716.32|2702.77|2689.22|2682.445|2668.895|2662.12|2648.57|2635.02|2621.47|2644.8|2651.575|2658.35|2665.125|2692.225|2699.0|2705.775|2712.55|2687.50197|0.0|2691.06583|2685.14634|2671.90295|0|1770789219
1770604800|2673.43|2678.28|2669.77|2673.54|3319|M5|2673.94984|2664.05496|2668.80957|2.45912|-2|2670.59067|2673.03677|2679.03854|2679.40864|2680.53437|2671.45406|2679.83556|2668.09511|2675.61643|2680.31025|2677.34909|2670.40129|2670.66998|2670.92936|2678.37286|2668.88207|2673.485|2678.28|2669.77|2673.755|1|0.27|1.81599|2707.58|2699.07|2690.56|2682.05|2677.795|2669.285|2665.03|2656.52|2648.01|2639.5|2652.75|2657.005|2661.26|2665.515|2682.535|2686.79|2691.045|2695.3|2679.01913|0.0|2667.92103|2678.88765|2670.10582|0|1770789219
1770605100|2675.41|2680.75|2671.47|2675.82|6598|M5|2683.2892|2666.34709|2669.67218|2.83043|-1|2666.32156|2661.84945|2685.61049|2676.06767|2671.0941|2676.86012|2680.94589|2670.63181|2683.1501|2676.52829|2680.26113|2670.1731|2674.79795|2674.51047|2681.31918|2671.45325|2675.615|2680.75|2671.47|2675.8625|1|0.2475|-1.51053|2712.94|2703.66|2694.38|2685.1|2680.46|2671.18|2666.54|2657.26|2647.98|2638.7|2652.91|2657.55|2662.19|2666.83|2685.39|2690.03|2694.67|2699.31|2680.80775|0.0|2662.2995|2679.76711|2671.07001|0|1770789219
1770605400|2678.68|2682.48|2673.72|2678.06|4746|M5|2679.16369|2676.54518|2680.35816|-2.06319|2|2677.40853|2679.32516|2678.79625|2680.55276|2684.87167|2689.48365|2683.01304|2671.96388|2684.12085|2682.93255|2680.22121|2675.33099|2676.22466|2681.48652|2682.75712|2672.98496|2678.37|2682.48|2673.72|2678.235|-1|0.135|-1.34833|2713.1|2704.34|2695.58|2686.82|2682.44|2673.68|2669.3|2660.54|2651.78|2643.02|2656.2|2660.58|2664.96|2669.34|2686.86|2691.24|2695.62|2700.0|2682.6875|0.0|2693.37711|2682.56204|2674.53715|0|1770789219
1770605700|2674.33|2679.42|2671.25|2676.38|2385|M5|2683.49732|2668.7349|2675.17899|0.05642|-2|2670.16182|2675.49637|2658.57847|2675.4628|2685.699|2682.56214|2680.62729|2670.96973|2680.82849|2682.94989|2684.39335|2673.60198|2676.02784|2667.05004|2680.28291|2671.00285|2675.355|2679.42|2671.25|2675.345|-1|0.01|-0.89473|2709.06|2700.89|2692.72|2684.55|2680.465|2672.295|2668.21|2660.04|2651.87|2643.7|2654.91|2658.995|2663.08|2667.165|2683.505|2687.59|2691.675|2695.76|0.0|0.0|2670.86157|2679.04396|2672.00826|1|1770789219
1770606000|2681.19|2683.28|2674.95|2676.29|8693|M5|2668.50414|2673.1463|2678.9913|0.99456|0|2670.81408|2680.11567|2686.45535|2686.51721|2683.68074|2671.13104|2684.75917|2674.09433|2680.81836|2678.51272|2685.28418|2675.09876|2678.99248|2670.31923|2683.47616|2674.84411|2678.74|2683.28|2674.95|2678.9275|1|0.1875|-1.19511|2709.61|2701.28|2692.95|2684.62|2680.455|2672.125|2667.96|2659.63|2651.3|2642.97|2658.29|2662.455|2666.62|2670.785|2687.445|2691.61|2695.775|2699.94|2686.92247|2673.80152|2661.70989|2682.93088|2675.2761|0|1770789219
1770606300|2679.14|2687.2|2675.77|2686.19|4886|M5|2691.57529|2681.02687|2685.93997|0.07884|-2|2677.9464|2678.1071|2674.78845|2686.86956|2696.00638|2672.98868|2688.49631|2675.05691|2686.72843|2686.0903|2693.30381|2677.30228|2674.28148|2668.60544|2688.19349|2675.49789|2682.665|2687.2|2675.77|2682.075|-1|0.59|0.85515|2731.91|2720.48|2709.05|2697.62|2691.905|2680.475|2674.76|2663.33|2651.9|2640.47|2652.91|2658.625|2664.34|2670.055|2692.915|2698.63|2704.345|2710.06|0.0|0.0|2672.93662|2688.15318|2675.7478|0|1770789219
1770606600|2686.7|2688.42|2677.57|2679.84|7946|M5|2674.37915|2678.7343|2679.9789|0.00034|1|2676.11564|2687.46341|2665.85897|2688.66831|2680.5274|2700.16578|2688.64528|2676.96379|2687.89503|2691.15494|2685.41992|2674.93806|2680.21701|2676.16009|2688.50668|2676.80345|2683.27|2688.42|2677.57|2683.1325|-1|0.1375|-1.51015|2723.24|2712.39|2701.54|2690.69|2685.265|2674.415|2668.99|2658.14|2647.29|2636.44|2655.87|2661.295|2666.72|2672.145|2693.845|2699.27|2704.695|2710.12|0.0|0.0|2694.02819|2688.46723|2678.35232|0|1770789219
1770606900|2686.23|2690.97|2682.87|2688.44|2502|M5|2696.40437|2695.79452|2678.28321|-1.4563|0|2685.37609|2683.4797|2691.2878|2689.23678|2698.40182|2695.30576|2691.24942|2681.9294|2690.54289|2691.60221|2688.50389|2682.81501|2679.52163|2677.0021|2691.21782|2682.28291|2687.335|2690.97|2682.87|2687.1275|-1|0.2075|-1.19368|2720.84|2712.74|2704.64|2696.54|2692.49|2684.39|2680.34|2672.24|2664.14|2656.04|2666.67|2670.72|2674.77|2678.82|2695.02|2699.07|2703.12|2707.17|2695.03556|0.0|2693.94541|2690.2196|2682.80737|0|1770789219
1770607200|2683.55|2693.45|2680.92|2688.75|3739|M5|2681.02644|2695.33384|2694.25647|1.50645|1|2679.09395|2688.12828|2674.64706|2690.41595|2693.55303|2703.93985|2693.50269|2679.41576|2693.1067|2692.84515|2699.57824|2679.54331|2683.07656|2687.81516|2694.0995|2680.25665|2686.15|2693.45|2680.92|2686.6675|1|0.5175|0.63627|2738.87|2726.34|2713.81|2701.28|2695.015|2682.485|2676.22|2663.69|2651.16|2638.63|2655.86|2662.125|2668.39|2674.655|2699.715|2705.98|2712.245|2718.51|2697.74711|0.0|2701.1098|2693.28289|2680.6704|0|1770789219
1770607500|2686.18|2690.62|2685.47|2686.77|4329|M5|2685.64515|2691.28442|2680.53292|-2.87811|2|2688.71263|2681.92318|2696.45969|2687.61416|2688.74832|2704.63582|2690.77222|2685.34065|2691.74755|2692.37373|2693.37298|2682.97007|2688.24858|2686.69922|2691.60579|2685.30502|2686.475|2690.62|2685.47|2687.26|1|0.785|-0.05809|2707.37|2702.22|2697.07|2691.92|2689.345|2684.195|2681.62|2676.47|2671.32|2666.17|2675.17|2677.745|2680.32|2682.895|2693.195|2695.77|2698.345|2700.92|2692.91105|0.0|2680.66705|2691.52097|2685.8683|0|1770789219
1770607800|2684.12|2688.17|2676.14|2677.99|3729|M5|2676.69103|2677.46589|2676.77747|0.15128|-2|2672.15529|2679.54064|2680.51906|2693.2587|2696.11677|2673.70083|2689.01271|2675.13936|2687.63465|2687.67905|2692.12079|2675.46545|2675.03055|2669.40417|2688.79711|2675.4397|2681.055|2688.17|2676.14|2681.605|1|0.55|-1.06382|2726.11|2714.08|2702.05|2690.02|2684.005|2671.975|2665.96|2653.93|2641.9|2629.87|2652.08|2658.095|2664.11|2670.125|2694.185|2700.2|2706.215|2712.23|2691.1765|0.0|2693.1244|2688.08232|2676.098|0|1770789219
1770608100|2675.89|2680.61|2667.68|2670.55|9562|M5|2665.05785|2677.9581|2661.08866|2.69244|-2|2666.43469|2669.22912|2662.0247|2678.36547|2673.04661|2685.99871|2682.16301|2667.27967|2683.03937|2683.7045|2675.1447|2670.11255|2666.58899|2670.92402|2680.9587|2666.91797|2673.22|2680.61|2667.68|2673.6825|1|0.4625|0.91393|2722.27|2709.34|2696.41|2683.48|2677.015|2664.085|2657.62|2644.69|2631.76|2618.83|2641.82|2648.285|2654.75|2661.215|2687.075|2693.54|2700.005|2706.47|0.0|0.0|2680.89069|2679.82512|2667.01949|0|1770789219
1770608400|2674.94|2685.85|2674.54|2681.2|9610|M5|2679.49535|2691.42037|2687.37243|1.59985|-2|2675.10561|2681.81993|2689.89048|2688.16783|2694.76337|2671.90847|2686.77132|2674.07068|2687.32941|2689.86456|2679.4275|2674.25325|2676.18415|2678.44005|2686.32176|2674.10464|2678.07|2685.85|2674.54|2679.1325|1|1.0625|-1.23451|2726.44|2715.13|2703.82|2692.51|2686.855|2675.545|2669.89|2658.58|2647.27|2635.96|2651.92|2657.575|2663.23|2668.885|2691.505|2697.16|2702.815|2708.47|0.0|2672.01972|2668.67744|2684.96684|2675.48145|0|1770789219
1770608700|2676.93|2680.41|2668.24|2671.05|9496|M5|2667.59629|2679.91614|2659.68509|0.21039|1|2665.71324|2670.91223|2662.48279|2682.29133|2691.00664|2683.05525|2681.55803|2666.47363|2681.48955|2681.88963|2688.21231|2669.78201|2666.14232|2665.46978|2680.96913|2667.83569|2673.99|2680.41|2668.24|2674.1575|1|0.1675|0.10035|2719.73|2707.56|2695.39|2683.22|2677.135|2664.965|2658.88|2646.71|2634.54|2622.37|2643.9|2649.985|2656.07|2662.155|2686.495|2692.58|2698.665|2704.75|0.0|0.0|2685.45991|2679.68229|2668.94711|1|1770789219
1770609000|2669.88|2673.94|2664.01|2664.33|1312|M5|2672.1305|2656.87058|2667.03291|0.04194|-2|2661.59111|2664.10784|2655.69688|2670.168|2663.90196|2661.95464|2675.88313|2663.45616|2675.94211|2678.54498|2674.83093|2663.13845|2668.71015|2667.15552|2674.79826|2663.11051|2667.105|2673.94|2664.01|2668.04|1|0.935|0.24798|2704.05|2694.12|2684.19|2674.26|2669.295|2659.365|2654.4|2644.47|2634.54|2624.61|2644.15|2649.115|2654.08|2659.045|2678.905|2683.87|2688.835|2693.8|0.0|0.0|2679.97767|2673.98408|2663.26324|0|1770789219
1770609300|2669.8|2679.59|2668.26|2678.09|4442|M5|2674.41454|2680.72887|2670.81333|-0.3804|1|2667.25762|2675.12235|2669.60558|2679.40754|2685.65984|2691.46678|2681.35862|2667.94681|2682.17111|2681.73151|2683.41674|2666.66306|2669.55449|2670.1889|2680.24706|2668.22362|2673.945|2679.59|2668.26|2673.935|-1|0.01|-0.00321|2723.41|2712.08|2700.75|2689.42|2683.755|2672.425|2666.76|2655.43|2644.1|2632.77|2645.6|2651.265|2656.93|2662.595|2685.255|2690.92|2696.585|2702.25|0.0|2664.14996|2674.26911|2679.21103|2668.90709|0|1770789219
1770609600|2675.28|2678.64|2672.26|2674.48|2831|M5|2675.90176|2683.37276|2674.71115|-2.43443|1|2669.73562|2671.54576|2676.5442|2676.63552|2677.36893|2669.79217|2679.80894|2671.59414|2678.95033|2676.46136|2675.52315|2673.93629|2675.4841|2676.50265|2678.89562|2671.74979|2674.88|2678.64|2672.26|2675.165|1|0.285|-0.54366|2700.0|2693.62|2687.24|2680.86|2677.67|2671.29|2668.1|2661.72|2655.34|2648.96|2659.5|2662.69|2665.88|2669.07|2681.83|2685.02|2688.21|2691.4|0.0|0.0|2658.96309|2679.32519|2671.82329|1|1770789219
1770609900|2674.82|2679.49|2673.22|2679.16|2150|M5|2672.25571|2674.69753|2685.70006|1.19902|1|2670.34938|2680.74919|2676.22985|2683.64837|2672.88586|2664.92719|2680.28555|2672.37|2676.88847|2676.57104|2685.73162|2673.34703|2675.77357|2677.71389|2679.8304|2672.54265|2676.99|2679.49|2673.22|2676.6725|-1|0.3175|-1.15232|2704.24|2697.97|2691.7|2685.43|2682.295|2676.025|2672.89|2666.62|2660.35|2654.08|2660.68|2663.815|2666.95|2670.085|2682.625|2685.76|2688.895|2692.03|0.0|0.0|2684.21474|2678.73322|2672.51087|0|1770789219
1770610200|2675.31|2676.18|2671.36|2671.97|2908|M5|2671.52779|2662.63762|2663.38148|-2.22765|-1|2673.11573|2666.58423|2658.0229|2678.9076|2685.71234|2663.82826|2677.69491|2669.50506|2677.74937|2676.49118|2669.90905|2668.89543|2670.13407|2671.97559|2676.93513|2671.1136|2673.64|2676.18|2671.36|2673.705|1|0.065|-1.93402|2691.25|2686.43|2681.61|2676.79|2674.38|2669.56|2667.15|2662.33|2657.51|2652.69|2661.72|2664.13|2666.54|2668.95|2678.59|2681.0|2683.41|2685.82|0.0|2670.78036|2676.75157|2675.49986|2671.47846|0|1770789219
1770610500|2671.19|2677.8|2671.14|2676.49|5528|M5|2673.20586|2678.94859|2679.29894|-0.17638|0|2676.15834|2677.2199|2672.71966|2673.06528|2681.67169|2682.29623|2679.68145|2669.28127|2676.87201|2673.71113|2680.34799|2671.31466|2667.50666|2674.48893|2678.55397|2670.98441|2673.84|2677.8|2671.14|2674.155|1|0.315|1.46905|2703.13|2696.47|2689.81|2683.15|2679.82|2673.16|2669.83|2663.17|2656.51|2649.85|2657.82|2661.15|2664.48|2667.81|2681.13|2684.46|2687.79|2691.12|2679.51983|0.0|2668.18951|2678.58512|2671.65387|0|1770789219
1770610800|2680.53|2682.77|2675.75|2681.03|7773|M5|2686.78569|2677.59002|2669.45455|-0.65022|-2|2678.81795|2675.38003|2684.09583|2677.50674|2673.77375|2695.02992|2683.10473|2674.04657|2682.77419|2683.66505|2685.87542|2676.10288|2676.84927|2676.99983|2683.50879|2675.30153|2680.78|2682.77|2675.75|2680.02|-1|0.76|1.14663|2709.11|2702.09|2695.07|2688.05|2684.54|2677.52|2674.01|2666.99|2659.97|2652.95|2661.71|2665.22|2668.73|2672.24|2686.28|2689.79|2693.3|2696.81|0.0|2673.304|2666.4572|2683.58192|2676.67042|0|1770789219
1770611100|2684.49|2696.83|2682.43|2693.73|7523|M5|2693.08492|2695.79418|2705.95242|-1.99801|1|2680.91891|2684.69428|2682.94972|2696.75754|2695.39214|2692.95105|2698.71379|2682.31108|2695.20012|2694.65851|2695.10237|2680.2709|2686.39857|2674.93873|2697.63435|2681.98806|2689.11|2696.83|2682.43|2689.37|1|0.26|1.00159|2751.33|2736.93|2722.53|2708.13|2700.93|2686.53|2679.33|2664.93|2650.53|2636.13|2653.63|2660.83|2668.03|2675.23|2704.03|2711.23|2718.43|2725.63|2698.80354|0.0|2703.36777|2697.24857|2683.31353|0|1770789219
1770611400|2691.4|2702.31|2687.55|2699.67|5114|M5|2705.87988|2708.71534|2686.76342|1.83941|-1|2688.62423|2679.98889|2685.39885|2697.30836|2709.29891|2686.94676|2702.70709|2685.85793|2702.31005|2706.27444|2709.28933|2685.67172|2683.38825|2681.76862|2702.48738|2687.10084|2695.535|2702.31|2687.55|2695.2325|-1|0.3025|-1.88687|2758.71|2743.95|2729.19|2714.43|2707.05|2692.29|2684.91|2670.15|2655.39|2640.63|2658.03|2665.41|2672.79|2680.17|2709.69|2717.07|2724.45|2731.83|0.0|0.0|2688.04347|2701.37103|2687.99964|0|1770789219
1770611700|2702.08|2705.3|2691.56|2694.36|5433|M5|2687.33435|2704.63174|2703.53572|-0.34297|0|2690.60936|2686.23314|2678.9395|2710.70422|2714.22732|2691.62549|2707.07069|2691.24124|2707.1885|2703.08223|2713.2157|2691.22282|2693.33634|2696.71074|2705.56192|2691.48503|2698.22|2705.3|2691.56|2698.325|1|0.105|-1.03821|2749.32|2735.58|2721.84|2708.1|2701.23|2687.49|2680.62|2666.88|2653.14|2639.4|2664.08|2670.95|2677.82|2684.69|2712.17|2719.04|2725.91|2732.78|0.0|2687.19768|2688.95465|2705.45578|2691.44051|0|1770789219
1770612000|2695.91|2702.87|2695.16|2701.69|3535|M5|2698.60451|2704.38421|2701.66366|1.75262|2|2698.14924|2687.10078|2685.31396|2701.43634|2699.09048|2700.82887|2703.70421|2693.8997|2703.55321|2707.34996|2699.63752|2695.15642|2692.40109|2694.15093|2702.99963|2694.42061|2698.8|2702.87|2695.16|2698.9075|1|0.1075|0.81399|2732.53|2724.82|2717.11|2709.4|2705.545|2697.835|2693.98|2686.27|2678.56|2670.85|2679.74|2683.595|2687.45|2691.305|2706.725|2710.58|2714.435|2718.29|0.0|0.0|2711.65882|2702.27367|2695.97704|0|1770789219
1770612300|2702.88|2712.08|2698.83|2708.59|9885|M5|2715.29164|2714.56272|2704.36836|-0.70692|1|2698.6735|2697.28765|2694.63225|2706.67954|2711.80388|2709.56096|2712.52201|2698.76612|2714.49796|2715.86162|2708.79001|2698.59504|2700.88094|2697.29693|2712.23143|2698.39525|2705.735|2712.08|2698.83|2705.595|-1|0.14|-1.38486|2761.59|2748.34|2735.09|2721.84|2715.215|2701.965|2695.34|2682.09|2668.84|2655.59|2672.33|2678.955|2685.58|2692.205|2718.705|2725.33|2731.955|2738.58|0.0|0.0|2723.74259|2711.5857|2699.55671|0|1770789219
1770612600|2708.73|2711.88|2705.29|2706.46|9511|M5|2709.26093|2708.74338|2705.31117|-2.61472|2|2703.5474|2710.74787|2703.24517|2712.16709|2707.49671|2701.31115|2712.33125|2703.5574|2714.25967|2707.39514|2711.88544|2705.50628|2710.16735|2706.64835|2712.71382|2705.08659|2707.595|2711.88|2705.29|2708.09|1|0.495|0.17596|2732.82|2726.23|2719.64|2713.05|2709.755|2703.165|2699.87|2693.28|2686.69|2680.1|2692.11|2695.405|2698.7|2701.995|2715.175|2718.47|2721.765|2725.06|0.0|0.0|2716.9777|2711.30902|2705.021|0|1770789219
1770612900|2709.09|2712.24|2699.17|2701.08|8050|M5|2696.50757|2691.7021|2707.69877|0.15855|1|2701.24871|2706.26116|2684.16326|2707.69804|2714.55183|2697.7281|2712.75491|2697.8389|2710.89877|2716.19012|2715.49138|2697.4032|2696.54254|2703.53916|2712.81656|2698.72002|2705.085|2712.24|2699.17|2705.395|1|0.31|1.47553|2753.36|2740.29|2727.22|2714.15|2707.615|2694.545|2688.01|2674.94|2661.87|2648.8|2673.03|2679.565|2686.1|2692.635|2718.775|2725.31|2731.845|2738.38|2716.25426|0.0|2686.0924|2711.43522|2698.18258|0|1770789219
1770613200|2705.3|2708.6|2702.08|2705.03|5263|M5|2701.23951|2704.51429|2700.08212|0.31545|1|2697.73637|2709.45391|2693.82757|2709.86413|2708.81137|2713.56902|2708.70883|2700.62988|2705.97379|2707.25101|2715.64557|2700.18888|2700.87194|2708.5358|2709.2082|2701.95219|2705.165|2708.6|2702.08|2705.2525|1|0.0875|1.99718|2731.11|2724.59|2718.07|2711.55|2708.29|2701.77|2698.51|2691.99|2685.47|2678.95|2689.04|2692.3|2695.56|2698.82|2711.86|2715.12|2718.38|2721.64|0.0|0.0|2706.60507|2708.99092|2702.2573|0|1770789219
1770613500|2700.82|2703.94|2697.03|2698.66|1879|M5|2703.00446|2699.45455|2706.21898|-2.44965|0|2698.88778|2699.36763|2681.23402|2699.30076|2704.66675|2717.61249|2705.66922|2695.89169|2704.74075|2705.99254|2702.15031|2697.95336|2696.94681|2699.0049|2704.87623|2696.75272|2699.74|2703.94|2697.03|2700.1125|1|0.3725|1.85036|2726.3|2719.39|2712.48|2705.57|2702.115|2695.205|2691.75|2684.84|2677.93|2671.02|2683.21|2686.665|2690.12|2693.575|2707.395|2710.85|2714.305|2717.76|0.0|0.0|2710.7896|2704.60184|2697.00119|0|1770789219
1770613800|2701.52|2705.12|2698.87|2700.13|4108|M5|2702.7763|2696.35666|2694.24028|-2.37317|-1|2700.97327|2699.7311|2713.42089|2708.24772|2704.09289|2692.67232|2706.45324|2697.06269|2704.16912|2710.01651|2710.29072|2697.08671|2694.64941|2705.8784|2705.37841|2698.74451|2700.825|2705.12|2698.87|2701.41|1|0.585|1.26045|2725.13|2718.88|2712.63|2706.38|2703.255|2697.005|2693.88|2687.63|2681.38|2675.13|2686.37|2689.495|2692.62|2695.745|2708.245|2711.37|2714.495|2717.62|0.0|0.0|2710.39945|2705.54995|2698.4351|1|1770789219
1770614100|2703.2|2705.45|2697.72|2702.22|2188|M5|2697.61563|2694.55447|2702.54156|-2.92503|-2|2700.83261|2707.94662|2707.08833|2710.80279|2696.63325|2718.34762|2706.80396|2697.28118|2706.82565|2707.42621|2699.64363|2700.32953|2702.51076|2701.90762|2705.83138|2697.16129|2702.71|2705.45|2697.72|2702.1475|-1|0.5625|0.39175|2733.14|2725.41|2717.68|2709.95|2706.085|2698.355|2694.49|2686.76|2679.03|2671.3|2682.26|2686.125|2689.99|2693.855|2709.315|2713.18|2717.045|2720.91|2709.86858|0.0|2703.30949|2705.09402|2698.3696|0|1770789219
1770614400|2702.06|2706.11|2699.11|2701.98|9862|M5|2707.29219|2691.96043|2690.28276|1.40547|2|2703.1378|2707.89511|2698.58919|2708.83293|2709.50433|2694.73714|2706.4439|2698.70099|2707.31257|2711.13379|2706.70095|2698.2962|2701.06709|2704.46215|2706.8207|2698.27253|2702.02|2706.11|2699.11|2702.315|1|0.295|-0.80101|2729.98|2722.98|2715.98|2708.98|2705.48|2698.48|2694.98|2687.98|2680.98|2673.98|2685.11|2688.61|2692.11|2695.61|2709.61|2713.11|2716.61|2720.11|0.0|0.0|2708.81747|2707.01489|2698.90866|0|1770789219
1770614700|2705.84|2717.02|2701.58|2713.75|1135|M5|2707.10643|2706.61133|2724.35363|-1.94463|-1|2703.38744|2704.12276|2687.80868|2721.74659|2716.89228|2711.39487|2718.12007|2700.22865|2714.87176|2719.49764|2724.76842|2699.56236|2696.8626|2703.88311|2717.44112|2700.69899|2709.795|2717.02|2701.58|2709.5475|-1|0.2475|1.97918|2775.51|2760.07|2744.63|2729.19|2721.47|2706.03|2698.31|2682.87|2667.43|2651.99|2670.7|2678.42|2686.14|2693.86|2724.74|2732.46|2740.18|2747.9|2718.01306|0.0|2719.02808|2716.97543|2701.25671|0|1770789219
1770615000|2712.2|2712.83|2706.14|2708.94|5110|M5|2711.64072|2703.9406|2696.54364|1.46474|0|2708.6673|2712.13043|2708.10669|2715.56906|2702.62897|2700.36519|2713.51157|2706.12252|2712.80005|2711.9916|2720.16653|2704.59159|2701.0424|2712.36882|2712.85681|2705.52589|2710.57|2712.83|2706.14|2710.0275|-1|0.5425|0.85535|2735.7|2729.01|2722.32|2715.63|2712.285|2705.595|2702.25|2695.56|2688.87|2682.18|2692.76|2696.105|2699.45|2702.795|2716.175|2719.52|2722.865|2726.21|0.0|0.0|2712.5908|2713.5022|2705.20781|0|1770789219
1770615300|2708.91|2722.09|2707.96|2717.35|5260|M5|2717.36114|2708.7177|2710.2263|0.2026|-2|2706.56159|2717.52739|2700.33689|2718.75446|2711.66382|2716.67829|2723.88575|2707.14278|2721.0633|2722.47508|2718.87018|2708.00285|2705.69326|2701.5695|2722.55938|2707.69808|2713.13|2722.09|2707.96|2714.0775|1|0.9475|1.74674|2773.87|2759.74|2745.61|2731.48|2724.415|2710.285|2703.22|2689.09|2674.96|2660.83|2679.7|2686.765|2693.83|2700.895|2729.155|2736.22|2743.285|2750.35|0.0|0.0|2701.87379|2723.00686|2706.97457|0|1770789219
1770615600|2716.13|2718.45|2713.38|2715.48|7226|M5|2711.95836|2717.93629|2716.97982|2.7742|0|2713.03948|2712.14307|2706.23834|2716.96966|2709.59183|2718.40762|2720.37762|2711.63937|2720.69796|2719.74689|2722.94675|2710.89851|2708.1965|2713.68321|2718.45964|2712.75705|2715.805|2718.45|2713.38|2715.86|1|0.055|0.77449|2735.76|2730.69|2725.62|2720.55|2718.015|2712.945|2710.41|2705.34|2700.27|2695.2|2703.24|2705.775|2708.31|2710.845|2720.985|2723.52|2726.055|2728.59|0.0|0.0|2728.70585|2718.36553|2714.23377|0|1770789219
1770615900|2716.96|2721.6|2715.3|2717.64|3968|M5|2713.92972|2725.54574|2704.82664|-1.86001|1|2714.32529|2711.8567|2700.03989|2721.02502|2711.30728|2737.33334|2723.3703|2714.92248|2719.98814|2722.70252|2716.62853|2717.39969|2713.49422|2717.24304|2722.3958|2715.253|2717.3|2721.6|2715.3|2717.875|1|0.575|1.59269|2742.84|2736.54|2730.24|2723.94|2720.79|2714.49|2711.34|2705.04|2698.74|2692.44|2702.7|2705.85|2709.0|2712.15|2724.75|2727.9|2731.05|2734.2|0.0|0.0|2714.74457|2722.02453|2715.32121|0|1770789219
1770616200|2715.33|2716.63|2711.88|2712.58|5063|M5|2714.09482|2707.45554|2719.26391|2.53914|2|2714.74793|2704.17851|2726.42704|2715.71442|2727.36505|2701.45089|2716.71336|2710.32864|2715.11282|2713.36715|2714.06259|2713.72156|2713.13868|2716.43107|2717.00764|2711.18438|2713.955|2716.63|2711.88|2714.105|1|0.15|-0.90307|2731.58|2726.83|2722.08|2717.33|2714.955|2710.205|2707.83|2703.08|2698.33|2693.58|2702.38|2704.755|2707.13|2709.505|2719.005|2721.38|2723.755|2726.13|2720.46753|0.0|2700.28263|2716.80136|2711.12905|0|1770789219
1770616500|2714.24|2723.85|2709.6|2722.96|9325|M5|2727.49274|2730.53333|2730.36418|2.46542|0|2710.60813|2704.77142|2714.93167|2722.64785|2734.28974|2709.8017|2725.13695|2708.00666|2722.90868|2720.99517|2727.29678|2712.30947|2711.07553|2707.10802|2724.69612|2708.66724|2718.6|2723.85|2709.6|2717.6625|-1|0.9375|-1.69689|2779.96|2765.71|2751.46|2737.21|2730.085|2715.835|2708.71|2694.46|2680.21|2665.96|2681.1|2688.225|2695.35|2702.475|2730.975|2738.1|2745.225|2752.35|2724.09254|0.0|2708.66497|2723.01175|2710.3493|0|1770789219
1770616800|2725.79|2735.69|2721.7|2734.19|9817|M5|2740.92797|2740.80224|2732.33043|-1.04604|-1|2717.19405|2716.20771|2708.62824|2741.09187|2726.9729|2727.12917|2736.26773|2720.14226|2736.18392|2738.61432|2727.91112|2719.17628|2718.3186|2716.47524|2736.25183|2721.62584|2729.99|2735.69|2721.7|2729.3425|-1|0.6475|-1.1603|2790.15|2776.16|2762.17|2748.18|2741.185|2727.195|2720.2|2706.21|2692.22|2678.23|2693.72|2700.715|2707.71|2714.705|2742.685|2749.68|2756.675|2763.67|0.0|0.0|2724.9136|2734.94411|2721.25856|0|1770789219
1770617100|2736.95|2743.2|2732.03|2739.33|9862|M5|2733.49116|2730.92761|2732.45721|1.68014|1|2734.43792|2739.4436|2740.13174|2737.83903|2734.18576|2754.89506|2743.72893|2730.384|2744.87533|2738.07298|2747.85002|2730.54287|2730.01197|2725.28302|2743.91156|2731.95191|2738.14|2743.2|2732.03|2737.8775|-1|0.2625|0.63475|2784.01|2772.84|2761.67|2750.5|2744.915|2733.745|2728.16|2716.99|2705.82|2694.65|2709.69|2715.275|2720.86|2726.445|2748.785|2754.37|2759.955|2765.54|0.0|2730.98429|2724.37441|2743.32277|2732.04753|0|1770789219
1770617400|2735.46|2738.85|2725.67|2730.15|4760|M5|2733.98005|2736.22638|2720.1264|-0.63258|-1|2725.91389|2721.37541|2730.45948|2741.8144|2739.56696|2734.22598|2740.62322|2724.0966|2736.6971|2738.926|2730.81089|2727.98057|2727.19684|2723.926|2739.37264|2724.97306|2732.805|2738.85|2725.67|2732.5325|-1|0.2725|1.57291|2782.87|2769.69|2756.51|2743.33|2736.74|2723.56|2716.97|2703.79|2690.61|2677.43|2699.31|2705.9|2712.49|2719.08|2745.44|2752.03|2758.62|2765.21|0.0|0.0|2714.52308|2738.74272|2726.12344|0|1770789219
1770617700|2734.27|2742.57|2731.95|2741.81|1953|M5|2745.94028|2733.74393|2745.55056|2.65586|0|2734.0862|2734.76818|2721.46843|2747.09412|2745.40916|2751.2396|2743.83982|2731.03616|2743.65714|2739.93747|2745.5429|2732.17138|2733.99279|2736.0408|2743.11388|2731.21238|2738.04|2742.57|2731.95|2737.65|-1|0.39|1.79819|2784.29|2773.67|2763.05|2752.43|2747.12|2736.5|2731.19|2720.57|2709.95|2699.33|2710.71|2716.02|2721.33|2726.64|2747.88|2753.19|2758.5|2763.81|0.0|0.0|2726.19417|2742.33594|2732.46726|0|1770789219
1770618000|2744.53|2750.83|2743.53|2747.01|4690|M5|2750.09279|2738.75496|2758.37161|-1.08662|2|2741.72255|2750.85766|2758.76471|2749.34312|2740.6825|2765.67903|2751.61282|2743.12736|2750.77337|2749.37223|2758.42295|2741.08479|2744.43515|2747.97383|2751.79185|2743.32504|2745.77|2750.83|2743.53|2746.475|1|0.705|-1.72816|2776.21|2768.91|2761.61|2754.31|2750.66|2743.36|2739.71|2732.41|2725.11|2717.81|2728.93|2732.58|2736.23|2739.88|2754.48|2758.13|2761.78|2765.43|0.0|0.0|2753.23965|2751.44684|2744.36973|0|1770789219
1770618300|2748.4|2752.63|2736.47|2739.38|9043|M5|2732.17262|2741.10385|2738.1826|-1.81605|0|2731.50198|2735.96993|2741.1873|2753.69921|2745.42033|2740.67689|2752.91163|2734.95756|2753.545|2750.42771|2759.71298|2735.8558|2738.49984|2734.02164|2753.21039|2735.77866|2743.89|2752.63|2736.47|2744.22|1|0.33|1.24973|2804.02|2787.86|2771.7|2755.54|2747.46|2731.3|2723.22|2707.06|2690.9|2674.74|2704.15|2712.23|2720.31|2728.39|2760.71|2768.79|2776.87|2784.95|0.0|0.0|2733.41292|2753.18743|2737.39028|0|1770789219
1770618600|2742.5|2744.71|2729.43|2734.16|8639|M5|2726.47385|2730.79631|2737.40296|-1.83878|1|2733.09045|2735.23031|2715.62182|2740.1764|2744.24113|2737.68954|2745.58192|2728.6437|2745.09048|2746.82542|2745.76265|2729.1215|2724.83849|2726.4378|2745.44164|2728.69074|2738.33|2744.71|2729.43|2737.7|-1|0.63|1.65136|2795.28|2780.0|2764.72|2749.44|2741.8|2726.52|2718.88|2703.6|2688.32|2673.04|2698.87|2706.51|2714.15|2721.79|2752.35|2759.99|2767.63|2775.27|0.0|0.0|2739.6592|2743.71447|2730.38555|0|1770789219
1770618900|2730.76|2733.98|2726.52|2728.31|7541|M5|2725.51435|2729.20628|2732.55381|-1.39302|-1|2722.92886|2719.08563|2736.23843|2729.59584|2742.89676|2733.8998|2735.01943|2725.2748|2731.3423|2735.85822|2739.7639|2727.52112|2730.34364|2726.24522|2734.70071|2726.11908|2729.535|2733.98|2726.52|2729.8925|1|0.3575|1.54619|2758.15|2750.69|2743.23|2735.77|2732.04|2724.58|2720.85|2713.39|2705.93|2698.47|2711.6|2715.33|2719.06|2722.79|2737.71|2741.44|2745.17|2748.9|2737.63878|2723.03843|2715.40587|2733.37493|2727.49615|0|1770789219
1770619200|2727.53|2731.96|2713.72|2718.63|5821|M5|2711.73261|2708.11743|2726.76443|-2.66664|1|2709.59172|2707.16379|2707.53951|2729.09947|2721.2737|2729.90411|2733.66914|2712.01689|2732.70812|2737.18438|2739.72933|2712.18338|2709.21262|2713.37002|2732.73322|2713.67951|2723.08|2731.96|2713.72|2722.96|-1|0.12|0.47506|2791.59|2773.35|2755.11|2736.87|2727.75|2709.51|2700.39|2682.15|2663.91|2645.67|2677.24|2686.36|2695.48|2704.6|2741.08|2750.2|2759.32|2768.44|0.0|2711.88349|2714.34605|2731.74379|2713.35688|0|1770789219
1770619500|2714.72|2718.0|2702.53|2706.23|5251|M5|2713.75992|2713.53615|2716.93276|-2.90571|1|2698.86889|2702.12802|2707.06089|2722.62437|2716.63307|2719.28001|2718.73403|2701.94006|2718.19303|2722.21758|2711.51484|2701.02147|2699.57542|2708.01504|2718.54762|2701.8851|2710.475|2718.0|2702.53|2710.37|-1|0.105|1.04264|2768.11|2752.64|2737.17|2721.7|2713.965|2698.495|2690.76|2675.29|2659.82|2644.35|2671.59|2679.325|2687.06|2694.795|2725.735|2733.47|2741.205|2748.94|0.0|2698.06786|2719.72828|2718.10753|2701.81123|0|1770789219
1770619800|2708.66|2714.38|2707.96|2709.94|5668|M5|2709.65469|2711.48965|2721.93966|-2.29675|2|2712.83121|2703.35822|2716.43153|2709.67758|2720.22348|2714.90029|2714.52202|2706.10094|2713.33601|2714.8889|2714.24705|2709.42821|2703.8513|2713.98115|2715.17711|2707.03719|2709.3|2714.38|2707.96|2710.235|1|0.935|-0.45731|2735.62|2729.2|2722.78|2716.36|2713.15|2706.73|2703.52|2697.1|2690.68|2684.26|2695.12|2698.33|2701.54|2704.75|2717.59|2720.8|2724.01|2727.22|0.0|0.0|2713.26529|2713.68862|2707.30792|0|1770789219
1770620100|2710.54|2714.84|2701.79|2705.6|2898|M5|2710.1921|2713.52968|2708.85896|-0.68247|-2|2704.89348|2692.73742|2705.93472|2717.15887|2712.37816|2714.76901|2715.83479|2700.23326|2712.3117|2718.8453|2707.44204|2699.50225|2705.78254|2706.41266|2715.75572|2700.99847|2708.07|2714.84|2701.79|2708.1925|1|0.1225|1.57374|2757.8|2744.75|2731.7|2718.65|2712.125|2699.075|2692.55|2679.5|2666.45|2653.4|2675.69|2682.215|2688.74|2695.265|2721.365|2727.89|2734.415|2740.94|2716.84707|2697.39634|2691.70556|2714.77841|2701.6505|0|1770789219
1770620400|2700.27|2700.75|2690.15|2694.79|6087|M5|2695.27421|2694.29841|2684.63964|-0.05494|-2|2687.05709|2692.34143|2676.62124|2702.93367|2697.02036|2705.7624|2700.81108|2689.11603|2699.31388|2699.07942|2708.74618|2692.49952|2693.53962|2692.75406|2700.97673|2689.3571|2697.53|2700.75|2690.15|2696.49|-1|1.04|-1.55187|2737.19|2726.59|2715.99|2705.39|2700.09|2689.49|2684.19|2673.59|2662.99|2652.39|2668.95|2674.25|2679.55|2684.85|2706.05|2711.35|2716.65|2721.95|0.0|2688.38607|2709.14848|2700.18908|2690.09092|1|1770789219
1770620700|2696.22|2697.92|2688.49|2690.23|1899|M5|2691.77264|2681.01364|2690.2846|1.08715|2|2690.50483|2684.96471|2677.79669|2693.39331|2700.64323|2702.02557|2699.78297|2687.42376|2698.97068|2695.45962|2692.21279|2688.82356|2686.48915|2690.66078|2698.62255|2688.37572|2693.225|2697.92|2688.49|2693.215|-1|0.01|1.5386|2727.95|2718.52|2709.09|2699.66|2694.945|2685.515|2680.8|2671.37|2661.94|2652.51|2669.63|2674.345|2679.06|2683.775|2702.635|2707.35|2712.065|2716.78|0.0|0.0|2679.27302|2697.83726|2688.6371|0|1770789219
1770621000|2689.15|2691.36|2679.92|2684.51|6378|M5|2682.49422|2690.93416|2681.85548|1.05708|0|2681.06609|2673.63512|2695.00897|2691.93382|2694.3261|2681.87932|2692.37766|2679.69424|2691.91326|2689.45067|2690.84309|2680.42931|2678.79069|2679.76645|2691.37029|2679.86788|2686.83|2691.36|2679.92|2686.235|-1|0.595|0.66344|2730.27|2718.83|2707.39|2695.95|2690.23|2678.79|2673.07|2661.63|2650.19|2638.75|2657.04|2662.76|2668.48|2674.2|2697.08|2702.8|2708.52|2714.24|0.0|2676.35768|2692.81507|2691.57076|2680.12008|1|1770789219
1770621300|2679.22|2682.32|2676.31|2677.04|5699|M5|2679.48626|2666.85603|2687.81632|-2.36951|1|2671.45162|2666.28415|2676.56838|2681.32653|2687.08446|2697.8009|2683.34845|2675.87996|2682.10342|2682.609|2683.5268|2677.13947|2673.66744|2681.52552|2683.18714|2675.64455|2678.13|2682.32|2676.31|2678.7225|1|0.5925|1.01671|2701.08|2695.07|2689.06|2683.05|2680.045|2674.035|2671.03|2665.02|2659.01|2653.0|2664.29|2667.295|2670.3|2673.305|2685.325|2688.33|2691.335|2694.34|2685.10016|0.0|2684.88648|2682.42314|2675.85005|0|1770789219
1770621600|2672.08|2676.53|2663.56|2666.82|1459|M5|2673.53949|2661.78393|2664.36068|1.02054|2|2665.72922|2666.9272|2647.89804|2679.31614|2684.57903|2666.3076|2678.29172|2663.47846|2677.69035|2679.82004|2670.6266|2665.69281|2664.90497|2664.26949|2677.04371|2663.25982|2669.45|2676.53|2663.56|2669.7475|1|0.2975|-1.51236|2718.7|2705.73|2692.76|2679.79|2673.305|2660.335|2653.85|2640.88|2627.91|2614.94|2637.62|2644.105|2650.59|2657.075|2683.015|2689.5|2695.985|2702.47|0.0|0.0|2676.28246|2677.11946|2663.30002|0|1770789219
1770621900|2660.17|2666.83|2659.24|2664.41|6938|M5|2663.3776|2658.06756|2661.60014|-0.31306|2|2655.88428|2661.64954|2673.84606|2669.51547|2662.47183|2682.6803|2667.83263|2659.18932|2666.21878|2667.1021|2673.75639|2658.8849|2664.41941|2665.90158|2666.86183|2659.18865|2662.29|2666.83|2659.24|2662.6625|1|0.3725|1.3669|2694.77|2687.18|2679.59|2672.0|2668.205|2660.615|2656.82|2649.23|2641.64|2634.05|2644.06|2647.855|2651.65|2655.445|2670.625|2674.42|2678.215|2682.01|2668.9303|2658.69305|2668.94096|2667.58018|2660.01516|0|1770789219
1770622200|2667.16|2669.15|2665.31|2667.86|4696|M5|2668.288|2666.59906|2657.62758|-1.87437|0|2660.66825|2657.19226|2661.23278|2670.79461|2669.45881|2676.96293|2669.69434|2664.35716|2669.66092|2666.77593|2670.50613|2664.61795|2669.9234|2659.04058|2669.39937|2664.57246|2667.51|2669.15|2665.31|2667.37|-1|0.14|-1.79005|2683.22|2679.38|2675.54|2671.7|2669.78|2665.94|2664.02|2660.18|2656.34|2652.5|2657.63|2659.55|2661.47|2663.39|2671.07|2672.99|2674.91|2676.83|2670.93746|2662.04901|2666.10613|2668.26526|2665.26985|0|1770789219
1770622500|2668.95|2672.39|2661.37|2662.76|4411|M5|2659.95861|2660.07245|2668.73859|0.09089|-2|2659.93776|2670.40624|2662.87885|2667.46739|2665.16107|2681.6294|2673.02918|2660.04832|2673.31517|2672.01801|2672.29305|2662.28703|2661.28784|2653.87075|2672.68249|2660.99093|2665.855|2672.39|2661.37|2666.3675|1|0.5125|0.10092|2706.84|2695.82|2684.8|2673.78|2668.27|2657.25|2651.74|2640.72|2629.7|2618.68|2639.33|2644.84|2650.35|2655.86|2677.9|2683.41|2688.92|2694.43|0.0|0.0|2673.51367|2671.95201|2662.17626|0|1770789219
1770622800|2659.49|2663.99|2649.37|2649.92|3514|M5|2643.43014|2646.31109|2655.09735|2.77908|1|2647.66765|2657.40346|2641.04925|2661.95444|2673.73197|2671.69196|2664.38434|2648.8049|2662.22292|2663.12621|2659.76034|2648.30877|2650.99792|2644.16466|2664.72285|2648.91378|2654.705|2663.99|2649.37|2655.6925|1|0.9875|0.47882|2708.4|2693.78|2679.16|2664.54|2657.23|2642.61|2635.3|2620.68|2606.06|2591.44|2620.13|2627.44|2634.75|2642.06|2671.3|2678.61|2685.92|2693.23|0.0|0.0|2649.06701|2664.76676|2648.62401|0|1770789219
1770623100|2649.04|2660.03|2647.45|2655.29|7723|M5|2657.39024|2662.92786|2662.82002|1.90295|-2|2644.97746|2637.24832|2662.18694|2658.42793|2669.79382|2644.51872|2661.31014|2646.57255|2661.62467|2660.78009|2662.56628|2649.11278|2642.669|2642.82791|2660.73264|2647.10592|2652.165|2660.03|2647.45|2652.9525|1|0.7875|-1.52441|2705.61|2693.03|2680.45|2667.87|2661.58|2649.0|2642.71|2630.13|2617.55|2604.97|2622.29|2628.58|2634.87|2641.16|2666.32|2672.61|2678.9|2685.19|2663.69016|0.0|2670.94866|2660.95419|2647.75855|0|1770789219
1770623400|2655.62|2662.63|2653.12|2661.83|1162|M5|2656.26548|2662.17407|2665.3824|0.69551|-2|2652.91396|2647.09027|2664.77613|2661.63815|2662.00922|2672.7421|2664.34103|2653.06456|2660.59647|2657.55205|2667.39383|2652.71128|2655.68055|2659.46188|2663.3959|2652.22795|2658.725|2662.63|2653.12|2658.3|-1|0.425|1.7557|2699.87|2690.36|2680.85|2671.34|2666.585|2657.075|2652.32|2642.81|2633.3|2623.79|2634.1|2638.855|2643.61|2648.365|2667.385|2672.14|2676.895|2681.65|0.0|2648.30678|2667.98324|2662.74781|2653.31623|0|1770789219
1770623700|2662.5|2664.63|2653.95|2656.23|3591|M5|2649.78116|2646.97728|2664.18254|1.06949|-1|2655.67298|2663.73409|2648.2291|2665.81476|2661.3479|2653.03855|2664.63011|2652.15032|2662.01497|2662.24863|2671.82306|2655.45844|2657.80473|2653.21767|2665.01969|2653.37846|2659.365|2664.63|2653.95|2659.3275|-1|0.0375|-0.24399|2698.95|2688.27|2677.59|2666.91|2661.57|2650.89|2645.55|2634.87|2624.19|2613.51|2632.59|2637.93|2643.27|2648.61|2669.97|2675.31|2680.65|2685.99|0.0|0.0|2656.68272|2664.8028|2653.18909|0|1770789219
1770624000|2657.01|2664.76|2653.53|2662.32|3427|M5|2665.12011|2663.28715|2667.69393|2.74158|-1|2654.5358|2653.08157|2647.7497|2668.78064|2663.3159|2669.75433|2665.4975|2652.56146|2664.11431|2669.26219|2662.75864|2654.59968|2652.60098|2646.90628|2665.54319|2653.47038|2659.665|2664.76|2653.53|2659.405|-1|0.26|1.89907|2707.24|2696.01|2684.78|2673.55|2667.935|2656.705|2651.09|2639.86|2628.63|2617.4|2631.07|2636.685|2642.3|2647.915|2670.375|2675.99|2681.605|2687.22|0.0|0.0|2655.5659|2665.01657|2653.55192|0|1770789219
1770624300|2658.75|2667.36|2655.43|2662.65|5931|M5|2658.98217|2660.91804|2661.86556|-1.12697|-1|2653.99296|2655.33112|2639.87955|2662.49703|2673.66353|2671.01071|2668.20539|2654.09695|2667.14798|2671.11983|2673.98153|2656.76591|2656.66284|2649.50771|2667.4116|2655.13624|2660.7|2667.36|2655.43|2661.0475|1|0.3475|1.9772|2710.37|2698.44|2686.51|2674.58|2668.615|2656.685|2650.72|2638.79|2626.86|2614.93|2631.57|2637.535|2643.5|2649.465|2673.325|2679.29|2685.255|2691.22|0.0|0.0|2675.70155|2666.45088|2655.65817|0|1770789219
1770624600|2664.41|2667.72|2652.55|2655.64|8022|M5|2655.1978|2647.69201|2649.38456|-1.87333|2|2655.36939|2652.75781|2641.474|2667.24255|2659.36936|2676.75788|2668.06887|2652.52927|2667.9968|2671.71369|2666.40047|2651.02075|2655.12389|2654.81168|2667.95327|2652.33079|2660.025|2667.72|2652.55|2660.08|1|0.055|-0.48116|2716.32|2701.15|2685.98|2670.81|2663.225|2648.055|2640.47|2625.3|2610.13|2594.96|2622.21|2629.795|2637.38|2644.965|2675.305|2682.89|2690.475|2698.06|0.0|0.0|2666.57419|2667.10938|2653.3909|0|1770789219
1770624900|2655.82|2657.32|2653.45|2656.51|7486|M5|2653.9929|2663.53827|2652.44397|-0.11817|-1|2657.10639|2663.50324|2666.15876|2656.99885|2663.50841|2669.46049|2659.1739|2652.6771|2659.92914|2652.76328|2651.41584|2653.72871|2651.06696|2650.91771|2657.37109|2652.50648|2656.165|2657.32|2653.45|2655.775|-1|0.39|1.94395|2671.99|2668.12|2664.25|2660.38|2658.445|2654.575|2652.64|2648.77|2644.9|2641.03|2645.71|2647.645|2649.58|2651.515|2659.255|2661.19|2663.125|2665.06|0.0|0.0|2648.84752|2656.50034|2653.86137|0|1770789219
1770625200|2658.21|2668.39|2654.93|2663.94|5381|M5|2663.99831|2655.18747|2657.24933|0.66664|1|2660.13776|2646.55306|2655.29431|2672.20382|2666.7058|2667.56725|2669.08614|2653.77543|2665.78326|2664.03597|2673.40387|2656.27208|2656.24359|2650.1333|2668.58257|2654.16975|2661.075|2668.39|2654.93|2661.3675|1|0.2925|0.25297|2717.78|2704.32|2690.86|2677.4|2670.67|2657.21|2650.48|2637.02|2623.56|2610.1|2628.01|2634.74|2641.47|2648.2|2675.12|2681.85|2688.58|2695.31|0.0|0.0|2668.8985|2669.23794|2654.625|0|1770789219
1770625500|2662.77|2669.65|2659.93|2665.67|8272|M5|2662.1887|2662.81942|2674.56633|-1.96336|0|2664.62627|2654.28591|2646.84843|2667.34679|2672.83152|2655.04583|2670.58712|2659.77769|2668.36849|2664.50233|2671.00202|2658.76986|2655.44216|2665.44547|2669.90278|2659.76863|2664.22|2669.65|2659.93|2664.505|1|0.285|-1.18363|2704.55|2694.83|2685.11|2675.39|2670.53|2660.81|2655.95|2646.23|2636.51|2626.79|2640.49|2645.35|2650.21|2655.07|2674.51|2679.37|2684.23|2689.09|0.0|0.0|2669.4562|2668.93621|2659.46763|0|1770789219
1770625800|2661.34|2673.43|2660.47|2669.61|6628|M5|2668.52648|2665.6162|2673.60059|0.17386|-1|2661.35618|2666.90714|2647.69403|2678.72171|2676.68831|2662.07795|2673.49869|2660.11571|2672.60898|2670.076|2673.84516|2662.45895|2664.72524|2656.54821|2673.52707|2660.24654|2665.475|2673.43|2660.47|2666.2125|1|0.7375|-0.89701|2721.45|2708.49|2695.53|2682.57|2676.09|2663.13|2656.65|2643.69|2630.73|2617.77|2634.55|2641.03|2647.51|2653.99|2679.91|2686.39|2692.87|2699.35|0.0|0.0|2662.92174|2674.06077|2660.93661|0|1770789219
1770626100|2669.94|2672.1|2659.74|2660.75|3143|M5|2661.7597|2656.24689|2670.97107|2.76358|1|2659.24344|2659.12784|2665.52053|2676.94315|2666.89805|2668.59738|2672.30166|2658.28233|2669.5449|2671.73118|2672.56123|2658.92713|2663.89|2661.64822|2672.31545|2658.92188|2665.345|2672.1|2659.74|2665.6325|1|0.2875|0.10945|2710.19|2697.83|2685.47|2673.11|2666.93|2654.57|2648.39|2636.03|2623.67|2611.31|2635.02|2641.2|2647.38|2653.56|2678.28|2684.46|2690.64|2696.82|0.0|0.0|2645.87648|2672.9832|2659.43317|0|1770789219
1770626400|2664.72|2665.12|2653.0|2655.32|9579|M5|2663.02676|2648.34793|2665.0606|0.58315|2|2647.74598|2644.21667|2648.64599|2667.48195|2657.30161|2655.38664|2666.97256|2651.17449|2666.2587|2665.9815|2668.28816|2652.95335|2653.80785|2645.79576|2665.58801|2652.08057|2660.02|2665.12|2653.0|2659.54|-1|0.48|-0.31491|2703.8|2691.68|2679.56|2667.44|2661.38|2649.26|2643.2|2631.08|2618.96|2606.84|2628.76|2634.82|2640.88|2646.94|2671.18|2677.24|2683.3|2689.36|2666.77339|0.0|2647.73809|2665.66088|2653.04472|0|1770789219
1770626700|2652.12|2655.76|2640.76|2644.54|7938|M5|2642.23211|2652.28109|2638.2009|1.53585|1|2642.66415|2638.9927|2639.7277|2652.70887|2653.20801|2644.20781|2656.13992|2640.25484|2653.25927|2658.74957|2662.80558|2641.01454|2639.58956|2636.12017|2655.98448|2640.38576|2648.33|2655.76|2640.76|2648.295|-1|0.035|-1.99437|2704.54|2689.54|2674.54|2659.54|2652.04|2637.04|2629.54|2614.54|2599.54|2584.54|2610.76|2618.26|2625.76|2633.26|2663.26|2670.76|2678.26|2685.76|0.0|0.0|2629.44446|2654.89561|2641.68435|1|1770789219
1770627000|2647.51|2656.59|2647.37|2654.74|5226|M5|2660.18978|2649.85093|2653.22213|-0.05289|2|2644.5359|2655.71885|2651.06539|2656.6462|2657.12388|2643.41186|2656.81857|2646.03058|2655.10736|2661.21366|2661.33789|2646.80859|2646.48934|2655.07299|2657.0331|2647.28206|2651.125|2656.59|2647.37|2651.5525|1|0.4275|-0.99547|2691.62|2682.4|2673.18|2663.96|2659.35|2650.13|2645.52|2636.3|2627.08|2617.86|2628.93|2633.54|2638.15|2642.76|2661.2|2665.81|2670.42|2675.03|0.0|2646.35671|2652.87357|2656.57484|2648.06255|0|1770789219
1770627300|2653.4|2655.36|2646.87|2648.04|1019|M5|2650.12827|2649.8942|2649.92605|-2.64145|0|2650.93072|2650.38531|2634.91817|2651.25899|2661.08225|2656.61999|2655.37541|2645.55935|2653.07567|2654.30243|2656.23481|2647.97773|2648.95868|2648.15082|2655.78327|2646.04572|2650.72|2655.36|2646.87|2650.9175|1|0.1975|0.25135|2682.0|2673.51|2665.02|2656.53|2652.285|2643.795|2639.55|2631.06|2622.57|2614.08|2629.89|2634.135|2638.38|2642.625|2659.605|2663.85|2668.095|2672.34|0.0|0.0|2646.00437|2655.58495|2647.49128|0|1770789219
1770627600|2643.94|2646.39|2639.71|2645.03|3116|M5|2644.45649|2635.11431|2644.71457|1.52316|-2|2641.34628|2638.05017|2647.59641|2647.25475|2640.835|2633.96458|2647.54529|2639.33515|2648.50288|2650.26564|2651.69855|2639.5244|2641.66641|2633.53322|2647.34866|2638.89917|2644.485|2646.39|2639.71|2643.7675|-1|0.7175|-1.40779|2671.75|2665.07|2658.39|2651.71|2648.37|2641.69|2638.35|2631.67|2624.99|2618.31|2626.35|2629.69|2633.03|2636.37|2649.73|2653.07|2656.41|2659.75|0.0|0.0|2633.37519|2645.43819|2639.96953|1|1770789219
1770627900|2648.33|2649.82|2642.85|2644.3|5152|M5|2642.13572|2651.548|2644.29048|-1.8396|1|2639.04484|2642.60602|2648.29897|2653.19001|2645.65377|2637.01535|2651.74063|2641.00142|2649.08175|2647.54616|2645.90826|2644.13728|2645.17573|2638.20616|2649.92964|2642.3626|2646.315|2649.82|2642.85|2646.325|1|0.01|0.73223|2672.18|2665.21|2658.24|2651.27|2647.785|2640.815|2637.33|2630.36|2623.39|2616.42|2628.91|2632.395|2635.88|2639.365|2653.305|2656.79|2660.275|2663.76|2653.9625|0.0|2656.56917|2649.43394|2643.55281|0|1770789219
1770628200|2645.89|2650.61|2644.55|2645.75|5532|M5|2647.3864|2646.21573|2653.09851|0.68706|-2|2644.18895|2642.48758|2639.66343|2654.79042|2640.04691|2652.92135|2651.59364|2643.87934|2652.18956|2654.04954|2651.03925|2643.3559|2639.29535|2637.08483|2651.5516|2644.37085|2645.82|2650.61|2644.55|2646.7|1|0.88|1.35495|2669.99|2663.93|2657.87|2651.81|2648.78|2642.72|2639.69|2633.63|2627.57|2621.51|2632.43|2635.46|2638.49|2641.52|2653.64|2656.67|2659.7|2662.73|0.0|0.0|2647.99311|2650.05512|2645.12483|0|1770789219
1770628500|2643.81|2648.44|2640.63|2644.78|5170|M5|2652.43488|2641.79211|2641.04654|1.38651|2|2645.7157|2633.68881|2630.36446|2648.77333|2658.79449|2643.99799|2649.80799|2639.00361|2650.28938|2647.6805|2655.31496|2640.69239|2636.35191|2647.5586|2649.22658|2640.39695|2644.295|2648.44|2640.63|2644.415|1|0.12|-0.74616|2676.02|2668.21|2660.4|2652.59|2648.685|2640.875|2636.97|2629.16|2621.35|2613.54|2625.01|2628.915|2632.82|2636.725|2652.345|2656.25|2660.155|2664.06|2652.06842|0.0|2660.30639|2649.01347|2640.31314|0|1770789219
1770628800|2642.49|2644.42|2638.04|2643.16|3226|M5|2636.59011|2650.81446|2640.75961|1.74222|1|2638.33643|2638.28727|2646.05107|2643.84797|2653.43946|2649.65114|2645.27353|2636.34142|2644.57157|2642.61388|2645.30539|2639.2956|2633.25612|2637.23248|2644.97166|2637.7543|2642.825|2644.42|2638.04|2642.0275|-1|0.7975|1.13132|2668.68|2662.3|2655.92|2649.54|2646.35|2639.97|2636.78|2630.4|2624.02|2617.64|2625.28|2628.47|2631.66|2634.85|2647.61|2650.8|2653.99|2657.18|0.0|0.0|2638.02549|2645.29463|2638.96365|0|1770789219
1770629100|2642.51|2649.25|2642.49|2644.42|5880|M5|2643.3276|2643.55568|2657.12936|-2.18192|2|2641.51922|2650.97079|2645.30413|2647.49571|2639.16171|2641.03314|2651.15628|2640.69653|2648.69711|2649.13184|2644.13074|2640.73352|2642.47983|2634.8871|2650.10476|2642.44819|2643.465|2649.25|2642.49|2644.6675|1|1.2025|-0.71315|2671.46|2664.7|2657.94|2651.18|2647.8|2641.04|2637.66|2630.9|2624.14|2617.38|2628.97|2632.35|2635.73|2639.11|2652.63|2656.01|2659.39|2662.77|0.0|2639.59668|2653.37023|2648.96934|2642.6792|0|1770789219
1770629400|2646.69|2646.81|2641.0|2642.17|9208|M5|2646.39973|2644.75323|2630.42072|1.64388|1|2636.68622|2646.48013|2634.46188|2648.2517|2657.25251|2648.3497|2648.38716|2639.91634|2644.76994|2651.97468|2641.98472|2640.74113|2639.91915|2635.3557|2647.19118|2640.43147|2644.43|2646.81|2641.0|2644.1675|-1|0.2625|0.46743|2665.41|2659.6|2653.79|2647.98|2645.075|2639.265|2636.36|2630.55|2624.74|2618.93|2629.38|2632.285|2635.19|2638.095|2649.715|2652.62|2655.525|2658.43|0.0|0.0|2635.30957|2647.43737|2640.35803|0|1770789219
1770629700|2642.07|2644.25|2634.06|2634.5|4029|M5|2626.86398|2628.58269|2644.37623|2.2939|-2|2634.3596|2637.50636|2627.96552|2648.55627|2643.59878|2649.15967|2645.90019|2633.61942|2643.23753|2643.73318|2636.78975|2633.50841|2638.96578|2641.38581|2645.21205|2633.08806|2638.285|2644.25|2634.06|2638.72|1|0.435|0.71228|2675.26|2665.07|2654.88|2644.69|2639.595|2629.405|2624.31|2614.12|2603.93|2593.74|2613.68|2618.775|2623.87|2628.965|2649.345|2654.44|2659.535|2664.63|0.0|2632.45072|2635.5798|2644.43731|2633.4718|0|1770789219
1770630000|2632.84|2635.87|2628.19|2630.45|9592|M5|2630.00685|2639.70018|2639.41998|2.29423|2|2629.78394|2632.79886|2642.75093|2635.71538|2632.81628|2621.94745|2636.56669|2626.28191|2636.88214|2640.04226|2636.27509|2626.57294|2626.2486|2633.9018|2635.9354|2627.76709|2631.645|2635.87|2628.19|2631.8375|1|0.1925|-0.68035|2661.17|2653.49|2645.81|2638.13|2634.29|2626.61|2622.77|2615.09|2607.41|2599.73|2612.83|2616.67|2620.51|2624.35|2639.71|2643.55|2647.39|2651.23|0.0|0.0|2627.82941|2634.96995|2627.5343|0|1770789219
1770630300|2634.8|2636.54|2630.84|2632.15|1605|M5|2628.0567|2639.232|2639.2986|-2.71047|0|2626.81611|2633.98774|2624.32881|2636.1494|2642.08383|2628.74852|2638.34491|2630.61111|2637.1753|2632.43687|2643.03852|2628.4549|2633.33078|2632.93622|2637.04325|2630.07407|2633.475|2636.54|2630.84|2633.5825|1|0.1075|-0.40823|2654.95|2649.25|2643.55|2637.85|2635.0|2629.3|2626.45|2620.75|2615.05|2609.35|2619.44|2622.29|2625.14|2627.99|2639.39|2642.24|2645.09|2647.94|0.0|0.0|2628.53053|2636.98001|2630.1503|0|1770789219
1770630600|2630.0|2638.33|2629.43|2634.91|4554|M5|2637.22039|2627.30693|2642.90432|0.78689|2|2632.50476|2639.85074|2616.41348|2637.84431|2646.11869|2628.10214|2638.41529|2628.56758|2635.90233|2641.2806|2638.29158|2631.98844|2628.44153|2626.01568|2638.37137|2629.30409|2632.455|2638.33|2629.43|2633.1675|1|0.7125|-0.37784|2670.51|2661.61|2652.71|2643.81|2639.36|2630.46|2626.01|2617.11|2608.21|2599.31|2611.63|2616.08|2620.53|2624.98|2642.78|2647.23|2651.68|2656.13|0.0|0.0|2623.92301|2638.27998|2629.54128|0|1770789219
1770630900|2635.26|2645.73|2634.35|2645.15|7637|M5|2643.48585|2636.2072|2632.02601|2.01385|1|2638.64404|2631.5173|2638.42015|2646.59124|2636.67858|2634.44862|2647.51501|2632.59845|2647.52978|2646.98669|2639.00997|2634.38262|2633.70902|2637.82287|2646.04644|2633.80616|2640.205|2645.73|2634.35|2640.1225|-1|0.0825|-1.94398|2690.67|2679.29|2667.91|2656.53|2650.84|2639.46|2633.77|2622.39|2611.01|2599.63|2611.59|2617.28|2622.97|2628.66|2651.42|2657.11|2662.8|2668.49|0.0|2634.16636|2649.03733|2645.8544|2633.70607|0|1770789219
1770631200|2646.03|2653.46|2641.91|2649.4|5919|M5|2645.20423|2643.24106|2644.4047|0.30796|0|2643.75678|2637.16819|2643.1863|2653.64716|2645.70841|2660.24693|2654.18257|2640.16168|2654.18216|2655.17594|2659.96241|2642.14312|2644.09347|2636.4423|2654.31014|2641.6263|2647.715|2653.46|2641.91|2647.7|-1|0.015|-1.41682|2695.6|2684.05|2672.5|2660.95|2655.175|2643.625|2637.85|2626.3|2614.75|2603.2|2618.81|2624.585|2630.36|2636.135|2659.235|2665.01|2670.785|2676.56|0.0|0.0|2639.99179|2654.12945|2642.61012|0|1770789219
1770631500|2647.68|2649.02|2641.29|2645.14|7557|M5|2645.18619|2634.64558|2640.93114|-1.12747|-2|2636.04081|2642.87154|2632.27809|2653.43427|2651.16914|2642.07595|2649.79794|2639.30361|2649.31861|2644.04273|2655.15577|2639.89012|2641.75543|2648.79403|2649.04935|2640.62173|2646.41|2649.02|2641.29|2645.7825|-1|0.6275|0.59865|2676.06|2668.33|2660.6|2652.87|2649.005|2641.275|2637.41|2629.68|2621.95|2614.22|2625.83|2629.695|2633.56|2637.425|2652.885|2656.75|2660.615|2664.48|0.0|2640.9276|2647.94684|2648.78398|2640.33247|0|1770789219
1770631800|2640.38|2645.38|2631.7|2634.3|2044|M5|2640.92304|2639.67354|2638.69252|-2.14555|1|2631.37852|2628.34893|2620.22841|2646.08562|2648.64129|2658.37846|2646.63189|2630.82|2647.07805|2643.11015|2638.88979|2629.18087|2633.01384|2629.3265|2646.31234|2631.03338|2637.34|2645.38|2631.7|2637.94|1|0.6|1.33646|2689.02|2675.34|2661.66|2647.98|2641.14|2627.46|2620.62|2606.94|2593.26|2579.58|2604.34|2611.18|2618.02|2624.86|2652.22|2659.06|2665.9|2672.74|0.0|0.0|2629.61452|2646.01762|2632.36955|0|1770789219
1770632100|2640.05|2649.49|2637.04|2647.99|2504|M5|2650.37683|2657.92011|2650.06523|1.72929|2|2640.75536|2634.48699|2625.96095|2652.05427|2643.36709|2652.26841|2650.16339|2635.83685|2650.42059|2646.37571|2643.9298|2639.08742|2637.9349|2644.90955|2649.84831|2636.46087|2644.02|2649.49|2637.04|2643.6425|-1|0.3775|1.61985|2697.79|2685.34|2672.89|2660.44|2654.215|2641.765|2635.54|2623.09|2610.64|2598.19|2612.14|2618.365|2624.59|2630.815|2655.715|2661.94|2668.165|2674.39|0.0|0.0|2655.16727|2649.70987|2637.94982|1|1770789219
1770632400|2649.89|2651.74|2641.54|2644.88|6128|M5|2644.41808|2640.94828|2651.90646|2.12721|2|2636.8289|2632.2149|2629.70374|2651.68157|2656.69663|2636.06816|2653.47755|2640.52579|2649.36076|2652.29085|2656.68276|2642.16889|2636.87762|2644.14384|2651.81592|2640.57384|2647.385|2651.74|2641.54|2647.0125|-1|0.3725|1.20971|2685.68|2675.48|2665.28|2655.08|2649.98|2639.78|2634.68|2624.48|2614.28|2604.08|2621.14|2626.24|2631.34|2636.44|2656.84|2661.94|2667.04|2672.14|0.0|0.0|2651.27793|2650.77042|2641.3326|0|1770789219
1770632700|2647.16|2650.96|2641.84|2644.49|4113|M5|2637.08875|2647.15366|2645.00987|2.60926|0|2646.49988|2636.71297|2640.50665|2650.03351|2640.51184|2664.401|2652.04832|2641.56319|2652.47453|2650.36224|2648.76253|2640.05616|2641.32535|2640.92473|2651.42595|2641.44177|2645.825|2650.96|2641.84|2646.1125|1|0.2875|1.39177|2680.97|2671.85|2662.73|2653.61|2649.05|2639.93|2635.37|2626.25|2617.13|2608.01|2623.6|2628.16|2632.72|2637.28|2655.52|2660.08|2664.64|2669.2|2653.41029|2640.07396|2657.97814|2650.94123|2641.4641|0|1770789219
1770633000|2643.77|2650.15|2641.57|2646.76|7281|M5|2645.62854|2651.52162|2645.38775|-1.00511|0|2645.38602|2643.5412|2643.37073|2645.24894|2658.39752|2635.51337|2650.77406|2641.50873|2649.17271|2654.24612|2646.42971|2644.00853|2639.2895|2639.41793|2651.05151|2641.54076|2645.265|2650.15|2641.57|2645.5625|1|0.2975|-0.26187|2681.08|2672.5|2663.92|2655.34|2651.05|2642.47|2638.18|2629.6|2621.02|2612.44|2624.41|2628.7|2632.99|2637.28|2654.44|2658.73|2663.02|2667.31|0.0|2640.72773|2647.70908|2649.23777|2641.74782|1|1770789219
1770633300|2648.95|2661.0|2646.95|2657.59|3183|M5|2653.25804|2657.49096|2662.89342|-0.39208|-2|2645.58397|2650.94166|2654.18649|2655.84815|2666.47871|2651.08399|2661.86783|2646.36566|2662.59531|2659.80718|2659.54513|2648.49029|2642.11851|2644.57885|2661.15917|2646.18307|2653.27|2661.0|2646.95|2653.6225|1|0.3525|0.33394|2713.79|2699.74|2685.69|2671.64|2664.615|2650.565|2643.54|2629.49|2615.44|2601.39|2618.85|2625.875|2632.9|2639.925|2668.025|2675.05|2682.075|2689.1|0.0|0.0|2658.80035|2660.23897|2646.98356|1|1770789219
1770633600|2655.31|2660.75|2652.92|2660.05|8263|M5|2666.91416|2658.92732|2656.3858|2.21992|-2|2648.70165|2654.61239|2649.47877|2659.43259|2656.07464|2670.03389|2661.82375|2652.87503|2663.30566|2657.29609|2667.06273|2653.06004|2651.11199|2659.23639|2661.57338|2652.17973|2657.68|2660.75|2652.92|2657.2575|-1|0.4225|-1.66511|2691.37|2683.54|2675.71|2667.88|2663.965|2656.135|2652.22|2644.39|2636.56|2628.73|2637.26|2641.175|2645.09|2649.005|2664.665|2668.58|2672.495|2676.41|0.0|0.0|2655.55936|2660.87113|2653.46247|0|1770789219
1770633900|2659.69|2661.52|2653.07|2656.97|9327|M5|2649.76244|2651.30459|2645.07001|-0.84812|1|2655.09531|2661.54429|2647.55543|2666.65975|2668.85736|2659.29214|2662.23843|2651.1566|2661.16694|2663.42969|2666.62997|2653.32528|2650.26525|2652.80224|2661.55624|2652.10275|2658.33|2661.52|2653.07|2657.8125|-1|0.5175|-1.14764|2690.77|2682.32|2673.87|2665.42|2661.195|2652.745|2648.52|2640.07|2631.62|2623.17|2636.17|2640.395|2644.62|2648.845|2665.745|2669.97|2674.195|2678.42|0.0|0.0|2653.74557|2662.18187|2653.68307|0|1770789219
1770634200|2658.63|2659.31|2648.09|2649.42|4907|M5|2645.55675|2642.14654|2649.56173|-1.11551|2|2645.3254|2638.64808|2647.94116|2658.49743|2658.9525|2659.14719|2660.89556|2646.26662|2658.65531|2654.87889|2654.07865|2647.83868|2649.35418|2653.62399|2660.13759|2647.68422|2654.025|2659.31|2648.09|2653.8625|-1|0.1625|-0.96662|2694.3|2683.08|2671.86|2660.64|2655.03|2643.81|2638.2|2626.98|2615.76|2604.54|2625.65|2631.26|2636.87|2642.48|2664.92|2670.53|2676.14|2681.75|0.0|0.0|2655.51992|2659.68155|2648.77266|0|1770789219
1770634500|2646.11|2654.67|2641.16|2650.58|6729|M5|2648.28899|2660.64795|2650.75296|2.33914|2|2644.73092|2635.70707|2642.06574|2650.41507|2645.84006|2663.06201|2656.04508|2639.49865|2655.47723|2655.22905|2650.85615|2640.29147|2638.46395|2643.96203|2655.02|2640.93745|2648.345|2654.67|2641.16|2648.13|-1|0.215|0.9227|2704.62|2691.11|2677.6|2664.09|2657.335|2643.825|2637.07|2623.56|2610.05|2596.54|2614.14|2620.895|2627.65|2634.405|2661.425|2668.18|2674.935|2681.69|0.0|2638.31684|2656.10613|2654.5326|2640.72298|0|1770789219
1770634800|2646.51|2658.02|2645.29|2654.06|2927|M5|2650.67591|2658.17185|2648.24007|1.4292|-1|2650.02872|2650.08181|2639.16524|2653.52421|2656.39958|2665.17629|2659.52542|2645.23496|2658.41826|2652.85657|2652.42539|2644.52446|2640.58315|2651.59672|2658.94761|2644.793|2650.285|2658.02|2645.29|2650.97|1|0.685|1.24474|2704.98|2692.25|2679.52|2666.79|2660.425|2647.695|2641.33|2628.6|2615.87|2603.14|2619.83|2626.195|2632.56|2638.925|2664.385|2670.75|2677.115|2683.48|2659.22556|0.0|2660.21006|2658.87744|2646.12558|1|1770789219
1770635100|2652.26|2656.77|2638.92|2642.57|6520|M5|2635.38125|2650.2399|2653.68757|-0.17914|0|2635.35764|2636.32062|2637.69434|2655.0044|2667.14468|2652.80952|2658.41063|2637.64423|2657.82626|2655.34424|2663.29793|2639.82634|2638.15815|2641.33499|2657.64503|2638.12535|2647.415|2656.77|2638.92|2647.63|1|0.215|-1.67624|2713.97|2696.12|2678.27|2660.42|2651.495|2633.645|2624.72|2606.87|2589.02|2571.17|2603.22|2612.145|2621.07|2629.995|2665.695|2674.62|2683.545|2692.47|0.0|0.0|2644.0114|2656.92213|2639.88794|0|1770789219
1770635400|2639.77|2640.59|2629.86|2633.95|1202|M5|2627.30763|2640.55219|2625.5907|-2.56308|0|2625.22223|2639.03005|2641.51026|2645.76749|2639.01393|2630.2978|2641.81005|2627.9278|2641.97391|2643.4144|2641.03512|2627.2703|2633.92313|2627.67412|2641.40964|2629.41498|2636.86|2640.59|2629.86|2636.0425|-1|0.8175|-1.99775|2676.87|2666.14|2655.41|2644.68|2639.315|2628.585|2623.22|2612.49|2601.76|2591.03|2608.4|2613.765|2619.13|2624.495|2645.955|2651.32|2656.685|2662.05|0.0|0.0|2642.46551|2641.02819|2629.96485|1|1770789219
1770635700|2632.18|2634.6|2625.99|2630.88|1771|M5|2627.922|2621.08514|2625.78729|-1.31235|1|2626.76049|2625.90907|2611.10659|2639.17558|2637.7805|2635.78501|2635.77296|2625.53021|2632.67238|2633.42995|2639.47839|2625.26406|2621.27517|2628.24395|2635.44477|2625.56854|2631.53|2634.6|2625.99|2630.9125|-1|0.6175|-1.45762|2665.32|2656.71|2648.1|2639.49|2635.185|2626.575|2622.27|2613.66|2605.05|2596.44|2608.77|2613.075|2617.38|2621.685|2638.905|2643.21|2647.515|2651.82|2638.07948|0.0|2627.3865|2633.95568|2625.4019|0|1770789219
1770636000|2629.72|2636.45|2627.92|2634.56|4637|M5|2627.20829|2625.01301|2624.75725|2.85054|0|2628.44609|2618.16557|2641.5529|2637.35213|2642.85366|2640.28748|2638.13143|2627.53183|2638.28815|2632.47025|2642.96544|2626.93122|2626.93411|2623.20284|2636.99234|2627.56315|2632.14|2636.45|2627.92|2632.1625|1|0.0225|0.09648|2668.68|2660.15|2651.62|2643.09|2638.825|2630.295|2626.03|2617.5|2608.97|2600.44|2610.86|2615.125|2619.39|2623.655|2640.715|2644.98|2649.245|2653.51|2637.68935|0.0|2630.07645|2636.29226|2627.7703|0|1770789219
1770636300|2632.39|2639.05|2631.12|2634.56|8013|M5|2627.75459|2633.49235|2643.1008|2.47031|0|2627.06467|2626.54524|2635.22109|2640.91616|2641.99193|2649.81559|2641.03963|2630.16495|2637.89341|2643.29116|2644.54332|2632.41766|2626.8119|2626.95576|2639.87141|2630.12298|2633.475|2639.05|2631.12|2634.28|1|0.805|-0.01591|2666.28|2658.35|2650.42|2642.49|2638.525|2630.595|2626.63|2618.7|2610.77|2602.84|2615.26|2619.225|2623.19|2627.155|2643.015|2646.98|2650.945|2654.91|0.0|0.0|2647.55046|2638.44695|2631.49289|0|1770789219
1770636600|2636.21|2640.03|2633.28|2634.03|3551|M5|2635.54537|2637.23315|2636.7076|1.6067|-1|2633.76428|2640.97582|2621.36774|2637.92267|2633.93301|2653.861|2641.09768|2631.63976|2640.26012|2636.87116|2640.11404|2634.00997|2636.52659|2629.85813|2640.29858|2633.12341|2635.12|2640.03|2633.28|2635.8875|1|0.7675|-0.83335|2661.03|2654.28|2647.53|2640.78|2637.405|2630.655|2627.28|2620.53|2613.78|2607.03|2619.78|2623.155|2626.53|2629.905|2643.405|2646.78|2650.155|2653.53|2644.85105|0.0|2619.48676|2639.92344|2633.98418|0|1770789219
1770636900|2640.14|2644.64|2632.76|2635.94|4164|M5|2631.8002|2640.15195|2645.14288|-0.46571|0|2630.45381|2627.85165|2637.49574|2641.04325|2654.63193|2660.34274|2644.97167|2631.10065|2644.73327|2641.657|2639.3606|2633.63728|2635.13693|2638.46545|2644.87078|2632.5167|2638.04|2644.64|2632.76|2638.37|1|0.33|-1.07718|2683.46|2671.58|2659.7|2647.82|2641.88|2630.0|2624.06|2612.18|2600.3|2588.42|2609.0|2614.94|2620.88|2626.82|2650.58|2656.52|2662.46|2668.4|0.0|0.0|2621.88249|2645.25748|2633.52677|0|1770789219
1770637200|2636.68|2641.58|2635.15|2637.28|8990|M5|2633.87124|2646.98164|2632.30703|2.19429|1|2633.25334|2639.89364|2650.90217|2639.38605|2635.43443|2650.15256|2643.11282|2633.42594|2641.47996|2636.88616|2643.44732|2635.14685|2636.35374|2630.4754|2642.4217|2635.08488|2636.98|2641.58|2635.15|2637.6725|1|0.6925|-0.90298|2663.0|2656.57|2650.14|2643.71|2640.495|2634.065|2630.85|2624.42|2617.99|2611.56|2622.29|2625.505|2628.72|2631.935|2644.795|2648.01|2651.225|2654.44|0.0|0.0|2630.78889|2641.30338|2635.69243|0|1770789219
1770637500|2632.1|2635.98|2627.3|2633.69|6890|M5|2641.53058|2626.82116|2637.54477|-0.3215|1|2628.66122|2628.25303|2634.3635|2637.19192|2639.018|2641.96355|2636.08819|2627.03328|2637.70413|2641.24848|2633.62117|2629.70464|2626.543|2631.95042|2636.12658|2626.56791|2632.895|2635.98|2627.3|2632.2675|-1|0.6275|-1.92952|2668.41|2659.73|2651.05|2642.37|2638.03|2629.35|2625.01|2616.33|2607.65|2598.97|2609.94|2614.28|2618.62|2622.96|2640.32|2644.66|2649.0|2653.34|0.0|0.0|2642.7986|2635.23264|2627.65799|0|1770789219
1770637800|2632.51|2641.58|2631.03|2637.11|7388|M5|2643.13801|2639.66815|2629.29908|0.65009|-1|2631.21764|2622.45613|2623.73733|2644.34325|2639.52406|2629.98397|2643.54137|2630.83063|2641.56195|2641.22684|2636.75038|2630.33511|2634.26248|2635.53796|2641.82326|2631.02416|2634.81|2641.58|2631.03|2635.5575|1|0.7475|-0.09793|2679.31|2668.76|2658.21|2647.66|2642.385|2631.835|2626.56|2616.01|2605.46|2594.91|2609.93|2615.205|2620.48|2625.755|2646.855|2652.13|2657.405|2662.68|0.0|0.0|2624.36801|2641.99317|2631.1214|0|1770789219
1770638100|2637.27|2638.6|2631.33|2635.72|2712|M5|2639.00471|2634.00265|2645.77818|0.23147|2|2635.4191|2624.63929|2632.2354|2636.25897|2630.72042|2649.66377|2640.24361|2629.96264|2639.12271|2640.8072|2636.27973|2629.61583|2633.68824|2624.78188|2639.23494|2630.70516|2636.495|2638.6|2631.33|2635.73|-1|0.765|-0.79091|2664.8|2657.53|2650.26|2642.99|2639.355|2632.085|2628.45|2621.18|2613.91|2606.64|2616.79|2620.425|2624.06|2627.695|2642.235|2645.87|2649.505|2653.14|2639.16054|2629.70429|2637.9194|2639.53267|2632.13563|0|1770789219
1770638400|2638.4|2645.95|2633.46|2642.04|7136|M5|2636.56578|2646.53057|2645.27596|2.36637|1|2635.99063|2624.51703|2628.28023|2642.16693|2641.70481|2636.19438|2646.34659|2632.80488|2648.44405|2650.10528|2646.2967|2633.94023|2632.19122|2633.15835|2646.35562|2632.90788|2640.22|2645.95|2633.46|2639.9625|-1|0.2575|0.23147|2692.0|2679.51|2667.02|2654.53|2648.285|2635.795|2629.55|2617.06|2604.57|2592.08|2608.48|2614.725|2620.97|2627.215|2652.195|2658.44|2664.685|2670.93|0.0|0.0|2641.18267|2646.71001|2633.43708|0|1770789219
1770638700|2639.05|2646.31|2634.11|2646.29|7324|M5|2652.17655|2643.17633|2633.97673|-2.37522|0|2635.00636|2639.81041|2621.86515|2642.46586|2638.63651|2649.33096|2647.79252|2632.12957|2648.0934|2641.76099|2643.90636|2634.94693|2634.6544|2627.68724|2647.2444|2633.57604|2642.67|2646.31|2634.11|2641.44|-1|1.23|-0.74618|2695.09|2682.89|2670.69|2658.49|2652.39|2640.19|2634.09|2621.89|2609.69|2597.49|2609.71|2615.81|2621.91|2628.01|2652.41|2658.51|2664.61|2670.71|0.0|0.0|2649.73475|2645.76838|2633.58441|0|1770789219
1770639000|2648.13|2649.12|2640.57|2643.54|2545|M5|2649.61047|2649.20239|2652.18315|-1.69276|-2|2637.98231|2638.80156|2649.69661|2644.90625|2659.08453|2664.17763|2650.50445|2640.33953|2650.91701|2648.07128|2650.55399|2641.11848|2641.15791|2637.92504|2649.33167|2639.94083|2645.835|2649.12|2640.57|2645.34|-1|0.495|1.46243|2677.74|2669.19|2660.64|2652.09|2647.815|2639.265|2634.99|2626.44|2617.89|2609.34|2623.47|2627.745|2632.02|2636.295|2653.395|2657.67|2661.945|2666.22|0.0|0.0|2629.88799|2648.67001|2640.53003|0|1770789219
1770639300|2639.57|2640.66|2630.5|2631.13|9530|M5|2623.84311|2630.99989|2643.2024|1.68391|2|2633.61031|2634.07888|2621.89779|2641.4904|2644.75895|2639.4122|2641.20376|2629.89939|2638.42757|2639.05574|2646.72942|2630.48071|2626.86979|2625.61091|2641.32938|2630.34398|2635.35|2640.66|2630.5|2635.465|1|0.115|-0.71081|2671.77|2661.61|2651.45|2641.29|2636.21|2626.05|2620.97|2610.81|2600.65|2590.49|2610.18|2615.26|2620.34|2625.42|2645.74|2650.82|2655.9|2660.98|2642.26003|2625.60958|2636.61491|2639.99666|2630.02977|0|1770789219
1770639600|2627.96|2634.28|2623.51|2630.57|3869|M5|2625.69593|2627.37141|2626.129|-0.73387|-1|2625.63789|2632.57806|2611.97144|2630.01922|2631.18729|2639.63736|2634.61781|2621.99664|2632.29332|2636.53187|2627.90977|2624.71197|2621.92849|2615.9006|2635.17322|2622.61552|2629.265|2634.28|2623.51|2629.08|-1|0.185|-1.49898|2673.65|2662.88|2652.11|2641.34|2635.955|2625.185|2619.8|2609.03|2598.26|2587.49|2601.97|2607.355|2612.74|2618.125|2639.665|2645.05|2650.435|2655.82|0.0|0.0|2620.77438|2634.46735|2623.23016|0|1770789219
1770639900|2628.15|2642.28|2624.36|2637.32|7985|M5|2639.13675|2644.92998|2648.39504|2.74638|-1|2619.6295|2614.96004|2634.02958|2644.181|2632.27463|2643.32671|2642.82699|2622.53665|2642.81096|2645.5217|2642.61229|2624.75093|2622.95118|2631.4637|2642.73552|2623.70046|2632.735|2642.28|2624.36|2633.0275|1|0.2925|-1.07725|2709.0|2691.08|2673.16|2655.24|2646.28|2628.36|2619.4|2601.48|2583.56|2565.64|2588.52|2597.48|2606.44|2615.4|2651.24|2660.2|2669.16|2678.12|2646.54234|0.0|2624.58325|2643.07769|2624.98262|0|1770789219
1770640200|2634.13|2634.15|2623.46|2624.85|3822|M5|2626.66088|2633.62785|2631.6617|0.81022|-1|2618.95307|2616.10732|2608.69104|2638.87143|2641.42524|2623.55864|2634.40968|2621.63859|2635.65352|2634.88831|2627.02751|2623.03677|2623.61403|2616.55893|2634.64597|2622.6462|2629.49|2634.15|2623.46|2629.1475|-1|0.3425|-0.62879|2667.61|2656.92|2646.23|2635.54|2630.195|2619.505|2614.16|2603.47|2592.78|2582.09|2602.08|2607.425|2612.77|2618.115|2639.495|2644.84|2650.185|2655.53|0.0|2623.03347|2636.45021|2634.1528|2623.80566|1|1770789219
1770640500|2627.8|2632.08|2623.94|2631.79|8301|M5|2631.25096|2636.86269|2644.88822|-1.58403|-1|2622.92552|2627.16989|2614.36026|2637.18565|2635.77235|2617.81403|2632.36172|2622.75981|2629.53921|2632.1856|2624.41605|2623.57423|2623.84945|2617.69837|2632.64786|2623.85894|2629.795|2632.08|2623.94|2628.9025|-1|0.8925|-1.97172|2664.35|2656.21|2648.07|2639.93|2635.86|2627.72|2623.65|2615.51|2607.37|2599.23|2607.66|2611.73|2615.8|2619.87|2636.15|2640.22|2644.29|2648.36|0.0|0.0|2626.31205|2632.4428|2623.18462|0|1770789219
1770640800|2628.07|2629.2|2624.62|2624.9|7128|M5|2620.85765|2619.04596|2637.08169|-2.69979|2|2628.21333|2625.03216|2622.95675|2626.64632|2631.0472|2624.83594|2629.66575|2622.87|2630.92703|2625.65806|2633.87464|2627.19933|2622.67693|2630.74127|2629.56327|2623.69242|2626.485|2629.2|2624.62|2626.6975|1|0.2125|-1.55176|2643.22|2638.64|2634.06|2629.48|2627.19|2622.61|2620.32|2615.74|2611.16|2606.58|2615.46|2617.75|2620.04|2622.33|2631.49|2633.78|2636.07|2638.36|0.0|0.0|2623.49392|2629.75022|2624.23218|0|1770789219
1770641100|2627.97|2631.99|2625.34|2627.1|2224|M5|2623.50293|2623.963|2634.30695|-1.63449|-1|2621.75756|2619.21083|2628.16067|2634.54857|2639.16293|2616.58166|2633.39607|2623.37593|2633.94561|2636.52445|2625.65149|2623.37418|2620.92203|2623.90714|2632.66433|2624.92751|2627.535|2631.99|2625.34|2628.1|1|0.565|-1.86853|2653.7|2647.05|2640.4|2633.75|2630.425|2623.775|2620.45|2613.8|2607.15|2600.5|2612.04|2615.365|2618.69|2622.015|2635.315|2638.64|2641.965|2645.29|0.0|2624.41034|2633.71342|2631.38949|2625.49025|0|1770789219
1770641400|2629.58|2630.08|2625.91|2627.28|8606|M5|2627.99899|2637.71386|2617.63268|-2.18886|-1|2627.87278|2625.06113|2630.69458|2627.64965|2621.70968|2622.10579|2630.99023|2624.83061|2627.64299|2627.12417|2630.00076|2625.29582|2629.33933|2629.93875|2630.21918|2625.29313|2628.43|2630.08|2625.91|2628.2125|-1|0.2175|0.11988|2643.96|2639.79|2635.62|2631.45|2629.365|2625.195|2623.11|2618.94|2614.77|2610.6|2617.57|2619.655|2621.74|2623.825|2632.165|2634.25|2636.335|2638.42|0.0|2625.60833|2633.04306|2631.05162|2625.27626|0|1770789219
1770641700|2628.21|2632.62|2615.39|2619.14|3777|M5|2618.36088|2609.14786|2619.03794|0.02886|1|2614.78215|2620.17432|2612.60539|2631.97976|2632.99506|2627.66887|2633.29423|2613.44285|2631.7036|2635.9388|2633.95159|2616.02689|2617.21914|2617.77683|2632.89996|2614.61834|2623.675|2632.62|2615.39|2623.84|1|0.165|-1.81696|2688.06|2670.83|2653.6|2636.37|2627.755|2610.525|2601.91|2584.68|2567.45|2550.22|2580.93|2589.545|2598.16|2606.775|2641.235|2649.85|2658.465|2667.08|2633.99642|0.0|2605.93796|2632.13564|2615.25425|0|1770789219
1770642000|2625.2|2634.2|2625.17|2633.21|5986|M5|2628.02326|2631.36995|2635.95267|0.36845|0|2621.65507|2630.74822|2621.35803|2633.99471|2629.52864|2636.46113|2635.07947|2624.41176|2635.03068|2634.87884|2638.19725|2623.53387|2626.89125|2623.8774|2634.30903|2624.21775|2629.205|2634.2|2625.17|2629.445|1|0.24|1.78516|2669.33|2660.3|2651.27|2642.24|2637.725|2628.695|2624.18|2615.15|2606.12|2597.09|2607.11|2611.625|2616.14|2620.655|2638.715|2643.23|2647.745|2652.26|0.0|0.0|2648.62759|2635.14661|2624.43394|0|1770789219
1770642300|2628.72|2630.17|2623.34|2625.49|5385|M5|2629.5844|2632.50098|2632.06838|-2.00555|2|2626.23087|2629.17536|2612.93773|2629.79154|2639.47117|2617.94211|2631.56255|2621.52628|2631.31259|2625.7073|2625.15142|2624.69077|2625.79971|2625.29256|2630.75633|2622.46566|2627.105|2630.17|2623.34|2626.93|-1|0.175|-0.77985|2652.81|2645.98|2639.15|2632.32|2628.905|2622.075|2618.66|2611.83|2605.0|2598.17|2609.68|2613.095|2616.51|2619.925|2633.585|2637.0|2640.415|2643.83|0.0|0.0|2616.85869|2629.73942|2622.6704|0|1770789219
1770642600|2627.04|2631.46|2623.0|2628.29|4288|M5|2627.99446|2618.74389|2623.94941|-2.2904|0|2618.47332|2625.37526|2614.35483|2628.30564|2631.13762|2627.727|2632.25921|2622.93833|2633.77627|2626.76793|2625.88537|2623.7152|2626.87096|2627.68498|2631.89235|2622.72345|2627.665|2631.46|2623.0|2627.4475|-1|0.2175|0.79336|2662.13|2653.67|2645.21|2636.75|2632.52|2624.06|2619.83|2611.37|2602.91|2594.45|2606.08|2610.31|2614.54|2618.77|2635.69|2639.92|2644.15|2648.38|0.0|0.0|2620.70422|2631.3428|2623.20155|0|1770789219
1770642900|2627.65|2631.1|2622.65|2630.93|4223|M5|2637.68564|2628.2749|2624.88027|2.51224|-2|2627.59239|2632.24406|2626.29199|2635.49766|2632.90983|2642.69024|2631.43182|2620.7509|2633.2235|2633.74329|2637.92625|2623.6112|2625.25501|2618.61044|2632.04082|2622.36837|2629.29|2631.1|2622.65|2628.0825|-1|1.2075|-1.31872|2664.73|2656.28|2647.83|2639.38|2635.155|2626.705|2622.48|2614.03|2605.58|2597.13|2605.75|2609.975|2614.2|2618.425|2635.325|2639.55|2643.775|2648.0|0.0|0.0|2644.53814|2630.60336|2622.55543|0|1770789219
1770643200|2636.91|2641.77|2628.16|2629.97|2601|M5|2633.7672|2637.40124|2639.09788|0.06638|2|2631.35865|2620.32309|2623.49505|2641.0644|2652.15205|2656.57638|2643.0284|2626.80813|2641.68563|2640.2329|2649.17639|2627.63433|2627.94098|2630.50231|2642.14135|2627.76222|2633.44|2641.77|2628.16|2634.2025|1|0.7625|-0.09027|2684.41|2670.8|2657.19|2643.58|2636.775|2623.165|2616.36|2602.75|2589.14|2575.53|2600.94|2607.745|2614.55|2621.355|2648.575|2655.38|2662.185|2668.99|0.0|0.0|2642.36395|2640.82446|2628.64057|0|1770789219
1770643500|2627.87|2632.62|2627.27|2632.14|4501|M5|2637.73947|2629.93485|2626.94421|1.86587|2|2622.09821|2623.77435|2620.80338|2634.28417|2628.15167|2627.82123|2634.57169|2626.61049|2634.11825|2633.64101|2625.9852|2628.64696|2624.17714|2630.97251|2632.80788|2627.02884|2630.005|2632.62|2627.27|2629.975|-1|0.03|-0.74538|2653.54|2648.19|2642.84|2637.49|2634.815|2629.465|2626.79|2621.44|2616.09|2610.74|2616.57|2619.245|2621.92|2624.595|2635.295|2637.97|2640.645|2643.32|0.0|0.0|2621.45811|2632.6166|2627.96924|0|1770789219
1770643800|2633.51|2634.03|2624.2|2626.66|4371|M5|2619.65174|2637.05834|2617.49288|-2.11775|2|2624.31035|2627.66294|2626.2683|2632.08992|2628.56302|2643.10696|2635.4346|2623.56732|2633.34228|2635.08683|2632.33578|2621.88637|2628.1478|2621.91515|2634.51848|2623.44746|2630.085|2634.03|2624.2|2629.6|-1|0.485|1.79563|2665.98|2656.15|2646.32|2636.49|2631.575|2621.745|2616.83|2607.0|2597.17|2587.34|2604.54|2609.455|2614.37|2619.285|2638.945|2643.86|2648.775|2653.69|0.0|0.0|2636.8888|2634.49536|2624.7413|0|1770789219
1770644100|2629.35|2632.31|2621.33|2624.53|2276|M5|2628.13312|2624.82092|2633.22775|1.74664|1|2626.44229|2618.47886|2607.02705|2632.82829|2626.202|2636.26528|2633.27766|2620.19983|2632.38385|2629.42956|2625.91752|2623.54376|2618.3772|2618.73219|2632.47334|2620.47859|2626.94|2632.31|2621.33|2626.88|-1|0.06|0.96363|2668.45|2657.47|2646.49|2635.51|2630.02|2619.04|2613.55|2602.57|2591.59|2580.61|2599.37|2604.86|2610.35|2615.84|2637.8|2643.29|2648.78|2654.27|2635.7779|2621.12462|2628.0981|2633.08084|2620.67196|0|1770789219
1770644400|2622.42|2631.91|2619.45|2630.78|6449|M5|2624.65978|2631.47417|2630.14017|2.1067|-2|2617.08546|2620.75062|2616.84508|2630.11759|2637.68359|2623.20522|2633.05065|2618.94816|2633.8442|2633.94296|2632.53716|2621.80084|2622.62402|2618.44158|2632.06115|2618.67385|2626.6|2631.91|2619.45|2626.14|-1|0.46|-0.52946|2680.62|2668.16|2655.7|2643.24|2637.01|2624.55|2618.32|2605.86|2593.4|2580.94|2594.53|2600.76|2606.99|2613.22|2638.14|2644.37|2650.6|2656.83|2633.49692|2617.38612|2618.85447|2631.05272|2619.67178|0|1770789219
1770644700|2629.7|2633.56|2623.5|2624.7|2921|M5|2631.2391|2634.46897|2635.20028|0.33081|-1|2619.04948|2631.15561|2615.27604|2638.11423|2632.96077|2642.36825|2634.25967|2623.36343|2635.19273|2633.38344|2637.68042|2621.05742|2627.27157|2621.06344|2634.51902|2622.90424|2627.2|2633.56|2623.5|2627.865|1|0.665|-0.85271|2664.94|2654.88|2644.82|2634.76|2629.73|2619.67|2614.64|2604.58|2594.52|2584.46|2603.38|2608.41|2613.44|2618.47|2638.59|2643.62|2648.65|2653.68|0.0|0.0|2633.56878|2633.26363|2624.31422|0|1770789219
1770645000|2621.5|2631.89|2619.8|2631.17|2493|M5|2633.42602|2628.43328|2619.22464|2.76206|-2|2620.5597|2610.21879|2613.6905|2633.47709|2634.35274|2621.99065|2633.42199|2619.24076|2630.78716|2636.8494|2624.78933|2620.13333|2618.22031|2618.10502|2632.61897|2618.9177|2626.335|2631.89|2619.8|2626.09|-1|0.245|0.93342|2679.53|2667.44|2655.35|2643.26|2637.215|2625.125|2619.08|2606.99|2594.9|2582.81|2595.62|2601.665|2607.71|2613.755|2637.935|2643.98|2650.025|2656.07|2633.14526|0.0|2620.36017|2632.35468|2620.36781|0|1770789219
1770645300|2629.87|2638.8|2628.38|2637.21|1755|M5|2644.11039|2642.66352|2649.04166|1.88724|2|2625.86643|2629.8709|2627.79681|2643.55684|2641.59916|2641.22151|2638.89419|2626.38888|2641.36186|2636.80824|2632.14686|2629.12027|2631.4191|2620.80616|2638.86154|2628.10387|2633.54|2638.8|2628.38|2633.565|1|0.025|0.87018|2678.89|2668.47|2658.05|2647.63|2642.42|2632.0|2626.79|2616.37|2605.95|2595.53|2607.54|2612.75|2617.96|2623.17|2644.01|2649.22|2654.43|2659.64|0.0|2624.37089|2622.30375|2639.30444|2628.55169|0|1770789219
1770645600|2632.9|2637.61|2631.21|2633.89|9445|M5|2626.36995|2629.39326|2643.57934|-2.3686|-1|2629.19796|2633.86252|2616.88075|2633.981|2645.89487|2641.95203|2637.88538|2629.61113|2638.73039|2632.89515|2641.76892|2632.90021|2633.56746|2625.87879|2638.26754|2630.25503|2633.395|2637.61|2631.21|2633.9025|1|0.5075|0.93784|2659.49|2653.09|2646.69|2640.29|2637.09|2630.69|2627.49|2621.09|2614.69|2608.29|2618.41|2621.61|2624.81|2628.01|2640.81|2644.01|2647.21|2650.41|0.0|0.0|2625.95023|2637.45162|2631.31041|1|1770789219
1770645900|2635.12|2644.99|2633.38|2640.74|8145|M5|2644.39875|2647.09182|2631.44488|-0.32483|0|2633.28893|2639.1465|2633.52784|2641.97924|2655.10233|2630.66231|2645.03554|2631.92094|2645.48746|2642.07865|2648.83548|2632.33503|2629.43998|2636.53889|2645.35481|2632.53533|2637.93|2644.99|2633.38|2638.5575|1|0.6275|-0.84345|2687.18|2675.57|2663.96|2652.35|2646.545|2634.935|2629.13|2617.52|2605.91|2594.3|2610.16|2615.965|2621.77|2627.575|2650.795|2656.6|2662.405|2668.21|2649.76969|0.0|2642.29304|2644.54293|2633.02061|0|1770789219
1770646200|2643.61|2652.99|2642.38|2652.19|4279|M5|2649.15155|2641.8331|2643.58602|2.15072|1|2637.52451|2652.09766|2650.51694|2655.97782|2656.78189|2641.05185|2653.47957|2642.1019|2650.95944|2658.26822|2651.93065|2639.8572|2638.55456|2649.26285|2653.5666|2641.75397|2647.9|2652.99|2642.38|2647.7925|-1|0.1075|1.01532|2694.63|2684.02|2673.41|2662.8|2657.495|2646.885|2641.58|2630.97|2620.36|2609.75|2621.16|2626.465|2631.77|2637.075|2658.295|2663.6|2668.905|2674.21|0.0|0.0|2659.52187|2652.42713|2642.54246|0|1770789219
1770646500|2651.62|2651.82|2649.24|2649.6|2126|M5|2657.24325|2643.9674|2637.2968|0.84397|-1|2650.38792|2643.91478|2638.03883|2648.32514|2647.79554|2647.1754|2652.88671|2647.55958|2650.2953|2654.57298|2652.72838|2651.69346|2651.62272|2655.80907|2652.03065|2648.73297|2650.61|2651.82|2649.24|2650.57|-1|0.04|-0.971|2659.92|2657.34|2654.76|2652.18|2650.89|2648.31|2647.02|2644.44|2641.86|2639.28|2644.08|2645.37|2646.66|2647.95|2653.11|2654.4|2655.69|2656.98|2656.1231|2648.84139|2662.21468|2651.03204|2648.39089|0|1770789219
1770646800|2649.94|2652.14|2645.56|2650.56|3002|M5|2648.7257|2643.34998|2650.7277|-0.78192|0|2642.87958|2637.54077|2644.21648|2654.59954|2660.52103|2649.38122|2652.5525|2643.70064|2654.57819|2652.21454|2646.05804|2644.92601|2646.78374|2653.47465|2652.66602|2644.58133|2650.25|2652.14|2645.56|2649.55|-1|0.7|1.66151|2676.88|2670.3|2663.72|2657.14|2653.85|2647.27|2643.98|2637.4|2630.82|2624.24|2632.4|2635.69|2638.98|2642.27|2655.43|2658.72|2662.01|2665.3|0.0|0.0|2649.4248|2652.93964|2644.73665|0|1770789219
1770647100|2656.27|2666.21|2655.2|2665.54|1373|M5|2665.93201|2669.61559|2667.19502|-1.29946|0|2653.16409|2649.76723|2641.08508|2661.82252|2669.45164|2659.41254|2666.26139|2655.08823|2666.58112|2664.66452|2673.7762|2656.28327|2654.20904|2658.70978|2666.32605|2654.67723|2660.905|2666.21|2655.2|2660.805|-1|0.1|-1.60712|2709.58|2698.57|2687.56|2676.55|2671.045|2660.035|2654.53|2643.52|2632.51|2621.5|2633.18|2638.685|2644.19|2649.695|2671.715|2677.22|2682.725|2688.23|0.0|2652.07732|2667.01003|2665.93242|2655.84292|0|1770789219
1770647400|2670.15|2673.73|2658.88|2662.34|5366|M5|2663.42928|2654.9126|2653.59151|-2.45217|0|2662.05226|2666.81962|2657.83442|2673.87096|2678.52793|2659.61798|2673.7963|2658.33536|2674.19002|2677.84607|2667.18071|2660.74047|2660.97312|2653.11164|2674.5346|2658.35261|2666.245|2673.73|2658.88|2666.275|1|0.03|0.74763|2721.74|2706.89|2692.04|2677.19|2669.765|2654.915|2647.49|2632.64|2617.79|2602.94|2629.18|2636.605|2644.03|2651.455|2681.155|2688.58|2696.005|2703.43|0.0|0.0|2649.95663|2673.98915|2657.89035|0|1770789219
1770647700|2666.74|2671.52|2661.91|2663.0|8991|M5|2662.04661|2662.76362|2667.76874|-0.18224|2|2659.77848|2652.74325|2672.98721|2669.52927|2663.01416|2668.32132|2673.38465|2660.03114|2673.36935|2676.1773|2674.60968|2661.28424|2656.66086|2657.21894|2671.52723|2661.42472|2664.87|2671.52|2661.91|2665.7925|1|0.9225|1.59377|2701.44|2691.83|2682.22|2672.61|2667.805|2658.195|2653.39|2643.78|2634.17|2624.56|2642.69|2647.495|2652.3|2657.105|2676.325|2681.13|2685.935|2690.74|2673.0138|0.0|2677.8966|2671.22487|2661.0077|0|1770789219
1770648000|2666.06|2668.39|2660.3|2664.11|9798|M5|2659.67697|2664.89082|2652.67399|0.82547|2|2665.38554|2658.88834|2668.03725|2669.8785|2675.07699|2680.36341|2669.55689|2658.62369|2667.84925|2672.46395|2663.76056|2658.29604|2656.28924|2666.2509|2668.51497|2659.71308|2665.085|2668.39|2660.3|2664.715|-1|0.37|1.3544|2696.47|2688.38|2680.29|2672.2|2668.155|2660.065|2656.02|2647.93|2639.84|2631.75|2644.12|2648.165|2652.21|2656.255|2672.435|2676.48|2680.525|2684.57|0.0|2657.45323|2657.08273|2667.74512|2660.33814|0|1770789219
1770648300|2669.74|2675.45|2665.77|2671.68|7006|M5|2675.89427|2677.05273|2684.51103|-1.86299|0|2660.53167|2659.02691|2671.46859|2675.12168|2675.5478|2683.55916|2676.56497|2665.44888|2677.60886|2672.18748|2672.50097|2666.9146|2661.02415|2666.50603|2675.85463|2665.26528|2670.71|2675.45|2665.77|2670.66|-1|0.05|1.86945|2710.4|2700.72|2691.04|2681.36|2676.52|2666.84|2662.0|2652.32|2642.64|2632.96|2646.41|2651.25|2656.09|2660.93|2680.29|2685.13|2689.97|2694.81|2679.03474|0.0|2686.69283|2676.14566|2664.97333|1|1770789219
1770648600|2671.11|2676.91|2670.48|2674.81|7571|M5|2672.0452|2665.09131|2681.67393|1.92134|-1|2672.69141|2661.60251|2662.05205|2674.77988|2675.31659|2668.83398|2678.41931|2670.17081|2679.21358|2677.65035|2674.81329|2671.49772|2673.86267|2666.01583|2677.33453|2670.27694|2672.96|2676.91|2670.48|2673.3275|1|0.3675|0.09286|2700.53|2694.1|2687.67|2681.24|2678.025|2671.595|2668.38|2661.95|2655.52|2649.09|2657.62|2660.835|2664.05|2667.265|2680.125|2683.34|2686.555|2689.77|2678.88887|2666.23139|2659.42391|2676.93399|2670.69603|0|1770789219
1770648900|2674.27|2678.36|2664.41|2667.25|4200|M5|2670.84292|2669.01627|2672.10432|-2.26629|0|2668.19436|2665.9789|2669.61918|2682.18181|2676.07579|2684.39701|2680.09035|2663.15067|2680.36599|2681.49697|2683.16539|2664.08085|2659.77228|2659.79482|2678.75233|2663.90883|2670.76|2678.36|2664.41|2671.0725|1|0.3125|0.07111|2723.05|2709.1|2695.15|2681.2|2674.225|2660.275|2653.3|2639.35|2625.4|2611.45|2636.51|2643.485|2650.46|2657.435|2685.335|2692.31|2699.285|2706.26|0.0|0.0|2681.5884|2678.29066|2664.59468|0|1770789219
1770649200|2668.0|2672.18|2667.97|2670.86|6757|M5|2663.16246|2676.16965|2675.74206|1.77345|-1|2667.27317|2674.8411|2670.92691|2669.71291|2671.74306|2661.88339|2673.73401|2666.5345|2673.77794|2667.89351|2670.06042|2668.83722|2667.22597|2663.4395|2672.61813|2667.31828|2669.43|2672.18|2667.97|2669.7525|1|0.3225|0.17146|2687.7|2683.49|2679.28|2675.07|2672.965|2668.755|2666.65|2662.44|2658.23|2654.02|2659.55|2661.655|2663.76|2665.865|2674.285|2676.39|2678.495|2680.6|2675.68977|0.0|2655.19136|2671.5512|2668.65035|0|1770789219
1770649500|2672.78|2677.01|2662.29|2665.87|9708|M5|2664.90599|2661.8614|2675.10753|-2.42816|0|2657.86092|2652.26097|2657.30769|2680.34509|2684.90872|2672.10229|2678.97872|2660.43149|2679.48294|2672.79078|2680.22805|2663.92262|2658.91852|2663.86557|2677.64986|2661.94103|2669.325|2677.01|2662.29|2669.4875|1|0.1625|1.73954|2724.75|2710.03|2695.31|2680.59|2673.23|2658.51|2651.15|2636.43|2621.71|2606.99|2632.85|2640.21|2647.57|2654.93|2684.37|2691.73|2699.09|2706.45|0.0|0.0|2676.55606|2677.97899|2661.31053|1|1770789219
1770649800|2670.34|2670.83|2664.84|2669.63|6150|M5|2671.44461|2666.70704|2669.24216|1.47339|0|2662.28172|2671.83299|2679.57159|2675.34027|2678.62272|2664.75158|2671.86738|2664.40318|2671.89877|2673.26475|2672.86496|2665.5662|2665.06377|2657.60879|2671.38295|2664.81392|2669.985|2670.83|2664.84|2668.91|-1|1.075|0.42446|2693.59|2687.6|2681.61|2675.62|2672.625|2666.635|2663.64|2657.65|2651.66|2645.67|2652.86|2655.855|2658.85|2661.845|2673.825|2676.82|2679.815|2682.81|0.0|0.0|2668.47276|2671.40623|2664.06083|0|1770789219
1770650100|2674.11|2679.0|2662.31|2665.53|8512|M5|2658.0024|2670.90023|2672.588|1.80004|0|2667.26763|2660.81693|2655.42289|2674.17035|2688.35504|2684.96282|2679.96861|2661.0528|2678.42147|2675.51152|2674.77424|2663.32449|2658.41076|2656.71822|2679.88201|2661.9301|2669.82|2679.0|2662.31|2670.2375|1|0.4175|-1.06156|2732.29|2715.6|2698.91|2682.22|2673.875|2657.185|2648.84|2632.15|2615.46|2598.77|2628.93|2637.275|2645.62|2653.965|2687.345|2695.69|2704.035|2712.38|0.0|2660.38874|2680.40657|2678.17123|2661.50615|0|1770789219
1770650400|2667.69|2670.42|2662.38|2665.96|9402|M5|2669.52362|2657.12359|2664.51804|2.21348|1|2661.87996|2662.59395|2667.1373|2665.19068|2674.97768|2679.09653|2671.28925|2661.52208|2668.10345|2673.44062|2674.21342|2663.19321|2658.50173|2663.96489|2671.0332|2662.2478|2666.825|2670.42|2662.38|2666.6125|-1|0.2125|0.33123|2698.12|2690.08|2682.04|2674.0|2669.98|2661.94|2657.92|2649.88|2641.84|2633.8|2646.3|2650.32|2654.34|2658.36|2674.44|2678.46|2682.48|2686.5|0.0|2661.0802|2654.99787|2670.65555|2662.09377|1|1770789219
1770650700|2669.13|2680.75|2664.84|2678.29|8608|M5|2682.31865|2674.63507|2672.66748|-2.60261|-2|2661.50536|2663.15188|2650.61567|2681.91149|2689.28853|2669.01337|2681.55754|2663.67585|2681.52802|2679.89279|2686.59845|2665.93147|2660.65088|2658.3759|2681.15343|2664.38995|2673.71|2680.75|2664.84|2673.2525|-1|0.4575|-1.24056|2741.93|2726.02|2710.11|2694.2|2686.245|2670.335|2662.38|2646.47|2630.56|2614.65|2633.02|2640.975|2648.93|2656.885|2688.705|2696.66|2704.615|2712.57|2684.23278|0.0|2671.2342|2681.56025|2663.97379|0|1770789219
1770651000|2677.24|2680.87|2669.15|2672.71|2830|M5|2673.52242|2680.36416|2661.89401|-0.46649|2|2666.22869|2670.67562|2684.90706|2676.88275|2673.82423|2665.15105|2682.79591|2667.24484|2679.94309|2686.14232|2688.07796|2669.99541|2674.26678|2671.58939|2681.17899|2668.60913|2674.975|2680.87|2669.15|2674.9925|1|0.0175|-1.12303|2719.59|2707.87|2696.15|2684.43|2678.57|2666.85|2660.99|2649.27|2637.55|2625.83|2645.71|2651.57|2657.43|2663.29|2686.73|2692.59|2698.45|2704.31|0.0|2668.00757|2658.84965|2680.84156|2669.65941|0|1770789219
1770651300|2668.56|2677.47|2664.98|2676.16|4156|M5|2675.56648|2677.44932|2689.25832|0.34049|-2|2662.76334|2670.36286|2676.99188|2674.07527|2673.89613|2680.55046|2679.05343|2664.9618|2679.48736|2674.3678|2677.63698|2664.77515|2668.22005|2662.82648|2677.61|2664.12829|2672.36|2677.47|2664.98|2671.7925|-1|0.5675|1.90235|2726.12|2713.63|2701.14|2688.65|2682.405|2669.915|2663.67|2651.18|2638.69|2626.2|2640.0|2646.245|2652.49|2658.735|2683.715|2689.96|2696.205|2702.45|0.0|2663.58668|2668.3412|2677.49263|2665.03319|0|1770789219
1770651600|2678.62|2679.8|2669.38|2673.24|6671|M5|2679.83822|2678.91299|2670.05556|0.96748|2|2664.41626|2660.99754|2682.05412|2678.47089|2689.71393|2692.53186|2681.61452|2668.25334|2677.74547|2680.70538|2677.75337|2668.90023|2666.4929|2668.87162|2680.34228|2669.10627|2675.93|2679.8|2669.38|2675.26|-1|0.67|0.04687|2714.92|2704.5|2694.08|2683.66|2678.45|2668.03|2662.82|2652.4|2641.98|2631.56|2648.54|2653.75|2658.96|2664.17|2685.01|2690.22|2695.43|2700.64|0.0|2664.47287|2675.23582|2679.28471|2670.11597|0|1770789219
1770651900|2672.31|2683.78|2669.87|2679.36|8277|M5|2680.91838|2681.00006|2680.19819|-0.61962|-1|2664.7978|2665.14906|2679.82103|2682.5556|2690.05051|2687.68101|2684.49018|2668.8193|2683.99191|2679.74517|2675.99715|2670.9765|2673.71075|2670.46985|2683.95539|2669.77525|2675.835|2683.78|2669.87|2676.33|1|0.495|-1.5674|2735.0|2721.09|2707.18|2693.27|2686.315|2672.405|2665.45|2651.54|2637.63|2623.72|2642.05|2649.005|2655.96|2662.915|2690.735|2697.69|2704.645|2711.6|2687.51756|0.0|2667.30295|2683.67445|2670.34489|0|1770789219
1770652200|2681.89|2690.25|2681.67|2688.46|6738|M5|2690.25866|2685.66187|2682.48417|-2.64607|0|2682.64606|2671.16684|2685.31558|2686.62699|2683.41474|2695.82501|2690.8515|2679.86134|2690.03099|2686.51819|2696.29244|2683.71577|2679.48249|2679.44793|2691.21637|2681.61732|2685.175|2690.25|2681.67|2685.5675|1|0.3925|-0.23415|2722.78|2714.2|2705.62|2697.04|2692.75|2684.17|2679.88|2671.3|2662.72|2654.14|2664.51|2668.8|2673.09|2677.38|2694.54|2698.83|2703.12|2707.41|0.0|2677.27779|2691.52371|2689.53839|2681.15519|0|1770789219
1770652500|2687.28|2689.59|2679.44|2679.57|2298|M5|2673.64854|2685.66657|2687.71065|1.71304|-2|2677.18213|2678.75256|2668.49055|2690.10646|2685.69114|2691.25867|2690.99364|2678.81452|2691.69363|2686.54195|2691.67437|2677.61111|2674.58765|2672.95402|2689.8848|2679.08236|2683.425|2689.59|2679.44|2683.97|1|0.545|1.32822|2720.17|2710.02|2699.87|2689.72|2684.645|2674.495|2669.42|2659.27|2649.12|2638.97|2659.14|2664.215|2669.29|2674.365|2694.665|2699.74|2704.815|2709.89|0.0|2678.4546|2692.06948|2689.92106|2678.51775|0|1770789219
1770652800|2681.43|2685.37|2679.75|2682.69|8193|M5|2678.34644|2684.90759|2675.79396|-1.96054|-2|2682.10702|2675.29567|2685.59849|2680.14604|2695.76662|2692.62685|2686.9126|2678.91014|2684.33433|2681.19026|2688.9382|2682.26292|2677.14071|2673.40584|2685.81471|2678.99023|2682.06|2685.37|2679.75|2682.31|1|0.25|-0.47094|2705.17|2699.55|2693.93|2688.31|2685.5|2679.88|2677.07|2671.45|2665.83|2660.21|2668.51|2671.32|2674.13|2676.94|2688.18|2690.99|2693.8|2696.61|0.0|2675.16845|2680.93342|2685.93905|2679.10049|0|1770789219
1770653100|2685.11|2688.06|2684.52|2684.83|4019|M5|2683.35986|2675.99014|2690.28454|-1.21362|-2|2679.47399|2681.78105|2693.47415|2691.95791|2694.65387|2692.38805|2688.80125|2683.95376|2687.81897|2685.22196|2684.1968|2686.73676|2689.37936|2682.46031|2688.37478|2683.65152|2684.97|2688.06|2684.52|2685.63|1|0.66|-0.1272|2698.99|2695.45|2691.91|2688.37|2686.6|2683.06|2681.29|2677.75|2674.21|2670.67|2677.44|2679.21|2680.98|2682.75|2689.83|2691.6|2693.37|2695.14|0.0|0.0|2698.24172|2687.9778|2683.61057|1|1770789219
1770653400|2681.41|2683.73|2677.52|2682.46|9916|M5|2676.54338|2680.09496|2677.09732|-0.95548|0|2674.34265|2667.68177|2676.61315|2683.23317|2673.22657|2687.68374|2685.53515|2676.17074|2681.71331|2688.47166|2685.08354|2677.36089|2674.3675|2675.81859|2684.50265|2677.05501|2681.935|2683.73|2677.52|2681.28|-1|0.655|-1.94714|2707.3|2701.09|2694.88|2688.67|2685.565|2679.355|2676.25|2670.04|2663.83|2657.62|2665.1|2668.205|2671.31|2674.415|2686.835|2689.94|2693.045|2696.15|0.0|0.0|2688.36814|2683.47313|2678.43851|0|1770789219
1770653700|2685.6|2690.44|2683.56|2689.88|5405|M5|2687.6535|2680.6114|2702.76665|0.8946|0|2688.89529|2682.01114|2691.30781|2691.47236|2691.92616|2694.52628|2690.73607|2681.83874|2687.82522|2687.22958|2689.31243|2682.5565|2682.15119|2691.51912|2691.05146|2683.00073|2687.74|2690.44|2683.56|2687.37|-1|0.37|-1.53113|2717.4|2710.52|2703.64|2696.76|2693.32|2686.44|2683.0|2676.12|2669.24|2662.36|2669.8|2673.24|2676.68|2680.12|2693.88|2697.32|2700.76|2704.2|0.0|2680.75457|2675.67144|2691.18081|2682.57212|0|1770789219
1770654000|2685.69|2699.27|2682.66|2694.54|4712|M5|2687.87999|2700.75976|2696.40946|-2.31562|-2|2678.71332|2686.39092|2690.01292|2700.78269|2703.42757|2709.75384|2700.36074|2682.34443|2700.33364|2702.53135|2693.23407|2684.7223|2687.97328|2678.61472|2700.04218|2682.24525|2690.115|2699.27|2682.66|2690.54|1|0.425|0.1917|2760.98|2744.37|2727.76|2711.15|2702.845|2686.235|2677.93|2661.32|2644.71|2628.1|2649.44|2657.745|2666.05|2674.355|2707.575|2715.88|2724.185|2732.49|0.0|0.0|2683.94533|2699.00619|2682.18458|0|1770789219
1770654300|2693.14|2695.51|2689.71|2694.44|6564|M5|2689.89338|2699.57181|2693.85562|1.0447|1|2694.36511|2697.56559|2677.53036|2700.3513|2695.25495|2699.13425|2695.70803|2687.85301|2696.33478|2697.76117|2691.45637|2692.04124|2684.95059|2697.05576|2695.89341|2688.95026|2693.79|2695.51|2689.71|2693.2|-1|0.59|1.36077|2717.64|2711.84|2706.04|2700.24|2697.34|2691.54|2688.64|2682.84|2677.04|2671.24|2678.11|2681.01|2683.91|2686.81|2698.41|2701.31|2704.21|2707.11|0.0|0.0|2683.15021|2695.85973|2689.47938|0|1770789219
1770654600|2695.88|2697.36|2687.82|2687.87|2519|M5|2687.09504|2682.09867|2684.18253|-1.63563|0|2683.90289|2683.85838|2688.6897|2701.69044|2700.65936|2710.51806|2699.03735|2687.62164|2697.50397|2699.86448|2697.23713|2686.54096|2688.04395|2694.73981|2697.55914|2687.16165|2691.875|2697.36|2687.82|2692.2325|1|0.3575|0.75401|2726.03|2716.49|2706.95|2697.41|2692.64|2683.1|2678.33|2668.79|2659.25|2649.71|2668.74|2673.51|2678.28|2683.05|2702.13|2706.9|2711.67|2716.44|0.0|0.0|2677.39576|2697.22561|2687.71764|0|1770789219
1770654900|2683.94|2686.58|2673.83|2678.8|7621|M5|2682.50289|2686.04512|2675.56226|0.0157|0|2675.67481|2668.82072|2665.04999|2689.34056|2684.51272|2678.80853|2687.71657|2673.40853|2684.18328|2686.74865|2690.20716|2674.16542|2672.45132|2668.94782|2687.15111|2673.49392|2681.37|2686.58|2673.83|2680.7875|-1|0.5825|-0.18885|2729.8|2717.05|2704.3|2691.55|2685.175|2672.425|2666.05|2653.3|2640.55|2627.8|2648.33|2654.705|2661.08|2667.455|2692.955|2699.33|2705.705|2712.08|2690.68125|0.0|2673.30891|2687.04802|2674.33012|0|1770789219
1770655200|2676.64|2683.62|2672.44|2682.22|7075|M5|2674.21219|2692.18079|2669.40869|-1.5106|-1|2675.28355|2663.75579|2656.5293|2682.3335|2679.78285|2672.78395|2685.20685|2670.65316|2681.73976|2678.95916|2680.66419|2671.50459|2673.44141|2664.57723|2683.7471|2671.45678|2679.43|2683.62|2672.44|2678.73|-1|0.7|-1.84691|2726.94|2715.76|2704.58|2693.4|2687.81|2676.63|2671.04|2659.86|2648.68|2637.5|2650.08|2655.67|2661.26|2666.85|2689.21|2694.8|2700.39|2705.98|0.0|2669.00421|2677.44831|2684.30884|2671.57493|0|1770789219
1770655500|2678.97|2679.56|2671.35|2674.15|3789|M5|2674.18923|2664.12228|2683.56043|2.89539|1|2674.56568|2664.90653|2657.86732|2674.53765|2689.04586|2663.64834|2681.36993|2670.47145|2679.58383|2683.71572|2680.60472|2670.34986|2667.05643|2678.32333|2679.56763|2670.66908|2676.56|2679.56|2671.35|2676.0075|-1|0.5525|-0.33552|2706.99|2698.78|2690.57|2682.36|2678.255|2670.045|2665.94|2657.73|2649.52|2641.31|2654.93|2659.035|2663.14|2667.245|2683.665|2687.77|2691.875|2695.98|0.0|0.0|2678.38048|2679.42734|2671.78614|0|1770789219
1770655800|2673.11|2683.74|2668.49|2681.87|7878|M5|2683.66577|2675.65698|2680.73223|1.77219|-2|2663.34549|2668.4271|2671.91396|2682.97417|2690.90278|2680.60691|2685.5799|2666.69053|2683.87822|2679.3228|2676.92649|2670.42346|2669.59137|2664.10185|2684.33044|2667.93837|2677.49|2683.74|2668.49|2676.8025|-1|0.6875|-0.40211|2742.87|2727.62|2712.37|2697.12|2689.495|2674.245|2666.62|2651.37|2636.12|2620.87|2637.99|2645.615|2653.24|2660.865|2691.365|2698.99|2706.615|2714.24|2684.01077|0.0|2694.78688|2683.83784|2668.69633|0|1770789219
1770656100|2686.48|2691.5|2681.96|2691.39|3449|M5|2687.95349|2690.78131|2680.07616|1.87523|-1|2683.9522|2680.31742|2695.3375|2689.92363|2696.47175|2693.7729|2691.95017|2680.22358|2689.67118|2694.86069|2688.4917|2679.6897|2683.38747|2682.15073|2691.87133|2681.3219|2688.935|2691.5|2681.96|2687.8325|-1|1.1025|-1.28577|2729.55|2720.01|2710.47|2700.93|2696.16|2686.62|2681.85|2672.31|2662.77|2653.23|2662.88|2667.65|2672.42|2677.19|2696.27|2701.04|2705.81|2710.58|0.0|0.0|2676.5029|2690.76574|2682.35332|0|1770789219
1770656400|2695.78|2700.76|2690.73|2693.19|1982|M5|2698.42899|2703.9275|2691.741|0.11602|-1|2692.24558|2696.19225|2677.98752|2705.03893|2702.39635|2716.947|2701.86914|2690.30428|2702.85512|2700.26405|2694.3553|2690.44114|2695.46158|2697.50984|2701.36161|2690.3284|2694.485|2700.76|2690.73|2695.115|1|0.63|0.85604|2733.31|2723.28|2713.25|2703.22|2698.205|2688.175|2683.16|2673.13|2663.1|2653.07|2670.67|2675.685|2680.7|2685.715|2705.775|2710.79|2715.805|2720.82|0.0|2686.36936|2678.35859|2700.73988|2691.35672|0|1770789219
1770656700|2697.39|2701.53|2688.65|2688.77|1485|M5|2688.06458|2685.81418|2681.46309|-1.43426|-1|2685.72044|2677.92645|2696.56338|2700.43914|2695.65403|2698.88266|2702.03747|2687.04999|2699.54215|2700.57849|2693.91186|2686.27493|2692.1959|2691.04596|2702.35779|2688.07894|2693.08|2701.53|2688.65|2694.085|1|1.005|0.63382|2740.29|2727.41|2714.53|2701.65|2695.21|2682.33|2675.89|2663.01|2650.13|2637.25|2662.89|2669.33|2675.77|2682.21|2707.97|2714.41|2720.85|2727.29|0.0|0.0|2699.43766|2701.58606|2689.50879|0|1770789219
1770657000|2687.02|2688.08|2680.96|2683.87|5398|M5|2691.48769|2688.38673|2684.79911|0.48936|-1|2676.76237|2675.64913|2682.85007|2691.95981|2678.76236|2701.0845|2689.02509|2679.50899|2686.50131|2688.10723|2690.6517|2681.40399|2685.10824|2679.72725|2688.69696|2680.95638|2685.445|2688.08|2680.96|2684.9825|-1|0.4625|-0.63922|2712.35|2705.23|2698.11|2690.99|2687.43|2680.31|2676.75|2669.63|2662.51|2655.39|2666.72|2670.28|2673.84|2677.4|2691.64|2695.2|2698.76|2702.32|0.0|0.0|2684.82277|2688.61783|2681.81189|1|1770789219
1770657300|2679.87|2691.91|2675.25|2689.75|4359|M5|2686.09433|2681.0215|2676.89952|-0.72316|2|2671.79097|2665.9693|2681.79114|2689.92516|2686.42168|2696.21647|2692.84535|2674.21427|2693.22274|2696.29088|2688.77487|2677.7766|2670.1596|2676.60715|2692.46543|2675.0224|2684.81|2691.91|2675.25|2684.195|-1|0.615|-1.52859|2756.39|2739.73|2723.07|2706.41|2698.08|2681.42|2673.09|2656.43|2639.77|2623.11|2641.93|2650.26|2658.59|2666.92|2700.24|2708.57|2716.9|2725.23|0.0|2674.57306|2699.16616|2692.72677|2674.47177|0|1770789219
1770657600|2689.72|2692.3|2689.69|2690.99|9061|M5|2688.59826|2701.6358|2687.24409|-0.90288|-1|2685.18466|2698.72578|2690.86078|2690.40322|2694.82338|2699.14076|2693.34184|2687.97727|2690.79613|2687.25171|2684.92201|2690.61931|2693.67328|2694.89353|2692.71455|2689.09454|2690.355|2692.3|2689.69|2690.675|1|0.32|-0.25766|2701.43|2698.82|2696.21|2693.6|2692.295|2689.685|2688.38|2685.77|2683.16|2680.55|2684.47|2685.775|2687.08|2688.385|2693.605|2694.91|2696.215|2697.52|0.0|2687.48434|2692.45921|2691.88384|2690.1478|0|1770789219
1770657900|2690.06|2691.17|2685.67|2688.49|2478|M5|2694.66248|2690.39675|2689.56747|-1.03844|1|2685.3718|2687.11105|2682.14262|2688.71763|2694.7596|2704.26047|2692.25255|2685.40496|2688.50961|2696.20122|2698.48164|2683.82479|2682.8252|2691.00625|2691.35606|2685.37744|2689.275|2691.17|2685.67|2688.8475|-1|0.4275|-1.05476|2710.49|2704.99|2699.49|2693.99|2691.24|2685.74|2682.99|2677.49|2671.99|2666.49|2674.67|2677.42|2680.17|2682.92|2693.92|2696.67|2699.42|2702.17|0.0|2682.6217|2672.9362|2691.75947|2685.31301|0|1770789219
1770658200|2690.98|2693.54|2686.33|2693.41|3633|M5|2693.52314|2691.19212|2696.0165|-1.99223|-2|2684.47918|2677.13686|2686.06606|2688.32542|2698.22086|2699.20332|2694.3813|2685.68046|2695.0102|2698.6995|2693.70886|2687.71621|2686.3614|2683.70448|2694.46933|2685.90034|2692.195|2693.54|2686.33|2691.065|-1|1.13|-0.7365|2722.25|2715.04|2707.83|2700.62|2697.015|2689.805|2686.2|2678.99|2671.78|2664.57|2671.91|2675.515|2679.12|2682.725|2697.145|2700.75|2704.355|2707.96|2695.11336|0.0|2695.96858|2693.03412|2685.92906|0|1770789219
1770658500|2691.26|2692.11|2687.34|2692.06|2638|M5|2697.51131|2685.34063|2702.2658|2.65506|1|2683.43958|2693.78437|2685.49634|2694.88603|2699.14467|2685.65243|2692.40414|2685.46912|2690.13612|2694.49202|2694.22146|2689.2091|2691.73899|2688.27225|2692.75735|2687.23341|2691.66|2692.11|2687.34|2690.6925|-1|0.9675|-0.65879|2711.14|2706.37|2701.6|2696.83|2694.445|2689.675|2687.29|2682.52|2677.75|2672.98|2677.8|2680.185|2682.57|2684.955|2694.495|2696.88|2699.265|2701.65|0.0|0.0|2695.8179|2693.04972|2686.66854|0|1770789219
1770658800|2695.63|2707.25|2695.57|2702.55|6097|M5|2705.04712|2712.73711|2708.07941|-2.44982|-1|2691.00525|2698.84066|2684.94565|2708.12784|2704.63403|2722.83737|2709.23059|2695.54007|2709.92415|2703.21194|2710.62628|2695.01704|2690.95612|2698.88391|2707.73589|2695.122|2699.09|2707.25|2695.57|2700.25|1|1.16|-1.33879|2749.27|2737.59|2725.91|2714.23|2708.39|2696.71|2690.87|2679.19|2667.51|2655.83|2672.21|2678.05|2683.89|2689.73|2713.09|2718.93|2724.77|2730.61|2711.39777|0.0|2697.47332|2706.35881|2695.08959|0|1770789219
1770659100|2702.52|2705.61|2698.76|2702.85|8249|M5|2704.60459|2706.32086|2706.59239|0.59615|0|2702.97286|2701.10327|2690.46991|2709.34236|2699.34423|2705.65836|2706.30834|2696.8103|2706.06138|2703.80607|2701.58414|2696.33832|2697.99855|2695.60032|2706.32714|2698.12133|2702.685|2705.61|2698.76|2702.435|-1|0.25|-0.07074|2730.25|2723.4|2716.55|2709.7|2706.275|2699.425|2696.0|2689.15|2682.3|2675.45|2685.06|2688.485|2691.91|2695.335|2709.035|2712.46|2715.885|2719.31|2706.21026|0.0|2687.18857|2705.6215|2699.75295|0|1770789219
1770659400|2702.45|2711.12|2700.82|2707.26|6221|M5|2710.79895|2708.56903|2703.0896|-1.68929|1|2697.22596|2711.39368|2689.27702|2707.15079|2707.88574|2709.69699|2712.52323|2699.99653|2708.63679|2708.37368|2719.22718|2698.14575|2697.26256|2693.64079|2711.54937|2699.93555|2704.855|2711.12|2700.82|2705.4125|1|0.5575|-0.30351|2748.46|2738.16|2727.86|2717.56|2712.41|2702.11|2696.96|2686.66|2676.36|2666.06|2680.22|2685.37|2690.52|2695.67|2716.27|2721.42|2726.57|2731.72|2713.30114|0.0|2712.40656|2710.23068|2701.06661|0|1770789219
1770659700|2709.07|2713.7|2705.4|2711.66|6238|M5|2708.387|2702.17517|2705.12105|2.90441|0|2709.3471|2709.82611|2714.78181|2714.02393|2702.93595|2706.2124|2714.03413|2704.46061|2713.23355|2711.20646|2716.86863|2707.9045|2709.59104|2706.80768|2714.11917|2705.19217|2710.365|2713.7|2705.4|2709.9575|-1|0.4075|0.92913|2744.86|2736.56|2728.26|2719.96|2715.81|2707.51|2703.36|2695.06|2686.76|2678.46|2688.8|2692.95|2697.1|2701.25|2717.85|2722.0|2726.15|2730.3|0.0|2702.96925|2696.1346|2714.65775|2705.7041|0|1770789219
1770660000|2708.55|2709.3|2704.56|2705.0|3266|M5|2704.57807|2713.81948|2708.75851|2.42476|-1|2700.6199|2697.41882|2694.60686|2709.01969|2711.02078|2722.83305|2710.75657|2703.73494|2708.49906|2709.89032|2714.86125|2703.97387|2704.63395|2696.85342|2710.29084|2704.14184|2706.775|2709.3|2704.56|2706.8525|1|0.0775|0.02634|2723.96|2719.22|2714.48|2709.74|2707.37|2702.63|2700.26|2695.52|2690.78|2686.04|2695.08|2697.45|2699.82|2702.19|2711.67|2714.04|2716.41|2718.78|0.0|0.0|2696.15262|2708.46603|2704.14754|0|1770789219
1770660300|2706.79|2715.98|2702.56|2715.69|7570|M5|2721.1256|2708.96228|2712.77734|-0.56004|-2|2699.02891|2705.149|2689.02301|2713.92838|2714.6819|2708.92088|2716.03116|2702.09676|2717.61771|2714.80116|2719.79837|2703.31272|2703.05781|2696.69741|2716.7192|2701.56799|2711.24|2715.98|2702.56|2710.255|-1|0.985|1.22165|2769.37|2755.95|2742.53|2729.11|2722.4|2708.98|2702.27|2688.85|2675.43|2662.01|2675.72|2682.43|2689.14|2695.85|2722.69|2729.4|2736.11|2742.82|0.0|2698.37172|2718.12752|2716.91972|2702.09716|0|1770789219
1770660600|2717.55|2718.41|2705.27|2707.71|2383|M5|2714.2249|2711.78326|2714.73977|0.68736|1|2700.18883|2698.98001|2700.162|2713.01644|2712.25897|2710.81293|2718.68804|2703.37033|2719.62795|2716.95552|2711.08516|2707.44771|2709.1889|2710.28856|2719.36236|2705.10199|2712.63|2718.41|2705.27|2712.235|-1|0.395|-0.34179|2760.27|2747.13|2733.99|2720.85|2714.28|2701.14|2694.57|2681.43|2668.29|2655.15|2678.99|2685.56|2692.13|2698.7|2724.98|2731.55|2738.12|2744.69|0.0|2701.26899|2705.07512|2718.39557|2704.48556|0|1770789219
1770660900|2709.09|2709.17|2702.54|2706.51|1304|M5|2703.82608|2716.69641|2696.1576|-1.04157|1|2702.37207|2703.82452|2686.49219|2707.48018|2703.67945|2694.7032|2709.63173|2701.39907|2710.12491|2706.46169|2715.4196|2701.43421|2699.02813|2697.81018|2709.72859|2701.78359|2707.8|2709.17|2702.54|2706.8275|-1|0.9725|-0.60088|2733.03|2726.4|2719.77|2713.14|2709.825|2703.195|2699.88|2693.25|2686.62|2679.99|2689.28|2692.595|2695.91|2699.225|2712.485|2715.8|2719.115|2722.43|0.0|0.0|2694.85362|2708.18215|2701.88746|1|1770789219
1770661200|2705.95|2713.58|2702.79|2710.85|9951|M5|2714.81426|2703.23192|2718.72661|1.07773|-1|2698.05306|2707.55107|2718.51437|2708.72512|2716.39184|2702.039|2714.63236|2701.92116|2715.12524|2717.32889|2717.13046|2700.77077|2701.34075|2700.96382|2714.27848|2702.71735|2708.4|2713.58|2702.79|2708.2925|-1|0.1075|-1.91438|2754.01|2743.22|2732.43|2721.64|2716.245|2705.455|2700.06|2689.27|2678.48|2667.69|2681.21|2686.605|2692.0|2697.395|2718.975|2724.37|2729.765|2735.16|0.0|0.0|2713.14164|2714.10967|2702.78955|0|1770789219
1770661500|2710.49|2714.61|2700.29|2701.54|1183|M5|2703.62888|2704.12128|2714.99599|-0.88266|-2|2699.69927|2710.15549|2709.19679|2711.63878|2724.25513|2704.79362|2715.16343|2700.03041|2714.20951|2711.13843|2716.00787|2701.13957|2695.92019|2693.01724|2715.53903|2700.10804|2706.015|2714.61|2700.29|2706.7325|1|0.7175|1.60667|2758.82|2744.5|2730.18|2715.86|2708.7|2694.38|2687.22|2672.9|2658.58|2644.26|2671.65|2678.81|2685.97|2693.13|2721.77|2728.93|2736.09|2743.25|0.0|0.0|2708.99588|2713.9401|2700.02416|0|1770789219
1770661800|2704.8|2716.52|2701.18|2712.76|1368|M5|2716.38014|2718.48426|2718.24676|1.62512|1|2705.83238|2705.59169|2710.27309|2712.86907|2719.7015|2712.20942|2717.51289|2700.03772|2714.97306|2716.81947|2721.51888|2702.21544|2696.44608|2700.75753|2717.41171|2700.22136|2708.78|2716.52|2701.18|2708.815|1|0.035|1.98169|2774.12|2758.78|2743.44|2728.1|2720.43|2705.09|2697.42|2682.08|2666.74|2651.4|2670.5|2678.17|2685.84|2693.51|2724.19|2731.86|2739.53|2747.2|0.0|2700.04017|2707.24384|2715.72758|2700.52267|1|1770789219
1770662100|2715.11|2716.48|2708.22|2712.86|5033|M5|2717.01152|2720.03527|2718.35583|0.26422|-2|2703.07535|2702.33202|2708.88077|2720.09442|2726.11729|2715.30936|2717.96878|2708.17324|2714.14266|2720.99563|2724.17439|2707.26216|2710.22243|2702.92038|2717.33764|2707.52451|2713.985|2716.48|2708.22|2713.1675|-1|0.8175|-1.64566|2745.9|2737.64|2729.38|2721.12|2716.99|2708.73|2704.6|2696.34|2688.08|2679.82|2691.7|2695.83|2699.96|2704.09|2720.61|2724.74|2728.87|2733.0|0.0|0.0|2696.65533|2715.75335|2708.21896|0|1770789219
1770662400|2708.83|2711.47|2695.84|2699.01|7993|M5|2700.44818|2691.04752|2687.28137|-0.244|-1|2693.7429|2698.93596|2698.42508|2716.16141|2715.68018|2706.96963|2712.24568|2695.40051|2711.4724|2710.10548|2704.22104|2694.76883|2696.90194|2702.01922|2711.82437|2695.39759|2703.92|2711.47|2695.84|2703.7875|-1|0.1325|0.8484|2761.53|2745.9|2730.27|2714.64|2706.825|2691.195|2683.38|2667.75|2652.12|2636.49|2664.58|2672.395|2680.21|2688.025|2719.285|2727.1|2734.915|2742.73|0.0|0.0|2711.4321|2711.03957|2696.16996|0|1770789219
1770662700|2696.26|2696.49|2687.87|2688.58|3644|M5|2688.24243|2696.89008|2691.09188|0.91746|2|2690.46686|2689.51481|2696.00847|2700.10944|2696.43099|2689.32421|2696.65947|2687.53393|2699.15454|2695.76992|2703.91923|2688.78196|2684.43135|2692.78431|2697.14993|2687.06195|2692.42|2696.49|2687.87|2692.3|-1|0.12|0.02127|2723.06|2714.44|2705.82|2697.2|2692.89|2684.27|2679.96|2671.34|2662.72|2654.1|2670.63|2674.94|2679.25|2683.56|2700.8|2705.11|2709.42|2713.73|0.0|0.0|2688.78327|2697.41317|2688.72503|0|1770789219
1770663000|2689.05|2691.99|2684.67|2685.56|3545|M5|2690.88987|2689.20621|2693.67304|-2.98552|0|2680.63259|2683.47755|2689.54551|2694.61201|2683.43756|2676.96629|2693.06668|2684.30121|2690.19127|2690.23014|2691.88671|2687.16569|2684.30187|2691.24709|2692.80246|2683.67795|2687.305|2691.99|2684.67|2687.8175|1|0.5125|-1.43284|2714.84|2707.52|2700.2|2692.88|2689.22|2681.9|2678.24|2670.92|2663.6|2656.28|2670.03|2673.69|2677.35|2681.01|2695.65|2699.31|2702.97|2706.63|0.0|0.0|2672.58487|2692.85031|2684.94823|0|1770789219
1770663300|2682.05|2691.69|2678.16|2690.96|3190|M5|2688.37367|2692.89696|2694.75587|2.79386|-1|2683.00091|2669.50128|2669.93712|2692.18378|2701.40566|2680.91339|2692.21902|2677.08978|2692.24799|2692.95597|2694.24938|2680.20044|2678.79544|2676.56423|2692.0132|2677.58112|2686.505|2691.69|2678.16|2685.715|-1|0.79|-1.85806|2745.08|2731.55|2718.02|2704.49|2697.725|2684.195|2677.43|2663.9|2650.37|2636.84|2651.1|2657.865|2664.63|2671.395|2698.455|2705.22|2711.985|2718.75|2692.37395|0.0|2693.52312|2691.26047|2678.67199|0|1770789219
1770663600|2691.43|2695.91|2687.27|2694.58|5184|M5|2693.57143|2695.40315|2681.52196|-2.02338|2|2686.36723|2678.87066|2700.05997|2701.21325|2686.44793|2683.15291|2696.60444|2685.9147|2693.91197|2696.04516|2696.53737|2689.18546|2682.56991|2689.89136|2696.71688|2686.40339|2693.005|2695.91|2687.27|2692.2975|-1|0.7075|1.91823|2729.14|2720.5|2711.86|2703.22|2698.9|2690.26|2685.94|2677.3|2668.66|2660.02|2669.99|2674.31|2678.63|2682.95|2700.23|2704.55|2708.87|2713.19|2700.0579|0.0|2682.76494|2696.18876|2686.47624|0|1770789219
1770663900|2692.98|2700.2|2691.27|2698.68|9193|M5|2704.21654|2692.98045|2702.62238|0.20824|0|2695.213|2692.05253|2705.10896|2699.0265|2703.28149|2713.33154|2700.95967|2690.54538|2699.22992|2699.74386|2699.44008|2692.0786|2686.6499|2690.88388|2701.00989|2690.93756|2695.83|2700.2|2691.27|2695.7825|-1|0.0475|0.19569|2734.4|2725.47|2716.54|2707.61|2703.145|2694.215|2689.75|2680.82|2671.89|2662.96|2673.41|2677.875|2682.34|2686.805|2704.665|2709.13|2713.595|2718.06|0.0|2687.49969|2694.48463|2701.085|2691.51637|0|1770789219
1770664200|2696.88|2699.32|2686.35|2686.96|9741|M5|2684.18216|2687.6232|2697.25852|1.59406|-2|2685.62576|2687.37008|2680.49916|2704.64532|2705.06388|2687.08253|2701.23186|2685.21512|2700.61189|2700.44884|2697.36196|2688.1359|2691.00063|2685.28951|2699.41621|2685.50942|2691.92|2699.32|2686.35|2692.3775|1|0.4575|-0.9883|2738.84|2725.87|2712.9|2699.93|2693.445|2680.475|2673.99|2661.02|2648.05|2635.08|2660.41|2666.895|2673.38|2679.865|2705.805|2712.29|2718.775|2725.26|2700.29189|0.0|2695.9998|2698.97451|2685.63335|0|1770789219
1770664500|2680.55|2682.36|2678.13|2680.81|6786|M5|2679.8304|2690.59215|2693.88775|0.92972|2|2678.83727|2670.68434|2668.62769|2684.0159|2683.79457|2696.08886|2682.92379|2677.03581|2681.00728|2678.5901|2677.91074|2679.11704|2677.68062|2676.92062|2682.70178|2677.88911|2680.68|2682.36|2678.13|2680.4625|-1|0.2175|1.11247|2697.73|2693.5|2689.27|2685.04|2682.925|2678.695|2676.58|2672.35|2668.12|2663.89|2669.67|2671.785|2673.9|2676.015|2684.475|2686.59|2688.705|2690.82|2687.17478|0.0|2668.50395|2682.04918|2679.02811|0|1770789219
1770664800|2686.99|2695.83|2686.07|2694.33|6561|M5|2689.18134|2704.82161|2683.70791|0.40379|0|2680.79982|2687.21406|2675.0537|2700.5707|2698.54877|2687.12569|2696.18151|2686.03676|2694.93777|2698.11686|2698.26028|2684.38009|2688.68663|2693.13522|2696.46861|2685.95104|2690.66|2695.83|2686.07|2690.805|1|0.145|0.7244|2733.37|2723.61|2713.85|2704.09|2699.21|2689.45|2684.57|2674.81|2665.05|2655.29|2666.55|2671.43|2676.31|2681.19|2700.71|2705.59|2710.47|2715.35|0.0|0.0|2707.19584|2696.68834|2685.87149|0|1770789219
1770665100|2694.0|2695.31|2687.33|2690.6|2564|M5|2697.05479|2683.99843|2692.43714|-0.75404|1|2682.81092|2696.15398|2703.32373|2699.62292|2694.28011|2701.87553|2696.47659|2687.16038|2695.85446|2695.13408|2699.9529|2684.69815|2684.31828|2695.11066|2695.4622|2686.45041|2692.3|2695.31|2687.33|2691.81|-1|0.49|-1.31056|2722.52|2714.54|2706.56|2698.58|2694.59|2686.61|2682.62|2674.64|2666.66|2658.68|2671.37|2675.36|2679.35|2683.34|2699.3|2703.29|2707.28|2711.27|2697.66679|2685.47529|2692.54389|2695.27832|2687.96869|0|1770789219
1770665400|2693.26|2697.75|2687.24|2688.47|3238|M5|2680.50805|2690.97959|2690.80863|-2.90885|2|2691.08943|2686.95372|2690.42559|2693.15308|2687.39538|2707.94955|2699.4402|2685.2417|2697.23538|2702.7451|2689.845|2685.08361|2691.40776|2695.11243|2697.86114|2687.0408|2690.865|2697.75|2687.24|2691.68|1|0.815|0.01466|2730.51|2720.0|2709.49|2698.98|2693.725|2683.215|2677.96|2667.45|2656.94|2646.43|2666.22|2671.475|2676.73|2681.985|2703.005|2708.26|2713.515|2718.77|0.0|0.0|2691.09231|2698.60203|2686.72305|0|1770789219
1770665700|2683.38|2693.55|2679.77|2689.1|8654|M5|2682.04653|2678.67499|2682.65283|2.82116|-2|2680.67988|2675.53682|2684.02627|2695.30518|2697.6131|2683.08046|2693.71027|2679.34464|2695.39693|2693.70504|2693.06876|2677.69807|2681.73257|2683.02845|2693.79905|2679.11511|2686.24|2693.55|2679.77|2686.45|1|0.21|1.88819|2744.22|2730.44|2716.66|2702.88|2695.99|2682.21|2675.32|2661.54|2647.76|2633.98|2652.21|2659.1|2665.99|2672.88|2700.44|2707.33|2714.22|2721.11|0.0|2676.2099|2698.95144|2693.65122|2679.58073|0|1770789219
1770666000|2686.12|2694.94|2684.11|2694.7|3780|M5|2693.67681|2695.61857|2700.69004|1.55504|1|2688.98937|2673.84884|2668.77143|2694.71934|2689.04701|2701.74801|2695.8332|2682.89058|2697.43697|2696.3565|2699.29761|2686.35269|2685.84681|2682.40369|2695.88515|2683.3046|2690.41|2694.94|2684.11|2689.9675|-1|0.4425|-1.34061|2738.02|2727.19|2716.36|2705.53|2700.115|2689.285|2683.87|2673.04|2662.21|2651.38|2662.45|2667.865|2673.28|2678.695|2700.355|2705.77|2711.185|2716.6|0.0|0.0|2703.48577|2695.47256|2683.89885|0|1770789219
1770666300|2698.58|2704.12|2697.85|2700.17|9566|M5|2696.9339|2702.48663|2687.81831|-0.44675|0|2702.74082|2696.60419|2705.66563|2702.70969|2704.03567|2689.21973|2705.32253|2697.82042|2704.95362|2708.54805|2706.38355|2699.82748|2699.70237|2704.78844|2704.60238|2697.45129|2699.375|2704.12|2697.85|2700.18|1|0.805|1.49744|2725.25|2718.98|2712.71|2706.44|2703.305|2697.035|2693.9|2687.63|2681.36|2675.09|2685.31|2688.445|2691.58|2694.715|2707.255|2710.39|2713.525|2716.66|0.0|0.0|2705.63112|2703.85927|2697.05848|1|1770789219
1770666600|2697.03|2699.83|2692.33|2697.88|9569|M5|2695.63441|2695.3423|2700.26717|1.27045|-2|2688.28695|2699.58275|2683.17023|2694.96817|2689.56412|2701.29929|2701.55764|2690.61552|2699.96642|2698.15917|2704.16618|2689.71201|2696.29401|2693.90465|2700.58363|2691.39004|2697.455|2699.83|2692.33|2696.7675|-1|0.6875|1.88978|2727.88|2720.38|2712.88|2705.38|2701.63|2694.13|2690.38|2682.88|2675.38|2667.88|2677.33|2681.08|2684.83|2688.58|2703.58|2707.33|2711.08|2714.83|2702.20769|0.0|2711.28752|2700.46425|2692.93743|0|1770789219
1770666900|2699.27|2708.37|2696.17|2704.14|9492|M5|2706.60546|2699.802|2704.81926|-0.41062|1|2693.94056|2697.46498|2707.12858|2712.43892|2704.68048|2711.82013|2708.71218|2695.71917|2708.61589|2709.96067|2703.80418|2697.16559|2695.28896|2702.00597|2709.32862|2695.98699|2701.705|2708.37|2696.17|2701.9875|1|0.2825|0.7276|2752.94|2740.74|2728.54|2716.34|2710.24|2698.04|2691.94|2679.74|2667.54|2655.34|2671.77|2677.87|2683.97|2690.07|2714.47|2720.57|2726.67|2732.77|0.0|0.0|2708.38671|2708.69848|2696.30188|0|1770789219
1770667200|2710.46|2722.56|2708.91|2717.95|8729|M5|2711.82536|2711.70325|2725.18639|1.26709|-1|2713.14149|2712.8857|2701.41961|2720.62303|2732.45673|2726.67897|2723.39502|2707.58311|2722.88905|2727.37854|2727.61438|2708.96431|2712.33453|2715.40801|2722.91885|2708.03473|2714.205|2722.56|2708.91|2714.97|1|0.765|0.06585|2772.55|2758.9|2745.25|2731.6|2724.775|2711.125|2704.3|2690.65|2677.0|2663.35|2681.61|2688.435|2695.26|2702.085|2729.385|2736.21|2743.035|2749.86|0.0|2704.25082|2710.63651|2721.70976|2708.13078|0|1770789219
1770667500|2714.09|2714.38|2704.53|2705.73|1080|M5|2711.63319|2710.82389|2696.25859|-1.76951|2|2707.42603|2701.52002|2717.91725|2717.77217|2721.5539|2710.65462|2714.67363|2703.30275|2715.10691|2714.95546|2719.81497|2704.46369|2701.11073|2710.8016|2714.64775|2704.03951|2709.91|2714.38|2704.53|2709.6825|-1|0.2275|-0.58713|2745.13|2735.28|2725.43|2715.58|2710.655|2700.805|2695.88|2686.03|2676.18|2666.33|2684.83|2689.755|2694.68|2699.605|2719.305|2724.23|2729.155|2734.08|2715.2621|2703.54554|2715.49767|2714.23861|2705.47704|0|1770789219
1770667800|2707.93|2710.29|2701.33|2702.46|4169|M5|2697.96449|2700.57293|2709.87308|0.84678|2|2702.32185|2706.69215|2703.80787|2705.06058|2709.34961|2719.66739|2711.91662|2700.52804|2711.86858|2706.01611|2706.98115|2698.82957|2699.84771|2704.91212|2711.14107|2700.40399|2705.195|2710.29|2701.33|2705.5025|1|0.3075|-0.18694|2738.3|2729.34|2720.38|2711.42|2706.94|2697.98|2693.5|2684.54|2675.58|2666.62|2683.41|2687.89|2692.37|2696.85|2714.77|2719.25|2723.73|2728.21|0.0|0.0|2696.65386|2710.26099|2701.13319|0|1770789219
1770668100|2705.99|2708.83|2695.93|2696.52|4504|M5|2697.62192|2689.19724|2683.91843|-1.11219|0|2696.52848|2693.73725|2698.26784|2707.83889|2698.96067|2707.50928|2708.9357|2695.25547|2708.849|2711.22413|2714.0908|2695.18237|2694.25009|2696.71488|2709.62791|2695.14758|2701.255|2708.83|2695.93|2701.8175|1|0.5625|-1.76145|2748.12|2735.22|2722.32|2709.42|2702.97|2690.07|2683.62|2670.72|2657.82|2644.92|2670.13|2676.58|2683.03|2689.48|2715.28|2721.73|2728.18|2734.63|0.0|0.0|2692.94148|2708.70376|2696.59073|0|1770789219
1770668400|2693.08|2698.5|2692.21|2696.3|1868|M5|2701.50362|2707.04112|2697.49398|2.3254|2|2687.3249|2686.82661|2707.40099|2702.6255|2695.54051|2687.97492|2700.15999|2691.27214|2696.50487|2693.29511|2700.48073|2692.1663|2687.97882|2695.2841|2698.75476|2691.47225|2694.69|2698.5|2692.21|2695.0225|1|0.3325|1.1661|2721.46|2715.17|2708.88|2702.59|2699.445|2693.155|2690.01|2683.72|2677.43|2671.14|2679.63|2682.775|2685.92|2689.065|2701.645|2704.79|2707.935|2711.08|0.0|0.0|2710.42129|2697.76505|2692.04855|0|1770789219
1770668700|2699.41|2710.74|2698.36|2707.18|1808|M5|2714.7729|2707.22439|2718.13019|2.81155|2|2702.28164|2692.8056|2692.64444|2713.81883|2718.08662|2702.44279|2712.29225|2696.50268|2708.54768|2709.21609|2713.41185|2699.37138|2702.59246|2698.82675|2711.53403|2698.35093|2703.295|2710.74|2698.36|2703.9225|1|0.6275|1.48783|2756.7|2744.32|2731.94|2719.56|2713.37|2700.99|2694.8|2682.42|2670.04|2657.66|2673.6|2679.79|2685.98|2692.17|2716.93|2723.12|2729.31|2735.5|0.0|0.0|2694.42937|2710.8707|2698.61855|0|1770789219
1770669000|2709.74|2714.89|2709.4|2710.51|1541|M5|2706.69101|2707.74777|2711.86477|2.86146|-2|2713.55814|2718.2685|2724.06255|2713.82563|2718.46754|2699.5172|2715.15146|2707.90977|2715.95081|2712.18241|2717.96272|2708.74403|2710.18963|2709.30664|2715.3582|2708.77556|2710.125|2714.89|2709.4|2711.135|1|1.01|0.83861|2732.47|2726.98|2721.49|2716.0|2713.255|2707.765|2705.02|2699.53|2694.04|2688.55|2698.42|2701.165|2703.91|2706.655|2717.635|2720.38|2723.125|2725.87|0.0|0.0|2702.90067|2715.02671|2708.76766|0|1770789219
1770669300|2713.24|2722.29|2712.16|2717.78|2529|M5|2710.64371|2719.73212|2730.92769|-0.16177|-1|2709.3143|2717.91326|2704.22719|2722.83651|2720.10433|2737.99496|2722.48858|2710.46315|2724.29798|2719.30344|2716.2275|2713.08934|2707.92084|2707.1805|2723.28391|2711.71146|2715.51|2722.29|2712.16|2716.3675|1|0.8575|-1.19583|2758.3|2748.17|2738.04|2727.91|2722.845|2712.715|2707.65|2697.52|2687.39|2677.26|2691.9|2696.965|2702.03|2707.095|2727.355|2732.42|2737.485|2742.55|0.0|0.0|2702.42478|2721.43757|2712.6128|0|1770789219
1770669600|2719.41|2724.7|2718.11|2724.35|7209|M5|2727.28413|2732.24291|2731.93785|-2.56957|0|2713.87663|2707.78254|2728.46417|2722.68517|2722.39802|2734.95181|2726.07754|2716.92304|2725.71801|2723.34044|2722.18311|2718.06917|2713.50526|2719.73054|2725.02427|2718.00847|2721.88|2724.7|2718.11|2721.6425|-1|0.2375|-1.50548|2750.71|2744.12|2737.53|2730.94|2727.645|2721.055|2717.76|2711.17|2704.58|2697.99|2704.93|2708.225|2711.52|2714.815|2727.995|2731.29|2734.585|2737.88|0.0|2714.18339|2718.82364|2724.13884|2718.42581|1|1770789219
1770669900|2725.16|2726.9|2723.71|2724.65|2397|M5|2726.66826|2725.11415|2714.60644|-1.75814|-1|2727.0425|2717.46385|2714.88109|2729.80718|2728.12506|2728.46444|2728.76565|2723.18291|2728.74199|2726.85741|2727.90715|2725.72684|2722.23864|2723.27439|2727.33381|2723.18228|2724.905|2726.9|2723.71|2725.105|1|0.2|1.32973|2737.41|2734.22|2731.03|2727.84|2726.245|2723.055|2721.46|2718.27|2715.08|2711.89|2717.33|2718.925|2720.52|2722.115|2728.495|2730.09|2731.685|2733.28|2728.86249|0.0|2718.02268|2726.27732|2723.49661|0|1770789219
1770670200|2726.27|2736.77|2726.18|2731.9|3447|M5|2734.54018|2730.49115|2738.95923|-1.69619|1|2729.07193|2720.2803|2725.44851|2733.72842|2727.14765|2743.59617|2737.90654|2724.8619|2737.16856|2733.56822|2741.8189|2723.99219|2722.65264|2730.17973|2737.73746|2726.01967|2729.085|2736.77|2726.18|2730.28|1|1.195|-1.90475|2774.26|2763.67|2753.08|2742.49|2737.195|2726.605|2721.31|2710.72|2700.13|2689.54|2705.0|2710.295|2715.59|2720.885|2742.065|2747.36|2752.655|2757.95|0.0|0.0|2730.46943|2736.18226|2726.19812|0|1770789219
1770670500|2727.82|2741.34|2727.36|2736.87|8160|M5|2744.08429|2746.13527|2729.08786|-2.89783|-2|2726.21846|2723.09093|2737.55417|2742.12343|2738.83022|2741.15903|2742.65574|2725.56247|2739.28332|2743.53599|2748.69897|2724.87785|2725.12745|2720.362|2741.43917|2726.46161|2732.345|2741.34|2727.36|2733.3475|1|1.0025|-0.59467|2792.79|2778.81|2764.83|2750.85|2743.86|2729.88|2722.89|2708.91|2694.93|2680.95|2699.4|2706.39|2713.38|2720.37|2748.33|2755.32|2762.31|2769.3|0.0|0.0|2723.40821|2741.38806|2727.05151|0|1770789219
1770670800|2732.36|2733.24|2721.94|2724.95|5511|M5|2718.88327|2727.23804|2715.18394|-1.38741|-2|2716.76014|2717.88112|2737.26399|2728.5146|2743.84435|2749.09506|2734.54295|2720.30866|2730.98447|2729.58968|2739.6263|2724.2817|2718.01886|2721.21175|2734.10603|2721.00747|2728.655|2733.24|2721.94|2728.1225|-1|0.5325|0.55377|2770.15|2758.85|2747.55|2736.25|2730.6|2719.3|2713.65|2702.35|2691.05|2679.75|2699.34|2704.99|2710.64|2716.29|2738.89|2744.54|2750.19|2755.84|0.0|0.0|2718.54785|2734.19259|2721.85543|0|1770789219
1770671100|2729.75|2733.12|2720.59|2723.95|5223|M5|2716.36992|2718.62641|2733.53445|2.62417|-1|2720.04018|2711.39827|2707.11446|2732.13536|2743.89778|2747.61271|2734.44571|2720.38985|2731.14168|2735.55546|2735.61765|2721.1538|2723.12832|2723.10347|2733.25919|2720.05458|2726.85|2733.12|2720.59|2726.8525|1|0.0025|-1.03641|2774.07|2761.54|2749.01|2736.48|2730.215|2717.685|2711.42|2698.89|2686.36|2673.83|2695.53|2701.795|2708.06|2714.325|2739.385|2745.65|2751.915|2758.18|0.0|0.0|2715.31564|2733.69466|2719.68596|0|1770789219
1770671400|2724.74|2735.9|2721.49|2731.74|5295|M5|2737.15604|2724.5957|2729.60062|-1.69919|1|2723.66974|2730.65922|2718.54318|2736.31376|2734.00282|2727.07034|2737.5645|2719.74677|2733.49105|2734.38564|2733.51929|2719.98798|2723.33888|2715.996|2736.33378|2721.19493|2728.24|2735.9|2721.49|2728.4675|1|0.2275|-1.43986|2789.38|2774.97|2760.56|2746.15|2738.945|2724.535|2717.33|2702.92|2688.51|2674.1|2692.67|2699.875|2707.08|2714.285|2743.105|2750.31|2757.515|2764.72|0.0|2718.09025|2746.15892|2734.94001|2721.33133|1|1770789219
1770671700|2730.95|2737.2|2729.03|2736.15|2481|M5|2740.06174|2741.70413|2743.8262|-0.10476|2|2730.86789|2724.42801|2731.38088|2734.48731|2735.21503|2741.3226|2737.57911|2727.79734|2737.31845|2734.08916|2738.69963|2730.494|2733.87116|2732.9797|2737.52333|2728.92698|2733.55|2737.2|2729.03|2733.3325|-1|0.2175|1.17886|2768.83|2760.66|2752.49|2744.32|2740.235|2732.065|2727.98|2719.81|2711.64|2703.47|2712.69|2716.775|2720.86|2724.945|2741.285|2745.37|2749.455|2753.54|0.0|0.0|2721.52409|2736.9462|2730.0136|0|1770789219
1770672000|2734.33|2740.12|2729.77|2738.65|4063|M5|2742.77311|2743.57506|2745.10225|1.57895|2|2730.24919|2735.39416|2725.27039|2743.71106|2748.74505|2730.55177|2740.44452|2728.15167|2742.45314|2739.42493|2738.20311|2727.11545|2725.05502|2721.92742|2740.53362|2729.08481|2736.49|2740.12|2729.77|2735.7175|-1|0.7725|1.35509|2780.05|2769.7|2759.35|2749.0|2743.825|2733.475|2728.3|2717.95|2707.6|2697.25|2709.07|2714.245|2719.42|2724.595|2745.295|2750.47|2755.645|2760.82|0.0|2728.07256|2753.59649|2740.57022|2730.03061|0|1770789219
1770672300|2735.51|2748.0|2732.52|2743.46|5365|M5|2736.94996|2753.47808|2751.60365|1.92134|2|2735.52242|2733.86807|2731.8285|2744.38455|2742.95895|2751.73632|2748.13463|2732.02559|2750.66272|2747.28692|2750.5016|2731.06424|2736.35005|2730.37933|2748.74517|2732.24814|2739.485|2748.0|2732.52|2739.8725|1|0.3875|0.46581|2805.38|2789.9|2774.42|2758.94|2751.2|2735.72|2727.98|2712.5|2697.02|2681.54|2701.56|2709.3|2717.04|2724.78|2755.74|2763.48|2771.22|2778.96|0.0|2730.86439|2734.91983|2747.56595|2732.11163|0|1770789219
1770672600|2741.38|2745.28|2734.88|2736.85|6697|M5|2739.38822|2726.81392|2727.53276|0.728|1|2739.57137|2745.01949|2746.33629|2750.50555|2736.32656|2745.0619|2746.92705|2734.32302|2746.82907|2744.18577|2738.72917|2735.15302|2733.41406|2732.96131|2745.97025|2734.14465|2739.115|2745.28|2734.88|2739.5975|1|0.4825|-0.58122|2778.45|2768.05|2757.65|2747.25|2742.05|2731.65|2726.45|2716.05|2705.65|2695.25|2714.08|2719.28|2724.48|2729.68|2750.48|2755.68|2760.88|2766.08|2746.15718|0.0|2725.44041|2745.92107|2735.19965|0|1770789219
1770672900|2742.12|2746.67|2733.54|2734.16|2384|M5|2729.70964|2729.46189|2741.3807|1.29587|-1|2735.64557|2744.1545|2721.55596|2750.87099|2744.29355|2752.54222|2748.37268|2732.12596|2743.97989|2743.45051|2745.21511|2733.15064|2730.42706|2737.77235|2747.18185|2733.38915|2738.14|2746.67|2733.54|2739.1225|1|0.9825|1.33503|2786.68|2773.55|2760.42|2747.29|2740.725|2727.595|2721.03|2707.9|2694.77|2681.64|2707.28|2713.845|2720.41|2726.975|2753.235|2759.8|2766.365|2772.93|0.0|0.0|2744.33049|2747.01277|2734.47005|0|1770789219
1770673200|2739.98|2740.19|2734.1|2737.86|2989|M5|2737.54656|2727.62928|2746.34477|-1.18438|2|2730.3479|2736.20526|2747.94988|2736.89693|2732.12116|2734.05454|2740.98332|2733.12202|2738.84033|2743.36923|2734.96688|2732.01439|2734.20345|2726.6279|2741.08813|2733.47925|2738.92|2740.19|2734.1|2738.0325|-1|0.8875|-1.94606|2762.22|2756.13|2750.04|2743.95|2740.905|2734.815|2731.77|2725.68|2719.59|2713.5|2721.92|2724.965|2728.01|2731.055|2743.235|2746.28|2749.325|2752.37|0.0|0.0|2731.22324|2739.87887|2735.04299|0|1770789219
1770673500|2734.91|2740.28|2732.87|2737.35|2709|M5|2730.21863|2734.87432|2740.48892|2.43045|0|2733.60043|2731.38623|2747.40311|2735.9401|2745.67979|2739.3102|2741.94325|2731.63428|2739.03644|2735.01453|2741.01726|2734.07218|2737.45379|2733.07709|2740.91473|2732.15547|2736.13|2740.28|2732.87|2736.3525|1|0.2225|-1.13771|2766.99|2759.58|2752.17|2744.76|2741.055|2733.645|2729.94|2722.53|2715.12|2707.71|2718.05|2721.755|2725.46|2729.165|2743.985|2747.69|2751.395|2755.1|0.0|0.0|2734.67975|2740.16579|2732.53608|0|1770789219
1770673800|2740.13|2740.93|2731.06|2732.05|4600|M5|2739.35786|2721.91667|2727.55775|-0.50271|-1|2727.32144|2727.32044|2738.93732|2737.05437|2730.63289|2725.69047|2741.1538|2729.36872|2742.09256|2735.99156|2741.09865|2729.17656|2726.69402|2732.11774|2741.33808|2730.96998|2736.09|2740.93|2731.06|2736.0425|-1|0.0475|-0.71808|2771.53|2761.66|2751.79|2741.92|2736.985|2727.115|2722.18|2712.31|2702.44|2692.57|2711.32|2716.255|2721.19|2726.125|2745.865|2750.8|2755.735|2760.67|2741.6671|0.0|2744.9639|2740.39329|2731.85035|0|1770789219
1770674100|2732.7|2743.4|2731.5|2738.57|6663|M5|2730.3995|2731.38358|2748.31165|-0.46939|1|2730.42897|2729.29135|2742.27589|2741.04895|2744.01167|2757.31382|2745.37274|2729.88749|2745.07989|2747.43484|2745.09114|2733.95862|2736.46915|2737.97794|2743.7266|2730.58158|2735.635|2743.4|2731.5|2736.5425|1|0.9075|0.85839|2786.17|2774.27|2762.37|2750.47|2744.52|2732.62|2726.67|2714.77|2702.87|2690.97|2707.7|2713.65|2719.6|2725.55|2749.35|2755.3|2761.25|2767.2|0.0|2730.71092|2751.65339|2744.32455|2730.5878|0|1770789219
1770674400|2739.27|2741.22|2734.65|2737.85|5520|M5|2738.56161|2745.01017|2746.20631|2.55861|-1|2734.84029|2734.49086|2735.83315|2745.18093|2737.32119|2745.09125|2743.13549|2732.79143|2743.57816|2746.45264|2746.49677|2735.273|2732.99606|2731.23203|2741.83959|2734.39599|2738.56|2741.22|2734.65|2738.2475|-1|0.3125|0.63178|2764.13|2757.56|2750.99|2744.42|2741.135|2734.565|2731.28|2724.71|2718.14|2711.57|2721.51|2724.795|2728.08|2731.365|2744.505|2747.79|2751.075|2754.36|0.0|0.0|2723.58413|2741.69828|2735.29878|1|1770789219
1770674700|2738.17|2744.21|2735.27|2743.41|8248|M5|2750.47174|2738.88576|2745.76141|1.5297|-1|2738.20973|2742.82305|2727.38294|2744.50204|2739.43307|2745.2935|2744.97333|2734.42554|2742.09888|2742.82658|2743.71409|2737.17854|2735.34523|2742.0516|2744.71616|2735.22885|2740.79|2744.21|2735.27|2740.265|-1|0.525|-0.41149|2779.17|2770.23|2761.29|2752.35|2747.88|2738.94|2734.47|2725.53|2716.59|2707.65|2717.39|2721.86|2726.33|2730.8|2748.68|2753.15|2757.62|2762.09|0.0|0.0|2736.16041|2743.88184|2734.95197|0|1770789219
1770675000|2742.84|2750.4|2738.8|2749.93|3714|M5|2748.33956|2752.53499|2750.73152|1.0051|-2|2738.48642|2747.63706|2752.2736|2750.36735|2743.98572|2735.44136|2751.67851|2737.32856|2750.58462|2750.44833|2749.42406|2740.51107|2740.61787|2735.78571|2750.64686|2738.36504|2746.385|2750.4|2738.8|2745.4925|-1|0.8925|-1.3176|2796.33|2784.73|2773.13|2761.53|2755.73|2744.13|2738.33|2726.73|2715.13|2703.53|2715.6|2721.4|2727.2|2733.0|2756.2|2762.0|2767.8|2773.6|0.0|0.0|2739.24645|2749.75556|2738.9997|0|1770789219
1770675300|2749.39|2757.81|2745.48|2752.84|8264|M5|2755.8232|2746.87307|2748.3602|-2.67175|0|2742.13596|2751.20492|2737.26304|2757.97479|2753.98642|2747.29302|2758.90723|2744.34582|2757.43322|2760.73065|2754.33176|2745.03683|2743.12814|2749.81403|2757.99793|2745.01786|2751.115|2757.81|2745.48|2751.38|1|0.265|-1.09347|2802.16|2789.83|2777.5|2765.17|2759.005|2746.675|2740.51|2728.18|2715.85|2703.52|2720.82|2726.985|2733.15|2739.315|2763.975|2770.14|2776.305|2782.47|0.0|2745.13228|2746.78848|2757.04933|2745.9652|0|1770789219
1770675600|2750.26|2754.9|2745.99|2751.75|9342|M5|2753.80901|2760.77312|2742.87137|-1.97413|2|2746.95866|2752.66707|2762.13124|2754.2863|2756.74299|2757.78235|2756.04015|2744.83163|2753.8815|2755.85916|2760.90806|2748.63256|2744.40315|2747.29568|2755.08341|2745.39959|2751.005|2754.9|2745.99|2750.725|-1|0.28|-1.61094|2787.39|2778.48|2769.57|2760.66|2756.205|2747.295|2742.84|2733.93|2725.02|2716.11|2728.17|2732.625|2737.08|2741.535|2759.355|2763.81|2768.265|2772.72|2758.5538|0.0|2767.01677|2755.49186|2746.79695|0|1770789219
1770675900|2752.43|2754.71|2742.67|2743.78|6459|M5|2736.05093|2751.3492|2742.71937|1.72427|2|2739.42571|2743.27108|2752.09101|2749.59029|2754.67002|2746.57999|2755.27785|2741.75862|2753.92377|2751.53603|2753.29909|2744.42843|2740.401|2736.10326|2755.64784|2742.17711|2748.105|2754.71|2742.67|2748.3975|1|0.2925|0.0353|2791.94|2779.9|2767.86|2755.82|2749.8|2737.76|2731.74|2719.7|2707.66|2695.62|2718.59|2724.61|2730.63|2736.65|2760.73|2766.75|2772.77|2778.79|0.0|0.0|2729.98133|2753.98442|2742.58153|0|1770789219
1770676200|2747.4|2750.99|2738.4|2740.06|5669|M5|2733.19562|2736.83185|2746.28595|0.1072|0|2738.10516|2739.10019|2749.95199|2753.73979|2754.65163|2765.39457|2751.21593|2737.98236|2748.37915|2754.32082|2753.43681|2740.15474|2738.80246|2746.08914|2751.02632|2737.9812|2743.73|2750.99|2738.4|2744.2125|1|0.4825|0.98074|2790.42|2777.83|2765.24|2752.65|2746.355|2733.765|2727.47|2714.88|2702.29|2689.7|2713.22|2719.515|2725.81|2732.105|2757.285|2763.58|2769.875|2776.17|2755.0557|0.0|2736.51292|2750.07557|2739.08127|1|1770789219
1770676500|2742.45|2747.29|2737.84|2746.55|5867|M5|2740.62301|2755.53115|2756.97259|-1.08577|0|2738.22503|2746.15304|2731.37093|2752.65522|2737.18791|2737.8855|2749.19227|2737.20668|2748.7216|2749.80903|2750.1095|2737.65979|2737.73652|2743.0969|2747.95541|2737.0136|2744.5|2747.29|2737.84|2743.5325|-1|0.9675|1.25204|2784.35|2774.9|2765.45|2756.0|2751.275|2741.825|2737.1|2727.65|2718.2|2708.75|2718.94|2723.665|2728.39|2733.115|2752.015|2756.74|2761.465|2766.19|0.0|0.0|2744.82228|2746.8913|2738.55408|0|1770789219
1770676800|2747.68|2750.86|2744.24|2750.27|3336|M5|2743.42851|2753.06884|2743.21766|-2.1299|0|2741.14533|2749.97066|2728.88569|2752.66579|2757.93378|2753.77278|2752.84963|2742.31405|2748.43579|2753.93751|2754.1082|2745.75685|2743.3522|2737.71003|2751.29084|2744.20926|2748.975|2750.86|2744.24|2748.2625|-1|0.7125|0.14559|2776.75|2770.13|2763.51|2756.89|2753.58|2746.96|2743.65|2737.03|2730.41|2723.79|2731.0|2734.31|2737.62|2740.93|2754.17|2757.48|2760.79|2764.1|0.0|2743.62941|2758.9493|2750.05813|2743.32135|0|1770789219
1770677100|2755.46|2762.39|2754.41|2757.52|6998|M5|2755.45583|2753.2704|2764.10715|0.10622|2|2759.37247|2745.36005|2745.32975|2760.63383|2762.15149|2764.07648|2763.08494|2754.34841|2761.65416|2760.55415|2763.26441|2757.13525|2748.94675|2750.77361|2763.27918|2753.77683|2756.49|2762.39|2754.41|2757.445|1|0.955|1.06398|2789.44|2781.46|2773.48|2765.5|2761.51|2753.53|2749.54|2741.56|2733.58|2725.6|2738.45|2742.44|2746.43|2750.42|2766.38|2770.37|2774.36|2778.35|2766.28813|2751.73707|2770.31599|2762.89143|2754.11691|0|1770789219
1770677400|2755.53|2756.82|2742.38|2745.72|3754|M5|2753.94979|2752.52759|2739.22985|-2.35378|1|2739.04362|2737.94072|2740.96421|2756.04739|2761.17387|2755.74063|2758.23951|2741.70106|2758.55535|2757.01436|2752.49408|2741.75778|2740.9555|2742.46828|2757.79687|2742.22906|2750.625|2756.82|2742.38|2750.1125|-1|0.5125|0.97448|2803.48|2789.04|2774.6|2760.16|2752.94|2738.5|2731.28|2716.84|2702.4|2687.96|2713.5|2720.72|2727.94|2735.16|2764.04|2771.26|2778.48|2785.7|0.0|2738.74758|2745.45156|2756.27195|2742.57763|0|1770789219
1770677700|2744.89|2749.87|2743.52|2749.16|4386|M5|2752.28018|2753.8169|2736.57803|-2.32634|-2|2744.7641|2749.18946|2747.24713|2747.19497|2743.07548|2758.08362|2749.89777|2743.16522|2752.59679|2754.57806|2744.74343|2743.28948|2739.09361|2743.36818|2750.59443|2742.62947|2747.025|2749.87|2743.52|2746.86|-1|0.165|-0.20686|2774.56|2768.21|2761.86|2755.51|2752.335|2745.985|2742.81|2736.46|2730.11|2723.76|2730.82|2733.995|2737.17|2740.345|2753.045|2756.22|2759.395|2762.57|2750.8699|0.0|2756.06937|2750.79619|2744.08137|0|1770789219
1770678000|2744.98|2747.38|2742.92|2744.59|3303|M5|2741.91547|2744.61798|2753.02682|1.4023|-1|2746.60578|2736.98717|2758.08998|2744.58047|2747.06359|2747.13827|2748.00007|2741.68491|2749.18904|2746.40023|2742.01077|2742.14454|2737.9089|2736.30475|2748.26094|2742.41065|2744.785|2747.38|2742.92|2744.9675|1|0.1825|-1.04995|2762.43|2757.97|2753.51|2749.05|2746.82|2742.36|2740.13|2735.67|2731.21|2726.75|2734.0|2736.23|2738.46|2740.69|2749.61|2751.84|2754.07|2756.3|0.0|2738.44437|2751.53919|2748.32461|2742.42545|0|1770789219
1770678300|2748.26|2754.47|2744.69|2750.26|3506|M5|2743.0956|2743.46023|2760.92299|0.18648|0|2745.65578|2739.98546|2730.29379|2751.30269|2746.31691|2754.42563|2755.75847|2744.26318|2756.2706|2752.3172|2755.76275|2744.6711|2739.57803|2752.57169|2755.41741|2744.09964|2749.26|2754.47|2744.69|2749.42|1|0.16|1.10945|2789.38|2779.6|2769.82|2760.04|2755.15|2745.37|2740.48|2730.7|2720.92|2711.14|2725.13|2730.02|2734.91|2739.8|2759.36|2764.25|2769.14|2774.03|0.0|0.0|2735.58412|2754.47546|2744.86984|0|1770789219
1770678600|2745.93|2746.89|2741.69|2743.04|8492|M5|2748.52804|2735.06325|2755.24576|-0.68524|0|2742.90388|2740.43643|2725.73823|2746.76819|2757.58511|2757.24688|2748.061|2739.74951|2747.1439|2750.50266|2753.3998|2740.69607|2738.80075|2746.80321|2747.09743|2741.30495|2744.485|2746.89|2741.69|2744.3875|-1|0.0975|-0.90152|2763.84|2758.64|2753.44|2748.24|2745.64|2740.44|2737.84|2732.64|2727.44|2722.24|2731.29|2733.89|2736.49|2739.09|2749.49|2752.09|2754.69|2757.29|0.0|2741.10008|2727.26493|2747.47189|2741.48043|0|1770789219
1770678900|2739.77|2741.86|2734.99|2735.23|9762|M5|2728.44887|2744.56445|2730.98802|-1.90368|1|2732.58419|2740.67462|2728.83466|2746.62724|2745.31935|2729.70816|2743.84404|2734.65727|2742.71239|2740.28772|2742.23935|2733.53279|2737.68128|2733.1587|2742.18195|2734.07521|2737.5|2741.86|2734.99|2737.9625|1|0.4625|-0.51294|2762.71|2755.84|2748.97|2742.1|2738.665|2731.795|2728.36|2721.49|2714.62|2707.75|2721.25|2724.685|2728.12|2731.555|2745.295|2748.73|2752.165|2755.6|0.0|0.0|2749.19304|2742.01309|2734.61304|0|1770789219
1770679200|2741.13|2751.51|2737.7|2749.59|5650|M5|2753.04612|2746.54479|2741.54955|1.62982|1|2741.97722|2742.56228|2728.94201|2746.426|2758.45099|2758.44432|2751.85464|2735.92981|2753.84646|2752.38951|2750.55435|2735.26787|2741.85793|2736.32052|2751.69669|2737.58395|2745.36|2751.51|2737.7|2744.9825|-1|0.3775|-1.94577|2804.83|2791.02|2777.21|2763.4|2756.495|2742.685|2735.78|2721.97|2708.16|2694.35|2710.08|2716.985|2723.89|2730.795|2758.415|2765.32|2772.225|2779.13|0.0|0.0|2739.11336|2751.63103|2737.9306|0|1770789219
1770679500|2747.01|2759.09|2742.09|2754.56|7658|M5|2758.63806|2748.83519|2761.38144|1.92849|-1|2738.26369|2744.50116|2746.24785|2759.09513|2768.13472|2765.46781|2760.22964|2741.5834|2759.36565|2753.64145|2755.25238|2744.06988|2743.67637|2739.37894|2759.76282|2741.55357|2750.785|2759.09|2742.09|2750.6875|-1|0.0975|1.4258|2822.56|2805.56|2788.56|2771.56|2763.06|2746.06|2737.56|2720.56|2703.56|2686.56|2708.09|2716.59|2725.09|2733.59|2767.59|2776.09|2784.59|2793.09|0.0|0.0|2747.86227|2759.44617|2742.49785|1|1770789219
1770679800|2757.67|2760.49|2750.17|2753.31|2521|M5|2748.61952|2743.14121|2748.33618|2.55292|-2|2754.37218|2744.97262|2764.877|2758.70831|2762.15109|2767.45851|2761.61224|2750.05936|2763.24706|2758.17145|2757.7223|2750.41036|2750.49932|2755.57144|2760.53854|2749.9154|2755.49|2760.49|2750.17|2755.41|-1|0.08|0.10773|2794.59|2784.27|2773.95|2763.63|2758.47|2748.15|2742.99|2732.67|2722.35|2712.03|2729.53|2734.69|2739.85|2745.01|2765.65|2770.81|2775.97|2781.13|2762.43059|2746.65587|2737.33227|2759.56574|2749.85718|1|1770789219
1770680100|2754.46|2759.06|2750.7|2758.7|2019|M5|2762.72463|2763.58132|2763.53792|1.27783|1|2746.87252|2754.98154|2751.34671|2756.29468|2759.1957|2755.46346|2760.46157|2749.71294|2758.13712|2757.71356|2759.73823|2748.94568|2749.12222|2750.69107|2759.11483|2750.53018|2756.58|2759.06|2750.7|2755.73|-1|0.85|1.85713|2792.14|2783.78|2775.42|2767.06|2762.88|2754.52|2750.34|2741.98|2733.62|2725.26|2733.98|2738.16|2742.34|2746.52|2763.24|2767.42|2771.6|2775.78|0.0|0.0|2755.05932|2759.98697|2751.22102|0|1770789219
1770680400|2757.82|2762.21|2755.58|2758.33|7967|M5|2757.11011|2758.89471|2754.29486|-2.01191|1|2759.74614|2747.32943|2741.18118|2762.36053|2766.77732|2774.58913|2763.9878|2753.65266|2762.15967|2764.00161|2767.23389|2757.72054|2759.44712|2751.67406|2762.56979|2754.90676|2758.075|2762.21|2755.58|2758.485|1|0.41|-1.91756|2784.85|2778.22|2771.59|2764.96|2761.645|2755.015|2751.7|2745.07|2738.44|2731.81|2742.32|2745.635|2748.95|2752.265|2765.525|2768.84|2772.155|2775.47|0.0|0.0|2766.72057|2762.69248|2756.51322|0|1770789219
1770680700|2756.39|2756.94|2746.27|2747.41|8497|M5|2750.89555|2739.10054|2737.48856|-1.15278|-2|2745.08794|2744.16076|2758.20063|2758.89137|2754.98018|2764.51254|2758.17914|2744.86319|2754.88588|2755.43503|2751.7294|2747.46301|2750.05152|2742.7482|2757.87165|2746.03615|2751.9|2756.94|2746.27|2751.7525|-1|0.1475|-1.46506|2790.09|2779.42|2768.75|2758.08|2752.745|2742.075|2736.74|2726.07|2715.4|2704.73|2724.93|2730.265|2735.6|2740.935|2762.275|2767.61|2772.945|2778.28|0.0|0.0|2735.65563|2756.7794|2746.87972|0|1770789219
1770681000|2748.25|2748.64|2738.29|2739.2|4933|M5|2734.27736|2730.71275|2745.79171|-0.28632|-2|2737.02657|2741.5966|2732.4789|2752.92534|2757.01928|2734.74048|2750.02689|2737.89744|2749.02975|2743.24135|2745.43977|2740.15967|2739.01187|2732.53397|2748.99111|2738.21457|2743.725|2748.64|2738.29|2743.595|-1|0.13|0.21578|2780.6|2770.25|2759.9|2749.55|2744.375|2734.025|2728.85|2718.5|2708.15|2697.8|2717.59|2722.765|2727.94|2733.115|2753.815|2758.99|2764.165|2769.34|2752.78708|2734.97672|2740.84596|2749.4066|2739.11963|1|1770789219
1770681300|2737.57|2745.66|2733.84|2744.51|2287|M5|2739.00857|2744.18016|2751.20953|2.53019|-2|2728.52397|2741.79018|2717.46452|2740.35352|2753.47794|2743.50751|2747.63956|2732.45383|2745.5586|2748.2946|2751.70647|2731.34698|2738.77066|2727.77024|2746.06326|2733.28891|2741.04|2745.66|2733.84|2740.395|-1|0.645|1.83218|2791.79|2779.97|2768.15|2756.33|2750.42|2738.6|2732.69|2720.87|2709.05|2697.23|2710.2|2716.11|2722.02|2727.93|2751.57|2757.48|2763.39|2769.3|0.0|0.0|2734.18064|2746.55238|2733.24075|0|1770789219
1770681600|2742.92|2750.87|2739.75|2750.12|9828|M5|2752.3622|2752.5308|2739.9401|-0.86291|1|2744.21057|2736.50961|2750.21889|2754.34083|2759.28416|2751.86915|2752.24512|2739.25136|2749.05035|2753.13721|2751.38257|2742.29358|2743.17103|2740.86648|2751.21627|2739.37162|2746.52|2750.87|2739.75|2745.915|-1|0.605|0.57855|2794.6|2783.48|2772.36|2761.24|2755.68|2744.56|2739.0|2727.88|2716.76|2705.64|2717.51|2723.07|2728.63|2734.19|2756.43|2761.99|2767.55|2773.11|0.0|2739.38458|2748.98904|2751.7593|2739.46794|1|1770789219
1770681900|2748.2|2751.68|2744.12|2749.57|5568|M5|2746.32372|2755.22164|2746.47887|-2.13061|0|2744.82091|2744.21119|2745.54497|2753.72015|2746.42662|2757.63415|2753.04201|2742.81328|2753.82062|2752.81608|2744.52991|2744.03476|2741.52214|2751.60253|2752.11972|2743.60705|2748.885|2751.68|2744.12|2748.3925|-1|0.4925|-1.71769|2779.81|2772.25|2764.69|2757.13|2753.35|2745.79|2742.01|2734.45|2726.89|2719.33|2729.0|2732.78|2736.56|2740.34|2755.46|2759.24|2763.02|2766.8|2754.87368|0.0|2763.78423|2751.55461|2743.42627|0|1770789219
1770682200|2743.77|2748.33|2734.14|2738.35|5888|M5|2733.36625|2742.11736|2729.98347|-0.83657|0|2735.70035|2744.05876|2748.71314|2750.67732|2755.50412|2755.08382|2748.65006|2733.36112|2751.03201|2751.09157|2752.58428|2731.58039|2736.83095|2741.50707|2748.50177|2733.14263|2741.06|2748.33|2734.14|2741.1475|1|0.0875|-1.70826|2795.11|2780.92|2766.73|2752.54|2745.445|2731.255|2724.16|2709.97|2695.78|2681.59|2705.76|2712.855|2719.95|2727.045|2755.425|2762.52|2769.615|2776.71|0.0|0.0|2740.88657|2749.31347|2735.0562|1|1770789219
1770682500|2734.39|2737.47|2733.87|2735.7|7147|M5|2730.35611|2733.83559|2735.00274|-1.89729|-2|2733.68004|2739.54863|2735.60927|2742.02121|2740.54569|2739.43029|2738.80756|2732.97223|2740.16465|2732.58213|2743.98791|2735.58523|2734.60141|2729.62866|2737.60379|2733.18494|2735.045|2737.47|2733.87|2735.3575|1|0.3125|0.77086|2750.1|2746.5|2742.9|2739.3|2737.5|2733.9|2732.1|2728.5|2724.9|2721.3|2726.67|2728.47|2730.27|2732.07|2739.27|2741.07|2742.87|2744.67|0.0|0.0|2738.12044|2737.62976|2733.075|0|1770789219
1770682800|2737.59|2742.29|2730.48|2731.34|7072|M5|2734.58947|2728.75128|2741.67649|-0.52821|-2|2732.9404|2738.87525|2743.18314|2742.78467|2732.09904|2735.9453|2743.00878|2728.85298|2741.9509|2745.64716|2735.98922|2732.1447|2732.99183|2723.74105|2743.27394|2730.10409|2734.465|2742.29|2730.48|2735.425|1|0.96|-0.69228|2778.58|2766.77|2754.96|2743.15|2737.245|2725.435|2719.53|2707.72|2695.91|2684.1|2706.86|2712.765|2718.67|2724.575|2748.195|2754.1|2760.005|2765.91|2744.73078|0.0|2718.93161|2741.69585|2730.87273|0|1770789219
1770683100|2727.88|2735.7|2724.96|2735.08|8505|M5|2728.61788|2727.76049|2745.72922|-0.2605|0|2725.69062|2718.10658|2736.2025|2731.06758|2745.48327|2732.08416|2736.59584|2724.74952|2733.80029|2737.64313|2733.79893|2724.82966|2729.71252|2723.30181|2735.73504|2724.54456|2731.48|2735.7|2724.96|2730.905|-1|0.575|0.73122|2778.04|2767.3|2756.56|2745.82|2740.45|2729.71|2724.34|2713.6|2702.86|2692.12|2703.48|2708.85|2714.22|2719.59|2741.07|2746.44|2751.81|2757.18|2737.27079|0.0|2745.37598|2736.42623|2725.60854|0|1770789219
1770683400|2732.88|2738.55|2730.46|2737.89|9952|M5|2740.24588|2738.88623|2741.74547|-0.09503|2|2733.9067|2721.96792|2718.84153|2741.67083|2728.40969|2743.7296|2739.79606|2730.06473|2739.91178|2738.66284|2743.83332|2731.58047|2727.30852|2731.3093|2738.66046|2730.1208|2735.385|2738.55|2730.46|2734.945|-1|0.44|-1.1056|2770.25|2762.16|2754.07|2745.98|2741.935|2733.845|2729.8|2721.71|2713.62|2705.53|2714.28|2718.325|2722.37|2726.415|2742.595|2746.64|2750.685|2754.73|0.0|0.0|2737.20233|2737.55464|2730.73418|0|1770789219
1770683700|2741.13|2754.58|2740.56|2749.94|9253|M5|2744.61541|2746.73145|2749.76012|1.36787|-2|2737.22976|2739.72651|2744.5471|2754.09713|2753.0088|2738.92869|2755.97562|2739.2069|2755.8045|2757.20149|2762.82206|2741.58334|2735.98133|2735.14207|2755.38908|2740.24704|2745.535|2754.58|2740.56|2746.5525|1|1.0175|1.14672|2806.02|2792.0|2777.98|2763.96|2756.95|2742.93|2735.92|2721.9|2707.88|2693.86|2712.52|2719.53|2726.54|2733.55|2761.59|2768.6|2775.61|2782.62|0.0|0.0|2746.55773|2754.7158|2740.60254|0|1770789219
1770684000|2752.72|2754.11|2748.32|2752.18|1534|M5|2759.08355|2746.70302|2739.75045|-2.99163|-1|2744.03206|2751.4727|2756.62335|2758.86342|2750.23726|2755.66297|2755.65426|2746.53203|2754.78189|2756.37444|2759.40772|2749.8764|2752.14581|2746.96385|2754.44051|2747.60773|2752.45|2754.11|2748.32|2751.8325|-1|0.6175|-0.76174|2775.34|2769.55|2763.76|2757.97|2755.075|2749.285|2746.39|2740.6|2734.81|2729.02|2736.74|2739.635|2742.53|2745.425|2757.005|2759.9|2762.795|2765.69|0.0|2744.08954|2758.36307|2754.10961|2748.4781|0|1770789219
1770684300|2754.35|2757.85|2747.93|2751.82|8897|M5|2753.26665|2757.19349|2742.57174|0.81697|-1|2748.92245|2757.82553|2736.84185|2752.95934|2750.55984|2771.81224|2759.72293|2747.71359|2756.57902|2756.06079|2763.48835|2745.2875|2744.46618|2754.1563|2758.64497|2746.93282|2753.085|2757.85|2747.93|2752.9875|-1|0.0975|1.08978|2791.5|2781.58|2771.66|2761.74|2756.78|2746.86|2741.9|2731.98|2722.06|2712.14|2728.09|2733.05|2738.01|2742.97|2762.81|2767.77|2772.73|2777.69|0.0|2747.25038|2738.9775|2757.55232|2748.39755|0|1770789219
1770684600|2754.78|2764.01|2750.68|2760.47|8049|M5|2764.85227|2765.61507|2773.85644|-2.75518|2|2747.75145|2746.27282|2755.04769|2763.96408|2768.10288|2752.73123|2764.83632|2750.13816|2763.63825|2759.94137|2756.81321|2749.83588|2753.42377|2753.77917|2764.81762|2750.29489|2757.625|2764.01|2750.68|2757.485|-1|0.14|-0.84061|2813.79|2800.46|2787.13|2773.8|2767.135|2753.805|2747.14|2733.81|2720.48|2707.15|2724.02|2730.685|2737.35|2744.015|2770.675|2777.34|2784.005|2790.67|0.0|0.0|2748.73412|2764.21051|2750.50667|0|1770789219
1770684900|2765.11|2770.7|2763.35|2769.77|9895|M5|2770.47947|2765.66722|2771.22752|-2.5417|-2|2765.53205|2762.38089|2770.02155|2768.67829|2774.90088|2771.89583|2771.62023|2762.02504|2769.64334|2765.46344|2777.299|2765.36794|2763.43285|2761.44573|2771.4757|2763.31526|2767.44|2770.7|2763.35|2767.2325|-1|0.2075|0.24221|2799.17|2791.82|2784.47|2777.12|2773.445|2766.095|2762.42|2755.07|2747.72|2740.37|2748.65|2752.325|2756.0|2759.675|2774.375|2778.05|2781.725|2785.4|0.0|2762.94746|2782.65656|2771.36386|2764.24064|0|1770789219
1770685200|2764.84|2774.52|2762.59|2770.21|2330|M5|2768.37297|2770.6617|2779.4163|1.72203|2|2763.72403|2764.3865|2763.70162|2773.05757|2769.09087|2774.18168|2776.41613|2760.59998|2772.03286|2775.86385|2768.54213|2763.66221|2759.81273|2770.71433|2775.13436|2761.60722|2767.525|2774.52|2762.59|2768.04|1|0.515|-0.10884|2817.93|2806.0|2794.07|2782.14|2776.175|2764.245|2758.28|2746.35|2734.42|2722.49|2738.73|2744.695|2750.66|2756.625|2780.485|2786.45|2792.415|2798.38|0.0|0.0|2755.59664|2774.84865|2762.13839|1|1770789219
1770685500|2776.18|2776.8|2770.49|2771.11|1832|M5|2779.37836|2780.16787|2768.20852|-2.33008|0|2771.84392|2766.41805|2777.51985|2781.19698|2784.04017|2765.84403|2777.635|2769.44729|2775.93145|2777.40811|2770.55903|2772.5676|2770.2858|2778.2673|2777.19802|2769.63309|2773.645|2776.8|2770.49|2773.645|-1|0.0|0.27749|2796.35|2790.04|2783.73|2777.42|2774.265|2767.955|2764.8|2758.49|2752.18|2745.87|2757.87|2761.025|2764.18|2767.335|2779.955|2783.11|2786.265|2789.42|2780.04245|0.0|2774.23231|2776.55342|2769.77368|0|1770789219
1770685800|2775.77|2787.43|2774.21|2785.29|3080|M5|2780.64487|2784.14369|2794.85666|2.65438|0|2773.87226|2775.77822|2788.9847|2792.37026|2789.24158|2784.44472|2787.52899|2772.97919|2785.8514|2791.12468|2781.10874|2776.96042|2770.32108|2776.44439|2787.48972|2774.15633|2780.53|2787.43|2774.21|2780.675|1|0.145|1.05431|2838.17|2824.95|2811.73|2798.51|2791.9|2778.68|2772.07|2758.85|2745.63|2732.41|2747.77|2754.38|2760.99|2767.6|2794.04|2800.65|2807.26|2813.87|0.0|0.0|2793.53904|2787.9036|2774.50133|0|1770789219
1770686100|2782.85|2784.29|2781.37|2783.21|4778|M5|2785.00896|2793.51755|2773.77099|-1.74733|-1|2786.85705|2782.81252|2772.08063|2785.18351|2784.04947|2794.80567|2785.95895|2780.16494|2782.85133|2782.09652|2785.17771|2783.11101|2777.12036|2783.69333|2785.12206|2781.13879|2783.03|2784.29|2781.37|2782.93|-1|0.1|-0.14252|2794.89|2791.97|2789.05|2786.13|2784.67|2781.75|2780.29|2777.37|2774.45|2771.53|2775.53|2776.99|2778.45|2779.91|2785.75|2787.21|2788.67|2790.13|2787.7983|2778.92415|2781.41956|2783.65292|2781.16969|0|1770789219
1770686400|2778.39|2784.13|2773.62|2781.55|4038|M5|2778.00547|2792.26326|2785.17865|-2.38111|0|2772.06659|2765.79222|2768.57938|2787.4364|2790.2071|2773.32986|2784.96684|2773.22196|2784.3051|2782.70736|2781.91519|2774.05615|2775.28098|2769.12019|2784.95372|2772.85071|2779.97|2784.13|2773.62|2779.4225|-1|0.5475|1.73071|2823.59|2813.08|2802.57|2792.06|2786.805|2776.295|2771.04|2760.53|2750.02|2739.51|2752.6|2757.855|2763.11|2768.365|2789.385|2794.64|2799.895|2805.15|0.0|0.0|2796.9585|2784.28929|2773.33718|0|1770789219
1770686700|2784.58|2791.71|2784.36|2790.67|2817|M5|2790.47026|2783.9861|2790.31008|-0.25213|1|2779.13978|2785.67976|2789.21643|2789.62116|2794.18231|2789.79335|2791.7775|2782.36817|2792.27287|2791.24519|2794.38648|2784.83149|2780.99274|2789.06103|2791.98287|2784.17715|2787.625|2791.71|2784.36|2787.83|1|0.205|1.88001|2820.07|2812.72|2805.37|2798.02|2794.345|2786.995|2783.32|2775.97|2768.62|2761.27|2769.66|2773.335|2777.01|2780.685|2795.385|2799.06|2802.735|2806.41|0.0|0.0|2776.27273|2791.94186|2784.65925|0|1770789219
1770687000|2793.27|2795.02|2788.07|2788.6|4178|M5|2791.98713|2784.54418|2797.63861|-2.43178|0|2785.65265|2790.55358|2792.09584|2795.39713|2783.9311|2794.23033|2796.38964|2787.51809|2797.04544|2792.76873|2794.88112|2789.4635|2786.64944|2785.19562|2795.35002|2787.66937|2790.935|2795.02|2788.07|2791.24|1|0.305|-1.60209|2816.4|2809.45|2802.5|2795.55|2792.075|2785.125|2781.65|2774.7|2767.75|2760.8|2774.17|2777.645|2781.12|2784.595|2798.495|2801.97|2805.445|2808.92|0.0|0.0|2776.09029|2795.45162|2787.45739|0|1770789219
1770687300|2792.28|2805.15|2789.15|2801.7|7137|M5|2801.78712|2799.96084|2796.79407|2.97799|2|2789.08099|2785.85847|2801.02045|2800.078|2798.36028|2789.6285|2805.89519|2789.08104|2805.09056|2801.93662|2798.46637|2788.25756|2783.7239|2788.74368|2805.75158|2788.49195|2796.99|2805.15|2789.15|2797.07|1|0.08|-0.63134|2865.7|2849.7|2833.7|2817.7|2809.7|2793.7|2785.7|2769.7|2753.7|2737.7|2757.15|2765.15|2773.15|2781.15|2813.15|2821.15|2829.15|2837.15|0.0|0.0|2788.21717|2804.53245|2788.35769|0|1770789219
1770687600|2807.49|2810.66|2796.6|2800.61|3428|M5|2804.14673|2811.06106|2789.24868|2.07085|1|2800.36981|2807.37692|2804.34525|2809.7725|2803.08853|2797.29127|2811.50956|2796.18747|2812.77564|2813.93042|2808.75612|2794.62806|2799.11031|2793.98486|2811.47026|2796.26784|2804.05|2810.66|2796.6|2803.84|-1|0.21|0.09906|2856.85|2842.79|2828.73|2814.67|2807.64|2793.58|2786.55|2772.49|2758.43|2744.37|2768.48|2775.51|2782.54|2789.57|2817.69|2824.72|2831.75|2838.78|0.0|2792.62952|2796.38626|2809.83213|2796.39609|0|1770789219
1770687900|2805.03|2818.0|2802.65|2813.54|7684|M5|2805.55834|2805.42969|2806.49131|0.2053|-2|2805.74889|2805.58007|2794.02889|2818.38542|2811.56613|2830.87622|2819.22627|2801.139|2819.8009|2822.79337|2817.14869|2801.25306|2800.42375|2807.86205|2818.54833|2802.27801|2809.285|2818.0|2802.65|2809.805|1|0.52|-0.96415|2874.94|2859.59|2844.24|2828.89|2821.215|2805.865|2798.19|2782.84|2767.49|2752.14|2771.95|2779.625|2787.3|2794.975|2825.675|2833.35|2841.025|2848.7|2818.47915|2801.66665|2825.04277|2817.87515|2802.35033|0|1770789219
1770688200|2812.29|2814.84|2801.36|2804.72|1447|M5|2808.55475|2811.86552|2803.7245|-2.10879|-2|2801.94499|2797.09713|2802.42267|2812.95085|2821.4962|2806.04703|2814.99969|2799.8717|2815.29146|2810.82943|2816.46705|2800.72111|2799.21201|2802.5763|2815.31348|2801.0074|2808.505|2814.84|2801.36|2808.3025|-1|0.2025|1.70174|2858.64|2845.16|2831.68|2818.2|2811.46|2797.98|2791.24|2777.76|2764.28|2750.8|2774.4|2781.14|2787.88|2794.62|2821.58|2828.32|2835.06|2841.8|2815.78828|0.0|2805.35816|2814.22074|2801.75185|0|1770789219
1770688500|2808.64|2818.58|2805.47|2814.96|6312|M5|2812.36251|2815.25473|2809.68369|-1.94984|0|2806.10127|2796.48422|2808.99769|2816.4147|2828.84551|2832.05024|2819.46571|2803.69733|2818.55617|2821.50804|2823.4571|2804.07533|2805.05499|2800.64289|2819.16299|2804.87041|2811.8|2818.58|2805.47|2811.9125|1|0.1125|1.3934|2867.4|2854.29|2841.18|2828.07|2821.515|2808.405|2801.85|2788.74|2775.63|2762.52|2779.25|2785.805|2792.36|2798.915|2825.135|2831.69|2838.245|2844.8|0.0|0.0|2818.99242|2817.78206|2804.60836|0|1770789219
1770688800|2816.44|2830.03|2814.56|2825.16|6300|M5|2824.74114|2816.34202|2823.72827|1.8379|1|2812.46815|2806.57814|2825.71809|2830.30605|2840.98957|2835.1569|2831.83024|2813.52471|2829.75998|2830.68049|2838.07005|2813.87593|2812.73095|2811.04149|2830.18573|2813.5837|2820.8|2830.03|2814.56|2821.5475|1|0.7475|-0.05018|2887.04|2871.57|2856.1|2840.63|2832.895|2817.425|2809.69|2794.22|2778.75|2763.28|2783.62|2791.355|2799.09|2806.825|2837.765|2845.5|2853.235|2860.97|2834.85572|2811.43336|2841.66868|2829.46196|2815.43286|0|1770789219
1770689100|2826.57|2831.09|2826.12|2830.19|1413|M5|2832.8579|2830.88242|2823.89562|-2.96835|-1|2825.96863|2826.47193|2836.1053|2829.62868|2832.83679|2821.59523|2832.26608|2824.7242|2830.78179|2827.9043|2823.8911|2824.53603|2830.27189|2821.57768|2831.59851|2825.78151|2828.38|2831.09|2826.12|2828.4925|1|0.1125|-0.40709|2850.07|2845.1|2840.13|2835.16|2832.675|2827.705|2825.22|2820.25|2815.28|2810.31|2816.18|2818.665|2821.15|2823.635|2833.575|2836.06|2838.545|2841.03|0.0|0.0|2840.95805|2831.72694|2825.56988|1|1770789219
1770689400|2828.59|2831.86|2824.21|2826.78|8661|M5|2834.55021|2827.24952|2819.45481|0.54339|0|2826.14704|2814.65115|2826.11969|2833.90972|2838.00986|2840.95018|2832.7022|2823.08951|2829.82967|2833.95009|2839.60619|2825.62794|2822.90133|2831.1195|2831.92682|2823.83007|2827.685|2831.86|2824.21|2827.86|1|0.175|0.02493|2857.38|2849.73|2842.08|2834.43|2830.605|2822.955|2819.13|2811.48|2803.83|2796.18|2808.91|2812.735|2816.56|2820.385|2835.685|2839.51|2843.335|2847.16|0.0|0.0|2841.82864|2831.96241|2823.75618|0|1770789219
1770689700|2828.04|2828.2|2819.36|2820.08|8361|M5|2827.80102|2811.2669|2828.74122|2.25632|0|2822.45537|2821.59227|2821.84498|2823.86038|2824.58545|2822.0136|2830.01187|2817.4548|2826.68314|2825.47686|2828.47502|2821.48438|2818.23799|2822.36284|2828.47652|2818.85057|2824.06|2828.2|2819.36|2823.92|-1|0.14|0.2811|2855.44|2846.6|2837.76|2828.92|2824.5|2815.66|2811.24|2802.4|2793.56|2784.72|2801.68|2806.1|2810.52|2814.94|2832.62|2837.04|2841.46|2845.88|0.0|0.0|2824.10519|2828.45726|2818.66286|0|1770789219
1770690000|2813.48|2814.1|2807.47|2811.65|8633|M5|2807.33069|2809.67189|2802.93394|0.37663|1|2805.89532|2798.71286|2807.04158|2816.81773|2823.35328|2821.5963|2814.99529|2806.97267|2813.02814|2812.62833|2813.16643|2807.64019|2810.96615|2811.38471|2814.89928|2807.12805|2812.565|2814.1|2807.47|2811.675|-1|0.89|1.17701|2838.17|2831.54|2824.91|2818.28|2814.965|2808.335|2805.02|2798.39|2791.76|2785.13|2794.21|2797.525|2800.84|2804.155|2817.415|2820.73|2824.045|2827.36|0.0|0.0|2819.26163|2814.39792|2807.36591|0|1770789219
1770690300|2813.98|2816.62|2803.21|2804.51|4384|M5|2810.05232|2801.58944|2818.4611|-2.76963|0|2798.5523|2806.56404|2807.0648|2814.82474|2821.8145|2829.29221|2817.02961|2802.39807|2816.74937|2814.50274|2809.48495|2802.72308|2802.3939|2799.91354|2816.67143|2802.88948|2809.245|2816.62|2803.21|2809.58|1|0.335|1.62541|2858.15|2844.74|2831.33|2817.92|2811.215|2797.805|2791.1|2777.69|2764.28|2750.87|2776.39|2783.095|2789.8|2796.505|2823.325|2830.03|2836.735|2843.44|0.0|0.0|2808.06261|2816.06671|2804.00516|1|1770789219
1770690600|2806.1|2809.85|2804.96|2805.36|5305|M5|2804.41442|2796.46648|2803.79802|2.63152|-2|2803.72675|2804.57617|2813.2932|2808.81994|2801.52524|2810.18068|2810.7691|2803.78429|2810.26019|2812.54846|2817.62196|2807.27455|2801.39336|2797.69166|2810.34276|2804.15291|2805.73|2809.85|2804.96|2806.5675|1|0.8375|0.38728|2824.92|2820.03|2815.14|2810.25|2807.805|2802.915|2800.47|2795.58|2790.69|2785.8|2795.18|2797.625|2800.07|2802.515|2812.295|2814.74|2817.185|2819.63|2814.14465|2801.57318|2803.07089|2809.12463|2805.93467|0|1770789219
1770690900|2810.72|2814.56|2806.76|2810.65|5108|M5|2808.46372|2804.04171|2813.57031|-2.60386|-2|2810.99842|2801.83951|2822.66137|2810.92262|2815.10809|2821.98374|2816.18138|2805.79716|2815.86243|2813.40092|2819.38901|2804.56139|2812.09507|2805.05116|2815.4453|2806.1299|2810.685|2814.56|2806.76|2810.6725|-1|0.0125|-0.28542|2841.85|2834.05|2826.25|2818.45|2814.55|2806.75|2802.85|2795.05|2787.25|2779.45|2791.16|2795.06|2798.96|2802.86|2818.46|2822.36|2826.26|2830.16|2814.91765|0.0|2827.1848|2814.03825|2805.85062|0|1770789219
1770691200|2809.11|2815.09|2806.51|2811.34|3745|M5|2804.51073|2804.81867|2820.84268|0.42073|0|2812.05944|2795.35094|2792.39133|2809.6685|2819.8834|2824.06653|2815.69337|2804.69003|2813.27647|2812.06237|2811.15908|2807.48088|2801.88476|2801.52201|2815.6262|2806.02014|2810.225|2815.09|2806.51|2810.5125|1|0.2875|1.15587|2845.66|2837.08|2828.5|2819.92|2815.63|2807.05|2802.76|2794.18|2785.6|2777.02|2789.35|2793.64|2797.93|2802.22|2819.38|2823.67|2827.96|2832.25|2816.26061|0.0|2813.62792|2814.94732|2806.00357|0|1770789219
1770691500|2812.05|2823.21|2810.16|2818.59|1144|M5|2823.97045|2812.03979|2807.12046|0.24138|-1|2811.75833|2811.2658|2800.94083|2818.43412|2826.58907|2828.20484|2823.23299|2808.85545|2823.7554|2825.2272|2824.41862|2809.49672|2813.9856|2806.69171|2823.94722|2809.84173|2815.32|2823.21|2810.16|2816.0025|1|0.6825|-0.69632|2870.79|2857.74|2844.69|2831.64|2825.115|2812.065|2805.54|2792.49|2779.44|2766.39|2784.06|2790.585|2797.11|2803.635|2829.735|2836.26|2842.785|2849.31|0.0|0.0|2824.68806|2824.20546|2809.27198|0|1770789219
1770691800|2814.18|2822.93|2813.78|2820.21|8619|M5|2818.6221|2811.72034|2818.60732|1.44883|2|2818.86837|2803.14463|2799.10453|2827.38358|2811.85432|2817.33851|2823.1132|2812.48743|2824.78671|2819.51744|2818.45068|2813.10612|2809.72234|2813.55408|2823.37752|2812.86861|2817.195|2822.93|2813.78|2817.775|1|0.58|-0.56057|2856.81|2847.66|2838.51|2829.36|2824.785|2815.635|2811.06|2801.91|2792.76|2783.61|2795.48|2800.055|2804.63|2809.205|2827.505|2832.08|2836.655|2841.23|0.0|2811.09284|2821.16425|2822.54416|2813.28936|0|1770789219
1770692100|2823.89|2826.88|2819.18|2823.74|5917|M5|2819.06984|2828.7082|2821.63251|0.25664|0|2816.99502|2817.56609|2827.54869|2830.60048|2836.16597|2821.19159|2827.52115|2819.05185|2826.29737|2828.11899|2823.47981|2820.97933|2824.14889|2820.43823|2826.89251|2818.4359|2823.815|2826.88|2819.18|2823.4225|-1|0.3925|0.26415|2854.54|2846.84|2839.14|2831.44|2827.59|2819.89|2816.04|2808.34|2800.64|2792.94|2803.78|2807.63|2811.48|2815.33|2830.73|2834.58|2838.43|2842.28|0.0|2817.3132|2837.06466|2827.75936|2819.69359|0|1770789219
1770692400|2823.12|2829.64|2819.64|2826.42|7961|M5|2824.59152|2827.43169|2839.55297|-2.82749|2|2825.18497|2817.81197|2835.81644|2825.19177|2834.55665|2819.68938|2831.53191|2817.99466|2830.39731|2829.85388|2830.39297|2820.42462|2821.80447|2823.76038|2829.93006|2819.03426|2824.77|2829.64|2819.64|2824.705|-1|0.065|1.12363|2866.42|2856.42|2846.42|2836.42|2831.42|2821.42|2816.42|2806.42|2796.42|2786.42|2799.64|2804.64|2809.64|2814.64|2834.64|2839.64|2844.64|2849.64|0.0|0.0|2827.22586|2829.98899|2819.91471|0|1770789219
1770692700|2828.59|2834.22|2827.32|2833.85|9798|M5|2832.27487|2832.12724|2840.85483|0.09031|-2|2832.05244|2827.00627|2841.29834|2838.6286|2837.89856|2844.93488|2834.94804|2827.21559|2834.68741|2837.30836|2839.76757|2828.67523|2830.64345|2832.52117|2834.89884|2826.92322|2831.22|2834.22|2827.32|2830.995|-1|0.225|-1.42809|2861.45|2854.55|2847.65|2840.75|2837.3|2830.4|2826.95|2820.05|2813.15|2806.25|2813.52|2816.97|2820.42|2823.87|2837.67|2841.12|2844.57|2848.02|2838.09126|2826.61345|2832.44432|2834.91884|2827.72697|0|1770789219
1770693000|2835.41|2835.95|2827.98|2828.1|2938|M5|2827.7924|2826.82814|2814.06526|0.38887|-2|2823.19286|2830.3447|2831.84048|2832.99946|2828.41304|2851.82003|2837.87348|2827.20132|2834.94302|2840.89766|2834.61391|2829.18801|2826.66406|2834.93404|2836.1323|2827.95886|2831.755|2835.95|2827.98|2831.86|1|0.105|-1.46799|2859.98|2852.01|2844.04|2836.07|2832.085|2824.115|2820.13|2812.16|2804.19|2796.22|2812.04|2816.025|2820.01|2823.995|2839.935|2843.92|2847.905|2851.89|2836.45107|0.0|2812.26808|2836.36598|2827.60114|0|1770789219
1770693300|2830.62|2832.73|2820.39|2822.37|4192|M5|2813.99465|2829.78224|2810.26511|0.15499|1|2819.98687|2821.91343|2820.41746|2833.73962|2837.48662|2841.94812|2833.77955|2819.4855|2833.9671|2833.65875|2828.44426|2820.65427|2822.07663|2819.11789|2833.43513|2819.58543|2826.495|2832.73|2820.39|2826.5275|1|0.0325|-1.01184|2871.73|2859.39|2847.05|2834.71|2828.54|2816.2|2810.03|2797.69|2785.35|2773.01|2795.71|2801.88|2808.05|2814.22|2838.9|2845.07|2851.24|2857.41|2835.49911|0.0|2811.55698|2833.48782|2821.0665|0|1770789219
1770693600|2822.79|2829.42|2819.2|2825.82|4461|M5|2833.74437|2832.87694|2816.00306|-1.92295|0|2817.20952|2809.29043|2804.04912|2829.8419|2831.87143|2815.7963|2829.45535|2818.52325|2827.047|2826.75327|2825.86978|2820.79495|2819.2216|2813.91195|2829.49719|2818.37994|2824.305|2829.42|2819.2|2824.3075|1|0.0025|-1.28021|2866.7|2856.48|2846.26|2836.04|2830.93|2820.71|2815.6|2805.38|2795.16|2784.94|2798.76|2803.87|2808.98|2814.09|2834.53|2839.64|2844.75|2849.86|0.0|0.0|2837.18212|2828.96542|2819.8257|0|1770789219
1770693900|2823.64|2825.89|2813.99|2818.11|7674|M5|2819.70114|2827.13715|2816.04382|2.88894|2|2816.58034|2812.6757|2799.27161|2823.76513|2829.63418|2809.31839|2826.71917|2813.54284|2824.44187|2828.95482|2829.9739|2816.09022|2817.19195|2807.92796|2826.28621|2813.95333|2820.875|2825.89|2813.99|2820.4075|-1|0.4675|1.26408|2865.71|2853.81|2841.91|2830.01|2824.06|2812.16|2806.21|2794.31|2782.41|2770.51|2790.19|2796.14|2802.09|2808.04|2831.84|2837.79|2843.74|2849.69|0.0|0.0|2833.24149|2826.58877|2814.38757|0|1770789219
1770694200|2815.65|2821.52|2815.13|2818.48|9725|M5|2813.90159|2819.93479|2828.6241|2.32212|0|2811.33342|2805.10579|2812.84859|2817.87722|2810.28127|2826.76033|2822.19109|2813.1519|2819.28948|2827.05222|2828.2236|2816.66047|2812.29126|2810.19904|2821.98028|2814.77771|2817.065|2821.52|2815.13|2817.695|1|0.63|0.65252|2844.04|2837.65|2831.26|2824.87|2821.675|2815.285|2812.09|2805.7|2799.31|2792.92|2802.35|2805.545|2808.74|2811.935|2824.715|2827.91|2831.105|2834.3|0.0|2813.07431|2801.81058|2822.0075|2814.55631|0|1770789219
1770694500|2815.41|2827.18|2811.1|2823.65|2297|M5|2830.04405|2815.01371|2821.81803|-0.82535|2|2807.66841|2811.17942|2810.35563|2822.34375|2835.59338|2838.07571|2828.12076|2810.00831|2829.23906|2832.25325|2831.29874|2810.73764|2816.13069|2816.75046|2827.92688|2811.07335|2819.53|2827.18|2811.1|2819.335|-1|0.195|1.51632|2887.97|2871.89|2855.81|2839.73|2831.69|2815.61|2807.57|2791.49|2775.41|2759.33|2778.94|2786.98|2795.02|2803.06|2835.22|2843.26|2851.3|2859.34|0.0|0.0|2821.72895|2827.83181|2810.98311|0|1770789219
1770694800|2825.21|2835.62|2822.85|2831.29|1645|M5|2838.30049|2830.03676|2833.20316|-0.03529|-1|2821.31293|2812.71315|2825.87286|2837.3277|2829.0969|2827.50236|2837.13011|2822.55687|2838.29363|2832.07286|2833.92042|2820.12933|2820.88117|2816.08256|2835.63871|2821.96753|2828.25|2835.62|2822.85|2828.7425|1|0.4925|1.04628|2882.37|2869.6|2856.83|2844.06|2837.675|2824.905|2818.52|2805.75|2792.98|2780.21|2797.31|2803.695|2810.08|2816.465|2842.005|2848.39|2854.775|2861.16|0.0|2822.02699|2825.5602|2835.84078|2822.00481|0|1770789219
1770695100|2833.54|2834.77|2831.29|2831.7|7796|M5|2825.3492|2831.44838|2834.50683|2.3055|-1|2835.2596|2841.90944|2822.47282|2835.53591|2826.17625|2819.65172|2835.73418|2830.54499|2836.27156|2834.89658|2836.78103|2832.24929|2830.91859|2832.29235|2835.16838|2831.23671|2832.62|2834.77|2831.29|2832.825|1|0.205|0.7617|2845.62|2842.14|2838.66|2835.18|2833.44|2829.96|2828.22|2824.74|2821.26|2817.78|2824.33|2826.07|2827.81|2829.55|2836.51|2838.25|2839.99|2841.73|0.0|0.0|2837.23972|2834.16541|2830.87856|0|1770789219
1770695400|2832.93|2833.98|2823.29|2823.36|3020|M5|2831.6633|2830.84604|2821.1573|0.77873|2|2824.4285|2826.4974|2813.84391|2832.06465|2838.00055|2844.11344|2835.17863|2821.7477|2835.91942|2830.8344|2836.66271|2824.08088|2819.0352|2826.32646|2834.80786|2822.4485|2828.145|2833.98|2823.29|2828.39|1|0.245|1.15809|2866.12|2855.43|2844.74|2834.05|2828.705|2818.015|2812.67|2801.98|2791.29|2780.6|2801.91|2807.255|2812.6|2817.945|2839.325|2844.67|2850.015|2855.36|0.0|0.0|2818.14908|2833.14241|2823.02712|0|1770789219
1770695700|2828.15|2833.53|2825.29|2830.19|1773|M5|2822.35651|2821.78128|2842.24539|-0.94171|1|2824.40437|2825.67215|2821.43156|2829.87462|2840.10824|2835.89764|2835.11875|2823.52587|2836.16949|2828.13633|2832.50335|2825.25113|2825.12916|2830.40198|2833.54764|2825.15849|2829.17|2833.53|2825.29|2829.29|1|0.12|0.4285|2863.15|2854.91|2846.67|2838.43|2834.31|2826.07|2821.95|2813.71|2805.47|2797.23|2808.81|2812.93|2817.05|2821.17|2837.65|2841.77|2845.89|2850.01|0.0|2825.02557|2824.30095|2834.08374|2825.45043|0|1770789219
1770696000|2835.34|2839.01|2831.25|2836.13|1581|M5|2829.99292|2838.15196|2833.83152|0.61956|0|2831.56942|2824.32959|2842.45479|2834.67603|2830.53661|2824.58237|2840.61007|2830.94099|2839.17182|2840.94503|2840.62154|2830.88135|2827.62918|2832.19345|2839.60694|2830.88267|2835.735|2839.01|2831.25|2835.4325|-1|0.3025|-1.00813|2867.17|2859.41|2851.65|2843.89|2840.01|2832.25|2828.37|2820.61|2812.85|2805.09|2815.73|2819.61|2823.49|2827.37|2842.89|2846.77|2850.65|2854.53|0.0|0.0|2846.86927|2838.8138|2832.00825|0|1770789219
1770696300|2835.41|2837.8|2832.33|2835.17|1322|M5|2839.85743|2842.47111|2839.42779|-1.17286|2|2837.52832|2826.61877|2822.85796|2834.59116|2837.35077|2839.77196|2838.25845|2830.50417|2838.39919|2837.97838|2840.20085|2833.01626|2834.85627|2828.55785|2837.97784|2831.34209|2835.29|2837.8|2832.33|2835.1775|-1|0.1125|-0.81408|2857.05|2851.58|2846.11|2840.64|2837.905|2832.435|2829.7|2824.23|2818.76|2813.29|2821.39|2824.125|2826.86|2829.595|2840.535|2843.27|2846.005|2848.74|0.0|2831.60262|2850.02823|2838.29973|2831.81557|0|1770789219
1770696600|2840.87|2843.61|2840.54|2840.59|9064|M5|2844.8626|2849.02313|2829.57764|0.6582|1|2838.60583|2844.93973|2826.30406|2839.01954|2850.27952|2831.97556|2844.6802|2838.65714|2842.02991|2840.05745|2839.8483|2841.66075|2846.01349|2833.84368|2843.86453|2839.71984|2840.73|2843.61|2840.54|2841.4025|1|0.6725|-1.35769|2852.87|2849.8|2846.73|2843.66|2842.125|2839.055|2837.52|2834.45|2831.38|2828.31|2834.4|2835.935|2837.47|2839.005|2845.145|2846.68|2848.215|2849.75|0.0|0.0|2853.00366|2843.16964|2841.21728|0|1770789219
1770696900|2836.23|2840.24|2822.45|2827.19|1060|M5|2823.67786|2835.29911|2834.78921|2.92884|1|2824.72609|2817.75115|2831.99223|2842.83056|2833.17227|2823.94608|2841.0637|2821.18254|2841.52522|2841.06638|2840.86498|2821.08588|2826.89274|2825.40618|2840.31072|2821.47823|2831.71|2840.24|2822.45|2831.5275|-1|0.1825|1.80382|2898.35|2880.56|2862.77|2844.98|2836.085|2818.295|2809.4|2791.61|2773.82|2756.03|2786.87|2795.765|2804.66|2813.555|2849.135|2858.03|2866.925|2875.82|0.0|0.0|2814.35571|2839.88076|2822.14775|0|1770789219
1770697200|2825.87|2827.19|2814.17|2818.63|3977|M5|2814.2103|2812.7748|2814.28464|-1.49885|2|2815.07873|2813.03156|2808.05339|2830.24461|2821.64432|2841.39764|2827.68529|2812.96792|2828.91996|2828.18287|2826.57966|2811.38142|2814.79442|2809.81004|2828.12915|2813.79196|2822.25|2827.19|2814.17|2821.465|-1|0.785|0.85792|2870.71|2857.69|2844.67|2831.65|2825.14|2812.12|2805.61|2792.59|2779.57|2766.55|2788.13|2794.64|2801.15|2807.66|2833.7|2840.21|2846.72|2853.23|0.0|2811.02721|2802.44899|2827.27317|2813.53225|0|1770789219
1770697500|2819.83|2829.56|2815.99|2826.63|4837|M5|2819.66394|2829.29354|2839.93655|-1.16714|-2|2814.33699|2822.30875|2813.01877|2832.20931|2821.32235|2813.48429|2830.21653|2815.16222|2832.00123|2834.84869|2822.72351|2815.85418|2819.84145|2813.85132|2830.53345|2815.90249|2823.23|2829.56|2815.99|2823.0025|-1|0.2275|0.02396|2880.91|2867.34|2853.77|2840.2|2833.415|2819.845|2813.06|2799.49|2785.92|2772.35|2788.85|2795.635|2802.42|2809.205|2836.345|2843.13|2849.915|2856.7|0.0|0.0|2822.93557|2829.00577|2815.0282|1|1770789219
1770697800|2824.81|2827.94|2821.94|2826.79|8849|M5|2822.40145|2822.89671|2834.95452|-2.95102|0|2824.90288|2814.26422|2834.45353|2824.53345|2820.48863|2840.28996|2829.27832|2821.47812|2825.13744|2829.96846|2832.64152|2820.06101|2818.0446|2819.91511|2828.62016|2821.17951|2825.8|2827.94|2821.94|2825.37|-1|0.43|-1.15628|2850.79|2844.79|2838.79|2832.79|2829.79|2823.79|2820.79|2814.79|2808.79|2802.79|2809.94|2812.94|2815.94|2818.94|2830.94|2833.94|2836.94|2839.94|0.0|0.0|2842.58163|2828.11992|2821.81894|0|1770789219
1770698100|2829.51|2834.36|2820.78|2821.37|6275|M5|2822.66671|2811.44856|2827.95426|-2.91941|1|2815.1798|2812.73943|2830.24024|2832.33744|2840.26055|2837.18286|2835.29692|2820.00114|2836.6792|2832.89005|2839.22049|2822.0364|2822.11344|2818.45256|2834.62715|2820.70781|2825.44|2834.36|2820.78|2826.505|1|1.065|-1.94605|2875.69|2862.11|2848.53|2834.95|2828.16|2814.58|2807.79|2794.21|2780.63|2767.05|2793.62|2800.41|2807.2|2813.99|2841.15|2847.94|2854.73|2861.52|0.0|0.0|2836.7601|2834.28373|2821.4276|0|1770789219
1770698400|2825.05|2832.51|2823.24|2829.81|9534|M5|2822.45136|2832.73895|2828.44896|1.53748|0|2821.19143|2812.60158|2814.86939|2835.52512|2823.9972|2820.87817|2832.67903|2821.25772|2833.31178|2827.90307|2826.56269|2825.03164|2823.54882|2823.80324|2832.81627|2822.97895|2827.43|2832.51|2823.24|2827.6525|1|0.2225|0.6185|2866.89|2857.62|2848.35|2839.08|2834.445|2825.175|2820.54|2811.27|2802.0|2792.73|2804.7|2809.335|2813.97|2818.605|2837.145|2841.78|2846.415|2851.05|2835.8357|2821.6053|2832.18247|2831.5715|2822.33436|1|1770789219
1770698700|2827.6|2839.73|2827.32|2834.94|8654|M5|2838.12262|2839.44679|2844.48658|0.71393|1|2829.35735|2833.9581|2814.23477|2836.12714|2837.99029|2849.71614|2841.26449|2825.95326|2841.93716|2839.58229|2837.84315|2824.61571|2827.73351|2833.92148|2840.28296|2827.28922|2831.27|2839.73|2827.32|2832.3975|1|1.1275|-1.95046|2884.58|2872.17|2859.76|2847.35|2841.145|2828.735|2822.53|2810.12|2797.71|2785.3|2802.5|2808.705|2814.91|2821.115|2845.935|2852.14|2858.345|2864.55|0.0|0.0|2845.41266|2839.59598|2827.44821|1|1770789219
1770699000|2833.44|2837.94|2828.11|2828.52|8104|M5|2835.02757|2834.0766|2841.63371|1.64007|-2|2826.2524|2833.14319|2836.9896|2837.96021|2835.89628|2823.21372|2838.95095|2826.23547|2836.24274|2836.51753|2831.19747|2826.78951|2829.97218|2833.5078|2838.10133|2827.20625|2830.98|2837.94|2828.11|2832.0025|1|1.0225|-1.93291|2867.84|2858.01|2848.18|2838.35|2833.435|2823.605|2818.69|2808.86|2799.03|2789.2|2808.45|2813.365|2818.28|2823.195|2842.855|2847.77|2852.685|2857.6|0.0|0.0|2812.59997|2838.47507|2827.82726|0|1770789219
1770699300|2833.3|2834.5|2826.35|2831.35|5597|M5|2830.86879|2828.36016|2830.68893|-0.75647|2|2826.63794|2824.19787|2824.66788|2836.68036|2823.78276|2817.82811|2835.02819|2825.96227|2832.48779|2838.42381|2828.96247|2825.2357|2826.30787|2830.828|2835.39168|2825.60925|2832.325|2834.5|2826.35|2831.375|-1|0.95|0.00562|2863.95|2855.8|2847.65|2839.5|2835.425|2827.275|2823.2|2815.05|2806.9|2798.75|2810.05|2814.125|2818.2|2822.275|2838.575|2842.65|2846.725|2850.8|2835.97923|2822.01839|2835.79685|2834.52236|2826.05948|1|1770789219
1770699600|2834.31|2834.44|2827.06|2829.99|4029|M5|2834.73786|2832.35715|2815.96988|-0.01832|-1|2825.76279|2818.148|2837.34083|2839.32016|2835.40921|2835.70312|2835.24401|2826.04281|2836.44096|2828.98742|2837.29314|2824.44595|2821.73731|2823.38511|2835.14756|2826.75224|2832.15|2834.44|2827.06|2831.45|-1|0.7|-0.0966|2859.51|2852.13|2844.75|2837.37|2833.68|2826.3|2822.61|2815.23|2807.85|2800.47|2812.3|2815.99|2819.68|2823.37|2838.13|2841.82|2845.51|2849.2|0.0|0.0|2815.71186|2835.12517|2827.86766|0|1770789219
1770699900|2825.11|2826.74|2812.36|2816.19|9053|M5|2820.50385|2817.438|2820.28296|0.61532|0|2807.73927|2818.88711|2820.47259|2826.53388|2820.3479|2823.40721|2827.92632|2812.18615|2827.50369|2827.17911|2824.34962|2814.52594|2816.59102|2816.70125|2827.48752|2812.11109|2820.65|2826.74|2812.36|2820.1|-1|0.55|1.83189|2873.71|2859.33|2844.95|2830.57|2823.38|2809.0|2801.81|2787.43|2773.05|2758.67|2783.6|2790.79|2797.98|2805.17|2833.93|2841.12|2848.31|2855.5|0.0|2810.99557|2807.58516|2826.1026|2811.76964|0|1770789219
1770700200|2817.14|2820.42|2814.18|2820.37|7748|M5|2825.46463|2828.77384|2822.4857|-0.97079|-2|2814.23721|2823.67767|2825.40448|2817.48582|2817.57881|2811.49913|2821.28526|2812.20988|2821.90898|2825.40227|2826.08034|2816.9443|2814.57275|2807.04523|2821.27092|2813.95239|2818.755|2820.42|2814.18|2818.0275|-1|0.7275|-1.87643|2845.33|2839.09|2832.85|2826.61|2823.49|2817.25|2814.13|2807.89|2801.65|2795.41|2801.7|2804.82|2807.94|2811.06|2823.54|2826.66|2829.78|2832.9|2822.63242|0.0|2818.60046|2820.84483|2814.56161|0|1770789219
1770700500|2823.77|2834.11|2820.61|2830.38|7478|M5|2836.01778|2839.5792|2837.70206|2.98489|2|2823.96376|2827.38737|2831.83613|2837.29137|2843.41709|2822.11948|2834.64384|2819.60831|2831.91941|2839.00852|2833.63722|2819.37176|2818.28304|2821.56709|2834.50003|2820.37469|2827.075|2834.11|2820.61|2827.2175|1|0.1425|0.85425|2884.38|2870.88|2857.38|2843.88|2837.13|2823.63|2816.88|2803.38|2789.88|2776.38|2793.61|2800.36|2807.11|2813.86|2840.86|2847.61|2854.36|2861.11|0.0|0.0|2830.48376|2834.80236|2819.70249|0|1770789219
1770700800|2833.84|2835.05|2819.77|2824.74|5039|M5|2828.11118|2831.15825|2822.06436|1.26001|1|2820.39639|2820.97597|2804.73733|2829.84386|2829.95087|2848.11935|2835.67885|2818.94513|2833.28575|2832.00422|2843.16978|2819.83809|2822.82333|2811.39503|2835.51916|2819.56989|2829.29|2835.05|2819.77|2828.35|-1|0.94|1.02411|2885.86|2870.58|2855.3|2840.02|2832.38|2817.1|2809.46|2794.18|2778.9|2763.62|2789.21|2796.85|2804.49|2812.13|2842.69|2850.33|2857.97|2865.61|2835.10353|0.0|2832.04995|2834.25072|2819.99203|0|1770789219
1770701100|2828.21|2832.9|2823.36|2832.22|3305|M5|2827.9471|2822.49145|2844.58927|-2.80293|-1|2820.70239|2824.54206|2836.71425|2832.42754|2822.14428|2830.57709|2833.98808|2822.38654|2832.43585|2828.48368|2840.60178|2823.74967|2823.09714|2816.54881|2832.90079|2823.09833|2830.215|2832.9|2823.36|2829.1725|-1|1.0425|-0.03378|2870.38|2860.84|2851.3|2841.76|2836.99|2827.45|2822.68|2813.14|2803.6|2794.06|2804.28|2809.05|2813.82|2818.59|2837.67|2842.44|2847.21|2851.98|2833.4883|2822.91515|2828.04008|2833.64325|2823.54235|1|1770789219
1770701400|2830.81|2834.69|2830.0|2833.31|7388|M5|2839.7141|2829.96786|2824.32916|-0.47656|-2|2829.1959|2830.11918|2840.17513|2838.09695|2843.46156|2838.36144|2835.52692|2828.74724|2835.97486|2835.44143|2841.76904|2829.41122|2830.12639|2837.1683|2835.49087|2829.77728|2832.06|2834.69|2830.0|2832.2025|1|0.1425|1.72602|2852.07|2847.38|2842.69|2838.0|2835.655|2830.965|2828.62|2823.93|2819.24|2814.55|2820.62|2822.965|2825.31|2827.655|2837.035|2839.38|2841.725|2844.07|0.0|0.0|2846.7926|2834.752|2830.13877|0|1770789219
1770701700|2830.48|2834.65|2824.8|2829.22|2914|M5|2824.06706|2823.74634|2822.8165|-0.77802|-1|2821.80993|2829.55375|2836.2977|2833.4385|2837.07092|2820.16649|2835.15265|2824.15277|2834.30936|2837.36611|2832.65053|2824.54213|2830.06844|2823.05364|2834.88074|2824.18199|2829.85|2834.65|2824.8|2829.7875|-1|0.0625|-0.94795|2868.62|2858.77|2848.92|2839.07|2834.145|2824.295|2819.37|2809.52|2799.67|2789.82|2805.1|2810.025|2814.95|2819.875|2839.575|2844.5|2849.425|2854.35|0.0|0.0|2831.91536|2835.58811|2824.10695|0|1770789219
1770702000|2827.19|2830.27|2825.14|2830.02|6216|M5|2832.25705|2820.61321|2834.44842|-0.61591|0|2827.41859|2816.04522|2832.98511|2830.91168|2837.89593|2816.11329|2831.53064|2824.65897|2832.82915|2827.71598|2830.50262|2826.07895|2829.88417|2828.79884|2830.64209|2824.56068|2828.605|2830.27|2825.14|2828.155|-1|0.45|-0.36965|2850.54|2845.41|2840.28|2835.15|2832.585|2827.455|2824.89|2819.76|2814.63|2809.5|2814.88|2817.445|2820.01|2822.575|2832.835|2835.4|2837.965|2840.53|0.0|0.0|2828.47676|2831.20455|2825.58137|0|1770789219
1770702300|2831.29|2835.66|2820.14|2821.64|2813|M5|2819.99176|2815.4981|2820.39197|-1.19884|1|2824.33644|2820.96297|2821.32288|2838.10653|2833.58046|2834.2422|2836.92711|2819.26319|2834.92466|2834.7552|2842.72364|2818.24867|2823.98998|2821.6257|2835.87305|2819.6559|2826.465|2835.66|2820.14|2827.1825|1|0.7175|0.10371|2883.72|2868.2|2852.68|2837.16|2829.4|2813.88|2806.12|2790.6|2775.08|2759.56|2789.1|2796.86|2804.62|2812.38|2843.42|2851.18|2858.94|2866.7|0.0|0.0|2813.17691|2836.02117|2819.65726|0|1770789219
1770702600|2817.9|2829.83|2813.63|2827.61|5765|M5|2821.56612|2816.95795|2813.73893|-1.54542|1|2815.16906|2811.88061|2827.56996|2825.4324|2833.85011|2836.43923|2830.98146|2812.06309|2829.20512|2824.6763|2826.53719|2812.8747|2813.2579|2814.06774|2830.17336|2813.46074|2822.755|2829.83|2813.63|2822.2425|-1|0.5125|0.32262|2892.41|2876.21|2860.01|2843.81|2835.71|2819.51|2811.41|2795.21|2779.01|2762.81|2781.23|2789.33|2797.43|2805.53|2837.93|2846.03|2854.13|2862.23|0.0|0.0|2830.97018|2829.5031|2813.21499|0|1770789219
1770702900|2826.87|2835.18|2823.4|2831.57|7889|M5|2833.76638|2828.3303|2843.44003|-1.50026|-2|2826.47478|2833.60773|2827.94539|2835.47445|2845.96146|2820.60268|2836.33726|2822.04231|2833.98448|2835.94799|2837.41333|2823.52352|2825.91136|2821.44471|2835.29879|2822.48058|2829.22|2835.18|2823.4|2829.255|1|0.035|-1.12024|2878.69|2866.91|2855.13|2843.35|2837.46|2825.68|2819.79|2808.01|2796.23|2784.45|2799.84|2805.73|2811.62|2817.51|2841.07|2846.96|2852.85|2858.74|0.0|0.0|2839.24788|2835.44151|2824.18174|0|1770789219
1770703200|2832.58|2837.92|2831.99|2837.84|7372|M5|2838.2883|2827.40136|2847.93984|2.26279|1|2830.02702|2835.50564|2818.02402|2843.55967|2826.84715|2850.09714|2839.67839|2830.00241|2836.01112|2843.56857|2834.63798|2831.3933|2828.1669|2837.01824|2838.35614|2831.22905|2835.21|2837.92|2831.99|2835.0825|-1|0.1275|0.77075|2861.56|2855.63|2849.7|2843.77|2840.805|2834.875|2831.91|2825.98|2820.05|2814.12|2820.13|2823.095|2826.06|2829.025|2840.885|2843.85|2846.815|2849.78|0.0|0.0|2838.52316|2837.37295|2831.01079|0|1770789219
1770703500|2842.76|2854.79|2841.03|2850.97|2821|M5|2845.63473|2853.74927|2864.27722|0.00556|0|2846.37339|2843.77769|2850.19171|2856.49686|2856.34814|2848.01794|2855.79784|2840.34188|2852.24299|2850.53755|2849.35909|2841.24868|2836.74279|2842.65303|2855.30868|2840.07544|2846.865|2854.79|2841.03|2847.3875|1|0.5225|-1.38574|2906.01|2892.25|2878.49|2864.73|2857.85|2844.09|2837.21|2823.45|2809.69|2795.93|2813.51|2820.39|2827.27|2834.15|2861.67|2868.55|2875.43|2882.31|0.0|2839.20749|2856.38146|2855.09379|2841.34893|0|1770789219
1770703800|2850.6|2852.09|2838.16|2840.98|3041|M5|2839.04377|2835.12037|2837.97138|-0.02072|-1|2833.94647|2839.34133|2852.1052|2850.53725|2844.40953|2836.49387|2853.58209|2836.54995|2849.63333|2852.9907|2849.81457|2839.02344|2842.19739|2838.94858|2852.33825|2838.11002|2845.79|2852.09|2838.16|2845.4575|-1|0.3325|-0.44879|2896.7|2882.77|2868.84|2854.91|2847.945|2834.015|2827.05|2813.12|2799.19|2785.26|2810.3|2817.265|2824.23|2831.195|2859.055|2866.02|2872.985|2879.95|0.0|0.0|2839.03428|2852.34939|2838.61937|1|1770789219
1770704100|2839.44|2841.45|2830.93|2832.23|5504|M5|2830.21982|2841.60012|2829.25681|-0.07351|-2|2830.65127|2825.04601|2832.91779|2843.47539|2841.41124|2848.91633|2841.5545|2830.59278|2844.24043|2836.51261|2846.51985|2830.7833|2825.87765|2833.91239|2842.38478|2830.01658|2835.835|2841.45|2830.93|2836.0125|1|0.1775|-1.11447|2874.31|2863.79|2853.27|2842.75|2837.49|2826.97|2821.71|2811.19|2800.67|2790.15|2809.89|2815.15|2820.41|2825.67|2846.71|2851.97|2857.23|2862.49|2844.2745|0.0|2833.57652|2841.08699|2831.33827|0|1770789219
1770704400|2833.86|2840.12|2829.79|2835.84|5816|M5|2842.74677|2837.61616|2838.37932|-2.40909|1|2828.74257|2827.93084|2845.62129|2839.94292|2847.84675|2852.08783|2840.99736|2828.18912|2842.2921|2836.41749|2835.81858|2827.89296|2826.13897|2821.44214|2841.05556|2829.20817|2834.85|2840.12|2829.79|2834.9025|1|0.0525|1.13357|2877.16|2866.83|2856.5|2846.17|2841.005|2830.675|2825.51|2815.18|2804.85|2794.52|2809.13|2814.295|2819.46|2824.625|2845.285|2850.45|2855.615|2860.78|2842.57896|2827.02442|2828.88191|2839.98083|2830.17633|0|1770789219
1770704700|2838.54|2838.67|2835.11|2838.19|6156|M5|2836.74246|2844.80336|2835.7098|0.26476|2|2834.56171|2844.97765|2829.88254|2840.55772|2831.4923|2851.16805|2838.983|2833.90479|2836.84601|2833.07446|2835.3975|2834.44913|2839.56651|2833.73911|2839.02313|2834.59905|2838.365|2838.67|2835.11|2837.6275|-1|0.7375|0.66054|2852.43|2848.87|2845.31|2841.75|2839.97|2836.41|2834.63|2831.07|2827.51|2823.95|2827.99|2829.77|2831.55|2833.33|2840.45|2842.23|2844.01|2845.79|0.0|0.0|2829.8584|2838.29727|2834.85259|0|1770789219
1770705000|2842.47|2851.89|2838.62|2848.46|7099|M5|2840.45846|2849.38966|2839.03899|-2.39581|0|2842.35302|2843.59532|2828.91358|2854.31265|2849.09121|2849.92671|2853.87658|2838.37171|2849.77332|2857.01623|2857.53454|2836.42941|2836.20852|2844.28557|2852.86844|2838.18994|2845.465|2851.89|2838.62|2845.36|-1|0.105|-1.38188|2901.54|2888.27|2875.0|2861.73|2855.095|2841.825|2835.19|2821.92|2808.65|2795.38|2812.08|2818.715|2825.35|2831.985|2858.525|2865.16|2871.795|2878.43|0.0|2838.22907|2848.6003|2851.05703|2839.33789|0|1770789219
1770705300|2843.94|2854.61|2840.35|2853.61|6207|M5|2847.76408|2852.42538|2855.19633|-1.68421|1|2841.74179|2842.81776|2851.00024|2849.30475|2850.17879|2851.31012|2855.56318|2838.56579|2852.2971|2852.57743|2854.19207|2838.60159|2837.57045|2837.07572|2854.93076|2839.58553|2848.775|2854.61|2840.35|2848.1275|-1|0.6475|-0.99701|2910.65|2896.39|2882.13|2867.87|2860.74|2846.48|2839.35|2825.09|2810.83|2796.57|2811.83|2818.96|2826.09|2833.22|2861.74|2868.87|2876.0|2883.13|2855.31971|0.0|2842.26228|2854.44835|2839.5332|0|1770789219
1770705600|2849.39|2857.29|2848.95|2855.51|2882|M5|2856.18571|2864.71822|2844.98963|-2.39843|2|2852.2854|2842.4531|2845.30196|2854.67826|2846.80769|2868.48508|2857.95587|2848.06373|2859.73072|2854.02734|2851.88393|2849.09473|2851.88241|2856.93562|2857.37231|2848.67043|2852.45|2857.29|2848.95|2852.785|1|0.335|-0.16371|2888.87|2880.53|2872.19|2863.85|2859.68|2851.34|2847.17|2838.83|2830.49|2822.15|2832.27|2836.44|2840.61|2844.78|2861.46|2865.63|2869.8|2873.97|2859.80307|2847.27849|2855.55517|2856.86842|2849.367|0|1770789219
1770705900|2850.92|2859.73|2847.23|2856.18|1924|M5|2849.26768|2856.78216|2859.61554|0.37364|1|2851.85669|2837.18144|2835.07405|2854.38359|2858.01776|2846.50402|2860.44648|2847.17771|2860.30973|2858.49157|2865.60774|2847.60992|2842.50598|2839.17059|2859.75216|2846.94825|2853.55|2859.73|2847.23|2853.515|-1|0.035|-1.55919|2906.18|2893.68|2881.18|2868.68|2862.43|2849.93|2843.68|2831.18|2818.68|2806.18|2822.23|2828.48|2834.73|2840.98|2865.98|2872.23|2878.48|2884.73|0.0|0.0|2862.12487|2860.33568|2846.54175|0|1770789219
1770706200|2854.11|2858.99|2852.83|2856.74|1537|M5|2855.70583|2860.87447|2851.13614|-0.11636|0|2850.90098|2860.34817|2851.31086|2854.13518|2868.73244|2849.48538|2859.66784|2850.94612|2859.71328|2862.20922|2862.15951|2853.84559|2855.30489|2847.4157|2859.00353|2851.92021|2855.425|2858.99|2852.83|2855.6675|1|0.2425|-1.15755|2881.38|2875.22|2869.06|2862.9|2859.82|2853.66|2850.58|2844.42|2838.26|2832.1|2840.51|2843.59|2846.67|2849.75|2862.07|2865.15|2868.23|2871.31|2859.18037|0.0|2847.16861|2859.02191|2852.65873|0|1770789219
1770706500|2862.33|2867.37|2858.76|2863.37|8914|M5|2867.59651|2861.63919|2858.50375|1.92766|2|2854.73944|2857.49239|2869.04433|2867.7954|2870.42975|2881.81415|2868.61209|2858.28242|2865.24532|2869.96342|2867.73626|2860.04463|2854.33341|2855.34825|2868.3125|2858.44579|2862.85|2867.37|2858.76|2862.9575|1|0.1075|-0.02943|2897.81|2889.2|2880.59|2871.98|2867.675|2859.065|2854.76|2846.15|2837.54|2828.93|2841.54|2845.845|2850.15|2854.455|2871.675|2875.98|2880.285|2884.59|0.0|2856.80985|2872.02156|2867.01445|2859.22882|0|1770789219
1770706800|2860.49|2869.17|2856.25|2867.57|9069|M5|2870.62422|2864.78545|2862.6943|-1.09782|-1|2858.10516|2860.53125|2864.65753|2870.0113|2873.53333|2871.9743|2870.4063|2854.82113|2868.36444|2866.77796|2869.89569|2858.34346|2853.06733|2857.46849|2869.77222|2855.95911|2864.03|2869.17|2856.25|2863.37|-1|0.66|0.10205|2919.25|2906.33|2893.41|2880.49|2874.03|2861.11|2854.65|2841.73|2828.81|2815.89|2830.41|2836.87|2843.33|2849.79|2875.63|2882.09|2888.55|2895.01|0.0|0.0|2857.01978|2869.19598|2856.3825|1|1770789219
1770707100|2865.05|2866.06|2856.47|2857.65|7276|M5|2860.49006|2856.80702|2854.76328|-0.62761|0|2859.59824|2852.58182|2861.99209|2867.53801|2871.96647|2874.35299|2867.63447|2856.13784|2868.89188|2865.78147|2871.08723|2856.30696|2853.61956|2855.27541|2866.38931|2856.12999|2861.35|2866.06|2856.47|2861.3075|-1|0.0425|1.15288|2896.01|2886.42|2876.83|2867.24|2862.445|2852.855|2848.06|2838.47|2828.88|2819.29|2837.29|2842.085|2846.88|2851.675|2870.855|2875.65|2880.445|2885.24|0.0|0.0|2852.44763|2866.68081|2856.03514|0|1770789219
1770707400|2859.77|2864.69|2854.55|2858.4|6593|M5|2854.11241|2854.95971|2869.27279|2.24172|2|2857.28771|2851.60243|2844.68039|2860.39381|2864.76046|2851.35149|2866.61446|2854.1879|2864.97671|2864.88688|2867.74837|2854.93574|2853.82899|2850.97433|2864.85426|2853.86426|2859.085|2864.69|2854.55|2859.3525|1|0.2675|-0.03304|2898.96|2888.82|2878.68|2868.54|2863.47|2853.33|2848.26|2838.12|2827.98|2817.84|2834.27|2839.34|2844.41|2849.48|2869.76|2874.83|2879.9|2884.97|2865.53254|0.0|2856.09667|2864.08639|2854.16598|0|1770789219
1770707700|2857.37|2868.83|2853.44|2864.74|6471|M5|2867.15029|2855.41906|2869.476|1.2759|-2|2851.90237|2859.26541|2867.46045|2865.67513|2873.10468|2885.46883|2870.39047|2852.04865|2868.15759|2864.7827|2866.76407|2855.09985|2854.39314|2845.22524|2868.86488|2853.15485|2861.055|2868.83|2853.44|2861.095|1|0.04|0.58729|2926.3|2910.91|2895.52|2880.13|2872.435|2857.045|2849.35|2833.96|2818.57|2803.18|2822.66|2830.355|2838.05|2845.745|2876.525|2884.22|2891.915|2899.61|0.0|0.0|2858.63052|2869.55746|2854.34764|0|1770789219
1770708000|2867.3|2872.45|2864.6|2871.2|7575|M5|2876.521|2870.58723|2858.6257|-0.09233|1|2863.43142|2870.05122|2848.42832|2870.06147|2861.66487|2857.63578|2874.16931|2862.92859|2872.53905|2871.59799|2864.95793|2863.62475|2865.08869|2865.0178|2872.70226|2863.83163|2869.25|2872.45|2864.6|2868.8875|-1|0.3625|1.39258|2902.6|2894.75|2886.9|2879.05|2875.125|2867.275|2863.35|2855.5|2847.65|2839.8|2848.9|2852.825|2856.75|2860.675|2876.375|2880.3|2884.225|2888.15|0.0|0.0|2888.14323|2873.26649|2863.70282|1|1770789219
1770708300|2874.6|2887.1|2871.74|2884.37|1626|M5|2885.33196|2873.24608|2872.46432|1.44195|1|2867.1734|2867.57512|2865.67167|2889.56741|2897.70338|2900.15439|2888.06829|2871.29166|2884.84189|2889.83395|2884.69671|2868.88705|2874.1306|2878.29295|2887.62594|2871.4774|2879.485|2887.1|2871.74|2879.4525|-1|0.0325|0.57563|2945.81|2930.45|2915.09|2899.73|2892.05|2876.69|2869.01|2853.65|2838.29|2822.93|2841.02|2848.7|2856.38|2864.06|2894.78|2902.46|2910.14|2917.82|2890.47599|2868.38436|2871.8633|2887.03083|2871.16401|0|1770789219
1770708600|2889.87|2897.36|2886.0|2892.71|1998|M5|2890.94612|2888.1524|2900.5049|0.5297|-1|2882.13271|2884.04281|2892.10656|2898.00042|2901.85564|2885.38525|2898.54548|2885.31849|2895.36908|2894.88127|2889.02131|2886.50873|2883.27632|2882.82182|2897.73505|2885.92052|2891.29|2897.36|2886.0|2891.485|1|0.195|0.21882|2938.15|2926.79|2915.43|2904.07|2898.39|2887.03|2881.35|2869.99|2858.63|2847.27|2863.28|2868.96|2874.64|2880.32|2903.04|2908.72|2914.4|2920.08|2900.05256|0.0|2886.18287|2897.71971|2886.98461|1|1770789219
1770708900|2893.76|2898.3|2887.2|2890.41|1080|M5|2895.06361|2899.67097|2879.00261|-0.07762|-1|2890.02431|2876.60581|2891.47214|2900.02517|2905.09253|2883.12953|2898.85246|2885.67787|2897.45265|2901.65405|2904.01951|2885.28796|2891.15579|2891.61484|2898.63227|2886.2355|2892.085|2898.3|2887.2|2892.4175|1|0.3325|0.5302|2934.81|2923.71|2912.61|2901.51|2895.96|2884.86|2879.31|2868.21|2857.11|2846.01|2865.0|2870.55|2876.1|2881.65|2903.85|2909.4|2914.95|2920.5|0.0|0.0|2902.13493|2897.36961|2886.25397|0|1770789219
1770709200|2885.81|2886.67|2883.26|2883.51|5521|M5|2891.30676|2892.77783|2890.72732|2.60279|-1|2882.09481|2885.86401|2871.82522|2884.13472|2879.71633|2870.76168|2887.30075|2881.91229|2884.677|2892.25741|2889.30488|2880.41157|2879.59063|2876.66723|2886.92837|2883.03605|2884.66|2886.67|2883.26|2884.8125|1|0.1525|-1.38789|2897.15|2893.74|2890.33|2886.92|2885.215|2881.805|2880.1|2876.69|2873.28|2869.87|2876.44|2878.145|2879.85|2881.555|2888.375|2890.08|2891.785|2893.49|0.0|2879.65863|2889.63003|2886.76047|2884.18628|0|1770789219
1770709500|2884.55|2889.32|2877.42|2879.06|3147|M5|2882.09999|2878.37394|2865.14027|0.93069|-2|2877.45639|2872.12428|2870.45761|2883.9815|2890.63593|2892.10121|2890.59743|2876.93937|2888.1183|2889.19649|2892.41637|2874.90342|2874.22973|2881.54151|2890.06358|2876.74854|2881.805|2889.32|2877.42|2882.5875|1|0.7825|1.27325|2926.66|2914.76|2902.86|2890.96|2885.01|2873.11|2867.16|2855.26|2843.36|2831.46|2853.62|2859.57|2865.52|2871.47|2895.27|2901.22|2907.17|2913.12|0.0|0.0|2879.38518|2888.90569|2877.37596|0|1770789219
1770709800|2881.11|2884.65|2877.52|2878.87|9255|M5|2884.90744|2871.80602|2871.42905|-2.25242|2|2879.43346|2868.9764|2888.31396|2888.72521|2892.93664|2891.45102|2885.70651|2876.06902|2884.22839|2879.27993|2881.32401|2876.69017|2882.31459|2880.26009|2885.35489|2877.15902|2879.99|2884.65|2877.52|2880.5375|1|0.5475|-1.32485|2907.39|2900.26|2893.13|2886.0|2882.435|2875.305|2871.74|2864.61|2857.48|2850.35|2863.26|2866.825|2870.39|2873.955|2888.215|2891.78|2895.345|2898.91|2886.00992|2876.05067|2893.29699|2884.02531|2878.06122|0|1770789219
1770710100|2873.38|2886.64|2869.53|2882.88|8725|M5|2887.60839|2892.96373|2893.85662|2.92883|2|2869.32197|2872.68415|2856.63523|2881.35685|2885.01643|2875.25558|2887.17673|2867.93317|2887.51608|2887.16036|2891.5138|2870.3745|2864.39504|2869.83997|2886.84503|2869.23439|2878.13|2886.64|2869.53|2878.1075|-1|0.0225|1.46688|2951.32|2934.21|2917.1|2899.99|2891.435|2874.325|2865.77|2848.66|2831.55|2814.44|2835.31|2843.865|2852.42|2860.975|2895.195|2903.75|2912.305|2920.86|0.0|0.0|2867.60526|2887.0743|2869.46783|0|1770789219
1770710400|2880.69|2894.6|2879.46|2890.33|8823|M5|2886.18612|2887.70077|2896.42369|-1.59793|-1|2874.48865|2883.58109|2867.81|2888.83809|2906.08116|2882.67855|2896.12482|2878.74989|2897.24598|2897.89221|2893.76549|2881.47821|2884.66646|2876.2428|2894.68028|2879.30537|2885.51|2894.6|2879.46|2886.27|1|0.76|1.84546|2950.89|2935.75|2920.61|2905.47|2897.9|2882.76|2875.19|2860.05|2844.91|2829.77|2849.18|2856.75|2864.32|2871.89|2902.17|2909.74|2917.31|2924.88|0.0|0.0|2875.5192|2894.69728|2880.02319|1|1770789219
1770710700|2895.86|2895.88|2892.38|2894.68|9399|M5|2890.40641|2886.15793|2898.33652|-2.65204|-1|2891.02482|2888.05679|2895.63697|2892.09064|2897.92616|2909.1973|2897.4557|2890.90694|2895.51875|2895.78127|2888.55451|2892.22459|2888.51431|2891.72681|2896.1627|2891.46451|2895.27|2895.88|2892.38|2894.7|-1|0.57|0.47457|2908.68|2905.18|2901.68|2898.18|2896.43|2892.93|2891.18|2887.68|2884.18|2880.68|2885.38|2887.13|2888.88|2890.63|2897.63|2899.38|2901.13|2902.88|0.0|2889.69111|2879.53029|2896.45203|2892.93354|1|1770789219
1770711000|2890.31|2893.08|2877.38|2882.18|9647|M5|2880.84691|2873.36201|2881.75417|-1.63363|2|2880.37082|2876.64957|2888.85888|2890.89245|2895.49067|2893.63458|2893.35074|2877.23184|2894.96246|2895.52159|2899.76923|2877.47336|2872.75294|2881.87649|2893.87185|2876.69419|2886.245|2893.08|2877.38|2885.7375|-1|0.5075|0.89156|2944.98|2929.28|2913.58|2897.88|2890.03|2874.33|2866.48|2850.78|2835.08|2819.38|2845.98|2853.83|2861.68|2869.53|2900.93|2908.78|2916.63|2924.48|0.0|2876.80671|2871.77977|2893.23105|2878.14091|0|1770789219
1770711300|2884.01|2894.45|2879.32|2891.02|9975|M5|2896.41688|2895.39058|2888.4466|0.53759|-1|2883.49142|2875.43162|2873.62886|2895.14046|2903.32033|2910.13482|2896.38279|2879.05811|2897.13595|2895.14206|2900.02768|2879.19731|2882.25351|2879.80608|2894.60345|2878.71691|2887.515|2894.45|2879.32|2887.2|-1|0.315|0.24102|2951.54|2936.41|2921.28|2906.15|2898.585|2883.455|2875.89|2860.76|2845.63|2830.5|2849.06|2856.625|2864.19|2871.755|2902.015|2909.58|2917.145|2924.71|0.0|0.0|2884.37692|2893.6809|2879.03236|1|1770789219
1770711600|2887.04|2889.18|2878.81|2881.1|8435|M5|2873.90598|2871.2151|2872.51723|1.93797|-2|2877.35984|2867.89906|2874.5715|2890.41811|2885.20325|2888.53113|2889.59971|2878.14911|2890.9584|2885.49145|2895.49615|2876.31197|2874.37199|2877.17453|2889.7493|2878.13913|2884.07|2889.18|2878.81|2884.0325|-1|0.0375|-0.41765|2922.58|2912.21|2901.84|2891.47|2886.285|2875.915|2870.73|2860.36|2849.99|2839.62|2858.07|2863.255|2868.44|2873.625|2894.365|2899.55|2904.735|2909.92|0.0|0.0|2895.08541|2889.24811|2878.76093|0|1770789219
1770711900|2877.53|2880.42|2872.1|2876.15|2681|M5|2884.276|2884.02214|2882.76729|-0.67453|0|2875.04023|2863.54931|2865.78969|2882.13084|2888.57614|2871.03356|2881.99125|2871.33439|2879.41334|2885.278|2879.44696|2871.25741|2872.46302|2867.431|2881.19522|2871.4502|2876.84|2880.42|2872.1|2876.55|-1|0.29|0.97066|2909.43|2901.11|2892.79|2884.47|2880.31|2871.99|2867.83|2859.51|2851.19|2842.87|2855.46|2859.62|2863.78|2867.94|2884.58|2888.74|2892.9|2897.06|0.0|2871.36165|2880.09097|2879.97806|2872.40948|0|1770789219
1770712200|2876.55|2885.58|2876.3|2884.87|9125|M5|2877.88256|2873.58964|2896.07379|-2.81451|1|2877.10547|2874.20658|2883.299|2882.4114|2896.68945|2893.65086|2886.35831|2874.47481|2885.91275|2888.20323|2882.71234|2874.45209|2877.16182|2878.18648|2886.506|2875.72102|2880.71|2885.58|2876.3|2880.825|1|0.115|-1.35412|2921.99|2912.71|2903.43|2894.15|2889.51|2880.23|2875.59|2866.31|2857.03|2847.75|2857.74|2862.38|2867.02|2871.66|2890.22|2894.86|2899.5|2904.14|0.0|0.0|2881.46772|2885.13311|2875.78023|0|1770789219
1770712500|2884.01|2885.43|2880.71|2884.67|8799|M5|2877.55113|2876.31577|2896.97409|2.3433|-2|2877.56023|2881.41668|2865.01421|2885.6374|2895.52379|2871.28611|2885.44821|2880.44575|2888.16629|2883.50357|2888.23205|2880.9393|2884.36971|2885.14031|2885.65505|2879.79573|2884.34|2885.43|2880.71|2883.705|-1|0.635|0.50243|2903.55|2898.83|2894.11|2889.39|2887.03|2882.31|2879.95|2875.23|2870.51|2865.79|2871.27|2873.63|2875.99|2878.35|2887.79|2890.15|2892.51|2894.87|2885.92292|2876.39443|2890.33401|2884.98845|2881.41221|0|1770789219
1770712800|2881.66|2883.68|2875.55|2879.16|8970|M5|2886.26836|2871.29536|2872.78351|-1.01169|2|2876.11901|2884.1664|2879.53588|2883.35946|2882.56009|2891.04858|2884.83697|2874.68641|2882.00193|2888.84419|2885.47267|2873.69898|2874.35142|2867.9972|2884.50935|2875.47343|2880.41|2883.68|2875.55|2880.0125|-1|0.3975|-0.65027|2911.68|2903.55|2895.42|2887.29|2883.225|2875.095|2871.03|2862.9|2854.77|2846.64|2859.29|2863.355|2867.42|2871.485|2887.745|2891.81|2895.875|2899.94|2887.62277|2874.11082|2876.29595|2883.52863|2875.63438|0|1770789219
1770713100|2874.11|2880.24|2870.01|2880.1|4901|M5|2878.66323|2879.12912|2884.20745|1.82131|2|2865.02328|2871.19109|2874.56634|2877.24123|2886.44419|2878.5206|2880.98195|2869.39461|2881.99492|2879.71052|2878.75526|2869.33131|2867.17775|2875.83604|2881.15255|2869.8013|2877.105|2880.24|2870.01|2876.115|-1|0.99|-0.52346|2921.02|2910.79|2900.56|2890.33|2885.215|2874.985|2869.87|2859.64|2849.41|2839.18|2849.55|2854.665|2859.78|2864.895|2885.355|2890.47|2895.585|2900.7|0.0|0.0|2883.53014|2880.26545|2869.85838|0|1770789219
1770713400|2885.34|2893.22|2882.61|2891.28|9358|M5|2893.7439|2882.64068|2879.52805|-1.78977|-2|2885.26168|2876.70354|2883.41396|2898.37371|2895.51539|2884.46097|2894.63623|2880.83497|2890.6544|2894.03334|2886.25826|2880.54764|2886.22662|2876.75552|2893.52736|2882.29029|2888.31|2893.22|2882.61|2888.1125|-1|0.1975|0.11074|2933.72|2923.11|2912.5|2901.89|2896.585|2885.975|2880.67|2870.06|2859.45|2848.84|2861.39|2866.695|2872.0|2877.305|2898.525|2903.83|2909.135|2914.44|0.0|0.0|2891.63389|2892.49444|2882.84638|0|1770789219
1770713700|2896.22|2896.41|2892.07|2895.99|7219|M5|2902.21477|2889.58143|2890.61145|-1.13318|-1|2888.91618|2884.70265|2875.41242|2893.39575|2887.44365|2902.78293|2897.47564|2891.54144|2898.80213|2892.13112|2891.52552|2892.23417|2892.80792|2898.68738|2896.42566|2891.97265|2896.105|2896.41|2892.07|2895.1725|-1|0.9325|-1.11115|2913.35|2909.01|2904.67|2900.33|2898.16|2893.82|2891.65|2887.31|2882.97|2878.63|2883.39|2885.56|2887.73|2889.9|2898.58|2900.75|2902.92|2905.09|2898.11628|0.0|2895.93994|2896.53512|2891.31725|0|1770789219
1770714000|2892.85|2904.62|2889.93|2902.17|4983|M5|2902.52561|2900.56462|2905.56333|1.05177|1|2892.48862|2884.29891|2886.6827|2906.78132|2910.48889|2918.01412|2906.06123|2888.48163|2907.32861|2900.58058|2912.83485|2890.06263|2887.56749|2890.30364|2905.17906|2889.77012|2897.51|2904.62|2889.93|2897.3925|-1|0.1175|0.81509|2960.93|2946.24|2931.55|2916.86|2909.515|2894.825|2887.48|2872.79|2858.1|2843.41|2860.55|2867.895|2875.24|2882.585|2911.965|2919.31|2926.655|2934.0|0.0|0.0|2888.89575|2905.01878|2890.31772|0|1770789219
1770714300|2903.37|2903.75|2899.8|2902.88|5153|M5|2901.16128|2902.04417|2908.67073|-0.33349|-1|2896.49248|2911.21812|2896.00222|2898.13619|2896.38528|2917.95675|2905.25647|2899.18163|2901.85859|2908.2318|2897.63459|2898.82146|2895.98687|2896.56312|2903.82802|2899.75012|2903.125|2903.75|2899.8|2902.45|-1|0.675|0.21302|2918.68|2914.73|2910.78|2906.83|2904.855|2900.905|2898.93|2894.98|2891.03|2887.08|2891.9|2893.875|2895.85|2897.825|2905.725|2907.7|2909.675|2911.65|0.0|0.0|2914.64979|2903.27694|2899.70779|0|1770789219
1770714600|2901.21|2904.6|2898.8|2903.47|1151|M5|2901.91394|2900.11263|2916.20105|2.33439|2|2901.99508|2909.7973|2887.8147|2905.45733|2910.62424|2893.08555|2905.94454|2897.3471|2903.43028|2908.49732|2905.28061|2900.38423|2897.45187|2903.98667|2904.8848|2898.49187|2902.34|2904.6|2898.8|2902.02|-1|0.32|0.50418|2926.67|2920.87|2915.07|2909.27|2906.37|2900.57|2897.67|2891.87|2886.07|2880.27|2887.2|2890.1|2893.0|2895.9|2907.5|2910.4|2913.3|2916.2|2909.36622|2895.47785|2889.82529|2905.55981|2899.41865|0|1770789219
1770714900|2903.44|2906.47|2895.15|2895.53|9610|M5|2888.89726|2904.95879|2898.21036|-0.74267|1|2899.19676|2884.1968|2888.14376|2901.15904|2912.7812|2899.49629|2908.3298|2894.98275|2909.13384|2903.59368|2909.57944|2893.6328|2893.40896|2894.19801|2906.77768|2894.37196|2899.485|2906.47|2895.15|2900.1475|1|0.6625|1.49831|2940.81|2929.49|2918.17|2906.85|2901.19|2889.87|2884.21|2872.89|2861.57|2850.25|2872.51|2878.17|2883.83|2889.49|2912.13|2917.79|2923.45|2929.11|0.0|2891.34982|2911.06584|2906.35577|2894.32038|0|1770789219
1770715200|2900.22|2901.35|2891.64|2895.5|9952|M5|2891.52226|2893.27015|2909.97593|2.60825|1|2891.27866|2896.87507|2899.04512|2897.62797|2895.51508|2887.11367|2902.8881|2890.38104|2902.06165|2903.68524|2896.59723|2891.95529|2887.54566|2898.97367|2901.75007|2891.19455|2897.86|2901.35|2891.64|2897.1775|-1|0.6825|0.57824|2934.34|2924.63|2914.92|2905.21|2900.355|2890.645|2885.79|2876.08|2866.37|2856.66|2872.22|2877.075|2881.93|2886.785|2906.205|2911.06|2915.915|2920.77|0.0|0.0|2886.38002|2900.55942|2890.7628|1|1770789219
1770715500|2895.96|2903.04|2892.49|2899.94|1820|M5|2903.77954|2889.87653|2898.36685|2.35882|2|2888.90162|2903.07556|2904.50894|2899.31827|2900.96265|2891.20998|2904.79523|2891.96539|2905.42715|2901.42865|2898.24932|2892.22102|2897.013|2893.97755|2903.89824|2892.45899|2897.95|2903.04|2892.49|2897.8575|-1|0.0925|-1.20236|2942.14|2931.59|2921.04|2910.49|2905.215|2894.665|2889.39|2878.84|2868.29|2857.74|2871.39|2876.665|2881.94|2887.215|2908.315|2913.59|2918.865|2924.14|0.0|0.0|2887.72237|2902.60417|2891.96255|0|1770789219
1770715800|2904.45|2906.37|2902.72|2906.04|5556|M5|2913.94928|2913.33638|2894.40508|-2.94274|1|2901.7757|2904.89324|2896.86283|2910.10703|2915.27936|2890.80153|2907.88871|2901.28321|2906.74727|2910.49183|2898.62165|2905.13915|2897.75796|2895.47523|2906.48876|2901.82156|2905.245|2906.37|2902.72|2904.895|-1|0.35|0.00302|2920.64|2916.99|2913.34|2909.69|2907.865|2904.215|2902.39|2898.74|2895.09|2891.44|2895.42|2897.245|2899.07|2900.895|2908.195|2910.02|2911.845|2913.67|0.0|0.0|2902.76358|2906.61768|2902.46401|0|1770789219
1770716100|2902.19|2911.6|2898.22|2909.15|9274|M5|2910.77051|2907.06446|2911.67463|-2.71914|2|2896.14313|2903.7937|2895.54115|2906.31177|2913.59581|2903.19192|2911.8356|2897.83749|2912.50527|2906.30287|2903.06222|2896.33813|2900.1617|2906.79252|2911.74321|2898.00258|2905.67|2911.6|2898.22|2905.29|-1|0.38|-0.60963|2962.67|2949.29|2935.91|2922.53|2915.84|2902.46|2895.77|2882.39|2869.01|2855.63|2871.46|2878.15|2884.84|2891.53|2918.29|2924.98|2931.67|2938.36|2915.72346|0.0|2924.81868|2911.6894|2898.29543|0|1770789219
1770716400|2915.28|2917.82|2903.78|2906.03|8109|M5|2900.24028|2900.92086|2919.34087|1.74945|0|2906.69985|2905.96169|2910.47672|2912.47131|2929.31883|2910.28518|2918.47382|2903.5137|2916.41568|2922.37477|2911.88084|2903.79035|2898.00909|2903.38097|2918.35442|2903.27599|2910.655|2917.82|2903.78|2910.7275|1|0.0725|-0.8535|2962.19|2948.15|2934.11|2920.07|2913.05|2899.01|2891.99|2877.95|2863.91|2849.87|2875.7|2882.72|2889.74|2896.76|2924.84|2931.86|2938.88|2945.9|2919.93421|0.0|2919.39284|2918.06966|2904.09537|0|1770789219
1770716700|2901.64|2911.17|2898.08|2908.32|7914|M5|2913.28374|2919.60038|2913.66991|-0.71051|-2|2898.52132|2892.50772|2910.25983|2910.17296|2912.39602|2907.19205|2911.37267|2896.62637|2912.67419|2911.54996|2913.25648|2895.21918|2903.03174|2897.50012|2911.90239|2897.29313|2904.98|2911.17|2898.08|2904.8025|-1|0.1775|1.54388|2960.68|2947.59|2934.5|2921.41|2914.865|2901.775|2895.23|2882.14|2869.05|2855.96|2871.9|2878.445|2884.99|2891.535|2917.715|2924.26|2930.805|2937.35|0.0|0.0|2922.48821|2911.80456|2897.7912|0|1770789219
1770717000|2907.56|2917.7|2905.39|2915.02|7316|M5|2913.57283|2903.58391|2908.79805|-0.52244|-2|2910.96756|2896.67207|2921.06482|2922.56237|2926.71845|2933.05986|2919.28189|2904.70037|2915.94445|2914.76088|2922.66998|2905.87684|2905.62975|2897.59006|2918.6868|2904.93725|2911.29|2917.7|2905.39|2911.4175|1|0.1275|0.05495|2964.26|2951.95|2939.64|2927.33|2921.175|2908.865|2902.71|2890.4|2878.09|2865.78|2880.77|2886.925|2893.08|2899.235|2923.855|2930.01|2936.165|2942.32|0.0|0.0|2931.41375|2917.59373|2904.61865|0|1770789219
1770717300|2914.26|2918.83|2904.07|2905.8|4306|M5|2909.23112|2909.08301|2894.94774|-2.32596|-1|2898.59097|2911.02325|2893.60397|2913.91997|2927.46011|2930.62681|2919.63314|2902.48056|2917.77729|2922.8001|2912.52441|2904.93936|2901.00145|2912.05993|2919.43412|2903.57318|2910.03|2918.83|2904.07|2910.74|1|0.71|-1.25483|2964.84|2950.08|2935.32|2920.56|2913.18|2898.42|2891.04|2876.28|2861.52|2846.76|2874.55|2881.93|2889.31|2896.69|2926.21|2933.59|2940.97|2948.35|0.0|2903.1924|2900.90652|2918.09044|2903.20626|0|1770789219
1770717600|2906.04|2916.47|2905.49|2911.77|5410|M5|2906.7338|2905.30149|2917.24098|1.06236|0|2899.71004|2906.36963|2890.48721|2914.0806|2921.26671|2912.51556|2916.8475|2903.96601|2917.81682|2921.18518|2917.16987|2904.63744|2908.04603|2899.22904|2916.96564|2904.63725|2908.905|2916.47|2905.49|2909.9425|1|1.0375|-1.75365|2955.69|2944.71|2933.73|2922.75|2917.26|2906.28|2900.79|2889.81|2878.83|2867.85|2883.53|2889.02|2894.51|2900.0|2921.96|2927.45|2932.94|2938.43|2921.1916|0.0|2920.39108|2916.82237|2905.97035|0|1770789219
1770717900|2915.24|2916.76|2909.22|2910.85|4650|M5|2913.23047|2902.50646|2918.37209|-1.11953|-2|2904.65062|2899.32189|2915.91231|2916.20828|2910.17018|2927.63108|2917.82879|2907.97388|2918.91765|2916.82501|2913.81156|2911.9706|2910.28805|2913.39105|2917.49202|2908.54663|2913.045|2916.76|2909.22|2913.0175|-1|0.0275|0.24441|2941.01|2933.47|2925.93|2918.39|2914.62|2907.08|2903.31|2895.77|2888.23|2880.69|2894.14|2897.91|2901.68|2905.45|2920.53|2924.3|2928.07|2931.84|0.0|0.0|2896.1011|2915.89651|2910.04584|0|1770789219
1770718200|2905.33|2907.79|2904.47|2905.89|7701|M5|2913.68955|2916.21712|2905.64467|-2.06467|0|2904.92326|2898.21757|2902.80271|2912.16375|2907.76316|2922.20124|2908.332|2903.67365|2905.61488|2911.66993|2916.35922|2905.38245|2900.83366|2900.924|2907.93722|2904.3754|2905.61|2907.79|2904.47|2905.87|1|0.26|-1.18404|2919.17|2915.85|2912.53|2909.21|2907.55|2904.23|2902.57|2899.25|2895.93|2892.61|2897.83|2899.49|2901.15|2902.81|2909.45|2911.11|2912.77|2914.43|0.0|0.0|2912.49223|2906.98541|2903.88273|0|1770789219
1770718500|2903.28|2908.14|2895.15|2898.47|3560|M5|2902.61688|2900.78024|2892.68175|0.04816|0|2890.01359|2899.13018|2908.3308|2910.30777|2919.27508|2922.58361|2908.95476|2894.26343|2907.83955|2909.67629|2913.26433|2897.01282|2898.0961|2889.65379|2909.10603|2894.86406|2900.875|2908.14|2895.15|2901.26|1|0.385|1.38788|2950.43|2937.44|2924.45|2911.46|2904.965|2891.975|2885.48|2872.49|2859.5|2846.51|2869.17|2875.665|2882.16|2888.655|2914.635|2921.13|2927.625|2934.12|0.0|0.0|2908.37971|2909.08754|2895.10211|0|1770789219
1770718800|2901.88|2909.15|2900.74|2907.27|7770|M5|2914.23228|2911.32677|2919.26306|-2.18706|2|2901.15911|2893.71766|2887.46751|2906.88304|2897.74573|2915.45745|2910.67211|2899.32908|2908.45068|2911.27354|2907.63117|2903.35235|2905.64989|2895.75022|2909.54509|2899.82817|2904.575|2909.15|2900.74|2904.76|1|0.185|1.04533|2940.91|2932.5|2924.09|2915.68|2911.475|2903.065|2898.86|2890.45|2882.04|2873.63|2883.92|2888.125|2892.33|2896.535|2913.355|2917.56|2921.765|2925.97|0.0|0.0|2911.21951|2909.79756|2899.87598|1|1770789219
1770719100|2909.54|2912.47|2901.63|2904.94|8973|M5|2901.24061|2908.26271|2917.90765|-2.12139|2|2899.03242|2895.28826|2906.74344|2909.37795|2919.50092|2916.6523|2913.01843|2900.26656|2909.58418|2916.07978|2917.88285|2904.47543|2907.39683|2893.39131|2913.38266|2901.25867|2907.24|2912.47|2901.63|2907.145|-1|0.095|-0.58523|2948.3|2937.46|2926.62|2915.78|2910.36|2899.52|2894.1|2883.26|2872.42|2861.58|2879.95|2885.37|2890.79|2896.21|2917.89|2923.31|2928.73|2934.15|0.0|0.0|2888.69114|2912.77961|2901.19896|0|1770789219
1770719400|2900.8|2904.25|2895.61|2897.23|7387|M5|2894.68207|2906.45489|2899.59701|0.84405|0|2893.64337|2885.54499|2888.99321|2909.2425|2904.75196|2899.62631|2904.47477|2893.80715|2903.88476|2909.86844|2908.61149|2894.12895|2893.02792|2898.19245|2905.02335|2894.62541|2899.015|2904.25|2895.61|2899.4725|1|0.4575|0.11634|2931.79|2923.15|2914.51|2905.87|2901.55|2892.91|2888.59|2879.95|2871.31|2862.67|2878.33|2882.65|2886.97|2891.29|2908.57|2912.89|2917.21|2921.53|0.0|0.0|2907.81331|2903.80169|2896.12906|0|1770789219
1770719700|2893.95|2900.46|2892.27|2895.97|3936|M5|2893.75987|2897.70766|2882.47168|2.62564|1|2887.59204|2901.27217|2902.60931|2903.62571|2905.98715|2896.43209|2901.9848|2891.67102|2898.33863|2896.31363|2899.13312|2891.89474|2894.52908|2892.7371|2900.70951|2892.07929|2894.96|2900.46|2892.27|2895.6625|1|0.7025|1.86674|2928.73|2920.54|2912.35|2904.16|2900.065|2891.875|2887.78|2879.59|2871.4|2863.21|2875.89|2879.985|2884.08|2888.175|2904.555|2908.65|2912.745|2916.84|0.0|0.0|2885.59528|2900.37517|2891.31723|0|1770789219
1770720000|2892.24|2894.65|2889.23|2890.8|7197|M5|2889.27759|2889.06914|2880.67429|2.27621|1|2891.54607|2899.26154|2900.88271|2892.29983|2900.41742|2897.80125|2896.60565|2888.95143|2894.58886|2893.04302|2902.28696|2890.59852|2886.0617|2882.03923|2895.47107|2889.12394|2891.52|2894.65|2889.23|2891.73|1|0.21|0.28814|2912.48|2907.06|2901.64|2896.22|2893.51|2888.09|2885.38|2879.96|2874.54|2869.12|2878.39|2881.1|2883.81|2886.52|2897.36|2900.07|2902.78|2905.49|2894.90998|0.0|2882.42775|2894.49006|2888.59165|0|1770789219
1770720300|2896.33|2897.29|2890.66|2892.31|8463|M5|2892.63516|2899.86833|2889.68032|0.23134|2|2892.12379|2898.10842|2878.65827|2899.7133|2895.03248|2889.47749|2897.54513|2890.33573|2897.53204|2894.2604|2901.14044|2890.39368|2896.30493|2882.52998|2897.33784|2890.47782|2894.32|2897.29|2890.66|2894.1475|-1|0.1725|1.62779|2918.83|2912.2|2905.57|2898.94|2895.625|2888.995|2885.68|2879.05|2872.42|2865.79|2877.4|2880.715|2884.03|2887.345|2900.605|2903.92|2907.235|2910.55|0.0|0.0|2906.8113|2898.27037|2890.03177|0|1770789219
1770720600|2887.42|2894.95|2885.88|2890.39|6273|M5|2896.80011|2892.8448|2892.06762|2.6073|1|2885.85441|2890.6232|2879.55302|2898.90168|2901.01923|2883.50063|2895.71377|2885.53835|2895.19625|2895.30551|2893.53798|2885.65056|2882.21898|2894.26943|2895.03277|2885.61886|2888.905|2894.95|2885.88|2889.66|1|0.755|-1.51981|2926.67|2917.6|2908.53|2899.46|2894.925|2885.855|2881.32|2872.25|2863.18|2854.11|2867.74|2872.275|2876.81|2881.345|2899.485|2904.02|2908.555|2913.09|0.0|0.0|2900.35447|2894.15526|2886.17495|0|1770789219
1770720900|2884.27|2894.36|2880.79|2891.73|2538|M5|2897.64212|2888.10716|2895.92451|0.35711|-1|2881.03177|2885.56191|2877.89058|2899.4305|2885.76673|2911.35578|2895.89199|2879.94873|2893.18623|2888.94048|2899.10647|2879.97045|2881.2998|2874.82244|2895.29057|2880.35773|2888.0|2894.36|2880.79|2887.7875|-1|0.2125|-1.67424|2946.01|2932.44|2918.87|2905.3|2898.515|2884.945|2878.16|2864.59|2851.02|2837.45|2853.65|2860.435|2867.22|2874.005|2901.145|2907.93|2914.715|2921.5|2897.34231|2876.61749|2894.11983|2895.05307|2880.85404|0|1770789219
1770721200|2894.44|2897.11|2892.56|2896.85|4375|M5|2900.25398|2907.15907|2908.7647|0.12723|2|2892.8768|2883.86738|2907.08534|2900.7257|2902.24633|2909.92114|2897.83867|2890.98233|2896.02351|2893.37435|2905.35749|2890.5077|2892.55352|2894.62343|2897.28376|2892.50206|2895.645|2897.11|2892.56|2895.24|-1|0.405|-0.0362|2915.05|2910.5|2905.95|2901.4|2899.125|2894.575|2892.3|2887.75|2883.2|2878.65|2883.46|2885.735|2888.01|2890.285|2899.385|2901.66|2903.935|2906.21|0.0|0.0|2904.85026|2897.84442|2892.80771|1|1770789219
1770721500|2892.58|2893.46|2888.33|2889.94|7012|M5|2895.72676|2899.86689|2899.01547|-1.90823|-2|2894.05931|2886.65284|2901.17303|2892.87979|2902.3651|2876.53603|2893.94095|2886.40815|2893.48522|2891.46556|2892.47968|2887.68852|2888.14728|2893.42576|2894.14259|2888.13467|2891.26|2893.46|2888.33|2891.0775|-1|0.1825|-1.30375|2910.46|2905.33|2900.2|2895.07|2892.505|2887.375|2884.81|2879.68|2874.55|2869.42|2878.07|2880.635|2883.2|2885.765|2896.025|2898.59|2901.155|2903.72|2896.39476|0.0|2891.92531|2893.49235|2887.87498|0|1770789219
1770721800|2886.98|2888.62|2876.06|2878.89|1026|M5|2885.30667|2887.23317|2866.78185|-2.21637|0|2871.09031|2884.90731|2867.08407|2884.74164|2894.925|2895.71535|2890.0086|2875.30968|2887.19951|2890.97825|2883.71501|2877.9945|2876.81315|2876.5764|2889.45049|2875.56964|2882.935|2888.62|2876.06|2882.6375|-1|0.2975|1.93791|2929.13|2916.57|2904.01|2891.45|2885.17|2872.61|2866.33|2853.77|2841.21|2828.65|2850.94|2857.22|2863.5|2869.78|2894.9|2901.18|2907.46|2913.74|0.0|2874.13811|2888.76892|2888.11627|2875.69529|0|1770789219
1770722100|2876.82|2886.36|2874.84|2884.4|4112|M5|2878.48752|2881.81515|2892.29393|2.63908|-1|2877.50597|2864.07424|2873.70302|2881.65693|2880.3883|2873.25698|2888.34359|2874.07623|2883.78731|2888.25881|2894.30139|2874.35998|2874.07101|2880.76336|2886.99731|2874.37146|2880.61|2886.36|2874.84|2880.605|-1|0.005|-0.46298|2930.48|2918.96|2907.44|2895.92|2890.16|2878.64|2872.88|2861.36|2849.84|2838.32|2851.8|2857.56|2863.32|2869.08|2892.12|2897.88|2903.64|2909.4|0.0|0.0|2890.14536|2885.86345|2874.43675|0|1770789219
1770722400|2886.69|2889.58|2881.98|2882.58|4209|M5|2888.18894|2871.98389|2869.48423|-0.1897|0|2885.09015|2876.50046|2867.1681|2892.59055|2880.11584|2884.35734|2890.81064|2879.9848|2886.84701|2887.62846|2897.91332|2884.46427|2879.51156|2881.34357|2889.8464|2881.32075|2884.635|2889.58|2881.98|2885.2075|1|0.5725|-1.12759|2912.98|2905.38|2897.78|2890.18|2886.38|2878.78|2874.98|2867.38|2859.78|2852.18|2866.78|2870.58|2874.38|2878.18|2893.38|2897.18|2900.98|2904.78|2889.60282|0.0|2873.83389|2890.16493|2881.57191|0|1770789219
1770722700|2884.23|2887.41|2872.56|2875.61|2296|M5|2876.15478|2867.90407|2872.62934|0.66122|-2|2872.32812|2866.504|2886.29265|2892.23283|2884.87429|2895.91702|2888.1203|2871.60506|2887.10227|2889.04971|2888.07816|2870.07511|2872.71525|2874.79126|2887.7076|2872.47148|2879.92|2887.41|2872.56|2879.9525|1|0.0325|-1.16684|2935.01|2920.16|2905.31|2890.46|2883.035|2868.185|2860.76|2845.91|2831.06|2816.21|2842.86|2850.285|2857.71|2865.135|2894.835|2902.26|2909.685|2917.11|0.0|0.0|2869.43006|2887.56045|2872.97265|0|1770789219
1770723000|2879.51|2891.19|2878.51|2887.67|9689|M5|2892.05953|2891.51975|2901.74756|-0.62402|1|2874.6339|2884.3724|2876.56927|2891.65908|2881.4251|2875.07055|2892.45652|2877.86168|2890.80674|2895.33729|2885.02536|2877.1029|2879.41347|2883.44348|2891.39394|2877.86008|2883.59|2891.19|2878.51|2884.22|1|0.63|-1.14496|2938.39|2925.71|2913.03|2900.35|2894.01|2881.33|2874.99|2862.31|2849.63|2836.95|2853.15|2859.49|2865.83|2872.17|2897.53|2903.87|2910.21|2916.55|2891.75368|0.0|2901.10499|2890.684|2877.61613|0|1770789219
1770723300|2884.36|2893.85|2880.36|2890.17|6941|M5|2883.33367|2884.53723|2895.72397|0.15591|2|2882.45702|2891.53175|2879.81485|2890.32361|2889.5976|2909.84146|2895.24593|2880.17438|2895.03415|2898.52766|2902.42643|2880.66874|2876.68705|2878.29861|2894.31856|2880.30847|2887.265|2893.85|2880.36|2887.185|-1|0.08|-1.90301|2944.13|2930.64|2917.15|2903.66|2896.915|2883.425|2876.68|2863.19|2849.7|2836.21|2853.38|2860.125|2866.87|2873.615|2900.595|2907.34|2914.085|2920.83|0.0|2876.76404|2902.93819|2893.06978|2880.62136|0|1770789219
1770723600|2884.53|2897.0|2879.58|2893.31|9122|M5|2899.39854|2902.31846|2906.81317|-2.44287|1|2879.64535|2871.61183|2885.44469|2893.78886|2890.03716|2880.75826|2898.08491|2877.61117|2894.85092|2894.58334|2888.80887|2878.64519|2873.86142|2877.18647|2897.42798|2879.48719|2888.92|2897.0|2879.58|2888.605|-1|0.315|1.61864|2962.99|2945.57|2928.15|2910.73|2902.02|2884.6|2875.89|2858.47|2841.05|2823.63|2844.74|2853.45|2862.16|2870.87|2905.71|2914.42|2923.13|2931.84|0.0|2876.76206|2888.22185|2896.25202|2878.82192|0|1770789219
1770723900|2895.31|2899.38|2891.51|2895.22|4768|M5|2900.35328|2895.04983|2888.36204|-2.80578|1|2895.1988|2895.95088|2878.73453|2894.28315|2890.78717|2908.96675|2899.78298|2891.23382|2898.69645|2900.39252|2898.32696|2889.99504|2891.56596|2896.39499|2899.90415|2890.95044|2895.265|2899.38|2891.51|2895.355|1|0.09|-1.29578|2926.7|2918.83|2910.96|2903.09|2899.155|2891.285|2887.35|2879.48|2871.61|2863.74|2875.77|2879.705|2883.64|2887.575|2903.315|2907.25|2911.185|2915.12|2903.55222|0.0|2902.09248|2898.49526|2890.95018|0|1770789219
1770724200|2890.04|2892.1|2879.63|2881.76|7760|M5|2877.90897|2886.34873|2872.1548|2.37574|2|2876.20627|2884.66725|2878.75809|2894.05427|2897.7705|2880.44444|2893.83624|2877.93323|2889.75802|2889.92042|2884.62925|2876.92943|2879.75726|2879.62907|2892.30017|2879.09628|2885.9|2892.1|2879.63|2885.8825|-1|0.0175|0.07554|2931.64|2919.17|2906.7|2894.23|2887.995|2875.525|2869.29|2856.82|2844.35|2831.88|2854.69|2860.925|2867.16|2873.395|2898.335|2904.57|2910.805|2917.04|0.0|0.0|2884.11059|2891.90633|2879.24013|0|1770789219
1770724500|2884.69|2895.23|2881.19|2891.46|6686|M5|2890.18911|2887.53119|2892.94736|0.02041|1|2884.1768|2877.28547|2874.9087|2891.58889|2888.01894|2898.96489|2896.6213|2879.44015|2897.97074|2899.10827|2890.34717|2882.35343|2879.42766|2873.53135|2895.42673|2880.73438|2888.075|2895.23|2881.19|2888.1425|1|0.0675|-1.33638|2947.62|2933.58|2919.54|2905.5|2898.48|2884.44|2877.42|2863.38|2849.34|2835.3|2853.11|2860.13|2867.15|2874.17|2902.25|2909.27|2916.29|2923.31|0.0|0.0|2907.50465|2894.28314|2881.80091|0|1770789219
1770724800|2894.42|2899.04|2885.45|2887.39|4392|M5|2879.04148|2893.7095|2877.94765|1.66693|0|2889.80618|2880.84153|2899.37347|2894.08506|2899.13934|2912.27932|2899.14985|2884.88636|2899.12246|2900.92169|2905.97956|2884.43138|2880.72302|2880.18058|2899.79412|2885.23126|2890.905|2899.04|2885.45|2891.575|1|0.67|-0.36066|2941.75|2928.16|2914.57|2900.98|2894.185|2880.595|2873.8|2860.21|2846.62|2833.03|2858.27|2865.065|2871.86|2878.655|2905.835|2912.63|2919.425|2926.22|0.0|0.0|2893.12444|2898.93635|2884.79644|0|1770789219
1770725100|2882.02|2883.13|2869.83|2873.56|1682|M5|2869.76739|2874.59482|2862.81013|-0.34305|-1|2871.81484|2879.13006|2857.35438|2884.78627|2891.32671|2869.10382|2884.76359|2869.22168|2884.0489|2880.28863|2876.46374|2870.36171|2866.01116|2873.61984|2883.62163|2869.13652|2877.79|2883.13|2869.83|2877.135|-1|0.655|-0.84276|2926.76|2913.46|2900.16|2886.86|2880.21|2866.91|2860.26|2846.96|2833.66|2820.36|2843.23|2849.88|2856.53|2863.18|2889.78|2896.43|2903.08|2909.73|2887.74722|0.0|2885.73533|2883.52059|2870.19498|0|1770789219
1770725400|2877.59|2877.91|2874.18|2874.18|4458|M5|2867.99382|2876.86474|2861.50295|-1.097|0|2877.35542|2873.71867|2872.9624|2877.10872|2882.03059|2882.55957|2878.74927|2873.06202|2877.67561|2875.21|2882.89344|2871.93396|2873.89374|2877.39078|2878.12291|2874.17624|2875.885|2877.91|2874.18|2875.965|1|0.08|-0.02384|2889.1|2885.37|2881.64|2877.91|2876.045|2872.315|2870.45|2866.72|2862.99|2859.26|2866.72|2868.585|2870.45|2872.315|2879.775|2881.64|2883.505|2885.37|0.0|2873.18541|2858.19819|2878.74286|2873.7521|0|1770789219
1770725700|2873.61|2875.33|2870.64|2872.59|8728|M5|2864.69702|2879.15387|2860.66574|-2.38676|-2|2870.43645|2878.3047|2878.93586|2878.28701|2864.5949|2870.92645|2877.1883|2869.17985|2872.69943|2879.27005|2883.66863|2873.12812|2866.75367|2866.18482|2876.19021|2870.39914|2873.1|2875.33|2870.64|2873.0425|-1|0.0575|-1.37079|2891.35|2886.66|2881.97|2877.28|2874.935|2870.245|2867.9|2863.21|2858.52|2853.83|2861.26|2863.605|2865.95|2868.295|2877.675|2880.02|2882.365|2884.71|2877.74341|0.0|2877.22084|2874.60896|2869.97223|0|1770789219
1770726000|2877.18|2877.99|2867.92|2870.56|1239|M5|2872.98306|2868.00899|2876.15694|0.58668|-1|2867.66334|2866.77325|2880.21587|2874.48444|2870.81009|2866.907|2879.11917|2867.61308|2878.43802|2876.75107|2876.79959|2869.80296|2871.29437|2866.91342|2878.9135|2867.42872|2873.87|2877.99|2867.92|2873.4125|-1|0.4575|0.24574|2910.84|2900.77|2890.7|2880.63|2875.595|2865.525|2860.49|2850.42|2840.35|2830.28|2847.78|2852.815|2857.85|2862.885|2883.025|2888.06|2893.095|2898.13|0.0|0.0|2863.93581|2877.3166|2868.40335|0|1770789219
1770726300|2868.07|2869.03|2860.99|2864.12|2049|M5|2857.9333|2853.04978|2871.26104|-1.89156|-1|2856.30676|2867.59814|2855.4947|2872.9172|2872.6527|2868.35049|2870.7213|2859.98831|2869.20439|2867.4488|2863.65373|2861.90999|2860.42514|2865.73114|2869.61779|2860.56017|2866.095|2869.03|2860.99|2865.5525|-1|0.5425|-0.07513|2896.28|2888.24|2880.2|2872.16|2868.14|2860.1|2856.08|2848.04|2840.0|2831.96|2844.91|2848.93|2852.95|2856.97|2873.05|2877.07|2881.09|2885.11|2869.54508|0.0|2865.99235|2869.43562|2861.5125|0|1770789219
1770726600|2860.93|2861.75|2856.85|2858.01|3346|M5|2860.56491|2854.39938|2859.76546|-2.01454|-1|2856.423|2863.09065|2843.54966|2858.01834|2856.46456|2858.10126|2863.24673|2854.85446|2858.97476|2865.94564|2860.81321|2855.85658|2855.03105|2865.36564|2862.10067|2856.14059|2859.47|2861.75|2856.85|2859.385|-1|0.085|1.50294|2877.61|2872.71|2867.81|2862.91|2860.46|2855.56|2853.11|2848.21|2843.31|2838.41|2847.05|2849.5|2851.95|2854.4|2864.2|2866.65|2869.1|2871.55|2862.45349|0.0|2846.88932|2861.04591|2856.7641|0|1770789219
1770726900|2857.33|2860.64|2844.19|2848.1|8982|M5|2845.52508|2850.20919|2860.88297|-0.68577|-2|2845.12772|2842.82929|2829.45678|2865.08316|2855.38284|2855.93577|2860.78627|2843.59334|2859.01562|2863.0955|2858.88154|2845.17957|2849.58451|2851.9321|2861.07831|2844.04015|2852.715|2860.64|2844.19|2852.565|-1|0.15|1.06564|2913.9|2897.45|2881.0|2864.55|2856.325|2839.875|2831.65|2815.2|2798.75|2782.3|2811.29|2819.515|2827.74|2835.965|2868.865|2877.09|2885.315|2893.54|0.0|0.0|2837.49188|2859.84767|2843.44718|0|1770789219
1770727200|2846.97|2848.19|2843.33|2848.12|9350|M5|2853.48613|2853.55776|2861.27503|-1.04863|-2|2842.4805|2839.60018|2827.85387|2845.00562|2855.22106|2855.62467|2848.42671|2841.47152|2850.46793|2846.45564|2850.57985|2845.70579|2844.08392|2845.90463|2848.80515|2842.95327|2847.545|2848.19|2843.33|2846.6525|-1|0.8925|-0.79533|2867.56|2862.7|2857.84|2852.98|2850.55|2845.69|2843.26|2838.4|2833.54|2828.68|2833.61|2836.04|2838.47|2840.9|2850.62|2853.05|2855.48|2857.91|2850.30335|0.0|2839.57614|2847.4422|2843.56018|0|1770789219
1770727500|2847.8|2850.02|2836.31|2840.94|3627|M5|2846.42231|2850.04015|2837.931|-0.84687|2|2837.45558|2827.08652|2834.96573|2848.84299|2844.92326|2865.29365|2851.21897|2835.97995|2849.85386|2845.94554|2856.47044|2837.54356|2838.93605|2834.94529|2850.6773|2835.50494|2844.37|2850.02|2836.31|2843.7675|-1|0.6025|-0.73795|2895.78|2882.07|2868.36|2854.65|2847.795|2834.085|2827.23|2813.52|2799.81|2786.1|2808.89|2815.745|2822.6|2829.455|2856.875|2863.73|2870.585|2877.44|0.0|0.0|2835.87888|2849.39557|2836.38524|0|1770789219
1770727800|2845.3|2847.87|2835.72|2839.2|1777|M5|2831.72362|2834.78808|2850.34519|-0.16371|0|2830.36031|2839.65733|2846.77343|2848.50373|2853.39543|2850.89196|2849.54002|2834.74523|2847.91195|2849.25083|2841.5933|2837.43151|2831.20795|2827.85985|2847.92983|2835.69005|2842.25|2847.87|2835.72|2842.0225|-1|0.2275|1.74182|2887.8|2875.65|2863.5|2851.35|2845.275|2833.125|2827.05|2814.9|2802.75|2790.6|2811.42|2817.495|2823.57|2829.645|2853.945|2860.02|2866.095|2872.17|0.0|2835.39843|2829.62232|2848.41652|2834.90861|0|1770789219
1770728100|2834.73|2837.53|2825.39|2826.22|3083|M5|2832.31674|2817.51852|2837.93628|-2.74953|-1|2830.3765|2817.10042|2835.55763|2841.68841|2847.66003|2841.08459|2838.31325|2824.08779|2839.91321|2839.96074|2830.41148|2825.51459|2828.18639|2817.64042|2837.8909|2824.73856|2830.475|2837.53|2825.39|2830.9675|1|0.4925|-1.50582|2874.78|2862.64|2850.5|2838.36|2832.29|2820.15|2814.08|2801.94|2789.8|2777.66|2801.11|2807.18|2813.25|2819.32|2843.6|2849.67|2855.74|2861.81|2841.5206|2820.66744|2832.73548|2837.88254|2824.61294|0|1770789219
1770728400|2829.1|2839.29|2825.65|2837.46|4646|M5|2844.54103|2830.91223|2839.20519|-0.36001|2|2821.0837|2836.37091|2830.12345|2838.94866|2841.9306|2846.54776|2839.36278|2825.35214|2839.01342|2842.25048|2831.97107|2823.66405|2826.44929|2821.698|2839.94674|2825.05183|2833.28|2839.29|2825.65|2832.875|-1|0.405|-1.51434|2892.02|2878.38|2864.74|2851.1|2844.28|2830.64|2823.82|2810.18|2796.54|2782.9|2798.37|2805.19|2812.01|2818.83|2846.11|2852.93|2859.75|2866.57|0.0|0.0|2844.42172|2839.0851|2825.61604|0|1770789219
1770728700|2841.24|2850.97|2838.64|2847.52|5425|M5|2844.94214|2845.00687|2848.72646|-0.47184|-2|2839.26734|2847.92323|2829.26619|2845.91891|2843.70717|2849.52773|2851.44041|2838.57793|2848.51497|2855.63285|2859.26316|2836.02321|2839.37235|2831.73896|2851.35909|2838.17829|2844.38|2850.97|2838.64|2844.5925|1|0.2125|0.68724|2896.84|2884.51|2872.18|2859.85|2853.685|2841.355|2835.19|2822.86|2810.53|2798.2|2813.98|2820.145|2826.31|2832.475|2857.135|2863.3|2869.465|2875.63|2853.1555|0.0|2845.11004|2850.78565|2838.51021|0|1770789219
1770729000|2850.69|2853.46|2842.01|2846.47|9992|M5|2853.74299|2846.85449|2844.79694|0.43263|0|2846.81236|2850.67753|2849.51028|2857.23221|2853.42367|2836.39698|2854.10985|2840.62073|2852.62748|2848.31091|2855.23919|2842.46807|2844.59423|2834.23909|2854.23761|2841.2995|2848.58|2853.46|2842.01|2848.1575|-1|0.4225|1.27937|2892.27|2880.82|2869.37|2857.92|2852.195|2840.745|2835.02|2823.57|2812.12|2800.67|2819.11|2824.835|2830.56|2836.285|2859.185|2864.91|2870.635|2876.36|0.0|2841.84255|2861.42557|2853.44811|2842.62564|0|1770789219
1770729300|2848.35|2849.22|2844.17|2845.62|6910|M5|2849.55384|2837.0401|2843.38093|1.08416|-2|2846.70351|2833.41381|2859.17281|2847.90999|2842.33124|2834.36446|2850.34709|2842.25445|2848.51319|2846.57839|2849.17235|2842.4826|2843.05335|2850.15836|2849.80112|2843.36505|2846.985|2849.22|2844.17|2846.84|-1|0.145|-1.54075|2865.82|2860.77|2855.72|2850.67|2848.145|2843.095|2840.57|2835.52|2830.47|2825.42|2834.07|2836.595|2839.12|2841.645|2851.745|2854.27|2856.795|2859.32|0.0|0.0|2838.26119|2848.50258|2843.22565|0|1770789219
1770729600|2844.37|2849.36|2844.15|2845.94|2885|M5|2838.93804|2842.0488|2858.5919|0.53441|1|2845.15183|2836.00947|2857.35723|2848.3445|2846.51354|2854.87885|2850.84477|2842.9324|2849.84218|2846.30909|2851.49009|2845.52134|2844.3922|2842.8159|2849.67991|2843.87399|2845.155|2849.36|2844.15|2845.955|1|0.8|0.22372|2866.78|2861.57|2856.36|2851.15|2848.545|2843.335|2840.73|2835.52|2830.31|2825.1|2833.73|2836.335|2838.94|2841.545|2851.965|2854.57|2857.175|2859.78|0.0|0.0|2832.40698|2849.14258|2843.40956|0|1770789219
1770729900|2849.7|2852.08|2841.6|2845.97|3110|M5|2840.15457|2841.9229|2850.86829|1.42828|-2|2842.5615|2848.35104|2837.58498|2851.64899|2841.30715|2844.2887|2852.93852|2841.32283|2851.84341|2851.08126|2850.48827|2839.8625|2843.58802|2845.1109|2852.68769|2840.65188|2847.835|2852.08|2841.6|2847.3375|-1|0.4975|1.99749|2887.89|2877.41|2866.93|2856.45|2851.21|2840.73|2835.49|2825.01|2814.53|2804.05|2820.64|2825.88|2831.12|2836.36|2857.32|2862.56|2867.8|2873.04|0.0|0.0|2847.2396|2851.37426|2840.89684|0|1770789219
1770730200|2846.53|2854.52|2843.39|2850.33|4298|M5|2852.57109|2838.9348|2837.96555|-2.95408|2|2843.01133|2849.63026|2860.25757|2851.065|2847.07057|2870.58658|2854.76585|2842.91478|2853.30562|2854.01519|2850.36205|2843.99223|2839.9909|2836.17366|2855.39273|2843.2854|2848.43|2854.52|2843.39|2848.6925|1|0.2625|1.56706|2894.85|2883.72|2872.59|2861.46|2855.895|2844.765|2839.2|2828.07|2816.94|2805.81|2821.13|2826.695|2832.26|2837.825|2860.085|2865.65|2871.215|2876.78|2858.12902|0.0|2846.19956|2854.54918|2843.88084|1|1770789219
1770730500|2847.65|2854.2|2843.96|2852.04|1242|M5|2848.63068|2853.9305|2854.67573|-0.87299|-1|2843.73942|2851.48628|2830.85966|2857.94465|2858.18931|2864.94362|2854.86275|2842.91472|2851.90652|2854.11917|2854.51817|2842.36585|2848.92819|2846.9682|2854.70267|2843.21165|2849.845|2854.2|2843.96|2849.4625|-1|0.3825|1.1039|2893.0|2882.76|2872.52|2862.28|2857.16|2846.92|2841.8|2831.56|2821.32|2811.08|2823.48|2828.6|2833.72|2838.84|2859.32|2864.44|2869.56|2874.68|0.0|0.0|2852.14087|2853.64943|2844.63412|1|1770789219
1770730800|2845.9|2859.34|2843.35|2855.11|7475|M5|2855.29758|2851.53776|2866.25336|-0.922|-1|2848.67606|2839.0932|2846.58943|2856.34357|2864.42826|2871.99659|2861.03515|2843.29715|2858.36148|2861.57154|2850.95318|2843.19931|2839.62436|2839.80683|2860.17799|2842.67367|2850.505|2859.34|2843.35|2850.925|1|0.42|1.03521|2919.07|2903.08|2887.09|2871.1|2863.105|2847.115|2839.12|2823.13|2807.14|2791.15|2811.37|2819.365|2827.36|2835.355|2867.335|2875.33|2883.325|2891.32|0.0|0.0|2844.26725|2859.43759|2843.87745|0|1770789219
1770731100|2857.91|2866.81|2854.4|2865.59|3184|M5|2860.5161|2859.12076|2872.45643|-0.29201|1|2852.32612|2848.85497|2838.99495|2863.26397|2873.29881|2878.71061|2868.47179|2852.76514|2869.07961|2870.06516|2862.83625|2853.19308|2857.40519|2852.01415|2867.26866|2853.53383|2861.75|2866.81|2854.4|2861.1775|-1|0.5725|1.03526|2915.23|2902.82|2890.41|2878.0|2871.795|2859.385|2853.18|2840.77|2828.36|2815.95|2829.58|2835.785|2841.99|2848.195|2873.015|2879.22|2885.425|2891.63|0.0|0.0|2881.40506|2867.37437|2854.67198|0|1770789219
1770731400|2859.17|2864.02|2854.79|2860.95|6117|M5|2863.02224|2853.66903|2850.27884|-0.78607|-2|2849.41927|2865.23444|2858.4411|2858.97144|2861.80362|2847.89304|2865.76174|2854.23675|2863.41398|2863.89189|2866.04485|2856.33576|2858.34765|2859.63173|2864.07743|2854.25884|2860.06|2864.02|2854.79|2859.7325|-1|0.3275|-0.14972|2897.87|2888.64|2879.41|2870.18|2865.565|2856.335|2851.72|2842.49|2833.26|2824.03|2836.33|2840.945|2845.56|2850.175|2868.635|2873.25|2877.865|2882.48|0.0|2851.18406|2877.15072|2864.61752|2854.61997|1|1770789219
1770731700|2857.05|2861.97|2845.63|2849.71|3744|M5|2854.85304|2858.56733|2847.72156|-1.28808|-2|2847.54519|2845.69317|2861.90556|2867.31145|2853.66157|2856.49212|2863.05978|2845.35843|2863.84476|2858.14376|2856.53672|2847.30145|2841.09402|2838.89153|2862.51647|2845.10864|2853.38|2861.97|2845.63|2853.59|1|0.21|-0.58811|2915.07|2898.73|2882.39|2866.05|2857.88|2841.54|2833.37|2817.03|2800.69|2784.35|2812.95|2821.12|2829.29|2837.46|2870.14|2878.31|2886.48|2894.65|0.0|0.0|2853.49579|2862.37912|2846.43248|0|1770789219
1770732000|2851.15|2853.75|2848.05|2848.59|5313|M5|2846.67612|2837.78739|2837.56998|1.80356|0|2846.26075|2855.29837|2843.56917|2856.65852|2857.96064|2856.46057|2854.70142|2847.09092|2854.57383|2849.04931|2849.8624|2849.98949|2850.29712|2848.40899|2854.69131|2847.33748|2849.87|2853.75|2848.05|2850.385|1|0.515|-1.19279|2871.39|2865.69|2859.99|2854.29|2851.44|2845.74|2842.89|2837.19|2831.49|2825.79|2836.65|2839.5|2842.35|2845.2|2856.6|2859.45|2862.3|2865.15|0.0|2845.20361|2833.55579|2854.50609|2847.61118|0|1770789219
1770732300|2842.75|2847.14|2840.94|2843.19|2202|M5|2845.971|2845.2845|2850.42882|-0.05387|-2|2840.87644|2850.83243|2828.92182|2847.8325|2844.05985|2837.37725|2847.84509|2839.84091|2847.5754|2844.78869|2841.98277|2838.68356|2846.40782|2836.11547|2847.45309|2840.15123|2842.97|2847.14|2840.94|2843.505|1|0.535|1.73117|2867.99|2861.79|2855.59|2849.39|2846.29|2840.09|2836.99|2830.79|2824.59|2818.39|2828.54|2831.64|2834.74|2837.84|2850.24|2853.34|2856.44|2859.54|0.0|0.0|2826.141|2846.3055|2839.94162|0|1770789219
1770732600|2842.21|2852.68|2837.67|2849.64|5110|M5|2855.02349|2850.20999|2836.75835|-0.57279|1|2840.71942|2839.22996|2826.82657|2852.10704|2844.9959|2863.6919|2853.61168|2836.13705|2855.36976|2853.29364|2853.96478|2834.87996|2834.16867|2830.01914|2853.04885|2836.82302|2845.925|2852.68|2837.67|2845.55|-1|0.375|-1.02934|2909.68|2894.67|2879.66|2864.65|2857.145|2842.135|2834.63|2819.62|2804.61|2789.6|2807.65|2815.155|2822.66|2830.165|2860.185|2867.69|2875.195|2882.7|0.0|0.0|2852.68737|2853.49325|2838.398|0|1770789219
1770732900|2852.51|2857.09|2843.5|2846.21|2835|M5|2853.62073|2845.30433|2854.40651|1.54481|0|2841.74935|2839.86542|2830.76191|2857.77114|2853.46522|2848.14421|2857.14815|2842.15825|2854.59866|2859.40371|2850.7337|2845.47738|2841.32889|2838.79732|2857.65494|2843.13711|2849.36|2857.09|2843.5|2849.8275|1|0.4675|-0.8922|2900.57|2886.98|2873.39|2859.8|2853.005|2839.415|2832.62|2819.03|2805.44|2791.85|2816.32|2823.115|2829.91|2836.705|2863.885|2870.68|2877.475|2884.27|0.0|0.0|2850.28771|2856.24987|2844.2469|0|1770789219
1770733200|2849.14|2851.49|2846.76|2846.78|3246|M5|2850.93165|2844.47312|2841.636|-2.51354|0|2841.85709|2848.64222|2840.52103|2855.26322|2862.69257|2836.2359|2852.0774|2845.67699|2853.92593|2855.1873|2847.01442|2844.53928|2849.58188|2853.29864|2852.33599|2845.79435|2847.96|2851.49|2846.76|2848.5425|1|0.5825|0.30174|2865.7|2860.97|2856.24|2851.51|2849.145|2844.415|2842.05|2837.32|2832.59|2827.86|2837.3|2839.665|2842.03|2844.395|2853.855|2856.22|2858.585|2860.95|0.0|0.0|2863.55566|2850.70245|2846.43176|0|1770789219
1770733500|2852.21|2853.74|2847.49|2852.18|7159|M5|2852.53826|2854.36735|2845.96017|0.13386|-1|2847.98444|2838.28048|2856.02488|2855.04558|2856.45849|2858.92526|2855.55458|2847.1613|2852.86407|2857.11325|2846.22495|2846.38893|2843.97268|2845.04472|2854.48058|2846.53748|2852.195|2853.74|2847.49|2851.405|-1|0.79|-1.65897|2877.18|2870.93|2864.68|2858.43|2855.305|2849.055|2845.93|2839.68|2833.43|2827.18|2834.99|2838.115|2841.24|2844.365|2856.865|2859.99|2863.115|2866.24|2856.89264|0.0|2865.33966|2854.31927|2847.27694|0|1770789219
1770733800|2855.62|2857.09|2844.49|2849.46|4550|M5|2857.14812|2840.96868|2859.96136|-0.39175|1|2843.15392|2836.28999|2850.70133|2861.5524|2854.43307|2873.44941|2857.51834|2843.50198|2855.01099|2861.77177|2855.94697|2843.43513|2849.65192|2842.06913|2857.29783|2843.80782|2852.54|2857.09|2844.49|2851.665|-1|0.875|-1.79257|2899.86|2887.26|2874.66|2862.06|2855.76|2843.16|2836.86|2824.26|2811.66|2799.06|2819.29|2825.59|2831.89|2838.19|2863.39|2869.69|2875.99|2882.29|0.0|0.0|2834.59589|2856.90218|2843.85969|0|1770789219
1770734100|2846.37|2849.38|2839.18|2841.24|6562|M5|2849.633|2850.82081|2838.2608|-1.90155|1|2840.8719|2848.32774|2839.24052|2848.77367|2856.55831|2837.52238|2849.75937|2837.20557|2850.94491|2844.56895|2842.07188|2837.7567|2838.42871|2840.24107|2849.99666|2838.28479|2843.805|2849.38|2839.18|2844.0425|1|0.2375|1.11409|2882.04|2871.84|2861.64|2851.44|2846.34|2836.14|2831.04|2820.84|2810.64|2800.44|2818.78|2823.88|2828.98|2834.08|2854.48|2859.58|2864.68|2869.78|2850.29506|2837.77201|2852.95804|2849.29341|2839.08264|1|1770789219
1770734400|2843.45|2844.8|2830.25|2833.89|1418|M5|2839.93443|2841.38435|2823.30401|2.08742|2|2830.72311|2821.07223|2816.11571|2844.67182|2841.02355|2852.32238|2846.54599|2829.35256|2842.84177|2846.34589|2837.62122|2828.29043|2827.45913|2836.23547|2845.59538|2830.11349|2838.67|2844.8|2830.25|2838.0975|-1|0.5725|0.1011|2892.09|2877.54|2862.99|2848.44|2841.165|2826.615|2819.34|2804.79|2790.24|2775.69|2801.15|2808.425|2815.7|2822.975|2852.075|2859.35|2866.625|2873.9|0.0|0.0|2831.10398|2845.18533|2829.56347|0|1770789219
1770734700|2834.13|2835.91|2825.43|2825.95|9894|M5|2827.66493|2828.99845|2839.89576|-0.5266|1|2824.44155|2833.88367|2823.00835|2834.89647|2842.53324|2844.20345|2836.78465|2824.2653|2834.82721|2832.29761|2836.03673|2825.93819|2821.41515|2824.36214|2836.47019|2824.82565|2830.04|2835.91|2825.43|2830.355|1|0.315|-0.04432|2867.87|2857.39|2846.91|2836.43|2831.19|2820.71|2815.47|2804.99|2794.51|2784.03|2804.47|2809.71|2814.95|2820.19|2841.15|2846.39|2851.63|2856.87|0.0|2825.24353|2810.83438|2836.33203|2825.47201|0|1770789219
1770735000|2824.79|2824.83|2815.86|2815.99|2433|M5|2819.85609|2810.83169|2810.65976|0.47876|-1|2810.76579|2822.05089|2814.97765|2820.35273|2814.19631|2833.30832|2825.10468|2814.79024|2824.12796|2822.19068|2826.26043|2815.96523|2818.63384|2819.63827|2825.12183|2815.71815|2820.39|2824.83|2815.86|2820.3675|-1|0.0225|1.37|2851.87|2842.9|2833.93|2824.96|2820.475|2811.505|2807.02|2798.05|2789.08|2780.11|2797.92|2802.405|2806.89|2811.375|2829.315|2833.8|2838.285|2842.77|0.0|2813.01862|2816.09641|2824.26767|2815.29878|0|1770789219
1770735300|2811.51|2812.77|2810.95|2811.7|5299|M5|2813.88407|2810.00679|2801.72546|1.86027|0|2807.77883|2819.64857|2820.10225|2807.50131|2810.24461|2815.40346|2813.78259|2810.80077|2815.36584|2809.78195|2812.16213|2813.27545|2806.37228|2812.88567|2813.58819|2810.69847|2811.605|2812.77|2810.95|2811.7325|1|0.1275|-0.24104|2818.98|2817.16|2815.34|2813.52|2812.61|2810.79|2809.88|2808.06|2806.24|2804.42|2807.31|2808.22|2809.13|2810.04|2813.68|2814.59|2815.5|2816.41|0.0|2809.91031|2801.09568|2813.31762|2810.77564|0|1770789219
1770735600|2811.34|2812.41|2809.08|2809.09|9261|M5|2805.94138|2800.14467|2819.01944|2.25469|-1|2809.93766|2800.74409|2803.20935|2807.66505|2806.90601|2808.67449|2812.4486|2808.16159|2810.42669|2817.86803|2814.58027|2807.99162|2804.90732|2809.80342|2812.67302|2808.55486|2810.215|2812.41|2809.08|2810.48|1|0.265|0.07372|2822.41|2819.08|2815.75|2812.42|2810.755|2807.425|2805.76|2802.43|2799.1|2795.77|2802.42|2804.085|2805.75|2807.415|2814.075|2815.74|2817.405|2819.07|2812.95393|0.0|2819.31325|2812.57406|2808.16494|0|1770789219
1770735900|2814.19|2814.26|2803.41|2804.88|9980|M5|2812.97179|2806.60865|2812.68261|1.94913|-2|2804.20397|2801.00913|2794.72472|2813.96051|2825.20946|2829.44625|2814.59068|2802.37416|2811.88568|2814.65768|2814.36316|2801.99754|2798.10135|2806.47943|2815.01604|2802.43343|2809.535|2814.26|2803.41|2809.185|-1|0.35|-1.87993|2848.28|2837.43|2826.58|2815.73|2810.305|2799.455|2794.03|2783.18|2772.33|2761.48|2781.71|2787.135|2792.56|2797.985|2819.685|2825.11|2830.535|2835.96|0.0|2798.99131|2799.07777|2814.04219|2803.95341|0|1770789219
1770736200|2809.58|2817.86|2808.64|2814.16|2083|M5|2806.5651|2812.56607|2822.3213|2.52867|-2|2803.69181|2811.49019|2798.43206|2820.2034|2819.71647|2828.75401|2818.47826|2808.03947|2817.34336|2823.38009|2821.30559|2810.56555|2810.14496|2815.42077|2818.64773|2808.50885|2811.87|2817.86|2808.64|2812.56|1|0.69|0.68268|2851.04|2841.82|2832.6|2823.38|2818.77|2809.55|2804.94|2795.72|2786.5|2777.28|2790.2|2794.81|2799.42|2804.03|2822.47|2827.08|2831.69|2836.3|0.0|0.0|2828.83434|2818.11656|2807.67011|0|1770789219
1770736500|2817.48|2831.56|2815.96|2826.94|7458|M5|2825.73221|2833.3514|2815.88742|0.62575|2|2821.1025|2819.69461|2806.80536|2837.11909|2831.26715|2824.74088|2832.57622|2814.71618|2833.73938|2834.59171|2828.67742|2817.71721|2814.28655|2818.04016|2831.65385|2815.80949|2822.21|2831.56|2815.96|2822.985|1|0.775|1.42571|2889.34|2873.74|2858.14|2842.54|2834.74|2819.14|2811.34|2795.74|2780.14|2764.54|2784.76|2792.56|2800.36|2808.16|2839.36|2847.16|2854.96|2862.76|0.0|0.0|2834.81428|2831.94901|2816.55247|0|1770789219
1770736800|2822.45|2823.1|2811.02|2815.26|6673|M5|2809.86749|2812.35567|2809.16103|2.749|1|2806.34744|2814.37026|2824.42536|2825.7549|2814.53109|2817.04237|2823.5301|2809.27333|2824.6932|2828.30019|2827.00077|2811.33926|2815.55089|2807.2195|2824.05618|2810.34893|2818.855|2823.1|2811.02|2817.9575|-1|0.8975|0.34261|2863.58|2851.5|2839.42|2827.34|2821.3|2809.22|2803.18|2791.1|2779.02|2766.94|2786.86|2792.9|2798.94|2804.98|2829.14|2835.18|2841.22|2847.26|0.0|0.0|2826.07309|2823.34591|2811.39277|0|1770789219
1770737100|2812.12|2821.54|2810.0|2818.0|1962|M5|2825.94371|2817.41667|2829.98251|-1.85334|1|2812.49732|2819.84871|2794.58748|2826.1965|2814.10427|2837.03637|2822.43479|2808.01226|2820.82719|2823.56238|2825.48266|2807.45383|2814.4811|2806.86624|2822.34784|2809.85934|2815.06|2821.54|2810.0|2815.415|1|0.355|0.02179|2864.16|2852.62|2841.08|2829.54|2823.77|2812.23|2806.46|2794.92|2783.38|2771.84|2786.92|2792.69|2798.46|2804.23|2827.31|2833.08|2838.85|2844.62|0.0|0.0|2824.71183|2821.58631|2810.51289|0|1770789219
1770737400|2815.41|2825.7|2812.04|2824.55|5489|M5|2827.65182|2833.65805|2834.82764|-2.11127|0|2811.02007|2800.83837|2801.9026|2828.17373|2822.87989|2834.3308|2827.00225|2811.03778|2825.16378|2827.2823|2828.22488|2813.30009|2815.89767|2815.15865|2826.69945|2811.71751|2819.98|2825.7|2812.04|2819.425|-1|0.555|-0.10431|2879.19|2865.53|2851.87|2838.21|2831.38|2817.72|2810.89|2797.23|2783.57|2769.91|2784.72|2791.55|2798.38|2805.21|2832.53|2839.36|2846.19|2853.02|0.0|0.0|2832.12667|2824.70141|2811.87595|0|1770789219
1770737700|2823.12|2827.63|2818.73|2818.99|9698|M5|2826.64773|2807.77292|2806.93865|-0.26726|-2|2821.64795|2822.76811|2825.8526|2827.87192|2837.98126|2815.4098|2828.36727|2817.30856|2825.55177|2825.58672|2824.5429|2818.69824|2819.3099|2812.01603|2828.53199|2818.10494|2821.055|2827.63|2818.73|2822.1175|1|1.0625|1.51069|2854.59|2845.69|2836.79|2827.89|2823.44|2814.54|2810.09|2801.19|2792.29|2783.39|2800.93|2805.38|2809.83|2814.28|2832.08|2836.53|2840.98|2845.43|2830.90932|0.0|2831.5908|2828.58045|2819.34419|0|1770789219
1770738000|2818.39|2819.86|2814.19|2817.08|6091|M5|2816.01969|2819.91485|2823.73089|-2.00548|1|2819.10636|2806.74868|2822.63191|2822.43082|2821.06806|2820.97904|2820.80958|2813.10158|2819.89941|2825.41727|2825.60656|2814.18603|2815.52395|2821.553|2820.62873|2813.99316|2817.735|2819.86|2814.19|2817.38|-1|0.355|0.03181|2839.76|2834.09|2828.42|2822.75|2819.915|2814.245|2811.41|2805.74|2800.07|2794.4|2802.85|2805.685|2808.52|2811.355|2822.695|2825.53|2828.365|2831.2|0.0|0.0|2803.62235|2819.47771|2814.49961|0|1770789219
1770738300|2819.91|2824.32|2807.95|2810.86|4716|M5|2809.70938|2810.87311|2817.85093|-2.37756|2|2809.34772|2807.7389|2797.18396|2824.27922|2819.96144|2831.92501|2825.93276|2806.38175|2821.9525|2827.28537|2816.7696|2805.54677|2803.43866|2808.4487|2825.1361|2807.17957|2815.385|2824.32|2807.95|2815.76|1|0.375|0.67174|2876.34|2859.97|2843.6|2827.23|2819.045|2802.675|2794.49|2778.12|2761.75|2745.38|2775.21|2783.395|2791.58|2799.765|2832.505|2840.69|2848.875|2857.06|2825.81135|0.0|2802.36749|2825.25235|2807.55895|0|1770789219
1770738600|2813.6|2814.42|2806.99|2809.3|1639|M5|2802.17019|2811.68652|2811.93568|2.07754|1|2804.98673|2813.47822|2804.66496|2815.74562|2816.01978|2818.05964|2816.05767|2805.59293|2812.47387|2819.8848|2815.84432|2806.3403|2810.75041|2809.14473|2815.02617|2806.13687|2811.45|2814.42|2806.99|2811.0775|-1|0.3725|1.49477|2839.02|2831.59|2824.16|2816.73|2813.015|2805.585|2801.87|2794.44|2787.01|2779.58|2792.13|2795.845|2799.56|2803.275|2818.135|2821.85|2825.565|2829.28|2816.95071|0.0|2799.87624|2814.28604|2806.60002|0|1770789219
1770738900|2804.71|2805.63|2799.22|2802.18|7956|M5|2795.77542|2793.2841|2798.78844|-0.32952|2|2797.41708|2788.74275|2792.32082|2811.13215|2813.48068|2809.21331|2807.0319|2798.65199|2806.26281|2803.7327|2811.60281|2800.71346|2796.02968|2804.47572|2806.60797|2799.19778|2803.445|2805.63|2799.22|2802.935|-1|0.51|1.69782|2827.82|2821.41|2815.0|2808.59|2805.385|2798.975|2795.77|2789.36|2782.95|2776.54|2786.4|2789.605|2792.81|2796.015|2808.835|2812.04|2815.245|2818.45|2809.32801|0.0|2789.05151|2804.72298|2800.07703|0|1770789219
1770739200|2804.87|2804.95|2795.91|2798.47|3805|M5|2791.58396|2789.99143|2792.29458|1.94437|-1|2790.87231|2796.87204|2793.50174|2805.13013|2809.1474|2814.75924|2805.87998|2794.34408|2805.7706|2802.94651|2811.07337|2796.20063|2798.91625|2795.32574|2804.98867|2795.32315|2801.67|2804.95|2795.91|2801.05|-1|0.62|1.02049|2834.63|2825.59|2816.55|2807.51|2802.99|2793.95|2789.43|2780.39|2771.35|2762.31|2777.83|2782.35|2786.87|2791.39|2809.47|2813.99|2818.51|2823.03|0.0|2791.9822|2784.7786|2805.54143|2795.15748|0|1770789219
1770739500|2797.88|2805.45|2796.72|2804.58|6152|M5|2810.73182|2813.9491|2807.2699|2.88653|2|2800.63919|2785.79354|2809.81454|2800.6497|2802.34004|2816.15106|2806.24139|2794.76667|2805.05337|2804.79787|2806.61936|2797.42717|2801.04881|2795.8346|2806.297|2796.08775|2801.23|2805.45|2796.72|2801.1575|-1|0.0725|-1.42727|2839.5|2830.77|2822.04|2813.31|2808.945|2800.215|2795.85|2787.12|2778.39|2769.66|2779.26|2783.625|2787.99|2792.355|2809.815|2814.18|2818.545|2822.91|0.0|0.0|2814.53596|2805.21245|2796.93063|0|1770789219
1770739800|2802.71|2806.44|2791.62|2793.39|1028|M5|2797.19496|2803.77203|2803.58857|-1.02504|1|2794.22315|2784.75069|2777.29874|2801.7055|2801.88549|2813.56437|2808.38922|2790.12581|2805.56842|2806.6078|2801.70748|2793.90737|2790.67797|2795.82845|2807.43393|2791.29865|2798.05|2806.44|2791.62|2798.54|1|0.49|1.20244|2852.67|2837.85|2823.03|2808.21|2800.8|2785.98|2778.57|2763.75|2748.93|2734.11|2761.98|2769.39|2776.8|2784.21|2813.85|2821.26|2828.67|2836.08|2810.18966|0.0|2781.93542|2806.29229|2791.16827|0|1770789219
1770740100|2797.14|2800.34|2785.78|2787.59|1126|M5|2790.02816|2793.06644|2791.12458|1.066|-2|2789.0132|2776.88606|2774.00143|2800.82005|2798.7188|2794.45169|2801.40692|2784.3661|2798.10788|2797.80852|2806.95754|2785.42311|2783.35918|2788.93564|2800.42206|2785.64536|2792.365|2800.34|2785.78|2792.7125|1|0.3475|-0.27163|2845.83|2831.27|2816.71|2802.15|2794.87|2780.31|2773.03|2758.47|2743.91|2729.35|2756.66|2763.94|2771.22|2778.5|2807.62|2814.9|2822.18|2829.46|0.0|0.0|2799.98621|2799.59712|2786.50297|1|1770789219
1770740400|2787.63|2789.88|2776.1|2779.82|9891|M5|2788.10664|2773.9655|2783.28625|0.68196|2|2772.97892|2785.72976|2788.51248|2788.96042|2788.44233|2790.03635|2790.71122|2774.13005|2791.07368|2791.17946|2786.67167|2773.78933|2775.07754|2779.66703|2790.85643|2776.0526|2783.725|2789.88|2776.1|2783.3575|-1|0.3675|-0.80145|2834.94|2821.16|2807.38|2793.6|2786.71|2772.93|2766.04|2752.26|2738.48|2724.7|2748.54|2755.43|2762.32|2769.21|2796.77|2803.66|2810.55|2817.44|0.0|0.0|2790.27088|2790.45194|2776.11667|0|1770789219
1770740700|2782.7|2784.75|2771.16|2775.49|7028|M5|2780.41608|2771.88731|2775.1144|1.11184|-1|2770.18023|2781.06746|2774.99988|2782.97486|2789.23448|2780.99132|2785.53358|2770.51549|2782.768|2779.33541|2786.06471|2772.09418|2765.92393|2775.80343|2785.22057|2770.20265|2779.095|2784.75|2771.16|2778.525|-1|0.57|0.68846|2829.85|2816.26|2802.67|2789.08|2782.285|2768.695|2761.9|2748.31|2734.72|2721.13|2743.98|2750.775|2757.57|2764.365|2791.545|2798.34|2805.135|2811.93|0.0|2766.47119|2763.23091|2784.5883|2771.50735|1|1770789219
1770741000|2768.71|2777.0|2766.01|2776.78|2220|M5|2781.16482|2770.43972|2763.17029|2.5149|-2|2763.97073|2776.79428|2773.66621|2776.82484|2784.45095|2760.7202|2777.21471|2764.91694|2776.42633|2771.70933|2773.77086|2767.0803|2764.05717|2765.48076|2777.08692|2765.16761|2772.745|2777.0|2766.01|2772.125|-1|0.62|-1.91506|2820.74|2809.75|2798.76|2787.77|2782.275|2771.285|2765.79|2754.8|2743.81|2732.82|2744.03|2749.525|2755.02|2760.515|2782.495|2787.99|2793.485|2798.98|0.0|0.0|2788.94668|2776.6542|2766.16665|0|1770789219
1770741300|2776.91|2780.35|2773.84|2777.29|3281|M5|2782.79437|2782.82666|2773.62188|1.50488|1|2778.43293|2784.28629|2767.52148|2781.14206|2787.82645|2772.70781|2780.50363|2772.95379|2777.71175|2784.3299|2786.92444|2771.07861|2778.50429|2779.41903|2780.42961|2773.02429|2777.1|2780.35|2773.84|2777.0975|-1|0.0025|0.79325|2803.33|2796.82|2790.31|2783.8|2780.545|2774.035|2770.78|2764.27|2757.76|2751.25|2760.82|2764.075|2767.33|2770.585|2783.605|2786.86|2790.115|2793.37|0.0|0.0|2788.85277|2780.22348|2772.87748|0|1770789219
1770741600|2782.13|2784.46|2780.7|2784.19|1631|M5|2781.79159|2783.27011|2772.27775|-0.41059|0|2778.17184|2777.51613|2786.05503|2779.71989|2785.49596|2782.23835|2784.96528|2780.35514|2785.55089|2782.04122|2787.59174|2781.58661|2779.46091|2781.70224|2785.01929|2780.69112|2783.16|2784.46|2780.7|2782.87|-1|0.29|1.95398|2799.23|2795.47|2791.71|2787.95|2786.07|2782.31|2780.43|2776.67|2772.91|2769.15|2773.18|2775.06|2776.94|2778.82|2786.34|2788.22|2790.1|2791.98|2788.6743|0.0|2798.45934|2785.25025|2780.28273|0|1770789219
1770741900|2787.07|2794.44|2785.9|2789.88|9061|M5|2784.39739|2783.2923|2788.99063|1.75787|0|2790.72787|2776.54032|2793.02978|2797.03839|2804.67365|2806.54485|2794.81826|2784.02469|2793.27277|2794.00652|2800.83639|2788.63261|2785.5035|2779.15315|2795.07134|2785.20565|2788.475|2794.44|2785.9|2789.3225|1|0.8475|-1.33939|2824.04|2815.5|2806.96|2798.42|2794.15|2785.61|2781.34|2772.8|2764.26|2755.72|2768.82|2773.09|2777.36|2781.63|2798.71|2802.98|2807.25|2811.52|0.0|0.0|2801.86768|2795.1953|2785.66094|0|1770789219
1770742200|2795.97|2807.54|2794.43|2803.53|1421|M5|2800.28343|2798.67566|2814.25162|1.45031|2|2792.74204|2789.85692|2805.77966|2802.45309|2798.39488|2821.34875|2809.28557|2794.41988|2809.85715|2802.69061|2803.31786|2793.04346|2798.62162|2796.62067|2808.33913|2793.76994|2799.75|2807.54|2794.43|2800.3675|1|0.6175|-1.23385|2855.97|2842.86|2829.75|2816.64|2810.085|2796.975|2790.42|2777.31|2764.2|2751.09|2768.21|2774.765|2781.32|2787.875|2814.095|2820.65|2827.205|2833.76|0.0|0.0|2800.75328|2808.02614|2794.70248|0|1770789219
1770742500|2808.03|2817.8|2807.39|2812.99|5656|M5|2812.95233|2817.16404|2811.2509|-2.19967|-2|2806.06444|2809.41426|2820.43761|2818.15552|2827.31287|2820.89665|2818.81474|2806.15112|2815.27936|2819.5698|2811.40543|2807.00907|2808.60262|2803.05011|2818.73999|2806.83537|2810.51|2817.8|2807.39|2811.5525|1|1.0425|0.76427|2854.63|2844.22|2833.81|2823.4|2818.195|2807.785|2802.58|2792.17|2781.76|2771.35|2786.57|2791.775|2796.98|2802.185|2823.005|2828.21|2833.415|2838.62|2822.4198|0.0|2805.50178|2817.08213|2807.72327|0|1770789219
1770742800|2816.89|2822.46|2816.04|2818.19|5811|M5|2824.14587|2827.58399|2815.94172|-0.51342|-2|2819.72508|2815.42064|2818.41763|2819.41567|2816.27664|2832.23033|2822.97562|2815.1167|2823.16335|2821.13907|2822.97648|2815.70402|2810.76922|2809.17201|2822.51722|2815.4555|2817.54|2822.46|2816.04|2818.395|1|0.855|-0.2415|2843.87|2837.45|2831.03|2824.61|2821.4|2814.98|2811.77|2805.35|2798.93|2792.51|2803.2|2806.41|2809.62|2812.83|2825.67|2828.88|2832.09|2835.3|0.0|2811.57222|2832.51757|2822.05214|2816.16526|0|1770789219
1770743100|2819.9|2824.41|2812.14|2813.7|6498|M5|2820.15364|2819.76865|2809.12556|2.01777|-1|2812.2463|2802.92915|2805.65153|2826.67911|2818.11288|2830.97076|2824.63206|2811.68586|2823.17161|2823.80259|2820.36335|2809.84558|2813.35485|2804.64493|2824.94706|2811.4933|2816.8|2824.41|2812.14|2817.5375|1|0.7375|0.32602|2862.78|2850.51|2838.24|2825.97|2819.835|2807.565|2801.43|2789.16|2776.89|2764.62|2787.6|2793.735|2799.87|2806.005|2830.545|2836.68|2842.815|2848.95|0.0|2807.98316|2805.23947|2823.75744|2812.7142|0|1770789219
1770743400|2816.47|2820.63|2811.99|2816.15|5792|M5|2817.6995|2821.92813|2817.79078|-1.80449|2|2808.26946|2809.14466|2816.65059|2824.68073|2822.4157|2835.71509|2822.48401|2810.1635|2822.1914|2818.86234|2825.2752|2810.25225|2810.54827|2815.28641|2821.37301|2811.75917|2816.31|2820.63|2811.99|2816.31|-1|0.0|1.30514|2850.71|2842.07|2833.43|2824.79|2820.47|2811.83|2807.51|2798.87|2790.23|2781.59|2794.71|2799.03|2803.35|2807.67|2824.95|2829.27|2833.59|2837.91|0.0|2810.37378|2811.04868|2821.00411|2811.04765|0|1770789219
1770743700|2818.36|2828.07|2816.02|2824.6|3633|M5|2816.29306|2834.67134|2823.17049|-1.28745|-1|2814.57044|2826.73606|2808.90787|2831.31721|2825.35103|2831.36659|2828.47639|2815.65858|2830.28816|2825.80145|2827.74224|2815.31508|2816.75794|2812.87454|2828.41805|2815.06521|2821.48|2828.07|2816.02|2821.7625|1|0.2825|1.00521|2872.8|2860.75|2848.7|2836.65|2830.625|2818.575|2812.55|2800.5|2788.45|2776.4|2791.92|2797.945|2803.97|2809.995|2834.095|2840.12|2846.145|2852.17|2832.4735|0.0|2841.08788|2827.20579|2816.36103|0|1770789219
1770744000|2821.87|2828.73|2818.73|2828.6|1558|M5|2826.79214|2833.53639|2831.14968|-0.89788|1|2821.39822|2821.11244|2824.79758|2826.69758|2827.74188|2829.3091|2829.0255|2818.33196|2828.78877|2834.05079|2829.34733|2817.84995|2816.92489|2815.19095|2829.45949|2818.04858|2825.235|2828.73|2818.73|2824.4825|-1|0.7525|-1.61246|2868.6|2858.6|2848.6|2838.6|2833.6|2823.6|2818.6|2808.6|2798.6|2788.6|2798.73|2803.73|2808.73|2813.73|2833.73|2838.73|2843.73|2848.73|0.0|0.0|2839.26446|2828.64333|2819.09709|0|1770789219
1770744300|2823.27|2828.17|2811.12|2816.03|2210|M5|2814.02288|2820.90907|2816.7354|0.10895|1|2809.06326|2808.69024|2814.45916|2823.2884|2829.54217|2840.32856|2829.48544|2809.62827|2826.73076|2828.03563|2825.21568|2810.4997|2814.06174|2803.69776|2828.89199|2810.94916|2819.65|2828.17|2811.12|2819.6475|-1|0.0025|-0.1226|2884.23|2867.18|2850.13|2833.08|2824.555|2807.505|2798.98|2781.93|2764.88|2747.83|2777.02|2785.545|2794.07|2802.595|2836.695|2845.22|2853.745|2862.27|0.0|0.0|2811.44179|2827.79354|2810.7526|0|1770789219
1770744600|2814.06|2818.74|2811.41|2811.91|7814|M5|2813.94018|2802.66845|2811.19399|1.57175|-2|2807.85371|2821.17529|2797.13739|2818.29543|2824.24599|2824.35582|2819.00962|2810.84507|2817.24616|2822.76678|2818.79835|2812.3956|2806.78332|2805.51345|2819.0408|2810.54412|2812.985|2818.74|2811.41|2814.03|1|1.045|0.3199|2841.23|2833.9|2826.57|2819.24|2815.575|2808.245|2804.58|2797.25|2789.92|2782.59|2796.75|2800.415|2804.08|2807.745|2822.405|2826.07|2829.735|2833.4|0.0|0.0|2826.93662|2818.46406|2810.88915|0|1770789219
1770744900|2811.05|2816.31|2808.82|2812.16|5697|M5|2816.63028|2808.65759|2822.84604|0.75066|-1|2814.11272|2816.76433|2824.41675|2813.09493|2808.10632|2829.1129|2816.65167|2807.50564|2816.49447|2820.53496|2810.50913|2806.76121|2806.07955|2804.68871|2816.46896|2808.33956|2811.605|2816.31|2808.82|2812.085|1|0.48|1.70022|2842.12|2834.63|2827.14|2819.65|2815.905|2808.415|2804.67|2797.18|2789.69|2782.2|2793.84|2797.585|2801.33|2805.075|2820.055|2823.8|2827.545|2831.29|2821.14353|0.0|2818.24638|2816.64749|2809.39433|0|1770789219
1770745200|2813.09|2817.72|2806.0|2808.6|2838|M5|2812.98835|2804.68758|2811.7709|0.91748|-2|2806.4991|2817.0798|2793.06173|2816.33338|2824.31214|2816.35025|2818.29774|2804.09301|2817.08319|2820.70665|2818.53259|2806.69718|2806.96012|2810.75233|2817.89831|2805.83908|2810.845|2817.72|2806.0|2811.3525|1|0.5075|-0.79915|2855.48|2843.76|2832.04|2820.32|2814.46|2802.74|2796.88|2785.16|2773.44|2761.72|2782.56|2788.42|2794.28|2800.14|2823.58|2829.44|2835.3|2841.16|0.0|0.0|2821.07311|2816.94109|2806.91634|0|1770789219
1770745500|2810.9|2814.0|2801.2|2802.83|4861|M5|2804.74123|2804.80842|2798.73236|1.91517|1|2797.6657|2792.66739|2816.62445|2811.6378|2824.02064|2817.46118|2815.20102|2799.28629|2812.72908|2818.55906|2818.97223|2800.21896|2803.72823|2793.70461|2814.42612|2801.05061|2806.865|2814.0|2801.2|2807.2325|1|0.3675|1.21183|2854.03|2841.23|2828.43|2815.63|2809.23|2796.43|2790.03|2777.23|2764.43|2751.63|2775.6|2782.0|2788.4|2794.8|2820.4|2826.8|2833.2|2839.6|2818.20255|0.0|2813.79926|2813.72809|2801.24273|0|1770789219
1770745800|2800.43|2800.92|2795.98|2797.42|5069|M5|2795.11954|2804.78358|2791.12391|-0.53917|2|2797.27296|2796.08186|2794.50724|2802.64545|2797.37976|2789.77939|2802.4294|2794.69464|2803.62966|2797.17534|2802.20357|2795.61974|2797.92637|2803.54396|2801.45759|2795.80895|2798.925|2800.92|2795.98|2798.6875|-1|0.2375|0.71562|2817.18|2812.24|2807.3|2802.36|2799.89|2794.95|2792.48|2787.54|2782.6|2777.66|2786.1|2788.57|2791.04|2793.51|2803.39|2805.86|2808.33|2810.8|2802.70757|0.0|2789.94057|2801.63211|2796.80575|0|1770789219
1770746100|2799.03|2809.79|2795.61|2804.95|2599|M5|2810.33759|2795.90232|2795.99034|2.81488|2|2790.89246|2799.32016|2803.73577|2807.12358|2808.76662|2798.61412|2810.20128|2794.75844|2810.87557|2809.09883|2816.26053|2793.01386|2790.95716|2797.59005|2810.40464|2794.69159|2801.99|2809.79|2795.61|2802.345|1|0.355|0.78871|2861.67|2847.49|2833.31|2819.13|2812.04|2797.86|2790.77|2776.59|2762.41|2748.23|2767.25|2774.34|2781.43|2788.52|2816.88|2823.97|2831.06|2838.15|0.0|0.0|2797.14798|2809.7101|2795.77451|0|1770789219
1770746400|2799.59|2801.82|2787.87|2789.91|6694|M5|2789.58038|2789.18066|2791.23612|1.45069|-2|2784.83545|2776.96647|2787.64367|2801.84071|2795.96456|2793.54884|2802.87211|2787.85052|2800.5137|2800.80974|2798.32943|2788.51534|2783.67952|2788.31592|2802.32809|2787.06277|2794.75|2801.82|2787.87|2794.7975|1|0.0475|-0.39057|2845.71|2831.76|2817.81|2803.86|2796.885|2782.935|2775.96|2762.01|2748.06|2734.11|2759.97|2766.945|2773.92|2780.895|2808.795|2815.77|2822.745|2829.72|2803.97512|0.0|2776.37008|2800.94437|2788.74676|0|1770789219
1770746700|2788.53|2791.97|2783.5|2783.9|1028|M5|2788.83557|2781.57367|2781.16776|-1.75502|1|2779.91631|2793.32521|2789.56264|2789.42038|2795.57065|2798.19118|2793.95206|2782.71611|2794.46137|2788.86918|2790.11206|2784.40736|2788.5571|2781.22507|2792.72617|2782.61401|2786.215|2791.97|2783.5|2786.975|1|0.76|1.12563|2817.78|2809.31|2800.84|2792.37|2788.135|2779.665|2775.43|2766.96|2758.49|2750.02|2766.56|2770.795|2775.03|2779.265|2796.205|2800.44|2804.675|2808.91|0.0|0.0|2776.76143|2792.93063|2783.3917|1|1770789219
1770747000|2788.52|2789.07|2782.78|2786.62|1117|M5|2793.019|2795.78759|2788.90775|-0.77354|-1|2780.20863|2790.74201|2791.29996|2785.89993|2795.06162|2790.42302|2790.73657|2781.32158|2788.46671|2792.1765|2794.86739|2780.94646|2777.46852|2787.75524|2789.25325|2782.4042|2787.57|2789.07|2782.78|2786.7475|-1|0.8225|-1.21407|2811.78|2805.49|2799.2|2792.91|2789.765|2783.475|2780.33|2774.04|2767.75|2761.46|2770.2|2773.345|2776.49|2779.635|2792.215|2795.36|2798.505|2801.65|0.0|0.0|2777.43813|2789.69294|2783.50888|0|1770789219
1770747300|2788.29|2791.6|2777.66|2781.94|6963|M5|2788.47833|2785.23039|2772.09355|-0.07971|2|2781.71593|2772.46387|2775.94081|2787.26034|2787.24504|2804.36605|2792.2431|2777.19351|2790.37006|2789.26659|2790.63219|2776.67105|2777.92161|2781.12871|2791.94866|2777.15907|2785.115|2791.6|2777.66|2784.8725|-1|0.2425|1.06601|2837.7|2823.76|2809.82|2795.88|2788.91|2774.97|2768.0|2754.06|2740.12|2726.18|2749.78|2756.75|2763.72|2770.69|2798.57|2805.54|2812.51|2819.48|2796.01098|2776.93447|2768.61998|2791.40124|2777.74341|0|1770789219
1770747600|2780.86|2783.04|2769.0|2771.59|7743|M5|2770.09002|2777.10903|2771.66001|-2.27696|-2|2771.9637|2760.58075|2760.75493|2788.25366|2772.05475|2793.43592|2783.08897|2768.14469|2780.99657|2787.46111|2776.17443|2766.31696|2771.37888|2776.59418|2783.49916|2768.59451|2776.225|2783.04|2769.0|2776.1225|-1|0.1025|-1.11581|2827.75|2813.71|2799.67|2785.63|2778.61|2764.57|2757.55|2743.51|2729.47|2715.43|2740.92|2747.94|2754.96|2761.98|2790.06|2797.08|2804.1|2811.12|0.0|2768.73188|2765.30094|2782.12283|2769.01882|0|1770789219
1770747900|2778.2|2783.73|2773.27|2783.51|5425|M5|2782.72263|2781.90117|2781.329|-1.5665|2|2778.5378|2778.18175|2762.96453|2785.00023|2782.97711|2781.89389|2785.36488|2773.23088|2781.46316|2788.4076|2780.91409|2770.94833|2773.85087|2773.49469|2783.73971|2773.17942|2780.855|2783.73|2773.27|2779.6775|-1|1.1775|-0.88216|2825.35|2814.89|2804.43|2793.97|2788.74|2778.28|2773.05|2762.59|2752.13|2741.67|2752.35|2757.58|2762.81|2768.04|2788.96|2794.19|2799.42|2804.65|0.0|0.0|2779.88922|2784.27837|2774.24892|0|1770789219
1770748200|2782.24|2791.11|2781.6|2789.01|8336|M5|2790.63375|2778.60192|2776.42764|-1.94152|-2|2778.78873|2791.91643|2780.62092|2787.88749|2791.2831|2798.06621|2792.39093|2780.51033|2788.8614|2791.18798|2791.11525|2783.27044|2784.8147|2780.54635|2791.92208|2780.74812|2785.625|2791.11|2781.6|2785.99|1|0.365|1.21118|2827.05|2817.54|2808.03|2798.52|2793.765|2784.255|2779.5|2769.99|2760.48|2750.97|2762.58|2767.335|2772.09|2776.845|2795.865|2800.62|2805.375|2810.13|0.0|0.0|2779.26735|2791.66107|2780.66429|0|1770789219
1770748500|2792.23|2793.24|2787.18|2788.92|9591|M5|2786.59822|2790.75325|2795.60835|-2.27071|2|2792.38964|2784.64607|2779.15913|2788.33035|2784.12662|2789.96989|2795.13844|2786.75628|2792.10112|2793.55592|2795.82593|2789.02997|2784.3567|2779.3897|2793.49029|2786.66929|2790.575|2793.24|2787.18|2790.3925|-1|0.1825|-0.84138|2813.16|2807.1|2801.04|2794.98|2791.95|2785.89|2782.86|2776.8|2770.74|2764.68|2775.06|2778.09|2781.12|2784.15|2796.27|2799.3|2802.33|2805.36|0.0|0.0|2775.80333|2793.16476|2787.6109|0|1770789219
1770748800|2787.95|2801.01|2785.44|2796.43|8957|M5|2797.49947|2802.68721|2794.51095|-1.41437|0|2788.79526|2781.09006|2795.25893|2797.43926|2811.57351|2790.84597|2801.62726|2783.99079|2799.17194|2799.41548|2807.08087|2783.85622|2784.36113|2778.21662|2801.35781|2785.30434|2792.19|2801.01|2785.44|2792.7075|1|0.5175|-0.14681|2858.71|2843.14|2827.57|2812.0|2804.215|2788.645|2780.86|2765.29|2749.72|2734.15|2754.3|2762.085|2769.87|2777.655|2808.795|2816.58|2824.365|2832.15|0.0|0.0|2790.40494|2801.02032|2784.51641|0|1770789219
1770749100|2799.86|2810.79|2796.63|2807.1|1191|M5|2799.05338|2818.28312|2818.70869|0.30742|-2|2798.82405|2788.78216|2781.73862|2811.95905|2799.80597|2818.66384|2812.65642|2794.87277|2812.68755|2807.15758|2807.89025|2796.62638|2801.03616|2800.03155|2810.96094|2796.24884|2803.48|2810.79|2796.63|2803.595|1|0.115|-0.94497|2863.74|2849.58|2835.42|2821.26|2814.18|2800.02|2792.94|2778.78|2764.62|2750.46|2768.31|2775.39|2782.47|2789.55|2817.87|2824.95|2832.03|2839.11|0.0|0.0|2817.44855|2810.60745|2796.14704|0|1770789219
1770749400|2802.33|2804.26|2801.48|2802.43|4786|M5|2794.78493|2795.22219|2793.32003|-1.85848|-2|2803.8811|2809.33122|2799.17642|2808.15609|2805.98397|2813.37782|2806.13035|2800.51395|2805.78755|2808.17692|2803.60372|2800.60641|2805.21245|2809.51115|2805.00489|2800.66653|2802.38|2804.26|2801.48|2802.625|1|0.245|0.54922|2813.55|2810.77|2807.99|2805.21|2803.82|2801.04|2799.65|2796.87|2794.09|2791.31|2795.92|2797.31|2798.7|2800.09|2805.65|2807.04|2808.43|2809.82|2807.56424|0.0|2791.38054|2803.46949|2802.11341|0|1770789219
1770749700|2799.93|2813.33|2797.23|2808.9|7418|M5|2806.52404|2798.54575|2803.82132|-2.7789|1|2795.99783|2799.78376|2812.42315|2814.97601|2810.38958|2811.97801|2814.73739|2795.71581|2813.51031|2808.88265|2819.4912|2796.74392|2801.82436|2800.37744|2813.77871|2796.7082|2804.415|2813.33|2797.23|2804.8475|1|0.4325|0.75314|2873.3|2857.2|2841.1|2825.0|2816.95|2800.85|2792.8|2776.7|2760.6|2744.5|2765.03|2773.08|2781.13|2789.18|2821.38|2829.43|2837.48|2845.53|0.0|0.0|2824.90754|2814.24374|2797.31148|0|1770789219
1770750000|2811.39|2811.5|2806.12|2806.79|2671|M5|2801.97349|2802.05625|2800.20719|-2.87549|2|2805.3796|2797.52291|2793.42124|2812.01842|2818.14607|2809.92496|2812.39622|2804.96757|2811.21477|2807.41408|2805.11947|2808.16819|2806.79931|2812.87123|2812.38154|2805.34075|2809.09|2811.5|2806.12|2808.95|-1|0.14|-1.25056|2828.31|2822.93|2817.55|2812.17|2809.48|2804.1|2801.41|2796.03|2790.65|2785.27|2795.36|2798.05|2800.74|2803.43|2814.19|2816.88|2819.57|2822.26|0.0|0.0|2823.32117|2812.19426|2806.32971|0|1770789219
1770750300|2807.76|2811.98|2806.05|2811.11|9320|M5|2803.83599|2817.48738|2808.67893|-0.08666|0|2807.30246|2799.07046|2815.86441|2807.14608|2813.4091|2825.7312|2812.36378|2804.60395|2809.91768|2814.07853|2803.5497|2806.59749|2802.9454|2802.34208|2811.99707|2805.70328|2809.435|2811.98|2806.05|2809.225|-1|0.21|0.32972|2834.83|2828.9|2822.97|2817.04|2814.075|2808.145|2805.18|2799.25|2793.32|2787.39|2794.19|2797.155|2800.12|2803.085|2814.945|2817.91|2820.875|2823.84|0.0|0.0|2812.97092|2811.27716|2805.44357|0|1770789219
1770750600|2812.46|2815.62|2807.52|2815.33|7524|M5|2815.099|2813.87867|2823.61215|-1.9997|-2|2802.18974|2798.29919|2801.08905|2818.08002|2821.6777|2802.01032|2815.85666|2806.23356|2817.45672|2819.18813|2822.04649|2805.07885|2802.7179|2808.45628|2816.5063|2807.25757|2813.895|2815.62|2807.52|2812.7325|-1|1.1625|1.83279|2847.73|2839.63|2831.53|2823.43|2819.38|2811.28|2807.23|2799.13|2791.03|2782.93|2791.32|2795.37|2799.42|2803.47|2819.67|2823.72|2827.77|2831.82|0.0|0.0|2818.95918|2816.07406|2807.88031|0|1770789219
1770750900|2817.17|2822.16|2810.72|2814.68|9499|M5|2808.11755|2817.49381|2801.52933|-0.06812|1|2811.0153|2801.64951|2821.52269|2819.69031|2814.03131|2829.27781|2823.22433|2810.48539|2824.81448|2818.44736|2825.99281|2813.24912|2808.6605|2806.54489|2822.74939|2810.58056|2815.925|2822.16|2810.72|2816.1825|1|0.2575|-0.80254|2860.44|2849.0|2837.56|2826.12|2820.4|2808.96|2803.24|2791.8|2780.36|2768.92|2787.84|2793.56|2799.28|2805.0|2827.88|2833.6|2839.32|2845.04|0.0|2810.60035|2814.89771|2823.04664|2811.63689|0|1770789219
1770751200|2820.69|2821.2|2818.37|2819.77|3314|M5|2822.7481|2825.37869|2813.15159|-1.03421|1|2813.21811|2810.89635|2818.35792|2815.58769|2811.97091|2809.36962|2821.93405|2817.60916|2821.66062|2823.66089|2826.66249|2818.6146|2823.39313|2821.43765|2821.30994|2817.77865|2820.23|2821.2|2818.37|2820.0075|-1|0.2225|-0.20693|2831.09|2828.26|2825.43|2822.6|2821.185|2818.355|2816.94|2814.11|2811.28|2808.45|2812.71|2814.125|2815.54|2816.955|2822.615|2824.03|2825.445|2826.86|2824.1897|0.0|2804.22679|2821.32417|2818.87925|1|1770789219
1770751500|2819.28|2825.84|2818.06|2823.53|6056|M5|2818.7713|2819.67278|2825.65115|-1.6758|0|2818.29865|2819.62613|2803.38755|2821.49132|2830.64945|2836.67415|2827.25952|2817.57435|2827.23841|2826.91986|2823.27439|2820.12883|2812.80885|2809.64711|2826.80884|2817.97076|2821.405|2825.84|2818.06|2821.6775|1|0.2725|-0.369|2854.65|2846.87|2839.09|2831.31|2827.42|2819.64|2815.75|2807.97|2800.19|2792.41|2802.5|2806.39|2810.28|2814.17|2829.73|2833.62|2837.51|2841.4|2828.02473|2817.49141|2820.97164|2826.4089|2817.31896|0|1770789219
1770751800|2825.8|2825.93|2817.64|2822.56|7842|M5|2827.65847|2817.07219|2823.00447|-0.92181|2|2813.99817|2827.07351|2833.76674|2827.07516|2834.71617|2829.36047|2826.70764|2816.86498|2826.49936|2826.30527|2825.2613|2815.01266|2813.32899|2823.85798|2826.18831|2817.5329|2824.18|2825.93|2817.64|2822.9825|-1|1.1975|1.26047|2855.72|2847.43|2839.14|2830.85|2826.705|2818.415|2814.27|2805.98|2797.69|2789.4|2801.06|2805.205|2809.35|2813.495|2830.075|2834.22|2838.365|2842.51|2827.93632|0.0|2809.85904|2826.0881|2818.62703|0|1770789219
1770752100|2825.22|2831.75|2821.01|2831.51|2730|M5|2830.82243|2832.37268|2844.59567|1.01718|1|2823.36071|2815.93289|2820.45936|2835.79212|2831.65791|2838.15527|2831.88557|2820.20494|2830.94144|2829.78277|2836.02556|2822.26771|2817.86753|2822.01926|2831.84708|2820.04336|2828.365|2831.75|2821.01|2827.3725|-1|0.9925|1.85004|2874.47|2863.73|2852.99|2842.25|2836.88|2826.14|2820.77|2810.03|2799.29|2788.55|2799.53|2804.9|2810.27|2815.64|2837.12|2842.49|2847.86|2853.23|2835.27019|0.0|2819.80356|2832.608|2821.23843|0|1770789219
1770752400|2829.97|2833.37|2825.34|2827.68|7430|M5|2821.66222|2825.98355|2827.96978|1.25399|0|2820.53639|2833.50462|2836.35332|2831.44499|2838.26802|2836.05971|2833.74586|2823.96212|2830.85168|2834.85332|2831.66466|2822.72456|2824.98089|2821.25541|2834.29476|2824.3423|2828.825|2833.37|2825.34|2829.09|1|0.265|-1.88062|2859.8|2851.77|2843.74|2835.71|2831.695|2823.665|2819.65|2811.62|2803.59|2795.56|2809.28|2813.295|2817.31|2821.325|2837.385|2841.4|2845.415|2849.43|0.0|0.0|2832.43805|2833.67369|2826.07654|0|1770789219
1770752700|2824.58|2836.1|2822.32|2834.3|6922|M5|2841.60614|2830.13453|2837.94027|0.36993|0|2820.26382|2820.00194|2826.82462|2838.61024|2837.55998|2820.57274|2837.62379|2820.78328|2835.91088|2839.38209|2842.48801|2819.98224|2823.33874|2828.72975|2836.40168|2821.67469|2829.44|2836.1|2822.32|2829.325|-1|0.115|0.2891|2889.42|2875.64|2861.86|2848.08|2841.19|2827.41|2820.52|2806.74|2792.96|2779.18|2794.76|2801.65|2808.54|2815.43|2842.99|2849.88|2856.77|2863.66|0.0|2818.46165|2837.61792|2836.49644|2823.305|0|1770789219
1770753000|2833.94|2837.04|2821.78|2826.1|7081|M5|2833.23943|2816.5824|2833.46187|1.47837|0|2826.77324|2832.46854|2814.02126|2835.5195|2846.09373|2850.27405|2838.02474|2820.63177|2839.52504|2841.87932|2839.95671|2819.07746|2826.94528|2814.54862|2837.47064|2820.80718|2830.02|2837.04|2821.78|2829.715|-1|0.305|-0.03021|2887.14|2871.88|2856.62|2841.36|2833.73|2818.47|2810.84|2795.58|2780.32|2765.06|2791.26|2798.89|2806.52|2814.15|2844.67|2852.3|2859.93|2867.56|0.0|0.0|2826.38899|2837.39412|2822.21163|0|1770789219
1770753300|2824.4|2828.16|2820.1|2825.87|5524|M5|2831.84059|2822.54325|2823.7515|0.18411|1|2822.41313|2820.00912|2807.5758|2823.33155|2839.07147|2831.0821|2829.89691|2818.19685|2829.7751|2830.99474|2822.21892|2822.73174|2824.29871|2819.38449|2828.56571|2819.25792|2825.135|2828.16|2820.1|2824.6325|-1|0.5025|-0.13057|2858.11|2850.05|2841.99|2833.93|2829.9|2821.84|2817.81|2809.75|2801.69|2793.63|2803.98|2808.01|2812.04|2816.07|2832.19|2836.22|2840.25|2844.28|0.0|0.0|2828.95753|2827.88824|2820.86816|0|1770789219
1770753600|2822.78|2825.48|2812.99|2815.01|4451|M5|2812.98362|2808.61412|2815.47988|-2.49951|0|2817.05547|2803.05266|2818.36206|2823.39896|2821.85643|2812.47011|2826.81887|2811.66816|2827.66101|2821.14987|2820.36536|2812.76136|2813.55769|2816.91672|2826.16094|2812.56927|2818.895|2825.48|2812.99|2819.065|1|0.17|-0.56434|2864.97|2852.48|2839.99|2827.5|2821.255|2808.765|2802.52|2790.03|2777.54|2765.05|2788.01|2794.255|2800.5|2806.745|2831.725|2837.97|2844.215|2850.46|0.0|2812.92327|2809.05824|2826.43152|2812.81646|0|1770789219
1770753900|2811.65|2814.01|2803.73|2805.24|7845|M5|2810.47916|2815.43268|2797.97306|-2.72907|1|2805.90015|2814.35915|2791.22632|2818.85309|2819.16574|2825.34944|2815.23287|2802.42497|2816.57818|2817.83195|2805.7419|2802.28228|2804.04946|2808.14459|2814.2337|2802.80883|2808.445|2814.01|2803.73|2808.6575|1|0.2125|-0.29333|2846.36|2836.08|2825.8|2815.52|2810.38|2800.1|2794.96|2784.68|2774.4|2764.12|2783.17|2788.31|2793.45|2798.59|2819.15|2824.29|2829.43|2834.57|0.0|0.0|2797.94869|2813.65325|2804.22723|0|1770789219
1770754200|2808.02|2809.87|2804.99|2807.52|1415|M5|2807.37546|2813.21997|2801.11219|1.89358|-1|2801.49149|2803.48307|2817.94419|2813.84732|2800.05657|2817.46744|2810.19245|2804.22093|2812.07616|2810.05354|2810.34804|2804.09519|2807.15907|2800.3681|2810.17313|2804.19013|2807.77|2809.87|2804.99|2807.6|-1|0.17|-0.05459|2827.04|2822.16|2817.28|2812.4|2809.96|2805.08|2802.64|2797.76|2792.88|2788.0|2795.23|2797.67|2800.11|2802.55|2812.31|2814.75|2817.19|2819.63|0.0|0.0|2816.60283|2809.63815|2805.45044|0|1770789219
1770754500|2802.6|2803.63|2793.37|2793.59|3299|M5|2800.55197|2796.68882|2799.52128|-0.70338|-2|2792.33207|2795.07905|2803.22249|2806.40459|2801.92213|2787.10323|2804.59522|2793.34107|2802.40144|2803.29297|2801.11377|2794.83927|2791.37402|2786.95162|2803.84496|2792.41849|2798.095|2803.63|2793.37|2798.2975|1|0.2025|-0.20442|2834.63|2824.37|2814.11|2803.85|2798.72|2788.46|2783.33|2773.07|2762.81|2752.55|2772.85|2777.98|2783.11|2788.24|2808.76|2813.89|2819.02|2824.15|0.0|2791.94176|2792.66741|2803.91429|2793.71124|0|1770789219
1770754800|2791.96|2795.19|2781.22|2783.69|8785|M5|2783.08357|2789.11647|2780.53575|-2.88144|-1|2782.68297|2773.98803|2772.28661|2800.46712|2799.15634|2784.51131|2796.13693|2781.10171|2796.75566|2794.41331|2802.24923|2778.82052|2777.39665|2783.33717|2795.84723|2780.83279|2787.825|2795.19|2781.22|2788.015|1|0.19|1.67621|2839.57|2825.6|2811.63|2797.66|2790.675|2776.705|2769.72|2755.75|2741.78|2727.81|2753.28|2760.265|2767.25|2774.235|2802.175|2809.16|2816.145|2823.13|0.0|2779.96445|2778.68877|2795.67253|2781.8982|0|1770789219
1770755100|2780.26|2784.42|2776.37|2779.15|9887|M5|2782.9128|2786.08722|2767.11809|-1.11321|-2|2778.50047|2785.62564|2787.18502|2780.69871|2795.275|2797.11211|2784.62406|2775.22786|2786.54097|2786.3125|2781.9915|2777.57494|2772.5264|2772.75665|2785.03295|2776.21837|2779.705|2784.42|2776.37|2780.05|1|0.345|-1.27918|2811.35|2803.3|2795.25|2787.2|2783.175|2775.125|2771.1|2763.05|2755.0|2746.95|2760.27|2764.295|2768.32|2772.345|2788.445|2792.47|2796.495|2800.52|0.0|0.0|2779.44859|2783.70287|2776.87358|1|1770789219
1770755400|2785.41|2787.01|2776.37|2781.26|5600|M5|2785.50887|2782.5734|2773.37021|1.6697|-2|2777.08218|2775.15191|2782.01312|2784.87402|2787.37565|2783.17785|2788.96346|2775.12006|2789.09452|2785.0604|2788.78516|2776.47826|2781.89055|2783.3032|2787.75213|2776.28308|2783.335|2787.01|2776.37|2782.5125|-1|0.8225|0.34735|2823.82|2813.18|2802.54|2791.9|2786.58|2775.94|2770.62|2759.98|2749.34|2738.7|2755.09|2760.41|2765.73|2771.05|2792.33|2797.65|2802.97|2808.29|2791.11796|0.0|2775.58726|2787.71132|2777.34244|0|1770789219
1770755700|2775.5|2779.5|2762.82|2766.53|9647|M5|2765.83204|2766.00204|2775.88135|-0.29814|2|2766.91383|2757.22337|2773.82242|2780.82372|2769.45095|2771.11441|2779.89408|2762.78682|2778.66631|2775.57451|2784.19342|2760.27861|2763.74641|2756.88278|2779.70768|2761.90818|2771.015|2779.5|2762.82|2771.0875|1|0.0725|1.15523|2833.25|2816.57|2799.89|2783.21|2774.87|2758.19|2749.85|2733.17|2716.49|2699.81|2729.46|2737.8|2746.14|2754.48|2787.84|2796.18|2804.52|2812.86|0.0|0.0|2777.89993|2779.54395|2763.32104|0|1770789219
1770756000|2760.89|2771.74|2755.96|2768.89|7845|M5|2772.29083|2759.95515|2770.98074|-2.55487|1|2759.10038|2765.59455|2760.36783|2768.0924|2777.60443|2778.36374|2772.90928|2755.34462|2771.2415|2775.00349|2777.96404|2758.58201|2758.38859|2764.17758|2771.81022|2755.63628|2764.89|2771.74|2755.96|2764.37|-1|0.52|-0.40009|2832.01|2816.23|2800.45|2784.67|2776.78|2761.0|2753.11|2737.33|2721.55|2705.77|2724.4|2732.29|2740.18|2748.07|2779.63|2787.52|2795.41|2803.3|2773.03378|0.0|2759.37212|2771.51026|2755.21198|1|1770789219
1770756300|2767.64|2768.74|2760.18|2762.36|2061|M5|2758.48833|2761.01407|2751.44858|1.87658|2|2762.20247|2766.14724|2776.44086|2769.18883|2763.79772|2781.78442|2769.71235|2758.61572|2769.41914|2769.82051|2774.05813|2758.86014|2760.36501|2764.47912|2769.06171|2759.82455|2765.0|2768.74|2760.18|2764.73|-1|0.27|0.33926|2796.6|2788.04|2779.48|2770.92|2766.64|2758.08|2753.8|2745.24|2736.68|2728.12|2743.06|2747.34|2751.62|2755.9|2773.02|2777.3|2781.58|2785.86|0.0|0.0|2767.49807|2769.35048|2761.14336|0|1770789219
1770756600|2760.45|2764.92|2751.66|2753.58|5487|M5|2761.17242|2761.20443|2739.99772|-1.17219|-2|2750.88819|2747.97225|2754.35313|2765.67151|2773.29191|2773.72951|2764.96989|2750.19004|2767.313|2762.54012|2757.2962|2752.59452|2756.57852|2748.30316|2765.65855|2751.64365|2757.015|2764.92|2751.66|2757.6525|1|0.6375|1.72004|2806.62|2793.36|2780.1|2766.84|2760.21|2746.95|2740.32|2727.06|2713.8|2700.54|2725.14|2731.77|2738.4|2745.03|2771.55|2778.18|2784.81|2791.44|2766.83637|0.0|2741.06806|2764.8097|2750.99621|0|1770789219
1770756900|2755.03|2763.2|2750.81|2762.49|9436|M5|2767.50842|2756.98623|2770.30642|2.6246|2|2746.5048|2753.8881|2738.84168|2764.38889|2764.99957|2764.67035|2764.33152|2748.93251|2761.74119|2765.05325|2762.81773|2753.53573|2748.77176|2748.1285|2764.00493|2750.48396|2758.76|2763.2|2750.81|2757.8825|-1|0.8775|-1.98331|2812.05|2799.66|2787.27|2774.88|2768.685|2756.295|2750.1|2737.71|2725.32|2712.93|2726.03|2732.225|2738.42|2744.615|2769.395|2775.59|2781.785|2787.98|0.0|0.0|2777.48583|2762.73657|2749.85246|0|1770789219
1770757200|2764.74|2767.15|2764.14|2766.46|6205|M5|2764.88157|2765.35603|2759.99433|-2.67786|0|2768.34854|2770.02054|2761.1475|2764.70146|2776.62286|2772.4776|2768.93131|2763.06938|2768.37399|2768.87615|2771.96581|2763.22182|2759.91155|2760.63442|2767.17027|2763.24859|2765.6|2767.15|2764.14|2765.6225|1|0.0225|0.67862|2778.5|2775.49|2772.48|2769.47|2767.965|2764.955|2763.45|2760.44|2757.43|2754.42|2758.12|2759.625|2761.13|2762.635|2768.655|2770.16|2771.665|2773.17|0.0|0.0|2760.47073|2766.7184|2765.05117|1|1770789219
1770757500|2764.57|2764.96|2763.12|2763.79|3469|M5|2760.66018|2769.0329|2754.31712|0.35114|-1|2767.53451|2762.45552|2749.14499|2768.60304|2771.74503|2751.28547|2766.10043|2761.92374|2765.15102|2764.50742|2769.98638|2761.56408|2765.46776|2763.38326|2765.83575|2762.41259|2764.18|2764.96|2763.12|2764.11|-1|0.07|-0.41811|2771.15|2769.31|2767.47|2765.63|2764.71|2762.87|2761.95|2760.11|2758.27|2756.43|2759.44|2760.36|2761.28|2762.2|2765.88|2766.8|2767.72|2768.64|0.0|0.0|2774.93261|2764.61383|2763.93677|0|1770789219
1770757800|2762.48|2764.81|2761.21|2764.6|9631|M5|2768.38721|2767.44774|2751.58099|-0.80309|-2|2764.3935|2762.90995|2745.66595|2769.96973|2756.64143|2763.18122|2765.77134|2760.15917|2767.01919|2761.04463|2767.97932|2763.70824|2762.45609|2768.25759|2765.29643|2760.73359|2763.54|2764.81|2761.21|2763.275|-1|0.265|-0.57813|2779.0|2775.4|2771.8|2768.2|2766.4|2762.8|2761.0|2757.4|2753.8|2750.2|2754.01|2755.81|2757.61|2759.41|2766.61|2768.41|2770.21|2772.01|2767.1702|0.0|2762.65653|2764.27484|2762.17679|0|1770789219
1770758100|2767.14|2775.52|2765.21|2775.14|8377|M5|2769.5271|2770.82725|2775.65668|-2.18515|-2|2764.02588|2759.13321|2749.29601|2780.16546|2771.02371|2777.91722|2776.76696|2763.52689|2772.8647|2770.99045|2775.26991|2767.8093|2768.00609|2757.27965|2775.76068|2765.05816|2771.14|2775.52|2765.21|2770.7525|-1|0.3875|1.22193|2816.38|2806.07|2795.76|2785.45|2780.295|2769.985|2764.83|2754.52|2744.21|2733.9|2744.59|2749.745|2754.9|2760.055|2780.675|2785.83|2790.985|2796.14|2778.11541|0.0|2766.78693|2775.69501|2764.70284|0|1770789219
1770758400|2772.76|2776.67|2767.18|2770.12|7154|M5|2765.19366|2774.26532|2762.35726|2.74921|2|2762.49865|2764.23161|2778.63422|2776.61902|2782.7529|2783.06238|2777.8647|2766.21027|2776.63597|2779.02067|2778.74448|2766.87778|2768.99427|2761.28355|2777.31944|2766.37338|2771.44|2776.67|2767.18|2771.6825|1|0.2425|1.55067|2808.08|2798.59|2789.1|2779.61|2774.865|2765.375|2760.63|2751.14|2741.65|2732.16|2748.2|2752.945|2757.69|2762.435|2781.415|2786.16|2790.905|2795.65|2778.24905|0.0|2764.22998|2777.30462|2767.1776|0|1770789219
1770758700|2776.09|2779.94|2768.11|2771.78|7166|M5|2771.57303|2780.48697|2760.99981|-1.36804|-1|2769.38839|2765.82513|2772.62966|2782.52883|2781.22448|2786.10159|2780.34735|2766.94808|2782.06941|2783.38798|2780.00678|2769.72156|2768.93446|2775.28256|2780.1803|2767.95788|2773.935|2779.94|2768.11|2773.98|1|0.045|-0.44929|2819.1|2807.27|2795.44|2783.61|2777.695|2765.865|2759.95|2748.12|2736.29|2724.46|2744.45|2750.365|2756.28|2762.195|2785.855|2791.77|2797.685|2803.6|0.0|0.0|2782.16175|2779.68431|2767.90277|1|1770789219
1770759000|2767.99|2768.13|2765.09|2765.95|1533|M5|2757.98594|2762.59283|2753.60926|0.18674|-1|2769.82505|2766.00009|2779.67177|2764.58789|2777.99305|2759.19344|2768.94912|2764.32031|2768.4083|2772.57084|2761.39708|2767.67114|2761.34604|2769.74257|2768.9668|2764.55408|2766.97|2768.13|2765.09|2766.79|-1|0.18|-0.99525|2778.11|2775.07|2772.03|2768.99|2767.47|2764.43|2762.91|2759.87|2756.83|2753.79|2759.01|2760.53|2762.05|2763.57|2769.65|2771.17|2772.69|2774.21|0.0|2761.56843|2765.7658|2768.55793|2765.79004|1|1770789219
1770759300|2766.1|2767.7|2756.81|2757.13|5093|M5|2762.86226|2763.72929|2744.11484|2.91329|-1|2760.33301|2766.55665|2769.86575|2766.83365|2763.12452|2763.83885|2768.5544|2755.61298|2765.59061|2772.67414|2760.15322|2758.35978|2761.57565|2750.7572|2767.9684|2756.41503|2761.615|2767.7|2756.81|2761.935|1|0.32|0.15158|2800.69|2789.8|2778.91|2768.02|2762.575|2751.685|2746.24|2735.35|2724.46|2713.57|2735.03|2740.475|2745.92|2751.365|2773.145|2778.59|2784.035|2789.48|2771.83456|0.0|2741.33566|2768.49215|2757.25624|1|1770789219
1770759600|2753.3|2758.28|2743.57|2747.88|4791|M5|2742.81611|2747.0875|2747.93672|-0.22909|1|2742.02838|2733.15586|2734.75405|2762.85961|2764.25846|2748.21032|2759.675|2743.36191|2757.28933|2755.71891|2762.14006|2745.63152|2739.91063|2749.03141|2759.16702|2742.76701|2750.59|2758.28|2743.57|2750.7575|1|0.1675|1.29711|2806.72|2792.01|2777.3|2762.59|2755.235|2740.525|2733.17|2718.46|2703.75|2689.04|2714.15|2721.505|2728.86|2736.215|2765.635|2772.99|2780.345|2787.7|0.0|0.0|2735.56467|2757.45433|2743.43536|0|1770789219
1770759900|2751.66|2752.09|2739.94|2744.79|2431|M5|2741.76541|2743.04301|2731.17364|1.9083|0|2744.32108|2740.15409|2726.12859|2756.60023|2743.66981|2739.23388|2753.16122|2738.89501|2753.68381|2756.69055|2744.94481|2739.20262|2743.12618|2740.52733|2752.98625|2739.19283|2748.225|2752.09|2739.94|2747.12|-1|1.105|-0.07829|2793.39|2781.24|2769.09|2756.94|2750.865|2738.715|2732.64|2720.49|2708.34|2696.19|2715.64|2721.715|2727.79|2733.865|2758.165|2764.24|2770.315|2776.39|0.0|2738.4683|2739.84462|2752.97162|2739.93727|0|1770789219
1770760200|2745.1|2746.5|2737.36|2741.91|9316|M5|2745.10471|2739.70581|2729.61612|0.07832|-1|2736.3056|2738.58942|2726.51389|2741.44738|2753.09635|2753.3574|2747.42381|2736.53609|2746.95461|2741.79453|2738.36747|2738.02241|2736.0836|2738.0628|2746.95223|2736.45428|2743.505|2746.5|2737.36|2742.7175|-1|0.7875|-0.36291|2778.47|2769.33|2760.19|2751.05|2746.48|2737.34|2732.77|2723.63|2714.49|2705.35|2719.08|2723.65|2728.22|2732.79|2751.07|2755.64|2760.21|2764.78|0.0|0.0|2739.94952|2747.02026|2737.99992|0|1770789219
1770760500|2743.67|2748.02|2735.04|2736.31|5820|M5|2739.0465|2731.42638|2726.53239|0.27094|-2|2739.83355|2735.75421|2743.88287|2750.70274|2758.78167|2738.71564|2748.91798|2734.59466|2746.08602|2750.75787|2752.67182|2737.3796|2735.45035|2728.83533|2748.61854|2734.1013|2739.99|2748.02|2735.04|2740.76|1|0.77|1.67879|2788.23|2775.25|2762.27|2749.29|2742.8|2729.82|2723.33|2710.35|2697.37|2684.39|2709.08|2715.57|2722.06|2728.55|2754.51|2761.0|2767.49|2773.98|0.0|2732.82437|2720.57334|2747.30706|2734.6493|0|1770789219
1770760800|2731.47|2732.89|2718.09|2722.82|2042|M5|2715.47616|2733.2155|2713.35516|-1.8937|1|2715.0812|2723.68674|2711.30603|2730.72708|2727.02852|2735.47804|2733.59468|2717.22164|2734.6011|2730.49057|2732.26863|2719.05077|2719.64852|2711.44348|2733.61375|2718.08199|2727.145|2732.89|2718.09|2726.3175|-1|0.8275|1.95321|2782.02|2767.22|2752.42|2737.62|2730.22|2715.42|2708.02|2693.22|2678.42|2663.62|2688.49|2695.89|2703.29|2710.69|2740.29|2747.69|2755.09|2762.49|2733.30591|0.0|2736.31244|2732.25885|2718.2168|0|1770789219
1770761100|2722.47|2723.05|2713.89|2717.31|4553|M5|2722.69745|2723.75564|2720.01769|2.32432|-1|2714.04815|2722.84281|2721.6768|2721.81969|2732.94128|2721.86518|2723.29047|2712.72243|2722.02582|2722.63378|2730.8693|2716.30285|2714.59824|2708.29432|2723.44917|2713.17743|2719.89|2723.05|2713.89|2719.18|-1|0.71|1.10133|2753.95|2744.79|2735.63|2726.47|2721.89|2712.73|2708.15|2698.99|2689.83|2680.67|2695.57|2700.15|2704.73|2709.31|2727.63|2732.21|2736.79|2741.37|0.0|0.0|2724.89657|2722.24055|2712.9863|0|1770789219
1770761400|2711.52|2714.44|2707.11|2707.36|6143|M5|2710.36295|2710.5388|2695.06267|1.76588|0|2710.08004|2710.2776|2722.72248|2710.20914|2709.51816|2702.5424|2714.78207|2705.11063|2714.86421|2709.38163|2720.84949|2706.64494|2709.55185|2703.88713|2714.67569|2706.40938|2709.44|2714.44|2707.11|2710.1075|1|0.6675|-1.54964|2736.68|2729.35|2722.02|2714.69|2711.025|2703.695|2700.03|2692.7|2685.37|2678.04|2692.45|2696.115|2699.78|2703.445|2718.105|2721.77|2725.435|2729.1|2718.47623|0.0|2698.03713|2713.59802|2706.20951|0|1770789219
1770761700|2710.01|2715.34|2707.98|2710.56|1539|M5|2705.42993|2714.63056|2706.70664|1.22724|2|2709.07434|2715.86082|2699.99822|2717.26082|2714.59147|2714.40281|2715.65804|2707.31227|2714.51407|2716.71204|2722.41066|2706.8512|2709.77104|2713.24766|2715.60027|2707.40495|2710.285|2715.34|2707.98|2710.9725|1|0.6875|-0.95537|2740.0|2732.64|2725.28|2717.92|2714.24|2706.88|2703.2|2695.84|2688.48|2681.12|2693.26|2696.94|2700.62|2704.3|2719.02|2722.7|2726.38|2730.06|0.0|0.0|2714.34278|2714.64091|2707.41111|0|1770789219
1770762000|2710.88|2713.73|2707.86|2709.14|5427|M5|2703.04978|2704.1077|2703.43174|0.73342|1|2713.2288|2700.86397|2701.96199|2717.45489|2713.79051|2723.14065|2715.39939|2706.543|2714.81962|2712.3286|2709.54742|2709.50362|2705.29755|2705.74915|2714.71496|2707.46312|2710.01|2713.73|2707.86|2710.4025|1|0.3925|0.31436|2732.62|2726.75|2720.88|2715.01|2712.075|2706.205|2703.27|2697.4|2691.53|2685.66|2696.12|2699.055|2701.99|2704.925|2716.665|2719.6|2722.535|2725.47|2717.61652|2704.004|2719.64887|2714.21185|2708.57978|1|1770789219
1770762300|2705.66|2706.39|2702.05|2702.51|1532|M5|2706.19072|2713.07383|2706.83673|2.86053|-1|2703.22087|2704.20269|2698.54638|2704.55754|2710.18859|2721.03684|2706.4398|2701.6987|2707.14253|2702.81218|2711.20991|2702.64262|2707.15034|2707.96568|2707.08381|2702.03061|2704.085|2706.39|2702.05|2704.1525|1|0.0675|-1.85884|2719.87|2715.53|2711.19|2706.85|2704.68|2700.34|2698.17|2693.83|2689.49|2685.15|2693.37|2695.54|2697.71|2699.88|2708.56|2710.73|2712.9|2715.07|0.0|0.0|2698.14053|2706.12655|2701.77129|0|1770789219
1770762600|2704.9|2706.4|2695.6|2697.6|2374|M5|2696.68712|2701.05146|2694.7341|0.86498|1|2692.0151|2689.02867|2684.59159|2711.30502|2700.2578|2709.65483|2707.27712|2695.33121|2706.68542|2704.65922|2703.61337|2696.07096|2695.36696|2693.38734|2706.50368|2695.43749|2701.25|2706.4|2695.6|2701.125|-1|0.125|-1.92054|2740.8|2730.0|2719.2|2708.4|2703.0|2692.2|2686.8|2676.0|2665.2|2654.4|2674.0|2679.4|2684.8|2690.2|2711.8|2717.2|2722.6|2728.0|0.0|2692.54674|2701.29293|2706.9711|2694.84149|0|1770789219
1770762900|2699.91|2700.15|2694.34|2698.53|1678|M5|2697.08279|2692.10791|2703.8534|-0.08634|0|2691.11701|2688.30151|2701.59134|2695.61726|2690.61804|2690.89656|2700.81974|2693.97264|2701.48028|2700.4049|2701.74396|2694.55542|2691.01577|2691.9276|2701.11153|2694.04293|2699.22|2700.15|2694.34|2698.2325|-1|0.9875|0.55933|2721.77|2715.96|2710.15|2704.34|2701.435|2695.625|2692.72|2686.91|2681.1|2675.29|2682.72|2685.625|2688.53|2691.435|2703.055|2705.96|2708.865|2711.77|0.0|0.0|2705.77905|2700.83624|2693.93019|0|1770789219
1770763200|2699.37|2707.3|2694.47|2704.55|2313|M5|2711.61793|2703.33639|2703.78869|2.23279|0|2691.57728|2684.34195|2686.39087|2705.57101|2699.78719|2693.18459|2708.60938|2694.34516|2706.61791|2705.35892|2702.04298|2695.94682|2697.69299|2696.43353|2708.12097|2693.93873|2701.96|2707.3|2694.47|2701.4225|-1|0.5375|-0.44641|2755.87|2743.04|2730.21|2717.38|2710.965|2698.135|2691.72|2678.89|2666.06|2653.23|2668.81|2675.225|2681.64|2688.055|2713.715|2720.13|2726.545|2732.96|2709.68983|2693.53719|2692.1251|2706.36997|2693.89499|0|1770789219
1770763500|2701.67|2701.73|2690.82|2694.3|8774|M5|2701.16142|2685.61417|2682.90151|-2.36456|-2|2685.72095|2695.79144|2683.17026|2700.20836|2701.90166|2710.03726|2702.46673|2690.68186|2703.34263|2697.93238|2699.19458|2689.25427|2694.37542|2695.26461|2701.75358|2690.12957|2697.985|2701.73|2690.82|2697.13|-1|0.855|0.90066|2737.94|2727.03|2716.12|2705.21|2699.755|2688.845|2683.39|2672.48|2661.57|2650.66|2669.0|2674.455|2679.91|2685.365|2707.185|2712.64|2718.095|2723.55|2704.62098|0.0|2703.3433|2702.62632|2691.3248|0|1770789219
1770763800|2691.91|2692.67|2685.03|2688.04|7234|M5|2680.673|2696.89772|2691.49373|1.66283|0|2683.39712|2694.15717|2695.4865|2692.50696|2699.62527|2685.47559|2693.53673|2683.38202|2693.55388|2688.85411|2687.79396|2686.14619|2681.20998|2686.70942|2692.90806|2684.75442|2689.975|2692.67|2685.03|2689.4125|-1|0.5625|1.12016|2718.6|2710.96|2703.32|2695.68|2691.86|2684.22|2680.4|2672.76|2665.12|2657.48|2669.75|2673.57|2677.39|2681.21|2696.49|2700.31|2704.13|2707.95|2695.22505|0.0|2699.04412|2692.57416|2685.3416|0|1770789219
1770764100|2692.59|2704.96|2690.82|2702.35|2179|M5|2709.6863|2694.32916|2712.93691|-2.51136|1|2695.57102|2686.6685|2706.69556|2707.51599|2705.05804|2717.29145|2706.64691|2689.29506|2703.99001|2699.88957|2708.90614|2691.36925|2691.51889|2692.24018|2705.16516|2690.09649|2697.47|2704.96|2690.82|2697.68|1|0.21|-0.7086|2758.91|2744.77|2730.63|2716.49|2709.42|2695.28|2688.21|2674.07|2659.93|2645.79|2662.54|2669.61|2676.68|2683.75|2712.03|2719.1|2726.17|2733.24|0.0|0.0|2697.69758|2704.91254|2690.36075|0|1770789219
1770764400|2706.27|2716.85|2702.83|2713.73|5171|M5|2709.10188|2722.64656|2716.32634|0.74615|0|2704.41346|2711.91286|2693.22279|2719.45309|2716.47979|2716.85762|2717.57299|2701.54453|2714.17551|2712.68164|2712.82788|2700.83924|2698.5467|2706.86724|2717.36776|2702.11534|2710.0|2716.85|2702.83|2709.92|-1|0.08|-1.98896|2769.81|2755.79|2741.77|2727.75|2720.74|2706.72|2699.71|2685.69|2671.67|2657.65|2674.79|2681.8|2688.81|2695.82|2723.86|2730.87|2737.88|2744.89|2719.28754|2699.8834|2723.64272|2715.92627|2701.94063|0|1770789219
1770764700|2711.24|2715.86|2710.09|2713.75|6603|M5|2706.0455|2719.92374|2701.35171|-1.89232|-1|2710.66442|2718.01185|2698.41681|2713.70425|2720.01625|2707.53704|2716.53267|2709.5232|2714.59615|2712.95813|2717.75344|2707.94853|2713.63764|2710.849|2715.9113|2709.93458|2712.495|2715.86|2710.09|2712.735|1|0.24|-1.31052|2736.83|2731.06|2725.29|2719.52|2716.635|2710.865|2707.98|2702.21|2696.44|2690.67|2698.55|2701.435|2704.32|2707.205|2718.745|2721.63|2724.515|2727.4|0.0|0.0|2706.66108|2715.51831|2711.05618|0|1770789219
1770765000|2715.32|2728.06|2712.17|2723.77|4552|M5|2717.9255|2717.71826|2717.93519|1.47222|2|2716.07339|2701.98158|2723.26855|2728.71802|2727.51709|2725.34235|2728.61694|2711.02437|2725.86944|2726.03199|2734.18|2710.72793|2708.13313|2706.45752|2728.53582|2711.36669|2719.545|2728.06|2712.17|2719.83|1|0.285|0.12961|2787.33|2771.44|2755.55|2739.66|2731.715|2715.825|2707.88|2691.99|2676.1|2660.21|2680.39|2688.335|2696.28|2704.225|2736.005|2743.95|2751.895|2759.84|2732.77765|0.0|2708.3635|2728.0244|2711.81367|0|1770789219
1770765300|2720.93|2723.54|2714.26|2716.62|4433|M5|2719.1277|2710.14515|2710.90837|1.88005|-1|2719.36409|2705.31424|2709.41538|2718.84858|2715.7031|2708.22325|2725.38871|2713.97076|2723.31356|2721.32277|2726.54675|2713.48821|2712.30472|2716.75405|2724.46829|2713.67523|2718.775|2723.54|2714.26|2718.8375|1|0.0625|-0.7711|2753.74|2744.46|2735.18|2725.9|2721.26|2711.98|2707.34|2698.06|2688.78|2679.5|2695.7|2700.34|2704.98|2709.62|2728.18|2732.82|2737.46|2742.1|2724.48865|2712.08218|2703.05543|2723.63449|2713.72231|0|1770789219
1770765600|2718.04|2720.11|2713.34|2716.42|1970|M5|2721.13893|2722.71184|2711.82799|0.07361|-2|2715.74962|2719.01355|2699.12351|2725.49931|2729.3358|2730.15333|2721.66818|2712.63299|2718.07673|2718.94826|2713.5568|2713.60415|2717.7876|2717.36362|2720.92843|2713.2677|2717.23|2720.11|2713.34|2716.9775|-1|0.2525|1.14299|2743.5|2736.73|2729.96|2723.19|2719.805|2713.035|2709.65|2702.88|2696.11|2689.34|2699.8|2703.185|2706.57|2709.955|2723.495|2726.88|2730.265|2733.65|0.0|0.0|2711.16183|2720.04425|2713.20211|0|1770789219
1770765900|2714.31|2725.64|2712.27|2724.28|5737|M5|2732.27211|2721.57701|2736.38035|-1.10991|0|2715.61546|2713.51032|2717.70207|2722.08369|2723.50271|2733.88745|2726.86927|2711.99122|2727.40023|2724.24464|2728.46148|2711.40839|2715.4745|2705.83297|2726.23827|2711.29152|2719.295|2725.64|2712.27|2719.125|-1|0.17|1.22993|2777.76|2764.39|2751.02|2737.65|2730.965|2717.595|2710.91|2697.54|2684.17|2670.8|2685.53|2692.215|2698.9|2705.585|2732.325|2739.01|2745.695|2752.38|0.0|2708.02223|2725.87565|2724.93128|2712.78785|0|1770789219
1770766200|2726.27|2731.24|2725.58|2728.47|3473|M5|2724.18077|2729.91742|2734.26379|-0.6294|-1|2726.68948|2725.56233|2733.37128|2733.51937|2730.8982|2719.88063|2732.57698|2724.31632|2731.54879|2734.27038|2736.48947|2723.0654|2722.02486|2733.05051|2731.70206|2724.94439|2727.37|2731.24|2725.58|2727.89|1|0.52|1.75104|2751.11|2745.45|2739.79|2734.13|2731.3|2725.64|2722.81|2717.15|2711.49|2705.83|2714.26|2717.09|2719.92|2722.75|2734.07|2736.9|2739.73|2742.56|0.0|2724.13048|2725.09527|2730.97931|2726.12455|0|1770789219
1770766500|2732.84|2735.23|2724.24|2728.25|4571|M5|2721.16861|2726.77418|2728.16351|0.55597|-1|2721.96385|2717.66523|2708.62016|2734.07167|2724.6222|2727.48752|2736.06912|2722.82734|2733.84981|2731.48991|2731.75204|2726.94166|2728.13443|2725.36301|2735.45258|2723.3752|2730.545|2735.23|2724.24|2730.14|-1|0.405|0.82234|2772.21|2761.22|2750.23|2739.24|2733.745|2722.755|2717.26|2706.27|2695.28|2684.29|2702.26|2707.755|2713.25|2718.745|2740.725|2746.22|2751.715|2757.21|0.0|0.0|2727.08168|2734.78344|2723.52348|0|1770789219
1770766800|2732.31|2743.5|2731.81|2738.8|4206|M5|2735.52007|2730.29705|2743.87991|1.22712|1|2734.88295|2736.13718|2736.7086|2744.40245|2740.95083|2735.49984|2743.6518|2731.21137|2745.76209|2744.04626|2747.99325|2731.55124|2733.99244|2729.91153|2743.58819|2730.92752|2735.555|2743.5|2731.81|2736.605|1|1.05|-0.71467|2785.56|2773.87|2762.18|2750.49|2744.645|2732.955|2727.11|2715.42|2703.73|2692.04|2708.43|2714.275|2720.12|2725.965|2749.345|2755.19|2761.035|2766.88|2748.45444|0.0|2740.83005|2744.43776|2732.4667|0|1770789219
1770767100|2735.81|2744.16|2733.76|2739.46|9958|M5|2744.72979|2732.86935|2733.54318|-2.94117|2|2737.34171|2729.22225|2741.70192|2740.86923|2750.14395|2734.94759|2744.27605|2733.52761|2745.91268|2741.15464|2740.43095|2732.05372|2730.0875|2728.71357|2744.75971|2733.20848|2737.635|2744.16|2733.76|2738.2975|1|0.6625|1.27821|2781.06|2770.66|2760.26|2749.86|2744.66|2734.26|2729.06|2718.66|2708.26|2697.86|2712.96|2718.16|2723.36|2728.56|2749.36|2754.56|2759.76|2764.96|0.0|0.0|2742.09144|2744.37591|2734.46689|0|1770789219
1770767400|2740.7|2746.11|2736.08|2741.39|9595|M5|2733.27165|2732.17487|2730.53366|-0.21029|2|2737.0186|2740.27065|2750.6811|2750.80257|2755.01743|2744.824|2746.37149|2735.62506|2745.85126|2746.21171|2745.15639|2738.05489|2731.39189|2736.48678|2746.96966|2735.4434|2741.045|2746.11|2736.08|2741.07|1|0.025|0.86569|2781.51|2771.48|2761.45|2751.42|2746.405|2736.375|2731.36|2721.33|2711.3|2701.27|2716.02|2721.035|2726.05|2731.065|2751.125|2756.14|2761.155|2766.17|2746.1996|0.0|2743.55667|2746.92145|2735.89391|0|1770789219
1770767700|2745.02|2745.15|2738.0|2741.66|2363|M5|2740.77865|2738.69165|2736.46939|1.63804|-1|2736.13172|2733.58661|2752.25212|2750.22843|2734.21415|2745.30708|2747.10385|2737.20277|2746.65733|2747.48514|2739.63513|2740.61992|2740.27872|2745.69119|2745.4075|2737.56547|2743.34|2745.15|2738.0|2742.4575|-1|0.8825|1.39075|2770.26|2763.11|2755.96|2748.81|2745.235|2738.085|2734.51|2727.36|2720.21|2713.06|2723.7|2727.275|2730.85|2734.425|2748.725|2752.3|2755.875|2759.45|0.0|0.0|2755.51494|2745.75055|2738.83542|1|1770789219