Cherry_A_timestamp	Cherry_A_symbol	Cherry_A_timeframe	Cherry_A_close	Cherry_A_Base_FL	Cherry_A_UOEDT	Cherry_A_LOEDT	Cherry_A_horiz_high_map	Cherry_A_horiz_low_map	Cherry_A_ssa	Cherry_A_ema_ssa	Cherry_A_crossing
1780056840	XAUUSD	M5	4500.90						4510.79693107	4510.79693107	0
1780057140	XAUUSD	M5	4508.78						4512.24831932	4511.52262520	1
1780057440	XAUUSD	M5	4515.01						4512.45454439	4511.98858479	0
1780057740	XAUUSD	M5	4518.56				4520.75000		4511.53514400	4511.76186439	1
1780058040	XAUUSD	M5	4512.77						4509.83486557	4510.79836498	0
1780058340	XAUUSD	M5	4505.50						4508.16228520	4509.48032509	0
1780058640	XAUUSD	M5	4504.25						4507.01138348	4508.24585428	0
1780058940	XAUUSD	M5	4507.06						4506.37242139	4507.30913784	0
1780059240	XAUUSD	M5	4506.37						4506.03967181	4506.67440482	0
1780059540	XAUUSD	M5	4502.10						4505.95463425	4506.31451954	0
1780059840	XAUUSD	M5	4506.03						4506.12867195	4506.22159574	0
1780060140	XAUUSD	M5	4506.47						4506.29308203	4506.25733889	1
1780060440	XAUUSD	M5	4510.81						4506.36535131	4506.31134510	0
1780060740	XAUUSD	M5	4505.80						4506.22296642	4506.26715576	1
1780061040	XAUUSD	M5	4506.83						4506.02599591	4506.14657584	0
1780061340	XAUUSD	M5	4505.83						4505.79472501	4505.97065042	0
1780061640	XAUUSD	M5	4504.64						4505.59102191	4505.78083617	0
1780061940	XAUUSD	M5	4502.98						4505.43969011	4505.61026314	0
1780062240	XAUUSD	M5	4504.00						4505.31607951	4505.46317132	0
1780062540	XAUUSD	M5	4506.21						4505.12400709	4505.29358921	0
1780062840	XAUUSD	M5	4505.00						4504.73328754	4505.01343837	0
1780063140	XAUUSD	M5	4506.39						4504.08841814	4504.55092826	0
1780063440	XAUUSD	M5	4503.31						4503.14033304	4503.84563065	0
1780063740	XAUUSD	M5	4501.72						4501.96622330	4502.90592697	0
1780064040	XAUUSD	M5	4501.64						4500.66577517	4501.78585107	0
1780064340	XAUUSD	M5	4498.22						4499.35521401	4500.57053254	0
1780064640	XAUUSD	M5	4496.29						4498.20743304	4499.38898279	0
1780064940	XAUUSD	M5	4496.51						4497.34450652	4498.36674466	0
1780065240	XAUUSD	M5	4498.38						4496.82607980	4497.59641223	0
1780065540	XAUUSD	M5	4496.95						4496.64044677	4497.11842950	0
1780065840	XAUUSD	M5	4497.40						4496.81276253	4496.96559601	0
1780066140	XAUUSD	M5	4496.27					4494.93000	4497.30214903	4497.13387252	1
1780066440	XAUUSD	M5	4498.26						4498.07461953	4497.60424603	0
1780066740	XAUUSD	M5	4499.93						4499.02535859	4498.31480231	0
1780067040	XAUUSD	M5	4499.79						4500.07983355	4499.19731793	0
1780067340	XAUUSD	M5	4501.44						4501.22075387	4500.20903590	0
1780067640	XAUUSD	M5	4502.66						4502.41121036	4501.31012313	0
1780067940	XAUUSD	M5	4503.27						4503.61824808	4502.46418560	0
1780068240	XAUUSD	M5	4502.39						4504.81993465	4503.64206013	0
1780068540	XAUUSD	M5	4504.67						4506.02450132	4504.83328072	0
1780068840	XAUUSD	M5	4510.57						4507.17079436	4506.00203754	0
1780069140	XAUUSD	M5	4509.10						4508.11664929	4507.05934341	0
1780069440	XAUUSD	M5	4508.89						4508.91528766	4507.98731554	0
1780069740	XAUUSD	M5	4509.76						4509.61248873	4508.79990213	0
1780070040	XAUUSD	M5	4510.60						4510.23243608	4509.51616911	0
1780070340	XAUUSD	M5	4509.31						4510.77346869	4510.14481890	0
1780070640	XAUUSD	M5	4509.36						4511.24458379	4510.69470135	0
1780070940	XAUUSD	M5	4514.16						4511.58723475	4511.14096805	0
1780071240	XAUUSD	M5	4509.71						4511.61330634	4511.37713720	0
1780071540	XAUUSD	M5	4510.09						4511.35434281	4511.36574000	1
1780071840	XAUUSD	M5	4511.97						4510.79244882	4511.07909441	0
1780072140	XAUUSD	M5	4511.84						4509.95740358	4510.51824899	0
1780072440	XAUUSD	M5	4509.89						4509.00967150	4509.76396025	0
1780072740	XAUUSD	M5	4510.15						4508.21116253	4508.98756139	0
1780073040	XAUUSD	M5	4508.44						4507.77104198	4508.37930169	0
1780073340	XAUUSD	M5	4503.72						4507.88694709	4508.13312439	0
1780073640	XAUUSD	M5	4506.80						4508.71034354	4508.42173397	1
1780073940	XAUUSD	M5	4505.97						4510.07467649	4509.24820523	0
1780074240	XAUUSD	M5	4514.98						4511.78398659	4510.51609591	0
1780074540	XAUUSD	M5	4514.93						4513.37173062	4511.94391327	0
1780074840	XAUUSD	M5	4519.16						4514.62284023	4513.28337675	0
1780075140	XAUUSD	M5	4514.48						4515.34769336	4514.31553506	0
1780075440	XAUUSD	M5	4515.75						4515.70184718	4515.00869112	0
1780075740	XAUUSD	M5	4511.42						4515.82287191	4515.41578152	0
1780076040	XAUUSD	M5	4518.71						4516.02766199	4515.72172175	0
1780076340	XAUUSD	M5	4516.61						4516.34141386	4516.03156780	0
1780076640	XAUUSD	M5	4517.76						4516.90893142	4516.47024961	0
1780076940	XAUUSD	M5	4515.02						4517.67714951	4517.07369956	0
1780077240	XAUUSD	M5	4516.65						4518.56157695	4517.81763826	0
1780077540	XAUUSD	M5	4517.66						4519.31177460	4518.56470643	0
1780077840	XAUUSD	M5	4522.00						4519.70421924	4519.13446283	0
1780078140	XAUUSD	M5	4523.69						4519.53774538	4519.33610411	0
1780078440	XAUUSD	M5	4519.41						4518.82036746	4519.07823578	1
1780078740	XAUUSD	M5	4519.17						4517.85319338	4518.46571458	0
1780079040	XAUUSD	M5	4516.34						4516.94169720	4517.70370589	0
1780079340	XAUUSD	M5	4515.66						4516.45035161	4517.07702875	0
1780079640	XAUUSD	M5	4511.87						4516.60641675	4516.84172275	0
1780079940	XAUUSD	M5	4514.03						4517.55007840	4517.19590057	1
1780080240	XAUUSD	M5	4520.74						4519.09164357	4518.14377207	0
1780080540	XAUUSD	M5	4522.55						4520.79612068	4519.46994638	0
1780080840	XAUUSD	M5	4525.35						4522.26200419	4520.86597528	0
1780081140	XAUUSD	M5	4524.22						4523.09796950	4521.98197239	0
1780081440	XAUUSD	M5	4523.23						4523.12734489	4522.55465864	0
1780081740	XAUUSD	M5	4524.76						4522.33494680	4522.44480272	1
1780082040	XAUUSD	M5	4519.18						4520.80962980	4521.62721626	0
1780082340	XAUUSD	M5	4515.98						4518.91655773	4520.27188699	0
1780082640	XAUUSD	M5	4515.16						4517.01980939	4518.64584819	0
1780082940	XAUUSD	M5	4513.11						4515.39619379	4517.02102099	0
1780083240	XAUUSD	M5	4515.34						4514.26177476	4515.64139788	0
1780083540	XAUUSD	M5	4517.09						4513.62069658	4514.63104723	0
1780083840	XAUUSD	M5	4514.92						4513.40779775	4514.01942249	0
1780084140	XAUUSD	M5	4515.06						4513.59973525	4513.80957887	0
1780084440	XAUUSD	M5	4515.06						4514.12329011	4513.96643449	1
1780084740	XAUUSD	M5	4511.28						4514.92456081	4514.44549765	0
1780085040	XAUUSD	M5	4513.87					4510.03000	4516.07656286	4515.26103026	0
1780085340	XAUUSD	M5	4514.88						4517.52912195	4516.39507610	0
1780085640	XAUUSD	M5	4518.89						4519.29287313	4517.84397462	0
1780085940	XAUUSD	M5	4523.86						4521.29707377	4519.57052419	0
1780086240	XAUUSD	M5	4528.97						4523.42116683	4521.49584551	0
1780086540	XAUUSD	M5	4527.92						4525.49938037	4523.49761294	0
1780086840	XAUUSD	M5	4522.69						4527.47400261	4525.48580777	0
1780087140	XAUUSD	M5	4528.85						4529.33681746	4527.41131262	0
1780087440	XAUUSD	M5	4528.60						4530.80413508	4529.10772385	0
1780087740	XAUUSD	M5	4528.82						4531.76733278	4530.43752831	0
1780088040	XAUUSD	M5	4532.38						4532.14585168	4531.29169000	0
1780088340	XAUUSD	M5	4537.20						4531.87195806	4531.58182403	0
1780088640	XAUUSD	M5	4532.70						4530.95585735	4531.26884069	1
1780088940	XAUUSD	M5	4531.09						4529.73859361	4530.50371715	0
1780089240	XAUUSD	M5	4526.02						4528.55839325	4529.53105520	0
1780089540	XAUUSD	M5	4526.45						4527.83698752	4528.68402136	0
1780089840	XAUUSD	M5	4528.54						4527.81057093	4528.24729615	0
1780090140	XAUUSD	M5	4526.76						4528.56247030	4528.40488322	1
1780090440	XAUUSD	M5	4527.61						4530.11436789	4529.25962555	0
1780090740	XAUUSD	M5	4530.50						4532.27424282	4530.76693419	0
1780091040	XAUUSD	M5	4538.80						4534.68001191	4532.72347305	0
1780091340	XAUUSD	M5	4541.41				4543.31000		4536.80480933	4534.76414119	0
1780091640	XAUUSD	M5	4537.92						4538.27971316	4536.52192717	0
1780091940	XAUUSD	M5	4537.13						4538.97240269	4537.74716493	0
1780092240	XAUUSD	M5	4536.97						4538.81360440	4538.28038467	0
1780092540	XAUUSD	M5	4538.58						4537.84255176	4538.06146821	1
1780092840	XAUUSD	M5	4535.93						4536.18116327	4537.12131574	0
1780093140	XAUUSD	M5	4532.53						4534.14585989	4535.63358781	0
1780093440	XAUUSD	M5	4532.46						4532.09993418	4533.86676100	0
1780093740	XAUUSD	M5	4531.67						4530.32493712	4532.09584906	0
1780094040	XAUUSD	M5	4531.26						4529.06209797	4530.57897351	0
1780094340	XAUUSD	M5	4528.10						4528.44826353	4529.51361852	0
1780094640	XAUUSD	M5	4527.14						4528.57743032	4529.04552442	0
1780094940	XAUUSD	M5	4528.41						4529.35905326	4529.20228884	1
1780095240	XAUUSD	M5	4531.07						4530.54972859	4529.87600871	0
1780095540	XAUUSD	M5	4529.28						4531.80891862	4530.84246367	0
1780095840	XAUUSD	M5	4533.80						4532.86576759	4531.85411563	0
1780096140	XAUUSD	M5	4538.36						4533.32391840	4532.58901702	0
1780096440	XAUUSD	M5	4529.43						4532.84387499	4532.71644600	0
1780096740	XAUUSD	M5	4530.22						4531.51135915	4532.11390258	1
1780097040	XAUUSD	M5	4528.39						4529.35118042	4530.73254150	0
1780097340	XAUUSD	M5	4529.83						4526.58063447	4528.65658799	0
1780097640	XAUUSD	M5	4523.53						4523.48034063	4526.06846431	0
1780097940	XAUUSD	M5	4522.39						4520.57219809	4523.32033120	0
1780098240	XAUUSD	M5	4517.10						4518.25834910	4520.78934015	0
1780098540	XAUUSD	M5	4517.27						4516.93008958	4518.85971486	0
1780098840	XAUUSD	M5	4514.13					4512.71000	4516.68478581	4517.77225034	0
1780099140	XAUUSD	M5	4515.41						4517.49911736	4517.63568385	0
1780099440	XAUUSD	M5	4518.58						4519.07672933	4518.35620659	1
1780099740	XAUUSD	M5	4523.03						4520.96894697	4519.66257678	0
1780100040	XAUUSD	M5	4524.27						4522.69698444	4521.17978061	0
1780100340	XAUUSD	M5	4525.73						4523.95601057	4522.56789559	0
1780100640	XAUUSD	M5	4522.89						4524.64534154	4523.60661856	0
1780100940	XAUUSD	M5	4522.68						4524.99010460	4524.29836158	0
1780101240	XAUUSD	M5	4526.25						4525.33102043	4524.81469101	0
1780101540	XAUUSD	M5	4528.06						4526.00696978	4525.41083039	0
1780101840	XAUUSD	M5	4525.27						4527.36674615	4526.38878827	0
1780102140	XAUUSD	M5	4531.73						4529.71691641	4528.05285234	0
1780102440	XAUUSD	M5	4533.05						4532.90605966	4530.47945600	0
1780102740	XAUUSD	M5	4535.99						4536.61017226	4533.54481413	0
1780103040	XAUUSD	M5	4538.56						4540.23724260	4536.89102837	0
1780103340	XAUUSD	M5	4536.80						4543.09707391	4539.99405114	0
1780103640	XAUUSD	M5	4548.02						4544.65605778	4542.32505446	0
1780103940	XAUUSD	M5	4551.21						4544.31994001	4543.32249724	0
1780104240	XAUUSD	M5	4543.88						4542.07049718	4542.69649721	1
1780104540	XAUUSD	M5	4537.72						4538.58611920	4540.64130820	0
1780104840	XAUUSD	M5	4531.31						4534.90445985	4537.77288402	0
1780105140	XAUUSD	M5	4529.84						4532.24643166	4535.00965784	0
1780105440	XAUUSD	M5	4536.21						4531.66638500	4533.33802142	0
1780105740	XAUUSD	M5	4531.89						4533.77310954	4533.55556548	1
1780106040	XAUUSD	M5	4540.30						4538.94205065	4536.24880806	0
1780106340	XAUUSD	M5	4539.79						4546.73653589	4541.49267197	0
1780106640	XAUUSD	M5	4557.00						4556.42167928	4548.95717563	0
1780106940	XAUUSD	M5	4564.28						4566.54199485	4557.74958524	0
1780107240	XAUUSD	M5	4578.41						4575.77684711	4566.76321618	0
1780107540	XAUUSD	M5	4588.06						4582.83095302	4574.79708460	0
1780107840	XAUUSD	M5	4590.10				4595.19000		4586.89841865	4580.84775162	0
1780108140	XAUUSD	M5	4588.60						4587.85212854	4584.34994008	0
1780108440	XAUUSD	M5	4585.01						4586.11423470	4585.23208739	0
1780108740	XAUUSD	M5	4578.66						4582.50284010	4583.86746374	1
1780109040	XAUUSD	M5	4578.28						4578.04370036	4580.95558205	0
1780109340	XAUUSD	M5	4573.01						4573.57315385	4577.26436795	0
1780109640	XAUUSD	M5	4566.64						4569.82701131	4573.54568963	0
1780109940	XAUUSD	M5	4564.98						4567.26711050	4570.40640006	0
1780110240	XAUUSD	M5	4568.99						4565.93401682	4568.17020844	0
1780110540	XAUUSD	M5	4571.07						4565.49908465	4566.83464655	0
1780110840	XAUUSD	M5	4567.98						4565.56612322	4566.20038488	0
1780111140	XAUUSD	M5	4564.30						4565.86772023	4566.03405256	0
1780111440	XAUUSD	M5	4563.71						4566.22946978	4566.13176117	1
1780111740	XAUUSD	M5	4565.39						4566.52683978	4566.32930048	0
1780112040	XAUUSD	M5	4564.25						4566.68990458	4566.50960253	0
1780112340	XAUUSD	M5	4563.06						4566.77756298	4566.64358275	0
1780112640	XAUUSD	M5	4569.01						4566.88067831	4566.76213053	0
1780112940	XAUUSD	M5	4572.02						4566.90732175	4566.83472614	0
1780113240	XAUUSD	M5	4569.56						4566.82173669	4566.82823141	1
1780113540	XAUUSD	M5	4564.81						4566.70868076	4566.76845609	0
1780113840	XAUUSD	M5	4565.36						4566.67635861	4566.72240735	0
1780114140	XAUUSD	M5	4566.86						4566.67656859	4566.69948797	0
1780114440	XAUUSD	M5	4564.42						4566.59780317	4566.64864557	0
1780114740	XAUUSD	M5	4567.35						4566.38783805	4566.51824181	0
1780115040	XAUUSD	M5	4564.43						4565.87676210	4566.19750195	0
1780115340	XAUUSD	M5	4565.60						4565.02984323	4565.61367259	0
1780115640	XAUUSD	M5	4565.55						4563.77268623	4564.69317941	0
1780115940	XAUUSD	M5	4561.95						4562.10830432	4563.40074186	0
1780116240	XAUUSD	M5	4561.36						4560.20853958	4561.80464072	0
1780116540	XAUUSD	M5	4558.72						4558.24714610	4560.02589341	0
1780116840	XAUUSD	M5	4554.11						4556.49328375	4558.25958858	0
1780117140	XAUUSD	M5	4555.94						4555.26294803	4556.76126831	0
1780117440	XAUUSD	M5	4553.51						4554.67579538	4555.71853184	0
1780117740	XAUUSD	M5	4553.44						4554.83810731	4555.27831957	0
1780118040	XAUUSD	M5	4557.28						4555.67156999	4555.47494478	1
1780118340	XAUUSD	M5	4557.93						4556.87633909	4556.17564194	0
1780118640	XAUUSD	M5	4558.14						4558.15160576	4557.16362385	0
1780118940	XAUUSD	M5	4558.65						4559.19712504	4558.18037444	0
1780119240	XAUUSD	M5	4558.59						4559.76499617	4558.97268531	0
1780119540	XAUUSD	M5	4559.28						4559.73433819	4559.35351175	0
1780119840	XAUUSD	M5	4560.86						4559.11475473	4559.23413324	1
1780120140	XAUUSD	M5	4560.13						4558.05814205	4558.64613764	0
1780120440	XAUUSD	M5	4557.96						4556.83412092	4557.74012928	0
1780120740	XAUUSD	M5	4553.06						4555.75294129	4556.74653529	0
1780121040	XAUUSD	M5	4554.26						4555.12902319	4555.93777924	0
1780121340	XAUUSD	M5	4553.10						4555.02674287	4555.48226105	0
1780121640	XAUUSD	M5	4554.50						4555.41742110	4555.44984108	0
1780121940	XAUUSD	M5	4558.42						4556.08009566	4555.76496837	1
1780122240	XAUUSD	M5	4558.26						4556.67389416	4556.21943126	0
1780122540	XAUUSD	M5	4557.74						4556.94362290	4556.58152708	0
1780122840	XAUUSD	M5	4556.42						4556.70086568	4556.64119638	0
1780123140	XAUUSD	M5	4555.30						4555.87307681	4556.25713660	1
1780123440	XAUUSD	M5	4553.57						4554.49193023	4555.37453341	0
1780123740	XAUUSD	M5	4552.54						4552.70568519	4554.04010930	0
1780124040	XAUUSD	M5	4551.53						4550.71891463	4552.37951196	0
1780124340	XAUUSD	M5	4548.69						4548.77495561	4550.57723379	0
1780124640	XAUUSD	M5	4546.51						4547.13814404	4548.85768891	0
1780124940	XAUUSD	M5	4545.67						4545.99478448	4547.42623670	0
1780125240	XAUUSD	M5	4544.51						4545.40490082	4546.41556876	0
1780125540	XAUUSD	M5	4545.84						4545.33083350	4545.87320113	0
1780125840	XAUUSD	M5	4548.83						4545.57409248	4545.72364680	0
1780126140	XAUUSD	M5	4545.92						4545.83486303	4545.77925491	1
1780126440	XAUUSD	M5	4545.13						4545.92361550	4545.85143521	0
1780126740	XAUUSD	M5	4542.78						4545.63156174	4545.74149847	1
1780127040	XAUUSD	M5	4543.36						4544.85739870	4545.29944859	0
1780127340	XAUUSD	M5	4543.01						4543.51481785	4544.40713322	0
1780127640	XAUUSD	M5	4543.77						4541.65648871	4543.03181096	0
1780127940	XAUUSD	M5	4541.99						4539.40637262	4541.21909179	0
1780128240	XAUUSD	M5	4539.90						4537.01657111	4539.11783145	0
1780128540	XAUUSD	M5	4540.62						4534.76708107	4536.94245626	0
1780305240	XAUUSD	M5	4520.88					4518.31000	4532.84934890	4534.89590258	0
1780305540	XAUUSD	M5	4526.05						4531.83877759	4533.36734008	0
1780305840	XAUUSD	M5	4534.73						4531.62144194	4532.49439101	0
1780306140	XAUUSD	M5	4536.50						4531.88876599	4532.19157850	0
1780306440	XAUUSD	M5	4533.28						4532.43056173	4532.31107012	1
1780306740	XAUUSD	M5	4533.17						4533.15625684	4532.73366348	0
1780307040	XAUUSD	M5	4535.66						4533.94750693	4533.34058520	0
1780307340	XAUUSD	M5	4531.95						4534.69628178	4534.01843349	0
1780307640	XAUUSD	M5	4535.54						4535.49519544	4534.75681447	0
1780307940	XAUUSD	M5	4538.24						4536.30575359	4535.53128403	0
1780308240	XAUUSD	M5	4534.93						4537.12891537	4536.33009970	0
1780308540	XAUUSD	M5	4535.26						4538.07939777	4537.20474873	0
1780308840	XAUUSD	M5	4539.79						4539.15003770	4538.17739322	0
1780309140	XAUUSD	M5	4541.57						4540.18468435	4539.18103879	0
1780309440	XAUUSD	M5	4542.59						4541.07284730	4540.12694304	0
1780309740	XAUUSD	M5	4542.13						4541.72734971	4540.92714638	0
1780310040	XAUUSD	M5	4542.06						4542.13653893	4541.53184265	0
1780310340	XAUUSD	M5	4544.97						4542.31666763	4541.92425514	0
1780310640	XAUUSD	M5	4539.25						4542.25745369	4542.09085442	0
1780310940	XAUUSD	M5	4540.68						4542.15819791	4542.12452616	0
1780311240	XAUUSD	M5	4541.86						4542.04382577	4542.08417597	1
1780311540	XAUUSD	M5	4541.03						4541.91945463	4542.00181530	0
1780311840	XAUUSD	M5	4544.28						4541.81589088	4541.90885309	0
1780312140	XAUUSD	M5	4539.57						4541.64956807	4541.77921058	0
1780312440	XAUUSD	M5	4544.93				4546.08000		4541.50881206	4541.64401132	0
1780312740	XAUUSD	M5	4540.84						4541.25771654	4541.45086393	0
1780313040	XAUUSD	M5	4540.86						4540.98227804	4541.21657098	0
1780313340	XAUUSD	M5	4538.46						4540.69093839	4540.95375469	0
1780313640	XAUUSD	M5	4540.85						4540.43889880	4540.69632675	0
1780313940	XAUUSD	M5	4543.27						4540.15724660	4540.42678667	0
1780314240	XAUUSD	M5	4538.13						4539.75910188	4540.09294428	0
1780314540	XAUUSD	M5	4536.93						4539.32923900	4539.71109164	0
1780314840	XAUUSD	M5	4536.06						4538.83708914	4539.27409039	0
1780315140	XAUUSD	M5	4541.43						4538.23309014	4538.75359026	0
1780315440	XAUUSD	M5	4538.93						4537.35928224	4538.05643625	0
1780315740	XAUUSD	M5	4540.50						4536.28585889	4537.17114757	0
1780316040	XAUUSD	M5	4534.25						4535.03275033	4536.10194895	0
1780316340	XAUUSD	M5	4529.00						4533.81916519	4534.96055707	0
1780316640	XAUUSD	M5	4533.89						4532.84093641	4533.90074674	0
1780316940	XAUUSD	M5	4530.35						4532.01473602	4532.95774138	0
1780317240	XAUUSD	M5	4532.17						4531.39097049	4532.17435593	0
1780317540	XAUUSD	M5	4528.77						4530.87209564	4531.52322579	0
1780317840	XAUUSD	M5	4532.78						4530.45987758	4530.99155168	0
1780318140	XAUUSD	M5	4529.83						4530.00590161	4530.49872665	0
1780318440	XAUUSD	M5	4533.21						4529.56669410	4530.03271037	0
1780318740	XAUUSD	M5	4528.67						4529.10614643	4529.56942840	0
1780319040	XAUUSD	M5	4530.06						4528.79923090	4529.18432965	0
1780319340	XAUUSD	M5	4525.57						4528.68689135	4528.93561050	0
1780319640	XAUUSD	M5	4525.13						4528.89455235	4528.91508143	0
1780319940	XAUUSD	M5	4528.54						4529.38290659	4529.14899401	1
1780320240	XAUUSD	M5	4532.26						4529.93098262	4529.53998832	0
1780320540	XAUUSD	M5	4532.01						4530.26419485	4529.90209158	0
1780320840	XAUUSD	M5	4531.49						4530.20972357	4530.05590758	0
1780321140	XAUUSD	M5	4530.32						4529.65030803	4529.85310780	1
1780321440	XAUUSD	M5	4527.43						4528.58664579	4529.21987680	0
1780321740	XAUUSD	M5	4528.33						4527.15048955	4528.18518317	0
1780322040	XAUUSD	M5	4522.91						4525.48056314	4526.83287316	0
1780322340	XAUUSD	M5	4523.58						4523.88845955	4525.36066635	0
1780322640	XAUUSD	M5	4522.54						4522.52786506	4523.94426571	0
1780322940	XAUUSD	M5	4521.52						4521.51309417	4522.72867994	0
1780323240	XAUUSD	M5	4524.63						4520.86057135	4521.79462564	0
1780323540	XAUUSD	M5	4517.60						4520.40874591	4521.10168578	0
1780323840	XAUUSD	M5	4518.89						4520.13801457	4520.61985017	0
1780324140	XAUUSD	M5	4519.41						4519.82157766	4520.22071392	0
1780324440	XAUUSD	M5	4518.60						4519.27355359	4519.74713375	0
1780324740	XAUUSD	M5	4520.46						4518.43519166	4519.09116270	0
1780325040	XAUUSD	M5	4521.55						4517.30178176	4518.19647223	0
1780325340	XAUUSD	M5	4515.66						4515.99558409	4517.09602816	0
1780325640	XAUUSD	M5	4510.71						4514.84926380	4515.97264598	0
1780325940	XAUUSD	M5	4512.70						4514.15230647	4515.06247623	0
1780326240	XAUUSD	M5	4513.24						4513.96086074	4514.51166848	0
1780326540	XAUUSD	M5	4516.43						4514.24338698	4514.37752773	0
1780326840	XAUUSD	M5	4516.42						4514.79462441	4514.58607607	1
1780327140	XAUUSD	M5	4514.18						4515.41943691	4515.00275649	0
1780327440	XAUUSD	M5	4514.73						4515.97158470	4515.48717060	0
1780327740	XAUUSD	M5	4516.90						4516.27081349	4515.87899205	0
1780328040	XAUUSD	M5	4517.65						4516.18809822	4516.03354513	0
1780328340	XAUUSD	M5	4515.90						4515.72767554	4515.88061034	1
1780328640	XAUUSD	M5	4514.31						4515.05424350	4515.46742692	0
1780328940	XAUUSD	M5	4515.29						4514.37543275	4514.92142984	0
1780329240	XAUUSD	M5	4514.47						4513.85443308	4514.38793146	0
1780329540	XAUUSD	M5	4510.51					4508.68000	4513.65744748	4514.02268947	0
1780329840	XAUUSD	M5	4514.25						4513.95355383	4513.98812165	0
1780330140	XAUUSD	M5	4514.46						4514.65347361	4514.32079763	1
1780330440	XAUUSD	M5	4516.03						4515.67231064	4514.99655413	0
1780330740	XAUUSD	M5	4516.46						4516.84907304	4515.92281359	0
1780331040	XAUUSD	M5	4518.21						4518.03713346	4516.97997352	0
1780331340	XAUUSD	M5	4521.40						4519.09314004	4518.03655678	0
1780331640	XAUUSD	M5	4522.57						4519.87983551	4518.95819615	0
1780331940	XAUUSD	M5	4520.48						4520.35650566	4519.65735091	0
1780332240	XAUUSD	M5	4513.88						4520.58955254	4520.12345172	0
1780332540	XAUUSD	M5	4520.19						4520.76514995	4520.44430083	0
1780332840	XAUUSD	M5	4519.87						4520.75957837	4520.60193960	0
1780333140	XAUUSD	M5	4524.26				4525.25000		4520.55115892	4520.57654926	1
1780333440	XAUUSD	M5	4523.53						4519.99591742	4520.28623334	0
1780333740	XAUUSD	M5	4518.23						4519.06601409	4519.67612372	0
1780334040	XAUUSD	M5	4516.28						4517.84234249	4518.75923310	0
1780334340	XAUUSD	M5	4517.11						4516.35424799	4517.55674055	0
1780334640	XAUUSD	M5	4514.11						4514.60190751	4516.07932403	0
1780334940	XAUUSD	M5	4511.10						4512.69487993	4514.38710198	0
1780335240	XAUUSD	M5	4506.18						4510.77027998	4512.57869098	0
1780335540	XAUUSD	M5	4513.93						4509.02968157	4510.80418627	0
1780335840	XAUUSD	M5	4510.69						4507.38635563	4509.09527095	0
1780336140	XAUUSD	M5	4504.67						4505.99995360	4507.54761227	0
1780336440	XAUUSD	M5	4504.63						4505.07726795	4506.31244011	0
1780336740	XAUUSD	M5	4504.57						4504.63813769	4505.47528890	0
1780337040	XAUUSD	M5	4503.61						4504.63109280	4505.05319085	0
1780337340	XAUUSD	M5	4501.73						4504.97527940	4505.01423512	0
1780337640	XAUUSD	M5	4507.76						4505.55751062	4505.28587287	1
1780337940	XAUUSD	M5	4506.26						4506.05892596	4505.67239941	0
1780338240	XAUUSD	M5	4507.28						4506.32265302	4505.99752622	0
1780338540	XAUUSD	M5	4506.80						4506.18819765	4506.09286193	0
1780338840	XAUUSD	M5	4505.18						4505.60051662	4505.84668927	1
1780339140	XAUUSD	M5	4503.96						4504.59106289	4505.21887608	0
1780339440	XAUUSD	M5	4504.72						4503.25634515	4504.23761062	0
1780339740	XAUUSD	M5	4503.53						4501.68925634	4502.96343348	0
1780340040	XAUUSD	M5	4498.19						4500.04741093	4501.50542221	0
1780340340	XAUUSD	M5	4494.58						4498.56960960	4500.03751590	0
1780340640	XAUUSD	M5	4495.46						4497.41150906	4498.72451248	0
1780340940	XAUUSD	M5	4503.08						4496.56616091	4497.64533669	0
1780341240	XAUUSD	M5	4495.80						4495.83478803	4496.74006236	0
1780341540	XAUUSD	M5	4493.96						4495.33898073	4496.03952154	0
1780341840	XAUUSD	M5	4495.74						4495.07327445	4495.55639800	0
1780342140	XAUUSD	M5	4494.96						4494.96913444	4495.26276622	0
1780342440	XAUUSD	M5	4492.84						4495.03538295	4495.14907458	0
1780342740	XAUUSD	M5	4496.04						4495.34328105	4495.24617782	1
1780343040	XAUUSD	M5	4495.84						4495.85475123	4495.55046452	0
1780343340	XAUUSD	M5	4494.74						4496.58646336	4496.06846394	0
1780343640	XAUUSD	M5	4500.03						4497.52511280	4496.79678837	0
1780343940	XAUUSD	M5	4501.32						4498.47786395	4497.63732616	0
1780344240	XAUUSD	M5	4497.19						4499.30853705	4498.47293161	0
1780344540	XAUUSD	M5	4498.02						4500.00455897	4499.23874529	0
1780344840	XAUUSD	M5	4500.50						4500.44205569	4499.84040049	0
1780345140	XAUUSD	M5	4499.49						4500.51224237	4500.17632143	0
1780345440	XAUUSD	M5	4499.51						4500.23391702	4500.20511922	0
1780345740	XAUUSD	M5	4505.66						4499.65754321	4499.93133121	1
1780346040	XAUUSD	M5	4499.68						4498.74226515	4499.33679818	0
1780346340	XAUUSD	M5	4496.39						4497.76021747	4498.54850782	0
1780346640	XAUUSD	M5	4490.65					4489.39000	4496.92669534	4497.73760158	0
1780346940	XAUUSD	M5	4497.93						4496.46422624	4497.10091391	0
1780347240	XAUUSD	M5	4498.33						4496.25565361	4496.67828376	0
1780347540	XAUUSD	M5	4495.45						4496.30138719	4496.48983548	0
1780347840	XAUUSD	M5	4497.96						4496.64915888	4496.56949718	1
1780348140	XAUUSD	M5	4496.01						4497.21541077	4496.89245397	0
1780348440	XAUUSD	M5	4498.16						4498.00756884	4497.45001140	0
1780348740	XAUUSD	M5	4500.16						4498.94799067	4498.19900104	0
1780349040	XAUUSD	M5	4501.59						4499.95982822	4499.07941463	0
1780349340	XAUUSD	M5	4499.96						4500.98232397	4500.03086930	0
1780349640	XAUUSD	M5	4500.45						4502.02431618	4501.02759274	0
1780349940	XAUUSD	M5	4500.91						4503.03359826	4502.03059550	0
1780350240	XAUUSD	M5	4504.91						4503.94801699	4502.98930624	0
1780350540	XAUUSD	M5	4503.77						4504.64488089	4503.81709356	0
1780350840	XAUUSD	M5	4505.87						4505.13597490	4504.47653423	0
1780351140	XAUUSD	M5	4509.50						4505.40808497	4504.94230960	0
1780351440	XAUUSD	M5	4507.30						4505.44307274	4505.19269117	0
1780351740	XAUUSD	M5	4503.99						4505.40224799	4505.29746958	0
1780352040	XAUUSD	M5	4500.22						4505.46122111	4505.37934534	0
1780352340	XAUUSD	M5	4505.76						4505.78115309	4505.58024922	0
1780352640	XAUUSD	M5	4504.85						4506.26494184	4505.92259553	0
1780352940	XAUUSD	M5	4509.85						4506.92172554	4506.42216054	0
1780353240	XAUUSD	M5	4508.61				4512.95000		4507.59744975	4507.00980514	0
1780353540	XAUUSD	M5	4510.76						4508.26445886	4507.63713200	0
1780353840	XAUUSD	M5	4506.76						4508.79102804	4508.21408002	0
1780354140	XAUUSD	M5	4510.33						4509.15870276	4508.68639139	0
1780354440	XAUUSD	M5	4507.21						4509.18094743	4508.93366941	0
1780354740	XAUUSD	M5	4508.66						4508.84885305	4508.89126123	1
1780355040	XAUUSD	M5	4507.46						4508.10208516	4508.49667320	0
1780355340	XAUUSD	M5	4505.87						4507.02019349	4507.75843334	0
1780355640	XAUUSD	M5	4505.97						4505.76127397	4506.75985366	0
1780355940	XAUUSD	M5	4507.66						4504.50624004	4505.63304685	0
1780356240	XAUUSD	M5	4503.36						4503.42599044	4504.52951864	0
1780356540	XAUUSD	M5	4503.39						4502.81410643	4503.67181254	0
1780356840	XAUUSD	M5	4501.86						4502.80704921	4503.23943087	0
1780357140	XAUUSD	M5	4505.59						4503.43680086	4503.33811587	1
1780357440	XAUUSD	M5	4500.84						4504.45999727	4503.89905657	0
1780357740	XAUUSD	M5	4503.25						4505.66759605	4504.78332631	0
1780358040	XAUUSD	M5	4507.89						4506.57590040	4505.67961335	0
1780358340	XAUUSD	M5	4506.83						4506.61851847	4506.14906591	0
1780358640	XAUUSD	M5	4505.63						4505.43070146	4505.78988369	1
1780358940	XAUUSD	M5	4501.96						4502.80279841	4504.29634105	0
1780359240	XAUUSD	M5	4501.78						4498.77915311	4501.53774708	0
1780359540	XAUUSD	M5	4501.18						4493.52073470	4497.52924089	0
1780359840	XAUUSD	M5	4484.29						4487.38261043	4492.45592566	0
1780360140	XAUUSD	M5	4482.30						4481.17473610	4486.81533088	0
1780360440	XAUUSD	M5	4465.93						4475.34548677	4481.08040883	0
1780360740	XAUUSD	M5	4465.06						4470.53581850	4475.80811366	0
1780361040	XAUUSD	M5	4466.12						4466.84294866	4471.32553116	0
1780361340	XAUUSD	M5	4472.88						4464.13255068	4467.72904092	0
1780361640	XAUUSD	M5	4467.35						4462.02033934	4464.87469013	0
1780361940	XAUUSD	M5	4464.61						4460.37826776	4462.62647894	0
1780362240	XAUUSD	M5	4454.78						4459.05602401	4460.84125147	0
1780362540	XAUUSD	M5	4450.49						4458.13297914	4459.48711531	0
1780362840	XAUUSD	M5	4454.50					4447.78000	4457.61664441	4458.55187986	0
1780363140	XAUUSD	M5	4460.39						4457.35757526	4457.95472756	0
1780363440	XAUUSD	M5	4461.22						4457.17191943	4457.56332349	0
1780363740	XAUUSD	M5	4457.21						4457.00802358	4457.28567354	0
1780364040	XAUUSD	M5	4455.26						4456.91611325	4457.10089340	0
1780364340	XAUUSD	M5	4456.22						4456.89371697	4456.99730518	0
1780364640	XAUUSD	M5	4458.65						4456.88832606	4456.94281562	0
1780364940	XAUUSD	M5	4455.49						4456.84865023	4456.89573293	0
1780365240	XAUUSD	M5	4459.94						4456.89656818	4456.89615055	1
1780365540	XAUUSD	M5	4454.72						4457.03681457	4456.96648256	0
1780365840	XAUUSD	M5	4456.05						4457.51867083	4457.24257670	0
1780366140	XAUUSD	M5	4458.70						4458.44079536	4457.84168603	0
1780366440	XAUUSD	M5	4460.24						4459.81713462	4458.82941032	0
1780366740	XAUUSD	M5	4462.37						4461.64323116	4460.23632074	0
1780367040	XAUUSD	M5	4464.35						4463.82396660	4462.03014367	0
1780367340	XAUUSD	M5	4465.36						4466.19595358	4464.11304863	0
1780367640	XAUUSD	M5	4467.08						4468.58687537	4466.34996200	0
1780367940	XAUUSD	M5	4468.79						4470.78867952	4468.56932076	0
1780368240	XAUUSD	M5	4477.14						4472.60440897	4470.58686486	0
1780368540	XAUUSD	M5	4476.86						4473.71997878	4472.15342182	0
1780368840	XAUUSD	M5	4472.38						4474.08363346	4473.11852764	0
1780369140	XAUUSD	M5	4469.80						4473.83219691	4473.47536227	0
1780369440	XAUUSD	M5	4471.29						4473.10305548	4473.28920888	1
1780369740	XAUUSD	M5	4474.21						4471.99967984	4472.64444436	0
1780370040	XAUUSD	M5	4473.38						4470.62269145	4471.63356790	0
1780370340	XAUUSD	M5	4468.79						4469.19263430	4470.41310110	0
1780370640	XAUUSD	M5	4467.37						4468.02763511	4469.22036811	0
1780370940	XAUUSD	M5	4466.78						4467.35987954	4468.29012382	0
1780371240	XAUUSD	M5	4468.60						4467.33035960	4467.81024171	0
1780371540	XAUUSD	M5	4467.98						4467.93187232	4467.87105702	1
1780371840	XAUUSD	M5	4469.44						4469.09551897	4468.48328799	0
1780372140	XAUUSD	M5	4469.22						4470.60411387	4469.54370093	0
1780372440	XAUUSD	M5	4468.06						4472.22950820	4470.88660456	0
1780372740	XAUUSD	M5	4471.96						4473.77148136	4472.32904296	0
1780373040	XAUUSD	M5	4480.10						4474.98009312	4473.65456804	0
1780373340	XAUUSD	M5	4480.11						4475.62582967	4474.64019885	0
1780373640	XAUUSD	M5	4476.29						4475.81216910	4475.22618398	0
1780373940	XAUUSD	M5	4473.44						4475.85866151	4475.54242274	0
1780374240	XAUUSD	M5	4475.05						4476.12615507	4475.83428891	0
1780374540	XAUUSD	M5	4475.82						4476.84377439	4476.33903165	0
1780374840	XAUUSD	M5	4475.15						4478.16958924	4477.25431044	0
1780375140	XAUUSD	M5	4482.93						4480.14784773	4478.70107909	0
1780375440	XAUUSD	M5	4481.31						4482.48147535	4480.59127722	0
1780375740	XAUUSD	M5	4482.83						4484.97615349	4482.78371535	0
1780376040	XAUUSD	M5	4491.56						4487.32077795	4485.05224665	0
1780376340	XAUUSD	M5	4491.51				4495.39000		4489.07086890	4487.06155777	0
1780376640	XAUUSD	M5	4491.45						4490.08246764	4488.57201271	0
1780376940	XAUUSD	M5	4487.55						4490.35066726	4489.46133998	0
1780377240	XAUUSD	M5	4486.86						4490.08161450	4489.77147724	0
1780377540	XAUUSD	M5	4489.80						4489.48134069	4489.62640896	1
1780377840	XAUUSD	M5	4488.66						4488.70843874	4489.16742385	0
1780378140	XAUUSD	M5	4489.22						4487.99005039	4488.57873712	0
1780378440	XAUUSD	M5	4489.16						4487.44418961	4488.01146336	0
1780378740	XAUUSD	M5	4486.64						4487.11858033	4487.56502185	0
1780379040	XAUUSD	M5	4486.10						4487.03600791	4487.30051488	0
1780379340	XAUUSD	M5	4486.06						4487.12745961	4487.21398725	0
1780379640	XAUUSD	M5	4487.92						4487.29141464	4487.25270094	1
1780379940	XAUUSD	M5	4488.60						4487.38712020	4487.31991057	0
1780380240	XAUUSD	M5	4487.17						4487.33769191	4487.32880124	0
1780380540	XAUUSD	M5	4486.70						4487.15680008	4487.24280066	1
1780380840	XAUUSD	M5	4487.83						4486.87096077	4487.05688071	0
1780381140	XAUUSD	M5	4485.27						4486.48164446	4486.76926259	0
1780381440	XAUUSD	M5	4485.38						4486.06925103	4486.41925681	0
1780381740	XAUUSD	M5	4485.87						4485.64237872	4486.03081777	0
1780382040	XAUUSD	M5	4485.77						4485.17735954	4485.60408865	0
1780382340	XAUUSD	M5	4484.68						4484.65942969	4485.13175917	0
1780382640	XAUUSD	M5	4483.89						4484.11303873	4484.62239895	0
1780382940	XAUUSD	M5	4484.35						4483.57689132	4484.09964514	0
1780383240	XAUUSD	M5	4483.47						4483.07573873	4483.58769193	0
1780383540	XAUUSD	M5	4483.59						4482.66572961	4483.12671077	0
1780383840	XAUUSD	M5	4480.17						4482.37828540	4482.75249809	0
1780384140	XAUUSD	M5	4481.15					4479.13000	4482.30614113	4482.52931961	0
1780384440	XAUUSD	M5	4482.97						4482.40851564	4482.46891763	0
1780384740	XAUUSD	M5	4483.43						4482.61158477	4482.54025120	1
1780385040	XAUUSD	M5	4483.53						4482.85509796	4482.69767458	0
1780385340	XAUUSD	M5	4482.96						4483.08506649	4482.89137053	0
1780385640	XAUUSD	M5	4482.58						4483.28755882	4483.08946468	0
1780385940	XAUUSD	M5	4483.12						4483.45421786	4483.27184127	0
1780386240	XAUUSD	M5	4484.64						4483.57959849	4483.42571988	0
1780386540	XAUUSD	M5	4484.05						4483.64430914	4483.53501451	0
1780386840	XAUUSD	M5	4482.61						4483.68302105	4483.60901778	0
1780387140	XAUUSD	M5	4483.92						4483.73810965	4483.67356371	0
1780387440	XAUUSD	M5	4483.20						4483.77046625	4483.72201498	0
1780387740	XAUUSD	M5	4484.87						4483.77107556	4483.74654527	0
1780391640	XAUUSD	M5	4483.02				4488.29000		4483.67454853	4483.71054690	1
1780391940	XAUUSD	M5	4482.41						4483.50855755	4483.60955222	0
1780392240	XAUUSD	M5	4484.52						4483.28435949	4483.44695585	0
1780392540	XAUUSD	M5	4484.15						4482.97464691	4483.21080138	0
1780392840	XAUUSD	M5	4482.75						4482.63786211	4482.92433175	0
1780393140	XAUUSD	M5	4481.46						4482.36997469	4482.64715322	0
1780393440	XAUUSD	M5	4481.24						4482.26551622	4482.45633472	0
1780393740	XAUUSD	M5	4482.83						4482.37925053	4482.41779262	0
1780394040	XAUUSD	M5	4481.54						4482.70705373	4482.56242318	1
1780394340	XAUUSD	M5	4484.15						4483.26680507	4482.91461412	0
1780394640	XAUUSD	M5	4483.97						4483.97481452	4483.44471432	0
1780394940	XAUUSD	M5	4485.93						4484.78784630	4484.11628031	0
1780395240	XAUUSD	M5	4486.37						4485.58998090	4484.85313061	0
1780395540	XAUUSD	M5	4485.28						4486.28780201	4485.57046631	0
1780395840	XAUUSD	M5	4486.09						4486.81998299	4486.19522465	0
1780396140	XAUUSD	M5	4486.57						4487.08144524	4486.63833494	0
1780396440	XAUUSD	M5	4487.62						4486.99006221	4486.81419857	0
1780396740	XAUUSD	M5	4487.23						4486.48957354	4486.65188606	1
1780397040	XAUUSD	M5	4484.81						4485.61075277	4486.13131941	0
1780397340	XAUUSD	M5	4484.52						4484.50389021	4485.31760481	0
1780397640	XAUUSD	M5	4483.42						4483.34090604	4484.32925543	0
1780397940	XAUUSD	M5	4480.11						4482.35427658	4483.34176600	0
1780398240	XAUUSD	M5	4484.77						4481.83328989	4482.58752795	0
1780398540	XAUUSD	M5	4484.50						4481.83472115	4482.21112455	0
1780398840	XAUUSD	M5	4484.56						4482.43626575	4482.32369515	1
1780399140	XAUUSD	M5	4478.56						4483.58219251	4482.95294383	0
1780399440	XAUUSD	M5	4481.37						4485.21775475	4484.08534929	0
1780399740	XAUUSD	M5	4485.31						4486.97344514	4485.52939722	0
1780400040	XAUUSD	M5	4489.79						4488.40195262	4486.96567492	0
1780400340	XAUUSD	M5	4493.81						4489.09396312	4488.02981902	0
1780400640	XAUUSD	M5	4489.19				4497.24000		4488.80057174	4488.41519538	0
1780400940	XAUUSD	M5	4489.28						4487.68760835	4488.05140187	1
1780401240	XAUUSD	M5	4487.07						4486.01951137	4487.03545662	0
1780401540	XAUUSD	M5	4481.45						4484.23978983	4485.63762322	0
1780401840	XAUUSD	M5	4481.85						4482.88938538	4484.26350430	0
1780402140	XAUUSD	M5	4481.97						4482.26744137	4483.26547284	0
1780402440	XAUUSD	M5	4481.84						4482.47091451	4482.86819367	0
1780402740	XAUUSD	M5	4479.46						4483.36779840	4483.11799603	1
1780403040	XAUUSD	M5	4489.76						4484.66311938	4483.89055771	0
1780403340	XAUUSD	M5	4486.18						4485.66701527	4484.77878649	0
1780403640	XAUUSD	M5	4483.16						4486.02864715	4485.40371682	0
1780403940	XAUUSD	M5	4486.57						4485.54143335	4485.47257508	0
1780404240	XAUUSD	M5	4487.29						4484.07729957	4484.77493733	1
1780404540	XAUUSD	M5	4482.07						4481.81761037	4483.29627385	0
1780404840	XAUUSD	M5	4479.93						4479.27402175	4481.28514780	0
1780405140	XAUUSD	M5	4475.58						4476.96716316	4479.12615548	0
1780405440	XAUUSD	M5	4473.82					4463.08000	4475.40696448	4477.26655998	0
1780405740	XAUUSD	M5	4474.02						4474.87233054	4476.06944526	0
1780406040	XAUUSD	M5	4473.35						4475.35637788	4475.71291157	0
1780406340	XAUUSD	M5	4474.71						4476.63580391	4476.17435774	1
1780406640	XAUUSD	M5	4480.71						4478.28508618	4477.22972196	0
1780406940	XAUUSD	M5	4480.96						4479.74443763	4478.48707979	0
1780407240	XAUUSD	M5	4484.01						4480.68421431	4479.58564705	0
1780407540	XAUUSD	M5	4482.02						4480.90353845	4480.24459275	0
1780407840	XAUUSD	M5	4481.28						4480.54337475	4480.39398375	0
1780408140	XAUUSD	M5	4478.82						4479.90887992	4480.15143184	1
1780408440	XAUUSD	M5	4476.61						4479.43809608	4479.79476396	0
1780408740	XAUUSD	M5	4474.78						4479.52338150	4479.65907273	0
1780409040	XAUUSD	M5	4478.82						4480.41802334	4480.03854804	1
1780409340	XAUUSD	M5	4485.96						4482.06024810	4481.04939807	0
1780409640	XAUUSD	M5	4488.07						4484.15539740	4482.60239774	0
1780409940	XAUUSD	M5	4486.66						4486.43082347	4484.51661060	0
1780410240	XAUUSD	M5	4488.37						4488.67960851	4486.59810956	0
1780410540	XAUUSD	M5	4490.03						4490.67965339	4488.63888147	0
1780410840	XAUUSD	M5	4490.11						4492.31436707	4490.47662427	0
1780411140	XAUUSD	M5	4495.22						4493.61265881	4492.04464154	0
1780411440	XAUUSD	M5	4493.68						4494.58359845	4493.31412000	0
1780411740	XAUUSD	M5	4494.62						4495.43254557	4494.37333278	0
1780412040	XAUUSD	M5	4497.40						4496.31231642	4495.34282460	0
1780412340	XAUUSD	M5	4498.19						4497.28138489	4496.31210474	0
1780412640	XAUUSD	M5	4497.54						4498.39179008	4497.35194741	0
1780412940	XAUUSD	M5	4499.44						4499.66047947	4498.50621344	0
1780413240	XAUUSD	M5	4500.34						4501.00764563	4499.75692954	0
1780413540	XAUUSD	M5	4502.18						4502.37189268	4501.06441111	0
1780413840	XAUUSD	M5	4504.66						4503.69730534	4502.38085822	0
1780414140	XAUUSD	M5	4507.76						4504.94038626	4503.66062224	0
1780414440	XAUUSD	M5	4505.71						4506.07380785	4504.86721505	0
1780414740	XAUUSD	M5	4504.77						4507.20137258	4506.03429382	0
1780415040	XAUUSD	M5	4507.79						4508.39033143	4507.21231262	0
1780415340	XAUUSD	M5	4509.05						4509.60288208	4508.40759735	0
1780415640	XAUUSD	M5	4510.48						4510.82275090	4509.61517413	0
1780415940	XAUUSD	M5	4512.66						4512.02772702	4510.82145058	0
1780416240	XAUUSD	M5	4512.94						4513.20508384	4512.01326721	0
1780416540	XAUUSD	M5	4517.46						4514.40646812	4513.20986766	0
1780416840	XAUUSD	M5	4515.87						4515.60561622	4514.40774194	0
1780417140	XAUUSD	M5	4516.02						4516.89779821	4515.65277008	0
1780417440	XAUUSD	M5	4518.72						4518.29778851	4516.97527929	0
1780417740	XAUUSD	M5	4518.63						4519.69950214	4518.33739072	0
1780418040	XAUUSD	M5	4518.83						4520.99692486	4519.66715779	0
1780418340	XAUUSD	M5	4519.74						4522.03795300	4520.85255540	0
1780418640	XAUUSD	M5	4524.86						4522.65745342	4521.75500441	0
1780418940	XAUUSD	M5	4523.66						4522.67488204	4522.21494323	0
1780419240	XAUUSD	M5	4524.50						4522.16942913	4522.19218618	1
1780419540	XAUUSD	M5	4523.48						4521.30153515	4521.74686066	0
1780419840	XAUUSD	M5	4519.58						4520.37368966	4521.06027516	0
1780420140	XAUUSD	M5	4517.08						4519.78574416	4520.42300966	0
1780420440	XAUUSD	M5	4520.52						4519.85923455	4520.14112210	0
1780420740	XAUUSD	M5	4520.88						4520.67192954	4520.40652582	1
1780421040	XAUUSD	M5	4519.01						4522.22674093	4521.31663338	0
1780421340	XAUUSD	M5	4520.32						4524.43556155	4522.87609746	0
1780421640	XAUUSD	M5	4529.47						4527.03479028	4524.95544387	0
1780421940	XAUUSD	M5	4533.17						4529.55522651	4527.25533519	0
1780422240	XAUUSD	M5	4535.55						4531.69980574	4529.47757047	0
1780422540	XAUUSD	M5	4534.04						4533.31455418	4531.39606232	0
1780422840	XAUUSD	M5	4532.84						4534.45652108	4532.92629170	0
1780423140	XAUUSD	M5	4533.70						4535.26481417	4534.09555293	0
1780423440	XAUUSD	M5	4532.85						4535.86915869	4534.98235581	0
1780423740	XAUUSD	M5	4536.04						4536.41895205	4535.70065393	0
1780424040	XAUUSD	M5	4536.05						4536.89611267	4536.29838330	0
1780424340	XAUUSD	M5	4537.81						4537.26478605	4536.78158467	0
1780424640	XAUUSD	M5	4539.99				4541.50000		4537.39327928	4537.08743198	0
1780424940	XAUUSD	M5	4539.36						4537.13181386	4537.10962292	0
1780425240	XAUUSD	M5	4536.88						4536.44661445	4536.77811868	1
1780425540	XAUUSD	M5	4534.03						4535.43512269	4536.10662069	0
1780425840	XAUUSD	M5	4533.68						4534.29789820	4535.20225944	0
1780426140	XAUUSD	M5	4532.98						4533.24626883	4534.22426414	0
1780426440	XAUUSD	M5	4531.79						4532.49766251	4533.36096332	0
1780426740	XAUUSD	M5	4531.72						4532.21821142	4532.78958737	0
1780427040	XAUUSD	M5	4530.68						4532.43908653	4532.61433695	0
1780427340	XAUUSD	M5	4535.08						4533.08397586	4532.84915641	1
1780427640	XAUUSD	M5	4534.26						4533.83665969	4533.34290805	0
1780427940	XAUUSD	M5	4535.66						4534.44843854	4533.89567330	0
1780428240	XAUUSD	M5	4534.86						4534.65522246	4534.27544788	0
1780428540	XAUUSD	M5	4532.60						4534.33007919	4534.30276353	0
1780428840	XAUUSD	M5	4534.21						4533.51192090	4533.90734222	1
1780429140	XAUUSD	M5	4531.23						4532.28803280	4533.09768751	0
1780429440	XAUUSD	M5	4532.02						4530.94382882	4532.02075816	0
1780429740	XAUUSD	M5	4530.23						4529.71025670	4530.86550743	0
1780430040	XAUUSD	M5	4528.82						4528.83884459	4529.85217601	0
1780430340	XAUUSD	M5	4529.56						4528.47275128	4529.16246365	0
1780430640	XAUUSD	M5	4527.87						4528.57019447	4528.86632906	0
1780430940	XAUUSD	M5	4526.73						4529.01285103	4528.93959004	1
1780431240	XAUUSD	M5	4527.29						4529.59836144	4529.26897574	0
1780431540	XAUUSD	M5	4529.00						4530.07632808	4529.67265191	0
1780431840	XAUUSD	M5	4533.96						4530.23267627	4529.95266409	0
1780432140	XAUUSD	M5	4534.61						4529.88974481	4529.92120445	1
1780432440	XAUUSD	M5	4529.21						4529.09741350	4529.50930898	0
1780432740	XAUUSD	M5	4526.71						4528.15576277	4528.83253587	0
1780433040	XAUUSD	M5	4525.65						4527.33897419	4528.08575503	0
1780433340	XAUUSD	M5	4524.42						4526.85518017	4527.47046760	0
1780433640	XAUUSD	M5	4525.59					4522.06000	4526.82069080	4527.14557920	0
1780433940	XAUUSD	M5	4526.33						4527.17970460	4527.16264190	1
1780434240	XAUUSD	M5	4530.63						4527.78375372	4527.47319781	0
1780434540	XAUUSD	M5	4530.00						4528.34993453	4527.91156617	0
1780434840	XAUUSD	M5	4528.38						4528.72738964	4528.31947790	0
1780435140	XAUUSD	M5	4529.43						4528.85417842	4528.58682816	0
1780435440	XAUUSD	M5	4529.02						4528.70696487	4528.64689652	0
1780435740	XAUUSD	M5	4529.09						4528.38637213	4528.51663432	1
1780436040	XAUUSD	M5	4525.31						4528.04644134	4528.28153783	0
1780436340	XAUUSD	M5	4528.40						4527.93357207	4528.10755495	0
1780436640	XAUUSD	M5	4528.00						4528.07933402	4528.09344449	0
1780436940	XAUUSD	M5	4526.79						4528.50968997	4528.30156723	1
1780437240	XAUUSD	M5	4528.78						4529.19067084	4528.74611903	0
1780437540	XAUUSD	M5	4530.66						4529.95257999	4529.34934951	0
1780437840	XAUUSD	M5	4532.31						4530.60397738	4529.97666345	0
1780438140	XAUUSD	M5	4533.21						4530.97918819	4530.47792582	0
1780438440	XAUUSD	M5	4531.18				4534.66000		4530.99939097	4530.73865840	0
1780438740	XAUUSD	M5	4529.87						4530.72211081	4530.73038460	1
1780439040	XAUUSD	M5	4528.84						4530.24469173	4530.48753817	0
1780439340	XAUUSD	M5	4527.94						4529.68860244	4530.08807031	0
1780439640	XAUUSD	M5	4528.69						4529.15982703	4529.62394867	0
1780439940	XAUUSD	M5	4529.61						4528.70491565	4529.16443216	0
1780440240	XAUUSD	M5	4529.97						4528.32872276	4528.74657746	0
1780440540	XAUUSD	M5	4527.51						4528.02038682	4528.38348214	0
1780440840	XAUUSD	M5	4526.92						4527.82156836	4528.10252525	0
1780441140	XAUUSD	M5	4529.16						4527.73085936	4527.91669231	0
1780441440	XAUUSD	M5	4528.59						4527.70682806	4527.81176019	0
1780441740	XAUUSD	M5	4527.54						4527.77742113	4527.79459066	0
1780442040	XAUUSD	M5	4527.77						4527.95989363	4527.87724215	1
1780442340	XAUUSD	M5	4527.38						4528.20605296	4528.04164755	0
1780442640	XAUUSD	M5	4526.39						4528.44015037	4528.24089896	0
1780442940	XAUUSD	M5	4526.83						4528.56239000	4528.40164448	0
1780443240	XAUUSD	M5	4531.02						4528.42845001	4528.41504725	0
1780443540	XAUUSD	M5	4529.35						4527.82467447	4528.11986086	1
1780443840	XAUUSD	M5	4528.14						4526.72769617	4527.42377851	0
1780444140	XAUUSD	M5	4524.85						4525.17646564	4526.30012208	0
1780444440	XAUUSD	M5	4524.94						4523.31191500	4524.80601854	0
1780444740	XAUUSD	M5	4520.36						4521.25015074	4523.02808464	0
1780445040	XAUUSD	M5	4514.99						4519.22187447	4521.12497955	0
1780445340	XAUUSD	M5	4514.15						4517.45637877	4519.29067916	0
1780445640	XAUUSD	M5	4520.30						4516.01757311	4517.65412614	0
1780445940	XAUUSD	M5	4516.53						4514.75968402	4516.20690508	0
1780446240	XAUUSD	M5	4514.00						4513.72284550	4514.96487529	0
1780446540	XAUUSD	M5	4512.77						4512.88902863	4513.92695196	0
1780446840	XAUUSD	M5	4513.13						4512.18590763	4513.05642979	0
1780447140	XAUUSD	M5	4510.63						4511.49897299	4512.27770139	0
1780447440	XAUUSD	M5	4508.20						4510.77759632	4511.52764885	0
1780447740	XAUUSD	M5	4510.83						4509.97231727	4510.74998306	0
1780448040	XAUUSD	M5	4508.45						4508.92495894	4509.83747100	0
1780448340	XAUUSD	M5	4509.75						4507.62130188	4508.72938644	0
1780448640	XAUUSD	M5	4504.95						4506.00976120	4507.36957382	0
1780448940	XAUUSD	M5	4502.66						4504.22785386	4505.79871384	0
1780449240	XAUUSD	M5	4502.34						4502.41613892	4504.10742638	0
1780449540	XAUUSD	M5	4502.91						4500.71072660	4502.40907649	0
1780449840	XAUUSD	M5	4504.29						4499.25512381	4500.83210015	0
1780450140	XAUUSD	M5	4495.96						4498.16905869	4499.50057942	0
1780450440	XAUUSD	M5	4493.20					4490.40000	4497.75126622	4498.62592282	0
1780450740	XAUUSD	M5	4495.44						4498.09856364	4498.36224323	0
1780451040	XAUUSD	M5	4499.49						4499.08451551	4498.72337937	1
1780451340	XAUUSD	M5	4502.34						4500.45123450	4499.58730694	0
1780451640	XAUUSD	M5	4504.56						4501.92060215	4500.75395454	0
1780451940	XAUUSD	M5	4503.83						4503.22683574	4501.99039514	0
1780452240	XAUUSD	M5	4504.17						4504.22392904	4503.10716209	0
1780452540	XAUUSD	M5	4504.12						4504.81715785	4503.96215997	0
1780452840	XAUUSD	M5	4502.75						4505.01521067	4504.48868532	0
1780453140	XAUUSD	M5	4506.75						4504.94194240	4504.71531386	0
1780453440	XAUUSD	M5	4503.46						4504.65747119	4504.68639253	1
1780453740	XAUUSD	M5	4504.37						4504.38587879	4504.53613566	0
1780454040	XAUUSD	M5	4503.51						4504.22801559	4504.38207563	0
1780454340	XAUUSD	M5	4505.39						4504.26151675	4504.32179619	0
1780454640	XAUUSD	M5	4506.30						4504.41542413	4504.36861016	1
1780454940	XAUUSD	M5	4504.50				4508.54000		4504.56678572	4504.46769794	0
1780455240	XAUUSD	M5	4502.49						4504.62454011	4504.54611902	0
1780455540	XAUUSD	M5	4505.30						4504.48934493	4504.51773198	1
1780455840	XAUUSD	M5	4503.84						4503.96412457	4504.24092827	0
1780456140	XAUUSD	M5	4502.11						4502.98653228	4503.61373028	0
1780456440	XAUUSD	M5	4500.82						4501.56802513	4502.59087770	0
1780456740	XAUUSD	M5	4502.10						4499.77655394	4501.18371582	0
1780457040	XAUUSD	M5	4498.19						4497.67919908	4499.43145745	0
1780457340	XAUUSD	M5	4494.83						4495.50860158	4497.47002952	0
1780457640	XAUUSD	M5	4494.66						4493.48227862	4495.47615407	0
1780457940	XAUUSD	M5	4490.57						4491.73401880	4493.60508643	0
1780458240	XAUUSD	M5	4489.69						4490.43958183	4492.02233413	0
1780458540	XAUUSD	M5	4487.69						4489.63832714	4490.83033063	0
1780458840	XAUUSD	M5	4489.81						4489.32758380	4490.07895722	0
1780459140	XAUUSD	M5	4490.93						4489.35639419	4489.71767570	0
1780459440	XAUUSD	M5	4489.49						4489.56825476	4489.64296523	0
1780459740	XAUUSD	M5	4491.97						4489.84466762	4489.74381642	1
1780460040	XAUUSD	M5	4490.45						4489.98239595	4489.86310619	0
1780460340	XAUUSD	M5	4487.06						4489.90783941	4489.88547280	0
1780460640	XAUUSD	M5	4489.63						4489.63652049	4489.76099664	1
1780460940	XAUUSD	M5	4487.21						4489.09583994	4489.42841829	0
1780461240	XAUUSD	M5	4488.20						4488.37799494	4488.90320661	0
1780461540	XAUUSD	M5	4491.17						4487.53571482	4488.21946072	0
1780461840	XAUUSD	M5	4488.53						4486.60126244	4487.41036158	0
1780462140	XAUUSD	M5	4482.92						4485.74734477	4486.57885318	0
1780462440	XAUUSD	M5	4484.56						4485.19161362	4485.88523340	0
1780462740	XAUUSD	M5	4485.95						4484.94852953	4485.41688146	0
1780463040	XAUUSD	M5	4483.81						4484.97857932	4485.19773039	0
1780463340	XAUUSD	M5	4484.61						4485.27354960	4485.23564000	1
1780463640	XAUUSD	M5	4486.52						4485.71521108	4485.47542554	0
1780463940	XAUUSD	M5	4487.56						4486.14542752	4485.81042653	0
1780464240	XAUUSD	M5	4485.19						4486.44444555	4486.12743604	0
1780464540	XAUUSD	M5	4484.93						4486.60739409	4486.36741506	0
1780464840	XAUUSD	M5	4487.61						4486.62383732	4486.49562619	0
1780465140	XAUUSD	M5	4488.45						4486.47081141	4486.48321880	1
1780465440	XAUUSD	M5	4488.20						4486.20827908	4486.34574894	0
1780465740	XAUUSD	M5	4485.41						4485.94282955	4486.14428925	0
1780466040	XAUUSD	M5	4480.54					4478.74000	4485.83093484	4485.98761205	0
1780466340	XAUUSD	M5	4486.63						4486.04298934	4486.01530069	1
1780466640	XAUUSD	M5	4487.59						4486.43620611	4486.22575340	0
1780466940	XAUUSD	M5	4487.36						4486.92181147	4486.57378243	0
1780467240	XAUUSD	M5	4488.74						4487.40680353	4486.99029298	0
1780467540	XAUUSD	M5	4488.51						4487.75683351	4487.37356325	0
1780467840	XAUUSD	M5	4487.26						4487.89578430	4487.63467377	0
1780468140	XAUUSD	M5	4486.72						4487.81345308	4487.72406343	0
1780468440	XAUUSD	M5	4486.28						4487.54091108	4487.63248726	1
1780468740	XAUUSD	M5	4489.56						4487.15999037	4487.39623881	0
1780469040	XAUUSD	M5	4486.46						4486.70237193	4487.04930537	0
1780469340	XAUUSD	M5	4484.45						4486.35745334	4486.70337935	0
1780469640	XAUUSD	M5	4487.34						4486.27163446	4486.48750691	0
1780469940	XAUUSD	M5	4487.00						4486.42955080	4486.45852886	0
1780470240	XAUUSD	M5	4486.28						4486.83834233	4486.64843560	1
1780470540	XAUUSD	M5	4488.00						4487.45395872	4487.05119716	0
1780470840	XAUUSD	M5	4487.44						4488.13744861	4487.59432288	0
1780471140	XAUUSD	M5	4488.07						4488.79684782	4488.19558535	0
1780471440	XAUUSD	M5	4489.87						4489.33102408	4488.76330471	0
1780471740	XAUUSD	M5	4490.42						4489.63524345	4489.19927408	0
1780472040	XAUUSD	M5	4489.45						4489.69931147	4489.44929278	0
1780472340	XAUUSD	M5	4489.82						4489.59930975	4489.52430126	0
1780472640	XAUUSD	M5	4489.64						4489.41013132	4489.46721629	1
1780472940	XAUUSD	M5	4489.63						4489.21775486	4489.34248557	0
1780473240	XAUUSD	M5	4488.99						4489.08993625	4489.21621091	0
1780473540	XAUUSD	M5	4488.79						4489.07096815	4489.14358953	0
1780473840	XAUUSD	M5	4487.64						4489.14757707	4489.14558330	1
1780474140	XAUUSD	M5	4487.91						4489.29473385	4489.22015857	0
1780478040	XAUUSD	M5	4490.22						4489.44630209	4489.33323033	0
1780478340	XAUUSD	M5	4492.07				4493.14000		4489.51213877	4489.42268455	0
1780478640	XAUUSD	M5	4489.57						4489.45353335	4489.43810895	0
1780478940	XAUUSD	M5	4489.23						4489.37596974	4489.40703935	1
1780479240	XAUUSD	M5	4488.85						4489.35059540	4489.37881737	0
1780479540	XAUUSD	M5	4490.42						4489.42588478	4489.40235108	1
1780479840	XAUUSD	M5	4488.46						4489.54447091	4489.47341099	0
1780480140	XAUUSD	M5	4488.78						4489.64681080	4489.56011090	0
1780480440	XAUUSD	M5	4489.09						4489.52408814	4489.54209952	1
1780480740	XAUUSD	M5	4488.83						4488.92174536	4489.23192244	0
1780481040	XAUUSD	M5	4486.93						4487.61453875	4488.42323060	0
1780481340	XAUUSD	M5	4484.91						4485.50664897	4486.96493978	0
1780481640	XAUUSD	M5	4484.96						4482.64720418	4484.80607198	0
1780481940	XAUUSD	M5	4482.26						4479.21279620	4482.00943409	0
1780482240	XAUUSD	M5	4477.26						4475.59577229	4478.80260319	0
1780482540	XAUUSD	M5	4470.28						4472.30006546	4475.55133433	0
1780482840	XAUUSD	M5	4467.86						4469.83946197	4472.69539815	0
1780483140	XAUUSD	M5	4467.65					4462.26000	4468.49189685	4470.59364750	0
1780483440	XAUUSD	M5	4466.43						4468.27807468	4469.43586109	0
1780483740	XAUUSD	M5	4465.83						4469.04444804	4469.24015456	0
1780484040	XAUUSD	M5	4474.94						4470.47081238	4469.85548347	1
1780484340	XAUUSD	M5	4472.00						4471.98488865	4470.92018606	0
1780484640	XAUUSD	M5	4473.92						4473.37735935	4472.14877271	0
1780484940	XAUUSD	M5	4474.44						4474.49600973	4473.32239122	0
1780485240	XAUUSD	M5	4478.76						4475.41435112	4474.36837117	0
1780485540	XAUUSD	M5	4476.64						4476.28026430	4475.32431773	0
1780485840	XAUUSD	M5	4476.00						4477.45292705	4476.38862239	0
1780486140	XAUUSD	M5	4477.55						4479.20699951	4477.79781095	0
1780486440	XAUUSD	M5	4478.96						4481.59661888	4479.69721492	0
1780486740	XAUUSD	M5	4483.14						4484.43944735	4482.06833113	0
1780487040	XAUUSD	M5	4485.33						4487.27153641	4484.66993377	0
1780487340	XAUUSD	M5	4491.83						4489.53786510	4487.10389943	0
1780487640	XAUUSD	M5	4495.76				4496.54000		4490.59796830	4488.85093387	0
1780487940	XAUUSD	M5	4491.04						4490.02592934	4489.43843161	0
1780488240	XAUUSD	M5	4489.01						4487.84516115	4488.64179638	1
1780488540	XAUUSD	M5	4486.03						4484.30263037	4486.47221338	0
1780488840	XAUUSD	M5	4473.70						4479.90430935	4483.18826136	0
1780489140	XAUUSD	M5	4474.37						4475.49307035	4479.34066586	0
1780489440	XAUUSD	M5	4471.28						4471.60361804	4475.47214195	0
1780489740	XAUUSD	M5	4469.53						4468.72320831	4472.09767513	0
1780490040	XAUUSD	M5	4466.38						4467.10682337	4469.60224925	0
1780490340	XAUUSD	M5	4467.11					4463.61000	4466.81496612	4468.20860768	0
1780490640	XAUUSD	M5	4471.32						4467.62772858	4467.91816813	0
1780490940	XAUUSD	M5	4466.53						4469.12624651	4468.52220732	1
1780491240	XAUUSD	M5	4470.54						4471.06839978	4469.79530355	0
1780491540	XAUUSD	M5	4475.77						4473.05846428	4471.42688391	0
1780491840	XAUUSD	M5	4474.04						4474.77164874	4473.09926633	0
1780492140	XAUUSD	M5	4475.83						4476.14136118	4474.62031375	0
1780492440	XAUUSD	M5	4473.86						4477.11661724	4475.86846550	0
1780492740	XAUUSD	M5	4478.73						4477.79099372	4476.82972961	0
1780493040	XAUUSD	M5	4480.58						4478.13564016	4477.48268488	0
1780493340	XAUUSD	M5	4476.27						4478.19541271	4477.83904880	0
1780493640	XAUUSD	M5	4478.27						4478.18107639	4478.01006260	0
1780493940	XAUUSD	M5	4478.77						4478.16158129	4478.08582194	0
1780494240	XAUUSD	M5	4478.98						4478.23776420	4478.16179307	0
1780494540	XAUUSD	M5	4481.06						4478.50294296	4478.33236802	0
1780494840	XAUUSD	M5	4479.05						4478.99477862	4478.66357332	0
1780495140	XAUUSD	M5	4475.65						4479.79639353	4479.22998342	0
1780495440	XAUUSD	M5	4479.64						4480.95736342	4480.09367342	0
1780495740	XAUUSD	M5	4481.91						4482.28926337	4481.19146840	0
1780496040	XAUUSD	M5	4485.94						4483.58210861	4482.38678851	0
1780496340	XAUUSD	M5	4485.33						4484.58294565	4483.48486708	0
1780496640	XAUUSD	M5	4485.40						4485.17786001	4484.33136354	0
1780496940	XAUUSD	M5	4485.29						4485.32861393	4484.82998874	0
1780497240	XAUUSD	M5	4485.47						4485.09757330	4484.96378102	0
1780497540	XAUUSD	M5	4483.44						4484.62813685	4484.79595894	1
1780497840	XAUUSD	M5	4484.07						4484.16427726	4484.48011810	0
1780498140	XAUUSD	M5	4484.83						4483.87302840	4484.17657325	0
1780498440	XAUUSD	M5	4484.38						4483.85346913	4484.01502119	0
1780498740	XAUUSD	M5	4482.99						4484.13409533	4484.07455826	1
1780499040	XAUUSD	M5	4483.82						4484.64803180	4484.36129503	0
1780499340	XAUUSD	M5	4484.43						4485.18947491	4484.77538497	0
1780499640	XAUUSD	M5	4485.94						4485.48772303	4485.13155400	0
1780499940	XAUUSD	M5	4486.23						4485.26150267	4485.19652833	0
1780500240	XAUUSD	M5	4486.78						4484.33324074	4484.76488454	1
1780500540	XAUUSD	M5	4481.39				4488.00000		4482.64188830	4483.70338642	0
1780500840	XAUUSD	M5	4480.70						4480.40012393	4482.05175517	0
1780501140	XAUUSD	M5	4477.11						4477.83886878	4479.94531198	0
1780501440	XAUUSD	M5	4474.76						4475.31095857	4477.62813527	0
1780501740	XAUUSD	M5	4471.57						4473.14283369	4475.38548448	0
1780502040	XAUUSD	M5	4473.47						4471.59857619	4473.49203034	0
1780502340	XAUUSD	M5	4471.43						4470.71235054	4472.10219044	0
1780502640	XAUUSD	M5	4470.19						4470.47954655	4471.29086849	0
1780502940	XAUUSD	M5	4469.56						4470.73697898	4471.01392374	0
1780503240	XAUUSD	M5	4470.84						4471.22283059	4471.11837716	1
1780503540	XAUUSD	M5	4470.62						4471.59130237	4471.35483976	0
1780503840	XAUUSD	M5	4473.50						4471.57886030	4471.46685003	0
1780504140	XAUUSD	M5	4472.34						4470.96149526	4471.21417265	1
1780504440	XAUUSD	M5	4468.64						4469.75519239	4470.48468252	0
1780504740	XAUUSD	M5	4468.49						4468.17194773	4469.32831513	0
1780505040	XAUUSD	M5	4465.02						4466.45354535	4467.89093024	0
1780505340	XAUUSD	M5	4466.91						4464.93770067	4466.41431545	0
1780505640	XAUUSD	M5	4462.01						4463.80916314	4465.11173930	0
1780505940	XAUUSD	M5	4466.04						4463.29509088	4464.20341509	0
1780506240	XAUUSD	M5	4463.32						4463.28307637	4463.74324573	0
1780506540	XAUUSD	M5	4456.99						4463.67800829	4463.71062701	0
1780506840	XAUUSD	M5	4466.98						4464.36132401	4464.03597551	1
1780507140	XAUUSD	M5	4465.20						4464.81973169	4464.42785360	0
1780507440	XAUUSD	M5	4466.13						4464.86409554	4464.64597457	0
1780507740	XAUUSD	M5	4468.28						4464.37582969	4464.51090213	1
1780508040	XAUUSD	M5	4460.26						4463.37371640	4463.94230927	0
1780508340	XAUUSD	M5	4462.53						4462.24596615	4463.09413771	0
1780508640	XAUUSD	M5	4459.48						4461.21029738	4462.15221754	0
1780508940	XAUUSD	M5	4462.94						4460.57854600	4461.36538177	0
1780509240	XAUUSD	M5	4460.57						4460.43554026	4460.90046101	0
1780509540	XAUUSD	M5	4459.13						4460.88293782	4460.89169942	0
1780509840	XAUUSD	M5	4458.39						4461.86220687	4461.37695314	1
1780510140	XAUUSD	M5	4463.05						4463.17091817	4462.27393565	0
1780510440	XAUUSD	M5	4465.23						4464.42352615	4463.34873090	0
1780510740	XAUUSD	M5	4468.98						4465.28460450	4464.31666770	0
1780511040	XAUUSD	M5	4469.58				4472.13000		4465.46302287	4464.88984529	0
1780511340	XAUUSD	M5	4463.59						4464.87393487	4464.88189008	1
1780511640	XAUUSD	M5	4463.45						4463.72513906	4464.30351457	0
1780511940	XAUUSD	M5	4456.18						4462.19806561	4463.25079009	0
1780512240	XAUUSD	M5	4461.50						4460.66899408	4461.95989208	0
1780512540	XAUUSD	M5	4458.39						4459.20493433	4460.58241321	0
1780512840	XAUUSD	M5	4458.77						4457.99599869	4459.28920595	0
1780513140	XAUUSD	M5	4458.91						4457.09018828	4458.18969711	0
1780513440	XAUUSD	M5	4459.71						4456.47871992	4457.33420852	0
1780513740	XAUUSD	M5	4453.30						4456.09267579	4456.71344216	0
1780514040	XAUUSD	M5	4457.67						4455.97676014	4456.34510115	0
1780514340	XAUUSD	M5	4455.19						4455.92018555	4456.13264335	0
1780514640	XAUUSD	M5	4455.31						4455.86396973	4455.99830654	0
1780514940	XAUUSD	M5	4454.03						4455.72118205	4455.85974429	0
1780515240	XAUUSD	M5	4451.51						4455.45304602	4455.65639516	0
1780515540	XAUUSD	M5	4457.27						4455.08785843	4455.37212679	0
1780515840	XAUUSD	M5	4456.67						4454.51088150	4454.94150414	0
1780516140	XAUUSD	M5	4455.65						4453.76905142	4454.35527778	0
1780516440	XAUUSD	M5	4456.48						4452.96523486	4453.66025632	0
1780516740	XAUUSD	M5	4454.30						4452.16018375	4452.91022004	0
1780517040	XAUUSD	M5	4444.86						4451.45124397	4452.18073201	0
1780517340	XAUUSD	M5	4444.00						4451.03870915	4451.60972058	0
1780517640	XAUUSD	M5	4451.17						4450.82997628	4451.21984843	0
1780517940	XAUUSD	M5	4456.92						4450.48993393	4450.85489118	0
1780518240	XAUUSD	M5	4451.34						4449.71973037	4450.28731077	0
1780518540	XAUUSD	M5	4450.16						4448.56187242	4449.42459160	0
1780518840	XAUUSD	M5	4447.84						4447.07748395	4448.25103777	0
1780519140	XAUUSD	M5	4439.55						4445.48436621	4446.86770199	0
1780519440	XAUUSD	M5	4441.97						4444.22836922	4445.54803561	0
1780519740	XAUUSD	M5	4446.94					4439.04000	4443.54982221	4444.54892891	0
1780520040	XAUUSD	M5	4446.76						4443.60360421	4444.07626656	0
1780520340	XAUUSD	M5	4447.02						4444.56358231	4444.31992443	1
1780520640	XAUUSD	M5	4443.47						4446.45428771	4445.38710607	0
1780520940	XAUUSD	M5	4443.12						4449.19697286	4447.29203947	0
1780521240	XAUUSD	M5	4447.95						4452.48495265	4449.88849606	0
1780521540	XAUUSD	M5	4461.69						4455.77786304	4452.83317955	0
1780521840	XAUUSD	M5	4463.00						4458.35848955	4455.59583455	0
1780522140	XAUUSD	M5	4462.56						4459.91601496	4457.75592475	0
1780522440	XAUUSD	M5	4456.93						4460.40461460	4459.08026968	0
1780522740	XAUUSD	M5	4459.82						4460.11552639	4459.59789803	0
1780523040	XAUUSD	M5	4460.12						4459.31366951	4459.45578377	1
1780523340	XAUUSD	M5	4458.99						4458.38135429	4458.91856903	0
1780523640	XAUUSD	M5	4454.19						4457.71573506	4458.31715204	0
1780523940	XAUUSD	M5	4455.90						4457.67303659	4457.99509431	0
1780524240	XAUUSD	M5	4459.23						4458.29027737	4458.14268584	1
1780524540	XAUUSD	M5	4459.01						4459.39205520	4458.76737052	0
1780524840	XAUUSD	M5	4464.48						4460.74769767	4459.75753410	0
1780525140	XAUUSD	M5	4463.29				4468.06000		4461.97163482	4460.86458446	0
1780525440	XAUUSD	M5	4462.07						4462.88523878	4461.87491162	0
1780525740	XAUUSD	M5	4460.99						4463.43935422	4462.65713292	0
1780526040	XAUUSD	M5	4462.74						4463.66915940	4463.16314616	0
1780526340	XAUUSD	M5	4464.58						4463.63643966	4463.39979291	0
1780526640	XAUUSD	M5	4465.99						4463.43742614	4463.41860952	0
1780526940	XAUUSD	M5	4463.39						4463.16131440	4463.28996196	1
1780527240	XAUUSD	M5	4460.28						4462.92686479	4463.10841337	0
1780527540	XAUUSD	M5	4462.18						4462.78364752	4462.94603045	0
1780527840	XAUUSD	M5	4462.52						4462.57996975	4462.76300010	0
1780528140	XAUUSD	M5	4462.40						4462.13965340	4462.45132675	0
1780528440	XAUUSD	M5	4463.76						4461.31219750	4461.88176212	0
1780528740	XAUUSD	M5	4458.35						4459.99023288	4460.93599750	0
1780529040	XAUUSD	M5	4458.90						4458.33829496	4459.63714623	0
1780529340	XAUUSD	M5	4456.25						4456.53409850	4458.08562236	0
1780529640	XAUUSD	M5	4457.98						4454.92195179	4456.50378708	0
1780529940	XAUUSD	M5	4452.80						4453.79087905	4455.14733307	0
1780530240	XAUUSD	M5	4451.50						4453.53813433	4454.34273370	0
1780530540	XAUUSD	M5	4449.46						4454.32806297	4454.33539834	0
1780530840	XAUUSD	M5	4459.18						4456.12291421	4455.22915627	1
1780531140	XAUUSD	M5	4461.29						4458.41434568	4456.82175098	0
1780531440	XAUUSD	M5	4460.61				4467.19000		4460.70040971	4458.76108034	0
1780531740	XAUUSD	M5	4460.45						4462.47799141	4460.61953587	0
1780532040	XAUUSD	M5	4463.32						4463.25468500	4461.93711044	0
1780532340	XAUUSD	M5	4462.82						4462.62333807	4462.28022425	0
1780532640	XAUUSD	M5	4462.34						4460.48914688	4461.38468557	1
1780532940	XAUUSD	M5	4457.41						4457.03034011	4459.20751284	0
1780533240	XAUUSD	M5	4450.23						4452.76229253	4455.98490268	0
1780533540	XAUUSD	M5	4448.59						4448.40353854	4452.19422061	0
1780533840	XAUUSD	M5	4448.37						4444.56981479	4448.38201770	0
1780534140	XAUUSD	M5	4448.69						4441.73494456	4445.05848113	0
1780534440	XAUUSD	M5	4427.39						4440.17603044	4442.61725578	0
1780534740	XAUUSD	M5	4437.22					4426.50000	4440.39036738	4441.50381158	0
1780535040	XAUUSD	M5	4444.55						4441.90117367	4441.70249263	1
1780535340	XAUUSD	M5	4445.91						4444.09449048	4442.89849155	0
1780535640	XAUUSD	M5	4445.97						4446.43941776	4444.66895465	0
1780535940	XAUUSD	M5	4450.40						4448.51817327	4446.59356396	0
1780536240	XAUUSD	M5	4454.49						4450.00257151	4448.29806774	0
1780536540	XAUUSD	M5	4448.98						4450.78228738	4449.54017756	0
1780536840	XAUUSD	M5	4449.68						4451.14709303	4450.34363530	0
1780537140	XAUUSD	M5	4451.99						4451.34299873	4450.84331701	0
1780537440	XAUUSD	M5	4449.22						4451.56574318	4451.20453010	0
1780537740	XAUUSD	M5	4451.69						4452.02570829	4451.61511919	0
1780538040	XAUUSD	M5	4448.28						4452.66814590	4452.14163255	0
1780538340	XAUUSD	M5	4454.11						4453.41570174	4452.77866714	0
1780538640	XAUUSD	M5	4458.90				4459.61000		4453.87775429	4453.32821072	0
1780538940	XAUUSD	M5	4457.14						4453.67659086	4453.50240079	0
1780539240	XAUUSD	M5	4452.95						4452.68467200	4453.09353639	1
1780539540	XAUUSD	M5	4449.35						4450.97469824	4452.03411732	0
1780539840	XAUUSD	M5	4445.94						4448.76187057	4450.39799394	0
1780540140	XAUUSD	M5	4445.71						4446.36249229	4448.38024312	0
1780540440	XAUUSD	M5	4443.10						4444.08173349	4446.23098830	0
1780540740	XAUUSD	M5	4444.75						4442.24809692	4444.23954261	0
1780541040	XAUUSD	M5	4441.05						4440.99234794	4442.61594527	0
1780541340	XAUUSD	M5	4439.08						4440.42353028	4441.51973778	0
1780541640	XAUUSD	M5	4440.10						4440.46947997	4440.99460887	0
1780541940	XAUUSD	M5	4441.77						4440.87159535	4440.93310211	0
1780542240	XAUUSD	M5	4441.23						4441.30853085	4441.12081648	1
1780542540	XAUUSD	M5	4442.27						4441.53606466	4441.32844057	0
1780542840	XAUUSD	M5	4442.79						4441.35842500	4441.34343279	0
1780543140	XAUUSD	M5	4439.44						4440.71943519	4441.03143399	1
1780543440	XAUUSD	M5	4439.23						4439.77771109	4440.40457254	0
1780543740	XAUUSD	M5	4438.66						4438.73193814	4439.56825534	0
1780544040	XAUUSD	M5	4436.23						4437.79846599	4438.68336066	0
1780544340	XAUUSD	M5	4437.65					4433.81000	4437.22165294	4437.95250680	0
1780544640	XAUUSD	M5	4440.19						4437.10241125	4437.52745903	0
1780544940	XAUUSD	M5	4436.25						4437.42675684	4437.47710793	0
1780545240	XAUUSD	M5	4438.99						4438.24140174	4437.85925484	1
1780545540	XAUUSD	M5	4437.94						4439.36381679	4438.61153582	0
1780545840	XAUUSD	M5	4438.05						4440.65251145	4439.63202363	0
1780546140	XAUUSD	M5	4441.90						4441.91887632	4440.77544997	0
1780546440	XAUUSD	M5	4444.63						4442.90038373	4441.83791685	0
1780546740	XAUUSD	M5	4447.06				4448.42000		4443.41469657	4442.62630671	0
1780547040	XAUUSD	M5	4441.87						4443.36267184	4442.99448928	0
1780547340	XAUUSD	M5	4442.48						4442.90569034	4442.95008981	1
1780547640	XAUUSD	M5	4442.06						4442.12786833	4442.53897907	0
1780547940	XAUUSD	M5	4439.03						4441.17444430	4441.85671168	0
1780548240	XAUUSD	M5	4440.01						4440.26127528	4441.05899348	0
1780548540	XAUUSD	M5	4440.21						4439.48845173	4440.27372261	0
1780548840	XAUUSD	M5	4440.54						4438.92199233	4439.59785747	0
1780549140	XAUUSD	M5	4438.23						4438.56907229	4439.08346488	0
1780549440	XAUUSD	M5	4437.96						4438.44251112	4438.76298800	0
1780549740	XAUUSD	M5	4439.00						4438.46790468	4438.61544634	0
1780550040	XAUUSD	M5	4439.46						4438.52535022	4438.57039828	0
1780550340	XAUUSD	M5	4437.43						4438.53313682	4438.55176755	0
1780550640	XAUUSD	M5	4436.88					4435.50000	4438.49403753	4438.52290254	0
1780550940	XAUUSD	M5	4438.04						4438.41996776	4438.47143515	0
1780551240	XAUUSD	M5	4438.93						4438.33241459	4438.40192487	0
1780551540	XAUUSD	M5	4440.19						4438.29822430	4438.35007458	0
1780551840	XAUUSD	M5	4438.78						4438.40404662	4438.37706060	1
1780552140	XAUUSD	M5	4438.54						4438.80400489	4438.59053274	0
1780552440	XAUUSD	M5	4440.00						4439.59566917	4439.09310096	0
1780552740	XAUUSD	M5	4439.95						4440.78429357	4439.93869726	0
1780553040	XAUUSD	M5	4440.30						4442.34124267	4441.13996997	0
1780553340	XAUUSD	M5	4442.05						4444.15339444	4442.64668220	0
1780553640	XAUUSD	M5	4449.17						4446.01802782	4444.33235501	0
1780553940	XAUUSD	M5	4447.81						4447.59859066	4445.96547284	0
1780554240	XAUUSD	M5	4449.77						4448.79686774	4447.38117029	0
1780554540	XAUUSD	M5	4451.51						4449.49158663	4448.43637846	0
1780554840	XAUUSD	M5	4448.05				4452.26000		4449.63980802	4449.03809324	0
1780555140	XAUUSD	M5	4448.03						4449.37786911	4449.20798117	0
1780555440	XAUUSD	M5	4448.45						4448.78989485	4448.99893801	1
1780555740	XAUUSD	M5	4447.87						4447.96916459	4448.48405130	0
1780556040	XAUUSD	M5	4446.89						4447.01283651	4447.74844391	0
1780556340	XAUUSD	M5	4446.85						4446.00251871	4446.87548131	0
1780556640	XAUUSD	M5	4445.57						4444.94958387	4445.91253259	0
1780556940	XAUUSD	M5	4444.09						4443.85800569	4444.88526914	0
1780557240	XAUUSD	M5	4442.16						4442.72080951	4443.80303933	0
1780557540	XAUUSD	M5	4441.34						4441.53705656	4442.67004794	0
1780557840	XAUUSD	M5	4439.96						4440.29977359	4441.48491077	0
1780558140	XAUUSD	M5	4437.65						4439.03681871	4440.26086474	0
1780558440	XAUUSD	M5	4439.59						4437.81946841	4439.04016658	0
1780558740	XAUUSD	M5	4439.10						4436.64038761	4437.84027709	0
1780559040	XAUUSD	M5	4433.84						4435.54981338	4436.69504524	0
1780559340	XAUUSD	M5	4434.01						4434.68347849	4435.68926186	0
1780559640	XAUUSD	M5	4433.47						4434.02902399	4434.85914293	0
1780559940	XAUUSD	M5	4431.63						4433.55063140	4434.20488716	0
1780560240	XAUUSD	M5	4434.06						4433.21085428	4433.70787072	0
1780560540	XAUUSD	M5	4434.46						4432.88624172	4433.29705622	0
1780564440	XAUUSD	M5	4432.38						4432.52721686	4432.91213654	0
1780564740	XAUUSD	M5	4434.97						4432.19994871	4432.55604263	0
1780565040	XAUUSD	M5	4431.94						4431.93122136	4432.24363199	0
1780565340	XAUUSD	M5	4427.63					4424.01000	4431.91366357	4432.07864778	0
1780565640	XAUUSD	M5	4430.30						4432.37861835	4432.22863307	1
1780565940	XAUUSD	M5	4434.53						4433.36319994	4432.79591651	0
1780566240	XAUUSD	M5	4439.90						4434.80687266	4433.80139458	0
1780566540	XAUUSD	M5	4436.28						4436.54625862	4435.17382660	0
1780566840	XAUUSD	M5	4436.91						4438.57143805	4436.87263233	0
1780567140	XAUUSD	M5	4438.78						4440.73201943	4438.80232588	0
1780567440	XAUUSD	M5	4439.65						4442.83824158	4440.82028373	0
1780567740	XAUUSD	M5	4448.95						4444.74348865	4442.78188619	0
1780568040	XAUUSD	M5	4446.51						4446.17981033	4444.48084826	0
1780568340	XAUUSD	M5	4448.32						4447.23319647	4445.85702237	0
1780568640	XAUUSD	M5	4447.70						4447.98421693	4446.92061965	0
1780568940	XAUUSD	M5	4447.93						4448.63903098	4447.77982531	0
1780569240	XAUUSD	M5	4449.36						4449.38188155	4448.58085343	0
1780569540	XAUUSD	M5	4450.74						4450.34550463	4449.46317903	0
1780569840	XAUUSD	M5	4451.21						4451.58313249	4450.52315576	0
1780570140	XAUUSD	M5	4450.41						4453.08292919	4451.80304247	0
1780570440	XAUUSD	M5	4453.67						4454.76568336	4453.28436292	0
1780570740	XAUUSD	M5	4459.31						4456.37467745	4454.82952018	0
1780571040	XAUUSD	M5	4459.56						4457.57566168	4456.20259093	0
1780571340	XAUUSD	M5	4457.39						4458.17730533	4457.18994813	0
1780571640	XAUUSD	M5	4460.15						4458.11014152	4457.65004483	0
1780571940	XAUUSD	M5	4456.17						4457.28651833	4457.46828158	1
1780572240	XAUUSD	M5	4453.18						4455.86233741	4456.66530950	0
1780572540	XAUUSD	M5	4455.41						4454.04740292	4455.35635621	0
1780572840	XAUUSD	M5	4449.84						4451.99476831	4453.67556226	0
1780573140	XAUUSD	M5	4450.57						4450.07523491	4451.87539858	0
1780573440	XAUUSD	M5	4451.02						4448.53636394	4450.20588126	0
1780573740	XAUUSD	M5	4446.62						4447.61619321	4448.91103724	0
1780574040	XAUUSD	M5	4448.30						4447.59510137	4448.25306931	0
1780574340	XAUUSD	M5	4449.95						4448.53121474	4448.39214202	1
1780574640	XAUUSD	M5	4451.11						4450.36732975	4449.37973589	0
1780574940	XAUUSD	M5	4448.54						4452.93419314	4451.15696451	0
1780575240	XAUUSD	M5	4453.77					4443.41000	4456.04395378	4453.60045915	0
1780575540	XAUUSD	M5	4459.50						4459.27565487	4456.43805701	0
1780575840	XAUUSD	M5	4464.55						4462.20720701	4459.32263201	0
1780576140	XAUUSD	M5	4464.58						4464.49595161	4461.90929181	0
1780576440	XAUUSD	M5	4469.74				4473.57000		4466.02036948	4463.96483065	0
1780576740	XAUUSD	M5	4465.94						4466.66658922	4465.31570993	0
1780577040	XAUUSD	M5	4465.89						4466.63102481	4465.97336737	0
1780577340	XAUUSD	M5	4468.49						4466.10753652	4466.04045194	0
1780577640	XAUUSD	M5	4459.32						4465.24029465	4465.64037330	1
1780577940	XAUUSD	M5	4466.20						4464.39528970	4465.01783150	0
1780578240	XAUUSD	M5	4461.44						4463.51328550	4464.26555850	0
1780578540	XAUUSD	M5	4465.68						4462.72405349	4463.49480600	0
1780578840	XAUUSD	M5	4462.32						4461.91999913	4462.70740256	0
1780579140	XAUUSD	M5	4458.29						4461.16609584	4461.93674920	0
1780579440	XAUUSD	M5	4463.11						4460.58503492	4461.26089206	0
1780579740	XAUUSD	M5	4461.81						4460.14949786	4460.70519496	0
1780580040	XAUUSD	M5	4460.24						4460.02491461	4460.36505478	0
1780580340	XAUUSD	M5	4460.53						4460.40563267	4460.38534373	1
1780580640	XAUUSD	M5	4460.98						4461.41227916	4460.89881144	0
1780580940	XAUUSD	M5	4458.00						4463.07487054	4461.98684099	0
1780581240	XAUUSD	M5	4462.49						4465.38287057	4463.68485578	0
1780581540	XAUUSD	M5	4470.31						4468.01959274	4465.85222426	0
1780581840	XAUUSD	M5	4474.40						4470.50485830	4468.17854128	0
1780582140	XAUUSD	M5	4475.18						4472.44373269	4470.31113698	0
1780582440	XAUUSD	M5	4472.77						4473.57214299	4471.94163999	0
1780582740	XAUUSD	M5	4474.15						4473.81260395	4472.87712197	0
1780583040	XAUUSD	M5	4472.05						4473.14198544	4473.00955370	0
1780583340	XAUUSD	M5	4469.72						4471.72601982	4472.36778676	1
1780583640	XAUUSD	M5	4467.78						4469.83154887	4471.09966781	0
1780583940	XAUUSD	M5	4469.23						4467.74748842	4469.42357812	0
1780584240	XAUUSD	M5	4467.70						4465.68544169	4467.55450990	0
1780584540	XAUUSD	M5	4465.23						4463.88050617	4465.71750804	0
1780584840	XAUUSD	M5	4461.06						4462.54772704	4464.13261754	0
1780585140	XAUUSD	M5	4459.79						4461.89700560	4463.01481157	0
1780585440	XAUUSD	M5	4463.45						4462.02724143	4462.52102650	0
1780585740	XAUUSD	M5	4463.88						4462.86719983	4462.69411316	1
1780586040	XAUUSD	M5	4464.03						4464.37719717	4463.53565517	0
1780586340	XAUUSD	M5	4463.94						4466.47837413	4465.00701465	0
1780586640	XAUUSD	M5	4471.08						4469.05363603	4467.03032534	0
1780586940	XAUUSD	M5	4471.71						4471.79575227	4469.41303880	0
1780587240	XAUUSD	M5	4474.19						4474.50534714	4471.95919297	0
1780587540	XAUUSD	M5	4474.79						4476.94955957	4474.45437627	0
1780587840	XAUUSD	M5	4480.57						4478.95400807	4476.70419217	0
1780588140	XAUUSD	M5	4481.13						4480.28492218	4478.49455718	0
1780588440	XAUUSD	M5	4482.71				4484.08000		4480.90622208	4479.70038963	0
1780588740	XAUUSD	M5	4479.51						4480.83035014	4480.26536989	0
1780589040	XAUUSD	M5	4479.78						4480.24286717	4480.25411853	1
1780589340	XAUUSD	M5	4480.85						4479.29583246	4479.77497549	0
1780589640	XAUUSD	M5	4477.51						4478.12190930	4478.94844240	0
1780589940	XAUUSD	M5	4473.86						4476.92482199	4477.93663219	0
1780590240	XAUUSD	M5	4477.09						4475.86423650	4476.90043435	0
1780590540	XAUUSD	M5	4476.38						4474.88395624	4475.89219530	0
1780590840	XAUUSD	M5	4472.74						4473.97547788	4474.93383659	0
1780591140	XAUUSD	M5	4473.40						4473.18947425	4474.06165542	0
1780591440	XAUUSD	M5	4473.65						4472.49100782	4473.27633162	0
1780591740	XAUUSD	M5	4471.32						4471.87191507	4472.57412335	0
1780592040	XAUUSD	M5	4474.74						4471.40503834	4471.98958084	0
1780592340	XAUUSD	M5	4467.50						4471.05600745	4471.52279415	0
1780592640	XAUUSD	M5	4469.31						4471.01292433	4471.26785924	0
1780592940	XAUUSD	M5	4469.24						4471.23069387	4471.24927655	0
1780593240	XAUUSD	M5	4473.63						4471.64514623	4471.44721139	1
1780593540	XAUUSD	M5	4475.98						4472.05790358	4471.75255748	0
1780593840	XAUUSD	M5	4474.14						4472.31352917	4472.03304333	0
1780594140	XAUUSD	M5	4469.32						4472.36552218	4472.19928275	0
1780594440	XAUUSD	M5	4468.07						4472.26900540	4472.23414408	0
1780594740	XAUUSD	M5	4472.25						4472.02148166	4472.12781287	1
1780595040	XAUUSD	M5	4474.97						4471.53942209	4471.83361748	0
1780595340	XAUUSD	M5	4473.07						4470.81068798	4471.32215273	0
1780595640	XAUUSD	M5	4469.34						4469.96366741	4470.64291007	0
1780595940	XAUUSD	M5	4467.05						4469.17278536	4469.90784771	0
1780596240	XAUUSD	M5	4467.73						4468.54705803	4469.22745287	0
1780596540	XAUUSD	M5	4467.78						4468.07343870	4468.65044578	0
1780596840	XAUUSD	M5	4470.21						4467.69988900	4468.17516739	0
1780597140	XAUUSD	M5	4465.79						4467.27996871	4467.72756805	0
1780597440	XAUUSD	M5	4464.15						4466.82332892	4467.27544848	0
1780597740	XAUUSD	M5	4469.31						4466.29592657	4466.78568753	0
1780598040	XAUUSD	M5	4465.99						4465.55617896	4466.17093324	0
1780598340	XAUUSD	M5	4465.20						4464.70504820	4465.43799072	0
1780598640	XAUUSD	M5	4463.76						4463.84543055	4464.64171064	0
1780598940	XAUUSD	M5	4463.57						4463.11623589	4463.87897326	0
1780599240	XAUUSD	M5	4461.38						4462.61110484	4463.24503905	0
1780599540	XAUUSD	M5	4461.34						4462.41092848	4462.82798376	0
1780599840	XAUUSD	M5	4461.55						4462.49055063	4462.65926720	0
1780600140	XAUUSD	M5	4461.73						4462.75906682	4462.70916701	1
1780600440	XAUUSD	M5	4465.84						4463.08336237	4462.89626469	0
1780600740	XAUUSD	M5	4465.76						4463.24875107	4463.07250788	0
1780601040	XAUUSD	M5	4460.84						4463.18399609	4463.12825198	0
1780601340	XAUUSD	M5	4464.09						4462.99137277	4463.05981238	1
1780601640	XAUUSD	M5	4459.84						4462.66733566	4462.86357402	0
1780601940	XAUUSD	M5	4463.51					4458.51000	4462.41012056	4462.63684729	0
1780602240	XAUUSD	M5	4464.65						4462.24772933	4462.44228831	0
1780602540	XAUUSD	M5	4460.67						4462.24215247	4462.34222039	0
1780602840	XAUUSD	M5	4463.44						4462.51860206	4462.43041123	1
1780603140	XAUUSD	M5	4460.17						4463.00018406	4462.71529764	0
1780603440	XAUUSD	M5	4463.55						4463.68150636	4463.19840200	0
1780603740	XAUUSD	M5	4463.35						4464.37484844	4463.78662522	0
1780604040	XAUUSD	M5	4467.27						4464.97027655	4464.37845088	0
1780604340	XAUUSD	M5	4468.52						4465.33829397	4464.85837243	0
1780604640	XAUUSD	M5	4463.50						4465.49048403	4465.17442823	0
1780604940	XAUUSD	M5	4466.08						4465.64971568	4465.41207195	0
1780605240	XAUUSD	M5	4466.07						4465.89067616	4465.65137406	0
1780605540	XAUUSD	M5	4464.70						4466.33443254	4465.99290330	0
1780605840	XAUUSD	M5	4466.70						4467.07254175	4466.53272252	0
1780606140	XAUUSD	M5	4467.32						4468.05641132	4467.29456692	0
1780606440	XAUUSD	M5	4468.05						4469.17332918	4468.23394805	0
1780606740	XAUUSD	M5	4470.82						4470.24460638	4469.23927722	0
1780607040	XAUUSD	M5	4475.03						4471.02045306	4470.12986514	0
1780607340	XAUUSD	M5	4470.41						4471.26712803	4470.69849658	0
1780607640	XAUUSD	M5	4470.13						4471.04722089	4470.87285874	0
1780607940	XAUUSD	M5	4469.53						4470.44040151	4470.65663012	1
1780608240	XAUUSD	M5	4471.29						4469.62710152	4470.14186582	0
1780608540	XAUUSD	M5	4468.84						4468.78915510	4469.46551046	0
1780608840	XAUUSD	M5	4467.06						4468.20051374	4468.83301210	0
1780609140	XAUUSD	M5	4467.68						4468.05764812	4468.44533011	0
1780609440	XAUUSD	M5	4467.86						4468.40423527	4468.42478269	0
1780609740	XAUUSD	M5	4469.14						4469.17066326	4468.79772298	1
1780610040	XAUUSD	M5	4471.32						4470.18111951	4469.48942124	0
1780610340	XAUUSD	M5	4471.40						4471.21845717	4470.35393921	0
1780610640	XAUUSD	M5	4471.09						4472.14127534	4471.24760727	0
1780610940	XAUUSD	M5	4473.72						4472.93187951	4472.08974339	0
1780611240	XAUUSD	M5	4472.25						4473.62868724	4472.85921532	0
1780611540	XAUUSD	M5	4477.56						4474.48536429	4473.67228981	0
1780611840	XAUUSD	M5	4473.53						4475.68203200	4474.67716090	0
1780612140	XAUUSD	M5	4477.91						4477.59432064	4476.13574077	0
1780612440	XAUUSD	M5	4478.88						4480.32784157	4478.23179117	0
1780612740	XAUUSD	M5	4489.58						4483.89476337	4481.06327727	0
1780613040	XAUUSD	M5	4485.26						4487.89387882	4484.47857805	0
1780613340	XAUUSD	M5	4487.90						4492.09151865	4488.28504835	0
1780613640	XAUUSD	M5	4491.51						4496.01282806	4492.14893820	0
1780613940	XAUUSD	M5	4501.28						4499.16639595	4495.65766708	0
1780614240	XAUUSD	M5	4503.83						4501.03549318	4498.34658013	0
1780614540	XAUUSD	M5	4511.65				4514.80000		4501.49771348	4499.92214681	0
1780614840	XAUUSD	M5	4497.24						4500.58616249	4500.25415465	0
1780615140	XAUUSD	M5	4498.29						4499.06545679	4499.65980572	1
1780615440	XAUUSD	M5	4493.89						4497.46963194	4498.56471883	0
1780615740	XAUUSD	M5	4492.47						4496.41598100	4497.49034992	0
1780616040	XAUUSD	M5	4497.45						4496.28350009	4496.88692500	0
1780616340	XAUUSD	M5	4498.87						4497.05605242	4496.97148871	1
1780616640	XAUUSD	M5	4499.19						4498.55883439	4497.76516155	0
1780616940	XAUUSD	M5	4498.94						4500.46252670	4499.11384413	0
1780617240	XAUUSD	M5	4502.12						4502.39069973	4500.75227193	0
1780617540	XAUUSD	M5	4505.07						4503.94299148	4502.34763171	0
1780617840	XAUUSD	M5	4508.45						4504.88829917	4503.61796544	0
1780618140	XAUUSD	M5	4504.15						4505.19806984	4504.40801764	0
1780618440	XAUUSD	M5	4505.12						4505.18775897	4504.79788830	0
1780618740	XAUUSD	M5	4504.82						4505.13659690	4504.96724260	0
1780619040	XAUUSD	M5	4503.18						4505.31110815	4505.13917538	0
1780619340	XAUUSD	M5	4507.86						4505.88183251	4505.51050394	0
1780619640	XAUUSD	M5	4504.81						4506.69072775	4506.10061585	0
1780619940	XAUUSD	M5	4504.66						4507.57948833	4506.84005209	0
1780620240	XAUUSD	M5	4506.46						4508.21938083	4507.52971646	0
1780620540	XAUUSD	M5	4509.28						4508.23233880	4507.88102763	0
1780620840	XAUUSD	M5	4514.99						4507.30044819	4507.59073791	1
1780621140	XAUUSD	M5	4510.02				4515.45000		4505.23988066	4506.41530929	0
1780621440	XAUUSD	M5	4498.64						4502.29458025	4504.35494477	0
1780621740	XAUUSD	M5	4495.70						4498.99406368	4501.67450422	0
1780622040	XAUUSD	M5	4495.51						4495.69305636	4498.68378029	0
1780622340	XAUUSD	M5	4490.05						4492.61280145	4495.64829087	0
1780622640	XAUUSD	M5	4487.79						4489.92821341	4492.78825214	0
1780622940	XAUUSD	M5	4487.57						4487.57606453	4490.18215834	0
1780623240	XAUUSD	M5	4485.20						4485.32224691	4487.75220262	0
1780623540	XAUUSD	M5	4486.14						4482.95917509	4485.35568886	0
1780623840	XAUUSD	M5	4484.21						4480.27250483	4482.81409684	0
1780624140	XAUUSD	M5	4480.22						4477.27980548	4480.04695116	0
1780624440	XAUUSD	M5	4474.55						4474.19356591	4477.12025854	0
1780624740	XAUUSD	M5	4466.53						4471.38828430	4474.25427142	0
1780625040	XAUUSD	M5	4464.08					4457.31000	4469.30729210	4471.78078176	0
1780625340	XAUUSD	M5	4465.93						4468.18278263	4469.98178220	0
1780625640	XAUUSD	M5	4470.34						4468.00472577	4468.99325398	0
1780625940	XAUUSD	M5	4470.31						4468.55068533	4468.77196965	0
1780626240	XAUUSD	M5	4471.91						4469.59215930	4469.18206448	1
1780626540	XAUUSD	M5	4473.55						4470.81864801	4470.00035625	0
1780626840	XAUUSD	M5	4470.85						4471.95001259	4470.97518442	0
1780627140	XAUUSD	M5	4470.87						4472.90174086	4471.93846264	0
1780627440	XAUUSD	M5	4471.87						4473.65352364	4472.79599314	0
1780627740	XAUUSD	M5	4477.10						4474.26164933	4473.52882124	0
1780628040	XAUUSD	M5	4472.73						4474.75597508	4474.14239816	0
1780628340	XAUUSD	M5	4474.41						4475.39639797	4474.76939806	0
1780628640	XAUUSD	M5	4477.98						4476.26059604	4475.51499705	0
1780628940	XAUUSD	M5	4477.37						4477.31369378	4476.41434542	0
1780629240	XAUUSD	M5	4476.36						4478.53778360	4477.47606451	0
1780629540	XAUUSD	M5	4482.62						4479.86508288	4478.67057369	0
1780629840	XAUUSD	M5	4479.09						4481.03456676	4479.85257023	0
1780630140	XAUUSD	M5	4483.30						4482.01666925	4480.93461974	0
1780630440	XAUUSD	M5	4484.32						4482.66179765	4481.79820870	0
1780630740	XAUUSD	M5	4483.56				4485.05000		4482.94791550	4482.37306210	0
1780631040	XAUUSD	M5	4480.67						4482.93097599	4482.65201904	0
1780631340	XAUUSD	M5	4481.94						4482.73025083	4482.69113494	0
1780631640	XAUUSD	M5	4481.46						4482.37655585	4482.53384539	1
1780631940	XAUUSD	M5	4481.68						4481.91274696	4482.22329618	0
1780632240	XAUUSD	M5	4481.78						4481.34176275	4481.78252947	0
1780632540	XAUUSD	M5	4482.85						4480.65960318	4481.22106632	0
1780632840	XAUUSD	M5	4481.47						4479.84460660	4480.53283646	0
1780633140	XAUUSD	M5	4479.61						4478.96035530	4479.74659588	0
1780633440	XAUUSD	M5	4475.99						4478.10731503	4478.92695546	0
1780633740	XAUUSD	M5	4475.57						4477.43955630	4478.18325588	0
1780634040	XAUUSD	M5	4475.46						4477.02881589	4477.60603588	0
1780634340	XAUUSD	M5	4476.97						4476.90477754	4477.25540671	0
1780634640	XAUUSD	M5	4479.86						4477.01921630	4477.13731151	0
1780634940	XAUUSD	M5	4478.19						4477.26625434	4477.20178292	1
1780635240	XAUUSD	M5	4476.86						4477.62857103	4477.41517698	0
1780635540	XAUUSD	M5	4478.70						4478.06648362	4477.74083030	0
1780635840	XAUUSD	M5	4478.43						4478.45795399	4478.09939214	0
1780636140	XAUUSD	M5	4478.20						4478.73274671	4478.41606942	0
1780636440	XAUUSD	M5	4477.22						4478.83014757	4478.62310850	0
1780636740	XAUUSD	M5	4477.46						4478.73006424	4478.67658637	0
1780637040	XAUUSD	M5	4478.87						4478.41314262	4478.54486449	1
1780637340	XAUUSD	M5	4478.73						4477.88519776	4478.21503113	0
1780637640	XAUUSD	M5	4480.25						4477.22307528	4477.71905320	0
1780637940	XAUUSD	M5	4478.23						4476.49954165	4477.10929742	0
1780638240	XAUUSD	M5	4473.76						4475.89018294	4476.49974018	0
1780638540	XAUUSD	M5	4473.70					4472.81000	4475.61096504	4476.05535261	0
1780638840	XAUUSD	M5	4474.36						4475.71851622	4475.88693441	0
1780639140	XAUUSD	M5	4475.47						4476.19293996	4476.03993719	1
1780639440	XAUUSD	M5	4477.99						4476.92887285	4476.48440502	0
1780639740	XAUUSD	M5	4478.13						4477.74954791	4477.11697647	0
1780640040	XAUUSD	M5	4481.46				4483.38000		4478.52437894	4477.82067770	0
1780640340	XAUUSD	M5	4478.50						4479.07595985	4478.44831877	0
1780640640	XAUUSD	M5	4478.22						4479.40931502	4478.92881690	0
1780640940	XAUUSD	M5	4478.80						4479.52938799	4479.22910244	0
1780641240	XAUUSD	M5	4479.32						4479.46597466	4479.34753855	0
1780641540	XAUUSD	M5	4480.20						4479.28400674	4479.31577265	1
1780641840	XAUUSD	M5	4478.78						4479.04823069	4479.18200167	0
1780642140	XAUUSD	M5	4479.14						4478.86650662	4479.02425414	0
1780642440	XAUUSD	M5	4478.07						4478.77775829	4478.90100622	0
1780642740	XAUUSD	M5	4478.48						4478.81802918	4478.85951770	0
1780643040	XAUUSD	M5	4478.48						4478.94931386	4478.90441578	1
1780643340	XAUUSD	M5	4480.73						4479.11150436	4479.00796007	0
1780643640	XAUUSD	M5	4479.76						4479.18565232	4479.09680619	0
1780643940	XAUUSD	M5	4479.50						4479.13216080	4479.11448350	0
1780644240	XAUUSD	M5	4477.97						4478.91479947	4479.01464149	1
1780644540	XAUUSD	M5	4477.76						4478.54138170	4478.77801159	0
1780644840	XAUUSD	M5	4477.75						4478.00454305	4478.39127732	0
1780645140	XAUUSD	M5	4477.75						4477.31817301	4477.85472516	0
1780645440	XAUUSD	M5	4475.97						4476.52801737	4477.19137127	0
1780645740	XAUUSD	M5	4476.20						4475.74710815	4476.46923971	0
1780646040	XAUUSD	M5	4475.15						4475.06550871	4475.76737421	0
1780646340	XAUUSD	M5	4474.79						4474.61262694	4475.19000058	0
1780646640	XAUUSD	M5	4475.81						4474.48407157	4474.83703607	0
1780646940	XAUUSD	M5	4475.40						4474.69600380	4474.76651994	0
1780650840	XAUUSD	M5	4473.89						4475.23819769	4475.00235881	1
1780651140	XAUUSD	M5	4474.90						4476.05752935	4475.52994408	0
1780651440	XAUUSD	M5	4475.38						4476.97604031	4476.25299219	0
1780651740	XAUUSD	M5	4477.89						4477.79658918	4477.02479069	0
1780652040	XAUUSD	M5	4479.46						4478.28438057	4477.65458563	0
1780652340	XAUUSD	M5	4478.96						4478.27207506	4477.96333034	0
1780652640	XAUUSD	M5	4478.22				4481.62000		4477.73304805	4477.84818920	1
1780652940	XAUUSD	M5	4479.09						4476.72302024	4477.28560472	0
1780653240	XAUUSD	M5	4475.18						4475.35091374	4476.31825923	0
1780653540	XAUUSD	M5	4473.55						4473.87497112	4475.09661517	0
1780653840	XAUUSD	M5	4469.73						4472.49106186	4473.79383852	0
1780654140	XAUUSD	M5	4469.48						4471.40465140	4472.59924496	0
1780654440	XAUUSD	M5	4470.09						4470.65274694	4471.62599595	0
1780654740	XAUUSD	M5	4471.77						4470.18041689	4470.90320642	0
1780655040	XAUUSD	M5	4471.12						4469.84710826	4470.37515734	0
1780655340	XAUUSD	M5	4470.00						4469.53662154	4469.95588944	0
1780655640	XAUUSD	M5	4471.61						4469.13983468	4469.54786206	0
1780655940	XAUUSD	M5	4469.39						4468.50953846	4469.02870026	0
1780656240	XAUUSD	M5	4465.76						4467.63173184	4468.33021605	0
1780656540	XAUUSD	M5	4463.75						4466.56141111	4467.44581358	0
1780656840	XAUUSD	M5	4463.41						4465.34719456	4466.39650407	0
1780657140	XAUUSD	M5	4464.04						4464.01216047	4465.20433227	0
1780657440	XAUUSD	M5	4464.38						4462.57268190	4463.88850709	0
1780657740	XAUUSD	M5	4461.82						4461.06465706	4462.47658208	0
1780658040	XAUUSD	M5	4462.22						4459.61990994	4461.04824601	0
1780658340	XAUUSD	M5	4461.45						4458.33383293	4459.69103947	0
1780658640	XAUUSD	M5	4455.32						4457.33343951	4458.51223949	0
1780658940	XAUUSD	M5	4452.31						4456.85935297	4457.68579623	0
1780659240	XAUUSD	M5	4454.52						4457.03352160	4457.35965891	0
1780659540	XAUUSD	M5	4457.64						4457.79534965	4457.57750428	1
1780659840	XAUUSD	M5	4460.48						4458.99347657	4458.28549043	0
1780660140	XAUUSD	M5	4464.33						4460.42781131	4459.35665087	0
1780660440	XAUUSD	M5	4463.09						4461.83914855	4460.59789971	0
1780660740	XAUUSD	M5	4461.51						4463.07744719	4461.83767345	0
1780661040	XAUUSD	M5	4465.17						4464.01529480	4462.92648412	0
1780661340	XAUUSD	M5	4459.64						4464.43261251	4463.67954832	0
1780661640	XAUUSD	M5	4466.08						4464.35304327	4464.01629579	0
1780661940	XAUUSD	M5	4464.37				4469.91000		4463.57488345	4463.79558962	1
1780662240	XAUUSD	M5	4460.44						4462.13899849	4462.96729406	0
1780662540	XAUUSD	M5	4462.94						4460.20281020	4461.58505213	0
1780662840	XAUUSD	M5	4455.37						4457.83142754	4459.70823983	0
1780663140	XAUUSD	M5	4458.50						4455.35713821	4457.53268902	0
1780663440	XAUUSD	M5	4453.99						4452.88578982	4455.20923942	0
1780663740	XAUUSD	M5	4449.70						4450.69316097	4452.95120020	0
1780664040	XAUUSD	M5	4446.01						4449.01892192	4450.98506106	0
1780664340	XAUUSD	M5	4446.61						4448.02060454	4449.50283280	0
1780664640	XAUUSD	M5	4450.60						4447.67107038	4448.58695159	0
1780664940	XAUUSD	M5	4446.96						4447.77464248	4448.18079703	0
1780665240	XAUUSD	M5	4449.43						4448.24599002	4448.21339353	1
1780665540	XAUUSD	M5	4447.48						4448.82643298	4448.51991325	0
1780665840	XAUUSD	M5	4449.51						4449.34778955	4448.93385140	0
1780666140	XAUUSD	M5	4447.57						4449.58429625	4449.25907383	0
1780666440	XAUUSD	M5	4452.98						4449.45545704	4449.35726543	0
1780666740	XAUUSD	M5	4451.28						4448.79257743	4449.07492143	1
1780667040	XAUUSD	M5	4445.03						4447.67507029	4448.37499586	0
1780667340	XAUUSD	M5	4445.12						4446.33978736	4447.35739161	0
1780667640	XAUUSD	M5	4442.98						4444.90326003	4446.13032582	0
1780667940	XAUUSD	M5	4445.66						4443.51812428	4444.82422505	0
1780668240	XAUUSD	M5	4443.25						4442.19740799	4443.51081652	0
1780668540	XAUUSD	M5	4440.55						4441.02805376	4442.26943514	0
1780668840	XAUUSD	M5	4438.40						4440.07615567	4441.17279540	0
1780669140	XAUUSD	M5	4439.94						4439.38086264	4440.27682902	0
1780669440	XAUUSD	M5	4441.01						4438.88883033	4439.58282967	0
1780669740	XAUUSD	M5	4438.58						4438.57667285	4439.07975126	0
1780670040	XAUUSD	M5	4437.45					4435.20000	4438.50762934	4438.79369030	0
1780670340	XAUUSD	M5	4436.76						4438.71656621	4438.75512825	0
1780670640	XAUUSD	M5	4439.81						4439.21289912	4438.98401369	1
1780670940	XAUUSD	M5	4440.49						4439.87111514	4439.42756441	0
1780671240	XAUUSD	M5	4441.06						4440.58567018	4440.00661730	0
1780671540	XAUUSD	M5	4441.27						4441.23787068	4440.62224399	0
1780671840	XAUUSD	M5	4440.77						4441.70674654	4441.16449526	0
1780672140	XAUUSD	M5	4442.45						4441.91308845	4441.53879185	0
1780672440	XAUUSD	M5	4442.57						4441.77858533	4441.65868859	0
1780672740	XAUUSD	M5	4440.59						4441.33290207	4441.49579533	1
1780673040	XAUUSD	M5	4441.65						4440.72642792	4441.11111163	0
1780673340	XAUUSD	M5	4439.35						4440.09443979	4440.60277571	0
1780673640	XAUUSD	M5	4439.71						4439.65400119	4440.12838845	0
1780673940	XAUUSD	M5	4439.71						4439.54308402	4439.83573624	0
1780674240	XAUUSD	M5	4439.53						4439.85136210	4439.84354917	1
1780674540	XAUUSD	M5	4441.69						4440.58666776	4440.21510846	0
1780674840	XAUUSD	M5	4440.74						4441.62924371	4440.92217609	0
1780675140	XAUUSD	M5	4441.21						4442.87013223	4441.89615416	0
1780675440	XAUUSD	M5	4444.19						4444.14570424	4443.02092920	0
1780675740	XAUUSD	M5	4444.93						4445.24487769	4444.13290344	0
1780676040	XAUUSD	M5	4447.66				4450.02000		4446.06295026	4445.09792685	0
1780676340	XAUUSD	M5	4447.39						4446.52302975	4445.81047830	0
1780676640	XAUUSD	M5	4449.05						4446.67065043	4446.24056436	0
1780676940	XAUUSD	M5	4445.49						4446.53725269	4446.38890853	0
1780677240	XAUUSD	M5	4445.01						4446.26356268	4446.32623560	1
1780677540	XAUUSD	M5	4444.76						4445.89449918	4446.11036739	0
1780677840	XAUUSD	M5	4442.76						4445.42325408	4445.76681074	0
1780678140	XAUUSD	M5	4445.49						4444.84510572	4445.30595823	0
1780678440	XAUUSD	M5	4443.53						4444.04446724	4444.67521273	0
1780678740	XAUUSD	M5	4447.53						4443.04702251	4443.86111762	0
1780679040	XAUUSD	M5	4443.57						4441.81658992	4442.83885377	0
1780679340	XAUUSD	M5	4440.00						4440.57550244	4441.70717811	0
1780679640	XAUUSD	M5	4437.56						4439.58762794	4440.64740302	0
1780679940	XAUUSD	M5	4440.30						4439.09609574	4439.87174938	0
1780680240	XAUUSD	M5	4436.64						4439.17947088	4439.52561013	0
1780680540	XAUUSD	M5	4436.70					4428.84000	4439.97089976	4439.74825495	1
1780680840	XAUUSD	M5	4444.14						4441.41533749	4440.58179622	0
1780681140	XAUUSD	M5	4442.37						4443.20923496	4441.89551559	0
1780681440	XAUUSD	M5	4446.67						4445.22210180	4443.55880869	0
1780681740	XAUUSD	M5	4448.40						4447.21402793	4445.38641831	0
1780682040	XAUUSD	M5	4448.41						4449.07247937	4447.22944884	0
1780682340	XAUUSD	M5	4453.60						4450.80529316	4449.01737100	0
1780682640	XAUUSD	M5	4451.17						4452.39225114	4450.70481107	0
1780682940	XAUUSD	M5	4452.81						4454.02766290	4452.36623698	0
1780683240	XAUUSD	M5	4454.69						4455.80374158	4454.08498928	0
1780683540	XAUUSD	M5	4457.38						4457.73621169	4455.91060048	0
1780683840	XAUUSD	M5	4458.50						4459.72619067	4457.81839558	0
1780684140	XAUUSD	M5	4461.71						4461.62343237	4459.72091397	0
1780684440	XAUUSD	M5	4464.13						4463.18398880	4461.45245139	0
1780684740	XAUUSD	M5	4467.11						4464.19113679	4462.82179409	0
1780685040	XAUUSD	M5	4466.12						4464.49652921	4463.65916165	0
1780685340	XAUUSD	M5	4461.99						4464.16001337	4463.90958751	0
1780685640	XAUUSD	M5	4462.10						4463.42903868	4463.66931310	1
1780685940	XAUUSD	M5	4462.71						4462.53141069	4463.10036190	0
1780686240	XAUUSD	M5	4461.81						4461.70586323	4462.40311256	0
1780686540	XAUUSD	M5	4460.88						4461.17599784	4461.78955520	0
1780686840	XAUUSD	M5	4461.56						4461.07605208	4461.43280364	0
1780687140	XAUUSD	M5	4460.75						4461.39030893	4461.41155629	0
1780687440	XAUUSD	M5	4461.10						4462.02170815	4461.71663222	1
1780687740	XAUUSD	M5	4463.00						4462.78080753	4462.24871988	0
1780688040	XAUUSD	M5	4463.73						4463.42508108	4462.83690048	0
1780688340	XAUUSD	M5	4466.82						4463.79736537	4463.31713292	0
1780688640	XAUUSD	M5	4463.42						4463.77881202	4463.54797247	0
1780688940	XAUUSD	M5	4461.94						4463.50073525	4463.52435386	1
1780689240	XAUUSD	M5	4461.88						4463.11588219	4463.32011803	0
1780689540	XAUUSD	M5	4463.55						4462.78575291	4463.05293547	0
1780689840	XAUUSD	M5	4463.84						4462.60386693	4462.82840120	0
1780690140	XAUUSD	M5	4462.68						4462.63604083	4462.73222102	0
1780690440	XAUUSD	M5	4461.01						4462.91782499	4462.82502300	1
1780690740	XAUUSD	M5	4460.79						4463.42872553	4463.12687427	0
1780691040	XAUUSD	M5	4466.03						4464.07221623	4463.59954525	0
1780691340	XAUUSD	M5	4467.68				4469.44000		4464.61598528	4464.10776526	0
1780691640	XAUUSD	M5	4466.70						4464.93567781	4464.52172154	0
1780691940	XAUUSD	M5	4462.94						4465.03052780	4464.77612467	0
1780692240	XAUUSD	M5	4463.74						4465.02050347	4464.89831407	0
1780692540	XAUUSD	M5	4463.36						4464.95584175	4464.92707791	0
1780692840	XAUUSD	M5	4465.96						4464.90612796	4464.91660294	1
1780693140	XAUUSD	M5	4465.32						4464.85765729	4464.88713011	0
1780693440	XAUUSD	M5	4465.55						4464.83942591	4464.86327801	0
1780693740	XAUUSD	M5	4464.90						4464.84691230	4464.85509516	0
1780694040	XAUUSD	M5	4463.51						4464.87933270	4464.86721393	1
1780694340	XAUUSD	M5	4464.84						4464.95797034	4464.91259213	0
1780694640	XAUUSD	M5	4465.18						4465.04390230	4464.97824722	0
1780694940	XAUUSD	M5	4465.41						4465.11218886	4465.04521804	0
1780695240	XAUUSD	M5	4467.20						4465.15820803	4465.10171303	0
1780695540	XAUUSD	M5	4465.99						4465.17046070	4465.13608687	0
1780695840	XAUUSD	M5	4462.95						4465.19164379	4465.16386533	0
1780696140	XAUUSD	M5	4463.25						4465.27131345	4465.21758939	0
1780696440	XAUUSD	M5	4464.56						4465.36562831	4465.29160885	0
1780696740	XAUUSD	M5	4466.78						4465.39903406	4465.34532145	0
1780697040	XAUUSD	M5	4466.26						4465.28788899	4465.31660522	1
1780697340	XAUUSD	M5	4467.02						4465.04587748	4465.18124135	0
1780697640	XAUUSD	M5	4463.90						4464.68552771	4464.93338453	0
1780697940	XAUUSD	M5	4466.84						4464.32756950	4464.63047702	0
1780698240	XAUUSD	M5	4461.42						4463.96982206	4464.30014954	0
1780698540	XAUUSD	M5	4461.79						4463.77438068	4464.03726511	0
1780698840	XAUUSD	M5	4461.59						4463.75177954	4463.89452232	0
1780699140	XAUUSD	M5	4466.09						4463.90520743	4463.89986488	1
1780699440	XAUUSD	M5	4465.32						4464.16263356	4464.03124922	0
1780699740	XAUUSD	M5	4463.40						4464.57657614	4464.30391268	0
1780700040	XAUUSD	M5	4464.95						4465.25207278	4464.77799273	0
1780700340	XAUUSD	M5	4466.95						4466.22064627	4465.49931950	0
1780700640	XAUUSD	M5	4471.96						4467.45253485	4466.47592717	0
1780700940	XAUUSD	M5	4470.13						4468.77970237	4467.62781477	0
1780701240	XAUUSD	M5	4465.28						4470.05125485	4468.83953481	0
1780701540	XAUUSD	M5	4467.73						4471.04256064	4469.94104773	0
1780701840	XAUUSD	M5	4469.28						4471.23344161	4470.58724467	0
1780702140	XAUUSD	M5	4472.87						4470.06964242	4470.32844354	1
1780702440	XAUUSD	M5	4468.57				4475.64000		4467.03654685	4468.68249519	0
1780702740	XAUUSD	M5	4465.15						4462.01607616	4465.34928568	0
1780703040	XAUUSD	M5	4453.22						4455.17651824	4460.26290196	0
1780703340	XAUUSD	M5	4443.95						4447.19066454	4453.72678325	0
1780703640	XAUUSD	M5	4445.81						4438.88638342	4446.30658333	0
1780703940	XAUUSD	M5	4440.16						4430.90825922	4438.60742128	0
1780704240	XAUUSD	M5	4417.00						4423.96250033	4431.28496080	0
1780704540	XAUUSD	M5	4406.35						4418.88873574	4425.08684827	0
1780704840	XAUUSD	M5	4411.96						4415.85250277	4420.46967552	0
1780705140	XAUUSD	M5	4416.50						4414.25234694	4417.36101123	0
1780705440	XAUUSD	M5	4418.53						4413.23395511	4415.29748317	0
1780705740	XAUUSD	M5	4417.53						4411.92889166	4413.61318741	0
1780706040	XAUUSD	M5	4409.93						4409.67952005	4411.64635373	0
1780706340	XAUUSD	M5	4405.16						4406.26606671	4408.95621022	0
1780706640	XAUUSD	M5	4404.97						4401.73933250	4405.34777136	0
1780706940	XAUUSD	M5	4392.30						4396.32488425	4400.83632781	0
1780707240	XAUUSD	M5	4389.52						4390.67654856	4395.75643818	0
1780707540	XAUUSD	M5	4383.77						4385.22638051	4390.49140935	0
1780707840	XAUUSD	M5	4385.08						4380.32819398	4385.40980166	0
1780708140	XAUUSD	M5	4365.81						4375.97198898	4380.69089532	0
1780708440	XAUUSD	M5	4372.32						4372.40682118	4376.54885825	0
1780708740	XAUUSD	M5	4374.74						4369.19248423	4372.87067124	0
1780709040	XAUUSD	M5	4366.17						4365.99396560	4369.43231842	0
1780709340	XAUUSD	M5	4369.46						4362.87139490	4366.15185666	0
1780709640	XAUUSD	M5	4357.52						4359.80756472	4362.97971069	0
1780709940	XAUUSD	M5	4361.01						4357.29318680	4360.13644874	0
1780710240	XAUUSD	M5	4353.06						4355.54952730	4357.84298802	0
1780710540	XAUUSD	M5	4348.61						4354.99970460	4356.42134631	0
1780710840	XAUUSD	M5	4349.26						4355.78841531	4356.10488081	0
1780711140	XAUUSD	M5	4356.58						4357.66413095	4356.88450588	1
1780711440	XAUUSD	M5	4362.96						4359.96977474	4358.42714031	0
1780711740	XAUUSD	M5	4369.70						4361.93354112	4360.18034071	0
1780712040	XAUUSD	M5	4368.46						4362.80518021	4361.49276046	0
1780712340	XAUUSD	M5	4362.16						4362.21827518	4361.85551782	0
1780712640	XAUUSD	M5	4353.29						4360.20315244	4361.02933513	1
1780712940	XAUUSD	M5	4355.34						4357.12784795	4359.07859154	0
1780713240	XAUUSD	M5	4352.82						4353.32881495	4356.20370324	0
1780713540	XAUUSD	M5	4351.89						4349.34421691	4352.77396008	0
1780713840	XAUUSD	M5	4346.92						4345.62595379	4349.19995693	0
1780714140	XAUUSD	M5	4340.15						4342.55218452	4345.87607073	0
1780714440	XAUUSD	M5	4338.81						4340.31814602	4343.09710837	0
1780714740	XAUUSD	M5	4339.23						4338.78318342	4340.94014590	0
1780715040	XAUUSD	M5	4340.99						4337.61354562	4339.27684576	0
1780715340	XAUUSD	M5	4335.51						4336.42600900	4337.85142738	0
1780715640	XAUUSD	M5	4334.14						4335.08692373	4336.46917555	0
1780715940	XAUUSD	M5	4332.83						4333.52826004	4334.99871780	0
1780716240	XAUUSD	M5	4333.58						4331.87465763	4333.43668771	0
1780716540	XAUUSD	M5	4330.50						4330.33582659	4331.88625715	0
1780716840	XAUUSD	M5	4328.59						4329.26605829	4330.57615772	0
1780717140	XAUUSD	M5	4329.73						4328.95320225	4329.76467999	0
1780717440	XAUUSD	M5	4328.76					4323.64000	4329.50767365	4329.63617682	0
1780717740	XAUUSD	M5	4331.87						4330.89704648	4330.26661165	1
1780718040	XAUUSD	M5	4327.87						4332.84778669	4331.55719917	0
1780718340	XAUUSD	M5	4333.99						4335.16204601	4333.35962259	0
1780718640	XAUUSD	M5	4338.16						4337.37994090	4335.36978174	0
1780718940	XAUUSD	M5	4344.61						4339.17270459	4337.27124317	0
1780719240	XAUUSD	M5	4344.23						4340.28683172	4338.77903744	0
1780719540	XAUUSD	M5	4339.10						4340.80534959	4339.79219352	0
1780719840	XAUUSD	M5	4339.56						4341.04013845	4340.41616599	0
1780720140	XAUUSD	M5	4338.42						4341.21153466	4340.81385032	0
1780720440	XAUUSD	M5	4339.17						4341.51048747	4341.16216890	0
1780720740	XAUUSD	M5	4342.45						4341.97182203	4341.56699546	0
1780721040	XAUUSD	M5	4343.12						4342.43304438	4342.00001992	0
1780721340	XAUUSD	M5	4345.12						4342.69275084	4342.34638538	0
1780721640	XAUUSD	M5	4341.28				4347.32000		4342.47147403	4342.40892970	0
1780721940	XAUUSD	M5	4339.94						4341.64337754	4342.02615362	1
1780722240	XAUUSD	M5	4343.45						4340.10407895	4341.06511628	0
1780722540	XAUUSD	M5	4341.68						4337.77392919	4339.41952274	0
1780722840	XAUUSD	M5	4333.58						4334.83956025	4337.12954149	0
1780723140	XAUUSD	M5	4329.99						4331.74562780	4334.43758465	0
1780723440	XAUUSD	M5	4323.31						4328.86032411	4331.64895438	0
1780723740	XAUUSD	M5	4326.24						4326.54656382	4329.09775910	0
1780724040	XAUUSD	M5	4327.31						4324.81874593	4326.95825251	0
1780724340	XAUUSD	M5	4325.94						4323.59795206	4325.27810229	0
1780724640	XAUUSD	M5	4325.10						4322.76245176	4324.02027702	0
1780724940	XAUUSD	M5	4320.38						4322.13592187	4323.07809945	0
1780725240	XAUUSD	M5	4318.16						4321.63364358	4322.35587151	0
1780725540	XAUUSD	M5	4321.70						4321.15661770	4321.75624461	0
1780725840	XAUUSD	M5	4320.66						4320.58339072	4321.16981766	0
1780726140	XAUUSD	M5	4322.37						4319.99386510	4320.58184138	0
1780726440	XAUUSD	M5	4320.86						4319.47490684	4320.02837411	0
1780726740	XAUUSD	M5	4319.85						4319.19000666	4319.60919038	0
1780727040	XAUUSD	M5	4315.37						4319.24438114	4319.42678576	0
1780727340	XAUUSD	M5	4318.53						4319.73285362	4319.57981969	1
1780727640	XAUUSD	M5	4319.19						4320.45817733	4320.01899851	0
1780727940	XAUUSD	M5	4323.85						4321.18973764	4320.60436808	0
1780728240	XAUUSD	M5	4322.93						4321.58845362	4321.09641085	0
1780728540	XAUUSD	M5	4322.24						4321.48274832	4321.28957958	0
1780728840	XAUUSD	M5	4318.85						4320.81300813	4321.05129385	1
1780729140	XAUUSD	M5	4320.78						4319.70437235	4320.37783310	0
1780729440	XAUUSD	M5	4318.33						4318.29115866	4319.33449588	0
1780729740	XAUUSD	M5	4318.75						4316.89410705	4318.11430147	0
1780730040	XAUUSD	M5	4313.73						4315.79346828	4316.95388487	0
1780730340	XAUUSD	M5	4314.04						4315.35419426	4316.15403957	0
1780730640	XAUUSD	M5	4315.59						4315.70764103	4315.93084030	0
1780730940	XAUUSD	M5	4315.45						4316.81803785	4316.37443908	1
1780731240	XAUUSD	M5	4319.86						4318.54517925	4317.45980916	0
1780731540	XAUUSD	M5	4322.47						4320.54700592	4319.00340754	0
1780731840	XAUUSD	M5	4322.48						4322.49929631	4320.75135192	0
1780732140	XAUUSD	M5	4323.10						4324.17500116	4322.46317654	0
1780732440	XAUUSD	M5	4324.13						4325.40550200	4323.93433927	0
1780732740	XAUUSD	M5	4327.47						4326.11348491	4325.02391209	0
1780733040	XAUUSD	M5	4327.66						4326.25355901	4325.63873555	0
1780733340	XAUUSD	M5	4328.74						4325.93673868	4325.78773712	0
1780910040	XAUUSD	M5	4320.90				4336.07000		4325.30843871	4325.54808791	1
1780910340	XAUUSD	M5	4319.03					4310.29000	4324.71283600	4325.13046196	0
1780910640	XAUUSD	M5	4330.05						4324.30641809	4324.71844002	0
1780910940	XAUUSD	M5	4327.66						4323.88243349	4324.30043676	0
1780911240	XAUUSD	M5	4323.06						4323.48517749	4323.89280713	0
1780911540	XAUUSD	M5	4316.74						4323.19336104	4323.54308408	0
1780911840	XAUUSD	M5	4323.38						4323.11158427	4323.32733418	0
1780912140	XAUUSD	M5	4325.88						4323.06889960	4323.19811689	0
1780912440	XAUUSD	M5	4326.26						4323.02184057	4323.10997873	0
1780912740	XAUUSD	M5	4322.59						4323.03405725	4323.07201799	0
1780913040	XAUUSD	M5	4323.37						4323.28709875	4323.17955837	1
1780913340	XAUUSD	M5	4317.47						4323.85448025	4323.51701931	0
1780913640	XAUUSD	M5	4325.96						4324.93127612	4324.22414771	0
1780913940	XAUUSD	M5	4326.78						4326.33548426	4325.27981599	0
1780914240	XAUUSD	M5	4330.85						4328.01159494	4326.64570546	0
1780914540	XAUUSD	M5	4331.38						4329.80944335	4328.22757440	0
1780914840	XAUUSD	M5	4330.21						4331.67046687	4329.94902064	0
1780915140	XAUUSD	M5	4334.02						4333.59384264	4331.77143164	0
1780915440	XAUUSD	M5	4333.84						4335.48293742	4333.62718453	0
1780915740	XAUUSD	M5	4336.73						4337.35556633	4335.49137543	0
1780916040	XAUUSD	M5	4338.96						4339.16384200	4337.32760872	0
1780916340	XAUUSD	M5	4341.97						4340.87064902	4339.09912887	0
1780916640	XAUUSD	M5	4343.42						4342.42091075	4340.76001981	0
1780916940	XAUUSD	M5	4343.96						4343.78197936	4342.27099958	0
1780917240	XAUUSD	M5	4344.88						4344.95794633	4343.61447296	0
1780917540	XAUUSD	M5	4345.37						4345.96406190	4344.78926743	0
1780917840	XAUUSD	M5	4343.65						4346.82827815	4345.80877279	0
1780918140	XAUUSD	M5	4347.71						4347.62160374	4346.71518827	0
1780918440	XAUUSD	M5	4351.27						4348.26274186	4347.48896506	0
1780918740	XAUUSD	M5	4351.37				4353.21000		4348.65238237	4348.07067372	0
1780919040	XAUUSD	M5	4349.14						4348.71533494	4348.39300433	0
1780919340	XAUUSD	M5	4347.66						4348.37606710	4348.38453571	1
1780919640	XAUUSD	M5	4345.29						4347.48715483	4347.93584527	0
1780919940	XAUUSD	M5	4342.42						4345.88948580	4346.91266554	0
1780920240	XAUUSD	M5	4341.58						4343.47537791	4345.19402172	0
1780920540	XAUUSD	M5	4342.43						4340.18969838	4342.69186005	0
1780920840	XAUUSD	M5	4339.22						4336.09583305	4339.39384655	0
1780921140	XAUUSD	M5	4336.65						4331.50539138	4335.44961897	0
1780921440	XAUUSD	M5	4327.14						4326.86342165	4331.15652031	0
1780921740	XAUUSD	M5	4318.23						4322.83244713	4326.99448372	0
1780922040	XAUUSD	M5	4321.86						4319.99880425	4323.49664398	0
1780922340	XAUUSD	M5	4314.77						4318.48307318	4320.98985858	0
1780922640	XAUUSD	M5	4315.21					4299.83000	4318.40691002	4319.69838430	0
1780922940	XAUUSD	M5	4317.13						4319.45947560	4319.57892995	0
1780923240	XAUUSD	M5	4326.20						4321.10369113	4320.34131054	1
1780923540	XAUUSD	M5	4323.55						4322.56915314	4321.45523184	0
1780923840	XAUUSD	M5	4324.37						4323.42451092	4322.43987138	0
1780924140	XAUUSD	M5	4325.44						4323.34691815	4322.89339476	0
1780924440	XAUUSD	M5	4322.83						4322.24297439	4322.56818458	1
1780924740	XAUUSD	M5	4319.05						4320.35321577	4321.46070018	0
1780925040	XAUUSD	M5	4316.75						4318.10557367	4319.78313692	0
1780925340	XAUUSD	M5	4312.15						4315.94730913	4317.86522302	0
1780925640	XAUUSD	M5	4316.43						4314.30305931	4316.08414117	0
1780925940	XAUUSD	M5	4315.09						4313.24649938	4314.66532027	0
1780926240	XAUUSD	M5	4309.55						4312.79454223	4313.72993125	0
1780926540	XAUUSD	M5	4311.83						4312.89058342	4313.31025734	0
1780926840	XAUUSD	M5	4315.99						4313.19908068	4313.25466901	0
1780927140	XAUUSD	M5	4317.38						4313.32099548	4313.28783225	1
1780927440	XAUUSD	M5	4312.04						4312.97745078	4313.13264151	1
1780927740	XAUUSD	M5	4310.65						4312.17746543	4312.65505347	0
1780928040	XAUUSD	M5	4311.21						4310.99062084	4311.82283715	0
1780928340	XAUUSD	M5	4308.35						4309.58558666	4310.70421191	0
1780928640	XAUUSD	M5	4304.81						4308.24312220	4309.47366706	0
1780928940	XAUUSD	M5	4307.51					4303.52000	4307.26347335	4308.36857020	0
1780929240	XAUUSD	M5	4310.42						4306.75389418	4307.56123219	0
1780929540	XAUUSD	M5	4307.23						4306.74199251	4307.15161235	0
1780929840	XAUUSD	M5	4307.04						4307.32733985	4307.23947610	1
1780930140	XAUUSD	M5	4307.62						4308.47981512	4307.85964561	0
1780930440	XAUUSD	M5	4309.95						4310.11462460	4308.98713511	0
1780930740	XAUUSD	M5	4312.35						4312.07098976	4310.52906244	0
1780931040	XAUUSD	M5	4314.95						4314.14727333	4312.33816788	0
1780931340	XAUUSD	M5	4316.92						4316.08938239	4314.21377513	0
1780931640	XAUUSD	M5	4315.19						4317.65955014	4315.93666264	0
1780931940	XAUUSD	M5	4318.09						4318.71072135	4317.32369199	0
1780932240	XAUUSD	M5	4318.68						4319.03232139	4318.17800669	0
1780932540	XAUUSD	M5	4318.62				4321.74000		4318.54703881	4318.36252275	0
1780932840	XAUUSD	M5	4317.90						4317.33276075	4317.84764175	1
1780933140	XAUUSD	M5	4319.96						4315.61263380	4316.73013778	0
1780933440	XAUUSD	M5	4313.46						4313.65447868	4315.19230823	0
1780933740	XAUUSD	M5	4311.12						4311.96643704	4313.57937264	0
1780934040	XAUUSD	M5	4307.82						4310.90262535	4312.24099899	0
1780934340	XAUUSD	M5	4310.11						4310.67073213	4311.45586556	0
1780934640	XAUUSD	M5	4311.65						4311.13193108	4311.29389832	0
1780934940	XAUUSD	M5	4312.80						4311.92381823	4311.60885828	1
1780935240	XAUUSD	M5	4315.21						4312.55445766	4312.08165797	0
1780935540	XAUUSD	M5	4310.36						4312.45263867	4312.26714832	0
1780935840	XAUUSD	M5	4305.19						4311.29304188	4311.78009510	1
1780936140	XAUUSD	M5	4309.41						4308.96204879	4310.37107195	0
1780936440	XAUUSD	M5	4311.31						4305.40992285	4307.89049740	0
1780936740	XAUUSD	M5	4311.93						4300.94330197	4304.41689968	0
1780937040	XAUUSD	M5	4287.02						4296.14505170	4300.28097569	0
1780937340	XAUUSD	M5	4291.39					4268.66000	4292.27527212	4296.27812390	0
1780937640	XAUUSD	M5	4287.87						4289.84863809	4293.06338100	0
1780937940	XAUUSD	M5	4286.72						4289.30900095	4291.18619098	0
1780938240	XAUUSD	M5	4289.61						4290.69604949	4290.94112023	0
1780938540	XAUUSD	M5	4291.94						4293.61113088	4292.27612556	1
1780938840	XAUUSD	M5	4303.65						4297.39542358	4294.83577457	0
1780939140	XAUUSD	M5	4302.48						4301.04680781	4297.94129119	0
1780939440	XAUUSD	M5	4303.37						4303.91317797	4300.92723458	0
1780939740	XAUUSD	M5	4303.18						4305.49424248	4303.21073853	0
1780940040	XAUUSD	M5	4308.41						4305.61575496	4304.41324674	0
1780940340	XAUUSD	M5	4305.75						4304.31298026	4304.36311350	1
1780940640	XAUUSD	M5	4299.29						4302.07796630	4303.22053990	0
1780940940	XAUUSD	M5	4296.56						4299.65356000	4301.43704995	0
1780941240	XAUUSD	M5	4298.41						4297.70860252	4299.57282623	0
1780941540	XAUUSD	M5	4297.44						4296.66989955	4298.12136289	0
1780941840	XAUUSD	M5	4297.89						4296.80913156	4297.46524723	0
1780942140	XAUUSD	M5	4300.07						4298.11167202	4297.78845963	1
1780942440	XAUUSD	M5	4299.24						4300.29055904	4299.03950933	0
1780942740	XAUUSD	M5	4300.61						4302.96650175	4301.00300554	0
1780943040	XAUUSD	M5	4305.33						4305.60803705	4303.30552129	0
1780943340	XAUUSD	M5	4306.26						4307.65925775	4305.48238952	0
1780943640	XAUUSD	M5	4314.11						4308.76586003	4307.12412478	0
1780943940	XAUUSD	M5	4306.16				4316.96000		4308.62328637	4307.87370557	0
1780944240	XAUUSD	M5	4308.17						4307.47022523	4307.67196540	1
1780944540	XAUUSD	M5	4307.81						4305.46949313	4306.57072927	0
1780944840	XAUUSD	M5	4301.77						4302.91047847	4304.74060387	0
1780945140	XAUUSD	M5	4298.57						4300.21392455	4302.47726421	0
1780945440	XAUUSD	M5	4296.56						4297.67383718	4300.07555070	0
1780945740	XAUUSD	M5	4294.50						4295.46052381	4297.76803725	0
1780946040	XAUUSD	M5	4293.29						4293.65555446	4295.71179586	0
1780946340	XAUUSD	M5	4294.65						4292.27246410	4293.99212998	0
1780946640	XAUUSD	M5	4291.84						4291.22111495	4292.60662247	0
1780946940	XAUUSD	M5	4292.80						4290.50457225	4291.55559736	0
1780947240	XAUUSD	M5	4288.89						4290.05950614	4290.80755175	0
1780947540	XAUUSD	M5	4288.16						4289.92764853	4290.36760014	0
1780947840	XAUUSD	M5	4291.37						4290.05010455	4290.20885234	0
1780948140	XAUUSD	M5	4287.55						4290.23819380	4290.22352307	1
1780948440	XAUUSD	M5	4290.79						4290.42845450	4290.32598879	0
1780948740	XAUUSD	M5	4291.17						4290.37824354	4290.35211616	0
1780949040	XAUUSD	M5	4288.45						4289.94661125	4290.14936371	1
1780949340	XAUUSD	M5	4288.78						4289.15049305	4289.64992838	0
1780949640	XAUUSD	M5	4290.83						4288.05472539	4288.85232688	0
1780949940	XAUUSD	M5	4285.28						4286.79106756	4287.82169722	0
1780950240	XAUUSD	M5	4289.02						4285.73707816	4286.77938769	0
1780950540	XAUUSD	M5	4287.97						4285.06007583	4285.91973176	0
1780950840	XAUUSD	M5	4286.53						4284.97397519	4285.44685347	0
1780951140	XAUUSD	M5	4279.87						4285.58350042	4285.51517695	1
1780951440	XAUUSD	M5	4273.98					4273.02000	4286.96008115	4286.23762905	0
1780951740	XAUUSD	M5	4293.84						4289.01600696	4287.62681801	0
1780952040	XAUUSD	M5	4293.68						4290.99786651	4289.31234226	0
1780952340	XAUUSD	M5	4301.13						4292.63341551	4290.97287888	0
1780952640	XAUUSD	M5	4293.67						4293.59753681	4292.28520785	0
1780952940	XAUUSD	M5	4294.31						4294.05262682	4293.16891733	0
1780953240	XAUUSD	M5	4290.57						4294.13522043	4293.65206888	0
1780953540	XAUUSD	M5	4294.92						4294.14406465	4293.89806677	0
1780953840	XAUUSD	M5	4294.59						4294.19230237	4294.04518457	0
1780954140	XAUUSD	M5	4290.16						4294.44035237	4294.24276847	0
1780954440	XAUUSD	M5	4291.39						4295.05706982	4294.64991914	0
1780954740	XAUUSD	M5	4293.83						4295.99045064	4295.32018489	0
1780955040	XAUUSD	M5	4304.01						4297.10588320	4296.21303405	0
1780955340	XAUUSD	M5	4299.93						4298.12749450	4297.17026427	0
1780955640	XAUUSD	M5	4304.93						4299.18796597	4298.17911512	0
1780955940	XAUUSD	M5	4300.61						4300.32700145	4299.25305829	0
1780956240	XAUUSD	M5	4298.55						4301.86506811	4300.55906320	0
1780956540	XAUUSD	M5	4302.06						4304.07422031	4302.31664176	0
1780956840	XAUUSD	M5	4300.05						4307.02212953	4304.66938564	0
1780957140	XAUUSD	M5	4306.20						4310.75396555	4307.71167560	0
1780957440	XAUUSD	M5	4318.58						4314.97175592	4311.34171576	0
1780957740	XAUUSD	M5	4326.93						4319.12324269	4315.23247922	0
1780958040	XAUUSD	M5	4324.92						4322.71556901	4318.97402412	0
1780958340	XAUUSD	M5	4325.31						4325.54149461	4322.25775936	0
1780958640	XAUUSD	M5	4330.01						4327.45666595	4324.85721266	0
1780958940	XAUUSD	M5	4325.51						4328.35703136	4326.60712201	0
1780959240	XAUUSD	M5	4324.05						4328.49074502	4327.54893351	0
1780959540	XAUUSD	M5	4323.95						4328.12990360	4327.83941855	0
1780959840	XAUUSD	M5	4326.76						4327.56104030	4327.70022943	1
1780960140	XAUUSD	M5	4331.28						4327.00220029	4327.35121486	0
1780960440	XAUUSD	M5	4330.85						4326.59010614	4326.97066050	0
1780960740	XAUUSD	M5	4330.66						4326.50024687	4326.73545368	0
1780961040	XAUUSD	M5	4322.88						4326.80073725	4326.76809547	1
1780961340	XAUUSD	M5	4325.20						4327.64656957	4327.20733252	0
1780961640	XAUUSD	M5	4329.15						4328.86015832	4328.03374542	0
1780961940	XAUUSD	M5	4330.13						4330.14326734	4329.08850638	0
1780962240	XAUUSD	M5	4328.27						4331.22486339	4330.15668488	0
1780962540	XAUUSD	M5	4330.10						4331.92867327	4331.04267908	0
1780962840	XAUUSD	M5	4335.74						4332.06097985	4331.55182946	0
1780963140	XAUUSD	M5	4332.68						4331.47518499	4331.51350723	1
1780963440	XAUUSD	M5	4330.01						4330.36610548	4330.93980636	0
1780963740	XAUUSD	M5	4333.10						4329.05240892	4329.99610764	0
1780964040	XAUUSD	M5	4328.74						4327.81142139	4328.90376451	0
1780964340	XAUUSD	M5	4324.46						4327.07762946	4327.99069699	0
1780964640	XAUUSD	M5	4323.84						4327.20023973	4327.59546836	0
1780964940	XAUUSD	M5	4325.41						4328.25785659	4327.92666247	1
1780965240	XAUUSD	M5	4331.79						4330.07557918	4329.00112083	0
1780965540	XAUUSD	M5	4331.33						4332.16439759	4330.58275921	0
1780965840	XAUUSD	M5	4333.45						4334.07801317	4332.33038619	0
1780966140	XAUUSD	M5	4341.20				4346.65000		4335.31373380	4333.82206000	0
1780966440	XAUUSD	M5	4336.42						4335.34821464	4334.58513732	0
1780966740	XAUUSD	M5	4332.54						4334.13728963	4334.36121347	1
1780967040	XAUUSD	M5	4334.15						4331.85710642	4333.10915995	0
1780967340	XAUUSD	M5	4326.79						4328.77703322	4330.94309658	0
1780967640	XAUUSD	M5	4322.59						4325.48540457	4328.21425058	0
1780967940	XAUUSD	M5	4320.64						4322.50822859	4325.36123958	0
1780968240	XAUUSD	M5	4319.56						4320.24321825	4322.80222891	0
1780968540	XAUUSD	M5	4321.81						4318.90509710	4320.85366301	0
1780968840	XAUUSD	M5	4318.69						4318.46283555	4319.65824928	0
1780969140	XAUUSD	M5	4320.06						4318.86827974	4319.26326451	0
1780969440	XAUUSD	M5	4322.14						4319.87175351	4319.56750901	1
1780969740	XAUUSD	M5	4319.87					4315.15000	4321.19060525	4320.37905713	0
1780970040	XAUUSD	M5	4322.57						4322.66753232	4321.52329472	0
1780970340	XAUUSD	M5	4317.76						4324.10386567	4322.81358019	0
1780970640	XAUUSD	M5	4326.33						4325.53132436	4324.17245228	0
1780970940	XAUUSD	M5	4331.06						4326.74864962	4325.46055095	0
1780971240	XAUUSD	M5	4329.00						4327.70210088	4326.58132591	0
1780971540	XAUUSD	M5	4328.58						4328.55117068	4327.56624830	0
1780971840	XAUUSD	M5	4325.45						4329.43152910	4328.49888870	0
1780972140	XAUUSD	M5	4331.78						4330.51683577	4329.50786223	0
1780972440	XAUUSD	M5	4335.38						4331.73137546	4330.61961885	0
1780972740	XAUUSD	M5	4330.68						4333.02300728	4331.82131306	0
1780973040	XAUUSD	M5	4332.26						4334.48248160	4333.15189733	0
1780973340	XAUUSD	M5	4336.68						4336.03050094	4334.59119913	0
1780973640	XAUUSD	M5	4339.41						4337.50645297	4336.04882605	0
1780973940	XAUUSD	M5	4335.43						4338.78769561	4337.41826083	0
1780974240	XAUUSD	M5	4342.82						4339.91599612	4338.66712848	0
1780974540	XAUUSD	M5	4341.94						4340.70394198	4339.68553523	0
1780974840	XAUUSD	M5	4341.30						4341.19969001	4340.44261262	0
1780975140	XAUUSD	M5	4339.79						4341.48112951	4340.96187106	0
1780975440	XAUUSD	M5	4340.96						4341.65581894	4341.30884500	0
1780975740	XAUUSD	M5	4342.79						4341.77264998	4341.54074749	0
1780976040	XAUUSD	M5	4341.13						4341.84450160	4341.69262454	0
1780976340	XAUUSD	M5	4340.95						4341.92549015	4341.80905735	0
1780976640	XAUUSD	M5	4342.62						4342.01198068	4341.91051901	0
1780976940	XAUUSD	M5	4341.23				4346.42000		4342.02854549	4341.96953225	0
1780977240	XAUUSD	M5	4343.94						4341.96076497	4341.96514861	1
1780977540	XAUUSD	M5	4345.20						4341.70510480	4341.83512670	0
1780977840	XAUUSD	M5	4338.13						4341.20614609	4341.52063640	0
1780978140	XAUUSD	M5	4340.75						4340.62217214	4341.07140427	0
1780978440	XAUUSD	M5	4337.90						4339.89816087	4340.48478257	0
1780978740	XAUUSD	M5	4338.51						4339.10899029	4339.79688643	0
1780979040	XAUUSD	M5	4338.82						4338.26667720	4339.03178182	0
1780979340	XAUUSD	M5	4338.32						4337.40136973	4338.21657578	0
1780979640	XAUUSD	M5	4335.62						4336.58984158	4337.40320868	0
1780979940	XAUUSD	M5	4339.15						4335.96977500	4336.68649184	0
1780980240	XAUUSD	M5	4335.57						4335.56220896	4336.12435040	0
1780980540	XAUUSD	M5	4335.02					4332.03000	4335.54704221	4335.83569630	0
1780980840	XAUUSD	M5	4334.10						4336.00750901	4335.92160266	1
1780981140	XAUUSD	M5	4337.05						4336.97035557	4336.44597911	0
1780981440	XAUUSD	M5	4336.76						4338.28697217	4337.36647564	0
1780981740	XAUUSD	M5	4339.26						4339.80658748	4338.58653156	0
1780982040	XAUUSD	M5	4343.87						4341.27596065	4339.93124611	0
1780982340	XAUUSD	M5	4343.53						4342.38230179	4341.15677395	0
1780982640	XAUUSD	M5	4341.33						4342.97004730	4342.06341062	0
1780982940	XAUUSD	M5	4342.33						4343.01085746	4342.53713404	0
1780983240	XAUUSD	M5	4343.89						4342.49842254	4342.51777829	1
1780983540	XAUUSD	M5	4342.66				4345.87000		4341.48440967	4342.00109398	0
1780983840	XAUUSD	M5	4340.71						4340.14859648	4341.07484523	0
1780984140	XAUUSD	M5	4337.20						4338.70349932	4339.88917228	0
1780984440	XAUUSD	M5	4336.74						4337.35554841	4338.62236034	0
1780984740	XAUUSD	M5	4334.57						4336.16673314	4337.39454674	0
1780985040	XAUUSD	M5	4334.32						4335.15190068	4336.27322371	0
1780985340	XAUUSD	M5	4334.61						4334.21811265	4335.24566818	0
1780985640	XAUUSD	M5	4337.00						4333.23689377	4334.24128097	0
1780985940	XAUUSD	M5	4332.50						4332.05810901	4333.14969499	0
1780986240	XAUUSD	M5	4329.87						4330.75558563	4331.95264031	0
1780986540	XAUUSD	M5	4328.82						4329.42981221	4330.69122626	0
1780986840	XAUUSD	M5	4326.76						4328.20314056	4329.44718341	0
1780987140	XAUUSD	M5	4327.76						4327.24286410	4328.34502376	0
1780987440	XAUUSD	M5	4327.32						4326.61442256	4327.47972316	0
1780987740	XAUUSD	M5	4325.92						4326.36329817	4326.92151066	0
1780988040	XAUUSD	M5	4325.18						4326.48046817	4326.70098942	0
1780988340	XAUUSD	M5	4327.19	4305.32986	4370.46169	4187.67500			4326.87129446	4326.78614194	1
1780988640	XAUUSD	M5	4328.39	4305.15293	4370.28476	4187.49806			4327.34016979	4327.06315586	0
1780988940	XAUUSD	M5	4326.76	4304.97600	4370.10782	4187.32113			4327.71631637	4327.38973612	0
1780989240	XAUUSD	M5	4329.64	4304.79907	4369.93089	4187.14420			4327.93282611	4327.66128111	0
1780989540	XAUUSD	M5	4327.83	4304.62213	4369.75396	4186.96727			4327.89439017	4327.77783564	0
1780989840	XAUUSD	M5	4328.24	4304.44520	4369.57703	4186.79034			4327.67510229	4327.72646896	1
1780990140	XAUUSD	M5	4325.89	4304.26827	4369.40010	4186.61341			4327.36059640	4327.54353268	0
1780990440	XAUUSD	M5	4326.99	4304.09134	4369.22317	4186.43647			4327.11821694	4327.33087481	0
1780990740	XAUUSD	M5	4326.52	4303.91441	4369.04623	4186.25954			4327.01202308	4327.17144895	0
1780991040	XAUUSD	M5	4327.86	4303.73748	4368.86930	4186.08261			4327.09158594	4327.13151744	0
1780991340	XAUUSD	M5	4327.63	4303.56054	4368.69237	4185.90568			4327.30535858	4327.21843801	1
1780991640	XAUUSD	M5	4326.28	4303.38361	4368.51544	4185.72875			4327.58736655	4327.40290228	0
1780991940	XAUUSD	M5	4327.40	4303.20668	4368.33851	4185.55182			4327.86320119	4327.63305173	0
1780992240	XAUUSD	M5	4329.21	4303.02975	4368.16158	4185.37489			4328.00270508	4327.81787841	0
1780992540	XAUUSD	M5	4329.82	4302.85282	4367.98464	4185.19795			4327.88925681	4327.85356761	0
1780996440	XAUUSD	M5	4326.71	4302.67589	4367.80771	4185.02102	4332.69000		4327.49312674	4327.67334717	1
1780996740	XAUUSD	M5	4326.95	4302.49895	4367.63078	4184.84409			4326.92821172	4327.30077945	0
1780997040	XAUUSD	M5	4325.29	4302.32202	4367.45385	4184.66716			4326.28411536	4326.79244740	0
1780997340	XAUUSD	M5	4324.60	4302.14509	4367.27692	4184.49023			4325.71312949	4326.25278845	0
1780997640	XAUUSD	M5	4326.06	4301.96816	4367.09999	4184.31330			4325.34195656	4325.79737250	0
1780997940	XAUUSD	M5	4325.13	4301.79123	4366.92305	4184.13636			4325.21742956	4325.50740103	0
1780998240	XAUUSD	M5	4325.58	4301.61430	4366.74612	4183.95943			4325.39009708	4325.44874905	0
1780998540	XAUUSD	M5	4325.84	4301.43736	4366.56919	4183.78250			4325.82916905	4325.63895905	1
1780998840	XAUUSD	M5	4327.42	4301.26043	4366.39226	4183.60557			4326.46299943	4326.05097924	0
1780999140	XAUUSD	M5	4326.94	4301.08350	4366.21533	4183.42864			4327.15289678	4326.60193801	0
1780999440	XAUUSD	M5	4328.08	4300.90657	4366.03840	4183.25171			4327.77950611	4327.19072206	0
1780999740	XAUUSD	M5	4327.79	4300.72964	4365.86146	4183.07477			4328.17775317	4327.68423761	0
1781000040	XAUUSD	M5	4327.61	4300.55271	4365.68453	4182.89784			4328.22153522	4327.95288642	0
1781000340	XAUUSD	M5	4326.60	4300.37577	4365.50760	4182.72091			4327.82336593	4327.88812618	1
1781000640	XAUUSD	M5	4327.63	4300.19884	4365.33067	4182.54398			4326.96956543	4327.42884580	0
1781000940	XAUUSD	M5	4327.40	4300.02191	4365.15374	4182.36705			4325.65856397	4326.54370489	0
1781001240	XAUUSD	M5	4325.15	4299.84498	4364.97681	4182.19012			4323.98015325	4325.26192907	0
1781001540	XAUUSD	M5	4320.46	4299.66805	4364.79987	4182.01318			4322.12302661	4323.69247784	0
1781001840	XAUUSD	M5	4317.98	4299.49112	4364.62294	4181.83625			4320.36430708	4322.02839246	0
1781002140	XAUUSD	M5	4321.80	4299.31418	4364.44601	4181.65932			4318.92113087	4320.47476167	0
1781002440	XAUUSD	M5	4319.60	4299.13725	4364.26908	4181.48239			4317.83151978	4319.15314072	0
1781002740	XAUUSD	M5	4313.69	4298.96032	4364.09215	4181.30546			4317.20567331	4318.17940702	0
1781003040	XAUUSD	M5	4317.07	4298.78339	4363.91522	4181.12853		4312.92000	4317.16770262	4317.67355482	0
1781003340	XAUUSD	M5	4317.91	4298.60646	4363.73828	4180.95159			4317.54842400	4317.61098941	0
1781003640	XAUUSD	M5	4317.39	4298.42953	4363.56135	4180.77466			4318.17614979	4317.89356960	1
1781003940	XAUUSD	M5	4318.58	4298.25259	4363.38442	4180.59773			4318.88130968	4318.38743964	0
1781004240	XAUUSD	M5	4322.74	4298.07566	4363.20749	4180.42080			4319.46548939	4318.92646452	0
1781004540	XAUUSD	M5	4320.18	4297.89873	4363.03056	4180.24387			4319.70641564	4319.31644008	0
1781004840	XAUUSD	M5	4318.80	4297.72180	4362.85363	4180.06694			4319.60832931	4319.46238469	0
1781005140	XAUUSD	M5	4316.82	4297.54487	4362.67669	4179.89000			4319.22710837	4319.34474653	1
1781005440	XAUUSD	M5	4318.92	4297.36794	4362.49976	4179.71307			4318.70279246	4319.02376949	0
1781005740	XAUUSD	M5	4319.03	4297.19100	4362.32283	4179.53614			4318.13512360	4318.57944655	0
1781006040	XAUUSD	M5	4318.44	4297.01407	4362.14590	4179.35921			4317.68242894	4318.13093774	0
1781006340	XAUUSD	M5	4317.00	4296.83714	4361.96897	4179.18228			4317.53261077	4317.83177426	0
1781006640	XAUUSD	M5	4315.79	4296.66021	4361.79204	4179.00535			4317.87213816	4317.85195621	1
1781006940	XAUUSD	M5	4319.86	4296.48328	4361.61510	4178.82841			4318.83932337	4318.34563979	0
1781007240	XAUUSD	M5	4321.26	4296.30635	4361.43817	4178.65148			4320.38582392	4319.36573185	0
1781007540	XAUUSD	M5	4325.19	4296.12941	4361.26124	4178.47455			4322.45812922	4320.91193054	0
1781007840	XAUUSD	M5	4324.10	4295.95248	4361.08431	4178.29762			4324.87935680	4322.89564367	0
1781008140	XAUUSD	M5	4324.04	4295.77555	4360.90738	4178.12069			4327.52969783	4325.21267075	0
1781008440	XAUUSD	M5	4327.56	4295.59862	4360.73045	4177.94376			4330.22768653	4327.72017864	0
1781008740	XAUUSD	M5	4335.33	4295.42169	4360.55351	4177.76682			4332.69093343	4330.20555603	0
1781009040	XAUUSD	M5	4337.31	4295.24476	4360.37658	4177.58989			4334.57030410	4332.38793007	0
1781009340	XAUUSD	M5	4335.61	4295.06782	4360.19965	4177.41296			4335.71577800	4334.05185403	0
1781009640	XAUUSD	M5	4335.74	4294.89089	4360.02272	4177.23603			4336.15698437	4335.10441920	0
1781009940	XAUUSD	M5	4334.08	4294.71396	4359.84579	4177.05910			4335.98481848	4335.54461884	0
1781010240	XAUUSD	M5	4336.70	4294.53703	4359.66886	4176.88217			4335.40413708	4335.47437796	1
1781010540	XAUUSD	M5	4336.53	4294.36010	4359.49192	4176.70523			4334.56774293	4335.02106045	0
1781010840	XAUUSD	M5	4332.86	4294.18317	4359.31499	4176.52830			4333.70742741	4334.36424393	0
1781011140	XAUUSD	M5	4331.07	4294.00623	4359.13806	4176.35137			4333.10738525	4333.73581459	0
1781011440	XAUUSD	M5	4332.91	4293.82930	4358.96113	4176.17444			4332.92649280	4333.33115369	0
1781011740	XAUUSD	M5	4332.68	4293.65237	4358.78420	4175.99751			4333.16521081	4333.24818225	0
1781012040	XAUUSD	M5	4334.61	4293.47544	4358.60727	4175.82058			4333.78555846	4333.51687035	1
1781012340	XAUUSD	M5	4335.60	4293.29851	4358.43033	4175.64364			4334.63267049	4334.07477042	0
1781012640	XAUUSD	M5	4335.53	4293.12158	4358.25340	4175.46671			4335.54076856	4334.80776949	0
1781012940	XAUUSD	M5	4335.22	4292.94464	4358.07647	4175.28978			4336.37581152	4335.59179051	0
1781013240	XAUUSD	M5	4338.43	4292.76771	4357.89954	4175.11285			4337.04530207	4336.31854629	0
1781013540	XAUUSD	M5	4337.70	4292.59078	4357.72261	4174.93592			4337.41824165	4336.86839397	0
1781013840	XAUUSD	M5	4338.75	4292.41385	4357.54568	4174.75899			4337.50736558	4337.18787978	0
1781014140	XAUUSD	M5	4336.03	4292.23692	4357.36874	4174.58205			4337.33531088	4337.26159533	0
1781014440	XAUUSD	M5	4331.95	4292.05999	4357.19181	4174.40512			4337.04195717	4337.15177625	1
1781014740	XAUUSD	M5	4338.41	4291.88305	4357.01488	4174.22819			4336.79021013	4336.97099319	0
1781015040	XAUUSD	M5	4338.71	4291.70612	4356.83795	4174.05126			4336.51171645	4336.74135482	0
1781015340	XAUUSD	M5	4339.72	4291.52919	4356.66102	4173.87433	4342.35000		4336.26847254	4336.50491368	0
1781015640	XAUUSD	M5	4334.90	4291.35226	4356.48409	4173.69740			4336.10777487	4336.30634427	0
1781015940	XAUUSD	M5	4336.80	4291.17533	4356.30715	4173.52046			4336.18545484	4336.24589956	0
1781016240	XAUUSD	M5	4333.67	4290.99840	4356.13022	4173.34353			4336.45712567	4336.35151262	1
1781016540	XAUUSD	M5	4335.36	4290.82146	4355.95329	4173.16660			4336.92933086	4336.64042174	0
1781016840	XAUUSD	M5	4337.55	4290.64453	4355.77636	4172.98967			4337.43918660	4337.03980417	0
1781017140	XAUUSD	M5	4338.62	4290.46760	4355.59943	4172.81274			4337.77980500	4337.40980459	0
1781017440	XAUUSD	M5	4339.51	4290.29067	4355.42250	4172.63581			4337.76420237	4337.58700348	0
1781017740	XAUUSD	M5	4336.61	4290.11374	4355.24556	4172.45887			4337.25050578	4337.41875463	1
1781018040	XAUUSD	M5	4335.52	4289.93681	4355.06863	4172.28194			4336.26469714	4336.84172588	0
1781018340	XAUUSD	M5	4337.36	4289.75987	4354.89170	4172.10501			4334.88783712	4335.86478150	0
1781018640	XAUUSD	M5	4332.25	4289.58294	4354.71477	4171.92808			4333.21335509	4334.53906830	0
1781018940	XAUUSD	M5	4329.97	4289.40601	4354.53784	4171.75115			4331.54672052	4333.04289441	0
1781019240	XAUUSD	M5	4331.23	4289.22908	4354.36091	4171.57422			4330.13266205	4331.58777823	0
1781019540	XAUUSD	M5	4330.49	4289.05215	4354.18397	4171.39728			4329.09252861	4330.34015342	0
1781019840	XAUUSD	M5	4325.42	4288.87522	4354.00704	4171.22035		4324.38000	4328.51843111	4329.42929227	0
1781020140	XAUUSD	M5	4329.96	4288.69828	4353.83011	4171.04342			4328.50511106	4328.96720166	0
1781020440	XAUUSD	M5	4328.15	4288.52135	4353.65318	4170.86649			4328.84646449	4328.90683308	0
1781020740	XAUUSD	M5	4329.25	4288.34442	4353.47625	4170.68956			4329.43782119	4329.17232713	1
1781021040	XAUUSD	M5	4327.53	4288.16749	4353.29932	4170.51263			4330.11599228	4329.64415971	0
1781021340	XAUUSD	M5	4332.31	4287.99056	4353.12238	4170.33569			4330.83275388	4330.23845679	0
1781021640	XAUUSD	M5	4336.16	4287.81363	4352.94545	4170.15876			4331.47862623	4330.85854151	0
1781021940	XAUUSD	M5	4332.51	4287.63669	4352.76852	4169.98183			4332.06558585	4331.46206368	0
1781022240	XAUUSD	M5	4331.40	4287.45976	4352.59159	4169.80490			4332.83815918	4332.15011143	0
1781022540	XAUUSD	M5	4333.51	4287.28283	4352.41466	4169.62797			4333.98304293	4333.06657718	0
1781022840	XAUUSD	M5	4333.41	4287.10590	4352.23773	4169.45104			4335.56435515	4334.31546617	0
1781023140	XAUUSD	M5	4332.58	4286.92897	4352.06079	4169.27410			4337.58663116	4335.95104866	0
1781023440	XAUUSD	M5	4342.78	4286.75204	4351.88386	4169.09717			4339.95862316	4337.95483591	0
1781023740	XAUUSD	M5	4343.14	4286.57510	4351.70693	4168.92024			4342.24952264	4340.10217927	0
1781024040	XAUUSD	M5	4348.25	4286.39817	4351.53000	4168.74331	4351.53000		4344.20048666	4342.15133297	0
1781024340	XAUUSD	M5	4346.59	4286.22124	4351.35307	4168.56638			4345.49045254	4343.82089275	0
1781024640	XAUUSD	M5	4345.52	4286.04431	4351.17614	4168.38945			4346.04970963	4344.93530119	0
1781024940	XAUUSD	M5	4343.48	4285.86738	4350.99921	4168.21251			4345.92006904	4345.42768512	0
1781025240	XAUUSD	M5	4344.55	4285.69045	4350.82227	4168.03558			4345.25617070	4345.34192791	1
1781025540	XAUUSD	M5	4344.10	4285.51351	4350.64534	4167.85865			4344.21327374	4344.77760082	0
1781025840	XAUUSD	M5	4341.43	4285.33658	4350.46841	4167.68172			4342.98182483	4343.87971282	0
1781026140	XAUUSD	M5	4343.03	4285.15965	4350.29148	4167.50479			4341.76753851	4342.82362567	0
1781026440	XAUUSD	M5	4344.78	4284.98272	4350.11455	4167.32786			4340.61904402	4341.72133484	0
1781026740	XAUUSD	M5	4338.72	4284.80579	4349.93762	4167.15092			4339.50067366	4340.61100425	0
1781027040	XAUUSD	M5	4333.88	4284.62886	4349.76068	4166.97399			4338.50134553	4339.55617489	0
1781027340	XAUUSD	M5	4337.90	4284.45192	4349.58375	4166.79706			4337.63418883	4338.59518186	0
1781027640	XAUUSD	M5	4336.73	4284.27499	4349.40682	4166.62013			4336.70141114	4337.64829650	0
1781027940	XAUUSD	M5	4339.42	4284.09806	4349.22989	4166.44320			4335.66085397	4336.65457523	0
1781028240	XAUUSD	M5	4335.32	4283.92113	4349.05296	4166.26627			4334.43450348	4335.54453936	0
1781028540	XAUUSD	M5	4330.65	4283.74420	4348.87603	4166.08933			4333.14908407	4334.34681171	0
1781028840	XAUUSD	M5	4331.73	4283.56727	4348.69909	4165.91240			4331.98621151	4333.16651161	0
1781029140	XAUUSD	M5	4332.51	4283.39033	4348.52216	4165.73547			4330.98482286	4332.07566723	0
1781029440	XAUUSD	M5	4327.41	4283.21340	4348.34523	4165.55854			4330.13787920	4331.10677322	0
1781029740	XAUUSD	M5	4328.84	4283.03647	4348.16830	4165.38161			4329.52904679	4330.31791000	0
1781030040	XAUUSD	M5	4330.11	4282.85954	4347.99137	4165.20468			4329.04241865	4329.68016433	0
1781030340	XAUUSD	M5	4331.06	4282.68261	4347.81444	4165.02774			4328.55028500	4329.11522466	0
1781030640	XAUUSD	M5	4326.64	4282.50568	4347.63750	4164.85081			4327.96014219	4328.53768343	0
1781030940	XAUUSD	M5	4325.67	4282.32874	4347.46057	4164.67388			4327.36312788	4327.95040565	0
1781031240	XAUUSD	M5	4328.43	4282.15181	4347.28364	4164.49695			4326.84556669	4327.39798617	0
1781031540	XAUUSD	M5	4326.47	4281.97488	4347.10671	4164.32002			4326.44540482	4326.92169549	0
1781031840	XAUUSD	M5	4328.70	4281.79795	4346.92978	4164.14309			4326.33204674	4326.62687112	0
1781032140	XAUUSD	M5	4326.56	4281.62102	4346.75285	4163.96615			4326.56766420	4326.59726766	0
1781032440	XAUUSD	M5	4323.18	4281.44409	4346.57591	4163.78922			4327.25063637	4326.92395201	1
1781032740	XAUUSD	M5	4326.61	4281.26715	4346.39898	4163.61229		4321.27000	4328.40865363	4327.66630282	0
1781033040	XAUUSD	M5	4331.70	4281.09022	4346.22205	4163.43536			4329.83297839	4328.74964061	0
1781033340	XAUUSD	M5	4332.46	4280.91329	4346.04512	4163.25843			4331.20763707	4329.97863884	0
1781033640	XAUUSD	M5	4331.98	4280.73636	4345.86819	4163.08150			4332.31375765	4331.14619824	0
1781033940	XAUUSD	M5	4334.38	4280.55943	4345.69126	4162.90456			4332.99919610	4332.07269717	0
1781034240	XAUUSD	M5	4331.19	4280.38250	4345.51432	4162.72763			4333.12968190	4332.60118954	0
1781034540	XAUUSD	M5	4334.45	4280.20556	4345.33739	4162.55070			4332.79940361	4332.70029657	0
1781034840	XAUUSD	M5	4335.05	4280.02863	4345.16046	4162.37377	4336.82000		4332.04764128	4332.37396893	1
1781035140	XAUUSD	M5	4328.20	4279.85170	4344.98353	4162.19684			4331.03757536	4331.70577214	0
1781035440	XAUUSD	M5	4330.00	4279.67477	4344.80660	4162.01991			4330.10902527	4330.90739871	0
1781035740	XAUUSD	M5	4326.60	4279.49784	4344.62967	4161.84297			4329.37072197	4330.13906034	0
1781036040	XAUUSD	M5	4328.93	4279.32091	4344.45273	4161.66604			4328.97086849	4329.55496441	0
1781036340	XAUUSD	M5	4330.22	4279.14397	4344.27580	4161.48911			4328.84090727	4329.19793584	0
1781036640	XAUUSD	M5	4328.22	4278.96704	4344.09887	4161.31218			4328.86353146	4329.03073365	0
1781036940	XAUUSD	M5	4330.01	4278.79011	4343.92194	4161.13525			4328.97419465	4329.00246415	0
1781037240	XAUUSD	M5	4333.35	4278.61318	4343.74501	4160.95832			4329.04045202	4329.02145809	1
1781037540	XAUUSD	M5	4326.89	4278.43625	4343.56808	4160.78138			4328.95789299	4328.98967554	1
1781037840	XAUUSD	M5	4326.62	4278.25932	4343.39114	4160.60445			4328.90990278	4328.94978916	0
1781038140	XAUUSD	M5	4329.23	4278.08238	4343.21421	4160.42752			4328.97323591	4328.96151253	1
1781038440	XAUUSD	M5	4327.13	4277.90545	4343.03728	4160.25059			4329.16840361	4329.06495807	0
1781038740	XAUUSD	M5	4329.78	4277.72852	4342.86035	4160.07366			4329.60670876	4329.33583341	0
1781039040	XAUUSD	M5	4333.15	4277.55159	4342.68342	4159.89673			4330.23206450	4329.78394896	0
1781039340	XAUUSD	M5	4332.26	4277.37466	4342.50649	4159.71979			4330.92381561	4330.35388228	0
1781039640	XAUUSD	M5	4330.80	4277.19773	4342.32955	4159.54286			4331.61954751	4330.98671489	0
1781039940	XAUUSD	M5	4327.26	4277.02079	4342.15262	4159.36593			4332.25805319	4331.62238404	0
1781040240	XAUUSD	M5	4335.24	4276.84386	4341.97569	4159.18900			4332.82629316	4332.22433860	0
1781040540	XAUUSD	M5	4334.87	4276.66693	4341.79876	4159.01207			4333.09457637	4332.65945749	0
1781040840	XAUUSD	M5	4332.60	4276.49000	4341.62183	4158.83514			4333.09723930	4332.87834839	0
1781041140	XAUUSD	M5	4333.84	4276.31307	4341.44490	4158.65820			4332.98477797	4332.93156318	0
1781041440	XAUUSD	M5	4333.85	4276.13614	4341.26796	4158.48127			4332.87177196	4332.90166757	1
1781041740	XAUUSD	M5	4331.97	4275.95920	4341.09103	4158.30434			4332.90942353	4332.90554555	1
1781042040	XAUUSD	M5	4332.65	4275.78227	4340.91410	4158.12741			4333.24108273	4333.07331414	0
1781042340	XAUUSD	M5	4330.74	4275.60534	4340.73717	4157.95048			4333.88065900	4333.47698657	0
1781042640	XAUUSD	M5	4335.14	4275.42841	4340.56024	4157.77355			4334.82654305	4334.15176481	0
1781042940	XAUUSD	M5	4339.15	4275.25148	4340.38331	4157.59661			4335.86235881	4335.00706181	0
1781043240	XAUUSD	M5	4335.92	4275.07455	4340.20637	4157.41968			4336.75459959	4335.88083070	0
1781043540	XAUUSD	M5	4337.21	4274.89761	4340.02944	4157.24275			4337.46202796	4336.67142933	0
1781043840	XAUUSD	M5	4337.83	4274.72068	4339.85251	4157.06582			4337.89482255	4337.28312594	0
1781044140	XAUUSD	M5	4339.31	4274.54375	4339.67558	4156.88889			4338.06434673	4337.67373633	0
1781044440	XAUUSD	M5	4337.27	4274.36682	4339.49865	4156.71196			4338.02744306	4337.85058970	0
1781044740	XAUUSD	M5	4338.75	4274.18989	4339.32172	4156.53502			4338.00198111	4337.92628540	0
1781045040	XAUUSD	M5	4337.87	4274.01296	4339.14478	4156.35809			4338.12410952	4338.02519746	0
1781045340	XAUUSD	M5	4337.41	4273.83602	4338.96785	4156.18116			4338.51708308	4338.27114027	0
1781045640	XAUUSD	M5	4338.95	4273.65909	4338.79092	4156.00423			4339.20632353	4338.73873190	0
1781045940	XAUUSD	M5	4340.14	4273.48216	4338.61399	4155.82730			4340.07757460	4339.40815325	0
1781046240	XAUUSD	M5	4341.36	4273.30523	4338.43706	4155.65037			4340.94398272	4340.17606799	0
1781046540	XAUUSD	M5	4339.76	4273.12830	4338.26013	4155.47343			4341.57457655	4340.87532227	0
1781046840	XAUUSD	M5	4342.37	4272.95137	4338.08319	4155.29650			4341.85478879	4341.36505553	0
1781047140	XAUUSD	M5	4343.71	4272.77443	4337.90626	4155.11957			4341.66455102	4341.51480327	0
1781047440	XAUUSD	M5	4340.92	4272.59750	4337.72933	4154.94264			4341.03667307	4341.27573817	1
1781047740	XAUUSD	M5	4342.98	4272.42057	4337.55240	4154.76571			4340.22289703	4340.74931760	0
1781048040	XAUUSD	M5	4338.60	4272.24364	4337.37547	4154.58878			4339.40130900	4340.07531330	0
1781048340	XAUUSD	M5	4335.94	4272.06671	4337.19854	4154.41184			4338.86319542	4339.46925436	0
1781048640	XAUUSD	M5	4336.67	4271.88978	4337.02160	4154.23491			4338.78912489	4339.12918963	0
1781048940	XAUUSD	M5	4340.71	4271.71284	4336.84467	4154.05798			4339.16277536	4339.14598249	1
1781049240	XAUUSD	M5	4340.92	4271.53591	4336.66774	4153.88105			4339.75298423	4339.44948336	0
1781049540	XAUUSD	M5	4341.28	4271.35898	4336.49081	4153.70412			4340.32040945	4339.88494641	0
1781049840	XAUUSD	M5	4337.55	4271.18205	4336.31388	4153.52719			4340.61698409	4340.25096525	0
1781050140	XAUUSD	M5	4341.42	4271.00512	4336.13695	4153.35025			4340.53953648	4340.39525086	0
1781050440	XAUUSD	M5	4339.49	4270.82819	4335.96001	4153.17332			4339.90929423	4340.15227255	1
1781050740	XAUUSD	M5	4341.28	4270.65125	4335.78308	4152.99639			4338.80179257	4339.47703256	0
1781051040	XAUUSD	M5	4340.98	4270.47432	4335.60615	4152.81946			4337.32909652	4338.40306454	0
1781051340	XAUUSD	M5	4334.13	4270.29739	4335.42922	4152.64253			4335.71547439	4337.05926946	0
1781051640	XAUUSD	M5	4333.35	4270.12046	4335.25229	4152.46560			4334.36390958	4335.71158952	0
1781051940	XAUUSD	M5	4330.90	4269.94353	4335.07536	4152.28866			4333.48270722	4334.59714837	0
1781052240	XAUUSD	M5	4329.88	4269.76660	4334.89842	4152.11173			4333.20537117	4333.90125977	0
1781052540	XAUUSD	M5	4331.95	4269.58966	4334.72149	4151.93480			4333.48088986	4333.69107482	0
1781052840	XAUUSD	M5	4330.37	4269.41273	4334.54456	4151.75787			4334.04617608	4333.86862545	1
1781053140	XAUUSD	M5	4351.36	4269.23580	4334.36763	4151.58094	4363.43000		4334.60192296	4334.23527420	0
1781053440	XAUUSD	M5	4334.10	4269.05887	4334.19070	4151.40401			4334.30682725	4334.27105073	0
1781053740	XAUUSD	M5	4328.66	4268.88194	4334.01377	4151.22707			4333.22129456	4333.74617264	1
1781054040	XAUUSD	M5	4329.39	4268.70501	4333.83683	4151.05014			4331.23928940	4332.49273102	0
1781054340	XAUUSD	M5	4328.53	4268.52807	4333.65990	4150.87321			4328.24057211	4330.36665157	0
1781054640	XAUUSD	M5	4321.28	4268.35114	4333.48297	4150.69628			4324.29972893	4327.33319025	0
1781054940	XAUUSD	M5	4311.45	4268.17421	4333.30604	4150.51935			4319.74036544	4323.53677784	0
1781055240	XAUUSD	M5	4318.53	4267.99728	4333.12911	4150.34242			4315.02199538	4319.27938661	0
1781055540	XAUUSD	M5	4318.71	4267.82035	4332.95218	4150.16548			4310.26496035	4314.77217348	0
1781055840	XAUUSD	M5	4315.01	4267.64342	4332.77524	4149.98855			4305.71568628	4310.24392988	0
1781056140	XAUUSD	M5	4305.34	4267.46648	4332.59831	4149.81162			4301.65857805	4305.95125397	0
1781056440	XAUUSD	M5	4285.29	4267.28955	4332.42138	4149.63469			4298.43024874	4302.19075136	0
1781056740	XAUUSD	M5	4284.21	4267.11262	4332.24445	4149.45776			4296.44922074	4299.31998605	0
1781057040	XAUUSD	M5	4298.21	4266.93569	4332.06752	4149.28083			4295.50061400	4297.41030003	0
1781057340	XAUUSD	M5	4300.76	4266.75876	4331.89059	4149.10389			4294.88096623	4296.14563313	0
1781057640	XAUUSD	M5	4293.26	4266.58183	4331.71365	4148.92696			4294.10683815	4295.12623564	0
1781057940	XAUUSD	M5	4295.65	4266.40489	4331.53672	4148.75003			4292.97650670	4294.05137117	0
1781058240	XAUUSD	M5	4294.92	4266.22796	4331.35979	4148.57310			4291.20309635	4292.62723376	0
1781058540	XAUUSD	M5	4291.97	4266.05103	4331.18286	4148.39617			4288.74646561	4290.68684969	0
1781058840	XAUUSD	M5	4285.55	4265.87410	4331.00593	4148.21924			4285.79984557	4288.24334763	0
1781059140	XAUUSD	M5	4278.85	4265.69717	4330.82900	4148.04230			4282.74451652	4285.49393207	0
1781059440	XAUUSD	M5	4274.54	4265.52024	4330.65206	4147.86537			4279.97888953	4282.73641080	0
1781059740	XAUUSD	M5	4270.25	4265.34330	4330.47513	4147.68844			4277.78543268	4280.26092174	0
1781060040	XAUUSD	M5	4279.82	4265.16637	4330.29820	4147.51151			4276.28609483	4278.27350829	0
1781060340	XAUUSD	M5	4280.97	4264.98944	4330.12127	4147.33458			4275.12919604	4276.70135216	0
1781060640	XAUUSD	M5	4279.93	4264.81251	4329.94434	4147.15765			4274.02901048	4275.36518132	0
1781060940	XAUUSD	M5	4272.90	4264.63558	4329.76741	4146.98071			4272.68584654	4274.02551393	0
1781061240	XAUUSD	M5	4273.90	4264.45865	4329.59047	4146.80378			4270.95267359	4272.48909376	0
1781061540	XAUUSD	M5	4263.62	4264.28171	4329.41354	4146.62685			4268.57172438	4270.53040907	0
1781061840	XAUUSD	M5	4259.63	4264.10478	4329.23661	4146.44992			4265.65374941	4268.09207924	0
1781062140	XAUUSD	M5	4254.57	4263.92785	4329.05968	4146.27299			4262.30924840	4265.20066382	0
1781062440	XAUUSD	M5	4261.99	4263.75092	4328.88275	4146.09606			4258.77670923	4261.98868652	0
1781062740	XAUUSD	M5	4263.49	4263.57399	4328.70582	4145.91912			4255.16207641	4258.57538147	0
1781063040	XAUUSD	M5	4262.13	4263.39706	4328.52888	4145.74219			4251.77489186	4255.17513666	0
1781063340	XAUUSD	M5	4241.26	4263.22012	4328.35195	4145.56526			4249.02603729	4252.10058698	0
1781063640	XAUUSD	M5	4244.94	4263.04319	4328.17502	4145.38833		4236.62000	4247.71688489	4249.90873593	0
1781063940	XAUUSD	M5	4249.87	4262.86626	4327.99809	4145.21140			4247.94957465	4248.92915529	0
1781064240	XAUUSD	M5	4240.07	4262.68933	4327.82116	4145.03447			4249.58238196	4249.25576862	1
1781064540	XAUUSD	M5	4252.18	4262.51240	4327.64423	4144.85753			4252.56632481	4250.91104672	0
1781064840	XAUUSD	M5	4262.43	4262.33547	4327.46729	4144.68060			4256.18732589	4253.54918630	0
1781065140	XAUUSD	M5	4262.93	4262.15853	4327.29036	4144.50367			4259.69297122	4256.62107876	0
1781065440	XAUUSD	M5	4261.19	4261.98160	4327.11343	4144.32674			4262.60382905	4259.61245390	0
1781065740	XAUUSD	M5	4263.95	4261.80467	4326.93650	4144.14981			4264.62990367	4262.12117878	0
1781066040	XAUUSD	M5	4266.48	4261.62774	4326.75957	4143.97288			4265.54482480	4263.83300179	0
1781066340	XAUUSD	M5	4263.12	4261.45081	4326.58264	4143.79594			4265.32636357	4264.57968268	0
1781066640	XAUUSD	M5	4265.58	4261.27388	4326.40570	4143.61901			4264.31642729	4264.44805498	1
1781066940	XAUUSD	M5	4262.89	4261.09694	4326.22877	4143.44208			4262.87901019	4263.66353259	0
1781067240	XAUUSD	M5	4264.84	4260.92001	4326.05184	4143.26515			4261.53934400	4262.60143829	0
1781067540	XAUUSD	M5	4257.15	4260.74308	4325.87491	4143.08822			4260.66454726	4261.63299277	0
1781067840	XAUUSD	M5	4258.42	4260.56615	4325.69798	4142.91129			4260.69082713	4261.16190995	0
1781068140	XAUUSD	M5	4263.12	4260.38922	4325.52105	4142.73435			4261.64864387	4261.40527691	1
1781068440	XAUUSD	M5	4262.50	4260.21229	4325.34411	4142.55742			4263.28329339	4262.34428515	0
1781068740	XAUUSD	M5	4266.77	4260.03535	4325.16718	4142.38049			4265.31405050	4263.82916783	0
1781069040	XAUUSD	M5	4265.37	4259.85842	4324.99025	4142.20356			4267.29633322	4265.56275052	0
1781069340	XAUUSD	M5	4269.31	4259.68149	4324.81332	4142.02663			4268.94760566	4267.25517809	0
1781069640	XAUUSD	M5	4273.44	4259.50456	4324.63639	4141.84970	4274.20000		4269.99319206	4268.62418508	0
1781069940	XAUUSD	M5	4270.90	4259.32763	4324.45946	4141.67276			4270.31073255	4269.46745881	0
1781070240	XAUUSD	M5	4270.71	4259.15070	4324.28252	4141.49583			4270.06614471	4269.76680176	0
1781070540	XAUUSD	M5	4269.20	4258.97376	4324.10559	4141.31890			4269.43906947	4269.60293562	1
1781070840	XAUUSD	M5	4264.35	4258.79683	4323.92866	4141.14197			4268.63958803	4269.12126182	0
1781071140	XAUUSD	M5	4265.26	4258.61990	4323.75173	4140.96504			4267.86607055	4268.49366619	0
1781071440	XAUUSD	M5	4265.91	4258.44297	4323.57480	4140.78811			4267.08550411	4267.78958515	0
1781071740	XAUUSD	M5	4269.92	4258.26604	4323.39787	4140.61117			4266.16937005	4266.97947760	0
1781072040	XAUUSD	M5	4269.71	4258.08911	4323.22093	4140.43424			4264.89511329	4265.93729544	0
1781072340	XAUUSD	M5	4265.17	4257.91217	4323.04400	4140.25731			4263.19675812	4264.56702678	0
1781072640	XAUUSD	M5	4258.70	4257.73524	4322.86707	4140.08038			4261.21416531	4262.89059605	0
1781072940	XAUUSD	M5	4255.35	4257.55831	4322.69014	4139.90345			4259.19991755	4261.04525680	0
1781073240	XAUUSD	M5	4255.71	4257.38138	4322.51321	4139.72652			4257.39419155	4259.21972418	0
1781073540	XAUUSD	M5	4257.39	4257.20445	4322.33628	4139.54958			4255.96261096	4257.59116757	0
1781073840	XAUUSD	M5	4259.52	4257.02752	4322.15934	4139.37265			4254.97243571	4256.28180164	0
1781074140	XAUUSD	M5	4253.68	4256.85058	4321.98241	4139.19572			4254.41545599	4255.34862881	0
1781074440	XAUUSD	M5	4250.97	4256.67365	4321.80548	4139.01879			4254.41492506	4254.88177694	0
1781074740	XAUUSD	M5	4250.98	4256.49672	4321.62855	4138.84186		4250.02000	4254.95349708	4254.91763701	1
1781075040	XAUUSD	M5	4258.91	4256.31979	4321.45162	4138.66493			4255.88206096	4255.39984899	0
1781075340	XAUUSD	M5	4258.48	4256.14286	4321.27469	4138.48799			4256.85576757	4256.12780828	0
1781075640	XAUUSD	M5	4260.77	4255.96593	4321.09775	4138.31106			4257.74969999	4256.93875413	0
1781075940	XAUUSD	M5	4257.61	4255.78899	4320.92082	4138.13413			4258.42738456	4257.68306935	0
1781076240	XAUUSD	M5	4258.45	4255.61206	4320.74389	4137.95720			4258.94515183	4258.31411059	0
1781076540	XAUUSD	M5	4258.71	4255.43513	4320.56696	4137.78027			4259.30825531	4258.81118295	0
1781076840	XAUUSD	M5	4258.31	4255.25820	4320.39003	4137.60334			4259.56079519	4259.18598907	0
1781077140	XAUUSD	M5	4259.10	4255.08127	4320.21310	4137.42640			4259.73359114	4259.45979010	0
1781077440	XAUUSD	M5	4257.94	4254.90434	4320.03616	4137.24947			4259.81751310	4259.63865160	0
1781077740	XAUUSD	M5	4260.44	4254.72740	4319.85923	4137.07254			4259.83853952	4259.73859556	0
1781078040	XAUUSD	M5	4261.38	4254.55047	4319.68230	4136.89561			4259.72066723	4259.72963139	1
1781078340	XAUUSD	M5	4261.83	4254.37354	4319.50537	4136.71868	4262.11000		4259.43911971	4259.58437555	0
1781078640	XAUUSD	M5	4260.26	4254.19661	4319.32844	4136.54175			4258.98842852	4259.28640204	0
1781078940	XAUUSD	M5	4259.44	4254.01968	4319.15151	4136.36481			4258.42186388	4258.85413296	0
1781082840	XAUUSD	M5	4256.02	4253.84275	4318.97457	4136.18788			4257.77963790	4258.31688543	0
1781083140	XAUUSD	M5	4253.49	4253.66581	4318.79764	4136.01095			4257.12773277	4257.72230910	0
1781083440	XAUUSD	M5	4255.44	4253.48888	4318.62071	4135.83402			4256.45069344	4257.08650127	0
1781083740	XAUUSD	M5	4253.66	4253.31195	4318.44378	4135.65709			4255.59689194	4256.34169661	0
1781084040	XAUUSD	M5	4254.71	4253.13502	4318.26685	4135.48016			4254.48483670	4255.41326665	0
1781084340	XAUUSD	M5	4256.82	4252.95809	4318.08992	4135.30322			4253.00216062	4254.20771363	0
1781084640	XAUUSD	M5	4252.83	4252.78116	4317.91298	4135.12629			4251.07823007	4252.64297185	0
1781084940	XAUUSD	M5	4253.13	4252.60422	4317.73605	4134.94936			4248.90288121	4250.77292653	0
1781085240	XAUUSD	M5	4248.97	4252.42729	4317.55912	4134.77243			4246.60628378	4248.68960515	0
1781085540	XAUUSD	M5	4239.08	4252.25036	4317.38219	4134.59550			4244.40400540	4246.54680528	0
1781085840	XAUUSD	M5	4235.11	4252.07343	4317.20526	4134.41857			4242.55897892	4244.55289210	0
1781086140	XAUUSD	M5	4237.31	4251.89650	4317.02833	4134.24163			4241.08659052	4242.81974131	0
1781086440	XAUUSD	M5	4246.34	4251.71957	4316.85139	4134.06470			4239.71266862	4241.26620496	0
1781086740	XAUUSD	M5	4241.68	4251.54263	4316.67446	4133.88777			4237.94102138	4239.60361317	0
1781087040	XAUUSD	M5	4235.90	4251.36570	4316.49753	4133.71084			4235.63114744	4237.61738031	0
1781087340	XAUUSD	M5	4233.21	4251.18877	4316.32060	4133.53391			4232.79513856	4235.20625943	0
1781087640	XAUUSD	M5	4227.64	4251.01184	4316.14367	4133.35698			4229.51671629	4232.36148786	0
1781087940	XAUUSD	M5	4224.19	4250.83491	4315.96674	4133.18004			4226.11176370	4229.23662578	0
1781088240	XAUUSD	M5	4225.70	4250.65798	4315.78980	4133.00311			4222.98451097	4226.11056838	0
1781088540	XAUUSD	M5	4221.92	4250.48104	4315.61287	4132.82618			4220.46428865	4223.28742851	0
1781088840	XAUUSD	M5	4218.63	4250.30411	4315.43594	4132.64925			4218.94616696	4221.11679773	0
1781089140	XAUUSD	M5	4213.05	4250.12718	4315.25901	4132.47232			4218.63723079	4219.87701426	0
1781089440	XAUUSD	M5	4220.72	4249.95025	4315.08208	4132.29539			4219.55318846	4219.71510136	0
1781089740	XAUUSD	M5	4222.03	4249.77332	4314.90515	4132.11845			4221.15886037	4220.43698087	1
1781090040	XAUUSD	M5	4220.58	4249.59639	4314.72821	4131.94152			4222.88825418	4221.66261752	0
1781090340	XAUUSD	M5	4225.57	4249.41945	4314.55128	4131.76459			4224.20531298	4222.93396525	0
1781090640	XAUUSD	M5	4225.12	4249.24252	4314.37435	4131.58766			4224.49746810	4223.71571668	0
1781090940	XAUUSD	M5	4226.93	4249.06559	4314.19742	4131.41073			4223.48074119	4223.59822893	1
1781091240	XAUUSD	M5	4225.23	4248.88866	4314.02049	4131.23380			4221.08520188	4222.34171541	0
1781091540	XAUUSD	M5	4217.94	4248.71173	4313.84356	4131.05686			4217.60278824	4219.97225182	0
1781091840	XAUUSD	M5	4206.52	4248.53480	4313.66662	4130.87993			4213.63284408	4216.80254795	0
1781092140	XAUUSD	M5	4207.77	4248.35786	4313.48969	4130.70300			4209.92377453	4213.36316124	0
1781092440	XAUUSD	M5	4204.49	4248.18093	4313.31276	4130.52607			4206.86392293	4210.11354208	0
1781092740	XAUUSD	M5	4203.72	4248.00400	4313.13583	4130.34914			4204.76254553	4207.43804381	0
1781093040	XAUUSD	M5	4207.39	4247.82707	4312.95890	4130.17221			4203.67409148	4205.55606764	0
1781093340	XAUUSD	M5	4218.23	4247.65014	4312.78197	4129.99527			4203.36109824	4204.45858294	0
1781093640	XAUUSD	M5	4194.50	4247.47321	4312.60503	4129.81834			4203.30698491	4203.88278393	0
1781093940	XAUUSD	M5	4195.15	4247.29627	4312.42810	4129.64141			4203.72894607	4203.80586500	0
1781094240	XAUUSD	M5	4203.39	4247.11934	4312.25117	4129.46448			4204.27925993	4204.04256247	1
1781094540	XAUUSD	M5	4213.33	4246.94241	4312.07424	4129.28755			4204.46253372	4204.25254809	0
1781094840	XAUUSD	M5	4200.92	4246.76548	4311.89731	4129.11062			4203.82877384	4204.04066097	1
1781095140	XAUUSD	M5	4201.81	4246.58855	4311.72038	4128.93368			4202.54801463	4203.29433780	0
1781095440	XAUUSD	M5	4202.58	4246.41162	4311.54344	4128.75675			4200.59306684	4201.94370232	0
1781095740	XAUUSD	M5	4200.71	4246.23468	4311.36651	4128.57982			4198.02128670	4199.98249451	0
1781096040	XAUUSD	M5	4187.41	4246.05775	4311.18958	4128.40289			4195.04061459	4197.51155455	0
1781096340	XAUUSD	M5	4192.94	4245.88082	4311.01265	4128.22596			4192.15172337	4194.83163896	0
1781096640	XAUUSD	M5	4192.05	4245.70389	4310.83572	4128.04903			4189.41674682	4192.12419289	0
1781096940	XAUUSD	M5	4188.63	4245.52696	4310.65879	4127.87209			4187.01646664	4189.57032977	0
1781097240	XAUUSD	M5	4187.00	4245.35003	4310.48185	4127.69516			4185.14082610	4187.35557793	0
1781097540	XAUUSD	M5	4181.14	4245.17309	4310.30492	4127.51823			4183.86387152	4185.60972473	0
1781097840	XAUUSD	M5	4182.77	4244.99616	4310.12799	4127.34130			4183.27305938	4184.44139205	0
1781098140	XAUUSD	M5	4180.91	4244.81923	4309.95106	4127.16437			4183.19955757	4183.82047481	0
1781098440	XAUUSD	M5	4183.35	4244.64230	4309.77413	4126.98744			4183.47829367	4183.64938424	0
1781098740	XAUUSD	M5	4187.98	4244.46537	4309.59720	4126.81050			4183.79500045	4183.72219235	1
1781099040	XAUUSD	M5	4179.39	4244.28844	4309.42026	4126.63357			4183.80696465	4183.76457850	0
1781099340	XAUUSD	M5	4184.54	4244.11150	4309.24333	4126.45664			4183.52819757	4183.64638803	1
1781099640	XAUUSD	M5	4184.51	4243.93457	4309.06640	4126.27971			4182.74065350	4183.19352076	0
1781099940	XAUUSD	M5	4187.62	4243.75764	4308.88947	4126.10278			4181.45269536	4182.32310806	0
1781100240	XAUUSD	M5	4175.03	4243.58071	4308.71254	4125.92585			4179.71762131	4181.02036469	0
1781100540	XAUUSD	M5	4174.01	4243.40378	4308.53561	4125.74891			4178.01847497	4179.51941983	0
1781100840	XAUUSD	M5	4176.78	4243.22685	4308.35867	4125.57198		4172.93000	4176.60179936	4178.06060960	0
1781101140	XAUUSD	M5	4175.32	4243.04991	4308.18174	4125.39505			4175.60322695	4176.83191827	0
1781101440	XAUUSD	M5	4178.09	4242.87298	4308.00481	4125.21812			4175.18325569	4176.00758698	0
1781101740	XAUUSD	M5	4175.94	4242.69605	4307.82788	4125.04119			4175.34217441	4175.67488070	0
1781102040	XAUUSD	M5	4175.18	4242.51912	4307.65095	4124.86426			4176.11906171	4175.89697120	1
1781102340	XAUUSD	M5	4177.22	4242.34219	4307.47402	4124.68732			4177.45144782	4176.67420951	0
1781102640	XAUUSD	M5	4180.51	4242.16526	4307.29708	4124.51039			4179.14630509	4177.91025730	0
1781102940	XAUUSD	M5	4180.41	4241.98832	4307.12015	4124.33346			4180.96538089	4179.43781910	0
1781103240	XAUUSD	M5	4179.92	4241.81139	4306.94322	4124.15653			4182.70410418	4181.07096164	0
1781103540	XAUUSD	M5	4185.44	4241.63446	4306.76629	4123.97960			4184.16466329	4182.61781246	0
1781103840	XAUUSD	M5	4184.95	4241.45753	4306.58936	4123.80267			4185.04478248	4183.83129747	0
1781104140	XAUUSD	M5	4184.81	4241.28060	4306.41243	4123.62573			4185.26800832	4184.54965290	0
1781104440	XAUUSD	M5	4186.35	4241.10367	4306.23549	4123.44880			4184.80790745	4184.67878017	0
1781104740	XAUUSD	M5	4184.40	4240.92673	4306.05856	4123.27187			4183.68387407	4184.18132712	1
1781105040	XAUUSD	M5	4181.37	4240.74980	4305.88163	4123.09494			4182.06945779	4183.12539246	0
1781105340	XAUUSD	M5	4181.64	4240.57287	4305.70470	4122.91801			4180.21907853	4181.67223549	0
1781105640	XAUUSD	M5	4178.24	4240.39594	4305.52777	4122.74108			4178.30816660	4179.99020104	0
1781105940	XAUUSD	M5	4174.56	4240.21901	4305.35084	4122.56414			4176.57603378	4178.28311741	0
1781106240	XAUUSD	M5	4174.39	4240.04208	4305.17390	4122.38721			4175.21991412	4176.75151577	0
1781106540	XAUUSD	M5	4174.83	4239.86514	4304.99697	4122.21028			4174.29312419	4175.52231998	0
1781106840	XAUUSD	M5	4173.55	4239.68821	4304.82004	4122.03335			4173.77675703	4174.64953851	0
1781107140	XAUUSD	M5	4173.81	4239.51128	4304.64311	4121.85642		4172.55000	4173.65903906	4174.15428878	0
1781107440	XAUUSD	M5	4175.06	4239.33435	4304.46618	4121.67949			4173.88629223	4174.02029051	0
1781107740	XAUUSD	M5	4174.82	4239.15742	4304.28925	4121.50255			4174.39730135	4174.20879593	1
1781108040	XAUUSD	M5	4174.58	4238.98049	4304.11231	4121.32562			4175.21095235	4174.70987414	0
1781108340	XAUUSD	M5	4176.57	4238.80355	4303.93538	4121.14869			4176.39967273	4175.55477344	0
1781108640	XAUUSD	M5	4179.77	4238.62662	4303.75845	4120.97176			4178.00795597	4176.78136470	0
1781108940	XAUUSD	M5	4176.80	4238.44969	4303.58152	4120.79483			4180.06885740	4178.42511105	0
1781109240	XAUUSD	M5	4180.53	4238.27276	4303.40459	4120.61790			4182.73687329	4180.58099217	0
1781109540	XAUUSD	M5	4187.25	4238.09583	4303.22766	4120.44096			4185.99404878	4183.28752048	0
1781109840	XAUUSD	M5	4191.09	4237.91890	4303.05072	4120.26403			4189.67020105	4186.47886077	0
1781110140	XAUUSD	M5	4194.32	4237.74196	4302.87379	4120.08710			4193.62607998	4190.05247037	0
1781110440	XAUUSD	M5	4198.25	4237.56503	4302.69686	4119.91017			4197.67333218	4193.86290128	0
1781110740	XAUUSD	M5	4202.72	4237.38810	4302.51993	4119.73324			4201.58004321	4197.72147224	0
1781111040	XAUUSD	M5	4203.72	4237.21117	4302.34300	4119.55631			4205.10003582	4201.41075403	0
1781111340	XAUUSD	M5	4205.15	4237.03424	4302.16607	4119.37937			4208.09587613	4204.75331508	0
1781111640	XAUUSD	M5	4211.17	4236.85731	4301.98913	4119.20244			4210.45396404	4207.60363956	0
1781111940	XAUUSD	M5	4213.99	4236.68037	4301.81220	4119.02551	4221.80000		4212.01136646	4209.80750301	0
1781112240	XAUUSD	M5	4212.90	4236.50344	4301.63527	4118.84858			4212.73358773	4211.27054537	0
1781112540	XAUUSD	M5	4214.42	4236.32651	4301.45834	4118.67165			4212.73738464	4212.00396500	0
1781112840	XAUUSD	M5	4209.10	4236.14958	4301.28141	4118.49472			4212.11082089	4212.05739295	0
1781113140	XAUUSD	M5	4211.94	4235.97265	4301.10448	4118.31778			4211.12356220	4211.59047757	1
1781113440	XAUUSD	M5	4210.60	4235.79572	4300.92754	4118.14085			4209.85301129	4210.72174443	0
1781113740	XAUUSD	M5	4209.10	4235.61878	4300.75061	4117.96392			4208.44526096	4209.58350269	0
1781114040	XAUUSD	M5	4207.75	4235.44185	4300.57368	4117.78699			4207.02206509	4208.30278389	0
1781114340	XAUUSD	M5	4203.22	4235.26492	4300.39675	4117.61006			4205.68098092	4206.99188241	0
1781114640	XAUUSD	M5	4202.31	4235.08799	4300.21982	4117.43313			4204.54162083	4205.76675162	0
1781114940	XAUUSD	M5	4203.96	4234.91106	4300.04289	4117.25619			4203.61443911	4204.69059536	0
1781115240	XAUUSD	M5	4203.70	4234.73413	4299.86595	4117.07926			4202.81599218	4203.75329377	0
1781115540	XAUUSD	M5	4207.16	4234.55719	4299.68902	4116.90233			4202.06023759	4202.90676568	0
1781115840	XAUUSD	M5	4200.31	4234.38026	4299.51209	4116.72540			4201.17097865	4202.03887216	0
1781116140	XAUUSD	M5	4198.74	4234.20333	4299.33516	4116.54847			4200.18397455	4201.11142336	0
1781116440	XAUUSD	M5	4199.24	4234.02640	4299.15823	4116.37154			4198.98708621	4200.04925478	0
1781116740	XAUUSD	M5	4194.92	4233.84947	4298.98130	4116.19460			4197.39630975	4198.72278227	0
1781117040	XAUUSD	M5	4194.78	4233.67254	4298.80436	4116.01767			4195.33515122	4197.02896674	0
1781117340	XAUUSD	M5	4190.73	4233.49560	4298.62743	4115.84074			4192.67272043	4194.85084359	0
1781117640	XAUUSD	M5	4189.69	4233.31867	4298.45050	4115.66381			4189.44755110	4192.14919734	0
1781117940	XAUUSD	M5	4190.46	4233.14174	4298.27357	4115.48688			4185.72191702	4188.93555718	0
1781118240	XAUUSD	M5	4182.11	4232.96481	4298.09664	4115.30995			4181.63458783	4185.28507251	0
1781118540	XAUUSD	M5	4186.47	4232.78788	4297.91971	4115.13301			4177.62228994	4181.45368122	0
1781118840	XAUUSD	M5	4164.31	4232.61095	4297.74277	4114.95608			4173.88981184	4177.67174653	0
1781119140	XAUUSD	M5	4167.38	4232.43401	4297.56584	4114.77915			4171.20845673	4174.44010163	0
1781119440	XAUUSD	M5	4166.47	4232.25708	4297.38891	4114.60222		4161.41000	4169.65685964	4172.04848063	0
1781119740	XAUUSD	M5	4173.53	4232.08015	4297.21198	4114.42529			4169.21495081	4170.63171572	0
1781120040	XAUUSD	M5	4171.20	4231.90322	4297.03505	4114.24836			4169.51110891	4170.07141231	0
1781120340	XAUUSD	M5	4172.22	4231.72629	4296.85812	4114.07142			4170.28156964	4170.17649098	1
1781120640	XAUUSD	M5	4168.10	4231.54936	4296.68118	4113.89449			4171.13541813	4170.65595455	0
1781120940	XAUUSD	M5	4172.85	4231.37242	4296.50425	4113.71756			4171.83695833	4171.24645644	0
1781121240	XAUUSD	M5	4170.55	4231.19549	4296.32732	4113.54063			4172.04311048	4171.64478346	0
1781121540	XAUUSD	M5	4174.29	4231.01856	4296.15039	4113.36370			4171.71126757	4171.67802552	0
1781121840	XAUUSD	M5	4171.18	4230.84163	4295.97346	4113.18677			4170.83997833	4171.25900192	1
1781122140	XAUUSD	M5	4168.57	4230.66470	4295.79653	4113.00983			4169.72409285	4170.49154739	0
1781122440	XAUUSD	M5	4167.03	4230.48777	4295.61959	4112.83290			4168.70356767	4169.59755753	0
1781122740	XAUUSD	M5	4170.47	4230.31083	4295.44266	4112.65597			4168.08281670	4168.84018711	0
1781123040	XAUUSD	M5	4165.07	4230.13390	4295.26573	4112.47904			4167.96568272	4168.40293492	0
1781123340	XAUUSD	M5	4171.07	4229.95697	4295.08880	4112.30211			4168.49952143	4168.45122817	1
1781123640	XAUUSD	M5	4168.52	4229.78004	4294.91187	4112.12518			4169.41435178	4168.93278998	0
1781123940	XAUUSD	M5	4166.26	4229.60311	4294.73494	4111.94824			4170.50215821	4169.71747409	0
1781124240	XAUUSD	M5	4176.86	4229.42618	4294.55800	4111.77131			4171.48496726	4170.60122068	0
1781124540	XAUUSD	M5	4172.48	4229.24924	4294.38107	4111.59438	4179.53000		4171.81714924	4171.20918496	0
1781124840	XAUUSD	M5	4171.29	4229.07231	4294.20414	4111.41745			4171.40152537	4171.30535516	0
1781125140	XAUUSD	M5	4168.47	4228.89538	4294.02721	4111.24052			4170.25539737	4170.78037627	1
1781125440	XAUUSD	M5	4166.17	4228.71845	4293.85028	4111.06359			4168.58437517	4169.68237572	0
1781125740	XAUUSD	M5	4168.74	4228.54152	4293.67335	4110.88665			4166.70638949	4168.19438260	0
1781126040	XAUUSD	M5	4169.30	4228.36459	4293.49641	4110.70972			4164.89329407	4166.54383834	0
1781126340	XAUUSD	M5	4159.67	4228.18765	4293.31948	4110.53279			4163.44362674	4164.99373254	0
1781126640	XAUUSD	M5	4161.01	4228.01072	4293.14255	4110.35586			4162.83524208	4163.91448731	0
1781126940	XAUUSD	M5	4164.46	4227.83379	4292.96562	4110.17893			4163.15632921	4163.53540826	0
1781127240	XAUUSD	M5	4166.71	4227.65686	4292.78869	4110.00200			4164.27521614	4163.90531220	1
1781127540	XAUUSD	M5	4165.16	4227.47993	4292.61176	4109.82506			4165.93993341	4164.92262281	0
1781127840	XAUUSD	M5	4165.19	4227.30300	4292.43482	4109.64813			4167.86270868	4166.39266575	0
1781128140	XAUUSD	M5	4166.72	4227.12606	4292.25789	4109.47120			4169.68458346	4168.03862460	0
1781128440	XAUUSD	M5	4171.40	4226.94913	4292.08096	4109.29427			4171.02130565	4169.52996513	0
1781128740	XAUUSD	M5	4177.27	4226.77220	4291.90403	4109.11734			4171.54051200	4170.53523856	0
1781129040	XAUUSD	M5	4171.88	4226.59527	4291.72710	4108.94041			4171.06823394	4170.80173625	0
1781129340	XAUUSD	M5	4174.51	4226.41834	4291.55017	4108.76347			4169.86268065	4170.33220845	1
1781129640	XAUUSD	M5	4161.48	4226.24141	4291.37323	4108.58654			4168.14830346	4169.24025595	0
1781129940	XAUUSD	M5	4161.33	4226.06447	4291.19630	4108.40961			4166.56315662	4167.90170628	0
1781130240	XAUUSD	M5	4168.83	4225.88754	4291.01937	4108.23268			4165.34364522	4166.62267575	0
1781130540	XAUUSD	M5	4164.92	4225.71061	4290.84244	4108.05575			4164.41330805	4165.51799190	0
1781130840	XAUUSD	M5	4163.74	4225.53368	4290.66551	4107.87882			4163.77458254	4164.64628722	0
1781131140	XAUUSD	M5	4166.32	4225.35675	4290.48858	4107.70188			4163.22357387	4163.93493054	0
1781131440	XAUUSD	M5	4164.92	4225.17982	4290.31164	4107.52495			4162.35448259	4163.14470657	0
1781131740	XAUUSD	M5	4156.49	4225.00288	4290.13471	4107.34802			4160.83701299	4161.99085978	0
1781132040	XAUUSD	M5	4154.43	4224.82595	4289.95778	4107.17109			4158.56836105	4160.27961042	0
1781132340	XAUUSD	M5	4155.78	4224.64902	4289.78085	4106.99416			4155.47523308	4157.87742175	0
1781132640	XAUUSD	M5	4154.21	4224.47209	4289.60392	4106.81723			4151.63274602	4154.75508388	0
1781132940	XAUUSD	M5	4147.65	4224.29516	4289.42699	4106.64029			4147.42999002	4151.09253695	0
1781133240	XAUUSD	M5	4146.96	4224.11823	4289.25005	4106.46336			4143.56651586	4147.32952641	0
1781133540	XAUUSD	M5	4145.04	4223.94129	4289.07312	4106.28643			4140.65875047	4143.99413844	0
1781133840	XAUUSD	M5	4136.27	4223.76436	4288.89619	4106.10950			4139.28346221	4141.63880032	0
1781134140	XAUUSD	M5	4136.51	4223.58743	4288.71926	4105.93257			4139.93762259	4140.78821146	0
1781134440	XAUUSD	M5	4134.72	4223.41050	4288.54233	4105.75564			4142.56128616	4141.67474881	1
1781134740	XAUUSD	M5	4141.11	4223.23357	4288.36540	4105.57870		4130.66000	4146.73863813	4144.20669347	0
1781135040	XAUUSD	M5	4162.44	4223.05664	4288.18846	4105.40177			4151.55181099	4147.87925223	0
1781135340	XAUUSD	M5	4160.87	4222.87970	4288.01153	4105.22484			4155.59655702	4151.73790463	0
1781135640	XAUUSD	M5	4160.44	4222.70277	4287.83460	4105.04791			4158.10325229	4154.92057846	0
1781135940	XAUUSD	M5	4157.68	4222.52584	4287.65767	4104.87098			4158.58291861	4156.75174853	0
1781136240	XAUUSD	M5	4151.86	4222.34891	4287.48074	4104.69405			4157.03488675	4156.89331764	0
1781136540	XAUUSD	M5	4147.02	4222.17198	4287.30381	4104.51711			4153.96213471	4155.42772618	1
1781136840	XAUUSD	M5	4153.16	4221.99505	4287.12687	4104.34018			4150.23474252	4152.83123435	0
1781137140	XAUUSD	M5	4154.07	4221.81811	4286.94994	4104.16325			4146.67490849	4149.75307142	0
1781137440	XAUUSD	M5	4151.43	4221.64118	4286.77301	4103.98632			4144.22789171	4146.99048157	0
1781137740	XAUUSD	M5	4135.67	4221.46425	4286.59608	4103.80939			4143.71098527	4145.35073342	0
1781138040	XAUUSD	M5	4144.25	4221.28732	4286.41915	4103.63246			4145.86363114	4145.60718228	1
1781138340	XAUUSD	M5	4150.11	4221.11039	4286.24222	4103.45552			4150.39159499	4147.99938863	0
1781138640	XAUUSD	M5	4142.97	4220.93346	4286.06528	4103.27859			4156.60064325	4152.30001594	0
1781138940	XAUUSD	M5	4166.17	4220.75652	4285.88835	4103.10166			4163.80987571	4158.05494583	0
1781139240	XAUUSD	M5	4178.11	4220.57959	4285.71142	4102.92473			4170.54556053	4164.30025318	0
1781139540	XAUUSD	M5	4185.58	4220.40266	4285.53449	4102.74780			4175.73299060	4170.01662189	0
1781139840	XAUUSD	M5	4180.09	4220.22573	4285.35756	4102.57087	4186.31000		4178.75008286	4174.38335238	0
1781140140	XAUUSD	M5	4179.64	4220.04880	4285.18063	4102.39393			4179.67452581	4177.02893909	0
1781140440	XAUUSD	M5	4171.61	4219.87187	4285.00369	4102.21700			4178.79687829	4177.91290869	0
1781140740	XAUUSD	M5	4173.49	4219.69493	4284.82676	4102.04007			4176.74593648	4177.32942259	1
1781141040	XAUUSD	M5	4174.19	4219.51800	4284.64983	4101.86314			4173.92894153	4175.62918206	0
1781141340	XAUUSD	M5	4168.59	4219.34107	4284.47290	4101.68621			4170.62719431	4173.12818818	0
1781141640	XAUUSD	M5	4170.71	4219.16414	4284.29597	4101.50928			4167.05030964	4170.08924891	0
1781141940	XAUUSD	M5	4161.02	4218.98721	4284.11904	4101.33234			4163.05230797	4166.57077844	0
1781142240	XAUUSD	M5	4160.28	4218.81028	4283.94210	4101.15541			4158.65523615	4162.61300730	0
1781142540	XAUUSD	M5	4158.02	4218.63334	4283.76517	4100.97848			4153.68424665	4158.14862698	0
1781142840	XAUUSD	M5	4150.06	4218.45641	4283.58824	4100.80155			4148.14788305	4153.14825501	0
1781143140	XAUUSD	M5	4140.72	4218.27948	4283.41131	4100.62462			4142.35887317	4147.75356409	0
1781143440	XAUUSD	M5	4138.16	4218.10255	4283.23438	4100.44769			4136.80178483	4142.27767446	0
1781143740	XAUUSD	M5	4124.86	4217.92562	4283.05745	4100.27075			4131.86795627	4137.07281537	0
1781144040	XAUUSD	M5	4129.11	4217.74869	4282.88051	4100.09382			4128.11881243	4132.59581390	0
1781144340	XAUUSD	M5	4126.63	4217.57175	4282.70358	4099.91689			4125.55449753	4129.07515572	0
1781144640	XAUUSD	M5	4123.79	4217.39482	4282.52665	4099.73996			4124.16321875	4126.61918723	0
1781144940	XAUUSD	M5	4115.89	4217.21789	4282.34972	4099.56303			4123.76658677	4125.19288700	0
1781145240	XAUUSD	M5	4130.25	4217.04096	4282.17279	4099.38610			4124.16994316	4124.68141508	0
1781145540	XAUUSD	M5	4127.72	4216.86403	4281.99586	4099.20916			4124.67283847	4124.67712678	0
1781145840	XAUUSD	M5	4128.18	4216.68710	4281.81892	4099.03223			4125.04799890	4124.86256284	1
1781146140	XAUUSD	M5	4124.65	4216.51016	4281.64199	4098.85530			4125.15894656	4125.01075470	0
1781146440	XAUUSD	M5	4128.75	4216.33323	4281.46506	4098.67837			4125.15137483	4125.08106476	0
1781146740	XAUUSD	M5	4118.32	4216.15630	4281.28813	4098.50144			4125.11448102	4125.09777289	0
1781147040	XAUUSD	M5	4120.30	4215.97937	4281.11120	4098.32451		4106.86000	4125.49268967	4125.29523128	0
1781147340	XAUUSD	M5	4128.99	4215.80244	4280.93427	4098.14757			4126.32786346	4125.81154737	0
1781147640	XAUUSD	M5	4126.73	4215.62551	4280.75733	4097.97064			4127.36713374	4126.58934055	0
1781147940	XAUUSD	M5	4130.25	4215.44857	4280.58040	4097.79371			4128.49121425	4127.54027740	0
1781148240	XAUUSD	M5	4129.23	4215.27164	4280.40347	4097.61678			4129.35886793	4128.44957267	0
1781148540	XAUUSD	M5	4132.52	4215.09471	4280.22654	4097.43985			4129.76599099	4129.10778183	0
1781148840	XAUUSD	M5	4129.82	4214.91778	4280.04961	4097.26292			4129.52190027	4129.31484105	0
1781149140	XAUUSD	M5	4127.54	4214.74085	4279.87268	4097.08598			4128.72830475	4129.02157290	1
1781149440	XAUUSD	M5	4129.31	4214.56392	4279.69574	4096.90905			4127.59317590	4128.30737440	0
1781149740	XAUUSD	M5	4127.92	4214.38699	4279.51881	4096.73212			4126.30530856	4127.30634148	0
1781150040	XAUUSD	M5	4122.36	4214.21005	4279.34188	4096.55519			4125.08995900	4126.19815024	0
1781150340	XAUUSD	M5	4120.51	4214.03312	4279.16495	4096.37826			4124.16833814	4125.18324419	0
1781150640	XAUUSD	M5	4120.31	4213.85619	4278.98802	4096.20133			4123.52451544	4124.35387982	0
1781150940	XAUUSD	M5	4121.98	4213.67926	4278.81109	4096.02439			4122.95313864	4123.65350923	0
1781151240	XAUUSD	M5	4132.17	4213.50233	4278.63415	4095.84746	4134.97000		4122.12976132	4122.89163528	0
1781151540	XAUUSD	M5	4120.20	4213.32540	4278.45722	4095.67053			4120.56011655	4121.72587591	0
1781151840	XAUUSD	M5	4118.08	4213.14846	4278.28029	4095.49360			4118.38955349	4120.05771470	0
1781152140	XAUUSD	M5	4113.91	4212.97153	4278.10336	4095.31667			4115.73035625	4117.89403548	0
1781152440	XAUUSD	M5	4111.84	4212.79460	4277.92643	4095.13974			4112.92197215	4115.40800381	0
1781152740	XAUUSD	M5	4110.89	4212.61767	4277.74950	4094.96280			4110.35928673	4112.88364527	0
1781153040	XAUUSD	M5	4111.19	4212.44074	4277.57256	4094.78587			4108.43832535	4110.66098531	0
1781153340	XAUUSD	M5	4105.31	4212.26381	4277.39563	4094.60894			4107.42404458	4109.04251494	0
1781153640	XAUUSD	M5	4102.34	4212.08687	4277.21870	4094.43201			4107.55254754	4108.29753124	0
1781153940	XAUUSD	M5	4111.41	4211.90994	4277.04177	4094.25508			4108.77026177	4108.53389651	1
1781154240	XAUUSD	M5	4109.83	4211.73301	4276.86484	4094.07815			4110.55837992	4109.54613821	0
1781154540	XAUUSD	M5	4111.66	4211.55608	4276.68791	4093.90121			4112.51161020	4111.02887421	0
1781154840	XAUUSD	M5	4119.80	4211.37915	4276.51097	4093.72428			4114.17684200	4112.60285810	0
1781155140	XAUUSD	M5	4114.49	4211.20222	4276.33404	4093.54735			4115.07459187	4113.83872499	0
1781155440	XAUUSD	M5	4115.96	4211.02528	4276.15711	4093.37042			4115.20034514	4114.51953507	0
1781155740	XAUUSD	M5	4112.66	4210.84835	4275.98018	4093.19349			4114.56153695	4114.54053601	0
1781156040	XAUUSD	M5	4112.79	4210.67142	4275.80325	4093.01656			4113.39303259	4113.96678430	1
1781156340	XAUUSD	M5	4112.47	4210.49449	4275.62632	4092.83962			4111.85764075	4112.91221252	0
1781156640	XAUUSD	M5	4109.23	4210.31756	4275.44938	4092.66269			4110.07661484	4111.49441368	0
1781156940	XAUUSD	M5	4107.46	4210.14063	4275.27245	4092.48576			4108.17043529	4109.83242448	0
1781157240	XAUUSD	M5	4104.98	4209.96369	4275.09552	4092.30883			4106.13604968	4107.98423708	0
1781157540	XAUUSD	M5	4104.41	4209.78676	4274.91859	4092.13190			4103.91767173	4105.95095441	0
1781157840	XAUUSD	M5	4101.49	4209.60983	4274.74166	4091.95497			4101.43103062	4103.69099251	0
1781158140	XAUUSD	M5	4101.23	4209.43290	4274.56473	4091.77803			4098.71816058	4101.20457655	0
1781158440	XAUUSD	M5	4096.25	4209.25597	4274.38779	4091.60110			4095.84651586	4098.52554620	0
1781158740	XAUUSD	M5	4095.13	4209.07904	4274.21086	4091.42417			4093.08038232	4095.80296426	0
1781159040	XAUUSD	M5	4089.00	4208.90210	4274.03393	4091.24724			4090.64000101	4093.22148263	0
1781159340	XAUUSD	M5	4089.85	4208.72517	4273.85700	4091.07031			4088.84959876	4091.03554070	0
1781159640	XAUUSD	M5	4084.95	4208.54824	4273.68007	4090.89338			4087.76273416	4089.39913743	0
1781159940	XAUUSD	M5	4084.73	4208.37131	4273.50314	4090.71644			4087.40296003	4088.40104873	0
1781160240	XAUUSD	M5	4086.30	4208.19438	4273.32620	4090.53951			4087.51219208	4087.95662041	0
1781160540	XAUUSD	M5	4086.38	4208.01745	4273.14927	4090.36258			4087.64914242	4087.80288141	0
1781160840	XAUUSD	M5	4091.63	4207.84051	4272.97234	4090.18565			4087.41271988	4087.60780065	0
1781161140	XAUUSD	M5	4088.42	4207.66358	4272.79541	4090.00872			4086.37207363	4086.98993714	0
1781161440	XAUUSD	M5	4087.29	4207.48665	4272.61848	4089.83179			4084.46530885	4085.72762300	0
1781161740	XAUUSD	M5	4082.84	4207.30972	4272.44155	4089.65485			4081.82980949	4083.77871624	0
1781162040	XAUUSD	M5	4077.59	4207.13279	4272.26461	4089.47792			4078.88644116	4081.33257870	0
1781162340	XAUUSD	M5	4071.12	4206.95586	4272.08768	4089.30099			4076.22033797	4078.77645834	0
1781162640	XAUUSD	M5	4072.13	4206.77892	4271.91075	4089.12406			4074.42036702	4076.59841268	0
1781162940	XAUUSD	M5	4073.98	4206.60199	4271.73382	4088.94713			4073.73053465	4075.16447367	0
1781163240	XAUUSD	M5	4076.46	4206.42506	4271.55689	4088.77020			4074.07866153	4074.62156760	0
1781163540	XAUUSD	M5	4078.46	4206.24813	4271.37996	4088.59326			4075.07079083	4074.84617921	1
1781163840	XAUUSD	M5	4076.13	4206.07120	4271.20302	4088.41633			4076.07951838	4075.46284879	0
1781164140	XAUUSD	M5	4076.47	4205.89427	4271.02609	4088.23940			4076.46154271	4075.96219575	0
1781164440	XAUUSD	M5	4072.83	4205.71733	4270.84916	4088.06247			4075.59300211	4075.77759893	1
1781164740	XAUUSD	M5	4067.94	4205.54040	4270.67223	4087.88554			4073.16777067	4074.47268480	0
1781165040	XAUUSD	M5	4069.09	4205.36347	4270.49530	4087.70861			4069.27006617	4071.87137548	0
1781165340	XAUUSD	M5	4071.24	4205.18654	4270.31837	4087.53167			4064.25179190	4068.06158369	0
1781169240	XAUUSD	M5	4063.41	4205.00961	4270.14143	4087.35474			4058.75212756	4063.40685563	0
1781169540	XAUUSD	M5	4050.98	4204.83268	4269.96450	4087.17781			4053.79264961	4058.59975262	0
1781169840	XAUUSD	M5	4056.10	4204.65574	4269.78757	4087.00088			4050.39723901	4054.49849581	0
1781170140	XAUUSD	M5	4047.61	4204.47881	4269.61064	4086.82395			4048.86603786	4051.68226684	0
1781170440	XAUUSD	M5	4038.36	4204.30188	4269.43371	4086.64702			4049.33279494	4050.50753089	0
1781170740	XAUUSD	M5	4044.93	4204.12495	4269.25678	4086.47008			4051.48204950	4050.99479020	1
1781171040	XAUUSD	M5	4050.73	4203.94802	4269.07984	4086.29315			4054.27348992	4052.63414006	0
1781171340	XAUUSD	M5	4065.45	4203.77109	4268.90291	4086.11622			4056.58039315	4054.60726660	0
1781171640	XAUUSD	M5	4062.93	4203.59415	4268.72598	4085.93929			4057.27507899	4055.94117280	0
1781171940	XAUUSD	M5	4062.10	4203.41722	4268.54905	4085.76236			4056.05908049	4056.00012664	0
1781172240	XAUUSD	M5	4053.82	4203.24029	4268.37212	4085.58543			4053.13650879	4054.56831771	1
1781172540	XAUUSD	M5	4046.54	4203.06336	4268.19519	4085.40849			4049.35402153	4051.96116962	0
1781172840	XAUUSD	M5	4049.66	4202.88643	4268.01825	4085.23156			4045.78807610	4048.87462286	0
1781173140	XAUUSD	M5	4040.57	4202.70950	4267.84132	4085.05463			4043.24297543	4046.05879915	0
1781173440	XAUUSD	M5	4030.16	4202.53256	4267.66439	4084.87770		4023.88000	4042.50572187	4044.28226051	0
1781173740	XAUUSD	M5	4039.13	4202.35563	4267.48746	4084.70077			4043.91324609	4044.09775330	0
1781174040	XAUUSD	M5	4043.53	4202.17870	4267.31053	4084.52384			4046.85562027	4045.47668678	1
1781174340	XAUUSD	M5	4061.60	4202.00177	4267.13360	4084.34690			4050.44522574	4047.96095626	0
1781174640	XAUUSD	M5	4058.03	4201.82484	4266.95666	4084.16997			4053.37771982	4050.66933804	0
1781174940	XAUUSD	M5	4060.76	4201.64791	4266.77973	4083.99304			4055.02451933	4052.84692869	0
1781175240	XAUUSD	M5	4056.24	4201.47097	4266.60280	4083.81611			4055.02904788	4053.93798828	0
1781175540	XAUUSD	M5	4050.19	4201.29404	4266.42587	4083.63918			4053.67297678	4053.80548253	1
1781175840	XAUUSD	M5	4051.02	4201.11711	4266.24894	4083.46225			4051.66962552	4052.73755403	0
1781176140	XAUUSD	M5	4047.12	4200.94018	4266.07201	4083.28531			4049.79691819	4051.26723611	0
1781176440	XAUUSD	M5	4043.72	4200.76325	4265.89507	4083.10838			4048.91431212	4050.09077411	0
1781176740	XAUUSD	M5	4043.09	4200.58632	4265.71814	4082.93145			4049.61271656	4049.85174534	0
1781177040	XAUUSD	M5	4052.25	4200.40938	4265.54121	4082.75452			4052.00090991	4050.92632763	1
1781177340	XAUUSD	M5	4065.20	4200.23245	4265.36428	4082.57759			4055.55291432	4053.23962097	0
1781177640	XAUUSD	M5	4061.46	4200.05552	4265.18735	4082.40066			4059.38326015	4056.31144056	0
1781177940	XAUUSD	M5	4067.63	4199.87859	4265.01042	4082.22372			4062.91957312	4059.61550684	0
1781178240	XAUUSD	M5	4064.22	4199.70166	4264.83348	4082.04679			4065.55301946	4062.58426315	0
1781178540	XAUUSD	M5	4063.45	4199.52473	4264.65655	4081.86986			4067.23925717	4064.91176016	0
1781178840	XAUUSD	M5	4063.41	4199.34779	4264.47962	4081.69293			4068.26452118	4066.58814067	0
1781179140	XAUUSD	M5	4071.43	4199.17086	4264.30269	4081.51600			4069.19415164	4067.89114615	0
1781179440	XAUUSD	M5	4069.26	4198.99393	4264.12576	4081.33907			4070.55397457	4069.22256036	0
1781179740	XAUUSD	M5	4075.79	4198.81700	4263.94883	4081.16213			4073.04007343	4071.13131690	0
1781180040	XAUUSD	M5	4079.27	4198.64007	4263.77189	4080.98520			4076.89603875	4074.01367782	0
1781180340	XAUUSD	M5	4078.72	4198.46314	4263.59496	4080.80827			4082.09262714	4078.05315248	0
1781180640	XAUUSD	M5	4086.85	4198.28620	4263.41803	4080.63134			4088.34653925	4083.19984587	0
1781180940	XAUUSD	M5	4094.24	4198.10927	4263.24110	4080.45441			4094.95405375	4089.07694981	0
1781181240	XAUUSD	M5	4102.65	4197.93234	4263.06417	4080.27748			4101.13159336	4095.10427158	0
1781181540	XAUUSD	M5	4104.59	4197.75541	4262.88724	4080.10054			4106.14723288	4100.62575223	0
1781181840	XAUUSD	M5	4111.11	4197.57848	4262.71030	4079.92361			4109.62438510	4105.12506866	0
1781182140	XAUUSD	M5	4114.95	4197.40155	4262.53337	4079.74668			4111.33082047	4108.22794457	0
1781182440	XAUUSD	M5	4113.80	4197.22461	4262.35644	4079.56975	4118.22000		4111.33486258	4109.78140357	0
1781182740	XAUUSD	M5	4111.01	4197.04768	4262.17951	4079.39282			4109.97230578	4109.87685468	0
1781183040	XAUUSD	M5	4103.99	4196.87075	4262.00258	4079.21589			4107.63148807	4108.75417137	1
1781183340	XAUUSD	M5	4101.95	4196.69382	4261.82565	4079.03895			4104.71557577	4106.73487357	0
1781183640	XAUUSD	M5	4100.85	4196.51689	4261.64871	4078.86202			4101.35773850	4104.04630604	0
1781183940	XAUUSD	M5	4094.68	4196.33996	4261.47178	4078.68509			4097.54552707	4100.79591655	0
1781184240	XAUUSD	M5	4089.56	4196.16302	4261.29485	4078.50816			4093.29736780	4097.04664218	0
1781184540	XAUUSD	M5	4093.93	4195.98609	4261.11792	4078.33123			4088.62750674	4092.83707446	0
1781184840	XAUUSD	M5	4090.07	4195.80916	4260.94099	4078.15430			4083.44631326	4088.14169386	0
1781185140	XAUUSD	M5	4082.25	4195.63223	4260.76406	4077.97736			4078.01153825	4083.07661605	0
1781185440	XAUUSD	M5	4073.00	4195.45530	4260.58712	4077.80043			4072.83069914	4077.95365760	0
1781185740	XAUUSD	M5	4066.73	4195.27837	4260.41019	4077.62350			4068.50841792	4073.23103776	0
1781186040	XAUUSD	M5	4059.48	4195.10143	4260.23326	4077.44657			4065.50311765	4069.36707771	0
1781186340	XAUUSD	M5	4054.88	4194.92450	4260.05633	4077.26964		4052.60000	4064.09562327	4066.73135049	0
1781186640	XAUUSD	M5	4062.64	4194.74757	4259.87940	4077.09271			4064.23717280	4065.48426165	0
1781186940	XAUUSD	M5	4067.81	4194.57064	4259.70247	4076.91577			4065.37085298	4065.42755731	0
1781187240	XAUUSD	M5	4075.02	4194.39371	4259.52553	4076.73884			4066.84331720	4066.13543726	1
1781187540	XAUUSD	M5	4076.54	4194.21678	4259.34860	4076.56191			4067.95637441	4067.04590583	0
1781187840	XAUUSD	M5	4065.66	4194.03984	4259.17167	4076.38498			4068.32443714	4067.68517149	0
1781188140	XAUUSD	M5	4065.61	4193.86291	4258.99474	4076.20805			4068.08728378	4067.88622763	0
1781188440	XAUUSD	M5	4062.83	4193.68598	4258.81781	4076.03112			4067.39025317	4067.63824040	1
1781188740	XAUUSD	M5	4063.38	4193.50905	4258.64088	4075.85418			4066.63818817	4067.13821428	0
1781189040	XAUUSD	M5	4067.28	4193.33212	4258.46394	4075.67725			4066.21241973	4066.67531700	0
1781189340	XAUUSD	M5	4070.49	4193.15519	4258.28701	4075.50032			4066.37432939	4066.52482320	0
1781189640	XAUUSD	M5	4067.40	4192.97825	4258.11008	4075.32339			4067.24873450	4066.88677885	1
1781189940	XAUUSD	M5	4065.66	4192.80132	4257.93315	4075.14646			4068.89238319	4067.88958102	0
1781190240	XAUUSD	M5	4073.08	4192.62439	4257.75622	4074.96953			4071.15210670	4069.52084386	0
1781190540	XAUUSD	M5	4072.81	4192.44746	4257.57929	4074.79259			4073.55904934	4071.53994660	0
1781190840	XAUUSD	M5	4072.71	4192.27053	4257.40235	4074.61566			4075.83431068	4073.68712864	0
1781191140	XAUUSD	M5	4080.02	4192.09360	4257.22542	4074.43873			4077.78230813	4075.73471839	0
1781191440	XAUUSD	M5	4082.89	4191.91666	4257.04849	4074.26180			4079.17468047	4077.45469943	0
1781191740	XAUUSD	M5	4081.75	4191.73973	4256.87156	4074.08487			4080.02357743	4078.73913843	0
1781192040	XAUUSD	M5	4081.29	4191.56280	4256.69463	4073.90794			4080.52629054	4079.63271448	0
1781192340	XAUUSD	M5	4077.64	4191.38587	4256.51770	4073.73100			4080.86453594	4080.24862521	0
1781192640	XAUUSD	M5	4077.79	4191.20894	4256.34076	4073.55407			4081.21579097	4080.73220809	0
1781192940	XAUUSD	M5	4078.71	4191.03201	4256.16383	4073.37714			4081.55085082	4081.14152946	0
1781193240	XAUUSD	M5	4082.01	4190.85507	4255.98690	4073.20021			4081.73160271	4081.43656608	0
1781193540	XAUUSD	M5	4083.50	4190.67814	4255.80997	4073.02328			4081.53906910	4081.48781759	0
1781193840	XAUUSD	M5	4083.79	4190.50121	4255.63304	4072.84635			4080.86389458	4081.17585608	1
1781194140	XAUUSD	M5	4082.73	4190.32428	4255.45611	4072.66941			4079.80001289	4080.48793449	0
1781194440	XAUUSD	M5	4077.83	4190.14735	4255.27917	4072.49248			4078.65922711	4079.57358080	0
1781194740	XAUUSD	M5	4079.61	4189.97042	4255.10224	4072.31555			4077.96431433	4078.76894756	0
1781195040	XAUUSD	M5	4077.44	4189.79348	4254.92531	4072.13862			4078.09041086	4078.42967921	0
1781195340	XAUUSD	M5	4079.43	4189.61655	4254.74838	4071.96169			4079.36672289	4078.89820105	1
1781195640	XAUUSD	M5	4077.06	4189.43962	4254.57145	4071.78476			4081.79786448	4080.34803277	0
1781195940	XAUUSD	M5	4075.17	4189.26269	4254.39452	4071.60782			4085.18964374	4082.76883825	0
1781196240	XAUUSD	M5	4095.02	4189.08576	4254.21758	4071.43089			4089.08876803	4085.92880314	0
1781196540	XAUUSD	M5	4093.72	4188.90883	4254.04065	4071.25396			4092.42966927	4089.17923621	0
1781196840	XAUUSD	M5	4099.58	4188.73189	4253.86372	4071.07703			4094.68276556	4091.93100089	0
1781197140	XAUUSD	M5	4100.49	4188.55496	4253.68679	4070.90010	4106.21000		4095.40042497	4093.66571293	0
1781197440	XAUUSD	M5	4094.02	4188.37803	4253.50986	4070.72317			4094.54053656	4094.10312475	0
1781197740	XAUUSD	M5	4094.32	4188.20110	4253.33293	4070.54623			4092.54105941	4093.32209208	1
1781198040	XAUUSD	M5	4084.67	4188.02417	4253.15599	4070.36930			4089.90984764	4091.61596986	0
1781198340	XAUUSD	M5	4080.80	4187.84724	4252.97906	4070.19237			4087.44597998	4089.53097492	0
1781198640	XAUUSD	M5	4084.48	4187.67030	4252.80213	4070.01544			4085.72968450	4087.63032971	0
1781198940	XAUUSD	M5	4086.70	4187.49337	4252.62520	4069.83851			4084.97561430	4086.30297201	0
1781199240	XAUUSD	M5	4091.27	4187.31644	4252.44827	4069.66158			4085.17966007	4085.74131604	0
1781199540	XAUUSD	M5	4086.87	4187.13951	4252.27134	4069.48464			4086.07466228	4085.90798916	1
1781199840	XAUUSD	M5	4084.24	4186.96258	4252.09440	4069.30771			4087.49129761	4086.69964338	0
1781200140	XAUUSD	M5	4088.27	4186.78565	4251.91747	4069.13078			4089.20312694	4087.95138516	0
1781200440	XAUUSD	M5	4092.79	4186.60871	4251.74054	4068.95385			4090.90307447	4089.42722982	0
1781200740	XAUUSD	M5	4091.88	4186.43178	4251.56361	4068.77692			4092.40029407	4090.91376194	0
1781201040	XAUUSD	M5	4097.56	4186.25485	4251.38668	4068.59999			4093.77303230	4092.34339712	0
1781201340	XAUUSD	M5	4094.27	4186.07792	4251.20975	4068.42305			4095.05027171	4093.69683441	0
1781201640	XAUUSD	M5	4094.94	4185.90099	4251.03281	4068.24612			4096.48804683	4095.09244062	0
1781201940	XAUUSD	M5	4093.62	4185.72406	4250.85588	4068.06919			4098.18061235	4096.63652649	0
1781202240	XAUUSD	M5	4096.84	4185.54712	4250.67895	4067.89226			4100.14414974	4098.39033811	0
1781202540	XAUUSD	M5	4105.06	4185.37019	4250.50202	4067.71533			4102.18318409	4100.28676110	0
1781202840	XAUUSD	M5	4107.76	4185.19326	4250.32509	4067.53840			4103.93960502	4102.11318306	0
1781203140	XAUUSD	M5	4107.55	4185.01633	4250.14816	4067.36146			4105.21418988	4103.66368647	0
1781203440	XAUUSD	M5	4107.16	4184.83940	4249.97122	4067.18453			4105.97017400	4104.81693024	0
1781203740	XAUUSD	M5	4104.72	4184.66247	4249.79429	4067.00760			4106.28604190	4105.55148607	0
1781204040	XAUUSD	M5	4107.62	4184.48553	4249.61736	4066.83067			4106.36165328	4105.95656968	0
1781204340	XAUUSD	M5	4103.54	4184.30860	4249.44043	4066.65374			4106.30087854	4106.12872411	0
1781204640	XAUUSD	M5	4103.11	4184.13167	4249.26350	4066.47681			4106.32390968	4106.22631689	0
1781204940	XAUUSD	M5	4105.03	4183.95474	4249.08657	4066.29987			4106.46222745	4106.34427217	0
1781205240	XAUUSD	M5	4106.14	4183.77781	4248.90963	4066.12294			4106.58407715	4106.46417466	0
1781205540	XAUUSD	M5	4111.78	4183.60088	4248.73270	4065.94601			4106.45760502	4106.46088984	1
1781205840	XAUUSD	M5	4106.28	4183.42394	4248.55577	4065.76908	4112.70000		4105.75385487	4106.10737236	0
1781206140	XAUUSD	M5	4105.77	4183.24701	4248.37884	4065.59215			4104.43681102	4105.27209169	0
1781206440	XAUUSD	M5	4102.93	4183.07008	4248.20191	4065.41522			4102.46053447	4103.86631308	0
1781206740	XAUUSD	M5	4097.66	4182.89315	4248.02498	4065.23828			4099.94142923	4101.90387115	0
1781207040	XAUUSD	M5	4095.36	4182.71622	4247.84804	4065.06135			4097.12853267	4099.51620191	0
1781207340	XAUUSD	M5	4095.45	4182.53929	4247.67111	4064.88442			4094.24921196	4096.88270693	0
1781207640	XAUUSD	M5	4090.64	4182.36235	4247.49418	4064.70749			4091.46390748	4094.17330721	0
1781207940	XAUUSD	M5	4089.32	4182.18542	4247.31725	4064.53056			4088.99660929	4091.58495825	0
1781208240	XAUUSD	M5	4086.91	4182.00849	4247.14032	4064.35363			4086.93029356	4089.25762590	0
1781208540	XAUUSD	M5	4084.64	4181.83156	4246.96339	4064.17669			4085.31538479	4087.28650535	0
1781208840	XAUUSD	M5	4085.21	4181.65463	4246.78645	4063.99976			4084.16948111	4085.72799323	0
1781209140	XAUUSD	M5	4080.94	4181.47770	4246.60952	4063.82283			4083.44305806	4084.58552564	0
1781209440	XAUUSD	M5	4086.04	4181.30076	4246.43259	4063.64590			4083.20451720	4083.89502142	0
1781209740	XAUUSD	M5	4086.76	4181.12383	4246.25566	4063.46897			4083.32605446	4083.61053794	0
1781210040	XAUUSD	M5	4085.13	4180.94690	4246.07873	4063.29204			4083.80283842	4083.70668818	1
1781210340	XAUUSD	M5	4079.48	4180.76997	4245.90180	4063.11510			4084.67511338	4084.19090078	0
1781210640	XAUUSD	M5	4080.69	4180.59304	4245.72486	4062.93817		4077.50000	4086.04741521	4085.11915799	0
1781210940	XAUUSD	M5	4088.69	4180.41611	4245.54793	4062.76124			4087.78045447	4086.44980623	0
1781211240	XAUUSD	M5	4091.70	4180.23917	4245.37100	4062.58431			4089.52716772	4087.98848698	0
1781211540	XAUUSD	M5	4094.04	4180.06224	4245.19407	4062.40738			4091.02337327	4089.50593012	0
1781211840	XAUUSD	M5	4094.05	4179.88531	4245.01714	4062.23045			4092.04599900	4090.77596456	0
1781212140	XAUUSD	M5	4091.69	4179.70838	4244.84021	4062.05351			4092.51376586	4091.64486521	0
1781212440	XAUUSD	M5	4091.86	4179.53145	4244.66327	4061.87658			4092.49177229	4092.06831875	0
1781212740	XAUUSD	M5	4090.63	4179.35452	4244.48634	4061.69965			4092.08194255	4092.07513065	0
1781213040	XAUUSD	M5	4092.21	4179.17758	4244.30941	4061.52272			4091.46822341	4091.77167703	1
1781213340	XAUUSD	M5	4086.93	4179.00065	4244.13248	4061.34579			4090.78325367	4091.27746535	0
1781213640	XAUUSD	M5	4093.76	4178.82372	4243.95555	4061.16886			4090.30268705	4090.79007620	0
1781213940	XAUUSD	M5	4087.99	4178.64679	4243.77862	4060.99192			4089.97279212	4090.38143416	0
1781214240	XAUUSD	M5	4092.40	4178.46986	4243.60168	4060.81499			4089.94922302	4090.16532859	0
1781214540	XAUUSD	M5	4090.99	4178.29293	4243.42475	4060.63806			4090.08983338	4090.12758099	0
1781214840	XAUUSD	M5	4090.56	4178.11599	4243.24782	4060.46113			4090.32609562	4090.22683830	1
1781215140	XAUUSD	M5	4088.60	4177.93906	4243.07089	4060.28420			4090.56302009	4090.39492920	0
1781215440	XAUUSD	M5	4089.80	4177.76213	4242.89396	4060.10727			4090.71677444	4090.55585182	0
1781215740	XAUUSD	M5	4089.97	4177.58520	4242.71703	4059.93033			4090.64689002	4090.60137092	0
1781216040	XAUUSD	M5	4091.91	4177.40827	4242.54009	4059.75340			4090.28605031	4090.44371062	1
1781216340	XAUUSD	M5	4091.34	4177.23134	4242.36316	4059.57647			4089.59564449	4090.01967755	0
1781216640	XAUUSD	M5	4086.59	4177.05440	4242.18623	4059.39954			4088.67141105	4089.34554430	0
1781216940	XAUUSD	M5	4086.81	4176.87747	4242.00930	4059.22261			4087.75878853	4088.55216642	0
1781217240	XAUUSD	M5	4086.38	4176.70054	4241.83237	4059.04568			4086.99783679	4087.77500160	0
1781217540	XAUUSD	M5	4090.39	4176.52361	4241.65544	4058.86874			4086.51294863	4087.14397512	0
1781217840	XAUUSD	M5	4088.30	4176.34668	4241.47850	4058.69181	4095.86000		4086.25427399	4086.69912456	0
1781218140	XAUUSD	M5	4083.40	4176.16975	4241.30157	4058.51488			4086.20714274	4086.45313365	0
1781218440	XAUUSD	M5	4084.94	4175.99281	4241.12464	4058.33795			4086.31614054	4086.38463709	0
1781218740	XAUUSD	M5	4085.16	4175.81588	4240.94771	4058.16102			4086.25492683	4086.31978196	0
1781219040	XAUUSD	M5	4086.19	4175.63895	4240.77078	4057.98409			4085.68344424	4086.00161310	0
1781219340	XAUUSD	M5	4080.34	4175.46202	4240.59385	4057.80715			4084.28688255	4085.14424783	0
1781219640	XAUUSD	M5	4086.53	4175.28509	4240.41691	4057.63022			4082.07764703	4083.61094743	0
1781219940	XAUUSD	M5	4079.94	4175.10816	4240.23998	4057.45329			4079.00393632	4081.30744187	0
1781220240	XAUUSD	M5	4076.41	4174.93122	4240.06305	4057.27636			4075.51598761	4078.41171474	0
1781220540	XAUUSD	M5	4075.14	4174.75429	4239.88612	4057.09943			4072.18177674	4075.29674574	0
1781220840	XAUUSD	M5	4069.00	4174.57736	4239.70919	4056.92250			4069.56545377	4072.43109976	0
1781221140	XAUUSD	M5	4069.08	4174.40043	4239.53226	4056.74556			4068.24923381	4070.34016679	0
1781221440	XAUUSD	M5	4062.56	4174.22350	4239.35532	4056.56863		4057.54000	4068.44631910	4069.39324294	0
1781221740	XAUUSD	M5	4065.94	4174.04657	4239.17839	4056.39170			4070.19666353	4069.79495324	1
1781222040	XAUUSD	M5	4073.40	4173.86963	4239.00146	4056.21477			4073.00229444	4071.39862384	0
1781222340	XAUUSD	M5	4077.31	4173.69270	4238.82453	4056.03784			4076.07752226	4073.73807305	0
1781222640	XAUUSD	M5	4080.14	4173.51577	4238.64760	4055.86091			4078.69853140	4076.21830223	0
1781222940	XAUUSD	M5	4082.22	4173.33884	4238.47067	4055.68397			4080.31635119	4078.26732671	0
1781223240	XAUUSD	M5	4083.88	4173.16191	4238.29373	4055.50704			4080.69148134	4079.47940402	0
1781223540	XAUUSD	M5	4085.84	4172.98498	4238.11680	4055.33011			4079.91865869	4079.69903136	0
1781223840	XAUUSD	M5	4073.21	4172.80804	4237.93987	4055.15318			4078.36317383	4079.03110259	1
1781224140	XAUUSD	M5	4072.88	4172.63111	4237.76294	4054.97625			4076.85389013	4077.94249636	0
1781224440	XAUUSD	M5	4075.95	4172.45418	4237.58601	4054.79932			4075.88769606	4076.91509621	0
1781224740	XAUUSD	M5	4075.71	4172.27725	4237.40908	4054.62238			4075.66782731	4076.29146176	0
1781225040	XAUUSD	M5	4075.30	4172.10032	4237.23214	4054.44545			4076.19128612	4076.24137394	0
1781225340	XAUUSD	M5	4072.51	4171.92339	4237.05521	4054.26852			4077.19154912	4076.71646153	1
1781225640	XAUUSD	M5	4076.28	4171.74645	4236.87828	4054.09159			4078.27979018	4077.49812586	0
1781225940	XAUUSD	M5	4083.92	4171.56952	4236.70135	4053.91466			4078.89296862	4078.19554724	0
1781226240	XAUUSD	M5	4084.96	4171.39259	4236.52442	4053.73773	4092.55000		4078.53216030	4078.36385377	0
1781226540	XAUUSD	M5	4083.18	4171.21566	4236.34749	4053.56079			4077.11838021	4077.74111699	1
1781226840	XAUUSD	M5	4078.35	4171.03873	4236.17055	4053.38386			4074.92540248	4076.33325974	0
1781227140	XAUUSD	M5	4062.87	4170.86180	4235.99362	4053.20693			4072.50765803	4074.42045888	0
1781227440	XAUUSD	M5	4061.06	4170.68486	4235.81669	4053.03000		4053.03000	4070.72471836	4072.57258862	0
1781227740	XAUUSD	M5	4063.54	4170.50793	4235.63976	4052.85307			4069.99858769	4071.28558816	0
1781228040	XAUUSD	M5	4079.67	4170.33100	4235.46283	4052.67614			4070.41299634	4070.84929225	0
1781228340	XAUUSD	M5	4074.78	4170.15407	4235.28590	4052.49921			4071.49926091	4071.17427658	1
1781228640	XAUUSD	M5	4072.64	4169.97714	4235.10896	4052.32227			4073.08954113	4072.13190886	0
1781228940	XAUUSD	M5	4078.74	4169.80021	4234.93203	4052.14534			4074.87013779	4073.50102333	0
1781229240	XAUUSD	M5	4076.19	4169.62327	4234.75510	4051.96841			4076.37056913	4074.93579623	0
1781229540	XAUUSD	M5	4078.67	4169.44634	4234.57817	4051.79148			4077.42979756	4076.18279689	0
1781229840	XAUUSD	M5	4076.99	4169.26941	4234.40124	4051.61455			4077.93641644	4077.05960667	0
1781230140	XAUUSD	M5	4073.47	4169.09248	4234.22431	4051.43762			4078.03848798	4077.54904732	0
1781230440	XAUUSD	M5	4073.49	4168.91555	4234.04737	4051.26068			4078.01071634	4077.77988183	0
1781230740	XAUUSD	M5	4080.98	4168.73862	4233.87044	4051.08375			4078.06526120	4077.92257151	0
1781231040	XAUUSD	M5	4080.65	4168.56168	4233.69351	4050.90682			4078.26509440	4078.09383296	0
1781231340	XAUUSD	M5	4081.96	4168.38475	4233.51658	4050.72989			4078.78629767	4078.44006532	0
1781231640	XAUUSD	M5	4078.86	4168.20782	4233.33965	4050.55296			4079.73345482	4079.08676007	0
1781231940	XAUUSD	M5	4081.62	4168.03089	4233.16272	4050.37603			4081.21362135	4080.15019071	0
1781232240	XAUUSD	M5	4079.64	4167.85396	4232.98578	4050.19909			4083.10409810	4081.62714440	0
1781232540	XAUUSD	M5	4085.98	4167.67703	4232.80885	4050.02216			4085.30831819	4083.46773130	0
1781232840	XAUUSD	M5	4088.15	4167.50009	4232.63192	4049.84523			4087.47378995	4085.47076062	0
1781233140	XAUUSD	M5	4089.81	4167.32316	4232.45499	4049.66830			4089.33857654	4087.40466858	0
1781233440	XAUUSD	M5	4090.55	4167.14623	4232.27806	4049.49137			4090.69903330	4089.05185094	0
1781233740	XAUUSD	M5	4088.77	4166.96930	4232.10113	4049.31444			4091.49421662	4090.27303378	0
1781234040	XAUUSD	M5	4087.50	4166.79237	4231.92419	4049.13750			4091.83305983	4091.05304680	0
1781234340	XAUUSD	M5	4092.68	4166.61544	4231.74726	4048.96057			4091.88015579	4091.46660130	0
1781234640	XAUUSD	M5	4102.66	4166.43850	4231.57033	4048.78364			4091.66145690	4091.56402910	0
1781234940	XAUUSD	M5	4096.93	4166.26157	4231.39340	4048.60671			4091.03222628	4091.29812769	1
1781235240	XAUUSD	M5	4087.79	4166.08464	4231.21647	4048.42978			4090.11452081	4090.70632425	0
1781235540	XAUUSD	M5	4079.68	4165.90771	4231.03954	4048.25285			4089.00055070	4089.85343748	0
1781235840	XAUUSD	M5	4084.74	4165.73078	4230.86260	4048.07591			4087.64067922	4088.74705835	0
1781236140	XAUUSD	M5	4082.65	4165.55385	4230.68567	4047.89898			4085.63441932	4087.19073884	0
1781236440	XAUUSD	M5	4081.96	4165.37691	4230.50874	4047.72205			4082.86752266	4085.02913075	0
1781236740	XAUUSD	M5	4081.44	4165.19998	4230.33181	4047.54512			4079.43282521	4082.23097798	0
1781237040	XAUUSD	M5	4079.69	4165.02305	4230.15488	4047.36819			4075.78907099	4079.01002449	0
1781237340	XAUUSD	M5	4080.20	4164.84612	4229.97795	4047.19126			4072.79072160	4075.90037304	0
1781237640	XAUUSD	M5	4074.76	4164.66919	4229.80101	4047.01432		4072.10000	4071.49584665	4073.69810985	0
1781237940	XAUUSD	M5	4076.68	4164.49226	4229.62408	4046.83739			4073.07992127	4073.38901556	0
1781238240	XAUUSD	M5	4076.11	4164.31532	4229.44715	4046.66046			4078.27941770	4075.83421663	1
1781238540	XAUUSD	M5	4078.44	4164.13839	4229.27022	4046.48353			4087.34613535	4081.59017599	0
1781238840	XAUUSD	M5	4080.45	4163.96146	4229.09329	4046.30660			4099.77814346	4090.68415973	0
1781239140	XAUUSD	M5	4101.82	4163.78453	4228.91636	4046.12967			4114.42050669	4102.55233321	0
1781239440	XAUUSD	M5	4149.25	4163.60760	4228.73942	4045.95273			4129.26386806	4115.90810063	0
1781239740	XAUUSD	M5	4150.15	4163.43067	4228.56249	4045.77580			4141.67992588	4128.79401326	0
1781240040	XAUUSD	M5	4166.78	4163.25373	4228.38556	4045.59887			4150.49292989	4139.64347157	0
1781240340	XAUUSD	M5	4154.09	4163.07680	4228.20863	4045.42194			4154.92083614	4147.28215386	0
1781240640	XAUUSD	M5	4153.43	4162.89987	4228.03170	4045.24501			4155.64530556	4151.46372971	0
1781240940	XAUUSD	M5	4151.83	4162.72294	4227.85477	4045.06808			4153.73809325	4152.60091148	0
1781241240	XAUUSD	M5	4138.69	4162.54601	4227.67783	4044.89114			4150.64526574	4151.62308861	1
1781241540	XAUUSD	M5	4135.62	4162.36908	4227.50090	4044.71421			4148.05222163	4149.83765512	0
1781241840	XAUUSD	M5	4146.93	4162.19214	4227.32397	4044.53728			4147.03803925	4148.43784718	0
1781242140	XAUUSD	M5	4161.23	4162.01521	4227.14704	4044.36035			4147.79114341	4148.11449530	0
1781242440	XAUUSD	M5	4155.83	4161.83828	4226.97011	4044.18342			4149.87706470	4148.99578000	1
1781242740	XAUUSD	M5	4152.94	4161.66135	4226.79318	4044.00649			4152.92609092	4150.96093546	0
1781243040	XAUUSD	M5	4154.02	4161.48442	4226.61624	4043.82955			4156.37443095	4153.66768321	0
1781243340	XAUUSD	M5	4156.45	4161.30749	4226.43931	4043.65262			4159.66360011	4156.66564166	0
1781243640	XAUUSD	M5	4164.79	4161.13055	4226.26238	4043.47569			4162.47306774	4159.56935470	0
1781243940	XAUUSD	M5	4168.14	4160.95362	4226.08545	4043.29876			4164.70958134	4162.13946802	0
1781244240	XAUUSD	M5	4164.81	4160.77669	4225.90852	4043.12183			4166.73476474	4164.43711638	0
1781244540	XAUUSD	M5	4161.80	4160.59976	4225.73159	4042.94490			4169.23256135	4166.83483887	0
1781244840	XAUUSD	M5	4174.33	4160.42283	4225.55465	4042.76796			4172.81691976	4169.82587931	0
1781245140	XAUUSD	M5	4174.18	4160.24590	4225.37772	4042.59103			4177.51345439	4173.66966685	0
1781245440	XAUUSD	M5	4188.24	4160.06896	4225.20079	4042.41410			4183.32052101	4178.49509393	0
1781245740	XAUUSD	M5	4195.56	4159.89203	4225.02386	4042.23717			4189.61943835	4184.05726614	0
1781246040	XAUUSD	M5	4191.80	4159.71510	4224.84693	4042.06024			4195.78193179	4189.91959896	0
1781246340	XAUUSD	M5	4195.57	4159.53817	4224.67000	4041.88331			4201.42127453	4195.67043675	0
1781246640	XAUUSD	M5	4214.77	4159.36124	4224.49306	4041.70637			4206.09231153	4200.88137414	0
1781246940	XAUUSD	M5	4208.51	4159.18431	4224.31613	4041.52944			4209.24601706	4205.06369560	0
1781247240	XAUUSD	M5	4210.32	4159.00737	4224.13920	4041.35251			4211.13519713	4208.09944637	0
1781247540	XAUUSD	M5	4210.09	4158.83044	4223.96227	4041.17558			4212.03003322	4210.06473979	0
1781247840	XAUUSD	M5	4215.31	4158.65351	4223.78534	4040.99865			4212.32420046	4211.19447012	0
1781248140	XAUUSD	M5	4209.02	4158.47658	4223.60841	4040.82172			4212.27350714	4211.73398863	0
1781248440	XAUUSD	M5	4208.40	4158.29965	4223.43147	4040.64478			4212.27218428	4212.00308645	0
1781248740	XAUUSD	M5	4214.85	4158.12272	4223.25454	4040.46785			4212.43857632	4212.22083139	0
1781249040	XAUUSD	M5	4213.76	4157.94578	4223.07761	4040.29092			4212.66503714	4212.44293426	0
1781249340	XAUUSD	M5	4213.41	4157.76885	4222.90068	4040.11399			4212.93072436	4212.68682931	0
1781249640	XAUUSD	M5	4215.75	4157.59192	4222.72375	4039.93706			4213.19705398	4212.94194165	0
1781249940	XAUUSD	M5	4214.11	4157.41499	4222.54682	4039.76013			4213.34545031	4213.14369598	0
1781250240	XAUUSD	M5	4213.68	4157.23806	4222.36988	4039.58319			4213.34305564	4213.24337581	0
1781250540	XAUUSD	M5	4211.03	4157.06113	4222.19295	4039.40626			4213.14568770	4213.19453176	1
1781250840	XAUUSD	M5	4209.73	4156.88419	4222.01602	4039.22933			4212.74929088	4212.97191132	0
1781251140	XAUUSD	M5	4211.29	4156.70726	4221.83909	4039.05240			4212.11445150	4212.54318141	0
1781251440	XAUUSD	M5	4212.17	4156.53033	4221.66216	4038.87547			4211.17481767	4211.85899954	0
1781251740	XAUUSD	M5	4210.88	4156.35340	4221.48523	4038.69854			4209.96948865	4210.91424410	0
1781255640	XAUUSD	M5	4208.50	4156.17647	4221.30829	4038.52160		4205.28000	4208.70462682	4209.80943546	0
1781255940	XAUUSD	M5	4209.46	4155.99954	4221.13136	4038.34467			4207.71077227	4208.76010387	0
1781256240	XAUUSD	M5	4209.72	4155.82260	4220.95443	4038.16774			4207.31578530	4208.03794458	0
1781256540	XAUUSD	M5	4208.19	4155.64567	4220.77750	4037.99081			4207.86225449	4207.95009954	0
1781256840	XAUUSD	M5	4206.47	4155.46874	4220.60057	4037.81388			4209.63570094	4208.79290024	1
1781257140	XAUUSD	M5	4214.85	4155.29181	4220.42364	4037.63695			4212.74365723	4210.76827873	0
1781257440	XAUUSD	M5	4214.12	4155.11488	4220.24670	4037.46001			4216.82100967	4213.79464420	0
1781257740	XAUUSD	M5	4215.57	4154.93795	4220.06977	4037.28308			4221.49765428	4217.64614924	0
1781258040	XAUUSD	M5	4225.95	4154.76101	4219.89284	4037.10615			4226.17708147	4221.91161536	0
1781258340	XAUUSD	M5	4232.06	4154.58408	4219.71591	4036.92922			4230.01674358	4225.96417947	0
1781258640	XAUUSD	M5	4235.64	4154.40715	4219.53898	4036.75229			4232.37649662	4229.17033805	0
1781258940	XAUUSD	M5	4243.42	4154.23022	4219.36205	4036.57536	4246.77000		4232.92190878	4231.04612341	0
1781259240	XAUUSD	M5	4227.21	4154.05329	4219.18511	4036.39842			4231.53385990	4231.28999166	0
1781259540	XAUUSD	M5	4225.92	4153.87636	4219.00818	4036.22149			4228.90084846	4230.09542006	1
1781259840	XAUUSD	M5	4223.82	4153.69942	4218.83125	4036.04456			4225.58549587	4227.84045796	0
1781260140	XAUUSD	M5	4222.45	4153.52249	4218.65432	4035.86763			4222.20189516	4225.02117656	0
1781260440	XAUUSD	M5	4216.09	4153.34556	4218.47739	4035.69070			4219.25541200	4222.13829428	0
1781260740	XAUUSD	M5	4216.80	4153.16863	4218.30046	4035.51377			4217.20197332	4219.67013380	0
1781261040	XAUUSD	M5	4216.63	4152.99170	4218.12353	4035.33683			4216.12827269	4217.89920324	0
1781261340	XAUUSD	M5	4216.64	4152.81477	4217.94659	4035.15990			4215.93254916	4216.91587620	0
1781261640	XAUUSD	M5	4219.28	4152.63783	4217.76966	4034.98297			4216.37454236	4216.64520928	0
1781261940	XAUUSD	M5	4219.33	4152.46090	4217.59273	4034.80604			4217.13313249	4216.88917089	1
1781262240	XAUUSD	M5	4216.29	4152.28397	4217.41580	4034.62911			4217.97640196	4217.43278642	0
1781262540	XAUUSD	M5	4219.85	4152.10704	4217.23887	4034.45218			4218.80981134	4218.12129888	0
1781262840	XAUUSD	M5	4219.16	4151.93011	4217.06194	4034.27524			4219.45951425	4218.79040657	0
1781263140	XAUUSD	M5	4217.27	4151.75318	4216.88500	4034.09831			4219.88477391	4219.33759024	0
1781263440	XAUUSD	M5	4216.87	4151.57624	4216.70807	4033.92138			4220.06338767	4219.70048895	0
1781263740	XAUUSD	M5	4216.42	4151.39931	4216.53114	4033.74445			4219.91576661	4219.80812778	0
1781264040	XAUUSD	M5	4223.84	4151.22238	4216.35421	4033.56752			4219.31719950	4219.56266364	1
1781264340	XAUUSD	M5	4220.39	4151.04545	4216.17728	4033.39059			4217.96864218	4218.76565291	0
1781264640	XAUUSD	M5	4221.43	4150.86852	4216.00035	4033.21365			4215.85734348	4217.31149819	0
1781264940	XAUUSD	M5	4214.81	4150.69159	4215.82341	4033.03672			4212.95115971	4215.13132895	0
1781265240	XAUUSD	M5	4203.54	4150.51465	4215.64648	4032.85979			4209.47136023	4212.30134459	0
1781265540	XAUUSD	M5	4201.96	4150.33772	4215.46955	4032.68286			4205.79332657	4209.04733558	0
1781265840	XAUUSD	M5	4200.88	4150.16079	4215.29262	4032.50593			4202.07296347	4205.56014953	0
1781266140	XAUUSD	M5	4208.28	4149.98386	4215.11569	4032.32900			4198.42072658	4201.99043805	0
1781266440	XAUUSD	M5	4185.07	4149.80693	4214.93876	4032.15206			4194.71136818	4198.35090312	0
1781266740	XAUUSD	M5	4193.19	4149.63000	4214.76182	4031.97513			4191.49521851	4194.92306081	0
1781267040	XAUUSD	M5	4186.98	4149.45306	4214.58489	4031.79820			4188.59666644	4191.75986363	0
1781267340	XAUUSD	M5	4189.29	4149.27613	4214.40796	4031.62127			4186.15158999	4188.95572681	0
1781267640	XAUUSD	M5	4189.49	4149.09920	4214.23103	4031.44434			4184.14123612	4186.54848146	0
1781267940	XAUUSD	M5	4181.08	4148.92227	4214.05410	4031.26741			4182.63742172	4184.59295159	0
1781268240	XAUUSD	M5	4179.96	4148.74534	4213.87717	4031.09047			4181.93334636	4183.26314897	0
1781268540	XAUUSD	M5	4179.15	4148.56841	4213.70023	4030.91354		4171.24000	4182.14570718	4182.70442808	0
1781268840	XAUUSD	M5	4179.27	4148.39147	4213.52330	4030.73661			4183.27778520	4182.99110664	1
1781269140	XAUUSD	M5	4191.42	4148.21454	4213.34637	4030.55968			4185.18527389	4184.08819027	0
1781269440	XAUUSD	M5	4186.37	4148.03761	4213.16944	4030.38275			4187.34135513	4185.71477270	0
1781269740	XAUUSD	M5	4186.75	4147.86068	4212.99251	4030.20582			4189.54254029	4187.62865649	0
1781270040	XAUUSD	M5	4191.14	4147.68375	4212.81558	4030.02888			4191.45043590	4189.53954620	0
1781270340	XAUUSD	M5	4197.35	4147.50682	4212.63864	4029.85195			4192.69148837	4191.11551729	0
1781270640	XAUUSD	M5	4193.93	4147.32988	4212.46171	4029.67502			4192.98154213	4192.04852971	0
1781270940	XAUUSD	M5	4192.78	4147.15295	4212.28478	4029.49809			4192.42319708	4192.23586340	0
1781271240	XAUUSD	M5	4191.27	4146.97602	4212.10785	4029.32116			4191.23479103	4191.73532721	1
1781271540	XAUUSD	M5	4188.66	4146.79909	4211.93092	4029.14423			4189.75101662	4190.74317191	0
1781271840	XAUUSD	M5	4183.07	4146.62216	4211.75399	4028.96729			4188.36256641	4189.55286916	0
1781272140	XAUUSD	M5	4188.97	4146.44523	4211.57705	4028.79036			4187.48652210	4188.51969563	0
1781272440	XAUUSD	M5	4186.14	4146.26829	4211.40012	4028.61343			4187.18205978	4187.85087771	0
1781272740	XAUUSD	M5	4190.62	4146.09136	4211.22319	4028.43650			4187.57992919	4187.71540345	0
1781273040	XAUUSD	M5	4188.90	4145.91443	4211.04626	4028.25957			4188.55029743	4188.13285044	1
1781273340	XAUUSD	M5	4191.58	4145.73750	4210.86933	4028.08264			4190.02237306	4189.07761175	0
1781273640	XAUUSD	M5	4192.08	4145.56057	4210.69240	4027.90570			4191.80705366	4190.44233270	0
1781273940	XAUUSD	M5	4192.72	4145.38364	4210.51546	4027.72877			4193.76385380	4192.10309325	0
1781274240	XAUUSD	M5	4194.01	4145.20670	4210.33853	4027.55184			4195.76651595	4193.93480460	0
1781274540	XAUUSD	M5	4196.24	4145.02977	4210.16160	4027.37491			4197.67553946	4195.80517203	0
1781274840	XAUUSD	M5	4197.63	4144.85284	4209.98467	4027.19798			4199.33222978	4197.56870091	0
1781275140	XAUUSD	M5	4203.50	4144.67591	4209.80774	4027.02105			4200.60647791	4199.08758941	0
1781275440	XAUUSD	M5	4203.86	4144.49898	4209.63081	4026.84411			4201.28324644	4200.18541792	0
1781275740	XAUUSD	M5	4202.13	4144.32205	4209.45387	4026.66718			4201.33629474	4200.76085633	0
1781276040	XAUUSD	M5	4199.23	4144.14511	4209.27694	4026.49025	4205.09000		4200.82543241	4200.79314437	0
1781276340	XAUUSD	M5	4197.43	4143.96818	4209.10001	4026.31332			4199.91034636	4200.35174536	1
1781276640	XAUUSD	M5	4200.59	4143.79125	4208.92308	4026.13639			4198.76560034	4199.55867285	0
1781276940	XAUUSD	M5	4197.00	4143.61432	4208.74615	4025.95946			4197.47826476	4198.51846881	0
1781277240	XAUUSD	M5	4197.21	4143.43739	4208.56922	4025.78252			4196.28674405	4197.40260643	0
1781277540	XAUUSD	M5	4196.35	4143.26046	4208.39228	4025.60559			4195.30372090	4196.35316366	0
1781277840	XAUUSD	M5	4194.32	4143.08352	4208.21535	4025.42866			4194.59616790	4195.47466578	0
1781278140	XAUUSD	M5	4192.11	4142.90659	4208.03842	4025.25173			4194.18346208	4194.82906393	0
1781278440	XAUUSD	M5	4193.15	4142.72966	4207.86149	4025.07480			4194.01071103	4194.41988748	0
1781278740	XAUUSD	M5	4192.74	4142.55273	4207.68456	4024.89787			4193.92463864	4194.17226306	0
1781279040	XAUUSD	M5	4195.74	4142.37580	4207.50763	4024.72093			4193.79485547	4193.98355926	0
1781279340	XAUUSD	M5	4195.38	4142.19887	4207.33069	4024.54400			4193.45921075	4193.72138501	0
1781279640	XAUUSD	M5	4193.50	4142.02193	4207.15376	4024.36707			4192.88309502	4193.30224001	0
1781279940	XAUUSD	M5	4191.07	4141.84500	4206.97683	4024.19014			4192.13475154	4192.71849577	0
1781280240	XAUUSD	M5	4192.44	4141.66807	4206.79990	4024.01321			4191.31570041	4192.01709809	0
1781280540	XAUUSD	M5	4190.09	4141.49114	4206.62297	4023.83628			4190.42669450	4191.22189630	0
1781280840	XAUUSD	M5	4188.10	4141.31421	4206.44604	4023.65934			4189.51868175	4190.37028902	0
1781281140	XAUUSD	M5	4185.29	4141.13728	4206.26910	4023.48241			4188.58256156	4189.47642529	0
1781281440	XAUUSD	M5	4188.81	4140.96034	4206.09217	4023.30548			4187.57103323	4188.52372926	0
1781281740	XAUUSD	M5	4186.06	4140.78341	4205.91524	4023.12855			4186.30158993	4187.41265960	0
1781282040	XAUUSD	M5	4187.09	4140.60648	4205.73831	4022.95162			4184.78674331	4186.09970145	0
1781282340	XAUUSD	M5	4187.11	4140.42955	4205.56138	4022.77469			4183.03550838	4184.56760492	0
1781282640	XAUUSD	M5	4180.40	4140.25262	4205.38445	4022.59775			4181.15038063	4182.85899277	0
1781282940	XAUUSD	M5	4174.99	4140.07569	4205.20751	4022.42082			4179.46887177	4181.16393227	0
1781283240	XAUUSD	M5	4180.37	4139.89875	4205.03058	4022.24389			4178.30587089	4179.73490158	0
1781283540	XAUUSD	M5	4179.09	4139.72182	4204.85365	4022.06696			4177.67565565	4178.70527862	0
1781283840	XAUUSD	M5	4175.31	4139.54489	4204.67672	4021.89003			4177.62904971	4178.16716416	0
1781284140	XAUUSD	M5	4173.40	4139.36796	4204.49979	4021.71310		4170.78000	4178.16902744	4178.16809580	1
1781284440	XAUUSD	M5	4181.28	4139.19103	4204.32286	4021.53616			4179.14300555	4178.65555068	0
1781284740	XAUUSD	M5	4181.83	4139.01410	4204.14592	4021.35923			4180.10282042	4179.37918555	0
1781285040	XAUUSD	M5	4182.93	4138.83716	4203.96899	4021.18230			4180.77828227	4180.07873391	0
1781285340	XAUUSD	M5	4180.68	4138.66023	4203.79206	4021.00537			4180.97934406	4180.52903898	0
1781285640	XAUUSD	M5	4180.37	4138.48330	4203.61513	4020.82844			4180.71404267	4180.62154083	0
1781285940	XAUUSD	M5	4182.10	4138.30637	4203.43820	4020.65151			4180.07407423	4180.34780753	1
1781286240	XAUUSD	M5	4177.50	4138.12944	4203.26127	4020.47457			4179.22254407	4179.78517580	0
1781286540	XAUUSD	M5	4177.97	4137.95251	4203.08433	4020.29764			4178.49850633	4179.14184106	0
1781286840	XAUUSD	M5	4176.49	4137.77557	4202.90740	4020.12071			4178.09148424	4178.61666265	0
1781287140	XAUUSD	M5	4176.39	4137.59864	4202.73047	4019.94378			4178.13080756	4178.37373511	0
1781287440	XAUUSD	M5	4178.48	4137.42171	4202.55354	4019.76685			4178.57487728	4178.47430619	1
1781287740	XAUUSD	M5	4184.20	4137.24478	4202.37661	4019.58992			4179.19753055	4178.83591837	0
1781288040	XAUUSD	M5	4178.35	4137.06785	4202.19968	4019.41298			4179.61782012	4179.22686925	0
1781288340	XAUUSD	M5	4180.60	4136.89092	4202.02274	4019.23605			4179.71354667	4179.47020796	0
1781288640	XAUUSD	M5	4178.24	4136.71398	4201.84581	4019.05912			4179.27987147	4179.37503971	1
1781288940	XAUUSD	M5	4177.36	4136.53705	4201.66888	4018.88219			4178.36205359	4178.86854665	0
1781289240	XAUUSD	M5	4178.19	4136.36012	4201.49195	4018.70526			4177.14943758	4178.00899212	0
1781289540	XAUUSD	M5	4174.07	4136.18319	4201.31502	4018.52833			4175.94597300	4176.97748256	0
1781289840	XAUUSD	M5	4173.88	4136.00626	4201.13809	4018.35139		4170.27000	4175.26987445	4176.12367850	0
1781290140	XAUUSD	M5	4178.58	4135.82933	4200.96115	4018.17446			4175.55704284	4175.84036067	0
1781290440	XAUUSD	M5	4183.10	4135.65239	4200.78422	4017.99753			4177.04957891	4176.44496979	1
1781290740	XAUUSD	M5	4175.14	4135.47546	4200.60729	4017.82060			4179.84616745	4178.14556862	0
1781291040	XAUUSD	M5	4175.63	4135.29853	4200.43036	4017.64367			4184.14266907	4181.14411885	0
1781291340	XAUUSD	M5	4193.89	4135.12160	4200.25343	4017.46674			4189.72942060	4185.43676972	0
1781291640	XAUUSD	M5	4197.91	4134.94467	4200.07650	4017.28980			4195.82710323	4190.63193647	0
1781291940	XAUUSD	M5	4201.94	4134.76774	4199.89956	4017.11287			4201.89743799	4196.26468723	0
1781292240	XAUUSD	M5	4203.73	4134.59080	4199.72263	4016.93594			4207.44216067	4201.85342395	0
1781292540	XAUUSD	M5	4217.95	4134.41387	4199.54570	4016.75901			4212.11886774	4206.98614585	0
1781292840	XAUUSD	M5	4218.09	4134.23694	4199.36877	4016.58208			4215.48867931	4211.23741258	0
1781293140	XAUUSD	M5	4213.23	4134.06001	4199.19184	4016.40515			4217.63577362	4214.43659310	0
1781293440	XAUUSD	M5	4218.40	4133.88308	4199.01491	4016.22821			4218.91705361	4216.67682335	0
1781293740	XAUUSD	M5	4221.42	4133.70615	4198.83797	4016.05128			4219.54092665	4218.10887500	0
1781294040	XAUUSD	M5	4218.37	4133.52921	4198.66104	4015.87435			4219.77208632	4218.94048066	0
1781294340	XAUUSD	M5	4218.54	4133.35228	4198.48411	4015.69742			4219.95567825	4219.44807946	0
1781294640	XAUUSD	M5	4221.71	4133.17535	4198.30718	4015.52049			4220.26667072	4219.85737509	0
1781294940	XAUUSD	M5	4219.59	4132.99842	4198.13025	4015.34356			4220.69436944	4220.27587226	0
1781295240	XAUUSD	M5	4221.55	4132.82149	4197.95332	4015.16662			4221.27153502	4220.77370364	0
1781295540	XAUUSD	M5	4222.58	4132.64456	4197.77638	4014.98969			4221.89757633	4221.33563998	0
1781295840	XAUUSD	M5	4224.25	4132.46762	4197.59945	4014.81276			4222.47888681	4221.90726340	0
1781296140	XAUUSD	M5	4223.55	4132.29069	4197.42252	4014.63583			4222.93594688	4222.42160514	0
1781296440	XAUUSD	M5	4222.32	4132.11376	4197.24559	4014.45890			4223.29243116	4222.85701815	0
1781296740	XAUUSD	M5	4220.94	4131.93683	4197.06866	4014.28197			4223.60888960	4223.23295387	0
1781297040	XAUUSD	M5	4225.82	4131.75990	4196.89173	4014.10503			4223.95497631	4223.59396509	0
1781297340	XAUUSD	M5	4223.41	4131.58297	4196.71479	4013.92810			4224.22917433	4223.91156971	0
1781297640	XAUUSD	M5	4225.36	4131.40603	4196.53786	4013.75117			4224.42971583	4224.17064277	0
1781297940	XAUUSD	M5	4223.89	4131.22910	4196.36093	4013.57424	4227.90000		4224.41084432	4224.29074355	0
1781298240	XAUUSD	M5	4223.49	4131.05217	4196.18400	4013.39731			4224.09040294	4224.19057324	1
1781298540	XAUUSD	M5	4221.95	4130.87524	4196.00707	4013.22038			4223.38493146	4223.78775235	0
1781298840	XAUUSD	M5	4222.18	4130.69831	4195.83014	4013.04344			4222.28949363	4223.03862299	0
1781299140	XAUUSD	M5	4224.67	4130.52138	4195.65320	4012.86651			4220.83145440	4221.93503870	0
1781299440	XAUUSD	M5	4221.64	4130.34444	4195.47627	4012.68958			4219.06999501	4220.50251686	0
1781299740	XAUUSD	M5	4217.82	4130.16751	4195.29934	4012.51265			4217.23928288	4218.87089987	0
1781300040	XAUUSD	M5	4213.50	4129.99058	4195.12241	4012.33572			4215.61789046	4217.24439517	0
1781300340	XAUUSD	M5	4206.87	4129.81365	4194.94548	4012.15879			4214.43647674	4215.84043595	0
1781300640	XAUUSD	M5	4214.77	4129.63672	4194.76855	4011.98185			4213.85086359	4214.84564977	0
1781300940	XAUUSD	M5	4215.57	4129.45979	4194.59161	4011.80492			4213.57343735	4214.20954356	0
1781301240	XAUUSD	M5	4215.40	4129.28285	4194.41468	4011.62799			4213.39065453	4213.80009905	0
1781301540	XAUUSD	M5	4215.52	4129.10592	4194.23775	4011.45106			4213.08568767	4213.44289336	0
1781301840	XAUUSD	M5	4213.21	4128.92899	4194.06082	4011.27413			4212.44598717	4212.94444026	0
1781302140	XAUUSD	M5	4210.97	4128.75206	4193.88389	4011.09720			4211.40911499	4212.17677763	0
1781302440	XAUUSD	M5	4206.10	4128.57513	4193.70696	4010.92026			4210.02394231	4211.10035997	0
1781302740	XAUUSD	M5	4207.67	4128.39820	4193.53002	4010.74333			4208.48985349	4209.79510673	0
1781303040	XAUUSD	M5	4207.46	4128.22126	4193.35309	4010.56640			4206.92317058	4208.35913865	0
1781303340	XAUUSD	M5	4206.00	4128.04433	4193.17616	4010.38947			4205.54449079	4206.95181472	0
1781303640	XAUUSD	M5	4209.68	4127.86740	4192.99923	4010.21254			4204.57606433	4205.76393953	0
1781303940	XAUUSD	M5	4202.51	4127.69047	4192.82230	4010.03561			4204.07383031	4204.91888492	0
1781304240	XAUUSD	M5	4199.71	4127.51354	4192.64537	4009.85867			4204.26685682	4204.59287087	0
1781304540	XAUUSD	M5	4202.45	4127.33661	4192.46843	4009.68174			4205.16850325	4204.88068706	1
1781304840	XAUUSD	M5	4209.66	4127.15967	4192.29150	4009.50481			4206.56571171	4205.72319939	0
1781305140	XAUUSD	M5	4210.17	4126.98274	4192.11457	4009.32788			4208.08068403	4206.90194171	0
1781305440	XAUUSD	M5	4214.87	4126.80581	4191.93764	4009.15095			4209.46217059	4208.18205615	0
1781305740	XAUUSD	M5	4206.94	4126.62888	4191.76071	4008.97402			4210.37894954	4209.28050284	0
1781306040	XAUUSD	M5	4206.04	4126.45195	4191.58378	4008.79708			4210.81348392	4210.04699338	0
1781306340	XAUUSD	M5	4207.75	4126.27502	4191.40684	4008.62015			4210.62972035	4210.33835686	0
1781306640	XAUUSD	M5	4214.26	4126.09808	4191.22991	4008.44322			4209.68522907	4210.01179297	1
1781306940	XAUUSD	M5	4211.72	4125.92115	4191.05298	4008.26629			4207.82324015	4208.91751656	0
1781307240	XAUUSD	M5	4203.64	4125.74422	4190.87605	4008.08936			4205.20580370	4207.06166013	0
1781307540	XAUUSD	M5	4201.12	4125.56729	4190.69912	4007.91243			4202.20986697	4204.63576355	0
1781307840	XAUUSD	M5	4199.80	4125.39036	4190.52219	4007.73549			4199.19868798	4201.91722576	0
1781308140	XAUUSD	M5	4192.75	4125.21343	4190.34525	4007.55856			4196.54354955	4199.23038765	0
1781308440	XAUUSD	M5	4196.81	4125.03649	4190.16832	4007.38163			4194.70981113	4196.97009939	0
1781308740	XAUUSD	M5	4197.06	4124.85956	4189.99139	4007.20470			4193.82402020	4195.39705980	0
1781309040	XAUUSD	M5	4193.69	4124.68263	4189.81446	4007.02777			4193.95866146	4194.67786063	0
1781309340	XAUUSD	M5	4191.72	4124.50570	4189.63753	4006.85084			4195.08453264	4194.88119664	1
1781309640	XAUUSD	M5	4197.05	4124.32877	4189.46060	4006.67390			4196.97891126	4195.93005395	0
1781309940	XAUUSD	M5	4199.87	4124.15184	4189.28366	4006.49697			4199.11422764	4197.52214080	0
1781310240	XAUUSD	M5	4198.43	4123.97490	4189.10673	4006.32004			4200.97985771	4199.25099925	0
1781310540	XAUUSD	M5	4202.48	4123.79797	4188.92980	4006.14311			4202.22628785	4200.73864355	0
1781310840	XAUUSD	M5	4203.90	4123.62104	4188.75287	4005.96618			4202.51782407	4201.62823381	0
1781311140	XAUUSD	M5	4202.97	4123.44411	4188.57594	4005.78925			4201.76413846	4201.69618614	0
1781311440	XAUUSD	M5	4198.98	4123.26718	4188.39901	4005.61231			4200.13902566	4200.91760590	1
1781311740	XAUUSD	M5	4207.43	4123.09025	4188.22207	4005.43538			4198.03847781	4199.47804185	0
1781312040	XAUUSD	M5	4190.97	4122.91331	4188.04514	4005.25845			4195.64265920	4197.56035053	0
1781312340	XAUUSD	M5	4190.82	4122.73638	4187.86821	4005.08152			4193.66240748	4195.61137900	0
1781312640	XAUUSD	M5	4189.48	4122.55945	4187.69128	4004.90459			4192.31873014	4193.96505457	0
1781312940	XAUUSD	M5	4186.13	4122.38252	4187.51435	4004.72766			4191.66621284	4192.81563371	0
1781313240	XAUUSD	M5	4194.39	4122.20559	4187.33742	4004.55072			4191.61475248	4192.21519309	0
1781313540	XAUUSD	M5	4198.31	4122.02866	4187.16048	4004.37379			4191.67505859	4191.94512584	0
1781313840	XAUUSD	M5	4193.28	4121.85172	4186.98355	4004.19686			4191.44271846	4191.69392215	0
1781314140	XAUUSD	M5	4190.19	4121.67479	4186.80662	4004.01993			4190.82557836	4191.25975025	0
1781314440	XAUUSD	M5	4187.32	4121.49786	4186.62969	4003.84300			4189.87668465	4190.56821745	0
1781314740	XAUUSD	M5	4188.55	4121.32093	4186.45276	4003.66607			4188.84330274	4189.70576009	0
1781315040	XAUUSD	M5	4186.85	4121.14400	4186.27583	4003.48913			4188.06401905	4188.88488957	0
1781315340	XAUUSD	M5	4191.99	4120.96707	4186.09889	4003.31220			4188.02448590	4188.45468774	0
1781315640	XAUUSD	M5	4184.57	4120.79013	4185.92196	4003.13527			4189.04224264	4188.74846519	1
1781315940	XAUUSD	M5	4182.99	4120.61320	4185.74503	4002.95834		4177.33000	4191.58014334	4190.16430426	0
1781316240	XAUUSD	M5	4207.59	4120.43627	4185.56810	4002.78141			4195.73321316	4192.94875871	0
1781316540	XAUUSD	M5	4203.99	4120.25934	4185.39117	4002.60448			4200.73498591	4196.84187231	0
1781316840	XAUUSD	M5	4203.36	4120.08241	4185.21424	4002.42754			4206.23203634	4201.53695433	0
1781317140	XAUUSD	M5	4208.67	4119.90548	4185.03730	4002.25061			4211.67367996	4206.60531714	0
1781317440	XAUUSD	M5	4214.07	4119.72854	4184.86037	4002.07368			4216.36172911	4211.48352313	0
1781317740	XAUUSD	M5	4215.11	4119.55161	4184.68344	4001.89675			4219.68801293	4215.58576803	0
1781318040	XAUUSD	M5	4228.06	4119.37468	4184.50651	4001.71982			4221.37390254	4218.47983528	0
1781318340	XAUUSD	M5	4225.83	4119.19775	4184.32958	4001.54289	4235.46000		4221.17878283	4219.82930905	0
1781318640	XAUUSD	M5	4219.28	4119.02082	4184.15265	4001.36595			4219.51023677	4219.66977291	1
1781318940	XAUUSD	M5	4218.89	4118.84389	4183.97571	4001.18902			4217.09417882	4218.38197587	0
1781319240	XAUUSD	M5	4211.13	4118.66695	4183.79878	4001.01209			4214.59817598	4216.49007592	0
1781319540	XAUUSD	M5	4207.79	4118.49002	4183.62185	4000.83516			4212.77040572	4214.63024082	0
1781319840	XAUUSD	M5	4215.63	4118.31309	4183.44492	4000.65823			4212.04491683	4213.33757883	0
1781320140	XAUUSD	M5	4212.13	4118.13616	4183.26799	4000.48130			4212.33251842	4212.83504862	0
1781320440	XAUUSD	M5	4209.66	4117.95923	4183.09106	4000.30436			4213.53989997	4213.18747430	1
1781320740	XAUUSD	M5	4213.35	4117.78230	4182.91412	4000.12743			4215.35570910	4214.27159170	0
1781321040	XAUUSD	M5	4221.70	4117.60536	4182.73719	3999.95050			4217.22999497	4215.75079334	0
1781321340	XAUUSD	M5	4223.85	4117.42843	4182.56026	3999.77357			4218.56844938	4217.15962136	0
1781321640	XAUUSD	M5	4218.42	4117.25150	4182.38333	3999.59664			4219.07331873	4218.11647005	0
1781321940	XAUUSD	M5	4216.99	4117.07457	4182.20640	3999.41971			4218.83192425	4218.47419715	0
1781322240	XAUUSD	M5	4217.93	4116.89764	4182.02947	3999.24277			4218.04445855	4218.25932785	1
1781322540	XAUUSD	M5	4217.01	4116.72071	4181.85253	3999.06584			4216.96959848	4217.61446317	0
1781322840	XAUUSD	M5	4213.31	4116.54377	4181.67560	3998.88891			4215.95896351	4216.78671334	0
1781323140	XAUUSD	M5	4213.49	4116.36684	4181.49867	3998.71198			4215.38591226	4216.08631280	0
1781323440	XAUUSD	M5	4215.38	4116.18991	4181.32174	3998.53505			4215.41322784	4215.74977032	0
1781323740	XAUUSD	M5	4216.46	4116.01298	4181.14481	3998.35812			4216.01216280	4215.88096656	1
1781324040	XAUUSD	M5	4220.50	4115.83605	4180.96788	3998.18118			4217.02854417	4216.45475537	0
1781324340	XAUUSD	M5	4220.71	4115.65912	4180.79094	3998.00425			4218.16509013	4217.30992275	0
1781324640	XAUUSD	M5	4218.42	4115.48218	4180.61401	3997.82732			4219.19046066	4218.25019170	0
1781324940	XAUUSD	M5	4217.86	4115.30525	4180.43708	3997.65039			4219.99439080	4219.12229125	0
1781325240	XAUUSD	M5	4221.04	4115.12832	4180.26015	3997.47346			4220.50459458	4219.81344291	0
1781325540	XAUUSD	M5	4218.86	4114.95139	4180.08322	3997.29653			4220.64371576	4220.22857934	0
1781325840	XAUUSD	M5	4220.00	4114.77446	4179.90629	3997.11959			4220.57240520	4220.40049227	0
1781326140	XAUUSD	M5	4218.48	4114.59753	4179.72935	3996.94266			4220.43637124	4220.41843175	0
1781326440	XAUUSD	M5	4222.36	4114.42059	4179.55242	3996.76573			4220.44595770	4220.43219473	0
1781326740	XAUUSD	M5	4223.31	4114.24366	4179.37549	3996.58880			4220.65898567	4220.54559020	0
1781327040	XAUUSD	M5	4223.56	4114.06673	4179.19856	3996.41187			4221.14721196	4220.84640108	0
1781327340	XAUUSD	M5	4221.31	4113.88980	4179.02163	3996.23494			4221.92543773	4221.38591941	0
1781327640	XAUUSD	M5	4219.74	4113.71287	4178.84470	3996.05800			4223.01287216	4222.19939579	0
1781327940	XAUUSD	M5	4220.71	4113.53594	4178.66776	3995.88107			4224.35106173	4223.27522876	0
1781328240	XAUUSD	M5	4227.04	4113.35900	4178.49083	3995.70414			4225.76168206	4224.51845541	0
1781328540	XAUUSD	M5	4229.40	4113.18207	4178.31390	3995.52721			4226.93212254	4225.72528897	0
1781328840	XAUUSD	M5	4229.03	4113.00514	4178.13697	3995.35028	4235.34000		4227.65610025	4226.69069461	0
1781329140	XAUUSD	M5	4226.53	4112.82821	4177.96004	3995.17335			4227.83803217	4227.26436339	0
1781329440	XAUUSD	M5	4227.34	4112.65128	4177.78311	3994.99641			4227.51152093	4227.38794216	0
1781329740	XAUUSD	M5	4226.39	4112.47435	4177.60617	3994.81948			4226.74972979	4227.06883597	1
1781330040	XAUUSD	M5	4229.29	4112.29741	4177.42924	3994.64255			4225.56957365	4226.31920481	0
1781330340	XAUUSD	M5	4222.90	4112.12048	4177.25231	3994.46562			4224.00262477	4225.16091479	0
1781330640	XAUUSD	M5	4221.94	4111.94355	4177.07538	3994.28869			4222.21072873	4223.68582176	0
1781330940	XAUUSD	M5	4215.52	4111.76662	4176.89845	3994.11176			4220.28819646	4221.98700911	0
1781331240	XAUUSD	M5	4217.64	4111.58969	4176.72152	3993.93482			4218.37017386	4220.17859148	0
1781331540	XAUUSD	M5	4217.63	4111.41276	4176.54458	3993.75789			4216.43993321	4218.30926235	0
1781331840	XAUUSD	M5	4217.59	4111.23582	4176.36765	3993.58096			4214.48800391	4216.39863313	0
1781332140	XAUUSD	M5	4215.06	4111.05889	4176.19072	3993.40403			4212.51311748	4214.45587530	0
1781332440	XAUUSD	M5	4210.40	4110.88196	4176.01379	3993.22710			4210.57686748	4212.51637139	0
1781332740	XAUUSD	M5	4208.53	4110.70503	4175.83686	3993.05017			4208.81963098	4210.66800119	0
1781333040	XAUUSD	M5	4204.35	4110.52810	4175.65993	3992.87323			4207.37559475	4209.02179797	0
1781333340	XAUUSD	M5	4205.36	4110.35117	4175.48299	3992.69630			4206.43360517	4207.72770157	0
1781333640	XAUUSD	M5	4205.22	4110.17423	4175.30606	3992.51937			4206.07465542	4206.90117849	0
1781333940	XAUUSD	M5	4207.12	4109.99730	4175.12913	3992.34244			4206.35420001	4206.62768925	0
1781334240	XAUUSD	M5	4206.81	4109.82037	4174.95220	3992.16551			4207.20483870	4206.91626397	1
1781334540	XAUUSD	M5	4210.77	4109.64344	4174.77527	3991.98858			4208.52307288	4207.71966843	0
1781334840	XAUUSD	M5	4210.94	4109.46651	4174.59834	3991.81164			4210.04768049	4208.88367446	0
1781335140	XAUUSD	M5	4211.15	4109.28958	4174.42140	3991.63471			4211.57690989	4210.23029218	0
1781335440	XAUUSD	M5	4212.56	4109.11264	4174.24447	3991.45778			4212.93984228	4211.58506723	0
1781335740	XAUUSD	M5	4214.40	4108.93571	4174.06754	3991.28085			4213.96923881	4212.77715302	0
1781336040	XAUUSD	M5	4214.30	4108.75878	4173.89061	3991.10392			4214.55639546	4213.66677424	0
1781336340	XAUUSD	M5	4214.43	4108.58185	4173.71368	3990.92699			4214.74734777	4214.20706100	0
1781336640	XAUUSD	M5	4213.74	4108.40492	4173.53675	3990.75005			4214.66482888	4214.43594494	0
1781336940	XAUUSD	M5	4214.06	4108.22799	4173.35981	3990.57312			4214.52154415	4214.47874455	0
1781337240	XAUUSD	M5	4213.73	4108.05105	4173.18288	3990.39619			4214.47705284	4214.47789870	1
1781337540	XAUUSD	M5	4215.05	4107.87412	4173.00595	3990.21926			4214.69636850	4214.58713360	1
1781337840	XAUUSD	M5	4216.90	4107.69719	4172.82902	3990.04233			4215.21096913	4214.89905136	0
1781338140	XAUUSD	M5	4218.91	4107.52026	4172.65209	3989.86540			4215.97371183	4215.43638160	0
