Cherry_B_timestamp	Cherry_B_symbol	Cherry_B_timeframe	Cherry_B_close	Cherry_B_Base_FL	Cherry_B_UOEDT	Cherry_B_LOEDT	Cherry_B_horiz_high_map	Cherry_B_horiz_low_map	Cherry_B_ssa	Cherry_B_ema_ssa	Cherry_B_crossing
1780056888	XAUUSD	M5	4500.90						4510.79693107	4510.79693107	0
1780057188	XAUUSD	M5	4508.78						4512.24831932	4511.52262520	1
1780057488	XAUUSD	M5	4515.01						4512.45454439	4511.98858479	0
1780057788	XAUUSD	M5	4518.56				4520.75000		4511.53514400	4511.76186439	1
1780058088	XAUUSD	M5	4512.77						4509.83486557	4510.79836498	0
1780058388	XAUUSD	M5	4505.50						4508.16228520	4509.48032509	0
1780058688	XAUUSD	M5	4504.25						4507.01138348	4508.24585428	0
1780058988	XAUUSD	M5	4507.06						4506.37242139	4507.30913784	0
1780059288	XAUUSD	M5	4506.37						4506.03967181	4506.67440482	0
1780059588	XAUUSD	M5	4502.10						4505.95463425	4506.31451954	0
1780059888	XAUUSD	M5	4506.03						4506.12867195	4506.22159574	0
1780060188	XAUUSD	M5	4506.47						4506.29308203	4506.25733889	1
1780060488	XAUUSD	M5	4510.81						4506.36535131	4506.31134510	0
1780060788	XAUUSD	M5	4505.80						4506.22296642	4506.26715576	1
1780061088	XAUUSD	M5	4506.83						4506.02599591	4506.14657584	0
1780061388	XAUUSD	M5	4505.83						4505.79472501	4505.97065042	0
1780061688	XAUUSD	M5	4504.64						4505.59102191	4505.78083617	0
1780061988	XAUUSD	M5	4502.98						4505.43969011	4505.61026314	0
1780062288	XAUUSD	M5	4504.00						4505.31607951	4505.46317132	0
1780062588	XAUUSD	M5	4506.21						4505.12400709	4505.29358921	0
1780062888	XAUUSD	M5	4505.00						4504.73328754	4505.01343837	0
1780063188	XAUUSD	M5	4506.39						4504.08841814	4504.55092826	0
1780063488	XAUUSD	M5	4503.31						4503.14033304	4503.84563065	0
1780063788	XAUUSD	M5	4501.72						4501.96622330	4502.90592697	0
1780064088	XAUUSD	M5	4501.64						4500.66577517	4501.78585107	0
1780064388	XAUUSD	M5	4498.22						4499.35521401	4500.57053254	0
1780064688	XAUUSD	M5	4496.29						4498.20743304	4499.38898279	0
1780064988	XAUUSD	M5	4496.51						4497.34450652	4498.36674466	0
1780065288	XAUUSD	M5	4498.38						4496.82607980	4497.59641223	0
1780065588	XAUUSD	M5	4496.95						4496.64044677	4497.11842950	0
1780065888	XAUUSD	M5	4497.40						4496.81276253	4496.96559601	0
1780066188	XAUUSD	M5	4496.27					4494.93000	4497.30214903	4497.13387252	1
1780066488	XAUUSD	M5	4498.26						4498.07461953	4497.60424603	0
1780066788	XAUUSD	M5	4499.93						4499.02535859	4498.31480231	0
1780067088	XAUUSD	M5	4499.79						4500.07983355	4499.19731793	0
1780067388	XAUUSD	M5	4501.44						4501.22075387	4500.20903590	0
1780067688	XAUUSD	M5	4502.66						4502.41121036	4501.31012313	0
1780067988	XAUUSD	M5	4503.27						4503.61824808	4502.46418560	0
1780068288	XAUUSD	M5	4502.39						4504.81993465	4503.64206013	0
1780068588	XAUUSD	M5	4504.67						4506.02450132	4504.83328072	0
1780068888	XAUUSD	M5	4510.57						4507.17079436	4506.00203754	0
1780069188	XAUUSD	M5	4509.10						4508.11664929	4507.05934341	0
1780069488	XAUUSD	M5	4508.89						4508.91528766	4507.98731554	0
1780069788	XAUUSD	M5	4509.76						4509.61248873	4508.79990213	0
1780070088	XAUUSD	M5	4510.60						4510.23243608	4509.51616911	0
1780070388	XAUUSD	M5	4509.31						4510.77346869	4510.14481890	0
1780070688	XAUUSD	M5	4509.36						4511.24458379	4510.69470135	0
1780070988	XAUUSD	M5	4514.16						4511.58723475	4511.14096805	0
1780071288	XAUUSD	M5	4509.71						4511.61330634	4511.37713720	0
1780071588	XAUUSD	M5	4510.09						4511.35434281	4511.36574000	1
1780071888	XAUUSD	M5	4511.97						4510.79244882	4511.07909441	0
1780072188	XAUUSD	M5	4511.84						4509.95740358	4510.51824899	0
1780072488	XAUUSD	M5	4509.89						4509.00967150	4509.76396025	0
1780072788	XAUUSD	M5	4510.15						4508.21116253	4508.98756139	0
1780073088	XAUUSD	M5	4508.44						4507.77104198	4508.37930169	0
1780073388	XAUUSD	M5	4503.72						4507.88694709	4508.13312439	0
1780073688	XAUUSD	M5	4506.80						4508.71034354	4508.42173397	1
1780073988	XAUUSD	M5	4505.97						4510.07467649	4509.24820523	0
1780074288	XAUUSD	M5	4514.98						4511.78398659	4510.51609591	0
1780074588	XAUUSD	M5	4514.93						4513.37173062	4511.94391327	0
1780074888	XAUUSD	M5	4519.16						4514.62284023	4513.28337675	0
1780075188	XAUUSD	M5	4514.48						4515.34769336	4514.31553506	0
1780075488	XAUUSD	M5	4515.75						4515.70184718	4515.00869112	0
1780075788	XAUUSD	M5	4511.42						4515.82287191	4515.41578152	0
1780076088	XAUUSD	M5	4518.71						4516.02766199	4515.72172175	0
1780076388	XAUUSD	M5	4516.61						4516.34141386	4516.03156780	0
1780076688	XAUUSD	M5	4517.76						4516.90893142	4516.47024961	0
1780076988	XAUUSD	M5	4515.02						4517.67714951	4517.07369956	0
1780077288	XAUUSD	M5	4516.65						4518.56157695	4517.81763826	0
1780077588	XAUUSD	M5	4517.66						4519.31177460	4518.56470643	0
1780077888	XAUUSD	M5	4522.00						4519.70421924	4519.13446283	0
1780078188	XAUUSD	M5	4523.69						4519.53774538	4519.33610411	0
1780078488	XAUUSD	M5	4519.41						4518.82036746	4519.07823578	1
1780078788	XAUUSD	M5	4519.17						4517.85319338	4518.46571458	0
1780079088	XAUUSD	M5	4516.34						4516.94169720	4517.70370589	0
1780079388	XAUUSD	M5	4515.66						4516.45035161	4517.07702875	0
1780079688	XAUUSD	M5	4511.87						4516.60641675	4516.84172275	0
1780079988	XAUUSD	M5	4514.03						4517.55007840	4517.19590057	1
1780080288	XAUUSD	M5	4520.74						4519.09164357	4518.14377207	0
1780080588	XAUUSD	M5	4522.55						4520.79612068	4519.46994638	0
1780080888	XAUUSD	M5	4525.35						4522.26200419	4520.86597528	0
1780081188	XAUUSD	M5	4524.22						4523.09796950	4521.98197239	0
1780081488	XAUUSD	M5	4523.23						4523.12734489	4522.55465864	0
1780081788	XAUUSD	M5	4524.76						4522.33494680	4522.44480272	1
1780082088	XAUUSD	M5	4519.18						4520.80962980	4521.62721626	0
1780082388	XAUUSD	M5	4515.98						4518.91655773	4520.27188699	0
1780082688	XAUUSD	M5	4515.16						4517.01980939	4518.64584819	0
1780082988	XAUUSD	M5	4513.11						4515.39619379	4517.02102099	0
1780083288	XAUUSD	M5	4515.34						4514.26177476	4515.64139788	0
1780083588	XAUUSD	M5	4517.09						4513.62069658	4514.63104723	0
1780083888	XAUUSD	M5	4514.92						4513.40779775	4514.01942249	0
1780084188	XAUUSD	M5	4515.06						4513.59973525	4513.80957887	0
1780084488	XAUUSD	M5	4515.06						4514.12329011	4513.96643449	1
1780084788	XAUUSD	M5	4511.28						4514.92456081	4514.44549765	0
1780085088	XAUUSD	M5	4513.87					4510.03000	4516.07656286	4515.26103026	0
1780085388	XAUUSD	M5	4514.88						4517.52912195	4516.39507610	0
1780085688	XAUUSD	M5	4518.89						4519.29287313	4517.84397462	0
1780085988	XAUUSD	M5	4523.86						4521.29707377	4519.57052419	0
1780086288	XAUUSD	M5	4528.97						4523.42116683	4521.49584551	0
1780086588	XAUUSD	M5	4527.92						4525.49938037	4523.49761294	0
1780086888	XAUUSD	M5	4522.69						4527.47400261	4525.48580777	0
1780087188	XAUUSD	M5	4528.85						4529.33681746	4527.41131262	0
1780087488	XAUUSD	M5	4528.60						4530.80413508	4529.10772385	0
1780087788	XAUUSD	M5	4528.82						4531.76733278	4530.43752831	0
1780088088	XAUUSD	M5	4532.38						4532.14585168	4531.29169000	0
1780088388	XAUUSD	M5	4537.20						4531.87195806	4531.58182403	0
1780088688	XAUUSD	M5	4532.70						4530.95585735	4531.26884069	1
1780088988	XAUUSD	M5	4531.09						4529.73859361	4530.50371715	0
1780089288	XAUUSD	M5	4526.02						4528.55839325	4529.53105520	0
1780089588	XAUUSD	M5	4526.45						4527.83698752	4528.68402136	0
1780089888	XAUUSD	M5	4528.54						4527.81057093	4528.24729615	0
1780090188	XAUUSD	M5	4526.76						4528.56247030	4528.40488322	1
1780090488	XAUUSD	M5	4527.61						4530.11436789	4529.25962555	0
1780090788	XAUUSD	M5	4530.50						4532.27424282	4530.76693419	0
1780091088	XAUUSD	M5	4538.80						4534.68001191	4532.72347305	0
1780091388	XAUUSD	M5	4541.41				4543.31000		4536.80480933	4534.76414119	0
1780091688	XAUUSD	M5	4537.92						4538.27971316	4536.52192717	0
1780091988	XAUUSD	M5	4537.13						4538.97240269	4537.74716493	0
1780092288	XAUUSD	M5	4536.97						4538.81360440	4538.28038467	0
1780092588	XAUUSD	M5	4538.58						4537.84255176	4538.06146821	1
1780092888	XAUUSD	M5	4535.93						4536.18116327	4537.12131574	0
1780093188	XAUUSD	M5	4532.53						4534.14585989	4535.63358781	0
1780093488	XAUUSD	M5	4532.46						4532.09993418	4533.86676100	0
1780093788	XAUUSD	M5	4531.67						4530.32493712	4532.09584906	0
1780094088	XAUUSD	M5	4531.26						4529.06209797	4530.57897351	0
1780094388	XAUUSD	M5	4528.10						4528.44826353	4529.51361852	0
1780094688	XAUUSD	M5	4527.14						4528.57743032	4529.04552442	0
1780094988	XAUUSD	M5	4528.41						4529.35905326	4529.20228884	1
1780095288	XAUUSD	M5	4531.07						4530.54972859	4529.87600871	0
1780095588	XAUUSD	M5	4529.28						4531.80891862	4530.84246367	0
1780095888	XAUUSD	M5	4533.80						4532.86576759	4531.85411563	0
1780096188	XAUUSD	M5	4538.36						4533.32391840	4532.58901702	0
1780096488	XAUUSD	M5	4529.43						4532.84387499	4532.71644600	0
1780096788	XAUUSD	M5	4530.22						4531.51135915	4532.11390258	1
1780097088	XAUUSD	M5	4528.39						4529.35118042	4530.73254150	0
1780097388	XAUUSD	M5	4529.83						4526.58063447	4528.65658799	0
1780097688	XAUUSD	M5	4523.53						4523.48034063	4526.06846431	0
1780097988	XAUUSD	M5	4522.39						4520.57219809	4523.32033120	0
1780098288	XAUUSD	M5	4517.10						4518.25834910	4520.78934015	0
1780098588	XAUUSD	M5	4517.27						4516.93008958	4518.85971486	0
1780098888	XAUUSD	M5	4514.13					4512.71000	4516.68478581	4517.77225034	0
1780099188	XAUUSD	M5	4515.41						4517.49911736	4517.63568385	0
1780099488	XAUUSD	M5	4518.58						4519.07672933	4518.35620659	1
1780099788	XAUUSD	M5	4523.03						4520.96894697	4519.66257678	0
1780100088	XAUUSD	M5	4524.27						4522.69698444	4521.17978061	0
1780100388	XAUUSD	M5	4525.73						4523.95601057	4522.56789559	0
1780100688	XAUUSD	M5	4522.89						4524.64534154	4523.60661856	0
1780100988	XAUUSD	M5	4522.68						4524.99010460	4524.29836158	0
1780101288	XAUUSD	M5	4526.25						4525.33102043	4524.81469101	0
1780101588	XAUUSD	M5	4528.06						4526.00696978	4525.41083039	0
1780101888	XAUUSD	M5	4525.27						4527.36674615	4526.38878827	0
1780102188	XAUUSD	M5	4531.73						4529.71691641	4528.05285234	0
1780102488	XAUUSD	M5	4533.05						4532.90605966	4530.47945600	0
1780102788	XAUUSD	M5	4535.99						4536.61017226	4533.54481413	0
1780103088	XAUUSD	M5	4538.56						4540.23724260	4536.89102837	0
1780103388	XAUUSD	M5	4536.80						4543.09707391	4539.99405114	0
1780103688	XAUUSD	M5	4548.02						4544.65605778	4542.32505446	0
1780103988	XAUUSD	M5	4551.21						4544.31994001	4543.32249724	0
1780104288	XAUUSD	M5	4543.88						4542.07049718	4542.69649721	1
1780104588	XAUUSD	M5	4537.72						4538.58611920	4540.64130820	0
1780104888	XAUUSD	M5	4531.31						4534.90445985	4537.77288402	0
1780105188	XAUUSD	M5	4529.84						4532.24643166	4535.00965784	0
1780105488	XAUUSD	M5	4536.21						4531.66638500	4533.33802142	0
1780105788	XAUUSD	M5	4531.89						4533.77310954	4533.55556548	1
1780106088	XAUUSD	M5	4540.30						4538.94205065	4536.24880806	0
1780106388	XAUUSD	M5	4539.79						4546.73653589	4541.49267197	0
1780106688	XAUUSD	M5	4557.00						4556.42167928	4548.95717563	0
1780106988	XAUUSD	M5	4564.28						4566.54199485	4557.74958524	0
1780107288	XAUUSD	M5	4578.41						4575.77684711	4566.76321618	0
1780107588	XAUUSD	M5	4588.06						4582.83095302	4574.79708460	0
1780107888	XAUUSD	M5	4590.10				4595.19000		4586.89841865	4580.84775162	0
1780108188	XAUUSD	M5	4588.60						4587.85212854	4584.34994008	0
1780108488	XAUUSD	M5	4585.01						4586.11423470	4585.23208739	0
1780108788	XAUUSD	M5	4578.66						4582.50284010	4583.86746374	1
1780109088	XAUUSD	M5	4578.28						4578.04370036	4580.95558205	0
1780109388	XAUUSD	M5	4573.01						4573.57315385	4577.26436795	0
1780109688	XAUUSD	M5	4566.64						4569.82701131	4573.54568963	0
1780109988	XAUUSD	M5	4564.98						4567.26711050	4570.40640006	0
1780110288	XAUUSD	M5	4568.99						4565.93401682	4568.17020844	0
1780110588	XAUUSD	M5	4571.07						4565.49908465	4566.83464655	0
1780110888	XAUUSD	M5	4567.98						4565.56612322	4566.20038488	0
1780111188	XAUUSD	M5	4564.30						4565.86772023	4566.03405256	0
1780111488	XAUUSD	M5	4563.71						4566.22946978	4566.13176117	1
1780111788	XAUUSD	M5	4565.39						4566.52683978	4566.32930048	0
1780112088	XAUUSD	M5	4564.25						4566.68990458	4566.50960253	0
1780112388	XAUUSD	M5	4563.06						4566.77756298	4566.64358275	0
1780112688	XAUUSD	M5	4569.01						4566.88067831	4566.76213053	0
1780112988	XAUUSD	M5	4572.02						4566.90732175	4566.83472614	0
1780113288	XAUUSD	M5	4569.56						4566.82173669	4566.82823141	1
1780113588	XAUUSD	M5	4564.81						4566.70868076	4566.76845609	0
1780113888	XAUUSD	M5	4565.36						4566.67635861	4566.72240735	0
1780114188	XAUUSD	M5	4566.86						4566.67656859	4566.69948797	0
1780114488	XAUUSD	M5	4564.42						4566.59780317	4566.64864557	0
1780114788	XAUUSD	M5	4567.35						4566.38783805	4566.51824181	0
1780115088	XAUUSD	M5	4564.43						4565.87676210	4566.19750195	0
1780115388	XAUUSD	M5	4565.60						4565.02984323	4565.61367259	0
1780115688	XAUUSD	M5	4565.55						4563.77268623	4564.69317941	0
1780115988	XAUUSD	M5	4561.95						4562.10830432	4563.40074186	0
1780116288	XAUUSD	M5	4561.36						4560.20853958	4561.80464072	0
1780116588	XAUUSD	M5	4558.72						4558.24714610	4560.02589341	0
1780116888	XAUUSD	M5	4554.11						4556.49328375	4558.25958858	0
1780117188	XAUUSD	M5	4555.94						4555.26294803	4556.76126831	0
1780117488	XAUUSD	M5	4553.51						4554.67579538	4555.71853184	0
1780117788	XAUUSD	M5	4553.44						4554.83810731	4555.27831957	0
1780118088	XAUUSD	M5	4557.28						4555.67156999	4555.47494478	1
1780118388	XAUUSD	M5	4557.93						4556.87633909	4556.17564194	0
1780118688	XAUUSD	M5	4558.14						4558.15160576	4557.16362385	0
1780118988	XAUUSD	M5	4558.65						4559.19712504	4558.18037444	0
1780119288	XAUUSD	M5	4558.59						4559.76499617	4558.97268531	0
1780119588	XAUUSD	M5	4559.28						4559.73433819	4559.35351175	0
1780119888	XAUUSD	M5	4560.86						4559.11475473	4559.23413324	1
1780120188	XAUUSD	M5	4560.13						4558.05814205	4558.64613764	0
1780120488	XAUUSD	M5	4557.96						4556.83412092	4557.74012928	0
1780120788	XAUUSD	M5	4553.06						4555.75294129	4556.74653529	0
1780121088	XAUUSD	M5	4554.26						4555.12902319	4555.93777924	0
1780121388	XAUUSD	M5	4553.10						4555.02674287	4555.48226105	0
1780121688	XAUUSD	M5	4554.50						4555.41742110	4555.44984108	0
1780121988	XAUUSD	M5	4558.42						4556.08009566	4555.76496837	1
1780122288	XAUUSD	M5	4558.26						4556.67389416	4556.21943126	0
1780122588	XAUUSD	M5	4557.74						4556.94362290	4556.58152708	0
1780122888	XAUUSD	M5	4556.42						4556.70086568	4556.64119638	0
1780123188	XAUUSD	M5	4555.30						4555.87307681	4556.25713660	1
1780123488	XAUUSD	M5	4553.57						4554.49193023	4555.37453341	0
1780123788	XAUUSD	M5	4552.54						4552.70568519	4554.04010930	0
1780124088	XAUUSD	M5	4551.53						4550.71891463	4552.37951196	0
1780124388	XAUUSD	M5	4548.69						4548.77495561	4550.57723379	0
1780124688	XAUUSD	M5	4546.51						4547.13814404	4548.85768891	0
1780124988	XAUUSD	M5	4545.67						4545.99478448	4547.42623670	0
1780125288	XAUUSD	M5	4544.51						4545.40490082	4546.41556876	0
1780125588	XAUUSD	M5	4545.84						4545.33083350	4545.87320113	0
1780125888	XAUUSD	M5	4548.83						4545.57409248	4545.72364680	0
1780126188	XAUUSD	M5	4545.92						4545.83486303	4545.77925491	1
1780126488	XAUUSD	M5	4545.13						4545.92361550	4545.85143521	0
1780126788	XAUUSD	M5	4542.78						4545.63156174	4545.74149847	1
1780127088	XAUUSD	M5	4543.36						4544.85739870	4545.29944859	0
1780127388	XAUUSD	M5	4543.01						4543.51481785	4544.40713322	0
1780127688	XAUUSD	M5	4543.77						4541.65648871	4543.03181096	0
1780127988	XAUUSD	M5	4541.99						4539.40637262	4541.21909179	0
1780128288	XAUUSD	M5	4539.90						4537.01657111	4539.11783145	0
1780128588	XAUUSD	M5	4540.62						4534.76708107	4536.94245626	0
1780305288	XAUUSD	M5	4520.88					4518.31000	4532.84934890	4534.89590258	0
1780305588	XAUUSD	M5	4526.05						4531.83877759	4533.36734008	0
1780305888	XAUUSD	M5	4534.73						4531.62144194	4532.49439101	0
1780306188	XAUUSD	M5	4536.50						4531.88876599	4532.19157850	0
1780306488	XAUUSD	M5	4533.28						4532.43056173	4532.31107012	1
1780306788	XAUUSD	M5	4533.17						4533.15625684	4532.73366348	0
1780307088	XAUUSD	M5	4535.66						4533.94750693	4533.34058520	0
1780307388	XAUUSD	M5	4531.95						4534.69628178	4534.01843349	0
1780307688	XAUUSD	M5	4535.54						4535.49519544	4534.75681447	0
1780307988	XAUUSD	M5	4538.24						4536.30575359	4535.53128403	0
1780308288	XAUUSD	M5	4534.93						4537.12891537	4536.33009970	0
1780308588	XAUUSD	M5	4535.26						4538.07939777	4537.20474873	0
1780308888	XAUUSD	M5	4539.79						4539.15003770	4538.17739322	0
1780309188	XAUUSD	M5	4541.57						4540.18468435	4539.18103879	0
1780309488	XAUUSD	M5	4542.59						4541.07284730	4540.12694304	0
1780309788	XAUUSD	M5	4542.13						4541.72734971	4540.92714638	0
1780310088	XAUUSD	M5	4542.06						4542.13653893	4541.53184265	0
1780310388	XAUUSD	M5	4544.97						4542.31666763	4541.92425514	0
1780310688	XAUUSD	M5	4539.25						4542.25745369	4542.09085442	0
1780310988	XAUUSD	M5	4540.68						4542.15819791	4542.12452616	0
1780311288	XAUUSD	M5	4541.86						4542.04382577	4542.08417597	1
1780311588	XAUUSD	M5	4541.03						4541.91945463	4542.00181530	0
1780311888	XAUUSD	M5	4544.28						4541.81589088	4541.90885309	0
1780312188	XAUUSD	M5	4539.57						4541.64956807	4541.77921058	0
1780312488	XAUUSD	M5	4544.93				4546.08000		4541.50881206	4541.64401132	0
1780312788	XAUUSD	M5	4540.84						4541.25771654	4541.45086393	0
1780313088	XAUUSD	M5	4540.86						4540.98227804	4541.21657098	0
1780313388	XAUUSD	M5	4538.46						4540.69093839	4540.95375469	0
1780313688	XAUUSD	M5	4540.85						4540.43889880	4540.69632675	0
1780313988	XAUUSD	M5	4543.27						4540.15724660	4540.42678667	0
1780314288	XAUUSD	M5	4538.13						4539.75910188	4540.09294428	0
1780314588	XAUUSD	M5	4536.93						4539.32923900	4539.71109164	0
1780314888	XAUUSD	M5	4536.06						4538.83708914	4539.27409039	0
1780315188	XAUUSD	M5	4541.43						4538.23309014	4538.75359026	0
1780315488	XAUUSD	M5	4538.93						4537.35928224	4538.05643625	0
1780315788	XAUUSD	M5	4540.50						4536.28585889	4537.17114757	0
1780316088	XAUUSD	M5	4534.25						4535.03275033	4536.10194895	0
1780316388	XAUUSD	M5	4529.00						4533.81916519	4534.96055707	0
1780316688	XAUUSD	M5	4533.89						4532.84093641	4533.90074674	0
1780316988	XAUUSD	M5	4530.35						4532.01473602	4532.95774138	0
1780317288	XAUUSD	M5	4532.17						4531.39097049	4532.17435593	0
1780317588	XAUUSD	M5	4528.77						4530.87209564	4531.52322579	0
1780317888	XAUUSD	M5	4532.78						4530.45987758	4530.99155168	0
1780318188	XAUUSD	M5	4529.83						4530.00590161	4530.49872665	0
1780318488	XAUUSD	M5	4533.21						4529.56669410	4530.03271037	0
1780318788	XAUUSD	M5	4528.67						4529.10614643	4529.56942840	0
1780319088	XAUUSD	M5	4530.06						4528.79923090	4529.18432965	0
1780319388	XAUUSD	M5	4525.57						4528.68689135	4528.93561050	0
1780319688	XAUUSD	M5	4525.13						4528.89455235	4528.91508143	0
1780319988	XAUUSD	M5	4528.54						4529.38290659	4529.14899401	1
1780320288	XAUUSD	M5	4532.26						4529.93098262	4529.53998832	0
1780320588	XAUUSD	M5	4532.01						4530.26419485	4529.90209158	0
1780320888	XAUUSD	M5	4531.49						4530.20972357	4530.05590758	0
1780321188	XAUUSD	M5	4530.32						4529.65030803	4529.85310780	1
1780321488	XAUUSD	M5	4527.43						4528.58664579	4529.21987680	0
1780321788	XAUUSD	M5	4528.33						4527.15048955	4528.18518317	0
1780322088	XAUUSD	M5	4522.91						4525.48056314	4526.83287316	0
1780322388	XAUUSD	M5	4523.58						4523.88845955	4525.36066635	0
1780322688	XAUUSD	M5	4522.54						4522.52786506	4523.94426571	0
1780322988	XAUUSD	M5	4521.52						4521.51309417	4522.72867994	0
1780323288	XAUUSD	M5	4524.63						4520.86057135	4521.79462564	0
1780323588	XAUUSD	M5	4517.60						4520.40874591	4521.10168578	0
1780323888	XAUUSD	M5	4518.89						4520.13801457	4520.61985017	0
1780324188	XAUUSD	M5	4519.41						4519.82157766	4520.22071392	0
1780324488	XAUUSD	M5	4518.60						4519.27355359	4519.74713375	0
1780324788	XAUUSD	M5	4520.46						4518.43519166	4519.09116270	0
1780325088	XAUUSD	M5	4521.55						4517.30178176	4518.19647223	0
1780325388	XAUUSD	M5	4515.66						4515.99558409	4517.09602816	0
1780325688	XAUUSD	M5	4510.71						4514.84926380	4515.97264598	0
1780325988	XAUUSD	M5	4512.70						4514.15230647	4515.06247623	0
1780326288	XAUUSD	M5	4513.24						4513.96086074	4514.51166848	0
1780326588	XAUUSD	M5	4516.43						4514.24338698	4514.37752773	0
1780326888	XAUUSD	M5	4516.42						4514.79462441	4514.58607607	1
1780327188	XAUUSD	M5	4514.18						4515.41943691	4515.00275649	0
1780327488	XAUUSD	M5	4514.73						4515.97158470	4515.48717060	0
1780327788	XAUUSD	M5	4516.90						4516.27081349	4515.87899205	0
1780328088	XAUUSD	M5	4517.65						4516.18809822	4516.03354513	0
1780328388	XAUUSD	M5	4515.90						4515.72767554	4515.88061034	1
1780328688	XAUUSD	M5	4514.31						4515.05424350	4515.46742692	0
1780328988	XAUUSD	M5	4515.29						4514.37543275	4514.92142984	0
1780329288	XAUUSD	M5	4514.47						4513.85443308	4514.38793146	0
1780329588	XAUUSD	M5	4510.51					4508.68000	4513.65744748	4514.02268947	0
1780329888	XAUUSD	M5	4514.25						4513.95355383	4513.98812165	0
1780330188	XAUUSD	M5	4514.46						4514.65347361	4514.32079763	1
1780330488	XAUUSD	M5	4516.03						4515.67231064	4514.99655413	0
1780330788	XAUUSD	M5	4516.46						4516.84907304	4515.92281359	0
1780331088	XAUUSD	M5	4518.21						4518.03713346	4516.97997352	0
1780331388	XAUUSD	M5	4521.40						4519.09314004	4518.03655678	0
1780331688	XAUUSD	M5	4522.57						4519.87983551	4518.95819615	0
1780331988	XAUUSD	M5	4520.48						4520.35650566	4519.65735091	0
1780332288	XAUUSD	M5	4513.88						4520.58955254	4520.12345172	0
1780332588	XAUUSD	M5	4520.19						4520.76514995	4520.44430083	0
1780332888	XAUUSD	M5	4519.87						4520.75957837	4520.60193960	0
1780333188	XAUUSD	M5	4524.26				4525.25000		4520.55115892	4520.57654926	1
1780333488	XAUUSD	M5	4523.53						4519.99591742	4520.28623334	0
1780333788	XAUUSD	M5	4518.23						4519.06601409	4519.67612372	0
1780334088	XAUUSD	M5	4516.28						4517.84234249	4518.75923310	0
1780334388	XAUUSD	M5	4517.11						4516.35424799	4517.55674055	0
1780334688	XAUUSD	M5	4514.11						4514.60190751	4516.07932403	0
1780334988	XAUUSD	M5	4511.10						4512.69487993	4514.38710198	0
1780335288	XAUUSD	M5	4506.18						4510.77027998	4512.57869098	0
1780335588	XAUUSD	M5	4513.93						4509.02968157	4510.80418627	0
1780335888	XAUUSD	M5	4510.69						4507.38635563	4509.09527095	0
1780336188	XAUUSD	M5	4504.67						4505.99995360	4507.54761227	0
1780336488	XAUUSD	M5	4504.63						4505.07726795	4506.31244011	0
1780336788	XAUUSD	M5	4504.57						4504.63813769	4505.47528890	0
1780337088	XAUUSD	M5	4503.61						4504.63109280	4505.05319085	0
1780337388	XAUUSD	M5	4501.73						4504.97527940	4505.01423512	0
1780337688	XAUUSD	M5	4507.76						4505.55751062	4505.28587287	1
1780337988	XAUUSD	M5	4506.26						4506.05892596	4505.67239941	0
1780338288	XAUUSD	M5	4507.28						4506.32265302	4505.99752622	0
1780338588	XAUUSD	M5	4506.80						4506.18819765	4506.09286193	0
1780338888	XAUUSD	M5	4505.18						4505.60051662	4505.84668927	1
1780339188	XAUUSD	M5	4503.96						4504.59106289	4505.21887608	0
1780339488	XAUUSD	M5	4504.72						4503.25634515	4504.23761062	0
1780339788	XAUUSD	M5	4503.53						4501.68925634	4502.96343348	0
1780340088	XAUUSD	M5	4498.19						4500.04741093	4501.50542221	0
1780340388	XAUUSD	M5	4494.58						4498.56960960	4500.03751590	0
1780340688	XAUUSD	M5	4495.46						4497.41150906	4498.72451248	0
1780340988	XAUUSD	M5	4503.08						4496.56616091	4497.64533669	0
1780341288	XAUUSD	M5	4495.80						4495.83478803	4496.74006236	0
1780341588	XAUUSD	M5	4493.96						4495.33898073	4496.03952154	0
1780341888	XAUUSD	M5	4495.74						4495.07327445	4495.55639800	0
1780342188	XAUUSD	M5	4494.96						4494.96913444	4495.26276622	0
1780342488	XAUUSD	M5	4492.84						4495.03538295	4495.14907458	0
1780342788	XAUUSD	M5	4496.04						4495.34328105	4495.24617782	1
1780343088	XAUUSD	M5	4495.84						4495.85475123	4495.55046452	0
1780343388	XAUUSD	M5	4494.74						4496.58646336	4496.06846394	0
1780343688	XAUUSD	M5	4500.03						4497.52511280	4496.79678837	0
1780343988	XAUUSD	M5	4501.32						4498.47786395	4497.63732616	0
1780344288	XAUUSD	M5	4497.19						4499.30853705	4498.47293161	0
1780344588	XAUUSD	M5	4498.02						4500.00455897	4499.23874529	0
1780344888	XAUUSD	M5	4500.50						4500.44205569	4499.84040049	0
1780345188	XAUUSD	M5	4499.49						4500.51224237	4500.17632143	0
1780345488	XAUUSD	M5	4499.51						4500.23391702	4500.20511922	0
1780345788	XAUUSD	M5	4505.66						4499.65754321	4499.93133121	1
1780346088	XAUUSD	M5	4499.68						4498.74226515	4499.33679818	0
1780346388	XAUUSD	M5	4496.39						4497.76021747	4498.54850782	0
1780346688	XAUUSD	M5	4490.65					4489.39000	4496.92669534	4497.73760158	0
1780346988	XAUUSD	M5	4497.93						4496.46422624	4497.10091391	0
1780347288	XAUUSD	M5	4498.33						4496.25565361	4496.67828376	0
1780347588	XAUUSD	M5	4495.45						4496.30138719	4496.48983548	0
1780347888	XAUUSD	M5	4497.96						4496.64915888	4496.56949718	1
1780348188	XAUUSD	M5	4496.01						4497.21541077	4496.89245397	0
1780348488	XAUUSD	M5	4498.16						4498.00756884	4497.45001140	0
1780348788	XAUUSD	M5	4500.16						4498.94799067	4498.19900104	0
1780349088	XAUUSD	M5	4501.59						4499.95982822	4499.07941463	0
1780349388	XAUUSD	M5	4499.96						4500.98232397	4500.03086930	0
1780349688	XAUUSD	M5	4500.45						4502.02431618	4501.02759274	0
1780349988	XAUUSD	M5	4500.91						4503.03359826	4502.03059550	0
1780350288	XAUUSD	M5	4504.91						4503.94801699	4502.98930624	0
1780350588	XAUUSD	M5	4503.77						4504.64488089	4503.81709356	0
1780350888	XAUUSD	M5	4505.87						4505.13597490	4504.47653423	0
1780351188	XAUUSD	M5	4509.50						4505.40808497	4504.94230960	0
1780351488	XAUUSD	M5	4507.30						4505.44307274	4505.19269117	0
1780351788	XAUUSD	M5	4503.99						4505.40224799	4505.29746958	0
1780352088	XAUUSD	M5	4500.22						4505.46122111	4505.37934534	0
1780352388	XAUUSD	M5	4505.76						4505.78115309	4505.58024922	0
1780352688	XAUUSD	M5	4504.85						4506.26494184	4505.92259553	0
1780352988	XAUUSD	M5	4509.85						4506.92172554	4506.42216054	0
1780353288	XAUUSD	M5	4508.61				4512.95000		4507.59744975	4507.00980514	0
1780353588	XAUUSD	M5	4510.76						4508.26445886	4507.63713200	0
1780353888	XAUUSD	M5	4506.76						4508.79102804	4508.21408002	0
1780354188	XAUUSD	M5	4510.33						4509.15870276	4508.68639139	0
1780354488	XAUUSD	M5	4507.21						4509.18094743	4508.93366941	0
1780354788	XAUUSD	M5	4508.66						4508.84885305	4508.89126123	1
1780355088	XAUUSD	M5	4507.46						4508.10208516	4508.49667320	0
1780355388	XAUUSD	M5	4505.87						4507.02019349	4507.75843334	0
1780355688	XAUUSD	M5	4505.97						4505.76127397	4506.75985366	0
1780355988	XAUUSD	M5	4507.66						4504.50624004	4505.63304685	0
1780356288	XAUUSD	M5	4503.36						4503.42599044	4504.52951864	0
1780356588	XAUUSD	M5	4503.39						4502.81410643	4503.67181254	0
1780356888	XAUUSD	M5	4501.86						4502.80704921	4503.23943087	0
1780357188	XAUUSD	M5	4505.59						4503.43680086	4503.33811587	1
1780357488	XAUUSD	M5	4500.84						4504.45999727	4503.89905657	0
1780357788	XAUUSD	M5	4503.25						4505.66759605	4504.78332631	0
1780358088	XAUUSD	M5	4507.89						4506.57590040	4505.67961335	0
1780358388	XAUUSD	M5	4506.83						4506.61851847	4506.14906591	0
1780358688	XAUUSD	M5	4505.63						4505.43070146	4505.78988369	1
1780358988	XAUUSD	M5	4501.96						4502.80279841	4504.29634105	0
1780359288	XAUUSD	M5	4501.78						4498.77915311	4501.53774708	0
1780359588	XAUUSD	M5	4501.18						4493.52073470	4497.52924089	0
1780359888	XAUUSD	M5	4484.29						4487.38261043	4492.45592566	0
1780360188	XAUUSD	M5	4482.30						4481.17473610	4486.81533088	0
1780360488	XAUUSD	M5	4465.93						4475.34548677	4481.08040883	0
1780360788	XAUUSD	M5	4465.06						4470.53581850	4475.80811366	0
1780361088	XAUUSD	M5	4466.12						4466.84294866	4471.32553116	0
1780361388	XAUUSD	M5	4472.88						4464.13255068	4467.72904092	0
1780361688	XAUUSD	M5	4467.35						4462.02033934	4464.87469013	0
1780361988	XAUUSD	M5	4464.61						4460.37826776	4462.62647894	0
1780362288	XAUUSD	M5	4454.78						4459.05602401	4460.84125147	0
1780362588	XAUUSD	M5	4450.49						4458.13297914	4459.48711531	0
1780362888	XAUUSD	M5	4454.50					4447.78000	4457.61664441	4458.55187986	0
1780363188	XAUUSD	M5	4460.39						4457.35757526	4457.95472756	0
1780363488	XAUUSD	M5	4461.22						4457.17191943	4457.56332349	0
1780363788	XAUUSD	M5	4457.21						4457.00802358	4457.28567354	0
1780364088	XAUUSD	M5	4455.26						4456.91611325	4457.10089340	0
1780364388	XAUUSD	M5	4456.22						4456.89371697	4456.99730518	0
1780364688	XAUUSD	M5	4458.65						4456.88832606	4456.94281562	0
1780364988	XAUUSD	M5	4455.49						4456.84865023	4456.89573293	0
1780365288	XAUUSD	M5	4459.94						4456.89656818	4456.89615055	1
1780365588	XAUUSD	M5	4454.72						4457.03681457	4456.96648256	0
1780365888	XAUUSD	M5	4456.05						4457.51867083	4457.24257670	0
1780366188	XAUUSD	M5	4458.70						4458.44079536	4457.84168603	0
1780366488	XAUUSD	M5	4460.24						4459.81713462	4458.82941032	0
1780366788	XAUUSD	M5	4462.37						4461.64323116	4460.23632074	0
1780367088	XAUUSD	M5	4464.35						4463.82396660	4462.03014367	0
1780367388	XAUUSD	M5	4465.36						4466.19595358	4464.11304863	0
1780367688	XAUUSD	M5	4467.08						4468.58687537	4466.34996200	0
1780367988	XAUUSD	M5	4468.79						4470.78867952	4468.56932076	0
1780368288	XAUUSD	M5	4477.14						4472.60440897	4470.58686486	0
1780368588	XAUUSD	M5	4476.86						4473.71997878	4472.15342182	0
1780368888	XAUUSD	M5	4472.38						4474.08363346	4473.11852764	0
1780369188	XAUUSD	M5	4469.80						4473.83219691	4473.47536227	0
1780369488	XAUUSD	M5	4471.29						4473.10305548	4473.28920888	1
1780369788	XAUUSD	M5	4474.21						4471.99967984	4472.64444436	0
1780370088	XAUUSD	M5	4473.38						4470.62269145	4471.63356790	0
1780370388	XAUUSD	M5	4468.79						4469.19263430	4470.41310110	0
1780370688	XAUUSD	M5	4467.37						4468.02763511	4469.22036811	0
1780370988	XAUUSD	M5	4466.78						4467.35987954	4468.29012382	0
1780371288	XAUUSD	M5	4468.60						4467.33035960	4467.81024171	0
1780371588	XAUUSD	M5	4467.98						4467.93187232	4467.87105702	1
1780371888	XAUUSD	M5	4469.44						4469.09551897	4468.48328799	0
1780372188	XAUUSD	M5	4469.22						4470.60411387	4469.54370093	0
1780372488	XAUUSD	M5	4468.06						4472.22950820	4470.88660456	0
1780372788	XAUUSD	M5	4471.96						4473.77148136	4472.32904296	0
1780373088	XAUUSD	M5	4480.10						4474.98009312	4473.65456804	0
1780373388	XAUUSD	M5	4480.11						4475.62582967	4474.64019885	0
1780373688	XAUUSD	M5	4476.29						4475.81216910	4475.22618398	0
1780373988	XAUUSD	M5	4473.44						4475.85866151	4475.54242274	0
1780374288	XAUUSD	M5	4475.05						4476.12615507	4475.83428891	0
1780374588	XAUUSD	M5	4475.82						4476.84377439	4476.33903165	0
1780374888	XAUUSD	M5	4475.15						4478.16958924	4477.25431044	0
1780375188	XAUUSD	M5	4482.93						4480.14784773	4478.70107909	0
1780375488	XAUUSD	M5	4481.31						4482.48147535	4480.59127722	0
1780375788	XAUUSD	M5	4482.83						4484.97615349	4482.78371535	0
1780376088	XAUUSD	M5	4491.56						4487.32077795	4485.05224665	0
1780376388	XAUUSD	M5	4491.51				4495.39000		4489.07086890	4487.06155777	0
1780376688	XAUUSD	M5	4491.45						4490.08246764	4488.57201271	0
1780376988	XAUUSD	M5	4487.55						4490.35066726	4489.46133998	0
1780377288	XAUUSD	M5	4486.86						4490.08161450	4489.77147724	0
1780377588	XAUUSD	M5	4489.80						4489.48134069	4489.62640896	1
1780377888	XAUUSD	M5	4488.66						4488.70843874	4489.16742385	0
1780378188	XAUUSD	M5	4489.22						4487.99005039	4488.57873712	0
1780378488	XAUUSD	M5	4489.16						4487.44418961	4488.01146336	0
1780378788	XAUUSD	M5	4486.64						4487.11858033	4487.56502185	0
1780379088	XAUUSD	M5	4486.10						4487.03600791	4487.30051488	0
1780379388	XAUUSD	M5	4486.06						4487.12745961	4487.21398725	0
1780379688	XAUUSD	M5	4487.92						4487.29141464	4487.25270094	1
1780379988	XAUUSD	M5	4488.60						4487.38712020	4487.31991057	0
1780380288	XAUUSD	M5	4487.17						4487.33769191	4487.32880124	0
1780380588	XAUUSD	M5	4486.70						4487.15680008	4487.24280066	1
1780380888	XAUUSD	M5	4487.83						4486.87096077	4487.05688071	0
1780381188	XAUUSD	M5	4485.27						4486.48164446	4486.76926259	0
1780381488	XAUUSD	M5	4485.38						4486.06925103	4486.41925681	0
1780381788	XAUUSD	M5	4485.87						4485.64237872	4486.03081777	0
1780382088	XAUUSD	M5	4485.77						4485.17735954	4485.60408865	0
1780382388	XAUUSD	M5	4484.68						4484.65942969	4485.13175917	0
1780382688	XAUUSD	M5	4483.89						4484.11303873	4484.62239895	0
1780382988	XAUUSD	M5	4484.35						4483.57689132	4484.09964514	0
1780383288	XAUUSD	M5	4483.47						4483.07573873	4483.58769193	0
1780383588	XAUUSD	M5	4483.59						4482.66572961	4483.12671077	0
1780383888	XAUUSD	M5	4480.17						4482.37828540	4482.75249809	0
1780384188	XAUUSD	M5	4481.15					4479.13000	4482.30614113	4482.52931961	0
1780384488	XAUUSD	M5	4482.97						4482.40851564	4482.46891763	0
1780384788	XAUUSD	M5	4483.43						4482.61158477	4482.54025120	1
1780385088	XAUUSD	M5	4483.53						4482.85509796	4482.69767458	0
1780385388	XAUUSD	M5	4482.96						4483.08506649	4482.89137053	0
1780385688	XAUUSD	M5	4482.58						4483.28755882	4483.08946468	0
1780385988	XAUUSD	M5	4483.12						4483.45421786	4483.27184127	0
1780386288	XAUUSD	M5	4484.64						4483.57959849	4483.42571988	0
1780386588	XAUUSD	M5	4484.05						4483.64430914	4483.53501451	0
1780386888	XAUUSD	M5	4482.61						4483.68302105	4483.60901778	0
1780387188	XAUUSD	M5	4483.92						4483.73810965	4483.67356371	0
1780387488	XAUUSD	M5	4483.20						4483.77046625	4483.72201498	0
1780387788	XAUUSD	M5	4484.87						4483.77107556	4483.74654527	0
1780391688	XAUUSD	M5	4483.02				4488.29000		4483.67454853	4483.71054690	1
1780391988	XAUUSD	M5	4482.41						4483.50855755	4483.60955222	0
1780392288	XAUUSD	M5	4484.52						4483.28435949	4483.44695585	0
1780392588	XAUUSD	M5	4484.15						4482.97464691	4483.21080138	0
1780392888	XAUUSD	M5	4482.75						4482.63786211	4482.92433175	0
1780393188	XAUUSD	M5	4481.46						4482.36997469	4482.64715322	0
1780393488	XAUUSD	M5	4481.24						4482.26551622	4482.45633472	0
1780393788	XAUUSD	M5	4482.83						4482.37925053	4482.41779262	0
1780394088	XAUUSD	M5	4481.54						4482.70705373	4482.56242318	1
1780394388	XAUUSD	M5	4484.15						4483.26680507	4482.91461412	0
1780394688	XAUUSD	M5	4483.97						4483.97481452	4483.44471432	0
1780394988	XAUUSD	M5	4485.93						4484.78784630	4484.11628031	0
1780395288	XAUUSD	M5	4486.37						4485.58998090	4484.85313061	0
1780395588	XAUUSD	M5	4485.28						4486.28780201	4485.57046631	0
1780395888	XAUUSD	M5	4486.09						4486.81998299	4486.19522465	0
1780396188	XAUUSD	M5	4486.57						4487.08144524	4486.63833494	0
1780396488	XAUUSD	M5	4487.62						4486.99006221	4486.81419857	0
1780396788	XAUUSD	M5	4487.23						4486.48957354	4486.65188606	1
1780397088	XAUUSD	M5	4484.81						4485.61075277	4486.13131941	0
1780397388	XAUUSD	M5	4484.52						4484.50389021	4485.31760481	0
1780397688	XAUUSD	M5	4483.42						4483.34090604	4484.32925543	0
1780397988	XAUUSD	M5	4480.11						4482.35427658	4483.34176600	0
1780398288	XAUUSD	M5	4484.77						4481.83328989	4482.58752795	0
1780398588	XAUUSD	M5	4484.50						4481.83472115	4482.21112455	0
1780398888	XAUUSD	M5	4484.56						4482.43626575	4482.32369515	1
1780399188	XAUUSD	M5	4478.56						4483.58219251	4482.95294383	0
1780399488	XAUUSD	M5	4481.37						4485.21775475	4484.08534929	0
1780399788	XAUUSD	M5	4485.31						4486.97344514	4485.52939722	0
1780400088	XAUUSD	M5	4489.79						4488.40195262	4486.96567492	0
1780400388	XAUUSD	M5	4493.81						4489.09396312	4488.02981902	0
1780400688	XAUUSD	M5	4489.19				4497.24000		4488.80057174	4488.41519538	0
1780400988	XAUUSD	M5	4489.28						4487.68760835	4488.05140187	1
1780401288	XAUUSD	M5	4487.07						4486.01951137	4487.03545662	0
1780401588	XAUUSD	M5	4481.45						4484.23978983	4485.63762322	0
1780401888	XAUUSD	M5	4481.85						4482.88938538	4484.26350430	0
1780402188	XAUUSD	M5	4481.97						4482.26744137	4483.26547284	0
1780402488	XAUUSD	M5	4481.84						4482.47091451	4482.86819367	0
1780402788	XAUUSD	M5	4479.46						4483.36779840	4483.11799603	1
1780403088	XAUUSD	M5	4489.76						4484.66311938	4483.89055771	0
1780403388	XAUUSD	M5	4486.18						4485.66701527	4484.77878649	0
1780403688	XAUUSD	M5	4483.16						4486.02864715	4485.40371682	0
1780403988	XAUUSD	M5	4486.57						4485.54143335	4485.47257508	0
1780404288	XAUUSD	M5	4487.29						4484.07729957	4484.77493733	1
1780404588	XAUUSD	M5	4482.07						4481.81761037	4483.29627385	0
1780404888	XAUUSD	M5	4479.93						4479.27402175	4481.28514780	0
1780405188	XAUUSD	M5	4475.58						4476.96716316	4479.12615548	0
1780405488	XAUUSD	M5	4473.82					4463.08000	4475.40696448	4477.26655998	0
1780405788	XAUUSD	M5	4474.02						4474.87233054	4476.06944526	0
1780406088	XAUUSD	M5	4473.35						4475.35637788	4475.71291157	0
1780406388	XAUUSD	M5	4474.71						4476.63580391	4476.17435774	1
1780406688	XAUUSD	M5	4480.71						4478.28508618	4477.22972196	0
1780406988	XAUUSD	M5	4480.96						4479.74443763	4478.48707979	0
1780407288	XAUUSD	M5	4484.01						4480.68421431	4479.58564705	0
1780407588	XAUUSD	M5	4482.02						4480.90353845	4480.24459275	0
1780407888	XAUUSD	M5	4481.28						4480.54337475	4480.39398375	0
1780408188	XAUUSD	M5	4478.82						4479.90887992	4480.15143184	1
1780408488	XAUUSD	M5	4476.61						4479.43809608	4479.79476396	0
1780408788	XAUUSD	M5	4474.78						4479.52338150	4479.65907273	0
1780409088	XAUUSD	M5	4478.82						4480.41802334	4480.03854804	1
1780409388	XAUUSD	M5	4485.96						4482.06024810	4481.04939807	0
1780409688	XAUUSD	M5	4488.07						4484.15539740	4482.60239774	0
1780409988	XAUUSD	M5	4486.66						4486.43082347	4484.51661060	0
1780410288	XAUUSD	M5	4488.37						4488.67960851	4486.59810956	0
1780410588	XAUUSD	M5	4490.03						4490.67965339	4488.63888147	0
1780410888	XAUUSD	M5	4490.11						4492.31436707	4490.47662427	0
1780411188	XAUUSD	M5	4495.22						4493.61265881	4492.04464154	0
1780411488	XAUUSD	M5	4493.68						4494.58359845	4493.31412000	0
1780411788	XAUUSD	M5	4494.62						4495.43254557	4494.37333278	0
1780412088	XAUUSD	M5	4497.40						4496.31231642	4495.34282460	0
1780412388	XAUUSD	M5	4498.19						4497.28138489	4496.31210474	0
1780412688	XAUUSD	M5	4497.54						4498.39179008	4497.35194741	0
1780412988	XAUUSD	M5	4499.44						4499.66047947	4498.50621344	0
1780413288	XAUUSD	M5	4500.34						4501.00764563	4499.75692954	0
1780413588	XAUUSD	M5	4502.18						4502.37189268	4501.06441111	0
1780413888	XAUUSD	M5	4504.66						4503.69730534	4502.38085822	0
1780414188	XAUUSD	M5	4507.76						4504.94038626	4503.66062224	0
1780414488	XAUUSD	M5	4505.71						4506.07380785	4504.86721505	0
1780414788	XAUUSD	M5	4504.77						4507.20137258	4506.03429382	0
1780415088	XAUUSD	M5	4507.79						4508.39033143	4507.21231262	0
1780415388	XAUUSD	M5	4509.05						4509.60288208	4508.40759735	0
1780415688	XAUUSD	M5	4510.48						4510.82275090	4509.61517413	0
1780415988	XAUUSD	M5	4512.66						4512.02772702	4510.82145058	0
1780416288	XAUUSD	M5	4512.94						4513.20508384	4512.01326721	0
1780416588	XAUUSD	M5	4517.46						4514.40646812	4513.20986766	0
1780416888	XAUUSD	M5	4515.87						4515.60561622	4514.40774194	0
1780417188	XAUUSD	M5	4516.02						4516.89779821	4515.65277008	0
1780417488	XAUUSD	M5	4518.72						4518.29778851	4516.97527929	0
1780417788	XAUUSD	M5	4518.63						4519.69950214	4518.33739072	0
1780418088	XAUUSD	M5	4518.83						4520.99692486	4519.66715779	0
1780418388	XAUUSD	M5	4519.74						4522.03795300	4520.85255540	0
1780418688	XAUUSD	M5	4524.86						4522.65745342	4521.75500441	0
1780418988	XAUUSD	M5	4523.66						4522.67488204	4522.21494323	0
1780419288	XAUUSD	M5	4524.50						4522.16942913	4522.19218618	1
1780419588	XAUUSD	M5	4523.48						4521.30153515	4521.74686066	0
1780419888	XAUUSD	M5	4519.58						4520.37368966	4521.06027516	0
1780420188	XAUUSD	M5	4517.08						4519.78574416	4520.42300966	0
1780420488	XAUUSD	M5	4520.52						4519.85923455	4520.14112210	0
1780420788	XAUUSD	M5	4520.88						4520.67192954	4520.40652582	1
1780421088	XAUUSD	M5	4519.01						4522.22674093	4521.31663338	0
1780421388	XAUUSD	M5	4520.32						4524.43556155	4522.87609746	0
1780421688	XAUUSD	M5	4529.47						4527.03479028	4524.95544387	0
1780421988	XAUUSD	M5	4533.17						4529.55522651	4527.25533519	0
1780422288	XAUUSD	M5	4535.55						4531.69980574	4529.47757047	0
1780422588	XAUUSD	M5	4534.04						4533.31455418	4531.39606232	0
1780422888	XAUUSD	M5	4532.84						4534.45652108	4532.92629170	0
1780423188	XAUUSD	M5	4533.70						4535.26481417	4534.09555293	0
1780423488	XAUUSD	M5	4532.85						4535.86915869	4534.98235581	0
1780423788	XAUUSD	M5	4536.04						4536.41895205	4535.70065393	0
1780424088	XAUUSD	M5	4536.05						4536.89611267	4536.29838330	0
1780424388	XAUUSD	M5	4537.81						4537.26478605	4536.78158467	0
1780424688	XAUUSD	M5	4539.99				4541.50000		4537.39327928	4537.08743198	0
1780424988	XAUUSD	M5	4539.36						4537.13181386	4537.10962292	0
1780425288	XAUUSD	M5	4536.88						4536.44661445	4536.77811868	1
1780425588	XAUUSD	M5	4534.03						4535.43512269	4536.10662069	0
1780425888	XAUUSD	M5	4533.68						4534.29789820	4535.20225944	0
1780426188	XAUUSD	M5	4532.98						4533.24626883	4534.22426414	0
1780426488	XAUUSD	M5	4531.79						4532.49766251	4533.36096332	0
1780426788	XAUUSD	M5	4531.72						4532.21821142	4532.78958737	0
1780427088	XAUUSD	M5	4530.68						4532.43908653	4532.61433695	0
1780427388	XAUUSD	M5	4535.08						4533.08397586	4532.84915641	1
1780427688	XAUUSD	M5	4534.26						4533.83665969	4533.34290805	0
1780427988	XAUUSD	M5	4535.66						4534.44843854	4533.89567330	0
1780428288	XAUUSD	M5	4534.86						4534.65522246	4534.27544788	0
1780428588	XAUUSD	M5	4532.60						4534.33007919	4534.30276353	0
1780428888	XAUUSD	M5	4534.21						4533.51192090	4533.90734222	1
1780429188	XAUUSD	M5	4531.23						4532.28803280	4533.09768751	0
1780429488	XAUUSD	M5	4532.02						4530.94382882	4532.02075816	0
1780429788	XAUUSD	M5	4530.23						4529.71025670	4530.86550743	0
1780430088	XAUUSD	M5	4528.82						4528.83884459	4529.85217601	0
1780430388	XAUUSD	M5	4529.56						4528.47275128	4529.16246365	0
1780430688	XAUUSD	M5	4527.87						4528.57019447	4528.86632906	0
1780430988	XAUUSD	M5	4526.73						4529.01285103	4528.93959004	1
1780431288	XAUUSD	M5	4527.29						4529.59836144	4529.26897574	0
1780431588	XAUUSD	M5	4529.00						4530.07632808	4529.67265191	0
1780431888	XAUUSD	M5	4533.96						4530.23267627	4529.95266409	0
1780432188	XAUUSD	M5	4534.61						4529.88974481	4529.92120445	1
1780432488	XAUUSD	M5	4529.21						4529.09741350	4529.50930898	0
1780432788	XAUUSD	M5	4526.71						4528.15576277	4528.83253587	0
1780433088	XAUUSD	M5	4525.65						4527.33897419	4528.08575503	0
1780433388	XAUUSD	M5	4524.42						4526.85518017	4527.47046760	0
1780433688	XAUUSD	M5	4525.59					4522.06000	4526.82069080	4527.14557920	0
1780433988	XAUUSD	M5	4526.33						4527.17970460	4527.16264190	1
1780434288	XAUUSD	M5	4530.63						4527.78375372	4527.47319781	0
1780434588	XAUUSD	M5	4530.00						4528.34993453	4527.91156617	0
1780434888	XAUUSD	M5	4528.38						4528.72738964	4528.31947790	0
1780435188	XAUUSD	M5	4529.43						4528.85417842	4528.58682816	0
1780435488	XAUUSD	M5	4529.02						4528.70696487	4528.64689652	0
1780435788	XAUUSD	M5	4529.09						4528.38637213	4528.51663432	1
1780436088	XAUUSD	M5	4525.31						4528.04644134	4528.28153783	0
1780436388	XAUUSD	M5	4528.40						4527.93357207	4528.10755495	0
1780436688	XAUUSD	M5	4528.00						4528.07933402	4528.09344449	0
1780436988	XAUUSD	M5	4526.79						4528.50968997	4528.30156723	1
1780437288	XAUUSD	M5	4528.78						4529.19067084	4528.74611903	0
1780437588	XAUUSD	M5	4530.66						4529.95257999	4529.34934951	0
1780437888	XAUUSD	M5	4532.31						4530.60397738	4529.97666345	0
1780438188	XAUUSD	M5	4533.21						4530.97918819	4530.47792582	0
1780438488	XAUUSD	M5	4531.18				4534.66000		4530.99939097	4530.73865840	0
1780438788	XAUUSD	M5	4529.87						4530.72211081	4530.73038460	1
1780439088	XAUUSD	M5	4528.84						4530.24469173	4530.48753817	0
1780439388	XAUUSD	M5	4527.94						4529.68860244	4530.08807031	0
1780439688	XAUUSD	M5	4528.69						4529.15982703	4529.62394867	0
1780439988	XAUUSD	M5	4529.61						4528.70491565	4529.16443216	0
1780440288	XAUUSD	M5	4529.97						4528.32872276	4528.74657746	0
1780440588	XAUUSD	M5	4527.51						4528.02038682	4528.38348214	0
1780440888	XAUUSD	M5	4526.92						4527.82156836	4528.10252525	0
1780441188	XAUUSD	M5	4529.16						4527.73085936	4527.91669231	0
1780441488	XAUUSD	M5	4528.59						4527.70682806	4527.81176019	0
1780441788	XAUUSD	M5	4527.54						4527.77742113	4527.79459066	0
1780442088	XAUUSD	M5	4527.77						4527.95989363	4527.87724215	1
1780442388	XAUUSD	M5	4527.38						4528.20605296	4528.04164755	0
1780442688	XAUUSD	M5	4526.39						4528.44015037	4528.24089896	0
1780442988	XAUUSD	M5	4526.83						4528.56239000	4528.40164448	0
1780443288	XAUUSD	M5	4531.02						4528.42845001	4528.41504725	0
1780443588	XAUUSD	M5	4529.35						4527.82467447	4528.11986086	1
1780443888	XAUUSD	M5	4528.14						4526.72769617	4527.42377851	0
1780444188	XAUUSD	M5	4524.85						4525.17646564	4526.30012208	0
1780444488	XAUUSD	M5	4524.94						4523.31191500	4524.80601854	0
1780444788	XAUUSD	M5	4520.36						4521.25015074	4523.02808464	0
1780445088	XAUUSD	M5	4514.99						4519.22187447	4521.12497955	0
1780445388	XAUUSD	M5	4514.15						4517.45637877	4519.29067916	0
1780445688	XAUUSD	M5	4520.30						4516.01757311	4517.65412614	0
1780445988	XAUUSD	M5	4516.53						4514.75968402	4516.20690508	0
1780446288	XAUUSD	M5	4514.00						4513.72284550	4514.96487529	0
1780446588	XAUUSD	M5	4512.77						4512.88902863	4513.92695196	0
1780446888	XAUUSD	M5	4513.13						4512.18590763	4513.05642979	0
1780447188	XAUUSD	M5	4510.63						4511.49897299	4512.27770139	0
1780447488	XAUUSD	M5	4508.20						4510.77759632	4511.52764885	0
1780447788	XAUUSD	M5	4510.83						4509.97231727	4510.74998306	0
1780448088	XAUUSD	M5	4508.45						4508.92495894	4509.83747100	0
1780448388	XAUUSD	M5	4509.75						4507.62130188	4508.72938644	0
1780448688	XAUUSD	M5	4504.95						4506.00976120	4507.36957382	0
1780448988	XAUUSD	M5	4502.66						4504.22785386	4505.79871384	0
1780449288	XAUUSD	M5	4502.34						4502.41613892	4504.10742638	0
1780449588	XAUUSD	M5	4502.91						4500.71072660	4502.40907649	0
1780449888	XAUUSD	M5	4504.29						4499.25512381	4500.83210015	0
1780450188	XAUUSD	M5	4495.96						4498.16905869	4499.50057942	0
1780450488	XAUUSD	M5	4493.20					4490.40000	4497.75126622	4498.62592282	0
1780450788	XAUUSD	M5	4495.44						4498.09856364	4498.36224323	0
1780451088	XAUUSD	M5	4499.49						4499.08451551	4498.72337937	1
1780451388	XAUUSD	M5	4502.34						4500.45123450	4499.58730694	0
1780451688	XAUUSD	M5	4504.56						4501.92060215	4500.75395454	0
1780451988	XAUUSD	M5	4503.83						4503.22683574	4501.99039514	0
1780452288	XAUUSD	M5	4504.17						4504.22392904	4503.10716209	0
1780452588	XAUUSD	M5	4504.12						4504.81715785	4503.96215997	0
1780452888	XAUUSD	M5	4502.75						4505.01521067	4504.48868532	0
1780453188	XAUUSD	M5	4506.75						4504.94194240	4504.71531386	0
1780453488	XAUUSD	M5	4503.46						4504.65747119	4504.68639253	1
1780453788	XAUUSD	M5	4504.37						4504.38587879	4504.53613566	0
1780454088	XAUUSD	M5	4503.51						4504.22801559	4504.38207563	0
1780454388	XAUUSD	M5	4505.39						4504.26151675	4504.32179619	0
1780454688	XAUUSD	M5	4506.30						4504.41542413	4504.36861016	1
1780454988	XAUUSD	M5	4504.50				4508.54000		4504.56678572	4504.46769794	0
1780455288	XAUUSD	M5	4502.49						4504.62454011	4504.54611902	0
1780455588	XAUUSD	M5	4505.30						4504.48934493	4504.51773198	1
1780455888	XAUUSD	M5	4503.84						4503.96412457	4504.24092827	0
1780456188	XAUUSD	M5	4502.11						4502.98653228	4503.61373028	0
1780456488	XAUUSD	M5	4500.82						4501.56802513	4502.59087770	0
1780456788	XAUUSD	M5	4502.10						4499.77655394	4501.18371582	0
1780457088	XAUUSD	M5	4498.19						4497.67919908	4499.43145745	0
1780457388	XAUUSD	M5	4494.83						4495.50860158	4497.47002952	0
1780457688	XAUUSD	M5	4494.66						4493.48227862	4495.47615407	0
1780457988	XAUUSD	M5	4490.57						4491.73401880	4493.60508643	0
1780458288	XAUUSD	M5	4489.69						4490.43958183	4492.02233413	0
1780458588	XAUUSD	M5	4487.69						4489.63832714	4490.83033063	0
1780458888	XAUUSD	M5	4489.81						4489.32758380	4490.07895722	0
1780459188	XAUUSD	M5	4490.93						4489.35639419	4489.71767570	0
1780459488	XAUUSD	M5	4489.49						4489.56825476	4489.64296523	0
1780459788	XAUUSD	M5	4491.97						4489.84466762	4489.74381642	1
1780460088	XAUUSD	M5	4490.45						4489.98239595	4489.86310619	0
1780460388	XAUUSD	M5	4487.06						4489.90783941	4489.88547280	0
1780460688	XAUUSD	M5	4489.63						4489.63652049	4489.76099664	1
1780460988	XAUUSD	M5	4487.21						4489.09583994	4489.42841829	0
1780461288	XAUUSD	M5	4488.20						4488.37799494	4488.90320661	0
1780461588	XAUUSD	M5	4491.17						4487.53571482	4488.21946072	0
1780461888	XAUUSD	M5	4488.53						4486.60126244	4487.41036158	0
1780462188	XAUUSD	M5	4482.92						4485.74734477	4486.57885318	0
1780462488	XAUUSD	M5	4484.56						4485.19161362	4485.88523340	0
1780462788	XAUUSD	M5	4485.95						4484.94852953	4485.41688146	0
1780463088	XAUUSD	M5	4483.81						4484.97857932	4485.19773039	0
1780463388	XAUUSD	M5	4484.61						4485.27354960	4485.23564000	1
1780463688	XAUUSD	M5	4486.52						4485.71521108	4485.47542554	0
1780463988	XAUUSD	M5	4487.56						4486.14542752	4485.81042653	0
1780464288	XAUUSD	M5	4485.19						4486.44444555	4486.12743604	0
1780464588	XAUUSD	M5	4484.93						4486.60739409	4486.36741506	0
1780464888	XAUUSD	M5	4487.61						4486.62383732	4486.49562619	0
1780465188	XAUUSD	M5	4488.45						4486.47081141	4486.48321880	1
1780465488	XAUUSD	M5	4488.20						4486.20827908	4486.34574894	0
1780465788	XAUUSD	M5	4485.41						4485.94282955	4486.14428925	0
1780466088	XAUUSD	M5	4480.54					4478.74000	4485.83093484	4485.98761205	0
1780466388	XAUUSD	M5	4486.63						4486.04298934	4486.01530069	1
1780466688	XAUUSD	M5	4487.59						4486.43620611	4486.22575340	0
1780466988	XAUUSD	M5	4487.36						4486.92181147	4486.57378243	0
1780467288	XAUUSD	M5	4488.74						4487.40680353	4486.99029298	0
1780467588	XAUUSD	M5	4488.51						4487.75683351	4487.37356325	0
1780467888	XAUUSD	M5	4487.26						4487.89578430	4487.63467377	0
1780468188	XAUUSD	M5	4486.72						4487.81345308	4487.72406343	0
1780468488	XAUUSD	M5	4486.28						4487.54091108	4487.63248726	1
1780468788	XAUUSD	M5	4489.56						4487.15999037	4487.39623881	0
1780469088	XAUUSD	M5	4486.46						4486.70237193	4487.04930537	0
1780469388	XAUUSD	M5	4484.45						4486.35745334	4486.70337935	0
1780469688	XAUUSD	M5	4487.34						4486.27163446	4486.48750691	0
1780469988	XAUUSD	M5	4487.00						4486.42955080	4486.45852886	0
1780470288	XAUUSD	M5	4486.28						4486.83834233	4486.64843560	1
1780470588	XAUUSD	M5	4488.00						4487.45395872	4487.05119716	0
1780470888	XAUUSD	M5	4487.44						4488.13744861	4487.59432288	0
1780471188	XAUUSD	M5	4488.07						4488.79684782	4488.19558535	0
1780471488	XAUUSD	M5	4489.87						4489.33102408	4488.76330471	0
1780471788	XAUUSD	M5	4490.42						4489.63524345	4489.19927408	0
1780472088	XAUUSD	M5	4489.45						4489.69931147	4489.44929278	0
1780472388	XAUUSD	M5	4489.82						4489.59930975	4489.52430126	0
1780472688	XAUUSD	M5	4489.64						4489.41013132	4489.46721629	1
1780472988	XAUUSD	M5	4489.63						4489.21775486	4489.34248557	0
1780473288	XAUUSD	M5	4488.99						4489.08993625	4489.21621091	0
1780473588	XAUUSD	M5	4488.79						4489.07096815	4489.14358953	0
1780473888	XAUUSD	M5	4487.64						4489.14757707	4489.14558330	1
1780474188	XAUUSD	M5	4487.91						4489.29473385	4489.22015857	0
1780478088	XAUUSD	M5	4490.22						4489.44630209	4489.33323033	0
1780478388	XAUUSD	M5	4492.07				4493.14000		4489.51213877	4489.42268455	0
1780478688	XAUUSD	M5	4489.57						4489.45353335	4489.43810895	0
1780478988	XAUUSD	M5	4489.23						4489.37596974	4489.40703935	1
1780479288	XAUUSD	M5	4488.85						4489.35059540	4489.37881737	0
1780479588	XAUUSD	M5	4490.42						4489.42588478	4489.40235108	1
1780479888	XAUUSD	M5	4488.46						4489.54447091	4489.47341099	0
1780480188	XAUUSD	M5	4488.78						4489.64681080	4489.56011090	0
1780480488	XAUUSD	M5	4489.09						4489.52408814	4489.54209952	1
1780480788	XAUUSD	M5	4488.83						4488.92174536	4489.23192244	0
1780481088	XAUUSD	M5	4486.93						4487.61453875	4488.42323060	0
1780481388	XAUUSD	M5	4484.91						4485.50664897	4486.96493978	0
1780481688	XAUUSD	M5	4484.96						4482.64720418	4484.80607198	0
1780481988	XAUUSD	M5	4482.26						4479.21279620	4482.00943409	0
1780482288	XAUUSD	M5	4477.26						4475.59577229	4478.80260319	0
1780482588	XAUUSD	M5	4470.28						4472.30006546	4475.55133433	0
1780482888	XAUUSD	M5	4467.86						4469.83946197	4472.69539815	0
1780483188	XAUUSD	M5	4467.65					4462.26000	4468.49189685	4470.59364750	0
1780483488	XAUUSD	M5	4466.43						4468.27807468	4469.43586109	0
1780483788	XAUUSD	M5	4465.83						4469.04444804	4469.24015456	0
1780484088	XAUUSD	M5	4474.94						4470.47081238	4469.85548347	1
1780484388	XAUUSD	M5	4472.00						4471.98488865	4470.92018606	0
1780484688	XAUUSD	M5	4473.92						4473.37735935	4472.14877271	0
1780484988	XAUUSD	M5	4474.44						4474.49600973	4473.32239122	0
1780485288	XAUUSD	M5	4478.76						4475.41435112	4474.36837117	0
1780485588	XAUUSD	M5	4476.64						4476.28026430	4475.32431773	0
1780485888	XAUUSD	M5	4476.00						4477.45292705	4476.38862239	0
1780486188	XAUUSD	M5	4477.55						4479.20699951	4477.79781095	0
1780486488	XAUUSD	M5	4478.96						4481.59661888	4479.69721492	0
1780486788	XAUUSD	M5	4483.14						4484.43944735	4482.06833113	0
1780487088	XAUUSD	M5	4485.33						4487.27153641	4484.66993377	0
1780487388	XAUUSD	M5	4491.83						4489.53786510	4487.10389943	0
1780487688	XAUUSD	M5	4495.76				4496.54000		4490.59796830	4488.85093387	0
1780487988	XAUUSD	M5	4491.04						4490.02592934	4489.43843161	0
1780488288	XAUUSD	M5	4489.01						4487.84516115	4488.64179638	1
1780488588	XAUUSD	M5	4486.03						4484.30263037	4486.47221338	0
1780488888	XAUUSD	M5	4473.70						4479.90430935	4483.18826136	0
1780489188	XAUUSD	M5	4474.37						4475.49307035	4479.34066586	0
1780489488	XAUUSD	M5	4471.28						4471.60361804	4475.47214195	0
1780489788	XAUUSD	M5	4469.53						4468.72320831	4472.09767513	0
1780490088	XAUUSD	M5	4466.38						4467.10682337	4469.60224925	0
1780490388	XAUUSD	M5	4467.11					4463.61000	4466.81496612	4468.20860768	0
1780490688	XAUUSD	M5	4471.32						4467.62772858	4467.91816813	0
1780490988	XAUUSD	M5	4466.53						4469.12624651	4468.52220732	1
1780491288	XAUUSD	M5	4470.54						4471.06839978	4469.79530355	0
1780491588	XAUUSD	M5	4475.77						4473.05846428	4471.42688391	0
1780491888	XAUUSD	M5	4474.04						4474.77164874	4473.09926633	0
1780492188	XAUUSD	M5	4475.83						4476.14136118	4474.62031375	0
1780492488	XAUUSD	M5	4473.86						4477.11661724	4475.86846550	0
1780492788	XAUUSD	M5	4478.73						4477.79099372	4476.82972961	0
1780493088	XAUUSD	M5	4480.58						4478.13564016	4477.48268488	0
1780493388	XAUUSD	M5	4476.27						4478.19541271	4477.83904880	0
1780493688	XAUUSD	M5	4478.27						4478.18107639	4478.01006260	0
1780493988	XAUUSD	M5	4478.77						4478.16158129	4478.08582194	0
1780494288	XAUUSD	M5	4478.98						4478.23776420	4478.16179307	0
1780494588	XAUUSD	M5	4481.06						4478.50294296	4478.33236802	0
1780494888	XAUUSD	M5	4479.05						4478.99477862	4478.66357332	0
1780495188	XAUUSD	M5	4475.65						4479.79639353	4479.22998342	0
1780495488	XAUUSD	M5	4479.64						4480.95736342	4480.09367342	0
1780495788	XAUUSD	M5	4481.91						4482.28926337	4481.19146840	0
1780496088	XAUUSD	M5	4485.94						4483.58210861	4482.38678851	0
1780496388	XAUUSD	M5	4485.33						4484.58294565	4483.48486708	0
1780496688	XAUUSD	M5	4485.40						4485.17786001	4484.33136354	0
1780496988	XAUUSD	M5	4485.29						4485.32861393	4484.82998874	0
1780497288	XAUUSD	M5	4485.47						4485.09757330	4484.96378102	0
1780497588	XAUUSD	M5	4483.44						4484.62813685	4484.79595894	1
1780497888	XAUUSD	M5	4484.07						4484.16427726	4484.48011810	0
1780498188	XAUUSD	M5	4484.83						4483.87302840	4484.17657325	0
1780498488	XAUUSD	M5	4484.38						4483.85346913	4484.01502119	0
1780498788	XAUUSD	M5	4482.99						4484.13409533	4484.07455826	1
1780499088	XAUUSD	M5	4483.82						4484.64803180	4484.36129503	0
1780499388	XAUUSD	M5	4484.43						4485.18947491	4484.77538497	0
1780499688	XAUUSD	M5	4485.94						4485.48772303	4485.13155400	0
1780499988	XAUUSD	M5	4486.23						4485.26150267	4485.19652833	0
1780500288	XAUUSD	M5	4486.78						4484.33324074	4484.76488454	1
1780500588	XAUUSD	M5	4481.39				4488.00000		4482.64188830	4483.70338642	0
1780500888	XAUUSD	M5	4480.70						4480.40012393	4482.05175517	0
1780501188	XAUUSD	M5	4477.11						4477.83886878	4479.94531198	0
1780501488	XAUUSD	M5	4474.76						4475.31095857	4477.62813527	0
1780501788	XAUUSD	M5	4471.57						4473.14283369	4475.38548448	0
1780502088	XAUUSD	M5	4473.47						4471.59857619	4473.49203034	0
1780502388	XAUUSD	M5	4471.43						4470.71235054	4472.10219044	0
1780502688	XAUUSD	M5	4470.19						4470.47954655	4471.29086849	0
1780502988	XAUUSD	M5	4469.56						4470.73697898	4471.01392374	0
1780503288	XAUUSD	M5	4470.84						4471.22283059	4471.11837716	1
1780503588	XAUUSD	M5	4470.62						4471.59130237	4471.35483976	0
1780503888	XAUUSD	M5	4473.50						4471.57886030	4471.46685003	0
1780504188	XAUUSD	M5	4472.34						4470.96149526	4471.21417265	1
1780504488	XAUUSD	M5	4468.64						4469.75519239	4470.48468252	0
1780504788	XAUUSD	M5	4468.49						4468.17194773	4469.32831513	0
1780505088	XAUUSD	M5	4465.02						4466.45354535	4467.89093024	0
1780505388	XAUUSD	M5	4466.91						4464.93770067	4466.41431545	0
1780505688	XAUUSD	M5	4462.01						4463.80916314	4465.11173930	0
1780505988	XAUUSD	M5	4466.04						4463.29509088	4464.20341509	0
1780506288	XAUUSD	M5	4463.32						4463.28307637	4463.74324573	0
1780506588	XAUUSD	M5	4456.99						4463.67800829	4463.71062701	0
1780506888	XAUUSD	M5	4466.98						4464.36132401	4464.03597551	1
1780507188	XAUUSD	M5	4465.20						4464.81973169	4464.42785360	0
1780507488	XAUUSD	M5	4466.13						4464.86409554	4464.64597457	0
1780507788	XAUUSD	M5	4468.28						4464.37582969	4464.51090213	1
1780508088	XAUUSD	M5	4460.26						4463.37371640	4463.94230927	0
1780508388	XAUUSD	M5	4462.53						4462.24596615	4463.09413771	0
1780508688	XAUUSD	M5	4459.48						4461.21029738	4462.15221754	0
1780508988	XAUUSD	M5	4462.94						4460.57854600	4461.36538177	0
1780509288	XAUUSD	M5	4460.57						4460.43554026	4460.90046101	0
1780509588	XAUUSD	M5	4459.13						4460.88293782	4460.89169942	0
1780509888	XAUUSD	M5	4458.39						4461.86220687	4461.37695314	1
1780510188	XAUUSD	M5	4463.05						4463.17091817	4462.27393565	0
1780510488	XAUUSD	M5	4465.23						4464.42352615	4463.34873090	0
1780510788	XAUUSD	M5	4468.98						4465.28460450	4464.31666770	0
1780511088	XAUUSD	M5	4469.58				4472.13000		4465.46302287	4464.88984529	0
1780511388	XAUUSD	M5	4463.59						4464.87393487	4464.88189008	1
1780511688	XAUUSD	M5	4463.45						4463.72513906	4464.30351457	0
1780511988	XAUUSD	M5	4456.18						4462.19806561	4463.25079009	0
1780512288	XAUUSD	M5	4461.50						4460.66899408	4461.95989208	0
1780512588	XAUUSD	M5	4458.39						4459.20493433	4460.58241321	0
1780512888	XAUUSD	M5	4458.77						4457.99599869	4459.28920595	0
1780513188	XAUUSD	M5	4458.91						4457.09018828	4458.18969711	0
1780513488	XAUUSD	M5	4459.71						4456.47871992	4457.33420852	0
1780513788	XAUUSD	M5	4453.30						4456.09267579	4456.71344216	0
1780514088	XAUUSD	M5	4457.67						4455.97676014	4456.34510115	0
1780514388	XAUUSD	M5	4455.19						4455.92018555	4456.13264335	0
1780514688	XAUUSD	M5	4455.31						4455.86396973	4455.99830654	0
1780514988	XAUUSD	M5	4454.03						4455.72118205	4455.85974429	0
1780515288	XAUUSD	M5	4451.51						4455.45304602	4455.65639516	0
1780515588	XAUUSD	M5	4457.27						4455.08785843	4455.37212679	0
1780515888	XAUUSD	M5	4456.67						4454.51088150	4454.94150414	0
1780516188	XAUUSD	M5	4455.65						4453.76905142	4454.35527778	0
1780516488	XAUUSD	M5	4456.48						4452.96523486	4453.66025632	0
1780516788	XAUUSD	M5	4454.30						4452.16018375	4452.91022004	0
1780517088	XAUUSD	M5	4444.86						4451.45124397	4452.18073201	0
1780517388	XAUUSD	M5	4444.00						4451.03870915	4451.60972058	0
1780517688	XAUUSD	M5	4451.17						4450.82997628	4451.21984843	0
1780517988	XAUUSD	M5	4456.92						4450.48993393	4450.85489118	0
1780518288	XAUUSD	M5	4451.34						4449.71973037	4450.28731077	0
1780518588	XAUUSD	M5	4450.16						4448.56187242	4449.42459160	0
1780518888	XAUUSD	M5	4447.84						4447.07748395	4448.25103777	0
1780519188	XAUUSD	M5	4439.55						4445.48436621	4446.86770199	0
1780519488	XAUUSD	M5	4441.97						4444.22836922	4445.54803561	0
1780519788	XAUUSD	M5	4446.94					4439.04000	4443.54982221	4444.54892891	0
1780520088	XAUUSD	M5	4446.76						4443.60360421	4444.07626656	0
1780520388	XAUUSD	M5	4447.02						4444.56358231	4444.31992443	1
1780520688	XAUUSD	M5	4443.47						4446.45428771	4445.38710607	0
1780520988	XAUUSD	M5	4443.12						4449.19697286	4447.29203947	0
1780521288	XAUUSD	M5	4447.95						4452.48495265	4449.88849606	0
1780521588	XAUUSD	M5	4461.69						4455.77786304	4452.83317955	0
1780521888	XAUUSD	M5	4463.00						4458.35848955	4455.59583455	0
1780522188	XAUUSD	M5	4462.56						4459.91601496	4457.75592475	0
1780522488	XAUUSD	M5	4456.93						4460.40461460	4459.08026968	0
1780522788	XAUUSD	M5	4459.82						4460.11552639	4459.59789803	0
1780523088	XAUUSD	M5	4460.12						4459.31366951	4459.45578377	1
1780523388	XAUUSD	M5	4458.99						4458.38135429	4458.91856903	0
1780523688	XAUUSD	M5	4454.19						4457.71573506	4458.31715204	0
1780523988	XAUUSD	M5	4455.90						4457.67303659	4457.99509431	0
1780524288	XAUUSD	M5	4459.23						4458.29027737	4458.14268584	1
1780524588	XAUUSD	M5	4459.01						4459.39205520	4458.76737052	0
1780524888	XAUUSD	M5	4464.48						4460.74769767	4459.75753410	0
1780525188	XAUUSD	M5	4463.29				4468.06000		4461.97163482	4460.86458446	0
1780525488	XAUUSD	M5	4462.07						4462.88523878	4461.87491162	0
1780525788	XAUUSD	M5	4460.99						4463.43935422	4462.65713292	0
1780526088	XAUUSD	M5	4462.74						4463.66915940	4463.16314616	0
1780526388	XAUUSD	M5	4464.58						4463.63643966	4463.39979291	0
1780526688	XAUUSD	M5	4465.99						4463.43742614	4463.41860952	0
1780526988	XAUUSD	M5	4463.39						4463.16131440	4463.28996196	1
1780527288	XAUUSD	M5	4460.28						4462.92686479	4463.10841337	0
1780527588	XAUUSD	M5	4462.18						4462.78364752	4462.94603045	0
1780527888	XAUUSD	M5	4462.52						4462.57996975	4462.76300010	0
1780528188	XAUUSD	M5	4462.40						4462.13965340	4462.45132675	0
1780528488	XAUUSD	M5	4463.76						4461.31219750	4461.88176212	0
1780528788	XAUUSD	M5	4458.35						4459.99023288	4460.93599750	0
1780529088	XAUUSD	M5	4458.90						4458.33829496	4459.63714623	0
1780529388	XAUUSD	M5	4456.25						4456.53409850	4458.08562236	0
1780529688	XAUUSD	M5	4457.98						4454.92195179	4456.50378708	0
1780529988	XAUUSD	M5	4452.80						4453.79087905	4455.14733307	0
1780530288	XAUUSD	M5	4451.50						4453.53813433	4454.34273370	0
1780530588	XAUUSD	M5	4449.46						4454.32806297	4454.33539834	0
1780530888	XAUUSD	M5	4459.18						4456.12291421	4455.22915627	1
1780531188	XAUUSD	M5	4461.29						4458.41434568	4456.82175098	0
1780531488	XAUUSD	M5	4460.61				4467.19000		4460.70040971	4458.76108034	0
1780531788	XAUUSD	M5	4460.45						4462.47799141	4460.61953587	0
1780532088	XAUUSD	M5	4463.32						4463.25468500	4461.93711044	0
1780532388	XAUUSD	M5	4462.82						4462.62333807	4462.28022425	0
1780532688	XAUUSD	M5	4462.34						4460.48914688	4461.38468557	1
1780532988	XAUUSD	M5	4457.41						4457.03034011	4459.20751284	0
1780533288	XAUUSD	M5	4450.23						4452.76229253	4455.98490268	0
1780533588	XAUUSD	M5	4448.59						4448.40353854	4452.19422061	0
1780533888	XAUUSD	M5	4448.37						4444.56981479	4448.38201770	0
1780534188	XAUUSD	M5	4448.69						4441.73494456	4445.05848113	0
1780534488	XAUUSD	M5	4427.39						4440.17603044	4442.61725578	0
1780534788	XAUUSD	M5	4437.22					4426.50000	4440.39036738	4441.50381158	0
1780535088	XAUUSD	M5	4444.55						4441.90117367	4441.70249263	1
1780535388	XAUUSD	M5	4445.91						4444.09449048	4442.89849155	0
1780535688	XAUUSD	M5	4445.97						4446.43941776	4444.66895465	0
1780535988	XAUUSD	M5	4450.40						4448.51817327	4446.59356396	0
1780536288	XAUUSD	M5	4454.49						4450.00257151	4448.29806774	0
1780536588	XAUUSD	M5	4448.98						4450.78228738	4449.54017756	0
1780536888	XAUUSD	M5	4449.68						4451.14709303	4450.34363530	0
1780537188	XAUUSD	M5	4451.99						4451.34299873	4450.84331701	0
1780537488	XAUUSD	M5	4449.22						4451.56574318	4451.20453010	0
1780537788	XAUUSD	M5	4451.69						4452.02570829	4451.61511919	0
1780538088	XAUUSD	M5	4448.28						4452.66814590	4452.14163255	0
1780538388	XAUUSD	M5	4454.11						4453.41570174	4452.77866714	0
1780538688	XAUUSD	M5	4458.90				4459.61000		4453.87775429	4453.32821072	0
1780538988	XAUUSD	M5	4457.14						4453.67659086	4453.50240079	0
1780539288	XAUUSD	M5	4452.95						4452.68467200	4453.09353639	1
1780539588	XAUUSD	M5	4449.35						4450.97469824	4452.03411732	0
1780539888	XAUUSD	M5	4445.94						4448.76187057	4450.39799394	0
1780540188	XAUUSD	M5	4445.71						4446.36249229	4448.38024312	0
1780540488	XAUUSD	M5	4443.10						4444.08173349	4446.23098830	0
1780540788	XAUUSD	M5	4444.75						4442.24809692	4444.23954261	0
1780541088	XAUUSD	M5	4441.05						4440.99234794	4442.61594527	0
1780541388	XAUUSD	M5	4439.08						4440.42353028	4441.51973778	0
1780541688	XAUUSD	M5	4440.10						4440.46947997	4440.99460887	0
1780541988	XAUUSD	M5	4441.77						4440.87159535	4440.93310211	0
1780542288	XAUUSD	M5	4441.23						4441.30853085	4441.12081648	1
1780542588	XAUUSD	M5	4442.27						4441.53606466	4441.32844057	0
1780542888	XAUUSD	M5	4442.79						4441.35842500	4441.34343279	0
1780543188	XAUUSD	M5	4439.44						4440.71943519	4441.03143399	1
1780543488	XAUUSD	M5	4439.23						4439.77771109	4440.40457254	0
1780543788	XAUUSD	M5	4438.66						4438.73193814	4439.56825534	0
1780544088	XAUUSD	M5	4436.23						4437.79846599	4438.68336066	0
1780544388	XAUUSD	M5	4437.65					4433.81000	4437.22165294	4437.95250680	0
1780544688	XAUUSD	M5	4440.19						4437.10241125	4437.52745903	0
1780544988	XAUUSD	M5	4436.25						4437.42675684	4437.47710793	0
1780545288	XAUUSD	M5	4438.99						4438.24140174	4437.85925484	1
1780545588	XAUUSD	M5	4437.94						4439.36381679	4438.61153582	0
1780545888	XAUUSD	M5	4438.05						4440.65251145	4439.63202363	0
1780546188	XAUUSD	M5	4441.90						4441.91887632	4440.77544997	0
1780546488	XAUUSD	M5	4444.63						4442.90038373	4441.83791685	0
1780546788	XAUUSD	M5	4447.06				4448.42000		4443.41469657	4442.62630671	0
1780547088	XAUUSD	M5	4441.87						4443.36267184	4442.99448928	0
1780547388	XAUUSD	M5	4442.48						4442.90569034	4442.95008981	1
1780547688	XAUUSD	M5	4442.06						4442.12786833	4442.53897907	0
1780547988	XAUUSD	M5	4439.03						4441.17444430	4441.85671168	0
1780548288	XAUUSD	M5	4440.01						4440.26127528	4441.05899348	0
1780548588	XAUUSD	M5	4440.21						4439.48845173	4440.27372261	0
1780548888	XAUUSD	M5	4440.54						4438.92199233	4439.59785747	0
1780549188	XAUUSD	M5	4438.23						4438.56907229	4439.08346488	0
1780549488	XAUUSD	M5	4437.96						4438.44251112	4438.76298800	0
1780549788	XAUUSD	M5	4439.00						4438.46790468	4438.61544634	0
1780550088	XAUUSD	M5	4439.46						4438.52535022	4438.57039828	0
1780550388	XAUUSD	M5	4437.43						4438.53313682	4438.55176755	0
1780550688	XAUUSD	M5	4436.88					4435.50000	4438.49403753	4438.52290254	0
1780550988	XAUUSD	M5	4438.04						4438.41996776	4438.47143515	0
1780551288	XAUUSD	M5	4438.93						4438.33241459	4438.40192487	0
1780551588	XAUUSD	M5	4440.19						4438.29822430	4438.35007458	0
1780551888	XAUUSD	M5	4438.78						4438.40404662	4438.37706060	1
1780552188	XAUUSD	M5	4438.54						4438.80400489	4438.59053274	0
1780552488	XAUUSD	M5	4440.00						4439.59566917	4439.09310096	0
1780552788	XAUUSD	M5	4439.95						4440.78429357	4439.93869726	0
1780553088	XAUUSD	M5	4440.30						4442.34124267	4441.13996997	0
1780553388	XAUUSD	M5	4442.05						4444.15339444	4442.64668220	0
1780553688	XAUUSD	M5	4449.17						4446.01802782	4444.33235501	0
1780553988	XAUUSD	M5	4447.81						4447.59859066	4445.96547284	0
1780554288	XAUUSD	M5	4449.77						4448.79686774	4447.38117029	0
1780554588	XAUUSD	M5	4451.51						4449.49158663	4448.43637846	0
1780554888	XAUUSD	M5	4448.05				4452.26000		4449.63980802	4449.03809324	0
1780555188	XAUUSD	M5	4448.03						4449.37786911	4449.20798117	0
1780555488	XAUUSD	M5	4448.45						4448.78989485	4448.99893801	1
1780555788	XAUUSD	M5	4447.87						4447.96916459	4448.48405130	0
1780556088	XAUUSD	M5	4446.89						4447.01283651	4447.74844391	0
1780556388	XAUUSD	M5	4446.85						4446.00251871	4446.87548131	0
1780556688	XAUUSD	M5	4445.57						4444.94958387	4445.91253259	0
1780556988	XAUUSD	M5	4444.09						4443.85800569	4444.88526914	0
1780557288	XAUUSD	M5	4442.16						4442.72080951	4443.80303933	0
1780557588	XAUUSD	M5	4441.34						4441.53705656	4442.67004794	0
1780557888	XAUUSD	M5	4439.96						4440.29977359	4441.48491077	0
1780558188	XAUUSD	M5	4437.65						4439.03681871	4440.26086474	0
1780558488	XAUUSD	M5	4439.59						4437.81946841	4439.04016658	0
1780558788	XAUUSD	M5	4439.10						4436.64038761	4437.84027709	0
1780559088	XAUUSD	M5	4433.84						4435.54981338	4436.69504524	0
1780559388	XAUUSD	M5	4434.01						4434.68347849	4435.68926186	0
1780559688	XAUUSD	M5	4433.47						4434.02902399	4434.85914293	0
1780559988	XAUUSD	M5	4431.63						4433.55063140	4434.20488716	0
1780560288	XAUUSD	M5	4434.06						4433.21085428	4433.70787072	0
1780560588	XAUUSD	M5	4434.46						4432.88624172	4433.29705622	0
1780564488	XAUUSD	M5	4432.38						4432.52721686	4432.91213654	0
1780564788	XAUUSD	M5	4434.97						4432.19994871	4432.55604263	0
1780565088	XAUUSD	M5	4431.94						4431.93122136	4432.24363199	0
1780565388	XAUUSD	M5	4427.63					4424.01000	4431.91366357	4432.07864778	0
1780565688	XAUUSD	M5	4430.30						4432.37861835	4432.22863307	1
1780565988	XAUUSD	M5	4434.53						4433.36319994	4432.79591651	0
1780566288	XAUUSD	M5	4439.90						4434.80687266	4433.80139458	0
1780566588	XAUUSD	M5	4436.28						4436.54625862	4435.17382660	0
1780566888	XAUUSD	M5	4436.91						4438.57143805	4436.87263233	0
1780567188	XAUUSD	M5	4438.78						4440.73201943	4438.80232588	0
1780567488	XAUUSD	M5	4439.65						4442.83824158	4440.82028373	0
1780567788	XAUUSD	M5	4448.95						4444.74348865	4442.78188619	0
1780568088	XAUUSD	M5	4446.51						4446.17981033	4444.48084826	0
1780568388	XAUUSD	M5	4448.32						4447.23319647	4445.85702237	0
1780568688	XAUUSD	M5	4447.70						4447.98421693	4446.92061965	0
1780568988	XAUUSD	M5	4447.93						4448.63903098	4447.77982531	0
1780569288	XAUUSD	M5	4449.36						4449.38188155	4448.58085343	0
1780569588	XAUUSD	M5	4450.74						4450.34550463	4449.46317903	0
1780569888	XAUUSD	M5	4451.21						4451.58313249	4450.52315576	0
1780570188	XAUUSD	M5	4450.41						4453.08292919	4451.80304247	0
1780570488	XAUUSD	M5	4453.67						4454.76568336	4453.28436292	0
1780570788	XAUUSD	M5	4459.31						4456.37467745	4454.82952018	0
1780571088	XAUUSD	M5	4459.56						4457.57566168	4456.20259093	0
1780571388	XAUUSD	M5	4457.39						4458.17730533	4457.18994813	0
1780571688	XAUUSD	M5	4460.15						4458.11014152	4457.65004483	0
1780571988	XAUUSD	M5	4456.17						4457.28651833	4457.46828158	1
1780572288	XAUUSD	M5	4453.18						4455.86233741	4456.66530950	0
1780572588	XAUUSD	M5	4455.41						4454.04740292	4455.35635621	0
1780572888	XAUUSD	M5	4449.84						4451.99476831	4453.67556226	0
1780573188	XAUUSD	M5	4450.57						4450.07523491	4451.87539858	0
1780573488	XAUUSD	M5	4451.02						4448.53636394	4450.20588126	0
1780573788	XAUUSD	M5	4446.62						4447.61619321	4448.91103724	0
1780574088	XAUUSD	M5	4448.30						4447.59510137	4448.25306931	0
1780574388	XAUUSD	M5	4449.95						4448.53121474	4448.39214202	1
1780574688	XAUUSD	M5	4451.11						4450.36732975	4449.37973589	0
1780574988	XAUUSD	M5	4448.54						4452.93419314	4451.15696451	0
1780575288	XAUUSD	M5	4453.77					4443.41000	4456.04395378	4453.60045915	0
1780575588	XAUUSD	M5	4459.50						4459.27565487	4456.43805701	0
1780575888	XAUUSD	M5	4464.55						4462.20720701	4459.32263201	0
1780576188	XAUUSD	M5	4464.58						4464.49595161	4461.90929181	0
1780576488	XAUUSD	M5	4469.74				4473.57000		4466.02036948	4463.96483065	0
1780576788	XAUUSD	M5	4465.94						4466.66658922	4465.31570993	0
1780577088	XAUUSD	M5	4465.89						4466.63102481	4465.97336737	0
1780577388	XAUUSD	M5	4468.49						4466.10753652	4466.04045194	0
1780577688	XAUUSD	M5	4459.32						4465.24029465	4465.64037330	1
1780577988	XAUUSD	M5	4466.20						4464.39528970	4465.01783150	0
1780578288	XAUUSD	M5	4461.44						4463.51328550	4464.26555850	0
1780578588	XAUUSD	M5	4465.68						4462.72405349	4463.49480600	0
1780578888	XAUUSD	M5	4462.32						4461.91999913	4462.70740256	0
1780579188	XAUUSD	M5	4458.29						4461.16609584	4461.93674920	0
1780579488	XAUUSD	M5	4463.11						4460.58503492	4461.26089206	0
1780579788	XAUUSD	M5	4461.81						4460.14949786	4460.70519496	0
1780580088	XAUUSD	M5	4460.24						4460.02491461	4460.36505478	0
1780580388	XAUUSD	M5	4460.53						4460.40563267	4460.38534373	1
1780580688	XAUUSD	M5	4460.98						4461.41227916	4460.89881144	0
1780580988	XAUUSD	M5	4458.00						4463.07487054	4461.98684099	0
1780581288	XAUUSD	M5	4462.49						4465.38287057	4463.68485578	0
1780581588	XAUUSD	M5	4470.31						4468.01959274	4465.85222426	0
1780581888	XAUUSD	M5	4474.40						4470.50485830	4468.17854128	0
1780582188	XAUUSD	M5	4475.18						4472.44373269	4470.31113698	0
1780582488	XAUUSD	M5	4472.77						4473.57214299	4471.94163999	0
1780582788	XAUUSD	M5	4474.15						4473.81260395	4472.87712197	0
1780583088	XAUUSD	M5	4472.05						4473.14198544	4473.00955370	0
1780583388	XAUUSD	M5	4469.72						4471.72601982	4472.36778676	1
1780583688	XAUUSD	M5	4467.78						4469.83154887	4471.09966781	0
1780583988	XAUUSD	M5	4469.23						4467.74748842	4469.42357812	0
1780584288	XAUUSD	M5	4467.70						4465.68544169	4467.55450990	0
1780584588	XAUUSD	M5	4465.23						4463.88050617	4465.71750804	0
1780584888	XAUUSD	M5	4461.06						4462.54772704	4464.13261754	0
1780585188	XAUUSD	M5	4459.79						4461.89700560	4463.01481157	0
1780585488	XAUUSD	M5	4463.45						4462.02724143	4462.52102650	0
1780585788	XAUUSD	M5	4463.88						4462.86719983	4462.69411316	1
1780586088	XAUUSD	M5	4464.03						4464.37719717	4463.53565517	0
1780586388	XAUUSD	M5	4463.94						4466.47837413	4465.00701465	0
1780586688	XAUUSD	M5	4471.08						4469.05363603	4467.03032534	0
1780586988	XAUUSD	M5	4471.71						4471.79575227	4469.41303880	0
1780587288	XAUUSD	M5	4474.19						4474.50534714	4471.95919297	0
1780587588	XAUUSD	M5	4474.79						4476.94955957	4474.45437627	0
1780587888	XAUUSD	M5	4480.57						4478.95400807	4476.70419217	0
1780588188	XAUUSD	M5	4481.13						4480.28492218	4478.49455718	0
1780588488	XAUUSD	M5	4482.71				4484.08000		4480.90622208	4479.70038963	0
1780588788	XAUUSD	M5	4479.51						4480.83035014	4480.26536989	0
1780589088	XAUUSD	M5	4479.78						4480.24286717	4480.25411853	1
1780589388	XAUUSD	M5	4480.85						4479.29583246	4479.77497549	0
1780589688	XAUUSD	M5	4477.51						4478.12190930	4478.94844240	0
1780589988	XAUUSD	M5	4473.86						4476.92482199	4477.93663219	0
1780590288	XAUUSD	M5	4477.09						4475.86423650	4476.90043435	0
1780590588	XAUUSD	M5	4476.38						4474.88395624	4475.89219530	0
1780590888	XAUUSD	M5	4472.74						4473.97547788	4474.93383659	0
1780591188	XAUUSD	M5	4473.40						4473.18947425	4474.06165542	0
1780591488	XAUUSD	M5	4473.65						4472.49100782	4473.27633162	0
1780591788	XAUUSD	M5	4471.32						4471.87191507	4472.57412335	0
1780592088	XAUUSD	M5	4474.74						4471.40503834	4471.98958084	0
1780592388	XAUUSD	M5	4467.50						4471.05600745	4471.52279415	0
1780592688	XAUUSD	M5	4469.31						4471.01292433	4471.26785924	0
1780592988	XAUUSD	M5	4469.24						4471.23069387	4471.24927655	0
1780593288	XAUUSD	M5	4473.63						4471.64514623	4471.44721139	1
1780593588	XAUUSD	M5	4475.98						4472.05790358	4471.75255748	0
1780593888	XAUUSD	M5	4474.14						4472.31352917	4472.03304333	0
1780594188	XAUUSD	M5	4469.32						4472.36552218	4472.19928275	0
1780594488	XAUUSD	M5	4468.07						4472.26900540	4472.23414408	0
1780594788	XAUUSD	M5	4472.25						4472.02148166	4472.12781287	1
1780595088	XAUUSD	M5	4474.97						4471.53942209	4471.83361748	0
1780595388	XAUUSD	M5	4473.07						4470.81068798	4471.32215273	0
1780595688	XAUUSD	M5	4469.34						4469.96366741	4470.64291007	0
1780595988	XAUUSD	M5	4467.05						4469.17278536	4469.90784771	0
1780596288	XAUUSD	M5	4467.73						4468.54705803	4469.22745287	0
1780596588	XAUUSD	M5	4467.78						4468.07343870	4468.65044578	0
1780596888	XAUUSD	M5	4470.21						4467.69988900	4468.17516739	0
1780597188	XAUUSD	M5	4465.79						4467.27996871	4467.72756805	0
1780597488	XAUUSD	M5	4464.15						4466.82332892	4467.27544848	0
1780597788	XAUUSD	M5	4469.31						4466.29592657	4466.78568753	0
1780598088	XAUUSD	M5	4465.99						4465.55617896	4466.17093324	0
1780598388	XAUUSD	M5	4465.20						4464.70504820	4465.43799072	0
1780598688	XAUUSD	M5	4463.76						4463.84543055	4464.64171064	0
1780598988	XAUUSD	M5	4463.57						4463.11623589	4463.87897326	0
1780599288	XAUUSD	M5	4461.38						4462.61110484	4463.24503905	0
1780599588	XAUUSD	M5	4461.34						4462.41092848	4462.82798376	0
1780599888	XAUUSD	M5	4461.55						4462.49055063	4462.65926720	0
1780600188	XAUUSD	M5	4461.73						4462.75906682	4462.70916701	1
1780600488	XAUUSD	M5	4465.84						4463.08336237	4462.89626469	0
1780600788	XAUUSD	M5	4465.76						4463.24875107	4463.07250788	0
1780601088	XAUUSD	M5	4460.84						4463.18399609	4463.12825198	0
1780601388	XAUUSD	M5	4464.09						4462.99137277	4463.05981238	1
1780601688	XAUUSD	M5	4459.84						4462.66733566	4462.86357402	0
1780601988	XAUUSD	M5	4463.51					4458.51000	4462.41012056	4462.63684729	0
1780602288	XAUUSD	M5	4464.65						4462.24772933	4462.44228831	0
1780602588	XAUUSD	M5	4460.67						4462.24215247	4462.34222039	0
1780602888	XAUUSD	M5	4463.44						4462.51860206	4462.43041123	1
1780603188	XAUUSD	M5	4460.17						4463.00018406	4462.71529764	0
1780603488	XAUUSD	M5	4463.55						4463.68150636	4463.19840200	0
1780603788	XAUUSD	M5	4463.35						4464.37484844	4463.78662522	0
1780604088	XAUUSD	M5	4467.27						4464.97027655	4464.37845088	0
1780604388	XAUUSD	M5	4468.52						4465.33829397	4464.85837243	0
1780604688	XAUUSD	M5	4463.50						4465.49048403	4465.17442823	0
1780604988	XAUUSD	M5	4466.08						4465.64971568	4465.41207195	0
1780605288	XAUUSD	M5	4466.07						4465.89067616	4465.65137406	0
1780605588	XAUUSD	M5	4464.70						4466.33443254	4465.99290330	0
1780605888	XAUUSD	M5	4466.70						4467.07254175	4466.53272252	0
1780606188	XAUUSD	M5	4467.32						4468.05641132	4467.29456692	0
1780606488	XAUUSD	M5	4468.05						4469.17332918	4468.23394805	0
1780606788	XAUUSD	M5	4470.82						4470.24460638	4469.23927722	0
1780607088	XAUUSD	M5	4475.03						4471.02045306	4470.12986514	0
1780607388	XAUUSD	M5	4470.41						4471.26712803	4470.69849658	0
1780607688	XAUUSD	M5	4470.13						4471.04722089	4470.87285874	0
1780607988	XAUUSD	M5	4469.53						4470.44040151	4470.65663012	1
1780608288	XAUUSD	M5	4471.29						4469.62710152	4470.14186582	0
1780608588	XAUUSD	M5	4468.84						4468.78915510	4469.46551046	0
1780608888	XAUUSD	M5	4467.06						4468.20051374	4468.83301210	0
1780609188	XAUUSD	M5	4467.68						4468.05764812	4468.44533011	0
1780609488	XAUUSD	M5	4467.86						4468.40423527	4468.42478269	0
1780609788	XAUUSD	M5	4469.14						4469.17066326	4468.79772298	1
1780610088	XAUUSD	M5	4471.32						4470.18111951	4469.48942124	0
1780610388	XAUUSD	M5	4471.40						4471.21845717	4470.35393921	0
1780610688	XAUUSD	M5	4471.09						4472.14127534	4471.24760727	0
1780610988	XAUUSD	M5	4473.72						4472.93187951	4472.08974339	0
1780611288	XAUUSD	M5	4472.25						4473.62868724	4472.85921532	0
1780611588	XAUUSD	M5	4477.56						4474.48536429	4473.67228981	0
1780611888	XAUUSD	M5	4473.53						4475.68203200	4474.67716090	0
1780612188	XAUUSD	M5	4477.91						4477.59432064	4476.13574077	0
1780612488	XAUUSD	M5	4478.88						4480.32784157	4478.23179117	0
1780612788	XAUUSD	M5	4489.58						4483.89476337	4481.06327727	0
1780613088	XAUUSD	M5	4485.26						4487.89387882	4484.47857805	0
1780613388	XAUUSD	M5	4487.90						4492.09151865	4488.28504835	0
1780613688	XAUUSD	M5	4491.51						4496.01282806	4492.14893820	0
1780613988	XAUUSD	M5	4501.28						4499.16639595	4495.65766708	0
1780614288	XAUUSD	M5	4503.83						4501.03549318	4498.34658013	0
1780614588	XAUUSD	M5	4511.65				4514.80000		4501.49771348	4499.92214681	0
1780614888	XAUUSD	M5	4497.24						4500.58616249	4500.25415465	0
1780615188	XAUUSD	M5	4498.29						4499.06545679	4499.65980572	1
1780615488	XAUUSD	M5	4493.89						4497.46963194	4498.56471883	0
1780615788	XAUUSD	M5	4492.47						4496.41598100	4497.49034992	0
1780616088	XAUUSD	M5	4497.45						4496.28350009	4496.88692500	0
1780616388	XAUUSD	M5	4498.87						4497.05605242	4496.97148871	1
1780616688	XAUUSD	M5	4499.19						4498.55883439	4497.76516155	0
1780616988	XAUUSD	M5	4498.94						4500.46252670	4499.11384413	0
1780617288	XAUUSD	M5	4502.12						4502.39069973	4500.75227193	0
1780617588	XAUUSD	M5	4505.07						4503.94299148	4502.34763171	0
1780617888	XAUUSD	M5	4508.45						4504.88829917	4503.61796544	0
1780618188	XAUUSD	M5	4504.15						4505.19806984	4504.40801764	0
1780618488	XAUUSD	M5	4505.12						4505.18775897	4504.79788830	0
1780618788	XAUUSD	M5	4504.82						4505.13659690	4504.96724260	0
1780619088	XAUUSD	M5	4503.18						4505.31110815	4505.13917538	0
1780619388	XAUUSD	M5	4507.86						4505.88183251	4505.51050394	0
1780619688	XAUUSD	M5	4504.81						4506.69072775	4506.10061585	0
1780619988	XAUUSD	M5	4504.66						4507.57948833	4506.84005209	0
1780620288	XAUUSD	M5	4506.46						4508.21938083	4507.52971646	0
1780620588	XAUUSD	M5	4509.28						4508.23233880	4507.88102763	0
1780620888	XAUUSD	M5	4514.99						4507.30044819	4507.59073791	1
1780621188	XAUUSD	M5	4510.02				4515.45000		4505.23988066	4506.41530929	0
1780621488	XAUUSD	M5	4498.64						4502.29458025	4504.35494477	0
1780621788	XAUUSD	M5	4495.70						4498.99406368	4501.67450422	0
1780622088	XAUUSD	M5	4495.51						4495.69305636	4498.68378029	0
1780622388	XAUUSD	M5	4490.05						4492.61280145	4495.64829087	0
1780622688	XAUUSD	M5	4487.79						4489.92821341	4492.78825214	0
1780622988	XAUUSD	M5	4487.57						4487.57606453	4490.18215834	0
1780623288	XAUUSD	M5	4485.20						4485.32224691	4487.75220262	0
1780623588	XAUUSD	M5	4486.14						4482.95917509	4485.35568886	0
1780623888	XAUUSD	M5	4484.21						4480.27250483	4482.81409684	0
1780624188	XAUUSD	M5	4480.22						4477.27980548	4480.04695116	0
1780624488	XAUUSD	M5	4474.55						4474.19356591	4477.12025854	0
1780624788	XAUUSD	M5	4466.53						4471.38828430	4474.25427142	0
1780625088	XAUUSD	M5	4464.08					4457.31000	4469.30729210	4471.78078176	0
1780625388	XAUUSD	M5	4465.93						4468.18278263	4469.98178220	0
1780625688	XAUUSD	M5	4470.34						4468.00472577	4468.99325398	0
1780625988	XAUUSD	M5	4470.31						4468.55068533	4468.77196965	0
1780626288	XAUUSD	M5	4471.91						4469.59215930	4469.18206448	1
1780626588	XAUUSD	M5	4473.55						4470.81864801	4470.00035625	0
1780626888	XAUUSD	M5	4470.85						4471.95001259	4470.97518442	0
1780627188	XAUUSD	M5	4470.87						4472.90174086	4471.93846264	0
1780627488	XAUUSD	M5	4471.87						4473.65352364	4472.79599314	0
1780627788	XAUUSD	M5	4477.10						4474.26164933	4473.52882124	0
1780628088	XAUUSD	M5	4472.73						4474.75597508	4474.14239816	0
1780628388	XAUUSD	M5	4474.41						4475.39639797	4474.76939806	0
1780628688	XAUUSD	M5	4477.98						4476.26059604	4475.51499705	0
1780628988	XAUUSD	M5	4477.37						4477.31369378	4476.41434542	0
1780629288	XAUUSD	M5	4476.36						4478.53778360	4477.47606451	0
1780629588	XAUUSD	M5	4482.62						4479.86508288	4478.67057369	0
1780629888	XAUUSD	M5	4479.09						4481.03456676	4479.85257023	0
1780630188	XAUUSD	M5	4483.30						4482.01666925	4480.93461974	0
1780630488	XAUUSD	M5	4484.32						4482.66179765	4481.79820870	0
1780630788	XAUUSD	M5	4483.56				4485.05000		4482.94791550	4482.37306210	0
1780631088	XAUUSD	M5	4480.67						4482.93097599	4482.65201904	0
1780631388	XAUUSD	M5	4481.94						4482.73025083	4482.69113494	0
1780631688	XAUUSD	M5	4481.46						4482.37655585	4482.53384539	1
1780631988	XAUUSD	M5	4481.68						4481.91274696	4482.22329618	0
1780632288	XAUUSD	M5	4481.78						4481.34176275	4481.78252947	0
1780632588	XAUUSD	M5	4482.85						4480.65960318	4481.22106632	0
1780632888	XAUUSD	M5	4481.47						4479.84460660	4480.53283646	0
1780633188	XAUUSD	M5	4479.61						4478.96035530	4479.74659588	0
1780633488	XAUUSD	M5	4475.99						4478.10731503	4478.92695546	0
1780633788	XAUUSD	M5	4475.57						4477.43955630	4478.18325588	0
1780634088	XAUUSD	M5	4475.46						4477.02881589	4477.60603588	0
1780634388	XAUUSD	M5	4476.97						4476.90477754	4477.25540671	0
1780634688	XAUUSD	M5	4479.86						4477.01921630	4477.13731151	0
1780634988	XAUUSD	M5	4478.19						4477.26625434	4477.20178292	1
1780635288	XAUUSD	M5	4476.86						4477.62857103	4477.41517698	0
1780635588	XAUUSD	M5	4478.70						4478.06648362	4477.74083030	0
1780635888	XAUUSD	M5	4478.43						4478.45795399	4478.09939214	0
1780636188	XAUUSD	M5	4478.20						4478.73274671	4478.41606942	0
1780636488	XAUUSD	M5	4477.22						4478.83014757	4478.62310850	0
1780636788	XAUUSD	M5	4477.46						4478.73006424	4478.67658637	0
1780637088	XAUUSD	M5	4478.87						4478.41314262	4478.54486449	1
1780637388	XAUUSD	M5	4478.73						4477.88519776	4478.21503113	0
1780637688	XAUUSD	M5	4480.25						4477.22307528	4477.71905320	0
1780637988	XAUUSD	M5	4478.23						4476.49954165	4477.10929742	0
1780638288	XAUUSD	M5	4473.76						4475.89018294	4476.49974018	0
1780638588	XAUUSD	M5	4473.70					4472.81000	4475.61096504	4476.05535261	0
1780638888	XAUUSD	M5	4474.36						4475.71851622	4475.88693441	0
1780639188	XAUUSD	M5	4475.47						4476.19293996	4476.03993719	1
1780639488	XAUUSD	M5	4477.99						4476.92887285	4476.48440502	0
1780639788	XAUUSD	M5	4478.13						4477.74954791	4477.11697647	0
1780640088	XAUUSD	M5	4481.46				4483.38000		4478.52437894	4477.82067770	0
1780640388	XAUUSD	M5	4478.50						4479.07595985	4478.44831877	0
1780640688	XAUUSD	M5	4478.22						4479.40931502	4478.92881690	0
1780640988	XAUUSD	M5	4478.80						4479.52938799	4479.22910244	0
1780641288	XAUUSD	M5	4479.32						4479.46597466	4479.34753855	0
1780641588	XAUUSD	M5	4480.20						4479.28400674	4479.31577265	1
1780641888	XAUUSD	M5	4478.78						4479.04823069	4479.18200167	0
1780642188	XAUUSD	M5	4479.14						4478.86650662	4479.02425414	0
1780642488	XAUUSD	M5	4478.07						4478.77775829	4478.90100622	0
1780642788	XAUUSD	M5	4478.48						4478.81802918	4478.85951770	0
1780643088	XAUUSD	M5	4478.48						4478.94931386	4478.90441578	1
1780643388	XAUUSD	M5	4480.73						4479.11150436	4479.00796007	0
1780643688	XAUUSD	M5	4479.76						4479.18565232	4479.09680619	0
1780643988	XAUUSD	M5	4479.50						4479.13216080	4479.11448350	0
1780644288	XAUUSD	M5	4477.97						4478.91479947	4479.01464149	1
1780644588	XAUUSD	M5	4477.76						4478.54138170	4478.77801159	0
1780644888	XAUUSD	M5	4477.75						4478.00454305	4478.39127732	0
1780645188	XAUUSD	M5	4477.75						4477.31817301	4477.85472516	0
1780645488	XAUUSD	M5	4475.97						4476.52801737	4477.19137127	0
1780645788	XAUUSD	M5	4476.20						4475.74710815	4476.46923971	0
1780646088	XAUUSD	M5	4475.15						4475.06550871	4475.76737421	0
1780646388	XAUUSD	M5	4474.79						4474.61262694	4475.19000058	0
1780646688	XAUUSD	M5	4475.81						4474.48407157	4474.83703607	0
1780646988	XAUUSD	M5	4475.40						4474.69600380	4474.76651994	0
1780650888	XAUUSD	M5	4473.89						4475.23819769	4475.00235881	1
1780651188	XAUUSD	M5	4474.90						4476.05752935	4475.52994408	0
1780651488	XAUUSD	M5	4475.38						4476.97604031	4476.25299219	0
1780651788	XAUUSD	M5	4477.89						4477.79658918	4477.02479069	0
1780652088	XAUUSD	M5	4479.46						4478.28438057	4477.65458563	0
1780652388	XAUUSD	M5	4478.96						4478.27207506	4477.96333034	0
1780652688	XAUUSD	M5	4478.22				4481.62000		4477.73304805	4477.84818920	1
1780652988	XAUUSD	M5	4479.09						4476.72302024	4477.28560472	0
1780653288	XAUUSD	M5	4475.18						4475.35091374	4476.31825923	0
1780653588	XAUUSD	M5	4473.55						4473.87497112	4475.09661517	0
1780653888	XAUUSD	M5	4469.73						4472.49106186	4473.79383852	0
1780654188	XAUUSD	M5	4469.48						4471.40465140	4472.59924496	0
1780654488	XAUUSD	M5	4470.09						4470.65274694	4471.62599595	0
1780654788	XAUUSD	M5	4471.77						4470.18041689	4470.90320642	0
1780655088	XAUUSD	M5	4471.12						4469.84710826	4470.37515734	0
1780655388	XAUUSD	M5	4470.00						4469.53662154	4469.95588944	0
1780655688	XAUUSD	M5	4471.61						4469.13983468	4469.54786206	0
1780655988	XAUUSD	M5	4469.39						4468.50953846	4469.02870026	0
1780656288	XAUUSD	M5	4465.76						4467.63173184	4468.33021605	0
1780656588	XAUUSD	M5	4463.75						4466.56141111	4467.44581358	0
1780656888	XAUUSD	M5	4463.41						4465.34719456	4466.39650407	0
1780657188	XAUUSD	M5	4464.04						4464.01216047	4465.20433227	0
1780657488	XAUUSD	M5	4464.38						4462.57268190	4463.88850709	0
1780657788	XAUUSD	M5	4461.82						4461.06465706	4462.47658208	0
1780658088	XAUUSD	M5	4462.22						4459.61990994	4461.04824601	0
1780658388	XAUUSD	M5	4461.45						4458.33383293	4459.69103947	0
1780658688	XAUUSD	M5	4455.32						4457.33343951	4458.51223949	0
1780658988	XAUUSD	M5	4452.31						4456.85935297	4457.68579623	0
1780659288	XAUUSD	M5	4454.52						4457.03352160	4457.35965891	0
1780659588	XAUUSD	M5	4457.64						4457.79534965	4457.57750428	1
1780659888	XAUUSD	M5	4460.48						4458.99347657	4458.28549043	0
1780660188	XAUUSD	M5	4464.33						4460.42781131	4459.35665087	0
1780660488	XAUUSD	M5	4463.09						4461.83914855	4460.59789971	0
1780660788	XAUUSD	M5	4461.51						4463.07744719	4461.83767345	0
1780661088	XAUUSD	M5	4465.17						4464.01529480	4462.92648412	0
1780661388	XAUUSD	M5	4459.64						4464.43261251	4463.67954832	0
1780661688	XAUUSD	M5	4466.08						4464.35304327	4464.01629579	0
1780661988	XAUUSD	M5	4464.37				4469.91000		4463.57488345	4463.79558962	1
1780662288	XAUUSD	M5	4460.44						4462.13899849	4462.96729406	0
1780662588	XAUUSD	M5	4462.94						4460.20281020	4461.58505213	0
1780662888	XAUUSD	M5	4455.37						4457.83142754	4459.70823983	0
1780663188	XAUUSD	M5	4458.50						4455.35713821	4457.53268902	0
1780663488	XAUUSD	M5	4453.99						4452.88578982	4455.20923942	0
1780663788	XAUUSD	M5	4449.70						4450.69316097	4452.95120020	0
1780664088	XAUUSD	M5	4446.01						4449.01892192	4450.98506106	0
1780664388	XAUUSD	M5	4446.61						4448.02060454	4449.50283280	0
1780664688	XAUUSD	M5	4450.60						4447.67107038	4448.58695159	0
1780664988	XAUUSD	M5	4446.96						4447.77464248	4448.18079703	0
1780665288	XAUUSD	M5	4449.43						4448.24599002	4448.21339353	1
1780665588	XAUUSD	M5	4447.48						4448.82643298	4448.51991325	0
1780665888	XAUUSD	M5	4449.51						4449.34778955	4448.93385140	0
1780666188	XAUUSD	M5	4447.57						4449.58429625	4449.25907383	0
1780666488	XAUUSD	M5	4452.98						4449.45545704	4449.35726543	0
1780666788	XAUUSD	M5	4451.28						4448.79257743	4449.07492143	1
1780667088	XAUUSD	M5	4445.03						4447.67507029	4448.37499586	0
1780667388	XAUUSD	M5	4445.12						4446.33978736	4447.35739161	0
1780667688	XAUUSD	M5	4442.98						4444.90326003	4446.13032582	0
1780667988	XAUUSD	M5	4445.66						4443.51812428	4444.82422505	0
1780668288	XAUUSD	M5	4443.25						4442.19740799	4443.51081652	0
1780668588	XAUUSD	M5	4440.55						4441.02805376	4442.26943514	0
1780668888	XAUUSD	M5	4438.40						4440.07615567	4441.17279540	0
1780669188	XAUUSD	M5	4439.94						4439.38086264	4440.27682902	0
1780669488	XAUUSD	M5	4441.01						4438.88883033	4439.58282967	0
1780669788	XAUUSD	M5	4438.58						4438.57667285	4439.07975126	0
1780670088	XAUUSD	M5	4437.45					4435.20000	4438.50762934	4438.79369030	0
1780670388	XAUUSD	M5	4436.76						4438.71656621	4438.75512825	0
1780670688	XAUUSD	M5	4439.81						4439.21289912	4438.98401369	1
1780670988	XAUUSD	M5	4440.49						4439.87111514	4439.42756441	0
1780671288	XAUUSD	M5	4441.06						4440.58567018	4440.00661730	0
1780671588	XAUUSD	M5	4441.27						4441.23787068	4440.62224399	0
1780671888	XAUUSD	M5	4440.77						4441.70674654	4441.16449526	0
1780672188	XAUUSD	M5	4442.45						4441.91308845	4441.53879185	0
1780672488	XAUUSD	M5	4442.57						4441.77858533	4441.65868859	0
1780672788	XAUUSD	M5	4440.59						4441.33290207	4441.49579533	1
1780673088	XAUUSD	M5	4441.65						4440.72642792	4441.11111163	0
1780673388	XAUUSD	M5	4439.35						4440.09443979	4440.60277571	0
1780673688	XAUUSD	M5	4439.71						4439.65400119	4440.12838845	0
1780673988	XAUUSD	M5	4439.71						4439.54308402	4439.83573624	0
1780674288	XAUUSD	M5	4439.53						4439.85136210	4439.84354917	1
1780674588	XAUUSD	M5	4441.69						4440.58666776	4440.21510846	0
1780674888	XAUUSD	M5	4440.74						4441.62924371	4440.92217609	0
1780675188	XAUUSD	M5	4441.21						4442.87013223	4441.89615416	0
1780675488	XAUUSD	M5	4444.19						4444.14570424	4443.02092920	0
1780675788	XAUUSD	M5	4444.93						4445.24487769	4444.13290344	0
1780676088	XAUUSD	M5	4447.66				4450.02000		4446.06295026	4445.09792685	0
1780676388	XAUUSD	M5	4447.39						4446.52302975	4445.81047830	0
1780676688	XAUUSD	M5	4449.05						4446.67065043	4446.24056436	0
1780676988	XAUUSD	M5	4445.49						4446.53725269	4446.38890853	0
1780677288	XAUUSD	M5	4445.01						4446.26356268	4446.32623560	1
1780677588	XAUUSD	M5	4444.76						4445.89449918	4446.11036739	0
1780677888	XAUUSD	M5	4442.76						4445.42325408	4445.76681074	0
1780678188	XAUUSD	M5	4445.49						4444.84510572	4445.30595823	0
1780678488	XAUUSD	M5	4443.53						4444.04446724	4444.67521273	0
1780678788	XAUUSD	M5	4447.53						4443.04702251	4443.86111762	0
1780679088	XAUUSD	M5	4443.57						4441.81658992	4442.83885377	0
1780679388	XAUUSD	M5	4440.00						4440.57550244	4441.70717811	0
1780679688	XAUUSD	M5	4437.56						4439.58762794	4440.64740302	0
1780679988	XAUUSD	M5	4440.30						4439.09609574	4439.87174938	0
1780680288	XAUUSD	M5	4436.64						4439.17947088	4439.52561013	0
1780680588	XAUUSD	M5	4436.70					4428.84000	4439.97089976	4439.74825495	1
1780680888	XAUUSD	M5	4444.14						4441.41533749	4440.58179622	0
1780681188	XAUUSD	M5	4442.37						4443.20923496	4441.89551559	0
1780681488	XAUUSD	M5	4446.67						4445.22210180	4443.55880869	0
1780681788	XAUUSD	M5	4448.40						4447.21402793	4445.38641831	0
1780682088	XAUUSD	M5	4448.41						4449.07247937	4447.22944884	0
1780682388	XAUUSD	M5	4453.60						4450.80529316	4449.01737100	0
1780682688	XAUUSD	M5	4451.17						4452.39225114	4450.70481107	0
1780682988	XAUUSD	M5	4452.81						4454.02766290	4452.36623698	0
1780683288	XAUUSD	M5	4454.69						4455.80374158	4454.08498928	0
1780683588	XAUUSD	M5	4457.38						4457.73621169	4455.91060048	0
1780683888	XAUUSD	M5	4458.50						4459.72619067	4457.81839558	0
1780684188	XAUUSD	M5	4461.71						4461.62343237	4459.72091397	0
1780684488	XAUUSD	M5	4464.13						4463.18398880	4461.45245139	0
1780684788	XAUUSD	M5	4467.11						4464.19113679	4462.82179409	0
1780685088	XAUUSD	M5	4466.12						4464.49652921	4463.65916165	0
1780685388	XAUUSD	M5	4461.99						4464.16001337	4463.90958751	0
1780685688	XAUUSD	M5	4462.10						4463.42903868	4463.66931310	1
1780685988	XAUUSD	M5	4462.71						4462.53141069	4463.10036190	0
1780686288	XAUUSD	M5	4461.81						4461.70586323	4462.40311256	0
1780686588	XAUUSD	M5	4460.88						4461.17599784	4461.78955520	0
1780686888	XAUUSD	M5	4461.56						4461.07605208	4461.43280364	0
1780687188	XAUUSD	M5	4460.75						4461.39030893	4461.41155629	0
1780687488	XAUUSD	M5	4461.10						4462.02170815	4461.71663222	1
1780687788	XAUUSD	M5	4463.00						4462.78080753	4462.24871988	0
1780688088	XAUUSD	M5	4463.73						4463.42508108	4462.83690048	0
1780688388	XAUUSD	M5	4466.82						4463.79736537	4463.31713292	0
1780688688	XAUUSD	M5	4463.42						4463.77881202	4463.54797247	0
1780688988	XAUUSD	M5	4461.94						4463.50073525	4463.52435386	1
1780689288	XAUUSD	M5	4461.88						4463.11588219	4463.32011803	0
1780689588	XAUUSD	M5	4463.55						4462.78575291	4463.05293547	0
1780689888	XAUUSD	M5	4463.84						4462.60386693	4462.82840120	0
1780690188	XAUUSD	M5	4462.68						4462.63604083	4462.73222102	0
1780690488	XAUUSD	M5	4461.01						4462.91782499	4462.82502300	1
1780690788	XAUUSD	M5	4460.79						4463.42872553	4463.12687427	0
1780691088	XAUUSD	M5	4466.03						4464.07221623	4463.59954525	0
1780691388	XAUUSD	M5	4467.68				4469.44000		4464.61598528	4464.10776526	0
1780691688	XAUUSD	M5	4466.70						4464.93567781	4464.52172154	0
1780691988	XAUUSD	M5	4462.94						4465.03052780	4464.77612467	0
1780692288	XAUUSD	M5	4463.74						4465.02050347	4464.89831407	0
1780692588	XAUUSD	M5	4463.36						4464.95584175	4464.92707791	0
1780692888	XAUUSD	M5	4465.96						4464.90612796	4464.91660294	1
1780693188	XAUUSD	M5	4465.32						4464.85765729	4464.88713011	0
1780693488	XAUUSD	M5	4465.55						4464.83942591	4464.86327801	0
1780693788	XAUUSD	M5	4464.90						4464.84691230	4464.85509516	0
1780694088	XAUUSD	M5	4463.51						4464.87933270	4464.86721393	1
1780694388	XAUUSD	M5	4464.84						4464.95797034	4464.91259213	0
1780694688	XAUUSD	M5	4465.18						4465.04390230	4464.97824722	0
1780694988	XAUUSD	M5	4465.41						4465.11218886	4465.04521804	0
1780695288	XAUUSD	M5	4467.20						4465.15820803	4465.10171303	0
1780695588	XAUUSD	M5	4465.99						4465.17046070	4465.13608687	0
1780695888	XAUUSD	M5	4462.95						4465.19164379	4465.16386533	0
1780696188	XAUUSD	M5	4463.25						4465.27131345	4465.21758939	0
1780696488	XAUUSD	M5	4464.56						4465.36562831	4465.29160885	0
1780696788	XAUUSD	M5	4466.78						4465.39903406	4465.34532145	0
1780697088	XAUUSD	M5	4466.26						4465.28788899	4465.31660522	1
1780697388	XAUUSD	M5	4467.02						4465.04587748	4465.18124135	0
1780697688	XAUUSD	M5	4463.90						4464.68552771	4464.93338453	0
1780697988	XAUUSD	M5	4466.84						4464.32756950	4464.63047702	0
1780698288	XAUUSD	M5	4461.42						4463.96982206	4464.30014954	0
1780698588	XAUUSD	M5	4461.79						4463.77438068	4464.03726511	0
1780698888	XAUUSD	M5	4461.59						4463.75177954	4463.89452232	0
1780699188	XAUUSD	M5	4466.09						4463.90520743	4463.89986488	1
1780699488	XAUUSD	M5	4465.32						4464.16263356	4464.03124922	0
1780699788	XAUUSD	M5	4463.40						4464.57657614	4464.30391268	0
1780700088	XAUUSD	M5	4464.95						4465.25207278	4464.77799273	0
1780700388	XAUUSD	M5	4466.95						4466.22064627	4465.49931950	0
1780700688	XAUUSD	M5	4471.96						4467.45253485	4466.47592717	0
1780700988	XAUUSD	M5	4470.13						4468.77970237	4467.62781477	0
1780701288	XAUUSD	M5	4465.28						4470.05125485	4468.83953481	0
1780701588	XAUUSD	M5	4467.73						4471.04256064	4469.94104773	0
1780701888	XAUUSD	M5	4469.28						4471.23344161	4470.58724467	0
1780702188	XAUUSD	M5	4472.87						4470.06964242	4470.32844354	1
1780702488	XAUUSD	M5	4468.57				4475.64000		4467.03654685	4468.68249519	0
1780702788	XAUUSD	M5	4465.15						4462.01607616	4465.34928568	0
1780703088	XAUUSD	M5	4453.22						4455.17651824	4460.26290196	0
1780703388	XAUUSD	M5	4443.95						4447.19066454	4453.72678325	0
1780703688	XAUUSD	M5	4445.81						4438.88638342	4446.30658333	0
1780703988	XAUUSD	M5	4440.16						4430.90825922	4438.60742128	0
1780704288	XAUUSD	M5	4417.00						4423.96250033	4431.28496080	0
1780704588	XAUUSD	M5	4406.35						4418.88873574	4425.08684827	0
1780704888	XAUUSD	M5	4411.96						4415.85250277	4420.46967552	0
1780705188	XAUUSD	M5	4416.50						4414.25234694	4417.36101123	0
1780705488	XAUUSD	M5	4418.53						4413.23395511	4415.29748317	0
1780705788	XAUUSD	M5	4417.53						4411.92889166	4413.61318741	0
1780706088	XAUUSD	M5	4409.93						4409.67952005	4411.64635373	0
1780706388	XAUUSD	M5	4405.16						4406.26606671	4408.95621022	0
1780706688	XAUUSD	M5	4404.97						4401.73933250	4405.34777136	0
1780706988	XAUUSD	M5	4392.30						4396.32488425	4400.83632781	0
1780707288	XAUUSD	M5	4389.52						4390.67654856	4395.75643818	0
1780707588	XAUUSD	M5	4383.77						4385.22638051	4390.49140935	0
1780707888	XAUUSD	M5	4385.08						4380.32819398	4385.40980166	0
1780708188	XAUUSD	M5	4365.81						4375.97198898	4380.69089532	0
1780708488	XAUUSD	M5	4372.32						4372.40682118	4376.54885825	0
1780708788	XAUUSD	M5	4374.74						4369.19248423	4372.87067124	0
1780709088	XAUUSD	M5	4366.17						4365.99396560	4369.43231842	0
1780709388	XAUUSD	M5	4369.46						4362.87139490	4366.15185666	0
1780709688	XAUUSD	M5	4357.52						4359.80756472	4362.97971069	0
1780709988	XAUUSD	M5	4361.01						4357.29318680	4360.13644874	0
1780710288	XAUUSD	M5	4353.06						4355.54952730	4357.84298802	0
1780710588	XAUUSD	M5	4348.61						4354.99970460	4356.42134631	0
1780710888	XAUUSD	M5	4349.26						4355.78841531	4356.10488081	0
1780711188	XAUUSD	M5	4356.58						4357.66413095	4356.88450588	1
1780711488	XAUUSD	M5	4362.96						4359.96977474	4358.42714031	0
1780711788	XAUUSD	M5	4369.70						4361.93354112	4360.18034071	0
1780712088	XAUUSD	M5	4368.46						4362.80518021	4361.49276046	0
1780712388	XAUUSD	M5	4362.16						4362.21827518	4361.85551782	0
1780712688	XAUUSD	M5	4353.29						4360.20315244	4361.02933513	1
1780712988	XAUUSD	M5	4355.34						4357.12784795	4359.07859154	0
1780713288	XAUUSD	M5	4352.82						4353.32881495	4356.20370324	0
1780713588	XAUUSD	M5	4351.89						4349.34421691	4352.77396008	0
1780713888	XAUUSD	M5	4346.92						4345.62595379	4349.19995693	0
1780714188	XAUUSD	M5	4340.15						4342.55218452	4345.87607073	0
1780714488	XAUUSD	M5	4338.81						4340.31814602	4343.09710837	0
1780714788	XAUUSD	M5	4339.23						4338.78318342	4340.94014590	0
1780715088	XAUUSD	M5	4340.99						4337.61354562	4339.27684576	0
1780715388	XAUUSD	M5	4335.51						4336.42600900	4337.85142738	0
1780715688	XAUUSD	M5	4334.14						4335.08692373	4336.46917555	0
1780715988	XAUUSD	M5	4332.83						4333.52826004	4334.99871780	0
1780716288	XAUUSD	M5	4333.58						4331.87465763	4333.43668771	0
1780716588	XAUUSD	M5	4330.50						4330.33582659	4331.88625715	0
1780716888	XAUUSD	M5	4328.59						4329.26605829	4330.57615772	0
1780717188	XAUUSD	M5	4329.73						4328.95320225	4329.76467999	0
1780717488	XAUUSD	M5	4328.76					4323.64000	4329.50767365	4329.63617682	0
1780717788	XAUUSD	M5	4331.87						4330.89704648	4330.26661165	1
1780718088	XAUUSD	M5	4327.87						4332.84778669	4331.55719917	0
1780718388	XAUUSD	M5	4333.99						4335.16204601	4333.35962259	0
1780718688	XAUUSD	M5	4338.16						4337.37994090	4335.36978174	0
1780718988	XAUUSD	M5	4344.61						4339.17270459	4337.27124317	0
1780719288	XAUUSD	M5	4344.23						4340.28683172	4338.77903744	0
1780719588	XAUUSD	M5	4339.10						4340.80534959	4339.79219352	0
1780719888	XAUUSD	M5	4339.56						4341.04013845	4340.41616599	0
1780720188	XAUUSD	M5	4338.42						4341.21153466	4340.81385032	0
1780720488	XAUUSD	M5	4339.17						4341.51048747	4341.16216890	0
1780720788	XAUUSD	M5	4342.45						4341.97182203	4341.56699546	0
1780721088	XAUUSD	M5	4343.12						4342.43304438	4342.00001992	0
1780721388	XAUUSD	M5	4345.12						4342.69275084	4342.34638538	0
1780721688	XAUUSD	M5	4341.28				4347.32000		4342.47147403	4342.40892970	0
1780721988	XAUUSD	M5	4339.94						4341.64337754	4342.02615362	1
1780722288	XAUUSD	M5	4343.45						4340.10407895	4341.06511628	0
1780722588	XAUUSD	M5	4341.68						4337.77392919	4339.41952274	0
1780722888	XAUUSD	M5	4333.58						4334.83956025	4337.12954149	0
1780723188	XAUUSD	M5	4329.99						4331.74562780	4334.43758465	0
1780723488	XAUUSD	M5	4323.31						4328.86032411	4331.64895438	0
1780723788	XAUUSD	M5	4326.24						4326.54656382	4329.09775910	0
1780724088	XAUUSD	M5	4327.31						4324.81874593	4326.95825251	0
1780724388	XAUUSD	M5	4325.94						4323.59795206	4325.27810229	0
1780724688	XAUUSD	M5	4325.10						4322.76245176	4324.02027702	0
1780724988	XAUUSD	M5	4320.38						4322.13592187	4323.07809945	0
1780725288	XAUUSD	M5	4318.16						4321.63364358	4322.35587151	0
1780725588	XAUUSD	M5	4321.70						4321.15661770	4321.75624461	0
1780725888	XAUUSD	M5	4320.66						4320.58339072	4321.16981766	0
1780726188	XAUUSD	M5	4322.37						4319.99386510	4320.58184138	0
1780726488	XAUUSD	M5	4320.86						4319.47490684	4320.02837411	0
1780726788	XAUUSD	M5	4319.85						4319.19000666	4319.60919038	0
1780727088	XAUUSD	M5	4315.37						4319.24438114	4319.42678576	0
1780727388	XAUUSD	M5	4318.53						4319.73285362	4319.57981969	1
1780727688	XAUUSD	M5	4319.19						4320.45817733	4320.01899851	0
1780727988	XAUUSD	M5	4323.85						4321.18973764	4320.60436808	0
1780728288	XAUUSD	M5	4322.93						4321.58845362	4321.09641085	0
1780728588	XAUUSD	M5	4322.24						4321.48274832	4321.28957958	0
1780728888	XAUUSD	M5	4318.85						4320.81300813	4321.05129385	1
1780729188	XAUUSD	M5	4320.78						4319.70437235	4320.37783310	0
1780729488	XAUUSD	M5	4318.33						4318.29115866	4319.33449588	0
1780729788	XAUUSD	M5	4318.75						4316.89410705	4318.11430147	0
1780730088	XAUUSD	M5	4313.73						4315.79346828	4316.95388487	0
1780730388	XAUUSD	M5	4314.04						4315.35419426	4316.15403957	0
1780730688	XAUUSD	M5	4315.59						4315.70764103	4315.93084030	0
1780730988	XAUUSD	M5	4315.45						4316.81803785	4316.37443908	1
1780731288	XAUUSD	M5	4319.86						4318.54517925	4317.45980916	0
1780731588	XAUUSD	M5	4322.47						4320.54700592	4319.00340754	0
1780731888	XAUUSD	M5	4322.48						4322.49929631	4320.75135192	0
1780732188	XAUUSD	M5	4323.10						4324.17500116	4322.46317654	0
1780732488	XAUUSD	M5	4324.13						4325.40550200	4323.93433927	0
1780732788	XAUUSD	M5	4327.47						4326.11348491	4325.02391209	0
1780733088	XAUUSD	M5	4327.66						4326.25355901	4325.63873555	0
1780733388	XAUUSD	M5	4328.74						4325.93673868	4325.78773712	0
1780910088	XAUUSD	M5	4320.90				4336.07000		4325.30843871	4325.54808791	1
1780910388	XAUUSD	M5	4319.03					4310.29000	4324.71283600	4325.13046196	0
1780910688	XAUUSD	M5	4330.05						4324.30641809	4324.71844002	0
1780910988	XAUUSD	M5	4327.66						4323.88243349	4324.30043676	0
1780911288	XAUUSD	M5	4323.06						4323.48517749	4323.89280713	0
1780911588	XAUUSD	M5	4316.74						4323.19336104	4323.54308408	0
1780911888	XAUUSD	M5	4323.38						4323.11158427	4323.32733418	0
1780912188	XAUUSD	M5	4325.88						4323.06889960	4323.19811689	0
1780912488	XAUUSD	M5	4326.26						4323.02184057	4323.10997873	0
1780912788	XAUUSD	M5	4322.59						4323.03405725	4323.07201799	0
1780913088	XAUUSD	M5	4323.37						4323.28709875	4323.17955837	1
1780913388	XAUUSD	M5	4317.47						4323.85448025	4323.51701931	0
1780913688	XAUUSD	M5	4325.96						4324.93127612	4324.22414771	0
1780913988	XAUUSD	M5	4326.78						4326.33548426	4325.27981599	0
1780914288	XAUUSD	M5	4330.85						4328.01159494	4326.64570546	0
1780914588	XAUUSD	M5	4331.38						4329.80944335	4328.22757440	0
1780914888	XAUUSD	M5	4330.21						4331.67046687	4329.94902064	0
1780915188	XAUUSD	M5	4334.02						4333.59384264	4331.77143164	0
1780915488	XAUUSD	M5	4333.84						4335.48293742	4333.62718453	0
1780915788	XAUUSD	M5	4336.73						4337.35556633	4335.49137543	0
1780916088	XAUUSD	M5	4338.96						4339.16384200	4337.32760872	0
1780916388	XAUUSD	M5	4341.97						4340.87064902	4339.09912887	0
1780916688	XAUUSD	M5	4343.42						4342.42091075	4340.76001981	0
1780916988	XAUUSD	M5	4343.96						4343.78197936	4342.27099958	0
1780917288	XAUUSD	M5	4344.88						4344.95794633	4343.61447296	0
1780917588	XAUUSD	M5	4345.37						4345.96406190	4344.78926743	0
1780917888	XAUUSD	M5	4343.65						4346.82827815	4345.80877279	0
1780918188	XAUUSD	M5	4347.71						4347.62160374	4346.71518827	0
1780918488	XAUUSD	M5	4351.27						4348.26274186	4347.48896506	0
1780918788	XAUUSD	M5	4351.37				4353.21000		4348.65238237	4348.07067372	0
1780919088	XAUUSD	M5	4349.14						4348.71533494	4348.39300433	0
1780919388	XAUUSD	M5	4347.66						4348.37606710	4348.38453571	1
1780919688	XAUUSD	M5	4345.29						4347.48715483	4347.93584527	0
1780919988	XAUUSD	M5	4342.42						4345.88948580	4346.91266554	0
1780920288	XAUUSD	M5	4341.58						4343.47537791	4345.19402172	0
1780920588	XAUUSD	M5	4342.43						4340.18969838	4342.69186005	0
1780920888	XAUUSD	M5	4339.22						4336.09583305	4339.39384655	0
1780921188	XAUUSD	M5	4336.65						4331.50539138	4335.44961897	0
1780921488	XAUUSD	M5	4327.14						4326.86342165	4331.15652031	0
1780921788	XAUUSD	M5	4318.23						4322.83244713	4326.99448372	0
1780922088	XAUUSD	M5	4321.86						4319.99880425	4323.49664398	0
1780922388	XAUUSD	M5	4314.77						4318.48307318	4320.98985858	0
1780922688	XAUUSD	M5	4315.21					4299.83000	4318.40691002	4319.69838430	0
1780922988	XAUUSD	M5	4317.13						4319.45947560	4319.57892995	0
1780923288	XAUUSD	M5	4326.20						4321.10369113	4320.34131054	1
1780923588	XAUUSD	M5	4323.55						4322.56915314	4321.45523184	0
1780923888	XAUUSD	M5	4324.37						4323.42451092	4322.43987138	0
1780924188	XAUUSD	M5	4325.44						4323.34691815	4322.89339476	0
1780924488	XAUUSD	M5	4322.83						4322.24297439	4322.56818458	1
1780924788	XAUUSD	M5	4319.05						4320.35321577	4321.46070018	0
1780925088	XAUUSD	M5	4316.75						4318.10557367	4319.78313692	0
1780925388	XAUUSD	M5	4312.15						4315.94730913	4317.86522302	0
1780925688	XAUUSD	M5	4316.43						4314.30305931	4316.08414117	0
1780925988	XAUUSD	M5	4315.09						4313.24649938	4314.66532027	0
1780926288	XAUUSD	M5	4309.55						4312.79454223	4313.72993125	0
1780926588	XAUUSD	M5	4311.83						4312.89058342	4313.31025734	0
1780926888	XAUUSD	M5	4315.99						4313.19908068	4313.25466901	0
1780927188	XAUUSD	M5	4317.38						4313.32099548	4313.28783225	1
1780927488	XAUUSD	M5	4312.04						4312.97745078	4313.13264151	1
1780927788	XAUUSD	M5	4310.65						4312.17746543	4312.65505347	0
1780928088	XAUUSD	M5	4311.21						4310.99062084	4311.82283715	0
1780928388	XAUUSD	M5	4308.35						4309.58558666	4310.70421191	0
1780928688	XAUUSD	M5	4304.81						4308.24312220	4309.47366706	0
1780928988	XAUUSD	M5	4307.51					4303.52000	4307.26347335	4308.36857020	0
1780929288	XAUUSD	M5	4310.42						4306.75389418	4307.56123219	0
1780929588	XAUUSD	M5	4307.23						4306.74199251	4307.15161235	0
1780929888	XAUUSD	M5	4307.04						4307.32733985	4307.23947610	1
1780930188	XAUUSD	M5	4307.62						4308.47981512	4307.85964561	0
1780930488	XAUUSD	M5	4309.95						4310.11462460	4308.98713511	0
1780930788	XAUUSD	M5	4312.35						4312.07098976	4310.52906244	0
1780931088	XAUUSD	M5	4314.95						4314.14727333	4312.33816788	0
1780931388	XAUUSD	M5	4316.92						4316.08938239	4314.21377513	0
1780931688	XAUUSD	M5	4315.19						4317.65955014	4315.93666264	0
1780931988	XAUUSD	M5	4318.09						4318.71072135	4317.32369199	0
1780932288	XAUUSD	M5	4318.68						4319.03232139	4318.17800669	0
1780932588	XAUUSD	M5	4318.62				4321.74000		4318.54703881	4318.36252275	0
1780932888	XAUUSD	M5	4317.90						4317.33276075	4317.84764175	1
1780933188	XAUUSD	M5	4319.96						4315.61263380	4316.73013778	0
1780933488	XAUUSD	M5	4313.46						4313.65447868	4315.19230823	0
1780933788	XAUUSD	M5	4311.12						4311.96643704	4313.57937264	0
1780934088	XAUUSD	M5	4307.82						4310.90262535	4312.24099899	0
1780934388	XAUUSD	M5	4310.11						4310.67073213	4311.45586556	0
1780934688	XAUUSD	M5	4311.65						4311.13193108	4311.29389832	0
1780934988	XAUUSD	M5	4312.80						4311.92381823	4311.60885828	1
1780935288	XAUUSD	M5	4315.21						4312.55445766	4312.08165797	0
1780935588	XAUUSD	M5	4310.36						4312.45263867	4312.26714832	0
1780935888	XAUUSD	M5	4305.19						4311.29304188	4311.78009510	1
1780936188	XAUUSD	M5	4309.41						4308.96204879	4310.37107195	0
1780936488	XAUUSD	M5	4311.31						4305.40992285	4307.89049740	0
1780936788	XAUUSD	M5	4311.93						4300.94330197	4304.41689968	0
1780937088	XAUUSD	M5	4287.02						4296.14505170	4300.28097569	0
1780937388	XAUUSD	M5	4291.39					4268.66000	4292.27527212	4296.27812390	0
1780937688	XAUUSD	M5	4287.87						4289.84863809	4293.06338100	0
1780937988	XAUUSD	M5	4286.72						4289.30900095	4291.18619098	0
1780938288	XAUUSD	M5	4289.61						4290.69604949	4290.94112023	0
1780938588	XAUUSD	M5	4291.94						4293.61113088	4292.27612556	1
1780938888	XAUUSD	M5	4303.65						4297.39542358	4294.83577457	0
1780939188	XAUUSD	M5	4302.48						4301.04680781	4297.94129119	0
1780939488	XAUUSD	M5	4303.37						4303.91317797	4300.92723458	0
1780939788	XAUUSD	M5	4303.18						4305.49424248	4303.21073853	0
1780940088	XAUUSD	M5	4308.41						4305.61575496	4304.41324674	0
1780940388	XAUUSD	M5	4305.75						4304.31298026	4304.36311350	1
1780940688	XAUUSD	M5	4299.29						4302.07796630	4303.22053990	0
1780940988	XAUUSD	M5	4296.56						4299.65356000	4301.43704995	0
1780941288	XAUUSD	M5	4298.41						4297.70860252	4299.57282623	0
1780941588	XAUUSD	M5	4297.44						4296.66989955	4298.12136289	0
1780941888	XAUUSD	M5	4297.89						4296.80913156	4297.46524723	0
1780942188	XAUUSD	M5	4300.07						4298.11167202	4297.78845963	1
1780942488	XAUUSD	M5	4299.24						4300.29055904	4299.03950933	0
1780942788	XAUUSD	M5	4300.61						4302.96650175	4301.00300554	0
1780943088	XAUUSD	M5	4305.33						4305.60803705	4303.30552129	0
1780943388	XAUUSD	M5	4306.26						4307.65925775	4305.48238952	0
1780943688	XAUUSD	M5	4314.11						4308.76586003	4307.12412478	0
1780943988	XAUUSD	M5	4306.16				4316.96000		4308.62328637	4307.87370557	0
1780944288	XAUUSD	M5	4308.17						4307.47022523	4307.67196540	1
1780944588	XAUUSD	M5	4307.81						4305.46949313	4306.57072927	0
1780944888	XAUUSD	M5	4301.77						4302.91047847	4304.74060387	0
1780945188	XAUUSD	M5	4298.57						4300.21392455	4302.47726421	0
1780945488	XAUUSD	M5	4296.56						4297.67383718	4300.07555070	0
1780945788	XAUUSD	M5	4294.50						4295.46052381	4297.76803725	0
1780946088	XAUUSD	M5	4293.29						4293.65555446	4295.71179586	0
1780946388	XAUUSD	M5	4294.65						4292.27246410	4293.99212998	0
1780946688	XAUUSD	M5	4291.84						4291.22111495	4292.60662247	0
1780946988	XAUUSD	M5	4292.80						4290.50457225	4291.55559736	0
1780947288	XAUUSD	M5	4288.89						4290.05950614	4290.80755175	0
1780947588	XAUUSD	M5	4288.16						4289.92764853	4290.36760014	0
1780947888	XAUUSD	M5	4291.37						4290.05010455	4290.20885234	0
1780948188	XAUUSD	M5	4287.55						4290.23819380	4290.22352307	1
1780948488	XAUUSD	M5	4290.79						4290.42845450	4290.32598879	0
1780948788	XAUUSD	M5	4291.17						4290.37824354	4290.35211616	0
1780949088	XAUUSD	M5	4288.45						4289.94661125	4290.14936371	1
1780949388	XAUUSD	M5	4288.78						4289.15049305	4289.64992838	0
1780949688	XAUUSD	M5	4290.83						4288.05472539	4288.85232688	0
1780949988	XAUUSD	M5	4285.28						4286.79106756	4287.82169722	0
1780950288	XAUUSD	M5	4289.02						4285.73707816	4286.77938769	0
1780950588	XAUUSD	M5	4287.97						4285.06007583	4285.91973176	0
1780950888	XAUUSD	M5	4286.53						4284.97397519	4285.44685347	0
1780951188	XAUUSD	M5	4279.87						4285.58350042	4285.51517695	1
1780951488	XAUUSD	M5	4273.98					4273.02000	4286.96008115	4286.23762905	0
1780951788	XAUUSD	M5	4293.84						4289.01600696	4287.62681801	0
1780952088	XAUUSD	M5	4293.68						4290.99786651	4289.31234226	0
1780952388	XAUUSD	M5	4301.13						4292.63341551	4290.97287888	0
1780952688	XAUUSD	M5	4293.67						4293.59753681	4292.28520785	0
1780952988	XAUUSD	M5	4294.31						4294.05262682	4293.16891733	0
1780953288	XAUUSD	M5	4290.57						4294.13522043	4293.65206888	0
1780953588	XAUUSD	M5	4294.92						4294.14406465	4293.89806677	0
1780953888	XAUUSD	M5	4294.59						4294.19230237	4294.04518457	0
1780954188	XAUUSD	M5	4290.16						4294.44035237	4294.24276847	0
1780954488	XAUUSD	M5	4291.39						4295.05706982	4294.64991914	0
1780954788	XAUUSD	M5	4293.83						4295.99045064	4295.32018489	0
1780955088	XAUUSD	M5	4304.01						4297.10588320	4296.21303405	0
1780955388	XAUUSD	M5	4299.93						4298.12749450	4297.17026427	0
1780955688	XAUUSD	M5	4304.93						4299.18796597	4298.17911512	0
1780955988	XAUUSD	M5	4300.61						4300.32700145	4299.25305829	0
1780956288	XAUUSD	M5	4298.55						4301.86506811	4300.55906320	0
1780956588	XAUUSD	M5	4302.06						4304.07422031	4302.31664176	0
1780956888	XAUUSD	M5	4300.05						4307.02212953	4304.66938564	0
1780957188	XAUUSD	M5	4306.20						4310.75396555	4307.71167560	0
1780957488	XAUUSD	M5	4318.58						4314.97175592	4311.34171576	0
1780957788	XAUUSD	M5	4326.93						4319.12324269	4315.23247922	0
1780958088	XAUUSD	M5	4324.92						4322.71556901	4318.97402412	0
1780958388	XAUUSD	M5	4325.31						4325.54149461	4322.25775936	0
1780958688	XAUUSD	M5	4330.01						4327.45666595	4324.85721266	0
1780958988	XAUUSD	M5	4325.51						4328.35703136	4326.60712201	0
1780959288	XAUUSD	M5	4324.05						4328.49074502	4327.54893351	0
1780959588	XAUUSD	M5	4323.95						4328.12990360	4327.83941855	0
1780959888	XAUUSD	M5	4326.76						4327.56104030	4327.70022943	1
1780960188	XAUUSD	M5	4331.28						4327.00220029	4327.35121486	0
1780960488	XAUUSD	M5	4330.85						4326.59010614	4326.97066050	0
1780960788	XAUUSD	M5	4330.66						4326.50024687	4326.73545368	0
1780961088	XAUUSD	M5	4322.88						4326.80073725	4326.76809547	1
1780961388	XAUUSD	M5	4325.20						4327.64656957	4327.20733252	0
1780961688	XAUUSD	M5	4329.15						4328.86015832	4328.03374542	0
1780961988	XAUUSD	M5	4330.13						4330.14326734	4329.08850638	0
1780962288	XAUUSD	M5	4328.27						4331.22486339	4330.15668488	0
1780962588	XAUUSD	M5	4330.10						4331.92867327	4331.04267908	0
1780962888	XAUUSD	M5	4335.74						4332.06097985	4331.55182946	0
1780963188	XAUUSD	M5	4332.68						4331.47518499	4331.51350723	1
1780963488	XAUUSD	M5	4330.01						4330.36610548	4330.93980636	0
1780963788	XAUUSD	M5	4333.10						4329.05240892	4329.99610764	0
1780964088	XAUUSD	M5	4328.74						4327.81142139	4328.90376451	0
1780964388	XAUUSD	M5	4324.46						4327.07762946	4327.99069699	0
1780964688	XAUUSD	M5	4323.84						4327.20023973	4327.59546836	0
1780964988	XAUUSD	M5	4325.41						4328.25785659	4327.92666247	1
1780965288	XAUUSD	M5	4331.79						4330.07557918	4329.00112083	0
1780965588	XAUUSD	M5	4331.33						4332.16439759	4330.58275921	0
1780965888	XAUUSD	M5	4333.45						4334.07801317	4332.33038619	0
1780966188	XAUUSD	M5	4341.20				4346.65000		4335.31373380	4333.82206000	0
1780966488	XAUUSD	M5	4336.42						4335.34821464	4334.58513732	0
1780966788	XAUUSD	M5	4332.54						4334.13728963	4334.36121347	1
1780967088	XAUUSD	M5	4334.15						4331.85710642	4333.10915995	0
1780967388	XAUUSD	M5	4326.79						4328.77703322	4330.94309658	0
1780967688	XAUUSD	M5	4322.59						4325.48540457	4328.21425058	0
1780967988	XAUUSD	M5	4320.64						4322.50822859	4325.36123958	0
1780968288	XAUUSD	M5	4319.56						4320.24321825	4322.80222891	0
1780968588	XAUUSD	M5	4321.81						4318.90509710	4320.85366301	0
1780968888	XAUUSD	M5	4318.69						4318.46283555	4319.65824928	0
1780969188	XAUUSD	M5	4320.06						4318.86827974	4319.26326451	0
1780969488	XAUUSD	M5	4322.14						4319.87175351	4319.56750901	1
1780969788	XAUUSD	M5	4319.87					4315.15000	4321.19060525	4320.37905713	0
1780970088	XAUUSD	M5	4322.57						4322.66753232	4321.52329472	0
1780970388	XAUUSD	M5	4317.76						4324.10386567	4322.81358019	0
1780970688	XAUUSD	M5	4326.33						4325.53132436	4324.17245228	0
1780970988	XAUUSD	M5	4331.06						4326.74864962	4325.46055095	0
1780971288	XAUUSD	M5	4329.00						4327.70210088	4326.58132591	0
1780971588	XAUUSD	M5	4328.58						4328.55117068	4327.56624830	0
1780971888	XAUUSD	M5	4325.45						4329.43152910	4328.49888870	0
1780972188	XAUUSD	M5	4331.78						4330.51683577	4329.50786223	0
1780972488	XAUUSD	M5	4335.38						4331.73137546	4330.61961885	0
1780972788	XAUUSD	M5	4330.68						4333.02300728	4331.82131306	0
1780973088	XAUUSD	M5	4332.26						4334.48248160	4333.15189733	0
1780973388	XAUUSD	M5	4336.68						4336.03050094	4334.59119913	0
1780973688	XAUUSD	M5	4339.41						4337.50645297	4336.04882605	0
1780973988	XAUUSD	M5	4335.43						4338.78769561	4337.41826083	0
1780974288	XAUUSD	M5	4342.82						4339.91599612	4338.66712848	0
1780974588	XAUUSD	M5	4341.94						4340.70394198	4339.68553523	0
1780974888	XAUUSD	M5	4341.30						4341.19969001	4340.44261262	0
1780975188	XAUUSD	M5	4339.79						4341.48112951	4340.96187106	0
1780975488	XAUUSD	M5	4340.96						4341.65581894	4341.30884500	0
1780975788	XAUUSD	M5	4342.79						4341.77264998	4341.54074749	0
1780976088	XAUUSD	M5	4341.13						4341.84450160	4341.69262454	0
1780976388	XAUUSD	M5	4340.95						4341.92549015	4341.80905735	0
1780976688	XAUUSD	M5	4342.62						4342.01198068	4341.91051901	0
1780976988	XAUUSD	M5	4341.23				4346.42000		4342.02854549	4341.96953225	0
1780977288	XAUUSD	M5	4343.94						4341.96076497	4341.96514861	1
1780977588	XAUUSD	M5	4345.20						4341.70510480	4341.83512670	0
1780977888	XAUUSD	M5	4338.13						4341.20614609	4341.52063640	0
1780978188	XAUUSD	M5	4340.75						4340.62217214	4341.07140427	0
1780978488	XAUUSD	M5	4337.90						4339.89816087	4340.48478257	0
1780978788	XAUUSD	M5	4338.51						4339.10899029	4339.79688643	0
1780979088	XAUUSD	M5	4338.82						4338.26667720	4339.03178182	0
1780979388	XAUUSD	M5	4338.32						4337.40136973	4338.21657578	0
1780979688	XAUUSD	M5	4335.62						4336.58984158	4337.40320868	0
1780979988	XAUUSD	M5	4339.15						4335.96977500	4336.68649184	0
1780980288	XAUUSD	M5	4335.57						4335.56220896	4336.12435040	0
1780980588	XAUUSD	M5	4335.02					4332.03000	4335.54704221	4335.83569630	0
1780980888	XAUUSD	M5	4334.10						4336.00750901	4335.92160266	1
1780981188	XAUUSD	M5	4337.05						4336.97035557	4336.44597911	0
1780981488	XAUUSD	M5	4336.76						4338.28697217	4337.36647564	0
1780981788	XAUUSD	M5	4339.26						4339.80658748	4338.58653156	0
1780982088	XAUUSD	M5	4343.87						4341.27596065	4339.93124611	0
1780982388	XAUUSD	M5	4343.53						4342.38230179	4341.15677395	0
1780982688	XAUUSD	M5	4341.33						4342.97004730	4342.06341062	0
1780982988	XAUUSD	M5	4342.33						4343.01085746	4342.53713404	0
1780983288	XAUUSD	M5	4343.89						4342.49842254	4342.51777829	1
1780983588	XAUUSD	M5	4342.66				4345.87000		4341.48440967	4342.00109398	0
1780983888	XAUUSD	M5	4340.71						4340.14859648	4341.07484523	0
1780984188	XAUUSD	M5	4337.20						4338.70349932	4339.88917228	0
1780984488	XAUUSD	M5	4336.74						4337.35554841	4338.62236034	0
1780984788	XAUUSD	M5	4334.57						4336.16673314	4337.39454674	0
1780985088	XAUUSD	M5	4334.32						4335.15190068	4336.27322371	0
1780985388	XAUUSD	M5	4334.61						4334.21811265	4335.24566818	0
1780985688	XAUUSD	M5	4337.00						4333.23689377	4334.24128097	0
1780985988	XAUUSD	M5	4332.50						4332.05810901	4333.14969499	0
1780986288	XAUUSD	M5	4329.87						4330.75558563	4331.95264031	0
1780986588	XAUUSD	M5	4328.82						4329.42981221	4330.69122626	0
1780986888	XAUUSD	M5	4326.76						4328.20314056	4329.44718341	0
1780987188	XAUUSD	M5	4327.76						4327.24286410	4328.34502376	0
1780987488	XAUUSD	M5	4327.32						4326.61442256	4327.47972316	0
1780987788	XAUUSD	M5	4325.92						4326.36329817	4326.92151066	0
1780988088	XAUUSD	M5	4325.18						4326.48046817	4326.70098942	0
1780988388	XAUUSD	M5	4327.19						4326.87129446	4326.78614194	1
1780988688	XAUUSD	M5	4328.39						4327.34016979	4327.06315586	0
1780988988	XAUUSD	M5	4326.76						4327.71631637	4327.38973612	0
1780989288	XAUUSD	M5	4329.64						4327.93282611	4327.66128111	0
1780989588	XAUUSD	M5	4327.83						4327.89439017	4327.77783564	0
1780989888	XAUUSD	M5	4328.24						4327.67510229	4327.72646896	1
1780990188	XAUUSD	M5	4325.89						4327.36059640	4327.54353268	0
1780990488	XAUUSD	M5	4326.99						4327.11821694	4327.33087481	0
1780990788	XAUUSD	M5	4326.52						4327.01202308	4327.17144895	0
1780991088	XAUUSD	M5	4327.86						4327.09158594	4327.13151744	0
1780991388	XAUUSD	M5	4327.63						4327.30535858	4327.21843801	1
1780991688	XAUUSD	M5	4326.28						4327.58736655	4327.40290228	0
1780991988	XAUUSD	M5	4327.40						4327.86320119	4327.63305173	0
1780992288	XAUUSD	M5	4329.21						4328.00270508	4327.81787841	0
1780992588	XAUUSD	M5	4329.82						4327.88925681	4327.85356761	0
1780996488	XAUUSD	M5	4326.71				4332.69000		4327.49312674	4327.67334717	1
1780996788	XAUUSD	M5	4326.95						4326.92821172	4327.30077945	0
1780997088	XAUUSD	M5	4325.29						4326.28411536	4326.79244740	0
1780997388	XAUUSD	M5	4324.60						4325.71312949	4326.25278845	0
1780997688	XAUUSD	M5	4326.06						4325.34195656	4325.79737250	0
1780997988	XAUUSD	M5	4325.13						4325.21742956	4325.50740103	0
1780998288	XAUUSD	M5	4325.58						4325.39009708	4325.44874905	0
1780998588	XAUUSD	M5	4325.84						4325.82916905	4325.63895905	1
1780998888	XAUUSD	M5	4327.42						4326.46299943	4326.05097924	0
1780999188	XAUUSD	M5	4326.94						4327.15289678	4326.60193801	0
1780999488	XAUUSD	M5	4328.08						4327.77950611	4327.19072206	0
1780999788	XAUUSD	M5	4327.79						4328.17775317	4327.68423761	0
1781000088	XAUUSD	M5	4327.61						4328.22153522	4327.95288642	0
1781000388	XAUUSD	M5	4326.60						4327.82336593	4327.88812618	1
1781000688	XAUUSD	M5	4327.63						4326.96956543	4327.42884580	0
1781000988	XAUUSD	M5	4327.40						4325.65856397	4326.54370489	0
1781001288	XAUUSD	M5	4325.15						4323.98015325	4325.26192907	0
1781001588	XAUUSD	M5	4320.46						4322.12302661	4323.69247784	0
1781001888	XAUUSD	M5	4317.98						4320.36430708	4322.02839246	0
1781002188	XAUUSD	M5	4321.80						4318.92113087	4320.47476167	0
1781002488	XAUUSD	M5	4319.60						4317.83151978	4319.15314072	0
1781002788	XAUUSD	M5	4313.69						4317.20567331	4318.17940702	0
1781003088	XAUUSD	M5	4317.07					4312.92000	4317.16770262	4317.67355482	0
1781003388	XAUUSD	M5	4317.91						4317.54842400	4317.61098941	0
1781003688	XAUUSD	M5	4317.39						4318.17614979	4317.89356960	1
1781003988	XAUUSD	M5	4318.58						4318.88130968	4318.38743964	0
1781004288	XAUUSD	M5	4322.74						4319.46548939	4318.92646452	0
1781004588	XAUUSD	M5	4320.18						4319.70641564	4319.31644008	0
1781004888	XAUUSD	M5	4318.80						4319.60832931	4319.46238469	0
1781005188	XAUUSD	M5	4316.82						4319.22710837	4319.34474653	1
1781005488	XAUUSD	M5	4318.92						4318.70279246	4319.02376949	0
1781005788	XAUUSD	M5	4319.03						4318.13512360	4318.57944655	0
1781006088	XAUUSD	M5	4318.44						4317.68242894	4318.13093774	0
1781006388	XAUUSD	M5	4317.00						4317.53261077	4317.83177426	0
1781006688	XAUUSD	M5	4315.79						4317.87213816	4317.85195621	1
1781006988	XAUUSD	M5	4319.86						4318.83932337	4318.34563979	0
1781007288	XAUUSD	M5	4321.26						4320.38582392	4319.36573185	0
1781007588	XAUUSD	M5	4325.19						4322.45812922	4320.91193054	0
1781007888	XAUUSD	M5	4324.10						4324.87935680	4322.89564367	0
1781008188	XAUUSD	M5	4324.04						4327.52969783	4325.21267075	0
1781008488	XAUUSD	M5	4327.56						4330.22768653	4327.72017864	0
1781008788	XAUUSD	M5	4335.33						4332.69093343	4330.20555603	0
1781009088	XAUUSD	M5	4337.31						4334.57030410	4332.38793007	0
1781009388	XAUUSD	M5	4335.61						4335.71577800	4334.05185403	0
1781009688	XAUUSD	M5	4335.74						4336.15698437	4335.10441920	0
1781009988	XAUUSD	M5	4334.08						4335.98481848	4335.54461884	0
1781010288	XAUUSD	M5	4336.70						4335.40413708	4335.47437796	1
1781010588	XAUUSD	M5	4336.53						4334.56774293	4335.02106045	0
1781010888	XAUUSD	M5	4332.86						4333.70742741	4334.36424393	0
1781011188	XAUUSD	M5	4331.07						4333.10738525	4333.73581459	0
1781011488	XAUUSD	M5	4332.91						4332.92649280	4333.33115369	0
1781011788	XAUUSD	M5	4332.68						4333.16521081	4333.24818225	0
1781012088	XAUUSD	M5	4334.61						4333.78555846	4333.51687035	1
1781012388	XAUUSD	M5	4335.60						4334.63267049	4334.07477042	0
1781012688	XAUUSD	M5	4335.53						4335.54076856	4334.80776949	0
1781012988	XAUUSD	M5	4335.22						4336.37581152	4335.59179051	0
1781013288	XAUUSD	M5	4338.43						4337.04530207	4336.31854629	0
1781013588	XAUUSD	M5	4337.70						4337.41824165	4336.86839397	0
1781013888	XAUUSD	M5	4338.75						4337.50736558	4337.18787978	0
1781014188	XAUUSD	M5	4336.03						4337.33531088	4337.26159533	0
1781014488	XAUUSD	M5	4331.95						4337.04195717	4337.15177625	1
1781014788	XAUUSD	M5	4338.41						4336.79021013	4336.97099319	0
1781015088	XAUUSD	M5	4338.71						4336.51171645	4336.74135482	0
1781015388	XAUUSD	M5	4339.72				4342.35000		4336.26847254	4336.50491368	0
1781015688	XAUUSD	M5	4334.90						4336.10777487	4336.30634427	0
1781015988	XAUUSD	M5	4336.80						4336.18545484	4336.24589956	0
1781016288	XAUUSD	M5	4333.67						4336.45712567	4336.35151262	1
1781016588	XAUUSD	M5	4335.36						4336.92933086	4336.64042174	0
1781016888	XAUUSD	M5	4337.55						4337.43918660	4337.03980417	0
1781017188	XAUUSD	M5	4338.62						4337.77980500	4337.40980459	0
1781017488	XAUUSD	M5	4339.51						4337.76420237	4337.58700348	0
1781017788	XAUUSD	M5	4336.61						4337.25050578	4337.41875463	1
1781018088	XAUUSD	M5	4335.52						4336.26469714	4336.84172588	0
1781018388	XAUUSD	M5	4337.36						4334.88783712	4335.86478150	0
1781018688	XAUUSD	M5	4332.25						4333.21335509	4334.53906830	0
1781018988	XAUUSD	M5	4329.97						4331.54672052	4333.04289441	0
1781019288	XAUUSD	M5	4331.23						4330.13266205	4331.58777823	0
1781019588	XAUUSD	M5	4330.49						4329.09252861	4330.34015342	0
1781019888	XAUUSD	M5	4325.42					4324.38000	4328.51843111	4329.42929227	0
1781020188	XAUUSD	M5	4329.96						4328.50511106	4328.96720166	0
1781020488	XAUUSD	M5	4328.15						4328.84646449	4328.90683308	0
1781020788	XAUUSD	M5	4329.25						4329.43782119	4329.17232713	1
1781021088	XAUUSD	M5	4327.53						4330.11599228	4329.64415971	0
1781021388	XAUUSD	M5	4332.31						4330.83275388	4330.23845679	0
1781021688	XAUUSD	M5	4336.16						4331.47862623	4330.85854151	0
1781021988	XAUUSD	M5	4332.51						4332.06558585	4331.46206368	0
1781022288	XAUUSD	M5	4331.40						4332.83815918	4332.15011143	0
1781022588	XAUUSD	M5	4333.51						4333.98304293	4333.06657718	0
1781022888	XAUUSD	M5	4333.41						4335.56435515	4334.31546617	0
1781023188	XAUUSD	M5	4332.58						4337.58663116	4335.95104866	0
1781023488	XAUUSD	M5	4342.78						4339.95862316	4337.95483591	0
1781023788	XAUUSD	M5	4343.14						4342.24952264	4340.10217927	0
1781024088	XAUUSD	M5	4348.25				4351.53000		4344.20048666	4342.15133297	0
1781024388	XAUUSD	M5	4346.59						4345.49045254	4343.82089275	0
1781024688	XAUUSD	M5	4345.52						4346.04970963	4344.93530119	0
1781024988	XAUUSD	M5	4343.48						4345.92006904	4345.42768512	0
1781025288	XAUUSD	M5	4344.55						4345.25617070	4345.34192791	1
1781025588	XAUUSD	M5	4344.10						4344.21327374	4344.77760082	0
1781025888	XAUUSD	M5	4341.43						4342.98182483	4343.87971282	0
1781026188	XAUUSD	M5	4343.03						4341.76753851	4342.82362567	0
1781026488	XAUUSD	M5	4344.78						4340.61904402	4341.72133484	0
1781026788	XAUUSD	M5	4338.72						4339.50067366	4340.61100425	0
1781027088	XAUUSD	M5	4333.88						4338.50134553	4339.55617489	0
1781027388	XAUUSD	M5	4337.90						4337.63418883	4338.59518186	0
1781027688	XAUUSD	M5	4336.73						4336.70141114	4337.64829650	0
1781027988	XAUUSD	M5	4339.42						4335.66085397	4336.65457523	0
1781028288	XAUUSD	M5	4335.32						4334.43450348	4335.54453936	0
1781028588	XAUUSD	M5	4330.65						4333.14908407	4334.34681171	0
1781028888	XAUUSD	M5	4331.73						4331.98621151	4333.16651161	0
1781029188	XAUUSD	M5	4332.51						4330.98482286	4332.07566723	0
1781029488	XAUUSD	M5	4327.41						4330.13787920	4331.10677322	0
1781029788	XAUUSD	M5	4328.84						4329.52904679	4330.31791000	0
1781030088	XAUUSD	M5	4330.11						4329.04241865	4329.68016433	0
1781030388	XAUUSD	M5	4331.06						4328.55028500	4329.11522466	0
1781030688	XAUUSD	M5	4326.64						4327.96014219	4328.53768343	0
1781030988	XAUUSD	M5	4325.67						4327.36312788	4327.95040565	0
1781031288	XAUUSD	M5	4328.43						4326.84556669	4327.39798617	0
1781031588	XAUUSD	M5	4326.47						4326.44540482	4326.92169549	0
1781031888	XAUUSD	M5	4328.70						4326.33204674	4326.62687112	0
1781032188	XAUUSD	M5	4326.56						4326.56766420	4326.59726766	0
1781032488	XAUUSD	M5	4323.18						4327.25063637	4326.92395201	1
1781032788	XAUUSD	M5	4326.61					4321.27000	4328.40865363	4327.66630282	0
1781033088	XAUUSD	M5	4331.70						4329.83297839	4328.74964061	0
1781033388	XAUUSD	M5	4332.46						4331.20763707	4329.97863884	0
1781033688	XAUUSD	M5	4331.98						4332.31375765	4331.14619824	0
1781033988	XAUUSD	M5	4334.38						4332.99919610	4332.07269717	0
1781034288	XAUUSD	M5	4331.19						4333.12968190	4332.60118954	0
1781034588	XAUUSD	M5	4334.45						4332.79940361	4332.70029657	0
1781034888	XAUUSD	M5	4335.05				4336.82000		4332.04764128	4332.37396893	1
1781035188	XAUUSD	M5	4328.20						4331.03757536	4331.70577214	0
1781035488	XAUUSD	M5	4330.00						4330.10902527	4330.90739871	0
1781035788	XAUUSD	M5	4326.60						4329.37072197	4330.13906034	0
1781036088	XAUUSD	M5	4328.93						4328.97086849	4329.55496441	0
1781036388	XAUUSD	M5	4330.22						4328.84090727	4329.19793584	0
1781036688	XAUUSD	M5	4328.22						4328.86353146	4329.03073365	0
1781036988	XAUUSD	M5	4330.01						4328.97419465	4329.00246415	0
1781037288	XAUUSD	M5	4333.35						4329.04045202	4329.02145809	1
1781037588	XAUUSD	M5	4326.89						4328.95789299	4328.98967554	1
1781037888	XAUUSD	M5	4326.62						4328.90990278	4328.94978916	0
1781038188	XAUUSD	M5	4329.23						4328.97323591	4328.96151253	1
1781038488	XAUUSD	M5	4327.13						4329.16840361	4329.06495807	0
1781038788	XAUUSD	M5	4329.78						4329.60670876	4329.33583341	0
1781039088	XAUUSD	M5	4333.15						4330.23206450	4329.78394896	0
1781039388	XAUUSD	M5	4332.26						4330.92381561	4330.35388228	0
1781039688	XAUUSD	M5	4330.80						4331.61954751	4330.98671489	0
1781039988	XAUUSD	M5	4327.26						4332.25805319	4331.62238404	0
1781040288	XAUUSD	M5	4335.24						4332.82629316	4332.22433860	0
1781040588	XAUUSD	M5	4334.87						4333.09457637	4332.65945749	0
1781040888	XAUUSD	M5	4332.60						4333.09723930	4332.87834839	0
1781041188	XAUUSD	M5	4333.84						4332.98477797	4332.93156318	0
1781041488	XAUUSD	M5	4333.85						4332.87177196	4332.90166757	1
1781041788	XAUUSD	M5	4331.97						4332.90942353	4332.90554555	1
1781042088	XAUUSD	M5	4332.65						4333.24108273	4333.07331414	0
1781042388	XAUUSD	M5	4330.74						4333.88065900	4333.47698657	0
1781042688	XAUUSD	M5	4335.14						4334.82654305	4334.15176481	0
1781042988	XAUUSD	M5	4339.15						4335.86235881	4335.00706181	0
1781043288	XAUUSD	M5	4335.92						4336.75459959	4335.88083070	0
1781043588	XAUUSD	M5	4337.21						4337.46202796	4336.67142933	0
1781043888	XAUUSD	M5	4337.83						4337.89482255	4337.28312594	0
1781044188	XAUUSD	M5	4339.31						4338.06434673	4337.67373633	0
1781044488	XAUUSD	M5	4337.27						4338.02744306	4337.85058970	0
1781044788	XAUUSD	M5	4338.75						4338.00198111	4337.92628540	0
1781045088	XAUUSD	M5	4337.87						4338.12410952	4338.02519746	0
1781045388	XAUUSD	M5	4337.41						4338.51708308	4338.27114027	0
1781045688	XAUUSD	M5	4338.95						4339.20632353	4338.73873190	0
1781045988	XAUUSD	M5	4340.14						4340.07757460	4339.40815325	0
1781046288	XAUUSD	M5	4341.36						4340.94398272	4340.17606799	0
1781046588	XAUUSD	M5	4339.76						4341.57457655	4340.87532227	0
1781046888	XAUUSD	M5	4342.37						4341.85478879	4341.36505553	0
1781047188	XAUUSD	M5	4343.71						4341.66455102	4341.51480327	0
1781047488	XAUUSD	M5	4340.92						4341.03667307	4341.27573817	1
1781047788	XAUUSD	M5	4342.98						4340.22289703	4340.74931760	0
1781048088	XAUUSD	M5	4338.60						4339.40130900	4340.07531330	0
1781048388	XAUUSD	M5	4335.94						4338.86319542	4339.46925436	0
1781048688	XAUUSD	M5	4336.67						4338.78912489	4339.12918963	0
1781048988	XAUUSD	M5	4340.71						4339.16277536	4339.14598249	1
1781049288	XAUUSD	M5	4340.92						4339.75298423	4339.44948336	0
1781049588	XAUUSD	M5	4341.28						4340.32040945	4339.88494641	0
1781049888	XAUUSD	M5	4337.55						4340.61698409	4340.25096525	0
1781050188	XAUUSD	M5	4341.42						4340.53953648	4340.39525086	0
1781050488	XAUUSD	M5	4339.49						4339.90929423	4340.15227255	1
1781050788	XAUUSD	M5	4341.28						4338.80179257	4339.47703256	0
1781051088	XAUUSD	M5	4340.98						4337.32909652	4338.40306454	0
1781051388	XAUUSD	M5	4334.13						4335.71547439	4337.05926946	0
1781051688	XAUUSD	M5	4333.35						4334.36390958	4335.71158952	0
1781051988	XAUUSD	M5	4330.90						4333.48270722	4334.59714837	0
1781052288	XAUUSD	M5	4329.88						4333.20537117	4333.90125977	0
1781052588	XAUUSD	M5	4331.95						4333.48088986	4333.69107482	0
1781052888	XAUUSD	M5	4330.37						4334.04617608	4333.86862545	1
1781053188	XAUUSD	M5	4351.36				4363.43000		4334.60192296	4334.23527420	0
1781053488	XAUUSD	M5	4334.10						4334.30682725	4334.27105073	0
1781053788	XAUUSD	M5	4328.66						4333.22129456	4333.74617264	1
1781054088	XAUUSD	M5	4329.39						4331.23928940	4332.49273102	0
1781054388	XAUUSD	M5	4328.53						4328.24057211	4330.36665157	0
1781054688	XAUUSD	M5	4321.28						4324.29972893	4327.33319025	0
1781054988	XAUUSD	M5	4311.45						4319.74036544	4323.53677784	0
1781055288	XAUUSD	M5	4318.53						4315.02199538	4319.27938661	0
1781055588	XAUUSD	M5	4318.71						4310.26496035	4314.77217348	0
1781055888	XAUUSD	M5	4315.01						4305.71568628	4310.24392988	0
1781056188	XAUUSD	M5	4305.34						4301.65857805	4305.95125397	0
1781056488	XAUUSD	M5	4285.29						4298.43024874	4302.19075136	0
1781056788	XAUUSD	M5	4284.21						4296.44922074	4299.31998605	0
1781057088	XAUUSD	M5	4298.21						4295.50061400	4297.41030003	0
1781057388	XAUUSD	M5	4300.76						4294.88096623	4296.14563313	0
1781057688	XAUUSD	M5	4293.26						4294.10683815	4295.12623564	0
1781057988	XAUUSD	M5	4295.65						4292.97650670	4294.05137117	0
1781058288	XAUUSD	M5	4294.92						4291.20309635	4292.62723376	0
1781058588	XAUUSD	M5	4291.97						4288.74646561	4290.68684969	0
1781058888	XAUUSD	M5	4285.55						4285.79984557	4288.24334763	0
1781059188	XAUUSD	M5	4278.85						4282.74451652	4285.49393207	0
1781059488	XAUUSD	M5	4274.54						4279.97888953	4282.73641080	0
1781059788	XAUUSD	M5	4270.25						4277.78543268	4280.26092174	0
1781060088	XAUUSD	M5	4279.82						4276.28609483	4278.27350829	0
1781060388	XAUUSD	M5	4280.97						4275.12919604	4276.70135216	0
1781060688	XAUUSD	M5	4279.93						4274.02901048	4275.36518132	0
1781060988	XAUUSD	M5	4272.90						4272.68584654	4274.02551393	0
1781061288	XAUUSD	M5	4273.90						4270.95267359	4272.48909376	0
1781061588	XAUUSD	M5	4263.62						4268.57172438	4270.53040907	0
1781061888	XAUUSD	M5	4259.63						4265.65374941	4268.09207924	0
1781062188	XAUUSD	M5	4254.57						4262.30924840	4265.20066382	0
1781062488	XAUUSD	M5	4261.99						4258.77670923	4261.98868652	0
1781062788	XAUUSD	M5	4263.49						4255.16207641	4258.57538147	0
1781063088	XAUUSD	M5	4262.13						4251.77489186	4255.17513666	0
1781063388	XAUUSD	M5	4241.26						4249.02603729	4252.10058698	0
1781063688	XAUUSD	M5	4244.94					4236.62000	4247.71688489	4249.90873593	0
1781063988	XAUUSD	M5	4249.87						4247.94957465	4248.92915529	0
1781064288	XAUUSD	M5	4240.07						4249.58238196	4249.25576862	1
1781064588	XAUUSD	M5	4252.18						4252.56632481	4250.91104672	0
1781064888	XAUUSD	M5	4262.43						4256.18732589	4253.54918630	0
1781065188	XAUUSD	M5	4262.93						4259.69297122	4256.62107876	0
1781065488	XAUUSD	M5	4261.19						4262.60382905	4259.61245390	0
1781065788	XAUUSD	M5	4263.95						4264.62990367	4262.12117878	0
1781066088	XAUUSD	M5	4266.48						4265.54482480	4263.83300179	0
1781066388	XAUUSD	M5	4263.12						4265.32636357	4264.57968268	0
1781066688	XAUUSD	M5	4265.58	4237.63390	4290.97680	4206.85461			4264.31642729	4264.44805498	1
1781066988	XAUUSD	M5	4262.89	4237.24329	4290.58619	4206.46400			4262.87901019	4263.66353259	0
1781067288	XAUUSD	M5	4264.84	4236.85269	4290.19559	4206.07340			4261.53934400	4262.60143829	0
1781067588	XAUUSD	M5	4257.15	4236.46209	4289.80499	4205.68280			4260.66454726	4261.63299277	0
1781067888	XAUUSD	M5	4258.42	4236.07148	4289.41438	4205.29219			4260.69082713	4261.16190995	0
1781068188	XAUUSD	M5	4263.12	4235.68088	4289.02378	4204.90159			4261.64864387	4261.40527691	1
1781068488	XAUUSD	M5	4262.50	4235.29028	4288.63317	4204.51098			4263.28329339	4262.34428515	0
1781068788	XAUUSD	M5	4266.77	4234.89967	4288.24257	4204.12038			4265.31405050	4263.82916783	0
1781069088	XAUUSD	M5	4265.37	4234.50907	4287.85197	4203.72978			4267.29633322	4265.56275052	0
1781069388	XAUUSD	M5	4269.31	4234.11846	4287.46136	4203.33917			4268.94760566	4267.25517809	0
1781069688	XAUUSD	M5	4273.44	4233.72786	4287.07076	4202.94857	4274.20000		4269.99319206	4268.62418508	0
1781069988	XAUUSD	M5	4270.90	4233.33726	4286.68015	4202.55796			4270.31073255	4269.46745881	0
1781070288	XAUUSD	M5	4270.71	4232.94665	4286.28955	4202.16736			4270.06614471	4269.76680176	0
1781070588	XAUUSD	M5	4269.20	4232.55605	4285.89895	4201.77676			4269.43906947	4269.60293562	1
1781070888	XAUUSD	M5	4264.35	4232.16544	4285.50834	4201.38615			4268.63958803	4269.12126182	0
1781071188	XAUUSD	M5	4265.26	4231.77484	4285.11774	4200.99555			4267.86607055	4268.49366619	0
1781071488	XAUUSD	M5	4265.91	4231.38424	4284.72714	4200.60494			4267.08550411	4267.78958515	0
1781071788	XAUUSD	M5	4269.92	4230.99363	4284.33653	4200.21434			4266.16937005	4266.97947760	0
1781072088	XAUUSD	M5	4269.71	4230.60303	4283.94593	4199.82374			4264.89511329	4265.93729544	0
1781072388	XAUUSD	M5	4265.17	4230.21242	4283.55532	4199.43313			4263.19675812	4264.56702678	0
1781072688	XAUUSD	M5	4258.70	4229.82182	4283.16472	4199.04253			4261.21416531	4262.89059605	0
1781072988	XAUUSD	M5	4255.35	4229.43122	4282.77412	4198.65192			4259.19991755	4261.04525680	0
1781073288	XAUUSD	M5	4255.71	4229.04061	4282.38351	4198.26132			4257.39419155	4259.21972418	0
1781073588	XAUUSD	M5	4257.39	4228.65001	4281.99291	4197.87072			4255.96261096	4257.59116757	0
1781073888	XAUUSD	M5	4259.52	4228.25940	4281.60230	4197.48011			4254.97243571	4256.28180164	0
1781074188	XAUUSD	M5	4253.68	4227.86880	4281.21170	4197.08951			4254.41545599	4255.34862881	0
1781074488	XAUUSD	M5	4250.97	4227.47820	4280.82110	4196.69890			4254.41492506	4254.88177694	0
1781074788	XAUUSD	M5	4250.98	4227.08759	4280.43049	4196.30830		4250.02000	4254.95349708	4254.91763701	1
1781075088	XAUUSD	M5	4258.91	4226.69699	4280.03989	4195.91770			4255.88206096	4255.39984899	0
1781075388	XAUUSD	M5	4258.48	4226.30638	4279.64928	4195.52709			4256.85576757	4256.12780828	0
1781075688	XAUUSD	M5	4260.77	4225.91578	4279.25868	4195.13649			4257.74969999	4256.93875413	0
1781075988	XAUUSD	M5	4257.61	4225.52518	4278.86808	4194.74589			4258.42738456	4257.68306935	0
1781076288	XAUUSD	M5	4258.45	4225.13457	4278.47747	4194.35528			4258.94515183	4258.31411059	0
1781076588	XAUUSD	M5	4258.71	4224.74397	4278.08687	4193.96468			4259.30825531	4258.81118295	0
1781076888	XAUUSD	M5	4258.31	4224.35337	4277.69626	4193.57407			4259.56079519	4259.18598907	0
1781077188	XAUUSD	M5	4259.10	4223.96276	4277.30566	4193.18347			4259.73359114	4259.45979010	0
1781077488	XAUUSD	M5	4257.94	4223.57216	4276.91506	4192.79287			4259.81751310	4259.63865160	0
1781077788	XAUUSD	M5	4260.44	4223.18155	4276.52445	4192.40226			4259.83853952	4259.73859556	0
1781078088	XAUUSD	M5	4261.38	4222.79095	4276.13385	4192.01166			4259.72066723	4259.72963139	1
1781078388	XAUUSD	M5	4261.83	4222.40035	4275.74324	4191.62105	4262.11000		4259.43911971	4259.58437555	0
1781078688	XAUUSD	M5	4260.26	4222.00974	4275.35264	4191.23045			4258.98842852	4259.28640204	0
1781078988	XAUUSD	M5	4259.44	4221.61914	4274.96204	4190.83985			4258.42186388	4258.85413296	0
1781082888	XAUUSD	M5	4256.02	4221.22853	4274.57143	4190.44924			4257.77963790	4258.31688543	0
1781083188	XAUUSD	M5	4253.49	4220.83793	4274.18083	4190.05864			4257.12773277	4257.72230910	0
1781083488	XAUUSD	M5	4255.44	4220.44733	4273.79023	4189.66803			4256.45069344	4257.08650127	0
1781083788	XAUUSD	M5	4253.66	4220.05672	4273.39962	4189.27743			4255.59689194	4256.34169661	0
1781084088	XAUUSD	M5	4254.71	4219.66612	4273.00902	4188.88683			4254.48483670	4255.41326665	0
1781084388	XAUUSD	M5	4256.82	4219.27551	4272.61841	4188.49622			4253.00216062	4254.20771363	0
1781084688	XAUUSD	M5	4252.83	4218.88491	4272.22781	4188.10562			4251.07823007	4252.64297185	0
1781084988	XAUUSD	M5	4253.13	4218.49431	4271.83721	4187.71501			4248.90288121	4250.77292653	0
1781085288	XAUUSD	M5	4248.97	4218.10370	4271.44660	4187.32441			4246.60628378	4248.68960515	0
1781085588	XAUUSD	M5	4239.08	4217.71310	4271.05600	4186.93381			4244.40400540	4246.54680528	0
1781085888	XAUUSD	M5	4235.11	4217.32249	4270.66539	4186.54320			4242.55897892	4244.55289210	0
1781086188	XAUUSD	M5	4237.31	4216.93189	4270.27479	4186.15260			4241.08659052	4242.81974131	0
1781086488	XAUUSD	M5	4246.34	4216.54129	4269.88419	4185.76199			4239.71266862	4241.26620496	0
1781086788	XAUUSD	M5	4241.68	4216.15068	4269.49358	4185.37139			4237.94102138	4239.60361317	0
1781087088	XAUUSD	M5	4235.90	4215.76008	4269.10298	4184.98079			4235.63114744	4237.61738031	0
1781087388	XAUUSD	M5	4233.21	4215.36947	4268.71237	4184.59018			4232.79513856	4235.20625943	0
1781087688	XAUUSD	M5	4227.64	4214.97887	4268.32177	4184.19958			4229.51671629	4232.36148786	0
1781087988	XAUUSD	M5	4224.19	4214.58827	4267.93117	4183.80897			4226.11176370	4229.23662578	0
1781088288	XAUUSD	M5	4225.70	4214.19766	4267.54056	4183.41837			4222.98451097	4226.11056838	0
1781088588	XAUUSD	M5	4221.92	4213.80706	4267.14996	4183.02777			4220.46428865	4223.28742851	0
1781088888	XAUUSD	M5	4218.63	4213.41645	4266.75935	4182.63716			4218.94616696	4221.11679773	0
1781089188	XAUUSD	M5	4213.05	4213.02585	4266.36875	4182.24656			4218.63723079	4219.87701426	0
1781089488	XAUUSD	M5	4220.72	4212.63525	4265.97815	4181.85596			4219.55318846	4219.71510136	0
1781089788	XAUUSD	M5	4222.03	4212.24464	4265.58754	4181.46535			4221.15886037	4220.43698087	1
1781090088	XAUUSD	M5	4220.58	4211.85404	4265.19694	4181.07475			4222.88825418	4221.66261752	0
1781090388	XAUUSD	M5	4225.57	4211.46344	4264.80633	4180.68414			4224.20531298	4222.93396525	0
1781090688	XAUUSD	M5	4225.12	4211.07283	4264.41573	4180.29354			4224.49746810	4223.71571668	0
1781090988	XAUUSD	M5	4226.93	4210.68223	4264.02513	4179.90294			4223.48074119	4223.59822893	1
1781091288	XAUUSD	M5	4225.23	4210.29162	4263.63452	4179.51233			4221.08520188	4222.34171541	0
1781091588	XAUUSD	M5	4217.94	4209.90102	4263.24392	4179.12173			4217.60278824	4219.97225182	0
1781091888	XAUUSD	M5	4206.52	4209.51042	4262.85332	4178.73112			4213.63284408	4216.80254795	0
1781092188	XAUUSD	M5	4207.77	4209.11981	4262.46271	4178.34052			4209.92377453	4213.36316124	0
1781092488	XAUUSD	M5	4204.49	4208.72921	4262.07211	4177.94992			4206.86392293	4210.11354208	0
1781092788	XAUUSD	M5	4203.72	4208.33860	4261.68150	4177.55931			4204.76254553	4207.43804381	0
1781093088	XAUUSD	M5	4207.39	4207.94800	4261.29090	4177.16871			4203.67409148	4205.55606764	0
1781093388	XAUUSD	M5	4218.23	4207.55740	4260.90030	4176.77810			4203.36109824	4204.45858294	0
1781093688	XAUUSD	M5	4194.50	4207.16679	4260.50969	4176.38750			4203.30698491	4203.88278393	0
1781093988	XAUUSD	M5	4195.15	4206.77619	4260.11909	4175.99690			4203.72894607	4203.80586500	0
1781094288	XAUUSD	M5	4203.39	4206.38558	4259.72848	4175.60629			4204.27925993	4204.04256247	1
1781094588	XAUUSD	M5	4213.33	4205.99498	4259.33788	4175.21569			4204.46253372	4204.25254809	0
1781094888	XAUUSD	M5	4200.92	4205.60438	4258.94728	4174.82508			4203.82877384	4204.04066097	1
1781095188	XAUUSD	M5	4201.81	4205.21377	4258.55667	4174.43448			4202.54801463	4203.29433780	0
1781095488	XAUUSD	M5	4202.58	4204.82317	4258.16607	4174.04388			4200.59306684	4201.94370232	0
1781095788	XAUUSD	M5	4200.71	4204.43256	4257.77546	4173.65327			4198.02128670	4199.98249451	0
1781096088	XAUUSD	M5	4187.41	4204.04196	4257.38486	4173.26267			4195.04061459	4197.51155455	0
1781096388	XAUUSD	M5	4192.94	4203.65136	4256.99426	4172.87206			4192.15172337	4194.83163896	0
1781096688	XAUUSD	M5	4192.05	4203.26075	4256.60365	4172.48146			4189.41674682	4192.12419289	0
1781096988	XAUUSD	M5	4188.63	4202.87015	4256.21305	4172.09086			4187.01646664	4189.57032977	0
1781097288	XAUUSD	M5	4187.00	4202.47954	4255.82244	4171.70025			4185.14082610	4187.35557793	0
1781097588	XAUUSD	M5	4181.14	4202.08894	4255.43184	4171.30965			4183.86387152	4185.60972473	0
1781097888	XAUUSD	M5	4182.77	4201.69834	4255.04124	4170.91905			4183.27305938	4184.44139205	0
1781098188	XAUUSD	M5	4180.91	4201.30773	4254.65063	4170.52844			4183.19955757	4183.82047481	0
1781098488	XAUUSD	M5	4183.35	4200.91713	4254.26003	4170.13784			4183.47829367	4183.64938424	0
1781098788	XAUUSD	M5	4187.98	4200.52653	4253.86942	4169.74723			4183.79500045	4183.72219235	1
1781099088	XAUUSD	M5	4179.39	4200.13592	4253.47882	4169.35663			4183.80696465	4183.76457850	0
1781099388	XAUUSD	M5	4184.54	4199.74532	4253.08822	4168.96603			4183.52819757	4183.64638803	1
1781099688	XAUUSD	M5	4184.51	4199.35471	4252.69761	4168.57542			4182.74065350	4183.19352076	0
1781099988	XAUUSD	M5	4187.62	4198.96411	4252.30701	4168.18482			4181.45269536	4182.32310806	0
1781100288	XAUUSD	M5	4175.03	4198.57351	4251.91640	4167.79421			4179.71762131	4181.02036469	0
1781100588	XAUUSD	M5	4174.01	4198.18290	4251.52580	4167.40361			4178.01847497	4179.51941983	0
1781100888	XAUUSD	M5	4176.78	4197.79230	4251.13520	4167.01301		4172.93000	4176.60179936	4178.06060960	0
1781101188	XAUUSD	M5	4175.32	4197.40169	4250.74459	4166.62240			4175.60322695	4176.83191827	0
1781101488	XAUUSD	M5	4178.09	4197.01109	4250.35399	4166.23180			4175.18325569	4176.00758698	0
1781101788	XAUUSD	M5	4175.94	4196.62049	4249.96339	4165.84119			4175.34217441	4175.67488070	0
1781102088	XAUUSD	M5	4175.18	4196.22988	4249.57278	4165.45059			4176.11906171	4175.89697120	1
1781102388	XAUUSD	M5	4177.22	4195.83928	4249.18218	4165.05999			4177.45144782	4176.67420951	0
1781102688	XAUUSD	M5	4180.51	4195.44867	4248.79157	4164.66938			4179.14630509	4177.91025730	0
1781102988	XAUUSD	M5	4180.41	4195.05807	4248.40097	4164.27878			4180.96538089	4179.43781910	0
1781103288	XAUUSD	M5	4179.92	4194.66747	4248.01037	4163.88817			4182.70410418	4181.07096164	0
1781103588	XAUUSD	M5	4185.44	4194.27686	4247.61976	4163.49757			4184.16466329	4182.61781246	0
1781103888	XAUUSD	M5	4184.95	4193.88626	4247.22916	4163.10697			4185.04478248	4183.83129747	0
1781104188	XAUUSD	M5	4184.81	4193.49565	4246.83855	4162.71636			4185.26800832	4184.54965290	0
1781104488	XAUUSD	M5	4186.35	4193.10505	4246.44795	4162.32576			4184.80790745	4184.67878017	0
1781104788	XAUUSD	M5	4184.40	4192.71445	4246.05735	4161.93515			4183.68387407	4184.18132712	1
1781105088	XAUUSD	M5	4181.37	4192.32384	4245.66674	4161.54455			4182.06945779	4183.12539246	0
1781105388	XAUUSD	M5	4181.64	4191.93324	4245.27614	4161.15395			4180.21907853	4181.67223549	0
1781105688	XAUUSD	M5	4178.24	4191.54263	4244.88553	4160.76334			4178.30816660	4179.99020104	0
1781105988	XAUUSD	M5	4174.56	4191.15203	4244.49493	4160.37274			4176.57603378	4178.28311741	0
1781106288	XAUUSD	M5	4174.39	4190.76143	4244.10433	4159.98213			4175.21991412	4176.75151577	0
1781106588	XAUUSD	M5	4174.83	4190.37082	4243.71372	4159.59153			4174.29312419	4175.52231998	0
1781106888	XAUUSD	M5	4173.55	4189.98022	4243.32312	4159.20093			4173.77675703	4174.64953851	0
1781107188	XAUUSD	M5	4173.81	4189.58961	4242.93251	4158.81032		4172.55000	4173.65903906	4174.15428878	0
1781107488	XAUUSD	M5	4175.06	4189.19901	4242.54191	4158.41972			4173.88629223	4174.02029051	0
1781107788	XAUUSD	M5	4174.82	4188.80841	4242.15131	4158.02912			4174.39730135	4174.20879593	1
1781108088	XAUUSD	M5	4174.58	4188.41780	4241.76070	4157.63851			4175.21095235	4174.70987414	0
1781108388	XAUUSD	M5	4176.57	4188.02720	4241.37010	4157.24791			4176.39967273	4175.55477344	0
1781108688	XAUUSD	M5	4179.77	4187.63660	4240.97949	4156.85730			4178.00795597	4176.78136470	0
1781108988	XAUUSD	M5	4176.80	4187.24599	4240.58889	4156.46670			4180.06885740	4178.42511105	0
1781109288	XAUUSD	M5	4180.53	4186.85539	4240.19829	4156.07610			4182.73687329	4180.58099217	0
1781109588	XAUUSD	M5	4187.25	4186.46478	4239.80768	4155.68549			4185.99404878	4183.28752048	0
1781109888	XAUUSD	M5	4191.09	4186.07418	4239.41708	4155.29489			4189.67020105	4186.47886077	0
1781110188	XAUUSD	M5	4194.32	4185.68358	4239.02648	4154.90428			4193.62607998	4190.05247037	0
1781110488	XAUUSD	M5	4198.25	4185.29297	4238.63587	4154.51368			4197.67333218	4193.86290128	0
1781110788	XAUUSD	M5	4202.72	4184.90237	4238.24527	4154.12308			4201.58004321	4197.72147224	0
1781111088	XAUUSD	M5	4203.72	4184.51176	4237.85466	4153.73247			4205.10003582	4201.41075403	0
1781111388	XAUUSD	M5	4205.15	4184.12116	4237.46406	4153.34187			4208.09587613	4204.75331508	0
1781111688	XAUUSD	M5	4211.17	4183.73056	4237.07346	4152.95126			4210.45396404	4207.60363956	0
1781111988	XAUUSD	M5	4213.99	4183.33995	4236.68285	4152.56066	4221.80000		4212.01136646	4209.80750301	0
1781112288	XAUUSD	M5	4212.90	4182.94935	4236.29225	4152.17006			4212.73358773	4211.27054537	0
1781112588	XAUUSD	M5	4214.42	4182.55874	4235.90164	4151.77945			4212.73738464	4212.00396500	0
1781112888	XAUUSD	M5	4209.10	4182.16814	4235.51104	4151.38885			4212.11082089	4212.05739295	0
1781113188	XAUUSD	M5	4211.94	4181.77754	4235.12044	4150.99824			4211.12356220	4211.59047757	1
1781113488	XAUUSD	M5	4210.60	4181.38693	4234.72983	4150.60764			4209.85301129	4210.72174443	0
1781113788	XAUUSD	M5	4209.10	4180.99633	4234.33923	4150.21704			4208.44526096	4209.58350269	0
1781114088	XAUUSD	M5	4207.75	4180.60572	4233.94862	4149.82643			4207.02206509	4208.30278389	0
1781114388	XAUUSD	M5	4203.22	4180.21512	4233.55802	4149.43583			4205.68098092	4206.99188241	0
1781114688	XAUUSD	M5	4202.31	4179.82452	4233.16742	4149.04522			4204.54162083	4205.76675162	0
1781114988	XAUUSD	M5	4203.96	4179.43391	4232.77681	4148.65462			4203.61443911	4204.69059536	0
1781115288	XAUUSD	M5	4203.70	4179.04331	4232.38621	4148.26402			4202.81599218	4203.75329377	0
1781115588	XAUUSD	M5	4207.16	4178.65270	4231.99560	4147.87341			4202.06023759	4202.90676568	0
1781115888	XAUUSD	M5	4200.31	4178.26210	4231.60500	4147.48281			4201.17097865	4202.03887216	0
1781116188	XAUUSD	M5	4198.74	4177.87150	4231.21440	4147.09221			4200.18397455	4201.11142336	0
1781116488	XAUUSD	M5	4199.24	4177.48089	4230.82379	4146.70160			4198.98708621	4200.04925478	0
1781116788	XAUUSD	M5	4194.92	4177.09029	4230.43319	4146.31100			4197.39630975	4198.72278227	0
1781117088	XAUUSD	M5	4194.78	4176.69969	4230.04258	4145.92039			4195.33515122	4197.02896674	0
1781117388	XAUUSD	M5	4190.73	4176.30908	4229.65198	4145.52979			4192.67272043	4194.85084359	0
1781117688	XAUUSD	M5	4189.69	4175.91848	4229.26138	4145.13919			4189.44755110	4192.14919734	0
1781117988	XAUUSD	M5	4190.46	4175.52787	4228.87077	4144.74858			4185.72191702	4188.93555718	0
1781118288	XAUUSD	M5	4182.11	4175.13727	4228.48017	4144.35798			4181.63458783	4185.28507251	0
1781118588	XAUUSD	M5	4186.47	4174.74667	4228.08956	4143.96737			4177.62228994	4181.45368122	0
1781118888	XAUUSD	M5	4164.31	4174.35606	4227.69896	4143.57677			4173.88981184	4177.67174653	0
1781119188	XAUUSD	M5	4167.38	4173.96546	4227.30836	4143.18617			4171.20845673	4174.44010163	0
1781119488	XAUUSD	M5	4166.47	4173.57485	4226.91775	4142.79556		4161.41000	4169.65685964	4172.04848063	0
1781119788	XAUUSD	M5	4173.53	4173.18425	4226.52715	4142.40496			4169.21495081	4170.63171572	0
1781120088	XAUUSD	M5	4171.20	4172.79365	4226.13655	4142.01435			4169.51110891	4170.07141231	0
1781120388	XAUUSD	M5	4172.22	4172.40304	4225.74594	4141.62375			4170.28156964	4170.17649098	1
1781120688	XAUUSD	M5	4168.10	4172.01244	4225.35534	4141.23315			4171.13541813	4170.65595455	0
1781120988	XAUUSD	M5	4172.85	4171.62183	4224.96473	4140.84254			4171.83695833	4171.24645644	0
1781121288	XAUUSD	M5	4170.55	4171.23123	4224.57413	4140.45194			4172.04311048	4171.64478346	0
1781121588	XAUUSD	M5	4174.29	4170.84063	4224.18353	4140.06133			4171.71126757	4171.67802552	0
1781121888	XAUUSD	M5	4171.18	4170.45002	4223.79292	4139.67073			4170.83997833	4171.25900192	1
1781122188	XAUUSD	M5	4168.57	4170.05942	4223.40232	4139.28013			4169.72409285	4170.49154739	0
1781122488	XAUUSD	M5	4167.03	4169.66881	4223.01171	4138.88952			4168.70356767	4169.59755753	0
1781122788	XAUUSD	M5	4170.47	4169.27821	4222.62111	4138.49892			4168.08281670	4168.84018711	0
1781123088	XAUUSD	M5	4165.07	4168.88761	4222.23051	4138.10831			4167.96568272	4168.40293492	0
1781123388	XAUUSD	M5	4171.07	4168.49700	4221.83990	4137.71771			4168.49952143	4168.45122817	1
1781123688	XAUUSD	M5	4168.52	4168.10640	4221.44930	4137.32711			4169.41435178	4168.93278998	0
1781123988	XAUUSD	M5	4166.26	4167.71579	4221.05869	4136.93650			4170.50215821	4169.71747409	0
1781124288	XAUUSD	M5	4176.86	4167.32519	4220.66809	4136.54590			4171.48496726	4170.60122068	0
1781124588	XAUUSD	M5	4172.48	4166.93459	4220.27749	4136.15530	4179.53000		4171.81714924	4171.20918496	0
1781124888	XAUUSD	M5	4171.29	4166.54398	4219.88688	4135.76469			4171.40152537	4171.30535516	0
1781125188	XAUUSD	M5	4168.47	4166.15338	4219.49628	4135.37409			4170.25539737	4170.78037627	1
1781125488	XAUUSD	M5	4166.17	4165.76278	4219.10567	4134.98348			4168.58437517	4169.68237572	0
1781125788	XAUUSD	M5	4168.74	4165.37217	4218.71507	4134.59288			4166.70638949	4168.19438260	0
1781126088	XAUUSD	M5	4169.30	4164.98157	4218.32447	4134.20228			4164.89329407	4166.54383834	0
1781126388	XAUUSD	M5	4159.67	4164.59096	4217.93386	4133.81167			4163.44362674	4164.99373254	0
1781126688	XAUUSD	M5	4161.01	4164.20036	4217.54326	4133.42107			4162.83524208	4163.91448731	0
1781126988	XAUUSD	M5	4164.46	4163.80976	4217.15265	4133.03046			4163.15632921	4163.53540826	0
1781127288	XAUUSD	M5	4166.71	4163.41915	4216.76205	4132.63986			4164.27521614	4163.90531220	1
1781127588	XAUUSD	M5	4165.16	4163.02855	4216.37145	4132.24926			4165.93993341	4164.92262281	0
1781127888	XAUUSD	M5	4165.19	4162.63794	4215.98084	4131.85865			4167.86270868	4166.39266575	0
1781128188	XAUUSD	M5	4166.72	4162.24734	4215.59024	4131.46805			4169.68458346	4168.03862460	0
1781128488	XAUUSD	M5	4171.40	4161.85674	4215.19964	4131.07744			4171.02130565	4169.52996513	0
1781128788	XAUUSD	M5	4177.27	4161.46613	4214.80903	4130.68684			4171.54051200	4170.53523856	0
1781129088	XAUUSD	M5	4171.88	4161.07553	4214.41843	4130.29624			4171.06823394	4170.80173625	0
1781129388	XAUUSD	M5	4174.51	4160.68492	4214.02782	4129.90563			4169.86268065	4170.33220845	1
1781129688	XAUUSD	M5	4161.48	4160.29432	4213.63722	4129.51503			4168.14830346	4169.24025595	0
1781129988	XAUUSD	M5	4161.33	4159.90372	4213.24662	4129.12442			4166.56315662	4167.90170628	0
1781130288	XAUUSD	M5	4168.83	4159.51311	4212.85601	4128.73382			4165.34364522	4166.62267575	0
1781130588	XAUUSD	M5	4164.92	4159.12251	4212.46541	4128.34322			4164.41330805	4165.51799190	0
1781130888	XAUUSD	M5	4163.74	4158.73190	4212.07480	4127.95261			4163.77458254	4164.64628722	0
1781131188	XAUUSD	M5	4166.32	4158.34130	4211.68420	4127.56201			4163.22357387	4163.93493054	0
1781131488	XAUUSD	M5	4164.92	4157.95070	4211.29360	4127.17140			4162.35448259	4163.14470657	0
1781131788	XAUUSD	M5	4156.49	4157.56009	4210.90299	4126.78080			4160.83701299	4161.99085978	0
1781132088	XAUUSD	M5	4154.43	4157.16949	4210.51239	4126.39020			4158.56836105	4160.27961042	0
1781132388	XAUUSD	M5	4155.78	4156.77888	4210.12178	4125.99959			4155.47523308	4157.87742175	0
1781132688	XAUUSD	M5	4154.21	4156.38828	4209.73118	4125.60899			4151.63274602	4154.75508388	0
1781132988	XAUUSD	M5	4147.65	4155.99768	4209.34058	4125.21838			4147.42999002	4151.09253695	0
1781133288	XAUUSD	M5	4146.96	4155.60707	4208.94997	4124.82778			4143.56651586	4147.32952641	0
1781133588	XAUUSD	M5	4145.04	4155.21647	4208.55937	4124.43718			4140.65875047	4143.99413844	0
1781133888	XAUUSD	M5	4136.27	4154.82586	4208.16876	4124.04657			4139.28346221	4141.63880032	0
1781134188	XAUUSD	M5	4136.51	4154.43526	4207.77816	4123.65597			4139.93762259	4140.78821146	0
1781134488	XAUUSD	M5	4134.72	4154.04466	4207.38756	4123.26537			4142.56128616	4141.67474881	1
1781134788	XAUUSD	M5	4141.11	4153.65405	4206.99695	4122.87476		4130.66000	4146.73863813	4144.20669347	0
1781135088	XAUUSD	M5	4162.44	4153.26345	4206.60635	4122.48416			4151.55181099	4147.87925223	0
1781135388	XAUUSD	M5	4160.87	4152.87285	4206.21574	4122.09355			4155.59655702	4151.73790463	0
1781135688	XAUUSD	M5	4160.44	4152.48224	4205.82514	4121.70295			4158.10325229	4154.92057846	0
1781135988	XAUUSD	M5	4157.68	4152.09164	4205.43454	4121.31235			4158.58291861	4156.75174853	0
1781136288	XAUUSD	M5	4151.86	4151.70103	4205.04393	4120.92174			4157.03488675	4156.89331764	0
1781136588	XAUUSD	M5	4147.02	4151.31043	4204.65333	4120.53114			4153.96213471	4155.42772618	1
1781136888	XAUUSD	M5	4153.16	4150.91983	4204.26272	4120.14053			4150.23474252	4152.83123435	0
1781137188	XAUUSD	M5	4154.07	4150.52922	4203.87212	4119.74993			4146.67490849	4149.75307142	0
1781137488	XAUUSD	M5	4151.43	4150.13862	4203.48152	4119.35933			4144.22789171	4146.99048157	0
1781137788	XAUUSD	M5	4135.67	4149.74801	4203.09091	4118.96872			4143.71098527	4145.35073342	0
1781138088	XAUUSD	M5	4144.25	4149.35741	4202.70031	4118.57812			4145.86363114	4145.60718228	1
1781138388	XAUUSD	M5	4150.11	4148.96681	4202.30971	4118.18751			4150.39159499	4147.99938863	0
1781138688	XAUUSD	M5	4142.97	4148.57620	4201.91910	4117.79691			4156.60064325	4152.30001594	0
1781138988	XAUUSD	M5	4166.17	4148.18560	4201.52850	4117.40631			4163.80987571	4158.05494583	0
1781139288	XAUUSD	M5	4178.11	4147.79499	4201.13789	4117.01570			4170.54556053	4164.30025318	0
1781139588	XAUUSD	M5	4185.58	4147.40439	4200.74729	4116.62510			4175.73299060	4170.01662189	0
1781139888	XAUUSD	M5	4180.09	4147.01379	4200.35669	4116.23449	4186.31000		4178.75008286	4174.38335238	0
1781140188	XAUUSD	M5	4179.64	4146.62318	4199.96608	4115.84389			4179.67452581	4177.02893909	0
1781140488	XAUUSD	M5	4171.61	4146.23258	4199.57548	4115.45329			4178.79687829	4177.91290869	0
1781140788	XAUUSD	M5	4173.49	4145.84197	4199.18487	4115.06268			4176.74593648	4177.32942259	1
1781141088	XAUUSD	M5	4174.19	4145.45137	4198.79427	4114.67208			4173.92894153	4175.62918206	0
1781141388	XAUUSD	M5	4168.59	4145.06077	4198.40367	4114.28147			4170.62719431	4173.12818818	0
1781141688	XAUUSD	M5	4170.71	4144.67016	4198.01306	4113.89087			4167.05030964	4170.08924891	0
1781141988	XAUUSD	M5	4161.02	4144.27956	4197.62246	4113.50027			4163.05230797	4166.57077844	0
1781142288	XAUUSD	M5	4160.28	4143.88895	4197.23185	4113.10966			4158.65523615	4162.61300730	0
1781142588	XAUUSD	M5	4158.02	4143.49835	4196.84125	4112.71906			4153.68424665	4158.14862698	0
1781142888	XAUUSD	M5	4150.06	4143.10775	4196.45065	4112.32846			4148.14788305	4153.14825501	0
1781143188	XAUUSD	M5	4140.72	4142.71714	4196.06004	4111.93785			4142.35887317	4147.75356409	0
1781143488	XAUUSD	M5	4138.16	4142.32654	4195.66944	4111.54725			4136.80178483	4142.27767446	0
1781143788	XAUUSD	M5	4124.86	4141.93594	4195.27883	4111.15664			4131.86795627	4137.07281537	0
1781144088	XAUUSD	M5	4129.11	4141.54533	4194.88823	4110.76604			4128.11881243	4132.59581390	0
1781144388	XAUUSD	M5	4126.63	4141.15473	4194.49763	4110.37544			4125.55449753	4129.07515572	0
1781144688	XAUUSD	M5	4123.79	4140.76412	4194.10702	4109.98483			4124.16321875	4126.61918723	0
1781144988	XAUUSD	M5	4115.89	4140.37352	4193.71642	4109.59423			4123.76658677	4125.19288700	0
1781145288	XAUUSD	M5	4130.25	4139.98292	4193.32581	4109.20362			4124.16994316	4124.68141508	0
1781145588	XAUUSD	M5	4127.72	4139.59231	4192.93521	4108.81302			4124.67283847	4124.67712678	0
1781145888	XAUUSD	M5	4128.18	4139.20171	4192.54461	4108.42242			4125.04799890	4124.86256284	1
1781146188	XAUUSD	M5	4124.65	4138.81110	4192.15400	4108.03181			4125.15894656	4125.01075470	0
1781146488	XAUUSD	M5	4128.75	4138.42050	4191.76340	4107.64121			4125.15137483	4125.08106476	0
1781146788	XAUUSD	M5	4118.32	4138.02990	4191.37280	4107.25060			4125.11448102	4125.09777289	0
1781147088	XAUUSD	M5	4120.30	4137.63929	4190.98219	4106.86000		4106.86000	4125.49268967	4125.29523128	0
1781147388	XAUUSD	M5	4128.99	4137.24869	4190.59159	4106.46940			4126.32786346	4125.81154737	0
1781147688	XAUUSD	M5	4126.73	4136.85808	4190.20098	4106.07879			4127.36713374	4126.58934055	0
1781147988	XAUUSD	M5	4130.25	4136.46748	4189.81038	4105.68819			4128.49121425	4127.54027740	0
1781148288	XAUUSD	M5	4129.23	4136.07688	4189.41978	4105.29758			4129.35886793	4128.44957267	0
1781148588	XAUUSD	M5	4132.52	4135.68627	4189.02917	4104.90698			4129.76599099	4129.10778183	0
1781148888	XAUUSD	M5	4129.82	4135.29567	4188.63857	4104.51638			4129.52190027	4129.31484105	0
1781149188	XAUUSD	M5	4127.54	4134.90506	4188.24796	4104.12577			4128.72830475	4129.02157290	1
1781149488	XAUUSD	M5	4129.31	4134.51446	4187.85736	4103.73517			4127.59317590	4128.30737440	0
1781149788	XAUUSD	M5	4127.92	4134.12386	4187.46676	4103.34456			4126.30530856	4127.30634148	0
1781150088	XAUUSD	M5	4122.36	4133.73325	4187.07615	4102.95396			4125.08995900	4126.19815024	0
1781150388	XAUUSD	M5	4120.51	4133.34265	4186.68555	4102.56336			4124.16833814	4125.18324419	0
1781150688	XAUUSD	M5	4120.31	4132.95204	4186.29494	4102.17275			4123.52451544	4124.35387982	0
1781150988	XAUUSD	M5	4121.98	4132.56144	4185.90434	4101.78215			4122.95313864	4123.65350923	0
1781151288	XAUUSD	M5	4132.17	4132.17084	4185.51374	4101.39154	4134.97000		4122.12976132	4122.89163528	0
1781151588	XAUUSD	M5	4120.20	4131.78023	4185.12313	4101.00094			4120.56011655	4121.72587591	0
1781151888	XAUUSD	M5	4118.08	4131.38963	4184.73253	4100.61034			4118.38955349	4120.05771470	0
1781152188	XAUUSD	M5	4113.91	4130.99902	4184.34192	4100.21973			4115.73035625	4117.89403548	0
1781152488	XAUUSD	M5	4111.84	4130.60842	4183.95132	4099.82913			4112.92197215	4115.40800381	0
1781152788	XAUUSD	M5	4110.89	4130.21782	4183.56072	4099.43853			4110.35928673	4112.88364527	0
1781153088	XAUUSD	M5	4111.19	4129.82721	4183.17011	4099.04792			4108.43832535	4110.66098531	0
1781153388	XAUUSD	M5	4105.31	4129.43661	4182.77951	4098.65732			4107.42404458	4109.04251494	0
1781153688	XAUUSD	M5	4102.34	4129.04601	4182.38890	4098.26671			4107.55254754	4108.29753124	0
1781153988	XAUUSD	M5	4111.41	4128.65540	4181.99830	4097.87611			4108.77026177	4108.53389651	1
1781154288	XAUUSD	M5	4109.83	4128.26480	4181.60770	4097.48551			4110.55837992	4109.54613821	0
1781154588	XAUUSD	M5	4111.66	4127.87419	4181.21709	4097.09490			4112.51161020	4111.02887421	0
1781154888	XAUUSD	M5	4119.80	4127.48359	4180.82649	4096.70430			4114.17684200	4112.60285810	0
1781155188	XAUUSD	M5	4114.49	4127.09299	4180.43589	4096.31369			4115.07459187	4113.83872499	0
1781155488	XAUUSD	M5	4115.96	4126.70238	4180.04528	4095.92309			4115.20034514	4114.51953507	0
1781155788	XAUUSD	M5	4112.66	4126.31178	4179.65468	4095.53249			4114.56153695	4114.54053601	0
1781156088	XAUUSD	M5	4112.79	4125.92117	4179.26407	4095.14188			4113.39303259	4113.96678430	1
1781156388	XAUUSD	M5	4112.47	4125.53057	4178.87347	4094.75128			4111.85764075	4112.91221252	0
1781156688	XAUUSD	M5	4109.23	4125.13997	4178.48287	4094.36067			4110.07661484	4111.49441368	0
1781156988	XAUUSD	M5	4107.46	4124.74936	4178.09226	4093.97007			4108.17043529	4109.83242448	0
1781157288	XAUUSD	M5	4104.98	4124.35876	4177.70166	4093.57947			4106.13604968	4107.98423708	0
1781157588	XAUUSD	M5	4104.41	4123.96815	4177.31105	4093.18886			4103.91767173	4105.95095441	0
1781157888	XAUUSD	M5	4101.49	4123.57755	4176.92045	4092.79826			4101.43103062	4103.69099251	0
1781158188	XAUUSD	M5	4101.23	4123.18695	4176.52985	4092.40765			4098.71816058	4101.20457655	0
1781158488	XAUUSD	M5	4096.25	4122.79634	4176.13924	4092.01705			4095.84651586	4098.52554620	0
1781158788	XAUUSD	M5	4095.13	4122.40574	4175.74864	4091.62645			4093.08038232	4095.80296426	0
1781159088	XAUUSD	M5	4089.00	4122.01513	4175.35803	4091.23584			4090.64000101	4093.22148263	0
1781159388	XAUUSD	M5	4089.85	4121.62453	4174.96743	4090.84524			4088.84959876	4091.03554070	0
1781159688	XAUUSD	M5	4084.95	4121.23393	4174.57683	4090.45463			4087.76273416	4089.39913743	0
1781159988	XAUUSD	M5	4084.73	4120.84332	4174.18622	4090.06403			4087.40296003	4088.40104873	0
1781160288	XAUUSD	M5	4086.30	4120.45272	4173.79562	4089.67343			4087.51219208	4087.95662041	0
1781160588	XAUUSD	M5	4086.38	4120.06211	4173.40501	4089.28282			4087.64914242	4087.80288141	0
1781160888	XAUUSD	M5	4091.63	4119.67151	4173.01441	4088.89222			4087.41271988	4087.60780065	0
1781161188	XAUUSD	M5	4088.42	4119.28091	4172.62381	4088.50162			4086.37207363	4086.98993714	0
1781161488	XAUUSD	M5	4087.29	4118.89030	4172.23320	4088.11101			4084.46530885	4085.72762300	0
1781161788	XAUUSD	M5	4082.84	4118.49970	4171.84260	4087.72041			4081.82980949	4083.77871624	0
1781162088	XAUUSD	M5	4077.59	4118.10910	4171.45199	4087.32980			4078.88644116	4081.33257870	0
1781162388	XAUUSD	M5	4071.12	4117.71849	4171.06139	4086.93920			4076.22033797	4078.77645834	0
1781162688	XAUUSD	M5	4072.13	4117.32789	4170.67079	4086.54860			4074.42036702	4076.59841268	0
1781162988	XAUUSD	M5	4073.98	4116.93728	4170.28018	4086.15799			4073.73053465	4075.16447367	0
1781163288	XAUUSD	M5	4076.46	4116.54668	4169.88958	4085.76739			4074.07866153	4074.62156760	0
1781163588	XAUUSD	M5	4078.46	4116.15608	4169.49897	4085.37678			4075.07079083	4074.84617921	1
1781163888	XAUUSD	M5	4076.13	4115.76547	4169.10837	4084.98618			4076.07951838	4075.46284879	0
1781164188	XAUUSD	M5	4076.47	4115.37487	4168.71777	4084.59558			4076.46154271	4075.96219575	0
1781164488	XAUUSD	M5	4072.83	4114.98426	4168.32716	4084.20497			4075.59300211	4075.77759893	1
1781164788	XAUUSD	M5	4067.94	4114.59366	4167.93656	4083.81437			4073.16777067	4074.47268480	0
1781165088	XAUUSD	M5	4069.09	4114.20306	4167.54596	4083.42376			4069.27006617	4071.87137548	0
1781165388	XAUUSD	M5	4071.24	4113.81245	4167.15535	4083.03316			4064.25179190	4068.06158369	0
1781169288	XAUUSD	M5	4063.41	4113.42185	4166.76475	4082.64256			4058.75212756	4063.40685563	0
1781169588	XAUUSD	M5	4050.98	4113.03124	4166.37414	4082.25195			4053.79264961	4058.59975262	0
1781169888	XAUUSD	M5	4056.10	4112.64064	4165.98354	4081.86135			4050.39723901	4054.49849581	0
1781170188	XAUUSD	M5	4047.61	4112.25004	4165.59294	4081.47074			4048.86603786	4051.68226684	0
1781170488	XAUUSD	M5	4038.36	4111.85943	4165.20233	4081.08014			4049.33279494	4050.50753089	0
1781170788	XAUUSD	M5	4044.93	4111.46883	4164.81173	4080.68954			4051.48204950	4050.99479020	1
1781171088	XAUUSD	M5	4050.73	4111.07822	4164.42112	4080.29893			4054.27348992	4052.63414006	0
1781171388	XAUUSD	M5	4065.45	4110.68762	4164.03052	4079.90833			4056.58039315	4054.60726660	0
1781171688	XAUUSD	M5	4062.93	4110.29702	4163.63992	4079.51772			4057.27507899	4055.94117280	0
1781171988	XAUUSD	M5	4062.10	4109.90641	4163.24931	4079.12712			4056.05908049	4056.00012664	0
1781172288	XAUUSD	M5	4053.82	4109.51581	4162.85871	4078.73652			4053.13650879	4054.56831771	1
1781172588	XAUUSD	M5	4046.54	4109.12520	4162.46810	4078.34591			4049.35402153	4051.96116962	0
1781172888	XAUUSD	M5	4049.66	4108.73460	4162.07750	4077.95531			4045.78807610	4048.87462286	0
1781173188	XAUUSD	M5	4040.57	4108.34400	4161.68690	4077.56470			4043.24297543	4046.05879915	0
1781173488	XAUUSD	M5	4030.16	4107.95339	4161.29629	4077.17410		4023.88000	4042.50572187	4044.28226051	0
1781173788	XAUUSD	M5	4039.13	4107.56279	4160.90569	4076.78350			4043.91324609	4044.09775330	0
1781174088	XAUUSD	M5	4043.53	4107.17218	4160.51508	4076.39289			4046.85562027	4045.47668678	1
1781174388	XAUUSD	M5	4061.60	4106.78158	4160.12448	4076.00229			4050.44522574	4047.96095626	0
1781174688	XAUUSD	M5	4058.03	4106.39098	4159.73388	4075.61169			4053.37771982	4050.66933804	0
1781174988	XAUUSD	M5	4060.76	4106.00037	4159.34327	4075.22108			4055.02451933	4052.84692869	0
1781175288	XAUUSD	M5	4056.24	4105.60977	4158.95267	4074.83048			4055.02904788	4053.93798828	0
1781175588	XAUUSD	M5	4050.19	4105.21917	4158.56206	4074.43987			4053.67297678	4053.80548253	1
1781175888	XAUUSD	M5	4051.02	4104.82856	4158.17146	4074.04927			4051.66962552	4052.73755403	0
1781176188	XAUUSD	M5	4047.12	4104.43796	4157.78086	4073.65867			4049.79691819	4051.26723611	0
1781176488	XAUUSD	M5	4043.72	4104.04735	4157.39025	4073.26806			4048.91431212	4050.09077411	0
1781176788	XAUUSD	M5	4043.09	4103.65675	4156.99965	4072.87746			4049.61271656	4049.85174534	0
1781177088	XAUUSD	M5	4052.25	4103.26615	4156.60905	4072.48685			4052.00090991	4050.92632763	1
1781177388	XAUUSD	M5	4065.20	4102.87554	4156.21844	4072.09625			4055.55291432	4053.23962097	0
1781177688	XAUUSD	M5	4061.46	4102.48494	4155.82784	4071.70565			4059.38326015	4056.31144056	0
1781177988	XAUUSD	M5	4067.63	4102.09433	4155.43723	4071.31504			4062.91957312	4059.61550684	0
1781178288	XAUUSD	M5	4064.22	4101.70373	4155.04663	4070.92444			4065.55301946	4062.58426315	0
1781178588	XAUUSD	M5	4063.45	4101.31313	4154.65603	4070.53383			4067.23925717	4064.91176016	0
1781178888	XAUUSD	M5	4063.41	4100.92252	4154.26542	4070.14323			4068.26452118	4066.58814067	0
1781179188	XAUUSD	M5	4071.43	4100.53192	4153.87482	4069.75263			4069.19415164	4067.89114615	0
1781179488	XAUUSD	M5	4069.26	4100.14131	4153.48421	4069.36202			4070.55397457	4069.22256036	0
1781179788	XAUUSD	M5	4075.79	4099.75071	4153.09361	4068.97142			4073.04007343	4071.13131690	0
1781180088	XAUUSD	M5	4079.27	4099.36011	4152.70301	4068.58081			4076.89603875	4074.01367782	0
1781180388	XAUUSD	M5	4078.72	4098.96950	4152.31240	4068.19021			4082.09262714	4078.05315248	0
1781180688	XAUUSD	M5	4086.85	4098.57890	4151.92180	4067.79961			4088.34653925	4083.19984587	0
1781180988	XAUUSD	M5	4094.24	4098.18829	4151.53119	4067.40900			4094.95405375	4089.07694981	0
1781181288	XAUUSD	M5	4102.65	4097.79769	4151.14059	4067.01840			4101.13159336	4095.10427158	0
1781181588	XAUUSD	M5	4104.59	4097.40709	4150.74999	4066.62779			4106.14723288	4100.62575223	0
1781181888	XAUUSD	M5	4111.11	4097.01648	4150.35938	4066.23719			4109.62438510	4105.12506866	0
1781182188	XAUUSD	M5	4114.95	4096.62588	4149.96878	4065.84659			4111.33082047	4108.22794457	0
1781182488	XAUUSD	M5	4113.80	4096.23527	4149.57817	4065.45598	4118.22000		4111.33486258	4109.78140357	0
1781182788	XAUUSD	M5	4111.01	4095.84467	4149.18757	4065.06538			4109.97230578	4109.87685468	0
1781183088	XAUUSD	M5	4103.99	4095.45407	4148.79697	4064.67478			4107.63148807	4108.75417137	1
1781183388	XAUUSD	M5	4101.95	4095.06346	4148.40636	4064.28417			4104.71557577	4106.73487357	0
1781183688	XAUUSD	M5	4100.85	4094.67286	4148.01576	4063.89357			4101.35773850	4104.04630604	0
1781183988	XAUUSD	M5	4094.68	4094.28226	4147.62515	4063.50296			4097.54552707	4100.79591655	0
1781184288	XAUUSD	M5	4089.56	4093.89165	4147.23455	4063.11236			4093.29736780	4097.04664218	0
1781184588	XAUUSD	M5	4093.93	4093.50105	4146.84395	4062.72176			4088.62750674	4092.83707446	0
1781184888	XAUUSD	M5	4090.07	4093.11044	4146.45334	4062.33115			4083.44631326	4088.14169386	0
1781185188	XAUUSD	M5	4082.25	4092.71984	4146.06274	4061.94055			4078.01153825	4083.07661605	0
1781185488	XAUUSD	M5	4073.00	4092.32924	4145.67213	4061.54994			4072.83069914	4077.95365760	0
1781185788	XAUUSD	M5	4066.73	4091.93863	4145.28153	4061.15934			4068.50841792	4073.23103776	0
1781186088	XAUUSD	M5	4059.48	4091.54803	4144.89093	4060.76874			4065.50311765	4069.36707771	0
1781186388	XAUUSD	M5	4054.88	4091.15742	4144.50032	4060.37813		4052.60000	4064.09562327	4066.73135049	0
1781186688	XAUUSD	M5	4062.64	4090.76682	4144.10972	4059.98753			4064.23717280	4065.48426165	0
1781186988	XAUUSD	M5	4067.81	4090.37622	4143.71912	4059.59692			4065.37085298	4065.42755731	0
1781187288	XAUUSD	M5	4075.02	4089.98561	4143.32851	4059.20632			4066.84331720	4066.13543726	1
1781187588	XAUUSD	M5	4076.54	4089.59501	4142.93791	4058.81572			4067.95637441	4067.04590583	0
1781187888	XAUUSD	M5	4065.66	4089.20440	4142.54730	4058.42511			4068.32443714	4067.68517149	0
1781188188	XAUUSD	M5	4065.61	4088.81380	4142.15670	4058.03451			4068.08728378	4067.88622763	0
1781188488	XAUUSD	M5	4062.83	4088.42320	4141.76610	4057.64390			4067.39025317	4067.63824040	1
1781188788	XAUUSD	M5	4063.38	4088.03259	4141.37549	4057.25330			4066.63818817	4067.13821428	0
1781189088	XAUUSD	M5	4067.28	4087.64199	4140.98489	4056.86270			4066.21241973	4066.67531700	0
1781189388	XAUUSD	M5	4070.49	4087.25138	4140.59428	4056.47209			4066.37432939	4066.52482320	0
1781189688	XAUUSD	M5	4067.40	4086.86078	4140.20368	4056.08149			4067.24873450	4066.88677885	1
1781189988	XAUUSD	M5	4065.66	4086.47018	4139.81308	4055.69088			4068.89238319	4067.88958102	0
1781190288	XAUUSD	M5	4073.08	4086.07957	4139.42247	4055.30028			4071.15210670	4069.52084386	0
1781190588	XAUUSD	M5	4072.81	4085.68897	4139.03187	4054.90968			4073.55904934	4071.53994660	0
1781190888	XAUUSD	M5	4072.71	4085.29836	4138.64126	4054.51907			4075.83431068	4073.68712864	0
1781191188	XAUUSD	M5	4080.02	4084.90776	4138.25066	4054.12847			4077.78230813	4075.73471839	0
1781191488	XAUUSD	M5	4082.89	4084.51716	4137.86006	4053.73787			4079.17468047	4077.45469943	0
1781191788	XAUUSD	M5	4081.75	4084.12655	4137.46945	4053.34726			4080.02357743	4078.73913843	0
1781192088	XAUUSD	M5	4081.29	4083.73595	4137.07885	4052.95666			4080.52629054	4079.63271448	0
1781192388	XAUUSD	M5	4077.64	4083.34535	4136.68824	4052.56605			4080.86453594	4080.24862521	0
1781192688	XAUUSD	M5	4077.79	4082.95474	4136.29764	4052.17545			4081.21579097	4080.73220809	0
1781192988	XAUUSD	M5	4078.71	4082.56414	4135.90704	4051.78485			4081.55085082	4081.14152946	0
1781193288	XAUUSD	M5	4082.01	4082.17353	4135.51643	4051.39424			4081.73160271	4081.43656608	0
1781193588	XAUUSD	M5	4083.50	4081.78293	4135.12583	4051.00364			4081.53906910	4081.48781759	0
1781193888	XAUUSD	M5	4083.79	4081.39233	4134.73522	4050.61303			4080.86389458	4081.17585608	1
1781194188	XAUUSD	M5	4082.73	4081.00172	4134.34462	4050.22243			4079.80001289	4080.48793449	0
1781194488	XAUUSD	M5	4077.83	4080.61112	4133.95402	4049.83183			4078.65922711	4079.57358080	0
1781194788	XAUUSD	M5	4079.61	4080.22051	4133.56341	4049.44122			4077.96431433	4078.76894756	0
1781195088	XAUUSD	M5	4077.44	4079.82991	4133.17281	4049.05062			4078.09041086	4078.42967921	0
1781195388	XAUUSD	M5	4079.43	4079.43931	4132.78221	4048.66001			4079.36672289	4078.89820105	1
1781195688	XAUUSD	M5	4077.06	4079.04870	4132.39160	4048.26941			4081.79786448	4080.34803277	0
1781195988	XAUUSD	M5	4075.17	4078.65810	4132.00100	4047.87881			4085.18964374	4082.76883825	0
1781196288	XAUUSD	M5	4095.02	4078.26749	4131.61039	4047.48820			4089.08876803	4085.92880314	0
1781196588	XAUUSD	M5	4093.72	4077.87689	4131.21979	4047.09760			4092.42966927	4089.17923621	0
1781196888	XAUUSD	M5	4099.58	4077.48629	4130.82919	4046.70699			4094.68276556	4091.93100089	0
1781197188	XAUUSD	M5	4100.49	4077.09568	4130.43858	4046.31639	4106.21000		4095.40042497	4093.66571293	0
1781197488	XAUUSD	M5	4094.02	4076.70508	4130.04798	4045.92579			4094.54053656	4094.10312475	0
1781197788	XAUUSD	M5	4094.32	4076.31447	4129.65737	4045.53518			4092.54105941	4093.32209208	1
1781198088	XAUUSD	M5	4084.67	4075.92387	4129.26677	4045.14458			4089.90984764	4091.61596986	0
1781198388	XAUUSD	M5	4080.80	4075.53327	4128.87617	4044.75397			4087.44597998	4089.53097492	0
1781198688	XAUUSD	M5	4084.48	4075.14266	4128.48556	4044.36337			4085.72968450	4087.63032971	0
1781198988	XAUUSD	M5	4086.70	4074.75206	4128.09496	4043.97277			4084.97561430	4086.30297201	0
1781199288	XAUUSD	M5	4091.27	4074.36145	4127.70435	4043.58216			4085.17966007	4085.74131604	0
1781199588	XAUUSD	M5	4086.87	4073.97085	4127.31375	4043.19156			4086.07466228	4085.90798916	1
1781199888	XAUUSD	M5	4084.24	4073.58025	4126.92315	4042.80095			4087.49129761	4086.69964338	0
1781200188	XAUUSD	M5	4088.27	4073.18964	4126.53254	4042.41035			4089.20312694	4087.95138516	0
1781200488	XAUUSD	M5	4092.79	4072.79904	4126.14194	4042.01975			4090.90307447	4089.42722982	0
1781200788	XAUUSD	M5	4091.88	4072.40843	4125.75133	4041.62914			4092.40029407	4090.91376194	0
1781201088	XAUUSD	M5	4097.56	4072.01783	4125.36073	4041.23854			4093.77303230	4092.34339712	0
1781201388	XAUUSD	M5	4094.27	4071.62723	4124.97013	4040.84794			4095.05027171	4093.69683441	0
1781201688	XAUUSD	M5	4094.94	4071.23662	4124.57952	4040.45733			4096.48804683	4095.09244062	0
1781201988	XAUUSD	M5	4093.62	4070.84602	4124.18892	4040.06673			4098.18061235	4096.63652649	0
1781202288	XAUUSD	M5	4096.84	4070.45542	4123.79831	4039.67612			4100.14414974	4098.39033811	0
1781202588	XAUUSD	M5	4105.06	4070.06481	4123.40771	4039.28552			4102.18318409	4100.28676110	0
1781202888	XAUUSD	M5	4107.76	4069.67421	4123.01711	4038.89492			4103.93960502	4102.11318306	0
1781203188	XAUUSD	M5	4107.55	4069.28360	4122.62650	4038.50431			4105.21418988	4103.66368647	0
1781203488	XAUUSD	M5	4107.16	4068.89300	4122.23590	4038.11371			4105.97017400	4104.81693024	0
1781203788	XAUUSD	M5	4104.72	4068.50240	4121.84530	4037.72310			4106.28604190	4105.55148607	0
1781204088	XAUUSD	M5	4107.62	4068.11179	4121.45469	4037.33250			4106.36165328	4105.95656968	0
1781204388	XAUUSD	M5	4103.54	4067.72119	4121.06409	4036.94190			4106.30087854	4106.12872411	0
1781204688	XAUUSD	M5	4103.11	4067.33058	4120.67348	4036.55129			4106.32390968	4106.22631689	0
1781204988	XAUUSD	M5	4105.03	4066.93998	4120.28288	4036.16069			4106.46222745	4106.34427217	0
1781205288	XAUUSD	M5	4106.14	4066.54938	4119.89228	4035.77008			4106.58407715	4106.46417466	0
1781205588	XAUUSD	M5	4111.78	4066.15877	4119.50167	4035.37948			4106.45760502	4106.46088984	1
1781205888	XAUUSD	M5	4106.28	4065.76817	4119.11107	4034.98888	4112.70000		4105.75385487	4106.10737236	0
1781206188	XAUUSD	M5	4105.77	4065.37756	4118.72046	4034.59827			4104.43681102	4105.27209169	0
1781206488	XAUUSD	M5	4102.93	4064.98696	4118.32986	4034.20767			4102.46053447	4103.86631308	0
1781206788	XAUUSD	M5	4097.66	4064.59636	4117.93926	4033.81706			4099.94142923	4101.90387115	0
1781207088	XAUUSD	M5	4095.36	4064.20575	4117.54865	4033.42646			4097.12853267	4099.51620191	0
1781207388	XAUUSD	M5	4095.45	4063.81515	4117.15805	4033.03586			4094.24921196	4096.88270693	0
1781207688	XAUUSD	M5	4090.64	4063.42454	4116.76744	4032.64525			4091.46390748	4094.17330721	0
1781207988	XAUUSD	M5	4089.32	4063.03394	4116.37684	4032.25465			4088.99660929	4091.58495825	0
1781208288	XAUUSD	M5	4086.91	4062.64334	4115.98624	4031.86404			4086.93029356	4089.25762590	0
1781208588	XAUUSD	M5	4084.64	4062.25273	4115.59563	4031.47344			4085.31538479	4087.28650535	0
1781208888	XAUUSD	M5	4085.21	4061.86213	4115.20503	4031.08284			4084.16948111	4085.72799323	0
1781209188	XAUUSD	M5	4080.94	4061.47152	4114.81442	4030.69223			4083.44305806	4084.58552564	0
1781209488	XAUUSD	M5	4086.04	4061.08092	4114.42382	4030.30163			4083.20451720	4083.89502142	0
1781209788	XAUUSD	M5	4086.76	4060.69032	4114.03322	4029.91103			4083.32605446	4083.61053794	0
1781210088	XAUUSD	M5	4085.13	4060.29971	4113.64261	4029.52042			4083.80283842	4083.70668818	1
1781210388	XAUUSD	M5	4079.48	4059.90911	4113.25201	4029.12982			4084.67511338	4084.19090078	0
1781210688	XAUUSD	M5	4080.69	4059.51851	4112.86140	4028.73921		4077.50000	4086.04741521	4085.11915799	0
1781210988	XAUUSD	M5	4088.69	4059.12790	4112.47080	4028.34861			4087.78045447	4086.44980623	0
1781211288	XAUUSD	M5	4091.70	4058.73730	4112.08020	4027.95801			4089.52716772	4087.98848698	0
1781211588	XAUUSD	M5	4094.04	4058.34669	4111.68959	4027.56740			4091.02337327	4089.50593012	0
1781211888	XAUUSD	M5	4094.05	4057.95609	4111.29899	4027.17680			4092.04599900	4090.77596456	0
1781212188	XAUUSD	M5	4091.69	4057.56549	4110.90838	4026.78619			4092.51376586	4091.64486521	0
1781212488	XAUUSD	M5	4091.86	4057.17488	4110.51778	4026.39559			4092.49177229	4092.06831875	0
1781212788	XAUUSD	M5	4090.63	4056.78428	4110.12718	4026.00499			4092.08194255	4092.07513065	0
1781213088	XAUUSD	M5	4092.21	4056.39367	4109.73657	4025.61438			4091.46822341	4091.77167703	1
1781213388	XAUUSD	M5	4086.93	4056.00307	4109.34597	4025.22378			4090.78325367	4091.27746535	0
1781213688	XAUUSD	M5	4093.76	4055.61247	4108.95537	4024.83317			4090.30268705	4090.79007620	0
1781213988	XAUUSD	M5	4087.99	4055.22186	4108.56476	4024.44257			4089.97279212	4090.38143416	0
1781214288	XAUUSD	M5	4092.40	4054.83126	4108.17416	4024.05197			4089.94922302	4090.16532859	0
1781214588	XAUUSD	M5	4090.99	4054.44065	4107.78355	4023.66136			4090.08983338	4090.12758099	0
1781214888	XAUUSD	M5	4090.56	4054.05005	4107.39295	4023.27076			4090.32609562	4090.22683830	1
1781215188	XAUUSD	M5	4088.60	4053.65945	4107.00235	4022.88015			4090.56302009	4090.39492920	0
1781215488	XAUUSD	M5	4089.80	4053.26884	4106.61174	4022.48955			4090.71677444	4090.55585182	0
1781215788	XAUUSD	M5	4089.97	4052.87824	4106.22114	4022.09895			4090.64689002	4090.60137092	0
1781216088	XAUUSD	M5	4091.91	4052.48763	4105.83053	4021.70834			4090.28605031	4090.44371062	1
1781216388	XAUUSD	M5	4091.34	4052.09703	4105.43993	4021.31774			4089.59564449	4090.01967755	0
1781216688	XAUUSD	M5	4086.59	4051.70643	4105.04933	4020.92713			4088.67141105	4089.34554430	0
1781216988	XAUUSD	M5	4086.81	4051.31582	4104.65872	4020.53653			4087.75878853	4088.55216642	0
1781217288	XAUUSD	M5	4086.38	4050.92522	4104.26812	4020.14593			4086.99783679	4087.77500160	0
1781217588	XAUUSD	M5	4090.39	4050.53461	4103.87751	4019.75532			4086.51294863	4087.14397512	0
1781217888	XAUUSD	M5	4088.30	4050.14401	4103.48691	4019.36472	4095.86000		4086.25427399	4086.69912456	0
1781218188	XAUUSD	M5	4083.40	4049.75341	4103.09631	4018.97411			4086.20714274	4086.45313365	0
1781218488	XAUUSD	M5	4084.94	4049.36280	4102.70570	4018.58351			4086.31614054	4086.38463709	0
1781218788	XAUUSD	M5	4085.16	4048.97220	4102.31510	4018.19291			4086.25492683	4086.31978196	0
1781219088	XAUUSD	M5	4086.19	4048.58159	4101.92449	4017.80230			4085.68344424	4086.00161310	0
1781219388	XAUUSD	M5	4080.34	4048.19099	4101.53389	4017.41170			4084.28688255	4085.14424783	0
1781219688	XAUUSD	M5	4086.53	4047.80039	4101.14329	4017.02110			4082.07764703	4083.61094743	0
1781219988	XAUUSD	M5	4079.94	4047.40978	4100.75268	4016.63049			4079.00393632	4081.30744187	0
1781220288	XAUUSD	M5	4076.41	4047.01918	4100.36208	4016.23989			4075.51598761	4078.41171474	0
1781220588	XAUUSD	M5	4075.14	4046.62858	4099.97147	4015.84928			4072.18177674	4075.29674574	0
1781220888	XAUUSD	M5	4069.00	4046.23797	4099.58087	4015.45868			4069.56545377	4072.43109976	0
1781221188	XAUUSD	M5	4069.08	4045.84737	4099.19027	4015.06808			4068.24923381	4070.34016679	0
1781221488	XAUUSD	M5	4062.56	4045.45676	4098.79966	4014.67747		4057.54000	4068.44631910	4069.39324294	0
1781221788	XAUUSD	M5	4065.94	4045.06616	4098.40906	4014.28687			4070.19666353	4069.79495324	1
1781222088	XAUUSD	M5	4073.40	4044.67556	4098.01846	4013.89626			4073.00229444	4071.39862384	0
1781222388	XAUUSD	M5	4077.31	4044.28495	4097.62785	4013.50566			4076.07752226	4073.73807305	0
1781222688	XAUUSD	M5	4080.14	4043.89435	4097.23725	4013.11506			4078.69853140	4076.21830223	0
1781222988	XAUUSD	M5	4082.22	4043.50374	4096.84664	4012.72445			4080.31635119	4078.26732671	0
1781223288	XAUUSD	M5	4083.88	4043.11314	4096.45604	4012.33385			4080.69148134	4079.47940402	0
1781223588	XAUUSD	M5	4085.84	4042.72254	4096.06544	4011.94324			4079.91865869	4079.69903136	0
1781223888	XAUUSD	M5	4073.21	4042.33193	4095.67483	4011.55264			4078.36317383	4079.03110259	1
1781224188	XAUUSD	M5	4072.88	4041.94133	4095.28423	4011.16204			4076.85389013	4077.94249636	0
1781224488	XAUUSD	M5	4075.95	4041.55072	4094.89362	4010.77143			4075.88769606	4076.91509621	0
1781224788	XAUUSD	M5	4075.71	4041.16012	4094.50302	4010.38083			4075.66782731	4076.29146176	0
1781225088	XAUUSD	M5	4075.30	4040.76952	4094.11242	4009.99022			4076.19128612	4076.24137394	0
1781225388	XAUUSD	M5	4072.51	4040.37891	4093.72181	4009.59962			4077.19154912	4076.71646153	1
1781225688	XAUUSD	M5	4076.28	4039.98831	4093.33121	4009.20902			4078.27979018	4077.49812586	0
1781225988	XAUUSD	M5	4083.92	4039.59770	4092.94060	4008.81841			4078.89296862	4078.19554724	0
1781226288	XAUUSD	M5	4084.96	4039.20710	4092.55000	4008.42781	4092.55000		4078.53216030	4078.36385377	0
1781226588	XAUUSD	M5	4083.18	4038.81650	4092.15940	4008.03720			4077.11838021	4077.74111699	1
1781226888	XAUUSD	M5	4078.35	4038.42589	4091.76879	4007.64660			4074.92540248	4076.33325974	0
1781227188	XAUUSD	M5	4062.87	4038.03529	4091.37819	4007.25600			4072.50765803	4074.42045888	0
1781227488	XAUUSD	M5	4061.06	4037.64468	4090.98758	4006.86539		4053.03000	4070.72471836	4072.57258862	0
1781227788	XAUUSD	M5	4063.54	4037.25408	4090.59698	4006.47479			4069.99858769	4071.28558816	0
1781228088	XAUUSD	M5	4079.67	4036.86348	4090.20638	4006.08419			4070.41299634	4070.84929225	0
1781228388	XAUUSD	M5	4074.78	4036.47287	4089.81577	4005.69358			4071.49926091	4071.17427658	1
1781228688	XAUUSD	M5	4072.64	4036.08227	4089.42517	4005.30298			4073.08954113	4072.13190886	0
1781228988	XAUUSD	M5	4078.74	4035.69167	4089.03456	4004.91237			4074.87013779	4073.50102333	0
1781229288	XAUUSD	M5	4076.19	4035.30106	4088.64396	4004.52177			4076.37056913	4074.93579623	0
1781229588	XAUUSD	M5	4078.67	4034.91046	4088.25336	4004.13117			4077.42979756	4076.18279689	0
1781229888	XAUUSD	M5	4076.99	4034.51985	4087.86275	4003.74056			4077.93641644	4077.05960667	0
1781230188	XAUUSD	M5	4073.47	4034.12925	4087.47215	4003.34996			4078.03848798	4077.54904732	0
1781230488	XAUUSD	M5	4073.49	4033.73865	4087.08154	4002.95935			4078.01071634	4077.77988183	0
1781230788	XAUUSD	M5	4080.98	4033.34804	4086.69094	4002.56875			4078.06526120	4077.92257151	0
1781231088	XAUUSD	M5	4080.65	4032.95744	4086.30034	4002.17815			4078.26509440	4078.09383296	0
1781231388	XAUUSD	M5	4081.96	4032.56683	4085.90973	4001.78754			4078.78629767	4078.44006532	0
1781231688	XAUUSD	M5	4078.86	4032.17623	4085.51913	4001.39694			4079.73345482	4079.08676007	0
1781231988	XAUUSD	M5	4081.62	4031.78563	4085.12853	4001.00633			4081.21362135	4080.15019071	0
1781232288	XAUUSD	M5	4079.64	4031.39502	4084.73792	4000.61573			4083.10409810	4081.62714440	0
1781232588	XAUUSD	M5	4085.98	4031.00442	4084.34732	4000.22513			4085.30831819	4083.46773130	0
1781232888	XAUUSD	M5	4088.15	4030.61381	4083.95671	3999.83452			4087.47378995	4085.47076062	0
1781233188	XAUUSD	M5	4089.81	4030.22321	4083.56611	3999.44392			4089.33857654	4087.40466858	0
1781233488	XAUUSD	M5	4090.55	4029.83261	4083.17551	3999.05331			4090.69903330	4089.05185094	0
1781233788	XAUUSD	M5	4088.77	4029.44200	4082.78490	3998.66271			4091.49421662	4090.27303378	0
1781234088	XAUUSD	M5	4087.50	4029.05140	4082.39430	3998.27211			4091.83305983	4091.05304680	0
1781234388	XAUUSD	M5	4092.68	4028.66079	4082.00369	3997.88150			4091.88015579	4091.46660130	0
1781234688	XAUUSD	M5	4102.66	4028.27019	4081.61309	3997.49090			4091.66145690	4091.56402910	0
1781234988	XAUUSD	M5	4096.93	4027.87959	4081.22249	3997.10029			4091.03222628	4091.29812769	1
1781235288	XAUUSD	M5	4087.79	4027.48898	4080.83188	3996.70969			4090.11452081	4090.70632425	0
1781235588	XAUUSD	M5	4079.68	4027.09838	4080.44128	3996.31909			4089.00055070	4089.85343748	0
1781235888	XAUUSD	M5	4084.74	4026.70777	4080.05067	3995.92848			4087.64067922	4088.74705835	0
1781236188	XAUUSD	M5	4082.65	4026.31717	4079.66007	3995.53788			4085.63441932	4087.19073884	0
1781236488	XAUUSD	M5	4081.96	4025.92657	4079.26947	3995.14728			4082.86752266	4085.02913075	0
1781236788	XAUUSD	M5	4081.44	4025.53596	4078.87886	3994.75667			4079.43282521	4082.23097798	0
1781237088	XAUUSD	M5	4079.69	4025.14536	4078.48826	3994.36607			4075.78907099	4079.01002449	0
1781237388	XAUUSD	M5	4080.20	4024.75476	4078.09765	3993.97546			4072.79072160	4075.90037304	0
1781237688	XAUUSD	M5	4074.76	4024.36415	4077.70705	3993.58486		4072.10000	4071.49584665	4073.69810985	0
1781237988	XAUUSD	M5	4076.68	4023.97355	4077.31645	3993.19426			4073.07992127	4073.38901556	0
1781238288	XAUUSD	M5	4076.11	4023.58294	4076.92584	3992.80365			4078.27941770	4075.83421663	1
1781238588	XAUUSD	M5	4078.44	4023.19234	4076.53524	3992.41305			4087.34613535	4081.59017599	0
1781238888	XAUUSD	M5	4080.45	4022.80174	4076.14463	3992.02244			4099.77814346	4090.68415973	0
1781239188	XAUUSD	M5	4101.82	4022.41113	4075.75403	3991.63184			4114.42050669	4102.55233321	0
1781239488	XAUUSD	M5	4149.25	4022.02053	4075.36343	3991.24124			4129.26386806	4115.90810063	0
1781239788	XAUUSD	M5	4150.15	4021.62992	4074.97282	3990.85063			4141.67992588	4128.79401326	0
1781240088	XAUUSD	M5	4166.78	4021.23932	4074.58222	3990.46003			4150.49292989	4139.64347157	0
1781240388	XAUUSD	M5	4154.09	4020.84872	4074.19162	3990.06942			4154.92083614	4147.28215386	0
1781240688	XAUUSD	M5	4153.43	4020.45811	4073.80101	3989.67882			4155.64530556	4151.46372971	0
1781240988	XAUUSD	M5	4151.83	4020.06751	4073.41041	3989.28822			4153.73809325	4152.60091148	0
1781241288	XAUUSD	M5	4138.69	4019.67690	4073.01980	3988.89761			4150.64526574	4151.62308861	1
1781241588	XAUUSD	M5	4135.62	4019.28630	4072.62920	3988.50701			4148.05222163	4149.83765512	0
1781241888	XAUUSD	M5	4146.93	4018.89570	4072.23860	3988.11640			4147.03803925	4148.43784718	0
1781242188	XAUUSD	M5	4161.23	4018.50509	4071.84799	3987.72580			4147.79114341	4148.11449530	0
1781242488	XAUUSD	M5	4155.83	4018.11449	4071.45739	3987.33520			4149.87706470	4148.99578000	1
1781242788	XAUUSD	M5	4152.94	4017.72388	4071.06678	3986.94459			4152.92609092	4150.96093546	0
1781243088	XAUUSD	M5	4154.02	4017.33328	4070.67618	3986.55399			4156.37443095	4153.66768321	0
1781243388	XAUUSD	M5	4156.45	4016.94268	4070.28558	3986.16338			4159.66360011	4156.66564166	0
1781243688	XAUUSD	M5	4164.79	4016.55207	4069.89497	3985.77278			4162.47306774	4159.56935470	0
1781243988	XAUUSD	M5	4168.14	4016.16147	4069.50437	3985.38218			4164.70958134	4162.13946802	0
1781244288	XAUUSD	M5	4164.81	4015.77086	4069.11376	3984.99157			4166.73476474	4164.43711638	0
1781244588	XAUUSD	M5	4161.80	4015.38026	4068.72316	3984.60097			4169.23256135	4166.83483887	0
1781244888	XAUUSD	M5	4174.33	4014.98966	4068.33256	3984.21036			4172.81691976	4169.82587931	0
1781245188	XAUUSD	M5	4174.18	4014.59905	4067.94195	3983.81976			4177.51345439	4173.66966685	0
1781245488	XAUUSD	M5	4188.24	4014.20845	4067.55135	3983.42916			4183.32052101	4178.49509393	0
1781245788	XAUUSD	M5	4195.56	4013.81784	4067.16074	3983.03855			4189.61943835	4184.05726614	0
1781246088	XAUUSD	M5	4191.80	4013.42724	4066.77014	3982.64795			4195.78193179	4189.91959896	0
1781246388	XAUUSD	M5	4195.57	4013.03664	4066.37954	3982.25735			4201.42127453	4195.67043675	0
1781246688	XAUUSD	M5	4214.77	4012.64603	4065.98893	3981.86674			4206.09231153	4200.88137414	0
1781246988	XAUUSD	M5	4208.51	4012.25543	4065.59833	3981.47614			4209.24601706	4205.06369560	0
1781247288	XAUUSD	M5	4210.32	4011.86483	4065.20772	3981.08553			4211.13519713	4208.09944637	0
1781247588	XAUUSD	M5	4210.09	4011.47422	4064.81712	3980.69493			4212.03003322	4210.06473979	0
1781247888	XAUUSD	M5	4215.31	4011.08362	4064.42652	3980.30433			4212.32420046	4211.19447012	0
1781248188	XAUUSD	M5	4209.02	4010.69301	4064.03591	3979.91372			4212.27350714	4211.73398863	0
1781248488	XAUUSD	M5	4208.40	4010.30241	4063.64531	3979.52312			4212.27218428	4212.00308645	0
1781248788	XAUUSD	M5	4214.85	4009.91181	4063.25470	3979.13251			4212.43857632	4212.22083139	0
1781249088	XAUUSD	M5	4213.76	4009.52120	4062.86410	3978.74191			4212.66503714	4212.44293426	0
1781249388	XAUUSD	M5	4213.41	4009.13060	4062.47350	3978.35131			4212.93072436	4212.68682931	0
1781249688	XAUUSD	M5	4215.75	4008.73999	4062.08289	3977.96070			4213.19705398	4212.94194165	0
1781249988	XAUUSD	M5	4214.11	4008.34939	4061.69229	3977.57010			4213.34545031	4213.14369598	0
1781250288	XAUUSD	M5	4213.68	4007.95879	4061.30169	3977.17949			4213.34305564	4213.24337581	0
1781250588	XAUUSD	M5	4211.03	4007.56818	4060.91108	3976.78889			4213.14568770	4213.19453176	1
1781250888	XAUUSD	M5	4209.73	4007.17758	4060.52048	3976.39829			4212.74929088	4212.97191132	0
1781251188	XAUUSD	M5	4211.29	4006.78697	4060.12987	3976.00768			4212.11445150	4212.54318141	0
1781251488	XAUUSD	M5	4212.17	4006.39637	4059.73927	3975.61708			4211.17481767	4211.85899954	0
1781251788	XAUUSD	M5	4210.88	4006.00577	4059.34867	3975.22647			4209.96948865	4210.91424410	0
1781255688	XAUUSD	M5	4208.50	4005.61516	4058.95806	3974.83587		4205.28000	4208.70462682	4209.80943546	0
1781255988	XAUUSD	M5	4209.46	4005.22456	4058.56746	3974.44527			4207.71077227	4208.76010387	0
1781256288	XAUUSD	M5	4209.72	4004.83395	4058.17685	3974.05466			4207.31578530	4208.03794458	0
1781256588	XAUUSD	M5	4208.19	4004.44335	4057.78625	3973.66406			4207.86225449	4207.95009954	0
1781256888	XAUUSD	M5	4206.47	4004.05275	4057.39565	3973.27345			4209.63570094	4208.79290024	1
1781257188	XAUUSD	M5	4214.85	4003.66214	4057.00504	3972.88285			4212.74365723	4210.76827873	0
1781257488	XAUUSD	M5	4214.12	4003.27154	4056.61444	3972.49225			4216.82100967	4213.79464420	0
1781257788	XAUUSD	M5	4215.57	4002.88093	4056.22383	3972.10164			4221.49765428	4217.64614924	0
1781258088	XAUUSD	M5	4225.95	4002.49033	4055.83323	3971.71104			4226.17708147	4221.91161536	0
1781258388	XAUUSD	M5	4232.06	4002.09973	4055.44263	3971.32044			4230.01674358	4225.96417947	0
1781258688	XAUUSD	M5	4235.64	4001.70912	4055.05202	3970.92983			4232.37649662	4229.17033805	0
1781258988	XAUUSD	M5	4243.42	4001.31852	4054.66142	3970.53923	4246.77000		4232.92190878	4231.04612341	0
1781259288	XAUUSD	M5	4227.21	4000.92792	4054.27081	3970.14862			4231.53385990	4231.28999166	0
1781259588	XAUUSD	M5	4225.92	4000.53731	4053.88021	3969.75802			4228.90084846	4230.09542006	1
1781259888	XAUUSD	M5	4223.82	4000.14671	4053.48961	3969.36742			4225.58549587	4227.84045796	0
1781260188	XAUUSD	M5	4222.45	3999.75610	4053.09900	3968.97681			4222.20189516	4225.02117656	0
1781260488	XAUUSD	M5	4216.09	3999.36550	4052.70840	3968.58621			4219.25541200	4222.13829428	0
1781260788	XAUUSD	M5	4216.80	3998.97490	4052.31779	3968.19560			4217.20197332	4219.67013380	0
1781261088	XAUUSD	M5	4216.63	3998.58429	4051.92719	3967.80500			4216.12827269	4217.89920324	0
1781261388	XAUUSD	M5	4216.64	3998.19369	4051.53659	3967.41440			4215.93254916	4216.91587620	0
1781261688	XAUUSD	M5	4219.28	3997.80308	4051.14598	3967.02379			4216.37454236	4216.64520928	0
1781261988	XAUUSD	M5	4219.33	3997.41248	4050.75538	3966.63319			4217.13313249	4216.88917089	1
1781262288	XAUUSD	M5	4216.29	3997.02188	4050.36478	3966.24258			4217.97640196	4217.43278642	0
1781262588	XAUUSD	M5	4219.85	3996.63127	4049.97417	3965.85198			4218.80981134	4218.12129888	0
1781262888	XAUUSD	M5	4219.16	3996.24067	4049.58357	3965.46138			4219.45951425	4218.79040657	0
1781263188	XAUUSD	M5	4217.27	3995.85006	4049.19296	3965.07077			4219.88477391	4219.33759024	0
1781263488	XAUUSD	M5	4216.87	3995.45946	4048.80236	3964.68017			4220.06338767	4219.70048895	0
1781263788	XAUUSD	M5	4216.42	3995.06886	4048.41176	3964.28956			4219.91576661	4219.80812778	0
1781264088	XAUUSD	M5	4223.84	3994.67825	4048.02115	3963.89896			4219.31719950	4219.56266364	1
1781264388	XAUUSD	M5	4220.39	3994.28765	4047.63055	3963.50836			4217.96864218	4218.76565291	0
1781264688	XAUUSD	M5	4221.43	3993.89704	4047.23994	3963.11775			4215.85734348	4217.31149819	0
1781264988	XAUUSD	M5	4214.81	3993.50644	4046.84934	3962.72715			4212.95115971	4215.13132895	0
1781265288	XAUUSD	M5	4203.54	3993.11584	4046.45874	3962.33654			4209.47136023	4212.30134459	0
1781265588	XAUUSD	M5	4201.96	3992.72523	4046.06813	3961.94594			4205.79332657	4209.04733558	0
1781265888	XAUUSD	M5	4200.88	3992.33463	4045.67753	3961.55534			4202.07296347	4205.56014953	0
1781266188	XAUUSD	M5	4208.28	3991.94402	4045.28692	3961.16473			4198.42072658	4201.99043805	0
1781266488	XAUUSD	M5	4185.07	3991.55342	4044.89632	3960.77413			4194.71136818	4198.35090312	0
1781266788	XAUUSD	M5	4193.19	3991.16282	4044.50572	3960.38352			4191.49521851	4194.92306081	0
1781267088	XAUUSD	M5	4186.98	3990.77221	4044.11511	3959.99292			4188.59666644	4191.75986363	0
1781267388	XAUUSD	M5	4189.29	3990.38161	4043.72451	3959.60232			4186.15158999	4188.95572681	0
1781267688	XAUUSD	M5	4189.49	3989.99100	4043.33390	3959.21171			4184.14123612	4186.54848146	0
1781267988	XAUUSD	M5	4181.08	3989.60040	4042.94330	3958.82111			4182.63742172	4184.59295159	0
1781268288	XAUUSD	M5	4179.96	3989.20980	4042.55270	3958.43051			4181.93334636	4183.26314897	0
1781268588	XAUUSD	M5	4179.15	3988.81919	4042.16209	3958.03990		4171.24000	4182.14570718	4182.70442808	0
1781268888	XAUUSD	M5	4179.27	3988.42859	4041.77149	3957.64930			4183.27778520	4182.99110664	1
1781269188	XAUUSD	M5	4191.42	3988.03799	4041.38088	3957.25869			4185.18527389	4184.08819027	0
1781269488	XAUUSD	M5	4186.37	3987.64738	4040.99028	3956.86809			4187.34135513	4185.71477270	0
1781269788	XAUUSD	M5	4186.75	3987.25678	4040.59968	3956.47749			4189.54254029	4187.62865649	0
1781270088	XAUUSD	M5	4191.14	3986.86617	4040.20907	3956.08688			4191.45043590	4189.53954620	0
1781270388	XAUUSD	M5	4197.35	3986.47557	4039.81847	3955.69628			4192.69148837	4191.11551729	0
1781270688	XAUUSD	M5	4193.93	3986.08497	4039.42787	3955.30567			4192.98154213	4192.04852971	0
1781270988	XAUUSD	M5	4192.78	3985.69436	4039.03726	3954.91507			4192.42319708	4192.23586340	0
1781271288	XAUUSD	M5	4191.27	3985.30376	4038.64666	3954.52447			4191.23479103	4191.73532721	1
1781271588	XAUUSD	M5	4188.66	3984.91315	4038.25605	3954.13386			4189.75101662	4190.74317191	0
1781271888	XAUUSD	M5	4183.07	3984.52255	4037.86545	3953.74326			4188.36256641	4189.55286916	0
1781272188	XAUUSD	M5	4188.97	3984.13195	4037.47485	3953.35265			4187.48652210	4188.51969563	0
1781272488	XAUUSD	M5	4186.14	3983.74134	4037.08424	3952.96205			4187.18205978	4187.85087771	0
1781272788	XAUUSD	M5	4190.62	3983.35074	4036.69364	3952.57145			4187.57992919	4187.71540345	0
1781273088	XAUUSD	M5	4188.90	3982.96013	4036.30303	3952.18084			4188.55029743	4188.13285044	1
1781273388	XAUUSD	M5	4191.58	3982.56953	4035.91243	3951.79024			4190.02237306	4189.07761175	0
1781273688	XAUUSD	M5	4192.08	3982.17893	4035.52183	3951.39963			4191.80705366	4190.44233270	0
1781273988	XAUUSD	M5	4192.72	3981.78832	4035.13122	3951.00903			4193.76385380	4192.10309325	0
1781274288	XAUUSD	M5	4194.01	3981.39772	4034.74062	3950.61843			4195.76651595	4193.93480460	0
1781274588	XAUUSD	M5	4196.24	3981.00711	4034.35001	3950.22782			4197.67553946	4195.80517203	0
1781274888	XAUUSD	M5	4197.63	3980.61651	4033.95941	3949.83722			4199.33222978	4197.56870091	0
1781275188	XAUUSD	M5	4203.50	3980.22591	4033.56881	3949.44661			4200.60647791	4199.08758941	0
1781275488	XAUUSD	M5	4203.86	3979.83530	4033.17820	3949.05601			4201.28324644	4200.18541792	0
1781275788	XAUUSD	M5	4202.13	3979.44470	4032.78760	3948.66541			4201.33629474	4200.76085633	0
1781276088	XAUUSD	M5	4199.23	3979.05409	4032.39699	3948.27480	4205.09000		4200.82543241	4200.79314437	0
1781276388	XAUUSD	M5	4197.43	3978.66349	4032.00639	3947.88420			4199.91034636	4200.35174536	1
1781276688	XAUUSD	M5	4200.59	3978.27289	4031.61579	3947.49360			4198.76560034	4199.55867285	0
1781276988	XAUUSD	M5	4197.00	3977.88228	4031.22518	3947.10299			4197.47826476	4198.51846881	0
1781277288	XAUUSD	M5	4197.21	3977.49168	4030.83458	3946.71239			4196.28674405	4197.40260643	0
1781277588	XAUUSD	M5	4196.35	3977.10108	4030.44397	3946.32178			4195.30372090	4196.35316366	0
1781277888	XAUUSD	M5	4194.32	3976.71047	4030.05337	3945.93118			4194.59616790	4195.47466578	0
1781278188	XAUUSD	M5	4192.11	3976.31987	4029.66277	3945.54058			4194.18346208	4194.82906393	0
1781278488	XAUUSD	M5	4193.15	3975.92926	4029.27216	3945.14997			4194.01071103	4194.41988748	0
1781278788	XAUUSD	M5	4192.74	3975.53866	4028.88156	3944.75937			4193.92463864	4194.17226306	0
1781279088	XAUUSD	M5	4195.74	3975.14806	4028.49095	3944.36876			4193.79485547	4193.98355926	0
1781279388	XAUUSD	M5	4195.38	3974.75745	4028.10035	3943.97816			4193.45921075	4193.72138501	0
1781279688	XAUUSD	M5	4193.50	3974.36685	4027.70975	3943.58756			4192.88309502	4193.30224001	0
1781279988	XAUUSD	M5	4191.07	3973.97624	4027.31914	3943.19695			4192.13475154	4192.71849577	0
1781280288	XAUUSD	M5	4192.44	3973.58564	4026.92854	3942.80635			4191.31570041	4192.01709809	0
1781280588	XAUUSD	M5	4190.09	3973.19504	4026.53794	3942.41574			4190.42669450	4191.22189630	0
1781280888	XAUUSD	M5	4188.10	3972.80443	4026.14733	3942.02514			4189.51868175	4190.37028902	0
1781281188	XAUUSD	M5	4185.29	3972.41383	4025.75673	3941.63454			4188.58256156	4189.47642529	0
1781281488	XAUUSD	M5	4188.81	3972.02322	4025.36612	3941.24393			4187.57103323	4188.52372926	0
1781281788	XAUUSD	M5	4186.06	3971.63262	4024.97552	3940.85333			4186.30158993	4187.41265960	0
1781282088	XAUUSD	M5	4187.09	3971.24202	4024.58492	3940.46272			4184.78674331	4186.09970145	0
1781282388	XAUUSD	M5	4187.11	3970.85141	4024.19431	3940.07212			4183.03550838	4184.56760492	0
1781282688	XAUUSD	M5	4180.40	3970.46081	4023.80371	3939.68152			4181.15038063	4182.85899277	0
1781282988	XAUUSD	M5	4174.99	3970.07020	4023.41310	3939.29091			4179.46887177	4181.16393227	0
1781283288	XAUUSD	M5	4180.37	3969.67960	4023.02250	3938.90031			4178.30587089	4179.73490158	0
1781283588	XAUUSD	M5	4179.09	3969.28900	4022.63190	3938.50970			4177.67565565	4178.70527862	0
1781283888	XAUUSD	M5	4175.31	3968.89839	4022.24129	3938.11910			4177.62904971	4178.16716416	0
1781284188	XAUUSD	M5	4173.40	3968.50779	4021.85069	3937.72850		4170.78000	4178.16902744	4178.16809580	1
1781284488	XAUUSD	M5	4181.28	3968.11718	4021.46008	3937.33789			4179.14300555	4178.65555068	0
1781284788	XAUUSD	M5	4181.83	3967.72658	4021.06948	3936.94729			4180.10282042	4179.37918555	0
1781285088	XAUUSD	M5	4182.93	3967.33598	4020.67888	3936.55668			4180.77828227	4180.07873391	0
1781285388	XAUUSD	M5	4180.68	3966.94537	4020.28827	3936.16608			4180.97934406	4180.52903898	0
1781285688	XAUUSD	M5	4180.37	3966.55477	4019.89767	3935.77548			4180.71404267	4180.62154083	0
1781285988	XAUUSD	M5	4182.10	3966.16416	4019.50706	3935.38487			4180.07407423	4180.34780753	1
1781286288	XAUUSD	M5	4177.50	3965.77356	4019.11646	3934.99427			4179.22254407	4179.78517580	0
1781286588	XAUUSD	M5	4177.97	3965.38296	4018.72586	3934.60367			4178.49850633	4179.14184106	0
1781286888	XAUUSD	M5	4176.49	3964.99235	4018.33525	3934.21306			4178.09148424	4178.61666265	0
1781287188	XAUUSD	M5	4176.39	3964.60175	4017.94465	3933.82246			4178.13080756	4178.37373511	0
1781287488	XAUUSD	M5	4178.48	3964.21115	4017.55404	3933.43185			4178.57487728	4178.47430619	1
1781287788	XAUUSD	M5	4184.20	3963.82054	4017.16344	3933.04125			4179.19753055	4178.83591837	0
1781288088	XAUUSD	M5	4178.35	3963.42994	4016.77284	3932.65065			4179.61782012	4179.22686925	0
1781288388	XAUUSD	M5	4180.60	3963.03933	4016.38223	3932.26004			4179.71354667	4179.47020796	0
1781288688	XAUUSD	M5	4178.24	3962.64873	4015.99163	3931.86944			4179.27987147	4179.37503971	1
1781288988	XAUUSD	M5	4177.36	3962.25813	4015.60103	3931.47883			4178.36205359	4178.86854665	0
1781289288	XAUUSD	M5	4178.19	3961.86752	4015.21042	3931.08823			4177.14943758	4178.00899212	0
1781289588	XAUUSD	M5	4174.07	3961.47692	4014.81982	3930.69763			4175.94597300	4176.97748256	0
1781289888	XAUUSD	M5	4173.88	3961.08631	4014.42921	3930.30702		4170.27000	4175.26987445	4176.12367850	0
1781290188	XAUUSD	M5	4178.58	3960.69571	4014.03861	3929.91642			4175.55704284	4175.84036067	0
1781290488	XAUUSD	M5	4183.10	3960.30511	4013.64801	3929.52581			4177.04957891	4176.44496979	1
1781290788	XAUUSD	M5	4175.14	3959.91450	4013.25740	3929.13521			4179.84616745	4178.14556862	0
1781291088	XAUUSD	M5	4175.63	3959.52390	4012.86680	3928.74461			4184.14266907	4181.14411885	0
1781291388	XAUUSD	M5	4193.89	3959.13329	4012.47619	3928.35400			4189.72942060	4185.43676972	0
1781291688	XAUUSD	M5	4197.91	3958.74269	4012.08559	3927.96340			4195.82710323	4190.63193647	0
1781291988	XAUUSD	M5	4201.94	3958.35209	4011.69499	3927.57279			4201.89743799	4196.26468723	0
1781292288	XAUUSD	M5	4203.73	3957.96148	4011.30438	3927.18219			4207.44216067	4201.85342395	0
1781292588	XAUUSD	M5	4217.95	3957.57088	4010.91378	3926.79159			4212.11886774	4206.98614585	0
1781292888	XAUUSD	M5	4218.09	3957.18027	4010.52317	3926.40098			4215.48867931	4211.23741258	0
1781293188	XAUUSD	M5	4213.23	3956.78967	4010.13257	3926.01038			4217.63577362	4214.43659310	0
1781293488	XAUUSD	M5	4218.40	3956.39907	4009.74197	3925.61977			4218.91705361	4216.67682335	0
1781293788	XAUUSD	M5	4221.42	3956.00846	4009.35136	3925.22917			4219.54092665	4218.10887500	0
1781294088	XAUUSD	M5	4218.37	3955.61786	4008.96076	3924.83857			4219.77208632	4218.94048066	0
1781294388	XAUUSD	M5	4218.54	3955.22725	4008.57015	3924.44796			4219.95567825	4219.44807946	0
1781294688	XAUUSD	M5	4221.71	3954.83665	4008.17955	3924.05736			4220.26667072	4219.85737509	0
1781294988	XAUUSD	M5	4219.59	3954.44605	4007.78895	3923.66676			4220.69436944	4220.27587226	0
1781295288	XAUUSD	M5	4221.55	3954.05544	4007.39834	3923.27615			4221.27153502	4220.77370364	0
1781295588	XAUUSD	M5	4222.58	3953.66484	4007.00774	3922.88555			4221.89757633	4221.33563998	0
1781295888	XAUUSD	M5	4224.25	3953.27424	4006.61713	3922.49494			4222.47888681	4221.90726340	0
1781296188	XAUUSD	M5	4223.55	3952.88363	4006.22653	3922.10434			4222.93594688	4222.42160514	0
1781296488	XAUUSD	M5	4222.32	3952.49303	4005.83593	3921.71374			4223.29243116	4222.85701815	0
1781296788	XAUUSD	M5	4220.94	3952.10242	4005.44532	3921.32313			4223.60888960	4223.23295387	0
1781297088	XAUUSD	M5	4225.82	3951.71182	4005.05472	3920.93253			4223.95497631	4223.59396509	0
1781297388	XAUUSD	M5	4223.41	3951.32122	4004.66411	3920.54192			4224.22917433	4223.91156971	0
1781297688	XAUUSD	M5	4225.36	3950.93061	4004.27351	3920.15132			4224.42971583	4224.17064277	0
1781297988	XAUUSD	M5	4223.89	3950.54001	4003.88291	3919.76072	4227.90000		4224.41084432	4224.29074355	0
1781298288	XAUUSD	M5	4223.49	3950.14940	4003.49230	3919.37011			4224.09040294	4224.19057324	1
1781298588	XAUUSD	M5	4221.95	3949.75880	4003.10170	3918.97951			4223.38493146	4223.78775235	0
1781298888	XAUUSD	M5	4222.18	3949.36820	4002.71110	3918.58890			4222.28949363	4223.03862299	0
1781299188	XAUUSD	M5	4224.67	3948.97759	4002.32049	3918.19830			4220.83145440	4221.93503870	0
1781299488	XAUUSD	M5	4221.64	3948.58699	4001.92989	3917.80770			4219.06999501	4220.50251686	0
1781299788	XAUUSD	M5	4217.82	3948.19638	4001.53928	3917.41709			4217.23928288	4218.87089987	0
1781300088	XAUUSD	M5	4213.50	3947.80578	4001.14868	3917.02649			4215.61789046	4217.24439517	0
1781300388	XAUUSD	M5	4206.87	3947.41518	4000.75808	3916.63588			4214.43647674	4215.84043595	0
1781300688	XAUUSD	M5	4214.77	3947.02457	4000.36747	3916.24528			4213.85086359	4214.84564977	0
1781300988	XAUUSD	M5	4215.57	3946.63397	3999.97687	3915.85468			4213.57343735	4214.20954356	0
1781301288	XAUUSD	M5	4215.40	3946.24336	3999.58626	3915.46407			4213.39065453	4213.80009905	0
1781301588	XAUUSD	M5	4215.52	3945.85276	3999.19566	3915.07347			4213.08568767	4213.44289336	0
1781301888	XAUUSD	M5	4213.21	3945.46216	3998.80506	3914.68286			4212.44598717	4212.94444026	0
1781302188	XAUUSD	M5	4210.97	3945.07155	3998.41445	3914.29226			4211.40911499	4212.17677763	0
1781302488	XAUUSD	M5	4206.10	3944.68095	3998.02385	3913.90166			4210.02394231	4211.10035997	0
1781302788	XAUUSD	M5	4207.67	3944.29034	3997.63324	3913.51105			4208.48985349	4209.79510673	0
1781303088	XAUUSD	M5	4207.46	3943.89974	3997.24264	3913.12045			4206.92317058	4208.35913865	0
1781303388	XAUUSD	M5	4206.00	3943.50914	3996.85204	3912.72985			4205.54449079	4206.95181472	0
1781303688	XAUUSD	M5	4209.68	3943.11853	3996.46143	3912.33924			4204.57606433	4205.76393953	0
1781303988	XAUUSD	M5	4202.51	3942.72793	3996.07083	3911.94864			4204.07383031	4204.91888492	0
1781304288	XAUUSD	M5	4199.71	3942.33733	3995.68022	3911.55803			4204.26685682	4204.59287087	0
1781304588	XAUUSD	M5	4202.45	3941.94672	3995.28962	3911.16743			4205.16850325	4204.88068706	1
1781304888	XAUUSD	M5	4209.66	3941.55612	3994.89902	3910.77683			4206.56571171	4205.72319939	0
1781305188	XAUUSD	M5	4210.17	3941.16551	3994.50841	3910.38622			4208.08068403	4206.90194171	0
1781305488	XAUUSD	M5	4214.87	3940.77491	3994.11781	3909.99562			4209.46217059	4208.18205615	0
1781305788	XAUUSD	M5	4206.94	3940.38431	3993.72720	3909.60501			4210.37894954	4209.28050284	0
1781306088	XAUUSD	M5	4206.04	3939.99370	3993.33660	3909.21441			4210.81348392	4210.04699338	0
1781306388	XAUUSD	M5	4207.75	3939.60310	3992.94600	3908.82381			4210.62972035	4210.33835686	0
1781306688	XAUUSD	M5	4214.26	3939.21249	3992.55539	3908.43320			4209.68522907	4210.01179297	1
1781306988	XAUUSD	M5	4211.72	3938.82189	3992.16479	3908.04260			4207.82324015	4208.91751656	0
1781307288	XAUUSD	M5	4203.64	3938.43129	3991.77419	3907.65199			4205.20580370	4207.06166013	0
1781307588	XAUUSD	M5	4201.12	3938.04068	3991.38358	3907.26139			4202.20986697	4204.63576355	0
1781307888	XAUUSD	M5	4199.80	3937.65008	3990.99298	3906.87079			4199.19868798	4201.91722576	0
1781308188	XAUUSD	M5	4192.75	3937.25947	3990.60237	3906.48018			4196.54354955	4199.23038765	0
1781308488	XAUUSD	M5	4196.81	3936.86887	3990.21177	3906.08958			4194.70981113	4196.97009939	0
1781308788	XAUUSD	M5	4197.06	3936.47827	3989.82117	3905.69897			4193.82402020	4195.39705980	0
1781309088	XAUUSD	M5	4193.69	3936.08766	3989.43056	3905.30837			4193.95866146	4194.67786063	0
1781309388	XAUUSD	M5	4191.72	3935.69706	3989.03996	3904.91777			4195.08453264	4194.88119664	1
1781309688	XAUUSD	M5	4197.05	3935.30645	3988.64935	3904.52716			4196.97891126	4195.93005395	0
1781309988	XAUUSD	M5	4199.87	3934.91585	3988.25875	3904.13656			4199.11422764	4197.52214080	0
1781310288	XAUUSD	M5	4198.43	3934.52525	3987.86815	3903.74595			4200.97985771	4199.25099925	0
1781310588	XAUUSD	M5	4202.48	3934.13464	3987.47754	3903.35535			4202.22628785	4200.73864355	0
1781310888	XAUUSD	M5	4203.90	3933.74404	3987.08694	3902.96475			4202.51782407	4201.62823381	0
1781311188	XAUUSD	M5	4202.97	3933.35343	3986.69633	3902.57414			4201.76413846	4201.69618614	0
1781311488	XAUUSD	M5	4198.98	3932.96283	3986.30573	3902.18354			4200.13902566	4200.91760590	1
1781311788	XAUUSD	M5	4207.43	3932.57223	3985.91513	3901.79293			4198.03847781	4199.47804185	0
1781312088	XAUUSD	M5	4190.97	3932.18162	3985.52452	3901.40233			4195.64265920	4197.56035053	0
1781312388	XAUUSD	M5	4190.82	3931.79102	3985.13392	3901.01173			4193.66240748	4195.61137900	0
1781312688	XAUUSD	M5	4189.48	3931.40041	3984.74331	3900.62112			4192.31873014	4193.96505457	0
1781312988	XAUUSD	M5	4186.13	3931.00981	3984.35271	3900.23052			4191.66621284	4192.81563371	0
1781313288	XAUUSD	M5	4194.39	3930.61921	3983.96211	3899.83992			4191.61475248	4192.21519309	0
1781313588	XAUUSD	M5	4198.31	3930.22860	3983.57150	3899.44931			4191.67505859	4191.94512584	0
1781313888	XAUUSD	M5	4193.28	3929.83800	3983.18090	3899.05871			4191.44271846	4191.69392215	0
1781314188	XAUUSD	M5	4190.19	3929.44740	3982.79029	3898.66810			4190.82557836	4191.25975025	0
1781314488	XAUUSD	M5	4187.32	3929.05679	3982.39969	3898.27750			4189.87668465	4190.56821745	0
1781314788	XAUUSD	M5	4188.55	3928.66619	3982.00909	3897.88690			4188.84330274	4189.70576009	0
1781315088	XAUUSD	M5	4186.85	3928.27558	3981.61848	3897.49629			4188.06401905	4188.88488957	0
1781315388	XAUUSD	M5	4191.99	3927.88498	3981.22788	3897.10569			4188.02448590	4188.45468774	0
1781315688	XAUUSD	M5	4184.57	3927.49438	3980.83728	3896.71508			4189.04224264	4188.74846519	1
1781315988	XAUUSD	M5	4182.99	3927.10377	3980.44667	3896.32448		4177.33000	4191.58014334	4190.16430426	0
1781316288	XAUUSD	M5	4207.59	3926.71317	3980.05607	3895.93388			4195.73321316	4192.94875871	0
1781316588	XAUUSD	M5	4203.99	3926.32256	3979.66546	3895.54327			4200.73498591	4196.84187231	0
1781316888	XAUUSD	M5	4203.36	3925.93196	3979.27486	3895.15267			4206.23203634	4201.53695433	0
1781317188	XAUUSD	M5	4208.67	3925.54136	3978.88426	3894.76206			4211.67367996	4206.60531714	0
1781317488	XAUUSD	M5	4214.07	3925.15075	3978.49365	3894.37146			4216.36172911	4211.48352313	0
1781317788	XAUUSD	M5	4215.11	3924.76015	3978.10305	3893.98086			4219.68801293	4215.58576803	0
1781318088	XAUUSD	M5	4228.06	3924.36954	3977.71244	3893.59025			4221.37390254	4218.47983528	0
1781318388	XAUUSD	M5	4225.83	3923.97894	3977.32184	3893.19965	4235.46000		4221.17878283	4219.82930905	0
1781318688	XAUUSD	M5	4219.28	3923.58834	3976.93124	3892.80904			4219.51023677	4219.66977291	1
1781318988	XAUUSD	M5	4218.89	3923.19773	3976.54063	3892.41844			4217.09417882	4218.38197587	0
1781319288	XAUUSD	M5	4211.13	3922.80713	3976.15003	3892.02784			4214.59817598	4216.49007592	0
1781319588	XAUUSD	M5	4207.79	3922.41652	3975.75942	3891.63723			4212.77040572	4214.63024082	0
1781319888	XAUUSD	M5	4215.63	3922.02592	3975.36882	3891.24663			4212.04491683	4213.33757883	0
1781320188	XAUUSD	M5	4212.13	3921.63532	3974.97822	3890.85602			4212.33251842	4212.83504862	0
1781320488	XAUUSD	M5	4209.66	3921.24471	3974.58761	3890.46542			4213.53989997	4213.18747430	1
1781320788	XAUUSD	M5	4213.35	3920.85411	3974.19701	3890.07482			4215.35570910	4214.27159170	0
1781321088	XAUUSD	M5	4221.70	3920.46350	3973.80640	3889.68421			4217.22999497	4215.75079334	0
1781321388	XAUUSD	M5	4223.85	3920.07290	3973.41580	3889.29361			4218.56844938	4217.15962136	0
1781321688	XAUUSD	M5	4218.42	3919.68230	3973.02520	3888.90301			4219.07331873	4218.11647005	0
1781321988	XAUUSD	M5	4216.99	3919.29169	3972.63459	3888.51240			4218.83192425	4218.47419715	0
1781322288	XAUUSD	M5	4217.93	3918.90109	3972.24399	3888.12180			4218.04445855	4218.25932785	1
1781322588	XAUUSD	M5	4217.01	3918.51049	3971.85338	3887.73119			4216.96959848	4217.61446317	0
1781322888	XAUUSD	M5	4213.31	3918.11988	3971.46278	3887.34059			4215.95896351	4216.78671334	0
1781323188	XAUUSD	M5	4213.49	3917.72928	3971.07218	3886.94999			4215.38591226	4216.08631280	0
1781323488	XAUUSD	M5	4215.38	3917.33867	3970.68157	3886.55938			4215.41322784	4215.74977032	0
1781323788	XAUUSD	M5	4216.46	3916.94807	3970.29097	3886.16878			4216.01216280	4215.88096656	1
1781324088	XAUUSD	M5	4220.50	3916.55747	3969.90036	3885.77817			4217.02854417	4216.45475537	0
1781324388	XAUUSD	M5	4220.71	3916.16686	3969.50976	3885.38757			4218.16509013	4217.30992275	0
1781324688	XAUUSD	M5	4218.42	3915.77626	3969.11916	3884.99697			4219.19046066	4218.25019170	0
1781324988	XAUUSD	M5	4217.86	3915.38565	3968.72855	3884.60636			4219.99439080	4219.12229125	0
1781325288	XAUUSD	M5	4221.04	3914.99505	3968.33795	3884.21576			4220.50459458	4219.81344291	0
1781325588	XAUUSD	M5	4218.86	3914.60445	3967.94735	3883.82515			4220.64371576	4220.22857934	0
1781325888	XAUUSD	M5	4220.00	3914.21384	3967.55674	3883.43455			4220.57240520	4220.40049227	0
1781326188	XAUUSD	M5	4218.48	3913.82324	3967.16614	3883.04395			4220.43637124	4220.41843175	0
1781326488	XAUUSD	M5	4222.36	3913.43263	3966.77553	3882.65334			4220.44595770	4220.43219473	0
1781326788	XAUUSD	M5	4223.31	3913.04203	3966.38493	3882.26274			4220.65898567	4220.54559020	0
1781327088	XAUUSD	M5	4223.56	3912.65143	3965.99433	3881.87213			4221.14721196	4220.84640108	0
1781327388	XAUUSD	M5	4221.31	3912.26082	3965.60372	3881.48153			4221.92543773	4221.38591941	0
1781327688	XAUUSD	M5	4219.74	3911.87022	3965.21312	3881.09093			4223.01287216	4222.19939579	0
1781327988	XAUUSD	M5	4220.71	3911.47961	3964.82251	3880.70032			4224.35106173	4223.27522876	0
1781328288	XAUUSD	M5	4227.04	3911.08901	3964.43191	3880.30972			4225.76168206	4224.51845541	0
1781328588	XAUUSD	M5	4229.40	3910.69841	3964.04131	3879.91911			4226.93212254	4225.72528897	0
1781328888	XAUUSD	M5	4229.03	3910.30780	3963.65070	3879.52851	4235.34000		4227.65610025	4226.69069461	0
1781329188	XAUUSD	M5	4226.53	3909.91720	3963.26010	3879.13791			4227.83803217	4227.26436339	0
1781329488	XAUUSD	M5	4227.34	3909.52659	3962.86949	3878.74730			4227.51152093	4227.38794216	0
1781329788	XAUUSD	M5	4226.39	3909.13599	3962.47889	3878.35670			4226.74972979	4227.06883597	1
1781330088	XAUUSD	M5	4229.29	3908.74539	3962.08829	3877.96609			4225.56957365	4226.31920481	0
1781330388	XAUUSD	M5	4222.90	3908.35478	3961.69768	3877.57549			4224.00262477	4225.16091479	0
1781330688	XAUUSD	M5	4221.94	3907.96418	3961.30708	3877.18489			4222.21072873	4223.68582176	0
1781330988	XAUUSD	M5	4215.52	3907.57357	3960.91647	3876.79428			4220.28819646	4221.98700911	0
1781331288	XAUUSD	M5	4217.64	3907.18297	3960.52587	3876.40368			4218.37017386	4220.17859148	0
1781331588	XAUUSD	M5	4217.63	3906.79237	3960.13527	3876.01308			4216.43993321	4218.30926235	0
1781331888	XAUUSD	M5	4217.59	3906.40176	3959.74466	3875.62247			4214.48800391	4216.39863313	0
1781332188	XAUUSD	M5	4215.06	3906.01116	3959.35406	3875.23187			4212.51311748	4214.45587530	0
1781332488	XAUUSD	M5	4210.40	3905.62056	3958.96345	3874.84126			4210.57686748	4212.51637139	0
1781332788	XAUUSD	M5	4208.53	3905.22995	3958.57285	3874.45066			4208.81963098	4210.66800119	0
1781333088	XAUUSD	M5	4204.35	3904.83935	3958.18225	3874.06006			4207.37559475	4209.02179797	0
1781333388	XAUUSD	M5	4205.36	3904.44874	3957.79164	3873.66945			4206.43360517	4207.72770157	0
1781333688	XAUUSD	M5	4205.22	3904.05814	3957.40104	3873.27885			4206.07465542	4206.90117849	0
1781333988	XAUUSD	M5	4207.12	3903.66754	3957.01044	3872.88824			4206.35420001	4206.62768925	0
1781334288	XAUUSD	M5	4206.81	3903.27693	3956.61983	3872.49764			4207.20483870	4206.91626397	1
1781334588	XAUUSD	M5	4210.77	3902.88633	3956.22923	3872.10704			4208.52307288	4207.71966843	0
1781334888	XAUUSD	M5	4210.94	3902.49572	3955.83862	3871.71643			4210.04768049	4208.88367446	0
1781335188	XAUUSD	M5	4211.15	3902.10512	3955.44802	3871.32583			4211.57690989	4210.23029218	0
1781335488	XAUUSD	M5	4212.56	3901.71452	3955.05742	3870.93522			4212.93984228	4211.58506723	0
1781335788	XAUUSD	M5	4214.40	3901.32391	3954.66681	3870.54462			4213.96923881	4212.77715302	0
1781336088	XAUUSD	M5	4214.30	3900.93331	3954.27621	3870.15402			4214.55639546	4213.66677424	0
1781336388	XAUUSD	M5	4214.43	3900.54270	3953.88560	3869.76341			4214.74734777	4214.20706100	0
1781336688	XAUUSD	M5	4213.74	3900.15210	3953.49500	3869.37281			4214.66482888	4214.43594494	0
1781336988	XAUUSD	M5	4214.06	3899.76150	3953.10440	3868.98220			4214.52154415	4214.47874455	0
1781337288	XAUUSD	M5	4213.73	3899.37089	3952.71379	3868.59160			4214.47705284	4214.47789870	1
1781337588	XAUUSD	M5	4215.05	3898.98029	3952.32319	3868.20100			4214.69636850	4214.58713360	1
1781337888	XAUUSD	M5	4216.90	3898.58968	3951.93258	3867.81039			4215.21096913	4214.89905136	0
1781338188	XAUUSD	M5	4218.91	3898.19908	3951.54198	3867.41979			4215.97371183	4215.43638160	0
