Most_Recent_timestamp	Most_Recent_symbol	Most_Recent_timeframe	Most_Recent_close	Most_Recent_Base_FL	Most_Recent_UOEDT	Most_Recent_LOEDT	Most_Recent_horiz_high_map	Most_Recent_horiz_low_map	Most_Recent_ssa	Most_Recent_ema_ssa	Most_Recent_crossing
1780056907	XAUUSD	M5	4500.90						4510.79693107	4510.79693107	0
1780057207	XAUUSD	M5	4508.78						4512.24831932	4511.52262520	1
1780057507	XAUUSD	M5	4515.01						4512.45454439	4511.98858479	0
1780057807	XAUUSD	M5	4518.56				4520.75000		4511.53514400	4511.76186439	1
1780058107	XAUUSD	M5	4512.77						4509.83486557	4510.79836498	0
1780058407	XAUUSD	M5	4505.50						4508.16228520	4509.48032509	0
1780058707	XAUUSD	M5	4504.25						4507.01138348	4508.24585428	0
1780059007	XAUUSD	M5	4507.06						4506.37242139	4507.30913784	0
1780059307	XAUUSD	M5	4506.37						4506.03967181	4506.67440482	0
1780059607	XAUUSD	M5	4502.10						4505.95463425	4506.31451954	0
1780059907	XAUUSD	M5	4506.03						4506.12867195	4506.22159574	0
1780060207	XAUUSD	M5	4506.47						4506.29308203	4506.25733889	1
1780060507	XAUUSD	M5	4510.81						4506.36535131	4506.31134510	0
1780060807	XAUUSD	M5	4505.80						4506.22296642	4506.26715576	1
1780061107	XAUUSD	M5	4506.83						4506.02599591	4506.14657584	0
1780061407	XAUUSD	M5	4505.83						4505.79472501	4505.97065042	0
1780061707	XAUUSD	M5	4504.64						4505.59102191	4505.78083617	0
1780062007	XAUUSD	M5	4502.98						4505.43969011	4505.61026314	0
1780062307	XAUUSD	M5	4504.00						4505.31607951	4505.46317132	0
1780062607	XAUUSD	M5	4506.21						4505.12400709	4505.29358921	0
1780062907	XAUUSD	M5	4505.00						4504.73328754	4505.01343837	0
1780063207	XAUUSD	M5	4506.39						4504.08841814	4504.55092826	0
1780063507	XAUUSD	M5	4503.31						4503.14033304	4503.84563065	0
1780063807	XAUUSD	M5	4501.72						4501.96622330	4502.90592697	0
1780064107	XAUUSD	M5	4501.64						4500.66577517	4501.78585107	0
1780064407	XAUUSD	M5	4498.22						4499.35521401	4500.57053254	0
1780064707	XAUUSD	M5	4496.29						4498.20743304	4499.38898279	0
1780065007	XAUUSD	M5	4496.51						4497.34450652	4498.36674466	0
1780065307	XAUUSD	M5	4498.38						4496.82607980	4497.59641223	0
1780065607	XAUUSD	M5	4496.95						4496.64044677	4497.11842950	0
1780065907	XAUUSD	M5	4497.40						4496.81276253	4496.96559601	0
1780066207	XAUUSD	M5	4496.27					4494.93000	4497.30214903	4497.13387252	1
1780066507	XAUUSD	M5	4498.26						4498.07461953	4497.60424603	0
1780066807	XAUUSD	M5	4499.93						4499.02535859	4498.31480231	0
1780067107	XAUUSD	M5	4499.79						4500.07983355	4499.19731793	0
1780067407	XAUUSD	M5	4501.44						4501.22075387	4500.20903590	0
1780067707	XAUUSD	M5	4502.66						4502.41121036	4501.31012313	0
1780068007	XAUUSD	M5	4503.27						4503.61824808	4502.46418560	0
1780068307	XAUUSD	M5	4502.39						4504.81993465	4503.64206013	0
1780068607	XAUUSD	M5	4504.67						4506.02450132	4504.83328072	0
1780068907	XAUUSD	M5	4510.57						4507.17079436	4506.00203754	0
1780069207	XAUUSD	M5	4509.10						4508.11664929	4507.05934341	0
1780069507	XAUUSD	M5	4508.89						4508.91528766	4507.98731554	0
1780069807	XAUUSD	M5	4509.76						4509.61248873	4508.79990213	0
1780070107	XAUUSD	M5	4510.60						4510.23243608	4509.51616911	0
1780070407	XAUUSD	M5	4509.31						4510.77346869	4510.14481890	0
1780070707	XAUUSD	M5	4509.36						4511.24458379	4510.69470135	0
1780071007	XAUUSD	M5	4514.16						4511.58723475	4511.14096805	0
1780071307	XAUUSD	M5	4509.71						4511.61330634	4511.37713720	0
1780071607	XAUUSD	M5	4510.09						4511.35434281	4511.36574000	1
1780071907	XAUUSD	M5	4511.97						4510.79244882	4511.07909441	0
1780072207	XAUUSD	M5	4511.84						4509.95740358	4510.51824899	0
1780072507	XAUUSD	M5	4509.89						4509.00967150	4509.76396025	0
1780072807	XAUUSD	M5	4510.15						4508.21116253	4508.98756139	0
1780073107	XAUUSD	M5	4508.44						4507.77104198	4508.37930169	0
1780073407	XAUUSD	M5	4503.72						4507.88694709	4508.13312439	0
1780073707	XAUUSD	M5	4506.80						4508.71034354	4508.42173397	1
1780074007	XAUUSD	M5	4505.97						4510.07467649	4509.24820523	0
1780074307	XAUUSD	M5	4514.98						4511.78398659	4510.51609591	0
1780074607	XAUUSD	M5	4514.93						4513.37173062	4511.94391327	0
1780074907	XAUUSD	M5	4519.16						4514.62284023	4513.28337675	0
1780075207	XAUUSD	M5	4514.48						4515.34769336	4514.31553506	0
1780075507	XAUUSD	M5	4515.75						4515.70184718	4515.00869112	0
1780075807	XAUUSD	M5	4511.42						4515.82287191	4515.41578152	0
1780076107	XAUUSD	M5	4518.71						4516.02766199	4515.72172175	0
1780076407	XAUUSD	M5	4516.61						4516.34141386	4516.03156780	0
1780076707	XAUUSD	M5	4517.76						4516.90893142	4516.47024961	0
1780077007	XAUUSD	M5	4515.02						4517.67714951	4517.07369956	0
1780077307	XAUUSD	M5	4516.65						4518.56157695	4517.81763826	0
1780077607	XAUUSD	M5	4517.66						4519.31177460	4518.56470643	0
1780077907	XAUUSD	M5	4522.00						4519.70421924	4519.13446283	0
1780078207	XAUUSD	M5	4523.69						4519.53774538	4519.33610411	0
1780078507	XAUUSD	M5	4519.41						4518.82036746	4519.07823578	1
1780078807	XAUUSD	M5	4519.17						4517.85319338	4518.46571458	0
1780079107	XAUUSD	M5	4516.34						4516.94169720	4517.70370589	0
1780079407	XAUUSD	M5	4515.66						4516.45035161	4517.07702875	0
1780079707	XAUUSD	M5	4511.87						4516.60641675	4516.84172275	0
1780080007	XAUUSD	M5	4514.03						4517.55007840	4517.19590057	1
1780080307	XAUUSD	M5	4520.74						4519.09164357	4518.14377207	0
1780080607	XAUUSD	M5	4522.55						4520.79612068	4519.46994638	0
1780080907	XAUUSD	M5	4525.35						4522.26200419	4520.86597528	0
1780081207	XAUUSD	M5	4524.22						4523.09796950	4521.98197239	0
1780081507	XAUUSD	M5	4523.23						4523.12734489	4522.55465864	0
1780081807	XAUUSD	M5	4524.76						4522.33494680	4522.44480272	1
1780082107	XAUUSD	M5	4519.18						4520.80962980	4521.62721626	0
1780082407	XAUUSD	M5	4515.98						4518.91655773	4520.27188699	0
1780082707	XAUUSD	M5	4515.16						4517.01980939	4518.64584819	0
1780083007	XAUUSD	M5	4513.11						4515.39619379	4517.02102099	0
1780083307	XAUUSD	M5	4515.34						4514.26177476	4515.64139788	0
1780083607	XAUUSD	M5	4517.09						4513.62069658	4514.63104723	0
1780083907	XAUUSD	M5	4514.92						4513.40779775	4514.01942249	0
1780084207	XAUUSD	M5	4515.06						4513.59973525	4513.80957887	0
1780084507	XAUUSD	M5	4515.06						4514.12329011	4513.96643449	1
1780084807	XAUUSD	M5	4511.28						4514.92456081	4514.44549765	0
1780085107	XAUUSD	M5	4513.87					4510.03000	4516.07656286	4515.26103026	0
1780085407	XAUUSD	M5	4514.88						4517.52912195	4516.39507610	0
1780085707	XAUUSD	M5	4518.89						4519.29287313	4517.84397462	0
1780086007	XAUUSD	M5	4523.86						4521.29707377	4519.57052419	0
1780086307	XAUUSD	M5	4528.97						4523.42116683	4521.49584551	0
1780086607	XAUUSD	M5	4527.92						4525.49938037	4523.49761294	0
1780086907	XAUUSD	M5	4522.69						4527.47400261	4525.48580777	0
1780087207	XAUUSD	M5	4528.85						4529.33681746	4527.41131262	0
1780087507	XAUUSD	M5	4528.60						4530.80413508	4529.10772385	0
1780087807	XAUUSD	M5	4528.82						4531.76733278	4530.43752831	0
1780088107	XAUUSD	M5	4532.38						4532.14585168	4531.29169000	0
1780088407	XAUUSD	M5	4537.20						4531.87195806	4531.58182403	0
1780088707	XAUUSD	M5	4532.70						4530.95585735	4531.26884069	1
1780089007	XAUUSD	M5	4531.09						4529.73859361	4530.50371715	0
1780089307	XAUUSD	M5	4526.02						4528.55839325	4529.53105520	0
1780089607	XAUUSD	M5	4526.45						4527.83698752	4528.68402136	0
1780089907	XAUUSD	M5	4528.54						4527.81057093	4528.24729615	0
1780090207	XAUUSD	M5	4526.76						4528.56247030	4528.40488322	1
1780090507	XAUUSD	M5	4527.61						4530.11436789	4529.25962555	0
1780090807	XAUUSD	M5	4530.50						4532.27424282	4530.76693419	0
1780091107	XAUUSD	M5	4538.80						4534.68001191	4532.72347305	0
1780091407	XAUUSD	M5	4541.41				4543.31000		4536.80480933	4534.76414119	0
1780091707	XAUUSD	M5	4537.92						4538.27971316	4536.52192717	0
1780092007	XAUUSD	M5	4537.13						4538.97240269	4537.74716493	0
1780092307	XAUUSD	M5	4536.97						4538.81360440	4538.28038467	0
1780092607	XAUUSD	M5	4538.58						4537.84255176	4538.06146821	1
1780092907	XAUUSD	M5	4535.93						4536.18116327	4537.12131574	0
1780093207	XAUUSD	M5	4532.53						4534.14585989	4535.63358781	0
1780093507	XAUUSD	M5	4532.46						4532.09993418	4533.86676100	0
1780093807	XAUUSD	M5	4531.67						4530.32493712	4532.09584906	0
1780094107	XAUUSD	M5	4531.26						4529.06209797	4530.57897351	0
1780094407	XAUUSD	M5	4528.10						4528.44826353	4529.51361852	0
1780094707	XAUUSD	M5	4527.14						4528.57743032	4529.04552442	0
1780095007	XAUUSD	M5	4528.41						4529.35905326	4529.20228884	1
1780095307	XAUUSD	M5	4531.07						4530.54972859	4529.87600871	0
1780095607	XAUUSD	M5	4529.28						4531.80891862	4530.84246367	0
1780095907	XAUUSD	M5	4533.80						4532.86576759	4531.85411563	0
1780096207	XAUUSD	M5	4538.36						4533.32391840	4532.58901702	0
1780096507	XAUUSD	M5	4529.43						4532.84387499	4532.71644600	0
1780096807	XAUUSD	M5	4530.22						4531.51135915	4532.11390258	1
1780097107	XAUUSD	M5	4528.39						4529.35118042	4530.73254150	0
1780097407	XAUUSD	M5	4529.83						4526.58063447	4528.65658799	0
1780097707	XAUUSD	M5	4523.53						4523.48034063	4526.06846431	0
1780098007	XAUUSD	M5	4522.39						4520.57219809	4523.32033120	0
1780098307	XAUUSD	M5	4517.10						4518.25834910	4520.78934015	0
1780098607	XAUUSD	M5	4517.27						4516.93008958	4518.85971486	0
1780098907	XAUUSD	M5	4514.13					4512.71000	4516.68478581	4517.77225034	0
1780099207	XAUUSD	M5	4515.41						4517.49911736	4517.63568385	0
1780099507	XAUUSD	M5	4518.58						4519.07672933	4518.35620659	1
1780099807	XAUUSD	M5	4523.03						4520.96894697	4519.66257678	0
1780100107	XAUUSD	M5	4524.27						4522.69698444	4521.17978061	0
1780100407	XAUUSD	M5	4525.73						4523.95601057	4522.56789559	0
1780100707	XAUUSD	M5	4522.89						4524.64534154	4523.60661856	0
1780101007	XAUUSD	M5	4522.68						4524.99010460	4524.29836158	0
1780101307	XAUUSD	M5	4526.25						4525.33102043	4524.81469101	0
1780101607	XAUUSD	M5	4528.06						4526.00696978	4525.41083039	0
1780101907	XAUUSD	M5	4525.27						4527.36674615	4526.38878827	0
1780102207	XAUUSD	M5	4531.73						4529.71691641	4528.05285234	0
1780102507	XAUUSD	M5	4533.05						4532.90605966	4530.47945600	0
1780102807	XAUUSD	M5	4535.99						4536.61017226	4533.54481413	0
1780103107	XAUUSD	M5	4538.56						4540.23724260	4536.89102837	0
1780103407	XAUUSD	M5	4536.80						4543.09707391	4539.99405114	0
1780103707	XAUUSD	M5	4548.02						4544.65605778	4542.32505446	0
1780104007	XAUUSD	M5	4551.21						4544.31994001	4543.32249724	0
1780104307	XAUUSD	M5	4543.88						4542.07049718	4542.69649721	1
1780104607	XAUUSD	M5	4537.72						4538.58611920	4540.64130820	0
1780104907	XAUUSD	M5	4531.31						4534.90445985	4537.77288402	0
1780105207	XAUUSD	M5	4529.84						4532.24643166	4535.00965784	0
1780105507	XAUUSD	M5	4536.21						4531.66638500	4533.33802142	0
1780105807	XAUUSD	M5	4531.89						4533.77310954	4533.55556548	1
1780106107	XAUUSD	M5	4540.30						4538.94205065	4536.24880806	0
1780106407	XAUUSD	M5	4539.79						4546.73653589	4541.49267197	0
1780106707	XAUUSD	M5	4557.00						4556.42167928	4548.95717563	0
1780107007	XAUUSD	M5	4564.28						4566.54199485	4557.74958524	0
1780107307	XAUUSD	M5	4578.41						4575.77684711	4566.76321618	0
1780107607	XAUUSD	M5	4588.06						4582.83095302	4574.79708460	0
1780107907	XAUUSD	M5	4590.10				4595.19000		4586.89841865	4580.84775162	0
1780108207	XAUUSD	M5	4588.60						4587.85212854	4584.34994008	0
1780108507	XAUUSD	M5	4585.01						4586.11423470	4585.23208739	0
1780108807	XAUUSD	M5	4578.66						4582.50284010	4583.86746374	1
1780109107	XAUUSD	M5	4578.28						4578.04370036	4580.95558205	0
1780109407	XAUUSD	M5	4573.01						4573.57315385	4577.26436795	0
1780109707	XAUUSD	M5	4566.64						4569.82701131	4573.54568963	0
1780110007	XAUUSD	M5	4564.98						4567.26711050	4570.40640006	0
1780110307	XAUUSD	M5	4568.99						4565.93401682	4568.17020844	0
1780110607	XAUUSD	M5	4571.07						4565.49908465	4566.83464655	0
1780110907	XAUUSD	M5	4567.98						4565.56612322	4566.20038488	0
1780111207	XAUUSD	M5	4564.30						4565.86772023	4566.03405256	0
1780111507	XAUUSD	M5	4563.71						4566.22946978	4566.13176117	1
1780111807	XAUUSD	M5	4565.39						4566.52683978	4566.32930048	0
1780112107	XAUUSD	M5	4564.25						4566.68990458	4566.50960253	0
1780112407	XAUUSD	M5	4563.06						4566.77756298	4566.64358275	0
1780112707	XAUUSD	M5	4569.01						4566.88067831	4566.76213053	0
1780113007	XAUUSD	M5	4572.02						4566.90732175	4566.83472614	0
1780113307	XAUUSD	M5	4569.56						4566.82173669	4566.82823141	1
1780113607	XAUUSD	M5	4564.81						4566.70868076	4566.76845609	0
1780113907	XAUUSD	M5	4565.36						4566.67635861	4566.72240735	0
1780114207	XAUUSD	M5	4566.86						4566.67656859	4566.69948797	0
1780114507	XAUUSD	M5	4564.42						4566.59780317	4566.64864557	0
1780114807	XAUUSD	M5	4567.35						4566.38783805	4566.51824181	0
1780115107	XAUUSD	M5	4564.43						4565.87676210	4566.19750195	0
1780115407	XAUUSD	M5	4565.60						4565.02984323	4565.61367259	0
1780115707	XAUUSD	M5	4565.55						4563.77268623	4564.69317941	0
1780116007	XAUUSD	M5	4561.95						4562.10830432	4563.40074186	0
1780116307	XAUUSD	M5	4561.36						4560.20853958	4561.80464072	0
1780116607	XAUUSD	M5	4558.72						4558.24714610	4560.02589341	0
1780116907	XAUUSD	M5	4554.11						4556.49328375	4558.25958858	0
1780117207	XAUUSD	M5	4555.94						4555.26294803	4556.76126831	0
1780117507	XAUUSD	M5	4553.51						4554.67579538	4555.71853184	0
1780117807	XAUUSD	M5	4553.44						4554.83810731	4555.27831957	0
1780118107	XAUUSD	M5	4557.28						4555.67156999	4555.47494478	1
1780118407	XAUUSD	M5	4557.93						4556.87633909	4556.17564194	0
1780118707	XAUUSD	M5	4558.14						4558.15160576	4557.16362385	0
1780119007	XAUUSD	M5	4558.65						4559.19712504	4558.18037444	0
1780119307	XAUUSD	M5	4558.59						4559.76499617	4558.97268531	0
1780119607	XAUUSD	M5	4559.28						4559.73433819	4559.35351175	0
1780119907	XAUUSD	M5	4560.86						4559.11475473	4559.23413324	1
1780120207	XAUUSD	M5	4560.13						4558.05814205	4558.64613764	0
1780120507	XAUUSD	M5	4557.96						4556.83412092	4557.74012928	0
1780120807	XAUUSD	M5	4553.06						4555.75294129	4556.74653529	0
1780121107	XAUUSD	M5	4554.26						4555.12902319	4555.93777924	0
1780121407	XAUUSD	M5	4553.10						4555.02674287	4555.48226105	0
1780121707	XAUUSD	M5	4554.50						4555.41742110	4555.44984108	0
1780122007	XAUUSD	M5	4558.42						4556.08009566	4555.76496837	1
1780122307	XAUUSD	M5	4558.26						4556.67389416	4556.21943126	0
1780122607	XAUUSD	M5	4557.74						4556.94362290	4556.58152708	0
1780122907	XAUUSD	M5	4556.42						4556.70086568	4556.64119638	0
1780123207	XAUUSD	M5	4555.30						4555.87307681	4556.25713660	1
1780123507	XAUUSD	M5	4553.57						4554.49193023	4555.37453341	0
1780123807	XAUUSD	M5	4552.54						4552.70568519	4554.04010930	0
1780124107	XAUUSD	M5	4551.53						4550.71891463	4552.37951196	0
1780124407	XAUUSD	M5	4548.69						4548.77495561	4550.57723379	0
1780124707	XAUUSD	M5	4546.51						4547.13814404	4548.85768891	0
1780125007	XAUUSD	M5	4545.67						4545.99478448	4547.42623670	0
1780125307	XAUUSD	M5	4544.51						4545.40490082	4546.41556876	0
1780125607	XAUUSD	M5	4545.84						4545.33083350	4545.87320113	0
1780125907	XAUUSD	M5	4548.83						4545.57409248	4545.72364680	0
1780126207	XAUUSD	M5	4545.92						4545.83486303	4545.77925491	1
1780126507	XAUUSD	M5	4545.13						4545.92361550	4545.85143521	0
1780126807	XAUUSD	M5	4542.78						4545.63156174	4545.74149847	1
1780127107	XAUUSD	M5	4543.36						4544.85739870	4545.29944859	0
1780127407	XAUUSD	M5	4543.01						4543.51481785	4544.40713322	0
1780127707	XAUUSD	M5	4543.77						4541.65648871	4543.03181096	0
1780128007	XAUUSD	M5	4541.99						4539.40637262	4541.21909179	0
1780128307	XAUUSD	M5	4539.90						4537.01657111	4539.11783145	0
1780128607	XAUUSD	M5	4540.62						4534.76708107	4536.94245626	0
1780305307	XAUUSD	M5	4520.88					4518.31000	4532.84934890	4534.89590258	0
1780305607	XAUUSD	M5	4526.05						4531.83877759	4533.36734008	0
1780305907	XAUUSD	M5	4534.73						4531.62144194	4532.49439101	0
1780306207	XAUUSD	M5	4536.50						4531.88876599	4532.19157850	0
1780306507	XAUUSD	M5	4533.28						4532.43056173	4532.31107012	1
1780306807	XAUUSD	M5	4533.17						4533.15625684	4532.73366348	0
1780307107	XAUUSD	M5	4535.66						4533.94750693	4533.34058520	0
1780307407	XAUUSD	M5	4531.95						4534.69628178	4534.01843349	0
1780307707	XAUUSD	M5	4535.54						4535.49519544	4534.75681447	0
1780308007	XAUUSD	M5	4538.24						4536.30575359	4535.53128403	0
1780308307	XAUUSD	M5	4534.93						4537.12891537	4536.33009970	0
1780308607	XAUUSD	M5	4535.26						4538.07939777	4537.20474873	0
1780308907	XAUUSD	M5	4539.79						4539.15003770	4538.17739322	0
1780309207	XAUUSD	M5	4541.57						4540.18468435	4539.18103879	0
1780309507	XAUUSD	M5	4542.59						4541.07284730	4540.12694304	0
1780309807	XAUUSD	M5	4542.13						4541.72734971	4540.92714638	0
1780310107	XAUUSD	M5	4542.06						4542.13653893	4541.53184265	0
1780310407	XAUUSD	M5	4544.97						4542.31666763	4541.92425514	0
1780310707	XAUUSD	M5	4539.25						4542.25745369	4542.09085442	0
1780311007	XAUUSD	M5	4540.68						4542.15819791	4542.12452616	0
1780311307	XAUUSD	M5	4541.86						4542.04382577	4542.08417597	1
1780311607	XAUUSD	M5	4541.03						4541.91945463	4542.00181530	0
1780311907	XAUUSD	M5	4544.28						4541.81589088	4541.90885309	0
1780312207	XAUUSD	M5	4539.57						4541.64956807	4541.77921058	0
1780312507	XAUUSD	M5	4544.93				4546.08000		4541.50881206	4541.64401132	0
1780312807	XAUUSD	M5	4540.84						4541.25771654	4541.45086393	0
1780313107	XAUUSD	M5	4540.86						4540.98227804	4541.21657098	0
1780313407	XAUUSD	M5	4538.46						4540.69093839	4540.95375469	0
1780313707	XAUUSD	M5	4540.85						4540.43889880	4540.69632675	0
1780314007	XAUUSD	M5	4543.27						4540.15724660	4540.42678667	0
1780314307	XAUUSD	M5	4538.13						4539.75910188	4540.09294428	0
1780314607	XAUUSD	M5	4536.93						4539.32923900	4539.71109164	0
1780314907	XAUUSD	M5	4536.06						4538.83708914	4539.27409039	0
1780315207	XAUUSD	M5	4541.43						4538.23309014	4538.75359026	0
1780315507	XAUUSD	M5	4538.93						4537.35928224	4538.05643625	0
1780315807	XAUUSD	M5	4540.50						4536.28585889	4537.17114757	0
1780316107	XAUUSD	M5	4534.25						4535.03275033	4536.10194895	0
1780316407	XAUUSD	M5	4529.00						4533.81916519	4534.96055707	0
1780316707	XAUUSD	M5	4533.89						4532.84093641	4533.90074674	0
1780317007	XAUUSD	M5	4530.35						4532.01473602	4532.95774138	0
1780317307	XAUUSD	M5	4532.17						4531.39097049	4532.17435593	0
1780317607	XAUUSD	M5	4528.77						4530.87209564	4531.52322579	0
1780317907	XAUUSD	M5	4532.78						4530.45987758	4530.99155168	0
1780318207	XAUUSD	M5	4529.83						4530.00590161	4530.49872665	0
1780318507	XAUUSD	M5	4533.21						4529.56669410	4530.03271037	0
1780318807	XAUUSD	M5	4528.67						4529.10614643	4529.56942840	0
1780319107	XAUUSD	M5	4530.06						4528.79923090	4529.18432965	0
1780319407	XAUUSD	M5	4525.57						4528.68689135	4528.93561050	0
1780319707	XAUUSD	M5	4525.13						4528.89455235	4528.91508143	0
1780320007	XAUUSD	M5	4528.54						4529.38290659	4529.14899401	1
1780320307	XAUUSD	M5	4532.26						4529.93098262	4529.53998832	0
1780320607	XAUUSD	M5	4532.01						4530.26419485	4529.90209158	0
1780320907	XAUUSD	M5	4531.49						4530.20972357	4530.05590758	0
1780321207	XAUUSD	M5	4530.32						4529.65030803	4529.85310780	1
1780321507	XAUUSD	M5	4527.43						4528.58664579	4529.21987680	0
1780321807	XAUUSD	M5	4528.33						4527.15048955	4528.18518317	0
1780322107	XAUUSD	M5	4522.91						4525.48056314	4526.83287316	0
1780322407	XAUUSD	M5	4523.58						4523.88845955	4525.36066635	0
1780322707	XAUUSD	M5	4522.54						4522.52786506	4523.94426571	0
1780323007	XAUUSD	M5	4521.52						4521.51309417	4522.72867994	0
1780323307	XAUUSD	M5	4524.63						4520.86057135	4521.79462564	0
1780323607	XAUUSD	M5	4517.60						4520.40874591	4521.10168578	0
1780323907	XAUUSD	M5	4518.89						4520.13801457	4520.61985017	0
1780324207	XAUUSD	M5	4519.41						4519.82157766	4520.22071392	0
1780324507	XAUUSD	M5	4518.60						4519.27355359	4519.74713375	0
1780324807	XAUUSD	M5	4520.46						4518.43519166	4519.09116270	0
1780325107	XAUUSD	M5	4521.55						4517.30178176	4518.19647223	0
1780325407	XAUUSD	M5	4515.66						4515.99558409	4517.09602816	0
1780325707	XAUUSD	M5	4510.71						4514.84926380	4515.97264598	0
1780326007	XAUUSD	M5	4512.70						4514.15230647	4515.06247623	0
1780326307	XAUUSD	M5	4513.24						4513.96086074	4514.51166848	0
1780326607	XAUUSD	M5	4516.43						4514.24338698	4514.37752773	0
1780326907	XAUUSD	M5	4516.42						4514.79462441	4514.58607607	1
1780327207	XAUUSD	M5	4514.18						4515.41943691	4515.00275649	0
1780327507	XAUUSD	M5	4514.73						4515.97158470	4515.48717060	0
1780327807	XAUUSD	M5	4516.90						4516.27081349	4515.87899205	0
1780328107	XAUUSD	M5	4517.65						4516.18809822	4516.03354513	0
1780328407	XAUUSD	M5	4515.90						4515.72767554	4515.88061034	1
1780328707	XAUUSD	M5	4514.31						4515.05424350	4515.46742692	0
1780329007	XAUUSD	M5	4515.29						4514.37543275	4514.92142984	0
1780329307	XAUUSD	M5	4514.47						4513.85443308	4514.38793146	0
1780329607	XAUUSD	M5	4510.51					4508.68000	4513.65744748	4514.02268947	0
1780329907	XAUUSD	M5	4514.25						4513.95355383	4513.98812165	0
1780330207	XAUUSD	M5	4514.46						4514.65347361	4514.32079763	1
1780330507	XAUUSD	M5	4516.03						4515.67231064	4514.99655413	0
1780330807	XAUUSD	M5	4516.46						4516.84907304	4515.92281359	0
1780331107	XAUUSD	M5	4518.21						4518.03713346	4516.97997352	0
1780331407	XAUUSD	M5	4521.40						4519.09314004	4518.03655678	0
1780331707	XAUUSD	M5	4522.57						4519.87983551	4518.95819615	0
1780332007	XAUUSD	M5	4520.48						4520.35650566	4519.65735091	0
1780332307	XAUUSD	M5	4513.88						4520.58955254	4520.12345172	0
1780332607	XAUUSD	M5	4520.19						4520.76514995	4520.44430083	0
1780332907	XAUUSD	M5	4519.87						4520.75957837	4520.60193960	0
1780333207	XAUUSD	M5	4524.26				4525.25000		4520.55115892	4520.57654926	1
1780333507	XAUUSD	M5	4523.53						4519.99591742	4520.28623334	0
1780333807	XAUUSD	M5	4518.23						4519.06601409	4519.67612372	0
1780334107	XAUUSD	M5	4516.28						4517.84234249	4518.75923310	0
1780334407	XAUUSD	M5	4517.11						4516.35424799	4517.55674055	0
1780334707	XAUUSD	M5	4514.11						4514.60190751	4516.07932403	0
1780335007	XAUUSD	M5	4511.10						4512.69487993	4514.38710198	0
1780335307	XAUUSD	M5	4506.18						4510.77027998	4512.57869098	0
1780335607	XAUUSD	M5	4513.93						4509.02968157	4510.80418627	0
1780335907	XAUUSD	M5	4510.69						4507.38635563	4509.09527095	0
1780336207	XAUUSD	M5	4504.67						4505.99995360	4507.54761227	0
1780336507	XAUUSD	M5	4504.63						4505.07726795	4506.31244011	0
1780336807	XAUUSD	M5	4504.57						4504.63813769	4505.47528890	0
1780337107	XAUUSD	M5	4503.61						4504.63109280	4505.05319085	0
1780337407	XAUUSD	M5	4501.73						4504.97527940	4505.01423512	0
1780337707	XAUUSD	M5	4507.76						4505.55751062	4505.28587287	1
1780338007	XAUUSD	M5	4506.26						4506.05892596	4505.67239941	0
1780338307	XAUUSD	M5	4507.28						4506.32265302	4505.99752622	0
1780338607	XAUUSD	M5	4506.80						4506.18819765	4506.09286193	0
1780338907	XAUUSD	M5	4505.18						4505.60051662	4505.84668927	1
1780339207	XAUUSD	M5	4503.96						4504.59106289	4505.21887608	0
1780339507	XAUUSD	M5	4504.72						4503.25634515	4504.23761062	0
1780339807	XAUUSD	M5	4503.53						4501.68925634	4502.96343348	0
1780340107	XAUUSD	M5	4498.19						4500.04741093	4501.50542221	0
1780340407	XAUUSD	M5	4494.58						4498.56960960	4500.03751590	0
1780340707	XAUUSD	M5	4495.46						4497.41150906	4498.72451248	0
1780341007	XAUUSD	M5	4503.08						4496.56616091	4497.64533669	0
1780341307	XAUUSD	M5	4495.80						4495.83478803	4496.74006236	0
1780341607	XAUUSD	M5	4493.96						4495.33898073	4496.03952154	0
1780341907	XAUUSD	M5	4495.74						4495.07327445	4495.55639800	0
1780342207	XAUUSD	M5	4494.96						4494.96913444	4495.26276622	0
1780342507	XAUUSD	M5	4492.84						4495.03538295	4495.14907458	0
1780342807	XAUUSD	M5	4496.04						4495.34328105	4495.24617782	1
1780343107	XAUUSD	M5	4495.84						4495.85475123	4495.55046452	0
1780343407	XAUUSD	M5	4494.74						4496.58646336	4496.06846394	0
1780343707	XAUUSD	M5	4500.03						4497.52511280	4496.79678837	0
1780344007	XAUUSD	M5	4501.32						4498.47786395	4497.63732616	0
1780344307	XAUUSD	M5	4497.19						4499.30853705	4498.47293161	0
1780344607	XAUUSD	M5	4498.02						4500.00455897	4499.23874529	0
1780344907	XAUUSD	M5	4500.50						4500.44205569	4499.84040049	0
1780345207	XAUUSD	M5	4499.49						4500.51224237	4500.17632143	0
1780345507	XAUUSD	M5	4499.51						4500.23391702	4500.20511922	0
1780345807	XAUUSD	M5	4505.66						4499.65754321	4499.93133121	1
1780346107	XAUUSD	M5	4499.68						4498.74226515	4499.33679818	0
1780346407	XAUUSD	M5	4496.39						4497.76021747	4498.54850782	0
1780346707	XAUUSD	M5	4490.65					4489.39000	4496.92669534	4497.73760158	0
1780347007	XAUUSD	M5	4497.93						4496.46422624	4497.10091391	0
1780347307	XAUUSD	M5	4498.33						4496.25565361	4496.67828376	0
1780347607	XAUUSD	M5	4495.45						4496.30138719	4496.48983548	0
1780347907	XAUUSD	M5	4497.96						4496.64915888	4496.56949718	1
1780348207	XAUUSD	M5	4496.01						4497.21541077	4496.89245397	0
1780348507	XAUUSD	M5	4498.16						4498.00756884	4497.45001140	0
1780348807	XAUUSD	M5	4500.16						4498.94799067	4498.19900104	0
1780349107	XAUUSD	M5	4501.59						4499.95982822	4499.07941463	0
1780349407	XAUUSD	M5	4499.96						4500.98232397	4500.03086930	0
1780349707	XAUUSD	M5	4500.45						4502.02431618	4501.02759274	0
1780350007	XAUUSD	M5	4500.91						4503.03359826	4502.03059550	0
1780350307	XAUUSD	M5	4504.91						4503.94801699	4502.98930624	0
1780350607	XAUUSD	M5	4503.77						4504.64488089	4503.81709356	0
1780350907	XAUUSD	M5	4505.87						4505.13597490	4504.47653423	0
1780351207	XAUUSD	M5	4509.50						4505.40808497	4504.94230960	0
1780351507	XAUUSD	M5	4507.30						4505.44307274	4505.19269117	0
1780351807	XAUUSD	M5	4503.99						4505.40224799	4505.29746958	0
1780352107	XAUUSD	M5	4500.22						4505.46122111	4505.37934534	0
1780352407	XAUUSD	M5	4505.76						4505.78115309	4505.58024922	0
1780352707	XAUUSD	M5	4504.85						4506.26494184	4505.92259553	0
1780353007	XAUUSD	M5	4509.85						4506.92172554	4506.42216054	0
1780353307	XAUUSD	M5	4508.61				4512.95000		4507.59744975	4507.00980514	0
1780353607	XAUUSD	M5	4510.76						4508.26445886	4507.63713200	0
1780353907	XAUUSD	M5	4506.76						4508.79102804	4508.21408002	0
1780354207	XAUUSD	M5	4510.33						4509.15870276	4508.68639139	0
1780354507	XAUUSD	M5	4507.21						4509.18094743	4508.93366941	0
1780354807	XAUUSD	M5	4508.66						4508.84885305	4508.89126123	1
1780355107	XAUUSD	M5	4507.46						4508.10208516	4508.49667320	0
1780355407	XAUUSD	M5	4505.87						4507.02019349	4507.75843334	0
1780355707	XAUUSD	M5	4505.97						4505.76127397	4506.75985366	0
1780356007	XAUUSD	M5	4507.66						4504.50624004	4505.63304685	0
1780356307	XAUUSD	M5	4503.36						4503.42599044	4504.52951864	0
1780356607	XAUUSD	M5	4503.39						4502.81410643	4503.67181254	0
1780356907	XAUUSD	M5	4501.86						4502.80704921	4503.23943087	0
1780357207	XAUUSD	M5	4505.59						4503.43680086	4503.33811587	1
1780357507	XAUUSD	M5	4500.84						4504.45999727	4503.89905657	0
1780357807	XAUUSD	M5	4503.25						4505.66759605	4504.78332631	0
1780358107	XAUUSD	M5	4507.89						4506.57590040	4505.67961335	0
1780358407	XAUUSD	M5	4506.83						4506.61851847	4506.14906591	0
1780358707	XAUUSD	M5	4505.63						4505.43070146	4505.78988369	1
1780359007	XAUUSD	M5	4501.96						4502.80279841	4504.29634105	0
1780359307	XAUUSD	M5	4501.78						4498.77915311	4501.53774708	0
1780359607	XAUUSD	M5	4501.18						4493.52073470	4497.52924089	0
1780359907	XAUUSD	M5	4484.29						4487.38261043	4492.45592566	0
1780360207	XAUUSD	M5	4482.30						4481.17473610	4486.81533088	0
1780360507	XAUUSD	M5	4465.93						4475.34548677	4481.08040883	0
1780360807	XAUUSD	M5	4465.06						4470.53581850	4475.80811366	0
1780361107	XAUUSD	M5	4466.12						4466.84294866	4471.32553116	0
1780361407	XAUUSD	M5	4472.88						4464.13255068	4467.72904092	0
1780361707	XAUUSD	M5	4467.35						4462.02033934	4464.87469013	0
1780362007	XAUUSD	M5	4464.61						4460.37826776	4462.62647894	0
1780362307	XAUUSD	M5	4454.78						4459.05602401	4460.84125147	0
1780362607	XAUUSD	M5	4450.49						4458.13297914	4459.48711531	0
1780362907	XAUUSD	M5	4454.50					4447.78000	4457.61664441	4458.55187986	0
1780363207	XAUUSD	M5	4460.39						4457.35757526	4457.95472756	0
1780363507	XAUUSD	M5	4461.22						4457.17191943	4457.56332349	0
1780363807	XAUUSD	M5	4457.21						4457.00802358	4457.28567354	0
1780364107	XAUUSD	M5	4455.26						4456.91611325	4457.10089340	0
1780364407	XAUUSD	M5	4456.22						4456.89371697	4456.99730518	0
1780364707	XAUUSD	M5	4458.65						4456.88832606	4456.94281562	0
1780365007	XAUUSD	M5	4455.49						4456.84865023	4456.89573293	0
1780365307	XAUUSD	M5	4459.94						4456.89656818	4456.89615055	1
1780365607	XAUUSD	M5	4454.72						4457.03681457	4456.96648256	0
1780365907	XAUUSD	M5	4456.05						4457.51867083	4457.24257670	0
1780366207	XAUUSD	M5	4458.70						4458.44079536	4457.84168603	0
1780366507	XAUUSD	M5	4460.24						4459.81713462	4458.82941032	0
1780366807	XAUUSD	M5	4462.37						4461.64323116	4460.23632074	0
1780367107	XAUUSD	M5	4464.35						4463.82396660	4462.03014367	0
1780367407	XAUUSD	M5	4465.36						4466.19595358	4464.11304863	0
1780367707	XAUUSD	M5	4467.08						4468.58687537	4466.34996200	0
1780368007	XAUUSD	M5	4468.79						4470.78867952	4468.56932076	0
1780368307	XAUUSD	M5	4477.14						4472.60440897	4470.58686486	0
1780368607	XAUUSD	M5	4476.86						4473.71997878	4472.15342182	0
1780368907	XAUUSD	M5	4472.38						4474.08363346	4473.11852764	0
1780369207	XAUUSD	M5	4469.80						4473.83219691	4473.47536227	0
1780369507	XAUUSD	M5	4471.29						4473.10305548	4473.28920888	1
1780369807	XAUUSD	M5	4474.21						4471.99967984	4472.64444436	0
1780370107	XAUUSD	M5	4473.38						4470.62269145	4471.63356790	0
1780370407	XAUUSD	M5	4468.79						4469.19263430	4470.41310110	0
1780370707	XAUUSD	M5	4467.37						4468.02763511	4469.22036811	0
1780371007	XAUUSD	M5	4466.78						4467.35987954	4468.29012382	0
1780371307	XAUUSD	M5	4468.60						4467.33035960	4467.81024171	0
1780371607	XAUUSD	M5	4467.98						4467.93187232	4467.87105702	1
1780371907	XAUUSD	M5	4469.44						4469.09551897	4468.48328799	0
1780372207	XAUUSD	M5	4469.22						4470.60411387	4469.54370093	0
1780372507	XAUUSD	M5	4468.06						4472.22950820	4470.88660456	0
1780372807	XAUUSD	M5	4471.96						4473.77148136	4472.32904296	0
1780373107	XAUUSD	M5	4480.10						4474.98009312	4473.65456804	0
1780373407	XAUUSD	M5	4480.11						4475.62582967	4474.64019885	0
1780373707	XAUUSD	M5	4476.29						4475.81216910	4475.22618398	0
1780374007	XAUUSD	M5	4473.44						4475.85866151	4475.54242274	0
1780374307	XAUUSD	M5	4475.05						4476.12615507	4475.83428891	0
1780374607	XAUUSD	M5	4475.82						4476.84377439	4476.33903165	0
1780374907	XAUUSD	M5	4475.15						4478.16958924	4477.25431044	0
1780375207	XAUUSD	M5	4482.93						4480.14784773	4478.70107909	0
1780375507	XAUUSD	M5	4481.31						4482.48147535	4480.59127722	0
1780375807	XAUUSD	M5	4482.83						4484.97615349	4482.78371535	0
1780376107	XAUUSD	M5	4491.56						4487.32077795	4485.05224665	0
1780376407	XAUUSD	M5	4491.51				4495.39000		4489.07086890	4487.06155777	0
1780376707	XAUUSD	M5	4491.45						4490.08246764	4488.57201271	0
1780377007	XAUUSD	M5	4487.55						4490.35066726	4489.46133998	0
1780377307	XAUUSD	M5	4486.86						4490.08161450	4489.77147724	0
1780377607	XAUUSD	M5	4489.80						4489.48134069	4489.62640896	1
1780377907	XAUUSD	M5	4488.66						4488.70843874	4489.16742385	0
1780378207	XAUUSD	M5	4489.22						4487.99005039	4488.57873712	0
1780378507	XAUUSD	M5	4489.16						4487.44418961	4488.01146336	0
1780378807	XAUUSD	M5	4486.64						4487.11858033	4487.56502185	0
1780379107	XAUUSD	M5	4486.10						4487.03600791	4487.30051488	0
1780379407	XAUUSD	M5	4486.06						4487.12745961	4487.21398725	0
1780379707	XAUUSD	M5	4487.92						4487.29141464	4487.25270094	1
1780380007	XAUUSD	M5	4488.60						4487.38712020	4487.31991057	0
1780380307	XAUUSD	M5	4487.17						4487.33769191	4487.32880124	0
1780380607	XAUUSD	M5	4486.70						4487.15680008	4487.24280066	1
1780380907	XAUUSD	M5	4487.83						4486.87096077	4487.05688071	0
1780381207	XAUUSD	M5	4485.27						4486.48164446	4486.76926259	0
1780381507	XAUUSD	M5	4485.38						4486.06925103	4486.41925681	0
1780381807	XAUUSD	M5	4485.87						4485.64237872	4486.03081777	0
1780382107	XAUUSD	M5	4485.77						4485.17735954	4485.60408865	0
1780382407	XAUUSD	M5	4484.68						4484.65942969	4485.13175917	0
1780382707	XAUUSD	M5	4483.89						4484.11303873	4484.62239895	0
1780383007	XAUUSD	M5	4484.35						4483.57689132	4484.09964514	0
1780383307	XAUUSD	M5	4483.47						4483.07573873	4483.58769193	0
1780383607	XAUUSD	M5	4483.59						4482.66572961	4483.12671077	0
1780383907	XAUUSD	M5	4480.17						4482.37828540	4482.75249809	0
1780384207	XAUUSD	M5	4481.15					4479.13000	4482.30614113	4482.52931961	0
1780384507	XAUUSD	M5	4482.97						4482.40851564	4482.46891763	0
1780384807	XAUUSD	M5	4483.43						4482.61158477	4482.54025120	1
1780385107	XAUUSD	M5	4483.53						4482.85509796	4482.69767458	0
1780385407	XAUUSD	M5	4482.96						4483.08506649	4482.89137053	0
1780385707	XAUUSD	M5	4482.58						4483.28755882	4483.08946468	0
1780386007	XAUUSD	M5	4483.12						4483.45421786	4483.27184127	0
1780386307	XAUUSD	M5	4484.64						4483.57959849	4483.42571988	0
1780386607	XAUUSD	M5	4484.05						4483.64430914	4483.53501451	0
1780386907	XAUUSD	M5	4482.61						4483.68302105	4483.60901778	0
1780387207	XAUUSD	M5	4483.92						4483.73810965	4483.67356371	0
1780387507	XAUUSD	M5	4483.20						4483.77046625	4483.72201498	0
1780387807	XAUUSD	M5	4484.87						4483.77107556	4483.74654527	0
1780391707	XAUUSD	M5	4483.02				4488.29000		4483.67454853	4483.71054690	1
1780392007	XAUUSD	M5	4482.41						4483.50855755	4483.60955222	0
1780392307	XAUUSD	M5	4484.52						4483.28435949	4483.44695585	0
1780392607	XAUUSD	M5	4484.15						4482.97464691	4483.21080138	0
1780392907	XAUUSD	M5	4482.75						4482.63786211	4482.92433175	0
1780393207	XAUUSD	M5	4481.46						4482.36997469	4482.64715322	0
1780393507	XAUUSD	M5	4481.24						4482.26551622	4482.45633472	0
1780393807	XAUUSD	M5	4482.83						4482.37925053	4482.41779262	0
1780394107	XAUUSD	M5	4481.54						4482.70705373	4482.56242318	1
1780394407	XAUUSD	M5	4484.15						4483.26680507	4482.91461412	0
1780394707	XAUUSD	M5	4483.97						4483.97481452	4483.44471432	0
1780395007	XAUUSD	M5	4485.93						4484.78784630	4484.11628031	0
1780395307	XAUUSD	M5	4486.37						4485.58998090	4484.85313061	0
1780395607	XAUUSD	M5	4485.28						4486.28780201	4485.57046631	0
1780395907	XAUUSD	M5	4486.09						4486.81998299	4486.19522465	0
1780396207	XAUUSD	M5	4486.57						4487.08144524	4486.63833494	0
1780396507	XAUUSD	M5	4487.62						4486.99006221	4486.81419857	0
1780396807	XAUUSD	M5	4487.23						4486.48957354	4486.65188606	1
1780397107	XAUUSD	M5	4484.81						4485.61075277	4486.13131941	0
1780397407	XAUUSD	M5	4484.52						4484.50389021	4485.31760481	0
1780397707	XAUUSD	M5	4483.42						4483.34090604	4484.32925543	0
1780398007	XAUUSD	M5	4480.11						4482.35427658	4483.34176600	0
1780398307	XAUUSD	M5	4484.77						4481.83328989	4482.58752795	0
1780398607	XAUUSD	M5	4484.50						4481.83472115	4482.21112455	0
1780398907	XAUUSD	M5	4484.56						4482.43626575	4482.32369515	1
1780399207	XAUUSD	M5	4478.56						4483.58219251	4482.95294383	0
1780399507	XAUUSD	M5	4481.37						4485.21775475	4484.08534929	0
1780399807	XAUUSD	M5	4485.31						4486.97344514	4485.52939722	0
1780400107	XAUUSD	M5	4489.79						4488.40195262	4486.96567492	0
1780400407	XAUUSD	M5	4493.81						4489.09396312	4488.02981902	0
1780400707	XAUUSD	M5	4489.19				4497.24000		4488.80057174	4488.41519538	0
1780401007	XAUUSD	M5	4489.28						4487.68760835	4488.05140187	1
1780401307	XAUUSD	M5	4487.07						4486.01951137	4487.03545662	0
1780401607	XAUUSD	M5	4481.45						4484.23978983	4485.63762322	0
1780401907	XAUUSD	M5	4481.85						4482.88938538	4484.26350430	0
1780402207	XAUUSD	M5	4481.97						4482.26744137	4483.26547284	0
1780402507	XAUUSD	M5	4481.84						4482.47091451	4482.86819367	0
1780402807	XAUUSD	M5	4479.46						4483.36779840	4483.11799603	1
1780403107	XAUUSD	M5	4489.76						4484.66311938	4483.89055771	0
1780403407	XAUUSD	M5	4486.18						4485.66701527	4484.77878649	0
1780403707	XAUUSD	M5	4483.16						4486.02864715	4485.40371682	0
1780404007	XAUUSD	M5	4486.57						4485.54143335	4485.47257508	0
1780404307	XAUUSD	M5	4487.29						4484.07729957	4484.77493733	1
1780404607	XAUUSD	M5	4482.07						4481.81761037	4483.29627385	0
1780404907	XAUUSD	M5	4479.93						4479.27402175	4481.28514780	0
1780405207	XAUUSD	M5	4475.58						4476.96716316	4479.12615548	0
1780405507	XAUUSD	M5	4473.82					4463.08000	4475.40696448	4477.26655998	0
1780405807	XAUUSD	M5	4474.02						4474.87233054	4476.06944526	0
1780406107	XAUUSD	M5	4473.35						4475.35637788	4475.71291157	0
1780406407	XAUUSD	M5	4474.71						4476.63580391	4476.17435774	1
1780406707	XAUUSD	M5	4480.71						4478.28508618	4477.22972196	0
1780407007	XAUUSD	M5	4480.96						4479.74443763	4478.48707979	0
1780407307	XAUUSD	M5	4484.01						4480.68421431	4479.58564705	0
1780407607	XAUUSD	M5	4482.02						4480.90353845	4480.24459275	0
1780407907	XAUUSD	M5	4481.28						4480.54337475	4480.39398375	0
1780408207	XAUUSD	M5	4478.82						4479.90887992	4480.15143184	1
1780408507	XAUUSD	M5	4476.61						4479.43809608	4479.79476396	0
1780408807	XAUUSD	M5	4474.78						4479.52338150	4479.65907273	0
1780409107	XAUUSD	M5	4478.82						4480.41802334	4480.03854804	1
1780409407	XAUUSD	M5	4485.96						4482.06024810	4481.04939807	0
1780409707	XAUUSD	M5	4488.07						4484.15539740	4482.60239774	0
1780410007	XAUUSD	M5	4486.66						4486.43082347	4484.51661060	0
1780410307	XAUUSD	M5	4488.37						4488.67960851	4486.59810956	0
1780410607	XAUUSD	M5	4490.03						4490.67965339	4488.63888147	0
1780410907	XAUUSD	M5	4490.11						4492.31436707	4490.47662427	0
1780411207	XAUUSD	M5	4495.22						4493.61265881	4492.04464154	0
1780411507	XAUUSD	M5	4493.68						4494.58359845	4493.31412000	0
1780411807	XAUUSD	M5	4494.62						4495.43254557	4494.37333278	0
1780412107	XAUUSD	M5	4497.40						4496.31231642	4495.34282460	0
1780412407	XAUUSD	M5	4498.19						4497.28138489	4496.31210474	0
1780412707	XAUUSD	M5	4497.54						4498.39179008	4497.35194741	0
1780413007	XAUUSD	M5	4499.44						4499.66047947	4498.50621344	0
1780413307	XAUUSD	M5	4500.34						4501.00764563	4499.75692954	0
1780413607	XAUUSD	M5	4502.18						4502.37189268	4501.06441111	0
1780413907	XAUUSD	M5	4504.66						4503.69730534	4502.38085822	0
1780414207	XAUUSD	M5	4507.76						4504.94038626	4503.66062224	0
1780414507	XAUUSD	M5	4505.71						4506.07380785	4504.86721505	0
1780414807	XAUUSD	M5	4504.77						4507.20137258	4506.03429382	0
1780415107	XAUUSD	M5	4507.79						4508.39033143	4507.21231262	0
1780415407	XAUUSD	M5	4509.05						4509.60288208	4508.40759735	0
1780415707	XAUUSD	M5	4510.48						4510.82275090	4509.61517413	0
1780416007	XAUUSD	M5	4512.66						4512.02772702	4510.82145058	0
1780416307	XAUUSD	M5	4512.94						4513.20508384	4512.01326721	0
1780416607	XAUUSD	M5	4517.46						4514.40646812	4513.20986766	0
1780416907	XAUUSD	M5	4515.87						4515.60561622	4514.40774194	0
1780417207	XAUUSD	M5	4516.02						4516.89779821	4515.65277008	0
1780417507	XAUUSD	M5	4518.72						4518.29778851	4516.97527929	0
1780417807	XAUUSD	M5	4518.63						4519.69950214	4518.33739072	0
1780418107	XAUUSD	M5	4518.83						4520.99692486	4519.66715779	0
1780418407	XAUUSD	M5	4519.74						4522.03795300	4520.85255540	0
1780418707	XAUUSD	M5	4524.86						4522.65745342	4521.75500441	0
1780419007	XAUUSD	M5	4523.66						4522.67488204	4522.21494323	0
1780419307	XAUUSD	M5	4524.50						4522.16942913	4522.19218618	1
1780419607	XAUUSD	M5	4523.48						4521.30153515	4521.74686066	0
1780419907	XAUUSD	M5	4519.58						4520.37368966	4521.06027516	0
1780420207	XAUUSD	M5	4517.08						4519.78574416	4520.42300966	0
1780420507	XAUUSD	M5	4520.52						4519.85923455	4520.14112210	0
1780420807	XAUUSD	M5	4520.88						4520.67192954	4520.40652582	1
1780421107	XAUUSD	M5	4519.01						4522.22674093	4521.31663338	0
1780421407	XAUUSD	M5	4520.32						4524.43556155	4522.87609746	0
1780421707	XAUUSD	M5	4529.47						4527.03479028	4524.95544387	0
1780422007	XAUUSD	M5	4533.17						4529.55522651	4527.25533519	0
1780422307	XAUUSD	M5	4535.55						4531.69980574	4529.47757047	0
1780422607	XAUUSD	M5	4534.04						4533.31455418	4531.39606232	0
1780422907	XAUUSD	M5	4532.84						4534.45652108	4532.92629170	0
1780423207	XAUUSD	M5	4533.70						4535.26481417	4534.09555293	0
1780423507	XAUUSD	M5	4532.85						4535.86915869	4534.98235581	0
1780423807	XAUUSD	M5	4536.04						4536.41895205	4535.70065393	0
1780424107	XAUUSD	M5	4536.05						4536.89611267	4536.29838330	0
1780424407	XAUUSD	M5	4537.81						4537.26478605	4536.78158467	0
1780424707	XAUUSD	M5	4539.99				4541.50000		4537.39327928	4537.08743198	0
1780425007	XAUUSD	M5	4539.36						4537.13181386	4537.10962292	0
1780425307	XAUUSD	M5	4536.88						4536.44661445	4536.77811868	1
1780425607	XAUUSD	M5	4534.03						4535.43512269	4536.10662069	0
1780425907	XAUUSD	M5	4533.68						4534.29789820	4535.20225944	0
1780426207	XAUUSD	M5	4532.98						4533.24626883	4534.22426414	0
1780426507	XAUUSD	M5	4531.79						4532.49766251	4533.36096332	0
1780426807	XAUUSD	M5	4531.72						4532.21821142	4532.78958737	0
1780427107	XAUUSD	M5	4530.68						4532.43908653	4532.61433695	0
1780427407	XAUUSD	M5	4535.08						4533.08397586	4532.84915641	1
1780427707	XAUUSD	M5	4534.26						4533.83665969	4533.34290805	0
1780428007	XAUUSD	M5	4535.66						4534.44843854	4533.89567330	0
1780428307	XAUUSD	M5	4534.86						4534.65522246	4534.27544788	0
1780428607	XAUUSD	M5	4532.60						4534.33007919	4534.30276353	0
1780428907	XAUUSD	M5	4534.21						4533.51192090	4533.90734222	1
1780429207	XAUUSD	M5	4531.23						4532.28803280	4533.09768751	0
1780429507	XAUUSD	M5	4532.02						4530.94382882	4532.02075816	0
1780429807	XAUUSD	M5	4530.23						4529.71025670	4530.86550743	0
1780430107	XAUUSD	M5	4528.82						4528.83884459	4529.85217601	0
1780430407	XAUUSD	M5	4529.56						4528.47275128	4529.16246365	0
1780430707	XAUUSD	M5	4527.87						4528.57019447	4528.86632906	0
1780431007	XAUUSD	M5	4526.73						4529.01285103	4528.93959004	1
1780431307	XAUUSD	M5	4527.29						4529.59836144	4529.26897574	0
1780431607	XAUUSD	M5	4529.00						4530.07632808	4529.67265191	0
1780431907	XAUUSD	M5	4533.96						4530.23267627	4529.95266409	0
1780432207	XAUUSD	M5	4534.61						4529.88974481	4529.92120445	1
1780432507	XAUUSD	M5	4529.21						4529.09741350	4529.50930898	0
1780432807	XAUUSD	M5	4526.71						4528.15576277	4528.83253587	0
1780433107	XAUUSD	M5	4525.65						4527.33897419	4528.08575503	0
1780433407	XAUUSD	M5	4524.42						4526.85518017	4527.47046760	0
1780433707	XAUUSD	M5	4525.59					4522.06000	4526.82069080	4527.14557920	0
1780434007	XAUUSD	M5	4526.33						4527.17970460	4527.16264190	1
1780434307	XAUUSD	M5	4530.63						4527.78375372	4527.47319781	0
1780434607	XAUUSD	M5	4530.00						4528.34993453	4527.91156617	0
1780434907	XAUUSD	M5	4528.38						4528.72738964	4528.31947790	0
1780435207	XAUUSD	M5	4529.43						4528.85417842	4528.58682816	0
1780435507	XAUUSD	M5	4529.02						4528.70696487	4528.64689652	0
1780435807	XAUUSD	M5	4529.09						4528.38637213	4528.51663432	1
1780436107	XAUUSD	M5	4525.31						4528.04644134	4528.28153783	0
1780436407	XAUUSD	M5	4528.40						4527.93357207	4528.10755495	0
1780436707	XAUUSD	M5	4528.00						4528.07933402	4528.09344449	0
1780437007	XAUUSD	M5	4526.79						4528.50968997	4528.30156723	1
1780437307	XAUUSD	M5	4528.78						4529.19067084	4528.74611903	0
1780437607	XAUUSD	M5	4530.66						4529.95257999	4529.34934951	0
1780437907	XAUUSD	M5	4532.31						4530.60397738	4529.97666345	0
1780438207	XAUUSD	M5	4533.21						4530.97918819	4530.47792582	0
1780438507	XAUUSD	M5	4531.18				4534.66000		4530.99939097	4530.73865840	0
1780438807	XAUUSD	M5	4529.87						4530.72211081	4530.73038460	1
1780439107	XAUUSD	M5	4528.84						4530.24469173	4530.48753817	0
1780439407	XAUUSD	M5	4527.94						4529.68860244	4530.08807031	0
1780439707	XAUUSD	M5	4528.69						4529.15982703	4529.62394867	0
1780440007	XAUUSD	M5	4529.61						4528.70491565	4529.16443216	0
1780440307	XAUUSD	M5	4529.97						4528.32872276	4528.74657746	0
1780440607	XAUUSD	M5	4527.51						4528.02038682	4528.38348214	0
1780440907	XAUUSD	M5	4526.92						4527.82156836	4528.10252525	0
1780441207	XAUUSD	M5	4529.16						4527.73085936	4527.91669231	0
1780441507	XAUUSD	M5	4528.59						4527.70682806	4527.81176019	0
1780441807	XAUUSD	M5	4527.54						4527.77742113	4527.79459066	0
1780442107	XAUUSD	M5	4527.77						4527.95989363	4527.87724215	1
1780442407	XAUUSD	M5	4527.38						4528.20605296	4528.04164755	0
1780442707	XAUUSD	M5	4526.39						4528.44015037	4528.24089896	0
1780443007	XAUUSD	M5	4526.83						4528.56239000	4528.40164448	0
1780443307	XAUUSD	M5	4531.02						4528.42845001	4528.41504725	0
1780443607	XAUUSD	M5	4529.35						4527.82467447	4528.11986086	1
1780443907	XAUUSD	M5	4528.14						4526.72769617	4527.42377851	0
1780444207	XAUUSD	M5	4524.85						4525.17646564	4526.30012208	0
1780444507	XAUUSD	M5	4524.94						4523.31191500	4524.80601854	0
1780444807	XAUUSD	M5	4520.36						4521.25015074	4523.02808464	0
1780445107	XAUUSD	M5	4514.99						4519.22187447	4521.12497955	0
1780445407	XAUUSD	M5	4514.15						4517.45637877	4519.29067916	0
1780445707	XAUUSD	M5	4520.30						4516.01757311	4517.65412614	0
1780446007	XAUUSD	M5	4516.53						4514.75968402	4516.20690508	0
1780446307	XAUUSD	M5	4514.00						4513.72284550	4514.96487529	0
1780446607	XAUUSD	M5	4512.77						4512.88902863	4513.92695196	0
1780446907	XAUUSD	M5	4513.13						4512.18590763	4513.05642979	0
1780447207	XAUUSD	M5	4510.63						4511.49897299	4512.27770139	0
1780447507	XAUUSD	M5	4508.20						4510.77759632	4511.52764885	0
1780447807	XAUUSD	M5	4510.83						4509.97231727	4510.74998306	0
1780448107	XAUUSD	M5	4508.45						4508.92495894	4509.83747100	0
1780448407	XAUUSD	M5	4509.75						4507.62130188	4508.72938644	0
1780448707	XAUUSD	M5	4504.95						4506.00976120	4507.36957382	0
1780449007	XAUUSD	M5	4502.66						4504.22785386	4505.79871384	0
1780449307	XAUUSD	M5	4502.34						4502.41613892	4504.10742638	0
1780449607	XAUUSD	M5	4502.91						4500.71072660	4502.40907649	0
1780449907	XAUUSD	M5	4504.29						4499.25512381	4500.83210015	0
1780450207	XAUUSD	M5	4495.96						4498.16905869	4499.50057942	0
1780450507	XAUUSD	M5	4493.20					4490.40000	4497.75126622	4498.62592282	0
1780450807	XAUUSD	M5	4495.44						4498.09856364	4498.36224323	0
1780451107	XAUUSD	M5	4499.49						4499.08451551	4498.72337937	1
1780451407	XAUUSD	M5	4502.34						4500.45123450	4499.58730694	0
1780451707	XAUUSD	M5	4504.56						4501.92060215	4500.75395454	0
1780452007	XAUUSD	M5	4503.83						4503.22683574	4501.99039514	0
1780452307	XAUUSD	M5	4504.17						4504.22392904	4503.10716209	0
1780452607	XAUUSD	M5	4504.12						4504.81715785	4503.96215997	0
1780452907	XAUUSD	M5	4502.75						4505.01521067	4504.48868532	0
1780453207	XAUUSD	M5	4506.75						4504.94194240	4504.71531386	0
1780453507	XAUUSD	M5	4503.46						4504.65747119	4504.68639253	1
1780453807	XAUUSD	M5	4504.37						4504.38587879	4504.53613566	0
1780454107	XAUUSD	M5	4503.51						4504.22801559	4504.38207563	0
1780454407	XAUUSD	M5	4505.39						4504.26151675	4504.32179619	0
1780454707	XAUUSD	M5	4506.30						4504.41542413	4504.36861016	1
1780455007	XAUUSD	M5	4504.50				4508.54000		4504.56678572	4504.46769794	0
1780455307	XAUUSD	M5	4502.49						4504.62454011	4504.54611902	0
1780455607	XAUUSD	M5	4505.30						4504.48934493	4504.51773198	1
1780455907	XAUUSD	M5	4503.84						4503.96412457	4504.24092827	0
1780456207	XAUUSD	M5	4502.11						4502.98653228	4503.61373028	0
1780456507	XAUUSD	M5	4500.82						4501.56802513	4502.59087770	0
1780456807	XAUUSD	M5	4502.10						4499.77655394	4501.18371582	0
1780457107	XAUUSD	M5	4498.19						4497.67919908	4499.43145745	0
1780457407	XAUUSD	M5	4494.83						4495.50860158	4497.47002952	0
1780457707	XAUUSD	M5	4494.66						4493.48227862	4495.47615407	0
1780458007	XAUUSD	M5	4490.57						4491.73401880	4493.60508643	0
1780458307	XAUUSD	M5	4489.69						4490.43958183	4492.02233413	0
1780458607	XAUUSD	M5	4487.69						4489.63832714	4490.83033063	0
1780458907	XAUUSD	M5	4489.81						4489.32758380	4490.07895722	0
1780459207	XAUUSD	M5	4490.93						4489.35639419	4489.71767570	0
1780459507	XAUUSD	M5	4489.49						4489.56825476	4489.64296523	0
1780459807	XAUUSD	M5	4491.97						4489.84466762	4489.74381642	1
1780460107	XAUUSD	M5	4490.45						4489.98239595	4489.86310619	0
1780460407	XAUUSD	M5	4487.06						4489.90783941	4489.88547280	0
1780460707	XAUUSD	M5	4489.63						4489.63652049	4489.76099664	1
1780461007	XAUUSD	M5	4487.21						4489.09583994	4489.42841829	0
1780461307	XAUUSD	M5	4488.20						4488.37799494	4488.90320661	0
1780461607	XAUUSD	M5	4491.17						4487.53571482	4488.21946072	0
1780461907	XAUUSD	M5	4488.53						4486.60126244	4487.41036158	0
1780462207	XAUUSD	M5	4482.92						4485.74734477	4486.57885318	0
1780462507	XAUUSD	M5	4484.56						4485.19161362	4485.88523340	0
1780462807	XAUUSD	M5	4485.95						4484.94852953	4485.41688146	0
1780463107	XAUUSD	M5	4483.81						4484.97857932	4485.19773039	0
1780463407	XAUUSD	M5	4484.61						4485.27354960	4485.23564000	1
1780463707	XAUUSD	M5	4486.52						4485.71521108	4485.47542554	0
1780464007	XAUUSD	M5	4487.56						4486.14542752	4485.81042653	0
1780464307	XAUUSD	M5	4485.19						4486.44444555	4486.12743604	0
1780464607	XAUUSD	M5	4484.93						4486.60739409	4486.36741506	0
1780464907	XAUUSD	M5	4487.61						4486.62383732	4486.49562619	0
1780465207	XAUUSD	M5	4488.45						4486.47081141	4486.48321880	1
1780465507	XAUUSD	M5	4488.20						4486.20827908	4486.34574894	0
1780465807	XAUUSD	M5	4485.41						4485.94282955	4486.14428925	0
1780466107	XAUUSD	M5	4480.54					4478.74000	4485.83093484	4485.98761205	0
1780466407	XAUUSD	M5	4486.63						4486.04298934	4486.01530069	1
1780466707	XAUUSD	M5	4487.59						4486.43620611	4486.22575340	0
1780467007	XAUUSD	M5	4487.36						4486.92181147	4486.57378243	0
1780467307	XAUUSD	M5	4488.74						4487.40680353	4486.99029298	0
1780467607	XAUUSD	M5	4488.51						4487.75683351	4487.37356325	0
1780467907	XAUUSD	M5	4487.26						4487.89578430	4487.63467377	0
1780468207	XAUUSD	M5	4486.72						4487.81345308	4487.72406343	0
1780468507	XAUUSD	M5	4486.28						4487.54091108	4487.63248726	1
1780468807	XAUUSD	M5	4489.56						4487.15999037	4487.39623881	0
1780469107	XAUUSD	M5	4486.46						4486.70237193	4487.04930537	0
1780469407	XAUUSD	M5	4484.45						4486.35745334	4486.70337935	0
1780469707	XAUUSD	M5	4487.34						4486.27163446	4486.48750691	0
1780470007	XAUUSD	M5	4487.00						4486.42955080	4486.45852886	0
1780470307	XAUUSD	M5	4486.28						4486.83834233	4486.64843560	1
1780470607	XAUUSD	M5	4488.00						4487.45395872	4487.05119716	0
1780470907	XAUUSD	M5	4487.44						4488.13744861	4487.59432288	0
1780471207	XAUUSD	M5	4488.07						4488.79684782	4488.19558535	0
1780471507	XAUUSD	M5	4489.87						4489.33102408	4488.76330471	0
1780471807	XAUUSD	M5	4490.42						4489.63524345	4489.19927408	0
1780472107	XAUUSD	M5	4489.45						4489.69931147	4489.44929278	0
1780472407	XAUUSD	M5	4489.82						4489.59930975	4489.52430126	0
1780472707	XAUUSD	M5	4489.64						4489.41013132	4489.46721629	1
1780473007	XAUUSD	M5	4489.63						4489.21775486	4489.34248557	0
1780473307	XAUUSD	M5	4488.99						4489.08993625	4489.21621091	0
1780473607	XAUUSD	M5	4488.79						4489.07096815	4489.14358953	0
1780473907	XAUUSD	M5	4487.64						4489.14757707	4489.14558330	1
1780474207	XAUUSD	M5	4487.91						4489.29473385	4489.22015857	0
1780478107	XAUUSD	M5	4490.22						4489.44630209	4489.33323033	0
1780478407	XAUUSD	M5	4492.07				4493.14000		4489.51213877	4489.42268455	0
1780478707	XAUUSD	M5	4489.57						4489.45353335	4489.43810895	0
1780479007	XAUUSD	M5	4489.23						4489.37596974	4489.40703935	1
1780479307	XAUUSD	M5	4488.85						4489.35059540	4489.37881737	0
1780479607	XAUUSD	M5	4490.42						4489.42588478	4489.40235108	1
1780479907	XAUUSD	M5	4488.46						4489.54447091	4489.47341099	0
1780480207	XAUUSD	M5	4488.78						4489.64681080	4489.56011090	0
1780480507	XAUUSD	M5	4489.09						4489.52408814	4489.54209952	1
1780480807	XAUUSD	M5	4488.83						4488.92174536	4489.23192244	0
1780481107	XAUUSD	M5	4486.93						4487.61453875	4488.42323060	0
1780481407	XAUUSD	M5	4484.91						4485.50664897	4486.96493978	0
1780481707	XAUUSD	M5	4484.96						4482.64720418	4484.80607198	0
1780482007	XAUUSD	M5	4482.26						4479.21279620	4482.00943409	0
1780482307	XAUUSD	M5	4477.26						4475.59577229	4478.80260319	0
1780482607	XAUUSD	M5	4470.28						4472.30006546	4475.55133433	0
1780482907	XAUUSD	M5	4467.86						4469.83946197	4472.69539815	0
1780483207	XAUUSD	M5	4467.65					4462.26000	4468.49189685	4470.59364750	0
1780483507	XAUUSD	M5	4466.43						4468.27807468	4469.43586109	0
1780483807	XAUUSD	M5	4465.83						4469.04444804	4469.24015456	0
1780484107	XAUUSD	M5	4474.94						4470.47081238	4469.85548347	1
1780484407	XAUUSD	M5	4472.00						4471.98488865	4470.92018606	0
1780484707	XAUUSD	M5	4473.92						4473.37735935	4472.14877271	0
1780485007	XAUUSD	M5	4474.44						4474.49600973	4473.32239122	0
1780485307	XAUUSD	M5	4478.76						4475.41435112	4474.36837117	0
1780485607	XAUUSD	M5	4476.64						4476.28026430	4475.32431773	0
1780485907	XAUUSD	M5	4476.00						4477.45292705	4476.38862239	0
1780486207	XAUUSD	M5	4477.55						4479.20699951	4477.79781095	0
1780486507	XAUUSD	M5	4478.96						4481.59661888	4479.69721492	0
1780486807	XAUUSD	M5	4483.14						4484.43944735	4482.06833113	0
1780487107	XAUUSD	M5	4485.33						4487.27153641	4484.66993377	0
1780487407	XAUUSD	M5	4491.83						4489.53786510	4487.10389943	0
1780487707	XAUUSD	M5	4495.76				4496.54000		4490.59796830	4488.85093387	0
1780488007	XAUUSD	M5	4491.04						4490.02592934	4489.43843161	0
1780488307	XAUUSD	M5	4489.01						4487.84516115	4488.64179638	1
1780488607	XAUUSD	M5	4486.03						4484.30263037	4486.47221338	0
1780488907	XAUUSD	M5	4473.70						4479.90430935	4483.18826136	0
1780489207	XAUUSD	M5	4474.37						4475.49307035	4479.34066586	0
1780489507	XAUUSD	M5	4471.28						4471.60361804	4475.47214195	0
1780489807	XAUUSD	M5	4469.53						4468.72320831	4472.09767513	0
1780490107	XAUUSD	M5	4466.38						4467.10682337	4469.60224925	0
1780490407	XAUUSD	M5	4467.11					4463.61000	4466.81496612	4468.20860768	0
1780490707	XAUUSD	M5	4471.32						4467.62772858	4467.91816813	0
1780491007	XAUUSD	M5	4466.53						4469.12624651	4468.52220732	1
1780491307	XAUUSD	M5	4470.54						4471.06839978	4469.79530355	0
1780491607	XAUUSD	M5	4475.77						4473.05846428	4471.42688391	0
1780491907	XAUUSD	M5	4474.04						4474.77164874	4473.09926633	0
1780492207	XAUUSD	M5	4475.83						4476.14136118	4474.62031375	0
1780492507	XAUUSD	M5	4473.86						4477.11661724	4475.86846550	0
1780492807	XAUUSD	M5	4478.73						4477.79099372	4476.82972961	0
1780493107	XAUUSD	M5	4480.58						4478.13564016	4477.48268488	0
1780493407	XAUUSD	M5	4476.27						4478.19541271	4477.83904880	0
1780493707	XAUUSD	M5	4478.27						4478.18107639	4478.01006260	0
1780494007	XAUUSD	M5	4478.77						4478.16158129	4478.08582194	0
1780494307	XAUUSD	M5	4478.98						4478.23776420	4478.16179307	0
1780494607	XAUUSD	M5	4481.06						4478.50294296	4478.33236802	0
1780494907	XAUUSD	M5	4479.05						4478.99477862	4478.66357332	0
1780495207	XAUUSD	M5	4475.65						4479.79639353	4479.22998342	0
1780495507	XAUUSD	M5	4479.64						4480.95736342	4480.09367342	0
1780495807	XAUUSD	M5	4481.91						4482.28926337	4481.19146840	0
1780496107	XAUUSD	M5	4485.94						4483.58210861	4482.38678851	0
1780496407	XAUUSD	M5	4485.33						4484.58294565	4483.48486708	0
1780496707	XAUUSD	M5	4485.40						4485.17786001	4484.33136354	0
1780497007	XAUUSD	M5	4485.29						4485.32861393	4484.82998874	0
1780497307	XAUUSD	M5	4485.47						4485.09757330	4484.96378102	0
1780497607	XAUUSD	M5	4483.44						4484.62813685	4484.79595894	1
1780497907	XAUUSD	M5	4484.07						4484.16427726	4484.48011810	0
1780498207	XAUUSD	M5	4484.83						4483.87302840	4484.17657325	0
1780498507	XAUUSD	M5	4484.38						4483.85346913	4484.01502119	0
1780498807	XAUUSD	M5	4482.99						4484.13409533	4484.07455826	1
1780499107	XAUUSD	M5	4483.82						4484.64803180	4484.36129503	0
1780499407	XAUUSD	M5	4484.43						4485.18947491	4484.77538497	0
1780499707	XAUUSD	M5	4485.94						4485.48772303	4485.13155400	0
1780500007	XAUUSD	M5	4486.23						4485.26150267	4485.19652833	0
1780500307	XAUUSD	M5	4486.78						4484.33324074	4484.76488454	1
1780500607	XAUUSD	M5	4481.39				4488.00000		4482.64188830	4483.70338642	0
1780500907	XAUUSD	M5	4480.70						4480.40012393	4482.05175517	0
1780501207	XAUUSD	M5	4477.11						4477.83886878	4479.94531198	0
1780501507	XAUUSD	M5	4474.76						4475.31095857	4477.62813527	0
1780501807	XAUUSD	M5	4471.57						4473.14283369	4475.38548448	0
1780502107	XAUUSD	M5	4473.47						4471.59857619	4473.49203034	0
1780502407	XAUUSD	M5	4471.43						4470.71235054	4472.10219044	0
1780502707	XAUUSD	M5	4470.19						4470.47954655	4471.29086849	0
1780503007	XAUUSD	M5	4469.56						4470.73697898	4471.01392374	0
1780503307	XAUUSD	M5	4470.84						4471.22283059	4471.11837716	1
1780503607	XAUUSD	M5	4470.62						4471.59130237	4471.35483976	0
1780503907	XAUUSD	M5	4473.50						4471.57886030	4471.46685003	0
1780504207	XAUUSD	M5	4472.34						4470.96149526	4471.21417265	1
1780504507	XAUUSD	M5	4468.64						4469.75519239	4470.48468252	0
1780504807	XAUUSD	M5	4468.49						4468.17194773	4469.32831513	0
1780505107	XAUUSD	M5	4465.02						4466.45354535	4467.89093024	0
1780505407	XAUUSD	M5	4466.91						4464.93770067	4466.41431545	0
1780505707	XAUUSD	M5	4462.01						4463.80916314	4465.11173930	0
1780506007	XAUUSD	M5	4466.04						4463.29509088	4464.20341509	0
1780506307	XAUUSD	M5	4463.32						4463.28307637	4463.74324573	0
1780506607	XAUUSD	M5	4456.99						4463.67800829	4463.71062701	0
1780506907	XAUUSD	M5	4466.98						4464.36132401	4464.03597551	1
1780507207	XAUUSD	M5	4465.20						4464.81973169	4464.42785360	0
1780507507	XAUUSD	M5	4466.13						4464.86409554	4464.64597457	0
1780507807	XAUUSD	M5	4468.28						4464.37582969	4464.51090213	1
1780508107	XAUUSD	M5	4460.26						4463.37371640	4463.94230927	0
1780508407	XAUUSD	M5	4462.53						4462.24596615	4463.09413771	0
1780508707	XAUUSD	M5	4459.48						4461.21029738	4462.15221754	0
1780509007	XAUUSD	M5	4462.94						4460.57854600	4461.36538177	0
1780509307	XAUUSD	M5	4460.57						4460.43554026	4460.90046101	0
1780509607	XAUUSD	M5	4459.13						4460.88293782	4460.89169942	0
1780509907	XAUUSD	M5	4458.39						4461.86220687	4461.37695314	1
1780510207	XAUUSD	M5	4463.05						4463.17091817	4462.27393565	0
1780510507	XAUUSD	M5	4465.23						4464.42352615	4463.34873090	0
1780510807	XAUUSD	M5	4468.98						4465.28460450	4464.31666770	0
1780511107	XAUUSD	M5	4469.58				4472.13000		4465.46302287	4464.88984529	0
1780511407	XAUUSD	M5	4463.59						4464.87393487	4464.88189008	1
1780511707	XAUUSD	M5	4463.45						4463.72513906	4464.30351457	0
1780512007	XAUUSD	M5	4456.18						4462.19806561	4463.25079009	0
1780512307	XAUUSD	M5	4461.50						4460.66899408	4461.95989208	0
1780512607	XAUUSD	M5	4458.39						4459.20493433	4460.58241321	0
1780512907	XAUUSD	M5	4458.77						4457.99599869	4459.28920595	0
1780513207	XAUUSD	M5	4458.91						4457.09018828	4458.18969711	0
1780513507	XAUUSD	M5	4459.71						4456.47871992	4457.33420852	0
1780513807	XAUUSD	M5	4453.30						4456.09267579	4456.71344216	0
1780514107	XAUUSD	M5	4457.67						4455.97676014	4456.34510115	0
1780514407	XAUUSD	M5	4455.19						4455.92018555	4456.13264335	0
1780514707	XAUUSD	M5	4455.31						4455.86396973	4455.99830654	0
1780515007	XAUUSD	M5	4454.03						4455.72118205	4455.85974429	0
1780515307	XAUUSD	M5	4451.51						4455.45304602	4455.65639516	0
1780515607	XAUUSD	M5	4457.27						4455.08785843	4455.37212679	0
1780515907	XAUUSD	M5	4456.67						4454.51088150	4454.94150414	0
1780516207	XAUUSD	M5	4455.65						4453.76905142	4454.35527778	0
1780516507	XAUUSD	M5	4456.48						4452.96523486	4453.66025632	0
1780516807	XAUUSD	M5	4454.30						4452.16018375	4452.91022004	0
1780517107	XAUUSD	M5	4444.86						4451.45124397	4452.18073201	0
1780517407	XAUUSD	M5	4444.00						4451.03870915	4451.60972058	0
1780517707	XAUUSD	M5	4451.17						4450.82997628	4451.21984843	0
1780518007	XAUUSD	M5	4456.92						4450.48993393	4450.85489118	0
1780518307	XAUUSD	M5	4451.34						4449.71973037	4450.28731077	0
1780518607	XAUUSD	M5	4450.16						4448.56187242	4449.42459160	0
1780518907	XAUUSD	M5	4447.84						4447.07748395	4448.25103777	0
1780519207	XAUUSD	M5	4439.55						4445.48436621	4446.86770199	0
1780519507	XAUUSD	M5	4441.97						4444.22836922	4445.54803561	0
1780519807	XAUUSD	M5	4446.94					4439.04000	4443.54982221	4444.54892891	0
1780520107	XAUUSD	M5	4446.76						4443.60360421	4444.07626656	0
1780520407	XAUUSD	M5	4447.02						4444.56358231	4444.31992443	1
1780520707	XAUUSD	M5	4443.47						4446.45428771	4445.38710607	0
1780521007	XAUUSD	M5	4443.12						4449.19697286	4447.29203947	0
1780521307	XAUUSD	M5	4447.95						4452.48495265	4449.88849606	0
1780521607	XAUUSD	M5	4461.69						4455.77786304	4452.83317955	0
1780521907	XAUUSD	M5	4463.00						4458.35848955	4455.59583455	0
1780522207	XAUUSD	M5	4462.56						4459.91601496	4457.75592475	0
1780522507	XAUUSD	M5	4456.93						4460.40461460	4459.08026968	0
1780522807	XAUUSD	M5	4459.82						4460.11552639	4459.59789803	0
1780523107	XAUUSD	M5	4460.12						4459.31366951	4459.45578377	1
1780523407	XAUUSD	M5	4458.99						4458.38135429	4458.91856903	0
1780523707	XAUUSD	M5	4454.19						4457.71573506	4458.31715204	0
1780524007	XAUUSD	M5	4455.90						4457.67303659	4457.99509431	0
1780524307	XAUUSD	M5	4459.23						4458.29027737	4458.14268584	1
1780524607	XAUUSD	M5	4459.01						4459.39205520	4458.76737052	0
1780524907	XAUUSD	M5	4464.48						4460.74769767	4459.75753410	0
1780525207	XAUUSD	M5	4463.29				4468.06000		4461.97163482	4460.86458446	0
1780525507	XAUUSD	M5	4462.07						4462.88523878	4461.87491162	0
1780525807	XAUUSD	M5	4460.99						4463.43935422	4462.65713292	0
1780526107	XAUUSD	M5	4462.74						4463.66915940	4463.16314616	0
1780526407	XAUUSD	M5	4464.58						4463.63643966	4463.39979291	0
1780526707	XAUUSD	M5	4465.99						4463.43742614	4463.41860952	0
1780527007	XAUUSD	M5	4463.39						4463.16131440	4463.28996196	1
1780527307	XAUUSD	M5	4460.28						4462.92686479	4463.10841337	0
1780527607	XAUUSD	M5	4462.18						4462.78364752	4462.94603045	0
1780527907	XAUUSD	M5	4462.52						4462.57996975	4462.76300010	0
1780528207	XAUUSD	M5	4462.40						4462.13965340	4462.45132675	0
1780528507	XAUUSD	M5	4463.76						4461.31219750	4461.88176212	0
1780528807	XAUUSD	M5	4458.35						4459.99023288	4460.93599750	0
1780529107	XAUUSD	M5	4458.90						4458.33829496	4459.63714623	0
1780529407	XAUUSD	M5	4456.25						4456.53409850	4458.08562236	0
1780529707	XAUUSD	M5	4457.98						4454.92195179	4456.50378708	0
1780530007	XAUUSD	M5	4452.80						4453.79087905	4455.14733307	0
1780530307	XAUUSD	M5	4451.50						4453.53813433	4454.34273370	0
1780530607	XAUUSD	M5	4449.46						4454.32806297	4454.33539834	0
1780530907	XAUUSD	M5	4459.18						4456.12291421	4455.22915627	1
1780531207	XAUUSD	M5	4461.29						4458.41434568	4456.82175098	0
1780531507	XAUUSD	M5	4460.61				4467.19000		4460.70040971	4458.76108034	0
1780531807	XAUUSD	M5	4460.45						4462.47799141	4460.61953587	0
1780532107	XAUUSD	M5	4463.32						4463.25468500	4461.93711044	0
1780532407	XAUUSD	M5	4462.82						4462.62333807	4462.28022425	0
1780532707	XAUUSD	M5	4462.34						4460.48914688	4461.38468557	1
1780533007	XAUUSD	M5	4457.41						4457.03034011	4459.20751284	0
1780533307	XAUUSD	M5	4450.23						4452.76229253	4455.98490268	0
1780533607	XAUUSD	M5	4448.59						4448.40353854	4452.19422061	0
1780533907	XAUUSD	M5	4448.37						4444.56981479	4448.38201770	0
1780534207	XAUUSD	M5	4448.69						4441.73494456	4445.05848113	0
1780534507	XAUUSD	M5	4427.39						4440.17603044	4442.61725578	0
1780534807	XAUUSD	M5	4437.22					4426.50000	4440.39036738	4441.50381158	0
1780535107	XAUUSD	M5	4444.55						4441.90117367	4441.70249263	1
1780535407	XAUUSD	M5	4445.91						4444.09449048	4442.89849155	0
1780535707	XAUUSD	M5	4445.97						4446.43941776	4444.66895465	0
1780536007	XAUUSD	M5	4450.40						4448.51817327	4446.59356396	0
1780536307	XAUUSD	M5	4454.49						4450.00257151	4448.29806774	0
1780536607	XAUUSD	M5	4448.98						4450.78228738	4449.54017756	0
1780536907	XAUUSD	M5	4449.68						4451.14709303	4450.34363530	0
1780537207	XAUUSD	M5	4451.99						4451.34299873	4450.84331701	0
1780537507	XAUUSD	M5	4449.22						4451.56574318	4451.20453010	0
1780537807	XAUUSD	M5	4451.69						4452.02570829	4451.61511919	0
1780538107	XAUUSD	M5	4448.28						4452.66814590	4452.14163255	0
1780538407	XAUUSD	M5	4454.11						4453.41570174	4452.77866714	0
1780538707	XAUUSD	M5	4458.90				4459.61000		4453.87775429	4453.32821072	0
1780539007	XAUUSD	M5	4457.14						4453.67659086	4453.50240079	0
1780539307	XAUUSD	M5	4452.95						4452.68467200	4453.09353639	1
1780539607	XAUUSD	M5	4449.35						4450.97469824	4452.03411732	0
1780539907	XAUUSD	M5	4445.94						4448.76187057	4450.39799394	0
1780540207	XAUUSD	M5	4445.71						4446.36249229	4448.38024312	0
1780540507	XAUUSD	M5	4443.10						4444.08173349	4446.23098830	0
1780540807	XAUUSD	M5	4444.75						4442.24809692	4444.23954261	0
1780541107	XAUUSD	M5	4441.05						4440.99234794	4442.61594527	0
1780541407	XAUUSD	M5	4439.08						4440.42353028	4441.51973778	0
1780541707	XAUUSD	M5	4440.10						4440.46947997	4440.99460887	0
1780542007	XAUUSD	M5	4441.77						4440.87159535	4440.93310211	0
1780542307	XAUUSD	M5	4441.23						4441.30853085	4441.12081648	1
1780542607	XAUUSD	M5	4442.27						4441.53606466	4441.32844057	0
1780542907	XAUUSD	M5	4442.79						4441.35842500	4441.34343279	0
1780543207	XAUUSD	M5	4439.44						4440.71943519	4441.03143399	1
1780543507	XAUUSD	M5	4439.23						4439.77771109	4440.40457254	0
1780543807	XAUUSD	M5	4438.66						4438.73193814	4439.56825534	0
1780544107	XAUUSD	M5	4436.23						4437.79846599	4438.68336066	0
1780544407	XAUUSD	M5	4437.65					4433.81000	4437.22165294	4437.95250680	0
1780544707	XAUUSD	M5	4440.19						4437.10241125	4437.52745903	0
1780545007	XAUUSD	M5	4436.25						4437.42675684	4437.47710793	0
1780545307	XAUUSD	M5	4438.99						4438.24140174	4437.85925484	1
1780545607	XAUUSD	M5	4437.94						4439.36381679	4438.61153582	0
1780545907	XAUUSD	M5	4438.05						4440.65251145	4439.63202363	0
1780546207	XAUUSD	M5	4441.90						4441.91887632	4440.77544997	0
1780546507	XAUUSD	M5	4444.63						4442.90038373	4441.83791685	0
1780546807	XAUUSD	M5	4447.06				4448.42000		4443.41469657	4442.62630671	0
1780547107	XAUUSD	M5	4441.87						4443.36267184	4442.99448928	0
1780547407	XAUUSD	M5	4442.48						4442.90569034	4442.95008981	1
1780547707	XAUUSD	M5	4442.06						4442.12786833	4442.53897907	0
1780548007	XAUUSD	M5	4439.03						4441.17444430	4441.85671168	0
1780548307	XAUUSD	M5	4440.01						4440.26127528	4441.05899348	0
1780548607	XAUUSD	M5	4440.21						4439.48845173	4440.27372261	0
1780548907	XAUUSD	M5	4440.54						4438.92199233	4439.59785747	0
1780549207	XAUUSD	M5	4438.23						4438.56907229	4439.08346488	0
1780549507	XAUUSD	M5	4437.96						4438.44251112	4438.76298800	0
1780549807	XAUUSD	M5	4439.00						4438.46790468	4438.61544634	0
1780550107	XAUUSD	M5	4439.46						4438.52535022	4438.57039828	0
1780550407	XAUUSD	M5	4437.43						4438.53313682	4438.55176755	0
1780550707	XAUUSD	M5	4436.88					4435.50000	4438.49403753	4438.52290254	0
1780551007	XAUUSD	M5	4438.04						4438.41996776	4438.47143515	0
1780551307	XAUUSD	M5	4438.93						4438.33241459	4438.40192487	0
1780551607	XAUUSD	M5	4440.19						4438.29822430	4438.35007458	0
1780551907	XAUUSD	M5	4438.78						4438.40404662	4438.37706060	1
1780552207	XAUUSD	M5	4438.54						4438.80400489	4438.59053274	0
1780552507	XAUUSD	M5	4440.00						4439.59566917	4439.09310096	0
1780552807	XAUUSD	M5	4439.95						4440.78429357	4439.93869726	0
1780553107	XAUUSD	M5	4440.30						4442.34124267	4441.13996997	0
1780553407	XAUUSD	M5	4442.05						4444.15339444	4442.64668220	0
1780553707	XAUUSD	M5	4449.17						4446.01802782	4444.33235501	0
1780554007	XAUUSD	M5	4447.81						4447.59859066	4445.96547284	0
1780554307	XAUUSD	M5	4449.77						4448.79686774	4447.38117029	0
1780554607	XAUUSD	M5	4451.51						4449.49158663	4448.43637846	0
1780554907	XAUUSD	M5	4448.05				4452.26000		4449.63980802	4449.03809324	0
1780555207	XAUUSD	M5	4448.03						4449.37786911	4449.20798117	0
1780555507	XAUUSD	M5	4448.45						4448.78989485	4448.99893801	1
1780555807	XAUUSD	M5	4447.87						4447.96916459	4448.48405130	0
1780556107	XAUUSD	M5	4446.89						4447.01283651	4447.74844391	0
1780556407	XAUUSD	M5	4446.85						4446.00251871	4446.87548131	0
1780556707	XAUUSD	M5	4445.57						4444.94958387	4445.91253259	0
1780557007	XAUUSD	M5	4444.09						4443.85800569	4444.88526914	0
1780557307	XAUUSD	M5	4442.16						4442.72080951	4443.80303933	0
1780557607	XAUUSD	M5	4441.34						4441.53705656	4442.67004794	0
1780557907	XAUUSD	M5	4439.96						4440.29977359	4441.48491077	0
1780558207	XAUUSD	M5	4437.65						4439.03681871	4440.26086474	0
1780558507	XAUUSD	M5	4439.59						4437.81946841	4439.04016658	0
1780558807	XAUUSD	M5	4439.10						4436.64038761	4437.84027709	0
1780559107	XAUUSD	M5	4433.84						4435.54981338	4436.69504524	0
1780559407	XAUUSD	M5	4434.01						4434.68347849	4435.68926186	0
1780559707	XAUUSD	M5	4433.47						4434.02902399	4434.85914293	0
1780560007	XAUUSD	M5	4431.63						4433.55063140	4434.20488716	0
1780560307	XAUUSD	M5	4434.06						4433.21085428	4433.70787072	0
1780560607	XAUUSD	M5	4434.46						4432.88624172	4433.29705622	0
1780564507	XAUUSD	M5	4432.38						4432.52721686	4432.91213654	0
1780564807	XAUUSD	M5	4434.97						4432.19994871	4432.55604263	0
1780565107	XAUUSD	M5	4431.94						4431.93122136	4432.24363199	0
1780565407	XAUUSD	M5	4427.63					4424.01000	4431.91366357	4432.07864778	0
1780565707	XAUUSD	M5	4430.30						4432.37861835	4432.22863307	1
1780566007	XAUUSD	M5	4434.53						4433.36319994	4432.79591651	0
1780566307	XAUUSD	M5	4439.90						4434.80687266	4433.80139458	0
1780566607	XAUUSD	M5	4436.28						4436.54625862	4435.17382660	0
1780566907	XAUUSD	M5	4436.91						4438.57143805	4436.87263233	0
1780567207	XAUUSD	M5	4438.78						4440.73201943	4438.80232588	0
1780567507	XAUUSD	M5	4439.65						4442.83824158	4440.82028373	0
1780567807	XAUUSD	M5	4448.95						4444.74348865	4442.78188619	0
1780568107	XAUUSD	M5	4446.51						4446.17981033	4444.48084826	0
1780568407	XAUUSD	M5	4448.32						4447.23319647	4445.85702237	0
1780568707	XAUUSD	M5	4447.70						4447.98421693	4446.92061965	0
1780569007	XAUUSD	M5	4447.93						4448.63903098	4447.77982531	0
1780569307	XAUUSD	M5	4449.36						4449.38188155	4448.58085343	0
1780569607	XAUUSD	M5	4450.74						4450.34550463	4449.46317903	0
1780569907	XAUUSD	M5	4451.21						4451.58313249	4450.52315576	0
1780570207	XAUUSD	M5	4450.41						4453.08292919	4451.80304247	0
1780570507	XAUUSD	M5	4453.67						4454.76568336	4453.28436292	0
1780570807	XAUUSD	M5	4459.31						4456.37467745	4454.82952018	0
1780571107	XAUUSD	M5	4459.56						4457.57566168	4456.20259093	0
1780571407	XAUUSD	M5	4457.39						4458.17730533	4457.18994813	0
1780571707	XAUUSD	M5	4460.15						4458.11014152	4457.65004483	0
1780572007	XAUUSD	M5	4456.17						4457.28651833	4457.46828158	1
1780572307	XAUUSD	M5	4453.18						4455.86233741	4456.66530950	0
1780572607	XAUUSD	M5	4455.41						4454.04740292	4455.35635621	0
1780572907	XAUUSD	M5	4449.84						4451.99476831	4453.67556226	0
1780573207	XAUUSD	M5	4450.57						4450.07523491	4451.87539858	0
1780573507	XAUUSD	M5	4451.02						4448.53636394	4450.20588126	0
1780573807	XAUUSD	M5	4446.62						4447.61619321	4448.91103724	0
1780574107	XAUUSD	M5	4448.30						4447.59510137	4448.25306931	0
1780574407	XAUUSD	M5	4449.95						4448.53121474	4448.39214202	1
1780574707	XAUUSD	M5	4451.11						4450.36732975	4449.37973589	0
1780575007	XAUUSD	M5	4448.54						4452.93419314	4451.15696451	0
1780575307	XAUUSD	M5	4453.77					4443.41000	4456.04395378	4453.60045915	0
1780575607	XAUUSD	M5	4459.50						4459.27565487	4456.43805701	0
1780575907	XAUUSD	M5	4464.55						4462.20720701	4459.32263201	0
1780576207	XAUUSD	M5	4464.58						4464.49595161	4461.90929181	0
1780576507	XAUUSD	M5	4469.74				4473.57000		4466.02036948	4463.96483065	0
1780576807	XAUUSD	M5	4465.94						4466.66658922	4465.31570993	0
1780577107	XAUUSD	M5	4465.89						4466.63102481	4465.97336737	0
1780577407	XAUUSD	M5	4468.49						4466.10753652	4466.04045194	0
1780577707	XAUUSD	M5	4459.32						4465.24029465	4465.64037330	1
1780578007	XAUUSD	M5	4466.20						4464.39528970	4465.01783150	0
1780578307	XAUUSD	M5	4461.44						4463.51328550	4464.26555850	0
1780578607	XAUUSD	M5	4465.68						4462.72405349	4463.49480600	0
1780578907	XAUUSD	M5	4462.32						4461.91999913	4462.70740256	0
1780579207	XAUUSD	M5	4458.29						4461.16609584	4461.93674920	0
1780579507	XAUUSD	M5	4463.11						4460.58503492	4461.26089206	0
1780579807	XAUUSD	M5	4461.81						4460.14949786	4460.70519496	0
1780580107	XAUUSD	M5	4460.24						4460.02491461	4460.36505478	0
1780580407	XAUUSD	M5	4460.53						4460.40563267	4460.38534373	1
1780580707	XAUUSD	M5	4460.98						4461.41227916	4460.89881144	0
1780581007	XAUUSD	M5	4458.00						4463.07487054	4461.98684099	0
1780581307	XAUUSD	M5	4462.49						4465.38287057	4463.68485578	0
1780581607	XAUUSD	M5	4470.31						4468.01959274	4465.85222426	0
1780581907	XAUUSD	M5	4474.40						4470.50485830	4468.17854128	0
1780582207	XAUUSD	M5	4475.18						4472.44373269	4470.31113698	0
1780582507	XAUUSD	M5	4472.77						4473.57214299	4471.94163999	0
1780582807	XAUUSD	M5	4474.15						4473.81260395	4472.87712197	0
1780583107	XAUUSD	M5	4472.05						4473.14198544	4473.00955370	0
1780583407	XAUUSD	M5	4469.72						4471.72601982	4472.36778676	1
1780583707	XAUUSD	M5	4467.78						4469.83154887	4471.09966781	0
1780584007	XAUUSD	M5	4469.23						4467.74748842	4469.42357812	0
1780584307	XAUUSD	M5	4467.70						4465.68544169	4467.55450990	0
1780584607	XAUUSD	M5	4465.23						4463.88050617	4465.71750804	0
1780584907	XAUUSD	M5	4461.06						4462.54772704	4464.13261754	0
1780585207	XAUUSD	M5	4459.79						4461.89700560	4463.01481157	0
1780585507	XAUUSD	M5	4463.45						4462.02724143	4462.52102650	0
1780585807	XAUUSD	M5	4463.88						4462.86719983	4462.69411316	1
1780586107	XAUUSD	M5	4464.03						4464.37719717	4463.53565517	0
1780586407	XAUUSD	M5	4463.94						4466.47837413	4465.00701465	0
1780586707	XAUUSD	M5	4471.08						4469.05363603	4467.03032534	0
1780587007	XAUUSD	M5	4471.71						4471.79575227	4469.41303880	0
1780587307	XAUUSD	M5	4474.19						4474.50534714	4471.95919297	0
1780587607	XAUUSD	M5	4474.79						4476.94955957	4474.45437627	0
1780587907	XAUUSD	M5	4480.57						4478.95400807	4476.70419217	0
1780588207	XAUUSD	M5	4481.13						4480.28492218	4478.49455718	0
1780588507	XAUUSD	M5	4482.71				4484.08000		4480.90622208	4479.70038963	0
1780588807	XAUUSD	M5	4479.51						4480.83035014	4480.26536989	0
1780589107	XAUUSD	M5	4479.78						4480.24286717	4480.25411853	1
1780589407	XAUUSD	M5	4480.85						4479.29583246	4479.77497549	0
1780589707	XAUUSD	M5	4477.51						4478.12190930	4478.94844240	0
1780590007	XAUUSD	M5	4473.86						4476.92482199	4477.93663219	0
1780590307	XAUUSD	M5	4477.09						4475.86423650	4476.90043435	0
1780590607	XAUUSD	M5	4476.38						4474.88395624	4475.89219530	0
1780590907	XAUUSD	M5	4472.74						4473.97547788	4474.93383659	0
1780591207	XAUUSD	M5	4473.40						4473.18947425	4474.06165542	0
1780591507	XAUUSD	M5	4473.65						4472.49100782	4473.27633162	0
1780591807	XAUUSD	M5	4471.32						4471.87191507	4472.57412335	0
1780592107	XAUUSD	M5	4474.74						4471.40503834	4471.98958084	0
1780592407	XAUUSD	M5	4467.50						4471.05600745	4471.52279415	0
1780592707	XAUUSD	M5	4469.31						4471.01292433	4471.26785924	0
1780593007	XAUUSD	M5	4469.24						4471.23069387	4471.24927655	0
1780593307	XAUUSD	M5	4473.63						4471.64514623	4471.44721139	1
1780593607	XAUUSD	M5	4475.98						4472.05790358	4471.75255748	0
1780593907	XAUUSD	M5	4474.14						4472.31352917	4472.03304333	0
1780594207	XAUUSD	M5	4469.32						4472.36552218	4472.19928275	0
1780594507	XAUUSD	M5	4468.07						4472.26900540	4472.23414408	0
1780594807	XAUUSD	M5	4472.25						4472.02148166	4472.12781287	1
1780595107	XAUUSD	M5	4474.97						4471.53942209	4471.83361748	0
1780595407	XAUUSD	M5	4473.07						4470.81068798	4471.32215273	0
1780595707	XAUUSD	M5	4469.34						4469.96366741	4470.64291007	0
1780596007	XAUUSD	M5	4467.05						4469.17278536	4469.90784771	0
1780596307	XAUUSD	M5	4467.73						4468.54705803	4469.22745287	0
1780596607	XAUUSD	M5	4467.78						4468.07343870	4468.65044578	0
1780596907	XAUUSD	M5	4470.21						4467.69988900	4468.17516739	0
1780597207	XAUUSD	M5	4465.79						4467.27996871	4467.72756805	0
1780597507	XAUUSD	M5	4464.15						4466.82332892	4467.27544848	0
1780597807	XAUUSD	M5	4469.31						4466.29592657	4466.78568753	0
1780598107	XAUUSD	M5	4465.99						4465.55617896	4466.17093324	0
1780598407	XAUUSD	M5	4465.20						4464.70504820	4465.43799072	0
1780598707	XAUUSD	M5	4463.76						4463.84543055	4464.64171064	0
1780599007	XAUUSD	M5	4463.57						4463.11623589	4463.87897326	0
1780599307	XAUUSD	M5	4461.38						4462.61110484	4463.24503905	0
1780599607	XAUUSD	M5	4461.34						4462.41092848	4462.82798376	0
1780599907	XAUUSD	M5	4461.55						4462.49055063	4462.65926720	0
1780600207	XAUUSD	M5	4461.73						4462.75906682	4462.70916701	1
1780600507	XAUUSD	M5	4465.84						4463.08336237	4462.89626469	0
1780600807	XAUUSD	M5	4465.76						4463.24875107	4463.07250788	0
1780601107	XAUUSD	M5	4460.84						4463.18399609	4463.12825198	0
1780601407	XAUUSD	M5	4464.09						4462.99137277	4463.05981238	1
1780601707	XAUUSD	M5	4459.84						4462.66733566	4462.86357402	0
1780602007	XAUUSD	M5	4463.51					4458.51000	4462.41012056	4462.63684729	0
1780602307	XAUUSD	M5	4464.65						4462.24772933	4462.44228831	0
1780602607	XAUUSD	M5	4460.67						4462.24215247	4462.34222039	0
1780602907	XAUUSD	M5	4463.44						4462.51860206	4462.43041123	1
1780603207	XAUUSD	M5	4460.17						4463.00018406	4462.71529764	0
1780603507	XAUUSD	M5	4463.55						4463.68150636	4463.19840200	0
1780603807	XAUUSD	M5	4463.35						4464.37484844	4463.78662522	0
1780604107	XAUUSD	M5	4467.27						4464.97027655	4464.37845088	0
1780604407	XAUUSD	M5	4468.52						4465.33829397	4464.85837243	0
1780604707	XAUUSD	M5	4463.50						4465.49048403	4465.17442823	0
1780605007	XAUUSD	M5	4466.08						4465.64971568	4465.41207195	0
1780605307	XAUUSD	M5	4466.07						4465.89067616	4465.65137406	0
1780605607	XAUUSD	M5	4464.70						4466.33443254	4465.99290330	0
1780605907	XAUUSD	M5	4466.70						4467.07254175	4466.53272252	0
1780606207	XAUUSD	M5	4467.32						4468.05641132	4467.29456692	0
1780606507	XAUUSD	M5	4468.05						4469.17332918	4468.23394805	0
1780606807	XAUUSD	M5	4470.82						4470.24460638	4469.23927722	0
1780607107	XAUUSD	M5	4475.03						4471.02045306	4470.12986514	0
1780607407	XAUUSD	M5	4470.41						4471.26712803	4470.69849658	0
1780607707	XAUUSD	M5	4470.13						4471.04722089	4470.87285874	0
1780608007	XAUUSD	M5	4469.53						4470.44040151	4470.65663012	1
1780608307	XAUUSD	M5	4471.29						4469.62710152	4470.14186582	0
1780608607	XAUUSD	M5	4468.84						4468.78915510	4469.46551046	0
1780608907	XAUUSD	M5	4467.06						4468.20051374	4468.83301210	0
1780609207	XAUUSD	M5	4467.68						4468.05764812	4468.44533011	0
1780609507	XAUUSD	M5	4467.86						4468.40423527	4468.42478269	0
1780609807	XAUUSD	M5	4469.14						4469.17066326	4468.79772298	1
1780610107	XAUUSD	M5	4471.32						4470.18111951	4469.48942124	0
1780610407	XAUUSD	M5	4471.40						4471.21845717	4470.35393921	0
1780610707	XAUUSD	M5	4471.09						4472.14127534	4471.24760727	0
1780611007	XAUUSD	M5	4473.72						4472.93187951	4472.08974339	0
1780611307	XAUUSD	M5	4472.25						4473.62868724	4472.85921532	0
1780611607	XAUUSD	M5	4477.56						4474.48536429	4473.67228981	0
1780611907	XAUUSD	M5	4473.53						4475.68203200	4474.67716090	0
1780612207	XAUUSD	M5	4477.91						4477.59432064	4476.13574077	0
1780612507	XAUUSD	M5	4478.88						4480.32784157	4478.23179117	0
1780612807	XAUUSD	M5	4489.58						4483.89476337	4481.06327727	0
1780613107	XAUUSD	M5	4485.26						4487.89387882	4484.47857805	0
1780613407	XAUUSD	M5	4487.90						4492.09151865	4488.28504835	0
1780613707	XAUUSD	M5	4491.51						4496.01282806	4492.14893820	0
1780614007	XAUUSD	M5	4501.28						4499.16639595	4495.65766708	0
1780614307	XAUUSD	M5	4503.83						4501.03549318	4498.34658013	0
1780614607	XAUUSD	M5	4511.65				4514.80000		4501.49771348	4499.92214681	0
1780614907	XAUUSD	M5	4497.24						4500.58616249	4500.25415465	0
1780615207	XAUUSD	M5	4498.29						4499.06545679	4499.65980572	1
1780615507	XAUUSD	M5	4493.89						4497.46963194	4498.56471883	0
1780615807	XAUUSD	M5	4492.47						4496.41598100	4497.49034992	0
1780616107	XAUUSD	M5	4497.45						4496.28350009	4496.88692500	0
1780616407	XAUUSD	M5	4498.87						4497.05605242	4496.97148871	1
1780616707	XAUUSD	M5	4499.19						4498.55883439	4497.76516155	0
1780617007	XAUUSD	M5	4498.94						4500.46252670	4499.11384413	0
1780617307	XAUUSD	M5	4502.12						4502.39069973	4500.75227193	0
1780617607	XAUUSD	M5	4505.07						4503.94299148	4502.34763171	0
1780617907	XAUUSD	M5	4508.45						4504.88829917	4503.61796544	0
1780618207	XAUUSD	M5	4504.15						4505.19806984	4504.40801764	0
1780618507	XAUUSD	M5	4505.12						4505.18775897	4504.79788830	0
1780618807	XAUUSD	M5	4504.82						4505.13659690	4504.96724260	0
1780619107	XAUUSD	M5	4503.18						4505.31110815	4505.13917538	0
1780619407	XAUUSD	M5	4507.86						4505.88183251	4505.51050394	0
1780619707	XAUUSD	M5	4504.81						4506.69072775	4506.10061585	0
1780620007	XAUUSD	M5	4504.66						4507.57948833	4506.84005209	0
1780620307	XAUUSD	M5	4506.46						4508.21938083	4507.52971646	0
1780620607	XAUUSD	M5	4509.28						4508.23233880	4507.88102763	0
1780620907	XAUUSD	M5	4514.99						4507.30044819	4507.59073791	1
1780621207	XAUUSD	M5	4510.02				4515.45000		4505.23988066	4506.41530929	0
1780621507	XAUUSD	M5	4498.64						4502.29458025	4504.35494477	0
1780621807	XAUUSD	M5	4495.70						4498.99406368	4501.67450422	0
1780622107	XAUUSD	M5	4495.51						4495.69305636	4498.68378029	0
1780622407	XAUUSD	M5	4490.05						4492.61280145	4495.64829087	0
1780622707	XAUUSD	M5	4487.79						4489.92821341	4492.78825214	0
1780623007	XAUUSD	M5	4487.57						4487.57606453	4490.18215834	0
1780623307	XAUUSD	M5	4485.20						4485.32224691	4487.75220262	0
1780623607	XAUUSD	M5	4486.14						4482.95917509	4485.35568886	0
1780623907	XAUUSD	M5	4484.21						4480.27250483	4482.81409684	0
1780624207	XAUUSD	M5	4480.22						4477.27980548	4480.04695116	0
1780624507	XAUUSD	M5	4474.55						4474.19356591	4477.12025854	0
1780624807	XAUUSD	M5	4466.53						4471.38828430	4474.25427142	0
1780625107	XAUUSD	M5	4464.08					4457.31000	4469.30729210	4471.78078176	0
1780625407	XAUUSD	M5	4465.93						4468.18278263	4469.98178220	0
1780625707	XAUUSD	M5	4470.34						4468.00472577	4468.99325398	0
1780626007	XAUUSD	M5	4470.31						4468.55068533	4468.77196965	0
1780626307	XAUUSD	M5	4471.91						4469.59215930	4469.18206448	1
1780626607	XAUUSD	M5	4473.55						4470.81864801	4470.00035625	0
1780626907	XAUUSD	M5	4470.85						4471.95001259	4470.97518442	0
1780627207	XAUUSD	M5	4470.87						4472.90174086	4471.93846264	0
1780627507	XAUUSD	M5	4471.87						4473.65352364	4472.79599314	0
1780627807	XAUUSD	M5	4477.10						4474.26164933	4473.52882124	0
1780628107	XAUUSD	M5	4472.73						4474.75597508	4474.14239816	0
1780628407	XAUUSD	M5	4474.41						4475.39639797	4474.76939806	0
1780628707	XAUUSD	M5	4477.98						4476.26059604	4475.51499705	0
1780629007	XAUUSD	M5	4477.37						4477.31369378	4476.41434542	0
1780629307	XAUUSD	M5	4476.36						4478.53778360	4477.47606451	0
1780629607	XAUUSD	M5	4482.62						4479.86508288	4478.67057369	0
1780629907	XAUUSD	M5	4479.09						4481.03456676	4479.85257023	0
1780630207	XAUUSD	M5	4483.30						4482.01666925	4480.93461974	0
1780630507	XAUUSD	M5	4484.32						4482.66179765	4481.79820870	0
1780630807	XAUUSD	M5	4483.56				4485.05000		4482.94791550	4482.37306210	0
1780631107	XAUUSD	M5	4480.67						4482.93097599	4482.65201904	0
1780631407	XAUUSD	M5	4481.94						4482.73025083	4482.69113494	0
1780631707	XAUUSD	M5	4481.46						4482.37655585	4482.53384539	1
1780632007	XAUUSD	M5	4481.68						4481.91274696	4482.22329618	0
1780632307	XAUUSD	M5	4481.78						4481.34176275	4481.78252947	0
1780632607	XAUUSD	M5	4482.85						4480.65960318	4481.22106632	0
1780632907	XAUUSD	M5	4481.47						4479.84460660	4480.53283646	0
1780633207	XAUUSD	M5	4479.61						4478.96035530	4479.74659588	0
1780633507	XAUUSD	M5	4475.99						4478.10731503	4478.92695546	0
1780633807	XAUUSD	M5	4475.57						4477.43955630	4478.18325588	0
1780634107	XAUUSD	M5	4475.46						4477.02881589	4477.60603588	0
1780634407	XAUUSD	M5	4476.97						4476.90477754	4477.25540671	0
1780634707	XAUUSD	M5	4479.86						4477.01921630	4477.13731151	0
1780635007	XAUUSD	M5	4478.19						4477.26625434	4477.20178292	1
1780635307	XAUUSD	M5	4476.86						4477.62857103	4477.41517698	0
1780635607	XAUUSD	M5	4478.70						4478.06648362	4477.74083030	0
1780635907	XAUUSD	M5	4478.43						4478.45795399	4478.09939214	0
1780636207	XAUUSD	M5	4478.20						4478.73274671	4478.41606942	0
1780636507	XAUUSD	M5	4477.22						4478.83014757	4478.62310850	0
1780636807	XAUUSD	M5	4477.46						4478.73006424	4478.67658637	0
1780637107	XAUUSD	M5	4478.87						4478.41314262	4478.54486449	1
1780637407	XAUUSD	M5	4478.73						4477.88519776	4478.21503113	0
1780637707	XAUUSD	M5	4480.25						4477.22307528	4477.71905320	0
1780638007	XAUUSD	M5	4478.23						4476.49954165	4477.10929742	0
1780638307	XAUUSD	M5	4473.76						4475.89018294	4476.49974018	0
1780638607	XAUUSD	M5	4473.70					4472.81000	4475.61096504	4476.05535261	0
1780638907	XAUUSD	M5	4474.36						4475.71851622	4475.88693441	0
1780639207	XAUUSD	M5	4475.47						4476.19293996	4476.03993719	1
1780639507	XAUUSD	M5	4477.99						4476.92887285	4476.48440502	0
1780639807	XAUUSD	M5	4478.13						4477.74954791	4477.11697647	0
1780640107	XAUUSD	M5	4481.46				4483.38000		4478.52437894	4477.82067770	0
1780640407	XAUUSD	M5	4478.50						4479.07595985	4478.44831877	0
1780640707	XAUUSD	M5	4478.22						4479.40931502	4478.92881690	0
1780641007	XAUUSD	M5	4478.80						4479.52938799	4479.22910244	0
1780641307	XAUUSD	M5	4479.32						4479.46597466	4479.34753855	0
1780641607	XAUUSD	M5	4480.20						4479.28400674	4479.31577265	1
1780641907	XAUUSD	M5	4478.78						4479.04823069	4479.18200167	0
1780642207	XAUUSD	M5	4479.14						4478.86650662	4479.02425414	0
1780642507	XAUUSD	M5	4478.07						4478.77775829	4478.90100622	0
1780642807	XAUUSD	M5	4478.48						4478.81802918	4478.85951770	0
1780643107	XAUUSD	M5	4478.48						4478.94931386	4478.90441578	1
1780643407	XAUUSD	M5	4480.73						4479.11150436	4479.00796007	0
1780643707	XAUUSD	M5	4479.76						4479.18565232	4479.09680619	0
1780644007	XAUUSD	M5	4479.50						4479.13216080	4479.11448350	0
1780644307	XAUUSD	M5	4477.97						4478.91479947	4479.01464149	1
1780644607	XAUUSD	M5	4477.76						4478.54138170	4478.77801159	0
1780644907	XAUUSD	M5	4477.75						4478.00454305	4478.39127732	0
1780645207	XAUUSD	M5	4477.75						4477.31817301	4477.85472516	0
1780645507	XAUUSD	M5	4475.97						4476.52801737	4477.19137127	0
1780645807	XAUUSD	M5	4476.20						4475.74710815	4476.46923971	0
1780646107	XAUUSD	M5	4475.15						4475.06550871	4475.76737421	0
1780646407	XAUUSD	M5	4474.79						4474.61262694	4475.19000058	0
1780646707	XAUUSD	M5	4475.81						4474.48407157	4474.83703607	0
1780647007	XAUUSD	M5	4475.40						4474.69600380	4474.76651994	0
1780650907	XAUUSD	M5	4473.89						4475.23819769	4475.00235881	1
1780651207	XAUUSD	M5	4474.90						4476.05752935	4475.52994408	0
1780651507	XAUUSD	M5	4475.38						4476.97604031	4476.25299219	0
1780651807	XAUUSD	M5	4477.89						4477.79658918	4477.02479069	0
1780652107	XAUUSD	M5	4479.46						4478.28438057	4477.65458563	0
1780652407	XAUUSD	M5	4478.96						4478.27207506	4477.96333034	0
1780652707	XAUUSD	M5	4478.22				4481.62000		4477.73304805	4477.84818920	1
1780653007	XAUUSD	M5	4479.09						4476.72302024	4477.28560472	0
1780653307	XAUUSD	M5	4475.18						4475.35091374	4476.31825923	0
1780653607	XAUUSD	M5	4473.55						4473.87497112	4475.09661517	0
1780653907	XAUUSD	M5	4469.73						4472.49106186	4473.79383852	0
1780654207	XAUUSD	M5	4469.48						4471.40465140	4472.59924496	0
1780654507	XAUUSD	M5	4470.09						4470.65274694	4471.62599595	0
1780654807	XAUUSD	M5	4471.77						4470.18041689	4470.90320642	0
1780655107	XAUUSD	M5	4471.12						4469.84710826	4470.37515734	0
1780655407	XAUUSD	M5	4470.00						4469.53662154	4469.95588944	0
1780655707	XAUUSD	M5	4471.61						4469.13983468	4469.54786206	0
1780656007	XAUUSD	M5	4469.39						4468.50953846	4469.02870026	0
1780656307	XAUUSD	M5	4465.76						4467.63173184	4468.33021605	0
1780656607	XAUUSD	M5	4463.75						4466.56141111	4467.44581358	0
1780656907	XAUUSD	M5	4463.41						4465.34719456	4466.39650407	0
1780657207	XAUUSD	M5	4464.04						4464.01216047	4465.20433227	0
1780657507	XAUUSD	M5	4464.38						4462.57268190	4463.88850709	0
1780657807	XAUUSD	M5	4461.82						4461.06465706	4462.47658208	0
1780658107	XAUUSD	M5	4462.22						4459.61990994	4461.04824601	0
1780658407	XAUUSD	M5	4461.45						4458.33383293	4459.69103947	0
1780658707	XAUUSD	M5	4455.32						4457.33343951	4458.51223949	0
1780659007	XAUUSD	M5	4452.31						4456.85935297	4457.68579623	0
1780659307	XAUUSD	M5	4454.52						4457.03352160	4457.35965891	0
1780659607	XAUUSD	M5	4457.64						4457.79534965	4457.57750428	1
1780659907	XAUUSD	M5	4460.48						4458.99347657	4458.28549043	0
1780660207	XAUUSD	M5	4464.33						4460.42781131	4459.35665087	0
1780660507	XAUUSD	M5	4463.09						4461.83914855	4460.59789971	0
1780660807	XAUUSD	M5	4461.51						4463.07744719	4461.83767345	0
1780661107	XAUUSD	M5	4465.17						4464.01529480	4462.92648412	0
1780661407	XAUUSD	M5	4459.64						4464.43261251	4463.67954832	0
1780661707	XAUUSD	M5	4466.08						4464.35304327	4464.01629579	0
1780662007	XAUUSD	M5	4464.37				4469.91000		4463.57488345	4463.79558962	1
1780662307	XAUUSD	M5	4460.44						4462.13899849	4462.96729406	0
1780662607	XAUUSD	M5	4462.94						4460.20281020	4461.58505213	0
1780662907	XAUUSD	M5	4455.37						4457.83142754	4459.70823983	0
1780663207	XAUUSD	M5	4458.50						4455.35713821	4457.53268902	0
1780663507	XAUUSD	M5	4453.99						4452.88578982	4455.20923942	0
1780663807	XAUUSD	M5	4449.70						4450.69316097	4452.95120020	0
1780664107	XAUUSD	M5	4446.01						4449.01892192	4450.98506106	0
1780664407	XAUUSD	M5	4446.61						4448.02060454	4449.50283280	0
1780664707	XAUUSD	M5	4450.60						4447.67107038	4448.58695159	0
1780665007	XAUUSD	M5	4446.96						4447.77464248	4448.18079703	0
1780665307	XAUUSD	M5	4449.43						4448.24599002	4448.21339353	1
1780665607	XAUUSD	M5	4447.48						4448.82643298	4448.51991325	0
1780665907	XAUUSD	M5	4449.51						4449.34778955	4448.93385140	0
1780666207	XAUUSD	M5	4447.57						4449.58429625	4449.25907383	0
1780666507	XAUUSD	M5	4452.98						4449.45545704	4449.35726543	0
1780666807	XAUUSD	M5	4451.28						4448.79257743	4449.07492143	1
1780667107	XAUUSD	M5	4445.03						4447.67507029	4448.37499586	0
1780667407	XAUUSD	M5	4445.12						4446.33978736	4447.35739161	0
1780667707	XAUUSD	M5	4442.98						4444.90326003	4446.13032582	0
1780668007	XAUUSD	M5	4445.66						4443.51812428	4444.82422505	0
1780668307	XAUUSD	M5	4443.25						4442.19740799	4443.51081652	0
1780668607	XAUUSD	M5	4440.55						4441.02805376	4442.26943514	0
1780668907	XAUUSD	M5	4438.40						4440.07615567	4441.17279540	0
1780669207	XAUUSD	M5	4439.94						4439.38086264	4440.27682902	0
1780669507	XAUUSD	M5	4441.01						4438.88883033	4439.58282967	0
1780669807	XAUUSD	M5	4438.58						4438.57667285	4439.07975126	0
1780670107	XAUUSD	M5	4437.45					4435.20000	4438.50762934	4438.79369030	0
1780670407	XAUUSD	M5	4436.76						4438.71656621	4438.75512825	0
1780670707	XAUUSD	M5	4439.81						4439.21289912	4438.98401369	1
1780671007	XAUUSD	M5	4440.49						4439.87111514	4439.42756441	0
1780671307	XAUUSD	M5	4441.06						4440.58567018	4440.00661730	0
1780671607	XAUUSD	M5	4441.27						4441.23787068	4440.62224399	0
1780671907	XAUUSD	M5	4440.77						4441.70674654	4441.16449526	0
1780672207	XAUUSD	M5	4442.45						4441.91308845	4441.53879185	0
1780672507	XAUUSD	M5	4442.57						4441.77858533	4441.65868859	0
1780672807	XAUUSD	M5	4440.59						4441.33290207	4441.49579533	1
1780673107	XAUUSD	M5	4441.65						4440.72642792	4441.11111163	0
1780673407	XAUUSD	M5	4439.35						4440.09443979	4440.60277571	0
1780673707	XAUUSD	M5	4439.71						4439.65400119	4440.12838845	0
1780674007	XAUUSD	M5	4439.71						4439.54308402	4439.83573624	0
1780674307	XAUUSD	M5	4439.53						4439.85136210	4439.84354917	1
1780674607	XAUUSD	M5	4441.69						4440.58666776	4440.21510846	0
1780674907	XAUUSD	M5	4440.74						4441.62924371	4440.92217609	0
1780675207	XAUUSD	M5	4441.21						4442.87013223	4441.89615416	0
1780675507	XAUUSD	M5	4444.19						4444.14570424	4443.02092920	0
1780675807	XAUUSD	M5	4444.93						4445.24487769	4444.13290344	0
1780676107	XAUUSD	M5	4447.66				4450.02000		4446.06295026	4445.09792685	0
1780676407	XAUUSD	M5	4447.39						4446.52302975	4445.81047830	0
1780676707	XAUUSD	M5	4449.05						4446.67065043	4446.24056436	0
1780677007	XAUUSD	M5	4445.49						4446.53725269	4446.38890853	0
1780677307	XAUUSD	M5	4445.01						4446.26356268	4446.32623560	1
1780677607	XAUUSD	M5	4444.76						4445.89449918	4446.11036739	0
1780677907	XAUUSD	M5	4442.76						4445.42325408	4445.76681074	0
1780678207	XAUUSD	M5	4445.49						4444.84510572	4445.30595823	0
1780678507	XAUUSD	M5	4443.53						4444.04446724	4444.67521273	0
1780678807	XAUUSD	M5	4447.53						4443.04702251	4443.86111762	0
1780679107	XAUUSD	M5	4443.57						4441.81658992	4442.83885377	0
1780679407	XAUUSD	M5	4440.00						4440.57550244	4441.70717811	0
1780679707	XAUUSD	M5	4437.56						4439.58762794	4440.64740302	0
1780680007	XAUUSD	M5	4440.30						4439.09609574	4439.87174938	0
1780680307	XAUUSD	M5	4436.64						4439.17947088	4439.52561013	0
1780680607	XAUUSD	M5	4436.70					4428.84000	4439.97089976	4439.74825495	1
1780680907	XAUUSD	M5	4444.14						4441.41533749	4440.58179622	0
1780681207	XAUUSD	M5	4442.37						4443.20923496	4441.89551559	0
1780681507	XAUUSD	M5	4446.67						4445.22210180	4443.55880869	0
1780681807	XAUUSD	M5	4448.40						4447.21402793	4445.38641831	0
1780682107	XAUUSD	M5	4448.41						4449.07247937	4447.22944884	0
1780682407	XAUUSD	M5	4453.60						4450.80529316	4449.01737100	0
1780682707	XAUUSD	M5	4451.17						4452.39225114	4450.70481107	0
1780683007	XAUUSD	M5	4452.81						4454.02766290	4452.36623698	0
1780683307	XAUUSD	M5	4454.69						4455.80374158	4454.08498928	0
1780683607	XAUUSD	M5	4457.38						4457.73621169	4455.91060048	0
1780683907	XAUUSD	M5	4458.50						4459.72619067	4457.81839558	0
1780684207	XAUUSD	M5	4461.71						4461.62343237	4459.72091397	0
1780684507	XAUUSD	M5	4464.13						4463.18398880	4461.45245139	0
1780684807	XAUUSD	M5	4467.11						4464.19113679	4462.82179409	0
1780685107	XAUUSD	M5	4466.12						4464.49652921	4463.65916165	0
1780685407	XAUUSD	M5	4461.99						4464.16001337	4463.90958751	0
1780685707	XAUUSD	M5	4462.10						4463.42903868	4463.66931310	1
1780686007	XAUUSD	M5	4462.71						4462.53141069	4463.10036190	0
1780686307	XAUUSD	M5	4461.81						4461.70586323	4462.40311256	0
1780686607	XAUUSD	M5	4460.88						4461.17599784	4461.78955520	0
1780686907	XAUUSD	M5	4461.56						4461.07605208	4461.43280364	0
1780687207	XAUUSD	M5	4460.75						4461.39030893	4461.41155629	0
1780687507	XAUUSD	M5	4461.10						4462.02170815	4461.71663222	1
1780687807	XAUUSD	M5	4463.00						4462.78080753	4462.24871988	0
1780688107	XAUUSD	M5	4463.73						4463.42508108	4462.83690048	0
1780688407	XAUUSD	M5	4466.82						4463.79736537	4463.31713292	0
1780688707	XAUUSD	M5	4463.42						4463.77881202	4463.54797247	0
1780689007	XAUUSD	M5	4461.94						4463.50073525	4463.52435386	1
1780689307	XAUUSD	M5	4461.88						4463.11588219	4463.32011803	0
1780689607	XAUUSD	M5	4463.55						4462.78575291	4463.05293547	0
1780689907	XAUUSD	M5	4463.84						4462.60386693	4462.82840120	0
1780690207	XAUUSD	M5	4462.68						4462.63604083	4462.73222102	0
1780690507	XAUUSD	M5	4461.01						4462.91782499	4462.82502300	1
1780690807	XAUUSD	M5	4460.79						4463.42872553	4463.12687427	0
1780691107	XAUUSD	M5	4466.03						4464.07221623	4463.59954525	0
1780691407	XAUUSD	M5	4467.68				4469.44000		4464.61598528	4464.10776526	0
1780691707	XAUUSD	M5	4466.70						4464.93567781	4464.52172154	0
1780692007	XAUUSD	M5	4462.94						4465.03052780	4464.77612467	0
1780692307	XAUUSD	M5	4463.74						4465.02050347	4464.89831407	0
1780692607	XAUUSD	M5	4463.36						4464.95584175	4464.92707791	0
1780692907	XAUUSD	M5	4465.96						4464.90612796	4464.91660294	1
1780693207	XAUUSD	M5	4465.32						4464.85765729	4464.88713011	0
1780693507	XAUUSD	M5	4465.55						4464.83942591	4464.86327801	0
1780693807	XAUUSD	M5	4464.90						4464.84691230	4464.85509516	0
1780694107	XAUUSD	M5	4463.51						4464.87933270	4464.86721393	1
1780694407	XAUUSD	M5	4464.84						4464.95797034	4464.91259213	0
1780694707	XAUUSD	M5	4465.18						4465.04390230	4464.97824722	0
1780695007	XAUUSD	M5	4465.41						4465.11218886	4465.04521804	0
1780695307	XAUUSD	M5	4467.20						4465.15820803	4465.10171303	0
1780695607	XAUUSD	M5	4465.99						4465.17046070	4465.13608687	0
1780695907	XAUUSD	M5	4462.95						4465.19164379	4465.16386533	0
1780696207	XAUUSD	M5	4463.25						4465.27131345	4465.21758939	0
1780696507	XAUUSD	M5	4464.56						4465.36562831	4465.29160885	0
1780696807	XAUUSD	M5	4466.78						4465.39903406	4465.34532145	0
1780697107	XAUUSD	M5	4466.26						4465.28788899	4465.31660522	1
1780697407	XAUUSD	M5	4467.02						4465.04587748	4465.18124135	0
1780697707	XAUUSD	M5	4463.90						4464.68552771	4464.93338453	0
1780698007	XAUUSD	M5	4466.84						4464.32756950	4464.63047702	0
1780698307	XAUUSD	M5	4461.42						4463.96982206	4464.30014954	0
1780698607	XAUUSD	M5	4461.79						4463.77438068	4464.03726511	0
1780698907	XAUUSD	M5	4461.59						4463.75177954	4463.89452232	0
1780699207	XAUUSD	M5	4466.09						4463.90520743	4463.89986488	1
1780699507	XAUUSD	M5	4465.32						4464.16263356	4464.03124922	0
1780699807	XAUUSD	M5	4463.40						4464.57657614	4464.30391268	0
1780700107	XAUUSD	M5	4464.95						4465.25207278	4464.77799273	0
1780700407	XAUUSD	M5	4466.95						4466.22064627	4465.49931950	0
1780700707	XAUUSD	M5	4471.96						4467.45253485	4466.47592717	0
1780701007	XAUUSD	M5	4470.13						4468.77970237	4467.62781477	0
1780701307	XAUUSD	M5	4465.28						4470.05125485	4468.83953481	0
1780701607	XAUUSD	M5	4467.73						4471.04256064	4469.94104773	0
1780701907	XAUUSD	M5	4469.28						4471.23344161	4470.58724467	0
1780702207	XAUUSD	M5	4472.87						4470.06964242	4470.32844354	1
1780702507	XAUUSD	M5	4468.57				4475.64000		4467.03654685	4468.68249519	0
1780702807	XAUUSD	M5	4465.15						4462.01607616	4465.34928568	0
1780703107	XAUUSD	M5	4453.22						4455.17651824	4460.26290196	0
1780703407	XAUUSD	M5	4443.95						4447.19066454	4453.72678325	0
1780703707	XAUUSD	M5	4445.81						4438.88638342	4446.30658333	0
1780704007	XAUUSD	M5	4440.16						4430.90825922	4438.60742128	0
1780704307	XAUUSD	M5	4417.00						4423.96250033	4431.28496080	0
1780704607	XAUUSD	M5	4406.35						4418.88873574	4425.08684827	0
1780704907	XAUUSD	M5	4411.96						4415.85250277	4420.46967552	0
1780705207	XAUUSD	M5	4416.50						4414.25234694	4417.36101123	0
1780705507	XAUUSD	M5	4418.53						4413.23395511	4415.29748317	0
1780705807	XAUUSD	M5	4417.53						4411.92889166	4413.61318741	0
1780706107	XAUUSD	M5	4409.93						4409.67952005	4411.64635373	0
1780706407	XAUUSD	M5	4405.16						4406.26606671	4408.95621022	0
1780706707	XAUUSD	M5	4404.97						4401.73933250	4405.34777136	0
1780707007	XAUUSD	M5	4392.30						4396.32488425	4400.83632781	0
1780707307	XAUUSD	M5	4389.52						4390.67654856	4395.75643818	0
1780707607	XAUUSD	M5	4383.77						4385.22638051	4390.49140935	0
1780707907	XAUUSD	M5	4385.08						4380.32819398	4385.40980166	0
1780708207	XAUUSD	M5	4365.81						4375.97198898	4380.69089532	0
1780708507	XAUUSD	M5	4372.32						4372.40682118	4376.54885825	0
1780708807	XAUUSD	M5	4374.74						4369.19248423	4372.87067124	0
1780709107	XAUUSD	M5	4366.17						4365.99396560	4369.43231842	0
1780709407	XAUUSD	M5	4369.46						4362.87139490	4366.15185666	0
1780709707	XAUUSD	M5	4357.52						4359.80756472	4362.97971069	0
1780710007	XAUUSD	M5	4361.01						4357.29318680	4360.13644874	0
1780710307	XAUUSD	M5	4353.06						4355.54952730	4357.84298802	0
1780710607	XAUUSD	M5	4348.61						4354.99970460	4356.42134631	0
1780710907	XAUUSD	M5	4349.26						4355.78841531	4356.10488081	0
1780711207	XAUUSD	M5	4356.58						4357.66413095	4356.88450588	1
1780711507	XAUUSD	M5	4362.96						4359.96977474	4358.42714031	0
1780711807	XAUUSD	M5	4369.70						4361.93354112	4360.18034071	0
1780712107	XAUUSD	M5	4368.46						4362.80518021	4361.49276046	0
1780712407	XAUUSD	M5	4362.16						4362.21827518	4361.85551782	0
1780712707	XAUUSD	M5	4353.29						4360.20315244	4361.02933513	1
1780713007	XAUUSD	M5	4355.34						4357.12784795	4359.07859154	0
1780713307	XAUUSD	M5	4352.82						4353.32881495	4356.20370324	0
1780713607	XAUUSD	M5	4351.89						4349.34421691	4352.77396008	0
1780713907	XAUUSD	M5	4346.92						4345.62595379	4349.19995693	0
1780714207	XAUUSD	M5	4340.15						4342.55218452	4345.87607073	0
1780714507	XAUUSD	M5	4338.81						4340.31814602	4343.09710837	0
1780714807	XAUUSD	M5	4339.23						4338.78318342	4340.94014590	0
1780715107	XAUUSD	M5	4340.99						4337.61354562	4339.27684576	0
1780715407	XAUUSD	M5	4335.51						4336.42600900	4337.85142738	0
1780715707	XAUUSD	M5	4334.14						4335.08692373	4336.46917555	0
1780716007	XAUUSD	M5	4332.83						4333.52826004	4334.99871780	0
1780716307	XAUUSD	M5	4333.58						4331.87465763	4333.43668771	0
1780716607	XAUUSD	M5	4330.50						4330.33582659	4331.88625715	0
1780716907	XAUUSD	M5	4328.59						4329.26605829	4330.57615772	0
1780717207	XAUUSD	M5	4329.73						4328.95320225	4329.76467999	0
1780717507	XAUUSD	M5	4328.76					4323.64000	4329.50767365	4329.63617682	0
1780717807	XAUUSD	M5	4331.87						4330.89704648	4330.26661165	1
1780718107	XAUUSD	M5	4327.87						4332.84778669	4331.55719917	0
1780718407	XAUUSD	M5	4333.99						4335.16204601	4333.35962259	0
1780718707	XAUUSD	M5	4338.16						4337.37994090	4335.36978174	0
1780719007	XAUUSD	M5	4344.61						4339.17270459	4337.27124317	0
1780719307	XAUUSD	M5	4344.23						4340.28683172	4338.77903744	0
1780719607	XAUUSD	M5	4339.10						4340.80534959	4339.79219352	0
1780719907	XAUUSD	M5	4339.56						4341.04013845	4340.41616599	0
1780720207	XAUUSD	M5	4338.42						4341.21153466	4340.81385032	0
1780720507	XAUUSD	M5	4339.17						4341.51048747	4341.16216890	0
1780720807	XAUUSD	M5	4342.45						4341.97182203	4341.56699546	0
1780721107	XAUUSD	M5	4343.12						4342.43304438	4342.00001992	0
1780721407	XAUUSD	M5	4345.12						4342.69275084	4342.34638538	0
1780721707	XAUUSD	M5	4341.28				4347.32000		4342.47147403	4342.40892970	0
1780722007	XAUUSD	M5	4339.94						4341.64337754	4342.02615362	1
1780722307	XAUUSD	M5	4343.45						4340.10407895	4341.06511628	0
1780722607	XAUUSD	M5	4341.68						4337.77392919	4339.41952274	0
1780722907	XAUUSD	M5	4333.58						4334.83956025	4337.12954149	0
1780723207	XAUUSD	M5	4329.99						4331.74562780	4334.43758465	0
1780723507	XAUUSD	M5	4323.31						4328.86032411	4331.64895438	0
1780723807	XAUUSD	M5	4326.24						4326.54656382	4329.09775910	0
1780724107	XAUUSD	M5	4327.31						4324.81874593	4326.95825251	0
1780724407	XAUUSD	M5	4325.94						4323.59795206	4325.27810229	0
1780724707	XAUUSD	M5	4325.10						4322.76245176	4324.02027702	0
1780725007	XAUUSD	M5	4320.38						4322.13592187	4323.07809945	0
1780725307	XAUUSD	M5	4318.16						4321.63364358	4322.35587151	0
1780725607	XAUUSD	M5	4321.70						4321.15661770	4321.75624461	0
1780725907	XAUUSD	M5	4320.66						4320.58339072	4321.16981766	0
1780726207	XAUUSD	M5	4322.37						4319.99386510	4320.58184138	0
1780726507	XAUUSD	M5	4320.86						4319.47490684	4320.02837411	0
1780726807	XAUUSD	M5	4319.85						4319.19000666	4319.60919038	0
1780727107	XAUUSD	M5	4315.37						4319.24438114	4319.42678576	0
1780727407	XAUUSD	M5	4318.53						4319.73285362	4319.57981969	1
1780727707	XAUUSD	M5	4319.19						4320.45817733	4320.01899851	0
1780728007	XAUUSD	M5	4323.85						4321.18973764	4320.60436808	0
1780728307	XAUUSD	M5	4322.93						4321.58845362	4321.09641085	0
1780728607	XAUUSD	M5	4322.24						4321.48274832	4321.28957958	0
1780728907	XAUUSD	M5	4318.85						4320.81300813	4321.05129385	1
1780729207	XAUUSD	M5	4320.78						4319.70437235	4320.37783310	0
1780729507	XAUUSD	M5	4318.33						4318.29115866	4319.33449588	0
1780729807	XAUUSD	M5	4318.75						4316.89410705	4318.11430147	0
1780730107	XAUUSD	M5	4313.73						4315.79346828	4316.95388487	0
1780730407	XAUUSD	M5	4314.04						4315.35419426	4316.15403957	0
1780730707	XAUUSD	M5	4315.59						4315.70764103	4315.93084030	0
1780731007	XAUUSD	M5	4315.45						4316.81803785	4316.37443908	1
1780731307	XAUUSD	M5	4319.86						4318.54517925	4317.45980916	0
1780731607	XAUUSD	M5	4322.47						4320.54700592	4319.00340754	0
1780731907	XAUUSD	M5	4322.48						4322.49929631	4320.75135192	0
1780732207	XAUUSD	M5	4323.10						4324.17500116	4322.46317654	0
1780732507	XAUUSD	M5	4324.13						4325.40550200	4323.93433927	0
1780732807	XAUUSD	M5	4327.47						4326.11348491	4325.02391209	0
1780733107	XAUUSD	M5	4327.66						4326.25355901	4325.63873555	0
1780733407	XAUUSD	M5	4328.74						4325.93673868	4325.78773712	0
1780910107	XAUUSD	M5	4320.90				4336.07000		4325.30843871	4325.54808791	1
1780910407	XAUUSD	M5	4319.03					4310.29000	4324.71283600	4325.13046196	0
1780910707	XAUUSD	M5	4330.05						4324.30641809	4324.71844002	0
1780911007	XAUUSD	M5	4327.66						4323.88243349	4324.30043676	0
1780911307	XAUUSD	M5	4323.06						4323.48517749	4323.89280713	0
1780911607	XAUUSD	M5	4316.74						4323.19336104	4323.54308408	0
1780911907	XAUUSD	M5	4323.38						4323.11158427	4323.32733418	0
1780912207	XAUUSD	M5	4325.88						4323.06889960	4323.19811689	0
1780912507	XAUUSD	M5	4326.26						4323.02184057	4323.10997873	0
1780912807	XAUUSD	M5	4322.59						4323.03405725	4323.07201799	0
1780913107	XAUUSD	M5	4323.37						4323.28709875	4323.17955837	1
1780913407	XAUUSD	M5	4317.47						4323.85448025	4323.51701931	0
1780913707	XAUUSD	M5	4325.96						4324.93127612	4324.22414771	0
1780914007	XAUUSD	M5	4326.78						4326.33548426	4325.27981599	0
1780914307	XAUUSD	M5	4330.85						4328.01159494	4326.64570546	0
1780914607	XAUUSD	M5	4331.38						4329.80944335	4328.22757440	0
1780914907	XAUUSD	M5	4330.21						4331.67046687	4329.94902064	0
1780915207	XAUUSD	M5	4334.02						4333.59384264	4331.77143164	0
1780915507	XAUUSD	M5	4333.84						4335.48293742	4333.62718453	0
1780915807	XAUUSD	M5	4336.73						4337.35556633	4335.49137543	0
1780916107	XAUUSD	M5	4338.96						4339.16384200	4337.32760872	0
1780916407	XAUUSD	M5	4341.97						4340.87064902	4339.09912887	0
1780916707	XAUUSD	M5	4343.42						4342.42091075	4340.76001981	0
1780917007	XAUUSD	M5	4343.96						4343.78197936	4342.27099958	0
1780917307	XAUUSD	M5	4344.88						4344.95794633	4343.61447296	0
1780917607	XAUUSD	M5	4345.37						4345.96406190	4344.78926743	0
1780917907	XAUUSD	M5	4343.65						4346.82827815	4345.80877279	0
1780918207	XAUUSD	M5	4347.71						4347.62160374	4346.71518827	0
1780918507	XAUUSD	M5	4351.27						4348.26274186	4347.48896506	0
1780918807	XAUUSD	M5	4351.37				4353.21000		4348.65238237	4348.07067372	0
1780919107	XAUUSD	M5	4349.14						4348.71533494	4348.39300433	0
1780919407	XAUUSD	M5	4347.66						4348.37606710	4348.38453571	1
1780919707	XAUUSD	M5	4345.29						4347.48715483	4347.93584527	0
1780920007	XAUUSD	M5	4342.42						4345.88948580	4346.91266554	0
1780920307	XAUUSD	M5	4341.58						4343.47537791	4345.19402172	0
1780920607	XAUUSD	M5	4342.43						4340.18969838	4342.69186005	0
1780920907	XAUUSD	M5	4339.22						4336.09583305	4339.39384655	0
1780921207	XAUUSD	M5	4336.65						4331.50539138	4335.44961897	0
1780921507	XAUUSD	M5	4327.14						4326.86342165	4331.15652031	0
1780921807	XAUUSD	M5	4318.23						4322.83244713	4326.99448372	0
1780922107	XAUUSD	M5	4321.86						4319.99880425	4323.49664398	0
1780922407	XAUUSD	M5	4314.77						4318.48307318	4320.98985858	0
1780922707	XAUUSD	M5	4315.21					4299.83000	4318.40691002	4319.69838430	0
1780923007	XAUUSD	M5	4317.13						4319.45947560	4319.57892995	0
1780923307	XAUUSD	M5	4326.20						4321.10369113	4320.34131054	1
1780923607	XAUUSD	M5	4323.55						4322.56915314	4321.45523184	0
1780923907	XAUUSD	M5	4324.37						4323.42451092	4322.43987138	0
1780924207	XAUUSD	M5	4325.44						4323.34691815	4322.89339476	0
1780924507	XAUUSD	M5	4322.83						4322.24297439	4322.56818458	1
1780924807	XAUUSD	M5	4319.05						4320.35321577	4321.46070018	0
1780925107	XAUUSD	M5	4316.75						4318.10557367	4319.78313692	0
1780925407	XAUUSD	M5	4312.15						4315.94730913	4317.86522302	0
1780925707	XAUUSD	M5	4316.43						4314.30305931	4316.08414117	0
1780926007	XAUUSD	M5	4315.09						4313.24649938	4314.66532027	0
1780926307	XAUUSD	M5	4309.55						4312.79454223	4313.72993125	0
1780926607	XAUUSD	M5	4311.83						4312.89058342	4313.31025734	0
1780926907	XAUUSD	M5	4315.99						4313.19908068	4313.25466901	0
1780927207	XAUUSD	M5	4317.38						4313.32099548	4313.28783225	1
1780927507	XAUUSD	M5	4312.04						4312.97745078	4313.13264151	1
1780927807	XAUUSD	M5	4310.65						4312.17746543	4312.65505347	0
1780928107	XAUUSD	M5	4311.21						4310.99062084	4311.82283715	0
1780928407	XAUUSD	M5	4308.35						4309.58558666	4310.70421191	0
1780928707	XAUUSD	M5	4304.81						4308.24312220	4309.47366706	0
1780929007	XAUUSD	M5	4307.51					4303.52000	4307.26347335	4308.36857020	0
1780929307	XAUUSD	M5	4310.42						4306.75389418	4307.56123219	0
1780929607	XAUUSD	M5	4307.23						4306.74199251	4307.15161235	0
1780929907	XAUUSD	M5	4307.04						4307.32733985	4307.23947610	1
1780930207	XAUUSD	M5	4307.62						4308.47981512	4307.85964561	0
1780930507	XAUUSD	M5	4309.95						4310.11462460	4308.98713511	0
1780930807	XAUUSD	M5	4312.35						4312.07098976	4310.52906244	0
1780931107	XAUUSD	M5	4314.95						4314.14727333	4312.33816788	0
1780931407	XAUUSD	M5	4316.92						4316.08938239	4314.21377513	0
1780931707	XAUUSD	M5	4315.19						4317.65955014	4315.93666264	0
1780932007	XAUUSD	M5	4318.09						4318.71072135	4317.32369199	0
1780932307	XAUUSD	M5	4318.68						4319.03232139	4318.17800669	0
1780932607	XAUUSD	M5	4318.62				4321.74000		4318.54703881	4318.36252275	0
1780932907	XAUUSD	M5	4317.90						4317.33276075	4317.84764175	1
1780933207	XAUUSD	M5	4319.96						4315.61263380	4316.73013778	0
1780933507	XAUUSD	M5	4313.46						4313.65447868	4315.19230823	0
1780933807	XAUUSD	M5	4311.12						4311.96643704	4313.57937264	0
1780934107	XAUUSD	M5	4307.82						4310.90262535	4312.24099899	0
1780934407	XAUUSD	M5	4310.11						4310.67073213	4311.45586556	0
1780934707	XAUUSD	M5	4311.65						4311.13193108	4311.29389832	0
1780935007	XAUUSD	M5	4312.80						4311.92381823	4311.60885828	1
1780935307	XAUUSD	M5	4315.21						4312.55445766	4312.08165797	0
1780935607	XAUUSD	M5	4310.36						4312.45263867	4312.26714832	0
1780935907	XAUUSD	M5	4305.19						4311.29304188	4311.78009510	1
1780936207	XAUUSD	M5	4309.41						4308.96204879	4310.37107195	0
1780936507	XAUUSD	M5	4311.31						4305.40992285	4307.89049740	0
1780936807	XAUUSD	M5	4311.93						4300.94330197	4304.41689968	0
1780937107	XAUUSD	M5	4287.02						4296.14505170	4300.28097569	0
1780937407	XAUUSD	M5	4291.39					4268.66000	4292.27527212	4296.27812390	0
1780937707	XAUUSD	M5	4287.87						4289.84863809	4293.06338100	0
1780938007	XAUUSD	M5	4286.72						4289.30900095	4291.18619098	0
1780938307	XAUUSD	M5	4289.61						4290.69604949	4290.94112023	0
1780938607	XAUUSD	M5	4291.94						4293.61113088	4292.27612556	1
1780938907	XAUUSD	M5	4303.65						4297.39542358	4294.83577457	0
1780939207	XAUUSD	M5	4302.48						4301.04680781	4297.94129119	0
1780939507	XAUUSD	M5	4303.37						4303.91317797	4300.92723458	0
1780939807	XAUUSD	M5	4303.18						4305.49424248	4303.21073853	0
1780940107	XAUUSD	M5	4308.41						4305.61575496	4304.41324674	0
1780940407	XAUUSD	M5	4305.75						4304.31298026	4304.36311350	1
1780940707	XAUUSD	M5	4299.29						4302.07796630	4303.22053990	0
1780941007	XAUUSD	M5	4296.56						4299.65356000	4301.43704995	0
1780941307	XAUUSD	M5	4298.41						4297.70860252	4299.57282623	0
1780941607	XAUUSD	M5	4297.44						4296.66989955	4298.12136289	0
1780941907	XAUUSD	M5	4297.89						4296.80913156	4297.46524723	0
1780942207	XAUUSD	M5	4300.07						4298.11167202	4297.78845963	1
1780942507	XAUUSD	M5	4299.24						4300.29055904	4299.03950933	0
1780942807	XAUUSD	M5	4300.61						4302.96650175	4301.00300554	0
1780943107	XAUUSD	M5	4305.33						4305.60803705	4303.30552129	0
1780943407	XAUUSD	M5	4306.26						4307.65925775	4305.48238952	0
1780943707	XAUUSD	M5	4314.11						4308.76586003	4307.12412478	0
1780944007	XAUUSD	M5	4306.16				4316.96000		4308.62328637	4307.87370557	0
1780944307	XAUUSD	M5	4308.17						4307.47022523	4307.67196540	1
1780944607	XAUUSD	M5	4307.81						4305.46949313	4306.57072927	0
1780944907	XAUUSD	M5	4301.77						4302.91047847	4304.74060387	0
1780945207	XAUUSD	M5	4298.57						4300.21392455	4302.47726421	0
1780945507	XAUUSD	M5	4296.56						4297.67383718	4300.07555070	0
1780945807	XAUUSD	M5	4294.50						4295.46052381	4297.76803725	0
1780946107	XAUUSD	M5	4293.29						4293.65555446	4295.71179586	0
1780946407	XAUUSD	M5	4294.65						4292.27246410	4293.99212998	0
1780946707	XAUUSD	M5	4291.84						4291.22111495	4292.60662247	0
1780947007	XAUUSD	M5	4292.80						4290.50457225	4291.55559736	0
1780947307	XAUUSD	M5	4288.89						4290.05950614	4290.80755175	0
1780947607	XAUUSD	M5	4288.16						4289.92764853	4290.36760014	0
1780947907	XAUUSD	M5	4291.37						4290.05010455	4290.20885234	0
1780948207	XAUUSD	M5	4287.55						4290.23819380	4290.22352307	1
1780948507	XAUUSD	M5	4290.79						4290.42845450	4290.32598879	0
1780948807	XAUUSD	M5	4291.17						4290.37824354	4290.35211616	0
1780949107	XAUUSD	M5	4288.45						4289.94661125	4290.14936371	1
1780949407	XAUUSD	M5	4288.78						4289.15049305	4289.64992838	0
1780949707	XAUUSD	M5	4290.83						4288.05472539	4288.85232688	0
1780950007	XAUUSD	M5	4285.28						4286.79106756	4287.82169722	0
1780950307	XAUUSD	M5	4289.02						4285.73707816	4286.77938769	0
1780950607	XAUUSD	M5	4287.97						4285.06007583	4285.91973176	0
1780950907	XAUUSD	M5	4286.53						4284.97397519	4285.44685347	0
1780951207	XAUUSD	M5	4279.87						4285.58350042	4285.51517695	1
1780951507	XAUUSD	M5	4273.98					4273.02000	4286.96008115	4286.23762905	0
1780951807	XAUUSD	M5	4293.84						4289.01600696	4287.62681801	0
1780952107	XAUUSD	M5	4293.68						4290.99786651	4289.31234226	0
1780952407	XAUUSD	M5	4301.13						4292.63341551	4290.97287888	0
1780952707	XAUUSD	M5	4293.67						4293.59753681	4292.28520785	0
1780953007	XAUUSD	M5	4294.31						4294.05262682	4293.16891733	0
1780953307	XAUUSD	M5	4290.57						4294.13522043	4293.65206888	0
1780953607	XAUUSD	M5	4294.92						4294.14406465	4293.89806677	0
1780953907	XAUUSD	M5	4294.59						4294.19230237	4294.04518457	0
1780954207	XAUUSD	M5	4290.16						4294.44035237	4294.24276847	0
1780954507	XAUUSD	M5	4291.39						4295.05706982	4294.64991914	0
1780954807	XAUUSD	M5	4293.83						4295.99045064	4295.32018489	0
1780955107	XAUUSD	M5	4304.01						4297.10588320	4296.21303405	0
1780955407	XAUUSD	M5	4299.93						4298.12749450	4297.17026427	0
1780955707	XAUUSD	M5	4304.93						4299.18796597	4298.17911512	0
1780956007	XAUUSD	M5	4300.61						4300.32700145	4299.25305829	0
1780956307	XAUUSD	M5	4298.55						4301.86506811	4300.55906320	0
1780956607	XAUUSD	M5	4302.06						4304.07422031	4302.31664176	0
1780956907	XAUUSD	M5	4300.05						4307.02212953	4304.66938564	0
1780957207	XAUUSD	M5	4306.20						4310.75396555	4307.71167560	0
1780957507	XAUUSD	M5	4318.58						4314.97175592	4311.34171576	0
1780957807	XAUUSD	M5	4326.93						4319.12324269	4315.23247922	0
1780958107	XAUUSD	M5	4324.92						4322.71556901	4318.97402412	0
1780958407	XAUUSD	M5	4325.31						4325.54149461	4322.25775936	0
1780958707	XAUUSD	M5	4330.01						4327.45666595	4324.85721266	0
1780959007	XAUUSD	M5	4325.51						4328.35703136	4326.60712201	0
1780959307	XAUUSD	M5	4324.05						4328.49074502	4327.54893351	0
1780959607	XAUUSD	M5	4323.95						4328.12990360	4327.83941855	0
1780959907	XAUUSD	M5	4326.76						4327.56104030	4327.70022943	1
1780960207	XAUUSD	M5	4331.28						4327.00220029	4327.35121486	0
1780960507	XAUUSD	M5	4330.85						4326.59010614	4326.97066050	0
1780960807	XAUUSD	M5	4330.66						4326.50024687	4326.73545368	0
1780961107	XAUUSD	M5	4322.88						4326.80073725	4326.76809547	1
1780961407	XAUUSD	M5	4325.20						4327.64656957	4327.20733252	0
1780961707	XAUUSD	M5	4329.15						4328.86015832	4328.03374542	0
1780962007	XAUUSD	M5	4330.13						4330.14326734	4329.08850638	0
1780962307	XAUUSD	M5	4328.27						4331.22486339	4330.15668488	0
1780962607	XAUUSD	M5	4330.10						4331.92867327	4331.04267908	0
1780962907	XAUUSD	M5	4335.74						4332.06097985	4331.55182946	0
1780963207	XAUUSD	M5	4332.68						4331.47518499	4331.51350723	1
1780963507	XAUUSD	M5	4330.01						4330.36610548	4330.93980636	0
1780963807	XAUUSD	M5	4333.10						4329.05240892	4329.99610764	0
1780964107	XAUUSD	M5	4328.74						4327.81142139	4328.90376451	0
1780964407	XAUUSD	M5	4324.46						4327.07762946	4327.99069699	0
1780964707	XAUUSD	M5	4323.84						4327.20023973	4327.59546836	0
1780965007	XAUUSD	M5	4325.41						4328.25785659	4327.92666247	1
1780965307	XAUUSD	M5	4331.79						4330.07557918	4329.00112083	0
1780965607	XAUUSD	M5	4331.33						4332.16439759	4330.58275921	0
1780965907	XAUUSD	M5	4333.45						4334.07801317	4332.33038619	0
1780966207	XAUUSD	M5	4341.20				4346.65000		4335.31373380	4333.82206000	0
1780966507	XAUUSD	M5	4336.42						4335.34821464	4334.58513732	0
1780966807	XAUUSD	M5	4332.54						4334.13728963	4334.36121347	1
1780967107	XAUUSD	M5	4334.15						4331.85710642	4333.10915995	0
1780967407	XAUUSD	M5	4326.79						4328.77703322	4330.94309658	0
1780967707	XAUUSD	M5	4322.59						4325.48540457	4328.21425058	0
1780968007	XAUUSD	M5	4320.64						4322.50822859	4325.36123958	0
1780968307	XAUUSD	M5	4319.56						4320.24321825	4322.80222891	0
1780968607	XAUUSD	M5	4321.81						4318.90509710	4320.85366301	0
1780968907	XAUUSD	M5	4318.69						4318.46283555	4319.65824928	0
1780969207	XAUUSD	M5	4320.06						4318.86827974	4319.26326451	0
1780969507	XAUUSD	M5	4322.14						4319.87175351	4319.56750901	1
1780969807	XAUUSD	M5	4319.87					4315.15000	4321.19060525	4320.37905713	0
1780970107	XAUUSD	M5	4322.57						4322.66753232	4321.52329472	0
1780970407	XAUUSD	M5	4317.76						4324.10386567	4322.81358019	0
1780970707	XAUUSD	M5	4326.33						4325.53132436	4324.17245228	0
1780971007	XAUUSD	M5	4331.06						4326.74864962	4325.46055095	0
1780971307	XAUUSD	M5	4329.00						4327.70210088	4326.58132591	0
1780971607	XAUUSD	M5	4328.58						4328.55117068	4327.56624830	0
1780971907	XAUUSD	M5	4325.45						4329.43152910	4328.49888870	0
1780972207	XAUUSD	M5	4331.78						4330.51683577	4329.50786223	0
1780972507	XAUUSD	M5	4335.38						4331.73137546	4330.61961885	0
1780972807	XAUUSD	M5	4330.68						4333.02300728	4331.82131306	0
1780973107	XAUUSD	M5	4332.26						4334.48248160	4333.15189733	0
1780973407	XAUUSD	M5	4336.68						4336.03050094	4334.59119913	0
1780973707	XAUUSD	M5	4339.41						4337.50645297	4336.04882605	0
1780974007	XAUUSD	M5	4335.43						4338.78769561	4337.41826083	0
1780974307	XAUUSD	M5	4342.82						4339.91599612	4338.66712848	0
1780974607	XAUUSD	M5	4341.94						4340.70394198	4339.68553523	0
1780974907	XAUUSD	M5	4341.30						4341.19969001	4340.44261262	0
1780975207	XAUUSD	M5	4339.79						4341.48112951	4340.96187106	0
1780975507	XAUUSD	M5	4340.96						4341.65581894	4341.30884500	0
1780975807	XAUUSD	M5	4342.79						4341.77264998	4341.54074749	0
1780976107	XAUUSD	M5	4341.13						4341.84450160	4341.69262454	0
1780976407	XAUUSD	M5	4340.95						4341.92549015	4341.80905735	0
1780976707	XAUUSD	M5	4342.62						4342.01198068	4341.91051901	0
1780977007	XAUUSD	M5	4341.23				4346.42000		4342.02854549	4341.96953225	0
1780977307	XAUUSD	M5	4343.94						4341.96076497	4341.96514861	1
1780977607	XAUUSD	M5	4345.20						4341.70510480	4341.83512670	0
1780977907	XAUUSD	M5	4338.13						4341.20614609	4341.52063640	0
1780978207	XAUUSD	M5	4340.75						4340.62217214	4341.07140427	0
1780978507	XAUUSD	M5	4337.90						4339.89816087	4340.48478257	0
1780978807	XAUUSD	M5	4338.51						4339.10899029	4339.79688643	0
1780979107	XAUUSD	M5	4338.82						4338.26667720	4339.03178182	0
1780979407	XAUUSD	M5	4338.32						4337.40136973	4338.21657578	0
1780979707	XAUUSD	M5	4335.62						4336.58984158	4337.40320868	0
1780980007	XAUUSD	M5	4339.15						4335.96977500	4336.68649184	0
1780980307	XAUUSD	M5	4335.57						4335.56220896	4336.12435040	0
1780980607	XAUUSD	M5	4335.02					4332.03000	4335.54704221	4335.83569630	0
1780980907	XAUUSD	M5	4334.10						4336.00750901	4335.92160266	1
1780981207	XAUUSD	M5	4337.05						4336.97035557	4336.44597911	0
1780981507	XAUUSD	M5	4336.76						4338.28697217	4337.36647564	0
1780981807	XAUUSD	M5	4339.26						4339.80658748	4338.58653156	0
1780982107	XAUUSD	M5	4343.87						4341.27596065	4339.93124611	0
1780982407	XAUUSD	M5	4343.53						4342.38230179	4341.15677395	0
1780982707	XAUUSD	M5	4341.33						4342.97004730	4342.06341062	0
1780983007	XAUUSD	M5	4342.33						4343.01085746	4342.53713404	0
1780983307	XAUUSD	M5	4343.89						4342.49842254	4342.51777829	1
1780983607	XAUUSD	M5	4342.66				4345.87000		4341.48440967	4342.00109398	0
1780983907	XAUUSD	M5	4340.71						4340.14859648	4341.07484523	0
1780984207	XAUUSD	M5	4337.20						4338.70349932	4339.88917228	0
1780984507	XAUUSD	M5	4336.74						4337.35554841	4338.62236034	0
1780984807	XAUUSD	M5	4334.57						4336.16673314	4337.39454674	0
1780985107	XAUUSD	M5	4334.32						4335.15190068	4336.27322371	0
1780985407	XAUUSD	M5	4334.61						4334.21811265	4335.24566818	0
1780985707	XAUUSD	M5	4337.00						4333.23689377	4334.24128097	0
1780986007	XAUUSD	M5	4332.50						4332.05810901	4333.14969499	0
1780986307	XAUUSD	M5	4329.87						4330.75558563	4331.95264031	0
1780986607	XAUUSD	M5	4328.82						4329.42981221	4330.69122626	0
1780986907	XAUUSD	M5	4326.76						4328.20314056	4329.44718341	0
1780987207	XAUUSD	M5	4327.76						4327.24286410	4328.34502376	0
1780987507	XAUUSD	M5	4327.32						4326.61442256	4327.47972316	0
1780987807	XAUUSD	M5	4325.92						4326.36329817	4326.92151066	0
1780988107	XAUUSD	M5	4325.18						4326.48046817	4326.70098942	0
1780988407	XAUUSD	M5	4327.19						4326.87129446	4326.78614194	1
1780988707	XAUUSD	M5	4328.39						4327.34016979	4327.06315586	0
1780989007	XAUUSD	M5	4326.76						4327.71631637	4327.38973612	0
1780989307	XAUUSD	M5	4329.64						4327.93282611	4327.66128111	0
1780989607	XAUUSD	M5	4327.83						4327.89439017	4327.77783564	0
1780989907	XAUUSD	M5	4328.24						4327.67510229	4327.72646896	1
1780990207	XAUUSD	M5	4325.89						4327.36059640	4327.54353268	0
1780990507	XAUUSD	M5	4326.99						4327.11821694	4327.33087481	0
1780990807	XAUUSD	M5	4326.52						4327.01202308	4327.17144895	0
1780991107	XAUUSD	M5	4327.86						4327.09158594	4327.13151744	0
1780991407	XAUUSD	M5	4327.63						4327.30535858	4327.21843801	1
1780991707	XAUUSD	M5	4326.28						4327.58736655	4327.40290228	0
1780992007	XAUUSD	M5	4327.40						4327.86320119	4327.63305173	0
1780992307	XAUUSD	M5	4329.21						4328.00270508	4327.81787841	0
1780992607	XAUUSD	M5	4329.82						4327.88925681	4327.85356761	0
1780996507	XAUUSD	M5	4326.71				4332.69000		4327.49312674	4327.67334717	1
1780996807	XAUUSD	M5	4326.95						4326.92821172	4327.30077945	0
1780997107	XAUUSD	M5	4325.29						4326.28411536	4326.79244740	0
1780997407	XAUUSD	M5	4324.60						4325.71312949	4326.25278845	0
1780997707	XAUUSD	M5	4326.06						4325.34195656	4325.79737250	0
1780998007	XAUUSD	M5	4325.13						4325.21742956	4325.50740103	0
1780998307	XAUUSD	M5	4325.58						4325.39009708	4325.44874905	0
1780998607	XAUUSD	M5	4325.84						4325.82916905	4325.63895905	1
1780998907	XAUUSD	M5	4327.42						4326.46299943	4326.05097924	0
1780999207	XAUUSD	M5	4326.94						4327.15289678	4326.60193801	0
1780999507	XAUUSD	M5	4328.08						4327.77950611	4327.19072206	0
1780999807	XAUUSD	M5	4327.79						4328.17775317	4327.68423761	0
1781000107	XAUUSD	M5	4327.61						4328.22153522	4327.95288642	0
1781000407	XAUUSD	M5	4326.60						4327.82336593	4327.88812618	1
1781000707	XAUUSD	M5	4327.63						4326.96956543	4327.42884580	0
1781001007	XAUUSD	M5	4327.40						4325.65856397	4326.54370489	0
1781001307	XAUUSD	M5	4325.15						4323.98015325	4325.26192907	0
1781001607	XAUUSD	M5	4320.46						4322.12302661	4323.69247784	0
1781001907	XAUUSD	M5	4317.98						4320.36430708	4322.02839246	0
1781002207	XAUUSD	M5	4321.80						4318.92113087	4320.47476167	0
1781002507	XAUUSD	M5	4319.60						4317.83151978	4319.15314072	0
1781002807	XAUUSD	M5	4313.69						4317.20567331	4318.17940702	0
1781003107	XAUUSD	M5	4317.07					4312.92000	4317.16770262	4317.67355482	0
1781003407	XAUUSD	M5	4317.91						4317.54842400	4317.61098941	0
1781003707	XAUUSD	M5	4317.39						4318.17614979	4317.89356960	1
1781004007	XAUUSD	M5	4318.58						4318.88130968	4318.38743964	0
1781004307	XAUUSD	M5	4322.74						4319.46548939	4318.92646452	0
1781004607	XAUUSD	M5	4320.18						4319.70641564	4319.31644008	0
1781004907	XAUUSD	M5	4318.80						4319.60832931	4319.46238469	0
1781005207	XAUUSD	M5	4316.82						4319.22710837	4319.34474653	1
1781005507	XAUUSD	M5	4318.92						4318.70279246	4319.02376949	0
1781005807	XAUUSD	M5	4319.03						4318.13512360	4318.57944655	0
1781006107	XAUUSD	M5	4318.44						4317.68242894	4318.13093774	0
1781006407	XAUUSD	M5	4317.00						4317.53261077	4317.83177426	0
1781006707	XAUUSD	M5	4315.79						4317.87213816	4317.85195621	1
1781007007	XAUUSD	M5	4319.86						4318.83932337	4318.34563979	0
1781007307	XAUUSD	M5	4321.26						4320.38582392	4319.36573185	0
1781007607	XAUUSD	M5	4325.19						4322.45812922	4320.91193054	0
1781007907	XAUUSD	M5	4324.10						4324.87935680	4322.89564367	0
1781008207	XAUUSD	M5	4324.04						4327.52969783	4325.21267075	0
1781008507	XAUUSD	M5	4327.56						4330.22768653	4327.72017864	0
1781008807	XAUUSD	M5	4335.33						4332.69093343	4330.20555603	0
1781009107	XAUUSD	M5	4337.31						4334.57030410	4332.38793007	0
1781009407	XAUUSD	M5	4335.61						4335.71577800	4334.05185403	0
1781009707	XAUUSD	M5	4335.74						4336.15698437	4335.10441920	0
1781010007	XAUUSD	M5	4334.08						4335.98481848	4335.54461884	0
1781010307	XAUUSD	M5	4336.70						4335.40413708	4335.47437796	1
1781010607	XAUUSD	M5	4336.53						4334.56774293	4335.02106045	0
1781010907	XAUUSD	M5	4332.86						4333.70742741	4334.36424393	0
1781011207	XAUUSD	M5	4331.07						4333.10738525	4333.73581459	0
1781011507	XAUUSD	M5	4332.91						4332.92649280	4333.33115369	0
1781011807	XAUUSD	M5	4332.68						4333.16521081	4333.24818225	0
1781012107	XAUUSD	M5	4334.61						4333.78555846	4333.51687035	1
1781012407	XAUUSD	M5	4335.60						4334.63267049	4334.07477042	0
1781012707	XAUUSD	M5	4335.53						4335.54076856	4334.80776949	0
1781013007	XAUUSD	M5	4335.22						4336.37581152	4335.59179051	0
1781013307	XAUUSD	M5	4338.43						4337.04530207	4336.31854629	0
1781013607	XAUUSD	M5	4337.70						4337.41824165	4336.86839397	0
1781013907	XAUUSD	M5	4338.75						4337.50736558	4337.18787978	0
1781014207	XAUUSD	M5	4336.03						4337.33531088	4337.26159533	0
1781014507	XAUUSD	M5	4331.95						4337.04195717	4337.15177625	1
1781014807	XAUUSD	M5	4338.41						4336.79021013	4336.97099319	0
1781015107	XAUUSD	M5	4338.71						4336.51171645	4336.74135482	0
1781015407	XAUUSD	M5	4339.72				4342.35000		4336.26847254	4336.50491368	0
1781015707	XAUUSD	M5	4334.90						4336.10777487	4336.30634427	0
1781016007	XAUUSD	M5	4336.80						4336.18545484	4336.24589956	0
1781016307	XAUUSD	M5	4333.67						4336.45712567	4336.35151262	1
1781016607	XAUUSD	M5	4335.36						4336.92933086	4336.64042174	0
1781016907	XAUUSD	M5	4337.55						4337.43918660	4337.03980417	0
1781017207	XAUUSD	M5	4338.62						4337.77980500	4337.40980459	0
1781017507	XAUUSD	M5	4339.51						4337.76420237	4337.58700348	0
1781017807	XAUUSD	M5	4336.61						4337.25050578	4337.41875463	1
1781018107	XAUUSD	M5	4335.52						4336.26469714	4336.84172588	0
1781018407	XAUUSD	M5	4337.36						4334.88783712	4335.86478150	0
1781018707	XAUUSD	M5	4332.25						4333.21335509	4334.53906830	0
1781019007	XAUUSD	M5	4329.97						4331.54672052	4333.04289441	0
1781019307	XAUUSD	M5	4331.23						4330.13266205	4331.58777823	0
1781019607	XAUUSD	M5	4330.49						4329.09252861	4330.34015342	0
1781019907	XAUUSD	M5	4325.42					4324.38000	4328.51843111	4329.42929227	0
1781020207	XAUUSD	M5	4329.96						4328.50511106	4328.96720166	0
1781020507	XAUUSD	M5	4328.15						4328.84646449	4328.90683308	0
1781020807	XAUUSD	M5	4329.25						4329.43782119	4329.17232713	1
1781021107	XAUUSD	M5	4327.53						4330.11599228	4329.64415971	0
1781021407	XAUUSD	M5	4332.31						4330.83275388	4330.23845679	0
1781021707	XAUUSD	M5	4336.16						4331.47862623	4330.85854151	0
1781022007	XAUUSD	M5	4332.51						4332.06558585	4331.46206368	0
1781022307	XAUUSD	M5	4331.40						4332.83815918	4332.15011143	0
1781022607	XAUUSD	M5	4333.51						4333.98304293	4333.06657718	0
1781022907	XAUUSD	M5	4333.41						4335.56435515	4334.31546617	0
1781023207	XAUUSD	M5	4332.58						4337.58663116	4335.95104866	0
1781023507	XAUUSD	M5	4342.78						4339.95862316	4337.95483591	0
1781023807	XAUUSD	M5	4343.14						4342.24952264	4340.10217927	0
1781024107	XAUUSD	M5	4348.25				4351.53000		4344.20048666	4342.15133297	0
1781024407	XAUUSD	M5	4346.59						4345.49045254	4343.82089275	0
1781024707	XAUUSD	M5	4345.52						4346.04970963	4344.93530119	0
1781025007	XAUUSD	M5	4343.48						4345.92006904	4345.42768512	0
1781025307	XAUUSD	M5	4344.55						4345.25617070	4345.34192791	1
1781025607	XAUUSD	M5	4344.10						4344.21327374	4344.77760082	0
1781025907	XAUUSD	M5	4341.43						4342.98182483	4343.87971282	0
1781026207	XAUUSD	M5	4343.03						4341.76753851	4342.82362567	0
1781026507	XAUUSD	M5	4344.78						4340.61904402	4341.72133484	0
1781026807	XAUUSD	M5	4338.72						4339.50067366	4340.61100425	0
1781027107	XAUUSD	M5	4333.88						4338.50134553	4339.55617489	0
1781027407	XAUUSD	M5	4337.90						4337.63418883	4338.59518186	0
1781027707	XAUUSD	M5	4336.73						4336.70141114	4337.64829650	0
1781028007	XAUUSD	M5	4339.42						4335.66085397	4336.65457523	0
1781028307	XAUUSD	M5	4335.32						4334.43450348	4335.54453936	0
1781028607	XAUUSD	M5	4330.65						4333.14908407	4334.34681171	0
1781028907	XAUUSD	M5	4331.73						4331.98621151	4333.16651161	0
1781029207	XAUUSD	M5	4332.51						4330.98482286	4332.07566723	0
1781029507	XAUUSD	M5	4327.41						4330.13787920	4331.10677322	0
1781029807	XAUUSD	M5	4328.84						4329.52904679	4330.31791000	0
1781030107	XAUUSD	M5	4330.11						4329.04241865	4329.68016433	0
1781030407	XAUUSD	M5	4331.06						4328.55028500	4329.11522466	0
1781030707	XAUUSD	M5	4326.64						4327.96014219	4328.53768343	0
1781031007	XAUUSD	M5	4325.67						4327.36312788	4327.95040565	0
1781031307	XAUUSD	M5	4328.43						4326.84556669	4327.39798617	0
1781031607	XAUUSD	M5	4326.47						4326.44540482	4326.92169549	0
1781031907	XAUUSD	M5	4328.70						4326.33204674	4326.62687112	0
1781032207	XAUUSD	M5	4326.56						4326.56766420	4326.59726766	0
1781032507	XAUUSD	M5	4323.18						4327.25063637	4326.92395201	1
1781032807	XAUUSD	M5	4326.61					4321.27000	4328.40865363	4327.66630282	0
1781033107	XAUUSD	M5	4331.70						4329.83297839	4328.74964061	0
1781033407	XAUUSD	M5	4332.46						4331.20763707	4329.97863884	0
1781033707	XAUUSD	M5	4331.98						4332.31375765	4331.14619824	0
1781034007	XAUUSD	M5	4334.38						4332.99919610	4332.07269717	0
1781034307	XAUUSD	M5	4331.19						4333.12968190	4332.60118954	0
1781034607	XAUUSD	M5	4334.45						4332.79940361	4332.70029657	0
1781034907	XAUUSD	M5	4335.05				4336.82000		4332.04764128	4332.37396893	1
1781035207	XAUUSD	M5	4328.20						4331.03757536	4331.70577214	0
1781035507	XAUUSD	M5	4330.00						4330.10902527	4330.90739871	0
1781035807	XAUUSD	M5	4326.60						4329.37072197	4330.13906034	0
1781036107	XAUUSD	M5	4328.93						4328.97086849	4329.55496441	0
1781036407	XAUUSD	M5	4330.22						4328.84090727	4329.19793584	0
1781036707	XAUUSD	M5	4328.22						4328.86353146	4329.03073365	0
1781037007	XAUUSD	M5	4330.01						4328.97419465	4329.00246415	0
1781037307	XAUUSD	M5	4333.35						4329.04045202	4329.02145809	1
1781037607	XAUUSD	M5	4326.89						4328.95789299	4328.98967554	1
1781037907	XAUUSD	M5	4326.62						4328.90990278	4328.94978916	0
1781038207	XAUUSD	M5	4329.23						4328.97323591	4328.96151253	1
1781038507	XAUUSD	M5	4327.13						4329.16840361	4329.06495807	0
1781038807	XAUUSD	M5	4329.78						4329.60670876	4329.33583341	0
1781039107	XAUUSD	M5	4333.15						4330.23206450	4329.78394896	0
1781039407	XAUUSD	M5	4332.26						4330.92381561	4330.35388228	0
1781039707	XAUUSD	M5	4330.80						4331.61954751	4330.98671489	0
1781040007	XAUUSD	M5	4327.26						4332.25805319	4331.62238404	0
1781040307	XAUUSD	M5	4335.24						4332.82629316	4332.22433860	0
1781040607	XAUUSD	M5	4334.87						4333.09457637	4332.65945749	0
1781040907	XAUUSD	M5	4332.60						4333.09723930	4332.87834839	0
1781041207	XAUUSD	M5	4333.84						4332.98477797	4332.93156318	0
1781041507	XAUUSD	M5	4333.85						4332.87177196	4332.90166757	1
1781041807	XAUUSD	M5	4331.97						4332.90942353	4332.90554555	1
1781042107	XAUUSD	M5	4332.65						4333.24108273	4333.07331414	0
1781042407	XAUUSD	M5	4330.74						4333.88065900	4333.47698657	0
1781042707	XAUUSD	M5	4335.14						4334.82654305	4334.15176481	0
1781043007	XAUUSD	M5	4339.15						4335.86235881	4335.00706181	0
1781043307	XAUUSD	M5	4335.92						4336.75459959	4335.88083070	0
1781043607	XAUUSD	M5	4337.21						4337.46202796	4336.67142933	0
1781043907	XAUUSD	M5	4337.83						4337.89482255	4337.28312594	0
1781044207	XAUUSD	M5	4339.31						4338.06434673	4337.67373633	0
1781044507	XAUUSD	M5	4337.27						4338.02744306	4337.85058970	0
1781044807	XAUUSD	M5	4338.75						4338.00198111	4337.92628540	0
1781045107	XAUUSD	M5	4337.87						4338.12410952	4338.02519746	0
1781045407	XAUUSD	M5	4337.41						4338.51708308	4338.27114027	0
1781045707	XAUUSD	M5	4338.95						4339.20632353	4338.73873190	0
1781046007	XAUUSD	M5	4340.14						4340.07757460	4339.40815325	0
1781046307	XAUUSD	M5	4341.36						4340.94398272	4340.17606799	0
1781046607	XAUUSD	M5	4339.76						4341.57457655	4340.87532227	0
1781046907	XAUUSD	M5	4342.37						4341.85478879	4341.36505553	0
1781047207	XAUUSD	M5	4343.71						4341.66455102	4341.51480327	0
1781047507	XAUUSD	M5	4340.92						4341.03667307	4341.27573817	1
1781047807	XAUUSD	M5	4342.98						4340.22289703	4340.74931760	0
1781048107	XAUUSD	M5	4338.60						4339.40130900	4340.07531330	0
1781048407	XAUUSD	M5	4335.94						4338.86319542	4339.46925436	0
1781048707	XAUUSD	M5	4336.67						4338.78912489	4339.12918963	0
1781049007	XAUUSD	M5	4340.71						4339.16277536	4339.14598249	1
1781049307	XAUUSD	M5	4340.92						4339.75298423	4339.44948336	0
1781049607	XAUUSD	M5	4341.28						4340.32040945	4339.88494641	0
1781049907	XAUUSD	M5	4337.55						4340.61698409	4340.25096525	0
1781050207	XAUUSD	M5	4341.42						4340.53953648	4340.39525086	0
1781050507	XAUUSD	M5	4339.49						4339.90929423	4340.15227255	1
1781050807	XAUUSD	M5	4341.28						4338.80179257	4339.47703256	0
1781051107	XAUUSD	M5	4340.98						4337.32909652	4338.40306454	0
1781051407	XAUUSD	M5	4334.13						4335.71547439	4337.05926946	0
1781051707	XAUUSD	M5	4333.35						4334.36390958	4335.71158952	0
1781052007	XAUUSD	M5	4330.90						4333.48270722	4334.59714837	0
1781052307	XAUUSD	M5	4329.88						4333.20537117	4333.90125977	0
1781052607	XAUUSD	M5	4331.95						4333.48088986	4333.69107482	0
1781052907	XAUUSD	M5	4330.37						4334.04617608	4333.86862545	1
1781053207	XAUUSD	M5	4351.36				4363.43000		4334.60192296	4334.23527420	0
1781053507	XAUUSD	M5	4334.10						4334.30682725	4334.27105073	0
1781053807	XAUUSD	M5	4328.66						4333.22129456	4333.74617264	1
1781054107	XAUUSD	M5	4329.39						4331.23928940	4332.49273102	0
1781054407	XAUUSD	M5	4328.53						4328.24057211	4330.36665157	0
1781054707	XAUUSD	M5	4321.28						4324.29972893	4327.33319025	0
1781055007	XAUUSD	M5	4311.45						4319.74036544	4323.53677784	0
1781055307	XAUUSD	M5	4318.53						4315.02199538	4319.27938661	0
1781055607	XAUUSD	M5	4318.71						4310.26496035	4314.77217348	0
1781055907	XAUUSD	M5	4315.01						4305.71568628	4310.24392988	0
1781056207	XAUUSD	M5	4305.34						4301.65857805	4305.95125397	0
1781056507	XAUUSD	M5	4285.29						4298.43024874	4302.19075136	0
1781056807	XAUUSD	M5	4284.21						4296.44922074	4299.31998605	0
1781057107	XAUUSD	M5	4298.21						4295.50061400	4297.41030003	0
1781057407	XAUUSD	M5	4300.76						4294.88096623	4296.14563313	0
1781057707	XAUUSD	M5	4293.26						4294.10683815	4295.12623564	0
1781058007	XAUUSD	M5	4295.65						4292.97650670	4294.05137117	0
1781058307	XAUUSD	M5	4294.92						4291.20309635	4292.62723376	0
1781058607	XAUUSD	M5	4291.97						4288.74646561	4290.68684969	0
1781058907	XAUUSD	M5	4285.55						4285.79984557	4288.24334763	0
1781059207	XAUUSD	M5	4278.85						4282.74451652	4285.49393207	0
1781059507	XAUUSD	M5	4274.54						4279.97888953	4282.73641080	0
1781059807	XAUUSD	M5	4270.25						4277.78543268	4280.26092174	0
1781060107	XAUUSD	M5	4279.82						4276.28609483	4278.27350829	0
1781060407	XAUUSD	M5	4280.97						4275.12919604	4276.70135216	0
1781060707	XAUUSD	M5	4279.93						4274.02901048	4275.36518132	0
1781061007	XAUUSD	M5	4272.90						4272.68584654	4274.02551393	0
1781061307	XAUUSD	M5	4273.90						4270.95267359	4272.48909376	0
1781061607	XAUUSD	M5	4263.62						4268.57172438	4270.53040907	0
1781061907	XAUUSD	M5	4259.63						4265.65374941	4268.09207924	0
1781062207	XAUUSD	M5	4254.57						4262.30924840	4265.20066382	0
1781062507	XAUUSD	M5	4261.99						4258.77670923	4261.98868652	0
1781062807	XAUUSD	M5	4263.49						4255.16207641	4258.57538147	0
1781063107	XAUUSD	M5	4262.13						4251.77489186	4255.17513666	0
1781063407	XAUUSD	M5	4241.26						4249.02603729	4252.10058698	0
1781063707	XAUUSD	M5	4244.94					4236.62000	4247.71688489	4249.90873593	0
1781064007	XAUUSD	M5	4249.87						4247.94957465	4248.92915529	0
1781064307	XAUUSD	M5	4240.07						4249.58238196	4249.25576862	1
1781064607	XAUUSD	M5	4252.18						4252.56632481	4250.91104672	0
1781064907	XAUUSD	M5	4262.43						4256.18732589	4253.54918630	0
1781065207	XAUUSD	M5	4262.93						4259.69297122	4256.62107876	0
1781065507	XAUUSD	M5	4261.19						4262.60382905	4259.61245390	0
1781065807	XAUUSD	M5	4263.95						4264.62990367	4262.12117878	0
1781066107	XAUUSD	M5	4266.48						4265.54482480	4263.83300179	0
1781066407	XAUUSD	M5	4263.12						4265.32636357	4264.57968268	0
1781066707	XAUUSD	M5	4265.58						4264.31642729	4264.44805498	1
1781067007	XAUUSD	M5	4262.89						4262.87901019	4263.66353259	0
1781067307	XAUUSD	M5	4264.84						4261.53934400	4262.60143829	0
1781067607	XAUUSD	M5	4257.15						4260.66454726	4261.63299277	0
1781067907	XAUUSD	M5	4258.42						4260.69082713	4261.16190995	0
1781068207	XAUUSD	M5	4263.12						4261.64864387	4261.40527691	1
1781068507	XAUUSD	M5	4262.50						4263.28329339	4262.34428515	0
1781068807	XAUUSD	M5	4266.77						4265.31405050	4263.82916783	0
1781069107	XAUUSD	M5	4265.37						4267.29633322	4265.56275052	0
1781069407	XAUUSD	M5	4269.31						4268.94760566	4267.25517809	0
1781069707	XAUUSD	M5	4273.44				4274.20000		4269.99319206	4268.62418508	0
1781070007	XAUUSD	M5	4270.90						4270.31073255	4269.46745881	0
1781070307	XAUUSD	M5	4270.71						4270.06614471	4269.76680176	0
1781070607	XAUUSD	M5	4269.20						4269.43906947	4269.60293562	1
1781070907	XAUUSD	M5	4264.35						4268.63958803	4269.12126182	0
1781071207	XAUUSD	M5	4265.26						4267.86607055	4268.49366619	0
1781071507	XAUUSD	M5	4265.91						4267.08550411	4267.78958515	0
1781071807	XAUUSD	M5	4269.92						4266.16937005	4266.97947760	0
1781072107	XAUUSD	M5	4269.71						4264.89511329	4265.93729544	0
1781072407	XAUUSD	M5	4265.17						4263.19675812	4264.56702678	0
1781072707	XAUUSD	M5	4258.70						4261.21416531	4262.89059605	0
1781073007	XAUUSD	M5	4255.35						4259.19991755	4261.04525680	0
1781073307	XAUUSD	M5	4255.71						4257.39419155	4259.21972418	0
1781073607	XAUUSD	M5	4257.39						4255.96261096	4257.59116757	0
1781073907	XAUUSD	M5	4259.52						4254.97243571	4256.28180164	0
1781074207	XAUUSD	M5	4253.68						4254.41545599	4255.34862881	0
1781074507	XAUUSD	M5	4250.97						4254.41492506	4254.88177694	0
1781074807	XAUUSD	M5	4250.98					4250.02000	4254.95349708	4254.91763701	1
1781075107	XAUUSD	M5	4258.91						4255.88206096	4255.39984899	0
1781075407	XAUUSD	M5	4258.48						4256.85576757	4256.12780828	0
1781075707	XAUUSD	M5	4260.77						4257.74969999	4256.93875413	0
1781076007	XAUUSD	M5	4257.61						4258.42738456	4257.68306935	0
1781076307	XAUUSD	M5	4258.45						4258.94515183	4258.31411059	0
1781076607	XAUUSD	M5	4258.71						4259.30825531	4258.81118295	0
1781076907	XAUUSD	M5	4258.31						4259.56079519	4259.18598907	0
1781077207	XAUUSD	M5	4259.10						4259.73359114	4259.45979010	0
1781077507	XAUUSD	M5	4257.94						4259.81751310	4259.63865160	0
1781077807	XAUUSD	M5	4260.44						4259.83853952	4259.73859556	0
1781078107	XAUUSD	M5	4261.38						4259.72066723	4259.72963139	1
1781078407	XAUUSD	M5	4261.83				4262.11000		4259.43911971	4259.58437555	0
1781078707	XAUUSD	M5	4260.26						4258.98842852	4259.28640204	0
1781079007	XAUUSD	M5	4259.44						4258.42186388	4258.85413296	0
1781082907	XAUUSD	M5	4256.02						4257.77963790	4258.31688543	0
1781083207	XAUUSD	M5	4253.49						4257.12773277	4257.72230910	0
1781083507	XAUUSD	M5	4255.44						4256.45069344	4257.08650127	0
1781083807	XAUUSD	M5	4253.66						4255.59689194	4256.34169661	0
1781084107	XAUUSD	M5	4254.71						4254.48483670	4255.41326665	0
1781084407	XAUUSD	M5	4256.82						4253.00216062	4254.20771363	0
1781084707	XAUUSD	M5	4252.83						4251.07823007	4252.64297185	0
1781085007	XAUUSD	M5	4253.13						4248.90288121	4250.77292653	0
1781085307	XAUUSD	M5	4248.97						4246.60628378	4248.68960515	0
1781085607	XAUUSD	M5	4239.08						4244.40400540	4246.54680528	0
1781085907	XAUUSD	M5	4235.11						4242.55897892	4244.55289210	0
1781086207	XAUUSD	M5	4237.31						4241.08659052	4242.81974131	0
1781086507	XAUUSD	M5	4246.34						4239.71266862	4241.26620496	0
1781086807	XAUUSD	M5	4241.68						4237.94102138	4239.60361317	0
1781087107	XAUUSD	M5	4235.90						4235.63114744	4237.61738031	0
1781087407	XAUUSD	M5	4233.21						4232.79513856	4235.20625943	0
1781087707	XAUUSD	M5	4227.64						4229.51671629	4232.36148786	0
1781088007	XAUUSD	M5	4224.19						4226.11176370	4229.23662578	0
1781088307	XAUUSD	M5	4225.70						4222.98451097	4226.11056838	0
1781088607	XAUUSD	M5	4221.92						4220.46428865	4223.28742851	0
1781088907	XAUUSD	M5	4218.63						4218.94616696	4221.11679773	0
1781089207	XAUUSD	M5	4213.05						4218.63723079	4219.87701426	0
1781089507	XAUUSD	M5	4220.72						4219.55318846	4219.71510136	0
1781089807	XAUUSD	M5	4222.03						4221.15886037	4220.43698087	1
1781090107	XAUUSD	M5	4220.58						4222.88825418	4221.66261752	0
1781090407	XAUUSD	M5	4225.57						4224.20531298	4222.93396525	0
1781090707	XAUUSD	M5	4225.12						4224.49746810	4223.71571668	0
1781091007	XAUUSD	M5	4226.93						4223.48074119	4223.59822893	1
1781091307	XAUUSD	M5	4225.23						4221.08520188	4222.34171541	0
1781091607	XAUUSD	M5	4217.94						4217.60278824	4219.97225182	0
1781091907	XAUUSD	M5	4206.52						4213.63284408	4216.80254795	0
1781092207	XAUUSD	M5	4207.77						4209.92377453	4213.36316124	0
1781092507	XAUUSD	M5	4204.49						4206.86392293	4210.11354208	0
1781092807	XAUUSD	M5	4203.72						4204.76254553	4207.43804381	0
1781093107	XAUUSD	M5	4207.39						4203.67409148	4205.55606764	0
1781093407	XAUUSD	M5	4218.23						4203.36109824	4204.45858294	0
1781093707	XAUUSD	M5	4194.50						4203.30698491	4203.88278393	0
1781094007	XAUUSD	M5	4195.15						4203.72894607	4203.80586500	0
1781094307	XAUUSD	M5	4203.39						4204.27925993	4204.04256247	1
1781094607	XAUUSD	M5	4213.33						4204.46253372	4204.25254809	0
1781094907	XAUUSD	M5	4200.92						4203.82877384	4204.04066097	1
1781095207	XAUUSD	M5	4201.81						4202.54801463	4203.29433780	0
1781095507	XAUUSD	M5	4202.58						4200.59306684	4201.94370232	0
1781095807	XAUUSD	M5	4200.71						4198.02128670	4199.98249451	0
1781096107	XAUUSD	M5	4187.41						4195.04061459	4197.51155455	0
1781096407	XAUUSD	M5	4192.94						4192.15172337	4194.83163896	0
1781096707	XAUUSD	M5	4192.05						4189.41674682	4192.12419289	0
1781097007	XAUUSD	M5	4188.63						4187.01646664	4189.57032977	0
1781097307	XAUUSD	M5	4187.00						4185.14082610	4187.35557793	0
1781097607	XAUUSD	M5	4181.14						4183.86387152	4185.60972473	0
1781097907	XAUUSD	M5	4182.77						4183.27305938	4184.44139205	0
1781098207	XAUUSD	M5	4180.91						4183.19955757	4183.82047481	0
1781098507	XAUUSD	M5	4183.35						4183.47829367	4183.64938424	0
1781098807	XAUUSD	M5	4187.98	4137.84306	4233.54314	4073.95585			4183.79500045	4183.72219235	1
1781099107	XAUUSD	M5	4179.39	4137.79288	4233.49296	4073.90567			4183.80696465	4183.76457850	0
1781099407	XAUUSD	M5	4184.54	4137.74270	4233.44278	4073.85549			4183.52819757	4183.64638803	1
1781099707	XAUUSD	M5	4184.51	4137.69252	4233.39259	4073.80531			4182.74065350	4183.19352076	0
1781100007	XAUUSD	M5	4187.62	4137.64234	4233.34241	4073.75513			4181.45269536	4182.32310806	0
1781100307	XAUUSD	M5	4175.03	4137.59215	4233.29223	4073.70495			4179.71762131	4181.02036469	0
1781100607	XAUUSD	M5	4174.01	4137.54197	4233.24205	4073.65476			4178.01847497	4179.51941983	0
1781100907	XAUUSD	M5	4176.78	4137.49179	4233.19187	4073.60458		4172.93000	4176.60179936	4178.06060960	0
1781101207	XAUUSD	M5	4175.32	4137.44161	4233.14169	4073.55440			4175.60322695	4176.83191827	0
1781101507	XAUUSD	M5	4178.09	4137.39143	4233.09150	4073.50422			4175.18325569	4176.00758698	0
1781101807	XAUUSD	M5	4175.94	4137.34125	4233.04132	4073.45404			4175.34217441	4175.67488070	0
1781102107	XAUUSD	M5	4175.18	4137.29106	4232.99114	4073.40385			4176.11906171	4175.89697120	1
1781102407	XAUUSD	M5	4177.22	4137.24088	4232.94096	4073.35367			4177.45144782	4176.67420951	0
1781102707	XAUUSD	M5	4180.51	4137.19070	4232.89078	4073.30349			4179.14630509	4177.91025730	0
1781103007	XAUUSD	M5	4180.41	4137.14052	4232.84059	4073.25331			4180.96538089	4179.43781910	0
1781103307	XAUUSD	M5	4179.92	4137.09034	4232.79041	4073.20313			4182.70410418	4181.07096164	0
1781103607	XAUUSD	M5	4185.44	4137.04015	4232.74023	4073.15294			4184.16466329	4182.61781246	0
1781103907	XAUUSD	M5	4184.95	4136.98997	4232.69005	4073.10276			4185.04478248	4183.83129747	0
1781104207	XAUUSD	M5	4184.81	4136.93979	4232.63987	4073.05258			4185.26800832	4184.54965290	0
1781104507	XAUUSD	M5	4186.35	4136.88961	4232.58968	4073.00240			4184.80790745	4184.67878017	0
1781104807	XAUUSD	M5	4184.40	4136.83943	4232.53950	4072.95222			4183.68387407	4184.18132712	1
1781105107	XAUUSD	M5	4181.37	4136.78924	4232.48932	4072.90203			4182.06945779	4183.12539246	0
1781105407	XAUUSD	M5	4181.64	4136.73906	4232.43914	4072.85185			4180.21907853	4181.67223549	0
1781105707	XAUUSD	M5	4178.24	4136.68888	4232.38896	4072.80167			4178.30816660	4179.99020104	0
1781106007	XAUUSD	M5	4174.56	4136.63870	4232.33877	4072.75149			4176.57603378	4178.28311741	0
1781106307	XAUUSD	M5	4174.39	4136.58852	4232.28859	4072.70131			4175.21991412	4176.75151577	0
1781106607	XAUUSD	M5	4174.83	4136.53833	4232.23841	4072.65113			4174.29312419	4175.52231998	0
1781106907	XAUUSD	M5	4173.55	4136.48815	4232.18823	4072.60094			4173.77675703	4174.64953851	0
1781107207	XAUUSD	M5	4173.81	4136.43797	4232.13805	4072.55076		4172.55000	4173.65903906	4174.15428878	0
1781107507	XAUUSD	M5	4175.06	4136.38779	4232.08787	4072.50058			4173.88629223	4174.02029051	0
1781107807	XAUUSD	M5	4174.82	4136.33761	4232.03768	4072.45040			4174.39730135	4174.20879593	1
1781108107	XAUUSD	M5	4174.58	4136.28743	4231.98750	4072.40022			4175.21095235	4174.70987414	0
1781108407	XAUUSD	M5	4176.57	4136.23724	4231.93732	4072.35003			4176.39967273	4175.55477344	0
1781108707	XAUUSD	M5	4179.77	4136.18706	4231.88714	4072.29985			4178.00795597	4176.78136470	0
1781109007	XAUUSD	M5	4176.80	4136.13688	4231.83696	4072.24967			4180.06885740	4178.42511105	0
1781109307	XAUUSD	M5	4180.53	4136.08670	4231.78677	4072.19949			4182.73687329	4180.58099217	0
1781109607	XAUUSD	M5	4187.25	4136.03652	4231.73659	4072.14931			4185.99404878	4183.28752048	0
1781109907	XAUUSD	M5	4191.09	4135.98633	4231.68641	4072.09912			4189.67020105	4186.47886077	0
1781110207	XAUUSD	M5	4194.32	4135.93615	4231.63623	4072.04894			4193.62607998	4190.05247037	0
1781110507	XAUUSD	M5	4198.25	4135.88597	4231.58605	4071.99876			4197.67333218	4193.86290128	0
1781110807	XAUUSD	M5	4202.72	4135.83579	4231.53586	4071.94858			4201.58004321	4197.72147224	0
1781111107	XAUUSD	M5	4203.72	4135.78561	4231.48568	4071.89840			4205.10003582	4201.41075403	0
1781111407	XAUUSD	M5	4205.15	4135.73542	4231.43550	4071.84821			4208.09587613	4204.75331508	0
1781111707	XAUUSD	M5	4211.17	4135.68524	4231.38532	4071.79803			4210.45396404	4207.60363956	0
1781112007	XAUUSD	M5	4213.99	4135.63506	4231.33514	4071.74785	4221.80000		4212.01136646	4209.80750301	0
1781112307	XAUUSD	M5	4212.90	4135.58488	4231.28495	4071.69767			4212.73358773	4211.27054537	0
1781112607	XAUUSD	M5	4214.42	4135.53470	4231.23477	4071.64749			4212.73738464	4212.00396500	0
1781112907	XAUUSD	M5	4209.10	4135.48451	4231.18459	4071.59731			4212.11082089	4212.05739295	0
1781113207	XAUUSD	M5	4211.94	4135.43433	4231.13441	4071.54712			4211.12356220	4211.59047757	1
1781113507	XAUUSD	M5	4210.60	4135.38415	4231.08423	4071.49694			4209.85301129	4210.72174443	0
1781113807	XAUUSD	M5	4209.10	4135.33397	4231.03405	4071.44676			4208.44526096	4209.58350269	0
1781114107	XAUUSD	M5	4207.75	4135.28379	4230.98386	4071.39658			4207.02206509	4208.30278389	0
1781114407	XAUUSD	M5	4203.22	4135.23360	4230.93368	4071.34640			4205.68098092	4206.99188241	0
1781114707	XAUUSD	M5	4202.31	4135.18342	4230.88350	4071.29621			4204.54162083	4205.76675162	0
1781115007	XAUUSD	M5	4203.96	4135.13324	4230.83332	4071.24603			4203.61443911	4204.69059536	0
1781115307	XAUUSD	M5	4203.70	4135.08306	4230.78314	4071.19585			4202.81599218	4203.75329377	0
1781115607	XAUUSD	M5	4207.16	4135.03288	4230.73295	4071.14567			4202.06023759	4202.90676568	0
1781115907	XAUUSD	M5	4200.31	4134.98270	4230.68277	4071.09549			4201.17097865	4202.03887216	0
1781116207	XAUUSD	M5	4198.74	4134.93251	4230.63259	4071.04530			4200.18397455	4201.11142336	0
1781116507	XAUUSD	M5	4199.24	4134.88233	4230.58241	4070.99512			4198.98708621	4200.04925478	0
1781116807	XAUUSD	M5	4194.92	4134.83215	4230.53223	4070.94494			4197.39630975	4198.72278227	0
1781117107	XAUUSD	M5	4194.78	4134.78197	4230.48204	4070.89476			4195.33515122	4197.02896674	0
1781117407	XAUUSD	M5	4190.73	4134.73179	4230.43186	4070.84458			4192.67272043	4194.85084359	0
1781117707	XAUUSD	M5	4189.69	4134.68160	4230.38168	4070.79439			4189.44755110	4192.14919734	0
1781118007	XAUUSD	M5	4190.46	4134.63142	4230.33150	4070.74421			4185.72191702	4188.93555718	0
1781118307	XAUUSD	M5	4182.11	4134.58124	4230.28132	4070.69403			4181.63458783	4185.28507251	0
1781118607	XAUUSD	M5	4186.47	4134.53106	4230.23113	4070.64385			4177.62228994	4181.45368122	0
1781118907	XAUUSD	M5	4164.31	4134.48088	4230.18095	4070.59367			4173.88981184	4177.67174653	0
1781119207	XAUUSD	M5	4167.38	4134.43069	4230.13077	4070.54349			4171.20845673	4174.44010163	0
1781119507	XAUUSD	M5	4166.47	4134.38051	4230.08059	4070.49330		4161.41000	4169.65685964	4172.04848063	0
1781119807	XAUUSD	M5	4173.53	4134.33033	4230.03041	4070.44312			4169.21495081	4170.63171572	0
1781120107	XAUUSD	M5	4171.20	4134.28015	4229.98023	4070.39294			4169.51110891	4170.07141231	0
1781120407	XAUUSD	M5	4172.22	4134.22997	4229.93004	4070.34276			4170.28156964	4170.17649098	1
1781120707	XAUUSD	M5	4168.10	4134.17978	4229.87986	4070.29258			4171.13541813	4170.65595455	0
1781121007	XAUUSD	M5	4172.85	4134.12960	4229.82968	4070.24239			4171.83695833	4171.24645644	0
1781121307	XAUUSD	M5	4170.55	4134.07942	4229.77950	4070.19221			4172.04311048	4171.64478346	0
1781121607	XAUUSD	M5	4174.29	4134.02924	4229.72932	4070.14203			4171.71126757	4171.67802552	0
1781121907	XAUUSD	M5	4171.18	4133.97906	4229.67913	4070.09185			4170.83997833	4171.25900192	1
1781122207	XAUUSD	M5	4168.57	4133.92888	4229.62895	4070.04167			4169.72409285	4170.49154739	0
1781122507	XAUUSD	M5	4167.03	4133.87869	4229.57877	4069.99148			4168.70356767	4169.59755753	0
1781122807	XAUUSD	M5	4170.47	4133.82851	4229.52859	4069.94130			4168.08281670	4168.84018711	0
1781123107	XAUUSD	M5	4165.07	4133.77833	4229.47841	4069.89112			4167.96568272	4168.40293492	0
1781123407	XAUUSD	M5	4171.07	4133.72815	4229.42822	4069.84094			4168.49952143	4168.45122817	1
1781123707	XAUUSD	M5	4168.52	4133.67797	4229.37804	4069.79076			4169.41435178	4168.93278998	0
1781124007	XAUUSD	M5	4166.26	4133.62778	4229.32786	4069.74057			4170.50215821	4169.71747409	0
1781124307	XAUUSD	M5	4176.86	4133.57760	4229.27768	4069.69039			4171.48496726	4170.60122068	0
1781124607	XAUUSD	M5	4172.48	4133.52742	4229.22750	4069.64021	4179.53000		4171.81714924	4171.20918496	0
1781124907	XAUUSD	M5	4171.29	4133.47724	4229.17731	4069.59003			4171.40152537	4171.30535516	0
1781125207	XAUUSD	M5	4168.47	4133.42706	4229.12713	4069.53985			4170.25539737	4170.78037627	1
1781125507	XAUUSD	M5	4166.17	4133.37687	4229.07695	4069.48967			4168.58437517	4169.68237572	0
1781125807	XAUUSD	M5	4168.74	4133.32669	4229.02677	4069.43948			4166.70638949	4168.19438260	0
1781126107	XAUUSD	M5	4169.30	4133.27651	4228.97659	4069.38930			4164.89329407	4166.54383834	0
1781126407	XAUUSD	M5	4159.67	4133.22633	4228.92641	4069.33912			4163.44362674	4164.99373254	0
1781126707	XAUUSD	M5	4161.01	4133.17615	4228.87622	4069.28894			4162.83524208	4163.91448731	0
1781127007	XAUUSD	M5	4164.46	4133.12596	4228.82604	4069.23876			4163.15632921	4163.53540826	0
1781127307	XAUUSD	M5	4166.71	4133.07578	4228.77586	4069.18857			4164.27521614	4163.90531220	1
1781127607	XAUUSD	M5	4165.16	4133.02560	4228.72568	4069.13839			4165.93993341	4164.92262281	0
1781127907	XAUUSD	M5	4165.19	4132.97542	4228.67550	4069.08821			4167.86270868	4166.39266575	0
1781128207	XAUUSD	M5	4166.72	4132.92524	4228.62531	4069.03803			4169.68458346	4168.03862460	0
1781128507	XAUUSD	M5	4171.40	4132.87506	4228.57513	4068.98785			4171.02130565	4169.52996513	0
1781128807	XAUUSD	M5	4177.27	4132.82487	4228.52495	4068.93766			4171.54051200	4170.53523856	0
1781129107	XAUUSD	M5	4171.88	4132.77469	4228.47477	4068.88748			4171.06823394	4170.80173625	0
1781129407	XAUUSD	M5	4174.51	4132.72451	4228.42459	4068.83730			4169.86268065	4170.33220845	1
1781129707	XAUUSD	M5	4161.48	4132.67433	4228.37440	4068.78712			4168.14830346	4169.24025595	0
1781130007	XAUUSD	M5	4161.33	4132.62415	4228.32422	4068.73694			4166.56315662	4167.90170628	0
1781130307	XAUUSD	M5	4168.83	4132.57396	4228.27404	4068.68675			4165.34364522	4166.62267575	0
1781130607	XAUUSD	M5	4164.92	4132.52378	4228.22386	4068.63657			4164.41330805	4165.51799190	0
1781130907	XAUUSD	M5	4163.74	4132.47360	4228.17368	4068.58639			4163.77458254	4164.64628722	0
1781131207	XAUUSD	M5	4166.32	4132.42342	4228.12349	4068.53621			4163.22357387	4163.93493054	0
1781131507	XAUUSD	M5	4164.92	4132.37324	4228.07331	4068.48603			4162.35448259	4163.14470657	0
1781131807	XAUUSD	M5	4156.49	4132.32305	4228.02313	4068.43585			4160.83701299	4161.99085978	0
1781132107	XAUUSD	M5	4154.43	4132.27287	4227.97295	4068.38566			4158.56836105	4160.27961042	0
1781132407	XAUUSD	M5	4155.78	4132.22269	4227.92277	4068.33548			4155.47523308	4157.87742175	0
1781132707	XAUUSD	M5	4154.21	4132.17251	4227.87259	4068.28530			4151.63274602	4154.75508388	0
1781133007	XAUUSD	M5	4147.65	4132.12233	4227.82240	4068.23512			4147.42999002	4151.09253695	0
1781133307	XAUUSD	M5	4146.96	4132.07214	4227.77222	4068.18494			4143.56651586	4147.32952641	0
1781133607	XAUUSD	M5	4145.04	4132.02196	4227.72204	4068.13475			4140.65875047	4143.99413844	0
1781133907	XAUUSD	M5	4136.27	4131.97178	4227.67186	4068.08457			4139.28346221	4141.63880032	0
1781134207	XAUUSD	M5	4136.51	4131.92160	4227.62168	4068.03439			4139.93762259	4140.78821146	0
1781134507	XAUUSD	M5	4134.72	4131.87142	4227.57149	4067.98421			4142.56128616	4141.67474881	1
1781134807	XAUUSD	M5	4141.11	4131.82124	4227.52131	4067.93403		4130.66000	4146.73863813	4144.20669347	0
1781135107	XAUUSD	M5	4162.44	4131.77105	4227.47113	4067.88384			4151.55181099	4147.87925223	0
1781135407	XAUUSD	M5	4160.87	4131.72087	4227.42095	4067.83366			4155.59655702	4151.73790463	0
1781135707	XAUUSD	M5	4160.44	4131.67069	4227.37077	4067.78348			4158.10325229	4154.92057846	0
1781136007	XAUUSD	M5	4157.68	4131.62051	4227.32058	4067.73330			4158.58291861	4156.75174853	0
1781136307	XAUUSD	M5	4151.86	4131.57033	4227.27040	4067.68312			4157.03488675	4156.89331764	0
1781136607	XAUUSD	M5	4147.02	4131.52014	4227.22022	4067.63293			4153.96213471	4155.42772618	1
1781136907	XAUUSD	M5	4153.16	4131.46996	4227.17004	4067.58275			4150.23474252	4152.83123435	0
1781137207	XAUUSD	M5	4154.07	4131.41978	4227.11986	4067.53257			4146.67490849	4149.75307142	0
1781137507	XAUUSD	M5	4151.43	4131.36960	4227.06967	4067.48239			4144.22789171	4146.99048157	0
1781137807	XAUUSD	M5	4135.67	4131.31942	4227.01949	4067.43221			4143.71098527	4145.35073342	0
1781138107	XAUUSD	M5	4144.25	4131.26923	4226.96931	4067.38203			4145.86363114	4145.60718228	1
1781138407	XAUUSD	M5	4150.11	4131.21905	4226.91913	4067.33184			4150.39159499	4147.99938863	0
1781138707	XAUUSD	M5	4142.97	4131.16887	4226.86895	4067.28166			4156.60064325	4152.30001594	0
1781139007	XAUUSD	M5	4166.17	4131.11869	4226.81877	4067.23148			4163.80987571	4158.05494583	0
1781139307	XAUUSD	M5	4178.11	4131.06851	4226.76858	4067.18130			4170.54556053	4164.30025318	0
1781139607	XAUUSD	M5	4185.58	4131.01832	4226.71840	4067.13112			4175.73299060	4170.01662189	0
1781139907	XAUUSD	M5	4180.09	4130.96814	4226.66822	4067.08093	4186.31000		4178.75008286	4174.38335238	0
1781140207	XAUUSD	M5	4179.64	4130.91796	4226.61804	4067.03075			4179.67452581	4177.02893909	0
1781140507	XAUUSD	M5	4171.61	4130.86778	4226.56786	4066.98057			4178.79687829	4177.91290869	0
1781140807	XAUUSD	M5	4173.49	4130.81760	4226.51767	4066.93039			4176.74593648	4177.32942259	1
1781141107	XAUUSD	M5	4174.19	4130.76742	4226.46749	4066.88021			4173.92894153	4175.62918206	0
1781141407	XAUUSD	M5	4168.59	4130.71723	4226.41731	4066.83002			4170.62719431	4173.12818818	0
1781141707	XAUUSD	M5	4170.71	4130.66705	4226.36713	4066.77984			4167.05030964	4170.08924891	0
1781142007	XAUUSD	M5	4161.02	4130.61687	4226.31695	4066.72966			4163.05230797	4166.57077844	0
1781142307	XAUUSD	M5	4160.28	4130.56669	4226.26676	4066.67948			4158.65523615	4162.61300730	0
1781142607	XAUUSD	M5	4158.02	4130.51651	4226.21658	4066.62930			4153.68424665	4158.14862698	0
1781142907	XAUUSD	M5	4150.06	4130.46632	4226.16640	4066.57911			4148.14788305	4153.14825501	0
1781143207	XAUUSD	M5	4140.72	4130.41614	4226.11622	4066.52893			4142.35887317	4147.75356409	0
1781143507	XAUUSD	M5	4138.16	4130.36596	4226.06604	4066.47875			4136.80178483	4142.27767446	0
1781143807	XAUUSD	M5	4124.86	4130.31578	4226.01585	4066.42857			4131.86795627	4137.07281537	0
1781144107	XAUUSD	M5	4129.11	4130.26560	4225.96567	4066.37839			4128.11881243	4132.59581390	0
1781144407	XAUUSD	M5	4126.63	4130.21541	4225.91549	4066.32821			4125.55449753	4129.07515572	0
1781144707	XAUUSD	M5	4123.79	4130.16523	4225.86531	4066.27802			4124.16321875	4126.61918723	0
1781145007	XAUUSD	M5	4115.89	4130.11505	4225.81513	4066.22784			4123.76658677	4125.19288700	0
1781145307	XAUUSD	M5	4130.25	4130.06487	4225.76495	4066.17766			4124.16994316	4124.68141508	0
1781145607	XAUUSD	M5	4127.72	4130.01469	4225.71476	4066.12748			4124.67283847	4124.67712678	0
1781145907	XAUUSD	M5	4128.18	4129.96450	4225.66458	4066.07730			4125.04799890	4124.86256284	1
1781146207	XAUUSD	M5	4124.65	4129.91432	4225.61440	4066.02711			4125.15894656	4125.01075470	0
1781146507	XAUUSD	M5	4128.75	4129.86414	4225.56422	4065.97693			4125.15137483	4125.08106476	0
1781146807	XAUUSD	M5	4118.32	4129.81396	4225.51404	4065.92675			4125.11448102	4125.09777289	0
1781147107	XAUUSD	M5	4120.30	4129.76378	4225.46385	4065.87657		4106.86000	4125.49268967	4125.29523128	0
1781147407	XAUUSD	M5	4128.99	4129.71360	4225.41367	4065.82639			4126.32786346	4125.81154737	0
1781147707	XAUUSD	M5	4126.73	4129.66341	4225.36349	4065.77620			4127.36713374	4126.58934055	0
1781148007	XAUUSD	M5	4130.25	4129.61323	4225.31331	4065.72602			4128.49121425	4127.54027740	0
1781148307	XAUUSD	M5	4129.23	4129.56305	4225.26313	4065.67584			4129.35886793	4128.44957267	0
1781148607	XAUUSD	M5	4132.52	4129.51287	4225.21294	4065.62566			4129.76599099	4129.10778183	0
1781148907	XAUUSD	M5	4129.82	4129.46269	4225.16276	4065.57548			4129.52190027	4129.31484105	0
1781149207	XAUUSD	M5	4127.54	4129.41250	4225.11258	4065.52529			4128.72830475	4129.02157290	1
1781149507	XAUUSD	M5	4129.31	4129.36232	4225.06240	4065.47511			4127.59317590	4128.30737440	0
1781149807	XAUUSD	M5	4127.92	4129.31214	4225.01222	4065.42493			4126.30530856	4127.30634148	0
1781150107	XAUUSD	M5	4122.36	4129.26196	4224.96203	4065.37475			4125.08995900	4126.19815024	0
1781150407	XAUUSD	M5	4120.51	4129.21178	4224.91185	4065.32457			4124.16833814	4125.18324419	0
1781150707	XAUUSD	M5	4120.31	4129.16159	4224.86167	4065.27439			4123.52451544	4124.35387982	0
1781151007	XAUUSD	M5	4121.98	4129.11141	4224.81149	4065.22420			4122.95313864	4123.65350923	0
1781151307	XAUUSD	M5	4132.17	4129.06123	4224.76131	4065.17402	4134.97000		4122.12976132	4122.89163528	0
1781151607	XAUUSD	M5	4120.20	4129.01105	4224.71113	4065.12384			4120.56011655	4121.72587591	0
1781151907	XAUUSD	M5	4118.08	4128.96087	4224.66094	4065.07366			4118.38955349	4120.05771470	0
1781152207	XAUUSD	M5	4113.91	4128.91068	4224.61076	4065.02348			4115.73035625	4117.89403548	0
1781152507	XAUUSD	M5	4111.84	4128.86050	4224.56058	4064.97329			4112.92197215	4115.40800381	0
1781152807	XAUUSD	M5	4110.89	4128.81032	4224.51040	4064.92311			4110.35928673	4112.88364527	0
1781153107	XAUUSD	M5	4111.19	4128.76014	4224.46022	4064.87293			4108.43832535	4110.66098531	0
1781153407	XAUUSD	M5	4105.31	4128.70996	4224.41003	4064.82275			4107.42404458	4109.04251494	0
1781153707	XAUUSD	M5	4102.34	4128.65978	4224.35985	4064.77257			4107.55254754	4108.29753124	0
1781154007	XAUUSD	M5	4111.41	4128.60959	4224.30967	4064.72238			4108.77026177	4108.53389651	1
1781154307	XAUUSD	M5	4109.83	4128.55941	4224.25949	4064.67220			4110.55837992	4109.54613821	0
1781154607	XAUUSD	M5	4111.66	4128.50923	4224.20931	4064.62202			4112.51161020	4111.02887421	0
1781154907	XAUUSD	M5	4119.80	4128.45905	4224.15912	4064.57184			4114.17684200	4112.60285810	0
1781155207	XAUUSD	M5	4114.49	4128.40887	4224.10894	4064.52166			4115.07459187	4113.83872499	0
1781155507	XAUUSD	M5	4115.96	4128.35868	4224.05876	4064.47147			4115.20034514	4114.51953507	0
1781155807	XAUUSD	M5	4112.66	4128.30850	4224.00858	4064.42129			4114.56153695	4114.54053601	0
1781156107	XAUUSD	M5	4112.79	4128.25832	4223.95840	4064.37111			4113.39303259	4113.96678430	1
1781156407	XAUUSD	M5	4112.47	4128.20814	4223.90821	4064.32093			4111.85764075	4112.91221252	0
1781156707	XAUUSD	M5	4109.23	4128.15796	4223.85803	4064.27075			4110.07661484	4111.49441368	0
1781157007	XAUUSD	M5	4107.46	4128.10777	4223.80785	4064.22057			4108.17043529	4109.83242448	0
1781157307	XAUUSD	M5	4104.98	4128.05759	4223.75767	4064.17038			4106.13604968	4107.98423708	0
1781157607	XAUUSD	M5	4104.41	4128.00741	4223.70749	4064.12020			4103.91767173	4105.95095441	0
1781157907	XAUUSD	M5	4101.49	4127.95723	4223.65731	4064.07002			4101.43103062	4103.69099251	0
1781158207	XAUUSD	M5	4101.23	4127.90705	4223.60712	4064.01984			4098.71816058	4101.20457655	0
1781158507	XAUUSD	M5	4096.25	4127.85686	4223.55694	4063.96966			4095.84651586	4098.52554620	0
1781158807	XAUUSD	M5	4095.13	4127.80668	4223.50676	4063.91947			4093.08038232	4095.80296426	0
1781159107	XAUUSD	M5	4089.00	4127.75650	4223.45658	4063.86929			4090.64000101	4093.22148263	0
1781159407	XAUUSD	M5	4089.85	4127.70632	4223.40640	4063.81911			4088.84959876	4091.03554070	0
1781159707	XAUUSD	M5	4084.95	4127.65614	4223.35621	4063.76893			4087.76273416	4089.39913743	0
1781160007	XAUUSD	M5	4084.73	4127.60596	4223.30603	4063.71875			4087.40296003	4088.40104873	0
1781160307	XAUUSD	M5	4086.30	4127.55577	4223.25585	4063.66856			4087.51219208	4087.95662041	0
1781160607	XAUUSD	M5	4086.38	4127.50559	4223.20567	4063.61838			4087.64914242	4087.80288141	0
1781160907	XAUUSD	M5	4091.63	4127.45541	4223.15549	4063.56820			4087.41271988	4087.60780065	0
1781161207	XAUUSD	M5	4088.42	4127.40523	4223.10530	4063.51802			4086.37207363	4086.98993714	0
1781161507	XAUUSD	M5	4087.29	4127.35505	4223.05512	4063.46784			4084.46530885	4085.72762300	0
1781161807	XAUUSD	M5	4082.84	4127.30486	4223.00494	4063.41765			4081.82980949	4083.77871624	0
1781162107	XAUUSD	M5	4077.59	4127.25468	4222.95476	4063.36747			4078.88644116	4081.33257870	0
1781162407	XAUUSD	M5	4071.12	4127.20450	4222.90458	4063.31729			4076.22033797	4078.77645834	0
1781162707	XAUUSD	M5	4072.13	4127.15432	4222.85439	4063.26711			4074.42036702	4076.59841268	0
1781163007	XAUUSD	M5	4073.98	4127.10414	4222.80421	4063.21693			4073.73053465	4075.16447367	0
1781163307	XAUUSD	M5	4076.46	4127.05395	4222.75403	4063.16674			4074.07866153	4074.62156760	0
1781163607	XAUUSD	M5	4078.46	4127.00377	4222.70385	4063.11656			4075.07079083	4074.84617921	1
1781163907	XAUUSD	M5	4076.13	4126.95359	4222.65367	4063.06638			4076.07951838	4075.46284879	0
1781164207	XAUUSD	M5	4076.47	4126.90341	4222.60349	4063.01620			4076.46154271	4075.96219575	0
1781164507	XAUUSD	M5	4072.83	4126.85323	4222.55330	4062.96602			4075.59300211	4075.77759893	1
1781164807	XAUUSD	M5	4067.94	4126.80304	4222.50312	4062.91584			4073.16777067	4074.47268480	0
1781165107	XAUUSD	M5	4069.09	4126.75286	4222.45294	4062.86565			4069.27006617	4071.87137548	0
1781165407	XAUUSD	M5	4071.24	4126.70268	4222.40276	4062.81547			4064.25179190	4068.06158369	0
1781169307	XAUUSD	M5	4063.41	4126.65250	4222.35258	4062.76529			4058.75212756	4063.40685563	0
1781169607	XAUUSD	M5	4050.98	4126.60232	4222.30239	4062.71511			4053.79264961	4058.59975262	0
1781169907	XAUUSD	M5	4056.10	4126.55214	4222.25221	4062.66493			4050.39723901	4054.49849581	0
1781170207	XAUUSD	M5	4047.61	4126.50195	4222.20203	4062.61474			4048.86603786	4051.68226684	0
1781170507	XAUUSD	M5	4038.36	4126.45177	4222.15185	4062.56456			4049.33279494	4050.50753089	0
1781170807	XAUUSD	M5	4044.93	4126.40159	4222.10167	4062.51438			4051.48204950	4050.99479020	1
1781171107	XAUUSD	M5	4050.73	4126.35141	4222.05148	4062.46420			4054.27348992	4052.63414006	0
1781171407	XAUUSD	M5	4065.45	4126.30123	4222.00130	4062.41402			4056.58039315	4054.60726660	0
1781171707	XAUUSD	M5	4062.93	4126.25104	4221.95112	4062.36383			4057.27507899	4055.94117280	0
1781172007	XAUUSD	M5	4062.10	4126.20086	4221.90094	4062.31365			4056.05908049	4056.00012664	0
1781172307	XAUUSD	M5	4053.82	4126.15068	4221.85076	4062.26347			4053.13650879	4054.56831771	1
1781172607	XAUUSD	M5	4046.54	4126.10050	4221.80057	4062.21329			4049.35402153	4051.96116962	0
1781172907	XAUUSD	M5	4049.66	4126.05032	4221.75039	4062.16311			4045.78807610	4048.87462286	0
1781173207	XAUUSD	M5	4040.57	4126.00013	4221.70021	4062.11292			4043.24297543	4046.05879915	0
1781173507	XAUUSD	M5	4030.16	4125.94995	4221.65003	4062.06274		4023.88000	4042.50572187	4044.28226051	0
1781173807	XAUUSD	M5	4039.13	4125.89977	4221.59985	4062.01256			4043.91324609	4044.09775330	0
1781174107	XAUUSD	M5	4043.53	4125.84959	4221.54967	4061.96238			4046.85562027	4045.47668678	1
1781174407	XAUUSD	M5	4061.60	4125.79941	4221.49948	4061.91220			4050.44522574	4047.96095626	0
1781174707	XAUUSD	M5	4058.03	4125.74922	4221.44930	4061.86202			4053.37771982	4050.66933804	0
1781175007	XAUUSD	M5	4060.76	4125.69904	4221.39912	4061.81183			4055.02451933	4052.84692869	0
1781175307	XAUUSD	M5	4056.24	4125.64886	4221.34894	4061.76165			4055.02904788	4053.93798828	0
1781175607	XAUUSD	M5	4050.19	4125.59868	4221.29876	4061.71147			4053.67297678	4053.80548253	1
1781175907	XAUUSD	M5	4051.02	4125.54850	4221.24857	4061.66129			4051.66962552	4052.73755403	0
1781176207	XAUUSD	M5	4047.12	4125.49832	4221.19839	4061.61111			4049.79691819	4051.26723611	0
1781176507	XAUUSD	M5	4043.72	4125.44813	4221.14821	4061.56092			4048.91431212	4050.09077411	0
1781176807	XAUUSD	M5	4043.09	4125.39795	4221.09803	4061.51074			4049.61271656	4049.85174534	0
1781177107	XAUUSD	M5	4052.25	4125.34777	4221.04785	4061.46056			4052.00090991	4050.92632763	1
1781177407	XAUUSD	M5	4065.20	4125.29759	4220.99766	4061.41038			4055.55291432	4053.23962097	0
1781177707	XAUUSD	M5	4061.46	4125.24741	4220.94748	4061.36020			4059.38326015	4056.31144056	0
1781178007	XAUUSD	M5	4067.63	4125.19722	4220.89730	4061.31001			4062.91957312	4059.61550684	0
1781178307	XAUUSD	M5	4064.22	4125.14704	4220.84712	4061.25983			4065.55301946	4062.58426315	0
1781178607	XAUUSD	M5	4063.45	4125.09686	4220.79694	4061.20965			4067.23925717	4064.91176016	0
1781178907	XAUUSD	M5	4063.41	4125.04668	4220.74675	4061.15947			4068.26452118	4066.58814067	0
1781179207	XAUUSD	M5	4071.43	4124.99650	4220.69657	4061.10929			4069.19415164	4067.89114615	0
1781179507	XAUUSD	M5	4069.26	4124.94631	4220.64639	4061.05910			4070.55397457	4069.22256036	0
1781179807	XAUUSD	M5	4075.79	4124.89613	4220.59621	4061.00892			4073.04007343	4071.13131690	0
1781180107	XAUUSD	M5	4079.27	4124.84595	4220.54603	4060.95874			4076.89603875	4074.01367782	0
1781180407	XAUUSD	M5	4078.72	4124.79577	4220.49585	4060.90856			4082.09262714	4078.05315248	0
1781180707	XAUUSD	M5	4086.85	4124.74559	4220.44566	4060.85838			4088.34653925	4083.19984587	0
1781181007	XAUUSD	M5	4094.24	4124.69540	4220.39548	4060.80820			4094.95405375	4089.07694981	0
1781181307	XAUUSD	M5	4102.65	4124.64522	4220.34530	4060.75801			4101.13159336	4095.10427158	0
1781181607	XAUUSD	M5	4104.59	4124.59504	4220.29512	4060.70783			4106.14723288	4100.62575223	0
1781181907	XAUUSD	M5	4111.11	4124.54486	4220.24494	4060.65765			4109.62438510	4105.12506866	0
1781182207	XAUUSD	M5	4114.95	4124.49468	4220.19475	4060.60747			4111.33082047	4108.22794457	0
1781182507	XAUUSD	M5	4113.80	4124.44450	4220.14457	4060.55729	4118.22000		4111.33486258	4109.78140357	0
1781182807	XAUUSD	M5	4111.01	4124.39431	4220.09439	4060.50710			4109.97230578	4109.87685468	0
1781183107	XAUUSD	M5	4103.99	4124.34413	4220.04421	4060.45692			4107.63148807	4108.75417137	1
1781183407	XAUUSD	M5	4101.95	4124.29395	4219.99403	4060.40674			4104.71557577	4106.73487357	0
1781183707	XAUUSD	M5	4100.85	4124.24377	4219.94384	4060.35656			4101.35773850	4104.04630604	0
1781184007	XAUUSD	M5	4094.68	4124.19359	4219.89366	4060.30638			4097.54552707	4100.79591655	0
1781184307	XAUUSD	M5	4089.56	4124.14340	4219.84348	4060.25619			4093.29736780	4097.04664218	0
1781184607	XAUUSD	M5	4093.93	4124.09322	4219.79330	4060.20601			4088.62750674	4092.83707446	0
1781184907	XAUUSD	M5	4090.07	4124.04304	4219.74312	4060.15583			4083.44631326	4088.14169386	0
1781185207	XAUUSD	M5	4082.25	4123.99286	4219.69293	4060.10565			4078.01153825	4083.07661605	0
1781185507	XAUUSD	M5	4073.00	4123.94268	4219.64275	4060.05547			4072.83069914	4077.95365760	0
1781185807	XAUUSD	M5	4066.73	4123.89249	4219.59257	4060.00528			4068.50841792	4073.23103776	0
1781186107	XAUUSD	M5	4059.48	4123.84231	4219.54239	4059.95510			4065.50311765	4069.36707771	0
1781186407	XAUUSD	M5	4054.88	4123.79213	4219.49221	4059.90492		4052.60000	4064.09562327	4066.73135049	0
1781186707	XAUUSD	M5	4062.64	4123.74195	4219.44203	4059.85474			4064.23717280	4065.48426165	0
1781187007	XAUUSD	M5	4067.81	4123.69177	4219.39184	4059.80456			4065.37085298	4065.42755731	0
1781187307	XAUUSD	M5	4075.02	4123.64158	4219.34166	4059.75438			4066.84331720	4066.13543726	1
1781187607	XAUUSD	M5	4076.54	4123.59140	4219.29148	4059.70419			4067.95637441	4067.04590583	0
1781187907	XAUUSD	M5	4065.66	4123.54122	4219.24130	4059.65401			4068.32443714	4067.68517149	0
1781188207	XAUUSD	M5	4065.61	4123.49104	4219.19112	4059.60383			4068.08728378	4067.88622763	0
1781188507	XAUUSD	M5	4062.83	4123.44086	4219.14093	4059.55365			4067.39025317	4067.63824040	1
1781188807	XAUUSD	M5	4063.38	4123.39068	4219.09075	4059.50347			4066.63818817	4067.13821428	0
1781189107	XAUUSD	M5	4067.28	4123.34049	4219.04057	4059.45328			4066.21241973	4066.67531700	0
1781189407	XAUUSD	M5	4070.49	4123.29031	4218.99039	4059.40310			4066.37432939	4066.52482320	0
1781189707	XAUUSD	M5	4067.40	4123.24013	4218.94021	4059.35292			4067.24873450	4066.88677885	1
1781190007	XAUUSD	M5	4065.66	4123.18995	4218.89002	4059.30274			4068.89238319	4067.88958102	0
1781190307	XAUUSD	M5	4073.08	4123.13977	4218.83984	4059.25256			4071.15210670	4069.52084386	0
1781190607	XAUUSD	M5	4072.81	4123.08958	4218.78966	4059.20237			4073.55904934	4071.53994660	0
1781190907	XAUUSD	M5	4072.71	4123.03940	4218.73948	4059.15219			4075.83431068	4073.68712864	0
1781191207	XAUUSD	M5	4080.02	4122.98922	4218.68930	4059.10201			4077.78230813	4075.73471839	0
1781191507	XAUUSD	M5	4082.89	4122.93904	4218.63911	4059.05183			4079.17468047	4077.45469943	0
1781191807	XAUUSD	M5	4081.75	4122.88886	4218.58893	4059.00165			4080.02357743	4078.73913843	0
1781192107	XAUUSD	M5	4081.29	4122.83867	4218.53875	4058.95146			4080.52629054	4079.63271448	0
1781192407	XAUUSD	M5	4077.64	4122.78849	4218.48857	4058.90128			4080.86453594	4080.24862521	0
1781192707	XAUUSD	M5	4077.79	4122.73831	4218.43839	4058.85110			4081.21579097	4080.73220809	0
1781193007	XAUUSD	M5	4078.71	4122.68813	4218.38821	4058.80092			4081.55085082	4081.14152946	0
1781193307	XAUUSD	M5	4082.01	4122.63795	4218.33802	4058.75074			4081.73160271	4081.43656608	0
1781193607	XAUUSD	M5	4083.50	4122.58776	4218.28784	4058.70056			4081.53906910	4081.48781759	0
1781193907	XAUUSD	M5	4083.79	4122.53758	4218.23766	4058.65037			4080.86389458	4081.17585608	1
1781194207	XAUUSD	M5	4082.73	4122.48740	4218.18748	4058.60019			4079.80001289	4080.48793449	0
1781194507	XAUUSD	M5	4077.83	4122.43722	4218.13730	4058.55001			4078.65922711	4079.57358080	0
1781194807	XAUUSD	M5	4079.61	4122.38704	4218.08711	4058.49983			4077.96431433	4078.76894756	0
1781195107	XAUUSD	M5	4077.44	4122.33686	4218.03693	4058.44965			4078.09041086	4078.42967921	0
1781195407	XAUUSD	M5	4079.43	4122.28667	4217.98675	4058.39946			4079.36672289	4078.89820105	1
1781195707	XAUUSD	M5	4077.06	4122.23649	4217.93657	4058.34928			4081.79786448	4080.34803277	0
1781196007	XAUUSD	M5	4075.17	4122.18631	4217.88639	4058.29910			4085.18964374	4082.76883825	0
1781196307	XAUUSD	M5	4095.02	4122.13613	4217.83620	4058.24892			4089.08876803	4085.92880314	0
1781196607	XAUUSD	M5	4093.72	4122.08595	4217.78602	4058.19874			4092.42966927	4089.17923621	0
1781196907	XAUUSD	M5	4099.58	4122.03576	4217.73584	4058.14855			4094.68276556	4091.93100089	0
1781197207	XAUUSD	M5	4100.49	4121.98558	4217.68566	4058.09837	4106.21000		4095.40042497	4093.66571293	0
1781197507	XAUUSD	M5	4094.02	4121.93540	4217.63548	4058.04819			4094.54053656	4094.10312475	0
1781197807	XAUUSD	M5	4094.32	4121.88522	4217.58529	4057.99801			4092.54105941	4093.32209208	1
1781198107	XAUUSD	M5	4084.67	4121.83504	4217.53511	4057.94783			4089.90984764	4091.61596986	0
1781198407	XAUUSD	M5	4080.80	4121.78485	4217.48493	4057.89764			4087.44597998	4089.53097492	0
1781198707	XAUUSD	M5	4084.48	4121.73467	4217.43475	4057.84746			4085.72968450	4087.63032971	0
1781199007	XAUUSD	M5	4086.70	4121.68449	4217.38457	4057.79728			4084.97561430	4086.30297201	0
1781199307	XAUUSD	M5	4091.27	4121.63431	4217.33439	4057.74710			4085.17966007	4085.74131604	0
1781199607	XAUUSD	M5	4086.87	4121.58413	4217.28420	4057.69692			4086.07466228	4085.90798916	1
1781199907	XAUUSD	M5	4084.24	4121.53394	4217.23402	4057.64674			4087.49129761	4086.69964338	0
1781200207	XAUUSD	M5	4088.27	4121.48376	4217.18384	4057.59655			4089.20312694	4087.95138516	0
1781200507	XAUUSD	M5	4092.79	4121.43358	4217.13366	4057.54637			4090.90307447	4089.42722982	0
1781200807	XAUUSD	M5	4091.88	4121.38340	4217.08348	4057.49619			4092.40029407	4090.91376194	0
1781201107	XAUUSD	M5	4097.56	4121.33322	4217.03329	4057.44601			4093.77303230	4092.34339712	0
1781201407	XAUUSD	M5	4094.27	4121.28304	4216.98311	4057.39583			4095.05027171	4093.69683441	0
1781201707	XAUUSD	M5	4094.94	4121.23285	4216.93293	4057.34564			4096.48804683	4095.09244062	0
1781202007	XAUUSD	M5	4093.62	4121.18267	4216.88275	4057.29546			4098.18061235	4096.63652649	0
1781202307	XAUUSD	M5	4096.84	4121.13249	4216.83257	4057.24528			4100.14414974	4098.39033811	0
1781202607	XAUUSD	M5	4105.06	4121.08231	4216.78238	4057.19510			4102.18318409	4100.28676110	0
1781202907	XAUUSD	M5	4107.76	4121.03213	4216.73220	4057.14492			4103.93960502	4102.11318306	0
1781203207	XAUUSD	M5	4107.55	4120.98194	4216.68202	4057.09473			4105.21418988	4103.66368647	0
1781203507	XAUUSD	M5	4107.16	4120.93176	4216.63184	4057.04455			4105.97017400	4104.81693024	0
1781203807	XAUUSD	M5	4104.72	4120.88158	4216.58166	4056.99437			4106.28604190	4105.55148607	0
1781204107	XAUUSD	M5	4107.62	4120.83140	4216.53147	4056.94419			4106.36165328	4105.95656968	0
1781204407	XAUUSD	M5	4103.54	4120.78122	4216.48129	4056.89401			4106.30087854	4106.12872411	0
1781204707	XAUUSD	M5	4103.11	4120.73103	4216.43111	4056.84382			4106.32390968	4106.22631689	0
1781205007	XAUUSD	M5	4105.03	4120.68085	4216.38093	4056.79364			4106.46222745	4106.34427217	0
1781205307	XAUUSD	M5	4106.14	4120.63067	4216.33075	4056.74346			4106.58407715	4106.46417466	0
1781205607	XAUUSD	M5	4111.78	4120.58049	4216.28057	4056.69328			4106.45760502	4106.46088984	1
1781205907	XAUUSD	M5	4106.28	4120.53031	4216.23038	4056.64310	4112.70000		4105.75385487	4106.10737236	0
1781206207	XAUUSD	M5	4105.77	4120.48012	4216.18020	4056.59292			4104.43681102	4105.27209169	0
1781206507	XAUUSD	M5	4102.93	4120.42994	4216.13002	4056.54273			4102.46053447	4103.86631308	0
1781206807	XAUUSD	M5	4097.66	4120.37976	4216.07984	4056.49255			4099.94142923	4101.90387115	0
1781207107	XAUUSD	M5	4095.36	4120.32958	4216.02966	4056.44237			4097.12853267	4099.51620191	0
1781207407	XAUUSD	M5	4095.45	4120.27940	4215.97947	4056.39219			4094.24921196	4096.88270693	0
1781207707	XAUUSD	M5	4090.64	4120.22922	4215.92929	4056.34201			4091.46390748	4094.17330721	0
1781208007	XAUUSD	M5	4089.32	4120.17903	4215.87911	4056.29182			4088.99660929	4091.58495825	0
1781208307	XAUUSD	M5	4086.91	4120.12885	4215.82893	4056.24164			4086.93029356	4089.25762590	0
1781208607	XAUUSD	M5	4084.64	4120.07867	4215.77875	4056.19146			4085.31538479	4087.28650535	0
1781208907	XAUUSD	M5	4085.21	4120.02849	4215.72856	4056.14128			4084.16948111	4085.72799323	0
1781209207	XAUUSD	M5	4080.94	4119.97831	4215.67838	4056.09110			4083.44305806	4084.58552564	0
1781209507	XAUUSD	M5	4086.04	4119.92812	4215.62820	4056.04091			4083.20451720	4083.89502142	0
1781209807	XAUUSD	M5	4086.76	4119.87794	4215.57802	4055.99073			4083.32605446	4083.61053794	0
1781210107	XAUUSD	M5	4085.13	4119.82776	4215.52784	4055.94055			4083.80283842	4083.70668818	1
1781210407	XAUUSD	M5	4079.48	4119.77758	4215.47765	4055.89037			4084.67511338	4084.19090078	0
1781210707	XAUUSD	M5	4080.69	4119.72740	4215.42747	4055.84019		4077.50000	4086.04741521	4085.11915799	0
1781211007	XAUUSD	M5	4088.69	4119.67721	4215.37729	4055.79000			4087.78045447	4086.44980623	0
1781211307	XAUUSD	M5	4091.70	4119.62703	4215.32711	4055.73982			4089.52716772	4087.98848698	0
1781211607	XAUUSD	M5	4094.04	4119.57685	4215.27693	4055.68964			4091.02337327	4089.50593012	0
1781211907	XAUUSD	M5	4094.05	4119.52667	4215.22674	4055.63946			4092.04599900	4090.77596456	0
1781212207	XAUUSD	M5	4091.69	4119.47649	4215.17656	4055.58928			4092.51376586	4091.64486521	0
1781212507	XAUUSD	M5	4091.86	4119.42630	4215.12638	4055.53910			4092.49177229	4092.06831875	0
1781212807	XAUUSD	M5	4090.63	4119.37612	4215.07620	4055.48891			4092.08194255	4092.07513065	0
1781213107	XAUUSD	M5	4092.21	4119.32594	4215.02602	4055.43873			4091.46822341	4091.77167703	1
1781213407	XAUUSD	M5	4086.93	4119.27576	4214.97584	4055.38855			4090.78325367	4091.27746535	0
1781213707	XAUUSD	M5	4093.76	4119.22558	4214.92565	4055.33837			4090.30268705	4090.79007620	0
1781214007	XAUUSD	M5	4087.99	4119.17540	4214.87547	4055.28819			4089.97279212	4090.38143416	0
1781214307	XAUUSD	M5	4092.40	4119.12521	4214.82529	4055.23800			4089.94922302	4090.16532859	0
1781214607	XAUUSD	M5	4090.99	4119.07503	4214.77511	4055.18782			4090.08983338	4090.12758099	0
1781214907	XAUUSD	M5	4090.56	4119.02485	4214.72493	4055.13764			4090.32609562	4090.22683830	1
1781215207	XAUUSD	M5	4088.60	4118.97467	4214.67474	4055.08746			4090.56302009	4090.39492920	0
1781215507	XAUUSD	M5	4089.80	4118.92449	4214.62456	4055.03728			4090.71677444	4090.55585182	0
1781215807	XAUUSD	M5	4089.97	4118.87430	4214.57438	4054.98709			4090.64689002	4090.60137092	0
1781216107	XAUUSD	M5	4091.91	4118.82412	4214.52420	4054.93691			4090.28605031	4090.44371062	1
1781216407	XAUUSD	M5	4091.34	4118.77394	4214.47402	4054.88673			4089.59564449	4090.01967755	0
1781216707	XAUUSD	M5	4086.59	4118.72376	4214.42383	4054.83655			4088.67141105	4089.34554430	0
1781217007	XAUUSD	M5	4086.81	4118.67358	4214.37365	4054.78637			4087.75878853	4088.55216642	0
1781217307	XAUUSD	M5	4086.38	4118.62339	4214.32347	4054.73618			4086.99783679	4087.77500160	0
1781217607	XAUUSD	M5	4090.39	4118.57321	4214.27329	4054.68600			4086.51294863	4087.14397512	0
1781217907	XAUUSD	M5	4088.30	4118.52303	4214.22311	4054.63582	4095.86000		4086.25427399	4086.69912456	0
1781218207	XAUUSD	M5	4083.40	4118.47285	4214.17292	4054.58564			4086.20714274	4086.45313365	0
1781218507	XAUUSD	M5	4084.94	4118.42267	4214.12274	4054.53546			4086.31614054	4086.38463709	0
1781218807	XAUUSD	M5	4085.16	4118.37248	4214.07256	4054.48528			4086.25492683	4086.31978196	0
1781219107	XAUUSD	M5	4086.19	4118.32230	4214.02238	4054.43509			4085.68344424	4086.00161310	0
1781219407	XAUUSD	M5	4080.34	4118.27212	4213.97220	4054.38491			4084.28688255	4085.14424783	0
1781219707	XAUUSD	M5	4086.53	4118.22194	4213.92202	4054.33473			4082.07764703	4083.61094743	0
1781220007	XAUUSD	M5	4079.94	4118.17176	4213.87183	4054.28455			4079.00393632	4081.30744187	0
1781220307	XAUUSD	M5	4076.41	4118.12158	4213.82165	4054.23437			4075.51598761	4078.41171474	0
1781220607	XAUUSD	M5	4075.14	4118.07139	4213.77147	4054.18418			4072.18177674	4075.29674574	0
1781220907	XAUUSD	M5	4069.00	4118.02121	4213.72129	4054.13400			4069.56545377	4072.43109976	0
1781221207	XAUUSD	M5	4069.08	4117.97103	4213.67111	4054.08382			4068.24923381	4070.34016679	0
1781221507	XAUUSD	M5	4062.56	4117.92085	4213.62092	4054.03364		4057.54000	4068.44631910	4069.39324294	0
1781221807	XAUUSD	M5	4065.94	4117.87067	4213.57074	4053.98346			4070.19666353	4069.79495324	1
1781222107	XAUUSD	M5	4073.40	4117.82048	4213.52056	4053.93327			4073.00229444	4071.39862384	0
1781222407	XAUUSD	M5	4077.31	4117.77030	4213.47038	4053.88309			4076.07752226	4073.73807305	0
1781222707	XAUUSD	M5	4080.14	4117.72012	4213.42020	4053.83291			4078.69853140	4076.21830223	0
1781223007	XAUUSD	M5	4082.22	4117.66994	4213.37001	4053.78273			4080.31635119	4078.26732671	0
1781223307	XAUUSD	M5	4083.88	4117.61976	4213.31983	4053.73255			4080.69148134	4079.47940402	0
1781223607	XAUUSD	M5	4085.84	4117.56957	4213.26965	4053.68236			4079.91865869	4079.69903136	0
1781223907	XAUUSD	M5	4073.21	4117.51939	4213.21947	4053.63218			4078.36317383	4079.03110259	1
1781224207	XAUUSD	M5	4072.88	4117.46921	4213.16929	4053.58200			4076.85389013	4077.94249636	0
1781224507	XAUUSD	M5	4075.95	4117.41903	4213.11910	4053.53182			4075.88769606	4076.91509621	0
1781224807	XAUUSD	M5	4075.71	4117.36885	4213.06892	4053.48164			4075.66782731	4076.29146176	0
1781225107	XAUUSD	M5	4075.30	4117.31866	4213.01874	4053.43146			4076.19128612	4076.24137394	0
1781225407	XAUUSD	M5	4072.51	4117.26848	4212.96856	4053.38127			4077.19154912	4076.71646153	1
1781225707	XAUUSD	M5	4076.28	4117.21830	4212.91838	4053.33109			4078.27979018	4077.49812586	0
1781226007	XAUUSD	M5	4083.92	4117.16812	4212.86820	4053.28091			4078.89296862	4078.19554724	0
1781226307	XAUUSD	M5	4084.96	4117.11794	4212.81801	4053.23073	4092.55000		4078.53216030	4078.36385377	0
1781226607	XAUUSD	M5	4083.18	4117.06776	4212.76783	4053.18055			4077.11838021	4077.74111699	1
1781226907	XAUUSD	M5	4078.35	4117.01757	4212.71765	4053.13036			4074.92540248	4076.33325974	0
1781227207	XAUUSD	M5	4062.87	4116.96739	4212.66747	4053.08018			4072.50765803	4074.42045888	0
1781227507	XAUUSD	M5	4061.06	4116.91721	4212.61729	4053.03000		4053.03000	4070.72471836	4072.57258862	0
1781227807	XAUUSD	M5	4063.54	4116.86703	4212.56710	4052.97982			4069.99858769	4071.28558816	0
1781228107	XAUUSD	M5	4079.67	4116.81685	4212.51692	4052.92964			4070.41299634	4070.84929225	0
1781228407	XAUUSD	M5	4074.78	4116.76666	4212.46674	4052.87945			4071.49926091	4071.17427658	1
1781228707	XAUUSD	M5	4072.64	4116.71648	4212.41656	4052.82927			4073.08954113	4072.13190886	0
1781229007	XAUUSD	M5	4078.74	4116.66630	4212.36638	4052.77909			4074.87013779	4073.50102333	0
1781229307	XAUUSD	M5	4076.19	4116.61612	4212.31619	4052.72891			4076.37056913	4074.93579623	0
1781229607	XAUUSD	M5	4078.67	4116.56594	4212.26601	4052.67873			4077.42979756	4076.18279689	0
1781229907	XAUUSD	M5	4076.99	4116.51575	4212.21583	4052.62854			4077.93641644	4077.05960667	0
1781230207	XAUUSD	M5	4073.47	4116.46557	4212.16565	4052.57836			4078.03848798	4077.54904732	0
1781230507	XAUUSD	M5	4073.49	4116.41539	4212.11547	4052.52818			4078.01071634	4077.77988183	0
1781230807	XAUUSD	M5	4080.98	4116.36521	4212.06528	4052.47800			4078.06526120	4077.92257151	0
1781231107	XAUUSD	M5	4080.65	4116.31503	4212.01510	4052.42782			4078.26509440	4078.09383296	0
1781231407	XAUUSD	M5	4081.96	4116.26484	4211.96492	4052.37764			4078.78629767	4078.44006532	0
1781231707	XAUUSD	M5	4078.86	4116.21466	4211.91474	4052.32745			4079.73345482	4079.08676007	0
1781232007	XAUUSD	M5	4081.62	4116.16448	4211.86456	4052.27727			4081.21362135	4080.15019071	0
1781232307	XAUUSD	M5	4079.64	4116.11430	4211.81438	4052.22709			4083.10409810	4081.62714440	0
1781232607	XAUUSD	M5	4085.98	4116.06412	4211.76419	4052.17691			4085.30831819	4083.46773130	0
1781232907	XAUUSD	M5	4088.15	4116.01394	4211.71401	4052.12673			4087.47378995	4085.47076062	0
1781233207	XAUUSD	M5	4089.81	4115.96375	4211.66383	4052.07654			4089.33857654	4087.40466858	0
1781233507	XAUUSD	M5	4090.55	4115.91357	4211.61365	4052.02636			4090.69903330	4089.05185094	0
1781233807	XAUUSD	M5	4088.77	4115.86339	4211.56347	4051.97618			4091.49421662	4090.27303378	0
1781234107	XAUUSD	M5	4087.50	4115.81321	4211.51328	4051.92600			4091.83305983	4091.05304680	0
1781234407	XAUUSD	M5	4092.68	4115.76303	4211.46310	4051.87582			4091.88015579	4091.46660130	0
1781234707	XAUUSD	M5	4102.66	4115.71284	4211.41292	4051.82563			4091.66145690	4091.56402910	0
1781235007	XAUUSD	M5	4096.93	4115.66266	4211.36274	4051.77545			4091.03222628	4091.29812769	1
1781235307	XAUUSD	M5	4087.79	4115.61248	4211.31256	4051.72527			4090.11452081	4090.70632425	0
1781235607	XAUUSD	M5	4079.68	4115.56230	4211.26237	4051.67509			4089.00055070	4089.85343748	0
1781235907	XAUUSD	M5	4084.74	4115.51212	4211.21219	4051.62491			4087.64067922	4088.74705835	0
1781236207	XAUUSD	M5	4082.65	4115.46193	4211.16201	4051.57472			4085.63441932	4087.19073884	0
1781236507	XAUUSD	M5	4081.96	4115.41175	4211.11183	4051.52454			4082.86752266	4085.02913075	0
1781236807	XAUUSD	M5	4081.44	4115.36157	4211.06165	4051.47436			4079.43282521	4082.23097798	0
1781237107	XAUUSD	M5	4079.69	4115.31139	4211.01146	4051.42418			4075.78907099	4079.01002449	0
1781237407	XAUUSD	M5	4080.20	4115.26121	4210.96128	4051.37400			4072.79072160	4075.90037304	0
1781237707	XAUUSD	M5	4074.76	4115.21102	4210.91110	4051.32382		4072.10000	4071.49584665	4073.69810985	0
1781238007	XAUUSD	M5	4076.68	4115.16084	4210.86092	4051.27363			4073.07992127	4073.38901556	0
1781238307	XAUUSD	M5	4076.11	4115.11066	4210.81074	4051.22345			4078.27941770	4075.83421663	1
1781238607	XAUUSD	M5	4078.44	4115.06048	4210.76056	4051.17327			4087.34613535	4081.59017599	0
1781238907	XAUUSD	M5	4080.45	4115.01030	4210.71037	4051.12309			4099.77814346	4090.68415973	0
1781239207	XAUUSD	M5	4101.82	4114.96012	4210.66019	4051.07291			4114.42050669	4102.55233321	0
1781239507	XAUUSD	M5	4149.25	4114.90993	4210.61001	4051.02272			4129.26386806	4115.90810063	0
1781239807	XAUUSD	M5	4150.15	4114.85975	4210.55983	4050.97254			4141.67992588	4128.79401326	0
1781240107	XAUUSD	M5	4166.78	4114.80957	4210.50965	4050.92236			4150.49292989	4139.64347157	0
1781240407	XAUUSD	M5	4154.09	4114.75939	4210.45946	4050.87218			4154.92083614	4147.28215386	0
1781240707	XAUUSD	M5	4153.43	4114.70921	4210.40928	4050.82200			4155.64530556	4151.46372971	0
1781241007	XAUUSD	M5	4151.83	4114.65902	4210.35910	4050.77181			4153.73809325	4152.60091148	0
1781241307	XAUUSD	M5	4138.69	4114.60884	4210.30892	4050.72163			4150.64526574	4151.62308861	1
1781241607	XAUUSD	M5	4135.62	4114.55866	4210.25874	4050.67145			4148.05222163	4149.83765512	0
1781241907	XAUUSD	M5	4146.93	4114.50848	4210.20855	4050.62127			4147.03803925	4148.43784718	0
1781242207	XAUUSD	M5	4161.23	4114.45830	4210.15837	4050.57109			4147.79114341	4148.11449530	0
1781242507	XAUUSD	M5	4155.83	4114.40811	4210.10819	4050.52090			4149.87706470	4148.99578000	1
1781242807	XAUUSD	M5	4152.94	4114.35793	4210.05801	4050.47072			4152.92609092	4150.96093546	0
1781243107	XAUUSD	M5	4154.02	4114.30775	4210.00783	4050.42054			4156.37443095	4153.66768321	0
1781243407	XAUUSD	M5	4156.45	4114.25757	4209.95764	4050.37036			4159.66360011	4156.66564166	0
1781243707	XAUUSD	M5	4164.79	4114.20739	4209.90746	4050.32018			4162.47306774	4159.56935470	0
1781244007	XAUUSD	M5	4168.14	4114.15720	4209.85728	4050.27000			4164.70958134	4162.13946802	0
1781244307	XAUUSD	M5	4164.81	4114.10702	4209.80710	4050.21981			4166.73476474	4164.43711638	0
1781244607	XAUUSD	M5	4161.80	4114.05684	4209.75692	4050.16963			4169.23256135	4166.83483887	0
1781244907	XAUUSD	M5	4174.33	4114.00666	4209.70674	4050.11945			4172.81691976	4169.82587931	0
1781245207	XAUUSD	M5	4174.18	4113.95648	4209.65655	4050.06927			4177.51345439	4173.66966685	0
1781245507	XAUUSD	M5	4188.24	4113.90629	4209.60637	4050.01909			4183.32052101	4178.49509393	0
1781245807	XAUUSD	M5	4195.56	4113.85611	4209.55619	4049.96890			4189.61943835	4184.05726614	0
1781246107	XAUUSD	M5	4191.80	4113.80593	4209.50601	4049.91872			4195.78193179	4189.91959896	0
1781246407	XAUUSD	M5	4195.57	4113.75575	4209.45583	4049.86854			4201.42127453	4195.67043675	0
1781246707	XAUUSD	M5	4214.77	4113.70557	4209.40564	4049.81836			4206.09231153	4200.88137414	0
1781247007	XAUUSD	M5	4208.51	4113.65539	4209.35546	4049.76818			4209.24601706	4205.06369560	0
1781247307	XAUUSD	M5	4210.32	4113.60520	4209.30528	4049.71799			4211.13519713	4208.09944637	0
1781247607	XAUUSD	M5	4210.09	4113.55502	4209.25510	4049.66781			4212.03003322	4210.06473979	0
1781247907	XAUUSD	M5	4215.31	4113.50484	4209.20492	4049.61763			4212.32420046	4211.19447012	0
1781248207	XAUUSD	M5	4209.02	4113.45466	4209.15473	4049.56745			4212.27350714	4211.73398863	0
1781248507	XAUUSD	M5	4208.40	4113.40448	4209.10455	4049.51727			4212.27218428	4212.00308645	0
1781248807	XAUUSD	M5	4214.85	4113.35429	4209.05437	4049.46708			4212.43857632	4212.22083139	0
1781249107	XAUUSD	M5	4213.76	4113.30411	4209.00419	4049.41690			4212.66503714	4212.44293426	0
1781249407	XAUUSD	M5	4213.41	4113.25393	4208.95401	4049.36672			4212.93072436	4212.68682931	0
1781249707	XAUUSD	M5	4215.75	4113.20375	4208.90382	4049.31654			4213.19705398	4212.94194165	0
1781250007	XAUUSD	M5	4214.11	4113.15357	4208.85364	4049.26636			4213.34545031	4213.14369598	0
1781250307	XAUUSD	M5	4213.68	4113.10338	4208.80346	4049.21618			4213.34305564	4213.24337581	0
1781250607	XAUUSD	M5	4211.03	4113.05320	4208.75328	4049.16599			4213.14568770	4213.19453176	1
1781250907	XAUUSD	M5	4209.73	4113.00302	4208.70310	4049.11581			4212.74929088	4212.97191132	0
1781251207	XAUUSD	M5	4211.29	4112.95284	4208.65292	4049.06563			4212.11445150	4212.54318141	0
1781251507	XAUUSD	M5	4212.17	4112.90266	4208.60273	4049.01545			4211.17481767	4211.85899954	0
1781251807	XAUUSD	M5	4210.88	4112.85247	4208.55255	4048.96527			4209.96948865	4210.91424410	0
1781255707	XAUUSD	M5	4208.50	4112.80229	4208.50237	4048.91508		4205.28000	4208.70462682	4209.80943546	0
1781256007	XAUUSD	M5	4209.46	4112.75211	4208.45219	4048.86490			4207.71077227	4208.76010387	0
1781256307	XAUUSD	M5	4209.72	4112.70193	4208.40201	4048.81472			4207.31578530	4208.03794458	0
1781256607	XAUUSD	M5	4208.19	4112.65175	4208.35182	4048.76454			4207.86225449	4207.95009954	0
1781256907	XAUUSD	M5	4206.47	4112.60157	4208.30164	4048.71436			4209.63570094	4208.79290024	1
1781257207	XAUUSD	M5	4214.85	4112.55138	4208.25146	4048.66417			4212.74365723	4210.76827873	0
1781257507	XAUUSD	M5	4214.12	4112.50120	4208.20128	4048.61399			4216.82100967	4213.79464420	0
1781257807	XAUUSD	M5	4215.57	4112.45102	4208.15110	4048.56381			4221.49765428	4217.64614924	0
1781258107	XAUUSD	M5	4225.95	4112.40084	4208.10091	4048.51363			4226.17708147	4221.91161536	0
1781258407	XAUUSD	M5	4232.06	4112.35066	4208.05073	4048.46345			4230.01674358	4225.96417947	0
1781258707	XAUUSD	M5	4235.64	4112.30047	4208.00055	4048.41326			4232.37649662	4229.17033805	0
1781259007	XAUUSD	M5	4243.42	4112.25029	4207.95037	4048.36308	4246.77000		4232.92190878	4231.04612341	0
1781259307	XAUUSD	M5	4227.21	4112.20011	4207.90019	4048.31290			4231.53385990	4231.28999166	0
1781259607	XAUUSD	M5	4225.92	4112.14993	4207.85000	4048.26272			4228.90084846	4230.09542006	1
1781259907	XAUUSD	M5	4223.82	4112.09975	4207.79982	4048.21254			4225.58549587	4227.84045796	0
1781260207	XAUUSD	M5	4222.45	4112.04956	4207.74964	4048.16236			4222.20189516	4225.02117656	0
1781260507	XAUUSD	M5	4216.09	4111.99938	4207.69946	4048.11217			4219.25541200	4222.13829428	0
1781260807	XAUUSD	M5	4216.80	4111.94920	4207.64928	4048.06199			4217.20197332	4219.67013380	0
1781261107	XAUUSD	M5	4216.63	4111.89902	4207.59910	4048.01181			4216.12827269	4217.89920324	0
1781261407	XAUUSD	M5	4216.64	4111.84884	4207.54891	4047.96163			4215.93254916	4216.91587620	0
1781261707	XAUUSD	M5	4219.28	4111.79865	4207.49873	4047.91145			4216.37454236	4216.64520928	0
1781262007	XAUUSD	M5	4219.33	4111.74847	4207.44855	4047.86126			4217.13313249	4216.88917089	1
1781262307	XAUUSD	M5	4216.29	4111.69829	4207.39837	4047.81108			4217.97640196	4217.43278642	0
1781262607	XAUUSD	M5	4219.85	4111.64811	4207.34819	4047.76090			4218.80981134	4218.12129888	0
1781262907	XAUUSD	M5	4219.16	4111.59793	4207.29800	4047.71072			4219.45951425	4218.79040657	0
1781263207	XAUUSD	M5	4217.27	4111.54775	4207.24782	4047.66054			4219.88477391	4219.33759024	0
1781263507	XAUUSD	M5	4216.87	4111.49756	4207.19764	4047.61035			4220.06338767	4219.70048895	0
1781263807	XAUUSD	M5	4216.42	4111.44738	4207.14746	4047.56017			4219.91576661	4219.80812778	0
1781264107	XAUUSD	M5	4223.84	4111.39720	4207.09728	4047.50999			4219.31719950	4219.56266364	1
1781264407	XAUUSD	M5	4220.39	4111.34702	4207.04709	4047.45981			4217.96864218	4218.76565291	0
1781264707	XAUUSD	M5	4221.43	4111.29684	4206.99691	4047.40963			4215.85734348	4217.31149819	0
1781265007	XAUUSD	M5	4214.81	4111.24665	4206.94673	4047.35944			4212.95115971	4215.13132895	0
1781265307	XAUUSD	M5	4203.54	4111.19647	4206.89655	4047.30926			4209.47136023	4212.30134459	0
1781265607	XAUUSD	M5	4201.96	4111.14629	4206.84637	4047.25908			4205.79332657	4209.04733558	0
1781265907	XAUUSD	M5	4200.88	4111.09611	4206.79618	4047.20890			4202.07296347	4205.56014953	0
1781266207	XAUUSD	M5	4208.28	4111.04593	4206.74600	4047.15872			4198.42072658	4201.99043805	0
1781266507	XAUUSD	M5	4185.07	4110.99574	4206.69582	4047.10854			4194.71136818	4198.35090312	0
1781266807	XAUUSD	M5	4193.19	4110.94556	4206.64564	4047.05835			4191.49521851	4194.92306081	0
1781267107	XAUUSD	M5	4186.98	4110.89538	4206.59546	4047.00817			4188.59666644	4191.75986363	0
1781267407	XAUUSD	M5	4189.29	4110.84520	4206.54528	4046.95799			4186.15158999	4188.95572681	0
1781267707	XAUUSD	M5	4189.49	4110.79502	4206.49509	4046.90781			4184.14123612	4186.54848146	0
1781268007	XAUUSD	M5	4181.08	4110.74483	4206.44491	4046.85763			4182.63742172	4184.59295159	0
1781268307	XAUUSD	M5	4179.96	4110.69465	4206.39473	4046.80744			4181.93334636	4183.26314897	0
1781268607	XAUUSD	M5	4179.15	4110.64447	4206.34455	4046.75726		4171.24000	4182.14570718	4182.70442808	0
1781268907	XAUUSD	M5	4179.27	4110.59429	4206.29437	4046.70708			4183.27778520	4182.99110664	1
1781269207	XAUUSD	M5	4191.42	4110.54411	4206.24418	4046.65690			4185.18527389	4184.08819027	0
1781269507	XAUUSD	M5	4186.37	4110.49393	4206.19400	4046.60672			4187.34135513	4185.71477270	0
1781269807	XAUUSD	M5	4186.75	4110.44374	4206.14382	4046.55653			4189.54254029	4187.62865649	0
1781270107	XAUUSD	M5	4191.14	4110.39356	4206.09364	4046.50635			4191.45043590	4189.53954620	0
1781270407	XAUUSD	M5	4197.35	4110.34338	4206.04346	4046.45617			4192.69148837	4191.11551729	0
1781270707	XAUUSD	M5	4193.93	4110.29320	4205.99327	4046.40599			4192.98154213	4192.04852971	0
1781271007	XAUUSD	M5	4192.78	4110.24302	4205.94309	4046.35581			4192.42319708	4192.23586340	0
1781271307	XAUUSD	M5	4191.27	4110.19283	4205.89291	4046.30562			4191.23479103	4191.73532721	1
1781271607	XAUUSD	M5	4188.66	4110.14265	4205.84273	4046.25544			4189.75101662	4190.74317191	0
1781271907	XAUUSD	M5	4183.07	4110.09247	4205.79255	4046.20526			4188.36256641	4189.55286916	0
1781272207	XAUUSD	M5	4188.97	4110.04229	4205.74236	4046.15508			4187.48652210	4188.51969563	0
1781272507	XAUUSD	M5	4186.14	4109.99211	4205.69218	4046.10490			4187.18205978	4187.85087771	0
1781272807	XAUUSD	M5	4190.62	4109.94192	4205.64200	4046.05472			4187.57992919	4187.71540345	0
1781273107	XAUUSD	M5	4188.90	4109.89174	4205.59182	4046.00453			4188.55029743	4188.13285044	1
1781273407	XAUUSD	M5	4191.58	4109.84156	4205.54164	4045.95435			4190.02237306	4189.07761175	0
1781273707	XAUUSD	M5	4192.08	4109.79138	4205.49146	4045.90417			4191.80705366	4190.44233270	0
1781274007	XAUUSD	M5	4192.72	4109.74120	4205.44127	4045.85399			4193.76385380	4192.10309325	0
1781274307	XAUUSD	M5	4194.01	4109.69101	4205.39109	4045.80381			4195.76651595	4193.93480460	0
1781274607	XAUUSD	M5	4196.24	4109.64083	4205.34091	4045.75362			4197.67553946	4195.80517203	0
1781274907	XAUUSD	M5	4197.63	4109.59065	4205.29073	4045.70344			4199.33222978	4197.56870091	0
1781275207	XAUUSD	M5	4203.50	4109.54047	4205.24055	4045.65326			4200.60647791	4199.08758941	0
1781275507	XAUUSD	M5	4203.86	4109.49029	4205.19036	4045.60308			4201.28324644	4200.18541792	0
1781275807	XAUUSD	M5	4202.13	4109.44011	4205.14018	4045.55290			4201.33629474	4200.76085633	0
1781276107	XAUUSD	M5	4199.23	4109.38992	4205.09000	4045.50271	4205.09000		4200.82543241	4200.79314437	0
1781276407	XAUUSD	M5	4197.43	4109.33974	4205.03982	4045.45253			4199.91034636	4200.35174536	1
1781276707	XAUUSD	M5	4200.59	4109.28956	4204.98964	4045.40235			4198.76560034	4199.55867285	0
1781277007	XAUUSD	M5	4197.00	4109.23938	4204.93945	4045.35217			4197.47826476	4198.51846881	0
1781277307	XAUUSD	M5	4197.21	4109.18920	4204.88927	4045.30199			4196.28674405	4197.40260643	0
1781277607	XAUUSD	M5	4196.35	4109.13901	4204.83909	4045.25180			4195.30372090	4196.35316366	0
1781277907	XAUUSD	M5	4194.32	4109.08883	4204.78891	4045.20162			4194.59616790	4195.47466578	0
1781278207	XAUUSD	M5	4192.11	4109.03865	4204.73873	4045.15144			4194.18346208	4194.82906393	0
1781278507	XAUUSD	M5	4193.15	4108.98847	4204.68854	4045.10126			4194.01071103	4194.41988748	0
1781278807	XAUUSD	M5	4192.74	4108.93829	4204.63836	4045.05108			4193.92463864	4194.17226306	0
1781279107	XAUUSD	M5	4195.74	4108.88810	4204.58818	4045.00090			4193.79485547	4193.98355926	0
1781279407	XAUUSD	M5	4195.38	4108.83792	4204.53800	4044.95071			4193.45921075	4193.72138501	0
1781279707	XAUUSD	M5	4193.50	4108.78774	4204.48782	4044.90053			4192.88309502	4193.30224001	0
1781280007	XAUUSD	M5	4191.07	4108.73756	4204.43764	4044.85035			4192.13475154	4192.71849577	0
1781280307	XAUUSD	M5	4192.44	4108.68738	4204.38745	4044.80017			4191.31570041	4192.01709809	0
1781280607	XAUUSD	M5	4190.09	4108.63719	4204.33727	4044.74999			4190.42669450	4191.22189630	0
1781280907	XAUUSD	M5	4188.10	4108.58701	4204.28709	4044.69980			4189.51868175	4190.37028902	0
1781281207	XAUUSD	M5	4185.29	4108.53683	4204.23691	4044.64962			4188.58256156	4189.47642529	0
1781281507	XAUUSD	M5	4188.81	4108.48665	4204.18673	4044.59944			4187.57103323	4188.52372926	0
1781281807	XAUUSD	M5	4186.06	4108.43647	4204.13654	4044.54926			4186.30158993	4187.41265960	0
1781282107	XAUUSD	M5	4187.09	4108.38629	4204.08636	4044.49908			4184.78674331	4186.09970145	0
1781282407	XAUUSD	M5	4187.11	4108.33610	4204.03618	4044.44889			4183.03550838	4184.56760492	0
1781282707	XAUUSD	M5	4180.40	4108.28592	4203.98600	4044.39871			4181.15038063	4182.85899277	0
1781283007	XAUUSD	M5	4174.99	4108.23574	4203.93582	4044.34853			4179.46887177	4181.16393227	0
1781283307	XAUUSD	M5	4180.37	4108.18556	4203.88563	4044.29835			4178.30587089	4179.73490158	0
1781283607	XAUUSD	M5	4179.09	4108.13538	4203.83545	4044.24817			4177.67565565	4178.70527862	0
1781283907	XAUUSD	M5	4175.31	4108.08519	4203.78527	4044.19798			4177.62904971	4178.16716416	0
1781284207	XAUUSD	M5	4173.40	4108.03501	4203.73509	4044.14780		4170.78000	4178.16902744	4178.16809580	1
1781284507	XAUUSD	M5	4181.28	4107.98483	4203.68491	4044.09762			4179.14300555	4178.65555068	0
1781284807	XAUUSD	M5	4181.83	4107.93465	4203.63472	4044.04744			4180.10282042	4179.37918555	0
1781285107	XAUUSD	M5	4182.93	4107.88447	4203.58454	4043.99726			4180.77828227	4180.07873391	0
1781285407	XAUUSD	M5	4180.68	4107.83428	4203.53436	4043.94708			4180.97934406	4180.52903898	0
1781285707	XAUUSD	M5	4180.37	4107.78410	4203.48418	4043.89689			4180.71404267	4180.62154083	0
1781286007	XAUUSD	M5	4182.10	4107.73392	4203.43400	4043.84671			4180.07407423	4180.34780753	1
1781286307	XAUUSD	M5	4177.50	4107.68374	4203.38382	4043.79653			4179.22254407	4179.78517580	0
1781286607	XAUUSD	M5	4177.97	4107.63356	4203.33363	4043.74635			4178.49850633	4179.14184106	0
1781286907	XAUUSD	M5	4176.49	4107.58337	4203.28345	4043.69617			4178.09148424	4178.61666265	0
1781287207	XAUUSD	M5	4176.39	4107.53319	4203.23327	4043.64598			4178.13080756	4178.37373511	0
1781287507	XAUUSD	M5	4178.48	4107.48301	4203.18309	4043.59580			4178.57487728	4178.47430619	1
1781287807	XAUUSD	M5	4184.20	4107.43283	4203.13291	4043.54562			4179.19753055	4178.83591837	0
1781288107	XAUUSD	M5	4178.35	4107.38265	4203.08272	4043.49544			4179.61782012	4179.22686925	0
1781288407	XAUUSD	M5	4180.60	4107.33247	4203.03254	4043.44526			4179.71354667	4179.47020796	0
1781288707	XAUUSD	M5	4178.24	4107.28228	4202.98236	4043.39507			4179.27987147	4179.37503971	1
1781289007	XAUUSD	M5	4177.36	4107.23210	4202.93218	4043.34489			4178.36205359	4178.86854665	0
1781289307	XAUUSD	M5	4178.19	4107.18192	4202.88200	4043.29471			4177.14943758	4178.00899212	0
1781289607	XAUUSD	M5	4174.07	4107.13174	4202.83181	4043.24453			4175.94597300	4176.97748256	0
1781289907	XAUUSD	M5	4173.88	4107.08156	4202.78163	4043.19435		4170.27000	4175.26987445	4176.12367850	0
1781290207	XAUUSD	M5	4178.58	4107.03137	4202.73145	4043.14416			4175.55704284	4175.84036067	0
1781290507	XAUUSD	M5	4183.10	4106.98119	4202.68127	4043.09398			4177.04957891	4176.44496979	1
1781290807	XAUUSD	M5	4175.14	4106.93101	4202.63109	4043.04380			4179.84616745	4178.14556862	0
1781291107	XAUUSD	M5	4175.63	4106.88083	4202.58090	4042.99362			4184.14266907	4181.14411885	0
1781291407	XAUUSD	M5	4193.89	4106.83065	4202.53072	4042.94344			4189.72942060	4185.43676972	0
1781291707	XAUUSD	M5	4197.91	4106.78046	4202.48054	4042.89326			4195.82710323	4190.63193647	0
1781292007	XAUUSD	M5	4201.94	4106.73028	4202.43036	4042.84307			4201.89743799	4196.26468723	0
1781292307	XAUUSD	M5	4203.73	4106.68010	4202.38018	4042.79289			4207.44216067	4201.85342395	0
1781292607	XAUUSD	M5	4217.95	4106.62992	4202.33000	4042.74271			4212.11886774	4206.98614585	0
1781292907	XAUUSD	M5	4218.09	4106.57974	4202.27981	4042.69253			4215.48867931	4211.23741258	0
1781293207	XAUUSD	M5	4213.23	4106.52955	4202.22963	4042.64235			4217.63577362	4214.43659310	0
1781293507	XAUUSD	M5	4218.40	4106.47937	4202.17945	4042.59216			4218.91705361	4216.67682335	0
1781293807	XAUUSD	M5	4221.42	4106.42919	4202.12927	4042.54198			4219.54092665	4218.10887500	0
1781294107	XAUUSD	M5	4218.37	4106.37901	4202.07909	4042.49180			4219.77208632	4218.94048066	0
1781294407	XAUUSD	M5	4218.54	4106.32883	4202.02890	4042.44162			4219.95567825	4219.44807946	0
1781294707	XAUUSD	M5	4221.71	4106.27865	4201.97872	4042.39144			4220.26667072	4219.85737509	0
1781295007	XAUUSD	M5	4219.59	4106.22846	4201.92854	4042.34125			4220.69436944	4220.27587226	0
1781295307	XAUUSD	M5	4221.55	4106.17828	4201.87836	4042.29107			4221.27153502	4220.77370364	0
1781295607	XAUUSD	M5	4222.58	4106.12810	4201.82818	4042.24089			4221.89757633	4221.33563998	0
1781295907	XAUUSD	M5	4224.25	4106.07792	4201.77799	4042.19071			4222.47888681	4221.90726340	0
1781296207	XAUUSD	M5	4223.55	4106.02774	4201.72781	4042.14053			4222.93594688	4222.42160514	0
1781296507	XAUUSD	M5	4222.32	4105.97755	4201.67763	4042.09034			4223.29243116	4222.85701815	0
1781296807	XAUUSD	M5	4220.94	4105.92737	4201.62745	4042.04016			4223.60888960	4223.23295387	0
1781297107	XAUUSD	M5	4225.82	4105.87719	4201.57727	4041.98998			4223.95497631	4223.59396509	0
1781297407	XAUUSD	M5	4223.41	4105.82701	4201.52708	4041.93980			4224.22917433	4223.91156971	0
1781297707	XAUUSD	M5	4225.36	4105.77683	4201.47690	4041.88962			4224.42971583	4224.17064277	0
1781298007	XAUUSD	M5	4223.89	4105.72664	4201.42672	4041.83943	4227.90000		4224.41084432	4224.29074355	0
1781298307	XAUUSD	M5	4223.49	4105.67646	4201.37654	4041.78925			4224.09040294	4224.19057324	1
1781298607	XAUUSD	M5	4221.95	4105.62628	4201.32636	4041.73907			4223.38493146	4223.78775235	0
1781298907	XAUUSD	M5	4222.18	4105.57610	4201.27618	4041.68889			4222.28949363	4223.03862299	0
1781299207	XAUUSD	M5	4224.67	4105.52592	4201.22599	4041.63871			4220.83145440	4221.93503870	0
1781299507	XAUUSD	M5	4221.64	4105.47573	4201.17581	4041.58853			4219.06999501	4220.50251686	0
1781299807	XAUUSD	M5	4217.82	4105.42555	4201.12563	4041.53834			4217.23928288	4218.87089987	0
1781300107	XAUUSD	M5	4213.50	4105.37537	4201.07545	4041.48816			4215.61789046	4217.24439517	0
1781300407	XAUUSD	M5	4206.87	4105.32519	4201.02527	4041.43798			4214.43647674	4215.84043595	0
1781300707	XAUUSD	M5	4214.77	4105.27501	4200.97508	4041.38780			4213.85086359	4214.84564977	0
1781301007	XAUUSD	M5	4215.57	4105.22483	4200.92490	4041.33762			4213.57343735	4214.20954356	0
1781301307	XAUUSD	M5	4215.40	4105.17464	4200.87472	4041.28743			4213.39065453	4213.80009905	0
1781301607	XAUUSD	M5	4215.52	4105.12446	4200.82454	4041.23725			4213.08568767	4213.44289336	0
1781301907	XAUUSD	M5	4213.21	4105.07428	4200.77436	4041.18707			4212.44598717	4212.94444026	0
1781302207	XAUUSD	M5	4210.97	4105.02410	4200.72417	4041.13689			4211.40911499	4212.17677763	0
1781302507	XAUUSD	M5	4206.10	4104.97392	4200.67399	4041.08671			4210.02394231	4211.10035997	0
1781302807	XAUUSD	M5	4207.67	4104.92373	4200.62381	4041.03652			4208.48985349	4209.79510673	0
1781303107	XAUUSD	M5	4207.46	4104.87355	4200.57363	4040.98634			4206.92317058	4208.35913865	0
1781303407	XAUUSD	M5	4206.00	4104.82337	4200.52345	4040.93616			4205.54449079	4206.95181472	0
1781303707	XAUUSD	M5	4209.68	4104.77319	4200.47326	4040.88598			4204.57606433	4205.76393953	0
1781304007	XAUUSD	M5	4202.51	4104.72301	4200.42308	4040.83580			4204.07383031	4204.91888492	0
1781304307	XAUUSD	M5	4199.71	4104.67282	4200.37290	4040.78561			4204.26685682	4204.59287087	0
1781304607	XAUUSD	M5	4202.45	4104.62264	4200.32272	4040.73543			4205.16850325	4204.88068706	1
1781304907	XAUUSD	M5	4209.66	4104.57246	4200.27254	4040.68525			4206.56571171	4205.72319939	0
1781305207	XAUUSD	M5	4210.17	4104.52228	4200.22236	4040.63507			4208.08068403	4206.90194171	0
1781305507	XAUUSD	M5	4214.87	4104.47210	4200.17217	4040.58489			4209.46217059	4208.18205615	0
1781305807	XAUUSD	M5	4206.94	4104.42191	4200.12199	4040.53471			4210.37894954	4209.28050284	0
1781306107	XAUUSD	M5	4206.04	4104.37173	4200.07181	4040.48452			4210.81348392	4210.04699338	0
1781306407	XAUUSD	M5	4207.75	4104.32155	4200.02163	4040.43434			4210.62972035	4210.33835686	0
1781306707	XAUUSD	M5	4214.26	4104.27137	4199.97145	4040.38416			4209.68522907	4210.01179297	1
1781307007	XAUUSD	M5	4211.72	4104.22119	4199.92126	4040.33398			4207.82324015	4208.91751656	0
1781307307	XAUUSD	M5	4203.64	4104.17101	4199.87108	4040.28380			4205.20580370	4207.06166013	0
1781307607	XAUUSD	M5	4201.12	4104.12082	4199.82090	4040.23361			4202.20986697	4204.63576355	0
1781307907	XAUUSD	M5	4199.80	4104.07064	4199.77072	4040.18343			4199.19868798	4201.91722576	0
1781308207	XAUUSD	M5	4192.75	4104.02046	4199.72054	4040.13325			4196.54354955	4199.23038765	0
1781308507	XAUUSD	M5	4196.81	4103.97028	4199.67035	4040.08307			4194.70981113	4196.97009939	0
1781308807	XAUUSD	M5	4197.06	4103.92010	4199.62017	4040.03289			4193.82402020	4195.39705980	0
1781309107	XAUUSD	M5	4193.69	4103.86991	4199.56999	4039.98270			4193.95866146	4194.67786063	0
1781309407	XAUUSD	M5	4191.72	4103.81973	4199.51981	4039.93252			4195.08453264	4194.88119664	1
1781309707	XAUUSD	M5	4197.05	4103.76955	4199.46963	4039.88234			4196.97891126	4195.93005395	0
1781310007	XAUUSD	M5	4199.87	4103.71937	4199.41944	4039.83216			4199.11422764	4197.52214080	0
1781310307	XAUUSD	M5	4198.43	4103.66919	4199.36926	4039.78198			4200.97985771	4199.25099925	0
1781310607	XAUUSD	M5	4202.48	4103.61900	4199.31908	4039.73179			4202.22628785	4200.73864355	0
1781310907	XAUUSD	M5	4203.90	4103.56882	4199.26890	4039.68161			4202.51782407	4201.62823381	0
1781311207	XAUUSD	M5	4202.97	4103.51864	4199.21872	4039.63143			4201.76413846	4201.69618614	0
1781311507	XAUUSD	M5	4198.98	4103.46846	4199.16854	4039.58125			4200.13902566	4200.91760590	1
1781311807	XAUUSD	M5	4207.43	4103.41828	4199.11835	4039.53107			4198.03847781	4199.47804185	0
1781312107	XAUUSD	M5	4190.97	4103.36809	4199.06817	4039.48089			4195.64265920	4197.56035053	0
1781312407	XAUUSD	M5	4190.82	4103.31791	4199.01799	4039.43070			4193.66240748	4195.61137900	0
1781312707	XAUUSD	M5	4189.48	4103.26773	4198.96781	4039.38052			4192.31873014	4193.96505457	0
1781313007	XAUUSD	M5	4186.13	4103.21755	4198.91763	4039.33034			4191.66621284	4192.81563371	0
1781313307	XAUUSD	M5	4194.39	4103.16737	4198.86744	4039.28016			4191.61475248	4192.21519309	0
1781313607	XAUUSD	M5	4198.31	4103.11719	4198.81726	4039.22998			4191.67505859	4191.94512584	0
1781313907	XAUUSD	M5	4193.28	4103.06700	4198.76708	4039.17979			4191.44271846	4191.69392215	0
1781314207	XAUUSD	M5	4190.19	4103.01682	4198.71690	4039.12961			4190.82557836	4191.25975025	0
1781314507	XAUUSD	M5	4187.32	4102.96664	4198.66672	4039.07943			4189.87668465	4190.56821745	0
1781314807	XAUUSD	M5	4188.55	4102.91646	4198.61653	4039.02925			4188.84330274	4189.70576009	0
1781315107	XAUUSD	M5	4186.85	4102.86628	4198.56635	4038.97907			4188.06401905	4188.88488957	0
1781315407	XAUUSD	M5	4191.99	4102.81609	4198.51617	4038.92888			4188.02448590	4188.45468774	0
1781315707	XAUUSD	M5	4184.57	4102.76591	4198.46599	4038.87870			4189.04224264	4188.74846519	1
1781316007	XAUUSD	M5	4182.99	4102.71573	4198.41581	4038.82852		4177.33000	4191.58014334	4190.16430426	0
1781316307	XAUUSD	M5	4207.59	4102.66555	4198.36562	4038.77834			4195.73321316	4192.94875871	0
1781316607	XAUUSD	M5	4203.99	4102.61537	4198.31544	4038.72816			4200.73498591	4196.84187231	0
1781316907	XAUUSD	M5	4203.36	4102.56518	4198.26526	4038.67797			4206.23203634	4201.53695433	0
1781317207	XAUUSD	M5	4208.67	4102.51500	4198.21508	4038.62779			4211.67367996	4206.60531714	0
1781317507	XAUUSD	M5	4214.07	4102.46482	4198.16490	4038.57761			4216.36172911	4211.48352313	0
1781317807	XAUUSD	M5	4215.11	4102.41464	4198.11472	4038.52743			4219.68801293	4215.58576803	0
1781318107	XAUUSD	M5	4228.06	4102.36446	4198.06453	4038.47725			4221.37390254	4218.47983528	0
1781318407	XAUUSD	M5	4225.83	4102.31427	4198.01435	4038.42707	4235.46000		4221.17878283	4219.82930905	0
1781318707	XAUUSD	M5	4219.28	4102.26409	4197.96417	4038.37688			4219.51023677	4219.66977291	1
1781319007	XAUUSD	M5	4218.89	4102.21391	4197.91399	4038.32670			4217.09417882	4218.38197587	0
1781319307	XAUUSD	M5	4211.13	4102.16373	4197.86381	4038.27652			4214.59817598	4216.49007592	0
1781319607	XAUUSD	M5	4207.79	4102.11355	4197.81362	4038.22634			4212.77040572	4214.63024082	0
1781319907	XAUUSD	M5	4215.63	4102.06337	4197.76344	4038.17616			4212.04491683	4213.33757883	0
1781320207	XAUUSD	M5	4212.13	4102.01318	4197.71326	4038.12597			4212.33251842	4212.83504862	0
1781320507	XAUUSD	M5	4209.66	4101.96300	4197.66308	4038.07579			4213.53989997	4213.18747430	1
1781320807	XAUUSD	M5	4213.35	4101.91282	4197.61290	4038.02561			4215.35570910	4214.27159170	0
1781321107	XAUUSD	M5	4221.70	4101.86264	4197.56271	4037.97543			4217.22999497	4215.75079334	0
1781321407	XAUUSD	M5	4223.85	4101.81246	4197.51253	4037.92525			4218.56844938	4217.15962136	0
1781321707	XAUUSD	M5	4218.42	4101.76227	4197.46235	4037.87506			4219.07331873	4218.11647005	0
1781322007	XAUUSD	M5	4216.99	4101.71209	4197.41217	4037.82488			4218.83192425	4218.47419715	0
1781322307	XAUUSD	M5	4217.93	4101.66191	4197.36199	4037.77470			4218.04445855	4218.25932785	1
1781322607	XAUUSD	M5	4217.01	4101.61173	4197.31180	4037.72452			4216.96959848	4217.61446317	0
1781322907	XAUUSD	M5	4213.31	4101.56155	4197.26162	4037.67434			4215.95896351	4216.78671334	0
1781323207	XAUUSD	M5	4213.49	4101.51136	4197.21144	4037.62415			4215.38591226	4216.08631280	0
1781323507	XAUUSD	M5	4215.38	4101.46118	4197.16126	4037.57397			4215.41322784	4215.74977032	0
1781323807	XAUUSD	M5	4216.46	4101.41100	4197.11108	4037.52379			4216.01216280	4215.88096656	1
1781324107	XAUUSD	M5	4220.50	4101.36082	4197.06090	4037.47361			4217.02854417	4216.45475537	0
1781324407	XAUUSD	M5	4220.71	4101.31064	4197.01071	4037.42343			4218.16509013	4217.30992275	0
1781324707	XAUUSD	M5	4218.42	4101.26045	4196.96053	4037.37325			4219.19046066	4218.25019170	0
1781325007	XAUUSD	M5	4217.86	4101.21027	4196.91035	4037.32306			4219.99439080	4219.12229125	0
1781325307	XAUUSD	M5	4221.04	4101.16009	4196.86017	4037.27288			4220.50459458	4219.81344291	0
1781325607	XAUUSD	M5	4218.86	4101.10991	4196.80999	4037.22270			4220.64371576	4220.22857934	0
1781325907	XAUUSD	M5	4220.00	4101.05973	4196.75980	4037.17252			4220.57240520	4220.40049227	0
1781326207	XAUUSD	M5	4218.48	4101.00955	4196.70962	4037.12234			4220.43637124	4220.41843175	0
1781326507	XAUUSD	M5	4222.36	4100.95936	4196.65944	4037.07215			4220.44595770	4220.43219473	0
1781326807	XAUUSD	M5	4223.31	4100.90918	4196.60926	4037.02197			4220.65898567	4220.54559020	0
1781327107	XAUUSD	M5	4223.56	4100.85900	4196.55908	4036.97179			4221.14721196	4220.84640108	0
1781327407	XAUUSD	M5	4221.31	4100.80882	4196.50889	4036.92161			4221.92543773	4221.38591941	0
1781327707	XAUUSD	M5	4219.74	4100.75864	4196.45871	4036.87143			4223.01287216	4222.19939579	0
1781328007	XAUUSD	M5	4220.71	4100.70845	4196.40853	4036.82124			4224.35106173	4223.27522876	0
1781328307	XAUUSD	M5	4227.04	4100.65827	4196.35835	4036.77106			4225.76168206	4224.51845541	0
1781328607	XAUUSD	M5	4229.40	4100.60809	4196.30817	4036.72088			4226.93212254	4225.72528897	0
1781328907	XAUUSD	M5	4229.03	4100.55791	4196.25798	4036.67070	4235.34000		4227.65610025	4226.69069461	0
1781329207	XAUUSD	M5	4226.53	4100.50773	4196.20780	4036.62052			4227.83803217	4227.26436339	0
1781329507	XAUUSD	M5	4227.34	4100.45754	4196.15762	4036.57033			4227.51152093	4227.38794216	0
1781329807	XAUUSD	M5	4226.39	4100.40736	4196.10744	4036.52015			4226.74972979	4227.06883597	1
1781330107	XAUUSD	M5	4229.29	4100.35718	4196.05726	4036.46997			4225.56957365	4226.31920481	0
1781330407	XAUUSD	M5	4222.90	4100.30700	4196.00708	4036.41979			4224.00262477	4225.16091479	0
1781330707	XAUUSD	M5	4221.94	4100.25682	4195.95689	4036.36961			4222.21072873	4223.68582176	0
1781331007	XAUUSD	M5	4215.52	4100.20663	4195.90671	4036.31943			4220.28819646	4221.98700911	0
1781331307	XAUUSD	M5	4217.64	4100.15645	4195.85653	4036.26924			4218.37017386	4220.17859148	0
1781331607	XAUUSD	M5	4217.63	4100.10627	4195.80635	4036.21906			4216.43993321	4218.30926235	0
1781331907	XAUUSD	M5	4217.59	4100.05609	4195.75617	4036.16888			4214.48800391	4216.39863313	0
1781332207	XAUUSD	M5	4215.06	4100.00591	4195.70598	4036.11870			4212.51311748	4214.45587530	0
1781332507	XAUUSD	M5	4210.40	4099.95573	4195.65580	4036.06852			4210.57686748	4212.51637139	0
1781332807	XAUUSD	M5	4208.53	4099.90554	4195.60562	4036.01833			4208.81963098	4210.66800119	0
1781333107	XAUUSD	M5	4204.35	4099.85536	4195.55544	4035.96815			4207.37559475	4209.02179797	0
1781333407	XAUUSD	M5	4205.36	4099.80518	4195.50526	4035.91797			4206.43360517	4207.72770157	0
1781333707	XAUUSD	M5	4205.22	4099.75500	4195.45507	4035.86779			4206.07465542	4206.90117849	0
1781334007	XAUUSD	M5	4207.12	4099.70482	4195.40489	4035.81761			4206.35420001	4206.62768925	0
1781334307	XAUUSD	M5	4206.81	4099.65463	4195.35471	4035.76742			4207.20483870	4206.91626397	1
1781334607	XAUUSD	M5	4210.77	4099.60445	4195.30453	4035.71724			4208.52307288	4207.71966843	0
1781334907	XAUUSD	M5	4210.94	4099.55427	4195.25435	4035.66706			4210.04768049	4208.88367446	0
1781335207	XAUUSD	M5	4211.15	4099.50409	4195.20416	4035.61688			4211.57690989	4210.23029218	0
1781335507	XAUUSD	M5	4212.56	4099.45391	4195.15398	4035.56670			4212.93984228	4211.58506723	0
1781335807	XAUUSD	M5	4214.40	4099.40372	4195.10380	4035.51651			4213.96923881	4212.77715302	0
1781336107	XAUUSD	M5	4214.30	4099.35354	4195.05362	4035.46633			4214.55639546	4213.66677424	0
1781336407	XAUUSD	M5	4214.43	4099.30336	4195.00344	4035.41615			4214.74734777	4214.20706100	0
1781336707	XAUUSD	M5	4213.74	4099.25318	4194.95326	4035.36597			4214.66482888	4214.43594494	0
1781337007	XAUUSD	M5	4214.06	4099.20300	4194.90307	4035.31579			4214.52154415	4214.47874455	0
1781337307	XAUUSD	M5	4213.73	4099.15281	4194.85289	4035.26561			4214.47705284	4214.47789870	1
1781337607	XAUUSD	M5	4215.05	4099.10263	4194.80271	4035.21542			4214.69636850	4214.58713360	1
1781337907	XAUUSD	M5	4216.90	4099.05245	4194.75253	4035.16524			4215.21096913	4214.89905136	0
1781338207	XAUUSD	M5	4218.91	4099.00227	4194.70235	4035.11506			4215.97371183	4215.43638160	0
