Non_A_timestamp	Non_A_symbol	Non_A_timeframe	Non_A_close	Non_A_Base_FL	Non_A_UOEDT	Non_A_LOEDT	Non_A_horiz_high_map	Non_A_horiz_low_map	Non_A_ssa	Non_A_ema_ssa	Non_A_crossing
1780029937	XAUUSD	M5	4500.90						4510.79693	4510.79693	0
1780030237	XAUUSD	M5	4508.78						4512.24832	4511.52263	1
1780030537	XAUUSD	M5	4515.01						4512.45454	4511.98858	0
1780030837	XAUUSD	M5	4518.56				4520.75000		4511.53514	4511.76186	1
1780031137	XAUUSD	M5	4512.77						4509.83487	4510.79836	0
1780031437	XAUUSD	M5	4505.50						4508.16229	4509.48033	0
1780031737	XAUUSD	M5	4504.25						4507.01138	4508.24585	0
1780032037	XAUUSD	M5	4507.06						4506.37242	4507.30914	0
1780032337	XAUUSD	M5	4506.37						4506.03967	4506.67440	0
1780032637	XAUUSD	M5	4502.10						4505.95463	4506.31452	0
1780032937	XAUUSD	M5	4506.03						4506.12867	4506.22160	0
1780033237	XAUUSD	M5	4506.47						4506.29308	4506.25734	1
1780033537	XAUUSD	M5	4510.81						4506.36535	4506.31135	0
1780033837	XAUUSD	M5	4505.80						4506.22297	4506.26716	1
1780034137	XAUUSD	M5	4506.83						4506.02600	4506.14658	0
1780034437	XAUUSD	M5	4505.83						4505.79473	4505.97065	0
1780034737	XAUUSD	M5	4504.64						4505.59102	4505.78084	0
1780035037	XAUUSD	M5	4502.98						4505.43969	4505.61026	0
1780035337	XAUUSD	M5	4504.00						4505.31608	4505.46317	0
1780035637	XAUUSD	M5	4506.21						4505.12401	4505.29359	0
1780035937	XAUUSD	M5	4505.00						4504.73329	4505.01344	0
1780036237	XAUUSD	M5	4506.39						4504.08842	4504.55093	0
1780036537	XAUUSD	M5	4503.31						4503.14033	4503.84563	0
1780036837	XAUUSD	M5	4501.72						4501.96622	4502.90593	0
1780037137	XAUUSD	M5	4501.64						4500.66578	4501.78585	0
1780037437	XAUUSD	M5	4498.22						4499.35521	4500.57053	0
1780037737	XAUUSD	M5	4496.29						4498.20743	4499.38898	0
1780038037	XAUUSD	M5	4496.51						4497.34451	4498.36674	0
1780038337	XAUUSD	M5	4498.38						4496.82608	4497.59641	0
1780038637	XAUUSD	M5	4496.95						4496.64045	4497.11843	0
1780038937	XAUUSD	M5	4497.40						4496.81276	4496.96560	0
1780039237	XAUUSD	M5	4496.27					4494.93000	4497.30215	4497.13387	1
1780039537	XAUUSD	M5	4498.26						4498.07462	4497.60425	0
1780039837	XAUUSD	M5	4499.93						4499.02536	4498.31480	0
1780040137	XAUUSD	M5	4499.79						4500.07983	4499.19732	0
1780040437	XAUUSD	M5	4501.44						4501.22075	4500.20904	0
1780040737	XAUUSD	M5	4502.66						4502.41121	4501.31012	0
1780041037	XAUUSD	M5	4503.27						4503.61825	4502.46419	0
1780041337	XAUUSD	M5	4502.39						4504.81993	4503.64206	0
1780041637	XAUUSD	M5	4504.67						4506.02450	4504.83328	0
1780041937	XAUUSD	M5	4510.57						4507.17079	4506.00204	0
1780042237	XAUUSD	M5	4509.10						4508.11665	4507.05934	0
1780042537	XAUUSD	M5	4508.89						4508.91529	4507.98732	0
1780042837	XAUUSD	M5	4509.76						4509.61249	4508.79990	0
1780043137	XAUUSD	M5	4510.60						4510.23244	4509.51617	0
1780043437	XAUUSD	M5	4509.31						4510.77347	4510.14482	0
1780043737	XAUUSD	M5	4509.36						4511.24458	4510.69470	0
1780044037	XAUUSD	M5	4514.16						4511.58723	4511.14097	0
1780044337	XAUUSD	M5	4509.71						4511.61331	4511.37714	0
1780044637	XAUUSD	M5	4510.09						4511.35434	4511.36574	1
1780044937	XAUUSD	M5	4511.97						4510.79245	4511.07909	0
1780045237	XAUUSD	M5	4511.84						4509.95740	4510.51825	0
1780045537	XAUUSD	M5	4509.89						4509.00967	4509.76396	0
1780045837	XAUUSD	M5	4510.15						4508.21116	4508.98756	0
1780046137	XAUUSD	M5	4508.44						4507.77104	4508.37930	0
1780046437	XAUUSD	M5	4503.72						4507.88695	4508.13312	0
1780046737	XAUUSD	M5	4506.80						4508.71034	4508.42173	1
1780047037	XAUUSD	M5	4505.97						4510.07468	4509.24821	0
1780047337	XAUUSD	M5	4514.98						4511.78399	4510.51610	0
1780047637	XAUUSD	M5	4514.93						4513.37173	4511.94391	0
1780047937	XAUUSD	M5	4519.16						4514.62284	4513.28338	0
1780048237	XAUUSD	M5	4514.48						4515.34769	4514.31554	0
1780048537	XAUUSD	M5	4515.75						4515.70185	4515.00869	0
1780048837	XAUUSD	M5	4511.42						4515.82287	4515.41578	0
1780049137	XAUUSD	M5	4518.71						4516.02766	4515.72172	0
1780049437	XAUUSD	M5	4516.61						4516.34141	4516.03157	0
1780049737	XAUUSD	M5	4517.76						4516.90893	4516.47025	0
1780050037	XAUUSD	M5	4515.02						4517.67715	4517.07370	0
1780050337	XAUUSD	M5	4516.65						4518.56158	4517.81764	0
1780050637	XAUUSD	M5	4517.66						4519.31177	4518.56471	0
1780050937	XAUUSD	M5	4522.00						4519.70422	4519.13446	0
1780051237	XAUUSD	M5	4523.69						4519.53775	4519.33610	0
1780051537	XAUUSD	M5	4519.41						4518.82037	4519.07824	1
1780051837	XAUUSD	M5	4519.17						4517.85319	4518.46571	0
1780052137	XAUUSD	M5	4516.34						4516.94170	4517.70371	0
1780052437	XAUUSD	M5	4515.66						4516.45035	4517.07703	0
1780052737	XAUUSD	M5	4511.87						4516.60642	4516.84172	0
1780053037	XAUUSD	M5	4514.03						4517.55008	4517.19590	1
1780053337	XAUUSD	M5	4520.74						4519.09164	4518.14377	0
1780053637	XAUUSD	M5	4522.55						4520.79612	4519.46995	0
1780053937	XAUUSD	M5	4525.35						4522.26200	4520.86598	0
1780054237	XAUUSD	M5	4524.22						4523.09797	4521.98197	0
1780054537	XAUUSD	M5	4523.23						4523.12734	4522.55466	0
1780054837	XAUUSD	M5	4524.76						4522.33495	4522.44480	1
1780055137	XAUUSD	M5	4519.18						4520.80963	4521.62722	0
1780055437	XAUUSD	M5	4515.98						4518.91656	4520.27189	0
1780055737	XAUUSD	M5	4515.16						4517.01981	4518.64585	0
1780056037	XAUUSD	M5	4513.11						4515.39619	4517.02102	0
1780056337	XAUUSD	M5	4515.34						4514.26177	4515.64140	0
1780056637	XAUUSD	M5	4517.09						4513.62070	4514.63105	0
1780056937	XAUUSD	M5	4514.92						4513.40780	4514.01942	0
1780057237	XAUUSD	M5	4515.06						4513.59974	4513.80958	0
1780057537	XAUUSD	M5	4515.06						4514.12329	4513.96643	1
1780057837	XAUUSD	M5	4511.28						4514.92456	4514.44550	0
1780058137	XAUUSD	M5	4513.87					4510.03000	4516.07656	4515.26103	0
1780058437	XAUUSD	M5	4514.88						4517.52912	4516.39508	0
1780058737	XAUUSD	M5	4518.89						4519.29287	4517.84397	0
1780059037	XAUUSD	M5	4523.86						4521.29707	4519.57052	0
1780059337	XAUUSD	M5	4528.97						4523.42117	4521.49585	0
1780059637	XAUUSD	M5	4527.92						4525.49938	4523.49761	0
1780059937	XAUUSD	M5	4522.69						4527.47400	4525.48581	0
1780060237	XAUUSD	M5	4528.85						4529.33682	4527.41131	0
1780060537	XAUUSD	M5	4528.60						4530.80414	4529.10772	0
1780060837	XAUUSD	M5	4528.82						4531.76733	4530.43753	0
1780061137	XAUUSD	M5	4532.38						4532.14585	4531.29169	0
1780061437	XAUUSD	M5	4537.20						4531.87196	4531.58182	0
1780061737	XAUUSD	M5	4532.70						4530.95586	4531.26884	1
1780062037	XAUUSD	M5	4531.09						4529.73859	4530.50372	0
1780062337	XAUUSD	M5	4526.02						4528.55839	4529.53106	0
1780062637	XAUUSD	M5	4526.45						4527.83699	4528.68402	0
1780062937	XAUUSD	M5	4528.54						4527.81057	4528.24730	0
1780063237	XAUUSD	M5	4526.76						4528.56247	4528.40488	1
1780063537	XAUUSD	M5	4527.61						4530.11437	4529.25963	0
1780063837	XAUUSD	M5	4530.50						4532.27424	4530.76693	0
1780064137	XAUUSD	M5	4538.80						4534.68001	4532.72347	0
1780064437	XAUUSD	M5	4541.41				4543.31000		4536.80481	4534.76414	0
1780064737	XAUUSD	M5	4537.92						4538.27971	4536.52193	0
1780065037	XAUUSD	M5	4537.13						4538.97240	4537.74716	0
1780065337	XAUUSD	M5	4536.97						4538.81360	4538.28038	0
1780065637	XAUUSD	M5	4538.58						4537.84255	4538.06147	1
1780065937	XAUUSD	M5	4535.93						4536.18116	4537.12132	0
1780066237	XAUUSD	M5	4532.53						4534.14586	4535.63359	0
1780066537	XAUUSD	M5	4532.46						4532.09993	4533.86676	0
1780066837	XAUUSD	M5	4531.67						4530.32494	4532.09585	0
1780067137	XAUUSD	M5	4531.26						4529.06210	4530.57897	0
1780067437	XAUUSD	M5	4528.10						4528.44826	4529.51362	0
1780067737	XAUUSD	M5	4527.14						4528.57743	4529.04552	0
1780068037	XAUUSD	M5	4528.41						4529.35905	4529.20229	1
1780068337	XAUUSD	M5	4531.07						4530.54973	4529.87601	0
1780068637	XAUUSD	M5	4529.28						4531.80892	4530.84246	0
1780068937	XAUUSD	M5	4533.80						4532.86577	4531.85412	0
1780069237	XAUUSD	M5	4538.36						4533.32392	4532.58902	0
1780069537	XAUUSD	M5	4529.43						4532.84387	4532.71645	0
1780069837	XAUUSD	M5	4530.22						4531.51136	4532.11390	1
1780070137	XAUUSD	M5	4528.39						4529.35118	4530.73254	0
1780070437	XAUUSD	M5	4529.83						4526.58063	4528.65659	0
1780070737	XAUUSD	M5	4523.53						4523.48034	4526.06846	0
1780071037	XAUUSD	M5	4522.39						4520.57220	4523.32033	0
1780071337	XAUUSD	M5	4517.10						4518.25835	4520.78934	0
1780071637	XAUUSD	M5	4517.27						4516.93009	4518.85971	0
1780071937	XAUUSD	M5	4514.13					4512.71000	4516.68479	4517.77225	0
1780072237	XAUUSD	M5	4515.41						4517.49912	4517.63568	0
1780072537	XAUUSD	M5	4518.58						4519.07673	4518.35621	1
1780072837	XAUUSD	M5	4523.03						4520.96895	4519.66258	0
1780073137	XAUUSD	M5	4524.27						4522.69698	4521.17978	0
1780073437	XAUUSD	M5	4525.73						4523.95601	4522.56790	0
1780073737	XAUUSD	M5	4522.89						4524.64534	4523.60662	0
1780074037	XAUUSD	M5	4522.68						4524.99010	4524.29836	0
1780074337	XAUUSD	M5	4526.25						4525.33102	4524.81469	0
1780074637	XAUUSD	M5	4528.06						4526.00697	4525.41083	0
1780074937	XAUUSD	M5	4525.27						4527.36675	4526.38879	0
1780075237	XAUUSD	M5	4531.73						4529.71692	4528.05285	0
1780075537	XAUUSD	M5	4533.05						4532.90606	4530.47946	0
1780075837	XAUUSD	M5	4535.99						4536.61017	4533.54481	0
1780076137	XAUUSD	M5	4538.56						4540.23724	4536.89103	0
1780076437	XAUUSD	M5	4536.80						4543.09707	4539.99405	0
1780076737	XAUUSD	M5	4548.02						4544.65606	4542.32505	0
1780077037	XAUUSD	M5	4551.21						4544.31994	4543.32250	0
1780077337	XAUUSD	M5	4543.88						4542.07050	4542.69650	1
1780077637	XAUUSD	M5	4537.72						4538.58612	4540.64131	0
1780077937	XAUUSD	M5	4531.31						4534.90446	4537.77288	0
1780078237	XAUUSD	M5	4529.84						4532.24643	4535.00966	0
1780078537	XAUUSD	M5	4536.21						4531.66639	4533.33802	0
1780078837	XAUUSD	M5	4531.89						4533.77311	4533.55557	1
1780079137	XAUUSD	M5	4540.30						4538.94205	4536.24881	0
1780079437	XAUUSD	M5	4539.79						4546.73654	4541.49267	0
1780079737	XAUUSD	M5	4557.00						4556.42168	4548.95718	0
1780080037	XAUUSD	M5	4564.28						4566.54199	4557.74959	0
1780080337	XAUUSD	M5	4578.41						4575.77685	4566.76322	0
1780080637	XAUUSD	M5	4588.06						4582.83095	4574.79708	0
1780080937	XAUUSD	M5	4590.10				4595.19000		4586.89842	4580.84775	0
1780081237	XAUUSD	M5	4588.60						4587.85213	4584.34994	0
1780081537	XAUUSD	M5	4585.01						4586.11423	4585.23209	0
1780081837	XAUUSD	M5	4578.66						4582.50284	4583.86746	1
1780082137	XAUUSD	M5	4578.28						4578.04370	4580.95558	0
1780082437	XAUUSD	M5	4573.01						4573.57315	4577.26437	0
1780082737	XAUUSD	M5	4566.64						4569.82701	4573.54569	0
1780083037	XAUUSD	M5	4564.98						4567.26711	4570.40640	0
1780083337	XAUUSD	M5	4568.99						4565.93402	4568.17021	0
1780083637	XAUUSD	M5	4571.07						4565.49908	4566.83465	0
1780083937	XAUUSD	M5	4567.98						4565.56612	4566.20038	0
1780084237	XAUUSD	M5	4564.30						4565.86772	4566.03405	0
1780084537	XAUUSD	M5	4563.71						4566.22947	4566.13176	1
1780084837	XAUUSD	M5	4565.39						4566.52684	4566.32930	0
1780085137	XAUUSD	M5	4564.25						4566.68990	4566.50960	0
1780085437	XAUUSD	M5	4563.06						4566.77756	4566.64358	0
1780085737	XAUUSD	M5	4569.01						4566.88068	4566.76213	0
1780086037	XAUUSD	M5	4572.02						4566.90732	4566.83473	0
1780086337	XAUUSD	M5	4569.56						4566.82174	4566.82823	1
1780086637	XAUUSD	M5	4564.81						4566.70868	4566.76846	0
1780086937	XAUUSD	M5	4565.36						4566.67636	4566.72241	0
1780087237	XAUUSD	M5	4566.86						4566.67657	4566.69949	0
1780087537	XAUUSD	M5	4564.42						4566.59780	4566.64865	0
1780087837	XAUUSD	M5	4567.35						4566.38784	4566.51824	0
1780088137	XAUUSD	M5	4564.43						4565.87676	4566.19750	0
1780088437	XAUUSD	M5	4565.60						4565.02984	4565.61367	0
1780088737	XAUUSD	M5	4565.55						4563.77269	4564.69318	0
1780089037	XAUUSD	M5	4561.95						4562.10830	4563.40074	0
1780089337	XAUUSD	M5	4561.36						4560.20854	4561.80464	0
1780089637	XAUUSD	M5	4558.72						4558.24715	4560.02589	0
1780089937	XAUUSD	M5	4554.11						4556.49328	4558.25959	0
1780090237	XAUUSD	M5	4555.94						4555.26295	4556.76127	0
1780090537	XAUUSD	M5	4553.51						4554.67580	4555.71853	0
1780090837	XAUUSD	M5	4553.44						4554.83811	4555.27832	0
1780091137	XAUUSD	M5	4557.28						4555.67157	4555.47494	1
1780091437	XAUUSD	M5	4557.93						4556.87634	4556.17564	0
1780091737	XAUUSD	M5	4558.14						4558.15161	4557.16362	0
1780092037	XAUUSD	M5	4558.65						4559.19713	4558.18037	0
1780092337	XAUUSD	M5	4558.59						4559.76500	4558.97269	0
1780092637	XAUUSD	M5	4559.28						4559.73434	4559.35351	0
1780092937	XAUUSD	M5	4560.86						4559.11475	4559.23413	1
1780093237	XAUUSD	M5	4560.13						4558.05814	4558.64614	0
1780093537	XAUUSD	M5	4557.96						4556.83412	4557.74013	0
1780093837	XAUUSD	M5	4553.06						4555.75294	4556.74654	0
1780094137	XAUUSD	M5	4554.26						4555.12902	4555.93778	0
1780094437	XAUUSD	M5	4553.10						4555.02674	4555.48226	0
1780094737	XAUUSD	M5	4554.50						4555.41742	4555.44984	0
1780095037	XAUUSD	M5	4558.42						4556.08010	4555.76497	1
1780095337	XAUUSD	M5	4558.26						4556.67389	4556.21943	0
1780095637	XAUUSD	M5	4557.74						4556.94362	4556.58153	0
1780095937	XAUUSD	M5	4556.42						4556.70087	4556.64120	0
1780096237	XAUUSD	M5	4555.30						4555.87308	4556.25714	1
1780096537	XAUUSD	M5	4553.57						4554.49193	4555.37453	0
1780096837	XAUUSD	M5	4552.54						4552.70569	4554.04011	0
1780097137	XAUUSD	M5	4551.53						4550.71891	4552.37951	0
1780097437	XAUUSD	M5	4548.69						4548.77496	4550.57723	0
1780097737	XAUUSD	M5	4546.51						4547.13814	4548.85769	0
1780098037	XAUUSD	M5	4545.67						4545.99478	4547.42624	0
1780098337	XAUUSD	M5	4544.51						4545.40490	4546.41557	0
1780098637	XAUUSD	M5	4545.84						4545.33083	4545.87320	0
1780098937	XAUUSD	M5	4548.83						4545.57409	4545.72365	0
1780099237	XAUUSD	M5	4545.92						4545.83486	4545.77925	1
1780099537	XAUUSD	M5	4545.13						4545.92362	4545.85144	0
1780099837	XAUUSD	M5	4542.78						4545.63156	4545.74150	1
1780100137	XAUUSD	M5	4543.36						4544.85740	4545.29945	0
1780100437	XAUUSD	M5	4543.01						4543.51482	4544.40713	0
1780100737	XAUUSD	M5	4543.77						4541.65649	4543.03181	0
1780101037	XAUUSD	M5	4541.99						4539.40637	4541.21909	0
1780101337	XAUUSD	M5	4539.90						4537.01657	4539.11783	0
1780101637	XAUUSD	M5	4540.62						4534.76708	4536.94246	0
1780278337	XAUUSD	M5	4520.88					4518.31000	4532.84935	4534.89590	0
1780278637	XAUUSD	M5	4526.05						4531.83878	4533.36734	0
1780278937	XAUUSD	M5	4534.73						4531.62144	4532.49439	0
1780279237	XAUUSD	M5	4536.50						4531.88877	4532.19158	0
1780279537	XAUUSD	M5	4533.28						4532.43056	4532.31107	1
1780279837	XAUUSD	M5	4533.17						4533.15626	4532.73366	0
1780280137	XAUUSD	M5	4535.66						4533.94751	4533.34059	0
1780280437	XAUUSD	M5	4531.95						4534.69628	4534.01843	0
1780280737	XAUUSD	M5	4535.54						4535.49520	4534.75681	0
1780281037	XAUUSD	M5	4538.24						4536.30575	4535.53128	0
1780281337	XAUUSD	M5	4534.93						4537.12892	4536.33010	0
1780281637	XAUUSD	M5	4535.26						4538.07940	4537.20475	0
1780281937	XAUUSD	M5	4539.79						4539.15004	4538.17739	0
1780282237	XAUUSD	M5	4541.57						4540.18468	4539.18104	0
1780282537	XAUUSD	M5	4542.59						4541.07285	4540.12694	0
1780282837	XAUUSD	M5	4542.13						4541.72735	4540.92715	0
1780283137	XAUUSD	M5	4542.06						4542.13654	4541.53184	0
1780283437	XAUUSD	M5	4544.97						4542.31667	4541.92426	0
1780283737	XAUUSD	M5	4539.25						4542.25745	4542.09085	0
1780284037	XAUUSD	M5	4540.68						4542.15820	4542.12453	0
1780284337	XAUUSD	M5	4541.86						4542.04383	4542.08418	1
1780284637	XAUUSD	M5	4541.03						4541.91945	4542.00182	0
1780284937	XAUUSD	M5	4544.28						4541.81589	4541.90885	0
1780285237	XAUUSD	M5	4539.57						4541.64957	4541.77921	0
1780285537	XAUUSD	M5	4544.93				4546.08000		4541.50881	4541.64401	0
1780285837	XAUUSD	M5	4540.84						4541.25772	4541.45086	0
1780286137	XAUUSD	M5	4540.86						4540.98228	4541.21657	0
1780286437	XAUUSD	M5	4538.46						4540.69094	4540.95375	0
1780286737	XAUUSD	M5	4540.85						4540.43890	4540.69633	0
1780287037	XAUUSD	M5	4543.27						4540.15725	4540.42679	0
1780287337	XAUUSD	M5	4538.13						4539.75910	4540.09294	0
1780287637	XAUUSD	M5	4536.93						4539.32924	4539.71109	0
1780287937	XAUUSD	M5	4536.06						4538.83709	4539.27409	0
1780288237	XAUUSD	M5	4541.43						4538.23309	4538.75359	0
1780288537	XAUUSD	M5	4538.93						4537.35928	4538.05644	0
1780288837	XAUUSD	M5	4540.50						4536.28586	4537.17115	0
1780289137	XAUUSD	M5	4534.25						4535.03275	4536.10195	0
1780289437	XAUUSD	M5	4529.00						4533.81917	4534.96056	0
1780289737	XAUUSD	M5	4533.89						4532.84094	4533.90075	0
1780290037	XAUUSD	M5	4530.35						4532.01474	4532.95774	0
1780290337	XAUUSD	M5	4532.17						4531.39097	4532.17436	0
1780290637	XAUUSD	M5	4528.77						4530.87210	4531.52323	0
1780290937	XAUUSD	M5	4532.78						4530.45988	4530.99155	0
1780291237	XAUUSD	M5	4529.83						4530.00590	4530.49873	0
1780291537	XAUUSD	M5	4533.21						4529.56669	4530.03271	0
1780291837	XAUUSD	M5	4528.67						4529.10615	4529.56943	0
1780292137	XAUUSD	M5	4530.06						4528.79923	4529.18433	0
1780292437	XAUUSD	M5	4525.57						4528.68689	4528.93561	0
1780292737	XAUUSD	M5	4525.13						4528.89455	4528.91508	0
1780293037	XAUUSD	M5	4528.54						4529.38291	4529.14899	1
1780293337	XAUUSD	M5	4532.26						4529.93098	4529.53999	0
1780293637	XAUUSD	M5	4532.01						4530.26419	4529.90209	0
1780293937	XAUUSD	M5	4531.49						4530.20972	4530.05591	0
1780294237	XAUUSD	M5	4530.32						4529.65031	4529.85311	1
1780294537	XAUUSD	M5	4527.43						4528.58665	4529.21988	0
1780294837	XAUUSD	M5	4528.33						4527.15049	4528.18518	0
1780295137	XAUUSD	M5	4522.91						4525.48056	4526.83287	0
1780295437	XAUUSD	M5	4523.58						4523.88846	4525.36067	0
1780295737	XAUUSD	M5	4522.54						4522.52787	4523.94427	0
1780296037	XAUUSD	M5	4521.52						4521.51309	4522.72868	0
1780296337	XAUUSD	M5	4524.63						4520.86057	4521.79463	0
1780296637	XAUUSD	M5	4517.60						4520.40875	4521.10169	0
1780296937	XAUUSD	M5	4518.89						4520.13801	4520.61985	0
1780297237	XAUUSD	M5	4519.41						4519.82158	4520.22071	0
1780297537	XAUUSD	M5	4518.60						4519.27355	4519.74713	0
1780297837	XAUUSD	M5	4520.46						4518.43519	4519.09116	0
1780298137	XAUUSD	M5	4521.55						4517.30178	4518.19647	0
1780298437	XAUUSD	M5	4515.66						4515.99558	4517.09603	0
1780298737	XAUUSD	M5	4510.71						4514.84926	4515.97265	0
1780299037	XAUUSD	M5	4512.70						4514.15231	4515.06248	0
1780299337	XAUUSD	M5	4513.24						4513.96086	4514.51167	0
1780299637	XAUUSD	M5	4516.43						4514.24339	4514.37753	0
1780299937	XAUUSD	M5	4516.42						4514.79462	4514.58608	1
1780300237	XAUUSD	M5	4514.18						4515.41944	4515.00276	0
1780300537	XAUUSD	M5	4514.73						4515.97158	4515.48717	0
1780300837	XAUUSD	M5	4516.90						4516.27081	4515.87899	0
1780301137	XAUUSD	M5	4517.65						4516.18810	4516.03355	0
1780301437	XAUUSD	M5	4515.90						4515.72768	4515.88061	1
1780301737	XAUUSD	M5	4514.31						4515.05424	4515.46743	0
1780302037	XAUUSD	M5	4515.29						4514.37543	4514.92143	0
1780302337	XAUUSD	M5	4514.47						4513.85443	4514.38793	0
1780302637	XAUUSD	M5	4510.51					4508.68000	4513.65745	4514.02269	0
1780302937	XAUUSD	M5	4514.25						4513.95355	4513.98812	0
1780303237	XAUUSD	M5	4514.46						4514.65347	4514.32080	1
1780303537	XAUUSD	M5	4516.03						4515.67231	4514.99655	0
1780303837	XAUUSD	M5	4516.46						4516.84907	4515.92281	0
1780304137	XAUUSD	M5	4518.21						4518.03713	4516.97997	0
1780304437	XAUUSD	M5	4521.40						4519.09314	4518.03656	0
1780304737	XAUUSD	M5	4522.57						4519.87984	4518.95820	0
1780305037	XAUUSD	M5	4520.48						4520.35651	4519.65735	0
1780305337	XAUUSD	M5	4513.88						4520.58955	4520.12345	0
1780305637	XAUUSD	M5	4520.19						4520.76515	4520.44430	0
1780305937	XAUUSD	M5	4519.87						4520.75958	4520.60194	0
1780306237	XAUUSD	M5	4524.26				4525.25000		4520.55116	4520.57655	1
1780306537	XAUUSD	M5	4523.53						4519.99592	4520.28623	0
1780306837	XAUUSD	M5	4518.23						4519.06601	4519.67612	0
1780307137	XAUUSD	M5	4516.28						4517.84234	4518.75923	0
1780307437	XAUUSD	M5	4517.11						4516.35425	4517.55674	0
1780307737	XAUUSD	M5	4514.11						4514.60191	4516.07932	0
1780308037	XAUUSD	M5	4511.10						4512.69488	4514.38710	0
1780308337	XAUUSD	M5	4506.18						4510.77028	4512.57869	0
1780308637	XAUUSD	M5	4513.93						4509.02968	4510.80419	0
1780308937	XAUUSD	M5	4510.69						4507.38636	4509.09527	0
1780309237	XAUUSD	M5	4504.67						4505.99995	4507.54761	0
1780309537	XAUUSD	M5	4504.63						4505.07727	4506.31244	0
1780309837	XAUUSD	M5	4504.57						4504.63814	4505.47529	0
1780310137	XAUUSD	M5	4503.61						4504.63109	4505.05319	0
1780310437	XAUUSD	M5	4501.73						4504.97528	4505.01424	0
1780310737	XAUUSD	M5	4507.76						4505.55751	4505.28587	1
1780311037	XAUUSD	M5	4506.26						4506.05893	4505.67240	0
1780311337	XAUUSD	M5	4507.28						4506.32265	4505.99753	0
1780311637	XAUUSD	M5	4506.80						4506.18820	4506.09286	0
1780311937	XAUUSD	M5	4505.18						4505.60052	4505.84669	1
1780312237	XAUUSD	M5	4503.96						4504.59106	4505.21888	0
1780312537	XAUUSD	M5	4504.72						4503.25635	4504.23761	0
1780312837	XAUUSD	M5	4503.53						4501.68926	4502.96343	0
1780313137	XAUUSD	M5	4498.19						4500.04741	4501.50542	0
1780313437	XAUUSD	M5	4494.58						4498.56961	4500.03752	0
1780313737	XAUUSD	M5	4495.46						4497.41151	4498.72451	0
1780314037	XAUUSD	M5	4503.08						4496.56616	4497.64534	0
1780314337	XAUUSD	M5	4495.80						4495.83479	4496.74006	0
1780314637	XAUUSD	M5	4493.96						4495.33898	4496.03952	0
1780314937	XAUUSD	M5	4495.74						4495.07327	4495.55640	0
1780315237	XAUUSD	M5	4494.96						4494.96913	4495.26277	0
1780315537	XAUUSD	M5	4492.84						4495.03538	4495.14907	0
1780315837	XAUUSD	M5	4496.04						4495.34328	4495.24618	1
1780316137	XAUUSD	M5	4495.84						4495.85475	4495.55046	0
1780316437	XAUUSD	M5	4494.74						4496.58646	4496.06846	0
1780316737	XAUUSD	M5	4500.03						4497.52511	4496.79679	0
1780317037	XAUUSD	M5	4501.32						4498.47786	4497.63733	0
1780317337	XAUUSD	M5	4497.19						4499.30854	4498.47293	0
1780317637	XAUUSD	M5	4498.02						4500.00456	4499.23875	0
1780317937	XAUUSD	M5	4500.50						4500.44206	4499.84040	0
1780318237	XAUUSD	M5	4499.49						4500.51224	4500.17632	0
1780318537	XAUUSD	M5	4499.51						4500.23392	4500.20512	0
1780318837	XAUUSD	M5	4505.66						4499.65754	4499.93133	1
1780319137	XAUUSD	M5	4499.68						4498.74227	4499.33680	0
1780319437	XAUUSD	M5	4496.39						4497.76022	4498.54851	0
1780319737	XAUUSD	M5	4490.65					4489.39000	4496.92670	4497.73760	0
1780320037	XAUUSD	M5	4497.93						4496.46423	4497.10091	0
1780320337	XAUUSD	M5	4498.33						4496.25565	4496.67828	0
1780320637	XAUUSD	M5	4495.45						4496.30139	4496.48984	0
1780320937	XAUUSD	M5	4497.96						4496.64916	4496.56950	1
1780321237	XAUUSD	M5	4496.01						4497.21541	4496.89245	0
1780321537	XAUUSD	M5	4498.16						4498.00757	4497.45001	0
1780321837	XAUUSD	M5	4500.16						4498.94799	4498.19900	0
1780322137	XAUUSD	M5	4501.59						4499.95983	4499.07941	0
1780322437	XAUUSD	M5	4499.96						4500.98232	4500.03087	0
1780322737	XAUUSD	M5	4500.45						4502.02432	4501.02759	0
1780323037	XAUUSD	M5	4500.91						4503.03360	4502.03060	0
1780323337	XAUUSD	M5	4504.91						4503.94802	4502.98931	0
1780323637	XAUUSD	M5	4503.77						4504.64488	4503.81709	0
1780323937	XAUUSD	M5	4505.87						4505.13597	4504.47653	0
1780324237	XAUUSD	M5	4509.50						4505.40808	4504.94231	0
1780324537	XAUUSD	M5	4507.30						4505.44307	4505.19269	0
1780324837	XAUUSD	M5	4503.99						4505.40225	4505.29747	0
1780325137	XAUUSD	M5	4500.22						4505.46122	4505.37935	0
1780325437	XAUUSD	M5	4505.76						4505.78115	4505.58025	0
1780325737	XAUUSD	M5	4504.85						4506.26494	4505.92260	0
1780326037	XAUUSD	M5	4509.85						4506.92173	4506.42216	0
1780326337	XAUUSD	M5	4508.61				4512.95000		4507.59745	4507.00981	0
1780326637	XAUUSD	M5	4510.76						4508.26446	4507.63713	0
1780326937	XAUUSD	M5	4506.76						4508.79103	4508.21408	0
1780327237	XAUUSD	M5	4510.33						4509.15870	4508.68639	0
1780327537	XAUUSD	M5	4507.21						4509.18095	4508.93367	0
1780327837	XAUUSD	M5	4508.66						4508.84885	4508.89126	1
1780328137	XAUUSD	M5	4507.46						4508.10209	4508.49667	0
1780328437	XAUUSD	M5	4505.87						4507.02019	4507.75843	0
1780328737	XAUUSD	M5	4505.97						4505.76127	4506.75985	0
1780329037	XAUUSD	M5	4507.66						4504.50624	4505.63305	0
1780329337	XAUUSD	M5	4503.36						4503.42599	4504.52952	0
1780329637	XAUUSD	M5	4503.39						4502.81411	4503.67181	0
1780329937	XAUUSD	M5	4501.86						4502.80705	4503.23943	0
1780330237	XAUUSD	M5	4505.59						4503.43680	4503.33812	1
1780330537	XAUUSD	M5	4500.84						4504.46000	4503.89906	0
1780330837	XAUUSD	M5	4503.25						4505.66760	4504.78333	0
1780331137	XAUUSD	M5	4507.89						4506.57590	4505.67961	0
1780331437	XAUUSD	M5	4506.83						4506.61852	4506.14907	0
1780331737	XAUUSD	M5	4505.63						4505.43070	4505.78988	1
1780332037	XAUUSD	M5	4501.96						4502.80280	4504.29634	0
1780332337	XAUUSD	M5	4501.78						4498.77915	4501.53775	0
1780332637	XAUUSD	M5	4501.18						4493.52073	4497.52924	0
1780332937	XAUUSD	M5	4484.29						4487.38261	4492.45593	0
1780333237	XAUUSD	M5	4482.30						4481.17474	4486.81533	0
1780333537	XAUUSD	M5	4465.93						4475.34549	4481.08041	0
1780333837	XAUUSD	M5	4465.06						4470.53582	4475.80811	0
1780334137	XAUUSD	M5	4466.12						4466.84295	4471.32553	0
1780334437	XAUUSD	M5	4472.88						4464.13255	4467.72904	0
1780334737	XAUUSD	M5	4467.35						4462.02034	4464.87469	0
1780335037	XAUUSD	M5	4464.61						4460.37827	4462.62648	0
1780335337	XAUUSD	M5	4454.78						4459.05602	4460.84125	0
1780335637	XAUUSD	M5	4450.49						4458.13298	4459.48712	0
1780335937	XAUUSD	M5	4454.50					4447.78000	4457.61664	4458.55188	0
1780336237	XAUUSD	M5	4460.39						4457.35758	4457.95473	0
1780336537	XAUUSD	M5	4461.22						4457.17192	4457.56332	0
1780336837	XAUUSD	M5	4457.21						4457.00802	4457.28567	0
1780337137	XAUUSD	M5	4455.26						4456.91611	4457.10089	0
1780337437	XAUUSD	M5	4456.22						4456.89372	4456.99731	0
1780337737	XAUUSD	M5	4458.65						4456.88833	4456.94282	0
1780338037	XAUUSD	M5	4455.49						4456.84865	4456.89573	0
1780338337	XAUUSD	M5	4459.94						4456.89657	4456.89615	1
1780338637	XAUUSD	M5	4454.72						4457.03681	4456.96648	0
1780338937	XAUUSD	M5	4456.05						4457.51867	4457.24258	0
1780339237	XAUUSD	M5	4458.70						4458.44080	4457.84169	0
1780339537	XAUUSD	M5	4460.24						4459.81713	4458.82941	0
1780339837	XAUUSD	M5	4462.37						4461.64323	4460.23632	0
1780340137	XAUUSD	M5	4464.35						4463.82397	4462.03014	0
1780340437	XAUUSD	M5	4465.36						4466.19595	4464.11305	0
1780340737	XAUUSD	M5	4467.08						4468.58688	4466.34996	0
1780341037	XAUUSD	M5	4468.79						4470.78868	4468.56932	0
1780341337	XAUUSD	M5	4477.14						4472.60441	4470.58686	0
1780341637	XAUUSD	M5	4476.86						4473.71998	4472.15342	0
1780341937	XAUUSD	M5	4472.38						4474.08363	4473.11853	0
1780342237	XAUUSD	M5	4469.80						4473.83220	4473.47536	0
1780342537	XAUUSD	M5	4471.29						4473.10306	4473.28921	1
1780342837	XAUUSD	M5	4474.21						4471.99968	4472.64444	0
1780343137	XAUUSD	M5	4473.38						4470.62269	4471.63357	0
1780343437	XAUUSD	M5	4468.79						4469.19263	4470.41310	0
1780343737	XAUUSD	M5	4467.37						4468.02764	4469.22037	0
1780344037	XAUUSD	M5	4466.78						4467.35988	4468.29012	0
1780344337	XAUUSD	M5	4468.60						4467.33036	4467.81024	0
1780344637	XAUUSD	M5	4467.98						4467.93187	4467.87106	1
1780344937	XAUUSD	M5	4469.44						4469.09552	4468.48329	0
1780345237	XAUUSD	M5	4469.22						4470.60411	4469.54370	0
1780345537	XAUUSD	M5	4468.06						4472.22951	4470.88660	0
1780345837	XAUUSD	M5	4471.96						4473.77148	4472.32904	0
1780346137	XAUUSD	M5	4480.10						4474.98009	4473.65457	0
1780346437	XAUUSD	M5	4480.11						4475.62583	4474.64020	0
1780346737	XAUUSD	M5	4476.29						4475.81217	4475.22618	0
1780347037	XAUUSD	M5	4473.44						4475.85866	4475.54242	0
1780347337	XAUUSD	M5	4475.05						4476.12616	4475.83429	0
1780347637	XAUUSD	M5	4475.82						4476.84377	4476.33903	0
1780347937	XAUUSD	M5	4475.15						4478.16959	4477.25431	0
1780348237	XAUUSD	M5	4482.93						4480.14785	4478.70108	0
1780348537	XAUUSD	M5	4481.31						4482.48148	4480.59128	0
1780348837	XAUUSD	M5	4482.83						4484.97615	4482.78372	0
1780349137	XAUUSD	M5	4491.56						4487.32078	4485.05225	0
1780349437	XAUUSD	M5	4491.51				4495.39000		4489.07087	4487.06156	0
1780349737	XAUUSD	M5	4491.45						4490.08247	4488.57201	0
1780350037	XAUUSD	M5	4487.55						4490.35067	4489.46134	0
1780350337	XAUUSD	M5	4486.86						4490.08161	4489.77148	0
1780350637	XAUUSD	M5	4489.80						4489.48134	4489.62641	1
1780350937	XAUUSD	M5	4488.66						4488.70844	4489.16742	0
1780351237	XAUUSD	M5	4489.22						4487.99005	4488.57874	0
1780351537	XAUUSD	M5	4489.16						4487.44419	4488.01146	0
1780351837	XAUUSD	M5	4486.64						4487.11858	4487.56502	0
1780352137	XAUUSD	M5	4486.10						4487.03601	4487.30051	0
1780352437	XAUUSD	M5	4486.06						4487.12746	4487.21399	0
1780352737	XAUUSD	M5	4487.92						4487.29141	4487.25270	1
1780353037	XAUUSD	M5	4488.60						4487.38712	4487.31991	0
1780353337	XAUUSD	M5	4487.17						4487.33769	4487.32880	0
1780353637	XAUUSD	M5	4486.70						4487.15680	4487.24280	1
1780353937	XAUUSD	M5	4487.83						4486.87096	4487.05688	0
1780354237	XAUUSD	M5	4485.27						4486.48164	4486.76926	0
1780354537	XAUUSD	M5	4485.38						4486.06925	4486.41926	0
1780354837	XAUUSD	M5	4485.87						4485.64238	4486.03082	0
1780355137	XAUUSD	M5	4485.77						4485.17736	4485.60409	0
1780355437	XAUUSD	M5	4484.68						4484.65943	4485.13176	0
1780355737	XAUUSD	M5	4483.89						4484.11304	4484.62240	0
1780356037	XAUUSD	M5	4484.35						4483.57689	4484.09965	0
1780356337	XAUUSD	M5	4483.47						4483.07574	4483.58769	0
1780356637	XAUUSD	M5	4483.59						4482.66573	4483.12671	0
1780356937	XAUUSD	M5	4480.17						4482.37829	4482.75250	0
1780357237	XAUUSD	M5	4481.15					4479.13000	4482.30614	4482.52932	0
1780357537	XAUUSD	M5	4482.97						4482.40852	4482.46892	0
1780357837	XAUUSD	M5	4483.43						4482.61158	4482.54025	1
1780358137	XAUUSD	M5	4483.53						4482.85510	4482.69767	0
1780358437	XAUUSD	M5	4482.96						4483.08507	4482.89137	0
1780358737	XAUUSD	M5	4482.58						4483.28756	4483.08946	0
1780359037	XAUUSD	M5	4483.12						4483.45422	4483.27184	0
1780359337	XAUUSD	M5	4484.64						4483.57960	4483.42572	0
1780359637	XAUUSD	M5	4484.05						4483.64431	4483.53501	0
1780359937	XAUUSD	M5	4482.61						4483.68302	4483.60902	0
1780360237	XAUUSD	M5	4483.92						4483.73811	4483.67356	0
1780360537	XAUUSD	M5	4483.20						4483.77047	4483.72201	0
1780360837	XAUUSD	M5	4484.87						4483.77108	4483.74655	0
1780364737	XAUUSD	M5	4483.02				4488.29000		4483.67455	4483.71055	1
1780365037	XAUUSD	M5	4482.41						4483.50856	4483.60955	0
1780365337	XAUUSD	M5	4484.52						4483.28436	4483.44696	0
1780365637	XAUUSD	M5	4484.15						4482.97465	4483.21080	0
1780365937	XAUUSD	M5	4482.75						4482.63786	4482.92433	0
1780366237	XAUUSD	M5	4481.46						4482.36997	4482.64715	0
1780366537	XAUUSD	M5	4481.24						4482.26552	4482.45633	0
1780366837	XAUUSD	M5	4482.83						4482.37925	4482.41779	0
1780367137	XAUUSD	M5	4481.54						4482.70705	4482.56242	1
1780367437	XAUUSD	M5	4484.15						4483.26681	4482.91461	0
1780367737	XAUUSD	M5	4483.97						4483.97481	4483.44471	0
1780368037	XAUUSD	M5	4485.93						4484.78785	4484.11628	0
1780368337	XAUUSD	M5	4486.37						4485.58998	4484.85313	0
1780368637	XAUUSD	M5	4485.28						4486.28780	4485.57047	0
1780368937	XAUUSD	M5	4486.09						4486.81998	4486.19522	0
1780369237	XAUUSD	M5	4486.57						4487.08145	4486.63833	0
1780369537	XAUUSD	M5	4487.62						4486.99006	4486.81420	0
1780369837	XAUUSD	M5	4487.23						4486.48957	4486.65189	1
1780370137	XAUUSD	M5	4484.81						4485.61075	4486.13132	0
1780370437	XAUUSD	M5	4484.52						4484.50389	4485.31760	0
1780370737	XAUUSD	M5	4483.42						4483.34091	4484.32926	0
1780371037	XAUUSD	M5	4480.11						4482.35428	4483.34177	0
1780371337	XAUUSD	M5	4484.77						4481.83329	4482.58753	0
1780371637	XAUUSD	M5	4484.50						4481.83472	4482.21112	0
1780371937	XAUUSD	M5	4484.56						4482.43627	4482.32370	1
1780372237	XAUUSD	M5	4478.56						4483.58219	4482.95294	0
1780372537	XAUUSD	M5	4481.37						4485.21775	4484.08535	0
1780372837	XAUUSD	M5	4485.31						4486.97345	4485.52940	0
1780373137	XAUUSD	M5	4489.79						4488.40195	4486.96567	0
1780373437	XAUUSD	M5	4493.81						4489.09396	4488.02982	0
1780373737	XAUUSD	M5	4489.19				4497.24000		4488.80057	4488.41520	0
1780374037	XAUUSD	M5	4489.28						4487.68761	4488.05140	1
1780374337	XAUUSD	M5	4487.07						4486.01951	4487.03546	0
1780374637	XAUUSD	M5	4481.45						4484.23979	4485.63762	0
1780374937	XAUUSD	M5	4481.85						4482.88939	4484.26350	0
1780375237	XAUUSD	M5	4481.97						4482.26744	4483.26547	0
1780375537	XAUUSD	M5	4481.84						4482.47091	4482.86819	0
1780375837	XAUUSD	M5	4479.46						4483.36780	4483.11800	1
1780376137	XAUUSD	M5	4489.76						4484.66312	4483.89056	0
1780376437	XAUUSD	M5	4486.18						4485.66702	4484.77879	0
1780376737	XAUUSD	M5	4483.16						4486.02865	4485.40372	0
1780377037	XAUUSD	M5	4486.57						4485.54143	4485.47258	0
1780377337	XAUUSD	M5	4487.29						4484.07730	4484.77494	1
1780377637	XAUUSD	M5	4482.07						4481.81761	4483.29627	0
1780377937	XAUUSD	M5	4479.93						4479.27402	4481.28515	0
1780378237	XAUUSD	M5	4475.58						4476.96716	4479.12616	0
1780378537	XAUUSD	M5	4473.82					4463.08000	4475.40696	4477.26656	0
1780378837	XAUUSD	M5	4474.02						4474.87233	4476.06945	0
1780379137	XAUUSD	M5	4473.35						4475.35638	4475.71291	0
1780379437	XAUUSD	M5	4474.71						4476.63580	4476.17436	1
1780379737	XAUUSD	M5	4480.71						4478.28509	4477.22972	0
1780380037	XAUUSD	M5	4480.96						4479.74444	4478.48708	0
1780380337	XAUUSD	M5	4484.01						4480.68421	4479.58565	0
1780380637	XAUUSD	M5	4482.02						4480.90354	4480.24459	0
1780380937	XAUUSD	M5	4481.28						4480.54337	4480.39398	0
1780381237	XAUUSD	M5	4478.82						4479.90888	4480.15143	1
1780381537	XAUUSD	M5	4476.61						4479.43810	4479.79476	0
1780381837	XAUUSD	M5	4474.78						4479.52338	4479.65907	0
1780382137	XAUUSD	M5	4478.82						4480.41802	4480.03855	1
1780382437	XAUUSD	M5	4485.96						4482.06025	4481.04940	0
1780382737	XAUUSD	M5	4488.07						4484.15540	4482.60240	0
1780383037	XAUUSD	M5	4486.66						4486.43082	4484.51661	0
1780383337	XAUUSD	M5	4488.37						4488.67961	4486.59811	0
1780383637	XAUUSD	M5	4490.03						4490.67965	4488.63888	0
1780383937	XAUUSD	M5	4490.11						4492.31437	4490.47662	0
1780384237	XAUUSD	M5	4495.22						4493.61266	4492.04464	0
1780384537	XAUUSD	M5	4493.68						4494.58360	4493.31412	0
1780384837	XAUUSD	M5	4494.62						4495.43255	4494.37333	0
1780385137	XAUUSD	M5	4497.40						4496.31232	4495.34282	0
1780385437	XAUUSD	M5	4498.19						4497.28138	4496.31210	0
1780385737	XAUUSD	M5	4497.54						4498.39179	4497.35195	0
1780386037	XAUUSD	M5	4499.44						4499.66048	4498.50621	0
1780386337	XAUUSD	M5	4500.34						4501.00765	4499.75693	0
1780386637	XAUUSD	M5	4502.18						4502.37189	4501.06441	0
1780386937	XAUUSD	M5	4504.66						4503.69731	4502.38086	0
1780387237	XAUUSD	M5	4507.76						4504.94039	4503.66062	0
1780387537	XAUUSD	M5	4505.71						4506.07381	4504.86722	0
1780387837	XAUUSD	M5	4504.77						4507.20137	4506.03429	0
1780388137	XAUUSD	M5	4507.79						4508.39033	4507.21231	0
1780388437	XAUUSD	M5	4509.05						4509.60288	4508.40760	0
1780388737	XAUUSD	M5	4510.48						4510.82275	4509.61517	0
1780389037	XAUUSD	M5	4512.66						4512.02773	4510.82145	0
1780389337	XAUUSD	M5	4512.94						4513.20508	4512.01327	0
1780389637	XAUUSD	M5	4517.46						4514.40647	4513.20987	0
1780389937	XAUUSD	M5	4515.87						4515.60562	4514.40774	0
1780390237	XAUUSD	M5	4516.02						4516.89780	4515.65277	0
1780390537	XAUUSD	M5	4518.72						4518.29779	4516.97528	0
1780390837	XAUUSD	M5	4518.63						4519.69950	4518.33739	0
1780391137	XAUUSD	M5	4518.83						4520.99692	4519.66716	0
1780391437	XAUUSD	M5	4519.74						4522.03795	4520.85256	0
1780391737	XAUUSD	M5	4524.86						4522.65745	4521.75500	0
1780392037	XAUUSD	M5	4523.66						4522.67488	4522.21494	0
1780392337	XAUUSD	M5	4524.50						4522.16943	4522.19219	1
1780392637	XAUUSD	M5	4523.48						4521.30154	4521.74686	0
1780392937	XAUUSD	M5	4519.58						4520.37369	4521.06028	0
1780393237	XAUUSD	M5	4517.08						4519.78574	4520.42301	0
1780393537	XAUUSD	M5	4520.52						4519.85923	4520.14112	0
1780393837	XAUUSD	M5	4520.88						4520.67193	4520.40653	1
1780394137	XAUUSD	M5	4519.01						4522.22674	4521.31663	0
1780394437	XAUUSD	M5	4520.32						4524.43556	4522.87610	0
1780394737	XAUUSD	M5	4529.47						4527.03479	4524.95544	0
1780395037	XAUUSD	M5	4533.17						4529.55523	4527.25534	0
1780395337	XAUUSD	M5	4535.55						4531.69981	4529.47757	0
1780395637	XAUUSD	M5	4534.04						4533.31455	4531.39606	0
1780395937	XAUUSD	M5	4532.84						4534.45652	4532.92629	0
1780396237	XAUUSD	M5	4533.70						4535.26481	4534.09555	0
1780396537	XAUUSD	M5	4532.85						4535.86916	4534.98236	0
1780396837	XAUUSD	M5	4536.04						4536.41895	4535.70065	0
1780397137	XAUUSD	M5	4536.05						4536.89611	4536.29838	0
1780397437	XAUUSD	M5	4537.81						4537.26479	4536.78158	0
1780397737	XAUUSD	M5	4539.99				4541.50000		4537.39328	4537.08743	0
1780398037	XAUUSD	M5	4539.36						4537.13181	4537.10962	0
1780398337	XAUUSD	M5	4536.88						4536.44661	4536.77812	1
1780398637	XAUUSD	M5	4534.03						4535.43512	4536.10662	0
1780398937	XAUUSD	M5	4533.68						4534.29790	4535.20226	0
1780399237	XAUUSD	M5	4532.98						4533.24627	4534.22426	0
1780399537	XAUUSD	M5	4531.79						4532.49766	4533.36096	0
1780399837	XAUUSD	M5	4531.72						4532.21821	4532.78959	0
1780400137	XAUUSD	M5	4530.68						4532.43909	4532.61434	0
1780400437	XAUUSD	M5	4535.08						4533.08398	4532.84916	1
1780400737	XAUUSD	M5	4534.26						4533.83666	4533.34291	0
1780401037	XAUUSD	M5	4535.66						4534.44844	4533.89567	0
1780401337	XAUUSD	M5	4534.86						4534.65522	4534.27545	0
1780401637	XAUUSD	M5	4532.60						4534.33008	4534.30276	0
1780401937	XAUUSD	M5	4534.21						4533.51192	4533.90734	1
1780402237	XAUUSD	M5	4531.23						4532.28803	4533.09769	0
1780402537	XAUUSD	M5	4532.02						4530.94383	4532.02076	0
1780402837	XAUUSD	M5	4530.23						4529.71026	4530.86551	0
1780403137	XAUUSD	M5	4528.82						4528.83884	4529.85218	0
1780403437	XAUUSD	M5	4529.56						4528.47275	4529.16246	0
1780403737	XAUUSD	M5	4527.87						4528.57019	4528.86633	0
1780404037	XAUUSD	M5	4526.73						4529.01285	4528.93959	1
1780404337	XAUUSD	M5	4527.29						4529.59836	4529.26898	0
1780404637	XAUUSD	M5	4529.00						4530.07633	4529.67265	0
1780404937	XAUUSD	M5	4533.96						4530.23268	4529.95266	0
1780405237	XAUUSD	M5	4534.61						4529.88974	4529.92120	1
1780405537	XAUUSD	M5	4529.21						4529.09741	4529.50931	0
1780405837	XAUUSD	M5	4526.71						4528.15576	4528.83254	0
1780406137	XAUUSD	M5	4525.65						4527.33897	4528.08576	0
1780406437	XAUUSD	M5	4524.42						4526.85518	4527.47047	0
1780406737	XAUUSD	M5	4525.59					4522.06000	4526.82069	4527.14558	0
1780407037	XAUUSD	M5	4526.33						4527.17970	4527.16264	1
1780407337	XAUUSD	M5	4530.63						4527.78375	4527.47320	0
1780407637	XAUUSD	M5	4530.00						4528.34993	4527.91157	0
1780407937	XAUUSD	M5	4528.38						4528.72739	4528.31948	0
1780408237	XAUUSD	M5	4529.43						4528.85418	4528.58683	0
1780408537	XAUUSD	M5	4529.02						4528.70696	4528.64690	0
1780408837	XAUUSD	M5	4529.09						4528.38637	4528.51663	1
1780409137	XAUUSD	M5	4525.31						4528.04644	4528.28154	0
1780409437	XAUUSD	M5	4528.40						4527.93357	4528.10755	0
1780409737	XAUUSD	M5	4528.00						4528.07933	4528.09344	0
1780410037	XAUUSD	M5	4526.79						4528.50969	4528.30157	1
1780410337	XAUUSD	M5	4528.78						4529.19067	4528.74612	0
1780410637	XAUUSD	M5	4530.66						4529.95258	4529.34935	0
1780410937	XAUUSD	M5	4532.31						4530.60398	4529.97666	0
1780411237	XAUUSD	M5	4533.21						4530.97919	4530.47793	0
1780411537	XAUUSD	M5	4531.18				4534.66000		4530.99939	4530.73866	0
1780411837	XAUUSD	M5	4529.87						4530.72211	4530.73038	1
1780412137	XAUUSD	M5	4528.84						4530.24469	4530.48754	0
1780412437	XAUUSD	M5	4527.94						4529.68860	4530.08807	0
1780412737	XAUUSD	M5	4528.69						4529.15983	4529.62395	0
1780413037	XAUUSD	M5	4529.61						4528.70492	4529.16443	0
1780413337	XAUUSD	M5	4529.97						4528.32872	4528.74658	0
1780413637	XAUUSD	M5	4527.51						4528.02039	4528.38348	0
1780413937	XAUUSD	M5	4526.92						4527.82157	4528.10253	0
1780414237	XAUUSD	M5	4529.16						4527.73086	4527.91669	0
1780414537	XAUUSD	M5	4528.59						4527.70683	4527.81176	0
1780414837	XAUUSD	M5	4527.54						4527.77742	4527.79459	0
1780415137	XAUUSD	M5	4527.77						4527.95989	4527.87724	1
1780415437	XAUUSD	M5	4527.38						4528.20605	4528.04165	0
1780415737	XAUUSD	M5	4526.39						4528.44015	4528.24090	0
1780416037	XAUUSD	M5	4526.83						4528.56239	4528.40164	0
1780416337	XAUUSD	M5	4531.02						4528.42845	4528.41505	0
1780416637	XAUUSD	M5	4529.35						4527.82467	4528.11986	1
1780416937	XAUUSD	M5	4528.14						4526.72770	4527.42378	0
1780417237	XAUUSD	M5	4524.85						4525.17647	4526.30012	0
1780417537	XAUUSD	M5	4524.94						4523.31192	4524.80602	0
1780417837	XAUUSD	M5	4520.36						4521.25015	4523.02808	0
1780418137	XAUUSD	M5	4514.99						4519.22187	4521.12498	0
1780418437	XAUUSD	M5	4514.15						4517.45638	4519.29068	0
1780418737	XAUUSD	M5	4520.30						4516.01757	4517.65413	0
1780419037	XAUUSD	M5	4516.53						4514.75968	4516.20691	0
1780419337	XAUUSD	M5	4514.00						4513.72285	4514.96488	0
1780419637	XAUUSD	M5	4512.77						4512.88903	4513.92695	0
1780419937	XAUUSD	M5	4513.13						4512.18591	4513.05643	0
1780420237	XAUUSD	M5	4510.63						4511.49897	4512.27770	0
1780420537	XAUUSD	M5	4508.20						4510.77760	4511.52765	0
1780420837	XAUUSD	M5	4510.83						4509.97232	4510.74998	0
1780421137	XAUUSD	M5	4508.45						4508.92496	4509.83747	0
1780421437	XAUUSD	M5	4509.75						4507.62130	4508.72939	0
1780421737	XAUUSD	M5	4504.95						4506.00976	4507.36957	0
1780422037	XAUUSD	M5	4502.66						4504.22785	4505.79871	0
1780422337	XAUUSD	M5	4502.34						4502.41614	4504.10743	0
1780422637	XAUUSD	M5	4502.91						4500.71073	4502.40908	0
1780422937	XAUUSD	M5	4504.29						4499.25512	4500.83210	0
1780423237	XAUUSD	M5	4495.96						4498.16906	4499.50058	0
1780423537	XAUUSD	M5	4493.20					4490.40000	4497.75127	4498.62592	0
1780423837	XAUUSD	M5	4495.44						4498.09856	4498.36224	0
1780424137	XAUUSD	M5	4499.49						4499.08452	4498.72338	1
1780424437	XAUUSD	M5	4502.34						4500.45123	4499.58731	0
1780424737	XAUUSD	M5	4504.56						4501.92060	4500.75395	0
1780425037	XAUUSD	M5	4503.83						4503.22684	4501.99040	0
1780425337	XAUUSD	M5	4504.17						4504.22393	4503.10716	0
1780425637	XAUUSD	M5	4504.12						4504.81716	4503.96216	0
1780425937	XAUUSD	M5	4502.75						4505.01521	4504.48869	0
1780426237	XAUUSD	M5	4506.75						4504.94194	4504.71531	0
1780426537	XAUUSD	M5	4503.46						4504.65747	4504.68639	1
1780426837	XAUUSD	M5	4504.37						4504.38588	4504.53614	0
1780427137	XAUUSD	M5	4503.51						4504.22802	4504.38208	0
1780427437	XAUUSD	M5	4505.39						4504.26152	4504.32180	0
1780427737	XAUUSD	M5	4506.30						4504.41542	4504.36861	1
1780428037	XAUUSD	M5	4504.50				4508.54000		4504.56679	4504.46770	0
1780428337	XAUUSD	M5	4502.49						4504.62454	4504.54612	0
1780428637	XAUUSD	M5	4505.30						4504.48934	4504.51773	1
1780428937	XAUUSD	M5	4503.84						4503.96412	4504.24093	0
1780429237	XAUUSD	M5	4502.11						4502.98653	4503.61373	0
1780429537	XAUUSD	M5	4500.82						4501.56803	4502.59088	0
1780429837	XAUUSD	M5	4502.10						4499.77655	4501.18372	0
1780430137	XAUUSD	M5	4498.19						4497.67920	4499.43146	0
1780430437	XAUUSD	M5	4494.83						4495.50860	4497.47003	0
1780430737	XAUUSD	M5	4494.66						4493.48228	4495.47615	0
1780431037	XAUUSD	M5	4490.57						4491.73402	4493.60509	0
1780431337	XAUUSD	M5	4489.69						4490.43958	4492.02233	0
1780431637	XAUUSD	M5	4487.69						4489.63833	4490.83033	0
1780431937	XAUUSD	M5	4489.81						4489.32758	4490.07896	0
1780432237	XAUUSD	M5	4490.93						4489.35639	4489.71768	0
1780432537	XAUUSD	M5	4489.49						4489.56825	4489.64297	0
1780432837	XAUUSD	M5	4491.97						4489.84467	4489.74382	1
1780433137	XAUUSD	M5	4490.45						4489.98240	4489.86311	0
1780433437	XAUUSD	M5	4487.06						4489.90784	4489.88547	0
1780433737	XAUUSD	M5	4489.63						4489.63652	4489.76100	1
1780434037	XAUUSD	M5	4487.21						4489.09584	4489.42842	0
1780434337	XAUUSD	M5	4488.20						4488.37799	4488.90321	0
1780434637	XAUUSD	M5	4491.17						4487.53571	4488.21946	0
1780434937	XAUUSD	M5	4488.53						4486.60126	4487.41036	0
1780435237	XAUUSD	M5	4482.92						4485.74734	4486.57885	0
1780435537	XAUUSD	M5	4484.56						4485.19161	4485.88523	0
1780435837	XAUUSD	M5	4485.95						4484.94853	4485.41688	0
1780436137	XAUUSD	M5	4483.81						4484.97858	4485.19773	0
1780436437	XAUUSD	M5	4484.61						4485.27355	4485.23564	1
1780436737	XAUUSD	M5	4486.52						4485.71521	4485.47543	0
1780437037	XAUUSD	M5	4487.56						4486.14543	4485.81043	0
1780437337	XAUUSD	M5	4485.19						4486.44445	4486.12744	0
1780437637	XAUUSD	M5	4484.93						4486.60739	4486.36742	0
1780437937	XAUUSD	M5	4487.61						4486.62384	4486.49563	0
1780438237	XAUUSD	M5	4488.45						4486.47081	4486.48322	1
1780438537	XAUUSD	M5	4488.20						4486.20828	4486.34575	0
1780438837	XAUUSD	M5	4485.41						4485.94283	4486.14429	0
1780439137	XAUUSD	M5	4480.54					4478.74000	4485.83093	4485.98761	0
1780439437	XAUUSD	M5	4486.63						4486.04299	4486.01530	1
1780439737	XAUUSD	M5	4487.59						4486.43621	4486.22575	0
1780440037	XAUUSD	M5	4487.36						4486.92181	4486.57378	0
1780440337	XAUUSD	M5	4488.74						4487.40680	4486.99029	0
1780440637	XAUUSD	M5	4488.51						4487.75683	4487.37356	0
1780440937	XAUUSD	M5	4487.26						4487.89578	4487.63467	0
1780441237	XAUUSD	M5	4486.72						4487.81345	4487.72406	0
1780441537	XAUUSD	M5	4486.28						4487.54091	4487.63249	1
1780441837	XAUUSD	M5	4489.56						4487.15999	4487.39624	0
1780442137	XAUUSD	M5	4486.46						4486.70237	4487.04931	0
1780442437	XAUUSD	M5	4484.45						4486.35745	4486.70338	0
1780442737	XAUUSD	M5	4487.34						4486.27163	4486.48751	0
1780443037	XAUUSD	M5	4487.00						4486.42955	4486.45853	0
1780443337	XAUUSD	M5	4486.28						4486.83834	4486.64844	1
1780443637	XAUUSD	M5	4488.00						4487.45396	4487.05120	0
1780443937	XAUUSD	M5	4487.44						4488.13745	4487.59432	0
1780444237	XAUUSD	M5	4488.07						4488.79685	4488.19559	0
1780444537	XAUUSD	M5	4489.87						4489.33102	4488.76330	0
1780444837	XAUUSD	M5	4490.42						4489.63524	4489.19927	0
1780445137	XAUUSD	M5	4489.45						4489.69931	4489.44929	0
1780445437	XAUUSD	M5	4489.82						4489.59931	4489.52430	0
1780445737	XAUUSD	M5	4489.64						4489.41013	4489.46722	1
1780446037	XAUUSD	M5	4489.63						4489.21775	4489.34249	0
1780446337	XAUUSD	M5	4488.99						4489.08994	4489.21621	0
1780446637	XAUUSD	M5	4488.79						4489.07097	4489.14359	0
1780446937	XAUUSD	M5	4487.64						4489.14758	4489.14558	1
1780447237	XAUUSD	M5	4487.91						4489.29473	4489.22016	0
1780451137	XAUUSD	M5	4490.22						4489.44630	4489.33323	0
1780451437	XAUUSD	M5	4492.07				4493.14000		4489.51214	4489.42268	0
1780451737	XAUUSD	M5	4489.57						4489.45353	4489.43811	0
1780452037	XAUUSD	M5	4489.23						4489.37597	4489.40704	1
1780452337	XAUUSD	M5	4488.85						4489.35060	4489.37882	0
1780452637	XAUUSD	M5	4490.42						4489.42588	4489.40235	1
1780452937	XAUUSD	M5	4488.46						4489.54447	4489.47341	0
1780453237	XAUUSD	M5	4488.78						4489.64681	4489.56011	0
1780453537	XAUUSD	M5	4489.09						4489.52409	4489.54210	1
1780453837	XAUUSD	M5	4488.83						4488.92175	4489.23192	0
1780454137	XAUUSD	M5	4486.93						4487.61454	4488.42323	0
1780454437	XAUUSD	M5	4484.91						4485.50665	4486.96494	0
1780454737	XAUUSD	M5	4484.96						4482.64720	4484.80607	0
1780455037	XAUUSD	M5	4482.26						4479.21280	4482.00943	0
1780455337	XAUUSD	M5	4477.26						4475.59577	4478.80260	0
1780455637	XAUUSD	M5	4470.28						4472.30007	4475.55133	0
1780455937	XAUUSD	M5	4467.86						4469.83946	4472.69540	0
1780456237	XAUUSD	M5	4467.65					4462.26000	4468.49190	4470.59365	0
1780456537	XAUUSD	M5	4466.43						4468.27807	4469.43586	0
1780456837	XAUUSD	M5	4465.83						4469.04445	4469.24015	0
1780457137	XAUUSD	M5	4474.94						4470.47081	4469.85548	1
1780457437	XAUUSD	M5	4472.00						4471.98489	4470.92019	0
1780457737	XAUUSD	M5	4473.92						4473.37736	4472.14877	0
1780458037	XAUUSD	M5	4474.44						4474.49601	4473.32239	0
1780458337	XAUUSD	M5	4478.76						4475.41435	4474.36837	0
1780458637	XAUUSD	M5	4476.64						4476.28026	4475.32432	0
1780458937	XAUUSD	M5	4476.00						4477.45293	4476.38862	0
1780459237	XAUUSD	M5	4477.55						4479.20700	4477.79781	0
1780459537	XAUUSD	M5	4478.96						4481.59662	4479.69721	0
1780459837	XAUUSD	M5	4483.14						4484.43945	4482.06833	0
1780460137	XAUUSD	M5	4485.33						4487.27154	4484.66993	0
1780460437	XAUUSD	M5	4491.83						4489.53787	4487.10390	0
1780460737	XAUUSD	M5	4495.76				4496.54000		4490.59797	4488.85093	0
1780461037	XAUUSD	M5	4491.04						4490.02593	4489.43843	0
1780461337	XAUUSD	M5	4489.01						4487.84516	4488.64180	1
1780461637	XAUUSD	M5	4486.03						4484.30263	4486.47221	0
1780461937	XAUUSD	M5	4473.70						4479.90431	4483.18826	0
1780462237	XAUUSD	M5	4474.37						4475.49307	4479.34067	0
1780462537	XAUUSD	M5	4471.28						4471.60362	4475.47214	0
1780462837	XAUUSD	M5	4469.53						4468.72321	4472.09768	0
1780463137	XAUUSD	M5	4466.38						4467.10682	4469.60225	0
1780463437	XAUUSD	M5	4467.11					4463.61000	4466.81497	4468.20861	0
1780463737	XAUUSD	M5	4471.32						4467.62773	4467.91817	0
1780464037	XAUUSD	M5	4466.53						4469.12625	4468.52221	1
1780464337	XAUUSD	M5	4470.54						4471.06840	4469.79530	0
1780464637	XAUUSD	M5	4475.77						4473.05846	4471.42688	0
1780464937	XAUUSD	M5	4474.04						4474.77165	4473.09927	0
1780465237	XAUUSD	M5	4475.83						4476.14136	4474.62031	0
1780465537	XAUUSD	M5	4473.86						4477.11662	4475.86847	0
1780465837	XAUUSD	M5	4478.73						4477.79099	4476.82973	0
1780466137	XAUUSD	M5	4480.58						4478.13564	4477.48268	0
1780466437	XAUUSD	M5	4476.27						4478.19541	4477.83905	0
1780466737	XAUUSD	M5	4478.27						4478.18108	4478.01006	0
1780467037	XAUUSD	M5	4478.77						4478.16158	4478.08582	0
1780467337	XAUUSD	M5	4478.98						4478.23776	4478.16179	0
1780467637	XAUUSD	M5	4481.06						4478.50294	4478.33237	0
1780467937	XAUUSD	M5	4479.05						4478.99478	4478.66357	0
1780468237	XAUUSD	M5	4475.65						4479.79639	4479.22998	0
1780468537	XAUUSD	M5	4479.64						4480.95736	4480.09367	0
1780468837	XAUUSD	M5	4481.91						4482.28926	4481.19147	0
1780469137	XAUUSD	M5	4485.94						4483.58211	4482.38679	0
1780469437	XAUUSD	M5	4485.33						4484.58295	4483.48487	0
1780469737	XAUUSD	M5	4485.40						4485.17786	4484.33136	0
1780470037	XAUUSD	M5	4485.29						4485.32861	4484.82999	0
1780470337	XAUUSD	M5	4485.47						4485.09757	4484.96378	0
1780470637	XAUUSD	M5	4483.44						4484.62814	4484.79596	1
1780470937	XAUUSD	M5	4484.07						4484.16428	4484.48012	0
1780471237	XAUUSD	M5	4484.83						4483.87303	4484.17657	0
1780471537	XAUUSD	M5	4484.38						4483.85347	4484.01502	0
1780471837	XAUUSD	M5	4482.99						4484.13410	4484.07456	1
1780472137	XAUUSD	M5	4483.82						4484.64803	4484.36130	0
1780472437	XAUUSD	M5	4484.43						4485.18947	4484.77538	0
1780472737	XAUUSD	M5	4485.94						4485.48772	4485.13155	0
1780473037	XAUUSD	M5	4486.23						4485.26150	4485.19653	0
1780473337	XAUUSD	M5	4486.78						4484.33324	4484.76488	1
1780473637	XAUUSD	M5	4481.39				4488.00000		4482.64189	4483.70339	0
1780473937	XAUUSD	M5	4480.70						4480.40012	4482.05176	0
1780474237	XAUUSD	M5	4477.11						4477.83887	4479.94531	0
1780474537	XAUUSD	M5	4474.76						4475.31096	4477.62814	0
1780474837	XAUUSD	M5	4471.57						4473.14283	4475.38548	0
1780475137	XAUUSD	M5	4473.47						4471.59858	4473.49203	0
1780475437	XAUUSD	M5	4471.43						4470.71235	4472.10219	0
1780475737	XAUUSD	M5	4470.19						4470.47955	4471.29087	0
1780476037	XAUUSD	M5	4469.56						4470.73698	4471.01392	0
1780476337	XAUUSD	M5	4470.84						4471.22283	4471.11838	1
1780476637	XAUUSD	M5	4470.62						4471.59130	4471.35484	0
1780476937	XAUUSD	M5	4473.50						4471.57886	4471.46685	0
1780477237	XAUUSD	M5	4472.34						4470.96150	4471.21417	1
1780477537	XAUUSD	M5	4468.64						4469.75519	4470.48468	0
1780477837	XAUUSD	M5	4468.49						4468.17195	4469.32832	0
1780478137	XAUUSD	M5	4465.02						4466.45355	4467.89093	0
1780478437	XAUUSD	M5	4466.91						4464.93770	4466.41432	0
1780478737	XAUUSD	M5	4462.01						4463.80916	4465.11174	0
1780479037	XAUUSD	M5	4466.04						4463.29509	4464.20342	0
1780479337	XAUUSD	M5	4463.32						4463.28308	4463.74325	0
1780479637	XAUUSD	M5	4456.99						4463.67801	4463.71063	0
1780479937	XAUUSD	M5	4466.98						4464.36132	4464.03598	1
1780480237	XAUUSD	M5	4465.20						4464.81973	4464.42785	0
1780480537	XAUUSD	M5	4466.13						4464.86410	4464.64597	0
1780480837	XAUUSD	M5	4468.28						4464.37583	4464.51090	1
1780481137	XAUUSD	M5	4460.26						4463.37372	4463.94231	0
1780481437	XAUUSD	M5	4462.53						4462.24597	4463.09414	0
1780481737	XAUUSD	M5	4459.48						4461.21030	4462.15222	0
1780482037	XAUUSD	M5	4462.94						4460.57855	4461.36538	0
1780482337	XAUUSD	M5	4460.57						4460.43554	4460.90046	0
1780482637	XAUUSD	M5	4459.13						4460.88294	4460.89170	0
1780482937	XAUUSD	M5	4458.39						4461.86221	4461.37695	1
1780483237	XAUUSD	M5	4463.05						4463.17092	4462.27394	0
1780483537	XAUUSD	M5	4465.23						4464.42353	4463.34873	0
1780483837	XAUUSD	M5	4468.98						4465.28460	4464.31667	0
1780484137	XAUUSD	M5	4469.58				4472.13000		4465.46302	4464.88985	0
1780484437	XAUUSD	M5	4463.59						4464.87393	4464.88189	1
1780484737	XAUUSD	M5	4463.45						4463.72514	4464.30351	0
1780485037	XAUUSD	M5	4456.18						4462.19807	4463.25079	0
1780485337	XAUUSD	M5	4461.50						4460.66899	4461.95989	0
1780485637	XAUUSD	M5	4458.39						4459.20493	4460.58241	0
1780485937	XAUUSD	M5	4458.77						4457.99600	4459.28921	0
1780486237	XAUUSD	M5	4458.91						4457.09019	4458.18970	0
1780486537	XAUUSD	M5	4459.71						4456.47872	4457.33421	0
1780486837	XAUUSD	M5	4453.30						4456.09268	4456.71344	0
1780487137	XAUUSD	M5	4457.67						4455.97676	4456.34510	0
1780487437	XAUUSD	M5	4455.19						4455.92019	4456.13264	0
1780487737	XAUUSD	M5	4455.31						4455.86397	4455.99831	0
1780488037	XAUUSD	M5	4454.03						4455.72118	4455.85974	0
1780488337	XAUUSD	M5	4451.51						4455.45305	4455.65640	0
1780488637	XAUUSD	M5	4457.27						4455.08786	4455.37213	0
1780488937	XAUUSD	M5	4456.67						4454.51088	4454.94150	0
1780489237	XAUUSD	M5	4455.65						4453.76905	4454.35528	0
1780489537	XAUUSD	M5	4456.48						4452.96523	4453.66026	0
1780489837	XAUUSD	M5	4454.30						4452.16018	4452.91022	0
1780490137	XAUUSD	M5	4444.86						4451.45124	4452.18073	0
1780490437	XAUUSD	M5	4444.00						4451.03871	4451.60972	0
1780490737	XAUUSD	M5	4451.17						4450.82998	4451.21985	0
1780491037	XAUUSD	M5	4456.92						4450.48993	4450.85489	0
1780491337	XAUUSD	M5	4451.34						4449.71973	4450.28731	0
1780491637	XAUUSD	M5	4450.16						4448.56187	4449.42459	0
1780491937	XAUUSD	M5	4447.84						4447.07748	4448.25104	0
1780492237	XAUUSD	M5	4439.55						4445.48437	4446.86770	0
1780492537	XAUUSD	M5	4441.97						4444.22837	4445.54804	0
1780492837	XAUUSD	M5	4446.94					4439.04000	4443.54982	4444.54893	0
1780493137	XAUUSD	M5	4446.76						4443.60360	4444.07627	0
1780493437	XAUUSD	M5	4447.02						4444.56358	4444.31992	1
1780493737	XAUUSD	M5	4443.47						4446.45429	4445.38711	0
1780494037	XAUUSD	M5	4443.12						4449.19697	4447.29204	0
1780494337	XAUUSD	M5	4447.95						4452.48495	4449.88850	0
1780494637	XAUUSD	M5	4461.69						4455.77786	4452.83318	0
1780494937	XAUUSD	M5	4463.00						4458.35849	4455.59583	0
1780495237	XAUUSD	M5	4462.56						4459.91601	4457.75592	0
1780495537	XAUUSD	M5	4456.93						4460.40461	4459.08027	0
1780495837	XAUUSD	M5	4459.82						4460.11553	4459.59790	0
1780496137	XAUUSD	M5	4460.12						4459.31367	4459.45578	1
1780496437	XAUUSD	M5	4458.99						4458.38135	4458.91857	0
1780496737	XAUUSD	M5	4454.19						4457.71574	4458.31715	0
1780497037	XAUUSD	M5	4455.90						4457.67304	4457.99509	0
1780497337	XAUUSD	M5	4459.23						4458.29028	4458.14269	1
1780497637	XAUUSD	M5	4459.01						4459.39206	4458.76737	0
1780497937	XAUUSD	M5	4464.48						4460.74770	4459.75753	0
1780498237	XAUUSD	M5	4463.29				4468.06000		4461.97163	4460.86458	0
1780498537	XAUUSD	M5	4462.07						4462.88524	4461.87491	0
1780498837	XAUUSD	M5	4460.99						4463.43935	4462.65713	0
1780499137	XAUUSD	M5	4462.74						4463.66916	4463.16315	0
1780499437	XAUUSD	M5	4464.58						4463.63644	4463.39979	0
1780499737	XAUUSD	M5	4465.99						4463.43743	4463.41861	0
1780500037	XAUUSD	M5	4463.39						4463.16131	4463.28996	1
1780500337	XAUUSD	M5	4460.28						4462.92686	4463.10841	0
1780500637	XAUUSD	M5	4462.18						4462.78365	4462.94603	0
1780500937	XAUUSD	M5	4462.52						4462.57997	4462.76300	0
1780501237	XAUUSD	M5	4462.40						4462.13965	4462.45133	0
1780501537	XAUUSD	M5	4463.76						4461.31220	4461.88176	0
1780501837	XAUUSD	M5	4458.35						4459.99023	4460.93600	0
1780502137	XAUUSD	M5	4458.90						4458.33829	4459.63715	0
1780502437	XAUUSD	M5	4456.25						4456.53410	4458.08562	0
1780502737	XAUUSD	M5	4457.98						4454.92195	4456.50379	0
1780503037	XAUUSD	M5	4452.80						4453.79088	4455.14733	0
1780503337	XAUUSD	M5	4451.50						4453.53813	4454.34273	0
1780503637	XAUUSD	M5	4449.46						4454.32806	4454.33540	0
1780503937	XAUUSD	M5	4459.18						4456.12291	4455.22916	1
1780504237	XAUUSD	M5	4461.29						4458.41435	4456.82175	0
1780504537	XAUUSD	M5	4460.61				4467.19000		4460.70041	4458.76108	0
1780504837	XAUUSD	M5	4460.45						4462.47799	4460.61954	0
1780505137	XAUUSD	M5	4463.32						4463.25468	4461.93711	0
1780505437	XAUUSD	M5	4462.82						4462.62334	4462.28022	0
1780505737	XAUUSD	M5	4462.34						4460.48915	4461.38469	1
1780506037	XAUUSD	M5	4457.41						4457.03034	4459.20751	0
1780506337	XAUUSD	M5	4450.23						4452.76229	4455.98490	0
1780506637	XAUUSD	M5	4448.59						4448.40354	4452.19422	0
1780506937	XAUUSD	M5	4448.37						4444.56981	4448.38202	0
1780507237	XAUUSD	M5	4448.69						4441.73494	4445.05848	0
1780507537	XAUUSD	M5	4427.39						4440.17603	4442.61726	0
1780507837	XAUUSD	M5	4437.22					4426.50000	4440.39037	4441.50381	0
1780508137	XAUUSD	M5	4444.55						4441.90117	4441.70249	1
1780508437	XAUUSD	M5	4445.91						4444.09449	4442.89849	0
1780508737	XAUUSD	M5	4445.97						4446.43942	4444.66895	0
1780509037	XAUUSD	M5	4450.40						4448.51817	4446.59356	0
1780509337	XAUUSD	M5	4454.49						4450.00257	4448.29807	0
1780509637	XAUUSD	M5	4448.98						4450.78229	4449.54018	0
1780509937	XAUUSD	M5	4449.68						4451.14709	4450.34364	0
1780510237	XAUUSD	M5	4451.99						4451.34300	4450.84332	0
1780510537	XAUUSD	M5	4449.22						4451.56574	4451.20453	0
1780510837	XAUUSD	M5	4451.69						4452.02571	4451.61512	0
1780511137	XAUUSD	M5	4448.28						4452.66815	4452.14163	0
1780511437	XAUUSD	M5	4454.11						4453.41570	4452.77867	0
1780511737	XAUUSD	M5	4458.90				4459.61000		4453.87775	4453.32821	0
1780512037	XAUUSD	M5	4457.14						4453.67659	4453.50240	0
1780512337	XAUUSD	M5	4452.95						4452.68467	4453.09354	1
1780512637	XAUUSD	M5	4449.35						4450.97470	4452.03412	0
1780512937	XAUUSD	M5	4445.94						4448.76187	4450.39799	0
1780513237	XAUUSD	M5	4445.71						4446.36249	4448.38024	0
1780513537	XAUUSD	M5	4443.10						4444.08173	4446.23099	0
1780513837	XAUUSD	M5	4444.75						4442.24810	4444.23954	0
1780514137	XAUUSD	M5	4441.05						4440.99235	4442.61595	0
1780514437	XAUUSD	M5	4439.08						4440.42353	4441.51974	0
1780514737	XAUUSD	M5	4440.10						4440.46948	4440.99461	0
1780515037	XAUUSD	M5	4441.77						4440.87160	4440.93310	0
1780515337	XAUUSD	M5	4441.23						4441.30853	4441.12082	1
1780515637	XAUUSD	M5	4442.27						4441.53606	4441.32844	0
1780515937	XAUUSD	M5	4442.79						4441.35843	4441.34343	0
1780516237	XAUUSD	M5	4439.44						4440.71944	4441.03143	1
1780516537	XAUUSD	M5	4439.23						4439.77771	4440.40457	0
1780516837	XAUUSD	M5	4438.66						4438.73194	4439.56826	0
1780517137	XAUUSD	M5	4436.23						4437.79847	4438.68336	0
1780517437	XAUUSD	M5	4437.65					4433.81000	4437.22165	4437.95251	0
1780517737	XAUUSD	M5	4440.19						4437.10241	4437.52746	0
1780518037	XAUUSD	M5	4436.25						4437.42676	4437.47711	0
1780518337	XAUUSD	M5	4438.99						4438.24140	4437.85925	1
1780518637	XAUUSD	M5	4437.94						4439.36382	4438.61154	0
1780518937	XAUUSD	M5	4438.05						4440.65251	4439.63202	0
1780519237	XAUUSD	M5	4441.90						4441.91888	4440.77545	0
1780519537	XAUUSD	M5	4444.63						4442.90038	4441.83792	0
1780519837	XAUUSD	M5	4447.06				4448.42000		4443.41470	4442.62631	0
1780520137	XAUUSD	M5	4441.87						4443.36267	4442.99449	0
1780520437	XAUUSD	M5	4442.48						4442.90569	4442.95009	1
1780520737	XAUUSD	M5	4442.06						4442.12787	4442.53898	0
1780521037	XAUUSD	M5	4439.03						4441.17444	4441.85671	0
1780521337	XAUUSD	M5	4440.01						4440.26128	4441.05899	0
1780521637	XAUUSD	M5	4440.21						4439.48845	4440.27372	0
1780521937	XAUUSD	M5	4440.54						4438.92199	4439.59786	0
1780522237	XAUUSD	M5	4438.23						4438.56907	4439.08346	0
1780522537	XAUUSD	M5	4437.96						4438.44251	4438.76299	0
1780522837	XAUUSD	M5	4439.00						4438.46790	4438.61545	0
1780523137	XAUUSD	M5	4439.46						4438.52535	4438.57040	0
1780523437	XAUUSD	M5	4437.43						4438.53314	4438.55177	0
1780523737	XAUUSD	M5	4436.88					4435.50000	4438.49404	4438.52290	0
1780524037	XAUUSD	M5	4438.04						4438.41997	4438.47144	0
1780524337	XAUUSD	M5	4438.93						4438.33241	4438.40192	0
1780524637	XAUUSD	M5	4440.19						4438.29822	4438.35007	0
1780524937	XAUUSD	M5	4438.78						4438.40405	4438.37706	1
1780525237	XAUUSD	M5	4438.54						4438.80400	4438.59053	0
1780525537	XAUUSD	M5	4440.00						4439.59567	4439.09310	0
1780525837	XAUUSD	M5	4439.95						4440.78429	4439.93870	0
1780526137	XAUUSD	M5	4440.30						4442.34124	4441.13997	0
1780526437	XAUUSD	M5	4442.05						4444.15339	4442.64668	0
1780526737	XAUUSD	M5	4449.17						4446.01803	4444.33236	0
1780527037	XAUUSD	M5	4447.81						4447.59859	4445.96547	0
1780527337	XAUUSD	M5	4449.77						4448.79687	4447.38117	0
1780527637	XAUUSD	M5	4451.51						4449.49159	4448.43638	0
1780527937	XAUUSD	M5	4448.05				4452.26000		4449.63981	4449.03809	0
1780528237	XAUUSD	M5	4448.03						4449.37787	4449.20798	0
1780528537	XAUUSD	M5	4448.45						4448.78989	4448.99894	1
1780528837	XAUUSD	M5	4447.87						4447.96916	4448.48405	0
1780529137	XAUUSD	M5	4446.89						4447.01284	4447.74844	0
1780529437	XAUUSD	M5	4446.85						4446.00252	4446.87548	0
1780529737	XAUUSD	M5	4445.57						4444.94958	4445.91253	0
1780530037	XAUUSD	M5	4444.09						4443.85801	4444.88527	0
1780530337	XAUUSD	M5	4442.16						4442.72081	4443.80304	0
1780530637	XAUUSD	M5	4441.34						4441.53706	4442.67005	0
1780530937	XAUUSD	M5	4439.96						4440.29977	4441.48491	0
1780531237	XAUUSD	M5	4437.65						4439.03682	4440.26086	0
1780531537	XAUUSD	M5	4439.59						4437.81947	4439.04017	0
1780531837	XAUUSD	M5	4439.10						4436.64039	4437.84028	0
1780532137	XAUUSD	M5	4433.84						4435.54981	4436.69505	0
1780532437	XAUUSD	M5	4434.01						4434.68348	4435.68926	0
1780532737	XAUUSD	M5	4433.47						4434.02902	4434.85914	0
1780533037	XAUUSD	M5	4431.63						4433.55063	4434.20489	0
1780533337	XAUUSD	M5	4434.06						4433.21085	4433.70787	0
1780533637	XAUUSD	M5	4434.46						4432.88624	4433.29706	0
1780537537	XAUUSD	M5	4432.38						4432.52722	4432.91214	0
1780537837	XAUUSD	M5	4434.97						4432.19995	4432.55604	0
1780538137	XAUUSD	M5	4431.94						4431.93122	4432.24363	0
1780538437	XAUUSD	M5	4427.63					4424.01000	4431.91366	4432.07865	0
1780538737	XAUUSD	M5	4430.30						4432.37862	4432.22863	1
1780539037	XAUUSD	M5	4434.53						4433.36320	4432.79592	0
1780539337	XAUUSD	M5	4439.90						4434.80687	4433.80139	0
1780539637	XAUUSD	M5	4436.28						4436.54626	4435.17383	0
1780539937	XAUUSD	M5	4436.91						4438.57144	4436.87263	0
1780540237	XAUUSD	M5	4438.78						4440.73202	4438.80233	0
1780540537	XAUUSD	M5	4439.65						4442.83824	4440.82028	0
1780540837	XAUUSD	M5	4448.95						4444.74349	4442.78189	0
1780541137	XAUUSD	M5	4446.51						4446.17981	4444.48085	0
1780541437	XAUUSD	M5	4448.32						4447.23320	4445.85702	0
1780541737	XAUUSD	M5	4447.70						4447.98422	4446.92062	0
1780542037	XAUUSD	M5	4447.93						4448.63903	4447.77983	0
1780542337	XAUUSD	M5	4449.36						4449.38188	4448.58085	0
1780542637	XAUUSD	M5	4450.74						4450.34550	4449.46318	0
1780542937	XAUUSD	M5	4451.21						4451.58313	4450.52316	0
1780543237	XAUUSD	M5	4450.41						4453.08293	4451.80304	0
1780543537	XAUUSD	M5	4453.67						4454.76568	4453.28436	0
1780543837	XAUUSD	M5	4459.31						4456.37468	4454.82952	0
1780544137	XAUUSD	M5	4459.56						4457.57566	4456.20259	0
1780544437	XAUUSD	M5	4457.39						4458.17731	4457.18995	0
1780544737	XAUUSD	M5	4460.15						4458.11014	4457.65004	0
1780545037	XAUUSD	M5	4456.17						4457.28652	4457.46828	1
1780545337	XAUUSD	M5	4453.18						4455.86234	4456.66531	0
1780545637	XAUUSD	M5	4455.41						4454.04740	4455.35636	0
1780545937	XAUUSD	M5	4449.84						4451.99477	4453.67556	0
1780546237	XAUUSD	M5	4450.57						4450.07523	4451.87540	0
1780546537	XAUUSD	M5	4451.02						4448.53636	4450.20588	0
1780546837	XAUUSD	M5	4446.62						4447.61619	4448.91104	0
1780547137	XAUUSD	M5	4448.30						4447.59510	4448.25307	0
1780547437	XAUUSD	M5	4449.95						4448.53121	4448.39214	1
1780547737	XAUUSD	M5	4451.11						4450.36733	4449.37974	0
1780548037	XAUUSD	M5	4448.54						4452.93419	4451.15696	0
1780548337	XAUUSD	M5	4453.77					4443.41000	4456.04395	4453.60046	0
1780548637	XAUUSD	M5	4459.50						4459.27565	4456.43806	0
1780548937	XAUUSD	M5	4464.55						4462.20721	4459.32263	0
1780549237	XAUUSD	M5	4464.58						4464.49595	4461.90929	0
1780549537	XAUUSD	M5	4469.74				4473.57000		4466.02037	4463.96483	0
1780549837	XAUUSD	M5	4465.94						4466.66659	4465.31571	0
1780550137	XAUUSD	M5	4465.89						4466.63102	4465.97337	0
1780550437	XAUUSD	M5	4468.49						4466.10754	4466.04045	0
1780550737	XAUUSD	M5	4459.32						4465.24029	4465.64037	1
1780551037	XAUUSD	M5	4466.20						4464.39529	4465.01783	0
1780551337	XAUUSD	M5	4461.44						4463.51329	4464.26556	0
1780551637	XAUUSD	M5	4465.68						4462.72405	4463.49481	0
1780551937	XAUUSD	M5	4462.32						4461.92000	4462.70740	0
1780552237	XAUUSD	M5	4458.29						4461.16610	4461.93675	0
1780552537	XAUUSD	M5	4463.11						4460.58503	4461.26089	0
1780552837	XAUUSD	M5	4461.81						4460.14950	4460.70519	0
1780553137	XAUUSD	M5	4460.24						4460.02491	4460.36505	0
1780553437	XAUUSD	M5	4460.53						4460.40563	4460.38534	1
1780553737	XAUUSD	M5	4460.98						4461.41228	4460.89881	0
1780554037	XAUUSD	M5	4458.00						4463.07487	4461.98684	0
1780554337	XAUUSD	M5	4462.49						4465.38287	4463.68486	0
1780554637	XAUUSD	M5	4470.31						4468.01959	4465.85222	0
1780554937	XAUUSD	M5	4474.40						4470.50486	4468.17854	0
1780555237	XAUUSD	M5	4475.18						4472.44373	4470.31114	0
1780555537	XAUUSD	M5	4472.77						4473.57214	4471.94164	0
1780555837	XAUUSD	M5	4474.15						4473.81260	4472.87712	0
1780556137	XAUUSD	M5	4472.05						4473.14199	4473.00955	0
1780556437	XAUUSD	M5	4469.72						4471.72602	4472.36779	1
1780556737	XAUUSD	M5	4467.78						4469.83155	4471.09967	0
1780557037	XAUUSD	M5	4469.23						4467.74749	4469.42358	0
1780557337	XAUUSD	M5	4467.70						4465.68544	4467.55451	0
1780557637	XAUUSD	M5	4465.23						4463.88051	4465.71751	0
1780557937	XAUUSD	M5	4461.06						4462.54773	4464.13262	0
1780558237	XAUUSD	M5	4459.79						4461.89701	4463.01481	0
1780558537	XAUUSD	M5	4463.45						4462.02724	4462.52103	0
1780558837	XAUUSD	M5	4463.88						4462.86720	4462.69411	1
1780559137	XAUUSD	M5	4464.03						4464.37720	4463.53566	0
1780559437	XAUUSD	M5	4463.94						4466.47837	4465.00701	0
1780559737	XAUUSD	M5	4471.08						4469.05364	4467.03033	0
1780560037	XAUUSD	M5	4471.71						4471.79575	4469.41304	0
1780560337	XAUUSD	M5	4474.19						4474.50535	4471.95919	0
1780560637	XAUUSD	M5	4474.79						4476.94956	4474.45438	0
1780560937	XAUUSD	M5	4480.57						4478.95401	4476.70419	0
1780561237	XAUUSD	M5	4481.13						4480.28492	4478.49456	0
1780561537	XAUUSD	M5	4482.71				4484.08000		4480.90622	4479.70039	0
1780561837	XAUUSD	M5	4479.51						4480.83035	4480.26537	0
1780562137	XAUUSD	M5	4479.78						4480.24287	4480.25412	1
1780562437	XAUUSD	M5	4480.85						4479.29583	4479.77498	0
1780562737	XAUUSD	M5	4477.51						4478.12191	4478.94844	0
1780563037	XAUUSD	M5	4473.86						4476.92482	4477.93663	0
1780563337	XAUUSD	M5	4477.09						4475.86424	4476.90043	0
1780563637	XAUUSD	M5	4476.38						4474.88396	4475.89220	0
1780563937	XAUUSD	M5	4472.74						4473.97548	4474.93384	0
1780564237	XAUUSD	M5	4473.40						4473.18947	4474.06166	0
1780564537	XAUUSD	M5	4473.65						4472.49101	4473.27633	0
1780564837	XAUUSD	M5	4471.32						4471.87192	4472.57412	0
1780565137	XAUUSD	M5	4474.74						4471.40504	4471.98958	0
1780565437	XAUUSD	M5	4467.50						4471.05601	4471.52279	0
1780565737	XAUUSD	M5	4469.31						4471.01292	4471.26786	0
1780566037	XAUUSD	M5	4469.24						4471.23069	4471.24928	0
1780566337	XAUUSD	M5	4473.63						4471.64515	4471.44721	1
1780566637	XAUUSD	M5	4475.98						4472.05790	4471.75256	0
1780566937	XAUUSD	M5	4474.14						4472.31353	4472.03304	0
1780567237	XAUUSD	M5	4469.32						4472.36552	4472.19928	0
1780567537	XAUUSD	M5	4468.07						4472.26901	4472.23414	0
1780567837	XAUUSD	M5	4472.25						4472.02148	4472.12781	1
1780568137	XAUUSD	M5	4474.97						4471.53942	4471.83362	0
1780568437	XAUUSD	M5	4473.07						4470.81069	4471.32215	0
1780568737	XAUUSD	M5	4469.34						4469.96367	4470.64291	0
1780569037	XAUUSD	M5	4467.05						4469.17279	4469.90785	0
1780569337	XAUUSD	M5	4467.73						4468.54706	4469.22745	0
1780569637	XAUUSD	M5	4467.78						4468.07344	4468.65045	0
1780569937	XAUUSD	M5	4470.21						4467.69989	4468.17517	0
1780570237	XAUUSD	M5	4465.79						4467.27997	4467.72757	0
1780570537	XAUUSD	M5	4464.15						4466.82333	4467.27545	0
1780570837	XAUUSD	M5	4469.31						4466.29593	4466.78569	0
1780571137	XAUUSD	M5	4465.99						4465.55618	4466.17093	0
1780571437	XAUUSD	M5	4465.20						4464.70505	4465.43799	0
1780571737	XAUUSD	M5	4463.76						4463.84543	4464.64171	0
1780572037	XAUUSD	M5	4463.57						4463.11624	4463.87897	0
1780572337	XAUUSD	M5	4461.38						4462.61110	4463.24504	0
1780572637	XAUUSD	M5	4461.34						4462.41093	4462.82798	0
1780572937	XAUUSD	M5	4461.55						4462.49055	4462.65927	0
1780573237	XAUUSD	M5	4461.73						4462.75907	4462.70917	1
1780573537	XAUUSD	M5	4465.84						4463.08336	4462.89626	0
1780573837	XAUUSD	M5	4465.76						4463.24875	4463.07251	0
1780574137	XAUUSD	M5	4460.84						4463.18400	4463.12825	0
1780574437	XAUUSD	M5	4464.09						4462.99137	4463.05981	1
1780574737	XAUUSD	M5	4459.84						4462.66734	4462.86357	0
1780575037	XAUUSD	M5	4463.51					4458.51000	4462.41012	4462.63685	0
1780575337	XAUUSD	M5	4464.65						4462.24773	4462.44229	0
1780575637	XAUUSD	M5	4460.67						4462.24215	4462.34222	0
1780575937	XAUUSD	M5	4463.44						4462.51860	4462.43041	1
1780576237	XAUUSD	M5	4460.17						4463.00018	4462.71530	0
1780576537	XAUUSD	M5	4463.55						4463.68151	4463.19840	0
1780576837	XAUUSD	M5	4463.35						4464.37485	4463.78663	0
1780577137	XAUUSD	M5	4467.27						4464.97028	4464.37845	0
1780577437	XAUUSD	M5	4468.52						4465.33829	4464.85837	0
1780577737	XAUUSD	M5	4463.50						4465.49048	4465.17443	0
1780578037	XAUUSD	M5	4466.08						4465.64972	4465.41207	0
1780578337	XAUUSD	M5	4466.07						4465.89068	4465.65137	0
1780578637	XAUUSD	M5	4464.70						4466.33443	4465.99290	0
1780578937	XAUUSD	M5	4466.70						4467.07254	4466.53272	0
1780579237	XAUUSD	M5	4467.32						4468.05641	4467.29457	0
1780579537	XAUUSD	M5	4468.05						4469.17333	4468.23395	0
1780579837	XAUUSD	M5	4470.82						4470.24461	4469.23928	0
1780580137	XAUUSD	M5	4475.03						4471.02045	4470.12987	0
1780580437	XAUUSD	M5	4470.41						4471.26713	4470.69850	0
1780580737	XAUUSD	M5	4470.13						4471.04722	4470.87286	0
1780581037	XAUUSD	M5	4469.53						4470.44040	4470.65663	1
1780581337	XAUUSD	M5	4471.29						4469.62710	4470.14187	0
1780581637	XAUUSD	M5	4468.84						4468.78916	4469.46551	0
1780581937	XAUUSD	M5	4467.06						4468.20051	4468.83301	0
1780582237	XAUUSD	M5	4467.68						4468.05765	4468.44533	0
1780582537	XAUUSD	M5	4467.86						4468.40424	4468.42478	0
1780582837	XAUUSD	M5	4469.14						4469.17066	4468.79772	1
1780583137	XAUUSD	M5	4471.32						4470.18112	4469.48942	0
1780583437	XAUUSD	M5	4471.40						4471.21846	4470.35394	0
1780583737	XAUUSD	M5	4471.09						4472.14128	4471.24761	0
1780584037	XAUUSD	M5	4473.72						4472.93188	4472.08974	0
1780584337	XAUUSD	M5	4472.25						4473.62869	4472.85922	0
1780584637	XAUUSD	M5	4477.56						4474.48536	4473.67229	0
1780584937	XAUUSD	M5	4473.53						4475.68203	4474.67716	0
1780585237	XAUUSD	M5	4477.91						4477.59432	4476.13574	0
1780585537	XAUUSD	M5	4478.88						4480.32784	4478.23179	0
1780585837	XAUUSD	M5	4489.58						4483.89476	4481.06328	0
1780586137	XAUUSD	M5	4485.26						4487.89388	4484.47858	0
1780586437	XAUUSD	M5	4487.90						4492.09152	4488.28505	0
1780586737	XAUUSD	M5	4491.51						4496.01283	4492.14894	0
1780587037	XAUUSD	M5	4501.28						4499.16640	4495.65767	0
1780587337	XAUUSD	M5	4503.83						4501.03549	4498.34658	0
1780587637	XAUUSD	M5	4511.65				4514.80000		4501.49771	4499.92215	0
1780587937	XAUUSD	M5	4497.24						4500.58616	4500.25415	0
1780588237	XAUUSD	M5	4498.29						4499.06546	4499.65981	1
1780588537	XAUUSD	M5	4493.89						4497.46963	4498.56472	0
1780588837	XAUUSD	M5	4492.47						4496.41598	4497.49035	0
1780589137	XAUUSD	M5	4497.45						4496.28350	4496.88693	0
1780589437	XAUUSD	M5	4498.87						4497.05605	4496.97149	1
1780589737	XAUUSD	M5	4499.19						4498.55883	4497.76516	0
1780590037	XAUUSD	M5	4498.94						4500.46253	4499.11384	0
1780590337	XAUUSD	M5	4502.12						4502.39070	4500.75227	0
1780590637	XAUUSD	M5	4505.07						4503.94299	4502.34763	0
1780590937	XAUUSD	M5	4508.45						4504.88830	4503.61797	0
1780591237	XAUUSD	M5	4504.15						4505.19807	4504.40802	0
1780591537	XAUUSD	M5	4505.12						4505.18776	4504.79789	0
1780591837	XAUUSD	M5	4504.82						4505.13660	4504.96724	0
1780592137	XAUUSD	M5	4503.18						4505.31111	4505.13918	0
1780592437	XAUUSD	M5	4507.86						4505.88183	4505.51050	0
1780592737	XAUUSD	M5	4504.81						4506.69073	4506.10062	0
1780593037	XAUUSD	M5	4504.66						4507.57949	4506.84005	0
1780593337	XAUUSD	M5	4506.46						4508.21938	4507.52972	0
1780593637	XAUUSD	M5	4509.28						4508.23234	4507.88103	0
1780593937	XAUUSD	M5	4514.99						4507.30045	4507.59074	1
1780594237	XAUUSD	M5	4510.02				4515.45000		4505.23988	4506.41531	0
1780594537	XAUUSD	M5	4498.64						4502.29458	4504.35494	0
1780594837	XAUUSD	M5	4495.70						4498.99406	4501.67450	0
1780595137	XAUUSD	M5	4495.51						4495.69306	4498.68378	0
1780595437	XAUUSD	M5	4490.05						4492.61280	4495.64829	0
1780595737	XAUUSD	M5	4487.79						4489.92821	4492.78825	0
1780596037	XAUUSD	M5	4487.57						4487.57606	4490.18216	0
1780596337	XAUUSD	M5	4485.20						4485.32225	4487.75220	0
1780596637	XAUUSD	M5	4486.14						4482.95918	4485.35569	0
1780596937	XAUUSD	M5	4484.21						4480.27250	4482.81410	0
1780597237	XAUUSD	M5	4480.22						4477.27981	4480.04695	0
1780597537	XAUUSD	M5	4474.55						4474.19357	4477.12026	0
1780597837	XAUUSD	M5	4466.53						4471.38828	4474.25427	0
1780598137	XAUUSD	M5	4464.08					4457.31000	4469.30729	4471.78078	0
1780598437	XAUUSD	M5	4465.93						4468.18278	4469.98178	0
1780598737	XAUUSD	M5	4470.34						4468.00473	4468.99325	0
1780599037	XAUUSD	M5	4470.31						4468.55069	4468.77197	0
1780599337	XAUUSD	M5	4471.91						4469.59216	4469.18206	1
1780599637	XAUUSD	M5	4473.55						4470.81865	4470.00036	0
1780599937	XAUUSD	M5	4470.85						4471.95001	4470.97518	0
1780600237	XAUUSD	M5	4470.87						4472.90174	4471.93846	0
1780600537	XAUUSD	M5	4471.87						4473.65352	4472.79599	0
1780600837	XAUUSD	M5	4477.10						4474.26165	4473.52882	0
1780601137	XAUUSD	M5	4472.73						4474.75598	4474.14240	0
1780601437	XAUUSD	M5	4474.41						4475.39640	4474.76940	0
1780601737	XAUUSD	M5	4477.98						4476.26060	4475.51500	0
1780602037	XAUUSD	M5	4477.37						4477.31369	4476.41435	0
1780602337	XAUUSD	M5	4476.36						4478.53778	4477.47606	0
1780602637	XAUUSD	M5	4482.62						4479.86508	4478.67057	0
1780602937	XAUUSD	M5	4479.09						4481.03457	4479.85257	0
1780603237	XAUUSD	M5	4483.30						4482.01667	4480.93462	0
1780603537	XAUUSD	M5	4484.32						4482.66180	4481.79821	0
1780603837	XAUUSD	M5	4483.56				4485.05000		4482.94792	4482.37306	0
1780604137	XAUUSD	M5	4480.67						4482.93098	4482.65202	0
1780604437	XAUUSD	M5	4481.94						4482.73025	4482.69113	0
1780604737	XAUUSD	M5	4481.46						4482.37656	4482.53385	1
1780605037	XAUUSD	M5	4481.68						4481.91275	4482.22330	0
1780605337	XAUUSD	M5	4481.78						4481.34176	4481.78253	0
1780605637	XAUUSD	M5	4482.85						4480.65960	4481.22107	0
1780605937	XAUUSD	M5	4481.47						4479.84461	4480.53284	0
1780606237	XAUUSD	M5	4479.61						4478.96036	4479.74660	0
1780606537	XAUUSD	M5	4475.99						4478.10732	4478.92696	0
1780606837	XAUUSD	M5	4475.57						4477.43956	4478.18326	0
1780607137	XAUUSD	M5	4475.46						4477.02882	4477.60604	0
1780607437	XAUUSD	M5	4476.97						4476.90478	4477.25541	0
1780607737	XAUUSD	M5	4479.86						4477.01922	4477.13731	0
1780608037	XAUUSD	M5	4478.19						4477.26625	4477.20178	1
1780608337	XAUUSD	M5	4476.86						4477.62857	4477.41518	0
1780608637	XAUUSD	M5	4478.70						4478.06648	4477.74083	0
1780608937	XAUUSD	M5	4478.43						4478.45795	4478.09939	0
1780609237	XAUUSD	M5	4478.20						4478.73275	4478.41607	0
1780609537	XAUUSD	M5	4477.22						4478.83015	4478.62311	0
1780609837	XAUUSD	M5	4477.46						4478.73006	4478.67659	0
1780610137	XAUUSD	M5	4478.87						4478.41314	4478.54486	1
1780610437	XAUUSD	M5	4478.73						4477.88520	4478.21503	0
1780610737	XAUUSD	M5	4480.25						4477.22308	4477.71905	0
1780611037	XAUUSD	M5	4478.23						4476.49954	4477.10930	0
1780611337	XAUUSD	M5	4473.76						4475.89018	4476.49974	0
1780611637	XAUUSD	M5	4473.70					4472.81000	4475.61097	4476.05535	0
1780611937	XAUUSD	M5	4474.36						4475.71852	4475.88693	0
1780612237	XAUUSD	M5	4475.47						4476.19294	4476.03994	1
1780612537	XAUUSD	M5	4477.99						4476.92887	4476.48441	0
1780612837	XAUUSD	M5	4478.13						4477.74955	4477.11698	0
1780613137	XAUUSD	M5	4481.46				4483.38000		4478.52438	4477.82068	0
1780613437	XAUUSD	M5	4478.50						4479.07596	4478.44832	0
1780613737	XAUUSD	M5	4478.22						4479.40932	4478.92882	0
1780614037	XAUUSD	M5	4478.80						4479.52939	4479.22910	0
1780614337	XAUUSD	M5	4479.32						4479.46597	4479.34754	0
1780614637	XAUUSD	M5	4480.20						4479.28401	4479.31577	1
1780614937	XAUUSD	M5	4478.78						4479.04823	4479.18200	0
1780615237	XAUUSD	M5	4479.14						4478.86651	4479.02425	0
1780615537	XAUUSD	M5	4478.07						4478.77776	4478.90101	0
1780615837	XAUUSD	M5	4478.48						4478.81803	4478.85952	0
1780616137	XAUUSD	M5	4478.48						4478.94931	4478.90442	1
1780616437	XAUUSD	M5	4480.73						4479.11150	4479.00796	0
1780616737	XAUUSD	M5	4479.76						4479.18565	4479.09681	0
1780617037	XAUUSD	M5	4479.50						4479.13216	4479.11448	0
1780617337	XAUUSD	M5	4477.97						4478.91480	4479.01464	1
1780617637	XAUUSD	M5	4477.76						4478.54138	4478.77801	0
1780617937	XAUUSD	M5	4477.75						4478.00454	4478.39128	0
1780618237	XAUUSD	M5	4477.75						4477.31817	4477.85473	0
1780618537	XAUUSD	M5	4475.97						4476.52802	4477.19137	0
1780618837	XAUUSD	M5	4476.20						4475.74711	4476.46924	0
1780619137	XAUUSD	M5	4475.15						4475.06551	4475.76737	0
1780619437	XAUUSD	M5	4474.79						4474.61263	4475.19000	0
1780619737	XAUUSD	M5	4475.81						4474.48407	4474.83704	0
1780620037	XAUUSD	M5	4475.40						4474.69600	4474.76652	0
1780623937	XAUUSD	M5	4473.89						4475.23820	4475.00236	1
1780624237	XAUUSD	M5	4474.90						4476.05753	4475.52994	0
1780624537	XAUUSD	M5	4475.38						4476.97604	4476.25299	0
1780624837	XAUUSD	M5	4477.89						4477.79659	4477.02479	0
1780625137	XAUUSD	M5	4479.46						4478.28438	4477.65459	0
1780625437	XAUUSD	M5	4478.96						4478.27208	4477.96333	0
1780625737	XAUUSD	M5	4478.22				4481.62000		4477.73305	4477.84819	1
1780626037	XAUUSD	M5	4479.09						4476.72302	4477.28560	0
1780626337	XAUUSD	M5	4475.18						4475.35091	4476.31826	0
1780626637	XAUUSD	M5	4473.55						4473.87497	4475.09662	0
1780626937	XAUUSD	M5	4469.73						4472.49106	4473.79384	0
1780627237	XAUUSD	M5	4469.48						4471.40465	4472.59924	0
1780627537	XAUUSD	M5	4470.09						4470.65275	4471.62600	0
1780627837	XAUUSD	M5	4471.77						4470.18042	4470.90321	0
1780628137	XAUUSD	M5	4471.12						4469.84711	4470.37516	0
1780628437	XAUUSD	M5	4470.00						4469.53662	4469.95589	0
1780628737	XAUUSD	M5	4471.61						4469.13983	4469.54786	0
1780629037	XAUUSD	M5	4469.39						4468.50954	4469.02870	0
1780629337	XAUUSD	M5	4465.76						4467.63173	4468.33022	0
1780629637	XAUUSD	M5	4463.75						4466.56141	4467.44581	0
1780629937	XAUUSD	M5	4463.41						4465.34719	4466.39650	0
1780630237	XAUUSD	M5	4464.04						4464.01216	4465.20433	0
1780630537	XAUUSD	M5	4464.38						4462.57268	4463.88851	0
1780630837	XAUUSD	M5	4461.82						4461.06466	4462.47658	0
1780631137	XAUUSD	M5	4462.22						4459.61991	4461.04825	0
1780631437	XAUUSD	M5	4461.45						4458.33383	4459.69104	0
1780631737	XAUUSD	M5	4455.32						4457.33344	4458.51224	0
1780632037	XAUUSD	M5	4452.31						4456.85935	4457.68580	0
1780632337	XAUUSD	M5	4454.52						4457.03352	4457.35966	0
1780632637	XAUUSD	M5	4457.64						4457.79535	4457.57750	1
1780632937	XAUUSD	M5	4460.48						4458.99348	4458.28549	0
1780633237	XAUUSD	M5	4464.33						4460.42781	4459.35665	0
1780633537	XAUUSD	M5	4463.09						4461.83915	4460.59790	0
1780633837	XAUUSD	M5	4461.51						4463.07745	4461.83767	0
1780634137	XAUUSD	M5	4465.17						4464.01529	4462.92648	0
1780634437	XAUUSD	M5	4459.64						4464.43261	4463.67955	0
1780634737	XAUUSD	M5	4466.08						4464.35304	4464.01630	0
1780635037	XAUUSD	M5	4464.37				4469.91000		4463.57488	4463.79559	1
1780635337	XAUUSD	M5	4460.44						4462.13900	4462.96729	0
1780635637	XAUUSD	M5	4462.94						4460.20281	4461.58505	0
1780635937	XAUUSD	M5	4455.37						4457.83143	4459.70824	0
1780636237	XAUUSD	M5	4458.50						4455.35714	4457.53269	0
1780636537	XAUUSD	M5	4453.99						4452.88579	4455.20924	0
1780636837	XAUUSD	M5	4449.70						4450.69316	4452.95120	0
1780637137	XAUUSD	M5	4446.01						4449.01892	4450.98506	0
1780637437	XAUUSD	M5	4446.61						4448.02060	4449.50283	0
1780637737	XAUUSD	M5	4450.60						4447.67107	4448.58695	0
1780638037	XAUUSD	M5	4446.96						4447.77464	4448.18080	0
1780638337	XAUUSD	M5	4449.43						4448.24599	4448.21339	1
1780638637	XAUUSD	M5	4447.48						4448.82643	4448.51991	0
1780638937	XAUUSD	M5	4449.51						4449.34779	4448.93385	0
1780639237	XAUUSD	M5	4447.57						4449.58430	4449.25907	0
1780639537	XAUUSD	M5	4452.98						4449.45546	4449.35727	0
1780639837	XAUUSD	M5	4451.28						4448.79258	4449.07492	1
1780640137	XAUUSD	M5	4445.03						4447.67507	4448.37500	0
1780640437	XAUUSD	M5	4445.12						4446.33979	4447.35739	0
1780640737	XAUUSD	M5	4442.98						4444.90326	4446.13033	0
1780641037	XAUUSD	M5	4445.66						4443.51812	4444.82423	0
1780641337	XAUUSD	M5	4443.25						4442.19741	4443.51082	0
1780641637	XAUUSD	M5	4440.55						4441.02805	4442.26944	0
1780641937	XAUUSD	M5	4438.40						4440.07616	4441.17280	0
1780642237	XAUUSD	M5	4439.94						4439.38086	4440.27683	0
1780642537	XAUUSD	M5	4441.01						4438.88883	4439.58283	0
1780642837	XAUUSD	M5	4438.58						4438.57667	4439.07975	0
1780643137	XAUUSD	M5	4437.45					4435.20000	4438.50763	4438.79369	0
1780643437	XAUUSD	M5	4436.76						4438.71657	4438.75513	0
1780643737	XAUUSD	M5	4439.81						4439.21290	4438.98401	1
1780644037	XAUUSD	M5	4440.49						4439.87112	4439.42756	0
1780644337	XAUUSD	M5	4441.06						4440.58567	4440.00662	0
1780644637	XAUUSD	M5	4441.27						4441.23787	4440.62224	0
1780644937	XAUUSD	M5	4440.77						4441.70675	4441.16450	0
1780645237	XAUUSD	M5	4442.45						4441.91309	4441.53879	0
1780645537	XAUUSD	M5	4442.57						4441.77859	4441.65869	0
1780645837	XAUUSD	M5	4440.59						4441.33290	4441.49580	1
1780646137	XAUUSD	M5	4441.65						4440.72643	4441.11111	0
1780646437	XAUUSD	M5	4439.35						4440.09444	4440.60278	0
1780646737	XAUUSD	M5	4439.71						4439.65400	4440.12839	0
1780647037	XAUUSD	M5	4439.71						4439.54308	4439.83574	0
1780647337	XAUUSD	M5	4439.53						4439.85136	4439.84355	1
1780647637	XAUUSD	M5	4441.69						4440.58667	4440.21511	0
1780647937	XAUUSD	M5	4440.74						4441.62924	4440.92218	0
1780648237	XAUUSD	M5	4441.21						4442.87013	4441.89615	0
1780648537	XAUUSD	M5	4444.19						4444.14570	4443.02093	0
1780648837	XAUUSD	M5	4444.93						4445.24488	4444.13290	0
1780649137	XAUUSD	M5	4447.66				4450.02000		4446.06295	4445.09793	0
1780649437	XAUUSD	M5	4447.39						4446.52303	4445.81048	0
1780649737	XAUUSD	M5	4449.05						4446.67065	4446.24056	0
1780650037	XAUUSD	M5	4445.49						4446.53725	4446.38891	0
1780650337	XAUUSD	M5	4445.01						4446.26356	4446.32624	1
1780650637	XAUUSD	M5	4444.76						4445.89450	4446.11037	0
1780650937	XAUUSD	M5	4442.76						4445.42325	4445.76681	0
1780651237	XAUUSD	M5	4445.49						4444.84511	4445.30596	0
1780651537	XAUUSD	M5	4443.53						4444.04447	4444.67521	0
1780651837	XAUUSD	M5	4447.53						4443.04702	4443.86112	0
1780652137	XAUUSD	M5	4443.57						4441.81659	4442.83885	0
1780652437	XAUUSD	M5	4440.00						4440.57550	4441.70718	0
1780652737	XAUUSD	M5	4437.56						4439.58763	4440.64740	0
1780653037	XAUUSD	M5	4440.30						4439.09610	4439.87175	0
1780653337	XAUUSD	M5	4436.64						4439.17947	4439.52561	0
1780653637	XAUUSD	M5	4436.70					4428.84000	4439.97090	4439.74825	1
1780653937	XAUUSD	M5	4444.14						4441.41534	4440.58180	0
1780654237	XAUUSD	M5	4442.37						4443.20923	4441.89552	0
1780654537	XAUUSD	M5	4446.67						4445.22210	4443.55881	0
1780654837	XAUUSD	M5	4448.40						4447.21403	4445.38642	0
1780655137	XAUUSD	M5	4448.41						4449.07248	4447.22945	0
1780655437	XAUUSD	M5	4453.60						4450.80529	4449.01737	0
1780655737	XAUUSD	M5	4451.17						4452.39225	4450.70481	0
1780656037	XAUUSD	M5	4452.81						4454.02766	4452.36624	0
1780656337	XAUUSD	M5	4454.69						4455.80374	4454.08499	0
1780656637	XAUUSD	M5	4457.38						4457.73621	4455.91060	0
1780656937	XAUUSD	M5	4458.50						4459.72619	4457.81840	0
1780657237	XAUUSD	M5	4461.71						4461.62343	4459.72091	0
1780657537	XAUUSD	M5	4464.13						4463.18399	4461.45245	0
1780657837	XAUUSD	M5	4467.11						4464.19114	4462.82179	0
1780658137	XAUUSD	M5	4466.12						4464.49653	4463.65916	0
1780658437	XAUUSD	M5	4461.99						4464.16001	4463.90959	0
1780658737	XAUUSD	M5	4462.10						4463.42904	4463.66931	1
1780659037	XAUUSD	M5	4462.71						4462.53141	4463.10036	0
1780659337	XAUUSD	M5	4461.81						4461.70586	4462.40311	0
1780659637	XAUUSD	M5	4460.88						4461.17600	4461.78956	0
1780659937	XAUUSD	M5	4461.56						4461.07605	4461.43280	0
1780660237	XAUUSD	M5	4460.75						4461.39031	4461.41156	0
1780660537	XAUUSD	M5	4461.10						4462.02171	4461.71663	1
1780660837	XAUUSD	M5	4463.00						4462.78081	4462.24872	0
1780661137	XAUUSD	M5	4463.73						4463.42508	4462.83690	0
1780661437	XAUUSD	M5	4466.82						4463.79737	4463.31713	0
1780661737	XAUUSD	M5	4463.42						4463.77881	4463.54797	0
1780662037	XAUUSD	M5	4461.94						4463.50074	4463.52435	1
1780662337	XAUUSD	M5	4461.88						4463.11588	4463.32012	0
1780662637	XAUUSD	M5	4463.55						4462.78575	4463.05294	0
1780662937	XAUUSD	M5	4463.84						4462.60387	4462.82840	0
1780663237	XAUUSD	M5	4462.68						4462.63604	4462.73222	0
1780663537	XAUUSD	M5	4461.01						4462.91782	4462.82502	1
1780663837	XAUUSD	M5	4460.79						4463.42873	4463.12687	0
1780664137	XAUUSD	M5	4466.03						4464.07222	4463.59955	0
1780664437	XAUUSD	M5	4467.68				4469.44000		4464.61599	4464.10777	0
1780664737	XAUUSD	M5	4466.70						4464.93568	4464.52172	0
1780665037	XAUUSD	M5	4462.94						4465.03053	4464.77612	0
1780665337	XAUUSD	M5	4463.74						4465.02050	4464.89831	0
1780665637	XAUUSD	M5	4463.36						4464.95584	4464.92708	0
1780665937	XAUUSD	M5	4465.96						4464.90613	4464.91660	1
1780666237	XAUUSD	M5	4465.32						4464.85766	4464.88713	0
1780666537	XAUUSD	M5	4465.55						4464.83943	4464.86328	0
1780666837	XAUUSD	M5	4464.90						4464.84691	4464.85510	0
1780667137	XAUUSD	M5	4463.51						4464.87933	4464.86721	1
1780667437	XAUUSD	M5	4464.84						4464.95797	4464.91259	0
1780667737	XAUUSD	M5	4465.18						4465.04390	4464.97825	0
1780668037	XAUUSD	M5	4465.41						4465.11219	4465.04522	0
1780668337	XAUUSD	M5	4467.20						4465.15821	4465.10171	0
1780668637	XAUUSD	M5	4465.99						4465.17046	4465.13609	0
1780668937	XAUUSD	M5	4462.95						4465.19164	4465.16387	0
1780669237	XAUUSD	M5	4463.25						4465.27131	4465.21759	0
1780669537	XAUUSD	M5	4464.56						4465.36563	4465.29161	0
1780669837	XAUUSD	M5	4466.78						4465.39903	4465.34532	0
1780670137	XAUUSD	M5	4466.26						4465.28789	4465.31661	1
1780670437	XAUUSD	M5	4467.02						4465.04588	4465.18124	0
1780670737	XAUUSD	M5	4463.90						4464.68553	4464.93338	0
1780671037	XAUUSD	M5	4466.84						4464.32757	4464.63048	0
1780671337	XAUUSD	M5	4461.42						4463.96982	4464.30015	0
1780671637	XAUUSD	M5	4461.79						4463.77438	4464.03727	0
1780671937	XAUUSD	M5	4461.59						4463.75178	4463.89452	0
1780672237	XAUUSD	M5	4466.09						4463.90521	4463.89986	1
1780672537	XAUUSD	M5	4465.32						4464.16263	4464.03125	0
1780672837	XAUUSD	M5	4463.40						4464.57658	4464.30391	0
1780673137	XAUUSD	M5	4464.95						4465.25207	4464.77799	0
1780673437	XAUUSD	M5	4466.95						4466.22065	4465.49932	0
1780673737	XAUUSD	M5	4471.96						4467.45253	4466.47593	0
1780674037	XAUUSD	M5	4470.13						4468.77970	4467.62781	0
1780674337	XAUUSD	M5	4465.28						4470.05125	4468.83953	0
1780674637	XAUUSD	M5	4467.73						4471.04256	4469.94105	0
1780674937	XAUUSD	M5	4469.28						4471.23344	4470.58724	0
1780675237	XAUUSD	M5	4472.87						4470.06964	4470.32844	1
1780675537	XAUUSD	M5	4468.57				4475.64000		4467.03655	4468.68250	0
1780675837	XAUUSD	M5	4465.15						4462.01608	4465.34929	0
1780676137	XAUUSD	M5	4453.22						4455.17652	4460.26290	0
1780676437	XAUUSD	M5	4443.95						4447.19066	4453.72678	0
1780676737	XAUUSD	M5	4445.81						4438.88638	4446.30658	0
1780677037	XAUUSD	M5	4440.16						4430.90826	4438.60742	0
1780677337	XAUUSD	M5	4417.00						4423.96250	4431.28496	0
1780677637	XAUUSD	M5	4406.35						4418.88874	4425.08685	0
1780677937	XAUUSD	M5	4411.96						4415.85250	4420.46968	0
1780678237	XAUUSD	M5	4416.50						4414.25235	4417.36101	0
1780678537	XAUUSD	M5	4418.53						4413.23396	4415.29748	0
1780678837	XAUUSD	M5	4417.53						4411.92889	4413.61319	0
1780679137	XAUUSD	M5	4409.93						4409.67952	4411.64635	0
1780679437	XAUUSD	M5	4405.16						4406.26607	4408.95621	0
1780679737	XAUUSD	M5	4404.97						4401.73933	4405.34777	0
1780680037	XAUUSD	M5	4392.30						4396.32488	4400.83633	0
1780680337	XAUUSD	M5	4389.52						4390.67655	4395.75644	0
1780680637	XAUUSD	M5	4383.77						4385.22638	4390.49141	0
1780680937	XAUUSD	M5	4385.08						4380.32819	4385.40980	0
1780681237	XAUUSD	M5	4365.81						4375.97199	4380.69090	0
1780681537	XAUUSD	M5	4372.32						4372.40682	4376.54886	0
1780681837	XAUUSD	M5	4374.74						4369.19248	4372.87067	0
1780682137	XAUUSD	M5	4366.17						4365.99397	4369.43232	0
1780682437	XAUUSD	M5	4369.46						4362.87139	4366.15186	0
1780682737	XAUUSD	M5	4357.52						4359.80756	4362.97971	0
1780683037	XAUUSD	M5	4361.01						4357.29319	4360.13645	0
1780683337	XAUUSD	M5	4353.06						4355.54953	4357.84299	0
1780683637	XAUUSD	M5	4348.61						4354.99970	4356.42135	0
1780683937	XAUUSD	M5	4349.26						4355.78842	4356.10488	0
1780684237	XAUUSD	M5	4356.58						4357.66413	4356.88451	1
1780684537	XAUUSD	M5	4362.96						4359.96977	4358.42714	0
1780684837	XAUUSD	M5	4369.70						4361.93354	4360.18034	0
1780685137	XAUUSD	M5	4368.46						4362.80518	4361.49276	0
1780685437	XAUUSD	M5	4362.16						4362.21828	4361.85552	0
1780685737	XAUUSD	M5	4353.29						4360.20315	4361.02934	1
1780686037	XAUUSD	M5	4355.34						4357.12785	4359.07859	0
1780686337	XAUUSD	M5	4352.82						4353.32881	4356.20370	0
1780686637	XAUUSD	M5	4351.89						4349.34422	4352.77396	0
1780686937	XAUUSD	M5	4346.92						4345.62595	4349.19996	0
1780687237	XAUUSD	M5	4340.15						4342.55218	4345.87607	0
1780687537	XAUUSD	M5	4338.81						4340.31815	4343.09711	0
1780687837	XAUUSD	M5	4339.23						4338.78318	4340.94015	0
1780688137	XAUUSD	M5	4340.99						4337.61355	4339.27685	0
1780688437	XAUUSD	M5	4335.51						4336.42601	4337.85143	0
1780688737	XAUUSD	M5	4334.14						4335.08692	4336.46918	0
1780689037	XAUUSD	M5	4332.83						4333.52826	4334.99872	0
1780689337	XAUUSD	M5	4333.58						4331.87466	4333.43669	0
1780689637	XAUUSD	M5	4330.50						4330.33583	4331.88626	0
1780689937	XAUUSD	M5	4328.59						4329.26606	4330.57616	0
1780690237	XAUUSD	M5	4329.73						4328.95320	4329.76468	0
1780690537	XAUUSD	M5	4328.76					4323.64000	4329.50767	4329.63618	0
1780690837	XAUUSD	M5	4331.87						4330.89705	4330.26661	1
1780691137	XAUUSD	M5	4327.87						4332.84779	4331.55720	0
1780691437	XAUUSD	M5	4333.99						4335.16205	4333.35962	0
1780691737	XAUUSD	M5	4338.16						4337.37994	4335.36978	0
1780692037	XAUUSD	M5	4344.61						4339.17270	4337.27124	0
1780692337	XAUUSD	M5	4344.23						4340.28683	4338.77904	0
1780692637	XAUUSD	M5	4339.10						4340.80535	4339.79219	0
1780692937	XAUUSD	M5	4339.56						4341.04014	4340.41617	0
1780693237	XAUUSD	M5	4338.42						4341.21153	4340.81385	0
1780693537	XAUUSD	M5	4339.17						4341.51049	4341.16217	0
1780693837	XAUUSD	M5	4342.45						4341.97182	4341.56700	0
1780694137	XAUUSD	M5	4343.12						4342.43304	4342.00002	0
1780694437	XAUUSD	M5	4345.12						4342.69275	4342.34639	0
1780694737	XAUUSD	M5	4341.28				4347.32000		4342.47147	4342.40893	0
1780695037	XAUUSD	M5	4339.94						4341.64338	4342.02615	1
1780695337	XAUUSD	M5	4343.45						4340.10408	4341.06512	0
1780695637	XAUUSD	M5	4341.68						4337.77393	4339.41952	0
1780695937	XAUUSD	M5	4333.58						4334.83956	4337.12954	0
1780696237	XAUUSD	M5	4329.99						4331.74563	4334.43758	0
1780696537	XAUUSD	M5	4323.31						4328.86032	4331.64895	0
1780696837	XAUUSD	M5	4326.24						4326.54656	4329.09776	0
1780697137	XAUUSD	M5	4327.31						4324.81875	4326.95825	0
1780697437	XAUUSD	M5	4325.94						4323.59795	4325.27810	0
1780697737	XAUUSD	M5	4325.10						4322.76245	4324.02028	0
1780698037	XAUUSD	M5	4320.38						4322.13592	4323.07810	0
1780698337	XAUUSD	M5	4318.16						4321.63364	4322.35587	0
1780698637	XAUUSD	M5	4321.70						4321.15662	4321.75624	0
1780698937	XAUUSD	M5	4320.66						4320.58339	4321.16982	0
1780699237	XAUUSD	M5	4322.37						4319.99387	4320.58184	0
1780699537	XAUUSD	M5	4320.86						4319.47491	4320.02837	0
1780699837	XAUUSD	M5	4319.85						4319.19001	4319.60919	0
1780700137	XAUUSD	M5	4315.37						4319.24438	4319.42679	0
1780700437	XAUUSD	M5	4318.53						4319.73285	4319.57982	1
1780700737	XAUUSD	M5	4319.19						4320.45818	4320.01900	0
1780701037	XAUUSD	M5	4323.85						4321.18974	4320.60437	0
1780701337	XAUUSD	M5	4322.93						4321.58845	4321.09641	0
1780701637	XAUUSD	M5	4322.24						4321.48275	4321.28958	0
1780701937	XAUUSD	M5	4318.85						4320.81301	4321.05129	1
1780702237	XAUUSD	M5	4320.78						4319.70437	4320.37783	0
1780702537	XAUUSD	M5	4318.33						4318.29116	4319.33450	0
1780702837	XAUUSD	M5	4318.75						4316.89411	4318.11430	0
1780703137	XAUUSD	M5	4313.73						4315.79347	4316.95388	0
1780703437	XAUUSD	M5	4314.04						4315.35419	4316.15404	0
1780703737	XAUUSD	M5	4315.59						4315.70764	4315.93084	0
1780704037	XAUUSD	M5	4315.45						4316.81804	4316.37444	1
1780704337	XAUUSD	M5	4319.86						4318.54518	4317.45981	0
1780704637	XAUUSD	M5	4322.47						4320.54701	4319.00341	0
1780704937	XAUUSD	M5	4322.48						4322.49930	4320.75135	0
1780705237	XAUUSD	M5	4323.10						4324.17500	4322.46318	0
1780705537	XAUUSD	M5	4324.13						4325.40550	4323.93434	0
1780705837	XAUUSD	M5	4327.47						4326.11348	4325.02391	0
1780706137	XAUUSD	M5	4327.66						4326.25356	4325.63874	0
1780706437	XAUUSD	M5	4328.74						4325.93674	4325.78774	0
1780883137	XAUUSD	M5	4320.90				4336.07000		4325.30844	4325.54809	1
1780883437	XAUUSD	M5	4319.03					4310.29000	4324.71284	4325.13046	0
1780883737	XAUUSD	M5	4330.05						4324.30642	4324.71844	0
1780884037	XAUUSD	M5	4327.66						4323.88243	4324.30044	0
1780884337	XAUUSD	M5	4323.06						4323.48518	4323.89281	0
1780884637	XAUUSD	M5	4316.74						4323.19336	4323.54308	0
1780884937	XAUUSD	M5	4323.38						4323.11158	4323.32733	0
1780885237	XAUUSD	M5	4325.88						4323.06890	4323.19812	0
1780885537	XAUUSD	M5	4326.26						4323.02184	4323.10998	0
1780885837	XAUUSD	M5	4322.59						4323.03406	4323.07202	0
1780886137	XAUUSD	M5	4323.37						4323.28710	4323.17956	1
1780886437	XAUUSD	M5	4317.47						4323.85448	4323.51702	0
1780886737	XAUUSD	M5	4325.96						4324.93128	4324.22415	0
1780887037	XAUUSD	M5	4326.78						4326.33548	4325.27982	0
1780887337	XAUUSD	M5	4330.85						4328.01159	4326.64571	0
1780887637	XAUUSD	M5	4331.38						4329.80944	4328.22757	0
1780887937	XAUUSD	M5	4330.21						4331.67047	4329.94902	0
1780888237	XAUUSD	M5	4334.02						4333.59384	4331.77143	0
1780888537	XAUUSD	M5	4333.84						4335.48294	4333.62718	0
1780888837	XAUUSD	M5	4336.73						4337.35557	4335.49138	0
1780889137	XAUUSD	M5	4338.96						4339.16384	4337.32761	0
1780889437	XAUUSD	M5	4341.97						4340.87065	4339.09913	0
1780889737	XAUUSD	M5	4343.42						4342.42091	4340.76002	0
1780890037	XAUUSD	M5	4343.96						4343.78198	4342.27100	0
1780890337	XAUUSD	M5	4344.88						4344.95795	4343.61447	0
1780890637	XAUUSD	M5	4345.37						4345.96406	4344.78927	0
1780890937	XAUUSD	M5	4343.65						4346.82828	4345.80877	0
1780891237	XAUUSD	M5	4347.71						4347.62160	4346.71519	0
1780891537	XAUUSD	M5	4351.27						4348.26274	4347.48897	0
1780891837	XAUUSD	M5	4351.37				4353.21000		4348.65238	4348.07067	0
1780892137	XAUUSD	M5	4349.14						4348.71533	4348.39300	0
1780892437	XAUUSD	M5	4347.66						4348.37607	4348.38454	1
1780892737	XAUUSD	M5	4345.29						4347.48715	4347.93585	0
1780893037	XAUUSD	M5	4342.42						4345.88949	4346.91267	0
1780893337	XAUUSD	M5	4341.58						4343.47538	4345.19402	0
1780893637	XAUUSD	M5	4342.43						4340.18970	4342.69186	0
1780893937	XAUUSD	M5	4339.22						4336.09583	4339.39385	0
1780894237	XAUUSD	M5	4336.65						4331.50539	4335.44962	0
1780894537	XAUUSD	M5	4327.14						4326.86342	4331.15652	0
1780894837	XAUUSD	M5	4318.23						4322.83245	4326.99448	0
1780895137	XAUUSD	M5	4321.86						4319.99880	4323.49664	0
1780895437	XAUUSD	M5	4314.77						4318.48307	4320.98986	0
1780895737	XAUUSD	M5	4315.21					4299.83000	4318.40691	4319.69838	0
1780896037	XAUUSD	M5	4317.13						4319.45948	4319.57893	0
1780896337	XAUUSD	M5	4326.20						4321.10369	4320.34131	1
1780896637	XAUUSD	M5	4323.55						4322.56915	4321.45523	0
1780896937	XAUUSD	M5	4324.37						4323.42451	4322.43987	0
1780897237	XAUUSD	M5	4325.44						4323.34692	4322.89339	0
1780897537	XAUUSD	M5	4322.83						4322.24297	4322.56818	1
1780897837	XAUUSD	M5	4319.05						4320.35322	4321.46070	0
1780898137	XAUUSD	M5	4316.75						4318.10557	4319.78314	0
1780898437	XAUUSD	M5	4312.15						4315.94731	4317.86522	0
1780898737	XAUUSD	M5	4316.43						4314.30306	4316.08414	0
1780899037	XAUUSD	M5	4315.09						4313.24650	4314.66532	0
1780899337	XAUUSD	M5	4309.55						4312.79454	4313.72993	0
1780899637	XAUUSD	M5	4311.83						4312.89058	4313.31026	0
1780899937	XAUUSD	M5	4315.99						4313.19908	4313.25467	0
1780900237	XAUUSD	M5	4317.38						4313.32100	4313.28783	1
1780900537	XAUUSD	M5	4312.04						4312.97745	4313.13264	1
1780900837	XAUUSD	M5	4310.65						4312.17747	4312.65505	0
1780901137	XAUUSD	M5	4311.21						4310.99062	4311.82284	0
1780901437	XAUUSD	M5	4308.35						4309.58559	4310.70421	0
1780901737	XAUUSD	M5	4304.81						4308.24312	4309.47367	0
1780902037	XAUUSD	M5	4307.51					4303.52000	4307.26347	4308.36857	0
1780902337	XAUUSD	M5	4310.42						4306.75389	4307.56123	0
1780902637	XAUUSD	M5	4307.23						4306.74199	4307.15161	0
1780902937	XAUUSD	M5	4307.04						4307.32734	4307.23948	1
1780903237	XAUUSD	M5	4307.62						4308.47982	4307.85965	0
1780903537	XAUUSD	M5	4309.95						4310.11462	4308.98714	0
1780903837	XAUUSD	M5	4312.35						4312.07099	4310.52906	0
1780904137	XAUUSD	M5	4314.95						4314.14727	4312.33817	0
1780904437	XAUUSD	M5	4316.92						4316.08938	4314.21378	0
1780904737	XAUUSD	M5	4315.19						4317.65955	4315.93666	0
1780905037	XAUUSD	M5	4318.09						4318.71072	4317.32369	0
1780905337	XAUUSD	M5	4318.68						4319.03232	4318.17801	0
1780905637	XAUUSD	M5	4318.62				4321.74000		4318.54704	4318.36252	0
1780905937	XAUUSD	M5	4317.90						4317.33276	4317.84764	1
1780906237	XAUUSD	M5	4319.96						4315.61263	4316.73014	0
1780906537	XAUUSD	M5	4313.46						4313.65448	4315.19231	0
1780906837	XAUUSD	M5	4311.12						4311.96644	4313.57937	0
1780907137	XAUUSD	M5	4307.82						4310.90263	4312.24100	0
1780907437	XAUUSD	M5	4310.11						4310.67073	4311.45587	0
1780907737	XAUUSD	M5	4311.65						4311.13193	4311.29390	0
1780908037	XAUUSD	M5	4312.80						4311.92382	4311.60886	1
1780908337	XAUUSD	M5	4315.21						4312.55446	4312.08166	0
1780908637	XAUUSD	M5	4310.36						4312.45264	4312.26715	0
1780908937	XAUUSD	M5	4305.19						4311.29304	4311.78010	1
1780909237	XAUUSD	M5	4309.41						4308.96205	4310.37107	0
1780909537	XAUUSD	M5	4311.31						4305.40992	4307.89050	0
1780909837	XAUUSD	M5	4311.93						4300.94330	4304.41690	0
1780910137	XAUUSD	M5	4287.02						4296.14505	4300.28098	0
1780910437	XAUUSD	M5	4291.39					4268.66000	4292.27527	4296.27812	0
1780910737	XAUUSD	M5	4287.87						4289.84864	4293.06338	0
1780911037	XAUUSD	M5	4286.72						4289.30900	4291.18619	0
1780911337	XAUUSD	M5	4289.61						4290.69605	4290.94112	0
1780911637	XAUUSD	M5	4291.94						4293.61113	4292.27613	1
1780911937	XAUUSD	M5	4303.65						4297.39542	4294.83577	0
1780912237	XAUUSD	M5	4302.48						4301.04681	4297.94129	0
1780912537	XAUUSD	M5	4303.37						4303.91318	4300.92723	0
1780912837	XAUUSD	M5	4303.18						4305.49424	4303.21074	0
1780913137	XAUUSD	M5	4308.41						4305.61575	4304.41325	0
1780913437	XAUUSD	M5	4305.75						4304.31298	4304.36311	1
1780913737	XAUUSD	M5	4299.29						4302.07797	4303.22054	0
1780914037	XAUUSD	M5	4296.56						4299.65356	4301.43705	0
1780914337	XAUUSD	M5	4298.41						4297.70860	4299.57283	0
1780914637	XAUUSD	M5	4297.44						4296.66990	4298.12136	0
1780914937	XAUUSD	M5	4297.89						4296.80913	4297.46525	0
1780915237	XAUUSD	M5	4300.07						4298.11167	4297.78846	1
1780915537	XAUUSD	M5	4299.24						4300.29056	4299.03951	0
1780915837	XAUUSD	M5	4300.61						4302.96650	4301.00301	0
1780916137	XAUUSD	M5	4305.33						4305.60804	4303.30552	0
1780916437	XAUUSD	M5	4306.26						4307.65926	4305.48239	0
1780916737	XAUUSD	M5	4314.11						4308.76586	4307.12412	0
1780917037	XAUUSD	M5	4306.16				4316.96000		4308.62329	4307.87371	0
1780917337	XAUUSD	M5	4308.17						4307.47023	4307.67197	1
1780917637	XAUUSD	M5	4307.81						4305.46949	4306.57073	0
1780917937	XAUUSD	M5	4301.77						4302.91048	4304.74060	0
1780918237	XAUUSD	M5	4298.57						4300.21392	4302.47726	0
1780918537	XAUUSD	M5	4296.56						4297.67384	4300.07555	0
1780918837	XAUUSD	M5	4294.50						4295.46052	4297.76804	0
1780919137	XAUUSD	M5	4293.29						4293.65555	4295.71180	0
1780919437	XAUUSD	M5	4294.65						4292.27246	4293.99213	0
1780919737	XAUUSD	M5	4291.84						4291.22111	4292.60662	0
1780920037	XAUUSD	M5	4292.80						4290.50457	4291.55560	0
1780920337	XAUUSD	M5	4288.89						4290.05951	4290.80755	0
1780920637	XAUUSD	M5	4288.16						4289.92765	4290.36760	0
1780920937	XAUUSD	M5	4291.37						4290.05010	4290.20885	0
1780921237	XAUUSD	M5	4287.55						4290.23819	4290.22352	1
1780921537	XAUUSD	M5	4290.79						4290.42845	4290.32599	0
1780921837	XAUUSD	M5	4291.17						4290.37824	4290.35212	0
1780922137	XAUUSD	M5	4288.45						4289.94661	4290.14936	1
1780922437	XAUUSD	M5	4288.78						4289.15049	4289.64993	0
1780922737	XAUUSD	M5	4290.83						4288.05473	4288.85233	0
1780923037	XAUUSD	M5	4285.28						4286.79107	4287.82170	0
1780923337	XAUUSD	M5	4289.02						4285.73708	4286.77939	0
1780923637	XAUUSD	M5	4287.97						4285.06008	4285.91973	0
1780923937	XAUUSD	M5	4286.53						4284.97398	4285.44685	0
1780924237	XAUUSD	M5	4279.87						4285.58350	4285.51518	1
1780924537	XAUUSD	M5	4273.98					4273.02000	4286.96008	4286.23763	0
1780924837	XAUUSD	M5	4293.84						4289.01601	4287.62682	0
1780925137	XAUUSD	M5	4293.68						4290.99787	4289.31234	0
1780925437	XAUUSD	M5	4301.13						4292.63342	4290.97288	0
1780925737	XAUUSD	M5	4293.67						4293.59754	4292.28521	0
1780926037	XAUUSD	M5	4294.31						4294.05263	4293.16892	0
1780926337	XAUUSD	M5	4290.57						4294.13522	4293.65207	0
1780926637	XAUUSD	M5	4294.92						4294.14406	4293.89807	0
1780926937	XAUUSD	M5	4294.59						4294.19230	4294.04518	0
1780927237	XAUUSD	M5	4290.16						4294.44035	4294.24277	0
1780927537	XAUUSD	M5	4291.39						4295.05707	4294.64992	0
1780927837	XAUUSD	M5	4293.83						4295.99045	4295.32018	0
1780928137	XAUUSD	M5	4304.01						4297.10588	4296.21303	0
1780928437	XAUUSD	M5	4299.93						4298.12749	4297.17026	0
1780928737	XAUUSD	M5	4304.93						4299.18797	4298.17912	0
1780929037	XAUUSD	M5	4300.61						4300.32700	4299.25306	0
1780929337	XAUUSD	M5	4298.55						4301.86507	4300.55906	0
1780929637	XAUUSD	M5	4302.06						4304.07422	4302.31664	0
1780929937	XAUUSD	M5	4300.05						4307.02213	4304.66939	0
1780930237	XAUUSD	M5	4306.20						4310.75397	4307.71168	0
1780930537	XAUUSD	M5	4318.58						4314.97176	4311.34172	0
1780930837	XAUUSD	M5	4326.93						4319.12324	4315.23248	0
1780931137	XAUUSD	M5	4324.92						4322.71557	4318.97402	0
1780931437	XAUUSD	M5	4325.31						4325.54149	4322.25776	0
1780931737	XAUUSD	M5	4330.01						4327.45667	4324.85721	0
1780932037	XAUUSD	M5	4325.51						4328.35703	4326.60712	0
1780932337	XAUUSD	M5	4324.05						4328.49075	4327.54893	0
1780932637	XAUUSD	M5	4323.95						4328.12990	4327.83942	0
1780932937	XAUUSD	M5	4326.76						4327.56104	4327.70023	1
1780933237	XAUUSD	M5	4331.28						4327.00220	4327.35121	0
1780933537	XAUUSD	M5	4330.85						4326.59011	4326.97066	0
1780933837	XAUUSD	M5	4330.66						4326.50025	4326.73545	0
1780934137	XAUUSD	M5	4322.88						4326.80074	4326.76810	1
1780934437	XAUUSD	M5	4325.20						4327.64657	4327.20733	0
1780934737	XAUUSD	M5	4329.15						4328.86016	4328.03375	0
1780935037	XAUUSD	M5	4330.13						4330.14327	4329.08851	0
1780935337	XAUUSD	M5	4328.27						4331.22486	4330.15668	0
1780935637	XAUUSD	M5	4330.10						4331.92867	4331.04268	0
1780935937	XAUUSD	M5	4335.74						4332.06098	4331.55183	0
1780936237	XAUUSD	M5	4332.68						4331.47518	4331.51351	1
1780936537	XAUUSD	M5	4330.01						4330.36611	4330.93981	0
1780936837	XAUUSD	M5	4333.10						4329.05241	4329.99611	0
1780937137	XAUUSD	M5	4328.74						4327.81142	4328.90376	0
1780937437	XAUUSD	M5	4324.46						4327.07763	4327.99070	0
1780937737	XAUUSD	M5	4323.84						4327.20024	4327.59547	0
1780938037	XAUUSD	M5	4325.41						4328.25786	4327.92666	1
1780938337	XAUUSD	M5	4331.79						4330.07558	4329.00112	0
1780938637	XAUUSD	M5	4331.33						4332.16440	4330.58276	0
1780938937	XAUUSD	M5	4333.45						4334.07801	4332.33039	0
1780939237	XAUUSD	M5	4341.20				4346.65000		4335.31373	4333.82206	0
1780939537	XAUUSD	M5	4336.42						4335.34821	4334.58514	0
1780939837	XAUUSD	M5	4332.54						4334.13729	4334.36121	1
1780940137	XAUUSD	M5	4334.15						4331.85711	4333.10916	0
1780940437	XAUUSD	M5	4326.79						4328.77703	4330.94310	0
1780940737	XAUUSD	M5	4322.59						4325.48540	4328.21425	0
1780941037	XAUUSD	M5	4320.64						4322.50823	4325.36124	0
1780941337	XAUUSD	M5	4319.56						4320.24322	4322.80223	0
1780941637	XAUUSD	M5	4321.81						4318.90510	4320.85366	0
1780941937	XAUUSD	M5	4318.69						4318.46284	4319.65825	0
1780942237	XAUUSD	M5	4320.06						4318.86828	4319.26326	0
1780942537	XAUUSD	M5	4322.14						4319.87175	4319.56751	1
1780942837	XAUUSD	M5	4319.87					4315.15000	4321.19061	4320.37906	0
1780943137	XAUUSD	M5	4322.57						4322.66753	4321.52329	0
1780943437	XAUUSD	M5	4317.76						4324.10387	4322.81358	0
1780943737	XAUUSD	M5	4326.33						4325.53132	4324.17245	0
1780944037	XAUUSD	M5	4331.06						4326.74865	4325.46055	0
1780944337	XAUUSD	M5	4329.00						4327.70210	4326.58133	0
1780944637	XAUUSD	M5	4328.58						4328.55117	4327.56625	0
1780944937	XAUUSD	M5	4325.45						4329.43153	4328.49889	0
1780945237	XAUUSD	M5	4331.78						4330.51684	4329.50786	0
1780945537	XAUUSD	M5	4335.38						4331.73138	4330.61962	0
1780945837	XAUUSD	M5	4330.68						4333.02301	4331.82131	0
1780946137	XAUUSD	M5	4332.26						4334.48248	4333.15190	0
1780946437	XAUUSD	M5	4336.68						4336.03050	4334.59120	0
1780946737	XAUUSD	M5	4339.41						4337.50645	4336.04883	0
1780947037	XAUUSD	M5	4335.43						4338.78770	4337.41826	0
1780947337	XAUUSD	M5	4342.82						4339.91600	4338.66713	0
1780947637	XAUUSD	M5	4341.94						4340.70394	4339.68554	0
1780947937	XAUUSD	M5	4341.30						4341.19969	4340.44261	0
1780948237	XAUUSD	M5	4339.79						4341.48113	4340.96187	0
1780948537	XAUUSD	M5	4340.96						4341.65582	4341.30885	0
1780948837	XAUUSD	M5	4342.79						4341.77265	4341.54075	0
1780949137	XAUUSD	M5	4341.13						4341.84450	4341.69262	0
1780949437	XAUUSD	M5	4340.95						4341.92549	4341.80906	0
1780949737	XAUUSD	M5	4342.62						4342.01198	4341.91052	0
1780950037	XAUUSD	M5	4341.23				4346.42000		4342.02855	4341.96953	0
1780950337	XAUUSD	M5	4343.94						4341.96076	4341.96515	1
1780950637	XAUUSD	M5	4345.20						4341.70510	4341.83513	0
1780950937	XAUUSD	M5	4338.13						4341.20615	4341.52064	0
1780951237	XAUUSD	M5	4340.75						4340.62217	4341.07140	0
1780951537	XAUUSD	M5	4337.90						4339.89816	4340.48478	0
1780951837	XAUUSD	M5	4338.51						4339.10899	4339.79689	0
1780952137	XAUUSD	M5	4338.82						4338.26668	4339.03178	0
1780952437	XAUUSD	M5	4338.32						4337.40137	4338.21658	0
1780952737	XAUUSD	M5	4335.62						4336.58984	4337.40321	0
1780953037	XAUUSD	M5	4339.15						4335.96977	4336.68649	0
1780953337	XAUUSD	M5	4335.57						4335.56221	4336.12435	0
1780953637	XAUUSD	M5	4335.02					4332.03000	4335.54704	4335.83570	0
1780953937	XAUUSD	M5	4334.10						4336.00751	4335.92160	1
1780954237	XAUUSD	M5	4337.05						4336.97036	4336.44598	0
1780954537	XAUUSD	M5	4336.76						4338.28697	4337.36648	0
1780954837	XAUUSD	M5	4339.26						4339.80659	4338.58653	0
1780955137	XAUUSD	M5	4343.87						4341.27596	4339.93125	0
1780955437	XAUUSD	M5	4343.53						4342.38230	4341.15677	0
1780955737	XAUUSD	M5	4341.33						4342.97005	4342.06341	0
1780956037	XAUUSD	M5	4342.33						4343.01086	4342.53713	0
1780956337	XAUUSD	M5	4343.89						4342.49842	4342.51778	1
1780956637	XAUUSD	M5	4342.66				4345.87000		4341.48441	4342.00109	0
1780956937	XAUUSD	M5	4340.71						4340.14860	4341.07485	0
1780957237	XAUUSD	M5	4337.20						4338.70350	4339.88917	0
1780957537	XAUUSD	M5	4336.74						4337.35555	4338.62236	0
1780957837	XAUUSD	M5	4334.57						4336.16673	4337.39455	0
1780958137	XAUUSD	M5	4334.32						4335.15190	4336.27322	0
1780958437	XAUUSD	M5	4334.61						4334.21811	4335.24567	0
1780958737	XAUUSD	M5	4337.00						4333.23689	4334.24128	0
1780959037	XAUUSD	M5	4332.50						4332.05811	4333.14969	0
1780959337	XAUUSD	M5	4329.87						4330.75559	4331.95264	0
1780959637	XAUUSD	M5	4328.82						4329.42981	4330.69123	0
1780959937	XAUUSD	M5	4326.76						4328.20314	4329.44718	0
1780960237	XAUUSD	M5	4327.76						4327.24286	4328.34502	0
1780960537	XAUUSD	M5	4327.32						4326.61442	4327.47972	0
1780960837	XAUUSD	M5	4325.92						4326.36330	4326.92151	0
1780961137	XAUUSD	M5	4325.18						4326.48047	4326.70099	0
1780961437	XAUUSD	M5	4327.19	4374.10476	4410.31448	4331.93605			4326.87129	4326.78614	1
1780961737	XAUUSD	M5	4328.39	4373.59081	4409.80053	4331.42211			4327.34017	4327.06316	0
1780962037	XAUUSD	M5	4326.76	4373.07686	4409.28658	4330.90816			4327.71632	4327.38974	0
1780962337	XAUUSD	M5	4329.64	4372.56291	4408.77264	4330.39421			4327.93283	4327.66128	0
1780962637	XAUUSD	M5	4327.83	4372.04897	4408.25869	4329.88026			4327.89439	4327.77784	0
1780962937	XAUUSD	M5	4328.24	4371.53502	4407.74474	4329.36632			4327.67510	4327.72647	1
1780963237	XAUUSD	M5	4325.89	4371.02107	4407.23079	4328.85237			4327.36060	4327.54353	0
1780963537	XAUUSD	M5	4326.99	4370.50712	4406.71685	4328.33842			4327.11822	4327.33087	0
1780963837	XAUUSD	M5	4326.52	4369.99318	4406.20290	4327.82447			4327.01202	4327.17145	0
1780964137	XAUUSD	M5	4327.86	4369.47923	4405.68895	4327.31053			4327.09159	4327.13152	0
1780964437	XAUUSD	M5	4327.63	4368.96528	4405.17500	4326.79658			4327.30536	4327.21844	1
1780964737	XAUUSD	M5	4326.28	4368.45133	4404.66106	4326.28263			4327.58737	4327.40290	0
1780965037	XAUUSD	M5	4327.40	4367.93739	4404.14711	4325.76869			4327.86320	4327.63305	0
1780965337	XAUUSD	M5	4329.21	4367.42344	4403.63316	4325.25474			4328.00271	4327.81788	0
1780965637	XAUUSD	M5	4329.82	4366.90949	4403.11922	4324.74079			4327.88926	4327.85357	0
1780969537	XAUUSD	M5	4326.71	4366.39555	4402.60527	4324.22684	4332.69000		4327.49313	4327.67335	1
1780969837	XAUUSD	M5	4326.95	4365.88160	4402.09132	4323.71290			4326.92821	4327.30078	0
1780970137	XAUUSD	M5	4325.29	4365.36765	4401.57737	4323.19895			4326.28412	4326.79245	0
1780970437	XAUUSD	M5	4324.60	4364.85370	4401.06343	4322.68500			4325.71313	4326.25279	0
1780970737	XAUUSD	M5	4326.06	4364.33976	4400.54948	4322.17105			4325.34196	4325.79737	0
1780971037	XAUUSD	M5	4325.13	4363.82581	4400.03553	4321.65711			4325.21743	4325.50740	0
1780971337	XAUUSD	M5	4325.58	4363.31186	4399.52158	4321.14316			4325.39010	4325.44875	0
1780971637	XAUUSD	M5	4325.84	4362.79791	4399.00764	4320.62921			4325.82917	4325.63896	1
1780971937	XAUUSD	M5	4327.42	4362.28397	4398.49369	4320.11526			4326.46300	4326.05098	0
1780972237	XAUUSD	M5	4326.94	4361.77002	4397.97974	4319.60132			4327.15290	4326.60194	0
1780972537	XAUUSD	M5	4328.08	4361.25607	4397.46579	4319.08737			4327.77951	4327.19072	0
1780972837	XAUUSD	M5	4327.79	4360.74212	4396.95185	4318.57342			4328.17775	4327.68424	0
1780973137	XAUUSD	M5	4327.61	4360.22818	4396.43790	4318.05947			4328.22154	4327.95289	0
1780973437	XAUUSD	M5	4326.60	4359.71423	4395.92395	4317.54553			4327.82337	4327.88813	1
1780973737	XAUUSD	M5	4327.63	4359.20028	4395.41000	4317.03158			4326.96957	4327.42885	0
1780974037	XAUUSD	M5	4327.40	4358.68633	4394.89606	4316.51763			4325.65856	4326.54370	0
1780974337	XAUUSD	M5	4325.15	4358.17239	4394.38211	4316.00368			4323.98015	4325.26193	0
1780974637	XAUUSD	M5	4320.46	4357.65844	4393.86816	4315.48974			4322.12303	4323.69248	0
1780974937	XAUUSD	M5	4317.98	4357.14449	4393.35421	4314.97579			4320.36431	4322.02839	0
1780975237	XAUUSD	M5	4321.80	4356.63054	4392.84027	4314.46184			4318.92113	4320.47476	0
1780975537	XAUUSD	M5	4319.60	4356.11660	4392.32632	4313.94789			4317.83152	4319.15314	0
1780975837	XAUUSD	M5	4313.69	4355.60265	4391.81237	4313.43395			4317.20567	4318.17941	0
1780976137	XAUUSD	M5	4317.07	4355.08870	4391.29842	4312.92000		4312.92000	4317.16770	4317.67355	0
1780976437	XAUUSD	M5	4317.91	4354.57475	4390.78448	4312.40605			4317.54842	4317.61099	0
1780976737	XAUUSD	M5	4317.39	4354.06081	4390.27053	4311.89211			4318.17615	4317.89357	1
1780977037	XAUUSD	M5	4318.58	4353.54686	4389.75658	4311.37816			4318.88131	4318.38744	0
1780977337	XAUUSD	M5	4322.74	4353.03291	4389.24264	4310.86421			4319.46549	4318.92646	0
1780977637	XAUUSD	M5	4320.18	4352.51897	4388.72869	4310.35026			4319.70642	4319.31644	0
1780977937	XAUUSD	M5	4318.80	4352.00502	4388.21474	4309.83632			4319.60833	4319.46238	0
1780978237	XAUUSD	M5	4316.82	4351.49107	4387.70079	4309.32237			4319.22711	4319.34475	1
1780978537	XAUUSD	M5	4318.92	4350.97712	4387.18685	4308.80842			4318.70279	4319.02377	0
1780978837	XAUUSD	M5	4319.03	4350.46318	4386.67290	4308.29447			4318.13512	4318.57945	0
1780979137	XAUUSD	M5	4318.44	4349.94923	4386.15895	4307.78053			4317.68243	4318.13094	0
1780979437	XAUUSD	M5	4317.00	4349.43528	4385.64500	4307.26658			4317.53261	4317.83177	0
1780979737	XAUUSD	M5	4315.79	4348.92133	4385.13106	4306.75263			4317.87214	4317.85196	1
1780980037	XAUUSD	M5	4319.86	4348.40739	4384.61711	4306.23868			4318.83932	4318.34564	0
1780980337	XAUUSD	M5	4321.26	4347.89344	4384.10316	4305.72474			4320.38582	4319.36573	0
1780980637	XAUUSD	M5	4325.19	4347.37949	4383.58921	4305.21079			4322.45813	4320.91193	0
1780980937	XAUUSD	M5	4324.10	4346.86554	4383.07527	4304.69684			4324.87936	4322.89564	0
1780981237	XAUUSD	M5	4324.04	4346.35160	4382.56132	4304.18289			4327.52970	4325.21267	0
1780981537	XAUUSD	M5	4327.56	4345.83765	4382.04737	4303.66895			4330.22769	4327.72018	0
1780981837	XAUUSD	M5	4335.33	4345.32370	4381.53342	4303.15500			4332.69093	4330.20556	0
1780982137	XAUUSD	M5	4337.31	4344.80975	4381.01948	4302.64105			4334.57030	4332.38793	0
1780982437	XAUUSD	M5	4335.61	4344.29581	4380.50553	4302.12710			4335.71578	4334.05185	0
1780982737	XAUUSD	M5	4335.74	4343.78186	4379.99158	4301.61316			4336.15698	4335.10442	0
1780983037	XAUUSD	M5	4334.08	4343.26791	4379.47763	4301.09921			4335.98482	4335.54462	0
1780983337	XAUUSD	M5	4336.70	4342.75396	4378.96369	4300.58526			4335.40414	4335.47438	1
1780983637	XAUUSD	M5	4336.53	4342.24002	4378.44974	4300.07131			4334.56774	4335.02106	0
1780983937	XAUUSD	M5	4332.86	4341.72607	4377.93579	4299.55737			4333.70743	4334.36424	0
1780984237	XAUUSD	M5	4331.07	4341.21212	4377.42184	4299.04342			4333.10739	4333.73581	0
1780984537	XAUUSD	M5	4332.91	4340.69818	4376.90790	4298.52947			4332.92649	4333.33115	0
1780984837	XAUUSD	M5	4332.68	4340.18423	4376.39395	4298.01553			4333.16521	4333.24818	0
1780985137	XAUUSD	M5	4334.61	4339.67028	4375.88000	4297.50158			4333.78556	4333.51687	1
1780985437	XAUUSD	M5	4335.60	4339.15633	4375.36606	4296.98763			4334.63267	4334.07477	0
1780985737	XAUUSD	M5	4335.53	4338.64239	4374.85211	4296.47368			4335.54077	4334.80777	0
1780986037	XAUUSD	M5	4335.22	4338.12844	4374.33816	4295.95974			4336.37581	4335.59179	0
1780986337	XAUUSD	M5	4338.43	4337.61449	4373.82421	4295.44579			4337.04530	4336.31855	0
1780986637	XAUUSD	M5	4337.70	4337.10054	4373.31027	4294.93184			4337.41824	4336.86839	0
1780986937	XAUUSD	M5	4338.75	4336.58660	4372.79632	4294.41789			4337.50737	4337.18788	0
1780987237	XAUUSD	M5	4336.03	4336.07265	4372.28237	4293.90395			4337.33531	4337.26160	0
1780987537	XAUUSD	M5	4331.95	4335.55870	4371.76842	4293.39000			4337.04196	4337.15178	1
1780987837	XAUUSD	M5	4338.41	4335.04475	4371.25448	4292.87605			4336.79021	4336.97099	0
1780988137	XAUUSD	M5	4338.71	4334.53081	4370.74053	4292.36210			4336.51172	4336.74135	0
1780988437	XAUUSD	M5	4339.72	4334.01686	4370.22658	4291.84816	4342.35000		4336.26847	4336.50491	0
1780988737	XAUUSD	M5	4334.90	4333.50291	4369.71263	4291.33421			4336.10777	4336.30634	0
1780989037	XAUUSD	M5	4336.80	4332.98896	4369.19869	4290.82026			4336.18545	4336.24590	0
1780989337	XAUUSD	M5	4333.67	4332.47502	4368.68474	4290.30631			4336.45713	4336.35151	1
1780989637	XAUUSD	M5	4335.36	4331.96107	4368.17079	4289.79237			4336.92933	4336.64042	0
1780989937	XAUUSD	M5	4337.55	4331.44712	4367.65684	4289.27842			4337.43919	4337.03980	0
1780990237	XAUUSD	M5	4338.62	4330.93317	4367.14290	4288.76447			4337.77981	4337.40980	0
1780990537	XAUUSD	M5	4339.51	4330.41923	4366.62895	4288.25052			4337.76420	4337.58700	0
1780990837	XAUUSD	M5	4336.61	4329.90528	4366.11500	4287.73658			4337.25051	4337.41875	1
1780991137	XAUUSD	M5	4335.52	4329.39133	4365.60105	4287.22263			4336.26470	4336.84173	0
1780991437	XAUUSD	M5	4337.36	4328.87738	4365.08711	4286.70868			4334.88784	4335.86478	0
1780991737	XAUUSD	M5	4332.25	4328.36344	4364.57316	4286.19473			4333.21336	4334.53907	0
1780992037	XAUUSD	M5	4329.97	4327.84949	4364.05921	4285.68079			4331.54672	4333.04289	0
1780992337	XAUUSD	M5	4331.23	4327.33554	4363.54527	4285.16684			4330.13266	4331.58778	0
1780992637	XAUUSD	M5	4330.49	4326.82160	4363.03132	4284.65289			4329.09253	4330.34015	0
1780992937	XAUUSD	M5	4325.42	4326.30765	4362.51737	4284.13895		4324.38000	4328.51843	4329.42929	0
1780993237	XAUUSD	M5	4329.96	4325.79370	4362.00342	4283.62500			4328.50511	4328.96720	0
1780993537	XAUUSD	M5	4328.15	4325.27975	4361.48948	4283.11105			4328.84646	4328.90683	0
1780993837	XAUUSD	M5	4329.25	4324.76581	4360.97553	4282.59710			4329.43782	4329.17233	1
1780994137	XAUUSD	M5	4327.53	4324.25186	4360.46158	4282.08316			4330.11599	4329.64416	0
1780994437	XAUUSD	M5	4332.31	4323.73791	4359.94763	4281.56921			4330.83275	4330.23846	0
1780994737	XAUUSD	M5	4336.16	4323.22396	4359.43369	4281.05526			4331.47863	4330.85854	0
1780995037	XAUUSD	M5	4332.51	4322.71002	4358.91974	4280.54131			4332.06559	4331.46206	0
1780995337	XAUUSD	M5	4331.40	4322.19607	4358.40579	4280.02737			4332.83816	4332.15011	0
1780995637	XAUUSD	M5	4333.51	4321.68212	4357.89184	4279.51342			4333.98304	4333.06658	0
1780995937	XAUUSD	M5	4333.41	4321.16817	4357.37790	4278.99947			4335.56436	4334.31547	0
1780996237	XAUUSD	M5	4332.58	4320.65423	4356.86395	4278.48552			4337.58663	4335.95105	0
1780996537	XAUUSD	M5	4342.78	4320.14028	4356.35000	4277.97158			4339.95862	4337.95484	0
1780996837	XAUUSD	M5	4343.14	4319.62633	4355.83605	4277.45763			4342.24952	4340.10218	0
1780997137	XAUUSD	M5	4348.25	4319.11238	4355.32211	4276.94368	4351.53000		4344.20049	4342.15133	0
1780997437	XAUUSD	M5	4346.59	4318.59844	4354.80816	4276.42973			4345.49045	4343.82089	0
1780997737	XAUUSD	M5	4345.52	4318.08449	4354.29421	4275.91579			4346.04971	4344.93530	0
1780998037	XAUUSD	M5	4343.48	4317.57054	4353.78026	4275.40184			4345.92007	4345.42769	0
1780998337	XAUUSD	M5	4344.55	4317.05659	4353.26632	4274.88789			4345.25617	4345.34193	1
1780998637	XAUUSD	M5	4344.10	4316.54265	4352.75237	4274.37394			4344.21327	4344.77760	0
1780998937	XAUUSD	M5	4341.43	4316.02870	4352.23842	4273.86000			4342.98182	4343.87971	0
1780999237	XAUUSD	M5	4343.03	4315.51475	4351.72447	4273.34605			4341.76754	4342.82363	0
1780999537	XAUUSD	M5	4344.78	4315.00080	4351.21053	4272.83210			4340.61904	4341.72133	0
1780999837	XAUUSD	M5	4338.72	4314.48686	4350.69658	4272.31816			4339.50067	4340.61100	0
1781000137	XAUUSD	M5	4333.88	4313.97291	4350.18263	4271.80421			4338.50135	4339.55617	0
1781000437	XAUUSD	M5	4337.90	4313.45896	4349.66869	4271.29026			4337.63419	4338.59518	0
1781000737	XAUUSD	M5	4336.73	4312.94502	4349.15474	4270.77631			4336.70141	4337.64830	0
1781001037	XAUUSD	M5	4339.42	4312.43107	4348.64079	4270.26237			4335.66085	4336.65458	0
1781001337	XAUUSD	M5	4335.32	4311.91712	4348.12684	4269.74842			4334.43450	4335.54454	0
1781001637	XAUUSD	M5	4330.65	4311.40317	4347.61290	4269.23447			4333.14908	4334.34681	0
1781001937	XAUUSD	M5	4331.73	4310.88923	4347.09895	4268.72052			4331.98621	4333.16651	0
1781002237	XAUUSD	M5	4332.51	4310.37528	4346.58500	4268.20658			4330.98482	4332.07567	0
1781002537	XAUUSD	M5	4327.41	4309.86133	4346.07105	4267.69263			4330.13788	4331.10677	0
1781002837	XAUUSD	M5	4328.84	4309.34738	4345.55711	4267.17868			4329.52905	4330.31791	0
1781003137	XAUUSD	M5	4330.11	4308.83344	4345.04316	4266.66473			4329.04242	4329.68016	0
1781003437	XAUUSD	M5	4331.06	4308.31949	4344.52921	4266.15079			4328.55028	4329.11522	0
1781003737	XAUUSD	M5	4326.64	4307.80554	4344.01526	4265.63684			4327.96014	4328.53768	0
1781004037	XAUUSD	M5	4325.67	4307.29159	4343.50132	4265.12289			4327.36313	4327.95041	0
1781004337	XAUUSD	M5	4328.43	4306.77765	4342.98737	4264.60894			4326.84557	4327.39799	0
1781004637	XAUUSD	M5	4326.47	4306.26370	4342.47342	4264.09500			4326.44540	4326.92170	0
1781004937	XAUUSD	M5	4328.70	4305.74975	4341.95947	4263.58105			4326.33205	4326.62687	0
1781005237	XAUUSD	M5	4326.56	4305.23580	4341.44553	4263.06710			4326.56766	4326.59727	0
1781005537	XAUUSD	M5	4323.18	4304.72186	4340.93158	4262.55315			4327.25064	4326.92395	1
1781005837	XAUUSD	M5	4326.61	4304.20791	4340.41763	4262.03921		4321.27000	4328.40865	4327.66630	0
1781006137	XAUUSD	M5	4331.70	4303.69396	4339.90368	4261.52526			4329.83298	4328.74964	0
1781006437	XAUUSD	M5	4332.46	4303.18001	4339.38974	4261.01131			4331.20764	4329.97864	0
1781006737	XAUUSD	M5	4331.98	4302.66607	4338.87579	4260.49736			4332.31376	4331.14620	0
1781007037	XAUUSD	M5	4334.38	4302.15212	4338.36184	4259.98342			4332.99920	4332.07270	0
1781007337	XAUUSD	M5	4331.19	4301.63817	4337.84789	4259.46947			4333.12968	4332.60119	0
1781007637	XAUUSD	M5	4334.45	4301.12422	4337.33395	4258.95552			4332.79940	4332.70030	0
1781007937	XAUUSD	M5	4335.05	4300.61028	4336.82000	4258.44158	4336.82000		4332.04764	4332.37397	1
1781008237	XAUUSD	M5	4328.20	4300.09633	4336.30605	4257.92763			4331.03758	4331.70577	0
1781008537	XAUUSD	M5	4330.00	4299.58238	4335.79211	4257.41368			4330.10903	4330.90740	0
1781008837	XAUUSD	M5	4326.60	4299.06844	4335.27816	4256.89973			4329.37072	4330.13906	0
1781009137	XAUUSD	M5	4328.93	4298.55449	4334.76421	4256.38579			4328.97087	4329.55496	0
1781009437	XAUUSD	M5	4330.22	4298.04054	4334.25026	4255.87184			4328.84091	4329.19794	0
1781009737	XAUUSD	M5	4328.22	4297.52659	4333.73632	4255.35789			4328.86353	4329.03073	0
1781010037	XAUUSD	M5	4330.01	4297.01265	4333.22237	4254.84394			4328.97419	4329.00246	0
1781010337	XAUUSD	M5	4333.35	4296.49870	4332.70842	4254.33000			4329.04045	4329.02146	1
1781010637	XAUUSD	M5	4326.89	4295.98475	4332.19447	4253.81605			4328.95789	4328.98968	1
1781010937	XAUUSD	M5	4326.62	4295.47080	4331.68053	4253.30210			4328.90990	4328.94979	0
1781011237	XAUUSD	M5	4329.23	4294.95686	4331.16658	4252.78815			4328.97324	4328.96151	1
1781011537	XAUUSD	M5	4327.13	4294.44291	4330.65263	4252.27421			4329.16840	4329.06496	0
1781011837	XAUUSD	M5	4329.78	4293.92896	4330.13868	4251.76026			4329.60671	4329.33583	0
1781012137	XAUUSD	M5	4333.15	4293.41501	4329.62474	4251.24631			4330.23206	4329.78395	0
1781012437	XAUUSD	M5	4332.26	4292.90107	4329.11079	4250.73236			4330.92382	4330.35388	0
1781012737	XAUUSD	M5	4330.80	4292.38712	4328.59684	4250.21842			4331.61955	4330.98671	0
1781013037	XAUUSD	M5	4327.26	4291.87317	4328.08289	4249.70447			4332.25805	4331.62238	0
1781013337	XAUUSD	M5	4335.24	4291.35922	4327.56895	4249.19052			4332.82629	4332.22434	0
1781013637	XAUUSD	M5	4334.87	4290.84528	4327.05500	4248.67657			4333.09458	4332.65946	0
1781013937	XAUUSD	M5	4332.60	4290.33133	4326.54105	4248.16263			4333.09724	4332.87835	0
1781014237	XAUUSD	M5	4333.84	4289.81738	4326.02710	4247.64868			4332.98478	4332.93156	0
1781014537	XAUUSD	M5	4333.85	4289.30343	4325.51316	4247.13473			4332.87177	4332.90167	1
1781014837	XAUUSD	M5	4331.97	4288.78949	4324.99921	4246.62078			4332.90942	4332.90555	1
1781015137	XAUUSD	M5	4332.65	4288.27554	4324.48526	4246.10684			4333.24108	4333.07331	0
1781015437	XAUUSD	M5	4330.74	4287.76159	4323.97131	4245.59289			4333.88066	4333.47699	0
1781015737	XAUUSD	M5	4335.14	4287.24765	4323.45737	4245.07894			4334.82654	4334.15176	0
1781016037	XAUUSD	M5	4339.15	4286.73370	4322.94342	4244.56500			4335.86236	4335.00706	0
1781016337	XAUUSD	M5	4335.92	4286.21975	4322.42947	4244.05105			4336.75460	4335.88083	0
1781016637	XAUUSD	M5	4337.21	4285.70580	4321.91553	4243.53710			4337.46203	4336.67143	0
1781016937	XAUUSD	M5	4337.83	4285.19186	4321.40158	4243.02315			4337.89482	4337.28313	0
1781017237	XAUUSD	M5	4339.31	4284.67791	4320.88763	4242.50921			4338.06435	4337.67374	0
1781017537	XAUUSD	M5	4337.27	4284.16396	4320.37368	4241.99526			4338.02744	4337.85059	0
1781017837	XAUUSD	M5	4338.75	4283.65001	4319.85974	4241.48131			4338.00198	4337.92629	0
1781018137	XAUUSD	M5	4337.87	4283.13607	4319.34579	4240.96736			4338.12411	4338.02520	0
1781018437	XAUUSD	M5	4337.41	4282.62212	4318.83184	4240.45342			4338.51708	4338.27114	0
1781018737	XAUUSD	M5	4338.95	4282.10817	4318.31789	4239.93947			4339.20632	4338.73873	0
1781019037	XAUUSD	M5	4340.14	4281.59422	4317.80395	4239.42552			4340.07757	4339.40815	0
1781019337	XAUUSD	M5	4341.36	4281.08028	4317.29000	4238.91157			4340.94398	4340.17607	0
1781019637	XAUUSD	M5	4339.76	4280.56633	4316.77605	4238.39763			4341.57458	4340.87532	0
1781019937	XAUUSD	M5	4342.37	4280.05238	4316.26210	4237.88368			4341.85479	4341.36506	0
1781020237	XAUUSD	M5	4343.71	4279.53843	4315.74816	4237.36973			4341.66455	4341.51480	0
1781020537	XAUUSD	M5	4340.92	4279.02449	4315.23421	4236.85578			4341.03667	4341.27574	1
1781020837	XAUUSD	M5	4342.98	4278.51054	4314.72026	4236.34184			4340.22290	4340.74932	0
1781021137	XAUUSD	M5	4338.60	4277.99659	4314.20631	4235.82789			4339.40131	4340.07531	0
1781021437	XAUUSD	M5	4335.94	4277.48264	4313.69237	4235.31394			4338.86320	4339.46925	0
1781021737	XAUUSD	M5	4336.67	4276.96870	4313.17842	4234.79999			4338.78912	4339.12919	0
1781022037	XAUUSD	M5	4340.71	4276.45475	4312.66447	4234.28605			4339.16278	4339.14598	1
1781022337	XAUUSD	M5	4340.92	4275.94080	4312.15052	4233.77210			4339.75298	4339.44948	0
1781022637	XAUUSD	M5	4341.28	4275.42685	4311.63658	4233.25815			4340.32041	4339.88495	0
1781022937	XAUUSD	M5	4337.55	4274.91291	4311.12263	4232.74420			4340.61698	4340.25097	0
1781023237	XAUUSD	M5	4341.42	4274.39896	4310.60868	4232.23026			4340.53954	4340.39525	0
1781023537	XAUUSD	M5	4339.49	4273.88501	4310.09473	4231.71631			4339.90929	4340.15227	1
1781023837	XAUUSD	M5	4341.28	4273.37107	4309.58079	4231.20236			4338.80179	4339.47703	0
1781024137	XAUUSD	M5	4340.98	4272.85712	4309.06684	4230.68842			4337.32910	4338.40306	0
1781024437	XAUUSD	M5	4334.13	4272.34317	4308.55289	4230.17447			4335.71547	4337.05927	0
1781024737	XAUUSD	M5	4333.35	4271.82922	4308.03895	4229.66052			4334.36391	4335.71159	0
1781025037	XAUUSD	M5	4330.90	4271.31528	4307.52500	4229.14657			4333.48271	4334.59715	0
1781025337	XAUUSD	M5	4329.88	4270.80133	4307.01105	4228.63263			4333.20537	4333.90126	0
1781025637	XAUUSD	M5	4331.95	4270.28738	4306.49710	4228.11868			4333.48089	4333.69107	0
1781025937	XAUUSD	M5	4330.37	4269.77343	4305.98316	4227.60473			4334.04618	4333.86863	1
1781026237	XAUUSD	M5	4351.36	4269.25949	4305.46921	4227.09078	4363.43000		4334.60192	4334.23527	0
1781026537	XAUUSD	M5	4334.10	4268.74554	4304.95526	4226.57684			4334.30683	4334.27105	0
1781026837	XAUUSD	M5	4328.66	4268.23159	4304.44131	4226.06289			4333.22129	4333.74617	1
1781027137	XAUUSD	M5	4329.39	4267.71764	4303.92737	4225.54894			4331.23929	4332.49273	0
1781027437	XAUUSD	M5	4328.53	4267.20370	4303.41342	4225.03499			4328.24057	4330.36665	0
1781027737	XAUUSD	M5	4321.28	4266.68975	4302.89947	4224.52105			4324.29973	4327.33319	0
1781028037	XAUUSD	M5	4311.45	4266.17580	4302.38552	4224.00710			4319.74037	4323.53678	0
1781028337	XAUUSD	M5	4318.53	4265.66185	4301.87158	4223.49315			4315.02200	4319.27939	0
1781028637	XAUUSD	M5	4318.71	4265.14791	4301.35763	4222.97920			4310.26496	4314.77217	0
1781028937	XAUUSD	M5	4315.01	4264.63396	4300.84368	4222.46526			4305.71569	4310.24393	0
1781029237	XAUUSD	M5	4305.34	4264.12001	4300.32973	4221.95131			4301.65858	4305.95125	0
1781029537	XAUUSD	M5	4285.29	4263.60606	4299.81579	4221.43736			4298.43025	4302.19075	0
1781029837	XAUUSD	M5	4284.21	4263.09212	4299.30184	4220.92341			4296.44922	4299.31999	0
1781030137	XAUUSD	M5	4298.21	4262.57817	4298.78789	4220.40947			4295.50061	4297.41030	0
1781030437	XAUUSD	M5	4300.76	4262.06422	4298.27394	4219.89552			4294.88097	4296.14563	0
1781030737	XAUUSD	M5	4293.26	4261.55027	4297.76000	4219.38157			4294.10684	4295.12624	0
1781031037	XAUUSD	M5	4295.65	4261.03633	4297.24605	4218.86763			4292.97651	4294.05137	0
1781031337	XAUUSD	M5	4294.92	4260.52238	4296.73210	4218.35368			4291.20310	4292.62723	0
1781031637	XAUUSD	M5	4291.97	4260.00843	4296.21816	4217.83973			4288.74647	4290.68685	0
1781031937	XAUUSD	M5	4285.55	4259.49449	4295.70421	4217.32578			4285.79985	4288.24335	0
1781032237	XAUUSD	M5	4278.85	4258.98054	4295.19026	4216.81184			4282.74452	4285.49393	0
1781032537	XAUUSD	M5	4274.54	4258.46659	4294.67631	4216.29789			4279.97889	4282.73641	0
1781032837	XAUUSD	M5	4270.25	4257.95264	4294.16237	4215.78394			4277.78543	4280.26092	0
1781033137	XAUUSD	M5	4279.82	4257.43870	4293.64842	4215.26999			4276.28609	4278.27351	0
1781033437	XAUUSD	M5	4280.97	4256.92475	4293.13447	4214.75605			4275.12920	4276.70135	0
1781033737	XAUUSD	M5	4279.93	4256.41080	4292.62052	4214.24210			4274.02901	4275.36518	0
1781034037	XAUUSD	M5	4272.90	4255.89685	4292.10658	4213.72815			4272.68585	4274.02551	0
1781034337	XAUUSD	M5	4273.90	4255.38291	4291.59263	4213.21420			4270.95267	4272.48909	0
1781034637	XAUUSD	M5	4263.62	4254.86896	4291.07868	4212.70026			4268.57172	4270.53041	0
1781034937	XAUUSD	M5	4259.63	4254.35501	4290.56473	4212.18631			4265.65375	4268.09208	0
1781035237	XAUUSD	M5	4254.57	4253.84106	4290.05079	4211.67236			4262.30925	4265.20066	0
1781035537	XAUUSD	M5	4261.99	4253.32712	4289.53684	4211.15841			4258.77671	4261.98869	0
1781035837	XAUUSD	M5	4263.49	4252.81317	4289.02289	4210.64447			4255.16208	4258.57538	0
1781036137	XAUUSD	M5	4262.13	4252.29922	4288.50894	4210.13052			4251.77489	4255.17514	0
1781036437	XAUUSD	M5	4241.26	4251.78527	4287.99500	4209.61657			4249.02604	4252.10059	0
1781036737	XAUUSD	M5	4244.94	4251.27133	4287.48105	4209.10262		4236.62000	4247.71688	4249.90874	0
1781037037	XAUUSD	M5	4249.87	4250.75738	4286.96710	4208.58868			4247.94957	4248.92916	0
1781037337	XAUUSD	M5	4240.07	4250.24343	4286.45315	4208.07473			4249.58238	4249.25577	1
1781037637	XAUUSD	M5	4252.18	4249.72948	4285.93921	4207.56078			4252.56632	4250.91105	0
1781037937	XAUUSD	M5	4262.43	4249.21554	4285.42526	4207.04683			4256.18733	4253.54919	0
1781038237	XAUUSD	M5	4262.93	4248.70159	4284.91131	4206.53289			4259.69297	4256.62108	0
1781038537	XAUUSD	M5	4261.19	4248.18764	4284.39736	4206.01894			4262.60383	4259.61245	0
1781038837	XAUUSD	M5	4263.95	4247.67369	4283.88342	4205.50499			4264.62990	4262.12118	0
1781039137	XAUUSD	M5	4266.48	4247.15975	4283.36947	4204.99105			4265.54482	4263.83300	0
1781039437	XAUUSD	M5	4263.12	4246.64580	4282.85552	4204.47710			4265.32636	4264.57968	0
1781039737	XAUUSD	M5	4265.58	4246.13185	4282.34158	4203.96315			4264.31643	4264.44805	1
1781040037	XAUUSD	M5	4262.89	4245.61791	4281.82763	4203.44920			4262.87901	4263.66353	0
1781040337	XAUUSD	M5	4264.84	4245.10396	4281.31368	4202.93526			4261.53934	4262.60144	0
1781040637	XAUUSD	M5	4257.15	4244.59001	4280.79973	4202.42131			4260.66455	4261.63299	0
1781040937	XAUUSD	M5	4258.42	4244.07606	4280.28579	4201.90736			4260.69083	4261.16191	0
1781041237	XAUUSD	M5	4263.12	4243.56212	4279.77184	4201.39341			4261.64864	4261.40528	1
1781041537	XAUUSD	M5	4262.50	4243.04817	4279.25789	4200.87947			4263.28329	4262.34429	0
1781041837	XAUUSD	M5	4266.77	4242.53422	4278.74394	4200.36552			4265.31405	4263.82917	0
1781042137	XAUUSD	M5	4265.37	4242.02027	4278.23000	4199.85157			4267.29633	4265.56275	0
1781042437	XAUUSD	M5	4269.31	4241.50633	4277.71605	4199.33762			4268.94761	4267.25518	0
1781042737	XAUUSD	M5	4273.44	4240.99238	4277.20210	4198.82368	4274.20000		4269.99319	4268.62419	0
1781043037	XAUUSD	M5	4270.90	4240.47843	4276.68815	4198.30973			4270.31073	4269.46746	0
1781043337	XAUUSD	M5	4270.71	4239.96448	4276.17421	4197.79578			4270.06614	4269.76680	0
1781043637	XAUUSD	M5	4269.20	4239.45054	4275.66026	4197.28183			4269.43907	4269.60294	1
1781043937	XAUUSD	M5	4264.35	4238.93659	4275.14631	4196.76789			4268.63959	4269.12126	0
1781044237	XAUUSD	M5	4265.26	4238.42264	4274.63236	4196.25394			4267.86607	4268.49367	0
1781044537	XAUUSD	M5	4265.91	4237.90869	4274.11842	4195.73999			4267.08550	4267.78959	0
1781044837	XAUUSD	M5	4269.92	4237.39475	4273.60447	4195.22604			4266.16937	4266.97948	0
1781045137	XAUUSD	M5	4269.71	4236.88080	4273.09052	4194.71210			4264.89511	4265.93730	0
1781045437	XAUUSD	M5	4265.17	4236.36685	4272.57657	4194.19815			4263.19676	4264.56703	0
1781045737	XAUUSD	M5	4258.70	4235.85290	4272.06263	4193.68420			4261.21417	4262.89060	0
1781046037	XAUUSD	M5	4255.35	4235.33896	4271.54868	4193.17025			4259.19992	4261.04526	0
1781046337	XAUUSD	M5	4255.71	4234.82501	4271.03473	4192.65631			4257.39419	4259.21972	0
1781046637	XAUUSD	M5	4257.39	4234.31106	4270.52078	4192.14236			4255.96261	4257.59117	0
1781046937	XAUUSD	M5	4259.52	4233.79712	4270.00684	4191.62841			4254.97244	4256.28180	0
1781047237	XAUUSD	M5	4253.68	4233.28317	4269.49289	4191.11447			4254.41546	4255.34863	0
1781047537	XAUUSD	M5	4250.97	4232.76922	4268.97894	4190.60052			4254.41493	4254.88178	0
1781047837	XAUUSD	M5	4250.98	4232.25527	4268.46500	4190.08657		4250.02000	4254.95350	4254.91764	1
1781048137	XAUUSD	M5	4258.91	4231.74133	4267.95105	4189.57262			4255.88206	4255.39985	0
1781048437	XAUUSD	M5	4258.48	4231.22738	4267.43710	4189.05868			4256.85577	4256.12781	0
1781048737	XAUUSD	M5	4260.77	4230.71343	4266.92315	4188.54473			4257.74970	4256.93875	0
1781049037	XAUUSD	M5	4257.61	4230.19948	4266.40921	4188.03078			4258.42738	4257.68307	0
1781049337	XAUUSD	M5	4258.45	4229.68554	4265.89526	4187.51683			4258.94515	4258.31411	0
1781049637	XAUUSD	M5	4258.71	4229.17159	4265.38131	4187.00289			4259.30826	4258.81118	0
1781049937	XAUUSD	M5	4258.31	4228.65764	4264.86736	4186.48894			4259.56080	4259.18599	0
1781050237	XAUUSD	M5	4259.10	4228.14369	4264.35342	4185.97499			4259.73359	4259.45979	0
1781050537	XAUUSD	M5	4257.94	4227.62975	4263.83947	4185.46104			4259.81751	4259.63865	0
1781050837	XAUUSD	M5	4260.44	4227.11580	4263.32552	4184.94710			4259.83854	4259.73860	0
1781051137	XAUUSD	M5	4261.38	4226.60185	4262.81157	4184.43315			4259.72067	4259.72963	1
1781051437	XAUUSD	M5	4261.83	4226.08790	4262.29763	4183.91920	4262.11000		4259.43912	4259.58438	0
1781051737	XAUUSD	M5	4260.26	4225.57396	4261.78368	4183.40525			4258.98843	4259.28640	0
1781052037	XAUUSD	M5	4259.44	4225.06001	4261.26973	4182.89131			4258.42186	4258.85413	0
1781055937	XAUUSD	M5	4256.02	4224.54606	4260.75578	4182.37736			4257.77964	4258.31689	0
1781056237	XAUUSD	M5	4253.49	4224.03211	4260.24184	4181.86341			4257.12773	4257.72231	0
1781056537	XAUUSD	M5	4255.44	4223.51817	4259.72789	4181.34946			4256.45069	4257.08650	0
1781056837	XAUUSD	M5	4253.66	4223.00422	4259.21394	4180.83552			4255.59689	4256.34170	0
1781057137	XAUUSD	M5	4254.71	4222.49027	4258.69999	4180.32157			4254.48484	4255.41327	0
1781057437	XAUUSD	M5	4256.82	4221.97632	4258.18605	4179.80762			4253.00216	4254.20771	0
1781057737	XAUUSD	M5	4252.83	4221.46238	4257.67210	4179.29367			4251.07823	4252.64297	0
1781058037	XAUUSD	M5	4253.13	4220.94843	4257.15815	4178.77973			4248.90288	4250.77293	0
1781058337	XAUUSD	M5	4248.97	4220.43448	4256.64420	4178.26578			4246.60628	4248.68961	0
1781058637	XAUUSD	M5	4239.08	4219.92054	4256.13026	4177.75183			4244.40401	4246.54681	0
1781058937	XAUUSD	M5	4235.11	4219.40659	4255.61631	4177.23789			4242.55898	4244.55289	0
1781059237	XAUUSD	M5	4237.31	4218.89264	4255.10236	4176.72394			4241.08659	4242.81974	0
1781059537	XAUUSD	M5	4246.34	4218.37869	4254.58842	4176.20999			4239.71267	4241.26620	0
1781059837	XAUUSD	M5	4241.68	4217.86475	4254.07447	4175.69604			4237.94102	4239.60361	0
1781060137	XAUUSD	M5	4235.90	4217.35080	4253.56052	4175.18210			4235.63115	4237.61738	0
1781060437	XAUUSD	M5	4233.21	4216.83685	4253.04657	4174.66815			4232.79514	4235.20626	0
1781060737	XAUUSD	M5	4227.64	4216.32290	4252.53263	4174.15420			4229.51672	4232.36149	0
1781061037	XAUUSD	M5	4224.19	4215.80896	4252.01868	4173.64025			4226.11176	4229.23663	0
1781061337	XAUUSD	M5	4225.70	4215.29501	4251.50473	4173.12631			4222.98451	4226.11057	0
1781061637	XAUUSD	M5	4221.92	4214.78106	4250.99078	4172.61236			4220.46429	4223.28743	0
1781061937	XAUUSD	M5	4218.63	4214.26711	4250.47684	4172.09841			4218.94617	4221.11680	0
1781062237	XAUUSD	M5	4213.05	4213.75317	4249.96289	4171.58446			4218.63723	4219.87701	0
1781062537	XAUUSD	M5	4220.72	4213.23922	4249.44894	4171.07052			4219.55319	4219.71510	0
1781062837	XAUUSD	M5	4222.03	4212.72527	4248.93499	4170.55657			4221.15886	4220.43698	1
1781063137	XAUUSD	M5	4220.58	4212.21132	4248.42105	4170.04262			4222.88825	4221.66262	0
1781063437	XAUUSD	M5	4225.57	4211.69738	4247.90710	4169.52867			4224.20531	4222.93397	0
1781063737	XAUUSD	M5	4225.12	4211.18343	4247.39315	4169.01473			4224.49747	4223.71572	0
1781064037	XAUUSD	M5	4226.93	4210.66948	4246.87920	4168.50078			4223.48074	4223.59823	1
1781064337	XAUUSD	M5	4225.23	4210.15553	4246.36526	4167.98683			4221.08520	4222.34172	0
1781064637	XAUUSD	M5	4217.94	4209.64159	4245.85131	4167.47288			4217.60279	4219.97225	0
1781064937	XAUUSD	M5	4206.52	4209.12764	4245.33736	4166.95894			4213.63284	4216.80255	0
1781065237	XAUUSD	M5	4207.77	4208.61369	4244.82341	4166.44499			4209.92377	4213.36316	0
1781065537	XAUUSD	M5	4204.49	4208.09974	4244.30947	4165.93104			4206.86392	4210.11354	0
1781065837	XAUUSD	M5	4203.72	4207.58580	4243.79552	4165.41710			4204.76255	4207.43804	0
1781066137	XAUUSD	M5	4207.39	4207.07185	4243.28157	4164.90315			4203.67409	4205.55607	0
1781066437	XAUUSD	M5	4218.23	4206.55790	4242.76763	4164.38920			4203.36110	4204.45858	0
1781066737	XAUUSD	M5	4194.50	4206.04396	4242.25368	4163.87525			4203.30698	4203.88278	0
1781067037	XAUUSD	M5	4195.15	4205.53001	4241.73973	4163.36131			4203.72895	4203.80587	0
1781067337	XAUUSD	M5	4203.39	4205.01606	4241.22578	4162.84736			4204.27926	4204.04256	1
1781067637	XAUUSD	M5	4213.33	4204.50211	4240.71184	4162.33341			4204.46253	4204.25255	0
1781067937	XAUUSD	M5	4200.92	4203.98817	4240.19789	4161.81946			4203.82877	4204.04066	1
1781068237	XAUUSD	M5	4201.81	4203.47422	4239.68394	4161.30552			4202.54801	4203.29434	0
1781068537	XAUUSD	M5	4202.58	4202.96027	4239.16999	4160.79157			4200.59307	4201.94370	0
1781068837	XAUUSD	M5	4200.71	4202.44632	4238.65605	4160.27762			4198.02129	4199.98249	0
1781069137	XAUUSD	M5	4187.41	4201.93238	4238.14210	4159.76367			4195.04061	4197.51155	0
1781069437	XAUUSD	M5	4192.94	4201.41843	4237.62815	4159.24973			4192.15172	4194.83164	0
1781069737	XAUUSD	M5	4192.05	4200.90448	4237.11420	4158.73578			4189.41675	4192.12419	0
1781070037	XAUUSD	M5	4188.63	4200.39053	4236.60026	4158.22183			4187.01647	4189.57033	0
1781070337	XAUUSD	M5	4187.00	4199.87659	4236.08631	4157.70788			4185.14083	4187.35558	0
1781070637	XAUUSD	M5	4181.14	4199.36264	4235.57236	4157.19394			4183.86387	4185.60972	0
1781070937	XAUUSD	M5	4182.77	4198.84869	4235.05841	4156.67999			4183.27306	4184.44139	0
1781071237	XAUUSD	M5	4180.91	4198.33474	4234.54447	4156.16604			4183.19956	4183.82047	0
1781071537	XAUUSD	M5	4183.35	4197.82080	4234.03052	4155.65209			4183.47829	4183.64938	0
1781071837	XAUUSD	M5	4187.98	4197.30685	4233.51657	4155.13815			4183.79500	4183.72219	1
1781072137	XAUUSD	M5	4179.39	4196.79290	4233.00262	4154.62420			4183.80696	4183.76458	0
1781072437	XAUUSD	M5	4184.54	4196.27895	4232.48868	4154.11025			4183.52820	4183.64639	1
1781072737	XAUUSD	M5	4184.51	4195.76501	4231.97473	4153.59630			4182.74065	4183.19352	0
1781073037	XAUUSD	M5	4187.62	4195.25106	4231.46078	4153.08236			4181.45270	4182.32311	0
1781073337	XAUUSD	M5	4175.03	4194.73711	4230.94683	4152.56841			4179.71762	4181.02036	0
1781073637	XAUUSD	M5	4174.01	4194.22316	4230.43289	4152.05446			4178.01847	4179.51942	0
1781073937	XAUUSD	M5	4176.78	4193.70922	4229.91894	4151.54052		4172.93000	4176.60180	4178.06061	0
1781074237	XAUUSD	M5	4175.32	4193.19527	4229.40499	4151.02657			4175.60323	4176.83192	0
1781074537	XAUUSD	M5	4178.09	4192.68132	4228.89105	4150.51262			4175.18326	4176.00759	0
1781074837	XAUUSD	M5	4175.94	4192.16738	4228.37710	4149.99867			4175.34217	4175.67488	0
1781075137	XAUUSD	M5	4175.18	4191.65343	4227.86315	4149.48473			4176.11906	4175.89697	1
1781075437	XAUUSD	M5	4177.22	4191.13948	4227.34920	4148.97078			4177.45145	4176.67421	0
1781075737	XAUUSD	M5	4180.51	4190.62553	4226.83526	4148.45683			4179.14631	4177.91026	0
1781076037	XAUUSD	M5	4180.41	4190.11159	4226.32131	4147.94288			4180.96538	4179.43782	0
1781076337	XAUUSD	M5	4179.92	4189.59764	4225.80736	4147.42894			4182.70410	4181.07096	0
1781076637	XAUUSD	M5	4185.44	4189.08369	4225.29341	4146.91499			4184.16466	4182.61781	0
1781076937	XAUUSD	M5	4184.95	4188.56974	4224.77947	4146.40104			4185.04478	4183.83130	0
1781077237	XAUUSD	M5	4184.81	4188.05580	4224.26552	4145.88709			4185.26801	4184.54965	0
1781077537	XAUUSD	M5	4186.35	4187.54185	4223.75157	4145.37315			4184.80791	4184.67878	0
1781077837	XAUUSD	M5	4184.40	4187.02790	4223.23762	4144.85920			4183.68387	4184.18133	1
1781078137	XAUUSD	M5	4181.37	4186.51395	4222.72368	4144.34525			4182.06946	4183.12539	0
1781078437	XAUUSD	M5	4181.64	4186.00001	4222.20973	4143.83130			4180.21908	4181.67224	0
1781078737	XAUUSD	M5	4178.24	4185.48606	4221.69578	4143.31736			4178.30817	4179.99020	0
1781079037	XAUUSD	M5	4174.56	4184.97211	4221.18183	4142.80341			4176.57603	4178.28312	0
1781079337	XAUUSD	M5	4174.39	4184.45816	4220.66789	4142.28946			4175.21991	4176.75152	0
1781079637	XAUUSD	M5	4174.83	4183.94422	4220.15394	4141.77551			4174.29312	4175.52232	0
1781079937	XAUUSD	M5	4173.55	4183.43027	4219.63999	4141.26157			4173.77676	4174.64954	0
1781080237	XAUUSD	M5	4173.81	4182.91632	4219.12604	4140.74762		4172.55000	4173.65904	4174.15429	0
1781080537	XAUUSD	M5	4175.06	4182.40237	4218.61210	4140.23367			4173.88629	4174.02029	0
1781080837	XAUUSD	M5	4174.82	4181.88843	4218.09815	4139.71972			4174.39730	4174.20880	1
1781081137	XAUUSD	M5	4174.58	4181.37448	4217.58420	4139.20578			4175.21095	4174.70987	0
1781081437	XAUUSD	M5	4176.57	4180.86053	4217.07025	4138.69183			4176.39967	4175.55477	0
1781081737	XAUUSD	M5	4179.77	4180.34659	4216.55631	4138.17788			4178.00796	4176.78136	0
1781082037	XAUUSD	M5	4176.80	4179.83264	4216.04236	4137.66394			4180.06886	4178.42511	0
1781082337	XAUUSD	M5	4180.53	4179.31869	4215.52841	4137.14999			4182.73687	4180.58099	0
1781082637	XAUUSD	M5	4187.25	4178.80474	4215.01447	4136.63604			4185.99405	4183.28752	0
1781082937	XAUUSD	M5	4191.09	4178.29080	4214.50052	4136.12209			4189.67020	4186.47886	0
1781083237	XAUUSD	M5	4194.32	4177.77685	4213.98657	4135.60815			4193.62608	4190.05247	0
1781083537	XAUUSD	M5	4198.25	4177.26290	4213.47262	4135.09420			4197.67333	4193.86290	0
1781083837	XAUUSD	M5	4202.72	4176.74895	4212.95868	4134.58025			4201.58004	4197.72147	0
1781084137	XAUUSD	M5	4203.72	4176.23501	4212.44473	4134.06630			4205.10004	4201.41075	0
1781084437	XAUUSD	M5	4205.15	4175.72106	4211.93078	4133.55236			4208.09588	4204.75332	0
1781084737	XAUUSD	M5	4211.17	4175.20711	4211.41683	4133.03841			4210.45396	4207.60364	0
1781085037	XAUUSD	M5	4213.99	4174.69316	4210.90289	4132.52446	4221.80000		4212.01137	4209.80750	0
1781085337	XAUUSD	M5	4212.90	4174.17922	4210.38894	4132.01051			4212.73359	4211.27055	0
1781085637	XAUUSD	M5	4214.42	4173.66527	4209.87499	4131.49657			4212.73738	4212.00397	0
1781085937	XAUUSD	M5	4209.10	4173.15132	4209.36104	4130.98262			4212.11082	4212.05739	0
1781086237	XAUUSD	M5	4211.94	4172.63737	4208.84710	4130.46867			4211.12356	4211.59048	1
1781086537	XAUUSD	M5	4210.60	4172.12343	4208.33315	4129.95472			4209.85301	4210.72174	0
1781086837	XAUUSD	M5	4209.10	4171.60948	4207.81920	4129.44078			4208.44526	4209.58350	0
1781087137	XAUUSD	M5	4207.75	4171.09553	4207.30525	4128.92683			4207.02207	4208.30278	0
1781087437	XAUUSD	M5	4203.22	4170.58158	4206.79131	4128.41288			4205.68098	4206.99188	0
1781087737	XAUUSD	M5	4202.31	4170.06764	4206.27736	4127.89893			4204.54162	4205.76675	0
1781088037	XAUUSD	M5	4203.96	4169.55369	4205.76341	4127.38499			4203.61444	4204.69060	0
1781088337	XAUUSD	M5	4203.70	4169.03974	4205.24946	4126.87104			4202.81599	4203.75329	0
1781088637	XAUUSD	M5	4207.16	4168.52579	4204.73552	4126.35709			4202.06024	4202.90677	0
1781088937	XAUUSD	M5	4200.31	4168.01185	4204.22157	4125.84314			4201.17098	4202.03887	0
1781089237	XAUUSD	M5	4198.74	4167.49790	4203.70762	4125.32920			4200.18397	4201.11142	0
1781089537	XAUUSD	M5	4199.24	4166.98395	4203.19367	4124.81525			4198.98709	4200.04925	0
1781089837	XAUUSD	M5	4194.92	4166.47001	4202.67973	4124.30130			4197.39631	4198.72278	0
1781090137	XAUUSD	M5	4194.78	4165.95606	4202.16578	4123.78736			4195.33515	4197.02897	0
1781090437	XAUUSD	M5	4190.73	4165.44211	4201.65183	4123.27341			4192.67272	4194.85084	0
1781090737	XAUUSD	M5	4189.69	4164.92816	4201.13789	4122.75946			4189.44755	4192.14920	0
1781091037	XAUUSD	M5	4190.46	4164.41422	4200.62394	4122.24551			4185.72192	4188.93556	0
1781091337	XAUUSD	M5	4182.11	4163.90027	4200.10999	4121.73157			4181.63459	4185.28507	0
1781091637	XAUUSD	M5	4186.47	4163.38632	4199.59604	4121.21762			4177.62229	4181.45368	0
1781091937	XAUUSD	M5	4164.31	4162.87237	4199.08210	4120.70367			4173.88981	4177.67175	0
1781092237	XAUUSD	M5	4167.38	4162.35843	4198.56815	4120.18972			4171.20846	4174.44010	0
1781092537	XAUUSD	M5	4166.47	4161.84448	4198.05420	4119.67578		4161.41000	4169.65686	4172.04848	0
1781092837	XAUUSD	M5	4173.53	4161.33053	4197.54025	4119.16183			4169.21495	4170.63172	0
1781093137	XAUUSD	M5	4171.20	4160.81658	4197.02631	4118.64788			4169.51111	4170.07141	0
1781093437	XAUUSD	M5	4172.22	4160.30264	4196.51236	4118.13393			4170.28157	4170.17649	1
1781093737	XAUUSD	M5	4168.10	4159.78869	4195.99841	4117.61999			4171.13542	4170.65595	0
1781094037	XAUUSD	M5	4172.85	4159.27474	4195.48446	4117.10604			4171.83696	4171.24646	0
1781094337	XAUUSD	M5	4170.55	4158.76079	4194.97052	4116.59209			4172.04311	4171.64478	0
1781094637	XAUUSD	M5	4174.29	4158.24685	4194.45657	4116.07814			4171.71127	4171.67803	0
1781094937	XAUUSD	M5	4171.18	4157.73290	4193.94262	4115.56420			4170.83998	4171.25900	1
1781095237	XAUUSD	M5	4168.57	4157.21895	4193.42867	4115.05025			4169.72409	4170.49155	0
1781095537	XAUUSD	M5	4167.03	4156.70500	4192.91473	4114.53630			4168.70357	4169.59756	0
1781095837	XAUUSD	M5	4170.47	4156.19106	4192.40078	4114.02235			4168.08282	4168.84019	0
1781096137	XAUUSD	M5	4165.07	4155.67711	4191.88683	4113.50841			4167.96568	4168.40293	0
1781096437	XAUUSD	M5	4171.07	4155.16316	4191.37288	4112.99446			4168.49952	4168.45123	1
1781096737	XAUUSD	M5	4168.52	4154.64921	4190.85894	4112.48051			4169.41435	4168.93279	0
1781097037	XAUUSD	M5	4166.26	4154.13527	4190.34499	4111.96657			4170.50216	4169.71747	0
1781097337	XAUUSD	M5	4176.86	4153.62132	4189.83104	4111.45262			4171.48497	4170.60122	0
1781097637	XAUUSD	M5	4172.48	4153.10737	4189.31710	4110.93867	4179.53000		4171.81715	4171.20918	0
1781097937	XAUUSD	M5	4171.29	4152.59343	4188.80315	4110.42472			4171.40153	4171.30536	0
1781098237	XAUUSD	M5	4168.47	4152.07948	4188.28920	4109.91078			4170.25540	4170.78038	1
1781098537	XAUUSD	M5	4166.17	4151.56553	4187.77525	4109.39683			4168.58438	4169.68238	0
1781098837	XAUUSD	M5	4168.74	4151.05158	4187.26131	4108.88288			4166.70639	4168.19438	0
1781099137	XAUUSD	M5	4169.30	4150.53764	4186.74736	4108.36893			4164.89329	4166.54384	0
1781099437	XAUUSD	M5	4159.67	4150.02369	4186.23341	4107.85499			4163.44363	4164.99373	0
1781099737	XAUUSD	M5	4161.01	4149.50974	4185.71946	4107.34104			4162.83524	4163.91449	0
1781100037	XAUUSD	M5	4164.46	4148.99579	4185.20552	4106.82709			4163.15633	4163.53541	0
1781100337	XAUUSD	M5	4166.71	4148.48185	4184.69157	4106.31314			4164.27522	4163.90531	1
1781100637	XAUUSD	M5	4165.16	4147.96790	4184.17762	4105.79920			4165.93993	4164.92262	0
1781100937	XAUUSD	M5	4165.19	4147.45395	4183.66367	4105.28525			4167.86271	4166.39267	0
1781101237	XAUUSD	M5	4166.72	4146.94000	4183.14973	4104.77130			4169.68458	4168.03862	0
1781101537	XAUUSD	M5	4171.40	4146.42606	4182.63578	4104.25735			4171.02131	4169.52997	0
1781101837	XAUUSD	M5	4177.27	4145.91211	4182.12183	4103.74341			4171.54051	4170.53524	0
1781102137	XAUUSD	M5	4171.88	4145.39816	4181.60788	4103.22946			4171.06823	4170.80174	0
1781102437	XAUUSD	M5	4174.51	4144.88421	4181.09394	4102.71551			4169.86268	4170.33221	1
1781102737	XAUUSD	M5	4161.48	4144.37027	4180.57999	4102.20156			4168.14830	4169.24026	0
1781103037	XAUUSD	M5	4161.33	4143.85632	4180.06604	4101.68762			4166.56316	4167.90171	0
1781103337	XAUUSD	M5	4168.83	4143.34237	4179.55209	4101.17367			4165.34365	4166.62268	0
1781103637	XAUUSD	M5	4164.92	4142.82842	4179.03815	4100.65972			4164.41331	4165.51799	0
1781103937	XAUUSD	M5	4163.74	4142.31448	4178.52420	4100.14577			4163.77458	4164.64629	0
1781104237	XAUUSD	M5	4166.32	4141.80053	4178.01025	4099.63183			4163.22357	4163.93493	0
1781104537	XAUUSD	M5	4164.92	4141.28658	4177.49630	4099.11788			4162.35448	4163.14471	0
1781104837	XAUUSD	M5	4156.49	4140.77263	4176.98236	4098.60393			4160.83701	4161.99086	0
1781105137	XAUUSD	M5	4154.43	4140.25869	4176.46841	4098.08999			4158.56836	4160.27961	0
1781105437	XAUUSD	M5	4155.78	4139.74474	4175.95446	4097.57604			4155.47523	4157.87742	0
1781105737	XAUUSD	M5	4154.21	4139.23079	4175.44052	4097.06209			4151.63275	4154.75508	0
1781106037	XAUUSD	M5	4147.65	4138.71685	4174.92657	4096.54814			4147.42999	4151.09254	0
1781106337	XAUUSD	M5	4146.96	4138.20290	4174.41262	4096.03420			4143.56652	4147.32953	0
1781106637	XAUUSD	M5	4145.04	4137.68895	4173.89867	4095.52025			4140.65875	4143.99414	0
1781106937	XAUUSD	M5	4136.27	4137.17500	4173.38473	4095.00630			4139.28346	4141.63880	0
1781107237	XAUUSD	M5	4136.51	4136.66106	4172.87078	4094.49235			4139.93762	4140.78821	0
1781107537	XAUUSD	M5	4134.72	4136.14711	4172.35683	4093.97841			4142.56129	4141.67475	1
1781107837	XAUUSD	M5	4141.11	4135.63316	4171.84288	4093.46446		4130.66000	4146.73864	4144.20669	0
1781108137	XAUUSD	M5	4162.44	4135.11921	4171.32894	4092.95051			4151.55181	4147.87925	0
1781108437	XAUUSD	M5	4160.87	4134.60527	4170.81499	4092.43656			4155.59656	4151.73790	0
1781108737	XAUUSD	M5	4160.44	4134.09132	4170.30104	4091.92262			4158.10325	4154.92058	0
1781109037	XAUUSD	M5	4157.68	4133.57737	4169.78709	4091.40867			4158.58292	4156.75175	0
1781109337	XAUUSD	M5	4151.86	4133.06342	4169.27315	4090.89472			4157.03489	4156.89332	0
1781109637	XAUUSD	M5	4147.02	4132.54948	4168.75920	4090.38077			4153.96213	4155.42773	1
1781109937	XAUUSD	M5	4153.16	4132.03553	4168.24525	4089.86683			4150.23474	4152.83123	0
1781110237	XAUUSD	M5	4154.07	4131.52158	4167.73130	4089.35288			4146.67491	4149.75307	0
1781110537	XAUUSD	M5	4151.43	4131.00763	4167.21736	4088.83893			4144.22789	4146.99048	0
1781110837	XAUUSD	M5	4135.67	4130.49369	4166.70341	4088.32498			4143.71099	4145.35073	0
1781111137	XAUUSD	M5	4144.25	4129.97974	4166.18946	4087.81104			4145.86363	4145.60718	1
1781111437	XAUUSD	M5	4150.11	4129.46579	4165.67551	4087.29709			4150.39159	4147.99939	0
1781111737	XAUUSD	M5	4142.97	4128.95184	4165.16157	4086.78314			4156.60064	4152.30002	0
1781112037	XAUUSD	M5	4166.17	4128.43790	4164.64762	4086.26919			4163.80988	4158.05495	0
1781112337	XAUUSD	M5	4178.11	4127.92395	4164.13367	4085.75525			4170.54556	4164.30025	0
1781112637	XAUUSD	M5	4185.58	4127.41000	4163.61972	4085.24130			4175.73299	4170.01662	0
1781112937	XAUUSD	M5	4180.09	4126.89605	4163.10578	4084.72735	4186.31000		4178.75008	4174.38335	0
1781113237	XAUUSD	M5	4179.64	4126.38211	4162.59183	4084.21341			4179.67453	4177.02894	0
1781113537	XAUUSD	M5	4171.61	4125.86816	4162.07788	4083.69946			4178.79688	4177.91291	0
1781113837	XAUUSD	M5	4173.49	4125.35421	4161.56394	4083.18551			4176.74594	4177.32942	1
1781114137	XAUUSD	M5	4174.19	4124.84027	4161.04999	4082.67156			4173.92894	4175.62918	0
1781114437	XAUUSD	M5	4168.59	4124.32632	4160.53604	4082.15762			4170.62719	4173.12819	0
1781114737	XAUUSD	M5	4170.71	4123.81237	4160.02209	4081.64367			4167.05031	4170.08925	0
1781115037	XAUUSD	M5	4161.02	4123.29842	4159.50815	4081.12972			4163.05231	4166.57078	0
1781115337	XAUUSD	M5	4160.28	4122.78448	4158.99420	4080.61577			4158.65524	4162.61301	0
1781115637	XAUUSD	M5	4158.02	4122.27053	4158.48025	4080.10183			4153.68425	4158.14863	0
1781115937	XAUUSD	M5	4150.06	4121.75658	4157.96630	4079.58788			4148.14788	4153.14826	0
1781116237	XAUUSD	M5	4140.72	4121.24263	4157.45236	4079.07393			4142.35887	4147.75356	0
1781116537	XAUUSD	M5	4138.16	4120.72869	4156.93841	4078.55998			4136.80178	4142.27767	0
1781116837	XAUUSD	M5	4124.86	4120.21474	4156.42446	4078.04604			4131.86796	4137.07282	0
1781117137	XAUUSD	M5	4129.11	4119.70079	4155.91051	4077.53209			4128.11881	4132.59581	0
1781117437	XAUUSD	M5	4126.63	4119.18684	4155.39657	4077.01814			4125.55450	4129.07516	0
1781117737	XAUUSD	M5	4123.79	4118.67290	4154.88262	4076.50419			4124.16322	4126.61919	0
1781118037	XAUUSD	M5	4115.89	4118.15895	4154.36867	4075.99025			4123.76659	4125.19289	0
1781118337	XAUUSD	M5	4130.25	4117.64500	4153.85472	4075.47630			4124.16994	4124.68142	0
1781118637	XAUUSD	M5	4127.72	4117.13105	4153.34078	4074.96235			4124.67284	4124.67713	0
1781118937	XAUUSD	M5	4128.18	4116.61711	4152.82683	4074.44840			4125.04800	4124.86256	1
1781119237	XAUUSD	M5	4124.65	4116.10316	4152.31288	4073.93446			4125.15895	4125.01075	0
1781119537	XAUUSD	M5	4128.75	4115.58921	4151.79893	4073.42051			4125.15137	4125.08106	0
1781119837	XAUUSD	M5	4118.32	4115.07526	4151.28499	4072.90656			4125.11448	4125.09777	0
1781120137	XAUUSD	M5	4120.30	4114.56132	4150.77104	4072.39261		4106.86000	4125.49269	4125.29523	0
1781120437	XAUUSD	M5	4128.99	4114.04737	4150.25709	4071.87867			4126.32786	4125.81155	0
1781120737	XAUUSD	M5	4126.73	4113.53342	4149.74314	4071.36472			4127.36713	4126.58934	0
1781121037	XAUUSD	M5	4130.25	4113.01948	4149.22920	4070.85077			4128.49121	4127.54028	0
1781121337	XAUUSD	M5	4129.23	4112.50553	4148.71525	4070.33683			4129.35887	4128.44957	0
1781121637	XAUUSD	M5	4132.52	4111.99158	4148.20130	4069.82288			4129.76599	4129.10778	0
1781121937	XAUUSD	M5	4129.82	4111.47763	4147.68736	4069.30893			4129.52190	4129.31484	0
1781122237	XAUUSD	M5	4127.54	4110.96369	4147.17341	4068.79498			4128.72830	4129.02157	1
1781122537	XAUUSD	M5	4129.31	4110.44974	4146.65946	4068.28104			4127.59318	4128.30737	0
1781122837	XAUUSD	M5	4127.92	4109.93579	4146.14551	4067.76709			4126.30531	4127.30634	0
1781123137	XAUUSD	M5	4122.36	4109.42184	4145.63157	4067.25314			4125.08996	4126.19815	0
1781123437	XAUUSD	M5	4120.51	4108.90790	4145.11762	4066.73919			4124.16834	4125.18324	0
1781123737	XAUUSD	M5	4120.31	4108.39395	4144.60367	4066.22525			4123.52452	4124.35388	0
1781124037	XAUUSD	M5	4121.98	4107.88000	4144.08972	4065.71130			4122.95314	4123.65351	0
1781124337	XAUUSD	M5	4132.17	4107.36605	4143.57578	4065.19735	4134.97000		4122.12976	4122.89164	0
1781124637	XAUUSD	M5	4120.20	4106.85211	4143.06183	4064.68340			4120.56012	4121.72588	0
1781124937	XAUUSD	M5	4118.08	4106.33816	4142.54788	4064.16946			4118.38955	4120.05771	0
1781125237	XAUUSD	M5	4113.91	4105.82421	4142.03393	4063.65551			4115.73036	4117.89404	0
1781125537	XAUUSD	M5	4111.84	4105.31026	4141.51999	4063.14156			4112.92197	4115.40800	0
1781125837	XAUUSD	M5	4110.89	4104.79632	4141.00604	4062.62761			4110.35929	4112.88365	0
1781126137	XAUUSD	M5	4111.19	4104.28237	4140.49209	4062.11367			4108.43833	4110.66099	0
1781126437	XAUUSD	M5	4105.31	4103.76842	4139.97814	4061.59972			4107.42404	4109.04251	0
1781126737	XAUUSD	M5	4102.34	4103.25447	4139.46420	4061.08577			4107.55255	4108.29753	0
1781127037	XAUUSD	M5	4111.41	4102.74053	4138.95025	4060.57182			4108.77026	4108.53390	1
1781127337	XAUUSD	M5	4109.83	4102.22658	4138.43630	4060.05788			4110.55838	4109.54614	0
1781127637	XAUUSD	M5	4111.66	4101.71263	4137.92235	4059.54393			4112.51161	4111.02887	0
1781127937	XAUUSD	M5	4119.80	4101.19868	4137.40841	4059.02998			4114.17684	4112.60286	0
1781128237	XAUUSD	M5	4114.49	4100.68474	4136.89446	4058.51603			4115.07459	4113.83872	0
1781128537	XAUUSD	M5	4115.96	4100.17079	4136.38051	4058.00209			4115.20035	4114.51954	0
1781128837	XAUUSD	M5	4112.66	4099.65684	4135.86657	4057.48814			4114.56154	4114.54054	0
1781129137	XAUUSD	M5	4112.79	4099.14290	4135.35262	4056.97419			4113.39303	4113.96678	1
1781129437	XAUUSD	M5	4112.47	4098.62895	4134.83867	4056.46025			4111.85764	4112.91221	0
1781129737	XAUUSD	M5	4109.23	4098.11500	4134.32472	4055.94630			4110.07661	4111.49441	0
1781130037	XAUUSD	M5	4107.46	4097.60105	4133.81078	4055.43235			4108.17044	4109.83242	0
1781130337	XAUUSD	M5	4104.98	4097.08711	4133.29683	4054.91840			4106.13605	4107.98424	0
1781130637	XAUUSD	M5	4104.41	4096.57316	4132.78288	4054.40446			4103.91767	4105.95095	0
1781130937	XAUUSD	M5	4101.49	4096.05921	4132.26893	4053.89051			4101.43103	4103.69099	0
1781131237	XAUUSD	M5	4101.23	4095.54526	4131.75499	4053.37656			4098.71816	4101.20458	0
1781131537	XAUUSD	M5	4096.25	4095.03132	4131.24104	4052.86261			4095.84652	4098.52555	0
1781131837	XAUUSD	M5	4095.13	4094.51737	4130.72709	4052.34867			4093.08038	4095.80296	0
1781132137	XAUUSD	M5	4089.00	4094.00342	4130.21314	4051.83472			4090.64000	4093.22148	0
1781132437	XAUUSD	M5	4089.85	4093.48947	4129.69920	4051.32077			4088.84960	4091.03554	0
1781132737	XAUUSD	M5	4084.95	4092.97553	4129.18525	4050.80682			4087.76273	4089.39914	0
1781133037	XAUUSD	M5	4084.73	4092.46158	4128.67130	4050.29288			4087.40296	4088.40105	0
1781133337	XAUUSD	M5	4086.30	4091.94763	4128.15735	4049.77893			4087.51219	4087.95662	0
1781133637	XAUUSD	M5	4086.38	4091.43368	4127.64341	4049.26498			4087.64914	4087.80288	0
1781133937	XAUUSD	M5	4091.63	4090.91974	4127.12946	4048.75103			4087.41272	4087.60780	0
1781134237	XAUUSD	M5	4088.42	4090.40579	4126.61551	4048.23709			4086.37207	4086.98994	0
1781134537	XAUUSD	M5	4087.29	4089.89184	4126.10156	4047.72314			4084.46531	4085.72762	0
1781134837	XAUUSD	M5	4082.84	4089.37789	4125.58762	4047.20919			4081.82981	4083.77872	0
1781135137	XAUUSD	M5	4077.59	4088.86395	4125.07367	4046.69524			4078.88644	4081.33258	0
1781135437	XAUUSD	M5	4071.12	4088.35000	4124.55972	4046.18130			4076.22034	4078.77646	0
1781135737	XAUUSD	M5	4072.13	4087.83605	4124.04577	4045.66735			4074.42037	4076.59841	0
1781136037	XAUUSD	M5	4073.98	4087.32210	4123.53183	4045.15340			4073.73053	4075.16447	0
1781136337	XAUUSD	M5	4076.46	4086.80816	4123.01788	4044.63946			4074.07866	4074.62157	0
1781136637	XAUUSD	M5	4078.46	4086.29421	4122.50393	4044.12551			4075.07079	4074.84618	1
1781136937	XAUUSD	M5	4076.13	4085.78026	4121.98999	4043.61156			4076.07952	4075.46285	0
1781137237	XAUUSD	M5	4076.47	4085.26632	4121.47604	4043.09761			4076.46154	4075.96220	0
1781137537	XAUUSD	M5	4072.83	4084.75237	4120.96209	4042.58367			4075.59300	4075.77760	1
1781137837	XAUUSD	M5	4067.94	4084.23842	4120.44814	4042.06972			4073.16777	4074.47268	0
1781138137	XAUUSD	M5	4069.09	4083.72447	4119.93420	4041.55577			4069.27007	4071.87138	0
1781138437	XAUUSD	M5	4071.24	4083.21053	4119.42025	4041.04182			4064.25179	4068.06158	0
1781142337	XAUUSD	M5	4063.41	4082.69658	4118.90630	4040.52788			4058.75213	4063.40686	0
1781142637	XAUUSD	M5	4050.98	4082.18263	4118.39235	4040.01393			4053.79265	4058.59975	0
1781142937	XAUUSD	M5	4056.10	4081.66868	4117.87841	4039.49998			4050.39724	4054.49850	0
1781143237	XAUUSD	M5	4047.61	4081.15474	4117.36446	4038.98603			4048.86604	4051.68227	0
1781143537	XAUUSD	M5	4038.36	4080.64079	4116.85051	4038.47209			4049.33279	4050.50753	0
1781143837	XAUUSD	M5	4044.93	4080.12684	4116.33656	4037.95814			4051.48205	4050.99479	1
1781144137	XAUUSD	M5	4050.73	4079.61289	4115.82262	4037.44419			4054.27349	4052.63414	0
1781144437	XAUUSD	M5	4065.45	4079.09895	4115.30867	4036.93024			4056.58039	4054.60727	0
1781144737	XAUUSD	M5	4062.93	4078.58500	4114.79472	4036.41630			4057.27508	4055.94117	0
1781145037	XAUUSD	M5	4062.10	4078.07105	4114.28077	4035.90235			4056.05908	4056.00013	0
1781145337	XAUUSD	M5	4053.82	4077.55710	4113.76683	4035.38840			4053.13651	4054.56832	1
1781145637	XAUUSD	M5	4046.54	4077.04316	4113.25288	4034.87445			4049.35402	4051.96117	0
1781145937	XAUUSD	M5	4049.66	4076.52921	4112.73893	4034.36051			4045.78808	4048.87462	0
1781146237	XAUUSD	M5	4040.57	4076.01526	4112.22498	4033.84656			4043.24298	4046.05880	0
1781146537	XAUUSD	M5	4030.16	4075.50131	4111.71104	4033.33261		4023.88000	4042.50572	4044.28226	0
1781146837	XAUUSD	M5	4039.13	4074.98737	4111.19709	4032.81866			4043.91325	4044.09775	0
1781147137	XAUUSD	M5	4043.53	4074.47342	4110.68314	4032.30472			4046.85562	4045.47669	1
1781147437	XAUUSD	M5	4061.60	4073.95947	4110.16919	4031.79077			4050.44523	4047.96096	0
1781147737	XAUUSD	M5	4058.03	4073.44552	4109.65525	4031.27682			4053.37772	4050.66934	0
1781148037	XAUUSD	M5	4060.76	4072.93158	4109.14130	4030.76288			4055.02452	4052.84693	0
1781148337	XAUUSD	M5	4056.24	4072.41763	4108.62735	4030.24893			4055.02905	4053.93799	0
1781148637	XAUUSD	M5	4050.19	4071.90368	4108.11341	4029.73498			4053.67298	4053.80548	1
1781148937	XAUUSD	M5	4051.02	4071.38974	4107.59946	4029.22103			4051.66963	4052.73755	0
1781149237	XAUUSD	M5	4047.12	4070.87579	4107.08551	4028.70709			4049.79692	4051.26724	0
1781149537	XAUUSD	M5	4043.72	4070.36184	4106.57156	4028.19314			4048.91431	4050.09077	0
1781149837	XAUUSD	M5	4043.09	4069.84789	4106.05762	4027.67919			4049.61272	4049.85175	0
1781150137	XAUUSD	M5	4052.25	4069.33395	4105.54367	4027.16524			4052.00091	4050.92633	1
1781150437	XAUUSD	M5	4065.20	4068.82000	4105.02972	4026.65130			4055.55291	4053.23962	0
1781150737	XAUUSD	M5	4061.46	4068.30605	4104.51577	4026.13735			4059.38326	4056.31144	0
1781151037	XAUUSD	M5	4067.63	4067.79210	4104.00183	4025.62340			4062.91957	4059.61551	0
1781151337	XAUUSD	M5	4064.22	4067.27816	4103.48788	4025.10945			4065.55302	4062.58426	0
1781151637	XAUUSD	M5	4063.45	4066.76421	4102.97393	4024.59551			4067.23926	4064.91176	0
1781151937	XAUUSD	M5	4063.41	4066.25026	4102.45998	4024.08156			4068.26452	4066.58814	0
1781152237	XAUUSD	M5	4071.43	4065.73631	4101.94604	4023.56761			4069.19415	4067.89115	0
1781152537	XAUUSD	M5	4069.26	4065.22237	4101.43209	4023.05366			4070.55397	4069.22256	0
1781152837	XAUUSD	M5	4075.79	4064.70842	4100.91814	4022.53972			4073.04007	4071.13132	0
1781153137	XAUUSD	M5	4079.27	4064.19447	4100.40419	4022.02577			4076.89604	4074.01368	0
1781153437	XAUUSD	M5	4078.72	4063.68052	4099.89025	4021.51182			4082.09263	4078.05315	0
1781153737	XAUUSD	M5	4086.85	4063.16658	4099.37630	4020.99787			4088.34654	4083.19985	0
1781154037	XAUUSD	M5	4094.24	4062.65263	4098.86235	4020.48393			4094.95405	4089.07695	0
1781154337	XAUUSD	M5	4102.65	4062.13868	4098.34840	4019.96998			4101.13159	4095.10427	0
1781154637	XAUUSD	M5	4104.59	4061.62473	4097.83446	4019.45603			4106.14723	4100.62575	0
1781154937	XAUUSD	M5	4111.11	4061.11079	4097.32051	4018.94208			4109.62439	4105.12507	0
1781155237	XAUUSD	M5	4114.95	4060.59684	4096.80656	4018.42814			4111.33082	4108.22794	0
1781155537	XAUUSD	M5	4113.80	4060.08289	4096.29261	4017.91419	4118.22000		4111.33486	4109.78140	0
1781155837	XAUUSD	M5	4111.01	4059.56895	4095.77867	4017.40024			4109.97231	4109.87685	0
1781156137	XAUUSD	M5	4103.99	4059.05500	4095.26472	4016.88630			4107.63149	4108.75417	1
1781156437	XAUUSD	M5	4101.95	4058.54105	4094.75077	4016.37235			4104.71558	4106.73487	0
1781156737	XAUUSD	M5	4100.85	4058.02710	4094.23683	4015.85840			4101.35774	4104.04631	0
1781157037	XAUUSD	M5	4094.68	4057.51316	4093.72288	4015.34445			4097.54553	4100.79592	0
1781157337	XAUUSD	M5	4089.56	4056.99921	4093.20893	4014.83051			4093.29737	4097.04664	0
1781157637	XAUUSD	M5	4093.93	4056.48526	4092.69498	4014.31656			4088.62751	4092.83707	0
1781157937	XAUUSD	M5	4090.07	4055.97131	4092.18104	4013.80261			4083.44631	4088.14169	0
1781158237	XAUUSD	M5	4082.25	4055.45737	4091.66709	4013.28866			4078.01154	4083.07662	0
1781158537	XAUUSD	M5	4073.00	4054.94342	4091.15314	4012.77472			4072.83070	4077.95366	0
1781158837	XAUUSD	M5	4066.73	4054.42947	4090.63919	4012.26077			4068.50842	4073.23104	0
1781159137	XAUUSD	M5	4059.48	4053.91552	4090.12525	4011.74682			4065.50312	4069.36708	0
1781159437	XAUUSD	M5	4054.88	4053.40158	4089.61130	4011.23287		4052.60000	4064.09562	4066.73135	0
1781159737	XAUUSD	M5	4062.64	4052.88763	4089.09735	4010.71893			4064.23717	4065.48426	0
1781160037	XAUUSD	M5	4067.81	4052.37368	4088.58340	4010.20498			4065.37085	4065.42756	0
1781160337	XAUUSD	M5	4075.02	4051.85973	4088.06946	4009.69103			4066.84332	4066.13544	1
1781160637	XAUUSD	M5	4076.54	4051.34579	4087.55551	4009.17708			4067.95637	4067.04591	0
1781160937	XAUUSD	M5	4065.66	4050.83184	4087.04156	4008.66314			4068.32444	4067.68517	0
1781161237	XAUUSD	M5	4065.61	4050.31789	4086.52761	4008.14919			4068.08728	4067.88623	0
1781161537	XAUUSD	M5	4062.83	4049.80394	4086.01367	4007.63524			4067.39025	4067.63824	1
1781161837	XAUUSD	M5	4063.38	4049.29000	4085.49972	4007.12129			4066.63819	4067.13821	0
1781162137	XAUUSD	M5	4067.28	4048.77605	4084.98577	4006.60735			4066.21242	4066.67532	0
1781162437	XAUUSD	M5	4070.49	4048.26210	4084.47182	4006.09340			4066.37433	4066.52482	0
1781162737	XAUUSD	M5	4067.40	4047.74815	4083.95788	4005.57945			4067.24873	4066.88678	1
1781163037	XAUUSD	M5	4065.66	4047.23421	4083.44393	4005.06550			4068.89238	4067.88958	0
1781163337	XAUUSD	M5	4073.08	4046.72026	4082.92998	4004.55156			4071.15211	4069.52084	0
1781163637	XAUUSD	M5	4072.81	4046.20631	4082.41603	4004.03761			4073.55905	4071.53995	0
1781163937	XAUUSD	M5	4072.71	4045.69237	4081.90209	4003.52366			4075.83431	4073.68713	0
1781164237	XAUUSD	M5	4080.02	4045.17842	4081.38814	4003.00972			4077.78231	4075.73472	0
1781164537	XAUUSD	M5	4082.89	4044.66447	4080.87419	4002.49577			4079.17468	4077.45470	0
1781164837	XAUUSD	M5	4081.75	4044.15052	4080.36025	4001.98182			4080.02358	4078.73914	0
1781165137	XAUUSD	M5	4081.29	4043.63658	4079.84630	4001.46787			4080.52629	4079.63271	0
1781165437	XAUUSD	M5	4077.64	4043.12263	4079.33235	4000.95393			4080.86454	4080.24863	0
1781165737	XAUUSD	M5	4077.79	4042.60868	4078.81840	4000.43998			4081.21579	4080.73221	0
1781166037	XAUUSD	M5	4078.71	4042.09473	4078.30446	3999.92603			4081.55085	4081.14153	0
1781166337	XAUUSD	M5	4082.01	4041.58079	4077.79051	3999.41208			4081.73160	4081.43657	0
1781166637	XAUUSD	M5	4083.50	4041.06684	4077.27656	3998.89814			4081.53907	4081.48782	0
1781166937	XAUUSD	M5	4083.79	4040.55289	4076.76261	3998.38419			4080.86389	4081.17586	1
1781167237	XAUUSD	M5	4082.73	4040.03894	4076.24867	3997.87024			4079.80001	4080.48793	0
1781167537	XAUUSD	M5	4077.83	4039.52500	4075.73472	3997.35629			4078.65923	4079.57358	0
1781167837	XAUUSD	M5	4079.61	4039.01105	4075.22077	3996.84235			4077.96431	4078.76895	0
1781168137	XAUUSD	M5	4077.44	4038.49710	4074.70682	3996.32840			4078.09041	4078.42968	0
1781168437	XAUUSD	M5	4079.43	4037.98315	4074.19288	3995.81445			4079.36672	4078.89820	1
1781168737	XAUUSD	M5	4077.06	4037.46921	4073.67893	3995.30050			4081.79786	4080.34803	0
1781169037	XAUUSD	M5	4075.17	4036.95526	4073.16498	3994.78656			4085.18964	4082.76884	0
1781169337	XAUUSD	M5	4095.02	4036.44131	4072.65103	3994.27261			4089.08877	4085.92880	0
1781169637	XAUUSD	M5	4093.72	4035.92736	4072.13709	3993.75866			4092.42967	4089.17924	0
1781169937	XAUUSD	M5	4099.58	4035.41342	4071.62314	3993.24471			4094.68277	4091.93100	0
1781170237	XAUUSD	M5	4100.49	4034.89947	4071.10919	3992.73077	4106.21000		4095.40042	4093.66571	0
1781170537	XAUUSD	M5	4094.02	4034.38552	4070.59524	3992.21682			4094.54054	4094.10312	0
1781170837	XAUUSD	M5	4094.32	4033.87157	4070.08130	3991.70287			4092.54106	4093.32209	1
1781171137	XAUUSD	M5	4084.67	4033.35763	4069.56735	3991.18893			4089.90985	4091.61597	0
1781171437	XAUUSD	M5	4080.80	4032.84368	4069.05340	3990.67498			4087.44598	4089.53097	0
1781171737	XAUUSD	M5	4084.48	4032.32973	4068.53946	3990.16103			4085.72968	4087.63033	0
1781172037	XAUUSD	M5	4086.70	4031.81579	4068.02551	3989.64708			4084.97561	4086.30297	0
1781172337	XAUUSD	M5	4091.27	4031.30184	4067.51156	3989.13314			4085.17966	4085.74132	0
1781172637	XAUUSD	M5	4086.87	4030.78789	4066.99761	3988.61919			4086.07466	4085.90799	1
1781172937	XAUUSD	M5	4084.24	4030.27394	4066.48367	3988.10524			4087.49130	4086.69964	0
1781173237	XAUUSD	M5	4088.27	4029.76000	4065.96972	3987.59129			4089.20313	4087.95139	0
1781173537	XAUUSD	M5	4092.79	4029.24605	4065.45577	3987.07735			4090.90307	4089.42723	0
1781173837	XAUUSD	M5	4091.88	4028.73210	4064.94182	3986.56340			4092.40029	4090.91376	0
1781174137	XAUUSD	M5	4097.56	4028.21815	4064.42788	3986.04945			4093.77303	4092.34340	0
1781174437	XAUUSD	M5	4094.27	4027.70421	4063.91393	3985.53550			4095.05027	4093.69683	0
1781174737	XAUUSD	M5	4094.94	4027.19026	4063.39998	3985.02156			4096.48805	4095.09244	0
1781175037	XAUUSD	M5	4093.62	4026.67631	4062.88603	3984.50761			4098.18061	4096.63653	0
1781175337	XAUUSD	M5	4096.84	4026.16236	4062.37209	3983.99366			4100.14415	4098.39034	0
1781175637	XAUUSD	M5	4105.06	4025.64842	4061.85814	3983.47971			4102.18318	4100.28676	0
1781175937	XAUUSD	M5	4107.76	4025.13447	4061.34419	3982.96577			4103.93961	4102.11318	0
1781176237	XAUUSD	M5	4107.55	4024.62052	4060.83024	3982.45182			4105.21419	4103.66369	0
1781176537	XAUUSD	M5	4107.16	4024.10657	4060.31630	3981.93787			4105.97017	4104.81693	0
1781176837	XAUUSD	M5	4104.72	4023.59263	4059.80235	3981.42392			4106.28604	4105.55149	0
1781177137	XAUUSD	M5	4107.62	4023.07868	4059.28840	3980.90998			4106.36165	4105.95657	0
1781177437	XAUUSD	M5	4103.54	4022.56473	4058.77445	3980.39603			4106.30088	4106.12872	0
1781177737	XAUUSD	M5	4103.11	4022.05078	4058.26051	3979.88208			4106.32391	4106.22632	0
1781178037	XAUUSD	M5	4105.03	4021.53684	4057.74656	3979.36813			4106.46223	4106.34427	0
1781178337	XAUUSD	M5	4106.14	4021.02289	4057.23261	3978.85419			4106.58408	4106.46417	0
1781178637	XAUUSD	M5	4111.78	4020.50894	4056.71866	3978.34024			4106.45761	4106.46089	1
1781178937	XAUUSD	M5	4106.28	4019.99499	4056.20472	3977.82629	4112.70000		4105.75385	4106.10737	0
1781179237	XAUUSD	M5	4105.77	4019.48105	4055.69077	3977.31235			4104.43681	4105.27209	0
1781179537	XAUUSD	M5	4102.93	4018.96710	4055.17682	3976.79840			4102.46053	4103.86631	0
1781179837	XAUUSD	M5	4097.66	4018.45315	4054.66288	3976.28445			4099.94143	4101.90387	0
1781180137	XAUUSD	M5	4095.36	4017.93921	4054.14893	3975.77050			4097.12853	4099.51620	0
1781180437	XAUUSD	M5	4095.45	4017.42526	4053.63498	3975.25656			4094.24921	4096.88271	0
1781180737	XAUUSD	M5	4090.64	4016.91131	4053.12103	3974.74261			4091.46391	4094.17331	0
1781181037	XAUUSD	M5	4089.32	4016.39736	4052.60709	3974.22866			4088.99661	4091.58496	0
1781181337	XAUUSD	M5	4086.91	4015.88342	4052.09314	3973.71471			4086.93029	4089.25763	0
1781181637	XAUUSD	M5	4084.64	4015.36947	4051.57919	3973.20077			4085.31538	4087.28651	0
1781181937	XAUUSD	M5	4085.21	4014.85552	4051.06524	3972.68682			4084.16948	4085.72799	0
1781182237	XAUUSD	M5	4080.94	4014.34157	4050.55130	3972.17287			4083.44306	4084.58553	0
1781182537	XAUUSD	M5	4086.04	4013.82763	4050.03735	3971.65892			4083.20452	4083.89502	0
1781182837	XAUUSD	M5	4086.76	4013.31368	4049.52340	3971.14498			4083.32605	4083.61054	0
1781183137	XAUUSD	M5	4085.13	4012.79973	4049.00945	3970.63103			4083.80284	4083.70669	1
1781183437	XAUUSD	M5	4079.48	4012.28578	4048.49551	3970.11708			4084.67511	4084.19090	0
1781183737	XAUUSD	M5	4080.69	4011.77184	4047.98156	3969.60313		4077.50000	4086.04742	4085.11916	0
1781184037	XAUUSD	M5	4088.69	4011.25789	4047.46761	3969.08919			4087.78045	4086.44981	0
1781184337	XAUUSD	M5	4091.70	4010.74394	4046.95366	3968.57524			4089.52717	4087.98849	0
1781184637	XAUUSD	M5	4094.04	4010.22999	4046.43972	3968.06129			4091.02337	4089.50593	0
1781184937	XAUUSD	M5	4094.05	4009.71605	4045.92577	3967.54734			4092.04600	4090.77596	0
1781185237	XAUUSD	M5	4091.69	4009.20210	4045.41182	3967.03340			4092.51377	4091.64487	0
1781185537	XAUUSD	M5	4091.86	4008.68815	4044.89787	3966.51945			4092.49177	4092.06832	0
1781185837	XAUUSD	M5	4090.63	4008.17420	4044.38393	3966.00550			4092.08194	4092.07513	0
1781186137	XAUUSD	M5	4092.21	4007.66026	4043.86998	3965.49155			4091.46822	4091.77168	1
1781186437	XAUUSD	M5	4086.93	4007.14631	4043.35603	3964.97761			4090.78325	4091.27747	0
1781186737	XAUUSD	M5	4093.76	4006.63236	4042.84208	3964.46366			4090.30269	4090.79008	0
1781187037	XAUUSD	M5	4087.99	4006.11842	4042.32814	3963.94971			4089.97279	4090.38143	0
1781187337	XAUUSD	M5	4092.40	4005.60447	4041.81419	3963.43577			4089.94922	4090.16533	0
1781187637	XAUUSD	M5	4090.99	4005.09052	4041.30024	3962.92182			4090.08983	4090.12758	0
1781187937	XAUUSD	M5	4090.56	4004.57657	4040.78630	3962.40787			4090.32610	4090.22684	1
1781188237	XAUUSD	M5	4088.60	4004.06263	4040.27235	3961.89392			4090.56302	4090.39493	0
1781188537	XAUUSD	M5	4089.80	4003.54868	4039.75840	3961.37998			4090.71677	4090.55585	0
1781188837	XAUUSD	M5	4089.97	4003.03473	4039.24445	3960.86603			4090.64689	4090.60137	0
1781189137	XAUUSD	M5	4091.91	4002.52078	4038.73051	3960.35208			4090.28605	4090.44371	1
1781189437	XAUUSD	M5	4091.34	4002.00684	4038.21656	3959.83813			4089.59564	4090.01968	0
1781189737	XAUUSD	M5	4086.59	4001.49289	4037.70261	3959.32419			4088.67141	4089.34554	0
1781190037	XAUUSD	M5	4086.81	4000.97894	4037.18866	3958.81024			4087.75879	4088.55217	0
1781190337	XAUUSD	M5	4086.38	4000.46499	4036.67472	3958.29629			4086.99784	4087.77500	0
1781190637	XAUUSD	M5	4090.39	3999.95105	4036.16077	3957.78234			4086.51295	4087.14398	0
1781190937	XAUUSD	M5	4088.30	3999.43710	4035.64682	3957.26840	4095.86000		4086.25427	4086.69912	0
1781191237	XAUUSD	M5	4083.40	3998.92315	4035.13287	3956.75445			4086.20714	4086.45313	0
1781191537	XAUUSD	M5	4084.94	3998.40920	4034.61893	3956.24050			4086.31614	4086.38464	0
1781191837	XAUUSD	M5	4085.16	3997.89526	4034.10498	3955.72655			4086.25493	4086.31978	0
1781192137	XAUUSD	M5	4086.19	3997.38131	4033.59103	3955.21261			4085.68344	4086.00161	0
1781192437	XAUUSD	M5	4080.34	3996.86736	4033.07708	3954.69866			4084.28688	4085.14425	0
1781192737	XAUUSD	M5	4086.53	3996.35341	4032.56314	3954.18471			4082.07765	4083.61095	0
1781193037	XAUUSD	M5	4079.94	3995.83947	4032.04919	3953.67076			4079.00394	4081.30744	0
1781193337	XAUUSD	M5	4076.41	3995.32552	4031.53524	3953.15682			4075.51599	4078.41171	0
1781193637	XAUUSD	M5	4075.14	3994.81157	4031.02129	3952.64287			4072.18178	4075.29675	0
1781193937	XAUUSD	M5	4069.00	3994.29762	4030.50735	3952.12892			4069.56545	4072.43110	0
1781194237	XAUUSD	M5	4069.08	3993.78368	4029.99340	3951.61497			4068.24923	4070.34017	0
1781194537	XAUUSD	M5	4062.56	3993.26973	4029.47945	3951.10103		4057.54000	4068.44632	4069.39324	0
1781194837	XAUUSD	M5	4065.94	3992.75578	4028.96550	3950.58708			4070.19666	4069.79495	1
1781195137	XAUUSD	M5	4073.40	3992.24184	4028.45156	3950.07313			4073.00229	4071.39862	0
1781195437	XAUUSD	M5	4077.31	3991.72789	4027.93761	3949.55919			4076.07752	4073.73807	0
1781195737	XAUUSD	M5	4080.14	3991.21394	4027.42366	3949.04524			4078.69853	4076.21830	0
1781196037	XAUUSD	M5	4082.22	3990.69999	4026.90972	3948.53129			4080.31635	4078.26733	0
1781196337	XAUUSD	M5	4083.88	3990.18605	4026.39577	3948.01734			4080.69148	4079.47940	0
1781196637	XAUUSD	M5	4085.84	3989.67210	4025.88182	3947.50340			4079.91866	4079.69903	0
1781196937	XAUUSD	M5	4073.21	3989.15815	4025.36787	3946.98945			4078.36317	4079.03110	1
1781197237	XAUUSD	M5	4072.88	3988.64420	4024.85393	3946.47550			4076.85389	4077.94250	0
1781197537	XAUUSD	M5	4075.95	3988.13026	4024.33998	3945.96155			4075.88770	4076.91510	0
1781197837	XAUUSD	M5	4075.71	3987.61631	4023.82603	3945.44761			4075.66783	4076.29146	0
1781198137	XAUUSD	M5	4075.30	3987.10236	4023.31208	3944.93366			4076.19129	4076.24137	0
1781198437	XAUUSD	M5	4072.51	3986.58841	4022.79814	3944.41971			4077.19155	4076.71646	1
1781198737	XAUUSD	M5	4076.28	3986.07447	4022.28419	3943.90576			4078.27979	4077.49813	0
1781199037	XAUUSD	M5	4083.92	3985.56052	4021.77024	3943.39182			4078.89297	4078.19555	0
1781199337	XAUUSD	M5	4084.96	3985.04657	4021.25629	3942.87787	4092.55000		4078.53216	4078.36385	0
1781199637	XAUUSD	M5	4083.18	3984.53262	4020.74235	3942.36392			4077.11838	4077.74112	1
1781199937	XAUUSD	M5	4078.35	3984.01868	4020.22840	3941.84997			4074.92540	4076.33326	0
1781200237	XAUUSD	M5	4062.87	3983.50473	4019.71445	3941.33603			4072.50766	4074.42046	0
1781200537	XAUUSD	M5	4061.06	3982.99078	4019.20050	3940.82208		4053.03000	4070.72472	4072.57259	0
1781200837	XAUUSD	M5	4063.54	3982.47683	4018.68656	3940.30813			4069.99859	4071.28559	0
1781201137	XAUUSD	M5	4079.67	3981.96289	4018.17261	3939.79418			4070.41300	4070.84929	0
1781201437	XAUUSD	M5	4074.78	3981.44894	4017.65866	3939.28024			4071.49926	4071.17428	1
1781201737	XAUUSD	M5	4072.64	3980.93499	4017.14471	3938.76629			4073.08954	4072.13191	0
1781202037	XAUUSD	M5	4078.74	3980.42104	4016.63077	3938.25234			4074.87014	4073.50102	0
1781202337	XAUUSD	M5	4076.19	3979.90710	4016.11682	3937.73840			4076.37057	4074.93580	0
1781202637	XAUUSD	M5	4078.67	3979.39315	4015.60287	3937.22445			4077.42980	4076.18280	0
1781202937	XAUUSD	M5	4076.99	3978.87920	4015.08893	3936.71050			4077.93642	4077.05961	0
1781203237	XAUUSD	M5	4073.47	3978.36526	4014.57498	3936.19655			4078.03849	4077.54905	0
1781203537	XAUUSD	M5	4073.49	3977.85131	4014.06103	3935.68261			4078.01072	4077.77988	0
1781203837	XAUUSD	M5	4080.98	3977.33736	4013.54708	3935.16866			4078.06526	4077.92257	0
1781204137	XAUUSD	M5	4080.65	3976.82341	4013.03314	3934.65471			4078.26509	4078.09383	0
1781204437	XAUUSD	M5	4081.96	3976.30947	4012.51919	3934.14076			4078.78630	4078.44007	0
1781204737	XAUUSD	M5	4078.86	3975.79552	4012.00524	3933.62682			4079.73345	4079.08676	0
1781205037	XAUUSD	M5	4081.62	3975.28157	4011.49129	3933.11287			4081.21362	4080.15019	0
1781205337	XAUUSD	M5	4079.64	3974.76762	4010.97735	3932.59892			4083.10410	4081.62714	0
1781205637	XAUUSD	M5	4085.98	3974.25368	4010.46340	3932.08497			4085.30832	4083.46773	0
1781205937	XAUUSD	M5	4088.15	3973.73973	4009.94945	3931.57103			4087.47379	4085.47076	0
1781206237	XAUUSD	M5	4089.81	3973.22578	4009.43550	3931.05708			4089.33858	4087.40467	0
1781206537	XAUUSD	M5	4090.55	3972.71183	4008.92156	3930.54313			4090.69903	4089.05185	0
1781206837	XAUUSD	M5	4088.77	3972.19789	4008.40761	3930.02918			4091.49422	4090.27303	0
1781207137	XAUUSD	M5	4087.50	3971.68394	4007.89366	3929.51524			4091.83306	4091.05305	0
1781207437	XAUUSD	M5	4092.68	3971.16999	4007.37971	3929.00129			4091.88016	4091.46660	0
1781207737	XAUUSD	M5	4102.66	3970.65604	4006.86577	3928.48734			4091.66146	4091.56403	0
1781208037	XAUUSD	M5	4096.93	3970.14210	4006.35182	3927.97339			4091.03223	4091.29813	1
1781208337	XAUUSD	M5	4087.79	3969.62815	4005.83787	3927.45945			4090.11452	4090.70632	0
1781208637	XAUUSD	M5	4079.68	3969.11420	4005.32392	3926.94550			4089.00055	4089.85344	0
1781208937	XAUUSD	M5	4084.74	3968.60025	4004.80998	3926.43155			4087.64068	4088.74706	0
1781209237	XAUUSD	M5	4082.65	3968.08631	4004.29603	3925.91760			4085.63442	4087.19074	0
1781209537	XAUUSD	M5	4081.96	3967.57236	4003.78208	3925.40366			4082.86752	4085.02913	0
1781209837	XAUUSD	M5	4081.44	3967.05841	4003.26813	3924.88971			4079.43283	4082.23098	0
1781210137	XAUUSD	M5	4079.69	3966.54446	4002.75419	3924.37576			4075.78907	4079.01002	0
1781210437	XAUUSD	M5	4080.20	3966.03052	4002.24024	3923.86182			4072.79072	4075.90037	0
1781210737	XAUUSD	M5	4074.76	3965.51657	4001.72629	3923.34787		4072.10000	4071.49585	4073.69811	0
1781211037	XAUUSD	M5	4076.68	3965.00262	4001.21235	3922.83392			4073.07992	4073.38902	0
1781211337	XAUUSD	M5	4076.11	3964.48868	4000.69840	3922.31997			4078.27942	4075.83422	1
1781211637	XAUUSD	M5	4078.44	3963.97473	4000.18445	3921.80603			4087.34614	4081.59018	0
1781211937	XAUUSD	M5	4080.45	3963.46078	3999.67050	3921.29208			4099.77814	4090.68416	0
1781212237	XAUUSD	M5	4101.82	3962.94683	3999.15656	3920.77813			4114.42051	4102.55233	0
1781212537	XAUUSD	M5	4149.25	3962.43289	3998.64261	3920.26418			4129.26387	4115.90810	0
1781212837	XAUUSD	M5	4150.15	3961.91894	3998.12866	3919.75024			4141.67993	4128.79401	0
1781213137	XAUUSD	M5	4166.78	3961.40499	3997.61471	3919.23629			4150.49293	4139.64347	0
1781213437	XAUUSD	M5	4154.09	3960.89104	3997.10077	3918.72234			4154.92084	4147.28215	0
1781213737	XAUUSD	M5	4153.43	3960.37710	3996.58682	3918.20839			4155.64531	4151.46373	0
1781214037	XAUUSD	M5	4151.83	3959.86315	3996.07287	3917.69445			4153.73809	4152.60091	0
1781214337	XAUUSD	M5	4138.69	3959.34920	3995.55892	3917.18050			4150.64527	4151.62309	1
1781214637	XAUUSD	M5	4135.62	3958.83525	3995.04498	3916.66655			4148.05222	4149.83766	0
1781214937	XAUUSD	M5	4146.93	3958.32131	3994.53103	3916.15260			4147.03804	4148.43785	0
1781215237	XAUUSD	M5	4161.23	3957.80736	3994.01708	3915.63866			4147.79114	4148.11450	0
1781215537	XAUUSD	M5	4155.83	3957.29341	3993.50313	3915.12471			4149.87706	4148.99578	1
1781215837	XAUUSD	M5	4152.94	3956.77946	3992.98919	3914.61076			4152.92609	4150.96094	0
1781216137	XAUUSD	M5	4154.02	3956.26552	3992.47524	3914.09681			4156.37443	4153.66768	0
1781216437	XAUUSD	M5	4156.45	3955.75157	3991.96129	3913.58287			4159.66360	4156.66564	0
1781216737	XAUUSD	M5	4164.79	3955.23762	3991.44734	3913.06892			4162.47307	4159.56935	0
1781217037	XAUUSD	M5	4168.14	3954.72367	3990.93340	3912.55497			4164.70958	4162.13947	0
1781217337	XAUUSD	M5	4164.81	3954.20973	3990.41945	3912.04102			4166.73476	4164.43712	0
1781217637	XAUUSD	M5	4161.80	3953.69578	3989.90550	3911.52708			4169.23256	4166.83484	0
1781217937	XAUUSD	M5	4174.33	3953.18183	3989.39155	3911.01313			4172.81692	4169.82588	0
1781218237	XAUUSD	M5	4174.18	3952.66789	3988.87761	3910.49918			4177.51345	4173.66967	0
1781218537	XAUUSD	M5	4188.24	3952.15394	3988.36366	3909.98524			4183.32052	4178.49509	0
1781218837	XAUUSD	M5	4195.56	3951.63999	3987.84971	3909.47129			4189.61944	4184.05727	0
1781219137	XAUUSD	M5	4191.80	3951.12604	3987.33577	3908.95734			4195.78193	4189.91960	0
1781219437	XAUUSD	M5	4195.57	3950.61210	3986.82182	3908.44339			4201.42127	4195.67044	0
1781219737	XAUUSD	M5	4214.77	3950.09815	3986.30787	3907.92945			4206.09231	4200.88137	0
1781220037	XAUUSD	M5	4208.51	3949.58420	3985.79392	3907.41550			4209.24602	4205.06370	0
1781220337	XAUUSD	M5	4210.32	3949.07025	3985.27998	3906.90155			4211.13520	4208.09945	0
1781220637	XAUUSD	M5	4210.09	3948.55631	3984.76603	3906.38760			4212.03003	4210.06474	0
1781220937	XAUUSD	M5	4215.31	3948.04236	3984.25208	3905.87366			4212.32420	4211.19447	0
1781221237	XAUUSD	M5	4209.02	3947.52841	3983.73813	3905.35971			4212.27351	4211.73399	0
1781221537	XAUUSD	M5	4208.40	3947.01446	3983.22419	3904.84576			4212.27218	4212.00309	0
1781221837	XAUUSD	M5	4214.85	3946.50052	3982.71024	3904.33181			4212.43858	4212.22083	0
1781222137	XAUUSD	M5	4213.76	3945.98657	3982.19629	3903.81787			4212.66504	4212.44293	0
1781222437	XAUUSD	M5	4213.41	3945.47262	3981.68234	3903.30392			4212.93072	4212.68683	0
1781222737	XAUUSD	M5	4215.75	3944.95867	3981.16840	3902.78997			4213.19705	4212.94194	0
1781223037	XAUUSD	M5	4214.11	3944.44473	3980.65445	3902.27602			4213.34545	4213.14370	0
1781223337	XAUUSD	M5	4213.68	3943.93078	3980.14050	3901.76208			4213.34306	4213.24338	0
1781223637	XAUUSD	M5	4211.03	3943.41683	3979.62655	3901.24813			4213.14569	4213.19453	1
1781223937	XAUUSD	M5	4209.73	3942.90288	3979.11261	3900.73418			4212.74929	4212.97191	0
1781224237	XAUUSD	M5	4211.29	3942.38894	3978.59866	3900.22023			4212.11445	4212.54318	0
1781224537	XAUUSD	M5	4212.17	3941.87499	3978.08471	3899.70629			4211.17482	4211.85900	0
1781224837	XAUUSD	M5	4210.88	3941.36104	3977.57076	3899.19234			4209.96949	4210.91424	0
1781228737	XAUUSD	M5	4208.50	3940.84709	3977.05682	3898.67839		4205.28000	4208.70463	4209.80944	0
1781229037	XAUUSD	M5	4209.46	3940.33315	3976.54287	3898.16444			4207.71077	4208.76010	0
1781229337	XAUUSD	M5	4209.72	3939.81920	3976.02892	3897.65050			4207.31579	4208.03794	0
1781229637	XAUUSD	M5	4208.19	3939.30525	3975.51497	3897.13655			4207.86225	4207.95010	0
1781229937	XAUUSD	M5	4206.47	3938.79131	3975.00103	3896.62260			4209.63570	4208.79290	1
1781230237	XAUUSD	M5	4214.85	3938.27736	3974.48708	3896.10866			4212.74366	4210.76828	0
1781230537	XAUUSD	M5	4214.12	3937.76341	3973.97313	3895.59471			4216.82101	4213.79464	0
1781230837	XAUUSD	M5	4215.57	3937.24946	3973.45919	3895.08076			4221.49765	4217.64615	0
1781231137	XAUUSD	M5	4225.95	3936.73552	3972.94524	3894.56681			4226.17708	4221.91162	0
1781231437	XAUUSD	M5	4232.06	3936.22157	3972.43129	3894.05287			4230.01674	4225.96418	0
1781231737	XAUUSD	M5	4235.64	3935.70762	3971.91734	3893.53892			4232.37650	4229.17034	0
1781232037	XAUUSD	M5	4243.42	3935.19367	3971.40340	3893.02497	4246.77000		4232.92191	4231.04612	0
1781232337	XAUUSD	M5	4227.21	3934.67973	3970.88945	3892.51102			4231.53386	4231.28999	0
1781232637	XAUUSD	M5	4225.92	3934.16578	3970.37550	3891.99708			4228.90085	4230.09542	1
1781232937	XAUUSD	M5	4223.82	3933.65183	3969.86155	3891.48313			4225.58550	4227.84046	0
1781233237	XAUUSD	M5	4222.45	3933.13788	3969.34761	3890.96918			4222.20190	4225.02118	0
1781233537	XAUUSD	M5	4216.09	3932.62394	3968.83366	3890.45523			4219.25541	4222.13829	0
1781233837	XAUUSD	M5	4216.80	3932.10999	3968.31971	3889.94129			4217.20197	4219.67013	0
1781234137	XAUUSD	M5	4216.63	3931.59604	3967.80576	3889.42734			4216.12827	4217.89920	0
1781234437	XAUUSD	M5	4216.64	3931.08209	3967.29182	3888.91339			4215.93255	4216.91588	0
1781234737	XAUUSD	M5	4219.28	3930.56815	3966.77787	3888.39944			4216.37454	4216.64521	0
1781235037	XAUUSD	M5	4219.33	3930.05420	3966.26392	3887.88550			4217.13313	4216.88917	1
1781235337	XAUUSD	M5	4216.29	3929.54025	3965.74997	3887.37155			4217.97640	4217.43279	0
1781235637	XAUUSD	M5	4219.85	3929.02630	3965.23603	3886.85760			4218.80981	4218.12130	0
1781235937	XAUUSD	M5	4219.16	3928.51236	3964.72208	3886.34365			4219.45951	4218.79041	0
1781236237	XAUUSD	M5	4217.27	3927.99841	3964.20813	3885.82971			4219.88477	4219.33759	0
1781236537	XAUUSD	M5	4216.87	3927.48446	3963.69418	3885.31576			4220.06339	4219.70049	0
1781236837	XAUUSD	M5	4216.42	3926.97051	3963.18024	3884.80181			4219.91577	4219.80813	0
1781237137	XAUUSD	M5	4223.84	3926.45657	3962.66629	3884.28787			4219.31720	4219.56266	1
1781237437	XAUUSD	M5	4220.39	3925.94262	3962.15234	3883.77392			4217.96864	4218.76565	0
1781237737	XAUUSD	M5	4221.43	3925.42867	3961.63840	3883.25997			4215.85734	4217.31150	0
1781238037	XAUUSD	M5	4214.81	3924.91473	3961.12445	3882.74602			4212.95116	4215.13133	0
1781238337	XAUUSD	M5	4203.54	3924.40078	3960.61050	3882.23208			4209.47136	4212.30134	0
1781238637	XAUUSD	M5	4201.96	3923.88683	3960.09655	3881.71813			4205.79333	4209.04734	0
1781238937	XAUUSD	M5	4200.88	3923.37288	3959.58261	3881.20418			4202.07296	4205.56015	0
1781239237	XAUUSD	M5	4208.28	3922.85894	3959.06866	3880.69023			4198.42073	4201.99044	0
1781239537	XAUUSD	M5	4185.07	3922.34499	3958.55471	3880.17629			4194.71137	4198.35090	0
1781239837	XAUUSD	M5	4193.19	3921.83104	3958.04076	3879.66234			4191.49522	4194.92306	0
1781240137	XAUUSD	M5	4186.98	3921.31709	3957.52682	3879.14839			4188.59667	4191.75986	0
1781240437	XAUUSD	M5	4189.29	3920.80315	3957.01287	3878.63444			4186.15159	4188.95573	0
1781240737	XAUUSD	M5	4189.49	3920.28920	3956.49892	3878.12050			4184.14124	4186.54848	0
1781241037	XAUUSD	M5	4181.08	3919.77525	3955.98497	3877.60655			4182.63742	4184.59295	0
1781241337	XAUUSD	M5	4179.96	3919.26130	3955.47103	3877.09260			4181.93335	4183.26315	0
1781241637	XAUUSD	M5	4179.15	3918.74736	3954.95708	3876.57865		4171.24000	4182.14571	4182.70443	0
1781241937	XAUUSD	M5	4179.27	3918.23341	3954.44313	3876.06471			4183.27779	4182.99111	1
1781242237	XAUUSD	M5	4191.42	3917.71946	3953.92918	3875.55076			4185.18527	4184.08819	0
1781242537	XAUUSD	M5	4186.37	3917.20551	3953.41524	3875.03681			4187.34136	4185.71477	0
1781242837	XAUUSD	M5	4186.75	3916.69157	3952.90129	3874.52286			4189.54254	4187.62866	0
1781243137	XAUUSD	M5	4191.14	3916.17762	3952.38734	3874.00892			4191.45044	4189.53955	0
1781243437	XAUUSD	M5	4197.35	3915.66367	3951.87339	3873.49497			4192.69149	4191.11552	0
1781243737	XAUUSD	M5	4193.93	3915.14972	3951.35945	3872.98102			4192.98154	4192.04853	0
1781244037	XAUUSD	M5	4192.78	3914.63578	3950.84550	3872.46707			4192.42320	4192.23586	0
1781244337	XAUUSD	M5	4191.27	3914.12183	3950.33155	3871.95313			4191.23479	4191.73533	1
1781244637	XAUUSD	M5	4188.66	3913.60788	3949.81760	3871.43918			4189.75102	4190.74317	0
1781244937	XAUUSD	M5	4183.07	3913.09393	3949.30366	3870.92523			4188.36257	4189.55287	0
1781245237	XAUUSD	M5	4188.97	3912.57999	3948.78971	3870.41129			4187.48652	4188.51970	0
1781245537	XAUUSD	M5	4186.14	3912.06604	3948.27576	3869.89734			4187.18206	4187.85088	0
1781245837	XAUUSD	M5	4190.62	3911.55209	3947.76182	3869.38339			4187.57993	4187.71540	0
1781246137	XAUUSD	M5	4188.90	3911.03815	3947.24787	3868.86944			4188.55030	4188.13285	1
1781246437	XAUUSD	M5	4191.58	3910.52420	3946.73392	3868.35550			4190.02237	4189.07761	0
1781246737	XAUUSD	M5	4192.08	3910.01025	3946.21997	3867.84155			4191.80705	4190.44233	0
1781247037	XAUUSD	M5	4192.72	3909.49630	3945.70603	3867.32760			4193.76385	4192.10309	0
1781247337	XAUUSD	M5	4194.01	3908.98236	3945.19208	3866.81365			4195.76652	4193.93480	0
1781247637	XAUUSD	M5	4196.24	3908.46841	3944.67813	3866.29971			4197.67554	4195.80517	0
1781247937	XAUUSD	M5	4197.63	3907.95446	3944.16418	3865.78576			4199.33223	4197.56870	0
1781248237	XAUUSD	M5	4203.50	3907.44051	3943.65024	3865.27181			4200.60648	4199.08759	0
1781248537	XAUUSD	M5	4203.86	3906.92657	3943.13629	3864.75786			4201.28325	4200.18542	0
1781248837	XAUUSD	M5	4202.13	3906.41262	3942.62234	3864.24392			4201.33629	4200.76086	0
1781249137	XAUUSD	M5	4199.23	3905.89867	3942.10839	3863.72997	4205.09000		4200.82543	4200.79314	0
1781249437	XAUUSD	M5	4197.43	3905.38472	3941.59445	3863.21602			4199.91035	4200.35175	1
1781249737	XAUUSD	M5	4200.59	3904.87078	3941.08050	3862.70207			4198.76560	4199.55867	0
1781250037	XAUUSD	M5	4197.00	3904.35683	3940.56655	3862.18813			4197.47826	4198.51847	0
1781250337	XAUUSD	M5	4197.21	3903.84288	3940.05260	3861.67418			4196.28674	4197.40261	0
1781250637	XAUUSD	M5	4196.35	3903.32893	3939.53866	3861.16023			4195.30372	4196.35316	0
1781250937	XAUUSD	M5	4194.32	3902.81499	3939.02471	3860.64628			4194.59617	4195.47467	0
1781251237	XAUUSD	M5	4192.11	3902.30104	3938.51076	3860.13234			4194.18346	4194.82906	0
1781251537	XAUUSD	M5	4193.15	3901.78709	3937.99681	3859.61839			4194.01071	4194.41989	0
1781251837	XAUUSD	M5	4192.74	3901.27314	3937.48287	3859.10444			4193.92464	4194.17226	0
1781252137	XAUUSD	M5	4195.74	3900.75920	3936.96892	3858.59049			4193.79486	4193.98356	0
1781252437	XAUUSD	M5	4195.38	3900.24525	3936.45497	3858.07655			4193.45921	4193.72139	0
1781252737	XAUUSD	M5	4193.50	3899.73130	3935.94102	3857.56260			4192.88310	4193.30224	0
1781253037	XAUUSD	M5	4191.07	3899.21735	3935.42708	3857.04865			4192.13475	4192.71850	0
1781253337	XAUUSD	M5	4192.44	3898.70341	3934.91313	3856.53471			4191.31570	4192.01710	0
1781253637	XAUUSD	M5	4190.09	3898.18946	3934.39918	3856.02076			4190.42669	4191.22190	0
1781253937	XAUUSD	M5	4188.10	3897.67551	3933.88524	3855.50681			4189.51868	4190.37029	0
1781254237	XAUUSD	M5	4185.29	3897.16157	3933.37129	3854.99286			4188.58256	4189.47643	0
1781254537	XAUUSD	M5	4188.81	3896.64762	3932.85734	3854.47892			4187.57103	4188.52373	0
1781254837	XAUUSD	M5	4186.06	3896.13367	3932.34339	3853.96497			4186.30159	4187.41266	0
1781255137	XAUUSD	M5	4187.09	3895.61972	3931.82945	3853.45102			4184.78674	4186.09970	0
1781255437	XAUUSD	M5	4187.11	3895.10578	3931.31550	3852.93707			4183.03551	4184.56760	0
1781255737	XAUUSD	M5	4180.40	3894.59183	3930.80155	3852.42313			4181.15038	4182.85899	0
1781256037	XAUUSD	M5	4174.99	3894.07788	3930.28760	3851.90918			4179.46887	4181.16393	0
1781256337	XAUUSD	M5	4180.37	3893.56393	3929.77366	3851.39523			4178.30587	4179.73490	0
1781256637	XAUUSD	M5	4179.09	3893.04999	3929.25971	3850.88128			4177.67566	4178.70528	0
1781256937	XAUUSD	M5	4175.31	3892.53604	3928.74576	3850.36734			4177.62905	4178.16716	0
1781257237	XAUUSD	M5	4173.40	3892.02209	3928.23181	3849.85339		4170.78000	4178.16903	4178.16810	1
1781257537	XAUUSD	M5	4181.28	3891.50814	3927.71787	3849.33944			4179.14301	4178.65555	0
1781257837	XAUUSD	M5	4181.83	3890.99420	3927.20392	3848.82549			4180.10282	4179.37919	0
1781258137	XAUUSD	M5	4182.93	3890.48025	3926.68997	3848.31155			4180.77828	4180.07873	0
1781258437	XAUUSD	M5	4180.68	3889.96630	3926.17602	3847.79760			4180.97934	4180.52904	0
1781258737	XAUUSD	M5	4180.37	3889.45235	3925.66208	3847.28365			4180.71404	4180.62154	0
1781259037	XAUUSD	M5	4182.10	3888.93841	3925.14813	3846.76970			4180.07407	4180.34781	1
1781259337	XAUUSD	M5	4177.50	3888.42446	3924.63418	3846.25576			4179.22254	4179.78518	0
1781259637	XAUUSD	M5	4177.97	3887.91051	3924.12023	3845.74181			4178.49851	4179.14184	0
1781259937	XAUUSD	M5	4176.49	3887.39656	3923.60629	3845.22786			4178.09148	4178.61666	0
1781260237	XAUUSD	M5	4176.39	3886.88262	3923.09234	3844.71391			4178.13081	4178.37374	0
1781260537	XAUUSD	M5	4178.48	3886.36867	3922.57839	3844.19997			4178.57488	4178.47431	1
1781260837	XAUUSD	M5	4184.20	3885.85472	3922.06444	3843.68602			4179.19753	4178.83592	0
1781261137	XAUUSD	M5	4178.35	3885.34078	3921.55050	3843.17207			4179.61782	4179.22687	0
1781261437	XAUUSD	M5	4180.60	3884.82683	3921.03655	3842.65813			4179.71355	4179.47021	0
1781261737	XAUUSD	M5	4178.24	3884.31288	3920.52260	3842.14418			4179.27987	4179.37504	1
1781262037	XAUUSD	M5	4177.36	3883.79893	3920.00866	3841.63023			4178.36205	4178.86855	0
1781262337	XAUUSD	M5	4178.19	3883.28499	3919.49471	3841.11628			4177.14944	4178.00899	0
1781262637	XAUUSD	M5	4174.07	3882.77104	3918.98076	3840.60234			4175.94597	4176.97748	0
1781262937	XAUUSD	M5	4173.88	3882.25709	3918.46681	3840.08839		4170.27000	4175.26987	4176.12368	0
1781263237	XAUUSD	M5	4178.58	3881.74314	3917.95287	3839.57444			4175.55704	4175.84036	0
1781263537	XAUUSD	M5	4183.10	3881.22920	3917.43892	3839.06049			4177.04958	4176.44497	1
1781263837	XAUUSD	M5	4175.14	3880.71525	3916.92497	3838.54655			4179.84617	4178.14557	0
1781264137	XAUUSD	M5	4175.63	3880.20130	3916.41102	3838.03260			4184.14267	4181.14412	0
1781264437	XAUUSD	M5	4193.89	3879.68735	3915.89708	3837.51865			4189.72942	4185.43677	0
1781264737	XAUUSD	M5	4197.91	3879.17341	3915.38313	3837.00470			4195.82710	4190.63194	0
1781265037	XAUUSD	M5	4201.94	3878.65946	3914.86918	3836.49076			4201.89744	4196.26469	0
1781265337	XAUUSD	M5	4203.73	3878.14551	3914.35523	3835.97681			4207.44216	4201.85342	0
1781265637	XAUUSD	M5	4217.95	3877.63156	3913.84129	3835.46286			4212.11887	4206.98615	0
1781265937	XAUUSD	M5	4218.09	3877.11762	3913.32734	3834.94891			4215.48868	4211.23741	0
1781266237	XAUUSD	M5	4213.23	3876.60367	3912.81339	3834.43497			4217.63577	4214.43659	0
1781266537	XAUUSD	M5	4218.40	3876.08972	3912.29944	3833.92102			4218.91705	4216.67682	0
1781266837	XAUUSD	M5	4221.42	3875.57577	3911.78550	3833.40707			4219.54093	4218.10888	0
1781267137	XAUUSD	M5	4218.37	3875.06183	3911.27155	3832.89312			4219.77209	4218.94048	0
1781267437	XAUUSD	M5	4218.54	3874.54788	3910.75760	3832.37918			4219.95568	4219.44808	0
1781267737	XAUUSD	M5	4221.71	3874.03393	3910.24365	3831.86523			4220.26667	4219.85738	0
1781268037	XAUUSD	M5	4219.59	3873.51998	3909.72971	3831.35128			4220.69437	4220.27587	0
1781268337	XAUUSD	M5	4221.55	3873.00604	3909.21576	3830.83733			4221.27154	4220.77370	0
1781268637	XAUUSD	M5	4222.58	3872.49209	3908.70181	3830.32339			4221.89758	4221.33564	0
1781268937	XAUUSD	M5	4224.25	3871.97814	3908.18787	3829.80944			4222.47889	4221.90726	0
1781269237	XAUUSD	M5	4223.55	3871.46420	3907.67392	3829.29549			4222.93595	4222.42161	0
1781269537	XAUUSD	M5	4222.32	3870.95025	3907.15997	3828.78155			4223.29243	4222.85702	0
1781269837	XAUUSD	M5	4220.94	3870.43630	3906.64602	3828.26760			4223.60889	4223.23295	0
1781270137	XAUUSD	M5	4225.82	3869.92235	3906.13208	3827.75365			4223.95498	4223.59397	0
1781270437	XAUUSD	M5	4223.41	3869.40841	3905.61813	3827.23970			4224.22917	4223.91157	0
1781270737	XAUUSD	M5	4225.36	3868.89446	3905.10418	3826.72576			4224.42972	4224.17064	0
1781271037	XAUUSD	M5	4223.89	3868.38051	3904.59023	3826.21181	4227.90000		4224.41084	4224.29074	0
1781271337	XAUUSD	M5	4223.49	3867.86656	3904.07629	3825.69786			4224.09040	4224.19057	1
1781271637	XAUUSD	M5	4221.95	3867.35262	3903.56234	3825.18391			4223.38493	4223.78775	0
1781271937	XAUUSD	M5	4222.18	3866.83867	3903.04839	3824.66997			4222.28949	4223.03862	0
1781272237	XAUUSD	M5	4224.67	3866.32472	3902.53444	3824.15602			4220.83145	4221.93504	0
1781272537	XAUUSD	M5	4221.64	3865.81077	3902.02050	3823.64207			4219.07000	4220.50252	0
1781272837	XAUUSD	M5	4217.82	3865.29683	3901.50655	3823.12812			4217.23928	4218.87090	0
1781273137	XAUUSD	M5	4213.50	3864.78288	3900.99260	3822.61418			4215.61789	4217.24440	0
1781273437	XAUUSD	M5	4206.87	3864.26893	3900.47865	3822.10023			4214.43648	4215.84044	0
1781273737	XAUUSD	M5	4214.77	3863.75498	3899.96471	3821.58628			4213.85086	4214.84565	0
1781274037	XAUUSD	M5	4215.57	3863.24104	3899.45076	3821.07233			4213.57344	4214.20954	0
1781274337	XAUUSD	M5	4215.40	3862.72709	3898.93681	3820.55839			4213.39065	4213.80010	0
1781274637	XAUUSD	M5	4215.52	3862.21314	3898.42286	3820.04444			4213.08569	4213.44289	0
1781274937	XAUUSD	M5	4213.21	3861.69919	3897.90892	3819.53049			4212.44599	4212.94444	0
1781275237	XAUUSD	M5	4210.97	3861.18525	3897.39497	3819.01654			4211.40911	4212.17678	0
1781275537	XAUUSD	M5	4206.10	3860.67130	3896.88102	3818.50260			4210.02394	4211.10036	0
1781275837	XAUUSD	M5	4207.67	3860.15735	3896.36707	3817.98865			4208.48985	4209.79511	0
1781276137	XAUUSD	M5	4207.46	3859.64340	3895.85313	3817.47470			4206.92317	4208.35914	0
1781276437	XAUUSD	M5	4206.00	3859.12946	3895.33918	3816.96076			4205.54449	4206.95181	0
1781276737	XAUUSD	M5	4209.68	3858.61551	3894.82523	3816.44681			4204.57606	4205.76394	0
1781277037	XAUUSD	M5	4202.51	3858.10156	3894.31129	3815.93286			4204.07383	4204.91888	0
1781277337	XAUUSD	M5	4199.71	3857.58762	3893.79734	3815.41891			4204.26686	4204.59287	0
1781277637	XAUUSD	M5	4202.45	3857.07367	3893.28339	3814.90497			4205.16850	4204.88069	1
1781277937	XAUUSD	M5	4209.66	3856.55972	3892.76944	3814.39102			4206.56571	4205.72320	0
1781278237	XAUUSD	M5	4210.17	3856.04577	3892.25550	3813.87707			4208.08068	4206.90194	0
1781278537	XAUUSD	M5	4214.87	3855.53183	3891.74155	3813.36312			4209.46217	4208.18206	0
1781278837	XAUUSD	M5	4206.94	3855.01788	3891.22760	3812.84918			4210.37895	4209.28050	0
1781279137	XAUUSD	M5	4206.04	3854.50393	3890.71365	3812.33523			4210.81348	4210.04699	0
1781279437	XAUUSD	M5	4207.75	3853.98998	3890.19971	3811.82128			4210.62972	4210.33836	0
1781279737	XAUUSD	M5	4214.26	3853.47604	3889.68576	3811.30733			4209.68523	4210.01179	1
1781280037	XAUUSD	M5	4211.72	3852.96209	3889.17181	3810.79339			4207.82324	4208.91752	0
1781280337	XAUUSD	M5	4203.64	3852.44814	3888.65786	3810.27944			4205.20580	4207.06166	0
1781280637	XAUUSD	M5	4201.12	3851.93419	3888.14392	3809.76549			4202.20987	4204.63576	0
1781280937	XAUUSD	M5	4199.80	3851.42025	3887.62997	3809.25154			4199.19869	4201.91723	0
1781281237	XAUUSD	M5	4192.75	3850.90630	3887.11602	3808.73760			4196.54355	4199.23039	0
1781281537	XAUUSD	M5	4196.81	3850.39235	3886.60207	3808.22365			4194.70981	4196.97010	0
1781281837	XAUUSD	M5	4197.06	3849.87840	3886.08813	3807.70970			4193.82402	4195.39706	0
1781282137	XAUUSD	M5	4193.69	3849.36446	3885.57418	3807.19575			4193.95866	4194.67786	0
1781282437	XAUUSD	M5	4191.72	3848.85051	3885.06023	3806.68181			4195.08453	4194.88120	1
1781282737	XAUUSD	M5	4197.05	3848.33656	3884.54628	3806.16786			4196.97891	4195.93005	0
1781283037	XAUUSD	M5	4199.87	3847.82261	3884.03234	3805.65391			4199.11423	4197.52214	0
1781283337	XAUUSD	M5	4198.43	3847.30867	3883.51839	3805.13996			4200.97986	4199.25100	0
1781283637	XAUUSD	M5	4202.48	3846.79472	3883.00444	3804.62602			4202.22629	4200.73864	0
1781283937	XAUUSD	M5	4203.90	3846.28077	3882.49049	3804.11207			4202.51782	4201.62823	0
1781284237	XAUUSD	M5	4202.97	3845.76682	3881.97655	3803.59812			4201.76414	4201.69619	0
1781284537	XAUUSD	M5	4198.98	3845.25288	3881.46260	3803.08418			4200.13903	4200.91761	1
1781284837	XAUUSD	M5	4207.43	3844.73893	3880.94865	3802.57023			4198.03848	4199.47804	0
1781285137	XAUUSD	M5	4190.97	3844.22498	3880.43471	3802.05628			4195.64266	4197.56035	0
1781285437	XAUUSD	M5	4190.82	3843.71104	3879.92076	3801.54233			4193.66241	4195.61138	0
1781285737	XAUUSD	M5	4189.48	3843.19709	3879.40681	3801.02839			4192.31873	4193.96505	0
1781286037	XAUUSD	M5	4186.13	3842.68314	3878.89286	3800.51444			4191.66621	4192.81563	0
1781286337	XAUUSD	M5	4194.39	3842.16919	3878.37892	3800.00049			4191.61475	4192.21519	0
1781286637	XAUUSD	M5	4198.31	3841.65525	3877.86497	3799.48654			4191.67506	4191.94513	0
1781286937	XAUUSD	M5	4193.28	3841.14130	3877.35102	3798.97260			4191.44272	4191.69392	0
1781287237	XAUUSD	M5	4190.19	3840.62735	3876.83707	3798.45865			4190.82558	4191.25975	0
1781287537	XAUUSD	M5	4187.32	3840.11340	3876.32313	3797.94470			4189.87668	4190.56822	0
1781287837	XAUUSD	M5	4188.55	3839.59946	3875.80918	3797.43075			4188.84330	4189.70576	0
1781288137	XAUUSD	M5	4186.85	3839.08551	3875.29523	3796.91681			4188.06402	4188.88489	0
1781288437	XAUUSD	M5	4191.99	3838.57156	3874.78128	3796.40286			4188.02449	4188.45469	0
1781288737	XAUUSD	M5	4184.57	3838.05761	3874.26734	3795.88891			4189.04224	4188.74847	1
1781289037	XAUUSD	M5	4182.99	3837.54367	3873.75339	3795.37496		4177.33000	4191.58014	4190.16430	0
1781289337	XAUUSD	M5	4207.59	3837.02972	3873.23944	3794.86102			4195.73321	4192.94876	0
1781289637	XAUUSD	M5	4203.99	3836.51577	3872.72549	3794.34707			4200.73499	4196.84187	0
1781289937	XAUUSD	M5	4203.36	3836.00182	3872.21155	3793.83312			4206.23204	4201.53695	0
1781290237	XAUUSD	M5	4208.67	3835.48788	3871.69760	3793.31917			4211.67368	4206.60532	0
1781290537	XAUUSD	M5	4214.07	3834.97393	3871.18365	3792.80523			4216.36173	4211.48352	0
1781290837	XAUUSD	M5	4215.11	3834.45998	3870.66970	3792.29128			4219.68801	4215.58577	0
1781291137	XAUUSD	M5	4228.06	3833.94603	3870.15576	3791.77733			4221.37390	4218.47984	0
1781291437	XAUUSD	M5	4225.83	3833.43209	3869.64181	3791.26338	4235.46000		4221.17878	4219.82931	0
1781291737	XAUUSD	M5	4219.28	3832.91814	3869.12786	3790.74944			4219.51024	4219.66977	1
1781292037	XAUUSD	M5	4218.89	3832.40419	3868.61391	3790.23549			4217.09418	4218.38198	0
1781292337	XAUUSD	M5	4211.13	3831.89025	3868.09997	3789.72154			4214.59818	4216.49008	0
1781292637	XAUUSD	M5	4207.79	3831.37630	3867.58602	3789.20760			4212.77041	4214.63024	0
1781292937	XAUUSD	M5	4215.63	3830.86235	3867.07207	3788.69365			4212.04492	4213.33758	0
1781293237	XAUUSD	M5	4212.13	3830.34840	3866.55813	3788.17970			4212.33252	4212.83505	0
1781293537	XAUUSD	M5	4209.66	3829.83446	3866.04418	3787.66575			4213.53990	4213.18747	1
1781293837	XAUUSD	M5	4213.35	3829.32051	3865.53023	3787.15181			4215.35571	4214.27159	0
1781294137	XAUUSD	M5	4221.70	3828.80656	3865.01628	3786.63786			4217.22999	4215.75079	0
1781294437	XAUUSD	M5	4223.85	3828.29261	3864.50234	3786.12391			4218.56845	4217.15962	0
1781294737	XAUUSD	M5	4218.42	3827.77867	3863.98839	3785.60996			4219.07332	4218.11647	0
1781295037	XAUUSD	M5	4216.99	3827.26472	3863.47444	3785.09602			4218.83192	4218.47420	0
1781295337	XAUUSD	M5	4217.93	3826.75077	3862.96049	3784.58207			4218.04446	4218.25933	1
1781295637	XAUUSD	M5	4217.01	3826.23682	3862.44655	3784.06812			4216.96960	4217.61446	0
1781295937	XAUUSD	M5	4213.31	3825.72288	3861.93260	3783.55417			4215.95896	4216.78671	0
1781296237	XAUUSD	M5	4213.49	3825.20893	3861.41865	3783.04023			4215.38591	4216.08631	0
1781296537	XAUUSD	M5	4215.38	3824.69498	3860.90470	3782.52628			4215.41323	4215.74977	0
1781296837	XAUUSD	M5	4216.46	3824.18103	3860.39076	3782.01233			4216.01216	4215.88097	1
1781297137	XAUUSD	M5	4220.50	3823.66709	3859.87681	3781.49838			4217.02854	4216.45476	0
1781297437	XAUUSD	M5	4220.71	3823.15314	3859.36286	3780.98444			4218.16509	4217.30992	0
1781297737	XAUUSD	M5	4218.42	3822.63919	3858.84891	3780.47049			4219.19046	4218.25019	0
1781298037	XAUUSD	M5	4217.86	3822.12524	3858.33497	3779.95654			4219.99439	4219.12229	0
1781298337	XAUUSD	M5	4221.04	3821.61130	3857.82102	3779.44259			4220.50459	4219.81344	0
1781298637	XAUUSD	M5	4218.86	3821.09735	3857.30707	3778.92865			4220.64372	4220.22858	0
1781298937	XAUUSD	M5	4220.00	3820.58340	3856.79312	3778.41470			4220.57241	4220.40049	0
1781299237	XAUUSD	M5	4218.48	3820.06945	3856.27918	3777.90075			4220.43637	4220.41843	0
1781299537	XAUUSD	M5	4222.36	3819.55551	3855.76523	3777.38680			4220.44596	4220.43219	0
1781299837	XAUUSD	M5	4223.31	3819.04156	3855.25128	3776.87286			4220.65899	4220.54559	0
1781300137	XAUUSD	M5	4223.56	3818.52761	3854.73733	3776.35891			4221.14721	4220.84640	0
1781300437	XAUUSD	M5	4221.31	3818.01367	3854.22339	3775.84496			4221.92544	4221.38592	0
1781300737	XAUUSD	M5	4219.74	3817.49972	3853.70944	3775.33102			4223.01287	4222.19940	0
1781301037	XAUUSD	M5	4220.71	3816.98577	3853.19549	3774.81707			4224.35106	4223.27523	0
1781301337	XAUUSD	M5	4227.04	3816.47182	3852.68155	3774.30312			4225.76168	4224.51846	0
1781301637	XAUUSD	M5	4229.40	3815.95788	3852.16760	3773.78917			4226.93212	4225.72529	0
1781301937	XAUUSD	M5	4229.03	3815.44393	3851.65365	3773.27523	4235.34000		4227.65610	4226.69069	0
1781302237	XAUUSD	M5	4226.53	3814.92998	3851.13970	3772.76128			4227.83803	4227.26436	0
1781302537	XAUUSD	M5	4227.34	3814.41603	3850.62576	3772.24733			4227.51152	4227.38794	0
1781302837	XAUUSD	M5	4226.39	3813.90209	3850.11181	3771.73338			4226.74973	4227.06884	1
1781303137	XAUUSD	M5	4229.29	3813.38814	3849.59786	3771.21944			4225.56957	4226.31920	0
1781303437	XAUUSD	M5	4222.90	3812.87419	3849.08391	3770.70549			4224.00262	4225.16091	0
1781303737	XAUUSD	M5	4221.94	3812.36024	3848.56997	3770.19154			4222.21073	4223.68582	0
1781304037	XAUUSD	M5	4215.52	3811.84630	3848.05602	3769.67759			4220.28820	4221.98701	0
1781304337	XAUUSD	M5	4217.64	3811.33235	3847.54207	3769.16365			4218.37017	4220.17859	0
1781304637	XAUUSD	M5	4217.63	3810.81840	3847.02812	3768.64970			4216.43993	4218.30926	0
1781304937	XAUUSD	M5	4217.59	3810.30445	3846.51418	3768.13575			4214.48800	4216.39863	0
1781305237	XAUUSD	M5	4215.06	3809.79051	3846.00023	3767.62180			4212.51312	4214.45588	0
1781305537	XAUUSD	M5	4210.40	3809.27656	3845.48628	3767.10786			4210.57687	4212.51637	0
1781305837	XAUUSD	M5	4208.53	3808.76261	3844.97233	3766.59391			4208.81963	4210.66800	0
1781306137	XAUUSD	M5	4204.35	3808.24866	3844.45839	3766.07996			4207.37559	4209.02180	0
1781306437	XAUUSD	M5	4205.36	3807.73472	3843.94444	3765.56601			4206.43361	4207.72770	0
1781306737	XAUUSD	M5	4205.22	3807.22077	3843.43049	3765.05207			4206.07466	4206.90118	0
1781307037	XAUUSD	M5	4207.12	3806.70682	3842.91654	3764.53812			4206.35420	4206.62769	0
1781307337	XAUUSD	M5	4206.81	3806.19287	3842.40260	3764.02417			4207.20484	4206.91626	1
1781307637	XAUUSD	M5	4210.77	3805.67893	3841.88865	3763.51023			4208.52307	4207.71967	0
1781307937	XAUUSD	M5	4210.94	3805.16498	3841.37470	3762.99628			4210.04768	4208.88367	0
1781308237	XAUUSD	M5	4211.15	3804.65103	3840.86076	3762.48233			4211.57691	4210.23029	0
1781308537	XAUUSD	M5	4212.56	3804.13709	3840.34681	3761.96838			4212.93984	4211.58507	0
1781308837	XAUUSD	M5	4214.40	3803.62314	3839.83286	3761.45444			4213.96924	4212.77715	0
1781309137	XAUUSD	M5	4214.30	3803.10919	3839.31891	3760.94049			4214.55640	4213.66677	0
1781309437	XAUUSD	M5	4214.43	3802.59524	3838.80497	3760.42654			4214.74735	4214.20706	0
1781309737	XAUUSD	M5	4213.74	3802.08130	3838.29102	3759.91259			4214.66483	4214.43594	0
1781310037	XAUUSD	M5	4214.06	3801.56735	3837.77707	3759.39865			4214.52154	4214.47874	0
1781310337	XAUUSD	M5	4213.73	3801.05340	3837.26312	3758.88470			4214.47705	4214.47790	1
1781310637	XAUUSD	M5	4215.05	3800.53945	3836.74918	3758.37075			4214.69637	4214.58713	1
1781310937	XAUUSD	M5	4216.90	3800.02551	3836.23523	3757.85680			4215.21097	4214.89905	0
1781311237	XAUUSD	M5	4218.91	3799.51156	3835.72128	3757.34286			4215.97371	4215.43638	0
