ohlcv_timestamp	ohlcv_symbol	ohlcv_timeframe	ohlcv_close	ohlcv_open	ohlcv_high	ohlcv_low	ohlcv_volume
1780057106	XAUUSD	M5	4500.90000	4496.25000	4503.35000	4492.46000	863
1780057406	XAUUSD	M5	4508.78000	4500.89000	4509.28000	4498.92000	761
1780057706	XAUUSD	M5	4515.01000	4508.84000	4515.22000	4508.12000	781
1780058006	XAUUSD	M5	4518.56000	4514.95000	4520.75000	4514.50000	755
1780058306	XAUUSD	M5	4512.77000	4518.57000	4520.33000	4512.77000	641
1780058606	XAUUSD	M5	4505.50000	4512.70000	4513.29000	4505.37000	659
1780058906	XAUUSD	M5	4504.25000	4505.25000	4505.67000	4502.56000	710
1780059206	XAUUSD	M5	4507.06000	4504.25000	4508.36000	4503.29000	623
1780059506	XAUUSD	M5	4506.37000	4507.11000	4508.40000	4505.40000	642
1780059806	XAUUSD	M5	4502.10000	4506.28000	4506.79000	4501.67000	647
1780060106	XAUUSD	M5	4506.03000	4502.10000	4506.59000	4501.28000	601
1780060406	XAUUSD	M5	4506.47000	4506.04000	4507.63000	4503.88000	585
1780060706	XAUUSD	M5	4510.81000	4506.22000	4510.98000	4506.00000	615
1780061006	XAUUSD	M5	4505.80000	4510.83000	4511.22000	4505.13000	568
1780061306	XAUUSD	M5	4506.83000	4505.83000	4508.04000	4504.13000	547
1780061606	XAUUSD	M5	4505.83000	4506.84000	4508.92000	4505.14000	444
1780061906	XAUUSD	M5	4504.64000	4505.83000	4506.03000	4502.96000	412
1780062206	XAUUSD	M5	4502.98000	4504.63000	4504.97000	4501.80000	325
1780062506	XAUUSD	M5	4504.00000	4502.98000	4505.14000	4498.40000	637
1780062806	XAUUSD	M5	4506.21000	4503.98000	4506.52000	4503.12000	527
1780063106	XAUUSD	M5	4505.00000	4506.21000	4507.75000	4504.93000	515
1780063406	XAUUSD	M5	4506.39000	4505.00000	4508.08000	4504.69000	472
1780063706	XAUUSD	M5	4503.31000	4506.39000	4506.41000	4502.16000	563
1780064006	XAUUSD	M5	4501.72000	4503.28000	4505.09000	4501.19000	514
1780064306	XAUUSD	M5	4501.64000	4501.50000	4502.00000	4498.85000	613
1780064606	XAUUSD	M5	4498.22000	4501.64000	4501.69000	4496.71000	580
1780064906	XAUUSD	M5	4496.29000	4498.26000	4498.82000	4494.96000	626
1780065206	XAUUSD	M5	4496.51000	4496.36000	4497.91000	4495.38000	499
1780065506	XAUUSD	M5	4498.38000	4496.51000	4499.32000	4496.45000	488
1780065806	XAUUSD	M5	4496.95000	4498.40000	4498.42000	4495.28000	506
1780066106	XAUUSD	M5	4497.40000	4496.93000	4498.34000	4496.73000	372
1780066406	XAUUSD	M5	4496.27000	4497.37000	4498.06000	4494.93000	436
1780066706	XAUUSD	M5	4498.26000	4496.31000	4499.15000	4496.31000	353
1780067006	XAUUSD	M5	4499.93000	4498.19000	4499.95000	4498.05000	319
1780067306	XAUUSD	M5	4499.79000	4499.93000	4500.52000	4496.52000	421
1780067606	XAUUSD	M5	4501.44000	4499.80000	4501.73000	4499.00000	482
1780067906	XAUUSD	M5	4502.66000	4501.44000	4505.35000	4501.22000	508
1780068206	XAUUSD	M5	4503.27000	4502.66000	4503.72000	4501.49000	310
1780068506	XAUUSD	M5	4502.39000	4503.27000	4503.49000	4501.81000	325
1780068806	XAUUSD	M5	4504.67000	4502.27000	4505.01000	4501.96000	365
1780069106	XAUUSD	M5	4510.57000	4504.67000	4511.39000	4504.23000	475
1780069406	XAUUSD	M5	4509.10000	4510.43000	4511.61000	4508.94000	509
1780069706	XAUUSD	M5	4508.89000	4509.09000	4510.45000	4508.48000	389
1780070006	XAUUSD	M5	4509.76000	4508.89000	4510.79000	4508.45000	325
1780070306	XAUUSD	M5	4510.60000	4509.76000	4510.79000	4509.10000	367
1780070606	XAUUSD	M5	4509.31000	4510.60000	4510.94000	4508.38000	342
1780070906	XAUUSD	M5	4509.36000	4509.29000	4510.26000	4508.36000	314
1780071206	XAUUSD	M5	4514.16000	4509.36000	4514.83000	4508.70000	389
1780071506	XAUUSD	M5	4509.71000	4514.11000	4515.41000	4509.67000	394
1780071806	XAUUSD	M5	4510.09000	4509.87000	4510.99000	4509.53000	315
1780072106	XAUUSD	M5	4511.97000	4510.07000	4512.33000	4508.87000	335
1780072406	XAUUSD	M5	4511.84000	4511.97000	4512.19000	4510.59000	344
1780072706	XAUUSD	M5	4509.89000	4511.84000	4511.95000	4509.78000	280
1780073006	XAUUSD	M5	4510.15000	4509.96000	4510.69000	4509.51000	297
1780073306	XAUUSD	M5	4508.44000	4510.01000	4512.85000	4507.52000	650
1780073606	XAUUSD	M5	4503.72000	4508.44000	4508.47000	4502.84000	604
1780073906	XAUUSD	M5	4506.80000	4503.68000	4508.03000	4502.94000	602
1780074206	XAUUSD	M5	4505.97000	4506.80000	4508.75000	4505.50000	578
1780074506	XAUUSD	M5	4514.98000	4506.04000	4515.73000	4503.93000	562
1780074806	XAUUSD	M5	4514.93000	4514.98000	4515.53000	4510.69000	605
1780075106	XAUUSD	M5	4519.16000	4515.16000	4522.49000	4514.51000	785
1780075406	XAUUSD	M5	4514.48000	4519.16000	4520.05000	4514.19000	644
1780075706	XAUUSD	M5	4515.75000	4514.29000	4516.10000	4511.14000	614
1780076006	XAUUSD	M5	4511.42000	4515.74000	4515.78000	4510.06000	633
1780076306	XAUUSD	M5	4518.71000	4511.42000	4519.86000	4511.33000	661
1780076606	XAUUSD	M5	4516.61000	4518.70000	4521.52000	4516.27000	647
1780076906	XAUUSD	M5	4517.76000	4516.67000	4520.75000	4516.58000	616
1780077206	XAUUSD	M5	4515.02000	4517.96000	4519.00000	4513.83000	665
1780077506	XAUUSD	M5	4516.65000	4515.02000	4516.90000	4511.34000	647
1780077806	XAUUSD	M5	4517.66000	4516.62000	4519.82000	4515.24000	564
1780078106	XAUUSD	M5	4522.00000	4517.78000	4523.04000	4516.97000	600
1780078406	XAUUSD	M5	4523.69000	4522.00000	4524.16000	4521.74000	623
1780078706	XAUUSD	M5	4519.41000	4523.14000	4523.90000	4518.98000	638
1780079006	XAUUSD	M5	4519.17000	4519.04000	4520.74000	4518.06000	556
1780079306	XAUUSD	M5	4516.34000	4519.21000	4520.61000	4516.00000	617
1780079606	XAUUSD	M5	4515.66000	4516.31000	4517.10000	4514.40000	571
1780079906	XAUUSD	M5	4511.87000	4515.66000	4515.93000	4511.87000	521
1780080206	XAUUSD	M5	4514.03000	4511.83000	4514.09000	4510.91000	579
1780080506	XAUUSD	M5	4520.74000	4513.85000	4521.21000	4512.86000	639
1780080806	XAUUSD	M5	4522.55000	4520.74000	4525.27000	4520.26000	705
1780081106	XAUUSD	M5	4525.35000	4522.55000	4526.03000	4521.24000	652
1780081406	XAUUSD	M5	4524.22000	4525.32000	4526.21000	4523.42000	558
1780081706	XAUUSD	M5	4523.23000	4524.18000	4525.35000	4522.03000	443
1780082006	XAUUSD	M5	4524.76000	4522.97000	4525.51000	4522.97000	479
1780082306	XAUUSD	M5	4519.18000	4524.76000	4524.99000	4518.89000	709
1780082606	XAUUSD	M5	4515.98000	4519.24000	4520.71000	4515.64000	653
1780082906	XAUUSD	M5	4515.16000	4516.12000	4519.09000	4514.20000	587
1780083206	XAUUSD	M5	4513.11000	4515.16000	4516.34000	4513.11000	588
1780083506	XAUUSD	M5	4515.34000	4513.21000	4517.21000	4512.56000	552
1780083806	XAUUSD	M5	4517.09000	4515.38000	4517.97000	4514.33000	540
1780084106	XAUUSD	M5	4514.92000	4517.01000	4518.04000	4514.87000	414
1780084406	XAUUSD	M5	4515.06000	4514.92000	4516.59000	4513.89000	503
1780084706	XAUUSD	M5	4515.06000	4515.05000	4516.17000	4514.21000	415
1780085006	XAUUSD	M5	4511.28000	4514.82000	4515.96000	4510.98000	523
1780085306	XAUUSD	M5	4513.87000	4511.28000	4515.31000	4510.03000	552
1780085606	XAUUSD	M5	4514.88000	4513.86000	4515.15000	4513.02000	426
1780085906	XAUUSD	M5	4518.89000	4514.96000	4519.40000	4513.27000	626
1780086206	XAUUSD	M5	4523.86000	4518.90000	4524.08000	4517.44000	551
1780086506	XAUUSD	M5	4528.97000	4523.85000	4530.31000	4523.41000	635
1780086806	XAUUSD	M5	4527.92000	4529.08000	4529.58000	4526.89000	651
1780087106	XAUUSD	M5	4522.69000	4528.10000	4528.35000	4522.16000	581
1780087406	XAUUSD	M5	4528.85000	4522.71000	4532.46000	4522.47000	565
1780087706	XAUUSD	M5	4528.60000	4528.90000	4530.72000	4524.88000	646
1780088006	XAUUSD	M5	4528.82000	4528.63000	4530.52000	4526.86000	504
1780088306	XAUUSD	M5	4532.38000	4528.81000	4532.46000	4528.39000	461
1780088606	XAUUSD	M5	4537.20000	4532.44000	4537.69000	4531.97000	667
1780088906	XAUUSD	M5	4532.70000	4537.25000	4539.18000	4531.29000	659
1780089206	XAUUSD	M5	4531.09000	4532.70000	4533.43000	4529.76000	531
1780089506	XAUUSD	M5	4526.02000	4531.14000	4531.14000	4525.59000	529
1780089806	XAUUSD	M5	4526.45000	4526.03000	4528.64000	4525.95000	480
1780090106	XAUUSD	M5	4528.54000	4526.45000	4528.71000	4525.96000	505
1780090406	XAUUSD	M5	4526.76000	4528.54000	4530.24000	4525.76000	498
1780090706	XAUUSD	M5	4527.61000	4526.76000	4527.95000	4525.92000	502
1780091006	XAUUSD	M5	4530.50000	4527.64000	4531.01000	4527.47000	471
1780091306	XAUUSD	M5	4538.80000	4530.49000	4539.24000	4530.45000	605
1780091606	XAUUSD	M5	4541.41000	4538.83000	4543.31000	4538.31000	620
1780091906	XAUUSD	M5	4537.92000	4541.92000	4542.18000	4536.47000	569
1780092206	XAUUSD	M5	4537.13000	4537.94000	4541.05000	4536.51000	533
1780092506	XAUUSD	M5	4536.97000	4537.13000	4539.13000	4536.95000	482
1780092806	XAUUSD	M5	4538.58000	4536.75000	4538.72000	4535.37000	529
1780093106	XAUUSD	M5	4535.93000	4538.53000	4540.46000	4535.69000	563
1780093406	XAUUSD	M5	4532.53000	4535.96000	4537.01000	4532.17000	505
1780093706	XAUUSD	M5	4532.46000	4532.53000	4533.35000	4530.95000	562
1780094006	XAUUSD	M5	4531.67000	4532.49000	4532.79000	4529.36000	581
1780094306	XAUUSD	M5	4531.26000	4531.63000	4534.43000	4530.37000	559
1780094606	XAUUSD	M5	4528.10000	4531.49000	4532.03000	4526.97000	598
1780094906	XAUUSD	M5	4527.14000	4528.10000	4528.61000	4525.93000	523
1780095206	XAUUSD	M5	4528.41000	4527.14000	4528.97000	4526.61000	432
1780095506	XAUUSD	M5	4531.07000	4528.41000	4531.47000	4528.27000	452
1780095806	XAUUSD	M5	4529.28000	4531.19000	4533.94000	4529.23000	458
1780096106	XAUUSD	M5	4533.80000	4529.31000	4535.09000	4527.56000	663
1780096406	XAUUSD	M5	4538.36000	4533.91000	4538.93000	4533.82000	552
1780096706	XAUUSD	M5	4529.43000	4538.48000	4538.58000	4528.31000	635
1780097006	XAUUSD	M5	4530.22000	4529.40000	4530.68000	4527.30000	637
1780097306	XAUUSD	M5	4528.39000	4530.22000	4531.98000	4526.95000	667
1780097606	XAUUSD	M5	4529.83000	4528.39000	4531.93000	4527.76000	552
1780097906	XAUUSD	M5	4523.53000	4530.40000	4530.40000	4520.01000	743
1780098206	XAUUSD	M5	4522.39000	4523.55000	4524.63000	4520.60000	628
1780098506	XAUUSD	M5	4517.10000	4522.48000	4523.52000	4515.08000	787
1780098806	XAUUSD	M5	4517.27000	4517.17000	4518.89000	4515.26000	698
1780099106	XAUUSD	M5	4514.13000	4517.24000	4517.74000	4512.71000	621
1780099406	XAUUSD	M5	4515.41000	4514.30000	4517.91000	4512.74000	656
1780099706	XAUUSD	M5	4518.58000	4515.44000	4520.02000	4514.47000	707
1780100006	XAUUSD	M5	4523.03000	4518.57000	4524.09000	4516.74000	675
1780100306	XAUUSD	M5	4524.27000	4522.99000	4525.52000	4517.20000	857
1780100606	XAUUSD	M5	4525.73000	4524.23000	4526.77000	4520.50000	759
1780100906	XAUUSD	M5	4522.89000	4525.73000	4525.73000	4520.89000	717
1780101206	XAUUSD	M5	4522.68000	4522.73000	4524.33000	4521.31000	683
1780101506	XAUUSD	M5	4526.25000	4522.66000	4529.21000	4522.49000	686
1780101806	XAUUSD	M5	4528.06000	4526.67000	4528.40000	4525.48000	736
1780102106	XAUUSD	M5	4525.27000	4528.06000	4532.01000	4525.27000	904
1780102406	XAUUSD	M5	4531.73000	4525.07000	4533.11000	4522.42000	876
1780102706	XAUUSD	M5	4533.05000	4531.48000	4535.64000	4530.33000	731
1780103006	XAUUSD	M5	4535.99000	4533.15000	4536.81000	4529.69000	830
1780103306	XAUUSD	M5	4538.56000	4535.96000	4539.20000	4532.19000	831
1780103606	XAUUSD	M5	4536.80000	4538.32000	4540.73000	4535.42000	808
1780103906	XAUUSD	M5	4548.02000	4537.05000	4549.33000	4535.30000	907
1780104206	XAUUSD	M5	4551.21000	4548.22000	4552.69000	4546.44000	886
1780104506	XAUUSD	M5	4543.88000	4550.97000	4552.66000	4543.87000	868
1780104806	XAUUSD	M5	4537.72000	4543.88000	4545.05000	4537.72000	901
1780105106	XAUUSD	M5	4531.31000	4537.99000	4540.42000	4531.31000	882
1780105406	XAUUSD	M5	4529.84000	4531.16000	4533.17000	4526.05000	941
1780105706	XAUUSD	M5	4536.21000	4529.82000	4536.38000	4525.79000	911
1780106006	XAUUSD	M5	4531.89000	4536.20000	4536.64000	4530.97000	868
1780106306	XAUUSD	M5	4540.30000	4531.88000	4541.97000	4531.88000	885
1780106606	XAUUSD	M5	4539.79000	4540.21000	4541.04000	4536.81000	855
1780106906	XAUUSD	M5	4557.00000	4539.81000	4569.31000	4539.81000	940
1780107206	XAUUSD	M5	4564.28000	4556.99000	4570.48000	4556.07000	965
1780107506	XAUUSD	M5	4578.41000	4564.31000	4578.57000	4564.31000	947
1780107806	XAUUSD	M5	4588.06000	4578.43000	4589.92000	4573.99000	936
1780108106	XAUUSD	M5	4590.10000	4588.06000	4595.19000	4586.07000	937
1780108406	XAUUSD	M5	4588.60000	4589.98000	4591.58000	4586.16000	928
1780108706	XAUUSD	M5	4585.01000	4588.63000	4589.09000	4581.73000	916
1780109006	XAUUSD	M5	4578.66000	4584.91000	4585.30000	4578.66000	821
1780109306	XAUUSD	M5	4578.28000	4578.33000	4583.28000	4578.07000	856
1780109606	XAUUSD	M5	4573.01000	4578.16000	4580.79000	4572.05000	872
1780109906	XAUUSD	M5	4566.64000	4573.05000	4575.20000	4561.60000	921
1780110206	XAUUSD	M5	4564.98000	4566.62000	4569.28000	4557.77000	898
1780110506	XAUUSD	M5	4568.99000	4564.99000	4570.40000	4563.48000	818
1780110806	XAUUSD	M5	4571.07000	4568.87000	4571.52000	4568.35000	757
1780111106	XAUUSD	M5	4567.98000	4571.11000	4572.31000	4567.83000	731
1780111406	XAUUSD	M5	4564.30000	4567.98000	4568.97000	4563.95000	737
1780111706	XAUUSD	M5	4563.71000	4564.26000	4565.08000	4559.99000	679
1780112006	XAUUSD	M5	4565.39000	4563.68000	4567.70000	4563.05000	673
1780112306	XAUUSD	M5	4564.25000	4565.41000	4567.10000	4563.85000	657
1780112606	XAUUSD	M5	4563.06000	4564.21000	4564.21000	4560.41000	671
1780112906	XAUUSD	M5	4569.01000	4563.05000	4570.04000	4561.96000	783
1780113206	XAUUSD	M5	4572.02000	4568.93000	4573.38000	4567.70000	718
1780113506	XAUUSD	M5	4569.56000	4572.00000	4572.93000	4568.62000	634
1780113806	XAUUSD	M5	4564.81000	4569.56000	4569.56000	4564.51000	666
1780114106	XAUUSD	M5	4565.36000	4564.85000	4565.85000	4560.90000	657
1780114406	XAUUSD	M5	4566.86000	4565.31000	4567.44000	4562.62000	634
1780114706	XAUUSD	M5	4564.42000	4567.02000	4568.08000	4564.30000	628
1780115006	XAUUSD	M5	4567.35000	4564.34000	4568.46000	4563.41000	516
1780115306	XAUUSD	M5	4564.43000	4567.60000	4568.34000	4564.20000	577
1780115606	XAUUSD	M5	4565.60000	4564.06000	4566.85000	4563.76000	545
1780115906	XAUUSD	M5	4565.55000	4565.60000	4566.72000	4561.00000	636
1780116206	XAUUSD	M5	4561.95000	4565.54000	4565.75000	4561.55000	647
1780116506	XAUUSD	M5	4561.36000	4561.93000	4562.13000	4557.80000	639
1780116806	XAUUSD	M5	4558.72000	4561.35000	4561.95000	4558.52000	608
1780117106	XAUUSD	M5	4554.11000	4558.72000	4560.09000	4553.29000	642
1780117406	XAUUSD	M5	4555.94000	4554.11000	4557.59000	4553.10000	604
1780117706	XAUUSD	M5	4553.51000	4555.94000	4556.20000	4552.51000	548
1780118006	XAUUSD	M5	4553.44000	4553.51000	4554.00000	4551.59000	662
1780118306	XAUUSD	M5	4557.28000	4553.44000	4557.36000	4552.62000	699
1780118606	XAUUSD	M5	4557.93000	4557.36000	4558.75000	4556.14000	554
1780118906	XAUUSD	M5	4558.14000	4557.93000	4558.29000	4556.16000	521
1780119206	XAUUSD	M5	4558.65000	4558.13000	4558.92000	4555.70000	558
1780119506	XAUUSD	M5	4558.59000	4558.77000	4559.79000	4557.39000	543
1780119806	XAUUSD	M5	4559.28000	4558.59000	4560.33000	4558.08000	535
1780120106	XAUUSD	M5	4560.86000	4559.29000	4561.24000	4559.29000	490
1780120406	XAUUSD	M5	4560.13000	4560.88000	4561.66000	4559.86000	422
1780120706	XAUUSD	M5	4557.96000	4560.14000	4560.21000	4557.56000	452
1780121006	XAUUSD	M5	4553.06000	4557.96000	4557.96000	4550.89000	735
1780121306	XAUUSD	M5	4554.26000	4553.02000	4554.68000	4552.38000	599
1780121606	XAUUSD	M5	4553.10000	4554.26000	4556.79000	4552.95000	588
1780121906	XAUUSD	M5	4554.50000	4553.30000	4554.91000	4552.39000	573
1780122206	XAUUSD	M5	4558.42000	4554.49000	4558.42000	4554.45000	472
1780122506	XAUUSD	M5	4558.26000	4558.50000	4560.20000	4557.94000	490
1780122806	XAUUSD	M5	4557.74000	4558.47000	4559.08000	4556.70000	470
1780123106	XAUUSD	M5	4556.42000	4557.47000	4557.97000	4555.81000	467
1780123406	XAUUSD	M5	4555.30000	4556.37000	4556.91000	4554.73000	508
1780123706	XAUUSD	M5	4553.57000	4555.30000	4556.42000	4553.14000	527
1780124006	XAUUSD	M5	4552.54000	4553.56000	4554.03000	4551.93000	544
1780124306	XAUUSD	M5	4551.53000	4552.54000	4553.86000	4551.18000	563
1780124606	XAUUSD	M5	4548.69000	4551.54000	4551.62000	4548.64000	626
1780124906	XAUUSD	M5	4546.51000	4548.68000	4549.56000	4545.65000	746
1780125206	XAUUSD	M5	4545.67000	4546.54000	4548.22000	4542.96000	824
1780125506	XAUUSD	M5	4544.51000	4545.58000	4547.54000	4542.85000	626
1780125806	XAUUSD	M5	4545.84000	4544.51000	4546.12000	4543.41000	401
1780126106	XAUUSD	M5	4548.83000	4545.84000	4549.14000	4545.26000	371
1780126406	XAUUSD	M5	4545.92000	4548.83000	4548.91000	4545.54000	324
1780126706	XAUUSD	M5	4545.13000	4545.92000	4545.92000	4544.39000	273
1780127006	XAUUSD	M5	4542.78000	4545.13000	4545.28000	4542.53000	315
1780127306	XAUUSD	M5	4543.36000	4542.78000	4543.40000	4541.87000	280
1780127606	XAUUSD	M5	4543.01000	4543.19000	4543.52000	4542.23000	275
1780127906	XAUUSD	M5	4543.77000	4543.01000	4544.09000	4541.39000	325
1780128206	XAUUSD	M5	4541.99000	4543.63000	4543.63000	4541.79000	266
1780128506	XAUUSD	M5	4539.90000	4541.97000	4543.23000	4539.89000	346
1780128806	XAUUSD	M5	4540.62000	4539.90000	4541.43000	4539.55000	312
1780305506	XAUUSD	M5	4520.88000	4523.17000	4527.83000	4518.31000	690
1780305806	XAUUSD	M5	4526.05000	4520.94000	4527.37000	4519.88000	428
1780306106	XAUUSD	M5	4534.73000	4526.05000	4535.40000	4524.12000	481
1780306406	XAUUSD	M5	4536.50000	4534.85000	4536.60000	4531.41000	538
1780306706	XAUUSD	M5	4533.28000	4536.49000	4536.55000	4531.44000	485
1780307006	XAUUSD	M5	4533.17000	4533.27000	4534.33000	4531.66000	325
1780307306	XAUUSD	M5	4535.66000	4533.17000	4536.56000	4532.70000	480
1780307606	XAUUSD	M5	4531.95000	4535.66000	4536.20000	4531.95000	352
1780307906	XAUUSD	M5	4535.54000	4532.10000	4535.57000	4530.85000	389
1780308206	XAUUSD	M5	4538.24000	4535.59000	4540.36000	4535.59000	447
1780308506	XAUUSD	M5	4534.93000	4538.27000	4538.94000	4534.80000	380
1780308806	XAUUSD	M5	4535.26000	4534.90000	4537.90000	4534.87000	309
1780309106	XAUUSD	M5	4539.79000	4535.38000	4540.53000	4535.06000	382
1780309406	XAUUSD	M5	4541.57000	4539.79000	4541.83000	4538.84000	328
1780309706	XAUUSD	M5	4542.59000	4541.57000	4543.25000	4540.20000	319
1780310006	XAUUSD	M5	4542.13000	4542.59000	4543.63000	4541.22000	329
1780310306	XAUUSD	M5	4542.06000	4542.16000	4543.43000	4540.13000	365
1780310606	XAUUSD	M5	4544.97000	4542.03000	4545.03000	4541.83000	367
1780310906	XAUUSD	M5	4539.25000	4544.91000	4545.77000	4539.23000	466
1780311206	XAUUSD	M5	4540.68000	4539.33000	4541.71000	4538.55000	413
1780311506	XAUUSD	M5	4541.86000	4540.68000	4542.55000	4540.34000	268
1780311806	XAUUSD	M5	4541.03000	4541.84000	4542.65000	4538.51000	436
1780312106	XAUUSD	M5	4544.28000	4541.03000	4544.85000	4540.29000	423
1780312406	XAUUSD	M5	4539.57000	4544.28000	4544.75000	4539.57000	423
1780312706	XAUUSD	M5	4544.93000	4539.57000	4546.08000	4537.44000	643
1780313006	XAUUSD	M5	4540.84000	4544.85000	4545.01000	4540.75000	530
1780313306	XAUUSD	M5	4540.86000	4540.84000	4543.60000	4539.38000	534
1780313606	XAUUSD	M5	4538.46000	4540.72000	4543.80000	4537.91000	482
1780313906	XAUUSD	M5	4540.85000	4538.45000	4541.55000	4538.17000	437
1780314206	XAUUSD	M5	4543.27000	4540.85000	4544.46000	4539.79000	471
1780314506	XAUUSD	M5	4538.13000	4543.27000	4544.96000	4536.09000	520
1780314806	XAUUSD	M5	4536.93000	4538.24000	4538.94000	4535.34000	459
1780315106	XAUUSD	M5	4536.06000	4536.92000	4537.40000	4535.42000	492
1780315406	XAUUSD	M5	4541.43000	4536.06000	4541.96000	4536.05000	552
1780315706	XAUUSD	M5	4538.93000	4541.44000	4542.72000	4538.12000	510
1780316006	XAUUSD	M5	4540.50000	4538.80000	4541.87000	4537.13000	538
1780316306	XAUUSD	M5	4534.25000	4540.53000	4541.10000	4531.99000	807
1780316606	XAUUSD	M5	4529.00000	4534.40000	4535.49000	4527.23000	715
1780316906	XAUUSD	M5	4533.89000	4529.32000	4534.30000	4526.39000	700
1780317206	XAUUSD	M5	4530.35000	4533.92000	4534.28000	4530.19000	619
1780317506	XAUUSD	M5	4532.17000	4530.41000	4536.67000	4530.00000	628
1780317806	XAUUSD	M5	4528.77000	4532.17000	4533.05000	4527.84000	625
1780318106	XAUUSD	M5	4532.78000	4528.71000	4532.78000	4527.03000	672
1780318406	XAUUSD	M5	4529.83000	4532.78000	4533.31000	4528.03000	601
1780318706	XAUUSD	M5	4533.21000	4529.98000	4533.94000	4528.56000	583
1780319006	XAUUSD	M5	4528.67000	4533.20000	4533.68000	4527.65000	592
1780319306	XAUUSD	M5	4530.06000	4528.81000	4531.13000	4527.85000	577
1780319606	XAUUSD	M5	4525.57000	4530.08000	4530.22000	4523.91000	632
1780319906	XAUUSD	M5	4525.13000	4525.54000	4527.74000	4524.41000	537
1780320206	XAUUSD	M5	4528.54000	4525.15000	4531.97000	4525.00000	547
1780320506	XAUUSD	M5	4532.26000	4528.54000	4534.06000	4528.44000	587
1780320806	XAUUSD	M5	4532.01000	4532.19000	4534.59000	4531.83000	451
1780321106	XAUUSD	M5	4531.49000	4532.52000	4532.74000	4530.28000	367
1780321406	XAUUSD	M5	4530.32000	4531.49000	4531.71000	4529.44000	264
1780321706	XAUUSD	M5	4527.43000	4530.39000	4530.39000	4523.68000	666
1780322006	XAUUSD	M5	4528.33000	4527.43000	4531.23000	4527.30000	560
1780322306	XAUUSD	M5	4522.91000	4528.63000	4528.63000	4522.75000	564
1780322606	XAUUSD	M5	4523.58000	4523.15000	4525.11000	4522.07000	582
1780322906	XAUUSD	M5	4522.54000	4523.58000	4524.13000	4522.46000	539
1780323206	XAUUSD	M5	4521.52000	4522.24000	4523.47000	4521.28000	542
1780323506	XAUUSD	M5	4524.63000	4521.52000	4525.66000	4521.47000	489
1780323806	XAUUSD	M5	4517.60000	4524.64000	4524.79000	4517.36000	569
1780324106	XAUUSD	M5	4518.89000	4517.64000	4520.49000	4515.63000	542
1780324406	XAUUSD	M5	4519.41000	4518.89000	4519.99000	4514.24000	524
1780324706	XAUUSD	M5	4518.60000	4519.39000	4520.04000	4517.68000	515
1780325006	XAUUSD	M5	4520.46000	4518.60000	4521.42000	4518.08000	493
1780325306	XAUUSD	M5	4521.55000	4520.47000	4524.17000	4519.93000	459
1780325606	XAUUSD	M5	4515.66000	4521.99000	4521.99000	4514.54000	381
1780325906	XAUUSD	M5	4510.71000	4515.66000	4515.77000	4509.92000	464
1780326206	XAUUSD	M5	4512.70000	4510.76000	4513.35000	4509.97000	421
1780326506	XAUUSD	M5	4513.24000	4512.58000	4513.96000	4511.78000	349
1780326806	XAUUSD	M5	4516.43000	4513.24000	4516.43000	4512.41000	355
1780327106	XAUUSD	M5	4516.42000	4516.41000	4519.69000	4515.80000	390
1780327406	XAUUSD	M5	4514.18000	4516.42000	4517.25000	4513.93000	340
1780327706	XAUUSD	M5	4514.73000	4514.18000	4515.10000	4512.46000	269
1780328006	XAUUSD	M5	4516.90000	4514.73000	4518.56000	4514.67000	314
1780328306	XAUUSD	M5	4517.65000	4516.90000	4517.79000	4516.13000	260
1780328606	XAUUSD	M5	4515.90000	4517.64000	4517.67000	4515.36000	282
1780328906	XAUUSD	M5	4514.31000	4515.91000	4516.63000	4514.24000	268
1780329206	XAUUSD	M5	4515.29000	4514.46000	4515.75000	4513.65000	314
1780329506	XAUUSD	M5	4514.47000	4515.24000	4517.29000	4514.36000	373
1780329806	XAUUSD	M5	4510.51000	4514.53000	4514.62000	4508.68000	361
1780330106	XAUUSD	M5	4514.25000	4510.46000	4514.53000	4509.84000	421
1780330406	XAUUSD	M5	4514.46000	4514.25000	4515.16000	4512.69000	325
1780330706	XAUUSD	M5	4516.03000	4514.47000	4516.24000	4513.71000	405
1780331006	XAUUSD	M5	4516.46000	4516.03000	4517.78000	4515.65000	346
1780331306	XAUUSD	M5	4518.21000	4516.43000	4519.30000	4515.36000	334
1780331606	XAUUSD	M5	4521.40000	4518.32000	4521.86000	4517.65000	350
1780331906	XAUUSD	M5	4522.57000	4521.43000	4523.28000	4519.70000	371
1780332206	XAUUSD	M5	4520.48000	4522.55000	4523.65000	4520.41000	361
1780332506	XAUUSD	M5	4513.88000	4520.48000	4522.04000	4512.61000	671
1780332806	XAUUSD	M5	4520.19000	4513.74000	4522.11000	4513.68000	577
1780333106	XAUUSD	M5	4519.87000	4520.29000	4520.94000	4515.43000	603
1780333406	XAUUSD	M5	4524.26000	4519.85000	4525.25000	4517.40000	576
1780333706	XAUUSD	M5	4523.53000	4524.26000	4524.56000	4521.12000	586
1780334006	XAUUSD	M5	4518.23000	4523.54000	4523.54000	4517.06000	582
1780334306	XAUUSD	M5	4516.28000	4518.16000	4518.73000	4514.15000	721
1780334606	XAUUSD	M5	4517.11000	4516.42000	4518.54000	4515.40000	611
1780334906	XAUUSD	M5	4514.11000	4517.11000	4517.52000	4512.77000	624
1780335206	XAUUSD	M5	4511.10000	4514.11000	4515.77000	4510.17000	641
1780335506	XAUUSD	M5	4506.18000	4511.10000	4511.10000	4505.00000	680
1780335806	XAUUSD	M5	4513.93000	4506.16000	4514.47000	4505.73000	607
1780336106	XAUUSD	M5	4510.69000	4514.49000	4514.72000	4510.43000	601
1780336406	XAUUSD	M5	4504.67000	4510.69000	4510.98000	4501.74000	719
1780336706	XAUUSD	M5	4504.63000	4504.68000	4506.05000	4503.32000	604
1780337006	XAUUSD	M5	4504.57000	4504.58000	4504.58000	4501.06000	623
1780337306	XAUUSD	M5	4503.61000	4504.59000	4504.59000	4500.32000	645
1780337606	XAUUSD	M5	4501.73000	4503.61000	4504.75000	4501.06000	652
1780337906	XAUUSD	M5	4507.76000	4501.69000	4508.51000	4500.76000	685
1780338206	XAUUSD	M5	4506.26000	4507.76000	4510.02000	4506.26000	614
1780338506	XAUUSD	M5	4507.28000	4506.40000	4509.48000	4505.71000	529
1780338806	XAUUSD	M5	4506.80000	4507.28000	4508.23000	4504.81000	516
1780339106	XAUUSD	M5	4505.18000	4506.74000	4507.23000	4503.35000	461
1780339406	XAUUSD	M5	4503.96000	4505.18000	4506.07000	4503.46000	532
1780339706	XAUUSD	M5	4504.72000	4503.96000	4507.77000	4503.89000	499
1780340006	XAUUSD	M5	4503.53000	4504.71000	4506.40000	4502.74000	537
1780340306	XAUUSD	M5	4498.19000	4503.49000	4503.72000	4497.93000	609
1780340606	XAUUSD	M5	4494.58000	4498.18000	4500.39000	4493.01000	662
1780340906	XAUUSD	M5	4495.46000	4494.57000	4496.73000	4492.44000	601
1780341206	XAUUSD	M5	4503.08000	4495.72000	4503.08000	4495.37000	523
1780341506	XAUUSD	M5	4495.80000	4503.59000	4504.49000	4495.76000	570
1780341806	XAUUSD	M5	4493.96000	4495.80000	4499.60000	4493.83000	533
1780342106	XAUUSD	M5	4495.74000	4493.84000	4498.82000	4493.54000	466
1780342406	XAUUSD	M5	4494.96000	4495.74000	4496.65000	4491.71000	517
1780342706	XAUUSD	M5	4492.84000	4495.05000	4496.60000	4490.55000	440
1780343006	XAUUSD	M5	4496.04000	4492.84000	4496.33000	4492.74000	392
1780343306	XAUUSD	M5	4495.84000	4496.03000	4496.66000	4492.81000	428
1780343606	XAUUSD	M5	4494.74000	4495.86000	4496.40000	4493.27000	429
1780343906	XAUUSD	M5	4500.03000	4494.93000	4500.40000	4492.74000	467
1780344206	XAUUSD	M5	4501.32000	4500.13000	4502.56000	4496.58000	512
1780344506	XAUUSD	M5	4497.19000	4501.31000	4501.71000	4497.06000	495
1780344806	XAUUSD	M5	4498.02000	4497.19000	4499.62000	4495.67000	487
1780345106	XAUUSD	M5	4500.50000	4498.04000	4500.74000	4497.74000	551
1780345406	XAUUSD	M5	4499.49000	4500.50000	4500.54000	4498.25000	455
1780345706	XAUUSD	M5	4499.51000	4499.60000	4500.11000	4498.71000	446
1780346006	XAUUSD	M5	4505.66000	4499.65000	4505.72000	4498.30000	528
1780346306	XAUUSD	M5	4499.68000	4505.67000	4506.27000	4498.67000	532
1780346606	XAUUSD	M5	4496.39000	4499.43000	4499.86000	4496.39000	575
1780346906	XAUUSD	M5	4490.65000	4496.43000	4497.37000	4489.39000	698
1780347206	XAUUSD	M5	4497.93000	4490.86000	4498.05000	4490.74000	593
1780347506	XAUUSD	M5	4498.33000	4497.97000	4499.29000	4494.91000	518
1780347806	XAUUSD	M5	4495.45000	4498.32000	4498.49000	4493.97000	567
1780348106	XAUUSD	M5	4497.96000	4495.41000	4498.37000	4494.02000	518
1780348406	XAUUSD	M5	4496.01000	4497.83000	4497.87000	4494.45000	477
1780348706	XAUUSD	M5	4498.16000	4496.04000	4498.94000	4496.04000	475
1780349006	XAUUSD	M5	4500.16000	4498.16000	4501.25000	4496.33000	457
1780349306	XAUUSD	M5	4501.59000	4500.18000	4502.12000	4499.72000	380
1780349606	XAUUSD	M5	4499.96000	4501.58000	4502.00000	4499.51000	467
1780349906	XAUUSD	M5	4500.45000	4500.24000	4500.64000	4496.19000	485
1780350206	XAUUSD	M5	4500.91000	4500.46000	4503.50000	4500.39000	395
1780350506	XAUUSD	M5	4504.91000	4500.97000	4505.39000	4500.60000	448
1780350806	XAUUSD	M5	4503.77000	4505.02000	4506.55000	4503.35000	510
1780351106	XAUUSD	M5	4505.87000	4503.24000	4507.44000	4503.24000	498
1780351406	XAUUSD	M5	4509.50000	4505.97000	4510.54000	4505.41000	524
1780351706	XAUUSD	M5	4507.30000	4509.27000	4511.02000	4506.97000	498
1780352006	XAUUSD	M5	4503.99000	4507.32000	4507.45000	4502.64000	595
1780352306	XAUUSD	M5	4500.22000	4503.98000	4506.67000	4500.20000	628
1780352606	XAUUSD	M5	4505.76000	4500.22000	4505.76000	4499.90000	505
1780352906	XAUUSD	M5	4504.85000	4505.72000	4505.76000	4503.32000	457
1780353206	XAUUSD	M5	4509.85000	4504.87000	4509.85000	4504.14000	489
1780353506	XAUUSD	M5	4508.61000	4509.77000	4512.95000	4508.60000	531
1780353806	XAUUSD	M5	4510.76000	4508.61000	4511.92000	4507.75000	511
1780354106	XAUUSD	M5	4506.76000	4510.69000	4512.23000	4506.59000	494
1780354406	XAUUSD	M5	4510.33000	4506.76000	4510.74000	4506.19000	435
1780354706	XAUUSD	M5	4507.21000	4510.21000	4510.65000	4506.51000	547
1780355006	XAUUSD	M5	4508.66000	4507.21000	4509.61000	4506.97000	435
1780355306	XAUUSD	M5	4507.46000	4508.61000	4508.66000	4506.42000	479
1780355606	XAUUSD	M5	4505.87000	4507.47000	4508.08000	4505.43000	528
1780355906	XAUUSD	M5	4505.97000	4505.84000	4506.84000	4503.46000	583
1780356206	XAUUSD	M5	4507.66000	4505.99000	4509.16000	4505.95000	572
1780356506	XAUUSD	M5	4503.36000	4507.66000	4509.62000	4503.19000	573
1780356806	XAUUSD	M5	4503.39000	4503.25000	4505.81000	4501.26000	570
1780357106	XAUUSD	M5	4501.86000	4502.88000	4503.21000	4497.49000	654
1780357406	XAUUSD	M5	4505.59000	4501.92000	4507.77000	4501.52000	648
1780357706	XAUUSD	M5	4500.84000	4505.57000	4505.59000	4497.72000	675
1780358006	XAUUSD	M5	4503.25000	4501.06000	4503.53000	4499.23000	628
1780358306	XAUUSD	M5	4507.89000	4503.33000	4508.25000	4499.34000	609
1780358606	XAUUSD	M5	4506.83000	4507.46000	4510.44000	4505.75000	716
1780358906	XAUUSD	M5	4505.63000	4506.76000	4508.44000	4505.32000	632
1780359206	XAUUSD	M5	4501.96000	4505.66000	4506.11000	4498.65000	573
1780359506	XAUUSD	M5	4501.78000	4502.23000	4503.87000	4495.71000	866
1780359806	XAUUSD	M5	4501.18000	4501.72000	4502.37000	4496.39000	700
1780360106	XAUUSD	M5	4484.29000	4501.20000	4501.20000	4472.64000	924
1780360406	XAUUSD	M5	4482.30000	4484.26000	4489.62000	4479.27000	941
1780360706	XAUUSD	M5	4465.93000	4482.18000	4482.88000	4464.06000	965
1780361006	XAUUSD	M5	4465.06000	4466.37000	4469.04000	4462.40000	951
1780361306	XAUUSD	M5	4466.12000	4465.45000	4470.07000	4459.09000	957
1780361606	XAUUSD	M5	4472.88000	4466.13000	4478.71000	4463.02000	946
1780361906	XAUUSD	M5	4467.35000	4472.97000	4474.02000	4465.39000	917
1780362206	XAUUSD	M5	4464.61000	4467.28000	4469.57000	4463.41000	913
1780362506	XAUUSD	M5	4454.78000	4464.22000	4465.55000	4452.65000	951
1780362806	XAUUSD	M5	4450.49000	4454.51000	4455.44000	4448.93000	890
1780363106	XAUUSD	M5	4454.50000	4449.30000	4454.55000	4447.78000	957
1780363406	XAUUSD	M5	4460.39000	4454.58000	4461.51000	4449.51000	922
1780363706	XAUUSD	M5	4461.22000	4460.57000	4462.08000	4456.08000	875
1780364006	XAUUSD	M5	4457.21000	4461.26000	4464.48000	4454.22000	922
1780364306	XAUUSD	M5	4455.26000	4457.21000	4461.82000	4454.96000	846
1780364606	XAUUSD	M5	4456.22000	4455.29000	4456.23000	4449.70000	855
1780364906	XAUUSD	M5	4458.65000	4456.26000	4460.57000	4453.86000	848
1780365206	XAUUSD	M5	4455.49000	4458.65000	4460.50000	4454.22000	817
1780365506	XAUUSD	M5	4459.94000	4455.49000	4461.58000	4455.26000	798
1780365806	XAUUSD	M5	4454.72000	4459.99000	4461.22000	4453.66000	809
1780366106	XAUUSD	M5	4456.05000	4454.89000	4456.62000	4452.31000	814
1780366406	XAUUSD	M5	4458.70000	4456.09000	4459.04000	4454.98000	778
1780366706	XAUUSD	M5	4460.24000	4458.68000	4462.30000	4457.58000	784
1780367006	XAUUSD	M5	4462.37000	4460.24000	4465.22000	4455.62000	835
1780367306	XAUUSD	M5	4464.35000	4462.65000	4465.35000	4460.76000	734
1780367606	XAUUSD	M5	4465.36000	4464.25000	4467.23000	4463.26000	815
1780367906	XAUUSD	M5	4467.08000	4465.40000	4467.90000	4464.13000	731
1780368206	XAUUSD	M5	4468.79000	4467.09000	4470.34000	4465.86000	696
1780368506	XAUUSD	M5	4477.14000	4468.44000	4478.83000	4468.23000	900
1780368806	XAUUSD	M5	4476.86000	4477.05000	4479.81000	4474.09000	844
1780369106	XAUUSD	M5	4472.38000	4476.78000	4477.31000	4471.25000	749
1780369406	XAUUSD	M5	4469.80000	4472.37000	4474.70000	4468.71000	681
1780369706	XAUUSD	M5	4471.29000	4469.75000	4472.21000	4468.98000	663
1780370006	XAUUSD	M5	4474.21000	4471.17000	4475.37000	4471.17000	711
1780370306	XAUUSD	M5	4473.38000	4474.10000	4478.10000	4472.60000	639
1780370606	XAUUSD	M5	4468.79000	4473.35000	4474.31000	4468.21000	630
1780370906	XAUUSD	M5	4467.37000	4468.70000	4468.81000	4465.25000	707
1780371206	XAUUSD	M5	4466.78000	4467.15000	4467.52000	4463.17000	687
1780371506	XAUUSD	M5	4468.60000	4466.77000	4468.70000	4464.64000	592
1780371806	XAUUSD	M5	4467.98000	4468.36000	4469.36000	4466.74000	562
1780372106	XAUUSD	M5	4469.44000	4468.01000	4472.09000	4468.01000	615
1780372406	XAUUSD	M5	4469.22000	4469.21000	4471.08000	4467.84000	611
1780372706	XAUUSD	M5	4468.06000	4469.23000	4470.05000	4467.83000	554
1780373006	XAUUSD	M5	4471.96000	4468.06000	4471.96000	4467.45000	591
1780373306	XAUUSD	M5	4480.10000	4471.88000	4480.91000	4471.87000	769
1780373606	XAUUSD	M5	4480.11000	4479.96000	4482.05000	4478.69000	792
1780373906	XAUUSD	M5	4476.29000	4480.10000	4481.08000	4475.59000	765
1780374206	XAUUSD	M5	4473.44000	4476.38000	4477.54000	4471.52000	701
1780374506	XAUUSD	M5	4475.05000	4473.47000	4476.06000	4473.26000	542
1780374806	XAUUSD	M5	4475.82000	4474.99000	4475.82000	4473.47000	589
1780375106	XAUUSD	M5	4475.15000	4475.82000	4476.64000	4474.09000	586
1780375406	XAUUSD	M5	4482.93000	4475.15000	4482.93000	4472.45000	591
1780375706	XAUUSD	M5	4481.31000	4482.96000	4485.53000	4480.53000	834
1780376006	XAUUSD	M5	4482.83000	4481.32000	4484.35000	4480.70000	695
1780376306	XAUUSD	M5	4491.56000	4482.88000	4491.57000	4482.85000	754
1780376606	XAUUSD	M5	4491.51000	4491.55000	4495.39000	4491.19000	764
1780376906	XAUUSD	M5	4491.45000	4491.47000	4492.02000	4489.16000	690
1780377206	XAUUSD	M5	4487.55000	4491.49000	4491.65000	4487.45000	613
1780377506	XAUUSD	M5	4486.86000	4487.59000	4488.42000	4486.30000	600
1780377806	XAUUSD	M5	4489.80000	4486.90000	4490.22000	4486.71000	545
1780378106	XAUUSD	M5	4488.66000	4489.78000	4489.96000	4488.11000	437
1780378406	XAUUSD	M5	4489.22000	4488.66000	4489.41000	4486.80000	506
1780378706	XAUUSD	M5	4489.16000	4489.22000	4490.12000	4488.57000	426
1780379006	XAUUSD	M5	4486.64000	4489.18000	4489.26000	4486.48000	483
1780379306	XAUUSD	M5	4486.10000	4486.64000	4487.33000	4484.81000	440
1780379606	XAUUSD	M5	4486.06000	4486.11000	4487.31000	4485.80000	377
1780379906	XAUUSD	M5	4487.92000	4486.08000	4488.15000	4485.90000	398
1780380206	XAUUSD	M5	4488.60000	4487.92000	4488.60000	4487.51000	365
1780380506	XAUUSD	M5	4487.17000	4488.56000	4488.56000	4487.17000	424
1780380806	XAUUSD	M5	4486.70000	4487.19000	4488.56000	4486.55000	467
1780381106	XAUUSD	M5	4487.83000	4486.70000	4488.25000	4485.16000	533
1780381406	XAUUSD	M5	4485.27000	4487.85000	4488.14000	4484.82000	401
1780381706	XAUUSD	M5	4485.38000	4485.28000	4487.18000	4485.22000	421
1780382006	XAUUSD	M5	4485.87000	4485.38000	4486.49000	4484.64000	400
1780382306	XAUUSD	M5	4485.77000	4485.90000	4486.56000	4485.05000	417
1780382606	XAUUSD	M5	4484.68000	4485.77000	4486.12000	4484.35000	384
1780382906	XAUUSD	M5	4483.89000	4484.67000	4485.66000	4483.64000	417
1780383206	XAUUSD	M5	4484.35000	4483.87000	4485.47000	4483.08000	470
1780383506	XAUUSD	M5	4483.47000	4484.38000	4485.47000	4483.28000	442
1780383806	XAUUSD	M5	4483.59000	4483.44000	4484.33000	4482.89000	489
1780384106	XAUUSD	M5	4480.17000	4483.62000	4483.62000	4479.96000	634
1780384406	XAUUSD	M5	4481.15000	4480.18000	4481.22000	4479.13000	677
1780384706	XAUUSD	M5	4482.97000	4481.21000	4483.84000	4480.19000	430
1780385006	XAUUSD	M5	4483.43000	4482.85000	4484.33000	4482.64000	316
1780385306	XAUUSD	M5	4483.53000	4483.43000	4484.00000	4482.46000	275
1780385606	XAUUSD	M5	4482.96000	4483.53000	4484.33000	4482.95000	233
1780385906	XAUUSD	M5	4482.58000	4482.96000	4483.28000	4482.16000	226
1780386206	XAUUSD	M5	4483.12000	4482.58000	4483.59000	4482.42000	234
1780386506	XAUUSD	M5	4484.64000	4483.16000	4484.69000	4482.15000	215
1780386806	XAUUSD	M5	4484.05000	4484.59000	4484.71000	4483.11000	211
1780387106	XAUUSD	M5	4482.61000	4484.01000	4484.72000	4482.49000	331
1780387406	XAUUSD	M5	4483.92000	4482.60000	4484.04000	4481.27000	289
1780387706	XAUUSD	M5	4483.20000	4483.95000	4484.13000	4482.44000	304
1780388006	XAUUSD	M5	4484.87000	4483.16000	4485.79000	4482.98000	256
1780391906	XAUUSD	M5	4483.02000	4486.95000	4488.29000	4482.61000	457
1780392206	XAUUSD	M5	4482.41000	4483.10000	4483.57000	4481.70000	241
1780392506	XAUUSD	M5	4484.52000	4482.41000	4484.68000	4481.98000	218
1780392806	XAUUSD	M5	4484.15000	4484.40000	4485.09000	4483.77000	209
1780393106	XAUUSD	M5	4482.75000	4484.19000	4484.87000	4481.66000	273
1780393406	XAUUSD	M5	4481.46000	4482.75000	4484.01000	4481.37000	244
1780393706	XAUUSD	M5	4481.24000	4481.46000	4483.33000	4481.24000	179
1780394006	XAUUSD	M5	4482.83000	4481.24000	4482.83000	4479.67000	244
1780394306	XAUUSD	M5	4481.54000	4482.82000	4483.43000	4481.20000	199
1780394606	XAUUSD	M5	4484.15000	4481.67000	4485.77000	4481.57000	188
1780394906	XAUUSD	M5	4483.97000	4484.15000	4484.73000	4483.55000	169
1780395206	XAUUSD	M5	4485.93000	4483.97000	4486.63000	4483.92000	320
1780395506	XAUUSD	M5	4486.37000	4485.76000	4487.84000	4481.76000	376
1780395806	XAUUSD	M5	4485.28000	4486.37000	4486.44000	4484.83000	232
1780396106	XAUUSD	M5	4486.09000	4485.28000	4486.40000	4485.12000	231
1780396406	XAUUSD	M5	4486.57000	4486.09000	4487.98000	4485.96000	234
1780396706	XAUUSD	M5	4487.62000	4486.57000	4487.62000	4485.39000	143
1780397006	XAUUSD	M5	4487.23000	4487.62000	4488.18000	4487.17000	179
1780397306	XAUUSD	M5	4484.81000	4487.23000	4487.44000	4484.64000	295
1780397606	XAUUSD	M5	4484.52000	4484.78000	4485.57000	4480.61000	388
1780397906	XAUUSD	M5	4483.42000	4484.54000	4486.68000	4483.31000	367
1780398206	XAUUSD	M5	4480.11000	4483.42000	4483.42000	4479.41000	422
1780398506	XAUUSD	M5	4484.77000	4481.38000	4484.91000	4481.05000	403
1780398806	XAUUSD	M5	4484.50000	4484.77000	4485.95000	4484.01000	330
1780399106	XAUUSD	M5	4484.56000	4484.67000	4485.17000	4481.43000	593
1780399406	XAUUSD	M5	4478.56000	4484.57000	4485.22000	4476.92000	715
1780399706	XAUUSD	M5	4481.37000	4478.56000	4481.74000	4478.40000	644
1780400006	XAUUSD	M5	4485.31000	4481.39000	4485.68000	4481.19000	650
1780400306	XAUUSD	M5	4489.79000	4485.31000	4489.79000	4484.42000	552
1780400606	XAUUSD	M5	4493.81000	4489.75000	4493.85000	4488.84000	593
1780400906	XAUUSD	M5	4489.19000	4493.81000	4497.24000	4488.95000	597
1780401206	XAUUSD	M5	4489.28000	4489.21000	4491.64000	4488.59000	513
1780401506	XAUUSD	M5	4487.07000	4489.24000	4489.47000	4485.49000	541
1780401806	XAUUSD	M5	4481.45000	4487.07000	4487.71000	4480.80000	525
1780402106	XAUUSD	M5	4481.85000	4481.35000	4483.93000	4481.31000	583
1780402406	XAUUSD	M5	4481.97000	4481.85000	4484.22000	4480.78000	560
1780402706	XAUUSD	M5	4481.84000	4481.34000	4486.77000	4473.84000	884
1780403006	XAUUSD	M5	4479.46000	4481.84000	4485.85000	4479.45000	754
1780403306	XAUUSD	M5	4489.76000	4479.64000	4491.89000	4479.01000	839
1780403606	XAUUSD	M5	4486.18000	4489.84000	4490.13000	4481.74000	863
1780403906	XAUUSD	M5	4483.16000	4486.14000	4488.27000	4481.05000	718
1780404206	XAUUSD	M5	4486.57000	4483.26000	4492.44000	4483.14000	752
1780404506	XAUUSD	M5	4487.29000	4486.54000	4489.50000	4486.37000	675
1780404806	XAUUSD	M5	4482.07000	4487.29000	4489.36000	4481.15000	698
1780405106	XAUUSD	M5	4479.93000	4481.87000	4484.76000	4479.69000	690
1780405406	XAUUSD	M5	4475.58000	4479.91000	4482.25000	4471.92000	750
1780405706	XAUUSD	M5	4473.82000	4475.56000	4476.11000	4463.08000	838
1780406006	XAUUSD	M5	4474.02000	4473.74000	4477.02000	4471.45000	760
1780406306	XAUUSD	M5	4473.35000	4474.02000	4480.93000	4472.58000	743
1780406606	XAUUSD	M5	4474.71000	4473.68000	4475.00000	4472.22000	641
1780406906	XAUUSD	M5	4480.71000	4474.69000	4480.82000	4474.09000	582
1780407206	XAUUSD	M5	4480.96000	4480.64000	4482.02000	4478.69000	509
1780407506	XAUUSD	M5	4484.01000	4481.03000	4484.78000	4481.03000	518
1780407806	XAUUSD	M5	4482.02000	4484.01000	4484.61000	4481.66000	475
1780408106	XAUUSD	M5	4481.28000	4481.96000	4485.77000	4480.02000	646
1780408406	XAUUSD	M5	4478.82000	4481.25000	4483.95000	4478.77000	541
1780408706	XAUUSD	M5	4476.61000	4478.83000	4479.11000	4474.58000	531
1780409006	XAUUSD	M5	4474.78000	4476.61000	4477.87000	4473.77000	519
1780409306	XAUUSD	M5	4478.82000	4474.77000	4479.96000	4474.31000	438
1780409606	XAUUSD	M5	4485.96000	4478.89000	4486.47000	4478.89000	481
1780409906	XAUUSD	M5	4488.07000	4485.96000	4492.70000	4485.82000	657
1780410206	XAUUSD	M5	4486.66000	4488.07000	4489.50000	4485.73000	515
1780410506	XAUUSD	M5	4488.37000	4486.66000	4489.34000	4486.42000	540
1780410806	XAUUSD	M5	4490.03000	4488.26000	4491.27000	4488.12000	469
1780411106	XAUUSD	M5	4490.11000	4489.89000	4490.11000	4485.76000	540
1780411406	XAUUSD	M5	4495.22000	4490.15000	4497.11000	4489.67000	627
1780411706	XAUUSD	M5	4493.68000	4495.21000	4499.35000	4493.11000	603
1780412006	XAUUSD	M5	4494.62000	4493.89000	4498.91000	4493.86000	489
1780412306	XAUUSD	M5	4497.40000	4494.64000	4497.40000	4494.36000	392
1780412606	XAUUSD	M5	4498.19000	4497.13000	4499.26000	4495.41000	379
1780412906	XAUUSD	M5	4497.54000	4498.19000	4498.23000	4497.13000	341
1780413206	XAUUSD	M5	4499.44000	4497.54000	4499.45000	4497.51000	261
1780413506	XAUUSD	M5	4500.34000	4499.44000	4501.58000	4498.02000	440
1780413806	XAUUSD	M5	4502.18000	4500.33000	4503.34000	4500.26000	418
1780414106	XAUUSD	M5	4504.66000	4502.19000	4505.39000	4502.19000	358
1780414406	XAUUSD	M5	4507.76000	4504.64000	4510.13000	4504.10000	450
1780414706	XAUUSD	M5	4505.71000	4507.78000	4508.14000	4505.05000	453
1780415006	XAUUSD	M5	4504.77000	4505.79000	4506.16000	4504.27000	431
1780415306	XAUUSD	M5	4507.79000	4504.73000	4507.89000	4503.64000	455
1780415606	XAUUSD	M5	4509.05000	4507.87000	4509.21000	4507.37000	434
1780415906	XAUUSD	M5	4510.48000	4509.05000	4511.15000	4508.42000	404
1780416206	XAUUSD	M5	4512.66000	4510.48000	4515.81000	4510.02000	364
1780416506	XAUUSD	M5	4512.94000	4512.66000	4514.48000	4512.05000	351
1780416806	XAUUSD	M5	4517.46000	4512.94000	4518.34000	4512.89000	449
1780417106	XAUUSD	M5	4515.87000	4517.46000	4518.21000	4515.85000	403
1780417406	XAUUSD	M5	4516.02000	4515.87000	4517.65000	4515.45000	397
1780417706	XAUUSD	M5	4518.72000	4516.02000	4518.79000	4515.27000	379
1780418006	XAUUSD	M5	4518.63000	4518.73000	4519.54000	4517.17000	434
1780418306	XAUUSD	M5	4518.83000	4519.07000	4520.58000	4517.68000	439
1780418606	XAUUSD	M5	4519.74000	4518.64000	4521.88000	4516.76000	466
1780418906	XAUUSD	M5	4524.86000	4519.68000	4526.61000	4519.68000	833
1780419206	XAUUSD	M5	4523.66000	4524.89000	4528.09000	4523.16000	706
1780419506	XAUUSD	M5	4524.50000	4523.66000	4526.70000	4522.66000	545
1780419806	XAUUSD	M5	4523.48000	4524.50000	4526.27000	4521.90000	470
1780420106	XAUUSD	M5	4519.58000	4523.48000	4523.79000	4518.37000	520
1780420406	XAUUSD	M5	4517.08000	4519.58000	4519.73000	4516.21000	624
1780420706	XAUUSD	M5	4520.52000	4516.96000	4520.82000	4516.96000	688
1780421006	XAUUSD	M5	4520.88000	4520.51000	4524.73000	4520.39000	630
1780421306	XAUUSD	M5	4519.01000	4520.92000	4522.69000	4518.84000	638
1780421606	XAUUSD	M5	4520.32000	4519.05000	4524.24000	4518.05000	686
1780421906	XAUUSD	M5	4529.47000	4520.41000	4530.66000	4520.41000	675
1780422206	XAUUSD	M5	4533.17000	4529.47000	4533.98000	4526.06000	726
1780422506	XAUUSD	M5	4535.55000	4533.19000	4537.18000	4533.15000	700
1780422806	XAUUSD	M5	4534.04000	4535.49000	4538.28000	4533.81000	628
1780423106	XAUUSD	M5	4532.84000	4534.05000	4534.59000	4531.83000	548
1780423406	XAUUSD	M5	4533.70000	4532.82000	4535.66000	4532.52000	516
1780423706	XAUUSD	M5	4532.85000	4533.69000	4534.19000	4531.99000	520
1780424006	XAUUSD	M5	4536.04000	4532.96000	4536.91000	4532.71000	558
1780424306	XAUUSD	M5	4536.05000	4535.81000	4537.93000	4533.38000	668
1780424606	XAUUSD	M5	4537.81000	4536.05000	4538.06000	4534.01000	600
1780424906	XAUUSD	M5	4539.99000	4537.86000	4541.50000	4537.77000	567
1780425206	XAUUSD	M5	4539.36000	4539.99000	4540.70000	4537.58000	524
1780425506	XAUUSD	M5	4536.88000	4539.40000	4539.40000	4536.57000	485
1780425806	XAUUSD	M5	4534.03000	4536.86000	4537.18000	4533.39000	510
1780426106	XAUUSD	M5	4533.68000	4534.06000	4535.35000	4531.94000	507
1780426406	XAUUSD	M5	4532.98000	4533.70000	4534.13000	4531.83000	429
1780426706	XAUUSD	M5	4531.79000	4532.97000	4534.86000	4531.14000	497
1780427006	XAUUSD	M5	4531.72000	4531.91000	4532.31000	4530.11000	472
1780427306	XAUUSD	M5	4530.68000	4531.70000	4532.17000	4527.98000	525
1780427606	XAUUSD	M5	4535.08000	4530.74000	4535.48000	4530.74000	621
1780427906	XAUUSD	M5	4534.26000	4535.03000	4537.14000	4533.13000	668
1780428206	XAUUSD	M5	4535.66000	4534.39000	4539.25000	4533.64000	623
1780428506	XAUUSD	M5	4534.86000	4535.60000	4537.53000	4534.45000	559
1780428806	XAUUSD	M5	4532.60000	4534.83000	4535.47000	4531.54000	549
1780429106	XAUUSD	M5	4534.21000	4532.60000	4534.78000	4529.80000	556
1780429406	XAUUSD	M5	4531.23000	4534.23000	4534.34000	4529.89000	619
1780429706	XAUUSD	M5	4532.02000	4531.18000	4533.41000	4530.77000	566
1780430006	XAUUSD	M5	4530.23000	4532.05000	4532.29000	4529.46000	453
1780430306	XAUUSD	M5	4528.82000	4530.22000	4530.63000	4528.26000	443
1780430606	XAUUSD	M5	4529.56000	4528.78000	4530.09000	4527.65000	456
1780430906	XAUUSD	M5	4527.87000	4529.56000	4529.56000	4527.72000	428
1780431206	XAUUSD	M5	4526.73000	4527.89000	4528.37000	4525.99000	441
1780431506	XAUUSD	M5	4527.29000	4526.82000	4527.85000	4525.31000	531
1780431806	XAUUSD	M5	4529.00000	4527.40000	4530.91000	4527.40000	500
1780432106	XAUUSD	M5	4533.96000	4528.96000	4534.23000	4528.96000	536
1780432406	XAUUSD	M5	4534.61000	4533.93000	4535.68000	4532.80000	531
1780432706	XAUUSD	M5	4529.21000	4534.61000	4534.64000	4528.72000	535
1780433006	XAUUSD	M5	4526.71000	4529.21000	4530.17000	4525.25000	524
1780433306	XAUUSD	M5	4525.65000	4526.70000	4527.29000	4522.07000	716
1780433606	XAUUSD	M5	4524.42000	4525.65000	4526.81000	4523.50000	475
1780433906	XAUUSD	M5	4525.59000	4524.42000	4526.05000	4522.06000	478
1780434206	XAUUSD	M5	4526.33000	4525.47000	4527.18000	4525.06000	474
1780434506	XAUUSD	M5	4530.63000	4526.35000	4531.37000	4525.97000	396
1780434806	XAUUSD	M5	4530.00000	4530.62000	4531.62000	4527.49000	461
1780435106	XAUUSD	M5	4528.38000	4529.87000	4530.87000	4527.69000	498
1780435406	XAUUSD	M5	4529.43000	4528.33000	4530.38000	4528.33000	401
1780435706	XAUUSD	M5	4529.02000	4529.44000	4531.77000	4528.28000	391
1780436006	XAUUSD	M5	4529.09000	4528.95000	4529.65000	4528.12000	421
1780436306	XAUUSD	M5	4525.31000	4529.09000	4529.14000	4524.69000	441
1780436606	XAUUSD	M5	4528.40000	4525.36000	4528.63000	4525.12000	384
1780436906	XAUUSD	M5	4528.00000	4528.40000	4528.72000	4527.04000	380
1780437206	XAUUSD	M5	4526.79000	4528.02000	4528.46000	4525.42000	331
1780437506	XAUUSD	M5	4528.78000	4526.72000	4528.78000	4526.19000	302
1780437806	XAUUSD	M5	4530.66000	4528.76000	4533.02000	4528.76000	463
1780438106	XAUUSD	M5	4532.31000	4530.66000	4532.42000	4529.54000	381
1780438406	XAUUSD	M5	4533.21000	4532.31000	4533.98000	4531.22000	411
1780438706	XAUUSD	M5	4531.18000	4533.23000	4534.66000	4530.85000	482
1780439006	XAUUSD	M5	4529.87000	4531.18000	4531.34000	4529.16000	461
1780439306	XAUUSD	M5	4528.84000	4529.89000	4531.22000	4528.72000	445
1780439606	XAUUSD	M5	4527.94000	4528.84000	4529.74000	4526.63000	440
1780439906	XAUUSD	M5	4528.69000	4527.94000	4529.04000	4527.56000	436
1780440206	XAUUSD	M5	4529.61000	4528.69000	4529.69000	4527.33000	401
1780440506	XAUUSD	M5	4529.97000	4529.67000	4530.78000	4528.90000	444
1780440806	XAUUSD	M5	4527.51000	4529.94000	4530.16000	4526.27000	418
1780441106	XAUUSD	M5	4526.92000	4527.37000	4528.60000	4526.81000	365
1780441406	XAUUSD	M5	4529.16000	4526.92000	4529.67000	4525.75000	390
1780441706	XAUUSD	M5	4528.59000	4529.06000	4529.44000	4528.46000	370
1780442006	XAUUSD	M5	4527.54000	4528.61000	4530.53000	4525.62000	475
1780442306	XAUUSD	M5	4527.77000	4527.54000	4528.66000	4526.09000	461
1780442606	XAUUSD	M5	4527.38000	4527.80000	4528.25000	4524.96000	474
1780442906	XAUUSD	M5	4526.39000	4527.37000	4527.89000	4526.02000	430
1780443206	XAUUSD	M5	4526.83000	4526.37000	4527.86000	4524.05000	501
1780443506	XAUUSD	M5	4531.02000	4526.84000	4532.24000	4526.60000	655
1780443806	XAUUSD	M5	4529.35000	4531.32000	4534.14000	4527.90000	602
1780444106	XAUUSD	M5	4528.14000	4529.35000	4529.44000	4521.79000	661
1780444406	XAUUSD	M5	4524.85000	4527.53000	4533.59000	4523.21000	725
1780444706	XAUUSD	M5	4524.94000	4524.84000	4527.25000	4523.85000	598
1780445006	XAUUSD	M5	4520.36000	4525.19000	4525.97000	4520.04000	580
1780445306	XAUUSD	M5	4514.99000	4520.35000	4521.31000	4514.24000	676
1780445606	XAUUSD	M5	4514.15000	4514.99000	4517.46000	4513.46000	619
1780445906	XAUUSD	M5	4520.30000	4514.68000	4520.73000	4513.33000	757
1780446206	XAUUSD	M5	4516.53000	4520.24000	4524.84000	4513.38000	789
1780446506	XAUUSD	M5	4514.00000	4516.42000	4518.25000	4511.91000	782
1780446806	XAUUSD	M5	4512.77000	4514.02000	4517.30000	4512.63000	732
1780447106	XAUUSD	M5	4513.13000	4512.79000	4514.68000	4510.34000	730
1780447406	XAUUSD	M5	4510.63000	4513.12000	4515.62000	4509.95000	701
1780447706	XAUUSD	M5	4508.20000	4510.60000	4510.98000	4506.92000	887
1780448006	XAUUSD	M5	4510.83000	4508.16000	4511.98000	4506.30000	872
1780448306	XAUUSD	M5	4508.45000	4510.98000	4514.39000	4507.71000	862
1780448606	XAUUSD	M5	4509.75000	4508.39000	4511.05000	4506.69000	802
1780448906	XAUUSD	M5	4504.95000	4509.72000	4513.68000	4504.69000	816
1780449206	XAUUSD	M5	4502.66000	4504.63000	4506.07000	4502.66000	777
1780449506	XAUUSD	M5	4502.34000	4502.70000	4505.86000	4498.05000	868
1780449806	XAUUSD	M5	4502.91000	4502.44000	4505.01000	4500.66000	805
1780450106	XAUUSD	M5	4504.29000	4502.91000	4507.02000	4502.78000	796
1780450406	XAUUSD	M5	4495.96000	4504.29000	4505.13000	4492.61000	887
1780450706	XAUUSD	M5	4493.20000	4496.05000	4498.21000	4490.40000	881
1780451006	XAUUSD	M5	4495.44000	4493.11000	4497.18000	4492.10000	831
1780451306	XAUUSD	M5	4499.49000	4495.58000	4499.77000	4495.58000	779
1780451606	XAUUSD	M5	4502.34000	4499.38000	4504.39000	4499.24000	738
1780451906	XAUUSD	M5	4504.56000	4502.44000	4505.04000	4501.07000	700
1780452206	XAUUSD	M5	4503.83000	4504.33000	4506.36000	4503.07000	732
1780452506	XAUUSD	M5	4504.17000	4503.81000	4504.31000	4500.83000	649
1780452806	XAUUSD	M5	4504.12000	4504.14000	4505.48000	4501.25000	715
1780453106	XAUUSD	M5	4502.75000	4504.07000	4506.78000	4502.70000	716
1780453406	XAUUSD	M5	4506.75000	4502.96000	4508.15000	4501.61000	727
1780453706	XAUUSD	M5	4503.46000	4506.77000	4507.56000	4502.52000	663
1780454006	XAUUSD	M5	4504.37000	4503.45000	4505.20000	4503.26000	596
1780454306	XAUUSD	M5	4503.51000	4504.50000	4506.17000	4502.19000	654
1780454606	XAUUSD	M5	4505.39000	4503.77000	4505.90000	4501.57000	675
1780454906	XAUUSD	M5	4506.30000	4505.50000	4506.85000	4502.95000	715
1780455206	XAUUSD	M5	4504.50000	4506.25000	4508.54000	4504.50000	693
1780455506	XAUUSD	M5	4502.49000	4504.52000	4504.70000	4500.18000	664
1780455806	XAUUSD	M5	4505.30000	4502.43000	4507.06000	4501.83000	657
1780456106	XAUUSD	M5	4503.84000	4505.69000	4505.80000	4502.50000	548
1780456406	XAUUSD	M5	4502.11000	4503.90000	4503.90000	4501.33000	601
1780456706	XAUUSD	M5	4500.82000	4502.23000	4502.84000	4499.82000	622
1780457006	XAUUSD	M5	4502.10000	4500.75000	4502.83000	4498.21000	682
1780457306	XAUUSD	M5	4498.19000	4501.93000	4502.09000	4498.14000	600
1780457606	XAUUSD	M5	4494.83000	4498.22000	4498.40000	4494.32000	622
1780457906	XAUUSD	M5	4494.66000	4494.83000	4496.11000	4492.63000	655
1780458206	XAUUSD	M5	4490.57000	4494.83000	4494.96000	4490.36000	667
1780458506	XAUUSD	M5	4489.69000	4490.38000	4491.44000	4489.23000	669
1780458806	XAUUSD	M5	4487.69000	4489.68000	4490.06000	4486.34000	619
1780459106	XAUUSD	M5	4489.81000	4487.71000	4491.03000	4486.57000	589
1780459406	XAUUSD	M5	4490.93000	4489.80000	4491.85000	4489.19000	576
1780459706	XAUUSD	M5	4489.49000	4490.91000	4491.68000	4489.33000	534
1780460006	XAUUSD	M5	4491.97000	4489.47000	4491.97000	4489.40000	500
1780460306	XAUUSD	M5	4490.45000	4491.92000	4493.08000	4489.71000	609
1780460606	XAUUSD	M5	4487.06000	4490.45000	4491.99000	4487.02000	632
1780460906	XAUUSD	M5	4489.63000	4487.05000	4489.98000	4486.76000	601
1780461206	XAUUSD	M5	4487.21000	4489.63000	4490.14000	4486.83000	599
1780461506	XAUUSD	M5	4488.20000	4487.25000	4488.66000	4486.48000	586
1780461806	XAUUSD	M5	4491.17000	4488.24000	4491.66000	4487.45000	647
1780462106	XAUUSD	M5	4488.53000	4491.10000	4491.70000	4488.53000	598
1780462406	XAUUSD	M5	4482.92000	4488.53000	4488.75000	4482.13000	667
1780462706	XAUUSD	M5	4484.56000	4482.87000	4485.42000	4482.75000	536
1780463006	XAUUSD	M5	4485.95000	4484.56000	4486.24000	4484.29000	456
1780463306	XAUUSD	M5	4483.81000	4485.95000	4486.55000	4483.52000	533
1780463606	XAUUSD	M5	4484.61000	4483.81000	4484.93000	4482.70000	454
1780463906	XAUUSD	M5	4486.52000	4485.10000	4488.66000	4484.34000	544
1780464206	XAUUSD	M5	4487.56000	4486.50000	4487.71000	4485.37000	473
1780464506	XAUUSD	M5	4485.19000	4487.56000	4488.10000	4485.02000	437
1780464806	XAUUSD	M5	4484.93000	4485.15000	4486.20000	4484.09000	496
1780465106	XAUUSD	M5	4487.61000	4484.96000	4487.71000	4484.50000	497
1780465406	XAUUSD	M5	4488.45000	4487.60000	4490.95000	4487.40000	566
1780465706	XAUUSD	M5	4488.20000	4488.49000	4489.34000	4486.87000	506
1780466006	XAUUSD	M5	4485.41000	4488.20000	4488.21000	4484.72000	454
1780466306	XAUUSD	M5	4480.54000	4485.30000	4485.55000	4478.74000	568
1780466606	XAUUSD	M5	4486.63000	4480.57000	4486.63000	4480.28000	440
1780466906	XAUUSD	M5	4487.59000	4486.65000	4490.45000	4485.99000	495
1780467206	XAUUSD	M5	4487.36000	4487.50000	4488.67000	4487.06000	391
1780467506	XAUUSD	M5	4488.74000	4487.36000	4489.13000	4487.36000	404
1780467806	XAUUSD	M5	4488.51000	4488.72000	4489.08000	4488.09000	399
1780468106	XAUUSD	M5	4487.26000	4488.51000	4488.85000	4487.18000	368
1780468406	XAUUSD	M5	4486.72000	4487.29000	4487.76000	4486.49000	395
1780468706	XAUUSD	M5	4486.28000	4486.72000	4487.05000	4485.66000	316
1780469006	XAUUSD	M5	4489.56000	4486.28000	4489.59000	4486.17000	383
1780469306	XAUUSD	M5	4486.46000	4489.56000	4490.29000	4485.94000	374
1780469606	XAUUSD	M5	4484.45000	4486.45000	4486.63000	4483.44000	439
1780469906	XAUUSD	M5	4487.34000	4484.44000	4487.47000	4483.91000	392
1780470206	XAUUSD	M5	4487.00000	4487.35000	4488.03000	4485.64000	448
1780470506	XAUUSD	M5	4486.28000	4486.77000	4487.50000	4485.95000	444
1780470806	XAUUSD	M5	4488.00000	4486.27000	4488.63000	4486.27000	547
1780471106	XAUUSD	M5	4487.44000	4488.15000	4488.15000	4486.31000	271
1780471406	XAUUSD	M5	4488.07000	4487.44000	4488.55000	4487.27000	251
1780471706	XAUUSD	M5	4489.87000	4488.10000	4489.96000	4487.97000	234
1780472006	XAUUSD	M5	4490.42000	4489.90000	4490.93000	4489.58000	216
1780472306	XAUUSD	M5	4489.45000	4490.42000	4490.44000	4489.15000	210
1780472606	XAUUSD	M5	4489.82000	4489.54000	4490.03000	4488.82000	164
1780472906	XAUUSD	M5	4489.64000	4489.80000	4491.03000	4489.20000	214
1780473206	XAUUSD	M5	4489.63000	4489.64000	4490.48000	4489.21000	192
1780473506	XAUUSD	M5	4488.99000	4489.43000	4490.30000	4488.86000	185
1780473806	XAUUSD	M5	4488.79000	4488.99000	4489.95000	4488.63000	220
1780474106	XAUUSD	M5	4487.64000	4488.79000	4488.80000	4487.64000	240
1780474406	XAUUSD	M5	4487.91000	4487.68000	4488.71000	4486.90000	243
1780478306	XAUUSD	M5	4490.22000	4491.23000	4493.05000	4489.53000	297
1780478606	XAUUSD	M5	4492.07000	4490.13000	4493.14000	4488.03000	269
1780478906	XAUUSD	M5	4489.57000	4492.07000	4492.27000	4489.57000	273
1780479206	XAUUSD	M5	4489.23000	4489.52000	4490.91000	4488.45000	248
1780479506	XAUUSD	M5	4488.85000	4489.26000	4491.61000	4488.42000	340
1780479806	XAUUSD	M5	4490.42000	4488.85000	4490.44000	4487.82000	327
1780480106	XAUUSD	M5	4488.46000	4490.23000	4491.49000	4488.46000	329
1780480406	XAUUSD	M5	4488.78000	4488.48000	4489.31000	4487.44000	297
1780480706	XAUUSD	M5	4489.09000	4488.68000	4489.94000	4488.04000	249
1780481006	XAUUSD	M5	4488.83000	4489.09000	4492.38000	4484.12000	437
1780481306	XAUUSD	M5	4486.93000	4488.91000	4490.22000	4486.78000	461
1780481606	XAUUSD	M5	4484.91000	4486.93000	4488.19000	4484.90000	460
1780481906	XAUUSD	M5	4484.96000	4484.93000	4488.93000	4482.56000	480
1780482206	XAUUSD	M5	4482.26000	4484.96000	4486.85000	4480.79000	506
1780482506	XAUUSD	M5	4477.26000	4482.30000	4483.26000	4474.54000	614
1780482806	XAUUSD	M5	4470.28000	4477.42000	4477.42000	4469.33000	627
1780483106	XAUUSD	M5	4467.86000	4470.28000	4472.13000	4466.80000	726
1780483406	XAUUSD	M5	4467.65000	4467.82000	4471.26000	4462.26000	731
1780483706	XAUUSD	M5	4466.43000	4467.59000	4469.00000	4462.63000	647
1780484006	XAUUSD	M5	4465.83000	4466.42000	4468.16000	4463.69000	683
1780484306	XAUUSD	M5	4474.94000	4465.48000	4475.03000	4464.24000	657
1780484606	XAUUSD	M5	4472.00000	4474.98000	4475.26000	4469.03000	590
1780484906	XAUUSD	M5	4473.92000	4471.58000	4474.51000	4470.95000	516
1780485206	XAUUSD	M5	4474.44000	4473.45000	4474.48000	4471.47000	489
1780485506	XAUUSD	M5	4478.76000	4474.44000	4479.42000	4473.85000	646
1780485806	XAUUSD	M5	4476.64000	4478.66000	4479.75000	4475.40000	536
1780486106	XAUUSD	M5	4476.00000	4476.63000	4476.83000	4474.25000	509
1780486406	XAUUSD	M5	4477.55000	4476.00000	4479.24000	4474.41000	463
1780486706	XAUUSD	M5	4478.96000	4477.55000	4482.56000	4477.30000	419
1780487006	XAUUSD	M5	4483.14000	4478.96000	4483.31000	4478.84000	359
1780487306	XAUUSD	M5	4485.33000	4483.11000	4485.33000	4481.35000	381
1780487606	XAUUSD	M5	4491.83000	4485.33000	4492.10000	4484.80000	453
1780487906	XAUUSD	M5	4495.76000	4491.78000	4496.54000	4491.36000	592
1780488206	XAUUSD	M5	4491.04000	4495.78000	4495.92000	4489.25000	443
1780488506	XAUUSD	M5	4489.01000	4491.04000	4492.28000	4488.65000	422
1780488806	XAUUSD	M5	4486.03000	4489.02000	4489.04000	4485.88000	417
1780489106	XAUUSD	M5	4473.70000	4486.03000	4487.36000	4473.33000	897
1780489406	XAUUSD	M5	4474.37000	4473.75000	4475.60000	4467.33000	864
1780489706	XAUUSD	M5	4471.28000	4474.31000	4477.29000	4468.90000	719
1780490006	XAUUSD	M5	4469.53000	4471.33000	4472.69000	4468.42000	677
1780490306	XAUUSD	M5	4466.38000	4469.53000	4471.42000	4465.99000	666
1780490606	XAUUSD	M5	4467.11000	4466.08000	4468.07000	4463.61000	710
1780490906	XAUUSD	M5	4471.32000	4467.11000	4473.01000	4466.88000	668
1780491206	XAUUSD	M5	4466.53000	4471.28000	4472.77000	4466.51000	645
1780491506	XAUUSD	M5	4470.54000	4466.45000	4471.52000	4464.99000	611
1780491806	XAUUSD	M5	4475.77000	4470.49000	4475.82000	4470.17000	573
1780492106	XAUUSD	M5	4474.04000	4475.74000	4477.26000	4473.84000	513
1780492406	XAUUSD	M5	4475.83000	4474.04000	4476.95000	4472.42000	584
1780492706	XAUUSD	M5	4473.86000	4476.13000	4476.31000	4472.81000	564
1780493006	XAUUSD	M5	4478.73000	4473.86000	4479.16000	4473.42000	506
1780493306	XAUUSD	M5	4480.58000	4478.76000	4481.39000	4475.54000	597
1780493606	XAUUSD	M5	4476.27000	4480.59000	4480.89000	4474.16000	460
1780493906	XAUUSD	M5	4478.27000	4476.27000	4478.61000	4475.13000	407
1780494206	XAUUSD	M5	4478.77000	4477.95000	4480.86000	4477.95000	418
1780494506	XAUUSD	M5	4478.98000	4478.77000	4479.91000	4474.80000	496
1780494806	XAUUSD	M5	4481.06000	4479.02000	4482.23000	4478.19000	473
1780495106	XAUUSD	M5	4479.05000	4481.06000	4485.05000	4478.98000	552
1780495406	XAUUSD	M5	4475.65000	4478.82000	4479.17000	4473.00000	630
1780495706	XAUUSD	M5	4479.64000	4475.72000	4480.21000	4474.12000	520
1780496006	XAUUSD	M5	4481.91000	4479.56000	4481.95000	4477.07000	538
1780496306	XAUUSD	M5	4485.94000	4481.91000	4487.27000	4481.84000	493
1780496606	XAUUSD	M5	4485.33000	4485.93000	4487.49000	4484.62000	472
1780496906	XAUUSD	M5	4485.40000	4485.33000	4486.02000	4483.76000	459
1780497206	XAUUSD	M5	4485.29000	4485.46000	4486.46000	4483.43000	438
1780497506	XAUUSD	M5	4485.47000	4485.29000	4487.18000	4485.05000	416
1780497806	XAUUSD	M5	4483.44000	4485.47000	4485.71000	4483.13000	418
1780498106	XAUUSD	M5	4484.07000	4483.42000	4485.58000	4483.14000	380
1780498406	XAUUSD	M5	4484.83000	4484.07000	4486.01000	4483.52000	304
1780498706	XAUUSD	M5	4484.38000	4484.78000	4485.22000	4483.68000	241
1780499006	XAUUSD	M5	4482.99000	4484.38000	4484.63000	4482.56000	267
1780499306	XAUUSD	M5	4483.82000	4482.99000	4486.17000	4482.76000	267
1780499606	XAUUSD	M5	4484.43000	4483.82000	4484.70000	4483.34000	251
1780499906	XAUUSD	M5	4485.94000	4484.43000	4486.50000	4484.10000	301
1780500206	XAUUSD	M5	4486.23000	4485.91000	4487.08000	4484.98000	270
1780500506	XAUUSD	M5	4486.78000	4486.23000	4486.80000	4484.48000	317
1780500806	XAUUSD	M5	4481.39000	4486.78000	4488.00000	4481.30000	392
1780501106	XAUUSD	M5	4480.70000	4481.47000	4481.88000	4480.26000	236
1780501406	XAUUSD	M5	4477.11000	4480.70000	4480.78000	4477.11000	287
1780501706	XAUUSD	M5	4474.76000	4476.86000	4477.33000	4473.75000	356
1780502006	XAUUSD	M5	4471.57000	4474.76000	4475.45000	4470.84000	382
1780502306	XAUUSD	M5	4473.47000	4471.61000	4473.81000	4471.41000	275
1780502606	XAUUSD	M5	4471.43000	4473.47000	4474.08000	4470.32000	319
1780502906	XAUUSD	M5	4470.19000	4471.47000	4471.47000	4469.89000	220
1780503206	XAUUSD	M5	4469.56000	4470.19000	4470.67000	4468.38000	324
1780503506	XAUUSD	M5	4470.84000	4469.53000	4471.61000	4467.88000	520
1780503806	XAUUSD	M5	4470.62000	4470.84000	4471.87000	4467.38000	456
1780504106	XAUUSD	M5	4473.50000	4470.63000	4473.62000	4470.02000	430
1780504406	XAUUSD	M5	4472.34000	4473.34000	4474.18000	4472.08000	304
1780504706	XAUUSD	M5	4468.64000	4472.34000	4473.13000	4468.63000	413
1780505006	XAUUSD	M5	4468.49000	4468.62000	4469.69000	4466.52000	454
1780505306	XAUUSD	M5	4465.02000	4468.50000	4468.77000	4459.08000	789
1780505606	XAUUSD	M5	4466.91000	4465.03000	4468.83000	4463.15000	634
1780505906	XAUUSD	M5	4462.01000	4466.83000	4466.87000	4460.07000	567
1780506206	XAUUSD	M5	4466.04000	4462.01000	4466.81000	4461.16000	564
1780506506	XAUUSD	M5	4463.32000	4466.00000	4468.24000	4462.46000	598
1780506806	XAUUSD	M5	4456.99000	4463.24000	4464.04000	4456.69000	620
1780507106	XAUUSD	M5	4466.98000	4457.03000	4467.33000	4456.85000	788
1780507406	XAUUSD	M5	4465.20000	4466.99000	4467.00000	4462.16000	685
1780507706	XAUUSD	M5	4466.13000	4465.11000	4466.32000	4462.82000	709
1780508006	XAUUSD	M5	4468.28000	4466.15000	4470.89000	4465.61000	672
1780508306	XAUUSD	M5	4460.26000	4468.26000	4470.32000	4459.23000	654
1780508606	XAUUSD	M5	4462.53000	4460.28000	4463.13000	4458.96000	699
1780508906	XAUUSD	M5	4459.48000	4462.48000	4465.05000	4457.19000	752
1780509206	XAUUSD	M5	4462.94000	4459.41000	4463.87000	4459.01000	691
1780509506	XAUUSD	M5	4460.57000	4462.94000	4463.55000	4458.21000	636
1780509806	XAUUSD	M5	4459.13000	4460.52000	4460.52000	4455.31000	660
1780510106	XAUUSD	M5	4458.39000	4459.10000	4460.44000	4457.70000	585
1780510406	XAUUSD	M5	4463.05000	4458.43000	4463.05000	4458.42000	556
1780510706	XAUUSD	M5	4465.23000	4463.01000	4466.89000	4459.92000	729
1780511006	XAUUSD	M5	4468.98000	4465.21000	4469.28000	4464.24000	588
1780511306	XAUUSD	M5	4469.58000	4468.81000	4472.13000	4468.34000	686
1780511606	XAUUSD	M5	4463.59000	4469.68000	4469.93000	4462.64000	605
1780511906	XAUUSD	M5	4463.45000	4463.71000	4464.88000	4461.98000	520
1780512206	XAUUSD	M5	4456.18000	4463.45000	4464.65000	4456.18000	599
1780512506	XAUUSD	M5	4461.50000	4456.19000	4461.88000	4454.40000	667
1780512806	XAUUSD	M5	4458.39000	4461.51000	4463.24000	4458.08000	702
1780513106	XAUUSD	M5	4458.77000	4458.39000	4461.31000	4454.67000	583
1780513406	XAUUSD	M5	4458.91000	4459.07000	4460.05000	4455.76000	499
1780513706	XAUUSD	M5	4459.71000	4458.90000	4463.96000	4458.84000	561
1780514006	XAUUSD	M5	4453.30000	4459.71000	4459.79000	4452.86000	579
1780514306	XAUUSD	M5	4457.67000	4453.40000	4459.07000	4450.99000	708
1780514606	XAUUSD	M5	4455.19000	4457.67000	4458.16000	4453.38000	601
1780514906	XAUUSD	M5	4455.31000	4455.16000	4457.82000	4454.32000	549
1780515206	XAUUSD	M5	4454.03000	4455.33000	4456.99000	4452.42000	597
1780515506	XAUUSD	M5	4451.51000	4454.03000	4455.43000	4450.76000	602
1780515806	XAUUSD	M5	4457.27000	4451.51000	4457.67000	4450.80000	659
1780516106	XAUUSD	M5	4456.67000	4457.49000	4458.57000	4455.01000	635
1780516406	XAUUSD	M5	4455.65000	4456.67000	4457.49000	4454.56000	515
1780516706	XAUUSD	M5	4456.48000	4455.63000	4458.88000	4455.48000	517
1780517006	XAUUSD	M5	4454.30000	4456.46000	4457.78000	4454.14000	543
1780517306	XAUUSD	M5	4444.86000	4454.23000	4455.00000	4442.84000	634
1780517606	XAUUSD	M5	4444.00000	4444.88000	4445.77000	4440.19000	696
1780517906	XAUUSD	M5	4451.17000	4444.01000	4452.06000	4441.81000	686
1780518206	XAUUSD	M5	4456.92000	4451.17000	4459.03000	4451.17000	606
1780518506	XAUUSD	M5	4451.34000	4456.89000	4456.94000	4451.34000	539
1780518806	XAUUSD	M5	4450.16000	4451.16000	4451.77000	4446.90000	616
1780519106	XAUUSD	M5	4447.84000	4450.11000	4451.98000	4447.12000	600
1780519406	XAUUSD	M5	4439.55000	4447.73000	4449.09000	4439.42000	644
1780519706	XAUUSD	M5	4441.97000	4439.93000	4444.44000	4439.72000	679
1780520006	XAUUSD	M5	4446.94000	4441.95000	4447.17000	4439.04000	548
1780520306	XAUUSD	M5	4446.76000	4446.94000	4448.44000	4444.35000	612
1780520606	XAUUSD	M5	4447.02000	4446.56000	4447.59000	4444.33000	525
1780520906	XAUUSD	M5	4443.47000	4447.05000	4447.98000	4443.47000	505
1780521206	XAUUSD	M5	4443.12000	4443.44000	4444.33000	4441.02000	548
1780521506	XAUUSD	M5	4447.95000	4443.12000	4447.95000	4440.92000	646
1780521806	XAUUSD	M5	4461.69000	4447.96000	4466.93000	4447.15000	925
1780522106	XAUUSD	M5	4463.00000	4461.67000	4464.48000	4459.37000	831
1780522406	XAUUSD	M5	4462.56000	4463.00000	4463.78000	4460.53000	720
1780522706	XAUUSD	M5	4456.93000	4462.58000	4464.27000	4456.22000	742
1780523006	XAUUSD	M5	4459.82000	4457.06000	4460.69000	4453.67000	696
1780523306	XAUUSD	M5	4460.12000	4460.02000	4462.52000	4458.72000	600
1780523606	XAUUSD	M5	4458.99000	4460.12000	4460.49000	4458.25000	460
1780523906	XAUUSD	M5	4454.19000	4459.03000	4459.21000	4453.38000	489
1780524206	XAUUSD	M5	4455.90000	4454.22000	4456.66000	4453.78000	482
1780524506	XAUUSD	M5	4459.23000	4456.02000	4459.47000	4456.02000	511
1780524806	XAUUSD	M5	4459.01000	4459.23000	4461.07000	4458.40000	428
1780525106	XAUUSD	M5	4464.48000	4459.22000	4464.61000	4459.14000	579
1780525406	XAUUSD	M5	4463.29000	4464.38000	4468.06000	4462.50000	643
1780525706	XAUUSD	M5	4462.07000	4463.27000	4464.22000	4461.02000	636
1780526006	XAUUSD	M5	4460.99000	4462.08000	4462.64000	4459.18000	493
1780526306	XAUUSD	M5	4462.74000	4461.06000	4465.69000	4461.06000	595
1780526606	XAUUSD	M5	4464.58000	4462.82000	4464.77000	4461.96000	520
1780526906	XAUUSD	M5	4465.99000	4464.60000	4467.09000	4463.80000	554
1780527206	XAUUSD	M5	4463.39000	4465.77000	4466.24000	4463.08000	487
1780527506	XAUUSD	M5	4460.28000	4463.39000	4464.67000	4459.49000	498
1780527806	XAUUSD	M5	4462.18000	4460.32000	4463.39000	4458.55000	585
1780528106	XAUUSD	M5	4462.52000	4462.18000	4464.84000	4461.72000	458
1780528406	XAUUSD	M5	4462.40000	4462.52000	4463.39000	4461.37000	501
1780528706	XAUUSD	M5	4463.76000	4462.41000	4464.50000	4459.79000	598
1780529006	XAUUSD	M5	4458.35000	4463.78000	4464.39000	4457.27000	615
1780529306	XAUUSD	M5	4458.90000	4458.76000	4461.33000	4458.27000	473
1780529606	XAUUSD	M5	4456.25000	4458.92000	4459.01000	4455.81000	636
1780529906	XAUUSD	M5	4457.98000	4456.34000	4462.30000	4456.07000	691
1780530206	XAUUSD	M5	4452.80000	4457.97000	4458.03000	4452.01000	731
1780530506	XAUUSD	M5	4451.50000	4453.29000	4456.91000	4451.02000	733
1780530806	XAUUSD	M5	4449.46000	4451.53000	4453.93000	4448.27000	729
1780531106	XAUUSD	M5	4459.18000	4449.58000	4460.58000	4449.58000	743
1780531406	XAUUSD	M5	4461.29000	4459.00000	4461.65000	4456.83000	703
1780531706	XAUUSD	M5	4460.61000	4461.31000	4467.19000	4460.61000	734
1780532006	XAUUSD	M5	4460.45000	4460.59000	4462.44000	4455.42000	720
1780532306	XAUUSD	M5	4463.32000	4460.33000	4465.46000	4458.04000	855
1780532606	XAUUSD	M5	4462.82000	4463.20000	4465.28000	4462.19000	744
1780532906	XAUUSD	M5	4462.34000	4462.54000	4465.95000	4461.92000	690
1780533206	XAUUSD	M5	4457.41000	4462.34000	4463.35000	4455.47000	729
1780533506	XAUUSD	M5	4450.23000	4457.42000	4457.89000	4447.21000	798
1780533806	XAUUSD	M5	4448.59000	4450.10000	4450.70000	4445.85000	772
1780534106	XAUUSD	M5	4448.37000	4449.21000	4453.18000	4446.37000	890
1780534406	XAUUSD	M5	4448.69000	4448.33000	4451.53000	4446.28000	880
1780534706	XAUUSD	M5	4427.39000	4448.68000	4450.02000	4427.27000	889
1780535006	XAUUSD	M5	4437.22000	4427.09000	4438.21000	4426.50000	946
1780535306	XAUUSD	M5	4444.55000	4437.12000	4446.78000	4435.45000	913
1780535606	XAUUSD	M5	4445.91000	4444.49000	4450.13000	4441.72000	837
1780535906	XAUUSD	M5	4445.97000	4446.58000	4451.63000	4442.49000	887
1780536206	XAUUSD	M5	4450.40000	4446.28000	4452.20000	4445.02000	915
1780536506	XAUUSD	M5	4454.49000	4450.50000	4456.70000	4450.50000	882
1780536806	XAUUSD	M5	4448.98000	4454.52000	4458.52000	4446.08000	896
1780537106	XAUUSD	M5	4449.68000	4449.13000	4451.57000	4446.64000	893
1780537406	XAUUSD	M5	4451.99000	4449.62000	4452.23000	4446.61000	823
1780537706	XAUUSD	M5	4449.22000	4452.06000	4453.28000	4447.61000	819
1780538006	XAUUSD	M5	4451.69000	4449.22000	4453.57000	4449.06000	811
1780538306	XAUUSD	M5	4448.28000	4451.86000	4452.36000	4447.17000	816
1780538606	XAUUSD	M5	4454.11000	4448.11000	4455.06000	4448.01000	747
1780538906	XAUUSD	M5	4458.90000	4453.88000	4459.61000	4450.93000	839
1780539206	XAUUSD	M5	4457.14000	4458.79000	4458.99000	4455.59000	772
1780539506	XAUUSD	M5	4452.95000	4457.30000	4458.33000	4452.73000	747
1780539806	XAUUSD	M5	4449.35000	4452.92000	4453.12000	4448.09000	824
1780540106	XAUUSD	M5	4445.94000	4449.26000	4452.08000	4444.99000	798
1780540406	XAUUSD	M5	4445.71000	4445.92000	4450.83000	4445.15000	860
1780540706	XAUUSD	M5	4443.10000	4445.73000	4446.40000	4439.53000	874
1780541006	XAUUSD	M5	4444.75000	4443.17000	4444.86000	4440.03000	823
1780541306	XAUUSD	M5	4441.05000	4444.90000	4445.47000	4440.55000	791
1780541606	XAUUSD	M5	4439.08000	4441.07000	4442.76000	4436.72000	756
1780541906	XAUUSD	M5	4440.10000	4439.14000	4442.31000	4438.76000	723
1780542206	XAUUSD	M5	4441.77000	4440.09000	4442.30000	4438.04000	686
1780542506	XAUUSD	M5	4441.23000	4441.50000	4443.76000	4440.04000	684
1780542806	XAUUSD	M5	4442.27000	4441.25000	4442.86000	4440.66000	660
1780543106	XAUUSD	M5	4442.79000	4442.48000	4443.11000	4439.75000	692
1780543406	XAUUSD	M5	4439.44000	4442.85000	4443.89000	4437.20000	781
1780543706	XAUUSD	M5	4439.23000	4439.43000	4440.63000	4437.31000	704
1780544006	XAUUSD	M5	4438.66000	4439.17000	4441.33000	4436.66000	723
1780544306	XAUUSD	M5	4436.23000	4438.66000	4439.63000	4434.09000	750
1780544606	XAUUSD	M5	4437.65000	4436.19000	4437.83000	4433.81000	769
1780544906	XAUUSD	M5	4440.19000	4437.64000	4440.60000	4437.24000	704
1780545206	XAUUSD	M5	4436.25000	4440.27000	4440.40000	4436.17000	636
1780545506	XAUUSD	M5	4438.99000	4436.02000	4439.06000	4435.40000	682
1780545806	XAUUSD	M5	4437.94000	4438.99000	4440.40000	4437.56000	672
1780546106	XAUUSD	M5	4438.05000	4437.96000	4439.60000	4437.12000	610
1780546406	XAUUSD	M5	4441.90000	4438.03000	4442.76000	4437.38000	633
1780546706	XAUUSD	M5	4444.63000	4441.89000	4444.93000	4441.76000	690
1780547006	XAUUSD	M5	4447.06000	4444.37000	4448.42000	4443.28000	657
1780547306	XAUUSD	M5	4441.87000	4447.04000	4447.25000	4441.58000	646
1780547606	XAUUSD	M5	4442.48000	4441.92000	4443.48000	4441.42000	633
1780547906	XAUUSD	M5	4442.06000	4442.46000	4442.69000	4440.17000	625
1780548206	XAUUSD	M5	4439.03000	4442.08000	4442.89000	4437.89000	628
1780548506	XAUUSD	M5	4440.01000	4437.72000	4440.64000	4435.58000	680
1780548806	XAUUSD	M5	4440.21000	4439.99000	4440.38000	4437.97000	573
1780549106	XAUUSD	M5	4440.54000	4440.21000	4442.24000	4439.43000	549
1780549406	XAUUSD	M5	4438.23000	4440.59000	4440.83000	4437.75000	592
1780549706	XAUUSD	M5	4437.96000	4438.23000	4439.63000	4436.90000	564
1780550006	XAUUSD	M5	4439.00000	4437.98000	4439.36000	4437.73000	462
1780550306	XAUUSD	M5	4439.46000	4439.00000	4440.53000	4438.10000	487
1780550606	XAUUSD	M5	4437.43000	4439.47000	4439.47000	4436.39000	584
1780550906	XAUUSD	M5	4436.88000	4437.49000	4438.58000	4435.50000	555
1780551206	XAUUSD	M5	4438.04000	4436.89000	4438.04000	4435.53000	559
1780551506	XAUUSD	M5	4438.93000	4438.16000	4439.16000	4435.53000	533
1780551806	XAUUSD	M5	4440.19000	4438.93000	4440.60000	4438.44000	547
1780552106	XAUUSD	M5	4438.78000	4440.28000	4442.55000	4438.78000	534
1780552406	XAUUSD	M5	4438.54000	4438.76000	4439.30000	4436.88000	550
1780552706	XAUUSD	M5	4440.00000	4438.55000	4440.30000	4437.40000	504
1780553006	XAUUSD	M5	4439.95000	4439.92000	4441.83000	4439.67000	502
1780553306	XAUUSD	M5	4440.30000	4439.93000	4440.90000	4439.78000	454
1780553606	XAUUSD	M5	4442.05000	4440.29000	4442.86000	4439.75000	459
1780553906	XAUUSD	M5	4449.17000	4442.05000	4449.37000	4441.45000	601
1780554206	XAUUSD	M5	4447.81000	4449.19000	4449.83000	4447.27000	491
1780554506	XAUUSD	M5	4449.77000	4447.81000	4449.98000	4446.91000	602
1780554806	XAUUSD	M5	4451.51000	4449.77000	4451.90000	4448.77000	575
1780555106	XAUUSD	M5	4448.05000	4451.50000	4452.26000	4447.93000	553
1780555406	XAUUSD	M5	4448.03000	4448.10000	4448.57000	4446.55000	514
1780555706	XAUUSD	M5	4448.45000	4448.08000	4449.65000	4447.39000	525
1780556006	XAUUSD	M5	4447.87000	4448.45000	4449.17000	4447.83000	482
1780556306	XAUUSD	M5	4446.89000	4447.73000	4448.74000	4446.71000	428
1780556606	XAUUSD	M5	4446.85000	4446.87000	4447.33000	4444.85000	461
1780556906	XAUUSD	M5	4445.57000	4446.83000	4446.86000	4445.04000	601
1780557206	XAUUSD	M5	4444.09000	4444.92000	4445.27000	4443.08000	625
1780557506	XAUUSD	M5	4442.16000	4443.88000	4445.31000	4442.10000	456
1780557806	XAUUSD	M5	4441.34000	4442.09000	4442.09000	4438.62000	488
1780558106	XAUUSD	M5	4439.96000	4441.31000	4441.88000	4439.00000	338
1780558406	XAUUSD	M5	4437.65000	4439.96000	4440.06000	4437.41000	553
1780558706	XAUUSD	M5	4439.59000	4437.66000	4440.02000	4437.64000	480
1780559006	XAUUSD	M5	4439.10000	4439.59000	4440.31000	4438.26000	390
1780559306	XAUUSD	M5	4433.84000	4439.01000	4439.59000	4433.21000	436
1780559606	XAUUSD	M5	4434.01000	4433.84000	4434.41000	4433.12000	417
1780559906	XAUUSD	M5	4433.47000	4434.01000	4434.68000	4432.35000	409
1780560206	XAUUSD	M5	4431.63000	4433.47000	4434.80000	4431.56000	402
1780560506	XAUUSD	M5	4434.06000	4431.49000	4434.14000	4430.54000	442
1780560806	XAUUSD	M5	4434.46000	4434.11000	4434.98000	4433.31000	307
1780564706	XAUUSD	M5	4432.38000	4438.36000	4440.25000	4430.90000	486
1780565006	XAUUSD	M5	4434.97000	4432.34000	4436.23000	4432.19000	320
1780565306	XAUUSD	M5	4431.94000	4434.85000	4435.88000	4429.66000	385
1780565606	XAUUSD	M5	4427.63000	4431.94000	4432.16000	4424.01000	476
1780565906	XAUUSD	M5	4430.30000	4428.19000	4430.86000	4424.79000	445
1780566206	XAUUSD	M5	4434.53000	4430.30000	4435.82000	4430.30000	400
1780566506	XAUUSD	M5	4439.90000	4434.09000	4440.08000	4434.07000	482
1780566806	XAUUSD	M5	4436.28000	4439.90000	4440.53000	4435.89000	396
1780567106	XAUUSD	M5	4436.91000	4436.73000	4438.64000	4434.96000	345
1780567406	XAUUSD	M5	4438.78000	4436.81000	4439.05000	4436.77000	298
1780567706	XAUUSD	M5	4439.65000	4438.78000	4441.44000	4437.64000	411
1780568006	XAUUSD	M5	4448.95000	4439.63000	4452.91000	4439.46000	599
1780568306	XAUUSD	M5	4446.51000	4449.19000	4450.24000	4445.45000	573
1780568606	XAUUSD	M5	4448.32000	4446.38000	4450.25000	4445.66000	385
1780568906	XAUUSD	M5	4447.70000	4448.32000	4448.32000	4445.85000	389
1780569206	XAUUSD	M5	4447.93000	4447.77000	4449.24000	4447.26000	337
1780569506	XAUUSD	M5	4449.36000	4447.93000	4450.82000	4447.35000	423
1780569806	XAUUSD	M5	4450.74000	4449.36000	4451.35000	4448.34000	334
1780570106	XAUUSD	M5	4451.21000	4450.74000	4451.93000	4447.63000	407
1780570406	XAUUSD	M5	4450.41000	4451.21000	4452.44000	4448.59000	443
1780570706	XAUUSD	M5	4453.67000	4450.42000	4454.20000	4446.37000	492
1780571006	XAUUSD	M5	4459.31000	4453.61000	4464.73000	4453.60000	700
1780571306	XAUUSD	M5	4459.56000	4459.31000	4461.55000	4457.87000	518
1780571606	XAUUSD	M5	4457.39000	4459.96000	4460.34000	4456.30000	496
1780571906	XAUUSD	M5	4460.15000	4456.94000	4465.27000	4455.11000	764
1780572206	XAUUSD	M5	4456.17000	4459.99000	4461.93000	4455.40000	657
1780572506	XAUUSD	M5	4453.18000	4456.17000	4457.44000	4452.99000	688
1780572806	XAUUSD	M5	4455.41000	4453.20000	4456.71000	4450.05000	751
1780573106	XAUUSD	M5	4449.84000	4455.52000	4456.07000	4448.84000	619
1780573406	XAUUSD	M5	4450.57000	4449.98000	4451.37000	4447.57000	571
1780573706	XAUUSD	M5	4451.02000	4450.75000	4452.78000	4447.26000	636
1780574006	XAUUSD	M5	4446.62000	4450.88000	4451.96000	4445.45000	647
1780574306	XAUUSD	M5	4448.30000	4446.62000	4448.30000	4444.06000	631
1780574606	XAUUSD	M5	4449.95000	4448.29000	4449.99000	4445.09000	639
1780574906	XAUUSD	M5	4451.11000	4449.93000	4452.88000	4449.71000	602
1780575206	XAUUSD	M5	4448.54000	4451.30000	4451.30000	4446.81000	633
1780575506	XAUUSD	M5	4453.77000	4448.52000	4456.76000	4443.41000	844
1780575806	XAUUSD	M5	4459.50000	4453.76000	4459.50000	4452.93000	756
1780576106	XAUUSD	M5	4464.55000	4459.50000	4467.19000	4459.29000	801
1780576406	XAUUSD	M5	4464.58000	4464.18000	4464.86000	4459.88000	765
1780576706	XAUUSD	M5	4469.74000	4464.60000	4473.57000	4464.60000	748
1780577006	XAUUSD	M5	4465.94000	4469.57000	4471.95000	4465.81000	673
1780577306	XAUUSD	M5	4465.89000	4465.97000	4470.04000	4464.88000	698
1780577606	XAUUSD	M5	4468.49000	4465.82000	4470.22000	4464.90000	639
1780577906	XAUUSD	M5	4459.32000	4468.49000	4468.79000	4458.75000	766
1780578206	XAUUSD	M5	4466.20000	4459.33000	4467.07000	4458.85000	746
1780578506	XAUUSD	M5	4461.44000	4466.20000	4466.45000	4457.13000	753
1780578806	XAUUSD	M5	4465.68000	4461.44000	4467.35000	4461.41000	725
1780579106	XAUUSD	M5	4462.32000	4465.96000	4467.23000	4461.97000	573
1780579406	XAUUSD	M5	4458.29000	4462.35000	4462.84000	4458.29000	582
1780579706	XAUUSD	M5	4463.11000	4458.32000	4464.93000	4455.50000	650
1780580006	XAUUSD	M5	4461.81000	4463.23000	4463.65000	4458.91000	517
1780580306	XAUUSD	M5	4460.24000	4461.81000	4463.00000	4459.45000	465
1780580606	XAUUSD	M5	4460.53000	4460.24000	4462.72000	4458.69000	492
1780580906	XAUUSD	M5	4460.98000	4460.53000	4462.52000	4458.20000	605
1780581206	XAUUSD	M5	4458.00000	4461.09000	4461.20000	4458.00000	453
1780581506	XAUUSD	M5	4462.49000	4458.00000	4464.57000	4457.79000	493
1780581806	XAUUSD	M5	4470.31000	4462.49000	4470.80000	4462.49000	505
1780582106	XAUUSD	M5	4474.40000	4470.31000	4475.16000	4469.04000	580
1780582406	XAUUSD	M5	4475.18000	4474.47000	4476.65000	4471.30000	585
1780582706	XAUUSD	M5	4472.77000	4475.16000	4476.38000	4471.56000	527
1780583006	XAUUSD	M5	4474.15000	4472.83000	4477.32000	4472.83000	455
1780583306	XAUUSD	M5	4472.05000	4474.15000	4475.41000	4470.41000	489
1780583606	XAUUSD	M5	4469.72000	4472.05000	4472.58000	4469.44000	332
1780583906	XAUUSD	M5	4467.78000	4469.72000	4469.78000	4467.38000	420
1780584206	XAUUSD	M5	4469.23000	4467.78000	4469.66000	4465.95000	369
1780584506	XAUUSD	M5	4467.70000	4469.23000	4470.71000	4466.97000	368
1780584806	XAUUSD	M5	4465.23000	4467.69000	4467.69000	4463.81000	408
1780585106	XAUUSD	M5	4461.06000	4465.23000	4465.63000	4461.02000	379
1780585406	XAUUSD	M5	4459.79000	4460.69000	4461.16000	4458.55000	351
1780585706	XAUUSD	M5	4463.45000	4459.79000	4463.74000	4458.88000	334
1780586006	XAUUSD	M5	4463.88000	4463.45000	4464.96000	4462.37000	287
1780586306	XAUUSD	M5	4464.03000	4463.84000	4466.02000	4463.20000	285
1780586606	XAUUSD	M5	4463.94000	4464.02000	4465.95000	4462.22000	311
1780586906	XAUUSD	M5	4471.08000	4463.99000	4471.13000	4463.48000	402
1780587206	XAUUSD	M5	4471.71000	4471.25000	4472.39000	4469.97000	351
1780587506	XAUUSD	M5	4474.19000	4471.71000	4476.14000	4471.34000	351
1780587806	XAUUSD	M5	4474.79000	4474.19000	4475.77000	4473.52000	355
1780588106	XAUUSD	M5	4480.57000	4474.79000	4483.84000	4474.74000	473
1780588406	XAUUSD	M5	4481.13000	4480.18000	4481.60000	4478.33000	525
1780588706	XAUUSD	M5	4482.71000	4481.13000	4484.08000	4479.48000	488
1780589006	XAUUSD	M5	4479.51000	4482.71000	4483.47000	4479.51000	417
1780589306	XAUUSD	M5	4479.78000	4479.46000	4480.83000	4478.87000	364
1780589606	XAUUSD	M5	4480.85000	4479.74000	4481.30000	4478.68000	318
1780589906	XAUUSD	M5	4477.51000	4481.10000	4482.34000	4477.29000	428
1780590206	XAUUSD	M5	4473.86000	4477.56000	4478.48000	4473.58000	430
1780590506	XAUUSD	M5	4477.09000	4473.81000	4479.17000	4471.49000	508
1780590806	XAUUSD	M5	4476.38000	4477.09000	4477.45000	4475.60000	350
1780591106	XAUUSD	M5	4472.74000	4476.38000	4476.54000	4472.29000	361
1780591406	XAUUSD	M5	4473.40000	4472.64000	4474.35000	4470.87000	411
1780591706	XAUUSD	M5	4473.65000	4473.47000	4475.93000	4471.32000	665
1780592006	XAUUSD	M5	4471.32000	4473.55000	4474.85000	4471.10000	558
1780592306	XAUUSD	M5	4474.74000	4471.32000	4474.81000	4470.95000	601
1780592606	XAUUSD	M5	4467.50000	4474.74000	4474.95000	4467.21000	619
1780592906	XAUUSD	M5	4469.31000	4467.65000	4471.29000	4467.33000	570
1780593206	XAUUSD	M5	4469.24000	4469.30000	4470.45000	4467.14000	646
1780593506	XAUUSD	M5	4473.63000	4469.21000	4474.59000	4468.00000	644
1780593806	XAUUSD	M5	4475.98000	4473.63000	4477.14000	4472.17000	621
1780594106	XAUUSD	M5	4474.14000	4476.26000	4476.99000	4473.34000	571
1780594406	XAUUSD	M5	4469.32000	4474.09000	4474.34000	4466.81000	587
1780594706	XAUUSD	M5	4468.07000	4469.44000	4470.54000	4466.95000	598
1780595006	XAUUSD	M5	4472.25000	4468.05000	4472.25000	4467.99000	583
1780595306	XAUUSD	M5	4474.97000	4472.16000	4475.71000	4469.79000	637
1780595606	XAUUSD	M5	4473.07000	4474.95000	4476.82000	4470.74000	636
1780595906	XAUUSD	M5	4469.34000	4473.05000	4473.21000	4469.03000	589
1780596206	XAUUSD	M5	4467.05000	4469.38000	4470.05000	4462.89000	575
1780596506	XAUUSD	M5	4467.73000	4467.05000	4470.33000	4466.52000	486
1780596806	XAUUSD	M5	4467.78000	4467.67000	4469.46000	4466.84000	541
1780597106	XAUUSD	M5	4470.21000	4467.81000	4470.82000	4465.03000	636
1780597406	XAUUSD	M5	4465.79000	4470.30000	4470.76000	4464.36000	534
1780597706	XAUUSD	M5	4464.15000	4465.79000	4465.83000	4462.36000	531
1780598006	XAUUSD	M5	4469.31000	4464.14000	4470.72000	4462.85000	551
1780598306	XAUUSD	M5	4465.99000	4469.31000	4469.31000	4465.47000	464
1780598606	XAUUSD	M5	4465.20000	4465.99000	4466.30000	4462.06000	533
1780598906	XAUUSD	M5	4463.76000	4465.18000	4466.87000	4463.54000	501
1780599206	XAUUSD	M5	4463.57000	4463.76000	4467.93000	4462.63000	480
1780599506	XAUUSD	M5	4461.38000	4463.60000	4464.73000	4459.89000	552
1780599806	XAUUSD	M5	4461.34000	4461.39000	4462.37000	4460.58000	485
1780600106	XAUUSD	M5	4461.55000	4461.34000	4462.38000	4460.55000	484
1780600406	XAUUSD	M5	4461.73000	4461.53000	4462.35000	4459.78000	435
1780600706	XAUUSD	M5	4465.84000	4461.74000	4466.41000	4460.26000	596
1780601006	XAUUSD	M5	4465.76000	4465.80000	4467.97000	4464.59000	553
1780601306	XAUUSD	M5	4460.84000	4465.76000	4466.03000	4459.77000	538
1780601606	XAUUSD	M5	4464.09000	4460.51000	4465.42000	4460.51000	588
1780601906	XAUUSD	M5	4459.84000	4464.09000	4464.19000	4458.76000	605
1780602206	XAUUSD	M5	4463.51000	4459.84000	4463.57000	4458.51000	616
1780602506	XAUUSD	M5	4464.65000	4463.38000	4469.46000	4460.15000	712
1780602806	XAUUSD	M5	4460.67000	4464.79000	4464.90000	4460.12000	560
1780603106	XAUUSD	M5	4463.44000	4460.65000	4463.66000	4460.56000	502
1780603406	XAUUSD	M5	4460.17000	4463.54000	4464.21000	4459.78000	551
1780603706	XAUUSD	M5	4463.55000	4460.12000	4464.25000	4460.10000	546
1780604006	XAUUSD	M5	4463.35000	4463.55000	4466.16000	4462.87000	479
1780604306	XAUUSD	M5	4467.27000	4463.37000	4468.74000	4461.05000	633
1780604606	XAUUSD	M5	4468.52000	4467.25000	4469.31000	4464.94000	569
1780604906	XAUUSD	M5	4463.50000	4468.50000	4468.83000	4462.28000	534
1780605206	XAUUSD	M5	4466.08000	4463.53000	4466.22000	4462.87000	589
1780605506	XAUUSD	M5	4466.07000	4466.08000	4467.55000	4463.49000	560
1780605806	XAUUSD	M5	4464.70000	4466.10000	4466.74000	4464.31000	584
1780606106	XAUUSD	M5	4466.70000	4464.70000	4467.83000	4461.80000	642
1780606406	XAUUSD	M5	4467.32000	4466.70000	4469.44000	4464.74000	617
1780606706	XAUUSD	M5	4468.05000	4467.32000	4468.87000	4466.21000	505
1780607006	XAUUSD	M5	4470.82000	4468.04000	4472.40000	4467.58000	616
1780607306	XAUUSD	M5	4475.03000	4470.68000	4475.69000	4470.26000	562
1780607606	XAUUSD	M5	4470.41000	4475.15000	4475.41000	4469.58000	542
1780607906	XAUUSD	M5	4470.13000	4470.18000	4472.11000	4468.38000	577
1780608206	XAUUSD	M5	4469.53000	4470.12000	4471.31000	4469.24000	435
1780608506	XAUUSD	M5	4471.29000	4469.53000	4472.02000	4468.21000	485
1780608806	XAUUSD	M5	4468.84000	4471.42000	4471.63000	4468.58000	408
1780609106	XAUUSD	M5	4467.06000	4468.84000	4469.08000	4464.88000	468
1780609406	XAUUSD	M5	4467.68000	4467.05000	4468.43000	4464.36000	427
1780609706	XAUUSD	M5	4467.86000	4467.69000	4469.63000	4466.57000	422
1780610006	XAUUSD	M5	4469.14000	4467.88000	4471.26000	4467.68000	448
1780610306	XAUUSD	M5	4471.32000	4469.15000	4472.76000	4468.58000	430
1780610606	XAUUSD	M5	4471.40000	4472.40000	4473.00000	4470.82000	427
1780610906	XAUUSD	M5	4471.09000	4471.40000	4471.52000	4468.52000	504
1780611206	XAUUSD	M5	4473.72000	4471.10000	4473.91000	4469.54000	522
1780611506	XAUUSD	M5	4472.25000	4474.28000	4475.36000	4468.67000	570
1780611806	XAUUSD	M5	4477.56000	4472.35000	4478.34000	4471.87000	545
1780612106	XAUUSD	M5	4473.53000	4477.57000	4478.81000	4473.53000	572
1780612406	XAUUSD	M5	4477.91000	4473.56000	4479.24000	4473.49000	609
1780612706	XAUUSD	M5	4478.88000	4477.96000	4480.24000	4476.63000	603
1780613006	XAUUSD	M5	4489.58000	4478.89000	4491.02000	4477.64000	744
1780613306	XAUUSD	M5	4485.26000	4489.64000	4492.55000	4484.56000	671
1780613606	XAUUSD	M5	4487.90000	4485.27000	4488.54000	4482.24000	694
1780613906	XAUUSD	M5	4491.51000	4488.39000	4492.28000	4486.64000	760
1780614206	XAUUSD	M5	4501.28000	4491.61000	4504.02000	4491.58000	817
1780614506	XAUUSD	M5	4503.83000	4501.25000	4504.71000	4500.80000	766
1780614806	XAUUSD	M5	4511.65000	4504.00000	4514.80000	4503.90000	776
1780615106	XAUUSD	M5	4497.24000	4511.43000	4513.80000	4497.05000	829
1780615406	XAUUSD	M5	4498.29000	4497.30000	4503.63000	4494.96000	774
1780615706	XAUUSD	M5	4493.89000	4498.36000	4499.14000	4491.58000	740
1780616006	XAUUSD	M5	4492.47000	4493.96000	4495.67000	4491.20000	655
1780616306	XAUUSD	M5	4497.45000	4492.41000	4499.16000	4492.34000	645
1780616606	XAUUSD	M5	4498.87000	4497.50000	4499.96000	4495.82000	551
1780616906	XAUUSD	M5	4499.19000	4498.87000	4501.78000	4497.08000	639
1780617206	XAUUSD	M5	4498.94000	4499.14000	4502.08000	4497.03000	636
1780617506	XAUUSD	M5	4502.12000	4498.94000	4502.13000	4498.94000	602
1780617806	XAUUSD	M5	4505.07000	4502.17000	4505.07000	4498.98000	587
1780618106	XAUUSD	M5	4508.45000	4504.95000	4510.95000	4502.19000	828
1780618406	XAUUSD	M5	4504.15000	4508.73000	4510.19000	4502.99000	549
1780618706	XAUUSD	M5	4505.12000	4504.16000	4510.17000	4500.44000	818
1780619006	XAUUSD	M5	4504.82000	4505.15000	4508.98000	4503.68000	669
1780619306	XAUUSD	M5	4503.18000	4504.71000	4505.34000	4501.97000	543
1780619606	XAUUSD	M5	4507.86000	4503.17000	4508.80000	4503.17000	588
1780619906	XAUUSD	M5	4504.81000	4507.74000	4509.44000	4504.28000	588
1780620206	XAUUSD	M5	4504.66000	4504.80000	4506.44000	4501.80000	691
1780620506	XAUUSD	M5	4506.46000	4504.43000	4507.21000	4502.59000	878
1780620806	XAUUSD	M5	4509.28000	4506.07000	4512.17000	4505.00000	904
1780621106	XAUUSD	M5	4514.99000	4509.44000	4514.99000	4505.32000	869
1780621406	XAUUSD	M5	4510.02000	4514.55000	4515.45000	4507.47000	880
1780621706	XAUUSD	M5	4498.64000	4509.99000	4512.38000	4497.79000	898
1780622006	XAUUSD	M5	4495.70000	4498.60000	4503.35000	4495.59000	910
1780622306	XAUUSD	M5	4495.51000	4495.84000	4499.94000	4494.64000	903
1780622606	XAUUSD	M5	4490.05000	4495.63000	4499.85000	4488.22000	882
1780622906	XAUUSD	M5	4487.79000	4490.20000	4492.39000	4486.04000	870
1780623206	XAUUSD	M5	4487.57000	4487.75000	4493.75000	4485.57000	819
1780623506	XAUUSD	M5	4485.20000	4487.68000	4489.38000	4484.60000	796
1780623806	XAUUSD	M5	4486.14000	4485.21000	4487.87000	4484.04000	768
1780624106	XAUUSD	M5	4484.21000	4486.21000	4486.74000	4481.58000	828
1780624406	XAUUSD	M5	4480.22000	4484.23000	4484.36000	4477.74000	823
1780624706	XAUUSD	M5	4474.55000	4480.17000	4480.74000	4472.42000	834
1780625006	XAUUSD	M5	4466.53000	4474.77000	4475.47000	4465.28000	849
1780625306	XAUUSD	M5	4464.08000	4466.54000	4470.51000	4457.31000	917
1780625606	XAUUSD	M5	4465.93000	4463.86000	4466.39000	4460.33000	849
1780625906	XAUUSD	M5	4470.34000	4466.08000	4470.64000	4463.70000	826
1780626206	XAUUSD	M5	4470.31000	4470.34000	4472.45000	4467.29000	751
1780626506	XAUUSD	M5	4471.91000	4470.31000	4474.71000	4470.04000	797
1780626806	XAUUSD	M5	4473.55000	4471.91000	4473.75000	4471.21000	701
1780627106	XAUUSD	M5	4470.85000	4473.55000	4473.79000	4470.84000	645
1780627406	XAUUSD	M5	4470.87000	4470.85000	4472.25000	4469.19000	670
1780627706	XAUUSD	M5	4471.87000	4470.91000	4472.72000	4469.63000	686
1780628006	XAUUSD	M5	4477.10000	4472.05000	4477.34000	4471.16000	581
1780628306	XAUUSD	M5	4472.73000	4477.15000	4477.30000	4471.23000	539
1780628606	XAUUSD	M5	4474.41000	4472.66000	4475.82000	4470.11000	536
1780628906	XAUUSD	M5	4477.98000	4474.41000	4479.12000	4474.41000	630
1780629206	XAUUSD	M5	4477.37000	4477.97000	4478.66000	4476.41000	619
1780629506	XAUUSD	M5	4476.36000	4477.35000	4478.70000	4476.13000	612
1780629806	XAUUSD	M5	4482.62000	4476.35000	4482.86000	4475.34000	620
1780630106	XAUUSD	M5	4479.09000	4482.49000	4484.05000	4479.09000	640
1780630406	XAUUSD	M5	4483.30000	4479.14000	4484.75000	4479.14000	576
1780630706	XAUUSD	M5	4484.32000	4483.30000	4484.75000	4480.27000	538
1780631006	XAUUSD	M5	4483.56000	4484.32000	4485.05000	4482.49000	459
1780631306	XAUUSD	M5	4480.67000	4483.56000	4484.07000	4479.82000	695
1780631606	XAUUSD	M5	4481.94000	4480.69000	4483.48000	4480.44000	596
1780631906	XAUUSD	M5	4481.46000	4481.78000	4482.98000	4481.14000	524
1780632206	XAUUSD	M5	4481.68000	4481.46000	4483.53000	4480.27000	460
1780632506	XAUUSD	M5	4481.78000	4481.60000	4482.36000	4480.69000	455
1780632806	XAUUSD	M5	4482.85000	4481.82000	4483.99000	4481.63000	501
1780633106	XAUUSD	M5	4481.47000	4482.84000	4482.84000	4480.59000	541
1780633406	XAUUSD	M5	4479.61000	4481.45000	4482.21000	4479.58000	474
1780633706	XAUUSD	M5	4475.99000	4479.62000	4480.50000	4475.98000	506
1780634006	XAUUSD	M5	4475.57000	4476.02000	4476.12000	4474.19000	492
1780634306	XAUUSD	M5	4475.46000	4475.55000	4476.03000	4474.13000	469
1780634606	XAUUSD	M5	4476.97000	4475.43000	4479.42000	4475.37000	601
1780634906	XAUUSD	M5	4479.86000	4476.89000	4481.49000	4476.78000	510
1780635206	XAUUSD	M5	4478.19000	4480.08000	4480.62000	4477.71000	538
1780635506	XAUUSD	M5	4476.86000	4478.05000	4478.41000	4476.27000	473
1780635806	XAUUSD	M5	4478.70000	4476.86000	4479.06000	4476.83000	441
1780636106	XAUUSD	M5	4478.43000	4478.72000	4480.36000	4478.21000	444
1780636406	XAUUSD	M5	4478.20000	4478.44000	4478.76000	4477.59000	378
1780636706	XAUUSD	M5	4477.22000	4478.17000	4480.17000	4476.64000	414
1780637006	XAUUSD	M5	4477.46000	4477.16000	4478.09000	4476.40000	418
1780637306	XAUUSD	M5	4478.87000	4477.46000	4479.37000	4477.25000	479
1780637606	XAUUSD	M5	4478.73000	4479.05000	4479.30000	4477.46000	399
1780637906	XAUUSD	M5	4480.25000	4478.73000	4480.64000	4478.24000	375
1780638206	XAUUSD	M5	4478.23000	4480.25000	4481.08000	4477.50000	411
1780638506	XAUUSD	M5	4473.76000	4478.21000	4478.21000	4473.40000	456
1780638806	XAUUSD	M5	4473.70000	4473.76000	4474.20000	4472.81000	483
1780639106	XAUUSD	M5	4474.36000	4473.70000	4474.60000	4473.25000	382
1780639406	XAUUSD	M5	4475.47000	4474.40000	4476.35000	4473.89000	376
1780639706	XAUUSD	M5	4477.99000	4475.47000	4479.52000	4475.47000	394
1780640006	XAUUSD	M5	4478.13000	4478.21000	4478.75000	4476.82000	419
1780640306	XAUUSD	M5	4481.46000	4478.13000	4483.38000	4478.11000	480
1780640606	XAUUSD	M5	4478.50000	4481.48000	4481.48000	4477.60000	445
1780640906	XAUUSD	M5	4478.22000	4478.50000	4478.64000	4476.27000	433
1780641206	XAUUSD	M5	4478.80000	4478.22000	4479.42000	4477.77000	382
1780641506	XAUUSD	M5	4479.32000	4478.80000	4479.48000	4477.99000	333
1780641806	XAUUSD	M5	4480.20000	4479.32000	4480.27000	4478.83000	373
1780642106	XAUUSD	M5	4478.78000	4480.23000	4480.50000	4478.00000	414
1780642406	XAUUSD	M5	4479.14000	4478.78000	4479.45000	4477.61000	404
1780642706	XAUUSD	M5	4478.07000	4479.14000	4480.18000	4477.45000	408
1780643006	XAUUSD	M5	4478.48000	4477.95000	4478.65000	4476.91000	401
1780643306	XAUUSD	M5	4478.48000	4478.60000	4478.86000	4477.12000	483
1780643606	XAUUSD	M5	4480.73000	4478.35000	4482.40000	4477.12000	573
1780643906	XAUUSD	M5	4479.76000	4480.82000	4481.69000	4479.16000	385
1780644206	XAUUSD	M5	4479.50000	4479.66000	4480.23000	4478.79000	267
1780644506	XAUUSD	M5	4477.97000	4479.54000	4480.03000	4477.93000	271
1780644806	XAUUSD	M5	4477.76000	4477.86000	4479.15000	4477.64000	221
1780645106	XAUUSD	M5	4477.75000	4477.76000	4478.22000	4476.83000	247
1780645406	XAUUSD	M5	4477.75000	4477.75000	4478.00000	4476.67000	207
1780645706	XAUUSD	M5	4475.97000	4477.64000	4477.64000	4475.42000	210
1780646006	XAUUSD	M5	4476.20000	4475.96000	4476.37000	4475.19000	196
1780646306	XAUUSD	M5	4475.15000	4476.42000	4477.35000	4475.15000	252
1780646606	XAUUSD	M5	4474.79000	4475.15000	4475.79000	4474.33000	226
1780646906	XAUUSD	M5	4475.81000	4474.87000	4475.87000	4474.58000	249
1780647206	XAUUSD	M5	4475.40000	4475.62000	4476.00000	4474.45000	206
1780651106	XAUUSD	M5	4473.89000	4473.54000	4475.66000	4473.08000	296
1780651406	XAUUSD	M5	4474.90000	4473.84000	4476.21000	4473.80000	211
1780651706	XAUUSD	M5	4475.38000	4474.90000	4476.09000	4474.04000	316
1780652006	XAUUSD	M5	4477.89000	4475.38000	4478.70000	4474.64000	310
1780652306	XAUUSD	M5	4479.46000	4478.11000	4479.47000	4477.60000	299
1780652606	XAUUSD	M5	4478.96000	4479.39000	4481.11000	4478.00000	347
1780652906	XAUUSD	M5	4478.22000	4478.95000	4481.62000	4477.92000	376
1780653206	XAUUSD	M5	4479.09000	4478.22000	4479.91000	4477.46000	318
1780653506	XAUUSD	M5	4475.18000	4479.09000	4479.51000	4475.18000	378
1780653806	XAUUSD	M5	4473.55000	4475.03000	4476.08000	4472.16000	304
1780654106	XAUUSD	M5	4469.73000	4473.55000	4473.97000	4469.65000	421
1780654406	XAUUSD	M5	4469.48000	4469.70000	4471.83000	4468.87000	435
1780654706	XAUUSD	M5	4470.09000	4469.45000	4471.35000	4464.08000	552
1780655006	XAUUSD	M5	4471.77000	4470.15000	4473.36000	4467.01000	427
1780655306	XAUUSD	M5	4471.12000	4471.77000	4474.24000	4470.84000	298
1780655606	XAUUSD	M5	4470.00000	4471.12000	4471.53000	4469.36000	285
1780655906	XAUUSD	M5	4471.61000	4470.00000	4472.16000	4466.76000	368
1780656206	XAUUSD	M5	4469.39000	4471.61000	4473.48000	4468.34000	288
1780656506	XAUUSD	M5	4465.76000	4469.39000	4469.74000	4464.20000	339
1780656806	XAUUSD	M5	4463.75000	4465.79000	4466.81000	4462.75000	329
1780657106	XAUUSD	M5	4463.41000	4463.75000	4465.07000	4462.11000	287
1780657406	XAUUSD	M5	4464.04000	4463.41000	4464.08000	4460.54000	420
1780657706	XAUUSD	M5	4464.38000	4464.24000	4466.16000	4463.17000	476
1780658006	XAUUSD	M5	4461.82000	4464.38000	4464.87000	4461.23000	462
1780658306	XAUUSD	M5	4462.22000	4461.74000	4463.89000	4459.58000	715
1780658606	XAUUSD	M5	4461.45000	4462.28000	4465.11000	4459.84000	651
1780658906	XAUUSD	M5	4455.32000	4461.39000	4462.64000	4454.68000	668
1780659206	XAUUSD	M5	4452.31000	4455.41000	4457.62000	4452.00000	750
1780659506	XAUUSD	M5	4454.52000	4452.30000	4455.65000	4450.76000	653
1780659806	XAUUSD	M5	4457.64000	4454.51000	4457.77000	4453.19000	656
1780660106	XAUUSD	M5	4460.48000	4457.66000	4461.16000	4456.31000	538
1780660406	XAUUSD	M5	4464.33000	4460.67000	4466.89000	4460.67000	593
1780660706	XAUUSD	M5	4463.09000	4464.33000	4466.40000	4462.69000	523
1780661006	XAUUSD	M5	4461.51000	4463.09000	4466.31000	4461.51000	543
1780661306	XAUUSD	M5	4465.17000	4461.71000	4465.73000	4461.11000	531
1780661606	XAUUSD	M5	4459.64000	4465.17000	4465.19000	4458.69000	611
1780661906	XAUUSD	M5	4466.08000	4459.36000	4466.91000	4453.10000	913
1780662206	XAUUSD	M5	4464.37000	4466.36000	4469.91000	4463.42000	831
1780662506	XAUUSD	M5	4460.44000	4464.54000	4465.11000	4459.87000	758
1780662806	XAUUSD	M5	4462.94000	4460.11000	4465.10000	4457.97000	815
1780663106	XAUUSD	M5	4455.37000	4463.13000	4464.14000	4454.21000	824
1780663406	XAUUSD	M5	4458.50000	4455.10000	4459.53000	4449.51000	802
1780663706	XAUUSD	M5	4453.99000	4458.72000	4459.65000	4453.82000	742
1780664006	XAUUSD	M5	4449.70000	4453.97000	4456.52000	4448.44000	709
1780664306	XAUUSD	M5	4446.01000	4449.64000	4451.40000	4445.34000	759
1780664606	XAUUSD	M5	4446.61000	4446.06000	4449.61000	4444.22000	668
1780664906	XAUUSD	M5	4450.60000	4446.61000	4450.73000	4444.65000	735
1780665206	XAUUSD	M5	4446.96000	4450.60000	4451.08000	4445.27000	702
1780665506	XAUUSD	M5	4449.43000	4446.91000	4451.07000	4442.51000	726
1780665806	XAUUSD	M5	4447.48000	4449.50000	4449.77000	4444.83000	698
1780666106	XAUUSD	M5	4449.51000	4448.01000	4450.62000	4446.09000	608
1780666406	XAUUSD	M5	4447.57000	4449.51000	4450.71000	4446.20000	505
1780666706	XAUUSD	M5	4452.98000	4447.58000	4453.33000	4447.50000	502
1780667006	XAUUSD	M5	4451.28000	4452.92000	4455.03000	4450.06000	512
1780667306	XAUUSD	M5	4445.03000	4451.21000	4451.88000	4442.31000	792
1780667606	XAUUSD	M5	4445.12000	4445.03000	4446.80000	4441.56000	694
1780667906	XAUUSD	M5	4442.98000	4445.12000	4445.13000	4438.42000	711
1780668206	XAUUSD	M5	4445.66000	4442.98000	4447.24000	4442.44000	649
1780668506	XAUUSD	M5	4443.25000	4445.64000	4449.89000	4443.19000	591
1780668806	XAUUSD	M5	4440.55000	4443.25000	4443.88000	4440.00000	590
1780669106	XAUUSD	M5	4438.40000	4440.55000	4441.12000	4436.40000	687
1780669406	XAUUSD	M5	4439.94000	4438.40000	4440.67000	4436.80000	626
1780669706	XAUUSD	M5	4441.01000	4439.94000	4441.08000	4438.33000	616
1780670006	XAUUSD	M5	4438.58000	4440.95000	4443.99000	4438.11000	629
1780670306	XAUUSD	M5	4437.45000	4438.58000	4438.82000	4435.20000	588
1780670606	XAUUSD	M5	4436.76000	4437.38000	4439.24000	4436.39000	595
1780670906	XAUUSD	M5	4439.81000	4437.26000	4441.76000	4436.52000	557
1780671206	XAUUSD	M5	4440.49000	4439.81000	4441.19000	4436.60000	485
1780671506	XAUUSD	M5	4441.06000	4440.59000	4442.45000	4440.37000	462
1780671806	XAUUSD	M5	4441.27000	4441.08000	4441.79000	4440.18000	362
1780672106	XAUUSD	M5	4440.77000	4441.25000	4442.41000	4439.41000	422
1780672406	XAUUSD	M5	4442.45000	4440.77000	4443.46000	4440.77000	402
1780672706	XAUUSD	M5	4442.57000	4442.45000	4444.71000	4441.26000	396
1780673006	XAUUSD	M5	4440.59000	4442.60000	4443.77000	4439.68000	398
1780673306	XAUUSD	M5	4441.65000	4440.74000	4441.79000	4438.42000	460
1780673606	XAUUSD	M5	4439.35000	4441.65000	4443.72000	4438.82000	532
1780673906	XAUUSD	M5	4439.71000	4439.21000	4441.61000	4439.03000	375
1780674206	XAUUSD	M5	4439.71000	4439.72000	4443.62000	4439.35000	452
1780674506	XAUUSD	M5	4439.53000	4439.63000	4440.03000	4437.65000	413
1780674806	XAUUSD	M5	4441.69000	4439.40000	4441.76000	4439.17000	375
1780675106	XAUUSD	M5	4440.74000	4441.69000	4444.23000	4439.19000	444
1780675406	XAUUSD	M5	4441.21000	4440.81000	4442.25000	4439.52000	390
1780675706	XAUUSD	M5	4444.19000	4441.21000	4444.21000	4441.02000	347
1780676006	XAUUSD	M5	4444.93000	4444.19000	4446.43000	4443.96000	458
1780676306	XAUUSD	M5	4447.66000	4444.95000	4450.02000	4443.29000	645
1780676606	XAUUSD	M5	4447.39000	4447.64000	4449.92000	4447.13000	499
1780676906	XAUUSD	M5	4449.05000	4447.39000	4449.67000	4446.65000	502
1780677206	XAUUSD	M5	4445.49000	4449.15000	4449.15000	4444.28000	432
1780677506	XAUUSD	M5	4445.01000	4445.49000	4446.34000	4442.18000	459
1780677806	XAUUSD	M5	4444.76000	4445.01000	4445.87000	4444.20000	417
1780678106	XAUUSD	M5	4442.76000	4444.64000	4446.01000	4439.41000	775
1780678406	XAUUSD	M5	4445.49000	4442.78000	4447.91000	4442.30000	703
1780678706	XAUUSD	M5	4443.53000	4445.57000	4446.68000	4442.94000	645
1780679006	XAUUSD	M5	4447.53000	4443.56000	4448.13000	4442.15000	559
1780679306	XAUUSD	M5	4443.57000	4447.51000	4447.97000	4442.62000	557
1780679606	XAUUSD	M5	4440.00000	4443.57000	4445.04000	4438.59000	588
1780679906	XAUUSD	M5	4437.56000	4440.00000	4442.53000	4435.25000	717
1780680206	XAUUSD	M5	4440.30000	4437.34000	4441.33000	4437.24000	643
1780680506	XAUUSD	M5	4436.64000	4440.30000	4441.91000	4436.16000	661
1780680806	XAUUSD	M5	4436.70000	4436.46000	4437.23000	4428.84000	847
1780681106	XAUUSD	M5	4444.14000	4436.69000	4445.41000	4434.85000	772
1780681406	XAUUSD	M5	4442.37000	4444.20000	4446.15000	4440.40000	699
1780681706	XAUUSD	M5	4446.67000	4442.53000	4448.39000	4442.37000	724
1780682006	XAUUSD	M5	4448.40000	4446.67000	4450.03000	4446.40000	667
1780682306	XAUUSD	M5	4448.41000	4448.68000	4449.09000	4446.56000	624
1780682606	XAUUSD	M5	4453.60000	4448.48000	4455.98000	4446.83000	680
1780682906	XAUUSD	M5	4451.17000	4453.60000	4456.11000	4451.14000	612
1780683206	XAUUSD	M5	4452.81000	4451.22000	4453.48000	4449.32000	577
1780683506	XAUUSD	M5	4454.69000	4452.77000	4455.98000	4451.83000	649
1780683806	XAUUSD	M5	4457.38000	4454.70000	4458.27000	4453.23000	588
1780684106	XAUUSD	M5	4458.50000	4457.38000	4463.35000	4456.06000	623
1780684406	XAUUSD	M5	4461.71000	4458.50000	4463.96000	4458.50000	533
1780684706	XAUUSD	M5	4464.13000	4461.71000	4465.45000	4459.82000	650
1780685006	XAUUSD	M5	4467.11000	4464.15000	4467.33000	4461.53000	579
1780685306	XAUUSD	M5	4466.12000	4467.15000	4467.23000	4464.49000	625
1780685606	XAUUSD	M5	4461.99000	4466.09000	4466.14000	4461.51000	558
1780685906	XAUUSD	M5	4462.10000	4461.99000	4465.88000	4459.47000	536
1780686206	XAUUSD	M5	4462.71000	4462.10000	4464.29000	4461.88000	383
1780686506	XAUUSD	M5	4461.81000	4462.71000	4465.12000	4461.42000	410
1780686806	XAUUSD	M5	4460.88000	4461.88000	4462.87000	4460.77000	404
1780687106	XAUUSD	M5	4461.56000	4460.89000	4463.41000	4458.78000	610
1780687406	XAUUSD	M5	4460.75000	4461.61000	4462.51000	4459.48000	657
1780687706	XAUUSD	M5	4461.10000	4460.41000	4461.90000	4459.47000	549
1780688006	XAUUSD	M5	4463.00000	4461.13000	4463.54000	4459.88000	523
1780688306	XAUUSD	M5	4463.73000	4463.12000	4465.55000	4462.18000	577
1780688606	XAUUSD	M5	4466.82000	4463.75000	4466.82000	4463.09000	621
1780688906	XAUUSD	M5	4463.42000	4466.69000	4468.19000	4463.28000	605
1780689206	XAUUSD	M5	4461.94000	4463.44000	4463.87000	4461.67000	536
1780689506	XAUUSD	M5	4461.88000	4461.96000	4463.39000	4461.07000	464
1780689806	XAUUSD	M5	4463.55000	4461.86000	4464.52000	4461.59000	413
1780690106	XAUUSD	M5	4463.84000	4463.55000	4463.86000	4462.15000	465
1780690406	XAUUSD	M5	4462.68000	4463.84000	4463.84000	4462.30000	358
1780690706	XAUUSD	M5	4461.01000	4462.68000	4463.43000	4460.97000	481
1780691006	XAUUSD	M5	4460.79000	4461.02000	4462.85000	4459.66000	476
1780691306	XAUUSD	M5	4466.03000	4460.78000	4469.12000	4458.86000	646
1780691606	XAUUSD	M5	4467.68000	4466.16000	4469.44000	4464.22000	765
1780691906	XAUUSD	M5	4466.70000	4467.80000	4468.94000	4466.46000	612
1780692206	XAUUSD	M5	4462.94000	4466.72000	4467.81000	4462.13000	604
1780692506	XAUUSD	M5	4463.74000	4463.00000	4466.07000	4459.27000	695
1780692806	XAUUSD	M5	4463.36000	4463.71000	4465.42000	4462.69000	482
1780693106	XAUUSD	M5	4465.96000	4463.40000	4466.17000	4463.39000	473
1780693406	XAUUSD	M5	4465.32000	4466.04000	4469.29000	4465.16000	478
1780693706	XAUUSD	M5	4465.55000	4465.32000	4465.88000	4464.58000	320
1780694006	XAUUSD	M5	4464.90000	4465.44000	4465.61000	4462.72000	475
1780694306	XAUUSD	M5	4463.51000	4464.90000	4465.03000	4463.21000	393
1780694606	XAUUSD	M5	4464.84000	4463.49000	4464.87000	4463.30000	329
1780694906	XAUUSD	M5	4465.18000	4464.82000	4465.19000	4463.47000	344
1780695206	XAUUSD	M5	4465.41000	4465.18000	4465.84000	4464.51000	411
1780695506	XAUUSD	M5	4467.20000	4465.41000	4467.99000	4465.34000	421
1780695806	XAUUSD	M5	4465.99000	4467.20000	4467.21000	4465.09000	379
1780696106	XAUUSD	M5	4462.95000	4465.99000	4466.91000	4462.71000	404
1780696406	XAUUSD	M5	4463.25000	4462.95000	4464.15000	4462.11000	380
1780696706	XAUUSD	M5	4464.56000	4463.25000	4464.67000	4461.88000	375
1780697006	XAUUSD	M5	4466.78000	4464.56000	4467.27000	4464.39000	398
1780697306	XAUUSD	M5	4466.26000	4466.74000	4467.94000	4465.74000	318
1780697606	XAUUSD	M5	4467.02000	4466.51000	4467.02000	4466.04000	367
1780697906	XAUUSD	M5	4463.90000	4466.62000	4467.15000	4463.67000	525
1780698206	XAUUSD	M5	4466.84000	4463.98000	4467.04000	4463.32000	475
1780698506	XAUUSD	M5	4461.42000	4466.76000	4466.91000	4461.20000	389
1780698806	XAUUSD	M5	4461.79000	4461.42000	4463.54000	4460.90000	460
1780699106	XAUUSD	M5	4461.59000	4461.88000	4463.86000	4458.56000	503
1780699406	XAUUSD	M5	4466.09000	4461.59000	4466.09000	4461.59000	572
1780699706	XAUUSD	M5	4465.32000	4466.10000	4467.20000	4464.53000	479
1780700006	XAUUSD	M5	4463.40000	4465.27000	4466.96000	4463.40000	419
1780700306	XAUUSD	M5	4464.95000	4463.49000	4465.84000	4463.26000	448
1780700606	XAUUSD	M5	4466.95000	4464.95000	4467.42000	4464.09000	381
1780700906	XAUUSD	M5	4471.96000	4466.99000	4475.30000	4466.73000	602
1780701206	XAUUSD	M5	4470.13000	4471.98000	4472.45000	4467.63000	506
1780701506	XAUUSD	M5	4465.28000	4470.01000	4470.74000	4464.12000	642
1780701806	XAUUSD	M5	4467.73000	4465.20000	4468.12000	4464.94000	472
1780702106	XAUUSD	M5	4469.28000	4467.93000	4471.08000	4466.84000	519
1780702406	XAUUSD	M5	4472.87000	4469.39000	4473.72000	4468.41000	558
1780702706	XAUUSD	M5	4468.57000	4472.80000	4475.64000	4467.56000	651
1780703006	XAUUSD	M5	4465.15000	4468.42000	4468.85000	4461.67000	553
1780703306	XAUUSD	M5	4453.22000	4465.28000	4465.96000	4447.39000	918
1780703606	XAUUSD	M5	4443.95000	4453.20000	4454.11000	4439.75000	910
1780703906	XAUUSD	M5	4445.81000	4443.86000	4448.11000	4443.13000	829
1780704206	XAUUSD	M5	4440.16000	4446.11000	4449.06000	4440.09000	843
1780704506	XAUUSD	M5	4417.00000	4440.10000	4440.69000	4416.92000	928
1780704806	XAUUSD	M5	4406.35000	4416.97000	4420.09000	4404.92000	946
1780705106	XAUUSD	M5	4411.96000	4406.37000	4418.50000	4400.15000	971
1780705406	XAUUSD	M5	4416.50000	4411.84000	4419.81000	4408.33000	921
1780705706	XAUUSD	M5	4418.53000	4416.35000	4420.64000	4414.74000	893
1780706006	XAUUSD	M5	4417.53000	4418.53000	4421.12000	4416.27000	844
1780706306	XAUUSD	M5	4409.93000	4417.74000	4420.28000	4409.36000	882
1780706606	XAUUSD	M5	4405.16000	4409.92000	4414.98000	4404.07000	841
1780706906	XAUUSD	M5	4404.97000	4404.43000	4409.54000	4398.37000	955
1780707206	XAUUSD	M5	4392.30000	4405.18000	4405.18000	4386.05000	962
1780707506	XAUUSD	M5	4389.52000	4392.21000	4398.27000	4388.47000	946
1780707806	XAUUSD	M5	4383.77000	4389.50000	4391.06000	4383.40000	942
1780708106	XAUUSD	M5	4385.08000	4383.73000	4388.07000	4381.97000	955
1780708406	XAUUSD	M5	4365.81000	4385.26000	4385.87000	4365.54000	948
1780708706	XAUUSD	M5	4372.32000	4365.57000	4379.22000	4364.03000	967
1780709006	XAUUSD	M5	4374.74000	4372.03000	4377.29000	4364.40000	968
1780709306	XAUUSD	M5	4366.17000	4374.83000	4377.14000	4364.75000	945
1780709606	XAUUSD	M5	4369.46000	4366.04000	4370.33000	4364.81000	889
1780709906	XAUUSD	M5	4357.52000	4369.66000	4370.19000	4355.64000	943
1780710206	XAUUSD	M5	4361.01000	4357.62000	4361.50000	4352.93000	934
1780710506	XAUUSD	M5	4353.06000	4361.12000	4363.93000	4349.69000	955
1780710806	XAUUSD	M5	4348.61000	4353.19000	4354.58000	4347.98000	931
1780711106	XAUUSD	M5	4349.26000	4348.69000	4350.49000	4344.73000	919
1780711406	XAUUSD	M5	4356.58000	4349.13000	4359.51000	4348.33000	900
1780711706	XAUUSD	M5	4362.96000	4356.49000	4367.14000	4355.17000	905
1780712006	XAUUSD	M5	4369.70000	4363.14000	4370.19000	4360.97000	876
1780712306	XAUUSD	M5	4368.46000	4369.72000	4372.60000	4362.92000	897
1780712606	XAUUSD	M5	4362.16000	4368.46000	4369.34000	4362.03000	855
1780712906	XAUUSD	M5	4353.29000	4362.14000	4362.25000	4353.29000	879
1780713206	XAUUSD	M5	4355.34000	4352.99000	4356.01000	4349.10000	934
1780713506	XAUUSD	M5	4352.82000	4355.01000	4357.47000	4348.27000	892
1780713806	XAUUSD	M5	4351.89000	4352.75000	4355.36000	4349.49000	858
1780714106	XAUUSD	M5	4346.92000	4351.76000	4354.85000	4345.47000	825
1780714406	XAUUSD	M5	4340.15000	4346.98000	4349.60000	4336.12000	858
1780714706	XAUUSD	M5	4338.81000	4339.97000	4341.59000	4335.56000	819
1780715006	XAUUSD	M5	4339.23000	4338.81000	4341.03000	4336.67000	773
1780715306	XAUUSD	M5	4340.99000	4339.36000	4341.94000	4336.96000	800
1780715606	XAUUSD	M5	4335.51000	4341.01000	4341.55000	4333.94000	816
1780715906	XAUUSD	M5	4334.14000	4335.62000	4338.92000	4330.83000	883
1780716206	XAUUSD	M5	4332.83000	4334.13000	4334.13000	4328.97000	904
1780716506	XAUUSD	M5	4333.58000	4332.84000	4338.06000	4331.60000	822
1780716806	XAUUSD	M5	4330.50000	4333.01000	4333.38000	4325.67000	860
1780717106	XAUUSD	M5	4328.59000	4330.66000	4330.70000	4325.35000	831
1780717406	XAUUSD	M5	4329.73000	4328.62000	4333.88000	4328.41000	858
1780717706	XAUUSD	M5	4328.76000	4329.73000	4330.15000	4323.64000	864
1780718006	XAUUSD	M5	4331.87000	4328.77000	4332.21000	4325.04000	815
1780718306	XAUUSD	M5	4327.87000	4331.93000	4332.23000	4326.18000	807
1780718606	XAUUSD	M5	4333.99000	4327.85000	4334.42000	4325.30000	870
1780718906	XAUUSD	M5	4338.16000	4333.93000	4338.54000	4333.22000	816
1780719206	XAUUSD	M5	4344.61000	4338.14000	4345.00000	4336.93000	857
1780719506	XAUUSD	M5	4344.23000	4344.76000	4346.88000	4339.55000	850
1780719806	XAUUSD	M5	4339.10000	4344.05000	4344.11000	4338.61000	808
1780720106	XAUUSD	M5	4339.56000	4339.10000	4341.70000	4336.55000	838
1780720406	XAUUSD	M5	4338.42000	4339.57000	4342.23000	4336.12000	808
1780720706	XAUUSD	M5	4339.17000	4338.45000	4341.55000	4335.65000	845
1780721006	XAUUSD	M5	4342.45000	4339.05000	4343.00000	4336.12000	864
1780721306	XAUUSD	M5	4343.12000	4342.54000	4343.79000	4339.96000	820
1780721606	XAUUSD	M5	4345.12000	4343.12000	4345.29000	4339.67000	722
1780721906	XAUUSD	M5	4341.28000	4345.10000	4347.32000	4340.24000	799
1780722206	XAUUSD	M5	4339.94000	4341.15000	4342.87000	4337.86000	787
1780722506	XAUUSD	M5	4343.45000	4339.92000	4343.65000	4338.82000	736
1780722806	XAUUSD	M5	4341.68000	4343.45000	4343.60000	4341.11000	733
1780723106	XAUUSD	M5	4333.58000	4341.96000	4342.04000	4333.57000	777
1780723406	XAUUSD	M5	4329.99000	4333.59000	4334.25000	4329.56000	798
1780723706	XAUUSD	M5	4323.31000	4329.99000	4331.62000	4323.07000	831
1780724006	XAUUSD	M5	4326.24000	4322.87000	4326.82000	4321.92000	899
1780724306	XAUUSD	M5	4327.31000	4326.34000	4330.68000	4326.06000	841
1780724606	XAUUSD	M5	4325.94000	4327.31000	4328.06000	4323.01000	853
1780724906	XAUUSD	M5	4325.10000	4325.71000	4326.93000	4319.13000	804
1780725206	XAUUSD	M5	4320.38000	4325.04000	4325.77000	4319.20000	758
1780725506	XAUUSD	M5	4318.16000	4320.32000	4321.26000	4315.29000	716
1780725806	XAUUSD	M5	4321.70000	4318.07000	4321.72000	4315.98000	782
1780726106	XAUUSD	M5	4320.66000	4321.24000	4321.24000	4316.91000	780
1780726406	XAUUSD	M5	4322.37000	4320.25000	4326.93000	4318.99000	814
1780726706	XAUUSD	M5	4320.86000	4322.86000	4323.80000	4316.66000	828
1780727006	XAUUSD	M5	4319.85000	4320.87000	4321.07000	4316.38000	768
1780727306	XAUUSD	M5	4315.37000	4319.88000	4320.06000	4315.34000	766
1780727606	XAUUSD	M5	4318.53000	4315.37000	4319.14000	4313.96000	798
1780727906	XAUUSD	M5	4319.19000	4318.54000	4321.51000	4315.51000	857
1780728206	XAUUSD	M5	4323.85000	4319.20000	4324.32000	4318.93000	873
1780728506	XAUUSD	M5	4322.93000	4323.94000	4325.18000	4320.73000	839
1780728806	XAUUSD	M5	4322.24000	4322.91000	4324.89000	4320.59000	794
1780729106	XAUUSD	M5	4318.85000	4322.24000	4322.32000	4314.06000	882
1780729406	XAUUSD	M5	4320.78000	4318.83000	4322.36000	4317.92000	866
1780729706	XAUUSD	M5	4318.33000	4320.96000	4323.78000	4317.95000	918
1780730006	XAUUSD	M5	4318.75000	4318.49000	4321.37000	4316.92000	902
1780730306	XAUUSD	M5	4313.73000	4318.49000	4318.85000	4312.74000	797
1780730606	XAUUSD	M5	4314.04000	4313.75000	4314.79000	4311.79000	722
1780730906	XAUUSD	M5	4315.59000	4313.92000	4316.87000	4312.40000	706
1780731206	XAUUSD	M5	4315.45000	4315.83000	4316.83000	4314.10000	584
1780731506	XAUUSD	M5	4319.86000	4315.48000	4319.95000	4314.73000	633
1780731806	XAUUSD	M5	4322.47000	4319.86000	4326.38000	4318.82000	571
1780732106	XAUUSD	M5	4322.48000	4322.65000	4323.83000	4321.62000	529
1780732406	XAUUSD	M5	4323.10000	4322.48000	4325.36000	4321.99000	569
1780732706	XAUUSD	M5	4324.13000	4323.03000	4324.85000	4321.23000	516
1780733006	XAUUSD	M5	4327.47000	4324.12000	4329.92000	4324.12000	502
1780733306	XAUUSD	M5	4327.66000	4327.69000	4330.17000	4325.88000	584
1780733606	XAUUSD	M5	4328.74000	4327.66000	4330.93000	4327.66000	302
1780910306	XAUUSD	M5	4320.90000	4332.27000	4336.07000	4311.45000	691
1780910606	XAUUSD	M5	4319.03000	4320.94000	4321.30000	4310.29000	773
1780910906	XAUUSD	M5	4330.05000	4319.05000	4330.24000	4312.91000	765
1780911206	XAUUSD	M5	4327.66000	4330.21000	4330.65000	4324.05000	733
1780911506	XAUUSD	M5	4323.06000	4327.34000	4329.35000	4322.25000	670
1780911806	XAUUSD	M5	4316.74000	4323.06000	4324.38000	4316.34000	596
1780912106	XAUUSD	M5	4323.38000	4316.74000	4323.44000	4315.38000	689
1780912406	XAUUSD	M5	4325.88000	4323.34000	4329.20000	4322.45000	545
1780912706	XAUUSD	M5	4326.26000	4325.98000	4326.90000	4324.67000	479
1780913006	XAUUSD	M5	4322.59000	4326.20000	4326.29000	4319.86000	575
1780913306	XAUUSD	M5	4323.37000	4322.54000	4326.86000	4321.43000	475
1780913606	XAUUSD	M5	4317.47000	4323.37000	4323.47000	4315.88000	736
1780913906	XAUUSD	M5	4325.96000	4317.51000	4327.10000	4317.51000	620
1780914206	XAUUSD	M5	4326.78000	4326.01000	4327.23000	4322.73000	494
1780914506	XAUUSD	M5	4330.85000	4326.75000	4334.25000	4325.98000	506
1780914806	XAUUSD	M5	4331.38000	4330.81000	4333.99000	4330.13000	477
1780915106	XAUUSD	M5	4330.21000	4331.36000	4332.03000	4328.68000	475
1780915406	XAUUSD	M5	4334.02000	4330.21000	4334.73000	4328.93000	411
1780915706	XAUUSD	M5	4333.84000	4334.02000	4336.60000	4333.06000	549
1780916006	XAUUSD	M5	4336.73000	4333.89000	4337.76000	4333.05000	446
1780916306	XAUUSD	M5	4338.96000	4336.73000	4340.57000	4336.51000	500
1780916606	XAUUSD	M5	4341.97000	4338.96000	4343.23000	4335.23000	673
1780916906	XAUUSD	M5	4343.42000	4342.15000	4343.80000	4339.21000	580
1780917206	XAUUSD	M5	4343.96000	4343.42000	4347.03000	4342.55000	670
1780917506	XAUUSD	M5	4344.88000	4344.11000	4346.93000	4340.79000	708
1780917806	XAUUSD	M5	4345.37000	4344.88000	4346.04000	4341.47000	616
1780918106	XAUUSD	M5	4343.65000	4345.58000	4345.79000	4341.29000	594
1780918406	XAUUSD	M5	4347.71000	4343.68000	4347.79000	4341.83000	600
1780918706	XAUUSD	M5	4351.27000	4347.71000	4352.58000	4347.49000	595
1780919006	XAUUSD	M5	4351.37000	4351.27000	4353.21000	4349.46000	605
1780919306	XAUUSD	M5	4349.14000	4351.33000	4352.34000	4346.23000	688
1780919606	XAUUSD	M5	4347.66000	4349.29000	4351.79000	4345.95000	694
1780919906	XAUUSD	M5	4345.29000	4347.69000	4348.71000	4342.03000	710
1780920206	XAUUSD	M5	4342.42000	4345.29000	4345.80000	4339.74000	681
1780920506	XAUUSD	M5	4341.58000	4342.66000	4343.42000	4339.92000	684
1780920806	XAUUSD	M5	4342.43000	4341.58000	4345.26000	4340.74000	750
1780921106	XAUUSD	M5	4339.22000	4342.24000	4345.65000	4336.47000	909
1780921406	XAUUSD	M5	4336.65000	4339.04000	4341.08000	4331.00000	895
1780921706	XAUUSD	M5	4327.14000	4337.25000	4337.81000	4326.97000	862
1780922006	XAUUSD	M5	4318.23000	4327.11000	4327.58000	4314.51000	924
1780922306	XAUUSD	M5	4321.86000	4318.17000	4325.12000	4311.69000	934
1780922606	XAUUSD	M5	4314.77000	4321.83000	4323.34000	4311.43000	924
1780922906	XAUUSD	M5	4315.21000	4314.77000	4317.49000	4299.83000	967
1780923206	XAUUSD	M5	4317.13000	4315.45000	4317.73000	4311.58000	925
1780923506	XAUUSD	M5	4326.20000	4317.26000	4327.49000	4316.60000	920
1780923806	XAUUSD	M5	4323.55000	4326.15000	4329.57000	4323.10000	906
1780924106	XAUUSD	M5	4324.37000	4323.49000	4328.09000	4319.37000	847
1780924406	XAUUSD	M5	4325.44000	4324.15000	4328.59000	4322.96000	842
1780924706	XAUUSD	M5	4322.83000	4325.57000	4330.64000	4321.04000	852
1780925006	XAUUSD	M5	4319.05000	4322.83000	4324.44000	4316.70000	813
1780925306	XAUUSD	M5	4316.75000	4318.98000	4319.09000	4314.71000	811
1780925606	XAUUSD	M5	4312.15000	4316.76000	4319.83000	4311.47000	714
1780925906	XAUUSD	M5	4316.43000	4312.26000	4316.52000	4311.55000	651
1780926206	XAUUSD	M5	4315.09000	4316.43000	4317.06000	4311.54000	632
1780926506	XAUUSD	M5	4309.55000	4315.08000	4316.86000	4308.82000	877
1780926806	XAUUSD	M5	4311.83000	4309.44000	4312.49000	4307.31000	779
1780927106	XAUUSD	M5	4315.99000	4311.68000	4317.89000	4309.07000	798
1780927406	XAUUSD	M5	4317.38000	4316.00000	4320.81000	4314.25000	771
1780927706	XAUUSD	M5	4312.04000	4317.38000	4317.64000	4309.20000	764
1780928006	XAUUSD	M5	4310.65000	4312.11000	4315.62000	4309.64000	725
1780928306	XAUUSD	M5	4311.21000	4310.65000	4314.28000	4310.10000	710
1780928606	XAUUSD	M5	4308.35000	4311.15000	4312.00000	4306.51000	748
1780928906	XAUUSD	M5	4304.81000	4308.35000	4308.42000	4304.32000	684
1780929206	XAUUSD	M5	4307.51000	4304.81000	4307.75000	4303.52000	616
1780929506	XAUUSD	M5	4310.42000	4307.51000	4311.99000	4306.44000	683
1780929806	XAUUSD	M5	4307.23000	4310.65000	4310.83000	4306.12000	599
1780930106	XAUUSD	M5	4307.04000	4307.26000	4309.30000	4304.90000	634
1780930406	XAUUSD	M5	4307.62000	4307.04000	4308.69000	4306.12000	472
1780930706	XAUUSD	M5	4309.95000	4307.61000	4310.04000	4306.60000	512
1780931006	XAUUSD	M5	4312.35000	4309.92000	4313.54000	4309.55000	489
1780931306	XAUUSD	M5	4314.95000	4312.22000	4317.08000	4311.22000	550
1780931606	XAUUSD	M5	4316.92000	4314.95000	4316.98000	4314.04000	461
1780931906	XAUUSD	M5	4315.19000	4316.92000	4320.35000	4314.39000	528
1780932206	XAUUSD	M5	4318.09000	4314.95000	4319.09000	4313.61000	565
1780932506	XAUUSD	M5	4318.68000	4318.05000	4319.42000	4316.64000	497
1780932806	XAUUSD	M5	4318.62000	4318.68000	4321.74000	4317.65000	515
1780933106	XAUUSD	M5	4317.90000	4318.62000	4318.92000	4316.05000	514
1780933406	XAUUSD	M5	4319.96000	4317.97000	4320.95000	4317.25000	527
1780933706	XAUUSD	M5	4313.46000	4319.96000	4320.35000	4311.32000	635
1780934006	XAUUSD	M5	4311.12000	4313.30000	4313.98000	4310.62000	649
1780934306	XAUUSD	M5	4307.82000	4311.12000	4311.94000	4307.67000	546
1780934606	XAUUSD	M5	4310.11000	4307.81000	4311.52000	4307.78000	501
1780934906	XAUUSD	M5	4311.65000	4310.28000	4313.98000	4309.54000	456
1780935206	XAUUSD	M5	4312.80000	4311.64000	4313.59000	4308.81000	544
1780935506	XAUUSD	M5	4315.21000	4312.66000	4316.03000	4311.83000	629
1780935806	XAUUSD	M5	4310.36000	4315.23000	4315.36000	4309.56000	550
1780936106	XAUUSD	M5	4305.19000	4310.40000	4311.49000	4305.19000	602
1780936406	XAUUSD	M5	4309.41000	4304.50000	4310.88000	4304.50000	617
1780936706	XAUUSD	M5	4311.31000	4309.41000	4314.13000	4309.41000	583
1780937006	XAUUSD	M5	4311.93000	4311.31000	4313.34000	4309.11000	642
1780937306	XAUUSD	M5	4287.02000	4311.95000	4312.89000	4286.74000	904
1780937606	XAUUSD	M5	4291.39000	4287.63000	4291.57000	4268.66000	954
1780937906	XAUUSD	M5	4287.87000	4291.18000	4293.16000	4282.94000	911
1780938206	XAUUSD	M5	4286.72000	4287.85000	4292.03000	4284.92000	852
1780938506	XAUUSD	M5	4289.61000	4286.71000	4295.67000	4285.57000	867
1780938806	XAUUSD	M5	4291.94000	4289.58000	4294.87000	4285.86000	839
1780939106	XAUUSD	M5	4303.65000	4291.93000	4308.02000	4291.93000	880
1780939406	XAUUSD	M5	4302.48000	4303.65000	4306.74000	4299.50000	868
1780939706	XAUUSD	M5	4303.37000	4302.41000	4305.93000	4299.20000	812
1780940006	XAUUSD	M5	4303.18000	4303.50000	4307.18000	4299.58000	781
1780940306	XAUUSD	M5	4308.41000	4303.18000	4311.28000	4302.78000	777
1780940606	XAUUSD	M5	4305.75000	4308.35000	4310.57000	4305.34000	743
1780940906	XAUUSD	M5	4299.29000	4305.77000	4306.61000	4299.29000	769
1780941206	XAUUSD	M5	4296.56000	4299.35000	4300.14000	4295.31000	750
1780941506	XAUUSD	M5	4298.41000	4296.56000	4300.20000	4294.07000	745
1780941806	XAUUSD	M5	4297.44000	4298.44000	4300.18000	4296.05000	683
1780942106	XAUUSD	M5	4297.89000	4297.44000	4300.82000	4296.38000	734
1780942406	XAUUSD	M5	4300.07000	4297.92000	4300.48000	4293.22000	689
1780942706	XAUUSD	M5	4299.24000	4300.09000	4302.81000	4295.73000	800
1780943006	XAUUSD	M5	4300.61000	4299.26000	4301.60000	4294.96000	695
1780943306	XAUUSD	M5	4305.33000	4300.62000	4308.60000	4298.60000	741
1780943606	XAUUSD	M5	4306.26000	4305.35000	4310.67000	4300.64000	749
1780943906	XAUUSD	M5	4314.11000	4306.24000	4314.91000	4305.70000	708
1780944206	XAUUSD	M5	4306.16000	4314.29000	4316.96000	4305.90000	689
1780944506	XAUUSD	M5	4308.17000	4306.24000	4309.30000	4305.09000	660
1780944806	XAUUSD	M5	4307.81000	4308.37000	4311.71000	4304.17000	764
1780945106	XAUUSD	M5	4301.77000	4307.94000	4307.94000	4301.37000	651
1780945406	XAUUSD	M5	4298.57000	4301.77000	4302.65000	4298.34000	665
1780945706	XAUUSD	M5	4296.56000	4298.44000	4299.44000	4295.75000	652
1780946006	XAUUSD	M5	4294.50000	4296.58000	4299.46000	4294.50000	703
1780946306	XAUUSD	M5	4293.29000	4294.50000	4297.18000	4290.29000	760
1780946606	XAUUSD	M5	4294.65000	4293.33000	4295.75000	4289.68000	677
1780946906	XAUUSD	M5	4291.84000	4294.56000	4296.05000	4291.18000	681
1780947206	XAUUSD	M5	4292.80000	4291.83000	4293.59000	4288.68000	704
1780947506	XAUUSD	M5	4288.89000	4293.05000	4293.20000	4288.06000	667
1780947806	XAUUSD	M5	4288.16000	4288.84000	4290.29000	4285.35000	655
1780948106	XAUUSD	M5	4291.37000	4288.51000	4292.16000	4286.91000	669
1780948406	XAUUSD	M5	4287.55000	4291.43000	4291.43000	4286.68000	621
1780948706	XAUUSD	M5	4290.79000	4287.69000	4291.29000	4286.59000	655
1780949006	XAUUSD	M5	4291.17000	4290.79000	4293.81000	4289.56000	694
1780949306	XAUUSD	M5	4288.45000	4291.32000	4293.37000	4286.50000	666
1780949606	XAUUSD	M5	4288.78000	4288.40000	4290.48000	4285.45000	757
1780949906	XAUUSD	M5	4290.83000	4288.76000	4292.21000	4288.76000	678
1780950206	XAUUSD	M5	4285.28000	4290.76000	4291.01000	4284.57000	519
1780950506	XAUUSD	M5	4289.02000	4285.13000	4289.02000	4284.86000	496
1780950806	XAUUSD	M5	4287.97000	4289.02000	4290.47000	4287.28000	450
1780951106	XAUUSD	M5	4286.53000	4287.97000	4290.98000	4286.14000	476
1780951406	XAUUSD	M5	4279.87000	4286.53000	4287.81000	4279.47000	562
1780951706	XAUUSD	M5	4273.98000	4279.86000	4280.92000	4273.02000	752
1780952006	XAUUSD	M5	4293.84000	4273.91000	4295.88000	4273.56000	842
1780952306	XAUUSD	M5	4293.68000	4293.81000	4296.37000	4289.49000	774
1780952606	XAUUSD	M5	4301.13000	4293.63000	4301.95000	4292.86000	705
1780952906	XAUUSD	M5	4293.67000	4301.11000	4301.55000	4291.55000	692
1780953206	XAUUSD	M5	4294.31000	4293.65000	4295.64000	4291.07000	713
1780953506	XAUUSD	M5	4290.57000	4294.30000	4294.95000	4286.24000	691
1780953806	XAUUSD	M5	4294.92000	4290.57000	4297.76000	4289.35000	598
1780954106	XAUUSD	M5	4294.59000	4294.73000	4297.58000	4293.51000	533
1780954406	XAUUSD	M5	4290.16000	4294.59000	4295.92000	4290.05000	582
1780954706	XAUUSD	M5	4291.39000	4290.16000	4292.81000	4289.86000	526
1780955006	XAUUSD	M5	4293.83000	4291.39000	4295.30000	4290.24000	572
1780955306	XAUUSD	M5	4304.01000	4293.85000	4305.39000	4292.30000	619
1780955606	XAUUSD	M5	4299.93000	4303.80000	4305.76000	4299.47000	777
1780955906	XAUUSD	M5	4304.93000	4299.97000	4304.93000	4299.44000	609
1780956206	XAUUSD	M5	4300.61000	4304.92000	4305.09000	4299.46000	617
1780956506	XAUUSD	M5	4298.55000	4300.61000	4302.15000	4298.44000	536
1780956806	XAUUSD	M5	4302.06000	4298.55000	4303.13000	4296.86000	580
1780957106	XAUUSD	M5	4300.05000	4302.06000	4302.44000	4297.18000	593
1780957406	XAUUSD	M5	4306.20000	4300.05000	4306.32000	4300.05000	442
1780957706	XAUUSD	M5	4318.58000	4306.31000	4318.58000	4304.57000	822
1780958006	XAUUSD	M5	4326.93000	4318.20000	4327.87000	4312.70000	886
1780958306	XAUUSD	M5	4324.92000	4327.10000	4331.11000	4323.23000	841
1780958606	XAUUSD	M5	4325.31000	4324.96000	4329.60000	4322.17000	734
1780958906	XAUUSD	M5	4330.01000	4325.32000	4333.26000	4325.02000	766
1780959206	XAUUSD	M5	4325.51000	4329.91000	4330.44000	4324.28000	717
1780959506	XAUUSD	M5	4324.05000	4325.51000	4327.53000	4322.40000	711
1780959806	XAUUSD	M5	4323.95000	4324.08000	4326.49000	4321.42000	649
1780960106	XAUUSD	M5	4326.76000	4324.12000	4328.74000	4323.74000	687
1780960406	XAUUSD	M5	4331.28000	4326.79000	4332.73000	4325.34000	721
1780960706	XAUUSD	M5	4330.85000	4331.31000	4334.61000	4327.73000	809
1780961006	XAUUSD	M5	4330.66000	4330.50000	4334.80000	4327.50000	753
1780961306	XAUUSD	M5	4322.88000	4330.66000	4331.18000	4322.54000	725
1780961606	XAUUSD	M5	4325.20000	4322.33000	4326.41000	4320.26000	662
1780961906	XAUUSD	M5	4329.15000	4325.16000	4329.98000	4323.07000	741
1780962206	XAUUSD	M5	4330.13000	4329.16000	4331.55000	4328.11000	710
1780962506	XAUUSD	M5	4328.27000	4330.14000	4334.65000	4328.06000	737
1780962806	XAUUSD	M5	4330.10000	4328.33000	4334.02000	4327.63000	709
1780963106	XAUUSD	M5	4335.74000	4329.99000	4339.42000	4328.52000	766
1780963406	XAUUSD	M5	4332.68000	4335.83000	4338.03000	4332.43000	689
1780963706	XAUUSD	M5	4330.01000	4332.67000	4333.55000	4327.10000	737
1780964006	XAUUSD	M5	4333.10000	4330.05000	4334.52000	4329.00000	720
1780964306	XAUUSD	M5	4328.74000	4333.18000	4334.94000	4326.07000	881
1780964606	XAUUSD	M5	4324.46000	4329.06000	4330.30000	4323.32000	801
1780964906	XAUUSD	M5	4323.84000	4324.35000	4326.64000	4323.35000	712
1780965206	XAUUSD	M5	4325.41000	4323.85000	4325.93000	4321.52000	743
1780965506	XAUUSD	M5	4331.79000	4325.47000	4336.12000	4325.47000	836
1780965806	XAUUSD	M5	4331.33000	4331.81000	4333.80000	4329.43000	763
1780966106	XAUUSD	M5	4333.45000	4331.38000	4340.08000	4331.37000	964
1780966406	XAUUSD	M5	4341.20000	4333.49000	4346.65000	4332.66000	954
1780966706	XAUUSD	M5	4336.42000	4340.72000	4344.46000	4335.39000	947
1780967006	XAUUSD	M5	4332.54000	4336.45000	4338.67000	4332.54000	942
1780967306	XAUUSD	M5	4334.15000	4332.52000	4339.22000	4328.45000	918
1780967606	XAUUSD	M5	4326.79000	4334.37000	4337.06000	4326.27000	907
1780967906	XAUUSD	M5	4322.59000	4327.02000	4330.75000	4322.38000	943
1780968206	XAUUSD	M5	4320.64000	4322.35000	4327.51000	4319.16000	925
1780968506	XAUUSD	M5	4319.56000	4320.88000	4320.88000	4316.72000	938
1780968806	XAUUSD	M5	4321.81000	4319.62000	4322.03000	4317.09000	893
1780969106	XAUUSD	M5	4318.69000	4321.79000	4324.34000	4317.20000	912
1780969406	XAUUSD	M5	4320.06000	4318.81000	4322.92000	4315.92000	880
1780969706	XAUUSD	M5	4322.14000	4320.08000	4324.11000	4318.71000	845
1780970006	XAUUSD	M5	4319.87000	4322.14000	4323.24000	4315.15000	839
1780970306	XAUUSD	M5	4322.57000	4319.87000	4323.33000	4316.20000	876
1780970606	XAUUSD	M5	4317.76000	4322.63000	4328.32000	4317.67000	898
1780970906	XAUUSD	M5	4326.33000	4317.61000	4327.00000	4317.05000	879
1780971206	XAUUSD	M5	4331.06000	4326.49000	4331.48000	4324.42000	814
1780971506	XAUUSD	M5	4329.00000	4331.08000	4336.42000	4328.99000	799
1780971806	XAUUSD	M5	4328.58000	4329.06000	4330.85000	4325.43000	750
1780972106	XAUUSD	M5	4325.45000	4328.56000	4328.99000	4325.37000	719
1780972406	XAUUSD	M5	4331.78000	4325.47000	4332.30000	4322.66000	825
1780972706	XAUUSD	M5	4335.38000	4331.68000	4336.08000	4329.36000	815
1780973006	XAUUSD	M5	4330.68000	4335.35000	4335.35000	4329.04000	875
1780973306	XAUUSD	M5	4332.26000	4330.76000	4333.50000	4328.71000	876
1780973606	XAUUSD	M5	4336.68000	4332.22000	4337.49000	4331.21000	821
1780973906	XAUUSD	M5	4339.41000	4336.63000	4339.72000	4335.27000	804
1780974206	XAUUSD	M5	4335.43000	4339.51000	4341.02000	4334.57000	776
1780974506	XAUUSD	M5	4342.82000	4335.45000	4343.30000	4335.45000	754
1780974806	XAUUSD	M5	4341.94000	4342.74000	4345.77000	4341.09000	762
1780975106	XAUUSD	M5	4341.30000	4341.90000	4343.93000	4338.75000	781
1780975406	XAUUSD	M5	4339.79000	4341.30000	4343.22000	4338.90000	772
1780975706	XAUUSD	M5	4340.96000	4339.79000	4342.03000	4338.16000	724
1780976006	XAUUSD	M5	4342.79000	4340.96000	4343.92000	4340.32000	667
1780976306	XAUUSD	M5	4341.13000	4343.01000	4343.81000	4339.78000	760
1780976606	XAUUSD	M5	4340.95000	4341.15000	4343.09000	4340.41000	734
1780976906	XAUUSD	M5	4342.62000	4341.34000	4345.09000	4341.03000	769
1780977206	XAUUSD	M5	4341.23000	4342.65000	4346.42000	4340.61000	724
1780977506	XAUUSD	M5	4343.94000	4341.27000	4343.94000	4340.77000	697
1780977806	XAUUSD	M5	4345.20000	4343.99000	4346.05000	4342.40000	662
1780978106	XAUUSD	M5	4338.13000	4345.20000	4345.88000	4338.05000	721
1780978406	XAUUSD	M5	4340.75000	4338.16000	4341.52000	4337.91000	615
1780978706	XAUUSD	M5	4337.90000	4340.66000	4342.42000	4336.78000	758
1780979006	XAUUSD	M5	4338.51000	4337.94000	4342.08000	4337.65000	690
1780979306	XAUUSD	M5	4338.82000	4338.53000	4339.18000	4336.10000	701
1780979606	XAUUSD	M5	4338.32000	4338.82000	4340.29000	4336.63000	749
1780979906	XAUUSD	M5	4335.62000	4338.31000	4340.55000	4335.27000	731
1780980206	XAUUSD	M5	4339.15000	4335.63000	4340.40000	4333.94000	780
1780980506	XAUUSD	M5	4335.57000	4339.20000	4339.64000	4333.70000	723
1780980806	XAUUSD	M5	4335.02000	4335.55000	4335.94000	4332.03000	701
1780981106	XAUUSD	M5	4334.10000	4334.95000	4335.39000	4333.80000	691
1780981406	XAUUSD	M5	4337.05000	4334.06000	4337.12000	4334.06000	701
1780981706	XAUUSD	M5	4336.76000	4337.05000	4338.31000	4336.20000	569
1780982006	XAUUSD	M5	4339.26000	4336.76000	4339.46000	4335.75000	617
1780982306	XAUUSD	M5	4343.87000	4339.15000	4344.83000	4338.70000	633
1780982606	XAUUSD	M5	4343.53000	4343.81000	4345.27000	4342.23000	606
1780982906	XAUUSD	M5	4341.33000	4343.76000	4344.24000	4341.05000	665
1780983206	XAUUSD	M5	4342.33000	4341.33000	4343.79000	4341.33000	664
1780983506	XAUUSD	M5	4343.89000	4342.37000	4344.70000	4341.74000	670
1780983806	XAUUSD	M5	4342.66000	4343.84000	4345.87000	4342.08000	609
1780984106	XAUUSD	M5	4340.71000	4342.59000	4344.64000	4340.63000	644
1780984406	XAUUSD	M5	4337.20000	4340.71000	4341.69000	4336.96000	657
1780984706	XAUUSD	M5	4336.74000	4337.20000	4338.67000	4336.34000	618
1780985006	XAUUSD	M5	4334.57000	4336.74000	4337.04000	4334.48000	542
1780985306	XAUUSD	M5	4334.32000	4334.54000	4336.83000	4333.04000	559
1780985606	XAUUSD	M5	4334.61000	4334.49000	4336.07000	4333.45000	570
1780985906	XAUUSD	M5	4337.00000	4334.48000	4338.18000	4334.10000	549
1780986206	XAUUSD	M5	4332.50000	4336.99000	4336.99000	4332.49000	519
1780986506	XAUUSD	M5	4329.87000	4332.50000	4332.56000	4329.60000	739
1780986806	XAUUSD	M5	4328.82000	4329.87000	4331.59000	4328.24000	688
1780987106	XAUUSD	M5	4326.76000	4328.82000	4330.39000	4326.70000	680
1780987406	XAUUSD	M5	4327.76000	4326.77000	4328.27000	4326.18000	632
1780987706	XAUUSD	M5	4327.32000	4327.77000	4330.56000	4326.37000	658
1780988006	XAUUSD	M5	4325.92000	4327.32000	4328.44000	4325.16000	599
1780988306	XAUUSD	M5	4325.18000	4325.75000	4325.98000	4324.34000	653
1780988606	XAUUSD	M5	4327.19000	4325.16000	4327.71000	4324.92000	632
1780988906	XAUUSD	M5	4328.39000	4328.29000	4330.11000	4327.79000	747
1780989206	XAUUSD	M5	4326.76000	4328.39000	4329.02000	4323.21000	788
1780989506	XAUUSD	M5	4329.64000	4326.64000	4329.85000	4326.64000	484
1780989806	XAUUSD	M5	4327.83000	4329.49000	4329.76000	4327.62000	267
1780990106	XAUUSD	M5	4328.24000	4327.95000	4328.33000	4326.57000	286
1780990406	XAUUSD	M5	4325.89000	4328.27000	4328.27000	4324.58000	282
1780990706	XAUUSD	M5	4326.99000	4325.87000	4327.67000	4325.37000	275
1780991006	XAUUSD	M5	4326.52000	4327.02000	4327.10000	4324.40000	320
1780991306	XAUUSD	M5	4327.86000	4326.57000	4327.95000	4325.70000	265
1780991606	XAUUSD	M5	4327.63000	4327.84000	4328.52000	4326.82000	241
1780991906	XAUUSD	M5	4326.28000	4327.64000	4327.73000	4325.42000	248
1780992206	XAUUSD	M5	4327.40000	4326.28000	4327.45000	4325.62000	255
1780992506	XAUUSD	M5	4329.21000	4327.39000	4329.88000	4326.99000	263
1780992806	XAUUSD	M5	4329.82000	4329.21000	4330.42000	4329.06000	166
1780996706	XAUUSD	M5	4326.71000	4331.48000	4332.69000	4326.40000	321
1780997006	XAUUSD	M5	4326.95000	4326.67000	4328.02000	4324.80000	249
1780997306	XAUUSD	M5	4325.29000	4326.95000	4327.95000	4324.39000	214
1780997606	XAUUSD	M5	4324.60000	4325.23000	4325.23000	4322.75000	284
1780997906	XAUUSD	M5	4326.06000	4324.60000	4326.51000	4324.53000	218
1780998206	XAUUSD	M5	4325.13000	4326.06000	4327.15000	4324.54000	217
1780998506	XAUUSD	M5	4325.58000	4324.89000	4327.33000	4324.89000	237
1780998806	XAUUSD	M5	4325.84000	4325.58000	4326.57000	4325.28000	154
1780999106	XAUUSD	M5	4327.42000	4325.84000	4327.42000	4325.06000	169
1780999406	XAUUSD	M5	4326.94000	4327.46000	4327.85000	4326.33000	198
1780999706	XAUUSD	M5	4328.08000	4326.94000	4328.35000	4326.14000	166
1781000006	XAUUSD	M5	4327.79000	4328.08000	4328.75000	4327.57000	209
1781000306	XAUUSD	M5	4327.61000	4327.90000	4327.93000	4327.20000	178
1781000606	XAUUSD	M5	4326.60000	4327.77000	4327.77000	4325.22000	175
1781000906	XAUUSD	M5	4327.63000	4326.47000	4328.77000	4325.71000	246
1781001206	XAUUSD	M5	4327.40000	4327.64000	4328.42000	4326.24000	242
1781001506	XAUUSD	M5	4325.15000	4327.40000	4327.57000	4324.91000	263
1781001806	XAUUSD	M5	4320.46000	4325.15000	4325.15000	4320.38000	309
1781002106	XAUUSD	M5	4317.98000	4320.46000	4320.98000	4315.12000	455
1781002406	XAUUSD	M5	4321.80000	4318.03000	4322.01000	4318.03000	335
1781002706	XAUUSD	M5	4319.60000	4321.79000	4322.24000	4319.25000	346
1781003006	XAUUSD	M5	4313.69000	4319.60000	4319.94000	4313.45000	503
1781003306	XAUUSD	M5	4317.07000	4313.77000	4319.09000	4312.92000	480
1781003606	XAUUSD	M5	4317.91000	4317.00000	4318.08000	4314.34000	499
1781003906	XAUUSD	M5	4317.39000	4317.85000	4319.51000	4315.49000	756
1781004206	XAUUSD	M5	4318.58000	4317.29000	4321.65000	4316.99000	791
1781004506	XAUUSD	M5	4322.74000	4318.40000	4323.74000	4318.40000	669
1781004806	XAUUSD	M5	4320.18000	4322.56000	4323.26000	4320.18000	634
1781005106	XAUUSD	M5	4318.80000	4320.21000	4320.51000	4317.36000	637
1781005406	XAUUSD	M5	4316.82000	4318.80000	4319.48000	4316.58000	626
1781005706	XAUUSD	M5	4318.92000	4316.72000	4319.49000	4315.24000	540
1781006006	XAUUSD	M5	4319.03000	4318.95000	4323.11000	4317.98000	650
1781006306	XAUUSD	M5	4318.44000	4319.06000	4321.18000	4317.54000	566
1781006606	XAUUSD	M5	4317.00000	4318.40000	4318.98000	4315.02000	485
1781006906	XAUUSD	M5	4315.79000	4317.00000	4319.96000	4315.79000	566
1781007206	XAUUSD	M5	4319.86000	4315.79000	4321.17000	4315.38000	569
1781007506	XAUUSD	M5	4321.26000	4319.87000	4323.94000	4318.52000	872
1781007806	XAUUSD	M5	4325.19000	4321.11000	4327.79000	4320.66000	764
1781008106	XAUUSD	M5	4324.10000	4325.21000	4326.65000	4321.45000	753
1781008406	XAUUSD	M5	4324.04000	4324.13000	4329.89000	4322.33000	783
1781008706	XAUUSD	M5	4327.56000	4324.12000	4332.23000	4322.79000	782
1781009006	XAUUSD	M5	4335.33000	4327.57000	4338.02000	4327.49000	771
1781009306	XAUUSD	M5	4337.31000	4335.37000	4338.37000	4332.87000	712
1781009606	XAUUSD	M5	4335.61000	4337.32000	4338.91000	4334.58000	652
1781009906	XAUUSD	M5	4335.74000	4335.40000	4338.51000	4333.10000	704
1781010206	XAUUSD	M5	4334.08000	4335.76000	4338.34000	4333.98000	705
1781010506	XAUUSD	M5	4336.70000	4334.10000	4337.34000	4334.03000	645
1781010806	XAUUSD	M5	4336.53000	4336.55000	4338.23000	4333.13000	625
1781011106	XAUUSD	M5	4332.86000	4336.57000	4336.86000	4331.49000	637
1781011406	XAUUSD	M5	4331.07000	4332.86000	4332.98000	4328.27000	731
1781011706	XAUUSD	M5	4332.91000	4331.07000	4333.46000	4329.37000	534
1781012006	XAUUSD	M5	4332.68000	4332.92000	4334.63000	4330.12000	581
1781012306	XAUUSD	M5	4334.61000	4332.68000	4335.67000	4331.85000	565
1781012606	XAUUSD	M5	4335.60000	4334.60000	4336.25000	4332.35000	533
1781012906	XAUUSD	M5	4335.53000	4335.65000	4339.72000	4333.84000	640
1781013206	XAUUSD	M5	4335.22000	4335.55000	4335.71000	4331.08000	658
1781013506	XAUUSD	M5	4338.43000	4335.31000	4338.44000	4333.67000	565
1781013806	XAUUSD	M5	4337.70000	4338.97000	4341.05000	4337.44000	635
1781014106	XAUUSD	M5	4338.75000	4337.66000	4340.44000	4334.93000	597
1781014406	XAUUSD	M5	4336.03000	4338.78000	4339.44000	4334.93000	586
1781014706	XAUUSD	M5	4331.95000	4335.94000	4337.56000	4331.69000	620
1781015006	XAUUSD	M5	4338.41000	4331.95000	4341.41000	4331.33000	749
1781015306	XAUUSD	M5	4338.71000	4338.41000	4340.30000	4337.43000	559
1781015606	XAUUSD	M5	4339.72000	4338.78000	4342.35000	4338.74000	589
1781015906	XAUUSD	M5	4334.90000	4339.72000	4340.33000	4333.57000	586
1781016206	XAUUSD	M5	4336.80000	4334.90000	4337.40000	4334.38000	550
1781016506	XAUUSD	M5	4333.67000	4336.70000	4337.99000	4333.65000	526
1781016806	XAUUSD	M5	4335.36000	4333.67000	4336.65000	4333.51000	399
1781017106	XAUUSD	M5	4337.55000	4335.28000	4337.76000	4334.65000	444
1781017406	XAUUSD	M5	4338.62000	4337.55000	4341.91000	4337.55000	445
1781017706	XAUUSD	M5	4339.51000	4338.62000	4340.45000	4337.21000	373
1781018006	XAUUSD	M5	4336.61000	4339.51000	4340.36000	4334.39000	390
1781018306	XAUUSD	M5	4335.52000	4336.61000	4336.61000	4333.40000	418
1781018606	XAUUSD	M5	4337.36000	4335.49000	4338.16000	4334.98000	379
1781018906	XAUUSD	M5	4332.25000	4337.43000	4339.43000	4332.24000	434
1781019206	XAUUSD	M5	4329.97000	4332.25000	4332.89000	4329.42000	404
1781019506	XAUUSD	M5	4331.23000	4329.97000	4331.69000	4328.83000	409
1781019806	XAUUSD	M5	4330.49000	4331.30000	4331.73000	4329.30000	300
1781020106	XAUUSD	M5	4325.42000	4330.50000	4330.54000	4324.38000	490
1781020406	XAUUSD	M5	4329.96000	4325.34000	4330.59000	4325.34000	476
1781020706	XAUUSD	M5	4328.15000	4329.96000	4329.96000	4326.97000	318
1781021006	XAUUSD	M5	4329.25000	4327.97000	4329.40000	4326.89000	313
1781021306	XAUUSD	M5	4327.53000	4329.25000	4331.49000	4327.21000	389
1781021606	XAUUSD	M5	4332.31000	4327.53000	4333.07000	4326.16000	397
1781021906	XAUUSD	M5	4336.16000	4332.62000	4336.61000	4332.35000	434
1781022206	XAUUSD	M5	4332.51000	4336.16000	4337.04000	4332.37000	425
1781022506	XAUUSD	M5	4331.40000	4332.51000	4334.36000	4330.95000	482
1781022806	XAUUSD	M5	4333.51000	4331.40000	4334.61000	4330.93000	377
1781023106	XAUUSD	M5	4333.41000	4333.51000	4335.50000	4331.09000	452
1781023406	XAUUSD	M5	4332.58000	4333.41000	4333.86000	4332.21000	482
1781023706	XAUUSD	M5	4342.78000	4332.52000	4343.89000	4332.30000	863
1781024006	XAUUSD	M5	4343.14000	4342.74000	4344.11000	4340.00000	637
1781024306	XAUUSD	M5	4348.25000	4343.55000	4351.53000	4342.72000	725
1781024606	XAUUSD	M5	4346.59000	4348.61000	4349.07000	4343.22000	648
1781024906	XAUUSD	M5	4345.52000	4346.56000	4346.56000	4343.21000	635
1781025206	XAUUSD	M5	4343.48000	4345.49000	4345.49000	4341.69000	613
1781025506	XAUUSD	M5	4344.55000	4343.49000	4348.88000	4343.02000	712
1781025806	XAUUSD	M5	4344.10000	4344.69000	4346.84000	4343.00000	666
1781026106	XAUUSD	M5	4341.43000	4344.10000	4344.79000	4340.22000	669
1781026406	XAUUSD	M5	4343.03000	4341.41000	4343.79000	4340.98000	640
1781026706	XAUUSD	M5	4344.78000	4342.88000	4345.95000	4341.02000	634
1781027006	XAUUSD	M5	4338.72000	4344.75000	4345.47000	4338.30000	635
1781027306	XAUUSD	M5	4333.88000	4338.96000	4339.18000	4331.90000	725
1781027606	XAUUSD	M5	4337.90000	4333.88000	4339.55000	4333.35000	590
1781027906	XAUUSD	M5	4336.73000	4337.90000	4338.78000	4334.48000	477
1781028206	XAUUSD	M5	4339.42000	4336.73000	4340.33000	4336.46000	511
1781028506	XAUUSD	M5	4335.32000	4339.67000	4339.73000	4334.93000	520
1781028806	XAUUSD	M5	4330.65000	4335.29000	4336.16000	4330.31000	638
1781029106	XAUUSD	M5	4331.73000	4330.63000	4334.69000	4328.52000	744
1781029406	XAUUSD	M5	4332.51000	4331.71000	4333.71000	4329.85000	630
1781029706	XAUUSD	M5	4327.41000	4332.50000	4332.56000	4327.35000	611
1781030006	XAUUSD	M5	4328.84000	4326.89000	4329.93000	4322.96000	662
1781030306	XAUUSD	M5	4330.11000	4328.92000	4330.79000	4325.73000	591
1781030606	XAUUSD	M5	4331.06000	4330.53000	4332.14000	4329.00000	583
1781030906	XAUUSD	M5	4326.64000	4331.07000	4331.32000	4325.53000	577
1781031206	XAUUSD	M5	4325.67000	4326.64000	4326.68000	4322.32000	626
1781031506	XAUUSD	M5	4328.43000	4325.65000	4328.43000	4325.00000	482
1781031806	XAUUSD	M5	4326.47000	4328.45000	4330.20000	4326.08000	439
1781032106	XAUUSD	M5	4328.70000	4326.21000	4329.65000	4325.27000	499
1781032406	XAUUSD	M5	4326.56000	4328.66000	4328.80000	4326.08000	454
1781032706	XAUUSD	M5	4323.18000	4326.66000	4327.08000	4322.79000	698
1781033006	XAUUSD	M5	4326.61000	4323.20000	4326.90000	4321.27000	630
1781033306	XAUUSD	M5	4331.70000	4326.74000	4336.43000	4326.46000	711
1781033606	XAUUSD	M5	4332.46000	4331.73000	4335.05000	4331.49000	656
1781033906	XAUUSD	M5	4331.98000	4332.27000	4334.41000	4331.75000	613
1781034206	XAUUSD	M5	4334.38000	4331.91000	4335.57000	4331.62000	612
1781034506	XAUUSD	M5	4331.19000	4334.43000	4336.07000	4331.13000	549
1781034806	XAUUSD	M5	4334.45000	4331.20000	4334.83000	4330.52000	480
1781035106	XAUUSD	M5	4335.05000	4334.45000	4336.82000	4333.21000	479
1781035406	XAUUSD	M5	4328.20000	4335.05000	4335.41000	4327.42000	521
1781035706	XAUUSD	M5	4330.00000	4328.20000	4330.01000	4325.85000	494
1781036006	XAUUSD	M5	4326.60000	4329.98000	4330.57000	4326.59000	382
1781036306	XAUUSD	M5	4328.93000	4326.60000	4329.16000	4325.27000	492
1781036606	XAUUSD	M5	4330.22000	4328.93000	4330.55000	4327.26000	451
1781036906	XAUUSD	M5	4328.22000	4330.15000	4330.78000	4327.64000	456
1781037206	XAUUSD	M5	4330.01000	4328.24000	4330.65000	4327.99000	448
1781037506	XAUUSD	M5	4333.35000	4330.03000	4336.25000	4329.79000	552
1781037806	XAUUSD	M5	4326.89000	4333.61000	4334.54000	4324.20000	581
1781038106	XAUUSD	M5	4326.62000	4326.62000	4329.56000	4325.72000	611
1781038406	XAUUSD	M5	4329.23000	4326.59000	4331.02000	4326.43000	464
1781038706	XAUUSD	M5	4327.13000	4329.24000	4329.76000	4325.06000	434
1781039006	XAUUSD	M5	4329.78000	4327.02000	4330.19000	4326.65000	418
1781039306	XAUUSD	M5	4333.15000	4329.81000	4333.62000	4329.68000	370
1781039606	XAUUSD	M5	4332.26000	4333.24000	4333.45000	4330.69000	391
1781039906	XAUUSD	M5	4330.80000	4332.27000	4333.18000	4330.25000	453
1781040206	XAUUSD	M5	4327.26000	4330.80000	4331.22000	4325.63000	609
1781040506	XAUUSD	M5	4335.24000	4327.07000	4335.69000	4326.57000	613
1781040806	XAUUSD	M5	4334.87000	4335.41000	4336.35000	4334.07000	588
1781041106	XAUUSD	M5	4332.60000	4334.89000	4334.91000	4331.35000	446
1781041406	XAUUSD	M5	4333.84000	4332.60000	4336.52000	4331.80000	429
1781041706	XAUUSD	M5	4333.85000	4333.91000	4335.12000	4332.37000	374
1781042006	XAUUSD	M5	4331.97000	4333.85000	4334.00000	4331.75000	356
1781042306	XAUUSD	M5	4332.65000	4331.97000	4332.82000	4329.79000	425
1781042606	XAUUSD	M5	4330.74000	4332.65000	4333.13000	4330.57000	350
1781042906	XAUUSD	M5	4335.14000	4330.75000	4336.65000	4330.36000	449
1781043206	XAUUSD	M5	4339.15000	4335.16000	4340.76000	4334.72000	466
1781043506	XAUUSD	M5	4335.92000	4339.08000	4340.34000	4335.68000	515
1781043806	XAUUSD	M5	4337.21000	4335.93000	4339.04000	4335.65000	435
1781044106	XAUUSD	M5	4337.83000	4337.45000	4338.16000	4336.08000	421
1781044406	XAUUSD	M5	4339.31000	4337.84000	4339.45000	4336.14000	401
1781044706	XAUUSD	M5	4337.27000	4339.27000	4340.46000	4337.22000	428
1781045006	XAUUSD	M5	4338.75000	4337.25000	4338.89000	4336.30000	378
1781045306	XAUUSD	M5	4337.87000	4338.77000	4338.91000	4336.97000	353
1781045606	XAUUSD	M5	4337.41000	4337.88000	4338.32000	4336.89000	382
1781045906	XAUUSD	M5	4338.95000	4337.22000	4340.08000	4337.13000	445
1781046206	XAUUSD	M5	4340.14000	4338.90000	4340.55000	4337.38000	477
1781046506	XAUUSD	M5	4341.36000	4340.20000	4343.86000	4340.18000	491
1781046806	XAUUSD	M5	4339.76000	4341.32000	4343.35000	4339.57000	415
1781047106	XAUUSD	M5	4342.37000	4339.84000	4343.48000	4339.70000	496
1781047406	XAUUSD	M5	4343.71000	4342.37000	4344.03000	4341.64000	450
1781047706	XAUUSD	M5	4340.92000	4343.75000	4344.06000	4340.88000	456
1781048006	XAUUSD	M5	4342.98000	4341.08000	4342.98000	4338.97000	556
1781048306	XAUUSD	M5	4338.60000	4342.91000	4342.91000	4337.19000	608
1781048606	XAUUSD	M5	4335.94000	4338.58000	4339.86000	4335.43000	578
1781048906	XAUUSD	M5	4336.67000	4335.94000	4339.97000	4334.97000	636
1781049206	XAUUSD	M5	4340.71000	4336.64000	4341.42000	4336.09000	624
1781049506	XAUUSD	M5	4340.92000	4340.67000	4342.10000	4339.11000	543
1781049806	XAUUSD	M5	4341.28000	4340.87000	4344.37000	4339.98000	550
1781050106	XAUUSD	M5	4337.55000	4341.33000	4343.76000	4337.24000	550
1781050406	XAUUSD	M5	4341.42000	4337.39000	4342.03000	4336.75000	551
1781050706	XAUUSD	M5	4339.49000	4341.61000	4345.53000	4338.14000	831
1781051006	XAUUSD	M5	4341.28000	4339.55000	4344.33000	4338.77000	752
1781051306	XAUUSD	M5	4340.98000	4341.48000	4342.41000	4339.87000	632
1781051606	XAUUSD	M5	4334.13000	4340.99000	4342.07000	4334.13000	681
1781051906	XAUUSD	M5	4333.35000	4334.03000	4336.26000	4331.62000	699
1781052206	XAUUSD	M5	4330.90000	4333.74000	4335.45000	4330.32000	725
1781052506	XAUUSD	M5	4329.88000	4330.90000	4333.99000	4328.87000	874
1781052806	XAUUSD	M5	4331.95000	4329.93000	4334.46000	4329.59000	845
1781053106	XAUUSD	M5	4330.37000	4332.13000	4332.15000	4325.24000	833
1781053406	XAUUSD	M5	4351.36000	4330.36000	4363.43000	4329.27000	912
1781053706	XAUUSD	M5	4334.10000	4352.08000	4352.61000	4333.58000	928
1781054006	XAUUSD	M5	4328.66000	4334.23000	4334.68000	4326.63000	900
1781054306	XAUUSD	M5	4329.39000	4328.95000	4336.00000	4326.55000	931
1781054606	XAUUSD	M5	4328.53000	4329.54000	4332.12000	4324.93000	910
1781054906	XAUUSD	M5	4321.28000	4328.48000	4328.79000	4319.79000	912
1781055206	XAUUSD	M5	4311.45000	4321.14000	4323.03000	4306.09000	965
1781055506	XAUUSD	M5	4318.53000	4311.49000	4320.32000	4309.42000	947
1781055806	XAUUSD	M5	4318.71000	4318.76000	4323.76000	4315.88000	948
1781056106	XAUUSD	M5	4315.01000	4318.36000	4320.78000	4310.08000	956
1781056406	XAUUSD	M5	4305.34000	4314.87000	4314.95000	4302.81000	949
1781056706	XAUUSD	M5	4285.29000	4305.43000	4307.61000	4285.13000	926
1781057006	XAUUSD	M5	4284.21000	4284.98000	4290.05000	4278.65000	971
1781057306	XAUUSD	M5	4298.21000	4284.07000	4298.28000	4281.75000	961
1781057606	XAUUSD	M5	4300.76000	4298.24000	4300.90000	4292.73000	946
1781057906	XAUUSD	M5	4293.26000	4300.56000	4302.16000	4291.38000	944
1781058206	XAUUSD	M5	4295.65000	4293.25000	4296.79000	4290.03000	948
1781058506	XAUUSD	M5	4294.92000	4296.01000	4299.15000	4289.68000	906
1781058806	XAUUSD	M5	4291.97000	4294.87000	4296.96000	4291.26000	886
1781059106	XAUUSD	M5	4285.55000	4291.90000	4294.39000	4285.00000	902
1781059406	XAUUSD	M5	4278.85000	4285.55000	4288.73000	4277.24000	956
1781059706	XAUUSD	M5	4274.54000	4278.73000	4282.02000	4263.62000	972
1781060006	XAUUSD	M5	4270.25000	4274.56000	4274.66000	4263.14000	967
1781060306	XAUUSD	M5	4279.82000	4270.13000	4280.00000	4269.26000	949
1781060606	XAUUSD	M5	4280.97000	4279.75000	4285.81000	4278.53000	927
1781060906	XAUUSD	M5	4279.93000	4280.96000	4284.05000	4276.43000	918
1781061206	XAUUSD	M5	4272.90000	4279.91000	4285.07000	4272.90000	948
1781061506	XAUUSD	M5	4273.90000	4272.38000	4281.07000	4271.01000	948
1781061806	XAUUSD	M5	4263.62000	4273.85000	4274.46000	4260.76000	948
1781062106	XAUUSD	M5	4259.63000	4263.58000	4266.88000	4258.46000	959
1781062406	XAUUSD	M5	4254.57000	4259.77000	4263.31000	4253.19000	953
1781062706	XAUUSD	M5	4261.99000	4254.43000	4263.38000	4253.38000	962
1781063006	XAUUSD	M5	4263.49000	4262.01000	4266.15000	4261.16000	950
1781063306	XAUUSD	M5	4262.13000	4263.18000	4264.70000	4260.00000	911
1781063606	XAUUSD	M5	4241.26000	4262.00000	4267.62000	4237.23000	940
1781063906	XAUUSD	M5	4244.94000	4241.23000	4248.14000	4236.62000	984
1781064206	XAUUSD	M5	4249.87000	4245.05000	4254.13000	4244.21000	964
1781064506	XAUUSD	M5	4240.07000	4249.73000	4251.31000	4238.91000	963
1781064806	XAUUSD	M5	4252.18000	4239.95000	4252.32000	4239.78000	946
1781065106	XAUUSD	M5	4262.43000	4252.37000	4263.59000	4251.36000	941
1781065406	XAUUSD	M5	4262.93000	4262.45000	4263.89000	4258.77000	950
1781065706	XAUUSD	M5	4261.19000	4262.73000	4264.36000	4257.70000	924
1781066006	XAUUSD	M5	4263.95000	4260.83000	4265.75000	4258.52000	906
1781066306	XAUUSD	M5	4266.48000	4263.86000	4267.86000	4262.51000	938
1781066606	XAUUSD	M5	4263.12000	4266.42000	4266.81000	4260.84000	883
1781066906	XAUUSD	M5	4265.58000	4263.09000	4266.10000	4261.02000	856
1781067206	XAUUSD	M5	4262.89000	4265.73000	4266.31000	4261.91000	859
1781067506	XAUUSD	M5	4264.84000	4262.82000	4268.11000	4262.13000	818
1781067806	XAUUSD	M5	4257.15000	4264.83000	4266.85000	4256.53000	891
1781068106	XAUUSD	M5	4258.42000	4257.15000	4260.16000	4256.05000	843
1781068406	XAUUSD	M5	4263.12000	4258.44000	4264.73000	4258.18000	835
1781068706	XAUUSD	M5	4262.50000	4263.09000	4265.66000	4259.57000	833
1781069006	XAUUSD	M5	4266.77000	4262.35000	4266.94000	4260.79000	828
1781069306	XAUUSD	M5	4265.37000	4266.73000	4266.85000	4262.68000	839
1781069606	XAUUSD	M5	4269.31000	4265.34000	4270.08000	4262.99000	855
1781069906	XAUUSD	M5	4273.44000	4269.25000	4274.20000	4267.34000	831
1781070206	XAUUSD	M5	4270.90000	4273.42000	4273.61000	4267.96000	824
1781070506	XAUUSD	M5	4270.71000	4270.90000	4273.98000	4268.90000	828
1781070806	XAUUSD	M5	4269.20000	4270.74000	4270.98000	4268.39000	743
1781071106	XAUUSD	M5	4264.35000	4269.14000	4269.99000	4263.65000	791
1781071406	XAUUSD	M5	4265.26000	4264.36000	4265.34000	4262.33000	681
1781071706	XAUUSD	M5	4265.91000	4265.22000	4268.21000	4264.07000	703
1781072006	XAUUSD	M5	4269.92000	4265.99000	4271.50000	4265.50000	716
1781072306	XAUUSD	M5	4269.71000	4270.09000	4270.64000	4266.38000	764
1781072606	XAUUSD	M5	4265.17000	4269.72000	4271.67000	4264.92000	736
1781072906	XAUUSD	M5	4258.70000	4265.04000	4265.05000	4258.02000	727
1781073206	XAUUSD	M5	4255.35000	4258.69000	4258.75000	4254.82000	848
1781073506	XAUUSD	M5	4255.71000	4255.40000	4256.47000	4252.84000	843
1781073806	XAUUSD	M5	4257.39000	4255.69000	4257.90000	4254.10000	807
1781074106	XAUUSD	M5	4259.52000	4257.27000	4260.29000	4256.44000	830
1781074406	XAUUSD	M5	4253.68000	4259.50000	4259.90000	4252.75000	812
1781074706	XAUUSD	M5	4250.97000	4253.64000	4253.64000	4250.15000	840
1781075006	XAUUSD	M5	4250.98000	4251.11000	4252.50000	4250.02000	812
1781075306	XAUUSD	M5	4258.91000	4251.65000	4258.99000	4251.65000	874
1781075606	XAUUSD	M5	4258.48000	4259.15000	4259.74000	4256.40000	786
1781075906	XAUUSD	M5	4260.77000	4258.83000	4261.08000	4255.60000	657
1781076206	XAUUSD	M5	4257.61000	4260.77000	4260.77000	4257.27000	494
1781076506	XAUUSD	M5	4258.45000	4257.64000	4259.38000	4256.70000	454
1781076806	XAUUSD	M5	4258.71000	4258.46000	4260.47000	4258.10000	419
1781077106	XAUUSD	M5	4258.31000	4258.71000	4259.75000	4257.90000	319
1781077406	XAUUSD	M5	4259.10000	4258.29000	4259.99000	4258.09000	276
1781077706	XAUUSD	M5	4257.94000	4259.02000	4259.20000	4257.74000	273
1781078006	XAUUSD	M5	4260.44000	4257.93000	4260.94000	4257.91000	292
1781078306	XAUUSD	M5	4261.38000	4260.44000	4261.98000	4260.27000	331
1781078606	XAUUSD	M5	4261.83000	4261.49000	4262.11000	4260.48000	295
1781078906	XAUUSD	M5	4260.26000	4261.73000	4261.79000	4259.65000	235
1781079206	XAUUSD	M5	4259.44000	4260.22000	4260.64000	4259.35000	215
1781083106	XAUUSD	M5	4256.02000	4256.01000	4257.24000	4250.75000	403
1781083406	XAUUSD	M5	4253.49000	4255.11000	4256.65000	4251.13000	302
1781083706	XAUUSD	M5	4255.44000	4253.49000	4256.62000	4253.22000	273
1781084006	XAUUSD	M5	4253.66000	4255.44000	4256.23000	4253.03000	296
1781084306	XAUUSD	M5	4254.71000	4253.66000	4256.49000	4253.48000	338
1781084606	XAUUSD	M5	4256.82000	4254.56000	4256.82000	4253.30000	286
1781084906	XAUUSD	M5	4252.83000	4256.78000	4257.39000	4252.59000	357
1781085206	XAUUSD	M5	4253.13000	4253.54000	4254.75000	4250.52000	400
1781085506	XAUUSD	M5	4248.97000	4253.12000	4255.16000	4247.68000	554
1781085806	XAUUSD	M5	4239.08000	4248.98000	4249.81000	4237.42000	633
1781086106	XAUUSD	M5	4235.11000	4239.08000	4240.84000	4232.40000	603
1781086406	XAUUSD	M5	4237.31000	4235.11000	4238.08000	4234.03000	403
1781086706	XAUUSD	M5	4246.34000	4237.24000	4246.65000	4235.59000	485
1781087006	XAUUSD	M5	4241.68000	4246.30000	4247.42000	4241.68000	416
1781087306	XAUUSD	M5	4235.90000	4241.73000	4242.87000	4235.80000	501
1781087606	XAUUSD	M5	4233.21000	4236.20000	4236.68000	4227.84000	645
1781087906	XAUUSD	M5	4227.64000	4233.19000	4234.51000	4225.66000	447
1781088206	XAUUSD	M5	4224.19000	4227.55000	4228.22000	4222.98000	480
1781088506	XAUUSD	M5	4225.70000	4224.19000	4229.73000	4221.77000	530
1781088806	XAUUSD	M5	4221.92000	4225.65000	4226.24000	4221.53000	462
1781089106	XAUUSD	M5	4218.63000	4221.99000	4224.36000	4216.61000	532
1781089406	XAUUSD	M5	4213.05000	4218.54000	4218.54000	4211.25000	719
1781089706	XAUUSD	M5	4220.72000	4213.35000	4221.11000	4210.38000	683
1781090006	XAUUSD	M5	4222.03000	4220.75000	4224.57000	4217.80000	638
1781090306	XAUUSD	M5	4220.58000	4222.01000	4223.85000	4218.42000	822
1781090606	XAUUSD	M5	4225.57000	4220.34000	4226.61000	4219.79000	793
1781090906	XAUUSD	M5	4225.12000	4225.29000	4225.65000	4216.66000	739
1781091206	XAUUSD	M5	4226.93000	4225.12000	4228.25000	4218.51000	725
1781091506	XAUUSD	M5	4225.23000	4227.57000	4228.28000	4223.64000	704
1781091806	XAUUSD	M5	4217.94000	4225.23000	4225.57000	4217.94000	681
1781092106	XAUUSD	M5	4206.52000	4218.25000	4218.93000	4206.07000	821
1781092406	XAUUSD	M5	4207.77000	4206.53000	4209.52000	4201.74000	847
1781092706	XAUUSD	M5	4204.49000	4207.87000	4208.21000	4199.03000	776
1781093006	XAUUSD	M5	4203.72000	4204.28000	4206.01000	4199.80000	815
1781093306	XAUUSD	M5	4207.39000	4203.63000	4208.63000	4200.54000	838
1781093606	XAUUSD	M5	4218.23000	4207.39000	4220.95000	4207.39000	840
1781093906	XAUUSD	M5	4194.50000	4218.28000	4218.55000	4194.50000	944
1781094206	XAUUSD	M5	4195.15000	4194.41000	4199.60000	4187.19000	876
1781094506	XAUUSD	M5	4203.39000	4195.52000	4206.66000	4194.06000	787
1781094806	XAUUSD	M5	4213.33000	4203.29000	4216.69000	4200.67000	854
1781095106	XAUUSD	M5	4200.92000	4213.28000	4213.29000	4199.08000	813
1781095406	XAUUSD	M5	4201.81000	4200.72000	4204.49000	4197.43000	755
1781095706	XAUUSD	M5	4202.58000	4201.92000	4204.57000	4196.35000	888
1781096006	XAUUSD	M5	4200.71000	4202.43000	4207.04000	4197.80000	830
1781096306	XAUUSD	M5	4187.41000	4200.70000	4202.17000	4184.65000	868
1781096606	XAUUSD	M5	4192.94000	4187.30000	4193.73000	4184.73000	870
1781096906	XAUUSD	M5	4192.05000	4193.00000	4195.64000	4183.88000	851
1781097206	XAUUSD	M5	4188.63000	4192.05000	4192.76000	4187.44000	765
1781097506	XAUUSD	M5	4187.00000	4188.63000	4191.70000	4183.73000	716
1781097806	XAUUSD	M5	4181.14000	4187.14000	4187.14000	4179.70000	749
1781098106	XAUUSD	M5	4182.77000	4181.14000	4186.39000	4179.83000	697
1781098406	XAUUSD	M5	4180.91000	4182.83000	4186.36000	4179.88000	682
1781098706	XAUUSD	M5	4183.35000	4180.91000	4187.16000	4180.06000	677
1781099006	XAUUSD	M5	4187.98000	4183.34000	4188.35000	4178.24000	743
1781099306	XAUUSD	M5	4179.39000	4187.95000	4192.63000	4174.32000	864
1781099606	XAUUSD	M5	4184.54000	4179.41000	4189.60000	4179.01000	784
1781099906	XAUUSD	M5	4184.51000	4184.67000	4189.35000	4180.25000	802
1781100206	XAUUSD	M5	4187.62000	4184.35000	4190.53000	4183.52000	806
1781100506	XAUUSD	M5	4175.03000	4187.60000	4188.47000	4174.12000	850
1781100806	XAUUSD	M5	4174.01000	4174.91000	4176.65000	4173.18000	721
1781101106	XAUUSD	M5	4176.78000	4173.96000	4176.99000	4172.93000	748
1781101406	XAUUSD	M5	4175.32000	4176.78000	4180.68000	4174.22000	760
1781101706	XAUUSD	M5	4178.09000	4175.32000	4178.54000	4174.07000	667
1781102006	XAUUSD	M5	4175.94000	4178.19000	4181.11000	4175.47000	654
1781102306	XAUUSD	M5	4175.18000	4175.94000	4176.37000	4173.84000	601
1781102606	XAUUSD	M5	4177.22000	4175.16000	4180.29000	4174.94000	665
1781102906	XAUUSD	M5	4180.51000	4177.22000	4180.83000	4176.34000	646
1781103206	XAUUSD	M5	4180.41000	4180.56000	4183.05000	4176.75000	615
1781103506	XAUUSD	M5	4179.92000	4180.41000	4182.64000	4178.23000	577
1781103806	XAUUSD	M5	4185.44000	4179.90000	4186.50000	4179.71000	656
1781104106	XAUUSD	M5	4184.95000	4185.44000	4186.07000	4182.34000	576
1781104406	XAUUSD	M5	4184.81000	4184.83000	4185.05000	4181.89000	590
1781104706	XAUUSD	M5	4186.35000	4184.83000	4187.29000	4182.15000	571
1781105006	XAUUSD	M5	4184.40000	4186.35000	4186.65000	4182.07000	494
1781105306	XAUUSD	M5	4181.37000	4184.21000	4184.49000	4180.72000	448
1781105606	XAUUSD	M5	4181.64000	4181.28000	4182.29000	4178.87000	533
1781105906	XAUUSD	M5	4178.24000	4181.65000	4183.05000	4176.59000	601
1781106206	XAUUSD	M5	4174.56000	4178.48000	4180.51000	4173.70000	585
1781106506	XAUUSD	M5	4174.39000	4174.49000	4175.24000	4172.93000	638
1781106806	XAUUSD	M5	4174.83000	4174.38000	4175.26000	4172.99000	558
1781107106	XAUUSD	M5	4173.55000	4174.86000	4175.26000	4173.04000	513
1781107406	XAUUSD	M5	4173.81000	4173.55000	4175.12000	4172.55000	488
1781107706	XAUUSD	M5	4175.06000	4173.83000	4175.80000	4173.59000	547
1781108006	XAUUSD	M5	4174.82000	4175.05000	4175.85000	4173.73000	494
1781108306	XAUUSD	M5	4174.58000	4175.04000	4178.28000	4173.39000	656
1781108606	XAUUSD	M5	4176.57000	4174.61000	4179.02000	4173.67000	657
1781108906	XAUUSD	M5	4179.77000	4176.67000	4180.44000	4175.53000	529
1781109206	XAUUSD	M5	4176.80000	4179.85000	4180.39000	4175.62000	596
1781109506	XAUUSD	M5	4180.53000	4176.70000	4183.14000	4176.08000	590
1781109806	XAUUSD	M5	4187.25000	4180.53000	4187.25000	4179.55000	676
1781110106	XAUUSD	M5	4191.09000	4187.33000	4193.25000	4181.79000	896
1781110406	XAUUSD	M5	4194.32000	4190.54000	4194.68000	4188.15000	817
1781110706	XAUUSD	M5	4198.25000	4194.32000	4199.02000	4193.47000	821
1781111006	XAUUSD	M5	4202.72000	4198.14000	4205.52000	4197.53000	760
1781111306	XAUUSD	M5	4203.72000	4202.78000	4206.41000	4200.49000	790
1781111606	XAUUSD	M5	4205.15000	4203.74000	4208.97000	4203.67000	827
1781111906	XAUUSD	M5	4211.17000	4205.17000	4212.61000	4205.16000	802
1781112206	XAUUSD	M5	4213.99000	4211.11000	4221.80000	4209.31000	858
1781112506	XAUUSD	M5	4212.90000	4214.29000	4216.10000	4209.26000	788
1781112806	XAUUSD	M5	4214.42000	4212.94000	4215.50000	4211.17000	689
1781113106	XAUUSD	M5	4209.10000	4214.41000	4216.71000	4208.32000	702
1781113406	XAUUSD	M5	4211.94000	4209.40000	4215.98000	4209.29000	681
1781113706	XAUUSD	M5	4210.60000	4211.80000	4213.46000	4208.17000	645
1781114006	XAUUSD	M5	4209.10000	4210.49000	4212.12000	4207.78000	667
1781114306	XAUUSD	M5	4207.75000	4209.08000	4209.40000	4205.01000	663
1781114606	XAUUSD	M5	4203.22000	4207.48000	4209.81000	4203.20000	680
1781114906	XAUUSD	M5	4202.31000	4203.27000	4206.63000	4201.87000	655
1781115206	XAUUSD	M5	4203.96000	4202.12000	4205.95000	4201.80000	688
1781115506	XAUUSD	M5	4203.70000	4203.94000	4205.84000	4201.33000	729
1781115806	XAUUSD	M5	4207.16000	4203.69000	4207.75000	4202.01000	634
1781116106	XAUUSD	M5	4200.31000	4206.48000	4207.84000	4197.31000	637
1781116406	XAUUSD	M5	4198.74000	4200.31000	4202.97000	4198.02000	585
1781116706	XAUUSD	M5	4199.24000	4198.71000	4203.79000	4198.16000	578
1781117006	XAUUSD	M5	4194.92000	4199.24000	4199.24000	4193.58000	653
1781117306	XAUUSD	M5	4194.78000	4194.95000	4197.15000	4191.80000	657
1781117606	XAUUSD	M5	4190.73000	4194.78000	4195.63000	4190.27000	610
1781117906	XAUUSD	M5	4189.69000	4190.26000	4193.57000	4188.00000	632
1781118206	XAUUSD	M5	4190.46000	4189.76000	4192.97000	4189.30000	677
1781118506	XAUUSD	M5	4182.11000	4190.20000	4190.20000	4181.58000	714
1781118806	XAUUSD	M5	4186.47000	4182.11000	4187.73000	4181.62000	651
1781119106	XAUUSD	M5	4164.31000	4186.12000	4187.46000	4161.46000	873
1781119406	XAUUSD	M5	4167.38000	4164.30000	4171.50000	4161.94000	812
1781119706	XAUUSD	M5	4166.47000	4167.39000	4172.33000	4161.41000	778
1781120006	XAUUSD	M5	4173.53000	4166.85000	4178.98000	4166.25000	782
1781120306	XAUUSD	M5	4171.20000	4173.52000	4174.65000	4168.18000	728
1781120606	XAUUSD	M5	4172.22000	4171.13000	4173.75000	4169.25000	742
1781120906	XAUUSD	M5	4168.10000	4172.14000	4172.20000	4166.47000	700
1781121206	XAUUSD	M5	4172.85000	4168.35000	4175.83000	4168.20000	686
1781121506	XAUUSD	M5	4170.55000	4172.91000	4179.29000	4170.04000	669
1781121806	XAUUSD	M5	4174.29000	4170.57000	4174.59000	4166.46000	776
1781122106	XAUUSD	M5	4171.18000	4174.46000	4176.47000	4171.11000	718
1781122406	XAUUSD	M5	4168.57000	4171.13000	4172.84000	4167.69000	723
1781122706	XAUUSD	M5	4167.03000	4168.98000	4169.64000	4165.36000	693
1781123006	XAUUSD	M5	4170.47000	4167.22000	4171.75000	4166.46000	671
1781123306	XAUUSD	M5	4165.07000	4170.47000	4174.07000	4164.78000	659
1781123606	XAUUSD	M5	4171.07000	4164.99000	4175.01000	4164.41000	707
1781123906	XAUUSD	M5	4168.52000	4171.20000	4171.20000	4166.38000	670
1781124206	XAUUSD	M5	4166.26000	4168.42000	4172.05000	4164.44000	697
1781124506	XAUUSD	M5	4176.86000	4166.23000	4177.46000	4165.79000	763
1781124806	XAUUSD	M5	4172.48000	4176.87000	4179.53000	4171.31000	697
1781125106	XAUUSD	M5	4171.29000	4172.48000	4172.82000	4167.89000	701
1781125406	XAUUSD	M5	4168.47000	4171.37000	4174.96000	4166.00000	674
1781125706	XAUUSD	M5	4166.17000	4168.25000	4168.73000	4163.09000	675
1781126006	XAUUSD	M5	4168.74000	4166.03000	4169.24000	4165.32000	583
1781126306	XAUUSD	M5	4169.30000	4168.75000	4171.14000	4167.38000	620
1781126606	XAUUSD	M5	4159.67000	4169.30000	4169.65000	4155.68000	658
1781126906	XAUUSD	M5	4161.01000	4159.67000	4162.30000	4155.84000	621
1781127206	XAUUSD	M5	4164.46000	4161.01000	4164.84000	4159.54000	609
1781127506	XAUUSD	M5	4166.71000	4164.50000	4169.78000	4163.79000	673
1781127806	XAUUSD	M5	4165.16000	4166.72000	4169.35000	4162.69000	611
1781128106	XAUUSD	M5	4165.19000	4164.88000	4168.91000	4164.08000	668
1781128406	XAUUSD	M5	4166.72000	4165.14000	4169.14000	4164.66000	639
1781128706	XAUUSD	M5	4171.40000	4167.46000	4171.40000	4164.19000	637
1781129006	XAUUSD	M5	4177.27000	4171.45000	4177.27000	4169.80000	611
1781129306	XAUUSD	M5	4171.88000	4177.58000	4178.70000	4171.59000	618
1781129606	XAUUSD	M5	4174.51000	4171.77000	4178.26000	4171.69000	673
1781129906	XAUUSD	M5	4161.48000	4174.69000	4176.12000	4160.19000	766
1781130206	XAUUSD	M5	4161.33000	4161.15000	4164.56000	4153.72000	934
1781130506	XAUUSD	M5	4168.83000	4161.36000	4169.05000	4161.21000	842
1781130806	XAUUSD	M5	4164.92000	4168.62000	4171.69000	4164.82000	753
1781131106	XAUUSD	M5	4163.74000	4164.86000	4170.76000	4163.71000	790
1781131406	XAUUSD	M5	4166.32000	4163.40000	4166.78000	4156.74000	911
1781131706	XAUUSD	M5	4164.92000	4166.46000	4168.01000	4161.21000	831
1781132006	XAUUSD	M5	4156.49000	4164.92000	4165.70000	4156.38000	816
1781132306	XAUUSD	M5	4154.43000	4156.48000	4160.12000	4154.38000	783
1781132606	XAUUSD	M5	4155.78000	4154.43000	4155.92000	4152.50000	765
1781132906	XAUUSD	M5	4154.21000	4155.79000	4163.41000	4153.74000	801
1781133206	XAUUSD	M5	4147.65000	4154.71000	4155.81000	4145.79000	853
1781133506	XAUUSD	M5	4146.96000	4147.48000	4152.53000	4145.67000	819
1781133806	XAUUSD	M5	4145.04000	4147.10000	4150.77000	4144.68000	798
1781134106	XAUUSD	M5	4136.27000	4145.04000	4145.11000	4134.68000	859
1781134406	XAUUSD	M5	4136.51000	4136.06000	4142.87000	4135.54000	812
1781134706	XAUUSD	M5	4134.72000	4136.49000	4137.46000	4133.94000	820
1781135006	XAUUSD	M5	4141.11000	4134.71000	4142.08000	4130.66000	796
1781135306	XAUUSD	M5	4162.44000	4141.52000	4173.72000	4139.91000	980
1781135606	XAUUSD	M5	4160.87000	4162.73000	4173.01000	4156.05000	947
1781135906	XAUUSD	M5	4160.44000	4160.98000	4166.50000	4155.27000	929
1781136206	XAUUSD	M5	4157.68000	4160.45000	4169.53000	4156.29000	946
1781136506	XAUUSD	M5	4151.86000	4157.87000	4158.38000	4149.03000	944
1781136806	XAUUSD	M5	4147.02000	4152.03000	4152.85000	4142.28000	912
1781137106	XAUUSD	M5	4153.16000	4147.05000	4156.41000	4144.99000	945
1781137406	XAUUSD	M5	4154.07000	4153.33000	4157.91000	4148.51000	909
1781137706	XAUUSD	M5	4151.43000	4154.58000	4157.28000	4148.79000	885
1781138006	XAUUSD	M5	4135.67000	4151.38000	4151.38000	4134.27000	924
1781138306	XAUUSD	M5	4144.25000	4135.69000	4146.23000	4132.95000	891
1781138606	XAUUSD	M5	4150.11000	4144.25000	4151.06000	4143.35000	867
1781138906	XAUUSD	M5	4142.97000	4149.20000	4153.59000	4142.87000	968
1781139206	XAUUSD	M5	4166.17000	4143.06000	4168.79000	4142.06000	973
1781139506	XAUUSD	M5	4178.11000	4166.18000	4178.11000	4163.55000	945
1781139806	XAUUSD	M5	4185.58000	4179.26000	4185.58000	4174.04000	969
1781140106	XAUUSD	M5	4180.09000	4185.74000	4186.31000	4176.34000	967
1781140406	XAUUSD	M5	4179.64000	4180.44000	4183.95000	4175.45000	956
1781140706	XAUUSD	M5	4171.61000	4179.63000	4180.78000	4170.84000	969
1781141006	XAUUSD	M5	4173.49000	4171.59000	4176.57000	4170.31000	928
1781141306	XAUUSD	M5	4174.19000	4173.48000	4179.91000	4170.69000	926
1781141606	XAUUSD	M5	4168.59000	4174.23000	4175.53000	4167.47000	937
1781141906	XAUUSD	M5	4170.71000	4168.35000	4172.90000	4162.79000	915
1781142206	XAUUSD	M5	4161.02000	4169.87000	4171.58000	4159.68000	946
1781142506	XAUUSD	M5	4160.28000	4161.18000	4163.33000	4155.50000	943
1781142806	XAUUSD	M5	4158.02000	4160.24000	4162.56000	4153.05000	929
1781143106	XAUUSD	M5	4150.06000	4157.64000	4161.42000	4149.94000	915
1781143406	XAUUSD	M5	4140.72000	4150.02000	4151.77000	4138.19000	954
1781143706	XAUUSD	M5	4138.16000	4140.76000	4142.84000	4137.54000	932
1781144006	XAUUSD	M5	4124.86000	4138.07000	4138.50000	4118.01000	971
1781144306	XAUUSD	M5	4129.11000	4124.94000	4136.48000	4123.08000	961
1781144606	XAUUSD	M5	4126.63000	4129.11000	4129.32000	4122.01000	938
1781144906	XAUUSD	M5	4123.79000	4126.59000	4127.38000	4119.22000	960
1781145206	XAUUSD	M5	4115.89000	4123.36000	4124.03000	4113.17000	950
1781145506	XAUUSD	M5	4130.25000	4115.55000	4133.87000	4115.42000	951
1781145806	XAUUSD	M5	4127.72000	4130.24000	4136.87000	4127.72000	960
1781146106	XAUUSD	M5	4128.18000	4128.12000	4131.22000	4123.81000	945
1781146406	XAUUSD	M5	4124.65000	4128.30000	4130.81000	4122.64000	921
1781146706	XAUUSD	M5	4128.75000	4124.50000	4129.92000	4122.09000	929
1781147006	XAUUSD	M5	4118.32000	4128.65000	4131.13000	4108.45000	954
1781147306	XAUUSD	M5	4120.30000	4118.27000	4125.77000	4106.86000	979
1781147606	XAUUSD	M5	4128.99000	4120.32000	4128.99000	4115.46000	942
1781147906	XAUUSD	M5	4126.73000	4128.90000	4131.69000	4122.92000	949
1781148206	XAUUSD	M5	4130.25000	4126.79000	4131.31000	4124.33000	911
1781148506	XAUUSD	M5	4129.23000	4130.14000	4132.82000	4125.39000	916
1781148806	XAUUSD	M5	4132.52000	4129.26000	4133.89000	4127.96000	897
1781149106	XAUUSD	M5	4129.82000	4132.92000	4134.71000	4128.47000	880
1781149406	XAUUSD	M5	4127.54000	4129.77000	4132.40000	4126.03000	852
1781149706	XAUUSD	M5	4129.31000	4127.54000	4130.06000	4121.10000	897
1781150006	XAUUSD	M5	4127.92000	4129.40000	4132.10000	4126.01000	908
1781150306	XAUUSD	M5	4122.36000	4127.92000	4128.19000	4120.50000	878
1781150606	XAUUSD	M5	4120.51000	4122.20000	4122.85000	4115.93000	898
1781150906	XAUUSD	M5	4120.31000	4120.46000	4123.11000	4118.05000	853
1781151206	XAUUSD	M5	4121.98000	4120.29000	4122.21000	4117.30000	868
1781151506	XAUUSD	M5	4132.17000	4122.10000	4134.97000	4121.41000	844
1781151806	XAUUSD	M5	4120.20000	4132.15000	4132.36000	4119.15000	868
1781152106	XAUUSD	M5	4118.08000	4120.18000	4120.33000	4114.91000	883
1781152406	XAUUSD	M5	4113.91000	4118.07000	4120.22000	4113.44000	796
1781152706	XAUUSD	M5	4111.84000	4113.98000	4116.39000	4110.20000	825
1781153006	XAUUSD	M5	4110.89000	4111.86000	4115.18000	4109.21000	820
1781153306	XAUUSD	M5	4111.19000	4111.03000	4112.51000	4105.78000	831
1781153606	XAUUSD	M5	4105.31000	4111.19000	4111.98000	4105.13000	777
1781153906	XAUUSD	M5	4102.34000	4105.35000	4106.34000	4101.93000	757
1781154206	XAUUSD	M5	4111.41000	4102.39000	4112.56000	4100.84000	929
1781154506	XAUUSD	M5	4109.83000	4111.31000	4113.26000	4104.88000	917
1781154806	XAUUSD	M5	4111.66000	4109.83000	4113.51000	4109.31000	859
1781155106	XAUUSD	M5	4119.80000	4111.84000	4120.45000	4111.84000	882
1781155406	XAUUSD	M5	4114.49000	4119.80000	4120.45000	4114.48000	821
1781155706	XAUUSD	M5	4115.96000	4114.51000	4117.85000	4114.51000	747
1781156006	XAUUSD	M5	4112.66000	4115.74000	4118.12000	4110.36000	759
1781156306	XAUUSD	M5	4112.79000	4112.54000	4115.16000	4111.16000	781
1781156606	XAUUSD	M5	4112.47000	4112.90000	4115.00000	4109.66000	811
1781156906	XAUUSD	M5	4109.23000	4112.44000	4112.66000	4109.07000	812
1781157206	XAUUSD	M5	4107.46000	4109.28000	4109.97000	4106.65000	828
1781157506	XAUUSD	M5	4104.98000	4107.51000	4109.93000	4104.67000	767
1781157806	XAUUSD	M5	4104.41000	4105.00000	4107.76000	4104.22000	715
1781158106	XAUUSD	M5	4101.49000	4104.41000	4104.48000	4097.01000	830
1781158406	XAUUSD	M5	4101.23000	4101.39000	4103.20000	4099.35000	793
1781158706	XAUUSD	M5	4096.25000	4101.62000	4102.16000	4095.88000	806
1781159006	XAUUSD	M5	4095.13000	4096.21000	4099.31000	4094.92000	775
1781159306	XAUUSD	M5	4089.00000	4094.91000	4094.94000	4087.31000	779
1781159606	XAUUSD	M5	4089.85000	4089.00000	4092.08000	4087.50000	782
1781159906	XAUUSD	M5	4084.95000	4089.81000	4090.10000	4082.56000	817
1781160206	XAUUSD	M5	4084.73000	4084.94000	4086.01000	4081.63000	799
1781160506	XAUUSD	M5	4086.30000	4084.73000	4089.10000	4083.78000	878
1781160806	XAUUSD	M5	4086.38000	4086.32000	4087.14000	4082.24000	835
1781161106	XAUUSD	M5	4091.63000	4086.26000	4091.89000	4086.19000	795
1781161406	XAUUSD	M5	4088.42000	4091.52000	4092.61000	4085.67000	814
1781161706	XAUUSD	M5	4087.29000	4088.46000	4091.57000	4085.76000	834
1781162006	XAUUSD	M5	4082.84000	4087.22000	4087.22000	4081.69000	813
1781162306	XAUUSD	M5	4077.59000	4082.66000	4083.08000	4075.09000	666
1781162606	XAUUSD	M5	4071.12000	4077.76000	4078.01000	4070.03000	699
1781162906	XAUUSD	M5	4072.13000	4071.08000	4073.56000	4069.27000	567
1781163206	XAUUSD	M5	4073.98000	4072.13000	4074.73000	4071.24000	554
1781163506	XAUUSD	M5	4076.46000	4073.98000	4077.00000	4073.13000	390
1781163806	XAUUSD	M5	4078.46000	4076.46000	4080.07000	4076.14000	381
1781164106	XAUUSD	M5	4076.13000	4078.40000	4078.40000	4074.62000	429
1781164406	XAUUSD	M5	4076.47000	4076.16000	4078.24000	4074.04000	304
1781164706	XAUUSD	M5	4072.83000	4076.47000	4076.47000	4071.47000	388
1781165006	XAUUSD	M5	4067.94000	4072.64000	4072.79000	4067.52000	541
1781165306	XAUUSD	M5	4069.09000	4067.98000	4069.29000	4067.18000	445
1781165606	XAUUSD	M5	4071.24000	4069.09000	4072.12000	4069.09000	350
1781169506	XAUUSD	M5	4063.41000	4071.28000	4072.75000	4058.58000	622
1781169806	XAUUSD	M5	4050.98000	4063.37000	4063.50000	4050.65000	517
1781170106	XAUUSD	M5	4056.10000	4050.99000	4057.15000	4050.22000	577
1781170406	XAUUSD	M5	4047.61000	4056.10000	4057.05000	4043.11000	680
1781170706	XAUUSD	M5	4038.36000	4047.58000	4047.64000	4036.02000	665
1781171006	XAUUSD	M5	4044.93000	4038.38000	4044.95000	4036.13000	566
1781171306	XAUUSD	M5	4050.73000	4044.75000	4054.48000	4044.69000	575
1781171606	XAUUSD	M5	4065.45000	4050.66000	4066.34000	4050.46000	569
1781171906	XAUUSD	M5	4062.93000	4065.45000	4069.18000	4060.37000	583
1781172206	XAUUSD	M5	4062.10000	4062.87000	4066.82000	4058.07000	591
1781172506	XAUUSD	M5	4053.82000	4062.10000	4064.26000	4052.29000	551
1781172806	XAUUSD	M5	4046.54000	4054.40000	4054.40000	4045.71000	621
1781173106	XAUUSD	M5	4049.66000	4046.68000	4053.88000	4044.74000	599
1781173406	XAUUSD	M5	4040.57000	4049.66000	4050.06000	4039.00000	564
1781173706	XAUUSD	M5	4030.16000	4040.55000	4042.60000	4023.88000	694
1781174006	XAUUSD	M5	4039.13000	4029.87000	4041.73000	4025.13000	764
1781174306	XAUUSD	M5	4043.53000	4039.56000	4047.41000	4037.01000	813
1781174606	XAUUSD	M5	4061.60000	4043.57000	4064.53000	4041.94000	809
1781174906	XAUUSD	M5	4058.03000	4061.60000	4063.99000	4056.42000	685
1781175206	XAUUSD	M5	4060.76000	4058.03000	4063.63000	4057.10000	513
1781175506	XAUUSD	M5	4056.24000	4060.74000	4064.44000	4055.05000	580
1781175806	XAUUSD	M5	4050.19000	4056.24000	4057.39000	4049.08000	747
1781176106	XAUUSD	M5	4051.02000	4050.19000	4052.36000	4049.06000	564
1781176406	XAUUSD	M5	4047.12000	4051.02000	4052.25000	4044.60000	695
1781176706	XAUUSD	M5	4043.72000	4047.89000	4059.55000	4041.07000	918
1781177006	XAUUSD	M5	4043.09000	4043.76000	4049.77000	4039.82000	914
1781177306	XAUUSD	M5	4052.25000	4043.06000	4055.93000	4036.18000	912
1781177606	XAUUSD	M5	4065.20000	4052.21000	4072.63000	4049.78000	960
1781177906	XAUUSD	M5	4061.46000	4065.13000	4070.45000	4061.13000	895
1781178206	XAUUSD	M5	4067.63000	4061.57000	4071.08000	4057.38000	872
1781178506	XAUUSD	M5	4064.22000	4067.21000	4076.76000	4061.66000	855
1781178806	XAUUSD	M5	4063.45000	4064.27000	4068.98000	4059.26000	844
1781179106	XAUUSD	M5	4063.41000	4063.45000	4074.46000	4062.50000	739
1781179406	XAUUSD	M5	4071.43000	4063.40000	4071.56000	4063.33000	779
1781179706	XAUUSD	M5	4069.26000	4071.41000	4075.17000	4068.74000	723
1781180006	XAUUSD	M5	4075.79000	4069.27000	4077.94000	4068.96000	791
1781180306	XAUUSD	M5	4079.27000	4075.72000	4089.88000	4072.70000	966
1781180606	XAUUSD	M5	4078.72000	4078.82000	4082.09000	4066.43000	938
1781180906	XAUUSD	M5	4086.85000	4078.72000	4089.38000	4078.66000	938
1781181206	XAUUSD	M5	4094.24000	4086.88000	4099.49000	4085.73000	927
1781181506	XAUUSD	M5	4102.65000	4093.49000	4103.05000	4092.25000	901
1781181806	XAUUSD	M5	4104.59000	4102.65000	4108.77000	4102.05000	924
1781182106	XAUUSD	M5	4111.11000	4104.60000	4112.88000	4104.21000	857
1781182406	XAUUSD	M5	4114.95000	4110.84000	4115.28000	4109.73000	830
1781182706	XAUUSD	M5	4113.80000	4114.87000	4118.22000	4110.30000	863
1781183006	XAUUSD	M5	4111.01000	4113.74000	4117.20000	4106.54000	823
1781183306	XAUUSD	M5	4103.99000	4110.77000	4111.49000	4103.54000	781
1781183606	XAUUSD	M5	4101.95000	4103.85000	4103.85000	4098.23000	850
1781183906	XAUUSD	M5	4100.85000	4101.99000	4102.61000	4094.57000	818
1781184206	XAUUSD	M5	4094.68000	4100.86000	4100.86000	4092.20000	813
1781184506	XAUUSD	M5	4089.56000	4094.73000	4097.59000	4089.21000	833
1781184806	XAUUSD	M5	4093.93000	4089.49000	4095.77000	4087.74000	743
1781185106	XAUUSD	M5	4090.07000	4093.93000	4094.41000	4088.87000	779
1781185406	XAUUSD	M5	4082.25000	4089.97000	4090.01000	4081.70000	796
1781185706	XAUUSD	M5	4073.00000	4082.38000	4085.03000	4071.31000	926
1781186006	XAUUSD	M5	4066.73000	4073.22000	4076.13000	4064.99000	881
1781186306	XAUUSD	M5	4059.48000	4066.93000	4067.77000	4055.16000	931
1781186606	XAUUSD	M5	4054.88000	4059.46000	4060.04000	4052.60000	860
1781186906	XAUUSD	M5	4062.64000	4054.89000	4063.95000	4054.89000	838
1781187206	XAUUSD	M5	4067.81000	4062.55000	4073.30000	4062.31000	834
1781187506	XAUUSD	M5	4075.02000	4067.86000	4075.60000	4067.72000	792
1781187806	XAUUSD	M5	4076.54000	4075.02000	4078.58000	4069.82000	827
1781188106	XAUUSD	M5	4065.66000	4076.60000	4076.60000	4064.56000	812
1781188406	XAUUSD	M5	4065.61000	4065.88000	4071.54000	4065.35000	777
1781188706	XAUUSD	M5	4062.83000	4065.69000	4065.78000	4060.08000	834
1781189006	XAUUSD	M5	4063.38000	4062.74000	4064.19000	4056.82000	822
1781189306	XAUUSD	M5	4067.28000	4063.09000	4068.06000	4062.57000	822
1781189606	XAUUSD	M5	4070.49000	4067.31000	4070.50000	4064.47000	643
1781189906	XAUUSD	M5	4067.40000	4070.43000	4071.88000	4066.12000	655
1781190206	XAUUSD	M5	4065.66000	4067.40000	4068.76000	4064.99000	576
1781190506	XAUUSD	M5	4073.08000	4065.66000	4075.50000	4064.88000	644
1781190806	XAUUSD	M5	4072.81000	4073.08000	4075.24000	4072.13000	454
1781191106	XAUUSD	M5	4072.71000	4072.84000	4075.83000	4071.55000	650
1781191406	XAUUSD	M5	4080.02000	4072.73000	4080.02000	4070.13000	648
1781191706	XAUUSD	M5	4082.89000	4080.10000	4083.28000	4078.20000	687
1781192006	XAUUSD	M5	4081.75000	4082.89000	4083.44000	4079.36000	632
1781192306	XAUUSD	M5	4081.29000	4081.69000	4085.49000	4080.33000	617
1781192606	XAUUSD	M5	4077.64000	4081.28000	4082.27000	4076.45000	620
1781192906	XAUUSD	M5	4077.79000	4077.64000	4083.67000	4077.64000	590
1781193206	XAUUSD	M5	4078.71000	4077.77000	4079.56000	4074.79000	490
1781193506	XAUUSD	M5	4082.01000	4078.65000	4083.92000	4078.36000	570
1781193806	XAUUSD	M5	4083.50000	4082.03000	4085.84000	4081.97000	561
1781194106	XAUUSD	M5	4083.79000	4083.54000	4085.34000	4079.70000	515
1781194406	XAUUSD	M5	4082.73000	4083.81000	4084.97000	4081.63000	533
1781194706	XAUUSD	M5	4077.83000	4082.73000	4083.20000	4075.56000	697
1781195006	XAUUSD	M5	4079.61000	4078.00000	4080.71000	4075.53000	638
1781195306	XAUUSD	M5	4077.44000	4079.49000	4079.71000	4076.71000	572
1781195606	XAUUSD	M5	4079.43000	4077.44000	4081.18000	4075.30000	627
1781195906	XAUUSD	M5	4077.06000	4079.41000	4081.18000	4076.42000	569
1781196206	XAUUSD	M5	4075.17000	4077.06000	4080.04000	4072.73000	681
1781196506	XAUUSD	M5	4095.02000	4075.44000	4095.92000	4075.15000	919
1781196806	XAUUSD	M5	4093.72000	4095.12000	4096.63000	4090.65000	824
1781197106	XAUUSD	M5	4099.58000	4093.72000	4099.67000	4093.72000	682
1781197406	XAUUSD	M5	4100.49000	4099.55000	4106.21000	4096.88000	709
1781197706	XAUUSD	M5	4094.02000	4100.23000	4101.11000	4093.52000	715
1781198006	XAUUSD	M5	4094.32000	4094.06000	4098.60000	4093.83000	767
1781198306	XAUUSD	M5	4084.67000	4094.28000	4094.81000	4084.67000	815
1781198606	XAUUSD	M5	4080.80000	4084.79000	4085.75000	4078.86000	846
1781198906	XAUUSD	M5	4084.48000	4080.93000	4084.67000	4076.39000	812
1781199206	XAUUSD	M5	4086.70000	4084.44000	4088.56000	4081.97000	763
1781199506	XAUUSD	M5	4091.27000	4086.71000	4091.30000	4086.71000	729
1781199806	XAUUSD	M5	4086.87000	4091.29000	4093.06000	4086.24000	725
1781200106	XAUUSD	M5	4084.24000	4086.94000	4088.16000	4083.91000	656
1781200406	XAUUSD	M5	4088.27000	4084.19000	4091.19000	4083.13000	666
1781200706	XAUUSD	M5	4092.79000	4088.27000	4092.90000	4087.07000	523
1781201006	XAUUSD	M5	4091.88000	4092.79000	4094.21000	4091.09000	635
1781201306	XAUUSD	M5	4097.56000	4091.85000	4097.56000	4091.23000	580
1781201606	XAUUSD	M5	4094.27000	4097.55000	4097.57000	4091.80000	623
1781201906	XAUUSD	M5	4094.94000	4094.79000	4097.93000	4092.76000	759
1781202206	XAUUSD	M5	4093.62000	4094.94000	4097.60000	4093.08000	730
1781202506	XAUUSD	M5	4096.84000	4093.65000	4098.44000	4091.84000	668
1781202806	XAUUSD	M5	4105.06000	4096.81000	4105.97000	4096.48000	766
1781203106	XAUUSD	M5	4107.76000	4105.05000	4108.07000	4102.98000	647
1781203406	XAUUSD	M5	4107.55000	4107.69000	4110.29000	4106.52000	611
1781203706	XAUUSD	M5	4107.16000	4107.53000	4110.59000	4106.15000	604
1781204006	XAUUSD	M5	4104.72000	4107.24000	4108.94000	4101.74000	587
1781204306	XAUUSD	M5	4107.62000	4104.72000	4109.51000	4103.07000	528
1781204606	XAUUSD	M5	4103.54000	4107.58000	4108.17000	4103.54000	532
1781204906	XAUUSD	M5	4103.11000	4102.90000	4104.25000	4099.08000	600
1781205206	XAUUSD	M5	4105.03000	4103.11000	4106.12000	4102.79000	451
1781205506	XAUUSD	M5	4106.14000	4105.03000	4112.09000	4104.20000	731
1781205806	XAUUSD	M5	4111.78000	4106.23000	4112.04000	4105.21000	666
1781206106	XAUUSD	M5	4106.28000	4111.50000	4112.70000	4105.43000	658
1781206406	XAUUSD	M5	4105.77000	4106.27000	4108.50000	4103.01000	668
1781206706	XAUUSD	M5	4102.93000	4105.80000	4105.80000	4100.61000	695
1781207006	XAUUSD	M5	4097.66000	4103.01000	4103.66000	4097.20000	595
1781207306	XAUUSD	M5	4095.36000	4097.38000	4098.04000	4093.99000	633
1781207606	XAUUSD	M5	4095.45000	4095.39000	4099.55000	4095.03000	580
1781207906	XAUUSD	M5	4090.64000	4095.45000	4096.87000	4090.36000	528
1781208206	XAUUSD	M5	4089.32000	4090.63000	4092.10000	4088.96000	577
1781208506	XAUUSD	M5	4086.91000	4089.25000	4091.85000	4086.75000	608
1781208806	XAUUSD	M5	4084.64000	4086.91000	4087.86000	4084.58000	570
1781209106	XAUUSD	M5	4085.21000	4084.53000	4087.23000	4083.36000	630
1781209406	XAUUSD	M5	4080.94000	4085.35000	4087.24000	4080.92000	637
1781209706	XAUUSD	M5	4086.04000	4081.00000	4087.46000	4080.74000	647
1781210006	XAUUSD	M5	4086.76000	4086.25000	4088.99000	4085.34000	631
1781210306	XAUUSD	M5	4085.13000	4086.62000	4086.70000	4083.88000	579
1781210606	XAUUSD	M5	4079.48000	4085.13000	4085.15000	4079.06000	622
1781210906	XAUUSD	M5	4080.69000	4079.48000	4082.84000	4077.50000	623
1781211206	XAUUSD	M5	4088.69000	4080.69000	4088.69000	4080.64000	558
1781211506	XAUUSD	M5	4091.70000	4088.69000	4091.91000	4087.55000	499
1781211806	XAUUSD	M5	4094.04000	4091.71000	4096.28000	4091.34000	588
1781212106	XAUUSD	M5	4094.05000	4094.05000	4096.03000	4090.28000	509
1781212406	XAUUSD	M5	4091.69000	4094.06000	4094.73000	4089.95000	518
1781212706	XAUUSD	M5	4091.86000	4091.65000	4094.22000	4089.81000	491
1781213006	XAUUSD	M5	4090.63000	4091.86000	4094.13000	4090.57000	477
1781213306	XAUUSD	M5	4092.21000	4090.62000	4093.00000	4088.39000	522
1781213606	XAUUSD	M5	4086.93000	4092.21000	4092.98000	4086.89000	456
1781213906	XAUUSD	M5	4093.76000	4087.07000	4094.57000	4087.00000	475
1781214206	XAUUSD	M5	4087.99000	4093.74000	4094.00000	4087.84000	560
1781214506	XAUUSD	M5	4092.40000	4087.74000	4092.82000	4086.57000	577
1781214806	XAUUSD	M5	4090.99000	4092.38000	4093.09000	4088.78000	476
1781215106	XAUUSD	M5	4090.56000	4090.99000	4092.28000	4089.65000	463
1781215406	XAUUSD	M5	4088.60000	4090.52000	4091.60000	4087.70000	364
1781215706	XAUUSD	M5	4089.80000	4088.63000	4093.02000	4088.63000	463
1781216006	XAUUSD	M5	4089.97000	4089.79000	4091.56000	4087.75000	589
1781216306	XAUUSD	M5	4091.91000	4089.89000	4093.27000	4086.99000	672
1781216606	XAUUSD	M5	4091.34000	4091.87000	4093.13000	4088.61000	631
1781216906	XAUUSD	M5	4086.59000	4091.34000	4093.37000	4086.51000	609
1781217206	XAUUSD	M5	4086.81000	4086.40000	4089.60000	4084.16000	667
1781217506	XAUUSD	M5	4086.38000	4086.84000	4088.70000	4083.51000	654
1781217806	XAUUSD	M5	4090.39000	4086.36000	4091.41000	4084.45000	639
1781218106	XAUUSD	M5	4088.30000	4090.41000	4095.86000	4088.09000	748
1781218406	XAUUSD	M5	4083.40000	4087.78000	4088.94000	4082.68000	590
1781218706	XAUUSD	M5	4084.94000	4083.39000	4087.02000	4081.80000	581
1781219006	XAUUSD	M5	4085.16000	4084.82000	4086.33000	4082.47000	495
1781219306	XAUUSD	M5	4086.19000	4085.16000	4087.62000	4084.51000	527
1781219606	XAUUSD	M5	4080.34000	4086.19000	4087.46000	4079.71000	583
1781219906	XAUUSD	M5	4086.53000	4080.34000	4087.15000	4078.41000	648
1781220206	XAUUSD	M5	4079.94000	4086.49000	4086.87000	4079.36000	578
1781220506	XAUUSD	M5	4076.41000	4079.93000	4079.93000	4073.15000	614
1781220806	XAUUSD	M5	4075.14000	4076.41000	4082.03000	4075.14000	739
1781221106	XAUUSD	M5	4069.00000	4075.16000	4078.35000	4061.59000	915
1781221406	XAUUSD	M5	4069.08000	4069.14000	4072.81000	4063.12000	847
1781221706	XAUUSD	M5	4062.56000	4069.03000	4073.82000	4057.54000	926
1781222006	XAUUSD	M5	4065.94000	4062.47000	4066.96000	4057.98000	888
1781222306	XAUUSD	M5	4073.40000	4066.20000	4077.12000	4065.05000	856
1781222606	XAUUSD	M5	4077.31000	4073.43000	4081.02000	4069.88000	900
1781222906	XAUUSD	M5	4080.14000	4077.25000	4081.33000	4072.99000	818
1781223206	XAUUSD	M5	4082.22000	4080.16000	4085.10000	4076.83000	827
1781223506	XAUUSD	M5	4083.88000	4081.95000	4085.78000	4078.09000	933
1781223806	XAUUSD	M5	4085.84000	4083.89000	4086.09000	4078.95000	870
1781224106	XAUUSD	M5	4073.21000	4085.61000	4086.09000	4072.03000	875
1781224406	XAUUSD	M5	4072.88000	4073.09000	4077.30000	4072.83000	820
1781224706	XAUUSD	M5	4075.95000	4072.70000	4078.84000	4072.70000	819
1781225006	XAUUSD	M5	4075.71000	4075.53000	4081.79000	4072.28000	819
1781225306	XAUUSD	M5	4075.30000	4075.47000	4081.50000	4072.03000	974
1781225606	XAUUSD	M5	4072.51000	4075.38000	4082.80000	4068.35000	949
1781225906	XAUUSD	M5	4076.28000	4072.59000	4078.72000	4067.14000	962
1781226206	XAUUSD	M5	4083.92000	4076.22000	4092.45000	4073.62000	979
1781226506	XAUUSD	M5	4084.96000	4083.70000	4092.55000	4083.70000	948
1781226806	XAUUSD	M5	4083.18000	4085.13000	4091.40000	4082.44000	942
1781227106	XAUUSD	M5	4078.35000	4083.16000	4085.48000	4075.79000	945
1781227406	XAUUSD	M5	4062.87000	4078.06000	4078.06000	4060.46000	956
1781227706	XAUUSD	M5	4061.06000	4062.79000	4063.57000	4053.03000	962
1781228006	XAUUSD	M5	4063.54000	4061.25000	4066.67000	4056.27000	937
1781228306	XAUUSD	M5	4079.67000	4063.60000	4082.05000	4062.94000	945
1781228606	XAUUSD	M5	4074.78000	4079.55000	4084.75000	4073.79000	950
1781228906	XAUUSD	M5	4072.64000	4074.92000	4077.27000	4070.56000	947
1781229206	XAUUSD	M5	4078.74000	4072.83000	4079.77000	4071.17000	920
1781229506	XAUUSD	M5	4076.19000	4078.71000	4083.41000	4076.12000	928
1781229806	XAUUSD	M5	4078.67000	4076.34000	4079.68000	4072.97000	894
1781230106	XAUUSD	M5	4076.99000	4078.61000	4080.97000	4073.79000	898
1781230406	XAUUSD	M5	4073.47000	4076.96000	4079.11000	4072.19000	922
1781230706	XAUUSD	M5	4073.49000	4073.37000	4076.52000	4070.40000	934
1781231006	XAUUSD	M5	4080.98000	4073.51000	4086.48000	4072.15000	948
1781231306	XAUUSD	M5	4080.65000	4080.95000	4087.47000	4079.68000	920
1781231606	XAUUSD	M5	4081.96000	4080.58000	4086.58000	4079.71000	886
1781231906	XAUUSD	M5	4078.86000	4081.82000	4089.20000	4076.66000	898
1781232206	XAUUSD	M5	4081.62000	4078.87000	4084.63000	4074.68000	906
1781232506	XAUUSD	M5	4079.64000	4081.60000	4082.74000	4077.49000	891
1781232806	XAUUSD	M5	4085.98000	4079.72000	4086.88000	4078.71000	877
1781233106	XAUUSD	M5	4088.15000	4086.28000	4090.43000	4086.28000	869
1781233406	XAUUSD	M5	4089.81000	4088.29000	4091.87000	4087.48000	845
1781233706	XAUUSD	M5	4090.55000	4089.99000	4095.54000	4088.23000	825
1781234006	XAUUSD	M5	4088.77000	4090.59000	4090.59000	4086.06000	855
1781234306	XAUUSD	M5	4087.50000	4088.90000	4093.33000	4086.85000	853
1781234606	XAUUSD	M5	4092.68000	4087.77000	4093.73000	4086.80000	816
1781234906	XAUUSD	M5	4102.66000	4092.57000	4103.30000	4091.19000	870
1781235206	XAUUSD	M5	4096.93000	4102.69000	4107.52000	4096.28000	879
1781235506	XAUUSD	M5	4087.79000	4096.97000	4098.48000	4087.58000	873
1781235806	XAUUSD	M5	4079.68000	4087.82000	4088.84000	4079.58000	882
1781236106	XAUUSD	M5	4084.74000	4079.49000	4087.84000	4078.53000	861
1781236406	XAUUSD	M5	4082.65000	4084.48000	4086.48000	4081.77000	815
1781236706	XAUUSD	M5	4081.96000	4082.73000	4085.25000	4081.19000	774
1781237006	XAUUSD	M5	4081.44000	4081.83000	4084.20000	4080.32000	782
1781237306	XAUUSD	M5	4079.69000	4081.49000	4082.43000	4078.07000	779
1781237606	XAUUSD	M5	4080.20000	4079.75000	4082.31000	4079.37000	736
1781237906	XAUUSD	M5	4074.76000	4080.30000	4080.63000	4072.10000	874
1781238206	XAUUSD	M5	4076.68000	4074.80000	4077.72000	4074.40000	841
1781238506	XAUUSD	M5	4076.11000	4076.68000	4078.84000	4073.20000	789
1781238806	XAUUSD	M5	4078.44000	4076.11000	4078.98000	4074.46000	767
1781239106	XAUUSD	M5	4080.45000	4078.41000	4081.27000	4076.10000	787
1781239406	XAUUSD	M5	4101.82000	4080.48000	4102.12000	4078.40000	837
1781239706	XAUUSD	M5	4149.25000	4102.06000	4149.45000	4102.06000	994
1781240006	XAUUSD	M5	4150.15000	4148.77000	4154.61000	4138.61000	982
1781240306	XAUUSD	M5	4166.78000	4150.53000	4169.87000	4147.51000	974
1781240606	XAUUSD	M5	4154.09000	4166.57000	4166.57000	4153.47000	972
1781240906	XAUUSD	M5	4153.43000	4154.60000	4161.36000	4146.99000	962
1781241206	XAUUSD	M5	4151.83000	4153.50000	4157.13000	4146.64000	935
1781241506	XAUUSD	M5	4138.69000	4152.01000	4155.62000	4136.36000	965
1781241806	XAUUSD	M5	4135.62000	4138.35000	4141.37000	4131.42000	957
1781242106	XAUUSD	M5	4146.93000	4135.50000	4146.93000	4135.26000	953
1781242406	XAUUSD	M5	4161.23000	4146.90000	4163.01000	4145.32000	929
1781242706	XAUUSD	M5	4155.83000	4161.10000	4162.43000	4151.19000	965
1781243006	XAUUSD	M5	4152.94000	4155.51000	4156.54000	4150.65000	929
1781243306	XAUUSD	M5	4154.02000	4152.89000	4157.93000	4149.01000	922
1781243606	XAUUSD	M5	4156.45000	4153.89000	4158.70000	4152.76000	891
1781243906	XAUUSD	M5	4164.79000	4156.46000	4165.06000	4155.18000	833
1781244206	XAUUSD	M5	4168.14000	4164.72000	4171.62000	4163.93000	837
1781244506	XAUUSD	M5	4164.81000	4168.08000	4170.04000	4164.19000	794
1781244806	XAUUSD	M5	4161.80000	4164.78000	4165.49000	4160.51000	831
1781245106	XAUUSD	M5	4174.33000	4162.02000	4174.33000	4162.02000	891
1781245406	XAUUSD	M5	4174.18000	4174.19000	4175.93000	4169.53000	866
1781245706	XAUUSD	M5	4188.24000	4174.15000	4189.21000	4173.09000	913
1781246006	XAUUSD	M5	4195.56000	4188.61000	4196.84000	4186.17000	915
1781246306	XAUUSD	M5	4191.80000	4195.66000	4198.02000	4188.62000	903
1781246606	XAUUSD	M5	4195.57000	4191.81000	4198.34000	4189.20000	864
1781246906	XAUUSD	M5	4214.77000	4195.62000	4214.77000	4195.62000	954
1781247206	XAUUSD	M5	4208.51000	4215.01000	4219.98000	4208.45000	912
1781247506	XAUUSD	M5	4210.32000	4208.58000	4217.47000	4208.54000	881
1781247806	XAUUSD	M5	4210.09000	4210.36000	4215.31000	4210.09000	827
1781248106	XAUUSD	M5	4215.31000	4210.47000	4215.36000	4209.27000	883
1781248406	XAUUSD	M5	4209.02000	4215.20000	4215.20000	4207.47000	846
1781248706	XAUUSD	M5	4208.40000	4209.25000	4216.32000	4208.30000	692
1781249006	XAUUSD	M5	4214.85000	4208.47000	4216.42000	4208.23000	617
1781249306	XAUUSD	M5	4213.76000	4214.72000	4218.53000	4212.16000	551
1781249606	XAUUSD	M5	4213.41000	4213.76000	4214.87000	4212.26000	452
1781249906	XAUUSD	M5	4215.75000	4213.41000	4216.29000	4212.98000	440
1781250206	XAUUSD	M5	4214.11000	4215.75000	4215.75000	4212.28000	518
1781250506	XAUUSD	M5	4213.68000	4214.27000	4216.43000	4212.17000	516
1781250806	XAUUSD	M5	4211.03000	4213.83000	4215.68000	4210.32000	481
1781251106	XAUUSD	M5	4209.73000	4211.05000	4212.63000	4209.63000	483
1781251406	XAUUSD	M5	4211.29000	4210.06000	4212.14000	4209.19000	459
1781251706	XAUUSD	M5	4212.17000	4211.30000	4213.04000	4210.18000	364
1781252006	XAUUSD	M5	4210.88000	4212.09000	4212.40000	4210.67000	309
1781255906	XAUUSD	M5	4208.50000	4213.25000	4220.52000	4205.28000	453
1781256206	XAUUSD	M5	4209.46000	4208.43000	4210.71000	4206.96000	296
1781256506	XAUUSD	M5	4209.72000	4209.38000	4210.76000	4206.96000	421
1781256806	XAUUSD	M5	4208.19000	4209.55000	4210.91000	4207.14000	368
1781257106	XAUUSD	M5	4206.47000	4208.16000	4211.78000	4205.63000	392
1781257406	XAUUSD	M5	4214.85000	4206.38000	4215.81000	4206.32000	404
1781257706	XAUUSD	M5	4214.12000	4214.68000	4216.27000	4211.30000	464
1781258006	XAUUSD	M5	4215.57000	4214.15000	4215.57000	4211.99000	324
1781258306	XAUUSD	M5	4225.95000	4215.57000	4228.11000	4215.12000	574
1781258606	XAUUSD	M5	4232.06000	4225.89000	4236.16000	4225.29000	642
1781258906	XAUUSD	M5	4235.64000	4232.05000	4235.73000	4225.20000	614
1781259206	XAUUSD	M5	4243.42000	4235.57000	4246.77000	4233.20000	610
1781259506	XAUUSD	M5	4227.21000	4243.42000	4245.89000	4224.70000	690
1781259806	XAUUSD	M5	4225.92000	4227.20000	4230.47000	4223.62000	598
1781260106	XAUUSD	M5	4223.82000	4226.00000	4227.97000	4221.84000	440
1781260406	XAUUSD	M5	4222.45000	4223.97000	4226.64000	4221.36000	480
1781260706	XAUUSD	M5	4216.09000	4222.45000	4223.24000	4215.83000	485
1781261006	XAUUSD	M5	4216.80000	4216.09000	4218.18000	4214.15000	513
1781261306	XAUUSD	M5	4216.63000	4216.20000	4223.46000	4214.43000	538
1781261606	XAUUSD	M5	4216.64000	4216.63000	4220.80000	4214.53000	495
1781261906	XAUUSD	M5	4219.28000	4216.64000	4220.64000	4214.60000	498
1781262206	XAUUSD	M5	4219.33000	4219.39000	4224.31000	4217.17000	585
1781262506	XAUUSD	M5	4216.29000	4219.38000	4223.04000	4215.19000	569
1781262806	XAUUSD	M5	4219.85000	4216.27000	4222.05000	4216.23000	554
1781263106	XAUUSD	M5	4219.16000	4219.52000	4222.42000	4212.64000	731
1781263406	XAUUSD	M5	4217.27000	4219.11000	4225.55000	4215.66000	759
1781263706	XAUUSD	M5	4216.87000	4217.06000	4218.78000	4215.36000	720
1781264006	XAUUSD	M5	4216.42000	4216.87000	4216.93000	4207.22000	756
1781264306	XAUUSD	M5	4223.84000	4216.42000	4224.26000	4214.96000	684
1781264606	XAUUSD	M5	4220.39000	4223.92000	4230.41000	4220.20000	752
1781264906	XAUUSD	M5	4221.43000	4220.39000	4228.80000	4219.85000	728
1781265206	XAUUSD	M5	4214.81000	4221.42000	4224.04000	4214.30000	695
1781265506	XAUUSD	M5	4203.54000	4214.79000	4214.98000	4202.72000	695
1781265806	XAUUSD	M5	4201.96000	4203.86000	4207.94000	4201.12000	725
1781266106	XAUUSD	M5	4200.88000	4201.96000	4205.50000	4200.70000	719
1781266406	XAUUSD	M5	4208.28000	4200.91000	4208.28000	4200.82000	731
1781266706	XAUUSD	M5	4185.07000	4208.55000	4211.10000	4184.08000	941
1781267006	XAUUSD	M5	4193.19000	4184.57000	4193.33000	4182.93000	870
1781267306	XAUUSD	M5	4186.98000	4193.12000	4193.23000	4184.86000	827
1781267606	XAUUSD	M5	4189.29000	4186.97000	4193.62000	4185.69000	803
1781267906	XAUUSD	M5	4189.49000	4189.28000	4192.32000	4187.33000	800
1781268206	XAUUSD	M5	4181.08000	4189.53000	4189.82000	4179.29000	809
1781268506	XAUUSD	M5	4179.96000	4180.96000	4186.76000	4177.08000	883
1781268806	XAUUSD	M5	4179.15000	4179.94000	4180.47000	4171.24000	833
1781269106	XAUUSD	M5	4179.27000	4179.11000	4183.77000	4176.58000	824
1781269406	XAUUSD	M5	4191.42000	4179.23000	4191.53000	4179.23000	846
1781269706	XAUUSD	M5	4186.37000	4191.45000	4191.45000	4186.10000	694
1781270006	XAUUSD	M5	4186.75000	4186.35000	4189.89000	4184.20000	708
1781270306	XAUUSD	M5	4191.14000	4186.58000	4194.32000	4183.74000	784
1781270606	XAUUSD	M5	4197.35000	4191.15000	4197.61000	4190.04000	740
1781270906	XAUUSD	M5	4193.93000	4197.24000	4200.02000	4193.86000	728
1781271206	XAUUSD	M5	4192.78000	4193.93000	4194.53000	4190.91000	611
1781271506	XAUUSD	M5	4191.27000	4192.82000	4193.45000	4190.22000	581
1781271806	XAUUSD	M5	4188.66000	4191.27000	4191.56000	4186.69000	617
1781272106	XAUUSD	M5	4183.07000	4188.78000	4189.26000	4182.90000	777
1781272406	XAUUSD	M5	4188.97000	4182.98000	4193.21000	4182.79000	718
1781272706	XAUUSD	M5	4186.14000	4188.97000	4190.45000	4184.61000	718
1781273006	XAUUSD	M5	4190.62000	4186.12000	4191.26000	4183.71000	723
1781273306	XAUUSD	M5	4188.90000	4190.65000	4192.40000	4187.81000	684
1781273606	XAUUSD	M5	4191.58000	4188.92000	4193.80000	4188.02000	633
1781273906	XAUUSD	M5	4192.08000	4191.52000	4196.03000	4189.71000	761
1781274206	XAUUSD	M5	4192.72000	4191.88000	4195.57000	4190.74000	595
1781274506	XAUUSD	M5	4194.01000	4192.73000	4196.09000	4191.37000	578
1781274806	XAUUSD	M5	4196.24000	4193.88000	4201.51000	4193.73000	735
1781275106	XAUUSD	M5	4197.63000	4196.33000	4199.30000	4193.20000	663
1781275406	XAUUSD	M5	4203.50000	4197.63000	4203.69000	4196.81000	701
1781275706	XAUUSD	M5	4203.86000	4203.57000	4204.80000	4199.16000	716
1781276006	XAUUSD	M5	4202.13000	4203.84000	4204.98000	4201.24000	616
1781276306	XAUUSD	M5	4199.23000	4202.06000	4205.09000	4198.68000	558
1781276606	XAUUSD	M5	4197.43000	4199.23000	4199.24000	4195.58000	649
1781276906	XAUUSD	M5	4200.59000	4197.17000	4201.12000	4196.33000	595
1781277206	XAUUSD	M5	4197.00000	4200.59000	4201.53000	4196.77000	562
1781277506	XAUUSD	M5	4197.21000	4197.17000	4201.09000	4192.91000	553
1781277806	XAUUSD	M5	4196.35000	4197.12000	4197.30000	4191.97000	520
1781278106	XAUUSD	M5	4194.32000	4196.35000	4196.77000	4191.98000	469
1781278406	XAUUSD	M5	4192.11000	4194.27000	4195.58000	4190.35000	438
1781278706	XAUUSD	M5	4193.15000	4192.11000	4193.49000	4190.68000	410
1781279006	XAUUSD	M5	4192.74000	4193.15000	4194.28000	4191.64000	415
1781279306	XAUUSD	M5	4195.74000	4192.74000	4197.22000	4191.91000	471
1781279606	XAUUSD	M5	4195.38000	4195.78000	4198.44000	4193.66000	475
1781279906	XAUUSD	M5	4193.50000	4195.38000	4197.28000	4193.00000	398
1781280206	XAUUSD	M5	4191.07000	4193.50000	4194.35000	4189.94000	533
1781280506	XAUUSD	M5	4192.44000	4191.07000	4193.04000	4190.34000	493
1781280806	XAUUSD	M5	4190.09000	4192.42000	4193.10000	4189.78000	432
1781281106	XAUUSD	M5	4188.10000	4190.09000	4192.90000	4187.65000	598
1781281406	XAUUSD	M5	4185.29000	4188.05000	4190.64000	4185.21000	526
1781281706	XAUUSD	M5	4188.81000	4185.17000	4189.90000	4181.92000	635
1781282006	XAUUSD	M5	4186.06000	4188.95000	4189.52000	4184.99000	560
1781282306	XAUUSD	M5	4187.09000	4186.22000	4189.26000	4186.08000	521
1781282606	XAUUSD	M5	4187.11000	4187.09000	4189.62000	4185.91000	541
1781282906	XAUUSD	M5	4180.40000	4187.04000	4187.71000	4178.16000	860
1781283206	XAUUSD	M5	4174.99000	4180.43000	4180.43000	4172.50000	861
1781283506	XAUUSD	M5	4180.37000	4174.98000	4181.05000	4174.36000	824
1781283806	XAUUSD	M5	4179.09000	4180.41000	4180.92000	4176.19000	787
1781284106	XAUUSD	M5	4175.31000	4179.21000	4179.90000	4172.88000	859
1781284406	XAUUSD	M5	4173.40000	4175.19000	4176.98000	4170.78000	768
1781284706	XAUUSD	M5	4181.28000	4173.39000	4183.16000	4173.31000	832
1781285006	XAUUSD	M5	4181.83000	4181.22000	4184.29000	4178.71000	785
1781285306	XAUUSD	M5	4182.93000	4181.83000	4185.62000	4181.59000	682
1781285606	XAUUSD	M5	4180.68000	4182.91000	4183.13000	4179.55000	679
1781285906	XAUUSD	M5	4180.37000	4180.66000	4182.77000	4179.01000	650
1781286206	XAUUSD	M5	4182.10000	4180.37000	4182.60000	4179.43000	612
1781286506	XAUUSD	M5	4177.50000	4182.09000	4182.55000	4175.72000	719
1781286806	XAUUSD	M5	4177.97000	4177.52000	4181.35000	4176.12000	710
1781287106	XAUUSD	M5	4176.49000	4177.86000	4179.01000	4172.36000	669
1781287406	XAUUSD	M5	4176.39000	4176.49000	4177.64000	4174.29000	633
1781287706	XAUUSD	M5	4178.48000	4176.33000	4180.83000	4176.27000	636
1781288006	XAUUSD	M5	4184.20000	4178.45000	4184.79000	4177.19000	682
1781288306	XAUUSD	M5	4178.35000	4184.15000	4185.09000	4176.08000	704
1781288606	XAUUSD	M5	4180.60000	4178.01000	4181.77000	4177.63000	676
1781288906	XAUUSD	M5	4178.24000	4180.66000	4182.60000	4177.80000	686
1781289206	XAUUSD	M5	4177.36000	4178.24000	4178.99000	4174.10000	708
1781289506	XAUUSD	M5	4178.19000	4177.36000	4179.13000	4175.71000	611
1781289806	XAUUSD	M5	4174.07000	4178.18000	4179.97000	4173.85000	561
1781290106	XAUUSD	M5	4173.88000	4174.12000	4175.85000	4170.27000	606
1781290406	XAUUSD	M5	4178.58000	4173.83000	4179.39000	4173.83000	689
1781290706	XAUUSD	M5	4183.10000	4178.81000	4184.54000	4178.77000	668
1781291006	XAUUSD	M5	4175.14000	4183.04000	4183.69000	4174.40000	642
1781291306	XAUUSD	M5	4175.63000	4175.20000	4178.25000	4173.81000	596
1781291606	XAUUSD	M5	4193.89000	4175.58000	4193.89000	4175.40000	828
1781291906	XAUUSD	M5	4197.91000	4194.46000	4202.89000	4191.90000	894
1781292206	XAUUSD	M5	4201.94000	4197.89000	4203.57000	4195.20000	804
1781292506	XAUUSD	M5	4203.73000	4201.94000	4204.89000	4201.32000	754
1781292806	XAUUSD	M5	4217.95000	4203.82000	4220.14000	4199.54000	881
1781293106	XAUUSD	M5	4218.09000	4218.15000	4220.74000	4212.51000	896
1781293406	XAUUSD	M5	4213.23000	4218.15000	4218.73000	4211.42000	814
1781293706	XAUUSD	M5	4218.40000	4213.92000	4220.01000	4213.08000	789
1781294006	XAUUSD	M5	4221.42000	4218.10000	4222.49000	4215.51000	742
1781294306	XAUUSD	M5	4218.37000	4221.04000	4221.04000	4211.71000	740
1781294606	XAUUSD	M5	4218.54000	4218.66000	4220.17000	4214.60000	701
1781294906	XAUUSD	M5	4221.71000	4218.50000	4222.17000	4216.14000	631
1781295206	XAUUSD	M5	4219.59000	4221.86000	4225.90000	4219.50000	649
1781295506	XAUUSD	M5	4221.55000	4219.64000	4222.89000	4217.47000	669
1781295806	XAUUSD	M5	4222.58000	4221.55000	4224.01000	4219.63000	625
1781296106	XAUUSD	M5	4224.25000	4223.20000	4225.24000	4221.86000	569
1781296406	XAUUSD	M5	4223.55000	4224.19000	4226.92000	4220.90000	784
1781296706	XAUUSD	M5	4222.32000	4223.53000	4225.62000	4219.14000	714
1781297006	XAUUSD	M5	4220.94000	4222.27000	4225.92000	4219.26000	690
1781297306	XAUUSD	M5	4225.82000	4220.91000	4226.18000	4219.25000	716
1781297606	XAUUSD	M5	4223.41000	4225.88000	4227.09000	4221.45000	645
1781297906	XAUUSD	M5	4225.36000	4223.24000	4227.86000	4223.06000	558
1781298206	XAUUSD	M5	4223.89000	4225.35000	4227.90000	4223.41000	619
1781298506	XAUUSD	M5	4223.49000	4223.91000	4224.62000	4221.45000	596
1781298806	XAUUSD	M5	4221.95000	4223.54000	4225.43000	4221.73000	591
1781299106	XAUUSD	M5	4222.18000	4221.88000	4224.50000	4218.98000	614
1781299406	XAUUSD	M5	4224.67000	4221.58000	4225.55000	4220.31000	503
1781299706	XAUUSD	M5	4221.64000	4224.67000	4224.77000	4220.05000	626
1781300006	XAUUSD	M5	4217.82000	4221.42000	4222.14000	4215.25000	622
1781300306	XAUUSD	M5	4213.50000	4217.78000	4217.78000	4210.75000	603
1781300606	XAUUSD	M5	4206.87000	4213.31000	4214.13000	4202.77000	764
1781300906	XAUUSD	M5	4214.77000	4206.87000	4218.64000	4206.60000	765
1781301206	XAUUSD	M5	4215.57000	4214.75000	4216.42000	4214.25000	627
1781301506	XAUUSD	M5	4215.40000	4215.62000	4217.23000	4214.46000	457
1781301806	XAUUSD	M5	4215.52000	4215.40000	4218.69000	4214.28000	538
1781302106	XAUUSD	M5	4213.21000	4215.31000	4216.18000	4212.36000	530
1781302406	XAUUSD	M5	4210.97000	4213.19000	4215.50000	4209.42000	598
1781302706	XAUUSD	M5	4206.10000	4211.40000	4212.05000	4205.82000	690
1781303006	XAUUSD	M5	4207.67000	4206.18000	4209.05000	4205.09000	606
1781303306	XAUUSD	M5	4207.46000	4207.67000	4208.35000	4205.31000	614
1781303606	XAUUSD	M5	4206.00000	4207.25000	4207.95000	4203.89000	582
1781303906	XAUUSD	M5	4209.68000	4206.00000	4210.03000	4205.67000	563
1781304206	XAUUSD	M5	4202.51000	4209.69000	4210.24000	4202.14000	586
1781304506	XAUUSD	M5	4199.71000	4202.50000	4202.55000	4197.57000	587
1781304806	XAUUSD	M5	4202.45000	4199.63000	4202.86000	4199.63000	571
1781305106	XAUUSD	M5	4209.66000	4202.41000	4210.56000	4202.01000	562
1781305406	XAUUSD	M5	4210.17000	4209.64000	4211.91000	4208.86000	592
1781305706	XAUUSD	M5	4214.87000	4210.29000	4215.33000	4208.48000	629
1781306006	XAUUSD	M5	4206.94000	4214.87000	4214.89000	4206.52000	583
1781306306	XAUUSD	M5	4206.04000	4206.87000	4208.42000	4202.87000	763
1781306606	XAUUSD	M5	4207.75000	4206.15000	4209.21000	4205.33000	702
1781306906	XAUUSD	M5	4214.26000	4207.74000	4214.26000	4207.74000	610
1781307206	XAUUSD	M5	4211.72000	4214.13000	4215.40000	4211.35000	667
1781307506	XAUUSD	M5	4203.64000	4211.73000	4211.91000	4202.52000	723
1781307806	XAUUSD	M5	4201.12000	4203.64000	4203.71000	4200.40000	654
1781308106	XAUUSD	M5	4199.80000	4201.15000	4201.86000	4197.44000	665
1781308406	XAUUSD	M5	4192.75000	4199.88000	4201.05000	4192.24000	705
1781308706	XAUUSD	M5	4196.81000	4193.09000	4200.73000	4191.37000	699
1781309006	XAUUSD	M5	4197.06000	4196.77000	4198.32000	4193.49000	761
1781309306	XAUUSD	M5	4193.69000	4197.05000	4200.65000	4193.57000	691
1781309606	XAUUSD	M5	4191.72000	4193.84000	4194.69000	4188.55000	728
1781309906	XAUUSD	M5	4197.05000	4191.70000	4198.03000	4186.60000	880
1781310206	XAUUSD	M5	4199.87000	4197.05000	4201.19000	4193.69000	746
1781310506	XAUUSD	M5	4198.43000	4199.94000	4200.84000	4193.75000	693
1781310806	XAUUSD	M5	4202.48000	4198.45000	4203.09000	4197.36000	686
1781311106	XAUUSD	M5	4203.90000	4202.55000	4206.73000	4202.07000	682
1781311406	XAUUSD	M5	4202.97000	4204.14000	4205.20000	4201.56000	710
1781311706	XAUUSD	M5	4198.98000	4202.83000	4205.45000	4197.22000	941
1781312006	XAUUSD	M5	4207.43000	4199.03000	4210.20000	4198.52000	955
1781312306	XAUUSD	M5	4190.97000	4207.39000	4207.46000	4182.93000	981
1781312606	XAUUSD	M5	4190.82000	4190.69000	4194.11000	4183.95000	970
1781312906	XAUUSD	M5	4189.48000	4190.84000	4193.56000	4186.64000	942
1781313206	XAUUSD	M5	4186.13000	4189.85000	4192.35000	4183.50000	866
1781313506	XAUUSD	M5	4194.39000	4186.93000	4198.26000	4185.70000	954
1781313806	XAUUSD	M5	4198.31000	4194.94000	4198.34000	4184.87000	914
1781314106	XAUUSD	M5	4193.28000	4198.25000	4198.25000	4189.80000	894
1781314406	XAUUSD	M5	4190.19000	4193.12000	4199.48000	4190.14000	898
1781314706	XAUUSD	M5	4187.32000	4190.19000	4191.82000	4182.71000	921
1781315006	XAUUSD	M5	4188.55000	4187.33000	4194.16000	4186.74000	886
1781315306	XAUUSD	M5	4186.85000	4188.69000	4189.63000	4181.22000	894
1781315606	XAUUSD	M5	4191.99000	4186.88000	4192.88000	4186.19000	884
1781315906	XAUUSD	M5	4184.57000	4192.19000	4193.26000	4181.26000	917
1781316206	XAUUSD	M5	4182.99000	4184.47000	4185.02000	4177.33000	915
1781316506	XAUUSD	M5	4207.59000	4183.11000	4207.59000	4179.56000	946
1781316806	XAUUSD	M5	4203.99000	4207.17000	4208.51000	4201.40000	954
1781317106	XAUUSD	M5	4203.36000	4204.36000	4209.49000	4200.41000	927
1781317406	XAUUSD	M5	4208.67000	4203.38000	4210.84000	4203.38000	886
1781317706	XAUUSD	M5	4214.07000	4208.60000	4215.15000	4208.51000	866
1781318006	XAUUSD	M5	4215.11000	4214.15000	4219.13000	4212.71000	851
1781318306	XAUUSD	M5	4228.06000	4215.19000	4230.58000	4213.19000	876
1781318606	XAUUSD	M5	4225.83000	4227.95000	4235.46000	4223.40000	919
1781318906	XAUUSD	M5	4219.28000	4225.84000	4228.22000	4218.51000	882
1781319206	XAUUSD	M5	4218.89000	4219.52000	4226.53000	4215.12000	928
1781319506	XAUUSD	M5	4211.13000	4219.09000	4219.27000	4210.54000	885
1781319806	XAUUSD	M5	4207.79000	4211.03000	4215.23000	4207.17000	883
1781320106	XAUUSD	M5	4215.63000	4207.87000	4216.57000	4207.65000	878
1781320406	XAUUSD	M5	4212.13000	4215.49000	4218.90000	4211.32000	861
1781320706	XAUUSD	M5	4209.66000	4211.87000	4213.93000	4208.11000	874
1781321006	XAUUSD	M5	4213.35000	4209.66000	4214.77000	4208.22000	826
1781321306	XAUUSD	M5	4221.70000	4213.29000	4224.66000	4211.65000	885
1781321606	XAUUSD	M5	4223.85000	4221.70000	4232.81000	4220.91000	905
1781321906	XAUUSD	M5	4218.42000	4223.82000	4225.42000	4218.39000	833
1781322206	XAUUSD	M5	4216.99000	4218.25000	4220.72000	4215.74000	785
1781322506	XAUUSD	M5	4217.93000	4216.99000	4218.68000	4216.02000	755
1781322806	XAUUSD	M5	4217.01000	4217.85000	4218.26000	4211.72000	777
1781323106	XAUUSD	M5	4213.31000	4216.80000	4220.38000	4213.10000	836
1781323406	XAUUSD	M5	4213.49000	4213.45000	4214.76000	4211.40000	840
1781323706	XAUUSD	M5	4215.38000	4213.42000	4216.41000	4211.93000	735
1781324006	XAUUSD	M5	4216.46000	4215.23000	4218.17000	4213.55000	800
1781324306	XAUUSD	M5	4220.50000	4216.08000	4220.82000	4216.07000	786
1781324606	XAUUSD	M5	4220.71000	4220.52000	4225.96000	4219.15000	841
1781324906	XAUUSD	M5	4218.42000	4220.65000	4221.73000	4215.18000	760
1781325206	XAUUSD	M5	4217.86000	4218.45000	4218.79000	4213.92000	689
1781325506	XAUUSD	M5	4221.04000	4217.86000	4223.71000	4217.78000	752
1781325806	XAUUSD	M5	4218.86000	4221.04000	4221.33000	4216.86000	701
1781326106	XAUUSD	M5	4220.00000	4219.23000	4220.40000	4214.03000	745
1781326406	XAUUSD	M5	4218.48000	4220.00000	4221.26000	4217.59000	710
1781326706	XAUUSD	M5	4222.36000	4218.40000	4223.51000	4217.41000	708
1781327006	XAUUSD	M5	4223.31000	4222.41000	4225.08000	4221.99000	692
1781327306	XAUUSD	M5	4223.56000	4223.33000	4224.56000	4222.54000	656
1781327606	XAUUSD	M5	4221.31000	4223.48000	4223.63000	4219.77000	690
1781327906	XAUUSD	M5	4219.74000	4221.36000	4222.62000	4219.65000	722
1781328206	XAUUSD	M5	4220.71000	4219.80000	4220.93000	4218.27000	649
1781328506	XAUUSD	M5	4227.04000	4220.71000	4228.48000	4220.31000	705
1781328806	XAUUSD	M5	4229.40000	4227.02000	4229.69000	4225.24000	732
1781329106	XAUUSD	M5	4229.03000	4229.30000	4235.34000	4228.88000	733
1781329406	XAUUSD	M5	4226.53000	4229.01000	4229.26000	4224.48000	686
1781329706	XAUUSD	M5	4227.34000	4226.49000	4228.57000	4224.39000	664
1781330006	XAUUSD	M5	4226.39000	4227.35000	4227.53000	4225.40000	541
1781330306	XAUUSD	M5	4229.29000	4226.39000	4230.04000	4226.04000	580
1781330606	XAUUSD	M5	4222.90000	4229.27000	4229.27000	4222.68000	646
1781330906	XAUUSD	M5	4221.94000	4222.90000	4223.24000	4220.64000	552
1781331206	XAUUSD	M5	4215.52000	4221.98000	4222.26000	4214.16000	707
1781331506	XAUUSD	M5	4217.64000	4215.54000	4218.41000	4214.24000	675
1781331806	XAUUSD	M5	4217.63000	4217.64000	4218.58000	4215.45000	524
1781332106	XAUUSD	M5	4217.59000	4217.56000	4219.02000	4216.41000	542
1781332406	XAUUSD	M5	4215.06000	4217.59000	4217.59000	4213.64000	581
1781332706	XAUUSD	M5	4210.40000	4215.04000	4215.06000	4210.18000	563
1781333006	XAUUSD	M5	4208.53000	4210.39000	4211.53000	4207.86000	719
1781333306	XAUUSD	M5	4204.35000	4208.53000	4210.17000	4204.08000	777
1781333606	XAUUSD	M5	4205.36000	4204.32000	4208.39000	4201.87000	759
1781333906	XAUUSD	M5	4205.22000	4205.35000	4207.46000	4204.54000	678
1781334206	XAUUSD	M5	4207.12000	4205.22000	4208.09000	4203.74000	718
1781334506	XAUUSD	M5	4206.81000	4207.42000	4208.34000	4205.90000	653
1781334806	XAUUSD	M5	4210.77000	4206.90000	4211.24000	4205.54000	673
1781335106	XAUUSD	M5	4210.94000	4210.68000	4211.76000	4209.53000	512
1781335406	XAUUSD	M5	4211.15000	4210.91000	4212.05000	4209.75000	387
1781335706	XAUUSD	M5	4212.56000	4211.15000	4213.64000	4210.78000	359
1781336006	XAUUSD	M5	4214.40000	4212.64000	4214.41000	4212.36000	208
1781336306	XAUUSD	M5	4214.30000	4214.40000	4216.92000	4214.23000	275
1781336606	XAUUSD	M5	4214.43000	4214.30000	4215.21000	4213.72000	245
1781336906	XAUUSD	M5	4213.74000	4214.48000	4214.48000	4212.77000	256
1781337206	XAUUSD	M5	4214.06000	4213.74000	4214.45000	4212.54000	233
1781337506	XAUUSD	M5	4213.73000	4214.06000	4214.12000	4213.01000	210
1781337806	XAUUSD	M5	4215.05000	4213.89000	4215.43000	4212.59000	194
1781338106	XAUUSD	M5	4216.90000	4215.05000	4217.83000	4215.05000	305
1781338406	XAUUSD	M5	4218.91000	4216.90000	4219.13000	4216.44000	177
